Datetime,Open,High,Low,Close,M1_Count,Expected_M1,Missing_M1,Status,GapCause
2021-08-17 00:00:00,1787.424,1788.631,1784.347,1785.925,240,240,0,COMPLETE,
2021-08-17 04:00:00,1785.957,1795.275,1785.412,1792.837,240,240,0,COMPLETE,
2021-08-17 08:00:00,1792.867,1795.519,1790.925,1791.272,240,240,0,COMPLETE,
2021-08-17 12:00:00,1791.227,1794.55,1780.495,1782.677,237,240,3,UNEXPECTED_INCOMPLETE,UNEXPECTED
2021-08-17 16:00:00,1782.674,1786.2,1782.102,1785.082,240,240,0,COMPLETE,
2021-08-17 20:00:00,1785.03,1786.835,1784.661,1786.126,179,240,61,EXPECTED_INCOMPLETE,EXPECTED
2021-08-18 00:00:00,1786.121,1792.177,1785.033,1790.174,240,240,0,COMPLETE,
2021-08-18 04:00:00,1790.127,1793.685,1787.833,1790.115,240,240,0,COMPLETE,
2021-08-18 08:00:00,1790.152,1790.218,1782.827,1786.982,240,240,0,COMPLETE,
2021-08-18 12:00:00,1787.029,1791.17,1777.122,1783.819,240,240,0,COMPLETE,
2021-08-18 16:00:00,1783.82,1790.28,1780.408,1786.448,240,240,0,COMPLETE,
2021-08-18 20:00:00,1786.403,1788.833,1785.347,1787.381,179,240,61,EXPECTED_INCOMPLETE,EXPECTED
2021-08-19 00:00:00,1787.379,1787.399,1774.043,1779.879,240,240,0,COMPLETE,
2021-08-19 04:00:00,1779.876,1782.516,1775.533,1781.403,240,240,0,COMPLETE,
2021-08-19 08:00:00,1781.414,1790.081,1777.778,1786.85,240,240,0,COMPLETE,
2021-08-19 12:00:00,1786.846,1792.366,1777.18,1783.145,240,240,0,COMPLETE,
2021-08-19 16:00:00,1783.114,1783.178,1776.336,1780.991,240,240,0,COMPLETE,
2021-08-19 20:00:00,1780.985,1781.683,1778.744,1778.962,179,240,61,EXPECTED_INCOMPLETE,EXPECTED
2021-08-20 00:00:00,1778.97,1785.57,1778.921,1785.185,240,240,0,COMPLETE,
2021-08-20 04:00:00,1785.193,1788.339,1783.958,1785.336,240,240,0,COMPLETE,
2021-08-20 08:00:00,1785.382,1787.077,1779.759,1784.523,240,240,0,COMPLETE,
2021-08-20 12:00:00,1784.478,1786.627,1778.279,1784.875,240,240,0,COMPLETE,
2021-08-20 16:00:00,1784.879,1786.621,1781.655,1782.334,240,240,0,COMPLETE,
2021-08-20 20:00:00,1782.419,1782.419,1780.262,1781.235,59,240,181,EXPECTED_INCOMPLETE,EXPECTED
2021-08-21 00:00:00,,,,,0,240,240,SESSION_CLOSED_EXPECTED,EXPECTED
2021-08-21 04:00:00,,,,,0,240,240,SESSION_CLOSED_EXPECTED,EXPECTED
2021-08-21 08:00:00,,,,,0,240,240,SESSION_CLOSED_EXPECTED,EXPECTED
2021-08-21 12:00:00,,,,,0,240,240,SESSION_CLOSED_EXPECTED,EXPECTED
2021-08-21 16:00:00,,,,,0,240,240,SESSION_CLOSED_EXPECTED,EXPECTED
2021-08-21 20:00:00,,,,,0,240,240,SESSION_CLOSED_EXPECTED,EXPECTED
2021-08-22 00:00:00,,,,,0,240,240,SESSION_CLOSED_EXPECTED,EXPECTED
2021-08-22 04:00:00,,,,,0,240,240,SESSION_CLOSED_EXPECTED,EXPECTED
2021-08-22 08:00:00,,,,,0,240,240,SESSION_CLOSED_EXPECTED,EXPECTED
2021-08-22 12:00:00,,,,,0,240,240,SESSION_CLOSED_EXPECTED,EXPECTED
2021-08-22 16:00:00,,,,,0,240,240,SESSION_CLOSED_EXPECTED,EXPECTED
2021-08-22 20:00:00,1781.378,1782.284,1777.329,1778.626,116,240,124,EXPECTED_INCOMPLETE,EXPECTED
2021-08-23 00:00:00,1778.613,1788.616,1776.413,1786.901,240,240,0,COMPLETE,
2021-08-23 04:00:00,1786.903,1788.352,1784.273,1785.324,240,240,0,COMPLETE,
2021-08-23 08:00:00,1785.308,1793.01,1784.639,1790.796,240,240,0,COMPLETE,
2021-08-23 12:00:00,1790.798,1806.232,1789.795,1804.56,240,240,0,COMPLETE,
2021-08-23 16:00:00,1804.61,1805.494,1802.485,1803.665,240,240,0,COMPLETE,
2021-08-23 20:00:00,1803.711,1805.851,1803.429,1804.758,179,240,61,EXPECTED_INCOMPLETE,EXPECTED
2021-08-24 00:00:00,1804.712,1804.968,1800.768,1801.073,240,240,0,COMPLETE,
2021-08-24 04:00:00,1801.027,1805.01,1800.678,1801.853,240,240,0,COMPLETE,
2021-08-24 08:00:00,1801.9,1805.617,1800.68,1804.132,240,240,0,COMPLETE,
2021-08-24 12:00:00,1804.135,1809.502,1801.404,1806.578,240,240,0,COMPLETE,
2021-08-24 16:00:00,1806.577,1807.293,1803.069,1803.082,240,240,0,COMPLETE,
2021-08-24 20:00:00,1803.061,1803.886,1801.119,1801.705,179,240,61,EXPECTED_INCOMPLETE,EXPECTED
2021-08-25 00:00:00,1801.715,1802.593,1793.427,1794.795,240,240,0,COMPLETE,
2021-08-25 04:00:00,1794.794,1797.375,1791.726,1794.346,240,240,0,COMPLETE,
2021-08-25 08:00:00,1794.391,1796.193,1790.247,1794.175,239,240,1,UNEXPECTED_INCOMPLETE,UNEXPECTED
2021-08-25 12:00:00,1794.157,1797.666,1782.309,1789.045,240,240,0,COMPLETE,
2021-08-25 16:00:00,1789.105,1792.875,1788.268,1790.779,240,240,0,COMPLETE,
2021-08-25 20:00:00,1790.734,1791.52,1789.776,1791.52,179,240,61,EXPECTED_INCOMPLETE,EXPECTED
2021-08-26 00:00:00,1791.518,1791.867,1787.198,1787.852,240,240,0,COMPLETE,
2021-08-26 04:00:00,1787.839,1788.234,1783.48,1786.927,240,240,0,COMPLETE,
2021-08-26 08:00:00,1786.934,1790.171,1783.264,1788.453,240,240,0,COMPLETE,
2021-08-26 12:00:00,1788.407,1798.112,1779.77,1793.039,240,240,0,COMPLETE,
2021-08-26 16:00:00,1792.99,1794.114,1790.146,1792.641,240,240,0,COMPLETE,
2021-08-26 20:00:00,1792.625,1793.65,1791.179,1793.451,179,240,61,EXPECTED_INCOMPLETE,EXPECTED
2021-08-27 00:00:00,1793.4,1799.16,1792.865,1798.022,240,240,0,COMPLETE,
2021-08-27 04:00:00,1798.067,1804.995,1797.611,1801.521,240,240,0,COMPLETE,
2021-08-27 08:00:00,1801.506,1801.63,1792.439,1796.552,240,240,0,COMPLETE,
2021-08-27 12:00:00,1796.597,1813.275,1784.41,1812.896,240,240,0,COMPLETE,
2021-08-27 16:00:00,1812.942,1819.125,1812.754,1818.982,240,240,0,COMPLETE,
2021-08-27 20:00:00,1818.976,1819.008,1816.76,1816.778,59,240,181,EXPECTED_INCOMPLETE,EXPECTED
2021-08-28 00:00:00,,,,,0,240,240,SESSION_CLOSED_EXPECTED,EXPECTED
2021-08-28 04:00:00,,,,,0,240,240,SESSION_CLOSED_EXPECTED,EXPECTED
2021-08-28 08:00:00,,,,,0,240,240,SESSION_CLOSED_EXPECTED,EXPECTED
2021-08-28 12:00:00,,,,,0,240,240,SESSION_CLOSED_EXPECTED,EXPECTED
2021-08-28 16:00:00,,,,,0,240,240,SESSION_CLOSED_EXPECTED,EXPECTED
2021-08-28 20:00:00,,,,,0,240,240,SESSION_CLOSED_EXPECTED,EXPECTED
2021-08-29 00:00:00,,,,,0,240,240,SESSION_CLOSED_EXPECTED,EXPECTED
2021-08-29 04:00:00,,,,,0,240,240,SESSION_CLOSED_EXPECTED,EXPECTED
2021-08-29 08:00:00,,,,,0,240,240,SESSION_CLOSED_EXPECTED,EXPECTED
2021-08-29 12:00:00,,,,,0,240,240,SESSION_CLOSED_EXPECTED,EXPECTED
2021-08-29 16:00:00,,,,,0,240,240,SESSION_CLOSED_EXPECTED,EXPECTED
2021-08-29 20:00:00,1817.936,1819.111,1817.133,1818.39,116,240,124,EXPECTED_INCOMPLETE,EXPECTED
2021-08-30 00:00:00,1818.386,1823.157,1813.299,1815.036,240,240,0,COMPLETE,
2021-08-30 04:00:00,1814.984,1818.064,1812.687,1815.012,240,240,0,COMPLETE,
2021-08-30 08:00:00,1815.008,1817.745,1813.688,1817.098,240,240,0,COMPLETE,
2021-08-30 12:00:00,1817.141,1817.737,1809.049,1810.103,240,240,0,COMPLETE,
2021-08-30 16:00:00,1810.1,1811.199,1807.65,1810.525,240,240,0,COMPLETE,
2021-08-30 20:00:00,1810.476,1811.065,1809.345,1810.386,179,240,61,EXPECTED_INCOMPLETE,EXPECTED
2021-08-31 00:00:00,1810.341,1815.736,1809.685,1815.689,240,240,0,COMPLETE,
2021-08-31 04:00:00,1815.695,1819.047,1814.3,1815.278,240,240,0,COMPLETE,
2021-08-31 08:00:00,1815.273,1816.907,1811.878,1812.636,240,240,0,COMPLETE,
2021-08-31 12:00:00,1812.605,1815.736,1801.544,1807.78,240,240,0,COMPLETE,
2021-08-31 16:00:00,1807.827,1816.327,1807.443,1814.71,240,240,0,COMPLETE,
2021-08-31 20:00:00,1814.654,1815.477,1813.576,1814.435,179,240,61,EXPECTED_INCOMPLETE,EXPECTED
2021-09-01 00:00:00,1814.426,1815.444,1810.214,1815.219,240,240,0,COMPLETE,
2021-09-01 04:00:00,1815.174,1816.886,1811.032,1811.289,240,240,0,COMPLETE,
2021-09-01 08:00:00,1811.24,1814.422,1809.25,1812.892,240,240,0,COMPLETE,
2021-09-01 12:00:00,1812.881,1819.911,1808.588,1815.325,240,240,0,COMPLETE,
2021-09-01 16:00:00,1815.278,1816.404,1811.888,1814.663,240,240,0,COMPLETE,
2021-09-01 20:00:00,1814.708,1814.708,1812.75,1813.02,179,240,61,EXPECTED_INCOMPLETE,EXPECTED
2021-09-02 00:00:00,1813.018,1815.983,1811.079,1811.105,240,240,0,COMPLETE,
2021-09-02 04:00:00,1811.058,1815.19,1810.596,1814.66,240,240,0,COMPLETE,
2021-09-02 08:00:00,1814.664,1817.008,1813.061,1815.43,240,240,0,COMPLETE,
2021-09-02 12:00:00,1815.383,1816.255,1804.63,1808.91,240,240,0,COMPLETE,
2021-09-02 16:00:00,1808.863,1810.963,1806.926,1809.729,240,240,0,COMPLETE,
2021-09-02 20:00:00,1809.715,1810.179,1808.956,1809.364,179,240,61,EXPECTED_INCOMPLETE,EXPECTED
2021-09-03 00:00:00,1809.362,1814.758,1808.878,1812.54,240,240,0,COMPLETE,
2021-09-03 04:00:00,1812.538,1814.344,1810.592,1811.127,240,240,0,COMPLETE,
2021-09-03 08:00:00,1811.135,1815.3,1811.025,1814.609,240,240,0,COMPLETE,
2021-09-03 12:00:00,1814.606,1833.859,1813.061,1829.256,240,240,0,COMPLETE,
2021-09-03 16:00:00,1829.21,1832.694,1828.02,1828.498,240,240,0,COMPLETE,
2021-09-03 20:00:00,1828.452,1828.834,1827.186,1827.573,59,240,181,EXPECTED_INCOMPLETE,EXPECTED
2021-09-04 00:00:00,,,,,0,240,240,SESSION_CLOSED_EXPECTED,EXPECTED
2021-09-04 04:00:00,,,,,0,240,240,SESSION_CLOSED_EXPECTED,EXPECTED
2021-09-04 08:00:00,,,,,0,240,240,SESSION_CLOSED_EXPECTED,EXPECTED
2021-09-04 12:00:00,,,,,0,240,240,SESSION_CLOSED_EXPECTED,EXPECTED
2021-09-04 16:00:00,,,,,0,240,240,SESSION_CLOSED_EXPECTED,EXPECTED
2021-09-04 20:00:00,,,,,0,240,240,SESSION_CLOSED_EXPECTED,EXPECTED
2021-09-05 00:00:00,,,,,0,240,240,SESSION_CLOSED_EXPECTED,EXPECTED
2021-09-05 04:00:00,,,,,0,240,240,SESSION_CLOSED_EXPECTED,EXPECTED
2021-09-05 08:00:00,,,,,0,240,240,SESSION_CLOSED_EXPECTED,EXPECTED
2021-09-05 12:00:00,,,,,0,240,240,SESSION_CLOSED_EXPECTED,EXPECTED
2021-09-05 16:00:00,,,,,0,240,240,SESSION_CLOSED_EXPECTED,EXPECTED
2021-09-05 20:00:00,1828.089,1830.149,1827.417,1827.555,116,240,124,EXPECTED_INCOMPLETE,EXPECTED
2021-09-06 00:00:00,1827.545,1828.416,1825.085,1825.747,240,240,0,COMPLETE,
2021-09-06 04:00:00,1825.749,1828.205,1825.427,1825.947,240,240,0,COMPLETE,
2021-09-06 08:00:00,1825.901,1826.868,1822.712,1823.762,240,240,0,COMPLETE,
2021-09-06 12:00:00,1823.809,1824.105,1821.315,1821.889,240,240,0,COMPLETE,
2021-09-06 16:00:00,1821.842,1823.49,1821.842,1823.089,65,240,175,UNEXPECTED_INCOMPLETE,UNEXPECTED
2021-09-06 20:00:00,1823.809,1824.069,1821.892,1823.518,119,240,121,UNEXPECTED_INCOMPLETE,UNEXPECTED
2021-09-07 00:00:00,1823.52,1827.179,1822.572,1823.066,240,240,0,COMPLETE,
2021-09-07 04:00:00,1823.069,1823.204,1815.488,1817.571,240,240,0,COMPLETE,
2021-09-07 08:00:00,1817.545,1817.596,1808.264,1810.888,240,240,0,COMPLETE,
2021-09-07 12:00:00,1810.841,1814.943,1792.28,1797.234,240,240,0,COMPLETE,
2021-09-07 16:00:00,1797.28,1798.768,1792.991,1793.467,240,240,0,COMPLETE,
2021-09-07 20:00:00,1793.474,1795.721,1793.235,1795.591,178,240,62,UNEXPECTED_INCOMPLETE,EXPECTED|UNEXPECTED
2021-09-08 00:00:00,1795.589,1800.927,1795.36,1798.031,240,240,0,COMPLETE,
2021-09-08 04:00:00,1798.042,1801.159,1794.183,1798.813,240,240,0,COMPLETE,
2021-09-08 08:00:00,1798.858,1799.784,1796.3,1796.873,240,240,0,COMPLETE,
2021-09-08 12:00:00,1796.92,1802.087,1782.3,1791.842,240,240,0,COMPLETE,
2021-09-08 16:00:00,1791.888,1793.435,1788.494,1788.629,240,240,0,COMPLETE,
2021-09-08 20:00:00,1788.584,1790.779,1788.555,1790.691,179,240,61,EXPECTED_INCOMPLETE,EXPECTED
2021-09-09 00:00:00,1790.683,1790.694,1787.079,1788.227,240,240,0,COMPLETE,
2021-09-09 04:00:00,1788.261,1792.796,1786.594,1792.295,240,240,0,COMPLETE,
2021-09-09 08:00:00,1792.249,1800.893,1792.061,1798.888,240,240,0,COMPLETE,
2021-09-09 12:00:00,1798.934,1799.899,1783.752,1792.272,240,240,0,COMPLETE,
2021-09-09 16:00:00,1792.305,1799.056,1790.818,1795.982,240,240,0,COMPLETE,
2021-09-09 20:00:00,1795.937,1796.327,1792.484,1794.695,179,240,61,EXPECTED_INCOMPLETE,EXPECTED
2021-09-10 00:00:00,1794.67,1799.835,1792.616,1798.039,240,240,0,COMPLETE,
2021-09-10 04:00:00,1798.055,1803.772,1796.125,1801.597,240,240,0,COMPLETE,
2021-09-10 08:00:00,1801.6,1803.278,1792.919,1797.605,240,240,0,COMPLETE,
2021-09-10 12:00:00,1797.56,1800.453,1789.44,1792.723,240,240,0,COMPLETE,
2021-09-10 16:00:00,1792.753,1793.599,1787.08,1787.733,240,240,0,COMPLETE,
2021-09-10 20:00:00,1787.727,1788.69,1787.39,1787.614,59,240,181,EXPECTED_INCOMPLETE,EXPECTED
2021-09-11 00:00:00,,,,,0,240,240,SESSION_CLOSED_EXPECTED,EXPECTED
2021-09-11 04:00:00,,,,,0,240,240,SESSION_CLOSED_EXPECTED,EXPECTED
2021-09-11 08:00:00,,,,,0,240,240,SESSION_CLOSED_EXPECTED,EXPECTED
2021-09-11 12:00:00,,,,,0,240,240,SESSION_CLOSED_EXPECTED,EXPECTED
2021-09-11 16:00:00,,,,,0,240,240,SESSION_CLOSED_EXPECTED,EXPECTED
2021-09-11 20:00:00,,,,,0,240,240,SESSION_CLOSED_EXPECTED,EXPECTED
2021-09-12 00:00:00,,,,,0,240,240,SESSION_CLOSED_EXPECTED,EXPECTED
2021-09-12 04:00:00,,,,,0,240,240,SESSION_CLOSED_EXPECTED,EXPECTED
2021-09-12 08:00:00,,,,,0,240,240,SESSION_CLOSED_EXPECTED,EXPECTED
2021-09-12 12:00:00,,,,,0,240,240,SESSION_CLOSED_EXPECTED,EXPECTED
2021-09-12 16:00:00,,,,,0,240,240,SESSION_CLOSED_EXPECTED,EXPECTED
2021-09-12 20:00:00,1787.288,1788.683,1786.96,1787.298,116,240,124,EXPECTED_INCOMPLETE,EXPECTED
2021-09-13 00:00:00,1787.29,1792.534,1783.302,1792.314,240,240,0,COMPLETE,
2021-09-13 04:00:00,1792.345,1793.585,1786.93,1789.908,240,240,0,COMPLETE,
2021-09-13 08:00:00,1789.91,1791.287,1787.595,1789.795,240,240,0,COMPLETE,
2021-09-13 12:00:00,1789.846,1798.314,1785.117,1795.245,240,240,0,COMPLETE,
2021-09-13 16:00:00,1795.248,1795.478,1790.972,1793.16,240,240,0,COMPLETE,
2021-09-13 20:00:00,1793.114,1793.608,1792.455,1792.955,179,240,61,EXPECTED_INCOMPLETE,EXPECTED
2021-09-14 00:00:00,1792.956,1793.216,1789.638,1791.017,240,240,0,COMPLETE,
2021-09-14 04:00:00,1791.006,1794.764,1790.134,1790.584,240,240,0,COMPLETE,
2021-09-14 08:00:00,1790.573,1790.611,1781.812,1784.329,240,240,0,COMPLETE,
2021-09-14 12:00:00,1784.35,1808.59,1780.279,1805.702,240,240,0,COMPLETE,
2021-09-14 16:00:00,1805.75,1806.532,1802.873,1805.101,240,240,0,COMPLETE,
2021-09-14 20:00:00,1805.104,1805.316,1803.466,1803.691,179,240,61,EXPECTED_INCOMPLETE,EXPECTED
2021-09-15 00:00:00,1803.701,1804.56,1801.308,1803.381,240,240,0,COMPLETE,
2021-09-15 04:00:00,1803.362,1804.227,1799.558,1801.827,240,240,0,COMPLETE,
2021-09-15 08:00:00,1801.833,1803.327,1798.842,1802.03,240,240,0,COMPLETE,
2021-09-15 12:00:00,1802.076,1806.763,1791.246,1793.782,240,240,0,COMPLETE,
2021-09-15 16:00:00,1793.774,1794.253,1790.604,1794.144,240,240,0,COMPLETE,
2021-09-15 20:00:00,1794.176,1795.651,1793.093,1795.002,179,240,61,EXPECTED_INCOMPLETE,EXPECTED
2021-09-16 00:00:00,1794.956,1796.083,1790.969,1791.351,240,240,0,COMPLETE,
2021-09-16 04:00:00,1791.33,1792.12,1782.669,1785.805,240,240,0,COMPLETE,
2021-09-16 08:00:00,1785.838,1786.488,1771.094,1771.224,240,240,0,COMPLETE,
2021-09-16 12:00:00,1771.193,1773.173,1745.019,1754.75,240,240,0,COMPLETE,
2021-09-16 16:00:00,1754.72,1757.1,1753.092,1754.307,240,240,0,COMPLETE,
2021-09-16 20:00:00,1754.276,1754.643,1751.54,1753.842,179,240,61,EXPECTED_INCOMPLETE,EXPECTED
2021-09-17 00:00:00,1753.841,1759.42,1753.802,1757.987,240,240,0,COMPLETE,
2021-09-17 04:00:00,1757.955,1765.385,1757.77,1761.409,240,240,0,COMPLETE,
2021-09-17 08:00:00,1761.439,1767.452,1758.207,1759.87,240,240,0,COMPLETE,
2021-09-17 12:00:00,1759.894,1763.389,1747.306,1752.658,240,240,0,COMPLETE,
2021-09-17 16:00:00,1752.626,1754.393,1750.047,1751.518,240,240,0,COMPLETE,
2021-09-17 20:00:00,1751.535,1754.605,1751.439,1754.536,59,240,181,EXPECTED_INCOMPLETE,EXPECTED
2021-09-18 00:00:00,,,,,0,240,240,SESSION_CLOSED_EXPECTED,EXPECTED
2021-09-18 04:00:00,,,,,0,240,240,SESSION_CLOSED_EXPECTED,EXPECTED
2021-09-18 08:00:00,,,,,0,240,240,SESSION_CLOSED_EXPECTED,EXPECTED
2021-09-18 12:00:00,,,,,0,240,240,SESSION_CLOSED_EXPECTED,EXPECTED
2021-09-18 16:00:00,,,,,0,240,240,SESSION_CLOSED_EXPECTED,EXPECTED
2021-09-18 20:00:00,,,,,0,240,240,SESSION_CLOSED_EXPECTED,EXPECTED
2021-09-19 00:00:00,,,,,0,240,240,SESSION_CLOSED_EXPECTED,EXPECTED
2021-09-19 04:00:00,,,,,0,240,240,SESSION_CLOSED_EXPECTED,EXPECTED
2021-09-19 08:00:00,,,,,0,240,240,SESSION_CLOSED_EXPECTED,EXPECTED
2021-09-19 12:00:00,,,,,0,240,240,SESSION_CLOSED_EXPECTED,EXPECTED
2021-09-19 16:00:00,,,,,0,240,240,SESSION_CLOSED_EXPECTED,EXPECTED
2021-09-19 20:00:00,1754.698,1755.162,1751.188,1754.121,116,240,124,EXPECTED_INCOMPLETE,EXPECTED
2021-09-20 00:00:00,1754.118,1754.545,1741.681,1746.25,240,240,0,COMPLETE,
2021-09-20 04:00:00,1746.259,1754.774,1744.99,1754.268,240,240,0,COMPLETE,
2021-09-20 08:00:00,1754.242,1760.113,1753.044,1755.727,240,240,0,COMPLETE,
2021-09-20 12:00:00,1755.729,1766.923,1754.455,1761.956,240,240,0,COMPLETE,
2021-09-20 16:00:00,1761.989,1764.891,1759.128,1763.764,240,240,0,COMPLETE,
2021-09-20 20:00:00,1763.795,1765.503,1763.573,1764.948,179,240,61,EXPECTED_INCOMPLETE,EXPECTED
2021-09-21 00:00:00,1764.917,1766.039,1761.675,1761.89,240,240,0,COMPLETE,
2021-09-21 04:00:00,1761.859,1763.713,1757.869,1760.629,240,240,0,COMPLETE,
2021-09-21 08:00:00,1760.662,1768.316,1759.266,1767.877,240,240,0,COMPLETE,
2021-09-21 12:00:00,1767.908,1781.613,1766.632,1777.365,240,240,0,COMPLETE,
2021-09-21 16:00:00,1777.342,1778.199,1774.181,1775.244,240,240,0,COMPLETE,
2021-09-21 20:00:00,1775.212,1775.381,1773.862,1774.882,179,240,61,EXPECTED_INCOMPLETE,EXPECTED
2021-09-22 00:00:00,1774.886,1779.159,1772.271,1777.579,240,240,0,COMPLETE,
2021-09-22 04:00:00,1777.611,1780.254,1775.81,1777.127,240,240,0,COMPLETE,
2021-09-22 08:00:00,1777.135,1777.843,1772.06,1772.508,240,240,0,COMPLETE,
2021-09-22 12:00:00,1772.509,1779.308,1771.424,1777.989,240,240,0,COMPLETE,
2021-09-22 16:00:00,1777.991,1787.164,1764.582,1768.591,240,240,0,COMPLETE,
2021-09-22 20:00:00,1768.56,1769.42,1766.258,1766.952,179,240,61,EXPECTED_INCOMPLETE,EXPECTED
2021-09-23 00:00:00,1766.984,1767.647,1760.736,1764.105,240,240,0,COMPLETE,
2021-09-23 04:00:00,1764.088,1767.177,1760.195,1766.755,240,240,0,COMPLETE,
2021-09-23 08:00:00,1766.766,1776.51,1765.562,1773.229,240,240,0,COMPLETE,
2021-09-23 12:00:00,1773.198,1774.137,1745.817,1751.817,240,240,0,COMPLETE,
2021-09-23 16:00:00,1751.85,1753.187,1747.678,1748.695,240,240,0,COMPLETE,
2021-09-23 20:00:00,1748.664,1748.664,1737.392,1746.198,179,240,61,EXPECTED_INCOMPLETE,EXPECTED
2021-09-24 00:00:00,1746.201,1752.755,1745.774,1752.199,240,240,0,COMPLETE,
2021-09-24 04:00:00,1752.201,1756.484,1750.221,1754.791,240,240,0,COMPLETE,
2021-09-24 08:00:00,1754.794,1757.561,1749.47,1749.47,240,240,0,COMPLETE,
2021-09-24 12:00:00,1749.439,1753.874,1740.411,1752.588,240,240,0,COMPLETE,
2021-09-24 16:00:00,1752.587,1753.725,1745.948,1746.7,240,240,0,COMPLETE,
2021-09-24 20:00:00,1746.67,1750.653,1746.367,1750.494,59,240,181,EXPECTED_INCOMPLETE,EXPECTED
2021-09-25 00:00:00,,,,,0,240,240,SESSION_CLOSED_EXPECTED,EXPECTED
2021-09-25 04:00:00,,,,,0,240,240,SESSION_CLOSED_EXPECTED,EXPECTED
2021-09-25 08:00:00,,,,,0,240,240,SESSION_CLOSED_EXPECTED,EXPECTED
2021-09-25 12:00:00,,,,,0,240,240,SESSION_CLOSED_EXPECTED,EXPECTED
2021-09-25 16:00:00,,,,,0,240,240,SESSION_CLOSED_EXPECTED,EXPECTED
2021-09-25 20:00:00,,,,,0,240,240,SESSION_CLOSED_EXPECTED,EXPECTED
2021-09-26 00:00:00,,,,,0,240,240,SESSION_CLOSED_EXPECTED,EXPECTED
2021-09-26 04:00:00,,,,,0,240,240,SESSION_CLOSED_EXPECTED,EXPECTED
2021-09-26 08:00:00,,,,,0,240,240,SESSION_CLOSED_EXPECTED,EXPECTED
2021-09-26 12:00:00,,,,,0,240,240,SESSION_CLOSED_EXPECTED,EXPECTED
2021-09-26 16:00:00,,,,,0,240,240,SESSION_CLOSED_EXPECTED,EXPECTED
2021-09-26 20:00:00,1750.033,1750.774,1748.214,1749.464,116,240,124,EXPECTED_INCOMPLETE,EXPECTED
2021-09-27 00:00:00,1749.495,1760.795,1749.16,1759.254,240,240,0,COMPLETE,
2021-09-27 04:00:00,1759.259,1760.682,1753.827,1753.827,240,240,0,COMPLETE,
2021-09-27 08:00:00,1753.858,1755.075,1744.808,1748.213,240,240,0,COMPLETE,
2021-09-27 12:00:00,1748.237,1757.806,1748.098,1751.078,240,240,0,COMPLETE,
2021-09-27 16:00:00,1751.063,1753.987,1749.82,1750.32,240,240,0,COMPLETE,
2021-09-27 20:00:00,1750.29,1751.631,1749.827,1751.211,179,240,61,EXPECTED_INCOMPLETE,EXPECTED
2021-09-28 00:00:00,1751.215,1754.411,1747.162,1749.802,240,240,0,COMPLETE,
2021-09-28 04:00:00,1749.78,1751.812,1735.335,1743.804,240,240,0,COMPLETE,
2021-09-28 08:00:00,1743.774,1744.553,1731.773,1734.39,240,240,0,COMPLETE,
2021-09-28 12:00:00,1734.375,1741.19,1728.069,1736.528,240,240,0,COMPLETE,
2021-09-28 16:00:00,1736.558,1739.039,1732.778,1733.413,240,240,0,COMPLETE,
2021-09-28 20:00:00,1733.382,1735.318,1732.778,1735.3,179,240,61,EXPECTED_INCOMPLETE,EXPECTED
2021-09-29 00:00:00,1735.309,1741.316,1733.289,1740.533,240,240,0,COMPLETE,
2021-09-29 04:00:00,1740.54,1741.946,1736.699,1740.067,240,240,0,COMPLETE,
2021-09-29 08:00:00,1740.099,1745.472,1738.275,1743.513,240,240,0,COMPLETE,
2021-09-29 12:00:00,1743.481,1743.545,1725.449,1730.672,240,240,0,COMPLETE,
2021-09-29 16:00:00,1730.65,1730.796,1721.571,1725.733,240,240,0,COMPLETE,
2021-09-29 20:00:00,1725.763,1729.249,1725.089,1728.823,179,240,61,EXPECTED_INCOMPLETE,EXPECTED
2021-09-30 00:00:00,1728.854,1734.833,1728.796,1732.926,240,240,0,COMPLETE,
2021-09-30 04:00:00,1732.896,1733.567,1726.221,1731.712,240,240,0,COMPLETE,
2021-09-30 08:00:00,1731.681,1733.965,1722.212,1725.929,240,240,0,COMPLETE,
2021-09-30 12:00:00,1725.953,1764.08,1725.201,1757.973,240,240,0,COMPLETE,
2021-09-30 16:00:00,1758.004,1760.271,1754.524,1755.818,240,240,0,COMPLETE,
2021-09-30 20:00:00,1755.849,1757.65,1752.849,1753.077,179,240,61,EXPECTED_INCOMPLETE,EXPECTED
2021-10-01 00:00:00,1753.07,1756.846,1750.587,1753.988,240,240,0,COMPLETE,
2021-10-01 04:00:00,1753.981,1757.208,1750.85,1753.082,240,240,0,COMPLETE,
2021-10-01 08:00:00,1753.112,1756.651,1751.271,1754.503,240,240,0,COMPLETE,
2021-10-01 12:00:00,1754.534,1764.191,1749.685,1761.584,240,240,0,COMPLETE,
2021-10-01 16:00:00,1761.614,1762.744,1757.203,1759.999,240,240,0,COMPLETE,
2021-10-01 20:00:00,1759.951,1760.855,1759.268,1760.466,59,240,181,EXPECTED_INCOMPLETE,EXPECTED
2021-10-02 00:00:00,,,,,0,240,240,SESSION_CLOSED_EXPECTED,EXPECTED
2021-10-02 04:00:00,,,,,0,240,240,SESSION_CLOSED_EXPECTED,EXPECTED
2021-10-02 08:00:00,,,,,0,240,240,SESSION_CLOSED_EXPECTED,EXPECTED
2021-10-02 12:00:00,,,,,0,240,240,SESSION_CLOSED_EXPECTED,EXPECTED
2021-10-02 16:00:00,,,,,0,240,240,SESSION_CLOSED_EXPECTED,EXPECTED
2021-10-02 20:00:00,,,,,0,240,240,SESSION_CLOSED_EXPECTED,EXPECTED
2021-10-03 00:00:00,,,,,0,240,240,SESSION_CLOSED_EXPECTED,EXPECTED
2021-10-03 04:00:00,,,,,0,240,240,SESSION_CLOSED_EXPECTED,EXPECTED
2021-10-03 08:00:00,,,,,0,240,240,SESSION_CLOSED_EXPECTED,EXPECTED
2021-10-03 12:00:00,,,,,0,240,240,SESSION_CLOSED_EXPECTED,EXPECTED
2021-10-03 16:00:00,,,,,0,240,240,SESSION_CLOSED_EXPECTED,EXPECTED
2021-10-03 20:00:00,1760.954,1765.195,1760.954,1763.152,116,240,124,EXPECTED_INCOMPLETE,EXPECTED
2021-10-04 00:00:00,1763.151,1765.657,1757.74,1758.752,240,240,0,COMPLETE,
2021-10-04 04:00:00,1758.749,1762.619,1752.958,1753.387,240,240,0,COMPLETE,
2021-10-04 08:00:00,1753.418,1755.395,1747.675,1753.437,240,240,0,COMPLETE,
2021-10-04 12:00:00,1753.474,1770.487,1748.223,1765.445,240,240,0,COMPLETE,
2021-10-04 16:00:00,1765.475,1770.183,1763.571,1768.725,240,240,0,COMPLETE,
2021-10-04 20:00:00,1768.755,1769.392,1767.365,1768.073,179,240,61,EXPECTED_INCOMPLETE,EXPECTED
2021-10-05 00:00:00,1768.042,1768.32,1759.427,1759.934,240,240,0,COMPLETE,
2021-10-05 04:00:00,1759.943,1760.917,1754.953,1759.215,240,240,0,COMPLETE,
2021-10-05 08:00:00,1759.221,1760.119,1753.523,1757.019,240,240,0,COMPLETE,
2021-10-05 12:00:00,1757.052,1761.365,1748.561,1760.813,240,240,0,COMPLETE,
2021-10-05 16:00:00,1760.809,1762.981,1757.989,1760.175,240,240,0,COMPLETE,
2021-10-05 20:00:00,1760.144,1760.375,1759.008,1759.287,179,240,61,EXPECTED_INCOMPLETE,EXPECTED
2021-10-06 00:00:00,1759.285,1759.354,1754.156,1755.572,240,240,0,COMPLETE,
2021-10-06 04:00:00,1755.602,1755.64,1747.163,1747.8,240,240,0,COMPLETE,
2021-10-06 08:00:00,1747.82,1756.806,1745.822,1754.341,240,240,0,COMPLETE,
2021-10-06 12:00:00,1754.378,1764.229,1753.477,1762.017,240,240,0,COMPLETE,
2021-10-06 16:00:00,1762.013,1765.063,1760.375,1764.391,240,240,0,COMPLETE,
2021-10-06 20:00:00,1764.424,1764.775,1762.24,1763.946,178,240,62,UNEXPECTED_INCOMPLETE,EXPECTED|UNEXPECTED
2021-10-07 00:00:00,1763.913,1764.166,1757.7,1760.119,240,240,0,COMPLETE,
2021-10-07 04:00:00,1760.121,1766.891,1756.009,1765.954,240,240,0,COMPLETE,
2021-10-07 08:00:00,1765.965,1766.037,1758.117,1761.394,240,240,0,COMPLETE,
2021-10-07 12:00:00,1761.425,1763.161,1751.935,1758.346,240,240,0,COMPLETE,
2021-10-07 16:00:00,1758.378,1759.88,1754.735,1755.497,240,240,0,COMPLETE,
2021-10-07 20:00:00,1755.467,1758.03,1754.238,1755.094,178,240,62,UNEXPECTED_INCOMPLETE,EXPECTED|UNEXPECTED
2021-10-08 00:00:00,1755.097,1760.492,1753.32,1759.262,240,240,0,COMPLETE,
2021-10-08 04:00:00,1759.259,1760.268,1754.338,1756.327,240,240,0,COMPLETE,
2021-10-08 08:00:00,1756.337,1763.195,1754.935,1761.677,240,240,0,COMPLETE,
2021-10-08 12:00:00,1761.71,1781.292,1755.483,1758.574,240,240,0,COMPLETE,
2021-10-08 16:00:00,1758.577,1760.16,1756.529,1756.957,240,240,0,COMPLETE,
2021-10-08 20:00:00,1756.991,1757.286,1755.95,1757.212,59,240,181,EXPECTED_INCOMPLETE,EXPECTED
2021-10-09 00:00:00,,,,,0,240,240,SESSION_CLOSED_EXPECTED,EXPECTED
2021-10-09 04:00:00,,,,,0,240,240,SESSION_CLOSED_EXPECTED,EXPECTED
2021-10-09 08:00:00,,,,,0,240,240,SESSION_CLOSED_EXPECTED,EXPECTED
2021-10-09 12:00:00,,,,,0,240,240,SESSION_CLOSED_EXPECTED,EXPECTED
2021-10-09 16:00:00,,,,,0,240,240,SESSION_CLOSED_EXPECTED,EXPECTED
2021-10-09 20:00:00,,,,,0,240,240,SESSION_CLOSED_EXPECTED,EXPECTED
2021-10-10 00:00:00,,,,,0,240,240,SESSION_CLOSED_EXPECTED,EXPECTED
2021-10-10 04:00:00,,,,,0,240,240,SESSION_CLOSED_EXPECTED,EXPECTED
2021-10-10 08:00:00,,,,,0,240,240,SESSION_CLOSED_EXPECTED,EXPECTED
2021-10-10 12:00:00,,,,,0,240,240,SESSION_CLOSED_EXPECTED,EXPECTED
2021-10-10 16:00:00,,,,,0,240,240,SESSION_CLOSED_EXPECTED,EXPECTED
2021-10-10 20:00:00,1757.272,1757.764,1750.915,1753.953,116,240,124,EXPECTED_INCOMPLETE,EXPECTED
2021-10-11 00:00:00,1753.956,1760.948,1753.848,1755.423,240,240,0,COMPLETE,
2021-10-11 04:00:00,1755.427,1757.721,1753.416,1757.178,240,240,0,COMPLETE,
2021-10-11 08:00:00,1757.171,1757.174,1752.285,1754.846,240,240,0,COMPLETE,
2021-10-11 12:00:00,1754.879,1760.13,1750.128,1757.478,240,240,0,COMPLETE,
2021-10-11 16:00:00,1757.444,1757.697,1753.261,1753.281,240,240,0,COMPLETE,
2021-10-11 20:00:00,1753.309,1754.543,1752.546,1753.295,179,240,61,EXPECTED_INCOMPLETE,EXPECTED
2021-10-12 00:00:00,1753.334,1758.959,1750.573,1758.278,240,240,0,COMPLETE,
2021-10-12 04:00:00,1758.275,1762.582,1756.526,1756.715,240,240,0,COMPLETE,
2021-10-12 08:00:00,1756.684,1764.896,1756.432,1761.86,239,240,1,UNEXPECTED_INCOMPLETE,UNEXPECTED
2021-10-12 12:00:00,1761.83,1769.3,1753.938,1760.751,240,240,0,COMPLETE,
2021-10-12 16:00:00,1760.777,1761.87,1757.914,1761.303,240,240,0,COMPLETE,
2021-10-12 20:00:00,1761.272,1761.397,1759.781,1760.362,179,240,61,EXPECTED_INCOMPLETE,EXPECTED
2021-10-13 00:00:00,1760.331,1762.934,1759.508,1762.015,240,240,0,COMPLETE,
2021-10-13 04:00:00,1762.019,1765.698,1760.711,1765.022,240,240,0,COMPLETE,
2021-10-13 08:00:00,1765.023,1774.35,1764.994,1773.505,240,240,0,COMPLETE,
2021-10-13 12:00:00,1773.538,1795.969,1757.826,1794.43,240,240,0,COMPLETE,
2021-10-13 16:00:00,1794.429,1795.476,1790.605,1791.845,240,240,0,COMPLETE,
2021-10-13 20:00:00,1791.892,1793.588,1791.595,1791.652,179,240,61,EXPECTED_INCOMPLETE,EXPECTED
2021-10-14 00:00:00,1791.698,1793.578,1786.647,1788.54,240,240,0,COMPLETE,
2021-10-14 04:00:00,1788.535,1794.919,1788.202,1793.866,240,240,0,COMPLETE,
2021-10-14 08:00:00,1793.886,1800.406,1793.672,1795.541,240,240,0,COMPLETE,
2021-10-14 12:00:00,1795.495,1799.608,1793.709,1798.195,240,240,0,COMPLETE,
2021-10-14 16:00:00,1798.15,1799.078,1795.809,1796.505,240,240,0,COMPLETE,
2021-10-14 20:00:00,1796.51,1797.134,1794.735,1795.329,179,240,61,EXPECTED_INCOMPLETE,EXPECTED
2021-10-15 00:00:00,1795.327,1796.369,1793.78,1794.996,240,240,0,COMPLETE,
2021-10-15 04:00:00,1795.0,1795.258,1785.356,1786.653,240,240,0,COMPLETE,
2021-10-15 08:00:00,1786.71,1789.863,1777.208,1778.304,240,240,0,COMPLETE,
2021-10-15 12:00:00,1778.271,1778.976,1764.652,1768.396,240,240,0,COMPLETE,
2021-10-15 16:00:00,1768.363,1769.315,1766.529,1768.267,240,240,0,COMPLETE,
2021-10-15 20:00:00,1768.298,1768.488,1766.684,1767.427,59,240,181,EXPECTED_INCOMPLETE,EXPECTED
2021-10-16 00:00:00,,,,,0,240,240,SESSION_CLOSED_EXPECTED,EXPECTED
2021-10-16 04:00:00,,,,,0,240,240,SESSION_CLOSED_EXPECTED,EXPECTED
2021-10-16 08:00:00,,,,,0,240,240,SESSION_CLOSED_EXPECTED,EXPECTED
2021-10-16 12:00:00,,,,,0,240,240,SESSION_CLOSED_EXPECTED,EXPECTED
2021-10-16 16:00:00,,,,,0,240,240,SESSION_CLOSED_EXPECTED,EXPECTED
2021-10-16 20:00:00,,,,,0,240,240,SESSION_CLOSED_EXPECTED,EXPECTED
2021-10-17 00:00:00,,,,,0,240,240,SESSION_CLOSED_EXPECTED,EXPECTED
2021-10-17 04:00:00,,,,,0,240,240,SESSION_CLOSED_EXPECTED,EXPECTED
2021-10-17 08:00:00,,,,,0,240,240,SESSION_CLOSED_EXPECTED,EXPECTED
2021-10-17 12:00:00,,,,,0,240,240,SESSION_CLOSED_EXPECTED,EXPECTED
2021-10-17 16:00:00,,,,,0,240,240,SESSION_CLOSED_EXPECTED,EXPECTED
2021-10-17 20:00:00,1766.961,1772.013,1764.565,1770.952,116,240,124,EXPECTED_INCOMPLETE,EXPECTED
2021-10-18 00:00:00,1770.983,1772.007,1767.304,1767.699,240,240,0,COMPLETE,
2021-10-18 04:00:00,1767.698,1769.449,1761.689,1764.371,240,240,0,COMPLETE,
2021-10-18 08:00:00,1764.373,1766.805,1760.276,1763.067,240,240,0,COMPLETE,
2021-10-18 12:00:00,1763.097,1771.125,1761.518,1767.78,240,240,0,COMPLETE,
2021-10-18 16:00:00,1767.811,1767.844,1763.881,1764.102,240,240,0,COMPLETE,
2021-10-18 20:00:00,1764.064,1764.954,1762.886,1763.948,178,240,62,UNEXPECTED_INCOMPLETE,EXPECTED|UNEXPECTED
2021-10-19 00:00:00,1763.964,1774.948,1763.269,1774.748,240,240,0,COMPLETE,
2021-10-19 04:00:00,1774.746,1782.768,1773.696,1781.418,240,240,0,COMPLETE,
2021-10-19 08:00:00,1781.388,1782.893,1775.872,1780.484,240,240,0,COMPLETE,
2021-10-19 12:00:00,1780.454,1785.062,1769.339,1771.089,240,240,0,COMPLETE,
2021-10-19 16:00:00,1771.119,1771.444,1767.101,1770.119,240,240,0,COMPLETE,
2021-10-19 20:00:00,1770.128,1770.128,1768.171,1768.661,178,240,62,EXPECTED_INCOMPLETE,EXPECTED
2021-10-20 00:00:00,1768.664,1774.569,1766.839,1774.049,240,240,0,COMPLETE,
2021-10-20 04:00:00,1774.081,1777.986,1773.287,1776.636,240,240,0,COMPLETE,
2021-10-20 08:00:00,1776.638,1781.744,1776.457,1779.546,240,240,0,COMPLETE,
2021-10-20 12:00:00,1779.56,1788.368,1774.613,1783.514,240,240,0,COMPLETE,
2021-10-20 16:00:00,1783.508,1787.438,1782.966,1785.304,240,240,0,COMPLETE,
2021-10-20 20:00:00,1785.274,1785.812,1780.76,1781.408,178,240,62,EXPECTED_INCOMPLETE,EXPECTED
2021-10-21 00:00:00,1781.376,1789.316,1781.205,1786.353,240,240,0,COMPLETE,
2021-10-21 04:00:00,1786.351,1787.537,1780.766,1782.556,240,240,0,COMPLETE,
2021-10-21 08:00:00,1782.588,1787.859,1777.471,1778.285,240,240,0,COMPLETE,
2021-10-21 12:00:00,1778.318,1785.991,1776.245,1782.481,240,240,0,COMPLETE,
2021-10-21 16:00:00,1782.514,1784.748,1778.357,1783.911,240,240,0,COMPLETE,
2021-10-21 20:00:00,1783.945,1786.094,1781.979,1784.594,178,240,62,EXPECTED_INCOMPLETE,EXPECTED
2021-10-22 00:00:00,1784.561,1788.048,1783.51,1787.058,240,240,0,COMPLETE,
2021-10-22 04:00:00,1787.048,1794.373,1786.047,1793.107,240,240,0,COMPLETE,
2021-10-22 08:00:00,1793.079,1794.96,1790.413,1792.337,240,240,0,COMPLETE,
2021-10-22 12:00:00,1792.291,1813.56,1782.595,1785.796,240,240,0,COMPLETE,
2021-10-22 16:00:00,1785.785,1798.483,1784.372,1794.074,240,240,0,COMPLETE,
2021-10-22 20:00:00,1794.119,1794.262,1791.931,1792.853,59,240,181,EXPECTED_INCOMPLETE,EXPECTED
2021-10-23 00:00:00,,,,,0,240,240,SESSION_CLOSED_EXPECTED,EXPECTED
2021-10-23 04:00:00,,,,,0,240,240,SESSION_CLOSED_EXPECTED,EXPECTED
2021-10-23 08:00:00,,,,,0,240,240,SESSION_CLOSED_EXPECTED,EXPECTED
2021-10-23 12:00:00,,,,,0,240,240,SESSION_CLOSED_EXPECTED,EXPECTED
2021-10-23 16:00:00,,,,,0,240,240,SESSION_CLOSED_EXPECTED,EXPECTED
2021-10-23 20:00:00,,,,,0,240,240,SESSION_CLOSED_EXPECTED,EXPECTED
2021-10-24 00:00:00,,,,,0,240,240,SESSION_CLOSED_EXPECTED,EXPECTED
2021-10-24 04:00:00,,,,,0,240,240,SESSION_CLOSED_EXPECTED,EXPECTED
2021-10-24 08:00:00,,,,,0,240,240,SESSION_CLOSED_EXPECTED,EXPECTED
2021-10-24 12:00:00,,,,,0,240,240,SESSION_CLOSED_EXPECTED,EXPECTED
2021-10-24 16:00:00,,,,,0,240,240,SESSION_CLOSED_EXPECTED,EXPECTED
2021-10-24 20:00:00,1792.926,1794.371,1792.388,1794.301,115,240,125,EXPECTED_INCOMPLETE,EXPECTED
2021-10-25 00:00:00,1794.347,1799.011,1792.182,1798.394,240,240,0,COMPLETE,
2021-10-25 04:00:00,1798.391,1801.003,1795.983,1798.954,240,240,0,COMPLETE,
2021-10-25 08:00:00,1798.974,1803.578,1798.385,1801.667,240,240,0,COMPLETE,
2021-10-25 12:00:00,1801.675,1809.913,1800.401,1808.053,240,240,0,COMPLETE,
2021-10-25 16:00:00,1808.032,1808.605,1805.006,1806.704,240,240,0,COMPLETE,
2021-10-25 20:00:00,1806.653,1808.217,1806.309,1807.792,178,240,62,EXPECTED_INCOMPLETE,EXPECTED
2021-10-26 00:00:00,1807.777,1807.848,1802.631,1803.17,240,240,0,COMPLETE,
2021-10-26 04:00:00,1803.147,1806.463,1799.797,1800.338,240,240,0,COMPLETE,
2021-10-26 08:00:00,1800.29,1804.345,1799.873,1802.926,240,240,0,COMPLETE,
2021-10-26 12:00:00,1802.894,1804.56,1782.191,1789.841,240,240,0,COMPLETE,
2021-10-26 16:00:00,1789.827,1795.029,1789.82,1793.388,240,240,0,COMPLETE,
2021-10-26 20:00:00,1793.419,1794.297,1791.895,1793.554,178,240,62,EXPECTED_INCOMPLETE,EXPECTED
2021-10-27 00:00:00,1793.571,1794.35,1787.068,1789.059,240,240,0,COMPLETE,
2021-10-27 04:00:00,1789.086,1791.575,1785.4,1787.508,240,240,0,COMPLETE,
2021-10-27 08:00:00,1787.49,1791.885,1783.447,1791.156,240,240,0,COMPLETE,
2021-10-27 12:00:00,1791.188,1797.987,1784.762,1794.46,240,240,0,COMPLETE,
2021-10-27 16:00:00,1794.429,1799.027,1793.87,1798.269,240,240,0,COMPLETE,
2021-10-27 20:00:00,1798.237,1798.333,1795.987,1796.583,178,240,62,EXPECTED_INCOMPLETE,EXPECTED
2021-10-28 00:00:00,1796.552,1803.165,1794.128,1798.764,240,240,0,COMPLETE,
2021-10-28 04:00:00,1798.763,1803.898,1798.477,1801.943,240,240,0,COMPLETE,
2021-10-28 08:00:00,1801.948,1803.503,1795.714,1801.896,240,240,0,COMPLETE,
2021-10-28 12:00:00,1801.901,1810.38,1791.986,1801.011,240,240,0,COMPLETE,
2021-10-28 16:00:00,1801.004,1803.336,1797.876,1798.174,240,240,0,COMPLETE,
2021-10-28 20:00:00,1798.189,1801.143,1797.631,1799.575,178,240,62,EXPECTED_INCOMPLETE,EXPECTED
2021-10-29 00:00:00,1799.559,1799.944,1795.102,1796.95,240,240,0,COMPLETE,
2021-10-29 04:00:00,1796.948,1797.882,1792.975,1795.529,240,240,0,COMPLETE,
2021-10-29 08:00:00,1795.523,1799.012,1790.879,1793.047,240,240,0,COMPLETE,
2021-10-29 12:00:00,1793.014,1793.415,1771.896,1778.074,240,240,0,COMPLETE,
2021-10-29 16:00:00,1778.105,1783.646,1777.281,1782.665,240,240,0,COMPLETE,
2021-10-29 20:00:00,1782.698,1783.523,1782.322,1783.296,59,240,181,EXPECTED_INCOMPLETE,EXPECTED
2021-10-30 00:00:00,,,,,0,240,240,SESSION_CLOSED_EXPECTED,EXPECTED
2021-10-30 04:00:00,,,,,0,240,240,SESSION_CLOSED_EXPECTED,EXPECTED
2021-10-30 08:00:00,,,,,0,240,240,SESSION_CLOSED_EXPECTED,EXPECTED
2021-10-30 12:00:00,,,,,0,240,240,SESSION_CLOSED_EXPECTED,EXPECTED
2021-10-30 16:00:00,,,,,0,240,240,SESSION_CLOSED_EXPECTED,EXPECTED
2021-10-30 20:00:00,,,,,0,240,240,SESSION_CLOSED_EXPECTED,EXPECTED
2021-10-31 00:00:00,,,,,0,240,240,SESSION_CLOSED_EXPECTED,EXPECTED
2021-10-31 04:00:00,,,,,0,240,240,SESSION_CLOSED_EXPECTED,EXPECTED
2021-10-31 08:00:00,,,,,0,240,240,SESSION_CLOSED_EXPECTED,EXPECTED
2021-10-31 12:00:00,,,,,0,240,240,SESSION_CLOSED_EXPECTED,EXPECTED
2021-10-31 16:00:00,,,,,0,240,240,SESSION_CLOSED_EXPECTED,EXPECTED
2021-10-31 20:00:00,1783.269,1783.269,1779.055,1780.026,115,240,125,EXPECTED_INCOMPLETE,EXPECTED
2021-11-01 00:00:00,1780.02,1787.262,1779.988,1784.362,240,240,0,COMPLETE,
2021-11-01 04:00:00,1784.348,1787.7,1781.172,1781.77,240,240,0,COMPLETE,
2021-11-01 08:00:00,1781.786,1788.099,1780.952,1786.567,240,240,0,COMPLETE,
2021-11-01 12:00:00,1786.537,1795.686,1785.581,1792.963,240,240,0,COMPLETE,
2021-11-01 16:00:00,1792.994,1794.938,1789.767,1792.592,240,240,0,COMPLETE,
2021-11-01 20:00:00,1792.56,1793.549,1791.357,1792.047,178,240,62,EXPECTED_INCOMPLETE,EXPECTED
2021-11-02 00:00:00,1792.077,1792.59,1789.234,1791.14,240,240,0,COMPLETE,
2021-11-02 04:00:00,1791.133,1796.349,1790.952,1794.117,240,240,0,COMPLETE,
2021-11-02 08:00:00,1794.086,1795.525,1788.046,1790.003,240,240,0,COMPLETE,
2021-11-02 12:00:00,1790.001,1794.341,1786.172,1788.815,240,240,0,COMPLETE,
2021-11-02 16:00:00,1788.784,1789.678,1786.349,1788.293,240,240,0,COMPLETE,
2021-11-02 20:00:00,1788.263,1788.31,1786.654,1787.125,178,240,62,EXPECTED_INCOMPLETE,EXPECTED
2021-11-03 00:00:00,1787.099,1787.579,1779.131,1783.183,240,240,0,COMPLETE,
2021-11-03 04:00:00,1783.176,1783.294,1777.942,1781.464,240,240,0,COMPLETE,
2021-11-03 08:00:00,1781.616,1785.525,1780.479,1784.626,240,240,0,COMPLETE,
2021-11-03 12:00:00,1784.594,1785.604,1758.534,1763.507,240,240,0,COMPLETE,
2021-11-03 16:00:00,1763.508,1775.044,1761.444,1773.417,240,240,0,COMPLETE,
2021-11-03 20:00:00,1773.449,1777.359,1769.328,1777.242,178,240,62,EXPECTED_INCOMPLETE,EXPECTED
2021-11-04 00:00:00,1777.274,1778.247,1773.406,1775.064,240,240,0,COMPLETE,
2021-11-04 04:00:00,1775.033,1775.927,1770.712,1774.71,240,240,0,COMPLETE,
2021-11-04 08:00:00,1774.74,1782.026,1772.249,1780.866,240,240,0,COMPLETE,
2021-11-04 12:00:00,1780.903,1798.894,1779.082,1792.213,240,240,0,COMPLETE,
2021-11-04 16:00:00,1792.183,1794.07,1790.733,1793.824,240,240,0,COMPLETE,
2021-11-04 20:00:00,1793.794,1793.838,1790.428,1791.317,178,240,62,EXPECTED_INCOMPLETE,EXPECTED
2021-11-05 00:00:00,1791.322,1796.081,1790.057,1792.851,240,240,0,COMPLETE,
2021-11-05 04:00:00,1792.84,1798.348,1792.616,1796.471,240,240,0,COMPLETE,
2021-11-05 08:00:00,1796.485,1800.049,1791.723,1793.831,240,240,0,COMPLETE,
2021-11-05 12:00:00,1793.86,1811.77,1784.842,1809.883,240,240,0,COMPLETE,
2021-11-05 16:00:00,1809.92,1818.029,1807.734,1816.878,240,240,0,COMPLETE,
2021-11-05 20:00:00,1816.84,1818.269,1816.194,1818.127,59,240,181,EXPECTED_INCOMPLETE,EXPECTED
2021-11-06 00:00:00,,,,,0,240,240,SESSION_CLOSED_EXPECTED,EXPECTED
2021-11-06 04:00:00,,,,,0,240,240,SESSION_CLOSED_EXPECTED,EXPECTED
2021-11-06 08:00:00,,,,,0,240,240,SESSION_CLOSED_EXPECTED,EXPECTED
2021-11-06 12:00:00,,,,,0,240,240,SESSION_CLOSED_EXPECTED,EXPECTED
2021-11-06 16:00:00,,,,,0,240,240,SESSION_CLOSED_EXPECTED,EXPECTED
2021-11-06 20:00:00,,,,,0,240,240,SESSION_CLOSED_EXPECTED,EXPECTED
2021-11-07 00:00:00,,,,,0,240,240,SESSION_CLOSED_EXPECTED,EXPECTED
2021-11-07 04:00:00,,,,,0,240,240,SESSION_CLOSED_EXPECTED,EXPECTED
2021-11-07 08:00:00,,,,,0,240,240,SESSION_CLOSED_EXPECTED,EXPECTED
2021-11-07 12:00:00,,,,,0,240,240,SESSION_CLOSED_EXPECTED,EXPECTED
2021-11-07 16:00:00,,,,,0,240,240,SESSION_CLOSED_EXPECTED,EXPECTED
2021-11-07 20:00:00,1815.75,1818.072,1815.47,1815.82,55,240,185,EXPECTED_INCOMPLETE,EXPECTED
2021-11-08 00:00:00,1815.83,1821.023,1812.874,1819.078,240,240,0,COMPLETE,
2021-11-08 04:00:00,1819.075,1821.395,1814.484,1816.297,240,240,0,COMPLETE,
2021-11-08 08:00:00,1816.261,1818.285,1812.403,1816.853,240,240,0,COMPLETE,
2021-11-08 12:00:00,1816.869,1825.998,1815.766,1821.462,240,240,0,COMPLETE,
2021-11-08 16:00:00,1821.46,1826.395,1819.402,1825.679,240,240,0,COMPLETE,
2021-11-08 20:00:00,1825.711,1826.215,1823.589,1824.501,178,240,62,EXPECTED_INCOMPLETE,EXPECTED
2021-11-09 00:00:00,1824.498,1826.97,1821.849,1822.992,240,240,0,COMPLETE,
2021-11-09 04:00:00,1822.99,1826.973,1819.069,1820.076,240,240,0,COMPLETE,
2021-11-09 08:00:00,1820.045,1828.506,1820.045,1823.764,240,240,0,COMPLETE,
2021-11-09 12:00:00,1823.796,1830.332,1820.222,1825.877,240,240,0,COMPLETE,
2021-11-09 16:00:00,1825.845,1831.257,1823.421,1830.253,240,240,0,COMPLETE,
2021-11-09 20:00:00,1830.283,1832.624,1828.576,1829.861,178,240,62,EXPECTED_INCOMPLETE,EXPECTED
2021-11-10 00:00:00,1829.858,1830.989,1826.105,1827.075,240,240,0,COMPLETE,
2021-11-10 04:00:00,1827.091,1827.313,1822.919,1824.118,240,240,0,COMPLETE,
2021-11-10 08:00:00,1824.086,1827.149,1822.71,1824.52,240,240,0,COMPLETE,
2021-11-10 12:00:00,1824.521,1868.473,1822.256,1851.456,240,240,0,COMPLETE,
2021-11-10 16:00:00,1851.452,1858.614,1841.438,1847.049,240,240,0,COMPLETE,
2021-11-10 20:00:00,1847.015,1852.739,1845.301,1848.511,178,240,62,EXPECTED_INCOMPLETE,EXPECTED
2021-11-11 00:00:00,1848.493,1853.608,1842.86,1849.928,240,240,0,COMPLETE,
2021-11-11 04:00:00,1849.936,1857.094,1847.039,1856.896,240,240,0,COMPLETE,
2021-11-11 08:00:00,1856.93,1865.524,1855.172,1863.78,240,240,0,COMPLETE,
2021-11-11 12:00:00,1863.793,1865.917,1854.864,1861.604,240,240,0,COMPLETE,
2021-11-11 16:00:00,1861.634,1863.675,1859.703,1862.035,240,240,0,COMPLETE,
2021-11-11 20:00:00,1862.066,1863.057,1861.205,1862.286,178,240,62,EXPECTED_INCOMPLETE,EXPECTED
2021-11-12 00:00:00,1862.285,1862.317,1855.073,1855.128,240,240,0,COMPLETE,
2021-11-12 04:00:00,1855.13,1859.979,1855.123,1856.396,240,240,0,COMPLETE,
2021-11-12 08:00:00,1856.363,1858.672,1845.229,1849.131,240,240,0,COMPLETE,
2021-11-12 12:00:00,1849.099,1865.963,1849.033,1860.796,240,240,0,COMPLETE,
2021-11-12 16:00:00,1860.783,1868.574,1859.749,1863.699,240,240,0,COMPLETE,
2021-11-12 20:00:00,1863.731,1866.158,1862.509,1864.361,119,240,121,EXPECTED_INCOMPLETE,EXPECTED
2021-11-13 00:00:00,,,,,0,240,240,SESSION_CLOSED_EXPECTED,EXPECTED
2021-11-13 04:00:00,,,,,0,240,240,SESSION_CLOSED_EXPECTED,EXPECTED
2021-11-13 08:00:00,,,,,0,240,240,SESSION_CLOSED_EXPECTED,EXPECTED
2021-11-13 12:00:00,,,,,0,240,240,SESSION_CLOSED_EXPECTED,EXPECTED
2021-11-13 16:00:00,,,,,0,240,240,SESSION_CLOSED_EXPECTED,EXPECTED
2021-11-13 20:00:00,,,,,0,240,240,SESSION_CLOSED_EXPECTED,EXPECTED
2021-11-14 00:00:00,,,,,0,240,240,SESSION_CLOSED_EXPECTED,EXPECTED
2021-11-14 04:00:00,,,,,0,240,240,SESSION_CLOSED_EXPECTED,EXPECTED
2021-11-14 08:00:00,,,,,0,240,240,SESSION_CLOSED_EXPECTED,EXPECTED
2021-11-14 12:00:00,,,,,0,240,240,SESSION_CLOSED_EXPECTED,EXPECTED
2021-11-14 16:00:00,,,,,0,240,240,SESSION_CLOSED_EXPECTED,EXPECTED
2021-11-14 20:00:00,1866.804,1867.783,1865.24,1865.476,55,240,185,EXPECTED_INCOMPLETE,EXPECTED
2021-11-15 00:00:00,1865.49,1866.011,1856.426,1856.871,240,240,0,COMPLETE,
2021-11-15 04:00:00,1856.838,1862.209,1856.308,1860.87,240,240,0,COMPLETE,
2021-11-15 08:00:00,1860.901,1864.811,1858.319,1864.456,240,240,0,COMPLETE,
2021-11-15 12:00:00,1864.423,1870.267,1858.094,1861.997,240,240,0,COMPLETE,
2021-11-15 16:00:00,1861.967,1867.863,1859.982,1867.073,240,240,0,COMPLETE,
2021-11-15 20:00:00,1867.104,1867.236,1861.883,1862.387,178,240,62,EXPECTED_INCOMPLETE,EXPECTED
2021-11-16 00:00:00,1862.356,1868.601,1861.888,1866.925,240,240,0,COMPLETE,
2021-11-16 04:00:00,1866.91,1867.733,1862.212,1863.939,240,240,0,COMPLETE,
2021-11-16 08:00:00,1863.928,1874.905,1863.868,1873.918,240,240,0,COMPLETE,
2021-11-16 12:00:00,1873.898,1877.067,1856.371,1861.145,240,240,0,COMPLETE,
2021-11-16 16:00:00,1861.133,1861.371,1849.645,1851.52,240,240,0,COMPLETE,
2021-11-16 20:00:00,1851.55,1851.55,1849.644,1850.311,178,240,62,EXPECTED_INCOMPLETE,EXPECTED
2021-11-17 00:00:00,1850.313,1856.052,1849.53,1853.662,240,240,0,COMPLETE,
2021-11-17 04:00:00,1853.664,1857.313,1851.991,1856.158,240,240,0,COMPLETE,
2021-11-17 08:00:00,1856.164,1862.812,1855.808,1861.671,240,240,0,COMPLETE,
2021-11-17 12:00:00,1861.639,1868.063,1859.979,1862.854,240,240,0,COMPLETE,
2021-11-17 16:00:00,1862.823,1867.992,1862.29,1863.949,240,240,0,COMPLETE,
2021-11-17 20:00:00,1863.919,1867.544,1862.723,1866.479,178,240,62,EXPECTED_INCOMPLETE,EXPECTED
2021-11-18 00:00:00,1866.507,1870.883,1864.079,1864.925,240,240,0,COMPLETE,
2021-11-18 04:00:00,1864.923,1869.2,1862.349,1868.54,240,240,0,COMPLETE,
2021-11-18 08:00:00,1868.57,1869.75,1858.731,1862.705,240,240,0,COMPLETE,
2021-11-18 12:00:00,1862.716,1866.843,1855.023,1860.054,240,240,0,COMPLETE,
2021-11-18 16:00:00,1860.062,1862.651,1858.204,1858.853,240,240,0,COMPLETE,
2021-11-18 20:00:00,1858.82,1861.01,1856.724,1859.578,178,240,62,EXPECTED_INCOMPLETE,EXPECTED
2021-11-19 00:00:00,1859.585,1863.506,1858.571,1863.07,240,240,0,COMPLETE,
2021-11-19 04:00:00,1863.056,1863.72,1855.796,1857.476,240,240,0,COMPLETE,
2021-11-19 08:00:00,1857.462,1864.788,1851.393,1861.659,240,240,0,COMPLETE,
2021-11-19 12:00:00,1861.69,1865.621,1851.717,1860.349,240,240,0,COMPLETE,
2021-11-19 16:00:00,1860.371,1860.69,1842.815,1849.651,240,240,0,COMPLETE,
2021-11-19 20:00:00,1849.657,1849.657,1845.373,1846.196,119,240,121,EXPECTED_INCOMPLETE,EXPECTED
2021-11-20 00:00:00,,,,,0,240,240,SESSION_CLOSED_EXPECTED,EXPECTED
2021-11-20 04:00:00,,,,,0,240,240,SESSION_CLOSED_EXPECTED,EXPECTED
2021-11-20 08:00:00,,,,,0,240,240,SESSION_CLOSED_EXPECTED,EXPECTED
2021-11-20 12:00:00,,,,,0,240,240,SESSION_CLOSED_EXPECTED,EXPECTED
2021-11-20 16:00:00,,,,,0,240,240,SESSION_CLOSED_EXPECTED,EXPECTED
2021-11-20 20:00:00,,,,,0,240,240,SESSION_CLOSED_EXPECTED,EXPECTED
2021-11-21 00:00:00,,,,,0,240,240,SESSION_CLOSED_EXPECTED,EXPECTED
2021-11-21 04:00:00,,,,,0,240,240,SESSION_CLOSED_EXPECTED,EXPECTED
2021-11-21 08:00:00,,,,,0,240,240,SESSION_CLOSED_EXPECTED,EXPECTED
2021-11-21 12:00:00,,,,,0,240,240,SESSION_CLOSED_EXPECTED,EXPECTED
2021-11-21 16:00:00,,,,,0,240,240,SESSION_CLOSED_EXPECTED,EXPECTED
2021-11-21 20:00:00,1842.207,1847.169,1841.485,1844.879,55,240,185,EXPECTED_INCOMPLETE,EXPECTED
2021-11-22 00:00:00,1844.909,1848.376,1844.044,1847.116,240,240,0,COMPLETE,
2021-11-22 04:00:00,1847.106,1849.046,1839.893,1844.036,240,240,0,COMPLETE,
2021-11-22 08:00:00,1844.005,1846.991,1837.175,1842.576,240,240,0,COMPLETE,
2021-11-22 12:00:00,1842.545,1843.003,1811.457,1818.422,240,240,0,COMPLETE,
2021-11-22 16:00:00,1818.392,1822.133,1802.202,1803.68,240,240,0,COMPLETE,
2021-11-22 20:00:00,1803.649,1809.749,1802.912,1808.997,178,240,62,EXPECTED_INCOMPLETE,EXPECTED
2021-11-23 00:00:00,1809.027,1812.37,1806.318,1808.339,240,240,0,COMPLETE,
2021-11-23 04:00:00,1808.327,1809.831,1802.836,1807.66,240,240,0,COMPLETE,
2021-11-23 08:00:00,1807.628,1808.339,1792.492,1793.999,240,240,0,COMPLETE,
2021-11-23 12:00:00,1793.975,1797.458,1783.987,1786.311,240,240,0,COMPLETE,
2021-11-23 16:00:00,1786.302,1790.304,1781.914,1788.121,240,240,0,COMPLETE,
2021-11-23 20:00:00,1788.091,1791.86,1787.616,1790.875,178,240,62,EXPECTED_INCOMPLETE,EXPECTED
2021-11-24 00:00:00,1790.91,1795.899,1788.931,1793.649,240,240,0,COMPLETE,
2021-11-24 04:00:00,1793.625,1796.27,1791.801,1794.078,240,240,0,COMPLETE,
2021-11-24 08:00:00,1794.048,1794.714,1785.436,1787.254,240,240,0,COMPLETE,
2021-11-24 12:00:00,1787.222,1787.65,1778.15,1784.564,240,240,0,COMPLETE,
2021-11-24 16:00:00,1784.597,1791.362,1782.457,1784.849,240,240,0,COMPLETE,
2021-11-24 20:00:00,1784.815,1791.116,1784.598,1789.664,178,240,62,EXPECTED_INCOMPLETE,EXPECTED
2021-11-25 00:00:00,1789.698,1794.26,1789.201,1792.072,240,240,0,COMPLETE,
2021-11-25 04:00:00,1792.074,1794.275,1791.435,1793.303,240,240,0,COMPLETE,
2021-11-25 08:00:00,1793.299,1795.027,1789.846,1790.736,240,240,0,COMPLETE,
2021-11-25 12:00:00,1790.738,1792.836,1787.851,1788.494,240,240,0,COMPLETE,
2021-11-25 16:00:00,1788.524,1790.437,1788.024,1788.693,105,240,135,UNEXPECTED_INCOMPLETE,UNEXPECTED
2021-11-25 20:00:00,1790.271,1792.672,1790.148,1792.628,59,240,181,UNEXPECTED_INCOMPLETE,UNEXPECTED
2021-11-26 00:00:00,1792.616,1798.756,1789.97,1796.975,240,240,0,COMPLETE,
2021-11-26 04:00:00,1796.982,1808.16,1795.257,1808.015,240,240,0,COMPLETE,
2021-11-26 08:00:00,1807.983,1815.467,1797.597,1811.738,240,240,0,COMPLETE,
2021-11-26 12:00:00,1811.734,1812.072,1795.371,1797.589,240,240,0,COMPLETE,
2021-11-26 16:00:00,1797.594,1799.702,1780.054,1787.433,150,240,90,EXPECTED_INCOMPLETE,EXPECTED
2021-11-26 20:00:00,,,,,0,240,240,SESSION_CLOSED_EXPECTED,EXPECTED
2021-11-27 00:00:00,,,,,0,240,240,SESSION_CLOSED_EXPECTED,EXPECTED
2021-11-27 04:00:00,,,,,0,240,240,SESSION_CLOSED_EXPECTED,EXPECTED
2021-11-27 08:00:00,,,,,0,240,240,SESSION_CLOSED_EXPECTED,EXPECTED
2021-11-27 12:00:00,,,,,0,240,240,SESSION_CLOSED_EXPECTED,EXPECTED
2021-11-27 16:00:00,,,,,0,240,240,SESSION_CLOSED_EXPECTED,EXPECTED
2021-11-27 20:00:00,,,,,0,240,240,SESSION_CLOSED_EXPECTED,EXPECTED
2021-11-28 00:00:00,,,,,0,240,240,SESSION_CLOSED_EXPECTED,EXPECTED
2021-11-28 04:00:00,,,,,0,240,240,SESSION_CLOSED_EXPECTED,EXPECTED
2021-11-28 08:00:00,,,,,0,240,240,SESSION_CLOSED_EXPECTED,EXPECTED
2021-11-28 12:00:00,,,,,0,240,240,SESSION_CLOSED_EXPECTED,EXPECTED
2021-11-28 16:00:00,,,,,0,240,240,SESSION_CLOSED_EXPECTED,EXPECTED
2021-11-28 20:00:00,1788.597,1795.644,1780.188,1795.371,55,240,185,EXPECTED_INCOMPLETE,EXPECTED
2021-11-29 00:00:00,1795.34,1796.514,1789.901,1794.404,240,240,0,COMPLETE,
2021-11-29 04:00:00,1794.401,1796.962,1791.146,1794.67,240,240,0,COMPLETE,
2021-11-29 08:00:00,1794.702,1799.361,1792.87,1793.483,240,240,0,COMPLETE,
2021-11-29 12:00:00,1793.479,1794.023,1784.111,1786.967,240,240,0,COMPLETE,
2021-11-29 16:00:00,1786.935,1787.868,1781.122,1782.557,240,240,0,COMPLETE,
2021-11-29 20:00:00,1782.587,1787.803,1782.011,1786.826,178,240,62,EXPECTED_INCOMPLETE,EXPECTED
2021-11-30 00:00:00,1786.816,1790.34,1782.81,1788.924,240,240,0,COMPLETE,
2021-11-30 04:00:00,1788.922,1795.771,1787.963,1791.736,240,240,0,COMPLETE,
2021-11-30 08:00:00,1791.739,1798.424,1791.457,1792.427,240,240,0,COMPLETE,
2021-11-30 12:00:00,1792.459,1808.561,1783.303,1784.526,240,240,0,COMPLETE,
2021-11-30 16:00:00,1784.495,1784.706,1769.831,1776.035,240,240,0,COMPLETE,
2021-11-30 20:00:00,1776.068,1776.972,1770.846,1773.206,178,240,62,EXPECTED_INCOMPLETE,EXPECTED
2021-12-01 00:00:00,1773.209,1780.288,1772.598,1777.922,240,240,0,COMPLETE,
2021-12-01 04:00:00,1777.938,1794.267,1777.306,1784.822,240,240,0,COMPLETE,
2021-12-01 08:00:00,1784.792,1788.582,1776.623,1785.053,240,240,0,COMPLETE,
2021-12-01 12:00:00,1785.085,1792.192,1782.675,1786.01,240,240,0,COMPLETE,
2021-12-01 16:00:00,1785.977,1787.873,1779.211,1782.149,240,240,0,COMPLETE,
2021-12-01 20:00:00,1782.118,1783.398,1777.321,1781.825,178,240,62,EXPECTED_INCOMPLETE,EXPECTED
2021-12-02 00:00:00,1781.812,1781.971,1779.053,1779.306,240,240,0,COMPLETE,
2021-12-02 04:00:00,1779.311,1779.311,1774.883,1775.133,240,240,0,COMPLETE,
2021-12-02 08:00:00,1775.165,1779.005,1767.152,1777.214,240,240,0,COMPLETE,
2021-12-02 12:00:00,1777.198,1781.192,1763.091,1767.304,240,240,0,COMPLETE,
2021-12-02 16:00:00,1767.272,1769.139,1761.841,1766.565,240,240,0,COMPLETE,
2021-12-02 20:00:00,1766.595,1770.614,1766.267,1768.989,178,240,62,EXPECTED_INCOMPLETE,EXPECTED
2021-12-03 00:00:00,1768.985,1774.311,1767.487,1773.436,240,240,0,COMPLETE,
2021-12-03 04:00:00,1773.456,1776.45,1770.217,1770.834,240,240,0,COMPLETE,
2021-12-03 08:00:00,1770.802,1773.44,1766.078,1771.884,240,240,0,COMPLETE,
2021-12-03 12:00:00,1771.852,1778.544,1766.358,1770.748,240,240,0,COMPLETE,
2021-12-03 16:00:00,1770.715,1784.587,1769.767,1783.891,240,240,0,COMPLETE,
2021-12-03 20:00:00,1783.861,1786.072,1782.16,1783.414,119,240,121,EXPECTED_INCOMPLETE,EXPECTED
2021-12-04 00:00:00,,,,,0,240,240,SESSION_CLOSED_EXPECTED,EXPECTED
2021-12-04 04:00:00,,,,,0,240,240,SESSION_CLOSED_EXPECTED,EXPECTED
2021-12-04 08:00:00,,,,,0,240,240,SESSION_CLOSED_EXPECTED,EXPECTED
2021-12-04 12:00:00,,,,,0,240,240,SESSION_CLOSED_EXPECTED,EXPECTED
2021-12-04 16:00:00,,,,,0,240,240,SESSION_CLOSED_EXPECTED,EXPECTED
2021-12-04 20:00:00,,,,,0,240,240,SESSION_CLOSED_EXPECTED,EXPECTED
2021-12-05 00:00:00,,,,,0,240,240,SESSION_CLOSED_EXPECTED,EXPECTED
2021-12-05 04:00:00,,,,,0,240,240,SESSION_CLOSED_EXPECTED,EXPECTED
2021-12-05 08:00:00,,,,,0,240,240,SESSION_CLOSED_EXPECTED,EXPECTED
2021-12-05 12:00:00,,,,,0,240,240,SESSION_CLOSED_EXPECTED,EXPECTED
2021-12-05 16:00:00,,,,,0,240,240,SESSION_CLOSED_EXPECTED,EXPECTED
2021-12-05 20:00:00,1782.102,1784.094,1780.691,1782.901,55,240,185,EXPECTED_INCOMPLETE,EXPECTED
2021-12-06 00:00:00,1782.933,1787.683,1782.158,1783.931,240,240,0,COMPLETE,
2021-12-06 04:00:00,1783.93,1785.78,1781.071,1782.93,240,240,0,COMPLETE,
2021-12-06 08:00:00,1782.897,1782.897,1777.721,1780.025,240,240,0,COMPLETE,
2021-12-06 12:00:00,1780.04,1782.085,1775.556,1778.24,240,240,0,COMPLETE,
2021-12-06 16:00:00,1778.243,1784.964,1777.663,1778.352,240,240,0,COMPLETE,
2021-12-06 20:00:00,1778.357,1781.949,1778.024,1780.931,178,240,62,EXPECTED_INCOMPLETE,EXPECTED
2021-12-07 00:00:00,1780.899,1781.845,1777.346,1777.639,240,240,0,COMPLETE,
2021-12-07 04:00:00,1777.618,1784.52,1776.841,1782.665,240,240,0,COMPLETE,
2021-12-07 08:00:00,1782.703,1783.657,1777.376,1782.217,240,240,0,COMPLETE,
2021-12-07 12:00:00,1782.248,1784.646,1771.948,1782.502,240,240,0,COMPLETE,
2021-12-07 16:00:00,1782.505,1787.791,1781.915,1784.84,240,240,0,COMPLETE,
2021-12-07 20:00:00,1784.825,1786.372,1783.623,1784.719,178,240,62,EXPECTED_INCOMPLETE,EXPECTED
2021-12-08 00:00:00,1784.685,1790.511,1784.471,1787.914,240,240,0,COMPLETE,
2021-12-08 04:00:00,1787.908,1791.522,1786.497,1789.806,240,240,0,COMPLETE,
2021-12-08 08:00:00,1789.774,1793.061,1782.78,1786.664,240,240,0,COMPLETE,
2021-12-08 12:00:00,1786.636,1787.009,1779.58,1782.426,240,240,0,COMPLETE,
2021-12-08 16:00:00,1782.456,1786.295,1781.09,1785.603,240,240,0,COMPLETE,
2021-12-08 20:00:00,1785.628,1786.786,1782.291,1783.494,178,240,62,EXPECTED_INCOMPLETE,EXPECTED
2021-12-09 00:00:00,1783.474,1785.405,1782.091,1784.467,240,240,0,COMPLETE,
2021-12-09 04:00:00,1784.473,1787.081,1783.158,1786.17,240,240,0,COMPLETE,
2021-12-09 08:00:00,1786.138,1787.554,1779.337,1780.322,240,240,0,COMPLETE,
2021-12-09 12:00:00,1780.291,1782.938,1773.588,1779.562,240,240,0,COMPLETE,
2021-12-09 16:00:00,1779.527,1780.826,1773.417,1776.055,240,240,0,COMPLETE,
2021-12-09 20:00:00,1776.06,1776.505,1774.715,1776.327,178,240,62,EXPECTED_INCOMPLETE,EXPECTED
2021-12-10 00:00:00,1776.329,1779.606,1775.548,1778.479,240,240,0,COMPLETE,
2021-12-10 04:00:00,1778.469,1779.401,1771.209,1772.968,240,240,0,COMPLETE,
2021-12-10 08:00:00,1772.973,1773.333,1770.069,1772.101,240,240,0,COMPLETE,
2021-12-10 12:00:00,1772.071,1789.283,1771.697,1783.125,240,240,0,COMPLETE,
2021-12-10 16:00:00,1783.159,1786.407,1781.37,1782.226,240,240,0,COMPLETE,
2021-12-10 20:00:00,1782.257,1783.149,1781.777,1782.805,119,240,121,EXPECTED_INCOMPLETE,EXPECTED
2021-12-11 00:00:00,,,,,0,240,240,SESSION_CLOSED_EXPECTED,EXPECTED
2021-12-11 04:00:00,,,,,0,240,240,SESSION_CLOSED_EXPECTED,EXPECTED
2021-12-11 08:00:00,,,,,0,240,240,SESSION_CLOSED_EXPECTED,EXPECTED
2021-12-11 12:00:00,,,,,0,240,240,SESSION_CLOSED_EXPECTED,EXPECTED
2021-12-11 16:00:00,,,,,0,240,240,SESSION_CLOSED_EXPECTED,EXPECTED
2021-12-11 20:00:00,,,,,0,240,240,SESSION_CLOSED_EXPECTED,EXPECTED
2021-12-12 00:00:00,,,,,0,240,240,SESSION_CLOSED_EXPECTED,EXPECTED
2021-12-12 04:00:00,,,,,0,240,240,SESSION_CLOSED_EXPECTED,EXPECTED
2021-12-12 08:00:00,,,,,0,240,240,SESSION_CLOSED_EXPECTED,EXPECTED
2021-12-12 12:00:00,,,,,0,240,240,SESSION_CLOSED_EXPECTED,EXPECTED
2021-12-12 16:00:00,,,,,0,240,240,SESSION_CLOSED_EXPECTED,EXPECTED
2021-12-12 20:00:00,1782.732,1784.389,1782.71,1783.216,55,240,185,EXPECTED_INCOMPLETE,EXPECTED
2021-12-13 00:00:00,1783.217,1788.068,1782.45,1785.99,240,240,0,COMPLETE,
2021-12-13 04:00:00,1785.976,1786.903,1783.122,1785.41,240,240,0,COMPLETE,
2021-12-13 08:00:00,1785.442,1788.482,1783.315,1788.003,240,240,0,COMPLETE,
2021-12-13 12:00:00,1788.004,1791.581,1781.775,1786.828,240,240,0,COMPLETE,
2021-12-13 16:00:00,1786.837,1790.098,1786.1,1787.782,240,240,0,COMPLETE,
2021-12-13 20:00:00,1787.749,1788.182,1785.006,1785.722,178,240,62,EXPECTED_INCOMPLETE,EXPECTED
2021-12-14 00:00:00,1785.754,1789.462,1785.063,1785.832,240,240,0,COMPLETE,
2021-12-14 04:00:00,1785.82,1788.379,1784.082,1784.618,240,240,0,COMPLETE,
2021-12-14 08:00:00,1784.595,1785.671,1781.97,1784.763,240,240,0,COMPLETE,
2021-12-14 12:00:00,1784.765,1785.525,1766.419,1774.166,240,240,0,COMPLETE,
2021-12-14 16:00:00,1774.135,1776.499,1770.964,1772.151,240,240,0,COMPLETE,
2021-12-14 20:00:00,1772.146,1772.879,1770.263,1772.453,178,240,62,EXPECTED_INCOMPLETE,EXPECTED
2021-12-15 00:00:00,1772.485,1773.861,1769.482,1769.96,240,240,0,COMPLETE,
2021-12-15 04:00:00,1769.968,1771.162,1766.514,1767.798,240,240,0,COMPLETE,
2021-12-15 08:00:00,1767.766,1771.334,1767.376,1769.79,240,240,0,COMPLETE,
2021-12-15 12:00:00,1769.744,1773.556,1763.888,1766.083,240,240,0,COMPLETE,
2021-12-15 16:00:00,1766.079,1770.633,1753.053,1769.592,240,240,0,COMPLETE,
2021-12-15 20:00:00,1769.557,1781.409,1768.423,1779.456,178,240,62,EXPECTED_INCOMPLETE,EXPECTED
2021-12-16 00:00:00,1779.466,1784.165,1775.504,1781.448,240,240,0,COMPLETE,
2021-12-16 04:00:00,1781.419,1786.179,1780.94,1784.502,240,240,0,COMPLETE,
2021-12-16 08:00:00,1784.538,1788.282,1784.538,1787.263,240,240,0,COMPLETE,
2021-12-16 12:00:00,1787.273,1798.089,1782.164,1797.321,240,240,0,COMPLETE,
2021-12-16 16:00:00,1797.302,1799.014,1794.949,1796.955,240,240,0,COMPLETE,
2021-12-16 20:00:00,1796.943,1799.621,1796.815,1798.708,178,240,62,EXPECTED_INCOMPLETE,EXPECTED
2021-12-17 00:00:00,1798.738,1804.28,1797.237,1803.079,240,240,0,COMPLETE,
2021-12-17 04:00:00,1803.048,1809.541,1801.96,1809.088,240,240,0,COMPLETE,
2021-12-17 08:00:00,1809.056,1809.924,1805.887,1809.006,240,240,0,COMPLETE,
2021-12-17 12:00:00,1809.037,1814.191,1804.077,1804.521,240,240,0,COMPLETE,
2021-12-17 16:00:00,1804.538,1806.469,1799.884,1801.542,240,240,0,COMPLETE,
2021-12-17 20:00:00,1801.553,1801.613,1795.794,1798.064,119,240,121,EXPECTED_INCOMPLETE,EXPECTED
2021-12-18 00:00:00,,,,,0,240,240,SESSION_CLOSED_EXPECTED,EXPECTED
2021-12-18 04:00:00,,,,,0,240,240,SESSION_CLOSED_EXPECTED,EXPECTED
2021-12-18 08:00:00,,,,,0,240,240,SESSION_CLOSED_EXPECTED,EXPECTED
2021-12-18 12:00:00,,,,,0,240,240,SESSION_CLOSED_EXPECTED,EXPECTED
2021-12-18 16:00:00,,,,,0,240,240,SESSION_CLOSED_EXPECTED,EXPECTED
2021-12-18 20:00:00,,,,,0,240,240,SESSION_CLOSED_EXPECTED,EXPECTED
2021-12-19 00:00:00,,,,,0,240,240,SESSION_CLOSED_EXPECTED,EXPECTED
2021-12-19 04:00:00,,,,,0,240,240,SESSION_CLOSED_EXPECTED,EXPECTED
2021-12-19 08:00:00,,,,,0,240,240,SESSION_CLOSED_EXPECTED,EXPECTED
2021-12-19 12:00:00,,,,,0,240,240,SESSION_CLOSED_EXPECTED,EXPECTED
2021-12-19 16:00:00,,,,,0,240,240,SESSION_CLOSED_EXPECTED,EXPECTED
2021-12-19 20:00:00,1800.61,1801.676,1799.386,1800.067,55,240,185,EXPECTED_INCOMPLETE,EXPECTED
2021-12-20 00:00:00,1800.065,1802.507,1799.004,1801.797,240,240,0,COMPLETE,
2021-12-20 04:00:00,1801.79,1804.089,1797.962,1798.184,240,240,0,COMPLETE,
2021-12-20 08:00:00,1798.151,1802.283,1794.682,1795.461,240,240,0,COMPLETE,
2021-12-20 12:00:00,1795.442,1799.967,1791.69,1793.641,240,240,0,COMPLETE,
2021-12-20 16:00:00,1793.605,1796.003,1790.348,1790.381,240,240,0,COMPLETE,
2021-12-20 20:00:00,1790.384,1791.988,1788.286,1791.617,178,240,62,EXPECTED_INCOMPLETE,EXPECTED
2021-12-21 00:00:00,1791.622,1792.483,1789.224,1791.851,240,240,0,COMPLETE,
2021-12-21 04:00:00,1791.821,1793.932,1788.702,1793.173,240,240,0,COMPLETE,
2021-12-21 08:00:00,1793.157,1798.218,1792.374,1797.801,240,240,0,COMPLETE,
2021-12-21 12:00:00,1797.833,1800.288,1784.748,1785.968,240,240,0,COMPLETE,
2021-12-21 16:00:00,1786.005,1789.238,1785.234,1788.133,240,240,0,COMPLETE,
2021-12-21 20:00:00,1788.148,1790.55,1787.625,1790.466,178,240,62,EXPECTED_INCOMPLETE,EXPECTED
2021-12-22 00:00:00,1790.47,1791.159,1788.298,1789.145,240,240,0,COMPLETE,
2021-12-22 04:00:00,1789.143,1789.254,1786.077,1786.867,240,240,0,COMPLETE,
2021-12-22 08:00:00,1786.902,1791.416,1785.846,1790.975,240,240,0,COMPLETE,
2021-12-22 12:00:00,1790.985,1795.817,1788.862,1795.713,240,240,0,COMPLETE,
2021-12-22 16:00:00,1795.69,1803.83,1795.69,1803.611,240,240,0,COMPLETE,
2021-12-22 20:00:00,1803.621,1804.962,1803.073,1803.662,178,240,62,EXPECTED_INCOMPLETE,EXPECTED
2021-12-23 00:00:00,1803.66,1808.254,1803.102,1805.576,240,240,0,COMPLETE,
2021-12-23 04:00:00,1805.59,1808.214,1804.781,1805.899,240,240,0,COMPLETE,
2021-12-23 08:00:00,1805.869,1808.029,1804.136,1806.327,240,240,0,COMPLETE,
2021-12-23 12:00:00,1806.325,1809.956,1798.609,1805.932,240,240,0,COMPLETE,
2021-12-23 16:00:00,1805.934,1810.687,1805.705,1809.295,240,240,0,COMPLETE,
2021-12-23 20:00:00,1809.263,1809.456,1807.417,1808.451,119,240,121,EXPECTED_INCOMPLETE,EXPECTED
2021-12-24 00:00:00,,,,,0,240,240,SESSION_CLOSED_EXPECTED,EXPECTED
2021-12-24 04:00:00,,,,,0,240,240,SESSION_CLOSED_EXPECTED,EXPECTED
2021-12-24 08:00:00,,,,,0,240,240,SESSION_CLOSED_EXPECTED,EXPECTED
2021-12-24 12:00:00,,,,,0,240,240,SESSION_CLOSED_EXPECTED,EXPECTED
2021-12-24 16:00:00,,,,,0,240,240,SESSION_CLOSED_EXPECTED,EXPECTED
2021-12-24 20:00:00,,,,,0,240,240,SESSION_CLOSED_EXPECTED,EXPECTED
2021-12-25 00:00:00,,,,,0,240,240,SESSION_CLOSED_EXPECTED,EXPECTED
2021-12-25 04:00:00,,,,,0,240,240,SESSION_CLOSED_EXPECTED,EXPECTED
2021-12-25 08:00:00,,,,,0,240,240,SESSION_CLOSED_EXPECTED,EXPECTED
2021-12-25 12:00:00,,,,,0,240,240,SESSION_CLOSED_EXPECTED,EXPECTED
2021-12-25 16:00:00,,,,,0,240,240,SESSION_CLOSED_EXPECTED,EXPECTED
2021-12-25 20:00:00,,,,,0,240,240,SESSION_CLOSED_EXPECTED,EXPECTED
2021-12-26 00:00:00,,,,,0,240,240,SESSION_CLOSED_EXPECTED,EXPECTED
2021-12-26 04:00:00,,,,,0,240,240,SESSION_CLOSED_EXPECTED,EXPECTED
2021-12-26 08:00:00,,,,,0,240,240,SESSION_CLOSED_EXPECTED,EXPECTED
2021-12-26 12:00:00,,,,,0,240,240,SESSION_CLOSED_EXPECTED,EXPECTED
2021-12-26 16:00:00,,,,,0,240,240,SESSION_CLOSED_EXPECTED,EXPECTED
2021-12-26 20:00:00,1806.207,1808.526,1805.977,1807.259,55,240,185,EXPECTED_INCOMPLETE,EXPECTED
2021-12-27 00:00:00,1807.26,1811.842,1806.602,1810.962,240,240,0,COMPLETE,
2021-12-27 04:00:00,1810.95,1810.956,1807.602,1808.732,240,240,0,COMPLETE,
2021-12-27 08:00:00,1808.702,1809.315,1804.712,1806.321,240,240,0,COMPLETE,
2021-12-27 12:00:00,1806.32,1813.384,1802.871,1812.723,240,240,0,COMPLETE,
2021-12-27 16:00:00,1812.754,1812.993,1806.666,1809.21,240,240,0,COMPLETE,
2021-12-27 20:00:00,1809.221,1812.627,1808.697,1812.348,177,240,63,UNEXPECTED_INCOMPLETE,EXPECTED|UNEXPECTED
2021-12-28 00:00:00,1812.36,1812.624,1808.478,1809.928,240,240,0,COMPLETE,
2021-12-28 04:00:00,1809.925,1816.015,1809.535,1813.791,240,240,0,COMPLETE,
2021-12-28 08:00:00,1813.789,1818.274,1813.535,1817.751,240,240,0,COMPLETE,
2021-12-28 12:00:00,1817.772,1820.191,1809.865,1811.421,240,240,0,COMPLETE,
2021-12-28 16:00:00,1811.391,1812.251,1805.006,1806.997,240,240,0,COMPLETE,
2021-12-28 20:00:00,1806.966,1807.246,1805.06,1806.56,178,240,62,EXPECTED_INCOMPLETE,EXPECTED
2021-12-29 00:00:00,1806.557,1807.626,1804.036,1806.625,240,240,0,COMPLETE,
2021-12-29 04:00:00,1806.627,1807.427,1804.13,1804.347,240,240,0,COMPLETE,
2021-12-29 08:00:00,1804.335,1805.28,1794.025,1796.965,240,240,0,COMPLETE,
2021-12-29 12:00:00,1796.933,1802.193,1789.212,1799.86,240,240,0,COMPLETE,
2021-12-29 16:00:00,1799.892,1805.623,1799.892,1805.073,240,240,0,COMPLETE,
2021-12-29 20:00:00,1805.076,1805.474,1803.705,1804.526,178,240,62,EXPECTED_INCOMPLETE,EXPECTED
2021-12-30 00:00:00,1804.533,1805.498,1801.125,1801.516,240,240,0,COMPLETE,
2021-12-30 04:00:00,1801.485,1801.825,1796.118,1798.175,240,240,0,COMPLETE,
2021-12-30 08:00:00,1798.356,1803.24,1798.132,1802.597,240,240,0,COMPLETE,
2021-12-30 12:00:00,1802.564,1808.584,1798.75,1807.129,240,240,0,COMPLETE,
2021-12-30 16:00:00,1807.137,1815.291,1806.799,1815.122,240,240,0,COMPLETE,
2021-12-30 20:00:00,1815.1,1817.117,1814.465,1815.703,178,240,62,EXPECTED_INCOMPLETE,EXPECTED
2021-12-31 00:00:00,1815.704,1818.998,1814.704,1817.078,240,240,0,COMPLETE,
2021-12-31 04:00:00,1817.09,1820.046,1816.64,1816.705,240,240,0,COMPLETE,
2021-12-31 08:00:00,1816.717,1820.249,1815.098,1819.543,240,240,0,COMPLETE,
2021-12-31 12:00:00,1819.532,1827.424,1818.504,1821.971,240,240,0,COMPLETE,
2021-12-31 16:00:00,1821.941,1828.722,1821.584,1827.615,239,240,1,EXPECTED_INCOMPLETE,EXPECTED
2021-12-31 20:00:00,,,,,0,240,240,SESSION_CLOSED_EXPECTED,EXPECTED
2022-01-01 00:00:00,,,,,0,240,240,SESSION_CLOSED_EXPECTED,EXPECTED
2022-01-01 04:00:00,,,,,0,240,240,SESSION_CLOSED_EXPECTED,EXPECTED
2022-01-01 08:00:00,,,,,0,240,240,SESSION_CLOSED_EXPECTED,EXPECTED
2022-01-01 12:00:00,,,,,0,240,240,SESSION_CLOSED_EXPECTED,EXPECTED
2022-01-01 16:00:00,,,,,0,240,240,SESSION_CLOSED_EXPECTED,EXPECTED
2022-01-01 20:00:00,,,,,0,240,240,SESSION_CLOSED_EXPECTED,EXPECTED
2022-01-02 00:00:00,,,,,0,240,240,SESSION_CLOSED_EXPECTED,EXPECTED
2022-01-02 04:00:00,,,,,0,240,240,SESSION_CLOSED_EXPECTED,EXPECTED
2022-01-02 08:00:00,,,,,0,240,240,SESSION_CLOSED_EXPECTED,EXPECTED
2022-01-02 12:00:00,,,,,0,240,240,SESSION_CLOSED_EXPECTED,EXPECTED
2022-01-02 16:00:00,,,,,0,240,240,SESSION_CLOSED_EXPECTED,EXPECTED
2022-01-02 20:00:00,1830.615,1831.73,1828.021,1828.452,55,240,185,EXPECTED_INCOMPLETE,EXPECTED
2022-01-03 00:00:00,1828.453,1831.542,1824.204,1825.685,240,240,0,COMPLETE,
2022-01-03 04:00:00,1825.689,1825.952,1820.826,1824.156,240,240,0,COMPLETE,
2022-01-03 08:00:00,1824.121,1827.457,1821.356,1822.834,240,240,0,COMPLETE,
2022-01-03 12:00:00,1822.849,1823.183,1799.762,1801.848,240,240,0,COMPLETE,
2022-01-03 16:00:00,1801.842,1802.949,1798.304,1801.653,240,240,0,COMPLETE,
2022-01-03 20:00:00,1801.66,1804.517,1800.931,1804.101,178,240,62,EXPECTED_INCOMPLETE,EXPECTED
2022-01-04 00:00:00,1804.127,1807.045,1802.902,1804.171,240,240,0,COMPLETE,
2022-01-04 04:00:00,1804.182,1807.354,1803.133,1805.709,240,240,0,COMPLETE,
2022-01-04 08:00:00,1805.743,1808.535,1801.898,1804.009,240,240,0,COMPLETE,
2022-01-04 12:00:00,1803.979,1816.68,1798.452,1814.568,240,240,0,COMPLETE,
2022-01-04 16:00:00,1814.601,1815.537,1811.62,1814.498,240,240,0,COMPLETE,
2022-01-04 20:00:00,1814.502,1815.365,1813.032,1813.873,178,240,62,EXPECTED_INCOMPLETE,EXPECTED
2022-01-05 00:00:00,1813.885,1816.448,1812.714,1815.403,240,240,0,COMPLETE,
2022-01-05 04:00:00,1815.397,1817.006,1812.31,1813.429,240,240,0,COMPLETE,
2022-01-05 08:00:00,1813.436,1820.697,1813.313,1818.618,240,240,0,COMPLETE,
2022-01-05 12:00:00,1818.65,1829.591,1814.719,1823.269,240,240,0,COMPLETE,
2022-01-05 16:00:00,1823.237,1825.576,1812.416,1812.87,240,240,0,COMPLETE,
2022-01-05 20:00:00,1812.901,1814.181,1808.259,1810.244,178,240,62,EXPECTED_INCOMPLETE,EXPECTED
2022-01-06 00:00:00,1810.275,1811.475,1806.521,1806.968,240,240,0,COMPLETE,
2022-01-06 04:00:00,1806.972,1807.484,1799.019,1800.908,240,240,0,COMPLETE,
2022-01-06 08:00:00,1800.903,1806.892,1793.554,1797.385,240,240,0,COMPLETE,
2022-01-06 12:00:00,1797.416,1800.387,1786.828,1790.632,240,240,0,COMPLETE,
2022-01-06 16:00:00,1790.663,1793.454,1786.332,1787.967,240,240,0,COMPLETE,
2022-01-06 20:00:00,1787.945,1791.605,1787.381,1791.365,178,240,62,EXPECTED_INCOMPLETE,EXPECTED
2022-01-07 00:00:00,1791.381,1793.133,1789.704,1792.775,240,240,0,COMPLETE,
2022-01-07 04:00:00,1792.777,1792.921,1787.996,1789.785,240,240,0,COMPLETE,
2022-01-07 08:00:00,1789.816,1793.888,1787.732,1793.309,240,240,0,COMPLETE,
2022-01-07 12:00:00,1793.277,1795.926,1782.289,1789.152,240,240,0,COMPLETE,
2022-01-07 16:00:00,1789.186,1798.604,1789.186,1796.694,240,240,0,COMPLETE,
2022-01-07 20:00:00,1796.725,1797.445,1794.286,1796.899,119,240,121,EXPECTED_INCOMPLETE,EXPECTED
2022-01-08 00:00:00,,,,,0,240,240,SESSION_CLOSED_EXPECTED,EXPECTED
2022-01-08 04:00:00,,,,,0,240,240,SESSION_CLOSED_EXPECTED,EXPECTED
2022-01-08 08:00:00,,,,,0,240,240,SESSION_CLOSED_EXPECTED,EXPECTED
2022-01-08 12:00:00,,,,,0,240,240,SESSION_CLOSED_EXPECTED,EXPECTED
2022-01-08 16:00:00,,,,,0,240,240,SESSION_CLOSED_EXPECTED,EXPECTED
2022-01-08 20:00:00,,,,,0,240,240,SESSION_CLOSED_EXPECTED,EXPECTED
2022-01-09 00:00:00,,,,,0,240,240,SESSION_CLOSED_EXPECTED,EXPECTED
2022-01-09 04:00:00,,,,,0,240,240,SESSION_CLOSED_EXPECTED,EXPECTED
2022-01-09 08:00:00,,,,,0,240,240,SESSION_CLOSED_EXPECTED,EXPECTED
2022-01-09 12:00:00,,,,,0,240,240,SESSION_CLOSED_EXPECTED,EXPECTED
2022-01-09 16:00:00,,,,,0,240,240,SESSION_CLOSED_EXPECTED,EXPECTED
2022-01-09 20:00:00,1794.898,1796.069,1794.505,1795.145,55,240,185,EXPECTED_INCOMPLETE,EXPECTED
2022-01-10 00:00:00,1795.117,1796.66,1791.675,1792.115,240,240,0,COMPLETE,
2022-01-10 04:00:00,1792.084,1795.519,1791.311,1793.578,240,240,0,COMPLETE,
2022-01-10 08:00:00,1793.611,1802.257,1792.092,1800.552,240,240,0,COMPLETE,
2022-01-10 12:00:00,1800.52,1801.377,1790.033,1793.394,240,240,0,COMPLETE,
2022-01-10 16:00:00,1793.363,1801.623,1793.211,1800.849,240,240,0,COMPLETE,
2022-01-10 20:00:00,1800.819,1802.899,1799.636,1801.225,177,240,63,UNEXPECTED_INCOMPLETE,EXPECTED|UNEXPECTED
2022-01-11 00:00:00,1801.195,1807.776,1801.195,1805.921,240,240,0,COMPLETE,
2022-01-11 04:00:00,1805.941,1809.775,1805.529,1809.168,240,240,0,COMPLETE,
2022-01-11 08:00:00,1809.138,1810.196,1804.311,1806.462,240,240,0,COMPLETE,
2022-01-11 12:00:00,1806.441,1811.914,1801.7,1811.642,240,240,0,COMPLETE,
2022-01-11 16:00:00,1811.611,1821.161,1809.991,1820.81,240,240,0,COMPLETE,
2022-01-11 20:00:00,1820.767,1823.249,1820.048,1820.722,178,240,62,EXPECTED_INCOMPLETE,EXPECTED
2022-01-12 00:00:00,1820.714,1822.506,1818.058,1818.063,240,240,0,COMPLETE,
2022-01-12 04:00:00,1818.055,1821.487,1815.715,1817.213,240,240,0,COMPLETE,
2022-01-12 08:00:00,1817.22,1818.457,1814.465,1817.166,240,240,0,COMPLETE,
2022-01-12 12:00:00,1817.135,1825.04,1816.329,1823.744,240,240,0,COMPLETE,
2022-01-12 16:00:00,1823.718,1827.977,1820.099,1827.904,240,240,0,COMPLETE,
2022-01-12 20:00:00,1827.905,1828.061,1824.864,1825.277,178,240,62,EXPECTED_INCOMPLETE,EXPECTED
2022-01-13 00:00:00,1825.28,1826.587,1823.987,1825.117,240,240,0,COMPLETE,
2022-01-13 04:00:00,1825.105,1828.107,1823.432,1826.633,240,240,0,COMPLETE,
2022-01-13 08:00:00,1826.595,1827.517,1819.0,1823.59,240,240,0,COMPLETE,
2022-01-13 12:00:00,1823.588,1825.924,1814.161,1814.571,240,240,0,COMPLETE,
2022-01-13 16:00:00,1814.586,1821.917,1812.206,1820.959,240,240,0,COMPLETE,
2022-01-13 20:00:00,1820.97,1822.844,1820.696,1820.818,178,240,62,EXPECTED_INCOMPLETE,EXPECTED
2022-01-14 00:00:00,1820.817,1827.087,1819.543,1826.03,240,240,0,COMPLETE,
2022-01-14 04:00:00,1826.026,1828.029,1825.527,1826.716,240,240,0,COMPLETE,
2022-01-14 08:00:00,1826.711,1829.045,1819.655,1822.433,240,240,0,COMPLETE,
2022-01-14 12:00:00,1822.402,1827.46,1819.193,1821.019,240,240,0,COMPLETE,
2022-01-14 16:00:00,1821.033,1821.796,1814.63,1818.192,240,240,0,COMPLETE,
2022-01-14 20:00:00,1818.196,1818.856,1816.376,1817.639,119,240,121,EXPECTED_INCOMPLETE,EXPECTED
2022-01-15 00:00:00,,,,,0,240,240,SESSION_CLOSED_EXPECTED,EXPECTED
2022-01-15 04:00:00,,,,,0,240,240,SESSION_CLOSED_EXPECTED,EXPECTED
2022-01-15 08:00:00,,,,,0,240,240,SESSION_CLOSED_EXPECTED,EXPECTED
2022-01-15 12:00:00,,,,,0,240,240,SESSION_CLOSED_EXPECTED,EXPECTED
2022-01-15 16:00:00,,,,,0,240,240,SESSION_CLOSED_EXPECTED,EXPECTED
2022-01-15 20:00:00,,,,,0,240,240,SESSION_CLOSED_EXPECTED,EXPECTED
2022-01-16 00:00:00,,,,,0,240,240,SESSION_CLOSED_EXPECTED,EXPECTED
2022-01-16 04:00:00,,,,,0,240,240,SESSION_CLOSED_EXPECTED,EXPECTED
2022-01-16 08:00:00,,,,,0,240,240,SESSION_CLOSED_EXPECTED,EXPECTED
2022-01-16 12:00:00,,,,,0,240,240,SESSION_CLOSED_EXPECTED,EXPECTED
2022-01-16 16:00:00,,,,,0,240,240,SESSION_CLOSED_EXPECTED,EXPECTED
2022-01-16 20:00:00,1817.663,1818.081,1815.859,1816.379,55,240,185,EXPECTED_INCOMPLETE,EXPECTED
2022-01-17 00:00:00,1816.377,1819.422,1813.109,1818.793,240,240,0,COMPLETE,
2022-01-17 04:00:00,1818.798,1822.298,1818.217,1821.947,240,240,0,COMPLETE,
2022-01-17 08:00:00,1821.95,1823.141,1819.756,1821.236,240,240,0,COMPLETE,
2022-01-17 12:00:00,1821.239,1821.458,1817.532,1818.809,240,240,0,COMPLETE,
2022-01-17 16:00:00,1818.808,1819.95,1817.787,1818.267,193,240,47,UNEXPECTED_INCOMPLETE,UNEXPECTED
2022-01-17 20:00:00,1818.483,1819.246,1818.337,1819.029,59,240,181,UNEXPECTED_INCOMPLETE,UNEXPECTED
2022-01-18 00:00:00,1818.985,1822.726,1815.062,1816.281,240,240,0,COMPLETE,
2022-01-18 04:00:00,1816.279,1818.207,1812.797,1816.185,240,240,0,COMPLETE,
2022-01-18 08:00:00,1816.154,1817.15,1809.087,1813.053,240,240,0,COMPLETE,
2022-01-18 12:00:00,1813.05,1820.05,1805.73,1819.859,240,240,0,COMPLETE,
2022-01-18 16:00:00,1819.866,1820.067,1810.575,1813.958,240,240,0,COMPLETE,
2022-01-18 20:00:00,1813.988,1815.264,1813.07,1814.21,178,240,62,EXPECTED_INCOMPLETE,EXPECTED
2022-01-19 00:00:00,1814.231,1814.428,1810.042,1811.708,240,240,0,COMPLETE,
2022-01-19 04:00:00,1811.691,1815.179,1811.049,1811.472,240,240,0,COMPLETE,
2022-01-19 08:00:00,1811.442,1819.859,1811.314,1817.323,240,240,0,COMPLETE,
2022-01-19 12:00:00,1817.326,1838.527,1816.685,1838.255,240,240,0,COMPLETE,
2022-01-19 16:00:00,1838.287,1843.218,1837.07,1842.725,240,240,0,COMPLETE,
2022-01-19 20:00:00,1842.755,1843.326,1838.286,1838.495,178,240,62,EXPECTED_INCOMPLETE,EXPECTED
2022-01-20 00:00:00,1838.496,1843.786,1837.942,1839.572,240,240,0,COMPLETE,
2022-01-20 04:00:00,1839.585,1840.982,1838.256,1839.059,240,240,0,COMPLETE,
2022-01-20 08:00:00,1839.03,1842.04,1836.637,1839.412,240,240,0,COMPLETE,
2022-01-20 12:00:00,1839.443,1847.796,1835.726,1846.816,240,240,0,COMPLETE,
2022-01-20 16:00:00,1846.786,1846.802,1838.315,1840.081,240,240,0,COMPLETE,
2022-01-20 20:00:00,1840.048,1840.431,1837.203,1838.889,178,240,62,EXPECTED_INCOMPLETE,EXPECTED
2022-01-21 00:00:00,1838.895,1841.934,1836.267,1840.757,240,240,0,COMPLETE,
2022-01-21 04:00:00,1840.759,1842.732,1836.549,1837.999,240,240,0,COMPLETE,
2022-01-21 08:00:00,1837.964,1838.976,1828.186,1831.803,240,240,0,COMPLETE,
2022-01-21 12:00:00,1831.807,1843.095,1831.104,1834.523,240,240,0,COMPLETE,
2022-01-21 16:00:00,1834.555,1835.091,1830.136,1831.54,240,240,0,COMPLETE,
2022-01-21 20:00:00,1831.51,1835.008,1828.483,1834.664,119,240,121,EXPECTED_INCOMPLETE,EXPECTED
2022-01-22 00:00:00,,,,,0,240,240,SESSION_CLOSED_EXPECTED,EXPECTED
2022-01-22 04:00:00,,,,,0,240,240,SESSION_CLOSED_EXPECTED,EXPECTED
2022-01-22 08:00:00,,,,,0,240,240,SESSION_CLOSED_EXPECTED,EXPECTED
2022-01-22 12:00:00,,,,,0,240,240,SESSION_CLOSED_EXPECTED,EXPECTED
2022-01-22 16:00:00,,,,,0,240,240,SESSION_CLOSED_EXPECTED,EXPECTED
2022-01-22 20:00:00,,,,,0,240,240,SESSION_CLOSED_EXPECTED,EXPECTED
2022-01-23 00:00:00,,,,,0,240,240,SESSION_CLOSED_EXPECTED,EXPECTED
2022-01-23 04:00:00,,,,,0,240,240,SESSION_CLOSED_EXPECTED,EXPECTED
2022-01-23 08:00:00,,,,,0,240,240,SESSION_CLOSED_EXPECTED,EXPECTED
2022-01-23 12:00:00,,,,,0,240,240,SESSION_CLOSED_EXPECTED,EXPECTED
2022-01-23 16:00:00,,,,,0,240,240,SESSION_CLOSED_EXPECTED,EXPECTED
2022-01-23 20:00:00,1833.144,1837.088,1833.123,1834.669,55,240,185,EXPECTED_INCOMPLETE,EXPECTED
2022-01-24 00:00:00,1834.699,1837.382,1832.484,1836.502,240,240,0,COMPLETE,
2022-01-24 04:00:00,1836.499,1839.544,1836.179,1837.951,240,240,0,COMPLETE,
2022-01-24 08:00:00,1837.92,1844.01,1837.068,1838.151,240,240,0,COMPLETE,
2022-01-24 12:00:00,1838.136,1842.971,1829.487,1834.421,240,240,0,COMPLETE,
2022-01-24 16:00:00,1834.451,1843.022,1832.511,1838.704,240,240,0,COMPLETE,
2022-01-24 20:00:00,1838.674,1844.124,1837.703,1843.521,178,240,62,EXPECTED_INCOMPLETE,EXPECTED
2022-01-25 00:00:00,1843.527,1843.569,1839.423,1842.19,240,240,0,COMPLETE,
2022-01-25 04:00:00,1842.189,1843.26,1840.304,1840.742,240,240,0,COMPLETE,
2022-01-25 08:00:00,1840.713,1843.126,1834.667,1837.609,240,240,0,COMPLETE,
2022-01-25 12:00:00,1837.599,1852.794,1837.527,1846.895,240,240,0,COMPLETE,
2022-01-25 16:00:00,1846.865,1853.785,1845.097,1851.698,240,240,0,COMPLETE,
2022-01-25 20:00:00,1851.664,1851.907,1846.95,1849.526,178,240,62,EXPECTED_INCOMPLETE,EXPECTED
2022-01-26 00:00:00,1849.505,1849.51,1846.504,1846.991,240,240,0,COMPLETE,
2022-01-26 04:00:00,1847.007,1848.645,1843.685,1843.903,240,240,0,COMPLETE,
2022-01-26 08:00:00,1843.911,1847.657,1842.622,1843.051,240,240,0,COMPLETE,
2022-01-26 12:00:00,1843.085,1848.004,1831.03,1834.087,240,240,0,COMPLETE,
2022-01-26 16:00:00,1834.118,1834.41,1815.383,1819.488,240,240,0,COMPLETE,
2022-01-26 20:00:00,1819.455,1822.078,1814.84,1821.928,178,240,62,EXPECTED_INCOMPLETE,EXPECTED
2022-01-27 00:00:00,1821.924,1821.949,1812.693,1815.907,240,240,0,COMPLETE,
2022-01-27 04:00:00,1815.876,1816.508,1809.849,1810.902,240,240,0,COMPLETE,
2022-01-27 08:00:00,1810.871,1816.835,1807.24,1811.377,240,240,0,COMPLETE,
2022-01-27 12:00:00,1811.345,1813.632,1795.365,1796.429,240,240,0,COMPLETE,
2022-01-27 16:00:00,1796.398,1798.377,1791.76,1792.901,240,240,0,COMPLETE,
2022-01-27 20:00:00,1792.922,1798.257,1792.14,1797.205,178,240,62,EXPECTED_INCOMPLETE,EXPECTED
2022-01-28 00:00:00,1797.232,1799.343,1795.03,1799.079,240,240,0,COMPLETE,
2022-01-28 04:00:00,1799.065,1799.322,1795.59,1795.879,240,240,0,COMPLETE,
2022-01-28 08:00:00,1795.849,1795.849,1780.165,1785.597,240,240,0,COMPLETE,
2022-01-28 12:00:00,1785.57,1792.755,1780.453,1782.803,240,240,0,COMPLETE,
2022-01-28 16:00:00,1782.833,1788.304,1781.868,1786.902,240,240,0,COMPLETE,
2022-01-28 20:00:00,1786.938,1792.096,1786.748,1791.634,119,240,121,EXPECTED_INCOMPLETE,EXPECTED
2022-01-29 00:00:00,,,,,0,240,240,SESSION_CLOSED_EXPECTED,EXPECTED
2022-01-29 04:00:00,,,,,0,240,240,SESSION_CLOSED_EXPECTED,EXPECTED
2022-01-29 08:00:00,,,,,0,240,240,SESSION_CLOSED_EXPECTED,EXPECTED
2022-01-29 12:00:00,,,,,0,240,240,SESSION_CLOSED_EXPECTED,EXPECTED
2022-01-29 16:00:00,,,,,0,240,240,SESSION_CLOSED_EXPECTED,EXPECTED
2022-01-29 20:00:00,,,,,0,240,240,SESSION_CLOSED_EXPECTED,EXPECTED
2022-01-30 00:00:00,,,,,0,240,240,SESSION_CLOSED_EXPECTED,EXPECTED
2022-01-30 04:00:00,,,,,0,240,240,SESSION_CLOSED_EXPECTED,EXPECTED
2022-01-30 08:00:00,,,,,0,240,240,SESSION_CLOSED_EXPECTED,EXPECTED
2022-01-30 12:00:00,,,,,0,240,240,SESSION_CLOSED_EXPECTED,EXPECTED
2022-01-30 16:00:00,,,,,0,240,240,SESSION_CLOSED_EXPECTED,EXPECTED
2022-01-30 20:00:00,1789.345,1790.575,1788.327,1789.464,55,240,185,EXPECTED_INCOMPLETE,EXPECTED
2022-01-31 00:00:00,1789.494,1790.243,1786.257,1786.957,240,240,0,COMPLETE,
2022-01-31 04:00:00,1786.982,1789.359,1785.425,1788.73,240,240,0,COMPLETE,
2022-01-31 08:00:00,1788.763,1793.62,1787.021,1792.263,240,240,0,COMPLETE,
2022-01-31 12:00:00,1792.269,1799.629,1789.559,1796.252,240,240,0,COMPLETE,
2022-01-31 16:00:00,1796.276,1799.841,1794.833,1798.454,240,240,0,COMPLETE,
2022-01-31 20:00:00,1798.485,1799.702,1796.29,1797.738,178,240,62,EXPECTED_INCOMPLETE,EXPECTED
2022-02-01 00:00:00,1797.736,1799.323,1795.718,1796.601,240,240,0,COMPLETE,
2022-02-01 04:00:00,1796.587,1804.362,1796.288,1803.981,240,240,0,COMPLETE,
2022-02-01 08:00:00,1803.949,1808.249,1801.846,1806.167,240,240,0,COMPLETE,
2022-02-01 12:00:00,1806.163,1808.524,1797.702,1804.367,240,240,0,COMPLETE,
2022-02-01 16:00:00,1804.337,1807.868,1799.342,1799.354,240,240,0,COMPLETE,
2022-02-01 20:00:00,1799.322,1802.302,1798.502,1800.694,178,240,62,EXPECTED_INCOMPLETE,EXPECTED
2022-02-02 00:00:00,1800.711,1801.591,1797.293,1797.617,240,240,0,COMPLETE,
2022-02-02 04:00:00,1797.611,1798.999,1794.218,1796.691,240,240,0,COMPLETE,
2022-02-02 08:00:00,1796.721,1803.598,1796.377,1802.784,240,240,0,COMPLETE,
2022-02-02 12:00:00,1802.799,1810.423,1800.506,1808.522,240,240,0,COMPLETE,
2022-02-02 16:00:00,1808.517,1810.736,1807.303,1807.44,240,240,0,COMPLETE,
2022-02-02 20:00:00,1807.422,1808.207,1805.081,1807.83,178,240,62,EXPECTED_INCOMPLETE,EXPECTED
2022-02-03 00:00:00,1807.797,1808.931,1805.936,1807.053,240,240,0,COMPLETE,
2022-02-03 04:00:00,1807.04,1807.167,1803.063,1804.529,240,240,0,COMPLETE,
2022-02-03 08:00:00,1804.499,1806.04,1802.21,1804.241,240,240,0,COMPLETE,
2022-02-03 12:00:00,1804.182,1805.056,1788.521,1803.022,240,240,0,COMPLETE,
2022-02-03 16:00:00,1803.054,1807.605,1801.049,1805.049,240,240,0,COMPLETE,
2022-02-03 20:00:00,1805.079,1806.446,1804.546,1805.719,178,240,62,EXPECTED_INCOMPLETE,EXPECTED
2022-02-04 00:00:00,1805.691,1807.526,1804.957,1806.486,240,240,0,COMPLETE,
2022-02-04 04:00:00,1806.48,1808.982,1805.77,1807.279,240,240,0,COMPLETE,
2022-02-04 08:00:00,1807.309,1814.374,1806.158,1810.949,240,240,0,COMPLETE,
2022-02-04 12:00:00,1810.98,1814.862,1792.076,1803.835,240,240,0,COMPLETE,
2022-02-04 16:00:00,1803.824,1808.601,1803.086,1806.822,240,240,0,COMPLETE,
2022-02-04 20:00:00,1806.852,1808.248,1805.995,1807.732,119,240,121,EXPECTED_INCOMPLETE,EXPECTED
2022-02-05 00:00:00,,,,,0,240,240,SESSION_CLOSED_EXPECTED,EXPECTED
2022-02-05 04:00:00,,,,,0,240,240,SESSION_CLOSED_EXPECTED,EXPECTED
2022-02-05 08:00:00,,,,,0,240,240,SESSION_CLOSED_EXPECTED,EXPECTED
2022-02-05 12:00:00,,,,,0,240,240,SESSION_CLOSED_EXPECTED,EXPECTED
2022-02-05 16:00:00,,,,,0,240,240,SESSION_CLOSED_EXPECTED,EXPECTED
2022-02-05 20:00:00,,,,,0,240,240,SESSION_CLOSED_EXPECTED,EXPECTED
2022-02-06 00:00:00,,,,,0,240,240,SESSION_CLOSED_EXPECTED,EXPECTED
2022-02-06 04:00:00,,,,,0,240,240,SESSION_CLOSED_EXPECTED,EXPECTED
2022-02-06 08:00:00,,,,,0,240,240,SESSION_CLOSED_EXPECTED,EXPECTED
2022-02-06 12:00:00,,,,,0,240,240,SESSION_CLOSED_EXPECTED,EXPECTED
2022-02-06 16:00:00,,,,,0,240,240,SESSION_CLOSED_EXPECTED,EXPECTED
2022-02-06 20:00:00,1808.436,1811.438,1807.877,1810.028,55,240,185,EXPECTED_INCOMPLETE,EXPECTED
2022-02-07 00:00:00,1810.035,1815.19,1808.658,1809.866,240,240,0,COMPLETE,
2022-02-07 04:00:00,1809.842,1812.824,1808.628,1812.824,240,240,0,COMPLETE,
2022-02-07 08:00:00,1813.005,1814.105,1809.965,1813.58,240,240,0,COMPLETE,
2022-02-07 12:00:00,1813.553,1816.964,1811.635,1815.841,240,240,0,COMPLETE,
2022-02-07 16:00:00,1815.874,1823.503,1814.243,1822.251,240,240,0,COMPLETE,
2022-02-07 20:00:00,1822.284,1822.599,1820.198,1822.004,178,240,62,EXPECTED_INCOMPLETE,EXPECTED
2022-02-08 00:00:00,1821.979,1823.238,1820.223,1821.836,240,240,0,COMPLETE,
2022-02-08 04:00:00,1821.833,1822.27,1815.347,1817.227,240,240,0,COMPLETE,
2022-02-08 08:00:00,1817.25,1820.976,1817.135,1818.046,240,240,0,COMPLETE,
2022-02-08 12:00:00,1818.069,1828.344,1817.194,1824.497,240,240,0,COMPLETE,
2022-02-08 16:00:00,1824.494,1828.737,1824.333,1826.886,240,240,0,COMPLETE,
2022-02-08 20:00:00,1826.91,1827.782,1825.469,1826.134,165,240,75,UNEXPECTED_INCOMPLETE,EXPECTED|UNEXPECTED
2022-02-09 00:00:00,1825.52,1828.653,1825.342,1828.038,158,240,82,UNEXPECTED_INCOMPLETE,UNEXPECTED
2022-02-09 04:00:00,1828.072,1829.082,1825.647,1826.692,240,240,0,COMPLETE,
2022-02-09 08:00:00,1826.662,1828.329,1825.656,1826.817,240,240,0,COMPLETE,
2022-02-09 12:00:00,1826.828,1832.361,1824.374,1828.391,240,240,0,COMPLETE,
2022-02-09 16:00:00,1828.358,1835.783,1828.265,1833.269,240,240,0,COMPLETE,
2022-02-09 20:00:00,1833.292,1833.44,1831.127,1832.541,178,240,62,EXPECTED_INCOMPLETE,EXPECTED
2022-02-10 00:00:00,1832.543,1834.712,1831.505,1834.05,240,240,0,COMPLETE,
2022-02-10 04:00:00,1834.051,1836.02,1833.439,1834.61,240,240,0,COMPLETE,
2022-02-10 08:00:00,1834.578,1834.734,1830.237,1832.271,240,240,0,COMPLETE,
2022-02-10 12:00:00,1832.296,1840.499,1821.482,1835.56,240,240,0,COMPLETE,
2022-02-10 16:00:00,1835.53,1841.879,1828.761,1829.669,240,240,0,COMPLETE,
2022-02-10 20:00:00,1829.7,1830.208,1825.407,1826.796,178,240,62,EXPECTED_INCOMPLETE,EXPECTED
2022-02-11 00:00:00,1826.765,1827.13,1823.682,1824.939,240,240,0,COMPLETE,
2022-02-11 04:00:00,1824.936,1826.117,1820.631,1826.117,240,240,0,COMPLETE,
2022-02-11 08:00:00,1826.087,1827.751,1825.12,1827.177,240,240,0,COMPLETE,
2022-02-11 12:00:00,1827.151,1837.017,1824.822,1835.846,240,240,0,COMPLETE,
2022-02-11 16:00:00,1835.877,1862.186,1832.715,1858.909,240,240,0,COMPLETE,
2022-02-11 20:00:00,1858.94,1865.332,1857.497,1858.955,119,240,121,EXPECTED_INCOMPLETE,EXPECTED
2022-02-12 00:00:00,,,,,0,240,240,SESSION_CLOSED_EXPECTED,EXPECTED
2022-02-12 04:00:00,,,,,0,240,240,SESSION_CLOSED_EXPECTED,EXPECTED
2022-02-12 08:00:00,,,,,0,240,240,SESSION_CLOSED_EXPECTED,EXPECTED
2022-02-12 12:00:00,,,,,0,240,240,SESSION_CLOSED_EXPECTED,EXPECTED
2022-02-12 16:00:00,,,,,0,240,240,SESSION_CLOSED_EXPECTED,EXPECTED
2022-02-12 20:00:00,,,,,0,240,240,SESSION_CLOSED_EXPECTED,EXPECTED
2022-02-13 00:00:00,,,,,0,240,240,SESSION_CLOSED_EXPECTED,EXPECTED
2022-02-13 04:00:00,,,,,0,240,240,SESSION_CLOSED_EXPECTED,EXPECTED
2022-02-13 08:00:00,,,,,0,240,240,SESSION_CLOSED_EXPECTED,EXPECTED
2022-02-13 12:00:00,,,,,0,240,240,SESSION_CLOSED_EXPECTED,EXPECTED
2022-02-13 16:00:00,,,,,0,240,240,SESSION_CLOSED_EXPECTED,EXPECTED
2022-02-13 20:00:00,1855.608,1861.547,1855.387,1859.538,55,240,185,EXPECTED_INCOMPLETE,EXPECTED
2022-02-14 00:00:00,1859.568,1860.652,1852.009,1853.05,240,240,0,COMPLETE,
2022-02-14 04:00:00,1853.015,1855.194,1850.562,1854.304,240,240,0,COMPLETE,
2022-02-14 08:00:00,1854.334,1858.436,1852.152,1856.382,240,240,0,COMPLETE,
2022-02-14 12:00:00,1856.38,1870.941,1851.234,1868.168,240,240,0,COMPLETE,
2022-02-14 16:00:00,1868.143,1874.102,1860.267,1868.065,240,240,0,COMPLETE,
2022-02-14 20:00:00,1868.031,1873.51,1868.031,1871.048,178,240,62,EXPECTED_INCOMPLETE,EXPECTED
2022-02-15 00:00:00,1871.07,1878.904,1870.045,1877.407,240,240,0,COMPLETE,
2022-02-15 04:00:00,1877.376,1879.466,1875.058,1875.646,240,240,0,COMPLETE,
2022-02-15 08:00:00,1875.615,1877.137,1849.809,1852.446,240,240,0,COMPLETE,
2022-02-15 12:00:00,1852.468,1857.119,1844.121,1847.88,240,240,0,COMPLETE,
2022-02-15 16:00:00,1847.882,1856.443,1846.431,1854.358,240,240,0,COMPLETE,
2022-02-15 20:00:00,1854.388,1856.193,1851.464,1852.964,178,240,62,EXPECTED_INCOMPLETE,EXPECTED
2022-02-16 00:00:00,1852.951,1853.144,1850.275,1852.676,240,240,0,COMPLETE,
2022-02-16 04:00:00,1852.702,1856.753,1852.206,1855.178,240,240,0,COMPLETE,
2022-02-16 08:00:00,1855.148,1859.565,1853.96,1856.399,240,240,0,COMPLETE,
2022-02-16 12:00:00,1856.368,1864.625,1851.302,1862.667,240,240,0,COMPLETE,
2022-02-16 16:00:00,1862.636,1872.221,1861.418,1870.413,240,240,0,COMPLETE,
2022-02-16 20:00:00,1870.382,1872.512,1867.379,1869.906,178,240,62,EXPECTED_INCOMPLETE,EXPECTED
2022-02-17 00:00:00,1869.938,1874.653,1867.772,1874.647,240,240,0,COMPLETE,
2022-02-17 04:00:00,1874.679,1877.138,1870.255,1876.097,240,240,0,COMPLETE,
2022-02-17 08:00:00,1876.062,1892.973,1875.31,1883.598,240,240,0,COMPLETE,
2022-02-17 12:00:00,1883.593,1897.438,1882.752,1895.307,240,240,0,COMPLETE,
2022-02-17 16:00:00,1895.337,1900.989,1893.058,1899.854,240,240,0,COMPLETE,
2022-02-17 20:00:00,1899.888,1900.234,1897.275,1899.944,178,240,62,EXPECTED_INCOMPLETE,EXPECTED
2022-02-18 00:00:00,1899.977,1902.395,1888.033,1891.021,240,240,0,COMPLETE,
2022-02-18 04:00:00,1891.031,1893.336,1889.518,1891.618,240,240,0,COMPLETE,
2022-02-18 08:00:00,1891.65,1895.788,1886.288,1891.165,240,240,0,COMPLETE,
2022-02-18 12:00:00,1891.197,1899.974,1889.375,1891.833,240,240,0,COMPLETE,
2022-02-18 16:00:00,1891.802,1897.879,1891.207,1895.491,240,240,0,COMPLETE,
2022-02-18 20:00:00,1895.459,1899.425,1893.563,1897.807,119,240,121,EXPECTED_INCOMPLETE,EXPECTED
2022-02-19 00:00:00,,,,,0,240,240,SESSION_CLOSED_EXPECTED,EXPECTED
2022-02-19 04:00:00,,,,,0,240,240,SESSION_CLOSED_EXPECTED,EXPECTED
2022-02-19 08:00:00,,,,,0,240,240,SESSION_CLOSED_EXPECTED,EXPECTED
2022-02-19 12:00:00,,,,,0,240,240,SESSION_CLOSED_EXPECTED,EXPECTED
2022-02-19 16:00:00,,,,,0,240,240,SESSION_CLOSED_EXPECTED,EXPECTED
2022-02-19 20:00:00,,,,,0,240,240,SESSION_CLOSED_EXPECTED,EXPECTED
2022-02-20 00:00:00,,,,,0,240,240,SESSION_CLOSED_EXPECTED,EXPECTED
2022-02-20 04:00:00,,,,,0,240,240,SESSION_CLOSED_EXPECTED,EXPECTED
2022-02-20 08:00:00,,,,,0,240,240,SESSION_CLOSED_EXPECTED,EXPECTED
2022-02-20 12:00:00,,,,,0,240,240,SESSION_CLOSED_EXPECTED,EXPECTED
2022-02-20 16:00:00,,,,,0,240,240,SESSION_CLOSED_EXPECTED,EXPECTED
2022-02-20 20:00:00,1903.076,1906.406,1900.349,1904.863,55,240,185,EXPECTED_INCOMPLETE,EXPECTED
2022-02-21 00:00:00,1904.861,1908.105,1891.299,1896.819,240,240,0,COMPLETE,
2022-02-21 04:00:00,1896.788,1897.002,1887.562,1891.655,240,240,0,COMPLETE,
2022-02-21 08:00:00,1891.689,1898.628,1891.289,1894.581,240,240,0,COMPLETE,
2022-02-21 12:00:00,1894.587,1897.507,1892.349,1895.344,240,240,0,COMPLETE,
2022-02-21 16:00:00,1895.322,1905.11,1895.322,1903.362,195,240,45,UNEXPECTED_INCOMPLETE,UNEXPECTED
2022-02-21 20:00:00,1909.602,1914.018,1907.745,1909.377,59,240,181,UNEXPECTED_INCOMPLETE,UNEXPECTED
2022-02-22 00:00:00,1909.376,1913.754,1905.196,1908.418,240,240,0,COMPLETE,
2022-02-22 04:00:00,1908.423,1913.224,1907.138,1908.568,240,240,0,COMPLETE,
2022-02-22 08:00:00,1908.551,1911.69,1891.161,1893.764,240,240,0,COMPLETE,
2022-02-22 12:00:00,1893.798,1907.09,1893.725,1897.845,240,240,0,COMPLETE,
2022-02-22 16:00:00,1897.875,1905.64,1896.839,1901.54,240,240,0,COMPLETE,
2022-02-22 20:00:00,1901.51,1901.61,1897.596,1898.158,178,240,62,EXPECTED_INCOMPLETE,EXPECTED
2022-02-23 00:00:00,1898.156,1901.257,1897.816,1899.736,240,240,0,COMPLETE,
2022-02-23 04:00:00,1899.737,1899.797,1893.149,1894.815,240,240,0,COMPLETE,
2022-02-23 08:00:00,1894.785,1897.625,1889.367,1894.745,240,240,0,COMPLETE,
2022-02-23 12:00:00,1894.715,1908.343,1893.519,1907.422,240,240,0,COMPLETE,
2022-02-23 16:00:00,1907.428,1910.458,1905.45,1907.072,240,240,0,COMPLETE,
2022-02-23 20:00:00,1907.103,1911.524,1904.583,1910.758,178,240,62,EXPECTED_INCOMPLETE,EXPECTED
2022-02-24 00:00:00,1910.754,1930.968,1910.075,1929.027,240,240,0,COMPLETE,
2022-02-24 04:00:00,1929.061,1948.64,1928.955,1945.241,240,240,0,COMPLETE,
2022-02-24 08:00:00,1945.211,1974.331,1938.896,1961.483,240,240,0,COMPLETE,
2022-02-24 12:00:00,1961.514,1966.938,1913.204,1928.779,240,240,0,COMPLETE,
2022-02-24 16:00:00,1928.812,1930.203,1877.772,1887.988,240,240,0,COMPLETE,
2022-02-24 20:00:00,1888.018,1913.563,1880.373,1906.531,178,240,62,EXPECTED_INCOMPLETE,EXPECTED
2022-02-25 00:00:00,1906.534,1921.484,1904.33,1914.17,240,240,0,COMPLETE,
2022-02-25 04:00:00,1914.171,1921.285,1910.87,1913.226,240,240,0,COMPLETE,
2022-02-25 08:00:00,1913.374,1915.722,1892.629,1898.863,240,240,0,COMPLETE,
2022-02-25 12:00:00,1898.833,1906.93,1882.823,1889.157,240,240,0,COMPLETE,
2022-02-25 16:00:00,1889.189,1890.871,1883.089,1890.564,240,240,0,COMPLETE,
2022-02-25 20:00:00,1890.532,1892.83,1886.768,1889.003,119,240,121,EXPECTED_INCOMPLETE,EXPECTED
2022-02-26 00:00:00,,,,,0,240,240,SESSION_CLOSED_EXPECTED,EXPECTED
2022-02-26 04:00:00,,,,,0,240,240,SESSION_CLOSED_EXPECTED,EXPECTED
2022-02-26 08:00:00,,,,,0,240,240,SESSION_CLOSED_EXPECTED,EXPECTED
2022-02-26 12:00:00,,,,,0,240,240,SESSION_CLOSED_EXPECTED,EXPECTED
2022-02-26 16:00:00,,,,,0,240,240,SESSION_CLOSED_EXPECTED,EXPECTED
2022-02-26 20:00:00,,,,,0,240,240,SESSION_CLOSED_EXPECTED,EXPECTED
2022-02-27 00:00:00,,,,,0,240,240,SESSION_CLOSED_EXPECTED,EXPECTED
2022-02-27 04:00:00,,,,,0,240,240,SESSION_CLOSED_EXPECTED,EXPECTED
2022-02-27 08:00:00,,,,,0,240,240,SESSION_CLOSED_EXPECTED,EXPECTED
2022-02-27 12:00:00,,,,,0,240,240,SESSION_CLOSED_EXPECTED,EXPECTED
2022-02-27 16:00:00,,,,,0,240,240,SESSION_CLOSED_EXPECTED,EXPECTED
2022-02-27 20:00:00,1920.95,1927.279,1904.347,1910.214,55,240,185,EXPECTED_INCOMPLETE,EXPECTED
2022-02-28 00:00:00,1910.181,1919.182,1904.358,1907.447,240,240,0,COMPLETE,
2022-02-28 04:00:00,1907.414,1911.856,1893.111,1896.387,240,240,0,COMPLETE,
2022-02-28 08:00:00,1896.354,1908.866,1894.812,1905.6,240,240,0,COMPLETE,
2022-02-28 12:00:00,1905.601,1918.249,1904.336,1908.241,240,240,0,COMPLETE,
2022-02-28 16:00:00,1908.21,1908.343,1890.826,1906.509,240,240,0,COMPLETE,
2022-02-28 20:00:00,1906.479,1910.869,1904.64,1906.268,178,240,62,EXPECTED_INCOMPLETE,EXPECTED
2022-03-01 00:00:00,1906.236,1907.804,1901.217,1905.654,240,240,0,COMPLETE,
2022-03-01 04:00:00,1905.623,1908.736,1904.57,1907.702,240,240,0,COMPLETE,
2022-03-01 08:00:00,1907.672,1926.301,1907.182,1920.251,240,240,0,COMPLETE,
2022-03-01 12:00:00,1920.282,1929.705,1910.869,1926.538,240,240,0,COMPLETE,
2022-03-01 16:00:00,1926.568,1942.741,1923.269,1940.358,240,240,0,COMPLETE,
2022-03-01 20:00:00,1940.391,1949.979,1939.195,1942.269,178,240,62,EXPECTED_INCOMPLETE,EXPECTED
2022-03-02 00:00:00,1942.264,1943.775,1930.979,1935.777,240,240,0,COMPLETE,
2022-03-02 04:00:00,1935.747,1947.706,1931.555,1944.728,240,240,0,COMPLETE,
2022-03-02 08:00:00,1944.744,1944.744,1913.468,1929.289,240,240,0,COMPLETE,
2022-03-02 12:00:00,1929.242,1935.584,1922.238,1926.912,240,240,0,COMPLETE,
2022-03-02 16:00:00,1926.941,1928.531,1914.908,1927.846,240,240,0,COMPLETE,
2022-03-02 20:00:00,1927.876,1933.286,1924.627,1928.805,178,240,62,EXPECTED_INCOMPLETE,EXPECTED
2022-03-03 00:00:00,1928.837,1930.783,1926.162,1927.406,240,240,0,COMPLETE,
2022-03-03 04:00:00,1927.401,1932.313,1921.838,1932.067,240,240,0,COMPLETE,
2022-03-03 08:00:00,1932.097,1938.651,1923.519,1932.426,240,240,0,COMPLETE,
2022-03-03 12:00:00,1932.393,1937.034,1924.367,1926.257,240,240,0,COMPLETE,
2022-03-03 16:00:00,1926.226,1935.694,1923.018,1935.256,240,240,0,COMPLETE,
2022-03-03 20:00:00,1935.225,1941.243,1934.837,1934.87,178,240,62,EXPECTED_INCOMPLETE,EXPECTED
2022-03-04 00:00:00,1934.879,1950.82,1929.366,1939.554,240,240,0,COMPLETE,
2022-03-04 04:00:00,1939.568,1940.575,1934.028,1936.131,240,240,0,COMPLETE,
2022-03-04 08:00:00,1936.163,1949.008,1933.96,1946.384,240,240,0,COMPLETE,
2022-03-04 12:00:00,1946.354,1959.367,1939.835,1957.928,240,240,0,COMPLETE,
2022-03-04 16:00:00,1957.958,1969.946,1956.684,1967.101,240,240,0,COMPLETE,
2022-03-04 20:00:00,1967.069,1970.844,1965.22,1970.317,119,240,121,EXPECTED_INCOMPLETE,EXPECTED
2022-03-05 00:00:00,,,,,0,240,240,SESSION_CLOSED_EXPECTED,EXPECTED
2022-03-05 04:00:00,,,,,0,240,240,SESSION_CLOSED_EXPECTED,EXPECTED
2022-03-05 08:00:00,,,,,0,240,240,SESSION_CLOSED_EXPECTED,EXPECTED
2022-03-05 12:00:00,,,,,0,240,240,SESSION_CLOSED_EXPECTED,EXPECTED
2022-03-05 16:00:00,,,,,0,240,240,SESSION_CLOSED_EXPECTED,EXPECTED
2022-03-05 20:00:00,,,,,0,240,240,SESSION_CLOSED_EXPECTED,EXPECTED
2022-03-06 00:00:00,,,,,0,240,240,SESSION_CLOSED_EXPECTED,EXPECTED
2022-03-06 04:00:00,,,,,0,240,240,SESSION_CLOSED_EXPECTED,EXPECTED
2022-03-06 08:00:00,,,,,0,240,240,SESSION_CLOSED_EXPECTED,EXPECTED
2022-03-06 12:00:00,,,,,0,240,240,SESSION_CLOSED_EXPECTED,EXPECTED
2022-03-06 16:00:00,,,,,0,240,240,SESSION_CLOSED_EXPECTED,EXPECTED
2022-03-06 20:00:00,1981.416,1991.349,1981.269,1988.583,55,240,185,EXPECTED_INCOMPLETE,EXPECTED
2022-03-07 00:00:00,1988.6,2000.777,1984.726,1989.979,240,240,0,COMPLETE,
2022-03-07 04:00:00,1989.952,1993.08,1975.732,1992.757,240,240,0,COMPLETE,
2022-03-07 08:00:00,1992.992,2002.716,1985.641,1990.265,240,240,0,COMPLETE,
2022-03-07 12:00:00,1990.232,1991.365,1960.799,1980.854,240,240,0,COMPLETE,
2022-03-07 16:00:00,1980.886,1997.314,1974.719,1995.967,240,240,0,COMPLETE,
2022-03-07 20:00:00,1995.934,1999.819,1992.181,1998.736,178,240,62,EXPECTED_INCOMPLETE,EXPECTED
2022-03-08 00:00:00,1998.753,2000.034,1980.856,1985.959,240,240,0,COMPLETE,
2022-03-08 04:00:00,1985.938,2020.735,1985.532,2016.123,240,240,0,COMPLETE,
2022-03-08 08:00:00,2016.092,2020.12,1999.141,2009.204,240,240,0,COMPLETE,
2022-03-08 12:00:00,2009.237,2069.768,2003.473,2047.161,240,240,0,COMPLETE,
2022-03-08 16:00:00,2047.192,2070.377,2021.108,2039.377,240,240,0,COMPLETE,
2022-03-08 20:00:00,2039.418,2054.176,2032.377,2043.828,178,240,62,EXPECTED_INCOMPLETE,EXPECTED
2022-03-09 00:00:00,2043.799,2057.488,2035.119,2056.885,240,240,0,COMPLETE,
2022-03-09 04:00:00,2056.89,2059.01,2038.076,2045.857,240,240,0,COMPLETE,
2022-03-09 08:00:00,2045.825,2049.282,2003.916,2011.643,240,240,0,COMPLETE,
2022-03-09 12:00:00,2011.646,2021.478,1975.866,1995.851,240,240,0,COMPLETE,
2022-03-09 16:00:00,1995.853,2005.481,1979.577,1989.559,240,240,0,COMPLETE,
2022-03-09 20:00:00,1989.594,1999.081,1986.905,1989.867,178,240,62,EXPECTED_INCOMPLETE,EXPECTED
2022-03-10 00:00:00,1989.862,1989.975,1970.412,1976.396,240,240,0,COMPLETE,
2022-03-10 04:00:00,1976.398,1988.945,1974.103,1975.213,240,240,0,COMPLETE,
2022-03-10 08:00:00,1975.247,2007.865,1974.712,2005.187,240,240,0,COMPLETE,
2022-03-10 12:00:00,2005.22,2009.102,1981.503,1995.158,240,240,0,COMPLETE,
2022-03-10 16:00:00,1995.189,2005.99,1990.336,1996.217,240,240,0,COMPLETE,
2022-03-10 20:00:00,1996.222,2003.349,1993.921,1995.387,178,240,62,EXPECTED_INCOMPLETE,EXPECTED
2022-03-11 00:00:00,1995.388,1997.308,1988.201,1991.04,240,240,0,COMPLETE,
2022-03-11 04:00:00,1991.045,1992.452,1980.871,1991.398,240,240,0,COMPLETE,
2022-03-11 08:00:00,1991.554,1994.983,1969.345,1979.571,240,240,0,COMPLETE,
2022-03-11 12:00:00,1979.538,1982.015,1958.366,1980.713,240,240,0,COMPLETE,
2022-03-11 16:00:00,1980.734,1989.99,1978.305,1985.488,240,240,0,COMPLETE,
2022-03-11 20:00:00,1985.485,1988.392,1982.142,1988.147,119,240,121,EXPECTED_INCOMPLETE,EXPECTED
2022-03-12 00:00:00,,,,,0,240,240,SESSION_CLOSED_EXPECTED,EXPECTED
2022-03-12 04:00:00,,,,,0,240,240,SESSION_CLOSED_EXPECTED,EXPECTED
2022-03-12 08:00:00,,,,,0,240,240,SESSION_CLOSED_EXPECTED,EXPECTED
2022-03-12 12:00:00,,,,,0,240,240,SESSION_CLOSED_EXPECTED,EXPECTED
2022-03-12 16:00:00,,,,,0,240,240,SESSION_CLOSED_EXPECTED,EXPECTED
2022-03-12 20:00:00,,,,,0,240,240,SESSION_CLOSED_EXPECTED,EXPECTED
2022-03-13 00:00:00,,,,,0,240,240,SESSION_CLOSED_EXPECTED,EXPECTED
2022-03-13 04:00:00,,,,,0,240,240,SESSION_CLOSED_EXPECTED,EXPECTED
2022-03-13 08:00:00,,,,,0,240,240,SESSION_CLOSED_EXPECTED,EXPECTED
2022-03-13 12:00:00,,,,,0,240,240,SESSION_CLOSED_EXPECTED,EXPECTED
2022-03-13 16:00:00,,,,,0,240,240,SESSION_CLOSED_EXPECTED,EXPECTED
2022-03-13 20:00:00,1980.342,1983.847,1970.76,1974.302,115,240,125,EXPECTED_INCOMPLETE,EXPECTED
2022-03-14 00:00:00,1974.263,1978.865,1969.792,1975.642,240,240,0,COMPLETE,
2022-03-14 04:00:00,1975.654,1978.272,1970.997,1972.738,240,240,0,COMPLETE,
2022-03-14 08:00:00,1972.77,1973.468,1954.361,1965.288,240,240,0,COMPLETE,
2022-03-14 12:00:00,1965.258,1967.921,1949.352,1954.6,240,240,0,COMPLETE,
2022-03-14 16:00:00,1954.638,1961.861,1950.622,1952.6,240,240,0,COMPLETE,
2022-03-14 20:00:00,1952.631,1954.617,1950.197,1952.184,178,240,62,EXPECTED_INCOMPLETE,EXPECTED
2022-03-15 00:00:00,1952.176,1952.208,1939.371,1942.142,240,240,0,COMPLETE,
2022-03-15 04:00:00,1942.154,1942.336,1924.697,1929.133,240,240,0,COMPLETE,
2022-03-15 08:00:00,1929.172,1935.33,1920.527,1926.511,240,240,0,COMPLETE,
2022-03-15 12:00:00,1926.481,1928.775,1906.916,1925.182,240,240,0,COMPLETE,
2022-03-15 16:00:00,1925.214,1930.951,1916.276,1916.706,240,240,0,COMPLETE,
2022-03-15 20:00:00,1916.737,1920.564,1913.874,1918.085,178,240,62,EXPECTED_INCOMPLETE,EXPECTED
2022-03-16 00:00:00,1918.082,1924.791,1917.17,1917.903,240,240,0,COMPLETE,
2022-03-16 04:00:00,1917.901,1919.946,1912.326,1916.166,240,240,0,COMPLETE,
2022-03-16 08:00:00,1916.196,1926.994,1911.517,1924.64,240,240,0,COMPLETE,
2022-03-16 12:00:00,1924.607,1925.559,1903.516,1911.705,240,240,0,COMPLETE,
2022-03-16 16:00:00,1911.672,1929.333,1894.75,1927.966,240,240,0,COMPLETE,
2022-03-16 20:00:00,1927.929,1929.424,1921.339,1927.034,178,240,62,EXPECTED_INCOMPLETE,EXPECTED
2022-03-17 00:00:00,1927.03,1938.096,1925.557,1936.342,240,240,0,COMPLETE,
2022-03-17 04:00:00,1936.324,1937.409,1929.932,1935.525,240,240,0,COMPLETE,
2022-03-17 08:00:00,1935.503,1946.843,1934.724,1943.219,240,240,0,COMPLETE,
2022-03-17 12:00:00,1943.179,1949.689,1935.477,1948.238,240,240,0,COMPLETE,
2022-03-17 16:00:00,1948.237,1948.269,1935.453,1937.412,240,240,0,COMPLETE,
2022-03-17 20:00:00,1937.38,1944.13,1936.372,1943.947,178,240,62,EXPECTED_INCOMPLETE,EXPECTED
2022-03-18 00:00:00,1943.915,1945.34,1926.399,1935.063,240,240,0,COMPLETE,
2022-03-18 04:00:00,1935.061,1935.981,1929.723,1934.367,240,240,0,COMPLETE,
2022-03-18 08:00:00,1934.331,1940.667,1928.936,1939.93,240,240,0,COMPLETE,
2022-03-18 12:00:00,1939.953,1940.83,1921.309,1932.378,240,240,0,COMPLETE,
2022-03-18 16:00:00,1932.35,1932.961,1917.946,1920.025,240,240,0,COMPLETE,
2022-03-18 20:00:00,1920.059,1921.774,1918.162,1921.271,59,240,181,EXPECTED_INCOMPLETE,EXPECTED
2022-03-19 00:00:00,,,,,0,240,240,SESSION_CLOSED_EXPECTED,EXPECTED
2022-03-19 04:00:00,,,,,0,240,240,SESSION_CLOSED_EXPECTED,EXPECTED
2022-03-19 08:00:00,,,,,0,240,240,SESSION_CLOSED_EXPECTED,EXPECTED
2022-03-19 12:00:00,,,,,0,240,240,SESSION_CLOSED_EXPECTED,EXPECTED
2022-03-19 16:00:00,,,,,0,240,240,SESSION_CLOSED_EXPECTED,EXPECTED
2022-03-19 20:00:00,,,,,0,240,240,SESSION_CLOSED_EXPECTED,EXPECTED
2022-03-20 00:00:00,,,,,0,240,240,SESSION_CLOSED_EXPECTED,EXPECTED
2022-03-20 04:00:00,,,,,0,240,240,SESSION_CLOSED_EXPECTED,EXPECTED
2022-03-20 08:00:00,,,,,0,240,240,SESSION_CLOSED_EXPECTED,EXPECTED
2022-03-20 12:00:00,,,,,0,240,240,SESSION_CLOSED_EXPECTED,EXPECTED
2022-03-20 16:00:00,,,,,0,240,240,SESSION_CLOSED_EXPECTED,EXPECTED
2022-03-20 20:00:00,1925.067,1926.334,1918.261,1918.985,115,240,125,EXPECTED_INCOMPLETE,EXPECTED
2022-03-21 00:00:00,1919.007,1928.643,1918.771,1926.392,240,240,0,COMPLETE,
2022-03-21 04:00:00,1926.398,1928.865,1921.825,1925.027,240,240,0,COMPLETE,
2022-03-21 08:00:00,1925.033,1928.659,1922.519,1925.325,240,240,0,COMPLETE,
2022-03-21 12:00:00,1925.331,1937.276,1917.862,1935.042,240,240,0,COMPLETE,
2022-03-21 16:00:00,1935.045,1941.097,1926.962,1935.092,240,240,0,COMPLETE,
2022-03-21 20:00:00,1935.13,1937.067,1933.799,1935.579,177,240,63,EXPECTED_INCOMPLETE,EXPECTED
2022-03-22 00:00:00,1935.611,1937.935,1929.342,1936.734,240,240,0,COMPLETE,
2022-03-22 04:00:00,1936.767,1938.331,1932.167,1933.406,240,240,0,COMPLETE,
2022-03-22 08:00:00,1933.475,1933.475,1922.696,1927.693,240,240,0,COMPLETE,
2022-03-22 12:00:00,1927.662,1930.671,1910.378,1917.897,240,240,0,COMPLETE,
2022-03-22 16:00:00,1917.877,1924.845,1917.64,1921.667,240,240,0,COMPLETE,
2022-03-22 20:00:00,1921.632,1922.195,1919.427,1919.665,177,240,63,EXPECTED_INCOMPLETE,EXPECTED
2022-03-23 00:00:00,1919.663,1924.364,1915.575,1921.822,240,240,0,COMPLETE,
2022-03-23 04:00:00,1921.821,1922.482,1916.683,1920.572,240,240,0,COMPLETE,
2022-03-23 08:00:00,1920.607,1935.042,1920.348,1930.685,240,240,0,COMPLETE,
2022-03-23 12:00:00,1930.644,1936.657,1924.881,1929.4,240,240,0,COMPLETE,
2022-03-23 16:00:00,1929.404,1948.31,1927.726,1946.688,240,240,0,COMPLETE,
2022-03-23 20:00:00,1946.72,1947.385,1943.832,1946.106,177,240,63,EXPECTED_INCOMPLETE,EXPECTED
2022-03-24 00:00:00,1946.073,1948.555,1938.685,1938.856,240,240,0,COMPLETE,
2022-03-24 04:00:00,1938.852,1944.005,1937.434,1943.875,240,240,0,COMPLETE,
2022-03-24 08:00:00,1943.883,1956.693,1937.879,1956.388,240,240,0,COMPLETE,
2022-03-24 12:00:00,1956.424,1965.654,1942.467,1962.978,240,240,0,COMPLETE,
2022-03-24 16:00:00,1963.008,1966.151,1960.651,1961.47,240,240,0,COMPLETE,
2022-03-24 20:00:00,1961.502,1962.332,1956.215,1959.217,177,240,63,EXPECTED_INCOMPLETE,EXPECTED
2022-03-25 00:00:00,1959.236,1964.253,1957.76,1960.882,240,240,0,COMPLETE,
2022-03-25 04:00:00,1960.867,1962.395,1953.114,1954.77,240,240,0,COMPLETE,
2022-03-25 08:00:00,1954.774,1960.614,1949.887,1953.195,240,240,0,COMPLETE,
2022-03-25 12:00:00,1953.193,1961.617,1943.079,1957.14,240,240,0,COMPLETE,
2022-03-25 16:00:00,1957.147,1959.481,1951.643,1954.401,240,240,0,COMPLETE,
2022-03-25 20:00:00,1954.432,1958.481,1953.892,1958.243,58,240,182,EXPECTED_INCOMPLETE,EXPECTED
2022-03-26 00:00:00,,,,,0,240,240,SESSION_CLOSED_EXPECTED,EXPECTED
2022-03-26 04:00:00,,,,,0,240,240,SESSION_CLOSED_EXPECTED,EXPECTED
2022-03-26 08:00:00,,,,,0,240,240,SESSION_CLOSED_EXPECTED,EXPECTED
2022-03-26 12:00:00,,,,,0,240,240,SESSION_CLOSED_EXPECTED,EXPECTED
2022-03-26 16:00:00,,,,,0,240,240,SESSION_CLOSED_EXPECTED,EXPECTED
2022-03-26 20:00:00,,,,,0,240,240,SESSION_CLOSED_EXPECTED,EXPECTED
2022-03-27 00:00:00,,,,,0,240,240,SESSION_CLOSED_EXPECTED,EXPECTED
2022-03-27 04:00:00,,,,,0,240,240,SESSION_CLOSED_EXPECTED,EXPECTED
2022-03-27 08:00:00,,,,,0,240,240,SESSION_CLOSED_EXPECTED,EXPECTED
2022-03-27 12:00:00,,,,,0,240,240,SESSION_CLOSED_EXPECTED,EXPECTED
2022-03-27 16:00:00,,,,,0,240,240,SESSION_CLOSED_EXPECTED,EXPECTED
2022-03-27 20:00:00,1955.588,1957.911,1954.787,1957.209,115,240,125,EXPECTED_INCOMPLETE,EXPECTED
2022-03-28 00:00:00,1957.203,1958.405,1941.909,1944.528,240,240,0,COMPLETE,
2022-03-28 04:00:00,1944.553,1944.815,1931.284,1933.034,240,240,0,COMPLETE,
2022-03-28 08:00:00,1933.231,1934.28,1925.211,1930.171,240,240,0,COMPLETE,
2022-03-28 12:00:00,1930.13,1945.352,1929.599,1936.7,240,240,0,COMPLETE,
2022-03-28 16:00:00,1936.71,1940.088,1916.898,1919.201,240,240,0,COMPLETE,
2022-03-28 20:00:00,1919.17,1925.009,1918.945,1924.041,177,240,63,EXPECTED_INCOMPLETE,EXPECTED
2022-03-29 00:00:00,1924.04,1929.272,1921.346,1925.188,240,240,0,COMPLETE,
2022-03-29 04:00:00,1925.173,1925.173,1918.591,1919.296,240,240,0,COMPLETE,
2022-03-29 08:00:00,1919.262,1920.757,1900.705,1908.022,240,240,0,COMPLETE,
2022-03-29 12:00:00,1907.988,1915.309,1890.113,1915.275,240,240,0,COMPLETE,
2022-03-29 16:00:00,1915.287,1921.356,1912.728,1919.306,240,240,0,COMPLETE,
2022-03-29 20:00:00,1919.291,1921.39,1916.25,1916.354,177,240,63,EXPECTED_INCOMPLETE,EXPECTED
2022-03-30 00:00:00,1916.363,1925.497,1915.905,1923.636,240,240,0,COMPLETE,
2022-03-30 04:00:00,1923.657,1928.229,1920.513,1920.92,240,240,0,COMPLETE,
2022-03-30 08:00:00,1920.934,1925.534,1917.002,1923.786,240,240,0,COMPLETE,
2022-03-30 12:00:00,1923.792,1938.489,1922.371,1936.988,240,240,0,COMPLETE,
2022-03-30 16:00:00,1937.02,1937.12,1930.443,1934.231,240,240,0,COMPLETE,
2022-03-30 20:00:00,1934.263,1935.923,1931.667,1934.044,177,240,63,EXPECTED_INCOMPLETE,EXPECTED
2022-03-31 00:00:00,1934.075,1934.151,1923.787,1925.077,240,240,0,COMPLETE,
2022-03-31 04:00:00,1925.079,1933.519,1918.817,1931.296,240,240,0,COMPLETE,
2022-03-31 08:00:00,1931.329,1932.596,1922.336,1930.945,240,240,0,COMPLETE,
2022-03-31 12:00:00,1930.913,1945.083,1928.085,1944.314,240,240,0,COMPLETE,
2022-03-31 16:00:00,1944.344,1949.76,1934.942,1936.582,240,240,0,COMPLETE,
2022-03-31 20:00:00,1936.614,1937.893,1934.757,1936.702,177,240,63,EXPECTED_INCOMPLETE,EXPECTED
2022-04-01 00:00:00,1936.704,1938.585,1932.514,1938.199,240,240,0,COMPLETE,
2022-04-01 04:00:00,1938.201,1939.493,1929.365,1930.67,240,240,0,COMPLETE,
2022-04-01 08:00:00,1930.684,1936.289,1924.248,1928.556,240,240,0,COMPLETE,
2022-04-01 12:00:00,1928.523,1933.942,1918.473,1925.897,240,240,0,COMPLETE,
2022-04-01 16:00:00,1925.928,1926.928,1917.848,1922.445,240,240,0,COMPLETE,
2022-04-01 20:00:00,1922.485,1924.908,1922.161,1924.495,58,240,182,EXPECTED_INCOMPLETE,EXPECTED
2022-04-02 00:00:00,,,,,0,240,240,SESSION_CLOSED_EXPECTED,EXPECTED
2022-04-02 04:00:00,,,,,0,240,240,SESSION_CLOSED_EXPECTED,EXPECTED
2022-04-02 08:00:00,,,,,0,240,240,SESSION_CLOSED_EXPECTED,EXPECTED
2022-04-02 12:00:00,,,,,0,240,240,SESSION_CLOSED_EXPECTED,EXPECTED
2022-04-02 16:00:00,,,,,0,240,240,SESSION_CLOSED_EXPECTED,EXPECTED
2022-04-02 20:00:00,,,,,0,240,240,SESSION_CLOSED_EXPECTED,EXPECTED
2022-04-03 00:00:00,,,,,0,240,240,SESSION_CLOSED_EXPECTED,EXPECTED
2022-04-03 04:00:00,,,,,0,240,240,SESSION_CLOSED_EXPECTED,EXPECTED
2022-04-03 08:00:00,,,,,0,240,240,SESSION_CLOSED_EXPECTED,EXPECTED
2022-04-03 12:00:00,,,,,0,240,240,SESSION_CLOSED_EXPECTED,EXPECTED
2022-04-03 16:00:00,,,,,0,240,240,SESSION_CLOSED_EXPECTED,EXPECTED
2022-04-03 20:00:00,1924.641,1924.995,1921.444,1924.674,115,240,125,EXPECTED_INCOMPLETE,EXPECTED
2022-04-04 00:00:00,1924.635,1926.81,1918.237,1918.95,240,240,0,COMPLETE,
2022-04-04 04:00:00,1918.973,1930.762,1915.28,1929.832,240,240,0,COMPLETE,
2022-04-04 08:00:00,1929.867,1933.024,1925.604,1929.185,240,240,0,COMPLETE,
2022-04-04 12:00:00,1929.225,1936.815,1924.165,1933.609,240,240,0,COMPLETE,
2022-04-04 16:00:00,1933.64,1934.002,1928.769,1932.353,240,240,0,COMPLETE,
2022-04-04 20:00:00,1932.383,1933.763,1930.813,1931.493,177,240,63,EXPECTED_INCOMPLETE,EXPECTED
2022-04-05 00:00:00,1931.51,1933.107,1927.392,1928.527,240,240,0,COMPLETE,
2022-04-05 04:00:00,1928.525,1933.558,1926.253,1927.549,240,240,0,COMPLETE,
2022-04-05 08:00:00,1927.564,1932.362,1925.434,1927.814,240,240,0,COMPLETE,
2022-04-05 12:00:00,1927.845,1944.555,1918.288,1920.485,240,240,0,COMPLETE,
2022-04-05 16:00:00,1920.453,1925.629,1917.767,1920.454,240,240,0,COMPLETE,
2022-04-05 20:00:00,1920.421,1924.085,1920.048,1920.618,177,240,63,EXPECTED_INCOMPLETE,EXPECTED
2022-04-06 00:00:00,1920.617,1925.264,1916.412,1923.827,240,240,0,COMPLETE,
2022-04-06 04:00:00,1923.833,1924.354,1914.838,1921.792,240,240,0,COMPLETE,
2022-04-06 08:00:00,1921.828,1933.482,1918.256,1921.496,240,240,0,COMPLETE,
2022-04-06 12:00:00,1921.465,1931.882,1919.489,1927.888,240,240,0,COMPLETE,
2022-04-06 16:00:00,1927.884,1929.373,1915.353,1924.955,240,240,0,COMPLETE,
2022-04-06 20:00:00,1924.919,1926.602,1922.236,1923.806,177,240,63,EXPECTED_INCOMPLETE,EXPECTED
2022-04-07 00:00:00,1923.783,1927.282,1921.083,1922.271,240,240,0,COMPLETE,
2022-04-07 04:00:00,1922.268,1927.945,1920.496,1925.48,240,240,0,COMPLETE,
2022-04-07 08:00:00,1925.479,1931.661,1923.349,1930.668,240,240,0,COMPLETE,
2022-04-07 12:00:00,1930.636,1937.653,1924.407,1933.746,240,240,0,COMPLETE,
2022-04-07 16:00:00,1933.726,1936.844,1929.506,1932.335,240,240,0,COMPLETE,
2022-04-07 20:00:00,1932.366,1933.694,1929.989,1932.938,177,240,63,EXPECTED_INCOMPLETE,EXPECTED
2022-04-08 00:00:00,1932.968,1935.461,1928.642,1930.913,240,240,0,COMPLETE,
2022-04-08 04:00:00,1930.906,1932.828,1927.668,1931.882,240,240,0,COMPLETE,
2022-04-08 08:00:00,1931.905,1934.527,1929.849,1933.56,240,240,0,COMPLETE,
2022-04-08 12:00:00,1933.595,1948.146,1929.077,1941.594,240,240,0,COMPLETE,
2022-04-08 16:00:00,1941.563,1944.715,1938.944,1944.076,240,240,0,COMPLETE,
2022-04-08 20:00:00,1944.046,1947.868,1943.274,1947.868,58,240,182,EXPECTED_INCOMPLETE,EXPECTED
2022-04-09 00:00:00,,,,,0,240,240,SESSION_CLOSED_EXPECTED,EXPECTED
2022-04-09 04:00:00,,,,,0,240,240,SESSION_CLOSED_EXPECTED,EXPECTED
2022-04-09 08:00:00,,,,,0,240,240,SESSION_CLOSED_EXPECTED,EXPECTED
2022-04-09 12:00:00,,,,,0,240,240,SESSION_CLOSED_EXPECTED,EXPECTED
2022-04-09 16:00:00,,,,,0,240,240,SESSION_CLOSED_EXPECTED,EXPECTED
2022-04-09 20:00:00,,,,,0,240,240,SESSION_CLOSED_EXPECTED,EXPECTED
2022-04-10 00:00:00,,,,,0,240,240,SESSION_CLOSED_EXPECTED,EXPECTED
2022-04-10 04:00:00,,,,,0,240,240,SESSION_CLOSED_EXPECTED,EXPECTED
2022-04-10 08:00:00,,,,,0,240,240,SESSION_CLOSED_EXPECTED,EXPECTED
2022-04-10 12:00:00,,,,,0,240,240,SESSION_CLOSED_EXPECTED,EXPECTED
2022-04-10 16:00:00,,,,,0,240,240,SESSION_CLOSED_EXPECTED,EXPECTED
2022-04-10 20:00:00,1948.292,1950.0,1943.18,1944.606,115,240,125,EXPECTED_INCOMPLETE,EXPECTED
2022-04-11 00:00:00,1944.61,1947.704,1940.092,1942.887,240,240,0,COMPLETE,
2022-04-11 04:00:00,1942.876,1946.85,1939.925,1945.716,240,240,0,COMPLETE,
2022-04-11 08:00:00,1945.735,1961.481,1945.223,1960.582,240,240,0,COMPLETE,
2022-04-11 12:00:00,1960.578,1969.635,1945.684,1951.347,240,240,0,COMPLETE,
2022-04-11 16:00:00,1951.317,1954.583,1940.755,1953.732,240,240,0,COMPLETE,
2022-04-11 20:00:00,1953.767,1955.745,1951.525,1952.799,177,240,63,EXPECTED_INCOMPLETE,EXPECTED
2022-04-12 00:00:00,1952.772,1959.092,1949.785,1959.059,240,240,0,COMPLETE,
2022-04-12 04:00:00,1959.089,1960.446,1952.624,1953.295,240,240,0,COMPLETE,
2022-04-12 08:00:00,1953.281,1957.259,1949.605,1956.604,240,240,0,COMPLETE,
2022-04-12 12:00:00,1956.608,1978.253,1955.238,1970.576,240,240,0,COMPLETE,
2022-04-12 16:00:00,1970.566,1975.877,1964.698,1968.838,240,240,0,COMPLETE,
2022-04-12 20:00:00,1968.872,1968.951,1964.638,1965.899,177,240,63,EXPECTED_INCOMPLETE,EXPECTED
2022-04-13 00:00:00,1965.931,1972.219,1962.745,1969.861,240,240,0,COMPLETE,
2022-04-13 04:00:00,1969.894,1973.503,1965.426,1971.153,240,240,0,COMPLETE,
2022-04-13 08:00:00,1971.201,1980.171,1970.007,1978.01,240,240,0,COMPLETE,
2022-04-13 12:00:00,1977.994,1981.532,1971.707,1980.919,240,240,0,COMPLETE,
2022-04-13 16:00:00,1980.917,1981.498,1974.766,1978.061,240,240,0,COMPLETE,
2022-04-13 20:00:00,1978.093,1979.089,1976.393,1977.082,177,240,63,EXPECTED_INCOMPLETE,EXPECTED
2022-04-14 00:00:00,1977.047,1980.198,1973.523,1973.657,240,240,0,COMPLETE,
2022-04-14 04:00:00,1973.626,1978.007,1970.416,1975.402,240,240,0,COMPLETE,
2022-04-14 08:00:00,1975.484,1979.024,1967.185,1977.143,240,240,0,COMPLETE,
2022-04-14 12:00:00,1977.112,1979.865,1960.42,1966.711,240,240,0,COMPLETE,
2022-04-14 16:00:00,1966.746,1974.917,1966.662,1971.584,240,240,0,COMPLETE,
2022-04-14 20:00:00,1971.638,1973.488,1971.638,1973.111,58,240,182,EXPECTED_INCOMPLETE,EXPECTED
2022-04-15 00:00:00,,,,,0,240,240,SESSION_CLOSED_EXPECTED,EXPECTED
2022-04-15 04:00:00,,,,,0,240,240,SESSION_CLOSED_EXPECTED,EXPECTED
2022-04-15 08:00:00,,,,,0,240,240,SESSION_CLOSED_EXPECTED,EXPECTED
2022-04-15 12:00:00,,,,,0,240,240,SESSION_CLOSED_EXPECTED,EXPECTED
2022-04-15 16:00:00,,,,,0,240,240,SESSION_CLOSED_EXPECTED,EXPECTED
2022-04-15 20:00:00,,,,,0,240,240,SESSION_CLOSED_EXPECTED,EXPECTED
2022-04-16 00:00:00,,,,,0,240,240,SESSION_CLOSED_EXPECTED,EXPECTED
2022-04-16 04:00:00,,,,,0,240,240,SESSION_CLOSED_EXPECTED,EXPECTED
2022-04-16 08:00:00,,,,,0,240,240,SESSION_CLOSED_EXPECTED,EXPECTED
2022-04-16 12:00:00,,,,,0,240,240,SESSION_CLOSED_EXPECTED,EXPECTED
2022-04-16 16:00:00,,,,,0,240,240,SESSION_CLOSED_EXPECTED,EXPECTED
2022-04-16 20:00:00,,,,,0,240,240,SESSION_CLOSED_EXPECTED,EXPECTED
2022-04-17 00:00:00,,,,,0,240,240,SESSION_CLOSED_EXPECTED,EXPECTED
2022-04-17 04:00:00,,,,,0,240,240,SESSION_CLOSED_EXPECTED,EXPECTED
2022-04-17 08:00:00,,,,,0,240,240,SESSION_CLOSED_EXPECTED,EXPECTED
2022-04-17 12:00:00,,,,,0,240,240,SESSION_CLOSED_EXPECTED,EXPECTED
2022-04-17 16:00:00,,,,,0,240,240,SESSION_CLOSED_EXPECTED,EXPECTED
2022-04-17 20:00:00,1972.91,1987.767,1971.978,1986.463,115,240,125,EXPECTED_INCOMPLETE,EXPECTED
2022-04-18 00:00:00,1986.493,1988.503,1982.55,1984.823,240,240,0,COMPLETE,
2022-04-18 04:00:00,1984.825,1992.504,1983.318,1991.492,240,240,0,COMPLETE,
2022-04-18 08:00:00,1991.539,1993.833,1987.694,1991.917,240,240,0,COMPLETE,
2022-04-18 12:00:00,1991.914,1998.178,1982.791,1988.954,240,240,0,COMPLETE,
2022-04-18 16:00:00,1988.934,1990.551,1976.211,1978.167,240,240,0,COMPLETE,
2022-04-18 20:00:00,1978.197,1978.95,1976.208,1977.161,177,240,63,EXPECTED_INCOMPLETE,EXPECTED
2022-04-19 00:00:00,1977.192,1978.839,1974.66,1978.64,240,240,0,COMPLETE,
2022-04-19 04:00:00,1978.674,1980.709,1972.442,1977.924,240,240,0,COMPLETE,
2022-04-19 08:00:00,1977.908,1981.15,1974.708,1980.068,240,240,0,COMPLETE,
2022-04-19 12:00:00,1980.038,1981.76,1950.212,1956.386,240,240,0,COMPLETE,
2022-04-19 16:00:00,1956.417,1958.211,1943.618,1948.112,240,240,0,COMPLETE,
2022-04-19 20:00:00,1948.077,1951.513,1947.255,1949.718,177,240,63,EXPECTED_INCOMPLETE,EXPECTED
2022-04-20 00:00:00,1949.748,1950.108,1942.389,1944.037,240,240,0,COMPLETE,
2022-04-20 04:00:00,1944.042,1946.654,1939.088,1943.764,240,240,0,COMPLETE,
2022-04-20 08:00:00,1943.796,1955.068,1940.126,1952.109,240,240,0,COMPLETE,
2022-04-20 12:00:00,1952.119,1954.556,1943.664,1950.894,240,240,0,COMPLETE,
2022-04-20 16:00:00,1950.931,1958.061,1949.288,1957.774,240,240,0,COMPLETE,
2022-04-20 20:00:00,1957.81,1958.332,1954.622,1956.797,177,240,63,EXPECTED_INCOMPLETE,EXPECTED
2022-04-21 00:00:00,1956.794,1957.397,1950.131,1951.317,240,240,0,COMPLETE,
2022-04-21 04:00:00,1951.287,1953.988,1949.606,1949.745,240,240,0,COMPLETE,
2022-04-21 08:00:00,1949.713,1949.841,1936.478,1939.791,240,240,0,COMPLETE,
2022-04-21 12:00:00,1939.802,1949.504,1937.486,1939.988,240,240,0,COMPLETE,
2022-04-21 16:00:00,1939.991,1954.006,1938.233,1951.072,240,240,0,COMPLETE,
2022-04-21 20:00:00,1951.105,1952.754,1950.332,1950.897,177,240,63,EXPECTED_INCOMPLETE,EXPECTED
2022-04-22 00:00:00,1950.864,1953.551,1945.691,1950.425,240,240,0,COMPLETE,
2022-04-22 04:00:00,1950.427,1955.483,1949.734,1950.951,240,240,0,COMPLETE,
2022-04-22 08:00:00,1950.986,1951.445,1930.481,1935.385,240,240,0,COMPLETE,
2022-04-22 12:00:00,1935.366,1946.215,1926.267,1939.135,240,240,0,COMPLETE,
2022-04-22 16:00:00,1939.105,1940.654,1931.683,1932.626,240,240,0,COMPLETE,
2022-04-22 20:00:00,1932.595,1934.619,1930.924,1931.5,58,240,182,EXPECTED_INCOMPLETE,EXPECTED
2022-04-23 00:00:00,,,,,0,240,240,SESSION_CLOSED_EXPECTED,EXPECTED
2022-04-23 04:00:00,,,,,0,240,240,SESSION_CLOSED_EXPECTED,EXPECTED
2022-04-23 08:00:00,,,,,0,240,240,SESSION_CLOSED_EXPECTED,EXPECTED
2022-04-23 12:00:00,,,,,0,240,240,SESSION_CLOSED_EXPECTED,EXPECTED
2022-04-23 16:00:00,,,,,0,240,240,SESSION_CLOSED_EXPECTED,EXPECTED
2022-04-23 20:00:00,,,,,0,240,240,SESSION_CLOSED_EXPECTED,EXPECTED
2022-04-24 00:00:00,,,,,0,240,240,SESSION_CLOSED_EXPECTED,EXPECTED
2022-04-24 04:00:00,,,,,0,240,240,SESSION_CLOSED_EXPECTED,EXPECTED
2022-04-24 08:00:00,,,,,0,240,240,SESSION_CLOSED_EXPECTED,EXPECTED
2022-04-24 12:00:00,,,,,0,240,240,SESSION_CLOSED_EXPECTED,EXPECTED
2022-04-24 16:00:00,,,,,0,240,240,SESSION_CLOSED_EXPECTED,EXPECTED
2022-04-24 20:00:00,1932.305,1934.435,1929.527,1932.663,115,240,125,EXPECTED_INCOMPLETE,EXPECTED
2022-04-25 00:00:00,1932.661,1932.726,1921.616,1924.115,240,240,0,COMPLETE,
2022-04-25 04:00:00,1924.11,1924.395,1911.98,1915.477,240,240,0,COMPLETE,
2022-04-25 08:00:00,1915.482,1921.124,1905.109,1907.547,240,240,0,COMPLETE,
2022-04-25 12:00:00,1907.545,1909.681,1891.134,1895.759,240,240,0,COMPLETE,
2022-04-25 16:00:00,1895.775,1902.518,1894.441,1897.881,240,240,0,COMPLETE,
2022-04-25 20:00:00,1897.851,1900.582,1897.135,1899.375,177,240,63,EXPECTED_INCOMPLETE,EXPECTED
2022-04-26 00:00:00,1899.407,1905.007,1897.146,1902.231,240,240,0,COMPLETE,
2022-04-26 04:00:00,1902.221,1907.37,1895.449,1896.721,240,240,0,COMPLETE,
2022-04-26 08:00:00,1896.688,1909.407,1896.073,1903.476,240,240,0,COMPLETE,
2022-04-26 12:00:00,1903.51,1911.179,1900.377,1901.67,240,240,0,COMPLETE,
2022-04-26 16:00:00,1901.621,1905.195,1896.461,1901.054,240,240,0,COMPLETE,
2022-04-26 20:00:00,1901.022,1906.981,1900.851,1906.529,177,240,63,EXPECTED_INCOMPLETE,EXPECTED
2022-04-27 00:00:00,1906.543,1906.789,1896.73,1899.066,240,240,0,COMPLETE,
2022-04-27 04:00:00,1899.093,1903.138,1895.823,1897.286,240,240,0,COMPLETE,
2022-04-27 08:00:00,1897.564,1901.33,1886.015,1900.399,240,240,0,COMPLETE,
2022-04-27 12:00:00,1900.364,1906.773,1881.037,1884.967,240,240,0,COMPLETE,
2022-04-27 16:00:00,1884.962,1891.474,1884.773,1886.453,240,240,0,COMPLETE,
2022-04-27 20:00:00,1886.421,1886.421,1883.234,1885.633,177,240,63,EXPECTED_INCOMPLETE,EXPECTED
2022-04-28 00:00:00,1885.625,1886.756,1877.521,1878.903,240,240,0,COMPLETE,
2022-04-28 04:00:00,1878.902,1886.482,1871.9,1884.956,240,240,0,COMPLETE,
2022-04-28 08:00:00,1884.955,1891.751,1879.953,1886.191,240,240,0,COMPLETE,
2022-04-28 12:00:00,1886.154,1895.048,1881.884,1885.86,240,240,0,COMPLETE,
2022-04-28 16:00:00,1885.89,1896.735,1884.787,1895.863,240,240,0,COMPLETE,
2022-04-28 20:00:00,1895.894,1896.251,1892.536,1895.515,177,240,63,EXPECTED_INCOMPLETE,EXPECTED
2022-04-29 00:00:00,1895.526,1905.482,1894.954,1904.33,240,240,0,COMPLETE,
2022-04-29 04:00:00,1904.329,1917.633,1903.461,1917.257,240,240,0,COMPLETE,
2022-04-29 08:00:00,1917.269,1919.729,1912.857,1919.502,240,240,0,COMPLETE,
2022-04-29 12:00:00,1919.535,1919.762,1902.48,1909.622,240,240,0,COMPLETE,
2022-04-29 16:00:00,1909.652,1911.528,1894.415,1896.567,240,240,0,COMPLETE,
2022-04-29 20:00:00,1896.598,1897.748,1895.409,1896.72,58,240,182,EXPECTED_INCOMPLETE,EXPECTED
2022-04-30 00:00:00,,,,,0,240,240,SESSION_CLOSED_EXPECTED,EXPECTED
2022-04-30 04:00:00,,,,,0,240,240,SESSION_CLOSED_EXPECTED,EXPECTED
2022-04-30 08:00:00,,,,,0,240,240,SESSION_CLOSED_EXPECTED,EXPECTED
2022-04-30 12:00:00,,,,,0,240,240,SESSION_CLOSED_EXPECTED,EXPECTED
2022-04-30 16:00:00,,,,,0,240,240,SESSION_CLOSED_EXPECTED,EXPECTED
2022-04-30 20:00:00,,,,,0,240,240,SESSION_CLOSED_EXPECTED,EXPECTED
2022-05-01 00:00:00,,,,,0,240,240,SESSION_CLOSED_EXPECTED,EXPECTED
2022-05-01 04:00:00,,,,,0,240,240,SESSION_CLOSED_EXPECTED,EXPECTED
2022-05-01 08:00:00,,,,,0,240,240,SESSION_CLOSED_EXPECTED,EXPECTED
2022-05-01 12:00:00,,,,,0,240,240,SESSION_CLOSED_EXPECTED,EXPECTED
2022-05-01 16:00:00,,,,,0,240,240,SESSION_CLOSED_EXPECTED,EXPECTED
2022-05-01 20:00:00,1899.389,1899.899,1896.106,1897.236,115,240,125,EXPECTED_INCOMPLETE,EXPECTED
2022-05-02 00:00:00,1897.206,1898.451,1884.099,1888.587,240,240,0,COMPLETE,
2022-05-02 04:00:00,1888.58,1888.58,1882.716,1884.317,240,240,0,COMPLETE,
2022-05-02 08:00:00,1884.283,1885.483,1875.763,1876.082,240,240,0,COMPLETE,
2022-05-02 12:00:00,1876.049,1876.624,1854.475,1870.099,240,240,0,COMPLETE,
2022-05-02 16:00:00,1870.107,1870.2,1859.946,1861.822,240,240,0,COMPLETE,
2022-05-02 20:00:00,1861.791,1864.25,1861.287,1863.15,177,240,63,EXPECTED_INCOMPLETE,EXPECTED
2022-05-03 00:00:00,1863.149,1867.101,1859.537,1862.593,240,240,0,COMPLETE,
2022-05-03 04:00:00,1862.59,1864.577,1853.426,1855.62,240,240,0,COMPLETE,
2022-05-03 08:00:00,1855.651,1863.941,1850.192,1863.885,240,240,0,COMPLETE,
2022-05-03 12:00:00,1863.815,1877.892,1856.728,1871.597,240,240,0,COMPLETE,
2022-05-03 16:00:00,1871.562,1872.435,1865.266,1866.179,240,240,0,COMPLETE,
2022-05-03 20:00:00,1866.147,1869.444,1865.705,1868.33,177,240,63,EXPECTED_INCOMPLETE,EXPECTED
2022-05-04 00:00:00,1868.298,1868.409,1861.616,1864.712,240,240,0,COMPLETE,
2022-05-04 04:00:00,1864.68,1871.852,1861.388,1870.811,240,240,0,COMPLETE,
2022-05-04 08:00:00,1870.842,1872.038,1865.931,1868.92,240,240,0,COMPLETE,
2022-05-04 12:00:00,1868.904,1870.877,1861.459,1868.596,240,240,0,COMPLETE,
2022-05-04 16:00:00,1868.566,1889.741,1861.72,1884.094,239,240,1,UNEXPECTED_INCOMPLETE,UNEXPECTED
2022-05-04 20:00:00,1884.063,1894.144,1881.134,1893.782,177,240,63,EXPECTED_INCOMPLETE,EXPECTED
2022-05-05 00:00:00,1893.821,1903.279,1893.033,1901.238,240,240,0,COMPLETE,
2022-05-05 04:00:00,1901.216,1902.189,1891.502,1895.06,240,240,0,COMPLETE,
2022-05-05 08:00:00,1895.029,1900.079,1889.495,1897.348,240,240,0,COMPLETE,
2022-05-05 12:00:00,1897.314,1909.551,1874.307,1875.037,240,240,0,COMPLETE,
2022-05-05 16:00:00,1875.005,1880.98,1872.327,1877.935,240,240,0,COMPLETE,
2022-05-05 20:00:00,1877.972,1879.295,1874.048,1874.231,177,240,63,EXPECTED_INCOMPLETE,EXPECTED
2022-05-06 00:00:00,1874.199,1877.38,1865.888,1876.916,240,240,0,COMPLETE,
2022-05-06 04:00:00,1876.917,1877.883,1873.048,1874.032,240,240,0,COMPLETE,
2022-05-06 08:00:00,1874.063,1885.529,1873.12,1881.765,240,240,0,COMPLETE,
2022-05-06 12:00:00,1881.796,1892.504,1874.148,1886.444,240,240,0,COMPLETE,
2022-05-06 16:00:00,1886.433,1889.825,1880.648,1881.084,240,240,0,COMPLETE,
2022-05-06 20:00:00,1881.053,1883.654,1880.404,1883.631,58,240,182,EXPECTED_INCOMPLETE,EXPECTED
2022-05-07 00:00:00,,,,,0,240,240,SESSION_CLOSED_EXPECTED,EXPECTED
2022-05-07 04:00:00,,,,,0,240,240,SESSION_CLOSED_EXPECTED,EXPECTED
2022-05-07 08:00:00,,,,,0,240,240,SESSION_CLOSED_EXPECTED,EXPECTED
2022-05-07 12:00:00,,,,,0,240,240,SESSION_CLOSED_EXPECTED,EXPECTED
2022-05-07 16:00:00,,,,,0,240,240,SESSION_CLOSED_EXPECTED,EXPECTED
2022-05-07 20:00:00,,,,,0,240,240,SESSION_CLOSED_EXPECTED,EXPECTED
2022-05-08 00:00:00,,,,,0,240,240,SESSION_CLOSED_EXPECTED,EXPECTED
2022-05-08 04:00:00,,,,,0,240,240,SESSION_CLOSED_EXPECTED,EXPECTED
2022-05-08 08:00:00,,,,,0,240,240,SESSION_CLOSED_EXPECTED,EXPECTED
2022-05-08 12:00:00,,,,,0,240,240,SESSION_CLOSED_EXPECTED,EXPECTED
2022-05-08 16:00:00,,,,,0,240,240,SESSION_CLOSED_EXPECTED,EXPECTED
2022-05-08 20:00:00,1883.561,1885.697,1879.889,1881.256,115,240,125,EXPECTED_INCOMPLETE,EXPECTED
2022-05-09 00:00:00,1881.244,1882.073,1873.617,1874.966,240,240,0,COMPLETE,
2022-05-09 04:00:00,1874.978,1876.229,1866.286,1869.764,240,240,0,COMPLETE,
2022-05-09 08:00:00,1869.733,1872.132,1855.871,1860.393,240,240,0,COMPLETE,
2022-05-09 12:00:00,1860.425,1871.383,1857.76,1861.271,240,240,0,COMPLETE,
2022-05-09 16:00:00,1861.29,1866.015,1852.607,1853.507,240,240,0,COMPLETE,
2022-05-09 20:00:00,1853.475,1854.822,1851.677,1854.636,177,240,63,EXPECTED_INCOMPLETE,EXPECTED
2022-05-10 00:00:00,1854.605,1864.376,1852.526,1864.338,240,240,0,COMPLETE,
2022-05-10 04:00:00,1864.326,1865.301,1859.343,1859.534,240,240,0,COMPLETE,
2022-05-10 08:00:00,1859.502,1865.049,1856.168,1860.345,240,240,0,COMPLETE,
2022-05-10 12:00:00,1860.376,1864.522,1841.314,1844.298,240,240,0,COMPLETE,
2022-05-10 16:00:00,1844.258,1847.382,1835.392,1836.852,240,240,0,COMPLETE,
2022-05-10 20:00:00,1836.882,1840.526,1833.109,1833.584,177,240,63,EXPECTED_INCOMPLETE,EXPECTED
2022-05-11 00:00:00,1833.614,1839.802,1831.974,1836.457,240,240,0,COMPLETE,
2022-05-11 04:00:00,1836.427,1850.776,1835.891,1848.677,240,240,0,COMPLETE,
2022-05-11 08:00:00,1848.697,1854.172,1846.685,1850.316,240,240,0,COMPLETE,
2022-05-11 12:00:00,1850.285,1857.973,1834.797,1852.242,240,240,0,COMPLETE,
2022-05-11 16:00:00,1852.257,1856.439,1850.022,1853.024,240,240,0,COMPLETE,
2022-05-11 20:00:00,1853.02,1856.153,1850.948,1854.064,177,240,63,EXPECTED_INCOMPLETE,EXPECTED
2022-05-12 00:00:00,1854.063,1858.745,1851.79,1852.977,240,240,0,COMPLETE,
2022-05-12 04:00:00,1852.997,1854.11,1843.757,1850.809,240,240,0,COMPLETE,
2022-05-12 08:00:00,1850.778,1852.323,1839.881,1842.461,240,240,0,COMPLETE,
2022-05-12 12:00:00,1842.43,1849.083,1833.205,1835.574,240,240,0,COMPLETE,
2022-05-12 16:00:00,1835.543,1837.146,1821.446,1823.954,240,240,0,COMPLETE,
2022-05-12 20:00:00,1823.921,1823.921,1810.519,1821.379,177,240,63,EXPECTED_INCOMPLETE,EXPECTED
2022-05-13 00:00:00,1821.414,1827.015,1820.854,1824.9,240,240,0,COMPLETE,
2022-05-13 04:00:00,1824.873,1828.472,1821.008,1824.247,240,240,0,COMPLETE,
2022-05-13 08:00:00,1824.271,1826.576,1812.712,1813.911,240,240,0,COMPLETE,
2022-05-13 12:00:00,1813.881,1818.457,1798.81,1809.006,240,240,0,COMPLETE,
2022-05-13 16:00:00,1809.039,1813.028,1806.865,1809.714,240,240,0,COMPLETE,
2022-05-13 20:00:00,1809.679,1812.333,1809.071,1811.491,58,240,182,EXPECTED_INCOMPLETE,EXPECTED
2022-05-14 00:00:00,,,,,0,240,240,SESSION_CLOSED_EXPECTED,EXPECTED
2022-05-14 04:00:00,,,,,0,240,240,SESSION_CLOSED_EXPECTED,EXPECTED
2022-05-14 08:00:00,,,,,0,240,240,SESSION_CLOSED_EXPECTED,EXPECTED
2022-05-14 12:00:00,,,,,0,240,240,SESSION_CLOSED_EXPECTED,EXPECTED
2022-05-14 16:00:00,,,,,0,240,240,SESSION_CLOSED_EXPECTED,EXPECTED
2022-05-14 20:00:00,,,,,0,240,240,SESSION_CLOSED_EXPECTED,EXPECTED
2022-05-15 00:00:00,,,,,0,240,240,SESSION_CLOSED_EXPECTED,EXPECTED
2022-05-15 04:00:00,,,,,0,240,240,SESSION_CLOSED_EXPECTED,EXPECTED
2022-05-15 08:00:00,,,,,0,240,240,SESSION_CLOSED_EXPECTED,EXPECTED
2022-05-15 12:00:00,,,,,0,240,240,SESSION_CLOSED_EXPECTED,EXPECTED
2022-05-15 16:00:00,,,,,0,240,240,SESSION_CLOSED_EXPECTED,EXPECTED
2022-05-15 20:00:00,1813.943,1814.561,1809.718,1813.161,115,240,125,EXPECTED_INCOMPLETE,EXPECTED
2022-05-16 00:00:00,1813.19,1817.573,1809.54,1810.736,240,240,0,COMPLETE,
2022-05-16 04:00:00,1810.742,1811.259,1786.381,1792.949,240,240,0,COMPLETE,
2022-05-16 08:00:00,1792.918,1807.306,1792.65,1800.502,240,240,0,COMPLETE,
2022-05-16 12:00:00,1800.485,1815.685,1798.075,1813.788,240,240,0,COMPLETE,
2022-05-16 16:00:00,1813.82,1826.863,1811.859,1826.25,240,240,0,COMPLETE,
2022-05-16 20:00:00,1826.283,1829.184,1822.097,1826.353,177,240,63,EXPECTED_INCOMPLETE,EXPECTED
2022-05-17 00:00:00,1826.388,1828.897,1821.832,1822.632,240,240,0,COMPLETE,
2022-05-17 04:00:00,1822.631,1830.23,1822.617,1824.102,240,240,0,COMPLETE,
2022-05-17 08:00:00,1824.071,1836.051,1823.696,1834.589,240,240,0,COMPLETE,
2022-05-17 12:00:00,1834.583,1835.872,1817.846,1818.715,240,240,0,COMPLETE,
2022-05-17 16:00:00,1818.688,1823.124,1813.625,1815.912,240,240,0,COMPLETE,
2022-05-17 20:00:00,1815.944,1816.254,1812.886,1814.521,177,240,63,EXPECTED_INCOMPLETE,EXPECTED
2022-05-18 00:00:00,1814.49,1817.122,1807.678,1808.478,240,240,0,COMPLETE,
2022-05-18 04:00:00,1808.465,1816.55,1807.889,1815.543,240,240,0,COMPLETE,
2022-05-18 08:00:00,1815.531,1820.403,1807.507,1808.841,240,240,0,COMPLETE,
2022-05-18 12:00:00,1808.872,1824.673,1807.231,1823.412,240,240,0,COMPLETE,
2022-05-18 16:00:00,1823.442,1823.599,1815.332,1816.136,240,240,0,COMPLETE,
2022-05-18 20:00:00,1816.106,1817.351,1815.364,1816.015,177,240,63,EXPECTED_INCOMPLETE,EXPECTED
2022-05-19 00:00:00,1816.029,1817.682,1813.877,1816.065,240,240,0,COMPLETE,
2022-05-19 04:00:00,1816.055,1817.358,1810.833,1813.166,240,240,0,COMPLETE,
2022-05-19 08:00:00,1813.165,1832.347,1810.919,1830.476,240,240,0,COMPLETE,
2022-05-19 12:00:00,1830.453,1849.115,1827.345,1842.335,240,240,0,COMPLETE,
2022-05-19 16:00:00,1842.366,1844.075,1839.898,1842.727,240,240,0,COMPLETE,
2022-05-19 20:00:00,1842.694,1844.5,1840.896,1842.072,177,240,63,EXPECTED_INCOMPLETE,EXPECTED
2022-05-20 00:00:00,1842.064,1843.29,1836.471,1841.564,240,240,0,COMPLETE,
2022-05-20 04:00:00,1841.571,1849.365,1840.957,1844.123,240,240,0,COMPLETE,
2022-05-20 08:00:00,1844.09,1847.773,1841.154,1842.48,240,240,0,COMPLETE,
2022-05-20 12:00:00,1842.463,1846.701,1832.312,1842.426,240,240,0,COMPLETE,
2022-05-20 16:00:00,1842.395,1845.418,1839.589,1844.646,240,240,0,COMPLETE,
2022-05-20 20:00:00,1844.615,1846.556,1844.449,1846.487,58,240,182,EXPECTED_INCOMPLETE,EXPECTED
2022-05-21 00:00:00,,,,,0,240,240,SESSION_CLOSED_EXPECTED,EXPECTED
2022-05-21 04:00:00,,,,,0,240,240,SESSION_CLOSED_EXPECTED,EXPECTED
2022-05-21 08:00:00,,,,,0,240,240,SESSION_CLOSED_EXPECTED,EXPECTED
2022-05-21 12:00:00,,,,,0,240,240,SESSION_CLOSED_EXPECTED,EXPECTED
2022-05-21 16:00:00,,,,,0,240,240,SESSION_CLOSED_EXPECTED,EXPECTED
2022-05-21 20:00:00,,,,,0,240,240,SESSION_CLOSED_EXPECTED,EXPECTED
2022-05-22 00:00:00,,,,,0,240,240,SESSION_CLOSED_EXPECTED,EXPECTED
2022-05-22 04:00:00,,,,,0,240,240,SESSION_CLOSED_EXPECTED,EXPECTED
2022-05-22 08:00:00,,,,,0,240,240,SESSION_CLOSED_EXPECTED,EXPECTED
2022-05-22 12:00:00,,,,,0,240,240,SESSION_CLOSED_EXPECTED,EXPECTED
2022-05-22 16:00:00,,,,,0,240,240,SESSION_CLOSED_EXPECTED,EXPECTED
2022-05-22 20:00:00,1849.009,1849.587,1843.478,1846.283,115,240,125,EXPECTED_INCOMPLETE,EXPECTED
2022-05-23 00:00:00,1846.284,1854.883,1845.756,1854.336,240,240,0,COMPLETE,
2022-05-23 04:00:00,1854.339,1858.086,1851.954,1856.452,240,240,0,COMPLETE,
2022-05-23 08:00:00,1856.433,1865.372,1855.988,1862.192,240,240,0,COMPLETE,
2022-05-23 12:00:00,1862.218,1864.52,1850.474,1851.941,240,240,0,COMPLETE,
2022-05-23 16:00:00,1851.926,1858.757,1847.034,1853.017,240,240,0,COMPLETE,
2022-05-23 20:00:00,1853.055,1854.992,1852.904,1853.883,177,240,63,EXPECTED_INCOMPLETE,EXPECTED
2022-05-24 00:00:00,1853.919,1855.886,1849.303,1855.731,240,240,0,COMPLETE,
2022-05-24 04:00:00,1855.733,1860.001,1850.392,1859.899,240,240,0,COMPLETE,
2022-05-24 08:00:00,1860.048,1860.611,1854.606,1858.062,240,240,0,COMPLETE,
2022-05-24 12:00:00,1858.076,1869.619,1854.011,1869.207,240,240,0,COMPLETE,
2022-05-24 16:00:00,1869.19,1869.656,1862.716,1866.833,240,240,0,COMPLETE,
2022-05-24 20:00:00,1866.797,1867.824,1864.906,1867.329,177,240,63,EXPECTED_INCOMPLETE,EXPECTED
2022-05-25 00:00:00,1867.361,1867.995,1859.557,1862.575,240,240,0,COMPLETE,
2022-05-25 04:00:00,1862.612,1863.32,1855.882,1858.58,240,240,0,COMPLETE,
2022-05-25 08:00:00,1858.575,1860.029,1851.056,1855.08,240,240,0,COMPLETE,
2022-05-25 12:00:00,1855.127,1857.091,1841.3,1845.805,240,240,0,COMPLETE,
2022-05-25 16:00:00,1845.782,1856.285,1843.264,1855.08,240,240,0,COMPLETE,
2022-05-25 20:00:00,1855.113,1855.302,1852.763,1853.974,177,240,63,EXPECTED_INCOMPLETE,EXPECTED
2022-05-26 00:00:00,1853.944,1854.26,1848.847,1850.795,240,240,0,COMPLETE,
2022-05-26 04:00:00,1850.799,1851.508,1842.656,1847.872,240,240,0,COMPLETE,
2022-05-26 08:00:00,1847.84,1849.683,1840.804,1846.552,240,240,0,COMPLETE,
2022-05-26 12:00:00,1846.53,1853.406,1841.332,1846.418,240,240,0,COMPLETE,
2022-05-26 16:00:00,1846.451,1853.711,1846.062,1852.006,240,240,0,COMPLETE,
2022-05-26 20:00:00,1852.037,1853.713,1850.208,1852.799,177,240,63,EXPECTED_INCOMPLETE,EXPECTED
2022-05-27 00:00:00,1852.779,1856.391,1847.933,1854.508,240,240,0,COMPLETE,
2022-05-27 04:00:00,1854.503,1858.659,1851.913,1858.269,240,240,0,COMPLETE,
2022-05-27 08:00:00,1858.299,1860.399,1856.674,1858.242,240,240,0,COMPLETE,
2022-05-27 12:00:00,1858.272,1862.113,1850.393,1854.659,240,240,0,COMPLETE,
2022-05-27 16:00:00,1854.676,1854.998,1851.958,1853.413,240,240,0,COMPLETE,
2022-05-27 20:00:00,1853.383,1854.411,1852.651,1853.024,58,240,182,EXPECTED_INCOMPLETE,EXPECTED
2022-05-28 00:00:00,,,,,0,240,240,SESSION_CLOSED_EXPECTED,EXPECTED
2022-05-28 04:00:00,,,,,0,240,240,SESSION_CLOSED_EXPECTED,EXPECTED
2022-05-28 08:00:00,,,,,0,240,240,SESSION_CLOSED_EXPECTED,EXPECTED
2022-05-28 12:00:00,,,,,0,240,240,SESSION_CLOSED_EXPECTED,EXPECTED
2022-05-28 16:00:00,,,,,0,240,240,SESSION_CLOSED_EXPECTED,EXPECTED
2022-05-28 20:00:00,,,,,0,240,240,SESSION_CLOSED_EXPECTED,EXPECTED
2022-05-29 00:00:00,,,,,0,240,240,SESSION_CLOSED_EXPECTED,EXPECTED
2022-05-29 04:00:00,,,,,0,240,240,SESSION_CLOSED_EXPECTED,EXPECTED
2022-05-29 08:00:00,,,,,0,240,240,SESSION_CLOSED_EXPECTED,EXPECTED
2022-05-29 12:00:00,,,,,0,240,240,SESSION_CLOSED_EXPECTED,EXPECTED
2022-05-29 16:00:00,,,,,0,240,240,SESSION_CLOSED_EXPECTED,EXPECTED
2022-05-29 20:00:00,1852.618,1853.909,1848.158,1849.849,115,240,125,EXPECTED_INCOMPLETE,EXPECTED
2022-05-30 00:00:00,1849.872,1860.867,1848.661,1860.564,240,240,0,COMPLETE,
2022-05-30 04:00:00,1860.562,1863.953,1858.415,1858.64,240,240,0,COMPLETE,
2022-05-30 08:00:00,1858.669,1860.06,1854.115,1854.421,240,240,0,COMPLETE,
2022-05-30 12:00:00,1854.41,1861.061,1854.031,1855.659,240,240,0,COMPLETE,
2022-05-30 16:00:00,1855.628,1856.808,1855.164,1855.265,76,240,164,UNEXPECTED_INCOMPLETE,UNEXPECTED
2022-05-30 20:00:00,1855.907,1856.885,1851.813,1852.384,119,240,121,UNEXPECTED_INCOMPLETE,UNEXPECTED
2022-05-31 00:00:00,1852.416,1852.984,1845.564,1852.198,240,240,0,COMPLETE,
2022-05-31 04:00:00,1852.196,1856.16,1850.871,1854.747,240,240,0,COMPLETE,
2022-05-31 08:00:00,1854.744,1857.07,1844.516,1848.805,240,240,0,COMPLETE,
2022-05-31 12:00:00,1848.766,1855.38,1839.843,1843.613,240,240,0,COMPLETE,
2022-05-31 16:00:00,1843.587,1846.223,1835.015,1836.101,240,240,0,COMPLETE,
2022-05-31 20:00:00,1836.067,1838.427,1835.387,1836.404,177,240,63,EXPECTED_INCOMPLETE,EXPECTED
2022-06-01 00:00:00,1836.437,1837.954,1833.268,1836.72,240,240,0,COMPLETE,
2022-06-01 04:00:00,1836.721,1836.819,1829.502,1833.685,240,240,0,COMPLETE,
2022-06-01 08:00:00,1833.681,1837.121,1828.429,1829.712,240,240,0,COMPLETE,
2022-06-01 12:00:00,1829.679,1849.048,1828.9,1845.561,240,240,0,COMPLETE,
2022-06-01 16:00:00,1845.593,1849.923,1844.686,1847.203,240,240,0,COMPLETE,
2022-06-01 20:00:00,1847.235,1847.776,1845.376,1845.949,177,240,63,EXPECTED_INCOMPLETE,EXPECTED
2022-06-02 00:00:00,1845.953,1848.917,1844.074,1844.785,240,240,0,COMPLETE,
2022-06-02 04:00:00,1844.816,1853.267,1844.065,1851.159,240,240,0,COMPLETE,
2022-06-02 08:00:00,1851.16,1856.947,1850.538,1855.817,240,240,0,COMPLETE,
2022-06-02 12:00:00,1855.851,1869.698,1850.852,1867.937,240,240,0,COMPLETE,
2022-06-02 16:00:00,1867.914,1870.36,1866.424,1869.581,240,240,0,COMPLETE,
2022-06-02 20:00:00,1869.612,1870.543,1868.003,1869.855,177,240,63,EXPECTED_INCOMPLETE,EXPECTED
2022-06-03 00:00:00,1869.886,1873.967,1867.74,1868.865,240,240,0,COMPLETE,
2022-06-03 04:00:00,1868.832,1869.165,1864.156,1864.605,240,240,0,COMPLETE,
2022-06-03 08:00:00,1864.572,1867.842,1863.31,1863.747,240,240,0,COMPLETE,
2022-06-03 12:00:00,1863.78,1866.884,1851.596,1851.884,240,240,0,COMPLETE,
2022-06-03 16:00:00,1851.851,1851.851,1847.249,1850.659,240,240,0,COMPLETE,
2022-06-03 20:00:00,1850.627,1851.623,1850.004,1850.96,58,240,182,EXPECTED_INCOMPLETE,EXPECTED
2022-06-04 00:00:00,,,,,0,240,240,SESSION_CLOSED_EXPECTED,EXPECTED
2022-06-04 04:00:00,,,,,0,240,240,SESSION_CLOSED_EXPECTED,EXPECTED
2022-06-04 08:00:00,,,,,0,240,240,SESSION_CLOSED_EXPECTED,EXPECTED
2022-06-04 12:00:00,,,,,0,240,240,SESSION_CLOSED_EXPECTED,EXPECTED
2022-06-04 16:00:00,,,,,0,240,240,SESSION_CLOSED_EXPECTED,EXPECTED
2022-06-04 20:00:00,,,,,0,240,240,SESSION_CLOSED_EXPECTED,EXPECTED
2022-06-05 00:00:00,,,,,0,240,240,SESSION_CLOSED_EXPECTED,EXPECTED
2022-06-05 04:00:00,,,,,0,240,240,SESSION_CLOSED_EXPECTED,EXPECTED
2022-06-05 08:00:00,,,,,0,240,240,SESSION_CLOSED_EXPECTED,EXPECTED
2022-06-05 12:00:00,,,,,0,240,240,SESSION_CLOSED_EXPECTED,EXPECTED
2022-06-05 16:00:00,,,,,0,240,240,SESSION_CLOSED_EXPECTED,EXPECTED
2022-06-05 20:00:00,1850.955,1853.237,1850.103,1851.478,115,240,125,EXPECTED_INCOMPLETE,EXPECTED
2022-06-06 00:00:00,1851.48,1856.249,1850.413,1856.078,240,240,0,COMPLETE,
2022-06-06 04:00:00,1856.073,1856.626,1851.524,1852.203,240,240,0,COMPLETE,
2022-06-06 08:00:00,1852.234,1855.517,1850.93,1853.812,240,240,0,COMPLETE,
2022-06-06 12:00:00,1853.82,1857.898,1841.781,1843.508,240,240,0,COMPLETE,
2022-06-06 16:00:00,1843.538,1844.052,1840.639,1842.124,240,240,0,COMPLETE,
2022-06-06 20:00:00,1842.092,1842.463,1837.957,1839.385,177,240,63,EXPECTED_INCOMPLETE,EXPECTED
2022-06-07 00:00:00,1839.404,1842.484,1836.939,1840.163,240,240,0,COMPLETE,
2022-06-07 04:00:00,1840.154,1846.173,1838.426,1842.06,240,240,0,COMPLETE,
2022-06-07 08:00:00,1842.05,1851.875,1842.05,1847.238,240,240,0,COMPLETE,
2022-06-07 12:00:00,1847.236,1853.522,1842.341,1851.346,240,240,0,COMPLETE,
2022-06-07 16:00:00,1851.352,1855.484,1848.709,1854.328,240,240,0,COMPLETE,
2022-06-07 20:00:00,1854.332,1854.587,1851.126,1853.566,177,240,63,EXPECTED_INCOMPLETE,EXPECTED
2022-06-08 00:00:00,1853.569,1853.728,1846.724,1846.762,240,240,0,COMPLETE,
2022-06-08 04:00:00,1846.76,1851.266,1845.722,1849.944,240,240,0,COMPLETE,
2022-06-08 08:00:00,1849.95,1851.683,1846.688,1851.501,240,240,0,COMPLETE,
2022-06-08 12:00:00,1851.47,1859.61,1844.488,1858.383,240,240,0,COMPLETE,
2022-06-08 16:00:00,1858.353,1858.823,1852.025,1852.431,240,240,0,COMPLETE,
2022-06-08 20:00:00,1852.468,1854.389,1848.91,1852.692,177,240,63,EXPECTED_INCOMPLETE,EXPECTED
2022-06-09 00:00:00,1852.695,1855.255,1850.854,1855.058,240,240,0,COMPLETE,
2022-06-09 04:00:00,1855.026,1855.172,1848.946,1850.043,240,240,0,COMPLETE,
2022-06-09 08:00:00,1850.077,1850.889,1844.603,1846.164,240,240,0,COMPLETE,
2022-06-09 12:00:00,1846.196,1852.433,1840.008,1845.726,240,240,0,COMPLETE,
2022-06-09 16:00:00,1845.696,1850.467,1845.069,1846.997,240,240,0,COMPLETE,
2022-06-09 20:00:00,1846.962,1848.184,1846.243,1846.918,177,240,63,EXPECTED_INCOMPLETE,EXPECTED
2022-06-10 00:00:00,1846.945,1848.212,1844.495,1844.763,240,240,0,COMPLETE,
2022-06-10 04:00:00,1844.778,1847.568,1843.142,1845.488,240,240,0,COMPLETE,
2022-06-10 08:00:00,1845.489,1846.881,1833.542,1834.881,240,240,0,COMPLETE,
2022-06-10 12:00:00,1834.862,1867.746,1825.082,1867.268,240,240,0,COMPLETE,
2022-06-10 16:00:00,1867.3,1875.847,1865.927,1872.093,240,240,0,COMPLETE,
2022-06-10 20:00:00,1872.124,1872.377,1870.422,1871.532,58,240,182,EXPECTED_INCOMPLETE,EXPECTED
2022-06-11 00:00:00,,,,,0,240,240,SESSION_CLOSED_EXPECTED,EXPECTED
2022-06-11 04:00:00,,,,,0,240,240,SESSION_CLOSED_EXPECTED,EXPECTED
2022-06-11 08:00:00,,,,,0,240,240,SESSION_CLOSED_EXPECTED,EXPECTED
2022-06-11 12:00:00,,,,,0,240,240,SESSION_CLOSED_EXPECTED,EXPECTED
2022-06-11 16:00:00,,,,,0,240,240,SESSION_CLOSED_EXPECTED,EXPECTED
2022-06-11 20:00:00,,,,,0,240,240,SESSION_CLOSED_EXPECTED,EXPECTED
2022-06-12 00:00:00,,,,,0,240,240,SESSION_CLOSED_EXPECTED,EXPECTED
2022-06-12 04:00:00,,,,,0,240,240,SESSION_CLOSED_EXPECTED,EXPECTED
2022-06-12 08:00:00,,,,,0,240,240,SESSION_CLOSED_EXPECTED,EXPECTED
2022-06-12 12:00:00,,,,,0,240,240,SESSION_CLOSED_EXPECTED,EXPECTED
2022-06-12 16:00:00,,,,,0,240,240,SESSION_CLOSED_EXPECTED,EXPECTED
2022-06-12 20:00:00,1878.07,1878.832,1874.666,1876.949,115,240,125,EXPECTED_INCOMPLETE,EXPECTED
2022-06-13 00:00:00,1876.93,1877.351,1860.171,1863.518,240,240,0,COMPLETE,
2022-06-13 04:00:00,1863.485,1867.165,1855.594,1857.213,240,240,0,COMPLETE,
2022-06-13 08:00:00,1857.192,1858.935,1852.666,1854.709,240,240,0,COMPLETE,
2022-06-13 12:00:00,1854.741,1857.63,1823.264,1828.955,240,240,0,COMPLETE,
2022-06-13 16:00:00,1828.956,1833.543,1819.266,1822.772,240,240,0,COMPLETE,
2022-06-13 20:00:00,1822.741,1823.689,1809.14,1821.013,177,240,63,EXPECTED_INCOMPLETE,EXPECTED
2022-06-14 00:00:00,1820.98,1827.986,1819.243,1825.389,240,240,0,COMPLETE,
2022-06-14 04:00:00,1825.391,1831.57,1823.94,1827.903,240,240,0,COMPLETE,
2022-06-14 08:00:00,1827.9,1830.172,1816.02,1817.195,240,240,0,COMPLETE,
2022-06-14 12:00:00,1817.177,1822.572,1809.397,1810.431,240,240,0,COMPLETE,
2022-06-14 16:00:00,1810.399,1814.642,1805.064,1808.305,240,240,0,COMPLETE,
2022-06-14 20:00:00,1808.336,1811.006,1806.686,1810.902,177,240,63,EXPECTED_INCOMPLETE,EXPECTED
2022-06-15 00:00:00,1810.872,1819.262,1808.642,1815.604,240,240,0,COMPLETE,
2022-06-15 04:00:00,1815.639,1824.004,1813.225,1820.753,239,240,1,UNEXPECTED_INCOMPLETE,UNEXPECTED
2022-06-15 08:00:00,1820.765,1835.504,1817.36,1831.054,240,240,0,COMPLETE,
2022-06-15 12:00:00,1831.084,1836.474,1818.627,1821.252,240,240,0,COMPLETE,
2022-06-15 16:00:00,1821.274,1841.828,1813.637,1831.763,240,240,0,COMPLETE,
2022-06-15 20:00:00,1831.799,1835.543,1831.235,1833.827,177,240,63,EXPECTED_INCOMPLETE,EXPECTED
2022-06-16 00:00:00,1833.811,1836.433,1829.728,1832.759,240,240,0,COMPLETE,
2022-06-16 04:00:00,1832.735,1833.494,1826.464,1830.238,240,240,0,COMPLETE,
2022-06-16 08:00:00,1830.231,1836.06,1815.391,1819.122,240,240,0,COMPLETE,
2022-06-16 12:00:00,1819.135,1846.862,1819.135,1845.261,240,240,0,COMPLETE,
2022-06-16 16:00:00,1845.293,1852.702,1844.59,1852.221,240,240,0,COMPLETE,
2022-06-16 20:00:00,1852.191,1857.493,1849.856,1850.809,177,240,63,EXPECTED_INCOMPLETE,EXPECTED
2022-06-17 00:00:00,1850.821,1851.456,1841.629,1842.158,240,240,0,COMPLETE,
2022-06-17 04:00:00,1842.163,1849.985,1841.929,1848.678,240,240,0,COMPLETE,
2022-06-17 08:00:00,1848.69,1852.496,1844.511,1847.855,240,240,0,COMPLETE,
2022-06-17 12:00:00,1847.884,1852.917,1836.653,1841.135,240,240,0,COMPLETE,
2022-06-17 16:00:00,1841.165,1842.333,1833.817,1836.961,240,240,0,COMPLETE,
2022-06-17 20:00:00,1836.994,1841.862,1836.343,1840.248,58,240,182,EXPECTED_INCOMPLETE,EXPECTED
2022-06-18 00:00:00,,,,,0,240,240,SESSION_CLOSED_EXPECTED,EXPECTED
2022-06-18 04:00:00,,,,,0,240,240,SESSION_CLOSED_EXPECTED,EXPECTED
2022-06-18 08:00:00,,,,,0,240,240,SESSION_CLOSED_EXPECTED,EXPECTED
2022-06-18 12:00:00,,,,,0,240,240,SESSION_CLOSED_EXPECTED,EXPECTED
2022-06-18 16:00:00,,,,,0,240,240,SESSION_CLOSED_EXPECTED,EXPECTED
2022-06-18 20:00:00,,,,,0,240,240,SESSION_CLOSED_EXPECTED,EXPECTED
2022-06-19 00:00:00,,,,,0,240,240,SESSION_CLOSED_EXPECTED,EXPECTED
2022-06-19 04:00:00,,,,,0,240,240,SESSION_CLOSED_EXPECTED,EXPECTED
2022-06-19 08:00:00,,,,,0,240,240,SESSION_CLOSED_EXPECTED,EXPECTED
2022-06-19 12:00:00,,,,,0,240,240,SESSION_CLOSED_EXPECTED,EXPECTED
2022-06-19 16:00:00,,,,,0,240,240,SESSION_CLOSED_EXPECTED,EXPECTED
2022-06-19 20:00:00,1836.197,1840.32,1834.725,1838.432,115,240,125,EXPECTED_INCOMPLETE,EXPECTED
2022-06-20 00:00:00,1838.436,1846.093,1835.153,1843.852,240,240,0,COMPLETE,
2022-06-20 04:00:00,1843.858,1845.049,1839.351,1839.996,240,240,0,COMPLETE,
2022-06-20 08:00:00,1839.982,1843.735,1836.444,1838.017,240,240,0,COMPLETE,
2022-06-20 12:00:00,1838.047,1843.124,1835.914,1838.235,240,240,0,COMPLETE,
2022-06-20 16:00:00,1838.232,1838.428,1835.472,1835.725,75,240,165,UNEXPECTED_INCOMPLETE,UNEXPECTED
2022-06-20 20:00:00,1838.122,1839.124,1837.199,1839.091,119,240,121,UNEXPECTED_INCOMPLETE,UNEXPECTED
2022-06-21 00:00:00,1839.053,1842.357,1838.539,1840.238,240,240,0,COMPLETE,
2022-06-21 04:00:00,1840.207,1840.675,1832.472,1838.382,240,240,0,COMPLETE,
2022-06-21 08:00:00,1838.358,1838.45,1830.783,1833.492,240,240,0,COMPLETE,
2022-06-21 12:00:00,1833.522,1843.581,1832.731,1835.207,240,240,0,COMPLETE,
2022-06-21 16:00:00,1835.175,1837.035,1828.531,1830.592,240,240,0,COMPLETE,
2022-06-21 20:00:00,1830.623,1834.755,1829.085,1831.32,177,240,63,EXPECTED_INCOMPLETE,EXPECTED
2022-06-22 00:00:00,1831.288,1831.53,1825.571,1827.559,240,240,0,COMPLETE,
2022-06-22 04:00:00,1827.545,1830.177,1823.772,1826.724,240,240,0,COMPLETE,
2022-06-22 08:00:00,1826.755,1842.758,1823.291,1836.321,240,240,0,COMPLETE,
2022-06-22 12:00:00,1836.354,1847.815,1835.286,1837.982,240,240,0,COMPLETE,
2022-06-22 16:00:00,1837.98,1841.676,1835.696,1837.687,240,240,0,COMPLETE,
2022-06-22 20:00:00,1837.718,1838.366,1836.227,1836.562,177,240,63,EXPECTED_INCOMPLETE,EXPECTED
2022-06-23 00:00:00,1836.593,1838.687,1832.389,1832.776,240,240,0,COMPLETE,
2022-06-23 04:00:00,1832.751,1838.067,1831.038,1837.857,240,240,0,COMPLETE,
2022-06-23 08:00:00,1837.89,1837.965,1823.862,1829.359,240,240,0,COMPLETE,
2022-06-23 12:00:00,1829.326,1846.058,1828.431,1833.173,240,240,0,COMPLETE,
2022-06-23 16:00:00,1833.165,1834.53,1822.481,1826.329,240,240,0,COMPLETE,
2022-06-23 20:00:00,1826.361,1826.394,1822.588,1824.582,177,240,63,EXPECTED_INCOMPLETE,EXPECTED
2022-06-24 00:00:00,1824.585,1826.426,1821.66,1825.191,240,240,0,COMPLETE,
2022-06-24 04:00:00,1825.152,1831.621,1821.152,1830.064,240,240,0,COMPLETE,
2022-06-24 08:00:00,1830.055,1830.123,1822.098,1824.874,240,240,0,COMPLETE,
2022-06-24 12:00:00,1824.881,1831.272,1816.879,1827.058,240,240,0,COMPLETE,
2022-06-24 16:00:00,1827.017,1830.857,1823.533,1824.113,240,240,0,COMPLETE,
2022-06-24 20:00:00,1824.082,1827.606,1824.082,1827.1,58,240,182,EXPECTED_INCOMPLETE,EXPECTED
2022-06-25 00:00:00,,,,,0,240,240,SESSION_CLOSED_EXPECTED,EXPECTED
2022-06-25 04:00:00,,,,,0,240,240,SESSION_CLOSED_EXPECTED,EXPECTED
2022-06-25 08:00:00,,,,,0,240,240,SESSION_CLOSED_EXPECTED,EXPECTED
2022-06-25 12:00:00,,,,,0,240,240,SESSION_CLOSED_EXPECTED,EXPECTED
2022-06-25 16:00:00,,,,,0,240,240,SESSION_CLOSED_EXPECTED,EXPECTED
2022-06-25 20:00:00,,,,,0,240,240,SESSION_CLOSED_EXPECTED,EXPECTED
2022-06-26 00:00:00,,,,,0,240,240,SESSION_CLOSED_EXPECTED,EXPECTED
2022-06-26 04:00:00,,,,,0,240,240,SESSION_CLOSED_EXPECTED,EXPECTED
2022-06-26 08:00:00,,,,,0,240,240,SESSION_CLOSED_EXPECTED,EXPECTED
2022-06-26 12:00:00,,,,,0,240,240,SESSION_CLOSED_EXPECTED,EXPECTED
2022-06-26 16:00:00,,,,,0,240,240,SESSION_CLOSED_EXPECTED,EXPECTED
2022-06-26 20:00:00,1836.268,1836.298,1829.99,1831.024,115,240,125,EXPECTED_INCOMPLETE,EXPECTED
2022-06-27 00:00:00,1831.005,1836.843,1828.189,1834.879,240,240,0,COMPLETE,
2022-06-27 04:00:00,1834.855,1840.818,1834.324,1834.937,240,240,0,COMPLETE,
2022-06-27 08:00:00,1834.907,1840.461,1833.314,1833.815,240,240,0,COMPLETE,
2022-06-27 12:00:00,1833.852,1834.539,1820.729,1825.101,240,240,0,COMPLETE,
2022-06-27 16:00:00,1825.089,1826.999,1821.834,1822.394,240,240,0,COMPLETE,
2022-06-27 20:00:00,1822.427,1823.589,1821.631,1823.494,177,240,63,EXPECTED_INCOMPLETE,EXPECTED
2022-06-28 00:00:00,1823.506,1826.418,1822.365,1825.923,240,240,0,COMPLETE,
2022-06-28 04:00:00,1825.93,1829.129,1824.769,1826.941,240,240,0,COMPLETE,
2022-06-28 08:00:00,1826.908,1829.452,1820.212,1825.493,240,240,0,COMPLETE,
2022-06-28 12:00:00,1825.463,1826.754,1818.583,1820.706,240,240,0,COMPLETE,
2022-06-28 16:00:00,1820.722,1823.725,1818.328,1819.612,240,240,0,COMPLETE,
2022-06-28 20:00:00,1819.643,1820.89,1818.256,1818.377,177,240,63,EXPECTED_INCOMPLETE,EXPECTED
2022-06-29 00:00:00,1818.347,1822.909,1818.327,1820.709,240,240,0,COMPLETE,
2022-06-29 04:00:00,1820.721,1822.388,1815.767,1816.827,240,240,0,COMPLETE,
2022-06-29 08:00:00,1816.821,1827.326,1811.898,1824.921,240,240,0,COMPLETE,
2022-06-29 12:00:00,1824.925,1833.03,1814.853,1818.506,240,240,0,COMPLETE,
2022-06-29 16:00:00,1818.504,1819.635,1815.627,1818.38,240,240,0,COMPLETE,
2022-06-29 20:00:00,1818.413,1819.218,1817.18,1818.883,177,240,63,EXPECTED_INCOMPLETE,EXPECTED
2022-06-30 00:00:00,1818.896,1821.913,1817.172,1817.322,240,240,0,COMPLETE,
2022-06-30 04:00:00,1817.314,1817.792,1812.024,1815.056,240,240,0,COMPLETE,
2022-06-30 08:00:00,1815.025,1817.02,1802.627,1805.321,240,240,0,COMPLETE,
2022-06-30 12:00:00,1805.282,1825.133,1802.723,1814.309,240,240,0,COMPLETE,
2022-06-30 16:00:00,1814.275,1814.797,1805.415,1806.786,240,240,0,COMPLETE,
2022-06-30 20:00:00,1806.816,1807.549,1804.524,1806.548,177,240,63,EXPECTED_INCOMPLETE,EXPECTED
2022-07-01 00:00:00,1806.552,1807.215,1801.13,1801.388,240,240,0,COMPLETE,
2022-07-01 04:00:00,1801.42,1803.092,1792.033,1794.641,240,240,0,COMPLETE,
2022-07-01 08:00:00,1794.66,1797.002,1784.947,1790.47,240,240,0,COMPLETE,
2022-07-01 12:00:00,1790.439,1808.807,1784.473,1806.292,240,240,0,COMPLETE,
2022-07-01 16:00:00,1806.322,1809.304,1797.847,1805.313,240,240,0,COMPLETE,
2022-07-01 20:00:00,1805.344,1809.394,1805.344,1809.341,58,240,182,EXPECTED_INCOMPLETE,EXPECTED
2022-07-02 00:00:00,,,,,0,240,240,SESSION_CLOSED_EXPECTED,EXPECTED
2022-07-02 04:00:00,,,,,0,240,240,SESSION_CLOSED_EXPECTED,EXPECTED
2022-07-02 08:00:00,,,,,0,240,240,SESSION_CLOSED_EXPECTED,EXPECTED
2022-07-02 12:00:00,,,,,0,240,240,SESSION_CLOSED_EXPECTED,EXPECTED
2022-07-02 16:00:00,,,,,0,240,240,SESSION_CLOSED_EXPECTED,EXPECTED
2022-07-02 20:00:00,,,,,0,240,240,SESSION_CLOSED_EXPECTED,EXPECTED
2022-07-03 00:00:00,,,,,0,240,240,SESSION_CLOSED_EXPECTED,EXPECTED
2022-07-03 04:00:00,,,,,0,240,240,SESSION_CLOSED_EXPECTED,EXPECTED
2022-07-03 08:00:00,,,,,0,240,240,SESSION_CLOSED_EXPECTED,EXPECTED
2022-07-03 12:00:00,,,,,0,240,240,SESSION_CLOSED_EXPECTED,EXPECTED
2022-07-03 16:00:00,,,,,0,240,240,SESSION_CLOSED_EXPECTED,EXPECTED
2022-07-03 20:00:00,1810.342,1810.937,1808.034,1808.071,115,240,125,EXPECTED_INCOMPLETE,EXPECTED
2022-07-04 00:00:00,1808.062,1814.091,1805.487,1811.416,240,240,0,COMPLETE,
2022-07-04 04:00:00,1811.414,1813.405,1808.198,1808.785,240,240,0,COMPLETE,
2022-07-04 08:00:00,1808.754,1809.239,1803.948,1805.246,240,240,0,COMPLETE,
2022-07-04 12:00:00,1805.231,1810.861,1805.065,1806.476,240,240,0,COMPLETE,
2022-07-04 16:00:00,1806.483,1807.134,1805.466,1806.942,76,240,164,UNEXPECTED_INCOMPLETE,UNEXPECTED
2022-07-04 20:00:00,1807.669,1809.84,1807.274,1809.285,119,240,121,UNEXPECTED_INCOMPLETE,UNEXPECTED
2022-07-05 00:00:00,1809.287,1812.081,1806.523,1810.846,240,240,0,COMPLETE,
2022-07-05 04:00:00,1810.814,1812.037,1805.501,1806.113,240,240,0,COMPLETE,
2022-07-05 08:00:00,1806.098,1806.098,1797.454,1798.11,240,240,0,COMPLETE,
2022-07-05 12:00:00,1798.14,1804.692,1765.012,1768.91,240,240,0,COMPLETE,
2022-07-05 16:00:00,1768.937,1771.267,1763.76,1767.015,240,240,0,COMPLETE,
2022-07-05 20:00:00,1766.982,1770.029,1764.896,1769.527,177,240,63,EXPECTED_INCOMPLETE,EXPECTED
2022-07-06 00:00:00,1769.524,1772.784,1768.281,1769.207,240,240,0,COMPLETE,
2022-07-06 04:00:00,1769.201,1770.234,1763.037,1767.813,240,240,0,COMPLETE,
2022-07-06 08:00:00,1767.805,1771.787,1760.065,1763.232,240,240,0,COMPLETE,
2022-07-06 12:00:00,1763.197,1767.914,1732.553,1733.709,240,240,0,COMPLETE,
2022-07-06 16:00:00,1733.696,1743.86,1732.221,1739.363,240,240,0,COMPLETE,
2022-07-06 20:00:00,1739.403,1740.755,1738.228,1739.958,177,240,63,EXPECTED_INCOMPLETE,EXPECTED
2022-07-07 00:00:00,1739.989,1746.914,1736.482,1745.81,240,240,0,COMPLETE,
2022-07-07 04:00:00,1745.809,1747.652,1741.189,1744.641,240,240,0,COMPLETE,
2022-07-07 08:00:00,1744.622,1745.228,1740.026,1743.669,240,240,0,COMPLETE,
2022-07-07 12:00:00,1743.674,1748.998,1737.937,1739.721,240,240,0,COMPLETE,
2022-07-07 16:00:00,1739.753,1742.977,1738.665,1740.688,240,240,0,COMPLETE,
2022-07-07 20:00:00,1740.657,1741.819,1738.882,1741.722,177,240,63,EXPECTED_INCOMPLETE,EXPECTED
2022-07-08 00:00:00,1741.754,1746.56,1740.63,1742.435,240,240,0,COMPLETE,
2022-07-08 04:00:00,1742.43,1743.835,1733.1,1736.521,240,240,0,COMPLETE,
2022-07-08 08:00:00,1736.523,1743.304,1734.821,1740.913,240,240,0,COMPLETE,
2022-07-08 12:00:00,1740.915,1752.349,1732.813,1742.414,240,240,0,COMPLETE,
2022-07-08 16:00:00,1742.448,1744.488,1740.526,1741.286,240,240,0,COMPLETE,
2022-07-08 20:00:00,1741.317,1742.697,1741.197,1742.249,58,240,182,EXPECTED_INCOMPLETE,EXPECTED
2022-07-09 00:00:00,,,,,0,240,240,SESSION_CLOSED_EXPECTED,EXPECTED
2022-07-09 04:00:00,,,,,0,240,240,SESSION_CLOSED_EXPECTED,EXPECTED
2022-07-09 08:00:00,,,,,0,240,240,SESSION_CLOSED_EXPECTED,EXPECTED
2022-07-09 12:00:00,,,,,0,240,240,SESSION_CLOSED_EXPECTED,EXPECTED
2022-07-09 16:00:00,,,,,0,240,240,SESSION_CLOSED_EXPECTED,EXPECTED
2022-07-09 20:00:00,,,,,0,240,240,SESSION_CLOSED_EXPECTED,EXPECTED
2022-07-10 00:00:00,,,,,0,240,240,SESSION_CLOSED_EXPECTED,EXPECTED
2022-07-10 04:00:00,,,,,0,240,240,SESSION_CLOSED_EXPECTED,EXPECTED
2022-07-10 08:00:00,,,,,0,240,240,SESSION_CLOSED_EXPECTED,EXPECTED
2022-07-10 12:00:00,,,,,0,240,240,SESSION_CLOSED_EXPECTED,EXPECTED
2022-07-10 16:00:00,,,,,0,240,240,SESSION_CLOSED_EXPECTED,EXPECTED
2022-07-10 20:00:00,1741.088,1744.589,1740.873,1741.965,115,240,125,EXPECTED_INCOMPLETE,EXPECTED
2022-07-11 00:00:00,1741.998,1743.548,1738.474,1742.585,240,240,0,COMPLETE,
2022-07-11 04:00:00,1742.584,1742.734,1735.926,1736.735,240,240,0,COMPLETE,
2022-07-11 08:00:00,1736.733,1739.915,1733.596,1734.874,240,240,0,COMPLETE,
2022-07-11 12:00:00,1734.844,1742.646,1734.11,1738.033,240,240,0,COMPLETE,
2022-07-11 16:00:00,1738.065,1738.161,1731.223,1732.196,240,240,0,COMPLETE,
2022-07-11 20:00:00,1732.164,1734.45,1732.0,1733.238,177,240,63,EXPECTED_INCOMPLETE,EXPECTED
2022-07-12 00:00:00,1733.236,1743.94,1723.036,1733.39,240,240,0,COMPLETE,
2022-07-12 04:00:00,1733.359,1737.758,1725.504,1734.293,240,240,0,COMPLETE,
2022-07-12 08:00:00,1734.261,1739.355,1731.501,1735.463,240,240,0,COMPLETE,
2022-07-12 12:00:00,1735.499,1736.815,1726.073,1731.889,240,240,0,COMPLETE,
2022-07-12 16:00:00,1731.919,1732.461,1724.491,1725.649,240,240,0,COMPLETE,
2022-07-12 20:00:00,1725.676,1726.392,1724.88,1725.287,177,240,63,EXPECTED_INCOMPLETE,EXPECTED
2022-07-13 00:00:00,1725.317,1728.716,1722.615,1727.209,240,240,0,COMPLETE,
2022-07-13 04:00:00,1727.178,1728.327,1722.496,1726.84,240,240,0,COMPLETE,
2022-07-13 08:00:00,1726.817,1731.823,1725.284,1729.396,240,240,0,COMPLETE,
2022-07-13 12:00:00,1729.419,1745.318,1707.071,1737.43,240,240,0,COMPLETE,
2022-07-13 16:00:00,1737.461,1739.987,1732.444,1733.068,240,240,0,COMPLETE,
2022-07-13 20:00:00,1733.038,1736.448,1730.08,1731.99,177,240,63,EXPECTED_INCOMPLETE,EXPECTED
2022-07-14 00:00:00,1731.972,1733.521,1725.444,1731.992,240,240,0,COMPLETE,
2022-07-14 04:00:00,1731.977,1732.268,1714.927,1718.259,240,240,0,COMPLETE,
2022-07-14 08:00:00,1718.293,1718.852,1709.888,1713.712,240,240,0,COMPLETE,
2022-07-14 12:00:00,1713.666,1714.935,1697.565,1711.474,240,240,0,COMPLETE,
2022-07-14 16:00:00,1711.505,1712.275,1704.858,1708.985,240,240,0,COMPLETE,
2022-07-14 20:00:00,1709.015,1711.893,1708.838,1711.655,177,240,63,EXPECTED_INCOMPLETE,EXPECTED
2022-07-15 00:00:00,1711.692,1716.563,1708.431,1708.439,240,240,0,COMPLETE,
2022-07-15 04:00:00,1708.437,1712.274,1700.427,1703.399,240,240,0,COMPLETE,
2022-07-15 08:00:00,1703.435,1707.927,1701.194,1704.445,240,240,0,COMPLETE,
2022-07-15 12:00:00,1704.476,1714.048,1698.927,1704.644,240,240,0,COMPLETE,
2022-07-15 16:00:00,1704.631,1705.797,1703.127,1705.537,240,240,0,COMPLETE,
2022-07-15 20:00:00,1705.503,1707.579,1704.857,1707.44,58,240,182,EXPECTED_INCOMPLETE,EXPECTED
2022-07-16 00:00:00,,,,,0,240,240,SESSION_CLOSED_EXPECTED,EXPECTED
2022-07-16 04:00:00,,,,,0,240,240,SESSION_CLOSED_EXPECTED,EXPECTED
2022-07-16 08:00:00,,,,,0,240,240,SESSION_CLOSED_EXPECTED,EXPECTED
2022-07-16 12:00:00,,,,,0,240,240,SESSION_CLOSED_EXPECTED,EXPECTED
2022-07-16 16:00:00,,,,,0,240,240,SESSION_CLOSED_EXPECTED,EXPECTED
2022-07-16 20:00:00,,,,,0,240,240,SESSION_CLOSED_EXPECTED,EXPECTED
2022-07-17 00:00:00,,,,,0,240,240,SESSION_CLOSED_EXPECTED,EXPECTED
2022-07-17 04:00:00,,,,,0,240,240,SESSION_CLOSED_EXPECTED,EXPECTED
2022-07-17 08:00:00,,,,,0,240,240,SESSION_CLOSED_EXPECTED,EXPECTED
2022-07-17 12:00:00,,,,,0,240,240,SESSION_CLOSED_EXPECTED,EXPECTED
2022-07-17 16:00:00,,,,,0,240,240,SESSION_CLOSED_EXPECTED,EXPECTED
2022-07-17 20:00:00,1706.571,1710.646,1706.536,1710.297,115,240,125,EXPECTED_INCOMPLETE,EXPECTED
2022-07-18 00:00:00,1710.292,1717.681,1707.415,1715.988,240,240,0,COMPLETE,
2022-07-18 04:00:00,1715.974,1720.611,1711.851,1718.692,240,240,0,COMPLETE,
2022-07-18 08:00:00,1718.69,1723.834,1712.962,1715.462,240,240,0,COMPLETE,
2022-07-18 12:00:00,1715.499,1721.247,1708.853,1710.446,240,240,0,COMPLETE,
2022-07-18 16:00:00,1710.478,1712.837,1706.616,1707.425,240,240,0,COMPLETE,
2022-07-18 20:00:00,1707.455,1710.116,1706.816,1708.215,177,240,63,EXPECTED_INCOMPLETE,EXPECTED
2022-07-19 00:00:00,1708.198,1709.603,1705.3,1709.426,240,240,0,COMPLETE,
2022-07-19 04:00:00,1709.41,1711.612,1707.327,1711.612,240,240,0,COMPLETE,
2022-07-19 08:00:00,1711.582,1718.373,1710.745,1713.996,240,240,0,COMPLETE,
2022-07-19 12:00:00,1713.999,1715.253,1708.498,1714.32,240,240,0,COMPLETE,
2022-07-19 16:00:00,1714.351,1714.443,1709.71,1712.103,240,240,0,COMPLETE,
2022-07-19 20:00:00,1712.072,1712.364,1709.528,1709.954,177,240,63,EXPECTED_INCOMPLETE,EXPECTED
2022-07-20 00:00:00,1709.924,1713.344,1709.515,1712.091,240,240,0,COMPLETE,
2022-07-20 04:00:00,1712.08,1713.38,1705.936,1707.463,240,240,0,COMPLETE,
2022-07-20 08:00:00,1707.474,1713.933,1706.327,1708.162,240,240,0,COMPLETE,
2022-07-20 12:00:00,1708.157,1714.476,1706.273,1707.864,240,240,0,COMPLETE,
2022-07-20 16:00:00,1707.856,1707.972,1695.577,1695.695,240,240,0,COMPLETE,
2022-07-20 20:00:00,1695.729,1697.316,1692.191,1695.406,177,240,63,EXPECTED_INCOMPLETE,EXPECTED
2022-07-21 00:00:00,1695.357,1695.433,1689.786,1691.452,240,240,0,COMPLETE,
2022-07-21 04:00:00,1691.45,1693.796,1684.71,1689.465,240,240,0,COMPLETE,
2022-07-21 08:00:00,1689.45,1689.512,1680.811,1684.834,240,240,0,COMPLETE,
2022-07-21 12:00:00,1684.839,1718.321,1683.776,1713.188,240,240,0,COMPLETE,
2022-07-21 16:00:00,1713.189,1719.896,1710.394,1719.629,240,240,0,COMPLETE,
2022-07-21 20:00:00,1719.598,1720.269,1717.039,1718.076,177,240,63,EXPECTED_INCOMPLETE,EXPECTED
2022-07-22 00:00:00,1718.046,1719.011,1712.809,1713.575,240,240,0,COMPLETE,
2022-07-22 04:00:00,1713.583,1720.426,1713.073,1716.2,240,240,0,COMPLETE,
2022-07-22 08:00:00,1716.233,1730.139,1715.983,1728.487,240,240,0,COMPLETE,
2022-07-22 12:00:00,1728.519,1739.229,1722.143,1731.03,240,240,0,COMPLETE,
2022-07-22 16:00:00,1731.062,1731.31,1720.387,1724.079,240,240,0,COMPLETE,
2022-07-22 20:00:00,1724.111,1727.716,1723.49,1727.469,58,240,182,EXPECTED_INCOMPLETE,EXPECTED
2022-07-23 00:00:00,,,,,0,240,240,SESSION_CLOSED_EXPECTED,EXPECTED
2022-07-23 04:00:00,,,,,0,240,240,SESSION_CLOSED_EXPECTED,EXPECTED
2022-07-23 08:00:00,,,,,0,240,240,SESSION_CLOSED_EXPECTED,EXPECTED
2022-07-23 12:00:00,,,,,0,240,240,SESSION_CLOSED_EXPECTED,EXPECTED
2022-07-23 16:00:00,,,,,0,240,240,SESSION_CLOSED_EXPECTED,EXPECTED
2022-07-23 20:00:00,,,,,0,240,240,SESSION_CLOSED_EXPECTED,EXPECTED
2022-07-24 00:00:00,,,,,0,240,240,SESSION_CLOSED_EXPECTED,EXPECTED
2022-07-24 04:00:00,,,,,0,240,240,SESSION_CLOSED_EXPECTED,EXPECTED
2022-07-24 08:00:00,,,,,0,240,240,SESSION_CLOSED_EXPECTED,EXPECTED
2022-07-24 12:00:00,,,,,0,240,240,SESSION_CLOSED_EXPECTED,EXPECTED
2022-07-24 16:00:00,,,,,0,240,240,SESSION_CLOSED_EXPECTED,EXPECTED
2022-07-24 20:00:00,1726.25,1727.089,1724.282,1724.673,115,240,125,EXPECTED_INCOMPLETE,EXPECTED
2022-07-25 00:00:00,1724.676,1728.844,1719.868,1727.458,240,240,0,COMPLETE,
2022-07-25 04:00:00,1727.463,1729.138,1723.738,1725.593,240,240,0,COMPLETE,
2022-07-25 08:00:00,1725.626,1736.012,1725.317,1725.973,240,240,0,COMPLETE,
2022-07-25 12:00:00,1726.005,1727.395,1714.721,1716.407,240,240,0,COMPLETE,
2022-07-25 16:00:00,1716.406,1721.323,1715.466,1719.038,240,240,0,COMPLETE,
2022-07-25 20:00:00,1719.03,1719.79,1717.972,1718.99,177,240,63,EXPECTED_INCOMPLETE,EXPECTED
2022-07-26 00:00:00,1719.03,1728.145,1718.705,1724.049,240,240,0,COMPLETE,
2022-07-26 04:00:00,1724.033,1727.866,1721.018,1724.791,240,240,0,COMPLETE,
2022-07-26 08:00:00,1724.759,1725.755,1716.109,1717.759,240,240,0,COMPLETE,
2022-07-26 12:00:00,1717.79,1721.827,1713.605,1716.934,240,240,0,COMPLETE,
2022-07-26 16:00:00,1716.965,1720.183,1716.249,1717.588,240,240,0,COMPLETE,
2022-07-26 20:00:00,1717.558,1718.582,1716.852,1717.9,177,240,63,EXPECTED_INCOMPLETE,EXPECTED
2022-07-27 00:00:00,1717.929,1720.1,1715.767,1716.733,240,240,0,COMPLETE,
2022-07-27 04:00:00,1716.731,1721.673,1713.648,1719.734,240,240,0,COMPLETE,
2022-07-27 08:00:00,1719.769,1725.118,1719.631,1720.594,240,240,0,COMPLETE,
2022-07-27 12:00:00,1720.606,1723.161,1711.358,1718.826,240,240,0,COMPLETE,
2022-07-27 16:00:00,1718.84,1740.177,1718.472,1734.421,239,240,1,UNEXPECTED_INCOMPLETE,UNEXPECTED
2022-07-27 20:00:00,1734.461,1739.875,1733.138,1738.769,177,240,63,EXPECTED_INCOMPLETE,EXPECTED
2022-07-28 00:00:00,1738.764,1741.669,1733.993,1736.904,240,240,0,COMPLETE,
2022-07-28 04:00:00,1736.935,1744.638,1735.346,1744.07,240,240,0,COMPLETE,
2022-07-28 08:00:00,1744.232,1748.472,1737.808,1740.204,240,240,0,COMPLETE,
2022-07-28 12:00:00,1740.168,1756.831,1736.077,1752.966,240,240,0,COMPLETE,
2022-07-28 16:00:00,1752.952,1755.575,1750.267,1755.299,240,240,0,COMPLETE,
2022-07-28 20:00:00,1755.329,1757.039,1754.209,1754.908,177,240,63,EXPECTED_INCOMPLETE,EXPECTED
2022-07-29 00:00:00,1754.898,1763.592,1752.66,1762.85,240,240,0,COMPLETE,
2022-07-29 04:00:00,1762.855,1767.905,1760.584,1766.44,240,240,0,COMPLETE,
2022-07-29 08:00:00,1766.408,1766.408,1756.269,1761.197,240,240,0,COMPLETE,
2022-07-29 12:00:00,1761.239,1767.116,1752.116,1765.865,240,240,0,COMPLETE,
2022-07-29 16:00:00,1765.884,1766.641,1760.861,1761.378,240,240,0,COMPLETE,
2022-07-29 20:00:00,1761.41,1766.289,1761.407,1766.178,58,240,182,EXPECTED_INCOMPLETE,EXPECTED
2022-07-30 00:00:00,,,,,0,240,240,SESSION_CLOSED_EXPECTED,EXPECTED
2022-07-30 04:00:00,,,,,0,240,240,SESSION_CLOSED_EXPECTED,EXPECTED
2022-07-30 08:00:00,,,,,0,240,240,SESSION_CLOSED_EXPECTED,EXPECTED
2022-07-30 12:00:00,,,,,0,240,240,SESSION_CLOSED_EXPECTED,EXPECTED
2022-07-30 16:00:00,,,,,0,240,240,SESSION_CLOSED_EXPECTED,EXPECTED
2022-07-30 20:00:00,,,,,0,240,240,SESSION_CLOSED_EXPECTED,EXPECTED
2022-07-31 00:00:00,,,,,0,240,240,SESSION_CLOSED_EXPECTED,EXPECTED
2022-07-31 04:00:00,,,,,0,240,240,SESSION_CLOSED_EXPECTED,EXPECTED
2022-07-31 08:00:00,,,,,0,240,240,SESSION_CLOSED_EXPECTED,EXPECTED
2022-07-31 12:00:00,,,,,0,240,240,SESSION_CLOSED_EXPECTED,EXPECTED
2022-07-31 16:00:00,,,,,0,240,240,SESSION_CLOSED_EXPECTED,EXPECTED
2022-07-31 20:00:00,1765.356,1765.39,1760.893,1762.141,115,240,125,EXPECTED_INCOMPLETE,EXPECTED
2022-08-01 00:00:00,1762.172,1765.814,1760.499,1762.018,240,240,0,COMPLETE,
2022-08-01 04:00:00,1761.987,1767.374,1758.22,1764.438,240,240,0,COMPLETE,
2022-08-01 08:00:00,1764.426,1774.836,1762.276,1772.621,240,240,0,COMPLETE,
2022-08-01 12:00:00,1772.648,1775.302,1764.204,1768.861,240,240,0,COMPLETE,
2022-08-01 16:00:00,1768.829,1773.374,1766.476,1770.893,240,240,0,COMPLETE,
2022-08-01 20:00:00,1770.895,1772.575,1770.769,1772.228,177,240,63,EXPECTED_INCOMPLETE,EXPECTED
2022-08-02 00:00:00,1772.261,1780.405,1770.84,1774.618,240,240,0,COMPLETE,
2022-08-02 04:00:00,1774.636,1776.077,1768.674,1772.122,240,240,0,COMPLETE,
2022-08-02 08:00:00,1772.089,1779.738,1770.392,1778.61,240,240,0,COMPLETE,
2022-08-02 12:00:00,1778.604,1787.973,1774.523,1778.061,240,240,0,COMPLETE,
2022-08-02 16:00:00,1778.053,1778.326,1760.423,1760.578,240,240,0,COMPLETE,
2022-08-02 20:00:00,1760.552,1763.632,1754.784,1756.675,177,240,63,EXPECTED_INCOMPLETE,EXPECTED
2022-08-03 00:00:00,1756.669,1769.327,1755.493,1768.895,240,240,0,COMPLETE,
2022-08-03 04:00:00,1768.883,1770.596,1764.83,1766.129,240,240,0,COMPLETE,
2022-08-03 08:00:00,1766.162,1768.31,1760.232,1765.529,240,240,0,COMPLETE,
2022-08-03 12:00:00,1765.508,1772.769,1754.321,1758.447,240,240,0,COMPLETE,
2022-08-03 16:00:00,1758.46,1766.192,1757.437,1765.19,240,240,0,COMPLETE,
2022-08-03 20:00:00,1765.156,1765.985,1763.254,1763.586,177,240,63,EXPECTED_INCOMPLETE,EXPECTED
2022-08-04 00:00:00,1763.617,1771.47,1763.358,1770.731,240,240,0,COMPLETE,
2022-08-04 04:00:00,1770.699,1774.763,1769.038,1773.005,240,240,0,COMPLETE,
2022-08-04 08:00:00,1772.973,1786.471,1772.72,1785.613,240,240,0,COMPLETE,
2022-08-04 12:00:00,1785.634,1790.147,1774.267,1787.68,240,240,0,COMPLETE,
2022-08-04 16:00:00,1787.691,1794.882,1787.122,1793.544,240,240,0,COMPLETE,
2022-08-04 20:00:00,1793.512,1793.661,1789.692,1793.38,177,240,63,EXPECTED_INCOMPLETE,EXPECTED
2022-08-05 00:00:00,1793.347,1794.863,1788.773,1792.114,240,240,0,COMPLETE,
2022-08-05 04:00:00,1792.124,1792.884,1788.517,1790.502,240,240,0,COMPLETE,
2022-08-05 08:00:00,1790.469,1790.729,1783.832,1787.828,240,240,0,COMPLETE,
2022-08-05 12:00:00,1787.862,1789.161,1764.955,1773.561,240,240,0,COMPLETE,
2022-08-05 16:00:00,1773.528,1776.059,1771.547,1773.471,240,240,0,COMPLETE,
2022-08-05 20:00:00,1773.503,1775.715,1772.963,1775.628,58,240,182,EXPECTED_INCOMPLETE,EXPECTED
2022-08-06 00:00:00,,,,,0,240,240,SESSION_CLOSED_EXPECTED,EXPECTED
2022-08-06 04:00:00,,,,,0,240,240,SESSION_CLOSED_EXPECTED,EXPECTED
2022-08-06 08:00:00,,,,,0,240,240,SESSION_CLOSED_EXPECTED,EXPECTED
2022-08-06 12:00:00,,,,,0,240,240,SESSION_CLOSED_EXPECTED,EXPECTED
2022-08-06 16:00:00,,,,,0,240,240,SESSION_CLOSED_EXPECTED,EXPECTED
2022-08-06 20:00:00,,,,,0,240,240,SESSION_CLOSED_EXPECTED,EXPECTED
2022-08-07 00:00:00,,,,,0,240,240,SESSION_CLOSED_EXPECTED,EXPECTED
2022-08-07 04:00:00,,,,,0,240,240,SESSION_CLOSED_EXPECTED,EXPECTED
2022-08-07 08:00:00,,,,,0,240,240,SESSION_CLOSED_EXPECTED,EXPECTED
2022-08-07 12:00:00,,,,,0,240,240,SESSION_CLOSED_EXPECTED,EXPECTED
2022-08-07 16:00:00,,,,,0,240,240,SESSION_CLOSED_EXPECTED,EXPECTED
2022-08-07 20:00:00,1773.369,1775.046,1772.643,1774.558,115,240,125,EXPECTED_INCOMPLETE,EXPECTED
2022-08-08 00:00:00,1774.562,1775.452,1771.119,1773.323,240,240,0,COMPLETE,
2022-08-08 04:00:00,1773.356,1779.14,1771.265,1777.692,240,240,0,COMPLETE,
2022-08-08 08:00:00,1777.698,1783.173,1772.54,1782.853,240,240,0,COMPLETE,
2022-08-08 12:00:00,1782.833,1789.96,1780.612,1787.158,240,240,0,COMPLETE,
2022-08-08 16:00:00,1787.191,1789.333,1785.635,1788.486,240,240,0,COMPLETE,
2022-08-08 20:00:00,1788.517,1790.631,1787.854,1789.192,177,240,63,EXPECTED_INCOMPLETE,EXPECTED
2022-08-09 00:00:00,1789.176,1790.141,1783.177,1785.661,240,240,0,COMPLETE,
2022-08-09 04:00:00,1785.692,1789.256,1783.531,1787.086,240,240,0,COMPLETE,
2022-08-09 08:00:00,1787.056,1794.653,1786.39,1789.402,240,240,0,COMPLETE,
2022-08-09 12:00:00,1789.435,1800.41,1787.961,1796.146,240,240,0,COMPLETE,
2022-08-09 16:00:00,1796.164,1798.261,1793.278,1793.969,240,240,0,COMPLETE,
2022-08-09 20:00:00,1794.0,1794.919,1793.261,1794.082,177,240,63,EXPECTED_INCOMPLETE,EXPECTED
2022-08-10 00:00:00,1794.086,1794.569,1790.954,1791.208,240,240,0,COMPLETE,
2022-08-10 04:00:00,1791.24,1791.75,1787.574,1790.427,240,240,0,COMPLETE,
2022-08-10 08:00:00,1790.441,1795.267,1788.635,1792.329,240,240,0,COMPLETE,
2022-08-10 12:00:00,1792.362,1807.831,1787.59,1797.971,240,240,0,COMPLETE,
2022-08-10 16:00:00,1798.004,1800.079,1788.084,1790.272,240,240,0,COMPLETE,
2022-08-10 20:00:00,1790.24,1792.881,1789.935,1791.66,177,240,63,EXPECTED_INCOMPLETE,EXPECTED
2022-08-11 00:00:00,1791.675,1792.399,1784.466,1785.797,240,240,0,COMPLETE,
2022-08-11 04:00:00,1785.808,1788.304,1783.471,1788.013,240,240,0,COMPLETE,
2022-08-11 08:00:00,1788.0,1795.166,1785.622,1794.841,240,240,0,COMPLETE,
2022-08-11 12:00:00,1794.848,1799.215,1786.324,1790.343,240,240,0,COMPLETE,
2022-08-11 16:00:00,1790.365,1791.896,1784.963,1785.605,240,240,0,COMPLETE,
2022-08-11 20:00:00,1785.638,1790.133,1785.538,1788.95,177,240,63,EXPECTED_INCOMPLETE,EXPECTED
2022-08-12 00:00:00,1788.923,1791.4,1786.187,1791.099,240,240,0,COMPLETE,
2022-08-12 04:00:00,1791.096,1794.095,1787.256,1788.752,240,240,0,COMPLETE,
2022-08-12 08:00:00,1788.728,1789.731,1784.86,1785.352,240,240,0,COMPLETE,
2022-08-12 12:00:00,1785.321,1798.69,1784.934,1794.862,240,240,0,COMPLETE,
2022-08-12 16:00:00,1794.874,1802.068,1794.874,1801.406,240,240,0,COMPLETE,
2022-08-12 20:00:00,1801.439,1802.198,1800.219,1801.884,58,240,182,EXPECTED_INCOMPLETE,EXPECTED
2022-08-13 00:00:00,,,,,0,240,240,SESSION_CLOSED_EXPECTED,EXPECTED
2022-08-13 04:00:00,,,,,0,240,240,SESSION_CLOSED_EXPECTED,EXPECTED
2022-08-13 08:00:00,,,,,0,240,240,SESSION_CLOSED_EXPECTED,EXPECTED
2022-08-13 12:00:00,,,,,0,240,240,SESSION_CLOSED_EXPECTED,EXPECTED
2022-08-13 16:00:00,,,,,0,240,240,SESSION_CLOSED_EXPECTED,EXPECTED
2022-08-13 20:00:00,,,,,0,240,240,SESSION_CLOSED_EXPECTED,EXPECTED
2022-08-14 00:00:00,,,,,0,240,240,SESSION_CLOSED_EXPECTED,EXPECTED
2022-08-14 04:00:00,,,,,0,240,240,SESSION_CLOSED_EXPECTED,EXPECTED
2022-08-14 08:00:00,,,,,0,240,240,SESSION_CLOSED_EXPECTED,EXPECTED
2022-08-14 12:00:00,,,,,0,240,240,SESSION_CLOSED_EXPECTED,EXPECTED
2022-08-14 16:00:00,,,,,0,240,240,SESSION_CLOSED_EXPECTED,EXPECTED
2022-08-14 20:00:00,1801.523,1801.765,1798.969,1799.103,115,240,125,EXPECTED_INCOMPLETE,EXPECTED
2022-08-15 00:00:00,1799.072,1801.693,1793.925,1795.358,240,240,0,COMPLETE,
2022-08-15 04:00:00,1795.359,1795.401,1786.008,1786.877,240,240,0,COMPLETE,
2022-08-15 08:00:00,1786.875,1788.116,1772.949,1775.082,240,240,0,COMPLETE,
2022-08-15 12:00:00,1775.112,1786.218,1772.992,1780.759,240,240,0,COMPLETE,
2022-08-15 16:00:00,1780.767,1784.074,1777.405,1778.941,240,240,0,COMPLETE,
2022-08-15 20:00:00,1778.91,1780.399,1777.742,1778.509,177,240,63,EXPECTED_INCOMPLETE,EXPECTED
2022-08-16 00:00:00,1778.547,1783.068,1776.815,1781.249,240,240,0,COMPLETE,
2022-08-16 04:00:00,1781.242,1782.071,1775.759,1775.973,240,240,0,COMPLETE,
2022-08-16 08:00:00,1775.941,1777.86,1773.846,1775.991,240,240,0,COMPLETE,
2022-08-16 12:00:00,1776.023,1778.551,1771.198,1774.258,240,240,0,COMPLETE,
2022-08-16 16:00:00,1774.264,1777.515,1772.754,1775.766,240,240,0,COMPLETE,
2022-08-16 20:00:00,1775.733,1775.984,1775.025,1775.556,177,240,63,EXPECTED_INCOMPLETE,EXPECTED
2022-08-17 00:00:00,1775.564,1776.945,1773.813,1775.779,240,240,0,COMPLETE,
2022-08-17 04:00:00,1775.777,1782.159,1773.447,1773.533,240,240,0,COMPLETE,
2022-08-17 08:00:00,1773.516,1776.925,1767.012,1769.289,240,240,0,COMPLETE,
2022-08-17 12:00:00,1769.32,1773.609,1761.312,1762.038,240,240,0,COMPLETE,
2022-08-17 16:00:00,1762.056,1770.214,1759.7,1764.476,240,240,0,COMPLETE,
2022-08-17 20:00:00,1764.443,1765.285,1761.72,1764.909,177,240,63,EXPECTED_INCOMPLETE,EXPECTED
2022-08-18 00:00:00,1764.911,1767.497,1761.804,1762.27,240,240,0,COMPLETE,
2022-08-18 04:00:00,1762.288,1765.378,1760.838,1762.726,240,240,0,COMPLETE,
2022-08-18 08:00:00,1762.701,1772.362,1762.593,1770.424,240,240,0,COMPLETE,
2022-08-18 12:00:00,1770.455,1771.969,1757.635,1759.715,240,240,0,COMPLETE,
2022-08-18 16:00:00,1759.747,1761.214,1755.304,1759.562,240,240,0,COMPLETE,
2022-08-18 20:00:00,1759.567,1759.659,1757.18,1758.387,177,240,63,EXPECTED_INCOMPLETE,EXPECTED
2022-08-19 00:00:00,1758.39,1758.55,1753.432,1754.135,240,240,0,COMPLETE,
2022-08-19 04:00:00,1754.148,1757.331,1751.663,1753.894,240,240,0,COMPLETE,
2022-08-19 08:00:00,1753.889,1754.551,1749.808,1752.998,240,240,0,COMPLETE,
2022-08-19 12:00:00,1752.968,1758.047,1745.646,1749.076,240,240,0,COMPLETE,
2022-08-19 16:00:00,1749.045,1750.885,1745.49,1746.5,240,240,0,COMPLETE,
2022-08-19 20:00:00,1746.469,1747.485,1746.254,1747.376,58,240,182,EXPECTED_INCOMPLETE,EXPECTED
2022-08-20 00:00:00,,,,,0,240,240,SESSION_CLOSED_EXPECTED,EXPECTED
2022-08-20 04:00:00,,,,,0,240,240,SESSION_CLOSED_EXPECTED,EXPECTED
2022-08-20 08:00:00,,,,,0,240,240,SESSION_CLOSED_EXPECTED,EXPECTED
2022-08-20 12:00:00,,,,,0,240,240,SESSION_CLOSED_EXPECTED,EXPECTED
2022-08-20 16:00:00,,,,,0,240,240,SESSION_CLOSED_EXPECTED,EXPECTED
2022-08-20 20:00:00,,,,,0,240,240,SESSION_CLOSED_EXPECTED,EXPECTED
2022-08-21 00:00:00,,,,,0,240,240,SESSION_CLOSED_EXPECTED,EXPECTED
2022-08-21 04:00:00,,,,,0,240,240,SESSION_CLOSED_EXPECTED,EXPECTED
2022-08-21 08:00:00,,,,,0,240,240,SESSION_CLOSED_EXPECTED,EXPECTED
2022-08-21 12:00:00,,,,,0,240,240,SESSION_CLOSED_EXPECTED,EXPECTED
2022-08-21 16:00:00,,,,,0,240,240,SESSION_CLOSED_EXPECTED,EXPECTED
2022-08-21 20:00:00,1745.586,1748.094,1744.969,1745.664,115,240,125,EXPECTED_INCOMPLETE,EXPECTED
2022-08-22 00:00:00,1745.668,1748.992,1744.879,1746.504,240,240,0,COMPLETE,
2022-08-22 04:00:00,1746.502,1746.506,1736.17,1736.953,240,240,0,COMPLETE,
2022-08-22 08:00:00,1736.923,1738.209,1730.418,1733.295,240,240,0,COMPLETE,
2022-08-22 12:00:00,1733.264,1739.971,1727.749,1736.797,240,240,0,COMPLETE,
2022-08-22 16:00:00,1736.773,1737.756,1733.751,1734.926,240,240,0,COMPLETE,
2022-08-22 20:00:00,1734.895,1736.099,1734.354,1735.22,177,240,63,EXPECTED_INCOMPLETE,EXPECTED
2022-08-23 00:00:00,1735.227,1740.469,1734.177,1738.445,240,240,0,COMPLETE,
2022-08-23 04:00:00,1738.448,1738.844,1734.682,1738.27,240,240,0,COMPLETE,
2022-08-23 08:00:00,1738.24,1743.813,1734.396,1738.028,240,240,0,COMPLETE,
2022-08-23 12:00:00,1738.023,1754.057,1730.786,1749.703,240,240,0,COMPLETE,
2022-08-23 16:00:00,1749.738,1750.484,1745.879,1747.219,240,240,0,COMPLETE,
2022-08-23 20:00:00,1747.189,1748.496,1745.376,1745.97,177,240,63,EXPECTED_INCOMPLETE,EXPECTED
2022-08-24 00:00:00,1745.972,1747.679,1744.041,1745.447,240,240,0,COMPLETE,
2022-08-24 04:00:00,1745.436,1748.103,1744.186,1747.882,240,240,0,COMPLETE,
2022-08-24 08:00:00,1747.885,1753.604,1742.431,1745.417,240,240,0,COMPLETE,
2022-08-24 12:00:00,1745.448,1755.904,1742.897,1751.177,240,240,0,COMPLETE,
2022-08-24 16:00:00,1751.194,1752.98,1747.612,1752.085,240,240,0,COMPLETE,
2022-08-24 20:00:00,1752.055,1752.702,1750.58,1750.98,177,240,63,EXPECTED_INCOMPLETE,EXPECTED
2022-08-25 00:00:00,1750.974,1757.682,1749.921,1756.393,240,240,0,COMPLETE,
2022-08-25 04:00:00,1756.392,1763.597,1755.448,1762.418,240,240,0,COMPLETE,
2022-08-25 08:00:00,1762.425,1765.437,1761.786,1762.451,240,240,0,COMPLETE,
2022-08-25 12:00:00,1762.482,1762.738,1752.222,1755.295,240,240,0,COMPLETE,
2022-08-25 16:00:00,1755.327,1759.871,1754.308,1757.297,240,240,0,COMPLETE,
2022-08-25 20:00:00,1757.333,1758.925,1756.056,1756.384,177,240,63,EXPECTED_INCOMPLETE,EXPECTED
2022-08-26 00:00:00,1756.377,1757.433,1752.254,1757.41,240,240,0,COMPLETE,
2022-08-26 04:00:00,1757.378,1758.757,1751.562,1753.127,240,240,0,COMPLETE,
2022-08-26 08:00:00,1753.141,1753.141,1743.696,1744.964,240,240,0,COMPLETE,
2022-08-26 12:00:00,1744.98,1756.091,1734.299,1737.058,240,240,0,COMPLETE,
2022-08-26 16:00:00,1737.088,1739.553,1734.13,1736.794,240,240,0,COMPLETE,
2022-08-26 20:00:00,1736.762,1738.779,1736.581,1737.998,58,240,182,EXPECTED_INCOMPLETE,EXPECTED
2022-08-27 00:00:00,,,,,0,240,240,SESSION_CLOSED_EXPECTED,EXPECTED
2022-08-27 04:00:00,,,,,0,240,240,SESSION_CLOSED_EXPECTED,EXPECTED
2022-08-27 08:00:00,,,,,0,240,240,SESSION_CLOSED_EXPECTED,EXPECTED
2022-08-27 12:00:00,,,,,0,240,240,SESSION_CLOSED_EXPECTED,EXPECTED
2022-08-27 16:00:00,,,,,0,240,240,SESSION_CLOSED_EXPECTED,EXPECTED
2022-08-27 20:00:00,,,,,0,240,240,SESSION_CLOSED_EXPECTED,EXPECTED
2022-08-28 00:00:00,,,,,0,240,240,SESSION_CLOSED_EXPECTED,EXPECTED
2022-08-28 04:00:00,,,,,0,240,240,SESSION_CLOSED_EXPECTED,EXPECTED
2022-08-28 08:00:00,,,,,0,240,240,SESSION_CLOSED_EXPECTED,EXPECTED
2022-08-28 12:00:00,,,,,0,240,240,SESSION_CLOSED_EXPECTED,EXPECTED
2022-08-28 16:00:00,,,,,0,240,240,SESSION_CLOSED_EXPECTED,EXPECTED
2022-08-28 20:00:00,1734.774,1738.525,1733.125,1734.735,115,240,125,EXPECTED_INCOMPLETE,EXPECTED
2022-08-29 00:00:00,1734.741,1736.159,1723.341,1724.495,240,240,0,COMPLETE,
2022-08-29 04:00:00,1724.493,1725.81,1720.434,1721.557,240,240,0,COMPLETE,
2022-08-29 08:00:00,1721.554,1729.696,1720.28,1727.698,240,240,0,COMPLETE,
2022-08-29 12:00:00,1727.667,1745.407,1725.607,1740.483,240,240,0,COMPLETE,
2022-08-29 16:00:00,1740.517,1740.776,1735.849,1737.744,240,240,0,COMPLETE,
2022-08-29 20:00:00,1737.711,1739.806,1736.469,1739.526,177,240,63,EXPECTED_INCOMPLETE,EXPECTED
2022-08-30 00:00:00,1739.51,1740.474,1733.866,1734.937,240,240,0,COMPLETE,
2022-08-30 04:00:00,1734.946,1736.945,1728.958,1731.351,240,240,0,COMPLETE,
2022-08-30 08:00:00,1731.384,1737.851,1730.975,1732.956,240,240,0,COMPLETE,
2022-08-30 12:00:00,1732.949,1733.392,1721.131,1726.082,240,240,0,COMPLETE,
2022-08-30 16:00:00,1726.052,1727.049,1722.973,1723.173,240,240,0,COMPLETE,
2022-08-30 20:00:00,1723.143,1724.472,1722.275,1723.304,177,240,63,EXPECTED_INCOMPLETE,EXPECTED
2022-08-31 00:00:00,1723.302,1724.434,1720.557,1723.951,240,240,0,COMPLETE,
2022-08-31 04:00:00,1723.959,1726.483,1719.391,1720.928,240,240,0,COMPLETE,
2022-08-31 08:00:00,1720.893,1721.819,1709.559,1713.931,240,240,0,COMPLETE,
2022-08-31 12:00:00,1713.9,1723.459,1709.784,1718.681,240,240,0,COMPLETE,
2022-08-31 16:00:00,1718.712,1719.076,1709.713,1710.065,240,240,0,COMPLETE,
2022-08-31 20:00:00,1710.096,1711.372,1705.48,1708.952,177,240,63,EXPECTED_INCOMPLETE,EXPECTED
2022-09-01 00:00:00,1708.919,1708.919,1702.251,1704.638,240,240,0,COMPLETE,
2022-09-01 04:00:00,1704.606,1708.488,1702.653,1705.017,240,240,0,COMPLETE,
2022-09-01 08:00:00,1704.986,1708.603,1699.95,1701.764,240,240,0,COMPLETE,
2022-09-01 12:00:00,1701.732,1704.06,1688.723,1695.483,240,240,0,COMPLETE,
2022-09-01 16:00:00,1695.452,1699.602,1694.402,1694.657,240,240,0,COMPLETE,
2022-09-01 20:00:00,1694.623,1697.848,1694.295,1697.207,177,240,63,EXPECTED_INCOMPLETE,EXPECTED
2022-09-02 00:00:00,1697.174,1700.293,1696.266,1699.513,240,240,0,COMPLETE,
2022-09-02 04:00:00,1699.518,1704.475,1698.585,1703.644,240,240,0,COMPLETE,
2022-09-02 08:00:00,1703.626,1707.3,1702.065,1705.79,240,240,0,COMPLETE,
2022-09-02 12:00:00,1705.772,1717.932,1704.121,1716.129,240,240,0,COMPLETE,
2022-09-02 16:00:00,1716.13,1716.414,1708.787,1709.577,240,240,0,COMPLETE,
2022-09-02 20:00:00,1709.547,1712.892,1709.254,1712.532,58,240,182,EXPECTED_INCOMPLETE,EXPECTED
2022-09-03 00:00:00,,,,,0,240,240,SESSION_CLOSED_EXPECTED,EXPECTED
2022-09-03 04:00:00,,,,,0,240,240,SESSION_CLOSED_EXPECTED,EXPECTED
2022-09-03 08:00:00,,,,,0,240,240,SESSION_CLOSED_EXPECTED,EXPECTED
2022-09-03 12:00:00,,,,,0,240,240,SESSION_CLOSED_EXPECTED,EXPECTED
2022-09-03 16:00:00,,,,,0,240,240,SESSION_CLOSED_EXPECTED,EXPECTED
2022-09-03 20:00:00,,,,,0,240,240,SESSION_CLOSED_EXPECTED,EXPECTED
2022-09-04 00:00:00,,,,,0,240,240,SESSION_CLOSED_EXPECTED,EXPECTED
2022-09-04 04:00:00,,,,,0,240,240,SESSION_CLOSED_EXPECTED,EXPECTED
2022-09-04 08:00:00,,,,,0,240,240,SESSION_CLOSED_EXPECTED,EXPECTED
2022-09-04 12:00:00,,,,,0,240,240,SESSION_CLOSED_EXPECTED,EXPECTED
2022-09-04 16:00:00,,,,,0,240,240,SESSION_CLOSED_EXPECTED,EXPECTED
2022-09-04 20:00:00,1711.024,1711.509,1707.899,1707.958,115,240,125,EXPECTED_INCOMPLETE,EXPECTED
2022-09-05 00:00:00,1707.929,1712.766,1707.72,1711.997,240,240,0,COMPLETE,
2022-09-05 04:00:00,1712.011,1714.015,1708.156,1710.772,240,240,0,COMPLETE,
2022-09-05 08:00:00,1710.706,1715.705,1710.463,1713.617,240,240,0,COMPLETE,
2022-09-05 12:00:00,1713.585,1713.763,1709.987,1710.449,240,240,0,COMPLETE,
2022-09-05 16:00:00,1710.414,1712.045,1710.151,1711.551,76,240,164,UNEXPECTED_INCOMPLETE,UNEXPECTED
2022-09-05 20:00:00,1709.695,1714.353,1709.663,1713.927,119,240,121,UNEXPECTED_INCOMPLETE,UNEXPECTED
2022-09-06 00:00:00,1713.921,1726.337,1713.563,1717.745,240,240,0,COMPLETE,
2022-09-06 04:00:00,1717.78,1720.703,1713.417,1715.743,240,240,0,COMPLETE,
2022-09-06 08:00:00,1715.721,1716.021,1710.649,1714.551,240,240,0,COMPLETE,
2022-09-06 12:00:00,1714.553,1714.97,1701.116,1703.015,240,240,0,COMPLETE,
2022-09-06 16:00:00,1703.011,1704.338,1699.751,1700.08,240,240,0,COMPLETE,
2022-09-06 20:00:00,1700.05,1703.837,1699.924,1703.478,177,240,63,EXPECTED_INCOMPLETE,EXPECTED
2022-09-07 00:00:00,1703.475,1703.801,1692.42,1693.365,240,240,0,COMPLETE,
2022-09-07 04:00:00,1693.332,1703.51,1691.358,1703.182,240,240,0,COMPLETE,
2022-09-07 08:00:00,1703.214,1707.165,1700.273,1701.064,240,240,0,COMPLETE,
2022-09-07 12:00:00,1701.062,1713.411,1697.023,1710.456,240,240,0,COMPLETE,
2022-09-07 16:00:00,1710.426,1719.193,1709.488,1717.233,240,240,0,COMPLETE,
2022-09-07 20:00:00,1717.198,1719.426,1716.043,1716.553,177,240,63,EXPECTED_INCOMPLETE,EXPECTED
2022-09-08 00:00:00,1716.548,1719.265,1713.491,1714.414,240,240,0,COMPLETE,
2022-09-08 04:00:00,1714.417,1722.778,1713.856,1717.592,240,240,0,COMPLETE,
2022-09-08 08:00:00,1717.611,1728.138,1716.151,1723.762,240,240,0,COMPLETE,
2022-09-08 12:00:00,1723.759,1726.585,1703.864,1707.148,240,240,0,COMPLETE,
2022-09-08 16:00:00,1707.119,1711.573,1704.803,1706.764,240,240,0,COMPLETE,
2022-09-08 20:00:00,1706.766,1710.889,1706.766,1710.648,177,240,63,EXPECTED_INCOMPLETE,EXPECTED
2022-09-09 00:00:00,1710.618,1720.582,1709.683,1719.224,240,240,0,COMPLETE,
2022-09-09 04:00:00,1719.259,1729.238,1718.179,1727.24,240,240,0,COMPLETE,
2022-09-09 08:00:00,1727.208,1729.336,1719.747,1720.909,240,240,0,COMPLETE,
2022-09-09 12:00:00,1720.931,1722.471,1711.327,1716.788,240,240,0,COMPLETE,
2022-09-09 16:00:00,1716.801,1720.27,1714.539,1715.661,240,240,0,COMPLETE,
2022-09-09 20:00:00,1715.626,1718.016,1715.371,1717.186,58,240,182,EXPECTED_INCOMPLETE,EXPECTED
2022-09-10 00:00:00,,,,,0,240,240,SESSION_CLOSED_EXPECTED,EXPECTED
2022-09-10 04:00:00,,,,,0,240,240,SESSION_CLOSED_EXPECTED,EXPECTED
2022-09-10 08:00:00,,,,,0,240,240,SESSION_CLOSED_EXPECTED,EXPECTED
2022-09-10 12:00:00,,,,,0,240,240,SESSION_CLOSED_EXPECTED,EXPECTED
2022-09-10 16:00:00,,,,,0,240,240,SESSION_CLOSED_EXPECTED,EXPECTED
2022-09-10 20:00:00,,,,,0,240,240,SESSION_CLOSED_EXPECTED,EXPECTED
2022-09-11 00:00:00,,,,,0,240,240,SESSION_CLOSED_EXPECTED,EXPECTED
2022-09-11 04:00:00,,,,,0,240,240,SESSION_CLOSED_EXPECTED,EXPECTED
2022-09-11 08:00:00,,,,,0,240,240,SESSION_CLOSED_EXPECTED,EXPECTED
2022-09-11 12:00:00,,,,,0,240,240,SESSION_CLOSED_EXPECTED,EXPECTED
2022-09-11 16:00:00,,,,,0,240,240,SESSION_CLOSED_EXPECTED,EXPECTED
2022-09-11 20:00:00,1718.402,1720.155,1716.742,1718.396,115,240,125,EXPECTED_INCOMPLETE,EXPECTED
2022-09-12 00:00:00,1718.365,1718.694,1712.226,1713.598,240,240,0,COMPLETE,
2022-09-12 04:00:00,1713.589,1726.47,1711.946,1724.353,240,240,0,COMPLETE,
2022-09-12 08:00:00,1724.344,1729.866,1721.868,1729.537,240,240,0,COMPLETE,
2022-09-12 12:00:00,1729.57,1735.081,1723.626,1734.214,240,240,0,COMPLETE,
2022-09-12 16:00:00,1734.244,1734.806,1723.719,1724.433,240,240,0,COMPLETE,
2022-09-12 20:00:00,1724.403,1726.375,1724.052,1725.246,176,240,64,UNEXPECTED_INCOMPLETE,EXPECTED|UNEXPECTED
2022-09-13 00:00:00,1725.236,1727.54,1720.712,1721.335,240,240,0,COMPLETE,
2022-09-13 04:00:00,1721.331,1725.324,1719.994,1723.826,240,240,0,COMPLETE,
2022-09-13 08:00:00,1723.83,1731.429,1721.89,1729.708,240,240,0,COMPLETE,
2022-09-13 12:00:00,1729.676,1731.772,1696.993,1700.93,240,240,0,COMPLETE,
2022-09-13 16:00:00,1700.947,1707.259,1700.573,1702.432,240,240,0,COMPLETE,
2022-09-13 20:00:00,1702.469,1703.274,1700.646,1702.097,177,240,63,EXPECTED_INCOMPLETE,EXPECTED
2022-09-14 00:00:00,1702.141,1703.559,1697.196,1700.376,240,240,0,COMPLETE,
2022-09-14 04:00:00,1700.4,1705.068,1698.832,1703.143,240,240,0,COMPLETE,
2022-09-14 08:00:00,1703.113,1706.089,1701.007,1701.591,240,240,0,COMPLETE,
2022-09-14 12:00:00,1701.568,1707.068,1698.993,1703.606,240,240,0,COMPLETE,
2022-09-14 16:00:00,1703.636,1703.774,1693.596,1695.587,240,240,0,COMPLETE,
2022-09-14 20:00:00,1695.556,1698.167,1695.193,1697.512,177,240,63,EXPECTED_INCOMPLETE,EXPECTED
2022-09-15 00:00:00,1697.494,1697.775,1690.201,1692.699,240,240,0,COMPLETE,
2022-09-15 04:00:00,1692.702,1693.242,1685.335,1689.789,240,240,0,COMPLETE,
2022-09-15 08:00:00,1689.758,1691.204,1683.765,1686.315,240,240,0,COMPLETE,
2022-09-15 12:00:00,1686.332,1692.127,1663.34,1664.369,240,240,0,COMPLETE,
2022-09-15 16:00:00,1664.339,1669.239,1660.181,1663.87,240,240,0,COMPLETE,
2022-09-15 20:00:00,1663.9,1665.375,1661.286,1662.336,177,240,63,EXPECTED_INCOMPLETE,EXPECTED
2022-09-16 00:00:00,1662.338,1667.659,1661.231,1664.318,240,240,0,COMPLETE,
2022-09-16 04:00:00,1664.323,1665.408,1654.095,1655.707,240,240,0,COMPLETE,
2022-09-16 08:00:00,1655.718,1667.826,1654.107,1665.374,240,240,0,COMPLETE,
2022-09-16 12:00:00,1665.406,1680.361,1657.129,1673.903,240,240,0,COMPLETE,
2022-09-16 16:00:00,1673.867,1677.674,1671.05,1673.196,240,240,0,COMPLETE,
2022-09-16 20:00:00,1673.165,1676.25,1673.035,1675.286,58,240,182,EXPECTED_INCOMPLETE,EXPECTED
2022-09-17 00:00:00,,,,,0,240,240,SESSION_CLOSED_EXPECTED,EXPECTED
2022-09-17 04:00:00,,,,,0,240,240,SESSION_CLOSED_EXPECTED,EXPECTED
2022-09-17 08:00:00,,,,,0,240,240,SESSION_CLOSED_EXPECTED,EXPECTED
2022-09-17 12:00:00,,,,,0,240,240,SESSION_CLOSED_EXPECTED,EXPECTED
2022-09-17 16:00:00,,,,,0,240,240,SESSION_CLOSED_EXPECTED,EXPECTED
2022-09-17 20:00:00,,,,,0,240,240,SESSION_CLOSED_EXPECTED,EXPECTED
2022-09-18 00:00:00,,,,,0,240,240,SESSION_CLOSED_EXPECTED,EXPECTED
2022-09-18 04:00:00,,,,,0,240,240,SESSION_CLOSED_EXPECTED,EXPECTED
2022-09-18 08:00:00,,,,,0,240,240,SESSION_CLOSED_EXPECTED,EXPECTED
2022-09-18 12:00:00,,,,,0,240,240,SESSION_CLOSED_EXPECTED,EXPECTED
2022-09-18 16:00:00,,,,,0,240,240,SESSION_CLOSED_EXPECTED,EXPECTED
2022-09-18 20:00:00,1674.412,1679.963,1673.966,1677.946,115,240,125,EXPECTED_INCOMPLETE,EXPECTED
2022-09-19 00:00:00,1677.914,1678.74,1668.178,1669.19,240,240,0,COMPLETE,
2022-09-19 04:00:00,1669.189,1669.668,1659.457,1662.702,240,240,0,COMPLETE,
2022-09-19 08:00:00,1662.726,1666.657,1660.646,1661.9,240,240,0,COMPLETE,
2022-09-19 12:00:00,1661.936,1675.291,1661.284,1670.616,240,240,0,COMPLETE,
2022-09-19 16:00:00,1670.648,1674.725,1668.839,1674.523,240,240,0,COMPLETE,
2022-09-19 20:00:00,1674.491,1676.043,1674.146,1675.752,177,240,63,EXPECTED_INCOMPLETE,EXPECTED
2022-09-20 00:00:00,1675.744,1679.43,1673.35,1676.951,240,240,0,COMPLETE,
2022-09-20 04:00:00,1676.955,1677.185,1670.166,1672.554,240,240,0,COMPLETE,
2022-09-20 08:00:00,1672.52,1672.52,1666.092,1668.769,240,240,0,COMPLETE,
2022-09-20 12:00:00,1668.801,1669.228,1659.913,1665.545,240,240,0,COMPLETE,
2022-09-20 16:00:00,1665.575,1666.242,1661.539,1664.98,240,240,0,COMPLETE,
2022-09-20 20:00:00,1664.976,1666.661,1664.144,1666.4,177,240,63,EXPECTED_INCOMPLETE,EXPECTED
2022-09-21 00:00:00,1666.392,1667.433,1662.848,1663.743,240,240,0,COMPLETE,
2022-09-21 04:00:00,1663.736,1675.903,1661.686,1670.981,240,240,0,COMPLETE,
2022-09-21 08:00:00,1670.95,1677.344,1669.413,1675.13,240,240,0,COMPLETE,
2022-09-21 12:00:00,1675.138,1676.267,1665.724,1667.512,240,240,0,COMPLETE,
2022-09-21 16:00:00,1667.489,1688.033,1653.772,1672.449,240,240,0,COMPLETE,
2022-09-21 20:00:00,1672.418,1674.76,1665.847,1667.043,177,240,63,EXPECTED_INCOMPLETE,EXPECTED
2022-09-22 00:00:00,1667.04,1667.143,1656.743,1660.488,240,240,0,COMPLETE,
2022-09-22 04:00:00,1660.491,1663.66,1655.368,1658.849,240,240,0,COMPLETE,
2022-09-22 08:00:00,1658.88,1677.91,1657.913,1672.187,240,240,0,COMPLETE,
2022-09-22 12:00:00,1672.165,1684.833,1667.916,1671.452,240,240,0,COMPLETE,
2022-09-22 16:00:00,1671.485,1676.339,1669.322,1671.802,240,240,0,COMPLETE,
2022-09-22 20:00:00,1671.832,1672.904,1670.488,1672.724,177,240,63,EXPECTED_INCOMPLETE,EXPECTED
2022-09-23 00:00:00,1672.737,1675.933,1668.558,1669.122,240,240,0,COMPLETE,
2022-09-23 04:00:00,1669.154,1674.125,1666.332,1667.355,240,240,0,COMPLETE,
2022-09-23 08:00:00,1667.388,1668.282,1640.973,1647.682,240,240,0,COMPLETE,
2022-09-23 12:00:00,1647.649,1657.733,1641.403,1646.197,240,240,0,COMPLETE,
2022-09-23 16:00:00,1646.208,1648.439,1639.714,1642.958,240,240,0,COMPLETE,
2022-09-23 20:00:00,1642.989,1645.147,1642.957,1643.877,58,240,182,EXPECTED_INCOMPLETE,EXPECTED
2022-09-24 00:00:00,,,,,0,240,240,SESSION_CLOSED_EXPECTED,EXPECTED
2022-09-24 04:00:00,,,,,0,240,240,SESSION_CLOSED_EXPECTED,EXPECTED
2022-09-24 08:00:00,,,,,0,240,240,SESSION_CLOSED_EXPECTED,EXPECTED
2022-09-24 12:00:00,,,,,0,240,240,SESSION_CLOSED_EXPECTED,EXPECTED
2022-09-24 16:00:00,,,,,0,240,240,SESSION_CLOSED_EXPECTED,EXPECTED
2022-09-24 20:00:00,,,,,0,240,240,SESSION_CLOSED_EXPECTED,EXPECTED
2022-09-25 00:00:00,,,,,0,240,240,SESSION_CLOSED_EXPECTED,EXPECTED
2022-09-25 04:00:00,,,,,0,240,240,SESSION_CLOSED_EXPECTED,EXPECTED
2022-09-25 08:00:00,,,,,0,240,240,SESSION_CLOSED_EXPECTED,EXPECTED
2022-09-25 12:00:00,,,,,0,240,240,SESSION_CLOSED_EXPECTED,EXPECTED
2022-09-25 16:00:00,,,,,0,240,240,SESSION_CLOSED_EXPECTED,EXPECTED
2022-09-25 20:00:00,1643.172,1645.673,1640.355,1644.054,115,240,125,EXPECTED_INCOMPLETE,EXPECTED
2022-09-26 00:00:00,1644.085,1645.873,1626.434,1638.445,240,240,0,COMPLETE,
2022-09-26 04:00:00,1638.462,1649.598,1634.622,1644.04,240,240,0,COMPLETE,
2022-09-26 08:00:00,1644.071,1647.525,1636.211,1639.939,240,240,0,COMPLETE,
2022-09-26 12:00:00,1639.972,1648.276,1634.134,1634.363,240,240,0,COMPLETE,
2022-09-26 16:00:00,1634.335,1635.179,1621.563,1624.189,240,240,0,COMPLETE,
2022-09-26 20:00:00,1624.22,1628.649,1621.048,1627.669,177,240,63,EXPECTED_INCOMPLETE,EXPECTED
2022-09-27 00:00:00,1627.637,1632.975,1627.554,1631.177,240,240,0,COMPLETE,
2022-09-27 04:00:00,1631.174,1640.572,1630.911,1637.287,240,240,0,COMPLETE,
2022-09-27 08:00:00,1637.255,1642.384,1632.429,1636.678,240,240,0,COMPLETE,
2022-09-27 12:00:00,1636.677,1640.462,1631.841,1634.075,240,240,0,COMPLETE,
2022-09-27 16:00:00,1634.105,1634.125,1626.649,1627.256,240,240,0,COMPLETE,
2022-09-27 20:00:00,1627.287,1630.331,1627.287,1628.797,177,240,63,EXPECTED_INCOMPLETE,EXPECTED
2022-09-28 00:00:00,1628.795,1630.54,1623.008,1624.619,240,240,0,COMPLETE,
2022-09-28 04:00:00,1624.623,1625.661,1614.427,1621.862,240,240,0,COMPLETE,
2022-09-28 08:00:00,1621.898,1631.56,1615.856,1624.394,240,240,0,COMPLETE,
2022-09-28 12:00:00,1624.403,1659.818,1624.165,1658.727,240,240,0,COMPLETE,
2022-09-28 16:00:00,1658.761,1662.66,1655.215,1660.609,240,240,0,COMPLETE,
2022-09-28 20:00:00,1660.64,1660.676,1656.115,1656.115,177,240,63,EXPECTED_INCOMPLETE,EXPECTED
2022-09-29 00:00:00,1656.147,1659.33,1651.978,1654.333,240,240,0,COMPLETE,
2022-09-29 04:00:00,1654.372,1654.473,1641.435,1644.91,240,240,0,COMPLETE,
2022-09-29 08:00:00,1644.88,1652.178,1643.411,1651.396,240,240,0,COMPLETE,
2022-09-29 12:00:00,1651.43,1661.925,1644.461,1659.914,240,240,0,COMPLETE,
2022-09-29 16:00:00,1659.882,1664.803,1657.199,1661.092,240,240,0,COMPLETE,
2022-09-29 20:00:00,1661.061,1665.171,1659.574,1664.567,177,240,63,EXPECTED_INCOMPLETE,EXPECTED
2022-09-30 00:00:00,1664.576,1665.252,1659.198,1662.181,240,240,0,COMPLETE,
2022-09-30 04:00:00,1662.183,1674.177,1661.167,1673.113,240,240,0,COMPLETE,
2022-09-30 08:00:00,1673.098,1674.056,1662.617,1663.26,240,240,0,COMPLETE,
2022-09-30 12:00:00,1663.293,1675.424,1661.952,1671.29,240,240,0,COMPLETE,
2022-09-30 16:00:00,1671.32,1671.676,1660.055,1661.775,240,240,0,COMPLETE,
2022-09-30 20:00:00,1661.745,1662.489,1660.54,1660.963,58,240,182,EXPECTED_INCOMPLETE,EXPECTED
2022-10-01 00:00:00,,,,,0,240,240,SESSION_CLOSED_EXPECTED,EXPECTED
2022-10-01 04:00:00,,,,,0,240,240,SESSION_CLOSED_EXPECTED,EXPECTED
2022-10-01 08:00:00,,,,,0,240,240,SESSION_CLOSED_EXPECTED,EXPECTED
2022-10-01 12:00:00,,,,,0,240,240,SESSION_CLOSED_EXPECTED,EXPECTED
2022-10-01 16:00:00,,,,,0,240,240,SESSION_CLOSED_EXPECTED,EXPECTED
2022-10-01 20:00:00,,,,,0,240,240,SESSION_CLOSED_EXPECTED,EXPECTED
2022-10-02 00:00:00,,,,,0,240,240,SESSION_CLOSED_EXPECTED,EXPECTED
2022-10-02 04:00:00,,,,,0,240,240,SESSION_CLOSED_EXPECTED,EXPECTED
2022-10-02 08:00:00,,,,,0,240,240,SESSION_CLOSED_EXPECTED,EXPECTED
2022-10-02 12:00:00,,,,,0,240,240,SESSION_CLOSED_EXPECTED,EXPECTED
2022-10-02 16:00:00,,,,,0,240,240,SESSION_CLOSED_EXPECTED,EXPECTED
2022-10-02 20:00:00,1664.009,1665.394,1663.255,1664.152,115,240,125,EXPECTED_INCOMPLETE,EXPECTED
2022-10-03 00:00:00,1664.122,1669.448,1663.445,1663.917,240,240,0,COMPLETE,
2022-10-03 04:00:00,1663.925,1668.288,1661.706,1663.732,240,240,0,COMPLETE,
2022-10-03 08:00:00,1663.689,1666.832,1659.578,1666.146,240,240,0,COMPLETE,
2022-10-03 12:00:00,1666.178,1694.092,1663.788,1690.313,240,240,0,COMPLETE,
2022-10-03 16:00:00,1690.344,1701.434,1687.257,1700.771,240,240,0,COMPLETE,
2022-10-03 20:00:00,1700.739,1702.553,1698.168,1700.996,177,240,63,EXPECTED_INCOMPLETE,EXPECTED
2022-10-04 00:00:00,1701.0,1701.155,1695.125,1699.695,240,240,0,COMPLETE,
2022-10-04 04:00:00,1699.717,1710.488,1697.434,1708.084,240,240,0,COMPLETE,
2022-10-04 08:00:00,1708.067,1712.432,1700.399,1705.833,240,240,0,COMPLETE,
2022-10-04 12:00:00,1705.802,1728.85,1703.976,1725.718,240,240,0,COMPLETE,
2022-10-04 16:00:00,1725.749,1729.469,1719.98,1724.85,240,240,0,COMPLETE,
2022-10-04 20:00:00,1724.817,1726.401,1723.73,1725.563,177,240,63,EXPECTED_INCOMPLETE,EXPECTED
2022-10-05 00:00:00,1725.562,1725.646,1717.838,1719.319,240,240,0,COMPLETE,
2022-10-05 04:00:00,1719.315,1727.552,1715.019,1716.296,240,240,0,COMPLETE,
2022-10-05 08:00:00,1716.326,1716.435,1703.12,1706.154,240,240,0,COMPLETE,
2022-10-05 12:00:00,1706.12,1714.136,1700.495,1709.047,240,240,0,COMPLETE,
2022-10-05 16:00:00,1709.081,1718.603,1707.579,1716.115,240,240,0,COMPLETE,
2022-10-05 20:00:00,1716.146,1718.839,1714.782,1718.379,177,240,63,EXPECTED_INCOMPLETE,EXPECTED
2022-10-06 00:00:00,1718.416,1724.201,1717.977,1722.21,240,240,0,COMPLETE,
2022-10-06 04:00:00,1722.199,1725.491,1719.695,1724.629,240,240,0,COMPLETE,
2022-10-06 08:00:00,1724.598,1724.798,1710.844,1714.887,240,240,0,COMPLETE,
2022-10-06 12:00:00,1714.881,1719.422,1708.167,1708.184,240,240,0,COMPLETE,
2022-10-06 16:00:00,1708.171,1715.13,1706.888,1714.373,240,240,0,COMPLETE,
2022-10-06 20:00:00,1714.342,1714.609,1710.871,1711.869,177,240,63,EXPECTED_INCOMPLETE,EXPECTED
2022-10-07 00:00:00,1711.89,1713.357,1709.101,1709.821,240,240,0,COMPLETE,
2022-10-07 04:00:00,1709.806,1714.03,1708.378,1710.847,240,240,0,COMPLETE,
2022-10-07 08:00:00,1710.863,1714.764,1706.192,1709.188,240,240,0,COMPLETE,
2022-10-07 12:00:00,1709.144,1713.339,1690.453,1703.144,240,240,0,COMPLETE,
2022-10-07 16:00:00,1703.136,1707.178,1693.165,1695.621,240,240,0,COMPLETE,
2022-10-07 20:00:00,1695.588,1695.888,1694.369,1695.001,58,240,182,EXPECTED_INCOMPLETE,EXPECTED
2022-10-08 00:00:00,,,,,0,240,240,SESSION_CLOSED_EXPECTED,EXPECTED
2022-10-08 04:00:00,,,,,0,240,240,SESSION_CLOSED_EXPECTED,EXPECTED
2022-10-08 08:00:00,,,,,0,240,240,SESSION_CLOSED_EXPECTED,EXPECTED
2022-10-08 12:00:00,,,,,0,240,240,SESSION_CLOSED_EXPECTED,EXPECTED
2022-10-08 16:00:00,,,,,0,240,240,SESSION_CLOSED_EXPECTED,EXPECTED
2022-10-08 20:00:00,,,,,0,240,240,SESSION_CLOSED_EXPECTED,EXPECTED
2022-10-09 00:00:00,,,,,0,240,240,SESSION_CLOSED_EXPECTED,EXPECTED
2022-10-09 04:00:00,,,,,0,240,240,SESSION_CLOSED_EXPECTED,EXPECTED
2022-10-09 08:00:00,,,,,0,240,240,SESSION_CLOSED_EXPECTED,EXPECTED
2022-10-09 12:00:00,,,,,0,240,240,SESSION_CLOSED_EXPECTED,EXPECTED
2022-10-09 16:00:00,,,,,0,240,240,SESSION_CLOSED_EXPECTED,EXPECTED
2022-10-09 20:00:00,1696.236,1699.857,1695.794,1696.694,115,240,125,EXPECTED_INCOMPLETE,EXPECTED
2022-10-10 00:00:00,1696.695,1697.232,1686.847,1688.871,240,240,0,COMPLETE,
2022-10-10 04:00:00,1688.857,1689.566,1682.119,1682.724,240,240,0,COMPLETE,
2022-10-10 08:00:00,1682.722,1684.477,1673.812,1676.987,240,240,0,COMPLETE,
2022-10-10 12:00:00,1676.981,1679.131,1665.618,1666.868,240,240,0,COMPLETE,
2022-10-10 16:00:00,1666.841,1671.589,1666.748,1668.964,240,240,0,COMPLETE,
2022-10-10 20:00:00,1668.995,1670.221,1667.45,1670.131,177,240,63,EXPECTED_INCOMPLETE,EXPECTED
2022-10-11 00:00:00,1670.1,1673.527,1661.051,1664.134,240,240,0,COMPLETE,
2022-10-11 04:00:00,1664.126,1669.53,1661.757,1664.656,240,240,0,COMPLETE,
2022-10-11 08:00:00,1664.633,1670.621,1660.867,1670.197,240,240,0,COMPLETE,
2022-10-11 12:00:00,1670.154,1681.728,1663.399,1681.555,240,240,0,COMPLETE,
2022-10-11 16:00:00,1681.585,1683.879,1663.72,1666.464,240,240,0,COMPLETE,
2022-10-11 20:00:00,1666.43,1667.449,1663.881,1664.037,177,240,63,EXPECTED_INCOMPLETE,EXPECTED
2022-10-12 00:00:00,1664.015,1666.831,1661.379,1665.308,240,240,0,COMPLETE,
2022-10-12 04:00:00,1665.318,1675.068,1664.761,1668.944,240,240,0,COMPLETE,
2022-10-12 08:00:00,1668.913,1673.289,1667.734,1668.465,240,240,0,COMPLETE,
2022-10-12 12:00:00,1668.496,1673.159,1664.727,1669.458,240,240,0,COMPLETE,
2022-10-12 16:00:00,1669.452,1678.298,1667.663,1675.141,240,240,0,COMPLETE,
2022-10-12 20:00:00,1675.111,1675.579,1672.523,1674.483,177,240,63,EXPECTED_INCOMPLETE,EXPECTED
2022-10-13 00:00:00,1674.46,1675.422,1668.988,1669.253,240,240,0,COMPLETE,
2022-10-13 04:00:00,1669.255,1672.275,1666.987,1672.078,240,240,0,COMPLETE,
2022-10-13 08:00:00,1672.263,1682.36,1670.637,1678.743,240,240,0,COMPLETE,
2022-10-13 12:00:00,1678.712,1678.88,1642.337,1665.661,240,240,0,COMPLETE,
2022-10-13 16:00:00,1665.694,1672.46,1662.883,1663.87,240,240,0,COMPLETE,
2022-10-13 20:00:00,1663.839,1666.587,1662.894,1663.441,177,240,63,EXPECTED_INCOMPLETE,EXPECTED
2022-10-14 00:00:00,1663.418,1670.208,1658.996,1668.996,240,240,0,COMPLETE,
2022-10-14 04:00:00,1669.022,1671.694,1663.518,1667.013,240,240,0,COMPLETE,
2022-10-14 08:00:00,1667.023,1667.117,1650.189,1654.891,240,240,0,COMPLETE,
2022-10-14 12:00:00,1654.923,1663.959,1644.686,1644.686,240,240,0,COMPLETE,
2022-10-14 16:00:00,1644.652,1648.855,1640.123,1642.844,240,240,0,COMPLETE,
2022-10-14 20:00:00,1642.876,1644.72,1642.654,1644.267,58,240,182,EXPECTED_INCOMPLETE,EXPECTED
2022-10-15 00:00:00,,,,,0,240,240,SESSION_CLOSED_EXPECTED,EXPECTED
2022-10-15 04:00:00,,,,,0,240,240,SESSION_CLOSED_EXPECTED,EXPECTED
2022-10-15 08:00:00,,,,,0,240,240,SESSION_CLOSED_EXPECTED,EXPECTED
2022-10-15 12:00:00,,,,,0,240,240,SESSION_CLOSED_EXPECTED,EXPECTED
2022-10-15 16:00:00,,,,,0,240,240,SESSION_CLOSED_EXPECTED,EXPECTED
2022-10-15 20:00:00,,,,,0,240,240,SESSION_CLOSED_EXPECTED,EXPECTED
2022-10-16 00:00:00,,,,,0,240,240,SESSION_CLOSED_EXPECTED,EXPECTED
2022-10-16 04:00:00,,,,,0,240,240,SESSION_CLOSED_EXPECTED,EXPECTED
2022-10-16 08:00:00,,,,,0,240,240,SESSION_CLOSED_EXPECTED,EXPECTED
2022-10-16 12:00:00,,,,,0,240,240,SESSION_CLOSED_EXPECTED,EXPECTED
2022-10-16 16:00:00,,,,,0,240,240,SESSION_CLOSED_EXPECTED,EXPECTED
2022-10-16 20:00:00,1646.163,1647.656,1644.094,1647.47,115,240,125,EXPECTED_INCOMPLETE,EXPECTED
2022-10-17 00:00:00,1647.455,1652.606,1646.361,1650.155,240,240,0,COMPLETE,
2022-10-17 04:00:00,1650.186,1657.392,1648.33,1655.983,240,240,0,COMPLETE,
2022-10-17 08:00:00,1655.919,1660.601,1652.91,1657.972,240,240,0,COMPLETE,
2022-10-17 12:00:00,1657.939,1668.389,1657.032,1663.282,240,240,0,COMPLETE,
2022-10-17 16:00:00,1663.248,1663.393,1646.581,1647.926,240,240,0,COMPLETE,
2022-10-17 20:00:00,1647.934,1651.469,1647.702,1650.698,177,240,63,EXPECTED_INCOMPLETE,EXPECTED
2022-10-18 00:00:00,1650.73,1653.508,1648.91,1652.452,240,240,0,COMPLETE,
2022-10-18 04:00:00,1652.464,1660.853,1651.148,1656.356,240,240,0,COMPLETE,
2022-10-18 08:00:00,1656.325,1657.537,1648.524,1652.866,240,240,0,COMPLETE,
2022-10-18 12:00:00,1652.9,1657.334,1645.81,1649.755,240,240,0,COMPLETE,
2022-10-18 16:00:00,1649.725,1652.721,1648.116,1651.365,240,240,0,COMPLETE,
2022-10-18 20:00:00,1651.333,1654.466,1650.673,1652.305,177,240,63,EXPECTED_INCOMPLETE,EXPECTED
2022-10-19 00:00:00,1652.304,1653.366,1649.026,1649.241,240,240,0,COMPLETE,
2022-10-19 04:00:00,1649.273,1649.456,1637.395,1644.742,240,240,0,COMPLETE,
2022-10-19 08:00:00,1644.772,1644.814,1631.849,1635.249,240,240,0,COMPLETE,
2022-10-19 12:00:00,1635.216,1637.703,1630.342,1630.492,240,240,0,COMPLETE,
2022-10-19 16:00:00,1630.508,1631.199,1627.661,1629.533,240,240,0,COMPLETE,
2022-10-19 20:00:00,1629.564,1630.302,1626.464,1627.097,177,240,63,EXPECTED_INCOMPLETE,EXPECTED
2022-10-20 00:00:00,1627.064,1629.339,1622.403,1626.219,240,240,0,COMPLETE,
2022-10-20 04:00:00,1626.217,1634.975,1625.126,1632.732,240,240,0,COMPLETE,
2022-10-20 08:00:00,1632.775,1639.244,1628.718,1637.331,240,240,0,COMPLETE,
2022-10-20 12:00:00,1637.34,1645.57,1630.348,1641.274,240,240,0,COMPLETE,
2022-10-20 16:00:00,1641.278,1641.45,1624.715,1626.845,240,240,0,COMPLETE,
2022-10-20 20:00:00,1626.877,1628.397,1625.347,1626.98,177,240,63,EXPECTED_INCOMPLETE,EXPECTED
2022-10-21 00:00:00,1626.979,1628.266,1620.34,1621.594,240,240,0,COMPLETE,
2022-10-21 04:00:00,1621.593,1627.102,1616.856,1623.781,240,240,0,COMPLETE,
2022-10-21 08:00:00,1623.773,1627.999,1619.183,1623.141,240,240,0,COMPLETE,
2022-10-21 12:00:00,1623.13,1650.951,1619.148,1650.842,240,240,0,COMPLETE,
2022-10-21 16:00:00,1650.873,1657.042,1647.339,1655.233,240,240,0,COMPLETE,
2022-10-21 20:00:00,1655.202,1658.087,1654.011,1657.806,58,240,182,EXPECTED_INCOMPLETE,EXPECTED
2022-10-22 00:00:00,,,,,0,240,240,SESSION_CLOSED_EXPECTED,EXPECTED
2022-10-22 04:00:00,,,,,0,240,240,SESSION_CLOSED_EXPECTED,EXPECTED
2022-10-22 08:00:00,,,,,0,240,240,SESSION_CLOSED_EXPECTED,EXPECTED
2022-10-22 12:00:00,,,,,0,240,240,SESSION_CLOSED_EXPECTED,EXPECTED
2022-10-22 16:00:00,,,,,0,240,240,SESSION_CLOSED_EXPECTED,EXPECTED
2022-10-22 20:00:00,,,,,0,240,240,SESSION_CLOSED_EXPECTED,EXPECTED
2022-10-23 00:00:00,,,,,0,240,240,SESSION_CLOSED_EXPECTED,EXPECTED
2022-10-23 04:00:00,,,,,0,240,240,SESSION_CLOSED_EXPECTED,EXPECTED
2022-10-23 08:00:00,,,,,0,240,240,SESSION_CLOSED_EXPECTED,EXPECTED
2022-10-23 12:00:00,,,,,0,240,240,SESSION_CLOSED_EXPECTED,EXPECTED
2022-10-23 16:00:00,,,,,0,240,240,SESSION_CLOSED_EXPECTED,EXPECTED
2022-10-23 20:00:00,1659.975,1670.606,1656.61,1661.251,115,240,125,EXPECTED_INCOMPLETE,EXPECTED
2022-10-24 00:00:00,1661.219,1663.306,1651.907,1654.01,240,240,0,COMPLETE,
2022-10-24 04:00:00,1654.012,1658.65,1648.863,1649.232,240,240,0,COMPLETE,
2022-10-24 08:00:00,1649.263,1652.302,1644.181,1650.034,240,240,0,COMPLETE,
2022-10-24 12:00:00,1650.003,1654.4,1643.903,1651.789,240,240,0,COMPLETE,
2022-10-24 16:00:00,1651.755,1652.632,1647.724,1650.328,240,240,0,COMPLETE,
2022-10-24 20:00:00,1650.295,1652.547,1648.887,1651.742,177,240,63,EXPECTED_INCOMPLETE,EXPECTED
2022-10-25 00:00:00,1651.773,1654.862,1647.173,1651.593,240,240,0,COMPLETE,
2022-10-25 04:00:00,1651.562,1652.19,1644.435,1645.149,240,240,0,COMPLETE,
2022-10-25 08:00:00,1645.153,1648.283,1638.121,1643.788,240,240,0,COMPLETE,
2022-10-25 12:00:00,1643.793,1662.281,1639.014,1656.011,240,240,0,COMPLETE,
2022-10-25 16:00:00,1655.981,1657.091,1652.079,1653.967,240,240,0,COMPLETE,
2022-10-25 20:00:00,1653.931,1653.931,1651.066,1652.755,177,240,63,EXPECTED_INCOMPLETE,EXPECTED
2022-10-26 00:00:00,1652.765,1657.577,1649.733,1657.007,240,240,0,COMPLETE,
2022-10-26 04:00:00,1657.009,1671.325,1655.14,1670.899,240,240,0,COMPLETE,
2022-10-26 08:00:00,1670.934,1674.834,1666.645,1668.456,240,240,0,COMPLETE,
2022-10-26 12:00:00,1668.447,1672.607,1660.561,1667.116,240,240,0,COMPLETE,
2022-10-26 16:00:00,1667.145,1668.947,1663.54,1664.709,240,240,0,COMPLETE,
2022-10-26 20:00:00,1664.748,1667.555,1663.237,1667.513,177,240,63,EXPECTED_INCOMPLETE,EXPECTED
2022-10-27 00:00:00,1667.524,1670.754,1662.268,1664.586,240,240,0,COMPLETE,
2022-10-27 04:00:00,1664.587,1669.652,1658.779,1662.684,240,240,0,COMPLETE,
2022-10-27 08:00:00,1662.715,1666.66,1659.822,1661.968,240,240,0,COMPLETE,
2022-10-27 12:00:00,1661.936,1665.7,1654.798,1661.206,240,240,0,COMPLETE,
2022-10-27 16:00:00,1661.175,1662.57,1656.722,1662.295,240,240,0,COMPLETE,
2022-10-27 20:00:00,1662.264,1663.441,1661.003,1661.862,177,240,63,EXPECTED_INCOMPLETE,EXPECTED
2022-10-28 00:00:00,1661.861,1666.992,1660.504,1664.725,240,240,0,COMPLETE,
2022-10-28 04:00:00,1664.756,1665.391,1651.224,1652.673,240,240,0,COMPLETE,
2022-10-28 08:00:00,1652.695,1653.797,1646.282,1650.372,240,240,0,COMPLETE,
2022-10-28 12:00:00,1650.404,1652.797,1637.811,1639.6,240,240,0,COMPLETE,
2022-10-28 16:00:00,1639.607,1645.203,1638.854,1645.152,240,240,0,COMPLETE,
2022-10-28 20:00:00,1645.115,1645.872,1643.762,1644.448,58,240,182,EXPECTED_INCOMPLETE,EXPECTED
2022-10-29 00:00:00,,,,,0,240,240,SESSION_CLOSED_EXPECTED,EXPECTED
2022-10-29 04:00:00,,,,,0,240,240,SESSION_CLOSED_EXPECTED,EXPECTED
2022-10-29 08:00:00,,,,,0,240,240,SESSION_CLOSED_EXPECTED,EXPECTED
2022-10-29 12:00:00,,,,,0,240,240,SESSION_CLOSED_EXPECTED,EXPECTED
2022-10-29 16:00:00,,,,,0,240,240,SESSION_CLOSED_EXPECTED,EXPECTED
2022-10-29 20:00:00,,,,,0,240,240,SESSION_CLOSED_EXPECTED,EXPECTED
2022-10-30 00:00:00,,,,,0,240,240,SESSION_CLOSED_EXPECTED,EXPECTED
2022-10-30 04:00:00,,,,,0,240,240,SESSION_CLOSED_EXPECTED,EXPECTED
2022-10-30 08:00:00,,,,,0,240,240,SESSION_CLOSED_EXPECTED,EXPECTED
2022-10-30 12:00:00,,,,,0,240,240,SESSION_CLOSED_EXPECTED,EXPECTED
2022-10-30 16:00:00,,,,,0,240,240,SESSION_CLOSED_EXPECTED,EXPECTED
2022-10-30 20:00:00,1643.727,1645.373,1643.003,1643.446,115,240,125,EXPECTED_INCOMPLETE,EXPECTED
2022-10-31 00:00:00,1643.413,1645.054,1640.63,1644.333,240,240,0,COMPLETE,
2022-10-31 04:00:00,1644.323,1645.56,1640.426,1641.125,240,240,0,COMPLETE,
2022-10-31 08:00:00,1641.132,1642.019,1635.609,1639.742,240,240,0,COMPLETE,
2022-10-31 12:00:00,1639.699,1642.036,1633.354,1638.937,240,240,0,COMPLETE,
2022-10-31 16:00:00,1638.969,1640.282,1631.677,1632.107,240,240,0,COMPLETE,
2022-10-31 20:00:00,1632.137,1633.786,1631.787,1632.416,177,240,63,EXPECTED_INCOMPLETE,EXPECTED
2022-11-01 00:00:00,1632.419,1639.949,1630.689,1637.515,240,240,0,COMPLETE,
2022-11-01 04:00:00,1637.532,1649.861,1636.485,1645.208,240,240,0,COMPLETE,
2022-11-01 08:00:00,1645.242,1655.241,1645.206,1652.188,240,240,0,COMPLETE,
2022-11-01 12:00:00,1652.221,1656.969,1642.026,1644.387,240,240,0,COMPLETE,
2022-11-01 16:00:00,1644.35,1651.059,1642.868,1648.154,240,240,0,COMPLETE,
2022-11-01 20:00:00,1648.123,1648.355,1645.988,1646.772,177,240,63,EXPECTED_INCOMPLETE,EXPECTED
2022-11-02 00:00:00,1646.804,1653.288,1646.624,1650.692,240,240,0,COMPLETE,
2022-11-02 04:00:00,1650.736,1653.353,1649.288,1652.783,240,240,0,COMPLETE,
2022-11-02 08:00:00,1652.796,1656.907,1651.869,1655.176,240,240,0,COMPLETE,
2022-11-02 12:00:00,1655.206,1658.829,1645.625,1646.384,240,240,0,COMPLETE,
2022-11-02 16:00:00,1646.391,1669.428,1635.653,1636.9,240,240,0,COMPLETE,
2022-11-02 20:00:00,1636.865,1638.141,1631.8,1633.721,177,240,63,EXPECTED_INCOMPLETE,EXPECTED
2022-11-03 00:00:00,1633.718,1640.911,1632.747,1637.63,240,240,0,COMPLETE,
2022-11-03 04:00:00,1637.661,1638.844,1628.338,1629.926,240,240,0,COMPLETE,
2022-11-03 08:00:00,1629.913,1629.987,1616.624,1619.817,240,240,0,COMPLETE,
2022-11-03 12:00:00,1619.783,1631.572,1617.074,1625.864,240,240,0,COMPLETE,
2022-11-03 16:00:00,1625.861,1632.292,1624.869,1630.847,240,240,0,COMPLETE,
2022-11-03 20:00:00,1630.903,1631.198,1628.616,1629.737,177,240,63,EXPECTED_INCOMPLETE,EXPECTED
2022-11-04 00:00:00,1629.771,1640.044,1629.315,1639.144,240,240,0,COMPLETE,
2022-11-04 04:00:00,1639.114,1649.705,1638.568,1644.869,240,240,0,COMPLETE,
2022-11-04 08:00:00,1644.905,1653.382,1643.71,1651.369,240,240,0,COMPLETE,
2022-11-04 12:00:00,1651.344,1675.381,1641.511,1671.102,240,240,0,COMPLETE,
2022-11-04 16:00:00,1671.133,1681.665,1667.702,1680.768,240,240,0,COMPLETE,
2022-11-04 20:00:00,1680.737,1681.614,1679.623,1680.966,58,240,182,EXPECTED_INCOMPLETE,EXPECTED
2022-11-05 00:00:00,,,,,0,240,240,SESSION_CLOSED_EXPECTED,EXPECTED
2022-11-05 04:00:00,,,,,0,240,240,SESSION_CLOSED_EXPECTED,EXPECTED
2022-11-05 08:00:00,,,,,0,240,240,SESSION_CLOSED_EXPECTED,EXPECTED
2022-11-05 12:00:00,,,,,0,240,240,SESSION_CLOSED_EXPECTED,EXPECTED
2022-11-05 16:00:00,,,,,0,240,240,SESSION_CLOSED_EXPECTED,EXPECTED
2022-11-05 20:00:00,,,,,0,240,240,SESSION_CLOSED_EXPECTED,EXPECTED
2022-11-06 00:00:00,,,,,0,240,240,SESSION_CLOSED_EXPECTED,EXPECTED
2022-11-06 04:00:00,,,,,0,240,240,SESSION_CLOSED_EXPECTED,EXPECTED
2022-11-06 08:00:00,,,,,0,240,240,SESSION_CLOSED_EXPECTED,EXPECTED
2022-11-06 12:00:00,,,,,0,240,240,SESSION_CLOSED_EXPECTED,EXPECTED
2022-11-06 16:00:00,,,,,0,240,240,SESSION_CLOSED_EXPECTED,EXPECTED
2022-11-06 20:00:00,1675.168,1680.309,1672.277,1672.66,55,240,185,EXPECTED_INCOMPLETE,EXPECTED
2022-11-07 00:00:00,1672.698,1675.299,1670.319,1673.506,240,240,0,COMPLETE,
2022-11-07 04:00:00,1673.499,1674.787,1666.852,1668.089,240,240,0,COMPLETE,
2022-11-07 08:00:00,1668.068,1680.35,1667.01,1676.972,240,240,0,COMPLETE,
2022-11-07 12:00:00,1676.939,1681.865,1673.468,1678.932,239,240,1,UNEXPECTED_INCOMPLETE,UNEXPECTED
2022-11-07 16:00:00,1678.964,1680.225,1675.08,1675.377,240,240,0,COMPLETE,
2022-11-07 20:00:00,1675.425,1676.218,1673.584,1674.072,177,240,63,EXPECTED_INCOMPLETE,EXPECTED
2022-11-08 00:00:00,1674.084,1676.67,1672.138,1672.815,240,240,0,COMPLETE,
2022-11-08 04:00:00,1672.82,1673.408,1668.123,1670.292,240,240,0,COMPLETE,
2022-11-08 08:00:00,1670.326,1673.309,1664.665,1672.572,240,240,0,COMPLETE,
2022-11-08 12:00:00,1672.598,1714.146,1669.983,1713.058,240,240,0,COMPLETE,
2022-11-08 16:00:00,1713.091,1716.901,1708.272,1711.62,240,240,0,COMPLETE,
2022-11-08 20:00:00,1711.652,1713.346,1710.692,1711.587,177,240,63,EXPECTED_INCOMPLETE,EXPECTED
2022-11-09 00:00:00,1711.583,1712.48,1706.969,1709.252,240,240,0,COMPLETE,
2022-11-09 04:00:00,1709.226,1712.699,1707.407,1711.618,240,240,0,COMPLETE,
2022-11-09 08:00:00,1711.652,1715.772,1703.868,1708.774,240,240,0,COMPLETE,
2022-11-09 12:00:00,1708.735,1722.291,1702.905,1711.506,240,240,0,COMPLETE,
2022-11-09 16:00:00,1711.539,1714.36,1702.124,1703.74,240,240,0,COMPLETE,
2022-11-09 20:00:00,1703.759,1707.436,1703.349,1706.45,177,240,63,EXPECTED_INCOMPLETE,EXPECTED
2022-11-10 00:00:00,1706.469,1710.094,1705.077,1709.354,240,240,0,COMPLETE,
2022-11-10 04:00:00,1709.362,1712.527,1705.264,1705.846,240,240,0,COMPLETE,
2022-11-10 08:00:00,1705.877,1710.162,1703.98,1707.36,240,240,0,COMPLETE,
2022-11-10 12:00:00,1707.397,1753.262,1706.85,1750.944,240,240,0,COMPLETE,
2022-11-10 16:00:00,1750.912,1754.735,1743.508,1754.088,240,240,0,COMPLETE,
2022-11-10 20:00:00,1754.058,1757.196,1752.043,1752.196,177,240,63,EXPECTED_INCOMPLETE,EXPECTED
2022-11-11 00:00:00,1752.192,1753.383,1747.23,1751.292,240,240,0,COMPLETE,
2022-11-11 04:00:00,1751.294,1764.308,1749.759,1760.985,240,240,0,COMPLETE,
2022-11-11 08:00:00,1760.954,1766.541,1755.023,1759.276,240,240,0,COMPLETE,
2022-11-11 12:00:00,1759.31,1766.046,1755.506,1763.677,240,240,0,COMPLETE,
2022-11-11 16:00:00,1763.707,1768.042,1759.618,1768.042,240,240,0,COMPLETE,
2022-11-11 20:00:00,1768.008,1772.822,1765.394,1770.992,118,240,122,EXPECTED_INCOMPLETE,EXPECTED
2022-11-12 00:00:00,,,,,0,240,240,SESSION_CLOSED_EXPECTED,EXPECTED
2022-11-12 04:00:00,,,,,0,240,240,SESSION_CLOSED_EXPECTED,EXPECTED
2022-11-12 08:00:00,,,,,0,240,240,SESSION_CLOSED_EXPECTED,EXPECTED
2022-11-12 12:00:00,,,,,0,240,240,SESSION_CLOSED_EXPECTED,EXPECTED
2022-11-12 16:00:00,,,,,0,240,240,SESSION_CLOSED_EXPECTED,EXPECTED
2022-11-12 20:00:00,,,,,0,240,240,SESSION_CLOSED_EXPECTED,EXPECTED
2022-11-13 00:00:00,,,,,0,240,240,SESSION_CLOSED_EXPECTED,EXPECTED
2022-11-13 04:00:00,,,,,0,240,240,SESSION_CLOSED_EXPECTED,EXPECTED
2022-11-13 08:00:00,,,,,0,240,240,SESSION_CLOSED_EXPECTED,EXPECTED
2022-11-13 12:00:00,,,,,0,240,240,SESSION_CLOSED_EXPECTED,EXPECTED
2022-11-13 16:00:00,,,,,0,240,240,SESSION_CLOSED_EXPECTED,EXPECTED
2022-11-13 20:00:00,1763.488,1764.891,1761.422,1763.439,55,240,185,EXPECTED_INCOMPLETE,EXPECTED
2022-11-14 00:00:00,1763.447,1766.277,1760.828,1763.414,240,240,0,COMPLETE,
2022-11-14 04:00:00,1763.423,1763.705,1757.904,1762.279,240,240,0,COMPLETE,
2022-11-14 08:00:00,1762.247,1766.126,1753.101,1756.305,240,240,0,COMPLETE,
2022-11-14 12:00:00,1756.267,1775.007,1755.473,1771.461,240,240,0,COMPLETE,
2022-11-14 16:00:00,1771.483,1773.885,1766.5,1772.86,240,240,0,COMPLETE,
2022-11-14 20:00:00,1772.89,1774.395,1769.181,1769.481,177,240,63,EXPECTED_INCOMPLETE,EXPECTED
2022-11-15 00:00:00,1769.516,1772.299,1767.047,1771.229,240,240,0,COMPLETE,
2022-11-15 04:00:00,1771.197,1784.208,1768.673,1782.84,240,240,0,COMPLETE,
2022-11-15 08:00:00,1782.874,1783.011,1772.941,1776.819,240,240,0,COMPLETE,
2022-11-15 12:00:00,1776.861,1786.472,1768.195,1771.076,240,240,0,COMPLETE,
2022-11-15 16:00:00,1771.106,1785.724,1767.952,1778.494,240,240,0,COMPLETE,
2022-11-15 20:00:00,1778.524,1781.192,1776.695,1780.746,177,240,63,EXPECTED_INCOMPLETE,EXPECTED
2022-11-16 00:00:00,1780.774,1781.399,1771.691,1771.834,240,240,0,COMPLETE,
2022-11-16 04:00:00,1771.845,1777.691,1770.272,1776.719,240,240,0,COMPLETE,
2022-11-16 08:00:00,1776.75,1784.992,1775.883,1783.452,240,240,0,COMPLETE,
2022-11-16 12:00:00,1783.417,1783.486,1772.927,1779.604,240,240,0,COMPLETE,
2022-11-16 16:00:00,1779.635,1779.994,1770.898,1774.443,240,240,0,COMPLETE,
2022-11-16 20:00:00,1774.434,1776.128,1772.977,1773.843,177,240,63,EXPECTED_INCOMPLETE,EXPECTED
2022-11-17 00:00:00,1773.862,1774.762,1763.04,1763.884,240,240,0,COMPLETE,
2022-11-17 04:00:00,1763.916,1768.993,1761.256,1766.932,240,240,0,COMPLETE,
2022-11-17 08:00:00,1766.964,1770.99,1761.455,1765.534,240,240,0,COMPLETE,
2022-11-17 12:00:00,1765.565,1767.519,1754.443,1760.195,240,240,0,COMPLETE,
2022-11-17 16:00:00,1760.204,1762.301,1755.417,1760.787,240,240,0,COMPLETE,
2022-11-17 20:00:00,1760.756,1761.365,1759.341,1760.058,177,240,63,EXPECTED_INCOMPLETE,EXPECTED
2022-11-18 00:00:00,1760.026,1765.626,1759.935,1764.81,240,240,0,COMPLETE,
2022-11-18 04:00:00,1764.812,1766.857,1761.111,1765.532,240,240,0,COMPLETE,
2022-11-18 08:00:00,1765.498,1767.674,1759.912,1760.31,240,240,0,COMPLETE,
2022-11-18 12:00:00,1760.268,1764.116,1749.882,1757.28,240,240,0,COMPLETE,
2022-11-18 16:00:00,1757.246,1757.908,1747.487,1748.353,240,240,0,COMPLETE,
2022-11-18 20:00:00,1748.322,1751.078,1747.592,1750.852,118,240,122,EXPECTED_INCOMPLETE,EXPECTED
2022-11-19 00:00:00,,,,,0,240,240,SESSION_CLOSED_EXPECTED,EXPECTED
2022-11-19 04:00:00,,,,,0,240,240,SESSION_CLOSED_EXPECTED,EXPECTED
2022-11-19 08:00:00,,,,,0,240,240,SESSION_CLOSED_EXPECTED,EXPECTED
2022-11-19 12:00:00,,,,,0,240,240,SESSION_CLOSED_EXPECTED,EXPECTED
2022-11-19 16:00:00,,,,,0,240,240,SESSION_CLOSED_EXPECTED,EXPECTED
2022-11-19 20:00:00,,,,,0,240,240,SESSION_CLOSED_EXPECTED,EXPECTED
2022-11-20 00:00:00,,,,,0,240,240,SESSION_CLOSED_EXPECTED,EXPECTED
2022-11-20 04:00:00,,,,,0,240,240,SESSION_CLOSED_EXPECTED,EXPECTED
2022-11-20 08:00:00,,,,,0,240,240,SESSION_CLOSED_EXPECTED,EXPECTED
2022-11-20 12:00:00,,,,,0,240,240,SESSION_CLOSED_EXPECTED,EXPECTED
2022-11-20 16:00:00,,,,,0,240,240,SESSION_CLOSED_EXPECTED,EXPECTED
2022-11-20 20:00:00,1751.196,1752.595,1750.869,1752.261,55,240,185,EXPECTED_INCOMPLETE,EXPECTED
2022-11-21 00:00:00,1752.256,1752.986,1743.817,1746.782,240,240,0,COMPLETE,
2022-11-21 04:00:00,1746.807,1747.418,1741.968,1742.496,240,240,0,COMPLETE,
2022-11-21 08:00:00,1742.531,1744.132,1736.953,1740.001,240,240,0,COMPLETE,
2022-11-21 12:00:00,1740.041,1746.988,1735.876,1736.659,240,240,0,COMPLETE,
2022-11-21 16:00:00,1736.626,1739.619,1732.473,1735.379,240,240,0,COMPLETE,
2022-11-21 20:00:00,1735.411,1739.282,1735.411,1738.506,177,240,63,EXPECTED_INCOMPLETE,EXPECTED
2022-11-22 00:00:00,1738.513,1744.987,1738.021,1744.184,240,240,0,COMPLETE,
2022-11-22 04:00:00,1744.171,1745.59,1740.288,1743.093,240,240,0,COMPLETE,
2022-11-22 08:00:00,1743.062,1749.613,1741.933,1748.512,240,240,0,COMPLETE,
2022-11-22 12:00:00,1748.549,1748.549,1741.51,1741.833,240,240,0,COMPLETE,
2022-11-22 16:00:00,1741.841,1742.166,1737.008,1738.21,240,240,0,COMPLETE,
2022-11-22 20:00:00,1738.221,1741.237,1737.246,1741.139,177,240,63,EXPECTED_INCOMPLETE,EXPECTED
2022-11-23 00:00:00,1741.14,1742.851,1736.674,1737.174,240,240,0,COMPLETE,
2022-11-23 04:00:00,1737.166,1745.727,1732.665,1744.199,240,240,0,COMPLETE,
2022-11-23 08:00:00,1744.161,1744.649,1734.374,1739.445,240,240,0,COMPLETE,
2022-11-23 12:00:00,1739.476,1747.658,1726.349,1743.371,240,240,0,COMPLETE,
2022-11-23 16:00:00,1743.407,1753.378,1741.101,1751.841,240,240,0,COMPLETE,
2022-11-23 20:00:00,1751.871,1752.647,1749.077,1752.271,177,240,63,EXPECTED_INCOMPLETE,EXPECTED
2022-11-24 00:00:00,1752.302,1756.54,1752.297,1756.248,240,240,0,COMPLETE,
2022-11-24 04:00:00,1756.281,1757.599,1752.577,1753.798,240,240,0,COMPLETE,
2022-11-24 08:00:00,1753.78,1758.565,1752.402,1758.252,240,240,0,COMPLETE,
2022-11-24 12:00:00,1758.271,1758.537,1755.099,1756.79,240,240,0,COMPLETE,
2022-11-24 16:00:00,1756.77,1757.322,1753.592,1755.182,209,240,31,UNEXPECTED_INCOMPLETE,UNEXPECTED
2022-11-24 20:00:00,1754.313,1755.82,1754.313,1755.189,59,240,181,UNEXPECTED_INCOMPLETE,UNEXPECTED
2022-11-25 00:00:00,1755.375,1759.644,1752.352,1759.516,240,240,0,COMPLETE,
2022-11-25 04:00:00,1759.54,1761.12,1751.358,1751.419,240,240,0,COMPLETE,
2022-11-25 08:00:00,1751.385,1754.362,1749.224,1751.011,240,240,0,COMPLETE,
2022-11-25 12:00:00,1751.024,1752.552,1745.947,1750.301,240,240,0,COMPLETE,
2022-11-25 16:00:00,1750.327,1756.076,1749.492,1755.969,150,240,90,EXPECTED_INCOMPLETE,EXPECTED
2022-11-25 20:00:00,,,,,0,240,240,SESSION_CLOSED_EXPECTED,EXPECTED
2022-11-26 00:00:00,,,,,0,240,240,SESSION_CLOSED_EXPECTED,EXPECTED
2022-11-26 04:00:00,,,,,0,240,240,SESSION_CLOSED_EXPECTED,EXPECTED
2022-11-26 08:00:00,,,,,0,240,240,SESSION_CLOSED_EXPECTED,EXPECTED
2022-11-26 12:00:00,,,,,0,240,240,SESSION_CLOSED_EXPECTED,EXPECTED
2022-11-26 16:00:00,,,,,0,240,240,SESSION_CLOSED_EXPECTED,EXPECTED
2022-11-26 20:00:00,,,,,0,240,240,SESSION_CLOSED_EXPECTED,EXPECTED
2022-11-27 00:00:00,,,,,0,240,240,SESSION_CLOSED_EXPECTED,EXPECTED
2022-11-27 04:00:00,,,,,0,240,240,SESSION_CLOSED_EXPECTED,EXPECTED
2022-11-27 08:00:00,,,,,0,240,240,SESSION_CLOSED_EXPECTED,EXPECTED
2022-11-27 12:00:00,,,,,0,240,240,SESSION_CLOSED_EXPECTED,EXPECTED
2022-11-27 16:00:00,,,,,0,240,240,SESSION_CLOSED_EXPECTED,EXPECTED
2022-11-27 20:00:00,1753.479,1754.215,1749.919,1750.9,55,240,185,EXPECTED_INCOMPLETE,EXPECTED
2022-11-28 00:00:00,1750.883,1753.907,1745.981,1749.618,240,240,0,COMPLETE,
2022-11-28 04:00:00,1749.633,1754.057,1748.405,1750.758,240,240,0,COMPLETE,
2022-11-28 08:00:00,1750.728,1763.703,1749.877,1758.64,240,240,0,COMPLETE,
2022-11-28 12:00:00,1758.679,1759.113,1742.844,1745.444,240,240,0,COMPLETE,
2022-11-28 16:00:00,1745.408,1746.762,1739.607,1740.238,240,240,0,COMPLETE,
2022-11-28 20:00:00,1740.274,1742.039,1739.601,1741.231,177,240,63,EXPECTED_INCOMPLETE,EXPECTED
2022-11-29 00:00:00,1741.252,1750.498,1740.235,1750.434,240,240,0,COMPLETE,
2022-11-29 04:00:00,1750.409,1755.029,1750.022,1753.903,240,240,0,COMPLETE,
2022-11-29 08:00:00,1753.896,1758.929,1752.169,1757.304,240,240,0,COMPLETE,
2022-11-29 12:00:00,1757.273,1757.979,1746.897,1755.149,240,240,0,COMPLETE,
2022-11-29 16:00:00,1755.136,1755.494,1748.827,1750.227,240,240,0,COMPLETE,
2022-11-29 20:00:00,1750.242,1750.386,1747.829,1748.884,177,240,63,EXPECTED_INCOMPLETE,EXPECTED
2022-11-30 00:00:00,1748.92,1754.754,1747.742,1754.744,240,240,0,COMPLETE,
2022-11-30 04:00:00,1754.741,1756.776,1752.887,1755.141,240,240,0,COMPLETE,
2022-11-30 08:00:00,1755.11,1763.097,1754.836,1762.171,240,240,0,COMPLETE,
2022-11-30 12:00:00,1762.203,1764.696,1749.108,1752.565,240,240,0,COMPLETE,
2022-11-30 16:00:00,1752.592,1768.811,1744.645,1767.836,240,240,0,COMPLETE,
2022-11-30 20:00:00,1767.867,1773.44,1766.279,1773.332,177,240,63,EXPECTED_INCOMPLETE,EXPECTED
2022-12-01 00:00:00,1773.354,1780.006,1771.933,1776.573,240,240,0,COMPLETE,
2022-12-01 04:00:00,1776.543,1783.658,1774.618,1775.374,240,240,0,COMPLETE,
2022-12-01 08:00:00,1775.41,1781.299,1774.727,1780.469,240,240,0,COMPLETE,
2022-12-01 12:00:00,1780.476,1804.091,1780.476,1796.444,240,240,0,COMPLETE,
2022-12-01 16:00:00,1796.476,1803.323,1796.139,1803.295,240,240,0,COMPLETE,
2022-12-01 20:00:00,1803.265,1804.439,1801.116,1802.253,177,240,63,EXPECTED_INCOMPLETE,EXPECTED
2022-12-02 00:00:00,1802.284,1802.49,1795.526,1798.165,240,240,0,COMPLETE,
2022-12-02 04:00:00,1798.18,1802.506,1795.794,1801.664,240,240,0,COMPLETE,
2022-12-02 08:00:00,1801.665,1802.96,1797.914,1798.455,240,240,0,COMPLETE,
2022-12-02 12:00:00,1798.486,1800.937,1778.425,1785.69,240,240,0,COMPLETE,
2022-12-02 16:00:00,1785.722,1798.59,1784.546,1798.516,240,240,0,COMPLETE,
2022-12-02 20:00:00,1798.485,1799.446,1797.141,1797.945,118,240,122,EXPECTED_INCOMPLETE,EXPECTED
2022-12-03 00:00:00,,,,,0,240,240,SESSION_CLOSED_EXPECTED,EXPECTED
2022-12-03 04:00:00,,,,,0,240,240,SESSION_CLOSED_EXPECTED,EXPECTED
2022-12-03 08:00:00,,,,,0,240,240,SESSION_CLOSED_EXPECTED,EXPECTED
2022-12-03 12:00:00,,,,,0,240,240,SESSION_CLOSED_EXPECTED,EXPECTED
2022-12-03 16:00:00,,,,,0,240,240,SESSION_CLOSED_EXPECTED,EXPECTED
2022-12-03 20:00:00,,,,,0,240,240,SESSION_CLOSED_EXPECTED,EXPECTED
2022-12-04 00:00:00,,,,,0,240,240,SESSION_CLOSED_EXPECTED,EXPECTED
2022-12-04 04:00:00,,,,,0,240,240,SESSION_CLOSED_EXPECTED,EXPECTED
2022-12-04 08:00:00,,,,,0,240,240,SESSION_CLOSED_EXPECTED,EXPECTED
2022-12-04 12:00:00,,,,,0,240,240,SESSION_CLOSED_EXPECTED,EXPECTED
2022-12-04 16:00:00,,,,,0,240,240,SESSION_CLOSED_EXPECTED,EXPECTED
2022-12-04 20:00:00,1795.131,1799.341,1794.397,1798.946,55,240,185,EXPECTED_INCOMPLETE,EXPECTED
2022-12-05 00:00:00,1798.977,1808.989,1798.631,1808.575,240,240,0,COMPLETE,
2022-12-05 04:00:00,1808.577,1809.868,1797.294,1799.85,240,240,0,COMPLETE,
2022-12-05 08:00:00,1799.88,1800.466,1793.249,1793.825,240,240,0,COMPLETE,
2022-12-05 12:00:00,1793.856,1798.347,1773.007,1777.89,240,240,0,COMPLETE,
2022-12-05 16:00:00,1777.921,1779.367,1765.756,1768.129,240,240,0,COMPLETE,
2022-12-05 20:00:00,1768.098,1770.278,1766.618,1769.348,177,240,63,EXPECTED_INCOMPLETE,EXPECTED
2022-12-06 00:00:00,1769.314,1776.251,1768.255,1771.976,240,240,0,COMPLETE,
2022-12-06 04:00:00,1771.978,1774.85,1767.277,1771.542,240,240,0,COMPLETE,
2022-12-06 08:00:00,1771.539,1778.922,1769.275,1778.908,240,240,0,COMPLETE,
2022-12-06 12:00:00,1778.858,1780.835,1770.751,1772.522,240,240,0,COMPLETE,
2022-12-06 16:00:00,1772.511,1776.273,1767.201,1771.336,240,240,0,COMPLETE,
2022-12-06 20:00:00,1771.368,1772.711,1770.236,1770.915,177,240,63,EXPECTED_INCOMPLETE,EXPECTED
2022-12-07 00:00:00,1770.918,1775.166,1768.683,1773.148,240,240,0,COMPLETE,
2022-12-07 04:00:00,1773.118,1775.136,1769.611,1772.79,240,240,0,COMPLETE,
2022-12-07 08:00:00,1772.76,1775.877,1771.112,1771.42,240,240,0,COMPLETE,
2022-12-07 12:00:00,1771.414,1787.687,1770.766,1780.516,240,240,0,COMPLETE,
2022-12-07 16:00:00,1780.526,1790.489,1776.284,1789.797,240,240,0,COMPLETE,
2022-12-07 20:00:00,1789.765,1790.104,1785.417,1786.964,177,240,63,EXPECTED_INCOMPLETE,EXPECTED
2022-12-08 00:00:00,1786.974,1788.067,1781.372,1783.872,240,240,0,COMPLETE,
2022-12-08 04:00:00,1783.866,1787.104,1781.819,1785.908,240,240,0,COMPLETE,
2022-12-08 08:00:00,1785.915,1785.915,1781.648,1783.678,240,240,0,COMPLETE,
2022-12-08 12:00:00,1783.657,1794.813,1783.385,1790.179,240,240,0,COMPLETE,
2022-12-08 16:00:00,1790.147,1792.074,1786.57,1789.531,240,240,0,COMPLETE,
2022-12-08 20:00:00,1789.499,1790.221,1787.644,1789.207,177,240,63,EXPECTED_INCOMPLETE,EXPECTED
2022-12-09 00:00:00,1789.21,1795.654,1788.466,1795.186,240,240,0,COMPLETE,
2022-12-09 04:00:00,1795.191,1797.668,1790.957,1792.727,240,240,0,COMPLETE,
2022-12-09 08:00:00,1792.694,1801.049,1788.899,1800.377,240,240,0,COMPLETE,
2022-12-09 12:00:00,1800.41,1805.55,1790.136,1796.796,240,240,0,COMPLETE,
2022-12-09 16:00:00,1796.827,1806.043,1795.985,1799.687,240,240,0,COMPLETE,
2022-12-09 20:00:00,1799.657,1799.696,1794.761,1797.455,118,240,122,EXPECTED_INCOMPLETE,EXPECTED
2022-12-10 00:00:00,,,,,0,240,240,SESSION_CLOSED_EXPECTED,EXPECTED
2022-12-10 04:00:00,,,,,0,240,240,SESSION_CLOSED_EXPECTED,EXPECTED
2022-12-10 08:00:00,,,,,0,240,240,SESSION_CLOSED_EXPECTED,EXPECTED
2022-12-10 12:00:00,,,,,0,240,240,SESSION_CLOSED_EXPECTED,EXPECTED
2022-12-10 16:00:00,,,,,0,240,240,SESSION_CLOSED_EXPECTED,EXPECTED
2022-12-10 20:00:00,,,,,0,240,240,SESSION_CLOSED_EXPECTED,EXPECTED
2022-12-11 00:00:00,,,,,0,240,240,SESSION_CLOSED_EXPECTED,EXPECTED
2022-12-11 04:00:00,,,,,0,240,240,SESSION_CLOSED_EXPECTED,EXPECTED
2022-12-11 08:00:00,,,,,0,240,240,SESSION_CLOSED_EXPECTED,EXPECTED
2022-12-11 12:00:00,,,,,0,240,240,SESSION_CLOSED_EXPECTED,EXPECTED
2022-12-11 16:00:00,,,,,0,240,240,SESSION_CLOSED_EXPECTED,EXPECTED
2022-12-11 20:00:00,1795.942,1796.635,1794.757,1794.954,55,240,185,EXPECTED_INCOMPLETE,EXPECTED
2022-12-12 00:00:00,1794.938,1794.949,1786.757,1787.476,240,240,0,COMPLETE,
2022-12-12 04:00:00,1787.444,1791.935,1785.437,1791.216,240,240,0,COMPLETE,
2022-12-12 08:00:00,1791.219,1795.446,1788.954,1794.344,240,240,0,COMPLETE,
2022-12-12 12:00:00,1794.369,1794.678,1783.035,1784.871,240,240,0,COMPLETE,
2022-12-12 16:00:00,1784.901,1785.331,1777.541,1781.518,240,240,0,COMPLETE,
2022-12-12 20:00:00,1781.486,1782.071,1779.484,1781.893,177,240,63,EXPECTED_INCOMPLETE,EXPECTED
2022-12-13 00:00:00,1781.894,1786.0,1780.983,1782.452,240,240,0,COMPLETE,
2022-12-13 04:00:00,1782.483,1788.586,1781.091,1787.932,240,240,0,COMPLETE,
2022-12-13 08:00:00,1787.963,1788.336,1782.555,1787.493,240,240,0,COMPLETE,
2022-12-13 12:00:00,1787.483,1824.45,1786.576,1809.694,240,240,0,COMPLETE,
2022-12-13 16:00:00,1809.725,1815.123,1805.3,1811.366,240,240,0,COMPLETE,
2022-12-13 20:00:00,1811.345,1812.576,1809.364,1809.588,177,240,63,EXPECTED_INCOMPLETE,EXPECTED
2022-12-14 00:00:00,1809.586,1812.618,1808.813,1809.935,240,240,0,COMPLETE,
2022-12-14 04:00:00,1809.924,1813.195,1807.402,1808.943,240,240,0,COMPLETE,
2022-12-14 08:00:00,1808.98,1810.106,1805.248,1806.645,240,240,0,COMPLETE,
2022-12-14 12:00:00,1806.676,1812.976,1804.27,1811.898,240,240,0,COMPLETE,
2022-12-14 16:00:00,1811.926,1812.286,1795.718,1805.085,240,240,0,COMPLETE,
2022-12-14 20:00:00,1805.12,1814.085,1804.191,1807.616,177,240,63,EXPECTED_INCOMPLETE,EXPECTED
2022-12-15 00:00:00,1807.617,1807.818,1792.286,1793.096,240,240,0,COMPLETE,
2022-12-15 04:00:00,1793.085,1796.383,1787.514,1788.881,240,240,0,COMPLETE,
2022-12-15 08:00:00,1788.916,1789.788,1773.434,1778.913,240,240,0,COMPLETE,
2022-12-15 12:00:00,1778.849,1786.044,1773.879,1778.905,240,240,0,COMPLETE,
2022-12-15 16:00:00,1778.935,1779.903,1774.432,1777.823,240,240,0,COMPLETE,
2022-12-15 20:00:00,1777.803,1778.928,1775.553,1776.49,177,240,63,EXPECTED_INCOMPLETE,EXPECTED
2022-12-16 00:00:00,1776.456,1784.085,1775.986,1779.47,240,240,0,COMPLETE,
2022-12-16 04:00:00,1779.473,1784.889,1776.483,1777.268,240,240,0,COMPLETE,
2022-12-16 08:00:00,1777.305,1785.422,1774.271,1782.426,240,240,0,COMPLETE,
2022-12-16 12:00:00,1782.461,1793.818,1782.135,1787.821,240,240,0,COMPLETE,
2022-12-16 16:00:00,1787.852,1793.091,1787.108,1792.874,240,240,0,COMPLETE,
2022-12-16 20:00:00,1792.863,1794.228,1791.792,1793.062,118,240,122,EXPECTED_INCOMPLETE,EXPECTED
2022-12-17 00:00:00,,,,,0,240,240,SESSION_CLOSED_EXPECTED,EXPECTED
2022-12-17 04:00:00,,,,,0,240,240,SESSION_CLOSED_EXPECTED,EXPECTED
2022-12-17 08:00:00,,,,,0,240,240,SESSION_CLOSED_EXPECTED,EXPECTED
2022-12-17 12:00:00,,,,,0,240,240,SESSION_CLOSED_EXPECTED,EXPECTED
2022-12-17 16:00:00,,,,,0,240,240,SESSION_CLOSED_EXPECTED,EXPECTED
2022-12-17 20:00:00,,,,,0,240,240,SESSION_CLOSED_EXPECTED,EXPECTED
2022-12-18 00:00:00,,,,,0,240,240,SESSION_CLOSED_EXPECTED,EXPECTED
2022-12-18 04:00:00,,,,,0,240,240,SESSION_CLOSED_EXPECTED,EXPECTED
2022-12-18 08:00:00,,,,,0,240,240,SESSION_CLOSED_EXPECTED,EXPECTED
2022-12-18 12:00:00,,,,,0,240,240,SESSION_CLOSED_EXPECTED,EXPECTED
2022-12-18 16:00:00,,,,,0,240,240,SESSION_CLOSED_EXPECTED,EXPECTED
2022-12-18 20:00:00,1792.453,1793.006,1790.95,1791.017,55,240,185,EXPECTED_INCOMPLETE,EXPECTED
2022-12-19 00:00:00,1790.997,1796.869,1790.865,1793.805,240,240,0,COMPLETE,
2022-12-19 04:00:00,1793.836,1794.7,1790.267,1793.271,240,240,0,COMPLETE,
2022-12-19 08:00:00,1793.302,1798.712,1793.27,1794.849,240,240,0,COMPLETE,
2022-12-19 12:00:00,1794.782,1795.902,1785.75,1786.085,240,240,0,COMPLETE,
2022-12-19 16:00:00,1786.119,1790.858,1783.783,1786.794,240,240,0,COMPLETE,
2022-12-19 20:00:00,1786.83,1788.106,1786.256,1787.255,177,240,63,EXPECTED_INCOMPLETE,EXPECTED
2022-12-20 00:00:00,1787.224,1795.97,1784.563,1792.226,240,240,0,COMPLETE,
2022-12-20 04:00:00,1792.195,1795.675,1786.914,1794.042,240,240,0,COMPLETE,
2022-12-20 08:00:00,1794.075,1809.384,1793.947,1807.678,240,240,0,COMPLETE,
2022-12-20 12:00:00,1807.637,1821.02,1798.052,1815.278,240,240,0,COMPLETE,
2022-12-20 16:00:00,1815.3,1820.84,1813.775,1818.619,240,240,0,COMPLETE,
2022-12-20 20:00:00,1818.633,1819.247,1816.844,1817.199,177,240,63,EXPECTED_INCOMPLETE,EXPECTED
2022-12-21 00:00:00,1817.168,1819.792,1814.348,1815.112,240,240,0,COMPLETE,
2022-12-21 04:00:00,1815.121,1816.323,1811.868,1816.323,240,240,0,COMPLETE,
2022-12-21 08:00:00,1816.355,1817.273,1811.854,1813.676,240,240,0,COMPLETE,
2022-12-21 12:00:00,1813.707,1823.76,1813.201,1817.783,240,240,0,COMPLETE,
2022-12-21 16:00:00,1817.814,1818.343,1813.453,1814.337,240,240,0,COMPLETE,
2022-12-21 20:00:00,1814.368,1815.548,1812.782,1814.892,177,240,63,EXPECTED_INCOMPLETE,EXPECTED
2022-12-22 00:00:00,1814.856,1820.106,1814.583,1819.477,240,240,0,COMPLETE,
2022-12-22 04:00:00,1819.476,1820.365,1813.626,1816.908,240,240,0,COMPLETE,
2022-12-22 08:00:00,1816.877,1819.565,1813.734,1815.855,240,240,0,COMPLETE,
2022-12-22 12:00:00,1815.848,1819.864,1794.476,1795.557,240,240,0,COMPLETE,
2022-12-22 16:00:00,1795.577,1797.461,1784.764,1788.995,240,240,0,COMPLETE,
2022-12-22 20:00:00,1788.998,1795.049,1788.501,1792.449,118,240,122,UNEXPECTED_INCOMPLETE,UNEXPECTED
2022-12-23 00:00:00,1793.241,1795.519,1791.269,1792.746,223,240,17,UNEXPECTED_INCOMPLETE,UNEXPECTED
2022-12-23 04:00:00,1792.773,1798.22,1792.479,1797.621,240,240,0,COMPLETE,
2022-12-23 08:00:00,1797.595,1799.592,1795.021,1797.74,240,240,0,COMPLETE,
2022-12-23 12:00:00,1797.733,1801.104,1791.14,1800.527,240,240,0,COMPLETE,
2022-12-23 16:00:00,1800.523,1803.194,1793.58,1797.186,240,240,0,COMPLETE,
2022-12-23 20:00:00,1797.191,1798.785,1795.53,1798.469,118,240,122,EXPECTED_INCOMPLETE,EXPECTED
2022-12-24 00:00:00,,,,,0,240,240,SESSION_CLOSED_EXPECTED,EXPECTED
2022-12-24 04:00:00,,,,,0,240,240,SESSION_CLOSED_EXPECTED,EXPECTED
2022-12-24 08:00:00,,,,,0,240,240,SESSION_CLOSED_EXPECTED,EXPECTED
2022-12-24 12:00:00,,,,,0,240,240,SESSION_CLOSED_EXPECTED,EXPECTED
2022-12-24 16:00:00,,,,,0,240,240,SESSION_CLOSED_EXPECTED,EXPECTED
2022-12-24 20:00:00,,,,,0,240,240,SESSION_CLOSED_EXPECTED,EXPECTED
2022-12-25 00:00:00,,,,,0,240,240,SESSION_CLOSED_EXPECTED,EXPECTED
2022-12-25 04:00:00,,,,,0,240,240,SESSION_CLOSED_EXPECTED,EXPECTED
2022-12-25 08:00:00,,,,,0,240,240,SESSION_CLOSED_EXPECTED,EXPECTED
2022-12-25 12:00:00,,,,,0,240,240,SESSION_CLOSED_EXPECTED,EXPECTED
2022-12-25 16:00:00,,,,,0,240,240,SESSION_CLOSED_EXPECTED,EXPECTED
2022-12-25 20:00:00,,,,,0,240,240,SESSION_CLOSED_EXPECTED,EXPECTED
2022-12-26 00:00:00,,,,,0,240,240,SESSION_CLOSED_EXPECTED,EXPECTED
2022-12-26 04:00:00,,,,,0,240,240,SESSION_CLOSED_EXPECTED,EXPECTED
2022-12-26 08:00:00,,,,,0,240,240,SESSION_CLOSED_EXPECTED,EXPECTED
2022-12-26 12:00:00,,,,,0,240,240,SESSION_CLOSED_EXPECTED,EXPECTED
2022-12-26 16:00:00,,,,,0,240,240,SESSION_CLOSED_EXPECTED,EXPECTED
2022-12-26 20:00:00,1799.575,1803.087,1799.248,1800.842,59,240,181,EXPECTED_INCOMPLETE,EXPECTED
2022-12-27 00:00:00,1800.845,1806.41,1800.238,1804.517,240,240,0,COMPLETE,
2022-12-27 04:00:00,1804.531,1808.346,1803.707,1805.569,240,240,0,COMPLETE,
2022-12-27 08:00:00,1805.6,1810.479,1805.563,1809.79,240,240,0,COMPLETE,
2022-12-27 12:00:00,1809.759,1833.269,1802.291,1824.588,240,240,0,COMPLETE,
2022-12-27 16:00:00,1824.619,1826.289,1810.481,1812.975,240,240,0,COMPLETE,
2022-12-27 20:00:00,1812.977,1814.791,1812.27,1812.353,177,240,63,EXPECTED_INCOMPLETE,EXPECTED
2022-12-28 00:00:00,1812.377,1814.566,1809.548,1810.109,240,240,0,COMPLETE,
2022-12-28 04:00:00,1810.105,1812.239,1807.328,1810.305,240,240,0,COMPLETE,
2022-12-28 08:00:00,1810.337,1811.38,1799.236,1803.216,240,240,0,COMPLETE,
2022-12-28 12:00:00,1803.18,1809.412,1798.118,1798.156,240,240,0,COMPLETE,
2022-12-28 16:00:00,1798.189,1809.19,1796.946,1805.306,240,240,0,COMPLETE,
2022-12-28 20:00:00,1805.337,1805.937,1802.77,1805.765,177,240,63,EXPECTED_INCOMPLETE,EXPECTED
2022-12-29 00:00:00,1805.728,1809.34,1805.094,1807.547,240,240,0,COMPLETE,
2022-12-29 04:00:00,1807.579,1810.106,1804.8,1806.281,240,240,0,COMPLETE,
2022-12-29 08:00:00,1806.312,1811.985,1804.34,1806.651,240,240,0,COMPLETE,
2022-12-29 12:00:00,1806.683,1818.09,1805.193,1813.519,240,240,0,COMPLETE,
2022-12-29 16:00:00,1813.549,1820.145,1811.876,1817.264,240,240,0,COMPLETE,
2022-12-29 20:00:00,1817.23,1817.232,1813.706,1815.096,177,240,63,EXPECTED_INCOMPLETE,EXPECTED
2022-12-30 00:00:00,1815.108,1819.076,1814.722,1816.893,240,240,0,COMPLETE,
2022-12-30 04:00:00,1816.89,1822.25,1815.257,1816.728,240,240,0,COMPLETE,
2022-12-30 08:00:00,1816.759,1820.202,1813.339,1818.917,240,240,0,COMPLETE,
2022-12-30 12:00:00,1818.948,1825.19,1814.271,1818.414,240,240,0,COMPLETE,
2022-12-30 16:00:00,1818.449,1825.985,1814.286,1821.677,240,240,0,COMPLETE,
2022-12-30 20:00:00,1821.681,1824.68,1821.405,1823.51,118,240,122,EXPECTED_INCOMPLETE,EXPECTED
2022-12-31 00:00:00,,,,,0,240,240,SESSION_CLOSED_EXPECTED,EXPECTED
2022-12-31 04:00:00,,,,,0,240,240,SESSION_CLOSED_EXPECTED,EXPECTED
2022-12-31 08:00:00,,,,,0,240,240,SESSION_CLOSED_EXPECTED,EXPECTED
2022-12-31 12:00:00,,,,,0,240,240,SESSION_CLOSED_EXPECTED,EXPECTED
2022-12-31 16:00:00,,,,,0,240,240,SESSION_CLOSED_EXPECTED,EXPECTED
2022-12-31 20:00:00,,,,,0,240,240,SESSION_CLOSED_EXPECTED,EXPECTED
2023-01-01 00:00:00,,,,,0,240,240,SESSION_CLOSED_EXPECTED,EXPECTED
2023-01-01 04:00:00,,,,,0,240,240,SESSION_CLOSED_EXPECTED,EXPECTED
2023-01-01 08:00:00,,,,,0,240,240,SESSION_CLOSED_EXPECTED,EXPECTED
2023-01-01 12:00:00,,,,,0,240,240,SESSION_CLOSED_EXPECTED,EXPECTED
2023-01-01 16:00:00,,,,,0,240,240,SESSION_CLOSED_EXPECTED,EXPECTED
2023-01-01 20:00:00,,,,,0,240,240,SESSION_CLOSED_EXPECTED,EXPECTED
2023-01-02 00:00:00,,,,,0,240,240,SESSION_CLOSED_EXPECTED,EXPECTED
2023-01-02 04:00:00,,,,,0,240,240,SESSION_CLOSED_EXPECTED,EXPECTED
2023-01-02 08:00:00,,,,,0,240,240,SESSION_CLOSED_EXPECTED,EXPECTED
2023-01-02 12:00:00,,,,,0,240,240,SESSION_CLOSED_EXPECTED,EXPECTED
2023-01-02 16:00:00,,,,,0,240,240,SESSION_CLOSED_EXPECTED,EXPECTED
2023-01-02 20:00:00,1825.968,1830.46,1823.998,1829.131,59,240,181,EXPECTED_INCOMPLETE,EXPECTED
2023-01-03 00:00:00,1829.11,1843.079,1826.747,1841.151,240,240,0,COMPLETE,
2023-01-03 04:00:00,1841.153,1849.902,1837.936,1847.464,240,240,0,COMPLETE,
2023-01-03 08:00:00,1847.494,1847.972,1830.798,1833.158,240,240,0,COMPLETE,
2023-01-03 12:00:00,1833.127,1849.777,1827.552,1833.189,240,240,0,COMPLETE,
2023-01-03 16:00:00,1833.171,1840.181,1828.196,1839.036,240,240,0,COMPLETE,
2023-01-03 20:00:00,1839.045,1839.853,1836.484,1836.522,177,240,63,EXPECTED_INCOMPLETE,EXPECTED
2023-01-04 00:00:00,1836.501,1847.142,1836.185,1845.591,240,240,0,COMPLETE,
2023-01-04 04:00:00,1845.623,1858.602,1844.636,1858.272,240,240,0,COMPLETE,
2023-01-04 08:00:00,1858.237,1865.086,1856.936,1860.105,240,240,0,COMPLETE,
2023-01-04 12:00:00,1860.137,1862.676,1848.989,1857.725,240,240,0,COMPLETE,
2023-01-04 16:00:00,1857.757,1860.354,1847.026,1852.451,240,240,0,COMPLETE,
2023-01-04 20:00:00,1852.427,1857.144,1851.319,1854.827,177,240,63,EXPECTED_INCOMPLETE,EXPECTED
2023-01-05 00:00:00,1854.794,1858.971,1853.295,1853.296,240,240,0,COMPLETE,
2023-01-05 04:00:00,1853.292,1855.609,1847.863,1849.323,240,240,0,COMPLETE,
2023-01-05 08:00:00,1849.355,1851.309,1843.787,1846.247,240,240,0,COMPLETE,
2023-01-05 12:00:00,1846.253,1848.762,1825.035,1826.851,240,240,0,COMPLETE,
2023-01-05 16:00:00,1826.824,1837.435,1825.666,1834.276,240,240,0,COMPLETE,
2023-01-05 20:00:00,1834.246,1834.246,1831.544,1832.799,177,240,63,EXPECTED_INCOMPLETE,EXPECTED
2023-01-06 00:00:00,1832.8,1840.824,1831.265,1839.281,240,240,0,COMPLETE,
2023-01-06 04:00:00,1839.277,1840.649,1835.731,1838.339,240,240,0,COMPLETE,
2023-01-06 08:00:00,1838.372,1840.472,1833.233,1836.625,240,240,0,COMPLETE,
2023-01-06 12:00:00,1836.656,1863.121,1834.604,1862.25,240,240,0,COMPLETE,
2023-01-06 16:00:00,1862.284,1869.783,1859.883,1868.842,240,240,0,COMPLETE,
2023-01-06 20:00:00,1868.811,1869.312,1865.636,1865.989,118,240,122,EXPECTED_INCOMPLETE,EXPECTED
2023-01-07 00:00:00,,,,,0,240,240,SESSION_CLOSED_EXPECTED,EXPECTED
2023-01-07 04:00:00,,,,,0,240,240,SESSION_CLOSED_EXPECTED,EXPECTED
2023-01-07 08:00:00,,,,,0,240,240,SESSION_CLOSED_EXPECTED,EXPECTED
2023-01-07 12:00:00,,,,,0,240,240,SESSION_CLOSED_EXPECTED,EXPECTED
2023-01-07 16:00:00,,,,,0,240,240,SESSION_CLOSED_EXPECTED,EXPECTED
2023-01-07 20:00:00,,,,,0,240,240,SESSION_CLOSED_EXPECTED,EXPECTED
2023-01-08 00:00:00,,,,,0,240,240,SESSION_CLOSED_EXPECTED,EXPECTED
2023-01-08 04:00:00,,,,,0,240,240,SESSION_CLOSED_EXPECTED,EXPECTED
2023-01-08 08:00:00,,,,,0,240,240,SESSION_CLOSED_EXPECTED,EXPECTED
2023-01-08 12:00:00,,,,,0,240,240,SESSION_CLOSED_EXPECTED,EXPECTED
2023-01-08 16:00:00,,,,,0,240,240,SESSION_CLOSED_EXPECTED,EXPECTED
2023-01-08 20:00:00,1866.736,1869.889,1866.716,1869.602,55,240,185,EXPECTED_INCOMPLETE,EXPECTED
2023-01-09 00:00:00,1869.595,1879.494,1867.099,1877.167,240,240,0,COMPLETE,
2023-01-09 04:00:00,1877.144,1880.837,1873.728,1875.028,240,240,0,COMPLETE,
2023-01-09 08:00:00,1875.059,1876.916,1870.49,1873.012,240,240,0,COMPLETE,
2023-01-09 12:00:00,1873.019,1881.424,1872.006,1874.666,240,240,0,COMPLETE,
2023-01-09 16:00:00,1874.696,1878.449,1869.008,1875.188,240,240,0,COMPLETE,
2023-01-09 20:00:00,1875.158,1875.158,1869.176,1870.49,177,240,63,EXPECTED_INCOMPLETE,EXPECTED
2023-01-10 00:00:00,1870.477,1875.925,1867.789,1871.82,240,240,0,COMPLETE,
2023-01-10 04:00:00,1871.853,1875.18,1870.587,1872.018,240,240,0,COMPLETE,
2023-01-10 08:00:00,1871.987,1877.221,1871.581,1875.153,240,240,0,COMPLETE,
2023-01-10 12:00:00,1875.128,1880.719,1870.412,1875.668,240,240,0,COMPLETE,
2023-01-10 16:00:00,1875.702,1877.342,1871.173,1876.61,240,240,0,COMPLETE,
2023-01-10 20:00:00,1876.591,1878.673,1875.908,1877.167,177,240,63,EXPECTED_INCOMPLETE,EXPECTED
2023-01-11 00:00:00,1877.196,1878.396,1871.959,1877.662,240,240,0,COMPLETE,
2023-01-11 04:00:00,1877.698,1884.555,1876.908,1881.597,240,240,0,COMPLETE,
2023-01-11 08:00:00,1881.561,1886.576,1880.922,1883.006,240,240,0,COMPLETE,
2023-01-11 12:00:00,1882.975,1883.268,1869.314,1871.973,240,240,0,COMPLETE,
2023-01-11 16:00:00,1872.005,1878.463,1867.093,1877.694,240,240,0,COMPLETE,
2023-01-11 20:00:00,1877.71,1878.045,1874.466,1876.939,177,240,63,EXPECTED_INCOMPLETE,EXPECTED
2023-01-12 00:00:00,1876.935,1884.711,1875.822,1883.556,240,240,0,COMPLETE,
2023-01-12 04:00:00,1883.523,1884.961,1879.851,1882.439,240,240,0,COMPLETE,
2023-01-12 08:00:00,1882.47,1886.221,1881.156,1885.168,240,240,0,COMPLETE,
2023-01-12 12:00:00,1885.138,1901.591,1873.261,1888.811,240,240,0,COMPLETE,
2023-01-12 16:00:00,1888.808,1899.509,1888.359,1897.745,240,240,0,COMPLETE,
2023-01-12 20:00:00,1897.714,1899.478,1894.191,1898.022,177,240,63,EXPECTED_INCOMPLETE,EXPECTED
2023-01-13 00:00:00,1898.023,1900.916,1895.957,1897.826,240,240,0,COMPLETE,
2023-01-13 04:00:00,1897.815,1899.863,1892.282,1899.525,240,240,0,COMPLETE,
2023-01-13 08:00:00,1899.557,1909.644,1897.951,1899.742,240,240,0,COMPLETE,
2023-01-13 12:00:00,1899.708,1916.406,1893.618,1913.666,240,240,0,COMPLETE,
2023-01-13 16:00:00,1913.635,1921.854,1909.403,1919.966,240,240,0,COMPLETE,
2023-01-13 20:00:00,1919.99,1921.422,1918.438,1920.251,118,240,122,EXPECTED_INCOMPLETE,EXPECTED
2023-01-14 00:00:00,,,,,0,240,240,SESSION_CLOSED_EXPECTED,EXPECTED
2023-01-14 04:00:00,,,,,0,240,240,SESSION_CLOSED_EXPECTED,EXPECTED
2023-01-14 08:00:00,,,,,0,240,240,SESSION_CLOSED_EXPECTED,EXPECTED
2023-01-14 12:00:00,,,,,0,240,240,SESSION_CLOSED_EXPECTED,EXPECTED
2023-01-14 16:00:00,,,,,0,240,240,SESSION_CLOSED_EXPECTED,EXPECTED
2023-01-14 20:00:00,,,,,0,240,240,SESSION_CLOSED_EXPECTED,EXPECTED
2023-01-15 00:00:00,,,,,0,240,240,SESSION_CLOSED_EXPECTED,EXPECTED
2023-01-15 04:00:00,,,,,0,240,240,SESSION_CLOSED_EXPECTED,EXPECTED
2023-01-15 08:00:00,,,,,0,240,240,SESSION_CLOSED_EXPECTED,EXPECTED
2023-01-15 12:00:00,,,,,0,240,240,SESSION_CLOSED_EXPECTED,EXPECTED
2023-01-15 16:00:00,,,,,0,240,240,SESSION_CLOSED_EXPECTED,EXPECTED
2023-01-15 20:00:00,1919.066,1920.45,1916.844,1916.893,55,240,185,EXPECTED_INCOMPLETE,EXPECTED
2023-01-16 00:00:00,1916.904,1928.751,1916.749,1926.338,240,240,0,COMPLETE,
2023-01-16 04:00:00,1926.34,1926.994,1913.215,1917.11,240,240,0,COMPLETE,
2023-01-16 08:00:00,1917.067,1919.275,1910.813,1916.532,240,240,0,COMPLETE,
2023-01-16 12:00:00,1916.501,1917.18,1911.334,1915.965,240,240,0,COMPLETE,
2023-01-16 16:00:00,1915.982,1916.066,1912.765,1915.082,210,240,30,UNEXPECTED_INCOMPLETE,UNEXPECTED
2023-01-16 20:00:00,1914.926,1918.284,1914.918,1917.856,59,240,181,UNEXPECTED_INCOMPLETE,UNEXPECTED
2023-01-17 00:00:00,1917.882,1918.996,1909.315,1910.221,240,240,0,COMPLETE,
2023-01-17 04:00:00,1910.229,1913.205,1906.949,1910.003,240,240,0,COMPLETE,
2023-01-17 08:00:00,1909.985,1912.726,1904.211,1912.646,240,240,0,COMPLETE,
2023-01-17 12:00:00,1912.654,1916.58,1907.033,1911.007,240,240,0,COMPLETE,
2023-01-17 16:00:00,1911.029,1913.284,1903.633,1907.881,240,240,0,COMPLETE,
2023-01-17 20:00:00,1907.851,1910.752,1907.482,1908.691,177,240,63,EXPECTED_INCOMPLETE,EXPECTED
2023-01-18 00:00:00,1908.674,1910.319,1899.183,1900.092,240,240,0,COMPLETE,
2023-01-18 04:00:00,1900.062,1908.934,1896.559,1907.739,240,240,0,COMPLETE,
2023-01-18 08:00:00,1907.741,1916.735,1907.741,1915.647,240,240,0,COMPLETE,
2023-01-18 12:00:00,1915.614,1925.862,1911.353,1912.264,240,240,0,COMPLETE,
2023-01-18 16:00:00,1912.234,1912.739,1901.547,1905.061,240,240,0,COMPLETE,
2023-01-18 20:00:00,1905.092,1907.306,1902.275,1906.818,177,240,63,EXPECTED_INCOMPLETE,EXPECTED
2023-01-19 00:00:00,1906.848,1910.692,1900.95,1908.98,240,240,0,COMPLETE,
2023-01-19 04:00:00,1908.95,1912.885,1906.368,1911.28,240,240,0,COMPLETE,
2023-01-19 08:00:00,1911.319,1916.715,1906.618,1908.096,240,240,0,COMPLETE,
2023-01-19 12:00:00,1908.095,1923.253,1906.807,1918.032,240,240,0,COMPLETE,
2023-01-19 16:00:00,1918.064,1931.358,1917.619,1929.653,240,240,0,COMPLETE,
2023-01-19 20:00:00,1929.62,1935.129,1929.281,1931.68,177,240,63,EXPECTED_INCOMPLETE,EXPECTED
2023-01-20 00:00:00,1931.683,1934.797,1927.466,1927.535,240,240,0,COMPLETE,
2023-01-20 04:00:00,1927.539,1933.047,1923.156,1933.026,240,240,0,COMPLETE,
2023-01-20 08:00:00,1932.982,1937.383,1926.506,1927.021,240,240,0,COMPLETE,
2023-01-20 12:00:00,1926.959,1930.914,1920.58,1926.318,240,240,0,COMPLETE,
2023-01-20 16:00:00,1926.352,1930.959,1922.787,1929.653,240,240,0,COMPLETE,
2023-01-20 20:00:00,1929.629,1929.944,1925.9,1925.916,118,240,122,EXPECTED_INCOMPLETE,EXPECTED
2023-01-21 00:00:00,,,,,0,240,240,SESSION_CLOSED_EXPECTED,EXPECTED
2023-01-21 04:00:00,,,,,0,240,240,SESSION_CLOSED_EXPECTED,EXPECTED
2023-01-21 08:00:00,,,,,0,240,240,SESSION_CLOSED_EXPECTED,EXPECTED
2023-01-21 12:00:00,,,,,0,240,240,SESSION_CLOSED_EXPECTED,EXPECTED
2023-01-21 16:00:00,,,,,0,240,240,SESSION_CLOSED_EXPECTED,EXPECTED
2023-01-21 20:00:00,,,,,0,240,240,SESSION_CLOSED_EXPECTED,EXPECTED
2023-01-22 00:00:00,,,,,0,240,240,SESSION_CLOSED_EXPECTED,EXPECTED
2023-01-22 04:00:00,,,,,0,240,240,SESSION_CLOSED_EXPECTED,EXPECTED
2023-01-22 08:00:00,,,,,0,240,240,SESSION_CLOSED_EXPECTED,EXPECTED
2023-01-22 12:00:00,,,,,0,240,240,SESSION_CLOSED_EXPECTED,EXPECTED
2023-01-22 16:00:00,,,,,0,240,240,SESSION_CLOSED_EXPECTED,EXPECTED
2023-01-22 20:00:00,1924.243,1927.327,1924.189,1927.258,55,240,185,EXPECTED_INCOMPLETE,EXPECTED
2023-01-23 00:00:00,1927.232,1935.466,1927.232,1930.603,240,240,0,COMPLETE,
2023-01-23 04:00:00,1930.6,1931.158,1919.641,1920.224,240,240,0,COMPLETE,
2023-01-23 08:00:00,1920.258,1929.315,1918.778,1925.518,240,240,0,COMPLETE,
2023-01-23 12:00:00,1925.548,1927.785,1911.296,1922.923,240,240,0,COMPLETE,
2023-01-23 16:00:00,1922.953,1929.596,1919.128,1926.375,240,240,0,COMPLETE,
2023-01-23 20:00:00,1926.407,1932.692,1925.96,1931.325,177,240,63,EXPECTED_INCOMPLETE,EXPECTED
2023-01-24 00:00:00,1931.313,1937.001,1930.77,1933.435,240,240,0,COMPLETE,
2023-01-24 04:00:00,1933.427,1941.383,1931.802,1940.313,240,240,0,COMPLETE,
2023-01-24 08:00:00,1940.339,1942.395,1934.279,1937.19,240,240,0,COMPLETE,
2023-01-24 12:00:00,1937.201,1939.386,1916.962,1934.973,240,240,0,COMPLETE,
2023-01-24 16:00:00,1935.005,1938.202,1930.122,1938.056,240,240,0,COMPLETE,
2023-01-24 20:00:00,1938.087,1938.191,1936.271,1936.963,177,240,63,EXPECTED_INCOMPLETE,EXPECTED
2023-01-25 00:00:00,1936.953,1939.66,1928.724,1931.738,240,240,0,COMPLETE,
2023-01-25 04:00:00,1931.768,1933.736,1925.781,1928.702,240,240,0,COMPLETE,
2023-01-25 08:00:00,1928.733,1932.348,1922.687,1925.905,240,240,0,COMPLETE,
2023-01-25 12:00:00,1925.871,1938.701,1919.804,1932.976,240,240,0,COMPLETE,
2023-01-25 16:00:00,1933.006,1943.164,1928.771,1942.317,240,240,0,COMPLETE,
2023-01-25 20:00:00,1942.349,1948.739,1942.288,1948.321,177,240,63,EXPECTED_INCOMPLETE,EXPECTED
2023-01-26 00:00:00,1948.346,1949.116,1942.5,1947.663,240,240,0,COMPLETE,
2023-01-26 04:00:00,1947.675,1948.919,1938.023,1942.906,240,240,0,COMPLETE,
2023-01-26 08:00:00,1942.876,1945.04,1933.068,1936.961,240,240,0,COMPLETE,
2023-01-26 12:00:00,1936.991,1942.332,1923.156,1924.812,240,240,0,COMPLETE,
2023-01-26 16:00:00,1924.782,1933.09,1918.41,1931.185,240,240,0,COMPLETE,
2023-01-26 20:00:00,1931.215,1931.215,1928.269,1930.718,177,240,63,EXPECTED_INCOMPLETE,EXPECTED
2023-01-27 00:00:00,1930.679,1934.79,1923.868,1924.694,240,240,0,COMPLETE,
2023-01-27 04:00:00,1924.699,1925.706,1919.812,1923.093,240,240,0,COMPLETE,
2023-01-27 08:00:00,1923.126,1931.398,1922.962,1930.093,240,240,0,COMPLETE,
2023-01-27 12:00:00,1930.124,1935.025,1916.655,1924.088,240,240,0,COMPLETE,
2023-01-27 16:00:00,1924.057,1932.128,1923.811,1929.886,240,240,0,COMPLETE,
2023-01-27 20:00:00,1929.904,1930.54,1926.162,1928.265,118,240,122,EXPECTED_INCOMPLETE,EXPECTED
2023-01-28 00:00:00,,,,,0,240,240,SESSION_CLOSED_EXPECTED,EXPECTED
2023-01-28 04:00:00,,,,,0,240,240,SESSION_CLOSED_EXPECTED,EXPECTED
2023-01-28 08:00:00,,,,,0,240,240,SESSION_CLOSED_EXPECTED,EXPECTED
2023-01-28 12:00:00,,,,,0,240,240,SESSION_CLOSED_EXPECTED,EXPECTED
2023-01-28 16:00:00,,,,,0,240,240,SESSION_CLOSED_EXPECTED,EXPECTED
2023-01-28 20:00:00,,,,,0,240,240,SESSION_CLOSED_EXPECTED,EXPECTED
2023-01-29 00:00:00,,,,,0,240,240,SESSION_CLOSED_EXPECTED,EXPECTED
2023-01-29 04:00:00,,,,,0,240,240,SESSION_CLOSED_EXPECTED,EXPECTED
2023-01-29 08:00:00,,,,,0,240,240,SESSION_CLOSED_EXPECTED,EXPECTED
2023-01-29 12:00:00,,,,,0,240,240,SESSION_CLOSED_EXPECTED,EXPECTED
2023-01-29 16:00:00,,,,,0,240,240,SESSION_CLOSED_EXPECTED,EXPECTED
2023-01-29 20:00:00,1926.737,1928.918,1926.408,1928.854,55,240,185,EXPECTED_INCOMPLETE,EXPECTED
2023-01-30 00:00:00,1928.859,1931.002,1924.385,1926.269,240,240,0,COMPLETE,
2023-01-30 04:00:00,1926.268,1934.425,1923.13,1924.485,240,240,0,COMPLETE,
2023-01-30 08:00:00,1924.478,1930.707,1920.627,1923.154,240,240,0,COMPLETE,
2023-01-30 12:00:00,1923.159,1930.325,1922.461,1925.602,240,240,0,COMPLETE,
2023-01-30 16:00:00,1925.57,1925.776,1920.748,1923.276,240,240,0,COMPLETE,
2023-01-30 20:00:00,1923.278,1923.598,1921.162,1922.089,177,240,63,EXPECTED_INCOMPLETE,EXPECTED
2023-01-31 00:00:00,1922.121,1927.356,1920.753,1921.003,240,240,0,COMPLETE,
2023-01-31 04:00:00,1921.028,1921.858,1911.977,1914.494,240,240,0,COMPLETE,
2023-01-31 08:00:00,1914.386,1914.849,1901.123,1904.174,240,240,0,COMPLETE,
2023-01-31 12:00:00,1904.207,1929.248,1900.736,1928.572,240,240,0,COMPLETE,
2023-01-31 16:00:00,1928.606,1931.088,1926.255,1928.614,240,240,0,COMPLETE,
2023-01-31 20:00:00,1928.644,1929.101,1927.065,1927.336,177,240,63,EXPECTED_INCOMPLETE,EXPECTED
2023-02-01 00:00:00,1927.329,1928.752,1924.52,1926.785,240,240,0,COMPLETE,
2023-02-01 04:00:00,1926.774,1929.214,1924.101,1924.947,240,240,0,COMPLETE,
2023-02-01 08:00:00,1924.956,1930.2,1923.27,1928.759,240,240,0,COMPLETE,
2023-02-01 12:00:00,1928.75,1933.176,1922.755,1931.843,240,240,0,COMPLETE,
2023-02-01 16:00:00,1931.874,1944.003,1920.494,1942.948,240,240,0,COMPLETE,
2023-02-01 20:00:00,1942.981,1955.951,1939.164,1953.043,177,240,63,EXPECTED_INCOMPLETE,EXPECTED
2023-02-02 00:00:00,1953.008,1957.251,1950.712,1952.341,240,240,0,COMPLETE,
2023-02-02 04:00:00,1952.326,1959.639,1951.198,1955.475,240,240,0,COMPLETE,
2023-02-02 08:00:00,1955.506,1959.588,1951.55,1954.682,240,240,0,COMPLETE,
2023-02-02 12:00:00,1954.714,1955.928,1916.967,1926.115,240,240,0,COMPLETE,
2023-02-02 16:00:00,1926.078,1926.273,1911.751,1913.204,240,240,0,COMPLETE,
2023-02-02 20:00:00,1913.172,1915.405,1911.211,1915.002,177,240,63,EXPECTED_INCOMPLETE,EXPECTED
2023-02-03 00:00:00,1914.998,1918.515,1913.975,1916.279,240,240,0,COMPLETE,
2023-02-03 04:00:00,1916.269,1918.17,1909.985,1913.638,240,240,0,COMPLETE,
2023-02-03 08:00:00,1913.639,1916.117,1909.235,1914.384,240,240,0,COMPLETE,
2023-02-03 12:00:00,1914.377,1917.009,1869.067,1873.034,240,240,0,COMPLETE,
2023-02-03 16:00:00,1873.07,1874.987,1861.424,1865.677,238,240,2,UNEXPECTED_INCOMPLETE,UNEXPECTED
2023-02-03 20:00:00,1865.669,1866.993,1864.26,1865.705,118,240,122,EXPECTED_INCOMPLETE,EXPECTED
2023-02-04 00:00:00,,,,,0,240,240,SESSION_CLOSED_EXPECTED,EXPECTED
2023-02-04 04:00:00,,,,,0,240,240,SESSION_CLOSED_EXPECTED,EXPECTED
2023-02-04 08:00:00,,,,,0,240,240,SESSION_CLOSED_EXPECTED,EXPECTED
2023-02-04 12:00:00,,,,,0,240,240,SESSION_CLOSED_EXPECTED,EXPECTED
2023-02-04 16:00:00,,,,,0,240,240,SESSION_CLOSED_EXPECTED,EXPECTED
2023-02-04 20:00:00,,,,,0,240,240,SESSION_CLOSED_EXPECTED,EXPECTED
2023-02-05 00:00:00,,,,,0,240,240,SESSION_CLOSED_EXPECTED,EXPECTED
2023-02-05 04:00:00,,,,,0,240,240,SESSION_CLOSED_EXPECTED,EXPECTED
2023-02-05 08:00:00,,,,,0,240,240,SESSION_CLOSED_EXPECTED,EXPECTED
2023-02-05 12:00:00,,,,,0,240,240,SESSION_CLOSED_EXPECTED,EXPECTED
2023-02-05 16:00:00,,,,,0,240,240,SESSION_CLOSED_EXPECTED,EXPECTED
2023-02-05 20:00:00,1864.169,1869.894,1863.718,1865.462,55,240,185,EXPECTED_INCOMPLETE,EXPECTED
2023-02-06 00:00:00,1865.429,1876.663,1863.68,1876.537,237,240,3,UNEXPECTED_INCOMPLETE,UNEXPECTED
2023-02-06 04:00:00,1876.541,1878.78,1874.352,1875.897,240,240,0,COMPLETE,
2023-02-06 08:00:00,1875.928,1881.296,1868.186,1871.599,238,240,2,UNEXPECTED_INCOMPLETE,UNEXPECTED
2023-02-06 12:00:00,1871.581,1875.738,1862.934,1865.912,239,240,1,UNEXPECTED_INCOMPLETE,UNEXPECTED
2023-02-06 16:00:00,1865.946,1871.246,1863.525,1865.66,239,240,1,UNEXPECTED_INCOMPLETE,UNEXPECTED
2023-02-06 20:00:00,1865.629,1869.742,1865.179,1868.476,177,240,63,EXPECTED_INCOMPLETE,EXPECTED
2023-02-07 00:00:00,1868.507,1875.555,1868.254,1872.704,240,240,0,COMPLETE,
2023-02-07 04:00:00,1872.714,1876.859,1871.641,1876.211,240,240,0,COMPLETE,
2023-02-07 08:00:00,1876.192,1877.943,1866.058,1867.411,240,240,0,COMPLETE,
2023-02-07 12:00:00,1867.419,1879.841,1865.671,1879.378,240,240,0,COMPLETE,
2023-02-07 16:00:00,1879.383,1884.428,1864.972,1871.714,240,240,0,COMPLETE,
2023-02-07 20:00:00,1871.744,1878.021,1867.282,1872.894,177,240,63,EXPECTED_INCOMPLETE,EXPECTED
2023-02-08 00:00:00,1872.893,1878.398,1872.464,1876.356,240,240,0,COMPLETE,
2023-02-08 04:00:00,1876.322,1886.309,1873.263,1886.309,240,240,0,COMPLETE,
2023-02-08 08:00:00,1886.342,1886.342,1878.603,1880.181,240,240,0,COMPLETE,
2023-02-08 12:00:00,1880.212,1883.608,1868.977,1873.895,240,240,0,COMPLETE,
2023-02-08 16:00:00,1873.876,1879.825,1872.232,1876.174,240,240,0,COMPLETE,
2023-02-08 20:00:00,1876.153,1876.259,1873.763,1874.989,177,240,63,EXPECTED_INCOMPLETE,EXPECTED
2023-02-09 00:00:00,1874.983,1880.278,1872.05,1878.62,240,240,0,COMPLETE,
2023-02-09 04:00:00,1878.637,1881.991,1876.774,1880.553,240,240,0,COMPLETE,
2023-02-09 08:00:00,1880.52,1886.103,1879.9,1882.1,240,240,0,COMPLETE,
2023-02-09 12:00:00,1882.131,1890.17,1872.502,1874.158,240,240,0,COMPLETE,
2023-02-09 16:00:00,1874.124,1875.646,1859.878,1861.888,240,240,0,COMPLETE,
2023-02-09 20:00:00,1861.921,1863.115,1858.842,1862.322,177,240,63,EXPECTED_INCOMPLETE,EXPECTED
2023-02-10 00:00:00,1862.353,1865.386,1855.188,1855.252,240,240,0,COMPLETE,
2023-02-10 04:00:00,1855.243,1866.792,1852.744,1866.165,240,240,0,COMPLETE,
2023-02-10 08:00:00,1866.13,1872.159,1860.416,1864.728,240,240,0,COMPLETE,
2023-02-10 12:00:00,1864.707,1868.454,1858.983,1859.842,240,240,0,COMPLETE,
2023-02-10 16:00:00,1859.811,1864.661,1856.354,1863.658,240,240,0,COMPLETE,
2023-02-10 20:00:00,1863.672,1865.685,1862.682,1865.314,118,240,122,EXPECTED_INCOMPLETE,EXPECTED
2023-02-11 00:00:00,,,,,0,240,240,SESSION_CLOSED_EXPECTED,EXPECTED
2023-02-11 04:00:00,,,,,0,240,240,SESSION_CLOSED_EXPECTED,EXPECTED
2023-02-11 08:00:00,,,,,0,240,240,SESSION_CLOSED_EXPECTED,EXPECTED
2023-02-11 12:00:00,,,,,0,240,240,SESSION_CLOSED_EXPECTED,EXPECTED
2023-02-11 16:00:00,,,,,0,240,240,SESSION_CLOSED_EXPECTED,EXPECTED
2023-02-11 20:00:00,,,,,0,240,240,SESSION_CLOSED_EXPECTED,EXPECTED
2023-02-12 00:00:00,,,,,0,240,240,SESSION_CLOSED_EXPECTED,EXPECTED
2023-02-12 04:00:00,,,,,0,240,240,SESSION_CLOSED_EXPECTED,EXPECTED
2023-02-12 08:00:00,,,,,0,240,240,SESSION_CLOSED_EXPECTED,EXPECTED
2023-02-12 12:00:00,,,,,0,240,240,SESSION_CLOSED_EXPECTED,EXPECTED
2023-02-12 16:00:00,,,,,0,240,240,SESSION_CLOSED_EXPECTED,EXPECTED
2023-02-12 20:00:00,1863.97,1865.29,1862.633,1862.705,55,240,185,EXPECTED_INCOMPLETE,EXPECTED
2023-02-13 00:00:00,1862.739,1863.808,1858.064,1858.809,240,240,0,COMPLETE,
2023-02-13 04:00:00,1858.78,1866.533,1856.994,1863.868,240,240,0,COMPLETE,
2023-02-13 08:00:00,1863.898,1864.124,1853.798,1862.116,240,240,0,COMPLETE,
2023-02-13 12:00:00,1862.133,1862.955,1853.145,1855.201,240,240,0,COMPLETE,
2023-02-13 16:00:00,1855.169,1855.888,1850.417,1852.767,240,240,0,COMPLETE,
2023-02-13 20:00:00,1852.775,1854.527,1851.25,1854.376,177,240,63,EXPECTED_INCOMPLETE,EXPECTED
2023-02-14 00:00:00,1854.38,1858.508,1853.988,1858.093,240,240,0,COMPLETE,
2023-02-14 04:00:00,1858.12,1864.858,1857.073,1858.701,240,240,0,COMPLETE,
2023-02-14 08:00:00,1858.732,1863.822,1853.694,1857.238,240,240,0,COMPLETE,
2023-02-14 12:00:00,1857.229,1870.322,1843.19,1852.265,240,240,0,COMPLETE,
2023-02-14 16:00:00,1852.296,1858.794,1843.885,1855.456,240,240,0,COMPLETE,
2023-02-14 20:00:00,1855.425,1856.231,1853.459,1854.865,177,240,63,EXPECTED_INCOMPLETE,EXPECTED
2023-02-15 00:00:00,1854.862,1860.066,1847.474,1848.243,240,240,0,COMPLETE,
2023-02-15 04:00:00,1848.241,1848.799,1834.882,1835.631,240,240,0,COMPLETE,
2023-02-15 08:00:00,1835.598,1837.679,1831.813,1834.908,240,240,0,COMPLETE,
2023-02-15 12:00:00,1834.875,1838.871,1830.262,1834.088,240,240,0,COMPLETE,
2023-02-15 16:00:00,1834.1,1837.997,1831.207,1835.388,240,240,0,COMPLETE,
2023-02-15 20:00:00,1835.42,1838.582,1834.782,1836.361,177,240,63,EXPECTED_INCOMPLETE,EXPECTED
2023-02-16 00:00:00,1836.353,1842.578,1834.459,1840.426,240,240,0,COMPLETE,
2023-02-16 04:00:00,1840.449,1841.636,1834.259,1841.294,240,240,0,COMPLETE,
2023-02-16 08:00:00,1841.262,1844.774,1834.759,1837.34,240,240,0,COMPLETE,
2023-02-16 12:00:00,1837.37,1840.34,1827.567,1834.53,240,240,0,COMPLETE,
2023-02-16 16:00:00,1834.563,1845.266,1832.373,1842.731,240,240,0,COMPLETE,
2023-02-16 20:00:00,1842.764,1842.95,1833.277,1834.272,177,240,63,EXPECTED_INCOMPLETE,EXPECTED
2023-02-17 00:00:00,1834.288,1834.288,1825.646,1828.188,240,240,0,COMPLETE,
2023-02-17 04:00:00,1828.205,1828.488,1821.773,1824.051,240,240,0,COMPLETE,
2023-02-17 08:00:00,1824.007,1828.016,1818.861,1824.653,240,240,0,COMPLETE,
2023-02-17 12:00:00,1824.683,1840.889,1822.615,1834.369,240,240,0,COMPLETE,
2023-02-17 16:00:00,1834.4,1843.518,1834.257,1842.683,240,240,0,COMPLETE,
2023-02-17 20:00:00,1842.713,1843.547,1840.909,1842.499,118,240,122,EXPECTED_INCOMPLETE,EXPECTED
2023-02-18 00:00:00,,,,,0,240,240,SESSION_CLOSED_EXPECTED,EXPECTED
2023-02-18 04:00:00,,,,,0,240,240,SESSION_CLOSED_EXPECTED,EXPECTED
2023-02-18 08:00:00,,,,,0,240,240,SESSION_CLOSED_EXPECTED,EXPECTED
2023-02-18 12:00:00,,,,,0,240,240,SESSION_CLOSED_EXPECTED,EXPECTED
2023-02-18 16:00:00,,,,,0,240,240,SESSION_CLOSED_EXPECTED,EXPECTED
2023-02-18 20:00:00,,,,,0,240,240,SESSION_CLOSED_EXPECTED,EXPECTED
2023-02-19 00:00:00,,,,,0,240,240,SESSION_CLOSED_EXPECTED,EXPECTED
2023-02-19 04:00:00,,,,,0,240,240,SESSION_CLOSED_EXPECTED,EXPECTED
2023-02-19 08:00:00,,,,,0,240,240,SESSION_CLOSED_EXPECTED,EXPECTED
2023-02-19 12:00:00,,,,,0,240,240,SESSION_CLOSED_EXPECTED,EXPECTED
2023-02-19 16:00:00,,,,,0,240,240,SESSION_CLOSED_EXPECTED,EXPECTED
2023-02-19 20:00:00,1841.163,1841.687,1838.386,1838.659,55,240,185,EXPECTED_INCOMPLETE,EXPECTED
2023-02-20 00:00:00,1838.666,1843.138,1837.282,1842.815,240,240,0,COMPLETE,
2023-02-20 04:00:00,1842.813,1846.277,1841.125,1845.983,240,240,0,COMPLETE,
2023-02-20 08:00:00,1845.965,1847.39,1841.001,1844.706,240,240,0,COMPLETE,
2023-02-20 12:00:00,1844.758,1846.897,1842.241,1843.193,240,240,0,COMPLETE,
2023-02-20 16:00:00,1843.183,1843.978,1840.239,1841.069,195,240,45,UNEXPECTED_INCOMPLETE,UNEXPECTED
2023-02-20 20:00:00,1841.31,1842.561,1841.212,1841.674,59,240,181,UNEXPECTED_INCOMPLETE,UNEXPECTED
2023-02-21 00:00:00,1841.705,1843.651,1837.083,1838.407,240,240,0,COMPLETE,
2023-02-21 04:00:00,1838.387,1839.693,1833.525,1834.777,240,240,0,COMPLETE,
2023-02-21 08:00:00,1834.747,1836.748,1831.05,1833.791,240,240,0,COMPLETE,
2023-02-21 12:00:00,1833.798,1843.801,1830.204,1838.71,240,240,0,COMPLETE,
2023-02-21 16:00:00,1838.742,1839.461,1831.687,1834.017,240,240,0,COMPLETE,
2023-02-21 20:00:00,1834.048,1836.484,1834.048,1835.548,177,240,63,EXPECTED_INCOMPLETE,EXPECTED
2023-02-22 00:00:00,1835.552,1838.384,1834.964,1836.15,240,240,0,COMPLETE,
2023-02-22 04:00:00,1836.152,1839.931,1834.592,1839.882,240,240,0,COMPLETE,
2023-02-22 08:00:00,1839.85,1841.137,1832.07,1838.851,240,240,0,COMPLETE,
2023-02-22 12:00:00,1838.891,1845.972,1831.32,1836.029,240,240,0,COMPLETE,
2023-02-22 16:00:00,1835.996,1837.033,1824.667,1824.916,240,240,0,COMPLETE,
2023-02-22 20:00:00,1824.886,1827.336,1823.473,1825.075,177,240,63,EXPECTED_INCOMPLETE,EXPECTED
2023-02-23 00:00:00,1825.086,1830.414,1823.143,1827.855,240,240,0,COMPLETE,
2023-02-23 04:00:00,1827.835,1833.723,1827.472,1829.709,240,240,0,COMPLETE,
2023-02-23 08:00:00,1829.674,1829.674,1823.944,1826.383,240,240,0,COMPLETE,
2023-02-23 12:00:00,1826.406,1830.094,1817.218,1823.527,240,240,0,COMPLETE,
2023-02-23 16:00:00,1823.522,1824.11,1818.408,1822.92,240,240,0,COMPLETE,
2023-02-23 20:00:00,1822.938,1824.086,1822.135,1823.166,177,240,63,EXPECTED_INCOMPLETE,EXPECTED
2023-02-24 00:00:00,1823.187,1827.755,1822.944,1825.692,240,240,0,COMPLETE,
2023-02-24 04:00:00,1825.713,1826.364,1821.721,1822.036,240,240,0,COMPLETE,
2023-02-24 08:00:00,1822.022,1825.579,1817.352,1819.104,240,240,0,COMPLETE,
2023-02-24 12:00:00,1819.07,1819.143,1808.931,1810.625,240,240,0,COMPLETE,
2023-02-24 16:00:00,1810.658,1814.126,1808.912,1810.941,240,240,0,COMPLETE,
2023-02-24 20:00:00,1810.898,1813.395,1810.511,1810.778,118,240,122,EXPECTED_INCOMPLETE,EXPECTED
2023-02-25 00:00:00,,,,,0,240,240,SESSION_CLOSED_EXPECTED,EXPECTED
2023-02-25 04:00:00,,,,,0,240,240,SESSION_CLOSED_EXPECTED,EXPECTED
2023-02-25 08:00:00,,,,,0,240,240,SESSION_CLOSED_EXPECTED,EXPECTED
2023-02-25 12:00:00,,,,,0,240,240,SESSION_CLOSED_EXPECTED,EXPECTED
2023-02-25 16:00:00,,,,,0,240,240,SESSION_CLOSED_EXPECTED,EXPECTED
2023-02-25 20:00:00,,,,,0,240,240,SESSION_CLOSED_EXPECTED,EXPECTED
2023-02-26 00:00:00,,,,,0,240,240,SESSION_CLOSED_EXPECTED,EXPECTED
2023-02-26 04:00:00,,,,,0,240,240,SESSION_CLOSED_EXPECTED,EXPECTED
2023-02-26 08:00:00,,,,,0,240,240,SESSION_CLOSED_EXPECTED,EXPECTED
2023-02-26 12:00:00,,,,,0,240,240,SESSION_CLOSED_EXPECTED,EXPECTED
2023-02-26 16:00:00,,,,,0,240,240,SESSION_CLOSED_EXPECTED,EXPECTED
2023-02-26 20:00:00,1811.892,1813.078,1811.23,1811.74,55,240,185,EXPECTED_INCOMPLETE,EXPECTED
2023-02-27 00:00:00,1811.728,1814.149,1806.176,1807.912,240,240,0,COMPLETE,
2023-02-27 04:00:00,1807.938,1812.328,1807.064,1810.635,240,240,0,COMPLETE,
2023-02-27 08:00:00,1810.631,1813.658,1808.24,1811.409,240,240,0,COMPLETE,
2023-02-27 12:00:00,1811.375,1820.087,1810.07,1815.377,240,240,0,COMPLETE,
2023-02-27 16:00:00,1815.373,1820.071,1812.583,1817.366,240,240,0,COMPLETE,
2023-02-27 20:00:00,1817.335,1818.014,1815.957,1817.137,177,240,63,EXPECTED_INCOMPLETE,EXPECTED
2023-02-28 00:00:00,1817.138,1819.356,1814.64,1814.818,240,240,0,COMPLETE,
2023-02-28 04:00:00,1814.812,1816.775,1810.163,1810.413,240,240,0,COMPLETE,
2023-02-28 08:00:00,1810.444,1812.982,1804.429,1809.027,240,240,0,COMPLETE,
2023-02-28 12:00:00,1808.998,1826.727,1807.228,1824.07,240,240,0,COMPLETE,
2023-02-28 16:00:00,1824.101,1831.104,1824.076,1828.939,240,240,0,COMPLETE,
2023-02-28 20:00:00,1828.951,1829.283,1825.405,1825.551,177,240,63,EXPECTED_INCOMPLETE,EXPECTED
2023-03-01 00:00:00,1825.552,1831.122,1823.042,1830.963,240,240,0,COMPLETE,
2023-03-01 04:00:00,1830.961,1836.724,1829.908,1835.555,240,240,0,COMPLETE,
2023-03-01 08:00:00,1835.524,1838.486,1830.37,1835.249,240,240,0,COMPLETE,
2023-03-01 12:00:00,1835.279,1844.574,1833.4,1842.018,240,240,0,COMPLETE,
2023-03-01 16:00:00,1842.01,1842.17,1836.467,1838.268,240,240,0,COMPLETE,
2023-03-01 20:00:00,1838.303,1838.901,1836.547,1836.554,176,240,64,UNEXPECTED_INCOMPLETE,EXPECTED|UNEXPECTED
2023-03-02 00:00:00,1836.53,1838.189,1830.972,1833.444,240,240,0,COMPLETE,
2023-03-02 04:00:00,1833.443,1834.792,1830.159,1831.633,240,240,0,COMPLETE,
2023-03-02 08:00:00,1831.658,1837.288,1829.947,1836.662,240,240,0,COMPLETE,
2023-03-02 12:00:00,1836.653,1838.932,1830.055,1836.594,240,240,0,COMPLETE,
2023-03-02 16:00:00,1836.58,1838.645,1832.223,1835.589,240,240,0,COMPLETE,
2023-03-02 20:00:00,1835.559,1838.106,1834.889,1837.818,177,240,63,EXPECTED_INCOMPLETE,EXPECTED
2023-03-03 00:00:00,1837.787,1841.455,1837.756,1838.742,240,240,0,COMPLETE,
2023-03-03 04:00:00,1838.749,1844.774,1837.823,1842.722,240,240,0,COMPLETE,
2023-03-03 08:00:00,1842.718,1849.188,1842.718,1848.416,240,240,0,COMPLETE,
2023-03-03 12:00:00,1848.403,1848.59,1838.952,1844.588,240,240,0,COMPLETE,
2023-03-03 16:00:00,1844.619,1853.646,1843.796,1853.275,240,240,0,COMPLETE,
2023-03-03 20:00:00,1853.307,1856.278,1852.638,1855.265,118,240,122,EXPECTED_INCOMPLETE,EXPECTED
2023-03-04 00:00:00,,,,,0,240,240,SESSION_CLOSED_EXPECTED,EXPECTED
2023-03-04 04:00:00,,,,,0,240,240,SESSION_CLOSED_EXPECTED,EXPECTED
2023-03-04 08:00:00,,,,,0,240,240,SESSION_CLOSED_EXPECTED,EXPECTED
2023-03-04 12:00:00,,,,,0,240,240,SESSION_CLOSED_EXPECTED,EXPECTED
2023-03-04 16:00:00,,,,,0,240,240,SESSION_CLOSED_EXPECTED,EXPECTED
2023-03-04 20:00:00,,,,,0,240,240,SESSION_CLOSED_EXPECTED,EXPECTED
2023-03-05 00:00:00,,,,,0,240,240,SESSION_CLOSED_EXPECTED,EXPECTED
2023-03-05 04:00:00,,,,,0,240,240,SESSION_CLOSED_EXPECTED,EXPECTED
2023-03-05 08:00:00,,,,,0,240,240,SESSION_CLOSED_EXPECTED,EXPECTED
2023-03-05 12:00:00,,,,,0,240,240,SESSION_CLOSED_EXPECTED,EXPECTED
2023-03-05 16:00:00,,,,,0,240,240,SESSION_CLOSED_EXPECTED,EXPECTED
2023-03-05 20:00:00,1853.694,1854.076,1852.152,1852.294,55,240,185,EXPECTED_INCOMPLETE,EXPECTED
2023-03-06 00:00:00,1852.302,1855.848,1850.73,1854.94,240,240,0,COMPLETE,
2023-03-06 04:00:00,1854.941,1858.123,1852.753,1856.228,240,240,0,COMPLETE,
2023-03-06 08:00:00,1856.195,1857.092,1847.257,1848.452,240,240,0,COMPLETE,
2023-03-06 12:00:00,1848.454,1853.923,1848.038,1850.982,240,240,0,COMPLETE,
2023-03-06 16:00:00,1850.95,1852.756,1845.066,1846.09,240,240,0,COMPLETE,
2023-03-06 20:00:00,1846.072,1847.252,1845.604,1846.323,177,240,63,EXPECTED_INCOMPLETE,EXPECTED
2023-03-07 00:00:00,1846.303,1850.432,1844.02,1847.538,240,240,0,COMPLETE,
2023-03-07 04:00:00,1847.53,1851.468,1845.366,1848.436,240,240,0,COMPLETE,
2023-03-07 08:00:00,1848.404,1849.626,1840.885,1841.913,240,240,0,COMPLETE,
2023-03-07 12:00:00,1841.906,1841.906,1815.441,1817.83,240,240,0,COMPLETE,
2023-03-07 16:00:00,1817.767,1823.141,1812.67,1813.844,240,240,0,COMPLETE,
2023-03-07 20:00:00,1813.884,1815.958,1813.139,1813.936,177,240,63,EXPECTED_INCOMPLETE,EXPECTED
2023-03-08 00:00:00,1813.935,1814.096,1809.372,1809.82,240,240,0,COMPLETE,
2023-03-08 04:00:00,1809.826,1815.03,1809.826,1814.197,240,240,0,COMPLETE,
2023-03-08 08:00:00,1814.166,1816.576,1812.323,1815.0,240,240,0,COMPLETE,
2023-03-08 12:00:00,1815.017,1824.235,1812.159,1820.568,240,240,0,COMPLETE,
2023-03-08 16:00:00,1820.599,1821.851,1813.278,1816.233,240,240,0,COMPLETE,
2023-03-08 20:00:00,1816.264,1816.312,1812.834,1815.196,177,240,63,EXPECTED_INCOMPLETE,EXPECTED
2023-03-09 00:00:00,1815.209,1816.446,1811.922,1813.708,240,240,0,COMPLETE,
2023-03-09 04:00:00,1813.712,1816.008,1812.696,1814.774,240,240,0,COMPLETE,
2023-03-09 08:00:00,1814.783,1820.308,1813.645,1818.733,240,240,0,COMPLETE,
2023-03-09 12:00:00,1818.698,1835.548,1815.424,1828.626,240,240,0,COMPLETE,
2023-03-09 16:00:00,1828.658,1834.998,1825.492,1830.512,240,240,0,COMPLETE,
2023-03-09 20:00:00,1830.545,1832.295,1828.954,1831.569,177,240,63,EXPECTED_INCOMPLETE,EXPECTED
2023-03-10 00:00:00,1831.565,1834.83,1828.075,1829.2,240,240,0,COMPLETE,
2023-03-10 04:00:00,1829.202,1834.654,1827.702,1833.516,240,240,0,COMPLETE,
2023-03-10 08:00:00,1833.548,1837.226,1830.91,1834.91,240,240,0,COMPLETE,
2023-03-10 12:00:00,1834.941,1867.404,1831.765,1863.028,240,240,0,COMPLETE,
2023-03-10 16:00:00,1863.024,1865.369,1854.087,1863.818,240,240,0,COMPLETE,
2023-03-10 20:00:00,1863.842,1870.031,1863.514,1867.109,118,240,122,EXPECTED_INCOMPLETE,EXPECTED
2023-03-11 00:00:00,,,,,0,240,240,SESSION_CLOSED_EXPECTED,EXPECTED
2023-03-11 04:00:00,,,,,0,240,240,SESSION_CLOSED_EXPECTED,EXPECTED
2023-03-11 08:00:00,,,,,0,240,240,SESSION_CLOSED_EXPECTED,EXPECTED
2023-03-11 12:00:00,,,,,0,240,240,SESSION_CLOSED_EXPECTED,EXPECTED
2023-03-11 16:00:00,,,,,0,240,240,SESSION_CLOSED_EXPECTED,EXPECTED
2023-03-11 20:00:00,,,,,0,240,240,SESSION_CLOSED_EXPECTED,EXPECTED
2023-03-12 00:00:00,,,,,0,240,240,SESSION_CLOSED_EXPECTED,EXPECTED
2023-03-12 04:00:00,,,,,0,240,240,SESSION_CLOSED_EXPECTED,EXPECTED
2023-03-12 08:00:00,,,,,0,240,240,SESSION_CLOSED_EXPECTED,EXPECTED
2023-03-12 12:00:00,,,,,0,240,240,SESSION_CLOSED_EXPECTED,EXPECTED
2023-03-12 16:00:00,,,,,0,240,240,SESSION_CLOSED_EXPECTED,EXPECTED
2023-03-12 20:00:00,1883.238,1894.368,1875.749,1877.746,115,240,125,EXPECTED_INCOMPLETE,EXPECTED
2023-03-13 00:00:00,1877.716,1888.785,1872.137,1882.539,240,240,0,COMPLETE,
2023-03-13 04:00:00,1882.572,1883.653,1871.496,1876.235,240,240,0,COMPLETE,
2023-03-13 08:00:00,1876.231,1893.764,1875.449,1889.662,240,240,0,COMPLETE,
2023-03-13 12:00:00,1889.631,1913.016,1887.177,1904.91,240,240,0,COMPLETE,
2023-03-13 16:00:00,1904.878,1914.577,1903.313,1913.301,240,240,0,COMPLETE,
2023-03-13 20:00:00,1913.263,1914.07,1909.909,1912.025,177,240,63,EXPECTED_INCOMPLETE,EXPECTED
2023-03-14 00:00:00,1912.055,1914.113,1902.565,1902.877,240,240,0,COMPLETE,
2023-03-14 04:00:00,1902.894,1913.398,1901.454,1912.592,240,240,0,COMPLETE,
2023-03-14 08:00:00,1912.557,1913.297,1900.595,1904.116,240,240,0,COMPLETE,
2023-03-14 12:00:00,1904.149,1911.855,1895.228,1904.119,240,240,0,COMPLETE,
2023-03-14 16:00:00,1904.089,1910.288,1902.167,1902.42,240,240,0,COMPLETE,
2023-03-14 20:00:00,1902.453,1904.913,1902.453,1903.064,177,240,63,EXPECTED_INCOMPLETE,EXPECTED
2023-03-15 00:00:00,1903.055,1905.638,1899.925,1902.849,240,240,0,COMPLETE,
2023-03-15 04:00:00,1902.844,1903.416,1896.302,1896.456,240,240,0,COMPLETE,
2023-03-15 08:00:00,1896.423,1918.94,1885.584,1918.108,240,240,0,COMPLETE,
2023-03-15 12:00:00,1918.075,1930.328,1916.967,1927.151,240,240,0,COMPLETE,
2023-03-15 16:00:00,1927.183,1937.287,1908.969,1916.717,240,240,0,COMPLETE,
2023-03-15 20:00:00,1916.747,1922.796,1916.128,1921.152,117,240,123,UNEXPECTED_INCOMPLETE,UNEXPECTED
2023-03-16 00:00:00,1921.147,1924.35,1907.308,1913.207,240,240,0,COMPLETE,
2023-03-16 04:00:00,1913.185,1920.67,1912.189,1916.643,240,240,0,COMPLETE,
2023-03-16 08:00:00,1916.673,1927.035,1915.761,1926.878,240,240,0,COMPLETE,
2023-03-16 12:00:00,1926.909,1933.443,1913.335,1918.692,240,240,0,COMPLETE,
2023-03-16 16:00:00,1918.648,1921.126,1914.332,1920.549,227,240,13,UNEXPECTED_INCOMPLETE,UNEXPECTED
2023-03-16 20:00:00,1920.514,1922.06,1918.466,1921.294,177,240,63,EXPECTED_INCOMPLETE,EXPECTED
2023-03-17 00:00:00,1921.306,1929.655,1918.196,1927.635,240,240,0,COMPLETE,
2023-03-17 04:00:00,1927.653,1934.278,1927.209,1930.287,240,240,0,COMPLETE,
2023-03-17 08:00:00,1930.318,1937.136,1927.331,1935.014,240,240,0,COMPLETE,
2023-03-17 12:00:00,1935.049,1964.892,1934.916,1959.269,240,240,0,COMPLETE,
2023-03-17 16:00:00,1959.3,1987.718,1955.282,1976.229,240,240,0,COMPLETE,
2023-03-17 20:00:00,1976.27,1988.311,1975.236,1988.129,58,240,182,EXPECTED_INCOMPLETE,EXPECTED
2023-03-18 00:00:00,,,,,0,240,240,SESSION_CLOSED_EXPECTED,EXPECTED
2023-03-18 04:00:00,,,,,0,240,240,SESSION_CLOSED_EXPECTED,EXPECTED
2023-03-18 08:00:00,,,,,0,240,240,SESSION_CLOSED_EXPECTED,EXPECTED
2023-03-18 12:00:00,,,,,0,240,240,SESSION_CLOSED_EXPECTED,EXPECTED
2023-03-18 16:00:00,,,,,0,240,240,SESSION_CLOSED_EXPECTED,EXPECTED
2023-03-18 20:00:00,,,,,0,240,240,SESSION_CLOSED_EXPECTED,EXPECTED
2023-03-19 00:00:00,,,,,0,240,240,SESSION_CLOSED_EXPECTED,EXPECTED
2023-03-19 04:00:00,,,,,0,240,240,SESSION_CLOSED_EXPECTED,EXPECTED
2023-03-19 08:00:00,,,,,0,240,240,SESSION_CLOSED_EXPECTED,EXPECTED
2023-03-19 12:00:00,,,,,0,240,240,SESSION_CLOSED_EXPECTED,EXPECTED
2023-03-19 16:00:00,,,,,0,240,240,SESSION_CLOSED_EXPECTED,EXPECTED
2023-03-19 20:00:00,1985.925,1988.132,1975.037,1976.936,115,240,125,EXPECTED_INCOMPLETE,EXPECTED
2023-03-20 00:00:00,1976.968,1978.387,1968.114,1973.311,240,240,0,COMPLETE,
2023-03-20 04:00:00,1973.308,2009.668,1972.97,2003.415,240,240,0,COMPLETE,
2023-03-20 08:00:00,2003.384,2006.137,1973.911,1983.78,240,240,0,COMPLETE,
2023-03-20 12:00:00,1983.812,1986.561,1965.627,1973.763,240,240,0,COMPLETE,
2023-03-20 16:00:00,1973.73,1984.349,1972.931,1977.152,240,240,0,COMPLETE,
2023-03-20 20:00:00,1977.17,1980.021,1976.241,1976.585,177,240,63,EXPECTED_INCOMPLETE,EXPECTED
2023-03-21 00:00:00,1976.581,1985.121,1975.242,1983.76,240,240,0,COMPLETE,
2023-03-21 04:00:00,1983.756,1983.756,1970.255,1970.316,240,240,0,COMPLETE,
2023-03-21 08:00:00,1970.286,1970.819,1962.779,1966.283,240,240,0,COMPLETE,
2023-03-21 12:00:00,1966.285,1967.068,1943.125,1948.149,240,240,0,COMPLETE,
2023-03-21 16:00:00,1948.115,1948.97,1935.343,1940.163,240,240,0,COMPLETE,
2023-03-21 20:00:00,1940.195,1943.918,1939.31,1943.106,177,240,63,EXPECTED_INCOMPLETE,EXPECTED
2023-03-22 00:00:00,1943.074,1946.169,1938.167,1939.602,240,240,0,COMPLETE,
2023-03-22 04:00:00,1939.574,1943.485,1934.057,1939.791,240,240,0,COMPLETE,
2023-03-22 08:00:00,1939.759,1945.611,1939.579,1942.411,240,240,0,COMPLETE,
2023-03-22 12:00:00,1942.414,1951.888,1937.051,1947.214,240,240,0,COMPLETE,
2023-03-22 16:00:00,1947.228,1978.802,1945.048,1972.71,240,240,0,COMPLETE,
2023-03-22 20:00:00,1972.678,1975.103,1964.52,1969.706,177,240,63,EXPECTED_INCOMPLETE,EXPECTED
2023-03-23 00:00:00,1969.755,1977.588,1966.317,1976.875,240,240,0,COMPLETE,
2023-03-23 04:00:00,1976.878,1983.618,1974.926,1976.814,240,240,0,COMPLETE,
2023-03-23 08:00:00,1976.846,1980.642,1974.25,1978.413,240,240,0,COMPLETE,
2023-03-23 12:00:00,1978.407,1987.033,1966.514,1984.001,240,240,0,COMPLETE,
2023-03-23 16:00:00,1984.038,2003.277,1982.717,1997.711,240,240,0,COMPLETE,
2023-03-23 20:00:00,1997.747,1998.875,1990.086,1991.324,177,240,63,EXPECTED_INCOMPLETE,EXPECTED
2023-03-24 00:00:00,1991.292,1994.827,1989.714,1992.815,240,240,0,COMPLETE,
2023-03-24 04:00:00,1992.829,1993.329,1985.267,1989.406,240,240,0,COMPLETE,
2023-03-24 08:00:00,1989.437,2000.245,1981.221,1995.789,240,240,0,COMPLETE,
2023-03-24 12:00:00,1995.748,2002.989,1985.886,1987.25,240,240,0,COMPLETE,
2023-03-24 16:00:00,1987.276,1990.57,1975.239,1975.967,240,240,0,COMPLETE,
2023-03-24 20:00:00,1975.997,1979.348,1975.165,1978.777,58,240,182,EXPECTED_INCOMPLETE,EXPECTED
2023-03-25 00:00:00,,,,,0,240,240,SESSION_CLOSED_EXPECTED,EXPECTED
2023-03-25 04:00:00,,,,,0,240,240,SESSION_CLOSED_EXPECTED,EXPECTED
2023-03-25 08:00:00,,,,,0,240,240,SESSION_CLOSED_EXPECTED,EXPECTED
2023-03-25 12:00:00,,,,,0,240,240,SESSION_CLOSED_EXPECTED,EXPECTED
2023-03-25 16:00:00,,,,,0,240,240,SESSION_CLOSED_EXPECTED,EXPECTED
2023-03-25 20:00:00,,,,,0,240,240,SESSION_CLOSED_EXPECTED,EXPECTED
2023-03-26 00:00:00,,,,,0,240,240,SESSION_CLOSED_EXPECTED,EXPECTED
2023-03-26 04:00:00,,,,,0,240,240,SESSION_CLOSED_EXPECTED,EXPECTED
2023-03-26 08:00:00,,,,,0,240,240,SESSION_CLOSED_EXPECTED,EXPECTED
2023-03-26 12:00:00,,,,,0,240,240,SESSION_CLOSED_EXPECTED,EXPECTED
2023-03-26 16:00:00,,,,,0,240,240,SESSION_CLOSED_EXPECTED,EXPECTED
2023-03-26 20:00:00,1976.4,1976.735,1969.153,1975.691,115,240,125,EXPECTED_INCOMPLETE,EXPECTED
2023-03-27 00:00:00,1975.658,1978.691,1972.101,1974.584,240,240,0,COMPLETE,
2023-03-27 04:00:00,1974.588,1975.462,1965.876,1970.923,240,240,0,COMPLETE,
2023-03-27 08:00:00,1970.887,1972.116,1948.143,1954.14,240,240,0,COMPLETE,
2023-03-27 12:00:00,1954.154,1958.695,1943.944,1956.844,240,240,0,COMPLETE,
2023-03-27 16:00:00,1956.831,1959.385,1950.706,1956.897,240,240,0,COMPLETE,
2023-03-27 20:00:00,1956.928,1958.27,1955.688,1958.071,177,240,63,EXPECTED_INCOMPLETE,EXPECTED
2023-03-28 00:00:00,1958.04,1963.955,1957.692,1959.685,240,240,0,COMPLETE,
2023-03-28 04:00:00,1959.658,1960.81,1951.873,1953.902,240,240,0,COMPLETE,
2023-03-28 08:00:00,1953.932,1958.518,1949.141,1956.994,240,240,0,COMPLETE,
2023-03-28 12:00:00,1956.989,1969.897,1956.944,1966.619,240,240,0,COMPLETE,
2023-03-28 16:00:00,1966.65,1975.255,1965.652,1973.314,240,240,0,COMPLETE,
2023-03-28 20:00:00,1973.348,1974.423,1971.476,1971.867,177,240,63,EXPECTED_INCOMPLETE,EXPECTED
2023-03-29 00:00:00,1971.898,1972.854,1965.859,1966.469,240,240,0,COMPLETE,
2023-03-29 04:00:00,1966.474,1968.826,1958.55,1961.645,240,240,0,COMPLETE,
2023-03-29 08:00:00,1961.657,1969.117,1960.808,1966.687,240,240,0,COMPLETE,
2023-03-29 12:00:00,1966.693,1971.684,1960.571,1961.812,240,240,0,COMPLETE,
2023-03-29 16:00:00,1961.78,1969.171,1961.067,1963.132,240,240,0,COMPLETE,
2023-03-29 20:00:00,1963.164,1964.862,1962.673,1963.197,177,240,63,EXPECTED_INCOMPLETE,EXPECTED
2023-03-30 00:00:00,1963.201,1963.503,1955.195,1959.566,240,240,0,COMPLETE,
2023-03-30 04:00:00,1959.577,1971.274,1958.93,1966.63,240,240,0,COMPLETE,
2023-03-30 08:00:00,1966.6,1971.186,1964.919,1968.603,240,240,0,COMPLETE,
2023-03-30 12:00:00,1968.635,1975.29,1963.913,1974.699,240,240,0,COMPLETE,
2023-03-30 16:00:00,1974.73,1984.251,1974.73,1981.261,240,240,0,COMPLETE,
2023-03-30 20:00:00,1981.231,1981.944,1977.982,1978.386,177,240,63,EXPECTED_INCOMPLETE,EXPECTED
2023-03-31 00:00:00,1978.412,1983.578,1977.633,1981.181,240,240,0,COMPLETE,
2023-03-31 04:00:00,1981.158,1985.017,1974.804,1975.261,240,240,0,COMPLETE,
2023-03-31 08:00:00,1975.266,1981.907,1973.172,1980.192,240,240,0,COMPLETE,
2023-03-31 12:00:00,1980.204,1987.544,1974.764,1979.658,240,240,0,COMPLETE,
2023-03-31 16:00:00,1979.65,1979.747,1966.806,1970.931,240,240,0,COMPLETE,
2023-03-31 20:00:00,1970.895,1970.96,1968.46,1969.376,58,240,182,EXPECTED_INCOMPLETE,EXPECTED
2023-04-01 00:00:00,,,,,0,240,240,SESSION_CLOSED_EXPECTED,EXPECTED
2023-04-01 04:00:00,,,,,0,240,240,SESSION_CLOSED_EXPECTED,EXPECTED
2023-04-01 08:00:00,,,,,0,240,240,SESSION_CLOSED_EXPECTED,EXPECTED
2023-04-01 12:00:00,,,,,0,240,240,SESSION_CLOSED_EXPECTED,EXPECTED
2023-04-01 16:00:00,,,,,0,240,240,SESSION_CLOSED_EXPECTED,EXPECTED
2023-04-01 20:00:00,,,,,0,240,240,SESSION_CLOSED_EXPECTED,EXPECTED
2023-04-02 00:00:00,,,,,0,240,240,SESSION_CLOSED_EXPECTED,EXPECTED
2023-04-02 04:00:00,,,,,0,240,240,SESSION_CLOSED_EXPECTED,EXPECTED
2023-04-02 08:00:00,,,,,0,240,240,SESSION_CLOSED_EXPECTED,EXPECTED
2023-04-02 12:00:00,,,,,0,240,240,SESSION_CLOSED_EXPECTED,EXPECTED
2023-04-02 16:00:00,,,,,0,240,240,SESSION_CLOSED_EXPECTED,EXPECTED
2023-04-02 20:00:00,1966.275,1967.407,1956.964,1957.027,115,240,125,EXPECTED_INCOMPLETE,EXPECTED
2023-04-03 00:00:00,1957.063,1964.465,1949.542,1951.794,240,240,0,COMPLETE,
2023-04-03 04:00:00,1951.801,1961.934,1950.456,1961.794,221,240,19,UNEXPECTED_INCOMPLETE,UNEXPECTED
2023-04-03 08:00:00,1961.785,1978.705,1961.181,1978.632,240,240,0,COMPLETE,
2023-04-03 12:00:00,1978.6,1990.476,1972.343,1987.944,240,240,0,COMPLETE,
2023-04-03 16:00:00,1987.942,1990.44,1981.862,1985.109,240,240,0,COMPLETE,
2023-04-03 20:00:00,1985.074,1985.909,1983.558,1984.935,177,240,63,EXPECTED_INCOMPLETE,EXPECTED
2023-04-04 00:00:00,1984.929,1985.267,1977.777,1978.088,240,240,0,COMPLETE,
2023-04-04 04:00:00,1978.08,1983.754,1976.821,1982.139,240,240,0,COMPLETE,
2023-04-04 08:00:00,1982.134,1984.281,1978.473,1981.953,240,240,0,COMPLETE,
2023-04-04 12:00:00,1981.987,2024.952,1981.44,2020.205,240,240,0,COMPLETE,
2023-04-04 16:00:00,2020.174,2024.982,2017.828,2021.832,240,240,0,COMPLETE,
2023-04-04 20:00:00,2021.8,2023.587,2019.708,2021.734,177,240,63,EXPECTED_INCOMPLETE,EXPECTED
2023-04-05 00:00:00,2021.748,2025.234,2019.342,2023.003,240,240,0,COMPLETE,
2023-04-05 04:00:00,2022.993,2028.364,2022.077,2025.362,240,240,0,COMPLETE,
2023-04-05 08:00:00,2025.331,2028.122,2021.468,2022.892,240,240,0,COMPLETE,
2023-04-05 12:00:00,2022.928,2032.046,2009.919,2021.692,240,240,0,COMPLETE,
2023-04-05 16:00:00,2021.674,2023.895,2019.064,2021.005,240,240,0,COMPLETE,
2023-04-05 20:00:00,2021.043,2021.642,2018.686,2020.287,177,240,63,EXPECTED_INCOMPLETE,EXPECTED
2023-04-06 00:00:00,2020.269,2020.436,2007.666,2011.302,240,240,0,COMPLETE,
2023-04-06 04:00:00,2011.296,2018.078,2010.468,2016.346,240,240,0,COMPLETE,
2023-04-06 08:00:00,2016.342,2020.907,2014.795,2018.474,240,240,0,COMPLETE,
2023-04-06 12:00:00,2018.437,2020.681,2000.81,2011.174,240,240,0,COMPLETE,
2023-04-06 16:00:00,2011.138,2014.9,2006.197,2006.417,240,240,0,COMPLETE,
2023-04-06 20:00:00,2006.45,2008.116,2005.752,2007.761,58,240,182,EXPECTED_INCOMPLETE,EXPECTED
2023-04-07 00:00:00,,,,,0,240,240,SESSION_CLOSED_EXPECTED,EXPECTED
2023-04-07 04:00:00,,,,,0,240,240,SESSION_CLOSED_EXPECTED,EXPECTED
2023-04-07 08:00:00,,,,,0,240,240,SESSION_CLOSED_EXPECTED,EXPECTED
2023-04-07 12:00:00,,,,,0,240,240,SESSION_CLOSED_EXPECTED,EXPECTED
2023-04-07 16:00:00,,,,,0,240,240,SESSION_CLOSED_EXPECTED,EXPECTED
2023-04-07 20:00:00,,,,,0,240,240,SESSION_CLOSED_EXPECTED,EXPECTED
2023-04-08 00:00:00,,,,,0,240,240,SESSION_CLOSED_EXPECTED,EXPECTED
2023-04-08 04:00:00,,,,,0,240,240,SESSION_CLOSED_EXPECTED,EXPECTED
2023-04-08 08:00:00,,,,,0,240,240,SESSION_CLOSED_EXPECTED,EXPECTED
2023-04-08 12:00:00,,,,,0,240,240,SESSION_CLOSED_EXPECTED,EXPECTED
2023-04-08 16:00:00,,,,,0,240,240,SESSION_CLOSED_EXPECTED,EXPECTED
2023-04-08 20:00:00,,,,,0,240,240,SESSION_CLOSED_EXPECTED,EXPECTED
2023-04-09 00:00:00,,,,,0,240,240,SESSION_CLOSED_EXPECTED,EXPECTED
2023-04-09 04:00:00,,,,,0,240,240,SESSION_CLOSED_EXPECTED,EXPECTED
2023-04-09 08:00:00,,,,,0,240,240,SESSION_CLOSED_EXPECTED,EXPECTED
2023-04-09 12:00:00,,,,,0,240,240,SESSION_CLOSED_EXPECTED,EXPECTED
2023-04-09 16:00:00,,,,,0,240,240,SESSION_CLOSED_EXPECTED,EXPECTED
2023-04-09 20:00:00,1997.006,2006.495,1995.817,2005.497,115,240,125,EXPECTED_INCOMPLETE,EXPECTED
2023-04-10 00:00:00,2005.529,2005.86,1988.663,1990.856,240,240,0,COMPLETE,
2023-04-10 04:00:00,1990.886,1997.57,1989.475,1997.433,240,240,0,COMPLETE,
2023-04-10 08:00:00,1997.403,2002.935,1995.905,2001.556,240,240,0,COMPLETE,
2023-04-10 12:00:00,2001.526,2001.961,1981.436,1988.632,240,240,0,COMPLETE,
2023-04-10 16:00:00,1988.629,1992.794,1987.112,1991.527,240,240,0,COMPLETE,
2023-04-10 20:00:00,1991.558,1992.486,1990.342,1992.389,177,240,63,EXPECTED_INCOMPLETE,EXPECTED
2023-04-11 00:00:00,1992.356,1998.128,1988.773,1997.518,240,240,0,COMPLETE,
2023-04-11 04:00:00,1997.509,2003.621,1997.339,2002.035,240,240,0,COMPLETE,
2023-04-11 08:00:00,2002.003,2007.41,1999.345,2000.429,240,240,0,COMPLETE,
2023-04-11 12:00:00,2000.418,2006.195,1995.551,2004.132,240,240,0,COMPLETE,
2023-04-11 16:00:00,2004.113,2006.714,2000.953,2004.051,240,240,0,COMPLETE,
2023-04-11 20:00:00,2004.082,2005.02,2002.832,2004.659,177,240,63,EXPECTED_INCOMPLETE,EXPECTED
2023-04-12 00:00:00,2004.675,2019.17,2003.922,2017.213,240,240,0,COMPLETE,
2023-04-12 04:00:00,2017.25,2021.072,2011.612,2012.953,240,240,0,COMPLETE,
2023-04-12 08:00:00,2012.983,2013.681,2007.26,2007.697,240,240,0,COMPLETE,
2023-04-12 12:00:00,2007.663,2028.184,2000.987,2005.779,240,240,0,COMPLETE,
2023-04-12 16:00:00,2005.748,2018.065,2005.209,2013.651,240,240,0,COMPLETE,
2023-04-12 20:00:00,2013.62,2018.453,2013.232,2018.149,177,240,63,EXPECTED_INCOMPLETE,EXPECTED
2023-04-13 00:00:00,2018.118,2019.731,2015.676,2017.423,240,240,0,COMPLETE,
2023-04-13 04:00:00,2017.415,2025.619,2015.276,2024.477,240,240,0,COMPLETE,
2023-04-13 08:00:00,2024.5,2029.098,2024.415,2028.573,240,240,0,COMPLETE,
2023-04-13 12:00:00,2028.565,2048.597,2026.533,2038.9,240,240,0,COMPLETE,
2023-04-13 16:00:00,2038.939,2044.078,2036.599,2040.717,240,240,0,COMPLETE,
2023-04-13 20:00:00,2040.678,2041.05,2038.672,2039.713,177,240,63,EXPECTED_INCOMPLETE,EXPECTED
2023-04-14 00:00:00,2039.712,2047.392,2038.594,2045.022,240,240,0,COMPLETE,
2023-04-14 04:00:00,2045.021,2046.461,2036.597,2039.196,240,240,0,COMPLETE,
2023-04-14 08:00:00,2039.191,2042.173,2031.784,2033.224,240,240,0,COMPLETE,
2023-04-14 12:00:00,2033.248,2039.987,1993.554,1995.625,240,240,0,COMPLETE,
2023-04-14 16:00:00,1995.623,2007.954,1992.364,2005.279,240,240,0,COMPLETE,
2023-04-14 20:00:00,2005.264,2005.615,2003.836,2004.252,58,240,182,EXPECTED_INCOMPLETE,EXPECTED
2023-04-15 00:00:00,,,,,0,240,240,SESSION_CLOSED_EXPECTED,EXPECTED
2023-04-15 04:00:00,,,,,0,240,240,SESSION_CLOSED_EXPECTED,EXPECTED
2023-04-15 08:00:00,,,,,0,240,240,SESSION_CLOSED_EXPECTED,EXPECTED
2023-04-15 12:00:00,,,,,0,240,240,SESSION_CLOSED_EXPECTED,EXPECTED
2023-04-15 16:00:00,,,,,0,240,240,SESSION_CLOSED_EXPECTED,EXPECTED
2023-04-15 20:00:00,,,,,0,240,240,SESSION_CLOSED_EXPECTED,EXPECTED
2023-04-16 00:00:00,,,,,0,240,240,SESSION_CLOSED_EXPECTED,EXPECTED
2023-04-16 04:00:00,,,,,0,240,240,SESSION_CLOSED_EXPECTED,EXPECTED
2023-04-16 08:00:00,,,,,0,240,240,SESSION_CLOSED_EXPECTED,EXPECTED
2023-04-16 12:00:00,,,,,0,240,240,SESSION_CLOSED_EXPECTED,EXPECTED
2023-04-16 16:00:00,,,,,0,240,240,SESSION_CLOSED_EXPECTED,EXPECTED
2023-04-16 20:00:00,2001.207,2005.006,1999.651,2002.848,115,240,125,EXPECTED_INCOMPLETE,EXPECTED
2023-04-17 00:00:00,2002.866,2006.273,1995.151,2004.506,240,240,0,COMPLETE,
2023-04-17 04:00:00,2004.479,2014.998,2003.709,2010.848,240,240,0,COMPLETE,
2023-04-17 08:00:00,2010.782,2012.673,2004.87,2009.074,240,240,0,COMPLETE,
2023-04-17 12:00:00,2009.104,2010.572,1980.899,1989.921,240,240,0,COMPLETE,
2023-04-17 16:00:00,1989.923,1997.078,1987.244,1996.233,240,240,0,COMPLETE,
2023-04-17 20:00:00,1996.266,1996.435,1993.797,1993.905,177,240,63,EXPECTED_INCOMPLETE,EXPECTED
2023-04-18 00:00:00,1993.915,2001.75,1993.311,2000.21,240,240,0,COMPLETE,
2023-04-18 04:00:00,2000.251,2004.072,1996.328,2002.28,240,240,0,COMPLETE,
2023-04-18 08:00:00,2002.284,2005.114,1999.05,2003.852,240,240,0,COMPLETE,
2023-04-18 12:00:00,2003.883,2011.823,1991.071,2008.391,240,240,0,COMPLETE,
2023-04-18 16:00:00,2008.421,2008.496,2003.349,2004.032,240,240,0,COMPLETE,
2023-04-18 20:00:00,2004.063,2006.236,2004.063,2005.718,177,240,63,EXPECTED_INCOMPLETE,EXPECTED
2023-04-19 00:00:00,2005.719,2008.077,2001.861,2003.359,240,240,0,COMPLETE,
2023-04-19 04:00:00,2003.393,2004.405,1986.754,1991.288,240,240,0,COMPLETE,
2023-04-19 08:00:00,1991.32,1991.35,1969.176,1970.545,240,240,0,COMPLETE,
2023-04-19 12:00:00,1970.551,1995.928,1969.629,1990.705,240,240,0,COMPLETE,
2023-04-19 16:00:00,1990.743,1996.797,1990.3,1994.418,240,240,0,COMPLETE,
2023-04-19 20:00:00,1994.384,1995.661,1993.112,1993.616,177,240,63,EXPECTED_INCOMPLETE,EXPECTED
2023-04-20 00:00:00,1993.651,1998.445,1990.476,1992.724,240,240,0,COMPLETE,
2023-04-20 04:00:00,1992.715,2000.955,1991.383,1997.129,240,240,0,COMPLETE,
2023-04-20 08:00:00,1997.14,2004.723,1992.339,2001.044,240,240,0,COMPLETE,
2023-04-20 12:00:00,2001.077,2012.347,1997.404,2002.549,240,240,0,COMPLETE,
2023-04-20 16:00:00,2002.58,2008.319,2002.153,2003.083,240,240,0,COMPLETE,
2023-04-20 20:00:00,2003.114,2005.737,2001.787,2005.313,177,240,63,EXPECTED_INCOMPLETE,EXPECTED
2023-04-21 00:00:00,2005.287,2005.508,2000.506,2002.059,240,240,0,COMPLETE,
2023-04-21 04:00:00,2002.091,2002.269,1981.862,1986.72,240,240,0,COMPLETE,
2023-04-21 08:00:00,1986.717,1992.429,1984.048,1987.949,240,240,0,COMPLETE,
2023-04-21 12:00:00,1987.945,1997.939,1971.584,1975.808,240,240,0,COMPLETE,
2023-04-21 16:00:00,1975.845,1982.964,1973.987,1982.637,240,240,0,COMPLETE,
2023-04-21 20:00:00,1982.67,1983.577,1981.73,1982.886,58,240,182,EXPECTED_INCOMPLETE,EXPECTED
2023-04-22 00:00:00,,,,,0,240,240,SESSION_CLOSED_EXPECTED,EXPECTED
2023-04-22 04:00:00,,,,,0,240,240,SESSION_CLOSED_EXPECTED,EXPECTED
2023-04-22 08:00:00,,,,,0,240,240,SESSION_CLOSED_EXPECTED,EXPECTED
2023-04-22 12:00:00,,,,,0,240,240,SESSION_CLOSED_EXPECTED,EXPECTED
2023-04-22 16:00:00,,,,,0,240,240,SESSION_CLOSED_EXPECTED,EXPECTED
2023-04-22 20:00:00,,,,,0,240,240,SESSION_CLOSED_EXPECTED,EXPECTED
2023-04-23 00:00:00,,,,,0,240,240,SESSION_CLOSED_EXPECTED,EXPECTED
2023-04-23 04:00:00,,,,,0,240,240,SESSION_CLOSED_EXPECTED,EXPECTED
2023-04-23 08:00:00,,,,,0,240,240,SESSION_CLOSED_EXPECTED,EXPECTED
2023-04-23 12:00:00,,,,,0,240,240,SESSION_CLOSED_EXPECTED,EXPECTED
2023-04-23 16:00:00,,,,,0,240,240,SESSION_CLOSED_EXPECTED,EXPECTED
2023-04-23 20:00:00,1982.082,1985.343,1981.789,1984.62,115,240,125,EXPECTED_INCOMPLETE,EXPECTED
2023-04-24 00:00:00,1984.618,1984.618,1978.505,1980.787,240,240,0,COMPLETE,
2023-04-24 04:00:00,1980.756,1983.123,1976.355,1982.662,240,240,0,COMPLETE,
2023-04-24 08:00:00,1982.664,1986.882,1980.81,1983.039,240,240,0,COMPLETE,
2023-04-24 12:00:00,1983.035,1987.176,1974.028,1984.768,240,240,0,COMPLETE,
2023-04-24 16:00:00,1984.764,1990.819,1984.609,1988.711,240,240,0,COMPLETE,
2023-04-24 20:00:00,1988.68,1996.42,1988.266,1995.016,177,240,63,EXPECTED_INCOMPLETE,EXPECTED
2023-04-25 00:00:00,1995.015,2000.795,1992.764,1992.766,240,240,0,COMPLETE,
2023-04-25 04:00:00,1992.772,1997.2,1987.303,1990.198,240,240,0,COMPLETE,
2023-04-25 08:00:00,1990.21,1991.029,1976.688,1977.545,240,240,0,COMPLETE,
2023-04-25 12:00:00,1977.576,1994.512,1976.067,1989.93,240,240,0,COMPLETE,
2023-04-25 16:00:00,1989.965,2003.83,1988.237,1999.144,240,240,0,COMPLETE,
2023-04-25 20:00:00,1999.111,2001.656,1995.811,2000.172,177,240,63,EXPECTED_INCOMPLETE,EXPECTED
2023-04-26 00:00:00,2000.178,2002.415,1993.117,1994.025,240,240,0,COMPLETE,
2023-04-26 04:00:00,1994.058,1999.262,1994.058,1997.888,240,240,0,COMPLETE,
2023-04-26 08:00:00,1997.898,2001.707,1991.199,1995.747,240,240,0,COMPLETE,
2023-04-26 12:00:00,1995.716,2009.322,1991.415,1991.446,240,240,0,COMPLETE,
2023-04-26 16:00:00,1991.469,1992.427,1983.348,1987.979,240,240,0,COMPLETE,
2023-04-26 20:00:00,1987.947,1991.911,1987.178,1991.647,177,240,63,EXPECTED_INCOMPLETE,EXPECTED
2023-04-27 00:00:00,1991.617,2000.683,1989.513,1999.791,240,240,0,COMPLETE,
2023-04-27 04:00:00,1999.821,2003.178,1997.269,1999.374,240,240,0,COMPLETE,
2023-04-27 08:00:00,1999.406,2001.176,1995.9,1996.844,240,240,0,COMPLETE,
2023-04-27 12:00:00,1996.876,2003.246,1974.016,1982.223,240,240,0,COMPLETE,
2023-04-27 16:00:00,1982.254,1991.016,1981.149,1988.097,240,240,0,COMPLETE,
2023-04-27 20:00:00,1988.127,1988.571,1986.298,1986.914,177,240,63,EXPECTED_INCOMPLETE,EXPECTED
2023-04-28 00:00:00,1986.879,1991.396,1984.863,1988.894,240,240,0,COMPLETE,
2023-04-28 04:00:00,1988.877,1990.372,1981.561,1982.316,240,240,0,COMPLETE,
2023-04-28 08:00:00,1982.411,1984.795,1979.664,1983.233,240,240,0,COMPLETE,
2023-04-28 12:00:00,1983.266,1994.994,1976.103,1991.693,240,240,0,COMPLETE,
2023-04-28 16:00:00,1991.726,1994.03,1987.436,1989.142,240,240,0,COMPLETE,
2023-04-28 20:00:00,1989.175,1989.833,1987.911,1989.376,58,240,182,EXPECTED_INCOMPLETE,EXPECTED
2023-04-29 00:00:00,,,,,0,240,240,SESSION_CLOSED_EXPECTED,EXPECTED
2023-04-29 04:00:00,,,,,0,240,240,SESSION_CLOSED_EXPECTED,EXPECTED
2023-04-29 08:00:00,,,,,0,240,240,SESSION_CLOSED_EXPECTED,EXPECTED
2023-04-29 12:00:00,,,,,0,240,240,SESSION_CLOSED_EXPECTED,EXPECTED
2023-04-29 16:00:00,,,,,0,240,240,SESSION_CLOSED_EXPECTED,EXPECTED
2023-04-29 20:00:00,,,,,0,240,240,SESSION_CLOSED_EXPECTED,EXPECTED
2023-04-30 00:00:00,,,,,0,240,240,SESSION_CLOSED_EXPECTED,EXPECTED
2023-04-30 04:00:00,,,,,0,240,240,SESSION_CLOSED_EXPECTED,EXPECTED
2023-04-30 08:00:00,,,,,0,240,240,SESSION_CLOSED_EXPECTED,EXPECTED
2023-04-30 12:00:00,,,,,0,240,240,SESSION_CLOSED_EXPECTED,EXPECTED
2023-04-30 16:00:00,,,,,0,240,240,SESSION_CLOSED_EXPECTED,EXPECTED
2023-04-30 20:00:00,1989.602,1991.877,1986.62,1986.895,115,240,125,EXPECTED_INCOMPLETE,EXPECTED
2023-05-01 00:00:00,1986.927,1987.387,1980.451,1983.303,240,240,0,COMPLETE,
2023-05-01 04:00:00,1983.336,1986.228,1978.958,1980.894,240,240,0,COMPLETE,
2023-05-01 08:00:00,1980.868,1989.936,1977.054,1988.945,240,240,0,COMPLETE,
2023-05-01 12:00:00,1988.947,2005.933,1980.475,1982.917,240,240,0,COMPLETE,
2023-05-01 16:00:00,1982.884,1984.019,1979.325,1979.719,240,240,0,COMPLETE,
2023-05-01 20:00:00,1979.751,1983.259,1979.6,1981.373,177,240,63,EXPECTED_INCOMPLETE,EXPECTED
2023-05-02 00:00:00,1981.385,1985.19,1981.305,1982.109,240,240,0,COMPLETE,
2023-05-02 04:00:00,1982.073,1985.69,1980.39,1981.33,240,240,0,COMPLETE,
2023-05-02 08:00:00,1981.342,1990.15,1978.455,1986.348,240,240,0,COMPLETE,
2023-05-02 12:00:00,1986.314,2015.465,1984.415,2014.322,240,240,0,COMPLETE,
2023-05-02 16:00:00,2014.353,2019.31,2011.16,2018.199,240,240,0,COMPLETE,
2023-05-02 20:00:00,2018.232,2018.232,2015.489,2015.905,177,240,63,EXPECTED_INCOMPLETE,EXPECTED
2023-05-03 00:00:00,2015.916,2018.719,2014.166,2018.427,240,240,0,COMPLETE,
2023-05-03 04:00:00,2018.425,2019.434,2012.609,2014.82,240,240,0,COMPLETE,
2023-05-03 08:00:00,2014.8,2017.406,2014.274,2015.816,240,240,0,COMPLETE,
2023-05-03 12:00:00,2015.849,2026.758,2007.655,2023.523,240,240,0,COMPLETE,
2023-05-03 16:00:00,2023.492,2035.995,2016.941,2035.079,240,240,0,COMPLETE,
2023-05-03 20:00:00,2035.11,2079.817,2029.043,2051.957,177,240,63,EXPECTED_INCOMPLETE,EXPECTED
2023-05-04 00:00:00,2051.959,2057.096,2038.222,2040.905,240,240,0,COMPLETE,
2023-05-04 04:00:00,2040.872,2045.435,2030.327,2034.57,240,240,0,COMPLETE,
2023-05-04 08:00:00,2034.507,2044.829,2031.123,2041.984,240,240,0,COMPLETE,
2023-05-04 12:00:00,2041.953,2059.537,2032.038,2050.938,240,240,0,COMPLETE,
2023-05-04 16:00:00,2050.971,2054.057,2044.437,2049.555,240,240,0,COMPLETE,
2023-05-04 20:00:00,2049.586,2050.885,2047.48,2049.922,177,240,63,EXPECTED_INCOMPLETE,EXPECTED
2023-05-05 00:00:00,2049.924,2052.957,2045.436,2049.749,240,240,0,COMPLETE,
2023-05-05 04:00:00,2049.782,2051.099,2039.307,2040.507,240,240,0,COMPLETE,
2023-05-05 08:00:00,2040.509,2041.664,2034.707,2035.442,240,240,0,COMPLETE,
2023-05-05 12:00:00,2035.436,2038.275,1999.451,2015.152,240,240,0,COMPLETE,
2023-05-05 16:00:00,2015.182,2018.785,2012.998,2017.697,240,240,0,COMPLETE,
2023-05-05 20:00:00,2017.73,2018.901,2015.723,2016.65,58,240,182,EXPECTED_INCOMPLETE,EXPECTED
2023-05-06 00:00:00,,,,,0,240,240,SESSION_CLOSED_EXPECTED,EXPECTED
2023-05-06 04:00:00,,,,,0,240,240,SESSION_CLOSED_EXPECTED,EXPECTED
2023-05-06 08:00:00,,,,,0,240,240,SESSION_CLOSED_EXPECTED,EXPECTED
2023-05-06 12:00:00,,,,,0,240,240,SESSION_CLOSED_EXPECTED,EXPECTED
2023-05-06 16:00:00,,,,,0,240,240,SESSION_CLOSED_EXPECTED,EXPECTED
2023-05-06 20:00:00,,,,,0,240,240,SESSION_CLOSED_EXPECTED,EXPECTED
2023-05-07 00:00:00,,,,,0,240,240,SESSION_CLOSED_EXPECTED,EXPECTED
2023-05-07 04:00:00,,,,,0,240,240,SESSION_CLOSED_EXPECTED,EXPECTED
2023-05-07 08:00:00,,,,,0,240,240,SESSION_CLOSED_EXPECTED,EXPECTED
2023-05-07 12:00:00,,,,,0,240,240,SESSION_CLOSED_EXPECTED,EXPECTED
2023-05-07 16:00:00,,,,,0,240,240,SESSION_CLOSED_EXPECTED,EXPECTED
2023-05-07 20:00:00,2016.428,2017.281,2014.174,2016.006,115,240,125,EXPECTED_INCOMPLETE,EXPECTED
2023-05-08 00:00:00,2015.976,2023.938,2015.15,2023.189,240,240,0,COMPLETE,
2023-05-08 04:00:00,2023.205,2024.671,2020.084,2021.436,240,240,0,COMPLETE,
2023-05-08 08:00:00,2021.401,2025.396,2019.937,2022.228,240,240,0,COMPLETE,
2023-05-08 12:00:00,2022.251,2029.235,2017.835,2027.098,240,240,0,COMPLETE,
2023-05-08 16:00:00,2027.066,2029.32,2020.19,2020.271,240,240,0,COMPLETE,
2023-05-08 20:00:00,2020.301,2022.395,2020.136,2021.237,177,240,63,EXPECTED_INCOMPLETE,EXPECTED
2023-05-09 00:00:00,2021.266,2024.921,2019.483,2024.878,240,240,0,COMPLETE,
2023-05-09 04:00:00,2024.894,2028.697,2021.575,2024.626,240,240,0,COMPLETE,
2023-05-09 08:00:00,2024.596,2032.768,2021.378,2031.009,240,240,0,COMPLETE,
2023-05-09 12:00:00,2031.0,2032.045,2022.88,2026.877,240,240,0,COMPLETE,
2023-05-09 16:00:00,2026.912,2037.561,2026.835,2034.239,240,240,0,COMPLETE,
2023-05-09 20:00:00,2034.278,2037.119,2034.083,2036.27,177,240,63,EXPECTED_INCOMPLETE,EXPECTED
2023-05-10 00:00:00,2036.31,2038.182,2030.44,2031.675,240,240,0,COMPLETE,
2023-05-10 04:00:00,2031.643,2032.937,2027.414,2031.661,240,240,0,COMPLETE,
2023-05-10 08:00:00,2031.657,2032.041,2026.239,2029.246,240,240,0,COMPLETE,
2023-05-10 12:00:00,2029.277,2048.145,2021.356,2025.006,240,240,0,COMPLETE,
2023-05-10 16:00:00,2024.983,2034.126,2024.489,2030.893,240,240,0,COMPLETE,
2023-05-10 20:00:00,2030.926,2032.072,2029.101,2031.436,177,240,63,EXPECTED_INCOMPLETE,EXPECTED
2023-05-11 00:00:00,2031.411,2036.348,2031.132,2032.367,240,240,0,COMPLETE,
2023-05-11 04:00:00,2032.363,2033.109,2021.759,2025.562,240,240,0,COMPLETE,
2023-05-11 08:00:00,2025.515,2039.078,2021.606,2036.736,240,240,0,COMPLETE,
2023-05-11 12:00:00,2036.768,2040.788,2011.104,2013.551,240,240,0,COMPLETE,
2023-05-11 16:00:00,2013.517,2018.266,2012.842,2014.149,240,240,0,COMPLETE,
2023-05-11 20:00:00,2014.182,2016.596,2013.727,2016.346,177,240,63,EXPECTED_INCOMPLETE,EXPECTED
2023-05-12 00:00:00,2016.367,2017.486,2008.487,2011.596,240,240,0,COMPLETE,
2023-05-12 04:00:00,2011.565,2012.571,2005.618,2008.735,240,240,0,COMPLETE,
2023-05-12 08:00:00,2008.723,2009.69,2000.895,2004.722,240,240,0,COMPLETE,
2023-05-12 12:00:00,2004.718,2022.461,2003.539,2009.417,240,240,0,COMPLETE,
2023-05-12 16:00:00,2009.383,2016.355,2008.309,2010.871,240,240,0,COMPLETE,
2023-05-12 20:00:00,2010.902,2011.454,2010.36,2010.912,58,240,182,EXPECTED_INCOMPLETE,EXPECTED
2023-05-13 00:00:00,,,,,0,240,240,SESSION_CLOSED_EXPECTED,EXPECTED
2023-05-13 04:00:00,,,,,0,240,240,SESSION_CLOSED_EXPECTED,EXPECTED
2023-05-13 08:00:00,,,,,0,240,240,SESSION_CLOSED_EXPECTED,EXPECTED
2023-05-13 12:00:00,,,,,0,240,240,SESSION_CLOSED_EXPECTED,EXPECTED
2023-05-13 16:00:00,,,,,0,240,240,SESSION_CLOSED_EXPECTED,EXPECTED
2023-05-13 20:00:00,,,,,0,240,240,SESSION_CLOSED_EXPECTED,EXPECTED
2023-05-14 00:00:00,,,,,0,240,240,SESSION_CLOSED_EXPECTED,EXPECTED
2023-05-14 04:00:00,,,,,0,240,240,SESSION_CLOSED_EXPECTED,EXPECTED
2023-05-14 08:00:00,,,,,0,240,240,SESSION_CLOSED_EXPECTED,EXPECTED
2023-05-14 12:00:00,,,,,0,240,240,SESSION_CLOSED_EXPECTED,EXPECTED
2023-05-14 16:00:00,,,,,0,240,240,SESSION_CLOSED_EXPECTED,EXPECTED
2023-05-14 20:00:00,2008.664,2011.957,2008.664,2009.558,115,240,125,EXPECTED_INCOMPLETE,EXPECTED
2023-05-15 00:00:00,2009.551,2018.791,2008.637,2013.986,240,240,0,COMPLETE,
2023-05-15 04:00:00,2013.984,2019.986,2013.224,2018.372,240,240,0,COMPLETE,
2023-05-15 08:00:00,2018.339,2020.84,2011.885,2013.035,240,240,0,COMPLETE,
2023-05-15 12:00:00,2013.033,2022.083,2011.454,2017.678,240,240,0,COMPLETE,
2023-05-15 16:00:00,2017.696,2021.359,2014.352,2014.954,240,240,0,COMPLETE,
2023-05-15 20:00:00,2014.95,2016.597,2013.765,2014.4,177,240,63,EXPECTED_INCOMPLETE,EXPECTED
2023-05-16 00:00:00,2014.411,2018.279,2014.126,2016.899,240,240,0,COMPLETE,
2023-05-16 04:00:00,2016.897,2017.682,2002.404,2010.024,240,240,0,COMPLETE,
2023-05-16 08:00:00,2010.041,2010.27,2005.11,2005.467,240,240,0,COMPLETE,
2023-05-16 12:00:00,2005.472,2014.856,1994.431,1995.946,240,240,0,COMPLETE,
2023-05-16 16:00:00,1995.953,1997.009,1985.414,1989.873,240,240,0,COMPLETE,
2023-05-16 20:00:00,1989.907,1991.142,1988.054,1989.63,177,240,63,EXPECTED_INCOMPLETE,EXPECTED
2023-05-17 00:00:00,1989.633,1992.977,1989.633,1991.3,240,240,0,COMPLETE,
2023-05-17 04:00:00,1991.302,1992.049,1986.539,1987.619,240,240,0,COMPLETE,
2023-05-17 08:00:00,1987.588,1989.063,1983.675,1987.38,240,240,0,COMPLETE,
2023-05-17 12:00:00,1987.39,1987.957,1974.734,1980.39,240,240,0,COMPLETE,
2023-05-17 16:00:00,1980.358,1984.511,1980.094,1982.985,240,240,0,COMPLETE,
2023-05-17 20:00:00,1982.955,1983.552,1980.909,1982.714,177,240,63,EXPECTED_INCOMPLETE,EXPECTED
2023-05-18 00:00:00,1982.717,1985.973,1981.332,1982.274,240,240,0,COMPLETE,
2023-05-18 04:00:00,1982.268,1982.718,1973.356,1974.507,240,240,0,COMPLETE,
2023-05-18 08:00:00,1974.539,1978.856,1972.146,1974.085,240,240,0,COMPLETE,
2023-05-18 12:00:00,1974.088,1975.504,1951.937,1955.988,240,240,0,COMPLETE,
2023-05-18 16:00:00,1956.004,1958.893,1953.938,1957.268,240,240,0,COMPLETE,
2023-05-18 20:00:00,1957.277,1959.151,1956.875,1958.356,177,240,63,EXPECTED_INCOMPLETE,EXPECTED
2023-05-19 00:00:00,1958.364,1963.61,1954.003,1963.297,240,240,0,COMPLETE,
2023-05-19 04:00:00,1963.273,1968.712,1960.617,1966.866,240,240,0,COMPLETE,
2023-05-19 08:00:00,1966.861,1968.199,1962.285,1963.716,240,240,0,COMPLETE,
2023-05-19 12:00:00,1963.696,1984.186,1957.136,1974.746,240,240,0,COMPLETE,
2023-05-19 16:00:00,1974.776,1983.228,1973.093,1976.111,240,240,0,COMPLETE,
2023-05-19 20:00:00,1976.142,1977.776,1975.439,1977.703,58,240,182,EXPECTED_INCOMPLETE,EXPECTED
2023-05-20 00:00:00,,,,,0,240,240,SESSION_CLOSED_EXPECTED,EXPECTED
2023-05-20 04:00:00,,,,,0,240,240,SESSION_CLOSED_EXPECTED,EXPECTED
2023-05-20 08:00:00,,,,,0,240,240,SESSION_CLOSED_EXPECTED,EXPECTED
2023-05-20 12:00:00,,,,,0,240,240,SESSION_CLOSED_EXPECTED,EXPECTED
2023-05-20 16:00:00,,,,,0,240,240,SESSION_CLOSED_EXPECTED,EXPECTED
2023-05-20 20:00:00,,,,,0,240,240,SESSION_CLOSED_EXPECTED,EXPECTED
2023-05-21 00:00:00,,,,,0,240,240,SESSION_CLOSED_EXPECTED,EXPECTED
2023-05-21 04:00:00,,,,,0,240,240,SESSION_CLOSED_EXPECTED,EXPECTED
2023-05-21 08:00:00,,,,,0,240,240,SESSION_CLOSED_EXPECTED,EXPECTED
2023-05-21 12:00:00,,,,,0,240,240,SESSION_CLOSED_EXPECTED,EXPECTED
2023-05-21 16:00:00,,,,,0,240,240,SESSION_CLOSED_EXPECTED,EXPECTED
2023-05-21 20:00:00,1978.005,1981.48,1978.005,1980.829,115,240,125,EXPECTED_INCOMPLETE,EXPECTED
2023-05-22 00:00:00,1980.827,1982.321,1976.283,1977.843,240,240,0,COMPLETE,
2023-05-22 04:00:00,1977.873,1978.744,1971.21,1976.8,240,240,0,COMPLETE,
2023-05-22 08:00:00,1976.783,1982.53,1969.775,1972.935,240,240,0,COMPLETE,
2023-05-22 12:00:00,1972.908,1978.541,1968.84,1972.417,240,240,0,COMPLETE,
2023-05-22 16:00:00,1972.45,1978.87,1971.615,1972.095,240,240,0,COMPLETE,
2023-05-22 20:00:00,1972.065,1972.596,1969.586,1969.784,177,240,63,EXPECTED_INCOMPLETE,EXPECTED
2023-05-23 00:00:00,1969.814,1971.736,1960.22,1962.741,240,240,0,COMPLETE,
2023-05-23 04:00:00,1962.71,1964.548,1955.443,1957.14,240,240,0,COMPLETE,
2023-05-23 08:00:00,1957.173,1961.257,1954.232,1958.835,240,240,0,COMPLETE,
2023-05-23 12:00:00,1958.838,1973.53,1957.699,1967.315,240,240,0,COMPLETE,
2023-05-23 16:00:00,1967.313,1977.739,1966.239,1974.754,240,240,0,COMPLETE,
2023-05-23 20:00:00,1974.787,1977.289,1974.218,1974.98,177,240,63,EXPECTED_INCOMPLETE,EXPECTED
2023-05-24 00:00:00,1975.021,1976.965,1972.735,1976.454,240,240,0,COMPLETE,
2023-05-24 04:00:00,1976.453,1980.562,1970.665,1974.014,240,240,0,COMPLETE,
2023-05-24 08:00:00,1974.044,1981.984,1973.52,1981.856,240,240,0,COMPLETE,
2023-05-24 12:00:00,1981.854,1985.101,1960.252,1962.988,240,240,0,COMPLETE,
2023-05-24 16:00:00,1963.027,1965.236,1956.683,1958.972,240,240,0,COMPLETE,
2023-05-24 20:00:00,1958.959,1961.839,1957.09,1959.752,177,240,63,EXPECTED_INCOMPLETE,EXPECTED
2023-05-25 00:00:00,1959.748,1960.101,1954.925,1957.207,240,240,0,COMPLETE,
2023-05-25 04:00:00,1957.213,1961.33,1954.885,1959.413,240,240,0,COMPLETE,
2023-05-25 08:00:00,1959.421,1964.711,1959.21,1961.926,240,240,0,COMPLETE,
2023-05-25 12:00:00,1961.958,1963.062,1939.229,1945.393,240,240,0,COMPLETE,
2023-05-25 16:00:00,1945.426,1946.908,1938.813,1940.148,240,240,0,COMPLETE,
2023-05-25 20:00:00,1940.153,1943.157,1939.377,1940.515,177,240,63,EXPECTED_INCOMPLETE,EXPECTED
2023-05-26 00:00:00,1940.492,1948.779,1936.576,1948.423,240,240,0,COMPLETE,
2023-05-26 04:00:00,1948.408,1957.219,1946.965,1956.202,240,240,0,COMPLETE,
2023-05-26 08:00:00,1956.172,1956.715,1950.991,1951.445,240,240,0,COMPLETE,
2023-05-26 12:00:00,1951.435,1953.848,1938.741,1943.457,240,240,0,COMPLETE,
2023-05-26 16:00:00,1943.427,1947.566,1942.79,1947.403,240,240,0,COMPLETE,
2023-05-26 20:00:00,1947.434,1947.501,1946.197,1946.834,58,240,182,EXPECTED_INCOMPLETE,EXPECTED
2023-05-27 00:00:00,,,,,0,240,240,SESSION_CLOSED_EXPECTED,EXPECTED
2023-05-27 04:00:00,,,,,0,240,240,SESSION_CLOSED_EXPECTED,EXPECTED
2023-05-27 08:00:00,,,,,0,240,240,SESSION_CLOSED_EXPECTED,EXPECTED
2023-05-27 12:00:00,,,,,0,240,240,SESSION_CLOSED_EXPECTED,EXPECTED
2023-05-27 16:00:00,,,,,0,240,240,SESSION_CLOSED_EXPECTED,EXPECTED
2023-05-27 20:00:00,,,,,0,240,240,SESSION_CLOSED_EXPECTED,EXPECTED
2023-05-28 00:00:00,,,,,0,240,240,SESSION_CLOSED_EXPECTED,EXPECTED
2023-05-28 04:00:00,,,,,0,240,240,SESSION_CLOSED_EXPECTED,EXPECTED
2023-05-28 08:00:00,,,,,0,240,240,SESSION_CLOSED_EXPECTED,EXPECTED
2023-05-28 12:00:00,,,,,0,240,240,SESSION_CLOSED_EXPECTED,EXPECTED
2023-05-28 16:00:00,,,,,0,240,240,SESSION_CLOSED_EXPECTED,EXPECTED
2023-05-28 20:00:00,1943.265,1946.248,1943.227,1943.654,115,240,125,EXPECTED_INCOMPLETE,EXPECTED
2023-05-29 00:00:00,1943.687,1946.165,1940.27,1945.542,240,240,0,COMPLETE,
2023-05-29 04:00:00,1945.547,1948.874,1943.741,1944.176,240,240,0,COMPLETE,
2023-05-29 08:00:00,1944.193,1946.576,1940.781,1946.272,240,240,0,COMPLETE,
2023-05-29 12:00:00,1946.303,1949.718,1944.778,1945.922,240,240,0,COMPLETE,
2023-05-29 16:00:00,1945.882,1945.882,1942.772,1943.627,74,240,166,UNEXPECTED_INCOMPLETE,UNEXPECTED
2023-05-29 20:00:00,1943.445,1944.318,1941.347,1941.683,118,240,122,UNEXPECTED_INCOMPLETE,EXPECTED|UNEXPECTED
2023-05-30 00:00:00,1941.498,1946.602,1939.225,1939.446,240,240,0,COMPLETE,
2023-05-30 04:00:00,1939.424,1942.311,1932.042,1942.311,240,240,0,COMPLETE,
2023-05-30 08:00:00,1942.299,1960.75,1941.677,1960.194,240,240,0,COMPLETE,
2023-05-30 12:00:00,1960.17,1962.253,1950.577,1962.071,240,240,0,COMPLETE,
2023-05-30 16:00:00,1962.101,1963.479,1957.703,1960.13,240,240,0,COMPLETE,
2023-05-30 20:00:00,1960.098,1960.098,1957.99,1958.535,177,240,63,EXPECTED_INCOMPLETE,EXPECTED
2023-05-31 00:00:00,1958.544,1960.452,1953.625,1958.052,240,240,0,COMPLETE,
2023-05-31 04:00:00,1958.051,1965.186,1955.735,1956.067,240,240,0,COMPLETE,
2023-05-31 08:00:00,1956.092,1960.772,1954.843,1960.324,240,240,0,COMPLETE,
2023-05-31 12:00:00,1960.321,1974.676,1959.932,1968.581,240,240,0,COMPLETE,
2023-05-31 16:00:00,1968.551,1969.179,1962.654,1963.061,240,240,0,COMPLETE,
2023-05-31 20:00:00,1963.094,1966.961,1962.378,1966.244,177,240,63,EXPECTED_INCOMPLETE,EXPECTED
2023-06-01 00:00:00,1966.275,1967.446,1961.996,1964.178,240,240,0,COMPLETE,
2023-06-01 04:00:00,1964.194,1965.808,1955.08,1955.523,240,240,0,COMPLETE,
2023-06-01 08:00:00,1955.535,1968.368,1953.338,1967.861,240,240,0,COMPLETE,
2023-06-01 12:00:00,1967.828,1983.049,1958.663,1982.054,240,240,0,COMPLETE,
2023-06-01 16:00:00,1982.086,1982.624,1975.635,1978.068,240,240,0,COMPLETE,
2023-06-01 20:00:00,1978.101,1978.316,1975.886,1977.03,177,240,63,EXPECTED_INCOMPLETE,EXPECTED
2023-06-02 00:00:00,1977.033,1983.332,1974.015,1982.473,240,240,0,COMPLETE,
2023-06-02 04:00:00,1982.47,1982.84,1975.784,1975.951,240,240,0,COMPLETE,
2023-06-02 08:00:00,1975.933,1981.106,1974.956,1978.772,240,240,0,COMPLETE,
2023-06-02 12:00:00,1978.802,1980.174,1960.987,1962.042,240,240,0,COMPLETE,
2023-06-02 16:00:00,1962.012,1962.178,1948.066,1948.621,240,240,0,COMPLETE,
2023-06-02 20:00:00,1948.584,1948.935,1947.58,1947.992,58,240,182,EXPECTED_INCOMPLETE,EXPECTED
2023-06-03 00:00:00,,,,,0,240,240,SESSION_CLOSED_EXPECTED,EXPECTED
2023-06-03 04:00:00,,,,,0,240,240,SESSION_CLOSED_EXPECTED,EXPECTED
2023-06-03 08:00:00,,,,,0,240,240,SESSION_CLOSED_EXPECTED,EXPECTED
2023-06-03 12:00:00,,,,,0,240,240,SESSION_CLOSED_EXPECTED,EXPECTED
2023-06-03 16:00:00,,,,,0,240,240,SESSION_CLOSED_EXPECTED,EXPECTED
2023-06-03 20:00:00,,,,,0,240,240,SESSION_CLOSED_EXPECTED,EXPECTED
2023-06-04 00:00:00,,,,,0,240,240,SESSION_CLOSED_EXPECTED,EXPECTED
2023-06-04 04:00:00,,,,,0,240,240,SESSION_CLOSED_EXPECTED,EXPECTED
2023-06-04 08:00:00,,,,,0,240,240,SESSION_CLOSED_EXPECTED,EXPECTED
2023-06-04 12:00:00,,,,,0,240,240,SESSION_CLOSED_EXPECTED,EXPECTED
2023-06-04 16:00:00,,,,,0,240,240,SESSION_CLOSED_EXPECTED,EXPECTED
2023-06-04 20:00:00,1947.366,1950.096,1947.297,1949.33,115,240,125,EXPECTED_INCOMPLETE,EXPECTED
2023-06-05 00:00:00,1949.344,1949.466,1943.824,1947.086,240,240,0,COMPLETE,
2023-06-05 04:00:00,1947.085,1947.338,1938.476,1939.893,240,240,0,COMPLETE,
2023-06-05 08:00:00,1939.842,1945.869,1938.341,1942.222,240,240,0,COMPLETE,
2023-06-05 12:00:00,1942.252,1961.909,1938.048,1958.108,240,240,0,COMPLETE,
2023-06-05 16:00:00,1958.144,1964.003,1957.066,1961.029,240,240,0,COMPLETE,
2023-06-05 20:00:00,1961.066,1963.119,1960.628,1961.224,177,240,63,EXPECTED_INCOMPLETE,EXPECTED
2023-06-06 00:00:00,1961.231,1964.359,1959.007,1959.199,240,240,0,COMPLETE,
2023-06-06 04:00:00,1959.196,1962.714,1956.846,1957.491,240,240,0,COMPLETE,
2023-06-06 08:00:00,1957.513,1964.896,1957.242,1962.727,240,240,0,COMPLETE,
2023-06-06 12:00:00,1962.733,1966.376,1954.345,1963.429,240,240,0,COMPLETE,
2023-06-06 16:00:00,1963.432,1966.288,1961.019,1962.84,240,240,0,COMPLETE,
2023-06-06 20:00:00,1962.871,1964.504,1962.45,1963.345,177,240,63,EXPECTED_INCOMPLETE,EXPECTED
2023-06-07 00:00:00,1963.315,1966.724,1962.905,1963.351,240,240,0,COMPLETE,
2023-06-07 04:00:00,1963.348,1964.989,1954.753,1956.108,240,240,0,COMPLETE,
2023-06-07 08:00:00,1956.088,1966.378,1955.702,1961.255,240,240,0,COMPLETE,
2023-06-07 12:00:00,1961.223,1970.123,1946.404,1947.117,240,240,0,COMPLETE,
2023-06-07 16:00:00,1947.148,1947.653,1939.997,1940.077,240,240,0,COMPLETE,
2023-06-07 20:00:00,1940.044,1945.278,1939.839,1944.436,177,240,63,EXPECTED_INCOMPLETE,EXPECTED
2023-06-08 00:00:00,1944.433,1947.036,1944.24,1946.265,240,240,0,COMPLETE,
2023-06-08 04:00:00,1946.29,1948.27,1942.764,1947.268,240,240,0,COMPLETE,
2023-06-08 08:00:00,1947.238,1949.053,1944.902,1946.582,240,240,0,COMPLETE,
2023-06-08 12:00:00,1946.619,1970.507,1946.2,1966.789,240,240,0,COMPLETE,
2023-06-08 16:00:00,1966.819,1969.188,1961.713,1964.946,240,240,0,COMPLETE,
2023-06-08 20:00:00,1964.98,1966.354,1964.837,1965.316,177,240,63,EXPECTED_INCOMPLETE,EXPECTED
2023-06-09 00:00:00,1965.313,1965.702,1963.176,1963.777,240,240,0,COMPLETE,
2023-06-09 04:00:00,1963.776,1966.032,1962.358,1963.135,240,240,0,COMPLETE,
2023-06-09 08:00:00,1963.105,1966.877,1960.653,1966.443,240,240,0,COMPLETE,
2023-06-09 12:00:00,1966.438,1972.771,1956.58,1962.152,240,240,0,COMPLETE,
2023-06-09 16:00:00,1962.119,1962.78,1959.6,1960.134,240,240,0,COMPLETE,
2023-06-09 20:00:00,1960.166,1961.097,1960.039,1960.64,58,240,182,EXPECTED_INCOMPLETE,EXPECTED
2023-06-10 00:00:00,,,,,0,240,240,SESSION_CLOSED_EXPECTED,EXPECTED
2023-06-10 04:00:00,,,,,0,240,240,SESSION_CLOSED_EXPECTED,EXPECTED
2023-06-10 08:00:00,,,,,0,240,240,SESSION_CLOSED_EXPECTED,EXPECTED
2023-06-10 12:00:00,,,,,0,240,240,SESSION_CLOSED_EXPECTED,EXPECTED
2023-06-10 16:00:00,,,,,0,240,240,SESSION_CLOSED_EXPECTED,EXPECTED
2023-06-10 20:00:00,,,,,0,240,240,SESSION_CLOSED_EXPECTED,EXPECTED
2023-06-11 00:00:00,,,,,0,240,240,SESSION_CLOSED_EXPECTED,EXPECTED
2023-06-11 04:00:00,,,,,0,240,240,SESSION_CLOSED_EXPECTED,EXPECTED
2023-06-11 08:00:00,,,,,0,240,240,SESSION_CLOSED_EXPECTED,EXPECTED
2023-06-11 12:00:00,,,,,0,240,240,SESSION_CLOSED_EXPECTED,EXPECTED
2023-06-11 16:00:00,,,,,0,240,240,SESSION_CLOSED_EXPECTED,EXPECTED
2023-06-11 20:00:00,1959.592,1960.497,1958.014,1959.933,115,240,125,EXPECTED_INCOMPLETE,EXPECTED
2023-06-12 00:00:00,1959.941,1960.427,1954.226,1958.44,240,240,0,COMPLETE,
2023-06-12 04:00:00,1958.416,1962.069,1956.542,1960.59,240,240,0,COMPLETE,
2023-06-12 08:00:00,1960.558,1966.889,1960.187,1963.92,240,240,0,COMPLETE,
2023-06-12 12:00:00,1963.921,1965.897,1949.168,1955.393,240,240,0,COMPLETE,
2023-06-12 16:00:00,1955.361,1958.706,1953.073,1957.942,240,240,0,COMPLETE,
2023-06-12 20:00:00,1957.974,1960.551,1956.744,1959.94,177,240,63,EXPECTED_INCOMPLETE,EXPECTED
2023-06-13 00:00:00,1959.953,1962.066,1955.9,1961.996,240,240,0,COMPLETE,
2023-06-13 04:00:00,1962.006,1965.344,1958.233,1962.233,240,240,0,COMPLETE,
2023-06-13 08:00:00,1962.202,1966.178,1961.448,1963.75,240,240,0,COMPLETE,
2023-06-13 12:00:00,1963.736,1970.599,1941.884,1943.096,240,240,0,COMPLETE,
2023-06-13 16:00:00,1943.086,1947.049,1939.975,1943.482,240,240,0,COMPLETE,
2023-06-13 20:00:00,1943.446,1945.051,1942.089,1943.884,177,240,63,EXPECTED_INCOMPLETE,EXPECTED
2023-06-14 00:00:00,1943.891,1949.352,1942.733,1949.249,240,240,0,COMPLETE,
2023-06-14 04:00:00,1949.275,1951.496,1945.204,1949.585,240,240,0,COMPLETE,
2023-06-14 08:00:00,1949.563,1952.845,1945.774,1946.948,240,240,0,COMPLETE,
2023-06-14 12:00:00,1946.952,1960.058,1946.412,1955.908,240,240,0,COMPLETE,
2023-06-14 16:00:00,1955.939,1957.393,1939.93,1944.901,240,240,0,COMPLETE,
2023-06-14 20:00:00,1944.936,1946.094,1939.673,1945.188,177,240,63,EXPECTED_INCOMPLETE,EXPECTED
2023-06-15 00:00:00,1945.146,1945.228,1932.177,1934.81,240,240,0,COMPLETE,
2023-06-15 04:00:00,1934.839,1939.614,1928.867,1933.516,240,240,0,COMPLETE,
2023-06-15 08:00:00,1933.493,1936.708,1927.793,1928.479,240,240,0,COMPLETE,
2023-06-15 12:00:00,1928.449,1959.728,1924.838,1956.51,240,240,0,COMPLETE,
2023-06-15 16:00:00,1956.541,1960.194,1956.541,1958.604,240,240,0,COMPLETE,
2023-06-15 20:00:00,1958.634,1959.201,1957.215,1958.223,177,240,63,EXPECTED_INCOMPLETE,EXPECTED
2023-06-16 00:00:00,1958.202,1961.982,1955.137,1956.613,240,240,0,COMPLETE,
2023-06-16 04:00:00,1956.617,1963.218,1954.629,1961.563,240,240,0,COMPLETE,
2023-06-16 08:00:00,1961.594,1966.498,1959.966,1965.583,240,240,0,COMPLETE,
2023-06-16 12:00:00,1965.614,1967.848,1953.188,1956.229,240,240,0,COMPLETE,
2023-06-16 16:00:00,1956.196,1959.666,1953.908,1955.391,240,240,0,COMPLETE,
2023-06-16 20:00:00,1955.359,1958.211,1955.321,1957.441,58,240,182,EXPECTED_INCOMPLETE,EXPECTED
2023-06-17 00:00:00,,,,,0,240,240,SESSION_CLOSED_EXPECTED,EXPECTED
2023-06-17 04:00:00,,,,,0,240,240,SESSION_CLOSED_EXPECTED,EXPECTED
2023-06-17 08:00:00,,,,,0,240,240,SESSION_CLOSED_EXPECTED,EXPECTED
2023-06-17 12:00:00,,,,,0,240,240,SESSION_CLOSED_EXPECTED,EXPECTED
2023-06-17 16:00:00,,,,,0,240,240,SESSION_CLOSED_EXPECTED,EXPECTED
2023-06-17 20:00:00,,,,,0,240,240,SESSION_CLOSED_EXPECTED,EXPECTED
2023-06-18 00:00:00,,,,,0,240,240,SESSION_CLOSED_EXPECTED,EXPECTED
2023-06-18 04:00:00,,,,,0,240,240,SESSION_CLOSED_EXPECTED,EXPECTED
2023-06-18 08:00:00,,,,,0,240,240,SESSION_CLOSED_EXPECTED,EXPECTED
2023-06-18 12:00:00,,,,,0,240,240,SESSION_CLOSED_EXPECTED,EXPECTED
2023-06-18 16:00:00,,,,,0,240,240,SESSION_CLOSED_EXPECTED,EXPECTED
2023-06-18 20:00:00,1958.5,1958.561,1956.235,1957.038,115,240,125,EXPECTED_INCOMPLETE,EXPECTED
2023-06-19 00:00:00,1957.046,1958.662,1953.977,1955.659,240,240,0,COMPLETE,
2023-06-19 04:00:00,1955.627,1957.461,1952.687,1955.063,240,240,0,COMPLETE,
2023-06-19 08:00:00,1955.032,1958.711,1948.288,1948.445,240,240,0,COMPLETE,
2023-06-19 12:00:00,1948.478,1953.421,1947.734,1950.64,240,240,0,COMPLETE,
2023-06-19 16:00:00,1950.643,1951.858,1949.723,1949.958,74,240,166,UNEXPECTED_INCOMPLETE,UNEXPECTED
2023-06-19 20:00:00,1950.701,1954.171,1950.641,1952.197,118,240,122,UNEXPECTED_INCOMPLETE,EXPECTED|UNEXPECTED
2023-06-20 00:00:00,1952.383,1952.95,1944.892,1950.173,240,240,0,COMPLETE,
2023-06-20 04:00:00,1950.176,1956.727,1946.882,1954.899,240,240,0,COMPLETE,
2023-06-20 08:00:00,1954.859,1955.531,1949.898,1951.29,240,240,0,COMPLETE,
2023-06-20 12:00:00,1951.32,1954.503,1929.734,1935.074,240,240,0,COMPLETE,
2023-06-20 16:00:00,1935.108,1938.68,1934.137,1936.07,240,240,0,COMPLETE,
2023-06-20 20:00:00,1936.106,1938.802,1935.419,1937.231,177,240,63,EXPECTED_INCOMPLETE,EXPECTED
2023-06-21 00:00:00,1937.225,1939.431,1935.341,1937.01,240,240,0,COMPLETE,
2023-06-21 04:00:00,1937.027,1937.337,1931.177,1934.938,240,240,0,COMPLETE,
2023-06-21 08:00:00,1934.939,1935.865,1932.083,1934.529,240,240,0,COMPLETE,
2023-06-21 12:00:00,1934.498,1935.283,1918.898,1932.25,240,240,0,COMPLETE,
2023-06-21 16:00:00,1932.216,1937.549,1930.355,1933.383,240,240,0,COMPLETE,
2023-06-21 20:00:00,1933.406,1934.861,1931.929,1933.839,177,240,63,EXPECTED_INCOMPLETE,EXPECTED
2023-06-22 00:00:00,1933.838,1934.198,1931.484,1932.549,240,240,0,COMPLETE,
2023-06-22 04:00:00,1932.523,1933.023,1927.025,1929.928,240,240,0,COMPLETE,
2023-06-22 08:00:00,1929.898,1931.382,1924.879,1927.321,240,240,0,COMPLETE,
2023-06-22 12:00:00,1927.306,1930.948,1912.757,1913.412,240,240,0,COMPLETE,
2023-06-22 16:00:00,1913.378,1917.696,1913.0,1913.845,240,240,0,COMPLETE,
2023-06-22 20:00:00,1913.81,1914.923,1912.355,1914.439,177,240,63,EXPECTED_INCOMPLETE,EXPECTED
2023-06-23 00:00:00,1914.439,1916.031,1910.091,1912.356,240,240,0,COMPLETE,
2023-06-23 04:00:00,1912.349,1918.893,1912.07,1917.996,240,240,0,COMPLETE,
2023-06-23 08:00:00,1918.045,1920.589,1916.567,1919.123,240,240,0,COMPLETE,
2023-06-23 12:00:00,1919.13,1937.231,1918.814,1920.996,240,240,0,COMPLETE,
2023-06-23 16:00:00,1921.006,1922.302,1917.865,1919.065,240,240,0,COMPLETE,
2023-06-23 20:00:00,1919.034,1921.682,1918.937,1921.192,58,240,182,EXPECTED_INCOMPLETE,EXPECTED
2023-06-24 00:00:00,,,,,0,240,240,SESSION_CLOSED_EXPECTED,EXPECTED
2023-06-24 04:00:00,,,,,0,240,240,SESSION_CLOSED_EXPECTED,EXPECTED
2023-06-24 08:00:00,,,,,0,240,240,SESSION_CLOSED_EXPECTED,EXPECTED
2023-06-24 12:00:00,,,,,0,240,240,SESSION_CLOSED_EXPECTED,EXPECTED
2023-06-24 16:00:00,,,,,0,240,240,SESSION_CLOSED_EXPECTED,EXPECTED
2023-06-24 20:00:00,,,,,0,240,240,SESSION_CLOSED_EXPECTED,EXPECTED
2023-06-25 00:00:00,,,,,0,240,240,SESSION_CLOSED_EXPECTED,EXPECTED
2023-06-25 04:00:00,,,,,0,240,240,SESSION_CLOSED_EXPECTED,EXPECTED
2023-06-25 08:00:00,,,,,0,240,240,SESSION_CLOSED_EXPECTED,EXPECTED
2023-06-25 12:00:00,,,,,0,240,240,SESSION_CLOSED_EXPECTED,EXPECTED
2023-06-25 16:00:00,,,,,0,240,240,SESSION_CLOSED_EXPECTED,EXPECTED
2023-06-25 20:00:00,1922.951,1925.402,1922.682,1925.294,115,240,125,EXPECTED_INCOMPLETE,EXPECTED
2023-06-26 00:00:00,1925.293,1928.47,1924.059,1925.461,240,240,0,COMPLETE,
2023-06-26 04:00:00,1925.462,1929.074,1922.125,1928.869,240,240,0,COMPLETE,
2023-06-26 08:00:00,1928.869,1933.28,1928.857,1931.345,240,240,0,COMPLETE,
2023-06-26 12:00:00,1931.347,1933.051,1921.419,1925.644,240,240,0,COMPLETE,
2023-06-26 16:00:00,1925.675,1926.502,1922.344,1922.819,240,240,0,COMPLETE,
2023-06-26 20:00:00,1922.78,1924.656,1920.902,1922.485,177,240,63,EXPECTED_INCOMPLETE,EXPECTED
2023-06-27 00:00:00,1922.501,1930.207,1921.659,1928.414,240,240,0,COMPLETE,
2023-06-27 04:00:00,1928.408,1929.647,1924.155,1928.152,240,240,0,COMPLETE,
2023-06-27 08:00:00,1928.152,1928.59,1919.495,1923.09,240,240,0,COMPLETE,
2023-06-27 12:00:00,1923.068,1930.639,1911.423,1913.461,240,240,0,COMPLETE,
2023-06-27 16:00:00,1913.444,1916.497,1910.8,1913.686,240,240,0,COMPLETE,
2023-06-27 20:00:00,1913.716,1915.779,1912.915,1915.385,177,240,63,EXPECTED_INCOMPLETE,EXPECTED
2023-06-28 00:00:00,1915.389,1917.174,1913.445,1915.176,240,240,0,COMPLETE,
2023-06-28 04:00:00,1915.176,1916.741,1908.997,1910.891,240,240,0,COMPLETE,
2023-06-28 08:00:00,1910.89,1911.901,1905.571,1907.12,240,240,0,COMPLETE,
2023-06-28 12:00:00,1907.121,1913.263,1902.74,1910.823,240,240,0,COMPLETE,
2023-06-28 16:00:00,1910.792,1913.334,1909.161,1909.243,240,240,0,COMPLETE,
2023-06-28 20:00:00,1909.208,1910.706,1906.774,1909.681,177,240,63,EXPECTED_INCOMPLETE,EXPECTED
2023-06-29 00:00:00,1909.712,1912.779,1902.729,1905.418,240,240,0,COMPLETE,
2023-06-29 04:00:00,1905.387,1907.308,1902.51,1905.661,240,240,0,COMPLETE,
2023-06-29 08:00:00,1905.693,1910.968,1903.886,1910.002,240,240,0,COMPLETE,
2023-06-29 12:00:00,1910.007,1913.047,1892.9,1908.94,240,240,0,COMPLETE,
2023-06-29 16:00:00,1908.916,1910.73,1906.208,1907.602,240,240,0,COMPLETE,
2023-06-29 20:00:00,1907.571,1908.935,1907.08,1908.661,177,240,63,EXPECTED_INCOMPLETE,EXPECTED
2023-06-30 00:00:00,1908.692,1909.687,1907.079,1908.252,240,240,0,COMPLETE,
2023-06-30 04:00:00,1908.254,1909.862,1903.73,1905.245,240,240,0,COMPLETE,
2023-06-30 08:00:00,1905.219,1906.604,1900.502,1905.239,240,240,0,COMPLETE,
2023-06-30 12:00:00,1905.272,1919.359,1904.593,1918.98,240,240,0,COMPLETE,
2023-06-30 16:00:00,1918.995,1922.693,1917.426,1920.043,240,240,0,COMPLETE,
2023-06-30 20:00:00,1920.011,1920.1,1918.098,1919.333,58,240,182,EXPECTED_INCOMPLETE,EXPECTED
2023-07-01 00:00:00,,,,,0,240,240,SESSION_CLOSED_EXPECTED,EXPECTED
2023-07-01 04:00:00,,,,,0,240,240,SESSION_CLOSED_EXPECTED,EXPECTED
2023-07-01 08:00:00,,,,,0,240,240,SESSION_CLOSED_EXPECTED,EXPECTED
2023-07-01 12:00:00,,,,,0,240,240,SESSION_CLOSED_EXPECTED,EXPECTED
2023-07-01 16:00:00,,,,,0,240,240,SESSION_CLOSED_EXPECTED,EXPECTED
2023-07-01 20:00:00,,,,,0,240,240,SESSION_CLOSED_EXPECTED,EXPECTED
2023-07-02 00:00:00,,,,,0,240,240,SESSION_CLOSED_EXPECTED,EXPECTED
2023-07-02 04:00:00,,,,,0,240,240,SESSION_CLOSED_EXPECTED,EXPECTED
2023-07-02 08:00:00,,,,,0,240,240,SESSION_CLOSED_EXPECTED,EXPECTED
2023-07-02 12:00:00,,,,,0,240,240,SESSION_CLOSED_EXPECTED,EXPECTED
2023-07-02 16:00:00,,,,,0,240,240,SESSION_CLOSED_EXPECTED,EXPECTED
2023-07-02 20:00:00,1918.499,1919.596,1917.464,1918.169,115,240,125,EXPECTED_INCOMPLETE,EXPECTED
2023-07-03 00:00:00,1918.164,1919.006,1914.606,1918.307,240,240,0,COMPLETE,
2023-07-03 04:00:00,1918.338,1920.582,1912.068,1912.131,240,240,0,COMPLETE,
2023-07-03 08:00:00,1912.155,1914.319,1910.006,1912.506,240,240,0,COMPLETE,
2023-07-03 12:00:00,1912.509,1930.872,1911.59,1926.565,240,240,0,COMPLETE,
2023-07-03 16:00:00,1926.563,1926.648,1920.565,1921.309,240,240,0,COMPLETE,
2023-07-03 20:00:00,1921.307,1921.652,1919.665,1921.181,177,240,63,EXPECTED_INCOMPLETE,EXPECTED
2023-07-04 00:00:00,1921.18,1923.451,1920.024,1922.912,240,240,0,COMPLETE,
2023-07-04 04:00:00,1922.918,1928.399,1922.693,1927.978,240,240,0,COMPLETE,
2023-07-04 08:00:00,1927.977,1930.645,1925.678,1928.474,240,240,0,COMPLETE,
2023-07-04 12:00:00,1928.477,1930.268,1926.099,1926.993,240,240,0,COMPLETE,
2023-07-04 16:00:00,1926.993,1927.135,1923.958,1924.993,134,240,106,UNEXPECTED_INCOMPLETE,UNEXPECTED
2023-07-04 20:00:00,1925.509,1929.313,1924.84,1926.176,118,240,122,UNEXPECTED_INCOMPLETE,EXPECTED|UNEXPECTED
2023-07-05 00:00:00,1926.247,1927.058,1923.145,1924.359,240,240,0,COMPLETE,
2023-07-05 04:00:00,1924.358,1927.713,1920.809,1927.415,240,240,0,COMPLETE,
2023-07-05 08:00:00,1927.384,1929.556,1925.148,1927.471,240,240,0,COMPLETE,
2023-07-05 12:00:00,1927.468,1934.967,1918.985,1923.173,240,240,0,COMPLETE,
2023-07-05 16:00:00,1923.172,1924.734,1915.127,1915.799,240,240,0,COMPLETE,
2023-07-05 20:00:00,1915.763,1917.869,1914.765,1916.772,177,240,63,EXPECTED_INCOMPLETE,EXPECTED
2023-07-06 00:00:00,1916.784,1919.696,1916.06,1918.108,240,240,0,COMPLETE,
2023-07-06 04:00:00,1918.113,1921.445,1916.9,1918.876,240,240,0,COMPLETE,
2023-07-06 08:00:00,1918.91,1927.408,1916.104,1926.585,240,240,0,COMPLETE,
2023-07-06 12:00:00,1926.586,1927.548,1902.618,1911.45,240,240,0,COMPLETE,
2023-07-06 16:00:00,1911.472,1912.346,1908.864,1910.161,240,240,0,COMPLETE,
2023-07-06 20:00:00,1910.192,1912.189,1909.567,1911.516,177,240,63,EXPECTED_INCOMPLETE,EXPECTED
2023-07-07 00:00:00,1911.543,1912.391,1909.625,1911.094,240,240,0,COMPLETE,
2023-07-07 04:00:00,1911.091,1916.421,1910.212,1914.538,240,240,0,COMPLETE,
2023-07-07 08:00:00,1914.568,1918.302,1913.291,1917.483,240,240,0,COMPLETE,
2023-07-07 12:00:00,1917.515,1934.845,1914.251,1927.57,240,240,0,COMPLETE,
2023-07-07 16:00:00,1927.539,1929.297,1924.596,1924.608,240,240,0,COMPLETE,
2023-07-07 20:00:00,1924.642,1925.41,1924.216,1925.339,58,240,182,EXPECTED_INCOMPLETE,EXPECTED
2023-07-08 00:00:00,,,,,0,240,240,SESSION_CLOSED_EXPECTED,EXPECTED
2023-07-08 04:00:00,,,,,0,240,240,SESSION_CLOSED_EXPECTED,EXPECTED
2023-07-08 08:00:00,,,,,0,240,240,SESSION_CLOSED_EXPECTED,EXPECTED
2023-07-08 12:00:00,,,,,0,240,240,SESSION_CLOSED_EXPECTED,EXPECTED
2023-07-08 16:00:00,,,,,0,240,240,SESSION_CLOSED_EXPECTED,EXPECTED
2023-07-08 20:00:00,,,,,0,240,240,SESSION_CLOSED_EXPECTED,EXPECTED
2023-07-09 00:00:00,,,,,0,240,240,SESSION_CLOSED_EXPECTED,EXPECTED
2023-07-09 04:00:00,,,,,0,240,240,SESSION_CLOSED_EXPECTED,EXPECTED
2023-07-09 08:00:00,,,,,0,240,240,SESSION_CLOSED_EXPECTED,EXPECTED
2023-07-09 12:00:00,,,,,0,240,240,SESSION_CLOSED_EXPECTED,EXPECTED
2023-07-09 16:00:00,,,,,0,240,240,SESSION_CLOSED_EXPECTED,EXPECTED
2023-07-09 20:00:00,1925.288,1928.14,1923.842,1924.848,115,240,125,EXPECTED_INCOMPLETE,EXPECTED
2023-07-10 00:00:00,1924.858,1926.88,1922.512,1923.84,240,240,0,COMPLETE,
2023-07-10 04:00:00,1923.837,1925.658,1919.318,1924.845,240,240,0,COMPLETE,
2023-07-10 08:00:00,1924.843,1926.183,1922.641,1924.621,240,240,0,COMPLETE,
2023-07-10 12:00:00,1924.652,1924.972,1912.329,1923.522,240,240,0,COMPLETE,
2023-07-10 16:00:00,1923.513,1926.794,1922.65,1925.798,240,240,0,COMPLETE,
2023-07-10 20:00:00,1925.766,1925.873,1924.362,1924.821,177,240,63,EXPECTED_INCOMPLETE,EXPECTED
2023-07-11 00:00:00,1924.822,1928.891,1924.406,1926.616,240,240,0,COMPLETE,
2023-07-11 04:00:00,1926.621,1937.902,1926.355,1932.222,240,240,0,COMPLETE,
2023-07-11 08:00:00,1932.228,1938.404,1931.936,1936.266,240,240,0,COMPLETE,
2023-07-11 12:00:00,1936.235,1936.442,1929.412,1931.048,240,240,0,COMPLETE,
2023-07-11 16:00:00,1931.017,1932.777,1929.306,1932.473,240,240,0,COMPLETE,
2023-07-11 20:00:00,1932.462,1933.761,1931.574,1933.24,177,240,63,EXPECTED_INCOMPLETE,EXPECTED
2023-07-12 00:00:00,1933.244,1940.93,1933.171,1938.494,240,240,0,COMPLETE,
2023-07-12 04:00:00,1938.493,1940.178,1933.836,1934.641,240,240,0,COMPLETE,
2023-07-12 08:00:00,1934.641,1936.386,1933.47,1934.628,240,240,0,COMPLETE,
2023-07-12 12:00:00,1934.624,1958.247,1933.528,1955.661,240,240,0,COMPLETE,
2023-07-12 16:00:00,1955.63,1959.618,1955.349,1958.686,240,240,0,COMPLETE,
2023-07-12 20:00:00,1958.662,1958.686,1956.886,1957.713,177,240,63,EXPECTED_INCOMPLETE,EXPECTED
2023-07-13 00:00:00,1957.714,1961.607,1956.317,1960.268,240,240,0,COMPLETE,
2023-07-13 04:00:00,1960.276,1963.302,1955.23,1961.745,240,240,0,COMPLETE,
2023-07-13 08:00:00,1961.766,1962.689,1957.916,1959.868,240,240,0,COMPLETE,
2023-07-13 12:00:00,1959.868,1963.276,1952.344,1954.943,240,240,0,COMPLETE,
2023-07-13 16:00:00,1954.974,1960.765,1954.744,1959.986,240,240,0,COMPLETE,
2023-07-13 20:00:00,1960.024,1961.818,1959.82,1960.134,177,240,63,EXPECTED_INCOMPLETE,EXPECTED
2023-07-14 00:00:00,1960.124,1963.671,1958.324,1962.545,240,240,0,COMPLETE,
2023-07-14 04:00:00,1962.547,1962.547,1954.271,1956.849,240,240,0,COMPLETE,
2023-07-14 08:00:00,1956.819,1960.003,1955.149,1959.225,240,240,0,COMPLETE,
2023-07-14 12:00:00,1959.233,1962.711,1950.841,1958.074,240,240,0,COMPLETE,
2023-07-14 16:00:00,1958.078,1960.984,1954.277,1954.277,240,240,0,COMPLETE,
2023-07-14 20:00:00,1954.308,1955.64,1954.277,1955.223,58,240,182,EXPECTED_INCOMPLETE,EXPECTED
2023-07-15 00:00:00,,,,,0,240,240,SESSION_CLOSED_EXPECTED,EXPECTED
2023-07-15 04:00:00,,,,,0,240,240,SESSION_CLOSED_EXPECTED,EXPECTED
2023-07-15 08:00:00,,,,,0,240,240,SESSION_CLOSED_EXPECTED,EXPECTED
2023-07-15 12:00:00,,,,,0,240,240,SESSION_CLOSED_EXPECTED,EXPECTED
2023-07-15 16:00:00,,,,,0,240,240,SESSION_CLOSED_EXPECTED,EXPECTED
2023-07-15 20:00:00,,,,,0,240,240,SESSION_CLOSED_EXPECTED,EXPECTED
2023-07-16 00:00:00,,,,,0,240,240,SESSION_CLOSED_EXPECTED,EXPECTED
2023-07-16 04:00:00,,,,,0,240,240,SESSION_CLOSED_EXPECTED,EXPECTED
2023-07-16 08:00:00,,,,,0,240,240,SESSION_CLOSED_EXPECTED,EXPECTED
2023-07-16 12:00:00,,,,,0,240,240,SESSION_CLOSED_EXPECTED,EXPECTED
2023-07-16 16:00:00,,,,,0,240,240,SESSION_CLOSED_EXPECTED,EXPECTED
2023-07-16 20:00:00,1954.975,1954.975,1951.354,1953.281,115,240,125,EXPECTED_INCOMPLETE,EXPECTED
2023-07-17 00:00:00,1953.281,1955.909,1950.881,1952.055,240,240,0,COMPLETE,
2023-07-17 04:00:00,1952.056,1956.8,1950.502,1952.254,240,240,0,COMPLETE,
2023-07-17 08:00:00,1952.224,1959.801,1951.902,1957.602,240,240,0,COMPLETE,
2023-07-17 12:00:00,1957.577,1959.377,1945.753,1954.585,240,240,0,COMPLETE,
2023-07-17 16:00:00,1954.617,1956.31,1952.436,1955.334,240,240,0,COMPLETE,
2023-07-17 20:00:00,1955.3,1956.253,1954.346,1955.398,177,240,63,EXPECTED_INCOMPLETE,EXPECTED
2023-07-18 00:00:00,1955.396,1960.576,1954.677,1959.764,240,240,0,COMPLETE,
2023-07-18 04:00:00,1959.762,1964.019,1957.732,1961.479,240,240,0,COMPLETE,
2023-07-18 08:00:00,1961.482,1971.898,1960.518,1962.989,240,240,0,COMPLETE,
2023-07-18 12:00:00,1963.019,1984.251,1960.703,1978.084,240,240,0,COMPLETE,
2023-07-18 16:00:00,1978.089,1981.438,1974.965,1977.719,240,240,0,COMPLETE,
2023-07-18 20:00:00,1977.696,1979.126,1976.733,1977.481,177,240,63,EXPECTED_INCOMPLETE,EXPECTED
2023-07-19 00:00:00,1977.464,1978.459,1974.409,1975.443,240,240,0,COMPLETE,
2023-07-19 04:00:00,1975.444,1980.859,1972.971,1977.929,240,240,0,COMPLETE,
2023-07-19 08:00:00,1977.912,1979.064,1971.518,1973.704,240,240,0,COMPLETE,
2023-07-19 12:00:00,1973.723,1979.822,1969.742,1973.806,240,240,0,COMPLETE,
2023-07-19 16:00:00,1973.803,1978.861,1972.049,1978.439,240,240,0,COMPLETE,
2023-07-19 20:00:00,1978.434,1978.877,1975.4,1977.683,177,240,63,EXPECTED_INCOMPLETE,EXPECTED
2023-07-20 00:00:00,1977.661,1987.421,1977.299,1985.174,240,240,0,COMPLETE,
2023-07-20 04:00:00,1985.176,1985.448,1977.811,1979.155,240,240,0,COMPLETE,
2023-07-20 08:00:00,1979.134,1983.809,1978.141,1981.407,240,240,0,COMPLETE,
2023-07-20 12:00:00,1981.408,1981.544,1965.558,1968.609,240,240,0,COMPLETE,
2023-07-20 16:00:00,1968.604,1971.423,1965.32,1968.712,240,240,0,COMPLETE,
2023-07-20 20:00:00,1968.681,1972.82,1968.435,1972.197,177,240,63,EXPECTED_INCOMPLETE,EXPECTED
2023-07-21 00:00:00,1972.227,1973.735,1969.85,1970.234,240,240,0,COMPLETE,
2023-07-21 04:00:00,1970.21,1972.141,1964.156,1964.258,240,240,0,COMPLETE,
2023-07-21 08:00:00,1964.258,1966.745,1961.056,1965.74,240,240,0,COMPLETE,
2023-07-21 12:00:00,1965.715,1968.069,1956.605,1960.257,240,240,0,COMPLETE,
2023-07-21 16:00:00,1960.222,1964.806,1960.154,1962.445,240,240,0,COMPLETE,
2023-07-21 20:00:00,1962.477,1962.627,1961.463,1961.851,58,240,182,EXPECTED_INCOMPLETE,EXPECTED
2023-07-22 00:00:00,,,,,0,240,240,SESSION_CLOSED_EXPECTED,EXPECTED
2023-07-22 04:00:00,,,,,0,240,240,SESSION_CLOSED_EXPECTED,EXPECTED
2023-07-22 08:00:00,,,,,0,240,240,SESSION_CLOSED_EXPECTED,EXPECTED
2023-07-22 12:00:00,,,,,0,240,240,SESSION_CLOSED_EXPECTED,EXPECTED
2023-07-22 16:00:00,,,,,0,240,240,SESSION_CLOSED_EXPECTED,EXPECTED
2023-07-22 20:00:00,,,,,0,240,240,SESSION_CLOSED_EXPECTED,EXPECTED
2023-07-23 00:00:00,,,,,0,240,240,SESSION_CLOSED_EXPECTED,EXPECTED
2023-07-23 04:00:00,,,,,0,240,240,SESSION_CLOSED_EXPECTED,EXPECTED
2023-07-23 08:00:00,,,,,0,240,240,SESSION_CLOSED_EXPECTED,EXPECTED
2023-07-23 12:00:00,,,,,0,240,240,SESSION_CLOSED_EXPECTED,EXPECTED
2023-07-23 16:00:00,,,,,0,240,240,SESSION_CLOSED_EXPECTED,EXPECTED
2023-07-23 20:00:00,1962.228,1962.882,1960.351,1961.177,115,240,125,EXPECTED_INCOMPLETE,EXPECTED
2023-07-24 00:00:00,1961.172,1962.623,1959.033,1960.143,240,240,0,COMPLETE,
2023-07-24 04:00:00,1960.112,1965.632,1957.839,1963.236,240,240,0,COMPLETE,
2023-07-24 08:00:00,1963.218,1967.805,1959.337,1964.957,240,240,0,COMPLETE,
2023-07-24 12:00:00,1964.987,1967.607,1957.098,1959.621,240,240,0,COMPLETE,
2023-07-24 16:00:00,1959.638,1961.407,1953.425,1954.301,240,240,0,COMPLETE,
2023-07-24 20:00:00,1954.336,1955.413,1953.174,1954.393,177,240,63,EXPECTED_INCOMPLETE,EXPECTED
2023-07-25 00:00:00,1954.394,1963.498,1953.854,1961.553,240,240,0,COMPLETE,
2023-07-25 04:00:00,1961.553,1964.098,1959.544,1961.169,240,240,0,COMPLETE,
2023-07-25 08:00:00,1961.135,1963.624,1953.093,1960.736,240,240,0,COMPLETE,
2023-07-25 12:00:00,1960.72,1965.361,1951.987,1964.246,240,240,0,COMPLETE,
2023-07-25 16:00:00,1964.224,1965.62,1961.266,1964.431,240,240,0,COMPLETE,
2023-07-25 20:00:00,1964.398,1966.193,1964.099,1965.284,177,240,63,EXPECTED_INCOMPLETE,EXPECTED
2023-07-26 00:00:00,1965.283,1966.026,1961.962,1963.88,240,240,0,COMPLETE,
2023-07-26 04:00:00,1963.889,1971.079,1962.387,1970.591,240,240,0,COMPLETE,
2023-07-26 08:00:00,1970.613,1974.149,1969.591,1971.911,240,240,0,COMPLETE,
2023-07-26 12:00:00,1972.038,1974.96,1963.682,1972.347,240,240,0,COMPLETE,
2023-07-26 16:00:00,1972.374,1978.243,1965.531,1974.807,240,240,0,COMPLETE,
2023-07-26 20:00:00,1974.777,1974.777,1970.942,1972.009,177,240,63,EXPECTED_INCOMPLETE,EXPECTED
2023-07-27 00:00:00,1972.012,1982.133,1971.117,1977.879,240,240,0,COMPLETE,
2023-07-27 04:00:00,1977.905,1982.081,1973.804,1979.892,240,240,0,COMPLETE,
2023-07-27 08:00:00,1979.922,1981.053,1973.557,1978.989,240,240,0,COMPLETE,
2023-07-27 12:00:00,1979.002,1979.066,1942.642,1946.88,240,240,0,COMPLETE,
2023-07-27 16:00:00,1946.849,1949.632,1942.018,1944.14,240,240,0,COMPLETE,
2023-07-27 20:00:00,1944.107,1948.058,1943.373,1947.443,177,240,63,EXPECTED_INCOMPLETE,EXPECTED
2023-07-28 00:00:00,1947.411,1954.726,1946.054,1954.035,240,240,0,COMPLETE,
2023-07-28 04:00:00,1954.066,1956.575,1948.219,1949.603,240,240,0,COMPLETE,
2023-07-28 08:00:00,1949.666,1957.96,1947.819,1956.578,240,240,0,COMPLETE,
2023-07-28 12:00:00,1956.544,1963.355,1952.244,1960.909,240,240,0,COMPLETE,
2023-07-28 16:00:00,1960.892,1963.46,1957.479,1959.081,240,240,0,COMPLETE,
2023-07-28 20:00:00,1959.049,1959.547,1958.603,1959.184,58,240,182,EXPECTED_INCOMPLETE,EXPECTED
2023-07-29 00:00:00,,,,,0,240,240,SESSION_CLOSED_EXPECTED,EXPECTED
2023-07-29 04:00:00,,,,,0,240,240,SESSION_CLOSED_EXPECTED,EXPECTED
2023-07-29 08:00:00,,,,,0,240,240,SESSION_CLOSED_EXPECTED,EXPECTED
2023-07-29 12:00:00,,,,,0,240,240,SESSION_CLOSED_EXPECTED,EXPECTED
2023-07-29 16:00:00,,,,,0,240,240,SESSION_CLOSED_EXPECTED,EXPECTED
2023-07-29 20:00:00,,,,,0,240,240,SESSION_CLOSED_EXPECTED,EXPECTED
2023-07-30 00:00:00,,,,,0,240,240,SESSION_CLOSED_EXPECTED,EXPECTED
2023-07-30 04:00:00,,,,,0,240,240,SESSION_CLOSED_EXPECTED,EXPECTED
2023-07-30 08:00:00,,,,,0,240,240,SESSION_CLOSED_EXPECTED,EXPECTED
2023-07-30 12:00:00,,,,,0,240,240,SESSION_CLOSED_EXPECTED,EXPECTED
2023-07-30 16:00:00,,,,,0,240,240,SESSION_CLOSED_EXPECTED,EXPECTED
2023-07-30 20:00:00,1959.875,1960.47,1957.373,1958.063,115,240,125,EXPECTED_INCOMPLETE,EXPECTED
2023-07-31 00:00:00,1958.054,1958.828,1953.697,1954.551,240,240,0,COMPLETE,
2023-07-31 04:00:00,1954.539,1957.06,1953.056,1954.823,240,240,0,COMPLETE,
2023-07-31 08:00:00,1954.846,1961.041,1950.718,1959.03,240,240,0,COMPLETE,
2023-07-31 12:00:00,1959.06,1972.326,1957.477,1970.636,240,240,0,COMPLETE,
2023-07-31 16:00:00,1970.646,1972.201,1964.209,1964.482,240,240,0,COMPLETE,
2023-07-31 20:00:00,1964.514,1965.944,1963.846,1963.907,177,240,63,EXPECTED_INCOMPLETE,EXPECTED
2023-08-01 00:00:00,1963.876,1964.628,1958.972,1962.139,240,240,0,COMPLETE,
2023-08-01 04:00:00,1962.13,1962.277,1954.449,1955.437,240,240,0,COMPLETE,
2023-08-01 08:00:00,1955.404,1957.657,1953.067,1953.524,240,240,0,COMPLETE,
2023-08-01 12:00:00,1953.546,1955.967,1941.267,1944.199,240,240,0,COMPLETE,
2023-08-01 16:00:00,1944.169,1945.501,1941.209,1944.37,240,240,0,COMPLETE,
2023-08-01 20:00:00,1944.402,1952.858,1944.04,1952.146,177,240,63,EXPECTED_INCOMPLETE,EXPECTED
2023-08-02 00:00:00,1952.14,1952.381,1946.676,1949.275,240,240,0,COMPLETE,
2023-08-02 04:00:00,1949.268,1950.351,1945.265,1948.372,240,240,0,COMPLETE,
2023-08-02 08:00:00,1948.414,1954.752,1948.26,1950.621,240,240,0,COMPLETE,
2023-08-02 12:00:00,1950.657,1951.821,1932.864,1935.52,240,240,0,COMPLETE,
2023-08-02 16:00:00,1935.489,1939.091,1934.979,1935.194,240,240,0,COMPLETE,
2023-08-02 20:00:00,1935.182,1936.927,1934.388,1936.0,177,240,63,EXPECTED_INCOMPLETE,EXPECTED
2023-08-03 00:00:00,1936.025,1938.822,1933.749,1937.228,240,240,0,COMPLETE,
2023-08-03 04:00:00,1937.249,1938.206,1930.637,1936.873,240,240,0,COMPLETE,
2023-08-03 08:00:00,1936.881,1938.37,1932.804,1935.001,240,240,0,COMPLETE,
2023-08-03 12:00:00,1935.0,1938.673,1929.496,1933.021,240,240,0,COMPLETE,
2023-08-03 16:00:00,1933.021,1935.882,1932.49,1934.212,240,240,0,COMPLETE,
2023-08-03 20:00:00,1934.207,1937.004,1933.925,1935.774,177,240,63,EXPECTED_INCOMPLETE,EXPECTED
2023-08-04 00:00:00,1935.747,1937.814,1934.27,1935.16,240,240,0,COMPLETE,
2023-08-04 04:00:00,1935.16,1937.429,1932.086,1932.832,240,240,0,COMPLETE,
2023-08-04 08:00:00,1932.856,1934.142,1931.219,1932.269,240,240,0,COMPLETE,
2023-08-04 12:00:00,1932.27,1946.752,1925.221,1942.672,240,240,0,COMPLETE,
2023-08-04 16:00:00,1942.64,1943.486,1939.779,1941.338,240,240,0,COMPLETE,
2023-08-04 20:00:00,1941.306,1943.279,1941.138,1942.483,58,240,182,EXPECTED_INCOMPLETE,EXPECTED
2023-08-05 00:00:00,,,,,0,240,240,SESSION_CLOSED_EXPECTED,EXPECTED
2023-08-05 04:00:00,,,,,0,240,240,SESSION_CLOSED_EXPECTED,EXPECTED
2023-08-05 08:00:00,,,,,0,240,240,SESSION_CLOSED_EXPECTED,EXPECTED
2023-08-05 12:00:00,,,,,0,240,240,SESSION_CLOSED_EXPECTED,EXPECTED
2023-08-05 16:00:00,,,,,0,240,240,SESSION_CLOSED_EXPECTED,EXPECTED
2023-08-05 20:00:00,,,,,0,240,240,SESSION_CLOSED_EXPECTED,EXPECTED
2023-08-06 00:00:00,,,,,0,240,240,SESSION_CLOSED_EXPECTED,EXPECTED
2023-08-06 04:00:00,,,,,0,240,240,SESSION_CLOSED_EXPECTED,EXPECTED
2023-08-06 08:00:00,,,,,0,240,240,SESSION_CLOSED_EXPECTED,EXPECTED
2023-08-06 12:00:00,,,,,0,240,240,SESSION_CLOSED_EXPECTED,EXPECTED
2023-08-06 16:00:00,,,,,0,240,240,SESSION_CLOSED_EXPECTED,EXPECTED
2023-08-06 20:00:00,1942.56,1946.648,1942.415,1943.79,115,240,125,EXPECTED_INCOMPLETE,EXPECTED
2023-08-07 00:00:00,1943.785,1945.267,1938.156,1939.32,240,240,0,COMPLETE,
2023-08-07 04:00:00,1939.299,1939.448,1935.226,1936.728,240,240,0,COMPLETE,
2023-08-07 08:00:00,1936.714,1937.563,1933.36,1936.18,240,240,0,COMPLETE,
2023-08-07 12:00:00,1936.172,1941.653,1931.462,1932.46,240,240,0,COMPLETE,
2023-08-07 16:00:00,1932.464,1937.591,1932.074,1936.65,240,240,0,COMPLETE,
2023-08-07 20:00:00,1936.619,1938.031,1935.561,1936.732,177,240,63,EXPECTED_INCOMPLETE,EXPECTED
2023-08-08 00:00:00,1936.763,1937.305,1931.087,1933.105,240,240,0,COMPLETE,
2023-08-08 04:00:00,1933.074,1934.813,1930.162,1930.393,240,240,0,COMPLETE,
2023-08-08 08:00:00,1930.426,1935.601,1928.087,1928.916,240,240,0,COMPLETE,
2023-08-08 12:00:00,1928.925,1931.997,1922.708,1925.774,240,240,0,COMPLETE,
2023-08-08 16:00:00,1925.777,1928.401,1923.561,1924.796,240,240,0,COMPLETE,
2023-08-08 20:00:00,1924.764,1925.699,1924.491,1925.569,177,240,63,EXPECTED_INCOMPLETE,EXPECTED
2023-08-09 00:00:00,1925.574,1930.816,1924.188,1930.111,240,240,0,COMPLETE,
2023-08-09 04:00:00,1930.103,1932.204,1928.535,1930.543,240,240,0,COMPLETE,
2023-08-09 08:00:00,1930.515,1930.769,1923.109,1924.564,240,240,0,COMPLETE,
2023-08-09 12:00:00,1924.529,1927.524,1915.593,1916.653,240,240,0,COMPLETE,
2023-08-09 16:00:00,1916.683,1918.12,1915.413,1915.493,240,240,0,COMPLETE,
2023-08-09 20:00:00,1915.462,1916.892,1914.027,1916.688,177,240,63,EXPECTED_INCOMPLETE,EXPECTED
2023-08-10 00:00:00,1916.688,1919.13,1915.363,1918.637,240,240,0,COMPLETE,
2023-08-10 04:00:00,1918.636,1920.576,1915.465,1919.316,240,240,0,COMPLETE,
2023-08-10 08:00:00,1919.314,1922.628,1918.575,1921.817,240,240,0,COMPLETE,
2023-08-10 12:00:00,1921.811,1929.986,1912.872,1919.961,240,240,0,COMPLETE,
2023-08-10 16:00:00,1919.995,1921.66,1912.839,1913.289,240,240,0,COMPLETE,
2023-08-10 20:00:00,1913.255,1913.626,1910.558,1912.358,177,240,63,EXPECTED_INCOMPLETE,EXPECTED
2023-08-11 00:00:00,1912.358,1915.945,1911.858,1914.581,240,240,0,COMPLETE,
2023-08-11 04:00:00,1914.581,1917.965,1912.584,1917.851,240,240,0,COMPLETE,
2023-08-11 08:00:00,1917.844,1919.769,1916.021,1918.954,240,240,0,COMPLETE,
2023-08-11 12:00:00,1918.972,1920.882,1912.837,1913.978,240,240,0,COMPLETE,
2023-08-11 16:00:00,1913.992,1915.443,1912.175,1913.548,240,240,0,COMPLETE,
2023-08-11 20:00:00,1913.517,1913.993,1912.893,1913.786,58,240,182,EXPECTED_INCOMPLETE,EXPECTED
2023-08-12 00:00:00,,,,,0,240,240,SESSION_CLOSED_EXPECTED,EXPECTED
2023-08-12 04:00:00,,,,,0,240,240,SESSION_CLOSED_EXPECTED,EXPECTED
2023-08-12 08:00:00,,,,,0,240,240,SESSION_CLOSED_EXPECTED,EXPECTED
2023-08-12 12:00:00,,,,,0,240,240,SESSION_CLOSED_EXPECTED,EXPECTED
2023-08-12 16:00:00,,,,,0,240,240,SESSION_CLOSED_EXPECTED,EXPECTED
2023-08-12 20:00:00,,,,,0,240,240,SESSION_CLOSED_EXPECTED,EXPECTED
2023-08-13 00:00:00,,,,,0,240,240,SESSION_CLOSED_EXPECTED,EXPECTED
2023-08-13 04:00:00,,,,,0,240,240,SESSION_CLOSED_EXPECTED,EXPECTED
2023-08-13 08:00:00,,,,,0,240,240,SESSION_CLOSED_EXPECTED,EXPECTED
2023-08-13 12:00:00,,,,,0,240,240,SESSION_CLOSED_EXPECTED,EXPECTED
2023-08-13 16:00:00,,,,,0,240,240,SESSION_CLOSED_EXPECTED,EXPECTED
2023-08-13 20:00:00,1913.666,1915.181,1912.345,1913.62,115,240,125,EXPECTED_INCOMPLETE,EXPECTED
2023-08-14 00:00:00,1913.62,1913.719,1910.06,1912.696,240,240,0,COMPLETE,
2023-08-14 04:00:00,1912.694,1915.913,1910.41,1914.408,240,240,0,COMPLETE,
2023-08-14 08:00:00,1914.439,1916.156,1912.193,1913.927,240,240,0,COMPLETE,
2023-08-14 12:00:00,1913.922,1913.978,1902.465,1910.612,240,240,0,COMPLETE,
2023-08-14 16:00:00,1910.581,1913.155,1907.175,1907.563,240,240,0,COMPLETE,
2023-08-14 20:00:00,1907.523,1908.039,1904.802,1907.557,177,240,63,EXPECTED_INCOMPLETE,EXPECTED
2023-08-15 00:00:00,1907.567,1907.963,1903.604,1907.124,240,240,0,COMPLETE,
2023-08-15 04:00:00,1907.125,1907.455,1903.429,1904.921,240,240,0,COMPLETE,
2023-08-15 08:00:00,1904.926,1905.119,1901.808,1904.166,240,240,0,COMPLETE,
2023-08-15 12:00:00,1904.167,1911.563,1896.208,1906.82,240,240,0,COMPLETE,
2023-08-15 16:00:00,1906.802,1907.377,1902.425,1902.664,240,240,0,COMPLETE,
2023-08-15 20:00:00,1902.632,1903.54,1900.194,1901.419,177,240,63,EXPECTED_INCOMPLETE,EXPECTED
2023-08-16 00:00:00,1901.412,1905.135,1900.446,1904.071,240,240,0,COMPLETE,
2023-08-16 04:00:00,1904.061,1906.508,1902.691,1904.51,240,240,0,COMPLETE,
2023-08-16 08:00:00,1904.511,1907.146,1903.041,1903.087,240,240,0,COMPLETE,
2023-08-16 12:00:00,1903.056,1906.383,1899.308,1901.885,240,240,0,COMPLETE,
2023-08-16 16:00:00,1901.872,1902.53,1891.67,1892.146,240,240,0,COMPLETE,
2023-08-16 20:00:00,1892.183,1894.924,1891.798,1893.295,177,240,63,EXPECTED_INCOMPLETE,EXPECTED
2023-08-17 00:00:00,1893.298,1893.906,1889.302,1892.721,240,240,0,COMPLETE,
2023-08-17 04:00:00,1892.721,1897.499,1892.051,1896.389,240,240,0,COMPLETE,
2023-08-17 08:00:00,1896.385,1899.437,1893.604,1898.822,240,240,0,COMPLETE,
2023-08-17 12:00:00,1898.791,1903.413,1889.09,1889.428,240,240,0,COMPLETE,
2023-08-17 16:00:00,1889.416,1891.165,1884.996,1889.039,240,240,0,COMPLETE,
2023-08-17 20:00:00,1888.999,1891.553,1888.352,1891.227,177,240,63,EXPECTED_INCOMPLETE,EXPECTED
2023-08-18 00:00:00,1891.231,1895.011,1890.633,1892.674,240,240,0,COMPLETE,
2023-08-18 04:00:00,1892.674,1894.059,1891.099,1892.547,240,240,0,COMPLETE,
2023-08-18 08:00:00,1892.53,1895.498,1891.35,1893.733,240,240,0,COMPLETE,
2023-08-18 12:00:00,1893.721,1896.549,1888.425,1891.206,240,240,0,COMPLETE,
2023-08-18 16:00:00,1891.176,1891.897,1886.724,1889.248,240,240,0,COMPLETE,
2023-08-18 20:00:00,1889.21,1889.935,1888.309,1889.529,58,240,182,EXPECTED_INCOMPLETE,EXPECTED
2023-08-19 00:00:00,,,,,0,240,240,SESSION_CLOSED_EXPECTED,EXPECTED
2023-08-19 04:00:00,,,,,0,240,240,SESSION_CLOSED_EXPECTED,EXPECTED
2023-08-19 08:00:00,,,,,0,240,240,SESSION_CLOSED_EXPECTED,EXPECTED
2023-08-19 12:00:00,,,,,0,240,240,SESSION_CLOSED_EXPECTED,EXPECTED
2023-08-19 16:00:00,,,,,0,240,240,SESSION_CLOSED_EXPECTED,EXPECTED
2023-08-19 20:00:00,,,,,0,240,240,SESSION_CLOSED_EXPECTED,EXPECTED
2023-08-20 00:00:00,,,,,0,240,240,SESSION_CLOSED_EXPECTED,EXPECTED
2023-08-20 04:00:00,,,,,0,240,240,SESSION_CLOSED_EXPECTED,EXPECTED
2023-08-20 08:00:00,,,,,0,240,240,SESSION_CLOSED_EXPECTED,EXPECTED
2023-08-20 12:00:00,,,,,0,240,240,SESSION_CLOSED_EXPECTED,EXPECTED
2023-08-20 16:00:00,,,,,0,240,240,SESSION_CLOSED_EXPECTED,EXPECTED
2023-08-20 20:00:00,1889.357,1890.823,1888.8,1889.919,115,240,125,EXPECTED_INCOMPLETE,EXPECTED
2023-08-21 00:00:00,1889.934,1893.481,1884.547,1891.643,240,240,0,COMPLETE,
2023-08-21 04:00:00,1891.628,1894.015,1887.372,1888.104,240,240,0,COMPLETE,
2023-08-21 08:00:00,1888.102,1893.109,1886.76,1893.029,240,240,0,COMPLETE,
2023-08-21 12:00:00,1893.002,1898.65,1885.232,1889.148,240,240,0,COMPLETE,
2023-08-21 16:00:00,1889.146,1895.337,1889.072,1894.268,240,240,0,COMPLETE,
2023-08-21 20:00:00,1894.237,1895.99,1894.2,1894.664,177,240,63,EXPECTED_INCOMPLETE,EXPECTED
2023-08-22 00:00:00,1894.674,1897.257,1893.62,1896.016,240,240,0,COMPLETE,
2023-08-22 04:00:00,1896.029,1901.659,1893.79,1901.445,240,240,0,COMPLETE,
2023-08-22 08:00:00,1901.449,1904.41,1898.367,1902.113,240,240,0,COMPLETE,
2023-08-22 12:00:00,1902.112,1903.368,1889.054,1897.808,240,240,0,COMPLETE,
2023-08-22 16:00:00,1897.839,1898.876,1896.37,1897.571,240,240,0,COMPLETE,
2023-08-22 20:00:00,1897.547,1898.569,1897.063,1898.478,177,240,63,EXPECTED_INCOMPLETE,EXPECTED
2023-08-23 00:00:00,1898.476,1902.74,1898.432,1901.524,240,240,0,COMPLETE,
2023-08-23 04:00:00,1901.524,1904.665,1900.68,1903.587,240,240,0,COMPLETE,
2023-08-23 08:00:00,1903.553,1905.291,1901.235,1903.259,240,240,0,COMPLETE,
2023-08-23 12:00:00,1903.26,1918.877,1902.611,1918.268,240,240,0,COMPLETE,
2023-08-23 16:00:00,1918.27,1920.292,1916.264,1916.831,240,240,0,COMPLETE,
2023-08-23 20:00:00,1916.802,1918.005,1914.442,1917.849,177,240,63,EXPECTED_INCOMPLETE,EXPECTED
2023-08-24 00:00:00,1917.849,1921.6,1917.295,1920.867,240,240,0,COMPLETE,
2023-08-24 04:00:00,1920.87,1922.753,1919.423,1919.506,240,240,0,COMPLETE,
2023-08-24 08:00:00,1919.539,1921.94,1916.394,1916.567,240,240,0,COMPLETE,
2023-08-24 12:00:00,1916.566,1923.147,1911.754,1921.007,240,240,0,COMPLETE,
2023-08-24 16:00:00,1920.974,1921.408,1916.635,1916.738,240,240,0,COMPLETE,
2023-08-24 20:00:00,1916.775,1917.481,1915.638,1915.847,177,240,63,EXPECTED_INCOMPLETE,EXPECTED
2023-08-25 00:00:00,1915.845,1917.516,1913.147,1913.417,240,240,0,COMPLETE,
2023-08-25 04:00:00,1913.416,1915.939,1912.733,1914.149,240,240,0,COMPLETE,
2023-08-25 08:00:00,1914.146,1918.375,1913.29,1918.276,240,240,0,COMPLETE,
2023-08-25 12:00:00,1918.245,1922.208,1903.541,1907.747,240,240,0,COMPLETE,
2023-08-25 16:00:00,1907.784,1914.694,1907.58,1914.31,240,240,0,COMPLETE,
2023-08-25 20:00:00,1914.292,1914.917,1913.287,1914.321,58,240,182,EXPECTED_INCOMPLETE,EXPECTED
2023-08-26 00:00:00,,,,,0,240,240,SESSION_CLOSED_EXPECTED,EXPECTED
2023-08-26 04:00:00,,,,,0,240,240,SESSION_CLOSED_EXPECTED,EXPECTED
2023-08-26 08:00:00,,,,,0,240,240,SESSION_CLOSED_EXPECTED,EXPECTED
2023-08-26 12:00:00,,,,,0,240,240,SESSION_CLOSED_EXPECTED,EXPECTED
2023-08-26 16:00:00,,,,,0,240,240,SESSION_CLOSED_EXPECTED,EXPECTED
2023-08-26 20:00:00,,,,,0,240,240,SESSION_CLOSED_EXPECTED,EXPECTED
2023-08-27 00:00:00,,,,,0,240,240,SESSION_CLOSED_EXPECTED,EXPECTED
2023-08-27 04:00:00,,,,,0,240,240,SESSION_CLOSED_EXPECTED,EXPECTED
2023-08-27 08:00:00,,,,,0,240,240,SESSION_CLOSED_EXPECTED,EXPECTED
2023-08-27 12:00:00,,,,,0,240,240,SESSION_CLOSED_EXPECTED,EXPECTED
2023-08-27 16:00:00,,,,,0,240,240,SESSION_CLOSED_EXPECTED,EXPECTED
2023-08-27 20:00:00,1915.974,1916.068,1914.322,1915.028,115,240,125,EXPECTED_INCOMPLETE,EXPECTED
2023-08-28 00:00:00,1915.029,1917.352,1914.549,1916.222,240,240,0,COMPLETE,
2023-08-28 04:00:00,1916.222,1917.719,1914.294,1914.464,240,240,0,COMPLETE,
2023-08-28 08:00:00,1914.495,1915.641,1913.477,1914.757,240,240,0,COMPLETE,
2023-08-28 12:00:00,1914.757,1925.991,1912.694,1924.732,240,240,0,COMPLETE,
2023-08-28 16:00:00,1924.727,1925.195,1916.853,1919.659,240,240,0,COMPLETE,
2023-08-28 20:00:00,1919.676,1921.576,1919.591,1921.186,177,240,63,EXPECTED_INCOMPLETE,EXPECTED
2023-08-29 00:00:00,1921.199,1925.763,1921.009,1925.36,240,240,0,COMPLETE,
2023-08-29 04:00:00,1925.348,1925.547,1921.585,1923.183,240,240,0,COMPLETE,
2023-08-29 08:00:00,1923.216,1924.407,1916.679,1917.184,240,240,0,COMPLETE,
2023-08-29 12:00:00,1917.184,1937.58,1914.407,1936.727,240,240,0,COMPLETE,
2023-08-29 16:00:00,1936.701,1938.12,1934.039,1937.991,240,240,0,COMPLETE,
2023-08-29 20:00:00,1938.018,1938.018,1935.924,1936.168,177,240,63,EXPECTED_INCOMPLETE,EXPECTED
2023-08-30 00:00:00,1936.176,1937.467,1935.36,1936.739,240,240,0,COMPLETE,
2023-08-30 04:00:00,1936.738,1937.077,1934.94,1936.458,240,240,0,COMPLETE,
2023-08-30 08:00:00,1936.488,1939.606,1935.445,1939.065,240,240,0,COMPLETE,
2023-08-30 12:00:00,1939.053,1949.006,1938.747,1944.911,240,240,0,COMPLETE,
2023-08-30 16:00:00,1944.88,1945.564,1942.782,1943.385,240,240,0,COMPLETE,
2023-08-30 20:00:00,1943.409,1945.424,1942.073,1944.185,177,240,63,EXPECTED_INCOMPLETE,EXPECTED
2023-08-31 00:00:00,1944.195,1947.66,1944.106,1945.136,240,240,0,COMPLETE,
2023-08-31 04:00:00,1945.105,1946.253,1943.195,1945.035,240,240,0,COMPLETE,
2023-08-31 08:00:00,1945.043,1945.869,1943.62,1945.633,240,240,0,COMPLETE,
2023-08-31 12:00:00,1945.635,1947.72,1939.033,1940.592,240,240,0,COMPLETE,
2023-08-31 16:00:00,1940.595,1942.448,1939.047,1940.019,240,240,0,COMPLETE,
2023-08-31 20:00:00,1940.054,1940.509,1939.043,1939.824,177,240,63,EXPECTED_INCOMPLETE,EXPECTED
2023-09-01 00:00:00,1939.828,1943.911,1938.638,1938.907,240,240,0,COMPLETE,
2023-09-01 04:00:00,1938.899,1943.458,1938.191,1943.072,240,240,0,COMPLETE,
2023-09-01 08:00:00,1943.064,1945.822,1941.873,1944.442,240,240,0,COMPLETE,
2023-09-01 12:00:00,1944.432,1952.801,1934.334,1938.779,240,240,0,COMPLETE,
2023-09-01 16:00:00,1938.78,1941.53,1937.31,1940.49,240,240,0,COMPLETE,
2023-09-01 20:00:00,1940.491,1940.667,1939.225,1939.704,58,240,182,EXPECTED_INCOMPLETE,EXPECTED
2023-09-02 00:00:00,,,,,0,240,240,SESSION_CLOSED_EXPECTED,EXPECTED
2023-09-02 04:00:00,,,,,0,240,240,SESSION_CLOSED_EXPECTED,EXPECTED
2023-09-02 08:00:00,,,,,0,240,240,SESSION_CLOSED_EXPECTED,EXPECTED
2023-09-02 12:00:00,,,,,0,240,240,SESSION_CLOSED_EXPECTED,EXPECTED
2023-09-02 16:00:00,,,,,0,240,240,SESSION_CLOSED_EXPECTED,EXPECTED
2023-09-02 20:00:00,,,,,0,240,240,SESSION_CLOSED_EXPECTED,EXPECTED
2023-09-03 00:00:00,,,,,0,240,240,SESSION_CLOSED_EXPECTED,EXPECTED
2023-09-03 04:00:00,,,,,0,240,240,SESSION_CLOSED_EXPECTED,EXPECTED
2023-09-03 08:00:00,,,,,0,240,240,SESSION_CLOSED_EXPECTED,EXPECTED
2023-09-03 12:00:00,,,,,0,240,240,SESSION_CLOSED_EXPECTED,EXPECTED
2023-09-03 16:00:00,,,,,0,240,240,SESSION_CLOSED_EXPECTED,EXPECTED
2023-09-03 20:00:00,1939.987,1941.0,1939.406,1940.558,115,240,125,EXPECTED_INCOMPLETE,EXPECTED
2023-09-04 00:00:00,1940.557,1946.04,1940.098,1944.931,240,240,0,COMPLETE,
2023-09-04 04:00:00,1944.921,1946.232,1943.078,1943.78,240,240,0,COMPLETE,
2023-09-04 08:00:00,1943.775,1944.417,1939.816,1941.589,240,240,0,COMPLETE,
2023-09-04 12:00:00,1941.6,1941.68,1936.688,1938.598,240,240,0,COMPLETE,
2023-09-04 16:00:00,1938.597,1938.822,1937.931,1938.118,74,240,166,UNEXPECTED_INCOMPLETE,UNEXPECTED
2023-09-04 20:00:00,1938.457,1938.742,1937.628,1937.659,118,240,122,UNEXPECTED_INCOMPLETE,EXPECTED|UNEXPECTED
2023-09-05 00:00:00,1937.551,1938.618,1934.72,1936.926,240,240,0,COMPLETE,
2023-09-05 04:00:00,1936.926,1938.927,1935.172,1935.541,240,240,0,COMPLETE,
2023-09-05 08:00:00,1935.54,1935.624,1929.911,1930.428,240,240,0,COMPLETE,
2023-09-05 12:00:00,1930.398,1934.576,1925.272,1926.07,240,240,0,COMPLETE,
2023-09-05 16:00:00,1926.039,1927.878,1925.412,1925.78,240,240,0,COMPLETE,
2023-09-05 20:00:00,1925.811,1926.883,1925.387,1926.559,177,240,63,EXPECTED_INCOMPLETE,EXPECTED
2023-09-06 00:00:00,1926.559,1926.695,1924.189,1926.501,240,240,0,COMPLETE,
2023-09-06 04:00:00,1926.494,1928.428,1922.81,1922.891,240,240,0,COMPLETE,
2023-09-06 08:00:00,1922.925,1927.693,1922.538,1925.371,240,240,0,COMPLETE,
2023-09-06 12:00:00,1925.363,1929.097,1915.243,1916.736,240,240,0,COMPLETE,
2023-09-06 16:00:00,1916.739,1920.622,1915.959,1916.642,240,240,0,COMPLETE,
2023-09-06 20:00:00,1916.672,1918.103,1915.921,1917.091,177,240,63,EXPECTED_INCOMPLETE,EXPECTED
2023-09-07 00:00:00,1917.086,1920.662,1916.283,1920.117,240,240,0,COMPLETE,
2023-09-07 04:00:00,1920.1,1920.209,1917.069,1918.344,240,240,0,COMPLETE,
2023-09-07 08:00:00,1918.312,1922.257,1917.336,1921.773,240,240,0,COMPLETE,
2023-09-07 12:00:00,1921.787,1923.521,1916.163,1920.906,240,240,0,COMPLETE,
2023-09-07 16:00:00,1920.903,1921.378,1917.414,1918.716,240,240,0,COMPLETE,
2023-09-07 20:00:00,1918.748,1920.294,1918.748,1920.247,177,240,63,EXPECTED_INCOMPLETE,EXPECTED
2023-09-08 00:00:00,1920.255,1927.131,1920.063,1924.905,240,240,0,COMPLETE,
2023-09-08 04:00:00,1924.905,1927.236,1923.81,1924.073,240,240,0,COMPLETE,
2023-09-08 08:00:00,1924.066,1925.813,1922.608,1922.953,240,240,0,COMPLETE,
2023-09-08 12:00:00,1922.954,1929.639,1919.149,1919.546,240,240,0,COMPLETE,
2023-09-08 16:00:00,1919.545,1920.631,1917.247,1919.156,240,240,0,COMPLETE,
2023-09-08 20:00:00,1919.146,1919.348,1918.756,1918.973,58,240,182,EXPECTED_INCOMPLETE,EXPECTED
2023-09-09 00:00:00,,,,,0,240,240,SESSION_CLOSED_EXPECTED,EXPECTED
2023-09-09 04:00:00,,,,,0,240,240,SESSION_CLOSED_EXPECTED,EXPECTED
2023-09-09 08:00:00,,,,,0,240,240,SESSION_CLOSED_EXPECTED,EXPECTED
2023-09-09 12:00:00,,,,,0,240,240,SESSION_CLOSED_EXPECTED,EXPECTED
2023-09-09 16:00:00,,,,,0,240,240,SESSION_CLOSED_EXPECTED,EXPECTED
2023-09-09 20:00:00,,,,,0,240,240,SESSION_CLOSED_EXPECTED,EXPECTED
2023-09-10 00:00:00,,,,,0,240,240,SESSION_CLOSED_EXPECTED,EXPECTED
2023-09-10 04:00:00,,,,,0,240,240,SESSION_CLOSED_EXPECTED,EXPECTED
2023-09-10 08:00:00,,,,,0,240,240,SESSION_CLOSED_EXPECTED,EXPECTED
2023-09-10 12:00:00,,,,,0,240,240,SESSION_CLOSED_EXPECTED,EXPECTED
2023-09-10 16:00:00,,,,,0,240,240,SESSION_CLOSED_EXPECTED,EXPECTED
2023-09-10 20:00:00,1919.621,1919.653,1916.576,1918.801,115,240,125,EXPECTED_INCOMPLETE,EXPECTED
2023-09-11 00:00:00,1918.795,1924.001,1918.316,1923.274,240,240,0,COMPLETE,
2023-09-11 04:00:00,1923.274,1930.47,1922.921,1926.422,240,240,0,COMPLETE,
2023-09-11 08:00:00,1926.392,1927.977,1924.623,1925.167,240,240,0,COMPLETE,
2023-09-11 12:00:00,1925.16,1930.054,1921.344,1922.987,240,240,0,COMPLETE,
2023-09-11 16:00:00,1922.987,1925.038,1921.436,1922.7,240,240,0,COMPLETE,
2023-09-11 20:00:00,1922.668,1923.236,1921.205,1921.624,177,240,63,EXPECTED_INCOMPLETE,EXPECTED
2023-09-12 00:00:00,1921.59,1924.282,1920.311,1923.623,240,240,0,COMPLETE,
2023-09-12 04:00:00,1923.623,1924.447,1918.763,1918.968,240,240,0,COMPLETE,
2023-09-12 08:00:00,1918.967,1921.298,1911.026,1912.936,240,240,0,COMPLETE,
2023-09-12 12:00:00,1912.936,1914.543,1907.352,1912.411,240,240,0,COMPLETE,
2023-09-12 16:00:00,1912.422,1915.007,1911.68,1912.942,240,240,0,COMPLETE,
2023-09-12 20:00:00,1912.927,1913.778,1912.434,1912.858,177,240,63,EXPECTED_INCOMPLETE,EXPECTED
2023-09-13 00:00:00,1912.857,1913.781,1908.168,1909.604,240,240,0,COMPLETE,
2023-09-13 04:00:00,1909.602,1912.6,1908.154,1911.997,240,240,0,COMPLETE,
2023-09-13 08:00:00,1911.988,1913.055,1910.739,1912.262,240,240,0,COMPLETE,
2023-09-13 12:00:00,1912.262,1915.696,1905.465,1910.375,240,240,0,COMPLETE,
2023-09-13 16:00:00,1910.376,1911.631,1908.129,1908.739,240,240,0,COMPLETE,
2023-09-13 20:00:00,1908.767,1909.776,1907.431,1909.176,177,240,63,EXPECTED_INCOMPLETE,EXPECTED
2023-09-14 00:00:00,1909.169,1912.856,1908.763,1909.643,240,240,0,COMPLETE,
2023-09-14 04:00:00,1909.641,1910.983,1905.166,1905.818,240,240,0,COMPLETE,
2023-09-14 08:00:00,1905.817,1909.078,1905.498,1907.458,240,240,0,COMPLETE,
2023-09-14 12:00:00,1907.488,1911.332,1900.968,1907.913,240,240,0,COMPLETE,
2023-09-14 16:00:00,1907.92,1912.03,1907.903,1909.412,240,240,0,COMPLETE,
2023-09-14 20:00:00,1909.377,1911.026,1909.178,1909.735,177,240,63,EXPECTED_INCOMPLETE,EXPECTED
2023-09-15 00:00:00,1909.766,1915.941,1909.766,1915.55,240,240,0,COMPLETE,
2023-09-15 04:00:00,1915.538,1919.505,1914.893,1917.973,240,240,0,COMPLETE,
2023-09-15 08:00:00,1917.972,1919.902,1916.697,1919.146,240,240,0,COMPLETE,
2023-09-15 12:00:00,1919.153,1930.372,1915.733,1926.378,240,240,0,COMPLETE,
2023-09-15 16:00:00,1926.381,1927.804,1922.353,1922.45,240,240,0,COMPLETE,
2023-09-15 20:00:00,1922.483,1923.868,1922.378,1923.831,58,240,182,EXPECTED_INCOMPLETE,EXPECTED
2023-09-16 00:00:00,,,,,0,240,240,SESSION_CLOSED_EXPECTED,EXPECTED
2023-09-16 04:00:00,,,,,0,240,240,SESSION_CLOSED_EXPECTED,EXPECTED
2023-09-16 08:00:00,,,,,0,240,240,SESSION_CLOSED_EXPECTED,EXPECTED
2023-09-16 12:00:00,,,,,0,240,240,SESSION_CLOSED_EXPECTED,EXPECTED
2023-09-16 16:00:00,,,,,0,240,240,SESSION_CLOSED_EXPECTED,EXPECTED
2023-09-16 20:00:00,,,,,0,240,240,SESSION_CLOSED_EXPECTED,EXPECTED
2023-09-17 00:00:00,,,,,0,240,240,SESSION_CLOSED_EXPECTED,EXPECTED
2023-09-17 04:00:00,,,,,0,240,240,SESSION_CLOSED_EXPECTED,EXPECTED
2023-09-17 08:00:00,,,,,0,240,240,SESSION_CLOSED_EXPECTED,EXPECTED
2023-09-17 12:00:00,,,,,0,240,240,SESSION_CLOSED_EXPECTED,EXPECTED
2023-09-17 16:00:00,,,,,0,240,240,SESSION_CLOSED_EXPECTED,EXPECTED
2023-09-17 20:00:00,1924.077,1924.53,1922.547,1923.227,115,240,125,EXPECTED_INCOMPLETE,EXPECTED
2023-09-18 00:00:00,1923.227,1929.448,1923.192,1928.838,240,240,0,COMPLETE,
2023-09-18 04:00:00,1928.807,1930.57,1926.411,1926.44,240,240,0,COMPLETE,
2023-09-18 08:00:00,1926.41,1928.126,1925.043,1926.77,240,240,0,COMPLETE,
2023-09-18 12:00:00,1926.755,1929.379,1922.773,1928.965,240,240,0,COMPLETE,
2023-09-18 16:00:00,1928.998,1933.534,1927.696,1933.282,240,240,0,COMPLETE,
2023-09-18 20:00:00,1933.251,1934.453,1933.034,1934.04,177,240,63,EXPECTED_INCOMPLETE,EXPECTED
2023-09-19 00:00:00,1934.061,1934.534,1931.683,1932.227,240,240,0,COMPLETE,
2023-09-19 04:00:00,1932.226,1934.752,1929.8,1934.408,240,240,0,COMPLETE,
2023-09-19 08:00:00,1934.412,1936.745,1933.426,1935.207,240,240,0,COMPLETE,
2023-09-19 12:00:00,1935.215,1937.345,1931.001,1933.056,240,240,0,COMPLETE,
2023-09-19 16:00:00,1933.07,1933.687,1929.723,1931.895,240,240,0,COMPLETE,
2023-09-19 20:00:00,1931.861,1932.307,1930.868,1931.319,177,240,63,EXPECTED_INCOMPLETE,EXPECTED
2023-09-20 00:00:00,1931.317,1931.491,1928.267,1930.551,240,240,0,COMPLETE,
2023-09-20 04:00:00,1930.552,1932.281,1927.837,1928.668,240,240,0,COMPLETE,
2023-09-20 08:00:00,1928.637,1932.669,1928.608,1932.034,240,240,0,COMPLETE,
2023-09-20 12:00:00,1932.048,1945.774,1930.908,1941.82,240,240,0,COMPLETE,
2023-09-20 16:00:00,1941.796,1947.361,1932.811,1932.956,240,240,0,COMPLETE,
2023-09-20 20:00:00,1932.988,1933.639,1929.121,1929.424,177,240,63,EXPECTED_INCOMPLETE,EXPECTED
2023-09-21 00:00:00,1929.428,1929.657,1924.189,1928.299,240,240,0,COMPLETE,
2023-09-21 04:00:00,1928.3,1930.451,1926.354,1927.12,240,240,0,COMPLETE,
2023-09-21 08:00:00,1927.089,1927.382,1920.189,1920.705,240,240,0,COMPLETE,
2023-09-21 12:00:00,1920.712,1923.774,1913.818,1917.397,240,240,0,COMPLETE,
2023-09-21 16:00:00,1917.428,1921.218,1916.242,1919.691,240,240,0,COMPLETE,
2023-09-21 20:00:00,1919.724,1921.5,1919.329,1921.353,177,240,63,EXPECTED_INCOMPLETE,EXPECTED
2023-09-22 00:00:00,1921.361,1925.49,1921.19,1923.776,240,240,0,COMPLETE,
2023-09-22 04:00:00,1923.776,1928.683,1923.371,1927.963,240,240,0,COMPLETE,
2023-09-22 08:00:00,1927.929,1927.948,1924.261,1925.507,240,240,0,COMPLETE,
2023-09-22 12:00:00,1925.507,1929.046,1924.1,1927.669,240,240,0,COMPLETE,
2023-09-22 16:00:00,1927.666,1928.478,1924.242,1925.336,240,240,0,COMPLETE,
2023-09-22 20:00:00,1925.304,1925.52,1924.594,1925.231,58,240,182,EXPECTED_INCOMPLETE,EXPECTED
2023-09-23 00:00:00,,,,,0,240,240,SESSION_CLOSED_EXPECTED,EXPECTED
2023-09-23 04:00:00,,,,,0,240,240,SESSION_CLOSED_EXPECTED,EXPECTED
2023-09-23 08:00:00,,,,,0,240,240,SESSION_CLOSED_EXPECTED,EXPECTED
2023-09-23 12:00:00,,,,,0,240,240,SESSION_CLOSED_EXPECTED,EXPECTED
2023-09-23 16:00:00,,,,,0,240,240,SESSION_CLOSED_EXPECTED,EXPECTED
2023-09-23 20:00:00,,,,,0,240,240,SESSION_CLOSED_EXPECTED,EXPECTED
2023-09-24 00:00:00,,,,,0,240,240,SESSION_CLOSED_EXPECTED,EXPECTED
2023-09-24 04:00:00,,,,,0,240,240,SESSION_CLOSED_EXPECTED,EXPECTED
2023-09-24 08:00:00,,,,,0,240,240,SESSION_CLOSED_EXPECTED,EXPECTED
2023-09-24 12:00:00,,,,,0,240,240,SESSION_CLOSED_EXPECTED,EXPECTED
2023-09-24 16:00:00,,,,,0,240,240,SESSION_CLOSED_EXPECTED,EXPECTED
2023-09-24 20:00:00,1926.116,1926.294,1924.402,1924.717,115,240,125,EXPECTED_INCOMPLETE,EXPECTED
2023-09-25 00:00:00,1924.73,1925.264,1922.608,1923.582,240,240,0,COMPLETE,
2023-09-25 04:00:00,1923.579,1927.147,1920.827,1923.449,240,240,0,COMPLETE,
2023-09-25 08:00:00,1923.448,1924.951,1920.97,1924.019,240,240,0,COMPLETE,
2023-09-25 12:00:00,1923.987,1926.8,1915.084,1917.417,240,240,0,COMPLETE,
2023-09-25 16:00:00,1917.41,1918.22,1915.144,1915.454,240,240,0,COMPLETE,
2023-09-25 20:00:00,1915.475,1916.744,1915.397,1916.207,177,240,63,EXPECTED_INCOMPLETE,EXPECTED
2023-09-26 00:00:00,1916.209,1916.447,1912.928,1913.592,240,240,0,COMPLETE,
2023-09-26 04:00:00,1913.59,1915.133,1909.505,1913.637,240,240,0,COMPLETE,
2023-09-26 08:00:00,1913.674,1915.577,1910.518,1911.534,240,240,0,COMPLETE,
2023-09-26 12:00:00,1911.532,1912.791,1900.472,1902.352,240,240,0,COMPLETE,
2023-09-26 16:00:00,1902.366,1903.598,1899.103,1900.456,240,240,0,COMPLETE,
2023-09-26 20:00:00,1900.496,1902.032,1900.238,1901.529,177,240,63,EXPECTED_INCOMPLETE,EXPECTED
2023-09-27 00:00:00,1901.524,1903.712,1899.302,1899.873,240,240,0,COMPLETE,
2023-09-27 04:00:00,1899.864,1899.864,1895.562,1896.619,240,240,0,COMPLETE,
2023-09-27 08:00:00,1896.588,1897.799,1892.469,1892.851,240,240,0,COMPLETE,
2023-09-27 12:00:00,1892.842,1893.052,1879.805,1881.49,240,240,0,COMPLETE,
2023-09-27 16:00:00,1881.525,1881.591,1872.507,1876.67,240,240,0,COMPLETE,
2023-09-27 20:00:00,1876.701,1877.65,1874.599,1877.562,177,240,63,EXPECTED_INCOMPLETE,EXPECTED
2023-09-28 00:00:00,1877.583,1877.853,1873.566,1874.63,240,240,0,COMPLETE,
2023-09-28 04:00:00,1874.611,1878.17,1873.689,1875.68,240,240,0,COMPLETE,
2023-09-28 08:00:00,1875.714,1877.125,1873.636,1875.972,240,240,0,COMPLETE,
2023-09-28 12:00:00,1875.984,1879.49,1857.644,1864.718,240,240,0,COMPLETE,
2023-09-28 16:00:00,1864.758,1867.276,1860.947,1867.102,240,240,0,COMPLETE,
2023-09-28 20:00:00,1867.071,1867.225,1863.775,1866.7,177,240,63,EXPECTED_INCOMPLETE,EXPECTED
2023-09-29 00:00:00,1866.695,1867.204,1862.89,1863.302,240,240,0,COMPLETE,
2023-09-29 04:00:00,1863.301,1873.947,1863.072,1873.502,240,240,0,COMPLETE,
2023-09-29 08:00:00,1873.528,1873.724,1867.53,1869.425,240,240,0,COMPLETE,
2023-09-29 12:00:00,1869.424,1879.801,1852.194,1854.741,240,240,0,COMPLETE,
2023-09-29 16:00:00,1854.773,1856.417,1846.282,1848.23,240,240,0,COMPLETE,
2023-09-29 20:00:00,1848.199,1849.854,1847.686,1848.796,58,240,182,EXPECTED_INCOMPLETE,EXPECTED
2023-09-30 00:00:00,,,,,0,240,240,SESSION_CLOSED_EXPECTED,EXPECTED
2023-09-30 04:00:00,,,,,0,240,240,SESSION_CLOSED_EXPECTED,EXPECTED
2023-09-30 08:00:00,,,,,0,240,240,SESSION_CLOSED_EXPECTED,EXPECTED
2023-09-30 12:00:00,,,,,0,240,240,SESSION_CLOSED_EXPECTED,EXPECTED
2023-09-30 16:00:00,,,,,0,240,240,SESSION_CLOSED_EXPECTED,EXPECTED
2023-09-30 20:00:00,,,,,0,240,240,SESSION_CLOSED_EXPECTED,EXPECTED
2023-10-01 00:00:00,,,,,0,240,240,SESSION_CLOSED_EXPECTED,EXPECTED
2023-10-01 04:00:00,,,,,0,240,240,SESSION_CLOSED_EXPECTED,EXPECTED
2023-10-01 08:00:00,,,,,0,240,240,SESSION_CLOSED_EXPECTED,EXPECTED
2023-10-01 12:00:00,,,,,0,240,240,SESSION_CLOSED_EXPECTED,EXPECTED
2023-10-01 16:00:00,,,,,0,240,240,SESSION_CLOSED_EXPECTED,EXPECTED
2023-10-01 20:00:00,1847.284,1848.678,1845.687,1848.314,115,240,125,EXPECTED_INCOMPLETE,EXPECTED
2023-10-02 00:00:00,1848.314,1848.885,1842.85,1843.436,240,240,0,COMPLETE,
2023-10-02 04:00:00,1843.432,1846.183,1839.257,1839.776,240,240,0,COMPLETE,
2023-10-02 08:00:00,1839.744,1843.168,1831.045,1837.264,240,240,0,COMPLETE,
2023-10-02 12:00:00,1837.263,1840.559,1827.113,1832.544,240,240,0,COMPLETE,
2023-10-02 16:00:00,1832.576,1833.566,1829.164,1829.306,240,240,0,COMPLETE,
2023-10-02 20:00:00,1829.276,1829.587,1820.404,1824.944,177,240,63,EXPECTED_INCOMPLETE,EXPECTED
2023-10-03 00:00:00,1824.919,1825.179,1815.218,1820.49,240,240,0,COMPLETE,
2023-10-03 04:00:00,1820.494,1824.586,1818.158,1823.999,240,240,0,COMPLETE,
2023-10-03 08:00:00,1824.025,1829.087,1823.62,1825.909,240,240,0,COMPLETE,
2023-10-03 12:00:00,1825.908,1833.344,1819.247,1824.787,240,240,0,COMPLETE,
2023-10-03 16:00:00,1824.819,1828.045,1821.853,1823.856,240,240,0,COMPLETE,
2023-10-03 20:00:00,1823.886,1824.955,1822.129,1823.303,177,240,63,EXPECTED_INCOMPLETE,EXPECTED
2023-10-04 00:00:00,1823.303,1824.996,1819.6,1820.731,240,240,0,COMPLETE,
2023-10-04 04:00:00,1820.73,1823.787,1816.669,1823.064,240,240,0,COMPLETE,
2023-10-04 08:00:00,1823.033,1827.128,1820.231,1824.949,240,240,0,COMPLETE,
2023-10-04 12:00:00,1824.945,1830.542,1817.07,1823.718,240,240,0,COMPLETE,
2023-10-04 16:00:00,1823.817,1823.983,1816.556,1823.286,240,240,0,COMPLETE,
2023-10-04 20:00:00,1823.321,1823.985,1820.45,1822.524,177,240,63,EXPECTED_INCOMPLETE,EXPECTED
2023-10-05 00:00:00,1822.472,1828.672,1821.775,1828.297,240,240,0,COMPLETE,
2023-10-05 04:00:00,1828.328,1829.173,1819.841,1820.69,240,240,0,COMPLETE,
2023-10-05 08:00:00,1820.719,1823.932,1819.629,1822.994,240,240,0,COMPLETE,
2023-10-05 12:00:00,1822.99,1823.842,1812.994,1815.471,240,240,0,COMPLETE,
2023-10-05 16:00:00,1815.503,1820.802,1814.804,1820.301,240,240,0,COMPLETE,
2023-10-05 20:00:00,1820.332,1823.102,1819.42,1821.272,177,240,63,EXPECTED_INCOMPLETE,EXPECTED
2023-10-06 00:00:00,1821.272,1824.4,1819.658,1823.944,240,240,0,COMPLETE,
2023-10-06 04:00:00,1823.905,1824.51,1818.561,1821.348,240,240,0,COMPLETE,
2023-10-06 08:00:00,1821.335,1825.05,1819.274,1821.209,240,240,0,COMPLETE,
2023-10-06 12:00:00,1821.206,1834.832,1810.402,1832.556,240,240,0,COMPLETE,
2023-10-06 16:00:00,1832.534,1833.93,1828.762,1829.386,240,240,0,COMPLETE,
2023-10-06 20:00:00,1829.354,1832.166,1828.94,1831.9,58,240,182,EXPECTED_INCOMPLETE,EXPECTED
2023-10-07 00:00:00,,,,,0,240,240,SESSION_CLOSED_EXPECTED,EXPECTED
2023-10-07 04:00:00,,,,,0,240,240,SESSION_CLOSED_EXPECTED,EXPECTED
2023-10-07 08:00:00,,,,,0,240,240,SESSION_CLOSED_EXPECTED,EXPECTED
2023-10-07 12:00:00,,,,,0,240,240,SESSION_CLOSED_EXPECTED,EXPECTED
2023-10-07 16:00:00,,,,,0,240,240,SESSION_CLOSED_EXPECTED,EXPECTED
2023-10-07 20:00:00,,,,,0,240,240,SESSION_CLOSED_EXPECTED,EXPECTED
2023-10-08 00:00:00,,,,,0,240,240,SESSION_CLOSED_EXPECTED,EXPECTED
2023-10-08 04:00:00,,,,,0,240,240,SESSION_CLOSED_EXPECTED,EXPECTED
2023-10-08 08:00:00,,,,,0,240,240,SESSION_CLOSED_EXPECTED,EXPECTED
2023-10-08 12:00:00,,,,,0,240,240,SESSION_CLOSED_EXPECTED,EXPECTED
2023-10-08 16:00:00,,,,,0,240,240,SESSION_CLOSED_EXPECTED,EXPECTED
2023-10-08 20:00:00,1853.39,1854.643,1845.525,1847.965,115,240,125,EXPECTED_INCOMPLETE,EXPECTED
2023-10-09 00:00:00,1847.992,1852.726,1846.237,1851.044,240,240,0,COMPLETE,
2023-10-09 04:00:00,1851.074,1854.361,1848.02,1850.426,240,240,0,COMPLETE,
2023-10-09 08:00:00,1850.39,1852.262,1848.882,1849.948,240,240,0,COMPLETE,
2023-10-09 12:00:00,1849.985,1853.129,1844.161,1851.54,240,240,0,COMPLETE,
2023-10-09 16:00:00,1851.539,1863.416,1848.633,1863.223,240,240,0,COMPLETE,
2023-10-09 20:00:00,1863.191,1863.191,1860.342,1862.536,177,240,63,EXPECTED_INCOMPLETE,EXPECTED
2023-10-10 00:00:00,1862.582,1865.278,1861.366,1862.42,240,240,0,COMPLETE,
2023-10-10 04:00:00,1862.42,1862.46,1855.135,1857.335,240,240,0,COMPLETE,
2023-10-10 08:00:00,1857.341,1859.733,1854.815,1857.127,240,240,0,COMPLETE,
2023-10-10 12:00:00,1857.157,1862.258,1852.97,1861.253,240,240,0,COMPLETE,
2023-10-10 16:00:00,1861.245,1862.721,1858.061,1860.103,233,240,7,UNEXPECTED_INCOMPLETE,UNEXPECTED
2023-10-10 20:00:00,1860.071,1860.723,1859.329,1859.647,177,240,63,EXPECTED_INCOMPLETE,EXPECTED
2023-10-11 00:00:00,1859.633,1862.07,1859.531,1860.057,240,240,0,COMPLETE,
2023-10-11 04:00:00,1860.057,1868.123,1858.59,1867.911,240,240,0,COMPLETE,
2023-10-11 08:00:00,1867.881,1874.712,1866.876,1870.971,240,240,0,COMPLETE,
2023-10-11 12:00:00,1870.971,1875.003,1867.347,1872.995,240,240,0,COMPLETE,
2023-10-11 16:00:00,1873.027,1877.152,1870.783,1873.584,240,240,0,COMPLETE,
2023-10-11 20:00:00,1873.614,1875.663,1873.297,1875.25,177,240,63,EXPECTED_INCOMPLETE,EXPECTED
2023-10-12 00:00:00,1875.251,1878.679,1874.453,1877.592,240,240,0,COMPLETE,
2023-10-12 04:00:00,1877.623,1882.592,1876.738,1878.855,240,240,0,COMPLETE,
2023-10-12 08:00:00,1878.824,1884.434,1878.604,1883.494,240,240,0,COMPLETE,
2023-10-12 12:00:00,1883.497,1884.918,1870.689,1872.283,240,240,0,COMPLETE,
2023-10-12 16:00:00,1872.313,1873.589,1867.883,1868.298,240,240,0,COMPLETE,
2023-10-12 20:00:00,1868.257,1871.177,1868.257,1870.555,177,240,63,EXPECTED_INCOMPLETE,EXPECTED
2023-10-13 00:00:00,1870.546,1873.956,1870.055,1873.643,240,240,0,COMPLETE,
2023-10-13 04:00:00,1873.643,1883.071,1873.541,1882.093,240,240,0,COMPLETE,
2023-10-13 08:00:00,1882.112,1899.822,1881.87,1896.419,240,240,0,COMPLETE,
2023-10-13 12:00:00,1896.388,1923.112,1896.388,1922.951,240,240,0,COMPLETE,
2023-10-13 16:00:00,1922.981,1930.698,1922.392,1928.293,240,240,0,COMPLETE,
2023-10-13 20:00:00,1928.323,1932.593,1928.092,1932.217,58,240,182,EXPECTED_INCOMPLETE,EXPECTED
2023-10-14 00:00:00,,,,,0,240,240,SESSION_CLOSED_EXPECTED,EXPECTED
2023-10-14 04:00:00,,,,,0,240,240,SESSION_CLOSED_EXPECTED,EXPECTED
2023-10-14 08:00:00,,,,,0,240,240,SESSION_CLOSED_EXPECTED,EXPECTED
2023-10-14 12:00:00,,,,,0,240,240,SESSION_CLOSED_EXPECTED,EXPECTED
2023-10-14 16:00:00,,,,,0,240,240,SESSION_CLOSED_EXPECTED,EXPECTED
2023-10-14 20:00:00,,,,,0,240,240,SESSION_CLOSED_EXPECTED,EXPECTED
2023-10-15 00:00:00,,,,,0,240,240,SESSION_CLOSED_EXPECTED,EXPECTED
2023-10-15 04:00:00,,,,,0,240,240,SESSION_CLOSED_EXPECTED,EXPECTED
2023-10-15 08:00:00,,,,,0,240,240,SESSION_CLOSED_EXPECTED,EXPECTED
2023-10-15 12:00:00,,,,,0,240,240,SESSION_CLOSED_EXPECTED,EXPECTED
2023-10-15 16:00:00,,,,,0,240,240,SESSION_CLOSED_EXPECTED,EXPECTED
2023-10-15 20:00:00,1927.521,1927.521,1921.177,1925.836,115,240,125,EXPECTED_INCOMPLETE,EXPECTED
2023-10-16 00:00:00,1925.842,1925.927,1918.029,1920.027,240,240,0,COMPLETE,
2023-10-16 04:00:00,1920.025,1920.362,1908.144,1911.418,240,240,0,COMPLETE,
2023-10-16 08:00:00,1911.394,1918.28,1909.943,1915.566,240,240,0,COMPLETE,
2023-10-16 12:00:00,1915.598,1924.526,1914.38,1921.454,240,240,0,COMPLETE,
2023-10-16 16:00:00,1921.487,1922.721,1917.826,1918.942,240,240,0,COMPLETE,
2023-10-16 20:00:00,1918.987,1921.736,1918.768,1919.386,177,240,63,EXPECTED_INCOMPLETE,EXPECTED
2023-10-17 00:00:00,1919.382,1919.967,1912.343,1916.784,240,240,0,COMPLETE,
2023-10-17 04:00:00,1916.81,1921.338,1914.198,1920.005,240,240,0,COMPLETE,
2023-10-17 08:00:00,1919.972,1926.504,1918.594,1923.993,240,240,0,COMPLETE,
2023-10-17 12:00:00,1924.013,1931.523,1919.028,1926.817,240,240,0,COMPLETE,
2023-10-17 16:00:00,1926.785,1926.785,1919.109,1922.58,240,240,0,COMPLETE,
2023-10-17 20:00:00,1922.611,1925.507,1922.116,1924.689,177,240,63,EXPECTED_INCOMPLETE,EXPECTED
2023-10-18 00:00:00,1924.689,1942.687,1923.755,1937.448,240,240,0,COMPLETE,
2023-10-18 04:00:00,1937.448,1940.097,1935.103,1939.588,240,240,0,COMPLETE,
2023-10-18 08:00:00,1939.557,1947.422,1937.219,1946.136,240,240,0,COMPLETE,
2023-10-18 12:00:00,1946.105,1962.562,1938.196,1945.139,240,240,0,COMPLETE,
2023-10-18 16:00:00,1945.169,1956.519,1944.603,1950.335,240,240,0,COMPLETE,
2023-10-18 20:00:00,1950.321,1951.634,1947.074,1950.842,177,240,63,EXPECTED_INCOMPLETE,EXPECTED
2023-10-19 00:00:00,1950.783,1953.218,1945.057,1946.273,240,240,0,COMPLETE,
2023-10-19 04:00:00,1946.291,1952.722,1945.284,1949.42,240,240,0,COMPLETE,
2023-10-19 08:00:00,1949.392,1954.431,1947.807,1952.091,240,240,0,COMPLETE,
2023-10-19 12:00:00,1952.122,1959.914,1949.726,1956.133,240,240,0,COMPLETE,
2023-10-19 16:00:00,1956.171,1977.635,1952.082,1974.298,240,240,0,COMPLETE,
2023-10-19 20:00:00,1974.329,1982.396,1972.429,1977.138,177,240,63,EXPECTED_INCOMPLETE,EXPECTED
2023-10-20 00:00:00,1977.172,1981.777,1971.974,1977.731,240,240,0,COMPLETE,
2023-10-20 04:00:00,1977.729,1982.123,1974.061,1980.115,240,240,0,COMPLETE,
2023-10-20 08:00:00,1980.137,1985.818,1976.372,1977.229,240,240,0,COMPLETE,
2023-10-20 12:00:00,1977.259,1997.115,1973.23,1991.567,240,240,0,COMPLETE,
2023-10-20 16:00:00,1991.553,1992.358,1974.267,1979.652,240,240,0,COMPLETE,
2023-10-20 20:00:00,1979.622,1981.301,1978.89,1980.751,58,240,182,EXPECTED_INCOMPLETE,EXPECTED
2023-10-21 00:00:00,,,,,0,240,240,SESSION_CLOSED_EXPECTED,EXPECTED
2023-10-21 04:00:00,,,,,0,240,240,SESSION_CLOSED_EXPECTED,EXPECTED
2023-10-21 08:00:00,,,,,0,240,240,SESSION_CLOSED_EXPECTED,EXPECTED
2023-10-21 12:00:00,,,,,0,240,240,SESSION_CLOSED_EXPECTED,EXPECTED
2023-10-21 16:00:00,,,,,0,240,240,SESSION_CLOSED_EXPECTED,EXPECTED
2023-10-21 20:00:00,,,,,0,240,240,SESSION_CLOSED_EXPECTED,EXPECTED
2023-10-22 00:00:00,,,,,0,240,240,SESSION_CLOSED_EXPECTED,EXPECTED
2023-10-22 04:00:00,,,,,0,240,240,SESSION_CLOSED_EXPECTED,EXPECTED
2023-10-22 08:00:00,,,,,0,240,240,SESSION_CLOSED_EXPECTED,EXPECTED
2023-10-22 12:00:00,,,,,0,240,240,SESSION_CLOSED_EXPECTED,EXPECTED
2023-10-22 16:00:00,,,,,0,240,240,SESSION_CLOSED_EXPECTED,EXPECTED
2023-10-22 20:00:00,1972.732,1978.529,1970.062,1971.544,115,240,125,EXPECTED_INCOMPLETE,EXPECTED
2023-10-23 00:00:00,1971.505,1974.725,1964.308,1973.63,240,240,0,COMPLETE,
2023-10-23 04:00:00,1973.623,1979.713,1972.714,1979.42,240,240,0,COMPLETE,
2023-10-23 08:00:00,1979.381,1982.746,1975.273,1979.308,240,240,0,COMPLETE,
2023-10-23 12:00:00,1979.329,1981.921,1970.085,1975.325,240,240,0,COMPLETE,
2023-10-23 16:00:00,1975.309,1979.304,1971.118,1973.17,240,240,0,COMPLETE,
2023-10-23 20:00:00,1973.138,1973.8,1971.412,1973.557,177,240,63,EXPECTED_INCOMPLETE,EXPECTED
2023-10-24 00:00:00,1973.555,1980.836,1972.397,1976.844,240,240,0,COMPLETE,
2023-10-24 04:00:00,1976.812,1979.143,1974.454,1975.3,240,240,0,COMPLETE,
2023-10-24 08:00:00,1975.294,1975.909,1953.444,1963.718,240,240,0,COMPLETE,
2023-10-24 12:00:00,1963.688,1970.027,1958.989,1969.754,240,240,0,COMPLETE,
2023-10-24 16:00:00,1969.709,1977.536,1968.869,1972.691,240,240,0,COMPLETE,
2023-10-24 20:00:00,1972.656,1973.383,1969.968,1972.825,177,240,63,EXPECTED_INCOMPLETE,EXPECTED
2023-10-25 00:00:00,1972.826,1976.946,1970.853,1973.224,240,240,0,COMPLETE,
2023-10-25 04:00:00,1973.193,1975.917,1968.293,1971.149,240,240,0,COMPLETE,
2023-10-25 08:00:00,1971.15,1976.417,1969.439,1974.664,240,240,0,COMPLETE,
2023-10-25 12:00:00,1974.697,1987.207,1962.998,1981.188,240,240,0,COMPLETE,
2023-10-25 16:00:00,1981.196,1985.653,1976.517,1980.782,240,240,0,COMPLETE,
2023-10-25 20:00:00,1980.752,1984.101,1977.663,1982.923,177,240,63,EXPECTED_INCOMPLETE,EXPECTED
2023-10-26 00:00:00,1982.941,1987.34,1982.394,1987.166,240,240,0,COMPLETE,
2023-10-26 04:00:00,1987.163,1990.042,1983.943,1990.042,240,240,0,COMPLETE,
2023-10-26 08:00:00,1990.031,1993.389,1982.452,1984.571,240,240,0,COMPLETE,
2023-10-26 12:00:00,1984.59,1986.672,1971.735,1980.221,240,240,0,COMPLETE,
2023-10-26 16:00:00,1980.194,1989.224,1979.699,1984.363,240,240,0,COMPLETE,
2023-10-26 20:00:00,1984.331,1986.74,1983.364,1984.379,177,240,63,EXPECTED_INCOMPLETE,EXPECTED
2023-10-27 00:00:00,1984.378,1988.813,1982.859,1987.869,240,240,0,COMPLETE,
2023-10-27 04:00:00,1987.857,1989.921,1985.793,1987.314,240,240,0,COMPLETE,
2023-10-27 08:00:00,1987.309,1987.886,1979.947,1981.769,240,240,0,COMPLETE,
2023-10-27 12:00:00,1981.736,1986.115,1976.817,1979.909,240,240,0,COMPLETE,
2023-10-27 16:00:00,1979.879,2009.327,1979.156,2006.909,240,240,0,COMPLETE,
2023-10-27 20:00:00,2006.941,2007.134,2004.323,2006.048,58,240,182,EXPECTED_INCOMPLETE,EXPECTED
2023-10-28 00:00:00,,,,,0,240,240,SESSION_CLOSED_EXPECTED,EXPECTED
2023-10-28 04:00:00,,,,,0,240,240,SESSION_CLOSED_EXPECTED,EXPECTED
2023-10-28 08:00:00,,,,,0,240,240,SESSION_CLOSED_EXPECTED,EXPECTED
2023-10-28 12:00:00,,,,,0,240,240,SESSION_CLOSED_EXPECTED,EXPECTED
2023-10-28 16:00:00,,,,,0,240,240,SESSION_CLOSED_EXPECTED,EXPECTED
2023-10-28 20:00:00,,,,,0,240,240,SESSION_CLOSED_EXPECTED,EXPECTED
2023-10-29 00:00:00,,,,,0,240,240,SESSION_CLOSED_EXPECTED,EXPECTED
2023-10-29 04:00:00,,,,,0,240,240,SESSION_CLOSED_EXPECTED,EXPECTED
2023-10-29 08:00:00,,,,,0,240,240,SESSION_CLOSED_EXPECTED,EXPECTED
2023-10-29 12:00:00,,,,,0,240,240,SESSION_CLOSED_EXPECTED,EXPECTED
2023-10-29 16:00:00,,,,,0,240,240,SESSION_CLOSED_EXPECTED,EXPECTED
2023-10-29 20:00:00,2002.954,2004.776,1996.868,2002.656,115,240,125,EXPECTED_INCOMPLETE,EXPECTED
2023-10-30 00:00:00,2002.684,2006.732,2001.503,2002.075,240,240,0,COMPLETE,
2023-10-30 04:00:00,2002.075,2002.66,1993.397,1993.608,240,240,0,COMPLETE,
2023-10-30 08:00:00,1993.642,1997.317,1990.976,1995.72,240,240,0,COMPLETE,
2023-10-30 12:00:00,1995.75,2002.481,1992.01,1999.089,240,240,0,COMPLETE,
2023-10-30 16:00:00,1999.121,2000.594,1994.679,1995.887,240,240,0,COMPLETE,
2023-10-30 20:00:00,1995.856,1996.685,1993.964,1995.492,177,240,63,EXPECTED_INCOMPLETE,EXPECTED
2023-10-31 00:00:00,1995.509,1997.25,1991.66,1992.125,240,240,0,COMPLETE,
2023-10-31 04:00:00,1992.122,1997.591,1990.544,1996.249,240,240,0,COMPLETE,
2023-10-31 08:00:00,1996.247,2000.336,1995.088,1999.844,240,240,0,COMPLETE,
2023-10-31 12:00:00,1999.811,2007.849,1992.384,1994.277,240,240,0,COMPLETE,
2023-10-31 16:00:00,1994.204,1994.723,1978.806,1984.827,240,240,0,COMPLETE,
2023-10-31 20:00:00,1984.789,1986.116,1983.096,1983.668,177,240,63,EXPECTED_INCOMPLETE,EXPECTED
2023-11-01 00:00:00,1983.67,1983.948,1976.836,1977.08,240,240,0,COMPLETE,
2023-11-01 04:00:00,1977.079,1980.967,1975.231,1977.103,240,240,0,COMPLETE,
2023-11-01 08:00:00,1977.097,1985.138,1977.097,1983.418,240,240,0,COMPLETE,
2023-11-01 12:00:00,1983.415,1992.601,1978.341,1979.236,240,240,0,COMPLETE,
2023-11-01 16:00:00,1979.208,1982.258,1969.818,1978.594,240,240,0,COMPLETE,
2023-11-01 20:00:00,1978.563,1985.632,1977.115,1985.01,177,240,63,EXPECTED_INCOMPLETE,EXPECTED
2023-11-02 00:00:00,1984.989,1988.12,1983.324,1985.379,240,240,0,COMPLETE,
2023-11-02 04:00:00,1985.401,1986.62,1983.616,1985.408,240,240,0,COMPLETE,
2023-11-02 08:00:00,1985.377,1990.317,1984.507,1988.462,240,240,0,COMPLETE,
2023-11-02 12:00:00,1988.508,1990.926,1978.792,1981.142,240,240,0,COMPLETE,
2023-11-02 16:00:00,1981.128,1986.656,1978.993,1985.399,240,240,0,COMPLETE,
2023-11-02 20:00:00,1985.367,1986.465,1984.301,1984.965,177,240,63,EXPECTED_INCOMPLETE,EXPECTED
2023-11-03 00:00:00,1984.956,1987.767,1983.221,1985.802,240,240,0,COMPLETE,
2023-11-03 04:00:00,1985.803,1989.045,1984.57,1986.525,240,240,0,COMPLETE,
2023-11-03 08:00:00,1986.523,1990.185,1986.122,1987.533,240,240,0,COMPLETE,
2023-11-03 12:00:00,1987.584,2004.002,1985.638,1991.707,240,240,0,COMPLETE,
2023-11-03 16:00:00,1991.737,1995.057,1989.305,1992.72,240,240,0,COMPLETE,
2023-11-03 20:00:00,1992.693,1992.883,1992.021,1992.517,58,240,182,EXPECTED_INCOMPLETE,EXPECTED
2023-11-04 00:00:00,,,,,0,240,240,SESSION_CLOSED_EXPECTED,EXPECTED
2023-11-04 04:00:00,,,,,0,240,240,SESSION_CLOSED_EXPECTED,EXPECTED
2023-11-04 08:00:00,,,,,0,240,240,SESSION_CLOSED_EXPECTED,EXPECTED
2023-11-04 12:00:00,,,,,0,240,240,SESSION_CLOSED_EXPECTED,EXPECTED
2023-11-04 16:00:00,,,,,0,240,240,SESSION_CLOSED_EXPECTED,EXPECTED
2023-11-04 20:00:00,,,,,0,240,240,SESSION_CLOSED_EXPECTED,EXPECTED
2023-11-05 00:00:00,,,,,0,240,240,SESSION_CLOSED_EXPECTED,EXPECTED
2023-11-05 04:00:00,,,,,0,240,240,SESSION_CLOSED_EXPECTED,EXPECTED
2023-11-05 08:00:00,,,,,0,240,240,SESSION_CLOSED_EXPECTED,EXPECTED
2023-11-05 12:00:00,,,,,0,240,240,SESSION_CLOSED_EXPECTED,EXPECTED
2023-11-05 16:00:00,,,,,0,240,240,SESSION_CLOSED_EXPECTED,EXPECTED
2023-11-05 20:00:00,1991.419,1991.579,1987.146,1988.47,55,240,185,EXPECTED_INCOMPLETE,EXPECTED
2023-11-06 00:00:00,1988.474,1993.042,1981.86,1985.186,240,240,0,COMPLETE,
2023-11-06 04:00:00,1985.153,1985.272,1982.246,1983.429,240,240,0,COMPLETE,
2023-11-06 08:00:00,1983.461,1988.353,1982.889,1987.637,240,240,0,COMPLETE,
2023-11-06 12:00:00,1987.639,1989.01,1981.073,1981.073,240,240,0,COMPLETE,
2023-11-06 16:00:00,1981.116,1984.403,1979.175,1980.3,240,240,0,COMPLETE,
2023-11-06 20:00:00,1980.282,1980.282,1975.739,1976.681,177,240,63,EXPECTED_INCOMPLETE,EXPECTED
2023-11-07 00:00:00,1976.653,1977.001,1972.255,1972.562,240,240,0,COMPLETE,
2023-11-07 04:00:00,1972.563,1974.137,1967.19,1969.283,240,240,0,COMPLETE,
2023-11-07 08:00:00,1969.276,1970.202,1962.629,1963.845,240,240,0,COMPLETE,
2023-11-07 12:00:00,1963.833,1967.185,1956.655,1963.297,240,240,0,COMPLETE,
2023-11-07 16:00:00,1963.299,1969.839,1961.74,1967.424,240,240,0,COMPLETE,
2023-11-07 20:00:00,1967.424,1969.336,1966.913,1968.902,177,240,63,EXPECTED_INCOMPLETE,EXPECTED
2023-11-08 00:00:00,1968.908,1970.996,1967.295,1967.744,240,240,0,COMPLETE,
2023-11-08 04:00:00,1967.747,1969.112,1964.95,1967.593,240,240,0,COMPLETE,
2023-11-08 08:00:00,1967.561,1968.937,1959.422,1964.386,240,240,0,COMPLETE,
2023-11-08 12:00:00,1964.396,1966.628,1950.901,1955.365,240,240,0,COMPLETE,
2023-11-08 16:00:00,1955.323,1957.871,1947.485,1948.13,240,240,0,COMPLETE,
2023-11-08 20:00:00,1948.125,1951.749,1947.335,1950.813,177,240,63,EXPECTED_INCOMPLETE,EXPECTED
2023-11-09 00:00:00,1950.815,1954.527,1947.761,1949.201,240,240,0,COMPLETE,
2023-11-09 04:00:00,1949.222,1950.465,1948.045,1949.328,240,240,0,COMPLETE,
2023-11-09 08:00:00,1949.298,1949.673,1944.505,1948.793,240,240,0,COMPLETE,
2023-11-09 12:00:00,1948.8,1964.923,1944.807,1962.934,240,240,0,COMPLETE,
2023-11-09 16:00:00,1962.864,1965.718,1956.157,1958.349,240,240,0,COMPLETE,
2023-11-09 20:00:00,1958.386,1959.997,1956.877,1959.058,177,240,63,EXPECTED_INCOMPLETE,EXPECTED
2023-11-10 00:00:00,1959.06,1960.713,1956.43,1959.388,240,240,0,COMPLETE,
2023-11-10 04:00:00,1959.383,1959.467,1953.715,1955.348,240,240,0,COMPLETE,
2023-11-10 08:00:00,1955.331,1957.152,1947.059,1948.202,240,240,0,COMPLETE,
2023-11-10 12:00:00,1948.167,1949.102,1939.68,1941.971,240,240,0,COMPLETE,
2023-11-10 16:00:00,1942.01,1943.404,1932.898,1935.44,240,240,0,COMPLETE,
2023-11-10 20:00:00,1935.436,1938.905,1934.55,1938.354,118,240,122,EXPECTED_INCOMPLETE,EXPECTED
2023-11-11 00:00:00,,,,,0,240,240,SESSION_CLOSED_EXPECTED,EXPECTED
2023-11-11 04:00:00,,,,,0,240,240,SESSION_CLOSED_EXPECTED,EXPECTED
2023-11-11 08:00:00,,,,,0,240,240,SESSION_CLOSED_EXPECTED,EXPECTED
2023-11-11 12:00:00,,,,,0,240,240,SESSION_CLOSED_EXPECTED,EXPECTED
2023-11-11 16:00:00,,,,,0,240,240,SESSION_CLOSED_EXPECTED,EXPECTED
2023-11-11 20:00:00,,,,,0,240,240,SESSION_CLOSED_EXPECTED,EXPECTED
2023-11-12 00:00:00,,,,,0,240,240,SESSION_CLOSED_EXPECTED,EXPECTED
2023-11-12 04:00:00,,,,,0,240,240,SESSION_CLOSED_EXPECTED,EXPECTED
2023-11-12 08:00:00,,,,,0,240,240,SESSION_CLOSED_EXPECTED,EXPECTED
2023-11-12 12:00:00,,,,,0,240,240,SESSION_CLOSED_EXPECTED,EXPECTED
2023-11-12 16:00:00,,,,,0,240,240,SESSION_CLOSED_EXPECTED,EXPECTED
2023-11-12 20:00:00,1941.002,1941.299,1921.368,1940.343,55,240,185,EXPECTED_INCOMPLETE,EXPECTED
2023-11-13 00:00:00,1940.374,1941.913,1934.056,1935.314,240,240,0,COMPLETE,
2023-11-13 04:00:00,1935.313,1941.187,1934.146,1938.772,240,240,0,COMPLETE,
2023-11-13 08:00:00,1938.795,1940.424,1935.981,1937.965,240,240,0,COMPLETE,
2023-11-13 12:00:00,1937.965,1938.911,1931.604,1938.422,240,240,0,COMPLETE,
2023-11-13 16:00:00,1938.405,1949.187,1938.135,1946.142,240,240,0,COMPLETE,
2023-11-13 20:00:00,1946.128,1946.759,1945.15,1946.399,177,240,63,EXPECTED_INCOMPLETE,EXPECTED
2023-11-14 00:00:00,1946.418,1948.324,1944.319,1944.763,240,240,0,COMPLETE,
2023-11-14 04:00:00,1944.731,1946.431,1943.732,1945.593,240,240,0,COMPLETE,
2023-11-14 08:00:00,1945.611,1948.09,1944.288,1945.837,240,240,0,COMPLETE,
2023-11-14 12:00:00,1945.872,1970.954,1937.522,1964.313,240,240,0,COMPLETE,
2023-11-14 16:00:00,1964.351,1966.545,1961.583,1963.618,240,240,0,COMPLETE,
2023-11-14 20:00:00,1963.623,1964.463,1962.193,1962.493,177,240,63,EXPECTED_INCOMPLETE,EXPECTED
2023-11-15 00:00:00,1962.487,1966.983,1961.526,1966.815,240,240,0,COMPLETE,
2023-11-15 04:00:00,1966.827,1971.014,1965.876,1970.26,240,240,0,COMPLETE,
2023-11-15 08:00:00,1970.291,1974.021,1969.751,1972.898,240,240,0,COMPLETE,
2023-11-15 12:00:00,1972.901,1975.292,1955.428,1963.117,240,240,0,COMPLETE,
2023-11-15 16:00:00,1963.135,1963.66,1959.116,1961.686,240,240,0,COMPLETE,
2023-11-15 20:00:00,1961.714,1962.177,1958.92,1960.328,177,240,63,EXPECTED_INCOMPLETE,EXPECTED
2023-11-16 00:00:00,1960.333,1962.139,1956.42,1961.401,240,240,0,COMPLETE,
2023-11-16 04:00:00,1961.397,1967.74,1960.784,1966.537,240,240,0,COMPLETE,
2023-11-16 08:00:00,1966.508,1968.537,1964.599,1965.535,240,240,0,COMPLETE,
2023-11-16 12:00:00,1965.531,1986.462,1962.066,1984.882,240,240,0,COMPLETE,
2023-11-16 16:00:00,1984.858,1987.941,1980.126,1983.353,240,240,0,COMPLETE,
2023-11-16 20:00:00,1983.299,1984.041,1980.536,1982.599,177,240,63,EXPECTED_INCOMPLETE,EXPECTED
2023-11-17 00:00:00,1982.576,1986.943,1981.727,1986.663,240,240,0,COMPLETE,
2023-11-17 04:00:00,1986.611,1987.674,1982.674,1987.657,240,240,0,COMPLETE,
2023-11-17 08:00:00,1987.621,1993.421,1984.58,1988.738,240,240,0,COMPLETE,
2023-11-17 12:00:00,1988.805,1991.596,1979.358,1983.399,240,240,0,COMPLETE,
2023-11-17 16:00:00,1983.43,1985.296,1978.514,1980.321,240,240,0,COMPLETE,
2023-11-17 20:00:00,1980.368,1981.019,1978.95,1980.631,118,240,122,EXPECTED_INCOMPLETE,EXPECTED
2023-11-18 00:00:00,,,,,0,240,240,SESSION_CLOSED_EXPECTED,EXPECTED
2023-11-18 04:00:00,,,,,0,240,240,SESSION_CLOSED_EXPECTED,EXPECTED
2023-11-18 08:00:00,,,,,0,240,240,SESSION_CLOSED_EXPECTED,EXPECTED
2023-11-18 12:00:00,,,,,0,240,240,SESSION_CLOSED_EXPECTED,EXPECTED
2023-11-18 16:00:00,,,,,0,240,240,SESSION_CLOSED_EXPECTED,EXPECTED
2023-11-18 20:00:00,,,,,0,240,240,SESSION_CLOSED_EXPECTED,EXPECTED
2023-11-19 00:00:00,,,,,0,240,240,SESSION_CLOSED_EXPECTED,EXPECTED
2023-11-19 04:00:00,,,,,0,240,240,SESSION_CLOSED_EXPECTED,EXPECTED
2023-11-19 08:00:00,,,,,0,240,240,SESSION_CLOSED_EXPECTED,EXPECTED
2023-11-19 12:00:00,,,,,0,240,240,SESSION_CLOSED_EXPECTED,EXPECTED
2023-11-19 16:00:00,,,,,0,240,240,SESSION_CLOSED_EXPECTED,EXPECTED
2023-11-19 20:00:00,1977.456,1978.727,1974.12,1974.471,55,240,185,EXPECTED_INCOMPLETE,EXPECTED
2023-11-20 00:00:00,1974.532,1985.12,1973.356,1982.268,240,240,0,COMPLETE,
2023-11-20 04:00:00,1982.241,1983.395,1978.084,1978.494,240,240,0,COMPLETE,
2023-11-20 08:00:00,1978.546,1980.525,1972.212,1973.334,240,240,0,COMPLETE,
2023-11-20 12:00:00,1973.311,1973.379,1965.416,1971.887,240,240,0,COMPLETE,
2023-11-20 16:00:00,1971.924,1978.924,1971.232,1978.377,240,240,0,COMPLETE,
2023-11-20 20:00:00,1978.382,1981.6,1976.889,1981.169,177,240,63,EXPECTED_INCOMPLETE,EXPECTED
2023-11-21 00:00:00,1981.155,1994.235,1980.712,1993.263,240,240,0,COMPLETE,
2023-11-21 04:00:00,1993.196,1994.053,1989.62,1992.359,240,240,0,COMPLETE,
2023-11-21 08:00:00,1992.294,1994.247,1984.224,1987.202,240,240,0,COMPLETE,
2023-11-21 12:00:00,1987.216,2007.495,1986.572,2004.158,240,240,0,COMPLETE,
2023-11-21 16:00:00,2004.172,2005.321,1996.139,2000.021,240,240,0,COMPLETE,
2023-11-21 20:00:00,2000.06,2000.156,1997.801,1999.339,177,240,63,EXPECTED_INCOMPLETE,EXPECTED
2023-11-22 00:00:00,1999.338,1999.338,1995.462,1996.464,240,240,0,COMPLETE,
2023-11-22 04:00:00,1996.461,2004.026,1996.17,2003.657,240,240,0,COMPLETE,
2023-11-22 08:00:00,2003.629,2006.421,1998.97,2000.599,240,240,0,COMPLETE,
2023-11-22 12:00:00,2000.604,2003.21,1989.891,1994.904,240,240,0,COMPLETE,
2023-11-22 16:00:00,1994.9,1995.482,1986.851,1990.647,238,240,2,UNEXPECTED_INCOMPLETE,UNEXPECTED
2023-11-22 20:00:00,1990.7,1991.815,1989.351,1990.506,177,240,63,EXPECTED_INCOMPLETE,EXPECTED
2023-11-23 00:00:00,1990.515,1998.19,1990.13,1997.704,240,240,0,COMPLETE,
2023-11-23 04:00:00,1997.686,1998.552,1993.341,1996.365,240,240,0,COMPLETE,
2023-11-23 08:00:00,1996.334,1996.406,1992.126,1993.84,240,240,0,COMPLETE,
2023-11-23 12:00:00,1993.825,1994.85,1991.766,1992.129,240,240,0,COMPLETE,
2023-11-23 16:00:00,1992.139,1992.942,1989.762,1992.078,135,240,105,UNEXPECTED_INCOMPLETE,UNEXPECTED
2023-11-23 20:00:00,1992.54,1994.313,1992.48,1993.981,59,240,181,UNEXPECTED_INCOMPLETE,UNEXPECTED
2023-11-24 00:00:00,1994.072,1994.892,1991.476,1993.523,240,240,0,COMPLETE,
2023-11-24 04:00:00,1993.524,1994.764,1991.486,1993.483,240,240,0,COMPLETE,
2023-11-24 08:00:00,1993.453,1996.297,1992.207,1995.179,240,240,0,COMPLETE,
2023-11-24 12:00:00,1995.229,2003.617,1994.322,1998.332,240,240,0,COMPLETE,
2023-11-24 16:00:00,1998.339,2002.308,1997.151,2002.207,150,240,90,EXPECTED_INCOMPLETE,EXPECTED
2023-11-24 20:00:00,,,,,0,240,240,SESSION_CLOSED_EXPECTED,EXPECTED
2023-11-25 00:00:00,,,,,0,240,240,SESSION_CLOSED_EXPECTED,EXPECTED
2023-11-25 04:00:00,,,,,0,240,240,SESSION_CLOSED_EXPECTED,EXPECTED
2023-11-25 08:00:00,,,,,0,240,240,SESSION_CLOSED_EXPECTED,EXPECTED
2023-11-25 12:00:00,,,,,0,240,240,SESSION_CLOSED_EXPECTED,EXPECTED
2023-11-25 16:00:00,,,,,0,240,240,SESSION_CLOSED_EXPECTED,EXPECTED
2023-11-25 20:00:00,,,,,0,240,240,SESSION_CLOSED_EXPECTED,EXPECTED
2023-11-26 00:00:00,,,,,0,240,240,SESSION_CLOSED_EXPECTED,EXPECTED
2023-11-26 04:00:00,,,,,0,240,240,SESSION_CLOSED_EXPECTED,EXPECTED
2023-11-26 08:00:00,,,,,0,240,240,SESSION_CLOSED_EXPECTED,EXPECTED
2023-11-26 12:00:00,,,,,0,240,240,SESSION_CLOSED_EXPECTED,EXPECTED
2023-11-26 16:00:00,,,,,0,240,240,SESSION_CLOSED_EXPECTED,EXPECTED
2023-11-26 20:00:00,2000.888,2002.982,2000.484,2002.25,55,240,185,EXPECTED_INCOMPLETE,EXPECTED
2023-11-27 00:00:00,2002.364,2018.187,2001.812,2009.551,240,240,0,COMPLETE,
2023-11-27 04:00:00,2009.531,2013.719,2008.412,2010.855,240,240,0,COMPLETE,
2023-11-27 08:00:00,2010.826,2015.493,2010.464,2012.519,240,240,0,COMPLETE,
2023-11-27 12:00:00,2012.529,2016.337,2008.62,2010.202,240,240,0,COMPLETE,
2023-11-27 16:00:00,2010.255,2013.563,2005.668,2012.776,240,240,0,COMPLETE,
2023-11-27 20:00:00,2012.77,2015.429,2011.924,2015.215,177,240,63,EXPECTED_INCOMPLETE,EXPECTED
2023-11-28 00:00:00,2015.217,2018.027,2013.824,2014.899,240,240,0,COMPLETE,
2023-11-28 04:00:00,2014.937,2016.871,2012.086,2013.512,240,240,0,COMPLETE,
2023-11-28 08:00:00,2013.509,2016.657,2012.478,2015.128,240,240,0,COMPLETE,
2023-11-28 12:00:00,2015.173,2031.509,2011.364,2030.794,240,240,0,COMPLETE,
2023-11-28 16:00:00,2030.797,2043.0,2030.365,2041.773,240,240,0,COMPLETE,
2023-11-28 20:00:00,2041.769,2044.573,2039.606,2044.404,177,240,63,EXPECTED_INCOMPLETE,EXPECTED
2023-11-29 00:00:00,2044.426,2052.026,2042.752,2044.011,240,240,0,COMPLETE,
2023-11-29 04:00:00,2044.016,2049.001,2040.982,2042.483,240,240,0,COMPLETE,
2023-11-29 08:00:00,2042.411,2044.084,2035.228,2040.062,240,240,0,COMPLETE,
2023-11-29 12:00:00,2040.021,2046.971,2037.072,2042.886,240,240,0,COMPLETE,
2023-11-29 16:00:00,2042.86,2049.535,2039.483,2046.255,240,240,0,COMPLETE,
2023-11-29 20:00:00,2046.269,2046.421,2042.793,2044.642,177,240,63,EXPECTED_INCOMPLETE,EXPECTED
2023-11-30 00:00:00,2044.64,2047.265,2042.574,2046.039,240,240,0,COMPLETE,
2023-11-30 04:00:00,2046.065,2046.883,2041.329,2044.574,240,240,0,COMPLETE,
2023-11-30 08:00:00,2044.661,2045.661,2035.857,2037.148,240,240,0,COMPLETE,
2023-11-30 12:00:00,2037.195,2044.056,2031.286,2037.827,240,240,0,COMPLETE,
2023-11-30 16:00:00,2037.842,2041.369,2033.581,2036.067,240,240,0,COMPLETE,
2023-11-30 20:00:00,2036.018,2040.461,2034.713,2039.918,177,240,63,EXPECTED_INCOMPLETE,EXPECTED
2023-12-01 00:00:00,2040.075,2043.37,2038.653,2039.403,240,240,0,COMPLETE,
2023-12-01 04:00:00,2039.403,2042.821,2038.807,2039.502,240,240,0,COMPLETE,
2023-12-01 08:00:00,2039.55,2049.87,2036.418,2037.033,240,240,0,COMPLETE,
2023-12-01 12:00:00,2037.064,2053.269,2033.848,2049.307,240,240,0,COMPLETE,
2023-12-01 16:00:00,2049.334,2075.279,2044.592,2066.985,240,240,0,COMPLETE,
2023-12-01 20:00:00,2066.982,2071.845,2066.388,2071.613,118,240,122,EXPECTED_INCOMPLETE,EXPECTED
2023-12-02 00:00:00,,,,,0,240,240,SESSION_CLOSED_EXPECTED,EXPECTED
2023-12-02 04:00:00,,,,,0,240,240,SESSION_CLOSED_EXPECTED,EXPECTED
2023-12-02 08:00:00,,,,,0,240,240,SESSION_CLOSED_EXPECTED,EXPECTED
2023-12-02 12:00:00,,,,,0,240,240,SESSION_CLOSED_EXPECTED,EXPECTED
2023-12-02 16:00:00,,,,,0,240,240,SESSION_CLOSED_EXPECTED,EXPECTED
2023-12-02 20:00:00,,,,,0,240,240,SESSION_CLOSED_EXPECTED,EXPECTED
2023-12-03 00:00:00,,,,,0,240,240,SESSION_CLOSED_EXPECTED,EXPECTED
2023-12-03 04:00:00,,,,,0,240,240,SESSION_CLOSED_EXPECTED,EXPECTED
2023-12-03 08:00:00,,,,,0,240,240,SESSION_CLOSED_EXPECTED,EXPECTED
2023-12-03 12:00:00,,,,,0,240,240,SESSION_CLOSED_EXPECTED,EXPECTED
2023-12-03 16:00:00,,,,,0,240,240,SESSION_CLOSED_EXPECTED,EXPECTED
2023-12-03 20:00:00,2074.106,2144.501,2071.644,2117.509,55,240,185,EXPECTED_INCOMPLETE,EXPECTED
2023-12-04 00:00:00,2117.936,2120.648,2083.15,2085.775,240,240,0,COMPLETE,
2023-12-04 04:00:00,2085.799,2090.49,2061.459,2063.548,240,240,0,COMPLETE,
2023-12-04 08:00:00,2063.587,2076.372,2057.695,2070.835,240,240,0,COMPLETE,
2023-12-04 12:00:00,2070.807,2071.32,2019.986,2022.545,240,240,0,COMPLETE,
2023-12-04 16:00:00,2022.515,2031.502,2020.66,2030.877,240,240,0,COMPLETE,
2023-12-04 20:00:00,2030.911,2034.131,2026.144,2034.088,177,240,63,EXPECTED_INCOMPLETE,EXPECTED
2023-12-05 00:00:00,2033.93,2041.171,2032.652,2037.286,240,240,0,COMPLETE,
2023-12-05 04:00:00,2037.271,2038.316,2030.378,2032.642,240,240,0,COMPLETE,
2023-12-05 08:00:00,2032.599,2039.578,2021.492,2024.679,240,240,0,COMPLETE,
2023-12-05 12:00:00,2024.717,2030.825,2009.744,2016.23,240,240,0,COMPLETE,
2023-12-05 16:00:00,2016.27,2020.565,2012.116,2019.721,240,240,0,COMPLETE,
2023-12-05 20:00:00,2019.712,2020.909,2017.177,2018.903,177,240,63,EXPECTED_INCOMPLETE,EXPECTED
2023-12-06 00:00:00,2018.904,2024.187,2018.684,2023.13,240,240,0,COMPLETE,
2023-12-06 04:00:00,2023.171,2035.915,2020.383,2034.03,240,240,0,COMPLETE,
2023-12-06 08:00:00,2033.99,2034.898,2020.091,2021.316,240,240,0,COMPLETE,
2023-12-06 12:00:00,2021.332,2033.017,2020.955,2030.21,240,240,0,COMPLETE,
2023-12-06 16:00:00,2030.245,2031.334,2023.86,2029.879,240,240,0,COMPLETE,
2023-12-06 20:00:00,2029.886,2029.903,2024.391,2027.006,177,240,63,EXPECTED_INCOMPLETE,EXPECTED
2023-12-07 00:00:00,2026.977,2030.051,2026.016,2026.869,240,240,0,COMPLETE,
2023-12-07 04:00:00,2026.827,2030.739,2025.165,2029.584,240,240,0,COMPLETE,
2023-12-07 08:00:00,2029.625,2035.115,2028.804,2032.562,240,240,0,COMPLETE,
2023-12-07 12:00:00,2032.562,2039.894,2025.074,2029.299,240,240,0,COMPLETE,
2023-12-07 16:00:00,2029.255,2031.875,2020.091,2029.821,240,240,0,COMPLETE,
2023-12-07 20:00:00,2029.842,2031.193,2026.743,2027.915,177,240,63,EXPECTED_INCOMPLETE,EXPECTED
2023-12-08 00:00:00,2028.063,2034.011,2027.498,2032.361,240,240,0,COMPLETE,
2023-12-08 04:00:00,2032.388,2032.407,2028.837,2030.905,240,240,0,COMPLETE,
2023-12-08 08:00:00,2030.855,2032.359,2026.433,2029.972,240,240,0,COMPLETE,
2023-12-08 12:00:00,2030.01,2030.1,2002.5,2008.866,240,240,0,COMPLETE,
2023-12-08 16:00:00,2008.866,2009.661,1994.543,2000.76,240,240,0,COMPLETE,
2023-12-08 20:00:00,2000.736,2005.043,2000.006,2004.339,118,240,122,EXPECTED_INCOMPLETE,EXPECTED
2023-12-09 00:00:00,,,,,0,240,240,SESSION_CLOSED_EXPECTED,EXPECTED
2023-12-09 04:00:00,,,,,0,240,240,SESSION_CLOSED_EXPECTED,EXPECTED
2023-12-09 08:00:00,,,,,0,240,240,SESSION_CLOSED_EXPECTED,EXPECTED
2023-12-09 12:00:00,,,,,0,240,240,SESSION_CLOSED_EXPECTED,EXPECTED
2023-12-09 16:00:00,,,,,0,240,240,SESSION_CLOSED_EXPECTED,EXPECTED
2023-12-09 20:00:00,,,,,0,240,240,SESSION_CLOSED_EXPECTED,EXPECTED
2023-12-10 00:00:00,,,,,0,240,240,SESSION_CLOSED_EXPECTED,EXPECTED
2023-12-10 04:00:00,,,,,0,240,240,SESSION_CLOSED_EXPECTED,EXPECTED
2023-12-10 08:00:00,,,,,0,240,240,SESSION_CLOSED_EXPECTED,EXPECTED
2023-12-10 12:00:00,,,,,0,240,240,SESSION_CLOSED_EXPECTED,EXPECTED
2023-12-10 16:00:00,,,,,0,240,240,SESSION_CLOSED_EXPECTED,EXPECTED
2023-12-10 20:00:00,2005.584,2007.648,2004.563,2007.054,55,240,185,EXPECTED_INCOMPLETE,EXPECTED
2023-12-11 00:00:00,2006.993,2007.807,1995.402,1996.89,240,240,0,COMPLETE,
2023-12-11 04:00:00,1996.905,2000.537,1991.27,1992.758,240,240,0,COMPLETE,
2023-12-11 08:00:00,1992.768,1997.822,1991.137,1996.1,240,240,0,COMPLETE,
2023-12-11 12:00:00,1996.153,1996.744,1980.572,1982.306,240,240,0,COMPLETE,
2023-12-11 16:00:00,1982.357,1984.306,1975.835,1981.576,240,240,0,COMPLETE,
2023-12-11 20:00:00,1981.616,1984.298,1980.284,1982.961,177,240,63,EXPECTED_INCOMPLETE,EXPECTED
2023-12-12 00:00:00,1982.952,1989.474,1981.855,1985.462,240,240,0,COMPLETE,
2023-12-12 04:00:00,1985.459,1989.085,1984.637,1988.019,240,240,0,COMPLETE,
2023-12-12 08:00:00,1987.989,1988.429,1982.615,1988.334,233,240,7,UNEXPECTED_INCOMPLETE,UNEXPECTED
2023-12-12 12:00:00,1988.367,1996.709,1980.013,1981.577,240,240,0,COMPLETE,
2023-12-12 16:00:00,1981.595,1983.644,1977.124,1980.267,240,240,0,COMPLETE,
2023-12-12 20:00:00,1980.261,1982.786,1978.999,1982.453,177,240,63,EXPECTED_INCOMPLETE,EXPECTED
2023-12-13 00:00:00,1982.452,1982.515,1977.715,1977.986,240,240,0,COMPLETE,
2023-12-13 04:00:00,1977.937,1980.469,1973.033,1979.225,240,240,0,COMPLETE,
2023-12-13 08:00:00,1979.265,1983.568,1978.563,1982.761,240,240,0,COMPLETE,
2023-12-13 12:00:00,1982.75,1986.708,1978.383,1981.784,240,240,0,COMPLETE,
2023-12-13 16:00:00,1981.824,2017.45,1979.622,2013.599,240,240,0,COMPLETE,
2023-12-13 20:00:00,2013.646,2033.133,2012.567,2032.813,177,240,63,EXPECTED_INCOMPLETE,EXPECTED
2023-12-14 00:00:00,2032.855,2039.32,2029.935,2030.978,240,240,0,COMPLETE,
2023-12-14 04:00:00,2030.939,2037.375,2029.256,2032.656,240,240,0,COMPLETE,
2023-12-14 08:00:00,2032.616,2040.309,2031.985,2034.879,240,240,0,COMPLETE,
2023-12-14 12:00:00,2035.009,2047.909,2027.373,2040.213,240,240,0,COMPLETE,
2023-12-14 16:00:00,2040.183,2041.457,2028.944,2033.197,240,240,0,COMPLETE,
2023-12-14 20:00:00,2033.164,2038.646,2032.695,2035.553,177,240,63,EXPECTED_INCOMPLETE,EXPECTED
2023-12-15 00:00:00,2035.521,2037.455,2031.196,2035.745,240,240,0,COMPLETE,
2023-12-15 04:00:00,2035.708,2039.103,2034.323,2037.836,240,240,0,COMPLETE,
2023-12-15 08:00:00,2037.799,2044.372,2036.987,2041.637,240,240,0,COMPLETE,
2023-12-15 12:00:00,2041.622,2044.909,2026.895,2035.08,240,240,0,COMPLETE,
2023-12-15 16:00:00,2035.05,2036.405,2015.542,2019.069,240,240,0,COMPLETE,
2023-12-15 20:00:00,2019.015,2021.616,2017.394,2019.491,118,240,122,EXPECTED_INCOMPLETE,EXPECTED
2023-12-16 00:00:00,,,,,0,240,240,SESSION_CLOSED_EXPECTED,EXPECTED
2023-12-16 04:00:00,,,,,0,240,240,SESSION_CLOSED_EXPECTED,EXPECTED
2023-12-16 08:00:00,,,,,0,240,240,SESSION_CLOSED_EXPECTED,EXPECTED
2023-12-16 12:00:00,,,,,0,240,240,SESSION_CLOSED_EXPECTED,EXPECTED
2023-12-16 16:00:00,,,,,0,240,240,SESSION_CLOSED_EXPECTED,EXPECTED
2023-12-16 20:00:00,,,,,0,240,240,SESSION_CLOSED_EXPECTED,EXPECTED
2023-12-17 00:00:00,,,,,0,240,240,SESSION_CLOSED_EXPECTED,EXPECTED
2023-12-17 04:00:00,,,,,0,240,240,SESSION_CLOSED_EXPECTED,EXPECTED
2023-12-17 08:00:00,,,,,0,240,240,SESSION_CLOSED_EXPECTED,EXPECTED
2023-12-17 12:00:00,,,,,0,240,240,SESSION_CLOSED_EXPECTED,EXPECTED
2023-12-17 16:00:00,,,,,0,240,240,SESSION_CLOSED_EXPECTED,EXPECTED
2023-12-17 20:00:00,2019.802,2020.102,2015.893,2017.415,55,240,185,EXPECTED_INCOMPLETE,EXPECTED
2023-12-18 00:00:00,2017.414,2024.114,2016.067,2022.787,240,240,0,COMPLETE,
2023-12-18 04:00:00,2022.78,2024.832,2021.457,2023.146,240,240,0,COMPLETE,
2023-12-18 08:00:00,2023.114,2027.307,2018.736,2021.95,240,240,0,COMPLETE,
2023-12-18 12:00:00,2021.918,2026.908,2020.273,2022.284,240,240,0,COMPLETE,
2023-12-18 16:00:00,2022.329,2033.686,2021.148,2026.21,240,240,0,COMPLETE,
2023-12-18 20:00:00,2026.244,2027.989,2025.509,2027.604,177,240,63,EXPECTED_INCOMPLETE,EXPECTED
2023-12-19 00:00:00,2027.568,2029.29,2022.607,2023.338,240,240,0,COMPLETE,
2023-12-19 04:00:00,2023.288,2026.366,2021.696,2024.747,240,240,0,COMPLETE,
2023-12-19 08:00:00,2024.691,2028.409,2023.827,2026.523,240,240,0,COMPLETE,
2023-12-19 12:00:00,2026.543,2045.462,2026.167,2041.741,240,240,0,COMPLETE,
2023-12-19 16:00:00,2041.762,2046.969,2036.626,2039.445,240,240,0,COMPLETE,
2023-12-19 20:00:00,2039.482,2041.623,2038.674,2040.93,177,240,63,EXPECTED_INCOMPLETE,EXPECTED
2023-12-20 00:00:00,2040.862,2041.03,2036.7,2040.393,240,240,0,COMPLETE,
2023-12-20 04:00:00,2040.393,2043.452,2039.345,2042.275,240,240,0,COMPLETE,
2023-12-20 08:00:00,2042.209,2042.447,2031.757,2033.503,240,240,0,COMPLETE,
2023-12-20 12:00:00,2033.421,2039.883,2029.52,2032.478,240,240,0,COMPLETE,
2023-12-20 16:00:00,2032.528,2037.18,2030.125,2032.308,240,240,0,COMPLETE,
2023-12-20 20:00:00,2032.27,2033.828,2027.384,2032.127,177,240,63,EXPECTED_INCOMPLETE,EXPECTED
2023-12-21 00:00:00,2032.103,2037.669,2031.904,2037.366,240,240,0,COMPLETE,
2023-12-21 04:00:00,2037.372,2038.259,2033.858,2034.877,240,240,0,COMPLETE,
2023-12-21 08:00:00,2034.861,2037.196,2032.982,2034.054,240,240,0,COMPLETE,
2023-12-21 12:00:00,2034.097,2046.005,2032.003,2041.472,240,240,0,COMPLETE,
2023-12-21 16:00:00,2041.464,2045.157,2037.411,2043.929,240,240,0,COMPLETE,
2023-12-21 20:00:00,2043.927,2055.011,2043.061,2052.779,177,240,63,EXPECTED_INCOMPLETE,EXPECTED
2023-12-22 00:00:00,2052.787,2053.914,2046.755,2048.258,240,240,0,COMPLETE,
2023-12-22 04:00:00,2048.258,2050.898,2047.038,2049.939,240,240,0,COMPLETE,
2023-12-22 08:00:00,2049.935,2063.0,2049.619,2060.626,240,240,0,COMPLETE,
2023-12-22 12:00:00,2060.681,2070.612,2057.653,2060.785,240,240,0,COMPLETE,
2023-12-22 16:00:00,2060.786,2062.167,2051.101,2053.959,240,240,0,COMPLETE,
2023-12-22 20:00:00,2053.949,2054.052,2052.084,2053.095,118,240,122,EXPECTED_INCOMPLETE,EXPECTED
2023-12-23 00:00:00,,,,,0,240,240,SESSION_CLOSED_EXPECTED,EXPECTED
2023-12-23 04:00:00,,,,,0,240,240,SESSION_CLOSED_EXPECTED,EXPECTED
2023-12-23 08:00:00,,,,,0,240,240,SESSION_CLOSED_EXPECTED,EXPECTED
2023-12-23 12:00:00,,,,,0,240,240,SESSION_CLOSED_EXPECTED,EXPECTED
2023-12-23 16:00:00,,,,,0,240,240,SESSION_CLOSED_EXPECTED,EXPECTED
2023-12-23 20:00:00,,,,,0,240,240,SESSION_CLOSED_EXPECTED,EXPECTED
2023-12-24 00:00:00,,,,,0,240,240,SESSION_CLOSED_EXPECTED,EXPECTED
2023-12-24 04:00:00,,,,,0,240,240,SESSION_CLOSED_EXPECTED,EXPECTED
2023-12-24 08:00:00,,,,,0,240,240,SESSION_CLOSED_EXPECTED,EXPECTED
2023-12-24 12:00:00,,,,,0,240,240,SESSION_CLOSED_EXPECTED,EXPECTED
2023-12-24 16:00:00,,,,,0,240,240,SESSION_CLOSED_EXPECTED,EXPECTED
2023-12-24 20:00:00,,,,,0,240,240,SESSION_CLOSED_EXPECTED,EXPECTED
2023-12-25 00:00:00,,,,,0,240,240,SESSION_CLOSED_EXPECTED,EXPECTED
2023-12-25 04:00:00,,,,,0,240,240,SESSION_CLOSED_EXPECTED,EXPECTED
2023-12-25 08:00:00,,,,,0,240,240,SESSION_CLOSED_EXPECTED,EXPECTED
2023-12-25 12:00:00,,,,,0,240,240,SESSION_CLOSED_EXPECTED,EXPECTED
2023-12-25 16:00:00,,,,,0,240,240,SESSION_CLOSED_EXPECTED,EXPECTED
2023-12-25 20:00:00,2057.319,2057.454,2053.147,2054.471,54,240,186,EXPECTED_INCOMPLETE,EXPECTED
2023-12-26 00:00:00,2054.462,2065.059,2053.317,2063.87,240,240,0,COMPLETE,
2023-12-26 04:00:00,2063.837,2064.953,2061.279,2064.132,240,240,0,COMPLETE,
2023-12-26 08:00:00,2064.151,2064.548,2060.434,2063.416,240,240,0,COMPLETE,
2023-12-26 12:00:00,2063.463,2063.896,2054.438,2056.755,240,240,0,COMPLETE,
2023-12-26 16:00:00,2056.771,2062.07,2056.472,2061.63,240,240,0,COMPLETE,
2023-12-26 20:00:00,2061.657,2069.052,2061.491,2065.53,177,240,63,EXPECTED_INCOMPLETE,EXPECTED
2023-12-27 00:00:00,2065.861,2067.813,2063.892,2064.528,240,240,0,COMPLETE,
2023-12-27 04:00:00,2064.534,2067.405,2064.056,2065.947,240,240,0,COMPLETE,
2023-12-27 08:00:00,2065.945,2069.253,2061.464,2068.069,240,240,0,COMPLETE,
2023-12-27 12:00:00,2068.116,2081.882,2064.366,2078.816,240,240,0,COMPLETE,
2023-12-27 16:00:00,2078.786,2084.425,2075.86,2077.449,240,240,0,COMPLETE,
2023-12-27 20:00:00,2077.497,2079.535,2076.29,2079.169,177,240,63,EXPECTED_INCOMPLETE,EXPECTED
2023-12-28 00:00:00,2079.266,2088.447,2079.17,2087.199,240,240,0,COMPLETE,
2023-12-28 04:00:00,2087.2,2087.614,2083.971,2086.075,240,240,0,COMPLETE,
2023-12-28 08:00:00,2086.151,2086.42,2072.664,2075.486,240,240,0,COMPLETE,
2023-12-28 12:00:00,2075.509,2081.143,2071.294,2077.236,240,240,0,COMPLETE,
2023-12-28 16:00:00,2077.19,2077.322,2065.891,2068.055,240,240,0,COMPLETE,
2023-12-28 20:00:00,2068.009,2068.896,2064.456,2066.564,177,240,63,EXPECTED_INCOMPLETE,EXPECTED
2023-12-29 00:00:00,2066.602,2071.392,2066.011,2069.494,240,240,0,COMPLETE,
2023-12-29 04:00:00,2069.493,2074.728,2068.848,2071.925,240,240,0,COMPLETE,
2023-12-29 08:00:00,2071.974,2073.425,2061.782,2067.69,240,240,0,COMPLETE,
2023-12-29 12:00:00,2067.72,2068.868,2058.118,2064.836,240,240,0,COMPLETE,
2023-12-29 16:00:00,2064.791,2068.103,2061.092,2067.251,240,240,0,COMPLETE,
2023-12-29 20:00:00,2067.228,2067.363,2062.424,2062.838,118,240,122,EXPECTED_INCOMPLETE,EXPECTED
2023-12-30 00:00:00,,,,,0,240,240,SESSION_CLOSED_EXPECTED,EXPECTED
2023-12-30 04:00:00,,,,,0,240,240,SESSION_CLOSED_EXPECTED,EXPECTED
2023-12-30 08:00:00,,,,,0,240,240,SESSION_CLOSED_EXPECTED,EXPECTED
2023-12-30 12:00:00,,,,,0,240,240,SESSION_CLOSED_EXPECTED,EXPECTED
2023-12-30 16:00:00,,,,,0,240,240,SESSION_CLOSED_EXPECTED,EXPECTED
2023-12-30 20:00:00,,,,,0,240,240,SESSION_CLOSED_EXPECTED,EXPECTED
2023-12-31 00:00:00,,,,,0,240,240,SESSION_CLOSED_EXPECTED,EXPECTED
2023-12-31 04:00:00,,,,,0,240,240,SESSION_CLOSED_EXPECTED,EXPECTED
2023-12-31 08:00:00,,,,,0,240,240,SESSION_CLOSED_EXPECTED,EXPECTED
2023-12-31 12:00:00,,,,,0,240,240,SESSION_CLOSED_EXPECTED,EXPECTED
2023-12-31 16:00:00,,,,,0,240,240,SESSION_CLOSED_EXPECTED,EXPECTED
2023-12-31 20:00:00,,,,,0,240,240,SESSION_CLOSED_EXPECTED,EXPECTED
2024-01-01 00:00:00,,,,,0,240,240,SESSION_CLOSED_EXPECTED,EXPECTED
2024-01-01 04:00:00,,,,,0,240,240,SESSION_CLOSED_EXPECTED,EXPECTED
2024-01-01 08:00:00,,,,,0,240,240,SESSION_CLOSED_EXPECTED,EXPECTED
2024-01-01 12:00:00,,,,,0,240,240,SESSION_CLOSED_EXPECTED,EXPECTED
2024-01-01 16:00:00,,,,,0,240,240,SESSION_CLOSED_EXPECTED,EXPECTED
2024-01-01 20:00:00,2064.593,2066.001,2062.634,2063.543,54,240,186,EXPECTED_INCOMPLETE,EXPECTED
2024-01-02 00:00:00,2063.347,2070.338,2062.165,2069.487,240,240,0,COMPLETE,
2024-01-02 04:00:00,2069.492,2076.662,2068.823,2073.065,240,240,0,COMPLETE,
2024-01-02 08:00:00,2073.13,2078.877,2068.218,2069.221,240,240,0,COMPLETE,
2024-01-02 12:00:00,2069.177,2071.026,2056.097,2059.307,240,240,0,COMPLETE,
2024-01-02 16:00:00,2059.336,2067.583,2059.094,2060.946,240,240,0,COMPLETE,
2024-01-02 20:00:00,2060.99,2061.58,2057.837,2059.476,177,240,63,EXPECTED_INCOMPLETE,EXPECTED
2024-01-03 00:00:00,2059.448,2065.547,2059.226,2065.072,240,240,0,COMPLETE,
2024-01-03 04:00:00,2065.023,2065.977,2060.829,2062.915,240,240,0,COMPLETE,
2024-01-03 08:00:00,2062.917,2064.333,2046.614,2047.617,240,240,0,COMPLETE,
2024-01-03 12:00:00,2047.648,2048.757,2031.682,2032.552,240,240,0,COMPLETE,
2024-01-03 16:00:00,2032.601,2042.275,2030.537,2036.62,240,240,0,COMPLETE,
2024-01-03 20:00:00,2036.579,2043.678,2036.405,2042.666,177,240,63,EXPECTED_INCOMPLETE,EXPECTED
2024-01-04 00:00:00,2042.657,2046.932,2040.044,2044.676,240,240,0,COMPLETE,
2024-01-04 04:00:00,2044.682,2049.556,2042.345,2047.602,240,240,0,COMPLETE,
2024-01-04 08:00:00,2047.656,2050.971,2044.829,2045.133,240,240,0,COMPLETE,
2024-01-04 12:00:00,2045.136,2047.735,2036.185,2045.046,240,240,0,COMPLETE,
2024-01-04 16:00:00,2045.084,2046.674,2040.825,2044.3,240,240,0,COMPLETE,
2024-01-04 20:00:00,2044.282,2044.783,2042.481,2043.865,177,240,63,EXPECTED_INCOMPLETE,EXPECTED
2024-01-05 00:00:00,2043.917,2048.239,2043.235,2045.323,240,240,0,COMPLETE,
2024-01-05 04:00:00,2045.279,2046.986,2040.862,2043.126,240,240,0,COMPLETE,
2024-01-05 08:00:00,2043.144,2044.389,2037.017,2039.152,240,240,0,COMPLETE,
2024-01-05 12:00:00,2039.136,2063.99,2024.386,2054.775,240,240,0,COMPLETE,
2024-01-05 16:00:00,2054.829,2056.204,2040.371,2045.682,240,240,0,COMPLETE,
2024-01-05 20:00:00,2045.706,2046.177,2042.787,2045.474,118,240,122,EXPECTED_INCOMPLETE,EXPECTED
2024-01-06 00:00:00,,,,,0,240,240,SESSION_CLOSED_EXPECTED,EXPECTED
2024-01-06 04:00:00,,,,,0,240,240,SESSION_CLOSED_EXPECTED,EXPECTED
2024-01-06 08:00:00,,,,,0,240,240,SESSION_CLOSED_EXPECTED,EXPECTED
2024-01-06 12:00:00,,,,,0,240,240,SESSION_CLOSED_EXPECTED,EXPECTED
2024-01-06 16:00:00,,,,,0,240,240,SESSION_CLOSED_EXPECTED,EXPECTED
2024-01-06 20:00:00,,,,,0,240,240,SESSION_CLOSED_EXPECTED,EXPECTED
2024-01-07 00:00:00,,,,,0,240,240,SESSION_CLOSED_EXPECTED,EXPECTED
2024-01-07 04:00:00,,,,,0,240,240,SESSION_CLOSED_EXPECTED,EXPECTED
2024-01-07 08:00:00,,,,,0,240,240,SESSION_CLOSED_EXPECTED,EXPECTED
2024-01-07 12:00:00,,,,,0,240,240,SESSION_CLOSED_EXPECTED,EXPECTED
2024-01-07 16:00:00,,,,,0,240,240,SESSION_CLOSED_EXPECTED,EXPECTED
2024-01-07 20:00:00,2044.577,2045.574,2042.911,2044.207,55,240,185,EXPECTED_INCOMPLETE,EXPECTED
2024-01-08 00:00:00,2044.212,2046.582,2035.017,2036.098,240,240,0,COMPLETE,
2024-01-08 04:00:00,2036.117,2037.543,2026.943,2031.393,240,240,0,COMPLETE,
2024-01-08 08:00:00,2031.393,2031.735,2016.655,2020.087,240,240,0,COMPLETE,
2024-01-08 12:00:00,2020.056,2034.784,2018.367,2034.224,240,240,0,COMPLETE,
2024-01-08 16:00:00,2034.256,2036.904,2026.269,2029.301,240,240,0,COMPLETE,
2024-01-08 20:00:00,2029.314,2030.686,2026.082,2030.438,177,240,63,EXPECTED_INCOMPLETE,EXPECTED
2024-01-09 00:00:00,2030.409,2035.902,2030.409,2033.59,240,240,0,COMPLETE,
2024-01-09 04:00:00,2033.601,2037.212,2030.296,2035.961,240,240,0,COMPLETE,
2024-01-09 08:00:00,2036.012,2038.483,2031.245,2034.935,240,240,0,COMPLETE,
2024-01-09 12:00:00,2034.992,2041.991,2028.71,2028.71,240,240,0,COMPLETE,
2024-01-09 16:00:00,2028.661,2032.019,2026.015,2028.79,240,240,0,COMPLETE,
2024-01-09 20:00:00,2028.809,2031.085,2027.966,2030.401,177,240,63,EXPECTED_INCOMPLETE,EXPECTED
2024-01-10 00:00:00,2030.403,2032.83,2027.234,2028.802,240,240,0,COMPLETE,
2024-01-10 04:00:00,2028.798,2031.614,2023.762,2030.928,240,240,0,COMPLETE,
2024-01-10 08:00:00,2030.924,2040.3,2030.168,2034.043,240,240,0,COMPLETE,
2024-01-10 12:00:00,2034.048,2035.664,2024.774,2027.816,240,240,0,COMPLETE,
2024-01-10 16:00:00,2027.774,2028.5,2020.353,2024.008,240,240,0,COMPLETE,
2024-01-10 20:00:00,2024.071,2027.695,2021.842,2026.358,177,240,63,EXPECTED_INCOMPLETE,EXPECTED
2024-01-11 00:00:00,2026.413,2031.985,2026.413,2030.79,240,240,0,COMPLETE,
2024-01-11 04:00:00,2030.79,2035.659,2030.78,2033.842,240,240,0,COMPLETE,
2024-01-11 08:00:00,2033.891,2034.384,2030.096,2034.287,240,240,0,COMPLETE,
2024-01-11 12:00:00,2034.321,2048.118,2024.857,2028.987,240,240,0,COMPLETE,
2024-01-11 16:00:00,2028.954,2029.603,2013.209,2026.438,240,240,0,COMPLETE,
2024-01-11 20:00:00,2026.487,2035.447,2023.44,2034.954,177,240,63,EXPECTED_INCOMPLETE,EXPECTED
2024-01-12 00:00:00,2035.012,2035.637,2030.026,2033.877,240,240,0,COMPLETE,
2024-01-12 04:00:00,2033.845,2039.339,2032.794,2037.555,240,240,0,COMPLETE,
2024-01-12 08:00:00,2037.552,2047.362,2036.909,2045.306,240,240,0,COMPLETE,
2024-01-12 12:00:00,2045.339,2062.284,2044.342,2053.61,240,240,0,COMPLETE,
2024-01-12 16:00:00,2053.643,2055.53,2041.397,2047.282,240,240,0,COMPLETE,
2024-01-12 20:00:00,2047.331,2049.223,2046.008,2049.032,118,240,122,EXPECTED_INCOMPLETE,EXPECTED
2024-01-13 00:00:00,,,,,0,240,240,SESSION_CLOSED_EXPECTED,EXPECTED
2024-01-13 04:00:00,,,,,0,240,240,SESSION_CLOSED_EXPECTED,EXPECTED
2024-01-13 08:00:00,,,,,0,240,240,SESSION_CLOSED_EXPECTED,EXPECTED
2024-01-13 12:00:00,,,,,0,240,240,SESSION_CLOSED_EXPECTED,EXPECTED
2024-01-13 16:00:00,,,,,0,240,240,SESSION_CLOSED_EXPECTED,EXPECTED
2024-01-13 20:00:00,,,,,0,240,240,SESSION_CLOSED_EXPECTED,EXPECTED
2024-01-14 00:00:00,,,,,0,240,240,SESSION_CLOSED_EXPECTED,EXPECTED
2024-01-14 04:00:00,,,,,0,240,240,SESSION_CLOSED_EXPECTED,EXPECTED
2024-01-14 08:00:00,,,,,0,240,240,SESSION_CLOSED_EXPECTED,EXPECTED
2024-01-14 12:00:00,,,,,0,240,240,SESSION_CLOSED_EXPECTED,EXPECTED
2024-01-14 16:00:00,,,,,0,240,240,SESSION_CLOSED_EXPECTED,EXPECTED
2024-01-14 20:00:00,2048.13,2048.705,2046.294,2047.586,55,240,185,EXPECTED_INCOMPLETE,EXPECTED
2024-01-15 00:00:00,2047.652,2058.04,2045.752,2057.375,240,240,0,COMPLETE,
2024-01-15 04:00:00,2057.369,2057.551,2052.872,2054.114,240,240,0,COMPLETE,
2024-01-15 08:00:00,2054.168,2058.626,2051.442,2053.258,240,240,0,COMPLETE,
2024-01-15 12:00:00,2053.257,2054.42,2049.151,2053.258,240,240,0,COMPLETE,
2024-01-15 16:00:00,2053.234,2056.386,2053.148,2053.94,195,240,45,UNEXPECTED_INCOMPLETE,UNEXPECTED
2024-01-15 20:00:00,2054.529,2055.328,2053.038,2053.836,59,240,181,UNEXPECTED_INCOMPLETE,UNEXPECTED
2024-01-16 00:00:00,2053.862,2054.508,2048.344,2049.437,240,240,0,COMPLETE,
2024-01-16 04:00:00,2049.437,2050.885,2047.35,2049.375,240,240,0,COMPLETE,
2024-01-16 08:00:00,2049.344,2050.024,2038.139,2039.874,240,240,0,COMPLETE,
2024-01-16 12:00:00,2039.826,2045.13,2031.244,2041.053,240,240,0,COMPLETE,
2024-01-16 16:00:00,2041.102,2041.269,2024.186,2029.19,240,240,0,COMPLETE,
2024-01-16 20:00:00,2029.22,2029.754,2025.605,2027.828,177,240,63,EXPECTED_INCOMPLETE,EXPECTED
2024-01-17 00:00:00,2027.861,2032.936,2023.395,2024.074,240,240,0,COMPLETE,
2024-01-17 04:00:00,2024.07,2026.111,2017.543,2025.746,240,240,0,COMPLETE,
2024-01-17 08:00:00,2025.696,2028.319,2019.003,2023.938,240,240,0,COMPLETE,
2024-01-17 12:00:00,2023.893,2029.012,2006.077,2008.859,240,240,0,COMPLETE,
2024-01-17 16:00:00,2008.815,2011.943,2001.763,2005.414,240,240,0,COMPLETE,
2024-01-17 20:00:00,2005.46,2009.602,2004.711,2009.247,177,240,63,EXPECTED_INCOMPLETE,EXPECTED
2024-01-18 00:00:00,2009.264,2012.047,2006.436,2008.02,240,240,0,COMPLETE,
2024-01-18 04:00:00,2008.007,2014.013,2005.717,2012.318,240,240,0,COMPLETE,
2024-01-18 08:00:00,2012.305,2013.472,2008.065,2012.554,240,240,0,COMPLETE,
2024-01-18 12:00:00,2012.578,2017.245,2007.36,2013.55,240,240,0,COMPLETE,
2024-01-18 16:00:00,2013.552,2021.101,2013.017,2019.746,240,240,0,COMPLETE,
2024-01-18 20:00:00,2019.74,2024.229,2019.74,2023.423,177,240,63,EXPECTED_INCOMPLETE,EXPECTED
2024-01-19 00:00:00,2023.523,2025.489,2021.856,2022.746,240,240,0,COMPLETE,
2024-01-19 04:00:00,2022.743,2029.602,2020.306,2027.947,240,240,0,COMPLETE,
2024-01-19 08:00:00,2027.907,2031.973,2026.173,2031.617,240,240,0,COMPLETE,
2024-01-19 12:00:00,2031.656,2039.258,2023.135,2027.662,240,240,0,COMPLETE,
2024-01-19 16:00:00,2027.637,2029.509,2023.178,2029.076,240,240,0,COMPLETE,
2024-01-19 20:00:00,2029.056,2029.97,2027.686,2029.452,118,240,122,EXPECTED_INCOMPLETE,EXPECTED
2024-01-20 00:00:00,,,,,0,240,240,SESSION_CLOSED_EXPECTED,EXPECTED
2024-01-20 04:00:00,,,,,0,240,240,SESSION_CLOSED_EXPECTED,EXPECTED
2024-01-20 08:00:00,,,,,0,240,240,SESSION_CLOSED_EXPECTED,EXPECTED
2024-01-20 12:00:00,,,,,0,240,240,SESSION_CLOSED_EXPECTED,EXPECTED
2024-01-20 16:00:00,,,,,0,240,240,SESSION_CLOSED_EXPECTED,EXPECTED
2024-01-20 20:00:00,,,,,0,240,240,SESSION_CLOSED_EXPECTED,EXPECTED
2024-01-21 00:00:00,,,,,0,240,240,SESSION_CLOSED_EXPECTED,EXPECTED
2024-01-21 04:00:00,,,,,0,240,240,SESSION_CLOSED_EXPECTED,EXPECTED
2024-01-21 08:00:00,,,,,0,240,240,SESSION_CLOSED_EXPECTED,EXPECTED
2024-01-21 12:00:00,,,,,0,240,240,SESSION_CLOSED_EXPECTED,EXPECTED
2024-01-21 16:00:00,,,,,0,240,240,SESSION_CLOSED_EXPECTED,EXPECTED
2024-01-21 20:00:00,2028.529,2028.562,2026.847,2027.505,55,240,185,EXPECTED_INCOMPLETE,EXPECTED
2024-01-22 00:00:00,2027.49,2032.074,2025.38,2026.942,240,240,0,COMPLETE,
2024-01-22 04:00:00,2026.938,2027.171,2019.044,2021.786,240,240,0,COMPLETE,
2024-01-22 08:00:00,2021.757,2026.607,2020.407,2026.115,240,240,0,COMPLETE,
2024-01-22 12:00:00,2026.066,2030.157,2016.399,2024.099,240,240,0,COMPLETE,
2024-01-22 16:00:00,2024.142,2024.601,2019.027,2020.96,240,240,0,COMPLETE,
2024-01-22 20:00:00,2020.973,2021.771,2019.111,2020.552,177,240,63,EXPECTED_INCOMPLETE,EXPECTED
2024-01-23 00:00:00,2020.554,2027.86,2019.559,2027.393,240,240,0,COMPLETE,
2024-01-23 04:00:00,2027.389,2037.899,2026.647,2031.549,240,240,0,COMPLETE,
2024-01-23 08:00:00,2031.553,2031.648,2022.361,2023.86,240,240,0,COMPLETE,
2024-01-23 12:00:00,2023.867,2030.321,2021.353,2025.108,240,240,0,COMPLETE,
2024-01-23 16:00:00,2025.165,2030.689,2022.564,2029.836,240,240,0,COMPLETE,
2024-01-23 20:00:00,2029.818,2030.285,2027.096,2029.137,175,240,65,EXPECTED_INCOMPLETE,EXPECTED
2024-01-24 00:00:00,2029.002,2029.264,2023.703,2024.82,240,240,0,COMPLETE,
2024-01-24 04:00:00,2024.818,2031.576,2022.733,2029.531,240,240,0,COMPLETE,
2024-01-24 08:00:00,2029.561,2034.231,2028.183,2033.462,240,240,0,COMPLETE,
2024-01-24 12:00:00,2033.409,2036.593,2014.826,2015.209,240,240,0,COMPLETE,
2024-01-24 16:00:00,2015.247,2019.784,2011.138,2012.057,240,240,0,COMPLETE,
2024-01-24 20:00:00,2012.089,2017.395,2011.783,2016.101,174,240,66,UNEXPECTED_INCOMPLETE,EXPECTED|UNEXPECTED
2024-01-25 00:00:00,2015.977,2017.283,2014.439,2015.768,240,240,0,COMPLETE,
2024-01-25 04:00:00,2015.766,2018.218,2013.551,2015.811,240,240,0,COMPLETE,
2024-01-25 08:00:00,2015.763,2019.493,2012.602,2017.45,240,240,0,COMPLETE,
2024-01-25 12:00:00,2017.45,2025.271,2009.361,2020.279,240,240,0,COMPLETE,
2024-01-25 16:00:00,2020.285,2021.607,2012.408,2017.7,240,240,0,COMPLETE,
2024-01-25 20:00:00,2017.734,2021.588,2016.869,2020.248,175,240,65,EXPECTED_INCOMPLETE,EXPECTED
2024-01-26 00:00:00,2020.356,2024.171,2019.322,2021.773,240,240,0,COMPLETE,
2024-01-26 04:00:00,2021.718,2023.468,2019.777,2021.252,240,240,0,COMPLETE,
2024-01-26 08:00:00,2021.249,2024.657,2018.179,2023.428,240,240,0,COMPLETE,
2024-01-26 12:00:00,2023.386,2026.819,2016.052,2017.085,240,240,0,COMPLETE,
2024-01-26 16:00:00,2017.019,2019.405,2015.868,2017.015,240,240,0,COMPLETE,
2024-01-26 20:00:00,2016.991,2019.215,2016.447,2018.469,117,240,123,EXPECTED_INCOMPLETE,EXPECTED
2024-01-27 00:00:00,,,,,0,240,240,SESSION_CLOSED_EXPECTED,EXPECTED
2024-01-27 04:00:00,,,,,0,240,240,SESSION_CLOSED_EXPECTED,EXPECTED
2024-01-27 08:00:00,,,,,0,240,240,SESSION_CLOSED_EXPECTED,EXPECTED
2024-01-27 12:00:00,,,,,0,240,240,SESSION_CLOSED_EXPECTED,EXPECTED
2024-01-27 16:00:00,,,,,0,240,240,SESSION_CLOSED_EXPECTED,EXPECTED
2024-01-27 20:00:00,,,,,0,240,240,SESSION_CLOSED_EXPECTED,EXPECTED
2024-01-28 00:00:00,,,,,0,240,240,SESSION_CLOSED_EXPECTED,EXPECTED
2024-01-28 04:00:00,,,,,0,240,240,SESSION_CLOSED_EXPECTED,EXPECTED
2024-01-28 08:00:00,,,,,0,240,240,SESSION_CLOSED_EXPECTED,EXPECTED
2024-01-28 12:00:00,,,,,0,240,240,SESSION_CLOSED_EXPECTED,EXPECTED
2024-01-28 16:00:00,,,,,0,240,240,SESSION_CLOSED_EXPECTED,EXPECTED
2024-01-28 20:00:00,2023.424,2028.615,2021.186,2021.831,55,240,185,EXPECTED_INCOMPLETE,EXPECTED
2024-01-29 00:00:00,2021.832,2026.317,2019.282,2025.602,240,240,0,COMPLETE,
2024-01-29 04:00:00,2025.594,2033.855,2024.656,2031.274,240,240,0,COMPLETE,
2024-01-29 08:00:00,2031.243,2033.545,2025.427,2028.117,240,240,0,COMPLETE,
2024-01-29 12:00:00,2028.136,2037.561,2020.491,2025.387,240,240,0,COMPLETE,
2024-01-29 16:00:00,2025.345,2031.097,2023.989,2026.88,240,240,0,COMPLETE,
2024-01-29 20:00:00,2026.915,2035.226,2026.915,2030.73,177,240,63,EXPECTED_INCOMPLETE,EXPECTED
2024-01-30 00:00:00,2030.962,2034.065,2029.775,2031.999,240,240,0,COMPLETE,
2024-01-30 04:00:00,2032.003,2040.472,2031.153,2037.856,240,240,0,COMPLETE,
2024-01-30 08:00:00,2037.815,2039.464,2031.016,2034.252,240,240,0,COMPLETE,
2024-01-30 12:00:00,2034.224,2048.559,2029.029,2032.542,240,240,0,COMPLETE,
2024-01-30 16:00:00,2032.604,2037.021,2031.406,2036.038,240,240,0,COMPLETE,
2024-01-30 20:00:00,2036.003,2037.079,2035.235,2036.234,177,240,63,EXPECTED_INCOMPLETE,EXPECTED
2024-01-31 00:00:00,2036.4,2038.643,2032.821,2033.905,240,240,0,COMPLETE,
2024-01-31 04:00:00,2033.907,2038.542,2033.197,2036.561,240,240,0,COMPLETE,
2024-01-31 08:00:00,2036.564,2040.437,2036.077,2037.284,240,240,0,COMPLETE,
2024-01-31 12:00:00,2037.289,2055.982,2035.981,2052.118,240,240,0,COMPLETE,
2024-01-31 16:00:00,2052.132,2053.58,2039.454,2044.78,240,240,0,COMPLETE,
2024-01-31 20:00:00,2044.748,2045.906,2030.814,2039.786,177,240,63,EXPECTED_INCOMPLETE,EXPECTED
2024-02-01 00:00:00,2039.897,2049.58,2039.102,2046.289,240,240,0,COMPLETE,
2024-02-01 04:00:00,2046.335,2046.643,2041.118,2042.895,240,240,0,COMPLETE,
2024-02-01 08:00:00,2042.81,2042.81,2029.913,2033.377,240,240,0,COMPLETE,
2024-02-01 12:00:00,2033.382,2053.016,2030.042,2051.911,240,240,0,COMPLETE,
2024-02-01 16:00:00,2051.859,2065.458,2051.254,2054.781,240,240,0,COMPLETE,
2024-02-01 20:00:00,2054.734,2056.101,2053.412,2054.624,177,240,63,EXPECTED_INCOMPLETE,EXPECTED
2024-02-02 00:00:00,2054.631,2056.91,2051.89,2054.562,240,240,0,COMPLETE,
2024-02-02 04:00:00,2054.564,2056.931,2054.062,2055.042,240,240,0,COMPLETE,
2024-02-02 08:00:00,2055.024,2056.758,2052.669,2056.036,240,240,0,COMPLETE,
2024-02-02 12:00:00,2056.066,2057.623,2027.741,2034.993,240,240,0,COMPLETE,
2024-02-02 16:00:00,2034.943,2038.732,2033.053,2038.052,240,240,0,COMPLETE,
2024-02-02 20:00:00,2038.107,2039.79,2035.968,2039.609,118,240,122,EXPECTED_INCOMPLETE,EXPECTED
2024-02-03 00:00:00,,,,,0,240,240,SESSION_CLOSED_EXPECTED,EXPECTED
2024-02-03 04:00:00,,,,,0,240,240,SESSION_CLOSED_EXPECTED,EXPECTED
2024-02-03 08:00:00,,,,,0,240,240,SESSION_CLOSED_EXPECTED,EXPECTED
2024-02-03 12:00:00,,,,,0,240,240,SESSION_CLOSED_EXPECTED,EXPECTED
2024-02-03 16:00:00,,,,,0,240,240,SESSION_CLOSED_EXPECTED,EXPECTED
2024-02-03 20:00:00,,,,,0,240,240,SESSION_CLOSED_EXPECTED,EXPECTED
2024-02-04 00:00:00,,,,,0,240,240,SESSION_CLOSED_EXPECTED,EXPECTED
2024-02-04 04:00:00,,,,,0,240,240,SESSION_CLOSED_EXPECTED,EXPECTED
2024-02-04 08:00:00,,,,,0,240,240,SESSION_CLOSED_EXPECTED,EXPECTED
2024-02-04 12:00:00,,,,,0,240,240,SESSION_CLOSED_EXPECTED,EXPECTED
2024-02-04 16:00:00,,,,,0,240,240,SESSION_CLOSED_EXPECTED,EXPECTED
2024-02-04 20:00:00,2041.781,2042.211,2039.056,2039.715,54,240,186,EXPECTED_INCOMPLETE,EXPECTED
2024-02-05 00:00:00,2039.299,2039.818,2030.248,2032.266,240,240,0,COMPLETE,
2024-02-05 04:00:00,2032.212,2033.297,2026.719,2027.502,240,240,0,COMPLETE,
2024-02-05 08:00:00,2027.556,2028.377,2020.584,2027.577,240,240,0,COMPLETE,
2024-02-05 12:00:00,2027.58,2028.018,2014.818,2017.79,240,240,0,COMPLETE,
2024-02-05 16:00:00,2017.746,2027.49,2017.739,2025.927,240,240,0,COMPLETE,
2024-02-05 20:00:00,2025.897,2026.382,2023.44,2024.86,175,240,65,EXPECTED_INCOMPLETE,EXPECTED
2024-02-06 00:00:00,2024.809,2028.576,2023.413,2023.894,240,240,0,COMPLETE,
2024-02-06 04:00:00,2023.896,2029.815,2023.535,2026.244,240,240,0,COMPLETE,
2024-02-06 08:00:00,2026.256,2027.472,2022.802,2026.694,240,240,0,COMPLETE,
2024-02-06 12:00:00,2026.647,2038.108,2024.472,2036.288,240,240,0,COMPLETE,
2024-02-06 16:00:00,2036.236,2038.88,2032.066,2035.904,240,240,0,COMPLETE,
2024-02-06 20:00:00,2035.964,2036.951,2034.302,2035.069,175,240,65,EXPECTED_INCOMPLETE,EXPECTED
2024-02-07 00:00:00,2035.115,2036.096,2034.025,2034.442,240,240,0,COMPLETE,
2024-02-07 04:00:00,2034.431,2036.142,2032.408,2035.124,240,240,0,COMPLETE,
2024-02-07 08:00:00,2035.181,2035.722,2031.216,2034.125,240,240,0,COMPLETE,
2024-02-07 12:00:00,2034.114,2044.52,2030.518,2038.345,240,240,0,COMPLETE,
2024-02-07 16:00:00,2038.303,2040.868,2033.941,2035.511,240,240,0,COMPLETE,
2024-02-07 20:00:00,2035.465,2036.369,2033.687,2036.227,174,240,66,UNEXPECTED_INCOMPLETE,EXPECTED|UNEXPECTED
2024-02-08 00:00:00,2036.224,2038.692,2031.724,2032.758,240,240,0,COMPLETE,
2024-02-08 04:00:00,2032.757,2034.951,2031.06,2032.794,240,240,0,COMPLETE,
2024-02-08 08:00:00,2032.795,2038.509,2027.771,2028.969,240,240,0,COMPLETE,
2024-02-08 12:00:00,2028.985,2034.006,2020.124,2031.932,240,240,0,COMPLETE,
2024-02-08 16:00:00,2031.974,2035.301,2027.664,2032.495,240,240,0,COMPLETE,
2024-02-08 20:00:00,2032.491,2034.579,2032.491,2034.124,175,240,65,EXPECTED_INCOMPLETE,EXPECTED
2024-02-09 00:00:00,2033.939,2035.116,2031.935,2033.547,240,240,0,COMPLETE,
2024-02-09 04:00:00,2033.575,2034.949,2032.113,2033.522,240,240,0,COMPLETE,
2024-02-09 08:00:00,2033.521,2034.065,2030.496,2031.51,240,240,0,COMPLETE,
2024-02-09 12:00:00,2031.517,2037.174,2021.784,2022.452,240,240,0,COMPLETE,
2024-02-09 16:00:00,2022.461,2026.311,2020.238,2024.749,240,240,0,COMPLETE,
2024-02-09 20:00:00,2024.739,2026.189,2023.805,2024.192,117,240,123,EXPECTED_INCOMPLETE,EXPECTED
2024-02-10 00:00:00,,,,,0,240,240,SESSION_CLOSED_EXPECTED,EXPECTED
2024-02-10 04:00:00,,,,,0,240,240,SESSION_CLOSED_EXPECTED,EXPECTED
2024-02-10 08:00:00,,,,,0,240,240,SESSION_CLOSED_EXPECTED,EXPECTED
2024-02-10 12:00:00,,,,,0,240,240,SESSION_CLOSED_EXPECTED,EXPECTED
2024-02-10 16:00:00,,,,,0,240,240,SESSION_CLOSED_EXPECTED,EXPECTED
2024-02-10 20:00:00,,,,,0,240,240,SESSION_CLOSED_EXPECTED,EXPECTED
2024-02-11 00:00:00,,,,,0,240,240,SESSION_CLOSED_EXPECTED,EXPECTED
2024-02-11 04:00:00,,,,,0,240,240,SESSION_CLOSED_EXPECTED,EXPECTED
2024-02-11 08:00:00,,,,,0,240,240,SESSION_CLOSED_EXPECTED,EXPECTED
2024-02-11 12:00:00,,,,,0,240,240,SESSION_CLOSED_EXPECTED,EXPECTED
2024-02-11 16:00:00,,,,,0,240,240,SESSION_CLOSED_EXPECTED,EXPECTED
2024-02-11 20:00:00,2026.346,2026.706,2024.402,2025.266,54,240,186,EXPECTED_INCOMPLETE,EXPECTED
2024-02-12 00:00:00,2025.416,2026.558,2021.813,2022.857,240,240,0,COMPLETE,
2024-02-12 04:00:00,2022.879,2026.403,2022.502,2025.5,240,240,0,COMPLETE,
2024-02-12 08:00:00,2025.448,2027.258,2019.916,2021.703,240,240,0,COMPLETE,
2024-02-12 12:00:00,2021.691,2027.537,2012.031,2013.133,240,240,0,COMPLETE,
2024-02-12 16:00:00,2013.203,2021.558,2011.848,2019.158,240,240,0,COMPLETE,
2024-02-12 20:00:00,2019.098,2020.519,2018.282,2018.65,175,240,65,EXPECTED_INCOMPLETE,EXPECTED
2024-02-13 00:00:00,2018.601,2021.194,2016.808,2018.524,240,240,0,COMPLETE,
2024-02-13 04:00:00,2018.479,2025.794,2018.324,2025.154,240,240,0,COMPLETE,
2024-02-13 08:00:00,2025.203,2029.294,2024.415,2027.666,240,240,0,COMPLETE,
2024-02-13 12:00:00,2027.713,2032.306,1989.965,1992.238,240,240,0,COMPLETE,
2024-02-13 16:00:00,1992.28,1997.775,1991.186,1991.754,240,240,0,COMPLETE,
2024-02-13 20:00:00,1991.715,1993.611,1990.357,1991.193,175,240,65,EXPECTED_INCOMPLETE,EXPECTED
2024-02-14 00:00:00,1991.332,1993.56,1988.795,1992.464,240,240,0,COMPLETE,
2024-02-14 04:00:00,1992.459,1993.3,1989.276,1989.439,240,240,0,COMPLETE,
2024-02-14 08:00:00,1989.499,1993.379,1985.936,1992.2,240,240,0,COMPLETE,
2024-02-14 12:00:00,1992.232,1993.185,1984.121,1987.847,240,240,0,COMPLETE,
2024-02-14 16:00:00,1987.897,1996.04,1987.383,1991.657,240,240,0,COMPLETE,
2024-02-14 20:00:00,1991.667,1994.921,1989.558,1993.452,174,240,66,UNEXPECTED_INCOMPLETE,EXPECTED|UNEXPECTED
2024-02-15 00:00:00,1993.441,1994.282,1990.17,1990.752,240,240,0,COMPLETE,
2024-02-15 04:00:00,1990.755,1994.597,1990.408,1993.726,240,240,0,COMPLETE,
2024-02-15 08:00:00,1993.68,1998.105,1993.43,1997.473,240,240,0,COMPLETE,
2024-02-15 12:00:00,1997.449,2008.226,1995.603,2000.804,240,240,0,COMPLETE,
2024-02-15 16:00:00,2000.748,2006.406,1998.364,2005.009,240,240,0,COMPLETE,
2024-02-15 20:00:00,2004.99,2005.061,2003.15,2003.155,175,240,65,EXPECTED_INCOMPLETE,EXPECTED
2024-02-16 00:00:00,2003.095,2005.616,2002.34,2004.266,240,240,0,COMPLETE,
2024-02-16 04:00:00,2004.264,2006.436,2002.718,2005.149,240,240,0,COMPLETE,
2024-02-16 08:00:00,2005.188,2007.775,2003.859,2007.238,240,240,0,COMPLETE,
2024-02-16 12:00:00,2007.249,2011.028,1995.052,2007.891,240,240,0,COMPLETE,
2024-02-16 16:00:00,2007.923,2015.124,2007.129,2012.579,240,240,0,COMPLETE,
2024-02-16 20:00:00,2012.598,2013.99,2011.207,2013.269,117,240,123,EXPECTED_INCOMPLETE,EXPECTED
2024-02-17 00:00:00,,,,,0,240,240,SESSION_CLOSED_EXPECTED,EXPECTED
2024-02-17 04:00:00,,,,,0,240,240,SESSION_CLOSED_EXPECTED,EXPECTED
2024-02-17 08:00:00,,,,,0,240,240,SESSION_CLOSED_EXPECTED,EXPECTED
2024-02-17 12:00:00,,,,,0,240,240,SESSION_CLOSED_EXPECTED,EXPECTED
2024-02-17 16:00:00,,,,,0,240,240,SESSION_CLOSED_EXPECTED,EXPECTED
2024-02-17 20:00:00,,,,,0,240,240,SESSION_CLOSED_EXPECTED,EXPECTED
2024-02-18 00:00:00,,,,,0,240,240,SESSION_CLOSED_EXPECTED,EXPECTED
2024-02-18 04:00:00,,,,,0,240,240,SESSION_CLOSED_EXPECTED,EXPECTED
2024-02-18 08:00:00,,,,,0,240,240,SESSION_CLOSED_EXPECTED,EXPECTED
2024-02-18 12:00:00,,,,,0,240,240,SESSION_CLOSED_EXPECTED,EXPECTED
2024-02-18 16:00:00,,,,,0,240,240,SESSION_CLOSED_EXPECTED,EXPECTED
2024-02-18 20:00:00,2012.706,2019.066,1997.784,2010.6,54,240,186,EXPECTED_INCOMPLETE,EXPECTED
2024-02-19 00:00:00,2012.793,2022.861,2009.184,2019.845,240,240,0,COMPLETE,
2024-02-19 04:00:00,2019.888,2022.957,2018.213,2020.878,240,240,0,COMPLETE,
2024-02-19 08:00:00,2020.904,2021.224,2018.194,2018.365,240,240,0,COMPLETE,
2024-02-19 12:00:00,2018.413,2019.301,2014.678,2014.888,240,240,0,COMPLETE,
2024-02-19 16:00:00,2014.874,2018.513,2013.224,2017.878,194,240,46,UNEXPECTED_INCOMPLETE,UNEXPECTED
2024-02-19 20:00:00,2017.244,2017.37,2015.499,2016.206,58,240,182,UNEXPECTED_INCOMPLETE,EXPECTED|UNEXPECTED
2024-02-20 00:00:00,2015.981,2019.137,2014.956,2018.27,240,240,0,COMPLETE,
2024-02-20 04:00:00,2018.285,2022.859,2017.723,2021.441,240,240,0,COMPLETE,
2024-02-20 08:00:00,2021.394,2027.559,2020.736,2026.866,240,240,0,COMPLETE,
2024-02-20 12:00:00,2026.868,2030.816,2025.434,2027.378,240,240,0,COMPLETE,
2024-02-20 16:00:00,2027.357,2028.894,2024.755,2025.106,240,240,0,COMPLETE,
2024-02-20 20:00:00,2025.151,2025.192,2023.52,2024.128,175,240,65,EXPECTED_INCOMPLETE,EXPECTED
2024-02-21 00:00:00,2024.048,2030.832,2022.865,2030.424,240,240,0,COMPLETE,
2024-02-21 04:00:00,2030.424,2032.234,2028.336,2028.792,240,240,0,COMPLETE,
2024-02-21 08:00:00,2028.78,2030.083,2025.914,2028.243,240,240,0,COMPLETE,
2024-02-21 12:00:00,2028.245,2031.518,2024.041,2024.149,240,240,0,COMPLETE,
2024-02-21 16:00:00,2024.196,2026.467,2020.007,2025.928,240,240,0,COMPLETE,
2024-02-21 20:00:00,2025.938,2026.961,2023.908,2025.566,174,240,66,UNEXPECTED_INCOMPLETE,EXPECTED|UNEXPECTED
2024-02-22 00:00:00,2025.483,2028.529,2025.021,2026.29,240,240,0,COMPLETE,
2024-02-22 04:00:00,2026.297,2032.007,2025.478,2031.396,240,240,0,COMPLETE,
2024-02-22 08:00:00,2031.395,2034.833,2027.241,2028.937,240,240,0,COMPLETE,
2024-02-22 12:00:00,2028.93,2029.847,2020.183,2023.305,240,240,0,COMPLETE,
2024-02-22 16:00:00,2023.312,2024.643,2019.547,2022.982,240,240,0,COMPLETE,
2024-02-22 20:00:00,2023.009,2025.801,2022.501,2024.681,175,240,65,EXPECTED_INCOMPLETE,EXPECTED
2024-02-23 00:00:00,2024.524,2027.338,2022.733,2025.688,240,240,0,COMPLETE,
2024-02-23 04:00:00,2025.686,2026.429,2018.146,2021.802,240,240,0,COMPLETE,
2024-02-23 08:00:00,2021.803,2023.934,2016.002,2023.792,240,240,0,COMPLETE,
2024-02-23 12:00:00,2023.803,2031.128,2023.037,2030.038,240,240,0,COMPLETE,
2024-02-23 16:00:00,2030.088,2041.348,2030.088,2037.302,240,240,0,COMPLETE,
2024-02-23 20:00:00,2037.3,2037.472,2035.093,2035.524,117,240,123,EXPECTED_INCOMPLETE,EXPECTED
2024-02-24 00:00:00,,,,,0,240,240,SESSION_CLOSED_EXPECTED,EXPECTED
2024-02-24 04:00:00,,,,,0,240,240,SESSION_CLOSED_EXPECTED,EXPECTED
2024-02-24 08:00:00,,,,,0,240,240,SESSION_CLOSED_EXPECTED,EXPECTED
2024-02-24 12:00:00,,,,,0,240,240,SESSION_CLOSED_EXPECTED,EXPECTED
2024-02-24 16:00:00,,,,,0,240,240,SESSION_CLOSED_EXPECTED,EXPECTED
2024-02-24 20:00:00,,,,,0,240,240,SESSION_CLOSED_EXPECTED,EXPECTED
2024-02-25 00:00:00,,,,,0,240,240,SESSION_CLOSED_EXPECTED,EXPECTED
2024-02-25 04:00:00,,,,,0,240,240,SESSION_CLOSED_EXPECTED,EXPECTED
2024-02-25 08:00:00,,,,,0,240,240,SESSION_CLOSED_EXPECTED,EXPECTED
2024-02-25 12:00:00,,,,,0,240,240,SESSION_CLOSED_EXPECTED,EXPECTED
2024-02-25 16:00:00,,,,,0,240,240,SESSION_CLOSED_EXPECTED,EXPECTED
2024-02-25 20:00:00,2033.24,2034.938,2033.179,2034.224,54,240,186,EXPECTED_INCOMPLETE,EXPECTED
2024-02-26 00:00:00,2033.996,2034.105,2029.892,2032.441,240,240,0,COMPLETE,
2024-02-26 04:00:00,2032.439,2035.305,2031.809,2035.01,240,240,0,COMPLETE,
2024-02-26 08:00:00,2034.961,2037.019,2030.806,2030.891,240,240,0,COMPLETE,
2024-02-26 12:00:00,2030.94,2034.405,2025.0,2029.105,240,240,0,COMPLETE,
2024-02-26 16:00:00,2029.044,2030.139,2026.478,2029.676,240,240,0,COMPLETE,
2024-02-26 20:00:00,2029.642,2033.663,2029.642,2031.073,175,240,65,EXPECTED_INCOMPLETE,EXPECTED
2024-02-27 00:00:00,2030.986,2034.543,2030.986,2033.372,240,240,0,COMPLETE,
2024-02-27 04:00:00,2033.365,2036.18,2032.774,2035.386,240,240,0,COMPLETE,
2024-02-27 08:00:00,2035.381,2039.471,2034.573,2038.172,240,240,0,COMPLETE,
2024-02-27 12:00:00,2038.182,2039.095,2032.96,2033.746,240,240,0,COMPLETE,
2024-02-27 16:00:00,2033.794,2036.025,2029.355,2030.211,240,240,0,COMPLETE,
2024-02-27 20:00:00,2030.214,2030.73,2028.679,2030.09,175,240,65,EXPECTED_INCOMPLETE,EXPECTED
2024-02-28 00:00:00,2029.968,2033.694,2029.099,2030.935,240,240,0,COMPLETE,
2024-02-28 04:00:00,2030.937,2032.024,2027.816,2028.121,240,240,0,COMPLETE,
2024-02-28 08:00:00,2028.166,2029.239,2024.47,2027.255,240,240,0,COMPLETE,
2024-02-28 12:00:00,2027.202,2037.897,2026.852,2031.788,240,240,0,COMPLETE,
2024-02-28 16:00:00,2031.759,2035.525,2030.832,2032.089,240,240,0,COMPLETE,
2024-02-28 20:00:00,2032.139,2035.415,2032.053,2034.303,174,240,66,UNEXPECTED_INCOMPLETE,EXPECTED|UNEXPECTED
2024-02-29 00:00:00,2034.378,2037.035,2033.937,2036.541,240,240,0,COMPLETE,
2024-02-29 04:00:00,2036.541,2037.839,2034.372,2037.235,240,240,0,COMPLETE,
2024-02-29 08:00:00,2037.172,2037.445,2028.799,2030.228,240,240,0,COMPLETE,
2024-02-29 12:00:00,2030.24,2050.669,2028.062,2048.068,240,240,0,COMPLETE,
2024-02-29 16:00:00,2048.098,2048.347,2043.271,2044.477,240,240,0,COMPLETE,
2024-02-29 20:00:00,2044.42,2045.419,2042.762,2043.98,175,240,65,EXPECTED_INCOMPLETE,EXPECTED
2024-03-01 00:00:00,2044.068,2046.788,2042.767,2046.518,240,240,0,COMPLETE,
2024-03-01 04:00:00,2046.518,2048.759,2043.405,2045.396,240,240,0,COMPLETE,
2024-03-01 08:00:00,2045.46,2057.45,2039.039,2055.325,240,240,0,COMPLETE,
2024-03-01 12:00:00,2055.324,2070.929,2045.579,2069.182,240,240,0,COMPLETE,
2024-03-01 16:00:00,2069.211,2088.312,2069.211,2085.252,240,240,0,COMPLETE,
2024-03-01 20:00:00,2085.223,2085.344,2082.845,2083.315,117,240,123,EXPECTED_INCOMPLETE,EXPECTED
2024-03-02 00:00:00,,,,,0,240,240,SESSION_CLOSED_EXPECTED,EXPECTED
2024-03-02 04:00:00,,,,,0,240,240,SESSION_CLOSED_EXPECTED,EXPECTED
2024-03-02 08:00:00,,,,,0,240,240,SESSION_CLOSED_EXPECTED,EXPECTED
2024-03-02 12:00:00,,,,,0,240,240,SESSION_CLOSED_EXPECTED,EXPECTED
2024-03-02 16:00:00,,,,,0,240,240,SESSION_CLOSED_EXPECTED,EXPECTED
2024-03-02 20:00:00,,,,,0,240,240,SESSION_CLOSED_EXPECTED,EXPECTED
2024-03-03 00:00:00,,,,,0,240,240,SESSION_CLOSED_EXPECTED,EXPECTED
2024-03-03 04:00:00,,,,,0,240,240,SESSION_CLOSED_EXPECTED,EXPECTED
2024-03-03 08:00:00,,,,,0,240,240,SESSION_CLOSED_EXPECTED,EXPECTED
2024-03-03 12:00:00,,,,,0,240,240,SESSION_CLOSED_EXPECTED,EXPECTED
2024-03-03 16:00:00,,,,,0,240,240,SESSION_CLOSED_EXPECTED,EXPECTED
2024-03-03 20:00:00,2082.522,2086.159,2082.522,2083.44,54,240,186,EXPECTED_INCOMPLETE,EXPECTED
2024-03-04 00:00:00,2083.593,2084.345,2079.419,2081.364,240,240,0,COMPLETE,
2024-03-04 04:00:00,2081.367,2088.257,2080.243,2087.334,240,240,0,COMPLETE,
2024-03-04 08:00:00,2087.374,2087.438,2081.794,2082.112,240,240,0,COMPLETE,
2024-03-04 12:00:00,2082.105,2109.363,2081.095,2108.97,240,240,0,COMPLETE,
2024-03-04 16:00:00,2108.934,2119.885,2107.591,2116.24,240,240,0,COMPLETE,
2024-03-04 20:00:00,2116.249,2118.52,2113.392,2114.48,175,240,65,EXPECTED_INCOMPLETE,EXPECTED
2024-03-05 00:00:00,2114.34,2116.842,2110.404,2112.962,240,240,0,COMPLETE,
2024-03-05 04:00:00,2112.984,2119.63,2112.602,2114.448,240,240,0,COMPLETE,
2024-03-05 08:00:00,2114.495,2127.325,2114.455,2124.431,240,240,0,COMPLETE,
2024-03-05 12:00:00,2124.436,2141.881,2121.091,2126.615,240,240,0,COMPLETE,
2024-03-05 16:00:00,2126.575,2134.71,2123.636,2129.533,240,240,0,COMPLETE,
2024-03-05 20:00:00,2129.486,2130.963,2126.656,2128.16,175,240,65,EXPECTED_INCOMPLETE,EXPECTED
2024-03-06 00:00:00,2127.777,2128.105,2123.606,2124.696,240,240,0,COMPLETE,
2024-03-06 04:00:00,2124.715,2131.468,2124.715,2128.475,240,240,0,COMPLETE,
2024-03-06 08:00:00,2128.43,2132.604,2124.299,2132.474,240,240,0,COMPLETE,
2024-03-06 12:00:00,2132.519,2149.196,2130.948,2140.923,240,240,0,COMPLETE,
2024-03-06 16:00:00,2140.89,2152.234,2139.385,2144.312,240,240,0,COMPLETE,
2024-03-06 20:00:00,2144.257,2150.855,2143.114,2147.192,174,240,66,UNEXPECTED_INCOMPLETE,EXPECTED|UNEXPECTED
2024-03-07 00:00:00,2146.85,2152.494,2144.185,2151.708,240,240,0,COMPLETE,
2024-03-07 04:00:00,2151.718,2161.588,2151.524,2155.951,240,240,0,COMPLETE,
2024-03-07 08:00:00,2156.003,2159.842,2153.256,2155.941,240,240,0,COMPLETE,
2024-03-07 12:00:00,2155.949,2164.753,2147.866,2153.701,240,240,0,COMPLETE,
2024-03-07 16:00:00,2153.693,2160.904,2149.223,2159.991,240,240,0,COMPLETE,
2024-03-07 20:00:00,2159.945,2161.478,2157.947,2161.478,175,240,65,EXPECTED_INCOMPLETE,EXPECTED
2024-03-08 00:00:00,2161.641,2163.537,2153.945,2157.578,240,240,0,COMPLETE,
2024-03-08 04:00:00,2157.575,2162.032,2156.318,2161.345,240,240,0,COMPLETE,
2024-03-08 08:00:00,2161.298,2171.114,2161.056,2168.221,240,240,0,COMPLETE,
2024-03-08 12:00:00,2168.225,2185.405,2156.348,2177.167,240,240,0,COMPLETE,
2024-03-08 16:00:00,2177.207,2195.115,2168.278,2176.435,240,240,0,COMPLETE,
2024-03-08 20:00:00,2176.465,2179.048,2175.649,2178.501,117,240,123,EXPECTED_INCOMPLETE,EXPECTED
2024-03-09 00:00:00,,,,,0,240,240,SESSION_CLOSED_EXPECTED,EXPECTED
2024-03-09 04:00:00,,,,,0,240,240,SESSION_CLOSED_EXPECTED,EXPECTED
2024-03-09 08:00:00,,,,,0,240,240,SESSION_CLOSED_EXPECTED,EXPECTED
2024-03-09 12:00:00,,,,,0,240,240,SESSION_CLOSED_EXPECTED,EXPECTED
2024-03-09 16:00:00,,,,,0,240,240,SESSION_CLOSED_EXPECTED,EXPECTED
2024-03-09 20:00:00,,,,,0,240,240,SESSION_CLOSED_EXPECTED,EXPECTED
2024-03-10 00:00:00,,,,,0,240,240,SESSION_CLOSED_EXPECTED,EXPECTED
2024-03-10 04:00:00,,,,,0,240,240,SESSION_CLOSED_EXPECTED,EXPECTED
2024-03-10 08:00:00,,,,,0,240,240,SESSION_CLOSED_EXPECTED,EXPECTED
2024-03-10 12:00:00,,,,,0,240,240,SESSION_CLOSED_EXPECTED,EXPECTED
2024-03-10 16:00:00,,,,,0,240,240,SESSION_CLOSED_EXPECTED,EXPECTED
2024-03-10 20:00:00,2179.559,2183.827,2177.113,2181.569,115,240,125,EXPECTED_INCOMPLETE,EXPECTED
2024-03-11 00:00:00,2181.589,2189.011,2176.858,2179.461,240,240,0,COMPLETE,
2024-03-11 04:00:00,2179.468,2182.733,2176.783,2182.194,240,240,0,COMPLETE,
2024-03-11 08:00:00,2182.24,2183.075,2175.792,2178.888,240,240,0,COMPLETE,
2024-03-11 12:00:00,2178.924,2185.649,2174.633,2184.271,240,240,0,COMPLETE,
2024-03-11 16:00:00,2184.29,2184.651,2177.088,2181.291,240,240,0,COMPLETE,
2024-03-11 20:00:00,2181.326,2184.635,2180.557,2183.552,175,240,65,EXPECTED_INCOMPLETE,EXPECTED
2024-03-12 00:00:00,2183.551,2184.481,2176.763,2177.469,240,240,0,COMPLETE,
2024-03-12 04:00:00,2177.472,2179.151,2173.533,2176.923,240,240,0,COMPLETE,
2024-03-12 08:00:00,2176.882,2179.055,2170.565,2171.956,240,240,0,COMPLETE,
2024-03-12 12:00:00,2171.934,2181.946,2152.557,2163.014,240,240,0,COMPLETE,
2024-03-12 16:00:00,2163.011,2166.496,2150.467,2157.314,240,240,0,COMPLETE,
2024-03-12 20:00:00,2157.299,2161.208,2155.753,2156.912,175,240,65,EXPECTED_INCOMPLETE,EXPECTED
2024-03-13 00:00:00,2156.907,2161.502,2156.534,2159.057,240,240,0,COMPLETE,
2024-03-13 04:00:00,2159.056,2161.484,2157.221,2159.648,240,240,0,COMPLETE,
2024-03-13 08:00:00,2159.689,2164.177,2157.503,2163.922,240,240,0,COMPLETE,
2024-03-13 12:00:00,2163.922,2174.553,2161.372,2171.759,240,240,0,COMPLETE,
2024-03-13 16:00:00,2171.711,2179.803,2169.527,2172.547,240,240,0,COMPLETE,
2024-03-13 20:00:00,2172.496,2176.208,2172.271,2175.362,175,240,65,EXPECTED_INCOMPLETE,EXPECTED
2024-03-14 00:00:00,2175.448,2176.969,2171.097,2172.265,240,240,0,COMPLETE,
2024-03-14 04:00:00,2172.254,2172.513,2167.406,2168.635,240,240,0,COMPLETE,
2024-03-14 08:00:00,2168.579,2171.941,2167.098,2168.455,240,240,0,COMPLETE,
2024-03-14 12:00:00,2168.496,2170.353,2152.687,2157.194,240,240,0,COMPLETE,
2024-03-14 16:00:00,2157.186,2164.998,2156.629,2163.449,240,240,0,COMPLETE,
2024-03-14 20:00:00,2163.519,2163.86,2160.825,2161.645,177,240,63,EXPECTED_INCOMPLETE,EXPECTED
2024-03-15 00:00:00,2161.697,2165.894,2160.59,2164.53,240,240,0,COMPLETE,
2024-03-15 04:00:00,2164.532,2170.095,2163.471,2167.014,240,240,0,COMPLETE,
2024-03-15 08:00:00,2167.058,2172.743,2165.26,2166.91,240,240,0,COMPLETE,
2024-03-15 12:00:00,2166.893,2167.296,2156.451,2159.992,240,240,0,COMPLETE,
2024-03-15 16:00:00,2159.941,2163.449,2155.096,2156.917,240,240,0,COMPLETE,
2024-03-15 20:00:00,2156.949,2158.256,2155.396,2155.698,57,240,183,EXPECTED_INCOMPLETE,EXPECTED
2024-03-16 00:00:00,,,,,0,240,240,SESSION_CLOSED_EXPECTED,EXPECTED
2024-03-16 04:00:00,,,,,0,240,240,SESSION_CLOSED_EXPECTED,EXPECTED
2024-03-16 08:00:00,,,,,0,240,240,SESSION_CLOSED_EXPECTED,EXPECTED
2024-03-16 12:00:00,,,,,0,240,240,SESSION_CLOSED_EXPECTED,EXPECTED
2024-03-16 16:00:00,,,,,0,240,240,SESSION_CLOSED_EXPECTED,EXPECTED
2024-03-16 20:00:00,,,,,0,240,240,SESSION_CLOSED_EXPECTED,EXPECTED
2024-03-17 00:00:00,,,,,0,240,240,SESSION_CLOSED_EXPECTED,EXPECTED
2024-03-17 04:00:00,,,,,0,240,240,SESSION_CLOSED_EXPECTED,EXPECTED
2024-03-17 08:00:00,,,,,0,240,240,SESSION_CLOSED_EXPECTED,EXPECTED
2024-03-17 12:00:00,,,,,0,240,240,SESSION_CLOSED_EXPECTED,EXPECTED
2024-03-17 16:00:00,,,,,0,240,240,SESSION_CLOSED_EXPECTED,EXPECTED
2024-03-17 20:00:00,2153.279,2156.535,2153.079,2156.514,114,240,126,EXPECTED_INCOMPLETE,EXPECTED
2024-03-18 00:00:00,2156.472,2157.479,2146.073,2146.768,240,240,0,COMPLETE,
2024-03-18 04:00:00,2146.768,2152.159,2146.066,2152.159,240,240,0,COMPLETE,
2024-03-18 08:00:00,2152.101,2161.237,2150.124,2161.015,240,240,0,COMPLETE,
2024-03-18 12:00:00,2160.974,2163.613,2155.465,2158.311,240,240,0,COMPLETE,
2024-03-18 16:00:00,2158.339,2161.135,2154.565,2160.167,240,240,0,COMPLETE,
2024-03-18 20:00:00,2160.153,2162.319,2159.387,2161.65,175,240,65,EXPECTED_INCOMPLETE,EXPECTED
2024-03-19 00:00:00,2162.053,2162.839,2158.589,2161.428,240,240,0,COMPLETE,
2024-03-19 04:00:00,2161.416,2162.065,2153.973,2155.74,240,240,0,COMPLETE,
2024-03-19 08:00:00,2155.774,2156.659,2147.152,2155.535,240,240,0,COMPLETE,
2024-03-19 12:00:00,2155.487,2158.704,2148.365,2154.219,240,240,0,COMPLETE,
2024-03-19 16:00:00,2154.253,2157.914,2153.094,2157.681,240,240,0,COMPLETE,
2024-03-19 20:00:00,2157.728,2159.519,2156.976,2157.01,175,240,65,EXPECTED_INCOMPLETE,EXPECTED
2024-03-20 00:00:00,2157.052,2160.004,2155.18,2159.807,240,240,0,COMPLETE,
2024-03-20 04:00:00,2159.857,2160.18,2156.325,2158.268,240,240,0,COMPLETE,
2024-03-20 08:00:00,2158.227,2158.351,2152.264,2153.977,240,240,0,COMPLETE,
2024-03-20 12:00:00,2154.022,2164.857,2149.548,2155.853,240,240,0,COMPLETE,
2024-03-20 16:00:00,2155.861,2188.789,2155.456,2182.881,240,240,0,COMPLETE,
2024-03-20 20:00:00,2182.833,2211.005,2182.779,2203.501,166,240,74,UNEXPECTED_INCOMPLETE,EXPECTED|UNEXPECTED
2024-03-21 00:00:00,2203.969,2212.563,2192.376,2202.726,240,240,0,COMPLETE,
2024-03-21 04:00:00,2202.753,2210.165,2201.775,2206.576,240,240,0,COMPLETE,
2024-03-21 08:00:00,2206.503,2211.756,2196.789,2207.486,240,240,0,COMPLETE,
2024-03-21 12:00:00,2207.431,2208.819,2166.281,2174.68,240,240,0,COMPLETE,
2024-03-21 16:00:00,2174.704,2183.946,2172.949,2181.423,240,240,0,COMPLETE,
2024-03-21 20:00:00,2181.48,2182.42,2180.381,2181.491,175,240,65,EXPECTED_INCOMPLETE,EXPECTED
2024-03-22 00:00:00,2181.676,2186.043,2171.798,2173.738,240,240,0,COMPLETE,
2024-03-22 04:00:00,2173.734,2176.275,2162.584,2168.404,240,240,0,COMPLETE,
2024-03-22 08:00:00,2168.4,2170.037,2164.902,2166.016,240,240,0,COMPLETE,
2024-03-22 12:00:00,2166.059,2180.058,2165.403,2166.095,240,240,0,COMPLETE,
2024-03-22 16:00:00,2166.059,2167.464,2157.007,2163.985,240,240,0,COMPLETE,
2024-03-22 20:00:00,2164.021,2167.182,2163.567,2165.338,57,240,183,EXPECTED_INCOMPLETE,EXPECTED
2024-03-23 00:00:00,,,,,0,240,240,SESSION_CLOSED_EXPECTED,EXPECTED
2024-03-23 04:00:00,,,,,0,240,240,SESSION_CLOSED_EXPECTED,EXPECTED
2024-03-23 08:00:00,,,,,0,240,240,SESSION_CLOSED_EXPECTED,EXPECTED
2024-03-23 12:00:00,,,,,0,240,240,SESSION_CLOSED_EXPECTED,EXPECTED
2024-03-23 16:00:00,,,,,0,240,240,SESSION_CLOSED_EXPECTED,EXPECTED
2024-03-23 20:00:00,,,,,0,240,240,SESSION_CLOSED_EXPECTED,EXPECTED
2024-03-24 00:00:00,,,,,0,240,240,SESSION_CLOSED_EXPECTED,EXPECTED
2024-03-24 04:00:00,,,,,0,240,240,SESSION_CLOSED_EXPECTED,EXPECTED
2024-03-24 08:00:00,,,,,0,240,240,SESSION_CLOSED_EXPECTED,EXPECTED
2024-03-24 12:00:00,,,,,0,240,240,SESSION_CLOSED_EXPECTED,EXPECTED
2024-03-24 16:00:00,,,,,0,240,240,SESSION_CLOSED_EXPECTED,EXPECTED
2024-03-24 20:00:00,2166.313,2168.894,2165.07,2168.337,115,240,125,EXPECTED_INCOMPLETE,EXPECTED
2024-03-25 00:00:00,2168.316,2178.328,2163.912,2170.602,240,240,0,COMPLETE,
2024-03-25 04:00:00,2170.609,2171.614,2163.412,2165.813,240,240,0,COMPLETE,
2024-03-25 08:00:00,2165.767,2171.844,2163.817,2170.397,240,240,0,COMPLETE,
2024-03-25 12:00:00,2170.437,2181.256,2170.266,2175.412,240,240,0,COMPLETE,
2024-03-25 16:00:00,2175.407,2177.796,2170.675,2170.945,240,240,0,COMPLETE,
2024-03-25 20:00:00,2170.992,2173.304,2170.739,2172.876,177,240,63,EXPECTED_INCOMPLETE,EXPECTED
2024-03-26 00:00:00,2172.885,2174.407,2167.538,2170.345,240,240,0,COMPLETE,
2024-03-26 04:00:00,2170.355,2174.174,2169.584,2173.008,240,240,0,COMPLETE,
2024-03-26 08:00:00,2172.99,2200.058,2171.564,2196.422,240,240,0,COMPLETE,
2024-03-26 12:00:00,2196.459,2197.326,2171.672,2174.244,240,240,0,COMPLETE,
2024-03-26 16:00:00,2174.293,2179.216,2174.248,2177.875,240,240,0,COMPLETE,
2024-03-26 20:00:00,2177.919,2179.945,2174.605,2179.467,175,240,65,EXPECTED_INCOMPLETE,EXPECTED
2024-03-27 00:00:00,2179.462,2181.66,2173.141,2177.723,240,240,0,COMPLETE,
2024-03-27 04:00:00,2177.704,2180.787,2175.642,2180.488,240,240,0,COMPLETE,
2024-03-27 08:00:00,2180.526,2197.586,2176.434,2188.395,240,240,0,COMPLETE,
2024-03-27 12:00:00,2188.441,2195.202,2183.418,2190.501,240,240,0,COMPLETE,
2024-03-27 16:00:00,2190.476,2194.214,2188.994,2193.278,240,240,0,COMPLETE,
2024-03-27 20:00:00,2193.332,2195.207,2189.595,2190.969,175,240,65,EXPECTED_INCOMPLETE,EXPECTED
2024-03-28 00:00:00,2190.723,2196.438,2187.318,2194.771,240,240,0,COMPLETE,
2024-03-28 04:00:00,2194.753,2200.636,2192.612,2193.718,240,240,0,COMPLETE,
2024-03-28 08:00:00,2193.736,2213.745,2190.828,2210.26,240,240,0,COMPLETE,
2024-03-28 12:00:00,2210.258,2217.13,2202.195,2215.877,240,240,0,COMPLETE,
2024-03-28 16:00:00,2215.89,2225.571,2213.458,2221.64,240,240,0,COMPLETE,
2024-03-28 20:00:00,2221.634,2236.293,2219.601,2232.586,57,240,183,EXPECTED_INCOMPLETE,EXPECTED
2024-03-29 00:00:00,,,,,0,240,240,SESSION_CLOSED_EXPECTED,EXPECTED
2024-03-29 04:00:00,,,,,0,240,240,SESSION_CLOSED_EXPECTED,EXPECTED
2024-03-29 08:00:00,,,,,0,240,240,SESSION_CLOSED_EXPECTED,EXPECTED
2024-03-29 12:00:00,,,,,0,240,240,SESSION_CLOSED_EXPECTED,EXPECTED
2024-03-29 16:00:00,,,,,0,240,240,SESSION_CLOSED_EXPECTED,EXPECTED
2024-03-29 20:00:00,,,,,0,240,240,SESSION_CLOSED_EXPECTED,EXPECTED
2024-03-30 00:00:00,,,,,0,240,240,SESSION_CLOSED_EXPECTED,EXPECTED
2024-03-30 04:00:00,,,,,0,240,240,SESSION_CLOSED_EXPECTED,EXPECTED
2024-03-30 08:00:00,,,,,0,240,240,SESSION_CLOSED_EXPECTED,EXPECTED
2024-03-30 12:00:00,,,,,0,240,240,SESSION_CLOSED_EXPECTED,EXPECTED
2024-03-30 16:00:00,,,,,0,240,240,SESSION_CLOSED_EXPECTED,EXPECTED
2024-03-30 20:00:00,,,,,0,240,240,SESSION_CLOSED_EXPECTED,EXPECTED
2024-03-31 00:00:00,,,,,0,240,240,SESSION_CLOSED_EXPECTED,EXPECTED
2024-03-31 04:00:00,,,,,0,240,240,SESSION_CLOSED_EXPECTED,EXPECTED
2024-03-31 08:00:00,,,,,0,240,240,SESSION_CLOSED_EXPECTED,EXPECTED
2024-03-31 12:00:00,,,,,0,240,240,SESSION_CLOSED_EXPECTED,EXPECTED
2024-03-31 16:00:00,,,,,0,240,240,SESSION_CLOSED_EXPECTED,EXPECTED
2024-03-31 20:00:00,2239.644,2247.301,2235.567,2244.927,114,240,126,EXPECTED_INCOMPLETE,EXPECTED
2024-04-01 00:00:00,2245.956,2265.15,2243.822,2264.309,240,240,0,COMPLETE,
2024-04-01 04:00:00,2264.36,2265.625,2256.859,2257.535,240,240,0,COMPLETE,
2024-04-01 08:00:00,2257.562,2260.175,2245.572,2246.851,240,240,0,COMPLETE,
2024-04-01 12:00:00,2246.819,2257.912,2228.459,2239.635,240,240,0,COMPLETE,
2024-04-01 16:00:00,2239.655,2244.722,2234.672,2244.663,240,240,0,COMPLETE,
2024-04-01 20:00:00,2244.615,2255.72,2242.99,2248.941,175,240,65,EXPECTED_INCOMPLETE,EXPECTED
2024-04-02 00:00:00,2248.968,2255.266,2246.628,2251.531,240,240,0,COMPLETE,
2024-04-02 04:00:00,2251.534,2259.857,2250.446,2256.372,240,240,0,COMPLETE,
2024-04-02 08:00:00,2256.326,2266.785,2255.082,2260.531,240,240,0,COMPLETE,
2024-04-02 12:00:00,2260.567,2276.985,2250.748,2258.604,240,240,0,COMPLETE,
2024-04-02 16:00:00,2258.657,2279.304,2254.07,2277.354,240,240,0,COMPLETE,
2024-04-02 20:00:00,2277.395,2288.238,2275.647,2280.205,175,240,65,EXPECTED_INCOMPLETE,EXPECTED
2024-04-03 00:00:00,2279.886,2287.944,2276.729,2285.007,240,240,0,COMPLETE,
2024-04-03 04:00:00,2285.023,2287.043,2270.326,2271.188,240,240,0,COMPLETE,
2024-04-03 08:00:00,2271.174,2276.091,2267.627,2273.785,240,240,0,COMPLETE,
2024-04-03 12:00:00,2273.737,2288.352,2265.363,2286.298,240,240,0,COMPLETE,
2024-04-03 16:00:00,2286.296,2298.866,2280.671,2297.373,240,240,0,COMPLETE,
2024-04-03 20:00:00,2297.404,2302.416,2296.244,2297.447,175,240,65,EXPECTED_INCOMPLETE,EXPECTED
2024-04-04 00:00:00,2297.497,2304.869,2297.229,2299.174,240,240,0,COMPLETE,
2024-04-04 04:00:00,2299.124,2300.666,2291.833,2292.953,240,240,0,COMPLETE,
2024-04-04 08:00:00,2292.939,2295.18,2288.731,2289.261,240,240,0,COMPLETE,
2024-04-04 12:00:00,2289.31,2299.363,2282.708,2292.081,240,240,0,COMPLETE,
2024-04-04 16:00:00,2292.027,2305.537,2279.817,2284.919,240,240,0,COMPLETE,
2024-04-04 20:00:00,2284.888,2293.216,2284.754,2288.89,175,240,65,EXPECTED_INCOMPLETE,EXPECTED
2024-04-05 00:00:00,2288.702,2290.276,2267.755,2276.732,240,240,0,COMPLETE,
2024-04-05 04:00:00,2276.689,2290.567,2276.544,2289.045,240,240,0,COMPLETE,
2024-04-05 08:00:00,2289.014,2296.142,2284.852,2291.132,240,240,0,COMPLETE,
2024-04-05 12:00:00,2291.1,2328.448,2280.181,2326.175,240,240,0,COMPLETE,
2024-04-05 16:00:00,2326.191,2330.522,2320.633,2323.121,240,240,0,COMPLETE,
2024-04-05 20:00:00,2323.157,2329.995,2322.812,2329.355,57,240,183,EXPECTED_INCOMPLETE,EXPECTED
2024-04-06 00:00:00,,,,,0,240,240,SESSION_CLOSED_EXPECTED,EXPECTED
2024-04-06 04:00:00,,,,,0,240,240,SESSION_CLOSED_EXPECTED,EXPECTED
2024-04-06 08:00:00,,,,,0,240,240,SESSION_CLOSED_EXPECTED,EXPECTED
2024-04-06 12:00:00,,,,,0,240,240,SESSION_CLOSED_EXPECTED,EXPECTED
2024-04-06 16:00:00,,,,,0,240,240,SESSION_CLOSED_EXPECTED,EXPECTED
2024-04-06 20:00:00,,,,,0,240,240,SESSION_CLOSED_EXPECTED,EXPECTED
2024-04-07 00:00:00,,,,,0,240,240,SESSION_CLOSED_EXPECTED,EXPECTED
2024-04-07 04:00:00,,,,,0,240,240,SESSION_CLOSED_EXPECTED,EXPECTED
2024-04-07 08:00:00,,,,,0,240,240,SESSION_CLOSED_EXPECTED,EXPECTED
2024-04-07 12:00:00,,,,,0,240,240,SESSION_CLOSED_EXPECTED,EXPECTED
2024-04-07 16:00:00,,,,,0,240,240,SESSION_CLOSED_EXPECTED,EXPECTED
2024-04-07 20:00:00,2327.315,2328.569,2304.017,2311.647,114,240,126,EXPECTED_INCOMPLETE,EXPECTED
2024-04-08 00:00:00,2311.297,2354.159,2302.862,2345.488,240,240,0,COMPLETE,
2024-04-08 04:00:00,2345.535,2345.574,2331.749,2337.768,240,240,0,COMPLETE,
2024-04-08 08:00:00,2337.711,2343.534,2333.259,2337.341,240,240,0,COMPLETE,
2024-04-08 12:00:00,2337.286,2338.004,2318.668,2327.834,240,240,0,COMPLETE,
2024-04-08 16:00:00,2327.882,2342.001,2326.029,2338.344,240,240,0,COMPLETE,
2024-04-08 20:00:00,2338.397,2340.448,2336.594,2338.789,175,240,65,EXPECTED_INCOMPLETE,EXPECTED
2024-04-09 00:00:00,2338.782,2348.504,2337.777,2343.943,240,240,0,COMPLETE,
2024-04-09 04:00:00,2343.98,2357.01,2343.051,2353.963,240,240,0,COMPLETE,
2024-04-09 08:00:00,2353.96,2365.335,2349.565,2354.445,240,240,0,COMPLETE,
2024-04-09 12:00:00,2354.414,2364.281,2338.236,2340.289,240,240,0,COMPLETE,
2024-04-09 16:00:00,2340.329,2351.528,2340.012,2351.118,240,240,0,COMPLETE,
2024-04-09 20:00:00,2351.072,2355.275,2350.304,2354.778,175,240,65,EXPECTED_INCOMPLETE,EXPECTED
2024-04-10 00:00:00,2354.908,2355.57,2344.687,2351.248,240,240,0,COMPLETE,
2024-04-10 04:00:00,2351.202,2360.086,2350.831,2353.072,240,240,0,COMPLETE,
2024-04-10 08:00:00,2353.121,2355.863,2344.706,2347.029,240,240,0,COMPLETE,
2024-04-10 12:00:00,2346.974,2352.351,2319.236,2337.07,240,240,0,COMPLETE,
2024-04-10 16:00:00,2337.058,2345.232,2325.742,2329.634,240,240,0,COMPLETE,
2024-04-10 20:00:00,2329.684,2337.201,2329.508,2335.429,175,240,65,EXPECTED_INCOMPLETE,EXPECTED
2024-04-11 00:00:00,2335.489,2346.939,2333.323,2343.967,240,240,0,COMPLETE,
2024-04-11 04:00:00,2343.911,2346.087,2333.871,2336.396,240,240,0,COMPLETE,
2024-04-11 08:00:00,2336.437,2339.678,2325.599,2337.253,240,240,0,COMPLETE,
2024-04-11 12:00:00,2337.269,2347.431,2331.621,2344.618,240,240,0,COMPLETE,
2024-04-11 16:00:00,2344.667,2374.623,2342.663,2372.743,240,240,0,COMPLETE,
2024-04-11 20:00:00,2372.82,2379.373,2371.287,2377.001,175,240,65,EXPECTED_INCOMPLETE,EXPECTED
2024-04-12 00:00:00,2376.787,2395.458,2374.574,2384.239,240,240,0,COMPLETE,
2024-04-12 04:00:00,2384.247,2400.348,2382.702,2399.913,240,240,0,COMPLETE,
2024-04-12 08:00:00,2399.954,2400.64,2390.383,2395.362,240,240,0,COMPLETE,
2024-04-12 12:00:00,2395.365,2431.532,2382.158,2395.556,240,240,0,COMPLETE,
2024-04-12 16:00:00,2395.519,2395.519,2333.786,2343.262,240,240,0,COMPLETE,
2024-04-12 20:00:00,2343.317,2345.17,2341.691,2344.382,57,240,183,EXPECTED_INCOMPLETE,EXPECTED
2024-04-13 00:00:00,,,,,0,240,240,SESSION_CLOSED_EXPECTED,EXPECTED
2024-04-13 04:00:00,,,,,0,240,240,SESSION_CLOSED_EXPECTED,EXPECTED
2024-04-13 08:00:00,,,,,0,240,240,SESSION_CLOSED_EXPECTED,EXPECTED
2024-04-13 12:00:00,,,,,0,240,240,SESSION_CLOSED_EXPECTED,EXPECTED
2024-04-13 16:00:00,,,,,0,240,240,SESSION_CLOSED_EXPECTED,EXPECTED
2024-04-13 20:00:00,,,,,0,240,240,SESSION_CLOSED_EXPECTED,EXPECTED
2024-04-14 00:00:00,,,,,0,240,240,SESSION_CLOSED_EXPECTED,EXPECTED
2024-04-14 04:00:00,,,,,0,240,240,SESSION_CLOSED_EXPECTED,EXPECTED
2024-04-14 08:00:00,,,,,0,240,240,SESSION_CLOSED_EXPECTED,EXPECTED
2024-04-14 12:00:00,,,,,0,240,240,SESSION_CLOSED_EXPECTED,EXPECTED
2024-04-14 16:00:00,,,,,0,240,240,SESSION_CLOSED_EXPECTED,EXPECTED
2024-04-14 20:00:00,2369.105,2371.92,2346.782,2364.486,110,240,130,EXPECTED_INCOMPLETE,EXPECTED
2024-04-15 00:00:00,2364.446,2365.995,2348.396,2358.511,240,240,0,COMPLETE,
2024-04-15 04:00:00,2358.443,2362.467,2349.952,2353.05,240,240,0,COMPLETE,
2024-04-15 08:00:00,2353.038,2361.183,2344.71,2357.946,240,240,0,COMPLETE,
2024-04-15 12:00:00,2357.987,2361.136,2324.118,2351.609,240,240,0,COMPLETE,
2024-04-15 16:00:00,2351.653,2387.631,2346.116,2386.316,240,240,0,COMPLETE,
2024-04-15 20:00:00,2386.369,2392.013,2380.037,2381.833,175,240,65,EXPECTED_INCOMPLETE,EXPECTED
2024-04-16 00:00:00,2381.896,2389.33,2379.217,2387.87,240,240,0,COMPLETE,
2024-04-16 04:00:00,2387.903,2389.02,2362.964,2365.653,240,240,0,COMPLETE,
2024-04-16 08:00:00,2365.497,2375.37,2365.1,2373.955,240,240,0,COMPLETE,
2024-04-16 12:00:00,2373.955,2393.013,2363.47,2385.938,240,240,0,COMPLETE,
2024-04-16 16:00:00,2385.976,2398.25,2379.725,2389.683,240,240,0,COMPLETE,
2024-04-16 20:00:00,2389.641,2390.278,2378.369,2382.843,175,240,65,EXPECTED_INCOMPLETE,EXPECTED
2024-04-17 00:00:00,2382.703,2386.253,2380.648,2381.654,240,240,0,COMPLETE,
2024-04-17 04:00:00,2381.652,2383.256,2372.645,2382.494,240,240,0,COMPLETE,
2024-04-17 08:00:00,2382.46,2394.287,2382.46,2387.294,240,240,0,COMPLETE,
2024-04-17 12:00:00,2387.364,2395.588,2378.345,2382.173,240,240,0,COMPLETE,
2024-04-17 16:00:00,2382.219,2384.454,2360.998,2372.657,240,240,0,COMPLETE,
2024-04-17 20:00:00,2372.604,2373.302,2354.554,2367.84,175,240,65,EXPECTED_INCOMPLETE,EXPECTED
2024-04-18 00:00:00,2367.837,2375.337,2364.047,2374.755,240,240,0,COMPLETE,
2024-04-18 04:00:00,2374.747,2381.047,2373.136,2377.808,240,240,0,COMPLETE,
2024-04-18 08:00:00,2377.841,2385.352,2377.226,2380.918,240,240,0,COMPLETE,
2024-04-18 12:00:00,2380.971,2392.793,2369.476,2384.106,240,240,0,COMPLETE,
2024-04-18 16:00:00,2384.114,2389.306,2378.062,2380.23,240,240,0,COMPLETE,
2024-04-18 20:00:00,2380.265,2381.471,2376.855,2380.003,175,240,65,EXPECTED_INCOMPLETE,EXPECTED
2024-04-19 00:00:00,2379.867,2417.905,2373.709,2391.347,240,240,0,COMPLETE,
2024-04-19 04:00:00,2391.349,2393.88,2378.6,2385.425,240,240,0,COMPLETE,
2024-04-19 08:00:00,2385.377,2386.3,2372.761,2376.757,240,240,0,COMPLETE,
2024-04-19 12:00:00,2376.818,2396.007,2373.06,2394.754,240,240,0,COMPLETE,
2024-04-19 16:00:00,2394.753,2401.97,2386.592,2387.608,240,240,0,COMPLETE,
2024-04-19 20:00:00,2387.651,2391.252,2386.632,2390.677,57,240,183,EXPECTED_INCOMPLETE,EXPECTED
2024-04-20 00:00:00,,,,,0,240,240,SESSION_CLOSED_EXPECTED,EXPECTED
2024-04-20 04:00:00,,,,,0,240,240,SESSION_CLOSED_EXPECTED,EXPECTED
2024-04-20 08:00:00,,,,,0,240,240,SESSION_CLOSED_EXPECTED,EXPECTED
2024-04-20 12:00:00,,,,,0,240,240,SESSION_CLOSED_EXPECTED,EXPECTED
2024-04-20 16:00:00,,,,,0,240,240,SESSION_CLOSED_EXPECTED,EXPECTED
2024-04-20 20:00:00,,,,,0,240,240,SESSION_CLOSED_EXPECTED,EXPECTED
2024-04-21 00:00:00,,,,,0,240,240,SESSION_CLOSED_EXPECTED,EXPECTED
2024-04-21 04:00:00,,,,,0,240,240,SESSION_CLOSED_EXPECTED,EXPECTED
2024-04-21 08:00:00,,,,,0,240,240,SESSION_CLOSED_EXPECTED,EXPECTED
2024-04-21 12:00:00,,,,,0,240,240,SESSION_CLOSED_EXPECTED,EXPECTED
2024-04-21 16:00:00,,,,,0,240,240,SESSION_CLOSED_EXPECTED,EXPECTED
2024-04-21 20:00:00,2384.011,2388.596,2381.877,2386.483,115,240,125,EXPECTED_INCOMPLETE,EXPECTED
2024-04-22 00:00:00,2386.506,2386.506,2361.672,2369.326,240,240,0,COMPLETE,
2024-04-22 04:00:00,2369.385,2372.902,2351.319,2360.983,240,240,0,COMPLETE,
2024-04-22 08:00:00,2360.959,2363.644,2339.375,2342.055,240,240,0,COMPLETE,
2024-04-22 12:00:00,2342.04,2350.382,2331.031,2334.797,240,240,0,COMPLETE,
2024-04-22 16:00:00,2334.789,2336.454,2324.497,2329.332,240,240,0,COMPLETE,
2024-04-22 20:00:00,2329.29,2333.927,2325.319,2333.737,177,240,63,EXPECTED_INCOMPLETE,EXPECTED
2024-04-23 00:00:00,2333.712,2334.378,2295.5,2302.603,240,240,0,COMPLETE,
2024-04-23 04:00:00,2302.58,2314.746,2298.841,2309.053,240,240,0,COMPLETE,
2024-04-23 08:00:00,2309.091,2309.772,2291.324,2302.136,240,240,0,COMPLETE,
2024-04-23 12:00:00,2302.146,2332.168,2301.273,2323.196,240,240,0,COMPLETE,
2024-04-23 16:00:00,2323.227,2331.351,2321.196,2322.256,240,240,0,COMPLETE,
2024-04-23 20:00:00,2322.308,2324.334,2321.097,2323.21,177,240,63,EXPECTED_INCOMPLETE,EXPECTED
2024-04-24 00:00:00,2323.225,2328.114,2315.745,2327.841,240,240,0,COMPLETE,
2024-04-24 04:00:00,2327.866,2331.324,2320.68,2320.7,240,240,0,COMPLETE,
2024-04-24 08:00:00,2320.7,2321.91,2311.695,2316.167,240,240,0,COMPLETE,
2024-04-24 12:00:00,2316.219,2337.291,2312.063,2322.592,240,240,0,COMPLETE,
2024-04-24 16:00:00,2322.553,2330.475,2317.79,2319.074,240,240,0,COMPLETE,
2024-04-24 20:00:00,2319.104,2319.648,2313.658,2316.219,177,240,63,EXPECTED_INCOMPLETE,EXPECTED
2024-04-25 00:00:00,2316.223,2322.041,2304.865,2313.177,240,240,0,COMPLETE,
2024-04-25 04:00:00,2313.225,2326.102,2312.363,2325.621,240,240,0,COMPLETE,
2024-04-25 08:00:00,2325.648,2330.618,2324.09,2328.506,240,240,0,COMPLETE,
2024-04-25 12:00:00,2328.5,2344.872,2312.702,2330.473,240,240,0,COMPLETE,
2024-04-25 16:00:00,2330.505,2336.414,2322.97,2332.886,240,240,0,COMPLETE,
2024-04-25 20:00:00,2332.928,2333.739,2330.02,2330.62,177,240,63,EXPECTED_INCOMPLETE,EXPECTED
2024-04-26 00:00:00,2330.617,2336.195,2326.217,2334.634,240,240,0,COMPLETE,
2024-04-26 04:00:00,2334.634,2347.319,2333.425,2345.505,240,240,0,COMPLETE,
2024-04-26 08:00:00,2345.51,2352.555,2343.393,2344.905,240,240,0,COMPLETE,
2024-04-26 12:00:00,2344.878,2351.589,2328.669,2336.632,240,240,0,COMPLETE,
2024-04-26 16:00:00,2336.687,2341.41,2332.6,2339.895,240,240,0,COMPLETE,
2024-04-26 20:00:00,2339.946,2340.112,2336.32,2337.792,58,240,182,EXPECTED_INCOMPLETE,EXPECTED
2024-04-27 00:00:00,,,,,0,240,240,SESSION_CLOSED_EXPECTED,EXPECTED
2024-04-27 04:00:00,,,,,0,240,240,SESSION_CLOSED_EXPECTED,EXPECTED
2024-04-27 08:00:00,,,,,0,240,240,SESSION_CLOSED_EXPECTED,EXPECTED
2024-04-27 12:00:00,,,,,0,240,240,SESSION_CLOSED_EXPECTED,EXPECTED
2024-04-27 16:00:00,,,,,0,240,240,SESSION_CLOSED_EXPECTED,EXPECTED
2024-04-27 20:00:00,,,,,0,240,240,SESSION_CLOSED_EXPECTED,EXPECTED
2024-04-28 00:00:00,,,,,0,240,240,SESSION_CLOSED_EXPECTED,EXPECTED
2024-04-28 04:00:00,,,,,0,240,240,SESSION_CLOSED_EXPECTED,EXPECTED
2024-04-28 08:00:00,,,,,0,240,240,SESSION_CLOSED_EXPECTED,EXPECTED
2024-04-28 12:00:00,,,,,0,240,240,SESSION_CLOSED_EXPECTED,EXPECTED
2024-04-28 16:00:00,,,,,0,240,240,SESSION_CLOSED_EXPECTED,EXPECTED
2024-04-28 20:00:00,2333.884,2336.825,2332.475,2335.986,115,240,125,EXPECTED_INCOMPLETE,EXPECTED
2024-04-29 00:00:00,2335.937,2336.331,2319.734,2328.433,240,240,0,COMPLETE,
2024-04-29 04:00:00,2328.443,2337.905,2327.356,2337.317,240,240,0,COMPLETE,
2024-04-29 08:00:00,2337.246,2344.345,2335.378,2337.057,240,240,0,COMPLETE,
2024-04-29 12:00:00,2337.024,2339.505,2325.573,2337.783,240,240,0,COMPLETE,
2024-04-29 16:00:00,2337.799,2346.721,2332.975,2335.628,240,240,0,COMPLETE,
2024-04-29 20:00:00,2335.677,2337.11,2332.62,2333.173,177,240,63,EXPECTED_INCOMPLETE,EXPECTED
2024-04-30 00:00:00,2333.178,2336.113,2326.82,2329.19,240,240,0,COMPLETE,
2024-04-30 04:00:00,2329.227,2329.467,2315.278,2317.528,240,240,0,COMPLETE,
2024-04-30 08:00:00,2317.519,2318.458,2309.449,2312.703,240,240,0,COMPLETE,
2024-04-30 12:00:00,2312.657,2313.363,2293.093,2295.834,240,240,0,COMPLETE,
2024-04-30 16:00:00,2295.798,2299.309,2289.283,2290.833,240,240,0,COMPLETE,
2024-04-30 20:00:00,2290.788,2293.468,2284.967,2291.244,177,240,63,EXPECTED_INCOMPLETE,EXPECTED
2024-05-01 00:00:00,2291.256,2292.869,2282.949,2284.047,240,240,0,COMPLETE,
2024-05-01 04:00:00,2284.009,2289.744,2281.554,2285.785,240,240,0,COMPLETE,
2024-05-01 08:00:00,2285.735,2297.093,2283.799,2294.535,240,240,0,COMPLETE,
2024-05-01 12:00:00,2294.486,2310.457,2294.092,2307.26,240,240,0,COMPLETE,
2024-05-01 16:00:00,2307.29,2328.289,2295.825,2309.724,240,240,0,COMPLETE,
2024-05-01 20:00:00,2309.757,2324.833,2306.996,2323.809,177,240,63,EXPECTED_INCOMPLETE,EXPECTED
2024-05-02 00:00:00,2323.848,2326.492,2317.28,2319.492,240,240,0,COMPLETE,
2024-05-02 04:00:00,2319.495,2320.986,2308.14,2309.262,240,240,0,COMPLETE,
2024-05-02 08:00:00,2309.292,2311.083,2295.14,2299.009,240,240,0,COMPLETE,
2024-05-02 12:00:00,2298.957,2306.887,2285.423,2299.944,240,240,0,COMPLETE,
2024-05-02 16:00:00,2299.94,2309.475,2297.937,2302.918,240,240,0,COMPLETE,
2024-05-02 20:00:00,2302.877,2305.535,2300.573,2304.247,177,240,63,EXPECTED_INCOMPLETE,EXPECTED
2024-05-03 00:00:00,2304.243,2306.388,2299.869,2302.404,240,240,0,COMPLETE,
2024-05-03 04:00:00,2302.476,2308.784,2297.709,2299.215,240,240,0,COMPLETE,
2024-05-03 08:00:00,2299.17,2303.184,2296.205,2298.28,240,240,0,COMPLETE,
2024-05-03 12:00:00,2298.272,2320.712,2277.093,2293.728,240,240,0,COMPLETE,
2024-05-03 16:00:00,2293.775,2303.091,2292.804,2301.365,240,240,0,COMPLETE,
2024-05-03 20:00:00,2301.351,2303.417,2300.628,2301.626,58,240,182,EXPECTED_INCOMPLETE,EXPECTED
2024-05-04 00:00:00,,,,,0,240,240,SESSION_CLOSED_EXPECTED,EXPECTED
2024-05-04 04:00:00,,,,,0,240,240,SESSION_CLOSED_EXPECTED,EXPECTED
2024-05-04 08:00:00,,,,,0,240,240,SESSION_CLOSED_EXPECTED,EXPECTED
2024-05-04 12:00:00,,,,,0,240,240,SESSION_CLOSED_EXPECTED,EXPECTED
2024-05-04 16:00:00,,,,,0,240,240,SESSION_CLOSED_EXPECTED,EXPECTED
2024-05-04 20:00:00,,,,,0,240,240,SESSION_CLOSED_EXPECTED,EXPECTED
2024-05-05 00:00:00,,,,,0,240,240,SESSION_CLOSED_EXPECTED,EXPECTED
2024-05-05 04:00:00,,,,,0,240,240,SESSION_CLOSED_EXPECTED,EXPECTED
2024-05-05 08:00:00,,,,,0,240,240,SESSION_CLOSED_EXPECTED,EXPECTED
2024-05-05 12:00:00,,,,,0,240,240,SESSION_CLOSED_EXPECTED,EXPECTED
2024-05-05 16:00:00,,,,,0,240,240,SESSION_CLOSED_EXPECTED,EXPECTED
2024-05-05 20:00:00,2302.321,2303.289,2293.26,2293.968,115,240,125,EXPECTED_INCOMPLETE,EXPECTED
2024-05-06 00:00:00,2293.929,2315.394,2291.77,2309.322,240,240,0,COMPLETE,
2024-05-06 04:00:00,2309.367,2324.142,2308.139,2322.646,240,240,0,COMPLETE,
2024-05-06 08:00:00,2322.643,2323.082,2315.589,2318.193,240,240,0,COMPLETE,
2024-05-06 12:00:00,2318.134,2332.093,2314.542,2324.777,240,240,0,COMPLETE,
2024-05-06 16:00:00,2324.731,2327.461,2317.627,2325.03,240,240,0,COMPLETE,
2024-05-06 20:00:00,2324.992,2328.811,2322.187,2325.943,177,240,63,EXPECTED_INCOMPLETE,EXPECTED
2024-05-07 00:00:00,2325.95,2329.926,2319.603,2324.857,240,240,0,COMPLETE,
2024-05-07 04:00:00,2324.881,2325.078,2317.681,2319.251,240,240,0,COMPLETE,
2024-05-07 08:00:00,2319.227,2319.841,2311.641,2312.348,240,240,0,COMPLETE,
2024-05-07 12:00:00,2312.335,2323.697,2309.879,2314.704,240,240,0,COMPLETE,
2024-05-07 16:00:00,2314.755,2317.437,2311.032,2314.618,240,240,0,COMPLETE,
2024-05-07 20:00:00,2314.634,2316.571,2312.721,2315.118,177,240,63,EXPECTED_INCOMPLETE,EXPECTED
2024-05-08 00:00:00,2315.167,2318.191,2306.785,2317.001,240,240,0,COMPLETE,
2024-05-08 04:00:00,2317.0,2321.336,2305.294,2305.727,240,240,0,COMPLETE,
2024-05-08 08:00:00,2305.691,2318.084,2303.584,2314.667,240,240,0,COMPLETE,
2024-05-08 12:00:00,2314.646,2320.379,2306.721,2320.379,240,240,0,COMPLETE,
2024-05-08 16:00:00,2320.422,2321.095,2307.86,2308.174,240,240,0,COMPLETE,
2024-05-08 20:00:00,2308.231,2310.691,2307.822,2308.74,177,240,63,EXPECTED_INCOMPLETE,EXPECTED
2024-05-09 00:00:00,2308.733,2312.996,2307.763,2312.274,240,240,0,COMPLETE,
2024-05-09 04:00:00,2312.273,2319.735,2307.406,2309.315,240,240,0,COMPLETE,
2024-05-09 08:00:00,2309.261,2316.643,2306.474,2315.918,240,240,0,COMPLETE,
2024-05-09 12:00:00,2315.915,2338.93,2312.08,2330.4,240,240,0,COMPLETE,
2024-05-09 16:00:00,2330.43,2343.998,2329.118,2343.75,240,240,0,COMPLETE,
2024-05-09 20:00:00,2343.697,2348.325,2343.127,2346.524,177,240,63,EXPECTED_INCOMPLETE,EXPECTED
2024-05-10 00:00:00,2346.557,2355.814,2345.924,2353.325,240,240,0,COMPLETE,
2024-05-10 04:00:00,2353.375,2370.372,2351.173,2366.7,240,240,0,COMPLETE,
2024-05-10 08:00:00,2366.733,2378.476,2365.836,2372.127,240,240,0,COMPLETE,
2024-05-10 12:00:00,2372.132,2375.775,2356.573,2364.804,240,240,0,COMPLETE,
2024-05-10 16:00:00,2364.779,2370.961,2361.647,2363.308,240,240,0,COMPLETE,
2024-05-10 20:00:00,2363.368,2365.048,2359.697,2360.449,58,240,182,EXPECTED_INCOMPLETE,EXPECTED
2024-05-11 00:00:00,,,,,0,240,240,SESSION_CLOSED_EXPECTED,EXPECTED
2024-05-11 04:00:00,,,,,0,240,240,SESSION_CLOSED_EXPECTED,EXPECTED
2024-05-11 08:00:00,,,,,0,240,240,SESSION_CLOSED_EXPECTED,EXPECTED
2024-05-11 12:00:00,,,,,0,240,240,SESSION_CLOSED_EXPECTED,EXPECTED
2024-05-11 16:00:00,,,,,0,240,240,SESSION_CLOSED_EXPECTED,EXPECTED
2024-05-11 20:00:00,,,,,0,240,240,SESSION_CLOSED_EXPECTED,EXPECTED
2024-05-12 00:00:00,,,,,0,240,240,SESSION_CLOSED_EXPECTED,EXPECTED
2024-05-12 04:00:00,,,,,0,240,240,SESSION_CLOSED_EXPECTED,EXPECTED
2024-05-12 08:00:00,,,,,0,240,240,SESSION_CLOSED_EXPECTED,EXPECTED
2024-05-12 12:00:00,,,,,0,240,240,SESSION_CLOSED_EXPECTED,EXPECTED
2024-05-12 16:00:00,,,,,0,240,240,SESSION_CLOSED_EXPECTED,EXPECTED
2024-05-12 20:00:00,2361.401,2363.088,2359.724,2360.407,115,240,125,EXPECTED_INCOMPLETE,EXPECTED
2024-05-13 00:00:00,2360.447,2364.49,2354.778,2357.071,240,240,0,COMPLETE,
2024-05-13 04:00:00,2357.012,2357.043,2346.425,2348.57,240,240,0,COMPLETE,
2024-05-13 08:00:00,2348.523,2350.343,2338.364,2344.547,240,240,0,COMPLETE,
2024-05-13 12:00:00,2344.47,2349.777,2332.052,2335.866,240,240,0,COMPLETE,
2024-05-13 16:00:00,2335.884,2338.49,2334.424,2337.334,240,240,0,COMPLETE,
2024-05-13 20:00:00,2337.375,2339.302,2335.222,2338.408,177,240,63,EXPECTED_INCOMPLETE,EXPECTED
2024-05-14 00:00:00,2338.39,2344.422,2334.734,2343.059,240,240,0,COMPLETE,
2024-05-14 04:00:00,2343.077,2345.925,2336.077,2339.151,240,240,0,COMPLETE,
2024-05-14 08:00:00,2339.111,2348.205,2337.726,2343.587,240,240,0,COMPLETE,
2024-05-14 12:00:00,2343.615,2357.08,2336.531,2347.925,240,240,0,COMPLETE,
2024-05-14 16:00:00,2347.881,2359.591,2346.291,2356.485,240,240,0,COMPLETE,
2024-05-14 20:00:00,2356.52,2358.383,2355.047,2355.773,177,240,63,EXPECTED_INCOMPLETE,EXPECTED
2024-05-15 00:00:00,2355.77,2360.991,2354.84,2360.274,240,240,0,COMPLETE,
2024-05-15 04:00:00,2360.296,2365.2,2355.686,2362.401,240,240,0,COMPLETE,
2024-05-15 08:00:00,2362.431,2374.313,2362.006,2362.742,240,240,0,COMPLETE,
2024-05-15 12:00:00,2362.743,2385.715,2351.746,2377.551,240,240,0,COMPLETE,
2024-05-15 16:00:00,2377.591,2390.295,2377.065,2386.313,240,240,0,COMPLETE,
2024-05-15 20:00:00,2386.283,2391.91,2385.385,2391.769,177,240,63,EXPECTED_INCOMPLETE,EXPECTED
2024-05-16 00:00:00,2391.764,2397.341,2386.547,2388.606,240,240,0,COMPLETE,
2024-05-16 04:00:00,2388.637,2394.502,2384.597,2389.337,240,240,0,COMPLETE,
2024-05-16 08:00:00,2389.314,2391.35,2380.83,2384.622,240,240,0,COMPLETE,
2024-05-16 12:00:00,2384.666,2386.335,2370.885,2381.511,240,240,0,COMPLETE,
2024-05-16 16:00:00,2381.564,2383.743,2377.704,2378.109,240,240,0,COMPLETE,
2024-05-16 20:00:00,2378.15,2379.66,2375.84,2377.726,177,240,63,EXPECTED_INCOMPLETE,EXPECTED
2024-05-17 00:00:00,2377.722,2381.223,2373.927,2377.803,240,240,0,COMPLETE,
2024-05-17 04:00:00,2377.806,2387.761,2376.57,2383.813,240,240,0,COMPLETE,
2024-05-17 08:00:00,2383.872,2390.14,2381.297,2389.682,240,240,0,COMPLETE,
2024-05-17 12:00:00,2389.645,2419.174,2386.798,2407.708,240,240,0,COMPLETE,
2024-05-17 16:00:00,2407.739,2419.173,2405.735,2416.402,240,240,0,COMPLETE,
2024-05-17 20:00:00,2416.452,2422.741,2413.417,2413.933,58,240,182,EXPECTED_INCOMPLETE,EXPECTED
2024-05-18 00:00:00,,,,,0,240,240,SESSION_CLOSED_EXPECTED,EXPECTED
2024-05-18 04:00:00,,,,,0,240,240,SESSION_CLOSED_EXPECTED,EXPECTED
2024-05-18 08:00:00,,,,,0,240,240,SESSION_CLOSED_EXPECTED,EXPECTED
2024-05-18 12:00:00,,,,,0,240,240,SESSION_CLOSED_EXPECTED,EXPECTED
2024-05-18 16:00:00,,,,,0,240,240,SESSION_CLOSED_EXPECTED,EXPECTED
2024-05-18 20:00:00,,,,,0,240,240,SESSION_CLOSED_EXPECTED,EXPECTED
2024-05-19 00:00:00,,,,,0,240,240,SESSION_CLOSED_EXPECTED,EXPECTED
2024-05-19 04:00:00,,,,,0,240,240,SESSION_CLOSED_EXPECTED,EXPECTED
2024-05-19 08:00:00,,,,,0,240,240,SESSION_CLOSED_EXPECTED,EXPECTED
2024-05-19 12:00:00,,,,,0,240,240,SESSION_CLOSED_EXPECTED,EXPECTED
2024-05-19 16:00:00,,,,,0,240,240,SESSION_CLOSED_EXPECTED,EXPECTED
2024-05-19 20:00:00,2425.202,2425.202,2416.741,2420.193,115,240,125,EXPECTED_INCOMPLETE,EXPECTED
2024-05-20 00:00:00,2420.204,2440.661,2416.465,2437.543,240,240,0,COMPLETE,
2024-05-20 04:00:00,2437.543,2450.025,2431.759,2442.194,240,240,0,COMPLETE,
2024-05-20 08:00:00,2442.235,2447.182,2427.59,2430.607,240,240,0,COMPLETE,
2024-05-20 12:00:00,2430.569,2430.898,2407.282,2424.839,240,240,0,COMPLETE,
2024-05-20 16:00:00,2424.808,2437.381,2422.441,2426.681,240,240,0,COMPLETE,
2024-05-20 20:00:00,2426.734,2430.346,2423.281,2426.133,177,240,63,EXPECTED_INCOMPLETE,EXPECTED
2024-05-21 00:00:00,2426.134,2433.081,2406.082,2413.695,240,240,0,COMPLETE,
2024-05-21 04:00:00,2413.676,2422.178,2408.497,2419.214,240,240,0,COMPLETE,
2024-05-21 08:00:00,2419.265,2423.733,2412.109,2423.39,240,240,0,COMPLETE,
2024-05-21 12:00:00,2423.406,2433.944,2420.009,2423.413,240,240,0,COMPLETE,
2024-05-21 16:00:00,2423.358,2424.998,2417.292,2423.317,240,240,0,COMPLETE,
2024-05-21 20:00:00,2423.307,2423.462,2420.325,2421.654,177,240,63,EXPECTED_INCOMPLETE,EXPECTED
2024-05-22 00:00:00,2421.659,2426.533,2412.533,2414.163,240,240,0,COMPLETE,
2024-05-22 04:00:00,2414.164,2418.534,2411.381,2417.232,240,240,0,COMPLETE,
2024-05-22 08:00:00,2417.199,2419.395,2404.681,2408.673,240,240,0,COMPLETE,
2024-05-22 12:00:00,2408.708,2415.039,2382.136,2391.966,240,240,0,COMPLETE,
2024-05-22 16:00:00,2391.922,2394.988,2374.935,2379.306,240,240,0,COMPLETE,
2024-05-22 20:00:00,2379.266,2382.708,2377.306,2382.124,177,240,63,EXPECTED_INCOMPLETE,EXPECTED
2024-05-23 00:00:00,2382.156,2383.692,2366.731,2372.438,240,240,0,COMPLETE,
2024-05-23 04:00:00,2372.424,2373.985,2354.936,2356.114,240,240,0,COMPLETE,
2024-05-23 08:00:00,2356.056,2369.422,2355.086,2368.04,240,240,0,COMPLETE,
2024-05-23 12:00:00,2368.002,2369.862,2340.313,2346.081,240,240,0,COMPLETE,
2024-05-23 16:00:00,2346.042,2350.143,2330.91,2331.58,240,240,0,COMPLETE,
2024-05-23 20:00:00,2331.622,2333.612,2326.87,2332.012,177,240,63,EXPECTED_INCOMPLETE,EXPECTED
2024-05-24 00:00:00,2332.015,2335.157,2325.351,2330.601,240,240,0,COMPLETE,
2024-05-24 04:00:00,2330.587,2340.569,2330.415,2337.731,240,240,0,COMPLETE,
2024-05-24 08:00:00,2337.686,2343.922,2336.032,2338.174,240,240,0,COMPLETE,
2024-05-24 12:00:00,2338.176,2347.385,2332.346,2334.49,240,240,0,COMPLETE,
2024-05-24 16:00:00,2334.523,2336.968,2331.792,2333.766,240,240,0,COMPLETE,
2024-05-24 20:00:00,2333.802,2335.165,2333.307,2333.783,58,240,182,EXPECTED_INCOMPLETE,EXPECTED
2024-05-25 00:00:00,,,,,0,240,240,SESSION_CLOSED_EXPECTED,EXPECTED
2024-05-25 04:00:00,,,,,0,240,240,SESSION_CLOSED_EXPECTED,EXPECTED
2024-05-25 08:00:00,,,,,0,240,240,SESSION_CLOSED_EXPECTED,EXPECTED
2024-05-25 12:00:00,,,,,0,240,240,SESSION_CLOSED_EXPECTED,EXPECTED
2024-05-25 16:00:00,,,,,0,240,240,SESSION_CLOSED_EXPECTED,EXPECTED
2024-05-25 20:00:00,,,,,0,240,240,SESSION_CLOSED_EXPECTED,EXPECTED
2024-05-26 00:00:00,,,,,0,240,240,SESSION_CLOSED_EXPECTED,EXPECTED
2024-05-26 04:00:00,,,,,0,240,240,SESSION_CLOSED_EXPECTED,EXPECTED
2024-05-26 08:00:00,,,,,0,240,240,SESSION_CLOSED_EXPECTED,EXPECTED
2024-05-26 12:00:00,,,,,0,240,240,SESSION_CLOSED_EXPECTED,EXPECTED
2024-05-26 16:00:00,,,,,0,240,240,SESSION_CLOSED_EXPECTED,EXPECTED
2024-05-26 20:00:00,2335.785,2340.682,2332.184,2337.177,115,240,125,EXPECTED_INCOMPLETE,EXPECTED
2024-05-27 00:00:00,2337.188,2347.609,2334.36,2345.976,240,240,0,COMPLETE,
2024-05-27 04:00:00,2345.973,2346.019,2338.11,2338.561,240,240,0,COMPLETE,
2024-05-27 08:00:00,2338.606,2346.151,2338.157,2345.031,240,240,0,COMPLETE,
2024-05-27 12:00:00,2345.076,2358.449,2343.675,2352.446,240,240,0,COMPLETE,
2024-05-27 16:00:00,2352.398,2355.602,2352.12,2353.899,75,240,165,UNEXPECTED_INCOMPLETE,UNEXPECTED
2024-05-27 20:00:00,2352.085,2353.654,2351.051,2352.372,115,240,125,UNEXPECTED_INCOMPLETE,UNEXPECTED
2024-05-28 00:00:00,2352.411,2356.319,2349.143,2350.858,240,240,0,COMPLETE,
2024-05-28 04:00:00,2350.825,2353.668,2341.295,2344.008,240,240,0,COMPLETE,
2024-05-28 08:00:00,2343.974,2348.448,2340.238,2347.396,240,240,0,COMPLETE,
2024-05-28 12:00:00,2347.368,2364.077,2345.915,2360.241,240,240,0,COMPLETE,
2024-05-28 16:00:00,2360.203,2362.192,2352.768,2358.154,240,240,0,COMPLETE,
2024-05-28 20:00:00,2358.138,2362.288,2357.805,2359.685,177,240,63,EXPECTED_INCOMPLETE,EXPECTED
2024-05-29 00:00:00,2359.648,2361.037,2354.381,2358.124,240,240,0,COMPLETE,
2024-05-29 04:00:00,2358.136,2361.338,2349.976,2350.471,240,240,0,COMPLETE,
2024-05-29 08:00:00,2350.535,2351.728,2338.414,2341.666,240,240,0,COMPLETE,
2024-05-29 12:00:00,2341.659,2347.218,2334.477,2339.149,240,240,0,COMPLETE,
2024-05-29 16:00:00,2339.141,2344.291,2336.009,2336.746,240,240,0,COMPLETE,
2024-05-29 20:00:00,2336.773,2339.09,2335.842,2338.364,177,240,63,EXPECTED_INCOMPLETE,EXPECTED
2024-05-30 00:00:00,2338.378,2339.853,2328.012,2334.311,240,240,0,COMPLETE,
2024-05-30 04:00:00,2334.264,2337.695,2322.555,2334.343,240,240,0,COMPLETE,
2024-05-30 08:00:00,2334.371,2340.933,2330.55,2335.827,240,240,0,COMPLETE,
2024-05-30 12:00:00,2335.801,2351.847,2331.931,2343.804,240,240,0,COMPLETE,
2024-05-30 16:00:00,2343.837,2348.807,2339.831,2341.567,240,240,0,COMPLETE,
2024-05-30 20:00:00,2341.513,2346.376,2341.44,2343.907,177,240,63,EXPECTED_INCOMPLETE,EXPECTED
2024-05-31 00:00:00,2343.921,2347.688,2336.931,2343.698,240,240,0,COMPLETE,
2024-05-31 04:00:00,2343.668,2347.062,2339.895,2340.364,240,240,0,COMPLETE,
2024-05-31 08:00:00,2340.339,2344.948,2339.682,2343.784,240,240,0,COMPLETE,
2024-05-31 12:00:00,2343.739,2359.694,2327.694,2330.024,240,240,0,COMPLETE,
2024-05-31 16:00:00,2329.969,2336.692,2320.525,2327.645,240,240,0,COMPLETE,
2024-05-31 20:00:00,2327.686,2330.549,2326.996,2327.192,58,240,182,EXPECTED_INCOMPLETE,EXPECTED
2024-06-01 00:00:00,,,,,0,240,240,SESSION_CLOSED_EXPECTED,EXPECTED
2024-06-01 04:00:00,,,,,0,240,240,SESSION_CLOSED_EXPECTED,EXPECTED
2024-06-01 08:00:00,,,,,0,240,240,SESSION_CLOSED_EXPECTED,EXPECTED
2024-06-01 12:00:00,,,,,0,240,240,SESSION_CLOSED_EXPECTED,EXPECTED
2024-06-01 16:00:00,,,,,0,240,240,SESSION_CLOSED_EXPECTED,EXPECTED
2024-06-01 20:00:00,,,,,0,240,240,SESSION_CLOSED_EXPECTED,EXPECTED
2024-06-02 00:00:00,,,,,0,240,240,SESSION_CLOSED_EXPECTED,EXPECTED
2024-06-02 04:00:00,,,,,0,240,240,SESSION_CLOSED_EXPECTED,EXPECTED
2024-06-02 08:00:00,,,,,0,240,240,SESSION_CLOSED_EXPECTED,EXPECTED
2024-06-02 12:00:00,,,,,0,240,240,SESSION_CLOSED_EXPECTED,EXPECTED
2024-06-02 16:00:00,,,,,0,240,240,SESSION_CLOSED_EXPECTED,EXPECTED
2024-06-02 20:00:00,2328.496,2328.774,2323.335,2325.937,115,240,125,EXPECTED_INCOMPLETE,EXPECTED
2024-06-03 00:00:00,2325.967,2331.11,2320.808,2321.394,240,240,0,COMPLETE,
2024-06-03 04:00:00,2321.441,2328.845,2314.692,2325.951,240,240,0,COMPLETE,
2024-06-03 08:00:00,2325.921,2333.311,2324.296,2329.977,240,240,0,COMPLETE,
2024-06-03 12:00:00,2329.993,2345.668,2325.657,2342.815,240,240,0,COMPLETE,
2024-06-03 16:00:00,2342.781,2354.733,2341.348,2347.609,240,240,0,COMPLETE,
2024-06-03 20:00:00,2347.654,2351.811,2346.899,2350.63,177,240,63,EXPECTED_INCOMPLETE,EXPECTED
2024-06-04 00:00:00,2350.641,2352.795,2343.115,2345.751,240,240,0,COMPLETE,
2024-06-04 04:00:00,2345.692,2351.775,2339.034,2339.732,240,240,0,COMPLETE,
2024-06-04 08:00:00,2339.678,2339.786,2325.238,2327.917,240,240,0,COMPLETE,
2024-06-04 12:00:00,2327.879,2337.918,2315.548,2326.066,240,240,0,COMPLETE,
2024-06-04 16:00:00,2326.071,2330.32,2322.51,2327.312,240,240,0,COMPLETE,
2024-06-04 20:00:00,2327.355,2328.899,2325.98,2328.785,177,240,63,EXPECTED_INCOMPLETE,EXPECTED
2024-06-05 00:00:00,2328.791,2337.928,2325.829,2337.121,240,240,0,COMPLETE,
2024-06-05 04:00:00,2337.172,2341.666,2328.057,2331.588,240,240,0,COMPLETE,
2024-06-05 08:00:00,2331.581,2335.526,2329.467,2332.513,240,240,0,COMPLETE,
2024-06-05 12:00:00,2332.57,2357.389,2332.184,2353.649,240,240,0,COMPLETE,
2024-06-05 16:00:00,2353.641,2356.735,2351.369,2353.928,240,240,0,COMPLETE,
2024-06-05 20:00:00,2353.971,2357.531,2352.768,2355.011,177,240,63,EXPECTED_INCOMPLETE,EXPECTED
2024-06-06 00:00:00,2355.01,2374.963,2354.49,2368.445,240,240,0,COMPLETE,
2024-06-06 04:00:00,2368.448,2371.397,2362.153,2362.906,240,240,0,COMPLETE,
2024-06-06 08:00:00,2362.899,2363.887,2358.515,2359.76,240,240,0,COMPLETE,
2024-06-06 12:00:00,2359.739,2378.518,2353.372,2374.226,240,240,0,COMPLETE,
2024-06-06 16:00:00,2374.209,2376.907,2368.979,2372.496,240,240,0,COMPLETE,
2024-06-06 20:00:00,2372.47,2378.124,2372.287,2376.73,177,240,63,EXPECTED_INCOMPLETE,EXPECTED
2024-06-07 00:00:00,2376.735,2381.969,2369.379,2380.119,240,240,0,COMPLETE,
2024-06-07 04:00:00,2380.121,2387.7,2372.733,2373.584,240,240,0,COMPLETE,
2024-06-07 08:00:00,2373.535,2373.934,2330.867,2336.497,231,240,9,UNEXPECTED_INCOMPLETE,UNEXPECTED
2024-06-07 12:00:00,2336.488,2339.312,2304.445,2304.957,240,240,0,COMPLETE,
2024-06-07 16:00:00,2305.019,2314.477,2287.536,2288.263,240,240,0,COMPLETE,
2024-06-07 20:00:00,2288.299,2294.327,2286.722,2293.796,58,240,182,EXPECTED_INCOMPLETE,EXPECTED
2024-06-08 00:00:00,,,,,0,240,240,SESSION_CLOSED_EXPECTED,EXPECTED
2024-06-08 04:00:00,,,,,0,240,240,SESSION_CLOSED_EXPECTED,EXPECTED
2024-06-08 08:00:00,,,,,0,240,240,SESSION_CLOSED_EXPECTED,EXPECTED
2024-06-08 12:00:00,,,,,0,240,240,SESSION_CLOSED_EXPECTED,EXPECTED
2024-06-08 16:00:00,,,,,0,240,240,SESSION_CLOSED_EXPECTED,EXPECTED
2024-06-08 20:00:00,,,,,0,240,240,SESSION_CLOSED_EXPECTED,EXPECTED
2024-06-09 00:00:00,,,,,0,240,240,SESSION_CLOSED_EXPECTED,EXPECTED
2024-06-09 04:00:00,,,,,0,240,240,SESSION_CLOSED_EXPECTED,EXPECTED
2024-06-09 08:00:00,,,,,0,240,240,SESSION_CLOSED_EXPECTED,EXPECTED
2024-06-09 12:00:00,,,,,0,240,240,SESSION_CLOSED_EXPECTED,EXPECTED
2024-06-09 16:00:00,,,,,0,240,240,SESSION_CLOSED_EXPECTED,EXPECTED
2024-06-09 20:00:00,2290.431,2300.041,2290.38,2298.478,115,240,125,EXPECTED_INCOMPLETE,EXPECTED
2024-06-10 00:00:00,2298.48,2301.398,2293.904,2295.329,240,240,0,COMPLETE,
2024-06-10 04:00:00,2295.287,2297.269,2287.702,2296.475,240,240,0,COMPLETE,
2024-06-10 08:00:00,2296.522,2305.282,2291.829,2305.044,240,240,0,COMPLETE,
2024-06-10 12:00:00,2304.993,2308.66,2300.356,2307.301,240,240,0,COMPLETE,
2024-06-10 16:00:00,2307.349,2313.765,2306.935,2308.733,240,240,0,COMPLETE,
2024-06-10 20:00:00,2308.786,2312.147,2308.476,2309.93,177,240,63,EXPECTED_INCOMPLETE,EXPECTED
2024-06-11 00:00:00,2309.925,2311.898,2298.778,2303.733,240,240,0,COMPLETE,
2024-06-11 04:00:00,2303.686,2305.413,2297.638,2304.485,240,240,0,COMPLETE,
2024-06-11 08:00:00,2304.517,2308.873,2301.465,2307.644,240,240,0,COMPLETE,
2024-06-11 12:00:00,2307.607,2319.95,2307.538,2310.122,240,240,0,COMPLETE,
2024-06-11 16:00:00,2310.171,2315.756,2305.788,2315.31,240,240,0,COMPLETE,
2024-06-11 20:00:00,2315.35,2317.603,2313.873,2315.071,177,240,63,EXPECTED_INCOMPLETE,EXPECTED
2024-06-12 00:00:00,2315.056,2316.748,2310.669,2314.025,240,240,0,COMPLETE,
2024-06-12 04:00:00,2314.031,2317.78,2311.153,2314.479,240,240,0,COMPLETE,
2024-06-12 08:00:00,2314.517,2315.697,2310.762,2312.847,240,240,0,COMPLETE,
2024-06-12 12:00:00,2312.866,2341.629,2311.564,2335.542,240,240,0,COMPLETE,
2024-06-12 16:00:00,2335.552,2339.557,2315.819,2321.213,240,240,0,COMPLETE,
2024-06-12 20:00:00,2321.263,2325.354,2320.125,2320.555,177,240,63,EXPECTED_INCOMPLETE,EXPECTED
2024-06-13 00:00:00,2320.57,2322.963,2308.078,2314.248,240,240,0,COMPLETE,
2024-06-13 04:00:00,2314.239,2318.566,2308.963,2317.012,240,240,0,COMPLETE,
2024-06-13 08:00:00,2317.06,2319.957,2303.906,2307.026,240,240,0,COMPLETE,
2024-06-13 12:00:00,2307.073,2326.721,2297.746,2298.992,240,240,0,COMPLETE,
2024-06-13 16:00:00,2298.938,2304.896,2295.463,2303.413,240,240,0,COMPLETE,
2024-06-13 20:00:00,2303.463,2304.324,2301.694,2302.335,177,240,63,EXPECTED_INCOMPLETE,EXPECTED
2024-06-14 00:00:00,2302.379,2308.605,2301.502,2305.461,240,240,0,COMPLETE,
2024-06-14 04:00:00,2305.417,2316.715,2303.447,2315.226,240,240,0,COMPLETE,
2024-06-14 08:00:00,2315.184,2336.559,2314.724,2332.013,240,240,0,COMPLETE,
2024-06-14 12:00:00,2332.045,2335.472,2324.007,2326.087,240,240,0,COMPLETE,
2024-06-14 16:00:00,2326.129,2335.553,2325.353,2332.452,240,240,0,COMPLETE,
2024-06-14 20:00:00,2332.506,2333.064,2330.917,2332.824,58,240,182,EXPECTED_INCOMPLETE,EXPECTED
2024-06-15 00:00:00,,,,,0,240,240,SESSION_CLOSED_EXPECTED,EXPECTED
2024-06-15 04:00:00,,,,,0,240,240,SESSION_CLOSED_EXPECTED,EXPECTED
2024-06-15 08:00:00,,,,,0,240,240,SESSION_CLOSED_EXPECTED,EXPECTED
2024-06-15 12:00:00,,,,,0,240,240,SESSION_CLOSED_EXPECTED,EXPECTED
2024-06-15 16:00:00,,,,,0,240,240,SESSION_CLOSED_EXPECTED,EXPECTED
2024-06-15 20:00:00,,,,,0,240,240,SESSION_CLOSED_EXPECTED,EXPECTED
2024-06-16 00:00:00,,,,,0,240,240,SESSION_CLOSED_EXPECTED,EXPECTED
2024-06-16 04:00:00,,,,,0,240,240,SESSION_CLOSED_EXPECTED,EXPECTED
2024-06-16 08:00:00,,,,,0,240,240,SESSION_CLOSED_EXPECTED,EXPECTED
2024-06-16 12:00:00,,,,,0,240,240,SESSION_CLOSED_EXPECTED,EXPECTED
2024-06-16 16:00:00,,,,,0,240,240,SESSION_CLOSED_EXPECTED,EXPECTED
2024-06-16 20:00:00,2331.087,2331.485,2327.413,2328.873,115,240,125,EXPECTED_INCOMPLETE,EXPECTED
2024-06-17 00:00:00,2328.918,2328.949,2321.485,2324.309,240,240,0,COMPLETE,
2024-06-17 04:00:00,2324.307,2326.234,2315.44,2316.993,240,240,0,COMPLETE,
2024-06-17 08:00:00,2316.962,2322.585,2316.413,2318.185,240,240,0,COMPLETE,
2024-06-17 12:00:00,2318.23,2327.643,2309.97,2312.491,240,240,0,COMPLETE,
2024-06-17 16:00:00,2312.538,2320.569,2312.538,2320.138,240,240,0,COMPLETE,
2024-06-17 20:00:00,2320.182,2321.227,2318.413,2320.645,177,240,63,EXPECTED_INCOMPLETE,EXPECTED
2024-06-18 00:00:00,2320.634,2325.645,2319.229,2324.411,240,240,0,COMPLETE,
2024-06-18 04:00:00,2324.408,2324.813,2314.956,2315.526,240,240,0,COMPLETE,
2024-06-18 08:00:00,2315.505,2315.505,2306.502,2313.311,240,240,0,COMPLETE,
2024-06-18 12:00:00,2313.279,2329.758,2311.398,2326.865,240,240,0,COMPLETE,
2024-06-18 16:00:00,2326.917,2333.086,2326.448,2329.358,240,240,0,COMPLETE,
2024-06-18 20:00:00,2329.351,2330.549,2327.497,2328.254,177,240,63,EXPECTED_INCOMPLETE,EXPECTED
2024-06-19 00:00:00,2328.273,2331.748,2326.492,2328.27,240,240,0,COMPLETE,
2024-06-19 04:00:00,2328.222,2332.694,2326.797,2331.767,240,240,0,COMPLETE,
2024-06-19 08:00:00,2331.812,2334.963,2325.741,2330.404,240,240,0,COMPLETE,
2024-06-19 12:00:00,2330.389,2332.907,2323.675,2329.774,240,240,0,COMPLETE,
2024-06-19 16:00:00,2329.783,2331.336,2328.882,2329.971,75,240,165,UNEXPECTED_INCOMPLETE,UNEXPECTED
2024-06-19 20:00:00,2329.947,2330.545,2328.649,2329.342,115,240,125,UNEXPECTED_INCOMPLETE,UNEXPECTED
2024-06-20 00:00:00,2329.361,2338.98,2327.74,2333.902,240,240,0,COMPLETE,
2024-06-20 04:00:00,2333.897,2345.677,2333.691,2338.581,240,240,0,COMPLETE,
2024-06-20 08:00:00,2338.533,2341.376,2331.557,2339.247,240,240,0,COMPLETE,
2024-06-20 12:00:00,2339.292,2365.487,2335.23,2353.737,240,240,0,COMPLETE,
2024-06-20 16:00:00,2353.725,2361.003,2352.795,2358.812,240,240,0,COMPLETE,
2024-06-20 20:00:00,2358.856,2361.131,2358.157,2360.745,177,240,63,EXPECTED_INCOMPLETE,EXPECTED
2024-06-21 00:00:00,2360.764,2364.834,2357.068,2362.135,240,240,0,COMPLETE,
2024-06-21 04:00:00,2362.162,2365.602,2355.088,2362.884,240,240,0,COMPLETE,
2024-06-21 08:00:00,2362.932,2368.745,2361.277,2366.216,240,240,0,COMPLETE,
2024-06-21 12:00:00,2366.269,2368.044,2323.277,2327.893,240,240,0,COMPLETE,
2024-06-21 16:00:00,2327.946,2329.353,2316.669,2322.054,240,240,0,COMPLETE,
2024-06-21 20:00:00,2322.105,2322.653,2320.76,2321.502,58,240,182,EXPECTED_INCOMPLETE,EXPECTED
2024-06-22 00:00:00,,,,,0,240,240,SESSION_CLOSED_EXPECTED,EXPECTED
2024-06-22 04:00:00,,,,,0,240,240,SESSION_CLOSED_EXPECTED,EXPECTED
2024-06-22 08:00:00,,,,,0,240,240,SESSION_CLOSED_EXPECTED,EXPECTED
2024-06-22 12:00:00,,,,,0,240,240,SESSION_CLOSED_EXPECTED,EXPECTED
2024-06-22 16:00:00,,,,,0,240,240,SESSION_CLOSED_EXPECTED,EXPECTED
2024-06-22 20:00:00,,,,,0,240,240,SESSION_CLOSED_EXPECTED,EXPECTED
2024-06-23 00:00:00,,,,,0,240,240,SESSION_CLOSED_EXPECTED,EXPECTED
2024-06-23 04:00:00,,,,,0,240,240,SESSION_CLOSED_EXPECTED,EXPECTED
2024-06-23 08:00:00,,,,,0,240,240,SESSION_CLOSED_EXPECTED,EXPECTED
2024-06-23 12:00:00,,,,,0,240,240,SESSION_CLOSED_EXPECTED,EXPECTED
2024-06-23 16:00:00,,,,,0,240,240,SESSION_CLOSED_EXPECTED,EXPECTED
2024-06-23 20:00:00,2321.11,2322.193,2317.689,2319.185,115,240,125,EXPECTED_INCOMPLETE,EXPECTED
2024-06-24 00:00:00,2319.175,2326.643,2317.852,2325.395,240,240,0,COMPLETE,
2024-06-24 04:00:00,2325.405,2331.788,2321.35,2330.705,240,240,0,COMPLETE,
2024-06-24 08:00:00,2330.72,2332.775,2320.767,2326.19,240,240,0,COMPLETE,
2024-06-24 12:00:00,2326.235,2333.831,2323.284,2327.626,240,240,0,COMPLETE,
2024-06-24 16:00:00,2327.581,2334.631,2326.822,2331.64,240,240,0,COMPLETE,
2024-06-24 20:00:00,2331.607,2334.39,2330.225,2330.877,177,240,63,EXPECTED_INCOMPLETE,EXPECTED
2024-06-25 00:00:00,2330.871,2330.927,2323.164,2324.146,240,240,0,COMPLETE,
2024-06-25 04:00:00,2324.188,2330.078,2322.676,2324.788,240,240,0,COMPLETE,
2024-06-25 08:00:00,2324.745,2337.088,2322.814,2330.124,240,240,0,COMPLETE,
2024-06-25 12:00:00,2330.163,2330.458,2315.562,2324.683,240,240,0,COMPLETE,
2024-06-25 16:00:00,2324.751,2324.987,2315.436,2319.775,240,240,0,COMPLETE,
2024-06-25 20:00:00,2319.725,2321.427,2317.858,2320.027,177,240,63,EXPECTED_INCOMPLETE,EXPECTED
2024-06-26 00:00:00,2319.979,2323.903,2310.556,2317.247,240,240,0,COMPLETE,
2024-06-26 04:00:00,2317.289,2318.131,2309.669,2316.085,240,240,0,COMPLETE,
2024-06-26 08:00:00,2316.044,2318.424,2304.374,2313.006,240,240,0,COMPLETE,
2024-06-26 12:00:00,2312.993,2317.804,2293.525,2299.943,240,240,0,COMPLETE,
2024-06-26 16:00:00,2299.919,2302.981,2296.872,2298.626,240,240,0,COMPLETE,
2024-06-26 20:00:00,2298.681,2299.223,2296.763,2298.402,177,240,63,EXPECTED_INCOMPLETE,EXPECTED
2024-06-27 00:00:00,2298.412,2300.1,2296.806,2298.932,240,240,0,COMPLETE,
2024-06-27 04:00:00,2298.934,2303.386,2296.429,2302.26,240,240,0,COMPLETE,
2024-06-27 08:00:00,2302.213,2317.891,2301.965,2317.02,240,240,0,COMPLETE,
2024-06-27 12:00:00,2316.975,2330.936,2316.028,2327.436,240,240,0,COMPLETE,
2024-06-27 16:00:00,2327.401,2328.283,2322.395,2325.951,240,240,0,COMPLETE,
2024-06-27 20:00:00,2325.917,2328.529,2325.38,2327.72,177,240,63,EXPECTED_INCOMPLETE,EXPECTED
2024-06-28 00:00:00,2327.665,2328.269,2319.005,2321.715,240,240,0,COMPLETE,
2024-06-28 04:00:00,2321.787,2328.85,2319.712,2327.139,240,240,0,COMPLETE,
2024-06-28 08:00:00,2327.153,2337.147,2326.43,2333.938,240,240,0,COMPLETE,
2024-06-28 12:00:00,2333.909,2339.809,2322.841,2328.592,240,240,0,COMPLETE,
2024-06-28 16:00:00,2328.638,2332.713,2322.932,2325.004,240,240,0,COMPLETE,
2024-06-28 20:00:00,2324.973,2326.829,2322.837,2326.638,58,240,182,EXPECTED_INCOMPLETE,EXPECTED
2024-06-29 00:00:00,,,,,0,240,240,SESSION_CLOSED_EXPECTED,EXPECTED
2024-06-29 04:00:00,,,,,0,240,240,SESSION_CLOSED_EXPECTED,EXPECTED
2024-06-29 08:00:00,,,,,0,240,240,SESSION_CLOSED_EXPECTED,EXPECTED
2024-06-29 12:00:00,,,,,0,240,240,SESSION_CLOSED_EXPECTED,EXPECTED
2024-06-29 16:00:00,,,,,0,240,240,SESSION_CLOSED_EXPECTED,EXPECTED
2024-06-29 20:00:00,,,,,0,240,240,SESSION_CLOSED_EXPECTED,EXPECTED
2024-06-30 00:00:00,,,,,0,240,240,SESSION_CLOSED_EXPECTED,EXPECTED
2024-06-30 04:00:00,,,,,0,240,240,SESSION_CLOSED_EXPECTED,EXPECTED
2024-06-30 08:00:00,,,,,0,240,240,SESSION_CLOSED_EXPECTED,EXPECTED
2024-06-30 12:00:00,,,,,0,240,240,SESSION_CLOSED_EXPECTED,EXPECTED
2024-06-30 16:00:00,,,,,0,240,240,SESSION_CLOSED_EXPECTED,EXPECTED
2024-06-30 20:00:00,2322.849,2326.158,2322.84,2324.93,115,240,125,EXPECTED_INCOMPLETE,EXPECTED
2024-07-01 00:00:00,2324.951,2328.501,2322.103,2324.746,240,240,0,COMPLETE,
2024-07-01 04:00:00,2324.729,2328.974,2318.438,2323.683,240,240,0,COMPLETE,
2024-07-01 08:00:00,2323.652,2338.248,2321.84,2338.132,240,240,0,COMPLETE,
2024-07-01 12:00:00,2338.164,2338.484,2319.177,2327.713,240,240,0,COMPLETE,
2024-07-01 16:00:00,2327.707,2331.879,2326.605,2330.899,240,240,0,COMPLETE,
2024-07-01 20:00:00,2330.974,2332.549,2330.854,2332.222,177,240,63,EXPECTED_INCOMPLETE,EXPECTED
2024-07-02 00:00:00,2332.216,2334.301,2325.708,2326.033,240,240,0,COMPLETE,
2024-07-02 04:00:00,2326.036,2331.783,2323.26,2330.679,240,240,0,COMPLETE,
2024-07-02 08:00:00,2330.735,2332.455,2319.9,2320.7,240,240,0,COMPLETE,
2024-07-02 12:00:00,2320.726,2336.774,2319.004,2324.711,240,240,0,COMPLETE,
2024-07-02 16:00:00,2324.678,2331.313,2320.921,2330.76,240,240,0,COMPLETE,
2024-07-02 20:00:00,2330.725,2331.451,2328.612,2330.18,177,240,63,EXPECTED_INCOMPLETE,EXPECTED
2024-07-03 00:00:00,2330.177,2332.506,2326.78,2331.648,240,240,0,COMPLETE,
2024-07-03 04:00:00,2331.699,2347.201,2331.699,2345.306,239,240,1,UNEXPECTED_INCOMPLETE,UNEXPECTED
2024-07-03 08:00:00,2345.319,2349.484,2342.106,2345.376,240,240,0,COMPLETE,
2024-07-03 12:00:00,2345.397,2364.926,2344.871,2363.04,240,240,0,COMPLETE,
2024-07-03 16:00:00,2363.001,2363.15,2353.614,2354.28,240,240,0,COMPLETE,
2024-07-03 20:00:00,2354.302,2359.581,2354.225,2358.699,177,240,63,EXPECTED_INCOMPLETE,EXPECTED
2024-07-04 00:00:00,2358.721,2362.54,2356.442,2358.103,240,240,0,COMPLETE,
2024-07-04 04:00:00,2358.102,2359.602,2350.361,2357.454,240,240,0,COMPLETE,
2024-07-04 08:00:00,2357.513,2359.99,2355.45,2358.391,240,240,0,COMPLETE,
2024-07-04 12:00:00,2358.464,2361.872,2355.455,2357.391,240,240,0,COMPLETE,
2024-07-04 16:00:00,2357.411,2359.098,2356.903,2357.23,75,240,165,UNEXPECTED_INCOMPLETE,UNEXPECTED
2024-07-04 20:00:00,2357.034,2357.703,2354.21,2356.721,115,240,125,UNEXPECTED_INCOMPLETE,UNEXPECTED
2024-07-05 00:00:00,2356.753,2363.108,2356.024,2361.713,240,240,0,COMPLETE,
2024-07-05 04:00:00,2361.716,2367.446,2361.303,2365.224,240,240,0,COMPLETE,
2024-07-05 08:00:00,2365.261,2368.022,2361.77,2365.755,240,240,0,COMPLETE,
2024-07-05 12:00:00,2365.736,2388.347,2347.455,2384.639,240,240,0,COMPLETE,
2024-07-05 16:00:00,2384.685,2392.94,2383.902,2388.833,240,240,0,COMPLETE,
2024-07-05 20:00:00,2388.783,2391.626,2388.191,2391.563,58,240,182,EXPECTED_INCOMPLETE,EXPECTED
2024-07-06 00:00:00,,,,,0,240,240,SESSION_CLOSED_EXPECTED,EXPECTED
2024-07-06 04:00:00,,,,,0,240,240,SESSION_CLOSED_EXPECTED,EXPECTED
2024-07-06 08:00:00,,,,,0,240,240,SESSION_CLOSED_EXPECTED,EXPECTED
2024-07-06 12:00:00,,,,,0,240,240,SESSION_CLOSED_EXPECTED,EXPECTED
2024-07-06 16:00:00,,,,,0,240,240,SESSION_CLOSED_EXPECTED,EXPECTED
2024-07-06 20:00:00,,,,,0,240,240,SESSION_CLOSED_EXPECTED,EXPECTED
2024-07-07 00:00:00,,,,,0,240,240,SESSION_CLOSED_EXPECTED,EXPECTED
2024-07-07 04:00:00,,,,,0,240,240,SESSION_CLOSED_EXPECTED,EXPECTED
2024-07-07 08:00:00,,,,,0,240,240,SESSION_CLOSED_EXPECTED,EXPECTED
2024-07-07 12:00:00,,,,,0,240,240,SESSION_CLOSED_EXPECTED,EXPECTED
2024-07-07 16:00:00,,,,,0,240,240,SESSION_CLOSED_EXPECTED,EXPECTED
2024-07-07 20:00:00,2389.584,2390.178,2384.766,2386.122,115,240,125,EXPECTED_INCOMPLETE,EXPECTED
2024-07-08 00:00:00,2386.067,2391.089,2380.67,2382.875,240,240,0,COMPLETE,
2024-07-08 04:00:00,2382.933,2386.766,2376.597,2377.833,240,240,0,COMPLETE,
2024-07-08 08:00:00,2377.824,2378.824,2368.262,2375.284,240,240,0,COMPLETE,
2024-07-08 12:00:00,2375.236,2379.505,2350.975,2355.459,240,240,0,COMPLETE,
2024-07-08 16:00:00,2355.409,2359.838,2350.994,2359.129,240,240,0,COMPLETE,
2024-07-08 20:00:00,2359.174,2362.001,2357.986,2361.711,177,240,63,EXPECTED_INCOMPLETE,EXPECTED
2024-07-09 00:00:00,2361.739,2367.949,2360.445,2367.625,240,240,0,COMPLETE,
2024-07-09 04:00:00,2367.619,2368.785,2358.255,2358.933,240,240,0,COMPLETE,
2024-07-09 08:00:00,2358.98,2365.643,2357.485,2360.582,240,240,0,COMPLETE,
2024-07-09 12:00:00,2360.632,2371.583,2349.35,2361.993,240,240,0,COMPLETE,
2024-07-09 16:00:00,2361.976,2365.578,2356.511,2363.497,240,240,0,COMPLETE,
2024-07-09 20:00:00,2363.538,2366.044,2363.277,2364.965,177,240,63,EXPECTED_INCOMPLETE,EXPECTED
2024-07-10 00:00:00,2364.944,2370.292,2363.301,2368.144,240,240,0,COMPLETE,
2024-07-10 04:00:00,2368.165,2374.927,2366.566,2372.604,240,240,0,COMPLETE,
2024-07-10 08:00:00,2372.569,2378.375,2371.436,2378.353,240,240,0,COMPLETE,
2024-07-10 12:00:00,2378.387,2386.679,2373.88,2378.759,240,240,0,COMPLETE,
2024-07-10 16:00:00,2378.787,2381.331,2369.862,2371.766,240,240,0,COMPLETE,
2024-07-10 20:00:00,2371.756,2372.911,2370.863,2372.852,177,240,63,EXPECTED_INCOMPLETE,EXPECTED
2024-07-11 00:00:00,2372.834,2380.223,2371.401,2378.744,240,240,0,COMPLETE,
2024-07-11 04:00:00,2378.775,2383.197,2378.466,2379.887,240,240,0,COMPLETE,
2024-07-11 08:00:00,2379.925,2384.526,2378.999,2380.796,240,240,0,COMPLETE,
2024-07-11 12:00:00,2380.752,2424.538,2378.109,2417.353,240,240,0,COMPLETE,
2024-07-11 16:00:00,2417.303,2419.246,2410.006,2414.083,240,240,0,COMPLETE,
2024-07-11 20:00:00,2414.137,2416.001,2411.137,2415.851,177,240,63,EXPECTED_INCOMPLETE,EXPECTED
2024-07-12 00:00:00,2415.855,2416.25,2406.648,2408.777,240,240,0,COMPLETE,
2024-07-12 04:00:00,2408.779,2410.056,2400.283,2404.175,240,240,0,COMPLETE,
2024-07-12 08:00:00,2404.1,2408.312,2398.285,2401.712,240,240,0,COMPLETE,
2024-07-12 12:00:00,2401.767,2413.693,2391.363,2411.715,240,240,0,COMPLETE,
2024-07-12 16:00:00,2411.752,2418.232,2411.699,2412.823,240,240,0,COMPLETE,
2024-07-12 20:00:00,2412.771,2412.771,2411.262,2411.399,58,240,182,EXPECTED_INCOMPLETE,EXPECTED
2024-07-13 00:00:00,,,,,0,240,240,SESSION_CLOSED_EXPECTED,EXPECTED
2024-07-13 04:00:00,,,,,0,240,240,SESSION_CLOSED_EXPECTED,EXPECTED
2024-07-13 08:00:00,,,,,0,240,240,SESSION_CLOSED_EXPECTED,EXPECTED
2024-07-13 12:00:00,,,,,0,240,240,SESSION_CLOSED_EXPECTED,EXPECTED
2024-07-13 16:00:00,,,,,0,240,240,SESSION_CLOSED_EXPECTED,EXPECTED
2024-07-13 20:00:00,,,,,0,240,240,SESSION_CLOSED_EXPECTED,EXPECTED
2024-07-14 00:00:00,,,,,0,240,240,SESSION_CLOSED_EXPECTED,EXPECTED
2024-07-14 04:00:00,,,,,0,240,240,SESSION_CLOSED_EXPECTED,EXPECTED
2024-07-14 08:00:00,,,,,0,240,240,SESSION_CLOSED_EXPECTED,EXPECTED
2024-07-14 12:00:00,,,,,0,240,240,SESSION_CLOSED_EXPECTED,EXPECTED
2024-07-14 16:00:00,,,,,0,240,240,SESSION_CLOSED_EXPECTED,EXPECTED
2024-07-14 20:00:00,2411.618,2412.245,2405.666,2408.65,115,240,125,EXPECTED_INCOMPLETE,EXPECTED
2024-07-15 00:00:00,2408.655,2411.97,2404.885,2411.556,240,240,0,COMPLETE,
2024-07-15 04:00:00,2411.594,2413.974,2401.307,2407.881,240,240,0,COMPLETE,
2024-07-15 08:00:00,2407.897,2420.32,2406.87,2418.231,240,240,0,COMPLETE,
2024-07-15 12:00:00,2418.237,2437.451,2411.499,2433.281,240,240,0,COMPLETE,
2024-07-15 16:00:00,2433.259,2439.767,2419.721,2421.089,240,240,0,COMPLETE,
2024-07-15 20:00:00,2421.146,2422.73,2420.587,2422.49,177,240,63,EXPECTED_INCOMPLETE,EXPECTED
2024-07-16 00:00:00,2422.482,2431.435,2419.914,2428.578,240,240,0,COMPLETE,
2024-07-16 04:00:00,2428.582,2439.339,2425.023,2436.968,240,240,0,COMPLETE,
2024-07-16 08:00:00,2436.951,2443.418,2433.585,2439.521,240,240,0,COMPLETE,
2024-07-16 12:00:00,2439.494,2465.283,2429.334,2463.099,240,240,0,COMPLETE,
2024-07-16 16:00:00,2463.122,2468.7,2457.832,2468.483,240,240,0,COMPLETE,
2024-07-16 20:00:00,2468.537,2469.967,2466.245,2468.278,177,240,63,EXPECTED_INCOMPLETE,EXPECTED
2024-07-17 00:00:00,2468.268,2482.365,2463.91,2471.702,240,240,0,COMPLETE,
2024-07-17 04:00:00,2471.677,2474.324,2461.756,2474.104,240,240,0,COMPLETE,
2024-07-17 08:00:00,2474.063,2478.844,2466.656,2470.029,240,240,0,COMPLETE,
2024-07-17 12:00:00,2470.059,2483.716,2458.014,2463.374,240,240,0,COMPLETE,
2024-07-17 16:00:00,2463.422,2465.106,2451.407,2457.986,240,240,0,COMPLETE,
2024-07-17 20:00:00,2458.023,2461.849,2457.212,2461.296,177,240,63,EXPECTED_INCOMPLETE,EXPECTED
2024-07-18 00:00:00,2461.334,2468.883,2457.29,2468.012,240,240,0,COMPLETE,
2024-07-18 04:00:00,2468.0,2474.966,2464.551,2471.93,240,240,0,COMPLETE,
2024-07-18 08:00:00,2471.959,2473.694,2461.488,2464.455,240,240,0,COMPLETE,
2024-07-18 12:00:00,2464.498,2469.919,2457.522,2461.291,240,240,0,COMPLETE,
2024-07-18 16:00:00,2461.323,2462.032,2440.226,2442.916,240,240,0,COMPLETE,
2024-07-18 20:00:00,2442.965,2445.563,2441.226,2441.25,177,240,63,EXPECTED_INCOMPLETE,EXPECTED
2024-07-19 00:00:00,2441.292,2441.343,2420.433,2428.7,240,240,0,COMPLETE,
2024-07-19 04:00:00,2428.697,2429.321,2412.833,2418.127,240,240,0,COMPLETE,
2024-07-19 08:00:00,2418.139,2421.641,2408.411,2410.053,240,240,0,COMPLETE,
2024-07-19 12:00:00,2410.059,2410.228,2393.756,2405.379,240,240,0,COMPLETE,
2024-07-19 16:00:00,2405.445,2405.969,2395.64,2398.708,240,240,0,COMPLETE,
2024-07-19 20:00:00,2398.742,2400.55,2397.783,2400.45,58,240,182,EXPECTED_INCOMPLETE,EXPECTED
2024-07-20 00:00:00,,,,,0,240,240,SESSION_CLOSED_EXPECTED,EXPECTED
2024-07-20 04:00:00,,,,,0,240,240,SESSION_CLOSED_EXPECTED,EXPECTED
2024-07-20 08:00:00,,,,,0,240,240,SESSION_CLOSED_EXPECTED,EXPECTED
2024-07-20 12:00:00,,,,,0,240,240,SESSION_CLOSED_EXPECTED,EXPECTED
2024-07-20 16:00:00,,,,,0,240,240,SESSION_CLOSED_EXPECTED,EXPECTED
2024-07-20 20:00:00,,,,,0,240,240,SESSION_CLOSED_EXPECTED,EXPECTED
2024-07-21 00:00:00,,,,,0,240,240,SESSION_CLOSED_EXPECTED,EXPECTED
2024-07-21 04:00:00,,,,,0,240,240,SESSION_CLOSED_EXPECTED,EXPECTED
2024-07-21 08:00:00,,,,,0,240,240,SESSION_CLOSED_EXPECTED,EXPECTED
2024-07-21 12:00:00,,,,,0,240,240,SESSION_CLOSED_EXPECTED,EXPECTED
2024-07-21 16:00:00,,,,,0,240,240,SESSION_CLOSED_EXPECTED,EXPECTED
2024-07-21 20:00:00,2403.68,2411.931,2402.487,2411.528,115,240,125,EXPECTED_INCOMPLETE,EXPECTED
2024-07-22 00:00:00,2411.496,2412.152,2403.233,2406.732,240,240,0,COMPLETE,
2024-07-22 04:00:00,2406.69,2407.353,2398.881,2402.503,240,240,0,COMPLETE,
2024-07-22 08:00:00,2402.501,2408.421,2397.953,2398.056,240,240,0,COMPLETE,
2024-07-22 12:00:00,2398.043,2400.144,2383.797,2386.312,240,240,0,COMPLETE,
2024-07-22 16:00:00,2386.304,2400.06,2386.085,2399.0,240,240,0,COMPLETE,
2024-07-22 20:00:00,2398.954,2399.481,2394.705,2395.783,177,240,63,EXPECTED_INCOMPLETE,EXPECTED
2024-07-23 00:00:00,2395.75,2403.981,2395.465,2398.357,240,240,0,COMPLETE,
2024-07-23 04:00:00,2398.36,2399.643,2388.225,2397.791,240,240,0,COMPLETE,
2024-07-23 08:00:00,2397.823,2412.001,2396.276,2407.614,240,240,0,COMPLETE,
2024-07-23 12:00:00,2407.571,2409.281,2399.515,2405.479,240,240,0,COMPLETE,
2024-07-23 16:00:00,2405.437,2408.979,2402.626,2407.545,240,240,0,COMPLETE,
2024-07-23 20:00:00,2407.504,2410.013,2405.304,2408.513,177,240,63,EXPECTED_INCOMPLETE,EXPECTED
2024-07-24 00:00:00,2408.558,2418.324,2404.866,2416.406,240,240,0,COMPLETE,
2024-07-24 04:00:00,2416.421,2419.206,2411.621,2414.574,240,240,0,COMPLETE,
2024-07-24 08:00:00,2414.532,2417.782,2409.753,2417.432,240,240,0,COMPLETE,
2024-07-24 12:00:00,2417.469,2431.954,2413.605,2424.757,240,240,0,COMPLETE,
2024-07-24 16:00:00,2424.793,2424.918,2398.28,2398.358,240,240,0,COMPLETE,
2024-07-24 20:00:00,2398.478,2401.193,2393.033,2398.669,177,240,63,EXPECTED_INCOMPLETE,EXPECTED
2024-07-25 00:00:00,2398.72,2399.985,2366.774,2374.716,240,240,0,COMPLETE,
2024-07-25 04:00:00,2374.707,2378.727,2365.752,2374.02,240,240,0,COMPLETE,
2024-07-25 08:00:00,2374.073,2382.529,2367.985,2368.56,240,240,0,COMPLETE,
2024-07-25 12:00:00,2368.562,2377.31,2357.919,2363.151,240,240,0,COMPLETE,
2024-07-25 16:00:00,2363.123,2365.522,2353.086,2362.579,240,240,0,COMPLETE,
2024-07-25 20:00:00,2362.608,2365.455,2359.362,2363.801,177,240,63,EXPECTED_INCOMPLETE,EXPECTED
2024-07-26 00:00:00,2363.849,2379.403,2355.842,2371.779,240,240,0,COMPLETE,
2024-07-26 04:00:00,2371.821,2375.252,2365.214,2371.462,240,240,0,COMPLETE,
2024-07-26 08:00:00,2371.503,2375.803,2369.344,2373.278,240,240,0,COMPLETE,
2024-07-26 12:00:00,2373.274,2390.799,2371.028,2385.133,240,240,0,COMPLETE,
2024-07-26 16:00:00,2385.213,2390.391,2381.125,2386.272,240,240,0,COMPLETE,
2024-07-26 20:00:00,2386.312,2388.853,2385.432,2387.114,58,240,182,EXPECTED_INCOMPLETE,EXPECTED
2024-07-27 00:00:00,,,,,0,240,240,SESSION_CLOSED_EXPECTED,EXPECTED
2024-07-27 04:00:00,,,,,0,240,240,SESSION_CLOSED_EXPECTED,EXPECTED
2024-07-27 08:00:00,,,,,0,240,240,SESSION_CLOSED_EXPECTED,EXPECTED
2024-07-27 12:00:00,,,,,0,240,240,SESSION_CLOSED_EXPECTED,EXPECTED
2024-07-27 16:00:00,,,,,0,240,240,SESSION_CLOSED_EXPECTED,EXPECTED
2024-07-27 20:00:00,,,,,0,240,240,SESSION_CLOSED_EXPECTED,EXPECTED
2024-07-28 00:00:00,,,,,0,240,240,SESSION_CLOSED_EXPECTED,EXPECTED
2024-07-28 04:00:00,,,,,0,240,240,SESSION_CLOSED_EXPECTED,EXPECTED
2024-07-28 08:00:00,,,,,0,240,240,SESSION_CLOSED_EXPECTED,EXPECTED
2024-07-28 12:00:00,,,,,0,240,240,SESSION_CLOSED_EXPECTED,EXPECTED
2024-07-28 16:00:00,,,,,0,240,240,SESSION_CLOSED_EXPECTED,EXPECTED
2024-07-28 20:00:00,2387.944,2403.155,2387.857,2397.091,115,240,125,EXPECTED_INCOMPLETE,EXPECTED
2024-07-29 00:00:00,2397.055,2402.481,2388.614,2394.526,240,240,0,COMPLETE,
2024-07-29 04:00:00,2394.505,2396.263,2389.426,2391.569,240,240,0,COMPLETE,
2024-07-29 08:00:00,2391.558,2395.368,2386.809,2387.729,240,240,0,COMPLETE,
2024-07-29 12:00:00,2387.738,2396.786,2369.529,2376.802,240,240,0,COMPLETE,
2024-07-29 16:00:00,2376.832,2385.444,2374.5,2383.092,240,240,0,COMPLETE,
2024-07-29 20:00:00,2383.048,2384.948,2380.887,2381.143,177,240,63,EXPECTED_INCOMPLETE,EXPECTED
2024-07-30 00:00:00,2381.186,2385.963,2376.471,2385.741,240,240,0,COMPLETE,
2024-07-30 04:00:00,2385.73,2391.971,2385.638,2390.225,240,240,0,COMPLETE,
2024-07-30 08:00:00,2390.264,2392.44,2386.872,2387.115,240,240,0,COMPLETE,
2024-07-30 12:00:00,2387.109,2397.738,2383.32,2385.26,240,240,0,COMPLETE,
2024-07-30 16:00:00,2385.303,2411.07,2384.953,2407.008,240,240,0,COMPLETE,
2024-07-30 20:00:00,2406.975,2412.799,2406.947,2409.807,177,240,63,EXPECTED_INCOMPLETE,EXPECTED
2024-07-31 00:00:00,2409.81,2419.165,2403.876,2416.442,240,240,0,COMPLETE,
2024-07-31 04:00:00,2416.473,2425.51,2414.371,2417.175,240,240,0,COMPLETE,
2024-07-31 08:00:00,2417.137,2423.246,2415.436,2419.576,240,240,0,COMPLETE,
2024-07-31 12:00:00,2419.629,2428.991,2417.27,2423.098,240,240,0,COMPLETE,
2024-07-31 16:00:00,2423.139,2450.853,2421.537,2449.804,240,240,0,COMPLETE,
2024-07-31 20:00:00,2449.758,2450.933,2444.099,2445.743,177,240,63,EXPECTED_INCOMPLETE,EXPECTED
2024-08-01 00:00:00,2445.725,2458.378,2437.256,2442.777,240,240,0,COMPLETE,
2024-08-01 04:00:00,2442.769,2448.807,2439.871,2440.325,240,240,0,COMPLETE,
2024-08-01 08:00:00,2440.282,2442.888,2430.165,2440.741,240,240,0,COMPLETE,
2024-08-01 12:00:00,2440.723,2462.297,2440.278,2445.107,240,240,0,COMPLETE,
2024-08-01 16:00:00,2445.183,2448.761,2434.879,2443.053,240,240,0,COMPLETE,
2024-08-01 20:00:00,2443.021,2447.553,2441.721,2445.844,177,240,63,EXPECTED_INCOMPLETE,EXPECTED
2024-08-02 00:00:00,2445.886,2459.412,2434.872,2454.432,240,240,0,COMPLETE,
2024-08-02 04:00:00,2454.422,2468.48,2454.191,2461.538,240,240,0,COMPLETE,
2024-08-02 08:00:00,2461.586,2465.371,2457.531,2459.259,240,240,0,COMPLETE,
2024-08-02 12:00:00,2459.216,2477.722,2410.794,2433.147,240,240,0,COMPLETE,
2024-08-02 16:00:00,2433.068,2439.293,2422.932,2437.618,240,240,0,COMPLETE,
2024-08-02 20:00:00,2437.645,2442.473,2435.539,2441.892,58,240,182,EXPECTED_INCOMPLETE,EXPECTED
2024-08-03 00:00:00,,,,,0,240,240,SESSION_CLOSED_EXPECTED,EXPECTED
2024-08-03 04:00:00,,,,,0,240,240,SESSION_CLOSED_EXPECTED,EXPECTED
2024-08-03 08:00:00,,,,,0,240,240,SESSION_CLOSED_EXPECTED,EXPECTED
2024-08-03 12:00:00,,,,,0,240,240,SESSION_CLOSED_EXPECTED,EXPECTED
2024-08-03 16:00:00,,,,,0,240,240,SESSION_CLOSED_EXPECTED,EXPECTED
2024-08-03 20:00:00,,,,,0,240,240,SESSION_CLOSED_EXPECTED,EXPECTED
2024-08-04 00:00:00,,,,,0,240,240,SESSION_CLOSED_EXPECTED,EXPECTED
2024-08-04 04:00:00,,,,,0,240,240,SESSION_CLOSED_EXPECTED,EXPECTED
2024-08-04 08:00:00,,,,,0,240,240,SESSION_CLOSED_EXPECTED,EXPECTED
2024-08-04 12:00:00,,,,,0,240,240,SESSION_CLOSED_EXPECTED,EXPECTED
2024-08-04 16:00:00,,,,,0,240,240,SESSION_CLOSED_EXPECTED,EXPECTED
2024-08-04 20:00:00,2441.02,2446.346,2437.915,2440.952,115,240,125,EXPECTED_INCOMPLETE,EXPECTED
2024-08-05 00:00:00,2440.984,2452.51,2413.767,2450.957,240,240,0,COMPLETE,
2024-08-05 04:00:00,2451.022,2458.836,2422.064,2431.98,240,240,0,COMPLETE,
2024-08-05 08:00:00,2432.021,2434.439,2383.268,2386.736,240,240,0,COMPLETE,
2024-08-05 12:00:00,2386.772,2412.236,2364.267,2402.838,240,240,0,COMPLETE,
2024-08-05 16:00:00,2402.767,2413.057,2398.986,2407.679,240,240,0,COMPLETE,
2024-08-05 20:00:00,2407.641,2412.562,2404.34,2404.837,177,240,63,EXPECTED_INCOMPLETE,EXPECTED
2024-08-06 00:00:00,2404.865,2418.307,2404.515,2408.984,240,240,0,COMPLETE,
2024-08-06 04:00:00,2409.013,2412.647,2394.794,2409.835,240,240,0,COMPLETE,
2024-08-06 08:00:00,2409.935,2416.344,2408.073,2410.955,240,240,0,COMPLETE,
2024-08-06 12:00:00,2410.996,2412.207,2381.404,2387.536,240,240,0,COMPLETE,
2024-08-06 16:00:00,2387.571,2396.014,2385.539,2387.732,240,240,0,COMPLETE,
2024-08-06 20:00:00,2387.759,2390.487,2382.755,2383.778,177,240,63,EXPECTED_INCOMPLETE,EXPECTED
2024-08-07 00:00:00,2383.723,2388.44,2378.941,2385.948,240,240,0,COMPLETE,
2024-08-07 04:00:00,2385.985,2397.582,2385.682,2389.31,240,240,0,COMPLETE,
2024-08-07 08:00:00,2389.339,2402.392,2388.251,2401.178,240,240,0,COMPLETE,
2024-08-07 12:00:00,2401.195,2407.09,2391.932,2394.452,240,240,0,COMPLETE,
2024-08-07 16:00:00,2394.45,2399.748,2383.782,2385.719,240,240,0,COMPLETE,
2024-08-07 20:00:00,2385.67,2387.382,2380.884,2384.791,177,240,63,EXPECTED_INCOMPLETE,EXPECTED
2024-08-08 00:00:00,2384.835,2394.698,2383.268,2394.35,240,240,0,COMPLETE,
2024-08-08 04:00:00,2394.316,2400.64,2392.427,2396.736,240,240,0,COMPLETE,
2024-08-08 08:00:00,2396.786,2413.632,2392.869,2412.192,240,240,0,COMPLETE,
2024-08-08 12:00:00,2412.152,2424.365,2402.295,2418.686,240,240,0,COMPLETE,
2024-08-08 16:00:00,2418.645,2426.361,2415.797,2423.532,240,240,0,COMPLETE,
2024-08-08 20:00:00,2423.554,2427.818,2422.829,2424.593,177,240,63,EXPECTED_INCOMPLETE,EXPECTED
2024-08-09 00:00:00,2424.519,2429.0,2419.222,2421.089,240,240,0,COMPLETE,
2024-08-09 04:00:00,2421.046,2427.054,2416.829,2423.128,240,240,0,COMPLETE,
2024-08-09 08:00:00,2423.183,2432.64,2422.198,2426.761,240,240,0,COMPLETE,
2024-08-09 12:00:00,2426.734,2435.956,2420.955,2431.47,240,240,0,COMPLETE,
2024-08-09 16:00:00,2431.514,2437.018,2427.157,2429.079,240,240,0,COMPLETE,
2024-08-09 20:00:00,2429.118,2431.172,2429.118,2430.805,58,240,182,EXPECTED_INCOMPLETE,EXPECTED
2024-08-10 00:00:00,,,,,0,240,240,SESSION_CLOSED_EXPECTED,EXPECTED
2024-08-10 04:00:00,,,,,0,240,240,SESSION_CLOSED_EXPECTED,EXPECTED
2024-08-10 08:00:00,,,,,0,240,240,SESSION_CLOSED_EXPECTED,EXPECTED
2024-08-10 12:00:00,,,,,0,240,240,SESSION_CLOSED_EXPECTED,EXPECTED
2024-08-10 16:00:00,,,,,0,240,240,SESSION_CLOSED_EXPECTED,EXPECTED
2024-08-10 20:00:00,,,,,0,240,240,SESSION_CLOSED_EXPECTED,EXPECTED
2024-08-11 00:00:00,,,,,0,240,240,SESSION_CLOSED_EXPECTED,EXPECTED
2024-08-11 04:00:00,,,,,0,240,240,SESSION_CLOSED_EXPECTED,EXPECTED
2024-08-11 08:00:00,,,,,0,240,240,SESSION_CLOSED_EXPECTED,EXPECTED
2024-08-11 12:00:00,,,,,0,240,240,SESSION_CLOSED_EXPECTED,EXPECTED
2024-08-11 16:00:00,,,,,0,240,240,SESSION_CLOSED_EXPECTED,EXPECTED
2024-08-11 20:00:00,2428.332,2433.234,2427.246,2427.927,115,240,125,EXPECTED_INCOMPLETE,EXPECTED
2024-08-12 00:00:00,2427.928,2430.288,2423.825,2428.572,240,240,0,COMPLETE,
2024-08-12 04:00:00,2428.515,2442.819,2428.192,2441.573,240,240,0,COMPLETE,
2024-08-12 08:00:00,2441.614,2445.058,2439.576,2441.498,240,240,0,COMPLETE,
2024-08-12 12:00:00,2441.506,2460.686,2441.409,2459.735,240,240,0,COMPLETE,
2024-08-12 16:00:00,2459.778,2472.187,2458.93,2470.473,240,240,0,COMPLETE,
2024-08-12 20:00:00,2470.446,2476.033,2470.151,2475.536,177,240,63,EXPECTED_INCOMPLETE,EXPECTED
2024-08-13 00:00:00,2475.58,2476.963,2460.792,2463.449,240,240,0,COMPLETE,
2024-08-13 04:00:00,2463.513,2466.158,2458.493,2464.26,240,240,0,COMPLETE,
2024-08-13 08:00:00,2464.302,2466.607,2458.834,2465.768,240,240,0,COMPLETE,
2024-08-13 12:00:00,2465.797,2475.657,2458.908,2468.627,240,240,0,COMPLETE,
2024-08-13 16:00:00,2468.6,2471.086,2462.235,2466.912,240,240,0,COMPLETE,
2024-08-13 20:00:00,2466.922,2467.835,2462.942,2464.06,177,240,63,EXPECTED_INCOMPLETE,EXPECTED
2024-08-14 00:00:00,2464.104,2472.498,2455.271,2460.792,240,240,0,COMPLETE,
2024-08-14 04:00:00,2460.815,2471.901,2459.272,2470.85,240,240,0,COMPLETE,
2024-08-14 08:00:00,2470.822,2478.789,2468.677,2474.696,240,240,0,COMPLETE,
2024-08-14 12:00:00,2474.735,2480.064,2441.986,2444.024,240,240,0,COMPLETE,
2024-08-14 16:00:00,2444.023,2448.449,2437.995,2447.226,240,240,0,COMPLETE,
2024-08-14 20:00:00,2447.126,2449.482,2446.433,2449.408,177,240,63,EXPECTED_INCOMPLETE,EXPECTED
2024-08-15 00:00:00,2449.396,2454.357,2448.211,2453.681,240,240,0,COMPLETE,
2024-08-15 04:00:00,2453.7,2458.787,2450.28,2455.71,240,240,0,COMPLETE,
2024-08-15 08:00:00,2455.701,2464.166,2453.541,2463.529,240,240,0,COMPLETE,
2024-08-15 12:00:00,2463.581,2470.095,2432.094,2458.308,240,240,0,COMPLETE,
2024-08-15 16:00:00,2458.394,2461.621,2453.4,2455.566,240,240,0,COMPLETE,
2024-08-15 20:00:00,2455.52,2458.255,2454.397,2457.302,177,240,63,EXPECTED_INCOMPLETE,EXPECTED
2024-08-16 00:00:00,2457.311,2460.028,2450.694,2452.397,240,240,0,COMPLETE,
2024-08-16 04:00:00,2452.435,2464.489,2451.07,2461.969,240,240,0,COMPLETE,
2024-08-16 08:00:00,2462.047,2472.296,2459.093,2472.113,240,240,0,COMPLETE,
2024-08-16 12:00:00,2472.074,2500.52,2471.251,2491.691,240,240,0,COMPLETE,
2024-08-16 16:00:00,2491.766,2509.027,2491.651,2507.862,240,240,0,COMPLETE,
2024-08-16 20:00:00,2507.916,2509.783,2505.539,2507.82,58,240,182,EXPECTED_INCOMPLETE,EXPECTED
2024-08-17 00:00:00,,,,,0,240,240,SESSION_CLOSED_EXPECTED,EXPECTED
2024-08-17 04:00:00,,,,,0,240,240,SESSION_CLOSED_EXPECTED,EXPECTED
2024-08-17 08:00:00,,,,,0,240,240,SESSION_CLOSED_EXPECTED,EXPECTED
2024-08-17 12:00:00,,,,,0,240,240,SESSION_CLOSED_EXPECTED,EXPECTED
2024-08-17 16:00:00,,,,,0,240,240,SESSION_CLOSED_EXPECTED,EXPECTED
2024-08-17 20:00:00,,,,,0,240,240,SESSION_CLOSED_EXPECTED,EXPECTED
2024-08-18 00:00:00,,,,,0,240,240,SESSION_CLOSED_EXPECTED,EXPECTED
2024-08-18 04:00:00,,,,,0,240,240,SESSION_CLOSED_EXPECTED,EXPECTED
2024-08-18 08:00:00,,,,,0,240,240,SESSION_CLOSED_EXPECTED,EXPECTED
2024-08-18 12:00:00,,,,,0,240,240,SESSION_CLOSED_EXPECTED,EXPECTED
2024-08-18 16:00:00,,,,,0,240,240,SESSION_CLOSED_EXPECTED,EXPECTED
2024-08-18 20:00:00,2506.461,2506.778,2502.271,2506.45,115,240,125,EXPECTED_INCOMPLETE,EXPECTED
2024-08-19 00:00:00,2506.438,2506.771,2494.912,2503.22,240,240,0,COMPLETE,
2024-08-19 04:00:00,2503.214,2505.181,2498.807,2502.992,240,240,0,COMPLETE,
2024-08-19 08:00:00,2502.945,2507.185,2486.483,2494.41,240,240,0,COMPLETE,
2024-08-19 12:00:00,2494.415,2505.931,2485.615,2503.934,240,240,0,COMPLETE,
2024-08-19 16:00:00,2503.898,2507.482,2500.634,2505.403,240,240,0,COMPLETE,
2024-08-19 20:00:00,2505.442,2505.624,2502.044,2503.544,177,240,63,EXPECTED_INCOMPLETE,EXPECTED
2024-08-20 00:00:00,2503.554,2508.289,2498.632,2501.731,240,240,0,COMPLETE,
2024-08-20 04:00:00,2501.789,2515.223,2497.256,2514.878,240,240,0,COMPLETE,
2024-08-20 08:00:00,2514.905,2527.171,2514.293,2526.224,240,240,0,COMPLETE,
2024-08-20 12:00:00,2526.267,2531.668,2505.759,2508.518,240,240,0,COMPLETE,
2024-08-20 16:00:00,2508.549,2515.521,2500.829,2514.951,240,240,0,COMPLETE,
2024-08-20 20:00:00,2514.994,2516.937,2512.753,2512.964,177,240,63,EXPECTED_INCOMPLETE,EXPECTED
2024-08-21 00:00:00,2512.976,2519.942,2510.761,2517.386,240,240,0,COMPLETE,
2024-08-21 04:00:00,2517.433,2519.598,2508.091,2509.751,240,240,0,COMPLETE,
2024-08-21 08:00:00,2509.723,2513.321,2504.418,2511.823,240,240,0,COMPLETE,
2024-08-21 12:00:00,2511.781,2513.733,2493.662,2508.422,240,240,0,COMPLETE,
2024-08-21 16:00:00,2508.381,2519.167,2503.054,2511.559,240,240,0,COMPLETE,
2024-08-21 20:00:00,2511.513,2514.424,2509.742,2512.783,177,240,63,EXPECTED_INCOMPLETE,EXPECTED
2024-08-22 00:00:00,2512.732,2514.701,2499.852,2502.329,240,240,0,COMPLETE,
2024-08-22 04:00:00,2502.344,2510.58,2499.184,2507.102,240,240,0,COMPLETE,
2024-08-22 08:00:00,2507.104,2509.122,2498.051,2499.444,240,240,0,COMPLETE,
2024-08-22 12:00:00,2499.489,2504.208,2470.801,2481.794,240,240,0,COMPLETE,
2024-08-22 16:00:00,2481.842,2485.965,2478.52,2482.983,240,240,0,COMPLETE,
2024-08-22 20:00:00,2483.021,2487.596,2482.369,2487.564,177,240,63,EXPECTED_INCOMPLETE,EXPECTED
2024-08-23 00:00:00,2487.574,2493.753,2486.435,2493.166,240,240,0,COMPLETE,
2024-08-23 04:00:00,2493.153,2495.766,2490.567,2493.384,240,240,0,COMPLETE,
2024-08-23 08:00:00,2493.338,2502.499,2492.991,2501.571,240,240,0,COMPLETE,
2024-08-23 12:00:00,2501.557,2518.35,2494.453,2509.845,240,240,0,COMPLETE,
2024-08-23 16:00:00,2509.884,2513.242,2501.675,2510.772,240,240,0,COMPLETE,
2024-08-23 20:00:00,2510.745,2512.463,2509.532,2512.357,58,240,182,EXPECTED_INCOMPLETE,EXPECTED
2024-08-24 00:00:00,,,,,0,240,240,SESSION_CLOSED_EXPECTED,EXPECTED
2024-08-24 04:00:00,,,,,0,240,240,SESSION_CLOSED_EXPECTED,EXPECTED
2024-08-24 08:00:00,,,,,0,240,240,SESSION_CLOSED_EXPECTED,EXPECTED
2024-08-24 12:00:00,,,,,0,240,240,SESSION_CLOSED_EXPECTED,EXPECTED
2024-08-24 16:00:00,,,,,0,240,240,SESSION_CLOSED_EXPECTED,EXPECTED
2024-08-24 20:00:00,,,,,0,240,240,SESSION_CLOSED_EXPECTED,EXPECTED
2024-08-25 00:00:00,,,,,0,240,240,SESSION_CLOSED_EXPECTED,EXPECTED
2024-08-25 04:00:00,,,,,0,240,240,SESSION_CLOSED_EXPECTED,EXPECTED
2024-08-25 08:00:00,,,,,0,240,240,SESSION_CLOSED_EXPECTED,EXPECTED
2024-08-25 12:00:00,,,,,0,240,240,SESSION_CLOSED_EXPECTED,EXPECTED
2024-08-25 16:00:00,,,,,0,240,240,SESSION_CLOSED_EXPECTED,EXPECTED
2024-08-25 20:00:00,2512.067,2516.683,2511.076,2515.917,115,240,125,EXPECTED_INCOMPLETE,EXPECTED
2024-08-26 00:00:00,2515.903,2516.996,2509.33,2509.769,240,240,0,COMPLETE,
2024-08-26 04:00:00,2509.739,2521.82,2508.646,2521.408,240,240,0,COMPLETE,
2024-08-26 08:00:00,2521.412,2526.906,2520.702,2526.533,240,240,0,COMPLETE,
2024-08-26 12:00:00,2526.472,2527.009,2510.63,2515.788,240,240,0,COMPLETE,
2024-08-26 16:00:00,2515.834,2523.391,2513.518,2518.169,240,240,0,COMPLETE,
2024-08-26 20:00:00,2518.202,2519.095,2515.406,2515.511,177,240,63,EXPECTED_INCOMPLETE,EXPECTED
2024-08-27 00:00:00,2515.512,2516.709,2505.816,2508.973,240,240,0,COMPLETE,
2024-08-27 04:00:00,2509.008,2517.561,2504.575,2504.988,240,240,0,COMPLETE,
2024-08-27 08:00:00,2504.885,2513.745,2503.51,2511.479,240,240,0,COMPLETE,
2024-08-27 12:00:00,2511.444,2520.316,2503.436,2512.134,240,240,0,COMPLETE,
2024-08-27 16:00:00,2512.107,2525.938,2509.814,2525.097,240,240,0,COMPLETE,
2024-08-27 20:00:00,2525.062,2529.062,2523.78,2525.269,177,240,63,EXPECTED_INCOMPLETE,EXPECTED
2024-08-28 00:00:00,2525.223,2525.813,2513.171,2515.865,240,240,0,COMPLETE,
2024-08-28 04:00:00,2515.824,2516.138,2503.219,2509.984,240,240,0,COMPLETE,
2024-08-28 08:00:00,2509.942,2511.432,2500.69,2501.485,240,240,0,COMPLETE,
2024-08-28 12:00:00,2501.445,2510.712,2493.526,2506.141,240,240,0,COMPLETE,
2024-08-28 16:00:00,2506.182,2509.613,2496.385,2507.607,240,240,0,COMPLETE,
2024-08-28 20:00:00,2507.643,2508.703,2502.76,2508.11,177,240,63,EXPECTED_INCOMPLETE,EXPECTED
2024-08-29 00:00:00,2508.08,2516.771,2507.963,2516.543,240,240,0,COMPLETE,
2024-08-29 04:00:00,2516.591,2521.164,2513.806,2519.091,240,240,0,COMPLETE,
2024-08-29 08:00:00,2519.125,2524.446,2515.043,2519.883,240,240,0,COMPLETE,
2024-08-29 12:00:00,2519.874,2525.67,2503.558,2522.535,240,240,0,COMPLETE,
2024-08-29 16:00:00,2522.507,2528.669,2517.418,2521.166,240,240,0,COMPLETE,
2024-08-29 20:00:00,2521.213,2522.313,2518.893,2519.613,177,240,63,EXPECTED_INCOMPLETE,EXPECTED
2024-08-30 00:00:00,2519.6,2520.108,2512.292,2513.554,240,240,0,COMPLETE,
2024-08-30 04:00:00,2513.533,2524.066,2512.166,2519.369,240,240,0,COMPLETE,
2024-08-30 08:00:00,2519.356,2526.914,2514.987,2519.523,240,240,0,COMPLETE,
2024-08-30 12:00:00,2519.485,2524.76,2500.233,2502.501,240,240,0,COMPLETE,
2024-08-30 16:00:00,2502.465,2506.045,2494.086,2502.343,240,240,0,COMPLETE,
2024-08-30 20:00:00,2502.304,2503.578,2501.849,2503.342,58,240,182,EXPECTED_INCOMPLETE,EXPECTED
2024-08-31 00:00:00,,,,,0,240,240,SESSION_CLOSED_EXPECTED,EXPECTED
2024-08-31 04:00:00,,,,,0,240,240,SESSION_CLOSED_EXPECTED,EXPECTED
2024-08-31 08:00:00,,,,,0,240,240,SESSION_CLOSED_EXPECTED,EXPECTED
2024-08-31 12:00:00,,,,,0,240,240,SESSION_CLOSED_EXPECTED,EXPECTED
2024-08-31 16:00:00,,,,,0,240,240,SESSION_CLOSED_EXPECTED,EXPECTED
2024-08-31 20:00:00,,,,,0,240,240,SESSION_CLOSED_EXPECTED,EXPECTED
2024-09-01 00:00:00,,,,,0,240,240,SESSION_CLOSED_EXPECTED,EXPECTED
2024-09-01 04:00:00,,,,,0,240,240,SESSION_CLOSED_EXPECTED,EXPECTED
2024-09-01 08:00:00,,,,,0,240,240,SESSION_CLOSED_EXPECTED,EXPECTED
2024-09-01 12:00:00,,,,,0,240,240,SESSION_CLOSED_EXPECTED,EXPECTED
2024-09-01 16:00:00,,,,,0,240,240,SESSION_CLOSED_EXPECTED,EXPECTED
2024-09-01 20:00:00,2502.485,2504.755,2501.942,2502.98,115,240,125,EXPECTED_INCOMPLETE,EXPECTED
2024-09-02 00:00:00,2502.983,2504.98,2489.977,2496.228,240,240,0,COMPLETE,
2024-09-02 04:00:00,2496.208,2501.457,2495.19,2498.157,240,240,0,COMPLETE,
2024-09-02 08:00:00,2498.203,2507.334,2497.082,2499.814,240,240,0,COMPLETE,
2024-09-02 12:00:00,2499.774,2503.231,2497.672,2501.485,240,240,0,COMPLETE,
2024-09-02 16:00:00,2501.49,2501.902,2498.616,2500.085,90,240,150,UNEXPECTED_INCOMPLETE,UNEXPECTED
2024-09-02 20:00:00,2499.525,2499.708,2496.476,2497.242,115,240,125,UNEXPECTED_INCOMPLETE,UNEXPECTED
2024-09-03 00:00:00,2497.247,2497.701,2489.707,2494.717,240,240,0,COMPLETE,
2024-09-03 04:00:00,2494.789,2502.051,2492.733,2500.843,240,240,0,COMPLETE,
2024-09-03 08:00:00,2500.809,2506.248,2484.618,2489.683,240,240,0,COMPLETE,
2024-09-03 12:00:00,2489.626,2502.228,2473.282,2488.353,240,240,0,COMPLETE,
2024-09-03 16:00:00,2488.33,2494.398,2483.879,2492.015,240,240,0,COMPLETE,
2024-09-03 20:00:00,2491.965,2494.764,2491.318,2493.223,177,240,63,EXPECTED_INCOMPLETE,EXPECTED
2024-09-04 00:00:00,2493.2,2496.95,2491.284,2495.016,240,240,0,COMPLETE,
2024-09-04 04:00:00,2495.058,2496.733,2481.921,2482.177,240,240,0,COMPLETE,
2024-09-04 08:00:00,2482.172,2491.259,2471.868,2489.177,240,240,0,COMPLETE,
2024-09-04 12:00:00,2489.14,2500.329,2482.056,2493.984,240,240,0,COMPLETE,
2024-09-04 16:00:00,2493.958,2498.023,2491.432,2493.424,240,240,0,COMPLETE,
2024-09-04 20:00:00,2493.37,2496.951,2492.832,2495.829,177,240,63,EXPECTED_INCOMPLETE,EXPECTED
2024-09-05 00:00:00,2495.827,2499.335,2494.491,2494.868,240,240,0,COMPLETE,
2024-09-05 04:00:00,2494.835,2507.623,2493.759,2506.37,240,240,0,COMPLETE,
2024-09-05 08:00:00,2506.408,2518.375,2505.906,2515.2,240,240,0,COMPLETE,
2024-09-05 12:00:00,2515.247,2523.574,2503.797,2507.154,240,240,0,COMPLETE,
2024-09-05 16:00:00,2507.179,2516.854,2506.065,2514.814,240,240,0,COMPLETE,
2024-09-05 20:00:00,2514.857,2518.007,2514.802,2517.282,177,240,63,EXPECTED_INCOMPLETE,EXPECTED
2024-09-06 00:00:00,2517.277,2518.474,2513.053,2518.248,240,240,0,COMPLETE,
2024-09-06 04:00:00,2518.257,2521.865,2516.278,2516.553,240,240,0,COMPLETE,
2024-09-06 08:00:00,2516.516,2520.364,2514.671,2516.254,240,240,0,COMPLETE,
2024-09-06 12:00:00,2516.302,2529.208,2500.418,2505.418,240,240,0,COMPLETE,
2024-09-06 16:00:00,2505.37,2505.882,2485.004,2495.978,240,240,0,COMPLETE,
2024-09-06 20:00:00,2495.939,2497.827,2494.735,2497.523,58,240,182,EXPECTED_INCOMPLETE,EXPECTED
2024-09-07 00:00:00,,,,,0,240,240,SESSION_CLOSED_EXPECTED,EXPECTED
2024-09-07 04:00:00,,,,,0,240,240,SESSION_CLOSED_EXPECTED,EXPECTED
2024-09-07 08:00:00,,,,,0,240,240,SESSION_CLOSED_EXPECTED,EXPECTED
2024-09-07 12:00:00,,,,,0,240,240,SESSION_CLOSED_EXPECTED,EXPECTED
2024-09-07 16:00:00,,,,,0,240,240,SESSION_CLOSED_EXPECTED,EXPECTED
2024-09-07 20:00:00,,,,,0,240,240,SESSION_CLOSED_EXPECTED,EXPECTED
2024-09-08 00:00:00,,,,,0,240,240,SESSION_CLOSED_EXPECTED,EXPECTED
2024-09-08 04:00:00,,,,,0,240,240,SESSION_CLOSED_EXPECTED,EXPECTED
2024-09-08 08:00:00,,,,,0,240,240,SESSION_CLOSED_EXPECTED,EXPECTED
2024-09-08 12:00:00,,,,,0,240,240,SESSION_CLOSED_EXPECTED,EXPECTED
2024-09-08 16:00:00,,,,,0,240,240,SESSION_CLOSED_EXPECTED,EXPECTED
2024-09-08 20:00:00,2497.038,2498.277,2495.5,2496.869,115,240,125,EXPECTED_INCOMPLETE,EXPECTED
2024-09-09 00:00:00,2496.871,2500.508,2494.721,2499.284,240,240,0,COMPLETE,
2024-09-09 04:00:00,2499.25,2499.519,2485.503,2494.295,240,240,0,COMPLETE,
2024-09-09 08:00:00,2494.338,2499.137,2489.965,2497.242,240,240,0,COMPLETE,
2024-09-09 12:00:00,2497.296,2505.292,2493.231,2499.087,240,240,0,COMPLETE,
2024-09-09 16:00:00,2499.121,2506.577,2499.121,2505.96,240,240,0,COMPLETE,
2024-09-09 20:00:00,2505.921,2507.701,2505.221,2506.813,177,240,63,EXPECTED_INCOMPLETE,EXPECTED
2024-09-10 00:00:00,2506.815,2507.461,2501.37,2502.532,240,240,0,COMPLETE,
2024-09-10 04:00:00,2502.5,2507.773,2500.736,2502.792,240,240,0,COMPLETE,
2024-09-10 08:00:00,2502.754,2509.695,2500.052,2504.607,240,240,0,COMPLETE,
2024-09-10 12:00:00,2504.575,2518.416,2500.854,2512.597,240,240,0,COMPLETE,
2024-09-10 16:00:00,2512.77,2517.515,2510.693,2517.214,240,240,0,COMPLETE,
2024-09-10 20:00:00,2517.21,2518.868,2515.75,2518.678,177,240,63,EXPECTED_INCOMPLETE,EXPECTED
2024-09-11 00:00:00,2518.638,2522.577,2514.94,2519.406,240,240,0,COMPLETE,
2024-09-11 04:00:00,2519.426,2529.029,2518.527,2521.471,233,240,7,UNEXPECTED_INCOMPLETE,UNEXPECTED
2024-09-11 08:00:00,2521.437,2527.221,2519.773,2522.267,240,240,0,COMPLETE,
2024-09-11 12:00:00,2522.227,2523.922,2500.844,2514.743,240,240,0,COMPLETE,
2024-09-11 16:00:00,2514.712,2520.033,2509.762,2512.93,240,240,0,COMPLETE,
2024-09-11 20:00:00,2512.904,2513.892,2511.27,2511.901,177,240,63,EXPECTED_INCOMPLETE,EXPECTED
2024-09-12 00:00:00,2511.823,2516.098,2510.973,2515.844,240,240,0,COMPLETE,
2024-09-12 04:00:00,2515.88,2522.26,2514.441,2515.934,240,240,0,COMPLETE,
2024-09-12 08:00:00,2515.906,2521.014,2512.966,2519.444,240,240,0,COMPLETE,
2024-09-12 12:00:00,2519.485,2555.229,2518.862,2553.315,240,240,0,COMPLETE,
2024-09-12 16:00:00,2553.279,2559.083,2544.852,2557.905,240,240,0,COMPLETE,
2024-09-12 20:00:00,2557.87,2560.091,2556.742,2558.422,177,240,63,EXPECTED_INCOMPLETE,EXPECTED
2024-09-13 00:00:00,2558.419,2570.082,2556.78,2567.853,240,240,0,COMPLETE,
2024-09-13 04:00:00,2567.858,2571.135,2563.068,2569.848,240,240,0,COMPLETE,
2024-09-13 08:00:00,2569.856,2573.019,2563.648,2567.288,240,240,0,COMPLETE,
2024-09-13 12:00:00,2567.323,2583.48,2566.033,2582.14,240,240,0,COMPLETE,
2024-09-13 16:00:00,2582.175,2586.12,2578.593,2582.646,240,240,0,COMPLETE,
2024-09-13 20:00:00,2582.612,2582.909,2577.704,2579.067,58,240,182,EXPECTED_INCOMPLETE,EXPECTED
2024-09-14 00:00:00,,,,,0,240,240,SESSION_CLOSED_EXPECTED,EXPECTED
2024-09-14 04:00:00,,,,,0,240,240,SESSION_CLOSED_EXPECTED,EXPECTED
2024-09-14 08:00:00,,,,,0,240,240,SESSION_CLOSED_EXPECTED,EXPECTED
2024-09-14 12:00:00,,,,,0,240,240,SESSION_CLOSED_EXPECTED,EXPECTED
2024-09-14 16:00:00,,,,,0,240,240,SESSION_CLOSED_EXPECTED,EXPECTED
2024-09-14 20:00:00,,,,,0,240,240,SESSION_CLOSED_EXPECTED,EXPECTED
2024-09-15 00:00:00,,,,,0,240,240,SESSION_CLOSED_EXPECTED,EXPECTED
2024-09-15 04:00:00,,,,,0,240,240,SESSION_CLOSED_EXPECTED,EXPECTED
2024-09-15 08:00:00,,,,,0,240,240,SESSION_CLOSED_EXPECTED,EXPECTED
2024-09-15 12:00:00,,,,,0,240,240,SESSION_CLOSED_EXPECTED,EXPECTED
2024-09-15 16:00:00,,,,,0,240,240,SESSION_CLOSED_EXPECTED,EXPECTED
2024-09-15 20:00:00,2578.456,2580.454,2577.545,2579.163,115,240,125,EXPECTED_INCOMPLETE,EXPECTED
2024-09-16 00:00:00,2579.17,2589.001,2578.887,2586.294,240,240,0,COMPLETE,
2024-09-16 04:00:00,2586.335,2589.651,2579.452,2582.142,240,240,0,COMPLETE,
2024-09-16 08:00:00,2582.135,2588.526,2575.285,2582.999,240,240,0,COMPLETE,
2024-09-16 12:00:00,2582.966,2589.298,2576.07,2579.879,240,240,0,COMPLETE,
2024-09-16 16:00:00,2579.912,2584.172,2579.524,2582.486,240,240,0,COMPLETE,
2024-09-16 20:00:00,2582.55,2583.855,2581.809,2583.659,177,240,63,EXPECTED_INCOMPLETE,EXPECTED
2024-09-17 00:00:00,2583.654,2586.338,2576.771,2577.184,240,240,0,COMPLETE,
2024-09-17 04:00:00,2577.178,2586.956,2574.537,2583.8,240,240,0,COMPLETE,
2024-09-17 08:00:00,2583.761,2584.162,2569.707,2579.824,240,240,0,COMPLETE,
2024-09-17 12:00:00,2579.834,2582.239,2561.739,2565.668,240,240,0,COMPLETE,
2024-09-17 16:00:00,2565.692,2571.658,2560.661,2568.615,240,240,0,COMPLETE,
2024-09-17 20:00:00,2568.64,2574.367,2568.289,2574.05,177,240,63,EXPECTED_INCOMPLETE,EXPECTED
2024-09-18 00:00:00,2574.019,2576.474,2570.016,2575.899,240,240,0,COMPLETE,
2024-09-18 04:00:00,2575.923,2576.511,2565.709,2571.566,240,240,0,COMPLETE,
2024-09-18 08:00:00,2571.643,2580.74,2567.934,2577.407,240,240,0,COMPLETE,
2024-09-18 12:00:00,2577.441,2578.872,2567.951,2569.701,240,240,0,COMPLETE,
2024-09-18 16:00:00,2569.731,2600.138,2546.828,2549.026,240,240,0,COMPLETE,
2024-09-18 20:00:00,2548.981,2561.568,2548.283,2559.239,177,240,63,EXPECTED_INCOMPLETE,EXPECTED
2024-09-19 00:00:00,2559.239,2566.702,2550.894,2563.959,240,240,0,COMPLETE,
2024-09-19 04:00:00,2564.002,2584.633,2559.564,2584.344,240,240,0,COMPLETE,
2024-09-19 08:00:00,2584.361,2594.963,2581.338,2589.435,240,240,0,COMPLETE,
2024-09-19 12:00:00,2589.399,2591.203,2569.753,2589.022,240,240,0,COMPLETE,
2024-09-19 16:00:00,2589.062,2592.612,2585.932,2588.309,240,240,0,COMPLETE,
2024-09-19 20:00:00,2588.355,2589.803,2585.876,2587.282,177,240,63,EXPECTED_INCOMPLETE,EXPECTED
2024-09-20 00:00:00,2587.253,2593.705,2584.714,2591.389,240,240,0,COMPLETE,
2024-09-20 04:00:00,2591.397,2609.797,2591.258,2607.178,240,240,0,COMPLETE,
2024-09-20 08:00:00,2607.158,2615.5,2602.44,2613.736,240,240,0,COMPLETE,
2024-09-20 12:00:00,2613.697,2623.035,2602.476,2622.725,240,240,0,COMPLETE,
2024-09-20 16:00:00,2622.762,2625.754,2617.836,2621.087,240,240,0,COMPLETE,
2024-09-20 20:00:00,2621.129,2622.509,2619.1,2622.098,58,240,182,EXPECTED_INCOMPLETE,EXPECTED
2024-09-21 00:00:00,,,,,0,240,240,SESSION_CLOSED_EXPECTED,EXPECTED
2024-09-21 04:00:00,,,,,0,240,240,SESSION_CLOSED_EXPECTED,EXPECTED
2024-09-21 08:00:00,,,,,0,240,240,SESSION_CLOSED_EXPECTED,EXPECTED
2024-09-21 12:00:00,,,,,0,240,240,SESSION_CLOSED_EXPECTED,EXPECTED
2024-09-21 16:00:00,,,,,0,240,240,SESSION_CLOSED_EXPECTED,EXPECTED
2024-09-21 20:00:00,,,,,0,240,240,SESSION_CLOSED_EXPECTED,EXPECTED
2024-09-22 00:00:00,,,,,0,240,240,SESSION_CLOSED_EXPECTED,EXPECTED
2024-09-22 04:00:00,,,,,0,240,240,SESSION_CLOSED_EXPECTED,EXPECTED
2024-09-22 08:00:00,,,,,0,240,240,SESSION_CLOSED_EXPECTED,EXPECTED
2024-09-22 12:00:00,,,,,0,240,240,SESSION_CLOSED_EXPECTED,EXPECTED
2024-09-22 16:00:00,,,,,0,240,240,SESSION_CLOSED_EXPECTED,EXPECTED
2024-09-22 20:00:00,2620.944,2622.128,2619.652,2620.234,115,240,125,EXPECTED_INCOMPLETE,EXPECTED
2024-09-23 00:00:00,2620.202,2631.128,2616.029,2628.553,240,240,0,COMPLETE,
2024-09-23 04:00:00,2628.558,2631.395,2613.799,2615.15,240,240,0,COMPLETE,
2024-09-23 08:00:00,2615.113,2625.786,2614.564,2624.063,240,240,0,COMPLETE,
2024-09-23 12:00:00,2624.056,2634.881,2619.96,2629.242,240,240,0,COMPLETE,
2024-09-23 16:00:00,2629.201,2630.915,2625.665,2626.24,240,240,0,COMPLETE,
2024-09-23 20:00:00,2626.295,2628.501,2625.821,2626.3,177,240,63,EXPECTED_INCOMPLETE,EXPECTED
2024-09-24 00:00:00,2626.295,2636.156,2623.745,2634.099,240,240,0,COMPLETE,
2024-09-24 04:00:00,2634.09,2640.092,2622.524,2628.996,240,240,0,COMPLETE,
2024-09-24 08:00:00,2629.005,2636.312,2623.339,2626.367,240,240,0,COMPLETE,
2024-09-24 12:00:00,2626.411,2648.504,2623.47,2643.143,240,240,0,COMPLETE,
2024-09-24 16:00:00,2643.153,2664.366,2642.369,2662.622,240,240,0,COMPLETE,
2024-09-24 20:00:00,2662.588,2663.747,2656.417,2658.204,177,240,63,EXPECTED_INCOMPLETE,EXPECTED
2024-09-25 00:00:00,2658.163,2670.629,2655.427,2661.479,240,240,0,COMPLETE,
2024-09-25 04:00:00,2661.499,2661.718,2651.321,2657.018,240,240,0,COMPLETE,
2024-09-25 08:00:00,2657.026,2658.581,2652.698,2657.431,240,240,0,COMPLETE,
2024-09-25 12:00:00,2657.38,2667.448,2654.155,2657.678,240,240,0,COMPLETE,
2024-09-25 16:00:00,2657.652,2663.062,2649.566,2659.754,240,240,0,COMPLETE,
2024-09-25 20:00:00,2659.802,2660.306,2656.203,2656.259,177,240,63,EXPECTED_INCOMPLETE,EXPECTED
2024-09-26 00:00:00,2656.359,2662.537,2655.307,2662.516,240,240,0,COMPLETE,
2024-09-26 04:00:00,2662.545,2666.924,2657.93,2664.684,240,240,0,COMPLETE,
2024-09-26 08:00:00,2664.65,2685.611,2664.599,2682.764,240,240,0,COMPLETE,
2024-09-26 12:00:00,2682.797,2684.211,2654.717,2671.348,240,240,0,COMPLETE,
2024-09-26 16:00:00,2671.39,2677.911,2662.946,2673.675,240,240,0,COMPLETE,
2024-09-26 20:00:00,2673.715,2674.068,2670.805,2672.601,177,240,63,EXPECTED_INCOMPLETE,EXPECTED
2024-09-27 00:00:00,2672.61,2673.944,2666.19,2673.638,240,240,0,COMPLETE,
2024-09-27 04:00:00,2673.65,2673.944,2660.89,2664.72,240,240,0,COMPLETE,
2024-09-27 08:00:00,2664.685,2669.236,2658.284,2666.159,240,240,0,COMPLETE,
2024-09-27 12:00:00,2666.125,2674.266,2644.705,2649.794,240,240,0,COMPLETE,
2024-09-27 16:00:00,2649.751,2656.361,2642.994,2652.079,240,240,0,COMPLETE,
2024-09-27 20:00:00,2652.036,2660.009,2651.126,2657.983,58,240,182,EXPECTED_INCOMPLETE,EXPECTED
2024-09-28 00:00:00,,,,,0,240,240,SESSION_CLOSED_EXPECTED,EXPECTED
2024-09-28 04:00:00,,,,,0,240,240,SESSION_CLOSED_EXPECTED,EXPECTED
2024-09-28 08:00:00,,,,,0,240,240,SESSION_CLOSED_EXPECTED,EXPECTED
2024-09-28 12:00:00,,,,,0,240,240,SESSION_CLOSED_EXPECTED,EXPECTED
2024-09-28 16:00:00,,,,,0,240,240,SESSION_CLOSED_EXPECTED,EXPECTED
2024-09-28 20:00:00,,,,,0,240,240,SESSION_CLOSED_EXPECTED,EXPECTED
2024-09-29 00:00:00,,,,,0,240,240,SESSION_CLOSED_EXPECTED,EXPECTED
2024-09-29 04:00:00,,,,,0,240,240,SESSION_CLOSED_EXPECTED,EXPECTED
2024-09-29 08:00:00,,,,,0,240,240,SESSION_CLOSED_EXPECTED,EXPECTED
2024-09-29 12:00:00,,,,,0,240,240,SESSION_CLOSED_EXPECTED,EXPECTED
2024-09-29 16:00:00,,,,,0,240,240,SESSION_CLOSED_EXPECTED,EXPECTED
2024-09-29 20:00:00,2661.714,2665.106,2659.762,2663.543,115,240,125,EXPECTED_INCOMPLETE,EXPECTED
2024-09-30 00:00:00,2663.58,2666.049,2647.264,2653.617,240,240,0,COMPLETE,
2024-09-30 04:00:00,2653.573,2660.619,2650.63,2650.993,240,240,0,COMPLETE,
2024-09-30 08:00:00,2650.935,2656.591,2634.41,2641.542,240,240,0,COMPLETE,
2024-09-30 12:00:00,2641.523,2644.199,2628.694,2633.868,240,240,0,COMPLETE,
2024-09-30 16:00:00,2633.874,2641.893,2624.679,2630.923,240,240,0,COMPLETE,
2024-09-30 20:00:00,2630.963,2636.228,2630.747,2635.634,177,240,63,EXPECTED_INCOMPLETE,EXPECTED
2024-10-01 00:00:00,2635.659,2640.008,2633.911,2637.947,240,240,0,COMPLETE,
2024-10-01 04:00:00,2637.955,2647.449,2637.401,2645.559,240,240,0,COMPLETE,
2024-10-01 08:00:00,2645.593,2652.074,2642.418,2650.229,240,240,0,COMPLETE,
2024-10-01 12:00:00,2650.274,2671.868,2647.946,2663.338,240,240,0,COMPLETE,
2024-10-01 16:00:00,2663.303,2673.222,2657.515,2658.691,240,240,0,COMPLETE,
2024-10-01 20:00:00,2658.73,2664.009,2657.812,2660.361,177,240,63,EXPECTED_INCOMPLETE,EXPECTED
2024-10-02 00:00:00,2660.39,2662.017,2655.101,2655.376,240,240,0,COMPLETE,
2024-10-02 04:00:00,2655.351,2656.542,2644.495,2655.426,240,240,0,COMPLETE,
2024-10-02 08:00:00,2655.482,2655.871,2647.941,2649.577,240,240,0,COMPLETE,
2024-10-02 12:00:00,2649.619,2663.354,2641.038,2649.89,240,240,0,COMPLETE,
2024-10-02 16:00:00,2649.918,2658.986,2647.096,2658.64,240,240,0,COMPLETE,
2024-10-02 20:00:00,2658.622,2661.236,2658.263,2660.333,177,240,63,EXPECTED_INCOMPLETE,EXPECTED
2024-10-03 00:00:00,2660.299,2662.968,2653.273,2656.001,240,240,0,COMPLETE,
2024-10-03 04:00:00,2655.966,2657.491,2643.491,2645.187,240,240,0,COMPLETE,
2024-10-03 08:00:00,2645.215,2649.024,2640.975,2648.018,240,240,0,COMPLETE,
2024-10-03 12:00:00,2647.984,2654.619,2638.06,2648.798,240,240,0,COMPLETE,
2024-10-03 16:00:00,2648.842,2662.161,2648.49,2657.974,240,240,0,COMPLETE,
2024-10-03 20:00:00,2658.009,2658.009,2654.319,2655.804,177,240,63,EXPECTED_INCOMPLETE,EXPECTED
2024-10-04 00:00:00,2655.8,2663.591,2655.444,2661.137,240,240,0,COMPLETE,
2024-10-04 04:00:00,2661.128,2667.864,2658.703,2661.08,240,240,0,COMPLETE,
2024-10-04 08:00:00,2661.05,2662.567,2656.783,2661.342,240,240,0,COMPLETE,
2024-10-04 12:00:00,2661.307,2670.167,2632.038,2653.201,240,240,0,COMPLETE,
2024-10-04 16:00:00,2653.227,2653.859,2641.813,2651.624,240,240,0,COMPLETE,
2024-10-04 20:00:00,2651.657,2653.995,2649.848,2653.488,58,240,182,EXPECTED_INCOMPLETE,EXPECTED
2024-10-05 00:00:00,,,,,0,240,240,SESSION_CLOSED_EXPECTED,EXPECTED
2024-10-05 04:00:00,,,,,0,240,240,SESSION_CLOSED_EXPECTED,EXPECTED
2024-10-05 08:00:00,,,,,0,240,240,SESSION_CLOSED_EXPECTED,EXPECTED
2024-10-05 12:00:00,,,,,0,240,240,SESSION_CLOSED_EXPECTED,EXPECTED
2024-10-05 16:00:00,,,,,0,240,240,SESSION_CLOSED_EXPECTED,EXPECTED
2024-10-05 20:00:00,,,,,0,240,240,SESSION_CLOSED_EXPECTED,EXPECTED
2024-10-06 00:00:00,,,,,0,240,240,SESSION_CLOSED_EXPECTED,EXPECTED
2024-10-06 04:00:00,,,,,0,240,240,SESSION_CLOSED_EXPECTED,EXPECTED
2024-10-06 08:00:00,,,,,0,240,240,SESSION_CLOSED_EXPECTED,EXPECTED
2024-10-06 12:00:00,,,,,0,240,240,SESSION_CLOSED_EXPECTED,EXPECTED
2024-10-06 16:00:00,,,,,0,240,240,SESSION_CLOSED_EXPECTED,EXPECTED
2024-10-06 20:00:00,2651.575,2652.397,2649.674,2650.12,115,240,125,EXPECTED_INCOMPLETE,EXPECTED
2024-10-07 00:00:00,2650.103,2651.928,2643.825,2647.421,240,240,0,COMPLETE,
2024-10-07 04:00:00,2647.399,2652.832,2639.597,2651.974,240,240,0,COMPLETE,
2024-10-07 08:00:00,2652.016,2659.677,2650.597,2656.913,240,240,0,COMPLETE,
2024-10-07 12:00:00,2656.949,2659.206,2637.728,2645.728,240,240,0,COMPLETE,
2024-10-07 16:00:00,2645.687,2648.744,2639.686,2643.26,240,240,0,COMPLETE,
2024-10-07 20:00:00,2643.224,2649.189,2641.768,2642.944,177,240,63,EXPECTED_INCOMPLETE,EXPECTED
2024-10-08 00:00:00,2642.962,2648.317,2633.726,2642.99,240,240,0,COMPLETE,
2024-10-08 04:00:00,2642.952,2646.429,2631.1,2633.951,240,240,0,COMPLETE,
2024-10-08 08:00:00,2633.977,2651.92,2628.487,2650.745,240,240,0,COMPLETE,
2024-10-08 12:00:00,2650.739,2652.978,2604.686,2612.939,240,240,0,COMPLETE,
2024-10-08 16:00:00,2613.015,2623.574,2605.467,2622.921,240,240,0,COMPLETE,
2024-10-08 20:00:00,2622.963,2623.813,2618.811,2621.868,177,240,63,EXPECTED_INCOMPLETE,EXPECTED
2024-10-09 00:00:00,2621.868,2624.264,2614.848,2617.072,240,240,0,COMPLETE,
2024-10-09 04:00:00,2617.035,2624.321,2609.139,2611.628,240,240,0,COMPLETE,
2024-10-09 08:00:00,2611.669,2622.45,2610.405,2619.022,240,240,0,COMPLETE,
2024-10-09 12:00:00,2619.061,2622.458,2605.189,2614.842,240,240,0,COMPLETE,
2024-10-09 16:00:00,2614.861,2615.889,2605.116,2609.087,240,240,0,COMPLETE,
2024-10-09 20:00:00,2609.15,2609.477,2606.881,2608.476,177,240,63,EXPECTED_INCOMPLETE,EXPECTED
2024-10-10 00:00:00,2608.438,2616.9,2605.904,2611.762,240,240,0,COMPLETE,
2024-10-10 04:00:00,2611.724,2617.066,2610.202,2616.657,240,240,0,COMPLETE,
2024-10-10 08:00:00,2616.695,2618.912,2611.306,2612.98,240,240,0,COMPLETE,
2024-10-10 12:00:00,2613.013,2629.794,2602.228,2623.615,240,240,0,COMPLETE,
2024-10-10 16:00:00,2623.619,2631.357,2616.442,2629.16,240,240,0,COMPLETE,
2024-10-10 20:00:00,2629.135,2636.032,2628.071,2633.149,177,240,63,EXPECTED_INCOMPLETE,EXPECTED
2024-10-11 00:00:00,2633.161,2646.025,2631.952,2645.483,240,240,0,COMPLETE,
2024-10-11 04:00:00,2645.51,2647.209,2638.037,2645.355,240,240,0,COMPLETE,
2024-10-11 08:00:00,2645.317,2646.198,2636.118,2644.635,240,240,0,COMPLETE,
2024-10-11 12:00:00,2644.599,2659.318,2640.61,2658.776,240,240,0,COMPLETE,
2024-10-11 16:00:00,2658.784,2661.462,2655.24,2656.122,240,240,0,COMPLETE,
2024-10-11 20:00:00,2656.16,2657.207,2654.728,2656.836,58,240,182,EXPECTED_INCOMPLETE,EXPECTED
2024-10-12 00:00:00,,,,,0,240,240,SESSION_CLOSED_EXPECTED,EXPECTED
2024-10-12 04:00:00,,,,,0,240,240,SESSION_CLOSED_EXPECTED,EXPECTED
2024-10-12 08:00:00,,,,,0,240,240,SESSION_CLOSED_EXPECTED,EXPECTED
2024-10-12 12:00:00,,,,,0,240,240,SESSION_CLOSED_EXPECTED,EXPECTED
2024-10-12 16:00:00,,,,,0,240,240,SESSION_CLOSED_EXPECTED,EXPECTED
2024-10-12 20:00:00,,,,,0,240,240,SESSION_CLOSED_EXPECTED,EXPECTED
2024-10-13 00:00:00,,,,,0,240,240,SESSION_CLOSED_EXPECTED,EXPECTED
2024-10-13 04:00:00,,,,,0,240,240,SESSION_CLOSED_EXPECTED,EXPECTED
2024-10-13 08:00:00,,,,,0,240,240,SESSION_CLOSED_EXPECTED,EXPECTED
2024-10-13 12:00:00,,,,,0,240,240,SESSION_CLOSED_EXPECTED,EXPECTED
2024-10-13 16:00:00,,,,,0,240,240,SESSION_CLOSED_EXPECTED,EXPECTED
2024-10-13 20:00:00,2650.086,2652.472,2646.866,2648.091,115,240,125,EXPECTED_INCOMPLETE,EXPECTED
2024-10-14 00:00:00,2648.131,2657.455,2643.075,2655.553,240,240,0,COMPLETE,
2024-10-14 04:00:00,2655.556,2666.867,2655.194,2660.395,240,240,0,COMPLETE,
2024-10-14 08:00:00,2660.396,2662.995,2650.987,2652.184,240,240,0,COMPLETE,
2024-10-14 12:00:00,2652.174,2661.162,2643.94,2646.733,240,240,0,COMPLETE,
2024-10-14 16:00:00,2646.795,2652.575,2645.745,2652.395,240,240,0,COMPLETE,
2024-10-14 20:00:00,2652.437,2653.329,2646.075,2649.351,177,240,63,EXPECTED_INCOMPLETE,EXPECTED
2024-10-15 00:00:00,2649.419,2652.769,2644.449,2645.705,240,240,0,COMPLETE,
2024-10-15 04:00:00,2645.743,2653.947,2637.975,2650.758,240,240,0,COMPLETE,
2024-10-15 08:00:00,2650.74,2656.771,2645.596,2647.751,240,240,0,COMPLETE,
2024-10-15 12:00:00,2647.726,2665.158,2646.006,2664.637,240,240,0,COMPLETE,
2024-10-15 16:00:00,2664.673,2668.93,2658.971,2661.602,240,240,0,COMPLETE,
2024-10-15 20:00:00,2661.64,2663.11,2660.269,2660.5,177,240,63,EXPECTED_INCOMPLETE,EXPECTED
2024-10-16 00:00:00,2660.498,2670.139,2658.722,2667.156,240,240,0,COMPLETE,
2024-10-16 04:00:00,2667.12,2677.704,2665.592,2676.115,240,240,0,COMPLETE,
2024-10-16 08:00:00,2676.113,2682.759,2672.97,2678.329,240,240,0,COMPLETE,
2024-10-16 12:00:00,2678.312,2685.394,2667.541,2669.985,240,240,0,COMPLETE,
2024-10-16 16:00:00,2669.925,2676.704,2666.69,2674.69,240,240,0,COMPLETE,
2024-10-16 20:00:00,2674.735,2674.996,2673.078,2674.087,177,240,63,EXPECTED_INCOMPLETE,EXPECTED
2024-10-17 00:00:00,2674.122,2684.898,2674.069,2676.61,240,240,0,COMPLETE,
2024-10-17 04:00:00,2676.651,2685.756,2676.395,2681.953,240,240,0,COMPLETE,
2024-10-17 08:00:00,2681.981,2688.826,2676.949,2681.298,240,240,0,COMPLETE,
2024-10-17 12:00:00,2681.258,2696.788,2673.155,2693.295,240,240,0,COMPLETE,
2024-10-17 16:00:00,2693.365,2694.202,2683.959,2691.954,240,240,0,COMPLETE,
2024-10-17 20:00:00,2692.006,2694.411,2690.958,2693.709,177,240,63,EXPECTED_INCOMPLETE,EXPECTED
2024-10-18 00:00:00,2693.67,2711.964,2692.765,2709.959,240,240,0,COMPLETE,
2024-10-18 04:00:00,2709.944,2714.08,2702.233,2702.272,240,240,0,COMPLETE,
2024-10-18 08:00:00,2702.281,2713.204,2701.682,2709.779,240,240,0,COMPLETE,
2024-10-18 12:00:00,2709.808,2720.131,2704.921,2714.813,240,240,0,COMPLETE,
2024-10-18 16:00:00,2714.846,2721.281,2713.576,2719.624,240,240,0,COMPLETE,
2024-10-18 20:00:00,2719.665,2722.633,2719.181,2721.778,58,240,182,EXPECTED_INCOMPLETE,EXPECTED
2024-10-19 00:00:00,,,,,0,240,240,SESSION_CLOSED_EXPECTED,EXPECTED
2024-10-19 04:00:00,,,,,0,240,240,SESSION_CLOSED_EXPECTED,EXPECTED
2024-10-19 08:00:00,,,,,0,240,240,SESSION_CLOSED_EXPECTED,EXPECTED
2024-10-19 12:00:00,,,,,0,240,240,SESSION_CLOSED_EXPECTED,EXPECTED
2024-10-19 16:00:00,,,,,0,240,240,SESSION_CLOSED_EXPECTED,EXPECTED
2024-10-19 20:00:00,,,,,0,240,240,SESSION_CLOSED_EXPECTED,EXPECTED
2024-10-20 00:00:00,,,,,0,240,240,SESSION_CLOSED_EXPECTED,EXPECTED
2024-10-20 04:00:00,,,,,0,240,240,SESSION_CLOSED_EXPECTED,EXPECTED
2024-10-20 08:00:00,,,,,0,240,240,SESSION_CLOSED_EXPECTED,EXPECTED
2024-10-20 12:00:00,,,,,0,240,240,SESSION_CLOSED_EXPECTED,EXPECTED
2024-10-20 16:00:00,,,,,0,240,240,SESSION_CLOSED_EXPECTED,EXPECTED
2024-10-20 20:00:00,2723.092,2725.132,2720.179,2723.416,115,240,125,EXPECTED_INCOMPLETE,EXPECTED
2024-10-21 00:00:00,2723.457,2732.826,2721.04,2731.512,240,240,0,COMPLETE,
2024-10-21 04:00:00,2731.514,2732.512,2723.554,2730.312,240,240,0,COMPLETE,
2024-10-21 08:00:00,2730.322,2738.128,2727.706,2734.419,240,240,0,COMPLETE,
2024-10-21 12:00:00,2734.458,2740.561,2716.833,2720.119,240,240,0,COMPLETE,
2024-10-21 16:00:00,2720.093,2725.598,2714.178,2719.854,240,240,0,COMPLETE,
2024-10-21 20:00:00,2719.81,2722.592,2718.707,2721.483,177,240,63,EXPECTED_INCOMPLETE,EXPECTED
2024-10-22 00:00:00,2721.478,2733.081,2720.633,2731.019,240,240,0,COMPLETE,
2024-10-22 04:00:00,2730.967,2737.141,2729.015,2733.656,240,240,0,COMPLETE,
2024-10-22 08:00:00,2733.617,2739.358,2729.436,2731.976,240,240,0,COMPLETE,
2024-10-22 12:00:00,2732.01,2744.206,2731.553,2737.562,240,240,0,COMPLETE,
2024-10-22 16:00:00,2737.521,2748.905,2737.117,2748.306,240,240,0,COMPLETE,
2024-10-22 20:00:00,2748.354,2748.863,2745.82,2746.55,177,240,63,EXPECTED_INCOMPLETE,EXPECTED
2024-10-23 00:00:00,2746.557,2747.217,2737.816,2746.047,240,240,0,COMPLETE,
2024-10-23 04:00:00,2746.054,2755.632,2745.347,2754.874,240,240,0,COMPLETE,
2024-10-23 08:00:00,2754.913,2758.508,2749.134,2749.967,240,240,0,COMPLETE,
2024-10-23 12:00:00,2749.932,2750.514,2708.604,2721.726,240,240,0,COMPLETE,
2024-10-23 16:00:00,2721.692,2723.275,2711.932,2716.202,240,240,0,COMPLETE,
2024-10-23 20:00:00,2716.236,2721.885,2714.143,2721.258,177,240,63,EXPECTED_INCOMPLETE,EXPECTED
2024-10-24 00:00:00,2721.219,2726.698,2717.761,2722.877,240,240,0,COMPLETE,
2024-10-24 04:00:00,2722.882,2737.121,2722.824,2733.54,240,240,0,COMPLETE,
2024-10-24 08:00:00,2733.613,2739.696,2732.489,2738.556,240,240,0,COMPLETE,
2024-10-24 12:00:00,2738.464,2743.208,2722.364,2731.099,240,240,0,COMPLETE,
2024-10-24 16:00:00,2731.091,2737.727,2725.758,2737.049,240,240,0,COMPLETE,
2024-10-24 20:00:00,2737.011,2737.147,2733.621,2733.844,177,240,63,EXPECTED_INCOMPLETE,EXPECTED
2024-10-25 00:00:00,2733.885,2735.199,2724.372,2726.042,240,240,0,COMPLETE,
2024-10-25 04:00:00,2726.078,2732.567,2723.863,2726.376,240,240,0,COMPLETE,
2024-10-25 08:00:00,2726.465,2729.391,2716.958,2724.181,240,240,0,COMPLETE,
2024-10-25 12:00:00,2724.208,2742.028,2723.205,2737.131,240,240,0,COMPLETE,
2024-10-25 16:00:00,2737.093,2745.022,2733.869,2742.519,240,240,0,COMPLETE,
2024-10-25 20:00:00,2742.561,2747.774,2742.469,2747.023,58,240,182,EXPECTED_INCOMPLETE,EXPECTED
2024-10-26 00:00:00,,,,,0,240,240,SESSION_CLOSED_EXPECTED,EXPECTED
2024-10-26 04:00:00,,,,,0,240,240,SESSION_CLOSED_EXPECTED,EXPECTED
2024-10-26 08:00:00,,,,,0,240,240,SESSION_CLOSED_EXPECTED,EXPECTED
2024-10-26 12:00:00,,,,,0,240,240,SESSION_CLOSED_EXPECTED,EXPECTED
2024-10-26 16:00:00,,,,,0,240,240,SESSION_CLOSED_EXPECTED,EXPECTED
2024-10-26 20:00:00,,,,,0,240,240,SESSION_CLOSED_EXPECTED,EXPECTED
2024-10-27 00:00:00,,,,,0,240,240,SESSION_CLOSED_EXPECTED,EXPECTED
2024-10-27 04:00:00,,,,,0,240,240,SESSION_CLOSED_EXPECTED,EXPECTED
2024-10-27 08:00:00,,,,,0,240,240,SESSION_CLOSED_EXPECTED,EXPECTED
2024-10-27 12:00:00,,,,,0,240,240,SESSION_CLOSED_EXPECTED,EXPECTED
2024-10-27 16:00:00,,,,,0,240,240,SESSION_CLOSED_EXPECTED,EXPECTED
2024-10-27 20:00:00,2733.443,2740.21,2730.34,2735.815,115,240,125,EXPECTED_INCOMPLETE,EXPECTED
2024-10-28 00:00:00,2735.783,2736.301,2724.631,2729.702,240,240,0,COMPLETE,
2024-10-28 04:00:00,2729.629,2744.515,2729.059,2738.919,240,240,0,COMPLETE,
2024-10-28 08:00:00,2738.887,2740.869,2727.811,2732.319,240,240,0,COMPLETE,
2024-10-28 12:00:00,2732.312,2745.917,2731.171,2740.704,240,240,0,COMPLETE,
2024-10-28 16:00:00,2740.671,2744.967,2739.976,2742.498,240,240,0,COMPLETE,
2024-10-28 20:00:00,2742.464,2744.427,2739.774,2744.427,177,240,63,EXPECTED_INCOMPLETE,EXPECTED
2024-10-29 00:00:00,2744.379,2757.75,2743.267,2751.681,240,240,0,COMPLETE,
2024-10-29 04:00:00,2751.677,2756.854,2748.898,2752.459,240,240,0,COMPLETE,
2024-10-29 08:00:00,2752.499,2756.663,2746.19,2751.774,240,240,0,COMPLETE,
2024-10-29 12:00:00,2751.806,2771.73,2748.142,2764.241,240,240,0,COMPLETE,
2024-10-29 16:00:00,2764.219,2774.755,2764.128,2772.196,240,240,0,COMPLETE,
2024-10-29 20:00:00,2772.165,2775.397,2771.823,2774.915,177,240,63,EXPECTED_INCOMPLETE,EXPECTED
2024-10-30 00:00:00,2774.943,2782.15,2774.778,2778.924,240,240,0,COMPLETE,
2024-10-30 04:00:00,2778.93,2789.821,2777.395,2782.222,240,240,0,COMPLETE,
2024-10-30 08:00:00,2782.257,2786.529,2778.213,2778.58,240,240,0,COMPLETE,
2024-10-30 12:00:00,2778.556,2787.509,2770.83,2784.634,240,240,0,COMPLETE,
2024-10-30 16:00:00,2784.675,2790.075,2783.002,2787.285,240,240,0,COMPLETE,
2024-10-30 20:00:00,2787.333,2788.085,2784.777,2785.49,177,240,63,EXPECTED_INCOMPLETE,EXPECTED
2024-10-31 00:00:00,2785.489,2790.069,2783.554,2784.547,240,240,0,COMPLETE,
2024-10-31 04:00:00,2784.598,2786.563,2778.054,2782.06,240,240,0,COMPLETE,
2024-10-31 08:00:00,2782.028,2783.153,2773.305,2779.413,240,240,0,COMPLETE,
2024-10-31 12:00:00,2779.414,2781.941,2731.515,2740.576,240,240,0,COMPLETE,
2024-10-31 16:00:00,2740.617,2749.747,2738.004,2746.442,240,240,0,COMPLETE,
2024-10-31 20:00:00,2746.407,2748.168,2743.269,2746.691,177,240,63,EXPECTED_INCOMPLETE,EXPECTED
2024-11-01 00:00:00,2746.672,2751.878,2744.815,2751.77,240,240,0,COMPLETE,
2024-11-01 04:00:00,2751.728,2757.649,2747.065,2749.627,240,240,0,COMPLETE,
2024-11-01 08:00:00,2749.589,2755.48,2744.818,2752.873,240,240,0,COMPLETE,
2024-11-01 12:00:00,2752.892,2762.216,2739.674,2744.72,240,240,0,COMPLETE,
2024-11-01 16:00:00,2744.706,2746.212,2733.12,2734.121,240,240,0,COMPLETE,
2024-11-01 20:00:00,2734.077,2736.773,2733.266,2736.69,58,240,182,EXPECTED_INCOMPLETE,EXPECTED
2024-11-02 00:00:00,,,,,0,240,240,SESSION_CLOSED_EXPECTED,EXPECTED
2024-11-02 04:00:00,,,,,0,240,240,SESSION_CLOSED_EXPECTED,EXPECTED
2024-11-02 08:00:00,,,,,0,240,240,SESSION_CLOSED_EXPECTED,EXPECTED
2024-11-02 12:00:00,,,,,0,240,240,SESSION_CLOSED_EXPECTED,EXPECTED
2024-11-02 16:00:00,,,,,0,240,240,SESSION_CLOSED_EXPECTED,EXPECTED
2024-11-02 20:00:00,,,,,0,240,240,SESSION_CLOSED_EXPECTED,EXPECTED
2024-11-03 00:00:00,,,,,0,240,240,SESSION_CLOSED_EXPECTED,EXPECTED
2024-11-03 04:00:00,,,,,0,240,240,SESSION_CLOSED_EXPECTED,EXPECTED
2024-11-03 08:00:00,,,,,0,240,240,SESSION_CLOSED_EXPECTED,EXPECTED
2024-11-03 12:00:00,,,,,0,240,240,SESSION_CLOSED_EXPECTED,EXPECTED
2024-11-03 16:00:00,,,,,0,240,240,SESSION_CLOSED_EXPECTED,EXPECTED
2024-11-03 20:00:00,2732.846,2740.334,2732.577,2738.352,55,240,185,EXPECTED_INCOMPLETE,EXPECTED
2024-11-04 00:00:00,2738.379,2742.401,2735.343,2740.989,240,240,0,COMPLETE,
2024-11-04 04:00:00,2740.952,2744.781,2735.07,2735.837,240,240,0,COMPLETE,
2024-11-04 08:00:00,2735.806,2745.304,2731.807,2740.611,240,240,0,COMPLETE,
2024-11-04 12:00:00,2740.534,2748.189,2737.67,2738.505,240,240,0,COMPLETE,
2024-11-04 16:00:00,2738.529,2739.706,2731.711,2738.304,240,240,0,COMPLETE,
2024-11-04 20:00:00,2738.245,2738.571,2736.008,2736.008,177,240,63,EXPECTED_INCOMPLETE,EXPECTED
2024-11-05 00:00:00,2736.046,2736.677,2724.694,2735.296,240,240,0,COMPLETE,
2024-11-05 04:00:00,2735.24,2741.352,2731.697,2736.532,240,240,0,COMPLETE,
2024-11-05 08:00:00,2736.492,2745.031,2732.09,2741.6,240,240,0,COMPLETE,
2024-11-05 12:00:00,2741.697,2749.96,2732.921,2741.957,240,240,0,COMPLETE,
2024-11-05 16:00:00,2742.001,2744.579,2736.327,2740.513,240,240,0,COMPLETE,
2024-11-05 20:00:00,2740.549,2746.441,2739.619,2745.692,177,240,63,EXPECTED_INCOMPLETE,EXPECTED
2024-11-06 00:00:00,2745.686,2749.681,2730.639,2734.081,240,240,0,COMPLETE,
2024-11-06 04:00:00,2734.118,2743.708,2701.319,2725.921,240,240,0,COMPLETE,
2024-11-06 08:00:00,2725.87,2733.796,2696.018,2699.272,240,240,0,COMPLETE,
2024-11-06 12:00:00,2699.231,2708.066,2652.335,2675.715,240,240,0,COMPLETE,
2024-11-06 16:00:00,2675.752,2678.273,2661.574,2667.091,240,240,0,COMPLETE,
2024-11-06 20:00:00,2667.055,2667.748,2658.958,2664.048,177,240,63,EXPECTED_INCOMPLETE,EXPECTED
2024-11-07 00:00:00,2664.035,2664.261,2643.208,2659.156,240,240,0,COMPLETE,
2024-11-07 04:00:00,2659.199,2667.596,2652.794,2663.309,240,240,0,COMPLETE,
2024-11-07 08:00:00,2663.349,2668.431,2657.423,2666.144,240,240,0,COMPLETE,
2024-11-07 12:00:00,2666.266,2700.185,2664.276,2698.698,240,240,0,COMPLETE,
2024-11-07 16:00:00,2698.687,2700.279,2687.424,2694.266,240,240,0,COMPLETE,
2024-11-07 20:00:00,2694.308,2710.36,2692.819,2706.866,177,240,63,EXPECTED_INCOMPLETE,EXPECTED
2024-11-08 00:00:00,2706.87,2710.418,2694.034,2695.113,240,240,0,COMPLETE,
2024-11-08 04:00:00,2695.083,2696.362,2680.286,2687.362,240,240,0,COMPLETE,
2024-11-08 08:00:00,2687.404,2694.917,2681.906,2691.912,240,240,0,COMPLETE,
2024-11-08 12:00:00,2691.937,2704.061,2683.379,2687.552,240,240,0,COMPLETE,
2024-11-08 16:00:00,2687.499,2689.283,2682.813,2687.057,240,240,0,COMPLETE,
2024-11-08 20:00:00,2687.023,2688.549,2682.983,2684.758,118,240,122,EXPECTED_INCOMPLETE,EXPECTED
2024-11-09 00:00:00,,,,,0,240,240,SESSION_CLOSED_EXPECTED,EXPECTED
2024-11-09 04:00:00,,,,,0,240,240,SESSION_CLOSED_EXPECTED,EXPECTED
2024-11-09 08:00:00,,,,,0,240,240,SESSION_CLOSED_EXPECTED,EXPECTED
2024-11-09 12:00:00,,,,,0,240,240,SESSION_CLOSED_EXPECTED,EXPECTED
2024-11-09 16:00:00,,,,,0,240,240,SESSION_CLOSED_EXPECTED,EXPECTED
2024-11-09 20:00:00,,,,,0,240,240,SESSION_CLOSED_EXPECTED,EXPECTED
2024-11-10 00:00:00,,,,,0,240,240,SESSION_CLOSED_EXPECTED,EXPECTED
2024-11-10 04:00:00,,,,,0,240,240,SESSION_CLOSED_EXPECTED,EXPECTED
2024-11-10 08:00:00,,,,,0,240,240,SESSION_CLOSED_EXPECTED,EXPECTED
2024-11-10 12:00:00,,,,,0,240,240,SESSION_CLOSED_EXPECTED,EXPECTED
2024-11-10 16:00:00,,,,,0,240,240,SESSION_CLOSED_EXPECTED,EXPECTED
2024-11-10 20:00:00,2683.161,2685.651,2681.526,2685.605,55,240,185,EXPECTED_INCOMPLETE,EXPECTED
2024-11-11 00:00:00,2685.638,2686.141,2666.444,2670.269,240,240,0,COMPLETE,
2024-11-11 04:00:00,2670.272,2674.282,2666.928,2669.561,240,240,0,COMPLETE,
2024-11-11 08:00:00,2669.516,2675.377,2658.992,2662.647,240,240,0,COMPLETE,
2024-11-11 12:00:00,2662.672,2663.232,2613.422,2614.599,240,240,0,COMPLETE,
2024-11-11 16:00:00,2614.558,2620.672,2610.53,2619.271,240,240,0,COMPLETE,
2024-11-11 20:00:00,2619.316,2626.187,2619.233,2624.038,177,240,63,EXPECTED_INCOMPLETE,EXPECTED
2024-11-12 00:00:00,2624.027,2627.186,2618.717,2618.924,240,240,0,COMPLETE,
2024-11-12 04:00:00,2618.875,2619.099,2595.164,2598.273,240,240,0,COMPLETE,
2024-11-12 08:00:00,2598.309,2606.511,2589.657,2597.845,240,240,0,COMPLETE,
2024-11-12 12:00:00,2597.82,2617.068,2597.387,2598.437,240,240,0,COMPLETE,
2024-11-12 16:00:00,2598.479,2604.219,2592.43,2598.191,240,240,0,COMPLETE,
2024-11-12 20:00:00,2598.166,2601.39,2595.112,2598.952,177,240,63,EXPECTED_INCOMPLETE,EXPECTED
2024-11-13 00:00:00,2599.01,2613.333,2598.002,2611.547,240,240,0,COMPLETE,
2024-11-13 04:00:00,2611.579,2612.405,2603.49,2606.115,240,240,0,COMPLETE,
2024-11-13 08:00:00,2606.166,2611.665,2601.031,2610.783,240,240,0,COMPLETE,
2024-11-13 12:00:00,2610.848,2618.841,2593.564,2605.385,240,240,0,COMPLETE,
2024-11-13 16:00:00,2605.341,2605.975,2577.507,2581.004,240,240,0,COMPLETE,
2024-11-13 20:00:00,2580.971,2581.41,2569.214,2570.989,177,240,63,EXPECTED_INCOMPLETE,EXPECTED
2024-11-14 00:00:00,2571.012,2574.79,2558.875,2560.708,240,240,0,COMPLETE,
2024-11-14 04:00:00,2560.718,2565.256,2550.361,2557.014,240,240,0,COMPLETE,
2024-11-14 08:00:00,2556.972,2559.782,2536.747,2553.579,240,240,0,COMPLETE,
2024-11-14 12:00:00,2553.621,2572.945,2550.07,2570.179,240,240,0,COMPLETE,
2024-11-14 16:00:00,2570.203,2577.433,2567.086,2575.97,240,240,0,COMPLETE,
2024-11-14 20:00:00,2575.981,2576.524,2563.866,2566.899,177,240,63,EXPECTED_INCOMPLETE,EXPECTED
2024-11-15 00:00:00,2566.888,2571.677,2563.027,2567.756,240,240,0,COMPLETE,
2024-11-15 04:00:00,2567.719,2569.538,2554.392,2563.73,240,240,0,COMPLETE,
2024-11-15 08:00:00,2563.692,2573.393,2560.822,2570.774,240,240,0,COMPLETE,
2024-11-15 12:00:00,2570.801,2576.07,2561.218,2570.733,240,240,0,COMPLETE,
2024-11-15 16:00:00,2570.742,2573.291,2559.413,2563.849,240,240,0,COMPLETE,
2024-11-15 20:00:00,2563.849,2563.862,2559.758,2562.969,118,240,122,EXPECTED_INCOMPLETE,EXPECTED
2024-11-16 00:00:00,,,,,0,240,240,SESSION_CLOSED_EXPECTED,EXPECTED
2024-11-16 04:00:00,,,,,0,240,240,SESSION_CLOSED_EXPECTED,EXPECTED
2024-11-16 08:00:00,,,,,0,240,240,SESSION_CLOSED_EXPECTED,EXPECTED
2024-11-16 12:00:00,,,,,0,240,240,SESSION_CLOSED_EXPECTED,EXPECTED
2024-11-16 16:00:00,,,,,0,240,240,SESSION_CLOSED_EXPECTED,EXPECTED
2024-11-16 20:00:00,,,,,0,240,240,SESSION_CLOSED_EXPECTED,EXPECTED
2024-11-17 00:00:00,,,,,0,240,240,SESSION_CLOSED_EXPECTED,EXPECTED
2024-11-17 04:00:00,,,,,0,240,240,SESSION_CLOSED_EXPECTED,EXPECTED
2024-11-17 08:00:00,,,,,0,240,240,SESSION_CLOSED_EXPECTED,EXPECTED
2024-11-17 12:00:00,,,,,0,240,240,SESSION_CLOSED_EXPECTED,EXPECTED
2024-11-17 16:00:00,,,,,0,240,240,SESSION_CLOSED_EXPECTED,EXPECTED
2024-11-17 20:00:00,2568.027,2575.523,2568.027,2571.445,55,240,185,EXPECTED_INCOMPLETE,EXPECTED
2024-11-18 00:00:00,2571.418,2597.414,2569.866,2589.863,240,240,0,COMPLETE,
2024-11-18 04:00:00,2589.895,2593.197,2580.42,2582.838,240,240,0,COMPLETE,
2024-11-18 08:00:00,2582.796,2597.258,2582.021,2594.412,240,240,0,COMPLETE,
2024-11-18 12:00:00,2594.339,2613.39,2590.358,2612.936,240,240,0,COMPLETE,
2024-11-18 16:00:00,2612.972,2615.087,2607.341,2609.848,240,240,0,COMPLETE,
2024-11-18 20:00:00,2609.804,2613.107,2608.192,2612.704,177,240,63,EXPECTED_INCOMPLETE,EXPECTED
2024-11-19 00:00:00,2612.731,2625.591,2611.047,2624.435,240,240,0,COMPLETE,
2024-11-19 04:00:00,2624.456,2626.636,2617.689,2619.057,240,240,0,COMPLETE,
2024-11-19 08:00:00,2619.021,2636.506,2618.674,2629.639,240,240,0,COMPLETE,
2024-11-19 12:00:00,2629.667,2639.438,2620.912,2624.443,240,240,0,COMPLETE,
2024-11-19 16:00:00,2624.478,2633.132,2622.295,2630.678,240,240,0,COMPLETE,
2024-11-19 20:00:00,2630.717,2635.536,2630.414,2635.161,177,240,63,EXPECTED_INCOMPLETE,EXPECTED
2024-11-20 00:00:00,2635.161,2641.847,2634.676,2637.977,240,240,0,COMPLETE,
2024-11-20 04:00:00,2638.012,2638.772,2621.232,2621.591,240,240,0,COMPLETE,
2024-11-20 08:00:00,2621.555,2628.172,2618.864,2628.085,240,240,0,COMPLETE,
2024-11-20 12:00:00,2628.123,2648.932,2627.065,2648.81,240,240,0,COMPLETE,
2024-11-20 16:00:00,2648.808,2655.433,2645.357,2650.872,240,240,0,COMPLETE,
2024-11-20 20:00:00,2650.841,2652.94,2647.27,2652.111,177,240,63,EXPECTED_INCOMPLETE,EXPECTED
2024-11-21 00:00:00,2652.153,2660.466,2650.358,2656.901,240,240,0,COMPLETE,
2024-11-21 04:00:00,2656.873,2664.723,2654.625,2663.099,240,240,0,COMPLETE,
2024-11-21 08:00:00,2663.06,2673.522,2661.969,2671.448,240,240,0,COMPLETE,
2024-11-21 12:00:00,2671.491,2671.816,2660.418,2667.636,240,240,0,COMPLETE,
2024-11-21 16:00:00,2667.674,2673.516,2661.306,2669.684,240,240,0,COMPLETE,
2024-11-21 20:00:00,2669.718,2671.906,2668.056,2669.159,177,240,63,EXPECTED_INCOMPLETE,EXPECTED
2024-11-22 00:00:00,2669.127,2690.519,2668.844,2686.153,240,240,0,COMPLETE,
2024-11-22 04:00:00,2686.186,2698.978,2682.975,2696.457,240,240,0,COMPLETE,
2024-11-22 08:00:00,2696.488,2710.127,2693.554,2698.867,240,240,0,COMPLETE,
2024-11-22 12:00:00,2698.826,2705.073,2684.441,2703.681,240,240,0,COMPLETE,
2024-11-22 16:00:00,2703.741,2711.452,2700.745,2708.221,240,240,0,COMPLETE,
2024-11-22 20:00:00,2708.18,2715.662,2705.102,2715.573,118,240,122,EXPECTED_INCOMPLETE,EXPECTED
2024-11-23 00:00:00,,,,,0,240,240,SESSION_CLOSED_EXPECTED,EXPECTED
2024-11-23 04:00:00,,,,,0,240,240,SESSION_CLOSED_EXPECTED,EXPECTED
2024-11-23 08:00:00,,,,,0,240,240,SESSION_CLOSED_EXPECTED,EXPECTED
2024-11-23 12:00:00,,,,,0,240,240,SESSION_CLOSED_EXPECTED,EXPECTED
2024-11-23 16:00:00,,,,,0,240,240,SESSION_CLOSED_EXPECTED,EXPECTED
2024-11-23 20:00:00,,,,,0,240,240,SESSION_CLOSED_EXPECTED,EXPECTED
2024-11-24 00:00:00,,,,,0,240,240,SESSION_CLOSED_EXPECTED,EXPECTED
2024-11-24 04:00:00,,,,,0,240,240,SESSION_CLOSED_EXPECTED,EXPECTED
2024-11-24 08:00:00,,,,,0,240,240,SESSION_CLOSED_EXPECTED,EXPECTED
2024-11-24 12:00:00,,,,,0,240,240,SESSION_CLOSED_EXPECTED,EXPECTED
2024-11-24 16:00:00,,,,,0,240,240,SESSION_CLOSED_EXPECTED,EXPECTED
2024-11-24 20:00:00,2711.186,2721.437,2710.748,2719.756,55,240,185,EXPECTED_INCOMPLETE,EXPECTED
2024-11-25 00:00:00,2719.719,2720.143,2658.997,2672.236,240,240,0,COMPLETE,
2024-11-25 04:00:00,2672.191,2676.359,2658.14,2667.774,240,240,0,COMPLETE,
2024-11-25 08:00:00,2667.809,2688.768,2667.098,2686.776,240,240,0,COMPLETE,
2024-11-25 12:00:00,2686.806,2687.863,2626.231,2628.404,240,240,0,COMPLETE,
2024-11-25 16:00:00,2628.435,2639.392,2615.519,2625.804,240,240,0,COMPLETE,
2024-11-25 20:00:00,2625.83,2628.74,2605.128,2610.455,177,240,63,EXPECTED_INCOMPLETE,EXPECTED
2024-11-26 00:00:00,2610.484,2632.216,2608.477,2630.366,240,240,0,COMPLETE,
2024-11-26 04:00:00,2630.342,2631.447,2610.832,2614.036,240,240,0,COMPLETE,
2024-11-26 08:00:00,2614.07,2633.226,2612.417,2633.202,240,240,0,COMPLETE,
2024-11-26 12:00:00,2633.243,2641.989,2616.723,2629.512,240,240,0,COMPLETE,
2024-11-26 16:00:00,2629.527,2631.485,2619.498,2628.025,240,240,0,COMPLETE,
2024-11-26 20:00:00,2628.065,2634.138,2627.427,2632.254,177,240,63,EXPECTED_INCOMPLETE,EXPECTED
2024-11-27 00:00:00,2632.249,2640.527,2627.017,2637.722,240,240,0,COMPLETE,
2024-11-27 04:00:00,2637.728,2648.503,2636.555,2646.63,240,240,0,COMPLETE,
2024-11-27 08:00:00,2646.54,2653.92,2643.187,2651.103,240,240,0,COMPLETE,
2024-11-27 12:00:00,2651.115,2658.181,2635.501,2642.655,240,240,0,COMPLETE,
2024-11-27 16:00:00,2642.651,2644.29,2633.73,2634.71,240,240,0,COMPLETE,
2024-11-27 20:00:00,2634.755,2639.03,2634.231,2637.168,177,240,63,EXPECTED_INCOMPLETE,EXPECTED
2024-11-28 00:00:00,2637.127,2638.432,2620.844,2630.275,240,240,0,COMPLETE,
2024-11-28 04:00:00,2630.286,2639.614,2629.328,2637.344,240,240,0,COMPLETE,
2024-11-28 08:00:00,2637.275,2649.641,2635.668,2646.884,240,240,0,COMPLETE,
2024-11-28 12:00:00,2646.881,2647.931,2636.215,2638.104,240,240,0,COMPLETE,
2024-11-28 16:00:00,2638.07,2642.458,2637.519,2640.603,135,240,105,UNEXPECTED_INCOMPLETE,UNEXPECTED
2024-11-28 20:00:00,2638.68,2639.268,2637.144,2638.765,55,240,185,UNEXPECTED_INCOMPLETE,UNEXPECTED
2024-11-29 00:00:00,2638.73,2662.802,2633.989,2660.047,240,240,0,COMPLETE,
2024-11-29 04:00:00,2660.02,2666.383,2658.323,2660.522,240,240,0,COMPLETE,
2024-11-29 08:00:00,2660.557,2665.917,2654.471,2659.61,240,240,0,COMPLETE,
2024-11-29 12:00:00,2659.653,2664.936,2650.537,2658.946,240,240,0,COMPLETE,
2024-11-29 16:00:00,2659.002,2662.281,2655.23,2655.23,150,240,90,EXPECTED_INCOMPLETE,EXPECTED
2024-11-29 20:00:00,,,,,0,240,240,SESSION_CLOSED_EXPECTED,EXPECTED
2024-11-30 00:00:00,,,,,0,240,240,SESSION_CLOSED_EXPECTED,EXPECTED
2024-11-30 04:00:00,,,,,0,240,240,SESSION_CLOSED_EXPECTED,EXPECTED
2024-11-30 08:00:00,,,,,0,240,240,SESSION_CLOSED_EXPECTED,EXPECTED
2024-11-30 12:00:00,,,,,0,240,240,SESSION_CLOSED_EXPECTED,EXPECTED
2024-11-30 16:00:00,,,,,0,240,240,SESSION_CLOSED_EXPECTED,EXPECTED
2024-11-30 20:00:00,,,,,0,240,240,SESSION_CLOSED_EXPECTED,EXPECTED
2024-12-01 00:00:00,,,,,0,240,240,SESSION_CLOSED_EXPECTED,EXPECTED
2024-12-01 04:00:00,,,,,0,240,240,SESSION_CLOSED_EXPECTED,EXPECTED
2024-12-01 08:00:00,,,,,0,240,240,SESSION_CLOSED_EXPECTED,EXPECTED
2024-12-01 12:00:00,,,,,0,240,240,SESSION_CLOSED_EXPECTED,EXPECTED
2024-12-01 16:00:00,,,,,0,240,240,SESSION_CLOSED_EXPECTED,EXPECTED
2024-12-01 20:00:00,2649.036,2650.324,2643.057,2645.659,55,240,185,EXPECTED_INCOMPLETE,EXPECTED
2024-12-02 00:00:00,2645.701,2647.691,2622.897,2629.272,240,240,0,COMPLETE,
2024-12-02 04:00:00,2629.235,2633.664,2621.818,2629.898,240,240,0,COMPLETE,
2024-12-02 08:00:00,2629.859,2646.37,2626.514,2641.885,240,240,0,COMPLETE,
2024-12-02 12:00:00,2641.837,2651.794,2637.048,2642.318,240,240,0,COMPLETE,
2024-12-02 16:00:00,2642.359,2644.372,2633.546,2637.611,240,240,0,COMPLETE,
2024-12-02 20:00:00,2637.577,2644.203,2635.288,2642.206,177,240,63,EXPECTED_INCOMPLETE,EXPECTED
2024-12-03 00:00:00,2642.199,2645.325,2634.033,2640.427,240,240,0,COMPLETE,
2024-12-03 04:00:00,2640.441,2650.052,2637.08,2644.622,240,240,0,COMPLETE,
2024-12-03 08:00:00,2644.597,2648.095,2639.169,2643.663,240,240,0,COMPLETE,
2024-12-03 12:00:00,2643.671,2655.665,2635.174,2640.435,240,240,0,COMPLETE,
2024-12-03 16:00:00,2640.444,2649.164,2638.837,2640.998,240,240,0,COMPLETE,
2024-12-03 20:00:00,2640.936,2644.226,2640.626,2642.721,177,240,63,EXPECTED_INCOMPLETE,EXPECTED
2024-12-04 00:00:00,2642.725,2648.093,2637.602,2644.501,240,240,0,COMPLETE,
2024-12-04 04:00:00,2644.48,2651.403,2640.312,2641.412,240,240,0,COMPLETE,
2024-12-04 08:00:00,2641.331,2647.735,2636.59,2646.168,240,240,0,COMPLETE,
2024-12-04 12:00:00,2646.203,2657.165,2632.33,2655.062,240,240,0,COMPLETE,
2024-12-04 16:00:00,2655.095,2655.581,2646.793,2651.708,240,240,0,COMPLETE,
2024-12-04 20:00:00,2651.673,2651.962,2648.066,2650.397,177,240,63,EXPECTED_INCOMPLETE,EXPECTED
2024-12-05 00:00:00,2650.404,2650.717,2644.6,2648.882,240,240,0,COMPLETE,
2024-12-05 04:00:00,2648.866,2655.518,2645.325,2648.575,240,240,0,COMPLETE,
2024-12-05 08:00:00,2648.622,2652.714,2641.821,2651.307,240,240,0,COMPLETE,
2024-12-05 12:00:00,2651.351,2654.517,2631.797,2640.27,240,240,0,COMPLETE,
2024-12-05 16:00:00,2640.232,2643.395,2623.444,2629.8,240,240,0,COMPLETE,
2024-12-05 20:00:00,2629.774,2633.832,2627.977,2633.713,177,240,63,EXPECTED_INCOMPLETE,EXPECTED
2024-12-06 00:00:00,2633.721,2642.55,2612.931,2640.877,240,240,0,COMPLETE,
2024-12-06 04:00:00,2640.875,2644.577,2635.306,2639.682,240,240,0,COMPLETE,
2024-12-06 08:00:00,2639.655,2645.733,2632.344,2638.489,240,240,0,COMPLETE,
2024-12-06 12:00:00,2638.412,2643.536,2624.045,2637.53,240,240,0,COMPLETE,
2024-12-06 16:00:00,2637.563,2641.654,2632.902,2634.544,240,240,0,COMPLETE,
2024-12-06 20:00:00,2634.661,2636.145,2630.872,2632.914,118,240,122,EXPECTED_INCOMPLETE,EXPECTED
2024-12-07 00:00:00,,,,,0,240,240,SESSION_CLOSED_EXPECTED,EXPECTED
2024-12-07 04:00:00,,,,,0,240,240,SESSION_CLOSED_EXPECTED,EXPECTED
2024-12-07 08:00:00,,,,,0,240,240,SESSION_CLOSED_EXPECTED,EXPECTED
2024-12-07 12:00:00,,,,,0,240,240,SESSION_CLOSED_EXPECTED,EXPECTED
2024-12-07 16:00:00,,,,,0,240,240,SESSION_CLOSED_EXPECTED,EXPECTED
2024-12-07 20:00:00,,,,,0,240,240,SESSION_CLOSED_EXPECTED,EXPECTED
2024-12-08 00:00:00,,,,,0,240,240,SESSION_CLOSED_EXPECTED,EXPECTED
2024-12-08 04:00:00,,,,,0,240,240,SESSION_CLOSED_EXPECTED,EXPECTED
2024-12-08 08:00:00,,,,,0,240,240,SESSION_CLOSED_EXPECTED,EXPECTED
2024-12-08 12:00:00,,,,,0,240,240,SESSION_CLOSED_EXPECTED,EXPECTED
2024-12-08 16:00:00,,,,,0,240,240,SESSION_CLOSED_EXPECTED,EXPECTED
2024-12-08 20:00:00,2642.963,2648.524,2636.316,2640.128,55,240,185,EXPECTED_INCOMPLETE,EXPECTED
2024-12-09 00:00:00,2640.128,2650.632,2627.525,2638.889,240,240,0,COMPLETE,
2024-12-09 04:00:00,2638.842,2651.245,2634.553,2650.49,240,240,0,COMPLETE,
2024-12-09 08:00:00,2650.523,2660.406,2646.072,2656.227,240,240,0,COMPLETE,
2024-12-09 12:00:00,2656.184,2676.454,2653.28,2668.257,240,240,0,COMPLETE,
2024-12-09 16:00:00,2668.221,2670.569,2658.854,2660.166,240,240,0,COMPLETE,
2024-12-09 20:00:00,2660.203,2661.677,2656.649,2660.454,177,240,63,EXPECTED_INCOMPLETE,EXPECTED
2024-12-10 00:00:00,2660.476,2671.782,2657.958,2669.918,240,240,0,COMPLETE,
2024-12-10 04:00:00,2669.942,2673.909,2663.647,2664.666,240,240,0,COMPLETE,
2024-12-10 08:00:00,2664.606,2676.839,2661.154,2674.496,240,240,0,COMPLETE,
2024-12-10 12:00:00,2674.539,2691.777,2672.308,2687.446,240,240,0,COMPLETE,
2024-12-10 16:00:00,2687.446,2695.524,2684.557,2692.011,240,240,0,COMPLETE,
2024-12-10 20:00:00,2691.976,2698.332,2690.877,2695.991,177,240,63,EXPECTED_INCOMPLETE,EXPECTED
2024-12-11 00:00:00,2695.93,2704.348,2692.297,2695.697,240,240,0,COMPLETE,
2024-12-11 04:00:00,2695.616,2698.242,2675.502,2690.644,237,240,3,UNEXPECTED_INCOMPLETE,UNEXPECTED
2024-12-11 08:00:00,2690.435,2699.761,2686.245,2696.439,234,240,6,UNEXPECTED_INCOMPLETE,UNEXPECTED
2024-12-11 12:00:00,2696.56,2715.956,2690.641,2713.101,240,240,0,COMPLETE,
2024-12-11 16:00:00,2713.213,2721.064,2711.186,2717.964,240,240,0,COMPLETE,
2024-12-11 20:00:00,2718.148,2720.433,2716.053,2719.922,177,240,63,EXPECTED_INCOMPLETE,EXPECTED
2024-12-12 00:00:00,2719.986,2726.206,2700.251,2710.489,240,240,0,COMPLETE,
2024-12-12 04:00:00,2710.508,2720.369,2709.689,2716.047,240,240,0,COMPLETE,
2024-12-12 08:00:00,2716.209,2719.428,2707.31,2710.934,240,240,0,COMPLETE,
2024-12-12 12:00:00,2710.997,2712.392,2675.078,2679.785,240,240,0,COMPLETE,
2024-12-12 16:00:00,2679.597,2687.038,2677.303,2683.133,240,240,0,COMPLETE,
2024-12-12 20:00:00,2683.187,2683.576,2679.459,2680.623,177,240,63,EXPECTED_INCOMPLETE,EXPECTED
2024-12-13 00:00:00,2680.617,2692.778,2678.871,2688.114,240,240,0,COMPLETE,
2024-12-13 04:00:00,2687.967,2690.527,2681.111,2683.202,240,240,0,COMPLETE,
2024-12-13 08:00:00,2682.994,2684.782,2664.39,2664.993,240,240,0,COMPLETE,
2024-12-13 12:00:00,2664.8,2672.877,2654.582,2659.888,240,240,0,COMPLETE,
2024-12-13 16:00:00,2659.811,2664.566,2652.145,2653.04,240,240,0,COMPLETE,
2024-12-13 20:00:00,2652.972,2653.522,2646.046,2648.392,118,240,122,EXPECTED_INCOMPLETE,EXPECTED
2024-12-14 00:00:00,,,,,0,240,240,SESSION_CLOSED_EXPECTED,EXPECTED
2024-12-14 04:00:00,,,,,0,240,240,SESSION_CLOSED_EXPECTED,EXPECTED
2024-12-14 08:00:00,,,,,0,240,240,SESSION_CLOSED_EXPECTED,EXPECTED
2024-12-14 12:00:00,,,,,0,240,240,SESSION_CLOSED_EXPECTED,EXPECTED
2024-12-14 16:00:00,,,,,0,240,240,SESSION_CLOSED_EXPECTED,EXPECTED
2024-12-14 20:00:00,,,,,0,240,240,SESSION_CLOSED_EXPECTED,EXPECTED
2024-12-15 00:00:00,,,,,0,240,240,SESSION_CLOSED_EXPECTED,EXPECTED
2024-12-15 04:00:00,,,,,0,240,240,SESSION_CLOSED_EXPECTED,EXPECTED
2024-12-15 08:00:00,,,,,0,240,240,SESSION_CLOSED_EXPECTED,EXPECTED
2024-12-15 12:00:00,,,,,0,240,240,SESSION_CLOSED_EXPECTED,EXPECTED
2024-12-15 16:00:00,,,,,0,240,240,SESSION_CLOSED_EXPECTED,EXPECTED
2024-12-15 20:00:00,2649.414,2653.127,2648.804,2651.479,55,240,185,EXPECTED_INCOMPLETE,EXPECTED
2024-12-16 00:00:00,2651.484,2655.608,2643.497,2653.871,240,240,0,COMPLETE,
2024-12-16 04:00:00,2653.874,2655.868,2649.545,2653.69,240,240,0,COMPLETE,
2024-12-16 08:00:00,2653.536,2664.168,2652.31,2663.542,240,240,0,COMPLETE,
2024-12-16 12:00:00,2663.579,2664.447,2650.833,2654.472,240,240,0,COMPLETE,
2024-12-16 16:00:00,2654.438,2655.801,2648.477,2653.299,240,240,0,COMPLETE,
2024-12-16 20:00:00,2653.258,2653.608,2651.46,2651.744,177,240,63,EXPECTED_INCOMPLETE,EXPECTED
2024-12-17 00:00:00,2651.762,2658.611,2651.122,2653.616,240,240,0,COMPLETE,
2024-12-17 04:00:00,2653.578,2657.093,2646.417,2653.753,240,240,0,COMPLETE,
2024-12-17 08:00:00,2653.727,2653.736,2636.207,2642.187,240,240,0,COMPLETE,
2024-12-17 12:00:00,2642.208,2646.944,2632.966,2640.16,240,240,0,COMPLETE,
2024-12-17 16:00:00,2640.241,2649.079,2636.659,2645.385,240,240,0,COMPLETE,
2024-12-17 20:00:00,2645.428,2647.681,2643.083,2647.378,177,240,63,EXPECTED_INCOMPLETE,EXPECTED
2024-12-18 00:00:00,2647.365,2651.7,2645.204,2645.669,240,240,0,COMPLETE,
2024-12-18 04:00:00,2645.632,2649.551,2642.666,2644.61,240,240,0,COMPLETE,
2024-12-18 08:00:00,2644.585,2649.734,2642.074,2646.096,240,240,0,COMPLETE,
2024-12-18 12:00:00,2646.106,2647.723,2633.694,2638.145,240,240,0,COMPLETE,
2024-12-18 16:00:00,2638.109,2639.991,2604.035,2604.543,240,240,0,COMPLETE,
2024-12-18 20:00:00,2604.581,2609.313,2583.38,2588.225,177,240,63,EXPECTED_INCOMPLETE,EXPECTED
2024-12-19 00:00:00,2588.256,2618.118,2587.957,2610.455,240,240,0,COMPLETE,
2024-12-19 04:00:00,2610.479,2622.636,2603.318,2616.515,240,240,0,COMPLETE,
2024-12-19 08:00:00,2616.555,2626.43,2613.213,2616.81,240,240,0,COMPLETE,
2024-12-19 12:00:00,2616.771,2616.771,2586.951,2588.446,240,240,0,COMPLETE,
2024-12-19 16:00:00,2588.401,2600.993,2587.134,2596.788,240,240,0,COMPLETE,
2024-12-19 20:00:00,2596.832,2600.343,2592.307,2593.519,177,240,63,EXPECTED_INCOMPLETE,EXPECTED
2024-12-20 00:00:00,2593.496,2604.033,2589.593,2598.471,240,240,0,COMPLETE,
2024-12-20 04:00:00,2598.467,2607.516,2596.422,2606.253,240,240,0,COMPLETE,
2024-12-20 08:00:00,2606.285,2607.695,2600.041,2603.694,240,240,0,COMPLETE,
2024-12-20 12:00:00,2603.668,2631.214,2600.34,2630.314,240,240,0,COMPLETE,
2024-12-20 16:00:00,2630.351,2631.875,2622.142,2627.881,240,240,0,COMPLETE,
2024-12-20 20:00:00,2627.845,2628.12,2619.202,2622.643,118,240,122,EXPECTED_INCOMPLETE,EXPECTED
2024-12-21 00:00:00,,,,,0,240,240,SESSION_CLOSED_EXPECTED,EXPECTED
2024-12-21 04:00:00,,,,,0,240,240,SESSION_CLOSED_EXPECTED,EXPECTED
2024-12-21 08:00:00,,,,,0,240,240,SESSION_CLOSED_EXPECTED,EXPECTED
2024-12-21 12:00:00,,,,,0,240,240,SESSION_CLOSED_EXPECTED,EXPECTED
2024-12-21 16:00:00,,,,,0,240,240,SESSION_CLOSED_EXPECTED,EXPECTED
2024-12-21 20:00:00,,,,,0,240,240,SESSION_CLOSED_EXPECTED,EXPECTED
2024-12-22 00:00:00,,,,,0,240,240,SESSION_CLOSED_EXPECTED,EXPECTED
2024-12-22 04:00:00,,,,,0,240,240,SESSION_CLOSED_EXPECTED,EXPECTED
2024-12-22 08:00:00,,,,,0,240,240,SESSION_CLOSED_EXPECTED,EXPECTED
2024-12-22 12:00:00,,,,,0,240,240,SESSION_CLOSED_EXPECTED,EXPECTED
2024-12-22 16:00:00,,,,,0,240,240,SESSION_CLOSED_EXPECTED,EXPECTED
2024-12-22 20:00:00,2623.329,2624.924,2621.74,2624.293,55,240,185,EXPECTED_INCOMPLETE,EXPECTED
2024-12-23 00:00:00,2624.398,2627.446,2617.498,2624.095,240,240,0,COMPLETE,
2024-12-23 04:00:00,2624.106,2633.241,2623.863,2630.23,240,240,0,COMPLETE,
2024-12-23 08:00:00,2630.184,2632.093,2612.959,2616.26,240,240,0,COMPLETE,
2024-12-23 12:00:00,2616.292,2619.898,2609.253,2609.762,240,240,0,COMPLETE,
2024-12-23 16:00:00,2609.798,2616.609,2608.078,2611.084,240,240,0,COMPLETE,
2024-12-23 20:00:00,2611.129,2617.043,2609.147,2615.492,177,240,63,EXPECTED_INCOMPLETE,EXPECTED
2024-12-24 00:00:00,2615.546,2619.928,2613.507,2618.697,240,240,0,COMPLETE,
2024-12-24 04:00:00,2618.729,2621.447,2616.422,2618.459,240,240,0,COMPLETE,
2024-12-24 08:00:00,2618.503,2619.808,2612.376,2615.152,240,240,0,COMPLETE,
2024-12-24 12:00:00,2615.199,2617.266,2610.019,2611.664,240,240,0,COMPLETE,
2024-12-24 16:00:00,2611.7,2619.335,2611.492,2616.713,150,240,90,EXPECTED_INCOMPLETE,EXPECTED
2024-12-24 20:00:00,,,,,0,240,240,SESSION_CLOSED_EXPECTED,EXPECTED
2024-12-25 00:00:00,,,,,0,240,240,SESSION_CLOSED_EXPECTED,EXPECTED
2024-12-25 04:00:00,,,,,0,240,240,SESSION_CLOSED_EXPECTED,EXPECTED
2024-12-25 08:00:00,,,,,0,240,240,SESSION_CLOSED_EXPECTED,EXPECTED
2024-12-25 12:00:00,,,,,0,240,240,SESSION_CLOSED_EXPECTED,EXPECTED
2024-12-25 16:00:00,,,,,0,240,240,SESSION_CLOSED_EXPECTED,EXPECTED
2024-12-25 20:00:00,2615.621,2620.115,2615.371,2618.656,55,240,185,EXPECTED_INCOMPLETE,EXPECTED
2024-12-26 00:00:00,2618.647,2629.113,2618.614,2626.893,240,240,0,COMPLETE,
2024-12-26 04:00:00,2626.902,2629.713,2623.599,2625.413,240,240,0,COMPLETE,
2024-12-26 08:00:00,2625.398,2630.019,2625.132,2627.882,240,240,0,COMPLETE,
2024-12-26 12:00:00,2627.855,2639.177,2621.696,2636.479,240,240,0,COMPLETE,
2024-12-26 16:00:00,2636.527,2636.838,2627.885,2634.951,240,240,0,COMPLETE,
2024-12-26 20:00:00,2634.875,2636.162,2624.659,2632.684,177,240,63,EXPECTED_INCOMPLETE,EXPECTED
2024-12-27 00:00:00,2632.689,2635.512,2628.886,2633.706,240,240,0,COMPLETE,
2024-12-27 04:00:00,2633.744,2638.314,2631.25,2633.638,240,240,0,COMPLETE,
2024-12-27 08:00:00,2633.599,2633.599,2623.452,2628.642,240,240,0,COMPLETE,
2024-12-27 12:00:00,2628.638,2631.55,2611.608,2618.134,240,240,0,COMPLETE,
2024-12-27 16:00:00,2618.174,2621.397,2614.117,2620.685,240,240,0,COMPLETE,
2024-12-27 20:00:00,2620.719,2621.98,2612.724,2621.623,118,240,122,EXPECTED_INCOMPLETE,EXPECTED
2024-12-28 00:00:00,,,,,0,240,240,SESSION_CLOSED_EXPECTED,EXPECTED
2024-12-28 04:00:00,,,,,0,240,240,SESSION_CLOSED_EXPECTED,EXPECTED
2024-12-28 08:00:00,,,,,0,240,240,SESSION_CLOSED_EXPECTED,EXPECTED
2024-12-28 12:00:00,,,,,0,240,240,SESSION_CLOSED_EXPECTED,EXPECTED
2024-12-28 16:00:00,,,,,0,240,240,SESSION_CLOSED_EXPECTED,EXPECTED
2024-12-28 20:00:00,,,,,0,240,240,SESSION_CLOSED_EXPECTED,EXPECTED
2024-12-29 00:00:00,,,,,0,240,240,SESSION_CLOSED_EXPECTED,EXPECTED
2024-12-29 04:00:00,,,,,0,240,240,SESSION_CLOSED_EXPECTED,EXPECTED
2024-12-29 08:00:00,,,,,0,240,240,SESSION_CLOSED_EXPECTED,EXPECTED
2024-12-29 12:00:00,,,,,0,240,240,SESSION_CLOSED_EXPECTED,EXPECTED
2024-12-29 16:00:00,,,,,0,240,240,SESSION_CLOSED_EXPECTED,EXPECTED
2024-12-29 20:00:00,2621.977,2626.167,2621.632,2624.035,55,240,185,EXPECTED_INCOMPLETE,EXPECTED
2024-12-30 00:00:00,2624.08,2628.157,2621.486,2626.579,240,240,0,COMPLETE,
2024-12-30 04:00:00,2626.567,2626.567,2615.813,2616.784,240,240,0,COMPLETE,
2024-12-30 08:00:00,2616.75,2618.71,2609.092,2616.332,240,240,0,COMPLETE,
2024-12-30 12:00:00,2616.332,2622.635,2599.558,2601.599,240,240,0,COMPLETE,
2024-12-30 16:00:00,2601.613,2608.39,2596.042,2607.153,240,240,0,COMPLETE,
2024-12-30 20:00:00,2607.169,2609.518,2603.865,2606.677,177,240,63,EXPECTED_INCOMPLETE,EXPECTED
2024-12-31 00:00:00,2606.717,2611.613,2603.507,2604.613,240,240,0,COMPLETE,
2024-12-31 04:00:00,2604.612,2614.132,2602.591,2613.694,240,240,0,COMPLETE,
2024-12-31 08:00:00,2613.735,2617.796,2609.714,2611.051,240,240,0,COMPLETE,
2024-12-31 12:00:00,2611.016,2626.638,2605.314,2625.656,240,240,0,COMPLETE,
2024-12-31 16:00:00,2625.632,2627.562,2622.227,2623.872,240,240,0,COMPLETE,
2024-12-31 20:00:00,2623.84,2625.024,2622.19,2624.381,118,240,122,EXPECTED_INCOMPLETE,EXPECTED
2025-01-01 00:00:00,,,,,0,240,240,SESSION_CLOSED_EXPECTED,EXPECTED
2025-01-01 04:00:00,,,,,0,240,240,SESSION_CLOSED_EXPECTED,EXPECTED
2025-01-01 08:00:00,,,,,0,240,240,SESSION_CLOSED_EXPECTED,EXPECTED
2025-01-01 12:00:00,,,,,0,240,240,SESSION_CLOSED_EXPECTED,EXPECTED
2025-01-01 16:00:00,,,,,0,240,240,SESSION_CLOSED_EXPECTED,EXPECTED
2025-01-01 20:00:00,2625.179,2625.839,2621.641,2623.766,55,240,185,EXPECTED_INCOMPLETE,EXPECTED
2025-01-02 00:00:00,2623.798,2636.54,2622.72,2633.644,240,240,0,COMPLETE,
2025-01-02 04:00:00,2633.633,2636.491,2631.05,2635.915,240,240,0,COMPLETE,
2025-01-02 08:00:00,2635.953,2646.379,2631.123,2641.974,240,240,0,COMPLETE,
2025-01-02 12:00:00,2642.006,2655.843,2636.005,2654.13,240,240,0,COMPLETE,
2025-01-02 16:00:00,2654.062,2660.457,2650.035,2654.74,240,240,0,COMPLETE,
2025-01-02 20:00:00,2654.775,2660.458,2654.151,2658.327,177,240,63,EXPECTED_INCOMPLETE,EXPECTED
2025-01-03 00:00:00,2658.328,2665.214,2656.109,2662.288,240,240,0,COMPLETE,
2025-01-03 04:00:00,2662.255,2664.409,2651.924,2654.192,240,240,0,COMPLETE,
2025-01-03 08:00:00,2654.164,2659.258,2649.89,2658.361,226,240,14,UNEXPECTED_INCOMPLETE,UNEXPECTED
2025-01-03 12:00:00,2657.003,2657.461,2640.927,2643.842,192,240,48,UNEXPECTED_INCOMPLETE,UNEXPECTED
2025-01-03 16:00:00,2643.812,2647.264,2638.954,2639.421,240,240,0,COMPLETE,
2025-01-03 20:00:00,2639.392,2640.74,2636.644,2640.37,118,240,122,EXPECTED_INCOMPLETE,EXPECTED
2025-01-04 00:00:00,,,,,0,240,240,SESSION_CLOSED_EXPECTED,EXPECTED
2025-01-04 04:00:00,,,,,0,240,240,SESSION_CLOSED_EXPECTED,EXPECTED
2025-01-04 08:00:00,,,,,0,240,240,SESSION_CLOSED_EXPECTED,EXPECTED
2025-01-04 12:00:00,,,,,0,240,240,SESSION_CLOSED_EXPECTED,EXPECTED
2025-01-04 16:00:00,,,,,0,240,240,SESSION_CLOSED_EXPECTED,EXPECTED
2025-01-04 20:00:00,,,,,0,240,240,SESSION_CLOSED_EXPECTED,EXPECTED
2025-01-05 00:00:00,,,,,0,240,240,SESSION_CLOSED_EXPECTED,EXPECTED
2025-01-05 04:00:00,,,,,0,240,240,SESSION_CLOSED_EXPECTED,EXPECTED
2025-01-05 08:00:00,,,,,0,240,240,SESSION_CLOSED_EXPECTED,EXPECTED
2025-01-05 12:00:00,,,,,0,240,240,SESSION_CLOSED_EXPECTED,EXPECTED
2025-01-05 16:00:00,,,,,0,240,240,SESSION_CLOSED_EXPECTED,EXPECTED
2025-01-05 20:00:00,2639.644,2642.386,2639.644,2641.063,55,240,185,EXPECTED_INCOMPLETE,EXPECTED
2025-01-06 00:00:00,2641.098,2647.426,2638.6,2640.19,240,240,0,COMPLETE,
2025-01-06 04:00:00,2640.203,2640.824,2625.058,2626.921,240,240,0,COMPLETE,
2025-01-06 08:00:00,2626.891,2649.489,2625.759,2645.602,240,240,0,COMPLETE,
2025-01-06 12:00:00,2645.562,2648.848,2614.436,2634.392,240,240,0,COMPLETE,
2025-01-06 16:00:00,2634.419,2641.381,2632.507,2634.373,240,240,0,COMPLETE,
2025-01-06 20:00:00,2634.41,2637.067,2633.132,2634.681,173,240,67,EXPECTED_INCOMPLETE,EXPECTED
2025-01-07 00:00:00,2634.634,2641.146,2632.918,2639.563,240,240,0,COMPLETE,
2025-01-07 04:00:00,2639.56,2646.757,2637.02,2640.487,240,240,0,COMPLETE,
2025-01-07 08:00:00,2640.444,2648.689,2640.031,2648.389,240,240,0,COMPLETE,
2025-01-07 12:00:00,2648.348,2664.264,2641.885,2647.7,240,240,0,COMPLETE,
2025-01-07 16:00:00,2647.625,2656.015,2646.383,2649.245,240,240,0,COMPLETE,
2025-01-07 20:00:00,2649.297,2651.445,2647.195,2649.807,176,240,64,UNEXPECTED_INCOMPLETE,EXPECTED|UNEXPECTED
2025-01-08 00:00:00,2649.817,2651.512,2645.569,2646.751,240,240,0,COMPLETE,
2025-01-08 04:00:00,2646.728,2654.429,2645.202,2652.619,240,240,0,COMPLETE,
2025-01-08 08:00:00,2652.651,2655.158,2647.595,2650.925,240,240,0,COMPLETE,
2025-01-08 12:00:00,2650.838,2667.835,2645.847,2665.818,240,240,0,COMPLETE,
2025-01-08 16:00:00,2665.84,2670.053,2649.388,2658.327,231,240,9,UNEXPECTED_INCOMPLETE,UNEXPECTED
2025-01-08 20:00:00,2658.364,2664.067,2658.276,2662.507,175,240,65,EXPECTED_INCOMPLETE,EXPECTED
2025-01-09 00:00:00,2662.526,2662.85,2656.266,2659.369,240,240,0,COMPLETE,
2025-01-09 04:00:00,2659.335,2666.973,2655.471,2662.45,240,240,0,COMPLETE,
2025-01-09 08:00:00,2662.418,2673.299,2660.422,2670.266,240,240,0,COMPLETE,
2025-01-09 12:00:00,2670.249,2678.351,2667.196,2668.326,240,240,0,COMPLETE,
2025-01-09 16:00:00,2668.32,2672.51,2662.689,2670.19,240,240,0,COMPLETE,
2025-01-09 20:00:00,2670.154,2671.332,2668.492,2669.951,177,240,63,EXPECTED_INCOMPLETE,EXPECTED
2025-01-10 00:00:00,2669.978,2674.771,2668.966,2673.658,240,240,0,COMPLETE,
2025-01-10 04:00:00,2673.631,2678.743,2671.556,2676.146,240,240,0,COMPLETE,
2025-01-10 08:00:00,2676.181,2683.088,2675.736,2681.402,240,240,0,COMPLETE,
2025-01-10 12:00:00,2681.363,2698.026,2663.994,2692.684,240,240,0,COMPLETE,
2025-01-10 16:00:00,2692.588,2697.915,2684.586,2685.911,240,240,0,COMPLETE,
2025-01-10 20:00:00,2685.922,2693.773,2684.5,2689.592,118,240,122,EXPECTED_INCOMPLETE,EXPECTED
2025-01-11 00:00:00,,,,,0,240,240,SESSION_CLOSED_EXPECTED,EXPECTED
2025-01-11 04:00:00,,,,,0,240,240,SESSION_CLOSED_EXPECTED,EXPECTED
2025-01-11 08:00:00,,,,,0,240,240,SESSION_CLOSED_EXPECTED,EXPECTED
2025-01-11 12:00:00,,,,,0,240,240,SESSION_CLOSED_EXPECTED,EXPECTED
2025-01-11 16:00:00,,,,,0,240,240,SESSION_CLOSED_EXPECTED,EXPECTED
2025-01-11 20:00:00,,,,,0,240,240,SESSION_CLOSED_EXPECTED,EXPECTED
2025-01-12 00:00:00,,,,,0,240,240,SESSION_CLOSED_EXPECTED,EXPECTED
2025-01-12 04:00:00,,,,,0,240,240,SESSION_CLOSED_EXPECTED,EXPECTED
2025-01-12 08:00:00,,,,,0,240,240,SESSION_CLOSED_EXPECTED,EXPECTED
2025-01-12 12:00:00,,,,,0,240,240,SESSION_CLOSED_EXPECTED,EXPECTED
2025-01-12 16:00:00,,,,,0,240,240,SESSION_CLOSED_EXPECTED,EXPECTED
2025-01-12 20:00:00,2689.769,2691.385,2687.574,2691.105,55,240,185,EXPECTED_INCOMPLETE,EXPECTED
2025-01-13 00:00:00,2691.128,2693.368,2679.294,2687.941,240,240,0,COMPLETE,
2025-01-13 04:00:00,2687.977,2691.323,2683.273,2685.102,240,240,0,COMPLETE,
2025-01-13 08:00:00,2685.074,2689.77,2675.449,2675.952,240,240,0,COMPLETE,
2025-01-13 12:00:00,2675.911,2677.164,2661.033,2661.867,240,240,0,COMPLETE,
2025-01-13 16:00:00,2661.792,2667.989,2656.768,2658.897,240,240,0,COMPLETE,
2025-01-13 20:00:00,2658.959,2669.455,2658.734,2668.058,177,240,63,EXPECTED_INCOMPLETE,EXPECTED
2025-01-14 00:00:00,2667.975,2672.268,2666.365,2669.78,240,240,0,COMPLETE,
2025-01-14 04:00:00,2669.818,2675.37,2667.184,2669.154,240,240,0,COMPLETE,
2025-01-14 08:00:00,2669.196,2674.436,2664.453,2669.331,240,240,0,COMPLETE,
2025-01-14 12:00:00,2669.287,2674.418,2659.802,2671.779,240,240,0,COMPLETE,
2025-01-14 16:00:00,2671.826,2676.308,2666.703,2674.245,240,240,0,COMPLETE,
2025-01-14 20:00:00,2674.209,2678.294,2671.833,2675.59,177,240,63,EXPECTED_INCOMPLETE,EXPECTED
2025-01-15 00:00:00,2675.58,2676.321,2669.389,2676.091,240,240,0,COMPLETE,
2025-01-15 04:00:00,2676.052,2684.033,2674.183,2681.313,240,240,0,COMPLETE,
2025-01-15 08:00:00,2681.357,2689.09,2681.168,2686.779,240,240,0,COMPLETE,
2025-01-15 12:00:00,2686.748,2696.056,2676.64,2678.475,240,240,0,COMPLETE,
2025-01-15 16:00:00,2678.512,2695.127,2676.925,2694.181,240,240,0,COMPLETE,
2025-01-15 20:00:00,2694.142,2697.97,2693.249,2694.956,177,240,63,EXPECTED_INCOMPLETE,EXPECTED
2025-01-16 00:00:00,2694.984,2702.177,2692.861,2697.196,240,240,0,COMPLETE,
2025-01-16 04:00:00,2697.144,2699.924,2689.907,2698.271,240,240,0,COMPLETE,
2025-01-16 08:00:00,2698.313,2711.175,2697.115,2706.412,240,240,0,COMPLETE,
2025-01-16 12:00:00,2706.416,2719.718,2700.041,2716.874,240,240,0,COMPLETE,
2025-01-16 16:00:00,2716.93,2724.74,2714.652,2715.346,240,240,0,COMPLETE,
2025-01-16 20:00:00,2715.368,2717.046,2712.401,2714.585,177,240,63,EXPECTED_INCOMPLETE,EXPECTED
2025-01-17 00:00:00,2714.619,2717.325,2709.834,2715.439,240,240,0,COMPLETE,
2025-01-17 04:00:00,2715.476,2716.515,2708.585,2710.519,240,240,0,COMPLETE,
2025-01-17 08:00:00,2710.577,2712.991,2702.767,2708.041,240,240,0,COMPLETE,
2025-01-17 12:00:00,2708.002,2715.136,2702.723,2714.243,240,240,0,COMPLETE,
2025-01-17 16:00:00,2714.256,2717.261,2702.88,2703.175,240,240,0,COMPLETE,
2025-01-17 20:00:00,2703.189,2704.088,2699.242,2702.879,118,240,122,EXPECTED_INCOMPLETE,EXPECTED
2025-01-18 00:00:00,,,,,0,240,240,SESSION_CLOSED_EXPECTED,EXPECTED
2025-01-18 04:00:00,,,,,0,240,240,SESSION_CLOSED_EXPECTED,EXPECTED
2025-01-18 08:00:00,,,,,0,240,240,SESSION_CLOSED_EXPECTED,EXPECTED
2025-01-18 12:00:00,,,,,0,240,240,SESSION_CLOSED_EXPECTED,EXPECTED
2025-01-18 16:00:00,,,,,0,240,240,SESSION_CLOSED_EXPECTED,EXPECTED
2025-01-18 20:00:00,,,,,0,240,240,SESSION_CLOSED_EXPECTED,EXPECTED
2025-01-19 00:00:00,,,,,0,240,240,SESSION_CLOSED_EXPECTED,EXPECTED
2025-01-19 04:00:00,,,,,0,240,240,SESSION_CLOSED_EXPECTED,EXPECTED
2025-01-19 08:00:00,,,,,0,240,240,SESSION_CLOSED_EXPECTED,EXPECTED
2025-01-19 12:00:00,,,,,0,240,240,SESSION_CLOSED_EXPECTED,EXPECTED
2025-01-19 16:00:00,,,,,0,240,240,SESSION_CLOSED_EXPECTED,EXPECTED
2025-01-19 20:00:00,2702.629,2703.084,2691.547,2696.424,55,240,185,EXPECTED_INCOMPLETE,EXPECTED
2025-01-20 00:00:00,2696.424,2703.987,2689.395,2703.554,240,240,0,COMPLETE,
2025-01-20 04:00:00,2703.559,2713.771,2702.279,2703.592,240,240,0,COMPLETE,
2025-01-20 08:00:00,2703.571,2712.492,2702.993,2708.331,240,240,0,COMPLETE,
2025-01-20 12:00:00,2708.289,2711.844,2701.915,2707.065,240,240,0,COMPLETE,
2025-01-20 16:00:00,2707.063,2711.161,2703.168,2709.157,195,240,45,UNEXPECTED_INCOMPLETE,UNEXPECTED
2025-01-20 20:00:00,2708.347,2711.032,2706.593,2710.445,52,240,188,UNEXPECTED_INCOMPLETE,UNEXPECTED
2025-01-21 00:00:00,2710.433,2726.943,2702.797,2724.196,240,240,0,COMPLETE,
2025-01-21 04:00:00,2724.221,2732.773,2722.695,2729.729,240,240,0,COMPLETE,
2025-01-21 08:00:00,2729.701,2730.052,2716.508,2723.998,240,240,0,COMPLETE,
2025-01-21 12:00:00,2723.989,2740.384,2722.003,2738.776,240,240,0,COMPLETE,
2025-01-21 16:00:00,2738.792,2745.963,2737.839,2742.837,240,240,0,COMPLETE,
2025-01-21 20:00:00,2742.819,2745.863,2740.082,2744.259,176,240,64,EXPECTED_INCOMPLETE,EXPECTED
2025-01-22 00:00:00,2744.309,2751.088,2742.713,2750.266,240,240,0,COMPLETE,
2025-01-22 04:00:00,2750.238,2758.831,2745.569,2748.781,240,240,0,COMPLETE,
2025-01-22 08:00:00,2748.818,2763.43,2746.77,2756.534,240,240,0,COMPLETE,
2025-01-22 12:00:00,2756.572,2761.606,2750.329,2759.351,240,240,0,COMPLETE,
2025-01-22 16:00:00,2759.389,2760.278,2754.891,2755.309,240,240,0,COMPLETE,
2025-01-22 20:00:00,2755.269,2757.144,2753.88,2755.583,175,240,65,EXPECTED_INCOMPLETE,EXPECTED
2025-01-23 00:00:00,2755.562,2756.3,2749.474,2749.959,240,240,0,COMPLETE,
2025-01-23 04:00:00,2750.03,2755.575,2749.79,2752.683,240,240,0,COMPLETE,
2025-01-23 08:00:00,2752.735,2754.789,2740.871,2751.898,240,240,0,COMPLETE,
2025-01-23 12:00:00,2751.873,2753.386,2735.77,2746.424,240,240,0,COMPLETE,
2025-01-23 16:00:00,2746.383,2758.962,2744.175,2754.173,240,240,0,COMPLETE,
2025-01-23 20:00:00,2754.13,2755.636,2751.306,2754.543,177,240,63,EXPECTED_INCOMPLETE,EXPECTED
2025-01-24 00:00:00,2754.546,2777.417,2754.329,2772.308,240,240,0,COMPLETE,
2025-01-24 04:00:00,2772.28,2778.363,2770.527,2772.675,240,240,0,COMPLETE,
2025-01-24 08:00:00,2772.716,2780.193,2769.966,2776.617,240,240,0,COMPLETE,
2025-01-24 12:00:00,2776.678,2786.011,2773.713,2775.973,240,240,0,COMPLETE,
2025-01-24 16:00:00,2775.918,2777.564,2769.894,2774.628,240,240,0,COMPLETE,
2025-01-24 20:00:00,2774.632,2774.798,2770.458,2771.079,118,240,122,EXPECTED_INCOMPLETE,EXPECTED
2025-01-25 00:00:00,,,,,0,240,240,SESSION_CLOSED_EXPECTED,EXPECTED
2025-01-25 04:00:00,,,,,0,240,240,SESSION_CLOSED_EXPECTED,EXPECTED
2025-01-25 08:00:00,,,,,0,240,240,SESSION_CLOSED_EXPECTED,EXPECTED
2025-01-25 12:00:00,,,,,0,240,240,SESSION_CLOSED_EXPECTED,EXPECTED
2025-01-25 16:00:00,,,,,0,240,240,SESSION_CLOSED_EXPECTED,EXPECTED
2025-01-25 20:00:00,,,,,0,240,240,SESSION_CLOSED_EXPECTED,EXPECTED
2025-01-26 00:00:00,,,,,0,240,240,SESSION_CLOSED_EXPECTED,EXPECTED
2025-01-26 04:00:00,,,,,0,240,240,SESSION_CLOSED_EXPECTED,EXPECTED
2025-01-26 08:00:00,,,,,0,240,240,SESSION_CLOSED_EXPECTED,EXPECTED
2025-01-26 12:00:00,,,,,0,240,240,SESSION_CLOSED_EXPECTED,EXPECTED
2025-01-26 16:00:00,,,,,0,240,240,SESSION_CLOSED_EXPECTED,EXPECTED
2025-01-26 20:00:00,2765.65,2769.721,2765.185,2767.553,55,240,185,EXPECTED_INCOMPLETE,EXPECTED
2025-01-27 00:00:00,2767.554,2772.54,2753.871,2761.117,240,240,0,COMPLETE,
2025-01-27 04:00:00,2761.066,2761.075,2747.189,2749.46,240,240,0,COMPLETE,
2025-01-27 08:00:00,2749.436,2772.108,2749.291,2771.247,240,240,0,COMPLETE,
2025-01-27 12:00:00,2771.3,2771.634,2739.499,2742.084,240,240,0,COMPLETE,
2025-01-27 16:00:00,2742.052,2743.136,2730.478,2739.328,240,240,0,COMPLETE,
2025-01-27 20:00:00,2739.353,2745.325,2738.147,2741.71,177,240,63,EXPECTED_INCOMPLETE,EXPECTED
2025-01-28 00:00:00,2741.743,2745.268,2737.815,2738.813,240,240,0,COMPLETE,
2025-01-28 04:00:00,2738.765,2744.894,2738.33,2738.91,240,240,0,COMPLETE,
2025-01-28 08:00:00,2738.936,2745.172,2734.773,2742.793,240,240,0,COMPLETE,
2025-01-28 12:00:00,2742.709,2757.204,2741.196,2755.33,240,240,0,COMPLETE,
2025-01-28 16:00:00,2755.325,2764.998,2755.222,2764.828,240,240,0,COMPLETE,
2025-01-28 20:00:00,2764.788,2765.052,2762.387,2762.695,177,240,63,EXPECTED_INCOMPLETE,EXPECTED
2025-01-29 00:00:00,2762.698,2766.271,2762.234,2762.774,240,240,0,COMPLETE,
2025-01-29 04:00:00,2762.766,2764.356,2757.414,2759.074,240,240,0,COMPLETE,
2025-01-29 08:00:00,2759.118,2766.083,2757.008,2758.994,240,240,0,COMPLETE,
2025-01-29 12:00:00,2758.956,2761.119,2748.2,2754.11,240,240,0,COMPLETE,
2025-01-29 16:00:00,2754.15,2757.913,2744.745,2755.218,240,240,0,COMPLETE,
2025-01-29 20:00:00,2755.18,2760.685,2752.745,2760.306,177,240,63,EXPECTED_INCOMPLETE,EXPECTED
2025-01-30 00:00:00,2760.243,2762.577,2758.901,2761.735,240,240,0,COMPLETE,
2025-01-30 04:00:00,2761.699,2769.528,2758.704,2769.135,240,240,0,COMPLETE,
2025-01-30 08:00:00,2769.133,2779.432,2768.322,2777.699,240,240,0,COMPLETE,
2025-01-30 12:00:00,2777.686,2796.778,2776.061,2795.411,240,240,0,COMPLETE,
2025-01-30 16:00:00,2795.388,2798.469,2788.797,2793.363,240,240,0,COMPLETE,
2025-01-30 20:00:00,2793.343,2798.476,2790.749,2796.146,172,240,68,EXPECTED_INCOMPLETE,EXPECTED
2025-01-31 00:00:00,2796.183,2799.636,2794.429,2796.453,240,240,0,COMPLETE,
2025-01-31 04:00:00,2796.412,2801.072,2792.122,2798.232,240,240,0,COMPLETE,
2025-01-31 08:00:00,2798.205,2800.867,2791.0,2800.195,240,240,0,COMPLETE,
2025-01-31 12:00:00,2800.165,2817.244,2799.95,2809.224,240,240,0,COMPLETE,
2025-01-31 16:00:00,2809.129,2816.261,2795.295,2796.26,240,240,0,COMPLETE,
2025-01-31 20:00:00,2796.303,2802.565,2794.089,2799.348,118,240,122,EXPECTED_INCOMPLETE,EXPECTED
2025-02-01 00:00:00,,,,,0,240,240,SESSION_CLOSED_EXPECTED,EXPECTED
2025-02-01 04:00:00,,,,,0,240,240,SESSION_CLOSED_EXPECTED,EXPECTED
2025-02-01 08:00:00,,,,,0,240,240,SESSION_CLOSED_EXPECTED,EXPECTED
2025-02-01 12:00:00,,,,,0,240,240,SESSION_CLOSED_EXPECTED,EXPECTED
2025-02-01 16:00:00,,,,,0,240,240,SESSION_CLOSED_EXPECTED,EXPECTED
2025-02-01 20:00:00,,,,,0,240,240,SESSION_CLOSED_EXPECTED,EXPECTED
2025-02-02 00:00:00,,,,,0,240,240,SESSION_CLOSED_EXPECTED,EXPECTED
2025-02-02 04:00:00,,,,,0,240,240,SESSION_CLOSED_EXPECTED,EXPECTED
2025-02-02 08:00:00,,,,,0,240,240,SESSION_CLOSED_EXPECTED,EXPECTED
2025-02-02 12:00:00,,,,,0,240,240,SESSION_CLOSED_EXPECTED,EXPECTED
2025-02-02 16:00:00,,,,,0,240,240,SESSION_CLOSED_EXPECTED,EXPECTED
2025-02-02 20:00:00,2801.018,2804.653,2784.271,2793.709,55,240,185,EXPECTED_INCOMPLETE,EXPECTED
2025-02-03 00:00:00,2793.726,2796.511,2772.137,2774.454,240,240,0,COMPLETE,
2025-02-03 04:00:00,2774.457,2789.913,2774.192,2789.28,240,240,0,COMPLETE,
2025-02-03 08:00:00,2789.32,2804.248,2786.965,2801.146,240,240,0,COMPLETE,
2025-02-03 12:00:00,2801.204,2830.566,2800.43,2817.46,240,240,0,COMPLETE,
2025-02-03 16:00:00,2817.427,2825.297,2812.764,2818.272,240,240,0,COMPLETE,
2025-02-03 20:00:00,2818.246,2819.504,2811.892,2814.027,175,240,65,EXPECTED_INCOMPLETE,EXPECTED
2025-02-04 00:00:00,2813.989,2824.7,2812.609,2821.399,240,240,0,COMPLETE,
2025-02-04 04:00:00,2821.389,2821.492,2807.201,2812.711,240,240,0,COMPLETE,
2025-02-04 08:00:00,2812.756,2821.899,2810.131,2815.448,240,240,0,COMPLETE,
2025-02-04 12:00:00,2815.456,2845.508,2814.435,2835.918,240,240,0,COMPLETE,
2025-02-04 16:00:00,2835.859,2844.973,2832.455,2843.053,240,240,0,COMPLETE,
2025-02-04 20:00:00,2843.088,2844.921,2840.382,2841.21,177,240,63,EXPECTED_INCOMPLETE,EXPECTED
2025-02-05 00:00:00,2841.225,2854.325,2839.683,2852.338,240,240,0,COMPLETE,
2025-02-05 04:00:00,2852.348,2864.21,2851.812,2864.17,240,240,0,COMPLETE,
2025-02-05 08:00:00,2864.129,2877.065,2863.526,2868.662,240,240,0,COMPLETE,
2025-02-05 12:00:00,2868.617,2882.429,2858.594,2880.227,240,240,0,COMPLETE,
2025-02-05 16:00:00,2880.267,2881.19,2862.665,2863.499,240,240,0,COMPLETE,
2025-02-05 20:00:00,2863.534,2870.989,2859.878,2869.283,176,240,64,EXPECTED_INCOMPLETE,EXPECTED
2025-02-06 00:00:00,2869.276,2873.322,2863.698,2869.409,240,240,0,COMPLETE,
2025-02-06 04:00:00,2869.368,2872.315,2854.98,2855.806,240,240,0,COMPLETE,
2025-02-06 08:00:00,2855.759,2867.351,2848.884,2865.968,240,240,0,COMPLETE,
2025-02-06 12:00:00,2865.962,2870.309,2834.055,2850.599,240,240,0,COMPLETE,
2025-02-06 16:00:00,2850.559,2854.725,2848.029,2853.742,240,240,0,COMPLETE,
2025-02-06 20:00:00,2853.787,2858.773,2853.571,2857.996,177,240,63,EXPECTED_INCOMPLETE,EXPECTED
2025-02-07 00:00:00,2857.99,2870.649,2857.751,2867.186,240,240,0,COMPLETE,
2025-02-07 04:00:00,2867.116,2869.619,2858.998,2864.218,240,240,0,COMPLETE,
2025-02-07 08:00:00,2864.272,2870.696,2863.221,2867.624,240,240,0,COMPLETE,
2025-02-07 12:00:00,2867.665,2886.751,2852.363,2880.318,240,240,0,COMPLETE,
2025-02-07 16:00:00,2880.357,2881.549,2853.298,2860.15,240,240,0,COMPLETE,
2025-02-07 20:00:00,2860.123,2863.778,2859.375,2860.971,118,240,122,EXPECTED_INCOMPLETE,EXPECTED
2025-02-08 00:00:00,,,,,0,240,240,SESSION_CLOSED_EXPECTED,EXPECTED
2025-02-08 04:00:00,,,,,0,240,240,SESSION_CLOSED_EXPECTED,EXPECTED
2025-02-08 08:00:00,,,,,0,240,240,SESSION_CLOSED_EXPECTED,EXPECTED
2025-02-08 12:00:00,,,,,0,240,240,SESSION_CLOSED_EXPECTED,EXPECTED
2025-02-08 16:00:00,,,,,0,240,240,SESSION_CLOSED_EXPECTED,EXPECTED
2025-02-08 20:00:00,,,,,0,240,240,SESSION_CLOSED_EXPECTED,EXPECTED
2025-02-09 00:00:00,,,,,0,240,240,SESSION_CLOSED_EXPECTED,EXPECTED
2025-02-09 04:00:00,,,,,0,240,240,SESSION_CLOSED_EXPECTED,EXPECTED
2025-02-09 08:00:00,,,,,0,240,240,SESSION_CLOSED_EXPECTED,EXPECTED
2025-02-09 12:00:00,,,,,0,240,240,SESSION_CLOSED_EXPECTED,EXPECTED
2025-02-09 16:00:00,,,,,0,240,240,SESSION_CLOSED_EXPECTED,EXPECTED
2025-02-09 20:00:00,2861.269,2870.59,2860.088,2867.495,55,240,185,EXPECTED_INCOMPLETE,EXPECTED
2025-02-10 00:00:00,2867.539,2876.602,2865.83,2875.572,240,240,0,COMPLETE,
2025-02-10 04:00:00,2875.572,2896.595,2874.29,2895.506,240,240,0,COMPLETE,
2025-02-10 08:00:00,2895.471,2906.297,2892.213,2904.502,240,240,0,COMPLETE,
2025-02-10 12:00:00,2904.528,2912.062,2896.26,2908.93,240,240,0,COMPLETE,
2025-02-10 16:00:00,2908.977,2910.318,2896.632,2904.342,240,240,0,COMPLETE,
2025-02-10 20:00:00,2904.361,2921.603,2902.88,2917.847,177,240,63,EXPECTED_INCOMPLETE,EXPECTED
2025-02-11 00:00:00,2917.894,2942.649,2905.417,2919.716,240,240,0,COMPLETE,
2025-02-11 04:00:00,2919.751,2929.431,2907.124,2913.351,240,240,0,COMPLETE,
2025-02-11 08:00:00,2913.329,2915.303,2901.864,2903.981,240,240,0,COMPLETE,
2025-02-11 12:00:00,2904.016,2906.574,2881.696,2904.794,240,240,0,COMPLETE,
2025-02-11 16:00:00,2904.834,2908.679,2899.562,2900.082,240,240,0,COMPLETE,
2025-02-11 20:00:00,2900.085,2900.906,2894.038,2898.536,177,240,63,EXPECTED_INCOMPLETE,EXPECTED
2025-02-12 00:00:00,2898.562,2898.894,2883.76,2889.001,240,240,0,COMPLETE,
2025-02-12 04:00:00,2888.998,2895.862,2883.668,2892.773,240,240,0,COMPLETE,
2025-02-12 08:00:00,2892.813,2894.083,2879.317,2879.802,240,240,0,COMPLETE,
2025-02-12 12:00:00,2879.811,2898.014,2864.102,2894.553,240,240,0,COMPLETE,
2025-02-12 16:00:00,2894.513,2909.267,2892.029,2897.905,240,240,0,COMPLETE,
2025-02-12 20:00:00,2897.936,2906.403,2895.54,2905.781,177,240,63,EXPECTED_INCOMPLETE,EXPECTED
2025-02-13 00:00:00,2905.756,2918.097,2901.452,2916.475,240,240,0,COMPLETE,
2025-02-13 04:00:00,2916.509,2922.801,2912.459,2914.569,240,240,0,COMPLETE,
2025-02-13 08:00:00,2914.607,2919.475,2909.416,2917.873,240,240,0,COMPLETE,
2025-02-13 12:00:00,2917.909,2921.398,2905.762,2920.235,240,240,0,COMPLETE,
2025-02-13 16:00:00,2920.22,2927.402,2912.887,2926.812,240,240,0,COMPLETE,
2025-02-13 20:00:00,2926.825,2932.484,2924.855,2931.217,177,240,63,EXPECTED_INCOMPLETE,EXPECTED
2025-02-14 00:00:00,2931.192,2933.879,2923.164,2924.33,240,240,0,COMPLETE,
2025-02-14 04:00:00,2924.336,2936.84,2923.77,2931.853,240,240,0,COMPLETE,
2025-02-14 08:00:00,2931.81,2940.0,2929.246,2931.181,240,240,0,COMPLETE,
2025-02-14 12:00:00,2931.136,2933.388,2892.87,2901.939,240,240,0,COMPLETE,
2025-02-14 16:00:00,2901.827,2903.915,2878.691,2880.499,240,240,0,COMPLETE,
2025-02-14 20:00:00,2880.468,2886.209,2876.991,2882.772,118,240,122,EXPECTED_INCOMPLETE,EXPECTED
2025-02-15 00:00:00,,,,,0,240,240,SESSION_CLOSED_EXPECTED,EXPECTED
2025-02-15 04:00:00,,,,,0,240,240,SESSION_CLOSED_EXPECTED,EXPECTED
2025-02-15 08:00:00,,,,,0,240,240,SESSION_CLOSED_EXPECTED,EXPECTED
2025-02-15 12:00:00,,,,,0,240,240,SESSION_CLOSED_EXPECTED,EXPECTED
2025-02-15 16:00:00,,,,,0,240,240,SESSION_CLOSED_EXPECTED,EXPECTED
2025-02-15 20:00:00,,,,,0,240,240,SESSION_CLOSED_EXPECTED,EXPECTED
2025-02-16 00:00:00,,,,,0,240,240,SESSION_CLOSED_EXPECTED,EXPECTED
2025-02-16 04:00:00,,,,,0,240,240,SESSION_CLOSED_EXPECTED,EXPECTED
2025-02-16 08:00:00,,,,,0,240,240,SESSION_CLOSED_EXPECTED,EXPECTED
2025-02-16 12:00:00,,,,,0,240,240,SESSION_CLOSED_EXPECTED,EXPECTED
2025-02-16 16:00:00,,,,,0,240,240,SESSION_CLOSED_EXPECTED,EXPECTED
2025-02-16 20:00:00,2893.643,2894.024,2878.43,2879.221,55,240,185,EXPECTED_INCOMPLETE,EXPECTED
2025-02-17 00:00:00,2879.254,2904.607,2879.254,2903.603,240,240,0,COMPLETE,
2025-02-17 04:00:00,2903.553,2905.407,2888.211,2902.479,240,240,0,COMPLETE,
2025-02-17 08:00:00,2902.499,2906.428,2895.044,2900.992,240,240,0,COMPLETE,
2025-02-17 12:00:00,2901.007,2904.199,2895.413,2899.19,240,240,0,COMPLETE,
2025-02-17 16:00:00,2899.27,2901.314,2896.488,2897.392,195,240,45,UNEXPECTED_INCOMPLETE,UNEXPECTED
2025-02-17 20:00:00,2899.102,2899.482,2897.106,2899.373,55,240,185,UNEXPECTED_INCOMPLETE,UNEXPECTED
2025-02-18 00:00:00,2899.325,2910.89,2892.013,2909.001,240,240,0,COMPLETE,
2025-02-18 04:00:00,2908.996,2915.629,2907.173,2911.501,240,240,0,COMPLETE,
2025-02-18 08:00:00,2911.54,2914.922,2906.997,2914.174,240,240,0,COMPLETE,
2025-02-18 12:00:00,2914.224,2929.609,2912.054,2927.02,240,240,0,COMPLETE,
2025-02-18 16:00:00,2926.986,2936.994,2924.186,2935.821,240,240,0,COMPLETE,
2025-02-18 20:00:00,2935.832,2936.788,2932.393,2934.061,175,240,65,EXPECTED_INCOMPLETE,EXPECTED
2025-02-19 00:00:00,2934.059,2939.653,2924.058,2928.825,240,240,0,COMPLETE,
2025-02-19 04:00:00,2928.828,2935.872,2926.487,2934.25,240,240,0,COMPLETE,
2025-02-19 08:00:00,2934.21,2947.049,2933.718,2935.087,240,240,0,COMPLETE,
2025-02-19 12:00:00,2935.059,2941.657,2925.426,2925.793,240,240,0,COMPLETE,
2025-02-19 16:00:00,2925.767,2932.365,2918.524,2931.754,240,240,0,COMPLETE,
2025-02-19 20:00:00,2931.715,2937.461,2931.305,2935.384,177,240,63,EXPECTED_INCOMPLETE,EXPECTED
2025-02-20 00:00:00,2935.386,2944.057,2933.877,2941.913,240,240,0,COMPLETE,
2025-02-20 04:00:00,2941.933,2954.216,2939.267,2948.871,240,240,0,COMPLETE,
2025-02-20 08:00:00,2948.966,2954.975,2947.15,2948.768,240,240,0,COMPLETE,
2025-02-20 12:00:00,2948.743,2950.82,2924.08,2938.545,240,240,0,COMPLETE,
2025-02-20 16:00:00,2938.503,2946.996,2933.524,2937.894,240,240,0,COMPLETE,
2025-02-20 20:00:00,2938.034,2943.433,2935.526,2941.53,176,240,64,EXPECTED_INCOMPLETE,EXPECTED
2025-02-21 00:00:00,2941.57,2949.786,2926.286,2931.262,240,240,0,COMPLETE,
2025-02-21 04:00:00,2931.262,2934.039,2924.187,2930.07,240,240,0,COMPLETE,
2025-02-21 08:00:00,2930.032,2936.114,2916.682,2928.376,240,240,0,COMPLETE,
2025-02-21 12:00:00,2928.411,2939.091,2921.547,2928.696,240,240,0,COMPLETE,
2025-02-21 16:00:00,2928.67,2942.804,2927.322,2933.398,240,240,0,COMPLETE,
2025-02-21 20:00:00,2933.374,2938.227,2932.093,2936.453,118,240,122,EXPECTED_INCOMPLETE,EXPECTED
2025-02-22 00:00:00,,,,,0,240,240,SESSION_CLOSED_EXPECTED,EXPECTED
2025-02-22 04:00:00,,,,,0,240,240,SESSION_CLOSED_EXPECTED,EXPECTED
2025-02-22 08:00:00,,,,,0,240,240,SESSION_CLOSED_EXPECTED,EXPECTED
2025-02-22 12:00:00,,,,,0,240,240,SESSION_CLOSED_EXPECTED,EXPECTED
2025-02-22 16:00:00,,,,,0,240,240,SESSION_CLOSED_EXPECTED,EXPECTED
2025-02-22 20:00:00,,,,,0,240,240,SESSION_CLOSED_EXPECTED,EXPECTED
2025-02-23 00:00:00,,,,,0,240,240,SESSION_CLOSED_EXPECTED,EXPECTED
2025-02-23 04:00:00,,,,,0,240,240,SESSION_CLOSED_EXPECTED,EXPECTED
2025-02-23 08:00:00,,,,,0,240,240,SESSION_CLOSED_EXPECTED,EXPECTED
2025-02-23 12:00:00,,,,,0,240,240,SESSION_CLOSED_EXPECTED,EXPECTED
2025-02-23 16:00:00,,,,,0,240,240,SESSION_CLOSED_EXPECTED,EXPECTED
2025-02-23 20:00:00,2939.411,2940.546,2936.498,2936.867,55,240,185,EXPECTED_INCOMPLETE,EXPECTED
2025-02-24 00:00:00,2936.863,2944.839,2921.332,2941.076,240,240,0,COMPLETE,
2025-02-24 04:00:00,2941.133,2945.01,2935.22,2943.809,240,240,0,COMPLETE,
2025-02-24 08:00:00,2943.85,2948.737,2934.893,2947.75,240,240,0,COMPLETE,
2025-02-24 12:00:00,2947.709,2956.181,2930.649,2936.524,240,240,0,COMPLETE,
2025-02-24 16:00:00,2936.5,2949.91,2936.45,2949.154,240,240,0,COMPLETE,
2025-02-24 20:00:00,2949.214,2953.943,2947.038,2949.996,177,240,63,EXPECTED_INCOMPLETE,EXPECTED
2025-02-25 00:00:00,2949.957,2952.552,2937.535,2939.513,240,240,0,COMPLETE,
2025-02-25 04:00:00,2939.492,2940.964,2930.471,2931.736,240,240,0,COMPLETE,
2025-02-25 08:00:00,2931.762,2942.456,2929.553,2938.626,240,240,0,COMPLETE,
2025-02-25 12:00:00,2938.664,2944.949,2900.498,2905.866,240,240,0,COMPLETE,
2025-02-25 16:00:00,2905.892,2913.899,2888.229,2912.051,240,240,0,COMPLETE,
2025-02-25 20:00:00,2912.074,2919.051,2910.817,2918.604,177,240,63,EXPECTED_INCOMPLETE,EXPECTED
2025-02-26 00:00:00,2918.626,2930.141,2914.783,2917.295,240,240,0,COMPLETE,
2025-02-26 04:00:00,2917.264,2921.014,2905.857,2915.529,240,240,0,COMPLETE,
2025-02-26 08:00:00,2915.504,2918.966,2909.518,2913.815,240,240,0,COMPLETE,
2025-02-26 12:00:00,2913.844,2915.471,2890.669,2913.199,240,240,0,COMPLETE,
2025-02-26 16:00:00,2913.239,2916.689,2909.914,2913.934,240,240,0,COMPLETE,
2025-02-26 20:00:00,2913.921,2920.788,2911.996,2919.118,177,240,63,EXPECTED_INCOMPLETE,EXPECTED
2025-02-27 00:00:00,2919.176,2919.176,2904.352,2905.729,240,240,0,COMPLETE,
2025-02-27 04:00:00,2905.768,2906.555,2887.924,2891.988,240,240,0,COMPLETE,
2025-02-27 08:00:00,2891.944,2894.942,2876.987,2883.942,240,240,0,COMPLETE,
2025-02-27 12:00:00,2884.054,2892.452,2867.74,2872.392,240,240,0,COMPLETE,
2025-02-27 16:00:00,2872.363,2887.704,2871.766,2879.21,240,240,0,COMPLETE,
2025-02-27 20:00:00,2879.248,2879.342,2871.339,2876.063,177,240,63,EXPECTED_INCOMPLETE,EXPECTED
2025-02-28 00:00:00,2876.069,2885.034,2863.667,2865.751,240,240,0,COMPLETE,
2025-02-28 04:00:00,2865.731,2867.005,2856.942,2858.678,240,240,0,COMPLETE,
2025-02-28 08:00:00,2858.639,2864.852,2851.064,2862.174,240,240,0,COMPLETE,
2025-02-28 12:00:00,2862.216,2864.99,2832.578,2850.167,240,240,0,COMPLETE,
2025-02-28 16:00:00,2850.197,2853.899,2838.063,2849.606,240,240,0,COMPLETE,
2025-02-28 20:00:00,2849.58,2859.697,2847.79,2858.242,118,240,122,EXPECTED_INCOMPLETE,EXPECTED
2025-03-01 00:00:00,,,,,0,240,240,SESSION_CLOSED_EXPECTED,EXPECTED
2025-03-01 04:00:00,,,,,0,240,240,SESSION_CLOSED_EXPECTED,EXPECTED
2025-03-01 08:00:00,,,,,0,240,240,SESSION_CLOSED_EXPECTED,EXPECTED
2025-03-01 12:00:00,,,,,0,240,240,SESSION_CLOSED_EXPECTED,EXPECTED
2025-03-01 16:00:00,,,,,0,240,240,SESSION_CLOSED_EXPECTED,EXPECTED
2025-03-01 20:00:00,,,,,0,240,240,SESSION_CLOSED_EXPECTED,EXPECTED
2025-03-02 00:00:00,,,,,0,240,240,SESSION_CLOSED_EXPECTED,EXPECTED
2025-03-02 04:00:00,,,,,0,240,240,SESSION_CLOSED_EXPECTED,EXPECTED
2025-03-02 08:00:00,,,,,0,240,240,SESSION_CLOSED_EXPECTED,EXPECTED
2025-03-02 12:00:00,,,,,0,240,240,SESSION_CLOSED_EXPECTED,EXPECTED
2025-03-02 16:00:00,,,,,0,240,240,SESSION_CLOSED_EXPECTED,EXPECTED
2025-03-02 20:00:00,2873.556,2876.994,2863.995,2870.799,55,240,185,EXPECTED_INCOMPLETE,EXPECTED
2025-03-03 00:00:00,2870.866,2872.055,2859.294,2864.775,240,240,0,COMPLETE,
2025-03-03 04:00:00,2864.85,2868.481,2860.093,2863.208,240,240,0,COMPLETE,
2025-03-03 08:00:00,2863.274,2875.413,2858.83,2874.411,240,240,0,COMPLETE,
2025-03-03 12:00:00,2874.361,2890.536,2868.878,2887.771,240,240,0,COMPLETE,
2025-03-03 16:00:00,2887.862,2893.108,2879.697,2881.612,240,240,0,COMPLETE,
2025-03-03 20:00:00,2881.655,2895.267,2878.303,2890.886,177,240,63,EXPECTED_INCOMPLETE,EXPECTED
2025-03-04 00:00:00,2890.863,2893.734,2881.95,2888.629,240,240,0,COMPLETE,
2025-03-04 04:00:00,2888.57,2901.552,2884.391,2899.923,240,240,0,COMPLETE,
2025-03-04 08:00:00,2899.908,2921.773,2896.707,2919.942,240,240,0,COMPLETE,
2025-03-04 12:00:00,2920.02,2927.891,2900.31,2906.102,240,240,0,COMPLETE,
2025-03-04 16:00:00,2906.087,2916.501,2903.724,2916.09,240,240,0,COMPLETE,
2025-03-04 20:00:00,2916.052,2920.529,2913.269,2914.363,177,240,63,EXPECTED_INCOMPLETE,EXPECTED
2025-03-05 00:00:00,2914.355,2917.168,2902.094,2908.743,240,240,0,COMPLETE,
2025-03-05 04:00:00,2908.704,2921.646,2908.576,2917.989,240,240,0,COMPLETE,
2025-03-05 08:00:00,2917.947,2922.528,2909.01,2913.225,240,240,0,COMPLETE,
2025-03-05 12:00:00,2913.278,2923.808,2894.255,2917.167,240,240,0,COMPLETE,
2025-03-05 16:00:00,2917.109,2930.042,2911.189,2920.551,240,240,0,COMPLETE,
2025-03-05 20:00:00,2920.512,2923.119,2916.711,2918.236,177,240,63,EXPECTED_INCOMPLETE,EXPECTED
2025-03-06 00:00:00,2918.237,2926.567,2915.874,2921.261,240,240,0,COMPLETE,
2025-03-06 04:00:00,2921.227,2923.073,2909.757,2910.137,240,240,0,COMPLETE,
2025-03-06 08:00:00,2910.108,2911.53,2891.159,2905.714,240,240,0,COMPLETE,
2025-03-06 12:00:00,2905.76,2922.764,2899.238,2914.497,240,240,0,COMPLETE,
2025-03-06 16:00:00,2914.53,2921.419,2912.337,2914.04,240,240,0,COMPLETE,
2025-03-06 20:00:00,2914.013,2916.613,2908.373,2910.314,177,240,63,EXPECTED_INCOMPLETE,EXPECTED
2025-03-07 00:00:00,2910.249,2910.326,2896.667,2905.355,240,240,0,COMPLETE,
2025-03-07 04:00:00,2905.269,2917.279,2904.73,2917.098,240,240,0,COMPLETE,
2025-03-07 08:00:00,2917.138,2923.007,2915.201,2918.7,240,240,0,COMPLETE,
2025-03-07 12:00:00,2918.796,2930.466,2903.57,2915.819,240,240,0,COMPLETE,
2025-03-07 16:00:00,2915.783,2919.423,2901.86,2905.229,240,240,0,COMPLETE,
2025-03-07 20:00:00,2905.199,2912.663,2904.716,2911.256,118,240,122,EXPECTED_INCOMPLETE,EXPECTED
2025-03-08 00:00:00,,,,,0,240,240,SESSION_CLOSED_EXPECTED,EXPECTED
2025-03-08 04:00:00,,,,,0,240,240,SESSION_CLOSED_EXPECTED,EXPECTED
2025-03-08 08:00:00,,,,,0,240,240,SESSION_CLOSED_EXPECTED,EXPECTED
2025-03-08 12:00:00,,,,,0,240,240,SESSION_CLOSED_EXPECTED,EXPECTED
2025-03-08 16:00:00,,,,,0,240,240,SESSION_CLOSED_EXPECTED,EXPECTED
2025-03-08 20:00:00,,,,,0,240,240,SESSION_CLOSED_EXPECTED,EXPECTED
2025-03-09 00:00:00,,,,,0,240,240,SESSION_CLOSED_EXPECTED,EXPECTED
2025-03-09 04:00:00,,,,,0,240,240,SESSION_CLOSED_EXPECTED,EXPECTED
2025-03-09 08:00:00,,,,,0,240,240,SESSION_CLOSED_EXPECTED,EXPECTED
2025-03-09 12:00:00,,,,,0,240,240,SESSION_CLOSED_EXPECTED,EXPECTED
2025-03-09 16:00:00,,,,,0,240,240,SESSION_CLOSED_EXPECTED,EXPECTED
2025-03-09 20:00:00,2912.347,2917.051,2909.658,2916.187,115,240,125,EXPECTED_INCOMPLETE,EXPECTED
2025-03-10 00:00:00,2916.19,2918.312,2908.127,2910.943,240,240,0,COMPLETE,
2025-03-10 04:00:00,2910.982,2915.426,2904.304,2908.444,240,240,0,COMPLETE,
2025-03-10 08:00:00,2908.432,2915.472,2895.606,2904.027,240,240,0,COMPLETE,
2025-03-10 12:00:00,2904.029,2910.642,2897.632,2904.485,240,240,0,COMPLETE,
2025-03-10 16:00:00,2904.506,2906.874,2880.166,2885.494,240,240,0,COMPLETE,
2025-03-10 20:00:00,2885.422,2890.177,2882.332,2884.685,177,240,63,EXPECTED_INCOMPLETE,EXPECTED
2025-03-11 00:00:00,2884.724,2900.486,2880.131,2896.91,240,240,0,COMPLETE,
2025-03-11 04:00:00,2896.91,2903.586,2892.752,2901.009,240,240,0,COMPLETE,
2025-03-11 08:00:00,2901.052,2915.464,2900.416,2913.668,240,240,0,COMPLETE,
2025-03-11 12:00:00,2913.651,2922.262,2906.789,2916.875,240,240,0,COMPLETE,
2025-03-11 16:00:00,2916.833,2921.385,2914.071,2918.403,240,240,0,COMPLETE,
2025-03-11 20:00:00,2918.365,2919.589,2914.414,2915.551,177,240,63,EXPECTED_INCOMPLETE,EXPECTED
2025-03-12 00:00:00,2915.589,2919.995,2910.866,2914.941,240,240,0,COMPLETE,
2025-03-12 04:00:00,2914.977,2921.125,2908.904,2914.462,240,240,0,COMPLETE,
2025-03-12 08:00:00,2914.477,2925.372,2912.638,2915.304,240,240,0,COMPLETE,
2025-03-12 12:00:00,2915.308,2929.444,2905.97,2928.377,240,240,0,COMPLETE,
2025-03-12 16:00:00,2928.457,2940.592,2927.89,2931.322,240,240,0,COMPLETE,
2025-03-12 20:00:00,2931.289,2939.353,2930.784,2938.039,177,240,63,EXPECTED_INCOMPLETE,EXPECTED
2025-03-13 00:00:00,2938.025,2947.124,2936.511,2945.636,240,240,0,COMPLETE,
2025-03-13 04:00:00,2945.601,2946.152,2932.92,2935.252,240,240,0,COMPLETE,
2025-03-13 08:00:00,2935.287,2948.885,2934.768,2946.333,240,240,0,COMPLETE,
2025-03-13 12:00:00,2946.371,2978.486,2938.935,2977.772,240,240,0,COMPLETE,
2025-03-13 16:00:00,2977.797,2985.474,2976.363,2982.946,240,240,0,COMPLETE,
2025-03-13 20:00:00,2982.973,2989.907,2981.256,2986.435,177,240,63,EXPECTED_INCOMPLETE,EXPECTED
2025-03-14 00:00:00,2986.473,2992.96,2981.721,2992.631,240,240,0,COMPLETE,
2025-03-14 04:00:00,2992.654,2993.922,2980.753,2986.892,240,240,0,COMPLETE,
2025-03-14 08:00:00,2986.921,3004.908,2985.154,2993.503,240,240,0,COMPLETE,
2025-03-14 12:00:00,2993.477,2999.673,2978.421,2984.607,240,240,0,COMPLETE,
2025-03-14 16:00:00,2984.569,2990.43,2982.14,2984.02,240,240,0,COMPLETE,
2025-03-14 20:00:00,2983.985,2988.756,2981.633,2986.37,58,240,182,EXPECTED_INCOMPLETE,EXPECTED
2025-03-15 00:00:00,,,,,0,240,240,SESSION_CLOSED_EXPECTED,EXPECTED
2025-03-15 04:00:00,,,,,0,240,240,SESSION_CLOSED_EXPECTED,EXPECTED
2025-03-15 08:00:00,,,,,0,240,240,SESSION_CLOSED_EXPECTED,EXPECTED
2025-03-15 12:00:00,,,,,0,240,240,SESSION_CLOSED_EXPECTED,EXPECTED
2025-03-15 16:00:00,,,,,0,240,240,SESSION_CLOSED_EXPECTED,EXPECTED
2025-03-15 20:00:00,,,,,0,240,240,SESSION_CLOSED_EXPECTED,EXPECTED
2025-03-16 00:00:00,,,,,0,240,240,SESSION_CLOSED_EXPECTED,EXPECTED
2025-03-16 04:00:00,,,,,0,240,240,SESSION_CLOSED_EXPECTED,EXPECTED
2025-03-16 08:00:00,,,,,0,240,240,SESSION_CLOSED_EXPECTED,EXPECTED
2025-03-16 12:00:00,,,,,0,240,240,SESSION_CLOSED_EXPECTED,EXPECTED
2025-03-16 16:00:00,,,,,0,240,240,SESSION_CLOSED_EXPECTED,EXPECTED
2025-03-16 20:00:00,2987.601,2994.105,2986.054,2990.061,115,240,125,EXPECTED_INCOMPLETE,EXPECTED
2025-03-17 00:00:00,2990.027,2993.091,2985.22,2986.917,240,240,0,COMPLETE,
2025-03-17 04:00:00,2986.943,2990.73,2982.158,2985.487,240,240,0,COMPLETE,
2025-03-17 08:00:00,2985.548,3001.217,2983.053,2997.475,240,240,0,COMPLETE,
2025-03-17 12:00:00,2997.515,3000.512,2984.718,2997.095,240,240,0,COMPLETE,
2025-03-17 16:00:00,2997.165,3000.838,2993.027,3000.173,240,240,0,COMPLETE,
2025-03-17 20:00:00,3000.147,3002.807,2999.583,2999.831,177,240,63,EXPECTED_INCOMPLETE,EXPECTED
2025-03-18 00:00:00,2999.803,3015.054,2999.49,3011.333,240,240,0,COMPLETE,
2025-03-18 04:00:00,3011.34,3018.955,3006.066,3016.439,240,240,0,COMPLETE,
2025-03-18 08:00:00,3016.483,3029.461,3016.354,3026.839,240,240,0,COMPLETE,
2025-03-18 12:00:00,3026.842,3038.334,3024.72,3031.758,240,240,0,COMPLETE,
2025-03-18 16:00:00,3031.719,3037.935,3029.777,3035.615,240,240,0,COMPLETE,
2025-03-18 20:00:00,3035.643,3035.974,3031.512,3031.774,177,240,63,EXPECTED_INCOMPLETE,EXPECTED
2025-03-19 00:00:00,3031.801,3039.029,3027.32,3036.325,240,240,0,COMPLETE,
2025-03-19 04:00:00,3036.291,3045.362,3034.25,3035.896,240,240,0,COMPLETE,
2025-03-19 08:00:00,3035.949,3039.949,3022.744,3038.946,240,240,0,COMPLETE,
2025-03-19 12:00:00,3038.955,3041.155,3025.845,3031.458,240,240,0,COMPLETE,
2025-03-19 16:00:00,3031.482,3051.924,3029.388,3047.858,240,240,0,COMPLETE,
2025-03-19 20:00:00,3047.818,3051.335,3044.205,3050.026,177,240,63,EXPECTED_INCOMPLETE,EXPECTED
2025-03-20 00:00:00,3050.023,3056.225,3045.054,3049.964,240,240,0,COMPLETE,
2025-03-20 04:00:00,3050.068,3057.484,3041.78,3042.232,240,240,0,COMPLETE,
2025-03-20 08:00:00,3042.268,3046.241,3025.626,3034.433,240,240,0,COMPLETE,
2025-03-20 12:00:00,3034.467,3042.288,3029.883,3040.765,240,240,0,COMPLETE,
2025-03-20 16:00:00,3040.802,3046.094,3033.884,3044.569,240,240,0,COMPLETE,
2025-03-20 20:00:00,3044.604,3046.598,3043.501,3046.409,177,240,63,EXPECTED_INCOMPLETE,EXPECTED
2025-03-21 00:00:00,3046.335,3047.435,3029.984,3030.585,240,240,0,COMPLETE,
2025-03-21 04:00:00,3030.539,3033.939,3021.553,3031.927,240,240,0,COMPLETE,
2025-03-21 08:00:00,3032.022,3037.694,3027.049,3034.332,240,240,0,COMPLETE,
2025-03-21 12:00:00,3034.311,3038.128,2999.385,3011.072,240,240,0,COMPLETE,
2025-03-21 16:00:00,3011.037,3022.049,3010.66,3020.013,240,240,0,COMPLETE,
2025-03-21 20:00:00,3020.037,3024.274,3019.974,3023.493,58,240,182,EXPECTED_INCOMPLETE,EXPECTED
2025-03-22 00:00:00,,,,,0,240,240,SESSION_CLOSED_EXPECTED,EXPECTED
2025-03-22 04:00:00,,,,,0,240,240,SESSION_CLOSED_EXPECTED,EXPECTED
2025-03-22 08:00:00,,,,,0,240,240,SESSION_CLOSED_EXPECTED,EXPECTED
2025-03-22 12:00:00,,,,,0,240,240,SESSION_CLOSED_EXPECTED,EXPECTED
2025-03-22 16:00:00,,,,,0,240,240,SESSION_CLOSED_EXPECTED,EXPECTED
2025-03-22 20:00:00,,,,,0,240,240,SESSION_CLOSED_EXPECTED,EXPECTED
2025-03-23 00:00:00,,,,,0,240,240,SESSION_CLOSED_EXPECTED,EXPECTED
2025-03-23 04:00:00,,,,,0,240,240,SESSION_CLOSED_EXPECTED,EXPECTED
2025-03-23 08:00:00,,,,,0,240,240,SESSION_CLOSED_EXPECTED,EXPECTED
2025-03-23 12:00:00,,,,,0,240,240,SESSION_CLOSED_EXPECTED,EXPECTED
2025-03-23 16:00:00,,,,,0,240,240,SESSION_CLOSED_EXPECTED,EXPECTED
2025-03-23 20:00:00,3023.441,3026.292,3022.143,3024.721,115,240,125,EXPECTED_INCOMPLETE,EXPECTED
2025-03-24 00:00:00,3024.709,3025.582,3013.646,3016.999,240,240,0,COMPLETE,
2025-03-24 04:00:00,3017.049,3028.903,3016.524,3022.361,240,240,0,COMPLETE,
2025-03-24 08:00:00,3022.329,3033.208,3021.835,3024.642,240,240,0,COMPLETE,
2025-03-24 12:00:00,3024.602,3028.651,3005.745,3014.036,240,240,0,COMPLETE,
2025-03-24 16:00:00,3014.054,3015.604,3002.465,3006.133,240,240,0,COMPLETE,
2025-03-24 20:00:00,3006.096,3014.63,3005.559,3009.91,177,240,63,EXPECTED_INCOMPLETE,EXPECTED
2025-03-25 00:00:00,3009.945,3016.215,3007.555,3015.248,240,240,0,COMPLETE,
2025-03-25 04:00:00,3015.284,3021.06,3010.521,3011.13,240,240,0,COMPLETE,
2025-03-25 08:00:00,3011.151,3026.436,3010.681,3020.775,240,240,0,COMPLETE,
2025-03-25 12:00:00,3020.738,3036.014,3014.132,3021.376,240,240,0,COMPLETE,
2025-03-25 16:00:00,3021.38,3025.531,3017.721,3019.59,240,240,0,COMPLETE,
2025-03-25 20:00:00,3019.616,3022.454,3018.824,3021.041,177,240,63,EXPECTED_INCOMPLETE,EXPECTED
2025-03-26 00:00:00,3021.037,3027.135,3016.394,3017.616,240,240,0,COMPLETE,
2025-03-26 04:00:00,3017.542,3030.819,3013.218,3030.471,240,240,0,COMPLETE,
2025-03-26 08:00:00,3030.509,3032.042,3016.886,3027.62,240,240,0,COMPLETE,
2025-03-26 12:00:00,3027.54,3029.975,3012.325,3015.878,240,240,0,COMPLETE,
2025-03-26 16:00:00,3015.911,3020.861,3015.157,3017.342,240,240,0,COMPLETE,
2025-03-26 20:00:00,3017.367,3021.855,3017.188,3021.623,177,240,63,EXPECTED_INCOMPLETE,EXPECTED
2025-03-27 00:00:00,3021.563,3034.286,3021.522,3033.568,240,240,0,COMPLETE,
2025-03-27 04:00:00,3033.568,3038.61,3026.7,3035.85,240,240,0,COMPLETE,
2025-03-27 08:00:00,3035.863,3055.898,3033.757,3054.566,240,240,0,COMPLETE,
2025-03-27 12:00:00,3054.548,3059.86,3033.428,3052.181,240,240,0,COMPLETE,
2025-03-27 16:00:00,3052.123,3057.83,3047.779,3057.468,238,240,2,UNEXPECTED_INCOMPLETE,UNEXPECTED
2025-03-27 20:00:00,3057.438,3057.641,3054.119,3055.71,177,240,63,EXPECTED_INCOMPLETE,EXPECTED
2025-03-28 00:00:00,3055.726,3077.502,3054.997,3075.266,240,240,0,COMPLETE,
2025-03-28 04:00:00,3075.25,3086.017,3072.446,3079.348,240,240,0,COMPLETE,
2025-03-28 08:00:00,3079.302,3081.231,3066.153,3076.363,240,240,0,COMPLETE,
2025-03-28 12:00:00,3076.344,3086.807,3067.255,3083.707,240,240,0,COMPLETE,
2025-03-28 16:00:00,3083.677,3086.717,3073.488,3080.734,240,240,0,COMPLETE,
2025-03-28 20:00:00,3080.708,3085.955,3080.708,3085.002,58,240,182,EXPECTED_INCOMPLETE,EXPECTED
2025-03-29 00:00:00,,,,,0,240,240,SESSION_CLOSED_EXPECTED,EXPECTED
2025-03-29 04:00:00,,,,,0,240,240,SESSION_CLOSED_EXPECTED,EXPECTED
2025-03-29 08:00:00,,,,,0,240,240,SESSION_CLOSED_EXPECTED,EXPECTED
2025-03-29 12:00:00,,,,,0,240,240,SESSION_CLOSED_EXPECTED,EXPECTED
2025-03-29 16:00:00,,,,,0,240,240,SESSION_CLOSED_EXPECTED,EXPECTED
2025-03-29 20:00:00,,,,,0,240,240,SESSION_CLOSED_EXPECTED,EXPECTED
2025-03-30 00:00:00,,,,,0,240,240,SESSION_CLOSED_EXPECTED,EXPECTED
2025-03-30 04:00:00,,,,,0,240,240,SESSION_CLOSED_EXPECTED,EXPECTED
2025-03-30 08:00:00,,,,,0,240,240,SESSION_CLOSED_EXPECTED,EXPECTED
2025-03-30 12:00:00,,,,,0,240,240,SESSION_CLOSED_EXPECTED,EXPECTED
2025-03-30 16:00:00,,,,,0,240,240,SESSION_CLOSED_EXPECTED,EXPECTED
2025-03-30 20:00:00,3092.531,3097.843,3087.793,3089.213,115,240,125,EXPECTED_INCOMPLETE,EXPECTED
2025-03-31 00:00:00,3089.159,3111.695,3076.803,3107.138,240,240,0,COMPLETE,
2025-03-31 04:00:00,3107.072,3128.165,3105.925,3124.523,240,240,0,COMPLETE,
2025-03-31 08:00:00,3124.477,3127.156,3111.82,3119.48,240,240,0,COMPLETE,
2025-03-31 12:00:00,3119.471,3127.237,3099.753,3113.807,240,240,0,COMPLETE,
2025-03-31 16:00:00,3113.847,3124.652,3111.637,3124.36,240,240,0,COMPLETE,
2025-03-31 20:00:00,3124.32,3126.447,3120.05,3120.581,177,240,63,EXPECTED_INCOMPLETE,EXPECTED
2025-04-01 00:00:00,3120.569,3147.335,3120.227,3146.028,240,240,0,COMPLETE,
2025-04-01 04:00:00,3146.0,3149.059,3124.123,3127.638,240,240,0,COMPLETE,
2025-04-01 08:00:00,3127.594,3138.997,3126.392,3130.319,240,240,0,COMPLETE,
2025-04-01 12:00:00,3130.354,3137.075,3113.401,3113.725,240,240,0,COMPLETE,
2025-04-01 16:00:00,3113.69,3119.037,3100.761,3118.723,240,240,0,COMPLETE,
2025-04-01 20:00:00,3118.681,3120.866,3107.742,3115.168,177,240,63,EXPECTED_INCOMPLETE,EXPECTED
2025-04-02 00:00:00,3115.16,3135.703,3112.989,3125.489,240,240,0,COMPLETE,
2025-04-02 04:00:00,3125.458,3126.779,3108.623,3125.309,240,240,0,COMPLETE,
2025-04-02 08:00:00,3125.275,3133.878,3110.052,3121.23,240,240,0,COMPLETE,
2025-04-02 12:00:00,3121.314,3132.192,3116.608,3125.863,240,240,0,COMPLETE,
2025-04-02 16:00:00,3125.909,3134.396,3118.666,3124.385,240,240,0,COMPLETE,
2025-04-02 20:00:00,3124.305,3167.792,3104.795,3162.703,174,240,66,EXPECTED_INCOMPLETE,EXPECTED
2025-04-03 00:00:00,3162.55,3164.804,3140.669,3148.066,240,240,0,COMPLETE,
2025-04-03 04:00:00,3148.02,3149.659,3116.432,3128.957,240,240,0,COMPLETE,
2025-04-03 08:00:00,3129.011,3132.039,3085.054,3093.188,240,240,0,COMPLETE,
2025-04-03 12:00:00,3093.193,3135.605,3054.052,3110.553,240,240,0,COMPLETE,
2025-04-03 16:00:00,3110.603,3114.282,3099.949,3107.575,240,240,0,COMPLETE,
2025-04-03 20:00:00,3107.567,3119.971,3107.2,3112.884,177,240,63,EXPECTED_INCOMPLETE,EXPECTED
2025-04-04 00:00:00,3112.908,3115.792,3087.018,3098.409,240,240,0,COMPLETE,
2025-04-04 04:00:00,3098.459,3109.927,3091.993,3092.85,240,240,0,COMPLETE,
2025-04-04 08:00:00,3092.774,3136.756,3078.42,3110.242,240,240,0,COMPLETE,
2025-04-04 12:00:00,3110.248,3111.835,3016.939,3021.951,240,240,0,COMPLETE,
2025-04-04 16:00:00,3021.908,3040.953,3015.556,3036.427,240,240,0,COMPLETE,
2025-04-04 20:00:00,3036.464,3040.904,3033.834,3038.506,58,240,182,EXPECTED_INCOMPLETE,EXPECTED
2025-04-05 00:00:00,,,,,0,240,240,SESSION_CLOSED_EXPECTED,EXPECTED
2025-04-05 04:00:00,,,,,0,240,240,SESSION_CLOSED_EXPECTED,EXPECTED
2025-04-05 08:00:00,,,,,0,240,240,SESSION_CLOSED_EXPECTED,EXPECTED
2025-04-05 12:00:00,,,,,0,240,240,SESSION_CLOSED_EXPECTED,EXPECTED
2025-04-05 16:00:00,,,,,0,240,240,SESSION_CLOSED_EXPECTED,EXPECTED
2025-04-05 20:00:00,,,,,0,240,240,SESSION_CLOSED_EXPECTED,EXPECTED
2025-04-06 00:00:00,,,,,0,240,240,SESSION_CLOSED_EXPECTED,EXPECTED
2025-04-06 04:00:00,,,,,0,240,240,SESSION_CLOSED_EXPECTED,EXPECTED
2025-04-06 08:00:00,,,,,0,240,240,SESSION_CLOSED_EXPECTED,EXPECTED
2025-04-06 12:00:00,,,,,0,240,240,SESSION_CLOSED_EXPECTED,EXPECTED
2025-04-06 16:00:00,,,,,0,240,240,SESSION_CLOSED_EXPECTED,EXPECTED
2025-04-06 20:00:00,3028.686,3032.445,2977.024,2999.944,107,240,133,EXPECTED_INCOMPLETE,EXPECTED
2025-04-07 00:00:00,2999.954,3055.804,2970.689,3018.882,240,240,0,COMPLETE,
2025-04-07 04:00:00,3018.946,3044.629,3013.2,3018.569,240,240,0,COMPLETE,
2025-04-07 08:00:00,3018.527,3046.148,3017.652,3031.27,240,240,0,COMPLETE,
2025-04-07 12:00:00,3031.296,3038.037,2979.826,2987.491,240,240,0,COMPLETE,
2025-04-07 16:00:00,2987.526,2987.842,2956.302,2976.636,240,240,0,COMPLETE,
2025-04-07 20:00:00,2976.704,2988.651,2969.926,2981.328,177,240,63,EXPECTED_INCOMPLETE,EXPECTED
2025-04-08 00:00:00,2981.363,3004.834,2980.318,2994.741,240,240,0,COMPLETE,
2025-04-08 04:00:00,2994.716,3015.779,2990.88,3003.607,240,240,0,COMPLETE,
2025-04-08 08:00:00,3003.579,3019.502,2994.795,3017.379,240,240,0,COMPLETE,
2025-04-08 12:00:00,3017.467,3022.746,3001.241,3001.545,240,240,0,COMPLETE,
2025-04-08 16:00:00,3001.596,3001.596,2974.596,2984.959,240,240,0,COMPLETE,
2025-04-08 20:00:00,2984.996,2990.846,2969.971,2978.367,177,240,63,EXPECTED_INCOMPLETE,EXPECTED
2025-04-09 00:00:00,2978.398,3011.253,2972.477,3004.464,240,240,0,COMPLETE,
2025-04-09 04:00:00,3004.464,3052.419,2999.481,3041.091,240,240,0,COMPLETE,
2025-04-09 08:00:00,3041.05,3068.139,3036.077,3066.596,240,240,0,COMPLETE,
2025-04-09 12:00:00,3066.631,3087.778,3042.626,3086.288,240,240,0,COMPLETE,
2025-04-09 16:00:00,3086.33,3099.69,3048.521,3093.574,240,240,0,COMPLETE,
2025-04-09 20:00:00,3093.548,3095.544,3071.424,3086.784,177,240,63,EXPECTED_INCOMPLETE,EXPECTED
2025-04-10 00:00:00,3086.745,3131.834,3078.448,3125.405,240,240,0,COMPLETE,
2025-04-10 04:00:00,3125.366,3132.57,3106.611,3108.703,240,240,0,COMPLETE,
2025-04-10 08:00:00,3108.704,3125.656,3103.182,3124.648,240,240,0,COMPLETE,
2025-04-10 12:00:00,3124.677,3174.993,3116.011,3157.996,240,240,0,COMPLETE,
2025-04-10 16:00:00,3157.95,3176.428,3151.542,3170.773,240,240,0,COMPLETE,
2025-04-10 20:00:00,3170.749,3191.324,3168.493,3188.972,177,240,63,EXPECTED_INCOMPLETE,EXPECTED
2025-04-11 00:00:00,3188.993,3220.133,3184.855,3217.686,240,240,0,COMPLETE,
2025-04-11 04:00:00,3217.693,3219.286,3187.126,3212.406,240,240,0,COMPLETE,
2025-04-11 08:00:00,3212.43,3237.815,3208.511,3213.872,240,240,0,COMPLETE,
2025-04-11 12:00:00,3213.91,3244.125,3211.033,3240.577,240,240,0,COMPLETE,
2025-04-11 16:00:00,3240.602,3245.436,3219.582,3231.084,240,240,0,COMPLETE,
2025-04-11 20:00:00,3231.057,3238.968,3230.864,3237.519,58,240,182,EXPECTED_INCOMPLETE,EXPECTED
2025-04-12 00:00:00,,,,,0,240,240,SESSION_CLOSED_EXPECTED,EXPECTED
2025-04-12 04:00:00,,,,,0,240,240,SESSION_CLOSED_EXPECTED,EXPECTED
2025-04-12 08:00:00,,,,,0,240,240,SESSION_CLOSED_EXPECTED,EXPECTED
2025-04-12 12:00:00,,,,,0,240,240,SESSION_CLOSED_EXPECTED,EXPECTED
2025-04-12 16:00:00,,,,,0,240,240,SESSION_CLOSED_EXPECTED,EXPECTED
2025-04-12 20:00:00,,,,,0,240,240,SESSION_CLOSED_EXPECTED,EXPECTED
2025-04-13 00:00:00,,,,,0,240,240,SESSION_CLOSED_EXPECTED,EXPECTED
2025-04-13 04:00:00,,,,,0,240,240,SESSION_CLOSED_EXPECTED,EXPECTED
2025-04-13 08:00:00,,,,,0,240,240,SESSION_CLOSED_EXPECTED,EXPECTED
2025-04-13 12:00:00,,,,,0,240,240,SESSION_CLOSED_EXPECTED,EXPECTED
2025-04-13 16:00:00,,,,,0,240,240,SESSION_CLOSED_EXPECTED,EXPECTED
2025-04-13 20:00:00,3220.46,3224.725,3213.589,3223.805,115,240,125,EXPECTED_INCOMPLETE,EXPECTED
2025-04-14 00:00:00,3223.699,3245.757,3215.38,3232.444,240,240,0,COMPLETE,
2025-04-14 04:00:00,3232.445,3238.198,3221.386,3228.013,240,240,0,COMPLETE,
2025-04-14 08:00:00,3227.973,3231.712,3206.323,3223.359,240,240,0,COMPLETE,
2025-04-14 12:00:00,3223.332,3227.712,3193.552,3198.051,217,240,23,UNEXPECTED_INCOMPLETE,UNEXPECTED
2025-04-14 16:00:00,3198.089,3216.602,3197.669,3212.699,240,240,0,COMPLETE,
2025-04-14 20:00:00,3212.745,3215.25,3207.342,3212.599,177,240,63,EXPECTED_INCOMPLETE,EXPECTED
2025-04-15 00:00:00,3212.634,3228.966,3209.977,3228.304,240,240,0,COMPLETE,
2025-04-15 04:00:00,3228.345,3232.649,3217.371,3225.671,240,240,0,COMPLETE,
2025-04-15 08:00:00,3225.623,3232.152,3216.776,3220.164,240,240,0,COMPLETE,
2025-04-15 12:00:00,3220.192,3226.861,3211.575,3221.371,240,240,0,COMPLETE,
2025-04-15 16:00:00,3221.394,3231.872,3219.487,3229.793,240,240,0,COMPLETE,
2025-04-15 20:00:00,3229.831,3251.826,3226.428,3251.78,177,240,63,EXPECTED_INCOMPLETE,EXPECTED
2025-04-16 00:00:00,3251.804,3281.75,3251.59,3281.401,240,240,0,COMPLETE,
2025-04-16 04:00:00,3281.401,3300.663,3269.272,3300.41,240,240,0,COMPLETE,
2025-04-16 08:00:00,3300.458,3317.821,3288.646,3306.842,240,240,0,COMPLETE,
2025-04-16 12:00:00,3306.798,3328.14,3296.866,3325.328,240,240,0,COMPLETE,
2025-04-16 16:00:00,3325.288,3342.497,3321.433,3336.667,240,240,0,COMPLETE,
2025-04-16 20:00:00,3336.72,3357.758,3334.437,3350.133,177,240,63,EXPECTED_INCOMPLETE,EXPECTED
2025-04-17 00:00:00,3350.168,3356.281,3320.801,3344.57,240,240,0,COMPLETE,
2025-04-17 04:00:00,3344.55,3345.47,3314.279,3323.323,240,240,0,COMPLETE,
2025-04-17 08:00:00,3323.36,3334.172,3312.683,3327.371,240,240,0,COMPLETE,
2025-04-17 12:00:00,3327.322,3342.361,3283.822,3296.431,240,240,0,COMPLETE,
2025-04-17 16:00:00,3296.335,3322.489,3294.904,3320.74,240,240,0,COMPLETE,
2025-04-17 20:00:00,3320.691,3328.838,3317.975,3327.671,58,240,182,EXPECTED_INCOMPLETE,EXPECTED
2025-04-18 00:00:00,,,,,0,240,240,SESSION_CLOSED_EXPECTED,EXPECTED
2025-04-18 04:00:00,,,,,0,240,240,SESSION_CLOSED_EXPECTED,EXPECTED
2025-04-18 08:00:00,,,,,0,240,240,SESSION_CLOSED_EXPECTED,EXPECTED
2025-04-18 12:00:00,,,,,0,240,240,SESSION_CLOSED_EXPECTED,EXPECTED
2025-04-18 16:00:00,,,,,0,240,240,SESSION_CLOSED_EXPECTED,EXPECTED
2025-04-18 20:00:00,,,,,0,240,240,SESSION_CLOSED_EXPECTED,EXPECTED
2025-04-19 00:00:00,,,,,0,240,240,SESSION_CLOSED_EXPECTED,EXPECTED
2025-04-19 04:00:00,,,,,0,240,240,SESSION_CLOSED_EXPECTED,EXPECTED
2025-04-19 08:00:00,,,,,0,240,240,SESSION_CLOSED_EXPECTED,EXPECTED
2025-04-19 12:00:00,,,,,0,240,240,SESSION_CLOSED_EXPECTED,EXPECTED
2025-04-19 16:00:00,,,,,0,240,240,SESSION_CLOSED_EXPECTED,EXPECTED
2025-04-19 20:00:00,,,,,0,240,240,SESSION_CLOSED_EXPECTED,EXPECTED
2025-04-20 00:00:00,,,,,0,240,240,SESSION_CLOSED_EXPECTED,EXPECTED
2025-04-20 04:00:00,,,,,0,240,240,SESSION_CLOSED_EXPECTED,EXPECTED
2025-04-20 08:00:00,,,,,0,240,240,SESSION_CLOSED_EXPECTED,EXPECTED
2025-04-20 12:00:00,,,,,0,240,240,SESSION_CLOSED_EXPECTED,EXPECTED
2025-04-20 16:00:00,,,,,0,240,240,SESSION_CLOSED_EXPECTED,EXPECTED
2025-04-20 20:00:00,3331.849,3353.168,3331.288,3348.078,115,240,125,EXPECTED_INCOMPLETE,EXPECTED
2025-04-21 00:00:00,3348.191,3385.294,3347.487,3382.472,240,240,0,COMPLETE,
2025-04-21 04:00:00,3382.465,3396.017,3369.558,3385.058,240,240,0,COMPLETE,
2025-04-21 08:00:00,3385.031,3405.924,3383.647,3404.443,240,240,0,COMPLETE,
2025-04-21 12:00:00,3404.499,3430.279,3398.008,3422.941,240,240,0,COMPLETE,
2025-04-21 16:00:00,3422.897,3430.547,3406.013,3423.431,240,240,0,COMPLETE,
2025-04-21 20:00:00,3423.458,3444.257,3419.628,3434.548,177,240,63,EXPECTED_INCOMPLETE,EXPECTED
2025-04-22 00:00:00,3434.524,3494.771,3412.18,3487.776,240,240,0,COMPLETE,
2025-04-22 04:00:00,3487.894,3500.033,3460.861,3468.67,240,240,0,COMPLETE,
2025-04-22 08:00:00,3468.671,3472.681,3443.156,3456.721,240,240,0,COMPLETE,
2025-04-22 12:00:00,3456.706,3464.803,3408.594,3417.72,240,240,0,COMPLETE,
2025-04-22 16:00:00,3417.678,3421.034,3366.718,3374.789,240,240,0,COMPLETE,
2025-04-22 20:00:00,3374.818,3382.706,3315.831,3336.561,176,240,64,EXPECTED_INCOMPLETE,EXPECTED
2025-04-23 00:00:00,3336.607,3386.661,3329.203,3338.878,240,240,0,COMPLETE,
2025-04-23 04:00:00,3338.943,3349.334,3291.763,3319.13,240,240,0,COMPLETE,
2025-04-23 08:00:00,3319.185,3340.536,3305.439,3324.594,240,240,0,COMPLETE,
2025-04-23 12:00:00,3324.677,3333.359,3260.042,3280.373,240,240,0,COMPLETE,
2025-04-23 16:00:00,3280.428,3305.6,3277.789,3293.849,240,240,0,COMPLETE,
2025-04-23 20:00:00,3293.943,3316.882,3283.939,3316.384,177,240,63,EXPECTED_INCOMPLETE,EXPECTED
2025-04-24 00:00:00,3316.351,3367.543,3313.286,3327.074,240,240,0,COMPLETE,
2025-04-24 04:00:00,3326.906,3339.837,3314.775,3333.586,240,240,0,COMPLETE,
2025-04-24 08:00:00,3333.733,3343.988,3325.428,3336.959,240,240,0,COMPLETE,
2025-04-24 12:00:00,3336.948,3344.719,3306.737,3329.391,240,240,0,COMPLETE,
2025-04-24 16:00:00,3329.365,3347.037,3322.437,3342.226,240,240,0,COMPLETE,
2025-04-24 20:00:00,3342.266,3370.789,3338.128,3348.976,158,240,82,UNEXPECTED_INCOMPLETE,UNEXPECTED
2025-04-25 00:00:00,3348.951,3363.12,3322.632,3323.655,240,240,0,COMPLETE,
2025-04-25 04:00:00,3323.681,3327.775,3287.012,3307.377,240,240,0,COMPLETE,
2025-04-25 08:00:00,3307.408,3308.754,3287.911,3293.455,240,240,0,COMPLETE,
2025-04-25 12:00:00,3293.426,3303.054,3265.072,3282.883,240,240,0,COMPLETE,
2025-04-25 16:00:00,3282.89,3312.464,3280.338,3304.818,240,240,0,COMPLETE,
2025-04-25 20:00:00,3304.856,3319.24,3304.569,3318.726,58,240,182,EXPECTED_INCOMPLETE,EXPECTED
2025-04-26 00:00:00,,,,,0,240,240,SESSION_CLOSED_EXPECTED,EXPECTED
2025-04-26 04:00:00,,,,,0,240,240,SESSION_CLOSED_EXPECTED,EXPECTED
2025-04-26 08:00:00,,,,,0,240,240,SESSION_CLOSED_EXPECTED,EXPECTED
2025-04-26 12:00:00,,,,,0,240,240,SESSION_CLOSED_EXPECTED,EXPECTED
2025-04-26 16:00:00,,,,,0,240,240,SESSION_CLOSED_EXPECTED,EXPECTED
2025-04-26 20:00:00,,,,,0,240,240,SESSION_CLOSED_EXPECTED,EXPECTED
2025-04-27 00:00:00,,,,,0,240,240,SESSION_CLOSED_EXPECTED,EXPECTED
2025-04-27 04:00:00,,,,,0,240,240,SESSION_CLOSED_EXPECTED,EXPECTED
2025-04-27 08:00:00,,,,,0,240,240,SESSION_CLOSED_EXPECTED,EXPECTED
2025-04-27 12:00:00,,,,,0,240,240,SESSION_CLOSED_EXPECTED,EXPECTED
2025-04-27 16:00:00,,,,,0,240,240,SESSION_CLOSED_EXPECTED,EXPECTED
2025-04-27 20:00:00,3325.64,3330.229,3298.606,3302.739,115,240,125,EXPECTED_INCOMPLETE,EXPECTED
2025-04-28 00:00:00,3302.791,3315.965,3268.074,3290.902,240,240,0,COMPLETE,
2025-04-28 04:00:00,3290.894,3301.054,3277.645,3287.466,240,240,0,COMPLETE,
2025-04-28 08:00:00,3287.44,3297.183,3273.226,3294.202,240,240,0,COMPLETE,
2025-04-28 12:00:00,3294.225,3336.044,3286.823,3325.005,240,240,0,COMPLETE,
2025-04-28 16:00:00,3325.035,3353.004,3324.496,3352.076,240,240,0,COMPLETE,
2025-04-28 20:00:00,3352.107,3352.38,3332.362,3337.61,177,240,63,EXPECTED_INCOMPLETE,EXPECTED
2025-04-29 00:00:00,3337.643,3340.039,3308.016,3316.03,240,240,0,COMPLETE,
2025-04-29 04:00:00,3316.057,3323.895,3305.084,3323.042,240,240,0,COMPLETE,
2025-04-29 08:00:00,3323.066,3324.9,3306.159,3309.416,240,240,0,COMPLETE,
2025-04-29 12:00:00,3309.358,3321.374,3299.649,3312.455,240,240,0,COMPLETE,
2025-04-29 16:00:00,3312.477,3330.013,3312.187,3320.535,240,240,0,COMPLETE,
2025-04-29 20:00:00,3320.51,3323.498,3310.949,3317.122,177,240,63,EXPECTED_INCOMPLETE,EXPECTED
2025-04-30 00:00:00,3317.122,3327.971,3303.774,3304.753,240,240,0,COMPLETE,
2025-04-30 04:00:00,3304.765,3314.658,3301.326,3307.203,240,240,0,COMPLETE,
2025-04-30 08:00:00,3307.242,3307.704,3268.3,3272.319,240,240,0,COMPLETE,
2025-04-30 12:00:00,3272.343,3319.742,3266.901,3307.955,240,240,0,COMPLETE,
2025-04-30 16:00:00,3308.073,3314.279,3292.086,3295.883,240,240,0,COMPLETE,
2025-04-30 20:00:00,3295.808,3297.987,3269.738,3272.887,175,240,65,EXPECTED_INCOMPLETE,EXPECTED
2025-05-01 00:00:00,3272.922,3276.323,3228.894,3229.493,240,240,0,COMPLETE,
2025-05-01 04:00:00,3229.496,3243.171,3221.264,3230.192,240,240,0,COMPLETE,
2025-05-01 08:00:00,3230.149,3236.752,3203.334,3205.502,240,240,0,COMPLETE,
2025-05-01 12:00:00,3205.465,3233.32,3201.862,3216.475,240,240,0,COMPLETE,
2025-05-01 16:00:00,3216.437,3229.776,3208.917,3228.25,240,240,0,COMPLETE,
2025-05-01 20:00:00,3228.236,3243.531,3228.039,3237.253,177,240,63,EXPECTED_INCOMPLETE,EXPECTED
2025-05-02 00:00:00,3237.291,3258.758,3227.533,3254.916,240,240,0,COMPLETE,
2025-05-02 04:00:00,3255.02,3263.343,3246.314,3258.895,240,240,0,COMPLETE,
2025-05-02 08:00:00,3258.992,3269.242,3255.161,3262.698,240,240,0,COMPLETE,
2025-05-02 12:00:00,3262.684,3264.933,3230.19,3231.601,240,240,0,COMPLETE,
2025-05-02 16:00:00,3231.604,3239.823,3222.721,3233.555,240,240,0,COMPLETE,
2025-05-02 20:00:00,3233.581,3241.232,3232.627,3240.947,58,240,182,EXPECTED_INCOMPLETE,EXPECTED
2025-05-03 00:00:00,,,,,0,240,240,SESSION_CLOSED_EXPECTED,EXPECTED
2025-05-03 04:00:00,,,,,0,240,240,SESSION_CLOSED_EXPECTED,EXPECTED
2025-05-03 08:00:00,,,,,0,240,240,SESSION_CLOSED_EXPECTED,EXPECTED
2025-05-03 12:00:00,,,,,0,240,240,SESSION_CLOSED_EXPECTED,EXPECTED
2025-05-03 16:00:00,,,,,0,240,240,SESSION_CLOSED_EXPECTED,EXPECTED
2025-05-03 20:00:00,,,,,0,240,240,SESSION_CLOSED_EXPECTED,EXPECTED
2025-05-04 00:00:00,,,,,0,240,240,SESSION_CLOSED_EXPECTED,EXPECTED
2025-05-04 04:00:00,,,,,0,240,240,SESSION_CLOSED_EXPECTED,EXPECTED
2025-05-04 08:00:00,,,,,0,240,240,SESSION_CLOSED_EXPECTED,EXPECTED
2025-05-04 12:00:00,,,,,0,240,240,SESSION_CLOSED_EXPECTED,EXPECTED
2025-05-04 16:00:00,,,,,0,240,240,SESSION_CLOSED_EXPECTED,EXPECTED
2025-05-04 20:00:00,3238.49,3252.3,3237.49,3247.922,115,240,125,EXPECTED_INCOMPLETE,EXPECTED
2025-05-05 00:00:00,3247.982,3272.429,3241.18,3254.585,240,240,0,COMPLETE,
2025-05-05 04:00:00,3254.55,3267.748,3253.616,3264.76,240,240,0,COMPLETE,
2025-05-05 08:00:00,3264.82,3318.985,3263.06,3312.919,240,240,0,COMPLETE,
2025-05-05 12:00:00,3312.801,3328.838,3309.006,3312.065,240,240,0,COMPLETE,
2025-05-05 16:00:00,3312.028,3337.678,3305.577,3328.793,240,240,0,COMPLETE,
2025-05-05 20:00:00,3328.76,3338.052,3327.401,3334.031,177,240,63,EXPECTED_INCOMPLETE,EXPECTED
2025-05-06 00:00:00,3334.038,3387.099,3323.139,3360.401,240,240,0,COMPLETE,
2025-05-06 04:00:00,3360.395,3379.653,3350.152,3371.2,240,240,0,COMPLETE,
2025-05-06 08:00:00,3371.313,3385.084,3368.547,3379.123,240,240,0,COMPLETE,
2025-05-06 12:00:00,3379.145,3399.895,3373.128,3395.051,240,240,0,COMPLETE,
2025-05-06 16:00:00,3395.083,3424.077,3394.673,3423.168,240,240,0,COMPLETE,
2025-05-06 20:00:00,3423.139,3435.016,3376.84,3400.68,175,240,65,EXPECTED_INCOMPLETE,EXPECTED
2025-05-07 00:00:00,3400.723,3401.666,3360.068,3375.541,240,240,0,COMPLETE,
2025-05-07 04:00:00,3375.519,3397.425,3374.962,3387.991,240,240,0,COMPLETE,
2025-05-07 08:00:00,3387.971,3393.387,3369.186,3387.083,240,240,0,COMPLETE,
2025-05-07 12:00:00,3387.055,3398.082,3375.662,3385.27,240,240,0,COMPLETE,
2025-05-07 16:00:00,3385.224,3398.001,3363.692,3371.832,240,240,0,COMPLETE,
2025-05-07 20:00:00,3371.954,3377.185,3363.791,3376.488,177,240,63,EXPECTED_INCOMPLETE,EXPECTED
2025-05-08 00:00:00,3376.515,3414.851,3373.777,3396.864,240,240,0,COMPLETE,
2025-05-08 04:00:00,3396.839,3399.385,3320.263,3342.956,240,240,0,COMPLETE,
2025-05-08 08:00:00,3342.892,3346.695,3330.39,3344.378,240,240,0,COMPLETE,
2025-05-08 12:00:00,3344.311,3369.602,3326.804,3330.509,240,240,0,COMPLETE,
2025-05-08 16:00:00,3330.47,3330.47,3288.697,3306.384,240,240,0,COMPLETE,
2025-05-08 20:00:00,3306.434,3324.007,3303.828,3316.412,177,240,63,EXPECTED_INCOMPLETE,EXPECTED
2025-05-09 00:00:00,3316.448,3323.138,3274.664,3308.106,240,240,0,COMPLETE,
2025-05-09 04:00:00,3308.099,3332.264,3308.099,3327.074,240,240,0,COMPLETE,
2025-05-09 08:00:00,3327.208,3338.367,3320.217,3332.962,240,240,0,COMPLETE,
2025-05-09 12:00:00,3333.066,3346.044,3320.298,3345.04,240,240,0,COMPLETE,
2025-05-09 16:00:00,3345.143,3347.556,3325.441,3328.802,240,240,0,COMPLETE,
2025-05-09 20:00:00,3328.76,3330.295,3325.142,3326.805,58,240,182,EXPECTED_INCOMPLETE,EXPECTED
2025-05-10 00:00:00,,,,,0,240,240,SESSION_CLOSED_EXPECTED,EXPECTED
2025-05-10 04:00:00,,,,,0,240,240,SESSION_CLOSED_EXPECTED,EXPECTED
2025-05-10 08:00:00,,,,,0,240,240,SESSION_CLOSED_EXPECTED,EXPECTED
2025-05-10 12:00:00,,,,,0,240,240,SESSION_CLOSED_EXPECTED,EXPECTED
2025-05-10 16:00:00,,,,,0,240,240,SESSION_CLOSED_EXPECTED,EXPECTED
2025-05-10 20:00:00,,,,,0,240,240,SESSION_CLOSED_EXPECTED,EXPECTED
2025-05-11 00:00:00,,,,,0,240,240,SESSION_CLOSED_EXPECTED,EXPECTED
2025-05-11 04:00:00,,,,,0,240,240,SESSION_CLOSED_EXPECTED,EXPECTED
2025-05-11 08:00:00,,,,,0,240,240,SESSION_CLOSED_EXPECTED,EXPECTED
2025-05-11 12:00:00,,,,,0,240,240,SESSION_CLOSED_EXPECTED,EXPECTED
2025-05-11 16:00:00,,,,,0,240,240,SESSION_CLOSED_EXPECTED,EXPECTED
2025-05-11 20:00:00,3282.255,3292.606,3265.847,3287.534,111,240,129,EXPECTED_INCOMPLETE,EXPECTED
2025-05-12 00:00:00,3287.506,3289.998,3258.751,3283.25,240,240,0,COMPLETE,
2025-05-12 04:00:00,3283.214,3283.662,3216.131,3222.685,240,240,0,COMPLETE,
2025-05-12 08:00:00,3222.718,3234.462,3207.693,3224.811,240,240,0,COMPLETE,
2025-05-12 12:00:00,3224.777,3248.609,3220.326,3239.262,240,240,0,COMPLETE,
2025-05-12 16:00:00,3239.237,3240.138,3220.295,3235.394,240,240,0,COMPLETE,
2025-05-12 20:00:00,3235.355,3241.807,3229.864,3236.88,177,240,63,EXPECTED_INCOMPLETE,EXPECTED
2025-05-13 00:00:00,3236.906,3243.399,3215.867,3236.743,240,240,0,COMPLETE,
2025-05-13 04:00:00,3236.719,3265.659,3234.881,3259.098,240,240,0,COMPLETE,
2025-05-13 08:00:00,3259.139,3261.284,3248.716,3249.14,240,240,0,COMPLETE,
2025-05-13 12:00:00,3249.098,3255.827,3225.476,3253.325,240,240,0,COMPLETE,
2025-05-13 16:00:00,3253.293,3257.818,3242.044,3249.324,240,240,0,COMPLETE,
2025-05-13 20:00:00,3249.355,3257.115,3248.043,3254.425,177,240,63,EXPECTED_INCOMPLETE,EXPECTED
2025-05-14 00:00:00,3254.388,3254.658,3226.212,3228.366,240,240,0,COMPLETE,
2025-05-14 04:00:00,3228.37,3238.874,3221.57,3238.085,240,240,0,COMPLETE,
2025-05-14 08:00:00,3237.99,3243.897,3219.436,3220.132,240,240,0,COMPLETE,
2025-05-14 12:00:00,3220.142,3222.52,3174.905,3182.674,240,240,0,COMPLETE,
2025-05-14 16:00:00,3182.629,3190.941,3167.933,3180.587,240,240,0,COMPLETE,
2025-05-14 20:00:00,3180.613,3187.312,3177.075,3186.098,176,240,64,EXPECTED_INCOMPLETE,EXPECTED
2025-05-15 00:00:00,3186.043,3192.713,3148.315,3150.594,240,240,0,COMPLETE,
2025-05-15 04:00:00,3150.546,3153.863,3120.649,3142.318,240,240,0,COMPLETE,
2025-05-15 08:00:00,3142.244,3180.019,3139.065,3179.18,240,240,0,COMPLETE,
2025-05-15 12:00:00,3179.141,3220.088,3177.502,3219.74,240,240,0,COMPLETE,
2025-05-15 16:00:00,3219.78,3232.731,3215.873,3232.037,240,240,0,COMPLETE,
2025-05-15 20:00:00,3231.901,3252.132,3231.094,3237.15,177,240,63,EXPECTED_INCOMPLETE,EXPECTED
2025-05-16 00:00:00,3237.175,3244.615,3206.518,3211.889,240,240,0,COMPLETE,
2025-05-16 04:00:00,3211.969,3231.343,3205.365,3207.69,240,240,0,COMPLETE,
2025-05-16 08:00:00,3207.572,3212.954,3154.289,3163.119,240,240,0,COMPLETE,
2025-05-16 12:00:00,3163.149,3188.606,3154.881,3183.479,240,240,0,COMPLETE,
2025-05-16 16:00:00,3183.5,3195.763,3180.432,3192.615,240,240,0,COMPLETE,
2025-05-16 20:00:00,3192.583,3202.928,3192.132,3202.217,58,240,182,EXPECTED_INCOMPLETE,EXPECTED
2025-05-17 00:00:00,,,,,0,240,240,SESSION_CLOSED_EXPECTED,EXPECTED
2025-05-17 04:00:00,,,,,0,240,240,SESSION_CLOSED_EXPECTED,EXPECTED
2025-05-17 08:00:00,,,,,0,240,240,SESSION_CLOSED_EXPECTED,EXPECTED
2025-05-17 12:00:00,,,,,0,240,240,SESSION_CLOSED_EXPECTED,EXPECTED
2025-05-17 16:00:00,,,,,0,240,240,SESSION_CLOSED_EXPECTED,EXPECTED
2025-05-17 20:00:00,,,,,0,240,240,SESSION_CLOSED_EXPECTED,EXPECTED
2025-05-18 00:00:00,,,,,0,240,240,SESSION_CLOSED_EXPECTED,EXPECTED
2025-05-18 04:00:00,,,,,0,240,240,SESSION_CLOSED_EXPECTED,EXPECTED
2025-05-18 08:00:00,,,,,0,240,240,SESSION_CLOSED_EXPECTED,EXPECTED
2025-05-18 12:00:00,,,,,0,240,240,SESSION_CLOSED_EXPECTED,EXPECTED
2025-05-18 16:00:00,,,,,0,240,240,SESSION_CLOSED_EXPECTED,EXPECTED
2025-05-18 20:00:00,3214.226,3245.254,3211.645,3234.91,115,240,125,EXPECTED_INCOMPLETE,EXPECTED
2025-05-19 00:00:00,3234.947,3249.812,3208.04,3212.27,240,240,0,COMPLETE,
2025-05-19 04:00:00,3212.228,3234.64,3206.584,3232.389,240,240,0,COMPLETE,
2025-05-19 08:00:00,3232.361,3248.535,3229.973,3243.82,240,240,0,COMPLETE,
2025-05-19 12:00:00,3243.817,3244.444,3217.216,3231.662,240,240,0,COMPLETE,
2025-05-19 16:00:00,3231.687,3235.866,3225.166,3233.01,240,240,0,COMPLETE,
2025-05-19 20:00:00,3233.056,3233.771,3219.097,3222.532,177,240,63,EXPECTED_INCOMPLETE,EXPECTED
2025-05-20 00:00:00,3222.561,3232.771,3204.521,3211.446,240,240,0,COMPLETE,
2025-05-20 04:00:00,3211.394,3225.46,3207.946,3222.843,240,240,0,COMPLETE,
2025-05-20 08:00:00,3222.819,3241.651,3218.275,3241.138,240,240,0,COMPLETE,
2025-05-20 12:00:00,3241.236,3285.886,3232.837,3277.264,240,240,0,COMPLETE,
2025-05-20 16:00:00,3277.239,3295.172,3275.204,3294.078,240,240,0,COMPLETE,
2025-05-20 20:00:00,3294.13,3304.072,3288.505,3290.695,177,240,63,EXPECTED_INCOMPLETE,EXPECTED
2025-05-21 00:00:00,3290.734,3314.689,3285.42,3307.544,240,240,0,COMPLETE,
2025-05-21 04:00:00,3307.505,3320.768,3298.404,3309.906,240,240,0,COMPLETE,
2025-05-21 08:00:00,3309.933,3318.285,3303.946,3311.249,240,240,0,COMPLETE,
2025-05-21 12:00:00,3311.243,3315.216,3290.693,3311.978,240,240,0,COMPLETE,
2025-05-21 16:00:00,3312.004,3324.897,3302.758,3318.38,240,240,0,COMPLETE,
2025-05-21 20:00:00,3318.423,3324.213,3313.164,3320.082,177,240,63,EXPECTED_INCOMPLETE,EXPECTED
2025-05-22 00:00:00,3320.143,3345.43,3319.389,3335.44,240,240,0,COMPLETE,
2025-05-22 04:00:00,3335.451,3339.502,3322.608,3327.621,240,240,0,COMPLETE,
2025-05-22 08:00:00,3327.636,3329.873,3282.977,3314.466,240,240,0,COMPLETE,
2025-05-22 12:00:00,3314.428,3315.775,3279.252,3294.675,240,240,0,COMPLETE,
2025-05-22 16:00:00,3294.722,3304.818,3288.982,3290.255,240,240,0,COMPLETE,
2025-05-22 20:00:00,3290.301,3302.012,3289.593,3300.146,177,240,63,EXPECTED_INCOMPLETE,EXPECTED
2025-05-23 00:00:00,3300.172,3308.908,3286.942,3302.07,240,240,0,COMPLETE,
2025-05-23 04:00:00,3302.097,3334.502,3301.915,3329.145,240,240,0,COMPLETE,
2025-05-23 08:00:00,3329.191,3349.78,3322.548,3347.926,240,240,0,COMPLETE,
2025-05-23 12:00:00,3347.966,3364.62,3336.612,3361.655,240,240,0,COMPLETE,
2025-05-23 16:00:00,3361.687,3365.925,3356.348,3360.785,240,240,0,COMPLETE,
2025-05-23 20:00:00,3360.743,3361.7,3356.103,3356.295,58,240,182,EXPECTED_INCOMPLETE,EXPECTED
2025-05-24 00:00:00,,,,,0,240,240,SESSION_CLOSED_EXPECTED,EXPECTED
2025-05-24 04:00:00,,,,,0,240,240,SESSION_CLOSED_EXPECTED,EXPECTED
2025-05-24 08:00:00,,,,,0,240,240,SESSION_CLOSED_EXPECTED,EXPECTED
2025-05-24 12:00:00,,,,,0,240,240,SESSION_CLOSED_EXPECTED,EXPECTED
2025-05-24 16:00:00,,,,,0,240,240,SESSION_CLOSED_EXPECTED,EXPECTED
2025-05-24 20:00:00,,,,,0,240,240,SESSION_CLOSED_EXPECTED,EXPECTED
2025-05-25 00:00:00,,,,,0,240,240,SESSION_CLOSED_EXPECTED,EXPECTED
2025-05-25 04:00:00,,,,,0,240,240,SESSION_CLOSED_EXPECTED,EXPECTED
2025-05-25 08:00:00,,,,,0,240,240,SESSION_CLOSED_EXPECTED,EXPECTED
2025-05-25 12:00:00,,,,,0,240,240,SESSION_CLOSED_EXPECTED,EXPECTED
2025-05-25 16:00:00,,,,,0,240,240,SESSION_CLOSED_EXPECTED,EXPECTED
2025-05-25 20:00:00,3352.094,3352.48,3341.349,3342.691,115,240,125,EXPECTED_INCOMPLETE,EXPECTED
2025-05-26 00:00:00,3342.73,3356.859,3331.39,3347.636,240,240,0,COMPLETE,
2025-05-26 04:00:00,3347.639,3351.899,3332.124,3337.327,240,240,0,COMPLETE,
2025-05-26 08:00:00,3337.418,3339.672,3323.485,3333.13,240,240,0,COMPLETE,
2025-05-26 12:00:00,3333.152,3341.613,3326.35,3337.957,240,240,0,COMPLETE,
2025-05-26 16:00:00,3337.998,3343.666,3337.521,3341.558,135,240,105,UNEXPECTED_INCOMPLETE,UNEXPECTED
2025-05-26 20:00:00,3346.458,3348.878,3342.829,3346.139,115,240,125,UNEXPECTED_INCOMPLETE,UNEXPECTED
2025-05-27 00:00:00,3346.182,3350.029,3331.73,3341.217,240,240,0,COMPLETE,
2025-05-27 04:00:00,3341.188,3341.485,3292.535,3296.244,240,240,0,COMPLETE,
2025-05-27 08:00:00,3296.214,3310.344,3287.724,3288.352,240,240,0,COMPLETE,
2025-05-27 12:00:00,3288.399,3304.901,3285.089,3293.605,240,240,0,COMPLETE,
2025-05-27 16:00:00,3293.612,3308.008,3292.969,3304.38,240,240,0,COMPLETE,
2025-05-27 20:00:00,3304.356,3310.953,3297.621,3309.402,177,240,63,EXPECTED_INCOMPLETE,EXPECTED
2025-05-28 00:00:00,3309.431,3315.805,3291.667,3297.76,240,240,0,COMPLETE,
2025-05-28 04:00:00,3297.722,3322.363,3294.407,3319.271,240,240,0,COMPLETE,
2025-05-28 08:00:00,3319.228,3325.556,3307.461,3311.122,240,240,0,COMPLETE,
2025-05-28 12:00:00,3311.162,3316.424,3292.571,3296.094,240,240,0,COMPLETE,
2025-05-28 16:00:00,3296.125,3303.065,3288.591,3296.983,240,240,0,COMPLETE,
2025-05-28 20:00:00,3297.006,3297.346,3250.249,3259.895,177,240,63,EXPECTED_INCOMPLETE,EXPECTED
2025-05-29 00:00:00,3259.921,3280.189,3245.432,3274.545,240,240,0,COMPLETE,
2025-05-29 04:00:00,3274.635,3287.433,3265.986,3286.559,240,240,0,COMPLETE,
2025-05-29 08:00:00,3286.508,3305.549,3276.262,3299.719,240,240,0,COMPLETE,
2025-05-29 12:00:00,3299.844,3322.008,3298.541,3321.578,240,240,0,COMPLETE,
2025-05-29 16:00:00,3321.664,3331.253,3315.486,3316.615,240,240,0,COMPLETE,
2025-05-29 20:00:00,3316.586,3321.098,3312.854,3315.503,177,240,63,EXPECTED_INCOMPLETE,EXPECTED
2025-05-30 00:00:00,3315.498,3322.777,3291.219,3294.531,240,240,0,COMPLETE,
2025-05-30 04:00:00,3294.53,3305.02,3287.336,3294.93,240,240,0,COMPLETE,
2025-05-30 08:00:00,3294.975,3300.669,3288.668,3294.055,240,240,0,COMPLETE,
2025-05-30 12:00:00,3294.091,3308.322,3271.526,3288.676,240,240,0,COMPLETE,
2025-05-30 16:00:00,3288.603,3295.778,3283.957,3294.826,240,240,0,COMPLETE,
2025-05-30 20:00:00,3294.865,3295.834,3288.642,3289.665,58,240,182,EXPECTED_INCOMPLETE,EXPECTED
2025-05-31 00:00:00,,,,,0,240,240,SESSION_CLOSED_EXPECTED,EXPECTED
2025-05-31 04:00:00,,,,,0,240,240,SESSION_CLOSED_EXPECTED,EXPECTED
2025-05-31 08:00:00,,,,,0,240,240,SESSION_CLOSED_EXPECTED,EXPECTED
2025-05-31 12:00:00,,,,,0,240,240,SESSION_CLOSED_EXPECTED,EXPECTED
2025-05-31 16:00:00,,,,,0,240,240,SESSION_CLOSED_EXPECTED,EXPECTED
2025-05-31 20:00:00,,,,,0,240,240,SESSION_CLOSED_EXPECTED,EXPECTED
2025-06-01 00:00:00,,,,,0,240,240,SESSION_CLOSED_EXPECTED,EXPECTED
2025-06-01 04:00:00,,,,,0,240,240,SESSION_CLOSED_EXPECTED,EXPECTED
2025-06-01 08:00:00,,,,,0,240,240,SESSION_CLOSED_EXPECTED,EXPECTED
2025-06-01 12:00:00,,,,,0,240,240,SESSION_CLOSED_EXPECTED,EXPECTED
2025-06-01 16:00:00,,,,,0,240,240,SESSION_CLOSED_EXPECTED,EXPECTED
2025-06-01 20:00:00,3303.113,3316.742,3299.908,3310.255,115,240,125,EXPECTED_INCOMPLETE,EXPECTED
2025-06-02 00:00:00,3310.213,3314.959,3301.409,3308.685,240,240,0,COMPLETE,
2025-06-02 04:00:00,3308.772,3359.037,3308.772,3352.549,240,240,0,COMPLETE,
2025-06-02 08:00:00,3352.655,3360.152,3344.391,3356.324,240,240,0,COMPLETE,
2025-06-02 12:00:00,3356.296,3379.064,3350.288,3374.294,240,240,0,COMPLETE,
2025-06-02 16:00:00,3374.319,3382.344,3369.309,3381.539,240,240,0,COMPLETE,
2025-06-02 20:00:00,3381.51,3392.238,3378.394,3387.384,177,240,63,EXPECTED_INCOMPLETE,EXPECTED
2025-06-03 00:00:00,3387.407,3388.671,3359.717,3361.087,240,240,0,COMPLETE,
2025-06-03 04:00:00,3361.195,3367.784,3351.149,3359.648,240,240,0,COMPLETE,
2025-06-03 08:00:00,3359.752,3364.88,3353.305,3359.347,240,240,0,COMPLETE,
2025-06-03 12:00:00,3359.323,3363.129,3333.078,3350.255,240,240,0,COMPLETE,
2025-06-03 16:00:00,3350.333,3355.491,3344.585,3352.657,240,240,0,COMPLETE,
2025-06-03 20:00:00,3352.617,3361.632,3352.469,3359.945,177,240,63,EXPECTED_INCOMPLETE,EXPECTED
2025-06-04 00:00:00,3359.972,3372.637,3346.464,3359.246,240,240,0,COMPLETE,
2025-06-04 04:00:00,3359.221,3365.256,3347.996,3354.721,240,240,0,COMPLETE,
2025-06-04 08:00:00,3354.679,3364.998,3343.72,3346.577,240,240,0,COMPLETE,
2025-06-04 12:00:00,3346.613,3384.637,3344.356,3371.764,240,240,0,COMPLETE,
2025-06-04 16:00:00,3371.724,3382.217,3370.804,3373.614,240,240,0,COMPLETE,
2025-06-04 20:00:00,3373.566,3379.08,3370.508,3378.042,177,240,63,EXPECTED_INCOMPLETE,EXPECTED
2025-06-05 00:00:00,3378.099,3384.183,3368.172,3369.674,240,240,0,COMPLETE,
2025-06-05 04:00:00,3369.683,3374.559,3361.138,3371.304,240,240,0,COMPLETE,
2025-06-05 08:00:00,3371.295,3403.592,3369.641,3392.293,240,240,0,COMPLETE,
2025-06-05 12:00:00,3392.327,3400.152,3339.37,3344.779,240,240,0,COMPLETE,
2025-06-05 16:00:00,3344.739,3361.384,3339.811,3356.885,240,240,0,COMPLETE,
2025-06-05 20:00:00,3356.861,3363.526,3352.006,3361.81,177,240,63,EXPECTED_INCOMPLETE,EXPECTED
2025-06-06 00:00:00,3361.867,3371.844,3356.133,3369.747,240,240,0,COMPLETE,
2025-06-06 04:00:00,3369.706,3375.685,3352.833,3359.374,240,240,0,COMPLETE,
2025-06-06 08:00:00,3359.419,3367.732,3352.703,3358.292,240,240,0,COMPLETE,
2025-06-06 12:00:00,3358.308,3364.421,3316.269,3332.231,240,240,0,COMPLETE,
2025-06-06 16:00:00,3332.182,3332.741,3311.358,3312.345,240,240,0,COMPLETE,
2025-06-06 20:00:00,3312.382,3312.896,3307.053,3311.702,58,240,182,EXPECTED_INCOMPLETE,EXPECTED
2025-06-07 00:00:00,,,,,0,240,240,SESSION_CLOSED_EXPECTED,EXPECTED
2025-06-07 04:00:00,,,,,0,240,240,SESSION_CLOSED_EXPECTED,EXPECTED
2025-06-07 08:00:00,,,,,0,240,240,SESSION_CLOSED_EXPECTED,EXPECTED
2025-06-07 12:00:00,,,,,0,240,240,SESSION_CLOSED_EXPECTED,EXPECTED
2025-06-07 16:00:00,,,,,0,240,240,SESSION_CLOSED_EXPECTED,EXPECTED
2025-06-07 20:00:00,,,,,0,240,240,SESSION_CLOSED_EXPECTED,EXPECTED
2025-06-08 00:00:00,,,,,0,240,240,SESSION_CLOSED_EXPECTED,EXPECTED
2025-06-08 04:00:00,,,,,0,240,240,SESSION_CLOSED_EXPECTED,EXPECTED
2025-06-08 08:00:00,,,,,0,240,240,SESSION_CLOSED_EXPECTED,EXPECTED
2025-06-08 12:00:00,,,,,0,240,240,SESSION_CLOSED_EXPECTED,EXPECTED
2025-06-08 16:00:00,,,,,0,240,240,SESSION_CLOSED_EXPECTED,EXPECTED
2025-06-08 20:00:00,3317.821,3321.214,3309.201,3318.038,115,240,125,EXPECTED_INCOMPLETE,EXPECTED
2025-06-09 00:00:00,3318.082,3318.699,3293.452,3310.769,240,240,0,COMPLETE,
2025-06-09 04:00:00,3310.799,3328.652,3309.248,3324.238,240,240,0,COMPLETE,
2025-06-09 08:00:00,3324.269,3325.685,3312.057,3317.429,240,240,0,COMPLETE,
2025-06-09 12:00:00,3317.412,3332.063,3310.698,3328.665,240,240,0,COMPLETE,
2025-06-09 16:00:00,3328.668,3338.21,3325.881,3327.231,240,240,0,COMPLETE,
2025-06-09 20:00:00,3327.201,3329.5,3321.562,3326.766,176,240,64,EXPECTED_INCOMPLETE,EXPECTED
2025-06-10 00:00:00,3326.809,3326.851,3301.92,3307.602,240,240,0,COMPLETE,
2025-06-10 04:00:00,3307.592,3332.172,3302.789,3330.18,240,240,0,COMPLETE,
2025-06-10 08:00:00,3330.09,3342.585,3326.17,3333.78,240,240,0,COMPLETE,
2025-06-10 12:00:00,3333.817,3349.122,3323.199,3326.692,240,240,0,COMPLETE,
2025-06-10 16:00:00,3326.653,3334.539,3319.358,3328.716,240,240,0,COMPLETE,
2025-06-10 20:00:00,3328.757,3328.958,3315.517,3327.862,176,240,64,EXPECTED_INCOMPLETE,EXPECTED
2025-06-11 00:00:00,3327.914,3341.566,3325.008,3339.416,240,240,0,COMPLETE,
2025-06-11 04:00:00,3339.395,3348.531,3332.522,3345.696,240,240,0,COMPLETE,
2025-06-11 08:00:00,3345.664,3346.717,3326.038,3333.097,240,240,0,COMPLETE,
2025-06-11 12:00:00,3333.103,3360.764,3327.242,3333.195,240,240,0,COMPLETE,
2025-06-11 16:00:00,3333.293,3349.268,3319.194,3346.849,240,240,0,COMPLETE,
2025-06-11 20:00:00,3346.876,3373.534,3346.522,3365.376,176,240,64,EXPECTED_INCOMPLETE,EXPECTED
2025-06-12 00:00:00,3365.467,3377.786,3362.125,3373.455,240,240,0,COMPLETE,
2025-06-12 04:00:00,3373.409,3375.783,3338.57,3346.168,240,240,0,COMPLETE,
2025-06-12 08:00:00,3346.192,3388.609,3346.192,3379.285,240,240,0,COMPLETE,
2025-06-12 12:00:00,3379.252,3399.02,3376.337,3385.804,240,240,0,COMPLETE,
2025-06-12 16:00:00,3385.906,3391.374,3378.097,3388.139,240,240,0,COMPLETE,
2025-06-12 20:00:00,3388.111,3396.296,3379.633,3395.952,176,240,64,EXPECTED_INCOMPLETE,EXPECTED
2025-06-13 00:00:00,3395.837,3444.435,3391.72,3425.557,240,240,0,COMPLETE,
2025-06-13 04:00:00,3425.543,3430.288,3407.879,3414.933,240,240,0,COMPLETE,
2025-06-13 08:00:00,3414.858,3427.689,3411.622,3422.217,240,240,0,COMPLETE,
2025-06-13 12:00:00,3422.207,3446.755,3420.906,3426.225,240,240,0,COMPLETE,
2025-06-13 16:00:00,3426.258,3439.473,3419.175,3432.307,240,240,0,COMPLETE,
2025-06-13 20:00:00,3432.352,3434.78,3428.955,3433.449,58,240,182,EXPECTED_INCOMPLETE,EXPECTED
2025-06-14 00:00:00,,,,,0,240,240,SESSION_CLOSED_EXPECTED,EXPECTED
2025-06-14 04:00:00,,,,,0,240,240,SESSION_CLOSED_EXPECTED,EXPECTED
2025-06-14 08:00:00,,,,,0,240,240,SESSION_CLOSED_EXPECTED,EXPECTED
2025-06-14 12:00:00,,,,,0,240,240,SESSION_CLOSED_EXPECTED,EXPECTED
2025-06-14 16:00:00,,,,,0,240,240,SESSION_CLOSED_EXPECTED,EXPECTED
2025-06-14 20:00:00,,,,,0,240,240,SESSION_CLOSED_EXPECTED,EXPECTED
2025-06-15 00:00:00,,,,,0,240,240,SESSION_CLOSED_EXPECTED,EXPECTED
2025-06-15 04:00:00,,,,,0,240,240,SESSION_CLOSED_EXPECTED,EXPECTED
2025-06-15 08:00:00,,,,,0,240,240,SESSION_CLOSED_EXPECTED,EXPECTED
2025-06-15 12:00:00,,,,,0,240,240,SESSION_CLOSED_EXPECTED,EXPECTED
2025-06-15 16:00:00,,,,,0,240,240,SESSION_CLOSED_EXPECTED,EXPECTED
2025-06-15 20:00:00,3440.955,3451.255,3438.616,3444.141,115,240,125,EXPECTED_INCOMPLETE,EXPECTED
2025-06-16 00:00:00,3444.166,3451.224,3429.269,3431.428,240,240,0,COMPLETE,
2025-06-16 04:00:00,3431.475,3433.277,3409.491,3412.619,240,240,0,COMPLETE,
2025-06-16 08:00:00,3412.624,3422.654,3409.776,3415.0,240,240,0,COMPLETE,
2025-06-16 12:00:00,3415.043,3418.093,3382.725,3404.606,240,240,0,COMPLETE,
2025-06-16 16:00:00,3404.534,3404.992,3382.795,3384.094,240,240,0,COMPLETE,
2025-06-16 20:00:00,3384.015,3402.977,3383.294,3402.769,176,240,64,EXPECTED_INCOMPLETE,EXPECTED
2025-06-17 00:00:00,3402.815,3403.289,3373.535,3387.583,240,240,0,COMPLETE,
2025-06-17 04:00:00,3387.557,3396.267,3381.074,3387.783,240,240,0,COMPLETE,
2025-06-17 08:00:00,3387.784,3400.131,3375.747,3388.635,240,240,0,COMPLETE,
2025-06-17 12:00:00,3388.65,3397.536,3366.079,3379.284,240,240,0,COMPLETE,
2025-06-17 16:00:00,3379.386,3392.499,3376.677,3385.71,240,240,0,COMPLETE,
2025-06-17 20:00:00,3385.675,3396.266,3383.634,3387.38,176,240,64,EXPECTED_INCOMPLETE,EXPECTED
2025-06-18 00:00:00,3387.295,3391.524,3370.63,3390.96,240,240,0,COMPLETE,
2025-06-18 04:00:00,3390.928,3400.0,3377.037,3385.991,240,240,0,COMPLETE,
2025-06-18 08:00:00,3385.894,3388.38,3375.433,3382.048,240,240,0,COMPLETE,
2025-06-18 12:00:00,3381.999,3396.852,3373.833,3392.734,240,240,0,COMPLETE,
2025-06-18 16:00:00,3392.709,3395.804,3362.867,3366.818,240,240,0,COMPLETE,
2025-06-18 20:00:00,3366.771,3379.89,3362.474,3375.023,176,240,64,EXPECTED_INCOMPLETE,EXPECTED
2025-06-19 00:00:00,3375.042,3387.968,3369.72,3373.609,240,240,0,COMPLETE,
2025-06-19 04:00:00,3373.609,3375.314,3347.474,3365.957,240,240,0,COMPLETE,
2025-06-19 08:00:00,3366.004,3379.05,3362.215,3371.967,240,240,0,COMPLETE,
2025-06-19 12:00:00,3371.971,3372.963,3361.52,3369.26,240,240,0,COMPLETE,
2025-06-19 16:00:00,3369.223,3374.14,3366.108,3373.455,75,240,165,UNEXPECTED_INCOMPLETE,UNEXPECTED
2025-06-19 20:00:00,3369.491,3370.411,3361.971,3368.739,118,240,122,UNEXPECTED_INCOMPLETE,UNEXPECTED
2025-06-20 00:00:00,3368.763,3370.35,3344.625,3355.507,240,240,0,COMPLETE,
2025-06-20 04:00:00,3355.611,3357.693,3340.345,3347.685,240,240,0,COMPLETE,
2025-06-20 08:00:00,3347.657,3359.236,3346.498,3347.051,240,240,0,COMPLETE,
2025-06-20 12:00:00,3347.094,3374.477,3341.902,3369.856,240,240,0,COMPLETE,
2025-06-20 16:00:00,3369.786,3373.365,3364.579,3365.625,240,240,0,COMPLETE,
2025-06-20 20:00:00,3365.578,3369.314,3364.69,3368.618,58,240,182,EXPECTED_INCOMPLETE,EXPECTED
2025-06-21 00:00:00,,,,,0,240,240,SESSION_CLOSED_EXPECTED,EXPECTED
2025-06-21 04:00:00,,,,,0,240,240,SESSION_CLOSED_EXPECTED,EXPECTED
2025-06-21 08:00:00,,,,,0,240,240,SESSION_CLOSED_EXPECTED,EXPECTED
2025-06-21 12:00:00,,,,,0,240,240,SESSION_CLOSED_EXPECTED,EXPECTED
2025-06-21 16:00:00,,,,,0,240,240,SESSION_CLOSED_EXPECTED,EXPECTED
2025-06-21 20:00:00,,,,,0,240,240,SESSION_CLOSED_EXPECTED,EXPECTED
2025-06-22 00:00:00,,,,,0,240,240,SESSION_CLOSED_EXPECTED,EXPECTED
2025-06-22 04:00:00,,,,,0,240,240,SESSION_CLOSED_EXPECTED,EXPECTED
2025-06-22 08:00:00,,,,,0,240,240,SESSION_CLOSED_EXPECTED,EXPECTED
2025-06-22 12:00:00,,,,,0,240,240,SESSION_CLOSED_EXPECTED,EXPECTED
2025-06-22 16:00:00,,,,,0,240,240,SESSION_CLOSED_EXPECTED,EXPECTED
2025-06-22 20:00:00,3384.117,3388.928,3371.173,3372.755,115,240,125,EXPECTED_INCOMPLETE,EXPECTED
2025-06-23 00:00:00,3372.776,3373.551,3351.918,3363.372,240,240,0,COMPLETE,
2025-06-23 04:00:00,3363.385,3365.061,3346.971,3357.627,240,240,0,COMPLETE,
2025-06-23 08:00:00,3357.672,3382.017,3357.672,3380.596,240,240,0,COMPLETE,
2025-06-23 12:00:00,3380.627,3389.82,3355.889,3387.24,240,240,0,COMPLETE,
2025-06-23 16:00:00,3387.233,3393.493,3375.598,3376.362,240,240,0,COMPLETE,
2025-06-23 20:00:00,3376.32,3377.295,3341.51,3344.235,176,240,64,EXPECTED_INCOMPLETE,EXPECTED
2025-06-24 00:00:00,3344.27,3357.912,3333.143,3352.404,240,240,0,COMPLETE,
2025-06-24 04:00:00,3352.403,3353.369,3316.022,3329.645,240,240,0,COMPLETE,
2025-06-24 08:00:00,3329.658,3332.32,3317.829,3321.214,240,240,0,COMPLETE,
2025-06-24 12:00:00,3321.181,3321.181,3295.306,3313.261,240,240,0,COMPLETE,
2025-06-24 16:00:00,3313.296,3325.184,3311.276,3323.479,240,240,0,COMPLETE,
2025-06-24 20:00:00,3323.526,3324.882,3320.842,3324.142,176,240,64,EXPECTED_INCOMPLETE,EXPECTED
2025-06-25 00:00:00,3324.139,3335.234,3323.627,3328.295,240,240,0,COMPLETE,
2025-06-25 04:00:00,3328.284,3337.117,3325.797,3330.631,240,240,0,COMPLETE,
2025-06-25 08:00:00,3330.656,3332.414,3321.397,3322.646,240,240,0,COMPLETE,
2025-06-25 12:00:00,3322.66,3329.507,3311.894,3325.643,240,240,0,COMPLETE,
2025-06-25 16:00:00,3325.656,3336.068,3324.111,3333.706,240,240,0,COMPLETE,
2025-06-25 20:00:00,3333.745,3340.158,3331.277,3339.028,176,240,64,EXPECTED_INCOMPLETE,EXPECTED
2025-06-26 00:00:00,3338.987,3343.223,3329.181,3337.97,240,240,0,COMPLETE,
2025-06-26 04:00:00,3338.088,3347.239,3330.981,3346.051,240,240,0,COMPLETE,
2025-06-26 08:00:00,3346.066,3350.37,3331.469,3332.921,240,240,0,COMPLETE,
2025-06-26 12:00:00,3332.937,3344.056,3309.916,3324.808,240,240,0,COMPLETE,
2025-06-26 16:00:00,3324.845,3336.501,3323.729,3331.301,240,240,0,COMPLETE,
2025-06-26 20:00:00,3331.407,3332.327,3316.229,3318.758,176,240,64,EXPECTED_INCOMPLETE,EXPECTED
2025-06-27 00:00:00,3318.731,3322.012,3292.557,3294.318,240,240,0,COMPLETE,
2025-06-27 04:00:00,3294.364,3300.922,3283.394,3284.458,240,240,0,COMPLETE,
2025-06-27 08:00:00,3284.43,3291.126,3276.009,3281.389,240,240,0,COMPLETE,
2025-06-27 12:00:00,3281.358,3282.328,3255.836,3274.655,240,240,0,COMPLETE,
2025-06-27 16:00:00,3274.574,3282.768,3268.366,3270.574,240,240,0,COMPLETE,
2025-06-27 20:00:00,3270.616,3275.496,3270.302,3274.598,58,240,182,EXPECTED_INCOMPLETE,EXPECTED
2025-06-28 00:00:00,,,,,0,240,240,SESSION_CLOSED_EXPECTED,EXPECTED
2025-06-28 04:00:00,,,,,0,240,240,SESSION_CLOSED_EXPECTED,EXPECTED
2025-06-28 08:00:00,,,,,0,240,240,SESSION_CLOSED_EXPECTED,EXPECTED
2025-06-28 12:00:00,,,,,0,240,240,SESSION_CLOSED_EXPECTED,EXPECTED
2025-06-28 16:00:00,,,,,0,240,240,SESSION_CLOSED_EXPECTED,EXPECTED
2025-06-28 20:00:00,,,,,0,240,240,SESSION_CLOSED_EXPECTED,EXPECTED
2025-06-29 00:00:00,,,,,0,240,240,SESSION_CLOSED_EXPECTED,EXPECTED
2025-06-29 04:00:00,,,,,0,240,240,SESSION_CLOSED_EXPECTED,EXPECTED
2025-06-29 08:00:00,,,,,0,240,240,SESSION_CLOSED_EXPECTED,EXPECTED
2025-06-29 12:00:00,,,,,0,240,240,SESSION_CLOSED_EXPECTED,EXPECTED
2025-06-29 16:00:00,,,,,0,240,240,SESSION_CLOSED_EXPECTED,EXPECTED
2025-06-29 20:00:00,3272.488,3274.234,3247.921,3263.805,115,240,125,EXPECTED_INCOMPLETE,EXPECTED
2025-06-30 00:00:00,3263.775,3283.297,3259.425,3278.981,240,240,0,COMPLETE,
2025-06-30 04:00:00,3278.996,3296.845,3276.964,3292.873,240,240,0,COMPLETE,
2025-06-30 08:00:00,3292.879,3296.558,3274.488,3277.932,240,240,0,COMPLETE,
2025-06-30 12:00:00,3277.993,3290.782,3277.955,3289.553,240,240,0,COMPLETE,
2025-06-30 16:00:00,3289.669,3309.446,3289.073,3308.534,240,240,0,COMPLETE,
2025-06-30 20:00:00,3308.502,3314.602,3302.297,3312.441,176,240,64,EXPECTED_INCOMPLETE,EXPECTED
2025-07-01 00:00:00,3312.435,3322.644,3309.917,3321.161,240,240,0,COMPLETE,
2025-07-01 04:00:00,3321.173,3339.897,3318.893,3339.497,240,240,0,COMPLETE,
2025-07-01 08:00:00,3339.501,3353.082,3336.796,3349.01,240,240,0,COMPLETE,
2025-07-01 12:00:00,3348.99,3358.015,3337.007,3340.228,240,240,0,COMPLETE,
2025-07-01 16:00:00,3340.215,3343.523,3336.816,3338.005,240,240,0,COMPLETE,
2025-07-01 20:00:00,3338.042,3343.826,3336.771,3338.152,176,240,64,EXPECTED_INCOMPLETE,EXPECTED
2025-07-02 00:00:00,3338.186,3344.987,3328.509,3339.959,240,240,0,COMPLETE,
2025-07-02 04:00:00,3339.925,3343.951,3327.587,3334.614,240,240,0,COMPLETE,
2025-07-02 08:00:00,3334.583,3347.711,3332.869,3342.199,240,240,0,COMPLETE,
2025-07-02 12:00:00,3342.214,3351.117,3333.818,3341.021,240,240,0,COMPLETE,
2025-07-02 16:00:00,3340.943,3359.519,3340.943,3358.258,240,240,0,COMPLETE,
2025-07-02 20:00:00,3358.302,3365.752,3348.754,3349.395,176,240,64,EXPECTED_INCOMPLETE,EXPECTED
2025-07-03 00:00:00,3349.444,3351.476,3341.88,3347.509,240,240,0,COMPLETE,
2025-07-03 04:00:00,3347.437,3363.677,3347.384,3353.077,240,240,0,COMPLETE,
2025-07-03 08:00:00,3353.096,3358.367,3342.985,3346.03,240,240,0,COMPLETE,
2025-07-03 12:00:00,3346.041,3352.314,3311.535,3328.045,240,240,0,COMPLETE,
2025-07-03 16:00:00,3328.106,3334.862,3325.646,3328.749,240,240,0,COMPLETE,
2025-07-03 20:00:00,3328.713,3332.025,3323.582,3330.871,176,240,64,EXPECTED_INCOMPLETE,EXPECTED
2025-07-04 00:00:00,3330.875,3338.948,3325.869,3338.35,240,240,0,COMPLETE,
2025-07-04 04:00:00,3338.307,3345.087,3336.428,3342.947,240,240,0,COMPLETE,
2025-07-04 08:00:00,3342.95,3344.247,3331.466,3334.795,240,240,0,COMPLETE,
2025-07-04 12:00:00,3334.791,3338.059,3330.855,3332.384,240,240,0,COMPLETE,
2025-07-04 16:00:00,3332.357,3335.958,3332.222,3335.07,45,240,195,EXPECTED_INCOMPLETE,EXPECTED
2025-07-04 20:00:00,,,,,0,240,240,SESSION_CLOSED_EXPECTED,EXPECTED
2025-07-05 00:00:00,,,,,0,240,240,SESSION_CLOSED_EXPECTED,EXPECTED
2025-07-05 04:00:00,,,,,0,240,240,SESSION_CLOSED_EXPECTED,EXPECTED
2025-07-05 08:00:00,,,,,0,240,240,SESSION_CLOSED_EXPECTED,EXPECTED
2025-07-05 12:00:00,,,,,0,240,240,SESSION_CLOSED_EXPECTED,EXPECTED
2025-07-05 16:00:00,,,,,0,240,240,SESSION_CLOSED_EXPECTED,EXPECTED
2025-07-05 20:00:00,,,,,0,240,240,SESSION_CLOSED_EXPECTED,EXPECTED
2025-07-06 00:00:00,,,,,0,240,240,SESSION_CLOSED_EXPECTED,EXPECTED
2025-07-06 04:00:00,,,,,0,240,240,SESSION_CLOSED_EXPECTED,EXPECTED
2025-07-06 08:00:00,,,,,0,240,240,SESSION_CLOSED_EXPECTED,EXPECTED
2025-07-06 12:00:00,,,,,0,240,240,SESSION_CLOSED_EXPECTED,EXPECTED
2025-07-06 16:00:00,,,,,0,240,240,SESSION_CLOSED_EXPECTED,EXPECTED
2025-07-06 20:00:00,3341.408,3341.911,3326.187,3328.853,115,240,125,EXPECTED_INCOMPLETE,EXPECTED
2025-07-07 00:00:00,3328.83,3329.726,3306.008,3310.848,240,240,0,COMPLETE,
2025-07-07 04:00:00,3310.892,3315.215,3300.689,3302.217,240,240,0,COMPLETE,
2025-07-07 08:00:00,3302.175,3312.763,3296.296,3301.982,240,240,0,COMPLETE,
2025-07-07 12:00:00,3301.94,3322.031,3300.376,3320.839,240,240,0,COMPLETE,
2025-07-07 16:00:00,3320.784,3340.438,3320.082,3336.981,240,240,0,COMPLETE,
2025-07-07 20:00:00,3337.025,3345.857,3333.899,3334.653,176,240,64,EXPECTED_INCOMPLETE,EXPECTED
2025-07-08 00:00:00,3334.692,3338.066,3329.595,3331.469,240,240,0,COMPLETE,
2025-07-08 04:00:00,3331.398,3339.5,3327.329,3333.893,240,240,0,COMPLETE,
2025-07-08 08:00:00,3333.852,3333.881,3319.94,3324.971,240,240,0,COMPLETE,
2025-07-08 12:00:00,3325.014,3329.84,3287.078,3298.241,240,240,0,COMPLETE,
2025-07-08 16:00:00,3298.249,3310.438,3295.912,3302.992,240,240,0,COMPLETE,
2025-07-08 20:00:00,3303.02,3304.074,3297.199,3302.277,176,240,64,EXPECTED_INCOMPLETE,EXPECTED
2025-07-09 00:00:00,3302.34,3308.003,3284.909,3293.258,240,240,0,COMPLETE,
2025-07-09 04:00:00,3293.244,3297.833,3285.495,3291.852,240,240,0,COMPLETE,
2025-07-09 08:00:00,3291.822,3295.987,3282.626,3284.936,240,240,0,COMPLETE,
2025-07-09 12:00:00,3284.969,3312.934,3284.969,3309.606,240,240,0,COMPLETE,
2025-07-09 16:00:00,3309.555,3316.874,3307.889,3315.677,240,240,0,COMPLETE,
2025-07-09 20:00:00,3315.645,3321.104,3311.59,3317.66,176,240,64,EXPECTED_INCOMPLETE,EXPECTED
2025-07-10 00:00:00,3317.559,3326.415,3315.362,3315.799,240,240,0,COMPLETE,
2025-07-10 04:00:00,3315.682,3329.486,3314.816,3321.047,240,240,0,COMPLETE,
2025-07-10 08:00:00,3321.071,3330.318,3318.331,3320.411,240,240,0,COMPLETE,
2025-07-10 12:00:00,3320.424,3329.458,3310.017,3319.751,240,240,0,COMPLETE,
2025-07-10 16:00:00,3319.711,3325.908,3312.108,3324.819,240,240,0,COMPLETE,
2025-07-10 20:00:00,3324.842,3326.476,3321.84,3323.808,176,240,64,EXPECTED_INCOMPLETE,EXPECTED
2025-07-11 00:00:00,3323.764,3336.21,3323.621,3333.765,240,240,0,COMPLETE,
2025-07-11 04:00:00,3333.744,3343.827,3329.515,3341.833,240,240,0,COMPLETE,
2025-07-11 08:00:00,3341.789,3350.305,3332.68,3347.507,240,240,0,COMPLETE,
2025-07-11 12:00:00,3347.526,3368.747,3344.356,3358.914,240,240,0,COMPLETE,
2025-07-11 16:00:00,3358.884,3359.753,3349.198,3356.407,240,240,0,COMPLETE,
2025-07-11 20:00:00,3356.459,3358.959,3353.596,3355.105,58,240,182,EXPECTED_INCOMPLETE,EXPECTED
2025-07-12 00:00:00,,,,,0,240,240,SESSION_CLOSED_EXPECTED,EXPECTED
2025-07-12 04:00:00,,,,,0,240,240,SESSION_CLOSED_EXPECTED,EXPECTED
2025-07-12 08:00:00,,,,,0,240,240,SESSION_CLOSED_EXPECTED,EXPECTED
2025-07-12 12:00:00,,,,,0,240,240,SESSION_CLOSED_EXPECTED,EXPECTED
2025-07-12 16:00:00,,,,,0,240,240,SESSION_CLOSED_EXPECTED,EXPECTED
2025-07-12 20:00:00,,,,,0,240,240,SESSION_CLOSED_EXPECTED,EXPECTED
2025-07-13 00:00:00,,,,,0,240,240,SESSION_CLOSED_EXPECTED,EXPECTED
2025-07-13 04:00:00,,,,,0,240,240,SESSION_CLOSED_EXPECTED,EXPECTED
2025-07-13 08:00:00,,,,,0,240,240,SESSION_CLOSED_EXPECTED,EXPECTED
2025-07-13 12:00:00,,,,,0,240,240,SESSION_CLOSED_EXPECTED,EXPECTED
2025-07-13 16:00:00,,,,,0,240,240,SESSION_CLOSED_EXPECTED,EXPECTED
2025-07-13 20:00:00,3361.295,3374.017,3359.658,3367.772,115,240,125,EXPECTED_INCOMPLETE,EXPECTED
2025-07-14 00:00:00,3367.731,3373.284,3353.865,3356.964,240,240,0,COMPLETE,
2025-07-14 04:00:00,3356.952,3375.078,3353.706,3371.948,240,240,0,COMPLETE,
2025-07-14 08:00:00,3371.956,3374.647,3363.917,3364.169,240,240,0,COMPLETE,
2025-07-14 12:00:00,3364.192,3366.631,3340.993,3345.105,240,240,0,COMPLETE,
2025-07-14 16:00:00,3345.044,3351.698,3343.082,3344.125,240,240,0,COMPLETE,
2025-07-14 20:00:00,3344.16,3346.556,3341.217,3345.337,176,240,64,EXPECTED_INCOMPLETE,EXPECTED
2025-07-15 00:00:00,3345.299,3358.362,3344.758,3357.841,240,240,0,COMPLETE,
2025-07-15 04:00:00,3357.853,3365.448,3357.468,3364.347,240,240,0,COMPLETE,
2025-07-15 08:00:00,3364.3,3366.356,3353.954,3354.932,240,240,0,COMPLETE,
2025-07-15 12:00:00,3354.892,3360.367,3325.341,3328.978,240,240,0,COMPLETE,
2025-07-15 16:00:00,3328.955,3331.944,3320.207,3330.455,240,240,0,COMPLETE,
2025-07-15 20:00:00,3330.408,3331.781,3324.792,3331.056,176,240,64,EXPECTED_INCOMPLETE,EXPECTED
2025-07-16 00:00:00,3331.092,3335.084,3325.031,3334.352,240,240,0,COMPLETE,
2025-07-16 04:00:00,3334.281,3341.996,3332.798,3337.778,240,240,0,COMPLETE,
2025-07-16 08:00:00,3337.824,3343.074,3333.695,3339.259,240,240,0,COMPLETE,
2025-07-16 12:00:00,3339.219,3377.523,3319.529,3343.524,240,240,0,COMPLETE,
2025-07-16 16:00:00,3343.499,3357.41,3338.958,3347.08,240,240,0,COMPLETE,
2025-07-16 20:00:00,3347.116,3352.247,3345.265,3346.526,176,240,64,EXPECTED_INCOMPLETE,EXPECTED
2025-07-17 00:00:00,3346.556,3347.405,3336.241,3341.496,240,240,0,COMPLETE,
2025-07-17 04:00:00,3341.511,3344.726,3325.208,3325.886,240,240,0,COMPLETE,
2025-07-17 08:00:00,3325.925,3332.523,3322.39,3324.254,240,240,0,COMPLETE,
2025-07-17 12:00:00,3324.261,3338.451,3309.883,3336.707,240,240,0,COMPLETE,
2025-07-17 16:00:00,3336.675,3341.069,3335.378,3339.763,240,240,0,COMPLETE,
2025-07-17 20:00:00,3339.799,3344.019,3337.409,3340.159,176,240,64,EXPECTED_INCOMPLETE,EXPECTED
2025-07-18 00:00:00,3340.214,3344.208,3334.038,3334.6,240,240,0,COMPLETE,
2025-07-18 04:00:00,3334.598,3350.131,3331.801,3349.823,240,240,0,COMPLETE,
2025-07-18 08:00:00,3349.849,3357.699,3346.237,3354.436,240,240,0,COMPLETE,
2025-07-18 12:00:00,3354.458,3361.212,3351.132,3353.707,240,240,0,COMPLETE,
2025-07-18 16:00:00,3353.626,3357.46,3347.668,3348.325,240,240,0,COMPLETE,
2025-07-18 20:00:00,3348.279,3352.124,3347.804,3350.395,58,240,182,EXPECTED_INCOMPLETE,EXPECTED
2025-07-19 00:00:00,,,,,0,240,240,SESSION_CLOSED_EXPECTED,EXPECTED
2025-07-19 04:00:00,,,,,0,240,240,SESSION_CLOSED_EXPECTED,EXPECTED
2025-07-19 08:00:00,,,,,0,240,240,SESSION_CLOSED_EXPECTED,EXPECTED
2025-07-19 12:00:00,,,,,0,240,240,SESSION_CLOSED_EXPECTED,EXPECTED
2025-07-19 16:00:00,,,,,0,240,240,SESSION_CLOSED_EXPECTED,EXPECTED
2025-07-19 20:00:00,,,,,0,240,240,SESSION_CLOSED_EXPECTED,EXPECTED
2025-07-20 00:00:00,,,,,0,240,240,SESSION_CLOSED_EXPECTED,EXPECTED
2025-07-20 04:00:00,,,,,0,240,240,SESSION_CLOSED_EXPECTED,EXPECTED
2025-07-20 08:00:00,,,,,0,240,240,SESSION_CLOSED_EXPECTED,EXPECTED
2025-07-20 12:00:00,,,,,0,240,240,SESSION_CLOSED_EXPECTED,EXPECTED
2025-07-20 16:00:00,,,,,0,240,240,SESSION_CLOSED_EXPECTED,EXPECTED
2025-07-20 20:00:00,3348.767,3350.115,3345.006,3349.107,115,240,125,EXPECTED_INCOMPLETE,EXPECTED
2025-07-21 00:00:00,3349.168,3358.641,3347.695,3351.286,240,240,0,COMPLETE,
2025-07-21 04:00:00,3351.275,3370.785,3350.618,3364.763,240,240,0,COMPLETE,
2025-07-21 08:00:00,3364.8,3375.631,3362.698,3375.302,240,240,0,COMPLETE,
2025-07-21 12:00:00,3375.271,3401.575,3374.531,3397.994,240,240,0,COMPLETE,
2025-07-21 16:00:00,3397.983,3399.787,3391.468,3398.787,240,240,0,COMPLETE,
2025-07-21 20:00:00,3398.744,3402.783,3393.208,3396.532,176,240,64,EXPECTED_INCOMPLETE,EXPECTED
2025-07-22 00:00:00,3396.54,3397.665,3385.148,3392.628,240,240,0,COMPLETE,
2025-07-22 04:00:00,3392.589,3392.589,3383.24,3387.562,240,240,0,COMPLETE,
2025-07-22 08:00:00,3387.524,3391.675,3384.528,3391.376,240,240,0,COMPLETE,
2025-07-22 12:00:00,3391.334,3430.614,3390.994,3426.597,240,240,0,COMPLETE,
2025-07-22 16:00:00,3426.64,3433.507,3426.257,3431.738,240,240,0,COMPLETE,
2025-07-22 20:00:00,3431.683,3433.368,3426.283,3427.458,176,240,64,EXPECTED_INCOMPLETE,EXPECTED
2025-07-23 00:00:00,3427.433,3438.944,3419.154,3423.153,240,240,0,COMPLETE,
2025-07-23 04:00:00,3423.063,3429.705,3416.341,3420.72,240,240,0,COMPLETE,
2025-07-23 08:00:00,3420.754,3433.851,3420.305,3428.18,240,240,0,COMPLETE,
2025-07-23 12:00:00,3428.17,3429.928,3398.206,3398.206,240,240,0,COMPLETE,
2025-07-23 16:00:00,3398.106,3398.127,3381.375,3390.081,240,240,0,COMPLETE,
2025-07-23 20:00:00,3390.122,3392.51,3386.121,3390.008,176,240,64,EXPECTED_INCOMPLETE,EXPECTED
2025-07-24 00:00:00,3390.047,3393.438,3374.758,3383.7,240,240,0,COMPLETE,
2025-07-24 04:00:00,3383.666,3385.389,3366.054,3367.757,240,240,0,COMPLETE,
2025-07-24 08:00:00,3367.767,3374.679,3361.253,3362.296,240,240,0,COMPLETE,
2025-07-24 12:00:00,3362.254,3377.43,3351.315,3372.541,240,240,0,COMPLETE,
2025-07-24 16:00:00,3372.515,3373.702,3366.215,3370.478,240,240,0,COMPLETE,
2025-07-24 20:00:00,3370.517,3371.457,3365.105,3369.419,176,240,64,EXPECTED_INCOMPLETE,EXPECTED
2025-07-25 00:00:00,3369.422,3373.554,3358.613,3359.194,240,240,0,COMPLETE,
2025-07-25 04:00:00,3359.176,3363.501,3352.636,3354.008,240,240,0,COMPLETE,
2025-07-25 08:00:00,3354.041,3355.358,3338.621,3341.028,240,240,0,COMPLETE,
2025-07-25 12:00:00,3341.008,3347.498,3324.928,3327.896,240,240,0,COMPLETE,
2025-07-25 16:00:00,3327.842,3340.284,3326.161,3337.804,240,240,0,COMPLETE,
2025-07-25 20:00:00,3337.769,3339.166,3336.217,3336.869,58,240,182,EXPECTED_INCOMPLETE,EXPECTED
2025-07-26 00:00:00,,,,,0,240,240,SESSION_CLOSED_EXPECTED,EXPECTED
2025-07-26 04:00:00,,,,,0,240,240,SESSION_CLOSED_EXPECTED,EXPECTED
2025-07-26 08:00:00,,,,,0,240,240,SESSION_CLOSED_EXPECTED,EXPECTED
2025-07-26 12:00:00,,,,,0,240,240,SESSION_CLOSED_EXPECTED,EXPECTED
2025-07-26 16:00:00,,,,,0,240,240,SESSION_CLOSED_EXPECTED,EXPECTED
2025-07-26 20:00:00,,,,,0,240,240,SESSION_CLOSED_EXPECTED,EXPECTED
2025-07-27 00:00:00,,,,,0,240,240,SESSION_CLOSED_EXPECTED,EXPECTED
2025-07-27 04:00:00,,,,,0,240,240,SESSION_CLOSED_EXPECTED,EXPECTED
2025-07-27 08:00:00,,,,,0,240,240,SESSION_CLOSED_EXPECTED,EXPECTED
2025-07-27 12:00:00,,,,,0,240,240,SESSION_CLOSED_EXPECTED,EXPECTED
2025-07-27 16:00:00,,,,,0,240,240,SESSION_CLOSED_EXPECTED,EXPECTED
2025-07-27 20:00:00,3329.144,3337.465,3323.817,3333.683,115,240,125,EXPECTED_INCOMPLETE,EXPECTED
2025-07-28 00:00:00,3333.675,3343.316,3327.64,3343.246,240,240,0,COMPLETE,
2025-07-28 04:00:00,3343.199,3345.351,3333.758,3334.882,240,240,0,COMPLETE,
2025-07-28 08:00:00,3334.879,3340.78,3332.382,3336.563,240,240,0,COMPLETE,
2025-07-28 12:00:00,3336.593,3338.369,3301.777,3314.764,240,240,0,COMPLETE,
2025-07-28 16:00:00,3314.736,3318.89,3308.799,3317.161,240,240,0,COMPLETE,
2025-07-28 20:00:00,3317.195,3318.409,3310.485,3312.468,176,240,64,EXPECTED_INCOMPLETE,EXPECTED
2025-07-29 00:00:00,3312.485,3320.861,3307.843,3312.576,240,240,0,COMPLETE,
2025-07-29 04:00:00,3312.58,3322.43,3308.959,3317.133,240,240,0,COMPLETE,
2025-07-29 08:00:00,3317.139,3329.976,3314.884,3315.278,240,240,0,COMPLETE,
2025-07-29 12:00:00,3315.249,3334.121,3311.89,3320.751,240,240,0,COMPLETE,
2025-07-29 16:00:00,3320.751,3330.864,3319.046,3324.938,240,240,0,COMPLETE,
2025-07-29 20:00:00,3324.989,3329.171,3324.662,3327.552,176,240,64,EXPECTED_INCOMPLETE,EXPECTED
2025-07-30 00:00:00,3327.562,3333.673,3321.829,3328.429,240,240,0,COMPLETE,
2025-07-30 04:00:00,3328.379,3332.149,3323.058,3327.751,240,240,0,COMPLETE,
2025-07-30 08:00:00,3327.784,3334.052,3323.966,3330.846,240,240,0,COMPLETE,
2025-07-30 12:00:00,3330.891,3331.904,3288.575,3290.465,240,240,0,COMPLETE,
2025-07-30 16:00:00,3290.45,3304.767,3268.034,3269.396,240,240,0,COMPLETE,
2025-07-30 20:00:00,3269.334,3285.8,3268.912,3285.303,176,240,64,EXPECTED_INCOMPLETE,EXPECTED
2025-07-31 00:00:00,3285.257,3298.55,3282.802,3295.086,240,240,0,COMPLETE,
2025-07-31 04:00:00,3295.042,3309.741,3293.672,3304.718,240,240,0,COMPLETE,
2025-07-31 08:00:00,3304.682,3314.839,3293.786,3306.111,240,240,0,COMPLETE,
2025-07-31 12:00:00,3306.086,3311.164,3291.296,3295.545,240,240,0,COMPLETE,
2025-07-31 16:00:00,3295.437,3298.43,3289.617,3291.029,240,240,0,COMPLETE,
2025-07-31 20:00:00,3290.989,3295.172,3287.967,3288.651,176,240,64,EXPECTED_INCOMPLETE,EXPECTED
2025-08-01 00:00:00,3288.607,3297.106,3281.59,3291.444,240,240,0,COMPLETE,
2025-08-01 04:00:00,3291.437,3300.445,3285.223,3286.861,240,240,0,COMPLETE,
2025-08-01 08:00:00,3286.823,3303.076,3285.247,3300.309,240,240,0,COMPLETE,
2025-08-01 12:00:00,3300.342,3355.114,3297.385,3348.567,240,240,0,COMPLETE,
2025-08-01 16:00:00,3348.532,3361.318,3340.532,3357.185,240,240,0,COMPLETE,
2025-08-01 20:00:00,3357.239,3363.566,3357.028,3363.119,58,240,182,EXPECTED_INCOMPLETE,EXPECTED
2025-08-02 00:00:00,,,,,0,240,240,SESSION_CLOSED_EXPECTED,EXPECTED
2025-08-02 04:00:00,,,,,0,240,240,SESSION_CLOSED_EXPECTED,EXPECTED
2025-08-02 08:00:00,,,,,0,240,240,SESSION_CLOSED_EXPECTED,EXPECTED
2025-08-02 12:00:00,,,,,0,240,240,SESSION_CLOSED_EXPECTED,EXPECTED
2025-08-02 16:00:00,,,,,0,240,240,SESSION_CLOSED_EXPECTED,EXPECTED
2025-08-02 20:00:00,,,,,0,240,240,SESSION_CLOSED_EXPECTED,EXPECTED
2025-08-03 00:00:00,,,,,0,240,240,SESSION_CLOSED_EXPECTED,EXPECTED
2025-08-03 04:00:00,,,,,0,240,240,SESSION_CLOSED_EXPECTED,EXPECTED
2025-08-03 08:00:00,,,,,0,240,240,SESSION_CLOSED_EXPECTED,EXPECTED
2025-08-03 12:00:00,,,,,0,240,240,SESSION_CLOSED_EXPECTED,EXPECTED
2025-08-03 16:00:00,,,,,0,240,240,SESSION_CLOSED_EXPECTED,EXPECTED
2025-08-03 20:00:00,3364.339,3364.521,3354.572,3361.957,115,240,125,EXPECTED_INCOMPLETE,EXPECTED
2025-08-04 00:00:00,3361.99,3362.378,3345.006,3360.255,240,240,0,COMPLETE,
2025-08-04 04:00:00,3360.259,3362.671,3351.732,3355.809,240,240,0,COMPLETE,
2025-08-04 08:00:00,3355.842,3370.749,3352.886,3370.263,240,240,0,COMPLETE,
2025-08-04 12:00:00,3370.273,3385.347,3361.037,3374.306,240,240,0,COMPLETE,
2025-08-04 16:00:00,3374.305,3378.139,3370.571,3375.971,240,240,0,COMPLETE,
2025-08-04 20:00:00,3375.917,3379.703,3373.415,3377.407,176,240,64,EXPECTED_INCOMPLETE,EXPECTED
2025-08-05 00:00:00,3377.383,3382.398,3372.057,3372.057,240,240,0,COMPLETE,
2025-08-05 04:00:00,3372.107,3375.499,3365.688,3373.648,240,240,0,COMPLETE,
2025-08-05 08:00:00,3373.644,3374.627,3349.803,3351.408,240,240,0,COMPLETE,
2025-08-05 12:00:00,3351.408,3390.033,3349.903,3389.49,240,240,0,COMPLETE,
2025-08-05 16:00:00,3389.527,3390.452,3376.89,3379.006,240,240,0,COMPLETE,
2025-08-05 20:00:00,3378.943,3383.984,3378.164,3383.187,176,240,64,EXPECTED_INCOMPLETE,EXPECTED
2025-08-06 00:00:00,3383.193,3385.34,3373.046,3374.61,240,240,0,COMPLETE,
2025-08-06 04:00:00,3374.59,3378.65,3368.953,3373.632,240,240,0,COMPLETE,
2025-08-06 08:00:00,3373.509,3374.723,3358.091,3365.174,240,240,0,COMPLETE,
2025-08-06 12:00:00,3365.156,3380.007,3360.141,3377.431,240,240,0,COMPLETE,
2025-08-06 16:00:00,3377.392,3379.439,3368.983,3371.674,240,240,0,COMPLETE,
2025-08-06 20:00:00,3371.616,3374.796,3367.133,3370.155,176,240,64,EXPECTED_INCOMPLETE,EXPECTED
2025-08-07 00:00:00,3370.205,3384.146,3365.231,3379.696,240,240,0,COMPLETE,
2025-08-07 04:00:00,3379.732,3397.446,3371.601,3396.155,240,240,0,COMPLETE,
2025-08-07 08:00:00,3396.189,3396.603,3371.726,3378.183,240,240,0,COMPLETE,
2025-08-07 12:00:00,3378.199,3393.866,3375.261,3390.102,240,240,0,COMPLETE,
2025-08-07 16:00:00,3390.152,3400.872,3384.29,3399.659,240,240,0,COMPLETE,
2025-08-07 20:00:00,3399.712,3409.019,3389.025,3400.47,176,240,64,EXPECTED_INCOMPLETE,EXPECTED
2025-08-08 00:00:00,3400.432,3402.356,3381.082,3395.837,240,240,0,COMPLETE,
2025-08-08 04:00:00,3395.821,3404.252,3388.712,3401.976,240,240,0,COMPLETE,
2025-08-08 08:00:00,3402.002,3402.631,3380.361,3386.249,240,240,0,COMPLETE,
2025-08-08 12:00:00,3386.206,3401.944,3381.129,3395.248,240,240,0,COMPLETE,
2025-08-08 16:00:00,3395.284,3404.248,3376.553,3398.566,240,240,0,COMPLETE,
2025-08-08 20:00:00,3398.618,3398.898,3392.421,3398.564,58,240,182,EXPECTED_INCOMPLETE,EXPECTED
2025-08-09 00:00:00,,,,,0,240,240,SESSION_CLOSED_EXPECTED,EXPECTED
2025-08-09 04:00:00,,,,,0,240,240,SESSION_CLOSED_EXPECTED,EXPECTED
2025-08-09 08:00:00,,,,,0,240,240,SESSION_CLOSED_EXPECTED,EXPECTED
2025-08-09 12:00:00,,,,,0,240,240,SESSION_CLOSED_EXPECTED,EXPECTED
2025-08-09 16:00:00,,,,,0,240,240,SESSION_CLOSED_EXPECTED,EXPECTED
2025-08-09 20:00:00,,,,,0,240,240,SESSION_CLOSED_EXPECTED,EXPECTED
2025-08-10 00:00:00,,,,,0,240,240,SESSION_CLOSED_EXPECTED,EXPECTED
2025-08-10 04:00:00,,,,,0,240,240,SESSION_CLOSED_EXPECTED,EXPECTED
2025-08-10 08:00:00,,,,,0,240,240,SESSION_CLOSED_EXPECTED,EXPECTED
2025-08-10 12:00:00,,,,,0,240,240,SESSION_CLOSED_EXPECTED,EXPECTED
2025-08-10 16:00:00,,,,,0,240,240,SESSION_CLOSED_EXPECTED,EXPECTED
2025-08-10 20:00:00,3400.578,3401.819,3390.292,3391.548,115,240,125,EXPECTED_INCOMPLETE,EXPECTED
2025-08-11 00:00:00,3391.592,3391.639,3367.702,3378.257,240,240,0,COMPLETE,
2025-08-11 04:00:00,3378.253,3380.065,3357.097,3360.069,240,240,0,COMPLETE,
2025-08-11 08:00:00,3360.112,3365.807,3349.852,3355.23,240,240,0,COMPLETE,
2025-08-11 12:00:00,3355.226,3362.902,3341.409,3349.405,240,240,0,COMPLETE,
2025-08-11 16:00:00,3349.502,3358.829,3341.273,3351.696,240,240,0,COMPLETE,
2025-08-11 20:00:00,3351.662,3351.777,3342.175,3349.027,176,240,64,EXPECTED_INCOMPLETE,EXPECTED
2025-08-12 00:00:00,3349.01,3357.462,3346.203,3349.39,240,240,0,COMPLETE,
2025-08-12 04:00:00,3349.437,3358.176,3342.274,3355.539,240,240,0,COMPLETE,
2025-08-12 08:00:00,3355.512,3355.863,3336.068,3347.469,240,240,0,COMPLETE,
2025-08-12 12:00:00,3347.464,3359.248,3331.071,3349.812,240,240,0,COMPLETE,
2025-08-12 16:00:00,3349.887,3351.259,3345.516,3347.563,240,240,0,COMPLETE,
2025-08-12 20:00:00,3347.549,3353.762,3346.012,3350.57,176,240,64,EXPECTED_INCOMPLETE,EXPECTED
2025-08-13 00:00:00,3350.58,3354.457,3342.678,3349.593,240,240,0,COMPLETE,
2025-08-13 04:00:00,3349.615,3361.004,3345.69,3354.723,240,240,0,COMPLETE,
2025-08-13 08:00:00,3354.688,3367.121,3352.848,3362.311,240,240,0,COMPLETE,
2025-08-13 12:00:00,3362.314,3370.735,3354.103,3357.746,240,240,0,COMPLETE,
2025-08-13 16:00:00,3357.778,3360.92,3349.9,3357.812,240,240,0,COMPLETE,
2025-08-13 20:00:00,3357.845,3363.446,3355.61,3362.702,176,240,64,EXPECTED_INCOMPLETE,EXPECTED
2025-08-14 00:00:00,3362.724,3374.845,3355.38,3360.464,240,240,0,COMPLETE,
2025-08-14 04:00:00,3360.496,3366.483,3343.591,3345.984,240,240,0,COMPLETE,
2025-08-14 08:00:00,3345.958,3359.197,3341.447,3355.4,240,240,0,COMPLETE,
2025-08-14 12:00:00,3355.431,3358.393,3334.198,3341.796,240,240,0,COMPLETE,
2025-08-14 16:00:00,3341.757,3342.101,3329.838,3337.965,240,240,0,COMPLETE,
2025-08-14 20:00:00,3338.019,3338.54,3332.188,3335.551,176,240,64,EXPECTED_INCOMPLETE,EXPECTED
2025-08-15 00:00:00,3335.58,3344.893,3332.372,3343.45,240,240,0,COMPLETE,
2025-08-15 04:00:00,3343.412,3348.747,3340.093,3346.147,240,240,0,COMPLETE,
2025-08-15 08:00:00,3346.107,3348.268,3336.243,3342.359,240,240,0,COMPLETE,
2025-08-15 12:00:00,3342.362,3345.994,3332.856,3342.287,240,240,0,COMPLETE,
2025-08-15 16:00:00,3342.369,3342.523,3334.387,3339.143,240,240,0,COMPLETE,
2025-08-15 20:00:00,3339.146,3339.435,3335.141,3335.213,58,240,182,EXPECTED_INCOMPLETE,EXPECTED
2025-08-16 00:00:00,,,,,0,240,240,SESSION_CLOSED_EXPECTED,EXPECTED
2025-08-16 04:00:00,,,,,0,240,240,SESSION_CLOSED_EXPECTED,EXPECTED
2025-08-16 08:00:00,,,,,0,240,240,SESSION_CLOSED_EXPECTED,EXPECTED
2025-08-16 12:00:00,,,,,0,240,240,SESSION_CLOSED_EXPECTED,EXPECTED
2025-08-16 16:00:00,,,,,0,240,240,SESSION_CLOSED_EXPECTED,EXPECTED
2025-08-16 20:00:00,,,,,0,240,240,SESSION_CLOSED_EXPECTED,EXPECTED
2025-08-17 00:00:00,,,,,0,240,240,SESSION_CLOSED_EXPECTED,EXPECTED
2025-08-17 04:00:00,,,,,0,240,240,SESSION_CLOSED_EXPECTED,EXPECTED
2025-08-17 08:00:00,,,,,0,240,240,SESSION_CLOSED_EXPECTED,EXPECTED
2025-08-17 12:00:00,,,,,0,240,240,SESSION_CLOSED_EXPECTED,EXPECTED
2025-08-17 16:00:00,,,,,0,240,240,SESSION_CLOSED_EXPECTED,EXPECTED
2025-08-17 20:00:00,3334.569,3335.381,3323.503,3327.097,115,240,125,EXPECTED_INCOMPLETE,EXPECTED
2025-08-18 00:00:00,3327.08,3351.841,3326.727,3347.156,240,240,0,COMPLETE,
2025-08-18 04:00:00,3347.073,3358.418,3346.003,3349.022,240,240,0,COMPLETE,
2025-08-18 08:00:00,3349.024,3351.734,3344.475,3345.456,240,240,0,COMPLETE,
2025-08-18 12:00:00,3345.5,3348.839,3332.195,3335.606,240,240,0,COMPLETE,
2025-08-18 16:00:00,3335.702,3335.884,3330.179,3333.623,240,240,0,COMPLETE,
2025-08-18 20:00:00,3333.667,3334.719,3330.542,3330.978,176,240,64,EXPECTED_INCOMPLETE,EXPECTED
2025-08-19 00:00:00,3330.99,3341.663,3326.07,3337.787,240,240,0,COMPLETE,
2025-08-19 04:00:00,3337.745,3341.845,3334.4,3340.711,240,240,0,COMPLETE,
2025-08-19 08:00:00,3340.777,3345.304,3336.427,3339.767,240,240,0,COMPLETE,
2025-08-19 12:00:00,3339.768,3340.544,3320.884,3322.669,240,240,0,COMPLETE,
2025-08-19 16:00:00,3322.711,3324.435,3314.867,3315.965,240,240,0,COMPLETE,
2025-08-19 20:00:00,3315.923,3317.637,3312.771,3314.231,176,240,64,EXPECTED_INCOMPLETE,EXPECTED
2025-08-20 00:00:00,3314.241,3318.648,3311.514,3317.52,240,240,0,COMPLETE,
2025-08-20 04:00:00,3317.517,3327.549,3317.177,3324.813,240,240,0,COMPLETE,
2025-08-20 08:00:00,3324.769,3332.935,3320.886,3332.313,240,240,0,COMPLETE,
2025-08-20 12:00:00,3332.32,3350.322,3332.046,3340.594,240,240,0,COMPLETE,
2025-08-20 16:00:00,3340.703,3349.263,3340.65,3348.821,240,240,0,COMPLETE,
2025-08-20 20:00:00,3348.773,3352.092,3346.342,3346.836,176,240,64,EXPECTED_INCOMPLETE,EXPECTED
2025-08-21 00:00:00,3346.906,3346.906,3339.687,3339.858,240,240,0,COMPLETE,
2025-08-21 04:00:00,3339.887,3341.525,3334.283,3339.629,240,240,0,COMPLETE,
2025-08-21 08:00:00,3339.665,3342.234,3325.126,3333.569,240,240,0,COMPLETE,
2025-08-21 12:00:00,3333.604,3348.112,3333.604,3343.647,240,240,0,COMPLETE,
2025-08-21 16:00:00,3343.597,3343.972,3336.544,3338.823,240,240,0,COMPLETE,
2025-08-21 20:00:00,3338.863,3340.64,3337.356,3338.411,176,240,64,EXPECTED_INCOMPLETE,EXPECTED
2025-08-22 00:00:00,3338.367,3340.225,3331.613,3331.976,240,240,0,COMPLETE,
2025-08-22 04:00:00,3331.963,3335.026,3325.692,3327.465,240,240,0,COMPLETE,
2025-08-22 08:00:00,3327.428,3331.771,3325.332,3329.346,240,240,0,COMPLETE,
2025-08-22 12:00:00,3329.342,3378.869,3321.378,3367.914,240,240,0,COMPLETE,
2025-08-22 16:00:00,3367.858,3375.501,3367.824,3373.188,240,240,0,COMPLETE,
2025-08-22 20:00:00,3373.213,3373.666,3370.154,3372.299,58,240,182,EXPECTED_INCOMPLETE,EXPECTED
2025-08-23 00:00:00,,,,,0,240,240,SESSION_CLOSED_EXPECTED,EXPECTED
2025-08-23 04:00:00,,,,,0,240,240,SESSION_CLOSED_EXPECTED,EXPECTED
2025-08-23 08:00:00,,,,,0,240,240,SESSION_CLOSED_EXPECTED,EXPECTED
2025-08-23 12:00:00,,,,,0,240,240,SESSION_CLOSED_EXPECTED,EXPECTED
2025-08-23 16:00:00,,,,,0,240,240,SESSION_CLOSED_EXPECTED,EXPECTED
2025-08-23 20:00:00,,,,,0,240,240,SESSION_CLOSED_EXPECTED,EXPECTED
2025-08-24 00:00:00,,,,,0,240,240,SESSION_CLOSED_EXPECTED,EXPECTED
2025-08-24 04:00:00,,,,,0,240,240,SESSION_CLOSED_EXPECTED,EXPECTED
2025-08-24 08:00:00,,,,,0,240,240,SESSION_CLOSED_EXPECTED,EXPECTED
2025-08-24 12:00:00,,,,,0,240,240,SESSION_CLOSED_EXPECTED,EXPECTED
2025-08-24 16:00:00,,,,,0,240,240,SESSION_CLOSED_EXPECTED,EXPECTED
2025-08-24 20:00:00,3368.744,3370.998,3365.848,3368.995,115,240,125,EXPECTED_INCOMPLETE,EXPECTED
2025-08-25 00:00:00,3369.08,3369.684,3359.796,3367.263,240,240,0,COMPLETE,
2025-08-25 04:00:00,3367.263,3369.888,3363.028,3366.226,240,240,0,COMPLETE,
2025-08-25 08:00:00,3366.229,3371.514,3361.927,3370.594,240,240,0,COMPLETE,
2025-08-25 12:00:00,3370.592,3376.306,3362.185,3374.068,240,240,0,COMPLETE,
2025-08-25 16:00:00,3374.001,3374.842,3365.183,3365.421,240,240,0,COMPLETE,
2025-08-25 20:00:00,3365.465,3367.156,3351.71,3354.892,176,240,64,EXPECTED_INCOMPLETE,EXPECTED
2025-08-26 00:00:00,3354.827,3386.515,3351.207,3372.21,240,240,0,COMPLETE,
2025-08-26 04:00:00,3372.217,3379.121,3367.291,3376.726,240,240,0,COMPLETE,
2025-08-26 08:00:00,3376.741,3380.36,3367.235,3377.501,240,240,0,COMPLETE,
2025-08-26 12:00:00,3377.52,3389.457,3370.374,3386.688,240,240,0,COMPLETE,
2025-08-26 16:00:00,3386.675,3390.818,3380.289,3389.658,240,240,0,COMPLETE,
2025-08-26 20:00:00,3389.689,3393.583,3388.72,3390.862,176,240,64,EXPECTED_INCOMPLETE,EXPECTED
2025-08-27 00:00:00,3390.853,3393.554,3380.577,3380.633,240,240,0,COMPLETE,
2025-08-27 04:00:00,3380.677,3381.93,3373.755,3381.393,240,240,0,COMPLETE,
2025-08-27 08:00:00,3381.374,3385.49,3373.698,3376.822,240,240,0,COMPLETE,
2025-08-27 12:00:00,3376.844,3390.42,3374.255,3387.898,240,240,0,COMPLETE,
2025-08-27 16:00:00,3387.917,3398.823,3387.478,3396.21,240,240,0,COMPLETE,
2025-08-27 20:00:00,3396.172,3399.502,3394.137,3395.819,176,240,64,EXPECTED_INCOMPLETE,EXPECTED
2025-08-28 00:00:00,3395.751,3398.029,3384.637,3390.079,240,240,0,COMPLETE,
2025-08-28 04:00:00,3390.206,3397.667,3387.608,3395.752,240,240,0,COMPLETE,
2025-08-28 08:00:00,3395.746,3407.671,3393.821,3404.153,240,240,0,COMPLETE,
2025-08-28 12:00:00,3404.058,3413.49,3394.306,3410.901,240,240,0,COMPLETE,
2025-08-28 16:00:00,3410.897,3423.212,3409.857,3422.07,240,240,0,COMPLETE,
2025-08-28 20:00:00,3422.11,3422.521,3414.759,3414.819,176,240,64,EXPECTED_INCOMPLETE,EXPECTED
2025-08-29 00:00:00,3414.85,3417.885,3407.956,3410.864,240,240,0,COMPLETE,
2025-08-29 04:00:00,3410.843,3412.661,3406.537,3412.197,240,240,0,COMPLETE,
2025-08-29 08:00:00,3412.161,3414.879,3404.309,3410.725,240,240,0,COMPLETE,
2025-08-29 12:00:00,3410.655,3447.633,3406.708,3445.494,240,240,0,COMPLETE,
2025-08-29 16:00:00,3445.487,3453.924,3440.988,3452.573,240,240,0,COMPLETE,
2025-08-29 20:00:00,3452.605,3452.734,3445.768,3448.035,58,240,182,EXPECTED_INCOMPLETE,EXPECTED
2025-08-30 00:00:00,,,,,0,240,240,SESSION_CLOSED_EXPECTED,EXPECTED
2025-08-30 04:00:00,,,,,0,240,240,SESSION_CLOSED_EXPECTED,EXPECTED
2025-08-30 08:00:00,,,,,0,240,240,SESSION_CLOSED_EXPECTED,EXPECTED
2025-08-30 12:00:00,,,,,0,240,240,SESSION_CLOSED_EXPECTED,EXPECTED
2025-08-30 16:00:00,,,,,0,240,240,SESSION_CLOSED_EXPECTED,EXPECTED
2025-08-30 20:00:00,,,,,0,240,240,SESSION_CLOSED_EXPECTED,EXPECTED
2025-08-31 00:00:00,,,,,0,240,240,SESSION_CLOSED_EXPECTED,EXPECTED
2025-08-31 04:00:00,,,,,0,240,240,SESSION_CLOSED_EXPECTED,EXPECTED
2025-08-31 08:00:00,,,,,0,240,240,SESSION_CLOSED_EXPECTED,EXPECTED
2025-08-31 12:00:00,,,,,0,240,240,SESSION_CLOSED_EXPECTED,EXPECTED
2025-08-31 16:00:00,,,,,0,240,240,SESSION_CLOSED_EXPECTED,EXPECTED
2025-08-31 20:00:00,3445.866,3452.606,3442.459,3447.952,115,240,125,EXPECTED_INCOMPLETE,EXPECTED
2025-09-01 00:00:00,3447.912,3486.107,3437.028,3474.523,240,240,0,COMPLETE,
2025-09-01 04:00:00,3474.491,3489.928,3467.764,3477.857,240,240,0,COMPLETE,
2025-09-01 08:00:00,3477.886,3479.901,3466.281,3470.025,240,240,0,COMPLETE,
2025-09-01 12:00:00,3470.058,3481.298,3467.112,3474.085,240,240,0,COMPLETE,
2025-09-01 16:00:00,3474.09,3478.89,3472.35,3476.76,135,240,105,UNEXPECTED_INCOMPLETE,UNEXPECTED
2025-09-01 20:00:00,3476.299,3481.524,3474.527,3479.211,118,240,122,UNEXPECTED_INCOMPLETE,UNEXPECTED
2025-09-02 00:00:00,3479.183,3508.741,3476.897,3495.044,240,240,0,COMPLETE,
2025-09-02 04:00:00,3495.008,3498.332,3472.072,3476.857,240,240,0,COMPLETE,
2025-09-02 08:00:00,3476.955,3490.14,3470.218,3489.727,240,240,0,COMPLETE,
2025-09-02 12:00:00,3489.687,3520.3,3474.19,3520.3,240,240,0,COMPLETE,
2025-09-02 16:00:00,3520.327,3540.122,3518.157,3536.978,240,240,0,COMPLETE,
2025-09-02 20:00:00,3537.036,3537.73,3526.293,3529.984,176,240,64,EXPECTED_INCOMPLETE,EXPECTED
2025-09-03 00:00:00,3530.01,3546.95,3528.022,3530.921,240,240,0,COMPLETE,
2025-09-03 04:00:00,3530.815,3538.292,3526.806,3533.847,240,240,0,COMPLETE,
2025-09-03 08:00:00,3533.874,3549.594,3532.292,3547.551,240,240,0,COMPLETE,
2025-09-03 12:00:00,3547.535,3567.404,3541.357,3563.953,240,240,0,COMPLETE,
2025-09-03 16:00:00,3563.95,3578.427,3561.159,3563.559,240,240,0,COMPLETE,
2025-09-03 20:00:00,3563.527,3566.064,3554.411,3560.292,176,240,64,EXPECTED_INCOMPLETE,EXPECTED
2025-09-04 00:00:00,3560.341,3563.473,3511.211,3529.147,240,240,0,COMPLETE,
2025-09-04 04:00:00,3529.182,3541.701,3524.44,3541.137,240,240,0,COMPLETE,
2025-09-04 08:00:00,3541.09,3549.862,3536.558,3545.464,240,240,0,COMPLETE,
2025-09-04 12:00:00,3545.419,3558.825,3535.042,3552.829,240,240,0,COMPLETE,
2025-09-04 16:00:00,3552.866,3556.227,3542.526,3549.8,240,240,0,COMPLETE,
2025-09-04 20:00:00,3549.836,3554.549,3539.909,3552.549,176,240,64,EXPECTED_INCOMPLETE,EXPECTED
2025-09-05 00:00:00,3552.532,3559.102,3545.958,3558.294,240,240,0,COMPLETE,
2025-09-05 04:00:00,3558.359,3561.15,3546.635,3548.197,240,240,0,COMPLETE,
2025-09-05 08:00:00,3548.161,3555.201,3544.721,3553.228,240,240,0,COMPLETE,
2025-09-05 12:00:00,3553.254,3597.893,3548.802,3592.005,240,240,0,COMPLETE,
2025-09-05 16:00:00,3592.046,3600.076,3590.504,3594.813,240,240,0,COMPLETE,
2025-09-05 20:00:00,3594.773,3595.357,3586.376,3586.597,58,240,182,EXPECTED_INCOMPLETE,EXPECTED
2025-09-06 00:00:00,,,,,0,240,240,SESSION_CLOSED_EXPECTED,EXPECTED
2025-09-06 04:00:00,,,,,0,240,240,SESSION_CLOSED_EXPECTED,EXPECTED
2025-09-06 08:00:00,,,,,0,240,240,SESSION_CLOSED_EXPECTED,EXPECTED
2025-09-06 12:00:00,,,,,0,240,240,SESSION_CLOSED_EXPECTED,EXPECTED
2025-09-06 16:00:00,,,,,0,240,240,SESSION_CLOSED_EXPECTED,EXPECTED
2025-09-06 20:00:00,,,,,0,240,240,SESSION_CLOSED_EXPECTED,EXPECTED
2025-09-07 00:00:00,,,,,0,240,240,SESSION_CLOSED_EXPECTED,EXPECTED
2025-09-07 04:00:00,,,,,0,240,240,SESSION_CLOSED_EXPECTED,EXPECTED
2025-09-07 08:00:00,,,,,0,240,240,SESSION_CLOSED_EXPECTED,EXPECTED
2025-09-07 12:00:00,,,,,0,240,240,SESSION_CLOSED_EXPECTED,EXPECTED
2025-09-07 16:00:00,,,,,0,240,240,SESSION_CLOSED_EXPECTED,EXPECTED
2025-09-07 20:00:00,3591.856,3596.716,3587.112,3591.178,115,240,125,EXPECTED_INCOMPLETE,EXPECTED
2025-09-08 00:00:00,3591.11,3597.16,3582.926,3583.61,240,240,0,COMPLETE,
2025-09-08 04:00:00,3583.567,3613.605,3579.62,3609.483,240,240,0,COMPLETE,
2025-09-08 08:00:00,3609.581,3622.52,3607.132,3619.901,240,240,0,COMPLETE,
2025-09-08 12:00:00,3619.926,3646.316,3614.775,3639.259,240,240,0,COMPLETE,
2025-09-08 16:00:00,3639.338,3641.772,3631.848,3636.528,240,240,0,COMPLETE,
2025-09-08 20:00:00,3636.555,3637.945,3628.216,3634.992,176,240,64,EXPECTED_INCOMPLETE,EXPECTED
2025-09-09 00:00:00,3635.023,3654.597,3633.474,3645.838,240,240,0,COMPLETE,
2025-09-09 04:00:00,3645.864,3659.258,3636.485,3644.363,240,240,0,COMPLETE,
2025-09-09 08:00:00,3644.298,3656.71,3641.989,3648.0,240,240,0,COMPLETE,
2025-09-09 12:00:00,3648.072,3674.544,3626.845,3645.441,240,240,0,COMPLETE,
2025-09-09 16:00:00,3645.462,3649.458,3628.449,3629.362,240,240,0,COMPLETE,
2025-09-09 20:00:00,3629.325,3640.753,3623.12,3633.568,176,240,64,EXPECTED_INCOMPLETE,EXPECTED
2025-09-10 00:00:00,3633.543,3638.325,3620.18,3636.479,240,240,0,COMPLETE,
2025-09-10 04:00:00,3636.579,3648.467,3636.488,3644.103,240,240,0,COMPLETE,
2025-09-10 08:00:00,3644.141,3657.577,3641.995,3649.282,240,240,0,COMPLETE,
2025-09-10 12:00:00,3649.298,3657.417,3638.438,3644.495,240,240,0,COMPLETE,
2025-09-10 16:00:00,3644.465,3649.72,3635.064,3641.898,240,240,0,COMPLETE,
2025-09-10 20:00:00,3641.864,3645.552,3637.997,3644.915,176,240,64,EXPECTED_INCOMPLETE,EXPECTED
2025-09-11 00:00:00,3644.851,3649.15,3629.8,3632.005,240,240,0,COMPLETE,
2025-09-11 04:00:00,3632.072,3637.976,3622.666,3629.811,240,240,0,COMPLETE,
2025-09-11 08:00:00,3629.845,3631.716,3614.136,3616.789,240,240,0,COMPLETE,
2025-09-11 12:00:00,3616.76,3643.946,3613.133,3633.06,240,240,0,COMPLETE,
2025-09-11 16:00:00,3633.102,3641.947,3630.298,3636.945,240,240,0,COMPLETE,
2025-09-11 20:00:00,3636.909,3638.26,3631.539,3631.842,176,240,64,EXPECTED_INCOMPLETE,EXPECTED
2025-09-12 00:00:00,3631.81,3653.272,3630.497,3652.849,240,240,0,COMPLETE,
2025-09-12 04:00:00,3652.81,3656.62,3647.772,3648.301,240,240,0,COMPLETE,
2025-09-12 08:00:00,3648.242,3652.168,3637.729,3647.044,240,240,0,COMPLETE,
2025-09-12 12:00:00,3647.076,3654.32,3638.242,3644.515,240,240,0,COMPLETE,
2025-09-12 16:00:00,3644.539,3650.615,3642.707,3644.164,240,240,0,COMPLETE,
2025-09-12 20:00:00,3644.204,3645.399,3641.347,3643.484,58,240,182,EXPECTED_INCOMPLETE,EXPECTED
2025-09-13 00:00:00,,,,,0,240,240,SESSION_CLOSED_EXPECTED,EXPECTED
2025-09-13 04:00:00,,,,,0,240,240,SESSION_CLOSED_EXPECTED,EXPECTED
2025-09-13 08:00:00,,,,,0,240,240,SESSION_CLOSED_EXPECTED,EXPECTED
2025-09-13 12:00:00,,,,,0,240,240,SESSION_CLOSED_EXPECTED,EXPECTED
2025-09-13 16:00:00,,,,,0,240,240,SESSION_CLOSED_EXPECTED,EXPECTED
2025-09-13 20:00:00,,,,,0,240,240,SESSION_CLOSED_EXPECTED,EXPECTED
2025-09-14 00:00:00,,,,,0,240,240,SESSION_CLOSED_EXPECTED,EXPECTED
2025-09-14 04:00:00,,,,,0,240,240,SESSION_CLOSED_EXPECTED,EXPECTED
2025-09-14 08:00:00,,,,,0,240,240,SESSION_CLOSED_EXPECTED,EXPECTED
2025-09-14 12:00:00,,,,,0,240,240,SESSION_CLOSED_EXPECTED,EXPECTED
2025-09-14 16:00:00,,,,,0,240,240,SESSION_CLOSED_EXPECTED,EXPECTED
2025-09-14 20:00:00,3644.61,3645.996,3636.772,3638.241,115,240,125,EXPECTED_INCOMPLETE,EXPECTED
2025-09-15 00:00:00,3638.237,3646.422,3626.541,3646.019,240,240,0,COMPLETE,
2025-09-15 04:00:00,3646.03,3646.892,3633.754,3643.821,240,240,0,COMPLETE,
2025-09-15 08:00:00,3643.9,3646.701,3635.711,3642.661,240,240,0,COMPLETE,
2025-09-15 12:00:00,3642.686,3681.938,3636.957,3680.435,240,240,0,COMPLETE,
2025-09-15 16:00:00,3680.497,3685.623,3674.749,3680.955,240,240,0,COMPLETE,
2025-09-15 20:00:00,3680.912,3681.986,3676.111,3676.996,176,240,64,EXPECTED_INCOMPLETE,EXPECTED
2025-09-16 00:00:00,3676.886,3689.454,3674.646,3681.135,240,240,0,COMPLETE,
2025-09-16 04:00:00,3681.062,3694.183,3680.179,3686.47,240,240,0,COMPLETE,
2025-09-16 08:00:00,3686.431,3699.491,3686.136,3697.166,240,240,0,COMPLETE,
2025-09-16 12:00:00,3697.203,3703.11,3678.868,3686.142,240,240,0,COMPLETE,
2025-09-16 16:00:00,3686.21,3691.165,3684.613,3689.61,240,240,0,COMPLETE,
2025-09-16 20:00:00,3689.662,3695.243,3689.44,3694.245,176,240,64,EXPECTED_INCOMPLETE,EXPECTED
2025-09-17 00:00:00,3694.244,3695.378,3674.218,3681.691,240,240,0,COMPLETE,
2025-09-17 04:00:00,3681.688,3685.835,3666.593,3667.199,240,240,0,COMPLETE,
2025-09-17 08:00:00,3667.155,3670.964,3659.843,3665.975,240,240,0,COMPLETE,
2025-09-17 12:00:00,3666.005,3687.2,3665.538,3684.136,240,240,0,COMPLETE,
2025-09-17 16:00:00,3684.167,3707.455,3646.057,3661.73,240,240,0,COMPLETE,
2025-09-17 20:00:00,3661.755,3672.021,3655.582,3669.169,176,240,64,EXPECTED_INCOMPLETE,EXPECTED
2025-09-18 00:00:00,3669.1,3669.989,3651.826,3658.506,240,240,0,COMPLETE,
2025-09-18 04:00:00,3658.554,3659.874,3633.826,3659.018,240,240,0,COMPLETE,
2025-09-18 08:00:00,3658.971,3673.017,3653.687,3667.193,240,240,0,COMPLETE,
2025-09-18 12:00:00,3667.233,3672.452,3627.772,3641.315,240,240,0,COMPLETE,
2025-09-18 16:00:00,3641.346,3647.229,3640.506,3646.565,240,240,0,COMPLETE,
2025-09-18 20:00:00,3646.611,3647.257,3637.719,3640.239,176,240,64,EXPECTED_INCOMPLETE,EXPECTED
2025-09-19 00:00:00,3640.242,3656.444,3632.203,3653.722,240,240,0,COMPLETE,
2025-09-19 04:00:00,3653.66,3661.222,3643.269,3653.981,240,240,0,COMPLETE,
2025-09-19 08:00:00,3653.874,3659.228,3645.676,3648.392,240,240,0,COMPLETE,
2025-09-19 12:00:00,3648.421,3676.032,3643.771,3670.739,240,240,0,COMPLETE,
2025-09-19 16:00:00,3670.71,3685.19,3666.602,3684.462,240,240,0,COMPLETE,
2025-09-19 20:00:00,3684.353,3685.038,3680.835,3684.861,58,240,182,EXPECTED_INCOMPLETE,EXPECTED
2025-09-20 00:00:00,,,,,0,240,240,SESSION_CLOSED_EXPECTED,EXPECTED
2025-09-20 04:00:00,,,,,0,240,240,SESSION_CLOSED_EXPECTED,EXPECTED
2025-09-20 08:00:00,,,,,0,240,240,SESSION_CLOSED_EXPECTED,EXPECTED
2025-09-20 12:00:00,,,,,0,240,240,SESSION_CLOSED_EXPECTED,EXPECTED
2025-09-20 16:00:00,,,,,0,240,240,SESSION_CLOSED_EXPECTED,EXPECTED
2025-09-20 20:00:00,,,,,0,240,240,SESSION_CLOSED_EXPECTED,EXPECTED
2025-09-21 00:00:00,,,,,0,240,240,SESSION_CLOSED_EXPECTED,EXPECTED
2025-09-21 04:00:00,,,,,0,240,240,SESSION_CLOSED_EXPECTED,EXPECTED
2025-09-21 08:00:00,,,,,0,240,240,SESSION_CLOSED_EXPECTED,EXPECTED
2025-09-21 12:00:00,,,,,0,240,240,SESSION_CLOSED_EXPECTED,EXPECTED
2025-09-21 16:00:00,,,,,0,240,240,SESSION_CLOSED_EXPECTED,EXPECTED
2025-09-21 20:00:00,3687.969,3692.329,3683.776,3686.253,115,240,125,EXPECTED_INCOMPLETE,EXPECTED
2025-09-22 00:00:00,3686.263,3697.532,3685.466,3695.442,240,240,0,COMPLETE,
2025-09-22 04:00:00,3695.454,3719.857,3690.102,3713.226,240,240,0,COMPLETE,
2025-09-22 08:00:00,3713.193,3728.313,3712.314,3724.606,240,240,0,COMPLETE,
2025-09-22 12:00:00,3724.643,3736.395,3712.054,3736.15,240,240,0,COMPLETE,
2025-09-22 16:00:00,3736.109,3748.793,3735.201,3747.651,240,240,0,COMPLETE,
2025-09-22 20:00:00,3747.606,3749.254,3738.273,3747.763,176,240,64,EXPECTED_INCOMPLETE,EXPECTED
2025-09-23 00:00:00,3747.797,3759.325,3736.722,3746.477,240,240,0,COMPLETE,
2025-09-23 04:00:00,3746.489,3758.762,3743.065,3753.435,240,240,0,COMPLETE,
2025-09-23 08:00:00,3753.381,3791.065,3752.965,3783.475,240,240,0,COMPLETE,
2025-09-23 12:00:00,3783.52,3788.815,3767.617,3779.338,240,240,0,COMPLETE,
2025-09-23 16:00:00,3779.37,3785.704,3751.856,3764.306,240,240,0,COMPLETE,
2025-09-23 20:00:00,3764.248,3770.193,3761.554,3763.842,176,240,64,EXPECTED_INCOMPLETE,EXPECTED
2025-09-24 00:00:00,3763.822,3771.877,3750.597,3765.4,240,240,0,COMPLETE,
2025-09-24 04:00:00,3765.422,3779.229,3763.218,3777.358,240,240,0,COMPLETE,
2025-09-24 08:00:00,3777.391,3777.734,3759.629,3768.903,240,240,0,COMPLETE,
2025-09-24 12:00:00,3768.958,3772.985,3739.64,3741.114,240,240,0,COMPLETE,
2025-09-24 16:00:00,3741.079,3745.219,3717.427,3730.032,240,240,0,COMPLETE,
2025-09-24 20:00:00,3730.098,3745.319,3729.941,3742.92,176,240,64,EXPECTED_INCOMPLETE,EXPECTED
2025-09-25 00:00:00,3743.0,3751.539,3729.422,3736.578,240,240,0,COMPLETE,
2025-09-25 04:00:00,3736.581,3755.001,3731.74,3752.213,240,240,0,COMPLETE,
2025-09-25 08:00:00,3752.174,3761.601,3741.067,3753.056,240,240,0,COMPLETE,
2025-09-25 12:00:00,3753.018,3755.93,3721.941,3735.828,240,240,0,COMPLETE,
2025-09-25 16:00:00,3735.893,3758.296,3732.366,3746.523,240,240,0,COMPLETE,
2025-09-25 20:00:00,3746.56,3752.524,3738.051,3744.717,176,240,64,EXPECTED_INCOMPLETE,EXPECTED
2025-09-26 00:00:00,3744.676,3753.317,3734.464,3745.435,240,240,0,COMPLETE,
2025-09-26 04:00:00,3745.474,3754.165,3739.181,3747.971,240,240,0,COMPLETE,
2025-09-26 08:00:00,3747.991,3755.206,3742.903,3748.706,240,240,0,COMPLETE,
2025-09-26 12:00:00,3748.662,3783.826,3746.602,3780.373,240,240,0,COMPLETE,
2025-09-26 16:00:00,3780.332,3783.204,3764.617,3766.692,240,240,0,COMPLETE,
2025-09-26 20:00:00,3766.743,3769.555,3760.026,3761.041,58,240,182,EXPECTED_INCOMPLETE,EXPECTED
2025-09-27 00:00:00,,,,,0,240,240,SESSION_CLOSED_EXPECTED,EXPECTED
2025-09-27 04:00:00,,,,,0,240,240,SESSION_CLOSED_EXPECTED,EXPECTED
2025-09-27 08:00:00,,,,,0,240,240,SESSION_CLOSED_EXPECTED,EXPECTED
2025-09-27 12:00:00,,,,,0,240,240,SESSION_CLOSED_EXPECTED,EXPECTED
2025-09-27 16:00:00,,,,,0,240,240,SESSION_CLOSED_EXPECTED,EXPECTED
2025-09-27 20:00:00,,,,,0,240,240,SESSION_CLOSED_EXPECTED,EXPECTED
2025-09-28 00:00:00,,,,,0,240,240,SESSION_CLOSED_EXPECTED,EXPECTED
2025-09-28 04:00:00,,,,,0,240,240,SESSION_CLOSED_EXPECTED,EXPECTED
2025-09-28 08:00:00,,,,,0,240,240,SESSION_CLOSED_EXPECTED,EXPECTED
2025-09-28 12:00:00,,,,,0,240,240,SESSION_CLOSED_EXPECTED,EXPECTED
2025-09-28 16:00:00,,,,,0,240,240,SESSION_CLOSED_EXPECTED,EXPECTED
2025-09-28 20:00:00,3764.718,3772.502,3763.322,3766.899,115,240,125,EXPECTED_INCOMPLETE,EXPECTED
2025-09-29 00:00:00,3766.858,3799.439,3763.91,3794.34,240,240,0,COMPLETE,
2025-09-29 04:00:00,3794.355,3819.874,3792.419,3806.343,240,240,0,COMPLETE,
2025-09-29 08:00:00,3806.381,3831.36,3806.381,3828.916,240,240,0,COMPLETE,
2025-09-29 12:00:00,3828.865,3833.183,3809.189,3830.351,240,240,0,COMPLETE,
2025-09-29 16:00:00,3830.345,3833.56,3822.605,3828.754,240,240,0,COMPLETE,
2025-09-29 20:00:00,3828.792,3834.025,3825.656,3832.835,176,240,64,EXPECTED_INCOMPLETE,EXPECTED
2025-09-30 00:00:00,3832.89,3867.205,3831.128,3864.772,240,240,0,COMPLETE,
2025-09-30 04:00:00,3864.731,3871.7,3839.471,3843.811,240,240,0,COMPLETE,
2025-09-30 08:00:00,3843.843,3847.244,3793.074,3815.189,240,240,0,COMPLETE,
2025-09-30 12:00:00,3815.128,3854.543,3808.828,3839.035,240,240,0,COMPLETE,
2025-09-30 16:00:00,3839.001,3860.808,3837.779,3859.05,240,240,0,COMPLETE,
2025-09-30 20:00:00,3859.09,3863.08,3850.731,3862.927,176,240,64,EXPECTED_INCOMPLETE,EXPECTED
2025-10-01 00:00:00,3862.94,3875.562,3855.514,3861.982,240,240,0,COMPLETE,
2025-10-01 04:00:00,3861.988,3879.88,3853.356,3879.185,240,240,0,COMPLETE,
2025-10-01 08:00:00,3879.237,3895.376,3878.059,3883.512,240,240,0,COMPLETE,
2025-10-01 12:00:00,3883.596,3891.122,3856.11,3868.483,240,240,0,COMPLETE,
2025-10-01 16:00:00,3868.424,3871.894,3854.896,3867.708,240,240,0,COMPLETE,
2025-10-01 20:00:00,3867.731,3867.883,3857.474,3863.518,176,240,64,EXPECTED_INCOMPLETE,EXPECTED
2025-10-02 00:00:00,3863.475,3870.021,3852.832,3866.58,240,240,0,COMPLETE,
2025-10-02 04:00:00,3866.587,3874.822,3861.697,3868.558,240,240,0,COMPLETE,
2025-10-02 08:00:00,3868.463,3886.696,3864.659,3886.313,240,240,0,COMPLETE,
2025-10-02 12:00:00,3886.277,3897.154,3819.32,3828.364,240,240,0,COMPLETE,
2025-10-02 16:00:00,3828.316,3859.08,3827.173,3855.554,240,240,0,COMPLETE,
2025-10-02 20:00:00,3855.603,3863.763,3852.146,3862.41,176,240,64,EXPECTED_INCOMPLETE,EXPECTED
2025-10-03 00:00:00,3862.365,3862.779,3837.995,3842.757,240,240,0,COMPLETE,
2025-10-03 04:00:00,3842.711,3865.28,3841.597,3864.286,240,240,0,COMPLETE,
2025-10-03 08:00:00,3864.196,3867.688,3854.689,3862.077,240,240,0,COMPLETE,
2025-10-03 12:00:00,3862.141,3891.638,3860.448,3889.44,240,240,0,COMPLETE,
2025-10-03 16:00:00,3889.402,3889.785,3876.909,3885.568,240,240,0,COMPLETE,
2025-10-03 20:00:00,3885.537,3887.228,3882.845,3887.045,58,240,182,EXPECTED_INCOMPLETE,EXPECTED
2025-10-04 00:00:00,,,,,0,240,240,SESSION_CLOSED_EXPECTED,EXPECTED
2025-10-04 04:00:00,,,,,0,240,240,SESSION_CLOSED_EXPECTED,EXPECTED
2025-10-04 08:00:00,,,,,0,240,240,SESSION_CLOSED_EXPECTED,EXPECTED
2025-10-04 12:00:00,,,,,0,240,240,SESSION_CLOSED_EXPECTED,EXPECTED
2025-10-04 16:00:00,,,,,0,240,240,SESSION_CLOSED_EXPECTED,EXPECTED
2025-10-04 20:00:00,,,,,0,240,240,SESSION_CLOSED_EXPECTED,EXPECTED
2025-10-05 00:00:00,,,,,0,240,240,SESSION_CLOSED_EXPECTED,EXPECTED
2025-10-05 04:00:00,,,,,0,240,240,SESSION_CLOSED_EXPECTED,EXPECTED
2025-10-05 08:00:00,,,,,0,240,240,SESSION_CLOSED_EXPECTED,EXPECTED
2025-10-05 12:00:00,,,,,0,240,240,SESSION_CLOSED_EXPECTED,EXPECTED
2025-10-05 16:00:00,,,,,0,240,240,SESSION_CLOSED_EXPECTED,EXPECTED
2025-10-05 20:00:00,3888.624,3920.986,3884.034,3909.45,115,240,125,EXPECTED_INCOMPLETE,EXPECTED
2025-10-06 00:00:00,3909.487,3932.041,3898.931,3929.569,240,240,0,COMPLETE,
2025-10-06 04:00:00,3929.584,3945.205,3922.449,3941.617,240,240,0,COMPLETE,
2025-10-06 08:00:00,3941.651,3949.598,3930.997,3938.294,240,240,0,COMPLETE,
2025-10-06 12:00:00,3938.256,3964.121,3926.478,3962.468,240,240,0,COMPLETE,
2025-10-06 16:00:00,3962.454,3970.01,3945.753,3959.451,240,240,0,COMPLETE,
2025-10-06 20:00:00,3959.415,3976.198,3957.397,3969.514,176,240,64,EXPECTED_INCOMPLETE,EXPECTED
2025-10-07 00:00:00,3969.556,3977.475,3955.804,3973.395,240,240,0,COMPLETE,
2025-10-07 04:00:00,3973.418,3976.904,3943.273,3945.962,240,240,0,COMPLETE,
2025-10-07 08:00:00,3945.918,3969.135,3940.82,3966.998,240,240,0,COMPLETE,
2025-10-07 12:00:00,3966.949,3991.059,3961.777,3966.153,240,240,0,COMPLETE,
2025-10-07 16:00:00,3966.198,3987.739,3963.164,3980.14,240,240,0,COMPLETE,
2025-10-07 20:00:00,3980.195,3995.946,3980.195,3994.411,176,240,64,EXPECTED_INCOMPLETE,EXPECTED
2025-10-08 00:00:00,3994.367,4016.527,3984.478,4014.641,240,240,0,COMPLETE,
2025-10-08 04:00:00,4014.688,4039.046,4014.688,4034.2,240,240,0,COMPLETE,
2025-10-08 08:00:00,4034.165,4049.628,4030.829,4037.935,240,240,0,COMPLETE,
2025-10-08 12:00:00,4037.899,4050.719,4026.342,4045.664,240,240,0,COMPLETE,
2025-10-08 16:00:00,4045.694,4059.321,4032.041,4044.914,240,240,0,COMPLETE,
2025-10-08 20:00:00,4044.886,4046.707,4001.257,4011.708,176,240,64,EXPECTED_INCOMPLETE,EXPECTED
2025-10-09 00:00:00,4011.706,4036.3,4002.492,4026.749,240,240,0,COMPLETE,
2025-10-09 04:00:00,4026.72,4043.744,4022.631,4031.582,240,240,0,COMPLETE,
2025-10-09 08:00:00,4031.479,4046.733,4030.183,4044.488,240,240,0,COMPLETE,
2025-10-09 12:00:00,4044.45,4057.978,4003.929,4014.65,240,240,0,COMPLETE,
2025-10-09 16:00:00,4014.581,4021.757,3944.6,3973.033,240,240,0,COMPLETE,
2025-10-09 20:00:00,3973.087,3990.833,3958.514,3989.932,176,240,64,EXPECTED_INCOMPLETE,EXPECTED
2025-10-10 00:00:00,3989.927,3994.402,3960.778,3961.963,240,240,0,COMPLETE,
2025-10-10 04:00:00,3961.934,3977.909,3946.916,3971.99,240,240,0,COMPLETE,
2025-10-10 08:00:00,3971.998,4006.76,3970.098,3987.181,240,240,0,COMPLETE,
2025-10-10 12:00:00,3987.207,4022.825,3970.664,3997.977,240,240,0,COMPLETE,
2025-10-10 16:00:00,3998.011,4021.315,3974.975,4011.206,240,240,0,COMPLETE,
2025-10-10 20:00:00,4011.247,4020.903,4005.645,4010.399,58,240,182,EXPECTED_INCOMPLETE,EXPECTED
2025-10-11 00:00:00,,,,,0,240,240,SESSION_CLOSED_EXPECTED,EXPECTED
2025-10-11 04:00:00,,,,,0,240,240,SESSION_CLOSED_EXPECTED,EXPECTED
2025-10-11 08:00:00,,,,,0,240,240,SESSION_CLOSED_EXPECTED,EXPECTED
2025-10-11 12:00:00,,,,,0,240,240,SESSION_CLOSED_EXPECTED,EXPECTED
2025-10-11 16:00:00,,,,,0,240,240,SESSION_CLOSED_EXPECTED,EXPECTED
2025-10-11 20:00:00,,,,,0,240,240,SESSION_CLOSED_EXPECTED,EXPECTED
2025-10-12 00:00:00,,,,,0,240,240,SESSION_CLOSED_EXPECTED,EXPECTED
2025-10-12 04:00:00,,,,,0,240,240,SESSION_CLOSED_EXPECTED,EXPECTED
2025-10-12 08:00:00,,,,,0,240,240,SESSION_CLOSED_EXPECTED,EXPECTED
2025-10-12 12:00:00,,,,,0,240,240,SESSION_CLOSED_EXPECTED,EXPECTED
2025-10-12 16:00:00,,,,,0,240,240,SESSION_CLOSED_EXPECTED,EXPECTED
2025-10-12 20:00:00,4014.463,4060.193,4008.645,4035.147,115,240,125,EXPECTED_INCOMPLETE,EXPECTED
2025-10-13 00:00:00,4035.195,4059.926,4024.338,4051.928,240,240,0,COMPLETE,
2025-10-13 04:00:00,4051.922,4078.206,4050.974,4071.176,240,240,0,COMPLETE,
2025-10-13 08:00:00,4071.135,4085.261,4069.026,4073.986,240,240,0,COMPLETE,
2025-10-13 12:00:00,4073.987,4107.412,4073.173,4104.946,240,240,0,COMPLETE,
2025-10-13 16:00:00,4104.908,4117.037,4090.701,4108.627,240,240,0,COMPLETE,
2025-10-13 20:00:00,4108.532,4132.069,4106.024,4128.045,176,240,64,EXPECTED_INCOMPLETE,EXPECTED
2025-10-14 00:00:00,4128.091,4166.495,4119.597,4163.373,240,240,0,COMPLETE,
2025-10-14 04:00:00,4163.414,4179.726,4090.603,4126.245,240,240,0,COMPLETE,
2025-10-14 08:00:00,4126.277,4145.217,4121.782,4130.511,240,240,0,COMPLETE,
2025-10-14 12:00:00,4130.473,4142.716,4097.762,4137.989,240,240,0,COMPLETE,
2025-10-14 16:00:00,4138.03,4155.284,4127.903,4141.606,240,240,0,COMPLETE,
2025-10-14 20:00:00,4141.564,4167.144,4139.138,4161.613,176,240,64,EXPECTED_INCOMPLETE,EXPECTED
2025-10-15 00:00:00,4161.574,4190.883,4153.803,4187.051,240,240,0,COMPLETE,
2025-10-15 04:00:00,4187.099,4209.799,4173.253,4207.69,240,240,0,COMPLETE,
2025-10-15 08:00:00,4207.732,4218.221,4164.774,4198.664,240,240,0,COMPLETE,
2025-10-15 12:00:00,4198.692,4212.361,4176.187,4190.235,240,240,0,COMPLETE,
2025-10-15 16:00:00,4190.285,4213.525,4182.527,4210.372,240,240,0,COMPLETE,
2025-10-15 20:00:00,4210.328,4215.9,4199.584,4209.458,176,240,64,EXPECTED_INCOMPLETE,EXPECTED
2025-10-16 00:00:00,4209.563,4242.119,4204.95,4233.816,240,240,0,COMPLETE,
2025-10-16 04:00:00,4233.804,4239.452,4203.546,4230.521,240,240,0,COMPLETE,
2025-10-16 08:00:00,4230.551,4247.734,4222.062,4240.659,240,240,0,COMPLETE,
2025-10-16 12:00:00,4240.703,4276.073,4227.691,4273.407,240,240,0,COMPLETE,
2025-10-16 16:00:00,4273.438,4313.043,4261.335,4307.326,240,240,0,COMPLETE,
2025-10-16 20:00:00,4307.373,4380.074,4307.373,4365.805,176,240,64,EXPECTED_INCOMPLETE,EXPECTED
2025-10-17 00:00:00,4365.763,4371.673,4278.793,4366.694,240,240,0,COMPLETE,
2025-10-17 04:00:00,4366.703,4378.554,4308.845,4342.371,240,240,0,COMPLETE,
2025-10-17 08:00:00,4342.341,4349.77,4286.653,4287.115,240,240,0,COMPLETE,
2025-10-17 12:00:00,4287.178,4320.271,4216.85,4237.478,240,240,0,COMPLETE,
2025-10-17 16:00:00,4237.54,4244.985,4186.172,4225.936,240,240,0,COMPLETE,
2025-10-17 20:00:00,4225.895,4252.702,4220.102,4250.936,58,240,182,EXPECTED_INCOMPLETE,EXPECTED
2025-10-18 00:00:00,,,,,0,240,240,SESSION_CLOSED_EXPECTED,EXPECTED
2025-10-18 04:00:00,,,,,0,240,240,SESSION_CLOSED_EXPECTED,EXPECTED
2025-10-18 08:00:00,,,,,0,240,240,SESSION_CLOSED_EXPECTED,EXPECTED
2025-10-18 12:00:00,,,,,0,240,240,SESSION_CLOSED_EXPECTED,EXPECTED
2025-10-18 16:00:00,,,,,0,240,240,SESSION_CLOSED_EXPECTED,EXPECTED
2025-10-18 20:00:00,,,,,0,240,240,SESSION_CLOSED_EXPECTED,EXPECTED
2025-10-19 00:00:00,,,,,0,240,240,SESSION_CLOSED_EXPECTED,EXPECTED
2025-10-19 04:00:00,,,,,0,240,240,SESSION_CLOSED_EXPECTED,EXPECTED
2025-10-19 08:00:00,,,,,0,240,240,SESSION_CLOSED_EXPECTED,EXPECTED
2025-10-19 12:00:00,,,,,0,240,240,SESSION_CLOSED_EXPECTED,EXPECTED
2025-10-19 16:00:00,,,,,0,240,240,SESSION_CLOSED_EXPECTED,EXPECTED
2025-10-19 20:00:00,4264.629,4268.325,4233.246,4237.851,115,240,125,EXPECTED_INCOMPLETE,EXPECTED
2025-10-20 00:00:00,4237.822,4271.286,4218.935,4264.725,240,240,0,COMPLETE,
2025-10-20 04:00:00,4264.681,4268.314,4221.41,4255.173,240,240,0,COMPLETE,
2025-10-20 08:00:00,4255.137,4279.738,4245.621,4279.281,240,240,0,COMPLETE,
2025-10-20 12:00:00,4279.313,4355.752,4272.727,4349.215,240,240,0,COMPLETE,
2025-10-20 16:00:00,4349.18,4381.569,4337.34,4378.172,240,240,0,COMPLETE,
2025-10-20 20:00:00,4378.211,4380.115,4346.475,4360.492,176,240,64,EXPECTED_INCOMPLETE,EXPECTED
2025-10-21 00:00:00,4360.442,4372.296,4332.872,4346.584,240,240,0,COMPLETE,
2025-10-21 04:00:00,4346.538,4347.068,4293.394,4298.449,240,240,0,COMPLETE,
2025-10-21 08:00:00,4298.363,4301.779,4244.726,4253.325,240,240,0,COMPLETE,
2025-10-21 12:00:00,4253.353,4257.511,4080.817,4138.535,240,240,0,COMPLETE,
2025-10-21 16:00:00,4138.648,4143.876,4093.562,4108.77,240,240,0,COMPLETE,
2025-10-21 20:00:00,4108.802,4132.322,4090.127,4093.156,176,240,64,EXPECTED_INCOMPLETE,EXPECTED
2025-10-22 00:00:00,4093.182,4143.136,4004.185,4128.674,240,240,0,COMPLETE,
2025-10-22 04:00:00,4128.61,4161.36,4107.57,4132.901,240,240,0,COMPLETE,
2025-10-22 08:00:00,4132.863,4135.863,4015.07,4027.778,240,240,0,COMPLETE,
2025-10-22 12:00:00,4027.805,4085.272,4010.988,4037.089,240,240,0,COMPLETE,
2025-10-22 16:00:00,4037.043,4113.632,4023.203,4102.378,240,240,0,COMPLETE,
2025-10-22 20:00:00,4102.333,4116.475,4080.517,4087.735,176,240,64,EXPECTED_INCOMPLETE,EXPECTED
2025-10-23 00:00:00,4087.639,4100.725,4065.984,4091.173,240,240,0,COMPLETE,
2025-10-23 04:00:00,4091.195,4137.712,4079.656,4094.256,240,240,0,COMPLETE,
2025-10-23 08:00:00,4094.292,4125.478,4094.292,4109.614,240,240,0,COMPLETE,
2025-10-23 12:00:00,4109.581,4154.684,4100.14,4141.845,240,240,0,COMPLETE,
2025-10-23 16:00:00,4141.816,4148.643,4116.426,4118.289,240,240,0,COMPLETE,
2025-10-23 20:00:00,4118.333,4131.923,4105.812,4121.703,176,240,64,EXPECTED_INCOMPLETE,EXPECTED
2025-10-24 00:00:00,4121.728,4144.297,4107.556,4122.38,240,240,0,COMPLETE,
2025-10-24 04:00:00,4122.262,4123.316,4069.547,4074.245,240,240,0,COMPLETE,
2025-10-24 08:00:00,4074.376,4077.914,4043.978,4061.284,240,240,0,COMPLETE,
2025-10-24 12:00:00,4061.371,4135.165,4059.819,4130.347,240,240,0,COMPLETE,
2025-10-24 16:00:00,4130.419,4138.594,4101.801,4103.999,240,240,0,COMPLETE,
2025-10-24 20:00:00,4104.036,4114.071,4096.254,4113.082,58,240,182,EXPECTED_INCOMPLETE,EXPECTED
2025-10-25 00:00:00,,,,,0,240,240,SESSION_CLOSED_EXPECTED,EXPECTED
2025-10-25 04:00:00,,,,,0,240,240,SESSION_CLOSED_EXPECTED,EXPECTED
2025-10-25 08:00:00,,,,,0,240,240,SESSION_CLOSED_EXPECTED,EXPECTED
2025-10-25 12:00:00,,,,,0,240,240,SESSION_CLOSED_EXPECTED,EXPECTED
2025-10-25 16:00:00,,,,,0,240,240,SESSION_CLOSED_EXPECTED,EXPECTED
2025-10-25 20:00:00,,,,,0,240,240,SESSION_CLOSED_EXPECTED,EXPECTED
2025-10-26 00:00:00,,,,,0,240,240,SESSION_CLOSED_EXPECTED,EXPECTED
2025-10-26 04:00:00,,,,,0,240,240,SESSION_CLOSED_EXPECTED,EXPECTED
2025-10-26 08:00:00,,,,,0,240,240,SESSION_CLOSED_EXPECTED,EXPECTED
2025-10-26 12:00:00,,,,,0,240,240,SESSION_CLOSED_EXPECTED,EXPECTED
2025-10-26 16:00:00,,,,,0,240,240,SESSION_CLOSED_EXPECTED,EXPECTED
2025-10-26 20:00:00,4083.589,4109.193,4061.912,4064.458,115,240,125,EXPECTED_INCOMPLETE,EXPECTED
2025-10-27 00:00:00,4064.532,4097.781,4058.108,4069.559,240,240,0,COMPLETE,
2025-10-27 04:00:00,4069.523,4084.782,4053.805,4068.619,240,240,0,COMPLETE,
2025-10-27 08:00:00,4068.588,4070.549,4015.427,4023.923,240,240,0,COMPLETE,
2025-10-27 12:00:00,4023.971,4050.275,3971.348,3989.93,240,240,0,COMPLETE,
2025-10-27 16:00:00,3990.039,4010.147,3983.978,3990.129,240,240,0,COMPLETE,
2025-10-27 20:00:00,3990.176,4004.562,3979.11,3998.491,176,240,64,EXPECTED_INCOMPLETE,EXPECTED
2025-10-28 00:00:00,3998.379,4019.767,3973.043,3992.9,240,240,0,COMPLETE,
2025-10-28 04:00:00,3992.855,3994.255,3921.754,3932.473,240,240,0,COMPLETE,
2025-10-28 08:00:00,3932.508,3935.894,3886.54,3923.293,240,240,0,COMPLETE,
2025-10-28 12:00:00,3923.32,3969.566,3905.489,3964.762,240,240,0,COMPLETE,
2025-10-28 16:00:00,3964.796,3970.422,3945.144,3960.116,240,240,0,COMPLETE,
2025-10-28 20:00:00,3960.164,3967.841,3915.99,3964.818,176,240,64,EXPECTED_INCOMPLETE,EXPECTED
2025-10-29 00:00:00,3964.847,3982.257,3944.199,3963.36,240,240,0,COMPLETE,
2025-10-29 04:00:00,3963.373,4001.599,3950.749,4001.329,240,240,0,COMPLETE,
2025-10-29 08:00:00,4001.294,4029.706,4000.436,4016.693,240,240,0,COMPLETE,
2025-10-29 12:00:00,4016.722,4030.268,3989.229,3993.002,240,240,0,COMPLETE,
2025-10-29 16:00:00,3993.009,4007.464,3927.91,3945.555,240,240,0,COMPLETE,
2025-10-29 20:00:00,3945.528,3954.199,3917.19,3952.836,176,240,64,EXPECTED_INCOMPLETE,EXPECTED
2025-10-30 00:00:00,3952.798,3966.389,3915.301,3938.002,240,240,0,COMPLETE,
2025-10-30 04:00:00,3938.03,3982.415,3934.842,3961.323,240,240,0,COMPLETE,
2025-10-30 08:00:00,3961.339,4011.878,3960.183,3974.38,240,240,0,COMPLETE,
2025-10-30 12:00:00,3974.422,4014.832,3960.046,4001.938,240,240,0,COMPLETE,
2025-10-30 16:00:00,4001.9,4025.972,3991.38,4023.431,240,240,0,COMPLETE,
2025-10-30 20:00:00,4023.4,4046.422,4016.328,4036.658,176,240,64,EXPECTED_INCOMPLETE,EXPECTED
2025-10-31 00:00:00,4036.633,4039.309,3991.092,3996.422,240,240,0,COMPLETE,
2025-10-31 04:00:00,3996.448,4025.317,3989.103,4021.041,240,240,0,COMPLETE,
2025-10-31 08:00:00,4020.948,4026.871,3998.795,4010.513,240,240,0,COMPLETE,
2025-10-31 12:00:00,4010.483,4036.188,4009.075,4012.804,240,240,0,COMPLETE,
2025-10-31 16:00:00,4012.753,4015.136,3972.406,4001.071,240,240,0,COMPLETE,
2025-10-31 20:00:00,4001.033,4006.709,3996.134,4001.621,58,240,182,EXPECTED_INCOMPLETE,EXPECTED
2025-11-01 00:00:00,,,,,0,240,240,SESSION_CLOSED_EXPECTED,EXPECTED
2025-11-01 04:00:00,,,,,0,240,240,SESSION_CLOSED_EXPECTED,EXPECTED
2025-11-01 08:00:00,,,,,0,240,240,SESSION_CLOSED_EXPECTED,EXPECTED
2025-11-01 12:00:00,,,,,0,240,240,SESSION_CLOSED_EXPECTED,EXPECTED
2025-11-01 16:00:00,,,,,0,240,240,SESSION_CLOSED_EXPECTED,EXPECTED
2025-11-01 20:00:00,,,,,0,240,240,SESSION_CLOSED_EXPECTED,EXPECTED
2025-11-02 00:00:00,,,,,0,240,240,SESSION_CLOSED_EXPECTED,EXPECTED
2025-11-02 04:00:00,,,,,0,240,240,SESSION_CLOSED_EXPECTED,EXPECTED
2025-11-02 08:00:00,,,,,0,240,240,SESSION_CLOSED_EXPECTED,EXPECTED
2025-11-02 12:00:00,,,,,0,240,240,SESSION_CLOSED_EXPECTED,EXPECTED
2025-11-02 16:00:00,,,,,0,240,240,SESSION_CLOSED_EXPECTED,EXPECTED
2025-11-02 20:00:00,3990.719,3998.936,3977.946,3980.306,59,240,181,EXPECTED_INCOMPLETE,EXPECTED
2025-11-03 00:00:00,3980.254,4015.557,3962.306,4011.186,240,240,0,COMPLETE,
2025-11-03 04:00:00,4011.183,4026.054,3997.685,4025.279,240,240,0,COMPLETE,
2025-11-03 08:00:00,4025.371,4027.868,3992.968,4007.563,240,240,0,COMPLETE,
2025-11-03 12:00:00,4007.556,4030.646,4001.707,4008.635,240,240,0,COMPLETE,
2025-11-03 16:00:00,4008.604,4013.492,3995.081,4004.71,240,240,0,COMPLETE,
2025-11-03 20:00:00,4004.67,4014.932,3980.963,3997.223,178,240,62,EXPECTED_INCOMPLETE,EXPECTED
2025-11-04 00:00:00,3997.301,3999.382,3975.503,3994.564,240,240,0,COMPLETE,
2025-11-04 04:00:00,3994.525,3996.438,3966.773,3993.914,240,240,0,COMPLETE,
2025-11-04 08:00:00,3994.038,4000.711,3985.891,3995.217,240,240,0,COMPLETE,
2025-11-04 12:00:00,3995.22,3997.576,3928.81,3956.768,240,240,0,COMPLETE,
2025-11-04 16:00:00,3956.871,3975.778,3932.102,3937.435,240,240,0,COMPLETE,
2025-11-04 20:00:00,3937.45,3942.073,3930.398,3934.767,178,240,62,EXPECTED_INCOMPLETE,EXPECTED
2025-11-05 00:00:00,3934.793,3965.371,3929.653,3960.802,240,240,0,COMPLETE,
2025-11-05 04:00:00,3960.841,3978.556,3959.739,3972.701,240,240,0,COMPLETE,
2025-11-05 08:00:00,3972.734,3987.091,3956.022,3966.879,240,240,0,COMPLETE,
2025-11-05 12:00:00,3966.823,3985.562,3962.266,3978.191,240,240,0,COMPLETE,
2025-11-05 16:00:00,3978.268,3990.496,3974.787,3987.809,240,240,0,COMPLETE,
2025-11-05 20:00:00,3987.838,3990.243,3966.726,3973.671,178,240,62,EXPECTED_INCOMPLETE,EXPECTED
2025-11-06 00:00:00,3973.63,3990.439,3964.543,3987.556,240,240,0,COMPLETE,
2025-11-06 04:00:00,3987.554,4009.645,3982.177,4005.883,240,240,0,COMPLETE,
2025-11-06 08:00:00,4005.852,4019.609,4004.248,4018.182,240,240,0,COMPLETE,
2025-11-06 12:00:00,4018.104,4019.506,3975.197,3980.22,240,240,0,COMPLETE,
2025-11-06 16:00:00,3980.264,3995.278,3965.754,3985.395,240,240,0,COMPLETE,
2025-11-06 20:00:00,3985.35,3989.711,3974.354,3989.177,178,240,62,EXPECTED_INCOMPLETE,EXPECTED
2025-11-07 00:00:00,3989.212,4003.402,3984.506,3990.445,240,240,0,COMPLETE,
2025-11-07 04:00:00,3990.413,4010.016,3985.363,4007.772,240,240,0,COMPLETE,
2025-11-07 08:00:00,4007.836,4014.195,3993.715,4002.861,240,240,0,COMPLETE,
2025-11-07 12:00:00,4002.935,4008.431,3984.058,3990.952,240,240,0,COMPLETE,
2025-11-07 16:00:00,3990.989,4027.628,3989.915,4006.841,240,240,0,COMPLETE,
2025-11-07 20:00:00,4006.811,4007.184,3994.34,4001.422,118,240,122,EXPECTED_INCOMPLETE,EXPECTED
2025-11-08 00:00:00,,,,,0,240,240,SESSION_CLOSED_EXPECTED,EXPECTED
2025-11-08 04:00:00,,,,,0,240,240,SESSION_CLOSED_EXPECTED,EXPECTED
2025-11-08 08:00:00,,,,,0,240,240,SESSION_CLOSED_EXPECTED,EXPECTED
2025-11-08 12:00:00,,,,,0,240,240,SESSION_CLOSED_EXPECTED,EXPECTED
2025-11-08 16:00:00,,,,,0,240,240,SESSION_CLOSED_EXPECTED,EXPECTED
2025-11-08 20:00:00,,,,,0,240,240,SESSION_CLOSED_EXPECTED,EXPECTED
2025-11-09 00:00:00,,,,,0,240,240,SESSION_CLOSED_EXPECTED,EXPECTED
2025-11-09 04:00:00,,,,,0,240,240,SESSION_CLOSED_EXPECTED,EXPECTED
2025-11-09 08:00:00,,,,,0,240,240,SESSION_CLOSED_EXPECTED,EXPECTED
2025-11-09 12:00:00,,,,,0,240,240,SESSION_CLOSED_EXPECTED,EXPECTED
2025-11-09 16:00:00,,,,,0,240,240,SESSION_CLOSED_EXPECTED,EXPECTED
2025-11-09 20:00:00,4004.876,4012.265,4004.027,4011.86,59,240,181,EXPECTED_INCOMPLETE,EXPECTED
2025-11-10 00:00:00,4011.87,4053.256,4011.132,4050.292,240,240,0,COMPLETE,
2025-11-10 04:00:00,4050.242,4079.165,4049.947,4075.19,240,240,0,COMPLETE,
2025-11-10 08:00:00,4075.215,4086.238,4071.626,4085.293,240,240,0,COMPLETE,
2025-11-10 12:00:00,4085.335,4105.886,4074.405,4084.555,240,240,0,COMPLETE,
2025-11-10 16:00:00,4084.509,4115.834,4081.921,4113.162,240,240,0,COMPLETE,
2025-11-10 20:00:00,4113.102,4122.665,4106.58,4119.955,178,240,62,EXPECTED_INCOMPLETE,EXPECTED
2025-11-11 00:00:00,4119.992,4148.113,4116.195,4146.879,240,240,0,COMPLETE,
2025-11-11 04:00:00,4146.816,4148.862,4124.545,4129.671,240,240,0,COMPLETE,
2025-11-11 08:00:00,4129.564,4146.001,4128.805,4142.788,240,240,0,COMPLETE,
2025-11-11 12:00:00,4142.829,4146.645,4097.107,4106.638,237,240,3,UNEXPECTED_INCOMPLETE,UNEXPECTED
2025-11-11 16:00:00,4106.671,4126.175,4105.046,4123.01,240,240,0,COMPLETE,
2025-11-11 20:00:00,4123.062,4144.677,4122.366,4142.639,178,240,62,EXPECTED_INCOMPLETE,EXPECTED
2025-11-12 00:00:00,4142.641,4145.524,4111.79,4111.972,240,240,0,COMPLETE,
2025-11-12 04:00:00,4111.9,4125.318,4098.923,4116.963,240,240,0,COMPLETE,
2025-11-12 08:00:00,4117.004,4133.567,4112.131,4126.122,240,240,0,COMPLETE,
2025-11-12 12:00:00,4126.096,4185.704,4122.809,4181.424,240,240,0,COMPLETE,
2025-11-12 16:00:00,4181.381,4211.751,4180.097,4197.485,240,240,0,COMPLETE,
2025-11-12 20:00:00,4197.44,4208.175,4187.216,4191.097,178,240,62,EXPECTED_INCOMPLETE,EXPECTED
2025-11-13 00:00:00,4191.055,4213.486,4179.893,4213.125,240,240,0,COMPLETE,
2025-11-13 04:00:00,4213.094,4220.15,4203.286,4219.942,240,240,0,COMPLETE,
2025-11-13 08:00:00,4219.896,4240.261,4218.874,4230.52,240,240,0,COMPLETE,
2025-11-13 12:00:00,4230.479,4245.332,4184.507,4202.482,240,240,0,COMPLETE,
2025-11-13 16:00:00,4202.509,4211.009,4145.348,4163.828,240,240,0,COMPLETE,
2025-11-13 20:00:00,4163.872,4186.697,4160.283,4185.929,178,240,62,EXPECTED_INCOMPLETE,EXPECTED
2025-11-14 00:00:00,4185.951,4211.566,4173.688,4204.436,240,240,0,COMPLETE,
2025-11-14 04:00:00,4204.4,4205.836,4158.836,4180.986,240,240,0,COMPLETE,
2025-11-14 08:00:00,4180.917,4187.007,4130.777,4132.858,240,240,0,COMPLETE,
2025-11-14 12:00:00,4132.815,4140.501,4032.197,4093.474,240,240,0,COMPLETE,
2025-11-14 16:00:00,4093.53,4111.212,4080.789,4089.972,240,240,0,COMPLETE,
2025-11-14 20:00:00,4090.03,4092.339,4075.294,4084.62,118,240,122,EXPECTED_INCOMPLETE,EXPECTED
2025-11-15 00:00:00,,,,,0,240,240,SESSION_CLOSED_EXPECTED,EXPECTED
2025-11-15 04:00:00,,,,,0,240,240,SESSION_CLOSED_EXPECTED,EXPECTED
2025-11-15 08:00:00,,,,,0,240,240,SESSION_CLOSED_EXPECTED,EXPECTED
2025-11-15 12:00:00,,,,,0,240,240,SESSION_CLOSED_EXPECTED,EXPECTED
2025-11-15 16:00:00,,,,,0,240,240,SESSION_CLOSED_EXPECTED,EXPECTED
2025-11-15 20:00:00,,,,,0,240,240,SESSION_CLOSED_EXPECTED,EXPECTED
2025-11-16 00:00:00,,,,,0,240,240,SESSION_CLOSED_EXPECTED,EXPECTED
2025-11-16 04:00:00,,,,,0,240,240,SESSION_CLOSED_EXPECTED,EXPECTED
2025-11-16 08:00:00,,,,,0,240,240,SESSION_CLOSED_EXPECTED,EXPECTED
2025-11-16 12:00:00,,,,,0,240,240,SESSION_CLOSED_EXPECTED,EXPECTED
2025-11-16 16:00:00,,,,,0,240,240,SESSION_CLOSED_EXPECTED,EXPECTED
2025-11-16 20:00:00,4083.755,4106.794,4071.875,4096.461,59,240,181,EXPECTED_INCOMPLETE,EXPECTED
2025-11-17 00:00:00,4096.528,4102.076,4070.048,4082.993,240,240,0,COMPLETE,
2025-11-17 04:00:00,4082.938,4089.243,4049.649,4088.159,240,240,0,COMPLETE,
2025-11-17 08:00:00,4088.13,4095.987,4061.026,4078.456,240,240,0,COMPLETE,
2025-11-17 12:00:00,4078.493,4092.276,4060.633,4064.373,240,240,0,COMPLETE,
2025-11-17 16:00:00,4064.304,4081.109,4010.808,4011.229,240,240,0,COMPLETE,
2025-11-17 20:00:00,4011.258,4055.565,4006.848,4036.825,178,240,62,EXPECTED_INCOMPLETE,EXPECTED
2025-11-18 00:00:00,4036.862,4045.052,4008.202,4013.285,240,240,0,COMPLETE,
2025-11-18 04:00:00,4013.316,4025.227,3998.05,4013.674,240,240,0,COMPLETE,
2025-11-18 08:00:00,4013.648,4050.434,4010.54,4039.334,240,240,0,COMPLETE,
2025-11-18 12:00:00,4039.303,4082.042,4029.064,4052.921,240,240,0,COMPLETE,
2025-11-18 16:00:00,4053.001,4082.06,4040.402,4081.051,240,240,0,COMPLETE,
2025-11-18 20:00:00,4081.089,4082.273,4064.834,4076.65,178,240,62,EXPECTED_INCOMPLETE,EXPECTED
2025-11-19 00:00:00,4076.692,4080.659,4055.665,4066.989,240,240,0,COMPLETE,
2025-11-19 04:00:00,4066.883,4098.628,4064.406,4087.046,240,240,0,COMPLETE,
2025-11-19 08:00:00,4087.003,4119.173,4078.212,4112.9,240,240,0,COMPLETE,
2025-11-19 12:00:00,4112.838,4132.686,4090.012,4096.599,240,240,0,COMPLETE,
2025-11-19 16:00:00,4096.671,4098.646,4055.572,4073.651,240,240,0,COMPLETE,
2025-11-19 20:00:00,4073.642,4108.239,4065.58,4104.662,178,240,62,EXPECTED_INCOMPLETE,EXPECTED
2025-11-20 00:00:00,4104.692,4110.334,4039.865,4072.427,240,240,0,COMPLETE,
2025-11-20 04:00:00,4072.466,4080.577,4054.051,4059.959,240,240,0,COMPLETE,
2025-11-20 08:00:00,4059.901,4072.779,4038.727,4060.789,240,240,0,COMPLETE,
2025-11-20 12:00:00,4060.724,4107.183,4060.084,4070.156,240,240,0,COMPLETE,
2025-11-20 16:00:00,4070.211,4087.303,4043.674,4084.652,240,240,0,COMPLETE,
2025-11-20 20:00:00,4084.615,4088.817,4072.924,4079.097,178,240,62,EXPECTED_INCOMPLETE,EXPECTED
2025-11-21 00:00:00,4079.141,4081.453,4049.396,4056.197,240,240,0,COMPLETE,
2025-11-21 04:00:00,4056.16,4064.881,4024.822,4031.675,240,240,0,COMPLETE,
2025-11-21 08:00:00,4031.705,4063.621,4022.258,4036.588,240,240,0,COMPLETE,
2025-11-21 12:00:00,4036.553,4083.968,4034.758,4069.739,240,240,0,COMPLETE,
2025-11-21 16:00:00,4069.723,4101.27,4062.91,4087.587,240,240,0,COMPLETE,
2025-11-21 20:00:00,4087.621,4088.776,4054.505,4066.113,118,240,122,EXPECTED_INCOMPLETE,EXPECTED
2025-11-22 00:00:00,,,,,0,240,240,SESSION_CLOSED_EXPECTED,EXPECTED
2025-11-22 04:00:00,,,,,0,240,240,SESSION_CLOSED_EXPECTED,EXPECTED
2025-11-22 08:00:00,,,,,0,240,240,SESSION_CLOSED_EXPECTED,EXPECTED
2025-11-22 12:00:00,,,,,0,240,240,SESSION_CLOSED_EXPECTED,EXPECTED
2025-11-22 16:00:00,,,,,0,240,240,SESSION_CLOSED_EXPECTED,EXPECTED
2025-11-22 20:00:00,,,,,0,240,240,SESSION_CLOSED_EXPECTED,EXPECTED
2025-11-23 00:00:00,,,,,0,240,240,SESSION_CLOSED_EXPECTED,EXPECTED
2025-11-23 04:00:00,,,,,0,240,240,SESSION_CLOSED_EXPECTED,EXPECTED
2025-11-23 08:00:00,,,,,0,240,240,SESSION_CLOSED_EXPECTED,EXPECTED
2025-11-23 12:00:00,,,,,0,240,240,SESSION_CLOSED_EXPECTED,EXPECTED
2025-11-23 16:00:00,,,,,0,240,240,SESSION_CLOSED_EXPECTED,EXPECTED
2025-11-23 20:00:00,4072.469,4077.681,4065.815,4075.117,59,240,181,EXPECTED_INCOMPLETE,EXPECTED
2025-11-24 00:00:00,4075.148,4076.144,4040.582,4050.459,240,240,0,COMPLETE,
2025-11-24 04:00:00,4050.507,4067.639,4039.842,4059.976,240,240,0,COMPLETE,
2025-11-24 08:00:00,4059.9,4077.254,4059.548,4069.968,240,240,0,COMPLETE,
2025-11-24 12:00:00,4069.86,4093.872,4065.635,4091.741,240,240,0,COMPLETE,
2025-11-24 16:00:00,4091.791,4125.735,4088.034,4118.508,240,240,0,COMPLETE,
2025-11-24 20:00:00,4118.531,4144.411,4117.942,4143.81,178,240,62,EXPECTED_INCOMPLETE,EXPECTED
2025-11-25 00:00:00,4143.802,4155.82,4122.524,4143.052,240,240,0,COMPLETE,
2025-11-25 04:00:00,4143.026,4152.063,4130.277,4132.601,240,240,0,COMPLETE,
2025-11-25 08:00:00,4132.591,4139.522,4109.156,4133.468,240,240,0,COMPLETE,
2025-11-25 12:00:00,4133.521,4150.896,4111.034,4123.13,240,240,0,COMPLETE,
2025-11-25 16:00:00,4123.092,4159.498,4122.152,4133.761,240,240,0,COMPLETE,
2025-11-25 20:00:00,4133.797,4138.431,4127.629,4133.73,178,240,62,EXPECTED_INCOMPLETE,EXPECTED
2025-11-26 00:00:00,4133.808,4169.421,4132.595,4166.104,240,240,0,COMPLETE,
2025-11-26 04:00:00,4166.078,4168.682,4146.598,4157.309,240,240,0,COMPLETE,
2025-11-26 08:00:00,4157.28,4173.135,4154.696,4171.556,240,240,0,COMPLETE,
2025-11-26 12:00:00,4171.577,4173.57,4136.508,4165.246,240,240,0,COMPLETE,
2025-11-26 16:00:00,4165.286,4171.743,4157.984,4163.254,240,240,0,COMPLETE,
2025-11-26 20:00:00,4163.284,4168.944,4161.324,4165.012,178,240,62,EXPECTED_INCOMPLETE,EXPECTED
2025-11-27 00:00:00,4164.965,4167.313,4144.145,4147.464,240,240,0,COMPLETE,
2025-11-27 04:00:00,4147.42,4162.262,4142.573,4160.011,240,240,0,COMPLETE,
2025-11-27 08:00:00,4160.059,4167.181,4148.261,4157.328,240,240,0,COMPLETE,
2025-11-27 12:00:00,4157.352,4161.86,4149.151,4158.056,240,240,0,COMPLETE,
2025-11-27 16:00:00,4158.005,4160.37,4151.443,4157.116,210,240,30,UNEXPECTED_INCOMPLETE,UNEXPECTED
2025-11-27 20:00:00,4160.413,4164.05,4158.299,4163.431,59,240,181,UNEXPECTED_INCOMPLETE,UNEXPECTED
2025-11-28 00:00:00,4163.371,4193.044,4163.119,4184.227,240,240,0,COMPLETE,
2025-11-28 04:00:00,4184.232,4188.862,4155.674,4174.631,240,240,0,COMPLETE,
2025-11-28 08:00:00,4174.635,4180.139,4147.529,4172.019,196,240,44,UNEXPECTED_INCOMPLETE,UNEXPECTED
2025-11-28 12:00:00,4171.98,4208.958,4168.712,4203.639,240,240,0,COMPLETE,
2025-11-28 16:00:00,4203.609,4226.479,4197.534,4219.212,225,240,15,EXPECTED_INCOMPLETE,EXPECTED
2025-11-28 20:00:00,,,,,0,240,240,SESSION_CLOSED_EXPECTED,EXPECTED
2025-11-29 00:00:00,,,,,0,240,240,SESSION_CLOSED_EXPECTED,EXPECTED
2025-11-29 04:00:00,,,,,0,240,240,SESSION_CLOSED_EXPECTED,EXPECTED
2025-11-29 08:00:00,,,,,0,240,240,SESSION_CLOSED_EXPECTED,EXPECTED
2025-11-29 12:00:00,,,,,0,240,240,SESSION_CLOSED_EXPECTED,EXPECTED
2025-11-29 16:00:00,,,,,0,240,240,SESSION_CLOSED_EXPECTED,EXPECTED
2025-11-29 20:00:00,,,,,0,240,240,SESSION_CLOSED_EXPECTED,EXPECTED
2025-11-30 00:00:00,,,,,0,240,240,SESSION_CLOSED_EXPECTED,EXPECTED
2025-11-30 04:00:00,,,,,0,240,240,SESSION_CLOSED_EXPECTED,EXPECTED
2025-11-30 08:00:00,,,,,0,240,240,SESSION_CLOSED_EXPECTED,EXPECTED
2025-11-30 12:00:00,,,,,0,240,240,SESSION_CLOSED_EXPECTED,EXPECTED
2025-11-30 16:00:00,,,,,0,240,240,SESSION_CLOSED_EXPECTED,EXPECTED
2025-11-30 20:00:00,4219.988,4225.289,4205.826,4221.933,53,240,187,EXPECTED_INCOMPLETE,EXPECTED
2025-12-01 00:00:00,4221.906,4256.447,4218.245,4239.35,240,240,0,COMPLETE,
2025-12-01 04:00:00,4239.331,4246.989,4215.434,4245.32,240,240,0,COMPLETE,
2025-12-01 08:00:00,4245.286,4262.278,4238.457,4254.634,240,240,0,COMPLETE,
2025-12-01 12:00:00,4254.639,4264.527,4219.538,4232.544,240,240,0,COMPLETE,
2025-12-01 16:00:00,4232.589,4244.667,4223.127,4236.851,240,240,0,COMPLETE,
2025-12-01 20:00:00,4236.819,4241.568,4224.423,4227.679,178,240,62,EXPECTED_INCOMPLETE,EXPECTED
2025-12-02 00:00:00,4227.704,4229.766,4191.383,4216.927,240,240,0,COMPLETE,
2025-12-02 04:00:00,4216.813,4226.313,4203.258,4213.307,240,240,0,COMPLETE,
2025-12-02 08:00:00,4213.386,4217.176,4180.945,4205.288,240,240,0,COMPLETE,
2025-12-02 12:00:00,4205.254,4230.859,4163.545,4169.426,240,240,0,COMPLETE,
2025-12-02 16:00:00,4169.474,4200.693,4166.912,4196.52,240,240,0,COMPLETE,
2025-12-02 20:00:00,4196.557,4216.282,4194.887,4212.876,178,240,62,EXPECTED_INCOMPLETE,EXPECTED
2025-12-03 00:00:00,4212.913,4228.864,4204.339,4221.244,240,240,0,COMPLETE,
2025-12-03 04:00:00,4221.182,4225.428,4199.959,4206.45,240,240,0,COMPLETE,
2025-12-03 08:00:00,4206.496,4210.304,4194.48,4208.564,240,240,0,COMPLETE,
2025-12-03 12:00:00,4208.537,4241.579,4205.093,4216.342,240,240,0,COMPLETE,
2025-12-03 16:00:00,4216.307,4224.964,4195.226,4207.872,240,240,0,COMPLETE,
2025-12-03 20:00:00,4207.83,4212.748,4202.395,4207.165,178,240,62,EXPECTED_INCOMPLETE,EXPECTED
2025-12-04 00:00:00,4207.102,4216.842,4187.215,4195.851,240,240,0,COMPLETE,
2025-12-04 04:00:00,4195.762,4199.107,4174.834,4193.744,240,240,0,COMPLETE,
2025-12-04 08:00:00,4193.713,4206.525,4183.694,4198.58,240,240,0,COMPLETE,
2025-12-04 12:00:00,4198.625,4213.586,4185.475,4207.52,240,240,0,COMPLETE,
2025-12-04 16:00:00,4207.493,4219.462,4199.599,4208.915,240,240,0,COMPLETE,
2025-12-04 20:00:00,4208.908,4210.32,4203.865,4206.079,178,240,62,EXPECTED_INCOMPLETE,EXPECTED
2025-12-05 00:00:00,4206.077,4210.953,4194.824,4209.557,240,240,0,COMPLETE,
2025-12-05 04:00:00,4209.544,4230.69,4207.82,4224.435,240,240,0,COMPLETE,
2025-12-05 08:00:00,4224.409,4227.553,4215.939,4223.693,240,240,0,COMPLETE,
2025-12-05 12:00:00,4223.718,4259.24,4221.524,4243.48,240,240,0,COMPLETE,
2025-12-05 16:00:00,4243.536,4245.713,4198.651,4207.649,240,240,0,COMPLETE,
2025-12-05 20:00:00,4207.69,4207.844,4191.863,4198.522,118,240,122,EXPECTED_INCOMPLETE,EXPECTED
2025-12-06 00:00:00,,,,,0,240,240,SESSION_CLOSED_EXPECTED,EXPECTED
2025-12-06 04:00:00,,,,,0,240,240,SESSION_CLOSED_EXPECTED,EXPECTED
2025-12-06 08:00:00,,,,,0,240,240,SESSION_CLOSED_EXPECTED,EXPECTED
2025-12-06 12:00:00,,,,,0,240,240,SESSION_CLOSED_EXPECTED,EXPECTED
2025-12-06 16:00:00,,,,,0,240,240,SESSION_CLOSED_EXPECTED,EXPECTED
2025-12-06 20:00:00,,,,,0,240,240,SESSION_CLOSED_EXPECTED,EXPECTED
2025-12-07 00:00:00,,,,,0,240,240,SESSION_CLOSED_EXPECTED,EXPECTED
2025-12-07 04:00:00,,,,,0,240,240,SESSION_CLOSED_EXPECTED,EXPECTED
2025-12-07 08:00:00,,,,,0,240,240,SESSION_CLOSED_EXPECTED,EXPECTED
2025-12-07 12:00:00,,,,,0,240,240,SESSION_CLOSED_EXPECTED,EXPECTED
2025-12-07 16:00:00,,,,,0,240,240,SESSION_CLOSED_EXPECTED,EXPECTED
2025-12-07 20:00:00,4202.426,4208.658,4190.004,4201.389,29,240,211,EXPECTED_INCOMPLETE,EXPECTED
2025-12-08 00:00:00,4201.433,4213.39,4197.543,4210.008,240,240,0,COMPLETE,
2025-12-08 04:00:00,4210.029,4218.963,4204.603,4206.864,240,240,0,COMPLETE,
2025-12-08 08:00:00,4206.863,4216.531,4199.694,4208.427,240,240,0,COMPLETE,
2025-12-08 12:00:00,4208.391,4215.564,4176.137,4182.914,240,240,0,COMPLETE,
2025-12-08 16:00:00,4182.891,4197.891,4177.147,4187.057,240,240,0,COMPLETE,
2025-12-08 20:00:00,4187.017,4195.497,4184.927,4194.735,178,240,62,EXPECTED_INCOMPLETE,EXPECTED
2025-12-09 00:00:00,4194.74,4198.797,4185.986,4194.6,240,240,0,COMPLETE,
2025-12-09 04:00:00,4194.523,4195.638,4170.097,4182.368,240,240,0,COMPLETE,
2025-12-09 08:00:00,4182.344,4213.113,4182.344,4202.976,240,240,0,COMPLETE,
2025-12-09 12:00:00,4203.021,4216.467,4189.391,4212.534,240,240,0,COMPLETE,
2025-12-09 16:00:00,4212.475,4221.526,4201.215,4212.577,240,240,0,COMPLETE,
2025-12-09 20:00:00,4212.54,4216.11,4207.231,4210.87,178,240,62,EXPECTED_INCOMPLETE,EXPECTED
2025-12-10 00:00:00,4210.804,4218.778,4203.765,4206.3,240,240,0,COMPLETE,
2025-12-10 04:00:00,4206.378,4214.386,4201.77,4203.392,240,240,0,COMPLETE,
2025-12-10 08:00:00,4203.357,4206.566,4187.729,4197.208,240,240,0,COMPLETE,
2025-12-10 12:00:00,4197.254,4207.115,4188.957,4193.62,240,240,0,COMPLETE,
2025-12-10 16:00:00,4193.659,4219.829,4181.683,4216.405,240,240,0,COMPLETE,
2025-12-10 20:00:00,4216.372,4238.679,4210.988,4232.47,178,240,62,EXPECTED_INCOMPLETE,EXPECTED
2025-12-11 00:00:00,4232.448,4247.781,4209.358,4216.788,240,240,0,COMPLETE,
2025-12-11 04:00:00,4216.738,4218.689,4204.244,4216.079,240,240,0,COMPLETE,
2025-12-11 08:00:00,4216.053,4225.915,4209.658,4211.174,240,240,0,COMPLETE,
2025-12-11 12:00:00,4211.197,4261.54,4205.192,4256.004,240,240,0,COMPLETE,
2025-12-11 16:00:00,4255.933,4285.946,4250.094,4273.616,240,240,0,COMPLETE,
2025-12-11 20:00:00,4273.591,4283.664,4264.227,4276.523,175,240,65,EXPECTED_INCOMPLETE,EXPECTED
2025-12-12 00:00:00,4276.471,4280.201,4264.738,4270.609,240,240,0,COMPLETE,
2025-12-12 04:00:00,4270.566,4290.557,4266.085,4287.227,240,240,0,COMPLETE,
2025-12-12 08:00:00,4287.105,4339.315,4287.001,4336.449,240,240,0,COMPLETE,
2025-12-12 12:00:00,4336.418,4353.561,4283.082,4290.494,240,240,0,COMPLETE,
2025-12-12 16:00:00,4290.446,4303.627,4256.958,4296.552,240,240,0,COMPLETE,
2025-12-12 20:00:00,4296.527,4304.293,4288.403,4300.983,118,240,122,EXPECTED_INCOMPLETE,EXPECTED
2025-12-13 00:00:00,,,,,0,240,240,SESSION_CLOSED_EXPECTED,EXPECTED
2025-12-13 04:00:00,,,,,0,240,240,SESSION_CLOSED_EXPECTED,EXPECTED
2025-12-13 08:00:00,,,,,0,240,240,SESSION_CLOSED_EXPECTED,EXPECTED
2025-12-13 12:00:00,,,,,0,240,240,SESSION_CLOSED_EXPECTED,EXPECTED
2025-12-13 16:00:00,,,,,0,240,240,SESSION_CLOSED_EXPECTED,EXPECTED
2025-12-13 20:00:00,,,,,0,240,240,SESSION_CLOSED_EXPECTED,EXPECTED
2025-12-14 00:00:00,,,,,0,240,240,SESSION_CLOSED_EXPECTED,EXPECTED
2025-12-14 04:00:00,,,,,0,240,240,SESSION_CLOSED_EXPECTED,EXPECTED
2025-12-14 08:00:00,,,,,0,240,240,SESSION_CLOSED_EXPECTED,EXPECTED
2025-12-14 12:00:00,,,,,0,240,240,SESSION_CLOSED_EXPECTED,EXPECTED
2025-12-14 16:00:00,,,,,0,240,240,SESSION_CLOSED_EXPECTED,EXPECTED
2025-12-14 20:00:00,4300.525,4308.446,4299.86,4302.391,57,240,183,EXPECTED_INCOMPLETE,EXPECTED
2025-12-15 00:00:00,4302.443,4329.634,4300.079,4327.075,240,240,0,COMPLETE,
2025-12-15 04:00:00,4327.155,4347.527,4323.092,4339.349,240,240,0,COMPLETE,
2025-12-15 08:00:00,4339.321,4350.28,4335.405,4342.747,240,240,0,COMPLETE,
2025-12-15 12:00:00,4342.821,4348.46,4311.433,4318.307,240,240,0,COMPLETE,
2025-12-15 16:00:00,4318.339,4318.968,4285.18,4314.227,240,240,0,COMPLETE,
2025-12-15 20:00:00,4314.176,4314.429,4299.462,4304.15,178,240,62,EXPECTED_INCOMPLETE,EXPECTED
2025-12-16 00:00:00,4304.132,4317.888,4280.571,4290.839,240,240,0,COMPLETE,
2025-12-16 04:00:00,4290.867,4292.278,4271.599,4287.643,240,240,0,COMPLETE,
2025-12-16 08:00:00,4287.577,4289.537,4273.752,4278.382,240,240,0,COMPLETE,
2025-12-16 12:00:00,4278.422,4335.137,4276.726,4319.805,240,240,0,COMPLETE,
2025-12-16 16:00:00,4319.758,4323.244,4291.032,4310.697,240,240,0,COMPLETE,
2025-12-16 20:00:00,4310.676,4314.379,4300.693,4307.86,178,240,62,EXPECTED_INCOMPLETE,EXPECTED
2025-12-17 00:00:00,4307.905,4327.864,4307.366,4323.639,240,240,0,COMPLETE,
2025-12-17 04:00:00,4323.67,4342.53,4315.555,4317.899,240,240,0,COMPLETE,
2025-12-17 08:00:00,4317.798,4323.221,4306.453,4316.409,240,240,0,COMPLETE,
2025-12-17 12:00:00,4316.457,4349.297,4314.921,4330.188,240,240,0,COMPLETE,
2025-12-17 16:00:00,4330.239,4346.439,4320.312,4336.967,240,240,0,COMPLETE,
2025-12-17 20:00:00,4336.935,4346.328,4335.163,4339.201,171,240,69,UNEXPECTED_INCOMPLETE,EXPECTED|UNEXPECTED
2025-12-18 00:00:00,4339.15,4342.916,4324.174,4333.104,240,240,0,COMPLETE,
2025-12-18 04:00:00,4333.155,4337.756,4328.576,4331.418,240,240,0,COMPLETE,
2025-12-18 08:00:00,4331.379,4332.592,4320.584,4325.567,240,240,0,COMPLETE,
2025-12-18 12:00:00,4325.572,4343.102,4308.645,4338.221,240,240,0,COMPLETE,
2025-12-18 16:00:00,4338.265,4374.641,4321.692,4324.944,240,240,0,COMPLETE,
2025-12-18 20:00:00,4324.992,4338.134,4324.48,4335.144,176,240,64,EXPECTED_INCOMPLETE,EXPECTED
2025-12-19 00:00:00,4335.17,4335.812,4309.271,4318.024,240,240,0,COMPLETE,
2025-12-19 04:00:00,4318.031,4329.55,4316.9,4322.756,240,240,0,COMPLETE,
2025-12-19 08:00:00,4322.716,4333.59,4321.069,4327.238,240,240,0,COMPLETE,
2025-12-19 12:00:00,4327.29,4349.079,4319.73,4347.8,240,240,0,COMPLETE,
2025-12-19 16:00:00,4347.746,4356.559,4341.968,4345.356,240,240,0,COMPLETE,
2025-12-19 20:00:00,4345.299,4346.355,4336.632,4339.365,118,240,122,EXPECTED_INCOMPLETE,EXPECTED
2025-12-20 00:00:00,,,,,0,240,240,SESSION_CLOSED_EXPECTED,EXPECTED
2025-12-20 04:00:00,,,,,0,240,240,SESSION_CLOSED_EXPECTED,EXPECTED
2025-12-20 08:00:00,,,,,0,240,240,SESSION_CLOSED_EXPECTED,EXPECTED
2025-12-20 12:00:00,,,,,0,240,240,SESSION_CLOSED_EXPECTED,EXPECTED
2025-12-20 16:00:00,,,,,0,240,240,SESSION_CLOSED_EXPECTED,EXPECTED
2025-12-20 20:00:00,,,,,0,240,240,SESSION_CLOSED_EXPECTED,EXPECTED
2025-12-21 00:00:00,,,,,0,240,240,SESSION_CLOSED_EXPECTED,EXPECTED
2025-12-21 04:00:00,,,,,0,240,240,SESSION_CLOSED_EXPECTED,EXPECTED
2025-12-21 08:00:00,,,,,0,240,240,SESSION_CLOSED_EXPECTED,EXPECTED
2025-12-21 12:00:00,,,,,0,240,240,SESSION_CLOSED_EXPECTED,EXPECTED
2025-12-21 16:00:00,,,,,0,240,240,SESSION_CLOSED_EXPECTED,EXPECTED
2025-12-21 20:00:00,4340.939,4356.441,4339.944,4355.369,56,240,184,EXPECTED_INCOMPLETE,EXPECTED
2025-12-22 00:00:00,4355.312,4394.991,4355.312,4392.633,240,240,0,COMPLETE,
2025-12-22 04:00:00,4392.625,4420.347,4391.303,4414.352,240,240,0,COMPLETE,
2025-12-22 08:00:00,4414.28,4415.95,4406.138,4410.296,240,240,0,COMPLETE,
2025-12-22 12:00:00,4410.249,4435.528,4406.22,4431.837,240,240,0,COMPLETE,
2025-12-22 16:00:00,4431.736,4442.273,4428.043,4433.487,240,240,0,COMPLETE,
2025-12-22 20:00:00,4433.449,4461.751,4431.723,4460.243,178,240,62,EXPECTED_INCOMPLETE,EXPECTED
2025-12-23 00:00:00,4460.236,4497.785,4458.069,4486.863,240,240,0,COMPLETE,
2025-12-23 04:00:00,4486.851,4489.679,4469.49,4486.692,240,240,0,COMPLETE,
2025-12-23 08:00:00,4486.656,4494.137,4478.195,4493.501,240,240,0,COMPLETE,
2025-12-23 12:00:00,4493.464,4497.329,4430.554,4458.511,240,240,0,COMPLETE,
2025-12-23 16:00:00,4458.471,4496.309,4455.893,4490.86,240,240,0,COMPLETE,
2025-12-23 20:00:00,4490.896,4510.399,4483.568,4503.344,177,240,63,EXPECTED_INCOMPLETE,EXPECTED
2025-12-24 00:00:00,4503.359,4525.987,4468.842,4493.138,240,240,0,COMPLETE,
2025-12-24 04:00:00,4493.18,4501.566,4483.45,4483.925,240,240,0,COMPLETE,
2025-12-24 08:00:00,4483.975,4499.899,4478.126,4491.476,240,240,0,COMPLETE,
2025-12-24 12:00:00,4491.512,4496.05,4448.294,4458.334,240,240,0,COMPLETE,
2025-12-24 16:00:00,4458.382,4487.611,4455.934,4480.715,150,240,90,EXPECTED_INCOMPLETE,EXPECTED
2025-12-24 20:00:00,,,,,0,240,240,SESSION_CLOSED_EXPECTED,EXPECTED
2025-12-25 00:00:00,,,,,0,240,240,SESSION_CLOSED_EXPECTED,EXPECTED
2025-12-25 04:00:00,,,,,0,240,240,SESSION_CLOSED_EXPECTED,EXPECTED
2025-12-25 08:00:00,,,,,0,240,240,SESSION_CLOSED_EXPECTED,EXPECTED
2025-12-25 12:00:00,,,,,0,240,240,SESSION_CLOSED_EXPECTED,EXPECTED
2025-12-25 16:00:00,,,,,0,240,240,SESSION_CLOSED_EXPECTED,EXPECTED
2025-12-25 20:00:00,4486.193,4500.024,4484.47,4495.245,49,240,191,EXPECTED_INCOMPLETE,EXPECTED
2025-12-26 00:00:00,4495.172,4531.26,4492.254,4501.836,240,240,0,COMPLETE,
2025-12-26 04:00:00,4501.732,4519.411,4500.573,4510.957,240,240,0,COMPLETE,
2025-12-26 08:00:00,4510.994,4523.845,4502.773,4509.647,240,240,0,COMPLETE,
2025-12-26 12:00:00,4509.611,4547.66,4503.915,4546.678,240,240,0,COMPLETE,
2025-12-26 16:00:00,4546.631,4550.218,4509.84,4523.759,240,240,0,COMPLETE,
2025-12-26 20:00:00,4523.796,4535.346,4521.822,4532.568,118,240,122,EXPECTED_INCOMPLETE,EXPECTED
2025-12-27 00:00:00,,,,,0,240,240,SESSION_CLOSED_EXPECTED,EXPECTED
2025-12-27 04:00:00,,,,,0,240,240,SESSION_CLOSED_EXPECTED,EXPECTED
2025-12-27 08:00:00,,,,,0,240,240,SESSION_CLOSED_EXPECTED,EXPECTED
2025-12-27 12:00:00,,,,,0,240,240,SESSION_CLOSED_EXPECTED,EXPECTED
2025-12-27 16:00:00,,,,,0,240,240,SESSION_CLOSED_EXPECTED,EXPECTED
2025-12-27 20:00:00,,,,,0,240,240,SESSION_CLOSED_EXPECTED,EXPECTED
2025-12-28 00:00:00,,,,,0,240,240,SESSION_CLOSED_EXPECTED,EXPECTED
2025-12-28 04:00:00,,,,,0,240,240,SESSION_CLOSED_EXPECTED,EXPECTED
2025-12-28 08:00:00,,,,,0,240,240,SESSION_CLOSED_EXPECTED,EXPECTED
2025-12-28 12:00:00,,,,,0,240,240,SESSION_CLOSED_EXPECTED,EXPECTED
2025-12-28 16:00:00,,,,,0,240,240,SESSION_CLOSED_EXPECTED,EXPECTED
2025-12-28 20:00:00,4546.214,4548.5,4523.347,4527.184,59,240,181,EXPECTED_INCOMPLETE,EXPECTED
2025-12-29 00:00:00,4527.21,4528.013,4472.314,4516.325,240,240,0,COMPLETE,
2025-12-29 04:00:00,4516.34,4519.452,4444.935,4474.592,240,240,0,COMPLETE,
2025-12-29 08:00:00,4474.713,4488.661,4434.21,4446.684,240,240,0,COMPLETE,
2025-12-29 12:00:00,4446.71,4467.761,4302.137,4325.328,240,240,0,COMPLETE,
2025-12-29 16:00:00,4325.282,4347.549,4314.689,4336.993,240,240,0,COMPLETE,
2025-12-29 20:00:00,4337.018,4347.18,4323.334,4345.645,176,240,64,EXPECTED_INCOMPLETE,EXPECTED
2025-12-30 00:00:00,4345.569,4369.288,4324.366,4359.264,240,240,0,COMPLETE,
2025-12-30 04:00:00,4359.285,4383.54,4357.584,4372.569,240,240,0,COMPLETE,
2025-12-30 08:00:00,4372.625,4391.783,4350.137,4384.409,240,240,0,COMPLETE,
2025-12-30 12:00:00,4384.366,4404.215,4355.758,4365.096,240,240,0,COMPLETE,
2025-12-30 16:00:00,4365.132,4381.803,4337.569,4348.624,240,240,0,COMPLETE,
2025-12-30 20:00:00,4348.649,4355.571,4328.508,4338.922,177,240,63,UNEXPECTED_INCOMPLETE,EXPECTED|UNEXPECTED
2025-12-31 00:00:00,4338.986,4373.417,4332.501,4348.586,240,240,0,COMPLETE,
2025-12-31 04:00:00,4348.545,4351.368,4274.379,4331.108,240,240,0,COMPLETE,
2025-12-31 08:00:00,4331.079,4337.346,4303.336,4311.005,240,240,0,COMPLETE,
2025-12-31 12:00:00,4310.906,4353.617,4303.096,4337.274,240,240,0,COMPLETE,
2025-12-31 16:00:00,4337.321,4339.737,4307.289,4311.253,240,240,0,COMPLETE,
2025-12-31 20:00:00,4311.052,4324.245,4304.157,4318.847,118,240,122,EXPECTED_INCOMPLETE,EXPECTED
2026-01-01 00:00:00,,,,,0,240,240,SESSION_CLOSED_EXPECTED,EXPECTED
2026-01-01 04:00:00,,,,,0,240,240,SESSION_CLOSED_EXPECTED,EXPECTED
2026-01-01 08:00:00,,,,,0,240,240,SESSION_CLOSED_EXPECTED,EXPECTED
2026-01-01 12:00:00,,,,,0,240,240,SESSION_CLOSED_EXPECTED,EXPECTED
2026-01-01 16:00:00,,,,,0,240,240,SESSION_CLOSED_EXPECTED,EXPECTED
2026-01-01 20:00:00,4328.34,4351.517,4327.659,4348.337,55,240,185,EXPECTED_INCOMPLETE,EXPECTED
2026-01-02 00:00:00,4348.358,4375.846,4341.316,4375.173,240,240,0,COMPLETE,
2026-01-02 04:00:00,4375.13,4383.363,4370.946,4382.8,240,240,0,COMPLETE,
2026-01-02 08:00:00,4382.763,4399.384,4380.479,4392.898,240,240,0,COMPLETE,
2026-01-02 12:00:00,4392.866,4402.406,4330.222,4335.47,240,240,0,COMPLETE,
2026-01-02 16:00:00,4335.417,4337.403,4309.669,4318.185,240,240,0,COMPLETE,
2026-01-02 20:00:00,4318.228,4333.948,4317.194,4331.759,118,240,122,EXPECTED_INCOMPLETE,EXPECTED
2026-01-03 00:00:00,,,,,0,240,240,SESSION_CLOSED_EXPECTED,EXPECTED
2026-01-03 04:00:00,,,,,0,240,240,SESSION_CLOSED_EXPECTED,EXPECTED
2026-01-03 08:00:00,,,,,0,240,240,SESSION_CLOSED_EXPECTED,EXPECTED
2026-01-03 12:00:00,,,,,0,240,240,SESSION_CLOSED_EXPECTED,EXPECTED
2026-01-03 16:00:00,,,,,0,240,240,SESSION_CLOSED_EXPECTED,EXPECTED
2026-01-03 20:00:00,,,,,0,240,240,SESSION_CLOSED_EXPECTED,EXPECTED
2026-01-04 00:00:00,,,,,0,240,240,SESSION_CLOSED_EXPECTED,EXPECTED
2026-01-04 04:00:00,,,,,0,240,240,SESSION_CLOSED_EXPECTED,EXPECTED
2026-01-04 08:00:00,,,,,0,240,240,SESSION_CLOSED_EXPECTED,EXPECTED
2026-01-04 12:00:00,,,,,0,240,240,SESSION_CLOSED_EXPECTED,EXPECTED
2026-01-04 16:00:00,,,,,0,240,240,SESSION_CLOSED_EXPECTED,EXPECTED
2026-01-04 20:00:00,4353.486,4375.948,4349.802,4372.57,53,240,187,EXPECTED_INCOMPLETE,EXPECTED
2026-01-05 00:00:00,4372.597,4421.112,4370.227,4399.941,240,240,0,COMPLETE,
2026-01-05 04:00:00,4399.909,4426.559,4397.451,4421.826,240,240,0,COMPLETE,
2026-01-05 08:00:00,4421.868,4440.011,4411.073,4419.349,240,240,0,COMPLETE,
2026-01-05 12:00:00,4419.316,4455.685,4395.895,4448.524,240,240,0,COMPLETE,
2026-01-05 16:00:00,4448.559,4454.476,4432.261,4439.845,240,240,0,COMPLETE,
2026-01-05 20:00:00,4439.805,4460.318,4436.871,4440.334,174,240,66,EXPECTED_INCOMPLETE,EXPECTED
2026-01-06 00:00:00,4440.402,4468.212,4427.675,4467.733,240,240,0,COMPLETE,
2026-01-06 04:00:00,4467.682,4474.262,4449.432,4459.479,240,240,0,COMPLETE,
2026-01-06 08:00:00,4459.429,4476.002,4442.565,4463.377,240,240,0,COMPLETE,
2026-01-06 12:00:00,4463.319,4490.896,4453.975,4478.351,240,240,0,COMPLETE,
2026-01-06 16:00:00,4478.386,4494.128,4471.616,4481.409,240,240,0,COMPLETE,
2026-01-06 20:00:00,4481.378,4500.541,4480.296,4493.261,177,240,63,EXPECTED_INCOMPLETE,EXPECTED
2026-01-07 00:00:00,4493.308,4495.916,4459.455,4474.683,240,240,0,COMPLETE,
2026-01-07 04:00:00,4474.633,4476.068,4441.419,4461.273,240,240,0,COMPLETE,
2026-01-07 08:00:00,4461.183,4474.841,4446.537,4447.469,240,240,0,COMPLETE,
2026-01-07 12:00:00,4447.513,4455.125,4423.563,4446.078,240,240,0,COMPLETE,
2026-01-07 16:00:00,4446.044,4468.377,4443.91,4456.852,240,240,0,COMPLETE,
2026-01-07 20:00:00,4456.896,4464.17,4449.759,4463.418,177,240,63,EXPECTED_INCOMPLETE,EXPECTED
2026-01-08 00:00:00,4463.383,4466.48,4433.406,4440.299,240,240,0,COMPLETE,
2026-01-08 04:00:00,4440.323,4440.56,4415.539,4431.056,240,240,0,COMPLETE,
2026-01-08 08:00:00,4430.981,4435.485,4419.832,4422.728,240,240,0,COMPLETE,
2026-01-08 12:00:00,4422.769,4456.541,4407.58,4454.101,240,240,0,COMPLETE,
2026-01-08 16:00:00,4454.15,4465.479,4444.332,4452.141,240,240,0,COMPLETE,
2026-01-08 20:00:00,4452.02,4484.208,4451.417,4475.597,177,240,63,EXPECTED_INCOMPLETE,EXPECTED
2026-01-09 00:00:00,4475.632,4476.742,4452.819,4464.219,240,240,0,COMPLETE,
2026-01-09 04:00:00,4464.226,4477.413,4458.062,4470.263,240,240,0,COMPLETE,
2026-01-09 08:00:00,4470.267,4477.674,4463.971,4475.43,240,240,0,COMPLETE,
2026-01-09 12:00:00,4475.353,4517.18,4458.906,4512.273,240,240,0,COMPLETE,
2026-01-09 16:00:00,4512.371,4514.336,4482.001,4499.322,240,240,0,COMPLETE,
2026-01-09 20:00:00,4499.294,4511.246,4497.752,4509.075,118,240,122,EXPECTED_INCOMPLETE,EXPECTED
2026-01-10 00:00:00,,,,,0,240,240,SESSION_CLOSED_EXPECTED,EXPECTED
2026-01-10 04:00:00,,,,,0,240,240,SESSION_CLOSED_EXPECTED,EXPECTED
2026-01-10 08:00:00,,,,,0,240,240,SESSION_CLOSED_EXPECTED,EXPECTED
2026-01-10 12:00:00,,,,,0,240,240,SESSION_CLOSED_EXPECTED,EXPECTED
2026-01-10 16:00:00,,,,,0,240,240,SESSION_CLOSED_EXPECTED,EXPECTED
2026-01-10 20:00:00,,,,,0,240,240,SESSION_CLOSED_EXPECTED,EXPECTED
2026-01-11 00:00:00,,,,,0,240,240,SESSION_CLOSED_EXPECTED,EXPECTED
2026-01-11 04:00:00,,,,,0,240,240,SESSION_CLOSED_EXPECTED,EXPECTED
2026-01-11 08:00:00,,,,,0,240,240,SESSION_CLOSED_EXPECTED,EXPECTED
2026-01-11 12:00:00,,,,,0,240,240,SESSION_CLOSED_EXPECTED,EXPECTED
2026-01-11 16:00:00,,,,,0,240,240,SESSION_CLOSED_EXPECTED,EXPECTED
2026-01-11 20:00:00,4517.918,4545.041,4517.918,4539.96,57,240,183,EXPECTED_INCOMPLETE,EXPECTED
2026-01-12 00:00:00,4540.016,4601.22,4536.245,4570.658,240,240,0,COMPLETE,
2026-01-12 04:00:00,4570.695,4589.681,4563.506,4587.7,240,240,0,COMPLETE,
2026-01-12 08:00:00,4587.743,4599.363,4579.546,4585.272,240,240,0,COMPLETE,
2026-01-12 12:00:00,4585.261,4627.426,4578.521,4621.268,240,240,0,COMPLETE,
2026-01-12 16:00:00,4621.242,4630.183,4600.443,4611.112,240,240,0,COMPLETE,
2026-01-12 20:00:00,4611.138,4611.735,4577.95,4599.371,177,240,63,EXPECTED_INCOMPLETE,EXPECTED
2026-01-13 00:00:00,4599.408,4599.73,4575.522,4594.166,240,240,0,COMPLETE,
2026-01-13 04:00:00,4594.122,4602.247,4573.304,4580.548,240,240,0,COMPLETE,
2026-01-13 08:00:00,4580.515,4597.255,4579.536,4588.503,240,240,0,COMPLETE,
2026-01-13 12:00:00,4588.599,4634.727,4577.847,4619.108,240,240,0,COMPLETE,
2026-01-13 16:00:00,4619.001,4620.751,4581.065,4597.503,240,240,0,COMPLETE,
2026-01-13 20:00:00,4597.539,4598.871,4569.234,4597.136,177,240,63,EXPECTED_INCOMPLETE,EXPECTED
2026-01-14 00:00:00,4597.181,4630.088,4597.14,4628.238,240,240,0,COMPLETE,
2026-01-14 04:00:00,4628.316,4639.961,4617.775,4632.634,240,240,0,COMPLETE,
2026-01-14 08:00:00,4632.53,4639.71,4621.938,4630.316,240,240,0,COMPLETE,
2026-01-14 12:00:00,4630.412,4642.045,4599.321,4617.855,240,240,0,COMPLETE,
2026-01-14 16:00:00,4617.892,4643.189,4601.076,4639.223,240,240,0,COMPLETE,
2026-01-14 20:00:00,4639.219,4641.596,4602.84,4615.294,175,240,65,EXPECTED_INCOMPLETE,EXPECTED
2026-01-15 00:00:00,4615.266,4618.206,4581.084,4592.282,240,240,0,COMPLETE,
2026-01-15 04:00:00,4592.258,4613.59,4580.995,4601.818,240,240,0,COMPLETE,
2026-01-15 08:00:00,4601.775,4623.032,4597.807,4619.132,240,240,0,COMPLETE,
2026-01-15 12:00:00,4619.184,4620.747,4582.03,4615.473,240,240,0,COMPLETE,
2026-01-15 16:00:00,4615.438,4624.902,4601.189,4615.794,240,240,0,COMPLETE,
2026-01-15 20:00:00,4615.881,4621.009,4600.75,4610.284,177,240,63,EXPECTED_INCOMPLETE,EXPECTED
2026-01-16 00:00:00,4610.315,4611.358,4591.237,4596.49,240,240,0,COMPLETE,
2026-01-16 04:00:00,4596.353,4616.219,4593.851,4607.546,240,240,0,COMPLETE,
2026-01-16 08:00:00,4607.519,4616.146,4598.594,4612.471,240,240,0,COMPLETE,
2026-01-16 12:00:00,4612.51,4620.517,4536.729,4571.398,240,240,0,COMPLETE,
2026-01-16 16:00:00,4571.351,4598.974,4567.921,4590.572,240,240,0,COMPLETE,
2026-01-16 20:00:00,4590.587,4598.544,4580.849,4596.588,118,240,122,EXPECTED_INCOMPLETE,EXPECTED
2026-01-17 00:00:00,,,,,0,240,240,SESSION_CLOSED_EXPECTED,EXPECTED
2026-01-17 04:00:00,,,,,0,240,240,SESSION_CLOSED_EXPECTED,EXPECTED
2026-01-17 08:00:00,,,,,0,240,240,SESSION_CLOSED_EXPECTED,EXPECTED
2026-01-17 12:00:00,,,,,0,240,240,SESSION_CLOSED_EXPECTED,EXPECTED
2026-01-17 16:00:00,,,,,0,240,240,SESSION_CLOSED_EXPECTED,EXPECTED
2026-01-17 20:00:00,,,,,0,240,240,SESSION_CLOSED_EXPECTED,EXPECTED
2026-01-18 00:00:00,,,,,0,240,240,SESSION_CLOSED_EXPECTED,EXPECTED
2026-01-18 04:00:00,,,,,0,240,240,SESSION_CLOSED_EXPECTED,EXPECTED
2026-01-18 08:00:00,,,,,0,240,240,SESSION_CLOSED_EXPECTED,EXPECTED
2026-01-18 12:00:00,,,,,0,240,240,SESSION_CLOSED_EXPECTED,EXPECTED
2026-01-18 16:00:00,,,,,0,240,240,SESSION_CLOSED_EXPECTED,EXPECTED
2026-01-18 20:00:00,4655.358,4690.741,4653.848,4672.573,51,240,189,EXPECTED_INCOMPLETE,EXPECTED
2026-01-19 00:00:00,4672.63,4682.118,4653.161,4658.521,240,240,0,COMPLETE,
2026-01-19 04:00:00,4658.556,4679.01,4658.174,4665.186,240,240,0,COMPLETE,
2026-01-19 08:00:00,4665.14,4673.835,4659.573,4660.705,240,240,0,COMPLETE,
2026-01-19 12:00:00,4660.676,4676.062,4660.054,4674.329,240,240,0,COMPLETE,
2026-01-19 16:00:00,4674.283,4680.466,4667.038,4670.928,210,240,30,UNEXPECTED_INCOMPLETE,UNEXPECTED
2026-01-19 20:00:00,4673.44,4673.595,4664.575,4665.406,57,240,183,UNEXPECTED_INCOMPLETE,UNEXPECTED
2026-01-20 00:00:00,4665.371,4681.604,4659.471,4680.184,240,240,0,COMPLETE,
2026-01-20 04:00:00,4680.124,4722.775,4679.661,4716.168,240,240,0,COMPLETE,
2026-01-20 08:00:00,4716.195,4737.4,4715.0,4733.029,240,240,0,COMPLETE,
2026-01-20 12:00:00,4732.985,4751.159,4715.24,4737.567,240,240,0,COMPLETE,
2026-01-20 16:00:00,4737.525,4766.367,4729.022,4760.696,240,240,0,COMPLETE,
2026-01-20 20:00:00,4760.699,4781.129,4747.418,4775.878,178,240,62,EXPECTED_INCOMPLETE,EXPECTED
2026-01-21 00:00:00,4775.829,4849.968,4770.74,4845.003,240,240,0,COMPLETE,
2026-01-21 04:00:00,4845.003,4888.466,4832.476,4855.173,240,240,0,COMPLETE,
2026-01-21 08:00:00,4855.142,4877.08,4851.529,4866.812,240,240,0,COMPLETE,
2026-01-21 12:00:00,4866.845,4880.998,4812.704,4847.815,240,240,0,COMPLETE,
2026-01-21 16:00:00,4847.861,4855.771,4755.898,4781.264,240,240,0,COMPLETE,
2026-01-21 20:00:00,4781.216,4839.807,4772.382,4778.37,177,240,63,EXPECTED_INCOMPLETE,EXPECTED
2026-01-22 00:00:00,4778.245,4809.624,4772.208,4796.604,240,240,0,COMPLETE,
2026-01-22 04:00:00,4796.582,4838.859,4793.688,4832.684,240,240,0,COMPLETE,
2026-01-22 08:00:00,4832.659,4838.044,4813.895,4831.11,240,240,0,COMPLETE,
2026-01-22 12:00:00,4831.061,4873.72,4810.693,4871.661,240,240,0,COMPLETE,
2026-01-22 16:00:00,4871.715,4924.477,4868.085,4911.663,240,240,0,COMPLETE,
2026-01-22 20:00:00,4911.7,4960.586,4911.361,4958.972,178,240,62,EXPECTED_INCOMPLETE,EXPECTED
2026-01-23 00:00:00,4959.011,4967.549,4936.338,4952.007,240,240,0,COMPLETE,
2026-01-23 04:00:00,4951.971,4967.334,4943.365,4944.413,240,240,0,COMPLETE,
2026-01-23 08:00:00,4944.349,4947.539,4899.542,4922.89,240,240,0,COMPLETE,
2026-01-23 12:00:00,4922.999,4963.342,4918.292,4960.584,240,240,0,COMPLETE,
2026-01-23 16:00:00,4960.611,4989.804,4958.26,4984.331,240,240,0,COMPLETE,
2026-01-23 20:00:00,4984.297,4989.05,4970.597,4988.337,118,240,122,EXPECTED_INCOMPLETE,EXPECTED
2026-01-24 00:00:00,,,,,0,240,240,SESSION_CLOSED_EXPECTED,EXPECTED
2026-01-24 04:00:00,,,,,0,240,240,SESSION_CLOSED_EXPECTED,EXPECTED
2026-01-24 08:00:00,,,,,0,240,240,SESSION_CLOSED_EXPECTED,EXPECTED
2026-01-24 12:00:00,,,,,0,240,240,SESSION_CLOSED_EXPECTED,EXPECTED
2026-01-24 16:00:00,,,,,0,240,240,SESSION_CLOSED_EXPECTED,EXPECTED
2026-01-24 20:00:00,,,,,0,240,240,SESSION_CLOSED_EXPECTED,EXPECTED
2026-01-25 00:00:00,,,,,0,240,240,SESSION_CLOSED_EXPECTED,EXPECTED
2026-01-25 04:00:00,,,,,0,240,240,SESSION_CLOSED_EXPECTED,EXPECTED
2026-01-25 08:00:00,,,,,0,240,240,SESSION_CLOSED_EXPECTED,EXPECTED
2026-01-25 12:00:00,,,,,0,240,240,SESSION_CLOSED_EXPECTED,EXPECTED
2026-01-25 16:00:00,,,,,0,240,240,SESSION_CLOSED_EXPECTED,EXPECTED
2026-01-25 20:00:00,5019.847,5040.296,5003.575,5039.789,57,240,183,EXPECTED_INCOMPLETE,EXPECTED
2026-01-26 00:00:00,5039.821,5093.104,5029.102,5076.541,240,240,0,COMPLETE,
2026-01-26 04:00:00,5076.571,5111.173,5052.349,5089.275,240,240,0,COMPLETE,
2026-01-26 08:00:00,5089.234,5098.657,5075.426,5091.438,240,240,0,COMPLETE,
2026-01-26 12:00:00,5091.406,5097.382,5054.528,5090.917,240,240,0,COMPLETE,
2026-01-26 16:00:00,5090.891,5105.21,5008.256,5028.697,240,240,0,COMPLETE,
2026-01-26 20:00:00,5028.749,5062.294,4989.632,5043.629,177,240,63,EXPECTED_INCOMPLETE,EXPECTED
2026-01-27 00:00:00,5043.588,5079.843,5013.485,5076.871,240,240,0,COMPLETE,
2026-01-27 04:00:00,5076.819,5100.962,5057.398,5086.128,240,240,0,COMPLETE,
2026-01-27 08:00:00,5086.063,5099.601,5066.866,5076.758,240,240,0,COMPLETE,
2026-01-27 12:00:00,5076.702,5092.971,5046.465,5091.119,240,240,0,COMPLETE,
2026-01-27 16:00:00,5091.011,5103.151,5076.203,5098.926,240,240,0,COMPLETE,
2026-01-27 20:00:00,5098.952,5190.49,5097.894,5172.433,168,240,72,EXPECTED_INCOMPLETE,EXPECTED
2026-01-28 00:00:00,5172.389,5247.708,5157.059,5234.977,240,240,0,COMPLETE,
2026-01-28 04:00:00,5234.951,5292.871,5232.359,5290.397,240,240,0,COMPLETE,
2026-01-28 08:00:00,5290.355,5311.57,5238.593,5261.638,240,240,0,COMPLETE,
2026-01-28 12:00:00,5261.7,5298.177,5235.274,5278.235,240,240,0,COMPLETE,
2026-01-28 16:00:00,5278.276,5332.251,5268.44,5325.408,240,240,0,COMPLETE,
2026-01-28 20:00:00,5325.304,5570.018,5320.898,5513.022,173,240,67,UNEXPECTED_INCOMPLETE,EXPECTED|UNEXPECTED
2026-01-29 00:00:00,5512.989,5551.669,5445.471,5545.769,240,240,0,COMPLETE,
2026-01-29 04:00:00,5545.731,5595.324,5516.135,5548.968,240,240,0,COMPLETE,
2026-01-29 08:00:00,5548.933,5554.979,5470.728,5522.656,240,240,0,COMPLETE,
2026-01-29 12:00:00,5522.629,5549.516,5094.978,5182.833,240,240,0,COMPLETE,
2026-01-29 16:00:00,5182.783,5375.47,5171.927,5305.838,240,240,0,COMPLETE,
2026-01-29 20:00:00,5305.702,5448.655,5282.814,5438.589,177,240,63,EXPECTED_INCOMPLETE,EXPECTED
2026-01-30 00:00:00,5438.551,5450.917,5112.046,5196.572,240,240,0,COMPLETE,
2026-01-30 04:00:00,5196.523,5241.638,5117.625,5181.14,240,240,0,COMPLETE,
2026-01-30 08:00:00,5181.197,5181.197,4940.267,5136.072,240,240,0,COMPLETE,
2026-01-30 12:00:00,5136.076,5145.942,4980.398,5050.424,240,240,0,COMPLETE,
2026-01-30 16:00:00,5050.472,5051.665,4682.526,4932.661,240,240,0,COMPLETE,
2026-01-30 20:00:00,4932.701,4932.995,4809.015,4891.496,118,240,122,EXPECTED_INCOMPLETE,EXPECTED
2026-01-31 00:00:00,,,,,0,240,240,SESSION_CLOSED_EXPECTED,EXPECTED
2026-01-31 04:00:00,,,,,0,240,240,SESSION_CLOSED_EXPECTED,EXPECTED
2026-01-31 08:00:00,,,,,0,240,240,SESSION_CLOSED_EXPECTED,EXPECTED
2026-01-31 12:00:00,,,,,0,240,240,SESSION_CLOSED_EXPECTED,EXPECTED
2026-01-31 16:00:00,,,,,0,240,240,SESSION_CLOSED_EXPECTED,EXPECTED
2026-01-31 20:00:00,,,,,0,240,240,SESSION_CLOSED_EXPECTED,EXPECTED
2026-02-01 00:00:00,,,,,0,240,240,SESSION_CLOSED_EXPECTED,EXPECTED
2026-02-01 04:00:00,,,,,0,240,240,SESSION_CLOSED_EXPECTED,EXPECTED
2026-02-01 08:00:00,,,,,0,240,240,SESSION_CLOSED_EXPECTED,EXPECTED
2026-02-01 12:00:00,,,,,0,240,240,SESSION_CLOSED_EXPECTED,EXPECTED
2026-02-01 16:00:00,,,,,0,240,240,SESSION_CLOSED_EXPECTED,EXPECTED
2026-02-01 20:00:00,4793.519,4819.788,4697.912,4741.422,50,240,190,EXPECTED_INCOMPLETE,EXPECTED
2026-02-02 00:00:00,4741.538,4884.887,4585.336,4646.606,240,240,0,COMPLETE,
2026-02-02 04:00:00,4646.505,4713.526,4402.065,4587.115,240,240,0,COMPLETE,
2026-02-02 08:00:00,4587.054,4779.711,4561.465,4766.028,240,240,0,COMPLETE,
2026-02-02 12:00:00,4765.857,4812.462,4617.128,4619.977,240,240,0,COMPLETE,
2026-02-02 16:00:00,4620.053,4714.137,4596.499,4685.389,240,240,0,COMPLETE,
2026-02-02 20:00:00,4685.485,4775.102,4643.759,4774.148,177,240,63,EXPECTED_INCOMPLETE,EXPECTED
2026-02-03 00:00:00,4774.235,4856.919,4745.492,4809.16,240,240,0,COMPLETE,
2026-02-03 04:00:00,4809.275,4933.737,4800.641,4917.091,240,240,0,COMPLETE,
2026-02-03 08:00:00,4917.171,4949.853,4883.513,4916.915,240,240,0,COMPLETE,
2026-02-03 12:00:00,4916.793,4950.959,4892.211,4935.431,240,240,0,COMPLETE,
2026-02-03 16:00:00,4935.346,4993.644,4880.34,4927.265,240,240,0,COMPLETE,
2026-02-03 20:00:00,4927.176,4972.098,4902.293,4947.171,177,240,63,EXPECTED_INCOMPLETE,EXPECTED
2026-02-04 00:00:00,4947.389,5073.532,4945.691,5069.922,240,240,0,COMPLETE,
2026-02-04 04:00:00,5070.008,5091.39,5051.114,5084.614,240,240,0,COMPLETE,
2026-02-04 08:00:00,5084.618,5091.872,5013.426,5047.674,240,240,0,COMPLETE,
2026-02-04 12:00:00,5047.564,5063.544,4887.435,4920.546,240,240,0,COMPLETE,
2026-02-04 16:00:00,4920.428,4958.02,4852.022,4941.839,240,240,0,COMPLETE,
2026-02-04 20:00:00,4941.701,5023.781,4914.17,5012.195,177,240,63,EXPECTED_INCOMPLETE,EXPECTED
2026-02-05 00:00:00,5012.269,5020.391,4788.583,4880.507,240,240,0,COMPLETE,
2026-02-05 04:00:00,4880.431,4940.846,4826.205,4915.076,240,240,0,COMPLETE,
2026-02-05 08:00:00,4915.205,4943.52,4847.359,4868.287,240,240,0,COMPLETE,
2026-02-05 12:00:00,4868.302,4877.993,4800.54,4817.668,240,240,0,COMPLETE,
2026-02-05 16:00:00,4817.565,4906.912,4812.292,4829.26,240,240,0,COMPLETE,
2026-02-05 20:00:00,4829.338,4843.095,4703.348,4703.69,177,240,63,EXPECTED_INCOMPLETE,EXPECTED
2026-02-06 00:00:00,4703.682,4846.533,4655.098,4824.288,240,240,0,COMPLETE,
2026-02-06 04:00:00,4824.155,4903.182,4807.122,4841.062,240,240,0,COMPLETE,
2026-02-06 08:00:00,4840.986,4895.912,4829.537,4887.1,240,240,0,COMPLETE,
2026-02-06 12:00:00,4887.192,4964.74,4871.067,4943.413,240,240,0,COMPLETE,
2026-02-06 16:00:00,4943.54,4971.378,4921.865,4957.112,240,240,0,COMPLETE,
2026-02-06 20:00:00,4956.961,4968.309,4936.583,4968.204,118,240,122,EXPECTED_INCOMPLETE,EXPECTED
2026-02-07 00:00:00,,,,,0,240,240,SESSION_CLOSED_EXPECTED,EXPECTED
2026-02-07 04:00:00,,,,,0,240,240,SESSION_CLOSED_EXPECTED,EXPECTED
2026-02-07 08:00:00,,,,,0,240,240,SESSION_CLOSED_EXPECTED,EXPECTED
2026-02-07 12:00:00,,,,,0,240,240,SESSION_CLOSED_EXPECTED,EXPECTED
2026-02-07 16:00:00,,,,,0,240,240,SESSION_CLOSED_EXPECTED,EXPECTED
2026-02-07 20:00:00,,,,,0,240,240,SESSION_CLOSED_EXPECTED,EXPECTED
2026-02-08 00:00:00,,,,,0,240,240,SESSION_CLOSED_EXPECTED,EXPECTED
2026-02-08 04:00:00,,,,,0,240,240,SESSION_CLOSED_EXPECTED,EXPECTED
2026-02-08 08:00:00,,,,,0,240,240,SESSION_CLOSED_EXPECTED,EXPECTED
2026-02-08 12:00:00,,,,,0,240,240,SESSION_CLOSED_EXPECTED,EXPECTED
2026-02-08 16:00:00,,,,,0,240,240,SESSION_CLOSED_EXPECTED,EXPECTED
2026-02-08 20:00:00,4967.733,5046.912,4964.615,5035.956,58,240,182,EXPECTED_INCOMPLETE,EXPECTED
2026-02-09 00:00:00,5036.031,5045.042,4969.116,5016.186,240,240,0,COMPLETE,
2026-02-09 04:00:00,5016.471,5045.76,4997.144,5006.39,240,240,0,COMPLETE,
2026-02-09 08:00:00,5006.315,5040.785,4982.082,5010.646,240,240,0,COMPLETE,
2026-02-09 12:00:00,5010.953,5060.207,4994.995,5058.777,240,240,0,COMPLETE,
2026-02-09 16:00:00,5058.963,5080.748,5040.953,5074.561,240,240,0,COMPLETE,
2026-02-09 20:00:00,5074.731,5086.709,4987.234,5031.915,176,240,64,EXPECTED_INCOMPLETE,EXPECTED
2026-02-10 00:00:00,5031.841,5056.289,5008.545,5030.118,240,240,0,COMPLETE,
2026-02-10 04:00:00,5029.821,5045.573,5011.204,5033.934,240,240,0,COMPLETE,
2026-02-10 08:00:00,5033.829,5063.09,5029.079,5055.936,240,240,0,COMPLETE,
2026-02-10 12:00:00,5056.077,5078.586,4998.788,5019.698,240,240,0,COMPLETE,
2026-02-10 16:00:00,5019.781,5040.07,5004.525,5028.074,240,240,0,COMPLETE,
2026-02-10 20:00:00,5028.027,5054.468,5020.207,5041.562,177,240,63,EXPECTED_INCOMPLETE,EXPECTED
2026-02-11 00:00:00,5041.628,5061.015,5028.139,5054.486,240,240,0,COMPLETE,
2026-02-11 04:00:00,5054.485,5069.151,5043.393,5055.474,240,240,0,COMPLETE,
2026-02-11 08:00:00,5055.442,5116.816,5045.608,5111.602,240,240,0,COMPLETE,
2026-02-11 12:00:00,5111.679,5119.191,5018.785,5060.311,240,240,0,COMPLETE,
2026-02-11 16:00:00,5060.174,5098.956,5042.689,5082.143,240,240,0,COMPLETE,
2026-02-11 20:00:00,5082.036,5100.174,5052.904,5061.409,176,240,64,EXPECTED_INCOMPLETE,EXPECTED
2026-02-12 00:00:00,5061.317,5074.653,5045.006,5056.951,240,240,0,COMPLETE,
2026-02-12 04:00:00,5056.978,5078.22,5046.954,5063.645,240,240,0,COMPLETE,
2026-02-12 08:00:00,5063.947,5080.941,5052.256,5064.072,240,240,0,COMPLETE,
2026-02-12 12:00:00,5064.006,5083.751,5039.018,5060.611,240,240,0,COMPLETE,
2026-02-12 16:00:00,5060.516,5068.045,4878.401,4945.686,240,240,0,COMPLETE,
2026-02-12 20:00:00,4945.604,4948.413,4887.596,4920.142,178,240,62,EXPECTED_INCOMPLETE,EXPECTED
2026-02-13 00:00:00,4920.057,4991.766,4913.678,4981.499,240,240,0,COMPLETE,
2026-02-13 04:00:00,4981.466,4997.191,4945.059,4974.851,240,240,0,COMPLETE,
2026-02-13 08:00:00,4974.926,4989.635,4933.5,4954.047,240,240,0,COMPLETE,
2026-02-13 12:00:00,4954.034,5020.674,4951.836,4977.022,240,240,0,COMPLETE,
2026-02-13 16:00:00,4977.129,5046.075,4975.115,5023.59,240,240,0,COMPLETE,
2026-02-13 20:00:00,5023.753,5046.131,5021.291,5042.635,118,240,122,EXPECTED_INCOMPLETE,EXPECTED
2026-02-14 00:00:00,,,,,0,240,240,SESSION_CLOSED_EXPECTED,EXPECTED
2026-02-14 04:00:00,,,,,0,240,240,SESSION_CLOSED_EXPECTED,EXPECTED
2026-02-14 08:00:00,,,,,0,240,240,SESSION_CLOSED_EXPECTED,EXPECTED
2026-02-14 12:00:00,,,,,0,240,240,SESSION_CLOSED_EXPECTED,EXPECTED
2026-02-14 16:00:00,,,,,0,240,240,SESSION_CLOSED_EXPECTED,EXPECTED
2026-02-14 20:00:00,,,,,0,240,240,SESSION_CLOSED_EXPECTED,EXPECTED
2026-02-15 00:00:00,,,,,0,240,240,SESSION_CLOSED_EXPECTED,EXPECTED
2026-02-15 04:00:00,,,,,0,240,240,SESSION_CLOSED_EXPECTED,EXPECTED
2026-02-15 08:00:00,,,,,0,240,240,SESSION_CLOSED_EXPECTED,EXPECTED
2026-02-15 12:00:00,,,,,0,240,240,SESSION_CLOSED_EXPECTED,EXPECTED
2026-02-15 16:00:00,,,,,0,240,240,SESSION_CLOSED_EXPECTED,EXPECTED
2026-02-15 20:00:00,5026.79,5032.195,5010.097,5019.875,58,240,182,EXPECTED_INCOMPLETE,EXPECTED
2026-02-16 00:00:00,5019.8,5031.437,4975.127,4987.739,240,240,0,COMPLETE,
2026-02-16 04:00:00,4987.693,5009.96,4964.461,5007.22,240,240,0,COMPLETE,
2026-02-16 08:00:00,5007.293,5017.238,4995.73,5004.255,240,240,0,COMPLETE,
2026-02-16 12:00:00,5004.234,5008.114,4968.843,4979.754,240,240,0,COMPLETE,
2026-02-16 16:00:00,4979.664,4997.767,4972.93,4993.856,210,240,30,UNEXPECTED_INCOMPLETE,UNEXPECTED
2026-02-16 20:00:00,4998.125,5000.839,4985.313,4990.001,59,240,181,UNEXPECTED_INCOMPLETE,UNEXPECTED
2026-02-17 00:00:00,4989.835,4991.598,4922.718,4956.782,240,240,0,COMPLETE,
2026-02-17 04:00:00,4956.839,4960.362,4858.578,4917.017,240,240,0,COMPLETE,
2026-02-17 08:00:00,4916.936,4939.2,4907.584,4929.144,240,240,0,COMPLETE,
2026-02-17 12:00:00,4929.066,4944.408,4841.051,4878.269,240,240,0,COMPLETE,
2026-02-17 16:00:00,4878.353,4910.724,4849.847,4880.471,240,240,0,COMPLETE,
2026-02-17 20:00:00,4880.396,4887.047,4853.898,4859.541,176,240,64,EXPECTED_INCOMPLETE,EXPECTED
2026-02-18 00:00:00,4859.227,4922.005,4858.398,4920.891,240,240,0,COMPLETE,
2026-02-18 04:00:00,4920.962,4942.381,4918.467,4930.336,240,240,0,COMPLETE,
2026-02-18 08:00:00,4930.414,4932.455,4906.246,4912.905,240,240,0,COMPLETE,
2026-02-18 12:00:00,4912.892,5009.016,4911.903,4997.847,240,240,0,COMPLETE,
2026-02-18 16:00:00,4998.104,5010.992,4972.837,4980.677,240,240,0,COMPLETE,
2026-02-18 20:00:00,4980.6,4988.801,4961.014,4976.165,177,240,63,EXPECTED_INCOMPLETE,EXPECTED
2026-02-19 00:00:00,4975.968,4983.589,4960.438,4981.841,240,240,0,COMPLETE,
2026-02-19 04:00:00,4981.759,5021.782,4976.954,5010.381,240,240,0,COMPLETE,
2026-02-19 08:00:00,5010.308,5022.086,4977.984,4984.714,240,240,0,COMPLETE,
2026-02-19 12:00:00,4984.638,5022.38,4963.25,5013.714,240,240,0,COMPLETE,
2026-02-19 16:00:00,5013.798,5014.348,4975.182,4987.838,240,240,0,COMPLETE,
2026-02-19 20:00:00,4987.861,5007.947,4985.635,4987.641,177,240,63,EXPECTED_INCOMPLETE,EXPECTED
2026-02-20 00:00:00,4987.609,5014.708,4981.584,4988.202,240,240,0,COMPLETE,
2026-02-20 04:00:00,4988.28,5030.129,4986.533,5006.545,240,240,0,COMPLETE,
2026-02-20 08:00:00,5006.624,5042.524,5004.955,5017.41,240,240,0,COMPLETE,
2026-02-20 12:00:00,5017.483,5064.047,4988.802,5042.512,240,240,0,COMPLETE,
2026-02-20 16:00:00,5042.437,5079.95,5038.558,5079.312,240,240,0,COMPLETE,
2026-02-20 20:00:00,5079.538,5108.206,5076.719,5105.788,118,240,122,EXPECTED_INCOMPLETE,EXPECTED
2026-02-21 00:00:00,,,,,0,240,240,SESSION_CLOSED_EXPECTED,EXPECTED
2026-02-21 04:00:00,,,,,0,240,240,SESSION_CLOSED_EXPECTED,EXPECTED
2026-02-21 08:00:00,,,,,0,240,240,SESSION_CLOSED_EXPECTED,EXPECTED
2026-02-21 12:00:00,,,,,0,240,240,SESSION_CLOSED_EXPECTED,EXPECTED
2026-02-21 16:00:00,,,,,0,240,240,SESSION_CLOSED_EXPECTED,EXPECTED
2026-02-21 20:00:00,,,,,0,240,240,SESSION_CLOSED_EXPECTED,EXPECTED
2026-02-22 00:00:00,,,,,0,240,240,SESSION_CLOSED_EXPECTED,EXPECTED
2026-02-22 04:00:00,,,,,0,240,240,SESSION_CLOSED_EXPECTED,EXPECTED
2026-02-22 08:00:00,,,,,0,240,240,SESSION_CLOSED_EXPECTED,EXPECTED
2026-02-22 12:00:00,,,,,0,240,240,SESSION_CLOSED_EXPECTED,EXPECTED
2026-02-22 16:00:00,,,,,0,240,240,SESSION_CLOSED_EXPECTED,EXPECTED
2026-02-22 20:00:00,5111.774,5171.925,5108.698,5165.43,59,240,181,EXPECTED_INCOMPLETE,EXPECTED
2026-02-23 00:00:00,5165.423,5176.648,5129.453,5166.872,240,240,0,COMPLETE,
2026-02-23 04:00:00,5166.856,5168.459,5125.0,5136.784,240,240,0,COMPLETE,
2026-02-23 08:00:00,5136.337,5163.504,5122.079,5149.902,240,240,0,COMPLETE,
2026-02-23 12:00:00,5149.811,5205.155,5141.198,5196.309,240,240,0,COMPLETE,
2026-02-23 16:00:00,5196.192,5219.227,5175.329,5215.561,240,240,0,COMPLETE,
2026-02-23 20:00:00,5215.63,5249.58,5214.734,5235.99,178,240,62,EXPECTED_INCOMPLETE,EXPECTED
2026-02-24 00:00:00,5235.896,5237.837,5144.677,5172.029,240,240,0,COMPLETE,
2026-02-24 04:00:00,5171.955,5185.686,5156.038,5179.307,240,240,0,COMPLETE,
2026-02-24 08:00:00,5179.377,5181.913,5163.191,5172.892,240,240,0,COMPLETE,
2026-02-24 12:00:00,5172.811,5173.599,5093.302,5150.197,240,240,0,COMPLETE,
2026-02-24 16:00:00,5150.15,5170.051,5130.83,5154.12,240,240,0,COMPLETE,
2026-02-24 20:00:00,5154.204,5173.233,5127.575,5146.596,175,240,65,EXPECTED_INCOMPLETE,EXPECTED
2026-02-25 00:00:00,5146.594,5194.025,5136.288,5182.218,240,240,0,COMPLETE,
2026-02-25 04:00:00,5182.121,5210.572,5171.603,5184.692,240,240,0,COMPLETE,
2026-02-25 08:00:00,5184.797,5197.222,5154.789,5181.628,240,240,0,COMPLETE,
2026-02-25 12:00:00,5181.172,5202.608,5158.674,5194.997,240,240,0,COMPLETE,
2026-02-25 16:00:00,5194.91,5217.601,5189.565,5205.148,240,240,0,COMPLETE,
2026-02-25 20:00:00,5204.691,5206.326,5145.693,5163.182,178,240,62,EXPECTED_INCOMPLETE,EXPECTED
2026-02-26 00:00:00,5163.276,5198.283,5155.169,5192.733,240,240,0,COMPLETE,
2026-02-26 04:00:00,5192.365,5205.645,5179.55,5185.817,240,240,0,COMPLETE,
2026-02-26 08:00:00,5186.145,5190.884,5161.111,5164.435,240,240,0,COMPLETE,
2026-02-26 12:00:00,5164.757,5192.771,5130.538,5185.288,240,240,0,COMPLETE,
2026-02-26 16:00:00,5185.762,5194.022,5160.418,5187.123,240,240,0,COMPLETE,
2026-02-26 20:00:00,5187.041,5200.917,5175.312,5184.468,177,240,63,EXPECTED_INCOMPLETE,EXPECTED
2026-02-27 00:00:00,5184.437,5199.856,5166.6,5184.125,240,240,0,COMPLETE,
2026-02-27 04:00:00,5184.028,5200.672,5175.532,5176.152,240,240,0,COMPLETE,
2026-02-27 08:00:00,5175.852,5185.354,5168.364,5185.354,240,240,0,COMPLETE,
2026-02-27 12:00:00,5185.429,5246.542,5182.863,5239.416,240,240,0,COMPLETE,
2026-02-27 16:00:00,5239.496,5257.649,5220.496,5250.137,240,240,0,COMPLETE,
2026-02-27 20:00:00,5250.212,5281.384,5248.503,5279.159,118,240,122,EXPECTED_INCOMPLETE,EXPECTED
2026-02-28 00:00:00,,,,,0,240,240,SESSION_CLOSED_EXPECTED,EXPECTED
2026-02-28 04:00:00,,,,,0,240,240,SESSION_CLOSED_EXPECTED,EXPECTED
2026-02-28 08:00:00,,,,,0,240,240,SESSION_CLOSED_EXPECTED,EXPECTED
2026-02-28 12:00:00,,,,,0,240,240,SESSION_CLOSED_EXPECTED,EXPECTED
2026-02-28 16:00:00,,,,,0,240,240,SESSION_CLOSED_EXPECTED,EXPECTED
2026-02-28 20:00:00,,,,,0,240,240,SESSION_CLOSED_EXPECTED,EXPECTED
2026-03-01 00:00:00,,,,,0,240,240,SESSION_CLOSED_EXPECTED,EXPECTED
2026-03-01 04:00:00,,,,,0,240,240,SESSION_CLOSED_EXPECTED,EXPECTED
2026-03-01 08:00:00,,,,,0,240,240,SESSION_CLOSED_EXPECTED,EXPECTED
2026-03-01 12:00:00,,,,,0,240,240,SESSION_CLOSED_EXPECTED,EXPECTED
2026-03-01 16:00:00,,,,,0,240,240,SESSION_CLOSED_EXPECTED,EXPECTED
2026-03-01 20:00:00,5319.152,5393.461,5314.624,5386.625,53,240,187,EXPECTED_INCOMPLETE,EXPECTED
2026-03-02 00:00:00,5386.841,5388.309,5303.001,5366.264,240,240,0,COMPLETE,
2026-03-02 04:00:00,5366.257,5419.292,5340.633,5407.701,240,240,0,COMPLETE,
2026-03-02 08:00:00,5407.622,5416.676,5374.929,5385.06,240,240,0,COMPLETE,
2026-03-02 12:00:00,5385.145,5416.672,5306.381,5316.11,240,240,0,COMPLETE,
2026-03-02 16:00:00,5316.025,5334.073,5260.137,5330.573,240,240,0,COMPLETE,
2026-03-02 20:00:00,5330.662,5347.077,5321.562,5345.667,178,240,62,EXPECTED_INCOMPLETE,EXPECTED
2026-03-03 00:00:00,5345.672,5379.859,5332.434,5367.112,240,240,0,COMPLETE,
2026-03-03 04:00:00,5367.203,5375.748,5278.941,5327.44,240,240,0,COMPLETE,
2026-03-03 08:00:00,5327.337,5335.637,5073.38,5144.675,240,240,0,COMPLETE,
2026-03-03 12:00:00,5144.766,5226.681,4995.748,5095.315,240,240,0,COMPLETE,
2026-03-03 16:00:00,5095.229,5148.958,5065.045,5113.353,240,240,0,COMPLETE,
2026-03-03 20:00:00,5113.158,5130.289,5083.016,5125.035,177,240,63,EXPECTED_INCOMPLETE,EXPECTED
2026-03-04 00:00:00,5125.067,5190.894,5105.658,5174.302,240,240,0,COMPLETE,
2026-03-04 04:00:00,5174.5,5180.846,5121.644,5168.239,240,240,0,COMPLETE,
2026-03-04 08:00:00,5168.332,5202.465,5147.264,5192.171,240,240,0,COMPLETE,
2026-03-04 12:00:00,5192.098,5206.083,5130.834,5151.456,240,240,0,COMPLETE,
2026-03-04 16:00:00,5151.572,5162.527,5108.599,5137.784,240,240,0,COMPLETE,
2026-03-04 20:00:00,5137.709,5166.098,5123.429,5164.941,178,240,62,EXPECTED_INCOMPLETE,EXPECTED
2026-03-05 00:00:00,5164.866,5195.043,5159.573,5180.021,240,240,0,COMPLETE,
2026-03-05 04:00:00,5180.321,5186.793,5120.576,5162.026,240,240,0,COMPLETE,
2026-03-05 08:00:00,5162.179,5180.373,5137.448,5163.448,240,240,0,COMPLETE,
2026-03-05 12:00:00,5163.459,5171.633,5059.781,5102.463,240,240,0,COMPLETE,
2026-03-05 16:00:00,5102.444,5104.462,5050.66,5065.779,240,240,0,COMPLETE,
2026-03-05 20:00:00,5065.626,5101.76,5061.593,5086.323,173,240,67,EXPECTED_INCOMPLETE,EXPECTED
2026-03-06 00:00:00,5086.227,5144.017,5066.14,5130.883,240,240,0,COMPLETE,
2026-03-06 04:00:00,5131.201,5136.21,5105.578,5119.349,240,240,0,COMPLETE,
2026-03-06 08:00:00,5119.62,5123.246,5062.463,5076.654,240,240,0,COMPLETE,
2026-03-06 12:00:00,5076.803,5171.704,5065.362,5141.994,240,240,0,COMPLETE,
2026-03-06 16:00:00,5141.912,5174.683,5125.778,5159.862,240,240,0,COMPLETE,
2026-03-06 20:00:00,5159.939,5176.703,5149.44,5174.204,118,240,122,EXPECTED_INCOMPLETE,EXPECTED
2026-03-07 00:00:00,,,,,0,240,240,SESSION_CLOSED_EXPECTED,EXPECTED
2026-03-07 04:00:00,,,,,0,240,240,SESSION_CLOSED_EXPECTED,EXPECTED
2026-03-07 08:00:00,,,,,0,240,240,SESSION_CLOSED_EXPECTED,EXPECTED
2026-03-07 12:00:00,,,,,0,240,240,SESSION_CLOSED_EXPECTED,EXPECTED
2026-03-07 16:00:00,,,,,0,240,240,SESSION_CLOSED_EXPECTED,EXPECTED
2026-03-07 20:00:00,,,,,0,240,240,SESSION_CLOSED_EXPECTED,EXPECTED
2026-03-08 00:00:00,,,,,0,240,240,SESSION_CLOSED_EXPECTED,EXPECTED
2026-03-08 04:00:00,,,,,0,240,240,SESSION_CLOSED_EXPECTED,EXPECTED
2026-03-08 08:00:00,,,,,0,240,240,SESSION_CLOSED_EXPECTED,EXPECTED
2026-03-08 12:00:00,,,,,0,240,240,SESSION_CLOSED_EXPECTED,EXPECTED
2026-03-08 16:00:00,,,,,0,240,240,SESSION_CLOSED_EXPECTED,EXPECTED
2026-03-08 20:00:00,5178.932,5179.956,5044.114,5075.404,117,240,123,EXPECTED_INCOMPLETE,EXPECTED
2026-03-09 00:00:00,5075.709,5102.494,5014.403,5091.172,240,240,0,COMPLETE,
2026-03-09 04:00:00,5091.067,5140.513,5080.782,5098.826,240,240,0,COMPLETE,
2026-03-09 08:00:00,5098.745,5132.56,5079.249,5088.106,240,240,0,COMPLETE,
2026-03-09 12:00:00,5088.189,5116.06,5060.369,5099.739,240,240,0,COMPLETE,
2026-03-09 16:00:00,5099.435,5144.049,5088.903,5141.069,240,240,0,COMPLETE,
2026-03-09 20:00:00,5141.169,5156.005,5117.611,5139.758,178,240,62,EXPECTED_INCOMPLETE,EXPECTED
2026-03-10 00:00:00,5139.394,5187.169,5124.496,5157.744,240,240,0,COMPLETE,
2026-03-10 04:00:00,5157.288,5181.359,5154.425,5180.805,240,240,0,COMPLETE,
2026-03-10 08:00:00,5180.861,5195.188,5156.482,5174.886,240,240,0,COMPLETE,
2026-03-10 12:00:00,5174.884,5238.565,5162.559,5228.735,240,240,0,COMPLETE,
2026-03-10 16:00:00,5228.82,5235.551,5160.15,5198.931,240,240,0,COMPLETE,
2026-03-10 20:00:00,5198.797,5199.186,5182.675,5196.83,177,240,63,EXPECTED_INCOMPLETE,EXPECTED
2026-03-11 00:00:00,5196.904,5223.236,5186.588,5203.406,240,240,0,COMPLETE,
2026-03-11 04:00:00,5203.327,5210.889,5184.429,5195.486,240,240,0,COMPLETE,
2026-03-11 08:00:00,5195.382,5198.391,5175.047,5181.34,240,240,0,COMPLETE,
2026-03-11 12:00:00,5181.061,5196.821,5149.185,5166.002,240,240,0,COMPLETE,
2026-03-11 16:00:00,5166.304,5183.188,5154.011,5182.949,240,240,0,COMPLETE,
2026-03-11 20:00:00,5182.864,5183.408,5129.605,5134.279,176,240,64,EXPECTED_INCOMPLETE,EXPECTED
2026-03-12 00:00:00,5134.137,5175.209,5125.354,5152.906,240,240,0,COMPLETE,
2026-03-12 04:00:00,5152.988,5185.43,5137.289,5181.772,240,240,0,COMPLETE,
2026-03-12 08:00:00,5181.88,5191.747,5172.526,5178.754,240,240,0,COMPLETE,
2026-03-12 12:00:00,5178.843,5186.218,5109.488,5132.488,240,240,0,COMPLETE,
2026-03-12 16:00:00,5132.11,5138.082,5079.027,5084.853,240,240,0,COMPLETE,
2026-03-12 20:00:00,5084.777,5100.988,5054.73,5098.22,177,240,63,EXPECTED_INCOMPLETE,EXPECTED
2026-03-13 00:00:00,5098.146,5128.521,5097.233,5115.283,240,240,0,COMPLETE,
2026-03-13 04:00:00,5115.469,5117.828,5071.708,5084.869,240,240,0,COMPLETE,
2026-03-13 08:00:00,5085.174,5107.803,5061.376,5107.723,240,240,0,COMPLETE,
2026-03-13 12:00:00,5107.439,5121.939,5031.552,5034.871,240,240,0,COMPLETE,
2026-03-13 16:00:00,5034.775,5063.87,5009.577,5016.515,240,240,0,COMPLETE,
2026-03-13 20:00:00,5016.598,5025.481,5012.19,5021.082,58,240,182,EXPECTED_INCOMPLETE,EXPECTED
2026-03-14 00:00:00,,,,,0,240,240,SESSION_CLOSED_EXPECTED,EXPECTED
2026-03-14 04:00:00,,,,,0,240,240,SESSION_CLOSED_EXPECTED,EXPECTED
2026-03-14 08:00:00,,,,,0,240,240,SESSION_CLOSED_EXPECTED,EXPECTED
2026-03-14 12:00:00,,,,,0,240,240,SESSION_CLOSED_EXPECTED,EXPECTED
2026-03-14 16:00:00,,,,,0,240,240,SESSION_CLOSED_EXPECTED,EXPECTED
2026-03-14 20:00:00,,,,,0,240,240,SESSION_CLOSED_EXPECTED,EXPECTED
2026-03-15 00:00:00,,,,,0,240,240,SESSION_CLOSED_EXPECTED,EXPECTED
2026-03-15 04:00:00,,,,,0,240,240,SESSION_CLOSED_EXPECTED,EXPECTED
2026-03-15 08:00:00,,,,,0,240,240,SESSION_CLOSED_EXPECTED,EXPECTED
2026-03-15 12:00:00,,,,,0,240,240,SESSION_CLOSED_EXPECTED,EXPECTED
2026-03-15 16:00:00,,,,,0,240,240,SESSION_CLOSED_EXPECTED,EXPECTED
2026-03-15 20:00:00,5016.992,5030.633,4966.709,4997.513,119,240,121,EXPECTED_INCOMPLETE,EXPECTED
2026-03-16 00:00:00,4997.44,5031.161,4982.495,5019.076,240,240,0,COMPLETE,
2026-03-16 04:00:00,5019.207,5035.911,4991.655,4995.213,240,240,0,COMPLETE,
2026-03-16 08:00:00,4995.292,5022.751,4969.99,4997.086,240,240,0,COMPLETE,
2026-03-16 12:00:00,4997.162,5038.124,4983.826,4986.864,240,240,0,COMPLETE,
2026-03-16 16:00:00,4986.942,5020.333,4973.869,5012.697,240,240,0,COMPLETE,
2026-03-16 20:00:00,5012.625,5021.669,4998.605,5012.921,178,240,62,EXPECTED_INCOMPLETE,EXPECTED
2026-03-17 00:00:00,5012.92,5033.559,4994.332,5027.671,240,240,0,COMPLETE,
2026-03-17 04:00:00,5027.372,5044.531,5004.927,5021.088,240,240,0,COMPLETE,
2026-03-17 08:00:00,5021.046,5029.628,4991.577,5003.122,240,240,0,COMPLETE,
2026-03-17 12:00:00,5003.047,5031.549,4973.324,4997.712,240,240,0,COMPLETE,
2026-03-17 16:00:00,4998.066,5009.052,4991.663,5000.144,240,240,0,COMPLETE,
2026-03-17 20:00:00,5000.348,5006.449,4993.315,5002.757,177,240,63,EXPECTED_INCOMPLETE,EXPECTED
2026-03-18 00:00:00,5002.81,5016.069,4986.261,4991.405,240,240,0,COMPLETE,
2026-03-18 04:00:00,4991.387,5016.264,4981.601,4995.066,240,240,0,COMPLETE,
2026-03-18 08:00:00,4994.692,4996.649,4924.833,4930.048,240,240,0,COMPLETE,
2026-03-18 12:00:00,4930.424,4932.416,4833.982,4862.55,240,240,0,COMPLETE,
2026-03-18 16:00:00,4862.624,4899.334,4837.979,4843.082,240,240,0,COMPLETE,
2026-03-18 20:00:00,4843.14,4848.37,4804.058,4836.771,178,240,62,EXPECTED_INCOMPLETE,EXPECTED
2026-03-19 00:00:00,4836.662,4866.913,4832.813,4850.971,240,240,0,COMPLETE,
2026-03-19 04:00:00,4850.946,4853.82,4727.011,4727.802,240,240,0,COMPLETE,
2026-03-19 08:00:00,4728.053,4740.33,4650.592,4652.246,240,240,0,COMPLETE,
2026-03-19 12:00:00,4651.888,4653.957,4502.516,4596.542,240,240,0,COMPLETE,
2026-03-19 16:00:00,4596.617,4663.406,4573.69,4644.043,240,240,0,COMPLETE,
2026-03-19 20:00:00,4643.671,4677.124,4634.152,4643.724,177,240,63,EXPECTED_INCOMPLETE,EXPECTED
2026-03-20 00:00:00,4643.652,4735.922,4639.258,4725.577,240,240,0,COMPLETE,
2026-03-20 04:00:00,4725.676,4727.644,4661.317,4706.154,240,240,0,COMPLETE,
2026-03-20 08:00:00,4706.235,4734.826,4636.934,4671.759,240,240,0,COMPLETE,
2026-03-20 12:00:00,4671.837,4695.641,4540.423,4553.393,240,240,0,COMPLETE,
2026-03-20 16:00:00,4553.174,4613.739,4477.064,4501.459,240,240,0,COMPLETE,
2026-03-20 20:00:00,4501.674,4514.59,4493.539,4497.486,58,240,182,EXPECTED_INCOMPLETE,EXPECTED
2026-03-21 00:00:00,,,,,0,240,240,SESSION_CLOSED_EXPECTED,EXPECTED
2026-03-21 04:00:00,,,,,0,240,240,SESSION_CLOSED_EXPECTED,EXPECTED
2026-03-21 08:00:00,,,,,0,240,240,SESSION_CLOSED_EXPECTED,EXPECTED
2026-03-21 12:00:00,,,,,0,240,240,SESSION_CLOSED_EXPECTED,EXPECTED
2026-03-21 16:00:00,,,,,0,240,240,SESSION_CLOSED_EXPECTED,EXPECTED
2026-03-21 20:00:00,,,,,0,240,240,SESSION_CLOSED_EXPECTED,EXPECTED
2026-03-22 00:00:00,,,,,0,240,240,SESSION_CLOSED_EXPECTED,EXPECTED
2026-03-22 04:00:00,,,,,0,240,240,SESSION_CLOSED_EXPECTED,EXPECTED
2026-03-22 08:00:00,,,,,0,240,240,SESSION_CLOSED_EXPECTED,EXPECTED
2026-03-22 12:00:00,,,,,0,240,240,SESSION_CLOSED_EXPECTED,EXPECTED
2026-03-22 16:00:00,,,,,0,240,240,SESSION_CLOSED_EXPECTED,EXPECTED
2026-03-22 20:00:00,4477.889,4536.286,4449.157,4464.845,119,240,121,EXPECTED_INCOMPLETE,EXPECTED
2026-03-23 00:00:00,4464.544,4473.236,4319.458,4353.009,240,240,0,COMPLETE,
2026-03-23 04:00:00,4353.07,4381.783,4098.363,4204.212,240,240,0,COMPLETE,
2026-03-23 08:00:00,4204.285,4463.475,4202.813,4379.171,240,240,0,COMPLETE,
2026-03-23 12:00:00,4378.796,4512.862,4336.794,4363.889,240,240,0,COMPLETE,
2026-03-23 16:00:00,4363.482,4467.134,4352.292,4397.713,240,240,0,COMPLETE,
2026-03-23 20:00:00,4397.652,4448.273,4361.217,4441.255,177,240,63,EXPECTED_INCOMPLETE,EXPECTED
2026-03-24 00:00:00,4441.187,4446.647,4305.524,4346.901,240,240,0,COMPLETE,
2026-03-24 04:00:00,4346.85,4432.484,4319.6,4417.355,240,240,0,COMPLETE,
2026-03-24 08:00:00,4417.308,4442.191,4375.176,4407.594,240,240,0,COMPLETE,
2026-03-24 12:00:00,4407.691,4433.718,4351.152,4411.652,240,240,0,COMPLETE,
2026-03-24 16:00:00,4411.73,4427.681,4372.133,4400.38,240,240,0,COMPLETE,
2026-03-24 20:00:00,4400.088,4551.503,4397.118,4546.794,178,240,62,EXPECTED_INCOMPLETE,EXPECTED
2026-03-25 00:00:00,4546.886,4602.542,4537.371,4570.211,240,240,0,COMPLETE,
2026-03-25 04:00:00,4570.216,4574.794,4532.929,4539.367,240,240,0,COMPLETE,
2026-03-25 08:00:00,4539.497,4585.746,4527.453,4578.724,240,240,0,COMPLETE,
2026-03-25 12:00:00,4578.648,4583.829,4521.804,4559.134,240,240,0,COMPLETE,
2026-03-25 16:00:00,4559.077,4568.993,4486.842,4530.665,240,240,0,COMPLETE,
2026-03-25 20:00:00,4530.598,4542.126,4488.812,4498.11,178,240,62,EXPECTED_INCOMPLETE,EXPECTED
2026-03-26 00:00:00,4498.428,4544.588,4498.034,4516.478,240,240,0,COMPLETE,
2026-03-26 04:00:00,4516.507,4524.133,4415.737,4452.774,240,240,0,COMPLETE,
2026-03-26 08:00:00,4452.745,4459.276,4412.306,4423.196,240,240,0,COMPLETE,
2026-03-26 12:00:00,4423.241,4479.488,4416.203,4438.125,240,240,0,COMPLETE,
2026-03-26 16:00:00,4438.078,4442.853,4359.039,4364.06,240,240,0,COMPLETE,
2026-03-26 20:00:00,4363.994,4420.773,4350.925,4404.918,177,240,63,EXPECTED_INCOMPLETE,EXPECTED
2026-03-27 00:00:00,4404.965,4446.189,4375.215,4437.399,240,240,0,COMPLETE,
2026-03-27 04:00:00,4437.467,4475.345,4431.385,4447.498,240,240,0,COMPLETE,
2026-03-27 08:00:00,4447.536,4450.895,4404.195,4419.825,240,240,0,COMPLETE,
2026-03-27 12:00:00,4419.878,4555.484,4412.631,4524.016,240,240,0,COMPLETE,
2026-03-27 16:00:00,4524.079,4533.87,4486.224,4514.506,240,240,0,COMPLETE,
2026-03-27 20:00:00,4514.564,4520.398,4490.878,4495.434,58,240,182,EXPECTED_INCOMPLETE,EXPECTED
2026-03-28 00:00:00,,,,,0,240,240,SESSION_CLOSED_EXPECTED,EXPECTED
2026-03-28 04:00:00,,,,,0,240,240,SESSION_CLOSED_EXPECTED,EXPECTED
2026-03-28 08:00:00,,,,,0,240,240,SESSION_CLOSED_EXPECTED,EXPECTED
2026-03-28 12:00:00,,,,,0,240,240,SESSION_CLOSED_EXPECTED,EXPECTED
2026-03-28 16:00:00,,,,,0,240,240,SESSION_CLOSED_EXPECTED,EXPECTED
2026-03-28 20:00:00,,,,,0,240,240,SESSION_CLOSED_EXPECTED,EXPECTED
2026-03-29 00:00:00,,,,,0,240,240,SESSION_CLOSED_EXPECTED,EXPECTED
2026-03-29 04:00:00,,,,,0,240,240,SESSION_CLOSED_EXPECTED,EXPECTED
2026-03-29 08:00:00,,,,,0,240,240,SESSION_CLOSED_EXPECTED,EXPECTED
2026-03-29 12:00:00,,,,,0,240,240,SESSION_CLOSED_EXPECTED,EXPECTED
2026-03-29 16:00:00,,,,,0,240,240,SESSION_CLOSED_EXPECTED,EXPECTED
2026-03-29 20:00:00,4511.584,4514.244,4443.756,4448.587,116,240,124,EXPECTED_INCOMPLETE,EXPECTED
2026-03-30 00:00:00,4448.673,4517.647,4418.38,4496.17,240,240,0,COMPLETE,
2026-03-30 04:00:00,4496.003,4550.589,4486.061,4527.145,240,240,0,COMPLETE,
2026-03-30 08:00:00,4527.091,4580.644,4523.734,4559.39,240,240,0,COMPLETE,
2026-03-30 12:00:00,4559.451,4578.685,4512.302,4548.422,240,240,0,COMPLETE,
2026-03-30 16:00:00,4548.366,4549.76,4492.927,4513.642,240,240,0,COMPLETE,
2026-03-30 20:00:00,4513.569,4523.628,4492.365,4513.578,178,240,62,EXPECTED_INCOMPLETE,EXPECTED
2026-03-31 00:00:00,4513.509,4619.506,4482.49,4556.948,240,240,0,COMPLETE,
2026-03-31 04:00:00,4556.953,4581.834,4543.193,4564.328,240,240,0,COMPLETE,
2026-03-31 08:00:00,4564.543,4593.188,4529.242,4582.123,240,240,0,COMPLETE,
2026-03-31 12:00:00,4582.179,4630.14,4567.736,4609.607,240,240,0,COMPLETE,
2026-03-31 16:00:00,4609.549,4685.629,4606.918,4682.797,240,240,0,COMPLETE,
2026-03-31 20:00:00,4682.735,4699.952,4661.758,4696.441,178,240,62,EXPECTED_INCOMPLETE,EXPECTED
2026-04-01 00:00:00,4696.383,4724.264,4678.199,4681.832,240,240,0,COMPLETE,
2026-04-01 04:00:00,4682.136,4747.686,4666.887,4713.139,240,240,0,COMPLETE,
2026-04-01 08:00:00,4712.783,4763.02,4710.343,4752.138,240,240,0,COMPLETE,
2026-04-01 12:00:00,4752.071,4788.354,4715.902,4786.657,240,240,0,COMPLETE,
2026-04-01 16:00:00,4786.439,4793.028,4742.107,4766.214,240,240,0,COMPLETE,
2026-04-01 20:00:00,4765.816,4800.345,4753.999,4784.17,162,240,78,UNEXPECTED_INCOMPLETE,UNEXPECTED
2026-04-02 00:00:00,4784.241,4798.836,4650.31,4676.026,240,240,0,COMPLETE,
2026-04-02 04:00:00,4676.323,4681.583,4553.765,4642.815,240,240,0,COMPLETE,
2026-04-02 08:00:00,4642.808,4648.922,4592.604,4599.881,240,240,0,COMPLETE,
2026-04-02 12:00:00,4600.191,4699.733,4580.302,4660.862,240,240,0,COMPLETE,
2026-04-02 16:00:00,4660.924,4681.802,4642.698,4672.105,240,240,0,COMPLETE,
2026-04-02 20:00:00,4672.166,4676.927,4664.274,4675.333,58,240,182,EXPECTED_INCOMPLETE,EXPECTED
2026-04-03 00:00:00,,,,,0,240,240,SESSION_CLOSED_EXPECTED,EXPECTED
2026-04-03 04:00:00,,,,,0,240,240,SESSION_CLOSED_EXPECTED,EXPECTED
2026-04-03 08:00:00,,,,,0,240,240,SESSION_CLOSED_EXPECTED,EXPECTED
2026-04-03 12:00:00,,,,,0,240,240,SESSION_CLOSED_EXPECTED,EXPECTED
2026-04-03 16:00:00,,,,,0,240,240,SESSION_CLOSED_EXPECTED,EXPECTED
2026-04-03 20:00:00,,,,,0,240,240,SESSION_CLOSED_EXPECTED,EXPECTED
2026-04-04 00:00:00,,,,,0,240,240,SESSION_CLOSED_EXPECTED,EXPECTED
2026-04-04 04:00:00,,,,,0,240,240,SESSION_CLOSED_EXPECTED,EXPECTED
2026-04-04 08:00:00,,,,,0,240,240,SESSION_CLOSED_EXPECTED,EXPECTED
2026-04-04 12:00:00,,,,,0,240,240,SESSION_CLOSED_EXPECTED,EXPECTED
2026-04-04 16:00:00,,,,,0,240,240,SESSION_CLOSED_EXPECTED,EXPECTED
2026-04-04 20:00:00,,,,,0,240,240,SESSION_CLOSED_EXPECTED,EXPECTED
2026-04-05 00:00:00,,,,,0,240,240,SESSION_CLOSED_EXPECTED,EXPECTED
2026-04-05 04:00:00,,,,,0,240,240,SESSION_CLOSED_EXPECTED,EXPECTED
2026-04-05 08:00:00,,,,,0,240,240,SESSION_CLOSED_EXPECTED,EXPECTED
2026-04-05 12:00:00,,,,,0,240,240,SESSION_CLOSED_EXPECTED,EXPECTED
2026-04-05 16:00:00,,,,,0,240,240,SESSION_CLOSED_EXPECTED,EXPECTED
2026-04-05 20:00:00,4662.923,4662.923,4605.069,4610.674,119,240,121,EXPECTED_INCOMPLETE,EXPECTED
2026-04-06 00:00:00,4610.706,4671.878,4600.572,4640.486,240,240,0,COMPLETE,
2026-04-06 04:00:00,4640.368,4688.674,4639.837,4684.498,240,240,0,COMPLETE,
2026-04-06 08:00:00,4684.695,4706.725,4676.963,4678.015,240,240,0,COMPLETE,
2026-04-06 12:00:00,4677.956,4697.73,4652.024,4668.211,240,240,0,COMPLETE,
2026-04-06 16:00:00,4668.087,4672.593,4645.316,4655.213,240,240,0,COMPLETE,
2026-04-06 20:00:00,4655.274,4667.962,4648.982,4658.623,177,240,63,EXPECTED_INCOMPLETE,EXPECTED
2026-04-07 00:00:00,4658.976,4664.325,4616.331,4649.56,240,240,0,COMPLETE,
2026-04-07 04:00:00,4649.496,4664.159,4622.758,4645.863,240,240,0,COMPLETE,
2026-04-07 08:00:00,4646.18,4694.641,4628.585,4659.817,240,240,0,COMPLETE,
2026-04-07 12:00:00,4659.883,4670.834,4607.334,4655.719,240,240,0,COMPLETE,
2026-04-07 16:00:00,4655.388,4718.614,4652.441,4700.628,240,240,0,COMPLETE,
2026-04-07 20:00:00,4700.691,4836.407,4697.173,4833.182,177,240,63,EXPECTED_INCOMPLETE,EXPECTED
2026-04-08 00:00:00,4833.247,4857.455,4787.975,4797.653,240,240,0,COMPLETE,
2026-04-08 04:00:00,4797.672,4843.857,4790.236,4813.47,240,240,0,COMPLETE,
2026-04-08 08:00:00,4813.538,4819.941,4770.988,4798.544,240,240,0,COMPLETE,
2026-04-08 12:00:00,4798.727,4807.103,4732.255,4756.318,240,240,0,COMPLETE,
2026-04-08 16:00:00,4756.63,4765.675,4699.471,4730.446,240,240,0,COMPLETE,
2026-04-08 20:00:00,4730.555,4732.502,4704.709,4715.527,177,240,63,EXPECTED_INCOMPLETE,EXPECTED
2026-04-09 00:00:00,4715.597,4733.045,4698.047,4711.35,240,240,0,COMPLETE,
2026-04-09 04:00:00,4711.357,4731.249,4703.355,4724.185,240,240,0,COMPLETE,
2026-04-09 08:00:00,4724.323,4757.551,4719.762,4756.369,240,240,0,COMPLETE,
2026-04-09 12:00:00,4756.433,4797.975,4734.765,4792.873,240,240,0,COMPLETE,
2026-04-09 16:00:00,4792.926,4801.259,4766.826,4768.886,240,240,0,COMPLETE,
2026-04-09 20:00:00,4768.944,4779.455,4756.732,4763.598,177,240,63,EXPECTED_INCOMPLETE,EXPECTED
2026-04-10 00:00:00,4763.661,4777.177,4737.851,4766.328,240,240,0,COMPLETE,
2026-04-10 04:00:00,4766.683,4770.926,4741.217,4749.804,240,240,0,COMPLETE,
2026-04-10 08:00:00,4749.841,4768.742,4730.58,4768.063,240,240,0,COMPLETE,
2026-04-10 12:00:00,4768.127,4795.181,4754.903,4761.964,240,240,0,COMPLETE,
2026-04-10 16:00:00,4762.231,4773.186,4747.358,4759.694,240,240,0,COMPLETE,
2026-04-10 20:00:00,4759.784,4760.076,4740.834,4749.37,58,240,182,EXPECTED_INCOMPLETE,EXPECTED
2026-04-11 00:00:00,,,,,0,240,240,SESSION_CLOSED_EXPECTED,EXPECTED
2026-04-11 04:00:00,,,,,0,240,240,SESSION_CLOSED_EXPECTED,EXPECTED
2026-04-11 08:00:00,,,,,0,240,240,SESSION_CLOSED_EXPECTED,EXPECTED
2026-04-11 12:00:00,,,,,0,240,240,SESSION_CLOSED_EXPECTED,EXPECTED
2026-04-11 16:00:00,,,,,0,240,240,SESSION_CLOSED_EXPECTED,EXPECTED
2026-04-11 20:00:00,,,,,0,240,240,SESSION_CLOSED_EXPECTED,EXPECTED
2026-04-12 00:00:00,,,,,0,240,240,SESSION_CLOSED_EXPECTED,EXPECTED
2026-04-12 04:00:00,,,,,0,240,240,SESSION_CLOSED_EXPECTED,EXPECTED
2026-04-12 08:00:00,,,,,0,240,240,SESSION_CLOSED_EXPECTED,EXPECTED
2026-04-12 12:00:00,,,,,0,240,240,SESSION_CLOSED_EXPECTED,EXPECTED
2026-04-12 16:00:00,,,,,0,240,240,SESSION_CLOSED_EXPECTED,EXPECTED
2026-04-12 20:00:00,4670.232,4685.131,4644.07,4671.545,114,240,126,EXPECTED_INCOMPLETE,EXPECTED
2026-04-13 00:00:00,4671.187,4728.025,4664.495,4718.29,240,240,0,COMPLETE,
2026-04-13 04:00:00,4718.269,4740.07,4708.058,4733.802,240,240,0,COMPLETE,
2026-04-13 08:00:00,4733.816,4738.714,4703.51,4706.608,240,240,0,COMPLETE,
2026-04-13 12:00:00,4706.698,4744.585,4700.124,4714.638,240,240,0,COMPLETE,
2026-04-13 16:00:00,4714.288,4749.876,4709.405,4741.283,240,240,0,COMPLETE,
2026-04-13 20:00:00,4741.046,4766.045,4738.174,4757.511,177,240,63,EXPECTED_INCOMPLETE,EXPECTED
2026-04-14 00:00:00,4757.699,4777.353,4751.483,4768.173,240,240,0,COMPLETE,
2026-04-14 04:00:00,4768.253,4796.449,4757.965,4777.057,240,240,0,COMPLETE,
2026-04-14 08:00:00,4776.984,4789.832,4751.685,4775.049,240,240,0,COMPLETE,
2026-04-14 12:00:00,4775.106,4817.859,4762.194,4807.993,240,240,0,COMPLETE,
2026-04-14 16:00:00,4808.024,4846.313,4804.901,4844.587,240,240,0,COMPLETE,
2026-04-14 20:00:00,4844.657,4850.676,4833.17,4836.889,177,240,63,EXPECTED_INCOMPLETE,EXPECTED
2026-04-15 00:00:00,4836.946,4871.359,4816.714,4823.95,240,240,0,COMPLETE,
2026-04-15 04:00:00,4824.125,4830.356,4803.836,4810.975,240,240,0,COMPLETE,
2026-04-15 08:00:00,4810.912,4821.027,4786.049,4812.722,240,240,0,COMPLETE,
2026-04-15 12:00:00,4812.655,4830.688,4786.692,4801.8,240,240,0,COMPLETE,
2026-04-15 16:00:00,4801.734,4812.742,4789.933,4795.951,240,240,0,COMPLETE,
2026-04-15 20:00:00,4796.01,4826.637,4787.612,4823.572,176,240,64,EXPECTED_INCOMPLETE,EXPECTED
2026-04-16 00:00:00,4823.217,4837.601,4811.174,4824.174,240,240,0,COMPLETE,
2026-04-16 04:00:00,4824.174,4838.371,4814.166,4821.228,240,240,0,COMPLETE,
2026-04-16 08:00:00,4821.22,4822.478,4804.978,4822.252,240,240,0,COMPLETE,
2026-04-16 12:00:00,4822.32,4824.007,4772.813,4806.743,240,240,0,COMPLETE,
2026-04-16 16:00:00,4806.678,4810.16,4781.374,4793.737,240,240,0,COMPLETE,
2026-04-16 20:00:00,4793.669,4797.889,4786.263,4791.651,178,240,62,EXPECTED_INCOMPLETE,EXPECTED
2026-04-17 00:00:00,4791.559,4801.252,4767.401,4793.418,240,240,0,COMPLETE,
2026-04-17 04:00:00,4793.393,4806.369,4778.684,4784.474,240,240,0,COMPLETE,
2026-04-17 08:00:00,4784.46,4811.769,4780.85,4799.214,240,240,0,COMPLETE,
2026-04-17 12:00:00,4799.279,4889.866,4797.535,4867.541,240,240,0,COMPLETE,
2026-04-17 16:00:00,4867.472,4873.515,4852.651,4854.514,240,240,0,COMPLETE,
2026-04-17 20:00:00,4854.67,4855.283,4830.727,4832.633,58,240,182,EXPECTED_INCOMPLETE,EXPECTED
2026-04-18 00:00:00,,,,,0,240,240,SESSION_CLOSED_EXPECTED,EXPECTED
2026-04-18 04:00:00,,,,,0,240,240,SESSION_CLOSED_EXPECTED,EXPECTED
2026-04-18 08:00:00,,,,,0,240,240,SESSION_CLOSED_EXPECTED,EXPECTED
2026-04-18 12:00:00,,,,,0,240,240,SESSION_CLOSED_EXPECTED,EXPECTED
2026-04-18 16:00:00,,,,,0,240,240,SESSION_CLOSED_EXPECTED,EXPECTED
2026-04-18 20:00:00,,,,,0,240,240,SESSION_CLOSED_EXPECTED,EXPECTED
2026-04-19 00:00:00,,,,,0,240,240,SESSION_CLOSED_EXPECTED,EXPECTED
2026-04-19 04:00:00,,,,,0,240,240,SESSION_CLOSED_EXPECTED,EXPECTED
2026-04-19 08:00:00,,,,,0,240,240,SESSION_CLOSED_EXPECTED,EXPECTED
2026-04-19 12:00:00,,,,,0,240,240,SESSION_CLOSED_EXPECTED,EXPECTED
2026-04-19 16:00:00,,,,,0,240,240,SESSION_CLOSED_EXPECTED,EXPECTED
2026-04-19 20:00:00,4774.618,4795.369,4736.736,4754.935,118,240,122,EXPECTED_INCOMPLETE,EXPECTED
2026-04-20 00:00:00,4755.38,4814.463,4744.846,4791.005,240,240,0,COMPLETE,
2026-04-20 04:00:00,4791.068,4805.458,4779.407,4789.538,240,240,0,COMPLETE,
2026-04-20 08:00:00,4789.653,4810.87,4783.21,4810.295,240,240,0,COMPLETE,
2026-04-20 12:00:00,4810.237,4827.671,4792.375,4799.468,240,240,0,COMPLETE,
2026-04-20 16:00:00,4799.698,4821.479,4792.696,4814.035,240,240,0,COMPLETE,
2026-04-20 20:00:00,4814.096,4833.038,4812.048,4821.556,178,240,62,EXPECTED_INCOMPLETE,EXPECTED
2026-04-21 00:00:00,4821.618,4830.511,4792.453,4797.283,240,240,0,COMPLETE,
2026-04-21 04:00:00,4797.047,4797.975,4772.608,4786.103,240,240,0,COMPLETE,
2026-04-21 08:00:00,4786.17,4798.126,4774.515,4794.718,240,240,0,COMPLETE,
2026-04-21 12:00:00,4794.777,4797.052,4723.305,4741.546,240,240,0,COMPLETE,
2026-04-21 16:00:00,4741.459,4746.787,4668.14,4679.321,240,240,0,COMPLETE,
2026-04-21 20:00:00,4679.504,4740.38,4668.722,4737.816,178,240,62,EXPECTED_INCOMPLETE,EXPECTED
2026-04-22 00:00:00,4738.06,4765.088,4736.004,4758.263,240,240,0,COMPLETE,
2026-04-22 04:00:00,4758.31,4772.377,4752.039,4760.654,240,240,0,COMPLETE,
2026-04-22 08:00:00,4760.661,4762.452,4745.591,4750.384,240,240,0,COMPLETE,
2026-04-22 12:00:00,4750.342,4760.753,4724.91,4727.751,240,240,0,COMPLETE,
2026-04-22 16:00:00,4727.836,4749.524,4723.734,4739.997,240,240,0,COMPLETE,
2026-04-22 20:00:00,4740.064,4745.874,4723.424,4727.96,178,240,62,EXPECTED_INCOMPLETE,EXPECTED
2026-04-23 00:00:00,4728.026,4753.821,4693.986,4703.927,240,240,0,COMPLETE,
2026-04-23 04:00:00,4703.984,4721.403,4692.117,4718.937,240,240,0,COMPLETE,
2026-04-23 08:00:00,4719.156,4724.92,4684.149,4720.423,240,240,0,COMPLETE,
2026-04-23 12:00:00,4720.486,4743.197,4716.296,4720.542,240,240,0,COMPLETE,
2026-04-23 16:00:00,4720.494,4737.031,4664.01,4695.91,240,240,0,COMPLETE,
2026-04-23 20:00:00,4695.804,4700.651,4686.383,4695.231,177,240,63,EXPECTED_INCOMPLETE,EXPECTED
2026-04-24 00:00:00,4695.158,4710.967,4668.587,4672.223,240,240,0,COMPLETE,
2026-04-24 04:00:00,4672.166,4695.253,4657.581,4694.398,240,240,0,COMPLETE,
2026-04-24 08:00:00,4694.344,4717.24,4674.548,4706.679,240,240,0,COMPLETE,
2026-04-24 12:00:00,4706.756,4740.291,4689.474,4726.939,240,240,0,COMPLETE,
2026-04-24 16:00:00,4727.033,4729.978,4713.586,4716.67,240,240,0,COMPLETE,
2026-04-24 20:00:00,4716.607,4717.467,4705.234,4708.466,58,240,182,EXPECTED_INCOMPLETE,EXPECTED
2026-04-25 00:00:00,,,,,0,240,240,SESSION_CLOSED_EXPECTED,EXPECTED
2026-04-25 04:00:00,,,,,0,240,240,SESSION_CLOSED_EXPECTED,EXPECTED
2026-04-25 08:00:00,,,,,0,240,240,SESSION_CLOSED_EXPECTED,EXPECTED
2026-04-25 12:00:00,,,,,0,240,240,SESSION_CLOSED_EXPECTED,EXPECTED
2026-04-25 16:00:00,,,,,0,240,240,SESSION_CLOSED_EXPECTED,EXPECTED
2026-04-25 20:00:00,,,,,0,240,240,SESSION_CLOSED_EXPECTED,EXPECTED
2026-04-26 00:00:00,,,,,0,240,240,SESSION_CLOSED_EXPECTED,EXPECTED
2026-04-26 04:00:00,,,,,0,240,240,SESSION_CLOSED_EXPECTED,EXPECTED
2026-04-26 08:00:00,,,,,0,240,240,SESSION_CLOSED_EXPECTED,EXPECTED
2026-04-26 12:00:00,,,,,0,240,240,SESSION_CLOSED_EXPECTED,EXPECTED
2026-04-26 16:00:00,,,,,0,240,240,SESSION_CLOSED_EXPECTED,EXPECTED
2026-04-26 20:00:00,4696.125,4699.884,4674.786,4680.075,118,240,122,EXPECTED_INCOMPLETE,EXPECTED
2026-04-27 00:00:00,4680.139,4729.453,4672.027,4724.267,240,240,0,COMPLETE,
2026-04-27 04:00:00,4723.916,4730.145,4708.521,4713.427,240,240,0,COMPLETE,
2026-04-27 08:00:00,4713.489,4714.737,4699.061,4704.642,240,240,0,COMPLETE,
2026-04-27 12:00:00,4705.0,4712.639,4666.949,4670.152,240,240,0,COMPLETE,
2026-04-27 16:00:00,4670.124,4686.253,4667.26,4680.67,240,240,0,COMPLETE,
2026-04-27 20:00:00,4680.803,4694.975,4677.299,4692.056,177,240,63,EXPECTED_INCOMPLETE,EXPECTED
2026-04-28 00:00:00,4692.118,4701.445,4666.457,4670.964,240,240,0,COMPLETE,
2026-04-28 04:00:00,4670.907,4671.336,4620.502,4633.023,240,240,0,COMPLETE,
2026-04-28 08:00:00,4632.951,4635.249,4555.299,4562.466,240,240,0,COMPLETE,
2026-04-28 12:00:00,4562.408,4600.152,4554.813,4586.215,240,240,0,COMPLETE,
2026-04-28 16:00:00,4586.137,4601.49,4577.98,4595.752,240,240,0,COMPLETE,
2026-04-28 20:00:00,4595.696,4599.548,4587.817,4595.783,177,240,63,EXPECTED_INCOMPLETE,EXPECTED
2026-04-29 00:00:00,4595.847,4610.425,4575.763,4595.214,240,240,0,COMPLETE,
2026-04-29 04:00:00,4595.274,4607.815,4567.205,4567.971,240,240,0,COMPLETE,
2026-04-29 08:00:00,4568.064,4580.752,4551.478,4561.476,240,240,0,COMPLETE,
2026-04-29 12:00:00,4561.405,4568.888,4510.111,4547.873,240,240,0,COMPLETE,
2026-04-29 16:00:00,4547.815,4565.047,4517.978,4547.024,240,240,0,COMPLETE,
2026-04-29 20:00:00,4546.797,4562.107,4539.166,4561.586,177,240,63,EXPECTED_INCOMPLETE,EXPECTED
2026-04-30 00:00:00,4561.628,4582.393,4555.692,4556.038,240,240,0,COMPLETE,
2026-04-30 04:00:00,4556.115,4605.564,4540.773,4598.219,240,240,0,COMPLETE,
2026-04-30 08:00:00,4598.278,4647.042,4597.207,4629.945,240,240,0,COMPLETE,
2026-04-30 12:00:00,4630.005,4646.143,4609.092,4615.385,240,240,0,COMPLETE,
2026-04-30 16:00:00,4615.443,4627.51,4605.138,4617.032,240,240,0,COMPLETE,
2026-04-30 20:00:00,4617.091,4634.073,4615.442,4626.348,177,240,63,EXPECTED_INCOMPLETE,EXPECTED
2026-05-01 00:00:00,4626.569,4636.157,4613.734,4626.779,240,240,0,COMPLETE,
2026-05-01 04:00:00,4626.846,4628.892,4575.944,4578.01,240,240,0,COMPLETE,
2026-05-01 08:00:00,4578.359,4582.605,4559.766,4578.676,240,240,0,COMPLETE,
2026-05-01 12:00:00,4578.718,4660.285,4574.949,4643.336,240,240,0,COMPLETE,
2026-05-01 16:00:00,4642.971,4650.023,4608.82,4610.826,240,240,0,COMPLETE,
2026-05-01 20:00:00,4610.733,4617.123,4606.924,4613.386,58,240,182,EXPECTED_INCOMPLETE,EXPECTED
2026-05-02 00:00:00,,,,,0,240,240,SESSION_CLOSED_EXPECTED,EXPECTED
2026-05-02 04:00:00,,,,,0,240,240,SESSION_CLOSED_EXPECTED,EXPECTED
2026-05-02 08:00:00,,,,,0,240,240,SESSION_CLOSED_EXPECTED,EXPECTED
2026-05-02 12:00:00,,,,,0,240,240,SESSION_CLOSED_EXPECTED,EXPECTED
2026-05-02 16:00:00,,,,,0,240,240,SESSION_CLOSED_EXPECTED,EXPECTED
2026-05-02 20:00:00,,,,,0,240,240,SESSION_CLOSED_EXPECTED,EXPECTED
2026-05-03 00:00:00,,,,,0,240,240,SESSION_CLOSED_EXPECTED,EXPECTED
2026-05-03 04:00:00,,,,,0,240,240,SESSION_CLOSED_EXPECTED,EXPECTED
2026-05-03 08:00:00,,,,,0,240,240,SESSION_CLOSED_EXPECTED,EXPECTED
2026-05-03 12:00:00,,,,,0,240,240,SESSION_CLOSED_EXPECTED,EXPECTED
2026-05-03 16:00:00,,,,,0,240,240,SESSION_CLOSED_EXPECTED,EXPECTED
2026-05-03 20:00:00,4626.129,4629.42,4611.113,4613.712,117,240,123,EXPECTED_INCOMPLETE,EXPECTED
2026-05-04 00:00:00,4613.951,4618.618,4591.029,4614.906,240,240,0,COMPLETE,
2026-05-04 04:00:00,4614.949,4615.561,4577.914,4579.077,240,240,0,COMPLETE,
2026-05-04 08:00:00,4579.095,4584.582,4525.694,4560.242,240,240,0,COMPLETE,
2026-05-04 12:00:00,4560.319,4583.376,4512.042,4521.435,240,240,0,COMPLETE,
2026-05-04 16:00:00,4521.374,4531.66,4500.52,4517.871,240,240,0,COMPLETE,
2026-05-04 20:00:00,4517.803,4524.386,4511.578,4519.052,177,240,63,EXPECTED_INCOMPLETE,EXPECTED
2026-05-05 00:00:00,4518.841,4546.847,4513.421,4534.635,240,240,0,COMPLETE,
2026-05-05 04:00:00,4534.598,4558.421,4527.886,4545.594,240,240,0,COMPLETE,
2026-05-05 08:00:00,4545.356,4564.951,4539.692,4562.536,240,240,0,COMPLETE,
2026-05-05 12:00:00,4562.809,4586.674,4554.029,4568.654,240,240,0,COMPLETE,
2026-05-05 16:00:00,4568.599,4569.101,4551.558,4554.824,240,240,0,COMPLETE,
2026-05-05 20:00:00,4554.663,4595.817,4546.188,4593.808,177,240,63,EXPECTED_INCOMPLETE,EXPECTED
2026-05-06 00:00:00,4593.736,4652.172,4588.07,4643.913,240,240,0,COMPLETE,
2026-05-06 04:00:00,4643.84,4681.819,4643.401,4681.676,240,240,0,COMPLETE,
2026-05-06 08:00:00,4681.301,4723.074,4671.395,4691.913,240,240,0,COMPLETE,
2026-05-06 12:00:00,4692.146,4717.441,4660.118,4687.938,240,240,0,COMPLETE,
2026-05-06 16:00:00,4687.872,4700.212,4678.728,4692.322,240,240,0,COMPLETE,
2026-05-06 20:00:00,4692.256,4699.765,4685.013,4698.991,177,240,63,EXPECTED_INCOMPLETE,EXPECTED
2026-05-07 00:00:00,4698.863,4721.449,4685.269,4699.26,240,240,0,COMPLETE,
2026-05-07 04:00:00,4699.198,4750.718,4692.092,4743.217,240,240,0,COMPLETE,
2026-05-07 08:00:00,4743.294,4753.426,4721.478,4742.717,240,240,0,COMPLETE,
2026-05-07 12:00:00,4742.896,4764.794,4726.066,4729.341,240,240,0,COMPLETE,
2026-05-07 16:00:00,4729.401,4729.858,4687.35,4703.112,240,240,0,COMPLETE,
2026-05-07 20:00:00,4703.174,4718.924,4681.663,4704.071,177,240,63,EXPECTED_INCOMPLETE,EXPECTED
2026-05-08 00:00:00,4704.003,4732.824,4693.843,4719.718,240,240,0,COMPLETE,
2026-05-08 04:00:00,4719.776,4734.602,4697.066,4708.054,240,240,0,COMPLETE,
2026-05-08 08:00:00,4708.056,4728.046,4706.654,4717.783,240,240,0,COMPLETE,
2026-05-08 12:00:00,4717.561,4749.693,4701.76,4707.165,240,240,0,COMPLETE,
2026-05-08 16:00:00,4707.104,4729.061,4705.517,4723.796,240,240,0,COMPLETE,
2026-05-08 20:00:00,4723.865,4724.418,4714.34,4715.06,58,240,182,EXPECTED_INCOMPLETE,EXPECTED
2026-05-09 00:00:00,,,,,0,240,240,SESSION_CLOSED_EXPECTED,EXPECTED
2026-05-09 04:00:00,,,,,0,240,240,SESSION_CLOSED_EXPECTED,EXPECTED
2026-05-09 08:00:00,,,,,0,240,240,SESSION_CLOSED_EXPECTED,EXPECTED
2026-05-09 12:00:00,,,,,0,240,240,SESSION_CLOSED_EXPECTED,EXPECTED
2026-05-09 16:00:00,,,,,0,240,240,SESSION_CLOSED_EXPECTED,EXPECTED
2026-05-09 20:00:00,,,,,0,240,240,SESSION_CLOSED_EXPECTED,EXPECTED
2026-05-10 00:00:00,,,,,0,240,240,SESSION_CLOSED_EXPECTED,EXPECTED
2026-05-10 04:00:00,,,,,0,240,240,SESSION_CLOSED_EXPECTED,EXPECTED
2026-05-10 08:00:00,,,,,0,240,240,SESSION_CLOSED_EXPECTED,EXPECTED
2026-05-10 12:00:00,,,,,0,240,240,SESSION_CLOSED_EXPECTED,EXPECTED
2026-05-10 16:00:00,,,,,0,240,240,SESSION_CLOSED_EXPECTED,EXPECTED
2026-05-10 20:00:00,4691.978,4698.629,4679.072,4691.696,118,240,122,EXPECTED_INCOMPLETE,EXPECTED
2026-05-11 00:00:00,4691.62,4705.311,4669.916,4678.832,240,240,0,COMPLETE,
2026-05-11 04:00:00,4678.538,4680.579,4648.198,4667.563,240,240,0,COMPLETE,
2026-05-11 08:00:00,4667.786,4678.62,4650.44,4674.334,240,240,0,COMPLETE,
2026-05-11 12:00:00,4674.545,4748.655,4667.346,4731.836,240,240,0,COMPLETE,
2026-05-11 16:00:00,4732.278,4736.416,4707.812,4733.538,240,240,0,COMPLETE,
2026-05-11 20:00:00,4733.289,4770.079,4729.695,4767.605,177,240,63,EXPECTED_INCOMPLETE,EXPECTED
2026-05-12 00:00:00,4767.523,4773.582,4717.893,4720.311,240,240,0,COMPLETE,
2026-05-12 04:00:00,4720.02,4730.391,4686.501,4699.941,240,240,0,COMPLETE,
2026-05-12 08:00:00,4699.878,4709.385,4685.085,4706.748,240,240,0,COMPLETE,
2026-05-12 12:00:00,4706.817,4711.662,4638.0,4666.186,240,240,0,COMPLETE,
2026-05-12 16:00:00,4665.95,4715.89,4664.019,4715.794,240,240,0,COMPLETE,
2026-05-12 20:00:00,4715.737,4723.721,4711.707,4716.708,178,240,62,EXPECTED_INCOMPLETE,EXPECTED
2026-05-13 00:00:00,4717.098,4727.063,4687.491,4696.105,240,240,0,COMPLETE,
2026-05-13 04:00:00,4696.059,4715.168,4693.412,4702.959,240,240,0,COMPLETE,
2026-05-13 08:00:00,4702.899,4710.594,4685.868,4697.514,240,240,0,COMPLETE,
2026-05-13 12:00:00,4697.452,4701.484,4669.438,4695.314,240,240,0,COMPLETE,
2026-05-13 16:00:00,4695.6,4710.009,4677.414,4688.076,240,240,0,COMPLETE,
2026-05-13 20:00:00,4688.161,4702.295,4685.896,4696.703,178,240,62,EXPECTED_INCOMPLETE,EXPECTED
2026-05-14 00:00:00,4696.337,4707.027,4674.064,4674.818,240,240,0,COMPLETE,
2026-05-14 04:00:00,4674.904,4718.899,4667.92,4693.231,240,240,0,COMPLETE,
2026-05-14 08:00:00,4693.294,4706.496,4688.409,4694.153,240,240,0,COMPLETE,
2026-05-14 12:00:00,4694.081,4709.903,4666.487,4685.998,240,240,0,COMPLETE,
2026-05-14 16:00:00,4685.643,4686.987,4653.009,4654.345,240,240,0,COMPLETE,
2026-05-14 20:00:00,4654.126,4665.418,4644.321,4652.319,178,240,62,EXPECTED_INCOMPLETE,EXPECTED
2026-05-15 00:00:00,4652.261,4658.314,4607.105,4615.539,240,240,0,COMPLETE,
2026-05-15 04:00:00,4615.598,4621.465,4556.183,4570.915,240,240,0,COMPLETE,
2026-05-15 08:00:00,4570.622,4572.57,4531.944,4552.103,240,240,0,COMPLETE,
2026-05-15 12:00:00,4552.072,4566.584,4511.187,4539.499,240,240,0,COMPLETE,
2026-05-15 16:00:00,4539.852,4564.449,4529.271,4545.956,240,240,0,COMPLETE,
2026-05-15 20:00:00,4545.892,4546.461,4532.966,4539.561,58,240,182,EXPECTED_INCOMPLETE,EXPECTED
2026-05-16 00:00:00,,,,,0,240,240,SESSION_CLOSED_EXPECTED,EXPECTED
2026-05-16 04:00:00,,,,,0,240,240,SESSION_CLOSED_EXPECTED,EXPECTED
2026-05-16 08:00:00,,,,,0,240,240,SESSION_CLOSED_EXPECTED,EXPECTED
2026-05-16 12:00:00,,,,,0,240,240,SESSION_CLOSED_EXPECTED,EXPECTED
2026-05-16 16:00:00,,,,,0,240,240,SESSION_CLOSED_EXPECTED,EXPECTED
2026-05-16 20:00:00,,,,,0,240,240,SESSION_CLOSED_EXPECTED,EXPECTED
2026-05-17 00:00:00,,,,,0,240,240,SESSION_CLOSED_EXPECTED,EXPECTED
2026-05-17 04:00:00,,,,,0,240,240,SESSION_CLOSED_EXPECTED,EXPECTED
2026-05-17 08:00:00,,,,,0,240,240,SESSION_CLOSED_EXPECTED,EXPECTED
2026-05-17 12:00:00,,,,,0,240,240,SESSION_CLOSED_EXPECTED,EXPECTED
2026-05-17 16:00:00,,,,,0,240,240,SESSION_CLOSED_EXPECTED,EXPECTED
2026-05-17 20:00:00,4538.378,4554.803,4532.04,4536.911,118,240,122,EXPECTED_INCOMPLETE,EXPECTED
2026-05-18 00:00:00,4536.979,4548.051,4480.216,4541.049,240,240,0,COMPLETE,
2026-05-18 04:00:00,4541.046,4560.004,4529.738,4546.084,240,240,0,COMPLETE,
2026-05-18 08:00:00,4546.029,4567.211,4529.725,4550.705,240,240,0,COMPLETE,
2026-05-18 12:00:00,4550.771,4584.398,4531.523,4543.43,240,240,0,COMPLETE,
2026-05-18 16:00:00,4543.752,4564.958,4533.978,4558.443,240,240,0,COMPLETE,
2026-05-18 20:00:00,4558.5,4588.934,4557.725,4581.582,178,240,62,EXPECTED_INCOMPLETE,EXPECTED
2026-05-19 00:00:00,4581.94,4589.383,4543.557,4545.057,240,240,0,COMPLETE,
2026-05-19 04:00:00,4545.001,4559.072,4530.671,4556.962,240,240,0,COMPLETE,
2026-05-19 08:00:00,4557.035,4559.165,4525.475,4530.799,240,240,0,COMPLETE,
2026-05-19 12:00:00,4530.854,4547.111,4464.387,4508.243,240,240,0,COMPLETE,
2026-05-19 16:00:00,4508.6,4512.5,4481.085,4483.263,240,240,0,COMPLETE,
2026-05-19 20:00:00,4483.183,4496.352,4477.354,4489.466,178,240,62,EXPECTED_INCOMPLETE,EXPECTED
2026-05-20 00:00:00,4489.41,4508.969,4453.413,4463.556,240,240,0,COMPLETE,
2026-05-20 04:00:00,4463.501,4486.067,4456.495,4478.578,240,240,0,COMPLETE,
2026-05-20 08:00:00,4478.409,4501.2,4472.614,4498.932,240,240,0,COMPLETE,
2026-05-20 12:00:00,4498.91,4553.0,4467.028,4529.191,240,240,0,COMPLETE,
2026-05-20 16:00:00,4529.251,4550.429,4523.929,4545.865,240,240,0,COMPLETE,
2026-05-20 20:00:00,4545.81,4550.478,4534.699,4546.335,178,240,62,EXPECTED_INCOMPLETE,EXPECTED
2026-05-21 00:00:00,4546.386,4571.032,4527.126,4528.079,240,240,0,COMPLETE,
2026-05-21 04:00:00,4528.317,4540.468,4511.602,4519.756,240,240,0,COMPLETE,
2026-05-21 08:00:00,4519.875,4543.03,4504.885,4513.932,240,240,0,COMPLETE,
2026-05-21 12:00:00,4514.012,4521.177,4488.395,4511.694,240,240,0,COMPLETE,
2026-05-21 16:00:00,4512.045,4559.34,4512.045,4542.919,240,240,0,COMPLETE,
2026-05-21 20:00:00,4542.863,4546.004,4532.425,4535.313,178,240,62,EXPECTED_INCOMPLETE,EXPECTED
2026-05-22 00:00:00,4535.372,4540.995,4518.286,4529.318,240,240,0,COMPLETE,
2026-05-22 04:00:00,4529.375,4534.257,4507.272,4521.774,240,240,0,COMPLETE,
2026-05-22 08:00:00,4521.863,4536.865,4510.073,4520.733,240,240,0,COMPLETE,
2026-05-22 12:00:00,4520.654,4535.91,4491.493,4520.224,240,240,0,COMPLETE,
2026-05-22 16:00:00,4520.17,4527.937,4504.265,4508.352,240,240,0,COMPLETE,
2026-05-22 20:00:00,4508.396,4510.296,4504.34,4507.966,58,240,182,EXPECTED_INCOMPLETE,EXPECTED
2026-05-23 00:00:00,,,,,0,240,240,SESSION_CLOSED_EXPECTED,EXPECTED
2026-05-23 04:00:00,,,,,0,240,240,SESSION_CLOSED_EXPECTED,EXPECTED
2026-05-23 08:00:00,,,,,0,240,240,SESSION_CLOSED_EXPECTED,EXPECTED
2026-05-23 12:00:00,,,,,0,240,240,SESSION_CLOSED_EXPECTED,EXPECTED
2026-05-23 16:00:00,,,,,0,240,240,SESSION_CLOSED_EXPECTED,EXPECTED
2026-05-23 20:00:00,,,,,0,240,240,SESSION_CLOSED_EXPECTED,EXPECTED
2026-05-24 00:00:00,,,,,0,240,240,SESSION_CLOSED_EXPECTED,EXPECTED
2026-05-24 04:00:00,,,,,0,240,240,SESSION_CLOSED_EXPECTED,EXPECTED
2026-05-24 08:00:00,,,,,0,240,240,SESSION_CLOSED_EXPECTED,EXPECTED
2026-05-24 12:00:00,,,,,0,240,240,SESSION_CLOSED_EXPECTED,EXPECTED
2026-05-24 16:00:00,,,,,0,240,240,SESSION_CLOSED_EXPECTED,EXPECTED
2026-05-24 20:00:00,4545.401,4580.002,4543.344,4567.1,119,240,121,EXPECTED_INCOMPLETE,EXPECTED
2026-05-25 00:00:00,4567.14,4579.788,4556.659,4559.585,240,240,0,COMPLETE,
2026-05-25 04:00:00,4559.806,4566.184,4550.334,4564.594,240,240,0,COMPLETE,
2026-05-25 08:00:00,4564.594,4577.078,4553.261,4569.376,240,240,0,COMPLETE,
2026-05-25 12:00:00,4569.484,4574.528,4552.818,4570.971,240,240,0,COMPLETE,
2026-05-25 16:00:00,4571.015,4578.145,4563.103,4570.586,150,240,90,UNEXPECTED_INCOMPLETE,UNEXPECTED
2026-05-25 20:00:00,4571.428,4580.35,4555.005,4559.708,119,240,121,UNEXPECTED_INCOMPLETE,UNEXPECTED
2026-05-26 00:00:00,4559.478,4559.962,4527.724,4542.451,240,240,0,COMPLETE,
2026-05-26 04:00:00,4542.112,4543.122,4521.535,4538.037,240,240,0,COMPLETE,
2026-05-26 08:00:00,4538.122,4540.593,4503.467,4507.159,240,240,0,COMPLETE,
2026-05-26 12:00:00,4506.95,4531.369,4500.611,4506.601,240,240,0,COMPLETE,
2026-05-26 16:00:00,4506.673,4511.414,4482.193,4509.07,240,240,0,COMPLETE,
2026-05-26 20:00:00,4508.793,4527.804,4497.987,4519.748,176,240,64,EXPECTED_INCOMPLETE,EXPECTED
2026-05-27 00:00:00,4519.688,4525.806,4496.641,4497.191,240,240,0,COMPLETE,
2026-05-27 04:00:00,4497.149,4517.163,4475.722,4482.09,240,240,0,COMPLETE,
2026-05-27 08:00:00,4481.833,4498.618,4424.782,4428.684,240,240,0,COMPLETE,
2026-05-27 12:00:00,4428.325,4466.683,4401.283,4436.313,240,240,0,COMPLETE,
2026-05-27 16:00:00,4436.368,4458.272,4434.005,4451.04,240,240,0,COMPLETE,
2026-05-27 20:00:00,4451.097,4464.827,4443.653,4447.155,178,240,62,EXPECTED_INCOMPLETE,EXPECTED
2026-05-28 00:00:00,4447.213,4458.921,4368.291,4374.863,240,240,0,COMPLETE,
2026-05-28 04:00:00,4374.798,4396.404,4366.246,4387.581,240,240,0,COMPLETE,
2026-05-28 08:00:00,4387.3,4404.135,4374.997,4387.602,240,240,0,COMPLETE,
2026-05-28 12:00:00,4387.694,4484.964,4379.423,4482.076,240,240,0,COMPLETE,
2026-05-28 16:00:00,4482.443,4516.602,4477.579,4498.042,240,240,0,COMPLETE,
2026-05-28 20:00:00,4497.973,4500.728,4489.149,4494.988,178,240,62,EXPECTED_INCOMPLETE,EXPECTED
2026-05-29 00:00:00,4495.241,4520.813,4491.912,4501.174,240,240,0,COMPLETE,
2026-05-29 04:00:00,4501.242,4526.254,4500.878,4524.501,240,240,0,COMPLETE,
2026-05-29 08:00:00,4524.715,4543.432,4509.892,4538.213,240,240,0,COMPLETE,
2026-05-29 12:00:00,4538.278,4595.203,4512.523,4571.217,240,240,0,COMPLETE,
2026-05-29 16:00:00,4571.282,4573.496,4542.813,4545.663,240,240,0,COMPLETE,
2026-05-29 20:00:00,4545.607,4549.016,4539.409,4540.377,58,240,182,EXPECTED_INCOMPLETE,EXPECTED
2026-05-30 00:00:00,,,,,0,240,240,SESSION_CLOSED_EXPECTED,EXPECTED
2026-05-30 04:00:00,,,,,0,240,240,SESSION_CLOSED_EXPECTED,EXPECTED
2026-05-30 08:00:00,,,,,0,240,240,SESSION_CLOSED_EXPECTED,EXPECTED
2026-05-30 12:00:00,,,,,0,240,240,SESSION_CLOSED_EXPECTED,EXPECTED
2026-05-30 16:00:00,,,,,0,240,240,SESSION_CLOSED_EXPECTED,EXPECTED
2026-05-30 20:00:00,,,,,0,240,240,SESSION_CLOSED_EXPECTED,EXPECTED
2026-05-31 00:00:00,,,,,0,240,240,SESSION_CLOSED_EXPECTED,EXPECTED
2026-05-31 04:00:00,,,,,0,240,240,SESSION_CLOSED_EXPECTED,EXPECTED
2026-05-31 08:00:00,,,,,0,240,240,SESSION_CLOSED_EXPECTED,EXPECTED
2026-05-31 12:00:00,,,,,0,240,240,SESSION_CLOSED_EXPECTED,EXPECTED
2026-05-31 16:00:00,,,,,0,240,240,SESSION_CLOSED_EXPECTED,EXPECTED
2026-05-31 20:00:00,4521.226,4545.746,4518.372,4539.656,119,240,121,EXPECTED_INCOMPLETE,EXPECTED
2026-06-01 00:00:00,4539.717,4546.138,4509.798,4516.152,240,240,0,COMPLETE,
2026-06-01 04:00:00,4516.109,4525.158,4492.569,4502.935,240,240,0,COMPLETE,
2026-06-01 08:00:00,4502.849,4512.908,4489.139,4505.735,240,240,0,COMPLETE,
2026-06-01 12:00:00,4505.634,4510.554,4447.572,4473.906,240,240,0,COMPLETE,
2026-06-01 16:00:00,4474.141,4495.463,4462.823,4481.242,240,240,0,COMPLETE,
2026-06-01 20:00:00,4481.297,4488.352,4479.218,4484.289,178,240,62,EXPECTED_INCOMPLETE,EXPECTED
2026-06-02 00:00:00,4484.457,4499.576,4462.97,4499.123,240,240,0,COMPLETE,
2026-06-02 04:00:00,4499.183,4541.61,4497.574,4534.905,240,240,0,COMPLETE,
2026-06-02 08:00:00,4534.849,4539.301,4521.22,4527.617,240,240,0,COMPLETE,
2026-06-02 12:00:00,4527.674,4534.026,4490.012,4502.172,240,240,0,COMPLETE,
2026-06-02 16:00:00,4502.117,4502.96,4478.646,4487.9,240,240,0,COMPLETE,
2026-06-02 20:00:00,4487.841,4493.117,4462.278,4474.199,178,240,62,EXPECTED_INCOMPLETE,EXPECTED
2026-06-03 00:00:00,4474.127,4496.778,4463.237,4484.191,240,240,0,COMPLETE,
2026-06-03 04:00:00,4484.541,4488.308,4452.8,4453.345,240,240,0,COMPLETE,
2026-06-03 08:00:00,4453.406,4467.973,4438.88,4462.564,240,240,0,COMPLETE,
2026-06-03 12:00:00,4462.619,4467.297,4426.147,4441.995,240,240,0,COMPLETE,
2026-06-03 16:00:00,4441.936,4452.076,4433.59,4443.992,240,240,0,COMPLETE,
2026-06-03 20:00:00,4443.938,4464.724,4423.591,4457.096,178,240,62,EXPECTED_INCOMPLETE,EXPECTED
2026-06-04 00:00:00,4457.449,4477.33,4443.198,4463.965,240,240,0,COMPLETE,
2026-06-04 04:00:00,4463.907,4484.102,4459.313,4461.763,240,240,0,COMPLETE,
2026-06-04 08:00:00,4461.698,4514.712,4458.623,4511.612,240,240,0,COMPLETE,
2026-06-04 12:00:00,4511.239,4515.517,4457.157,4477.56,240,240,0,COMPLETE,
2026-06-04 16:00:00,4477.263,4485.172,4472.731,4480.924,240,240,0,COMPLETE,
2026-06-04 20:00:00,4480.853,4481.63,4460.339,4461.516,178,240,62,EXPECTED_INCOMPLETE,EXPECTED
2026-06-05 00:00:00,4461.463,4470.002,4435.094,4442.175,240,240,0,COMPLETE,
2026-06-05 04:00:00,4442.317,4467.419,4428.564,4460.937,240,240,0,COMPLETE,
2026-06-05 08:00:00,4460.876,4475.369,4458.262,4470.284,240,240,0,COMPLETE,
2026-06-05 12:00:00,4470.163,4475.911,4333.852,4335.571,240,240,0,COMPLETE,
2026-06-05 16:00:00,4335.513,4347.431,4313.728,4318.481,240,240,0,COMPLETE,
2026-06-05 20:00:00,4318.423,4331.092,4311.591,4328.48,58,240,182,EXPECTED_INCOMPLETE,EXPECTED
2026-06-06 00:00:00,,,,,0,240,240,SESSION_CLOSED_EXPECTED,EXPECTED
2026-06-06 04:00:00,,,,,0,240,240,SESSION_CLOSED_EXPECTED,EXPECTED
2026-06-06 08:00:00,,,,,0,240,240,SESSION_CLOSED_EXPECTED,EXPECTED
2026-06-06 12:00:00,,,,,0,240,240,SESSION_CLOSED_EXPECTED,EXPECTED
2026-06-06 16:00:00,,,,,0,240,240,SESSION_CLOSED_EXPECTED,EXPECTED
2026-06-06 20:00:00,,,,,0,240,240,SESSION_CLOSED_EXPECTED,EXPECTED
2026-06-07 00:00:00,,,,,0,240,240,SESSION_CLOSED_EXPECTED,EXPECTED
2026-06-07 04:00:00,,,,,0,240,240,SESSION_CLOSED_EXPECTED,EXPECTED
2026-06-07 08:00:00,,,,,0,240,240,SESSION_CLOSED_EXPECTED,EXPECTED
2026-06-07 12:00:00,,,,,0,240,240,SESSION_CLOSED_EXPECTED,EXPECTED
2026-06-07 16:00:00,,,,,0,240,240,SESSION_CLOSED_EXPECTED,EXPECTED
2026-06-07 20:00:00,4325.114,4347.047,4310.156,4343.828,119,240,121,EXPECTED_INCOMPLETE,EXPECTED
2026-06-08 00:00:00,4343.881,4353.374,4299.902,4316.734,240,240,0,COMPLETE,
2026-06-08 04:00:00,4316.789,4321.851,4268.309,4294.552,240,240,0,COMPLETE,
2026-06-08 08:00:00,4294.479,4333.406,4272.951,4331.272,240,240,0,COMPLETE,
2026-06-08 12:00:00,4331.029,4346.835,4314.31,4341.621,240,240,0,COMPLETE,
2026-06-08 16:00:00,4341.569,4346.261,4323.436,4326.794,240,240,0,COMPLETE,
2026-06-08 20:00:00,4326.445,4332.46,4312.78,4317.619,178,240,62,EXPECTED_INCOMPLETE,EXPECTED
2026-06-09 00:00:00,4317.567,4342.446,4315.011,4336.512,240,240,0,COMPLETE,
2026-06-09 04:00:00,4336.409,4351.53,4322.044,4326.712,240,240,0,COMPLETE,
2026-06-09 08:00:00,4326.769,4343.874,4320.992,4339.602,240,240,0,COMPLETE,
2026-06-09 12:00:00,4339.877,4363.473,4262.97,4272.522,240,240,0,COMPLETE,
2026-06-09 16:00:00,4272.467,4281.156,4236.398,4258.411,240,240,0,COMPLETE,
2026-06-09 20:00:00,4258.485,4262.177,4210.259,4222.118,178,240,62,EXPECTED_INCOMPLETE,EXPECTED
2026-06-10 00:00:00,4222.169,4228.48,4172.542,4184.697,240,240,0,COMPLETE,
2026-06-10 04:00:00,4184.643,4221.883,4172.132,4186.016,240,240,0,COMPLETE,
2026-06-10 08:00:00,4185.955,4187.522,4145.642,4147.722,240,240,0,COMPLETE,
2026-06-10 12:00:00,4147.659,4186.372,4106.728,4128.597,240,240,0,COMPLETE,
2026-06-10 16:00:00,4128.65,4135.163,4081.437,4082.793,240,240,0,COMPLETE,
2026-06-10 20:00:00,4082.848,4083.176,4023.831,4047.261,178,240,62,EXPECTED_INCOMPLETE,EXPECTED
2026-06-11 00:00:00,4047.204,4118.287,4036.048,4072.705,240,240,0,COMPLETE,
2026-06-11 04:00:00,4072.85,4110.622,4070.093,4104.774,240,240,0,COMPLETE,
2026-06-11 08:00:00,4104.722,4112.649,4077.334,4080.436,240,240,0,COMPLETE,
2026-06-11 12:00:00,4080.418,4095.557,4053.021,4088.661,240,240,0,COMPLETE,
2026-06-11 16:00:00,4088.735,4219.959,4071.804,4208.948,240,240,0,COMPLETE,
2026-06-11 20:00:00,4209.061,4246.25,4205.253,4219.785,178,240,62,EXPECTED_INCOMPLETE,EXPECTED
2026-06-12 00:00:00,4219.997,4230.603,4171.337,4197.277,240,240,0,COMPLETE,
2026-06-12 04:00:00,4197.226,4201.096,4170.058,4194.047,240,240,0,COMPLETE,
2026-06-12 08:00:00,4194.391,4227.914,4191.789,4207.017,240,240,0,COMPLETE,
2026-06-12 12:00:00,4206.966,4235.655,4176.959,4211.904,240,240,0,COMPLETE,
2026-06-12 16:00:00,4211.963,4235.334,4201.672,4210.559,240,240,0,COMPLETE,
2026-06-12 20:00:00,4210.502,4219.296,4209.251,4218.665,58,240,182,EXPECTED_INCOMPLETE,EXPECTED
2026-06-13 00:00:00,,,,,0,240,240,SESSION_CLOSED_EXPECTED,EXPECTED
2026-06-13 04:00:00,,,,,0,240,240,SESSION_CLOSED_EXPECTED,EXPECTED
2026-06-13 08:00:00,,,,,0,240,240,SESSION_CLOSED_EXPECTED,EXPECTED
2026-06-13 12:00:00,,,,,0,240,240,SESSION_CLOSED_EXPECTED,EXPECTED
2026-06-13 16:00:00,,,,,0,240,240,SESSION_CLOSED_EXPECTED,EXPECTED
2026-06-13 20:00:00,,,,,0,240,240,SESSION_CLOSED_EXPECTED,EXPECTED
2026-06-14 00:00:00,,,,,0,240,240,SESSION_CLOSED_EXPECTED,EXPECTED
2026-06-14 04:00:00,,,,,0,240,240,SESSION_CLOSED_EXPECTED,EXPECTED
2026-06-14 08:00:00,,,,,0,240,240,SESSION_CLOSED_EXPECTED,EXPECTED
2026-06-14 12:00:00,,,,,0,240,240,SESSION_CLOSED_EXPECTED,EXPECTED
2026-06-14 16:00:00,,,,,0,240,240,SESSION_CLOSED_EXPECTED,EXPECTED
2026-06-14 20:00:00,4270.346,4308.995,4269.222,4293.94,118,240,122,EXPECTED_INCOMPLETE,EXPECTED
2026-06-15 00:00:00,4294.108,4335.476,4285.549,4324.773,240,240,0,COMPLETE,
2026-06-15 04:00:00,4325.119,4333.029,4300.619,4322.971,240,240,0,COMPLETE,
2026-06-15 08:00:00,4322.908,4347.567,4321.64,4335.189,240,240,0,COMPLETE,
2026-06-15 12:00:00,4335.118,4369.321,4324.61,4356.337,240,240,0,COMPLETE,
2026-06-15 16:00:00,4356.282,4358.787,4316.402,4320.608,240,240,0,COMPLETE,
2026-06-15 20:00:00,4320.549,4322.117,4305.813,4315.715,178,240,62,EXPECTED_INCOMPLETE,EXPECTED
2026-06-16 00:00:00,4315.658,4333.088,4306.624,4330.235,240,240,0,COMPLETE,
2026-06-16 04:00:00,4330.235,4335.507,4313.394,4334.908,240,240,0,COMPLETE,
2026-06-16 08:00:00,4334.854,4349.466,4332.686,4340.763,240,240,0,COMPLETE,
2026-06-16 12:00:00,4340.711,4354.991,4313.008,4335.381,240,240,0,COMPLETE,
2026-06-16 16:00:00,4335.324,4347.069,4325.136,4334.102,240,240,0,COMPLETE,
2026-06-16 20:00:00,4333.755,4338.267,4328.797,4331.111,178,240,62,EXPECTED_INCOMPLETE,EXPECTED
2026-06-17 00:00:00,4331.252,4349.811,4328.359,4332.276,240,240,0,COMPLETE,
2026-06-17 04:00:00,4332.069,4334.292,4317.377,4325.32,240,240,0,COMPLETE,
2026-06-17 08:00:00,4325.376,4335.798,4317.06,4323.32,240,240,0,COMPLETE,
2026-06-17 12:00:00,4323.382,4364.912,4319.807,4363.697,240,240,0,COMPLETE,
2026-06-17 16:00:00,4363.338,4382.328,4218.832,4235.678,240,240,0,COMPLETE,
2026-06-17 20:00:00,4235.61,4283.946,4234.792,4277.846,178,240,62,EXPECTED_INCOMPLETE,EXPECTED
2026-06-18 00:00:00,4277.923,4329.955,4276.374,4319.51,240,240,0,COMPLETE,
2026-06-18 04:00:00,4319.773,4324.892,4287.32,4288.722,240,240,0,COMPLETE,
2026-06-18 08:00:00,4288.787,4293.025,4239.694,4242.053,240,240,0,COMPLETE,
2026-06-18 12:00:00,4241.706,4276.766,4222.892,4226.502,240,240,0,COMPLETE,
2026-06-18 16:00:00,4226.555,4233.401,4201.21,4216.825,240,240,0,COMPLETE,
2026-06-18 20:00:00,4216.773,4219.64,4186.72,4188.559,178,240,62,EXPECTED_INCOMPLETE,EXPECTED
2026-06-19 00:00:00,4188.495,4197.941,4145.561,4153.254,240,240,0,COMPLETE,
2026-06-19 04:00:00,4153.384,4163.283,4121.623,4158.093,240,240,0,COMPLETE,
2026-06-19 08:00:00,4157.878,4178.69,4141.735,4152.435,240,240,0,COMPLETE,
2026-06-19 12:00:00,4152.463,4183.04,4142.507,4151.097,240,240,0,COMPLETE,
2026-06-19 16:00:00,4150.914,4157.9,4144.067,4155.421,60,240,180,EXPECTED_INCOMPLETE,EXPECTED
2026-06-19 20:00:00,,,,,0,240,240,SESSION_CLOSED_EXPECTED,EXPECTED
2026-06-20 00:00:00,,,,,0,240,240,SESSION_CLOSED_EXPECTED,EXPECTED
2026-06-20 04:00:00,,,,,0,240,240,SESSION_CLOSED_EXPECTED,EXPECTED
2026-06-20 08:00:00,,,,,0,240,240,SESSION_CLOSED_EXPECTED,EXPECTED
2026-06-20 12:00:00,,,,,0,240,240,SESSION_CLOSED_EXPECTED,EXPECTED
2026-06-20 16:00:00,,,,,0,240,240,SESSION_CLOSED_EXPECTED,EXPECTED
2026-06-20 20:00:00,,,,,0,240,240,SESSION_CLOSED_EXPECTED,EXPECTED
2026-06-21 00:00:00,,,,,0,240,240,SESSION_CLOSED_EXPECTED,EXPECTED
2026-06-21 04:00:00,,,,,0,240,240,SESSION_CLOSED_EXPECTED,EXPECTED
2026-06-21 08:00:00,,,,,0,240,240,SESSION_CLOSED_EXPECTED,EXPECTED
2026-06-21 12:00:00,,,,,0,240,240,SESSION_CLOSED_EXPECTED,EXPECTED
2026-06-21 16:00:00,,,,,0,240,240,SESSION_CLOSED_EXPECTED,EXPECTED
2026-06-21 20:00:00,4153.418,4164.776,4136.447,4140.09,119,240,121,EXPECTED_INCOMPLETE,EXPECTED
2026-06-22 00:00:00,4140.145,4221.311,4139.902,4171.517,240,240,0,COMPLETE,
2026-06-22 04:00:00,4171.592,4207.348,4170.646,4190.195,240,240,0,COMPLETE,
2026-06-22 08:00:00,4190.402,4215.312,4188.657,4207.501,240,240,0,COMPLETE,
2026-06-22 12:00:00,4207.507,4211.752,4169.628,4182.96,240,240,0,COMPLETE,
2026-06-22 16:00:00,4182.637,4193.419,4174.201,4190.428,240,240,0,COMPLETE,
2026-06-22 20:00:00,4190.372,4195.387,4186.767,4187.409,178,240,62,EXPECTED_INCOMPLETE,EXPECTED
2026-06-23 00:00:00,4187.625,4198.671,4130.819,4143.902,240,240,0,COMPLETE,
2026-06-23 04:00:00,4143.952,4146.78,4096.463,4098.926,240,240,0,COMPLETE,
2026-06-23 08:00:00,4098.901,4133.273,4090.627,4123.073,240,240,0,COMPLETE,
2026-06-23 12:00:00,4123.339,4145.159,4105.359,4138.453,240,240,0,COMPLETE,
2026-06-23 16:00:00,4138.502,4143.937,4111.474,4111.526,240,240,0,COMPLETE,
2026-06-23 20:00:00,4111.578,4115.13,4080.848,4099.048,178,240,62,EXPECTED_INCOMPLETE,EXPECTED
2026-06-24 00:00:00,4098.986,4111.92,4050.199,4062.811,240,240,0,COMPLETE,
2026-06-24 04:00:00,4062.872,4097.604,4054.907,4074.859,240,240,0,COMPLETE,
2026-06-24 08:00:00,4074.807,4087.591,4037.462,4046.82,240,240,0,COMPLETE,
2026-06-24 12:00:00,4046.756,4048.928,3964.386,4002.397,240,240,0,COMPLETE,
2026-06-24 16:00:00,4002.643,4022.268,3958.811,3988.013,240,240,0,COMPLETE,
2026-06-24 20:00:00,3987.865,4018.618,3984.791,4012.325,178,240,62,EXPECTED_INCOMPLETE,EXPECTED
2026-06-25 00:00:00,4012.27,4016.44,3962.365,3995.326,240,240,0,COMPLETE,
2026-06-25 04:00:00,3995.273,4000.186,3971.289,3987.713,240,240,0,COMPLETE,
2026-06-25 08:00:00,3987.661,4002.111,3973.475,3980.193,240,240,0,COMPLETE,
2026-06-25 12:00:00,3980.233,4042.731,3978.738,4040.935,240,240,0,COMPLETE,
2026-06-25 16:00:00,4041.062,4044.267,4021.904,4026.638,240,240,0,COMPLETE,
2026-06-25 20:00:00,4026.565,4036.624,4012.378,4014.651,178,240,62,EXPECTED_INCOMPLETE,EXPECTED
2026-06-26 00:00:00,4014.59,4029.684,3982.879,4004.105,240,240,0,COMPLETE,
2026-06-26 04:00:00,4004.162,4039.702,3998.693,4030.668,240,240,0,COMPLETE,
2026-06-26 08:00:00,4030.471,4055.83,4025.669,4045.764,240,240,0,COMPLETE,
2026-06-26 12:00:00,4045.816,4096.053,4035.69,4090.402,240,240,0,COMPLETE,
2026-06-26 16:00:00,4090.452,4093.532,4064.417,4071.743,240,240,0,COMPLETE,
2026-06-26 20:00:00,4071.814,4090.403,4064.599,4088.245,58,240,182,EXPECTED_INCOMPLETE,EXPECTED
2026-06-27 00:00:00,,,,,0,240,240,SESSION_CLOSED_EXPECTED,EXPECTED
2026-06-27 04:00:00,,,,,0,240,240,SESSION_CLOSED_EXPECTED,EXPECTED
2026-06-27 08:00:00,,,,,0,240,240,SESSION_CLOSED_EXPECTED,EXPECTED
2026-06-27 12:00:00,,,,,0,240,240,SESSION_CLOSED_EXPECTED,EXPECTED
2026-06-27 16:00:00,,,,,0,240,240,SESSION_CLOSED_EXPECTED,EXPECTED
2026-06-27 20:00:00,,,,,0,240,240,SESSION_CLOSED_EXPECTED,EXPECTED
2026-06-28 00:00:00,,,,,0,240,240,SESSION_CLOSED_EXPECTED,EXPECTED
2026-06-28 04:00:00,,,,,0,240,240,SESSION_CLOSED_EXPECTED,EXPECTED
2026-06-28 08:00:00,,,,,0,240,240,SESSION_CLOSED_EXPECTED,EXPECTED
2026-06-28 12:00:00,,,,,0,240,240,SESSION_CLOSED_EXPECTED,EXPECTED
2026-06-28 16:00:00,,,,,0,240,240,SESSION_CLOSED_EXPECTED,EXPECTED
2026-06-28 20:00:00,4075.881,4085.307,4051.708,4062.831,119,240,121,EXPECTED_INCOMPLETE,EXPECTED
2026-06-29 00:00:00,4062.887,4075.713,4048.255,4068.939,240,240,0,COMPLETE,
2026-06-29 04:00:00,4068.991,4069.053,4039.209,4061.729,240,240,0,COMPLETE,
2026-06-29 08:00:00,4061.677,4066.724,4024.29,4039.389,240,240,0,COMPLETE,
2026-06-29 12:00:00,4039.167,4052.425,4000.186,4027.041,240,240,0,COMPLETE,
2026-06-29 16:00:00,4026.928,4032.048,4005.2,4015.978,240,240,0,COMPLETE,
2026-06-29 20:00:00,4015.924,4022.486,4009.446,4015.028,178,240,62,EXPECTED_INCOMPLETE,EXPECTED
2026-06-30 00:00:00,4014.97,4015.302,3942.099,3969.866,240,240,0,COMPLETE,
2026-06-30 04:00:00,3969.724,4034.879,3968.055,4032.322,240,240,0,COMPLETE,
2026-06-30 08:00:00,4031.991,4037.753,4012.238,4033.743,240,240,0,COMPLETE,
2026-06-30 12:00:00,4033.848,4063.385,4008.535,4029.492,240,240,0,COMPLETE,
2026-06-30 16:00:00,4029.542,4033.897,4014.641,4016.076,240,240,0,COMPLETE,
2026-06-30 20:00:00,4015.974,4021.062,4005.238,4005.593,178,240,62,EXPECTED_INCOMPLETE,EXPECTED
2026-07-01 00:00:00,4005.653,4009.858,3970.199,3980.325,240,240,0,COMPLETE,
2026-07-01 04:00:00,3980.373,3982.884,3959.988,3976.152,240,240,0,COMPLETE,
2026-07-01 08:00:00,3976.098,4035.604,3969.47,4030.205,240,240,0,COMPLETE,
2026-07-01 12:00:00,4030.558,4115.736,4012.834,4081.229,240,240,0,COMPLETE,
2026-07-01 16:00:00,4081.176,4088.609,4034.231,4038.683,240,240,0,COMPLETE,
2026-07-01 20:00:00,4038.516,4045.279,4028.446,4035.169,178,240,62,EXPECTED_INCOMPLETE,EXPECTED
2026-07-02 00:00:00,4034.972,4074.22,4030.633,4070.082,240,240,0,COMPLETE,
2026-07-02 04:00:00,4070.138,4079.729,4053.111,4064.671,240,240,0,COMPLETE,
2026-07-02 08:00:00,4064.616,4080.213,4057.272,4065.375,240,240,0,COMPLETE,
2026-07-02 12:00:00,4065.425,4144.121,4061.195,4128.316,240,240,0,COMPLETE,
2026-07-02 16:00:00,4128.465,4130.288,4100.194,4121.466,240,240,0,COMPLETE,
2026-07-02 20:00:00,4121.329,4134.121,4116.193,4126.18,178,240,62,EXPECTED_INCOMPLETE,EXPECTED
2026-07-03 00:00:00,4126.292,4195.506,4122.97,4175.907,240,240,0,COMPLETE,
2026-07-03 04:00:00,4176.131,4182.887,4160.311,4177.398,240,240,0,COMPLETE,
2026-07-03 08:00:00,4177.347,4186.579,4168.273,4180.885,240,240,0,COMPLETE,
2026-07-03 12:00:00,4180.988,4183.398,4155.235,4164.94,240,240,0,COMPLETE,
2026-07-03 16:00:00,4164.885,4176.347,4162.71,4174.661,60,240,180,EXPECTED_INCOMPLETE,EXPECTED
2026-07-03 20:00:00,,,,,0,240,240,SESSION_CLOSED_EXPECTED,EXPECTED
2026-07-04 00:00:00,,,,,0,240,240,SESSION_CLOSED_EXPECTED,EXPECTED
2026-07-04 04:00:00,,,,,0,240,240,SESSION_CLOSED_EXPECTED,EXPECTED
2026-07-04 08:00:00,,,,,0,240,240,SESSION_CLOSED_EXPECTED,EXPECTED
2026-07-04 12:00:00,,,,,0,240,240,SESSION_CLOSED_EXPECTED,EXPECTED
2026-07-04 16:00:00,,,,,0,240,240,SESSION_CLOSED_EXPECTED,EXPECTED
2026-07-04 20:00:00,,,,,0,240,240,SESSION_CLOSED_EXPECTED,EXPECTED
2026-07-05 00:00:00,,,,,0,240,240,SESSION_CLOSED_EXPECTED,EXPECTED
2026-07-05 04:00:00,,,,,0,240,240,SESSION_CLOSED_EXPECTED,EXPECTED
2026-07-05 08:00:00,,,,,0,240,240,SESSION_CLOSED_EXPECTED,EXPECTED
2026-07-05 12:00:00,,,,,0,240,240,SESSION_CLOSED_EXPECTED,EXPECTED
2026-07-05 16:00:00,,,,,0,240,240,SESSION_CLOSED_EXPECTED,EXPECTED
2026-07-05 20:00:00,4177.917,4202.273,4173.191,4183.137,119,240,121,EXPECTED_INCOMPLETE,EXPECTED
2026-07-06 00:00:00,4183.254,4203.185,4160.941,4165.29,240,240,0,COMPLETE,
2026-07-06 04:00:00,4165.24,4166.836,4144.625,4164.533,240,240,0,COMPLETE,
2026-07-06 08:00:00,4164.233,4166.112,4136.206,4155.02,240,240,0,COMPLETE,
2026-07-06 12:00:00,4154.959,4158.478,4128.469,4148.188,240,240,0,COMPLETE,
2026-07-06 16:00:00,4148.24,4167.628,4140.247,4163.632,240,240,0,COMPLETE,
2026-07-06 20:00:00,4163.705,4168.637,4156.914,4157.372,178,240,62,EXPECTED_INCOMPLETE,EXPECTED
2026-07-07 00:00:00,4157.318,4162.825,4124.351,4131.164,240,240,0,COMPLETE,
2026-07-07 04:00:00,4130.946,4141.272,4116.496,4124.771,240,240,0,COMPLETE,
2026-07-07 08:00:00,4124.718,4158.416,4119.566,4156.533,240,240,0,COMPLETE,
2026-07-07 12:00:00,4156.671,4180.513,4135.656,4138.925,240,240,0,COMPLETE,
2026-07-07 16:00:00,4138.923,4148.277,4092.023,4114.028,240,240,0,COMPLETE,
2026-07-07 20:00:00,4113.971,4115.866,4094.143,4098.591,178,240,62,EXPECTED_INCOMPLETE,EXPECTED
2026-07-08 00:00:00,4098.471,4131.153,4096.388,4123.514,240,240,0,COMPLETE,
2026-07-08 04:00:00,4123.457,4134.08,4114.581,4121.29,240,240,0,COMPLETE,
2026-07-08 08:00:00,4121.341,4121.398,4040.212,4061.99,240,240,0,COMPLETE,
2026-07-08 12:00:00,4062.075,4086.509,4021.712,4034.079,240,240,0,COMPLETE,
2026-07-08 16:00:00,4034.133,4091.596,4033.213,4080.005,240,240,0,COMPLETE,
2026-07-08 20:00:00,4080.059,4083.597,4071.65,4076.276,178,240,62,EXPECTED_INCOMPLETE,EXPECTED
2026-07-09 00:00:00,4076.084,4089.993,4054.193,4064.06,240,240,0,COMPLETE,
2026-07-09 04:00:00,4064.111,4111.262,4056.333,4107.713,240,240,0,COMPLETE,
2026-07-09 08:00:00,4107.765,4117.806,4093.547,4108.528,240,240,0,COMPLETE,
2026-07-09 12:00:00,4108.623,4136.316,4105.089,4126.646,240,240,0,COMPLETE,
2026-07-09 16:00:00,4126.596,4138.077,4118.641,4122.25,240,240,0,COMPLETE,
2026-07-09 20:00:00,4122.201,4127.656,4120.588,4123.547,178,240,62,EXPECTED_INCOMPLETE,EXPECTED
2026-07-10 00:00:00,4123.495,4134.805,4108.483,4120.305,240,240,0,COMPLETE,
2026-07-10 04:00:00,4120.253,4121.167,4104.291,4108.837,240,240,0,COMPLETE,
2026-07-10 08:00:00,4108.888,4112.716,4094.267,4102.451,240,240,0,COMPLETE,
2026-07-10 12:00:00,4102.456,4117.611,4072.871,4112.877,240,240,0,COMPLETE,
2026-07-10 16:00:00,4112.933,4115.509,4097.691,4108.274,240,240,0,COMPLETE,
2026-07-10 20:00:00,4108.212,4121.11,4108.148,4119.766,58,240,182,EXPECTED_INCOMPLETE,EXPECTED
2026-07-11 00:00:00,,,,,0,240,240,SESSION_CLOSED_EXPECTED,EXPECTED
2026-07-11 04:00:00,,,,,0,240,240,SESSION_CLOSED_EXPECTED,EXPECTED
2026-07-11 08:00:00,,,,,0,240,240,SESSION_CLOSED_EXPECTED,EXPECTED
2026-07-11 12:00:00,,,,,0,240,240,SESSION_CLOSED_EXPECTED,EXPECTED
2026-07-11 16:00:00,,,,,0,240,240,SESSION_CLOSED_EXPECTED,EXPECTED
2026-07-11 20:00:00,,,,,0,240,240,SESSION_CLOSED_EXPECTED,EXPECTED
2026-07-12 00:00:00,,,,,0,240,240,SESSION_CLOSED_EXPECTED,EXPECTED
2026-07-12 04:00:00,,,,,0,240,240,SESSION_CLOSED_EXPECTED,EXPECTED
2026-07-12 08:00:00,,,,,0,240,240,SESSION_CLOSED_EXPECTED,EXPECTED
2026-07-12 12:00:00,,,,,0,240,240,SESSION_CLOSED_EXPECTED,EXPECTED
2026-07-12 16:00:00,,,,,0,240,240,SESSION_CLOSED_EXPECTED,EXPECTED
2026-07-12 20:00:00,4098.561,4099.253,4068.377,4084.311,119,240,121,EXPECTED_INCOMPLETE,EXPECTED
2026-07-13 00:00:00,4084.359,4091.176,4052.979,4060.356,240,240,0,COMPLETE,
2026-07-13 04:00:00,4060.242,4073.172,4043.707,4064.528,240,240,0,COMPLETE,
2026-07-13 08:00:00,4064.639,4080.842,4046.462,4056.473,240,240,0,COMPLETE,
2026-07-13 12:00:00,4056.507,4067.702,4000.23,4016.105,240,240,0,COMPLETE,
2026-07-13 16:00:00,4016.048,4018.099,3986.411,4001.808,240,240,0,COMPLETE,
2026-07-13 20:00:00,4001.858,4006.29,3992.724,4000.913,178,240,62,EXPECTED_INCOMPLETE,EXPECTED
2026-07-14 00:00:00,4000.97,4019.154,3983.307,4016.796,240,240,0,COMPLETE,
2026-07-14 04:00:00,4016.85,4034.196,4013.455,4020.825,240,240,0,COMPLETE,
2026-07-14 08:00:00,4020.939,4031.987,4013.625,4031.031,240,240,0,COMPLETE,
2026-07-14 12:00:00,4030.963,4103.23,4023.047,4066.391,240,240,0,COMPLETE,
2026-07-14 16:00:00,4066.449,4067.193,4042.673,4055.864,240,240,0,COMPLETE,
2026-07-14 20:00:00,4055.758,4056.468,4046.554,4053.123,178,240,62,EXPECTED_INCOMPLETE,EXPECTED
2026-07-15 00:00:00,4052.928,4062.03,4027.823,4031.185,240,240,0,COMPLETE,
2026-07-15 04:00:00,4031.32,4036.595,4019.593,4024.547,240,240,0,COMPLETE,
2026-07-15 08:00:00,4024.346,4040.415,4017.191,4038.389,240,240,0,COMPLETE,
2026-07-15 12:00:00,4038.189,4074.262,4035.927,4046.92,240,240,0,COMPLETE,
2026-07-15 16:00:00,4046.871,4081.502,4026.683,4056.931,240,240,0,COMPLETE,
2026-07-15 20:00:00,4056.759,4065.921,4055.013,4057.9,178,240,62,EXPECTED_INCOMPLETE,EXPECTED
2026-07-16 00:00:00,4057.748,4061.388,4024.08,4036.093,240,240,0,COMPLETE,
2026-07-16 04:00:00,4036.075,4038.019,4022.802,4030.518,240,240,0,COMPLETE,
2026-07-16 08:00:00,4030.396,4042.447,4021.084,4038.504,240,240,0,COMPLETE,
2026-07-16 12:00:00,4038.559,4043.418,3973.724,4006.885,240,240,0,COMPLETE,
2026-07-16 16:00:00,4006.961,4007.811,3969.111,3979.863,240,240,0,COMPLETE,
2026-07-16 20:00:00,3979.814,3986.41,3971.746,3985.782,178,240,62,EXPECTED_INCOMPLETE,EXPECTED
2026-07-17 00:00:00,3985.83,4008.899,3970.41,3991.236,240,240,0,COMPLETE,
2026-07-17 04:00:00,3991.38,4007.234,3975.118,3992.803,240,240,0,COMPLETE,
2026-07-17 08:00:00,3992.755,4002.532,3987.673,3993.888,240,240,0,COMPLETE,
2026-07-17 12:00:00,3994.086,4021.235,3959.461,4018.925,240,240,0,COMPLETE,
2026-07-17 16:00:00,4018.98,4023.846,4002.144,4015.384,240,240,0,COMPLETE,
2026-07-17 20:00:00,4015.255,4018.748,4008.617,4017.752,58,240,182,EXPECTED_INCOMPLETE,EXPECTED
2026-07-18 00:00:00,,,,,0,240,240,SESSION_CLOSED_EXPECTED,EXPECTED
2026-07-18 04:00:00,,,,,0,240,240,SESSION_CLOSED_EXPECTED,EXPECTED
2026-07-18 08:00:00,,,,,0,240,240,SESSION_CLOSED_EXPECTED,EXPECTED
2026-07-18 12:00:00,,,,,0,240,240,SESSION_CLOSED_EXPECTED,EXPECTED
2026-07-18 16:00:00,,,,,0,240,240,SESSION_CLOSED_EXPECTED,EXPECTED
2026-07-18 20:00:00,,,,,0,240,240,SESSION_CLOSED_EXPECTED,EXPECTED
2026-07-19 00:00:00,,,,,0,240,240,SESSION_CLOSED_EXPECTED,EXPECTED
2026-07-19 04:00:00,,,,,0,240,240,SESSION_CLOSED_EXPECTED,EXPECTED
2026-07-19 08:00:00,,,,,0,240,240,SESSION_CLOSED_EXPECTED,EXPECTED
2026-07-19 12:00:00,,,,,0,240,240,SESSION_CLOSED_EXPECTED,EXPECTED
2026-07-19 16:00:00,,,,,0,240,240,SESSION_CLOSED_EXPECTED,EXPECTED
2026-07-19 20:00:00,4000.132,4002.918,3989.212,3995.422,119,240,121,EXPECTED_INCOMPLETE,EXPECTED
2026-07-20 00:00:00,3995.33,4028.865,3982.564,4024.205,240,240,0,COMPLETE,
2026-07-20 04:00:00,4024.155,4026.733,4001.91,4017.415,240,240,0,COMPLETE,
2026-07-20 08:00:00,4017.079,4040.696,4014.674,4025.3,240,240,0,COMPLETE,
2026-07-20 12:00:00,4025.235,4025.307,3998.109,4011.869,240,240,0,COMPLETE,
2026-07-20 16:00:00,4011.819,4018.486,4001.34,4006.958,240,240,0,COMPLETE,
2026-07-20 20:00:00,4007.026,4010.756,3999.852,4009.702,178,240,62,EXPECTED_INCOMPLETE,EXPECTED
2026-07-21 00:00:00,4009.812,4051.504,4003.703,4046.793,240,240,0,COMPLETE,
2026-07-21 04:00:00,4046.906,4084.27,4043.559,4071.362,240,240,0,COMPLETE,
2026-07-21 08:00:00,4071.292,4072.674,4054.285,4056.103,240,240,0,COMPLETE,
2026-07-21 12:00:00,4055.903,4083.538,4044.425,4074.259,240,240,0,COMPLETE,
2026-07-21 16:00:00,4074.187,4087.492,4066.659,4084.516,240,240,0,COMPLETE,
2026-07-21 20:00:00,4084.467,4086.344,4076.6,4080.762,178,240,62,EXPECTED_INCOMPLETE,EXPECTED
2026-07-22 00:00:00,4080.711,4141.681,4076.793,4130.926,240,240,0,COMPLETE,
2026-07-22 04:00:00,4130.873,4135.218,4109.302,4110.524,240,240,0,COMPLETE,
2026-07-22 08:00:00,4110.479,4123.122,4110.479,4122.429,240,240,0,COMPLETE,
2026-07-22 12:00:00,4122.452,4166.086,4106.217,4159.384,240,240,0,COMPLETE,
2026-07-22 16:00:00,4159.181,4159.56,4128.937,4131.685,240,240,0,COMPLETE,
2026-07-22 20:00:00,4131.577,4137.792,4115.769,4133.267,178,240,62,EXPECTED_INCOMPLETE,EXPECTED
2026-07-23 00:00:00,4133.319,4141.032,4112.189,4124.706,240,240,0,COMPLETE,
2026-07-23 04:00:00,4124.686,4130.602,4089.938,4095.526,240,240,0,COMPLETE,
2026-07-23 08:00:00,4095.477,4099.45,4072.706,4085.749,240,240,0,COMPLETE,
2026-07-23 12:00:00,4085.697,4086.08,4040.026,4048.534,240,240,0,COMPLETE,
2026-07-23 16:00:00,4048.65,4054.635,4040.504,4049.891,240,240,0,COMPLETE,
2026-07-23 20:00:00,4049.956,4051.215,4046.505,4046.996,178,240,62,EXPECTED_INCOMPLETE,EXPECTED
2026-07-24 00:00:00,4047.043,4050.828,4022.985,4029.371,240,240,0,COMPLETE,
2026-07-24 04:00:00,4029.311,4053.697,4021.844,4048.391,240,240,0,COMPLETE,
2026-07-24 08:00:00,4048.339,4063.95,4045.112,4057.666,240,240,0,COMPLETE,
2026-07-24 12:00:00,4057.637,4082.013,4044.518,4077.462,240,240,0,COMPLETE,
2026-07-24 16:00:00,4077.379,4078.188,4049.084,4053.523,240,240,0,COMPLETE,
2026-07-24 20:00:00,4053.687,4056.141,4051.68,4052.932,58,240,182,EXPECTED_INCOMPLETE,EXPECTED
2026-07-25 00:00:00,,,,,0,240,240,SESSION_CLOSED_EXPECTED,EXPECTED
2026-07-25 04:00:00,,,,,0,240,240,SESSION_CLOSED_EXPECTED,EXPECTED
2026-07-25 08:00:00,,,,,0,240,240,SESSION_CLOSED_EXPECTED,EXPECTED
2026-07-25 12:00:00,,,,,0,240,240,SESSION_CLOSED_EXPECTED,EXPECTED
2026-07-25 16:00:00,,,,,0,240,240,SESSION_CLOSED_EXPECTED,EXPECTED
2026-07-25 20:00:00,,,,,0,240,240,SESSION_CLOSED_EXPECTED,EXPECTED
2026-07-26 00:00:00,,,,,0,240,240,SESSION_CLOSED_EXPECTED,EXPECTED
2026-07-26 04:00:00,,,,,0,240,240,SESSION_CLOSED_EXPECTED,EXPECTED
2026-07-26 08:00:00,,,,,0,240,240,SESSION_CLOSED_EXPECTED,EXPECTED
2026-07-26 12:00:00,,,,,0,240,240,SESSION_CLOSED_EXPECTED,EXPECTED
2026-07-26 16:00:00,,,,,0,240,240,SESSION_CLOSED_EXPECTED,EXPECTED
2026-07-26 20:00:00,4091.771,4096.553,4083.583,4094.171,119,240,121,EXPECTED_INCOMPLETE,EXPECTED
2026-07-27 00:00:00,4094.295,4116.222,4085.203,4090.842,240,240,0,COMPLETE,
2026-07-27 04:00:00,4090.894,4106.041,4084.304,4088.908,240,240,0,COMPLETE,
2026-07-27 08:00:00,4088.963,4104.158,4086.293,4093.859,240,240,0,COMPLETE,
2026-07-27 12:00:00,4094.04,4097.768,4065.168,4078.608,240,240,0,COMPLETE,
2026-07-27 16:00:00,4078.513,4093.918,4070.548,4083.208,240,240,0,COMPLETE,
2026-07-27 20:00:00,4083.258,4084.094,4069.855,4073.195,178,240,62,EXPECTED_INCOMPLETE,EXPECTED
2026-07-28 00:00:00,4073.146,4074.288,4040.193,4049.236,240,240,0,COMPLETE,
2026-07-28 04:00:00,4049.189,4052.374,4034.763,4047.404,240,240,0,COMPLETE,
2026-07-28 08:00:00,4047.473,4055.264,4016.773,4028.003,240,240,0,COMPLETE,
2026-07-28 12:00:00,4027.906,4047.157,4011.292,4045.973,240,240,0,COMPLETE,
2026-07-28 16:00:00,4046.281,4046.658,4021.583,4026.526,240,240,0,COMPLETE,
2026-07-28 20:00:00,4026.217,4030.506,4013.864,4025.098,178,240,62,EXPECTED_INCOMPLETE,EXPECTED
2026-07-29 00:00:00,4024.898,4037.961,4009.998,4023.687,240,240,0,COMPLETE,
2026-07-29 04:00:00,4023.703,4047.826,4020.499,4043.882,240,240,0,COMPLETE,
2026-07-29 08:00:00,4043.832,4044.457,4024.785,4032.616,240,240,0,COMPLETE,
2026-07-29 12:00:00,4032.665,4033.522,3995.784,4009.906,240,240,0,COMPLETE,
2026-07-29 16:00:00,4009.736,4116.461,4007.483,4044.773,240,240,0,COMPLETE,
2026-07-29 20:00:00,4044.721,4100.332,4042.467,4084.502,178,240,62,EXPECTED_INCOMPLETE,EXPECTED
2026-07-30 00:00:00,4084.807,4092.98,4050.672,4058.764,240,240,0,COMPLETE,
2026-07-30 04:00:00,4059.019,4060.307,4028.299,4038.908,240,240,0,COMPLETE,
2026-07-30 08:00:00,4038.635,4083.063,4036.592,4077.621,240,240,0,COMPLETE,
2026-07-30 12:00:00,4077.481,4120.412,4064.935,4107.999,240,240,0,COMPLETE,
2026-07-30 16:00:00,4107.945,4119.338,4098.456,4112.162,240,240,0,COMPLETE,
2026-07-30 20:00:00,4112.217,4117.495,4098.982,4105.645,178,240,62,EXPECTED_INCOMPLETE,EXPECTED
2026-07-31 00:00:00,4105.694,4107.216,4071.821,4075.036,240,240,0,COMPLETE,
2026-07-31 04:00:00,4075.041,4087.532,4067.245,4067.782,240,240,0,COMPLETE,
2026-07-31 08:00:00,4067.747,4067.814,4050.008,4053.731,240,240,0,COMPLETE,
2026-07-31 12:00:00,4053.727,4059.501,4020.875,4045.566,240,240,0,COMPLETE,
2026-07-31 16:00:00,4045.512,4055.681,4041.008,4051.051,240,240,0,COMPLETE,
2026-07-31 20:00:00,4050.941,4053.062,4043.047,4043.812,58,240,182,EXPECTED_INCOMPLETE,EXPECTED
2026-08-01 00:00:00,,,,,0,240,240,SESSION_CLOSED_EXPECTED,EXPECTED
2026-08-01 04:00:00,,,,,0,240,240,SESSION_CLOSED_EXPECTED,EXPECTED
2026-08-01 08:00:00,,,,,0,240,240,SESSION_CLOSED_EXPECTED,EXPECTED
2026-08-01 12:00:00,,,,,0,240,240,SESSION_CLOSED_EXPECTED,EXPECTED
2026-08-01 16:00:00,,,,,0,240,240,SESSION_CLOSED_EXPECTED,EXPECTED
2026-08-01 20:00:00,,,,,0,240,240,SESSION_CLOSED_EXPECTED,EXPECTED
2026-08-02 00:00:00,,,,,0,240,240,SESSION_CLOSED_EXPECTED,EXPECTED
2026-08-02 04:00:00,,,,,0,240,240,SESSION_CLOSED_EXPECTED,EXPECTED
2026-08-02 08:00:00,,,,,0,240,240,SESSION_CLOSED_EXPECTED,EXPECTED
2026-08-02 12:00:00,,,,,0,240,240,SESSION_CLOSED_EXPECTED,EXPECTED
2026-08-02 16:00:00,,,,,0,240,240,SESSION_CLOSED_EXPECTED,EXPECTED
2026-08-02 20:00:00,4073.04,4079.393,4063.069,4074.778,119,240,121,EXPECTED_INCOMPLETE,EXPECTED
2026-08-03 00:00:00,4074.839,4079.04,4047.188,4064.884,240,240,0,COMPLETE,
2026-08-03 04:00:00,4064.962,4071.965,4052.088,4060.835,240,240,0,COMPLETE,
2026-08-03 08:00:00,4061.151,4063.058,4045.26,4062.616,240,240,0,COMPLETE,
2026-08-03 12:00:00,4062.412,4064.718,4018.965,4036.104,240,240,0,COMPLETE,
2026-08-03 16:00:00,4036.161,4055.836,4029.475,4052.12,240,240,0,COMPLETE,
2026-08-03 20:00:00,4052.182,4058.237,4049.213,4053.762,178,240,62,EXPECTED_INCOMPLETE,EXPECTED
2026-08-04 00:00:00,4053.703,4069.413,4042.403,4052.572,240,240,0,COMPLETE,
2026-08-04 04:00:00,4052.599,4067.823,4051.053,4065.33,240,240,0,COMPLETE,
2026-08-04 08:00:00,4065.377,4084.329,4045.436,4074.914,240,240,0,COMPLETE,
2026-08-04 12:00:00,4074.978,4093.765,4060.834,4087.423,240,240,0,COMPLETE,
2026-08-04 16:00:00,4087.492,4106.425,4075.046,4078.372,240,240,0,COMPLETE,
2026-08-04 20:00:00,4078.678,4085.779,4065.367,4072.308,178,240,62,EXPECTED_INCOMPLETE,EXPECTED
2026-08-05 00:00:00,4072.356,4136.564,4070.301,4128.383,240,240,0,COMPLETE,
2026-08-05 04:00:00,4128.39,4179.626,4128.287,4170.626,240,240,0,COMPLETE,
2026-08-05 08:00:00,4170.574,4192.679,4150.249,4188.955,240,240,0,COMPLETE,
2026-08-05 12:00:00,4189.012,4265.316,4183.229,4232.923,240,240,0,COMPLETE,
2026-08-05 16:00:00,4232.974,4267.858,4224.626,4246.847,240,240,0,COMPLETE,
2026-08-05 20:00:00,4246.792,4281.988,4242.893,4278.055,178,240,62,EXPECTED_INCOMPLETE,EXPECTED
2026-08-06 00:00:00,4278.111,4304.283,4260.082,4265.508,240,240,0,COMPLETE,
2026-08-06 04:00:00,4265.673,4268.694,4247.006,4262.569,240,240,0,COMPLETE,
2026-08-06 08:00:00,4262.622,4284.755,4253.942,4263.132,240,240,0,COMPLETE,
2026-08-06 12:00:00,4263.074,4275.367,4228.929,4233.828,240,240,0,COMPLETE,
2026-08-06 16:00:00,4233.886,4251.344,4223.147,4248.79,240,240,0,COMPLETE,
2026-08-06 20:00:00,4248.882,4253.243,4234.547,4252.14,178,240,62,EXPECTED_INCOMPLETE,EXPECTED
2026-08-07 00:00:00,4252.394,4266.372,4229.509,4265.983,240,240,0,COMPLETE,
2026-08-07 04:00:00,4265.919,4298.817,4260.734,4289.992,240,240,0,COMPLETE,
2026-08-07 08:00:00,4290.047,4327.848,4288.868,4321.276,240,240,0,COMPLETE,
2026-08-07 12:00:00,4321.291,4371.87,4300.837,4341.025,240,240,0,COMPLETE,
2026-08-07 16:00:00,4341.162,4350.317,4327.747,4344.025,240,240,0,COMPLETE,
2026-08-07 20:00:00,4344.087,4345.323,4335.875,4342.202,58,240,182,EXPECTED_INCOMPLETE,EXPECTED
2026-08-08 00:00:00,,,,,0,240,240,SESSION_CLOSED_EXPECTED,EXPECTED
2026-08-08 04:00:00,,,,,0,240,240,SESSION_CLOSED_EXPECTED,EXPECTED
2026-08-08 08:00:00,,,,,0,240,240,SESSION_CLOSED_EXPECTED,EXPECTED
2026-08-08 12:00:00,,,,,0,240,240,SESSION_CLOSED_EXPECTED,EXPECTED
2026-08-08 16:00:00,,,,,0,240,240,SESSION_CLOSED_EXPECTED,EXPECTED
2026-08-08 20:00:00,,,,,0,240,240,SESSION_CLOSED_EXPECTED,EXPECTED
2026-08-09 00:00:00,,,,,0,240,240,SESSION_CLOSED_EXPECTED,EXPECTED
2026-08-09 04:00:00,,,,,0,240,240,SESSION_CLOSED_EXPECTED,EXPECTED
2026-08-09 08:00:00,,,,,0,240,240,SESSION_CLOSED_EXPECTED,EXPECTED
2026-08-09 12:00:00,,,,,0,240,240,SESSION_CLOSED_EXPECTED,EXPECTED
2026-08-09 16:00:00,,,,,0,240,240,SESSION_CLOSED_EXPECTED,EXPECTED
2026-08-09 20:00:00,4347.782,4349.153,4331.891,4332.663,119,240,121,EXPECTED_INCOMPLETE,EXPECTED
2026-08-10 00:00:00,4332.6,4347.164,4313.202,4326.402,240,240,0,COMPLETE,
2026-08-10 04:00:00,4326.703,4362.108,4322.922,4355.551,240,240,0,COMPLETE,
2026-08-10 08:00:00,4355.496,4356.539,4328.754,4335.181,240,240,0,COMPLETE,
2026-08-10 12:00:00,4334.905,4359.651,4316.533,4358.246,240,240,0,COMPLETE,
2026-08-10 16:00:00,4358.305,4395.317,4349.017,4388.398,240,240,0,COMPLETE,
2026-08-10 20:00:00,4388.302,4402.589,4385.576,4402.264,178,240,62,EXPECTED_INCOMPLETE,EXPECTED
2026-08-11 00:00:00,4402.212,4435.264,4393.476,4416.935,240,240,0,COMPLETE,
2026-08-11 04:00:00,4416.941,4420.242,4356.622,4357.847,240,240,0,COMPLETE,
2026-08-11 08:00:00,4357.781,4392.977,4356.914,4387.807,240,240,0,COMPLETE,
2026-08-11 12:00:00,4387.555,4404.244,4368.93,4383.644,240,240,0,COMPLETE,
2026-08-11 16:00:00,4383.762,4385.743,4360.106,4370.717,240,240,0,COMPLETE,
2026-08-11 20:00:00,4370.773,4378.286,4362.384,4371.373,178,240,62,EXPECTED_INCOMPLETE,EXPECTED
2026-08-12 00:00:00,4371.477,4416.335,4366.357,4402.143,240,240,0,COMPLETE,
2026-08-12 04:00:00,4402.416,4410.133,4384.036,4406.184,240,240,0,COMPLETE,
2026-08-12 08:00:00,4406.038,4424.258,4401.57,4412.672,240,240,0,COMPLETE,
2026-08-12 12:00:00,4412.552,4441.371,4381.832,4420.789,240,240,0,COMPLETE,
2026-08-12 16:00:00,4420.848,4426.584,4396.135,4413.654,240,240,0,COMPLETE,
2026-08-12 20:00:00,4413.72,4414.588,4398.114,4414.262,178,240,62,EXPECTED_INCOMPLETE,EXPECTED
2026-08-13 00:00:00,4414.327,4449.781,4398.5,4400.171,240,240,0,COMPLETE,
2026-08-13 04:00:00,4400.126,4407.354,4368.813,4370.014,240,240,0,COMPLETE,
2026-08-13 08:00:00,4370.014,4396.683,4363.967,4387.509,240,240,0,COMPLETE,
2026-08-13 12:00:00,4387.573,4402.227,4357.215,4365.226,240,240,0,COMPLETE,
2026-08-13 16:00:00,4365.013,4373.316,4351.099,4355.921,148,240,92,UNEXPECTED_INCOMPLETE,
