previous,current,gap_minutes,classification,category
2021-08-17 12:49:00,2021-08-17 12:53:00,4.0,UNEXPECTED_SHORT_GAP,UNEXPECTED
2021-08-17 20:58:00,2021-08-17 22:00:00,62.0,EXPECTED_DAILY_MAINTENANCE,EXPECTED
2021-08-18 20:58:00,2021-08-18 22:00:00,62.0,EXPECTED_DAILY_MAINTENANCE,EXPECTED
2021-08-19 20:58:00,2021-08-19 22:00:00,62.0,EXPECTED_DAILY_MAINTENANCE,EXPECTED
2021-08-20 20:58:00,2021-08-22 22:00:00,2942.0,EXPECTED_WEEKEND_CLOSURE,EXPECTED
2021-08-22 22:00:00,2021-08-22 22:05:00,5.0,EXPECTED_WEEKEND_CLOSURE,EXPECTED
2021-08-23 20:58:00,2021-08-23 22:00:00,62.0,EXPECTED_DAILY_MAINTENANCE,EXPECTED
2021-08-24 20:58:00,2021-08-24 22:00:00,62.0,EXPECTED_DAILY_MAINTENANCE,EXPECTED
2021-08-25 11:49:00,2021-08-25 11:51:00,2.0,UNEXPECTED_SHORT_GAP,UNEXPECTED
2021-08-25 20:58:00,2021-08-25 22:00:00,62.0,EXPECTED_DAILY_MAINTENANCE,EXPECTED
2021-08-26 20:58:00,2021-08-26 22:00:00,62.0,EXPECTED_DAILY_MAINTENANCE,EXPECTED
2021-08-27 20:58:00,2021-08-29 22:00:00,2942.0,EXPECTED_WEEKEND_CLOSURE,EXPECTED
2021-08-29 22:00:00,2021-08-29 22:05:00,5.0,EXPECTED_WEEKEND_CLOSURE,EXPECTED
2021-08-30 20:58:00,2021-08-30 22:00:00,62.0,EXPECTED_DAILY_MAINTENANCE,EXPECTED
2021-08-31 20:58:00,2021-08-31 22:00:00,62.0,EXPECTED_DAILY_MAINTENANCE,EXPECTED
2021-09-01 20:58:00,2021-09-01 22:00:00,62.0,EXPECTED_DAILY_MAINTENANCE,EXPECTED
2021-09-02 20:58:00,2021-09-02 22:00:00,62.0,EXPECTED_DAILY_MAINTENANCE,EXPECTED
2021-09-03 20:58:00,2021-09-05 22:00:00,2942.0,EXPECTED_WEEKEND_CLOSURE,EXPECTED
2021-09-05 22:00:00,2021-09-05 22:05:00,5.0,EXPECTED_WEEKEND_CLOSURE,EXPECTED
2021-09-06 17:03:00,2021-09-06 17:06:00,3.0,UNEXPECTED_SHORT_GAP,UNEXPECTED
2021-09-06 17:06:00,2021-09-06 22:00:00,294.0,UNEXPECTED_LONG_GAP,UNEXPECTED
2021-09-06 22:13:00,2021-09-06 22:15:00,2.0,UNEXPECTED_SHORT_GAP,UNEXPECTED
2021-09-07 20:58:00,2021-09-07 22:00:00,62.0,EXPECTED_DAILY_MAINTENANCE,EXPECTED
2021-09-07 22:00:00,2021-09-07 22:02:00,2.0,UNEXPECTED_SHORT_GAP,UNEXPECTED
2021-09-08 20:58:00,2021-09-08 22:00:00,62.0,EXPECTED_DAILY_MAINTENANCE,EXPECTED
2021-09-09 20:58:00,2021-09-09 22:00:00,62.0,EXPECTED_DAILY_MAINTENANCE,EXPECTED
2021-09-10 20:58:00,2021-09-12 22:00:00,2942.0,EXPECTED_WEEKEND_CLOSURE,EXPECTED
2021-09-12 22:00:00,2021-09-12 22:05:00,5.0,EXPECTED_WEEKEND_CLOSURE,EXPECTED
2021-09-13 20:58:00,2021-09-13 22:00:00,62.0,EXPECTED_DAILY_MAINTENANCE,EXPECTED
2021-09-14 20:58:00,2021-09-14 22:00:00,62.0,EXPECTED_DAILY_MAINTENANCE,EXPECTED
2021-09-15 20:58:00,2021-09-15 22:00:00,62.0,EXPECTED_DAILY_MAINTENANCE,EXPECTED
2021-09-16 20:58:00,2021-09-16 22:00:00,62.0,EXPECTED_DAILY_MAINTENANCE,EXPECTED
2021-09-17 20:58:00,2021-09-19 22:00:00,2942.0,EXPECTED_WEEKEND_CLOSURE,EXPECTED
2021-09-19 22:00:00,2021-09-19 22:05:00,5.0,EXPECTED_WEEKEND_CLOSURE,EXPECTED
2021-09-20 20:58:00,2021-09-20 22:00:00,62.0,EXPECTED_DAILY_MAINTENANCE,EXPECTED
2021-09-21 20:58:00,2021-09-21 22:00:00,62.0,EXPECTED_DAILY_MAINTENANCE,EXPECTED
2021-09-22 20:58:00,2021-09-22 22:00:00,62.0,EXPECTED_DAILY_MAINTENANCE,EXPECTED
2021-09-23 20:58:00,2021-09-23 22:00:00,62.0,EXPECTED_DAILY_MAINTENANCE,EXPECTED
2021-09-24 20:58:00,2021-09-26 22:00:00,2942.0,EXPECTED_WEEKEND_CLOSURE,EXPECTED
2021-09-26 22:00:00,2021-09-26 22:05:00,5.0,EXPECTED_WEEKEND_CLOSURE,EXPECTED
2021-09-27 20:58:00,2021-09-27 22:00:00,62.0,EXPECTED_DAILY_MAINTENANCE,EXPECTED
2021-09-28 20:58:00,2021-09-28 22:00:00,62.0,EXPECTED_DAILY_MAINTENANCE,EXPECTED
2021-09-29 20:58:00,2021-09-29 22:00:00,62.0,EXPECTED_DAILY_MAINTENANCE,EXPECTED
2021-09-30 20:58:00,2021-09-30 22:00:00,62.0,EXPECTED_DAILY_MAINTENANCE,EXPECTED
2021-10-01 20:58:00,2021-10-03 22:00:00,2942.0,EXPECTED_WEEKEND_CLOSURE,EXPECTED
2021-10-03 22:00:00,2021-10-03 22:05:00,5.0,EXPECTED_WEEKEND_CLOSURE,EXPECTED
2021-10-04 20:58:00,2021-10-04 22:00:00,62.0,EXPECTED_DAILY_MAINTENANCE,EXPECTED
2021-10-05 20:58:00,2021-10-05 22:00:00,62.0,EXPECTED_DAILY_MAINTENANCE,EXPECTED
2021-10-06 20:58:00,2021-10-06 22:00:00,62.0,EXPECTED_DAILY_MAINTENANCE,EXPECTED
2021-10-06 22:49:00,2021-10-06 22:51:00,2.0,UNEXPECTED_SHORT_GAP,UNEXPECTED
2021-10-07 20:58:00,2021-10-07 22:00:00,62.0,EXPECTED_DAILY_MAINTENANCE,EXPECTED
2021-10-07 23:31:00,2021-10-07 23:33:00,2.0,UNEXPECTED_SHORT_GAP,UNEXPECTED
2021-10-08 20:58:00,2021-10-10 22:00:00,2942.0,EXPECTED_WEEKEND_CLOSURE,EXPECTED
2021-10-10 22:00:00,2021-10-10 22:05:00,5.0,EXPECTED_WEEKEND_CLOSURE,EXPECTED
2021-10-11 20:58:00,2021-10-11 22:00:00,62.0,EXPECTED_DAILY_MAINTENANCE,EXPECTED
2021-10-12 11:11:00,2021-10-12 11:13:00,2.0,UNEXPECTED_SHORT_GAP,UNEXPECTED
2021-10-12 20:58:00,2021-10-12 22:00:00,62.0,EXPECTED_DAILY_MAINTENANCE,EXPECTED
2021-10-13 20:58:00,2021-10-13 22:00:00,62.0,EXPECTED_DAILY_MAINTENANCE,EXPECTED
2021-10-14 20:58:00,2021-10-14 22:00:00,62.0,EXPECTED_DAILY_MAINTENANCE,EXPECTED
2021-10-15 20:58:00,2021-10-17 22:00:00,2942.0,EXPECTED_WEEKEND_CLOSURE,EXPECTED
2021-10-17 22:00:00,2021-10-17 22:05:00,5.0,EXPECTED_WEEKEND_CLOSURE,EXPECTED
2021-10-18 20:58:00,2021-10-18 22:00:00,62.0,EXPECTED_DAILY_MAINTENANCE,EXPECTED
2021-10-18 23:11:00,2021-10-18 23:13:00,2.0,UNEXPECTED_SHORT_GAP,UNEXPECTED
2021-10-19 20:58:00,2021-10-19 22:01:00,63.0,EXPECTED_DAILY_MAINTENANCE,EXPECTED
2021-10-20 20:58:00,2021-10-20 22:01:00,63.0,EXPECTED_DAILY_MAINTENANCE,EXPECTED
2021-10-21 20:58:00,2021-10-21 22:01:00,63.0,EXPECTED_DAILY_MAINTENANCE,EXPECTED
2021-10-22 20:58:00,2021-10-24 22:05:00,2947.0,EXPECTED_WEEKEND_CLOSURE,EXPECTED
2021-10-25 20:58:00,2021-10-25 22:01:00,63.0,EXPECTED_DAILY_MAINTENANCE,EXPECTED
2021-10-26 20:58:00,2021-10-26 22:01:00,63.0,EXPECTED_DAILY_MAINTENANCE,EXPECTED
2021-10-27 20:58:00,2021-10-27 22:01:00,63.0,EXPECTED_DAILY_MAINTENANCE,EXPECTED
2021-10-28 20:58:00,2021-10-28 22:01:00,63.0,EXPECTED_DAILY_MAINTENANCE,EXPECTED
2021-10-29 20:58:00,2021-10-31 22:05:00,2947.0,EXPECTED_WEEKEND_CLOSURE,EXPECTED
2021-11-01 20:58:00,2021-11-01 22:01:00,63.0,EXPECTED_DAILY_MAINTENANCE,EXPECTED
2021-11-02 20:58:00,2021-11-02 22:01:00,63.0,EXPECTED_DAILY_MAINTENANCE,EXPECTED
2021-11-03 20:58:00,2021-11-03 22:01:00,63.0,EXPECTED_DAILY_MAINTENANCE,EXPECTED
2021-11-04 20:58:00,2021-11-04 22:01:00,63.0,EXPECTED_DAILY_MAINTENANCE,EXPECTED
2021-11-05 20:58:00,2021-11-07 23:05:00,3007.0,EXPECTED_WEEKEND_CLOSURE,EXPECTED
2021-11-08 21:58:00,2021-11-08 23:01:00,63.0,EXPECTED_DAILY_MAINTENANCE,EXPECTED
2021-11-09 21:58:00,2021-11-09 23:01:00,63.0,EXPECTED_DAILY_MAINTENANCE,EXPECTED
2021-11-10 21:58:00,2021-11-10 23:01:00,63.0,EXPECTED_DAILY_MAINTENANCE,EXPECTED
2021-11-11 21:58:00,2021-11-11 23:01:00,63.0,EXPECTED_DAILY_MAINTENANCE,EXPECTED
2021-11-12 21:58:00,2021-11-14 23:05:00,2947.0,EXPECTED_WEEKEND_CLOSURE,EXPECTED
2021-11-15 21:58:00,2021-11-15 23:01:00,63.0,EXPECTED_DAILY_MAINTENANCE,EXPECTED
2021-11-16 21:58:00,2021-11-16 23:01:00,63.0,EXPECTED_DAILY_MAINTENANCE,EXPECTED
2021-11-17 21:58:00,2021-11-17 23:01:00,63.0,EXPECTED_DAILY_MAINTENANCE,EXPECTED
2021-11-18 21:58:00,2021-11-18 23:01:00,63.0,EXPECTED_DAILY_MAINTENANCE,EXPECTED
2021-11-19 21:58:00,2021-11-21 23:05:00,2947.0,EXPECTED_WEEKEND_CLOSURE,EXPECTED
2021-11-22 21:58:00,2021-11-22 23:01:00,63.0,EXPECTED_DAILY_MAINTENANCE,EXPECTED
2021-11-23 21:58:00,2021-11-23 23:01:00,63.0,EXPECTED_DAILY_MAINTENANCE,EXPECTED
2021-11-24 21:58:00,2021-11-24 23:01:00,63.0,EXPECTED_DAILY_MAINTENANCE,EXPECTED
2021-11-25 17:44:00,2021-11-25 23:01:00,317.0,UNEXPECTED_LONG_GAP,UNEXPECTED
2021-11-26 18:29:00,2021-11-28 23:05:00,3156.0,EXPECTED_WEEKEND_CLOSURE,EXPECTED
2021-11-29 21:58:00,2021-11-29 23:01:00,63.0,EXPECTED_DAILY_MAINTENANCE,EXPECTED
2021-11-30 21:58:00,2021-11-30 23:01:00,63.0,EXPECTED_DAILY_MAINTENANCE,EXPECTED
2021-12-01 21:58:00,2021-12-01 23:01:00,63.0,EXPECTED_DAILY_MAINTENANCE,EXPECTED
2021-12-02 21:58:00,2021-12-02 23:01:00,63.0,EXPECTED_DAILY_MAINTENANCE,EXPECTED
2021-12-03 21:58:00,2021-12-05 23:05:00,2947.0,EXPECTED_WEEKEND_CLOSURE,EXPECTED
2021-12-06 21:58:00,2021-12-06 23:01:00,63.0,EXPECTED_DAILY_MAINTENANCE,EXPECTED
2021-12-07 21:58:00,2021-12-07 23:01:00,63.0,EXPECTED_DAILY_MAINTENANCE,EXPECTED
2021-12-08 21:58:00,2021-12-08 23:01:00,63.0,EXPECTED_DAILY_MAINTENANCE,EXPECTED
2021-12-09 21:58:00,2021-12-09 23:01:00,63.0,EXPECTED_DAILY_MAINTENANCE,EXPECTED
2021-12-10 21:58:00,2021-12-12 23:05:00,2947.0,EXPECTED_WEEKEND_CLOSURE,EXPECTED
2021-12-13 21:58:00,2021-12-13 23:01:00,63.0,EXPECTED_DAILY_MAINTENANCE,EXPECTED
2021-12-14 21:58:00,2021-12-14 23:01:00,63.0,EXPECTED_DAILY_MAINTENANCE,EXPECTED
2021-12-15 21:58:00,2021-12-15 23:01:00,63.0,EXPECTED_DAILY_MAINTENANCE,EXPECTED
2021-12-16 21:58:00,2021-12-16 23:01:00,63.0,EXPECTED_DAILY_MAINTENANCE,EXPECTED
2021-12-17 21:58:00,2021-12-19 23:05:00,2947.0,EXPECTED_WEEKEND_CLOSURE,EXPECTED
2021-12-20 21:58:00,2021-12-20 23:01:00,63.0,EXPECTED_DAILY_MAINTENANCE,EXPECTED
2021-12-21 21:58:00,2021-12-21 23:01:00,63.0,EXPECTED_DAILY_MAINTENANCE,EXPECTED
2021-12-22 21:58:00,2021-12-22 23:01:00,63.0,EXPECTED_DAILY_MAINTENANCE,EXPECTED
2021-12-23 21:58:00,2021-12-26 23:05:00,4387.0,EXPECTED_WEEKEND_CLOSURE,EXPECTED
2021-12-27 21:26:00,2021-12-27 21:28:00,2.0,UNEXPECTED_SHORT_GAP,UNEXPECTED
2021-12-27 21:58:00,2021-12-27 23:01:00,63.0,EXPECTED_DAILY_MAINTENANCE,EXPECTED
2021-12-28 21:58:00,2021-12-28 23:01:00,63.0,EXPECTED_DAILY_MAINTENANCE,EXPECTED
2021-12-29 21:58:00,2021-12-29 23:01:00,63.0,EXPECTED_DAILY_MAINTENANCE,EXPECTED
2021-12-30 21:58:00,2021-12-30 23:01:00,63.0,EXPECTED_DAILY_MAINTENANCE,EXPECTED
2021-12-31 19:58:00,2022-01-02 23:05:00,3067.0,EXPECTED_WEEKEND_CLOSURE,EXPECTED
2022-01-03 21:58:00,2022-01-03 23:01:00,63.0,EXPECTED_DAILY_MAINTENANCE,EXPECTED
2022-01-04 21:58:00,2022-01-04 23:01:00,63.0,EXPECTED_DAILY_MAINTENANCE,EXPECTED
2022-01-05 21:58:00,2022-01-05 23:01:00,63.0,EXPECTED_DAILY_MAINTENANCE,EXPECTED
2022-01-06 21:58:00,2022-01-06 23:01:00,63.0,EXPECTED_DAILY_MAINTENANCE,EXPECTED
2022-01-07 21:58:00,2022-01-09 23:05:00,2947.0,EXPECTED_WEEKEND_CLOSURE,EXPECTED
2022-01-10 21:45:00,2022-01-10 21:47:00,2.0,UNEXPECTED_SHORT_GAP,UNEXPECTED
2022-01-10 21:58:00,2022-01-10 23:01:00,63.0,EXPECTED_DAILY_MAINTENANCE,EXPECTED
2022-01-11 21:58:00,2022-01-11 23:01:00,63.0,EXPECTED_DAILY_MAINTENANCE,EXPECTED
2022-01-12 21:58:00,2022-01-12 23:01:00,63.0,EXPECTED_DAILY_MAINTENANCE,EXPECTED
2022-01-13 21:58:00,2022-01-13 23:01:00,63.0,EXPECTED_DAILY_MAINTENANCE,EXPECTED
2022-01-14 21:58:00,2022-01-16 23:05:00,2947.0,EXPECTED_WEEKEND_CLOSURE,EXPECTED
2022-01-17 19:12:00,2022-01-17 23:01:00,229.0,UNEXPECTED_LONG_GAP,UNEXPECTED
2022-01-18 21:58:00,2022-01-18 23:01:00,63.0,EXPECTED_DAILY_MAINTENANCE,EXPECTED
2022-01-19 21:58:00,2022-01-19 23:01:00,63.0,EXPECTED_DAILY_MAINTENANCE,EXPECTED
2022-01-20 21:58:00,2022-01-20 23:01:00,63.0,EXPECTED_DAILY_MAINTENANCE,EXPECTED
2022-01-21 21:58:00,2022-01-23 23:05:00,2947.0,EXPECTED_WEEKEND_CLOSURE,EXPECTED
2022-01-24 21:58:00,2022-01-24 23:01:00,63.0,EXPECTED_DAILY_MAINTENANCE,EXPECTED
2022-01-25 21:58:00,2022-01-25 23:01:00,63.0,EXPECTED_DAILY_MAINTENANCE,EXPECTED
2022-01-26 21:58:00,2022-01-26 23:01:00,63.0,EXPECTED_DAILY_MAINTENANCE,EXPECTED
2022-01-27 21:58:00,2022-01-27 23:01:00,63.0,EXPECTED_DAILY_MAINTENANCE,EXPECTED
2022-01-28 21:58:00,2022-01-30 23:05:00,2947.0,EXPECTED_WEEKEND_CLOSURE,EXPECTED
2022-01-31 21:58:00,2022-01-31 23:01:00,63.0,EXPECTED_DAILY_MAINTENANCE,EXPECTED
2022-02-01 21:58:00,2022-02-01 23:01:00,63.0,EXPECTED_DAILY_MAINTENANCE,EXPECTED
2022-02-02 21:58:00,2022-02-02 23:01:00,63.0,EXPECTED_DAILY_MAINTENANCE,EXPECTED
2022-02-03 21:58:00,2022-02-03 23:01:00,63.0,EXPECTED_DAILY_MAINTENANCE,EXPECTED
2022-02-04 21:58:00,2022-02-06 23:05:00,2947.0,EXPECTED_WEEKEND_CLOSURE,EXPECTED
2022-02-07 21:58:00,2022-02-07 23:01:00,63.0,EXPECTED_DAILY_MAINTENANCE,EXPECTED
2022-02-08 21:58:00,2022-02-08 23:01:00,63.0,EXPECTED_DAILY_MAINTENANCE,EXPECTED
2022-02-08 23:46:00,2022-02-09 01:22:00,96.0,UNEXPECTED_LONG_GAP,UNEXPECTED
2022-02-09 21:58:00,2022-02-09 23:01:00,63.0,EXPECTED_DAILY_MAINTENANCE,EXPECTED
2022-02-10 21:58:00,2022-02-10 23:01:00,63.0,EXPECTED_DAILY_MAINTENANCE,EXPECTED
2022-02-11 21:58:00,2022-02-13 23:05:00,2947.0,EXPECTED_WEEKEND_CLOSURE,EXPECTED
2022-02-14 21:58:00,2022-02-14 23:01:00,63.0,EXPECTED_DAILY_MAINTENANCE,EXPECTED
2022-02-15 21:58:00,2022-02-15 23:01:00,63.0,EXPECTED_DAILY_MAINTENANCE,EXPECTED
2022-02-16 21:58:00,2022-02-16 23:01:00,63.0,EXPECTED_DAILY_MAINTENANCE,EXPECTED
2022-02-17 21:58:00,2022-02-17 23:01:00,63.0,EXPECTED_DAILY_MAINTENANCE,EXPECTED
2022-02-18 21:58:00,2022-02-20 23:05:00,2947.0,EXPECTED_WEEKEND_CLOSURE,EXPECTED
2022-02-21 19:14:00,2022-02-21 23:01:00,227.0,UNEXPECTED_LONG_GAP,UNEXPECTED
2022-02-22 21:58:00,2022-02-22 23:01:00,63.0,EXPECTED_DAILY_MAINTENANCE,EXPECTED
2022-02-23 21:58:00,2022-02-23 23:01:00,63.0,EXPECTED_DAILY_MAINTENANCE,EXPECTED
2022-02-24 21:58:00,2022-02-24 23:01:00,63.0,EXPECTED_DAILY_MAINTENANCE,EXPECTED
2022-02-25 21:58:00,2022-02-27 23:05:00,2947.0,EXPECTED_WEEKEND_CLOSURE,EXPECTED
2022-02-28 21:58:00,2022-02-28 23:01:00,63.0,EXPECTED_DAILY_MAINTENANCE,EXPECTED
2022-03-01 21:58:00,2022-03-01 23:01:00,63.0,EXPECTED_DAILY_MAINTENANCE,EXPECTED
2022-03-02 21:58:00,2022-03-02 23:01:00,63.0,EXPECTED_DAILY_MAINTENANCE,EXPECTED
2022-03-03 21:58:00,2022-03-03 23:01:00,63.0,EXPECTED_DAILY_MAINTENANCE,EXPECTED
2022-03-04 21:58:00,2022-03-06 23:05:00,2947.0,EXPECTED_WEEKEND_CLOSURE,EXPECTED
2022-03-07 21:58:00,2022-03-07 23:01:00,63.0,EXPECTED_DAILY_MAINTENANCE,EXPECTED
2022-03-08 21:58:00,2022-03-08 23:01:00,63.0,EXPECTED_DAILY_MAINTENANCE,EXPECTED
2022-03-09 21:58:00,2022-03-09 23:01:00,63.0,EXPECTED_DAILY_MAINTENANCE,EXPECTED
2022-03-10 21:58:00,2022-03-10 23:01:00,63.0,EXPECTED_DAILY_MAINTENANCE,EXPECTED
2022-03-11 21:58:00,2022-03-13 22:05:00,2887.0,EXPECTED_WEEKEND_CLOSURE,EXPECTED
2022-03-14 20:58:00,2022-03-14 22:01:00,63.0,EXPECTED_DAILY_MAINTENANCE,EXPECTED
2022-03-15 20:58:00,2022-03-15 22:01:00,63.0,EXPECTED_DAILY_MAINTENANCE,EXPECTED
2022-03-16 20:58:00,2022-03-16 22:01:00,63.0,EXPECTED_DAILY_MAINTENANCE,EXPECTED
2022-03-17 20:58:00,2022-03-17 22:01:00,63.0,EXPECTED_DAILY_MAINTENANCE,EXPECTED
2022-03-18 20:58:00,2022-03-20 22:05:00,2947.0,EXPECTED_WEEKEND_CLOSURE,EXPECTED
2022-03-21 20:57:00,2022-03-21 22:01:00,64.0,EXPECTED_DAILY_MAINTENANCE,EXPECTED
2022-03-22 20:57:00,2022-03-22 22:01:00,64.0,EXPECTED_DAILY_MAINTENANCE,EXPECTED
2022-03-23 20:57:00,2022-03-23 22:01:00,64.0,EXPECTED_DAILY_MAINTENANCE,EXPECTED
2022-03-24 20:57:00,2022-03-24 22:01:00,64.0,EXPECTED_DAILY_MAINTENANCE,EXPECTED
2022-03-25 20:57:00,2022-03-27 22:05:00,2948.0,EXPECTED_WEEKEND_CLOSURE,EXPECTED
2022-03-28 20:57:00,2022-03-28 22:01:00,64.0,EXPECTED_DAILY_MAINTENANCE,EXPECTED
2022-03-29 20:57:00,2022-03-29 22:01:00,64.0,EXPECTED_DAILY_MAINTENANCE,EXPECTED
2022-03-30 20:57:00,2022-03-30 22:01:00,64.0,EXPECTED_DAILY_MAINTENANCE,EXPECTED
2022-03-31 20:57:00,2022-03-31 22:01:00,64.0,EXPECTED_DAILY_MAINTENANCE,EXPECTED
2022-04-01 20:57:00,2022-04-03 22:05:00,2948.0,EXPECTED_WEEKEND_CLOSURE,EXPECTED
2022-04-04 20:57:00,2022-04-04 22:01:00,64.0,EXPECTED_DAILY_MAINTENANCE,EXPECTED
2022-04-05 20:57:00,2022-04-05 22:01:00,64.0,EXPECTED_DAILY_MAINTENANCE,EXPECTED
2022-04-06 20:57:00,2022-04-06 22:01:00,64.0,EXPECTED_DAILY_MAINTENANCE,EXPECTED
2022-04-07 20:57:00,2022-04-07 22:01:00,64.0,EXPECTED_DAILY_MAINTENANCE,EXPECTED
2022-04-08 20:57:00,2022-04-10 22:05:00,2948.0,EXPECTED_WEEKEND_CLOSURE,EXPECTED
2022-04-11 20:57:00,2022-04-11 22:01:00,64.0,EXPECTED_DAILY_MAINTENANCE,EXPECTED
2022-04-12 20:57:00,2022-04-12 22:01:00,64.0,EXPECTED_DAILY_MAINTENANCE,EXPECTED
2022-04-13 20:57:00,2022-04-13 22:01:00,64.0,EXPECTED_DAILY_MAINTENANCE,EXPECTED
2022-04-14 20:57:00,2022-04-17 22:05:00,4388.0,EXPECTED_WEEKEND_CLOSURE,EXPECTED
2022-04-18 20:57:00,2022-04-18 22:01:00,64.0,EXPECTED_DAILY_MAINTENANCE,EXPECTED
2022-04-19 20:57:00,2022-04-19 22:01:00,64.0,EXPECTED_DAILY_MAINTENANCE,EXPECTED
2022-04-20 20:57:00,2022-04-20 22:01:00,64.0,EXPECTED_DAILY_MAINTENANCE,EXPECTED
2022-04-21 20:57:00,2022-04-21 22:01:00,64.0,EXPECTED_DAILY_MAINTENANCE,EXPECTED
2022-04-22 20:57:00,2022-04-24 22:05:00,2948.0,EXPECTED_WEEKEND_CLOSURE,EXPECTED
2022-04-25 20:57:00,2022-04-25 22:01:00,64.0,EXPECTED_DAILY_MAINTENANCE,EXPECTED
2022-04-26 20:57:00,2022-04-26 22:01:00,64.0,EXPECTED_DAILY_MAINTENANCE,EXPECTED
2022-04-27 20:57:00,2022-04-27 22:01:00,64.0,EXPECTED_DAILY_MAINTENANCE,EXPECTED
2022-04-28 20:57:00,2022-04-28 22:01:00,64.0,EXPECTED_DAILY_MAINTENANCE,EXPECTED
2022-04-29 20:57:00,2022-05-01 22:05:00,2948.0,EXPECTED_WEEKEND_CLOSURE,EXPECTED
2022-05-02 20:57:00,2022-05-02 22:01:00,64.0,EXPECTED_DAILY_MAINTENANCE,EXPECTED
2022-05-03 20:57:00,2022-05-03 22:01:00,64.0,EXPECTED_DAILY_MAINTENANCE,EXPECTED
2022-05-04 19:12:00,2022-05-04 19:14:00,2.0,UNEXPECTED_SHORT_GAP,UNEXPECTED
2022-05-04 20:57:00,2022-05-04 22:01:00,64.0,EXPECTED_DAILY_MAINTENANCE,EXPECTED
2022-05-05 20:57:00,2022-05-05 22:01:00,64.0,EXPECTED_DAILY_MAINTENANCE,EXPECTED
2022-05-06 20:57:00,2022-05-08 22:05:00,2948.0,EXPECTED_WEEKEND_CLOSURE,EXPECTED
2022-05-09 20:57:00,2022-05-09 22:01:00,64.0,EXPECTED_DAILY_MAINTENANCE,EXPECTED
2022-05-10 20:57:00,2022-05-10 22:01:00,64.0,EXPECTED_DAILY_MAINTENANCE,EXPECTED
2022-05-11 20:57:00,2022-05-11 22:01:00,64.0,EXPECTED_DAILY_MAINTENANCE,EXPECTED
2022-05-12 20:57:00,2022-05-12 22:01:00,64.0,EXPECTED_DAILY_MAINTENANCE,EXPECTED
2022-05-13 20:57:00,2022-05-15 22:05:00,2948.0,EXPECTED_WEEKEND_CLOSURE,EXPECTED
2022-05-16 20:57:00,2022-05-16 22:01:00,64.0,EXPECTED_DAILY_MAINTENANCE,EXPECTED
2022-05-17 20:57:00,2022-05-17 22:01:00,64.0,EXPECTED_DAILY_MAINTENANCE,EXPECTED
2022-05-18 20:57:00,2022-05-18 22:01:00,64.0,EXPECTED_DAILY_MAINTENANCE,EXPECTED
2022-05-19 20:57:00,2022-05-19 22:01:00,64.0,EXPECTED_DAILY_MAINTENANCE,EXPECTED
2022-05-20 20:57:00,2022-05-22 22:05:00,2948.0,EXPECTED_WEEKEND_CLOSURE,EXPECTED
2022-05-23 20:57:00,2022-05-23 22:01:00,64.0,EXPECTED_DAILY_MAINTENANCE,EXPECTED
2022-05-24 20:57:00,2022-05-24 22:01:00,64.0,EXPECTED_DAILY_MAINTENANCE,EXPECTED
2022-05-25 20:57:00,2022-05-25 22:01:00,64.0,EXPECTED_DAILY_MAINTENANCE,EXPECTED
2022-05-26 20:57:00,2022-05-26 22:01:00,64.0,EXPECTED_DAILY_MAINTENANCE,EXPECTED
2022-05-27 20:57:00,2022-05-29 22:05:00,2948.0,EXPECTED_WEEKEND_CLOSURE,EXPECTED
2022-05-30 17:15:00,2022-05-30 22:01:00,286.0,UNEXPECTED_LONG_GAP,UNEXPECTED
2022-05-31 20:57:00,2022-05-31 22:01:00,64.0,EXPECTED_DAILY_MAINTENANCE,EXPECTED
2022-06-01 20:57:00,2022-06-01 22:01:00,64.0,EXPECTED_DAILY_MAINTENANCE,EXPECTED
2022-06-02 20:57:00,2022-06-02 22:01:00,64.0,EXPECTED_DAILY_MAINTENANCE,EXPECTED
2022-06-03 20:57:00,2022-06-05 22:05:00,2948.0,EXPECTED_WEEKEND_CLOSURE,EXPECTED
2022-06-06 20:57:00,2022-06-06 22:01:00,64.0,EXPECTED_DAILY_MAINTENANCE,EXPECTED
2022-06-07 20:57:00,2022-06-07 22:01:00,64.0,EXPECTED_DAILY_MAINTENANCE,EXPECTED
2022-06-08 20:57:00,2022-06-08 22:01:00,64.0,EXPECTED_DAILY_MAINTENANCE,EXPECTED
2022-06-09 20:57:00,2022-06-09 22:01:00,64.0,EXPECTED_DAILY_MAINTENANCE,EXPECTED
2022-06-10 20:57:00,2022-06-12 22:05:00,2948.0,EXPECTED_WEEKEND_CLOSURE,EXPECTED
2022-06-13 20:57:00,2022-06-13 22:01:00,64.0,EXPECTED_DAILY_MAINTENANCE,EXPECTED
2022-06-14 20:57:00,2022-06-14 22:01:00,64.0,EXPECTED_DAILY_MAINTENANCE,EXPECTED
2022-06-15 07:56:00,2022-06-15 07:58:00,2.0,UNEXPECTED_SHORT_GAP,UNEXPECTED
2022-06-15 20:57:00,2022-06-15 22:01:00,64.0,EXPECTED_DAILY_MAINTENANCE,EXPECTED
2022-06-16 20:57:00,2022-06-16 22:01:00,64.0,EXPECTED_DAILY_MAINTENANCE,EXPECTED
2022-06-17 20:57:00,2022-06-19 22:05:00,2948.0,EXPECTED_WEEKEND_CLOSURE,EXPECTED
2022-06-20 17:14:00,2022-06-20 22:01:00,287.0,UNEXPECTED_LONG_GAP,UNEXPECTED
2022-06-21 20:57:00,2022-06-21 22:01:00,64.0,EXPECTED_DAILY_MAINTENANCE,EXPECTED
2022-06-22 20:57:00,2022-06-22 22:01:00,64.0,EXPECTED_DAILY_MAINTENANCE,EXPECTED
2022-06-23 20:57:00,2022-06-23 22:01:00,64.0,EXPECTED_DAILY_MAINTENANCE,EXPECTED
2022-06-24 20:57:00,2022-06-26 22:05:00,2948.0,EXPECTED_WEEKEND_CLOSURE,EXPECTED
2022-06-27 20:57:00,2022-06-27 22:01:00,64.0,EXPECTED_DAILY_MAINTENANCE,EXPECTED
2022-06-28 20:57:00,2022-06-28 22:01:00,64.0,EXPECTED_DAILY_MAINTENANCE,EXPECTED
2022-06-29 20:57:00,2022-06-29 22:01:00,64.0,EXPECTED_DAILY_MAINTENANCE,EXPECTED
2022-06-30 20:57:00,2022-06-30 22:01:00,64.0,EXPECTED_DAILY_MAINTENANCE,EXPECTED
2022-07-01 20:57:00,2022-07-03 22:05:00,2948.0,EXPECTED_WEEKEND_CLOSURE,EXPECTED
2022-07-04 17:15:00,2022-07-04 22:01:00,286.0,UNEXPECTED_LONG_GAP,UNEXPECTED
2022-07-05 20:57:00,2022-07-05 22:01:00,64.0,EXPECTED_DAILY_MAINTENANCE,EXPECTED
2022-07-06 20:57:00,2022-07-06 22:01:00,64.0,EXPECTED_DAILY_MAINTENANCE,EXPECTED
2022-07-07 20:57:00,2022-07-07 22:01:00,64.0,EXPECTED_DAILY_MAINTENANCE,EXPECTED
2022-07-08 20:57:00,2022-07-10 22:05:00,2948.0,EXPECTED_WEEKEND_CLOSURE,EXPECTED
2022-07-11 20:57:00,2022-07-11 22:01:00,64.0,EXPECTED_DAILY_MAINTENANCE,EXPECTED
2022-07-12 20:57:00,2022-07-12 22:01:00,64.0,EXPECTED_DAILY_MAINTENANCE,EXPECTED
2022-07-13 20:57:00,2022-07-13 22:01:00,64.0,EXPECTED_DAILY_MAINTENANCE,EXPECTED
2022-07-14 20:57:00,2022-07-14 22:01:00,64.0,EXPECTED_DAILY_MAINTENANCE,EXPECTED
2022-07-15 20:57:00,2022-07-17 22:05:00,2948.0,EXPECTED_WEEKEND_CLOSURE,EXPECTED
2022-07-18 20:57:00,2022-07-18 22:01:00,64.0,EXPECTED_DAILY_MAINTENANCE,EXPECTED
2022-07-19 20:57:00,2022-07-19 22:01:00,64.0,EXPECTED_DAILY_MAINTENANCE,EXPECTED
2022-07-20 20:57:00,2022-07-20 22:01:00,64.0,EXPECTED_DAILY_MAINTENANCE,EXPECTED
2022-07-21 20:57:00,2022-07-21 22:01:00,64.0,EXPECTED_DAILY_MAINTENANCE,EXPECTED
2022-07-22 20:57:00,2022-07-24 22:05:00,2948.0,EXPECTED_WEEKEND_CLOSURE,EXPECTED
2022-07-25 20:57:00,2022-07-25 22:01:00,64.0,EXPECTED_DAILY_MAINTENANCE,EXPECTED
2022-07-26 20:57:00,2022-07-26 22:01:00,64.0,EXPECTED_DAILY_MAINTENANCE,EXPECTED
2022-07-27 19:16:00,2022-07-27 19:18:00,2.0,UNEXPECTED_SHORT_GAP,UNEXPECTED
2022-07-27 20:57:00,2022-07-27 22:01:00,64.0,EXPECTED_DAILY_MAINTENANCE,EXPECTED
2022-07-28 20:57:00,2022-07-28 22:01:00,64.0,EXPECTED_DAILY_MAINTENANCE,EXPECTED
2022-07-29 20:57:00,2022-07-31 22:05:00,2948.0,EXPECTED_WEEKEND_CLOSURE,EXPECTED
2022-08-01 20:57:00,2022-08-01 22:01:00,64.0,EXPECTED_DAILY_MAINTENANCE,EXPECTED
2022-08-02 20:57:00,2022-08-02 22:01:00,64.0,EXPECTED_DAILY_MAINTENANCE,EXPECTED
2022-08-03 20:57:00,2022-08-03 22:01:00,64.0,EXPECTED_DAILY_MAINTENANCE,EXPECTED
2022-08-04 20:57:00,2022-08-04 22:01:00,64.0,EXPECTED_DAILY_MAINTENANCE,EXPECTED
2022-08-05 20:57:00,2022-08-07 22:05:00,2948.0,EXPECTED_WEEKEND_CLOSURE,EXPECTED
2022-08-08 20:57:00,2022-08-08 22:01:00,64.0,EXPECTED_DAILY_MAINTENANCE,EXPECTED
2022-08-09 20:57:00,2022-08-09 22:01:00,64.0,EXPECTED_DAILY_MAINTENANCE,EXPECTED
2022-08-10 20:57:00,2022-08-10 22:01:00,64.0,EXPECTED_DAILY_MAINTENANCE,EXPECTED
2022-08-11 20:57:00,2022-08-11 22:01:00,64.0,EXPECTED_DAILY_MAINTENANCE,EXPECTED
2022-08-12 20:57:00,2022-08-14 22:05:00,2948.0,EXPECTED_WEEKEND_CLOSURE,EXPECTED
2022-08-15 20:57:00,2022-08-15 22:01:00,64.0,EXPECTED_DAILY_MAINTENANCE,EXPECTED
2022-08-16 20:57:00,2022-08-16 22:01:00,64.0,EXPECTED_DAILY_MAINTENANCE,EXPECTED
2022-08-17 20:57:00,2022-08-17 22:01:00,64.0,EXPECTED_DAILY_MAINTENANCE,EXPECTED
2022-08-18 20:57:00,2022-08-18 22:01:00,64.0,EXPECTED_DAILY_MAINTENANCE,EXPECTED
2022-08-19 20:57:00,2022-08-21 22:05:00,2948.0,EXPECTED_WEEKEND_CLOSURE,EXPECTED
2022-08-22 20:57:00,2022-08-22 22:01:00,64.0,EXPECTED_DAILY_MAINTENANCE,EXPECTED
2022-08-23 20:57:00,2022-08-23 22:01:00,64.0,EXPECTED_DAILY_MAINTENANCE,EXPECTED
2022-08-24 20:57:00,2022-08-24 22:01:00,64.0,EXPECTED_DAILY_MAINTENANCE,EXPECTED
2022-08-25 20:57:00,2022-08-25 22:01:00,64.0,EXPECTED_DAILY_MAINTENANCE,EXPECTED
2022-08-26 20:57:00,2022-08-28 22:05:00,2948.0,EXPECTED_WEEKEND_CLOSURE,EXPECTED
2022-08-29 20:57:00,2022-08-29 22:01:00,64.0,EXPECTED_DAILY_MAINTENANCE,EXPECTED
2022-08-30 20:57:00,2022-08-30 22:01:00,64.0,EXPECTED_DAILY_MAINTENANCE,EXPECTED
2022-08-31 20:57:00,2022-08-31 22:01:00,64.0,EXPECTED_DAILY_MAINTENANCE,EXPECTED
2022-09-01 20:57:00,2022-09-01 22:01:00,64.0,EXPECTED_DAILY_MAINTENANCE,EXPECTED
2022-09-02 20:57:00,2022-09-04 22:05:00,2948.0,EXPECTED_WEEKEND_CLOSURE,EXPECTED
2022-09-05 17:15:00,2022-09-05 22:01:00,286.0,UNEXPECTED_LONG_GAP,UNEXPECTED
2022-09-06 20:57:00,2022-09-06 22:01:00,64.0,EXPECTED_DAILY_MAINTENANCE,EXPECTED
2022-09-07 20:57:00,2022-09-07 22:01:00,64.0,EXPECTED_DAILY_MAINTENANCE,EXPECTED
2022-09-08 20:57:00,2022-09-08 22:01:00,64.0,EXPECTED_DAILY_MAINTENANCE,EXPECTED
2022-09-09 20:57:00,2022-09-11 22:05:00,2948.0,EXPECTED_WEEKEND_CLOSURE,EXPECTED
2022-09-12 20:42:00,2022-09-12 20:44:00,2.0,UNEXPECTED_SHORT_GAP,UNEXPECTED
2022-09-12 20:57:00,2022-09-12 22:01:00,64.0,EXPECTED_DAILY_MAINTENANCE,EXPECTED
2022-09-13 20:57:00,2022-09-13 22:01:00,64.0,EXPECTED_DAILY_MAINTENANCE,EXPECTED
2022-09-14 20:57:00,2022-09-14 22:01:00,64.0,EXPECTED_DAILY_MAINTENANCE,EXPECTED
2022-09-15 20:57:00,2022-09-15 22:01:00,64.0,EXPECTED_DAILY_MAINTENANCE,EXPECTED
2022-09-16 20:57:00,2022-09-18 22:05:00,2948.0,EXPECTED_WEEKEND_CLOSURE,EXPECTED
2022-09-19 20:57:00,2022-09-19 22:01:00,64.0,EXPECTED_DAILY_MAINTENANCE,EXPECTED
2022-09-20 20:57:00,2022-09-20 22:01:00,64.0,EXPECTED_DAILY_MAINTENANCE,EXPECTED
2022-09-21 20:57:00,2022-09-21 22:01:00,64.0,EXPECTED_DAILY_MAINTENANCE,EXPECTED
2022-09-22 20:57:00,2022-09-22 22:01:00,64.0,EXPECTED_DAILY_MAINTENANCE,EXPECTED
2022-09-23 20:57:00,2022-09-25 22:05:00,2948.0,EXPECTED_WEEKEND_CLOSURE,EXPECTED
2022-09-26 20:57:00,2022-09-26 22:01:00,64.0,EXPECTED_DAILY_MAINTENANCE,EXPECTED
2022-09-27 20:57:00,2022-09-27 22:01:00,64.0,EXPECTED_DAILY_MAINTENANCE,EXPECTED
2022-09-28 20:57:00,2022-09-28 22:01:00,64.0,EXPECTED_DAILY_MAINTENANCE,EXPECTED
2022-09-29 20:57:00,2022-09-29 22:01:00,64.0,EXPECTED_DAILY_MAINTENANCE,EXPECTED
2022-09-30 20:57:00,2022-10-02 22:05:00,2948.0,EXPECTED_WEEKEND_CLOSURE,EXPECTED
2022-10-03 20:57:00,2022-10-03 22:01:00,64.0,EXPECTED_DAILY_MAINTENANCE,EXPECTED
2022-10-04 20:57:00,2022-10-04 22:01:00,64.0,EXPECTED_DAILY_MAINTENANCE,EXPECTED
2022-10-05 20:57:00,2022-10-05 22:01:00,64.0,EXPECTED_DAILY_MAINTENANCE,EXPECTED
2022-10-06 20:57:00,2022-10-06 22:01:00,64.0,EXPECTED_DAILY_MAINTENANCE,EXPECTED
2022-10-07 20:57:00,2022-10-09 22:05:00,2948.0,EXPECTED_WEEKEND_CLOSURE,EXPECTED
2022-10-10 20:57:00,2022-10-10 22:01:00,64.0,EXPECTED_DAILY_MAINTENANCE,EXPECTED
2022-10-11 20:57:00,2022-10-11 22:01:00,64.0,EXPECTED_DAILY_MAINTENANCE,EXPECTED
2022-10-12 20:57:00,2022-10-12 22:01:00,64.0,EXPECTED_DAILY_MAINTENANCE,EXPECTED
2022-10-13 20:57:00,2022-10-13 22:01:00,64.0,EXPECTED_DAILY_MAINTENANCE,EXPECTED
2022-10-14 20:57:00,2022-10-16 22:05:00,2948.0,EXPECTED_WEEKEND_CLOSURE,EXPECTED
2022-10-17 20:57:00,2022-10-17 22:01:00,64.0,EXPECTED_DAILY_MAINTENANCE,EXPECTED
2022-10-18 20:57:00,2022-10-18 22:01:00,64.0,EXPECTED_DAILY_MAINTENANCE,EXPECTED
2022-10-19 20:57:00,2022-10-19 22:01:00,64.0,EXPECTED_DAILY_MAINTENANCE,EXPECTED
2022-10-20 20:57:00,2022-10-20 22:01:00,64.0,EXPECTED_DAILY_MAINTENANCE,EXPECTED
2022-10-21 20:57:00,2022-10-23 22:05:00,2948.0,EXPECTED_WEEKEND_CLOSURE,EXPECTED
2022-10-24 20:57:00,2022-10-24 22:01:00,64.0,EXPECTED_DAILY_MAINTENANCE,EXPECTED
2022-10-25 20:57:00,2022-10-25 22:01:00,64.0,EXPECTED_DAILY_MAINTENANCE,EXPECTED
2022-10-26 20:57:00,2022-10-26 22:01:00,64.0,EXPECTED_DAILY_MAINTENANCE,EXPECTED
2022-10-27 20:57:00,2022-10-27 22:01:00,64.0,EXPECTED_DAILY_MAINTENANCE,EXPECTED
2022-10-28 20:57:00,2022-10-30 22:05:00,2948.0,EXPECTED_WEEKEND_CLOSURE,EXPECTED
2022-10-31 20:57:00,2022-10-31 22:01:00,64.0,EXPECTED_DAILY_MAINTENANCE,EXPECTED
2022-11-01 20:57:00,2022-11-01 22:01:00,64.0,EXPECTED_DAILY_MAINTENANCE,EXPECTED
2022-11-02 20:57:00,2022-11-02 22:01:00,64.0,EXPECTED_DAILY_MAINTENANCE,EXPECTED
2022-11-03 20:57:00,2022-11-03 22:01:00,64.0,EXPECTED_DAILY_MAINTENANCE,EXPECTED
2022-11-04 20:57:00,2022-11-06 23:05:00,3008.0,EXPECTED_WEEKEND_CLOSURE,EXPECTED
2022-11-07 12:19:00,2022-11-07 12:21:00,2.0,UNEXPECTED_SHORT_GAP,UNEXPECTED
2022-11-07 21:57:00,2022-11-07 23:01:00,64.0,EXPECTED_DAILY_MAINTENANCE,EXPECTED
2022-11-08 21:57:00,2022-11-08 23:01:00,64.0,EXPECTED_DAILY_MAINTENANCE,EXPECTED
2022-11-09 21:57:00,2022-11-09 23:01:00,64.0,EXPECTED_DAILY_MAINTENANCE,EXPECTED
2022-11-10 21:57:00,2022-11-10 23:01:00,64.0,EXPECTED_DAILY_MAINTENANCE,EXPECTED
2022-11-11 21:57:00,2022-11-13 23:05:00,2948.0,EXPECTED_WEEKEND_CLOSURE,EXPECTED
2022-11-14 21:57:00,2022-11-14 23:01:00,64.0,EXPECTED_DAILY_MAINTENANCE,EXPECTED
2022-11-15 21:57:00,2022-11-15 23:01:00,64.0,EXPECTED_DAILY_MAINTENANCE,EXPECTED
2022-11-16 21:57:00,2022-11-16 23:01:00,64.0,EXPECTED_DAILY_MAINTENANCE,EXPECTED
2022-11-17 21:57:00,2022-11-17 23:01:00,64.0,EXPECTED_DAILY_MAINTENANCE,EXPECTED
2022-11-18 21:57:00,2022-11-20 23:05:00,2948.0,EXPECTED_WEEKEND_CLOSURE,EXPECTED
2022-11-21 21:57:00,2022-11-21 23:01:00,64.0,EXPECTED_DAILY_MAINTENANCE,EXPECTED
2022-11-22 21:57:00,2022-11-22 23:01:00,64.0,EXPECTED_DAILY_MAINTENANCE,EXPECTED
2022-11-23 21:57:00,2022-11-23 23:01:00,64.0,EXPECTED_DAILY_MAINTENANCE,EXPECTED
2022-11-24 18:47:00,2022-11-24 18:49:00,2.0,UNEXPECTED_SHORT_GAP,UNEXPECTED
2022-11-24 19:26:00,2022-11-24 19:28:00,2.0,UNEXPECTED_SHORT_GAP,UNEXPECTED
2022-11-24 19:30:00,2022-11-24 23:01:00,211.0,UNEXPECTED_LONG_GAP,UNEXPECTED
2022-11-25 18:29:00,2022-11-27 23:05:00,3156.0,EXPECTED_WEEKEND_CLOSURE,EXPECTED
2022-11-28 21:57:00,2022-11-28 23:01:00,64.0,EXPECTED_DAILY_MAINTENANCE,EXPECTED
2022-11-29 21:57:00,2022-11-29 23:01:00,64.0,EXPECTED_DAILY_MAINTENANCE,EXPECTED
2022-11-30 21:57:00,2022-11-30 23:01:00,64.0,EXPECTED_DAILY_MAINTENANCE,EXPECTED
2022-12-01 21:57:00,2022-12-01 23:01:00,64.0,EXPECTED_DAILY_MAINTENANCE,EXPECTED
2022-12-02 21:57:00,2022-12-04 23:05:00,2948.0,EXPECTED_WEEKEND_CLOSURE,EXPECTED
2022-12-05 21:57:00,2022-12-05 23:01:00,64.0,EXPECTED_DAILY_MAINTENANCE,EXPECTED
2022-12-06 21:57:00,2022-12-06 23:01:00,64.0,EXPECTED_DAILY_MAINTENANCE,EXPECTED
2022-12-07 21:57:00,2022-12-07 23:01:00,64.0,EXPECTED_DAILY_MAINTENANCE,EXPECTED
2022-12-08 21:57:00,2022-12-08 23:01:00,64.0,EXPECTED_DAILY_MAINTENANCE,EXPECTED
2022-12-09 21:57:00,2022-12-11 23:05:00,2948.0,EXPECTED_WEEKEND_CLOSURE,EXPECTED
2022-12-12 21:57:00,2022-12-12 23:01:00,64.0,EXPECTED_DAILY_MAINTENANCE,EXPECTED
2022-12-13 21:57:00,2022-12-13 23:01:00,64.0,EXPECTED_DAILY_MAINTENANCE,EXPECTED
2022-12-14 21:57:00,2022-12-14 23:01:00,64.0,EXPECTED_DAILY_MAINTENANCE,EXPECTED
2022-12-15 21:57:00,2022-12-15 23:01:00,64.0,EXPECTED_DAILY_MAINTENANCE,EXPECTED
2022-12-16 21:57:00,2022-12-18 23:05:00,2948.0,EXPECTED_WEEKEND_CLOSURE,EXPECTED
2022-12-19 21:57:00,2022-12-19 23:01:00,64.0,EXPECTED_DAILY_MAINTENANCE,EXPECTED
2022-12-20 21:57:00,2022-12-20 23:01:00,64.0,EXPECTED_DAILY_MAINTENANCE,EXPECTED
2022-12-21 21:57:00,2022-12-21 23:01:00,64.0,EXPECTED_DAILY_MAINTENANCE,EXPECTED
2022-12-22 21:57:00,2022-12-23 00:17:00,140.0,UNEXPECTED_LONG_GAP,UNEXPECTED
2022-12-23 21:57:00,2022-12-26 23:01:00,4384.0,EXPECTED_WEEKEND_CLOSURE,EXPECTED
2022-12-27 21:57:00,2022-12-27 23:01:00,64.0,EXPECTED_DAILY_MAINTENANCE,EXPECTED
2022-12-28 21:57:00,2022-12-28 23:01:00,64.0,EXPECTED_DAILY_MAINTENANCE,EXPECTED
2022-12-29 21:57:00,2022-12-29 23:01:00,64.0,EXPECTED_DAILY_MAINTENANCE,EXPECTED
2022-12-30 21:57:00,2023-01-02 23:01:00,4384.0,EXPECTED_WEEKEND_CLOSURE,EXPECTED
2023-01-03 21:57:00,2023-01-03 23:01:00,64.0,EXPECTED_DAILY_MAINTENANCE,EXPECTED
2023-01-04 21:57:00,2023-01-04 23:01:00,64.0,EXPECTED_DAILY_MAINTENANCE,EXPECTED
2023-01-05 21:57:00,2023-01-05 23:01:00,64.0,EXPECTED_DAILY_MAINTENANCE,EXPECTED
2023-01-06 21:57:00,2023-01-08 23:05:00,2948.0,EXPECTED_WEEKEND_CLOSURE,EXPECTED
2023-01-09 21:57:00,2023-01-09 23:01:00,64.0,EXPECTED_DAILY_MAINTENANCE,EXPECTED
2023-01-10 21:57:00,2023-01-10 23:01:00,64.0,EXPECTED_DAILY_MAINTENANCE,EXPECTED
2023-01-11 21:57:00,2023-01-11 23:01:00,64.0,EXPECTED_DAILY_MAINTENANCE,EXPECTED
2023-01-12 21:57:00,2023-01-12 23:01:00,64.0,EXPECTED_DAILY_MAINTENANCE,EXPECTED
2023-01-13 21:57:00,2023-01-15 23:05:00,2948.0,EXPECTED_WEEKEND_CLOSURE,EXPECTED
2023-01-16 19:29:00,2023-01-16 23:01:00,212.0,UNEXPECTED_LONG_GAP,UNEXPECTED
2023-01-17 21:57:00,2023-01-17 23:01:00,64.0,EXPECTED_DAILY_MAINTENANCE,EXPECTED
2023-01-18 21:57:00,2023-01-18 23:01:00,64.0,EXPECTED_DAILY_MAINTENANCE,EXPECTED
2023-01-19 21:57:00,2023-01-19 23:01:00,64.0,EXPECTED_DAILY_MAINTENANCE,EXPECTED
2023-01-20 21:57:00,2023-01-22 23:05:00,2948.0,EXPECTED_WEEKEND_CLOSURE,EXPECTED
2023-01-23 21:57:00,2023-01-23 23:01:00,64.0,EXPECTED_DAILY_MAINTENANCE,EXPECTED
2023-01-24 21:57:00,2023-01-24 23:01:00,64.0,EXPECTED_DAILY_MAINTENANCE,EXPECTED
2023-01-25 21:57:00,2023-01-25 23:01:00,64.0,EXPECTED_DAILY_MAINTENANCE,EXPECTED
2023-01-26 21:57:00,2023-01-26 23:01:00,64.0,EXPECTED_DAILY_MAINTENANCE,EXPECTED
2023-01-27 21:57:00,2023-01-29 23:05:00,2948.0,EXPECTED_WEEKEND_CLOSURE,EXPECTED
2023-01-30 21:57:00,2023-01-30 23:01:00,64.0,EXPECTED_DAILY_MAINTENANCE,EXPECTED
2023-01-31 21:57:00,2023-01-31 23:01:00,64.0,EXPECTED_DAILY_MAINTENANCE,EXPECTED
2023-02-01 21:57:00,2023-02-01 23:01:00,64.0,EXPECTED_DAILY_MAINTENANCE,EXPECTED
2023-02-02 21:57:00,2023-02-02 23:01:00,64.0,EXPECTED_DAILY_MAINTENANCE,EXPECTED
2023-02-03 16:13:00,2023-02-03 16:15:00,2.0,UNEXPECTED_SHORT_GAP,UNEXPECTED
2023-02-03 16:36:00,2023-02-03 16:38:00,2.0,UNEXPECTED_SHORT_GAP,UNEXPECTED
2023-02-03 21:57:00,2023-02-05 23:05:00,2948.0,EXPECTED_WEEKEND_CLOSURE,EXPECTED
2023-02-06 02:44:00,2023-02-06 02:46:00,2.0,UNEXPECTED_SHORT_GAP,UNEXPECTED
2023-02-06 02:52:00,2023-02-06 02:55:00,3.0,UNEXPECTED_SHORT_GAP,UNEXPECTED
2023-02-06 10:58:00,2023-02-06 11:00:00,2.0,UNEXPECTED_SHORT_GAP,UNEXPECTED
2023-02-06 11:15:00,2023-02-06 11:17:00,2.0,UNEXPECTED_SHORT_GAP,UNEXPECTED
2023-02-06 15:46:00,2023-02-06 15:48:00,2.0,UNEXPECTED_SHORT_GAP,UNEXPECTED
2023-02-06 16:07:00,2023-02-06 16:09:00,2.0,UNEXPECTED_SHORT_GAP,UNEXPECTED
2023-02-06 21:57:00,2023-02-06 23:01:00,64.0,EXPECTED_DAILY_MAINTENANCE,EXPECTED
2023-02-07 21:57:00,2023-02-07 23:01:00,64.0,EXPECTED_DAILY_MAINTENANCE,EXPECTED
2023-02-08 21:57:00,2023-02-08 23:01:00,64.0,EXPECTED_DAILY_MAINTENANCE,EXPECTED
2023-02-09 21:57:00,2023-02-09 23:01:00,64.0,EXPECTED_DAILY_MAINTENANCE,EXPECTED
2023-02-10 21:57:00,2023-02-12 23:05:00,2948.0,EXPECTED_WEEKEND_CLOSURE,EXPECTED
2023-02-13 21:57:00,2023-02-13 23:01:00,64.0,EXPECTED_DAILY_MAINTENANCE,EXPECTED
2023-02-14 21:57:00,2023-02-14 23:01:00,64.0,EXPECTED_DAILY_MAINTENANCE,EXPECTED
2023-02-15 21:57:00,2023-02-15 23:01:00,64.0,EXPECTED_DAILY_MAINTENANCE,EXPECTED
2023-02-16 21:57:00,2023-02-16 23:01:00,64.0,EXPECTED_DAILY_MAINTENANCE,EXPECTED
2023-02-17 21:57:00,2023-02-19 23:05:00,2948.0,EXPECTED_WEEKEND_CLOSURE,EXPECTED
2023-02-20 19:14:00,2023-02-20 23:01:00,227.0,UNEXPECTED_LONG_GAP,UNEXPECTED
2023-02-21 21:57:00,2023-02-21 23:01:00,64.0,EXPECTED_DAILY_MAINTENANCE,EXPECTED
2023-02-22 21:57:00,2023-02-22 23:01:00,64.0,EXPECTED_DAILY_MAINTENANCE,EXPECTED
2023-02-23 21:57:00,2023-02-23 23:01:00,64.0,EXPECTED_DAILY_MAINTENANCE,EXPECTED
2023-02-24 21:57:00,2023-02-26 23:05:00,2948.0,EXPECTED_WEEKEND_CLOSURE,EXPECTED
2023-02-27 21:57:00,2023-02-27 23:01:00,64.0,EXPECTED_DAILY_MAINTENANCE,EXPECTED
2023-02-28 21:57:00,2023-02-28 23:01:00,64.0,EXPECTED_DAILY_MAINTENANCE,EXPECTED
2023-03-01 21:48:00,2023-03-01 21:50:00,2.0,UNEXPECTED_SHORT_GAP,UNEXPECTED
2023-03-01 21:57:00,2023-03-01 23:01:00,64.0,EXPECTED_DAILY_MAINTENANCE,EXPECTED
2023-03-02 21:57:00,2023-03-02 23:01:00,64.0,EXPECTED_DAILY_MAINTENANCE,EXPECTED
2023-03-03 21:57:00,2023-03-05 23:05:00,2948.0,EXPECTED_WEEKEND_CLOSURE,EXPECTED
2023-03-06 21:57:00,2023-03-06 23:01:00,64.0,EXPECTED_DAILY_MAINTENANCE,EXPECTED
2023-03-07 21:57:00,2023-03-07 23:01:00,64.0,EXPECTED_DAILY_MAINTENANCE,EXPECTED
2023-03-08 21:57:00,2023-03-08 23:01:00,64.0,EXPECTED_DAILY_MAINTENANCE,EXPECTED
2023-03-09 21:57:00,2023-03-09 23:01:00,64.0,EXPECTED_DAILY_MAINTENANCE,EXPECTED
2023-03-10 21:57:00,2023-03-12 22:05:00,2888.0,EXPECTED_WEEKEND_CLOSURE,EXPECTED
2023-03-13 20:57:00,2023-03-13 22:01:00,64.0,EXPECTED_DAILY_MAINTENANCE,EXPECTED
2023-03-14 20:57:00,2023-03-14 22:01:00,64.0,EXPECTED_DAILY_MAINTENANCE,EXPECTED
2023-03-15 20:57:00,2023-03-15 23:01:00,124.0,UNEXPECTED_LONG_GAP,UNEXPECTED
2023-03-16 16:15:00,2023-03-16 16:29:00,14.0,UNEXPECTED_INTRADAY_GAP,UNEXPECTED
2023-03-16 20:57:00,2023-03-16 22:01:00,64.0,EXPECTED_DAILY_MAINTENANCE,EXPECTED
2023-03-17 20:57:00,2023-03-19 22:05:00,2948.0,EXPECTED_WEEKEND_CLOSURE,EXPECTED
2023-03-20 20:57:00,2023-03-20 22:01:00,64.0,EXPECTED_DAILY_MAINTENANCE,EXPECTED
2023-03-21 20:57:00,2023-03-21 22:01:00,64.0,EXPECTED_DAILY_MAINTENANCE,EXPECTED
2023-03-22 20:57:00,2023-03-22 22:01:00,64.0,EXPECTED_DAILY_MAINTENANCE,EXPECTED
2023-03-23 20:57:00,2023-03-23 22:01:00,64.0,EXPECTED_DAILY_MAINTENANCE,EXPECTED
2023-03-24 20:57:00,2023-03-26 22:05:00,2948.0,EXPECTED_WEEKEND_CLOSURE,EXPECTED
2023-03-27 20:57:00,2023-03-27 22:01:00,64.0,EXPECTED_DAILY_MAINTENANCE,EXPECTED
2023-03-28 20:57:00,2023-03-28 22:01:00,64.0,EXPECTED_DAILY_MAINTENANCE,EXPECTED
2023-03-29 20:57:00,2023-03-29 22:01:00,64.0,EXPECTED_DAILY_MAINTENANCE,EXPECTED
2023-03-30 20:57:00,2023-03-30 22:01:00,64.0,EXPECTED_DAILY_MAINTENANCE,EXPECTED
2023-03-31 20:57:00,2023-04-02 22:05:00,2948.0,EXPECTED_WEEKEND_CLOSURE,EXPECTED
2023-04-03 07:21:00,2023-04-03 07:41:00,20.0,UNEXPECTED_INTRADAY_GAP,UNEXPECTED
2023-04-03 20:57:00,2023-04-03 22:01:00,64.0,EXPECTED_DAILY_MAINTENANCE,EXPECTED
2023-04-04 20:57:00,2023-04-04 22:01:00,64.0,EXPECTED_DAILY_MAINTENANCE,EXPECTED
2023-04-05 20:57:00,2023-04-05 22:01:00,64.0,EXPECTED_DAILY_MAINTENANCE,EXPECTED
2023-04-06 20:57:00,2023-04-09 22:05:00,4388.0,EXPECTED_WEEKEND_CLOSURE,EXPECTED
2023-04-10 20:57:00,2023-04-10 22:01:00,64.0,EXPECTED_DAILY_MAINTENANCE,EXPECTED
2023-04-11 20:57:00,2023-04-11 22:01:00,64.0,EXPECTED_DAILY_MAINTENANCE,EXPECTED
2023-04-12 20:57:00,2023-04-12 22:01:00,64.0,EXPECTED_DAILY_MAINTENANCE,EXPECTED
2023-04-13 20:57:00,2023-04-13 22:01:00,64.0,EXPECTED_DAILY_MAINTENANCE,EXPECTED
2023-04-14 20:57:00,2023-04-16 22:05:00,2948.0,EXPECTED_WEEKEND_CLOSURE,EXPECTED
2023-04-17 20:57:00,2023-04-17 22:01:00,64.0,EXPECTED_DAILY_MAINTENANCE,EXPECTED
2023-04-18 20:57:00,2023-04-18 22:01:00,64.0,EXPECTED_DAILY_MAINTENANCE,EXPECTED
2023-04-19 20:57:00,2023-04-19 22:01:00,64.0,EXPECTED_DAILY_MAINTENANCE,EXPECTED
2023-04-20 20:57:00,2023-04-20 22:01:00,64.0,EXPECTED_DAILY_MAINTENANCE,EXPECTED
2023-04-21 20:57:00,2023-04-23 22:05:00,2948.0,EXPECTED_WEEKEND_CLOSURE,EXPECTED
2023-04-24 20:57:00,2023-04-24 22:01:00,64.0,EXPECTED_DAILY_MAINTENANCE,EXPECTED
2023-04-25 20:57:00,2023-04-25 22:01:00,64.0,EXPECTED_DAILY_MAINTENANCE,EXPECTED
2023-04-26 20:57:00,2023-04-26 22:01:00,64.0,EXPECTED_DAILY_MAINTENANCE,EXPECTED
2023-04-27 20:57:00,2023-04-27 22:01:00,64.0,EXPECTED_DAILY_MAINTENANCE,EXPECTED
2023-04-28 20:57:00,2023-04-30 22:05:00,2948.0,EXPECTED_WEEKEND_CLOSURE,EXPECTED
2023-05-01 20:57:00,2023-05-01 22:01:00,64.0,EXPECTED_DAILY_MAINTENANCE,EXPECTED
2023-05-02 20:57:00,2023-05-02 22:01:00,64.0,EXPECTED_DAILY_MAINTENANCE,EXPECTED
2023-05-03 20:57:00,2023-05-03 22:01:00,64.0,EXPECTED_DAILY_MAINTENANCE,EXPECTED
2023-05-04 20:57:00,2023-05-04 22:01:00,64.0,EXPECTED_DAILY_MAINTENANCE,EXPECTED
2023-05-05 20:57:00,2023-05-07 22:05:00,2948.0,EXPECTED_WEEKEND_CLOSURE,EXPECTED
2023-05-08 20:57:00,2023-05-08 22:01:00,64.0,EXPECTED_DAILY_MAINTENANCE,EXPECTED
2023-05-09 20:57:00,2023-05-09 22:01:00,64.0,EXPECTED_DAILY_MAINTENANCE,EXPECTED
2023-05-10 20:57:00,2023-05-10 22:01:00,64.0,EXPECTED_DAILY_MAINTENANCE,EXPECTED
2023-05-11 20:57:00,2023-05-11 22:01:00,64.0,EXPECTED_DAILY_MAINTENANCE,EXPECTED
2023-05-12 20:57:00,2023-05-14 22:05:00,2948.0,EXPECTED_WEEKEND_CLOSURE,EXPECTED
2023-05-15 20:57:00,2023-05-15 22:01:00,64.0,EXPECTED_DAILY_MAINTENANCE,EXPECTED
2023-05-16 20:57:00,2023-05-16 22:01:00,64.0,EXPECTED_DAILY_MAINTENANCE,EXPECTED
2023-05-17 20:57:00,2023-05-17 22:01:00,64.0,EXPECTED_DAILY_MAINTENANCE,EXPECTED
2023-05-18 20:57:00,2023-05-18 22:01:00,64.0,EXPECTED_DAILY_MAINTENANCE,EXPECTED
2023-05-19 20:57:00,2023-05-21 22:05:00,2948.0,EXPECTED_WEEKEND_CLOSURE,EXPECTED
2023-05-22 20:57:00,2023-05-22 22:01:00,64.0,EXPECTED_DAILY_MAINTENANCE,EXPECTED
2023-05-23 20:57:00,2023-05-23 22:01:00,64.0,EXPECTED_DAILY_MAINTENANCE,EXPECTED
2023-05-24 20:57:00,2023-05-24 22:01:00,64.0,EXPECTED_DAILY_MAINTENANCE,EXPECTED
2023-05-25 20:57:00,2023-05-25 22:01:00,64.0,EXPECTED_DAILY_MAINTENANCE,EXPECTED
2023-05-26 20:57:00,2023-05-28 22:05:00,2948.0,EXPECTED_WEEKEND_CLOSURE,EXPECTED
2023-05-29 17:13:00,2023-05-29 22:01:00,288.0,UNEXPECTED_LONG_GAP,UNEXPECTED
2023-05-29 23:58:00,2023-05-30 00:00:00,2.0,EXPECTED_DAILY_ROLLOVER,EXPECTED
2023-05-30 20:57:00,2023-05-30 22:01:00,64.0,EXPECTED_DAILY_MAINTENANCE,EXPECTED
2023-05-31 20:57:00,2023-05-31 22:01:00,64.0,EXPECTED_DAILY_MAINTENANCE,EXPECTED
2023-06-01 20:57:00,2023-06-01 22:01:00,64.0,EXPECTED_DAILY_MAINTENANCE,EXPECTED
2023-06-02 20:57:00,2023-06-04 22:05:00,2948.0,EXPECTED_WEEKEND_CLOSURE,EXPECTED
2023-06-05 20:57:00,2023-06-05 22:01:00,64.0,EXPECTED_DAILY_MAINTENANCE,EXPECTED
2023-06-06 20:57:00,2023-06-06 22:01:00,64.0,EXPECTED_DAILY_MAINTENANCE,EXPECTED
2023-06-07 20:57:00,2023-06-07 22:01:00,64.0,EXPECTED_DAILY_MAINTENANCE,EXPECTED
2023-06-08 20:57:00,2023-06-08 22:01:00,64.0,EXPECTED_DAILY_MAINTENANCE,EXPECTED
2023-06-09 20:57:00,2023-06-11 22:05:00,2948.0,EXPECTED_WEEKEND_CLOSURE,EXPECTED
2023-06-12 20:57:00,2023-06-12 22:01:00,64.0,EXPECTED_DAILY_MAINTENANCE,EXPECTED
2023-06-13 20:57:00,2023-06-13 22:01:00,64.0,EXPECTED_DAILY_MAINTENANCE,EXPECTED
2023-06-14 20:57:00,2023-06-14 22:01:00,64.0,EXPECTED_DAILY_MAINTENANCE,EXPECTED
2023-06-15 20:57:00,2023-06-15 22:01:00,64.0,EXPECTED_DAILY_MAINTENANCE,EXPECTED
2023-06-16 20:57:00,2023-06-18 22:05:00,2948.0,EXPECTED_WEEKEND_CLOSURE,EXPECTED
2023-06-19 17:13:00,2023-06-19 22:01:00,288.0,UNEXPECTED_LONG_GAP,UNEXPECTED
2023-06-19 23:58:00,2023-06-20 00:00:00,2.0,EXPECTED_DAILY_ROLLOVER,EXPECTED
2023-06-20 20:57:00,2023-06-20 22:01:00,64.0,EXPECTED_DAILY_MAINTENANCE,EXPECTED
2023-06-21 20:57:00,2023-06-21 22:01:00,64.0,EXPECTED_DAILY_MAINTENANCE,EXPECTED
2023-06-22 20:57:00,2023-06-22 22:01:00,64.0,EXPECTED_DAILY_MAINTENANCE,EXPECTED
2023-06-23 20:57:00,2023-06-25 22:05:00,2948.0,EXPECTED_WEEKEND_CLOSURE,EXPECTED
2023-06-26 20:57:00,2023-06-26 22:01:00,64.0,EXPECTED_DAILY_MAINTENANCE,EXPECTED
2023-06-27 20:57:00,2023-06-27 22:01:00,64.0,EXPECTED_DAILY_MAINTENANCE,EXPECTED
2023-06-28 20:57:00,2023-06-28 22:01:00,64.0,EXPECTED_DAILY_MAINTENANCE,EXPECTED
2023-06-29 20:57:00,2023-06-29 22:01:00,64.0,EXPECTED_DAILY_MAINTENANCE,EXPECTED
2023-06-30 20:57:00,2023-07-02 22:05:00,2948.0,EXPECTED_WEEKEND_CLOSURE,EXPECTED
2023-07-03 20:57:00,2023-07-03 22:01:00,64.0,EXPECTED_DAILY_MAINTENANCE,EXPECTED
2023-07-04 18:13:00,2023-07-04 22:01:00,228.0,UNEXPECTED_LONG_GAP,UNEXPECTED
2023-07-04 23:58:00,2023-07-05 00:00:00,2.0,EXPECTED_DAILY_ROLLOVER,EXPECTED
2023-07-05 20:57:00,2023-07-05 22:01:00,64.0,EXPECTED_DAILY_MAINTENANCE,EXPECTED
2023-07-06 20:57:00,2023-07-06 22:01:00,64.0,EXPECTED_DAILY_MAINTENANCE,EXPECTED
2023-07-07 20:57:00,2023-07-09 22:05:00,2948.0,EXPECTED_WEEKEND_CLOSURE,EXPECTED
2023-07-10 20:57:00,2023-07-10 22:01:00,64.0,EXPECTED_DAILY_MAINTENANCE,EXPECTED
2023-07-11 20:57:00,2023-07-11 22:01:00,64.0,EXPECTED_DAILY_MAINTENANCE,EXPECTED
2023-07-12 20:57:00,2023-07-12 22:01:00,64.0,EXPECTED_DAILY_MAINTENANCE,EXPECTED
2023-07-13 20:57:00,2023-07-13 22:01:00,64.0,EXPECTED_DAILY_MAINTENANCE,EXPECTED
2023-07-14 20:57:00,2023-07-16 22:05:00,2948.0,EXPECTED_WEEKEND_CLOSURE,EXPECTED
2023-07-17 20:57:00,2023-07-17 22:01:00,64.0,EXPECTED_DAILY_MAINTENANCE,EXPECTED
2023-07-18 20:57:00,2023-07-18 22:01:00,64.0,EXPECTED_DAILY_MAINTENANCE,EXPECTED
2023-07-19 20:57:00,2023-07-19 22:01:00,64.0,EXPECTED_DAILY_MAINTENANCE,EXPECTED
2023-07-20 20:57:00,2023-07-20 22:01:00,64.0,EXPECTED_DAILY_MAINTENANCE,EXPECTED
2023-07-21 20:57:00,2023-07-23 22:05:00,2948.0,EXPECTED_WEEKEND_CLOSURE,EXPECTED
2023-07-24 20:57:00,2023-07-24 22:01:00,64.0,EXPECTED_DAILY_MAINTENANCE,EXPECTED
2023-07-25 20:57:00,2023-07-25 22:01:00,64.0,EXPECTED_DAILY_MAINTENANCE,EXPECTED
2023-07-26 20:57:00,2023-07-26 22:01:00,64.0,EXPECTED_DAILY_MAINTENANCE,EXPECTED
2023-07-27 20:57:00,2023-07-27 22:01:00,64.0,EXPECTED_DAILY_MAINTENANCE,EXPECTED
2023-07-28 20:57:00,2023-07-30 22:05:00,2948.0,EXPECTED_WEEKEND_CLOSURE,EXPECTED
2023-07-31 20:57:00,2023-07-31 22:01:00,64.0,EXPECTED_DAILY_MAINTENANCE,EXPECTED
2023-08-01 20:57:00,2023-08-01 22:01:00,64.0,EXPECTED_DAILY_MAINTENANCE,EXPECTED
2023-08-02 20:57:00,2023-08-02 22:01:00,64.0,EXPECTED_DAILY_MAINTENANCE,EXPECTED
2023-08-03 20:57:00,2023-08-03 22:01:00,64.0,EXPECTED_DAILY_MAINTENANCE,EXPECTED
2023-08-04 20:57:00,2023-08-06 22:05:00,2948.0,EXPECTED_WEEKEND_CLOSURE,EXPECTED
2023-08-07 20:57:00,2023-08-07 22:01:00,64.0,EXPECTED_DAILY_MAINTENANCE,EXPECTED
2023-08-08 20:57:00,2023-08-08 22:01:00,64.0,EXPECTED_DAILY_MAINTENANCE,EXPECTED
2023-08-09 20:57:00,2023-08-09 22:01:00,64.0,EXPECTED_DAILY_MAINTENANCE,EXPECTED
2023-08-10 20:57:00,2023-08-10 22:01:00,64.0,EXPECTED_DAILY_MAINTENANCE,EXPECTED
2023-08-11 20:57:00,2023-08-13 22:05:00,2948.0,EXPECTED_WEEKEND_CLOSURE,EXPECTED
2023-08-14 20:57:00,2023-08-14 22:01:00,64.0,EXPECTED_DAILY_MAINTENANCE,EXPECTED
2023-08-15 20:57:00,2023-08-15 22:01:00,64.0,EXPECTED_DAILY_MAINTENANCE,EXPECTED
2023-08-16 20:57:00,2023-08-16 22:01:00,64.0,EXPECTED_DAILY_MAINTENANCE,EXPECTED
2023-08-17 20:57:00,2023-08-17 22:01:00,64.0,EXPECTED_DAILY_MAINTENANCE,EXPECTED
2023-08-18 20:57:00,2023-08-20 22:05:00,2948.0,EXPECTED_WEEKEND_CLOSURE,EXPECTED
2023-08-21 20:57:00,2023-08-21 22:01:00,64.0,EXPECTED_DAILY_MAINTENANCE,EXPECTED
2023-08-22 20:57:00,2023-08-22 22:01:00,64.0,EXPECTED_DAILY_MAINTENANCE,EXPECTED
2023-08-23 20:57:00,2023-08-23 22:01:00,64.0,EXPECTED_DAILY_MAINTENANCE,EXPECTED
2023-08-24 20:57:00,2023-08-24 22:01:00,64.0,EXPECTED_DAILY_MAINTENANCE,EXPECTED
2023-08-25 20:57:00,2023-08-27 22:05:00,2948.0,EXPECTED_WEEKEND_CLOSURE,EXPECTED
2023-08-28 20:57:00,2023-08-28 22:01:00,64.0,EXPECTED_DAILY_MAINTENANCE,EXPECTED
2023-08-29 20:57:00,2023-08-29 22:01:00,64.0,EXPECTED_DAILY_MAINTENANCE,EXPECTED
2023-08-30 20:57:00,2023-08-30 22:01:00,64.0,EXPECTED_DAILY_MAINTENANCE,EXPECTED
2023-08-31 20:57:00,2023-08-31 22:01:00,64.0,EXPECTED_DAILY_MAINTENANCE,EXPECTED
2023-09-01 20:57:00,2023-09-03 22:05:00,2948.0,EXPECTED_WEEKEND_CLOSURE,EXPECTED
2023-09-04 17:13:00,2023-09-04 22:01:00,288.0,UNEXPECTED_LONG_GAP,UNEXPECTED
2023-09-04 23:58:00,2023-09-05 00:00:00,2.0,EXPECTED_DAILY_ROLLOVER,EXPECTED
2023-09-05 20:57:00,2023-09-05 22:01:00,64.0,EXPECTED_DAILY_MAINTENANCE,EXPECTED
2023-09-06 20:57:00,2023-09-06 22:01:00,64.0,EXPECTED_DAILY_MAINTENANCE,EXPECTED
2023-09-07 20:57:00,2023-09-07 22:01:00,64.0,EXPECTED_DAILY_MAINTENANCE,EXPECTED
2023-09-08 20:57:00,2023-09-10 22:05:00,2948.0,EXPECTED_WEEKEND_CLOSURE,EXPECTED
2023-09-11 20:57:00,2023-09-11 22:01:00,64.0,EXPECTED_DAILY_MAINTENANCE,EXPECTED
2023-09-12 20:57:00,2023-09-12 22:01:00,64.0,EXPECTED_DAILY_MAINTENANCE,EXPECTED
2023-09-13 20:57:00,2023-09-13 22:01:00,64.0,EXPECTED_DAILY_MAINTENANCE,EXPECTED
2023-09-14 20:57:00,2023-09-14 22:01:00,64.0,EXPECTED_DAILY_MAINTENANCE,EXPECTED
2023-09-15 20:57:00,2023-09-17 22:05:00,2948.0,EXPECTED_WEEKEND_CLOSURE,EXPECTED
2023-09-18 20:57:00,2023-09-18 22:01:00,64.0,EXPECTED_DAILY_MAINTENANCE,EXPECTED
2023-09-19 20:57:00,2023-09-19 22:01:00,64.0,EXPECTED_DAILY_MAINTENANCE,EXPECTED
2023-09-20 20:57:00,2023-09-20 22:01:00,64.0,EXPECTED_DAILY_MAINTENANCE,EXPECTED
2023-09-21 20:57:00,2023-09-21 22:01:00,64.0,EXPECTED_DAILY_MAINTENANCE,EXPECTED
2023-09-22 20:57:00,2023-09-24 22:05:00,2948.0,EXPECTED_WEEKEND_CLOSURE,EXPECTED
2023-09-25 20:57:00,2023-09-25 22:01:00,64.0,EXPECTED_DAILY_MAINTENANCE,EXPECTED
2023-09-26 20:57:00,2023-09-26 22:01:00,64.0,EXPECTED_DAILY_MAINTENANCE,EXPECTED
2023-09-27 20:57:00,2023-09-27 22:01:00,64.0,EXPECTED_DAILY_MAINTENANCE,EXPECTED
2023-09-28 20:57:00,2023-09-28 22:01:00,64.0,EXPECTED_DAILY_MAINTENANCE,EXPECTED
2023-09-29 20:57:00,2023-10-01 22:05:00,2948.0,EXPECTED_WEEKEND_CLOSURE,EXPECTED
2023-10-02 20:57:00,2023-10-02 22:01:00,64.0,EXPECTED_DAILY_MAINTENANCE,EXPECTED
2023-10-03 20:57:00,2023-10-03 22:01:00,64.0,EXPECTED_DAILY_MAINTENANCE,EXPECTED
2023-10-04 20:57:00,2023-10-04 22:01:00,64.0,EXPECTED_DAILY_MAINTENANCE,EXPECTED
2023-10-05 20:57:00,2023-10-05 22:01:00,64.0,EXPECTED_DAILY_MAINTENANCE,EXPECTED
2023-10-06 20:57:00,2023-10-08 22:05:00,2948.0,EXPECTED_WEEKEND_CLOSURE,EXPECTED
2023-10-09 20:57:00,2023-10-09 22:01:00,64.0,EXPECTED_DAILY_MAINTENANCE,EXPECTED
2023-10-10 19:14:00,2023-10-10 19:22:00,8.0,UNEXPECTED_INTRADAY_GAP,UNEXPECTED
2023-10-10 20:57:00,2023-10-10 22:01:00,64.0,EXPECTED_DAILY_MAINTENANCE,EXPECTED
2023-10-11 20:57:00,2023-10-11 22:01:00,64.0,EXPECTED_DAILY_MAINTENANCE,EXPECTED
2023-10-12 20:57:00,2023-10-12 22:01:00,64.0,EXPECTED_DAILY_MAINTENANCE,EXPECTED
2023-10-13 20:57:00,2023-10-15 22:05:00,2948.0,EXPECTED_WEEKEND_CLOSURE,EXPECTED
2023-10-16 20:57:00,2023-10-16 22:01:00,64.0,EXPECTED_DAILY_MAINTENANCE,EXPECTED
2023-10-17 20:57:00,2023-10-17 22:01:00,64.0,EXPECTED_DAILY_MAINTENANCE,EXPECTED
2023-10-18 20:57:00,2023-10-18 22:01:00,64.0,EXPECTED_DAILY_MAINTENANCE,EXPECTED
2023-10-19 20:57:00,2023-10-19 22:01:00,64.0,EXPECTED_DAILY_MAINTENANCE,EXPECTED
2023-10-20 20:57:00,2023-10-22 22:05:00,2948.0,EXPECTED_WEEKEND_CLOSURE,EXPECTED
2023-10-23 20:57:00,2023-10-23 22:01:00,64.0,EXPECTED_DAILY_MAINTENANCE,EXPECTED
2023-10-24 20:57:00,2023-10-24 22:01:00,64.0,EXPECTED_DAILY_MAINTENANCE,EXPECTED
2023-10-25 20:57:00,2023-10-25 22:01:00,64.0,EXPECTED_DAILY_MAINTENANCE,EXPECTED
2023-10-26 20:57:00,2023-10-26 22:01:00,64.0,EXPECTED_DAILY_MAINTENANCE,EXPECTED
2023-10-27 20:57:00,2023-10-29 22:05:00,2948.0,EXPECTED_WEEKEND_CLOSURE,EXPECTED
2023-10-30 20:57:00,2023-10-30 22:01:00,64.0,EXPECTED_DAILY_MAINTENANCE,EXPECTED
2023-10-31 20:57:00,2023-10-31 22:01:00,64.0,EXPECTED_DAILY_MAINTENANCE,EXPECTED
2023-11-01 20:57:00,2023-11-01 22:01:00,64.0,EXPECTED_DAILY_MAINTENANCE,EXPECTED
2023-11-02 20:57:00,2023-11-02 22:01:00,64.0,EXPECTED_DAILY_MAINTENANCE,EXPECTED
2023-11-03 20:57:00,2023-11-05 23:05:00,3008.0,EXPECTED_WEEKEND_CLOSURE,EXPECTED
2023-11-06 21:57:00,2023-11-06 23:01:00,64.0,EXPECTED_DAILY_MAINTENANCE,EXPECTED
2023-11-07 21:57:00,2023-11-07 23:01:00,64.0,EXPECTED_DAILY_MAINTENANCE,EXPECTED
2023-11-08 21:57:00,2023-11-08 23:01:00,64.0,EXPECTED_DAILY_MAINTENANCE,EXPECTED
2023-11-09 21:57:00,2023-11-09 23:01:00,64.0,EXPECTED_DAILY_MAINTENANCE,EXPECTED
2023-11-10 21:57:00,2023-11-12 23:05:00,2948.0,EXPECTED_WEEKEND_CLOSURE,EXPECTED
2023-11-13 21:57:00,2023-11-13 23:01:00,64.0,EXPECTED_DAILY_MAINTENANCE,EXPECTED
2023-11-14 21:57:00,2023-11-14 23:01:00,64.0,EXPECTED_DAILY_MAINTENANCE,EXPECTED
2023-11-15 21:57:00,2023-11-15 23:01:00,64.0,EXPECTED_DAILY_MAINTENANCE,EXPECTED
2023-11-16 21:57:00,2023-11-16 23:01:00,64.0,EXPECTED_DAILY_MAINTENANCE,EXPECTED
2023-11-17 21:57:00,2023-11-19 23:05:00,2948.0,EXPECTED_WEEKEND_CLOSURE,EXPECTED
2023-11-20 21:57:00,2023-11-20 23:01:00,64.0,EXPECTED_DAILY_MAINTENANCE,EXPECTED
2023-11-21 21:57:00,2023-11-21 23:01:00,64.0,EXPECTED_DAILY_MAINTENANCE,EXPECTED
2023-11-22 17:04:00,2023-11-22 17:07:00,3.0,UNEXPECTED_SHORT_GAP,UNEXPECTED
2023-11-22 21:57:00,2023-11-22 23:01:00,64.0,EXPECTED_DAILY_MAINTENANCE,EXPECTED
2023-11-23 18:14:00,2023-11-23 23:01:00,287.0,UNEXPECTED_LONG_GAP,UNEXPECTED
2023-11-24 18:29:00,2023-11-26 23:05:00,3156.0,EXPECTED_WEEKEND_CLOSURE,EXPECTED
2023-11-27 21:57:00,2023-11-27 23:01:00,64.0,EXPECTED_DAILY_MAINTENANCE,EXPECTED
2023-11-28 21:57:00,2023-11-28 23:01:00,64.0,EXPECTED_DAILY_MAINTENANCE,EXPECTED
2023-11-29 21:57:00,2023-11-29 23:01:00,64.0,EXPECTED_DAILY_MAINTENANCE,EXPECTED
2023-11-30 21:57:00,2023-11-30 23:01:00,64.0,EXPECTED_DAILY_MAINTENANCE,EXPECTED
2023-12-01 21:57:00,2023-12-03 23:05:00,2948.0,EXPECTED_WEEKEND_CLOSURE,EXPECTED
2023-12-04 21:57:00,2023-12-04 23:01:00,64.0,EXPECTED_DAILY_MAINTENANCE,EXPECTED
2023-12-05 21:57:00,2023-12-05 23:01:00,64.0,EXPECTED_DAILY_MAINTENANCE,EXPECTED
2023-12-06 21:57:00,2023-12-06 23:01:00,64.0,EXPECTED_DAILY_MAINTENANCE,EXPECTED
2023-12-07 21:57:00,2023-12-07 23:01:00,64.0,EXPECTED_DAILY_MAINTENANCE,EXPECTED
2023-12-08 21:57:00,2023-12-10 23:05:00,2948.0,EXPECTED_WEEKEND_CLOSURE,EXPECTED
2023-12-11 21:57:00,2023-12-11 23:01:00,64.0,EXPECTED_DAILY_MAINTENANCE,EXPECTED
2023-12-12 10:33:00,2023-12-12 10:41:00,8.0,UNEXPECTED_INTRADAY_GAP,UNEXPECTED
2023-12-12 21:57:00,2023-12-12 23:01:00,64.0,EXPECTED_DAILY_MAINTENANCE,EXPECTED
2023-12-13 21:57:00,2023-12-13 23:01:00,64.0,EXPECTED_DAILY_MAINTENANCE,EXPECTED
2023-12-14 21:57:00,2023-12-14 23:01:00,64.0,EXPECTED_DAILY_MAINTENANCE,EXPECTED
2023-12-15 21:57:00,2023-12-17 23:05:00,2948.0,EXPECTED_WEEKEND_CLOSURE,EXPECTED
2023-12-18 21:57:00,2023-12-18 23:01:00,64.0,EXPECTED_DAILY_MAINTENANCE,EXPECTED
2023-12-19 21:57:00,2023-12-19 23:01:00,64.0,EXPECTED_DAILY_MAINTENANCE,EXPECTED
2023-12-20 21:57:00,2023-12-20 23:01:00,64.0,EXPECTED_DAILY_MAINTENANCE,EXPECTED
2023-12-21 21:57:00,2023-12-21 23:01:00,64.0,EXPECTED_DAILY_MAINTENANCE,EXPECTED
2023-12-22 21:57:00,2023-12-25 23:05:00,4388.0,EXPECTED_WEEKEND_CLOSURE,EXPECTED
2023-12-25 23:58:00,2023-12-26 00:00:00,2.0,EXPECTED_DAILY_ROLLOVER,EXPECTED
2023-12-26 21:57:00,2023-12-26 23:01:00,64.0,EXPECTED_DAILY_MAINTENANCE,EXPECTED
2023-12-27 21:57:00,2023-12-27 23:01:00,64.0,EXPECTED_DAILY_MAINTENANCE,EXPECTED
2023-12-28 21:57:00,2023-12-28 23:01:00,64.0,EXPECTED_DAILY_MAINTENANCE,EXPECTED
2023-12-29 21:57:00,2024-01-01 23:05:00,4388.0,EXPECTED_WEEKEND_CLOSURE,EXPECTED
2024-01-01 23:58:00,2024-01-02 00:00:00,2.0,EXPECTED_DAILY_ROLLOVER,EXPECTED
2024-01-02 21:57:00,2024-01-02 23:01:00,64.0,EXPECTED_DAILY_MAINTENANCE,EXPECTED
2024-01-03 21:57:00,2024-01-03 23:01:00,64.0,EXPECTED_DAILY_MAINTENANCE,EXPECTED
2024-01-04 21:57:00,2024-01-04 23:01:00,64.0,EXPECTED_DAILY_MAINTENANCE,EXPECTED
2024-01-05 21:57:00,2024-01-07 23:05:00,2948.0,EXPECTED_WEEKEND_CLOSURE,EXPECTED
2024-01-08 21:57:00,2024-01-08 23:01:00,64.0,EXPECTED_DAILY_MAINTENANCE,EXPECTED
2024-01-09 21:57:00,2024-01-09 23:01:00,64.0,EXPECTED_DAILY_MAINTENANCE,EXPECTED
2024-01-10 21:57:00,2024-01-10 23:01:00,64.0,EXPECTED_DAILY_MAINTENANCE,EXPECTED
2024-01-11 21:57:00,2024-01-11 23:01:00,64.0,EXPECTED_DAILY_MAINTENANCE,EXPECTED
2024-01-12 21:57:00,2024-01-14 23:05:00,2948.0,EXPECTED_WEEKEND_CLOSURE,EXPECTED
2024-01-15 19:14:00,2024-01-15 23:01:00,227.0,UNEXPECTED_LONG_GAP,UNEXPECTED
2024-01-16 21:57:00,2024-01-16 23:01:00,64.0,EXPECTED_DAILY_MAINTENANCE,EXPECTED
2024-01-17 21:57:00,2024-01-17 23:01:00,64.0,EXPECTED_DAILY_MAINTENANCE,EXPECTED
2024-01-18 21:57:00,2024-01-18 23:01:00,64.0,EXPECTED_DAILY_MAINTENANCE,EXPECTED
2024-01-19 21:57:00,2024-01-21 23:05:00,2948.0,EXPECTED_WEEKEND_CLOSURE,EXPECTED
2024-01-22 21:57:00,2024-01-22 23:01:00,64.0,EXPECTED_DAILY_MAINTENANCE,EXPECTED
2024-01-23 21:56:00,2024-01-23 23:01:00,65.0,EXPECTED_DAILY_MAINTENANCE,EXPECTED
2024-01-23 23:58:00,2024-01-24 00:00:00,2.0,EXPECTED_DAILY_ROLLOVER,EXPECTED
2024-01-24 21:47:00,2024-01-24 21:49:00,2.0,UNEXPECTED_SHORT_GAP,UNEXPECTED
2024-01-24 21:56:00,2024-01-24 23:01:00,65.0,EXPECTED_DAILY_MAINTENANCE,EXPECTED
2024-01-24 23:58:00,2024-01-25 00:00:00,2.0,EXPECTED_DAILY_ROLLOVER,EXPECTED
2024-01-25 21:56:00,2024-01-25 23:01:00,65.0,EXPECTED_DAILY_MAINTENANCE,EXPECTED
2024-01-25 23:58:00,2024-01-26 00:00:00,2.0,EXPECTED_DAILY_ROLLOVER,EXPECTED
2024-01-26 21:56:00,2024-01-28 23:05:00,2949.0,EXPECTED_WEEKEND_CLOSURE,EXPECTED
2024-01-29 21:57:00,2024-01-29 23:01:00,64.0,EXPECTED_DAILY_MAINTENANCE,EXPECTED
2024-01-30 21:57:00,2024-01-30 23:01:00,64.0,EXPECTED_DAILY_MAINTENANCE,EXPECTED
2024-01-31 21:57:00,2024-01-31 23:01:00,64.0,EXPECTED_DAILY_MAINTENANCE,EXPECTED
2024-02-01 21:57:00,2024-02-01 23:01:00,64.0,EXPECTED_DAILY_MAINTENANCE,EXPECTED
2024-02-02 21:57:00,2024-02-04 23:05:00,2948.0,EXPECTED_WEEKEND_CLOSURE,EXPECTED
2024-02-04 23:58:00,2024-02-05 00:00:00,2.0,EXPECTED_WEEKEND_CLOSURE,EXPECTED
2024-02-05 21:56:00,2024-02-05 23:01:00,65.0,EXPECTED_DAILY_MAINTENANCE,EXPECTED
2024-02-05 23:58:00,2024-02-06 00:00:00,2.0,EXPECTED_DAILY_ROLLOVER,EXPECTED
2024-02-06 21:56:00,2024-02-06 23:01:00,65.0,EXPECTED_DAILY_MAINTENANCE,EXPECTED
2024-02-06 23:58:00,2024-02-07 00:00:00,2.0,EXPECTED_DAILY_ROLLOVER,EXPECTED
2024-02-07 21:47:00,2024-02-07 21:49:00,2.0,UNEXPECTED_SHORT_GAP,UNEXPECTED
2024-02-07 21:56:00,2024-02-07 23:01:00,65.0,EXPECTED_DAILY_MAINTENANCE,EXPECTED
2024-02-07 23:58:00,2024-02-08 00:00:00,2.0,EXPECTED_DAILY_ROLLOVER,EXPECTED
2024-02-08 21:56:00,2024-02-08 23:01:00,65.0,EXPECTED_DAILY_MAINTENANCE,EXPECTED
2024-02-08 23:58:00,2024-02-09 00:00:00,2.0,EXPECTED_DAILY_ROLLOVER,EXPECTED
2024-02-09 21:56:00,2024-02-11 23:05:00,2949.0,EXPECTED_WEEKEND_CLOSURE,EXPECTED
2024-02-11 23:58:00,2024-02-12 00:00:00,2.0,EXPECTED_WEEKEND_CLOSURE,EXPECTED
2024-02-12 21:56:00,2024-02-12 23:01:00,65.0,EXPECTED_DAILY_MAINTENANCE,EXPECTED
2024-02-12 23:58:00,2024-02-13 00:00:00,2.0,EXPECTED_DAILY_ROLLOVER,EXPECTED
2024-02-13 21:56:00,2024-02-13 23:01:00,65.0,EXPECTED_DAILY_MAINTENANCE,EXPECTED
2024-02-13 23:58:00,2024-02-14 00:00:00,2.0,EXPECTED_DAILY_ROLLOVER,EXPECTED
2024-02-14 21:47:00,2024-02-14 21:49:00,2.0,UNEXPECTED_SHORT_GAP,UNEXPECTED
2024-02-14 21:56:00,2024-02-14 23:01:00,65.0,EXPECTED_DAILY_MAINTENANCE,EXPECTED
2024-02-14 23:58:00,2024-02-15 00:00:00,2.0,EXPECTED_DAILY_ROLLOVER,EXPECTED
2024-02-15 21:56:00,2024-02-15 23:01:00,65.0,EXPECTED_DAILY_MAINTENANCE,EXPECTED
2024-02-15 23:58:00,2024-02-16 00:00:00,2.0,EXPECTED_DAILY_ROLLOVER,EXPECTED
2024-02-16 21:56:00,2024-02-18 23:05:00,2949.0,EXPECTED_WEEKEND_CLOSURE,EXPECTED
2024-02-18 23:58:00,2024-02-19 00:00:00,2.0,EXPECTED_WEEKEND_CLOSURE,EXPECTED
2024-02-19 19:13:00,2024-02-19 23:01:00,228.0,UNEXPECTED_LONG_GAP,UNEXPECTED
2024-02-19 23:58:00,2024-02-20 00:00:00,2.0,EXPECTED_DAILY_ROLLOVER,EXPECTED
2024-02-20 21:56:00,2024-02-20 23:01:00,65.0,EXPECTED_DAILY_MAINTENANCE,EXPECTED
2024-02-20 23:58:00,2024-02-21 00:00:00,2.0,EXPECTED_DAILY_ROLLOVER,EXPECTED
2024-02-21 21:47:00,2024-02-21 21:49:00,2.0,UNEXPECTED_SHORT_GAP,UNEXPECTED
2024-02-21 21:56:00,2024-02-21 23:01:00,65.0,EXPECTED_DAILY_MAINTENANCE,EXPECTED
2024-02-21 23:58:00,2024-02-22 00:00:00,2.0,EXPECTED_DAILY_ROLLOVER,EXPECTED
2024-02-22 21:56:00,2024-02-22 23:01:00,65.0,EXPECTED_DAILY_MAINTENANCE,EXPECTED
2024-02-22 23:58:00,2024-02-23 00:00:00,2.0,EXPECTED_DAILY_ROLLOVER,EXPECTED
2024-02-23 21:56:00,2024-02-25 23:05:00,2949.0,EXPECTED_WEEKEND_CLOSURE,EXPECTED
2024-02-25 23:58:00,2024-02-26 00:00:00,2.0,EXPECTED_WEEKEND_CLOSURE,EXPECTED
2024-02-26 21:56:00,2024-02-26 23:01:00,65.0,EXPECTED_DAILY_MAINTENANCE,EXPECTED
2024-02-26 23:58:00,2024-02-27 00:00:00,2.0,EXPECTED_DAILY_ROLLOVER,EXPECTED
2024-02-27 21:56:00,2024-02-27 23:01:00,65.0,EXPECTED_DAILY_MAINTENANCE,EXPECTED
2024-02-27 23:58:00,2024-02-28 00:00:00,2.0,EXPECTED_DAILY_ROLLOVER,EXPECTED
2024-02-28 21:47:00,2024-02-28 21:49:00,2.0,UNEXPECTED_SHORT_GAP,UNEXPECTED
2024-02-28 21:56:00,2024-02-28 23:01:00,65.0,EXPECTED_DAILY_MAINTENANCE,EXPECTED
2024-02-28 23:58:00,2024-02-29 00:00:00,2.0,EXPECTED_DAILY_ROLLOVER,EXPECTED
2024-02-29 21:56:00,2024-02-29 23:01:00,65.0,EXPECTED_DAILY_MAINTENANCE,EXPECTED
2024-02-29 23:58:00,2024-03-01 00:00:00,2.0,EXPECTED_DAILY_ROLLOVER,EXPECTED
2024-03-01 21:56:00,2024-03-03 23:05:00,2949.0,EXPECTED_WEEKEND_CLOSURE,EXPECTED
2024-03-03 23:58:00,2024-03-04 00:00:00,2.0,EXPECTED_WEEKEND_CLOSURE,EXPECTED
2024-03-04 21:56:00,2024-03-04 23:01:00,65.0,EXPECTED_DAILY_MAINTENANCE,EXPECTED
2024-03-04 23:58:00,2024-03-05 00:00:00,2.0,EXPECTED_DAILY_ROLLOVER,EXPECTED
2024-03-05 21:56:00,2024-03-05 23:01:00,65.0,EXPECTED_DAILY_MAINTENANCE,EXPECTED
2024-03-05 23:58:00,2024-03-06 00:00:00,2.0,EXPECTED_DAILY_ROLLOVER,EXPECTED
2024-03-06 21:47:00,2024-03-06 21:49:00,2.0,UNEXPECTED_SHORT_GAP,UNEXPECTED
2024-03-06 21:56:00,2024-03-06 23:01:00,65.0,EXPECTED_DAILY_MAINTENANCE,EXPECTED
2024-03-06 23:58:00,2024-03-07 00:00:00,2.0,EXPECTED_DAILY_ROLLOVER,EXPECTED
2024-03-07 21:56:00,2024-03-07 23:01:00,65.0,EXPECTED_DAILY_MAINTENANCE,EXPECTED
2024-03-07 23:58:00,2024-03-08 00:00:00,2.0,EXPECTED_DAILY_ROLLOVER,EXPECTED
2024-03-08 21:56:00,2024-03-10 22:05:00,2889.0,EXPECTED_WEEKEND_CLOSURE,EXPECTED
2024-03-11 20:56:00,2024-03-11 22:01:00,65.0,EXPECTED_DAILY_MAINTENANCE,EXPECTED
2024-03-11 23:58:00,2024-03-12 00:00:00,2.0,EXPECTED_DAILY_ROLLOVER,EXPECTED
2024-03-12 20:56:00,2024-03-12 22:01:00,65.0,EXPECTED_DAILY_MAINTENANCE,EXPECTED
2024-03-12 23:58:00,2024-03-13 00:00:00,2.0,EXPECTED_DAILY_ROLLOVER,EXPECTED
2024-03-13 20:56:00,2024-03-13 22:01:00,65.0,EXPECTED_DAILY_MAINTENANCE,EXPECTED
2024-03-13 23:58:00,2024-03-14 00:00:00,2.0,EXPECTED_DAILY_ROLLOVER,EXPECTED
2024-03-14 20:57:00,2024-03-14 22:01:00,64.0,EXPECTED_DAILY_MAINTENANCE,EXPECTED
2024-03-15 20:56:00,2024-03-17 22:05:00,2949.0,EXPECTED_WEEKEND_CLOSURE,EXPECTED
2024-03-17 23:58:00,2024-03-18 00:00:00,2.0,EXPECTED_WEEKEND_CLOSURE,EXPECTED
2024-03-18 20:56:00,2024-03-18 22:01:00,65.0,EXPECTED_DAILY_MAINTENANCE,EXPECTED
2024-03-18 23:58:00,2024-03-19 00:00:00,2.0,EXPECTED_DAILY_ROLLOVER,EXPECTED
2024-03-19 20:56:00,2024-03-19 22:01:00,65.0,EXPECTED_DAILY_MAINTENANCE,EXPECTED
2024-03-19 23:58:00,2024-03-20 00:00:00,2.0,EXPECTED_DAILY_ROLLOVER,EXPECTED
2024-03-20 20:56:00,2024-03-20 22:01:00,65.0,EXPECTED_DAILY_MAINTENANCE,EXPECTED
2024-03-20 22:16:00,2024-03-20 22:26:00,10.0,UNEXPECTED_INTRADAY_GAP,UNEXPECTED
2024-03-20 23:58:00,2024-03-21 00:00:00,2.0,EXPECTED_DAILY_ROLLOVER,EXPECTED
2024-03-21 20:56:00,2024-03-21 22:01:00,65.0,EXPECTED_DAILY_MAINTENANCE,EXPECTED
2024-03-21 23:58:00,2024-03-22 00:00:00,2.0,EXPECTED_DAILY_ROLLOVER,EXPECTED
2024-03-22 20:56:00,2024-03-24 22:05:00,2949.0,EXPECTED_WEEKEND_CLOSURE,EXPECTED
2024-03-25 20:57:00,2024-03-25 22:01:00,64.0,EXPECTED_DAILY_MAINTENANCE,EXPECTED
2024-03-26 20:56:00,2024-03-26 22:01:00,65.0,EXPECTED_DAILY_MAINTENANCE,EXPECTED
2024-03-26 23:58:00,2024-03-27 00:00:00,2.0,EXPECTED_DAILY_ROLLOVER,EXPECTED
2024-03-27 20:56:00,2024-03-27 22:01:00,65.0,EXPECTED_DAILY_MAINTENANCE,EXPECTED
2024-03-27 23:58:00,2024-03-28 00:00:00,2.0,EXPECTED_DAILY_ROLLOVER,EXPECTED
2024-03-28 20:56:00,2024-03-31 22:05:00,4389.0,EXPECTED_WEEKEND_CLOSURE,EXPECTED
2024-03-31 23:58:00,2024-04-01 00:00:00,2.0,EXPECTED_WEEKEND_CLOSURE,EXPECTED
2024-04-01 20:56:00,2024-04-01 22:01:00,65.0,EXPECTED_DAILY_MAINTENANCE,EXPECTED
2024-04-01 23:58:00,2024-04-02 00:00:00,2.0,EXPECTED_DAILY_ROLLOVER,EXPECTED
2024-04-02 20:56:00,2024-04-02 22:01:00,65.0,EXPECTED_DAILY_MAINTENANCE,EXPECTED
2024-04-02 23:58:00,2024-04-03 00:00:00,2.0,EXPECTED_DAILY_ROLLOVER,EXPECTED
2024-04-03 20:56:00,2024-04-03 22:01:00,65.0,EXPECTED_DAILY_MAINTENANCE,EXPECTED
2024-04-03 23:58:00,2024-04-04 00:00:00,2.0,EXPECTED_DAILY_ROLLOVER,EXPECTED
2024-04-04 20:56:00,2024-04-04 22:01:00,65.0,EXPECTED_DAILY_MAINTENANCE,EXPECTED
2024-04-04 23:58:00,2024-04-05 00:00:00,2.0,EXPECTED_DAILY_ROLLOVER,EXPECTED
2024-04-05 20:56:00,2024-04-07 22:05:00,2949.0,EXPECTED_WEEKEND_CLOSURE,EXPECTED
2024-04-07 23:58:00,2024-04-08 00:00:00,2.0,EXPECTED_WEEKEND_CLOSURE,EXPECTED
2024-04-08 20:56:00,2024-04-08 22:01:00,65.0,EXPECTED_DAILY_MAINTENANCE,EXPECTED
2024-04-08 23:58:00,2024-04-09 00:00:00,2.0,EXPECTED_DAILY_ROLLOVER,EXPECTED
2024-04-09 20:56:00,2024-04-09 22:01:00,65.0,EXPECTED_DAILY_MAINTENANCE,EXPECTED
2024-04-09 23:58:00,2024-04-10 00:00:00,2.0,EXPECTED_DAILY_ROLLOVER,EXPECTED
2024-04-10 20:56:00,2024-04-10 22:01:00,65.0,EXPECTED_DAILY_MAINTENANCE,EXPECTED
2024-04-10 23:58:00,2024-04-11 00:00:00,2.0,EXPECTED_DAILY_ROLLOVER,EXPECTED
2024-04-11 20:56:00,2024-04-11 22:01:00,65.0,EXPECTED_DAILY_MAINTENANCE,EXPECTED
2024-04-11 23:58:00,2024-04-12 00:00:00,2.0,EXPECTED_DAILY_ROLLOVER,EXPECTED
2024-04-12 20:56:00,2024-04-14 22:09:00,2953.0,EXPECTED_WEEKEND_CLOSURE,EXPECTED
2024-04-14 23:58:00,2024-04-15 00:00:00,2.0,EXPECTED_WEEKEND_CLOSURE,EXPECTED
2024-04-15 20:56:00,2024-04-15 22:01:00,65.0,EXPECTED_DAILY_MAINTENANCE,EXPECTED
2024-04-15 23:58:00,2024-04-16 00:00:00,2.0,EXPECTED_DAILY_ROLLOVER,EXPECTED
2024-04-16 20:56:00,2024-04-16 22:01:00,65.0,EXPECTED_DAILY_MAINTENANCE,EXPECTED
2024-04-16 23:58:00,2024-04-17 00:00:00,2.0,EXPECTED_DAILY_ROLLOVER,EXPECTED
2024-04-17 20:56:00,2024-04-17 22:01:00,65.0,EXPECTED_DAILY_MAINTENANCE,EXPECTED
2024-04-17 23:58:00,2024-04-18 00:00:00,2.0,EXPECTED_DAILY_ROLLOVER,EXPECTED
2024-04-18 20:56:00,2024-04-18 22:01:00,65.0,EXPECTED_DAILY_MAINTENANCE,EXPECTED
2024-04-18 23:58:00,2024-04-19 00:00:00,2.0,EXPECTED_DAILY_ROLLOVER,EXPECTED
2024-04-19 20:56:00,2024-04-21 22:05:00,2949.0,EXPECTED_WEEKEND_CLOSURE,EXPECTED
2024-04-22 20:57:00,2024-04-22 22:01:00,64.0,EXPECTED_DAILY_MAINTENANCE,EXPECTED
2024-04-23 20:57:00,2024-04-23 22:01:00,64.0,EXPECTED_DAILY_MAINTENANCE,EXPECTED
2024-04-24 20:57:00,2024-04-24 22:01:00,64.0,EXPECTED_DAILY_MAINTENANCE,EXPECTED
2024-04-25 20:57:00,2024-04-25 22:01:00,64.0,EXPECTED_DAILY_MAINTENANCE,EXPECTED
2024-04-26 20:57:00,2024-04-28 22:05:00,2948.0,EXPECTED_WEEKEND_CLOSURE,EXPECTED
2024-04-29 20:57:00,2024-04-29 22:01:00,64.0,EXPECTED_DAILY_MAINTENANCE,EXPECTED
2024-04-30 20:57:00,2024-04-30 22:01:00,64.0,EXPECTED_DAILY_MAINTENANCE,EXPECTED
2024-05-01 20:57:00,2024-05-01 22:01:00,64.0,EXPECTED_DAILY_MAINTENANCE,EXPECTED
2024-05-02 20:57:00,2024-05-02 22:01:00,64.0,EXPECTED_DAILY_MAINTENANCE,EXPECTED
2024-05-03 20:57:00,2024-05-05 22:05:00,2948.0,EXPECTED_WEEKEND_CLOSURE,EXPECTED
2024-05-06 20:57:00,2024-05-06 22:01:00,64.0,EXPECTED_DAILY_MAINTENANCE,EXPECTED
2024-05-07 20:57:00,2024-05-07 22:01:00,64.0,EXPECTED_DAILY_MAINTENANCE,EXPECTED
2024-05-08 20:57:00,2024-05-08 22:01:00,64.0,EXPECTED_DAILY_MAINTENANCE,EXPECTED
2024-05-09 20:57:00,2024-05-09 22:01:00,64.0,EXPECTED_DAILY_MAINTENANCE,EXPECTED
2024-05-10 20:57:00,2024-05-12 22:05:00,2948.0,EXPECTED_WEEKEND_CLOSURE,EXPECTED
2024-05-13 20:57:00,2024-05-13 22:01:00,64.0,EXPECTED_DAILY_MAINTENANCE,EXPECTED
2024-05-14 20:57:00,2024-05-14 22:01:00,64.0,EXPECTED_DAILY_MAINTENANCE,EXPECTED
2024-05-15 20:57:00,2024-05-15 22:01:00,64.0,EXPECTED_DAILY_MAINTENANCE,EXPECTED
2024-05-16 20:57:00,2024-05-16 22:01:00,64.0,EXPECTED_DAILY_MAINTENANCE,EXPECTED
2024-05-17 20:57:00,2024-05-19 22:05:00,2948.0,EXPECTED_WEEKEND_CLOSURE,EXPECTED
2024-05-20 20:57:00,2024-05-20 22:01:00,64.0,EXPECTED_DAILY_MAINTENANCE,EXPECTED
2024-05-21 20:57:00,2024-05-21 22:01:00,64.0,EXPECTED_DAILY_MAINTENANCE,EXPECTED
2024-05-22 20:57:00,2024-05-22 22:01:00,64.0,EXPECTED_DAILY_MAINTENANCE,EXPECTED
2024-05-23 20:57:00,2024-05-23 22:01:00,64.0,EXPECTED_DAILY_MAINTENANCE,EXPECTED
2024-05-24 20:57:00,2024-05-26 22:05:00,2948.0,EXPECTED_WEEKEND_CLOSURE,EXPECTED
2024-05-27 17:14:00,2024-05-27 22:05:00,291.0,UNEXPECTED_LONG_GAP,UNEXPECTED
2024-05-28 20:57:00,2024-05-28 22:01:00,64.0,EXPECTED_DAILY_MAINTENANCE,EXPECTED
2024-05-29 20:57:00,2024-05-29 22:01:00,64.0,EXPECTED_DAILY_MAINTENANCE,EXPECTED
2024-05-30 20:57:00,2024-05-30 22:01:00,64.0,EXPECTED_DAILY_MAINTENANCE,EXPECTED
2024-05-31 20:57:00,2024-06-02 22:05:00,2948.0,EXPECTED_WEEKEND_CLOSURE,EXPECTED
2024-06-03 20:57:00,2024-06-03 22:01:00,64.0,EXPECTED_DAILY_MAINTENANCE,EXPECTED
2024-06-04 20:57:00,2024-06-04 22:01:00,64.0,EXPECTED_DAILY_MAINTENANCE,EXPECTED
2024-06-05 20:57:00,2024-06-05 22:01:00,64.0,EXPECTED_DAILY_MAINTENANCE,EXPECTED
2024-06-06 20:57:00,2024-06-06 22:01:00,64.0,EXPECTED_DAILY_MAINTENANCE,EXPECTED
2024-06-07 08:29:00,2024-06-07 08:39:00,10.0,UNEXPECTED_INTRADAY_GAP,UNEXPECTED
2024-06-07 20:57:00,2024-06-09 22:05:00,2948.0,EXPECTED_WEEKEND_CLOSURE,EXPECTED
2024-06-10 20:57:00,2024-06-10 22:01:00,64.0,EXPECTED_DAILY_MAINTENANCE,EXPECTED
2024-06-11 20:57:00,2024-06-11 22:01:00,64.0,EXPECTED_DAILY_MAINTENANCE,EXPECTED
2024-06-12 20:57:00,2024-06-12 22:01:00,64.0,EXPECTED_DAILY_MAINTENANCE,EXPECTED
2024-06-13 20:57:00,2024-06-13 22:01:00,64.0,EXPECTED_DAILY_MAINTENANCE,EXPECTED
2024-06-14 20:57:00,2024-06-16 22:05:00,2948.0,EXPECTED_WEEKEND_CLOSURE,EXPECTED
2024-06-17 20:57:00,2024-06-17 22:01:00,64.0,EXPECTED_DAILY_MAINTENANCE,EXPECTED
2024-06-18 20:57:00,2024-06-18 22:01:00,64.0,EXPECTED_DAILY_MAINTENANCE,EXPECTED
2024-06-19 17:14:00,2024-06-19 22:05:00,291.0,UNEXPECTED_LONG_GAP,UNEXPECTED
2024-06-20 20:57:00,2024-06-20 22:01:00,64.0,EXPECTED_DAILY_MAINTENANCE,EXPECTED
2024-06-21 20:57:00,2024-06-23 22:05:00,2948.0,EXPECTED_WEEKEND_CLOSURE,EXPECTED
2024-06-24 20:57:00,2024-06-24 22:01:00,64.0,EXPECTED_DAILY_MAINTENANCE,EXPECTED
2024-06-25 20:57:00,2024-06-25 22:01:00,64.0,EXPECTED_DAILY_MAINTENANCE,EXPECTED
2024-06-26 20:57:00,2024-06-26 22:01:00,64.0,EXPECTED_DAILY_MAINTENANCE,EXPECTED
2024-06-27 20:57:00,2024-06-27 22:01:00,64.0,EXPECTED_DAILY_MAINTENANCE,EXPECTED
2024-06-28 20:57:00,2024-06-30 22:05:00,2948.0,EXPECTED_WEEKEND_CLOSURE,EXPECTED
2024-07-01 20:57:00,2024-07-01 22:01:00,64.0,EXPECTED_DAILY_MAINTENANCE,EXPECTED
2024-07-02 20:57:00,2024-07-02 22:01:00,64.0,EXPECTED_DAILY_MAINTENANCE,EXPECTED
2024-07-03 06:07:00,2024-07-03 06:09:00,2.0,UNEXPECTED_SHORT_GAP,UNEXPECTED
2024-07-03 20:57:00,2024-07-03 22:01:00,64.0,EXPECTED_DAILY_MAINTENANCE,EXPECTED
2024-07-04 17:14:00,2024-07-04 22:05:00,291.0,UNEXPECTED_LONG_GAP,UNEXPECTED
2024-07-05 20:57:00,2024-07-07 22:05:00,2948.0,EXPECTED_WEEKEND_CLOSURE,EXPECTED
2024-07-08 20:57:00,2024-07-08 22:01:00,64.0,EXPECTED_DAILY_MAINTENANCE,EXPECTED
2024-07-09 20:57:00,2024-07-09 22:01:00,64.0,EXPECTED_DAILY_MAINTENANCE,EXPECTED
2024-07-10 20:57:00,2024-07-10 22:01:00,64.0,EXPECTED_DAILY_MAINTENANCE,EXPECTED
2024-07-11 20:57:00,2024-07-11 22:01:00,64.0,EXPECTED_DAILY_MAINTENANCE,EXPECTED
2024-07-12 20:57:00,2024-07-14 22:05:00,2948.0,EXPECTED_WEEKEND_CLOSURE,EXPECTED
2024-07-15 20:57:00,2024-07-15 22:01:00,64.0,EXPECTED_DAILY_MAINTENANCE,EXPECTED
2024-07-16 20:57:00,2024-07-16 22:01:00,64.0,EXPECTED_DAILY_MAINTENANCE,EXPECTED
2024-07-17 20:57:00,2024-07-17 22:01:00,64.0,EXPECTED_DAILY_MAINTENANCE,EXPECTED
2024-07-18 20:57:00,2024-07-18 22:01:00,64.0,EXPECTED_DAILY_MAINTENANCE,EXPECTED
2024-07-19 20:57:00,2024-07-21 22:05:00,2948.0,EXPECTED_WEEKEND_CLOSURE,EXPECTED
2024-07-22 20:57:00,2024-07-22 22:01:00,64.0,EXPECTED_DAILY_MAINTENANCE,EXPECTED
2024-07-23 20:57:00,2024-07-23 22:01:00,64.0,EXPECTED_DAILY_MAINTENANCE,EXPECTED
2024-07-24 20:57:00,2024-07-24 22:01:00,64.0,EXPECTED_DAILY_MAINTENANCE,EXPECTED
2024-07-25 20:57:00,2024-07-25 22:01:00,64.0,EXPECTED_DAILY_MAINTENANCE,EXPECTED
2024-07-26 20:57:00,2024-07-28 22:05:00,2948.0,EXPECTED_WEEKEND_CLOSURE,EXPECTED
2024-07-29 20:57:00,2024-07-29 22:01:00,64.0,EXPECTED_DAILY_MAINTENANCE,EXPECTED
2024-07-30 20:57:00,2024-07-30 22:01:00,64.0,EXPECTED_DAILY_MAINTENANCE,EXPECTED
2024-07-31 20:57:00,2024-07-31 22:01:00,64.0,EXPECTED_DAILY_MAINTENANCE,EXPECTED
2024-08-01 20:57:00,2024-08-01 22:01:00,64.0,EXPECTED_DAILY_MAINTENANCE,EXPECTED
2024-08-02 20:57:00,2024-08-04 22:05:00,2948.0,EXPECTED_WEEKEND_CLOSURE,EXPECTED
2024-08-05 20:57:00,2024-08-05 22:01:00,64.0,EXPECTED_DAILY_MAINTENANCE,EXPECTED
2024-08-06 20:57:00,2024-08-06 22:01:00,64.0,EXPECTED_DAILY_MAINTENANCE,EXPECTED
2024-08-07 20:57:00,2024-08-07 22:01:00,64.0,EXPECTED_DAILY_MAINTENANCE,EXPECTED
2024-08-08 20:57:00,2024-08-08 22:01:00,64.0,EXPECTED_DAILY_MAINTENANCE,EXPECTED
2024-08-09 20:57:00,2024-08-11 22:05:00,2948.0,EXPECTED_WEEKEND_CLOSURE,EXPECTED
2024-08-12 20:57:00,2024-08-12 22:01:00,64.0,EXPECTED_DAILY_MAINTENANCE,EXPECTED
2024-08-13 20:57:00,2024-08-13 22:01:00,64.0,EXPECTED_DAILY_MAINTENANCE,EXPECTED
2024-08-14 20:57:00,2024-08-14 22:01:00,64.0,EXPECTED_DAILY_MAINTENANCE,EXPECTED
2024-08-15 20:57:00,2024-08-15 22:01:00,64.0,EXPECTED_DAILY_MAINTENANCE,EXPECTED
2024-08-16 20:57:00,2024-08-18 22:05:00,2948.0,EXPECTED_WEEKEND_CLOSURE,EXPECTED
2024-08-19 20:57:00,2024-08-19 22:01:00,64.0,EXPECTED_DAILY_MAINTENANCE,EXPECTED
2024-08-20 20:57:00,2024-08-20 22:01:00,64.0,EXPECTED_DAILY_MAINTENANCE,EXPECTED
2024-08-21 20:57:00,2024-08-21 22:01:00,64.0,EXPECTED_DAILY_MAINTENANCE,EXPECTED
2024-08-22 20:57:00,2024-08-22 22:01:00,64.0,EXPECTED_DAILY_MAINTENANCE,EXPECTED
2024-08-23 20:57:00,2024-08-25 22:05:00,2948.0,EXPECTED_WEEKEND_CLOSURE,EXPECTED
2024-08-26 20:57:00,2024-08-26 22:01:00,64.0,EXPECTED_DAILY_MAINTENANCE,EXPECTED
2024-08-27 20:57:00,2024-08-27 22:01:00,64.0,EXPECTED_DAILY_MAINTENANCE,EXPECTED
2024-08-28 20:57:00,2024-08-28 22:01:00,64.0,EXPECTED_DAILY_MAINTENANCE,EXPECTED
2024-08-29 20:57:00,2024-08-29 22:01:00,64.0,EXPECTED_DAILY_MAINTENANCE,EXPECTED
2024-08-30 20:57:00,2024-09-01 22:05:00,2948.0,EXPECTED_WEEKEND_CLOSURE,EXPECTED
2024-09-02 17:29:00,2024-09-02 22:05:00,276.0,UNEXPECTED_LONG_GAP,UNEXPECTED
2024-09-03 20:57:00,2024-09-03 22:01:00,64.0,EXPECTED_DAILY_MAINTENANCE,EXPECTED
2024-09-04 20:57:00,2024-09-04 22:01:00,64.0,EXPECTED_DAILY_MAINTENANCE,EXPECTED
2024-09-05 20:57:00,2024-09-05 22:01:00,64.0,EXPECTED_DAILY_MAINTENANCE,EXPECTED
2024-09-06 20:57:00,2024-09-08 22:05:00,2948.0,EXPECTED_WEEKEND_CLOSURE,EXPECTED
2024-09-09 20:57:00,2024-09-09 22:01:00,64.0,EXPECTED_DAILY_MAINTENANCE,EXPECTED
2024-09-10 20:57:00,2024-09-10 22:01:00,64.0,EXPECTED_DAILY_MAINTENANCE,EXPECTED
2024-09-11 04:34:00,2024-09-11 04:42:00,8.0,UNEXPECTED_INTRADAY_GAP,UNEXPECTED
2024-09-11 20:57:00,2024-09-11 22:01:00,64.0,EXPECTED_DAILY_MAINTENANCE,EXPECTED
2024-09-12 20:57:00,2024-09-12 22:01:00,64.0,EXPECTED_DAILY_MAINTENANCE,EXPECTED
2024-09-13 20:57:00,2024-09-15 22:05:00,2948.0,EXPECTED_WEEKEND_CLOSURE,EXPECTED
2024-09-16 20:57:00,2024-09-16 22:01:00,64.0,EXPECTED_DAILY_MAINTENANCE,EXPECTED
2024-09-17 20:57:00,2024-09-17 22:01:00,64.0,EXPECTED_DAILY_MAINTENANCE,EXPECTED
2024-09-18 20:57:00,2024-09-18 22:01:00,64.0,EXPECTED_DAILY_MAINTENANCE,EXPECTED
2024-09-19 20:57:00,2024-09-19 22:01:00,64.0,EXPECTED_DAILY_MAINTENANCE,EXPECTED
2024-09-20 20:57:00,2024-09-22 22:05:00,2948.0,EXPECTED_WEEKEND_CLOSURE,EXPECTED
2024-09-23 20:57:00,2024-09-23 22:01:00,64.0,EXPECTED_DAILY_MAINTENANCE,EXPECTED
2024-09-24 20:57:00,2024-09-24 22:01:00,64.0,EXPECTED_DAILY_MAINTENANCE,EXPECTED
2024-09-25 20:57:00,2024-09-25 22:01:00,64.0,EXPECTED_DAILY_MAINTENANCE,EXPECTED
2024-09-26 20:57:00,2024-09-26 22:01:00,64.0,EXPECTED_DAILY_MAINTENANCE,EXPECTED
2024-09-27 20:57:00,2024-09-29 22:05:00,2948.0,EXPECTED_WEEKEND_CLOSURE,EXPECTED
2024-09-30 20:57:00,2024-09-30 22:01:00,64.0,EXPECTED_DAILY_MAINTENANCE,EXPECTED
2024-10-01 20:57:00,2024-10-01 22:01:00,64.0,EXPECTED_DAILY_MAINTENANCE,EXPECTED
2024-10-02 20:57:00,2024-10-02 22:01:00,64.0,EXPECTED_DAILY_MAINTENANCE,EXPECTED
2024-10-03 20:57:00,2024-10-03 22:01:00,64.0,EXPECTED_DAILY_MAINTENANCE,EXPECTED
2024-10-04 20:57:00,2024-10-06 22:05:00,2948.0,EXPECTED_WEEKEND_CLOSURE,EXPECTED
2024-10-07 20:57:00,2024-10-07 22:01:00,64.0,EXPECTED_DAILY_MAINTENANCE,EXPECTED
2024-10-08 20:57:00,2024-10-08 22:01:00,64.0,EXPECTED_DAILY_MAINTENANCE,EXPECTED
2024-10-09 20:57:00,2024-10-09 22:01:00,64.0,EXPECTED_DAILY_MAINTENANCE,EXPECTED
2024-10-10 20:57:00,2024-10-10 22:01:00,64.0,EXPECTED_DAILY_MAINTENANCE,EXPECTED
2024-10-11 20:57:00,2024-10-13 22:05:00,2948.0,EXPECTED_WEEKEND_CLOSURE,EXPECTED
2024-10-14 20:57:00,2024-10-14 22:01:00,64.0,EXPECTED_DAILY_MAINTENANCE,EXPECTED
2024-10-15 20:57:00,2024-10-15 22:01:00,64.0,EXPECTED_DAILY_MAINTENANCE,EXPECTED
2024-10-16 20:57:00,2024-10-16 22:01:00,64.0,EXPECTED_DAILY_MAINTENANCE,EXPECTED
2024-10-17 20:57:00,2024-10-17 22:01:00,64.0,EXPECTED_DAILY_MAINTENANCE,EXPECTED
2024-10-18 20:57:00,2024-10-20 22:05:00,2948.0,EXPECTED_WEEKEND_CLOSURE,EXPECTED
2024-10-21 20:57:00,2024-10-21 22:01:00,64.0,EXPECTED_DAILY_MAINTENANCE,EXPECTED
2024-10-22 20:57:00,2024-10-22 22:01:00,64.0,EXPECTED_DAILY_MAINTENANCE,EXPECTED
2024-10-23 20:57:00,2024-10-23 22:01:00,64.0,EXPECTED_DAILY_MAINTENANCE,EXPECTED
2024-10-24 20:57:00,2024-10-24 22:01:00,64.0,EXPECTED_DAILY_MAINTENANCE,EXPECTED
2024-10-25 20:57:00,2024-10-27 22:05:00,2948.0,EXPECTED_WEEKEND_CLOSURE,EXPECTED
2024-10-28 20:57:00,2024-10-28 22:01:00,64.0,EXPECTED_DAILY_MAINTENANCE,EXPECTED
2024-10-29 20:57:00,2024-10-29 22:01:00,64.0,EXPECTED_DAILY_MAINTENANCE,EXPECTED
2024-10-30 20:57:00,2024-10-30 22:01:00,64.0,EXPECTED_DAILY_MAINTENANCE,EXPECTED
2024-10-31 20:57:00,2024-10-31 22:01:00,64.0,EXPECTED_DAILY_MAINTENANCE,EXPECTED
2024-11-01 20:57:00,2024-11-03 23:05:00,3008.0,EXPECTED_WEEKEND_CLOSURE,EXPECTED
2024-11-04 21:57:00,2024-11-04 23:01:00,64.0,EXPECTED_DAILY_MAINTENANCE,EXPECTED
2024-11-05 21:57:00,2024-11-05 23:01:00,64.0,EXPECTED_DAILY_MAINTENANCE,EXPECTED
2024-11-06 21:57:00,2024-11-06 23:01:00,64.0,EXPECTED_DAILY_MAINTENANCE,EXPECTED
2024-11-07 21:57:00,2024-11-07 23:01:00,64.0,EXPECTED_DAILY_MAINTENANCE,EXPECTED
2024-11-08 21:57:00,2024-11-10 23:05:00,2948.0,EXPECTED_WEEKEND_CLOSURE,EXPECTED
2024-11-11 21:57:00,2024-11-11 23:01:00,64.0,EXPECTED_DAILY_MAINTENANCE,EXPECTED
2024-11-12 21:57:00,2024-11-12 23:01:00,64.0,EXPECTED_DAILY_MAINTENANCE,EXPECTED
2024-11-13 21:57:00,2024-11-13 23:01:00,64.0,EXPECTED_DAILY_MAINTENANCE,EXPECTED
2024-11-14 21:57:00,2024-11-14 23:01:00,64.0,EXPECTED_DAILY_MAINTENANCE,EXPECTED
2024-11-15 21:57:00,2024-11-17 23:05:00,2948.0,EXPECTED_WEEKEND_CLOSURE,EXPECTED
2024-11-18 21:57:00,2024-11-18 23:01:00,64.0,EXPECTED_DAILY_MAINTENANCE,EXPECTED
2024-11-19 21:57:00,2024-11-19 23:01:00,64.0,EXPECTED_DAILY_MAINTENANCE,EXPECTED
2024-11-20 21:57:00,2024-11-20 23:01:00,64.0,EXPECTED_DAILY_MAINTENANCE,EXPECTED
2024-11-21 21:57:00,2024-11-21 23:01:00,64.0,EXPECTED_DAILY_MAINTENANCE,EXPECTED
2024-11-22 21:57:00,2024-11-24 23:05:00,2948.0,EXPECTED_WEEKEND_CLOSURE,EXPECTED
2024-11-25 21:57:00,2024-11-25 23:01:00,64.0,EXPECTED_DAILY_MAINTENANCE,EXPECTED
2024-11-26 21:57:00,2024-11-26 23:01:00,64.0,EXPECTED_DAILY_MAINTENANCE,EXPECTED
2024-11-27 21:57:00,2024-11-27 23:01:00,64.0,EXPECTED_DAILY_MAINTENANCE,EXPECTED
2024-11-28 18:14:00,2024-11-28 23:05:00,291.0,UNEXPECTED_LONG_GAP,UNEXPECTED
2024-11-29 18:29:00,2024-12-01 23:05:00,3156.0,EXPECTED_WEEKEND_CLOSURE,EXPECTED
2024-12-02 21:57:00,2024-12-02 23:01:00,64.0,EXPECTED_DAILY_MAINTENANCE,EXPECTED
2024-12-03 21:57:00,2024-12-03 23:01:00,64.0,EXPECTED_DAILY_MAINTENANCE,EXPECTED
2024-12-04 21:57:00,2024-12-04 23:01:00,64.0,EXPECTED_DAILY_MAINTENANCE,EXPECTED
2024-12-05 21:57:00,2024-12-05 23:01:00,64.0,EXPECTED_DAILY_MAINTENANCE,EXPECTED
2024-12-06 21:57:00,2024-12-08 23:05:00,2948.0,EXPECTED_WEEKEND_CLOSURE,EXPECTED
2024-12-09 21:57:00,2024-12-09 23:01:00,64.0,EXPECTED_DAILY_MAINTENANCE,EXPECTED
2024-12-10 21:57:00,2024-12-10 23:01:00,64.0,EXPECTED_DAILY_MAINTENANCE,EXPECTED
2024-12-11 07:56:00,2024-12-11 08:05:00,9.0,UNEXPECTED_INTRADAY_GAP,UNEXPECTED
2024-12-11 08:38:00,2024-12-11 08:40:00,2.0,UNEXPECTED_SHORT_GAP,UNEXPECTED
2024-12-11 21:57:00,2024-12-11 23:01:00,64.0,EXPECTED_DAILY_MAINTENANCE,EXPECTED
2024-12-12 21:57:00,2024-12-12 23:01:00,64.0,EXPECTED_DAILY_MAINTENANCE,EXPECTED
2024-12-13 21:57:00,2024-12-15 23:05:00,2948.0,EXPECTED_WEEKEND_CLOSURE,EXPECTED
2024-12-16 21:57:00,2024-12-16 23:01:00,64.0,EXPECTED_DAILY_MAINTENANCE,EXPECTED
2024-12-17 21:57:00,2024-12-17 23:01:00,64.0,EXPECTED_DAILY_MAINTENANCE,EXPECTED
2024-12-18 21:57:00,2024-12-18 23:01:00,64.0,EXPECTED_DAILY_MAINTENANCE,EXPECTED
2024-12-19 21:57:00,2024-12-19 23:01:00,64.0,EXPECTED_DAILY_MAINTENANCE,EXPECTED
2024-12-20 21:57:00,2024-12-22 23:05:00,2948.0,EXPECTED_WEEKEND_CLOSURE,EXPECTED
2024-12-23 21:57:00,2024-12-23 23:01:00,64.0,EXPECTED_DAILY_MAINTENANCE,EXPECTED
2024-12-24 18:29:00,2024-12-25 23:05:00,1716.0,EXPECTED_WEEKEND_CLOSURE,EXPECTED
2024-12-26 21:57:00,2024-12-26 23:01:00,64.0,EXPECTED_DAILY_MAINTENANCE,EXPECTED
2024-12-27 21:57:00,2024-12-29 23:05:00,2948.0,EXPECTED_WEEKEND_CLOSURE,EXPECTED
2024-12-30 21:57:00,2024-12-30 23:01:00,64.0,EXPECTED_DAILY_MAINTENANCE,EXPECTED
2024-12-31 21:57:00,2025-01-01 23:05:00,1508.0,EXPECTED_WEEKEND_CLOSURE,EXPECTED
2025-01-02 21:57:00,2025-01-02 23:01:00,64.0,EXPECTED_DAILY_MAINTENANCE,EXPECTED
2025-01-03 11:45:00,2025-01-03 12:48:00,63.0,UNEXPECTED_LONG_GAP,UNEXPECTED
2025-01-03 21:57:00,2025-01-05 23:05:00,2948.0,EXPECTED_WEEKEND_CLOSURE,EXPECTED
2025-01-06 21:57:00,2025-01-06 23:05:00,68.0,EXPECTED_DAILY_MAINTENANCE,EXPECTED
2025-01-07 21:57:00,2025-01-07 23:01:00,64.0,EXPECTED_DAILY_MAINTENANCE,EXPECTED
2025-01-07 23:01:00,2025-01-07 23:03:00,2.0,UNEXPECTED_SHORT_GAP,UNEXPECTED
2025-01-08 18:54:00,2025-01-08 19:04:00,10.0,UNEXPECTED_INTRADAY_GAP,UNEXPECTED
2025-01-08 21:57:00,2025-01-08 23:03:00,66.0,EXPECTED_DAILY_MAINTENANCE,EXPECTED
2025-01-09 21:57:00,2025-01-09 23:01:00,64.0,EXPECTED_DAILY_MAINTENANCE,EXPECTED
2025-01-10 21:57:00,2025-01-12 23:05:00,2948.0,EXPECTED_WEEKEND_CLOSURE,EXPECTED
2025-01-13 21:57:00,2025-01-13 23:01:00,64.0,EXPECTED_DAILY_MAINTENANCE,EXPECTED
2025-01-14 21:57:00,2025-01-14 23:01:00,64.0,EXPECTED_DAILY_MAINTENANCE,EXPECTED
2025-01-15 21:57:00,2025-01-15 23:01:00,64.0,EXPECTED_DAILY_MAINTENANCE,EXPECTED
2025-01-16 21:57:00,2025-01-16 23:01:00,64.0,EXPECTED_DAILY_MAINTENANCE,EXPECTED
2025-01-17 21:57:00,2025-01-19 23:05:00,2948.0,EXPECTED_WEEKEND_CLOSURE,EXPECTED
2025-01-20 19:14:00,2025-01-20 23:08:00,234.0,UNEXPECTED_LONG_GAP,UNEXPECTED
2025-01-21 21:57:00,2025-01-21 23:02:00,65.0,EXPECTED_DAILY_MAINTENANCE,EXPECTED
2025-01-22 21:57:00,2025-01-22 23:03:00,66.0,EXPECTED_DAILY_MAINTENANCE,EXPECTED
2025-01-23 21:57:00,2025-01-23 23:01:00,64.0,EXPECTED_DAILY_MAINTENANCE,EXPECTED
2025-01-24 21:57:00,2025-01-26 23:05:00,2948.0,EXPECTED_WEEKEND_CLOSURE,EXPECTED
2025-01-27 21:57:00,2025-01-27 23:01:00,64.0,EXPECTED_DAILY_MAINTENANCE,EXPECTED
2025-01-28 21:57:00,2025-01-28 23:01:00,64.0,EXPECTED_DAILY_MAINTENANCE,EXPECTED
2025-01-29 21:57:00,2025-01-29 23:01:00,64.0,EXPECTED_DAILY_MAINTENANCE,EXPECTED
2025-01-30 21:57:00,2025-01-30 23:06:00,69.0,EXPECTED_DAILY_MAINTENANCE,EXPECTED
2025-01-31 21:57:00,2025-02-02 23:05:00,2948.0,EXPECTED_WEEKEND_CLOSURE,EXPECTED
2025-02-03 21:57:00,2025-02-03 23:03:00,66.0,EXPECTED_DAILY_MAINTENANCE,EXPECTED
2025-02-04 21:57:00,2025-02-04 23:01:00,64.0,EXPECTED_DAILY_MAINTENANCE,EXPECTED
2025-02-05 21:57:00,2025-02-05 23:02:00,65.0,EXPECTED_DAILY_MAINTENANCE,EXPECTED
2025-02-06 21:57:00,2025-02-06 23:01:00,64.0,EXPECTED_DAILY_MAINTENANCE,EXPECTED
2025-02-07 21:57:00,2025-02-09 23:05:00,2948.0,EXPECTED_WEEKEND_CLOSURE,EXPECTED
2025-02-10 21:57:00,2025-02-10 23:01:00,64.0,EXPECTED_DAILY_MAINTENANCE,EXPECTED
2025-02-11 21:57:00,2025-02-11 23:01:00,64.0,EXPECTED_DAILY_MAINTENANCE,EXPECTED
2025-02-12 21:57:00,2025-02-12 23:01:00,64.0,EXPECTED_DAILY_MAINTENANCE,EXPECTED
2025-02-13 21:57:00,2025-02-13 23:01:00,64.0,EXPECTED_DAILY_MAINTENANCE,EXPECTED
2025-02-14 21:57:00,2025-02-16 23:05:00,2948.0,EXPECTED_WEEKEND_CLOSURE,EXPECTED
2025-02-17 19:14:00,2025-02-17 23:05:00,231.0,UNEXPECTED_LONG_GAP,UNEXPECTED
2025-02-18 21:57:00,2025-02-18 23:03:00,66.0,EXPECTED_DAILY_MAINTENANCE,EXPECTED
2025-02-19 21:57:00,2025-02-19 23:01:00,64.0,EXPECTED_DAILY_MAINTENANCE,EXPECTED
2025-02-20 21:57:00,2025-02-20 23:02:00,65.0,EXPECTED_DAILY_MAINTENANCE,EXPECTED
2025-02-21 21:57:00,2025-02-23 23:05:00,2948.0,EXPECTED_WEEKEND_CLOSURE,EXPECTED
2025-02-24 21:57:00,2025-02-24 23:01:00,64.0,EXPECTED_DAILY_MAINTENANCE,EXPECTED
2025-02-25 21:57:00,2025-02-25 23:01:00,64.0,EXPECTED_DAILY_MAINTENANCE,EXPECTED
2025-02-26 21:57:00,2025-02-26 23:01:00,64.0,EXPECTED_DAILY_MAINTENANCE,EXPECTED
2025-02-27 21:57:00,2025-02-27 23:01:00,64.0,EXPECTED_DAILY_MAINTENANCE,EXPECTED
2025-02-28 21:57:00,2025-03-02 23:05:00,2948.0,EXPECTED_WEEKEND_CLOSURE,EXPECTED
2025-03-03 21:57:00,2025-03-03 23:01:00,64.0,EXPECTED_DAILY_MAINTENANCE,EXPECTED
2025-03-04 21:57:00,2025-03-04 23:01:00,64.0,EXPECTED_DAILY_MAINTENANCE,EXPECTED
2025-03-05 21:57:00,2025-03-05 23:01:00,64.0,EXPECTED_DAILY_MAINTENANCE,EXPECTED
2025-03-06 21:57:00,2025-03-06 23:01:00,64.0,EXPECTED_DAILY_MAINTENANCE,EXPECTED
2025-03-07 21:57:00,2025-03-09 22:05:00,2888.0,EXPECTED_WEEKEND_CLOSURE,EXPECTED
2025-03-10 20:57:00,2025-03-10 22:01:00,64.0,EXPECTED_DAILY_MAINTENANCE,EXPECTED
2025-03-11 20:57:00,2025-03-11 22:01:00,64.0,EXPECTED_DAILY_MAINTENANCE,EXPECTED
2025-03-12 20:57:00,2025-03-12 22:01:00,64.0,EXPECTED_DAILY_MAINTENANCE,EXPECTED
2025-03-13 20:57:00,2025-03-13 22:01:00,64.0,EXPECTED_DAILY_MAINTENANCE,EXPECTED
2025-03-14 20:57:00,2025-03-16 22:05:00,2948.0,EXPECTED_WEEKEND_CLOSURE,EXPECTED
2025-03-17 20:57:00,2025-03-17 22:01:00,64.0,EXPECTED_DAILY_MAINTENANCE,EXPECTED
2025-03-18 20:57:00,2025-03-18 22:01:00,64.0,EXPECTED_DAILY_MAINTENANCE,EXPECTED
2025-03-19 20:57:00,2025-03-19 22:01:00,64.0,EXPECTED_DAILY_MAINTENANCE,EXPECTED
2025-03-20 20:57:00,2025-03-20 22:01:00,64.0,EXPECTED_DAILY_MAINTENANCE,EXPECTED
2025-03-21 20:57:00,2025-03-23 22:05:00,2948.0,EXPECTED_WEEKEND_CLOSURE,EXPECTED
2025-03-24 20:57:00,2025-03-24 22:01:00,64.0,EXPECTED_DAILY_MAINTENANCE,EXPECTED
2025-03-25 20:57:00,2025-03-25 22:01:00,64.0,EXPECTED_DAILY_MAINTENANCE,EXPECTED
2025-03-26 20:57:00,2025-03-26 22:01:00,64.0,EXPECTED_DAILY_MAINTENANCE,EXPECTED
2025-03-27 19:28:00,2025-03-27 19:31:00,3.0,UNEXPECTED_SHORT_GAP,UNEXPECTED
2025-03-27 20:57:00,2025-03-27 22:01:00,64.0,EXPECTED_DAILY_MAINTENANCE,EXPECTED
2025-03-28 20:57:00,2025-03-30 22:05:00,2948.0,EXPECTED_WEEKEND_CLOSURE,EXPECTED
2025-03-31 20:57:00,2025-03-31 22:01:00,64.0,EXPECTED_DAILY_MAINTENANCE,EXPECTED
2025-04-01 20:57:00,2025-04-01 22:01:00,64.0,EXPECTED_DAILY_MAINTENANCE,EXPECTED
2025-04-02 20:57:00,2025-04-02 22:04:00,67.0,EXPECTED_DAILY_MAINTENANCE,EXPECTED
2025-04-03 20:57:00,2025-04-03 22:01:00,64.0,EXPECTED_DAILY_MAINTENANCE,EXPECTED
2025-04-04 20:57:00,2025-04-06 22:13:00,2956.0,EXPECTED_WEEKEND_CLOSURE,EXPECTED
2025-04-07 20:57:00,2025-04-07 22:01:00,64.0,EXPECTED_DAILY_MAINTENANCE,EXPECTED
2025-04-08 20:57:00,2025-04-08 22:01:00,64.0,EXPECTED_DAILY_MAINTENANCE,EXPECTED
2025-04-09 20:57:00,2025-04-09 22:01:00,64.0,EXPECTED_DAILY_MAINTENANCE,EXPECTED
2025-04-10 20:57:00,2025-04-10 22:01:00,64.0,EXPECTED_DAILY_MAINTENANCE,EXPECTED
2025-04-11 20:57:00,2025-04-13 22:05:00,2948.0,EXPECTED_WEEKEND_CLOSURE,EXPECTED
2025-04-14 14:00:00,2025-04-14 14:24:00,24.0,UNEXPECTED_INTRADAY_GAP,UNEXPECTED
2025-04-14 20:57:00,2025-04-14 22:01:00,64.0,EXPECTED_DAILY_MAINTENANCE,EXPECTED
2025-04-15 20:57:00,2025-04-15 22:01:00,64.0,EXPECTED_DAILY_MAINTENANCE,EXPECTED
2025-04-16 20:57:00,2025-04-16 22:01:00,64.0,EXPECTED_DAILY_MAINTENANCE,EXPECTED
2025-04-17 20:57:00,2025-04-20 22:05:00,4388.0,EXPECTED_WEEKEND_CLOSURE,EXPECTED
2025-04-21 20:57:00,2025-04-21 22:01:00,64.0,EXPECTED_DAILY_MAINTENANCE,EXPECTED
2025-04-22 20:57:00,2025-04-22 22:02:00,65.0,EXPECTED_DAILY_MAINTENANCE,EXPECTED
2025-04-23 20:57:00,2025-04-23 22:01:00,64.0,EXPECTED_DAILY_MAINTENANCE,EXPECTED
2025-04-24 20:57:00,2025-04-24 22:20:00,83.0,UNEXPECTED_LONG_GAP,UNEXPECTED
2025-04-25 20:57:00,2025-04-27 22:05:00,2948.0,EXPECTED_WEEKEND_CLOSURE,EXPECTED
2025-04-28 20:57:00,2025-04-28 22:01:00,64.0,EXPECTED_DAILY_MAINTENANCE,EXPECTED
2025-04-29 20:57:00,2025-04-29 22:01:00,64.0,EXPECTED_DAILY_MAINTENANCE,EXPECTED
2025-04-30 20:57:00,2025-04-30 22:03:00,66.0,EXPECTED_DAILY_MAINTENANCE,EXPECTED
2025-05-01 20:57:00,2025-05-01 22:01:00,64.0,EXPECTED_DAILY_MAINTENANCE,EXPECTED
2025-05-02 20:57:00,2025-05-04 22:05:00,2948.0,EXPECTED_WEEKEND_CLOSURE,EXPECTED
2025-05-05 20:57:00,2025-05-05 22:01:00,64.0,EXPECTED_DAILY_MAINTENANCE,EXPECTED
2025-05-06 20:57:00,2025-05-06 22:03:00,66.0,EXPECTED_DAILY_MAINTENANCE,EXPECTED
2025-05-07 20:57:00,2025-05-07 22:01:00,64.0,EXPECTED_DAILY_MAINTENANCE,EXPECTED
2025-05-08 20:57:00,2025-05-08 22:01:00,64.0,EXPECTED_DAILY_MAINTENANCE,EXPECTED
2025-05-09 20:57:00,2025-05-11 22:09:00,2952.0,EXPECTED_WEEKEND_CLOSURE,EXPECTED
2025-05-12 20:57:00,2025-05-12 22:01:00,64.0,EXPECTED_DAILY_MAINTENANCE,EXPECTED
2025-05-13 20:57:00,2025-05-13 22:01:00,64.0,EXPECTED_DAILY_MAINTENANCE,EXPECTED
2025-05-14 20:57:00,2025-05-14 22:02:00,65.0,EXPECTED_DAILY_MAINTENANCE,EXPECTED
2025-05-15 20:57:00,2025-05-15 22:01:00,64.0,EXPECTED_DAILY_MAINTENANCE,EXPECTED
2025-05-16 20:57:00,2025-05-18 22:05:00,2948.0,EXPECTED_WEEKEND_CLOSURE,EXPECTED
2025-05-19 20:57:00,2025-05-19 22:01:00,64.0,EXPECTED_DAILY_MAINTENANCE,EXPECTED
2025-05-20 20:57:00,2025-05-20 22:01:00,64.0,EXPECTED_DAILY_MAINTENANCE,EXPECTED
2025-05-21 20:57:00,2025-05-21 22:01:00,64.0,EXPECTED_DAILY_MAINTENANCE,EXPECTED
2025-05-22 20:57:00,2025-05-22 22:01:00,64.0,EXPECTED_DAILY_MAINTENANCE,EXPECTED
2025-05-23 20:57:00,2025-05-25 22:05:00,2948.0,EXPECTED_WEEKEND_CLOSURE,EXPECTED
2025-05-26 18:14:00,2025-05-26 22:05:00,231.0,UNEXPECTED_LONG_GAP,UNEXPECTED
2025-05-27 20:57:00,2025-05-27 22:01:00,64.0,EXPECTED_DAILY_MAINTENANCE,EXPECTED
2025-05-28 20:57:00,2025-05-28 22:01:00,64.0,EXPECTED_DAILY_MAINTENANCE,EXPECTED
2025-05-29 20:57:00,2025-05-29 22:01:00,64.0,EXPECTED_DAILY_MAINTENANCE,EXPECTED
2025-05-30 20:57:00,2025-06-01 22:05:00,2948.0,EXPECTED_WEEKEND_CLOSURE,EXPECTED
2025-06-02 20:57:00,2025-06-02 22:01:00,64.0,EXPECTED_DAILY_MAINTENANCE,EXPECTED
2025-06-03 20:57:00,2025-06-03 22:01:00,64.0,EXPECTED_DAILY_MAINTENANCE,EXPECTED
2025-06-04 20:57:00,2025-06-04 22:01:00,64.0,EXPECTED_DAILY_MAINTENANCE,EXPECTED
2025-06-05 20:57:00,2025-06-05 22:01:00,64.0,EXPECTED_DAILY_MAINTENANCE,EXPECTED
2025-06-06 20:57:00,2025-06-08 22:05:00,2948.0,EXPECTED_WEEKEND_CLOSURE,EXPECTED
2025-06-09 20:57:00,2025-06-09 22:02:00,65.0,EXPECTED_DAILY_MAINTENANCE,EXPECTED
2025-06-10 20:57:00,2025-06-10 22:02:00,65.0,EXPECTED_DAILY_MAINTENANCE,EXPECTED
2025-06-11 20:57:00,2025-06-11 22:02:00,65.0,EXPECTED_DAILY_MAINTENANCE,EXPECTED
2025-06-12 20:57:00,2025-06-12 22:02:00,65.0,EXPECTED_DAILY_MAINTENANCE,EXPECTED
2025-06-13 20:57:00,2025-06-15 22:05:00,2948.0,EXPECTED_WEEKEND_CLOSURE,EXPECTED
2025-06-16 20:57:00,2025-06-16 22:02:00,65.0,EXPECTED_DAILY_MAINTENANCE,EXPECTED
2025-06-17 20:57:00,2025-06-17 22:02:00,65.0,EXPECTED_DAILY_MAINTENANCE,EXPECTED
2025-06-18 20:57:00,2025-06-18 22:02:00,65.0,EXPECTED_DAILY_MAINTENANCE,EXPECTED
2025-06-19 17:14:00,2025-06-19 22:02:00,288.0,UNEXPECTED_LONG_GAP,UNEXPECTED
2025-06-20 20:57:00,2025-06-22 22:05:00,2948.0,EXPECTED_WEEKEND_CLOSURE,EXPECTED
2025-06-23 20:57:00,2025-06-23 22:02:00,65.0,EXPECTED_DAILY_MAINTENANCE,EXPECTED
2025-06-24 20:57:00,2025-06-24 22:02:00,65.0,EXPECTED_DAILY_MAINTENANCE,EXPECTED
2025-06-25 20:57:00,2025-06-25 22:02:00,65.0,EXPECTED_DAILY_MAINTENANCE,EXPECTED
2025-06-26 20:57:00,2025-06-26 22:02:00,65.0,EXPECTED_DAILY_MAINTENANCE,EXPECTED
2025-06-27 20:57:00,2025-06-29 22:05:00,2948.0,EXPECTED_WEEKEND_CLOSURE,EXPECTED
2025-06-30 20:57:00,2025-06-30 22:02:00,65.0,EXPECTED_DAILY_MAINTENANCE,EXPECTED
2025-07-01 20:57:00,2025-07-01 22:02:00,65.0,EXPECTED_DAILY_MAINTENANCE,EXPECTED
2025-07-02 20:57:00,2025-07-02 22:02:00,65.0,EXPECTED_DAILY_MAINTENANCE,EXPECTED
2025-07-03 20:57:00,2025-07-03 22:02:00,65.0,EXPECTED_DAILY_MAINTENANCE,EXPECTED
2025-07-04 16:44:00,2025-07-06 22:05:00,3201.0,EXPECTED_WEEKEND_CLOSURE,EXPECTED
2025-07-07 20:57:00,2025-07-07 22:02:00,65.0,EXPECTED_DAILY_MAINTENANCE,EXPECTED
2025-07-08 20:57:00,2025-07-08 22:02:00,65.0,EXPECTED_DAILY_MAINTENANCE,EXPECTED
2025-07-09 20:57:00,2025-07-09 22:02:00,65.0,EXPECTED_DAILY_MAINTENANCE,EXPECTED
2025-07-10 20:57:00,2025-07-10 22:02:00,65.0,EXPECTED_DAILY_MAINTENANCE,EXPECTED
2025-07-11 20:57:00,2025-07-13 22:05:00,2948.0,EXPECTED_WEEKEND_CLOSURE,EXPECTED
2025-07-14 20:57:00,2025-07-14 22:02:00,65.0,EXPECTED_DAILY_MAINTENANCE,EXPECTED
2025-07-15 20:57:00,2025-07-15 22:02:00,65.0,EXPECTED_DAILY_MAINTENANCE,EXPECTED
2025-07-16 20:57:00,2025-07-16 22:02:00,65.0,EXPECTED_DAILY_MAINTENANCE,EXPECTED
2025-07-17 20:57:00,2025-07-17 22:02:00,65.0,EXPECTED_DAILY_MAINTENANCE,EXPECTED
2025-07-18 20:57:00,2025-07-20 22:05:00,2948.0,EXPECTED_WEEKEND_CLOSURE,EXPECTED
2025-07-21 20:57:00,2025-07-21 22:02:00,65.0,EXPECTED_DAILY_MAINTENANCE,EXPECTED
2025-07-22 20:57:00,2025-07-22 22:02:00,65.0,EXPECTED_DAILY_MAINTENANCE,EXPECTED
2025-07-23 20:57:00,2025-07-23 22:02:00,65.0,EXPECTED_DAILY_MAINTENANCE,EXPECTED
2025-07-24 20:57:00,2025-07-24 22:02:00,65.0,EXPECTED_DAILY_MAINTENANCE,EXPECTED
2025-07-25 20:57:00,2025-07-27 22:05:00,2948.0,EXPECTED_WEEKEND_CLOSURE,EXPECTED
2025-07-28 20:57:00,2025-07-28 22:02:00,65.0,EXPECTED_DAILY_MAINTENANCE,EXPECTED
2025-07-29 20:57:00,2025-07-29 22:02:00,65.0,EXPECTED_DAILY_MAINTENANCE,EXPECTED
2025-07-30 20:57:00,2025-07-30 22:02:00,65.0,EXPECTED_DAILY_MAINTENANCE,EXPECTED
2025-07-31 20:57:00,2025-07-31 22:02:00,65.0,EXPECTED_DAILY_MAINTENANCE,EXPECTED
2025-08-01 20:57:00,2025-08-03 22:05:00,2948.0,EXPECTED_WEEKEND_CLOSURE,EXPECTED
2025-08-04 20:57:00,2025-08-04 22:02:00,65.0,EXPECTED_DAILY_MAINTENANCE,EXPECTED
2025-08-05 20:57:00,2025-08-05 22:02:00,65.0,EXPECTED_DAILY_MAINTENANCE,EXPECTED
2025-08-06 20:57:00,2025-08-06 22:02:00,65.0,EXPECTED_DAILY_MAINTENANCE,EXPECTED
2025-08-07 20:57:00,2025-08-07 22:02:00,65.0,EXPECTED_DAILY_MAINTENANCE,EXPECTED
2025-08-08 20:57:00,2025-08-10 22:05:00,2948.0,EXPECTED_WEEKEND_CLOSURE,EXPECTED
2025-08-11 20:57:00,2025-08-11 22:02:00,65.0,EXPECTED_DAILY_MAINTENANCE,EXPECTED
2025-08-12 20:57:00,2025-08-12 22:02:00,65.0,EXPECTED_DAILY_MAINTENANCE,EXPECTED
2025-08-13 20:57:00,2025-08-13 22:02:00,65.0,EXPECTED_DAILY_MAINTENANCE,EXPECTED
2025-08-14 20:57:00,2025-08-14 22:02:00,65.0,EXPECTED_DAILY_MAINTENANCE,EXPECTED
2025-08-15 20:57:00,2025-08-17 22:05:00,2948.0,EXPECTED_WEEKEND_CLOSURE,EXPECTED
2025-08-18 20:57:00,2025-08-18 22:02:00,65.0,EXPECTED_DAILY_MAINTENANCE,EXPECTED
2025-08-19 20:57:00,2025-08-19 22:02:00,65.0,EXPECTED_DAILY_MAINTENANCE,EXPECTED
2025-08-20 20:57:00,2025-08-20 22:02:00,65.0,EXPECTED_DAILY_MAINTENANCE,EXPECTED
2025-08-21 20:57:00,2025-08-21 22:02:00,65.0,EXPECTED_DAILY_MAINTENANCE,EXPECTED
2025-08-22 20:57:00,2025-08-24 22:05:00,2948.0,EXPECTED_WEEKEND_CLOSURE,EXPECTED
2025-08-25 20:57:00,2025-08-25 22:02:00,65.0,EXPECTED_DAILY_MAINTENANCE,EXPECTED
2025-08-26 20:57:00,2025-08-26 22:02:00,65.0,EXPECTED_DAILY_MAINTENANCE,EXPECTED
2025-08-27 20:57:00,2025-08-27 22:02:00,65.0,EXPECTED_DAILY_MAINTENANCE,EXPECTED
2025-08-28 20:57:00,2025-08-28 22:02:00,65.0,EXPECTED_DAILY_MAINTENANCE,EXPECTED
2025-08-29 20:57:00,2025-08-31 22:05:00,2948.0,EXPECTED_WEEKEND_CLOSURE,EXPECTED
2025-09-01 18:14:00,2025-09-01 22:02:00,228.0,UNEXPECTED_LONG_GAP,UNEXPECTED
2025-09-02 20:57:00,2025-09-02 22:02:00,65.0,EXPECTED_DAILY_MAINTENANCE,EXPECTED
2025-09-03 20:57:00,2025-09-03 22:02:00,65.0,EXPECTED_DAILY_MAINTENANCE,EXPECTED
2025-09-04 20:57:00,2025-09-04 22:02:00,65.0,EXPECTED_DAILY_MAINTENANCE,EXPECTED
2025-09-05 20:57:00,2025-09-07 22:05:00,2948.0,EXPECTED_WEEKEND_CLOSURE,EXPECTED
2025-09-08 20:57:00,2025-09-08 22:02:00,65.0,EXPECTED_DAILY_MAINTENANCE,EXPECTED
2025-09-09 20:57:00,2025-09-09 22:02:00,65.0,EXPECTED_DAILY_MAINTENANCE,EXPECTED
2025-09-10 20:57:00,2025-09-10 22:02:00,65.0,EXPECTED_DAILY_MAINTENANCE,EXPECTED
2025-09-11 20:57:00,2025-09-11 22:02:00,65.0,EXPECTED_DAILY_MAINTENANCE,EXPECTED
2025-09-12 20:57:00,2025-09-14 22:05:00,2948.0,EXPECTED_WEEKEND_CLOSURE,EXPECTED
2025-09-15 20:57:00,2025-09-15 22:02:00,65.0,EXPECTED_DAILY_MAINTENANCE,EXPECTED
2025-09-16 20:57:00,2025-09-16 22:02:00,65.0,EXPECTED_DAILY_MAINTENANCE,EXPECTED
2025-09-17 20:57:00,2025-09-17 22:02:00,65.0,EXPECTED_DAILY_MAINTENANCE,EXPECTED
2025-09-18 20:57:00,2025-09-18 22:02:00,65.0,EXPECTED_DAILY_MAINTENANCE,EXPECTED
2025-09-19 20:57:00,2025-09-21 22:05:00,2948.0,EXPECTED_WEEKEND_CLOSURE,EXPECTED
2025-09-22 20:57:00,2025-09-22 22:02:00,65.0,EXPECTED_DAILY_MAINTENANCE,EXPECTED
2025-09-23 20:57:00,2025-09-23 22:02:00,65.0,EXPECTED_DAILY_MAINTENANCE,EXPECTED
2025-09-24 20:57:00,2025-09-24 22:02:00,65.0,EXPECTED_DAILY_MAINTENANCE,EXPECTED
2025-09-25 20:57:00,2025-09-25 22:02:00,65.0,EXPECTED_DAILY_MAINTENANCE,EXPECTED
2025-09-26 20:57:00,2025-09-28 22:05:00,2948.0,EXPECTED_WEEKEND_CLOSURE,EXPECTED
2025-09-29 20:57:00,2025-09-29 22:02:00,65.0,EXPECTED_DAILY_MAINTENANCE,EXPECTED
2025-09-30 20:57:00,2025-09-30 22:02:00,65.0,EXPECTED_DAILY_MAINTENANCE,EXPECTED
2025-10-01 20:57:00,2025-10-01 22:02:00,65.0,EXPECTED_DAILY_MAINTENANCE,EXPECTED
2025-10-02 20:57:00,2025-10-02 22:02:00,65.0,EXPECTED_DAILY_MAINTENANCE,EXPECTED
2025-10-03 20:57:00,2025-10-05 22:05:00,2948.0,EXPECTED_WEEKEND_CLOSURE,EXPECTED
2025-10-06 20:57:00,2025-10-06 22:02:00,65.0,EXPECTED_DAILY_MAINTENANCE,EXPECTED
2025-10-07 20:57:00,2025-10-07 22:02:00,65.0,EXPECTED_DAILY_MAINTENANCE,EXPECTED
2025-10-08 20:57:00,2025-10-08 22:02:00,65.0,EXPECTED_DAILY_MAINTENANCE,EXPECTED
2025-10-09 20:57:00,2025-10-09 22:02:00,65.0,EXPECTED_DAILY_MAINTENANCE,EXPECTED
2025-10-10 20:57:00,2025-10-12 22:05:00,2948.0,EXPECTED_WEEKEND_CLOSURE,EXPECTED
2025-10-13 20:57:00,2025-10-13 22:02:00,65.0,EXPECTED_DAILY_MAINTENANCE,EXPECTED
2025-10-14 20:57:00,2025-10-14 22:02:00,65.0,EXPECTED_DAILY_MAINTENANCE,EXPECTED
2025-10-15 20:57:00,2025-10-15 22:02:00,65.0,EXPECTED_DAILY_MAINTENANCE,EXPECTED
2025-10-16 20:57:00,2025-10-16 22:02:00,65.0,EXPECTED_DAILY_MAINTENANCE,EXPECTED
2025-10-17 20:57:00,2025-10-19 22:05:00,2948.0,EXPECTED_WEEKEND_CLOSURE,EXPECTED
2025-10-20 20:57:00,2025-10-20 22:02:00,65.0,EXPECTED_DAILY_MAINTENANCE,EXPECTED
2025-10-21 20:57:00,2025-10-21 22:02:00,65.0,EXPECTED_DAILY_MAINTENANCE,EXPECTED
2025-10-22 20:57:00,2025-10-22 22:02:00,65.0,EXPECTED_DAILY_MAINTENANCE,EXPECTED
2025-10-23 20:57:00,2025-10-23 22:02:00,65.0,EXPECTED_DAILY_MAINTENANCE,EXPECTED
2025-10-24 20:57:00,2025-10-26 22:05:00,2948.0,EXPECTED_WEEKEND_CLOSURE,EXPECTED
2025-10-27 20:57:00,2025-10-27 22:02:00,65.0,EXPECTED_DAILY_MAINTENANCE,EXPECTED
2025-10-28 20:57:00,2025-10-28 22:02:00,65.0,EXPECTED_DAILY_MAINTENANCE,EXPECTED
2025-10-29 20:57:00,2025-10-29 22:02:00,65.0,EXPECTED_DAILY_MAINTENANCE,EXPECTED
2025-10-30 20:57:00,2025-10-30 22:02:00,65.0,EXPECTED_DAILY_MAINTENANCE,EXPECTED
2025-10-31 20:57:00,2025-11-02 23:01:00,3004.0,EXPECTED_WEEKEND_CLOSURE,EXPECTED
2025-11-03 21:57:00,2025-11-03 23:00:00,63.0,EXPECTED_DAILY_MAINTENANCE,EXPECTED
2025-11-04 21:57:00,2025-11-04 23:00:00,63.0,EXPECTED_DAILY_MAINTENANCE,EXPECTED
2025-11-05 21:57:00,2025-11-05 23:00:00,63.0,EXPECTED_DAILY_MAINTENANCE,EXPECTED
2025-11-06 21:57:00,2025-11-06 23:00:00,63.0,EXPECTED_DAILY_MAINTENANCE,EXPECTED
2025-11-07 21:57:00,2025-11-09 23:01:00,2944.0,EXPECTED_WEEKEND_CLOSURE,EXPECTED
2025-11-10 21:57:00,2025-11-10 23:00:00,63.0,EXPECTED_DAILY_MAINTENANCE,EXPECTED
2025-11-11 13:05:00,2025-11-11 13:09:00,4.0,UNEXPECTED_SHORT_GAP,UNEXPECTED
2025-11-11 21:57:00,2025-11-11 23:00:00,63.0,EXPECTED_DAILY_MAINTENANCE,EXPECTED
2025-11-12 21:57:00,2025-11-12 23:00:00,63.0,EXPECTED_DAILY_MAINTENANCE,EXPECTED
2025-11-13 21:57:00,2025-11-13 23:00:00,63.0,EXPECTED_DAILY_MAINTENANCE,EXPECTED
2025-11-14 21:57:00,2025-11-16 23:01:00,2944.0,EXPECTED_WEEKEND_CLOSURE,EXPECTED
2025-11-17 21:57:00,2025-11-17 23:00:00,63.0,EXPECTED_DAILY_MAINTENANCE,EXPECTED
2025-11-18 21:57:00,2025-11-18 23:00:00,63.0,EXPECTED_DAILY_MAINTENANCE,EXPECTED
2025-11-19 21:57:00,2025-11-19 23:00:00,63.0,EXPECTED_DAILY_MAINTENANCE,EXPECTED
2025-11-20 21:57:00,2025-11-20 23:00:00,63.0,EXPECTED_DAILY_MAINTENANCE,EXPECTED
2025-11-21 21:57:00,2025-11-23 23:01:00,2944.0,EXPECTED_WEEKEND_CLOSURE,EXPECTED
2025-11-24 21:57:00,2025-11-24 23:00:00,63.0,EXPECTED_DAILY_MAINTENANCE,EXPECTED
2025-11-25 21:57:00,2025-11-25 23:00:00,63.0,EXPECTED_DAILY_MAINTENANCE,EXPECTED
2025-11-26 21:57:00,2025-11-26 23:00:00,63.0,EXPECTED_DAILY_MAINTENANCE,EXPECTED
2025-11-27 19:29:00,2025-11-27 23:01:00,212.0,UNEXPECTED_LONG_GAP,UNEXPECTED
2025-11-28 08:07:00,2025-11-28 08:10:00,3.0,UNEXPECTED_SHORT_GAP,UNEXPECTED
2025-11-28 08:14:00,2025-11-28 08:55:00,41.0,UNEXPECTED_INTRADAY_GAP,UNEXPECTED
2025-11-28 08:55:00,2025-11-28 08:58:00,3.0,UNEXPECTED_SHORT_GAP,UNEXPECTED
2025-11-28 19:44:00,2025-11-30 23:07:00,3083.0,EXPECTED_WEEKEND_CLOSURE,EXPECTED
2025-12-01 21:57:00,2025-12-01 23:00:00,63.0,EXPECTED_DAILY_MAINTENANCE,EXPECTED
2025-12-02 21:57:00,2025-12-02 23:00:00,63.0,EXPECTED_DAILY_MAINTENANCE,EXPECTED
2025-12-03 21:57:00,2025-12-03 23:00:00,63.0,EXPECTED_DAILY_MAINTENANCE,EXPECTED
2025-12-04 21:57:00,2025-12-04 23:00:00,63.0,EXPECTED_DAILY_MAINTENANCE,EXPECTED
2025-12-05 21:57:00,2025-12-07 23:07:00,2950.0,EXPECTED_WEEKEND_CLOSURE,EXPECTED
2025-12-07 23:15:00,2025-12-07 23:17:00,2.0,EXPECTED_WEEKEND_CLOSURE,EXPECTED
2025-12-07 23:17:00,2025-12-07 23:21:00,4.0,EXPECTED_WEEKEND_CLOSURE,EXPECTED
2025-12-07 23:28:00,2025-12-07 23:49:00,21.0,EXPECTED_WEEKEND_CLOSURE,EXPECTED
2025-12-08 21:57:00,2025-12-08 23:00:00,63.0,EXPECTED_DAILY_MAINTENANCE,EXPECTED
2025-12-09 21:57:00,2025-12-09 23:00:00,63.0,EXPECTED_DAILY_MAINTENANCE,EXPECTED
2025-12-10 21:57:00,2025-12-10 23:00:00,63.0,EXPECTED_DAILY_MAINTENANCE,EXPECTED
2025-12-11 21:57:00,2025-12-11 23:03:00,66.0,EXPECTED_DAILY_MAINTENANCE,EXPECTED
2025-12-12 21:57:00,2025-12-14 23:03:00,2946.0,EXPECTED_WEEKEND_CLOSURE,EXPECTED
2025-12-15 21:57:00,2025-12-15 23:00:00,63.0,EXPECTED_DAILY_MAINTENANCE,EXPECTED
2025-12-16 21:57:00,2025-12-16 23:00:00,63.0,EXPECTED_DAILY_MAINTENANCE,EXPECTED
2025-12-17 21:57:00,2025-12-17 23:00:00,63.0,EXPECTED_DAILY_MAINTENANCE,EXPECTED
2025-12-17 23:02:00,2025-12-17 23:10:00,8.0,UNEXPECTED_INTRADAY_GAP,UNEXPECTED
2025-12-18 21:57:00,2025-12-18 23:02:00,65.0,EXPECTED_DAILY_MAINTENANCE,EXPECTED
2025-12-19 21:57:00,2025-12-21 23:04:00,2947.0,EXPECTED_WEEKEND_CLOSURE,EXPECTED
2025-12-22 21:57:00,2025-12-22 23:00:00,63.0,EXPECTED_DAILY_MAINTENANCE,EXPECTED
2025-12-23 21:57:00,2025-12-23 23:01:00,64.0,EXPECTED_DAILY_MAINTENANCE,EXPECTED
2025-12-24 18:29:00,2025-12-25 23:11:00,1722.0,EXPECTED_WEEKEND_CLOSURE,EXPECTED
2025-12-26 21:57:00,2025-12-28 23:01:00,2944.0,EXPECTED_WEEKEND_CLOSURE,EXPECTED
2025-12-29 21:57:00,2025-12-29 23:02:00,65.0,EXPECTED_DAILY_MAINTENANCE,EXPECTED
2025-12-30 21:57:00,2025-12-30 23:00:00,63.0,EXPECTED_DAILY_MAINTENANCE,EXPECTED
2025-12-30 23:01:00,2025-12-30 23:03:00,2.0,UNEXPECTED_SHORT_GAP,UNEXPECTED
2025-12-31 21:57:00,2026-01-01 23:05:00,1508.0,EXPECTED_WEEKEND_CLOSURE,EXPECTED
2026-01-02 21:57:00,2026-01-04 23:07:00,2950.0,EXPECTED_WEEKEND_CLOSURE,EXPECTED
2026-01-05 21:57:00,2026-01-05 23:04:00,67.0,EXPECTED_DAILY_MAINTENANCE,EXPECTED
2026-01-06 21:57:00,2026-01-06 23:01:00,64.0,EXPECTED_DAILY_MAINTENANCE,EXPECTED
2026-01-07 21:57:00,2026-01-07 23:01:00,64.0,EXPECTED_DAILY_MAINTENANCE,EXPECTED
2026-01-08 21:57:00,2026-01-08 23:01:00,64.0,EXPECTED_DAILY_MAINTENANCE,EXPECTED
2026-01-09 21:57:00,2026-01-11 23:03:00,2946.0,EXPECTED_WEEKEND_CLOSURE,EXPECTED
2026-01-12 21:57:00,2026-01-12 23:01:00,64.0,EXPECTED_DAILY_MAINTENANCE,EXPECTED
2026-01-13 21:57:00,2026-01-13 23:01:00,64.0,EXPECTED_DAILY_MAINTENANCE,EXPECTED
2026-01-14 21:57:00,2026-01-14 23:03:00,66.0,EXPECTED_DAILY_MAINTENANCE,EXPECTED
2026-01-15 21:57:00,2026-01-15 23:01:00,64.0,EXPECTED_DAILY_MAINTENANCE,EXPECTED
2026-01-16 21:57:00,2026-01-18 23:09:00,2952.0,EXPECTED_WEEKEND_CLOSURE,EXPECTED
2026-01-19 19:29:00,2026-01-19 23:03:00,214.0,UNEXPECTED_LONG_GAP,UNEXPECTED
2026-01-20 21:57:00,2026-01-20 23:00:00,63.0,EXPECTED_DAILY_MAINTENANCE,EXPECTED
2026-01-21 21:57:00,2026-01-21 23:01:00,64.0,EXPECTED_DAILY_MAINTENANCE,EXPECTED
2026-01-22 21:57:00,2026-01-22 23:00:00,63.0,EXPECTED_DAILY_MAINTENANCE,EXPECTED
2026-01-23 21:57:00,2026-01-25 23:01:00,2944.0,EXPECTED_WEEKEND_CLOSURE,EXPECTED
2026-01-25 23:02:00,2026-01-25 23:05:00,3.0,EXPECTED_WEEKEND_CLOSURE,EXPECTED
2026-01-26 21:57:00,2026-01-26 23:01:00,64.0,EXPECTED_DAILY_MAINTENANCE,EXPECTED
2026-01-27 21:57:00,2026-01-27 23:10:00,73.0,EXPECTED_DAILY_MAINTENANCE,EXPECTED
2026-01-28 21:57:00,2026-01-28 23:01:00,64.0,EXPECTED_DAILY_MAINTENANCE,EXPECTED
2026-01-28 23:38:00,2026-01-28 23:43:00,5.0,UNEXPECTED_SHORT_GAP,UNEXPECTED
2026-01-29 21:57:00,2026-01-29 23:01:00,64.0,EXPECTED_DAILY_MAINTENANCE,EXPECTED
2026-01-30 21:57:00,2026-02-01 23:01:00,2944.0,EXPECTED_WEEKEND_CLOSURE,EXPECTED
2026-02-01 23:01:00,2026-02-01 23:10:00,9.0,EXPECTED_WEEKEND_CLOSURE,EXPECTED
2026-02-01 23:45:00,2026-02-01 23:47:00,2.0,EXPECTED_WEEKEND_CLOSURE,EXPECTED
2026-02-02 21:57:00,2026-02-02 23:01:00,64.0,EXPECTED_DAILY_MAINTENANCE,EXPECTED
2026-02-03 21:57:00,2026-02-03 23:01:00,64.0,EXPECTED_DAILY_MAINTENANCE,EXPECTED
2026-02-04 21:57:00,2026-02-04 23:01:00,64.0,EXPECTED_DAILY_MAINTENANCE,EXPECTED
2026-02-05 21:57:00,2026-02-05 23:01:00,64.0,EXPECTED_DAILY_MAINTENANCE,EXPECTED
2026-02-06 21:57:00,2026-02-08 23:02:00,2945.0,EXPECTED_WEEKEND_CLOSURE,EXPECTED
2026-02-09 21:57:00,2026-02-09 23:02:00,65.0,EXPECTED_DAILY_MAINTENANCE,EXPECTED
2026-02-10 21:57:00,2026-02-10 23:01:00,64.0,EXPECTED_DAILY_MAINTENANCE,EXPECTED
2026-02-11 21:57:00,2026-02-11 23:02:00,65.0,EXPECTED_DAILY_MAINTENANCE,EXPECTED
2026-02-12 21:57:00,2026-02-12 23:00:00,63.0,EXPECTED_DAILY_MAINTENANCE,EXPECTED
2026-02-13 21:57:00,2026-02-15 23:01:00,2944.0,EXPECTED_WEEKEND_CLOSURE,EXPECTED
2026-02-15 23:08:00,2026-02-15 23:10:00,2.0,EXPECTED_WEEKEND_CLOSURE,EXPECTED
2026-02-16 19:29:00,2026-02-16 23:01:00,212.0,UNEXPECTED_LONG_GAP,UNEXPECTED
2026-02-17 21:57:00,2026-02-17 23:02:00,65.0,EXPECTED_DAILY_MAINTENANCE,EXPECTED
2026-02-18 21:57:00,2026-02-18 23:01:00,64.0,EXPECTED_DAILY_MAINTENANCE,EXPECTED
2026-02-19 21:57:00,2026-02-19 23:01:00,64.0,EXPECTED_DAILY_MAINTENANCE,EXPECTED
2026-02-20 21:57:00,2026-02-22 23:01:00,2944.0,EXPECTED_WEEKEND_CLOSURE,EXPECTED
2026-02-23 21:57:00,2026-02-23 23:00:00,63.0,EXPECTED_DAILY_MAINTENANCE,EXPECTED
2026-02-24 21:57:00,2026-02-24 23:03:00,66.0,EXPECTED_DAILY_MAINTENANCE,EXPECTED
2026-02-25 21:57:00,2026-02-25 23:00:00,63.0,EXPECTED_DAILY_MAINTENANCE,EXPECTED
2026-02-26 21:57:00,2026-02-26 23:01:00,64.0,EXPECTED_DAILY_MAINTENANCE,EXPECTED
2026-02-27 21:57:00,2026-03-01 23:01:00,2944.0,EXPECTED_WEEKEND_CLOSURE,EXPECTED
2026-03-01 23:01:00,2026-03-01 23:07:00,6.0,EXPECTED_WEEKEND_CLOSURE,EXPECTED
2026-03-01 23:07:00,2026-03-01 23:09:00,2.0,EXPECTED_WEEKEND_CLOSURE,EXPECTED
2026-03-02 21:57:00,2026-03-02 23:00:00,63.0,EXPECTED_DAILY_MAINTENANCE,EXPECTED
2026-03-03 21:57:00,2026-03-03 23:01:00,64.0,EXPECTED_DAILY_MAINTENANCE,EXPECTED
2026-03-04 21:57:00,2026-03-04 23:00:00,63.0,EXPECTED_DAILY_MAINTENANCE,EXPECTED
2026-03-05 21:57:00,2026-03-05 23:05:00,68.0,EXPECTED_DAILY_MAINTENANCE,EXPECTED
2026-03-06 21:57:00,2026-03-08 22:03:00,2886.0,EXPECTED_WEEKEND_CLOSURE,EXPECTED
2026-03-09 20:57:00,2026-03-09 22:00:00,63.0,EXPECTED_DAILY_MAINTENANCE,EXPECTED
2026-03-10 20:57:00,2026-03-10 22:01:00,64.0,EXPECTED_DAILY_MAINTENANCE,EXPECTED
2026-03-11 20:57:00,2026-03-11 22:02:00,65.0,EXPECTED_DAILY_MAINTENANCE,EXPECTED
2026-03-12 20:57:00,2026-03-12 22:01:00,64.0,EXPECTED_DAILY_MAINTENANCE,EXPECTED
2026-03-13 20:57:00,2026-03-15 22:01:00,2944.0,EXPECTED_WEEKEND_CLOSURE,EXPECTED
2026-03-16 20:57:00,2026-03-16 22:00:00,63.0,EXPECTED_DAILY_MAINTENANCE,EXPECTED
2026-03-17 20:57:00,2026-03-17 22:01:00,64.0,EXPECTED_DAILY_MAINTENANCE,EXPECTED
2026-03-18 20:57:00,2026-03-18 22:00:00,63.0,EXPECTED_DAILY_MAINTENANCE,EXPECTED
2026-03-19 20:57:00,2026-03-19 22:01:00,64.0,EXPECTED_DAILY_MAINTENANCE,EXPECTED
2026-03-20 20:57:00,2026-03-22 22:01:00,2944.0,EXPECTED_WEEKEND_CLOSURE,EXPECTED
2026-03-23 20:57:00,2026-03-23 22:01:00,64.0,EXPECTED_DAILY_MAINTENANCE,EXPECTED
2026-03-24 20:57:00,2026-03-24 22:00:00,63.0,EXPECTED_DAILY_MAINTENANCE,EXPECTED
2026-03-25 20:57:00,2026-03-25 22:00:00,63.0,EXPECTED_DAILY_MAINTENANCE,EXPECTED
2026-03-26 20:57:00,2026-03-26 22:01:00,64.0,EXPECTED_DAILY_MAINTENANCE,EXPECTED
2026-03-27 20:57:00,2026-03-29 22:04:00,2947.0,EXPECTED_WEEKEND_CLOSURE,EXPECTED
2026-03-30 20:57:00,2026-03-30 22:00:00,63.0,EXPECTED_DAILY_MAINTENANCE,EXPECTED
2026-03-31 20:57:00,2026-03-31 22:00:00,63.0,EXPECTED_DAILY_MAINTENANCE,EXPECTED
2026-04-01 20:57:00,2026-04-01 22:16:00,79.0,UNEXPECTED_LONG_GAP,UNEXPECTED
2026-04-02 20:57:00,2026-04-05 22:01:00,4384.0,EXPECTED_WEEKEND_CLOSURE,EXPECTED
2026-04-06 20:57:00,2026-04-06 22:01:00,64.0,EXPECTED_DAILY_MAINTENANCE,EXPECTED
2026-04-07 20:57:00,2026-04-07 22:01:00,64.0,EXPECTED_DAILY_MAINTENANCE,EXPECTED
2026-04-08 20:57:00,2026-04-08 22:01:00,64.0,EXPECTED_DAILY_MAINTENANCE,EXPECTED
2026-04-09 20:57:00,2026-04-09 22:01:00,64.0,EXPECTED_DAILY_MAINTENANCE,EXPECTED
2026-04-10 20:57:00,2026-04-12 22:06:00,2949.0,EXPECTED_WEEKEND_CLOSURE,EXPECTED
2026-04-13 20:57:00,2026-04-13 22:01:00,64.0,EXPECTED_DAILY_MAINTENANCE,EXPECTED
2026-04-14 20:57:00,2026-04-14 22:01:00,64.0,EXPECTED_DAILY_MAINTENANCE,EXPECTED
2026-04-15 20:57:00,2026-04-15 22:02:00,65.0,EXPECTED_DAILY_MAINTENANCE,EXPECTED
2026-04-16 20:57:00,2026-04-16 22:00:00,63.0,EXPECTED_DAILY_MAINTENANCE,EXPECTED
2026-04-17 20:57:00,2026-04-19 22:01:00,2944.0,EXPECTED_WEEKEND_CLOSURE,EXPECTED
2026-04-19 22:01:00,2026-04-19 22:03:00,2.0,EXPECTED_WEEKEND_CLOSURE,EXPECTED
2026-04-20 20:57:00,2026-04-20 22:00:00,63.0,EXPECTED_DAILY_MAINTENANCE,EXPECTED
2026-04-21 20:57:00,2026-04-21 22:00:00,63.0,EXPECTED_DAILY_MAINTENANCE,EXPECTED
2026-04-22 20:57:00,2026-04-22 22:00:00,63.0,EXPECTED_DAILY_MAINTENANCE,EXPECTED
2026-04-23 20:57:00,2026-04-23 22:01:00,64.0,EXPECTED_DAILY_MAINTENANCE,EXPECTED
2026-04-24 20:57:00,2026-04-26 22:02:00,2945.0,EXPECTED_WEEKEND_CLOSURE,EXPECTED
2026-04-27 20:57:00,2026-04-27 22:01:00,64.0,EXPECTED_DAILY_MAINTENANCE,EXPECTED
2026-04-28 20:57:00,2026-04-28 22:01:00,64.0,EXPECTED_DAILY_MAINTENANCE,EXPECTED
2026-04-29 20:57:00,2026-04-29 22:01:00,64.0,EXPECTED_DAILY_MAINTENANCE,EXPECTED
2026-04-30 20:57:00,2026-04-30 22:01:00,64.0,EXPECTED_DAILY_MAINTENANCE,EXPECTED
2026-05-01 20:57:00,2026-05-03 22:03:00,2946.0,EXPECTED_WEEKEND_CLOSURE,EXPECTED
2026-05-04 20:57:00,2026-05-04 22:01:00,64.0,EXPECTED_DAILY_MAINTENANCE,EXPECTED
2026-05-05 20:57:00,2026-05-05 22:01:00,64.0,EXPECTED_DAILY_MAINTENANCE,EXPECTED
2026-05-06 20:57:00,2026-05-06 22:01:00,64.0,EXPECTED_DAILY_MAINTENANCE,EXPECTED
2026-05-07 20:57:00,2026-05-07 22:01:00,64.0,EXPECTED_DAILY_MAINTENANCE,EXPECTED
2026-05-08 20:57:00,2026-05-10 22:02:00,2945.0,EXPECTED_WEEKEND_CLOSURE,EXPECTED
2026-05-11 20:57:00,2026-05-11 22:01:00,64.0,EXPECTED_DAILY_MAINTENANCE,EXPECTED
2026-05-12 20:57:00,2026-05-12 22:00:00,63.0,EXPECTED_DAILY_MAINTENANCE,EXPECTED
2026-05-13 20:57:00,2026-05-13 22:00:00,63.0,EXPECTED_DAILY_MAINTENANCE,EXPECTED
2026-05-14 20:57:00,2026-05-14 22:00:00,63.0,EXPECTED_DAILY_MAINTENANCE,EXPECTED
2026-05-15 20:57:00,2026-05-17 22:02:00,2945.0,EXPECTED_WEEKEND_CLOSURE,EXPECTED
2026-05-18 20:57:00,2026-05-18 22:00:00,63.0,EXPECTED_DAILY_MAINTENANCE,EXPECTED
2026-05-19 20:57:00,2026-05-19 22:00:00,63.0,EXPECTED_DAILY_MAINTENANCE,EXPECTED
2026-05-20 20:57:00,2026-05-20 22:00:00,63.0,EXPECTED_DAILY_MAINTENANCE,EXPECTED
2026-05-21 20:57:00,2026-05-21 22:00:00,63.0,EXPECTED_DAILY_MAINTENANCE,EXPECTED
2026-05-22 20:57:00,2026-05-24 22:01:00,2944.0,EXPECTED_WEEKEND_CLOSURE,EXPECTED
2026-05-25 18:29:00,2026-05-25 22:01:00,212.0,UNEXPECTED_LONG_GAP,UNEXPECTED
2026-05-26 20:57:00,2026-05-26 22:02:00,65.0,EXPECTED_DAILY_MAINTENANCE,EXPECTED
2026-05-27 20:57:00,2026-05-27 22:00:00,63.0,EXPECTED_DAILY_MAINTENANCE,EXPECTED
2026-05-28 20:57:00,2026-05-28 22:00:00,63.0,EXPECTED_DAILY_MAINTENANCE,EXPECTED
2026-05-29 20:57:00,2026-05-31 22:01:00,2944.0,EXPECTED_WEEKEND_CLOSURE,EXPECTED
2026-06-01 20:57:00,2026-06-01 22:00:00,63.0,EXPECTED_DAILY_MAINTENANCE,EXPECTED
2026-06-02 20:57:00,2026-06-02 22:00:00,63.0,EXPECTED_DAILY_MAINTENANCE,EXPECTED
2026-06-03 20:57:00,2026-06-03 22:00:00,63.0,EXPECTED_DAILY_MAINTENANCE,EXPECTED
2026-06-04 20:57:00,2026-06-04 22:00:00,63.0,EXPECTED_DAILY_MAINTENANCE,EXPECTED
2026-06-05 20:57:00,2026-06-07 22:01:00,2944.0,EXPECTED_WEEKEND_CLOSURE,EXPECTED
2026-06-08 20:57:00,2026-06-08 22:00:00,63.0,EXPECTED_DAILY_MAINTENANCE,EXPECTED
2026-06-09 20:57:00,2026-06-09 22:00:00,63.0,EXPECTED_DAILY_MAINTENANCE,EXPECTED
2026-06-10 20:57:00,2026-06-10 22:00:00,63.0,EXPECTED_DAILY_MAINTENANCE,EXPECTED
2026-06-11 20:57:00,2026-06-11 22:00:00,63.0,EXPECTED_DAILY_MAINTENANCE,EXPECTED
2026-06-12 20:57:00,2026-06-14 22:02:00,2945.0,EXPECTED_WEEKEND_CLOSURE,EXPECTED
2026-06-15 20:57:00,2026-06-15 22:00:00,63.0,EXPECTED_DAILY_MAINTENANCE,EXPECTED
2026-06-16 20:57:00,2026-06-16 22:00:00,63.0,EXPECTED_DAILY_MAINTENANCE,EXPECTED
2026-06-17 20:57:00,2026-06-17 22:00:00,63.0,EXPECTED_DAILY_MAINTENANCE,EXPECTED
2026-06-18 20:57:00,2026-06-18 22:00:00,63.0,EXPECTED_DAILY_MAINTENANCE,EXPECTED
2026-06-19 16:59:00,2026-06-21 22:01:00,3182.0,EXPECTED_WEEKEND_CLOSURE,EXPECTED
2026-06-22 20:57:00,2026-06-22 22:00:00,63.0,EXPECTED_DAILY_MAINTENANCE,EXPECTED
2026-06-23 20:57:00,2026-06-23 22:00:00,63.0,EXPECTED_DAILY_MAINTENANCE,EXPECTED
2026-06-24 20:57:00,2026-06-24 22:00:00,63.0,EXPECTED_DAILY_MAINTENANCE,EXPECTED
2026-06-25 20:57:00,2026-06-25 22:00:00,63.0,EXPECTED_DAILY_MAINTENANCE,EXPECTED
2026-06-26 20:57:00,2026-06-28 22:01:00,2944.0,EXPECTED_WEEKEND_CLOSURE,EXPECTED
2026-06-29 20:57:00,2026-06-29 22:00:00,63.0,EXPECTED_DAILY_MAINTENANCE,EXPECTED
2026-06-30 20:57:00,2026-06-30 22:00:00,63.0,EXPECTED_DAILY_MAINTENANCE,EXPECTED
2026-07-01 20:57:00,2026-07-01 22:00:00,63.0,EXPECTED_DAILY_MAINTENANCE,EXPECTED
2026-07-02 20:57:00,2026-07-02 22:00:00,63.0,EXPECTED_DAILY_MAINTENANCE,EXPECTED
2026-07-03 16:59:00,2026-07-05 22:01:00,3182.0,EXPECTED_WEEKEND_CLOSURE,EXPECTED
2026-07-06 20:57:00,2026-07-06 22:00:00,63.0,EXPECTED_DAILY_MAINTENANCE,EXPECTED
2026-07-07 20:57:00,2026-07-07 22:00:00,63.0,EXPECTED_DAILY_MAINTENANCE,EXPECTED
2026-07-08 20:57:00,2026-07-08 22:00:00,63.0,EXPECTED_DAILY_MAINTENANCE,EXPECTED
2026-07-09 20:57:00,2026-07-09 22:00:00,63.0,EXPECTED_DAILY_MAINTENANCE,EXPECTED
2026-07-10 20:57:00,2026-07-12 22:01:00,2944.0,EXPECTED_WEEKEND_CLOSURE,EXPECTED
2026-07-13 20:57:00,2026-07-13 22:00:00,63.0,EXPECTED_DAILY_MAINTENANCE,EXPECTED
2026-07-14 20:57:00,2026-07-14 22:00:00,63.0,EXPECTED_DAILY_MAINTENANCE,EXPECTED
2026-07-15 20:57:00,2026-07-15 22:00:00,63.0,EXPECTED_DAILY_MAINTENANCE,EXPECTED
2026-07-16 20:57:00,2026-07-16 22:00:00,63.0,EXPECTED_DAILY_MAINTENANCE,EXPECTED
2026-07-17 20:57:00,2026-07-19 22:01:00,2944.0,EXPECTED_WEEKEND_CLOSURE,EXPECTED
2026-07-20 20:57:00,2026-07-20 22:00:00,63.0,EXPECTED_DAILY_MAINTENANCE,EXPECTED
2026-07-21 20:57:00,2026-07-21 22:00:00,63.0,EXPECTED_DAILY_MAINTENANCE,EXPECTED
2026-07-22 20:57:00,2026-07-22 22:00:00,63.0,EXPECTED_DAILY_MAINTENANCE,EXPECTED
2026-07-23 20:57:00,2026-07-23 22:00:00,63.0,EXPECTED_DAILY_MAINTENANCE,EXPECTED
2026-07-24 20:57:00,2026-07-26 22:01:00,2944.0,EXPECTED_WEEKEND_CLOSURE,EXPECTED
2026-07-27 20:57:00,2026-07-27 22:00:00,63.0,EXPECTED_DAILY_MAINTENANCE,EXPECTED
2026-07-28 20:57:00,2026-07-28 22:00:00,63.0,EXPECTED_DAILY_MAINTENANCE,EXPECTED
2026-07-29 20:57:00,2026-07-29 22:00:00,63.0,EXPECTED_DAILY_MAINTENANCE,EXPECTED
2026-07-30 20:57:00,2026-07-30 22:00:00,63.0,EXPECTED_DAILY_MAINTENANCE,EXPECTED
2026-07-31 20:57:00,2026-08-02 22:01:00,2944.0,EXPECTED_WEEKEND_CLOSURE,EXPECTED
2026-08-03 20:57:00,2026-08-03 22:00:00,63.0,EXPECTED_DAILY_MAINTENANCE,EXPECTED
2026-08-04 20:57:00,2026-08-04 22:00:00,63.0,EXPECTED_DAILY_MAINTENANCE,EXPECTED
2026-08-05 20:57:00,2026-08-05 22:00:00,63.0,EXPECTED_DAILY_MAINTENANCE,EXPECTED
2026-08-06 20:57:00,2026-08-06 22:00:00,63.0,EXPECTED_DAILY_MAINTENANCE,EXPECTED
2026-08-07 20:57:00,2026-08-09 22:01:00,2944.0,EXPECTED_WEEKEND_CLOSURE,EXPECTED
2026-08-10 20:57:00,2026-08-10 22:00:00,63.0,EXPECTED_DAILY_MAINTENANCE,EXPECTED
2026-08-11 20:57:00,2026-08-11 22:00:00,63.0,EXPECTED_DAILY_MAINTENANCE,EXPECTED
2026-08-12 20:57:00,2026-08-12 22:00:00,63.0,EXPECTED_DAILY_MAINTENANCE,EXPECTED
