previous,current,gap_minutes,previous_date,current_date,previous_year,current_year,previous_month,current_month,previous_weekday,current_weekday,previous_minute,current_minute,previous_open,previous_high,previous_low,previous_close,current_open,current_high,current_low,current_close,family_id,previous_clock,current_clock,anchor_previous_clock,anchor_current_clock,previous_clock_shift_minutes,current_clock_shift_minutes
2021-10-19 20:58:00,2021-10-19 22:01:00,63.0,2021-10-19,2021-10-19,2021,2021,10,10,Tuesday,Tuesday,1258,1321,1769.271,1769.453,1769.235,1769.423,1769.197,1769.331,1769.196,1769.295,P30_C35_D64,20:58,22:01,20:57,22:01,1,0
2021-10-20 20:58:00,2021-10-20 22:01:00,63.0,2021-10-20,2021-10-20,2021,2021,10,10,Wednesday,Wednesday,1258,1321,1781.644,1781.866,1781.619,1781.862,1782.037,1782.04,1781.819,1781.96,P30_C35_D64,20:58,22:01,20:57,22:01,1,0
2021-10-21 20:58:00,2021-10-21 22:01:00,63.0,2021-10-21,2021-10-21,2021,2021,10,10,Thursday,Thursday,1258,1321,1782.759,1783.054,1782.752,1782.866,1783.29,1783.29,1783.222,1783.265,P30_C35_D64,20:58,22:01,20:57,22:01,1,0
2021-10-25 20:58:00,2021-10-25 22:01:00,63.0,2021-10-25,2021-10-25,2021,2021,10,10,Monday,Monday,1258,1321,1807.65,1807.65,1807.469,1807.569,1807.252,1807.296,1807.19,1807.266,P30_C35_D64,20:58,22:01,20:57,22:01,1,0
2021-10-26 20:58:00,2021-10-26 22:01:00,63.0,2021-10-26,2021-10-26,2021,2021,10,10,Tuesday,Tuesday,1258,1321,1792.887,1792.887,1792.664,1792.685,1793.168,1793.212,1793.088,1793.144,P30_C35_D64,20:58,22:01,20:57,22:01,1,0
2021-10-27 20:58:00,2021-10-27 22:01:00,63.0,2021-10-27,2021-10-27,2021,2021,10,10,Wednesday,Wednesday,1258,1321,1796.9,1796.933,1796.767,1796.846,1796.534,1796.542,1796.403,1796.441,P30_C35_D64,20:58,22:01,20:57,22:01,1,0
2021-10-28 20:58:00,2021-10-28 22:01:00,63.0,2021-10-28,2021-10-28,2021,2021,10,10,Thursday,Thursday,1258,1321,1798.739,1798.875,1798.733,1798.817,1799.532,1799.555,1799.466,1799.522,P30_C35_D64,20:58,22:01,20:57,22:01,1,0
2021-11-01 20:58:00,2021-11-01 22:01:00,63.0,2021-11-01,2021-11-01,2021,2021,11,11,Monday,Monday,1258,1321,1793.18,1793.202,1793.156,1793.156,1792.971,1793.019,1792.971,1793.019,P30_C35_D64,20:58,22:01,20:57,22:01,1,0
2021-11-02 20:58:00,2021-11-02 22:01:00,63.0,2021-11-02,2021-11-02,2021,2021,11,11,Tuesday,Tuesday,1258,1321,1787.92,1787.92,1787.872,1787.899,1787.784,1787.816,1787.706,1787.706,P30_C35_D64,20:58,22:01,20:57,22:01,1,0
2021-11-03 20:58:00,2021-11-03 22:01:00,63.0,2021-11-03,2021-11-03,2021,2021,11,11,Wednesday,Wednesday,1258,1321,1769.617,1769.796,1769.495,1769.61,1770.555,1770.561,1770.466,1770.49,P30_C35_D64,20:58,22:01,20:57,22:01,1,0
2021-11-04 20:58:00,2021-11-04 22:01:00,63.0,2021-11-04,2021-11-04,2021,2021,11,11,Thursday,Thursday,1258,1321,1791.654,1791.733,1791.62,1791.653,1791.107,1791.274,1791.107,1791.134,P30_C35_D64,20:58,22:01,20:57,22:01,1,0
2021-11-08 21:58:00,2021-11-08 23:01:00,63.0,2021-11-08,2021-11-08,2021,2021,11,11,Monday,Monday,1318,1381,1824.088,1824.201,1824.088,1824.199,1824.825,1824.825,1824.703,1824.714,P33_C39_D64,21:58,23:01,21:57,23:01,1,0
2021-11-09 21:58:00,2021-11-09 23:01:00,63.0,2021-11-09,2021-11-09,2021,2021,11,11,Tuesday,Tuesday,1318,1381,1831.627,1831.752,1831.52,1831.752,1831.823,1831.882,1831.722,1831.769,P33_C39_D64,21:58,23:01,21:57,23:01,1,0
2021-11-10 21:58:00,2021-11-10 23:01:00,63.0,2021-11-10,2021-11-10,2021,2021,11,11,Wednesday,Wednesday,1318,1381,1848.848,1849.276,1848.845,1849.2,1849.69,1849.69,1849.426,1849.431,P33_C39_D64,21:58,23:01,21:57,23:01,1,0
2021-11-11 21:58:00,2021-11-11 23:01:00,63.0,2021-11-11,2021-11-11,2021,2021,11,11,Thursday,Thursday,1318,1381,1862.014,1862.02,1861.771,1861.816,1861.684,1861.812,1861.616,1861.616,P33_C39_D64,21:58,23:01,21:57,23:01,1,0
2021-11-15 21:58:00,2021-11-15 23:01:00,63.0,2021-11-15,2021-11-15,2021,2021,11,11,Monday,Monday,1318,1381,1862.709,1862.731,1862.642,1862.731,1862.818,1862.903,1862.808,1862.882,P33_C39_D64,21:58,23:01,21:57,23:01,1,0
2021-11-16 21:58:00,2021-11-16 23:01:00,63.0,2021-11-16,2021-11-16,2021,2021,11,11,Tuesday,Tuesday,1318,1381,1850.229,1850.454,1850.157,1850.454,1850.191,1850.312,1850.161,1850.312,P33_C39_D64,21:58,23:01,21:57,23:01,1,0
2021-11-17 21:58:00,2021-11-17 23:01:00,63.0,2021-11-17,2021-11-17,2021,2021,11,11,Wednesday,Wednesday,1318,1381,1867.366,1867.481,1867.27,1867.312,1866.819,1866.822,1866.603,1866.72,P33_C39_D64,21:58,23:01,21:57,23:01,1,0
2021-11-18 21:58:00,2021-11-18 23:01:00,63.0,2021-11-18,2021-11-18,2021,2021,11,11,Thursday,Thursday,1318,1381,1858.756,1858.874,1858.58,1858.874,1859.124,1859.124,1859.083,1859.083,P33_C39_D64,21:58,23:01,21:57,23:01,1,0
2021-11-22 21:58:00,2021-11-22 23:01:00,63.0,2021-11-22,2021-11-22,2021,2021,11,11,Monday,Monday,1318,1381,1804.489,1805.03,1804.382,1804.791,1807.139,1807.972,1807.127,1807.709,P33_C39_D64,21:58,23:01,21:57,23:01,1,0
2021-11-23 21:58:00,2021-11-23 23:01:00,63.0,2021-11-23,2021-11-23,2021,2021,11,11,Tuesday,Tuesday,1318,1381,1789.02,1789.07,1788.899,1789.013,1789.209,1789.243,1789.147,1789.233,P33_C39_D64,21:58,23:01,21:57,23:01,1,0
2021-11-24 21:58:00,2021-11-24 23:01:00,63.0,2021-11-24,2021-11-24,2021,2021,11,11,Wednesday,Wednesday,1318,1381,1788.731,1788.737,1788.388,1788.522,1788.695,1788.695,1788.188,1788.193,P33_C39_D64,21:58,23:01,21:57,23:01,1,0
2021-11-29 21:58:00,2021-11-29 23:01:00,63.0,2021-11-29,2021-11-29,2021,2021,11,11,Monday,Monday,1318,1381,1784.622,1784.913,1784.594,1784.634,1785.097,1785.158,1784.9,1785.158,P33_C39_D64,21:58,23:01,21:57,23:01,1,0
2021-11-30 21:58:00,2021-11-30 23:01:00,63.0,2021-11-30,2021-11-30,2021,2021,11,11,Tuesday,Tuesday,1318,1381,1774.222,1774.976,1774.222,1774.825,1774.947,1775.139,1774.908,1775.024,P33_C39_D64,21:58,23:01,21:57,23:01,1,0
2021-12-01 21:58:00,2021-12-01 23:01:00,63.0,2021-12-01,2021-12-01,2021,2021,12,12,Wednesday,Wednesday,1318,1381,1781.838,1781.94,1781.76,1781.794,1781.574,1781.871,1781.574,1781.763,P33_C39_D64,21:58,23:01,21:57,23:01,1,0
2021-12-02 21:58:00,2021-12-02 23:01:00,63.0,2021-12-02,2021-12-02,2021,2021,12,12,Thursday,Thursday,1318,1381,1768.033,1768.316,1768.033,1768.199,1769.678,1769.794,1769.479,1769.794,P33_C39_D64,21:58,23:01,21:57,23:01,1,0
2021-12-06 21:58:00,2021-12-06 23:01:00,63.0,2021-12-06,2021-12-06,2021,2021,12,12,Monday,Monday,1318,1381,1778.359,1778.537,1778.359,1778.394,1778.81,1778.892,1778.809,1778.887,P33_C39_D64,21:58,23:01,21:57,23:01,1,0
2021-12-07 21:58:00,2021-12-07 23:01:00,63.0,2021-12-07,2021-12-07,2021,2021,12,12,Tuesday,Tuesday,1318,1381,1783.954,1784.067,1783.915,1784.067,1784.417,1784.443,1784.365,1784.365,P33_C39_D64,21:58,23:01,21:57,23:01,1,0
2021-12-08 21:58:00,2021-12-08 23:01:00,63.0,2021-12-08,2021-12-08,2021,2021,12,12,Wednesday,Wednesday,1318,1381,1782.625,1783.127,1782.621,1782.96,1783.095,1783.139,1783.077,1783.109,P33_C39_D64,21:58,23:01,21:57,23:01,1,0
2021-12-09 21:58:00,2021-12-09 23:01:00,63.0,2021-12-09,2021-12-09,2021,2021,12,12,Thursday,Thursday,1318,1381,1775.075,1775.236,1775.075,1775.13,1775.884,1776.16,1775.876,1776.09,P33_C39_D64,21:58,23:01,21:57,23:01,1,0
2021-12-13 21:58:00,2021-12-13 23:01:00,63.0,2021-12-13,2021-12-13,2021,2021,12,12,Monday,Monday,1318,1381,1786.707,1786.707,1786.495,1786.653,1786.227,1786.227,1786.124,1786.163,P33_C39_D64,21:58,23:01,21:57,23:01,1,0
2021-12-14 21:58:00,2021-12-14 23:01:00,63.0,2021-12-14,2021-12-14,2021,2021,12,12,Tuesday,Tuesday,1318,1381,1770.397,1770.643,1770.397,1770.589,1771.209,1771.345,1771.209,1771.345,P33_C39_D64,21:58,23:01,21:57,23:01,1,0
2021-12-15 21:58:00,2021-12-15 23:01:00,63.0,2021-12-15,2021-12-15,2021,2021,12,12,Wednesday,Wednesday,1318,1381,1777.217,1777.217,1776.846,1777.05,1778.209,1778.223,1777.763,1777.875,P33_C39_D64,21:58,23:01,21:57,23:01,1,0
2021-12-16 21:58:00,2021-12-16 23:01:00,63.0,2021-12-16,2021-12-16,2021,2021,12,12,Thursday,Thursday,1318,1381,1799.234,1799.296,1799.083,1799.15,1799.05,1799.05,1798.731,1798.769,P33_C39_D64,21:58,23:01,21:57,23:01,1,0
2021-12-20 21:58:00,2021-12-20 23:01:00,63.0,2021-12-20,2021-12-20,2021,2021,12,12,Monday,Monday,1318,1381,1790.512,1790.895,1790.483,1790.856,1791.386,1791.739,1791.311,1791.618,P33_C39_D64,21:58,23:01,21:57,23:01,1,0
2021-12-21 21:58:00,2021-12-21 23:01:00,63.0,2021-12-21,2021-12-21,2021,2021,12,12,Tuesday,Tuesday,1318,1381,1788.762,1788.914,1788.762,1788.865,1789.083,1789.09,1789.062,1789.09,P33_C39_D64,21:58,23:01,21:57,23:01,1,0
2021-12-22 21:58:00,2021-12-22 23:01:00,63.0,2021-12-22,2021-12-22,2021,2021,12,12,Wednesday,Wednesday,1318,1381,1803.543,1803.581,1803.468,1803.537,1803.966,1803.966,1803.753,1803.809,P33_C39_D64,21:58,23:01,21:57,23:01,1,0
2021-12-27 21:58:00,2021-12-27 23:01:00,63.0,2021-12-27,2021-12-27,2021,2021,12,12,Monday,Monday,1318,1381,1812.114,1812.114,1811.814,1811.839,1811.469,1811.529,1811.442,1811.522,P33_C39_D64,21:58,23:01,21:57,23:01,1,0
2021-12-28 21:58:00,2021-12-28 23:01:00,63.0,2021-12-28,2021-12-28,2021,2021,12,12,Tuesday,Tuesday,1318,1381,1805.941,1806.149,1805.941,1806.118,1806.195,1806.382,1806.016,1806.358,P33_C39_D64,21:58,23:01,21:57,23:01,1,0
2021-12-29 21:58:00,2021-12-29 23:01:00,63.0,2021-12-29,2021-12-29,2021,2021,12,12,Wednesday,Wednesday,1318,1381,1803.745,1804.415,1803.745,1804.36,1804.385,1804.385,1804.177,1804.205,P33_C39_D64,21:58,23:01,21:57,23:01,1,0
2021-12-30 21:58:00,2021-12-30 23:01:00,63.0,2021-12-30,2021-12-30,2021,2021,12,12,Thursday,Thursday,1318,1381,1814.756,1814.756,1814.465,1814.578,1815.052,1815.138,1814.952,1814.952,P33_C39_D64,21:58,23:01,21:57,23:01,1,0
2022-01-03 21:58:00,2022-01-03 23:01:00,63.0,2022-01-03,2022-01-03,2022,2022,1,1,Monday,Monday,1318,1381,1800.933,1801.227,1800.933,1801.227,1802.262,1802.618,1802.226,1802.44,P33_C39_D64,21:58,23:01,21:57,23:01,1,0
2022-01-04 21:58:00,2022-01-04 23:01:00,63.0,2022-01-04,2022-01-04,2022,2022,1,1,Tuesday,Tuesday,1318,1381,1814.582,1814.595,1814.407,1814.463,1814.316,1814.324,1814.072,1814.084,P33_C39_D64,21:58,23:01,21:57,23:01,1,0
2022-01-05 21:58:00,2022-01-05 23:01:00,63.0,2022-01-05,2022-01-05,2022,2022,1,1,Wednesday,Wednesday,1318,1381,1809.919,1810.599,1809.919,1810.293,1810.686,1811.028,1810.647,1810.747,P33_C39_D64,21:58,23:01,21:57,23:01,1,0
2022-01-06 21:58:00,2022-01-06 23:01:00,63.0,2022-01-06,2022-01-06,2022,2022,1,1,Thursday,Thursday,1318,1381,1790.644,1790.969,1790.644,1790.899,1791.143,1791.236,1790.985,1791.218,P33_C39_D64,21:58,23:01,21:57,23:01,1,0
2022-01-10 21:58:00,2022-01-10 23:01:00,63.0,2022-01-10,2022-01-10,2022,2022,1,1,Monday,Monday,1318,1381,1801.707,1801.713,1801.612,1801.669,1800.643,1800.649,1800.489,1800.645,P33_C39_D64,21:58,23:01,21:57,23:01,1,0
2022-01-11 21:58:00,2022-01-11 23:01:00,63.0,2022-01-11,2022-01-11,2022,2022,1,1,Tuesday,Tuesday,1318,1381,1821.593,1821.593,1821.261,1821.377,1820.731,1820.913,1820.707,1820.833,P33_C39_D64,21:58,23:01,21:57,23:01,1,0
2022-01-12 21:58:00,2022-01-12 23:01:00,63.0,2022-01-12,2022-01-12,2022,2022,1,1,Wednesday,Wednesday,1318,1381,1826.203,1826.203,1826.019,1826.103,1825.875,1826.022,1825.643,1825.972,P33_C39_D64,21:58,23:01,21:57,23:01,1,0
2022-01-13 21:58:00,2022-01-13 23:01:00,63.0,2022-01-13,2022-01-13,2022,2022,1,1,Thursday,Thursday,1318,1381,1822.756,1822.756,1822.533,1822.533,1821.473,1821.649,1821.338,1821.53,P33_C39_D64,21:58,23:01,21:57,23:01,1,0
2022-01-18 21:58:00,2022-01-18 23:01:00,63.0,2022-01-18,2022-01-18,2022,2022,1,1,Tuesday,Tuesday,1318,1381,1813.658,1813.816,1813.591,1813.638,1813.485,1813.905,1813.485,1813.905,P33_C39_D64,21:58,23:01,21:57,23:01,1,0
2022-01-19 21:58:00,2022-01-19 23:01:00,63.0,2022-01-19,2022-01-19,2022,2022,1,1,Wednesday,Wednesday,1318,1381,1840.507,1840.544,1840.373,1840.373,1839.757,1839.886,1839.512,1839.781,P33_C39_D64,21:58,23:01,21:57,23:01,1,0
2022-01-20 21:58:00,2022-01-20 23:01:00,63.0,2022-01-20,2022-01-20,2022,2022,1,1,Thursday,Thursday,1318,1381,1839.295,1839.642,1839.295,1839.49,1839.133,1839.344,1839.08,1839.107,P33_C39_D64,21:58,23:01,21:57,23:01,1,0
2022-01-24 21:58:00,2022-01-24 23:01:00,63.0,2022-01-24,2022-01-24,2022,2022,1,1,Monday,Monday,1318,1381,1843.077,1843.077,1842.877,1842.984,1843.002,1843.066,1842.879,1842.879,P33_C39_D64,21:58,23:01,21:57,23:01,1,0
2022-01-25 21:58:00,2022-01-25 23:01:00,63.0,2022-01-25,2022-01-25,2022,2022,1,1,Tuesday,Tuesday,1318,1381,1847.885,1848.13,1847.885,1847.986,1847.806,1847.9,1847.741,1847.834,P33_C39_D64,21:58,23:01,21:57,23:01,1,0
2022-01-26 21:58:00,2022-01-26 23:01:00,63.0,2022-01-26,2022-01-26,2022,2022,1,1,Wednesday,Wednesday,1318,1381,1819.127,1819.427,1819.113,1819.344,1819.927,1820.036,1819.421,1819.497,P33_C39_D64,21:58,23:01,21:57,23:01,1,0
2022-01-27 21:58:00,2022-01-27 23:01:00,63.0,2022-01-27,2022-01-27,2022,2022,1,1,Thursday,Thursday,1318,1381,1796.863,1797.486,1796.863,1797.085,1797.89,1798.257,1797.665,1797.781,P33_C39_D64,21:58,23:01,21:57,23:01,1,0
2022-01-31 21:58:00,2022-01-31 23:01:00,63.0,2022-01-31,2022-01-31,2022,2022,1,1,Monday,Monday,1318,1381,1797.266,1797.267,1797.058,1797.267,1797.92,1798.096,1797.92,1798.039,P33_C39_D64,21:58,23:01,21:57,23:01,1,0
2022-02-01 21:58:00,2022-02-01 23:01:00,63.0,2022-02-01,2022-02-01,2022,2022,2,2,Tuesday,Tuesday,1318,1381,1800.918,1801.075,1800.918,1801.035,1800.501,1800.591,1800.38,1800.587,P33_C39_D64,21:58,23:01,21:57,23:01,1,0
2022-02-02 21:58:00,2022-02-02 23:01:00,63.0,2022-02-02,2022-02-02,2022,2022,2,2,Wednesday,Wednesday,1318,1381,1806.807,1806.812,1806.701,1806.78,1806.95,1807.093,1806.864,1806.999,P33_C39_D64,21:58,23:01,21:57,23:01,1,0
2022-02-03 21:58:00,2022-02-03 23:01:00,63.0,2022-02-03,2022-02-03,2022,2022,2,2,Thursday,Thursday,1318,1381,1804.829,1804.829,1804.704,1804.799,1805.306,1805.382,1805.244,1805.308,P33_C39_D64,21:58,23:01,21:57,23:01,1,0
2022-02-07 21:58:00,2022-02-07 23:01:00,63.0,2022-02-07,2022-02-07,2022,2022,2,2,Monday,Monday,1318,1381,1820.429,1820.429,1820.289,1820.416,1820.895,1820.908,1820.779,1820.803,P33_C39_D64,21:58,23:01,21:57,23:01,1,0
2022-02-08 21:58:00,2022-02-08 23:01:00,63.0,2022-02-08,2022-02-08,2022,2022,2,2,Tuesday,Tuesday,1318,1381,1826.086,1826.086,1825.937,1825.948,1825.845,1825.868,1825.469,1825.542,P33_C39_D64,21:58,23:01,21:57,23:01,1,0
2022-02-09 21:58:00,2022-02-09 23:01:00,63.0,2022-02-09,2022-02-09,2022,2022,2,2,Wednesday,Wednesday,1318,1381,1833.201,1833.201,1832.755,1832.832,1833.008,1833.049,1832.947,1833.014,P33_C39_D64,21:58,23:01,21:57,23:01,1,0
2022-02-10 21:58:00,2022-02-10 23:01:00,63.0,2022-02-10,2022-02-10,2022,2022,2,2,Thursday,Thursday,1318,1381,1826.588,1826.684,1826.564,1826.604,1826.54,1826.928,1826.461,1826.748,P33_C39_D64,21:58,23:01,21:57,23:01,1,0
2022-02-14 21:58:00,2022-02-14 23:01:00,63.0,2022-02-14,2022-02-14,2022,2022,2,2,Monday,Monday,1318,1381,1872.0,1872.0,1871.293,1871.293,1871.52,1871.52,1871.149,1871.175,P33_C39_D64,21:58,23:01,21:57,23:01,1,0
2022-02-15 21:58:00,2022-02-15 23:01:00,63.0,2022-02-15,2022-02-15,2022,2022,2,2,Tuesday,Tuesday,1318,1381,1853.538,1853.747,1853.47,1853.47,1853.796,1853.855,1853.672,1853.748,P33_C39_D64,21:58,23:01,21:57,23:01,1,0
2022-02-16 21:58:00,2022-02-16 23:01:00,63.0,2022-02-16,2022-02-16,2022,2022,2,2,Wednesday,Wednesday,1318,1381,1869.386,1869.511,1869.26,1869.46,1869.593,1869.887,1869.593,1869.769,P33_C39_D64,21:58,23:01,21:57,23:01,1,0
2022-02-17 21:58:00,2022-02-17 23:01:00,63.0,2022-02-17,2022-02-17,2022,2022,2,2,Thursday,Thursday,1318,1381,1898.198,1898.315,1898.161,1898.304,1898.513,1898.776,1898.381,1898.586,P33_C39_D64,21:58,23:01,21:57,23:01,1,0
2022-02-22 21:58:00,2022-02-22 23:01:00,63.0,2022-02-22,2022-02-22,2022,2022,2,2,Tuesday,Tuesday,1318,1381,1898.38,1898.425,1898.276,1898.425,1898.955,1898.955,1898.775,1898.911,P33_C39_D64,21:58,23:01,21:57,23:01,1,0
2022-02-23 21:58:00,2022-02-23 23:01:00,63.0,2022-02-23,2022-02-23,2022,2022,2,2,Wednesday,Wednesday,1318,1381,1908.85,1909.318,1908.731,1908.955,1910.051,1910.732,1909.954,1910.424,P33_C39_D64,21:58,23:01,21:57,23:01,1,0
2022-02-24 21:58:00,2022-02-24 23:01:00,63.0,2022-02-24,2022-02-24,2022,2022,2,2,Thursday,Thursday,1318,1381,1903.952,1904.016,1903.886,1904.016,1904.938,1906.972,1904.938,1905.899,P33_C39_D64,21:58,23:01,21:57,23:01,1,0
2022-02-28 21:58:00,2022-02-28 23:01:00,63.0,2022-02-28,2022-02-28,2022,2022,2,2,Monday,Monday,1318,1381,1909.417,1909.605,1908.317,1908.606,1907.461,1908.043,1907.461,1907.948,P33_C39_D64,21:58,23:01,21:57,23:01,1,0
2022-03-01 21:58:00,2022-03-01 23:01:00,63.0,2022-03-01,2022-03-01,2022,2022,3,3,Tuesday,Tuesday,1318,1381,1945.581,1945.652,1944.946,1945.078,1943.803,1945.0,1943.803,1944.995,P33_C39_D64,21:58,23:01,21:57,23:01,1,0
2022-03-02 21:58:00,2022-03-02 23:01:00,63.0,2022-03-02,2022-03-02,2022,2022,3,3,Wednesday,Wednesday,1318,1381,1928.395,1928.598,1928.353,1928.598,1929.059,1929.556,1928.737,1929.289,P33_C39_D64,21:58,23:01,21:57,23:01,1,0
2022-03-03 21:58:00,2022-03-03 23:01:00,63.0,2022-03-03,2022-03-03,2022,2022,3,3,Thursday,Thursday,1318,1381,1936.347,1936.388,1936.227,1936.234,1937.051,1937.222,1936.854,1936.896,P33_C39_D64,21:58,23:01,21:57,23:01,1,0
2022-03-07 21:58:00,2022-03-07 23:01:00,63.0,2022-03-07,2022-03-07,2022,2022,3,3,Monday,Monday,1318,1381,1997.559,1997.779,1997.491,1997.615,1996.597,1996.793,1996.248,1996.415,P33_C39_D64,21:58,23:01,21:57,23:01,1,0
2022-03-08 21:58:00,2022-03-08 23:01:00,63.0,2022-03-08,2022-03-08,2022,2022,3,3,Tuesday,Tuesday,1318,1381,2049.98,2050.282,2049.679,2049.835,2049.653,2050.181,2049.456,2049.71,P33_C39_D64,21:58,23:01,21:57,23:01,1,0
2022-03-09 21:58:00,2022-03-09 23:01:00,63.0,2022-03-09,2022-03-09,2022,2022,3,3,Wednesday,Wednesday,1318,1381,1992.367,1992.471,1991.73,1991.776,1991.696,1992.998,1991.29,1991.96,P33_C39_D64,21:58,23:01,21:57,23:01,1,0
2022-03-10 21:58:00,2022-03-10 23:01:00,63.0,2022-03-10,2022-03-10,2022,2022,3,3,Thursday,Thursday,1318,1381,1996.096,1996.805,1996.033,1996.783,1997.135,1997.203,1996.567,1996.819,P33_C39_D64,21:58,23:01,21:57,23:01,1,0
2022-03-14 20:58:00,2022-03-14 22:01:00,63.0,2022-03-14,2022-03-14,2022,2022,3,3,Monday,Monday,1258,1321,1950.429,1950.6,1950.197,1950.585,1952.434,1952.712,1951.956,1952.21,P30_C35_D64,20:58,22:01,20:57,22:01,1,0
2022-03-15 20:58:00,2022-03-15 22:01:00,63.0,2022-03-15,2022-03-15,2022,2022,3,3,Tuesday,Tuesday,1258,1321,1917.543,1917.959,1917.462,1917.751,1919.025,1919.214,1918.858,1919.068,P30_C35_D64,20:58,22:01,20:57,22:01,1,0
2022-03-16 20:58:00,2022-03-16 22:01:00,63.0,2022-03-16,2022-03-16,2022,2022,3,3,Wednesday,Wednesday,1258,1321,1927.055,1927.246,1926.209,1926.261,1927.552,1927.561,1926.829,1926.84,P30_C35_D64,20:58,22:01,20:57,22:01,1,0
2022-03-17 20:58:00,2022-03-17 22:01:00,63.0,2022-03-17,2022-03-17,2022,2022,3,3,Thursday,Thursday,1258,1321,1942.334,1942.777,1942.334,1942.542,1942.632,1942.658,1942.41,1942.547,P30_C35_D64,20:58,22:01,20:57,22:01,1,0
2022-03-21 20:57:00,2022-03-21 22:01:00,64.0,2022-03-21,2022-03-21,2022,2022,3,3,Monday,Monday,1257,1321,1935.328,1935.642,1935.306,1935.554,1935.82,1935.929,1935.786,1935.893,P30_C35_D64,20:57,22:01,20:57,22:01,0,0
2022-03-22 20:57:00,2022-03-22 22:01:00,64.0,2022-03-22,2022-03-22,2022,2022,3,3,Tuesday,Tuesday,1257,1321,1921.1,1921.1,1920.816,1920.958,1921.924,1921.924,1921.651,1921.755,P30_C35_D64,20:57,22:01,20:57,22:01,0,0
2022-03-23 20:57:00,2022-03-23 22:01:00,64.0,2022-03-23,2022-03-23,2022,2022,3,3,Wednesday,Wednesday,1257,1321,1944.515,1944.565,1944.476,1944.524,1943.866,1944.053,1943.832,1943.979,P30_C35_D64,20:57,22:01,20:57,22:01,0,0
2022-03-24 20:57:00,2022-03-24 22:01:00,64.0,2022-03-24,2022-03-24,2022,2022,3,3,Thursday,Thursday,1257,1321,1957.865,1957.865,1957.608,1957.608,1958.476,1958.669,1958.449,1958.509,P30_C35_D64,20:57,22:01,20:57,22:01,0,0
2022-03-28 20:57:00,2022-03-28 22:01:00,64.0,2022-03-28,2022-03-28,2022,2022,3,3,Monday,Monday,1257,1321,1922.381,1922.519,1922.359,1922.515,1923.206,1923.206,1922.875,1923.096,P30_C35_D64,20:57,22:01,20:57,22:01,0,0
2022-03-29 20:57:00,2022-03-29 22:01:00,64.0,2022-03-29,2022-03-29,2022,2022,3,3,Tuesday,Tuesday,1257,1321,1919.282,1919.388,1919.221,1919.375,1920.059,1920.371,1920.059,1920.371,P30_C35_D64,20:57,22:01,20:57,22:01,0,0
2022-03-30 20:57:00,2022-03-30 22:01:00,64.0,2022-03-30,2022-03-30,2022,2022,3,3,Wednesday,Wednesday,1257,1321,1932.563,1932.563,1932.397,1932.441,1933.216,1933.235,1933.118,1933.235,P30_C35_D64,20:57,22:01,20:57,22:01,0,0
2022-03-31 20:57:00,2022-03-31 22:01:00,64.0,2022-03-31,2022-03-31,2022,2022,3,3,Thursday,Thursday,1257,1321,1937.106,1937.178,1936.9,1936.9,1937.373,1937.405,1937.131,1937.246,P30_C35_D64,20:57,22:01,20:57,22:01,0,0
2022-04-04 20:57:00,2022-04-04 22:01:00,64.0,2022-04-04,2022-04-04,2022,2022,4,4,Monday,Monday,1257,1321,1932.585,1932.604,1932.521,1932.549,1932.605,1932.691,1932.526,1932.643,P30_C35_D64,20:57,22:01,20:57,22:01,0,0
2022-04-05 20:57:00,2022-04-05 22:01:00,64.0,2022-04-05,2022-04-05,2022,2022,4,4,Tuesday,Tuesday,1257,1321,1923.642,1923.662,1922.968,1923.052,1923.843,1923.906,1922.986,1922.986,P30_C35_D64,20:57,22:01,20:57,22:01,0,0
2022-04-06 20:57:00,2022-04-06 22:01:00,64.0,2022-04-06,2022-04-06,2022,2022,4,4,Wednesday,Wednesday,1257,1321,1925.496,1925.824,1925.454,1925.785,1925.302,1925.39,1924.507,1924.827,P30_C35_D64,20:57,22:01,20:57,22:01,0,0
2022-04-07 20:57:00,2022-04-07 22:01:00,64.0,2022-04-07,2022-04-07,2022,2022,4,4,Thursday,Thursday,1257,1321,1931.212,1931.596,1931.212,1931.587,1931.547,1931.795,1931.516,1931.795,P30_C35_D64,20:57,22:01,20:57,22:01,0,0
2022-04-11 20:57:00,2022-04-11 22:01:00,64.0,2022-04-11,2022-04-11,2022,2022,4,4,Monday,Monday,1257,1321,1954.604,1954.677,1953.953,1954.319,1953.807,1953.807,1953.082,1953.134,P30_C35_D64,20:57,22:01,20:57,22:01,0,0
2022-04-12 20:57:00,2022-04-12 22:01:00,64.0,2022-04-12,2022-04-12,2022,2022,4,4,Tuesday,Tuesday,1257,1321,1966.047,1966.315,1965.882,1966.315,1966.875,1967.125,1966.789,1967.066,P30_C35_D64,20:57,22:01,20:57,22:01,0,0
2022-04-13 20:57:00,2022-04-13 22:01:00,64.0,2022-04-13,2022-04-13,2022,2022,4,4,Wednesday,Wednesday,1257,1321,1977.73,1977.878,1977.677,1977.756,1977.332,1977.334,1977.198,1977.198,P30_C35_D64,20:57,22:01,20:57,22:01,0,0
2022-04-18 20:57:00,2022-04-18 22:01:00,64.0,2022-04-18,2022-04-18,2022,2022,4,4,Monday,Monday,1257,1321,1978.393,1978.403,1978.139,1978.241,1977.956,1977.993,1977.889,1977.889,P30_C35_D64,20:57,22:01,20:57,22:01,0,0
2022-04-19 20:57:00,2022-04-19 22:01:00,64.0,2022-04-19,2022-04-19,2022,2022,4,4,Tuesday,Tuesday,1257,1321,1949.253,1949.535,1949.121,1949.519,1950.281,1950.281,1949.931,1950.012,P30_C35_D64,20:57,22:01,20:57,22:01,0,0
2022-04-20 20:57:00,2022-04-20 22:01:00,64.0,2022-04-20,2022-04-20,2022,2022,4,4,Wednesday,Wednesday,1257,1321,1957.903,1957.903,1957.608,1957.643,1957.028,1957.151,1956.852,1956.863,P30_C35_D64,20:57,22:01,20:57,22:01,0,0
2022-04-21 20:57:00,2022-04-21 22:01:00,64.0,2022-04-21,2022-04-21,2022,2022,4,4,Thursday,Thursday,1257,1321,1951.401,1951.702,1951.401,1951.621,1950.907,1950.907,1950.67,1950.67,P30_C35_D64,20:57,22:01,20:57,22:01,0,0
2022-04-25 20:57:00,2022-04-25 22:01:00,64.0,2022-04-25,2022-04-25,2022,2022,4,4,Monday,Monday,1257,1321,1897.431,1898.034,1897.431,1897.998,1898.563,1898.659,1898.357,1898.599,P30_C35_D64,20:57,22:01,20:57,22:01,0,0
2022-04-26 20:57:00,2022-04-26 22:01:00,64.0,2022-04-26,2022-04-26,2022,2022,4,4,Tuesday,Tuesday,1257,1321,1905.476,1905.558,1905.443,1905.445,1905.943,1905.96,1905.799,1905.885,P30_C35_D64,20:57,22:01,20:57,22:01,0,0
2022-04-27 20:57:00,2022-04-27 22:01:00,64.0,2022-04-27,2022-04-27,2022,2022,4,4,Wednesday,Wednesday,1257,1321,1885.669,1885.916,1885.638,1885.675,1885.746,1885.746,1885.253,1885.561,P30_C35_D64,20:57,22:01,20:57,22:01,0,0
2022-04-28 20:57:00,2022-04-28 22:01:00,64.0,2022-04-28,2022-04-28,2022,2022,4,4,Thursday,Thursday,1257,1321,1894.22,1894.423,1894.133,1894.274,1894.816,1895.002,1894.733,1895.001,P30_C35_D64,20:57,22:01,20:57,22:01,0,0
2022-05-02 20:57:00,2022-05-02 22:01:00,64.0,2022-05-02,2022-05-02,2022,2022,5,5,Monday,Monday,1257,1321,1862.792,1862.808,1862.707,1862.768,1863.468,1863.614,1863.468,1863.564,P30_C35_D64,20:57,22:01,20:57,22:01,0,0
2022-05-03 20:57:00,2022-05-03 22:01:00,64.0,2022-05-03,2022-05-03,2022,2022,5,5,Tuesday,Tuesday,1257,1321,1868.363,1868.363,1868.07,1868.07,1868.223,1868.37,1868.069,1868.224,P30_C35_D64,20:57,22:01,20:57,22:01,0,0
2022-05-04 20:57:00,2022-05-04 22:01:00,64.0,2022-05-04,2022-05-04,2022,2022,5,5,Wednesday,Wednesday,1257,1321,1881.299,1881.459,1881.288,1881.377,1882.92,1883.091,1882.457,1882.488,P30_C35_D64,20:57,22:01,20:57,22:01,0,0
2022-05-05 20:57:00,2022-05-05 22:01:00,64.0,2022-05-05,2022-05-05,2022,2022,5,5,Thursday,Thursday,1257,1321,1876.94,1877.141,1876.94,1877.138,1876.859,1877.044,1876.826,1876.91,P30_C35_D64,20:57,22:01,20:57,22:01,0,0
2022-05-09 20:57:00,2022-05-09 22:01:00,64.0,2022-05-09,2022-05-09,2022,2022,5,5,Monday,Monday,1257,1321,1853.574,1853.748,1853.553,1853.748,1854.236,1854.264,1854.028,1854.095,P30_C35_D64,20:57,22:01,20:57,22:01,0,0
2022-05-10 20:57:00,2022-05-10 22:01:00,64.0,2022-05-10,2022-05-10,2022,2022,5,5,Tuesday,Tuesday,1257,1321,1838.09,1838.298,1838.09,1838.294,1838.858,1839.026,1838.731,1839.004,P30_C35_D64,20:57,22:01,20:57,22:01,0,0
2022-05-11 20:57:00,2022-05-11 22:01:00,64.0,2022-05-11,2022-05-11,2022,2022,5,5,Wednesday,Wednesday,1257,1321,1852.136,1852.236,1852.136,1852.236,1852.051,1852.082,1851.777,1851.869,P30_C35_D64,20:57,22:01,20:57,22:01,0,0
2022-05-12 20:57:00,2022-05-12 22:01:00,64.0,2022-05-12,2022-05-12,2022,2022,5,5,Thursday,Thursday,1257,1321,1821.924,1821.924,1821.279,1821.803,1822.386,1822.91,1822.223,1822.735,P30_C35_D64,20:57,22:01,20:57,22:01,0,0
2022-05-16 20:57:00,2022-05-16 22:01:00,64.0,2022-05-16,2022-05-16,2022,2022,5,5,Monday,Monday,1257,1321,1824.974,1824.974,1824.716,1824.748,1825.52,1825.52,1825.119,1825.147,P30_C35_D64,20:57,22:01,20:57,22:01,0,0
2022-05-17 20:57:00,2022-05-17 22:01:00,64.0,2022-05-17,2022-05-17,2022,2022,5,5,Tuesday,Tuesday,1257,1321,1814.55,1814.839,1814.55,1814.839,1814.515,1814.845,1814.476,1814.665,P30_C35_D64,20:57,22:01,20:57,22:01,0,0
2022-05-18 20:57:00,2022-05-18 22:01:00,64.0,2022-05-18,2022-05-18,2022,2022,5,5,Wednesday,Wednesday,1257,1321,1816.895,1816.895,1816.511,1816.511,1816.522,1816.857,1816.446,1816.593,P30_C35_D64,20:57,22:01,20:57,22:01,0,0
2022-05-19 20:57:00,2022-05-19 22:01:00,64.0,2022-05-19,2022-05-19,2022,2022,5,5,Thursday,Thursday,1257,1321,1841.877,1842.214,1841.869,1842.078,1841.529,1841.729,1841.529,1841.566,P30_C35_D64,20:57,22:01,20:57,22:01,0,0
2022-05-23 20:57:00,2022-05-23 22:01:00,64.0,2022-05-23,2022-05-23,2022,2022,5,5,Monday,Monday,1257,1321,1853.54,1853.597,1853.54,1853.593,1853.494,1853.705,1853.413,1853.597,P30_C35_D64,20:57,22:01,20:57,22:01,0,0
2022-05-24 20:57:00,2022-05-24 22:01:00,64.0,2022-05-24,2022-05-24,2022,2022,5,5,Tuesday,Tuesday,1257,1321,1866.093,1866.551,1866.093,1866.551,1865.644,1865.737,1864.906,1865.547,P30_C35_D64,20:57,22:01,20:57,22:01,0,0
2022-05-25 20:57:00,2022-05-25 22:01:00,64.0,2022-05-25,2022-05-25,2022,2022,5,5,Wednesday,Wednesday,1257,1321,1853.16,1853.191,1853.021,1853.127,1853.098,1853.293,1853.098,1853.255,P30_C35_D64,20:57,22:01,20:57,22:01,0,0
2022-05-26 20:57:00,2022-05-26 22:01:00,64.0,2022-05-26,2022-05-26,2022,2022,5,5,Thursday,Thursday,1257,1321,1850.831,1850.831,1850.54,1850.54,1851.242,1851.421,1850.978,1851.391,P30_C35_D64,20:57,22:01,20:57,22:01,0,0
2022-05-31 20:57:00,2022-05-31 22:01:00,64.0,2022-05-31,2022-05-31,2022,2022,5,5,Tuesday,Tuesday,1257,1321,1837.529,1837.529,1837.192,1837.386,1836.663,1837.054,1836.629,1836.943,P30_C35_D64,20:57,22:01,20:57,22:01,0,0
2022-06-01 20:57:00,2022-06-01 22:01:00,64.0,2022-06-01,2022-06-01,2022,2022,6,6,Wednesday,Wednesday,1257,1321,1846.502,1846.561,1846.502,1846.55,1846.65,1846.821,1846.65,1846.819,P30_C35_D64,20:57,22:01,20:57,22:01,0,0
2022-06-02 20:57:00,2022-06-02 22:01:00,64.0,2022-06-02,2022-06-02,2022,2022,6,6,Thursday,Thursday,1257,1321,1868.228,1868.619,1868.228,1868.374,1868.98,1869.416,1868.94,1869.401,P30_C35_D64,20:57,22:01,20:57,22:01,0,0
2022-06-06 20:57:00,2022-06-06 22:01:00,64.0,2022-06-06,2022-06-06,2022,2022,6,6,Monday,Monday,1257,1321,1842.087,1842.097,1841.934,1841.934,1841.216,1841.28,1840.772,1840.772,P30_C35_D64,20:57,22:01,20:57,22:01,0,0
2022-06-07 20:57:00,2022-06-07 22:01:00,64.0,2022-06-07,2022-06-07,2022,2022,6,6,Tuesday,Tuesday,1257,1321,1851.647,1852.55,1851.644,1852.223,1852.741,1852.741,1852.711,1852.711,P30_C35_D64,20:57,22:01,20:57,22:01,0,0
2022-06-08 20:57:00,2022-06-08 22:01:00,64.0,2022-06-08,2022-06-08,2022,2022,6,6,Wednesday,Wednesday,1257,1321,1852.633,1852.633,1852.462,1852.462,1852.738,1853.159,1852.689,1852.689,P30_C35_D64,20:57,22:01,20:57,22:01,0,0
2022-06-09 20:57:00,2022-06-09 22:01:00,64.0,2022-06-09,2022-06-09,2022,2022,6,6,Thursday,Thursday,1257,1321,1847.886,1847.886,1847.724,1847.724,1848.003,1848.046,1847.857,1847.872,P30_C35_D64,20:57,22:01,20:57,22:01,0,0
2022-06-13 20:57:00,2022-06-13 22:01:00,64.0,2022-06-13,2022-06-13,2022,2022,6,6,Monday,Monday,1257,1321,1819.099,1819.366,1819.03,1819.219,1820.52,1820.52,1819.577,1819.621,P30_C35_D64,20:57,22:01,20:57,22:01,0,0
2022-06-14 20:57:00,2022-06-14 22:01:00,64.0,2022-06-14,2022-06-14,2022,2022,6,6,Tuesday,Tuesday,1257,1321,1808.355,1808.438,1808.341,1808.397,1808.511,1808.543,1808.131,1808.147,P30_C35_D64,20:57,22:01,20:57,22:01,0,0
2022-06-15 20:57:00,2022-06-15 22:01:00,64.0,2022-06-15,2022-06-15,2022,2022,6,6,Wednesday,Wednesday,1257,1321,1834.052,1834.355,1834.052,1834.236,1833.391,1833.541,1832.965,1833.533,P30_C35_D64,20:57,22:01,20:57,22:01,0,0
2022-06-16 20:57:00,2022-06-16 22:01:00,64.0,2022-06-16,2022-06-16,2022,2022,6,6,Thursday,Thursday,1257,1321,1857.404,1857.439,1856.749,1856.749,1855.704,1855.821,1855.011,1855.079,P30_C35_D64,20:57,22:01,20:57,22:01,0,0
2022-06-21 20:57:00,2022-06-21 22:01:00,64.0,2022-06-21,2022-06-21,2022,2022,6,6,Tuesday,Tuesday,1257,1321,1833.097,1833.353,1833.097,1833.353,1833.001,1833.378,1832.823,1833.15,P30_C35_D64,20:57,22:01,20:57,22:01,0,0
2022-06-22 20:57:00,2022-06-22 22:01:00,64.0,2022-06-22,2022-06-22,2022,2022,6,6,Wednesday,Wednesday,1257,1321,1837.802,1837.802,1837.562,1837.625,1837.706,1837.706,1837.404,1837.404,P30_C35_D64,20:57,22:01,20:57,22:01,0,0
2022-06-23 20:57:00,2022-06-23 22:01:00,64.0,2022-06-23,2022-06-23,2022,2022,6,6,Thursday,Thursday,1257,1321,1822.926,1822.949,1822.588,1822.588,1823.119,1823.313,1823.105,1823.313,P30_C35_D64,20:57,22:01,20:57,22:01,0,0
2022-06-27 20:57:00,2022-06-27 22:01:00,64.0,2022-06-27,2022-06-27,2022,2022,6,6,Monday,Monday,1257,1321,1822.72,1822.851,1822.639,1822.639,1822.589,1822.757,1822.573,1822.757,P30_C35_D64,20:57,22:01,20:57,22:01,0,0
2022-06-28 20:57:00,2022-06-28 22:01:00,64.0,2022-06-28,2022-06-28,2022,2022,6,6,Tuesday,Tuesday,1257,1321,1820.685,1820.71,1820.229,1820.289,1819.977,1820.103,1819.933,1820.068,P30_C35_D64,20:57,22:01,20:57,22:01,0,0
2022-06-29 20:57:00,2022-06-29 22:01:00,64.0,2022-06-29,2022-06-29,2022,2022,6,6,Wednesday,Wednesday,1257,1321,1817.979,1817.979,1817.584,1817.663,1817.627,1818.114,1817.627,1818.007,P30_C35_D64,20:57,22:01,20:57,22:01,0,0
2022-06-30 20:57:00,2022-06-30 22:01:00,64.0,2022-06-30,2022-06-30,2022,2022,6,6,Thursday,Thursday,1257,1321,1807.292,1807.335,1807.271,1807.31,1807.291,1807.297,1806.792,1806.801,P30_C35_D64,20:57,22:01,20:57,22:01,0,0
2022-07-05 20:57:00,2022-07-05 22:01:00,64.0,2022-07-05,2022-07-05,2022,2022,7,7,Tuesday,Tuesday,1257,1321,1765.27,1765.27,1764.896,1764.991,1766.42,1766.964,1765.971,1765.971,P30_C35_D64,20:57,22:01,20:57,22:01,0,0
2022-07-06 20:57:00,2022-07-06 22:01:00,64.0,2022-07-06,2022-07-06,2022,2022,7,7,Wednesday,Wednesday,1257,1321,1739.346,1739.513,1739.313,1739.377,1739.695,1739.889,1739.499,1739.861,P30_C35_D64,20:57,22:01,20:57,22:01,0,0
2022-07-07 20:57:00,2022-07-07 22:01:00,64.0,2022-07-07,2022-07-07,2022,2022,7,7,Thursday,Thursday,1257,1321,1740.036,1740.352,1739.936,1740.098,1740.18,1740.551,1740.18,1740.551,P30_C35_D64,20:57,22:01,20:57,22:01,0,0
2022-07-11 20:57:00,2022-07-11 22:01:00,64.0,2022-07-11,2022-07-11,2022,2022,7,7,Monday,Monday,1257,1321,1733.802,1733.802,1733.707,1733.707,1733.387,1733.692,1733.315,1733.692,P30_C35_D64,20:57,22:01,20:57,22:01,0,0
2022-07-12 20:57:00,2022-07-12 22:01:00,64.0,2022-07-12,2022-07-12,2022,2022,7,7,Tuesday,Tuesday,1257,1321,1726.336,1726.336,1726.18,1726.183,1725.989,1726.079,1725.891,1725.943,P30_C35_D64,20:57,22:01,20:57,22:01,0,0
2022-07-13 20:57:00,2022-07-13 22:01:00,64.0,2022-07-13,2022-07-13,2022,2022,7,7,Wednesday,Wednesday,1257,1321,1735.484,1735.604,1735.402,1735.601,1735.562,1735.846,1735.386,1735.755,P30_C35_D64,20:57,22:01,20:57,22:01,0,0
2022-07-14 20:57:00,2022-07-14 22:01:00,64.0,2022-07-14,2022-07-14,2022,2022,7,7,Thursday,Thursday,1257,1321,1709.841,1709.933,1709.836,1709.911,1710.902,1711.012,1710.699,1710.913,P30_C35_D64,20:57,22:01,20:57,22:01,0,0
2022-07-18 20:57:00,2022-07-18 22:01:00,64.0,2022-07-18,2022-07-18,2022,2022,7,7,Monday,Monday,1257,1321,1709.06,1709.25,1709.06,1709.195,1709.409,1709.83,1709.345,1709.82,P30_C35_D64,20:57,22:01,20:57,22:01,0,0
2022-07-19 20:57:00,2022-07-19 22:01:00,64.0,2022-07-19,2022-07-19,2022,2022,7,7,Tuesday,Tuesday,1257,1321,1711.154,1711.493,1711.121,1711.487,1711.708,1711.708,1711.46,1711.46,P30_C35_D64,20:57,22:01,20:57,22:01,0,0
2022-07-20 20:57:00,2022-07-20 22:01:00,64.0,2022-07-20,2022-07-20,2022,2022,7,7,Wednesday,Wednesday,1257,1321,1696.704,1696.75,1696.648,1696.707,1696.686,1696.744,1696.192,1696.472,P30_C35_D64,20:57,22:01,20:57,22:01,0,0
2022-07-21 20:57:00,2022-07-21 22:01:00,64.0,2022-07-21,2022-07-21,2022,2022,7,7,Thursday,Thursday,1257,1321,1719.31,1719.31,1719.065,1719.069,1718.099,1718.142,1717.678,1717.688,P30_C35_D64,20:57,22:01,20:57,22:01,0,0
2022-07-25 20:57:00,2022-07-25 22:01:00,64.0,2022-07-25,2022-07-25,2022,2022,7,7,Monday,Monday,1257,1321,1719.592,1719.705,1719.555,1719.705,1719.189,1719.215,1718.999,1718.999,P30_C35_D64,20:57,22:01,20:57,22:01,0,0
2022-07-26 20:57:00,2022-07-26 22:01:00,64.0,2022-07-26,2022-07-26,2022,2022,7,7,Tuesday,Tuesday,1257,1321,1717.138,1717.234,1717.075,1717.226,1717.539,1717.554,1717.396,1717.503,P30_C35_D64,20:57,22:01,20:57,22:01,0,0
2022-07-27 20:57:00,2022-07-27 22:01:00,64.0,2022-07-27,2022-07-27,2022,2022,7,7,Wednesday,Wednesday,1257,1321,1734.619,1734.619,1734.426,1734.524,1734.355,1734.722,1734.082,1734.678,P30_C35_D64,20:57,22:01,20:57,22:01,0,0
2022-07-28 20:57:00,2022-07-28 22:01:00,64.0,2022-07-28,2022-07-28,2022,2022,7,7,Thursday,Thursday,1257,1321,1756.052,1756.11,1755.906,1755.957,1755.673,1755.673,1755.207,1755.331,P30_C35_D64,20:57,22:01,20:57,22:01,0,0
2022-08-01 20:57:00,2022-08-01 22:01:00,64.0,2022-08-01,2022-08-01,2022,2022,8,8,Monday,Monday,1257,1321,1771.945,1772.027,1771.835,1771.988,1771.981,1771.981,1771.681,1771.681,P30_C35_D64,20:57,22:01,20:57,22:01,0,0
2022-08-02 20:57:00,2022-08-02 22:01:00,64.0,2022-08-02,2022-08-02,2022,2022,8,8,Tuesday,Tuesday,1257,1321,1760.926,1761.006,1760.9,1760.935,1761.814,1761.92,1761.197,1761.297,P30_C35_D64,20:57,22:01,20:57,22:01,0,0
2022-08-03 20:57:00,2022-08-03 22:01:00,64.0,2022-08-03,2022-08-03,2022,2022,8,8,Wednesday,Wednesday,1257,1321,1765.724,1765.724,1765.273,1765.398,1765.518,1765.612,1765.254,1765.254,P30_C35_D64,20:57,22:01,20:57,22:01,0,0
2022-08-04 20:57:00,2022-08-04 22:01:00,64.0,2022-08-04,2022-08-04,2022,2022,8,8,Thursday,Thursday,1257,1321,1790.795,1790.883,1790.795,1790.883,1790.918,1790.983,1790.661,1790.732,P30_C35_D64,20:57,22:01,20:57,22:01,0,0
2022-08-08 20:57:00,2022-08-08 22:01:00,64.0,2022-08-08,2022-08-08,2022,2022,8,8,Monday,Monday,1257,1321,1789.4,1789.511,1789.315,1789.37,1788.816,1788.925,1788.578,1788.925,P30_C35_D64,20:57,22:01,20:57,22:01,0,0
2022-08-09 20:57:00,2022-08-09 22:01:00,64.0,2022-08-09,2022-08-09,2022,2022,8,8,Tuesday,Tuesday,1257,1321,1794.577,1794.577,1794.383,1794.402,1794.739,1794.741,1794.627,1794.64,P30_C35_D64,20:57,22:01,20:57,22:01,0,0
2022-08-10 20:57:00,2022-08-10 22:01:00,64.0,2022-08-10,2022-08-10,2022,2022,8,8,Wednesday,Wednesday,1257,1321,1792.13,1792.261,1792.043,1792.236,1792.217,1792.395,1792.048,1792.172,P30_C35_D64,20:57,22:01,20:57,22:01,0,0
2022-08-11 20:57:00,2022-08-11 22:01:00,64.0,2022-08-11,2022-08-11,2022,2022,8,8,Thursday,Thursday,1257,1321,1789.445,1789.475,1789.375,1789.427,1789.691,1789.91,1789.691,1789.904,P30_C35_D64,20:57,22:01,20:57,22:01,0,0
2022-08-15 20:57:00,2022-08-15 22:01:00,64.0,2022-08-15,2022-08-15,2022,2022,8,8,Monday,Monday,1257,1321,1779.178,1779.514,1779.178,1779.481,1779.853,1779.918,1779.456,1779.567,P30_C35_D64,20:57,22:01,20:57,22:01,0,0
2022-08-16 20:57:00,2022-08-16 22:01:00,64.0,2022-08-16,2022-08-16,2022,2022,8,8,Tuesday,Tuesday,1257,1321,1775.778,1775.778,1775.583,1775.705,1775.717,1775.821,1775.648,1775.781,P30_C35_D64,20:57,22:01,20:57,22:01,0,0
2022-08-17 20:57:00,2022-08-17 22:01:00,64.0,2022-08-17,2022-08-17,2022,2022,8,8,Wednesday,Wednesday,1257,1321,1762.277,1762.277,1762.035,1762.152,1762.335,1762.508,1762.207,1762.45,P30_C35_D64,20:57,22:01,20:57,22:01,0,0
2022-08-18 20:57:00,2022-08-18 22:01:00,64.0,2022-08-18,2022-08-18,2022,2022,8,8,Thursday,Thursday,1257,1321,1758.275,1758.342,1758.224,1758.313,1759.072,1759.214,1758.934,1759.024,P30_C35_D64,20:57,22:01,20:57,22:01,0,0
2022-08-22 20:57:00,2022-08-22 22:01:00,64.0,2022-08-22,2022-08-22,2022,2022,8,8,Monday,Monday,1257,1321,1735.949,1736.048,1735.746,1735.848,1735.952,1735.952,1735.798,1735.814,P30_C35_D64,20:57,22:01,20:57,22:01,0,0
2022-08-23 20:57:00,2022-08-23 22:01:00,64.0,2022-08-23,2022-08-23,2022,2022,8,8,Tuesday,Tuesday,1257,1321,1748.06,1748.061,1747.9,1747.9,1747.998,1747.998,1747.387,1747.455,P30_C35_D64,20:57,22:01,20:57,22:01,0,0
2022-08-24 20:57:00,2022-08-24 22:01:00,64.0,2022-08-24,2022-08-24,2022,2022,8,8,Wednesday,Wednesday,1257,1321,1751.572,1751.608,1751.518,1751.532,1750.905,1751.181,1750.872,1751.093,P30_C35_D64,20:57,22:01,20:57,22:01,0,0
2022-08-25 20:57:00,2022-08-25 22:01:00,64.0,2022-08-25,2022-08-25,2022,2022,8,8,Thursday,Thursday,1257,1321,1758.229,1758.333,1758.074,1758.333,1758.575,1758.925,1758.571,1758.914,P30_C35_D64,20:57,22:01,20:57,22:01,0,0
2022-08-29 20:57:00,2022-08-29 22:01:00,64.0,2022-08-29,2022-08-29,2022,2022,8,8,Monday,Monday,1257,1321,1737.668,1737.673,1737.417,1737.423,1737.544,1737.826,1737.477,1737.784,P30_C35_D64,20:57,22:01,20:57,22:01,0,0
2022-08-30 20:57:00,2022-08-30 22:01:00,64.0,2022-08-30,2022-08-30,2022,2022,8,8,Tuesday,Tuesday,1257,1321,1724.354,1724.354,1724.262,1724.286,1723.266,1723.652,1723.235,1723.519,P30_C35_D64,20:57,22:01,20:57,22:01,0,0
2022-08-31 20:57:00,2022-08-31 22:01:00,64.0,2022-08-31,2022-08-31,2022,2022,8,8,Wednesday,Wednesday,1257,1321,1710.676,1711.033,1710.63,1711.027,1710.961,1711.107,1710.795,1711.096,P30_C35_D64,20:57,22:01,20:57,22:01,0,0
2022-09-01 20:57:00,2022-09-01 22:01:00,64.0,2022-09-01,2022-09-01,2022,2022,9,9,Thursday,Thursday,1257,1321,1697.196,1697.278,1697.164,1697.245,1696.839,1697.297,1696.839,1697.16,P30_C35_D64,20:57,22:01,20:57,22:01,0,0
2022-09-06 20:57:00,2022-09-06 22:01:00,64.0,2022-09-06,2022-09-06,2022,2022,9,9,Tuesday,Tuesday,1257,1321,1701.677,1701.752,1701.675,1701.696,1701.881,1702.03,1701.747,1701.978,P30_C35_D64,20:57,22:01,20:57,22:01,0,0
2022-09-07 20:57:00,2022-09-07 22:01:00,64.0,2022-09-07,2022-09-07,2022,2022,9,9,Wednesday,Wednesday,1257,1321,1719.007,1719.01,1718.317,1718.317,1718.221,1719.091,1718.219,1718.879,P30_C35_D64,20:57,22:01,20:57,22:01,0,0
2022-09-08 20:57:00,2022-09-08 22:01:00,64.0,2022-09-08,2022-09-08,2022,2022,9,9,Thursday,Thursday,1257,1321,1708.68,1708.841,1708.571,1708.689,1708.587,1708.741,1708.497,1708.713,P30_C35_D64,20:57,22:01,20:57,22:01,0,0
2022-09-12 20:57:00,2022-09-12 22:01:00,64.0,2022-09-12,2022-09-12,2022,2022,9,9,Monday,Monday,1257,1321,1724.443,1724.512,1724.227,1724.498,1724.821,1724.875,1724.634,1724.672,P30_C35_D64,20:57,22:01,20:57,22:01,0,0
2022-09-13 20:57:00,2022-09-13 22:01:00,64.0,2022-09-13,2022-09-13,2022,2022,9,9,Tuesday,Tuesday,1257,1321,1702.023,1702.462,1701.92,1702.39,1701.43,1701.716,1701.329,1701.674,P30_C35_D64,20:57,22:01,20:57,22:01,0,0
2022-09-14 20:57:00,2022-09-14 22:01:00,64.0,2022-09-14,2022-09-14,2022,2022,9,9,Wednesday,Wednesday,1257,1321,1697.255,1697.324,1697.189,1697.324,1697.249,1697.741,1697.124,1697.665,P30_C35_D64,20:57,22:01,20:57,22:01,0,0
2022-09-15 20:57:00,2022-09-15 22:01:00,64.0,2022-09-15,2022-09-15,2022,2022,9,9,Thursday,Thursday,1257,1321,1664.376,1664.567,1664.376,1664.514,1664.879,1665.375,1664.821,1665.063,P30_C35_D64,20:57,22:01,20:57,22:01,0,0
2022-09-19 20:57:00,2022-09-19 22:01:00,64.0,2022-09-19,2022-09-19,2022,2022,9,9,Monday,Monday,1257,1321,1675.461,1675.633,1675.461,1675.58,1675.701,1675.86,1675.658,1675.764,P30_C35_D64,20:57,22:01,20:57,22:01,0,0
2022-09-20 20:57:00,2022-09-20 22:01:00,64.0,2022-09-20,2022-09-20,2022,2022,9,9,Tuesday,Tuesday,1257,1321,1664.892,1664.91,1664.824,1664.833,1664.883,1664.932,1664.672,1664.673,P30_C35_D64,20:57,22:01,20:57,22:01,0,0
2022-09-21 20:57:00,2022-09-21 22:01:00,64.0,2022-09-21,2022-09-21,2022,2022,9,9,Wednesday,Wednesday,1257,1321,1673.589,1673.799,1673.589,1673.717,1673.22,1673.22,1671.167,1671.45,P30_C35_D64,20:57,22:01,20:57,22:01,0,0
2022-09-22 20:57:00,2022-09-22 22:01:00,64.0,2022-09-22,2022-09-22,2022,2022,9,9,Thursday,Thursday,1257,1321,1671.209,1671.246,1671.164,1671.221,1671.406,1671.545,1671.21,1671.456,P30_C35_D64,20:57,22:01,20:57,22:01,0,0
2022-09-26 20:57:00,2022-09-26 22:01:00,64.0,2022-09-26,2022-09-26,2022,2022,9,9,Monday,Monday,1257,1321,1623.612,1623.612,1622.78,1622.928,1622.784,1623.538,1622.784,1623.476,P30_C35_D64,20:57,22:01,20:57,22:01,0,0
2022-09-27 20:57:00,2022-09-27 22:01:00,64.0,2022-09-27,2022-09-27,2022,2022,9,9,Tuesday,Tuesday,1257,1321,1629.132,1629.271,1629.11,1629.248,1629.799,1630.049,1629.574,1630.025,P30_C35_D64,20:57,22:01,20:57,22:01,0,0
2022-09-28 20:57:00,2022-09-28 22:01:00,64.0,2022-09-28,2022-09-28,2022,2022,9,9,Wednesday,Wednesday,1257,1321,1659.69,1659.862,1659.69,1659.832,1659.695,1659.695,1659.387,1659.45,P30_C35_D64,20:57,22:01,20:57,22:01,0,0
2022-09-29 20:57:00,2022-09-29 22:01:00,64.0,2022-09-29,2022-09-29,2022,2022,9,9,Thursday,Thursday,1257,1321,1660.701,1660.818,1660.681,1660.818,1660.718,1660.917,1660.577,1660.76,P30_C35_D64,20:57,22:01,20:57,22:01,0,0
2022-10-03 20:57:00,2022-10-03 22:01:00,64.0,2022-10-03,2022-10-03,2022,2022,10,10,Monday,Monday,1257,1321,1699.627,1699.783,1699.388,1699.783,1698.295,1698.73,1698.212,1698.537,P30_C35_D64,20:57,22:01,20:57,22:01,0,0
2022-10-04 20:57:00,2022-10-04 22:01:00,64.0,2022-10-04,2022-10-04,2022,2022,10,10,Tuesday,Tuesday,1257,1321,1726.349,1726.401,1726.343,1726.347,1724.935,1725.112,1724.804,1724.956,P30_C35_D64,20:57,22:01,20:57,22:01,0,0
2022-10-05 20:57:00,2022-10-05 22:01:00,64.0,2022-10-05,2022-10-05,2022,2022,10,10,Wednesday,Wednesday,1257,1321,1716.39,1716.416,1716.118,1716.118,1715.973,1716.214,1715.912,1716.051,P30_C35_D64,20:57,22:01,20:57,22:01,0,0
2022-10-06 20:57:00,2022-10-06 22:01:00,64.0,2022-10-06,2022-10-06,2022,2022,10,10,Thursday,Thursday,1257,1321,1712.544,1712.738,1712.544,1712.736,1712.346,1712.382,1712.12,1712.199,P30_C35_D64,20:57,22:01,20:57,22:01,0,0
2022-10-10 20:57:00,2022-10-10 22:01:00,64.0,2022-10-10,2022-10-10,2022,2022,10,10,Monday,Monday,1257,1321,1668.374,1668.406,1668.183,1668.183,1668.589,1668.697,1668.196,1668.227,P30_C35_D64,20:57,22:01,20:57,22:01,0,0
2022-10-11 20:57:00,2022-10-11 22:01:00,64.0,2022-10-11,2022-10-11,2022,2022,10,10,Tuesday,Tuesday,1257,1321,1665.957,1666.066,1665.944,1666.066,1666.304,1666.532,1666.082,1666.281,P30_C35_D64,20:57,22:01,20:57,22:01,0,0
2022-10-12 20:57:00,2022-10-12 22:01:00,64.0,2022-10-12,2022-10-12,2022,2022,10,10,Wednesday,Wednesday,1257,1321,1673.149,1673.186,1673.05,1673.05,1673.732,1674.086,1673.664,1673.838,P30_C35_D64,20:57,22:01,20:57,22:01,0,0
2022-10-13 20:57:00,2022-10-13 22:01:00,64.0,2022-10-13,2022-10-13,2022,2022,10,10,Thursday,Thursday,1257,1321,1666.027,1666.139,1666.027,1666.064,1666.352,1666.396,1666.248,1666.277,P30_C35_D64,20:57,22:01,20:57,22:01,0,0
2022-10-17 20:57:00,2022-10-17 22:01:00,64.0,2022-10-17,2022-10-17,2022,2022,10,10,Monday,Monday,1257,1321,1650.63,1650.931,1650.589,1650.741,1650.43,1650.681,1650.216,1650.523,P30_C35_D64,20:57,22:01,20:57,22:01,0,0
2022-10-18 20:57:00,2022-10-18 22:01:00,64.0,2022-10-18,2022-10-18,2022,2022,10,10,Tuesday,Tuesday,1257,1321,1651.525,1651.653,1651.521,1651.651,1651.937,1652.16,1651.937,1651.959,P30_C35_D64,20:57,22:01,20:57,22:01,0,0
2022-10-19 20:57:00,2022-10-19 22:01:00,64.0,2022-10-19,2022-10-19,2022,2022,10,10,Wednesday,Wednesday,1257,1321,1629.038,1629.042,1628.828,1628.859,1629.325,1629.466,1629.325,1629.351,P30_C35_D64,20:57,22:01,20:57,22:01,0,0
2022-10-20 20:57:00,2022-10-20 22:01:00,64.0,2022-10-20,2022-10-20,2022,2022,10,10,Thursday,Thursday,1257,1321,1627.837,1628.15,1627.802,1628.15,1628.072,1628.23,1628.007,1628.145,P30_C35_D64,20:57,22:01,20:57,22:01,0,0
2022-10-24 20:57:00,2022-10-24 22:01:00,64.0,2022-10-24,2022-10-24,2022,2022,10,10,Monday,Monday,1257,1321,1649.506,1649.596,1649.344,1649.416,1649.853,1650.079,1649.786,1649.801,P30_C35_D64,20:57,22:01,20:57,22:01,0,0
2022-10-25 20:57:00,2022-10-25 22:01:00,64.0,2022-10-25,2022-10-25,2022,2022,10,10,Tuesday,Tuesday,1257,1321,1652.79,1652.887,1652.788,1652.887,1652.271,1652.515,1652.121,1652.224,P30_C35_D64,20:57,22:01,20:57,22:01,0,0
2022-10-26 20:57:00,2022-10-26 22:01:00,64.0,2022-10-26,2022-10-26,2022,2022,10,10,Wednesday,Wednesday,1257,1321,1665.147,1665.253,1664.912,1665.045,1664.119,1664.207,1663.989,1664.133,P30_C35_D64,20:57,22:01,20:57,22:01,0,0
2022-10-27 20:57:00,2022-10-27 22:01:00,64.0,2022-10-27,2022-10-27,2022,2022,10,10,Thursday,Thursday,1257,1321,1663.174,1663.376,1662.929,1663.198,1662.607,1663.095,1662.366,1662.685,P30_C35_D64,20:57,22:01,20:57,22:01,0,0
2022-10-31 20:57:00,2022-10-31 22:01:00,64.0,2022-10-31,2022-10-31,2022,2022,10,10,Monday,Monday,1257,1321,1633.628,1633.659,1633.577,1633.577,1632.83,1632.911,1632.632,1632.699,P30_C35_D64,20:57,22:01,20:57,22:01,0,0
2022-11-01 20:57:00,2022-11-01 22:01:00,64.0,2022-11-01,2022-11-01,2022,2022,11,11,Tuesday,Tuesday,1257,1321,1647.757,1647.852,1647.748,1647.852,1647.626,1648.122,1646.374,1646.577,P30_C35_D64,20:57,22:01,20:57,22:01,0,0
2022-11-02 20:57:00,2022-11-02 22:01:00,64.0,2022-11-02,2022-11-02,2022,2022,11,11,Wednesday,Wednesday,1257,1321,1635.073,1635.208,1634.952,1635.047,1634.885,1635.363,1634.803,1635.147,P30_C35_D64,20:57,22:01,20:57,22:01,0,0
2022-11-03 20:57:00,2022-11-03 22:01:00,64.0,2022-11-03,2022-11-03,2022,2022,11,11,Thursday,Thursday,1257,1321,1629.379,1629.586,1629.316,1629.493,1629.232,1629.399,1628.906,1628.981,P30_C35_D64,20:57,22:01,20:57,22:01,0,0
2022-11-07 21:57:00,2022-11-07 23:01:00,64.0,2022-11-07,2022-11-07,2022,2022,11,11,Monday,Monday,1317,1381,1675.379,1675.384,1675.285,1675.298,1675.034,1675.076,1674.627,1674.694,P33_C39_D64,21:57,23:01,21:57,23:01,0,0
2022-11-08 21:57:00,2022-11-08 23:01:00,64.0,2022-11-08,2022-11-08,2022,2022,11,11,Tuesday,Tuesday,1317,1381,1712.271,1712.473,1712.2,1712.441,1711.556,1711.847,1711.449,1711.613,P33_C39_D64,21:57,23:01,21:57,23:01,0,0
2022-11-09 21:57:00,2022-11-09 23:01:00,64.0,2022-11-09,2022-11-09,2022,2022,11,11,Wednesday,Wednesday,1317,1381,1706.532,1706.618,1706.499,1706.589,1706.241,1706.326,1706.116,1706.13,P33_C39_D64,21:57,23:01,21:57,23:01,0,0
2022-11-10 21:57:00,2022-11-10 23:01:00,64.0,2022-11-10,2022-11-10,2022,2022,11,11,Thursday,Thursday,1317,1381,1755.634,1755.854,1755.531,1755.638,1754.058,1754.194,1753.241,1753.434,P33_C39_D64,21:57,23:01,21:57,23:01,0,0
2022-11-14 21:57:00,2022-11-14 23:01:00,64.0,2022-11-14,2022-11-14,2022,2022,11,11,Monday,Monday,1317,1381,1771.331,1771.478,1771.183,1771.373,1770.414,1770.523,1770.013,1770.135,P33_C39_D64,21:57,23:01,21:57,23:01,0,0
2022-11-15 21:57:00,2022-11-15 23:01:00,64.0,2022-11-15,2022-11-15,2022,2022,11,11,Tuesday,Tuesday,1317,1381,1778.668,1779.039,1778.456,1778.672,1777.857,1778.3,1777.857,1778.2,P33_C39_D64,21:57,23:01,21:57,23:01,0,0
2022-11-16 21:57:00,2022-11-16 23:01:00,64.0,2022-11-16,2022-11-16,2022,2022,11,11,Wednesday,Wednesday,1317,1381,1773.606,1773.693,1773.606,1773.623,1773.678,1773.989,1773.678,1773.785,P33_C39_D64,21:57,23:01,21:57,23:01,0,0
2022-11-17 21:57:00,2022-11-17 23:01:00,64.0,2022-11-17,2022-11-17,2022,2022,11,11,Thursday,Thursday,1317,1381,1760.4,1760.501,1760.313,1760.449,1760.608,1760.775,1760.399,1760.535,P33_C39_D64,21:57,23:01,21:57,23:01,0,0
2022-11-21 21:57:00,2022-11-21 23:01:00,64.0,2022-11-21,2022-11-21,2022,2022,11,11,Monday,Monday,1317,1381,1738.238,1738.374,1738.126,1738.168,1738.697,1739.242,1738.596,1738.785,P33_C39_D64,21:57,23:01,21:57,23:01,0,0
2022-11-22 21:57:00,2022-11-22 23:01:00,64.0,2022-11-22,2022-11-22,2022,2022,11,11,Tuesday,Tuesday,1317,1381,1739.874,1740.06,1739.797,1739.954,1740.078,1740.085,1739.79,1739.976,P33_C39_D64,21:57,23:01,21:57,23:01,0,0
2022-11-23 21:57:00,2022-11-23 23:01:00,64.0,2022-11-23,2022-11-23,2022,2022,11,11,Wednesday,Wednesday,1317,1381,1749.475,1749.588,1749.442,1749.5,1749.305,1749.827,1749.162,1749.192,P33_C39_D64,21:57,23:01,21:57,23:01,0,0
2022-11-28 21:57:00,2022-11-28 23:01:00,64.0,2022-11-28,2022-11-28,2022,2022,11,11,Monday,Monday,1317,1381,1741.628,1742.005,1741.237,1741.676,1740.593,1740.627,1740.371,1740.39,P33_C39_D64,21:57,23:01,21:57,23:01,0,0
2022-11-29 21:57:00,2022-11-29 23:01:00,64.0,2022-11-29,2022-11-29,2022,2022,11,11,Tuesday,Tuesday,1317,1381,1749.508,1749.727,1749.493,1749.534,1749.338,1749.349,1749.207,1749.229,P33_C39_D64,21:57,23:01,21:57,23:01,0,0
2022-11-30 21:57:00,2022-11-30 23:01:00,64.0,2022-11-30,2022-11-30,2022,2022,11,11,Wednesday,Wednesday,1317,1381,1768.212,1768.305,1768.117,1768.18,1768.688,1769.07,1768.526,1768.639,P33_C39_D64,21:57,23:01,21:57,23:01,0,0
2022-12-01 21:57:00,2022-12-01 23:01:00,64.0,2022-12-01,2022-12-01,2022,2022,12,12,Thursday,Thursday,1317,1381,1802.845,1802.943,1802.845,1802.938,1802.121,1802.427,1802.115,1802.263,P33_C39_D64,21:57,23:01,21:57,23:01,0,0
2022-12-05 21:57:00,2022-12-05 23:01:00,64.0,2022-12-05,2022-12-05,2022,2022,12,12,Monday,Monday,1317,1381,1768.596,1768.69,1768.552,1768.676,1768.144,1768.329,1768.075,1768.12,P33_C39_D64,21:57,23:01,21:57,23:01,0,0
2022-12-06 21:57:00,2022-12-06 23:01:00,64.0,2022-12-06,2022-12-06,2022,2022,12,12,Tuesday,Tuesday,1317,1381,1770.951,1770.951,1770.862,1770.874,1770.91,1771.004,1770.664,1770.814,P33_C39_D64,21:57,23:01,21:57,23:01,0,0
2022-12-07 21:57:00,2022-12-07 23:01:00,64.0,2022-12-07,2022-12-07,2022,2022,12,12,Wednesday,Wednesday,1317,1381,1786.03,1786.088,1786.03,1786.032,1785.793,1786.01,1785.557,1785.901,P33_C39_D64,21:57,23:01,21:57,23:01,0,0
2022-12-08 21:57:00,2022-12-08 23:01:00,64.0,2022-12-08,2022-12-08,2022,2022,12,12,Thursday,Thursday,1317,1381,1789.076,1789.076,1788.99,1789.011,1789.634,1789.781,1789.634,1789.757,P33_C39_D64,21:57,23:01,21:57,23:01,0,0
2022-12-12 21:57:00,2022-12-12 23:01:00,64.0,2022-12-12,2022-12-12,2022,2022,12,12,Monday,Monday,1317,1381,1781.529,1781.529,1781.394,1781.462,1781.24,1781.358,1780.996,1780.996,P33_C39_D64,21:57,23:01,21:57,23:01,0,0
2022-12-13 21:57:00,2022-12-13 23:01:00,64.0,2022-12-13,2022-12-13,2022,2022,12,12,Tuesday,Tuesday,1317,1381,1810.563,1810.774,1810.469,1810.692,1810.619,1810.84,1810.276,1810.38,P33_C39_D64,21:57,23:01,21:57,23:01,0,0
2022-12-14 21:57:00,2022-12-14 23:01:00,64.0,2022-12-14,2022-12-14,2022,2022,12,12,Wednesday,Wednesday,1317,1381,1807.383,1807.412,1807.238,1807.324,1807.034,1807.034,1806.742,1806.91,P33_C39_D64,21:57,23:01,21:57,23:01,0,0
2022-12-15 21:57:00,2022-12-15 23:01:00,64.0,2022-12-15,2022-12-15,2022,2022,12,12,Thursday,Thursday,1317,1381,1776.687,1776.79,1776.687,1776.787,1776.599,1776.703,1776.511,1776.572,P33_C39_D64,21:57,23:01,21:57,23:01,0,0
2022-12-19 21:57:00,2022-12-19 23:01:00,64.0,2022-12-19,2022-12-19,2022,2022,12,12,Monday,Monday,1317,1381,1787.606,1787.696,1787.553,1787.69,1787.41,1787.48,1787.159,1787.264,P33_C39_D64,21:57,23:01,21:57,23:01,0,0
2022-12-20 21:57:00,2022-12-20 23:01:00,64.0,2022-12-20,2022-12-20,2022,2022,12,12,Tuesday,Tuesday,1317,1381,1817.714,1817.759,1817.638,1817.759,1817.772,1817.966,1817.719,1817.793,P33_C39_D64,21:57,23:01,21:57,23:01,0,0
2022-12-21 21:57:00,2022-12-21 23:01:00,64.0,2022-12-21,2022-12-21,2022,2022,12,12,Wednesday,Wednesday,1317,1381,1814.423,1814.6,1814.328,1814.555,1813.885,1814.231,1813.787,1814.171,P33_C39_D64,21:57,23:01,21:57,23:01,0,0
2022-12-27 21:57:00,2022-12-27 23:01:00,64.0,2022-12-27,2022-12-27,2022,2022,12,12,Tuesday,Tuesday,1317,1381,1813.742,1813.944,1813.64,1813.656,1814.085,1814.176,1813.738,1813.804,P33_C39_D64,21:57,23:01,21:57,23:01,0,0
2022-12-28 21:57:00,2022-12-28 23:01:00,64.0,2022-12-28,2022-12-28,2022,2022,12,12,Wednesday,Wednesday,1317,1381,1804.179,1804.29,1804.179,1804.192,1804.25,1804.25,1803.841,1803.948,P33_C39_D64,21:57,23:01,21:57,23:01,0,0
2022-12-29 21:57:00,2022-12-29 23:01:00,64.0,2022-12-29,2022-12-29,2022,2022,12,12,Thursday,Thursday,1317,1381,1814.666,1814.937,1814.635,1814.918,1814.618,1814.618,1814.461,1814.47,P33_C39_D64,21:57,23:01,21:57,23:01,0,0
2023-01-03 21:57:00,2023-01-03 23:01:00,64.0,2023-01-03,2023-01-03,2023,2023,1,1,Tuesday,Tuesday,1317,1381,1839.853,1839.853,1839.569,1839.57,1838.718,1838.819,1838.563,1838.661,P33_C39_D64,21:57,23:01,21:57,23:01,0,0
2023-01-04 21:57:00,2023-01-04 23:01:00,64.0,2023-01-04,2023-01-04,2023,2023,1,1,Wednesday,Wednesday,1317,1381,1854.403,1854.5,1854.394,1854.5,1854.44,1854.878,1854.406,1854.73,P33_C39_D64,21:57,23:01,21:57,23:01,0,0
2023-01-05 21:57:00,2023-01-05 23:01:00,64.0,2023-01-05,2023-01-05,2023,2023,1,1,Thursday,Thursday,1317,1381,1832.736,1832.912,1832.736,1832.795,1832.262,1832.309,1831.732,1831.989,P33_C39_D64,21:57,23:01,21:57,23:01,0,0
2023-01-09 21:57:00,2023-01-09 23:01:00,64.0,2023-01-09,2023-01-09,2023,2023,1,1,Monday,Monday,1317,1381,1871.492,1871.603,1871.461,1871.598,1870.953,1870.953,1870.637,1870.729,P33_C39_D64,21:57,23:01,21:57,23:01,0,0
2023-01-10 21:57:00,2023-01-10 23:01:00,64.0,2023-01-10,2023-01-10,2023,2023,1,1,Tuesday,Tuesday,1317,1381,1876.852,1876.987,1876.743,1876.895,1876.954,1876.961,1876.746,1876.837,P33_C39_D64,21:57,23:01,21:57,23:01,0,0
2023-01-11 21:57:00,2023-01-11 23:01:00,64.0,2023-01-11,2023-01-11,2023,2023,1,1,Wednesday,Wednesday,1317,1381,1875.778,1875.844,1875.523,1875.742,1874.929,1874.994,1874.592,1874.624,P33_C39_D64,21:57,23:01,21:57,23:01,0,0
2023-01-12 21:57:00,2023-01-12 23:01:00,64.0,2023-01-12,2023-01-12,2023,2023,1,1,Thursday,Thursday,1317,1381,1896.873,1896.98,1896.78,1896.88,1895.701,1895.731,1895.492,1895.692,P33_C39_D64,21:57,23:01,21:57,23:01,0,0
2023-01-17 21:57:00,2023-01-17 23:01:00,64.0,2023-01-17,2023-01-17,2023,2023,1,1,Tuesday,Tuesday,1317,1381,1908.639,1908.725,1908.445,1908.556,1908.192,1908.276,1907.952,1907.964,P33_C39_D64,21:57,23:01,21:57,23:01,0,0
2023-01-18 21:57:00,2023-01-18 23:01:00,64.0,2023-01-18,2023-01-18,2023,2023,1,1,Wednesday,Wednesday,1317,1381,1903.996,1904.146,1903.952,1904.111,1903.962,1903.964,1903.453,1903.462,P33_C39_D64,21:57,23:01,21:57,23:01,0,0
2023-01-19 21:57:00,2023-01-19 23:01:00,64.0,2023-01-19,2023-01-19,2023,2023,1,1,Thursday,Thursday,1317,1381,1932.18,1932.359,1932.009,1932.156,1931.615,1931.786,1931.353,1931.629,P33_C39_D64,21:57,23:01,21:57,23:01,0,0
2023-01-23 21:57:00,2023-01-23 23:01:00,64.0,2023-01-23,2023-01-23,2023,2023,1,1,Monday,Monday,1317,1381,1931.206,1931.271,1931.171,1931.264,1930.862,1931.132,1930.862,1930.952,P33_C39_D64,21:57,23:01,21:57,23:01,0,0
2023-01-24 21:57:00,2023-01-24 23:01:00,64.0,2023-01-24,2023-01-24,2023,2023,1,1,Tuesday,Tuesday,1317,1381,1937.275,1937.326,1937.262,1937.322,1937.022,1937.064,1936.991,1937.01,P33_C39_D64,21:57,23:01,21:57,23:01,0,0
2023-01-25 21:57:00,2023-01-25 23:01:00,64.0,2023-01-25,2023-01-25,2023,2023,1,1,Wednesday,Wednesday,1317,1381,1946.366,1946.402,1945.902,1946.163,1946.444,1946.737,1946.068,1946.386,P33_C39_D64,21:57,23:01,21:57,23:01,0,0
2023-01-26 21:57:00,2023-01-26 23:01:00,64.0,2023-01-26,2023-01-26,2023,2023,1,1,Thursday,Thursday,1317,1381,1928.851,1929.289,1928.851,1929.289,1928.269,1928.649,1928.269,1928.622,P33_C39_D64,21:57,23:01,21:57,23:01,0,0
2023-01-30 21:57:00,2023-01-30 23:01:00,64.0,2023-01-30,2023-01-30,2023,2023,1,1,Monday,Monday,1317,1381,1923.048,1923.344,1923.021,1923.344,1922.963,1922.963,1922.566,1922.703,P33_C39_D64,21:57,23:01,21:57,23:01,0,0
2023-01-31 21:57:00,2023-01-31 23:01:00,64.0,2023-01-31,2023-01-31,2023,2023,1,1,Tuesday,Tuesday,1317,1381,1927.987,1928.168,1927.917,1928.119,1927.971,1927.985,1927.396,1927.757,P33_C39_D64,21:57,23:01,21:57,23:01,0,0
2023-02-01 21:57:00,2023-02-01 23:01:00,64.0,2023-02-01,2023-02-01,2023,2023,2,2,Wednesday,Wednesday,1317,1381,1950.181,1950.181,1949.914,1950.071,1951.437,1952.164,1951.418,1952.02,P33_C39_D64,21:57,23:01,21:57,23:01,0,0
2023-02-02 21:57:00,2023-02-02 23:01:00,64.0,2023-02-02,2023-02-02,2023,2023,2,2,Thursday,Thursday,1317,1381,1912.651,1912.735,1912.59,1912.648,1911.939,1912.185,1911.792,1912.003,P33_C39_D64,21:57,23:01,21:57,23:01,0,0
2023-02-06 21:57:00,2023-02-06 23:01:00,64.0,2023-02-06,2023-02-06,2023,2023,2,2,Monday,Monday,1317,1381,1867.731,1867.763,1867.407,1867.671,1867.493,1867.674,1867.493,1867.632,P33_C39_D64,21:57,23:01,21:57,23:01,0,0
2023-02-07 21:57:00,2023-02-07 23:01:00,64.0,2023-02-07,2023-02-07,2023,2023,2,2,Tuesday,Tuesday,1317,1381,1867.598,1871.73,1867.282,1871.548,1873.878,1873.948,1873.295,1873.377,P33_C39_D64,21:57,23:01,21:57,23:01,0,0
2023-02-08 21:57:00,2023-02-08 23:01:00,64.0,2023-02-08,2023-02-08,2023,2023,2,2,Wednesday,Wednesday,1317,1381,1875.527,1875.648,1875.518,1875.648,1875.115,1875.29,1875.067,1875.109,P33_C39_D64,21:57,23:01,21:57,23:01,0,0
2023-02-09 21:57:00,2023-02-09 23:01:00,64.0,2023-02-09,2023-02-09,2023,2023,2,2,Thursday,Thursday,1317,1381,1861.157,1861.616,1861.157,1861.599,1862.819,1863.115,1862.71,1863.004,P33_C39_D64,21:57,23:01,21:57,23:01,0,0
2023-02-13 21:57:00,2023-02-13 23:01:00,64.0,2023-02-13,2023-02-13,2023,2023,2,2,Monday,Monday,1317,1381,1853.805,1853.806,1853.485,1853.485,1853.627,1853.737,1853.571,1853.635,P33_C39_D64,21:57,23:01,21:57,23:01,0,0
2023-02-14 21:57:00,2023-02-14 23:01:00,64.0,2023-02-14,2023-02-14,2023,2023,2,2,Tuesday,Tuesday,1317,1381,1854.266,1854.445,1854.266,1854.342,1853.929,1854.005,1853.534,1853.787,P33_C39_D64,21:57,23:01,21:57,23:01,0,0
2023-02-15 21:57:00,2023-02-15 23:01:00,64.0,2023-02-15,2023-02-15,2023,2023,2,2,Wednesday,Wednesday,1317,1381,1836.325,1836.325,1835.999,1835.999,1836.284,1836.359,1836.079,1836.359,P33_C39_D64,21:57,23:01,21:57,23:01,0,0
2023-02-16 21:57:00,2023-02-16 23:01:00,64.0,2023-02-16,2023-02-16,2023,2023,2,2,Thursday,Thursday,1317,1381,1836.558,1836.575,1836.431,1836.515,1836.391,1836.619,1836.247,1836.481,P33_C39_D64,21:57,23:01,21:57,23:01,0,0
2023-02-21 21:57:00,2023-02-21 23:01:00,64.0,2023-02-21,2023-02-21,2023,2023,2,2,Tuesday,Tuesday,1317,1381,1834.938,1834.968,1834.778,1834.786,1834.699,1834.741,1834.35,1834.624,P33_C39_D64,21:57,23:01,21:57,23:01,0,0
2023-02-22 21:57:00,2023-02-22 23:01:00,64.0,2023-02-22,2023-02-22,2023,2023,2,2,Wednesday,Wednesday,1317,1381,1825.392,1825.399,1825.223,1825.236,1825.723,1825.723,1825.131,1825.275,P33_C39_D64,21:57,23:01,21:57,23:01,0,0
2023-02-23 21:57:00,2023-02-23 23:01:00,64.0,2023-02-23,2023-02-23,2023,2023,2,2,Thursday,Thursday,1317,1381,1822.371,1822.402,1822.243,1822.243,1822.434,1822.561,1822.332,1822.554,P33_C39_D64,21:57,23:01,21:57,23:01,0,0
2023-02-27 21:57:00,2023-02-27 23:01:00,64.0,2023-02-27,2023-02-27,2023,2023,2,2,Monday,Monday,1317,1381,1816.972,1817.117,1816.936,1817.116,1817.125,1817.241,1817.089,1817.215,P33_C39_D64,21:57,23:01,21:57,23:01,0,0
2023-02-28 21:57:00,2023-02-28 23:01:00,64.0,2023-02-28,2023-02-28,2023,2023,2,2,Tuesday,Tuesday,1317,1381,1826.875,1826.881,1826.477,1826.477,1826.576,1826.897,1826.472,1826.897,P33_C39_D64,21:57,23:01,21:57,23:01,0,0
2023-03-01 21:57:00,2023-03-01 23:01:00,64.0,2023-03-01,2023-03-01,2023,2023,3,3,Wednesday,Wednesday,1317,1381,1836.703,1836.736,1836.57,1836.57,1837.118,1837.24,1836.983,1837.098,P33_C39_D64,21:57,23:01,21:57,23:01,0,0
2023-03-02 21:57:00,2023-03-02 23:01:00,64.0,2023-03-02,2023-03-02,2023,2023,3,3,Thursday,Thursday,1317,1381,1835.905,1836.067,1835.856,1835.893,1836.186,1836.191,1836.059,1836.101,P33_C39_D64,21:57,23:01,21:57,23:01,0,0
2023-03-06 21:57:00,2023-03-06 23:01:00,64.0,2023-03-06,2023-03-06,2023,2023,3,3,Monday,Monday,1317,1381,1846.993,1847.081,1846.811,1846.811,1846.367,1846.407,1845.931,1845.931,P33_C39_D64,21:57,23:01,21:57,23:01,0,0
2023-03-07 21:57:00,2023-03-07 23:01:00,64.0,2023-03-07,2023-03-07,2023,2023,3,3,Tuesday,Tuesday,1317,1381,1813.462,1813.6,1813.244,1813.283,1813.901,1813.901,1813.57,1813.771,P33_C39_D64,21:57,23:01,21:57,23:01,0,0
2023-03-08 21:57:00,2023-03-08 23:01:00,64.0,2023-03-08,2023-03-08,2023,2023,3,3,Wednesday,Wednesday,1317,1381,1813.703,1813.736,1813.645,1813.671,1814.105,1814.198,1814.095,1814.142,P33_C39_D64,21:57,23:01,21:57,23:01,0,0
2023-03-09 21:57:00,2023-03-09 23:01:00,64.0,2023-03-09,2023-03-09,2023,2023,3,3,Thursday,Thursday,1317,1381,1830.824,1830.917,1830.746,1830.847,1831.341,1831.381,1831.029,1831.198,P33_C39_D64,21:57,23:01,21:57,23:01,0,0
2023-03-13 20:57:00,2023-03-13 22:01:00,64.0,2023-03-13,2023-03-13,2023,2023,3,3,Monday,Monday,1257,1321,1913.461,1913.476,1913.294,1913.409,1913.563,1913.651,1912.355,1912.355,P30_C35_D64,20:57,22:01,20:57,22:01,0,0
2023-03-14 20:57:00,2023-03-14 22:01:00,64.0,2023-03-14,2023-03-14,2023,2023,3,3,Tuesday,Tuesday,1257,1321,1903.828,1903.892,1903.56,1903.801,1904.265,1904.265,1903.929,1904.105,P30_C35_D64,20:57,22:01,20:57,22:01,0,0
2023-03-16 20:57:00,2023-03-16 22:01:00,64.0,2023-03-16,2023-03-16,2023,2023,3,3,Thursday,Thursday,1257,1321,1919.264,1919.291,1919.127,1919.228,1919.406,1919.705,1919.393,1919.697,P30_C35_D64,20:57,22:01,20:57,22:01,0,0
2023-03-20 20:57:00,2023-03-20 22:01:00,64.0,2023-03-20,2023-03-20,2023,2023,3,3,Monday,Monday,1257,1321,1978.83,1978.871,1978.574,1978.836,1978.876,1979.063,1978.846,1978.99,P30_C35_D64,20:57,22:01,20:57,22:01,0,0
2023-03-21 20:57:00,2023-03-21 22:01:00,64.0,2023-03-21,2023-03-21,2023,2023,3,3,Tuesday,Tuesday,1257,1321,1940.251,1940.603,1940.243,1940.457,1939.72,1939.835,1939.315,1939.315,P30_C35_D64,20:57,22:01,20:57,22:01,0,0
2023-03-22 20:57:00,2023-03-22 22:01:00,64.0,2023-03-22,2023-03-22,2023,2023,3,3,Wednesday,Wednesday,1257,1321,1969.257,1969.644,1969.224,1969.644,1969.647,1969.647,1968.738,1968.763,P30_C35_D64,20:57,22:01,20:57,22:01,0,0
2023-03-23 20:57:00,2023-03-23 22:01:00,64.0,2023-03-23,2023-03-23,2023,2023,3,3,Thursday,Thursday,1257,1321,1992.959,1993.324,1992.836,1993.23,1993.767,1993.864,1993.629,1993.641,P30_C35_D64,20:57,22:01,20:57,22:01,0,0
2023-03-27 20:57:00,2023-03-27 22:01:00,64.0,2023-03-27,2023-03-27,2023,2023,3,3,Monday,Monday,1257,1321,1956.105,1956.428,1956.105,1956.298,1956.602,1956.888,1956.56,1956.778,P30_C35_D64,20:57,22:01,20:57,22:01,0,0
2023-03-28 20:57:00,2023-03-28 22:01:00,64.0,2023-03-28,2023-03-28,2023,2023,3,3,Tuesday,Tuesday,1257,1321,1973.941,1973.981,1973.751,1973.798,1973.607,1973.607,1973.204,1973.269,P30_C35_D64,20:57,22:01,20:57,22:01,0,0
2023-03-29 20:57:00,2023-03-29 22:01:00,64.0,2023-03-29,2023-03-29,2023,2023,3,3,Wednesday,Wednesday,1257,1321,1964.297,1964.588,1964.293,1964.587,1963.322,1963.367,1963.071,1963.288,P30_C35_D64,20:57,22:01,20:57,22:01,0,0
2023-03-30 20:57:00,2023-03-30 22:01:00,64.0,2023-03-30,2023-03-30,2023,2023,3,3,Thursday,Thursday,1257,1321,1980.424,1980.481,1980.306,1980.337,1980.306,1980.306,1980.114,1980.156,P30_C35_D64,20:57,22:01,20:57,22:01,0,0
2023-04-03 20:57:00,2023-04-03 22:01:00,64.0,2023-04-03,2023-04-03,2023,2023,4,4,Monday,Monday,1257,1321,1984.069,1984.274,1984.069,1984.23,1984.204,1984.929,1984.204,1984.888,P30_C35_D64,20:57,22:01,20:57,22:01,0,0
2023-04-04 20:57:00,2023-04-04 22:01:00,64.0,2023-04-04,2023-04-04,2023,2023,4,4,Tuesday,Tuesday,1257,1321,2020.302,2020.365,2020.098,2020.352,2021.05,2021.558,2021.05,2021.439,P30_C35_D64,20:57,22:01,20:57,22:01,0,0
2023-04-05 20:57:00,2023-04-05 22:01:00,64.0,2023-04-05,2023-04-05,2023,2023,4,4,Wednesday,Wednesday,1257,1321,2020.203,2020.445,2020.109,2020.444,2020.709,2021.031,2020.588,2020.892,P30_C35_D64,20:57,22:01,20:57,22:01,0,0
2023-04-10 20:57:00,2023-04-10 22:01:00,64.0,2023-04-10,2023-04-10,2023,2023,4,4,Monday,Monday,1257,1321,1991.257,1991.289,1991.245,1991.288,1991.293,1991.442,1991.21,1991.243,P30_C35_D64,20:57,22:01,20:57,22:01,0,0
2023-04-11 20:57:00,2023-04-11 22:01:00,64.0,2023-04-11,2023-04-11,2023,2023,4,4,Tuesday,Tuesday,1257,1321,2003.538,2003.538,2003.44,2003.53,2003.221,2003.373,2003.221,2003.245,P30_C35_D64,20:57,22:01,20:57,22:01,0,0
2023-04-12 20:57:00,2023-04-12 22:01:00,64.0,2023-04-12,2023-04-12,2023,2023,4,4,Wednesday,Wednesday,1257,1321,2014.78,2014.859,2014.718,2014.814,2014.43,2014.524,2014.219,2014.439,P30_C35_D64,20:57,22:01,20:57,22:01,0,0
2023-04-13 20:57:00,2023-04-13 22:01:00,64.0,2023-04-13,2023-04-13,2023,2023,4,4,Thursday,Thursday,1257,1321,2040.418,2040.502,2040.399,2040.487,2040.524,2040.727,2040.138,2040.252,P30_C35_D64,20:57,22:01,20:57,22:01,0,0
2023-04-17 20:57:00,2023-04-17 22:01:00,64.0,2023-04-17,2023-04-17,2023,2023,4,4,Monday,Monday,1257,1321,1995.072,1995.131,1994.9,1994.914,1995.029,1995.029,1994.666,1994.672,P30_C35_D64,20:57,22:01,20:57,22:01,0,0
2023-04-18 20:57:00,2023-04-18 22:01:00,64.0,2023-04-18,2023-04-18,2023,2023,4,4,Tuesday,Tuesday,1257,1321,2004.923,2005.155,2004.923,2004.974,2005.033,2005.206,2005.033,2005.151,P30_C35_D64,20:57,22:01,20:57,22:01,0,0
2023-04-19 20:57:00,2023-04-19 22:01:00,64.0,2023-04-19,2023-04-19,2023,2023,4,4,Wednesday,Wednesday,1257,1321,1994.675,1994.678,1994.606,1994.641,1994.577,1994.592,1994.397,1994.592,P30_C35_D64,20:57,22:01,20:57,22:01,0,0
2023-04-20 20:57:00,2023-04-20 22:01:00,64.0,2023-04-20,2023-04-20,2023,2023,4,4,Thursday,Thursday,1257,1321,2004.668,2004.668,2004.496,2004.501,2004.236,2004.281,2004.097,2004.2,P30_C35_D64,20:57,22:01,20:57,22:01,0,0
2023-04-24 20:57:00,2023-04-24 22:01:00,64.0,2023-04-24,2023-04-24,2023,2023,4,4,Monday,Monday,1257,1321,1988.986,1989.085,1988.951,1989.085,1989.021,1989.052,1988.804,1989.052,P30_C35_D64,20:57,22:01,20:57,22:01,0,0
2023-04-25 20:57:00,2023-04-25 22:01:00,64.0,2023-04-25,2023-04-25,2023,2023,4,4,Tuesday,Tuesday,1257,1321,1996.794,1996.986,1996.784,1996.962,1996.169,1996.506,1996.026,1996.503,P30_C35_D64,20:57,22:01,20:57,22:01,0,0
2023-04-26 20:57:00,2023-04-26 22:01:00,64.0,2023-04-26,2023-04-26,2023,2023,4,4,Wednesday,Wednesday,1257,1321,1989.079,1989.177,1989.013,1989.129,1989.763,1989.763,1989.466,1989.585,P30_C35_D64,20:57,22:01,20:57,22:01,0,0
2023-04-27 20:57:00,2023-04-27 22:01:00,64.0,2023-04-27,2023-04-27,2023,2023,4,4,Thursday,Thursday,1257,1321,1987.831,1987.837,1987.666,1987.675,1987.601,1987.601,1987.381,1987.436,P30_C35_D64,20:57,22:01,20:57,22:01,0,0
2023-05-01 20:57:00,2023-05-01 22:01:00,64.0,2023-05-01,2023-05-01,2023,2023,5,5,Monday,Monday,1257,1321,1982.221,1982.542,1982.203,1982.407,1982.15,1982.262,1982.111,1982.157,P30_C35_D64,20:57,22:01,20:57,22:01,0,0
2023-05-02 20:57:00,2023-05-02 22:01:00,64.0,2023-05-02,2023-05-02,2023,2023,5,5,Tuesday,Tuesday,1257,1321,2016.279,2016.456,2016.264,2016.373,2015.969,2016.12,2015.948,2015.971,P30_C35_D64,20:57,22:01,20:57,22:01,0,0
2023-05-03 20:57:00,2023-05-03 22:01:00,64.0,2023-05-03,2023-05-03,2023,2023,5,5,Wednesday,Wednesday,1257,1321,2039.931,2040.405,2039.248,2039.418,2061.996,2079.817,2059.856,2071.105,P30_C35_D64,20:57,22:01,20:57,22:01,0,0
2023-05-04 20:57:00,2023-05-04 22:01:00,64.0,2023-05-04,2023-05-04,2023,2023,5,5,Thursday,Thursday,1257,1321,2050.214,2050.246,2049.892,2050.05,2049.45,2049.764,2048.723,2048.759,P30_C35_D64,20:57,22:01,20:57,22:01,0,0
2023-05-08 20:57:00,2023-05-08 22:01:00,64.0,2023-05-08,2023-05-08,2023,2023,5,5,Monday,Monday,1257,1321,2021.187,2021.274,2021.067,2021.27,2020.96,2021.102,2020.96,2021.046,P30_C35_D64,20:57,22:01,20:57,22:01,0,0
2023-05-09 20:57:00,2023-05-09 22:01:00,64.0,2023-05-09,2023-05-09,2023,2023,5,5,Tuesday,Tuesday,1257,1321,2034.424,2034.458,2034.342,2034.458,2034.477,2034.512,2034.4,2034.498,P30_C35_D64,20:57,22:01,20:57,22:01,0,0
2023-05-10 20:57:00,2023-05-10 22:01:00,64.0,2023-05-10,2023-05-10,2023,2023,5,5,Wednesday,Wednesday,1257,1321,2029.838,2029.994,2029.614,2029.623,2029.678,2029.851,2029.652,2029.813,P30_C35_D64,20:57,22:01,20:57,22:01,0,0
2023-05-11 20:57:00,2023-05-11 22:01:00,64.0,2023-05-11,2023-05-11,2023,2023,5,5,Thursday,Thursday,1257,1321,2014.936,2014.936,2014.815,2014.923,2014.888,2014.95,2014.846,2014.927,P30_C35_D64,20:57,22:01,20:57,22:01,0,0
2023-05-15 20:57:00,2023-05-15 22:01:00,64.0,2023-05-15,2023-05-15,2023,2023,5,5,Monday,Monday,1257,1321,2016.105,2016.3,2016.091,2016.216,2016.17,2016.428,2016.04,2016.395,P30_C35_D64,20:57,22:01,20:57,22:01,0,0
2023-05-16 20:57:00,2023-05-16 22:01:00,64.0,2023-05-16,2023-05-16,2023,2023,5,5,Tuesday,Tuesday,1257,1321,1988.926,1988.926,1988.713,1988.713,1988.753,1989.033,1988.718,1989.021,P30_C35_D64,20:57,22:01,20:57,22:01,0,0
2023-05-17 20:57:00,2023-05-17 22:01:00,64.0,2023-05-17,2023-05-17,2023,2023,5,5,Wednesday,Wednesday,1257,1321,1981.872,1982.096,1981.864,1981.959,1980.909,1981.277,1980.909,1981.167,P30_C35_D64,20:57,22:01,20:57,22:01,0,0
2023-05-18 20:57:00,2023-05-18 22:01:00,64.0,2023-05-18,2023-05-18,2023,2023,5,5,Thursday,Thursday,1257,1321,1957.524,1957.617,1957.453,1957.583,1958.059,1958.221,1957.856,1958.221,P30_C35_D64,20:57,22:01,20:57,22:01,0,0
2023-05-22 20:57:00,2023-05-22 22:01:00,64.0,2023-05-22,2023-05-22,2023,2023,5,5,Monday,Monday,1257,1321,1971.661,1971.661,1971.565,1971.583,1971.865,1972.154,1971.865,1971.936,P30_C35_D64,20:57,22:01,20:57,22:01,0,0
2023-05-23 20:57:00,2023-05-23 22:01:00,64.0,2023-05-23,2023-05-23,2023,2023,5,5,Tuesday,Tuesday,1257,1321,1975.229,1975.229,1975.034,1975.051,1974.591,1975.092,1974.587,1975.092,P30_C35_D64,20:57,22:01,20:57,22:01,0,0
2023-05-24 20:57:00,2023-05-24 22:01:00,64.0,2023-05-24,2023-05-24,2023,2023,5,5,Wednesday,Wednesday,1257,1321,1957.196,1957.25,1957.09,1957.211,1957.931,1958.378,1957.931,1958.305,P30_C35_D64,20:57,22:01,20:57,22:01,0,0
2023-05-25 20:57:00,2023-05-25 22:01:00,64.0,2023-05-25,2023-05-25,2023,2023,5,5,Thursday,Thursday,1257,1321,1940.406,1940.59,1940.297,1940.523,1940.636,1941.226,1940.547,1941.226,P30_C35_D64,20:57,22:01,20:57,22:01,0,0
2023-05-29 23:58:00,2023-05-30 00:00:00,2.0,2023-05-29,2023-05-30,2023,2023,5,5,Monday,Tuesday,1438,0,1941.503,1941.712,1941.44,1941.683,1941.498,1941.836,1941.404,1941.571,P41_C1_D2,23:58,00:00,23:58,00:00,0,0
2023-05-30 20:57:00,2023-05-30 22:01:00,64.0,2023-05-30,2023-05-30,2023,2023,5,5,Tuesday,Tuesday,1257,1321,1959.51,1959.59,1959.359,1959.359,1958.994,1959.268,1958.902,1959.062,P30_C35_D64,20:57,22:01,20:57,22:01,0,0
2023-05-31 20:57:00,2023-05-31 22:01:00,64.0,2023-05-31,2023-05-31,2023,2023,5,5,Wednesday,Wednesday,1257,1321,1963.024,1963.024,1962.378,1962.501,1962.717,1963.005,1962.717,1962.995,P30_C35_D64,20:57,22:01,20:57,22:01,0,0
2023-06-01 20:57:00,2023-06-01 22:01:00,64.0,2023-06-01,2023-06-01,2023,2023,6,6,Thursday,Thursday,1257,1321,1977.497,1977.534,1977.436,1977.46,1977.115,1977.178,1976.852,1976.852,P30_C35_D64,20:57,22:01,20:57,22:01,0,0
2023-06-05 20:57:00,2023-06-05 22:01:00,64.0,2023-06-05,2023-06-05,2023,2023,6,6,Monday,Monday,1257,1321,1961.635,1961.834,1961.619,1961.728,1961.485,1961.502,1961.418,1961.502,P30_C35_D64,20:57,22:01,20:57,22:01,0,0
2023-06-06 20:57:00,2023-06-06 22:01:00,64.0,2023-06-06,2023-06-06,2023,2023,6,6,Tuesday,Tuesday,1257,1321,1963.072,1963.161,1963.071,1963.161,1963.594,1963.759,1963.594,1963.759,P30_C35_D64,20:57,22:01,20:57,22:01,0,0
2023-06-07 20:57:00,2023-06-07 22:01:00,64.0,2023-06-07,2023-06-07,2023,2023,6,6,Wednesday,Wednesday,1257,1321,1940.091,1940.099,1939.885,1939.96,1939.848,1940.272,1939.848,1940.272,P30_C35_D64,20:57,22:01,20:57,22:01,0,0
2023-06-08 20:57:00,2023-06-08 22:01:00,64.0,2023-06-08,2023-06-08,2023,2023,6,6,Thursday,Thursday,1257,1321,1965.316,1965.433,1965.316,1965.43,1965.692,1965.858,1965.692,1965.769,P30_C35_D64,20:57,22:01,20:57,22:01,0,0
2023-06-12 20:57:00,2023-06-12 22:01:00,64.0,2023-06-12,2023-06-12,2023,2023,6,6,Monday,Monday,1257,1321,1957.636,1957.641,1957.432,1957.444,1957.333,1957.337,1957.208,1957.208,P30_C35_D64,20:57,22:01,20:57,22:01,0,0
2023-06-13 20:57:00,2023-06-13 22:01:00,64.0,2023-06-13,2023-06-13,2023,2023,6,6,Tuesday,Tuesday,1257,1321,1943.321,1943.484,1943.28,1943.484,1943.244,1943.518,1943.202,1943.327,P30_C35_D64,20:57,22:01,20:57,22:01,0,0
2023-06-14 20:57:00,2023-06-14 22:01:00,64.0,2023-06-14,2023-06-14,2023,2023,6,6,Wednesday,Wednesday,1257,1321,1940.177,1941.195,1940.093,1941.195,1941.788,1942.097,1941.788,1942.013,P30_C35_D64,20:57,22:01,20:57,22:01,0,0
2023-06-15 20:57:00,2023-06-15 22:01:00,64.0,2023-06-15,2023-06-15,2023,2023,6,6,Thursday,Thursday,1257,1321,1957.798,1957.902,1957.686,1957.886,1957.277,1957.512,1957.265,1957.292,P30_C35_D64,20:57,22:01,20:57,22:01,0,0
2023-06-19 23:58:00,2023-06-20 00:00:00,2.0,2023-06-19,2023-06-20,2023,2023,6,6,Monday,Tuesday,1438,0,1952.092,1952.213,1952.081,1952.197,1952.383,1952.551,1952.25,1952.293,P41_C1_D2,23:58,00:00,23:58,00:00,0,0
2023-06-20 20:57:00,2023-06-20 22:01:00,64.0,2023-06-20,2023-06-20,2023,2023,6,6,Tuesday,Tuesday,1257,1321,1935.903,1936.127,1935.903,1936.101,1936.489,1936.648,1936.372,1936.646,P30_C35_D64,20:57,22:01,20:57,22:01,0,0
2023-06-21 20:57:00,2023-06-21 22:01:00,64.0,2023-06-21,2023-06-21,2023,2023,6,6,Wednesday,Wednesday,1257,1321,1932.356,1932.397,1932.293,1932.388,1932.934,1932.934,1932.696,1932.713,P30_C35_D64,20:57,22:01,20:57,22:01,0,0
2023-06-22 20:57:00,2023-06-22 22:01:00,64.0,2023-06-22,2023-06-22,2023,2023,6,6,Thursday,Thursday,1257,1321,1913.302,1913.624,1913.292,1913.624,1913.91,1914.143,1913.861,1914.1,P30_C35_D64,20:57,22:01,20:57,22:01,0,0
2023-06-26 20:57:00,2023-06-26 22:01:00,64.0,2023-06-26,2023-06-26,2023,2023,6,6,Monday,Monday,1257,1321,1923.126,1923.359,1923.087,1923.087,1923.198,1923.368,1923.198,1923.356,P30_C35_D64,20:57,22:01,20:57,22:01,0,0
2023-06-27 20:57:00,2023-06-27 22:01:00,64.0,2023-06-27,2023-06-27,2023,2023,6,6,Tuesday,Tuesday,1257,1321,1913.292,1913.583,1913.292,1913.552,1914.14,1914.354,1913.976,1914.166,P30_C35_D64,20:57,22:01,20:57,22:01,0,0
2023-06-28 20:57:00,2023-06-28 22:01:00,64.0,2023-06-28,2023-06-28,2023,2023,6,6,Wednesday,Wednesday,1257,1321,1907.304,1907.392,1907.171,1907.392,1907.498,1907.804,1907.498,1907.585,P30_C35_D64,20:57,22:01,20:57,22:01,0,0
2023-06-29 20:57:00,2023-06-29 22:01:00,64.0,2023-06-29,2023-06-29,2023,2023,6,6,Thursday,Thursday,1257,1321,1908.125,1908.138,1907.939,1907.939,1908.618,1908.697,1908.503,1908.615,P30_C35_D64,20:57,22:01,20:57,22:01,0,0
2023-07-03 20:57:00,2023-07-03 22:01:00,64.0,2023-07-03,2023-07-03,2023,2023,7,7,Monday,Monday,1257,1321,1921.404,1921.444,1921.402,1921.434,1921.351,1921.374,1921.279,1921.292,P30_C35_D64,20:57,22:01,20:57,22:01,0,0
2023-07-04 23:58:00,2023-07-05 00:00:00,2.0,2023-07-04,2023-07-05,2023,2023,7,7,Tuesday,Wednesday,1438,0,1926.215,1926.256,1926.143,1926.176,1926.247,1926.482,1926.247,1926.454,P41_C1_D2,23:58,00:00,23:58,00:00,0,0
2023-07-05 20:57:00,2023-07-05 22:01:00,64.0,2023-07-05,2023-07-05,2023,2023,7,7,Wednesday,Wednesday,1257,1321,1914.957,1915.02,1914.918,1915.013,1915.373,1915.826,1915.345,1915.826,P30_C35_D64,20:57,22:01,20:57,22:01,0,0
2023-07-06 20:57:00,2023-07-06 22:01:00,64.0,2023-07-06,2023-07-06,2023,2023,7,7,Thursday,Thursday,1257,1321,1910.805,1910.946,1910.788,1910.887,1910.791,1910.858,1910.559,1910.559,P30_C35_D64,20:57,22:01,20:57,22:01,0,0
2023-07-10 20:57:00,2023-07-10 22:01:00,64.0,2023-07-10,2023-07-10,2023,2023,7,7,Monday,Monday,1257,1321,1925.218,1925.309,1925.217,1925.232,1925.352,1925.38,1925.23,1925.356,P30_C35_D64,20:57,22:01,20:57,22:01,0,0
2023-07-11 20:57:00,2023-07-11 22:01:00,64.0,2023-07-11,2023-07-11,2023,2023,7,7,Tuesday,Tuesday,1257,1321,1932.3,1932.38,1932.29,1932.38,1932.228,1932.281,1932.203,1932.257,P30_C35_D64,20:57,22:01,20:57,22:01,0,0
2023-07-12 20:57:00,2023-07-12 22:01:00,64.0,2023-07-12,2023-07-12,2023,2023,7,7,Wednesday,Wednesday,1257,1321,1957.438,1957.446,1957.358,1957.358,1957.127,1957.193,1956.94,1956.99,P30_C35_D64,20:57,22:01,20:57,22:01,0,0
2023-07-13 20:57:00,2023-07-13 22:01:00,64.0,2023-07-13,2023-07-13,2023,2023,7,7,Thursday,Thursday,1257,1321,1960.444,1960.547,1960.434,1960.532,1960.376,1960.552,1960.376,1960.495,P30_C35_D64,20:57,22:01,20:57,22:01,0,0
2023-07-17 20:57:00,2023-07-17 22:01:00,64.0,2023-07-17,2023-07-17,2023,2023,7,7,Monday,Monday,1257,1321,1954.85,1954.943,1954.772,1954.927,1954.802,1954.802,1954.607,1954.672,P30_C35_D64,20:57,22:01,20:57,22:01,0,0
2023-07-18 20:57:00,2023-07-18 22:01:00,64.0,2023-07-18,2023-07-18,2023,2023,7,7,Tuesday,Tuesday,1257,1321,1978.704,1978.817,1978.704,1978.783,1978.788,1978.942,1978.775,1978.885,P30_C35_D64,20:57,22:01,20:57,22:01,0,0
2023-07-19 20:57:00,2023-07-19 22:01:00,64.0,2023-07-19,2023-07-19,2023,2023,7,7,Wednesday,Wednesday,1257,1321,1977.041,1977.041,1976.938,1977.015,1975.833,1976.678,1975.4,1976.486,P30_C35_D64,20:57,22:01,20:57,22:01,0,0
2023-07-20 20:57:00,2023-07-20 22:01:00,64.0,2023-07-20,2023-07-20,2023,2023,7,7,Thursday,Thursday,1257,1321,1969.409,1969.506,1969.405,1969.405,1970.196,1970.39,1970.162,1970.337,P30_C35_D64,20:57,22:01,20:57,22:01,0,0
2023-07-24 20:57:00,2023-07-24 22:01:00,64.0,2023-07-24,2023-07-24,2023,2023,7,7,Monday,Monday,1257,1321,1954.58,1954.656,1954.545,1954.624,1954.833,1955.196,1954.772,1955.118,P30_C35_D64,20:57,22:01,20:57,22:01,0,0
2023-07-25 20:57:00,2023-07-25 22:01:00,64.0,2023-07-25,2023-07-25,2023,2023,7,7,Tuesday,Tuesday,1257,1321,1964.603,1964.699,1964.581,1964.614,1965.15,1965.198,1965.011,1965.063,P30_C35_D64,20:57,22:01,20:57,22:01,0,0
2023-07-26 20:57:00,2023-07-26 22:01:00,64.0,2023-07-26,2023-07-26,2023,2023,7,7,Wednesday,Wednesday,1257,1321,1972.212,1972.257,1972.103,1972.133,1971.871,1972.023,1971.533,1971.705,P30_C35_D64,20:57,22:01,20:57,22:01,0,0
2023-07-27 20:57:00,2023-07-27 22:01:00,64.0,2023-07-27,2023-07-27,2023,2023,7,7,Thursday,Thursday,1257,1321,1944.67,1945.03,1944.67,1945.03,1946.404,1946.657,1946.348,1946.657,P30_C35_D64,20:57,22:01,20:57,22:01,0,0
2023-07-31 20:57:00,2023-07-31 22:01:00,64.0,2023-07-31,2023-07-31,2023,2023,7,7,Monday,Monday,1257,1321,1965.561,1965.561,1965.407,1965.407,1965.746,1965.804,1965.745,1965.804,P30_C35_D64,20:57,22:01,20:57,22:01,0,0
2023-08-01 20:57:00,2023-08-01 22:01:00,64.0,2023-08-01,2023-08-01,2023,2023,8,8,Tuesday,Tuesday,1257,1321,1944.12,1944.221,1944.079,1944.081,1949.57,1950.876,1948.813,1950.545,P30_C35_D64,20:57,22:01,20:57,22:01,0,0
2023-08-02 20:57:00,2023-08-02 22:01:00,64.0,2023-08-02,2023-08-02,2023,2023,8,8,Wednesday,Wednesday,1257,1321,1934.516,1934.516,1934.486,1934.487,1935.061,1935.414,1935.042,1935.347,P30_C35_D64,20:57,22:01,20:57,22:01,0,0
2023-08-03 20:57:00,2023-08-03 22:01:00,64.0,2023-08-03,2023-08-03,2023,2023,8,8,Thursday,Thursday,1257,1321,1934.127,1934.303,1934.127,1934.169,1934.247,1934.783,1934.185,1934.746,P30_C35_D64,20:57,22:01,20:57,22:01,0,0
2023-08-07 20:57:00,2023-08-07 22:01:00,64.0,2023-08-07,2023-08-07,2023,2023,8,8,Monday,Monday,1257,1321,1936.293,1936.614,1936.293,1936.492,1936.589,1936.614,1936.589,1936.602,P30_C35_D64,20:57,22:01,20:57,22:01,0,0
2023-08-08 20:57:00,2023-08-08 22:01:00,64.0,2023-08-08,2023-08-08,2023,2023,8,8,Tuesday,Tuesday,1257,1321,1925.039,1925.16,1924.99,1925.02,1924.997,1925.041,1924.982,1925.039,P30_C35_D64,20:57,22:01,20:57,22:01,0,0
2023-08-09 20:57:00,2023-08-09 22:01:00,64.0,2023-08-09,2023-08-09,2023,2023,8,8,Wednesday,Wednesday,1257,1321,1914.434,1914.843,1914.424,1914.82,1914.776,1914.911,1914.635,1914.712,P30_C35_D64,20:57,22:01,20:57,22:01,0,0
2023-08-10 20:57:00,2023-08-10 22:01:00,64.0,2023-08-10,2023-08-10,2023,2023,8,8,Thursday,Thursday,1257,1321,1912.345,1912.364,1912.268,1912.359,1912.73,1912.762,1912.584,1912.762,P30_C35_D64,20:57,22:01,20:57,22:01,0,0
2023-08-14 20:57:00,2023-08-14 22:01:00,64.0,2023-08-14,2023-08-14,2023,2023,8,8,Monday,Monday,1257,1321,1907.259,1907.48,1907.226,1907.415,1907.259,1907.394,1907.259,1907.394,P30_C35_D64,20:57,22:01,20:57,22:01,0,0
2023-08-15 20:57:00,2023-08-15 22:01:00,64.0,2023-08-15,2023-08-15,2023,2023,8,8,Tuesday,Tuesday,1257,1321,1901.482,1901.577,1901.482,1901.57,1901.901,1901.946,1901.749,1901.848,P30_C35_D64,20:57,22:01,20:57,22:01,0,0
2023-08-16 20:57:00,2023-08-16 22:01:00,64.0,2023-08-16,2023-08-16,2023,2023,8,8,Wednesday,Wednesday,1257,1321,1892.285,1892.293,1891.798,1892.005,1892.167,1892.979,1892.167,1892.952,P30_C35_D64,20:57,22:01,20:57,22:01,0,0
2023-08-17 20:57:00,2023-08-17 22:01:00,64.0,2023-08-17,2023-08-17,2023,2023,8,8,Thursday,Thursday,1257,1321,1889.174,1889.206,1889.108,1889.179,1889.481,1889.739,1889.481,1889.682,P30_C35_D64,20:57,22:01,20:57,22:01,0,0
2023-08-21 20:57:00,2023-08-21 22:01:00,64.0,2023-08-21,2023-08-21,2023,2023,8,8,Monday,Monday,1257,1321,1894.684,1894.774,1894.684,1894.774,1894.607,1894.68,1894.572,1894.605,P30_C35_D64,20:57,22:01,20:57,22:01,0,0
2023-08-22 20:57:00,2023-08-22 22:01:00,64.0,2023-08-22,2023-08-22,2023,2023,8,8,Tuesday,Tuesday,1257,1321,1897.442,1897.539,1897.439,1897.539,1897.492,1897.493,1897.435,1897.471,P30_C35_D64,20:57,22:01,20:57,22:01,0,0
2023-08-23 20:57:00,2023-08-23 22:01:00,64.0,2023-08-23,2023-08-23,2023,2023,8,8,Wednesday,Wednesday,1257,1321,1915.486,1915.498,1915.301,1915.323,1915.314,1915.914,1915.263,1915.845,P30_C35_D64,20:57,22:01,20:57,22:01,0,0
2023-08-24 20:57:00,2023-08-24 22:01:00,64.0,2023-08-24,2023-08-24,2023,2023,8,8,Thursday,Thursday,1257,1321,1916.713,1916.713,1916.703,1916.71,1916.933,1917.177,1916.888,1916.888,P30_C35_D64,20:57,22:01,20:57,22:01,0,0
2023-08-28 20:57:00,2023-08-28 22:01:00,64.0,2023-08-28,2023-08-28,2023,2023,8,8,Monday,Monday,1257,1321,1920.033,1920.115,1920.021,1920.113,1920.076,1920.169,1920.075,1920.169,P30_C35_D64,20:57,22:01,20:57,22:01,0,0
2023-08-29 20:57:00,2023-08-29 22:01:00,64.0,2023-08-29,2023-08-29,2023,2023,8,8,Tuesday,Tuesday,1257,1321,1937.382,1937.382,1937.311,1937.374,1937.24,1937.24,1937.112,1937.129,P30_C35_D64,20:57,22:01,20:57,22:01,0,0
2023-08-30 20:57:00,2023-08-30 22:01:00,64.0,2023-08-30,2023-08-30,2023,2023,8,8,Wednesday,Wednesday,1257,1321,1942.323,1942.373,1942.236,1942.373,1943.006,1943.576,1942.758,1943.242,P30_C35_D64,20:57,22:01,20:57,22:01,0,0
2023-08-31 20:57:00,2023-08-31 22:01:00,64.0,2023-08-31,2023-08-31,2023,2023,8,8,Thursday,Thursday,1257,1321,1939.74,1939.874,1939.74,1939.756,1940.06,1940.143,1940.06,1940.143,P30_C35_D64,20:57,22:01,20:57,22:01,0,0
2023-09-04 23:58:00,2023-09-05 00:00:00,2.0,2023-09-04,2023-09-05,2023,2023,9,9,Monday,Tuesday,1438,0,1937.666,1937.699,1937.628,1937.659,1937.551,1937.562,1937.352,1937.429,P41_C1_D2,23:58,00:00,23:58,00:00,0,0
2023-09-05 20:57:00,2023-09-05 22:01:00,64.0,2023-09-05,2023-09-05,2023,2023,9,9,Tuesday,Tuesday,1257,1321,1925.989,1926.07,1925.873,1925.889,1926.279,1926.317,1926.268,1926.317,P30_C35_D64,20:57,22:01,20:57,22:01,0,0
2023-09-06 20:57:00,2023-09-06 22:01:00,64.0,2023-09-06,2023-09-06,2023,2023,9,9,Wednesday,Wednesday,1257,1321,1916.211,1916.351,1916.107,1916.351,1917.426,1917.98,1917.316,1917.437,P30_C35_D64,20:57,22:01,20:57,22:01,0,0
2023-09-07 20:57:00,2023-09-07 22:01:00,64.0,2023-09-07,2023-09-07,2023,2023,9,9,Thursday,Thursday,1257,1321,1919.5,1919.559,1919.497,1919.519,1919.554,1919.638,1919.554,1919.614,P30_C35_D64,20:57,22:01,20:57,22:01,0,0
2023-09-11 20:57:00,2023-09-11 22:01:00,64.0,2023-09-11,2023-09-11,2023,2023,9,9,Monday,Monday,1257,1321,1922.178,1922.27,1922.178,1922.27,1922.699,1922.699,1922.605,1922.643,P30_C35_D64,20:57,22:01,20:57,22:01,0,0
2023-09-12 20:57:00,2023-09-12 22:01:00,64.0,2023-09-12,2023-09-12,2023,2023,9,9,Tuesday,Tuesday,1257,1321,1913.5,1913.531,1913.341,1913.411,1913.009,1913.163,1913.009,1913.161,P30_C35_D64,20:57,22:01,20:57,22:01,0,0
2023-09-13 20:57:00,2023-09-13 22:01:00,64.0,2023-09-13,2023-09-13,2023,2023,9,9,Wednesday,Wednesday,1257,1321,1908.203,1908.267,1908.169,1908.202,1908.886,1909.13,1908.78,1908.798,P30_C35_D64,20:57,22:01,20:57,22:01,0,0
2023-09-14 20:57:00,2023-09-14 22:01:00,64.0,2023-09-14,2023-09-14,2023,2023,9,9,Thursday,Thursday,1257,1321,1910.561,1910.632,1910.549,1910.632,1910.879,1910.879,1910.753,1910.753,P30_C35_D64,20:57,22:01,20:57,22:01,0,0
2023-09-18 20:57:00,2023-09-18 22:01:00,64.0,2023-09-18,2023-09-18,2023,2023,9,9,Monday,Monday,1257,1321,1933.612,1933.649,1933.542,1933.542,1933.799,1933.862,1933.742,1933.843,P30_C35_D64,20:57,22:01,20:57,22:01,0,0
2023-09-19 20:57:00,2023-09-19 22:01:00,64.0,2023-09-19,2023-09-19,2023,2023,9,9,Tuesday,Tuesday,1257,1321,1931.234,1931.24,1931.231,1931.24,1931.842,1931.968,1931.842,1931.968,P30_C35_D64,20:57,22:01,20:57,22:01,0,0
2023-09-20 20:57:00,2023-09-20 22:01:00,64.0,2023-09-20,2023-09-20,2023,2023,9,9,Wednesday,Wednesday,1257,1321,1930.004,1930.426,1930.004,1930.426,1930.364,1930.455,1930.01,1930.089,P30_C35_D64,20:57,22:01,20:57,22:01,0,0
2023-09-21 20:57:00,2023-09-21 22:01:00,64.0,2023-09-21,2023-09-21,2023,2023,9,9,Thursday,Thursday,1257,1321,1919.998,1920.056,1919.966,1920.002,1919.581,1919.923,1919.439,1919.51,P30_C35_D64,20:57,22:01,20:57,22:01,0,0
2023-09-25 20:57:00,2023-09-25 22:01:00,64.0,2023-09-25,2023-09-25,2023,2023,9,9,Monday,Monday,1257,1321,1915.927,1915.927,1915.879,1915.886,1916.106,1916.106,1916.062,1916.066,P30_C35_D64,20:57,22:01,20:57,22:01,0,0
2023-09-26 20:57:00,2023-09-26 22:01:00,64.0,2023-09-26,2023-09-26,2023,2023,9,9,Tuesday,Tuesday,1257,1321,1900.614,1900.793,1900.609,1900.659,1900.651,1900.759,1900.618,1900.619,P30_C35_D64,20:57,22:01,20:57,22:01,0,0
2023-09-27 20:57:00,2023-09-27 22:01:00,64.0,2023-09-27,2023-09-27,2023,2023,9,9,Wednesday,Wednesday,1257,1321,1874.839,1874.87,1874.599,1874.637,1876.167,1876.734,1876.024,1876.054,P30_C35_D64,20:57,22:01,20:57,22:01,0,0
2023-09-28 20:57:00,2023-09-28 22:01:00,64.0,2023-09-28,2023-09-28,2023,2023,9,9,Thursday,Thursday,1257,1321,1864.935,1865.044,1864.66,1864.66,1865.276,1865.369,1865.205,1865.341,P30_C35_D64,20:57,22:01,20:57,22:01,0,0
2023-10-02 20:57:00,2023-10-02 22:01:00,64.0,2023-10-02,2023-10-02,2023,2023,10,10,Monday,Monday,1257,1321,1827.997,1828.016,1827.778,1827.778,1828.946,1829.503,1828.946,1829.052,P30_C35_D64,20:57,22:01,20:57,22:01,0,0
2023-10-03 20:57:00,2023-10-03 22:01:00,64.0,2023-10-03,2023-10-03,2023,2023,10,10,Tuesday,Tuesday,1257,1321,1822.798,1822.798,1822.728,1822.761,1823.437,1823.656,1823.412,1823.54,P30_C35_D64,20:57,22:01,20:57,22:01,0,0
2023-10-04 20:57:00,2023-10-04 22:01:00,64.0,2023-10-04,2023-10-04,2023,2023,10,10,Wednesday,Wednesday,1257,1321,1821.219,1821.356,1821.126,1821.213,1821.648,1821.667,1821.478,1821.592,P30_C35_D64,20:57,22:01,20:57,22:01,0,0
2023-10-05 20:57:00,2023-10-05 22:01:00,64.0,2023-10-05,2023-10-05,2023,2023,10,10,Thursday,Thursday,1257,1321,1820.277,1820.309,1820.231,1820.282,1820.474,1820.474,1820.383,1820.383,P30_C35_D64,20:57,22:01,20:57,22:01,0,0
2023-10-09 20:57:00,2023-10-09 22:01:00,64.0,2023-10-09,2023-10-09,2023,2023,10,10,Monday,Monday,1257,1321,1861.647,1861.65,1861.3,1861.303,1861.332,1861.374,1861.217,1861.279,P30_C35_D64,20:57,22:01,20:57,22:01,0,0
2023-10-10 20:57:00,2023-10-10 22:01:00,64.0,2023-10-10,2023-10-10,2023,2023,10,10,Tuesday,Tuesday,1257,1321,1860.091,1860.366,1860.05,1860.366,1860.116,1860.202,1860.104,1860.202,P30_C35_D64,20:57,22:01,20:57,22:01,0,0
2023-10-11 20:57:00,2023-10-11 22:01:00,64.0,2023-10-11,2023-10-11,2023,2023,10,10,Wednesday,Wednesday,1257,1321,1873.959,1873.959,1873.861,1873.867,1874.225,1874.61,1874.164,1874.532,P30_C35_D64,20:57,22:01,20:57,22:01,0,0
2023-10-12 20:57:00,2023-10-12 22:01:00,64.0,2023-10-12,2023-10-12,2023,2023,10,10,Thursday,Thursday,1257,1321,1868.727,1868.734,1868.649,1868.734,1869.145,1869.247,1869.145,1869.245,P30_C35_D64,20:57,22:01,20:57,22:01,0,0
2023-10-16 20:57:00,2023-10-16 22:01:00,64.0,2023-10-16,2023-10-16,2023,2023,10,10,Monday,Monday,1257,1321,1919.893,1920.033,1919.893,1920.031,1919.956,1920.134,1919.791,1920.127,P30_C35_D64,20:57,22:01,20:57,22:01,0,0
2023-10-17 20:57:00,2023-10-17 22:01:00,64.0,2023-10-17,2023-10-17,2023,2023,10,10,Tuesday,Tuesday,1257,1321,1923.126,1923.198,1923.126,1923.133,1923.745,1923.77,1923.621,1923.635,P30_C35_D64,20:57,22:01,20:57,22:01,0,0
2023-10-18 20:57:00,2023-10-18 22:01:00,64.0,2023-10-18,2023-10-18,2023,2023,10,10,Wednesday,Wednesday,1257,1321,1947.304,1947.701,1947.074,1947.404,1947.626,1947.665,1947.5,1947.618,P30_C35_D64,20:57,22:01,20:57,22:01,0,0
2023-10-19 20:57:00,2023-10-19 22:01:00,64.0,2023-10-19,2023-10-19,2023,2023,10,10,Thursday,Thursday,1257,1321,1974.017,1974.054,1973.963,1973.969,1973.431,1973.659,1973.159,1973.159,P30_C35_D64,20:57,22:01,20:57,22:01,0,0
2023-10-23 20:57:00,2023-10-23 22:01:00,64.0,2023-10-23,2023-10-23,2023,2023,10,10,Monday,Monday,1257,1321,1972.787,1972.803,1972.746,1972.746,1973.651,1973.651,1973.371,1973.371,P30_C35_D64,20:57,22:01,20:57,22:01,0,0
2023-10-24 20:57:00,2023-10-24 22:01:00,64.0,2023-10-24,2023-10-24,2023,2023,10,10,Tuesday,Tuesday,1257,1321,1970.934,1970.992,1970.864,1970.987,1970.806,1970.838,1970.389,1970.495,P30_C35_D64,20:57,22:01,20:57,22:01,0,0
2023-10-25 20:57:00,2023-10-25 22:01:00,64.0,2023-10-25,2023-10-25,2023,2023,10,10,Wednesday,Wednesday,1257,1321,1979.746,1979.903,1979.746,1979.883,1980.121,1980.647,1980.121,1980.491,P30_C35_D64,20:57,22:01,20:57,22:01,0,0
2023-10-26 20:57:00,2023-10-26 22:01:00,64.0,2023-10-26,2023-10-26,2023,2023,10,10,Thursday,Thursday,1257,1321,1984.51,1984.866,1984.504,1984.829,1984.619,1984.913,1984.607,1984.607,P30_C35_D64,20:57,22:01,20:57,22:01,0,0
2023-10-30 20:57:00,2023-10-30 22:01:00,64.0,2023-10-30,2023-10-30,2023,2023,10,10,Monday,Monday,1257,1321,1996.199,1996.272,1996.184,1996.191,1995.881,1995.984,1995.876,1995.983,P30_C35_D64,20:57,22:01,20:57,22:01,0,0
2023-10-31 20:57:00,2023-10-31 22:01:00,64.0,2023-10-31,2023-10-31,2023,2023,10,10,Tuesday,Tuesday,1257,1321,1983.806,1983.973,1983.69,1983.973,1983.64,1984.081,1983.64,1983.796,P30_C35_D64,20:57,22:01,20:57,22:01,0,0
2023-11-01 20:57:00,2023-11-01 22:01:00,64.0,2023-11-01,2023-11-01,2023,2023,11,11,Wednesday,Wednesday,1257,1321,1982.29,1982.298,1981.759,1982.165,1983.335,1983.412,1983.069,1983.157,P30_C35_D64,20:57,22:01,20:57,22:01,0,0
2023-11-02 20:57:00,2023-11-02 22:01:00,64.0,2023-11-02,2023-11-02,2023,2023,11,11,Thursday,Thursday,1257,1321,1985.647,1985.83,1985.568,1985.826,1986.143,1986.143,1986.004,1986.016,P30_C35_D64,20:57,22:01,20:57,22:01,0,0
2023-11-06 21:57:00,2023-11-06 23:01:00,64.0,2023-11-06,2023-11-06,2023,2023,11,11,Monday,Monday,1317,1381,1978.061,1978.192,1977.723,1977.864,1978.146,1978.146,1977.865,1977.867,P33_C39_D64,21:57,23:01,21:57,23:01,0,0
2023-11-07 21:57:00,2023-11-07 23:01:00,64.0,2023-11-07,2023-11-07,2023,2023,11,11,Tuesday,Tuesday,1317,1381,1968.998,1969.178,1968.938,1969.097,1969.25,1969.336,1969.049,1969.098,P33_C39_D64,21:57,23:01,21:57,23:01,0,0
2023-11-08 21:57:00,2023-11-08 23:01:00,64.0,2023-11-08,2023-11-08,2023,2023,11,11,Wednesday,Wednesday,1317,1381,1950.184,1950.184,1950.158,1950.165,1949.804,1951.02,1949.781,1950.643,P33_C39_D64,21:57,23:01,21:57,23:01,0,0
2023-11-09 21:57:00,2023-11-09 23:01:00,64.0,2023-11-09,2023-11-09,2023,2023,11,11,Thursday,Thursday,1317,1381,1958.3,1958.401,1958.097,1958.314,1958.2,1958.597,1958.153,1958.241,P33_C39_D64,21:57,23:01,21:57,23:01,0,0
2023-11-13 21:57:00,2023-11-13 23:01:00,64.0,2023-11-13,2023-11-13,2023,2023,11,11,Monday,Monday,1317,1381,1945.969,1946.023,1945.916,1946.022,1946.292,1946.438,1946.248,1946.438,P33_C39_D64,21:57,23:01,21:57,23:01,0,0
2023-11-14 21:57:00,2023-11-14 23:01:00,64.0,2023-11-14,2023-11-14,2023,2023,11,11,Tuesday,Tuesday,1317,1381,1963.103,1963.2,1963.088,1963.157,1962.936,1963.084,1962.898,1963.039,P33_C39_D64,21:57,23:01,21:57,23:01,0,0
2023-11-15 21:57:00,2023-11-15 23:01:00,64.0,2023-11-15,2023-11-15,2023,2023,11,11,Wednesday,Wednesday,1317,1381,1959.545,1959.595,1959.457,1959.457,1960.26,1960.291,1960.142,1960.233,P33_C39_D64,21:57,23:01,21:57,23:01,0,0
2023-11-16 21:57:00,2023-11-16 23:01:00,64.0,2023-11-16,2023-11-16,2023,2023,11,11,Thursday,Thursday,1317,1381,1981.122,1981.328,1981.122,1981.26,1980.852,1981.231,1980.772,1981.074,P33_C39_D64,21:57,23:01,21:57,23:01,0,0
2023-11-20 21:57:00,2023-11-20 23:01:00,64.0,2023-11-20,2023-11-20,2023,2023,11,11,Monday,Monday,1317,1381,1977.908,1978.044,1977.65,1977.731,1977.881,1978.001,1977.732,1977.732,P33_C39_D64,21:57,23:01,21:57,23:01,0,0
2023-11-21 21:57:00,2023-11-21 23:01:00,64.0,2023-11-21,2023-11-21,2023,2023,11,11,Tuesday,Tuesday,1317,1381,1998.466,1998.555,1998.391,1998.395,1998.567,1998.681,1998.464,1998.651,P33_C39_D64,21:57,23:01,21:57,23:01,0,0
2023-11-22 21:57:00,2023-11-22 23:01:00,64.0,2023-11-22,2023-11-22,2023,2023,11,11,Wednesday,Wednesday,1317,1381,1989.965,1989.965,1989.584,1989.768,1989.578,1989.687,1989.561,1989.687,P33_C39_D64,21:57,23:01,21:57,23:01,0,0
2023-11-27 21:57:00,2023-11-27 23:01:00,64.0,2023-11-27,2023-11-27,2023,2023,11,11,Monday,Monday,1317,1381,2014.031,2014.155,2013.919,2014.088,2014.002,2014.281,2013.879,2014.127,P33_C39_D64,21:57,23:01,21:57,23:01,0,0
2023-11-28 21:57:00,2023-11-28 23:01:00,64.0,2023-11-28,2023-11-28,2023,2023,11,11,Tuesday,Tuesday,1317,1381,2040.88,2041.069,2040.767,2040.926,2041.256,2041.304,2040.681,2041.25,P33_C39_D64,21:57,23:01,21:57,23:01,0,0
2023-11-29 21:57:00,2023-11-29 23:01:00,64.0,2023-11-29,2023-11-29,2023,2023,11,11,Wednesday,Wednesday,1317,1381,2044.132,2044.255,2044.077,2044.242,2044.665,2044.678,2044.261,2044.579,P33_C39_D64,21:57,23:01,21:57,23:01,0,0
2023-11-30 21:57:00,2023-11-30 23:01:00,64.0,2023-11-30,2023-11-30,2023,2023,11,11,Thursday,Thursday,1317,1381,2036.301,2036.307,2036.001,2036.001,2036.952,2036.952,2036.494,2036.659,P33_C39_D64,21:57,23:01,21:57,23:01,0,0
2023-12-04 21:57:00,2023-12-04 23:01:00,64.0,2023-12-04,2023-12-04,2023,2023,12,12,Monday,Monday,1317,1381,2028.846,2029.024,2028.791,2029.024,2029.806,2029.952,2029.404,2029.646,P33_C39_D64,21:57,23:01,21:57,23:01,0,0
2023-12-05 21:57:00,2023-12-05 23:01:00,64.0,2023-12-05,2023-12-05,2023,2023,12,12,Tuesday,Tuesday,1317,1381,2019.249,2019.306,2019.21,2019.268,2019.606,2019.781,2019.47,2019.623,P33_C39_D64,21:57,23:01,21:57,23:01,0,0
2023-12-06 21:57:00,2023-12-06 23:01:00,64.0,2023-12-06,2023-12-06,2023,2023,12,12,Wednesday,Wednesday,1317,1381,2025.446,2025.446,2025.308,2025.427,2025.677,2026.356,2025.622,2026.324,P33_C39_D64,21:57,23:01,21:57,23:01,0,0
2023-12-07 21:57:00,2023-12-07 23:01:00,64.0,2023-12-07,2023-12-07,2023,2023,12,12,Thursday,Thursday,1317,1381,2028.36,2028.36,2028.159,2028.267,2028.614,2028.696,2028.376,2028.526,P33_C39_D64,21:57,23:01,21:57,23:01,0,0
2023-12-11 21:57:00,2023-12-11 23:01:00,64.0,2023-12-11,2023-12-11,2023,2023,12,12,Monday,Monday,1317,1381,1981.803,1981.841,1981.709,1981.779,1982.048,1982.293,1982.013,1982.035,P33_C39_D64,21:57,23:01,21:57,23:01,0,0
2023-12-12 21:57:00,2023-12-12 23:01:00,64.0,2023-12-12,2023-12-12,2023,2023,12,12,Tuesday,Tuesday,1317,1381,1979.357,1979.569,1979.293,1979.365,1980.537,1980.714,1980.239,1980.34,P33_C39_D64,21:57,23:01,21:57,23:01,0,0
2023-12-13 21:57:00,2023-12-13 23:01:00,64.0,2023-12-13,2023-12-13,2023,2023,12,12,Wednesday,Wednesday,1317,1381,2027.429,2027.872,2027.298,2027.32,2024.71,2025.348,2024.291,2025.348,P33_C39_D64,21:57,23:01,21:57,23:01,0,0
2023-12-14 21:57:00,2023-12-14 23:01:00,64.0,2023-12-14,2023-12-14,2023,2023,12,12,Thursday,Thursday,1317,1381,2036.175,2036.252,2036.026,2036.099,2036.366,2036.51,2036.075,2036.084,P33_C39_D64,21:57,23:01,21:57,23:01,0,0
2023-12-18 21:57:00,2023-12-18 23:01:00,64.0,2023-12-18,2023-12-18,2023,2023,12,12,Monday,Monday,1317,1381,2027.104,2027.215,2027.089,2027.089,2027.527,2027.593,2027.401,2027.593,P33_C39_D64,21:57,23:01,21:57,23:01,0,0
2023-12-19 21:57:00,2023-12-19 23:01:00,64.0,2023-12-19,2023-12-19,2023,2023,12,12,Tuesday,Tuesday,1317,1381,2040.286,2040.286,2040.083,2040.188,2039.822,2040.006,2039.774,2039.956,P33_C39_D64,21:57,23:01,21:57,23:01,0,0
2023-12-20 21:57:00,2023-12-20 23:01:00,64.0,2023-12-20,2023-12-20,2023,2023,12,12,Wednesday,Wednesday,1317,1381,2031.783,2031.827,2031.344,2031.624,2032.023,2032.136,2031.874,2032.007,P33_C39_D64,21:57,23:01,21:57,23:01,0,0
2023-12-21 21:57:00,2023-12-21 23:01:00,64.0,2023-12-21,2023-12-21,2023,2023,12,12,Thursday,Thursday,1317,1381,2045.887,2045.972,2045.836,2045.842,2048.205,2048.296,2047.042,2047.172,P33_C39_D64,21:57,23:01,21:57,23:01,0,0
2023-12-25 23:58:00,2023-12-26 00:00:00,2.0,2023-12-25,2023-12-26,2023,2023,12,12,Monday,Tuesday,1438,0,2054.587,2054.635,2054.389,2054.471,2054.462,2054.967,2054.462,2054.967,P41_C1_D2,23:58,00:00,23:58,00:00,0,0
2023-12-26 21:57:00,2023-12-26 23:01:00,64.0,2023-12-26,2023-12-26,2023,2023,12,12,Tuesday,Tuesday,1317,1381,2067.194,2067.652,2067.194,2067.506,2067.518,2068.012,2067.407,2067.714,P33_C39_D64,21:57,23:01,21:57,23:01,0,0
2023-12-27 21:57:00,2023-12-27 23:01:00,64.0,2023-12-27,2023-12-27,2023,2023,12,12,Wednesday,Wednesday,1317,1381,2077.17,2077.179,2076.761,2077.088,2077.535,2077.729,2077.129,2077.729,P33_C39_D64,21:57,23:01,21:57,23:01,0,0
2023-12-28 21:57:00,2023-12-28 23:01:00,64.0,2023-12-28,2023-12-28,2023,2023,12,12,Thursday,Thursday,1317,1381,2065.31,2065.313,2065.145,2065.229,2066.296,2066.814,2065.943,2066.814,P33_C39_D64,21:57,23:01,21:57,23:01,0,0
2024-01-01 23:58:00,2024-01-02 00:00:00,2.0,2024-01-01,2024-01-02,2024,2024,1,1,Monday,Tuesday,1438,0,2063.44,2063.578,2063.229,2063.543,2063.347,2064.437,2063.347,2064.249,P41_C1_D2,23:58,00:00,23:58,00:00,0,0
2024-01-02 21:57:00,2024-01-02 23:01:00,64.0,2024-01-02,2024-01-02,2024,2024,1,1,Tuesday,Tuesday,1317,1381,2058.725,2058.94,2058.715,2058.855,2058.797,2058.877,2058.407,2058.736,P33_C39_D64,21:57,23:01,21:57,23:01,0,0
2024-01-03 21:57:00,2024-01-03 23:01:00,64.0,2024-01-03,2024-01-03,2024,2024,1,1,Wednesday,Wednesday,1317,1381,2041.509,2041.545,2041.112,2041.173,2042.001,2042.23,2041.595,2042.055,P33_C39_D64,21:57,23:01,21:57,23:01,0,0
2024-01-04 21:57:00,2024-01-04 23:01:00,64.0,2024-01-04,2024-01-04,2024,2024,1,1,Thursday,Thursday,1317,1381,2043.191,2043.294,2043.071,2043.29,2043.257,2043.397,2043.068,2043.397,P33_C39_D64,21:57,23:01,21:57,23:01,0,0
2024-01-08 21:57:00,2024-01-08 23:01:00,64.0,2024-01-08,2024-01-08,2024,2024,1,1,Monday,Monday,1317,1381,2027.93,2028.082,2027.924,2027.998,2027.987,2028.078,2027.847,2027.927,P33_C39_D64,21:57,23:01,21:57,23:01,0,0
2024-01-09 21:57:00,2024-01-09 23:01:00,64.0,2024-01-09,2024-01-09,2024,2024,1,1,Tuesday,Tuesday,1317,1381,2030.023,2030.075,2029.853,2029.886,2030.536,2030.536,2030.226,2030.278,P33_C39_D64,21:57,23:01,21:57,23:01,0,0
2024-01-10 21:57:00,2024-01-10 23:01:00,64.0,2024-01-10,2024-01-10,2024,2024,1,1,Wednesday,Wednesday,1317,1381,2024.152,2024.282,2024.131,2024.234,2024.49,2024.702,2024.286,2024.545,P33_C39_D64,21:57,23:01,21:57,23:01,0,0
2024-01-11 21:57:00,2024-01-11 23:01:00,64.0,2024-01-11,2024-01-11,2024,2024,1,1,Thursday,Thursday,1317,1381,2028.754,2028.846,2028.684,2028.82,2028.755,2028.85,2028.435,2028.618,P33_C39_D64,21:57,23:01,21:57,23:01,0,0
2024-01-16 21:57:00,2024-01-16 23:01:00,64.0,2024-01-16,2024-01-16,2024,2024,1,1,Tuesday,Tuesday,1317,1381,2028.288,2028.485,2028.277,2028.462,2027.917,2027.917,2027.533,2027.608,P33_C39_D64,21:57,23:01,21:57,23:01,0,0
2024-01-17 21:57:00,2024-01-17 23:01:00,64.0,2024-01-17,2024-01-17,2024,2024,1,1,Wednesday,Wednesday,1317,1381,2006.119,2006.23,2006.022,2006.13,2005.391,2006.15,2005.34,2005.817,P33_C39_D64,21:57,23:01,21:57,23:01,0,0
2024-01-18 21:57:00,2024-01-18 23:01:00,64.0,2024-01-18,2024-01-18,2024,2024,1,1,Thursday,Thursday,1317,1381,2022.901,2023.14,2022.863,2023.087,2023.646,2023.897,2023.597,2023.718,P33_C39_D64,21:57,23:01,21:57,23:01,0,0
2024-01-22 21:57:00,2024-01-22 23:01:00,64.0,2024-01-22,2024-01-22,2024,2024,1,1,Monday,Monday,1317,1381,2021.371,2021.562,2021.258,2021.562,2021.393,2021.608,2021.314,2021.33,P33_C39_D64,21:57,23:01,21:57,23:01,0,0
2024-01-23 21:56:00,2024-01-23 23:01:00,65.0,2024-01-23,2024-01-23,2024,2024,1,1,Tuesday,Tuesday,1316,1381,2029.056,2029.108,2028.905,2028.91,2028.631,2028.768,2028.468,2028.755,P33_C39_D64,21:56,23:01,21:57,23:01,-1,0
2024-01-23 23:58:00,2024-01-24 00:00:00,2.0,2024-01-23,2024-01-24,2024,2024,1,1,Tuesday,Wednesday,1438,0,2028.919,2029.209,2028.919,2029.137,2029.002,2029.264,2028.647,2028.647,P41_C1_D2,23:58,00:00,23:58,00:00,0,0
2024-01-24 21:56:00,2024-01-24 23:01:00,65.0,2024-01-24,2024-01-24,2024,2024,1,1,Wednesday,Wednesday,1316,1381,2014.398,2014.487,2014.375,2014.417,2014.761,2015.506,2014.588,2015.275,P33_C39_D64,21:56,23:01,21:57,23:01,-1,0
2024-01-24 23:58:00,2024-01-25 00:00:00,2.0,2024-01-24,2024-01-25,2024,2024,1,1,Wednesday,Thursday,1438,0,2016.259,2016.393,2016.098,2016.101,2015.977,2016.561,2015.977,2016.285,P41_C1_D2,23:58,00:00,23:58,00:00,0,0
2024-01-25 21:56:00,2024-01-25 23:01:00,65.0,2024-01-25,2024-01-25,2024,2024,1,1,Thursday,Thursday,1316,1381,2020.144,2020.717,2020.14,2020.708,2019.853,2020.147,2019.665,2019.665,P33_C39_D64,21:56,23:01,21:57,23:01,-1,0
2024-01-25 23:58:00,2024-01-26 00:00:00,2.0,2024-01-25,2024-01-26,2024,2024,1,1,Thursday,Friday,1438,0,2020.243,2020.276,2020.188,2020.248,2020.356,2020.818,2020.356,2020.697,P41_C1_D2,23:58,00:00,23:58,00:00,0,0
2024-01-29 21:57:00,2024-01-29 23:01:00,64.0,2024-01-29,2024-01-29,2024,2024,1,1,Monday,Monday,1317,1381,2032.312,2032.523,2032.272,2032.336,2032.92,2033.178,2032.689,2032.761,P33_C39_D64,21:57,23:01,21:57,23:01,0,0
2024-01-30 21:57:00,2024-01-30 23:01:00,64.0,2024-01-30,2024-01-30,2024,2024,1,1,Tuesday,Tuesday,1317,1381,2036.563,2036.847,2036.563,2036.768,2036.756,2037.079,2036.513,2036.631,P33_C39_D64,21:57,23:01,21:57,23:01,0,0
2024-01-31 21:57:00,2024-01-31 23:01:00,64.0,2024-01-31,2024-01-31,2024,2024,1,1,Wednesday,Wednesday,1317,1381,2038.516,2039.058,2038.359,2038.986,2039.43,2039.843,2039.311,2039.468,P33_C39_D64,21:57,23:01,21:57,23:01,0,0
2024-02-01 21:57:00,2024-02-01 23:01:00,64.0,2024-02-01,2024-02-01,2024,2024,2,2,Thursday,Thursday,1317,1381,2054.942,2054.968,2054.636,2054.697,2054.871,2054.871,2054.691,2054.705,P33_C39_D64,21:57,23:01,21:57,23:01,0,0
2024-02-04 23:58:00,2024-02-05 00:00:00,2.0,2024-02-04,2024-02-05,2024,2024,2,2,Sunday,Monday,1438,0,2039.874,2040.093,2039.715,2039.715,2039.299,2039.641,2037.814,2038.386,P41_C1_D2,23:58,00:00,23:58,00:00,0,0
2024-02-05 21:56:00,2024-02-05 23:01:00,65.0,2024-02-05,2024-02-05,2024,2024,2,2,Monday,Monday,1316,1381,2024.728,2024.83,2024.608,2024.667,2024.57,2024.835,2024.258,2024.361,P33_C39_D64,21:56,23:01,21:57,23:01,-1,0
2024-02-05 23:58:00,2024-02-06 00:00:00,2.0,2024-02-05,2024-02-06,2024,2024,2,2,Monday,Tuesday,1438,0,2024.76,2024.86,2024.742,2024.86,2024.809,2025.34,2024.809,2025.338,P41_C1_D2,23:58,00:00,23:58,00:00,0,0
2024-02-06 21:56:00,2024-02-06 23:01:00,65.0,2024-02-06,2024-02-06,2024,2024,2,2,Tuesday,Tuesday,1316,1381,2035.885,2035.939,2035.803,2035.82,2035.258,2035.519,2035.08,2035.321,P33_C39_D64,21:56,23:01,21:57,23:01,-1,0
2024-02-06 23:58:00,2024-02-07 00:00:00,2.0,2024-02-06,2024-02-07,2024,2024,2,2,Tuesday,Wednesday,1438,0,2035.062,2035.071,2035.035,2035.069,2035.115,2035.659,2035.093,2035.536,P41_C1_D2,23:58,00:00,23:58,00:00,0,0
2024-02-07 21:56:00,2024-02-07 23:01:00,65.0,2024-02-07,2024-02-07,2024,2024,2,2,Wednesday,Wednesday,1316,1381,2034.759,2034.944,2034.646,2034.943,2034.816,2035.153,2034.662,2035.153,P33_C39_D64,21:56,23:01,21:57,23:01,-1,0
2024-02-07 23:58:00,2024-02-08 00:00:00,2.0,2024-02-07,2024-02-08,2024,2024,2,2,Wednesday,Thursday,1438,0,2036.188,2036.302,2036.176,2036.227,2036.224,2036.56,2036.224,2036.461,P41_C1_D2,23:58,00:00,23:58,00:00,0,0
2024-02-08 21:56:00,2024-02-08 23:01:00,65.0,2024-02-08,2024-02-08,2024,2024,2,2,Thursday,Thursday,1316,1381,2034.02,2034.026,2033.901,2033.914,2034.263,2034.344,2033.971,2033.973,P33_C39_D64,21:56,23:01,21:57,23:01,-1,0
2024-02-08 23:58:00,2024-02-09 00:00:00,2.0,2024-02-08,2024-02-09,2024,2024,2,2,Thursday,Friday,1438,0,2033.707,2034.126,2033.707,2034.124,2033.939,2034.385,2033.939,2034.305,P41_C1_D2,23:58,00:00,23:58,00:00,0,0
2024-02-11 23:58:00,2024-02-12 00:00:00,2.0,2024-02-11,2024-02-12,2024,2024,2,2,Sunday,Monday,1438,0,2025.509,2025.509,2025.109,2025.266,2025.416,2025.766,2025.182,2025.681,P41_C1_D2,23:58,00:00,23:58,00:00,0,0
2024-02-12 21:56:00,2024-02-12 23:01:00,65.0,2024-02-12,2024-02-12,2024,2024,2,2,Monday,Monday,1316,1381,2019.81,2019.908,2019.806,2019.873,2019.019,2019.323,2018.362,2018.442,P33_C39_D64,21:56,23:01,21:57,23:01,-1,0
2024-02-12 23:58:00,2024-02-13 00:00:00,2.0,2024-02-12,2024-02-13,2024,2024,2,2,Monday,Tuesday,1438,0,2018.716,2018.717,2018.594,2018.65,2018.601,2019.287,2018.601,2019.262,P41_C1_D2,23:58,00:00,23:58,00:00,0,0
2024-02-13 21:56:00,2024-02-13 23:01:00,65.0,2024-02-13,2024-02-13,2024,2024,2,2,Tuesday,Tuesday,1316,1381,1992.883,1993.094,1992.883,1992.957,1992.724,1992.952,1992.41,1992.541,P33_C39_D64,21:56,23:01,21:57,23:01,-1,0
2024-02-13 23:58:00,2024-02-14 00:00:00,2.0,2024-02-13,2024-02-14,2024,2024,2,2,Tuesday,Wednesday,1438,0,1991.066,1991.218,1990.953,1991.193,1991.332,1991.397,1991.191,1991.288,P41_C1_D2,23:58,00:00,23:58,00:00,0,0
2024-02-14 21:56:00,2024-02-14 23:01:00,65.0,2024-02-14,2024-02-14,2024,2024,2,2,Wednesday,Wednesday,1316,1381,1992.038,1992.231,1992.034,1992.158,1992.406,1993.302,1991.885,1992.322,P33_C39_D64,21:56,23:01,21:57,23:01,-1,0
2024-02-14 23:58:00,2024-02-15 00:00:00,2.0,2024-02-14,2024-02-15,2024,2024,2,2,Wednesday,Thursday,1438,0,1993.308,1993.5,1993.135,1993.452,1993.441,1993.852,1993.441,1993.793,P41_C1_D2,23:58,00:00,23:58,00:00,0,0
2024-02-15 21:56:00,2024-02-15 23:01:00,65.0,2024-02-15,2024-02-15,2024,2024,2,2,Thursday,Thursday,1316,1381,2004.249,2004.339,2004.145,2004.248,2004.358,2004.358,2004.048,2004.2,P33_C39_D64,21:56,23:01,21:57,23:01,-1,0
2024-02-15 23:58:00,2024-02-16 00:00:00,2.0,2024-02-15,2024-02-16,2024,2024,2,2,Thursday,Friday,1438,0,2003.235,2003.283,2003.15,2003.155,2003.095,2003.663,2003.095,2003.516,P41_C1_D2,23:58,00:00,23:58,00:00,0,0
2024-02-18 23:58:00,2024-02-19 00:00:00,2.0,2024-02-18,2024-02-19,2024,2024,2,2,Sunday,Monday,1438,0,2011.084,2012.576,2009.543,2010.6,2012.793,2018.413,2009.184,2014.192,P41_C1_D2,23:58,00:00,23:58,00:00,0,0
2024-02-19 23:58:00,2024-02-20 00:00:00,2.0,2024-02-19,2024-02-20,2024,2024,2,2,Monday,Tuesday,1438,0,2015.924,2016.213,2015.875,2016.206,2015.981,2016.239,2015.981,2016.23,P41_C1_D2,23:58,00:00,23:58,00:00,0,0
2024-02-20 21:56:00,2024-02-20 23:01:00,65.0,2024-02-20,2024-02-20,2024,2024,2,2,Tuesday,Tuesday,1316,1381,2023.913,2024.119,2023.911,2024.074,2023.834,2023.834,2023.634,2023.69,P33_C39_D64,21:56,23:01,21:57,23:01,-1,0
2024-02-20 23:58:00,2024-02-21 00:00:00,2.0,2024-02-20,2024-02-21,2024,2024,2,2,Tuesday,Wednesday,1438,0,2024.131,2024.131,2024.081,2024.128,2024.048,2024.219,2023.585,2023.6,P41_C1_D2,23:58,00:00,23:58,00:00,0,0
2024-02-21 21:56:00,2024-02-21 23:01:00,65.0,2024-02-21,2024-02-21,2024,2024,2,2,Wednesday,Wednesday,1316,1381,2025.737,2025.945,2025.635,2025.945,2025.567,2025.667,2025.363,2025.441,P33_C39_D64,21:56,23:01,21:57,23:01,-1,0
2024-02-21 23:58:00,2024-02-22 00:00:00,2.0,2024-02-21,2024-02-22,2024,2024,2,2,Wednesday,Thursday,1438,0,2025.692,2026.019,2025.432,2025.566,2025.483,2025.698,2025.42,2025.549,P41_C1_D2,23:58,00:00,23:58,00:00,0,0
2024-02-22 21:56:00,2024-02-22 23:01:00,65.0,2024-02-22,2024-02-22,2024,2024,2,2,Thursday,Thursday,1316,1381,2024.42,2024.704,2024.404,2024.704,2024.154,2024.188,2023.928,2023.928,P33_C39_D64,21:56,23:01,21:57,23:01,-1,0
2024-02-22 23:58:00,2024-02-23 00:00:00,2.0,2024-02-22,2024-02-23,2024,2024,2,2,Thursday,Friday,1438,0,2024.709,2024.709,2024.567,2024.681,2024.524,2024.946,2024.524,2024.899,P41_C1_D2,23:58,00:00,23:58,00:00,0,0
2024-02-25 23:58:00,2024-02-26 00:00:00,2.0,2024-02-25,2024-02-26,2024,2024,2,2,Sunday,Monday,1438,0,2034.238,2034.359,2034.149,2034.224,2033.996,2034.105,2033.512,2033.594,P41_C1_D2,23:58,00:00,23:58,00:00,0,0
2024-02-26 21:56:00,2024-02-26 23:01:00,65.0,2024-02-26,2024-02-26,2024,2024,2,2,Monday,Monday,1316,1381,2031.143,2031.225,2030.999,2031.207,2031.052,2031.052,2030.477,2030.685,P33_C39_D64,21:56,23:01,21:57,23:01,-1,0
2024-02-26 23:58:00,2024-02-27 00:00:00,2.0,2024-02-26,2024-02-27,2024,2024,2,2,Monday,Tuesday,1438,0,2031.142,2031.165,2030.969,2031.073,2030.986,2031.826,2030.986,2031.826,P41_C1_D2,23:58,00:00,23:58,00:00,0,0
2024-02-27 21:56:00,2024-02-27 23:01:00,65.0,2024-02-27,2024-02-27,2024,2024,2,2,Tuesday,Tuesday,1316,1381,2030.267,2030.399,2030.139,2030.387,2030.074,2030.355,2030.042,2030.103,P33_C39_D64,21:56,23:01,21:57,23:01,-1,0
2024-02-27 23:58:00,2024-02-28 00:00:00,2.0,2024-02-27,2024-02-28,2024,2024,2,2,Tuesday,Wednesday,1438,0,2030.126,2030.15,2030.034,2030.09,2029.968,2030.131,2029.605,2029.683,P41_C1_D2,23:58,00:00,23:58,00:00,0,0
2024-02-28 21:56:00,2024-02-28 23:01:00,65.0,2024-02-28,2024-02-28,2024,2024,2,2,Wednesday,Wednesday,1316,1381,2035.144,2035.205,2033.401,2033.845,2034.519,2035.064,2034.395,2034.715,P33_C39_D64,21:56,23:01,21:57,23:01,-1,0
2024-02-28 23:58:00,2024-02-29 00:00:00,2.0,2024-02-28,2024-02-29,2024,2024,2,2,Wednesday,Thursday,1438,0,2034.33,2034.452,2034.3,2034.303,2034.378,2034.727,2034.378,2034.561,P41_C1_D2,23:58,00:00,23:58,00:00,0,0
2024-02-29 21:56:00,2024-02-29 23:01:00,65.0,2024-02-29,2024-02-29,2024,2024,2,2,Thursday,Thursday,1316,1381,2043.552,2043.761,2043.552,2043.74,2043.955,2044.148,2043.69,2043.69,P33_C39_D64,21:56,23:01,21:57,23:01,-1,0
2024-02-29 23:58:00,2024-03-01 00:00:00,2.0,2024-02-29,2024-03-01,2024,2024,2,3,Thursday,Friday,1438,0,2043.79,2044.01,2043.79,2043.98,2044.068,2044.222,2043.853,2043.958,P41_C1_D2,23:58,00:00,23:58,00:00,0,0
2024-03-03 23:58:00,2024-03-04 00:00:00,2.0,2024-03-03,2024-03-04,2024,2024,3,3,Sunday,Monday,1438,0,2083.411,2083.44,2083.292,2083.44,2083.593,2083.674,2083.131,2083.146,P41_C1_D2,23:58,00:00,23:58,00:00,0,0
2024-03-04 21:56:00,2024-03-04 23:01:00,65.0,2024-03-04,2024-03-04,2024,2024,3,3,Monday,Monday,1316,1381,2114.521,2114.633,2114.318,2114.412,2114.101,2114.101,2113.702,2113.963,P33_C39_D64,21:56,23:01,21:57,23:01,-1,0
2024-03-04 23:58:00,2024-03-05 00:00:00,2.0,2024-03-04,2024-03-05,2024,2024,3,3,Monday,Tuesday,1438,0,2114.47,2114.552,2114.217,2114.48,2114.34,2115.033,2114.191,2114.854,P41_C1_D2,23:58,00:00,23:58,00:00,0,0
2024-03-05 21:56:00,2024-03-05 23:01:00,65.0,2024-03-05,2024-03-05,2024,2024,3,3,Tuesday,Tuesday,1316,1381,2127.808,2127.928,2127.692,2127.86,2127.461,2127.599,2127.327,2127.448,P33_C39_D64,21:56,23:01,21:57,23:01,-1,0
2024-03-05 23:58:00,2024-03-06 00:00:00,2.0,2024-03-05,2024-03-06,2024,2024,3,3,Tuesday,Wednesday,1438,0,2128.172,2128.293,2128.042,2128.16,2127.777,2128.105,2127.476,2127.522,P41_C1_D2,23:58,00:00,23:58,00:00,0,0
2024-03-06 21:56:00,2024-03-06 23:01:00,65.0,2024-03-06,2024-03-06,2024,2024,3,3,Wednesday,Wednesday,1316,1381,2148.275,2148.374,2147.998,2148.071,2147.824,2148.102,2147.43,2147.514,P33_C39_D64,21:56,23:01,21:57,23:01,-1,0
2024-03-06 23:58:00,2024-03-07 00:00:00,2.0,2024-03-06,2024-03-07,2024,2024,3,3,Wednesday,Thursday,1438,0,2147.363,2147.363,2146.912,2147.192,2146.85,2147.674,2146.85,2147.561,P41_C1_D2,23:58,00:00,23:58,00:00,0,0
2024-03-07 21:56:00,2024-03-07 23:01:00,65.0,2024-03-07,2024-03-07,2024,2024,3,3,Thursday,Thursday,1316,1381,2159.555,2159.609,2159.448,2159.569,2158.643,2158.875,2158.643,2158.822,P33_C39_D64,21:56,23:01,21:57,23:01,-1,0
2024-03-07 23:58:00,2024-03-08 00:00:00,2.0,2024-03-07,2024-03-08,2024,2024,3,3,Thursday,Friday,1438,0,2160.871,2161.478,2160.871,2161.478,2161.641,2162.136,2161.092,2161.373,P41_C1_D2,23:58,00:00,23:58,00:00,0,0
2024-03-11 20:56:00,2024-03-11 22:01:00,65.0,2024-03-11,2024-03-11,2024,2024,3,3,Monday,Monday,1256,1321,2182.671,2182.71,2182.6,2182.688,2181.477,2181.724,2181.477,2181.677,P30_C35_D64,20:56,22:01,20:57,22:01,-1,0
2024-03-11 23:58:00,2024-03-12 00:00:00,2.0,2024-03-11,2024-03-12,2024,2024,3,3,Monday,Tuesday,1438,0,2183.669,2183.673,2183.477,2183.552,2183.551,2184.016,2183.551,2183.98,P41_C1_D2,23:58,00:00,23:58,00:00,0,0
2024-03-12 20:56:00,2024-03-12 22:01:00,65.0,2024-03-12,2024-03-12,2024,2024,3,3,Tuesday,Tuesday,1256,1321,2158.887,2158.887,2158.422,2158.46,2158.076,2158.314,2157.993,2158.224,P30_C35_D64,20:56,22:01,20:57,22:01,-1,0
2024-03-12 23:58:00,2024-03-13 00:00:00,2.0,2024-03-12,2024-03-13,2024,2024,3,3,Tuesday,Wednesday,1438,0,2157.094,2157.103,2156.823,2156.912,2156.907,2157.064,2156.656,2156.815,P41_C1_D2,23:58,00:00,23:58,00:00,0,0
2024-03-13 20:56:00,2024-03-13 22:01:00,65.0,2024-03-13,2024-03-13,2024,2024,3,3,Wednesday,Wednesday,1256,1321,2174.335,2174.568,2174.247,2174.568,2174.128,2174.48,2173.521,2173.652,P30_C35_D64,20:56,22:01,20:57,22:01,-1,0
2024-03-13 23:58:00,2024-03-14 00:00:00,2.0,2024-03-13,2024-03-14,2024,2024,3,3,Wednesday,Thursday,1438,0,2175.288,2175.427,2175.247,2175.362,2175.448,2175.544,2175.349,2175.519,P41_C1_D2,23:58,00:00,23:58,00:00,0,0
2024-03-14 20:57:00,2024-03-14 22:01:00,64.0,2024-03-14,2024-03-14,2024,2024,3,3,Thursday,Thursday,1257,1321,2161.841,2162.232,2161.841,2162.232,2161.673,2161.673,2161.144,2161.583,P30_C35_D64,20:57,22:01,20:57,22:01,0,0
2024-03-17 23:58:00,2024-03-18 00:00:00,2.0,2024-03-17,2024-03-18,2024,2024,3,3,Sunday,Monday,1438,0,2156.368,2156.535,2156.368,2156.514,2156.472,2156.532,2156.136,2156.306,P41_C1_D2,23:58,00:00,23:58,00:00,0,0
2024-03-18 20:56:00,2024-03-18 22:01:00,65.0,2024-03-18,2024-03-18,2024,2024,3,3,Monday,Monday,1256,1321,2160.103,2160.194,2159.997,2160.055,2160.108,2160.108,2159.582,2159.605,P30_C35_D64,20:56,22:01,20:57,22:01,-1,0
2024-03-18 23:58:00,2024-03-19 00:00:00,2.0,2024-03-18,2024-03-19,2024,2024,3,3,Monday,Tuesday,1438,0,2161.7,2161.7,2161.577,2161.65,2162.053,2162.665,2162.044,2162.148,P41_C1_D2,23:58,00:00,23:58,00:00,0,0
2024-03-19 20:56:00,2024-03-19 22:01:00,65.0,2024-03-19,2024-03-19,2024,2024,3,3,Tuesday,Tuesday,1256,1321,2157.563,2157.563,2157.552,2157.557,2157.657,2157.657,2157.149,2157.193,P30_C35_D64,20:56,22:01,20:57,22:01,-1,0
2024-03-19 23:58:00,2024-03-20 00:00:00,2.0,2024-03-19,2024-03-20,2024,2024,3,3,Tuesday,Wednesday,1438,0,2157.215,2157.227,2157.006,2157.01,2157.052,2157.174,2156.988,2157.133,P41_C1_D2,23:58,00:00,23:58,00:00,0,0
2024-03-20 20:56:00,2024-03-20 22:01:00,65.0,2024-03-20,2024-03-20,2024,2024,3,3,Wednesday,Wednesday,1256,1321,2185.516,2185.934,2185.382,2185.934,2186.401,2187.178,2186.287,2186.533,P30_C35_D64,20:56,22:01,20:57,22:01,-1,0
2024-03-20 23:58:00,2024-03-21 00:00:00,2.0,2024-03-20,2024-03-21,2024,2024,3,3,Wednesday,Thursday,1438,0,2203.8,2204.043,2203.499,2203.501,2203.969,2203.969,2201.256,2201.525,P41_C1_D2,23:58,00:00,23:58,00:00,0,0
2024-03-21 20:56:00,2024-03-21 22:01:00,65.0,2024-03-21,2024-03-21,2024,2024,3,3,Thursday,Thursday,1256,1321,2180.975,2181.116,2180.835,2180.851,2180.84,2180.84,2180.501,2180.534,P30_C35_D64,20:56,22:01,20:57,22:01,-1,0
2024-03-21 23:58:00,2024-03-22 00:00:00,2.0,2024-03-21,2024-03-22,2024,2024,3,3,Thursday,Friday,1438,0,2181.53,2181.628,2181.41,2181.491,2181.676,2181.718,2181.309,2181.639,P41_C1_D2,23:58,00:00,23:58,00:00,0,0
2024-03-25 20:57:00,2024-03-25 22:01:00,64.0,2024-03-25,2024-03-25,2024,2024,3,3,Monday,Monday,1257,1321,2171.344,2171.543,2171.278,2171.311,2171.673,2171.703,2171.328,2171.328,P30_C35_D64,20:57,22:01,20:57,22:01,0,0
2024-03-26 20:56:00,2024-03-26 22:01:00,65.0,2024-03-26,2024-03-26,2024,2024,3,3,Tuesday,Tuesday,1256,1321,2178.056,2178.056,2177.827,2177.828,2177.304,2177.304,2176.658,2177.115,P30_C35_D64,20:56,22:01,20:57,22:01,-1,0
2024-03-26 23:58:00,2024-03-27 00:00:00,2.0,2024-03-26,2024-03-27,2024,2024,3,3,Tuesday,Wednesday,1438,0,2179.579,2179.579,2179.248,2179.467,2179.462,2179.753,2179.374,2179.472,P41_C1_D2,23:58,00:00,23:58,00:00,0,0
2024-03-27 20:56:00,2024-03-27 22:01:00,65.0,2024-03-27,2024-03-27,2024,2024,3,3,Wednesday,Wednesday,1256,1321,2194.676,2194.729,2194.638,2194.655,2192.252,2193.479,2191.188,2192.536,P30_C35_D64,20:56,22:01,20:57,22:01,-1,0
2024-03-27 23:58:00,2024-03-28 00:00:00,2.0,2024-03-27,2024-03-28,2024,2024,3,3,Wednesday,Thursday,1438,0,2190.821,2191.037,2190.821,2190.969,2190.723,2190.879,2190.297,2190.297,P41_C1_D2,23:58,00:00,23:58,00:00,0,0
2024-03-31 23:58:00,2024-04-01 00:00:00,2.0,2024-03-31,2024-04-01,2024,2024,3,4,Sunday,Monday,1438,0,2245.288,2245.36,2244.606,2244.927,2245.956,2246.743,2243.822,2244.312,P41_C1_D2,23:58,00:00,23:58,00:00,0,0
2024-04-01 20:56:00,2024-04-01 22:01:00,65.0,2024-04-01,2024-04-01,2024,2024,4,4,Monday,Monday,1256,1321,2250.476,2250.599,2250.231,2250.559,2250.65,2250.765,2250.41,2250.422,P30_C35_D64,20:56,22:01,20:57,22:01,-1,0
2024-04-01 23:58:00,2024-04-02 00:00:00,2.0,2024-04-01,2024-04-02,2024,2024,4,4,Monday,Tuesday,1438,0,2249.243,2249.349,2248.642,2248.941,2248.968,2249.43,2248.547,2248.625,P41_C1_D2,23:58,00:00,23:58,00:00,0,0
2024-04-02 20:56:00,2024-04-02 22:01:00,65.0,2024-04-02,2024-04-02,2024,2024,4,4,Tuesday,Tuesday,1256,1321,2279.635,2280.257,2279.635,2280.244,2280.449,2280.449,2279.325,2279.349,P30_C35_D64,20:56,22:01,20:57,22:01,-1,0
2024-04-02 23:58:00,2024-04-03 00:00:00,2.0,2024-04-02,2024-04-03,2024,2024,4,4,Tuesday,Wednesday,1438,0,2279.873,2280.209,2279.588,2280.205,2279.886,2280.933,2279.506,2280.933,P41_C1_D2,23:58,00:00,23:58,00:00,0,0
2024-04-03 20:56:00,2024-04-03 22:01:00,65.0,2024-04-03,2024-04-03,2024,2024,4,4,Wednesday,Wednesday,1256,1321,2300.195,2300.206,2299.78,2299.788,2299.353,2299.56,2298.836,2298.959,P30_C35_D64,20:56,22:01,20:57,22:01,-1,0
2024-04-03 23:58:00,2024-04-04 00:00:00,2.0,2024-04-03,2024-04-04,2024,2024,4,4,Wednesday,Thursday,1438,0,2297.549,2297.697,2297.159,2297.447,2297.497,2298.529,2297.229,2298.455,P41_C1_D2,23:58,00:00,23:58,00:00,0,0
2024-04-04 20:56:00,2024-04-04 22:01:00,65.0,2024-04-04,2024-04-04,2024,2024,4,4,Thursday,Thursday,1256,1321,2290.905,2290.905,2290.529,2290.628,2290.979,2291.338,2290.699,2291.122,P30_C35_D64,20:56,22:01,20:57,22:01,-1,0
2024-04-04 23:58:00,2024-04-05 00:00:00,2.0,2024-04-04,2024-04-05,2024,2024,4,4,Thursday,Friday,1438,0,2288.909,2289.206,2288.772,2288.89,2288.702,2289.607,2288.611,2289.414,P41_C1_D2,23:58,00:00,23:58,00:00,0,0
2024-04-07 23:58:00,2024-04-08 00:00:00,2.0,2024-04-07,2024-04-08,2024,2024,4,4,Sunday,Monday,1438,0,2312.232,2312.825,2311.469,2311.647,2311.297,2311.869,2309.337,2309.551,P41_C1_D2,23:58,00:00,23:58,00:00,0,0
2024-04-08 20:56:00,2024-04-08 22:01:00,65.0,2024-04-08,2024-04-08,2024,2024,4,4,Monday,Monday,1256,1321,2338.833,2339.121,2338.833,2339.019,2337.359,2337.65,2336.795,2336.867,P30_C35_D64,20:56,22:01,20:57,22:01,-1,0
2024-04-08 23:58:00,2024-04-09 00:00:00,2.0,2024-04-08,2024-04-09,2024,2024,4,4,Monday,Tuesday,1438,0,2338.58,2338.814,2338.425,2338.789,2338.782,2339.321,2338.524,2339.321,P41_C1_D2,23:58,00:00,23:58,00:00,0,0
2024-04-09 20:56:00,2024-04-09 22:01:00,65.0,2024-04-09,2024-04-09,2024,2024,4,4,Tuesday,Tuesday,1256,1321,2352.78,2353.014,2352.78,2352.802,2352.551,2352.651,2352.324,2352.399,P30_C35_D64,20:56,22:01,20:57,22:01,-1,0
2024-04-09 23:58:00,2024-04-10 00:00:00,2.0,2024-04-09,2024-04-10,2024,2024,4,4,Tuesday,Wednesday,1438,0,2354.528,2354.933,2354.528,2354.778,2354.908,2354.975,2354.379,2354.837,P41_C1_D2,23:58,00:00,23:58,00:00,0,0
2024-04-10 20:56:00,2024-04-10 22:01:00,65.0,2024-04-10,2024-04-10,2024,2024,4,4,Wednesday,Wednesday,1256,1321,2331.962,2332.771,2331.962,2332.73,2333.597,2333.963,2333.451,2333.938,P30_C35_D64,20:56,22:01,20:57,22:01,-1,0
2024-04-10 23:58:00,2024-04-11 00:00:00,2.0,2024-04-10,2024-04-11,2024,2024,4,4,Wednesday,Thursday,1438,0,2335.01,2335.532,2335.01,2335.429,2335.489,2335.678,2334.223,2334.373,P41_C1_D2,23:58,00:00,23:58,00:00,0,0
2024-04-11 20:56:00,2024-04-11 22:01:00,65.0,2024-04-11,2024-04-11,2024,2024,4,4,Thursday,Thursday,1256,1321,2374.88,2375.084,2373.251,2373.251,2371.543,2372.134,2371.287,2372.134,P30_C35_D64,20:56,22:01,20:57,22:01,-1,0
2024-04-11 23:58:00,2024-04-12 00:00:00,2.0,2024-04-11,2024-04-12,2024,2024,4,4,Thursday,Friday,1438,0,2376.463,2377.001,2376.346,2377.001,2376.787,2377.034,2375.457,2375.722,P41_C1_D2,23:58,00:00,23:58,00:00,0,0
2024-04-14 23:58:00,2024-04-15 00:00:00,2.0,2024-04-14,2024-04-15,2024,2024,4,4,Sunday,Monday,1438,0,2363.527,2364.838,2363.377,2364.486,2364.446,2365.995,2363.472,2363.662,P41_C1_D2,23:58,00:00,23:58,00:00,0,0
2024-04-15 20:56:00,2024-04-15 22:01:00,65.0,2024-04-15,2024-04-15,2024,2024,4,4,Monday,Monday,1256,1321,2382.781,2382.944,2382.521,2382.778,2380.8,2381.957,2380.686,2381.739,P30_C35_D64,20:56,22:01,20:57,22:01,-1,0
2024-04-15 23:58:00,2024-04-16 00:00:00,2.0,2024-04-15,2024-04-16,2024,2024,4,4,Monday,Tuesday,1438,0,2382.39,2382.566,2381.77,2381.833,2381.896,2381.896,2380.636,2380.636,P41_C1_D2,23:58,00:00,23:58,00:00,0,0
2024-04-16 20:56:00,2024-04-16 22:01:00,65.0,2024-04-16,2024-04-16,2024,2024,4,4,Tuesday,Tuesday,1256,1321,2381.241,2382.361,2380.983,2382.206,2382.746,2383.154,2382.692,2382.708,P30_C35_D64,20:56,22:01,20:57,22:01,-1,0
2024-04-16 23:58:00,2024-04-17 00:00:00,2.0,2024-04-16,2024-04-17,2024,2024,4,4,Tuesday,Wednesday,1438,0,2383.518,2383.537,2382.662,2382.843,2382.703,2383.399,2382.034,2382.382,P41_C1_D2,23:58,00:00,23:58,00:00,0,0
2024-04-17 20:56:00,2024-04-17 22:01:00,65.0,2024-04-17,2024-04-17,2024,2024,4,4,Wednesday,Wednesday,1256,1321,2361.67,2362.533,2360.892,2360.924,2363.478,2364.418,2363.478,2364.294,P30_C35_D64,20:56,22:01,20:57,22:01,-1,0
2024-04-17 23:58:00,2024-04-18 00:00:00,2.0,2024-04-17,2024-04-18,2024,2024,4,4,Wednesday,Thursday,1438,0,2367.411,2367.84,2367.378,2367.84,2367.837,2368.99,2367.837,2368.555,P41_C1_D2,23:58,00:00,23:58,00:00,0,0
2024-04-18 20:56:00,2024-04-18 22:01:00,65.0,2024-04-18,2024-04-18,2024,2024,4,4,Thursday,Thursday,1256,1321,2377.41,2377.453,2377.323,2377.45,2378.459,2378.578,2378.043,2378.477,P30_C35_D64,20:56,22:01,20:57,22:01,-1,0
2024-04-18 23:58:00,2024-04-19 00:00:00,2.0,2024-04-18,2024-04-19,2024,2024,4,4,Thursday,Friday,1438,0,2380.28,2380.281,2379.948,2380.003,2379.867,2379.867,2378.664,2378.664,P41_C1_D2,23:58,00:00,23:58,00:00,0,0
2024-04-22 20:57:00,2024-04-22 22:01:00,64.0,2024-04-22,2024-04-22,2024,2024,4,4,Monday,Monday,1257,1321,2325.356,2326.68,2325.319,2326.498,2329.07,2329.34,2328.733,2328.99,P30_C35_D64,20:57,22:01,20:57,22:01,0,0
2024-04-23 20:57:00,2024-04-23 22:01:00,64.0,2024-04-23,2024-04-23,2024,2024,4,4,Tuesday,Tuesday,1257,1321,2321.844,2321.973,2321.798,2321.929,2322.08,2322.08,2321.388,2321.661,P30_C35_D64,20:57,22:01,20:57,22:01,0,0
2024-04-24 20:57:00,2024-04-24 22:01:00,64.0,2024-04-24,2024-04-24,2024,2024,4,4,Wednesday,Wednesday,1257,1321,2315.831,2315.847,2315.723,2315.786,2315.996,2316.115,2315.057,2315.841,P30_C35_D64,20:57,22:01,20:57,22:01,0,0
2024-04-25 20:57:00,2024-04-25 22:01:00,64.0,2024-04-25,2024-04-25,2024,2024,4,4,Thursday,Thursday,1257,1321,2331.9,2332.149,2331.825,2331.927,2331.959,2332.387,2331.356,2332.125,P30_C35_D64,20:57,22:01,20:57,22:01,0,0
2024-04-29 20:57:00,2024-04-29 22:01:00,64.0,2024-04-29,2024-04-29,2024,2024,4,4,Monday,Monday,1257,1321,2335.744,2335.845,2335.164,2335.197,2334.576,2335.252,2334.273,2334.745,P30_C35_D64,20:57,22:01,20:57,22:01,0,0
2024-04-30 20:57:00,2024-04-30 22:01:00,64.0,2024-04-30,2024-04-30,2024,2024,4,4,Tuesday,Tuesday,1257,1321,2285.058,2285.477,2285.051,2285.328,2287.354,2287.354,2287.021,2287.097,P30_C35_D64,20:57,22:01,20:57,22:01,0,0
2024-05-01 20:57:00,2024-05-01 22:01:00,64.0,2024-05-01,2024-05-01,2024,2024,5,5,Wednesday,Wednesday,1257,1321,2317.289,2317.84,2317.289,2317.703,2319.51,2319.605,2317.551,2318.567,P30_C35_D64,20:57,22:01,20:57,22:01,0,0
2024-05-02 20:57:00,2024-05-02 22:01:00,64.0,2024-05-02,2024-05-02,2024,2024,5,5,Thursday,Thursday,1257,1321,2303.381,2303.999,2303.342,2303.904,2303.709,2304.152,2303.634,2304.152,P30_C35_D64,20:57,22:01,20:57,22:01,0,0
2024-05-06 20:57:00,2024-05-06 22:01:00,64.0,2024-05-06,2024-05-06,2024,2024,5,5,Monday,Monday,1257,1321,2324.133,2324.138,2323.804,2323.942,2324.803,2324.974,2324.345,2324.881,P30_C35_D64,20:57,22:01,20:57,22:01,0,0
2024-05-07 20:57:00,2024-05-07 22:01:00,64.0,2024-05-07,2024-05-07,2024,2024,5,5,Tuesday,Tuesday,1257,1321,2313.879,2314.239,2313.879,2314.015,2314.11,2314.355,2313.863,2314.355,P30_C35_D64,20:57,22:01,20:57,22:01,0,0
2024-05-08 20:57:00,2024-05-08 22:01:00,64.0,2024-05-08,2024-05-08,2024,2024,5,5,Wednesday,Wednesday,1257,1321,2308.883,2309.027,2308.682,2308.766,2308.448,2309.606,2308.331,2309.214,P30_C35_D64,20:57,22:01,20:57,22:01,0,0
2024-05-09 20:57:00,2024-05-09 22:01:00,64.0,2024-05-09,2024-05-09,2024,2024,5,5,Thursday,Thursday,1257,1321,2346.083,2346.351,2345.353,2345.438,2346.033,2346.082,2345.635,2346.017,P30_C35_D64,20:57,22:01,20:57,22:01,0,0
2024-05-13 20:57:00,2024-05-13 22:01:00,64.0,2024-05-13,2024-05-13,2024,2024,5,5,Monday,Monday,1257,1321,2336.667,2336.683,2335.733,2336.006,2336.444,2337.011,2336.321,2336.812,P30_C35_D64,20:57,22:01,20:57,22:01,0,0
2024-05-14 20:57:00,2024-05-14 22:01:00,64.0,2024-05-14,2024-05-14,2024,2024,5,5,Tuesday,Tuesday,1257,1321,2357.934,2358.383,2357.928,2358.247,2357.052,2357.746,2357.052,2357.627,P30_C35_D64,20:57,22:01,20:57,22:01,0,0
2024-05-15 20:57:00,2024-05-15 22:01:00,64.0,2024-05-15,2024-05-15,2024,2024,5,5,Wednesday,Wednesday,1257,1321,2386.185,2386.687,2386.073,2386.45,2385.385,2386.655,2385.385,2386.649,P30_C35_D64,20:57,22:01,20:57,22:01,0,0
2024-05-16 20:57:00,2024-05-16 22:01:00,64.0,2024-05-16,2024-05-16,2024,2024,5,5,Thursday,Thursday,1257,1321,2376.678,2376.771,2376.577,2376.607,2377.55,2377.94,2377.534,2377.865,P30_C35_D64,20:57,22:01,20:57,22:01,0,0
2024-05-20 20:57:00,2024-05-20 22:01:00,64.0,2024-05-20,2024-05-20,2024,2024,5,5,Monday,Monday,1257,1321,2425.26,2425.304,2425.092,2425.263,2427.371,2427.537,2426.444,2426.474,P30_C35_D64,20:57,22:01,20:57,22:01,0,0
2024-05-21 20:57:00,2024-05-21 22:01:00,64.0,2024-05-21,2024-05-21,2024,2024,5,5,Tuesday,Tuesday,1257,1321,2420.824,2420.934,2420.659,2420.747,2420.73,2421.043,2420.591,2420.871,P30_C35_D64,20:57,22:01,20:57,22:01,0,0
2024-05-22 20:57:00,2024-05-22 22:01:00,64.0,2024-05-22,2024-05-22,2024,2024,5,5,Wednesday,Wednesday,1257,1321,2378.022,2378.593,2377.958,2378.556,2378.371,2379.356,2378.185,2378.68,P30_C35_D64,20:57,22:01,20:57,22:01,0,0
2024-05-23 20:57:00,2024-05-23 22:01:00,64.0,2024-05-23,2024-05-23,2024,2024,5,5,Thursday,Thursday,1257,1321,2328.497,2328.497,2328.05,2328.366,2328.61,2329.216,2328.434,2329.216,P30_C35_D64,20:57,22:01,20:57,22:01,0,0
2024-05-28 20:57:00,2024-05-28 22:01:00,64.0,2024-05-28,2024-05-28,2024,2024,5,5,Tuesday,Tuesday,1257,1321,2361.074,2361.241,2361.017,2361.241,2362.288,2362.288,2361.098,2361.098,P30_C35_D64,20:57,22:01,20:57,22:01,0,0
2024-05-29 20:57:00,2024-05-29 22:01:00,64.0,2024-05-29,2024-05-29,2024,2024,5,5,Wednesday,Wednesday,1257,1321,2338.212,2338.544,2338.166,2338.409,2337.919,2338.247,2337.429,2337.889,P30_C35_D64,20:57,22:01,20:57,22:01,0,0
2024-05-30 20:57:00,2024-05-30 22:01:00,64.0,2024-05-30,2024-05-30,2024,2024,5,5,Thursday,Thursday,1257,1321,2342.965,2343.174,2342.607,2343.147,2343.994,2344.261,2343.287,2343.669,P30_C35_D64,20:57,22:01,20:57,22:01,0,0
2024-06-03 20:57:00,2024-06-03 22:01:00,64.0,2024-06-03,2024-06-03,2024,2024,6,6,Monday,Monday,1257,1321,2350.587,2350.97,2350.48,2350.814,2351.66,2351.811,2350.879,2350.879,P30_C35_D64,20:57,22:01,20:57,22:01,0,0
2024-06-04 20:57:00,2024-06-04 22:01:00,64.0,2024-06-04,2024-06-04,2024,2024,6,6,Tuesday,Tuesday,1257,1321,2326.917,2327.453,2326.756,2327.057,2327.609,2327.761,2327.295,2327.663,P30_C35_D64,20:57,22:01,20:57,22:01,0,0
2024-06-05 20:57:00,2024-06-05 22:01:00,64.0,2024-06-05,2024-06-05,2024,2024,6,6,Wednesday,Wednesday,1257,1321,2355.004,2355.221,2354.928,2355.147,2356.891,2356.891,2356.021,2356.021,P30_C35_D64,20:57,22:01,20:57,22:01,0,0
2024-06-06 20:57:00,2024-06-06 22:01:00,64.0,2024-06-06,2024-06-06,2024,2024,6,6,Thursday,Thursday,1257,1321,2375.886,2376.049,2375.7,2375.754,2376.653,2376.954,2376.306,2376.396,P30_C35_D64,20:57,22:01,20:57,22:01,0,0
2024-06-10 20:57:00,2024-06-10 22:01:00,64.0,2024-06-10,2024-06-10,2024,2024,6,6,Monday,Monday,1257,1321,2310.831,2310.948,2310.685,2310.782,2311.889,2312.005,2311.254,2311.254,P30_C35_D64,20:57,22:01,20:57,22:01,0,0
2024-06-11 20:57:00,2024-06-11 22:01:00,64.0,2024-06-11,2024-06-11,2024,2024,6,6,Tuesday,Tuesday,1257,1321,2316.819,2316.872,2316.615,2316.639,2316.526,2316.541,2316.209,2316.466,P30_C35_D64,20:57,22:01,20:57,22:01,0,0
2024-06-12 20:57:00,2024-06-12 22:01:00,64.0,2024-06-12,2024-06-12,2024,2024,6,6,Wednesday,Wednesday,1257,1321,2324.455,2324.507,2324.296,2324.393,2324.7,2325.295,2324.236,2324.698,P30_C35_D64,20:57,22:01,20:57,22:01,0,0
2024-06-13 20:57:00,2024-06-13 22:01:00,64.0,2024-06-13,2024-06-13,2024,2024,6,6,Thursday,Thursday,1257,1321,2304.021,2304.177,2303.803,2303.847,2303.326,2303.652,2303.326,2303.562,P30_C35_D64,20:57,22:01,20:57,22:01,0,0
2024-06-17 20:57:00,2024-06-17 22:01:00,64.0,2024-06-17,2024-06-17,2024,2024,6,6,Monday,Monday,1257,1321,2319.01,2319.235,2318.953,2319.014,2320.134,2320.731,2320.047,2320.606,P30_C35_D64,20:57,22:01,20:57,22:01,0,0
2024-06-18 20:57:00,2024-06-18 22:01:00,64.0,2024-06-18,2024-06-18,2024,2024,6,6,Tuesday,Tuesday,1257,1321,2329.339,2329.434,2329.265,2329.408,2329.788,2330.182,2329.624,2330.073,P30_C35_D64,20:57,22:01,20:57,22:01,0,0
2024-06-20 20:57:00,2024-06-20 22:01:00,64.0,2024-06-20,2024-06-20,2024,2024,6,6,Thursday,Thursday,1257,1321,2359.446,2360.075,2359.427,2359.908,2360.374,2360.374,2359.646,2359.646,P30_C35_D64,20:57,22:01,20:57,22:01,0,0
2024-06-24 20:57:00,2024-06-24 22:01:00,64.0,2024-06-24,2024-06-24,2024,2024,6,6,Monday,Monday,1257,1321,2333.79,2333.796,2333.598,2333.671,2333.991,2334.041,2333.75,2333.822,P30_C35_D64,20:57,22:01,20:57,22:01,0,0
2024-06-25 20:57:00,2024-06-25 22:01:00,64.0,2024-06-25,2024-06-25,2024,2024,6,6,Tuesday,Tuesday,1257,1321,2319.332,2319.401,2319.283,2319.337,2319.49,2319.98,2319.322,2319.637,P30_C35_D64,20:57,22:01,20:57,22:01,0,0
2024-06-26 20:57:00,2024-06-26 22:01:00,64.0,2024-06-26,2024-06-26,2024,2024,6,6,Wednesday,Wednesday,1257,1321,2298.106,2298.251,2298.021,2298.094,2298.442,2298.763,2298.294,2298.695,P30_C35_D64,20:57,22:01,20:57,22:01,0,0
2024-06-27 20:57:00,2024-06-27 22:01:00,64.0,2024-06-27,2024-06-27,2024,2024,6,6,Thursday,Thursday,1257,1321,2327.837,2327.97,2327.835,2327.869,2327.49,2327.493,2327.311,2327.364,P30_C35_D64,20:57,22:01,20:57,22:01,0,0
2024-07-01 20:57:00,2024-07-01 22:01:00,64.0,2024-07-01,2024-07-01,2024,2024,7,7,Monday,Monday,1257,1321,2331.747,2331.833,2331.604,2331.638,2332.521,2332.521,2331.701,2331.977,P30_C35_D64,20:57,22:01,20:57,22:01,0,0
2024-07-02 20:57:00,2024-07-02 22:01:00,64.0,2024-07-02,2024-07-02,2024,2024,7,7,Tuesday,Tuesday,1257,1321,2329.429,2329.566,2329.404,2329.496,2330.266,2330.4,2330.167,2330.287,P30_C35_D64,20:57,22:01,20:57,22:01,0,0
2024-07-03 20:57:00,2024-07-03 22:01:00,64.0,2024-07-03,2024-07-03,2024,2024,7,7,Wednesday,Wednesday,1257,1321,2355.934,2356.204,2355.934,2356.114,2357.081,2357.122,2356.949,2356.949,P30_C35_D64,20:57,22:01,20:57,22:01,0,0
2024-07-08 20:57:00,2024-07-08 22:01:00,64.0,2024-07-08,2024-07-08,2024,2024,7,7,Monday,Monday,1257,1321,2358.759,2358.803,2358.691,2358.713,2358.981,2359.028,2358.7,2358.7,P30_C35_D64,20:57,22:01,20:57,22:01,0,0
2024-07-09 20:57:00,2024-07-09 22:01:00,64.0,2024-07-09,2024-07-09,2024,2024,7,7,Tuesday,Tuesday,1257,1321,2363.799,2363.841,2363.706,2363.706,2364.133,2364.305,2363.816,2363.962,P30_C35_D64,20:57,22:01,20:57,22:01,0,0
2024-07-10 20:57:00,2024-07-10 22:01:00,64.0,2024-07-10,2024-07-10,2024,2024,7,7,Wednesday,Wednesday,1257,1321,2371.374,2371.393,2371.147,2371.289,2372.147,2372.329,2371.85,2371.999,P30_C35_D64,20:57,22:01,20:57,22:01,0,0
2024-07-11 20:57:00,2024-07-11 22:01:00,64.0,2024-07-11,2024-07-11,2024,2024,7,7,Thursday,Thursday,1257,1321,2414.739,2414.775,2414.416,2414.775,2414.522,2414.522,2413.324,2413.341,P30_C35_D64,20:57,22:01,20:57,22:01,0,0
2024-07-15 20:57:00,2024-07-15 22:01:00,64.0,2024-07-15,2024-07-15,2024,2024,7,7,Monday,Monday,1257,1321,2421.816,2422.182,2421.816,2422.115,2421.728,2422.163,2421.712,2421.915,P30_C35_D64,20:57,22:01,20:57,22:01,0,0
2024-07-16 20:57:00,2024-07-16 22:01:00,64.0,2024-07-16,2024-07-16,2024,2024,7,7,Tuesday,Tuesday,1257,1321,2468.515,2468.876,2468.451,2468.876,2468.399,2468.691,2467.923,2468.243,P30_C35_D64,20:57,22:01,20:57,22:01,0,0
2024-07-17 20:57:00,2024-07-17 22:01:00,64.0,2024-07-17,2024-07-17,2024,2024,7,7,Wednesday,Wednesday,1257,1321,2459.113,2459.113,2458.695,2458.829,2458.984,2459.204,2458.462,2458.943,P30_C35_D64,20:57,22:01,20:57,22:01,0,0
2024-07-18 20:57:00,2024-07-18 22:01:00,64.0,2024-07-18,2024-07-18,2024,2024,7,7,Thursday,Thursday,1257,1321,2445.035,2445.035,2444.755,2444.902,2445.407,2445.563,2444.9,2444.945,P30_C35_D64,20:57,22:01,20:57,22:01,0,0
2024-07-22 20:57:00,2024-07-22 22:01:00,64.0,2024-07-22,2024-07-22,2024,2024,7,7,Monday,Monday,1257,1321,2396.338,2396.817,2396.209,2396.585,2397.067,2397.29,2396.796,2397.163,P30_C35_D64,20:57,22:01,20:57,22:01,0,0
2024-07-23 20:57:00,2024-07-23 22:01:00,64.0,2024-07-23,2024-07-23,2024,2024,7,7,Tuesday,Tuesday,1257,1321,2409.331,2409.515,2409.084,2409.404,2408.702,2408.807,2408.43,2408.589,P30_C35_D64,20:57,22:01,20:57,22:01,0,0
2024-07-24 20:57:00,2024-07-24 22:01:00,64.0,2024-07-24,2024-07-24,2024,2024,7,7,Wednesday,Wednesday,1257,1321,2397.674,2397.718,2397.177,2397.267,2397.531,2397.566,2396.978,2396.993,P30_C35_D64,20:57,22:01,20:57,22:01,0,0
2024-07-25 20:57:00,2024-07-25 22:01:00,64.0,2024-07-25,2024-07-25,2024,2024,7,7,Thursday,Thursday,1257,1321,2364.564,2365.249,2364.362,2365.062,2364.122,2364.407,2363.953,2364.104,P30_C35_D64,20:57,22:01,20:57,22:01,0,0
2024-07-29 20:57:00,2024-07-29 22:01:00,64.0,2024-07-29,2024-07-29,2024,2024,7,7,Monday,Monday,1257,1321,2383.533,2383.895,2383.452,2383.853,2382.682,2382.764,2382.258,2382.258,P30_C35_D64,20:57,22:01,20:57,22:01,0,0
2024-07-30 20:57:00,2024-07-30 22:01:00,64.0,2024-07-30,2024-07-30,2024,2024,7,7,Tuesday,Tuesday,1257,1321,2411.239,2411.263,2410.786,2411.011,2409.447,2409.772,2409.242,2409.588,P30_C35_D64,20:57,22:01,20:57,22:01,0,0
2024-07-31 20:57:00,2024-07-31 22:01:00,64.0,2024-07-31,2024-07-31,2024,2024,7,7,Wednesday,Wednesday,1257,1321,2447.866,2448.185,2447.697,2447.786,2449.173,2449.505,2448.121,2448.3,P30_C35_D64,20:57,22:01,20:57,22:01,0,0
2024-08-01 20:57:00,2024-08-01 22:01:00,64.0,2024-08-01,2024-08-01,2024,2024,8,8,Thursday,Thursday,1257,1321,2446.775,2446.775,2446.292,2446.649,2446.364,2447.116,2445.965,2447.116,P30_C35_D64,20:57,22:01,20:57,22:01,0,0
2024-08-05 20:57:00,2024-08-05 22:01:00,64.0,2024-08-05,2024-08-05,2024,2024,8,8,Monday,Monday,1257,1321,2409.265,2409.573,2409.165,2409.343,2410.644,2411.578,2410.644,2411.335,P30_C35_D64,20:57,22:01,20:57,22:01,0,0
2024-08-06 20:57:00,2024-08-06 22:01:00,64.0,2024-08-06,2024-08-06,2024,2024,8,8,Tuesday,Tuesday,1257,1321,2389.238,2389.535,2388.853,2389.141,2389.898,2390.032,2388.509,2388.588,P30_C35_D64,20:57,22:01,20:57,22:01,0,0
2024-08-07 20:57:00,2024-08-07 22:01:00,64.0,2024-08-07,2024-08-07,2024,2024,8,8,Wednesday,Wednesday,1257,1321,2382.583,2382.78,2382.411,2382.762,2382.322,2382.459,2381.342,2381.932,P30_C35_D64,20:57,22:01,20:57,22:01,0,0
2024-08-08 20:57:00,2024-08-08 22:01:00,64.0,2024-08-08,2024-08-08,2024,2024,8,8,Thursday,Thursday,1257,1321,2426.923,2427.183,2426.673,2427.136,2426.817,2427.706,2426.762,2427.641,P30_C35_D64,20:57,22:01,20:57,22:01,0,0
2024-08-12 20:57:00,2024-08-12 22:01:00,64.0,2024-08-12,2024-08-12,2024,2024,8,8,Monday,Monday,1257,1321,2472.977,2472.977,2472.273,2472.391,2470.85,2471.489,2470.454,2470.577,P30_C35_D64,20:57,22:01,20:57,22:01,0,0
2024-08-13 20:57:00,2024-08-13 22:01:00,64.0,2024-08-13,2024-08-13,2024,2024,8,8,Tuesday,Tuesday,1257,1321,2464.691,2465.39,2464.691,2465.234,2466.687,2466.906,2466.316,2466.906,P30_C35_D64,20:57,22:01,20:57,22:01,0,0
2024-08-14 20:57:00,2024-08-14 22:01:00,64.0,2024-08-14,2024-08-14,2024,2024,8,8,Wednesday,Wednesday,1257,1321,2447.754,2448.02,2447.704,2447.929,2447.924,2448.243,2447.671,2447.985,P30_C35_D64,20:57,22:01,20:57,22:01,0,0
2024-08-15 20:57:00,2024-08-15 22:01:00,64.0,2024-08-15,2024-08-15,2024,2024,8,8,Thursday,Thursday,1257,1321,2456.362,2456.576,2456.28,2456.457,2455.96,2456.211,2455.503,2455.672,P30_C35_D64,20:57,22:01,20:57,22:01,0,0
2024-08-19 20:57:00,2024-08-19 22:01:00,64.0,2024-08-19,2024-08-19,2024,2024,8,8,Monday,Monday,1257,1321,2504.092,2504.21,2504.0,2504.052,2503.234,2503.657,2503.234,2503.412,P30_C35_D64,20:57,22:01,20:57,22:01,0,0
2024-08-20 20:57:00,2024-08-20 22:01:00,64.0,2024-08-20,2024-08-20,2024,2024,8,8,Tuesday,Tuesday,1257,1321,2514.023,2514.094,2513.981,2513.981,2513.347,2513.585,2513.315,2513.583,P30_C35_D64,20:57,22:01,20:57,22:01,0,0
2024-08-21 20:57:00,2024-08-21 22:01:00,64.0,2024-08-21,2024-08-21,2024,2024,8,8,Wednesday,Wednesday,1257,1321,2511.806,2512.12,2511.651,2512.061,2511.984,2512.777,2511.984,2512.574,P30_C35_D64,20:57,22:01,20:57,22:01,0,0
2024-08-22 20:57:00,2024-08-22 22:01:00,64.0,2024-08-22,2024-08-22,2024,2024,8,8,Thursday,Thursday,1257,1321,2484.172,2484.389,2484.146,2484.319,2484.521,2484.923,2484.416,2484.855,P30_C35_D64,20:57,22:01,20:57,22:01,0,0
2024-08-26 20:57:00,2024-08-26 22:01:00,64.0,2024-08-26,2024-08-26,2024,2024,8,8,Monday,Monday,1257,1321,2518.132,2518.315,2517.98,2518.229,2517.94,2518.051,2517.403,2517.658,P30_C35_D64,20:57,22:01,20:57,22:01,0,0
2024-08-27 20:57:00,2024-08-27 22:01:00,64.0,2024-08-27,2024-08-27,2024,2024,8,8,Tuesday,Tuesday,1257,1321,2524.449,2524.687,2524.29,2524.577,2524.984,2525.202,2524.893,2525.129,P30_C35_D64,20:57,22:01,20:57,22:01,0,0
2024-08-28 20:57:00,2024-08-28 22:01:00,64.0,2024-08-28,2024-08-28,2024,2024,8,8,Wednesday,Wednesday,1257,1321,2504.508,2504.53,2504.287,2504.362,2505.235,2505.937,2505.059,2505.897,P30_C35_D64,20:57,22:01,20:57,22:01,0,0
2024-08-29 20:57:00,2024-08-29 22:01:00,64.0,2024-08-29,2024-08-29,2024,2024,8,8,Thursday,Thursday,1257,1321,2521.333,2521.516,2521.241,2521.459,2520.922,2521.225,2520.472,2521.037,P30_C35_D64,20:57,22:01,20:57,22:01,0,0
2024-09-03 20:57:00,2024-09-03 22:01:00,64.0,2024-09-03,2024-09-03,2024,2024,9,9,Tuesday,Tuesday,1257,1321,2492.818,2492.903,2492.434,2492.781,2492.767,2492.773,2492.167,2492.254,P30_C35_D64,20:57,22:01,20:57,22:01,0,0
2024-09-04 20:57:00,2024-09-04 22:01:00,64.0,2024-09-04,2024-09-04,2024,2024,9,9,Wednesday,Wednesday,1257,1321,2496.157,2496.28,2495.768,2495.811,2495.236,2495.503,2495.098,2495.267,P30_C35_D64,20:57,22:01,20:57,22:01,0,0
2024-09-05 20:57:00,2024-09-05 22:01:00,64.0,2024-09-05,2024-09-05,2024,2024,9,9,Thursday,Thursday,1257,1321,2516.067,2516.609,2515.976,2516.452,2517.047,2517.047,2516.74,2516.771,P30_C35_D64,20:57,22:01,20:57,22:01,0,0
2024-09-09 20:57:00,2024-09-09 22:01:00,64.0,2024-09-09,2024-09-09,2024,2024,9,9,Monday,Monday,1257,1321,2506.194,2506.68,2506.11,2506.118,2506.438,2506.454,2506.213,2506.451,P30_C35_D64,20:57,22:01,20:57,22:01,0,0
2024-09-10 20:57:00,2024-09-10 22:01:00,64.0,2024-09-10,2024-09-10,2024,2024,9,9,Tuesday,Tuesday,1257,1321,2516.499,2516.544,2516.328,2516.448,2516.582,2516.799,2516.547,2516.671,P30_C35_D64,20:57,22:01,20:57,22:01,0,0
2024-09-11 20:57:00,2024-09-11 22:01:00,64.0,2024-09-11,2024-09-11,2024,2024,9,9,Wednesday,Wednesday,1257,1321,2511.545,2511.561,2511.27,2511.462,2512.31,2512.805,2512.31,2512.735,P30_C35_D64,20:57,22:01,20:57,22:01,0,0
2024-09-12 20:57:00,2024-09-12 22:01:00,64.0,2024-09-12,2024-09-12,2024,2024,9,9,Thursday,Thursday,1257,1321,2558.467,2559.136,2558.467,2558.829,2558.333,2558.36,2557.913,2558.174,P30_C35_D64,20:57,22:01,20:57,22:01,0,0
2024-09-16 20:57:00,2024-09-16 22:01:00,64.0,2024-09-16,2024-09-16,2024,2024,9,9,Monday,Monday,1257,1321,2582.899,2583.048,2582.748,2582.903,2582.736,2582.767,2582.468,2582.533,P30_C35_D64,20:57,22:01,20:57,22:01,0,0
2024-09-17 20:57:00,2024-09-17 22:01:00,64.0,2024-09-17,2024-09-17,2024,2024,9,9,Tuesday,Tuesday,1257,1321,2569.855,2569.995,2569.623,2569.805,2569.594,2569.831,2569.554,2569.708,P30_C35_D64,20:57,22:01,20:57,22:01,0,0
2024-09-18 20:57:00,2024-09-18 22:01:00,64.0,2024-09-18,2024-09-18,2024,2024,9,9,Wednesday,Wednesday,1257,1321,2559.165,2559.297,2558.809,2559.124,2558.398,2558.749,2557.763,2558.502,P30_C35_D64,20:57,22:01,20:57,22:01,0,0
2024-09-19 20:57:00,2024-09-19 22:01:00,64.0,2024-09-19,2024-09-19,2024,2024,9,9,Thursday,Thursday,1257,1321,2586.805,2586.965,2586.72,2586.72,2586.366,2586.624,2586.321,2586.51,P30_C35_D64,20:57,22:01,20:57,22:01,0,0
2024-09-23 20:57:00,2024-09-23 22:01:00,64.0,2024-09-23,2024-09-23,2024,2024,9,9,Monday,Monday,1257,1321,2628.263,2628.398,2628.115,2628.302,2627.157,2627.52,2627.05,2627.189,P30_C35_D64,20:57,22:01,20:57,22:01,0,0
2024-09-24 20:57:00,2024-09-24 22:01:00,64.0,2024-09-24,2024-09-24,2024,2024,9,9,Tuesday,Tuesday,1257,1321,2657.085,2657.265,2656.799,2656.855,2658.85,2658.968,2658.529,2658.747,P30_C35_D64,20:57,22:01,20:57,22:01,0,0
2024-09-25 20:57:00,2024-09-25 22:01:00,64.0,2024-09-25,2024-09-25,2024,2024,9,9,Wednesday,Wednesday,1257,1321,2657.194,2657.434,2657.07,2657.175,2657.274,2657.448,2656.948,2657.404,P30_C35_D64,20:57,22:01,20:57,22:01,0,0
2024-09-26 20:57:00,2024-09-26 22:01:00,64.0,2024-09-26,2024-09-26,2024,2024,9,9,Thursday,Thursday,1257,1321,2672.257,2672.475,2672.222,2672.265,2671.888,2671.968,2671.811,2671.812,P30_C35_D64,20:57,22:01,20:57,22:01,0,0
2024-09-30 20:57:00,2024-09-30 22:01:00,64.0,2024-09-30,2024-09-30,2024,2024,9,9,Monday,Monday,1257,1321,2635.101,2635.101,2634.739,2634.848,2633.527,2633.542,2632.65,2632.88,P30_C35_D64,20:57,22:01,20:57,22:01,0,0
2024-10-01 20:57:00,2024-10-01 22:01:00,64.0,2024-10-01,2024-10-01,2024,2024,10,10,Tuesday,Tuesday,1257,1321,2663.651,2664.009,2663.228,2663.575,2661.812,2662.532,2661.655,2662.315,P30_C35_D64,20:57,22:01,20:57,22:01,0,0
2024-10-02 20:57:00,2024-10-02 22:01:00,64.0,2024-10-02,2024-10-02,2024,2024,10,10,Wednesday,Wednesday,1257,1321,2658.964,2658.994,2658.691,2658.825,2658.946,2658.946,2658.519,2658.84,P30_C35_D64,20:57,22:01,20:57,22:01,0,0
2024-10-03 20:57:00,2024-10-03 22:01:00,64.0,2024-10-03,2024-10-03,2024,2024,10,10,Thursday,Thursday,1257,1321,2656.052,2656.279,2656.021,2656.246,2657.147,2657.147,2656.283,2656.489,P30_C35_D64,20:57,22:01,20:57,22:01,0,0
2024-10-07 20:57:00,2024-10-07 22:01:00,64.0,2024-10-07,2024-10-07,2024,2024,10,10,Monday,Monday,1257,1321,2642.803,2642.885,2642.542,2642.567,2643.087,2643.087,2642.018,2642.414,P30_C35_D64,20:57,22:01,20:57,22:01,0,0
2024-10-08 20:57:00,2024-10-08 22:01:00,64.0,2024-10-08,2024-10-08,2024,2024,10,10,Tuesday,Tuesday,1257,1321,2621.885,2621.909,2621.549,2621.872,2621.786,2621.809,2621.758,2621.809,P30_C35_D64,20:57,22:01,20:57,22:01,0,0
2024-10-09 20:57:00,2024-10-09 22:01:00,64.0,2024-10-09,2024-10-09,2024,2024,10,10,Wednesday,Wednesday,1257,1321,2608.003,2608.056,2607.55,2607.741,2608.184,2608.515,2607.905,2608.32,P30_C35_D64,20:57,22:01,20:57,22:01,0,0
2024-10-10 20:57:00,2024-10-10 22:01:00,64.0,2024-10-10,2024-10-10,2024,2024,10,10,Thursday,Thursday,1257,1321,2629.285,2629.71,2629.285,2629.638,2629.12,2629.169,2628.912,2628.929,P30_C35_D64,20:57,22:01,20:57,22:01,0,0
2024-10-14 20:57:00,2024-10-14 22:01:00,64.0,2024-10-14,2024-10-14,2024,2024,10,10,Monday,Monday,1257,1321,2648.164,2648.982,2648.064,2648.86,2647.876,2648.334,2647.571,2647.571,P30_C35_D64,20:57,22:01,20:57,22:01,0,0
2024-10-15 20:57:00,2024-10-15 22:01:00,64.0,2024-10-15,2024-10-15,2024,2024,10,10,Tuesday,Tuesday,1257,1321,2662.615,2662.98,2662.585,2662.98,2662.042,2662.38,2661.929,2662.329,P30_C35_D64,20:57,22:01,20:57,22:01,0,0
2024-10-16 20:57:00,2024-10-16 22:01:00,64.0,2024-10-16,2024-10-16,2024,2024,10,10,Wednesday,Wednesday,1257,1321,2673.674,2673.962,2673.614,2673.614,2674.51,2674.619,2674.027,2674.167,P30_C35_D64,20:57,22:01,20:57,22:01,0,0
2024-10-17 20:57:00,2024-10-17 22:01:00,64.0,2024-10-17,2024-10-17,2024,2024,10,10,Thursday,Thursday,1257,1321,2692.796,2692.958,2692.55,2692.719,2692.423,2692.763,2692.341,2692.632,P30_C35_D64,20:57,22:01,20:57,22:01,0,0
2024-10-21 20:57:00,2024-10-21 22:01:00,64.0,2024-10-21,2024-10-21,2024,2024,10,10,Monday,Monday,1257,1321,2719.188,2720.013,2719.142,2719.873,2718.77,2719.272,2718.707,2719.151,P30_C35_D64,20:57,22:01,20:57,22:01,0,0
2024-10-22 20:57:00,2024-10-22 22:01:00,64.0,2024-10-22,2024-10-22,2024,2024,10,10,Tuesday,Tuesday,1257,1321,2748.493,2748.727,2748.393,2748.585,2747.854,2748.107,2747.767,2748.097,P30_C35_D64,20:57,22:01,20:57,22:01,0,0
2024-10-23 20:57:00,2024-10-23 22:01:00,64.0,2024-10-23,2024-10-23,2024,2024,10,10,Wednesday,Wednesday,1257,1321,2715.828,2715.828,2715.388,2715.544,2715.19,2715.812,2715.156,2715.73,P30_C35_D64,20:57,22:01,20:57,22:01,0,0
2024-10-24 20:57:00,2024-10-24 22:01:00,64.0,2024-10-24,2024-10-24,2024,2024,10,10,Thursday,Thursday,1257,1321,2735.887,2735.931,2735.699,2735.699,2735.58,2735.91,2735.397,2735.871,P30_C35_D64,20:57,22:01,20:57,22:01,0,0
2024-10-28 20:57:00,2024-10-28 22:01:00,64.0,2024-10-28,2024-10-28,2024,2024,10,10,Monday,Monday,1257,1321,2742.174,2742.395,2742.114,2742.284,2741.724,2741.92,2740.89,2740.952,P30_C35_D64,20:57,22:01,20:57,22:01,0,0
2024-10-29 20:57:00,2024-10-29 22:01:00,64.0,2024-10-29,2024-10-29,2024,2024,10,10,Tuesday,Tuesday,1257,1321,2774.569,2774.635,2774.238,2774.347,2773.558,2773.683,2773.18,2773.34,P30_C35_D64,20:57,22:01,20:57,22:01,0,0
2024-10-30 20:57:00,2024-10-30 22:01:00,64.0,2024-10-30,2024-10-30,2024,2024,10,10,Wednesday,Wednesday,1257,1321,2786.94,2787.023,2786.36,2786.412,2787.459,2787.668,2787.223,2787.444,P30_C35_D64,20:57,22:01,20:57,22:01,0,0
2024-10-31 20:57:00,2024-10-31 22:01:00,64.0,2024-10-31,2024-10-31,2024,2024,10,10,Thursday,Thursday,1257,1321,2743.913,2744.095,2743.827,2743.892,2743.947,2744.467,2743.904,2744.467,P30_C35_D64,20:57,22:01,20:57,22:01,0,0
2024-11-04 21:57:00,2024-11-04 23:01:00,64.0,2024-11-04,2024-11-04,2024,2024,11,11,Monday,Monday,1317,1381,2736.414,2736.547,2736.414,2736.492,2737.663,2737.663,2737.151,2737.474,P33_C39_D64,21:57,23:01,21:57,23:01,0,0
2024-11-05 21:57:00,2024-11-05 23:01:00,64.0,2024-11-05,2024-11-05,2024,2024,11,11,Tuesday,Tuesday,1317,1381,2743.871,2744.016,2743.715,2743.836,2742.57,2743.177,2742.423,2743.116,P33_C39_D64,21:57,23:01,21:57,23:01,0,0
2024-11-06 21:57:00,2024-11-06 23:01:00,64.0,2024-11-06,2024-11-06,2024,2024,11,11,Wednesday,Wednesday,1317,1381,2659.235,2659.341,2658.958,2658.98,2660.168,2661.024,2659.911,2661.018,P33_C39_D64,21:57,23:01,21:57,23:01,0,0
2024-11-07 21:57:00,2024-11-07 23:01:00,64.0,2024-11-07,2024-11-07,2024,2024,11,11,Thursday,Thursday,1317,1381,2707.192,2707.31,2706.864,2707.146,2704.674,2705.03,2704.415,2704.938,P33_C39_D64,21:57,23:01,21:57,23:01,0,0
2024-11-11 21:57:00,2024-11-11 23:01:00,64.0,2024-11-11,2024-11-11,2024,2024,11,11,Monday,Monday,1317,1381,2619.502,2619.912,2619.485,2619.613,2620.155,2620.181,2619.767,2619.825,P33_C39_D64,21:57,23:01,21:57,23:01,0,0
2024-11-12 21:57:00,2024-11-12 23:01:00,64.0,2024-11-12,2024-11-12,2024,2024,11,11,Tuesday,Tuesday,1317,1381,2598.301,2598.601,2598.194,2598.344,2598.073,2598.225,2597.988,2598.04,P33_C39_D64,21:57,23:01,21:57,23:01,0,0
2024-11-13 21:57:00,2024-11-13 23:01:00,64.0,2024-11-13,2024-11-13,2024,2024,11,11,Wednesday,Wednesday,1317,1381,2573.167,2573.167,2572.589,2573.064,2571.948,2572.224,2571.858,2572.068,P33_C39_D64,21:57,23:01,21:57,23:01,0,0
2024-11-14 21:57:00,2024-11-14 23:01:00,64.0,2024-11-14,2024-11-14,2024,2024,11,11,Thursday,Thursday,1317,1381,2565.49,2565.524,2565.26,2565.31,2564.927,2565.696,2564.898,2565.667,P33_C39_D64,21:57,23:01,21:57,23:01,0,0
2024-11-18 21:57:00,2024-11-18 23:01:00,64.0,2024-11-18,2024-11-18,2024,2024,11,11,Monday,Monday,1317,1381,2612.15,2612.15,2611.475,2611.721,2611.031,2611.29,2610.825,2611.044,P33_C39_D64,21:57,23:01,21:57,23:01,0,0
2024-11-19 21:57:00,2024-11-19 23:01:00,64.0,2024-11-19,2024-11-19,2024,2024,11,11,Tuesday,Tuesday,1317,1381,2632.484,2632.63,2632.059,2632.059,2632.155,2632.507,2632.155,2632.335,P33_C39_D64,21:57,23:01,21:57,23:01,0,0
2024-11-20 21:57:00,2024-11-20 23:01:00,64.0,2024-11-20,2024-11-20,2024,2024,11,11,Wednesday,Wednesday,1317,1381,2649.805,2649.963,2649.662,2649.955,2651.224,2651.232,2650.747,2651.137,P33_C39_D64,21:57,23:01,21:57,23:01,0,0
2024-11-21 21:57:00,2024-11-21 23:01:00,64.0,2024-11-21,2024-11-21,2024,2024,11,11,Thursday,Thursday,1317,1381,2669.62,2669.729,2669.478,2669.61,2669.861,2669.996,2669.623,2669.662,P33_C39_D64,21:57,23:01,21:57,23:01,0,0
2024-11-25 21:57:00,2024-11-25 23:01:00,64.0,2024-11-25,2024-11-25,2024,2024,11,11,Monday,Monday,1317,1381,2625.529,2625.651,2625.471,2625.642,2625.829,2626.604,2625.829,2626.604,P33_C39_D64,21:57,23:01,21:57,23:01,0,0
2024-11-26 21:57:00,2024-11-26 23:01:00,64.0,2024-11-26,2024-11-26,2024,2024,11,11,Tuesday,Tuesday,1317,1381,2632.865,2633.102,2632.634,2632.72,2631.285,2632.108,2630.779,2631.192,P33_C39_D64,21:57,23:01,21:57,23:01,0,0
2024-11-27 21:57:00,2024-11-27 23:01:00,64.0,2024-11-27,2024-11-27,2024,2024,11,11,Wednesday,Wednesday,1317,1381,2635.51,2635.877,2635.44,2635.706,2637.116,2637.244,2636.673,2637.232,P33_C39_D64,21:57,23:01,21:57,23:01,0,0
2024-12-02 21:57:00,2024-12-02 23:01:00,64.0,2024-12-02,2024-12-02,2024,2024,12,12,Monday,Monday,1317,1381,2638.991,2639.017,2638.598,2638.713,2638.603,2638.84,2638.4,2638.835,P33_C39_D64,21:57,23:01,21:57,23:01,0,0
2024-12-03 21:57:00,2024-12-03 23:01:00,64.0,2024-12-03,2024-12-03,2024,2024,12,12,Tuesday,Tuesday,1317,1381,2643.673,2643.78,2643.458,2643.558,2642.906,2642.971,2642.598,2642.598,P33_C39_D64,21:57,23:01,21:57,23:01,0,0
2024-12-04 21:57:00,2024-12-04 23:01:00,64.0,2024-12-04,2024-12-04,2024,2024,12,12,Wednesday,Wednesday,1317,1381,2649.871,2649.967,2649.678,2649.897,2649.852,2649.919,2649.13,2649.521,P33_C39_D64,21:57,23:01,21:57,23:01,0,0
2024-12-05 21:57:00,2024-12-05 23:01:00,64.0,2024-12-05,2024-12-05,2024,2024,12,12,Thursday,Thursday,1317,1381,2632.004,2632.094,2631.812,2631.813,2632.066,2632.066,2631.863,2631.914,P33_C39_D64,21:57,23:01,21:57,23:01,0,0
2024-12-09 21:57:00,2024-12-09 23:01:00,64.0,2024-12-09,2024-12-09,2024,2024,12,12,Monday,Monday,1317,1381,2659.841,2660.508,2659.655,2660.258,2660.787,2661.124,2660.787,2661.103,P33_C39_D64,21:57,23:01,21:57,23:01,0,0
2024-12-10 21:57:00,2024-12-10 23:01:00,64.0,2024-12-10,2024-12-10,2024,2024,12,12,Tuesday,Tuesday,1317,1381,2693.701,2693.847,2693.561,2693.655,2693.658,2693.822,2693.584,2693.739,P33_C39_D64,21:57,23:01,21:57,23:01,0,0
2024-12-11 21:57:00,2024-12-11 23:01:00,64.0,2024-12-11,2024-12-11,2024,2024,12,12,Wednesday,Wednesday,1317,1381,2718.177,2718.267,2717.986,2718.096,2718.647,2719.18,2717.752,2717.877,P33_C39_D64,21:57,23:01,21:57,23:01,0,0
2024-12-12 21:57:00,2024-12-12 23:01:00,64.0,2024-12-12,2024-12-12,2024,2024,12,12,Thursday,Thursday,1317,1381,2680.932,2680.976,2680.615,2680.699,2680.85,2680.885,2680.473,2680.49,P33_C39_D64,21:57,23:01,21:57,23:01,0,0
2024-12-16 21:57:00,2024-12-16 23:01:00,64.0,2024-12-16,2024-12-16,2024,2024,12,12,Monday,Monday,1317,1381,2652.728,2652.932,2652.728,2652.85,2652.485,2652.89,2652.485,2652.871,P33_C39_D64,21:57,23:01,21:57,23:01,0,0
2024-12-17 21:57:00,2024-12-17 23:01:00,64.0,2024-12-17,2024-12-17,2024,2024,12,12,Tuesday,Tuesday,1317,1381,2645.857,2646.125,2645.738,2645.968,2645.944,2646.037,2645.761,2645.761,P33_C39_D64,21:57,23:01,21:57,23:01,0,0
2024-12-18 21:57:00,2024-12-18 23:01:00,64.0,2024-12-18,2024-12-18,2024,2024,12,12,Wednesday,Wednesday,1317,1381,2585.36,2586.421,2585.36,2585.955,2583.929,2585.385,2583.38,2585.296,P33_C39_D64,21:57,23:01,21:57,23:01,0,0
2024-12-19 21:57:00,2024-12-19 23:01:00,64.0,2024-12-19,2024-12-19,2024,2024,12,12,Thursday,Thursday,1317,1381,2594.114,2594.138,2593.886,2593.993,2594.706,2594.71,2594.368,2594.61,P33_C39_D64,21:57,23:01,21:57,23:01,0,0
2024-12-23 21:57:00,2024-12-23 23:01:00,64.0,2024-12-23,2024-12-23,2024,2024,12,12,Monday,Monday,1317,1381,2613.341,2613.461,2613.336,2613.42,2613.786,2615.221,2613.087,2615.149,P33_C39_D64,21:57,23:01,21:57,23:01,0,0
2024-12-26 21:57:00,2024-12-26 23:01:00,64.0,2024-12-26,2024-12-26,2024,2024,12,12,Thursday,Thursday,1317,1381,2633.429,2633.613,2633.117,2633.486,2628.46,2629.986,2624.659,2627.556,P33_C39_D64,21:57,23:01,21:57,23:01,0,0
2024-12-30 21:57:00,2024-12-30 23:01:00,64.0,2024-12-30,2024-12-30,2024,2024,12,12,Monday,Monday,1317,1381,2606.392,2606.62,2606.107,2606.303,2606.636,2606.744,2606.462,2606.719,P33_C39_D64,21:57,23:01,21:57,23:01,0,0
2025-01-02 21:57:00,2025-01-02 23:01:00,64.0,2025-01-02,2025-01-02,2025,2025,1,1,Thursday,Thursday,1317,1381,2657.369,2657.508,2657.288,2657.442,2657.396,2658.145,2657.322,2657.79,P33_C39_D64,21:57,23:01,21:57,23:01,0,0
2025-01-07 21:57:00,2025-01-07 23:01:00,64.0,2025-01-07,2025-01-07,2025,2025,1,1,Tuesday,Tuesday,1317,1381,2648.552,2648.762,2648.514,2648.743,2649.303,2649.303,2649.244,2649.298,P33_C39_D64,21:57,23:01,21:57,23:01,0,0
2025-01-09 21:57:00,2025-01-09 23:01:00,64.0,2025-01-09,2025-01-09,2025,2025,1,1,Thursday,Thursday,1317,1381,2670.291,2670.485,2669.86,2669.984,2670.696,2671.141,2670.423,2670.829,P33_C39_D64,21:57,23:01,21:57,23:01,0,0
2025-01-13 21:57:00,2025-01-13 23:01:00,64.0,2025-01-13,2025-01-13,2025,2025,1,1,Monday,Monday,1317,1381,2663.735,2664.05,2663.494,2663.641,2663.151,2663.162,2663.064,2663.064,P33_C39_D64,21:57,23:01,21:57,23:01,0,0
2025-01-14 21:57:00,2025-01-14 23:01:00,64.0,2025-01-14,2025-01-14,2025,2025,1,1,Tuesday,Tuesday,1317,1381,2677.277,2677.417,2676.916,2677.148,2677.397,2677.751,2677.121,2677.254,P33_C39_D64,21:57,23:01,21:57,23:01,0,0
2025-01-15 21:57:00,2025-01-15 23:01:00,64.0,2025-01-15,2025-01-15,2025,2025,1,1,Wednesday,Wednesday,1317,1381,2696.439,2696.999,2696.433,2696.999,2695.145,2695.273,2695.145,2695.267,P33_C39_D64,21:57,23:01,21:57,23:01,0,0
2025-01-16 21:57:00,2025-01-16 23:01:00,64.0,2025-01-16,2025-01-16,2025,2025,1,1,Thursday,Thursday,1317,1381,2714.484,2714.709,2714.337,2714.555,2714.345,2714.449,2714.309,2714.368,P33_C39_D64,21:57,23:01,21:57,23:01,0,0
2025-01-21 21:57:00,2025-01-21 23:02:00,65.0,2025-01-21,2025-01-21,2025,2025,1,1,Tuesday,Tuesday,1317,1382,2744.735,2744.809,2744.378,2744.674,2744.647,2744.715,2744.471,2744.667,P33_C39_D64,21:57,23:02,21:57,23:01,0,1
2025-01-23 21:57:00,2025-01-23 23:01:00,64.0,2025-01-23,2025-01-23,2025,2025,1,1,Thursday,Thursday,1317,1381,2754.52,2754.765,2754.143,2754.37,2754.757,2754.757,2754.722,2754.742,P33_C39_D64,21:57,23:01,21:57,23:01,0,0
2025-01-27 21:57:00,2025-01-27 23:01:00,64.0,2025-01-27,2025-01-27,2025,2025,1,1,Monday,Monday,1317,1381,2740.617,2740.694,2740.409,2740.612,2741.171,2741.257,2740.814,2741.19,P33_C39_D64,21:57,23:01,21:57,23:01,0,0
2025-01-28 21:57:00,2025-01-28 23:01:00,64.0,2025-01-28,2025-01-28,2025,2025,1,1,Tuesday,Tuesday,1317,1381,2763.478,2763.819,2763.438,2763.601,2763.243,2763.297,2763.009,2763.061,P33_C39_D64,21:57,23:01,21:57,23:01,0,0
2025-01-29 21:57:00,2025-01-29 23:01:00,64.0,2025-01-29,2025-01-29,2025,2025,1,1,Wednesday,Wednesday,1317,1381,2759.13,2759.405,2758.864,2759.022,2759.435,2759.578,2759.265,2759.265,P33_C39_D64,21:57,23:01,21:57,23:01,0,0
2025-02-04 21:57:00,2025-02-04 23:01:00,64.0,2025-02-04,2025-02-04,2025,2025,2,2,Tuesday,Tuesday,1317,1381,2841.908,2842.222,2841.813,2842.058,2841.405,2842.149,2841.19,2841.733,P33_C39_D64,21:57,23:01,21:57,23:01,0,0
2025-02-05 21:57:00,2025-02-05 23:02:00,65.0,2025-02-05,2025-02-05,2025,2025,2,2,Wednesday,Wednesday,1317,1382,2867.094,2867.378,2866.944,2867.341,2867.006,2867.112,2866.957,2867.001,P33_C39_D64,21:57,23:02,21:57,23:01,0,1
2025-02-06 21:57:00,2025-02-06 23:01:00,64.0,2025-02-06,2025-02-06,2025,2025,2,2,Thursday,Thursday,1317,1381,2856.558,2856.727,2856.005,2856.146,2856.072,2856.284,2855.886,2856.014,P33_C39_D64,21:57,23:01,21:57,23:01,0,0
2025-02-10 21:57:00,2025-02-10 23:01:00,64.0,2025-02-10,2025-02-10,2025,2025,2,2,Monday,Monday,1317,1381,2908.246,2908.246,2907.747,2908.15,2908.215,2908.924,2908.068,2908.328,P33_C39_D64,21:57,23:01,21:57,23:01,0,0
2025-02-11 21:57:00,2025-02-11 23:01:00,64.0,2025-02-11,2025-02-11,2025,2025,2,2,Tuesday,Tuesday,1317,1381,2897.833,2898.135,2897.795,2897.84,2897.136,2898.202,2897.001,2898.008,P33_C39_D64,21:57,23:01,21:57,23:01,0,0
2025-02-12 21:57:00,2025-02-12 23:01:00,64.0,2025-02-12,2025-02-12,2025,2025,2,2,Wednesday,Wednesday,1317,1381,2904.176,2904.192,2903.536,2904.132,2905.415,2905.415,2904.484,2905.086,P33_C39_D64,21:57,23:01,21:57,23:01,0,0
2025-02-13 21:57:00,2025-02-13 23:01:00,64.0,2025-02-13,2025-02-13,2025,2025,2,2,Thursday,Thursday,1317,1381,2928.546,2928.82,2928.454,2928.708,2928.32,2928.598,2927.838,2928.098,P33_C39_D64,21:57,23:01,21:57,23:01,0,0
2025-02-19 21:57:00,2025-02-19 23:01:00,64.0,2025-02-19,2025-02-19,2025,2025,2,2,Wednesday,Wednesday,1317,1381,2933.558,2933.573,2932.877,2932.97,2933.724,2933.821,2933.526,2933.735,P33_C39_D64,21:57,23:01,21:57,23:01,0,0
2025-02-20 21:57:00,2025-02-20 23:02:00,65.0,2025-02-20,2025-02-20,2025,2025,2,2,Thursday,Thursday,1317,1382,2939.408,2939.527,2938.61,2938.627,2939.784,2940.229,2939.704,2940.05,P33_C39_D64,21:57,23:02,21:57,23:01,0,1
2025-02-24 21:57:00,2025-02-24 23:01:00,64.0,2025-02-24,2025-02-24,2025,2025,2,2,Monday,Monday,1317,1381,2952.418,2953.187,2952.411,2952.679,2953.028,2953.428,2952.668,2953.223,P33_C39_D64,21:57,23:01,21:57,23:01,0,0
2025-02-25 21:57:00,2025-02-25 23:01:00,64.0,2025-02-25,2025-02-25,2025,2025,2,2,Tuesday,Tuesday,1317,1381,2915.501,2915.501,2914.899,2915.044,2914.903,2914.968,2914.331,2914.477,P33_C39_D64,21:57,23:01,21:57,23:01,0,0
2025-02-26 21:57:00,2025-02-26 23:01:00,64.0,2025-02-26,2025-02-26,2025,2025,2,2,Wednesday,Wednesday,1317,1381,2916.512,2916.617,2916.14,2916.266,2916.968,2917.002,2916.484,2916.59,P33_C39_D64,21:57,23:01,21:57,23:01,0,0
2025-02-27 21:57:00,2025-02-27 23:01:00,64.0,2025-02-27,2025-02-27,2025,2025,2,2,Thursday,Thursday,1317,1381,2877.043,2877.16,2876.967,2877.091,2877.652,2877.895,2876.401,2876.49,P33_C39_D64,21:57,23:01,21:57,23:01,0,0
2025-03-03 21:57:00,2025-03-03 23:01:00,64.0,2025-03-03,2025-03-03,2025,2025,3,3,Monday,Monday,1317,1381,2893.345,2893.792,2893.16,2893.762,2892.205,2892.428,2891.606,2891.791,P33_C39_D64,21:57,23:01,21:57,23:01,0,0
2025-03-04 21:57:00,2025-03-04 23:01:00,64.0,2025-03-04,2025-03-04,2025,2025,3,3,Tuesday,Tuesday,1317,1381,2917.629,2917.768,2917.349,2917.512,2918.216,2918.297,2917.593,2917.593,P33_C39_D64,21:57,23:01,21:57,23:01,0,0
2025-03-05 21:57:00,2025-03-05 23:01:00,64.0,2025-03-05,2025-03-05,2025,2025,3,3,Wednesday,Wednesday,1317,1381,2919.467,2919.583,2918.944,2918.953,2918.008,2918.361,2917.794,2917.889,P33_C39_D64,21:57,23:01,21:57,23:01,0,0
2025-03-06 21:57:00,2025-03-06 23:01:00,64.0,2025-03-06,2025-03-06,2025,2025,3,3,Thursday,Thursday,1317,1381,2911.335,2911.335,2910.847,2911.032,2912.057,2912.183,2911.713,2912.015,P33_C39_D64,21:57,23:01,21:57,23:01,0,0
2025-03-10 20:57:00,2025-03-10 22:01:00,64.0,2025-03-10,2025-03-10,2025,2025,3,3,Monday,Monday,1257,1321,2888.702,2889.105,2888.326,2889.086,2888.412,2888.979,2888.408,2888.835,P30_C35_D64,20:57,22:01,20:57,22:01,0,0
2025-03-11 20:57:00,2025-03-11 22:01:00,64.0,2025-03-11,2025-03-11,2025,2025,3,3,Tuesday,Tuesday,1257,1321,2916.214,2916.214,2915.791,2916.024,2915.587,2915.717,2915.509,2915.704,P30_C35_D64,20:57,22:01,20:57,22:01,0,0
2025-03-12 20:57:00,2025-03-12 22:01:00,64.0,2025-03-12,2025-03-12,2025,2025,3,3,Wednesday,Wednesday,1257,1321,2933.488,2933.63,2933.104,2933.244,2933.73,2934.065,2933.385,2933.993,P30_C35_D64,20:57,22:01,20:57,22:01,0,0
2025-03-13 20:57:00,2025-03-13 22:01:00,64.0,2025-03-13,2025-03-13,2025,2025,3,3,Thursday,Thursday,1257,1321,2988.541,2989.124,2988.502,2989.084,2988.581,2988.976,2988.266,2988.286,P30_C35_D64,20:57,22:01,20:57,22:01,0,0
2025-03-17 20:57:00,2025-03-17 22:01:00,64.0,2025-03-17,2025-03-17,2025,2025,3,3,Monday,Monday,1257,1321,3001.09,3001.527,3001.073,3001.427,3001.367,3001.858,3001.343,3001.414,P30_C35_D64,20:57,22:01,20:57,22:01,0,0
2025-03-18 20:57:00,2025-03-18 22:01:00,64.0,2025-03-18,2025-03-18,2025,2025,3,3,Tuesday,Tuesday,1257,1321,3033.965,3034.074,3033.888,3034.074,3034.025,3034.185,3033.542,3033.591,P30_C35_D64,20:57,22:01,20:57,22:01,0,0
2025-03-19 20:57:00,2025-03-19 22:01:00,64.0,2025-03-19,2025-03-19,2025,2025,3,3,Wednesday,Wednesday,1257,1321,3047.406,3047.406,3046.652,3047.282,3048.924,3049.311,3047.058,3047.567,P30_C35_D64,20:57,22:01,20:57,22:01,0,0
2025-03-20 20:57:00,2025-03-20 22:01:00,64.0,2025-03-20,2025-03-20,2025,2025,3,3,Thursday,Thursday,1257,1321,3044.584,3044.672,3044.462,3044.628,3044.988,3044.988,3044.39,3044.45,P30_C35_D64,20:57,22:01,20:57,22:01,0,0
2025-03-24 20:57:00,2025-03-24 22:01:00,64.0,2025-03-24,2025-03-24,2025,2025,3,3,Monday,Monday,1257,1321,3012.439,3012.439,3011.868,3011.868,3011.722,3012.499,3011.708,3012.222,P30_C35_D64,20:57,22:01,20:57,22:01,0,0
2025-03-25 20:57:00,2025-03-25 22:01:00,64.0,2025-03-25,2025-03-25,2025,2025,3,3,Tuesday,Tuesday,1257,1321,3020.481,3020.481,3020.249,3020.289,3019.663,3020.631,3019.663,3020.569,P30_C35_D64,20:57,22:01,20:57,22:01,0,0
2025-03-26 20:57:00,2025-03-26 22:01:00,64.0,2025-03-26,2025-03-26,2025,2025,3,3,Wednesday,Wednesday,1257,1321,3019.131,3019.261,3018.887,3018.966,3020.487,3020.78,3020.105,3020.485,P30_C35_D64,20:57,22:01,20:57,22:01,0,0
2025-03-27 20:57:00,2025-03-27 22:01:00,64.0,2025-03-27,2025-03-27,2025,2025,3,3,Thursday,Thursday,1257,1321,3056.508,3056.745,3056.477,3056.669,3055.858,3056.49,3055.858,3056.329,P30_C35_D64,20:57,22:01,20:57,22:01,0,0
2025-03-31 20:57:00,2025-03-31 22:01:00,64.0,2025-03-31,2025-03-31,2025,2025,3,3,Monday,Monday,1257,1321,3124.186,3124.235,3123.823,3124.071,3125.076,3125.986,3124.933,3125.665,P30_C35_D64,20:57,22:01,20:57,22:01,0,0
2025-04-01 20:57:00,2025-04-01 22:01:00,64.0,2025-04-01,2025-04-01,2025,2025,4,4,Tuesday,Tuesday,1257,1321,3113.667,3114.405,3113.095,3114.291,3114.278,3114.488,3113.679,3113.736,P30_C35_D64,20:57,22:01,20:57,22:01,0,0
2025-04-03 20:57:00,2025-04-03 22:01:00,64.0,2025-04-03,2025-04-03,2025,2025,4,4,Thursday,Thursday,1257,1321,3113.65,3113.903,3112.881,3113.145,3114.351,3114.825,3114.082,3114.249,P30_C35_D64,20:57,22:01,20:57,22:01,0,0
2025-04-07 20:57:00,2025-04-07 22:01:00,64.0,2025-04-07,2025-04-07,2025,2025,4,4,Monday,Monday,1257,1321,2983.739,2983.739,2982.212,2982.355,2982.102,2984.669,2981.615,2983.129,P30_C35_D64,20:57,22:01,20:57,22:01,0,0
2025-04-08 20:57:00,2025-04-08 22:01:00,64.0,2025-04-08,2025-04-08,2025,2025,4,4,Tuesday,Tuesday,1257,1321,2982.417,2982.418,2982.305,2982.305,2984.367,2985.462,2983.782,2984.335,P30_C35_D64,20:57,22:01,20:57,22:01,0,0
2025-04-09 20:57:00,2025-04-09 22:01:00,64.0,2025-04-09,2025-04-09,2025,2025,4,4,Wednesday,Wednesday,1257,1321,3080.136,3083.2,3080.135,3083.131,3080.368,3082.547,3080.124,3081.824,P30_C35_D64,20:57,22:01,20:57,22:01,0,0
2025-04-10 20:57:00,2025-04-10 22:01:00,64.0,2025-04-10,2025-04-10,2025,2025,4,4,Thursday,Thursday,1257,1321,3175.982,3176.101,3175.444,3175.69,3177.764,3178.199,3176.372,3176.473,P30_C35_D64,20:57,22:01,20:57,22:01,0,0
2025-04-14 20:57:00,2025-04-14 22:01:00,64.0,2025-04-14,2025-04-14,2025,2025,4,4,Monday,Monday,1257,1321,3210.58,3210.645,3210.351,3210.376,3211.99,3212.528,3211.488,3212.403,P30_C35_D64,20:57,22:01,20:57,22:01,0,0
2025-04-15 20:57:00,2025-04-15 22:01:00,64.0,2025-04-15,2025-04-15,2025,2025,4,4,Tuesday,Tuesday,1257,1321,3230.312,3230.356,3229.67,3229.808,3230.815,3230.96,3230.217,3230.782,P30_C35_D64,20:57,22:01,20:57,22:01,0,0
2025-04-16 20:57:00,2025-04-16 22:01:00,64.0,2025-04-16,2025-04-16,2025,2025,4,4,Wednesday,Wednesday,1257,1321,3341.948,3342.39,3341.906,3342.198,3343.801,3349.834,3343.035,3348.781,P30_C35_D64,20:57,22:01,20:57,22:01,0,0
2025-04-21 20:57:00,2025-04-21 22:01:00,64.0,2025-04-21,2025-04-21,2025,2025,4,4,Monday,Monday,1257,1321,3425.053,3425.053,3424.561,3424.875,3423.892,3425.738,3423.892,3425.713,P30_C35_D64,20:57,22:01,20:57,22:01,0,0
2025-04-22 20:57:00,2025-04-22 22:02:00,65.0,2025-04-22,2025-04-22,2025,2025,4,4,Tuesday,Tuesday,1257,1322,3381.154,3381.671,3380.852,3381.379,3337.522,3340.522,3337.522,3340.522,P30_C35_D64,20:57,22:02,20:57,22:01,0,1
2025-04-23 20:57:00,2025-04-23 22:01:00,64.0,2025-04-23,2025-04-23,2025,2025,4,4,Wednesday,Wednesday,1257,1321,3288.721,3288.853,3287.968,3288.376,3295.004,3299.826,3294.975,3299.339,P30_C35_D64,20:57,22:01,20:57,22:01,0,0
2025-04-28 20:57:00,2025-04-28 22:01:00,64.0,2025-04-28,2025-04-28,2025,2025,4,4,Monday,Monday,1257,1321,3344.049,3344.635,3343.581,3344.194,3345.965,3348.259,3344.76,3347.941,P30_C35_D64,20:57,22:01,20:57,22:01,0,0
2025-04-29 20:57:00,2025-04-29 22:01:00,64.0,2025-04-29,2025-04-29,2025,2025,4,4,Tuesday,Tuesday,1257,1321,3317.366,3317.684,3317.015,3317.338,3317.26,3318.286,3317.26,3318.053,P30_C35_D64,20:57,22:01,20:57,22:01,0,0
2025-05-01 20:57:00,2025-05-01 22:01:00,64.0,2025-05-01,2025-05-01,2025,2025,5,5,Thursday,Thursday,1257,1321,3237.478,3238.745,3237.227,3238.216,3240.879,3241.283,3240.619,3240.889,P30_C35_D64,20:57,22:01,20:57,22:01,0,0
2025-05-05 20:57:00,2025-05-05 22:01:00,64.0,2025-05-05,2025-05-05,2025,2025,5,5,Monday,Monday,1257,1321,3334.523,3334.53,3333.663,3333.919,3336.247,3337.028,3336.126,3336.834,P30_C35_D64,20:57,22:01,20:57,22:01,0,0
2025-05-07 20:57:00,2025-05-07 22:01:00,64.0,2025-05-07,2025-05-07,2025,2025,5,5,Wednesday,Wednesday,1257,1321,3364.062,3364.657,3363.907,3364.21,3366.954,3368.547,3366.954,3368.339,P30_C35_D64,20:57,22:01,20:57,22:01,0,0
2025-05-08 20:57:00,2025-05-08 22:01:00,64.0,2025-05-08,2025-05-08,2025,2025,5,5,Thursday,Thursday,1257,1321,3306.777,3307.127,3306.269,3306.319,3308.508,3308.508,3306.525,3306.738,P30_C35_D64,20:57,22:01,20:57,22:01,0,0
2025-05-12 20:57:00,2025-05-12 22:01:00,64.0,2025-05-12,2025-05-12,2025,2025,5,5,Monday,Monday,1257,1321,3234.436,3234.768,3234.271,3234.271,3239.778,3239.973,3239.489,3239.489,P30_C35_D64,20:57,22:01,20:57,22:01,0,0
2025-05-13 20:57:00,2025-05-13 22:01:00,64.0,2025-05-13,2025-05-13,2025,2025,5,5,Tuesday,Tuesday,1257,1321,3250.8,3250.992,3249.787,3249.942,3252.408,3252.408,3249.751,3250.978,P30_C35_D64,20:57,22:01,20:57,22:01,0,0
2025-05-14 20:57:00,2025-05-14 22:02:00,65.0,2025-05-14,2025-05-14,2025,2025,5,5,Wednesday,Wednesday,1257,1322,3177.688,3178.571,3177.604,3178.241,3179.701,3180.028,3179.619,3179.811,P30_C35_D64,20:57,22:02,20:57,22:01,0,1
2025-05-15 20:57:00,2025-05-15 22:01:00,64.0,2025-05-15,2025-05-15,2025,2025,5,5,Thursday,Thursday,1257,1321,3240.27,3240.704,3240.178,3240.471,3239.605,3239.605,3236.929,3237.763,P30_C35_D64,20:57,22:01,20:57,22:01,0,0
2025-05-19 20:57:00,2025-05-19 22:01:00,64.0,2025-05-19,2025-05-19,2025,2025,5,5,Monday,Monday,1257,1321,3229.924,3230.64,3229.924,3230.334,3229.311,3229.311,3227.41,3227.922,P30_C35_D64,20:57,22:01,20:57,22:01,0,0
2025-05-20 20:57:00,2025-05-20 22:01:00,64.0,2025-05-20,2025-05-20,2025,2025,5,5,Tuesday,Tuesday,1257,1321,3290.109,3290.178,3289.765,3289.937,3291.7,3291.748,3290.809,3290.877,P30_C35_D64,20:57,22:01,20:57,22:01,0,0
2025-05-21 20:57:00,2025-05-21 22:01:00,64.0,2025-05-21,2025-05-21,2025,2025,5,5,Wednesday,Wednesday,1257,1321,3315.592,3315.942,3315.532,3315.567,3319.029,3319.029,3317.275,3317.468,P30_C35_D64,20:57,22:01,20:57,22:01,0,0
2025-05-22 20:57:00,2025-05-22 22:01:00,64.0,2025-05-22,2025-05-22,2025,2025,5,5,Thursday,Thursday,1257,1321,3294.573,3294.777,3294.392,3294.61,3295.987,3296.489,3295.381,3296.255,P30_C35_D64,20:57,22:01,20:57,22:01,0,0
2025-05-27 20:57:00,2025-05-27 22:01:00,64.0,2025-05-27,2025-05-27,2025,2025,5,5,Tuesday,Tuesday,1257,1321,3300.32,3300.344,3299.935,3300.192,3301.447,3303.443,3301.411,3301.999,P30_C35_D64,20:57,22:01,20:57,22:01,0,0
2025-05-28 20:57:00,2025-05-28 22:01:00,64.0,2025-05-28,2025-05-28,2025,2025,5,5,Wednesday,Wednesday,1257,1321,3286.31,3287.136,3286.31,3286.656,3286.879,3289.496,3286.648,3289.496,P30_C35_D64,20:57,22:01,20:57,22:01,0,0
2025-05-29 20:57:00,2025-05-29 22:01:00,64.0,2025-05-29,2025-05-29,2025,2025,5,5,Thursday,Thursday,1257,1321,3317.94,3317.94,3317.388,3317.534,3320.033,3321.098,3319.566,3319.566,P30_C35_D64,20:57,22:01,20:57,22:01,0,0
2025-06-02 20:57:00,2025-06-02 22:01:00,64.0,2025-06-02,2025-06-02,2025,2025,6,6,Monday,Monday,1257,1321,3382.072,3382.129,3381.505,3381.794,3383.838,3384.682,3383.555,3384.502,P30_C35_D64,20:57,22:01,20:57,22:01,0,0
2025-06-03 20:57:00,2025-06-03 22:01:00,64.0,2025-06-03,2025-06-03,2025,2025,6,6,Tuesday,Tuesday,1257,1321,3353.596,3353.678,3353.288,3353.345,3355.807,3355.807,3354.837,3355.502,P30_C35_D64,20:57,22:01,20:57,22:01,0,0
2025-06-04 20:57:00,2025-06-04 22:01:00,64.0,2025-06-04,2025-06-04,2025,2025,6,6,Wednesday,Wednesday,1257,1321,3373.514,3374.002,3373.463,3373.808,3373.576,3373.745,3373.28,3373.606,P30_C35_D64,20:57,22:01,20:57,22:01,0,0
2025-06-05 20:57:00,2025-06-05 22:01:00,64.0,2025-06-05,2025-06-05,2025,2025,6,6,Thursday,Thursday,1257,1321,3352.91,3353.325,3352.41,3352.752,3354.17,3355.05,3353.168,3354.877,P30_C35_D64,20:57,22:01,20:57,22:01,0,0
2025-06-09 20:57:00,2025-06-09 22:02:00,65.0,2025-06-09,2025-06-09,2025,2025,6,6,Monday,Monday,1257,1322,3325.33,3325.685,3325.011,3325.683,3325.892,3325.892,3321.975,3322.153,P30_C35_D64,20:57,22:02,20:57,22:01,0,1
2025-06-10 20:57:00,2025-06-10 22:02:00,65.0,2025-06-10,2025-06-10,2025,2025,6,6,Tuesday,Tuesday,1257,1322,3322.598,3322.811,3322.355,3322.514,3321.278,3322.432,3321.258,3321.984,P30_C35_D64,20:57,22:02,20:57,22:01,0,1
2025-06-11 20:57:00,2025-06-11 22:02:00,65.0,2025-06-11,2025-06-11,2025,2025,6,6,Wednesday,Wednesday,1257,1322,3354.794,3355.672,3354.477,3355.508,3359.272,3359.476,3357.647,3357.703,P30_C35_D64,20:57,22:02,20:57,22:01,0,1
2025-06-12 20:57:00,2025-06-12 22:02:00,65.0,2025-06-12,2025-06-12,2025,2025,6,6,Thursday,Thursday,1257,1322,3386.605,3386.759,3385.813,3385.813,3385.856,3385.961,3384.497,3384.83,P30_C35_D64,20:57,22:02,20:57,22:01,0,1
2025-06-16 20:57:00,2025-06-16 22:02:00,65.0,2025-06-16,2025-06-16,2025,2025,6,6,Monday,Monday,1257,1322,3384.667,3385.646,3384.667,3384.922,3386.69,3387.392,3386.442,3387.345,P30_C35_D64,20:57,22:02,20:57,22:01,0,1
2025-06-17 20:57:00,2025-06-17 22:02:00,65.0,2025-06-17,2025-06-17,2025,2025,6,6,Tuesday,Tuesday,1257,1322,3389.056,3389.514,3388.476,3388.822,3392.82,3393.469,3392.275,3393.463,P30_C35_D64,20:57,22:02,20:57,22:01,0,1
2025-06-18 20:57:00,2025-06-18 22:02:00,65.0,2025-06-18,2025-06-18,2025,2025,6,6,Wednesday,Wednesday,1257,1322,3369.059,3369.118,3368.217,3368.518,3373.198,3374.196,3371.814,3371.814,P30_C35_D64,20:57,22:02,20:57,22:01,0,1
2025-06-23 20:57:00,2025-06-23 22:02:00,65.0,2025-06-23,2025-06-23,2025,2025,6,6,Monday,Monday,1257,1322,3368.861,3368.995,3368.122,3368.358,3365.986,3365.986,3361.93,3362.396,P30_C35_D64,20:57,22:02,20:57,22:01,0,1
2025-06-24 20:57:00,2025-06-24 22:02:00,65.0,2025-06-24,2025-06-24,2025,2025,6,6,Tuesday,Tuesday,1257,1322,3323.546,3323.652,3323.046,3323.086,3324.444,3324.444,3323.503,3323.753,P30_C35_D64,20:57,22:02,20:57,22:01,0,1
2025-06-25 20:57:00,2025-06-25 22:02:00,65.0,2025-06-25,2025-06-25,2025,2025,6,6,Wednesday,Wednesday,1257,1322,3332.455,3332.484,3332.066,3332.385,3335.125,3335.216,3334.634,3334.937,P30_C35_D64,20:57,22:02,20:57,22:01,0,1
2025-06-26 20:57:00,2025-06-26 22:02:00,65.0,2025-06-26,2025-06-26,2025,2025,6,6,Thursday,Thursday,1257,1322,3327.861,3328.401,3327.861,3328.219,3325.601,3325.842,3324.131,3324.385,P30_C35_D64,20:57,22:02,20:57,22:01,0,1
2025-06-30 20:57:00,2025-06-30 22:02:00,65.0,2025-06-30,2025-06-30,2025,2025,6,6,Monday,Monday,1257,1322,3303.067,3303.423,3303.01,3303.195,3302.878,3303.223,3302.782,3302.94,P30_C35_D64,20:57,22:02,20:57,22:01,0,1
2025-07-01 20:57:00,2025-07-01 22:02:00,65.0,2025-07-01,2025-07-01,2025,2025,7,7,Tuesday,Tuesday,1257,1322,3338.946,3339.072,3338.916,3338.959,3337.692,3338.36,3337.584,3338.333,P30_C35_D64,20:57,22:02,20:57,22:01,0,1
2025-07-02 20:57:00,2025-07-02 22:02:00,65.0,2025-07-02,2025-07-02,2025,2025,7,7,Wednesday,Wednesday,1257,1322,3357.244,3357.541,3357.088,3357.315,3358.427,3359.121,3358.424,3358.886,P30_C35_D64,20:57,22:02,20:57,22:01,0,1
2025-07-03 20:57:00,2025-07-03 22:02:00,65.0,2025-07-03,2025-07-03,2025,2025,7,7,Thursday,Thursday,1257,1322,3325.51,3326.687,3325.469,3326.687,3326.167,3326.227,3324.782,3324.823,P30_C35_D64,20:57,22:02,20:57,22:01,0,1
2025-07-07 20:57:00,2025-07-07 22:02:00,65.0,2025-07-07,2025-07-07,2025,2025,7,7,Monday,Monday,1257,1322,3337.112,3337.215,3336.468,3336.468,3340.98,3341.248,3340.196,3340.263,P30_C35_D64,20:57,22:02,20:57,22:01,0,1
2025-07-08 20:57:00,2025-07-08 22:02:00,65.0,2025-07-08,2025-07-08,2025,2025,7,7,Tuesday,Tuesday,1257,1322,3301.813,3301.914,3301.248,3301.488,3303.13,3303.388,3302.901,3303.295,P30_C35_D64,20:57,22:02,20:57,22:01,0,1
2025-07-09 20:57:00,2025-07-09 22:02:00,65.0,2025-07-09,2025-07-09,2025,2025,7,7,Wednesday,Wednesday,1257,1322,3314.023,3314.13,3313.595,3313.846,3315.255,3315.81,3314.721,3315.106,P30_C35_D64,20:57,22:02,20:57,22:01,0,1
2025-07-10 20:57:00,2025-07-10 22:02:00,65.0,2025-07-10,2025-07-10,2025,2025,7,7,Thursday,Thursday,1257,1322,3324.242,3324.54,3324.231,3324.489,3325.207,3326.002,3325.146,3325.89,P30_C35_D64,20:57,22:02,20:57,22:01,0,1
2025-07-14 20:57:00,2025-07-14 22:02:00,65.0,2025-07-14,2025-07-14,2025,2025,7,7,Monday,Monday,1257,1322,3342.692,3342.865,3342.376,3342.572,3343.583,3343.779,3343.427,3343.59,P30_C35_D64,20:57,22:02,20:57,22:01,0,1
2025-07-15 20:57:00,2025-07-15 22:02:00,65.0,2025-07-15,2025-07-15,2025,2025,7,7,Tuesday,Tuesday,1257,1322,3325.45,3325.499,3325.06,3325.267,3325.035,3325.708,3325.008,3325.708,P30_C35_D64,20:57,22:02,20:57,22:01,0,1
2025-07-16 20:57:00,2025-07-16 22:02:00,65.0,2025-07-16,2025-07-16,2025,2025,7,7,Wednesday,Wednesday,1257,1322,3347.122,3347.588,3346.946,3347.547,3350.161,3351.071,3350.161,3351.038,P30_C35_D64,20:57,22:02,20:57,22:01,0,1
2025-07-17 20:57:00,2025-07-17 22:02:00,65.0,2025-07-17,2025-07-17,2025,2025,7,7,Thursday,Thursday,1257,1322,3338.543,3338.733,3338.519,3338.733,3340.927,3341.049,3339.495,3339.825,P30_C35_D64,20:57,22:02,20:57,22:01,0,1
2025-07-21 20:57:00,2025-07-21 22:02:00,65.0,2025-07-21,2025-07-21,2025,2025,7,7,Monday,Monday,1257,1322,3397.399,3397.606,3397.272,3397.578,3399.028,3399.043,3398.12,3398.122,P30_C35_D64,20:57,22:02,20:57,22:01,0,1
2025-07-22 20:57:00,2025-07-22 22:02:00,65.0,2025-07-22,2025-07-22,2025,2025,7,7,Tuesday,Tuesday,1257,1322,3430.78,3431.421,3430.78,3431.203,3430.826,3431.025,3430.638,3430.931,P30_C35_D64,20:57,22:02,20:57,22:01,0,1
2025-07-23 20:57:00,2025-07-23 22:02:00,65.0,2025-07-23,2025-07-23,2025,2025,7,7,Wednesday,Wednesday,1257,1322,3388.038,3388.197,3386.121,3386.882,3391.108,3391.216,3390.575,3390.575,P30_C35_D64,20:57,22:02,20:57,22:01,0,1
2025-07-24 20:57:00,2025-07-24 22:02:00,65.0,2025-07-24,2025-07-24,2025,2025,7,7,Thursday,Thursday,1257,1322,3368.453,3368.651,3368.082,3368.152,3368.512,3368.925,3368.447,3368.734,P30_C35_D64,20:57,22:02,20:57,22:01,0,1
2025-07-28 20:57:00,2025-07-28 22:02:00,65.0,2025-07-28,2025-07-28,2025,2025,7,7,Monday,Monday,1257,1322,3314.71,3315.012,3314.71,3314.878,3313.217,3313.621,3312.917,3313.423,P30_C35_D64,20:57,22:02,20:57,22:01,0,1
2025-07-29 20:57:00,2025-07-29 22:02:00,65.0,2025-07-29,2025-07-29,2025,2025,7,7,Tuesday,Tuesday,1257,1322,3326.05,3326.474,3326.05,3326.474,3327.751,3328.095,3327.457,3327.943,P30_C35_D64,20:57,22:02,20:57,22:01,0,1
2025-07-30 20:57:00,2025-07-30 22:02:00,65.0,2025-07-30,2025-07-30,2025,2025,7,7,Wednesday,Wednesday,1257,1322,3275.367,3275.8,3275.044,3275.266,3274.201,3276.598,3274.201,3276.529,P30_C35_D64,20:57,22:02,20:57,22:01,0,1
2025-07-31 20:57:00,2025-07-31 22:02:00,65.0,2025-07-31,2025-07-31,2025,2025,7,7,Thursday,Thursday,1257,1322,3289.854,3290.735,3289.853,3290.735,3289.873,3291.016,3289.583,3290.885,P30_C35_D64,20:57,22:02,20:57,22:01,0,1
2025-08-04 20:57:00,2025-08-04 22:02:00,65.0,2025-08-04,2025-08-04,2025,2025,8,8,Monday,Monday,1257,1322,3373.631,3373.878,3373.615,3373.878,3375.404,3375.896,3374.525,3375.63,P30_C35_D64,20:57,22:02,20:57,22:01,0,1
2025-08-05 20:57:00,2025-08-05 22:02:00,65.0,2025-08-05,2025-08-05,2025,2025,8,8,Tuesday,Tuesday,1257,1322,3380.387,3380.941,3380.387,3380.799,3381.515,3381.515,3381.047,3381.319,P30_C35_D64,20:57,22:02,20:57,22:01,0,1
2025-08-06 20:57:00,2025-08-06 22:02:00,65.0,2025-08-06,2025-08-06,2025,2025,8,8,Wednesday,Wednesday,1257,1322,3368.63,3369.17,3368.512,3369.079,3371.635,3371.876,3371.529,3371.695,P30_C35_D64,20:57,22:02,20:57,22:01,0,1
2025-08-07 20:57:00,2025-08-07 22:02:00,65.0,2025-08-07,2025-08-07,2025,2025,8,8,Thursday,Thursday,1257,1322,3395.602,3396.63,3395.501,3396.399,3401.918,3402.368,3395.876,3399.089,P30_C35_D64,20:57,22:02,20:57,22:01,0,1
2025-08-11 20:57:00,2025-08-11 22:02:00,65.0,2025-08-11,2025-08-11,2025,2025,8,8,Monday,Monday,1257,1322,3343.108,3343.164,3342.861,3342.963,3343.475,3343.845,3343.213,3343.586,P30_C35_D64,20:57,22:02,20:57,22:01,0,1
2025-08-12 20:57:00,2025-08-12 22:02:00,65.0,2025-08-12,2025-08-12,2025,2025,8,8,Tuesday,Tuesday,1257,1322,3347.785,3348.057,3347.669,3348.056,3350.832,3351.558,3350.287,3350.493,P30_C35_D64,20:57,22:02,20:57,22:01,0,1
2025-08-13 20:57:00,2025-08-13 22:02:00,65.0,2025-08-13,2025-08-13,2025,2025,8,8,Wednesday,Wednesday,1257,1322,3355.918,3355.952,3355.61,3355.915,3358.408,3358.408,3357.085,3357.382,P30_C35_D64,20:57,22:02,20:57,22:01,0,1
2025-08-14 20:57:00,2025-08-14 22:02:00,65.0,2025-08-14,2025-08-14,2025,2025,8,8,Thursday,Thursday,1257,1322,3335.525,3335.61,3335.188,3335.312,3337.796,3337.796,3336.653,3337.104,P30_C35_D64,20:57,22:02,20:57,22:01,0,1
2025-08-18 20:57:00,2025-08-18 22:02:00,65.0,2025-08-18,2025-08-18,2025,2025,8,8,Monday,Monday,1257,1322,3332.996,3333.093,3332.668,3332.676,3333.777,3333.777,3333.507,3333.528,P30_C35_D64,20:57,22:02,20:57,22:01,0,1
2025-08-19 20:57:00,2025-08-19 22:02:00,65.0,2025-08-19,2025-08-19,2025,2025,8,8,Tuesday,Tuesday,1257,1322,3315.766,3315.855,3315.139,3315.311,3316.796,3316.809,3316.004,3316.078,P30_C35_D64,20:57,22:02,20:57,22:01,0,1
2025-08-20 20:57:00,2025-08-20 22:02:00,65.0,2025-08-20,2025-08-20,2025,2025,8,8,Wednesday,Wednesday,1257,1322,3348.438,3348.569,3348.071,3348.453,3350.438,3350.438,3349.631,3349.704,P30_C35_D64,20:57,22:02,20:57,22:01,0,1
2025-08-21 20:57:00,2025-08-21 22:02:00,65.0,2025-08-21,2025-08-21,2025,2025,8,8,Thursday,Thursday,1257,1322,3338.145,3338.676,3338.145,3338.676,3338.375,3338.927,3338.232,3338.524,P30_C35_D64,20:57,22:02,20:57,22:01,0,1
2025-08-25 20:57:00,2025-08-25 22:02:00,65.0,2025-08-25,2025-08-25,2025,2025,8,8,Monday,Monday,1257,1322,3365.768,3365.909,3365.501,3365.501,3365.597,3365.981,3365.569,3365.966,P30_C35_D64,20:57,22:02,20:57,22:01,0,1
2025-08-26 20:57:00,2025-08-26 22:02:00,65.0,2025-08-26,2025-08-26,2025,2025,8,8,Tuesday,Tuesday,1257,1322,3393.104,3393.583,3392.85,3393.583,3392.136,3392.241,3391.083,3391.44,P30_C35_D64,20:57,22:02,20:57,22:01,0,1
2025-08-27 20:57:00,2025-08-27 22:02:00,65.0,2025-08-27,2025-08-27,2025,2025,8,8,Wednesday,Wednesday,1257,1322,3397.948,3397.948,3397.062,3397.256,3398.497,3398.526,3397.462,3398.244,P30_C35_D64,20:57,22:02,20:57,22:01,0,1
2025-08-28 20:57:00,2025-08-28 22:02:00,65.0,2025-08-28,2025-08-28,2025,2025,8,8,Thursday,Thursday,1257,1322,3417.045,3417.149,3416.85,3417.012,3417.816,3418.467,3416.591,3417.265,P30_C35_D64,20:57,22:02,20:57,22:01,0,1
2025-09-02 20:57:00,2025-09-02 22:02:00,65.0,2025-09-02,2025-09-02,2025,2025,9,9,Tuesday,Tuesday,1257,1322,3534.864,3534.864,3533.543,3533.885,3531.828,3532.385,3531.791,3532.151,P30_C35_D64,20:57,22:02,20:57,22:01,0,1
2025-09-03 20:57:00,2025-09-03 22:02:00,65.0,2025-09-03,2025-09-03,2025,2025,9,9,Wednesday,Wednesday,1257,1322,3559.867,3559.903,3559.352,3559.616,3560.701,3561.251,3560.476,3560.964,P30_C35_D64,20:57,22:02,20:57,22:01,0,1
2025-09-04 20:57:00,2025-09-04 22:02:00,65.0,2025-09-04,2025-09-04,2025,2025,9,9,Thursday,Thursday,1257,1322,3545.199,3545.741,3544.964,3545.68,3544.605,3545.948,3544.605,3545.378,P30_C35_D64,20:57,22:02,20:57,22:01,0,1
2025-09-08 20:57:00,2025-09-08 22:02:00,65.0,2025-09-08,2025-09-08,2025,2025,9,9,Monday,Monday,1257,1322,3635.777,3635.784,3635.31,3635.352,3634.538,3636.942,3634.328,3636.46,P30_C35_D64,20:57,22:02,20:57,22:01,0,1
2025-09-09 20:57:00,2025-09-09 22:02:00,65.0,2025-09-09,2025-09-09,2025,2025,9,9,Tuesday,Tuesday,1257,1322,3626.95,3627.122,3626.631,3626.758,3625.128,3627.619,3625.09,3626.747,P30_C35_D64,20:57,22:02,20:57,22:01,0,1
2025-09-10 20:57:00,2025-09-10 22:02:00,65.0,2025-09-10,2025-09-10,2025,2025,9,9,Wednesday,Wednesday,1257,1322,3640.509,3640.674,3640.016,3640.016,3643.435,3643.813,3643.377,3643.492,P30_C35_D64,20:57,22:02,20:57,22:01,0,1
2025-09-11 20:57:00,2025-09-11 22:02:00,65.0,2025-09-11,2025-09-11,2025,2025,9,9,Thursday,Thursday,1257,1322,3633.232,3633.536,3633.176,3633.536,3634.833,3635.623,3634.833,3635.508,P30_C35_D64,20:57,22:02,20:57,22:01,0,1
2025-09-15 20:57:00,2025-09-15 22:02:00,65.0,2025-09-15,2025-09-15,2025,2025,9,9,Monday,Monday,1257,1322,3678.972,3679.159,3678.635,3679.02,3680.555,3680.605,3679.643,3679.965,P30_C35_D64,20:57,22:02,20:57,22:01,0,1
2025-09-16 20:57:00,2025-09-16 22:02:00,65.0,2025-09-16,2025-09-16,2025,2025,9,9,Tuesday,Tuesday,1257,1322,3689.866,3689.99,3689.44,3689.947,3691.231,3691.231,3690.309,3690.411,P30_C35_D64,20:57,22:02,20:57,22:01,0,1
2025-09-17 20:57:00,2025-09-17 22:02:00,65.0,2025-09-17,2025-09-17,2025,2025,9,9,Wednesday,Wednesday,1257,1322,3659.376,3659.677,3659.046,3659.677,3660.131,3660.255,3658.435,3658.468,P30_C35_D64,20:57,22:02,20:57,22:01,0,1
2025-09-18 20:57:00,2025-09-18 22:02:00,65.0,2025-09-18,2025-09-18,2025,2025,9,9,Thursday,Thursday,1257,1322,3644.576,3644.711,3644.087,3644.38,3643.34,3643.744,3643.037,3643.191,P30_C35_D64,20:57,22:02,20:57,22:01,0,1
2025-09-22 20:57:00,2025-09-22 22:02:00,65.0,2025-09-22,2025-09-22,2025,2025,9,9,Monday,Monday,1257,1322,3746.449,3747.056,3746.449,3746.967,3746.503,3746.503,3745.772,3746.085,P30_C35_D64,20:57,22:02,20:57,22:01,0,1
2025-09-23 20:57:00,2025-09-23 22:02:00,65.0,2025-09-23,2025-09-23,2025,2025,9,9,Tuesday,Tuesday,1257,1322,3764.67,3764.67,3763.806,3763.891,3766.672,3767.597,3765.427,3765.652,P30_C35_D64,20:57,22:02,20:57,22:01,0,1
2025-09-24 20:57:00,2025-09-24 22:02:00,65.0,2025-09-24,2025-09-24,2025,2025,9,9,Wednesday,Wednesday,1257,1322,3736.968,3737.309,3736.338,3736.431,3739.494,3740.508,3739.198,3740.119,P30_C35_D64,20:57,22:02,20:57,22:01,0,1
2025-09-25 20:57:00,2025-09-25 22:02:00,65.0,2025-09-25,2025-09-25,2025,2025,9,9,Thursday,Thursday,1257,1322,3749.994,3750.202,3749.42,3749.696,3748.251,3748.567,3748.085,3748.085,P30_C35_D64,20:57,22:02,20:57,22:01,0,1
2025-09-29 20:57:00,2025-09-29 22:02:00,65.0,2025-09-29,2025-09-29,2025,2025,9,9,Monday,Monday,1257,1322,3833.621,3834.025,3833.329,3833.974,3830.346,3831.751,3830.284,3831.751,P30_C35_D64,20:57,22:02,20:57,22:01,0,1
2025-09-30 20:57:00,2025-09-30 22:02:00,65.0,2025-09-30,2025-09-30,2025,2025,9,9,Tuesday,Tuesday,1257,1322,3859.392,3859.417,3858.857,3858.857,3857.224,3860.133,3856.803,3859.636,P30_C35_D64,20:57,22:02,20:57,22:01,0,1
2025-10-01 20:57:00,2025-10-01 22:02:00,65.0,2025-10-01,2025-10-01,2025,2025,10,10,Wednesday,Wednesday,1257,1322,3863.93,3864.616,3863.846,3864.616,3867.707,3867.766,3861.72,3863.963,P30_C35_D64,20:57,22:02,20:57,22:01,0,1
2025-10-02 20:57:00,2025-10-02 22:02:00,65.0,2025-10-02,2025-10-02,2025,2025,10,10,Thursday,Thursday,1257,1322,3854.959,3855.426,3854.9,3855.423,3856.811,3857.321,3856.55,3856.934,P30_C35_D64,20:57,22:02,20:57,22:01,0,1
2025-10-06 20:57:00,2025-10-06 22:02:00,65.0,2025-10-06,2025-10-06,2025,2025,10,10,Monday,Monday,1257,1322,3960.936,3961.158,3960.726,3961.114,3958.919,3961.216,3958.455,3960.781,P30_C35_D64,20:57,22:02,20:57,22:01,0,1
2025-10-07 20:57:00,2025-10-07 22:02:00,65.0,2025-10-07,2025-10-07,2025,2025,10,10,Tuesday,Tuesday,1257,1322,3984.751,3984.921,3984.316,3984.493,3983.622,3986.488,3983.44,3986.153,P30_C35_D64,20:57,22:02,20:57,22:01,0,1
2025-10-08 20:57:00,2025-10-08 22:02:00,65.0,2025-10-08,2025-10-08,2025,2025,10,10,Wednesday,Wednesday,1257,1322,4041.003,4041.923,4040.595,4041.764,4036.284,4038.291,4035.154,4035.737,P30_C35_D64,20:57,22:02,20:57,22:01,0,1
2025-10-09 20:57:00,2025-10-09 22:02:00,65.0,2025-10-09,2025-10-09,2025,2025,10,10,Thursday,Thursday,1257,1322,3975.768,3976.398,3975.436,3976.054,3981.265,3981.298,3976.717,3976.977,P30_C35_D64,20:57,22:02,20:57,22:01,0,1
2025-10-13 20:57:00,2025-10-13 22:02:00,65.0,2025-10-13,2025-10-13,2025,2025,10,10,Monday,Monday,1257,1322,4111.154,4111.439,4110.81,4111.336,4112.466,4113.844,4112.398,4112.803,P30_C35_D64,20:57,22:02,20:57,22:01,0,1
2025-10-14 20:57:00,2025-10-14 22:02:00,65.0,2025-10-14,2025-10-14,2025,2025,10,10,Tuesday,Tuesday,1257,1322,4143.527,4143.834,4143.177,4143.662,4143.875,4143.875,4141.607,4143.866,P30_C35_D64,20:57,22:02,20:57,22:01,0,1
2025-10-15 20:57:00,2025-10-15 22:02:00,65.0,2025-10-15,2025-10-15,2025,2025,10,10,Wednesday,Wednesday,1257,1322,4207.573,4208.398,4207.573,4208.285,4211.948,4212.956,4211.851,4212.242,P30_C35_D64,20:57,22:02,20:57,22:01,0,1
2025-10-16 20:57:00,2025-10-16 22:02:00,65.0,2025-10-16,2025-10-16,2025,2025,10,10,Thursday,Thursday,1257,1322,4326.607,4329.882,4326.206,4329.323,4345.115,4345.141,4341.106,4344.782,P30_C35_D64,20:57,22:02,20:57,22:01,0,1
2025-10-20 20:57:00,2025-10-20 22:02:00,65.0,2025-10-20,2025-10-20,2025,2025,10,10,Monday,Monday,1257,1322,4356.587,4357.038,4355.91,4356.042,4364.452,4366.128,4363.041,4365.655,P30_C35_D64,20:57,22:02,20:57,22:01,0,1
2025-10-21 20:57:00,2025-10-21 22:02:00,65.0,2025-10-21,2025-10-21,2025,2025,10,10,Tuesday,Tuesday,1257,1322,4126.311,4126.679,4125.044,4125.337,4132.096,4132.322,4129.301,4129.301,P30_C35_D64,20:57,22:02,20:57,22:01,0,1
2025-10-22 20:57:00,2025-10-22 22:02:00,65.0,2025-10-22,2025-10-22,2025,2025,10,10,Wednesday,Wednesday,1257,1322,4099.585,4101.017,4098.033,4098.347,4106.302,4112.268,4106.302,4109.252,P30_C35_D64,20:57,22:02,20:57,22:01,0,1
2025-10-23 20:57:00,2025-10-23 22:02:00,65.0,2025-10-23,2025-10-23,2025,2025,10,10,Thursday,Thursday,1257,1322,4125.004,4125.967,4124.124,4125.56,4131.889,4131.923,4128.931,4129.452,P30_C35_D64,20:57,22:02,20:57,22:01,0,1
2025-10-27 20:57:00,2025-10-27 22:02:00,65.0,2025-10-27,2025-10-27,2025,2025,10,10,Monday,Monday,1257,1322,3981.678,3983.456,3981.521,3982.549,3986.884,3992.985,3985.47,3992.519,P30_C35_D64,20:57,22:02,20:57,22:01,0,1
2025-10-28 20:57:00,2025-10-28 22:02:00,65.0,2025-10-28,2025-10-28,2025,2025,10,10,Tuesday,Tuesday,1257,1322,3951.273,3952.37,3951.273,3952.221,3957.342,3961.222,3956.94,3958.379,P30_C35_D64,20:57,22:02,20:57,22:01,0,1
2025-10-29 20:57:00,2025-10-29 22:02:00,65.0,2025-10-29,2025-10-29,2025,2025,10,10,Wednesday,Wednesday,1257,1322,3929.958,3931.151,3928.745,3928.745,3927.247,3927.441,3925.107,3925.842,P30_C35_D64,20:57,22:02,20:57,22:01,0,1
2025-10-30 20:57:00,2025-10-30 22:02:00,65.0,2025-10-30,2025-10-30,2025,2025,10,10,Thursday,Thursday,1257,1322,4025.859,4026.003,4024.417,4024.533,4023.522,4023.536,4022.311,4022.311,P30_C35_D64,20:57,22:02,20:57,22:01,0,1
2025-11-03 21:57:00,2025-11-03 23:00:00,63.0,2025-11-03,2025-11-03,2025,2025,11,11,Monday,Monday,1317,1380,4000.365,4000.751,3999.99,4000.684,4001.347,4002.963,4001.314,4002.963,P33_C39_D64,21:57,23:00,21:57,23:01,0,-1
2025-11-04 21:57:00,2025-11-04 23:00:00,63.0,2025-11-04,2025-11-04,2025,2025,11,11,Tuesday,Tuesday,1317,1380,3931.907,3932.201,3931.778,3932.139,3932.054,3934.223,3931.9,3933.915,P33_C39_D64,21:57,23:00,21:57,23:01,0,-1
2025-11-05 21:57:00,2025-11-05 23:00:00,63.0,2025-11-05,2025-11-05,2025,2025,11,11,Wednesday,Wednesday,1317,1380,3978.521,3979.143,3978.299,3979.101,3976.052,3977.396,3975.542,3977.217,P33_C39_D64,21:57,23:00,21:57,23:01,0,-1
2025-11-06 21:57:00,2025-11-06 23:00:00,63.0,2025-11-06,2025-11-06,2025,2025,11,11,Thursday,Thursday,1317,1380,3977.226,3977.676,3976.975,3977.032,3977.349,3977.349,3974.354,3975.258,P33_C39_D64,21:57,23:00,21:57,23:01,0,-1
2025-11-10 21:57:00,2025-11-10 23:00:00,63.0,2025-11-10,2025-11-10,2025,2025,11,11,Monday,Monday,1317,1380,4115.598,4115.744,4115.379,4115.691,4115.42,4116.708,4114.901,4116.314,P33_C39_D64,21:57,23:00,21:57,23:01,0,-1
2025-11-11 21:57:00,2025-11-11 23:00:00,63.0,2025-11-11,2025-11-11,2025,2025,11,11,Tuesday,Tuesday,1317,1380,4127.379,4127.379,4126.451,4126.546,4127.6,4130.542,4127.33,4130.162,P33_C39_D64,21:57,23:00,21:57,23:01,0,-1
2025-11-12 21:57:00,2025-11-12 23:00:00,63.0,2025-11-12,2025-11-12,2025,2025,11,11,Wednesday,Wednesday,1317,1380,4194.488,4194.973,4194.352,4194.486,4203.503,4204.805,4201.882,4203.336,P33_C39_D64,21:57,23:00,21:57,23:01,0,-1
2025-11-13 21:57:00,2025-11-13 23:00:00,63.0,2025-11-13,2025-11-13,2025,2025,11,11,Thursday,Thursday,1317,1380,4172.779,4173.03,4171.275,4171.534,4170.27,4172.458,4170.197,4172.458,P33_C39_D64,21:57,23:00,21:57,23:01,0,-1
2025-11-17 21:57:00,2025-11-17 23:00:00,63.0,2025-11-17,2025-11-17,2025,2025,11,11,Monday,Monday,1317,1380,4045.522,4046.281,4045.214,4045.789,4049.919,4050.067,4048.967,4050.067,P33_C39_D64,21:57,23:00,21:57,23:01,0,-1
2025-11-18 21:57:00,2025-11-18 23:00:00,63.0,2025-11-18,2025-11-18,2025,2025,11,11,Tuesday,Tuesday,1317,1380,4066.762,4067.635,4066.625,4067.233,4067.811,4069.886,4067.755,4068.968,P33_C39_D64,21:57,23:00,21:57,23:01,0,-1
2025-11-19 21:57:00,2025-11-19 23:00:00,63.0,2025-11-19,2025-11-19,2025,2025,11,11,Wednesday,Wednesday,1317,1380,4078.036,4078.667,4077.828,4077.89,4080.006,4080.938,4079.886,4080.655,P33_C39_D64,21:57,23:00,21:57,23:01,0,-1
2025-11-20 21:57:00,2025-11-20 23:00:00,63.0,2025-11-20,2025-11-20,2025,2025,11,11,Thursday,Thursday,1317,1380,4077.637,4078.196,4077.08,4077.134,4076.391,4077.534,4075.458,4075.678,P33_C39_D64,21:57,23:00,21:57,23:01,0,-1
2025-11-24 21:57:00,2025-11-24 23:00:00,63.0,2025-11-24,2025-11-24,2025,2025,11,11,Monday,Monday,1317,1380,4135.287,4135.644,4133.618,4134.086,4134.311,4134.574,4134.175,4134.574,P33_C39_D64,21:57,23:00,21:57,23:01,0,-1
2025-11-25 21:57:00,2025-11-25 23:00:00,63.0,2025-11-25,2025-11-25,2025,2025,11,11,Tuesday,Tuesday,1317,1380,4129.818,4130.939,4129.818,4130.768,4132.695,4132.788,4132.207,4132.749,P33_C39_D64,21:57,23:00,21:57,23:01,0,-1
2025-11-26 21:57:00,2025-11-26 23:00:00,63.0,2025-11-26,2025-11-26,2025,2025,11,11,Wednesday,Wednesday,1317,1380,4164.039,4164.178,4163.447,4163.971,4164.682,4165.433,4164.355,4165.433,P33_C39_D64,21:57,23:00,21:57,23:01,0,-1
2025-12-01 21:57:00,2025-12-01 23:00:00,63.0,2025-12-01,2025-12-01,2025,2025,12,12,Monday,Monday,1317,1380,4232.538,4232.873,4231.224,4231.914,4231.662,4231.763,4229.033,4229.42,P33_C39_D64,21:57,23:00,21:57,23:01,0,-1
2025-12-02 21:57:00,2025-12-02 23:00:00,63.0,2025-12-02,2025-12-02,2025,2025,12,12,Tuesday,Tuesday,1317,1380,4205.838,4206.227,4205.442,4205.868,4207.69,4207.69,4206.953,4207.079,P33_C39_D64,21:57,23:00,21:57,23:01,0,-1
2025-12-03 21:57:00,2025-12-03 23:00:00,63.0,2025-12-03,2025-12-03,2025,2025,12,12,Wednesday,Wednesday,1317,1380,4204.428,4205.27,4202.716,4202.718,4205.117,4206.302,4204.878,4205.634,P33_C39_D64,21:57,23:00,21:57,23:01,0,-1
2025-12-04 21:57:00,2025-12-04 23:00:00,63.0,2025-12-04,2025-12-04,2025,2025,12,12,Thursday,Thursday,1317,1380,4208.484,4208.714,4208.401,4208.601,4208.515,4208.917,4207.695,4207.816,P33_C39_D64,21:57,23:00,21:57,23:01,0,-1
2025-12-08 21:57:00,2025-12-08 23:00:00,63.0,2025-12-08,2025-12-08,2025,2025,12,12,Monday,Monday,1317,1380,4189.501,4190.853,4189.383,4190.613,4190.08,4191.523,4190.08,4191.411,P33_C39_D64,21:57,23:00,21:57,23:01,0,-1
2025-12-09 21:57:00,2025-12-09 23:00:00,63.0,2025-12-09,2025-12-09,2025,2025,12,12,Tuesday,Tuesday,1317,1380,4208.122,4208.642,4207.954,4208.54,4208.207,4209.776,4208.207,4209.776,P33_C39_D64,21:57,23:00,21:57,23:01,0,-1
2025-12-10 21:57:00,2025-12-10 23:00:00,63.0,2025-12-10,2025-12-10,2025,2025,12,12,Wednesday,Wednesday,1317,1380,4226.973,4229.177,4226.973,4228.57,4230.162,4230.191,4230.111,4230.111,P33_C39_D64,21:57,23:00,21:57,23:01,0,-1
2025-12-15 21:57:00,2025-12-15 23:00:00,63.0,2025-12-15,2025-12-15,2025,2025,12,12,Monday,Monday,1317,1380,4305.788,4305.936,4305.472,4305.498,4307.392,4308.192,4307.253,4307.74,P33_C39_D64,21:57,23:00,21:57,23:01,0,-1
2025-12-16 21:57:00,2025-12-16 23:00:00,63.0,2025-12-16,2025-12-16,2025,2025,12,12,Tuesday,Tuesday,1317,1380,4302.055,4302.633,4302.055,4302.417,4302.935,4302.935,4301.782,4301.782,P33_C39_D64,21:57,23:00,21:57,23:01,0,-1
2025-12-17 21:57:00,2025-12-17 23:00:00,63.0,2025-12-17,2025-12-17,2025,2025,12,12,Wednesday,Wednesday,1317,1380,4338.853,4339.071,4338.27,4338.459,4340.111,4340.111,4339.827,4339.869,P33_C39_D64,21:57,23:00,21:57,23:01,0,-1
2025-12-18 21:57:00,2025-12-18 23:02:00,65.0,2025-12-18,2025-12-18,2025,2025,12,12,Thursday,Thursday,1317,1382,4332.517,4332.595,4331.997,4332.274,4335.742,4335.907,4335.667,4335.742,P33_C39_D64,21:57,23:02,21:57,23:01,0,1
2025-12-22 21:57:00,2025-12-22 23:00:00,63.0,2025-12-22,2025-12-22,2025,2025,12,12,Monday,Monday,1317,1380,4443.615,4444.008,4443.424,4443.705,4447.549,4448.0,4446.949,4448.0,P33_C39_D64,21:57,23:00,21:57,23:01,0,-1
2025-12-23 21:57:00,2025-12-23 23:01:00,64.0,2025-12-23,2025-12-23,2025,2025,12,12,Tuesday,Tuesday,1317,1381,4485.4,4485.606,4484.49,4484.991,4487.444,4488.704,4486.745,4488.694,P33_C39_D64,21:57,23:01,21:57,23:01,0,0
2025-12-29 21:57:00,2025-12-29 23:02:00,65.0,2025-12-29,2025-12-29,2025,2025,12,12,Monday,Monday,1317,1382,4331.025,4331.591,4330.737,4331.546,4339.166,4339.166,4337.573,4338.864,P33_C39_D64,21:57,23:02,21:57,23:01,0,1
2025-12-30 21:57:00,2025-12-30 23:00:00,63.0,2025-12-30,2025-12-30,2025,2025,12,12,Tuesday,Tuesday,1317,1380,4336.796,4338.759,4334.786,4338.759,4343.52,4343.953,4343.417,4343.561,P33_C39_D64,21:57,23:00,21:57,23:01,0,-1
2026-01-06 21:57:00,2026-01-06 23:01:00,64.0,2026-01-06,2026-01-06,2026,2026,1,1,Tuesday,Tuesday,1317,1381,4494.456,4494.839,4494.081,4494.6,4498.082,4498.227,4497.76,4497.808,P33_C39_D64,21:57,23:01,21:57,23:01,0,0
2026-01-07 21:57:00,2026-01-07 23:01:00,64.0,2026-01-07,2026-01-07,2026,2026,1,1,Wednesday,Wednesday,1317,1381,4455.138,4455.734,4454.657,4455.734,4459.787,4461.193,4459.787,4460.854,P33_C39_D64,21:57,23:01,21:57,23:01,0,0
2026-01-08 21:57:00,2026-01-08 23:01:00,64.0,2026-01-08,2026-01-08,2026,2026,1,1,Thursday,Thursday,1317,1381,4476.739,4477.453,4476.713,4477.366,4482.004,4482.371,4481.369,4482.371,P33_C39_D64,21:57,23:01,21:57,23:01,0,0
2026-01-12 21:57:00,2026-01-12 23:01:00,64.0,2026-01-12,2026-01-12,2026,2026,1,1,Monday,Monday,1317,1381,4595.304,4597.295,4594.885,4596.711,4600.673,4602.349,4599.477,4602.349,P33_C39_D64,21:57,23:01,21:57,23:01,0,0
2026-01-13 21:57:00,2026-01-13 23:01:00,64.0,2026-01-13,2026-01-13,2026,2026,1,1,Tuesday,Tuesday,1317,1381,4586.955,4587.227,4586.145,4586.552,4590.721,4591.916,4590.682,4591.772,P33_C39_D64,21:57,23:01,21:57,23:01,0,0
2026-01-15 21:57:00,2026-01-15 23:01:00,64.0,2026-01-15,2026-01-15,2026,2026,1,1,Thursday,Thursday,1317,1381,4615.445,4615.703,4614.77,4615.67,4618.11,4619.685,4617.926,4619.463,P33_C39_D64,21:57,23:01,21:57,23:01,0,0
2026-01-20 21:57:00,2026-01-20 23:00:00,63.0,2026-01-20,2026-01-20,2026,2026,1,1,Tuesday,Tuesday,1317,1380,4762.917,4763.444,4762.432,4763.376,4762.604,4762.604,4760.38,4761.759,P33_C39_D64,21:57,23:00,21:57,23:01,0,-1
2026-01-21 21:57:00,2026-01-21 23:01:00,64.0,2026-01-21,2026-01-21,2026,2026,1,1,Wednesday,Wednesday,1317,1381,4829.821,4829.862,4828.074,4828.746,4831.025,4831.112,4825.964,4826.422,P33_C39_D64,21:57,23:01,21:57,23:01,0,0
2026-01-22 21:57:00,2026-01-22 23:00:00,63.0,2026-01-22,2026-01-22,2026,2026,1,1,Thursday,Thursday,1317,1380,4939.212,4939.682,4936.22,4936.22,4944.346,4945.287,4943.92,4945.049,P33_C39_D64,21:57,23:00,21:57,23:01,0,-1
2026-01-26 21:57:00,2026-01-26 23:01:00,64.0,2026-01-26,2026-01-26,2026,2026,1,1,Monday,Monday,1317,1381,5008.512,5010.234,5006.078,5009.206,5029.858,5030.436,5026.387,5026.387,P33_C39_D64,21:57,23:01,21:57,23:01,0,0
2026-01-28 21:57:00,2026-01-28 23:01:00,64.0,2026-01-28,2026-01-28,2026,2026,1,1,Wednesday,Wednesday,1317,1381,5414.951,5417.587,5414.117,5417.508,5448.139,5453.264,5447.486,5451.211,P33_C39_D64,21:57,23:01,21:57,23:01,0,0
2026-01-29 21:57:00,2026-01-29 23:01:00,64.0,2026-01-29,2026-01-29,2026,2026,1,1,Thursday,Thursday,1317,1381,5376.914,5379.361,5374.608,5377.505,5400.815,5404.101,5394.868,5404.101,P33_C39_D64,21:57,23:01,21:57,23:01,0,0
2026-02-02 21:57:00,2026-02-02 23:01:00,64.0,2026-02-02,2026-02-02,2026,2026,2,2,Monday,Monday,1317,1381,4656.147,4658.386,4654.711,4658.154,4685.104,4691.323,4681.962,4689.971,P33_C39_D64,21:57,23:01,21:57,23:01,0,0
2026-02-03 21:57:00,2026-02-03 23:01:00,64.0,2026-02-03,2026-02-03,2026,2026,2,2,Tuesday,Tuesday,1317,1381,4943.606,4947.134,4943.445,4946.436,4958.639,4962.665,4956.78,4960.73,P33_C39_D64,21:57,23:01,21:57,23:01,0,0
2026-02-04 21:57:00,2026-02-04 23:01:00,64.0,2026-02-04,2026-02-04,2026,2026,2,2,Wednesday,Wednesday,1317,1381,4965.105,4966.51,4964.911,4965.131,4969.573,4988.239,4968.927,4988.055,P33_C39_D64,21:57,23:01,21:57,23:01,0,0
2026-02-05 21:57:00,2026-02-05 23:01:00,64.0,2026-02-05,2026-02-05,2026,2026,2,2,Thursday,Thursday,1317,1381,4776.022,4779.669,4773.864,4776.808,4761.196,4763.036,4759.434,4761.731,P33_C39_D64,21:57,23:01,21:57,23:01,0,0
2026-02-09 21:57:00,2026-02-09 23:02:00,65.0,2026-02-09,2026-02-09,2026,2026,2,2,Monday,Monday,1317,1382,5062.174,5062.174,5058.882,5060.096,5072.023,5074.042,5069.144,5074.042,P33_C39_D64,21:57,23:02,21:57,23:01,0,1
2026-02-10 21:57:00,2026-02-10 23:01:00,64.0,2026-02-10,2026-02-10,2026,2026,2,2,Tuesday,Tuesday,1317,1381,5022.428,5023.056,5021.666,5023.056,5027.302,5036.158,5027.302,5032.878,P33_C39_D64,21:57,23:01,21:57,23:01,0,0
2026-02-11 21:57:00,2026-02-11 23:02:00,65.0,2026-02-11,2026-02-11,2026,2026,2,2,Wednesday,Wednesday,1317,1382,5081.762,5083.857,5081.712,5082.469,5099.351,5100.174,5097.024,5099.809,P33_C39_D64,21:57,23:02,21:57,23:01,0,1
2026-02-12 21:57:00,2026-02-12 23:00:00,63.0,2026-02-12,2026-02-12,2026,2026,2,2,Thursday,Thursday,1317,1380,4922.344,4922.822,4921.726,4922.31,4893.07,4894.21,4888.009,4889.183,P33_C39_D64,21:57,23:00,21:57,23:01,0,-1
2026-02-17 21:57:00,2026-02-17 23:02:00,65.0,2026-02-17,2026-02-17,2026,2026,2,2,Tuesday,Tuesday,1317,1382,4877.12,4879.552,4877.039,4878.075,4863.066,4867.885,4859.957,4867.885,P33_C39_D64,21:57,23:02,21:57,23:01,0,1
2026-02-18 21:57:00,2026-02-18 23:01:00,64.0,2026-02-18,2026-02-18,2026,2026,2,2,Wednesday,Wednesday,1317,1381,4977.01,4977.454,4976.192,4976.302,4974.301,4976.813,4961.014,4968.179,P33_C39_D64,21:57,23:01,21:57,23:01,0,0
2026-02-19 21:57:00,2026-02-19 23:01:00,64.0,2026-02-19,2026-02-19,2026,2026,2,2,Thursday,Thursday,1317,1381,4995.248,4996.391,4995.164,4996.391,4997.078,5001.443,4995.763,5000.335,P33_C39_D64,21:57,23:01,21:57,23:01,0,0
2026-02-23 21:57:00,2026-02-23 23:00:00,63.0,2026-02-23,2026-02-23,2026,2026,2,2,Monday,Monday,1317,1380,5229.381,5229.486,5226.983,5227.956,5226.126,5232.203,5226.126,5231.208,P33_C39_D64,21:57,23:00,21:57,23:01,0,-1
2026-02-25 21:57:00,2026-02-25 23:00:00,63.0,2026-02-25,2026-02-25,2026,2026,2,2,Wednesday,Wednesday,1317,1380,5168.862,5170.495,5167.885,5169.234,5164.994,5165.729,5164.994,5165.641,P33_C39_D64,21:57,23:00,21:57,23:01,0,-1
2026-02-26 21:57:00,2026-02-26 23:01:00,64.0,2026-02-26,2026-02-26,2026,2026,2,2,Thursday,Thursday,1317,1381,5186.01,5186.314,5184.298,5185.057,5187.973,5188.274,5181.886,5181.9,P33_C39_D64,21:57,23:01,21:57,23:01,0,0
2026-03-02 21:57:00,2026-03-02 23:00:00,63.0,2026-03-02,2026-03-02,2026,2026,3,3,Monday,Monday,1317,1380,5324.154,5324.276,5322.016,5322.016,5332.709,5332.713,5331.085,5331.147,P33_C39_D64,21:57,23:00,21:57,23:01,0,-1
2026-03-03 21:57:00,2026-03-03 23:01:00,64.0,2026-03-03,2026-03-03,2026,2026,3,3,Tuesday,Tuesday,1317,1381,5090.31,5091.212,5089.624,5090.441,5110.82,5113.899,5087.956,5093.06,P33_C39_D64,21:57,23:01,21:57,23:01,0,0
2026-03-04 21:57:00,2026-03-04 23:00:00,63.0,2026-03-04,2026-03-04,2026,2026,3,3,Wednesday,Wednesday,1317,1380,5140.97,5140.97,5138.966,5139.255,5149.146,5150.722,5149.146,5149.847,P33_C39_D64,21:57,23:00,21:57,23:01,0,-1
2026-03-09 20:57:00,2026-03-09 22:00:00,63.0,2026-03-09,2026-03-09,2026,2026,3,3,Monday,Monday,1257,1320,5137.015,5138.404,5136.743,5137.505,5148.175,5149.868,5148.175,5148.972,P30_C35_D64,20:57,22:00,20:57,22:01,0,-1
2026-03-10 20:57:00,2026-03-10 22:01:00,64.0,2026-03-10,2026-03-10,2026,2026,3,3,Tuesday,Tuesday,1257,1321,5193.442,5194.001,5192.758,5192.777,5191.583,5191.868,5189.253,5189.253,P30_C35_D64,20:57,22:01,20:57,22:01,0,0
2026-03-11 20:57:00,2026-03-11 22:02:00,65.0,2026-03-11,2026-03-11,2026,2026,3,3,Wednesday,Wednesday,1257,1322,5177.154,5177.938,5177.154,5177.193,5181.01,5182.386,5181.002,5181.727,P30_C35_D64,20:57,22:02,20:57,22:01,0,1
2026-03-12 20:57:00,2026-03-12 22:01:00,64.0,2026-03-12,2026-03-12,2026,2026,3,3,Thursday,Thursday,1257,1321,5077.612,5080.123,5077.612,5079.926,5077.985,5078.237,5072.639,5075.053,P30_C35_D64,20:57,22:01,20:57,22:01,0,0
2026-03-16 20:57:00,2026-03-16 22:00:00,63.0,2026-03-16,2026-03-16,2026,2026,3,3,Monday,Monday,1257,1320,5007.124,5007.849,5005.719,5006.368,5007.59,5010.897,5007.407,5010.681,P30_C35_D64,20:57,22:00,20:57,22:01,0,-1
2026-03-17 20:57:00,2026-03-17 22:01:00,64.0,2026-03-17,2026-03-17,2026,2026,3,3,Tuesday,Tuesday,1257,1321,5002.313,5003.454,5001.902,5003.071,5004.017,5004.017,5003.915,5003.915,P30_C35_D64,20:57,22:01,20:57,22:01,0,0
2026-03-18 20:57:00,2026-03-18 22:00:00,63.0,2026-03-18,2026-03-18,2026,2026,3,3,Wednesday,Wednesday,1257,1320,4817.846,4819.069,4816.658,4818.484,4828.12,4828.467,4826.471,4828.467,P30_C35_D64,20:57,22:00,20:57,22:01,0,-1
2026-03-19 20:57:00,2026-03-19 22:01:00,64.0,2026-03-19,2026-03-19,2026,2026,3,3,Thursday,Thursday,1257,1321,4656.456,4658.568,4655.799,4657.545,4657.69,4658.084,4657.421,4657.777,P30_C35_D64,20:57,22:01,20:57,22:01,0,0
2026-03-23 20:57:00,2026-03-23 22:01:00,64.0,2026-03-23,2026-03-23,2026,2026,3,3,Monday,Monday,1257,1321,4405.69,4406.606,4405.041,4406.572,4419.637,4420.67,4414.278,4418.106,P30_C35_D64,20:57,22:01,20:57,22:01,0,0
2026-03-24 20:57:00,2026-03-24 22:00:00,63.0,2026-03-24,2026-03-24,2026,2026,3,3,Tuesday,Tuesday,1257,1320,4475.46,4477.525,4474.159,4476.783,4479.705,4480.319,4477.613,4477.613,P30_C35_D64,20:57,22:00,20:57,22:01,0,-1
2026-03-25 20:57:00,2026-03-25 22:00:00,63.0,2026-03-25,2026-03-25,2026,2026,3,3,Wednesday,Wednesday,1257,1320,4505.814,4505.982,4503.439,4505.842,4517.896,4517.896,4517.566,4517.566,P30_C35_D64,20:57,22:00,20:57,22:01,0,-1
2026-03-26 20:57:00,2026-03-26 22:01:00,64.0,2026-03-26,2026-03-26,2026,2026,3,3,Thursday,Thursday,1257,1321,4381.083,4381.313,4379.225,4380.965,4382.101,4383.683,4381.936,4383.47,P30_C35_D64,20:57,22:01,20:57,22:01,0,0
2026-03-30 20:57:00,2026-03-30 22:00:00,63.0,2026-03-30,2026-03-30,2026,2026,3,3,Monday,Monday,1257,1320,4509.788,4511.312,4509.502,4511.261,4513.942,4514.96,4513.942,4514.511,P30_C35_D64,20:57,22:00,20:57,22:01,0,-1
2026-03-31 20:57:00,2026-03-31 22:00:00,63.0,2026-03-31,2026-03-31,2026,2026,3,3,Tuesday,Tuesday,1257,1320,4667.41,4668.642,4666.432,4668.238,4681.631,4681.682,4681.394,4681.682,P30_C35_D64,20:57,22:00,20:57,22:01,0,-1
2026-04-06 20:57:00,2026-04-06 22:01:00,64.0,2026-04-06,2026-04-06,2026,2026,4,4,Monday,Monday,1257,1321,4651.998,4652.135,4648.982,4649.944,4661.087,4664.13,4660.547,4664.13,P30_C35_D64,20:57,22:01,20:57,22:01,0,0
2026-04-07 20:57:00,2026-04-07 22:01:00,64.0,2026-04-07,2026-04-07,2026,2026,4,4,Tuesday,Tuesday,1257,1321,4711.486,4711.486,4705.819,4706.301,4740.729,4744.698,4734.029,4743.215,P30_C35_D64,20:57,22:01,20:57,22:01,0,0
2026-04-08 20:57:00,2026-04-08 22:01:00,64.0,2026-04-08,2026-04-08,2026,2026,4,4,Wednesday,Wednesday,1257,1321,4720.352,4720.826,4718.86,4719.435,4729.081,4729.945,4728.842,4728.842,P30_C35_D64,20:57,22:01,20:57,22:01,0,0
2026-04-09 20:57:00,2026-04-09 22:01:00,64.0,2026-04-09,2026-04-09,2026,2026,4,4,Thursday,Thursday,1257,1321,4766.948,4767.015,4765.039,4765.039,4779.021,4779.455,4771.32,4771.538,P30_C35_D64,20:57,22:01,20:57,22:01,0,0
2026-04-13 20:57:00,2026-04-13 22:01:00,64.0,2026-04-13,2026-04-13,2026,2026,4,4,Monday,Monday,1257,1321,4740.894,4741.818,4740.894,4741.1,4750.803,4750.803,4750.803,4750.803,P30_C35_D64,20:57,22:01,20:57,22:01,0,0
2026-04-14 20:57:00,2026-04-14 22:01:00,64.0,2026-04-14,2026-04-14,2026,2026,4,4,Tuesday,Tuesday,1257,1321,4841.745,4841.933,4840.206,4840.739,4839.629,4841.836,4838.166,4839.161,P30_C35_D64,20:57,22:01,20:57,22:01,0,0
2026-04-15 20:57:00,2026-04-15 22:02:00,65.0,2026-04-15,2026-04-15,2026,2026,4,4,Wednesday,Wednesday,1257,1322,4790.436,4791.313,4790.13,4791.166,4797.162,4797.608,4793.66,4795.514,P30_C35_D64,20:57,22:02,20:57,22:01,0,1
2026-04-16 20:57:00,2026-04-16 22:00:00,63.0,2026-04-16,2026-04-16,2026,2026,4,4,Thursday,Thursday,1257,1320,4789.582,4790.414,4789.543,4790.146,4794.579,4794.579,4793.861,4794.289,P30_C35_D64,20:57,22:00,20:57,22:01,0,-1
2026-04-20 20:57:00,2026-04-20 22:00:00,63.0,2026-04-20,2026-04-20,2026,2026,4,4,Monday,Monday,1257,1320,4821.154,4821.469,4820.573,4820.814,4827.606,4828.305,4822.036,4823.199,P30_C35_D64,20:57,22:00,20:57,22:01,0,-1
2026-04-21 20:57:00,2026-04-21 22:00:00,63.0,2026-04-21,2026-04-21,2026,2026,4,4,Tuesday,Tuesday,1257,1320,4718.081,4719.379,4718.081,4718.807,4719.794,4722.163,4718.931,4721.567,P30_C35_D64,20:57,22:00,20:57,22:01,0,-1
2026-04-22 20:57:00,2026-04-22 22:00:00,63.0,2026-04-22,2026-04-22,2026,2026,4,4,Wednesday,Wednesday,1257,1320,4739.553,4739.839,4739.409,4739.5,4744.802,4745.479,4744.792,4745.469,P30_C35_D64,20:57,22:00,20:57,22:01,0,-1
2026-04-23 20:57:00,2026-04-23 22:01:00,64.0,2026-04-23,2026-04-23,2026,2026,4,4,Thursday,Thursday,1257,1321,4692.807,4693.29,4692.492,4692.968,4699.581,4700.028,4694.627,4696.747,P30_C35_D64,20:57,22:01,20:57,22:01,0,0
2026-04-27 20:57:00,2026-04-27 22:01:00,64.0,2026-04-27,2026-04-27,2026,2026,4,4,Monday,Monday,1257,1321,4679.05,4680.054,4679.043,4680.054,4684.202,4684.874,4683.23,4683.485,P30_C35_D64,20:57,22:01,20:57,22:01,0,0
2026-04-28 20:57:00,2026-04-28 22:01:00,64.0,2026-04-28,2026-04-28,2026,2026,4,4,Tuesday,Tuesday,1257,1321,4595.587,4596.594,4595.587,4596.512,4598.249,4598.36,4596.438,4597.261,P30_C35_D64,20:57,22:01,20:57,22:01,0,0
2026-04-29 20:57:00,2026-04-29 22:01:00,64.0,2026-04-29,2026-04-29,2026,2026,4,4,Wednesday,Wednesday,1257,1321,4543.24,4543.794,4543.012,4543.688,4542.801,4543.384,4542.337,4543.019,P30_C35_D64,20:57,22:01,20:57,22:01,0,0
2026-04-30 20:57:00,2026-04-30 22:01:00,64.0,2026-04-30,2026-04-30,2026,2026,4,4,Thursday,Thursday,1257,1321,4621.623,4622.063,4620.446,4620.68,4627.631,4630.975,4627.112,4628.638,P30_C35_D64,20:57,22:01,20:57,22:01,0,0
2026-05-04 20:57:00,2026-05-04 22:01:00,64.0,2026-05-04,2026-05-04,2026,2026,5,5,Monday,Monday,1257,1321,4521.924,4523.449,4521.924,4523.449,4522.483,4524.386,4522.483,4524.123,P30_C35_D64,20:57,22:01,20:57,22:01,0,0
2026-05-05 20:57:00,2026-05-05 22:01:00,64.0,2026-05-05,2026-05-05,2026,2026,5,5,Tuesday,Tuesday,1257,1321,4556.765,4557.072,4556.133,4556.337,4554.889,4555.071,4553.048,4554.223,P30_C35_D64,20:57,22:01,20:57,22:01,0,0
2026-05-06 20:57:00,2026-05-06 22:01:00,64.0,2026-05-06,2026-05-06,2026,2026,5,5,Wednesday,Wednesday,1257,1321,4691.784,4691.982,4690.341,4690.826,4693.431,4693.726,4693.05,4693.573,P30_C35_D64,20:57,22:01,20:57,22:01,0,0
2026-05-07 20:57:00,2026-05-07 22:01:00,64.0,2026-05-07,2026-05-07,2026,2026,5,5,Thursday,Thursday,1257,1321,4688.652,4689.144,4686.284,4688.502,4688.865,4690.537,4687.152,4689.957,P30_C35_D64,20:57,22:01,20:57,22:01,0,0
2026-05-11 20:57:00,2026-05-11 22:01:00,64.0,2026-05-11,2026-05-11,2026,2026,5,5,Monday,Monday,1257,1321,4734.822,4735.318,4734.656,4735.189,4739.492,4740.969,4739.492,4740.66,P30_C35_D64,20:57,22:01,20:57,22:01,0,0
2026-05-12 20:57:00,2026-05-12 22:00:00,63.0,2026-05-12,2026-05-12,2026,2026,5,5,Tuesday,Tuesday,1257,1320,4714.489,4715.307,4714.417,4715.175,4716.94,4717.672,4716.443,4716.443,P30_C35_D64,20:57,22:00,20:57,22:01,0,-1
2026-05-13 20:57:00,2026-05-13 22:00:00,63.0,2026-05-13,2026-05-13,2026,2026,5,5,Wednesday,Wednesday,1257,1320,4688.959,4689.161,4688.806,4688.835,4691.695,4692.517,4690.84,4692.475,P30_C35_D64,20:57,22:00,20:57,22:01,0,-1
2026-05-14 20:57:00,2026-05-14 22:00:00,63.0,2026-05-14,2026-05-14,2026,2026,5,5,Thursday,Thursday,1257,1320,4651.328,4652.026,4651.114,4651.36,4651.777,4652.095,4648.219,4649.717,P30_C35_D64,20:57,22:00,20:57,22:01,0,-1
2026-05-18 20:57:00,2026-05-18 22:00:00,63.0,2026-05-18,2026-05-18,2026,2026,5,5,Monday,Monday,1257,1320,4565.175,4566.783,4564.869,4566.314,4570.385,4570.601,4568.928,4568.928,P30_C35_D64,20:57,22:00,20:57,22:01,0,-1
2026-05-19 20:57:00,2026-05-19 22:00:00,63.0,2026-05-19,2026-05-19,2026,2026,5,5,Tuesday,Tuesday,1257,1320,4483.71,4484.121,4481.669,4482.016,4481.914,4483.573,4480.978,4482.088,P30_C35_D64,20:57,22:00,20:57,22:01,0,-1
2026-05-20 20:57:00,2026-05-20 22:00:00,63.0,2026-05-20,2026-05-20,2026,2026,5,5,Wednesday,Wednesday,1257,1320,4543.365,4544.019,4543.027,4543.926,4547.708,4547.777,4546.655,4547.101,P30_C35_D64,20:57,22:00,20:57,22:01,0,-1
2026-05-21 20:57:00,2026-05-21 22:00:00,63.0,2026-05-21,2026-05-21,2026,2026,5,5,Thursday,Thursday,1257,1320,4542.195,4542.853,4542.189,4542.719,4543.2,4543.304,4542.318,4543.07,P30_C35_D64,20:57,22:00,20:57,22:01,0,-1
2026-05-26 20:57:00,2026-05-26 22:02:00,65.0,2026-05-26,2026-05-26,2026,2026,5,5,Tuesday,Tuesday,1257,1322,4506.485,4507.295,4506.354,4507.142,4507.895,4507.895,4499.937,4502.974,P30_C35_D64,20:57,22:02,20:57,22:01,0,1
2026-05-27 20:57:00,2026-05-27 22:00:00,63.0,2026-05-27,2026-05-27,2026,2026,5,5,Wednesday,Wednesday,1257,1320,4455.861,4456.233,4455.484,4456.173,4462.406,4464.246,4462.406,4463.221,P30_C35_D64,20:57,22:00,20:57,22:01,0,-1
2026-05-28 20:57:00,2026-05-28 22:00:00,63.0,2026-05-28,2026-05-28,2026,2026,5,5,Thursday,Thursday,1257,1320,4495.921,4496.496,4495.612,4496.496,4497.173,4498.673,4496.78,4498.404,P30_C35_D64,20:57,22:00,20:57,22:01,0,-1
2026-06-01 20:57:00,2026-06-01 22:00:00,63.0,2026-06-01,2026-06-01,2026,2026,6,6,Monday,Monday,1257,1320,4483.857,4484.201,4483.592,4484.145,4486.595,4486.944,4485.706,4486.425,P30_C35_D64,20:57,22:00,20:57,22:01,0,-1
2026-06-02 20:57:00,2026-06-02 22:00:00,63.0,2026-06-02,2026-06-02,2026,2026,6,6,Tuesday,Tuesday,1257,1320,4488.363,4488.461,4487.913,4488.381,4490.391,4493.117,4490.391,4491.882,P30_C35_D64,20:57,22:00,20:57,22:01,0,-1
2026-06-03 20:57:00,2026-06-03 22:00:00,63.0,2026-06-03,2026-06-03,2026,2026,6,6,Wednesday,Wednesday,1257,1320,4433.869,4434.429,4433.376,4434.05,4438.229,4438.72,4436.474,4436.719,P30_C35_D64,20:57,22:00,20:57,22:01,0,-1
2026-06-04 20:57:00,2026-06-04 22:00:00,63.0,2026-06-04,2026-06-04,2026,2026,6,6,Thursday,Thursday,1257,1320,4475.038,4475.665,4474.694,4475.665,4475.333,4475.627,4474.022,4474.361,P30_C35_D64,20:57,22:00,20:57,22:01,0,-1
2026-06-08 20:57:00,2026-06-08 22:00:00,63.0,2026-06-08,2026-06-08,2026,2026,6,6,Monday,Monday,1257,1320,4329.782,4330.074,4329.342,4329.953,4332.101,4332.46,4330.198,4330.385,P30_C35_D64,20:57,22:00,20:57,22:01,0,-1
2026-06-09 20:57:00,2026-06-09 22:00:00,63.0,2026-06-09,2026-06-09,2026,2026,6,6,Tuesday,Tuesday,1257,1320,4260.358,4260.442,4260.047,4260.441,4256.058,4256.369,4253.746,4255.601,P30_C35_D64,20:57,22:00,20:57,22:01,0,-1
2026-06-10 20:57:00,2026-06-10 22:00:00,63.0,2026-06-10,2026-06-10,2026,2026,6,6,Wednesday,Wednesday,1257,1320,4069.773,4070.628,4069.455,4070.577,4071.785,4072.04,4069.686,4069.903,P30_C35_D64,20:57,22:00,20:57,22:01,0,-1
2026-06-11 20:57:00,2026-06-11 22:00:00,63.0,2026-06-11,2026-06-11,2026,2026,6,6,Thursday,Thursday,1257,1320,4211.137,4211.601,4210.933,4211.516,4220.124,4220.124,4216.717,4218.175,P30_C35_D64,20:57,22:00,20:57,22:01,0,-1
2026-06-15 20:57:00,2026-06-15 22:00:00,63.0,2026-06-15,2026-06-15,2026,2026,6,6,Monday,Monday,1257,1320,4307.83,4308.959,4307.587,4308.89,4311.372,4311.451,4310.727,4311.09,P30_C35_D64,20:57,22:00,20:57,22:01,0,-1
2026-06-16 20:57:00,2026-06-16 22:00:00,63.0,2026-06-16,2026-06-16,2026,2026,6,6,Tuesday,Tuesday,1257,1320,4331.42,4331.42,4330.788,4331.08,4335.048,4335.269,4333.896,4333.896,P30_C35_D64,20:57,22:00,20:57,22:01,0,-1
2026-06-17 20:57:00,2026-06-17 22:00:00,63.0,2026-06-17,2026-06-17,2026,2026,6,6,Wednesday,Wednesday,1257,1320,4257.966,4257.966,4256.183,4257.489,4258.539,4258.715,4255.532,4257.125,P30_C35_D64,20:57,22:00,20:57,22:01,0,-1
2026-06-18 20:57:00,2026-06-18 22:00:00,63.0,2026-06-18,2026-06-18,2026,2026,6,6,Thursday,Thursday,1257,1320,4208.73,4208.944,4207.701,4208.216,4208.762,4211.817,4208.762,4211.782,P30_C35_D64,20:57,22:00,20:57,22:01,0,-1
2026-06-22 20:57:00,2026-06-22 22:00:00,63.0,2026-06-22,2026-06-22,2026,2026,6,6,Monday,Monday,1257,1320,4192.457,4192.557,4191.962,4192.333,4192.3,4192.597,4191.288,4191.944,P30_C35_D64,20:57,22:00,20:57,22:01,0,-1
2026-06-23 20:57:00,2026-06-23 22:00:00,63.0,2026-06-23,2026-06-23,2026,2026,6,6,Tuesday,Tuesday,1257,1320,4109.255,4110.028,4109.255,4109.845,4112.25,4112.801,4111.817,4112.678,P30_C35_D64,20:57,22:00,20:57,22:01,0,-1
2026-06-24 20:57:00,2026-06-24 22:00:00,63.0,2026-06-24,2026-06-24,2026,2026,6,6,Wednesday,Wednesday,1257,1320,3998.831,4001.461,3998.831,4001.02,4004.436,4007.488,4003.509,4007.313,P30_C35_D64,20:57,22:00,20:57,22:01,0,-1
2026-06-25 20:57:00,2026-06-25 22:00:00,63.0,2026-06-25,2026-06-25,2026,2026,6,6,Thursday,Thursday,1257,1320,4026.098,4027.06,4025.942,4026.787,4028.858,4029.495,4027.523,4028.379,P30_C35_D64,20:57,22:00,20:57,22:01,0,-1
2026-06-29 20:57:00,2026-06-29 22:00:00,63.0,2026-06-29,2026-06-29,2026,2026,6,6,Monday,Monday,1257,1320,4017.054,4017.054,4015.837,4016.38,4018.251,4018.784,4018.251,4018.518,P30_C35_D64,20:57,22:00,20:57,22:01,0,-1
2026-06-30 20:57:00,2026-06-30 22:00:00,63.0,2026-06-30,2026-06-30,2026,2026,6,6,Tuesday,Tuesday,1257,1320,4007.707,4007.828,4006.27,4007.347,4011.826,4011.826,4011.294,4011.629,P30_C35_D64,20:57,22:00,20:57,22:01,0,-1
2026-07-01 20:57:00,2026-07-01 22:00:00,63.0,2026-07-01,2026-07-01,2026,2026,7,7,Wednesday,Wednesday,1257,1320,4030.718,4031.877,4030.706,4031.615,4034.182,4034.182,4032.861,4033.684,P30_C35_D64,20:57,22:00,20:57,22:01,0,-1
2026-07-02 20:57:00,2026-07-02 22:00:00,63.0,2026-07-02,2026-07-02,2026,2026,7,7,Thursday,Thursday,1257,1320,4122.662,4124.443,4122.662,4124.068,4126.477,4126.477,4125.647,4125.747,P30_C35_D64,20:57,22:00,20:57,22:01,0,-1
2026-07-06 20:57:00,2026-07-06 22:00:00,63.0,2026-07-06,2026-07-06,2026,2026,7,7,Monday,Monday,1257,1320,4164.114,4164.684,4163.859,4164.315,4166.053,4166.488,4165.237,4166.488,P30_C35_D64,20:57,22:00,20:57,22:01,0,-1
2026-07-07 20:57:00,2026-07-07 22:00:00,63.0,2026-07-07,2026-07-07,2026,2026,7,7,Tuesday,Tuesday,1257,1320,4105.345,4107.158,4105.199,4106.62,4097.703,4098.453,4094.494,4095.43,P30_C35_D64,20:57,22:00,20:57,22:01,0,-1
2026-07-08 20:57:00,2026-07-08 22:00:00,63.0,2026-07-08,2026-07-08,2026,2026,7,7,Wednesday,Wednesday,1257,1320,4077.722,4078.072,4077.249,4077.4,4077.952,4077.952,4076.236,4077.254,P30_C35_D64,20:57,22:00,20:57,22:01,0,-1
2026-07-09 20:57:00,2026-07-09 22:00:00,63.0,2026-07-09,2026-07-09,2026,2026,7,7,Thursday,Thursday,1257,1320,4123.814,4124.159,4123.685,4123.93,4125.508,4125.508,4124.427,4124.522,P30_C35_D64,20:57,22:00,20:57,22:01,0,-1
2026-07-13 20:57:00,2026-07-13 22:00:00,63.0,2026-07-13,2026-07-13,2026,2026,7,7,Monday,Monday,1257,1320,4001.483,4002.306,4000.892,4002.156,4004.1,4006.279,4003.631,4005.854,P30_C35_D64,20:57,22:00,20:57,22:01,0,-1
2026-07-14 20:57:00,2026-07-14 22:00:00,63.0,2026-07-14,2026-07-14,2026,2026,7,7,Tuesday,Tuesday,1257,1320,4052.844,4053.136,4052.403,4052.869,4052.577,4052.788,4051.792,4052.098,P30_C35_D64,20:57,22:00,20:57,22:01,0,-1
2026-07-15 20:57:00,2026-07-15 22:00:00,63.0,2026-07-15,2026-07-15,2026,2026,7,7,Wednesday,Wednesday,1257,1320,4060.754,4060.796,4059.79,4060.079,4065.797,4065.921,4064.168,4064.245,P30_C35_D64,20:57,22:00,20:57,22:01,0,-1
2026-07-16 20:57:00,2026-07-16 22:00:00,63.0,2026-07-16,2026-07-16,2026,2026,7,7,Thursday,Thursday,1257,1320,3975.117,3976.691,3975.117,3976.341,3978.609,3978.766,3975.937,3977.636,P30_C35_D64,20:57,22:00,20:57,22:01,0,-1
2026-07-20 20:57:00,2026-07-20 22:00:00,63.0,2026-07-20,2026-07-20,2026,2026,7,7,Monday,Monday,1257,1320,4008.124,4008.828,4007.26,4008.792,4009.617,4009.617,4009.549,4009.549,P30_C35_D64,20:57,22:00,20:57,22:01,0,-1
2026-07-21 20:57:00,2026-07-21 22:00:00,63.0,2026-07-21,2026-07-21,2026,2026,7,7,Tuesday,Tuesday,1257,1320,4077.885,4078.35,4077.667,4077.934,4078.962,4080.806,4078.231,4079.762,P30_C35_D64,20:57,22:00,20:57,22:01,0,-1
2026-07-22 20:57:00,2026-07-22 22:00:00,63.0,2026-07-22,2026-07-22,2026,2026,7,7,Wednesday,Wednesday,1257,1320,4129.989,4130.427,4129.766,4130.104,4117.8,4118.052,4115.769,4116.83,P30_C35_D64,20:57,22:00,20:57,22:01,0,-1
2026-07-23 20:57:00,2026-07-23 22:00:00,63.0,2026-07-23,2026-07-23,2026,2026,7,7,Thursday,Thursday,1257,1320,4049.12,4049.504,4048.755,4049.152,4050.636,4050.733,4048.64,4049.172,P30_C35_D64,20:57,22:00,20:57,22:01,0,-1
2026-07-27 20:57:00,2026-07-27 22:00:00,63.0,2026-07-27,2026-07-27,2026,2026,7,7,Monday,Monday,1257,1320,4077.104,4077.122,4076.509,4076.799,4079.401,4081.768,4078.315,4081.564,P30_C35_D64,20:57,22:00,20:57,22:01,0,-1
2026-07-28 20:57:00,2026-07-28 22:00:00,63.0,2026-07-28,2026-07-28,2026,2026,7,7,Tuesday,Tuesday,1257,1320,4029.161,4029.241,4028.518,4028.838,4027.786,4028.6,4027.59,4027.679,P30_C35_D64,20:57,22:00,20:57,22:01,0,-1
2026-07-29 20:57:00,2026-07-29 22:00:00,63.0,2026-07-29,2026-07-29,2026,2026,7,7,Wednesday,Wednesday,1257,1320,4067.043,4067.043,4065.051,4066.039,4068.187,4071.75,4068.187,4071.75,P30_C35_D64,20:57,22:00,20:57,22:01,0,-1
2026-07-30 20:57:00,2026-07-30 22:00:00,63.0,2026-07-30,2026-07-30,2026,2026,7,7,Thursday,Thursday,1257,1320,4102.979,4103.123,4102.356,4103.046,4105.237,4106.725,4103.894,4105.596,P30_C35_D64,20:57,22:00,20:57,22:01,0,-1
2026-08-03 20:57:00,2026-08-03 22:00:00,63.0,2026-08-03,2026-08-03,2026,2026,8,8,Monday,Monday,1257,1320,4055.179,4055.557,4054.927,4055.037,4052.997,4054.598,4052.972,4053.885,P30_C35_D64,20:57,22:00,20:57,22:01,0,-1
2026-08-04 20:57:00,2026-08-04 22:00:00,63.0,2026-08-04,2026-08-04,2026,2026,8,8,Tuesday,Tuesday,1257,1320,4077.995,4078.19,4077.198,4078.007,4078.012,4078.369,4077.917,4077.917,P30_C35_D64,20:57,22:00,20:57,22:01,0,-1
2026-08-05 20:57:00,2026-08-05 22:00:00,63.0,2026-08-05,2026-08-05,2026,2026,8,8,Wednesday,Wednesday,1257,1320,4244.803,4246.657,4244.779,4246.208,4248.305,4250.26,4247.988,4249.442,P30_C35_D64,20:57,22:00,20:57,22:01,0,-1
2026-08-06 20:57:00,2026-08-06 22:00:00,63.0,2026-08-06,2026-08-06,2026,2026,8,8,Thursday,Thursday,1257,1320,4240.188,4240.757,4240.002,4240.43,4239.787,4240.12,4238.362,4238.983,P30_C35_D64,20:57,22:00,20:57,22:01,0,-1
2026-08-10 20:57:00,2026-08-10 22:00:00,63.0,2026-08-10,2026-08-10,2026,2026,8,8,Monday,Monday,1257,1320,4389.252,4389.611,4388.967,4389.157,4391.112,4391.522,4389.655,4389.834,P30_C35_D64,20:57,22:00,20:57,22:01,0,-1
2026-08-11 20:57:00,2026-08-11 22:00:00,63.0,2026-08-11,2026-08-11,2026,2026,8,8,Tuesday,Tuesday,1257,1320,4368.38,4368.651,4367.662,4368.03,4372.492,4372.492,4371.539,4371.649,P30_C35_D64,20:57,22:00,20:57,22:01,0,-1
2026-08-12 20:57:00,2026-08-12 22:00:00,63.0,2026-08-12,2026-08-12,2026,2026,8,8,Wednesday,Wednesday,1257,1320,4407.763,4409.001,4407.568,4408.726,4408.409,4410.017,4407.326,4408.848,P30_C35_D64,20:57,22:00,20:57,22:01,0,-1
