Datetime,Open,High,Low,Close,M1_Count,Expected_M1,Missing_M1,Status,GapCause
2021-08-17 00:00:00,1.38404,1.38405,1.38142,1.38153,231,240,9,UNEXPECTED_INCOMPLETE,UNEXPECTED
2021-08-17 04:00:00,1.3815,1.38296,1.37866,1.37992,230,240,10,UNEXPECTED_INCOMPLETE,UNEXPECTED
2021-08-17 08:00:00,1.37995,1.38129,1.37848,1.37882,240,240,0,COMPLETE,
2021-08-17 12:00:00,1.37884,1.37954,1.37334,1.37376,236,240,4,UNEXPECTED_INCOMPLETE,UNEXPECTED
2021-08-17 16:00:00,1.37377,1.37452,1.37257,1.37383,236,240,4,UNEXPECTED_INCOMPLETE,UNEXPECTED
2021-08-17 20:00:00,1.3738,1.37416,1.37225,1.37395,185,240,55,UNEXPECTED_INCOMPLETE,UNEXPECTED
2021-08-18 00:00:00,1.37397,1.37583,1.37369,1.37527,230,240,10,UNEXPECTED_INCOMPLETE,UNEXPECTED
2021-08-18 04:00:00,1.37526,1.37542,1.37305,1.37412,227,240,13,UNEXPECTED_INCOMPLETE,UNEXPECTED
2021-08-18 08:00:00,1.37414,1.37687,1.37376,1.37685,238,240,2,UNEXPECTED_INCOMPLETE,UNEXPECTED
2021-08-18 12:00:00,1.37684,1.37703,1.37454,1.37466,240,240,0,COMPLETE,
2021-08-18 16:00:00,1.37464,1.37848,1.37445,1.37571,235,240,5,UNEXPECTED_INCOMPLETE,UNEXPECTED
2021-08-18 20:00:00,1.37569,1.37578,1.37426,1.37426,203,240,37,UNEXPECTED_INCOMPLETE,UNEXPECTED
2021-08-19 00:00:00,1.37428,1.37492,1.37109,1.37196,238,240,2,UNEXPECTED_INCOMPLETE,UNEXPECTED
2021-08-19 04:00:00,1.37197,1.37226,1.36885,1.36962,228,240,12,UNEXPECTED_INCOMPLETE,UNEXPECTED
2021-08-19 08:00:00,1.36964,1.36985,1.3665,1.3681,240,240,0,COMPLETE,
2021-08-19 12:00:00,1.36811,1.36937,1.36515,1.36709,240,240,0,COMPLETE,
2021-08-19 16:00:00,1.36707,1.36728,1.36315,1.36339,235,240,5,UNEXPECTED_INCOMPLETE,UNEXPECTED
2021-08-19 20:00:00,1.36338,1.36387,1.36273,1.36296,205,240,35,UNEXPECTED_INCOMPLETE,UNEXPECTED
2021-08-20 00:00:00,1.36298,1.36404,1.36159,1.36293,237,240,3,UNEXPECTED_INCOMPLETE,UNEXPECTED
2021-08-20 04:00:00,1.36294,1.36346,1.36079,1.36175,233,240,7,UNEXPECTED_INCOMPLETE,UNEXPECTED
2021-08-20 08:00:00,1.36173,1.36295,1.36057,1.36112,237,240,3,UNEXPECTED_INCOMPLETE,UNEXPECTED
2021-08-20 12:00:00,1.3611,1.36356,1.36016,1.36253,240,240,0,COMPLETE,
2021-08-20 16:00:00,1.36255,1.36336,1.36182,1.36247,219,240,21,UNEXPECTED_INCOMPLETE,UNEXPECTED
2021-08-20 20:00:00,1.36245,1.36278,1.36218,1.3623,59,240,181,EXPECTED_INCOMPLETE,EXPECTED
2021-08-21 00:00:00,,,,,0,240,240,SESSION_CLOSED_EXPECTED,EXPECTED
2021-08-21 04:00:00,,,,,0,240,240,SESSION_CLOSED_EXPECTED,EXPECTED
2021-08-21 08:00:00,,,,,0,240,240,SESSION_CLOSED_EXPECTED,EXPECTED
2021-08-21 12:00:00,,,,,0,240,240,SESSION_CLOSED_EXPECTED,EXPECTED
2021-08-21 16:00:00,,,,,0,240,240,SESSION_CLOSED_EXPECTED,EXPECTED
2021-08-21 20:00:00,,,,,0,240,240,SESSION_CLOSED_EXPECTED,EXPECTED
2021-08-22 00:00:00,,,,,0,240,240,SESSION_CLOSED_EXPECTED,EXPECTED
2021-08-22 04:00:00,,,,,0,240,240,SESSION_CLOSED_EXPECTED,EXPECTED
2021-08-22 08:00:00,,,,,0,240,240,SESSION_CLOSED_EXPECTED,EXPECTED
2021-08-22 12:00:00,,,,,0,240,240,SESSION_CLOSED_EXPECTED,EXPECTED
2021-08-22 16:00:00,,,,,0,240,240,SESSION_CLOSED_EXPECTED,EXPECTED
2021-08-22 20:00:00,1.36173,1.36296,1.36105,1.3624,143,240,97,EXPECTED_INCOMPLETE,EXPECTED
2021-08-23 00:00:00,1.36242,1.36538,1.36242,1.36478,232,240,8,UNEXPECTED_INCOMPLETE,UNEXPECTED
2021-08-23 04:00:00,1.36476,1.36617,1.36303,1.3649,227,240,13,UNEXPECTED_INCOMPLETE,UNEXPECTED
2021-08-23 08:00:00,1.36491,1.36852,1.36445,1.36818,240,240,0,COMPLETE,
2021-08-23 12:00:00,1.36816,1.37209,1.36797,1.37156,239,240,1,UNEXPECTED_INCOMPLETE,UNEXPECTED
2021-08-23 16:00:00,1.37153,1.37317,1.37152,1.37278,209,240,31,UNEXPECTED_INCOMPLETE,UNEXPECTED
2021-08-23 20:00:00,1.3728,1.37301,1.37114,1.37227,146,240,94,UNEXPECTED_INCOMPLETE,UNEXPECTED
2021-08-24 00:00:00,1.3723,1.37255,1.37103,1.37165,206,240,34,UNEXPECTED_INCOMPLETE,UNEXPECTED
2021-08-24 04:00:00,1.37163,1.37472,1.37135,1.37162,213,240,27,UNEXPECTED_INCOMPLETE,UNEXPECTED
2021-08-24 08:00:00,1.37159,1.37319,1.36932,1.37206,238,240,2,UNEXPECTED_INCOMPLETE,UNEXPECTED
2021-08-24 12:00:00,1.37205,1.3747,1.37061,1.37145,239,240,1,UNEXPECTED_INCOMPLETE,UNEXPECTED
2021-08-24 16:00:00,1.37144,1.37314,1.37114,1.3731,215,240,25,UNEXPECTED_INCOMPLETE,UNEXPECTED
2021-08-24 20:00:00,1.37311,1.37319,1.37216,1.37243,172,240,68,UNEXPECTED_INCOMPLETE,UNEXPECTED
2021-08-25 00:00:00,1.37244,1.37315,1.37134,1.37182,228,240,12,UNEXPECTED_INCOMPLETE,UNEXPECTED
2021-08-25 04:00:00,1.37184,1.37262,1.37061,1.37183,220,240,20,UNEXPECTED_INCOMPLETE,UNEXPECTED
2021-08-25 08:00:00,1.37182,1.37427,1.37115,1.37149,238,240,2,UNEXPECTED_INCOMPLETE,UNEXPECTED
2021-08-25 12:00:00,1.3715,1.37361,1.36962,1.37214,238,240,2,UNEXPECTED_INCOMPLETE,UNEXPECTED
2021-08-25 16:00:00,1.37213,1.37664,1.37205,1.37598,231,240,9,UNEXPECTED_INCOMPLETE,UNEXPECTED
2021-08-25 20:00:00,1.37595,1.37646,1.3751,1.37638,188,240,52,UNEXPECTED_INCOMPLETE,UNEXPECTED
2021-08-26 00:00:00,1.3764,1.37675,1.37492,1.37513,213,240,27,UNEXPECTED_INCOMPLETE,UNEXPECTED
2021-08-26 04:00:00,1.37514,1.37586,1.37374,1.37473,216,240,24,UNEXPECTED_INCOMPLETE,UNEXPECTED
2021-08-26 08:00:00,1.37472,1.37495,1.37309,1.37338,238,240,2,UNEXPECTED_INCOMPLETE,UNEXPECTED
2021-08-26 12:00:00,1.37336,1.37359,1.37091,1.37115,240,240,0,COMPLETE,
2021-08-26 16:00:00,1.37117,1.37157,1.36884,1.36999,233,240,7,UNEXPECTED_INCOMPLETE,UNEXPECTED
2021-08-26 20:00:00,1.36997,1.37025,1.3692,1.36999,174,240,66,UNEXPECTED_INCOMPLETE,UNEXPECTED
2021-08-27 00:00:00,1.37,1.37,1.36793,1.3697,224,240,16,UNEXPECTED_INCOMPLETE,UNEXPECTED
2021-08-27 04:00:00,1.36966,1.37197,1.36948,1.37154,223,240,17,UNEXPECTED_INCOMPLETE,UNEXPECTED
2021-08-27 08:00:00,1.37157,1.37211,1.36934,1.37198,240,240,0,COMPLETE,
2021-08-27 12:00:00,1.37196,1.37806,1.37017,1.37672,240,240,0,COMPLETE,
2021-08-27 16:00:00,1.37673,1.37793,1.37615,1.37635,233,240,7,UNEXPECTED_INCOMPLETE,UNEXPECTED
2021-08-27 20:00:00,1.37633,1.37647,1.37553,1.3759,57,240,183,UNEXPECTED_INCOMPLETE,EXPECTED|UNEXPECTED
2021-08-28 00:00:00,,,,,0,240,240,SESSION_CLOSED_EXPECTED,EXPECTED
2021-08-28 04:00:00,,,,,0,240,240,SESSION_CLOSED_EXPECTED,EXPECTED
2021-08-28 08:00:00,,,,,0,240,240,SESSION_CLOSED_EXPECTED,EXPECTED
2021-08-28 12:00:00,,,,,0,240,240,SESSION_CLOSED_EXPECTED,EXPECTED
2021-08-28 16:00:00,,,,,0,240,240,SESSION_CLOSED_EXPECTED,EXPECTED
2021-08-28 20:00:00,,,,,0,240,240,SESSION_CLOSED_EXPECTED,EXPECTED
2021-08-29 00:00:00,,,,,0,240,240,SESSION_CLOSED_EXPECTED,EXPECTED
2021-08-29 04:00:00,,,,,0,240,240,SESSION_CLOSED_EXPECTED,EXPECTED
2021-08-29 08:00:00,,,,,0,240,240,SESSION_CLOSED_EXPECTED,EXPECTED
2021-08-29 12:00:00,,,,,0,240,240,SESSION_CLOSED_EXPECTED,EXPECTED
2021-08-29 16:00:00,,,,,0,240,240,SESSION_CLOSED_EXPECTED,EXPECTED
2021-08-29 20:00:00,1.37533,1.37654,1.37465,1.37621,147,240,93,EXPECTED_INCOMPLETE,EXPECTED
2021-08-30 00:00:00,1.37623,1.37747,1.37557,1.37692,226,240,14,UNEXPECTED_INCOMPLETE,UNEXPECTED
2021-08-30 04:00:00,1.3769,1.37746,1.37505,1.37659,221,240,19,UNEXPECTED_INCOMPLETE,UNEXPECTED
2021-08-30 08:00:00,1.37664,1.37715,1.37479,1.37596,240,240,0,COMPLETE,
2021-08-30 12:00:00,1.37595,1.37674,1.37332,1.37575,240,240,0,COMPLETE,
2021-08-30 16:00:00,1.37574,1.3767,1.37531,1.37605,214,240,26,UNEXPECTED_INCOMPLETE,UNEXPECTED
2021-08-30 20:00:00,1.37601,1.37615,1.37501,1.37583,175,240,65,UNEXPECTED_INCOMPLETE,UNEXPECTED
2021-08-31 00:00:00,1.37585,1.37771,1.37554,1.37758,227,240,13,UNEXPECTED_INCOMPLETE,UNEXPECTED
2021-08-31 04:00:00,1.37757,1.38007,1.3774,1.37837,237,240,3,UNEXPECTED_INCOMPLETE,UNEXPECTED
2021-08-31 08:00:00,1.37835,1.37917,1.37588,1.3788,240,240,0,COMPLETE,
2021-08-31 12:00:00,1.37881,1.38071,1.37424,1.37475,240,240,0,COMPLETE,
2021-08-31 16:00:00,1.37474,1.37591,1.37443,1.37481,235,240,5,UNEXPECTED_INCOMPLETE,UNEXPECTED
2021-08-31 20:00:00,1.37478,1.37579,1.37458,1.37518,183,240,57,UNEXPECTED_INCOMPLETE,UNEXPECTED
2021-09-01 00:00:00,1.37519,1.37555,1.37307,1.37368,225,240,15,UNEXPECTED_INCOMPLETE,UNEXPECTED
2021-09-01 04:00:00,1.3737,1.37645,1.3731,1.37559,231,240,9,UNEXPECTED_INCOMPLETE,UNEXPECTED
2021-09-01 08:00:00,1.37557,1.37647,1.37435,1.3757,240,240,0,COMPLETE,
2021-09-01 12:00:00,1.37568,1.37979,1.37568,1.37888,240,240,0,COMPLETE,
2021-09-01 16:00:00,1.3789,1.37936,1.37674,1.3769,235,240,5,UNEXPECTED_INCOMPLETE,UNEXPECTED
2021-09-01 20:00:00,1.37689,1.3773,1.37642,1.37707,169,240,71,UNEXPECTED_INCOMPLETE,EXPECTED|UNEXPECTED
2021-09-02 00:00:00,1.37709,1.378,1.37669,1.37739,204,240,36,UNEXPECTED_INCOMPLETE,UNEXPECTED
2021-09-02 04:00:00,1.37736,1.37911,1.37706,1.3789,208,240,32,UNEXPECTED_INCOMPLETE,UNEXPECTED
2021-09-02 08:00:00,1.37888,1.3801,1.37786,1.37896,240,240,0,COMPLETE,
2021-09-02 12:00:00,1.37898,1.38359,1.37813,1.3823,240,240,0,COMPLETE,
2021-09-02 16:00:00,1.38231,1.38394,1.38225,1.38362,231,240,9,UNEXPECTED_INCOMPLETE,UNEXPECTED
2021-09-02 20:00:00,1.38359,1.38375,1.38283,1.38357,171,240,69,UNEXPECTED_INCOMPLETE,UNEXPECTED
2021-09-03 00:00:00,1.38359,1.38448,1.38322,1.38344,232,240,8,UNEXPECTED_INCOMPLETE,UNEXPECTED
2021-09-03 04:00:00,1.38345,1.38377,1.38244,1.38251,229,240,11,UNEXPECTED_INCOMPLETE,UNEXPECTED
2021-09-03 08:00:00,1.38248,1.38409,1.38175,1.38319,238,240,2,UNEXPECTED_INCOMPLETE,UNEXPECTED
2021-09-03 12:00:00,1.38318,1.38743,1.38232,1.3861,240,240,0,COMPLETE,
2021-09-03 16:00:00,1.38609,1.38911,1.38597,1.38627,231,240,9,UNEXPECTED_INCOMPLETE,UNEXPECTED
2021-09-03 20:00:00,1.38626,1.38638,1.38573,1.3858,53,240,187,UNEXPECTED_INCOMPLETE,EXPECTED|UNEXPECTED
2021-09-04 00:00:00,,,,,0,240,240,SESSION_CLOSED_EXPECTED,EXPECTED
2021-09-04 04:00:00,,,,,0,240,240,SESSION_CLOSED_EXPECTED,EXPECTED
2021-09-04 08:00:00,,,,,0,240,240,SESSION_CLOSED_EXPECTED,EXPECTED
2021-09-04 12:00:00,,,,,0,240,240,SESSION_CLOSED_EXPECTED,EXPECTED
2021-09-04 16:00:00,,,,,0,240,240,SESSION_CLOSED_EXPECTED,EXPECTED
2021-09-04 20:00:00,,,,,0,240,240,SESSION_CLOSED_EXPECTED,EXPECTED
2021-09-05 00:00:00,,,,,0,240,240,SESSION_CLOSED_EXPECTED,EXPECTED
2021-09-05 04:00:00,,,,,0,240,240,SESSION_CLOSED_EXPECTED,EXPECTED
2021-09-05 08:00:00,,,,,0,240,240,SESSION_CLOSED_EXPECTED,EXPECTED
2021-09-05 12:00:00,,,,,0,240,240,SESSION_CLOSED_EXPECTED,EXPECTED
2021-09-05 16:00:00,,,,,0,240,240,SESSION_CLOSED_EXPECTED,EXPECTED
2021-09-05 20:00:00,1.38588,1.38667,1.3852,1.38571,130,240,110,EXPECTED_INCOMPLETE,EXPECTED
2021-09-06 00:00:00,1.38574,1.38592,1.38486,1.38514,222,240,18,UNEXPECTED_INCOMPLETE,UNEXPECTED
2021-09-06 04:00:00,1.38515,1.38554,1.38343,1.38389,224,240,16,UNEXPECTED_INCOMPLETE,UNEXPECTED
2021-09-06 08:00:00,1.38391,1.3846,1.38308,1.3845,236,240,4,UNEXPECTED_INCOMPLETE,UNEXPECTED
2021-09-06 12:00:00,1.38452,1.38462,1.38181,1.38267,239,240,1,UNEXPECTED_INCOMPLETE,UNEXPECTED
2021-09-06 16:00:00,1.38266,1.38368,1.3826,1.38311,201,240,39,UNEXPECTED_INCOMPLETE,UNEXPECTED
2021-09-06 20:00:00,1.38309,1.38402,1.38237,1.38382,160,240,80,UNEXPECTED_INCOMPLETE,UNEXPECTED
2021-09-07 00:00:00,1.38383,1.38561,1.38381,1.38469,223,240,17,UNEXPECTED_INCOMPLETE,UNEXPECTED
2021-09-07 04:00:00,1.38467,1.38527,1.38203,1.3831,235,240,5,UNEXPECTED_INCOMPLETE,UNEXPECTED
2021-09-07 08:00:00,1.38313,1.38321,1.37673,1.37742,240,240,0,COMPLETE,
2021-09-07 12:00:00,1.37742,1.37998,1.37675,1.37901,240,240,0,COMPLETE,
2021-09-07 16:00:00,1.379,1.37956,1.37786,1.37807,238,240,2,UNEXPECTED_INCOMPLETE,UNEXPECTED
2021-09-07 20:00:00,1.37807,1.37869,1.3778,1.37787,166,240,74,UNEXPECTED_INCOMPLETE,UNEXPECTED
2021-09-08 00:00:00,1.37788,1.37902,1.37747,1.37791,222,240,18,UNEXPECTED_INCOMPLETE,UNEXPECTED
2021-09-08 04:00:00,1.3779,1.37822,1.37541,1.37648,231,240,9,UNEXPECTED_INCOMPLETE,UNEXPECTED
2021-09-08 08:00:00,1.37645,1.37779,1.37501,1.37683,240,240,0,COMPLETE,
2021-09-08 12:00:00,1.37679,1.37765,1.37262,1.37625,240,240,0,COMPLETE,
2021-09-08 16:00:00,1.37627,1.37841,1.3757,1.37739,236,240,4,UNEXPECTED_INCOMPLETE,UNEXPECTED
2021-09-08 20:00:00,1.37738,1.37761,1.37639,1.37661,159,240,81,UNEXPECTED_INCOMPLETE,UNEXPECTED
2021-09-09 00:00:00,1.37665,1.37732,1.37588,1.3763,236,240,4,UNEXPECTED_INCOMPLETE,UNEXPECTED
2021-09-09 04:00:00,1.37633,1.37912,1.37531,1.37868,236,240,4,UNEXPECTED_INCOMPLETE,UNEXPECTED
2021-09-09 08:00:00,1.37867,1.38375,1.37862,1.38364,240,240,0,COMPLETE,
2021-09-09 12:00:00,1.38362,1.38532,1.38204,1.38532,240,240,0,COMPLETE,
2021-09-09 16:00:00,1.38533,1.3862,1.38351,1.38374,238,240,2,UNEXPECTED_INCOMPLETE,UNEXPECTED
2021-09-09 20:00:00,1.38375,1.38399,1.38297,1.38377,188,240,52,UNEXPECTED_INCOMPLETE,UNEXPECTED
2021-09-10 00:00:00,1.38379,1.38515,1.38325,1.38506,230,240,10,UNEXPECTED_INCOMPLETE,UNEXPECTED
2021-09-10 04:00:00,1.38506,1.38774,1.38394,1.38732,226,240,14,UNEXPECTED_INCOMPLETE,UNEXPECTED
2021-09-10 08:00:00,1.38728,1.38848,1.38634,1.38839,240,240,0,COMPLETE,
2021-09-10 12:00:00,1.38835,1.38881,1.38411,1.38461,240,240,0,COMPLETE,
2021-09-10 16:00:00,1.38461,1.38589,1.38309,1.38317,234,240,6,UNEXPECTED_INCOMPLETE,UNEXPECTED
2021-09-10 20:00:00,1.38319,1.38351,1.38265,1.38301,56,240,184,UNEXPECTED_INCOMPLETE,EXPECTED|UNEXPECTED
2021-09-11 00:00:00,,,,,0,240,240,SESSION_CLOSED_EXPECTED,EXPECTED
2021-09-11 04:00:00,,,,,0,240,240,SESSION_CLOSED_EXPECTED,EXPECTED
2021-09-11 08:00:00,,,,,0,240,240,SESSION_CLOSED_EXPECTED,EXPECTED
2021-09-11 12:00:00,,,,,0,240,240,SESSION_CLOSED_EXPECTED,EXPECTED
2021-09-11 16:00:00,,,,,0,240,240,SESSION_CLOSED_EXPECTED,EXPECTED
2021-09-11 20:00:00,,,,,0,240,240,SESSION_CLOSED_EXPECTED,EXPECTED
2021-09-12 00:00:00,,,,,0,240,240,SESSION_CLOSED_EXPECTED,EXPECTED
2021-09-12 04:00:00,,,,,0,240,240,SESSION_CLOSED_EXPECTED,EXPECTED
2021-09-12 08:00:00,,,,,0,240,240,SESSION_CLOSED_EXPECTED,EXPECTED
2021-09-12 12:00:00,,,,,0,240,240,SESSION_CLOSED_EXPECTED,EXPECTED
2021-09-12 16:00:00,,,,,0,240,240,SESSION_CLOSED_EXPECTED,EXPECTED
2021-09-12 20:00:00,1.38373,1.38408,1.3828,1.38382,138,240,102,EXPECTED_INCOMPLETE,EXPECTED
2021-09-13 00:00:00,1.38385,1.38455,1.3826,1.38396,234,240,6,UNEXPECTED_INCOMPLETE,UNEXPECTED
2021-09-13 04:00:00,1.38398,1.38402,1.37957,1.38161,234,240,6,UNEXPECTED_INCOMPLETE,UNEXPECTED
2021-09-13 08:00:00,1.38158,1.38318,1.38066,1.3825,238,240,2,UNEXPECTED_INCOMPLETE,UNEXPECTED
2021-09-13 12:00:00,1.38247,1.38507,1.38132,1.38433,240,240,0,COMPLETE,
2021-09-13 16:00:00,1.38432,1.38446,1.3826,1.38349,239,240,1,UNEXPECTED_INCOMPLETE,UNEXPECTED
2021-09-13 20:00:00,1.38348,1.38413,1.38287,1.38369,192,240,48,UNEXPECTED_INCOMPLETE,EXPECTED|UNEXPECTED
2021-09-14 00:00:00,1.38371,1.38498,1.38343,1.38451,225,240,15,UNEXPECTED_INCOMPLETE,UNEXPECTED
2021-09-14 04:00:00,1.38452,1.38812,1.38289,1.38759,231,240,9,UNEXPECTED_INCOMPLETE,UNEXPECTED
2021-09-14 08:00:00,1.38759,1.38806,1.38521,1.3853,239,240,1,UNEXPECTED_INCOMPLETE,UNEXPECTED
2021-09-14 12:00:00,1.38529,1.39127,1.38392,1.38463,239,240,1,UNEXPECTED_INCOMPLETE,UNEXPECTED
2021-09-14 16:00:00,1.38465,1.38564,1.38031,1.38066,239,240,1,UNEXPECTED_INCOMPLETE,UNEXPECTED
2021-09-14 20:00:00,1.38066,1.38101,1.38002,1.38075,184,240,56,UNEXPECTED_INCOMPLETE,UNEXPECTED
2021-09-15 00:00:00,1.38076,1.38122,1.37924,1.38048,228,240,12,UNEXPECTED_INCOMPLETE,UNEXPECTED
2021-09-15 04:00:00,1.38046,1.38375,1.37963,1.38266,228,240,12,UNEXPECTED_INCOMPLETE,UNEXPECTED
2021-09-15 08:00:00,1.38267,1.38422,1.38146,1.38241,240,240,0,COMPLETE,
2021-09-15 12:00:00,1.38238,1.38532,1.38126,1.38349,240,240,0,COMPLETE,
2021-09-15 16:00:00,1.38351,1.38461,1.38248,1.38458,225,240,15,UNEXPECTED_INCOMPLETE,UNEXPECTED
2021-09-15 20:00:00,1.38454,1.3852,1.38319,1.38478,185,240,55,UNEXPECTED_INCOMPLETE,UNEXPECTED
2021-09-16 00:00:00,1.38479,1.3849,1.38339,1.38342,222,240,18,UNEXPECTED_INCOMPLETE,UNEXPECTED
2021-09-16 04:00:00,1.38341,1.38373,1.38112,1.3822,222,240,18,UNEXPECTED_INCOMPLETE,UNEXPECTED
2021-09-16 08:00:00,1.38222,1.38409,1.38044,1.38377,240,240,0,COMPLETE,
2021-09-16 12:00:00,1.38374,1.38376,1.37641,1.37833,240,240,0,COMPLETE,
2021-09-16 16:00:00,1.37833,1.38022,1.37744,1.37924,226,240,14,UNEXPECTED_INCOMPLETE,UNEXPECTED
2021-09-16 20:00:00,1.37926,1.37992,1.378,1.37974,198,240,42,UNEXPECTED_INCOMPLETE,UNEXPECTED
2021-09-17 00:00:00,1.37976,1.37996,1.37833,1.37964,234,240,6,UNEXPECTED_INCOMPLETE,UNEXPECTED
2021-09-17 04:00:00,1.37965,1.38095,1.37874,1.3791,227,240,13,UNEXPECTED_INCOMPLETE,UNEXPECTED
2021-09-17 08:00:00,1.37911,1.38123,1.37752,1.37972,240,240,0,COMPLETE,
2021-09-17 12:00:00,1.37972,1.38068,1.37403,1.37546,240,240,0,COMPLETE,
2021-09-17 16:00:00,1.37544,1.37639,1.37348,1.3736,237,240,3,UNEXPECTED_INCOMPLETE,UNEXPECTED
2021-09-17 20:00:00,1.37357,1.37367,1.3727,1.37292,52,240,188,UNEXPECTED_INCOMPLETE,EXPECTED|UNEXPECTED
2021-09-18 00:00:00,,,,,0,240,240,SESSION_CLOSED_EXPECTED,EXPECTED
2021-09-18 04:00:00,,,,,0,240,240,SESSION_CLOSED_EXPECTED,EXPECTED
2021-09-18 08:00:00,,,,,0,240,240,SESSION_CLOSED_EXPECTED,EXPECTED
2021-09-18 12:00:00,,,,,0,240,240,SESSION_CLOSED_EXPECTED,EXPECTED
2021-09-18 16:00:00,,,,,0,240,240,SESSION_CLOSED_EXPECTED,EXPECTED
2021-09-18 20:00:00,,,,,0,240,240,SESSION_CLOSED_EXPECTED,EXPECTED
2021-09-19 00:00:00,,,,,0,240,240,SESSION_CLOSED_EXPECTED,EXPECTED
2021-09-19 04:00:00,,,,,0,240,240,SESSION_CLOSED_EXPECTED,EXPECTED
2021-09-19 08:00:00,,,,,0,240,240,SESSION_CLOSED_EXPECTED,EXPECTED
2021-09-19 12:00:00,,,,,0,240,240,SESSION_CLOSED_EXPECTED,EXPECTED
2021-09-19 16:00:00,,,,,0,240,240,SESSION_CLOSED_EXPECTED,EXPECTED
2021-09-19 20:00:00,1.37383,1.37457,1.37228,1.37281,141,240,99,EXPECTED_INCOMPLETE,EXPECTED
2021-09-20 00:00:00,1.37283,1.37297,1.37006,1.37095,228,240,12,UNEXPECTED_INCOMPLETE,UNEXPECTED
2021-09-20 04:00:00,1.37097,1.3715,1.36645,1.36694,231,240,9,UNEXPECTED_INCOMPLETE,UNEXPECTED
2021-09-20 08:00:00,1.36696,1.36997,1.36558,1.3658,239,240,1,UNEXPECTED_INCOMPLETE,UNEXPECTED
2021-09-20 12:00:00,1.36577,1.36849,1.36459,1.3656,240,240,0,COMPLETE,
2021-09-20 16:00:00,1.36557,1.36658,1.36401,1.36645,240,240,0,COMPLETE,
2021-09-20 20:00:00,1.36644,1.36648,1.36482,1.36615,202,240,38,UNEXPECTED_INCOMPLETE,UNEXPECTED
2021-09-21 00:00:00,1.36616,1.36728,1.36486,1.36696,237,240,3,UNEXPECTED_INCOMPLETE,UNEXPECTED
2021-09-21 04:00:00,1.36695,1.36874,1.36619,1.36826,238,240,2,UNEXPECTED_INCOMPLETE,UNEXPECTED
2021-09-21 08:00:00,1.36828,1.36925,1.36738,1.36783,240,240,0,COMPLETE,
2021-09-21 12:00:00,1.36784,1.36887,1.36408,1.36626,240,240,0,COMPLETE,
2021-09-21 16:00:00,1.36628,1.36738,1.36497,1.36633,238,240,2,UNEXPECTED_INCOMPLETE,UNEXPECTED
2021-09-21 20:00:00,1.36631,1.36634,1.36538,1.36571,190,240,50,UNEXPECTED_INCOMPLETE,UNEXPECTED
2021-09-22 00:00:00,1.36568,1.36778,1.36477,1.36497,239,240,1,UNEXPECTED_INCOMPLETE,UNEXPECTED
2021-09-22 04:00:00,1.36496,1.36599,1.36316,1.36333,230,240,10,UNEXPECTED_INCOMPLETE,UNEXPECTED
2021-09-22 08:00:00,1.36355,1.36497,1.36299,1.36399,239,240,1,UNEXPECTED_INCOMPLETE,UNEXPECTED
2021-09-22 12:00:00,1.36396,1.36685,1.36155,1.36675,240,240,0,COMPLETE,
2021-09-22 16:00:00,1.36672,1.36893,1.36089,1.36182,240,240,0,COMPLETE,
2021-09-22 20:00:00,1.36183,1.36234,1.36114,1.36157,210,240,30,UNEXPECTED_INCOMPLETE,UNEXPECTED
2021-09-23 00:00:00,1.36158,1.36449,1.36119,1.36413,235,240,5,UNEXPECTED_INCOMPLETE,UNEXPECTED
2021-09-23 04:00:00,1.36411,1.36573,1.36333,1.36556,229,240,11,UNEXPECTED_INCOMPLETE,UNEXPECTED
2021-09-23 08:00:00,1.36559,1.37189,1.36481,1.3718,240,240,0,COMPLETE,
2021-09-23 12:00:00,1.37179,1.37489,1.37027,1.37442,240,240,0,COMPLETE,
2021-09-23 16:00:00,1.37443,1.37502,1.37224,1.37242,239,240,1,UNEXPECTED_INCOMPLETE,UNEXPECTED
2021-09-23 20:00:00,1.3724,1.37277,1.37127,1.37203,204,240,36,UNEXPECTED_INCOMPLETE,UNEXPECTED
2021-09-24 00:00:00,1.37205,1.37359,1.37161,1.37237,236,240,4,UNEXPECTED_INCOMPLETE,UNEXPECTED
2021-09-24 04:00:00,1.37233,1.37269,1.37017,1.37089,234,240,6,UNEXPECTED_INCOMPLETE,UNEXPECTED
2021-09-24 08:00:00,1.37087,1.37205,1.36718,1.3675,240,240,0,COMPLETE,
2021-09-24 12:00:00,1.36752,1.36947,1.36575,1.368,240,240,0,COMPLETE,
2021-09-24 16:00:00,1.36799,1.36898,1.36587,1.36703,230,240,10,UNEXPECTED_INCOMPLETE,UNEXPECTED
2021-09-24 20:00:00,1.36701,1.36761,1.36684,1.36718,51,240,189,UNEXPECTED_INCOMPLETE,EXPECTED|UNEXPECTED
2021-09-25 00:00:00,,,,,0,240,240,SESSION_CLOSED_EXPECTED,EXPECTED
2021-09-25 04:00:00,,,,,0,240,240,SESSION_CLOSED_EXPECTED,EXPECTED
2021-09-25 08:00:00,,,,,0,240,240,SESSION_CLOSED_EXPECTED,EXPECTED
2021-09-25 12:00:00,,,,,0,240,240,SESSION_CLOSED_EXPECTED,EXPECTED
2021-09-25 16:00:00,,,,,0,240,240,SESSION_CLOSED_EXPECTED,EXPECTED
2021-09-25 20:00:00,,,,,0,240,240,SESSION_CLOSED_EXPECTED,EXPECTED
2021-09-26 00:00:00,,,,,0,240,240,SESSION_CLOSED_EXPECTED,EXPECTED
2021-09-26 04:00:00,,,,,0,240,240,SESSION_CLOSED_EXPECTED,EXPECTED
2021-09-26 08:00:00,,,,,0,240,240,SESSION_CLOSED_EXPECTED,EXPECTED
2021-09-26 12:00:00,,,,,0,240,240,SESSION_CLOSED_EXPECTED,EXPECTED
2021-09-26 16:00:00,,,,,0,240,240,SESSION_CLOSED_EXPECTED,EXPECTED
2021-09-26 20:00:00,1.36604,1.36721,1.36567,1.36679,145,240,95,EXPECTED_INCOMPLETE,EXPECTED
2021-09-27 00:00:00,1.36678,1.36796,1.36638,1.36726,228,240,12,UNEXPECTED_INCOMPLETE,UNEXPECTED
2021-09-27 04:00:00,1.36728,1.36955,1.36569,1.36801,222,240,18,UNEXPECTED_INCOMPLETE,UNEXPECTED
2021-09-27 08:00:00,1.36804,1.3713,1.36792,1.36863,240,240,0,COMPLETE,
2021-09-27 12:00:00,1.36862,1.37286,1.36805,1.37116,240,240,0,COMPLETE,
2021-09-27 16:00:00,1.37115,1.37157,1.36994,1.37038,239,240,1,UNEXPECTED_INCOMPLETE,UNEXPECTED
2021-09-27 20:00:00,1.37036,1.37069,1.36951,1.37003,193,240,47,UNEXPECTED_INCOMPLETE,UNEXPECTED
2021-09-28 00:00:00,1.37003,1.37066,1.36878,1.37036,231,240,9,UNEXPECTED_INCOMPLETE,UNEXPECTED
2021-09-28 04:00:00,1.37034,1.3717,1.3664,1.36771,229,240,11,UNEXPECTED_INCOMPLETE,UNEXPECTED
2021-09-28 08:00:00,1.36771,1.36775,1.35931,1.35971,240,240,0,COMPLETE,
2021-09-28 12:00:00,1.35969,1.35971,1.35228,1.35355,240,240,0,COMPLETE,
2021-09-28 16:00:00,1.35352,1.3546,1.35204,1.35393,240,240,0,COMPLETE,
2021-09-28 20:00:00,1.3539,1.35457,1.35275,1.3541,210,240,30,UNEXPECTED_INCOMPLETE,UNEXPECTED
2021-09-29 00:00:00,1.35412,1.35471,1.35294,1.35456,239,240,1,UNEXPECTED_INCOMPLETE,UNEXPECTED
2021-09-29 04:00:00,1.35457,1.35541,1.35024,1.35176,237,240,3,UNEXPECTED_INCOMPLETE,UNEXPECTED
2021-09-29 08:00:00,1.35178,1.35296,1.34718,1.34896,240,240,0,COMPLETE,
2021-09-29 12:00:00,1.34893,1.349,1.34215,1.34368,240,240,0,COMPLETE,
2021-09-29 16:00:00,1.3437,1.34418,1.34105,1.34163,238,240,2,UNEXPECTED_INCOMPLETE,UNEXPECTED
2021-09-29 20:00:00,1.34159,1.34313,1.34149,1.34266,198,240,42,UNEXPECTED_INCOMPLETE,UNEXPECTED
2021-09-30 00:00:00,1.34268,1.34579,1.34246,1.34552,236,240,4,UNEXPECTED_INCOMPLETE,UNEXPECTED
2021-09-30 04:00:00,1.34551,1.34591,1.34142,1.34421,235,240,5,UNEXPECTED_INCOMPLETE,UNEXPECTED
2021-09-30 08:00:00,1.34425,1.34685,1.34294,1.34493,240,240,0,COMPLETE,
2021-09-30 12:00:00,1.34492,1.35169,1.34491,1.34688,240,240,0,COMPLETE,
2021-09-30 16:00:00,1.3469,1.34842,1.34469,1.3472,240,240,0,COMPLETE,
2021-09-30 20:00:00,1.34718,1.348,1.34661,1.34683,212,240,28,UNEXPECTED_INCOMPLETE,UNEXPECTED
2021-10-01 00:00:00,1.34684,1.34724,1.34443,1.34544,239,240,1,UNEXPECTED_INCOMPLETE,UNEXPECTED
2021-10-01 04:00:00,1.34544,1.34653,1.34331,1.34607,239,240,1,UNEXPECTED_INCOMPLETE,UNEXPECTED
2021-10-01 08:00:00,1.34605,1.35417,1.34486,1.35401,240,240,0,COMPLETE,
2021-10-01 12:00:00,1.35398,1.35751,1.3525,1.35698,240,240,0,COMPLETE,
2021-10-01 16:00:00,1.357,1.35748,1.35467,1.35511,237,240,3,UNEXPECTED_INCOMPLETE,UNEXPECTED
2021-10-01 20:00:00,1.3551,1.35526,1.35422,1.35441,55,240,185,UNEXPECTED_INCOMPLETE,EXPECTED|UNEXPECTED
2021-10-02 00:00:00,,,,,0,240,240,SESSION_CLOSED_EXPECTED,EXPECTED
2021-10-02 04:00:00,,,,,0,240,240,SESSION_CLOSED_EXPECTED,EXPECTED
2021-10-02 08:00:00,,,,,0,240,240,SESSION_CLOSED_EXPECTED,EXPECTED
2021-10-02 12:00:00,,,,,0,240,240,SESSION_CLOSED_EXPECTED,EXPECTED
2021-10-02 16:00:00,,,,,0,240,240,SESSION_CLOSED_EXPECTED,EXPECTED
2021-10-02 20:00:00,,,,,0,240,240,SESSION_CLOSED_EXPECTED,EXPECTED
2021-10-03 00:00:00,,,,,0,240,240,SESSION_CLOSED_EXPECTED,EXPECTED
2021-10-03 04:00:00,,,,,0,240,240,SESSION_CLOSED_EXPECTED,EXPECTED
2021-10-03 08:00:00,,,,,0,240,240,SESSION_CLOSED_EXPECTED,EXPECTED
2021-10-03 12:00:00,,,,,0,240,240,SESSION_CLOSED_EXPECTED,EXPECTED
2021-10-03 16:00:00,,,,,0,240,240,SESSION_CLOSED_EXPECTED,EXPECTED
2021-10-03 20:00:00,1.35495,1.35751,1.35385,1.35693,148,240,92,EXPECTED_INCOMPLETE,EXPECTED
2021-10-04 00:00:00,1.35696,1.35767,1.35333,1.35344,235,240,5,UNEXPECTED_INCOMPLETE,UNEXPECTED
2021-10-04 04:00:00,1.35342,1.35631,1.353,1.3562,234,240,6,UNEXPECTED_INCOMPLETE,UNEXPECTED
2021-10-04 08:00:00,1.35622,1.36064,1.35428,1.36049,240,240,0,COMPLETE,
2021-10-04 12:00:00,1.36048,1.36398,1.35942,1.36001,240,240,0,COMPLETE,
2021-10-04 16:00:00,1.36003,1.36179,1.35983,1.36125,240,240,0,COMPLETE,
2021-10-04 20:00:00,1.36127,1.36155,1.35994,1.36063,211,240,29,UNEXPECTED_INCOMPLETE,UNEXPECTED
2021-10-05 00:00:00,1.36061,1.36117,1.35841,1.35953,237,240,3,UNEXPECTED_INCOMPLETE,UNEXPECTED
2021-10-05 04:00:00,1.35951,1.36165,1.35841,1.36079,233,240,7,UNEXPECTED_INCOMPLETE,UNEXPECTED
2021-10-05 08:00:00,1.36081,1.36422,1.36052,1.36194,239,240,1,UNEXPECTED_INCOMPLETE,UNEXPECTED
2021-10-05 12:00:00,1.36191,1.36472,1.3599,1.36394,240,240,0,COMPLETE,
2021-10-05 16:00:00,1.36393,1.36442,1.36217,1.36238,240,240,0,COMPLETE,
2021-10-05 20:00:00,1.36239,1.36296,1.36199,1.36258,194,240,46,UNEXPECTED_INCOMPLETE,UNEXPECTED
2021-10-06 00:00:00,1.36257,1.36308,1.3609,1.36137,228,240,12,UNEXPECTED_INCOMPLETE,UNEXPECTED
2021-10-06 04:00:00,1.3614,1.36145,1.35624,1.3563,233,240,7,UNEXPECTED_INCOMPLETE,UNEXPECTED
2021-10-06 08:00:00,1.35631,1.3578,1.35436,1.35711,240,240,0,COMPLETE,
2021-10-06 12:00:00,1.35708,1.35907,1.35496,1.35656,240,240,0,COMPLETE,
2021-10-06 16:00:00,1.3566,1.35889,1.35529,1.35886,240,240,0,COMPLETE,
2021-10-06 20:00:00,1.35884,1.35923,1.35759,1.35916,177,240,63,UNEXPECTED_INCOMPLETE,EXPECTED|UNEXPECTED
2021-10-07 00:00:00,1.35918,1.35973,1.3577,1.35839,230,240,10,UNEXPECTED_INCOMPLETE,UNEXPECTED
2021-10-07 04:00:00,1.35838,1.36044,1.35727,1.35816,225,240,15,UNEXPECTED_INCOMPLETE,UNEXPECTED
2021-10-07 08:00:00,1.35815,1.36175,1.35701,1.36062,239,240,1,UNEXPECTED_INCOMPLETE,UNEXPECTED
2021-10-07 12:00:00,1.36065,1.36379,1.35851,1.36318,240,240,0,COMPLETE,
2021-10-07 16:00:00,1.36317,1.36374,1.36129,1.3616,238,240,2,UNEXPECTED_INCOMPLETE,UNEXPECTED
2021-10-07 20:00:00,1.36161,1.3619,1.36084,1.36187,204,240,36,UNEXPECTED_INCOMPLETE,UNEXPECTED
2021-10-08 00:00:00,1.36185,1.36228,1.36062,1.36092,239,240,1,UNEXPECTED_INCOMPLETE,UNEXPECTED
2021-10-08 04:00:00,1.36094,1.36125,1.3582,1.35921,235,240,5,UNEXPECTED_INCOMPLETE,UNEXPECTED
2021-10-08 08:00:00,1.35919,1.36372,1.3586,1.36232,240,240,0,COMPLETE,
2021-10-08 12:00:00,1.3623,1.36578,1.36114,1.36287,240,240,0,COMPLETE,
2021-10-08 16:00:00,1.36289,1.36289,1.36093,1.36195,232,240,8,UNEXPECTED_INCOMPLETE,UNEXPECTED
2021-10-08 20:00:00,1.36194,1.36203,1.36115,1.36148,49,240,191,UNEXPECTED_INCOMPLETE,EXPECTED|UNEXPECTED
2021-10-09 00:00:00,,,,,0,240,240,SESSION_CLOSED_EXPECTED,EXPECTED
2021-10-09 04:00:00,,,,,0,240,240,SESSION_CLOSED_EXPECTED,EXPECTED
2021-10-09 08:00:00,,,,,0,240,240,SESSION_CLOSED_EXPECTED,EXPECTED
2021-10-09 12:00:00,,,,,0,240,240,SESSION_CLOSED_EXPECTED,EXPECTED
2021-10-09 16:00:00,,,,,0,240,240,SESSION_CLOSED_EXPECTED,EXPECTED
2021-10-09 20:00:00,,,,,0,240,240,SESSION_CLOSED_EXPECTED,EXPECTED
2021-10-10 00:00:00,,,,,0,240,240,SESSION_CLOSED_EXPECTED,EXPECTED
2021-10-10 04:00:00,,,,,0,240,240,SESSION_CLOSED_EXPECTED,EXPECTED
2021-10-10 08:00:00,,,,,0,240,240,SESSION_CLOSED_EXPECTED,EXPECTED
2021-10-10 12:00:00,,,,,0,240,240,SESSION_CLOSED_EXPECTED,EXPECTED
2021-10-10 16:00:00,,,,,0,240,240,SESSION_CLOSED_EXPECTED,EXPECTED
2021-10-10 20:00:00,1.36126,1.36259,1.36077,1.36155,161,240,79,EXPECTED_INCOMPLETE,EXPECTED
2021-10-11 00:00:00,1.36156,1.36555,1.3615,1.36364,234,240,6,UNEXPECTED_INCOMPLETE,UNEXPECTED
2021-10-11 04:00:00,1.36363,1.36735,1.36342,1.36476,232,240,8,UNEXPECTED_INCOMPLETE,UNEXPECTED
2021-10-11 08:00:00,1.36476,1.36564,1.36107,1.36291,240,240,0,COMPLETE,
2021-10-11 12:00:00,1.36289,1.36508,1.36179,1.36242,240,240,0,COMPLETE,
2021-10-11 16:00:00,1.36243,1.36243,1.35853,1.35864,237,240,3,UNEXPECTED_INCOMPLETE,UNEXPECTED
2021-10-11 20:00:00,1.35867,1.35961,1.35841,1.35906,185,240,55,UNEXPECTED_INCOMPLETE,UNEXPECTED
2021-10-12 00:00:00,1.35908,1.36019,1.35805,1.35963,235,240,5,UNEXPECTED_INCOMPLETE,UNEXPECTED
2021-10-12 04:00:00,1.35962,1.36117,1.35828,1.35844,231,240,9,UNEXPECTED_INCOMPLETE,UNEXPECTED
2021-10-12 08:00:00,1.35844,1.36296,1.3568,1.36252,239,240,1,UNEXPECTED_INCOMPLETE,UNEXPECTED
2021-10-12 12:00:00,1.36249,1.36369,1.35689,1.36027,240,240,0,COMPLETE,
2021-10-12 16:00:00,1.36027,1.36053,1.3576,1.3593,239,240,1,UNEXPECTED_INCOMPLETE,UNEXPECTED
2021-10-12 20:00:00,1.35929,1.35929,1.35755,1.35766,190,240,50,UNEXPECTED_INCOMPLETE,UNEXPECTED
2021-10-13 00:00:00,1.35764,1.36178,1.35754,1.36135,236,240,4,UNEXPECTED_INCOMPLETE,UNEXPECTED
2021-10-13 04:00:00,1.36137,1.36275,1.36016,1.36204,235,240,5,UNEXPECTED_INCOMPLETE,UNEXPECTED
2021-10-13 08:00:00,1.36206,1.36437,1.36161,1.36206,240,240,0,COMPLETE,
2021-10-13 12:00:00,1.36205,1.36478,1.35873,1.36439,240,240,0,COMPLETE,
2021-10-13 16:00:00,1.3644,1.36645,1.36312,1.36607,240,240,0,COMPLETE,
2021-10-13 20:00:00,1.36608,1.36685,1.36505,1.36679,172,240,68,UNEXPECTED_INCOMPLETE,UNEXPECTED
2021-10-14 00:00:00,1.36681,1.3672,1.36579,1.3669,201,240,39,UNEXPECTED_INCOMPLETE,UNEXPECTED
2021-10-14 04:00:00,1.36693,1.36985,1.36608,1.36967,217,240,23,UNEXPECTED_INCOMPLETE,UNEXPECTED
2021-10-14 08:00:00,1.36964,1.37336,1.36953,1.3716,240,240,0,COMPLETE,
2021-10-14 12:00:00,1.37155,1.37197,1.36749,1.3684,239,240,1,UNEXPECTED_INCOMPLETE,UNEXPECTED
2021-10-14 16:00:00,1.36838,1.36908,1.36696,1.36709,236,240,4,UNEXPECTED_INCOMPLETE,UNEXPECTED
2021-10-14 20:00:00,1.36707,1.36766,1.36657,1.36677,178,240,62,UNEXPECTED_INCOMPLETE,UNEXPECTED
2021-10-15 00:00:00,1.36679,1.36882,1.36677,1.3685,228,240,12,UNEXPECTED_INCOMPLETE,UNEXPECTED
2021-10-15 04:00:00,1.36849,1.37277,1.36745,1.372,233,240,7,UNEXPECTED_INCOMPLETE,UNEXPECTED
2021-10-15 08:00:00,1.37201,1.37576,1.37156,1.37504,240,240,0,COMPLETE,
2021-10-15 12:00:00,1.37507,1.37726,1.37326,1.37554,240,240,0,COMPLETE,
2021-10-15 16:00:00,1.37553,1.37636,1.37398,1.37426,238,240,2,UNEXPECTED_INCOMPLETE,UNEXPECTED
2021-10-15 20:00:00,1.37427,1.37474,1.37392,1.37445,54,240,186,UNEXPECTED_INCOMPLETE,EXPECTED|UNEXPECTED
2021-10-16 00:00:00,,,,,0,240,240,SESSION_CLOSED_EXPECTED,EXPECTED
2021-10-16 04:00:00,,,,,0,240,240,SESSION_CLOSED_EXPECTED,EXPECTED
2021-10-16 08:00:00,,,,,0,240,240,SESSION_CLOSED_EXPECTED,EXPECTED
2021-10-16 12:00:00,,,,,0,240,240,SESSION_CLOSED_EXPECTED,EXPECTED
2021-10-16 16:00:00,,,,,0,240,240,SESSION_CLOSED_EXPECTED,EXPECTED
2021-10-16 20:00:00,,,,,0,240,240,SESSION_CLOSED_EXPECTED,EXPECTED
2021-10-17 00:00:00,,,,,0,240,240,SESSION_CLOSED_EXPECTED,EXPECTED
2021-10-17 04:00:00,,,,,0,240,240,SESSION_CLOSED_EXPECTED,EXPECTED
2021-10-17 08:00:00,,,,,0,240,240,SESSION_CLOSED_EXPECTED,EXPECTED
2021-10-17 12:00:00,,,,,0,240,240,SESSION_CLOSED_EXPECTED,EXPECTED
2021-10-17 16:00:00,,,,,0,240,240,SESSION_CLOSED_EXPECTED,EXPECTED
2021-10-17 20:00:00,1.37448,1.37646,1.37422,1.37602,168,240,72,EXPECTED_INCOMPLETE,EXPECTED
2021-10-18 00:00:00,1.37603,1.37631,1.37273,1.37295,220,240,20,UNEXPECTED_INCOMPLETE,UNEXPECTED
2021-10-18 04:00:00,1.37296,1.37465,1.37192,1.37465,231,240,9,UNEXPECTED_INCOMPLETE,UNEXPECTED
2021-10-18 08:00:00,1.37467,1.37469,1.37162,1.37341,240,240,0,COMPLETE,
2021-10-18 12:00:00,1.37337,1.37454,1.37085,1.37266,239,240,1,UNEXPECTED_INCOMPLETE,UNEXPECTED
2021-10-18 16:00:00,1.37268,1.37394,1.3723,1.37312,236,240,4,UNEXPECTED_INCOMPLETE,UNEXPECTED
2021-10-18 20:00:00,1.3731,1.37359,1.37192,1.3735,190,240,50,UNEXPECTED_INCOMPLETE,UNEXPECTED
2021-10-19 00:00:00,1.37353,1.37662,1.37353,1.37653,231,240,9,UNEXPECTED_INCOMPLETE,UNEXPECTED
2021-10-19 04:00:00,1.37652,1.37873,1.37651,1.37796,230,240,10,UNEXPECTED_INCOMPLETE,UNEXPECTED
2021-10-19 08:00:00,1.37792,1.38335,1.37785,1.38245,240,240,0,COMPLETE,
2021-10-19 12:00:00,1.38244,1.38318,1.37913,1.38056,240,240,0,COMPLETE,
2021-10-19 16:00:00,1.38055,1.38121,1.37913,1.37913,231,240,9,UNEXPECTED_INCOMPLETE,UNEXPECTED
2021-10-19 20:00:00,1.37914,1.37946,1.37861,1.37919,155,240,85,UNEXPECTED_INCOMPLETE,UNEXPECTED
2021-10-20 00:00:00,1.37921,1.38145,1.37878,1.38075,231,240,9,UNEXPECTED_INCOMPLETE,UNEXPECTED
2021-10-20 04:00:00,1.38071,1.38128,1.37679,1.37729,233,240,7,UNEXPECTED_INCOMPLETE,UNEXPECTED
2021-10-20 08:00:00,1.37731,1.37892,1.37419,1.37424,238,240,2,UNEXPECTED_INCOMPLETE,UNEXPECTED
2021-10-20 12:00:00,1.37422,1.38238,1.37421,1.38201,240,240,0,COMPLETE,
2021-10-20 16:00:00,1.38202,1.38339,1.38167,1.38249,238,240,2,UNEXPECTED_INCOMPLETE,UNEXPECTED
2021-10-20 20:00:00,1.38252,1.38274,1.38094,1.38214,191,240,49,UNEXPECTED_INCOMPLETE,UNEXPECTED
2021-10-21 00:00:00,1.38216,1.38328,1.38214,1.38316,232,240,8,UNEXPECTED_INCOMPLETE,UNEXPECTED
2021-10-21 04:00:00,1.38316,1.3832,1.37904,1.38144,236,240,4,UNEXPECTED_INCOMPLETE,UNEXPECTED
2021-10-21 08:00:00,1.38152,1.38167,1.37854,1.38111,236,240,4,UNEXPECTED_INCOMPLETE,UNEXPECTED
2021-10-21 12:00:00,1.38109,1.3824,1.37946,1.38099,240,240,0,COMPLETE,
2021-10-21 16:00:00,1.38096,1.38129,1.37756,1.37869,237,240,3,UNEXPECTED_INCOMPLETE,UNEXPECTED
2021-10-21 20:00:00,1.3787,1.37948,1.37842,1.37907,191,240,49,UNEXPECTED_INCOMPLETE,UNEXPECTED
2021-10-22 00:00:00,1.37904,1.38089,1.37823,1.37957,235,240,5,UNEXPECTED_INCOMPLETE,UNEXPECTED
2021-10-22 04:00:00,1.37955,1.38031,1.37769,1.37774,237,240,3,UNEXPECTED_INCOMPLETE,UNEXPECTED
2021-10-22 08:00:00,1.37772,1.3814,1.377,1.37829,240,240,0,COMPLETE,
2021-10-22 12:00:00,1.37826,1.37934,1.37348,1.37428,240,240,0,COMPLETE,
2021-10-22 16:00:00,1.37426,1.37614,1.37355,1.37614,240,240,0,COMPLETE,
2021-10-22 20:00:00,1.37613,1.37616,1.37534,1.3758,53,240,187,UNEXPECTED_INCOMPLETE,EXPECTED|UNEXPECTED
2021-10-23 00:00:00,,,,,0,240,240,SESSION_CLOSED_EXPECTED,EXPECTED
2021-10-23 04:00:00,,,,,0,240,240,SESSION_CLOSED_EXPECTED,EXPECTED
2021-10-23 08:00:00,,,,,0,240,240,SESSION_CLOSED_EXPECTED,EXPECTED
2021-10-23 12:00:00,,,,,0,240,240,SESSION_CLOSED_EXPECTED,EXPECTED
2021-10-23 16:00:00,,,,,0,240,240,SESSION_CLOSED_EXPECTED,EXPECTED
2021-10-23 20:00:00,,,,,0,240,240,SESSION_CLOSED_EXPECTED,EXPECTED
2021-10-24 00:00:00,,,,,0,240,240,SESSION_CLOSED_EXPECTED,EXPECTED
2021-10-24 04:00:00,,,,,0,240,240,SESSION_CLOSED_EXPECTED,EXPECTED
2021-10-24 08:00:00,,,,,0,240,240,SESSION_CLOSED_EXPECTED,EXPECTED
2021-10-24 12:00:00,,,,,0,240,240,SESSION_CLOSED_EXPECTED,EXPECTED
2021-10-24 16:00:00,,,,,0,240,240,SESSION_CLOSED_EXPECTED,EXPECTED
2021-10-24 20:00:00,1.37442,1.37642,1.3744,1.37615,134,240,106,EXPECTED_INCOMPLETE,EXPECTED
2021-10-25 00:00:00,1.37617,1.37845,1.37594,1.3781,239,240,1,UNEXPECTED_INCOMPLETE,UNEXPECTED
2021-10-25 04:00:00,1.37807,1.37905,1.37592,1.37871,238,240,2,UNEXPECTED_INCOMPLETE,UNEXPECTED
2021-10-25 08:00:00,1.37871,1.37916,1.37417,1.37539,240,240,0,COMPLETE,
2021-10-25 12:00:00,1.37536,1.37793,1.37414,1.37729,240,240,0,COMPLETE,
2021-10-25 16:00:00,1.37726,1.37753,1.37561,1.37661,237,240,3,UNEXPECTED_INCOMPLETE,UNEXPECTED
2021-10-25 20:00:00,1.37658,1.37692,1.37582,1.3763,173,240,67,UNEXPECTED_INCOMPLETE,EXPECTED|UNEXPECTED
2021-10-26 00:00:00,1.37632,1.37717,1.37564,1.37653,231,240,9,UNEXPECTED_INCOMPLETE,UNEXPECTED
2021-10-26 04:00:00,1.37652,1.37868,1.37568,1.37701,236,240,4,UNEXPECTED_INCOMPLETE,UNEXPECTED
2021-10-26 08:00:00,1.37702,1.38291,1.37653,1.38064,240,240,0,COMPLETE,
2021-10-26 12:00:00,1.38062,1.38091,1.37651,1.37692,240,240,0,COMPLETE,
2021-10-26 16:00:00,1.37691,1.37704,1.37579,1.37631,239,240,1,UNEXPECTED_INCOMPLETE,UNEXPECTED
2021-10-26 20:00:00,1.3763,1.3767,1.37588,1.3765,186,240,54,UNEXPECTED_INCOMPLETE,UNEXPECTED
2021-10-27 00:00:00,1.37652,1.37774,1.37651,1.37692,234,240,6,UNEXPECTED_INCOMPLETE,UNEXPECTED
2021-10-27 04:00:00,1.37693,1.37801,1.37415,1.37459,235,240,5,UNEXPECTED_INCOMPLETE,UNEXPECTED
2021-10-27 08:00:00,1.37458,1.37592,1.371,1.37322,240,240,0,COMPLETE,
2021-10-27 12:00:00,1.3732,1.37542,1.37091,1.37379,240,240,0,COMPLETE,
2021-10-27 16:00:00,1.3738,1.37587,1.37315,1.37365,239,240,1,UNEXPECTED_INCOMPLETE,UNEXPECTED
2021-10-27 20:00:00,1.37365,1.37416,1.37305,1.37313,192,240,48,UNEXPECTED_INCOMPLETE,UNEXPECTED
2021-10-28 00:00:00,1.37315,1.37459,1.37218,1.37456,239,240,1,UNEXPECTED_INCOMPLETE,UNEXPECTED
2021-10-28 04:00:00,1.37455,1.37731,1.37348,1.37588,236,240,4,UNEXPECTED_INCOMPLETE,UNEXPECTED
2021-10-28 08:00:00,1.3759,1.37662,1.37385,1.37492,240,240,0,COMPLETE,
2021-10-28 12:00:00,1.3749,1.38145,1.37298,1.38034,240,240,0,COMPLETE,
2021-10-28 16:00:00,1.38036,1.38063,1.37851,1.37883,240,240,0,COMPLETE,
2021-10-28 20:00:00,1.37882,1.38001,1.37866,1.3798,203,240,37,UNEXPECTED_INCOMPLETE,UNEXPECTED
2021-10-29 00:00:00,1.37983,1.38033,1.37873,1.37947,236,240,4,UNEXPECTED_INCOMPLETE,UNEXPECTED
2021-10-29 04:00:00,1.37945,1.38014,1.37758,1.37895,235,240,5,UNEXPECTED_INCOMPLETE,UNEXPECTED
2021-10-29 08:00:00,1.37891,1.38,1.37634,1.37889,240,240,0,COMPLETE,
2021-10-29 12:00:00,1.37887,1.37896,1.3679,1.36843,240,240,0,COMPLETE,
2021-10-29 16:00:00,1.36844,1.36982,1.36679,1.36848,239,240,1,UNEXPECTED_INCOMPLETE,UNEXPECTED
2021-10-29 20:00:00,1.36847,1.36952,1.36834,1.36917,55,240,185,UNEXPECTED_INCOMPLETE,EXPECTED|UNEXPECTED
2021-10-30 00:00:00,,,,,0,240,240,SESSION_CLOSED_EXPECTED,EXPECTED
2021-10-30 04:00:00,,,,,0,240,240,SESSION_CLOSED_EXPECTED,EXPECTED
2021-10-30 08:00:00,,,,,0,240,240,SESSION_CLOSED_EXPECTED,EXPECTED
2021-10-30 12:00:00,,,,,0,240,240,SESSION_CLOSED_EXPECTED,EXPECTED
2021-10-30 16:00:00,,,,,0,240,240,SESSION_CLOSED_EXPECTED,EXPECTED
2021-10-30 20:00:00,,,,,0,240,240,SESSION_CLOSED_EXPECTED,EXPECTED
2021-10-31 00:00:00,,,,,0,240,240,SESSION_CLOSED_EXPECTED,EXPECTED
2021-10-31 04:00:00,,,,,0,240,240,SESSION_CLOSED_EXPECTED,EXPECTED
2021-10-31 08:00:00,,,,,0,240,240,SESSION_CLOSED_EXPECTED,EXPECTED
2021-10-31 12:00:00,,,,,0,240,240,SESSION_CLOSED_EXPECTED,EXPECTED
2021-10-31 16:00:00,,,,,0,240,240,SESSION_CLOSED_EXPECTED,EXPECTED
2021-10-31 20:00:00,1.3679,1.36876,1.36767,1.36819,149,240,91,EXPECTED_INCOMPLETE,EXPECTED
2021-11-01 00:00:00,1.36823,1.36875,1.36647,1.3679,235,240,5,UNEXPECTED_INCOMPLETE,UNEXPECTED
2021-11-01 04:00:00,1.36789,1.36873,1.36422,1.36507,236,240,4,UNEXPECTED_INCOMPLETE,UNEXPECTED
2021-11-01 08:00:00,1.36506,1.3678,1.36415,1.36761,240,240,0,COMPLETE,
2021-11-01 12:00:00,1.36759,1.36927,1.36609,1.36775,240,240,0,COMPLETE,
2021-11-01 16:00:00,1.36778,1.36812,1.36524,1.36624,235,240,5,UNEXPECTED_INCOMPLETE,UNEXPECTED
2021-11-01 20:00:00,1.36622,1.36664,1.36534,1.36541,191,240,49,UNEXPECTED_INCOMPLETE,UNEXPECTED
2021-11-02 00:00:00,1.36543,1.36591,1.36449,1.36508,235,240,5,UNEXPECTED_INCOMPLETE,UNEXPECTED
2021-11-02 04:00:00,1.36506,1.36663,1.36388,1.36586,239,240,1,UNEXPECTED_INCOMPLETE,UNEXPECTED
2021-11-02 08:00:00,1.36583,1.36606,1.36249,1.3648,240,240,0,COMPLETE,
2021-11-02 12:00:00,1.36479,1.36634,1.3608,1.3611,240,240,0,COMPLETE,
2021-11-02 16:00:00,1.36109,1.36247,1.36052,1.36155,237,240,3,UNEXPECTED_INCOMPLETE,UNEXPECTED
2021-11-02 20:00:00,1.36156,1.36189,1.36067,1.36156,180,240,60,UNEXPECTED_INCOMPLETE,EXPECTED|UNEXPECTED
2021-11-03 00:00:00,1.36158,1.3633,1.36103,1.36318,233,240,7,UNEXPECTED_INCOMPLETE,UNEXPECTED
2021-11-03 04:00:00,1.3632,1.36342,1.36189,1.36199,238,240,2,UNEXPECTED_INCOMPLETE,UNEXPECTED
2021-11-03 08:00:00,1.36196,1.3654,1.36069,1.3653,240,240,0,COMPLETE,
2021-11-03 12:00:00,1.36529,1.36659,1.36328,1.36587,240,240,0,COMPLETE,
2021-11-03 16:00:00,1.36584,1.36917,1.36424,1.36817,240,240,0,COMPLETE,
2021-11-03 20:00:00,1.36819,1.36979,1.36782,1.36936,207,240,33,UNEXPECTED_INCOMPLETE,UNEXPECTED
2021-11-04 00:00:00,1.36937,1.36937,1.36591,1.36618,231,240,9,UNEXPECTED_INCOMPLETE,UNEXPECTED
2021-11-04 04:00:00,1.36618,1.36688,1.36505,1.36575,234,240,6,UNEXPECTED_INCOMPLETE,UNEXPECTED
2021-11-04 08:00:00,1.36579,1.36601,1.3616,1.36406,240,240,0,COMPLETE,
2021-11-04 12:00:00,1.36404,1.36405,1.34707,1.34912,240,240,0,COMPLETE,
2021-11-04 16:00:00,1.34913,1.35154,1.3484,1.3503,238,240,2,UNEXPECTED_INCOMPLETE,UNEXPECTED
2021-11-04 20:00:00,1.35028,1.35075,1.34879,1.35073,198,240,42,UNEXPECTED_INCOMPLETE,UNEXPECTED
2021-11-05 00:00:00,1.35075,1.35075,1.34836,1.34991,238,240,2,UNEXPECTED_INCOMPLETE,UNEXPECTED
2021-11-05 04:00:00,1.34992,1.35085,1.34895,1.35042,235,240,5,UNEXPECTED_INCOMPLETE,UNEXPECTED
2021-11-05 08:00:00,1.35045,1.35047,1.34237,1.3442,240,240,0,COMPLETE,
2021-11-05 12:00:00,1.34417,1.34992,1.34294,1.34897,240,240,0,COMPLETE,
2021-11-05 16:00:00,1.34895,1.35065,1.34765,1.34924,239,240,1,UNEXPECTED_INCOMPLETE,UNEXPECTED
2021-11-05 20:00:00,1.34925,1.34959,1.34873,1.34951,53,240,187,UNEXPECTED_INCOMPLETE,EXPECTED|UNEXPECTED
2021-11-06 00:00:00,,,,,0,240,240,SESSION_CLOSED_EXPECTED,EXPECTED
2021-11-06 04:00:00,,,,,0,240,240,SESSION_CLOSED_EXPECTED,EXPECTED
2021-11-06 08:00:00,,,,,0,240,240,SESSION_CLOSED_EXPECTED,EXPECTED
2021-11-06 12:00:00,,,,,0,240,240,SESSION_CLOSED_EXPECTED,EXPECTED
2021-11-06 16:00:00,,,,,0,240,240,SESSION_CLOSED_EXPECTED,EXPECTED
2021-11-06 20:00:00,,,,,0,240,240,SESSION_CLOSED_EXPECTED,EXPECTED
2021-11-07 00:00:00,,,,,0,240,240,SESSION_CLOSED_EXPECTED,EXPECTED
2021-11-07 04:00:00,,,,,0,240,240,SESSION_CLOSED_EXPECTED,EXPECTED
2021-11-07 08:00:00,,,,,0,240,240,SESSION_CLOSED_EXPECTED,EXPECTED
2021-11-07 12:00:00,,,,,0,240,240,SESSION_CLOSED_EXPECTED,EXPECTED
2021-11-07 16:00:00,,,,,0,240,240,SESSION_CLOSED_EXPECTED,EXPECTED
2021-11-07 20:00:00,1.34822,1.34916,1.34814,1.349,104,240,136,EXPECTED_INCOMPLETE,EXPECTED
2021-11-08 00:00:00,1.34898,1.34939,1.34716,1.34787,237,240,3,UNEXPECTED_INCOMPLETE,UNEXPECTED
2021-11-08 04:00:00,1.34789,1.34956,1.34726,1.34804,230,240,10,UNEXPECTED_INCOMPLETE,UNEXPECTED
2021-11-08 08:00:00,1.34804,1.3516,1.34498,1.35149,240,240,0,COMPLETE,
2021-11-08 12:00:00,1.35148,1.35793,1.35036,1.35614,240,240,0,COMPLETE,
2021-11-08 16:00:00,1.35611,1.35683,1.35488,1.35546,237,240,3,UNEXPECTED_INCOMPLETE,UNEXPECTED
2021-11-08 20:00:00,1.35549,1.35678,1.3552,1.35631,204,240,36,UNEXPECTED_INCOMPLETE,UNEXPECTED
2021-11-09 00:00:00,1.35629,1.35666,1.35475,1.35567,234,240,6,UNEXPECTED_INCOMPLETE,UNEXPECTED
2021-11-09 04:00:00,1.35569,1.35817,1.35565,1.35657,238,240,2,UNEXPECTED_INCOMPLETE,UNEXPECTED
2021-11-09 08:00:00,1.35659,1.36069,1.35565,1.35696,240,240,0,COMPLETE,
2021-11-09 12:00:00,1.35695,1.35746,1.35286,1.355,240,240,0,COMPLETE,
2021-11-09 16:00:00,1.35501,1.35674,1.35237,1.35615,238,240,2,UNEXPECTED_INCOMPLETE,UNEXPECTED
2021-11-09 20:00:00,1.35613,1.35677,1.35507,1.35593,188,240,52,UNEXPECTED_INCOMPLETE,UNEXPECTED
2021-11-10 00:00:00,1.35595,1.35644,1.35457,1.35572,233,240,7,UNEXPECTED_INCOMPLETE,UNEXPECTED
2021-11-10 04:00:00,1.35575,1.35632,1.35434,1.35535,238,240,2,UNEXPECTED_INCOMPLETE,UNEXPECTED
2021-11-10 08:00:00,1.35532,1.35576,1.35005,1.35102,239,240,1,UNEXPECTED_INCOMPLETE,UNEXPECTED
2021-11-10 12:00:00,1.35098,1.35386,1.34679,1.34746,240,240,0,COMPLETE,
2021-11-10 16:00:00,1.34743,1.34991,1.34128,1.34133,240,240,0,COMPLETE,
2021-11-10 20:00:00,1.34135,1.34154,1.33986,1.34116,223,240,17,UNEXPECTED_INCOMPLETE,UNEXPECTED
2021-11-11 00:00:00,1.34114,1.34193,1.33923,1.34067,240,240,0,COMPLETE,
2021-11-11 04:00:00,1.34065,1.34328,1.33863,1.33909,239,240,1,UNEXPECTED_INCOMPLETE,UNEXPECTED
2021-11-11 08:00:00,1.33911,1.34097,1.33628,1.3398,240,240,0,COMPLETE,
2021-11-11 12:00:00,1.33979,1.34163,1.33819,1.33917,239,240,1,UNEXPECTED_INCOMPLETE,UNEXPECTED
2021-11-11 16:00:00,1.33916,1.33953,1.33597,1.33631,238,240,2,UNEXPECTED_INCOMPLETE,UNEXPECTED
2021-11-11 20:00:00,1.3363,1.3367,1.33576,1.33642,228,240,12,UNEXPECTED_INCOMPLETE,EXPECTED|UNEXPECTED
2021-11-12 00:00:00,1.33644,1.33713,1.3353,1.33601,229,240,11,UNEXPECTED_INCOMPLETE,UNEXPECTED
2021-11-12 04:00:00,1.33598,1.33885,1.33589,1.33881,234,240,6,UNEXPECTED_INCOMPLETE,UNEXPECTED
2021-11-12 08:00:00,1.33884,1.34112,1.3377,1.3392,239,240,1,UNEXPECTED_INCOMPLETE,UNEXPECTED
2021-11-12 12:00:00,1.33921,1.34241,1.33786,1.33936,240,240,0,COMPLETE,
2021-11-12 16:00:00,1.33934,1.34258,1.33918,1.34137,239,240,1,UNEXPECTED_INCOMPLETE,UNEXPECTED
2021-11-12 20:00:00,1.34139,1.34221,1.34079,1.34127,115,240,125,UNEXPECTED_INCOMPLETE,EXPECTED|UNEXPECTED
2021-11-13 00:00:00,,,,,0,240,240,SESSION_CLOSED_EXPECTED,EXPECTED
2021-11-13 04:00:00,,,,,0,240,240,SESSION_CLOSED_EXPECTED,EXPECTED
2021-11-13 08:00:00,,,,,0,240,240,SESSION_CLOSED_EXPECTED,EXPECTED
2021-11-13 12:00:00,,,,,0,240,240,SESSION_CLOSED_EXPECTED,EXPECTED
2021-11-13 16:00:00,,,,,0,240,240,SESSION_CLOSED_EXPECTED,EXPECTED
2021-11-13 20:00:00,,,,,0,240,240,SESSION_CLOSED_EXPECTED,EXPECTED
2021-11-14 00:00:00,,,,,0,240,240,SESSION_CLOSED_EXPECTED,EXPECTED
2021-11-14 04:00:00,,,,,0,240,240,SESSION_CLOSED_EXPECTED,EXPECTED
2021-11-14 08:00:00,,,,,0,240,240,SESSION_CLOSED_EXPECTED,EXPECTED
2021-11-14 12:00:00,,,,,0,240,240,SESSION_CLOSED_EXPECTED,EXPECTED
2021-11-14 16:00:00,,,,,0,240,240,SESSION_CLOSED_EXPECTED,EXPECTED
2021-11-14 20:00:00,1.34115,1.3418,1.34062,1.34148,106,240,134,EXPECTED_INCOMPLETE,EXPECTED
2021-11-15 00:00:00,1.34155,1.34388,1.34124,1.34273,229,240,11,UNEXPECTED_INCOMPLETE,UNEXPECTED
2021-11-15 04:00:00,1.34275,1.34394,1.34214,1.34262,231,240,9,UNEXPECTED_INCOMPLETE,UNEXPECTED
2021-11-15 08:00:00,1.34261,1.34432,1.34027,1.344,239,240,1,UNEXPECTED_INCOMPLETE,UNEXPECTED
2021-11-15 12:00:00,1.34399,1.34487,1.34207,1.3431,240,240,0,COMPLETE,
2021-11-15 16:00:00,1.3431,1.34435,1.34163,1.34269,239,240,1,UNEXPECTED_INCOMPLETE,UNEXPECTED
2021-11-15 20:00:00,1.3427,1.34306,1.34046,1.34095,216,240,24,UNEXPECTED_INCOMPLETE,EXPECTED|UNEXPECTED
2021-11-16 00:00:00,1.34098,1.34379,1.34098,1.3433,238,240,2,UNEXPECTED_INCOMPLETE,UNEXPECTED
2021-11-16 04:00:00,1.34332,1.34636,1.34165,1.34636,234,240,6,UNEXPECTED_INCOMPLETE,UNEXPECTED
2021-11-16 08:00:00,1.34635,1.34724,1.34319,1.34465,239,240,1,UNEXPECTED_INCOMPLETE,UNEXPECTED
2021-11-16 12:00:00,1.34463,1.34624,1.34143,1.34205,240,240,0,COMPLETE,
2021-11-16 16:00:00,1.34201,1.34429,1.34184,1.34283,238,240,2,UNEXPECTED_INCOMPLETE,UNEXPECTED
2021-11-16 20:00:00,1.34281,1.34307,1.34196,1.34246,215,240,25,UNEXPECTED_INCOMPLETE,EXPECTED|UNEXPECTED
2021-11-17 00:00:00,1.34248,1.34363,1.33938,1.34137,236,240,4,UNEXPECTED_INCOMPLETE,UNEXPECTED
2021-11-17 04:00:00,1.34136,1.34727,1.34104,1.34465,240,240,0,COMPLETE,
2021-11-17 08:00:00,1.34464,1.3456,1.34163,1.34532,240,240,0,COMPLETE,
2021-11-17 12:00:00,1.34533,1.3491,1.34512,1.34645,240,240,0,COMPLETE,
2021-11-17 16:00:00,1.34642,1.34957,1.34586,1.34849,240,240,0,COMPLETE,
2021-11-17 20:00:00,1.34847,1.34952,1.34797,1.34879,210,240,30,UNEXPECTED_INCOMPLETE,UNEXPECTED
2021-11-18 00:00:00,1.34881,1.35032,1.34843,1.34924,237,240,3,UNEXPECTED_INCOMPLETE,UNEXPECTED
2021-11-18 04:00:00,1.34925,1.35132,1.34831,1.35098,236,240,4,UNEXPECTED_INCOMPLETE,UNEXPECTED
2021-11-18 08:00:00,1.35097,1.35122,1.34839,1.34869,240,240,0,COMPLETE,
2021-11-18 12:00:00,1.34872,1.34935,1.34635,1.34762,240,240,0,COMPLETE,
2021-11-18 16:00:00,1.3476,1.35045,1.34698,1.34963,238,240,2,UNEXPECTED_INCOMPLETE,UNEXPECTED
2021-11-18 20:00:00,1.34966,1.35033,1.34892,1.34985,199,240,41,UNEXPECTED_INCOMPLETE,UNEXPECTED
2021-11-19 00:00:00,1.34982,1.34983,1.34825,1.34857,227,240,13,UNEXPECTED_INCOMPLETE,UNEXPECTED
2021-11-19 04:00:00,1.34855,1.35093,1.34806,1.34906,227,240,13,UNEXPECTED_INCOMPLETE,UNEXPECTED
2021-11-19 08:00:00,1.34907,1.34968,1.34069,1.34498,240,240,0,COMPLETE,
2021-11-19 12:00:00,1.34499,1.34728,1.34133,1.34595,240,240,0,COMPLETE,
2021-11-19 16:00:00,1.34593,1.34746,1.34426,1.34465,238,240,2,UNEXPECTED_INCOMPLETE,UNEXPECTED
2021-11-19 20:00:00,1.34464,1.34498,1.34385,1.34427,116,240,124,UNEXPECTED_INCOMPLETE,EXPECTED|UNEXPECTED
2021-11-20 00:00:00,,,,,0,240,240,SESSION_CLOSED_EXPECTED,EXPECTED
2021-11-20 04:00:00,,,,,0,240,240,SESSION_CLOSED_EXPECTED,EXPECTED
2021-11-20 08:00:00,,,,,0,240,240,SESSION_CLOSED_EXPECTED,EXPECTED
2021-11-20 12:00:00,,,,,0,240,240,SESSION_CLOSED_EXPECTED,EXPECTED
2021-11-20 16:00:00,,,,,0,240,240,SESSION_CLOSED_EXPECTED,EXPECTED
2021-11-20 20:00:00,,,,,0,240,240,SESSION_CLOSED_EXPECTED,EXPECTED
2021-11-21 00:00:00,,,,,0,240,240,SESSION_CLOSED_EXPECTED,EXPECTED
2021-11-21 04:00:00,,,,,0,240,240,SESSION_CLOSED_EXPECTED,EXPECTED
2021-11-21 08:00:00,,,,,0,240,240,SESSION_CLOSED_EXPECTED,EXPECTED
2021-11-21 12:00:00,,,,,0,240,240,SESSION_CLOSED_EXPECTED,EXPECTED
2021-11-21 16:00:00,,,,,0,240,240,SESSION_CLOSED_EXPECTED,EXPECTED
2021-11-21 20:00:00,1.34483,1.3449,1.34295,1.34324,103,240,137,EXPECTED_INCOMPLETE,EXPECTED
2021-11-22 00:00:00,1.34326,1.3448,1.34269,1.34353,238,240,2,UNEXPECTED_INCOMPLETE,UNEXPECTED
2021-11-22 04:00:00,1.34351,1.34486,1.34273,1.34276,239,240,1,UNEXPECTED_INCOMPLETE,UNEXPECTED
2021-11-22 08:00:00,1.34281,1.34469,1.34187,1.34417,240,240,0,COMPLETE,
2021-11-22 12:00:00,1.34416,1.34493,1.33896,1.33998,239,240,1,UNEXPECTED_INCOMPLETE,UNEXPECTED
2021-11-22 16:00:00,1.33997,1.34204,1.33839,1.33846,240,240,0,COMPLETE,
2021-11-22 20:00:00,1.33842,1.33988,1.33842,1.33968,218,240,22,UNEXPECTED_INCOMPLETE,EXPECTED|UNEXPECTED
2021-11-23 00:00:00,1.33969,1.34051,1.33849,1.33965,234,240,6,UNEXPECTED_INCOMPLETE,UNEXPECTED
2021-11-23 04:00:00,1.33963,1.34085,1.33793,1.3398,236,240,4,UNEXPECTED_INCOMPLETE,UNEXPECTED
2021-11-23 08:00:00,1.33979,1.33979,1.33559,1.33572,240,240,0,COMPLETE,
2021-11-23 12:00:00,1.33573,1.33795,1.33405,1.33687,240,240,0,COMPLETE,
2021-11-23 16:00:00,1.3369,1.33877,1.33588,1.33799,239,240,1,UNEXPECTED_INCOMPLETE,UNEXPECTED
2021-11-23 20:00:00,1.33801,1.33849,1.33699,1.33746,216,240,24,UNEXPECTED_INCOMPLETE,UNEXPECTED
2021-11-24 00:00:00,1.33748,1.33826,1.33667,1.33697,236,240,4,UNEXPECTED_INCOMPLETE,UNEXPECTED
2021-11-24 04:00:00,1.33696,1.33893,1.33678,1.33709,236,240,4,UNEXPECTED_INCOMPLETE,UNEXPECTED
2021-11-24 08:00:00,1.33708,1.33835,1.33516,1.33705,240,240,0,COMPLETE,
2021-11-24 12:00:00,1.33704,1.33783,1.33246,1.333,240,240,0,COMPLETE,
2021-11-24 16:00:00,1.33299,1.33376,1.33153,1.33208,237,240,3,UNEXPECTED_INCOMPLETE,UNEXPECTED
2021-11-24 20:00:00,1.33206,1.33328,1.33189,1.33292,190,240,50,UNEXPECTED_INCOMPLETE,UNEXPECTED
2021-11-25 00:00:00,1.33294,1.3352,1.33277,1.33478,230,240,10,UNEXPECTED_INCOMPLETE,UNEXPECTED
2021-11-25 04:00:00,1.3348,1.33511,1.33408,1.3349,221,240,19,UNEXPECTED_INCOMPLETE,UNEXPECTED
2021-11-25 08:00:00,1.33491,1.33531,1.33151,1.3323,240,240,0,COMPLETE,
2021-11-25 12:00:00,1.33227,1.33273,1.3305,1.33184,239,240,1,UNEXPECTED_INCOMPLETE,UNEXPECTED
2021-11-25 16:00:00,1.3318,1.33299,1.33159,1.33192,232,240,8,UNEXPECTED_INCOMPLETE,UNEXPECTED
2021-11-25 20:00:00,1.33194,1.33224,1.33117,1.33119,216,240,24,UNEXPECTED_INCOMPLETE,UNEXPECTED
2021-11-26 00:00:00,1.33121,1.33169,1.3297,1.33011,240,240,0,COMPLETE,
2021-11-26 04:00:00,1.3301,1.33082,1.32947,1.33021,240,240,0,COMPLETE,
2021-11-26 08:00:00,1.33021,1.33383,1.32771,1.3329,240,240,0,COMPLETE,
2021-11-26 12:00:00,1.33291,1.33489,1.3318,1.3335,240,240,0,COMPLETE,
2021-11-26 16:00:00,1.33352,1.3342,1.3307,1.33318,240,240,0,COMPLETE,
2021-11-26 20:00:00,1.33326,1.33555,1.33226,1.33297,119,240,121,EXPECTED_INCOMPLETE,EXPECTED
2021-11-27 00:00:00,,,,,0,240,240,SESSION_CLOSED_EXPECTED,EXPECTED
2021-11-27 04:00:00,,,,,0,240,240,SESSION_CLOSED_EXPECTED,EXPECTED
2021-11-27 08:00:00,,,,,0,240,240,SESSION_CLOSED_EXPECTED,EXPECTED
2021-11-27 12:00:00,,,,,0,240,240,SESSION_CLOSED_EXPECTED,EXPECTED
2021-11-27 16:00:00,,,,,0,240,240,SESSION_CLOSED_EXPECTED,EXPECTED
2021-11-27 20:00:00,,,,,0,240,240,SESSION_CLOSED_EXPECTED,EXPECTED
2021-11-28 00:00:00,,,,,0,240,240,SESSION_CLOSED_EXPECTED,EXPECTED
2021-11-28 04:00:00,,,,,0,240,240,SESSION_CLOSED_EXPECTED,EXPECTED
2021-11-28 08:00:00,,,,,0,240,240,SESSION_CLOSED_EXPECTED,EXPECTED
2021-11-28 12:00:00,,,,,0,240,240,SESSION_CLOSED_EXPECTED,EXPECTED
2021-11-28 16:00:00,,,,,0,240,240,SESSION_CLOSED_EXPECTED,EXPECTED
2021-11-28 20:00:00,1.33345,1.33433,1.33253,1.33399,106,240,134,EXPECTED_INCOMPLETE,EXPECTED
2021-11-29 00:00:00,1.33397,1.33415,1.33269,1.33336,240,240,0,COMPLETE,
2021-11-29 04:00:00,1.33334,1.33412,1.33191,1.33291,240,240,0,COMPLETE,
2021-11-29 08:00:00,1.33289,1.33625,1.33185,1.33412,240,240,0,COMPLETE,
2021-11-29 12:00:00,1.33409,1.33462,1.32916,1.32943,240,240,0,COMPLETE,
2021-11-29 16:00:00,1.32942,1.33083,1.3287,1.32912,240,240,0,COMPLETE,
2021-11-29 20:00:00,1.32912,1.33228,1.32912,1.33137,233,240,7,UNEXPECTED_INCOMPLETE,UNEXPECTED
2021-11-30 00:00:00,1.33138,1.33291,1.33093,1.3321,229,240,11,UNEXPECTED_INCOMPLETE,UNEXPECTED
2021-11-30 04:00:00,1.33209,1.33295,1.33067,1.33279,237,240,3,UNEXPECTED_INCOMPLETE,UNEXPECTED
2021-11-30 08:00:00,1.3328,1.33701,1.3327,1.33404,240,240,0,COMPLETE,
2021-11-30 12:00:00,1.33406,1.33666,1.32255,1.32329,240,240,0,COMPLETE,
2021-11-30 16:00:00,1.32326,1.32872,1.31932,1.32838,240,240,0,COMPLETE,
2021-11-30 20:00:00,1.32835,1.33139,1.3279,1.32948,225,240,15,UNEXPECTED_INCOMPLETE,UNEXPECTED
2021-12-01 00:00:00,1.3295,1.33151,1.3288,1.33127,239,240,1,UNEXPECTED_INCOMPLETE,UNEXPECTED
2021-12-01 04:00:00,1.33125,1.33319,1.33077,1.33175,238,240,2,UNEXPECTED_INCOMPLETE,UNEXPECTED
2021-12-01 08:00:00,1.33172,1.33292,1.32756,1.3322,240,240,0,COMPLETE,
2021-12-01 12:00:00,1.33219,1.33517,1.33071,1.3312,240,240,0,COMPLETE,
2021-12-01 16:00:00,1.33121,1.33241,1.3278,1.32783,240,240,0,COMPLETE,
2021-12-01 20:00:00,1.32782,1.32822,1.32613,1.3277,216,240,24,UNEXPECTED_INCOMPLETE,UNEXPECTED
2021-12-02 00:00:00,1.32771,1.33053,1.32711,1.32969,232,240,8,UNEXPECTED_INCOMPLETE,UNEXPECTED
2021-12-02 04:00:00,1.32971,1.3299,1.32746,1.32829,231,240,9,UNEXPECTED_INCOMPLETE,UNEXPECTED
2021-12-02 08:00:00,1.32828,1.33331,1.32801,1.33285,240,240,0,COMPLETE,
2021-12-02 12:00:00,1.33286,1.33332,1.3299,1.33065,240,240,0,COMPLETE,
2021-12-02 16:00:00,1.33062,1.33203,1.32891,1.32974,240,240,0,COMPLETE,
2021-12-02 20:00:00,1.32978,1.33053,1.32924,1.3299,215,240,25,UNEXPECTED_INCOMPLETE,UNEXPECTED
2021-12-03 00:00:00,1.32992,1.33003,1.32827,1.32857,232,240,8,UNEXPECTED_INCOMPLETE,UNEXPECTED
2021-12-03 04:00:00,1.32854,1.32985,1.32675,1.3277,232,240,8,UNEXPECTED_INCOMPLETE,UNEXPECTED
2021-12-03 08:00:00,1.32771,1.32895,1.32541,1.32732,240,240,0,COMPLETE,
2021-12-03 12:00:00,1.32733,1.33094,1.32068,1.32189,240,240,0,COMPLETE,
2021-12-03 16:00:00,1.32188,1.32526,1.32128,1.32293,240,240,0,COMPLETE,
2021-12-03 20:00:00,1.32296,1.3241,1.32271,1.32337,118,240,122,UNEXPECTED_INCOMPLETE,EXPECTED|UNEXPECTED
2021-12-04 00:00:00,,,,,0,240,240,SESSION_CLOSED_EXPECTED,EXPECTED
2021-12-04 04:00:00,,,,,0,240,240,SESSION_CLOSED_EXPECTED,EXPECTED
2021-12-04 08:00:00,,,,,0,240,240,SESSION_CLOSED_EXPECTED,EXPECTED
2021-12-04 12:00:00,,,,,0,240,240,SESSION_CLOSED_EXPECTED,EXPECTED
2021-12-04 16:00:00,,,,,0,240,240,SESSION_CLOSED_EXPECTED,EXPECTED
2021-12-04 20:00:00,,,,,0,240,240,SESSION_CLOSED_EXPECTED,EXPECTED
2021-12-05 00:00:00,,,,,0,240,240,SESSION_CLOSED_EXPECTED,EXPECTED
2021-12-05 04:00:00,,,,,0,240,240,SESSION_CLOSED_EXPECTED,EXPECTED
2021-12-05 08:00:00,,,,,0,240,240,SESSION_CLOSED_EXPECTED,EXPECTED
2021-12-05 12:00:00,,,,,0,240,240,SESSION_CLOSED_EXPECTED,EXPECTED
2021-12-05 16:00:00,,,,,0,240,240,SESSION_CLOSED_EXPECTED,EXPECTED
2021-12-05 20:00:00,1.32349,1.32439,1.32258,1.32345,101,240,139,EXPECTED_INCOMPLETE,EXPECTED
2021-12-06 00:00:00,1.3235,1.32402,1.32272,1.32354,235,240,5,UNEXPECTED_INCOMPLETE,UNEXPECTED
2021-12-06 04:00:00,1.32352,1.32364,1.32221,1.3232,239,240,1,UNEXPECTED_INCOMPLETE,UNEXPECTED
2021-12-06 08:00:00,1.32322,1.32831,1.32296,1.32782,240,240,0,COMPLETE,
2021-12-06 12:00:00,1.32783,1.32857,1.32301,1.3236,240,240,0,COMPLETE,
2021-12-06 16:00:00,1.32359,1.32674,1.32325,1.32567,240,240,0,COMPLETE,
2021-12-06 20:00:00,1.32565,1.32646,1.32514,1.32618,215,240,25,UNEXPECTED_INCOMPLETE,UNEXPECTED
2021-12-07 00:00:00,1.3262,1.32841,1.32557,1.32838,235,240,5,UNEXPECTED_INCOMPLETE,UNEXPECTED
2021-12-07 04:00:00,1.3284,1.3289,1.32698,1.32823,236,240,4,UNEXPECTED_INCOMPLETE,UNEXPECTED
2021-12-07 08:00:00,1.3282,1.32874,1.32438,1.32516,240,240,0,COMPLETE,
2021-12-07 12:00:00,1.32513,1.32582,1.32071,1.3234,240,240,0,COMPLETE,
2021-12-07 16:00:00,1.32338,1.32498,1.32209,1.32369,239,240,1,UNEXPECTED_INCOMPLETE,UNEXPECTED
2021-12-07 20:00:00,1.32368,1.32479,1.32313,1.32448,211,240,29,UNEXPECTED_INCOMPLETE,UNEXPECTED
2021-12-08 00:00:00,1.32449,1.32609,1.32388,1.32602,233,240,7,UNEXPECTED_INCOMPLETE,UNEXPECTED
2021-12-08 04:00:00,1.32601,1.32607,1.32329,1.32412,237,240,3,UNEXPECTED_INCOMPLETE,UNEXPECTED
2021-12-08 08:00:00,1.32413,1.32555,1.31595,1.32139,240,240,0,COMPLETE,
2021-12-08 12:00:00,1.3214,1.32178,1.31826,1.32153,240,240,0,COMPLETE,
2021-12-08 16:00:00,1.32151,1.32438,1.32147,1.32341,240,240,0,COMPLETE,
2021-12-08 20:00:00,1.32338,1.32372,1.31908,1.32085,228,240,12,UNEXPECTED_INCOMPLETE,UNEXPECTED
2021-12-09 00:00:00,1.32083,1.32115,1.31928,1.3207,236,240,4,UNEXPECTED_INCOMPLETE,UNEXPECTED
2021-12-09 04:00:00,1.32072,1.32158,1.31998,1.32002,232,240,8,UNEXPECTED_INCOMPLETE,UNEXPECTED
2021-12-09 08:00:00,1.31999,1.32107,1.31773,1.31861,240,240,0,COMPLETE,
2021-12-09 12:00:00,1.3186,1.32121,1.31694,1.32057,240,240,0,COMPLETE,
2021-12-09 16:00:00,1.32054,1.32192,1.31852,1.32071,239,240,1,UNEXPECTED_INCOMPLETE,UNEXPECTED
2021-12-09 20:00:00,1.32072,1.32239,1.32072,1.32236,220,240,20,UNEXPECTED_INCOMPLETE,UNEXPECTED
2021-12-10 00:00:00,1.32237,1.3233,1.32129,1.32289,231,240,9,UNEXPECTED_INCOMPLETE,UNEXPECTED
2021-12-10 04:00:00,1.32285,1.3229,1.32097,1.32148,239,240,1,UNEXPECTED_INCOMPLETE,UNEXPECTED
2021-12-10 08:00:00,1.32144,1.32185,1.31869,1.31986,239,240,1,UNEXPECTED_INCOMPLETE,UNEXPECTED
2021-12-10 12:00:00,1.31983,1.32419,1.31952,1.32272,240,240,0,COMPLETE,
2021-12-10 16:00:00,1.32271,1.3275,1.3225,1.32566,240,240,0,COMPLETE,
2021-12-10 20:00:00,1.32568,1.32704,1.32557,1.32653,117,240,123,UNEXPECTED_INCOMPLETE,EXPECTED|UNEXPECTED
2021-12-11 00:00:00,,,,,0,240,240,SESSION_CLOSED_EXPECTED,EXPECTED
2021-12-11 04:00:00,,,,,0,240,240,SESSION_CLOSED_EXPECTED,EXPECTED
2021-12-11 08:00:00,,,,,0,240,240,SESSION_CLOSED_EXPECTED,EXPECTED
2021-12-11 12:00:00,,,,,0,240,240,SESSION_CLOSED_EXPECTED,EXPECTED
2021-12-11 16:00:00,,,,,0,240,240,SESSION_CLOSED_EXPECTED,EXPECTED
2021-12-11 20:00:00,,,,,0,240,240,SESSION_CLOSED_EXPECTED,EXPECTED
2021-12-12 00:00:00,,,,,0,240,240,SESSION_CLOSED_EXPECTED,EXPECTED
2021-12-12 04:00:00,,,,,0,240,240,SESSION_CLOSED_EXPECTED,EXPECTED
2021-12-12 08:00:00,,,,,0,240,240,SESSION_CLOSED_EXPECTED,EXPECTED
2021-12-12 12:00:00,,,,,0,240,240,SESSION_CLOSED_EXPECTED,EXPECTED
2021-12-12 16:00:00,,,,,0,240,240,SESSION_CLOSED_EXPECTED,EXPECTED
2021-12-12 20:00:00,1.32505,1.32593,1.32505,1.32564,97,240,143,EXPECTED_INCOMPLETE,EXPECTED
2021-12-13 00:00:00,1.32563,1.32607,1.32473,1.32503,224,240,16,UNEXPECTED_INCOMPLETE,UNEXPECTED
2021-12-13 04:00:00,1.32502,1.32534,1.32208,1.32322,227,240,13,UNEXPECTED_INCOMPLETE,UNEXPECTED
2021-12-13 08:00:00,1.32329,1.32604,1.32215,1.32595,239,240,1,UNEXPECTED_INCOMPLETE,UNEXPECTED
2021-12-13 12:00:00,1.32596,1.32683,1.32282,1.32301,240,240,0,COMPLETE,
2021-12-13 16:00:00,1.32303,1.32411,1.32085,1.32176,236,240,4,UNEXPECTED_INCOMPLETE,UNEXPECTED
2021-12-13 20:00:00,1.32178,1.32208,1.32048,1.32126,216,240,24,UNEXPECTED_INCOMPLETE,EXPECTED|UNEXPECTED
2021-12-14 00:00:00,1.32124,1.32128,1.31908,1.31913,227,240,13,UNEXPECTED_INCOMPLETE,UNEXPECTED
2021-12-14 04:00:00,1.31911,1.32166,1.31906,1.32011,231,240,9,UNEXPECTED_INCOMPLETE,UNEXPECTED
2021-12-14 08:00:00,1.3201,1.32559,1.31973,1.3251,240,240,0,COMPLETE,
2021-12-14 12:00:00,1.32509,1.32562,1.32249,1.32322,240,240,0,COMPLETE,
2021-12-14 16:00:00,1.32319,1.324,1.32194,1.32199,232,240,8,UNEXPECTED_INCOMPLETE,UNEXPECTED
2021-12-14 20:00:00,1.32197,1.32302,1.32187,1.32292,203,240,37,UNEXPECTED_INCOMPLETE,UNEXPECTED
2021-12-15 00:00:00,1.3229,1.3236,1.32267,1.32302,228,240,12,UNEXPECTED_INCOMPLETE,UNEXPECTED
2021-12-15 04:00:00,1.32303,1.32611,1.32303,1.32509,228,240,12,UNEXPECTED_INCOMPLETE,UNEXPECTED
2021-12-15 08:00:00,1.3251,1.32823,1.32454,1.32614,240,240,0,COMPLETE,
2021-12-15 12:00:00,1.32611,1.32622,1.32054,1.3215,240,240,0,COMPLETE,
2021-12-15 16:00:00,1.32148,1.32424,1.31715,1.3238,240,240,0,COMPLETE,
2021-12-15 20:00:00,1.32382,1.3273,1.32299,1.32618,225,240,15,UNEXPECTED_INCOMPLETE,UNEXPECTED
2021-12-16 00:00:00,1.3262,1.32631,1.32478,1.32521,240,240,0,COMPLETE,
2021-12-16 04:00:00,1.32523,1.32659,1.32409,1.32641,236,240,4,UNEXPECTED_INCOMPLETE,UNEXPECTED
2021-12-16 08:00:00,1.3264,1.33026,1.32579,1.32774,240,240,0,COMPLETE,
2021-12-16 12:00:00,1.32776,1.3374,1.32776,1.33304,240,240,0,COMPLETE,
2021-12-16 16:00:00,1.33302,1.33331,1.33039,1.33089,240,240,0,COMPLETE,
2021-12-16 20:00:00,1.33091,1.33277,1.33019,1.33221,219,240,21,UNEXPECTED_INCOMPLETE,EXPECTED|UNEXPECTED
2021-12-17 00:00:00,1.33223,1.33307,1.33183,1.33201,236,240,4,UNEXPECTED_INCOMPLETE,UNEXPECTED
2021-12-17 04:00:00,1.33204,1.33381,1.33051,1.33086,238,240,2,UNEXPECTED_INCOMPLETE,UNEXPECTED
2021-12-17 08:00:00,1.33084,1.33391,1.32808,1.32869,240,240,0,COMPLETE,
2021-12-17 12:00:00,1.32871,1.33035,1.32617,1.32625,240,240,0,COMPLETE,
2021-12-17 16:00:00,1.32623,1.32732,1.32463,1.32502,240,240,0,COMPLETE,
2021-12-17 20:00:00,1.325,1.32515,1.32308,1.32358,116,240,124,UNEXPECTED_INCOMPLETE,EXPECTED|UNEXPECTED
2021-12-18 00:00:00,,,,,0,240,240,SESSION_CLOSED_EXPECTED,EXPECTED
2021-12-18 04:00:00,,,,,0,240,240,SESSION_CLOSED_EXPECTED,EXPECTED
2021-12-18 08:00:00,,,,,0,240,240,SESSION_CLOSED_EXPECTED,EXPECTED
2021-12-18 12:00:00,,,,,0,240,240,SESSION_CLOSED_EXPECTED,EXPECTED
2021-12-18 16:00:00,,,,,0,240,240,SESSION_CLOSED_EXPECTED,EXPECTED
2021-12-18 20:00:00,,,,,0,240,240,SESSION_CLOSED_EXPECTED,EXPECTED
2021-12-19 00:00:00,,,,,0,240,240,SESSION_CLOSED_EXPECTED,EXPECTED
2021-12-19 04:00:00,,,,,0,240,240,SESSION_CLOSED_EXPECTED,EXPECTED
2021-12-19 08:00:00,,,,,0,240,240,SESSION_CLOSED_EXPECTED,EXPECTED
2021-12-19 12:00:00,,,,,0,240,240,SESSION_CLOSED_EXPECTED,EXPECTED
2021-12-19 16:00:00,,,,,0,240,240,SESSION_CLOSED_EXPECTED,EXPECTED
2021-12-19 20:00:00,1.3234,1.32385,1.32216,1.32284,108,240,132,EXPECTED_INCOMPLETE,EXPECTED
2021-12-20 00:00:00,1.32286,1.32353,1.32211,1.3226,238,240,2,UNEXPECTED_INCOMPLETE,UNEXPECTED
2021-12-20 04:00:00,1.32258,1.32275,1.32005,1.3213,239,240,1,UNEXPECTED_INCOMPLETE,UNEXPECTED
2021-12-20 08:00:00,1.32128,1.32129,1.3172,1.32029,239,240,1,UNEXPECTED_INCOMPLETE,UNEXPECTED
2021-12-20 12:00:00,1.32029,1.32443,1.32012,1.32205,240,240,0,COMPLETE,
2021-12-20 16:00:00,1.32206,1.32284,1.3201,1.3201,240,240,0,COMPLETE,
2021-12-20 20:00:00,1.32014,1.32131,1.31997,1.32089,225,240,15,UNEXPECTED_INCOMPLETE,UNEXPECTED
2021-12-21 00:00:00,1.32091,1.32136,1.31969,1.32117,236,240,4,UNEXPECTED_INCOMPLETE,UNEXPECTED
2021-12-21 04:00:00,1.3212,1.32235,1.32075,1.32202,227,240,13,UNEXPECTED_INCOMPLETE,UNEXPECTED
2021-12-21 08:00:00,1.32204,1.32615,1.32179,1.32442,240,240,0,COMPLETE,
2021-12-21 12:00:00,1.32443,1.32613,1.32304,1.32327,240,240,0,COMPLETE,
2021-12-21 16:00:00,1.32324,1.32668,1.32302,1.3264,237,240,3,UNEXPECTED_INCOMPLETE,UNEXPECTED
2021-12-21 20:00:00,1.32639,1.32706,1.32533,1.32678,203,240,37,UNEXPECTED_INCOMPLETE,UNEXPECTED
2021-12-22 00:00:00,1.32681,1.32745,1.32556,1.32558,230,240,10,UNEXPECTED_INCOMPLETE,UNEXPECTED
2021-12-22 04:00:00,1.32559,1.3273,1.32383,1.3272,235,240,5,UNEXPECTED_INCOMPLETE,UNEXPECTED
2021-12-22 08:00:00,1.32729,1.33248,1.32636,1.33132,240,240,0,COMPLETE,
2021-12-22 12:00:00,1.33131,1.3346,1.33007,1.33437,239,240,1,UNEXPECTED_INCOMPLETE,UNEXPECTED
2021-12-22 16:00:00,1.33439,1.33621,1.33412,1.33587,236,240,4,UNEXPECTED_INCOMPLETE,UNEXPECTED
2021-12-22 20:00:00,1.33588,1.33629,1.33403,1.33503,224,240,16,UNEXPECTED_INCOMPLETE,UNEXPECTED
2021-12-23 00:00:00,1.33501,1.33601,1.33424,1.33486,213,240,27,UNEXPECTED_INCOMPLETE,UNEXPECTED
2021-12-23 04:00:00,1.33484,1.33691,1.33473,1.33682,203,240,37,UNEXPECTED_INCOMPLETE,UNEXPECTED
2021-12-23 08:00:00,1.33696,1.34342,1.33663,1.34332,240,240,0,COMPLETE,
2021-12-23 12:00:00,1.34329,1.34374,1.33939,1.34096,240,240,0,COMPLETE,
2021-12-23 16:00:00,1.34095,1.342,1.33992,1.34187,238,240,2,UNEXPECTED_INCOMPLETE,UNEXPECTED
2021-12-23 20:00:00,1.34188,1.34204,1.34015,1.34053,222,240,18,UNEXPECTED_INCOMPLETE,UNEXPECTED
2021-12-24 00:00:00,1.34047,1.34136,1.33986,1.34024,233,240,7,UNEXPECTED_INCOMPLETE,UNEXPECTED
2021-12-24 04:00:00,1.34025,1.34098,1.33854,1.34042,235,240,5,UNEXPECTED_INCOMPLETE,UNEXPECTED
2021-12-24 08:00:00,1.34038,1.34121,1.33896,1.34085,240,240,0,COMPLETE,
2021-12-24 12:00:00,1.34087,1.34147,1.33898,1.33927,240,240,0,COMPLETE,
2021-12-24 16:00:00,1.33927,1.34069,1.33791,1.33868,233,240,7,UNEXPECTED_INCOMPLETE,EXPECTED|UNEXPECTED
2021-12-24 20:00:00,,,,,0,240,240,SESSION_CLOSED_EXPECTED,EXPECTED
2021-12-25 00:00:00,,,,,0,240,240,SESSION_CLOSED_EXPECTED,EXPECTED
2021-12-25 04:00:00,,,,,0,240,240,SESSION_CLOSED_EXPECTED,EXPECTED
2021-12-25 08:00:00,,,,,0,240,240,SESSION_CLOSED_EXPECTED,EXPECTED
2021-12-25 12:00:00,,,,,0,240,240,SESSION_CLOSED_EXPECTED,EXPECTED
2021-12-25 16:00:00,,,,,0,240,240,SESSION_CLOSED_EXPECTED,EXPECTED
2021-12-25 20:00:00,,,,,0,240,240,SESSION_CLOSED_EXPECTED,EXPECTED
2021-12-26 00:00:00,,,,,0,240,240,SESSION_CLOSED_EXPECTED,EXPECTED
2021-12-26 04:00:00,,,,,0,240,240,SESSION_CLOSED_EXPECTED,EXPECTED
2021-12-26 08:00:00,,,,,0,240,240,SESSION_CLOSED_EXPECTED,EXPECTED
2021-12-26 12:00:00,,,,,0,240,240,SESSION_CLOSED_EXPECTED,EXPECTED
2021-12-26 16:00:00,,,,,0,240,240,SESSION_CLOSED_EXPECTED,EXPECTED
2021-12-26 20:00:00,1.3384,1.34074,1.33825,1.34022,86,240,154,EXPECTED_INCOMPLETE,EXPECTED
2021-12-27 00:00:00,1.3402,1.3415,1.33913,1.3414,228,240,12,UNEXPECTED_INCOMPLETE,UNEXPECTED
2021-12-27 04:00:00,1.34139,1.34141,1.33922,1.34103,232,240,8,UNEXPECTED_INCOMPLETE,UNEXPECTED
2021-12-27 08:00:00,1.341,1.34186,1.33934,1.34028,237,240,3,UNEXPECTED_INCOMPLETE,UNEXPECTED
2021-12-27 12:00:00,1.34025,1.34418,1.33966,1.34159,238,240,2,UNEXPECTED_INCOMPLETE,UNEXPECTED
2021-12-27 16:00:00,1.34161,1.34431,1.34142,1.34412,231,240,9,UNEXPECTED_INCOMPLETE,UNEXPECTED
2021-12-27 20:00:00,1.34414,1.34448,1.34338,1.3441,186,240,54,UNEXPECTED_INCOMPLETE,UNEXPECTED
2021-12-28 00:00:00,1.34411,1.34411,1.34278,1.34311,232,240,8,UNEXPECTED_INCOMPLETE,UNEXPECTED
2021-12-28 04:00:00,1.34308,1.34391,1.34294,1.34321,224,240,16,UNEXPECTED_INCOMPLETE,UNEXPECTED
2021-12-28 08:00:00,1.3432,1.3457,1.34302,1.3455,226,240,14,UNEXPECTED_INCOMPLETE,UNEXPECTED
2021-12-28 12:00:00,1.34552,1.34611,1.34145,1.34244,237,240,3,UNEXPECTED_INCOMPLETE,UNEXPECTED
2021-12-28 16:00:00,1.34245,1.34418,1.34205,1.34236,233,240,7,UNEXPECTED_INCOMPLETE,UNEXPECTED
2021-12-28 20:00:00,1.34233,1.34367,1.34228,1.34327,191,240,49,UNEXPECTED_INCOMPLETE,EXPECTED|UNEXPECTED
2021-12-29 00:00:00,1.34326,1.34371,1.3421,1.34331,208,240,32,UNEXPECTED_INCOMPLETE,UNEXPECTED
2021-12-29 04:00:00,1.3433,1.34351,1.34158,1.34253,205,240,35,UNEXPECTED_INCOMPLETE,UNEXPECTED
2021-12-29 08:00:00,1.34255,1.34399,1.34084,1.34382,234,240,6,UNEXPECTED_INCOMPLETE,UNEXPECTED
2021-12-29 12:00:00,1.34384,1.3499,1.3423,1.34845,239,240,1,UNEXPECTED_INCOMPLETE,UNEXPECTED
2021-12-29 16:00:00,1.34846,1.34923,1.34684,1.34892,233,240,7,UNEXPECTED_INCOMPLETE,UNEXPECTED
2021-12-29 20:00:00,1.34891,1.34966,1.34808,1.34964,207,240,33,UNEXPECTED_INCOMPLETE,UNEXPECTED
2021-12-30 00:00:00,1.34963,1.35045,1.34866,1.34866,220,240,20,UNEXPECTED_INCOMPLETE,UNEXPECTED
2021-12-30 04:00:00,1.34865,1.34899,1.34633,1.34719,220,240,20,UNEXPECTED_INCOMPLETE,UNEXPECTED
2021-12-30 08:00:00,1.34726,1.3491,1.3454,1.34859,237,240,3,UNEXPECTED_INCOMPLETE,UNEXPECTED
2021-12-30 12:00:00,1.34862,1.35213,1.3478,1.34981,238,240,2,UNEXPECTED_INCOMPLETE,UNEXPECTED
2021-12-30 16:00:00,1.34984,1.35089,1.34796,1.35089,236,240,4,UNEXPECTED_INCOMPLETE,UNEXPECTED
2021-12-30 20:00:00,1.35086,1.35129,1.3488,1.34969,211,240,29,UNEXPECTED_INCOMPLETE,UNEXPECTED
2021-12-31 00:00:00,1.34967,1.35063,1.34945,1.34967,211,240,29,UNEXPECTED_INCOMPLETE,UNEXPECTED
2021-12-31 04:00:00,1.34966,1.35065,1.34934,1.35059,215,240,25,UNEXPECTED_INCOMPLETE,UNEXPECTED
2021-12-31 08:00:00,1.35061,1.35194,1.34751,1.34759,240,240,0,COMPLETE,
2021-12-31 12:00:00,1.34757,1.35498,1.34651,1.35445,240,240,0,COMPLETE,
2021-12-31 16:00:00,1.35448,1.3546,1.35269,1.35325,233,240,7,UNEXPECTED_INCOMPLETE,EXPECTED|UNEXPECTED
2021-12-31 20:00:00,,,,,0,240,240,SESSION_CLOSED_EXPECTED,EXPECTED
2022-01-01 00:00:00,,,,,0,240,240,SESSION_CLOSED_EXPECTED,EXPECTED
2022-01-01 04:00:00,,,,,0,240,240,SESSION_CLOSED_EXPECTED,EXPECTED
2022-01-01 08:00:00,,,,,0,240,240,SESSION_CLOSED_EXPECTED,EXPECTED
2022-01-01 12:00:00,,,,,0,240,240,SESSION_CLOSED_EXPECTED,EXPECTED
2022-01-01 16:00:00,,,,,0,240,240,SESSION_CLOSED_EXPECTED,EXPECTED
2022-01-01 20:00:00,,,,,0,240,240,SESSION_CLOSED_EXPECTED,EXPECTED
2022-01-02 00:00:00,,,,,0,240,240,SESSION_CLOSED_EXPECTED,EXPECTED
2022-01-02 04:00:00,,,,,0,240,240,SESSION_CLOSED_EXPECTED,EXPECTED
2022-01-02 08:00:00,,,,,0,240,240,SESSION_CLOSED_EXPECTED,EXPECTED
2022-01-02 12:00:00,,,,,0,240,240,SESSION_CLOSED_EXPECTED,EXPECTED
2022-01-02 16:00:00,,,,,0,240,240,SESSION_CLOSED_EXPECTED,EXPECTED
2022-01-02 20:00:00,1.35239,1.35334,1.35199,1.35211,95,240,145,EXPECTED_INCOMPLETE,EXPECTED
2022-01-03 00:00:00,1.35209,1.35293,1.34944,1.34991,225,240,15,UNEXPECTED_INCOMPLETE,UNEXPECTED
2022-01-03 04:00:00,1.34992,1.35074,1.34949,1.35048,227,240,13,UNEXPECTED_INCOMPLETE,UNEXPECTED
2022-01-03 08:00:00,1.35052,1.3528,1.35028,1.35102,238,240,2,UNEXPECTED_INCOMPLETE,UNEXPECTED
2022-01-03 12:00:00,1.35101,1.35118,1.34305,1.34465,240,240,0,COMPLETE,
2022-01-03 16:00:00,1.34467,1.34854,1.34359,1.34844,240,240,0,COMPLETE,
2022-01-03 20:00:00,1.34843,1.34853,1.34689,1.34818,221,240,19,UNEXPECTED_INCOMPLETE,UNEXPECTED
2022-01-04 00:00:00,1.34819,1.34838,1.34626,1.3464,227,240,13,UNEXPECTED_INCOMPLETE,UNEXPECTED
2022-01-04 04:00:00,1.34637,1.34877,1.34591,1.34873,233,240,7,UNEXPECTED_INCOMPLETE,UNEXPECTED
2022-01-04 08:00:00,1.34881,1.35142,1.34825,1.34953,240,240,0,COMPLETE,
2022-01-04 12:00:00,1.34955,1.35568,1.34784,1.35526,240,240,0,COMPLETE,
2022-01-04 16:00:00,1.35527,1.35533,1.35202,1.35345,239,240,1,UNEXPECTED_INCOMPLETE,UNEXPECTED
2022-01-04 20:00:00,1.35346,1.35372,1.35204,1.35297,216,240,24,UNEXPECTED_INCOMPLETE,UNEXPECTED
2022-01-05 00:00:00,1.35295,1.35397,1.35263,1.35325,223,240,17,UNEXPECTED_INCOMPLETE,UNEXPECTED
2022-01-05 04:00:00,1.35324,1.35405,1.35222,1.35356,227,240,13,UNEXPECTED_INCOMPLETE,UNEXPECTED
2022-01-05 08:00:00,1.35355,1.35542,1.35275,1.3541,240,240,0,COMPLETE,
2022-01-05 12:00:00,1.35409,1.35674,1.35313,1.35653,240,240,0,COMPLETE,
2022-01-05 16:00:00,1.35651,1.35982,1.35568,1.35604,240,240,0,COMPLETE,
2022-01-05 20:00:00,1.356,1.35602,1.35471,1.35544,203,240,37,UNEXPECTED_INCOMPLETE,EXPECTED|UNEXPECTED
2022-01-06 00:00:00,1.35543,1.35548,1.35319,1.35378,223,240,17,UNEXPECTED_INCOMPLETE,UNEXPECTED
2022-01-06 04:00:00,1.3538,1.3538,1.34928,1.34988,238,240,2,UNEXPECTED_INCOMPLETE,UNEXPECTED
2022-01-06 08:00:00,1.3499,1.35457,1.34898,1.35367,240,240,0,COMPLETE,
2022-01-06 12:00:00,1.35368,1.35587,1.35156,1.35272,240,240,0,COMPLETE,
2022-01-06 16:00:00,1.35271,1.35409,1.35218,1.35245,240,240,0,COMPLETE,
2022-01-06 20:00:00,1.35248,1.3537,1.35246,1.35325,224,240,16,UNEXPECTED_INCOMPLETE,UNEXPECTED
2022-01-07 00:00:00,1.35323,1.35526,1.35278,1.35481,232,240,8,UNEXPECTED_INCOMPLETE,UNEXPECTED
2022-01-07 04:00:00,1.35478,1.35478,1.35314,1.3538,230,240,10,UNEXPECTED_INCOMPLETE,UNEXPECTED
2022-01-07 08:00:00,1.35386,1.3557,1.35272,1.35508,233,240,7,UNEXPECTED_INCOMPLETE,UNEXPECTED
2022-01-07 12:00:00,1.35507,1.35736,1.35282,1.35716,239,240,1,UNEXPECTED_INCOMPLETE,UNEXPECTED
2022-01-07 16:00:00,1.35718,1.35964,1.35603,1.35955,233,240,7,UNEXPECTED_INCOMPLETE,UNEXPECTED
2022-01-07 20:00:00,1.35954,1.35971,1.35895,1.35907,109,240,131,UNEXPECTED_INCOMPLETE,EXPECTED|UNEXPECTED
2022-01-08 00:00:00,,,,,0,240,240,SESSION_CLOSED_EXPECTED,EXPECTED
2022-01-08 04:00:00,,,,,0,240,240,SESSION_CLOSED_EXPECTED,EXPECTED
2022-01-08 08:00:00,,,,,0,240,240,SESSION_CLOSED_EXPECTED,EXPECTED
2022-01-08 12:00:00,,,,,0,240,240,SESSION_CLOSED_EXPECTED,EXPECTED
2022-01-08 16:00:00,,,,,0,240,240,SESSION_CLOSED_EXPECTED,EXPECTED
2022-01-08 20:00:00,,,,,0,240,240,SESSION_CLOSED_EXPECTED,EXPECTED
2022-01-09 00:00:00,,,,,0,240,240,SESSION_CLOSED_EXPECTED,EXPECTED
2022-01-09 04:00:00,,,,,0,240,240,SESSION_CLOSED_EXPECTED,EXPECTED
2022-01-09 08:00:00,,,,,0,240,240,SESSION_CLOSED_EXPECTED,EXPECTED
2022-01-09 12:00:00,,,,,0,240,240,SESSION_CLOSED_EXPECTED,EXPECTED
2022-01-09 16:00:00,,,,,0,240,240,SESSION_CLOSED_EXPECTED,EXPECTED
2022-01-09 20:00:00,1.35814,1.35913,1.35744,1.3591,97,240,143,EXPECTED_INCOMPLETE,EXPECTED
2022-01-10 00:00:00,1.35909,1.35971,1.35812,1.35833,219,240,21,UNEXPECTED_INCOMPLETE,UNEXPECTED
2022-01-10 04:00:00,1.3583,1.35934,1.35781,1.35855,235,240,5,UNEXPECTED_INCOMPLETE,UNEXPECTED
2022-01-10 08:00:00,1.35854,1.36031,1.35739,1.35819,240,240,0,COMPLETE,
2022-01-10 12:00:00,1.35821,1.35894,1.35316,1.35604,240,240,0,COMPLETE,
2022-01-10 16:00:00,1.35602,1.35742,1.35533,1.35703,240,240,0,COMPLETE,
2022-01-10 20:00:00,1.35704,1.35802,1.35661,1.35791,220,240,20,UNEXPECTED_INCOMPLETE,UNEXPECTED
2022-01-11 00:00:00,1.35789,1.35973,1.35774,1.35924,229,240,11,UNEXPECTED_INCOMPLETE,UNEXPECTED
2022-01-11 04:00:00,1.3592,1.35998,1.35784,1.35967,235,240,5,UNEXPECTED_INCOMPLETE,UNEXPECTED
2022-01-11 08:00:00,1.35973,1.36191,1.35843,1.35853,240,240,0,COMPLETE,
2022-01-11 12:00:00,1.35852,1.36045,1.35612,1.36039,240,240,0,COMPLETE,
2022-01-11 16:00:00,1.36042,1.3628,1.36041,1.3627,238,240,2,UNEXPECTED_INCOMPLETE,UNEXPECTED
2022-01-11 20:00:00,1.36269,1.36362,1.36242,1.36322,199,240,41,UNEXPECTED_INCOMPLETE,UNEXPECTED
2022-01-12 00:00:00,1.36323,1.36453,1.36277,1.36441,217,240,23,UNEXPECTED_INCOMPLETE,UNEXPECTED
2022-01-12 04:00:00,1.36438,1.36448,1.36253,1.36294,222,240,18,UNEXPECTED_INCOMPLETE,UNEXPECTED
2022-01-12 08:00:00,1.36293,1.36402,1.36203,1.36335,238,240,2,UNEXPECTED_INCOMPLETE,UNEXPECTED
2022-01-12 12:00:00,1.36333,1.3695,1.36333,1.36869,240,240,0,COMPLETE,
2022-01-12 16:00:00,1.36867,1.37128,1.3684,1.37114,239,240,1,UNEXPECTED_INCOMPLETE,UNEXPECTED
2022-01-12 20:00:00,1.37116,1.3714,1.36982,1.37055,211,240,29,UNEXPECTED_INCOMPLETE,UNEXPECTED
2022-01-13 00:00:00,1.37054,1.37181,1.37038,1.3711,234,240,6,UNEXPECTED_INCOMPLETE,UNEXPECTED
2022-01-13 04:00:00,1.37108,1.37314,1.37049,1.37314,237,240,3,UNEXPECTED_INCOMPLETE,UNEXPECTED
2022-01-13 08:00:00,1.37315,1.37485,1.37234,1.37276,240,240,0,COMPLETE,
2022-01-13 12:00:00,1.37277,1.37475,1.37129,1.3734,240,240,0,COMPLETE,
2022-01-13 16:00:00,1.37341,1.37396,1.37081,1.37195,240,240,0,COMPLETE,
2022-01-13 20:00:00,1.37199,1.37199,1.37003,1.37126,223,240,17,UNEXPECTED_INCOMPLETE,UNEXPECTED
2022-01-14 00:00:00,1.37124,1.37292,1.37047,1.37263,240,240,0,COMPLETE,
2022-01-14 04:00:00,1.37262,1.3737,1.37153,1.37246,238,240,2,UNEXPECTED_INCOMPLETE,UNEXPECTED
2022-01-14 08:00:00,1.3725,1.37425,1.3719,1.37191,240,240,0,COMPLETE,
2022-01-14 12:00:00,1.37186,1.37261,1.36731,1.36825,240,240,0,COMPLETE,
2022-01-14 16:00:00,1.36828,1.36887,1.36529,1.3676,240,240,0,COMPLETE,
2022-01-14 20:00:00,1.36762,1.36833,1.3674,1.36769,118,240,122,UNEXPECTED_INCOMPLETE,EXPECTED|UNEXPECTED
2022-01-15 00:00:00,,,,,0,240,240,SESSION_CLOSED_EXPECTED,EXPECTED
2022-01-15 04:00:00,,,,,0,240,240,SESSION_CLOSED_EXPECTED,EXPECTED
2022-01-15 08:00:00,,,,,0,240,240,SESSION_CLOSED_EXPECTED,EXPECTED
2022-01-15 12:00:00,,,,,0,240,240,SESSION_CLOSED_EXPECTED,EXPECTED
2022-01-15 16:00:00,,,,,0,240,240,SESSION_CLOSED_EXPECTED,EXPECTED
2022-01-15 20:00:00,,,,,0,240,240,SESSION_CLOSED_EXPECTED,EXPECTED
2022-01-16 00:00:00,,,,,0,240,240,SESSION_CLOSED_EXPECTED,EXPECTED
2022-01-16 04:00:00,,,,,0,240,240,SESSION_CLOSED_EXPECTED,EXPECTED
2022-01-16 08:00:00,,,,,0,240,240,SESSION_CLOSED_EXPECTED,EXPECTED
2022-01-16 12:00:00,,,,,0,240,240,SESSION_CLOSED_EXPECTED,EXPECTED
2022-01-16 16:00:00,,,,,0,240,240,SESSION_CLOSED_EXPECTED,EXPECTED
2022-01-16 20:00:00,1.36738,1.36754,1.36647,1.36724,107,240,133,EXPECTED_INCOMPLETE,EXPECTED
2022-01-17 00:00:00,1.36725,1.36812,1.36627,1.36778,239,240,1,UNEXPECTED_INCOMPLETE,UNEXPECTED
2022-01-17 04:00:00,1.36777,1.36854,1.36692,1.36833,237,240,3,UNEXPECTED_INCOMPLETE,UNEXPECTED
2022-01-17 08:00:00,1.36833,1.36894,1.36561,1.36608,240,240,0,COMPLETE,
2022-01-17 12:00:00,1.36611,1.36651,1.36369,1.36481,240,240,0,COMPLETE,
2022-01-17 16:00:00,1.36484,1.36563,1.36414,1.36423,184,240,56,UNEXPECTED_INCOMPLETE,UNEXPECTED
2022-01-17 20:00:00,1.36426,1.36468,1.36353,1.36467,150,240,90,UNEXPECTED_INCOMPLETE,UNEXPECTED
2022-01-18 00:00:00,1.36469,1.36608,1.36209,1.36281,236,240,4,UNEXPECTED_INCOMPLETE,UNEXPECTED
2022-01-18 04:00:00,1.36282,1.3649,1.36279,1.36442,240,240,0,COMPLETE,
2022-01-18 08:00:00,1.3644,1.36519,1.36016,1.36026,240,240,0,COMPLETE,
2022-01-18 12:00:00,1.36028,1.36028,1.35729,1.35819,240,240,0,COMPLETE,
2022-01-18 16:00:00,1.35816,1.36034,1.35724,1.35968,240,240,0,COMPLETE,
2022-01-18 20:00:00,1.35969,1.36001,1.35841,1.3599,222,240,18,UNEXPECTED_INCOMPLETE,UNEXPECTED
2022-01-19 00:00:00,1.35992,1.36047,1.35876,1.3598,239,240,1,UNEXPECTED_INCOMPLETE,UNEXPECTED
2022-01-19 04:00:00,1.35979,1.36159,1.3587,1.35893,239,240,1,UNEXPECTED_INCOMPLETE,UNEXPECTED
2022-01-19 08:00:00,1.35892,1.36441,1.35875,1.36298,240,240,0,COMPLETE,
2022-01-19 12:00:00,1.36301,1.36484,1.36203,1.36275,240,240,0,COMPLETE,
2022-01-19 16:00:00,1.36276,1.36345,1.36201,1.36254,240,240,0,COMPLETE,
2022-01-19 20:00:00,1.36252,1.36274,1.36029,1.36082,221,240,19,UNEXPECTED_INCOMPLETE,UNEXPECTED
2022-01-20 00:00:00,1.36084,1.36355,1.36084,1.36264,237,240,3,UNEXPECTED_INCOMPLETE,UNEXPECTED
2022-01-20 04:00:00,1.36267,1.36334,1.36193,1.36263,239,240,1,UNEXPECTED_INCOMPLETE,UNEXPECTED
2022-01-20 08:00:00,1.36263,1.36366,1.36041,1.36073,240,240,0,COMPLETE,
2022-01-20 12:00:00,1.3607,1.36613,1.35976,1.36554,240,240,0,COMPLETE,
2022-01-20 16:00:00,1.3655,1.36594,1.36119,1.36119,240,240,0,COMPLETE,
2022-01-20 20:00:00,1.36122,1.36153,1.35864,1.35963,225,240,15,UNEXPECTED_INCOMPLETE,UNEXPECTED
2022-01-21 00:00:00,1.35965,1.36015,1.35785,1.35951,240,240,0,COMPLETE,
2022-01-21 04:00:00,1.35949,1.35965,1.3569,1.35758,240,240,0,COMPLETE,
2022-01-21 08:00:00,1.35757,1.35757,1.35518,1.35567,240,240,0,COMPLETE,
2022-01-21 12:00:00,1.35569,1.3576,1.35447,1.35538,240,240,0,COMPLETE,
2022-01-21 16:00:00,1.35537,1.35672,1.35498,1.35544,240,240,0,COMPLETE,
2022-01-21 20:00:00,1.35541,1.35583,1.35477,1.35538,114,240,126,UNEXPECTED_INCOMPLETE,EXPECTED|UNEXPECTED
2022-01-22 00:00:00,,,,,0,240,240,SESSION_CLOSED_EXPECTED,EXPECTED
2022-01-22 04:00:00,,,,,0,240,240,SESSION_CLOSED_EXPECTED,EXPECTED
2022-01-22 08:00:00,,,,,0,240,240,SESSION_CLOSED_EXPECTED,EXPECTED
2022-01-22 12:00:00,,,,,0,240,240,SESSION_CLOSED_EXPECTED,EXPECTED
2022-01-22 16:00:00,,,,,0,240,240,SESSION_CLOSED_EXPECTED,EXPECTED
2022-01-22 20:00:00,,,,,0,240,240,SESSION_CLOSED_EXPECTED,EXPECTED
2022-01-23 00:00:00,,,,,0,240,240,SESSION_CLOSED_EXPECTED,EXPECTED
2022-01-23 04:00:00,,,,,0,240,240,SESSION_CLOSED_EXPECTED,EXPECTED
2022-01-23 08:00:00,,,,,0,240,240,SESSION_CLOSED_EXPECTED,EXPECTED
2022-01-23 12:00:00,,,,,0,240,240,SESSION_CLOSED_EXPECTED,EXPECTED
2022-01-23 16:00:00,,,,,0,240,240,SESSION_CLOSED_EXPECTED,EXPECTED
2022-01-23 20:00:00,1.35467,1.35545,1.35455,1.35544,87,240,153,EXPECTED_INCOMPLETE,EXPECTED
2022-01-24 00:00:00,1.35545,1.3565,1.35487,1.35549,238,240,2,UNEXPECTED_INCOMPLETE,UNEXPECTED
2022-01-24 04:00:00,1.35551,1.35579,1.35329,1.3542,240,240,0,COMPLETE,
2022-01-24 08:00:00,1.35422,1.35545,1.34856,1.34872,240,240,0,COMPLETE,
2022-01-24 12:00:00,1.34872,1.34942,1.34437,1.34639,240,240,0,COMPLETE,
2022-01-24 16:00:00,1.34638,1.34832,1.34394,1.34817,240,240,0,COMPLETE,
2022-01-24 20:00:00,1.34815,1.34921,1.34795,1.34877,205,240,35,UNEXPECTED_INCOMPLETE,UNEXPECTED
2022-01-25 00:00:00,1.3488,1.34887,1.34667,1.34759,240,240,0,COMPLETE,
2022-01-25 04:00:00,1.34757,1.34864,1.34706,1.34821,240,240,0,COMPLETE,
2022-01-25 08:00:00,1.34819,1.3496,1.34431,1.34458,240,240,0,COMPLETE,
2022-01-25 12:00:00,1.3446,1.34938,1.34359,1.34837,240,240,0,COMPLETE,
2022-01-25 16:00:00,1.34839,1.35182,1.34778,1.35175,240,240,0,COMPLETE,
2022-01-25 20:00:00,1.35174,1.35174,1.34952,1.3509,218,240,22,UNEXPECTED_INCOMPLETE,UNEXPECTED
2022-01-26 00:00:00,1.35093,1.35203,1.35058,1.35089,237,240,3,UNEXPECTED_INCOMPLETE,UNEXPECTED
2022-01-26 04:00:00,1.35088,1.35139,1.3496,1.35016,238,240,2,UNEXPECTED_INCOMPLETE,UNEXPECTED
2022-01-26 08:00:00,1.35018,1.35229,1.3493,1.35117,240,240,0,COMPLETE,
2022-01-26 12:00:00,1.35119,1.35198,1.34911,1.35093,240,240,0,COMPLETE,
2022-01-26 16:00:00,1.35096,1.35244,1.34585,1.34661,240,240,0,COMPLETE,
2022-01-26 20:00:00,1.34659,1.34676,1.3444,1.34667,215,240,25,UNEXPECTED_INCOMPLETE,EXPECTED|UNEXPECTED
2022-01-27 00:00:00,1.34666,1.34667,1.34344,1.34362,240,240,0,COMPLETE,
2022-01-27 04:00:00,1.34361,1.34412,1.34112,1.34131,240,240,0,COMPLETE,
2022-01-27 08:00:00,1.34128,1.34325,1.33744,1.33863,240,240,0,COMPLETE,
2022-01-27 12:00:00,1.33864,1.3406,1.33574,1.33896,240,240,0,COMPLETE,
2022-01-27 16:00:00,1.33894,1.34043,1.33664,1.33729,240,240,0,COMPLETE,
2022-01-27 20:00:00,1.33727,1.33885,1.33727,1.33867,228,240,12,UNEXPECTED_INCOMPLETE,UNEXPECTED
2022-01-28 00:00:00,1.33868,1.34037,1.33788,1.33995,239,240,1,UNEXPECTED_INCOMPLETE,UNEXPECTED
2022-01-28 04:00:00,1.33992,1.34146,1.33808,1.33865,240,240,0,COMPLETE,
2022-01-28 08:00:00,1.33863,1.33944,1.33648,1.33891,240,240,0,COMPLETE,
2022-01-28 12:00:00,1.33893,1.34311,1.33728,1.34137,240,240,0,COMPLETE,
2022-01-28 16:00:00,1.34139,1.34324,1.33732,1.33847,240,240,0,COMPLETE,
2022-01-28 20:00:00,1.3385,1.34004,1.33811,1.33969,115,240,125,UNEXPECTED_INCOMPLETE,EXPECTED|UNEXPECTED
2022-01-29 00:00:00,,,,,0,240,240,SESSION_CLOSED_EXPECTED,EXPECTED
2022-01-29 04:00:00,,,,,0,240,240,SESSION_CLOSED_EXPECTED,EXPECTED
2022-01-29 08:00:00,,,,,0,240,240,SESSION_CLOSED_EXPECTED,EXPECTED
2022-01-29 12:00:00,,,,,0,240,240,SESSION_CLOSED_EXPECTED,EXPECTED
2022-01-29 16:00:00,,,,,0,240,240,SESSION_CLOSED_EXPECTED,EXPECTED
2022-01-29 20:00:00,,,,,0,240,240,SESSION_CLOSED_EXPECTED,EXPECTED
2022-01-30 00:00:00,,,,,0,240,240,SESSION_CLOSED_EXPECTED,EXPECTED
2022-01-30 04:00:00,,,,,0,240,240,SESSION_CLOSED_EXPECTED,EXPECTED
2022-01-30 08:00:00,,,,,0,240,240,SESSION_CLOSED_EXPECTED,EXPECTED
2022-01-30 12:00:00,,,,,0,240,240,SESSION_CLOSED_EXPECTED,EXPECTED
2022-01-30 16:00:00,,,,,0,240,240,SESSION_CLOSED_EXPECTED,EXPECTED
2022-01-30 20:00:00,1.33909,1.34026,1.33861,1.34022,97,240,143,EXPECTED_INCOMPLETE,EXPECTED
2022-01-31 00:00:00,1.3402,1.34138,1.33988,1.341,237,240,3,UNEXPECTED_INCOMPLETE,UNEXPECTED
2022-01-31 04:00:00,1.34099,1.34342,1.34092,1.34334,238,240,2,UNEXPECTED_INCOMPLETE,UNEXPECTED
2022-01-31 08:00:00,1.34341,1.34483,1.34033,1.34033,240,240,0,COMPLETE,
2022-01-31 12:00:00,1.3403,1.34545,1.33915,1.34181,240,240,0,COMPLETE,
2022-01-31 16:00:00,1.34183,1.3459,1.34053,1.3457,239,240,1,UNEXPECTED_INCOMPLETE,UNEXPECTED
2022-01-31 20:00:00,1.34573,1.346,1.34371,1.34443,221,240,19,UNEXPECTED_INCOMPLETE,UNEXPECTED
2022-02-01 00:00:00,1.34442,1.34476,1.34338,1.344,234,240,6,UNEXPECTED_INCOMPLETE,UNEXPECTED
2022-02-01 04:00:00,1.34401,1.34791,1.34401,1.34776,237,240,3,UNEXPECTED_INCOMPLETE,UNEXPECTED
2022-02-01 08:00:00,1.34778,1.35136,1.34702,1.34938,240,240,0,COMPLETE,
2022-02-01 12:00:00,1.34939,1.35167,1.34757,1.35048,240,240,0,COMPLETE,
2022-02-01 16:00:00,1.3505,1.35215,1.34931,1.35171,240,240,0,COMPLETE,
2022-02-01 20:00:00,1.35169,1.35275,1.35142,1.3524,215,240,25,UNEXPECTED_INCOMPLETE,UNEXPECTED
2022-02-02 00:00:00,1.35237,1.3527,1.35162,1.35163,240,240,0,COMPLETE,
2022-02-02 04:00:00,1.35162,1.35376,1.35161,1.35346,237,240,3,UNEXPECTED_INCOMPLETE,UNEXPECTED
2022-02-02 08:00:00,1.35348,1.35662,1.35265,1.35625,239,240,1,UNEXPECTED_INCOMPLETE,UNEXPECTED
2022-02-02 12:00:00,1.35627,1.35871,1.3554,1.3565,240,240,0,COMPLETE,
2022-02-02 16:00:00,1.35651,1.35862,1.35539,1.35836,240,240,0,COMPLETE,
2022-02-02 20:00:00,1.35837,1.35855,1.35636,1.35637,209,240,31,UNEXPECTED_INCOMPLETE,UNEXPECTED
2022-02-03 00:00:00,1.35636,1.35669,1.35542,1.35641,228,240,12,UNEXPECTED_INCOMPLETE,UNEXPECTED
2022-02-03 04:00:00,1.35643,1.35647,1.35467,1.35579,238,240,2,UNEXPECTED_INCOMPLETE,UNEXPECTED
2022-02-03 08:00:00,1.35577,1.35678,1.35378,1.35641,239,240,1,UNEXPECTED_INCOMPLETE,UNEXPECTED
2022-02-03 12:00:00,1.35647,1.36274,1.35417,1.36088,240,240,0,COMPLETE,
2022-02-03 16:00:00,1.3609,1.36194,1.35848,1.35882,240,240,0,COMPLETE,
2022-02-03 20:00:00,1.35883,1.36015,1.35846,1.35975,223,240,17,UNEXPECTED_INCOMPLETE,UNEXPECTED
2022-02-04 00:00:00,1.35973,1.36142,1.3594,1.36088,236,240,4,UNEXPECTED_INCOMPLETE,UNEXPECTED
2022-02-04 04:00:00,1.36086,1.36119,1.35784,1.35816,238,240,2,UNEXPECTED_INCOMPLETE,UNEXPECTED
2022-02-04 08:00:00,1.35814,1.35869,1.35501,1.35719,240,240,0,COMPLETE,
2022-02-04 12:00:00,1.35718,1.35793,1.35043,1.35296,240,240,0,COMPLETE,
2022-02-04 16:00:00,1.35298,1.35507,1.35238,1.35281,240,240,0,COMPLETE,
2022-02-04 20:00:00,1.35282,1.35372,1.35235,1.35285,111,240,129,UNEXPECTED_INCOMPLETE,EXPECTED|UNEXPECTED
2022-02-05 00:00:00,,,,,0,240,240,SESSION_CLOSED_EXPECTED,EXPECTED
2022-02-05 04:00:00,,,,,0,240,240,SESSION_CLOSED_EXPECTED,EXPECTED
2022-02-05 08:00:00,,,,,0,240,240,SESSION_CLOSED_EXPECTED,EXPECTED
2022-02-05 12:00:00,,,,,0,240,240,SESSION_CLOSED_EXPECTED,EXPECTED
2022-02-05 16:00:00,,,,,0,240,240,SESSION_CLOSED_EXPECTED,EXPECTED
2022-02-05 20:00:00,,,,,0,240,240,SESSION_CLOSED_EXPECTED,EXPECTED
2022-02-06 00:00:00,,,,,0,240,240,SESSION_CLOSED_EXPECTED,EXPECTED
2022-02-06 04:00:00,,,,,0,240,240,SESSION_CLOSED_EXPECTED,EXPECTED
2022-02-06 08:00:00,,,,,0,240,240,SESSION_CLOSED_EXPECTED,EXPECTED
2022-02-06 12:00:00,,,,,0,240,240,SESSION_CLOSED_EXPECTED,EXPECTED
2022-02-06 16:00:00,,,,,0,240,240,SESSION_CLOSED_EXPECTED,EXPECTED
2022-02-06 20:00:00,1.35311,1.35365,1.35255,1.35322,98,240,142,EXPECTED_INCOMPLETE,EXPECTED
2022-02-07 00:00:00,1.35323,1.35363,1.35152,1.35235,238,240,2,UNEXPECTED_INCOMPLETE,UNEXPECTED
2022-02-07 04:00:00,1.35232,1.35438,1.35175,1.35431,240,240,0,COMPLETE,
2022-02-07 08:00:00,1.35433,1.35504,1.34898,1.35104,240,240,0,COMPLETE,
2022-02-07 12:00:00,1.35106,1.35317,1.35015,1.353,240,240,0,COMPLETE,
2022-02-07 16:00:00,1.35299,1.35377,1.35145,1.35374,238,240,2,UNEXPECTED_INCOMPLETE,UNEXPECTED
2022-02-07 20:00:00,1.35376,1.35376,1.35242,1.35363,206,240,34,UNEXPECTED_INCOMPLETE,EXPECTED|UNEXPECTED
2022-02-08 00:00:00,1.35365,1.35384,1.35235,1.35339,233,240,7,UNEXPECTED_INCOMPLETE,UNEXPECTED
2022-02-08 04:00:00,1.35341,1.35346,1.35063,1.35232,239,240,1,UNEXPECTED_INCOMPLETE,UNEXPECTED
2022-02-08 08:00:00,1.35229,1.35637,1.35225,1.35461,240,240,0,COMPLETE,
2022-02-08 12:00:00,1.35465,1.35545,1.35152,1.35527,240,240,0,COMPLETE,
2022-02-08 16:00:00,1.35528,1.35562,1.3537,1.3542,239,240,1,UNEXPECTED_INCOMPLETE,UNEXPECTED
2022-02-08 20:00:00,1.35421,1.35526,1.35356,1.35461,200,240,40,UNEXPECTED_INCOMPLETE,UNEXPECTED
2022-02-09 00:00:00,1.35492,1.35662,1.35466,1.35589,154,240,86,UNEXPECTED_INCOMPLETE,UNEXPECTED
2022-02-09 04:00:00,1.35586,1.35623,1.35369,1.35528,237,240,3,UNEXPECTED_INCOMPLETE,UNEXPECTED
2022-02-09 08:00:00,1.35525,1.35888,1.35442,1.35758,240,240,0,COMPLETE,
2022-02-09 12:00:00,1.3576,1.3585,1.35454,1.35459,240,240,0,COMPLETE,
2022-02-09 16:00:00,1.35456,1.35564,1.35286,1.35348,238,240,2,UNEXPECTED_INCOMPLETE,UNEXPECTED
2022-02-09 20:00:00,1.35346,1.35376,1.35263,1.35321,205,240,35,UNEXPECTED_INCOMPLETE,UNEXPECTED
2022-02-10 00:00:00,1.3532,1.35358,1.35259,1.35321,234,240,6,UNEXPECTED_INCOMPLETE,UNEXPECTED
2022-02-10 04:00:00,1.35319,1.35467,1.35283,1.35467,238,240,2,UNEXPECTED_INCOMPLETE,UNEXPECTED
2022-02-10 08:00:00,1.35465,1.35787,1.35429,1.35685,238,240,2,UNEXPECTED_INCOMPLETE,UNEXPECTED
2022-02-10 12:00:00,1.35684,1.36188,1.35229,1.36148,240,240,0,COMPLETE,
2022-02-10 16:00:00,1.3615,1.36432,1.35712,1.35735,240,240,0,COMPLETE,
2022-02-10 20:00:00,1.35736,1.35797,1.35406,1.35485,229,240,11,UNEXPECTED_INCOMPLETE,UNEXPECTED
2022-02-11 00:00:00,1.35484,1.35552,1.35325,1.35387,238,240,2,UNEXPECTED_INCOMPLETE,UNEXPECTED
2022-02-11 04:00:00,1.35385,1.35435,1.35121,1.35343,240,240,0,COMPLETE,
2022-02-11 08:00:00,1.35342,1.35699,1.35193,1.35621,240,240,0,COMPLETE,
2022-02-11 12:00:00,1.35623,1.36089,1.35599,1.36026,240,240,0,COMPLETE,
2022-02-11 16:00:00,1.36025,1.36051,1.35411,1.35485,240,240,0,COMPLETE,
2022-02-11 20:00:00,1.35487,1.35635,1.35415,1.35597,118,240,122,UNEXPECTED_INCOMPLETE,EXPECTED|UNEXPECTED
2022-02-12 00:00:00,,,,,0,240,240,SESSION_CLOSED_EXPECTED,EXPECTED
2022-02-12 04:00:00,,,,,0,240,240,SESSION_CLOSED_EXPECTED,EXPECTED
2022-02-12 08:00:00,,,,,0,240,240,SESSION_CLOSED_EXPECTED,EXPECTED
2022-02-12 12:00:00,,,,,0,240,240,SESSION_CLOSED_EXPECTED,EXPECTED
2022-02-12 16:00:00,,,,,0,240,240,SESSION_CLOSED_EXPECTED,EXPECTED
2022-02-12 20:00:00,,,,,0,240,240,SESSION_CLOSED_EXPECTED,EXPECTED
2022-02-13 00:00:00,,,,,0,240,240,SESSION_CLOSED_EXPECTED,EXPECTED
2022-02-13 04:00:00,,,,,0,240,240,SESSION_CLOSED_EXPECTED,EXPECTED
2022-02-13 08:00:00,,,,,0,240,240,SESSION_CLOSED_EXPECTED,EXPECTED
2022-02-13 12:00:00,,,,,0,240,240,SESSION_CLOSED_EXPECTED,EXPECTED
2022-02-13 16:00:00,,,,,0,240,240,SESSION_CLOSED_EXPECTED,EXPECTED
2022-02-13 20:00:00,1.35488,1.3571,1.35471,1.35684,108,240,132,EXPECTED_INCOMPLETE,EXPECTED
2022-02-14 00:00:00,1.35686,1.35714,1.35343,1.35348,240,240,0,COMPLETE,
2022-02-14 04:00:00,1.35347,1.35479,1.35269,1.35385,239,240,1,UNEXPECTED_INCOMPLETE,UNEXPECTED
2022-02-14 08:00:00,1.35382,1.35392,1.34937,1.35141,240,240,0,COMPLETE,
2022-02-14 12:00:00,1.3514,1.35472,1.35014,1.35126,240,240,0,COMPLETE,
2022-02-14 16:00:00,1.35123,1.35403,1.35088,1.35196,240,240,0,COMPLETE,
2022-02-14 20:00:00,1.35193,1.35342,1.35157,1.35318,218,240,22,UNEXPECTED_INCOMPLETE,UNEXPECTED
2022-02-15 00:00:00,1.3532,1.35457,1.35316,1.3537,240,240,0,COMPLETE,
2022-02-15 04:00:00,1.35367,1.35429,1.35273,1.35309,240,240,0,COMPLETE,
2022-02-15 08:00:00,1.35308,1.35665,1.35276,1.35384,240,240,0,COMPLETE,
2022-02-15 12:00:00,1.35386,1.35529,1.3486,1.35209,240,240,0,COMPLETE,
2022-02-15 16:00:00,1.35208,1.3541,1.35203,1.35347,240,240,0,COMPLETE,
2022-02-15 20:00:00,1.35348,1.35438,1.35283,1.35399,220,240,20,UNEXPECTED_INCOMPLETE,UNEXPECTED
2022-02-16 00:00:00,1.35397,1.35488,1.35387,1.35393,236,240,4,UNEXPECTED_INCOMPLETE,UNEXPECTED
2022-02-16 04:00:00,1.35394,1.35624,1.35382,1.35581,236,240,4,UNEXPECTED_INCOMPLETE,UNEXPECTED
2022-02-16 08:00:00,1.35584,1.35742,1.35532,1.35579,240,240,0,COMPLETE,
2022-02-16 12:00:00,1.35578,1.35908,1.35396,1.35794,240,240,0,COMPLETE,
2022-02-16 16:00:00,1.35791,1.36001,1.357,1.35995,240,240,0,COMPLETE,
2022-02-16 20:00:00,1.35996,1.36006,1.35757,1.35809,225,240,15,UNEXPECTED_INCOMPLETE,UNEXPECTED
2022-02-17 00:00:00,1.35807,1.3597,1.35604,1.35611,240,240,0,COMPLETE,
2022-02-17 04:00:00,1.35608,1.35958,1.35539,1.35958,240,240,0,COMPLETE,
2022-02-17 08:00:00,1.3596,1.3619,1.35674,1.36083,240,240,0,COMPLETE,
2022-02-17 12:00:00,1.36081,1.36376,1.36022,1.36199,240,240,0,COMPLETE,
2022-02-17 16:00:00,1.362,1.36313,1.36168,1.36226,240,240,0,COMPLETE,
2022-02-17 20:00:00,1.36228,1.36232,1.36067,1.36141,232,240,8,UNEXPECTED_INCOMPLETE,UNEXPECTED
2022-02-18 00:00:00,1.3614,1.36179,1.35996,1.36116,238,240,2,UNEXPECTED_INCOMPLETE,UNEXPECTED
2022-02-18 04:00:00,1.36115,1.36265,1.36045,1.36232,236,240,4,UNEXPECTED_INCOMPLETE,UNEXPECTED
2022-02-18 08:00:00,1.36229,1.36424,1.36103,1.36163,240,240,0,COMPLETE,
2022-02-18 12:00:00,1.36163,1.36249,1.35805,1.35825,240,240,0,COMPLETE,
2022-02-18 16:00:00,1.35826,1.36057,1.35728,1.36015,240,240,0,COMPLETE,
2022-02-18 20:00:00,1.36011,1.36044,1.35875,1.35907,119,240,121,EXPECTED_INCOMPLETE,EXPECTED
2022-02-19 00:00:00,,,,,0,240,240,SESSION_CLOSED_EXPECTED,EXPECTED
2022-02-19 04:00:00,,,,,0,240,240,SESSION_CLOSED_EXPECTED,EXPECTED
2022-02-19 08:00:00,,,,,0,240,240,SESSION_CLOSED_EXPECTED,EXPECTED
2022-02-19 12:00:00,,,,,0,240,240,SESSION_CLOSED_EXPECTED,EXPECTED
2022-02-19 16:00:00,,,,,0,240,240,SESSION_CLOSED_EXPECTED,EXPECTED
2022-02-19 20:00:00,,,,,0,240,240,SESSION_CLOSED_EXPECTED,EXPECTED
2022-02-20 00:00:00,,,,,0,240,240,SESSION_CLOSED_EXPECTED,EXPECTED
2022-02-20 04:00:00,,,,,0,240,240,SESSION_CLOSED_EXPECTED,EXPECTED
2022-02-20 08:00:00,,,,,0,240,240,SESSION_CLOSED_EXPECTED,EXPECTED
2022-02-20 12:00:00,,,,,0,240,240,SESSION_CLOSED_EXPECTED,EXPECTED
2022-02-20 16:00:00,,,,,0,240,240,SESSION_CLOSED_EXPECTED,EXPECTED
2022-02-20 20:00:00,1.35887,1.3597,1.35831,1.35909,98,240,142,EXPECTED_INCOMPLETE,EXPECTED
2022-02-21 00:00:00,1.35908,1.36229,1.35853,1.36191,240,240,0,COMPLETE,
2022-02-21 04:00:00,1.36189,1.36317,1.36146,1.36283,238,240,2,UNEXPECTED_INCOMPLETE,UNEXPECTED
2022-02-21 08:00:00,1.36279,1.36381,1.36101,1.36188,240,240,0,COMPLETE,
2022-02-21 12:00:00,1.36186,1.36224,1.35928,1.3607,240,240,0,COMPLETE,
2022-02-21 16:00:00,1.36067,1.3618,1.3594,1.36011,237,240,3,UNEXPECTED_INCOMPLETE,UNEXPECTED
2022-02-21 20:00:00,1.36013,1.36028,1.3581,1.35941,209,240,31,UNEXPECTED_INCOMPLETE,UNEXPECTED
2022-02-22 00:00:00,1.35944,1.3599,1.35789,1.3586,238,240,2,UNEXPECTED_INCOMPLETE,UNEXPECTED
2022-02-22 04:00:00,1.35862,1.35978,1.35657,1.35658,240,240,0,COMPLETE,
2022-02-22 08:00:00,1.3566,1.3596,1.35435,1.35537,240,240,0,COMPLETE,
2022-02-22 12:00:00,1.35534,1.36017,1.35379,1.35899,240,240,0,COMPLETE,
2022-02-22 16:00:00,1.35895,1.36043,1.35755,1.35917,240,240,0,COMPLETE,
2022-02-22 20:00:00,1.35918,1.35946,1.3575,1.35879,213,240,27,UNEXPECTED_INCOMPLETE,EXPECTED|UNEXPECTED
2022-02-23 00:00:00,1.35881,1.36037,1.35846,1.35934,237,240,3,UNEXPECTED_INCOMPLETE,UNEXPECTED
2022-02-23 04:00:00,1.35932,1.36097,1.35878,1.36073,240,240,0,COMPLETE,
2022-02-23 08:00:00,1.3607,1.36203,1.35844,1.35857,240,240,0,COMPLETE,
2022-02-23 12:00:00,1.35855,1.36066,1.35548,1.35596,240,240,0,COMPLETE,
2022-02-23 16:00:00,1.35594,1.35633,1.35353,1.35377,240,240,0,COMPLETE,
2022-02-23 20:00:00,1.35374,1.35489,1.35362,1.35444,217,240,23,UNEXPECTED_INCOMPLETE,UNEXPECTED
2022-02-24 00:00:00,1.35446,1.35462,1.35105,1.35138,239,240,1,UNEXPECTED_INCOMPLETE,UNEXPECTED
2022-02-24 04:00:00,1.35135,1.35167,1.34609,1.34778,240,240,0,COMPLETE,
2022-02-24 08:00:00,1.3478,1.34933,1.33827,1.33963,240,240,0,COMPLETE,
2022-02-24 12:00:00,1.33964,1.34192,1.32731,1.32743,240,240,0,COMPLETE,
2022-02-24 16:00:00,1.32748,1.34045,1.32723,1.33811,240,240,0,COMPLETE,
2022-02-24 20:00:00,1.33815,1.34027,1.33673,1.3371,228,240,12,UNEXPECTED_INCOMPLETE,UNEXPECTED
2022-02-25 00:00:00,1.33712,1.34221,1.33687,1.34221,240,240,0,COMPLETE,
2022-02-25 04:00:00,1.34219,1.34379,1.34084,1.34182,240,240,0,COMPLETE,
2022-02-25 08:00:00,1.34179,1.34269,1.33674,1.33852,240,240,0,COMPLETE,
2022-02-25 12:00:00,1.33852,1.34212,1.33663,1.34161,240,240,0,COMPLETE,
2022-02-25 16:00:00,1.34162,1.34241,1.3381,1.34108,240,240,0,COMPLETE,
2022-02-25 20:00:00,1.34107,1.34191,1.34075,1.3411,119,240,121,EXPECTED_INCOMPLETE,EXPECTED
2022-02-26 00:00:00,,,,,0,240,240,SESSION_CLOSED_EXPECTED,EXPECTED
2022-02-26 04:00:00,,,,,0,240,240,SESSION_CLOSED_EXPECTED,EXPECTED
2022-02-26 08:00:00,,,,,0,240,240,SESSION_CLOSED_EXPECTED,EXPECTED
2022-02-26 12:00:00,,,,,0,240,240,SESSION_CLOSED_EXPECTED,EXPECTED
2022-02-26 16:00:00,,,,,0,240,240,SESSION_CLOSED_EXPECTED,EXPECTED
2022-02-26 20:00:00,,,,,0,240,240,SESSION_CLOSED_EXPECTED,EXPECTED
2022-02-27 00:00:00,,,,,0,240,240,SESSION_CLOSED_EXPECTED,EXPECTED
2022-02-27 04:00:00,,,,,0,240,240,SESSION_CLOSED_EXPECTED,EXPECTED
2022-02-27 08:00:00,,,,,0,240,240,SESSION_CLOSED_EXPECTED,EXPECTED
2022-02-27 12:00:00,,,,,0,240,240,SESSION_CLOSED_EXPECTED,EXPECTED
2022-02-27 16:00:00,,,,,0,240,240,SESSION_CLOSED_EXPECTED,EXPECTED
2022-02-27 20:00:00,1.3329,1.33738,1.33256,1.33717,114,240,126,EXPECTED_INCOMPLETE,EXPECTED
2022-02-28 00:00:00,1.33715,1.33812,1.33442,1.33469,240,240,0,COMPLETE,
2022-02-28 04:00:00,1.33468,1.33875,1.33411,1.33729,237,240,3,UNEXPECTED_INCOMPLETE,UNEXPECTED
2022-02-28 08:00:00,1.3373,1.34114,1.33509,1.33931,240,240,0,COMPLETE,
2022-02-28 12:00:00,1.33928,1.34312,1.33869,1.34195,240,240,0,COMPLETE,
2022-02-28 16:00:00,1.34193,1.34218,1.3386,1.34124,239,240,1,UNEXPECTED_INCOMPLETE,UNEXPECTED
2022-02-28 20:00:00,1.34123,1.34244,1.3403,1.34215,224,240,16,UNEXPECTED_INCOMPLETE,UNEXPECTED
2022-03-01 00:00:00,1.34212,1.34228,1.34052,1.3406,233,240,7,UNEXPECTED_INCOMPLETE,UNEXPECTED
2022-03-01 04:00:00,1.34059,1.34368,1.34048,1.34233,240,240,0,COMPLETE,
2022-03-01 08:00:00,1.3423,1.34355,1.33864,1.34061,240,240,0,COMPLETE,
2022-03-01 12:00:00,1.34065,1.34194,1.33494,1.33516,240,240,0,COMPLETE,
2022-03-01 16:00:00,1.33514,1.33551,1.33015,1.33122,240,240,0,COMPLETE,
2022-03-01 20:00:00,1.33124,1.33354,1.33069,1.33349,225,240,15,UNEXPECTED_INCOMPLETE,UNEXPECTED
2022-03-02 00:00:00,1.33347,1.33389,1.33141,1.33184,237,240,3,UNEXPECTED_INCOMPLETE,UNEXPECTED
2022-03-02 04:00:00,1.33182,1.33213,1.32701,1.32906,240,240,0,COMPLETE,
2022-03-02 08:00:00,1.32907,1.33359,1.32755,1.33283,240,240,0,COMPLETE,
2022-03-02 12:00:00,1.33284,1.33557,1.33094,1.33127,240,240,0,COMPLETE,
2022-03-02 16:00:00,1.33128,1.33854,1.3311,1.33745,240,240,0,COMPLETE,
2022-03-02 20:00:00,1.33746,1.34066,1.33739,1.33957,223,240,17,UNEXPECTED_INCOMPLETE,UNEXPECTED
2022-03-03 00:00:00,1.33959,1.34014,1.3377,1.33922,240,240,0,COMPLETE,
2022-03-03 04:00:00,1.33923,1.34167,1.33904,1.33917,233,240,7,UNEXPECTED_INCOMPLETE,UNEXPECTED
2022-03-03 08:00:00,1.33914,1.33996,1.33622,1.33694,240,240,0,COMPLETE,
2022-03-03 12:00:00,1.33695,1.33922,1.33373,1.33392,240,240,0,COMPLETE,
2022-03-03 16:00:00,1.33394,1.33566,1.33171,1.33341,240,240,0,COMPLETE,
2022-03-03 20:00:00,1.33343,1.33503,1.33312,1.33501,218,240,22,UNEXPECTED_INCOMPLETE,UNEXPECTED
2022-03-04 00:00:00,1.33499,1.33507,1.33151,1.33357,239,240,1,UNEXPECTED_INCOMPLETE,UNEXPECTED
2022-03-04 04:00:00,1.33354,1.3348,1.3318,1.3323,240,240,0,COMPLETE,
2022-03-04 08:00:00,1.33232,1.33269,1.32818,1.32865,240,240,0,COMPLETE,
2022-03-04 12:00:00,1.32868,1.32908,1.32019,1.32184,240,240,0,COMPLETE,
2022-03-04 16:00:00,1.32184,1.32453,1.32048,1.32191,240,240,0,COMPLETE,
2022-03-04 20:00:00,1.32188,1.32491,1.3217,1.32369,119,240,121,EXPECTED_INCOMPLETE,EXPECTED
2022-03-05 00:00:00,,,,,0,240,240,SESSION_CLOSED_EXPECTED,EXPECTED
2022-03-05 04:00:00,,,,,0,240,240,SESSION_CLOSED_EXPECTED,EXPECTED
2022-03-05 08:00:00,,,,,0,240,240,SESSION_CLOSED_EXPECTED,EXPECTED
2022-03-05 12:00:00,,,,,0,240,240,SESSION_CLOSED_EXPECTED,EXPECTED
2022-03-05 16:00:00,,,,,0,240,240,SESSION_CLOSED_EXPECTED,EXPECTED
2022-03-05 20:00:00,,,,,0,240,240,SESSION_CLOSED_EXPECTED,EXPECTED
2022-03-06 00:00:00,,,,,0,240,240,SESSION_CLOSED_EXPECTED,EXPECTED
2022-03-06 04:00:00,,,,,0,240,240,SESSION_CLOSED_EXPECTED,EXPECTED
2022-03-06 08:00:00,,,,,0,240,240,SESSION_CLOSED_EXPECTED,EXPECTED
2022-03-06 12:00:00,,,,,0,240,240,SESSION_CLOSED_EXPECTED,EXPECTED
2022-03-06 16:00:00,,,,,0,240,240,SESSION_CLOSED_EXPECTED,EXPECTED
2022-03-06 20:00:00,1.32215,1.32356,1.31999,1.32111,108,240,132,EXPECTED_INCOMPLETE,EXPECTED
2022-03-07 00:00:00,1.32113,1.32222,1.31847,1.32082,240,240,0,COMPLETE,
2022-03-07 04:00:00,1.32081,1.3227,1.31994,1.32015,240,240,0,COMPLETE,
2022-03-07 08:00:00,1.32017,1.32102,1.31408,1.31689,240,240,0,COMPLETE,
2022-03-07 12:00:00,1.3169,1.32141,1.31165,1.31347,240,240,0,COMPLETE,
2022-03-07 16:00:00,1.31344,1.31383,1.31013,1.31042,240,240,0,COMPLETE,
2022-03-07 20:00:00,1.31041,1.31164,1.30983,1.31129,223,240,17,UNEXPECTED_INCOMPLETE,UNEXPECTED
2022-03-08 00:00:00,1.3113,1.31305,1.3101,1.31242,240,240,0,COMPLETE,
2022-03-08 04:00:00,1.31243,1.31283,1.30805,1.30911,240,240,0,COMPLETE,
2022-03-08 08:00:00,1.30912,1.31332,1.30871,1.31176,240,240,0,COMPLETE,
2022-03-08 12:00:00,1.31175,1.31441,1.3085,1.3111,240,240,0,COMPLETE,
2022-03-08 16:00:00,1.31109,1.31434,1.30893,1.31072,240,240,0,COMPLETE,
2022-03-08 20:00:00,1.3107,1.31136,1.30878,1.3098,230,240,10,UNEXPECTED_INCOMPLETE,UNEXPECTED
2022-03-09 00:00:00,1.30982,1.31174,1.30978,1.31071,239,240,1,UNEXPECTED_INCOMPLETE,UNEXPECTED
2022-03-09 04:00:00,1.3107,1.31272,1.3107,1.31107,240,240,0,COMPLETE,
2022-03-09 08:00:00,1.31109,1.31805,1.31044,1.31507,240,240,0,COMPLETE,
2022-03-09 12:00:00,1.31506,1.31834,1.31367,1.3157,240,240,0,COMPLETE,
2022-03-09 16:00:00,1.31572,1.31868,1.31528,1.31809,240,240,0,COMPLETE,
2022-03-09 20:00:00,1.31808,1.31895,1.3172,1.31843,220,240,20,UNEXPECTED_INCOMPLETE,UNEXPECTED
2022-03-10 00:00:00,1.31841,1.31871,1.31429,1.31665,240,240,0,COMPLETE,
2022-03-10 04:00:00,1.31666,1.31936,1.31643,1.31934,238,240,2,UNEXPECTED_INCOMPLETE,UNEXPECTED
2022-03-10 08:00:00,1.31936,1.31941,1.31404,1.31586,240,240,0,COMPLETE,
2022-03-10 12:00:00,1.31585,1.31933,1.31184,1.31292,240,240,0,COMPLETE,
2022-03-10 16:00:00,1.31293,1.31318,1.30915,1.3097,240,240,0,COMPLETE,
2022-03-10 20:00:00,1.30969,1.31039,1.30786,1.31022,221,240,19,UNEXPECTED_INCOMPLETE,UNEXPECTED
2022-03-11 00:00:00,1.31021,1.31036,1.30731,1.30905,237,240,3,UNEXPECTED_INCOMPLETE,UNEXPECTED
2022-03-11 04:00:00,1.30904,1.31014,1.30649,1.30707,238,240,2,UNEXPECTED_INCOMPLETE,UNEXPECTED
2022-03-11 08:00:00,1.30706,1.31189,1.30507,1.31078,240,240,0,COMPLETE,
2022-03-11 12:00:00,1.31079,1.31246,1.30729,1.3085,240,240,0,COMPLETE,
2022-03-11 16:00:00,1.30853,1.30882,1.30352,1.3038,240,240,0,COMPLETE,
2022-03-11 20:00:00,1.30378,1.30393,1.30269,1.30378,118,240,122,UNEXPECTED_INCOMPLETE,EXPECTED|UNEXPECTED
2022-03-12 00:00:00,,,,,0,240,240,SESSION_CLOSED_EXPECTED,EXPECTED
2022-03-12 04:00:00,,,,,0,240,240,SESSION_CLOSED_EXPECTED,EXPECTED
2022-03-12 08:00:00,,,,,0,240,240,SESSION_CLOSED_EXPECTED,EXPECTED
2022-03-12 12:00:00,,,,,0,240,240,SESSION_CLOSED_EXPECTED,EXPECTED
2022-03-12 16:00:00,,,,,0,240,240,SESSION_CLOSED_EXPECTED,EXPECTED
2022-03-12 20:00:00,,,,,0,240,240,SESSION_CLOSED_EXPECTED,EXPECTED
2022-03-13 00:00:00,,,,,0,240,240,SESSION_CLOSED_EXPECTED,EXPECTED
2022-03-13 04:00:00,,,,,0,240,240,SESSION_CLOSED_EXPECTED,EXPECTED
2022-03-13 08:00:00,,,,,0,240,240,SESSION_CLOSED_EXPECTED,EXPECTED
2022-03-13 12:00:00,,,,,0,240,240,SESSION_CLOSED_EXPECTED,EXPECTED
2022-03-13 16:00:00,,,,,0,240,240,SESSION_CLOSED_EXPECTED,EXPECTED
2022-03-13 20:00:00,1.30371,1.3052,1.30275,1.3049,154,240,86,EXPECTED_INCOMPLETE,EXPECTED
2022-03-14 00:00:00,1.30491,1.30491,1.30111,1.30136,240,240,0,COMPLETE,
2022-03-14 04:00:00,1.30135,1.30423,1.30092,1.30389,239,240,1,UNEXPECTED_INCOMPLETE,UNEXPECTED
2022-03-14 08:00:00,1.3039,1.30568,1.30188,1.30222,240,240,0,COMPLETE,
2022-03-14 12:00:00,1.30224,1.30788,1.30223,1.30468,240,240,0,COMPLETE,
2022-03-14 16:00:00,1.30469,1.30622,1.30007,1.30017,240,240,0,COMPLETE,
2022-03-14 20:00:00,1.30016,1.30103,1.29971,1.30093,207,240,33,UNEXPECTED_INCOMPLETE,UNEXPECTED
2022-03-15 00:00:00,1.30095,1.30454,1.29999,1.30454,240,240,0,COMPLETE,
2022-03-15 04:00:00,1.30455,1.30496,1.30258,1.30325,240,240,0,COMPLETE,
2022-03-15 08:00:00,1.30324,1.30587,1.30175,1.30503,240,240,0,COMPLETE,
2022-03-15 12:00:00,1.30506,1.30882,1.30505,1.30661,240,240,0,COMPLETE,
2022-03-15 16:00:00,1.30664,1.30682,1.30207,1.30471,240,240,0,COMPLETE,
2022-03-15 20:00:00,1.30472,1.30485,1.30312,1.30436,226,240,14,UNEXPECTED_INCOMPLETE,UNEXPECTED
2022-03-16 00:00:00,1.30438,1.30568,1.30354,1.30521,238,240,2,UNEXPECTED_INCOMPLETE,UNEXPECTED
2022-03-16 04:00:00,1.3052,1.30633,1.30347,1.30388,238,240,2,UNEXPECTED_INCOMPLETE,UNEXPECTED
2022-03-16 08:00:00,1.30387,1.31052,1.30378,1.30928,240,240,0,COMPLETE,
2022-03-16 12:00:00,1.3093,1.31159,1.30732,1.30947,240,240,0,COMPLETE,
2022-03-16 16:00:00,1.30947,1.3155,1.30429,1.31529,240,240,0,COMPLETE,
2022-03-16 20:00:00,1.31531,1.31561,1.31253,1.31395,231,240,9,UNEXPECTED_INCOMPLETE,UNEXPECTED
2022-03-17 00:00:00,1.31396,1.31622,1.31338,1.31541,240,240,0,COMPLETE,
2022-03-17 04:00:00,1.3154,1.31804,1.31479,1.318,240,240,0,COMPLETE,
2022-03-17 08:00:00,1.31798,1.32104,1.31538,1.32036,240,240,0,COMPLETE,
2022-03-17 12:00:00,1.3203,1.3203,1.30871,1.31573,240,240,0,COMPLETE,
2022-03-17 16:00:00,1.31574,1.31735,1.31451,1.31536,240,240,0,COMPLETE,
2022-03-17 20:00:00,1.31534,1.31586,1.31421,1.31581,210,240,30,UNEXPECTED_INCOMPLETE,UNEXPECTED
2022-03-18 00:00:00,1.31584,1.3183,1.31508,1.31592,239,240,1,UNEXPECTED_INCOMPLETE,UNEXPECTED
2022-03-18 04:00:00,1.31593,1.31722,1.31418,1.31549,240,240,0,COMPLETE,
2022-03-18 08:00:00,1.31549,1.31578,1.31215,1.31284,240,240,0,COMPLETE,
2022-03-18 12:00:00,1.31286,1.31764,1.31104,1.31694,240,240,0,COMPLETE,
2022-03-18 16:00:00,1.31698,1.31965,1.31656,1.3181,240,240,0,COMPLETE,
2022-03-18 20:00:00,1.31808,1.31852,1.31739,1.31779,57,240,183,UNEXPECTED_INCOMPLETE,EXPECTED|UNEXPECTED
2022-03-19 00:00:00,,,,,0,240,240,SESSION_CLOSED_EXPECTED,EXPECTED
2022-03-19 04:00:00,,,,,0,240,240,SESSION_CLOSED_EXPECTED,EXPECTED
2022-03-19 08:00:00,,,,,0,240,240,SESSION_CLOSED_EXPECTED,EXPECTED
2022-03-19 12:00:00,,,,,0,240,240,SESSION_CLOSED_EXPECTED,EXPECTED
2022-03-19 16:00:00,,,,,0,240,240,SESSION_CLOSED_EXPECTED,EXPECTED
2022-03-19 20:00:00,,,,,0,240,240,SESSION_CLOSED_EXPECTED,EXPECTED
2022-03-20 00:00:00,,,,,0,240,240,SESSION_CLOSED_EXPECTED,EXPECTED
2022-03-20 04:00:00,,,,,0,240,240,SESSION_CLOSED_EXPECTED,EXPECTED
2022-03-20 08:00:00,,,,,0,240,240,SESSION_CLOSED_EXPECTED,EXPECTED
2022-03-20 12:00:00,,,,,0,240,240,SESSION_CLOSED_EXPECTED,EXPECTED
2022-03-20 16:00:00,,,,,0,240,240,SESSION_CLOSED_EXPECTED,EXPECTED
2022-03-20 20:00:00,1.31713,1.31763,1.31584,1.31591,129,240,111,EXPECTED_INCOMPLETE,EXPECTED
2022-03-21 00:00:00,1.31593,1.31707,1.31544,1.31574,239,240,1,UNEXPECTED_INCOMPLETE,UNEXPECTED
2022-03-21 04:00:00,1.31572,1.31667,1.3145,1.3153,238,240,2,UNEXPECTED_INCOMPLETE,UNEXPECTED
2022-03-21 08:00:00,1.31528,1.31696,1.31253,1.31399,240,240,0,COMPLETE,
2022-03-21 12:00:00,1.31399,1.32094,1.31358,1.31994,240,240,0,COMPLETE,
2022-03-21 16:00:00,1.31996,1.32061,1.3155,1.31633,240,240,0,COMPLETE,
2022-03-21 20:00:00,1.31634,1.31686,1.31571,1.31686,210,240,30,UNEXPECTED_INCOMPLETE,UNEXPECTED
2022-03-22 00:00:00,1.31688,1.31688,1.3132,1.31514,240,240,0,COMPLETE,
2022-03-22 04:00:00,1.31511,1.31515,1.31196,1.31392,240,240,0,COMPLETE,
2022-03-22 08:00:00,1.31394,1.32267,1.31307,1.32205,240,240,0,COMPLETE,
2022-03-22 12:00:00,1.32207,1.32731,1.32192,1.32587,240,240,0,COMPLETE,
2022-03-22 16:00:00,1.32584,1.32634,1.32464,1.32594,240,240,0,COMPLETE,
2022-03-22 20:00:00,1.32591,1.32713,1.32544,1.32652,219,240,21,UNEXPECTED_INCOMPLETE,UNEXPECTED
2022-03-23 00:00:00,1.32654,1.32972,1.32654,1.32844,240,240,0,COMPLETE,
2022-03-23 04:00:00,1.32845,1.32912,1.32547,1.32603,240,240,0,COMPLETE,
2022-03-23 08:00:00,1.32607,1.32623,1.31987,1.32077,240,240,0,COMPLETE,
2022-03-23 12:00:00,1.32078,1.3214,1.31748,1.32112,240,240,0,COMPLETE,
2022-03-23 16:00:00,1.32113,1.32138,1.31974,1.32094,240,240,0,COMPLETE,
2022-03-23 20:00:00,1.3209,1.32106,1.31952,1.32048,212,240,28,UNEXPECTED_INCOMPLETE,UNEXPECTED
2022-03-24 00:00:00,1.32051,1.32126,1.3183,1.3191,240,240,0,COMPLETE,
2022-03-24 04:00:00,1.31908,1.32048,1.31785,1.31796,240,240,0,COMPLETE,
2022-03-24 08:00:00,1.31818,1.32114,1.31559,1.3202,240,240,0,COMPLETE,
2022-03-24 12:00:00,1.32021,1.32138,1.31665,1.31836,240,240,0,COMPLETE,
2022-03-24 16:00:00,1.31838,1.31951,1.31668,1.31903,240,240,0,COMPLETE,
2022-03-24 20:00:00,1.31905,1.31964,1.31786,1.31937,207,240,33,UNEXPECTED_INCOMPLETE,UNEXPECTED
2022-03-25 00:00:00,1.31938,1.3213,1.31834,1.32059,240,240,0,COMPLETE,
2022-03-25 04:00:00,1.32057,1.32244,1.31858,1.31894,240,240,0,COMPLETE,
2022-03-25 08:00:00,1.31892,1.31996,1.31588,1.31971,240,240,0,COMPLETE,
2022-03-25 12:00:00,1.3197,1.32221,1.31784,1.31907,240,240,0,COMPLETE,
2022-03-25 16:00:00,1.31906,1.31987,1.31786,1.31898,240,240,0,COMPLETE,
2022-03-25 20:00:00,1.31899,1.31899,1.31771,1.31812,56,240,184,UNEXPECTED_INCOMPLETE,EXPECTED|UNEXPECTED
2022-03-26 00:00:00,,,,,0,240,240,SESSION_CLOSED_EXPECTED,EXPECTED
2022-03-26 04:00:00,,,,,0,240,240,SESSION_CLOSED_EXPECTED,EXPECTED
2022-03-26 08:00:00,,,,,0,240,240,SESSION_CLOSED_EXPECTED,EXPECTED
2022-03-26 12:00:00,,,,,0,240,240,SESSION_CLOSED_EXPECTED,EXPECTED
2022-03-26 16:00:00,,,,,0,240,240,SESSION_CLOSED_EXPECTED,EXPECTED
2022-03-26 20:00:00,,,,,0,240,240,SESSION_CLOSED_EXPECTED,EXPECTED
2022-03-27 00:00:00,,,,,0,240,240,SESSION_CLOSED_EXPECTED,EXPECTED
2022-03-27 04:00:00,,,,,0,240,240,SESSION_CLOSED_EXPECTED,EXPECTED
2022-03-27 08:00:00,,,,,0,240,240,SESSION_CLOSED_EXPECTED,EXPECTED
2022-03-27 12:00:00,,,,,0,240,240,SESSION_CLOSED_EXPECTED,EXPECTED
2022-03-27 16:00:00,,,,,0,240,240,SESSION_CLOSED_EXPECTED,EXPECTED
2022-03-27 20:00:00,1.31751,1.3183,1.31684,1.31725,154,240,86,EXPECTED_INCOMPLETE,EXPECTED
2022-03-28 00:00:00,1.31726,1.31761,1.31451,1.31536,240,240,0,COMPLETE,
2022-03-28 04:00:00,1.31537,1.31639,1.31288,1.31457,240,240,0,COMPLETE,
2022-03-28 08:00:00,1.3146,1.3167,1.31048,1.31141,240,240,0,COMPLETE,
2022-03-28 12:00:00,1.3114,1.31166,1.30656,1.30906,240,240,0,COMPLETE,
2022-03-28 16:00:00,1.30907,1.30991,1.30817,1.30932,240,240,0,COMPLETE,
2022-03-28 20:00:00,1.30934,1.31057,1.30863,1.30988,198,240,42,UNEXPECTED_INCOMPLETE,UNEXPECTED
2022-03-29 00:00:00,1.30989,1.31056,1.30779,1.30955,240,240,0,COMPLETE,
2022-03-29 04:00:00,1.30956,1.31145,1.30845,1.30913,240,240,0,COMPLETE,
2022-03-29 08:00:00,1.30911,1.31471,1.30504,1.31281,240,240,0,COMPLETE,
2022-03-29 12:00:00,1.31283,1.31593,1.31221,1.31294,240,240,0,COMPLETE,
2022-03-29 16:00:00,1.31291,1.31291,1.30597,1.30983,240,240,0,COMPLETE,
2022-03-29 20:00:00,1.30981,1.31022,1.30831,1.30925,215,240,25,UNEXPECTED_INCOMPLETE,UNEXPECTED
2022-03-30 00:00:00,1.30923,1.31113,1.30883,1.31067,240,240,0,COMPLETE,
2022-03-30 04:00:00,1.31066,1.3133,1.30984,1.3126,240,240,0,COMPLETE,
2022-03-30 08:00:00,1.31262,1.31611,1.31159,1.31589,240,240,0,COMPLETE,
2022-03-30 12:00:00,1.31588,1.31821,1.31458,1.31492,240,240,0,COMPLETE,
2022-03-30 16:00:00,1.31493,1.31546,1.31265,1.31333,240,240,0,COMPLETE,
2022-03-30 20:00:00,1.31334,1.31389,1.31268,1.31369,193,240,47,UNEXPECTED_INCOMPLETE,UNEXPECTED
2022-03-31 00:00:00,1.31371,1.31432,1.31143,1.3116,240,240,0,COMPLETE,
2022-03-31 04:00:00,1.31161,1.31476,1.31095,1.31349,240,240,0,COMPLETE,
2022-03-31 08:00:00,1.3135,1.31429,1.31087,1.31253,240,240,0,COMPLETE,
2022-03-31 12:00:00,1.31252,1.31753,1.31056,1.31499,240,240,0,COMPLETE,
2022-03-31 16:00:00,1.31497,1.31522,1.31299,1.31368,240,240,0,COMPLETE,
2022-03-31 20:00:00,1.31369,1.31512,1.31312,1.3145,234,240,6,UNEXPECTED_INCOMPLETE,UNEXPECTED
2022-04-01 00:00:00,1.31452,1.31465,1.31216,1.31342,240,240,0,COMPLETE,
2022-04-01 04:00:00,1.31341,1.31387,1.31123,1.31227,240,240,0,COMPLETE,
2022-04-01 08:00:00,1.31228,1.31451,1.3115,1.31302,240,240,0,COMPLETE,
2022-04-01 12:00:00,1.31304,1.31342,1.3086,1.31122,240,240,0,COMPLETE,
2022-04-01 16:00:00,1.31119,1.3114,1.30916,1.31131,240,240,0,COMPLETE,
2022-04-01 20:00:00,1.31133,1.31152,1.31085,1.31138,57,240,183,UNEXPECTED_INCOMPLETE,EXPECTED|UNEXPECTED
2022-04-02 00:00:00,,,,,0,240,240,SESSION_CLOSED_EXPECTED,EXPECTED
2022-04-02 04:00:00,,,,,0,240,240,SESSION_CLOSED_EXPECTED,EXPECTED
2022-04-02 08:00:00,,,,,0,240,240,SESSION_CLOSED_EXPECTED,EXPECTED
2022-04-02 12:00:00,,,,,0,240,240,SESSION_CLOSED_EXPECTED,EXPECTED
2022-04-02 16:00:00,,,,,0,240,240,SESSION_CLOSED_EXPECTED,EXPECTED
2022-04-02 20:00:00,,,,,0,240,240,SESSION_CLOSED_EXPECTED,EXPECTED
2022-04-03 00:00:00,,,,,0,240,240,SESSION_CLOSED_EXPECTED,EXPECTED
2022-04-03 04:00:00,,,,,0,240,240,SESSION_CLOSED_EXPECTED,EXPECTED
2022-04-03 08:00:00,,,,,0,240,240,SESSION_CLOSED_EXPECTED,EXPECTED
2022-04-03 12:00:00,,,,,0,240,240,SESSION_CLOSED_EXPECTED,EXPECTED
2022-04-03 16:00:00,,,,,0,240,240,SESSION_CLOSED_EXPECTED,EXPECTED
2022-04-03 20:00:00,1.30995,1.31097,1.3096,1.31041,159,240,81,EXPECTED_INCOMPLETE,EXPECTED
2022-04-04 00:00:00,1.31042,1.31197,1.31011,1.31149,239,240,1,UNEXPECTED_INCOMPLETE,UNEXPECTED
2022-04-04 04:00:00,1.31147,1.31359,1.31141,1.31272,240,240,0,COMPLETE,
2022-04-04 08:00:00,1.31275,1.31284,1.30927,1.30957,240,240,0,COMPLETE,
2022-04-04 12:00:00,1.3096,1.31285,1.30946,1.3115,240,240,0,COMPLETE,
2022-04-04 16:00:00,1.31149,1.312,1.30964,1.31144,240,240,0,COMPLETE,
2022-04-04 20:00:00,1.31141,1.31166,1.31078,1.31122,201,240,39,UNEXPECTED_INCOMPLETE,UNEXPECTED
2022-04-05 00:00:00,1.31124,1.31222,1.31057,1.31135,240,240,0,COMPLETE,
2022-04-05 04:00:00,1.31136,1.31436,1.31062,1.31255,240,240,0,COMPLETE,
2022-04-05 08:00:00,1.31258,1.31421,1.3115,1.31342,240,240,0,COMPLETE,
2022-04-05 12:00:00,1.31341,1.31665,1.30973,1.30991,240,240,0,COMPLETE,
2022-04-05 16:00:00,1.30992,1.31012,1.30664,1.30775,240,240,0,COMPLETE,
2022-04-05 20:00:00,1.30772,1.30795,1.30673,1.30764,199,240,41,UNEXPECTED_INCOMPLETE,UNEXPECTED
2022-04-06 00:00:00,1.30765,1.30775,1.30561,1.30723,240,240,0,COMPLETE,
2022-04-06 04:00:00,1.30722,1.30755,1.30432,1.30656,240,240,0,COMPLETE,
2022-04-06 08:00:00,1.30654,1.31077,1.30631,1.30848,240,240,0,COMPLETE,
2022-04-06 12:00:00,1.30849,1.30992,1.30679,1.30801,240,240,0,COMPLETE,
2022-04-06 16:00:00,1.30802,1.31024,1.30478,1.30735,240,240,0,COMPLETE,
2022-04-06 20:00:00,1.30735,1.30757,1.30583,1.30688,210,240,30,UNEXPECTED_INCOMPLETE,UNEXPECTED
2022-04-07 00:00:00,1.3069,1.30833,1.30684,1.30783,240,240,0,COMPLETE,
2022-04-07 04:00:00,1.30782,1.31062,1.30748,1.30898,240,240,0,COMPLETE,
2022-04-07 08:00:00,1.30897,1.30948,1.30625,1.30812,240,240,0,COMPLETE,
2022-04-07 12:00:00,1.30813,1.30869,1.30515,1.30589,240,240,0,COMPLETE,
2022-04-07 16:00:00,1.30587,1.30751,1.30521,1.30738,240,240,0,COMPLETE,
2022-04-07 20:00:00,1.30735,1.30762,1.30658,1.30682,206,240,34,UNEXPECTED_INCOMPLETE,UNEXPECTED
2022-04-08 00:00:00,1.30685,1.30769,1.30644,1.30691,240,240,0,COMPLETE,
2022-04-08 04:00:00,1.30692,1.30736,1.30251,1.30407,240,240,0,COMPLETE,
2022-04-08 08:00:00,1.30408,1.30541,1.30212,1.3031,240,240,0,COMPLETE,
2022-04-08 12:00:00,1.30309,1.30316,1.29817,1.30306,240,240,0,COMPLETE,
2022-04-08 16:00:00,1.30305,1.30393,1.30211,1.30333,239,240,1,UNEXPECTED_INCOMPLETE,UNEXPECTED
2022-04-08 20:00:00,1.30332,1.30375,1.3032,1.30358,54,240,186,UNEXPECTED_INCOMPLETE,EXPECTED|UNEXPECTED
2022-04-09 00:00:00,,,,,0,240,240,SESSION_CLOSED_EXPECTED,EXPECTED
2022-04-09 04:00:00,,,,,0,240,240,SESSION_CLOSED_EXPECTED,EXPECTED
2022-04-09 08:00:00,,,,,0,240,240,SESSION_CLOSED_EXPECTED,EXPECTED
2022-04-09 12:00:00,,,,,0,240,240,SESSION_CLOSED_EXPECTED,EXPECTED
2022-04-09 16:00:00,,,,,0,240,240,SESSION_CLOSED_EXPECTED,EXPECTED
2022-04-09 20:00:00,,,,,0,240,240,SESSION_CLOSED_EXPECTED,EXPECTED
2022-04-10 00:00:00,,,,,0,240,240,SESSION_CLOSED_EXPECTED,EXPECTED
2022-04-10 04:00:00,,,,,0,240,240,SESSION_CLOSED_EXPECTED,EXPECTED
2022-04-10 08:00:00,,,,,0,240,240,SESSION_CLOSED_EXPECTED,EXPECTED
2022-04-10 12:00:00,,,,,0,240,240,SESSION_CLOSED_EXPECTED,EXPECTED
2022-04-10 16:00:00,,,,,0,240,240,SESSION_CLOSED_EXPECTED,EXPECTED
2022-04-10 20:00:00,1.30271,1.30392,1.30234,1.30296,164,240,76,EXPECTED_INCOMPLETE,EXPECTED
2022-04-11 00:00:00,1.30297,1.30315,1.30083,1.30137,240,240,0,COMPLETE,
2022-04-11 04:00:00,1.30138,1.30281,1.29884,1.3027,240,240,0,COMPLETE,
2022-04-11 08:00:00,1.30274,1.30563,1.30185,1.30293,240,240,0,COMPLETE,
2022-04-11 12:00:00,1.30291,1.30463,1.30179,1.30314,240,240,0,COMPLETE,
2022-04-11 16:00:00,1.30316,1.3038,1.30192,1.30227,240,240,0,COMPLETE,
2022-04-11 20:00:00,1.30225,1.30311,1.30209,1.30222,215,240,25,UNEXPECTED_INCOMPLETE,UNEXPECTED
2022-04-12 00:00:00,1.30224,1.30375,1.30039,1.30229,240,240,0,COMPLETE,
2022-04-12 04:00:00,1.30231,1.30343,1.30012,1.30147,239,240,1,UNEXPECTED_INCOMPLETE,UNEXPECTED
2022-04-12 08:00:00,1.30146,1.30216,1.29933,1.30216,240,240,0,COMPLETE,
2022-04-12 12:00:00,1.30218,1.30537,1.30075,1.30299,240,240,0,COMPLETE,
2022-04-12 16:00:00,1.303,1.30448,1.29987,1.30016,240,240,0,COMPLETE,
2022-04-12 20:00:00,1.30016,1.30038,1.29938,1.30013,193,240,47,UNEXPECTED_INCOMPLETE,UNEXPECTED
2022-04-13 00:00:00,1.30014,1.30143,1.29869,1.30123,240,240,0,COMPLETE,
2022-04-13 04:00:00,1.3012,1.30251,1.29705,1.29986,240,240,0,COMPLETE,
2022-04-13 08:00:00,1.29995,1.30241,1.29934,1.29992,240,240,0,COMPLETE,
2022-04-13 12:00:00,1.29995,1.30746,1.299,1.30705,240,240,0,COMPLETE,
2022-04-13 16:00:00,1.30706,1.31144,1.30703,1.31091,240,240,0,COMPLETE,
2022-04-13 20:00:00,1.31092,1.31227,1.31032,1.31181,206,240,34,UNEXPECTED_INCOMPLETE,UNEXPECTED
2022-04-14 00:00:00,1.31184,1.31398,1.31124,1.31344,240,240,0,COMPLETE,
2022-04-14 04:00:00,1.31346,1.31471,1.31272,1.31312,237,240,3,UNEXPECTED_INCOMPLETE,UNEXPECTED
2022-04-14 08:00:00,1.31309,1.31457,1.31156,1.3116,240,240,0,COMPLETE,
2022-04-14 12:00:00,1.31159,1.31241,1.3033,1.30504,240,240,0,COMPLETE,
2022-04-14 16:00:00,1.30506,1.30819,1.30498,1.30751,239,240,1,UNEXPECTED_INCOMPLETE,UNEXPECTED
2022-04-14 20:00:00,1.30748,1.30809,1.30576,1.30629,219,240,21,UNEXPECTED_INCOMPLETE,UNEXPECTED
2022-04-15 00:00:00,1.30616,1.30655,1.30417,1.30585,224,240,16,UNEXPECTED_INCOMPLETE,UNEXPECTED
2022-04-15 04:00:00,1.3058,1.30698,1.30479,1.30689,238,240,2,UNEXPECTED_INCOMPLETE,UNEXPECTED
2022-04-15 08:00:00,1.30686,1.30705,1.30538,1.30615,238,240,2,UNEXPECTED_INCOMPLETE,UNEXPECTED
2022-04-15 12:00:00,1.30618,1.30665,1.30514,1.30538,238,240,2,UNEXPECTED_INCOMPLETE,UNEXPECTED
2022-04-15 16:00:00,1.30555,1.30612,1.30519,1.30553,235,240,5,UNEXPECTED_INCOMPLETE,UNEXPECTED
2022-04-15 20:00:00,1.30532,1.30618,1.30482,1.30505,58,240,182,UNEXPECTED_INCOMPLETE,EXPECTED|UNEXPECTED
2022-04-16 00:00:00,,,,,0,240,240,SESSION_CLOSED_EXPECTED,EXPECTED
2022-04-16 04:00:00,,,,,0,240,240,SESSION_CLOSED_EXPECTED,EXPECTED
2022-04-16 08:00:00,,,,,0,240,240,SESSION_CLOSED_EXPECTED,EXPECTED
2022-04-16 12:00:00,,,,,0,240,240,SESSION_CLOSED_EXPECTED,EXPECTED
2022-04-16 16:00:00,,,,,0,240,240,SESSION_CLOSED_EXPECTED,EXPECTED
2022-04-16 20:00:00,,,,,0,240,240,SESSION_CLOSED_EXPECTED,EXPECTED
2022-04-17 00:00:00,,,,,0,240,240,SESSION_CLOSED_EXPECTED,EXPECTED
2022-04-17 04:00:00,,,,,0,240,240,SESSION_CLOSED_EXPECTED,EXPECTED
2022-04-17 08:00:00,,,,,0,240,240,SESSION_CLOSED_EXPECTED,EXPECTED
2022-04-17 12:00:00,,,,,0,240,240,SESSION_CLOSED_EXPECTED,EXPECTED
2022-04-17 16:00:00,,,,,0,240,240,SESSION_CLOSED_EXPECTED,EXPECTED
2022-04-17 20:00:00,1.3048,1.30641,1.30466,1.30564,159,240,81,EXPECTED_INCOMPLETE,EXPECTED
2022-04-18 00:00:00,1.30566,1.30573,1.30252,1.30268,240,240,0,COMPLETE,
2022-04-18 04:00:00,1.30266,1.30306,1.30053,1.30089,240,240,0,COMPLETE,
2022-04-18 08:00:00,1.3009,1.30393,1.30083,1.30386,239,240,1,UNEXPECTED_INCOMPLETE,UNEXPECTED
2022-04-18 12:00:00,1.30388,1.30446,1.30136,1.30178,240,240,0,COMPLETE,
2022-04-18 16:00:00,1.3018,1.30207,1.30044,1.30087,239,240,1,UNEXPECTED_INCOMPLETE,UNEXPECTED
2022-04-18 20:00:00,1.30087,1.30128,1.30002,1.30073,214,240,26,UNEXPECTED_INCOMPLETE,UNEXPECTED
2022-04-19 00:00:00,1.30071,1.30184,1.29888,1.30044,240,240,0,COMPLETE,
2022-04-19 04:00:00,1.30043,1.30156,1.29869,1.30145,240,240,0,COMPLETE,
2022-04-19 08:00:00,1.30146,1.30404,1.30038,1.30158,240,240,0,COMPLETE,
2022-04-19 12:00:00,1.30159,1.3024,1.29791,1.30095,240,240,0,COMPLETE,
2022-04-19 16:00:00,1.30094,1.30145,1.29916,1.30025,240,240,0,COMPLETE,
2022-04-19 20:00:00,1.30023,1.30136,1.29915,1.30133,217,240,23,UNEXPECTED_INCOMPLETE,UNEXPECTED
2022-04-20 00:00:00,1.30136,1.3045,1.30106,1.30407,240,240,0,COMPLETE,
2022-04-20 04:00:00,1.30409,1.30434,1.30001,1.30005,240,240,0,COMPLETE,
2022-04-20 08:00:00,1.30004,1.30657,1.29961,1.30515,240,240,0,COMPLETE,
2022-04-20 12:00:00,1.30518,1.30653,1.30322,1.30535,240,240,0,COMPLETE,
2022-04-20 16:00:00,1.30533,1.30701,1.3046,1.30627,240,240,0,COMPLETE,
2022-04-20 20:00:00,1.30629,1.30733,1.30481,1.30676,222,240,18,UNEXPECTED_INCOMPLETE,UNEXPECTED
2022-04-21 00:00:00,1.30679,1.30679,1.30419,1.30446,240,240,0,COMPLETE,
2022-04-21 04:00:00,1.30448,1.30822,1.30448,1.30743,239,240,1,UNEXPECTED_INCOMPLETE,UNEXPECTED
2022-04-21 08:00:00,1.30741,1.30898,1.30291,1.30322,239,240,1,UNEXPECTED_INCOMPLETE,UNEXPECTED
2022-04-21 12:00:00,1.30323,1.30759,1.30221,1.3043,240,240,0,COMPLETE,
2022-04-21 16:00:00,1.30429,1.30472,1.30223,1.30288,240,240,0,COMPLETE,
2022-04-21 20:00:00,1.30288,1.30348,1.30229,1.30241,228,240,12,UNEXPECTED_INCOMPLETE,UNEXPECTED
2022-04-22 00:00:00,1.30243,1.30314,1.30093,1.302,240,240,0,COMPLETE,
2022-04-22 04:00:00,1.30197,1.30325,1.28988,1.29053,240,240,0,COMPLETE,
2022-04-22 08:00:00,1.29068,1.29164,1.28619,1.29022,240,240,0,COMPLETE,
2022-04-22 12:00:00,1.29026,1.29027,1.28375,1.28462,240,240,0,COMPLETE,
2022-04-22 16:00:00,1.28464,1.28477,1.28225,1.28273,240,240,0,COMPLETE,
2022-04-22 20:00:00,1.28275,1.28397,1.28268,1.28371,58,240,182,UNEXPECTED_INCOMPLETE,EXPECTED|UNEXPECTED
2022-04-23 00:00:00,,,,,0,240,240,SESSION_CLOSED_EXPECTED,EXPECTED
2022-04-23 04:00:00,,,,,0,240,240,SESSION_CLOSED_EXPECTED,EXPECTED
2022-04-23 08:00:00,,,,,0,240,240,SESSION_CLOSED_EXPECTED,EXPECTED
2022-04-23 12:00:00,,,,,0,240,240,SESSION_CLOSED_EXPECTED,EXPECTED
2022-04-23 16:00:00,,,,,0,240,240,SESSION_CLOSED_EXPECTED,EXPECTED
2022-04-23 20:00:00,,,,,0,240,240,SESSION_CLOSED_EXPECTED,EXPECTED
2022-04-24 00:00:00,,,,,0,240,240,SESSION_CLOSED_EXPECTED,EXPECTED
2022-04-24 04:00:00,,,,,0,240,240,SESSION_CLOSED_EXPECTED,EXPECTED
2022-04-24 08:00:00,,,,,0,240,240,SESSION_CLOSED_EXPECTED,EXPECTED
2022-04-24 12:00:00,,,,,0,240,240,SESSION_CLOSED_EXPECTED,EXPECTED
2022-04-24 16:00:00,,,,,0,240,240,SESSION_CLOSED_EXPECTED,EXPECTED
2022-04-24 20:00:00,1.28321,1.28388,1.28254,1.28277,172,240,68,EXPECTED_INCOMPLETE,EXPECTED
2022-04-25 00:00:00,1.2828,1.28293,1.27907,1.28049,240,240,0,COMPLETE,
2022-04-25 04:00:00,1.28048,1.28075,1.27271,1.27487,240,240,0,COMPLETE,
2022-04-25 08:00:00,1.27488,1.27653,1.27049,1.27498,240,240,0,COMPLETE,
2022-04-25 12:00:00,1.27496,1.27543,1.27007,1.27007,240,240,0,COMPLETE,
2022-04-25 16:00:00,1.27004,1.27433,1.26966,1.27402,240,240,0,COMPLETE,
2022-04-25 20:00:00,1.27398,1.27445,1.27219,1.27374,226,240,14,UNEXPECTED_INCOMPLETE,UNEXPECTED
2022-04-26 00:00:00,1.27376,1.27713,1.27302,1.27658,240,240,0,COMPLETE,
2022-04-26 04:00:00,1.2766,1.27678,1.27099,1.27121,240,240,0,COMPLETE,
2022-04-26 08:00:00,1.27124,1.27303,1.26853,1.26853,240,240,0,COMPLETE,
2022-04-26 12:00:00,1.26855,1.26971,1.26076,1.26143,240,240,0,COMPLETE,
2022-04-26 16:00:00,1.26142,1.26216,1.25803,1.25889,240,240,0,COMPLETE,
2022-04-26 20:00:00,1.25887,1.25887,1.25581,1.25809,226,240,14,UNEXPECTED_INCOMPLETE,UNEXPECTED
2022-04-27 00:00:00,1.25812,1.25911,1.25691,1.25795,240,240,0,COMPLETE,
2022-04-27 04:00:00,1.25793,1.25972,1.25398,1.2572,240,240,0,COMPLETE,
2022-04-27 08:00:00,1.25722,1.26012,1.25355,1.25657,240,240,0,COMPLETE,
2022-04-27 12:00:00,1.25659,1.25782,1.25022,1.25436,240,240,0,COMPLETE,
2022-04-27 16:00:00,1.25439,1.25734,1.25351,1.25454,240,240,0,COMPLETE,
2022-04-27 20:00:00,1.25452,1.25474,1.25333,1.25394,208,240,32,UNEXPECTED_INCOMPLETE,UNEXPECTED
2022-04-28 00:00:00,1.25395,1.25452,1.25085,1.25108,240,240,0,COMPLETE,
2022-04-28 04:00:00,1.25111,1.25693,1.24893,1.25557,240,240,0,COMPLETE,
2022-04-28 08:00:00,1.25558,1.25566,1.24233,1.24253,240,240,0,COMPLETE,
2022-04-28 12:00:00,1.24252,1.24743,1.24108,1.24386,240,240,0,COMPLETE,
2022-04-28 16:00:00,1.24385,1.24733,1.24376,1.24667,240,240,0,COMPLETE,
2022-04-28 20:00:00,1.24665,1.24683,1.24466,1.24645,222,240,18,UNEXPECTED_INCOMPLETE,UNEXPECTED
2022-04-29 00:00:00,1.24647,1.24966,1.24647,1.24827,240,240,0,COMPLETE,
2022-04-29 04:00:00,1.24824,1.25695,1.24766,1.25589,240,240,0,COMPLETE,
2022-04-29 08:00:00,1.25591,1.2585,1.25405,1.25557,240,240,0,COMPLETE,
2022-04-29 12:00:00,1.25555,1.2573,1.25298,1.25645,240,240,0,COMPLETE,
2022-04-29 16:00:00,1.25644,1.26142,1.25565,1.25755,240,240,0,COMPLETE,
2022-04-29 20:00:00,1.25756,1.25826,1.2569,1.25749,57,240,183,UNEXPECTED_INCOMPLETE,EXPECTED|UNEXPECTED
2022-04-30 00:00:00,,,,,0,240,240,SESSION_CLOSED_EXPECTED,EXPECTED
2022-04-30 04:00:00,,,,,0,240,240,SESSION_CLOSED_EXPECTED,EXPECTED
2022-04-30 08:00:00,,,,,0,240,240,SESSION_CLOSED_EXPECTED,EXPECTED
2022-04-30 12:00:00,,,,,0,240,240,SESSION_CLOSED_EXPECTED,EXPECTED
2022-04-30 16:00:00,,,,,0,240,240,SESSION_CLOSED_EXPECTED,EXPECTED
2022-04-30 20:00:00,,,,,0,240,240,SESSION_CLOSED_EXPECTED,EXPECTED
2022-05-01 00:00:00,,,,,0,240,240,SESSION_CLOSED_EXPECTED,EXPECTED
2022-05-01 04:00:00,,,,,0,240,240,SESSION_CLOSED_EXPECTED,EXPECTED
2022-05-01 08:00:00,,,,,0,240,240,SESSION_CLOSED_EXPECTED,EXPECTED
2022-05-01 12:00:00,,,,,0,240,240,SESSION_CLOSED_EXPECTED,EXPECTED
2022-05-01 16:00:00,,,,,0,240,240,SESSION_CLOSED_EXPECTED,EXPECTED
2022-05-01 20:00:00,1.25791,1.25873,1.25691,1.25699,144,240,96,EXPECTED_INCOMPLETE,EXPECTED
2022-05-02 00:00:00,1.25702,1.2597,1.25511,1.25583,240,240,0,COMPLETE,
2022-05-02 04:00:00,1.25582,1.25805,1.25395,1.25736,240,240,0,COMPLETE,
2022-05-02 08:00:00,1.25735,1.25873,1.25556,1.25601,240,240,0,COMPLETE,
2022-05-02 12:00:00,1.256,1.25667,1.25031,1.25208,240,240,0,COMPLETE,
2022-05-02 16:00:00,1.2521,1.25239,1.24725,1.24893,240,240,0,COMPLETE,
2022-05-02 20:00:00,1.24892,1.24994,1.24804,1.24991,227,240,13,UNEXPECTED_INCOMPLETE,UNEXPECTED
2022-05-03 00:00:00,1.24992,1.25322,1.24964,1.25313,239,240,1,UNEXPECTED_INCOMPLETE,UNEXPECTED
2022-05-03 04:00:00,1.25312,1.25447,1.2505,1.25368,238,240,2,UNEXPECTED_INCOMPLETE,UNEXPECTED
2022-05-03 08:00:00,1.2537,1.25551,1.24924,1.25312,240,240,0,COMPLETE,
2022-05-03 12:00:00,1.25311,1.25666,1.25053,1.25095,240,240,0,COMPLETE,
2022-05-03 16:00:00,1.25094,1.25143,1.24701,1.24958,240,240,0,COMPLETE,
2022-05-03 20:00:00,1.2496,1.25025,1.2485,1.2498,228,240,12,UNEXPECTED_INCOMPLETE,UNEXPECTED
2022-05-04 00:00:00,1.24981,1.25053,1.24822,1.24834,239,240,1,UNEXPECTED_INCOMPLETE,UNEXPECTED
2022-05-04 04:00:00,1.2483,1.25141,1.2465,1.25122,238,240,2,UNEXPECTED_INCOMPLETE,UNEXPECTED
2022-05-04 08:00:00,1.25121,1.25238,1.25018,1.25098,240,240,0,COMPLETE,
2022-05-04 12:00:00,1.25096,1.25369,1.24673,1.24873,240,240,0,COMPLETE,
2022-05-04 16:00:00,1.24876,1.26378,1.24513,1.26165,239,240,1,UNEXPECTED_INCOMPLETE,UNEXPECTED
2022-05-04 20:00:00,1.26166,1.26376,1.26051,1.2616,228,240,12,UNEXPECTED_INCOMPLETE,UNEXPECTED
2022-05-05 00:00:00,1.26161,1.26327,1.25779,1.25788,240,240,0,COMPLETE,
2022-05-05 04:00:00,1.2579,1.25798,1.25161,1.2542,240,240,0,COMPLETE,
2022-05-05 08:00:00,1.25424,1.25776,1.23787,1.23942,240,240,0,COMPLETE,
2022-05-05 12:00:00,1.23939,1.24133,1.23263,1.2328,240,240,0,COMPLETE,
2022-05-05 16:00:00,1.23276,1.23688,1.23246,1.23647,240,240,0,COMPLETE,
2022-05-05 20:00:00,1.23646,1.23728,1.23522,1.2362,221,240,19,UNEXPECTED_INCOMPLETE,UNEXPECTED
2022-05-06 00:00:00,1.23622,1.23796,1.23331,1.23688,240,240,0,COMPLETE,
2022-05-06 04:00:00,1.23689,1.23728,1.22748,1.23125,239,240,1,UNEXPECTED_INCOMPLETE,UNEXPECTED
2022-05-06 08:00:00,1.23127,1.23791,1.23049,1.23355,240,240,0,COMPLETE,
2022-05-06 12:00:00,1.23359,1.23751,1.23007,1.23438,240,240,0,COMPLETE,
2022-05-06 16:00:00,1.2344,1.23619,1.23224,1.23422,240,240,0,COMPLETE,
2022-05-06 20:00:00,1.23419,1.23421,1.2331,1.23365,57,240,183,UNEXPECTED_INCOMPLETE,EXPECTED|UNEXPECTED
2022-05-07 00:00:00,,,,,0,240,240,SESSION_CLOSED_EXPECTED,EXPECTED
2022-05-07 04:00:00,,,,,0,240,240,SESSION_CLOSED_EXPECTED,EXPECTED
2022-05-07 08:00:00,,,,,0,240,240,SESSION_CLOSED_EXPECTED,EXPECTED
2022-05-07 12:00:00,,,,,0,240,240,SESSION_CLOSED_EXPECTED,EXPECTED
2022-05-07 16:00:00,,,,,0,240,240,SESSION_CLOSED_EXPECTED,EXPECTED
2022-05-07 20:00:00,,,,,0,240,240,SESSION_CLOSED_EXPECTED,EXPECTED
2022-05-08 00:00:00,,,,,0,240,240,SESSION_CLOSED_EXPECTED,EXPECTED
2022-05-08 04:00:00,,,,,0,240,240,SESSION_CLOSED_EXPECTED,EXPECTED
2022-05-08 08:00:00,,,,,0,240,240,SESSION_CLOSED_EXPECTED,EXPECTED
2022-05-08 12:00:00,,,,,0,240,240,SESSION_CLOSED_EXPECTED,EXPECTED
2022-05-08 16:00:00,,,,,0,240,240,SESSION_CLOSED_EXPECTED,EXPECTED
2022-05-08 20:00:00,1.2339,1.23434,1.23241,1.23252,163,240,77,EXPECTED_INCOMPLETE,EXPECTED
2022-05-09 00:00:00,1.23255,1.2327,1.22832,1.22903,240,240,0,COMPLETE,
2022-05-09 04:00:00,1.22905,1.22988,1.22601,1.22874,240,240,0,COMPLETE,
2022-05-09 08:00:00,1.22877,1.2371,1.22682,1.23659,240,240,0,COMPLETE,
2022-05-09 12:00:00,1.23657,1.24055,1.23002,1.23336,240,240,0,COMPLETE,
2022-05-09 16:00:00,1.23335,1.23801,1.23254,1.23309,240,240,0,COMPLETE,
2022-05-09 20:00:00,1.2331,1.23414,1.23225,1.23347,219,240,21,UNEXPECTED_INCOMPLETE,UNEXPECTED
2022-05-10 00:00:00,1.23348,1.23719,1.23174,1.23663,240,240,0,COMPLETE,
2022-05-10 04:00:00,1.23662,1.23753,1.23164,1.23169,240,240,0,COMPLETE,
2022-05-10 08:00:00,1.23171,1.23582,1.23039,1.23378,240,240,0,COMPLETE,
2022-05-10 12:00:00,1.23379,1.23412,1.22924,1.23124,240,240,0,COMPLETE,
2022-05-10 16:00:00,1.23125,1.23303,1.22915,1.23181,240,240,0,COMPLETE,
2022-05-10 20:00:00,1.23177,1.23223,1.23065,1.23067,212,240,28,UNEXPECTED_INCOMPLETE,UNEXPECTED
2022-05-11 00:00:00,1.23069,1.23397,1.23046,1.23306,240,240,0,COMPLETE,
2022-05-11 04:00:00,1.23305,1.23466,1.23225,1.23447,240,240,0,COMPLETE,
2022-05-11 08:00:00,1.23448,1.23894,1.23246,1.2356,240,240,0,COMPLETE,
2022-05-11 12:00:00,1.23562,1.23998,1.22768,1.23144,240,240,0,COMPLETE,
2022-05-11 16:00:00,1.23144,1.2324,1.22372,1.22427,240,240,0,COMPLETE,
2022-05-11 20:00:00,1.22426,1.22523,1.22316,1.2233,229,240,11,UNEXPECTED_INCOMPLETE,UNEXPECTED
2022-05-12 00:00:00,1.22332,1.22482,1.22089,1.22274,240,240,0,COMPLETE,
2022-05-12 04:00:00,1.22276,1.22316,1.21792,1.22,240,240,0,COMPLETE,
2022-05-12 08:00:00,1.22002,1.22191,1.21639,1.2195,240,240,0,COMPLETE,
2022-05-12 12:00:00,1.21953,1.22473,1.21894,1.21955,240,240,0,COMPLETE,
2022-05-12 16:00:00,1.21954,1.22191,1.2173,1.21924,240,240,0,COMPLETE,
2022-05-12 20:00:00,1.21926,1.22072,1.219,1.22039,206,240,34,UNEXPECTED_INCOMPLETE,UNEXPECTED
2022-05-13 00:00:00,1.22041,1.22265,1.2192,1.22173,240,240,0,COMPLETE,
2022-05-13 04:00:00,1.22172,1.22312,1.21979,1.22159,240,240,0,COMPLETE,
2022-05-13 08:00:00,1.2217,1.22275,1.21741,1.21913,240,240,0,COMPLETE,
2022-05-13 12:00:00,1.21914,1.22445,1.21543,1.22431,240,240,0,COMPLETE,
2022-05-13 16:00:00,1.22428,1.22484,1.22199,1.22419,240,240,0,COMPLETE,
2022-05-13 20:00:00,1.22416,1.22604,1.22402,1.22598,58,240,182,UNEXPECTED_INCOMPLETE,EXPECTED|UNEXPECTED
2022-05-14 00:00:00,,,,,0,240,240,SESSION_CLOSED_EXPECTED,EXPECTED
2022-05-14 04:00:00,,,,,0,240,240,SESSION_CLOSED_EXPECTED,EXPECTED
2022-05-14 08:00:00,,,,,0,240,240,SESSION_CLOSED_EXPECTED,EXPECTED
2022-05-14 12:00:00,,,,,0,240,240,SESSION_CLOSED_EXPECTED,EXPECTED
2022-05-14 16:00:00,,,,,0,240,240,SESSION_CLOSED_EXPECTED,EXPECTED
2022-05-14 20:00:00,,,,,0,240,240,SESSION_CLOSED_EXPECTED,EXPECTED
2022-05-15 00:00:00,,,,,0,240,240,SESSION_CLOSED_EXPECTED,EXPECTED
2022-05-15 04:00:00,,,,,0,240,240,SESSION_CLOSED_EXPECTED,EXPECTED
2022-05-15 08:00:00,,,,,0,240,240,SESSION_CLOSED_EXPECTED,EXPECTED
2022-05-15 12:00:00,,,,,0,240,240,SESSION_CLOSED_EXPECTED,EXPECTED
2022-05-15 16:00:00,,,,,0,240,240,SESSION_CLOSED_EXPECTED,EXPECTED
2022-05-15 20:00:00,1.22386,1.22655,1.2238,1.22566,170,240,70,EXPECTED_INCOMPLETE,EXPECTED
2022-05-16 00:00:00,1.22568,1.22964,1.22327,1.22359,240,240,0,COMPLETE,
2022-05-16 04:00:00,1.2236,1.22527,1.22166,1.22188,240,240,0,COMPLETE,
2022-05-16 08:00:00,1.2219,1.22702,1.22186,1.22589,240,240,0,COMPLETE,
2022-05-16 12:00:00,1.2259,1.22737,1.22357,1.22694,240,240,0,COMPLETE,
2022-05-16 16:00:00,1.22692,1.23291,1.22652,1.23173,240,240,0,COMPLETE,
2022-05-16 20:00:00,1.23168,1.23271,1.23129,1.23252,211,240,29,UNEXPECTED_INCOMPLETE,UNEXPECTED
2022-05-17 00:00:00,1.23254,1.23439,1.23203,1.23351,240,240,0,COMPLETE,
2022-05-17 04:00:00,1.23353,1.24314,1.23311,1.2423,239,240,1,UNEXPECTED_INCOMPLETE,UNEXPECTED
2022-05-17 08:00:00,1.24236,1.24986,1.24207,1.24828,240,240,0,COMPLETE,
2022-05-17 12:00:00,1.24829,1.24954,1.24491,1.24689,240,240,0,COMPLETE,
2022-05-17 16:00:00,1.2469,1.24932,1.24523,1.24835,240,240,0,COMPLETE,
2022-05-17 20:00:00,1.24836,1.24958,1.248,1.24866,214,240,26,UNEXPECTED_INCOMPLETE,UNEXPECTED
2022-05-18 00:00:00,1.24866,1.25004,1.24627,1.24684,240,240,0,COMPLETE,
2022-05-18 04:00:00,1.24682,1.24958,1.23921,1.23948,240,240,0,COMPLETE,
2022-05-18 08:00:00,1.2395,1.24238,1.23712,1.24189,240,240,0,COMPLETE,
2022-05-18 12:00:00,1.24191,1.24353,1.2386,1.23924,240,240,0,COMPLETE,
2022-05-18 16:00:00,1.23927,1.23955,1.23383,1.23406,240,240,0,COMPLETE,
2022-05-18 20:00:00,1.23404,1.23563,1.23294,1.23437,219,240,21,UNEXPECTED_INCOMPLETE,UNEXPECTED
2022-05-19 00:00:00,1.23439,1.23834,1.23389,1.23831,240,240,0,COMPLETE,
2022-05-19 04:00:00,1.23834,1.23946,1.23376,1.23831,240,240,0,COMPLETE,
2022-05-19 08:00:00,1.23832,1.24374,1.23693,1.24316,240,240,0,COMPLETE,
2022-05-19 12:00:00,1.24318,1.25241,1.24099,1.25028,240,240,0,COMPLETE,
2022-05-19 16:00:00,1.25029,1.25176,1.24859,1.24953,240,240,0,COMPLETE,
2022-05-19 20:00:00,1.24951,1.24954,1.24579,1.24625,234,240,6,UNEXPECTED_INCOMPLETE,UNEXPECTED
2022-05-20 00:00:00,1.24627,1.24696,1.24371,1.2448,240,240,0,COMPLETE,
2022-05-20 04:00:00,1.24478,1.24962,1.24427,1.24734,240,240,0,COMPLETE,
2022-05-20 08:00:00,1.24737,1.24903,1.24587,1.24685,240,240,0,COMPLETE,
2022-05-20 12:00:00,1.24684,1.24995,1.24519,1.24907,240,240,0,COMPLETE,
2022-05-20 16:00:00,1.24905,1.24934,1.24526,1.24884,240,240,0,COMPLETE,
2022-05-20 20:00:00,1.24882,1.24966,1.24846,1.24929,58,240,182,UNEXPECTED_INCOMPLETE,EXPECTED|UNEXPECTED
2022-05-21 00:00:00,,,,,0,240,240,SESSION_CLOSED_EXPECTED,EXPECTED
2022-05-21 04:00:00,,,,,0,240,240,SESSION_CLOSED_EXPECTED,EXPECTED
2022-05-21 08:00:00,,,,,0,240,240,SESSION_CLOSED_EXPECTED,EXPECTED
2022-05-21 12:00:00,,,,,0,240,240,SESSION_CLOSED_EXPECTED,EXPECTED
2022-05-21 16:00:00,,,,,0,240,240,SESSION_CLOSED_EXPECTED,EXPECTED
2022-05-21 20:00:00,,,,,0,240,240,SESSION_CLOSED_EXPECTED,EXPECTED
2022-05-22 00:00:00,,,,,0,240,240,SESSION_CLOSED_EXPECTED,EXPECTED
2022-05-22 04:00:00,,,,,0,240,240,SESSION_CLOSED_EXPECTED,EXPECTED
2022-05-22 08:00:00,,,,,0,240,240,SESSION_CLOSED_EXPECTED,EXPECTED
2022-05-22 12:00:00,,,,,0,240,240,SESSION_CLOSED_EXPECTED,EXPECTED
2022-05-22 16:00:00,,,,,0,240,240,SESSION_CLOSED_EXPECTED,EXPECTED
2022-05-22 20:00:00,1.24765,1.25092,1.2474,1.25028,149,240,91,EXPECTED_INCOMPLETE,EXPECTED
2022-05-23 00:00:00,1.2503,1.25488,1.24995,1.25426,240,240,0,COMPLETE,
2022-05-23 04:00:00,1.25424,1.25728,1.25401,1.25496,239,240,1,UNEXPECTED_INCOMPLETE,UNEXPECTED
2022-05-23 08:00:00,1.25498,1.26007,1.25486,1.25744,240,240,0,COMPLETE,
2022-05-23 12:00:00,1.25743,1.2593,1.25558,1.25697,240,240,0,COMPLETE,
2022-05-23 16:00:00,1.25699,1.25817,1.2558,1.25782,240,240,0,COMPLETE,
2022-05-23 20:00:00,1.25781,1.25879,1.25661,1.25664,216,240,24,UNEXPECTED_INCOMPLETE,UNEXPECTED
2022-05-24 00:00:00,1.25667,1.2569,1.25473,1.25652,240,240,0,COMPLETE,
2022-05-24 04:00:00,1.2565,1.25983,1.25561,1.25821,240,240,0,COMPLETE,
2022-05-24 08:00:00,1.25818,1.25916,1.24748,1.24983,240,240,0,COMPLETE,
2022-05-24 12:00:00,1.24982,1.25428,1.24714,1.2542,240,240,0,COMPLETE,
2022-05-24 16:00:00,1.25419,1.25543,1.25099,1.25329,240,240,0,COMPLETE,
2022-05-24 20:00:00,1.25331,1.25488,1.25252,1.2541,216,240,24,UNEXPECTED_INCOMPLETE,UNEXPECTED
2022-05-25 00:00:00,1.25412,1.25433,1.25139,1.25349,240,240,0,COMPLETE,
2022-05-25 04:00:00,1.25346,1.25596,1.25249,1.25394,240,240,0,COMPLETE,
2022-05-25 08:00:00,1.25395,1.25491,1.24807,1.24907,240,240,0,COMPLETE,
2022-05-25 12:00:00,1.24908,1.25577,1.24833,1.25388,240,240,0,COMPLETE,
2022-05-25 16:00:00,1.25389,1.25904,1.25243,1.25763,240,240,0,COMPLETE,
2022-05-25 20:00:00,1.25762,1.25939,1.25686,1.25855,210,240,30,UNEXPECTED_INCOMPLETE,UNEXPECTED
2022-05-26 00:00:00,1.25857,1.2612,1.25743,1.25867,240,240,0,COMPLETE,
2022-05-26 04:00:00,1.25868,1.25965,1.25514,1.25859,240,240,0,COMPLETE,
2022-05-26 08:00:00,1.25861,1.26204,1.25544,1.25949,240,240,0,COMPLETE,
2022-05-26 12:00:00,1.25952,1.25967,1.25526,1.25804,240,240,0,COMPLETE,
2022-05-26 16:00:00,1.25805,1.25997,1.25677,1.25986,239,240,1,UNEXPECTED_INCOMPLETE,UNEXPECTED
2022-05-26 20:00:00,1.25989,1.26185,1.25835,1.26164,220,240,20,UNEXPECTED_INCOMPLETE,UNEXPECTED
2022-05-27 00:00:00,1.26165,1.26662,1.26121,1.26484,240,240,0,COMPLETE,
2022-05-27 04:00:00,1.26483,1.26567,1.26126,1.26209,240,240,0,COMPLETE,
2022-05-27 08:00:00,1.26208,1.26269,1.25855,1.26161,240,240,0,COMPLETE,
2022-05-27 12:00:00,1.2616,1.26536,1.25965,1.26112,240,240,0,COMPLETE,
2022-05-27 16:00:00,1.26114,1.26308,1.25983,1.26291,239,240,1,UNEXPECTED_INCOMPLETE,UNEXPECTED
2022-05-27 20:00:00,1.26292,1.2632,1.26282,1.26302,56,240,184,UNEXPECTED_INCOMPLETE,EXPECTED|UNEXPECTED
2022-05-28 00:00:00,,,,,0,240,240,SESSION_CLOSED_EXPECTED,EXPECTED
2022-05-28 04:00:00,,,,,0,240,240,SESSION_CLOSED_EXPECTED,EXPECTED
2022-05-28 08:00:00,,,,,0,240,240,SESSION_CLOSED_EXPECTED,EXPECTED
2022-05-28 12:00:00,,,,,0,240,240,SESSION_CLOSED_EXPECTED,EXPECTED
2022-05-28 16:00:00,,,,,0,240,240,SESSION_CLOSED_EXPECTED,EXPECTED
2022-05-28 20:00:00,,,,,0,240,240,SESSION_CLOSED_EXPECTED,EXPECTED
2022-05-29 00:00:00,,,,,0,240,240,SESSION_CLOSED_EXPECTED,EXPECTED
2022-05-29 04:00:00,,,,,0,240,240,SESSION_CLOSED_EXPECTED,EXPECTED
2022-05-29 08:00:00,,,,,0,240,240,SESSION_CLOSED_EXPECTED,EXPECTED
2022-05-29 12:00:00,,,,,0,240,240,SESSION_CLOSED_EXPECTED,EXPECTED
2022-05-29 16:00:00,,,,,0,240,240,SESSION_CLOSED_EXPECTED,EXPECTED
2022-05-29 20:00:00,1.26146,1.26339,1.26117,1.26234,153,240,87,EXPECTED_INCOMPLETE,EXPECTED
2022-05-30 00:00:00,1.26238,1.26573,1.2621,1.26457,240,240,0,COMPLETE,
2022-05-30 04:00:00,1.26454,1.26511,1.26195,1.26204,240,240,0,COMPLETE,
2022-05-30 08:00:00,1.26203,1.26547,1.26159,1.2639,240,240,0,COMPLETE,
2022-05-30 12:00:00,1.26391,1.26593,1.26247,1.26577,240,240,0,COMPLETE,
2022-05-30 16:00:00,1.26581,1.26593,1.26461,1.26518,201,240,39,UNEXPECTED_INCOMPLETE,UNEXPECTED
2022-05-30 20:00:00,1.26524,1.26547,1.26418,1.26453,194,240,46,UNEXPECTED_INCOMPLETE,UNEXPECTED
2022-05-31 00:00:00,1.26455,1.26481,1.25975,1.2616,240,240,0,COMPLETE,
2022-05-31 04:00:00,1.26159,1.2623,1.25907,1.26065,240,240,0,COMPLETE,
2022-05-31 08:00:00,1.26062,1.2631,1.25773,1.25887,240,240,0,COMPLETE,
2022-05-31 12:00:00,1.2589,1.26296,1.25601,1.26252,240,240,0,COMPLETE,
2022-05-31 16:00:00,1.2625,1.26279,1.25981,1.26009,240,240,0,COMPLETE,
2022-05-31 20:00:00,1.26011,1.26115,1.2595,1.26089,212,240,28,UNEXPECTED_INCOMPLETE,UNEXPECTED
2022-06-01 00:00:00,1.26092,1.26163,1.25901,1.2594,240,240,0,COMPLETE,
2022-06-01 04:00:00,1.25939,1.26117,1.25749,1.25941,240,240,0,COMPLETE,
2022-06-01 08:00:00,1.25943,1.26115,1.25588,1.2572,240,240,0,COMPLETE,
2022-06-01 12:00:00,1.2572,1.25993,1.24581,1.24693,240,240,0,COMPLETE,
2022-06-01 16:00:00,1.24694,1.25018,1.24666,1.24824,240,240,0,COMPLETE,
2022-06-01 20:00:00,1.24825,1.24975,1.24764,1.24832,199,240,41,UNEXPECTED_INCOMPLETE,UNEXPECTED
2022-06-02 00:00:00,1.24834,1.24913,1.24709,1.24783,240,240,0,COMPLETE,
2022-06-02 04:00:00,1.24782,1.25378,1.24688,1.25282,240,240,0,COMPLETE,
2022-06-02 08:00:00,1.25282,1.25594,1.25267,1.2556,240,240,0,COMPLETE,
2022-06-02 12:00:00,1.25563,1.2571,1.25242,1.2556,240,240,0,COMPLETE,
2022-06-02 16:00:00,1.25561,1.25861,1.25532,1.2574,240,240,0,COMPLETE,
2022-06-02 20:00:00,1.25738,1.25789,1.25693,1.25779,187,240,53,UNEXPECTED_INCOMPLETE,UNEXPECTED
2022-06-03 00:00:00,1.25781,1.25894,1.25702,1.25714,240,240,0,COMPLETE,
2022-06-03 04:00:00,1.25716,1.25831,1.25588,1.25741,240,240,0,COMPLETE,
2022-06-03 08:00:00,1.25742,1.25816,1.25573,1.25595,240,240,0,COMPLETE,
2022-06-03 12:00:00,1.25597,1.2573,1.24913,1.24921,240,240,0,COMPLETE,
2022-06-03 16:00:00,1.24922,1.2515,1.24921,1.24978,239,240,1,UNEXPECTED_INCOMPLETE,UNEXPECTED
2022-06-03 20:00:00,1.24976,1.24981,1.24851,1.24882,55,240,185,UNEXPECTED_INCOMPLETE,EXPECTED|UNEXPECTED
2022-06-04 00:00:00,,,,,0,240,240,SESSION_CLOSED_EXPECTED,EXPECTED
2022-06-04 04:00:00,,,,,0,240,240,SESSION_CLOSED_EXPECTED,EXPECTED
2022-06-04 08:00:00,,,,,0,240,240,SESSION_CLOSED_EXPECTED,EXPECTED
2022-06-04 12:00:00,,,,,0,240,240,SESSION_CLOSED_EXPECTED,EXPECTED
2022-06-04 16:00:00,,,,,0,240,240,SESSION_CLOSED_EXPECTED,EXPECTED
2022-06-04 20:00:00,,,,,0,240,240,SESSION_CLOSED_EXPECTED,EXPECTED
2022-06-05 00:00:00,,,,,0,240,240,SESSION_CLOSED_EXPECTED,EXPECTED
2022-06-05 04:00:00,,,,,0,240,240,SESSION_CLOSED_EXPECTED,EXPECTED
2022-06-05 08:00:00,,,,,0,240,240,SESSION_CLOSED_EXPECTED,EXPECTED
2022-06-05 12:00:00,,,,,0,240,240,SESSION_CLOSED_EXPECTED,EXPECTED
2022-06-05 16:00:00,,,,,0,240,240,SESSION_CLOSED_EXPECTED,EXPECTED
2022-06-05 20:00:00,1.24856,1.2502,1.24816,1.24895,152,240,88,EXPECTED_INCOMPLETE,EXPECTED
2022-06-06 00:00:00,1.24897,1.25002,1.24763,1.24948,240,240,0,COMPLETE,
2022-06-06 04:00:00,1.24947,1.25463,1.24904,1.25463,240,240,0,COMPLETE,
2022-06-06 08:00:00,1.25464,1.25771,1.25442,1.25692,240,240,0,COMPLETE,
2022-06-06 12:00:00,1.25694,1.25701,1.25251,1.25437,240,240,0,COMPLETE,
2022-06-06 16:00:00,1.25433,1.25475,1.25251,1.25351,240,240,0,COMPLETE,
2022-06-06 20:00:00,1.25353,1.25394,1.25148,1.2523,208,240,32,UNEXPECTED_INCOMPLETE,UNEXPECTED
2022-06-07 00:00:00,1.25231,1.25242,1.24922,1.25067,240,240,0,COMPLETE,
2022-06-07 04:00:00,1.25066,1.25222,1.24299,1.24803,240,240,0,COMPLETE,
2022-06-07 08:00:00,1.24802,1.2534,1.24802,1.24917,240,240,0,COMPLETE,
2022-06-07 12:00:00,1.24916,1.25952,1.24818,1.25938,240,240,0,COMPLETE,
2022-06-07 16:00:00,1.25939,1.2599,1.2572,1.25972,239,240,1,UNEXPECTED_INCOMPLETE,UNEXPECTED
2022-06-07 20:00:00,1.25971,1.25971,1.25796,1.2587,196,240,44,UNEXPECTED_INCOMPLETE,UNEXPECTED
2022-06-08 00:00:00,1.25872,1.25889,1.25632,1.25671,240,240,0,COMPLETE,
2022-06-08 04:00:00,1.25667,1.25834,1.25446,1.25481,240,240,0,COMPLETE,
2022-06-08 08:00:00,1.25477,1.25592,1.25129,1.255,240,240,0,COMPLETE,
2022-06-08 12:00:00,1.25496,1.25612,1.25212,1.25612,240,240,0,COMPLETE,
2022-06-08 16:00:00,1.25609,1.25638,1.25346,1.25383,240,240,0,COMPLETE,
2022-06-08 20:00:00,1.25383,1.25437,1.25304,1.25399,222,240,18,UNEXPECTED_INCOMPLETE,UNEXPECTED
2022-06-09 00:00:00,1.25401,1.25481,1.25196,1.25409,240,240,0,COMPLETE,
2022-06-09 04:00:00,1.25408,1.25415,1.24963,1.24963,240,240,0,COMPLETE,
2022-06-09 08:00:00,1.24965,1.25467,1.24918,1.25401,240,240,0,COMPLETE,
2022-06-09 12:00:00,1.25401,1.2558,1.25104,1.25123,240,240,0,COMPLETE,
2022-06-09 16:00:00,1.25122,1.25223,1.24893,1.24899,240,240,0,COMPLETE,
2022-06-09 20:00:00,1.24902,1.24965,1.24837,1.2492,213,240,27,UNEXPECTED_INCOMPLETE,UNEXPECTED
2022-06-10 00:00:00,1.24922,1.25013,1.24789,1.24953,240,240,0,COMPLETE,
2022-06-10 04:00:00,1.24954,1.25171,1.24696,1.24696,240,240,0,COMPLETE,
2022-06-10 08:00:00,1.24694,1.24854,1.24218,1.24374,240,240,0,COMPLETE,
2022-06-10 12:00:00,1.24372,1.24508,1.23116,1.23287,240,240,0,COMPLETE,
2022-06-10 16:00:00,1.23284,1.23287,1.23007,1.23101,240,240,0,COMPLETE,
2022-06-10 20:00:00,1.23099,1.23155,1.23064,1.23146,58,240,182,UNEXPECTED_INCOMPLETE,EXPECTED|UNEXPECTED
2022-06-11 00:00:00,,,,,0,240,240,SESSION_CLOSED_EXPECTED,EXPECTED
2022-06-11 04:00:00,,,,,0,240,240,SESSION_CLOSED_EXPECTED,EXPECTED
2022-06-11 08:00:00,,,,,0,240,240,SESSION_CLOSED_EXPECTED,EXPECTED
2022-06-11 12:00:00,,,,,0,240,240,SESSION_CLOSED_EXPECTED,EXPECTED
2022-06-11 16:00:00,,,,,0,240,240,SESSION_CLOSED_EXPECTED,EXPECTED
2022-06-11 20:00:00,,,,,0,240,240,SESSION_CLOSED_EXPECTED,EXPECTED
2022-06-12 00:00:00,,,,,0,240,240,SESSION_CLOSED_EXPECTED,EXPECTED
2022-06-12 04:00:00,,,,,0,240,240,SESSION_CLOSED_EXPECTED,EXPECTED
2022-06-12 08:00:00,,,,,0,240,240,SESSION_CLOSED_EXPECTED,EXPECTED
2022-06-12 12:00:00,,,,,0,240,240,SESSION_CLOSED_EXPECTED,EXPECTED
2022-06-12 16:00:00,,,,,0,240,240,SESSION_CLOSED_EXPECTED,EXPECTED
2022-06-12 20:00:00,1.23142,1.23166,1.22716,1.22765,163,240,77,EXPECTED_INCOMPLETE,EXPECTED
2022-06-13 00:00:00,1.22766,1.22894,1.2262,1.22894,240,240,0,COMPLETE,
2022-06-13 04:00:00,1.22894,1.23002,1.22349,1.22391,240,240,0,COMPLETE,
2022-06-13 08:00:00,1.2239,1.22425,1.21611,1.21614,240,240,0,COMPLETE,
2022-06-13 12:00:00,1.21616,1.22081,1.21229,1.2168,240,240,0,COMPLETE,
2022-06-13 16:00:00,1.21678,1.21998,1.21069,1.21251,240,240,0,COMPLETE,
2022-06-13 20:00:00,1.21253,1.21442,1.21212,1.21419,226,240,14,UNEXPECTED_INCOMPLETE,UNEXPECTED
2022-06-14 00:00:00,1.2142,1.21786,1.21323,1.21765,240,240,0,COMPLETE,
2022-06-14 04:00:00,1.21764,1.22075,1.21558,1.21798,240,240,0,COMPLETE,
2022-06-14 08:00:00,1.21799,1.21847,1.20636,1.20676,240,240,0,COMPLETE,
2022-06-14 12:00:00,1.20675,1.20979,1.19888,1.20151,240,240,0,COMPLETE,
2022-06-14 16:00:00,1.20148,1.20307,1.19336,1.19844,240,240,0,COMPLETE,
2022-06-14 20:00:00,1.19846,1.20115,1.19822,1.20102,220,240,20,UNEXPECTED_INCOMPLETE,UNEXPECTED
2022-06-15 00:00:00,1.20105,1.20406,1.19988,1.20216,240,240,0,COMPLETE,
2022-06-15 04:00:00,1.20217,1.20395,1.1989,1.20319,239,240,1,UNEXPECTED_INCOMPLETE,UNEXPECTED
2022-06-15 08:00:00,1.20318,1.21245,1.20278,1.21121,240,240,0,COMPLETE,
2022-06-15 12:00:00,1.21119,1.21181,1.20456,1.20568,240,240,0,COMPLETE,
2022-06-15 16:00:00,1.20569,1.22045,1.20284,1.2188,240,240,0,COMPLETE,
2022-06-15 20:00:00,1.21878,1.21975,1.21577,1.21741,220,240,20,UNEXPECTED_INCOMPLETE,UNEXPECTED
2022-06-16 00:00:00,1.21744,1.2189,1.21414,1.21569,240,240,0,COMPLETE,
2022-06-16 04:00:00,1.21571,1.21588,1.20568,1.209,240,240,0,COMPLETE,
2022-06-16 08:00:00,1.20899,1.21829,1.2041,1.21314,240,240,0,COMPLETE,
2022-06-16 12:00:00,1.21316,1.2346,1.21296,1.23421,240,240,0,COMPLETE,
2022-06-16 16:00:00,1.2342,1.24063,1.2318,1.23578,240,240,0,COMPLETE,
2022-06-16 20:00:00,1.23577,1.23601,1.23368,1.23497,221,240,19,UNEXPECTED_INCOMPLETE,UNEXPECTED
2022-06-17 00:00:00,1.235,1.23526,1.22852,1.22877,240,240,0,COMPLETE,
2022-06-17 04:00:00,1.2288,1.23175,1.22518,1.22992,240,240,0,COMPLETE,
2022-06-17 08:00:00,1.22991,1.23428,1.226,1.22627,240,240,0,COMPLETE,
2022-06-17 12:00:00,1.22626,1.22859,1.21722,1.22001,240,240,0,COMPLETE,
2022-06-17 16:00:00,1.22003,1.22303,1.2182,1.22131,240,240,0,COMPLETE,
2022-06-17 20:00:00,1.22127,1.22326,1.22094,1.22189,58,240,182,UNEXPECTED_INCOMPLETE,EXPECTED|UNEXPECTED
2022-06-18 00:00:00,,,,,0,240,240,SESSION_CLOSED_EXPECTED,EXPECTED
2022-06-18 04:00:00,,,,,0,240,240,SESSION_CLOSED_EXPECTED,EXPECTED
2022-06-18 08:00:00,,,,,0,240,240,SESSION_CLOSED_EXPECTED,EXPECTED
2022-06-18 12:00:00,,,,,0,240,240,SESSION_CLOSED_EXPECTED,EXPECTED
2022-06-18 16:00:00,,,,,0,240,240,SESSION_CLOSED_EXPECTED,EXPECTED
2022-06-18 20:00:00,,,,,0,240,240,SESSION_CLOSED_EXPECTED,EXPECTED
2022-06-19 00:00:00,,,,,0,240,240,SESSION_CLOSED_EXPECTED,EXPECTED
2022-06-19 04:00:00,,,,,0,240,240,SESSION_CLOSED_EXPECTED,EXPECTED
2022-06-19 08:00:00,,,,,0,240,240,SESSION_CLOSED_EXPECTED,EXPECTED
2022-06-19 12:00:00,,,,,0,240,240,SESSION_CLOSED_EXPECTED,EXPECTED
2022-06-19 16:00:00,,,,,0,240,240,SESSION_CLOSED_EXPECTED,EXPECTED
2022-06-19 20:00:00,1.22194,1.22312,1.22068,1.22273,161,240,79,EXPECTED_INCOMPLETE,EXPECTED
2022-06-20 00:00:00,1.22275,1.22531,1.21989,1.22492,240,240,0,COMPLETE,
2022-06-20 04:00:00,1.22493,1.22528,1.22178,1.22254,240,240,0,COMPLETE,
2022-06-20 08:00:00,1.22257,1.228,1.22241,1.22617,240,240,0,COMPLETE,
2022-06-20 12:00:00,1.22619,1.22704,1.22255,1.22493,240,240,0,COMPLETE,
2022-06-20 16:00:00,1.22495,1.2257,1.22296,1.22563,215,240,25,UNEXPECTED_INCOMPLETE,UNEXPECTED
2022-06-20 20:00:00,1.22554,1.22589,1.22403,1.22478,200,240,40,UNEXPECTED_INCOMPLETE,UNEXPECTED
2022-06-21 00:00:00,1.2248,1.22831,1.2247,1.22793,240,240,0,COMPLETE,
2022-06-21 04:00:00,1.22791,1.23082,1.22444,1.22969,240,240,0,COMPLETE,
2022-06-21 08:00:00,1.22967,1.2324,1.22508,1.22682,240,240,0,COMPLETE,
2022-06-21 12:00:00,1.22683,1.22943,1.22478,1.2276,240,240,0,COMPLETE,
2022-06-21 16:00:00,1.22759,1.22815,1.22577,1.22689,240,240,0,COMPLETE,
2022-06-21 20:00:00,1.22688,1.22792,1.22633,1.22634,222,240,18,UNEXPECTED_INCOMPLETE,UNEXPECTED
2022-06-22 00:00:00,1.22636,1.2266,1.22347,1.22437,240,240,0,COMPLETE,
2022-06-22 04:00:00,1.22435,1.22466,1.21601,1.21961,240,240,0,COMPLETE,
2022-06-22 08:00:00,1.21959,1.22719,1.21882,1.22364,240,240,0,COMPLETE,
2022-06-22 12:00:00,1.22365,1.23142,1.2236,1.22773,240,240,0,COMPLETE,
2022-06-22 16:00:00,1.2277,1.22872,1.22567,1.22637,240,240,0,COMPLETE,
2022-06-22 20:00:00,1.22638,1.22671,1.22477,1.22517,216,240,24,UNEXPECTED_INCOMPLETE,UNEXPECTED
2022-06-23 00:00:00,1.22519,1.22639,1.22312,1.2257,240,240,0,COMPLETE,
2022-06-23 04:00:00,1.22569,1.22635,1.2172,1.21756,240,240,0,COMPLETE,
2022-06-23 08:00:00,1.21755,1.22272,1.21695,1.22248,240,240,0,COMPLETE,
2022-06-23 12:00:00,1.2225,1.2294,1.2219,1.22382,240,240,0,COMPLETE,
2022-06-23 16:00:00,1.22381,1.22723,1.22193,1.22654,240,240,0,COMPLETE,
2022-06-23 20:00:00,1.22653,1.22705,1.22497,1.22594,216,240,24,UNEXPECTED_INCOMPLETE,UNEXPECTED
2022-06-24 00:00:00,1.22596,1.22844,1.22406,1.22748,240,240,0,COMPLETE,
2022-06-24 04:00:00,1.22745,1.22842,1.2258,1.22674,240,240,0,COMPLETE,
2022-06-24 08:00:00,1.22675,1.23093,1.22425,1.22666,240,240,0,COMPLETE,
2022-06-24 12:00:00,1.22667,1.23201,1.22614,1.22703,240,240,0,COMPLETE,
2022-06-24 16:00:00,1.227,1.2287,1.22496,1.22857,240,240,0,COMPLETE,
2022-06-24 20:00:00,1.2286,1.22867,1.22701,1.22744,57,240,183,UNEXPECTED_INCOMPLETE,EXPECTED|UNEXPECTED
2022-06-25 00:00:00,,,,,0,240,240,SESSION_CLOSED_EXPECTED,EXPECTED
2022-06-25 04:00:00,,,,,0,240,240,SESSION_CLOSED_EXPECTED,EXPECTED
2022-06-25 08:00:00,,,,,0,240,240,SESSION_CLOSED_EXPECTED,EXPECTED
2022-06-25 12:00:00,,,,,0,240,240,SESSION_CLOSED_EXPECTED,EXPECTED
2022-06-25 16:00:00,,,,,0,240,240,SESSION_CLOSED_EXPECTED,EXPECTED
2022-06-25 20:00:00,,,,,0,240,240,SESSION_CLOSED_EXPECTED,EXPECTED
2022-06-26 00:00:00,,,,,0,240,240,SESSION_CLOSED_EXPECTED,EXPECTED
2022-06-26 04:00:00,,,,,0,240,240,SESSION_CLOSED_EXPECTED,EXPECTED
2022-06-26 08:00:00,,,,,0,240,240,SESSION_CLOSED_EXPECTED,EXPECTED
2022-06-26 12:00:00,,,,,0,240,240,SESSION_CLOSED_EXPECTED,EXPECTED
2022-06-26 16:00:00,,,,,0,240,240,SESSION_CLOSED_EXPECTED,EXPECTED
2022-06-26 20:00:00,1.22645,1.22962,1.22605,1.22821,155,240,85,EXPECTED_INCOMPLETE,EXPECTED
2022-06-27 00:00:00,1.22823,1.22904,1.22658,1.22746,240,240,0,COMPLETE,
2022-06-27 04:00:00,1.22744,1.23313,1.22641,1.2321,240,240,0,COMPLETE,
2022-06-27 08:00:00,1.23212,1.23239,1.22545,1.22607,240,240,0,COMPLETE,
2022-06-27 12:00:00,1.22608,1.23128,1.22376,1.23033,240,240,0,COMPLETE,
2022-06-27 16:00:00,1.23034,1.23076,1.22629,1.22645,240,240,0,COMPLETE,
2022-06-27 20:00:00,1.22643,1.22713,1.22588,1.22659,213,240,27,UNEXPECTED_INCOMPLETE,UNEXPECTED
2022-06-28 00:00:00,1.2266,1.22834,1.22605,1.22749,240,240,0,COMPLETE,
2022-06-28 04:00:00,1.22748,1.2291,1.22498,1.22709,240,240,0,COMPLETE,
2022-06-28 08:00:00,1.22706,1.2287,1.22282,1.22393,240,240,0,COMPLETE,
2022-06-28 12:00:00,1.22392,1.22445,1.21848,1.21985,240,240,0,COMPLETE,
2022-06-28 16:00:00,1.21986,1.22139,1.218,1.2188,240,240,0,COMPLETE,
2022-06-28 20:00:00,1.21879,1.21908,1.21747,1.21872,191,240,49,UNEXPECTED_INCOMPLETE,UNEXPECTED
2022-06-29 00:00:00,1.21874,1.22128,1.21854,1.22041,240,240,0,COMPLETE,
2022-06-29 04:00:00,1.22039,1.22095,1.21718,1.21955,240,240,0,COMPLETE,
2022-06-29 08:00:00,1.21956,1.22111,1.21414,1.21541,240,240,0,COMPLETE,
2022-06-29 12:00:00,1.21539,1.21761,1.21052,1.21542,240,240,0,COMPLETE,
2022-06-29 16:00:00,1.21541,1.21541,1.21136,1.21167,240,240,0,COMPLETE,
2022-06-29 20:00:00,1.21165,1.21295,1.21137,1.21285,204,240,36,UNEXPECTED_INCOMPLETE,UNEXPECTED
2022-06-30 00:00:00,1.21286,1.2141,1.21074,1.21273,240,240,0,COMPLETE,
2022-06-30 04:00:00,1.2127,1.21644,1.21244,1.21303,240,240,0,COMPLETE,
2022-06-30 08:00:00,1.21301,1.21655,1.20917,1.21121,240,240,0,COMPLETE,
2022-06-30 12:00:00,1.21119,1.21874,1.21021,1.21634,240,240,0,COMPLETE,
2022-06-30 16:00:00,1.21633,1.21882,1.21558,1.21723,240,240,0,COMPLETE,
2022-06-30 20:00:00,1.21725,1.21779,1.21574,1.21598,222,240,18,UNEXPECTED_INCOMPLETE,UNEXPECTED
2022-07-01 00:00:00,1.21601,1.21611,1.21167,1.21232,240,240,0,COMPLETE,
2022-07-01 04:00:00,1.21231,1.21382,1.20933,1.21097,240,240,0,COMPLETE,
2022-07-01 08:00:00,1.21099,1.21198,1.20307,1.20404,240,240,0,COMPLETE,
2022-07-01 12:00:00,1.20406,1.20586,1.19754,1.20464,240,240,0,COMPLETE,
2022-07-01 16:00:00,1.20465,1.21067,1.20367,1.2096,240,240,0,COMPLETE,
2022-07-01 20:00:00,1.20962,1.21005,1.20886,1.20961,55,240,185,UNEXPECTED_INCOMPLETE,EXPECTED|UNEXPECTED
2022-07-02 00:00:00,,,,,0,240,240,SESSION_CLOSED_EXPECTED,EXPECTED
2022-07-02 04:00:00,,,,,0,240,240,SESSION_CLOSED_EXPECTED,EXPECTED
2022-07-02 08:00:00,,,,,0,240,240,SESSION_CLOSED_EXPECTED,EXPECTED
2022-07-02 12:00:00,,,,,0,240,240,SESSION_CLOSED_EXPECTED,EXPECTED
2022-07-02 16:00:00,,,,,0,240,240,SESSION_CLOSED_EXPECTED,EXPECTED
2022-07-02 20:00:00,,,,,0,240,240,SESSION_CLOSED_EXPECTED,EXPECTED
2022-07-03 00:00:00,,,,,0,240,240,SESSION_CLOSED_EXPECTED,EXPECTED
2022-07-03 04:00:00,,,,,0,240,240,SESSION_CLOSED_EXPECTED,EXPECTED
2022-07-03 08:00:00,,,,,0,240,240,SESSION_CLOSED_EXPECTED,EXPECTED
2022-07-03 12:00:00,,,,,0,240,240,SESSION_CLOSED_EXPECTED,EXPECTED
2022-07-03 16:00:00,,,,,0,240,240,SESSION_CLOSED_EXPECTED,EXPECTED
2022-07-03 20:00:00,1.20961,1.2122,1.20925,1.20995,156,240,84,EXPECTED_INCOMPLETE,EXPECTED
2022-07-04 00:00:00,1.20996,1.21139,1.20844,1.20875,240,240,0,COMPLETE,
2022-07-04 04:00:00,1.20877,1.21265,1.20866,1.21239,240,240,0,COMPLETE,
2022-07-04 08:00:00,1.21242,1.21632,1.21047,1.21537,240,240,0,COMPLETE,
2022-07-04 12:00:00,1.21533,1.21647,1.21007,1.21059,240,240,0,COMPLETE,
2022-07-04 16:00:00,1.21061,1.21129,1.20957,1.21013,193,240,47,UNEXPECTED_INCOMPLETE,UNEXPECTED
2022-07-04 20:00:00,1.21014,1.21182,1.20951,1.21131,204,240,36,UNEXPECTED_INCOMPLETE,UNEXPECTED
2022-07-05 00:00:00,1.21132,1.21223,1.20978,1.21123,240,240,0,COMPLETE,
2022-07-05 04:00:00,1.2112,1.21248,1.20654,1.20801,240,240,0,COMPLETE,
2022-07-05 08:00:00,1.20801,1.20849,1.19886,1.20002,240,240,0,COMPLETE,
2022-07-05 12:00:00,1.2,1.20004,1.18982,1.19339,240,240,0,COMPLETE,
2022-07-05 16:00:00,1.19337,1.19587,1.19065,1.19563,240,240,0,COMPLETE,
2022-07-05 20:00:00,1.19564,1.19592,1.19423,1.19509,230,240,10,UNEXPECTED_INCOMPLETE,UNEXPECTED
2022-07-06 00:00:00,1.1951,1.19713,1.1944,1.19564,240,240,0,COMPLETE,
2022-07-06 04:00:00,1.19565,1.19858,1.19107,1.19669,240,240,0,COMPLETE,
2022-07-06 08:00:00,1.19671,1.19889,1.18853,1.18984,240,240,0,COMPLETE,
2022-07-06 12:00:00,1.18982,1.19404,1.18755,1.1905,240,240,0,COMPLETE,
2022-07-06 16:00:00,1.19051,1.19451,1.18877,1.19249,240,240,0,COMPLETE,
2022-07-06 20:00:00,1.1925,1.19274,1.19121,1.19216,224,240,16,UNEXPECTED_INCOMPLETE,UNEXPECTED
2022-07-07 00:00:00,1.19218,1.19529,1.19086,1.19468,240,240,0,COMPLETE,
2022-07-07 04:00:00,1.19469,1.19642,1.19331,1.19379,240,240,0,COMPLETE,
2022-07-07 08:00:00,1.19377,1.20228,1.19357,1.19741,240,240,0,COMPLETE,
2022-07-07 12:00:00,1.19743,1.20111,1.19478,1.19936,240,240,0,COMPLETE,
2022-07-07 16:00:00,1.19933,1.20293,1.19902,1.20254,240,240,0,COMPLETE,
2022-07-07 20:00:00,1.20252,1.20331,1.20143,1.20285,207,240,33,UNEXPECTED_INCOMPLETE,UNEXPECTED
2022-07-08 00:00:00,1.20288,1.20557,1.20182,1.20231,240,240,0,COMPLETE,
2022-07-08 04:00:00,1.20231,1.20246,1.19231,1.19429,240,240,0,COMPLETE,
2022-07-08 08:00:00,1.19428,1.20063,1.19192,1.19976,240,240,0,COMPLETE,
2022-07-08 12:00:00,1.19976,1.20478,1.19508,1.20357,240,240,0,COMPLETE,
2022-07-08 16:00:00,1.20359,1.2037,1.20118,1.20313,240,240,0,COMPLETE,
2022-07-08 20:00:00,1.20315,1.20361,1.20241,1.20323,59,240,181,EXPECTED_INCOMPLETE,EXPECTED
2022-07-09 00:00:00,,,,,0,240,240,SESSION_CLOSED_EXPECTED,EXPECTED
2022-07-09 04:00:00,,,,,0,240,240,SESSION_CLOSED_EXPECTED,EXPECTED
2022-07-09 08:00:00,,,,,0,240,240,SESSION_CLOSED_EXPECTED,EXPECTED
2022-07-09 12:00:00,,,,,0,240,240,SESSION_CLOSED_EXPECTED,EXPECTED
2022-07-09 16:00:00,,,,,0,240,240,SESSION_CLOSED_EXPECTED,EXPECTED
2022-07-09 20:00:00,,,,,0,240,240,SESSION_CLOSED_EXPECTED,EXPECTED
2022-07-10 00:00:00,,,,,0,240,240,SESSION_CLOSED_EXPECTED,EXPECTED
2022-07-10 04:00:00,,,,,0,240,240,SESSION_CLOSED_EXPECTED,EXPECTED
2022-07-10 08:00:00,,,,,0,240,240,SESSION_CLOSED_EXPECTED,EXPECTED
2022-07-10 12:00:00,,,,,0,240,240,SESSION_CLOSED_EXPECTED,EXPECTED
2022-07-10 16:00:00,,,,,0,240,240,SESSION_CLOSED_EXPECTED,EXPECTED
2022-07-10 20:00:00,1.20122,1.20363,1.20118,1.20166,166,240,74,EXPECTED_INCOMPLETE,EXPECTED
2022-07-11 00:00:00,1.20169,1.20194,1.19766,1.1986,240,240,0,COMPLETE,
2022-07-11 04:00:00,1.19858,1.19931,1.19532,1.19586,240,240,0,COMPLETE,
2022-07-11 08:00:00,1.19587,1.19817,1.19287,1.19347,240,240,0,COMPLETE,
2022-07-11 12:00:00,1.19346,1.19446,1.18661,1.19042,240,240,0,COMPLETE,
2022-07-11 16:00:00,1.1904,1.19094,1.18802,1.18943,240,240,0,COMPLETE,
2022-07-11 20:00:00,1.18945,1.19009,1.18844,1.18989,210,240,30,UNEXPECTED_INCOMPLETE,UNEXPECTED
2022-07-12 00:00:00,1.1899,1.19094,1.186,1.18775,240,240,0,COMPLETE,
2022-07-12 04:00:00,1.18773,1.18774,1.18272,1.18391,240,240,0,COMPLETE,
2022-07-12 08:00:00,1.18391,1.18815,1.1807,1.18332,240,240,0,COMPLETE,
2022-07-12 12:00:00,1.18333,1.19127,1.18332,1.19054,240,240,0,COMPLETE,
2022-07-12 16:00:00,1.19055,1.19154,1.18814,1.18883,240,240,0,COMPLETE,
2022-07-12 20:00:00,1.18882,1.18946,1.18745,1.18773,221,240,19,UNEXPECTED_INCOMPLETE,UNEXPECTED
2022-07-13 00:00:00,1.18771,1.19188,1.18699,1.19051,240,240,0,COMPLETE,
2022-07-13 04:00:00,1.19054,1.19357,1.18882,1.19043,240,240,0,COMPLETE,
2022-07-13 08:00:00,1.19041,1.19345,1.18761,1.19344,240,240,0,COMPLETE,
2022-07-13 12:00:00,1.19346,1.19666,1.1827,1.19155,240,240,0,COMPLETE,
2022-07-13 16:00:00,1.19153,1.19397,1.18874,1.1893,240,240,0,COMPLETE,
2022-07-13 20:00:00,1.18931,1.18948,1.18549,1.18633,219,240,21,UNEXPECTED_INCOMPLETE,UNEXPECTED
2022-07-14 00:00:00,1.18635,1.18839,1.18462,1.18712,240,240,0,COMPLETE,
2022-07-14 04:00:00,1.18711,1.18748,1.18227,1.18637,240,240,0,COMPLETE,
2022-07-14 08:00:00,1.18639,1.18768,1.18131,1.1824,240,240,0,COMPLETE,
2022-07-14 12:00:00,1.18242,1.18473,1.17597,1.18258,240,240,0,COMPLETE,
2022-07-14 16:00:00,1.18257,1.18383,1.17747,1.18232,240,240,0,COMPLETE,
2022-07-14 20:00:00,1.18231,1.18404,1.18118,1.18404,223,240,17,UNEXPECTED_INCOMPLETE,UNEXPECTED
2022-07-15 00:00:00,1.18404,1.18513,1.18185,1.18293,240,240,0,COMPLETE,
2022-07-15 04:00:00,1.18291,1.18446,1.1804,1.1831,240,240,0,COMPLETE,
2022-07-15 08:00:00,1.18312,1.18525,1.18177,1.1834,240,240,0,COMPLETE,
2022-07-15 12:00:00,1.18339,1.18741,1.1807,1.18594,240,240,0,COMPLETE,
2022-07-15 16:00:00,1.18592,1.18672,1.18405,1.18662,240,240,0,COMPLETE,
2022-07-15 20:00:00,1.18661,1.18701,1.18615,1.18676,55,240,185,UNEXPECTED_INCOMPLETE,EXPECTED|UNEXPECTED
2022-07-16 00:00:00,,,,,0,240,240,SESSION_CLOSED_EXPECTED,EXPECTED
2022-07-16 04:00:00,,,,,0,240,240,SESSION_CLOSED_EXPECTED,EXPECTED
2022-07-16 08:00:00,,,,,0,240,240,SESSION_CLOSED_EXPECTED,EXPECTED
2022-07-16 12:00:00,,,,,0,240,240,SESSION_CLOSED_EXPECTED,EXPECTED
2022-07-16 16:00:00,,,,,0,240,240,SESSION_CLOSED_EXPECTED,EXPECTED
2022-07-16 20:00:00,,,,,0,240,240,SESSION_CLOSED_EXPECTED,EXPECTED
2022-07-17 00:00:00,,,,,0,240,240,SESSION_CLOSED_EXPECTED,EXPECTED
2022-07-17 04:00:00,,,,,0,240,240,SESSION_CLOSED_EXPECTED,EXPECTED
2022-07-17 08:00:00,,,,,0,240,240,SESSION_CLOSED_EXPECTED,EXPECTED
2022-07-17 12:00:00,,,,,0,240,240,SESSION_CLOSED_EXPECTED,EXPECTED
2022-07-17 16:00:00,,,,,0,240,240,SESSION_CLOSED_EXPECTED,EXPECTED
2022-07-17 20:00:00,1.18591,1.18904,1.1858,1.18895,148,240,92,EXPECTED_INCOMPLETE,EXPECTED
2022-07-18 00:00:00,1.18893,1.19062,1.18739,1.18977,240,240,0,COMPLETE,
2022-07-18 04:00:00,1.18976,1.1949,1.18779,1.19486,240,240,0,COMPLETE,
2022-07-18 08:00:00,1.19483,1.19912,1.19341,1.19687,240,240,0,COMPLETE,
2022-07-18 12:00:00,1.19689,1.2033,1.19521,1.19881,240,240,0,COMPLETE,
2022-07-18 16:00:00,1.1988,1.19992,1.19458,1.19541,240,240,0,COMPLETE,
2022-07-18 20:00:00,1.19543,1.19575,1.19408,1.19484,207,240,33,UNEXPECTED_INCOMPLETE,UNEXPECTED
2022-07-19 00:00:00,1.19485,1.19508,1.19246,1.19413,240,240,0,COMPLETE,
2022-07-19 04:00:00,1.19415,1.20095,1.19371,1.20088,240,240,0,COMPLETE,
2022-07-19 08:00:00,1.20092,1.20396,1.19997,1.20193,240,240,0,COMPLETE,
2022-07-19 12:00:00,1.20195,1.2045,1.19996,1.20208,240,240,0,COMPLETE,
2022-07-19 16:00:00,1.2021,1.20247,1.19853,1.19983,240,240,0,COMPLETE,
2022-07-19 20:00:00,1.19981,1.20072,1.19907,1.20019,207,240,33,UNEXPECTED_INCOMPLETE,UNEXPECTED
2022-07-20 00:00:00,1.20021,1.20312,1.20012,1.20251,239,240,1,UNEXPECTED_INCOMPLETE,UNEXPECTED
2022-07-20 04:00:00,1.20249,1.20371,1.19884,1.19903,240,240,0,COMPLETE,
2022-07-20 08:00:00,1.19902,1.2032,1.19643,1.19728,240,240,0,COMPLETE,
2022-07-20 12:00:00,1.19729,1.20058,1.19552,1.19871,240,240,0,COMPLETE,
2022-07-20 16:00:00,1.19872,1.19887,1.1953,1.19752,240,240,0,COMPLETE,
2022-07-20 20:00:00,1.19753,1.19819,1.19662,1.19673,201,240,39,UNEXPECTED_INCOMPLETE,UNEXPECTED
2022-07-21 00:00:00,1.19674,1.1992,1.19627,1.19797,240,240,0,COMPLETE,
2022-07-21 04:00:00,1.19795,1.20034,1.19363,1.19414,240,240,0,COMPLETE,
2022-07-21 08:00:00,1.19416,1.19702,1.19202,1.19212,240,240,0,COMPLETE,
2022-07-21 12:00:00,1.1921,1.19925,1.18896,1.19689,240,240,0,COMPLETE,
2022-07-21 16:00:00,1.19685,1.19817,1.19465,1.19807,240,240,0,COMPLETE,
2022-07-21 20:00:00,1.19805,1.20029,1.19735,1.19948,219,240,21,UNEXPECTED_INCOMPLETE,UNEXPECTED
2022-07-22 00:00:00,1.1995,1.19962,1.19589,1.19638,240,240,0,COMPLETE,
2022-07-22 04:00:00,1.19636,1.19893,1.19158,1.19275,240,240,0,COMPLETE,
2022-07-22 08:00:00,1.19277,1.19757,1.19226,1.19527,240,240,0,COMPLETE,
2022-07-22 12:00:00,1.19526,1.20636,1.19399,1.20197,240,240,0,COMPLETE,
2022-07-22 16:00:00,1.20195,1.20239,1.19707,1.19972,240,240,0,COMPLETE,
2022-07-22 20:00:00,1.19975,1.20066,1.19918,1.20056,59,240,181,EXPECTED_INCOMPLETE,EXPECTED
2022-07-23 00:00:00,,,,,0,240,240,SESSION_CLOSED_EXPECTED,EXPECTED
2022-07-23 04:00:00,,,,,0,240,240,SESSION_CLOSED_EXPECTED,EXPECTED
2022-07-23 08:00:00,,,,,0,240,240,SESSION_CLOSED_EXPECTED,EXPECTED
2022-07-23 12:00:00,,,,,0,240,240,SESSION_CLOSED_EXPECTED,EXPECTED
2022-07-23 16:00:00,,,,,0,240,240,SESSION_CLOSED_EXPECTED,EXPECTED
2022-07-23 20:00:00,,,,,0,240,240,SESSION_CLOSED_EXPECTED,EXPECTED
2022-07-24 00:00:00,,,,,0,240,240,SESSION_CLOSED_EXPECTED,EXPECTED
2022-07-24 04:00:00,,,,,0,240,240,SESSION_CLOSED_EXPECTED,EXPECTED
2022-07-24 08:00:00,,,,,0,240,240,SESSION_CLOSED_EXPECTED,EXPECTED
2022-07-24 12:00:00,,,,,0,240,240,SESSION_CLOSED_EXPECTED,EXPECTED
2022-07-24 16:00:00,,,,,0,240,240,SESSION_CLOSED_EXPECTED,EXPECTED
2022-07-24 20:00:00,1.1993,1.20101,1.19846,1.19849,172,240,68,EXPECTED_INCOMPLETE,EXPECTED
2022-07-25 00:00:00,1.19851,1.19954,1.19601,1.19855,240,240,0,COMPLETE,
2022-07-25 04:00:00,1.19857,1.19987,1.19623,1.1993,240,240,0,COMPLETE,
2022-07-25 08:00:00,1.19928,1.20822,1.198,1.20588,240,240,0,COMPLETE,
2022-07-25 12:00:00,1.2059,1.20861,1.20244,1.20402,240,240,0,COMPLETE,
2022-07-25 16:00:00,1.204,1.20588,1.20338,1.2053,240,240,0,COMPLETE,
2022-07-25 20:00:00,1.20529,1.20545,1.20345,1.20533,226,240,14,UNEXPECTED_INCOMPLETE,UNEXPECTED
2022-07-26 00:00:00,1.20535,1.20899,1.20531,1.20674,239,240,1,UNEXPECTED_INCOMPLETE,UNEXPECTED
2022-07-26 04:00:00,1.20673,1.20703,1.20342,1.20443,240,240,0,COMPLETE,
2022-07-26 08:00:00,1.20446,1.20477,1.19717,1.19805,240,240,0,COMPLETE,
2022-07-26 12:00:00,1.19808,1.20535,1.19634,1.20345,240,240,0,COMPLETE,
2022-07-26 16:00:00,1.20343,1.20416,1.20155,1.20205,240,240,0,COMPLETE,
2022-07-26 20:00:00,1.20206,1.20409,1.20182,1.2035,225,240,15,UNEXPECTED_INCOMPLETE,UNEXPECTED
2022-07-27 00:00:00,1.20352,1.2057,1.20349,1.20492,240,240,0,COMPLETE,
2022-07-27 04:00:00,1.20494,1.20739,1.20358,1.20509,240,240,0,COMPLETE,
2022-07-27 08:00:00,1.20506,1.20873,1.20451,1.20645,240,240,0,COMPLETE,
2022-07-27 12:00:00,1.20645,1.20682,1.20201,1.20241,240,240,0,COMPLETE,
2022-07-27 16:00:00,1.20245,1.21858,1.20232,1.21659,239,240,1,UNEXPECTED_INCOMPLETE,UNEXPECTED
2022-07-27 20:00:00,1.21657,1.21681,1.21451,1.21614,226,240,14,UNEXPECTED_INCOMPLETE,UNEXPECTED
2022-07-28 00:00:00,1.21618,1.21861,1.21419,1.21645,240,240,0,COMPLETE,
2022-07-28 04:00:00,1.21647,1.21834,1.21536,1.21826,240,240,0,COMPLETE,
2022-07-28 08:00:00,1.21829,1.2191,1.2104,1.21204,240,240,0,COMPLETE,
2022-07-28 12:00:00,1.21201,1.21655,1.2103,1.21266,240,240,0,COMPLETE,
2022-07-28 16:00:00,1.21265,1.21673,1.21101,1.21664,240,240,0,COMPLETE,
2022-07-28 20:00:00,1.21663,1.21831,1.21616,1.21721,234,240,6,UNEXPECTED_INCOMPLETE,UNEXPECTED
2022-07-29 00:00:00,1.21724,1.21956,1.21624,1.21897,240,240,0,COMPLETE,
2022-07-29 04:00:00,1.21895,1.22452,1.21844,1.22139,240,240,0,COMPLETE,
2022-07-29 08:00:00,1.22141,1.22141,1.21368,1.2154,240,240,0,COMPLETE,
2022-07-29 12:00:00,1.21538,1.21862,1.20627,1.21815,240,240,0,COMPLETE,
2022-07-29 16:00:00,1.21816,1.21835,1.21513,1.2178,240,240,0,COMPLETE,
2022-07-29 20:00:00,1.21779,1.21885,1.21744,1.21773,54,240,186,UNEXPECTED_INCOMPLETE,EXPECTED|UNEXPECTED
2022-07-30 00:00:00,,,,,0,240,240,SESSION_CLOSED_EXPECTED,EXPECTED
2022-07-30 04:00:00,,,,,0,240,240,SESSION_CLOSED_EXPECTED,EXPECTED
2022-07-30 08:00:00,,,,,0,240,240,SESSION_CLOSED_EXPECTED,EXPECTED
2022-07-30 12:00:00,,,,,0,240,240,SESSION_CLOSED_EXPECTED,EXPECTED
2022-07-30 16:00:00,,,,,0,240,240,SESSION_CLOSED_EXPECTED,EXPECTED
2022-07-30 20:00:00,,,,,0,240,240,SESSION_CLOSED_EXPECTED,EXPECTED
2022-07-31 00:00:00,,,,,0,240,240,SESSION_CLOSED_EXPECTED,EXPECTED
2022-07-31 04:00:00,,,,,0,240,240,SESSION_CLOSED_EXPECTED,EXPECTED
2022-07-31 08:00:00,,,,,0,240,240,SESSION_CLOSED_EXPECTED,EXPECTED
2022-07-31 12:00:00,,,,,0,240,240,SESSION_CLOSED_EXPECTED,EXPECTED
2022-07-31 16:00:00,,,,,0,240,240,SESSION_CLOSED_EXPECTED,EXPECTED
2022-07-31 20:00:00,1.21714,1.21747,1.21561,1.21673,150,240,90,EXPECTED_INCOMPLETE,EXPECTED
2022-08-01 00:00:00,1.21675,1.21977,1.21625,1.2182,240,240,0,COMPLETE,
2022-08-01 04:00:00,1.21818,1.22053,1.21739,1.21966,240,240,0,COMPLETE,
2022-08-01 08:00:00,1.21964,1.22609,1.21945,1.22257,240,240,0,COMPLETE,
2022-08-01 12:00:00,1.22258,1.22931,1.2219,1.22749,240,240,0,COMPLETE,
2022-08-01 16:00:00,1.22752,1.22839,1.22409,1.22557,240,240,0,COMPLETE,
2022-08-01 20:00:00,1.22554,1.22598,1.22434,1.22566,207,240,33,UNEXPECTED_INCOMPLETE,UNEXPECTED
2022-08-02 00:00:00,1.22568,1.22787,1.22448,1.22572,240,240,0,COMPLETE,
2022-08-02 04:00:00,1.22573,1.22623,1.21887,1.22014,240,240,0,COMPLETE,
2022-08-02 08:00:00,1.22013,1.22273,1.21855,1.22168,240,240,0,COMPLETE,
2022-08-02 12:00:00,1.22167,1.22406,1.21798,1.22191,240,240,0,COMPLETE,
2022-08-02 16:00:00,1.22193,1.22251,1.21662,1.21671,240,240,0,COMPLETE,
2022-08-02 20:00:00,1.21673,1.21717,1.21395,1.2142,235,240,5,UNEXPECTED_INCOMPLETE,UNEXPECTED
2022-08-03 00:00:00,1.21425,1.21884,1.21344,1.21864,240,240,0,COMPLETE,
2022-08-03 04:00:00,1.21863,1.22028,1.21568,1.21901,240,240,0,COMPLETE,
2022-08-03 08:00:00,1.21899,1.22073,1.21664,1.21898,240,240,0,COMPLETE,
2022-08-03 12:00:00,1.21896,1.21959,1.20997,1.21309,240,240,0,COMPLETE,
2022-08-03 16:00:00,1.21311,1.2155,1.21239,1.21458,240,240,0,COMPLETE,
2022-08-03 20:00:00,1.21459,1.21504,1.21286,1.21374,222,240,18,UNEXPECTED_INCOMPLETE,UNEXPECTED
2022-08-04 00:00:00,1.21376,1.21677,1.21366,1.21503,240,240,0,COMPLETE,
2022-08-04 04:00:00,1.215,1.21755,1.21282,1.2166,240,240,0,COMPLETE,
2022-08-04 08:00:00,1.21658,1.2217,1.2065,1.20855,240,240,0,COMPLETE,
2022-08-04 12:00:00,1.20852,1.21436,1.20716,1.21397,240,240,0,COMPLETE,
2022-08-04 16:00:00,1.21396,1.21754,1.21363,1.21684,240,240,0,COMPLETE,
2022-08-04 20:00:00,1.21686,1.21703,1.21494,1.21578,232,240,8,UNEXPECTED_INCOMPLETE,UNEXPECTED
2022-08-05 00:00:00,1.2158,1.21582,1.21298,1.21431,240,240,0,COMPLETE,
2022-08-05 04:00:00,1.2143,1.21686,1.21352,1.21543,240,240,0,COMPLETE,
2022-08-05 08:00:00,1.21546,1.21565,1.21244,1.21389,240,240,0,COMPLETE,
2022-08-05 12:00:00,1.21391,1.2148,1.2003,1.20598,240,240,0,COMPLETE,
2022-08-05 16:00:00,1.206,1.20937,1.20544,1.20683,240,240,0,COMPLETE,
2022-08-05 20:00:00,1.20685,1.2077,1.20677,1.20693,58,240,182,UNEXPECTED_INCOMPLETE,EXPECTED|UNEXPECTED
2022-08-06 00:00:00,,,,,0,240,240,SESSION_CLOSED_EXPECTED,EXPECTED
2022-08-06 04:00:00,,,,,0,240,240,SESSION_CLOSED_EXPECTED,EXPECTED
2022-08-06 08:00:00,,,,,0,240,240,SESSION_CLOSED_EXPECTED,EXPECTED
2022-08-06 12:00:00,,,,,0,240,240,SESSION_CLOSED_EXPECTED,EXPECTED
2022-08-06 16:00:00,,,,,0,240,240,SESSION_CLOSED_EXPECTED,EXPECTED
2022-08-06 20:00:00,,,,,0,240,240,SESSION_CLOSED_EXPECTED,EXPECTED
2022-08-07 00:00:00,,,,,0,240,240,SESSION_CLOSED_EXPECTED,EXPECTED
2022-08-07 04:00:00,,,,,0,240,240,SESSION_CLOSED_EXPECTED,EXPECTED
2022-08-07 08:00:00,,,,,0,240,240,SESSION_CLOSED_EXPECTED,EXPECTED
2022-08-07 12:00:00,,,,,0,240,240,SESSION_CLOSED_EXPECTED,EXPECTED
2022-08-07 16:00:00,,,,,0,240,240,SESSION_CLOSED_EXPECTED,EXPECTED
2022-08-07 20:00:00,1.20645,1.20661,1.20565,1.20606,154,240,86,EXPECTED_INCOMPLETE,EXPECTED
2022-08-08 00:00:00,1.20607,1.20798,1.20471,1.20786,240,240,0,COMPLETE,
2022-08-08 04:00:00,1.20785,1.21224,1.20686,1.21168,239,240,1,UNEXPECTED_INCOMPLETE,UNEXPECTED
2022-08-08 08:00:00,1.21164,1.2117,1.20711,1.21161,240,240,0,COMPLETE,
2022-08-08 12:00:00,1.21163,1.21371,1.20922,1.20955,240,240,0,COMPLETE,
2022-08-08 16:00:00,1.20956,1.20987,1.20684,1.20792,240,240,0,COMPLETE,
2022-08-08 20:00:00,1.20794,1.20875,1.20688,1.20846,224,240,16,UNEXPECTED_INCOMPLETE,UNEXPECTED
2022-08-09 00:00:00,1.20849,1.20886,1.207,1.20829,240,240,0,COMPLETE,
2022-08-09 04:00:00,1.20831,1.20919,1.20652,1.20875,240,240,0,COMPLETE,
2022-08-09 08:00:00,1.20877,1.21298,1.20862,1.20973,240,240,0,COMPLETE,
2022-08-09 12:00:00,1.20972,1.21284,1.20785,1.20871,240,240,0,COMPLETE,
2022-08-09 16:00:00,1.2087,1.20937,1.20627,1.20725,240,240,0,COMPLETE,
2022-08-09 20:00:00,1.20723,1.20762,1.2065,1.20708,210,240,30,UNEXPECTED_INCOMPLETE,UNEXPECTED
2022-08-10 00:00:00,1.20711,1.20833,1.20647,1.20817,239,240,1,UNEXPECTED_INCOMPLETE,UNEXPECTED
2022-08-10 04:00:00,1.20816,1.20905,1.20673,1.20867,240,240,0,COMPLETE,
2022-08-10 08:00:00,1.20864,1.21244,1.20808,1.2124,240,240,0,COMPLETE,
2022-08-10 12:00:00,1.21242,1.22764,1.20998,1.22433,240,240,0,COMPLETE,
2022-08-10 16:00:00,1.22431,1.22607,1.22112,1.22178,240,240,0,COMPLETE,
2022-08-10 20:00:00,1.2218,1.22204,1.22051,1.22099,232,240,8,UNEXPECTED_INCOMPLETE,UNEXPECTED
2022-08-11 00:00:00,1.22101,1.22172,1.21819,1.21922,240,240,0,COMPLETE,
2022-08-11 04:00:00,1.21921,1.22314,1.2183,1.22247,240,240,0,COMPLETE,
2022-08-11 08:00:00,1.22245,1.22451,1.21939,1.22092,240,240,0,COMPLETE,
2022-08-11 12:00:00,1.22089,1.2249,1.21963,1.22278,240,240,0,COMPLETE,
2022-08-11 16:00:00,1.22274,1.22298,1.2185,1.21903,240,240,0,COMPLETE,
2022-08-11 20:00:00,1.219,1.22034,1.21891,1.21942,223,240,17,UNEXPECTED_INCOMPLETE,UNEXPECTED
2022-08-12 00:00:00,1.21944,1.22009,1.21769,1.21893,240,240,0,COMPLETE,
2022-08-12 04:00:00,1.21891,1.22161,1.21674,1.21806,240,240,0,COMPLETE,
2022-08-12 08:00:00,1.21806,1.21837,1.21154,1.21298,240,240,0,COMPLETE,
2022-08-12 12:00:00,1.21297,1.21485,1.20991,1.21301,240,240,0,COMPLETE,
2022-08-12 16:00:00,1.21297,1.2146,1.21248,1.21367,240,240,0,COMPLETE,
2022-08-12 20:00:00,1.21365,1.21376,1.21319,1.21344,54,240,186,UNEXPECTED_INCOMPLETE,EXPECTED|UNEXPECTED
2022-08-13 00:00:00,,,,,0,240,240,SESSION_CLOSED_EXPECTED,EXPECTED
2022-08-13 04:00:00,,,,,0,240,240,SESSION_CLOSED_EXPECTED,EXPECTED
2022-08-13 08:00:00,,,,,0,240,240,SESSION_CLOSED_EXPECTED,EXPECTED
2022-08-13 12:00:00,,,,,0,240,240,SESSION_CLOSED_EXPECTED,EXPECTED
2022-08-13 16:00:00,,,,,0,240,240,SESSION_CLOSED_EXPECTED,EXPECTED
2022-08-13 20:00:00,,,,,0,240,240,SESSION_CLOSED_EXPECTED,EXPECTED
2022-08-14 00:00:00,,,,,0,240,240,SESSION_CLOSED_EXPECTED,EXPECTED
2022-08-14 04:00:00,,,,,0,240,240,SESSION_CLOSED_EXPECTED,EXPECTED
2022-08-14 08:00:00,,,,,0,240,240,SESSION_CLOSED_EXPECTED,EXPECTED
2022-08-14 12:00:00,,,,,0,240,240,SESSION_CLOSED_EXPECTED,EXPECTED
2022-08-14 16:00:00,,,,,0,240,240,SESSION_CLOSED_EXPECTED,EXPECTED
2022-08-14 20:00:00,1.2124,1.21384,1.2124,1.21265,168,240,72,EXPECTED_INCOMPLETE,EXPECTED
2022-08-15 00:00:00,1.21268,1.21478,1.21077,1.21215,240,240,0,COMPLETE,
2022-08-15 04:00:00,1.21217,1.21254,1.20894,1.21039,240,240,0,COMPLETE,
2022-08-15 08:00:00,1.21042,1.2109,1.20498,1.20832,240,240,0,COMPLETE,
2022-08-15 12:00:00,1.20833,1.21144,1.20715,1.20875,240,240,0,COMPLETE,
2022-08-15 16:00:00,1.20877,1.20879,1.20529,1.20543,240,240,0,COMPLETE,
2022-08-15 20:00:00,1.20544,1.20584,1.20441,1.20559,228,240,12,UNEXPECTED_INCOMPLETE,UNEXPECTED
2022-08-16 00:00:00,1.2056,1.20599,1.2035,1.20481,240,240,0,COMPLETE,
2022-08-16 04:00:00,1.20482,1.20577,1.2007,1.20553,240,240,0,COMPLETE,
2022-08-16 08:00:00,1.20549,1.20556,1.20126,1.20212,240,240,0,COMPLETE,
2022-08-16 12:00:00,1.20209,1.21174,1.2018,1.20888,240,240,0,COMPLETE,
2022-08-16 16:00:00,1.20889,1.21039,1.2074,1.20939,240,240,0,COMPLETE,
2022-08-16 20:00:00,1.20941,1.21013,1.20846,1.20941,226,240,14,UNEXPECTED_INCOMPLETE,UNEXPECTED
2022-08-17 00:00:00,1.20943,1.21157,1.20939,1.2107,240,240,0,COMPLETE,
2022-08-17 04:00:00,1.21069,1.21412,1.20807,1.20975,240,240,0,COMPLETE,
2022-08-17 08:00:00,1.20974,1.21196,1.20607,1.20788,240,240,0,COMPLETE,
2022-08-17 12:00:00,1.20786,1.20951,1.20278,1.20281,240,240,0,COMPLETE,
2022-08-17 16:00:00,1.2028,1.20875,1.20276,1.20504,240,240,0,COMPLETE,
2022-08-17 20:00:00,1.20506,1.20524,1.2041,1.20448,221,240,19,UNEXPECTED_INCOMPLETE,UNEXPECTED
2022-08-18 00:00:00,1.2045,1.20599,1.203,1.20345,240,240,0,COMPLETE,
2022-08-18 04:00:00,1.20343,1.205,1.19925,1.2026,240,240,0,COMPLETE,
2022-08-18 08:00:00,1.20259,1.20793,1.20259,1.2063,240,240,0,COMPLETE,
2022-08-18 12:00:00,1.20627,1.20711,1.19677,1.1968,240,240,0,COMPLETE,
2022-08-18 16:00:00,1.19678,1.19757,1.19223,1.19366,240,240,0,COMPLETE,
2022-08-18 20:00:00,1.19363,1.19372,1.19223,1.19299,232,240,8,UNEXPECTED_INCOMPLETE,UNEXPECTED
2022-08-19 00:00:00,1.19302,1.1933,1.19046,1.19157,240,240,0,COMPLETE,
2022-08-19 04:00:00,1.19156,1.19256,1.18937,1.19117,240,240,0,COMPLETE,
2022-08-19 08:00:00,1.19116,1.19118,1.1815,1.18329,240,240,0,COMPLETE,
2022-08-19 12:00:00,1.1833,1.1857,1.17917,1.18069,240,240,0,COMPLETE,
2022-08-19 16:00:00,1.18068,1.18337,1.18068,1.183,240,240,0,COMPLETE,
2022-08-19 20:00:00,1.18298,1.18326,1.18237,1.18286,56,240,184,UNEXPECTED_INCOMPLETE,EXPECTED|UNEXPECTED
2022-08-20 00:00:00,,,,,0,240,240,SESSION_CLOSED_EXPECTED,EXPECTED
2022-08-20 04:00:00,,,,,0,240,240,SESSION_CLOSED_EXPECTED,EXPECTED
2022-08-20 08:00:00,,,,,0,240,240,SESSION_CLOSED_EXPECTED,EXPECTED
2022-08-20 12:00:00,,,,,0,240,240,SESSION_CLOSED_EXPECTED,EXPECTED
2022-08-20 16:00:00,,,,,0,240,240,SESSION_CLOSED_EXPECTED,EXPECTED
2022-08-20 20:00:00,,,,,0,240,240,SESSION_CLOSED_EXPECTED,EXPECTED
2022-08-21 00:00:00,,,,,0,240,240,SESSION_CLOSED_EXPECTED,EXPECTED
2022-08-21 04:00:00,,,,,0,240,240,SESSION_CLOSED_EXPECTED,EXPECTED
2022-08-21 08:00:00,,,,,0,240,240,SESSION_CLOSED_EXPECTED,EXPECTED
2022-08-21 12:00:00,,,,,0,240,240,SESSION_CLOSED_EXPECTED,EXPECTED
2022-08-21 16:00:00,,,,,0,240,240,SESSION_CLOSED_EXPECTED,EXPECTED
2022-08-21 20:00:00,1.18157,1.18282,1.18108,1.18185,166,240,74,EXPECTED_INCOMPLETE,EXPECTED
2022-08-22 00:00:00,1.18187,1.18363,1.1805,1.18296,240,240,0,COMPLETE,
2022-08-22 04:00:00,1.18299,1.18359,1.17858,1.17937,240,240,0,COMPLETE,
2022-08-22 08:00:00,1.17938,1.1819,1.17819,1.18045,240,240,0,COMPLETE,
2022-08-22 12:00:00,1.18046,1.18261,1.17418,1.17489,240,240,0,COMPLETE,
2022-08-22 16:00:00,1.1749,1.17837,1.17486,1.1764,239,240,1,UNEXPECTED_INCOMPLETE,UNEXPECTED
2022-08-22 20:00:00,1.17642,1.17696,1.17548,1.17649,229,240,11,UNEXPECTED_INCOMPLETE,UNEXPECTED
2022-08-23 00:00:00,1.17652,1.17848,1.1757,1.17712,240,240,0,COMPLETE,
2022-08-23 04:00:00,1.17709,1.17778,1.17162,1.17646,240,240,0,COMPLETE,
2022-08-23 08:00:00,1.17648,1.17822,1.17416,1.17674,240,240,0,COMPLETE,
2022-08-23 12:00:00,1.17675,1.18774,1.1749,1.18437,240,240,0,COMPLETE,
2022-08-23 16:00:00,1.18436,1.18526,1.18163,1.18285,240,240,0,COMPLETE,
2022-08-23 20:00:00,1.18287,1.18376,1.18214,1.18294,225,240,15,UNEXPECTED_INCOMPLETE,UNEXPECTED
2022-08-24 00:00:00,1.18296,1.1835,1.17986,1.18078,240,240,0,COMPLETE,
2022-08-24 04:00:00,1.1808,1.18334,1.18005,1.18268,240,240,0,COMPLETE,
2022-08-24 08:00:00,1.1827,1.18327,1.17674,1.17763,240,240,0,COMPLETE,
2022-08-24 12:00:00,1.17764,1.18252,1.17552,1.18002,240,240,0,COMPLETE,
2022-08-24 16:00:00,1.18004,1.18058,1.1779,1.1799,240,240,0,COMPLETE,
2022-08-24 20:00:00,1.17989,1.17994,1.17857,1.17899,234,240,6,UNEXPECTED_INCOMPLETE,UNEXPECTED
2022-08-25 00:00:00,1.17902,1.18248,1.17833,1.1817,240,240,0,COMPLETE,
2022-08-25 04:00:00,1.18171,1.1864,1.18151,1.18416,240,240,0,COMPLETE,
2022-08-25 08:00:00,1.18419,1.18565,1.18212,1.18349,240,240,0,COMPLETE,
2022-08-25 12:00:00,1.18348,1.18499,1.17926,1.18013,240,240,0,COMPLETE,
2022-08-25 16:00:00,1.18015,1.18383,1.1794,1.18351,240,240,0,COMPLETE,
2022-08-25 20:00:00,1.18349,1.18383,1.18217,1.18224,209,240,31,UNEXPECTED_INCOMPLETE,UNEXPECTED
2022-08-26 00:00:00,1.18226,1.18311,1.18056,1.18255,240,240,0,COMPLETE,
2022-08-26 04:00:00,1.18257,1.18257,1.17748,1.17931,240,240,0,COMPLETE,
2022-08-26 08:00:00,1.17932,1.18448,1.17756,1.18177,240,240,0,COMPLETE,
2022-08-26 12:00:00,1.18176,1.19004,1.17506,1.17752,240,240,0,COMPLETE,
2022-08-26 16:00:00,1.1775,1.1786,1.17332,1.1736,240,240,0,COMPLETE,
2022-08-26 20:00:00,1.17357,1.17418,1.17331,1.1739,59,240,181,EXPECTED_INCOMPLETE,EXPECTED
2022-08-27 00:00:00,,,,,0,240,240,SESSION_CLOSED_EXPECTED,EXPECTED
2022-08-27 04:00:00,,,,,0,240,240,SESSION_CLOSED_EXPECTED,EXPECTED
2022-08-27 08:00:00,,,,,0,240,240,SESSION_CLOSED_EXPECTED,EXPECTED
2022-08-27 12:00:00,,,,,0,240,240,SESSION_CLOSED_EXPECTED,EXPECTED
2022-08-27 16:00:00,,,,,0,240,240,SESSION_CLOSED_EXPECTED,EXPECTED
2022-08-27 20:00:00,,,,,0,240,240,SESSION_CLOSED_EXPECTED,EXPECTED
2022-08-28 00:00:00,,,,,0,240,240,SESSION_CLOSED_EXPECTED,EXPECTED
2022-08-28 04:00:00,,,,,0,240,240,SESSION_CLOSED_EXPECTED,EXPECTED
2022-08-28 08:00:00,,,,,0,240,240,SESSION_CLOSED_EXPECTED,EXPECTED
2022-08-28 12:00:00,,,,,0,240,240,SESSION_CLOSED_EXPECTED,EXPECTED
2022-08-28 16:00:00,,,,,0,240,240,SESSION_CLOSED_EXPECTED,EXPECTED
2022-08-28 20:00:00,1.17283,1.17305,1.16833,1.16881,152,240,88,EXPECTED_INCOMPLETE,EXPECTED
2022-08-29 00:00:00,1.16883,1.17,1.16544,1.16674,240,240,0,COMPLETE,
2022-08-29 04:00:00,1.16671,1.1682,1.1648,1.16725,240,240,0,COMPLETE,
2022-08-29 08:00:00,1.16723,1.17046,1.16558,1.1699,240,240,0,COMPLETE,
2022-08-29 12:00:00,1.16988,1.17435,1.16857,1.17138,240,240,0,COMPLETE,
2022-08-29 16:00:00,1.17139,1.17289,1.16982,1.17041,240,240,0,COMPLETE,
2022-08-29 20:00:00,1.17039,1.17228,1.16967,1.17211,222,240,18,UNEXPECTED_INCOMPLETE,UNEXPECTED
2022-08-30 00:00:00,1.17212,1.17265,1.1687,1.1701,240,240,0,COMPLETE,
2022-08-30 04:00:00,1.17009,1.17438,1.1698,1.17349,240,240,0,COMPLETE,
2022-08-30 08:00:00,1.1735,1.176,1.17036,1.17162,240,240,0,COMPLETE,
2022-08-30 12:00:00,1.17163,1.17219,1.16208,1.16503,240,240,0,COMPLETE,
2022-08-30 16:00:00,1.16501,1.16696,1.16463,1.16546,240,240,0,COMPLETE,
2022-08-30 20:00:00,1.1655,1.16603,1.16449,1.1658,216,240,24,UNEXPECTED_INCOMPLETE,UNEXPECTED
2022-08-31 00:00:00,1.16581,1.16774,1.16537,1.1677,240,240,0,COMPLETE,
2022-08-31 04:00:00,1.16768,1.16934,1.16409,1.16409,240,240,0,COMPLETE,
2022-08-31 08:00:00,1.16408,1.16565,1.16125,1.16222,240,240,0,COMPLETE,
2022-08-31 12:00:00,1.16225,1.1653,1.15988,1.16419,240,240,0,COMPLETE,
2022-08-31 16:00:00,1.16421,1.16447,1.16059,1.16144,240,240,0,COMPLETE,
2022-08-31 20:00:00,1.16146,1.16221,1.15927,1.15966,236,240,4,UNEXPECTED_INCOMPLETE,UNEXPECTED
2022-09-01 00:00:00,1.15969,1.1597,1.15673,1.15782,240,240,0,COMPLETE,
2022-09-01 04:00:00,1.1578,1.16162,1.15683,1.16038,240,240,0,COMPLETE,
2022-09-01 08:00:00,1.1604,1.16138,1.15514,1.15661,240,240,0,COMPLETE,
2022-09-01 12:00:00,1.15663,1.15783,1.14982,1.15376,240,240,0,COMPLETE,
2022-09-01 16:00:00,1.15375,1.15547,1.1532,1.15408,240,240,0,COMPLETE,
2022-09-01 20:00:00,1.15409,1.1548,1.15328,1.15466,221,240,19,UNEXPECTED_INCOMPLETE,UNEXPECTED
2022-09-02 00:00:00,1.15467,1.15594,1.15403,1.15485,240,240,0,COMPLETE,
2022-09-02 04:00:00,1.15487,1.1569,1.15321,1.15571,240,240,0,COMPLETE,
2022-09-02 08:00:00,1.1557,1.15816,1.15466,1.15595,240,240,0,COMPLETE,
2022-09-02 12:00:00,1.15595,1.15883,1.15261,1.15801,240,240,0,COMPLETE,
2022-09-02 16:00:00,1.15802,1.15821,1.14955,1.15081,240,240,0,COMPLETE,
2022-09-02 20:00:00,1.15079,1.15172,1.15051,1.15125,58,240,182,UNEXPECTED_INCOMPLETE,EXPECTED|UNEXPECTED
2022-09-03 00:00:00,,,,,0,240,240,SESSION_CLOSED_EXPECTED,EXPECTED
2022-09-03 04:00:00,,,,,0,240,240,SESSION_CLOSED_EXPECTED,EXPECTED
2022-09-03 08:00:00,,,,,0,240,240,SESSION_CLOSED_EXPECTED,EXPECTED
2022-09-03 12:00:00,,,,,0,240,240,SESSION_CLOSED_EXPECTED,EXPECTED
2022-09-03 16:00:00,,,,,0,240,240,SESSION_CLOSED_EXPECTED,EXPECTED
2022-09-03 20:00:00,,,,,0,240,240,SESSION_CLOSED_EXPECTED,EXPECTED
2022-09-04 00:00:00,,,,,0,240,240,SESSION_CLOSED_EXPECTED,EXPECTED
2022-09-04 04:00:00,,,,,0,240,240,SESSION_CLOSED_EXPECTED,EXPECTED
2022-09-04 08:00:00,,,,,0,240,240,SESSION_CLOSED_EXPECTED,EXPECTED
2022-09-04 12:00:00,,,,,0,240,240,SESSION_CLOSED_EXPECTED,EXPECTED
2022-09-04 16:00:00,,,,,0,240,240,SESSION_CLOSED_EXPECTED,EXPECTED
2022-09-04 20:00:00,1.14787,1.14895,1.14618,1.14723,170,240,70,EXPECTED_INCOMPLETE,EXPECTED
2022-09-05 00:00:00,1.14725,1.14926,1.14571,1.1472,240,240,0,COMPLETE,
2022-09-05 04:00:00,1.14723,1.14864,1.14426,1.14774,240,240,0,COMPLETE,
2022-09-05 08:00:00,1.14777,1.15184,1.14706,1.15061,240,240,0,COMPLETE,
2022-09-05 12:00:00,1.1506,1.15194,1.148,1.15169,240,240,0,COMPLETE,
2022-09-05 16:00:00,1.15172,1.15207,1.15116,1.15153,190,240,50,UNEXPECTED_INCOMPLETE,UNEXPECTED
2022-09-05 20:00:00,1.15148,1.15654,1.15066,1.15639,219,240,21,UNEXPECTED_INCOMPLETE,UNEXPECTED
2022-09-06 00:00:00,1.15641,1.15999,1.15596,1.15649,240,240,0,COMPLETE,
2022-09-06 04:00:00,1.1565,1.16087,1.15595,1.1584,240,240,0,COMPLETE,
2022-09-06 08:00:00,1.15838,1.1608,1.15486,1.15732,240,240,0,COMPLETE,
2022-09-06 12:00:00,1.15734,1.15808,1.14935,1.15473,240,240,0,COMPLETE,
2022-09-06 16:00:00,1.15475,1.15487,1.15122,1.15163,240,240,0,COMPLETE,
2022-09-06 20:00:00,1.15161,1.1519,1.15018,1.15098,224,240,16,UNEXPECTED_INCOMPLETE,UNEXPECTED
2022-09-07 00:00:00,1.151,1.15151,1.14512,1.14649,240,240,0,COMPLETE,
2022-09-07 04:00:00,1.14647,1.15177,1.14531,1.15138,240,240,0,COMPLETE,
2022-09-07 08:00:00,1.15139,1.15229,1.14161,1.14237,240,240,0,COMPLETE,
2022-09-07 12:00:00,1.14237,1.14837,1.14049,1.14691,240,240,0,COMPLETE,
2022-09-07 16:00:00,1.14688,1.15323,1.14683,1.15307,240,240,0,COMPLETE,
2022-09-07 20:00:00,1.15303,1.15402,1.15161,1.15217,227,240,13,UNEXPECTED_INCOMPLETE,UNEXPECTED
2022-09-08 00:00:00,1.15219,1.15259,1.14906,1.14993,240,240,0,COMPLETE,
2022-09-08 04:00:00,1.14992,1.15215,1.14796,1.14864,240,240,0,COMPLETE,
2022-09-08 08:00:00,1.14867,1.15601,1.14756,1.1554,240,240,0,COMPLETE,
2022-09-08 12:00:00,1.1554,1.15593,1.146,1.14824,240,240,0,COMPLETE,
2022-09-08 16:00:00,1.14821,1.15165,1.14621,1.15014,240,240,0,COMPLETE,
2022-09-08 20:00:00,1.15016,1.1522,1.14931,1.15198,217,240,23,UNEXPECTED_INCOMPLETE,UNEXPECTED
2022-09-09 00:00:00,1.15199,1.15855,1.15152,1.15843,240,240,0,COMPLETE,
2022-09-09 04:00:00,1.15841,1.16349,1.15781,1.16311,240,240,0,COMPLETE,
2022-09-09 08:00:00,1.16309,1.16476,1.15547,1.15585,240,240,0,COMPLETE,
2022-09-09 12:00:00,1.15584,1.15991,1.15505,1.15986,240,240,0,COMPLETE,
2022-09-09 16:00:00,1.15987,1.16015,1.15803,1.15909,240,240,0,COMPLETE,
2022-09-09 20:00:00,1.15906,1.1594,1.15831,1.15881,57,240,183,UNEXPECTED_INCOMPLETE,EXPECTED|UNEXPECTED
2022-09-10 00:00:00,,,,,0,240,240,SESSION_CLOSED_EXPECTED,EXPECTED
2022-09-10 04:00:00,,,,,0,240,240,SESSION_CLOSED_EXPECTED,EXPECTED
2022-09-10 08:00:00,,,,,0,240,240,SESSION_CLOSED_EXPECTED,EXPECTED
2022-09-10 12:00:00,,,,,0,240,240,SESSION_CLOSED_EXPECTED,EXPECTED
2022-09-10 16:00:00,,,,,0,240,240,SESSION_CLOSED_EXPECTED,EXPECTED
2022-09-10 20:00:00,,,,,0,240,240,SESSION_CLOSED_EXPECTED,EXPECTED
2022-09-11 00:00:00,,,,,0,240,240,SESSION_CLOSED_EXPECTED,EXPECTED
2022-09-11 04:00:00,,,,,0,240,240,SESSION_CLOSED_EXPECTED,EXPECTED
2022-09-11 08:00:00,,,,,0,240,240,SESSION_CLOSED_EXPECTED,EXPECTED
2022-09-11 12:00:00,,,,,0,240,240,SESSION_CLOSED_EXPECTED,EXPECTED
2022-09-11 16:00:00,,,,,0,240,240,SESSION_CLOSED_EXPECTED,EXPECTED
2022-09-11 20:00:00,1.16217,1.16362,1.16022,1.16194,170,240,70,EXPECTED_INCOMPLETE,EXPECTED
2022-09-12 00:00:00,1.16197,1.16285,1.16034,1.16105,240,240,0,COMPLETE,
2022-09-12 04:00:00,1.16105,1.1694,1.16003,1.16851,240,240,0,COMPLETE,
2022-09-12 08:00:00,1.16853,1.16996,1.16627,1.16897,240,240,0,COMPLETE,
2022-09-12 12:00:00,1.16896,1.171,1.16632,1.16964,240,240,0,COMPLETE,
2022-09-12 16:00:00,1.16966,1.17085,1.16751,1.16761,240,240,0,COMPLETE,
2022-09-12 20:00:00,1.1676,1.16886,1.16729,1.16884,229,240,11,UNEXPECTED_INCOMPLETE,UNEXPECTED
2022-09-13 00:00:00,1.16887,1.17056,1.16798,1.16878,240,240,0,COMPLETE,
2022-09-13 04:00:00,1.16879,1.17308,1.16787,1.17253,240,240,0,COMPLETE,
2022-09-13 08:00:00,1.17255,1.17373,1.17004,1.17322,240,240,0,COMPLETE,
2022-09-13 12:00:00,1.17319,1.17378,1.1518,1.15243,240,240,0,COMPLETE,
2022-09-13 16:00:00,1.15245,1.15407,1.14965,1.14995,240,240,0,COMPLETE,
2022-09-13 20:00:00,1.14996,1.1507,1.14802,1.15018,234,240,6,UNEXPECTED_INCOMPLETE,UNEXPECTED
2022-09-14 00:00:00,1.15021,1.1512,1.14873,1.1506,240,240,0,COMPLETE,
2022-09-14 04:00:00,1.15062,1.15313,1.14779,1.15254,240,240,0,COMPLETE,
2022-09-14 08:00:00,1.15253,1.15722,1.15189,1.15449,240,240,0,COMPLETE,
2022-09-14 12:00:00,1.15448,1.15894,1.15373,1.15622,240,240,0,COMPLETE,
2022-09-14 16:00:00,1.15624,1.15752,1.15261,1.154,240,240,0,COMPLETE,
2022-09-14 20:00:00,1.15398,1.1547,1.15315,1.1544,223,240,17,UNEXPECTED_INCOMPLETE,UNEXPECTED
2022-09-15 00:00:00,1.15442,1.15474,1.15227,1.1531,240,240,0,COMPLETE,
2022-09-15 04:00:00,1.15311,1.15378,1.15058,1.15338,240,240,0,COMPLETE,
2022-09-15 08:00:00,1.15339,1.15356,1.14869,1.14947,240,240,0,COMPLETE,
2022-09-15 12:00:00,1.14946,1.1517,1.14687,1.14703,240,240,0,COMPLETE,
2022-09-15 16:00:00,1.147,1.14982,1.14613,1.1469,240,240,0,COMPLETE,
2022-09-15 20:00:00,1.14692,1.14728,1.14505,1.14514,224,240,16,UNEXPECTED_INCOMPLETE,UNEXPECTED
2022-09-16 00:00:00,1.14515,1.14801,1.14515,1.14622,240,240,0,COMPLETE,
2022-09-16 04:00:00,1.14624,1.14712,1.13492,1.13727,240,240,0,COMPLETE,
2022-09-16 08:00:00,1.13725,1.1413,1.13534,1.13977,240,240,0,COMPLETE,
2022-09-16 12:00:00,1.1398,1.14463,1.13759,1.14165,240,240,0,COMPLETE,
2022-09-16 16:00:00,1.14164,1.1426,1.13858,1.14241,240,240,0,COMPLETE,
2022-09-16 20:00:00,1.14238,1.14261,1.1415,1.14202,57,240,183,UNEXPECTED_INCOMPLETE,EXPECTED|UNEXPECTED
2022-09-17 00:00:00,,,,,0,240,240,SESSION_CLOSED_EXPECTED,EXPECTED
2022-09-17 04:00:00,,,,,0,240,240,SESSION_CLOSED_EXPECTED,EXPECTED
2022-09-17 08:00:00,,,,,0,240,240,SESSION_CLOSED_EXPECTED,EXPECTED
2022-09-17 12:00:00,,,,,0,240,240,SESSION_CLOSED_EXPECTED,EXPECTED
2022-09-17 16:00:00,,,,,0,240,240,SESSION_CLOSED_EXPECTED,EXPECTED
2022-09-17 20:00:00,,,,,0,240,240,SESSION_CLOSED_EXPECTED,EXPECTED
2022-09-18 00:00:00,,,,,0,240,240,SESSION_CLOSED_EXPECTED,EXPECTED
2022-09-18 04:00:00,,,,,0,240,240,SESSION_CLOSED_EXPECTED,EXPECTED
2022-09-18 08:00:00,,,,,0,240,240,SESSION_CLOSED_EXPECTED,EXPECTED
2022-09-18 12:00:00,,,,,0,240,240,SESSION_CLOSED_EXPECTED,EXPECTED
2022-09-18 16:00:00,,,,,0,240,240,SESSION_CLOSED_EXPECTED,EXPECTED
2022-09-18 20:00:00,1.14107,1.14405,1.14102,1.14337,157,240,83,EXPECTED_INCOMPLETE,EXPECTED
2022-09-19 00:00:00,1.14339,1.14418,1.13942,1.1401,239,240,1,UNEXPECTED_INCOMPLETE,UNEXPECTED
2022-09-19 04:00:00,1.14011,1.14051,1.13755,1.13788,240,240,0,COMPLETE,
2022-09-19 08:00:00,1.13789,1.1392,1.1355,1.13716,240,240,0,COMPLETE,
2022-09-19 12:00:00,1.13718,1.14204,1.13627,1.14011,240,240,0,COMPLETE,
2022-09-19 16:00:00,1.14013,1.14381,1.14011,1.14362,240,240,0,COMPLETE,
2022-09-19 20:00:00,1.14361,1.14451,1.14221,1.14441,226,240,14,UNEXPECTED_INCOMPLETE,UNEXPECTED
2022-09-20 00:00:00,1.14443,1.14603,1.1409,1.14334,240,240,0,COMPLETE,
2022-09-20 04:00:00,1.14332,1.14603,1.14122,1.14581,240,240,0,COMPLETE,
2022-09-20 08:00:00,1.14582,1.14591,1.14091,1.14286,240,240,0,COMPLETE,
2022-09-20 12:00:00,1.14284,1.14334,1.13813,1.14025,240,240,0,COMPLETE,
2022-09-20 16:00:00,1.14027,1.1407,1.13569,1.13851,240,240,0,COMPLETE,
2022-09-20 20:00:00,1.13849,1.13868,1.13629,1.13802,234,240,6,UNEXPECTED_INCOMPLETE,UNEXPECTED
2022-09-21 00:00:00,1.13803,1.13844,1.13654,1.13772,240,240,0,COMPLETE,
2022-09-21 04:00:00,1.13774,1.13824,1.13028,1.13354,240,240,0,COMPLETE,
2022-09-21 08:00:00,1.13356,1.1349,1.13259,1.13358,240,240,0,COMPLETE,
2022-09-21 12:00:00,1.1336,1.13501,1.13219,1.13292,240,240,0,COMPLETE,
2022-09-21 16:00:00,1.13292,1.13568,1.12355,1.12826,240,240,0,COMPLETE,
2022-09-21 20:00:00,1.12824,1.12921,1.12456,1.12567,239,240,1,UNEXPECTED_INCOMPLETE,UNEXPECTED
2022-09-22 00:00:00,1.1257,1.12582,1.122,1.12314,240,240,0,COMPLETE,
2022-09-22 04:00:00,1.12316,1.12804,1.12098,1.12722,240,240,0,COMPLETE,
2022-09-22 08:00:00,1.12724,1.13641,1.12678,1.1314,240,240,0,COMPLETE,
2022-09-22 12:00:00,1.13139,1.13481,1.12407,1.12678,240,240,0,COMPLETE,
2022-09-22 16:00:00,1.12679,1.12745,1.12497,1.12573,240,240,0,COMPLETE,
2022-09-22 20:00:00,1.12572,1.12636,1.12471,1.12622,235,240,5,UNEXPECTED_INCOMPLETE,UNEXPECTED
2022-09-23 00:00:00,1.12623,1.12733,1.12259,1.12312,240,240,0,COMPLETE,
2022-09-23 04:00:00,1.12313,1.12441,1.1168,1.11837,240,240,0,COMPLETE,
2022-09-23 08:00:00,1.11836,1.12093,1.10205,1.10553,240,240,0,COMPLETE,
2022-09-23 12:00:00,1.10552,1.10961,1.08953,1.09197,240,240,0,COMPLETE,
2022-09-23 16:00:00,1.09195,1.09238,1.08392,1.08667,240,240,0,COMPLETE,
2022-09-23 20:00:00,1.08666,1.08726,1.08426,1.08489,59,240,181,EXPECTED_INCOMPLETE,EXPECTED
2022-09-24 00:00:00,,,,,0,240,240,SESSION_CLOSED_EXPECTED,EXPECTED
2022-09-24 04:00:00,,,,,0,240,240,SESSION_CLOSED_EXPECTED,EXPECTED
2022-09-24 08:00:00,,,,,0,240,240,SESSION_CLOSED_EXPECTED,EXPECTED
2022-09-24 12:00:00,,,,,0,240,240,SESSION_CLOSED_EXPECTED,EXPECTED
2022-09-24 16:00:00,,,,,0,240,240,SESSION_CLOSED_EXPECTED,EXPECTED
2022-09-24 20:00:00,,,,,0,240,240,SESSION_CLOSED_EXPECTED,EXPECTED
2022-09-25 00:00:00,,,,,0,240,240,SESSION_CLOSED_EXPECTED,EXPECTED
2022-09-25 04:00:00,,,,,0,240,240,SESSION_CLOSED_EXPECTED,EXPECTED
2022-09-25 08:00:00,,,,,0,240,240,SESSION_CLOSED_EXPECTED,EXPECTED
2022-09-25 12:00:00,,,,,0,240,240,SESSION_CLOSED_EXPECTED,EXPECTED
2022-09-25 16:00:00,,,,,0,240,240,SESSION_CLOSED_EXPECTED,EXPECTED
2022-09-25 20:00:00,1.07997,1.08457,1.07793,1.07927,169,240,71,EXPECTED_INCOMPLETE,EXPECTED
2022-09-26 00:00:00,1.07927,1.08102,1.03525,1.04977,240,240,0,COMPLETE,
2022-09-26 04:00:00,1.04978,1.07491,1.04705,1.06753,240,240,0,COMPLETE,
2022-09-26 08:00:00,1.06751,1.08335,1.06685,1.07778,240,240,0,COMPLETE,
2022-09-26 12:00:00,1.07777,1.09306,1.06356,1.0699,240,240,0,COMPLETE,
2022-09-26 16:00:00,1.06993,1.07204,1.06312,1.06966,240,240,0,COMPLETE,
2022-09-26 20:00:00,1.06963,1.07766,1.06506,1.07661,236,240,4,UNEXPECTED_INCOMPLETE,UNEXPECTED
2022-09-27 00:00:00,1.07663,1.07901,1.07384,1.07761,240,240,0,COMPLETE,
2022-09-27 04:00:00,1.07758,1.08375,1.07636,1.08039,240,240,0,COMPLETE,
2022-09-27 08:00:00,1.0804,1.08327,1.07797,1.07888,240,240,0,COMPLETE,
2022-09-27 12:00:00,1.07887,1.08162,1.0735,1.07504,240,240,0,COMPLETE,
2022-09-27 16:00:00,1.07507,1.07519,1.06586,1.07182,240,240,0,COMPLETE,
2022-09-27 20:00:00,1.0718,1.07373,1.07049,1.07257,232,240,8,UNEXPECTED_INCOMPLETE,UNEXPECTED
2022-09-28 00:00:00,1.07258,1.07385,1.06297,1.06573,240,240,0,COMPLETE,
2022-09-28 04:00:00,1.06574,1.07113,1.06317,1.07011,240,240,0,COMPLETE,
2022-09-28 08:00:00,1.07012,1.08346,1.05391,1.05793,240,240,0,COMPLETE,
2022-09-28 12:00:00,1.05793,1.08507,1.05714,1.08293,240,240,0,COMPLETE,
2022-09-28 16:00:00,1.08291,1.09153,1.07943,1.08827,240,240,0,COMPLETE,
2022-09-28 20:00:00,1.08828,1.0894,1.08285,1.08305,237,240,3,UNEXPECTED_INCOMPLETE,UNEXPECTED
2022-09-29 00:00:00,1.08307,1.08345,1.07817,1.07906,240,240,0,COMPLETE,
2022-09-29 04:00:00,1.07907,1.08167,1.07619,1.07809,240,240,0,COMPLETE,
2022-09-29 08:00:00,1.07811,1.08969,1.077,1.08682,240,240,0,COMPLETE,
2022-09-29 12:00:00,1.08683,1.10749,1.08376,1.10455,240,240,0,COMPLETE,
2022-09-29 16:00:00,1.10455,1.11082,1.10378,1.10771,240,240,0,COMPLETE,
2022-09-29 20:00:00,1.10772,1.12022,1.10696,1.1171,239,240,1,UNEXPECTED_INCOMPLETE,UNEXPECTED
2022-09-30 00:00:00,1.11707,1.11773,1.10703,1.10807,240,240,0,COMPLETE,
2022-09-30 04:00:00,1.10809,1.11836,1.10798,1.11774,240,240,0,COMPLETE,
2022-09-30 08:00:00,1.11777,1.12339,1.10249,1.10416,240,240,0,COMPLETE,
2022-09-30 12:00:00,1.10414,1.11766,1.10251,1.11322,240,240,0,COMPLETE,
2022-09-30 16:00:00,1.11319,1.11801,1.10996,1.11668,240,240,0,COMPLETE,
2022-09-30 20:00:00,1.1167,1.1167,1.11436,1.11619,59,240,181,EXPECTED_INCOMPLETE,EXPECTED
2022-10-01 00:00:00,,,,,0,240,240,SESSION_CLOSED_EXPECTED,EXPECTED
2022-10-01 04:00:00,,,,,0,240,240,SESSION_CLOSED_EXPECTED,EXPECTED
2022-10-01 08:00:00,,,,,0,240,240,SESSION_CLOSED_EXPECTED,EXPECTED
2022-10-01 12:00:00,,,,,0,240,240,SESSION_CLOSED_EXPECTED,EXPECTED
2022-10-01 16:00:00,,,,,0,240,240,SESSION_CLOSED_EXPECTED,EXPECTED
2022-10-01 20:00:00,,,,,0,240,240,SESSION_CLOSED_EXPECTED,EXPECTED
2022-10-02 00:00:00,,,,,0,240,240,SESSION_CLOSED_EXPECTED,EXPECTED
2022-10-02 04:00:00,,,,,0,240,240,SESSION_CLOSED_EXPECTED,EXPECTED
2022-10-02 08:00:00,,,,,0,240,240,SESSION_CLOSED_EXPECTED,EXPECTED
2022-10-02 12:00:00,,,,,0,240,240,SESSION_CLOSED_EXPECTED,EXPECTED
2022-10-02 16:00:00,,,,,0,240,240,SESSION_CLOSED_EXPECTED,EXPECTED
2022-10-02 20:00:00,1.11625,1.11925,1.11276,1.1135,167,240,73,EXPECTED_INCOMPLETE,EXPECTED
2022-10-03 00:00:00,1.11352,1.1163,1.11099,1.11177,240,240,0,COMPLETE,
2022-10-03 04:00:00,1.11179,1.12799,1.10854,1.12066,240,240,0,COMPLETE,
2022-10-03 08:00:00,1.12063,1.12438,1.11693,1.12179,240,240,0,COMPLETE,
2022-10-03 12:00:00,1.12175,1.13332,1.11997,1.12699,240,240,0,COMPLETE,
2022-10-03 16:00:00,1.127,1.13252,1.12592,1.13225,240,240,0,COMPLETE,
2022-10-03 20:00:00,1.13227,1.13409,1.13098,1.13377,229,240,11,UNEXPECTED_INCOMPLETE,UNEXPECTED
2022-10-04 00:00:00,1.13379,1.13436,1.12802,1.13179,240,240,0,COMPLETE,
2022-10-04 04:00:00,1.13177,1.14271,1.12982,1.13914,240,240,0,COMPLETE,
2022-10-04 08:00:00,1.13915,1.13937,1.12991,1.13317,240,240,0,COMPLETE,
2022-10-04 12:00:00,1.13316,1.14462,1.13226,1.14434,240,240,0,COMPLETE,
2022-10-04 16:00:00,1.14436,1.1489,1.1427,1.14746,240,240,0,COMPLETE,
2022-10-04 20:00:00,1.14746,1.14859,1.14498,1.14502,235,240,5,UNEXPECTED_INCOMPLETE,UNEXPECTED
2022-10-05 00:00:00,1.14503,1.14718,1.14137,1.14321,240,240,0,COMPLETE,
2022-10-05 04:00:00,1.1432,1.14946,1.13948,1.14063,240,240,0,COMPLETE,
2022-10-05 08:00:00,1.14061,1.14326,1.13217,1.13313,240,240,0,COMPLETE,
2022-10-05 12:00:00,1.13314,1.13524,1.12267,1.12734,240,240,0,COMPLETE,
2022-10-05 16:00:00,1.12733,1.13564,1.12634,1.13259,240,240,0,COMPLETE,
2022-10-05 20:00:00,1.13258,1.13559,1.13019,1.13558,238,240,2,UNEXPECTED_INCOMPLETE,UNEXPECTED
2022-10-06 00:00:00,1.13559,1.1383,1.13324,1.1365,240,240,0,COMPLETE,
2022-10-06 04:00:00,1.13651,1.13686,1.13113,1.1327,240,240,0,COMPLETE,
2022-10-06 08:00:00,1.13272,1.13302,1.12405,1.12581,240,240,0,COMPLETE,
2022-10-06 12:00:00,1.12579,1.12871,1.11311,1.11314,240,240,0,COMPLETE,
2022-10-06 16:00:00,1.11312,1.11929,1.11117,1.11563,240,240,0,COMPLETE,
2022-10-06 20:00:00,1.11559,1.11701,1.11517,1.11608,233,240,7,UNEXPECTED_INCOMPLETE,UNEXPECTED
2022-10-07 00:00:00,1.11609,1.11895,1.11339,1.11711,240,240,0,COMPLETE,
2022-10-07 04:00:00,1.11709,1.11905,1.11135,1.11672,240,240,0,COMPLETE,
2022-10-07 08:00:00,1.11675,1.12247,1.11602,1.11939,240,240,0,COMPLETE,
2022-10-07 12:00:00,1.11936,1.12131,1.10893,1.11142,240,240,0,COMPLETE,
2022-10-07 16:00:00,1.1114,1.11316,1.10552,1.10796,240,240,0,COMPLETE,
2022-10-07 20:00:00,1.10795,1.10941,1.10774,1.10926,59,240,181,EXPECTED_INCOMPLETE,EXPECTED
2022-10-08 00:00:00,,,,,0,240,240,SESSION_CLOSED_EXPECTED,EXPECTED
2022-10-08 04:00:00,,,,,0,240,240,SESSION_CLOSED_EXPECTED,EXPECTED
2022-10-08 08:00:00,,,,,0,240,240,SESSION_CLOSED_EXPECTED,EXPECTED
2022-10-08 12:00:00,,,,,0,240,240,SESSION_CLOSED_EXPECTED,EXPECTED
2022-10-08 16:00:00,,,,,0,240,240,SESSION_CLOSED_EXPECTED,EXPECTED
2022-10-08 20:00:00,,,,,0,240,240,SESSION_CLOSED_EXPECTED,EXPECTED
2022-10-09 00:00:00,,,,,0,240,240,SESSION_CLOSED_EXPECTED,EXPECTED
2022-10-09 04:00:00,,,,,0,240,240,SESSION_CLOSED_EXPECTED,EXPECTED
2022-10-09 08:00:00,,,,,0,240,240,SESSION_CLOSED_EXPECTED,EXPECTED
2022-10-09 12:00:00,,,,,0,240,240,SESSION_CLOSED_EXPECTED,EXPECTED
2022-10-09 16:00:00,,,,,0,240,240,SESSION_CLOSED_EXPECTED,EXPECTED
2022-10-09 20:00:00,1.10822,1.10901,1.10604,1.1072,168,240,72,EXPECTED_INCOMPLETE,EXPECTED
2022-10-10 00:00:00,1.10723,1.11108,1.10579,1.1079,240,240,0,COMPLETE,
2022-10-10 04:00:00,1.10787,1.11103,1.10533,1.10724,240,240,0,COMPLETE,
2022-10-10 08:00:00,1.10721,1.10992,1.10268,1.10658,240,240,0,COMPLETE,
2022-10-10 12:00:00,1.10655,1.10807,1.10242,1.10395,240,240,0,COMPLETE,
2022-10-10 16:00:00,1.10396,1.10812,1.10189,1.10558,240,240,0,COMPLETE,
2022-10-10 20:00:00,1.10561,1.10784,1.10493,1.10784,231,240,9,UNEXPECTED_INCOMPLETE,UNEXPECTED
2022-10-11 00:00:00,1.10786,1.10949,1.10225,1.10369,240,240,0,COMPLETE,
2022-10-11 04:00:00,1.10372,1.10538,1.09962,1.10187,240,240,0,COMPLETE,
2022-10-11 08:00:00,1.10183,1.11018,1.10156,1.10892,240,240,0,COMPLETE,
2022-10-11 12:00:00,1.10894,1.11751,1.10434,1.11657,240,240,0,COMPLETE,
2022-10-11 16:00:00,1.11659,1.11793,1.09644,1.09864,240,240,0,COMPLETE,
2022-10-11 20:00:00,1.09866,1.09906,1.09525,1.09634,236,240,4,UNEXPECTED_INCOMPLETE,UNEXPECTED
2022-10-12 00:00:00,1.09636,1.09852,1.0923,1.09457,240,240,0,COMPLETE,
2022-10-12 04:00:00,1.09456,1.1054,1.09437,1.09727,240,240,0,COMPLETE,
2022-10-12 08:00:00,1.09727,1.10986,1.09702,1.10515,240,240,0,COMPLETE,
2022-10-12 12:00:00,1.10517,1.10989,1.10219,1.10931,240,240,0,COMPLETE,
2022-10-12 16:00:00,1.1093,1.11335,1.10545,1.10936,240,240,0,COMPLETE,
2022-10-12 20:00:00,1.10937,1.11043,1.10844,1.11005,232,240,8,UNEXPECTED_INCOMPLETE,UNEXPECTED
2022-10-13 00:00:00,1.11006,1.112,1.10776,1.10799,240,240,0,COMPLETE,
2022-10-13 04:00:00,1.10798,1.1093,1.10568,1.10884,240,240,0,COMPLETE,
2022-10-13 08:00:00,1.10886,1.12965,1.10723,1.12616,240,240,0,COMPLETE,
2022-10-13 12:00:00,1.12615,1.13667,1.11518,1.13418,240,240,0,COMPLETE,
2022-10-13 16:00:00,1.13421,1.13802,1.13012,1.13167,240,240,0,COMPLETE,
2022-10-13 20:00:00,1.13164,1.13378,1.12975,1.1301,225,240,15,UNEXPECTED_INCOMPLETE,UNEXPECTED
2022-10-14 00:00:00,1.13012,1.1365,1.12896,1.13282,240,240,0,COMPLETE,
2022-10-14 04:00:00,1.13281,1.13347,1.12543,1.1306,240,240,0,COMPLETE,
2022-10-14 08:00:00,1.13057,1.13104,1.1166,1.11942,240,240,0,COMPLETE,
2022-10-14 12:00:00,1.11943,1.12879,1.11575,1.12062,240,240,0,COMPLETE,
2022-10-14 16:00:00,1.12061,1.12252,1.11515,1.11847,240,240,0,COMPLETE,
2022-10-14 20:00:00,1.11845,1.11857,1.11621,1.11788,58,240,182,UNEXPECTED_INCOMPLETE,EXPECTED|UNEXPECTED
2022-10-15 00:00:00,,,,,0,240,240,SESSION_CLOSED_EXPECTED,EXPECTED
2022-10-15 04:00:00,,,,,0,240,240,SESSION_CLOSED_EXPECTED,EXPECTED
2022-10-15 08:00:00,,,,,0,240,240,SESSION_CLOSED_EXPECTED,EXPECTED
2022-10-15 12:00:00,,,,,0,240,240,SESSION_CLOSED_EXPECTED,EXPECTED
2022-10-15 16:00:00,,,,,0,240,240,SESSION_CLOSED_EXPECTED,EXPECTED
2022-10-15 20:00:00,,,,,0,240,240,SESSION_CLOSED_EXPECTED,EXPECTED
2022-10-16 00:00:00,,,,,0,240,240,SESSION_CLOSED_EXPECTED,EXPECTED
2022-10-16 04:00:00,,,,,0,240,240,SESSION_CLOSED_EXPECTED,EXPECTED
2022-10-16 08:00:00,,,,,0,240,240,SESSION_CLOSED_EXPECTED,EXPECTED
2022-10-16 12:00:00,,,,,0,240,240,SESSION_CLOSED_EXPECTED,EXPECTED
2022-10-16 16:00:00,,,,,0,240,240,SESSION_CLOSED_EXPECTED,EXPECTED
2022-10-16 20:00:00,1.12145,1.1248,1.12059,1.12411,169,240,71,EXPECTED_INCOMPLETE,EXPECTED
2022-10-17 00:00:00,1.12413,1.12517,1.12158,1.12334,240,240,0,COMPLETE,
2022-10-17 04:00:00,1.12336,1.13038,1.12156,1.12576,240,240,0,COMPLETE,
2022-10-17 08:00:00,1.12578,1.13312,1.12236,1.12949,240,240,0,COMPLETE,
2022-10-17 12:00:00,1.12948,1.14388,1.12878,1.14248,240,240,0,COMPLETE,
2022-10-17 16:00:00,1.14247,1.14303,1.13435,1.13493,240,240,0,COMPLETE,
2022-10-17 20:00:00,1.13492,1.13686,1.13465,1.13515,236,240,4,UNEXPECTED_INCOMPLETE,UNEXPECTED
2022-10-18 00:00:00,1.13517,1.13756,1.13309,1.13726,240,240,0,COMPLETE,
2022-10-18 04:00:00,1.13729,1.14095,1.13008,1.13545,240,240,0,COMPLETE,
2022-10-18 08:00:00,1.13546,1.13605,1.12545,1.13081,240,240,0,COMPLETE,
2022-10-18 12:00:00,1.13079,1.13462,1.12797,1.13052,240,240,0,COMPLETE,
2022-10-18 16:00:00,1.1305,1.13331,1.12798,1.13258,240,240,0,COMPLETE,
2022-10-18 20:00:00,1.13259,1.13574,1.13117,1.13419,236,240,4,UNEXPECTED_INCOMPLETE,UNEXPECTED
2022-10-19 00:00:00,1.13422,1.13504,1.13281,1.13339,240,240,0,COMPLETE,
2022-10-19 04:00:00,1.13338,1.13368,1.12583,1.12776,240,240,0,COMPLETE,
2022-10-19 08:00:00,1.12775,1.12857,1.12214,1.12467,240,240,0,COMPLETE,
2022-10-19 12:00:00,1.12465,1.12779,1.12215,1.12304,240,240,0,COMPLETE,
2022-10-19 16:00:00,1.12302,1.12368,1.11847,1.1226,240,240,0,COMPLETE,
2022-10-19 20:00:00,1.12258,1.12269,1.1201,1.12064,237,240,3,UNEXPECTED_INCOMPLETE,UNEXPECTED
2022-10-20 00:00:00,1.12066,1.12219,1.11906,1.12011,240,240,0,COMPLETE,
2022-10-20 04:00:00,1.12007,1.12394,1.11958,1.12162,240,240,0,COMPLETE,
2022-10-20 08:00:00,1.12165,1.12639,1.11708,1.12523,240,240,0,COMPLETE,
2022-10-20 12:00:00,1.12521,1.13362,1.12417,1.12855,240,240,0,COMPLETE,
2022-10-20 16:00:00,1.12857,1.12871,1.12024,1.12223,240,240,0,COMPLETE,
2022-10-20 20:00:00,1.12224,1.12357,1.12142,1.1221,236,240,4,UNEXPECTED_INCOMPLETE,UNEXPECTED
2022-10-21 00:00:00,1.12213,1.12262,1.11943,1.11997,240,240,0,COMPLETE,
2022-10-21 04:00:00,1.11996,1.1222,1.11721,1.11785,240,240,0,COMPLETE,
2022-10-21 08:00:00,1.11783,1.11796,1.10999,1.11089,240,240,0,COMPLETE,
2022-10-21 12:00:00,1.11091,1.12951,1.10601,1.1289,240,240,0,COMPLETE,
2022-10-21 16:00:00,1.12888,1.13111,1.12176,1.13012,240,240,0,COMPLETE,
2022-10-21 20:00:00,1.13011,1.13144,1.12928,1.12964,59,240,181,EXPECTED_INCOMPLETE,EXPECTED
2022-10-22 00:00:00,,,,,0,240,240,SESSION_CLOSED_EXPECTED,EXPECTED
2022-10-22 04:00:00,,,,,0,240,240,SESSION_CLOSED_EXPECTED,EXPECTED
2022-10-22 08:00:00,,,,,0,240,240,SESSION_CLOSED_EXPECTED,EXPECTED
2022-10-22 12:00:00,,,,,0,240,240,SESSION_CLOSED_EXPECTED,EXPECTED
2022-10-22 16:00:00,,,,,0,240,240,SESSION_CLOSED_EXPECTED,EXPECTED
2022-10-22 20:00:00,,,,,0,240,240,SESSION_CLOSED_EXPECTED,EXPECTED
2022-10-23 00:00:00,,,,,0,240,240,SESSION_CLOSED_EXPECTED,EXPECTED
2022-10-23 04:00:00,,,,,0,240,240,SESSION_CLOSED_EXPECTED,EXPECTED
2022-10-23 08:00:00,,,,,0,240,240,SESSION_CLOSED_EXPECTED,EXPECTED
2022-10-23 12:00:00,,,,,0,240,240,SESSION_CLOSED_EXPECTED,EXPECTED
2022-10-23 16:00:00,,,,,0,240,240,SESSION_CLOSED_EXPECTED,EXPECTED
2022-10-23 20:00:00,1.13733,1.14065,1.13068,1.13356,173,240,67,EXPECTED_INCOMPLETE,EXPECTED
2022-10-24 00:00:00,1.13357,1.13548,1.12999,1.13051,240,240,0,COMPLETE,
2022-10-24 04:00:00,1.1305,1.13822,1.1305,1.13256,240,240,0,COMPLETE,
2022-10-24 08:00:00,1.13255,1.13481,1.12732,1.13086,240,240,0,COMPLETE,
2022-10-24 12:00:00,1.13085,1.13436,1.12715,1.1292,240,240,0,COMPLETE,
2022-10-24 16:00:00,1.12919,1.12999,1.12576,1.12789,240,240,0,COMPLETE,
2022-10-24 20:00:00,1.12787,1.13155,1.12707,1.13053,235,240,5,UNEXPECTED_INCOMPLETE,UNEXPECTED
2022-10-25 00:00:00,1.13056,1.1325,1.12925,1.13014,240,240,0,COMPLETE,
2022-10-25 04:00:00,1.13012,1.13055,1.12703,1.12933,240,240,0,COMPLETE,
2022-10-25 08:00:00,1.12932,1.13401,1.12907,1.1313,240,240,0,COMPLETE,
2022-10-25 12:00:00,1.13129,1.14989,1.1305,1.14671,240,240,0,COMPLETE,
2022-10-25 16:00:00,1.14671,1.14882,1.14597,1.14706,240,240,0,COMPLETE,
2022-10-25 20:00:00,1.14707,1.1478,1.14491,1.14582,235,240,5,UNEXPECTED_INCOMPLETE,UNEXPECTED
2022-10-26 00:00:00,1.14584,1.14676,1.14302,1.14584,240,240,0,COMPLETE,
2022-10-26 04:00:00,1.14585,1.15769,1.14448,1.15686,240,240,0,COMPLETE,
2022-10-26 08:00:00,1.15688,1.16194,1.15473,1.15629,240,240,0,COMPLETE,
2022-10-26 12:00:00,1.15628,1.16252,1.15438,1.16133,240,240,0,COMPLETE,
2022-10-26 16:00:00,1.16131,1.16383,1.15973,1.16267,240,240,0,COMPLETE,
2022-10-26 20:00:00,1.16268,1.16399,1.1609,1.16385,239,240,1,UNEXPECTED_INCOMPLETE,UNEXPECTED
2022-10-27 00:00:00,1.16386,1.16451,1.16047,1.16105,240,240,0,COMPLETE,
2022-10-27 04:00:00,1.16103,1.16359,1.15851,1.15924,240,240,0,COMPLETE,
2022-10-27 08:00:00,1.15925,1.16089,1.1548,1.15829,240,240,0,COMPLETE,
2022-10-27 12:00:00,1.15827,1.1634,1.15488,1.15718,240,240,0,COMPLETE,
2022-10-27 16:00:00,1.15719,1.16015,1.15575,1.1575,240,240,0,COMPLETE,
2022-10-27 20:00:00,1.15749,1.15766,1.15559,1.1564,221,240,19,UNEXPECTED_INCOMPLETE,UNEXPECTED
2022-10-28 00:00:00,1.15642,1.15941,1.15435,1.15807,240,240,0,COMPLETE,
2022-10-28 04:00:00,1.15808,1.15833,1.1508,1.15152,240,240,0,COMPLETE,
2022-10-28 08:00:00,1.15154,1.15744,1.15029,1.1552,240,240,0,COMPLETE,
2022-10-28 12:00:00,1.15518,1.15998,1.15215,1.15715,240,240,0,COMPLETE,
2022-10-28 16:00:00,1.15713,1.16232,1.15561,1.16172,240,240,0,COMPLETE,
2022-10-28 20:00:00,1.1617,1.16215,1.16085,1.16144,58,240,182,UNEXPECTED_INCOMPLETE,EXPECTED|UNEXPECTED
2022-10-29 00:00:00,,,,,0,240,240,SESSION_CLOSED_EXPECTED,EXPECTED
2022-10-29 04:00:00,,,,,0,240,240,SESSION_CLOSED_EXPECTED,EXPECTED
2022-10-29 08:00:00,,,,,0,240,240,SESSION_CLOSED_EXPECTED,EXPECTED
2022-10-29 12:00:00,,,,,0,240,240,SESSION_CLOSED_EXPECTED,EXPECTED
2022-10-29 16:00:00,,,,,0,240,240,SESSION_CLOSED_EXPECTED,EXPECTED
2022-10-29 20:00:00,,,,,0,240,240,SESSION_CLOSED_EXPECTED,EXPECTED
2022-10-30 00:00:00,,,,,0,240,240,SESSION_CLOSED_EXPECTED,EXPECTED
2022-10-30 04:00:00,,,,,0,240,240,SESSION_CLOSED_EXPECTED,EXPECTED
2022-10-30 08:00:00,,,,,0,240,240,SESSION_CLOSED_EXPECTED,EXPECTED
2022-10-30 12:00:00,,,,,0,240,240,SESSION_CLOSED_EXPECTED,EXPECTED
2022-10-30 16:00:00,,,,,0,240,240,SESSION_CLOSED_EXPECTED,EXPECTED
2022-10-30 20:00:00,1.15853,1.16044,1.15816,1.15945,162,240,78,EXPECTED_INCOMPLETE,EXPECTED
2022-10-31 00:00:00,1.15946,1.16132,1.15854,1.16054,240,240,0,COMPLETE,
2022-10-31 04:00:00,1.16056,1.16088,1.15742,1.15773,240,240,0,COMPLETE,
2022-10-31 08:00:00,1.1577,1.15778,1.15151,1.15399,240,240,0,COMPLETE,
2022-10-31 12:00:00,1.15402,1.15413,1.14753,1.15129,240,240,0,COMPLETE,
2022-10-31 16:00:00,1.15128,1.15158,1.146,1.14673,240,240,0,COMPLETE,
2022-10-31 20:00:00,1.14675,1.14743,1.14579,1.1467,231,240,9,UNEXPECTED_INCOMPLETE,UNEXPECTED
2022-11-01 00:00:00,1.14672,1.15151,1.14639,1.15064,240,240,0,COMPLETE,
2022-11-01 04:00:00,1.15066,1.1549,1.14953,1.15176,240,240,0,COMPLETE,
2022-11-01 08:00:00,1.15177,1.15539,1.15126,1.1549,240,240,0,COMPLETE,
2022-11-01 12:00:00,1.1549,1.15657,1.14442,1.1459,240,240,0,COMPLETE,
2022-11-01 16:00:00,1.14587,1.15079,1.14367,1.1483,240,240,0,COMPLETE,
2022-11-01 20:00:00,1.14828,1.14924,1.14727,1.14881,235,240,5,UNEXPECTED_INCOMPLETE,UNEXPECTED
2022-11-02 00:00:00,1.14883,1.15264,1.14858,1.15152,240,240,0,COMPLETE,
2022-11-02 04:00:00,1.15154,1.15222,1.14844,1.14936,240,240,0,COMPLETE,
2022-11-02 08:00:00,1.14935,1.15238,1.14852,1.15017,240,240,0,COMPLETE,
2022-11-02 12:00:00,1.15016,1.15156,1.14564,1.14656,240,240,0,COMPLETE,
2022-11-02 16:00:00,1.14655,1.15644,1.13946,1.1395,240,240,0,COMPLETE,
2022-11-02 20:00:00,1.13949,1.14005,1.13748,1.13831,235,240,5,UNEXPECTED_INCOMPLETE,UNEXPECTED
2022-11-03 00:00:00,1.13833,1.14215,1.13748,1.14159,240,240,0,COMPLETE,
2022-11-03 04:00:00,1.14161,1.14202,1.1328,1.13447,240,240,0,COMPLETE,
2022-11-03 08:00:00,1.13448,1.13448,1.12281,1.12481,240,240,0,COMPLETE,
2022-11-03 12:00:00,1.12494,1.128,1.11563,1.11813,240,240,0,COMPLETE,
2022-11-03 16:00:00,1.11811,1.12027,1.1154,1.1164,240,240,0,COMPLETE,
2022-11-03 20:00:00,1.11642,1.11712,1.11477,1.11697,239,240,1,UNEXPECTED_INCOMPLETE,UNEXPECTED
2022-11-04 00:00:00,1.117,1.12143,1.11682,1.12093,240,240,0,COMPLETE,
2022-11-04 04:00:00,1.1209,1.12406,1.11904,1.1201,240,240,0,COMPLETE,
2022-11-04 08:00:00,1.12008,1.12491,1.12006,1.1211,240,240,0,COMPLETE,
2022-11-04 12:00:00,1.12113,1.13369,1.11454,1.12771,240,240,0,COMPLETE,
2022-11-04 16:00:00,1.12774,1.13819,1.12623,1.1373,240,240,0,COMPLETE,
2022-11-04 20:00:00,1.13729,1.1381,1.13697,1.13738,59,240,181,EXPECTED_INCOMPLETE,EXPECTED
2022-11-05 00:00:00,,,,,0,240,240,SESSION_CLOSED_EXPECTED,EXPECTED
2022-11-05 04:00:00,,,,,0,240,240,SESSION_CLOSED_EXPECTED,EXPECTED
2022-11-05 08:00:00,,,,,0,240,240,SESSION_CLOSED_EXPECTED,EXPECTED
2022-11-05 12:00:00,,,,,0,240,240,SESSION_CLOSED_EXPECTED,EXPECTED
2022-11-05 16:00:00,,,,,0,240,240,SESSION_CLOSED_EXPECTED,EXPECTED
2022-11-05 20:00:00,,,,,0,240,240,SESSION_CLOSED_EXPECTED,EXPECTED
2022-11-06 00:00:00,,,,,0,240,240,SESSION_CLOSED_EXPECTED,EXPECTED
2022-11-06 04:00:00,,,,,0,240,240,SESSION_CLOSED_EXPECTED,EXPECTED
2022-11-06 08:00:00,,,,,0,240,240,SESSION_CLOSED_EXPECTED,EXPECTED
2022-11-06 12:00:00,,,,,0,240,240,SESSION_CLOSED_EXPECTED,EXPECTED
2022-11-06 16:00:00,,,,,0,240,240,SESSION_CLOSED_EXPECTED,EXPECTED
2022-11-06 20:00:00,1.1309,1.13394,1.13042,1.13296,106,240,134,EXPECTED_INCOMPLETE,EXPECTED
2022-11-07 00:00:00,1.13303,1.13432,1.13053,1.13301,240,240,0,COMPLETE,
2022-11-07 04:00:00,1.13297,1.13495,1.12902,1.13031,240,240,0,COMPLETE,
2022-11-07 08:00:00,1.13027,1.14762,1.12966,1.14445,240,240,0,COMPLETE,
2022-11-07 12:00:00,1.14444,1.14842,1.14263,1.14655,239,240,1,UNEXPECTED_INCOMPLETE,UNEXPECTED
2022-11-07 16:00:00,1.14656,1.15412,1.1449,1.15319,240,240,0,COMPLETE,
2022-11-07 20:00:00,1.15321,1.15379,1.15018,1.15124,234,240,6,UNEXPECTED_INCOMPLETE,UNEXPECTED
2022-11-08 00:00:00,1.15122,1.1536,1.14969,1.15104,240,240,0,COMPLETE,
2022-11-08 04:00:00,1.15107,1.15132,1.14596,1.14695,240,240,0,COMPLETE,
2022-11-08 08:00:00,1.14697,1.14939,1.14434,1.1465,240,240,0,COMPLETE,
2022-11-08 12:00:00,1.14649,1.15728,1.14286,1.15633,240,240,0,COMPLETE,
2022-11-08 16:00:00,1.15634,1.15987,1.15123,1.15348,240,240,0,COMPLETE,
2022-11-08 20:00:00,1.15346,1.15563,1.15324,1.15513,234,240,6,UNEXPECTED_INCOMPLETE,UNEXPECTED
2022-11-09 00:00:00,1.15511,1.15592,1.15226,1.1546,240,240,0,COMPLETE,
2022-11-09 04:00:00,1.15459,1.15516,1.15167,1.1523,240,240,0,COMPLETE,
2022-11-09 08:00:00,1.15232,1.15668,1.14178,1.14619,240,240,0,COMPLETE,
2022-11-09 12:00:00,1.14621,1.1471,1.13553,1.13752,240,240,0,COMPLETE,
2022-11-09 16:00:00,1.13754,1.14218,1.13334,1.13425,240,240,0,COMPLETE,
2022-11-09 20:00:00,1.13423,1.13675,1.13417,1.13674,236,240,4,UNEXPECTED_INCOMPLETE,UNEXPECTED
2022-11-10 00:00:00,1.13673,1.14091,1.13646,1.14041,240,240,0,COMPLETE,
2022-11-10 04:00:00,1.14039,1.14122,1.13647,1.13828,240,240,0,COMPLETE,
2022-11-10 08:00:00,1.13829,1.14057,1.13628,1.1374,240,240,0,COMPLETE,
2022-11-10 12:00:00,1.13742,1.16861,1.13727,1.16796,240,240,0,COMPLETE,
2022-11-10 16:00:00,1.16795,1.16963,1.16269,1.16961,240,240,0,COMPLETE,
2022-11-10 20:00:00,1.16958,1.17311,1.16864,1.1694,239,240,1,UNEXPECTED_INCOMPLETE,UNEXPECTED
2022-11-11 00:00:00,1.16939,1.17028,1.16469,1.16731,240,240,0,COMPLETE,
2022-11-11 04:00:00,1.16727,1.17585,1.16589,1.17456,240,240,0,COMPLETE,
2022-11-11 08:00:00,1.17454,1.17735,1.17102,1.17603,240,240,0,COMPLETE,
2022-11-11 12:00:00,1.17601,1.17961,1.17089,1.17757,240,240,0,COMPLETE,
2022-11-11 16:00:00,1.17758,1.18542,1.17604,1.1853,240,240,0,COMPLETE,
2022-11-11 20:00:00,1.18527,1.18537,1.1827,1.18334,119,240,121,EXPECTED_INCOMPLETE,EXPECTED
2022-11-12 00:00:00,,,,,0,240,240,SESSION_CLOSED_EXPECTED,EXPECTED
2022-11-12 04:00:00,,,,,0,240,240,SESSION_CLOSED_EXPECTED,EXPECTED
2022-11-12 08:00:00,,,,,0,240,240,SESSION_CLOSED_EXPECTED,EXPECTED
2022-11-12 12:00:00,,,,,0,240,240,SESSION_CLOSED_EXPECTED,EXPECTED
2022-11-12 16:00:00,,,,,0,240,240,SESSION_CLOSED_EXPECTED,EXPECTED
2022-11-12 20:00:00,,,,,0,240,240,SESSION_CLOSED_EXPECTED,EXPECTED
2022-11-13 00:00:00,,,,,0,240,240,SESSION_CLOSED_EXPECTED,EXPECTED
2022-11-13 04:00:00,,,,,0,240,240,SESSION_CLOSED_EXPECTED,EXPECTED
2022-11-13 08:00:00,,,,,0,240,240,SESSION_CLOSED_EXPECTED,EXPECTED
2022-11-13 12:00:00,,,,,0,240,240,SESSION_CLOSED_EXPECTED,EXPECTED
2022-11-13 16:00:00,,,,,0,240,240,SESSION_CLOSED_EXPECTED,EXPECTED
2022-11-13 20:00:00,1.18081,1.18086,1.17644,1.17964,109,240,131,EXPECTED_INCOMPLETE,EXPECTED
2022-11-14 00:00:00,1.17961,1.18174,1.17731,1.17763,240,240,0,COMPLETE,
2022-11-14 04:00:00,1.17765,1.17894,1.1743,1.17891,240,240,0,COMPLETE,
2022-11-14 08:00:00,1.17892,1.18286,1.1746,1.17698,240,240,0,COMPLETE,
2022-11-14 12:00:00,1.17697,1.18127,1.17096,1.17303,240,240,0,COMPLETE,
2022-11-14 16:00:00,1.17302,1.18022,1.17135,1.17792,240,240,0,COMPLETE,
2022-11-14 20:00:00,1.17791,1.17853,1.17418,1.1751,238,240,2,UNEXPECTED_INCOMPLETE,UNEXPECTED
2022-11-15 00:00:00,1.17512,1.17736,1.17406,1.17656,240,240,0,COMPLETE,
2022-11-15 04:00:00,1.17658,1.18371,1.17544,1.18301,240,240,0,COMPLETE,
2022-11-15 08:00:00,1.18303,1.18818,1.18081,1.18714,240,240,0,COMPLETE,
2022-11-15 12:00:00,1.18718,1.20263,1.18545,1.18955,240,240,0,COMPLETE,
2022-11-15 16:00:00,1.18956,1.19032,1.17903,1.18742,240,240,0,COMPLETE,
2022-11-15 20:00:00,1.18744,1.18854,1.18475,1.1879,235,240,5,UNEXPECTED_INCOMPLETE,UNEXPECTED
2022-11-16 00:00:00,1.18791,1.18869,1.18326,1.18476,240,240,0,COMPLETE,
2022-11-16 04:00:00,1.18473,1.19014,1.1831,1.18923,240,240,0,COMPLETE,
2022-11-16 08:00:00,1.18925,1.19418,1.1856,1.19019,240,240,0,COMPLETE,
2022-11-16 12:00:00,1.1902,1.19159,1.18316,1.18911,240,240,0,COMPLETE,
2022-11-16 16:00:00,1.18912,1.19153,1.18657,1.19109,240,240,0,COMPLETE,
2022-11-16 20:00:00,1.19106,1.19244,1.1901,1.19135,235,240,5,UNEXPECTED_INCOMPLETE,UNEXPECTED
2022-11-17 00:00:00,1.19136,1.1919,1.18661,1.18779,240,240,0,COMPLETE,
2022-11-17 04:00:00,1.18781,1.19368,1.18769,1.19338,240,240,0,COMPLETE,
2022-11-17 08:00:00,1.1934,1.19574,1.1801,1.1851,240,240,0,COMPLETE,
2022-11-17 12:00:00,1.18511,1.18723,1.17621,1.17772,240,240,0,COMPLETE,
2022-11-17 16:00:00,1.17774,1.18642,1.17653,1.18514,240,240,0,COMPLETE,
2022-11-17 20:00:00,1.18515,1.18679,1.18419,1.18582,233,240,7,UNEXPECTED_INCOMPLETE,UNEXPECTED
2022-11-18 00:00:00,1.18584,1.19311,1.18581,1.19189,240,240,0,COMPLETE,
2022-11-18 04:00:00,1.1919,1.1923,1.18813,1.19173,240,240,0,COMPLETE,
2022-11-18 08:00:00,1.19175,1.19503,1.18822,1.19102,240,240,0,COMPLETE,
2022-11-18 12:00:00,1.19101,1.19407,1.18733,1.19291,240,240,0,COMPLETE,
2022-11-18 16:00:00,1.19289,1.19334,1.18726,1.18901,240,240,0,COMPLETE,
2022-11-18 20:00:00,1.18903,1.19005,1.1879,1.18844,119,240,121,EXPECTED_INCOMPLETE,EXPECTED
2022-11-19 00:00:00,,,,,0,240,240,SESSION_CLOSED_EXPECTED,EXPECTED
2022-11-19 04:00:00,,,,,0,240,240,SESSION_CLOSED_EXPECTED,EXPECTED
2022-11-19 08:00:00,,,,,0,240,240,SESSION_CLOSED_EXPECTED,EXPECTED
2022-11-19 12:00:00,,,,,0,240,240,SESSION_CLOSED_EXPECTED,EXPECTED
2022-11-19 16:00:00,,,,,0,240,240,SESSION_CLOSED_EXPECTED,EXPECTED
2022-11-19 20:00:00,,,,,0,240,240,SESSION_CLOSED_EXPECTED,EXPECTED
2022-11-20 00:00:00,,,,,0,240,240,SESSION_CLOSED_EXPECTED,EXPECTED
2022-11-20 04:00:00,,,,,0,240,240,SESSION_CLOSED_EXPECTED,EXPECTED
2022-11-20 08:00:00,,,,,0,240,240,SESSION_CLOSED_EXPECTED,EXPECTED
2022-11-20 12:00:00,,,,,0,240,240,SESSION_CLOSED_EXPECTED,EXPECTED
2022-11-20 16:00:00,,,,,0,240,240,SESSION_CLOSED_EXPECTED,EXPECTED
2022-11-20 20:00:00,1.189,1.1895,1.18789,1.18848,87,240,153,EXPECTED_INCOMPLETE,EXPECTED
2022-11-21 00:00:00,1.18849,1.18859,1.1836,1.1854,240,240,0,COMPLETE,
2022-11-21 04:00:00,1.18542,1.18558,1.1807,1.1818,240,240,0,COMPLETE,
2022-11-21 08:00:00,1.18178,1.18381,1.17926,1.18087,240,240,0,COMPLETE,
2022-11-21 12:00:00,1.18086,1.1827,1.17798,1.17842,240,240,0,COMPLETE,
2022-11-21 16:00:00,1.17838,1.18238,1.17781,1.18149,240,240,0,COMPLETE,
2022-11-21 20:00:00,1.18147,1.18259,1.18047,1.18259,216,240,24,UNEXPECTED_INCOMPLETE,UNEXPECTED
2022-11-22 00:00:00,1.18261,1.18633,1.18218,1.18574,240,240,0,COMPLETE,
2022-11-22 04:00:00,1.18573,1.18573,1.18244,1.18469,240,240,0,COMPLETE,
2022-11-22 08:00:00,1.18472,1.18837,1.18281,1.18757,240,240,0,COMPLETE,
2022-11-22 12:00:00,1.18755,1.19025,1.18658,1.1879,240,240,0,COMPLETE,
2022-11-22 16:00:00,1.18793,1.18936,1.18553,1.18833,239,240,1,UNEXPECTED_INCOMPLETE,UNEXPECTED
2022-11-22 20:00:00,1.18834,1.1893,1.18786,1.1893,212,240,28,UNEXPECTED_INCOMPLETE,UNEXPECTED
2022-11-23 00:00:00,1.18929,1.19093,1.18754,1.18789,240,240,0,COMPLETE,
2022-11-23 04:00:00,1.18787,1.19115,1.18722,1.19036,240,240,0,COMPLETE,
2022-11-23 08:00:00,1.19033,1.19457,1.18739,1.19384,240,240,0,COMPLETE,
2022-11-23 12:00:00,1.19383,1.20804,1.19275,1.20662,240,240,0,COMPLETE,
2022-11-23 16:00:00,1.20661,1.2074,1.20194,1.2065,240,240,0,COMPLETE,
2022-11-23 20:00:00,1.20652,1.20764,1.20432,1.20764,236,240,4,UNEXPECTED_INCOMPLETE,UNEXPECTED
2022-11-24 00:00:00,1.20763,1.2105,1.20582,1.21025,240,240,0,COMPLETE,
2022-11-24 04:00:00,1.21022,1.21127,1.20786,1.2082,240,240,0,COMPLETE,
2022-11-24 08:00:00,1.20818,1.21311,1.20595,1.2126,240,240,0,COMPLETE,
2022-11-24 12:00:00,1.21258,1.21531,1.21035,1.214,240,240,0,COMPLETE,
2022-11-24 16:00:00,1.21402,1.21415,1.21097,1.21181,219,240,21,UNEXPECTED_INCOMPLETE,UNEXPECTED
2022-11-24 20:00:00,1.21173,1.21194,1.21022,1.21119,218,240,22,UNEXPECTED_INCOMPLETE,UNEXPECTED
2022-11-25 00:00:00,1.21118,1.21157,1.20966,1.21107,240,240,0,COMPLETE,
2022-11-25 04:00:00,1.2111,1.21271,1.20895,1.2091,240,240,0,COMPLETE,
2022-11-25 08:00:00,1.20907,1.21195,1.20722,1.20858,240,240,0,COMPLETE,
2022-11-25 12:00:00,1.20859,1.21007,1.20578,1.20944,240,240,0,COMPLETE,
2022-11-25 16:00:00,1.20943,1.21106,1.20713,1.20945,238,240,2,UNEXPECTED_INCOMPLETE,UNEXPECTED
2022-11-25 20:00:00,1.20935,1.20998,1.2083,1.20897,119,240,121,EXPECTED_INCOMPLETE,EXPECTED
2022-11-26 00:00:00,,,,,0,240,240,SESSION_CLOSED_EXPECTED,EXPECTED
2022-11-26 04:00:00,,,,,0,240,240,SESSION_CLOSED_EXPECTED,EXPECTED
2022-11-26 08:00:00,,,,,0,240,240,SESSION_CLOSED_EXPECTED,EXPECTED
2022-11-26 12:00:00,,,,,0,240,240,SESSION_CLOSED_EXPECTED,EXPECTED
2022-11-26 16:00:00,,,,,0,240,240,SESSION_CLOSED_EXPECTED,EXPECTED
2022-11-26 20:00:00,,,,,0,240,240,SESSION_CLOSED_EXPECTED,EXPECTED
2022-11-27 00:00:00,,,,,0,240,240,SESSION_CLOSED_EXPECTED,EXPECTED
2022-11-27 04:00:00,,,,,0,240,240,SESSION_CLOSED_EXPECTED,EXPECTED
2022-11-27 08:00:00,,,,,0,240,240,SESSION_CLOSED_EXPECTED,EXPECTED
2022-11-27 12:00:00,,,,,0,240,240,SESSION_CLOSED_EXPECTED,EXPECTED
2022-11-27 16:00:00,,,,,0,240,240,SESSION_CLOSED_EXPECTED,EXPECTED
2022-11-27 20:00:00,1.2064,1.20646,1.20464,1.2053,105,240,135,EXPECTED_INCOMPLETE,EXPECTED
2022-11-28 00:00:00,1.20535,1.20745,1.20254,1.20463,240,240,0,COMPLETE,
2022-11-28 04:00:00,1.2046,1.20819,1.20426,1.20651,240,240,0,COMPLETE,
2022-11-28 08:00:00,1.2065,1.21177,1.20525,1.20941,240,240,0,COMPLETE,
2022-11-28 12:00:00,1.20945,1.21002,1.20294,1.20376,240,240,0,COMPLETE,
2022-11-28 16:00:00,1.20374,1.20413,1.19501,1.19516,240,240,0,COMPLETE,
2022-11-28 20:00:00,1.19518,1.19632,1.19399,1.19589,229,240,11,UNEXPECTED_INCOMPLETE,UNEXPECTED
2022-11-29 00:00:00,1.1959,1.20108,1.19524,1.2003,240,240,0,COMPLETE,
2022-11-29 04:00:00,1.20032,1.20389,1.19799,1.20339,240,240,0,COMPLETE,
2022-11-29 08:00:00,1.2034,1.2064,1.19795,1.20258,240,240,0,COMPLETE,
2022-11-29 12:00:00,1.20256,1.20345,1.19521,1.19993,240,240,0,COMPLETE,
2022-11-29 16:00:00,1.19992,1.20021,1.19448,1.19524,240,240,0,COMPLETE,
2022-11-29 20:00:00,1.19521,1.19535,1.19382,1.1945,231,240,9,UNEXPECTED_INCOMPLETE,UNEXPECTED
2022-11-30 00:00:00,1.19452,1.19902,1.19416,1.19782,240,240,0,COMPLETE,
2022-11-30 04:00:00,1.1978,1.1993,1.19486,1.19662,240,240,0,COMPLETE,
2022-11-30 08:00:00,1.1966,1.20289,1.19539,1.20108,240,240,0,COMPLETE,
2022-11-30 12:00:00,1.2011,1.20248,1.19075,1.19112,240,240,0,COMPLETE,
2022-11-30 16:00:00,1.1911,1.20598,1.19001,1.20572,240,240,0,COMPLETE,
2022-11-30 20:00:00,1.20574,1.20865,1.20453,1.20746,237,240,3,UNEXPECTED_INCOMPLETE,UNEXPECTED
2022-12-01 00:00:00,1.20745,1.21042,1.20728,1.20896,240,240,0,COMPLETE,
2022-12-01 04:00:00,1.20894,1.21181,1.20691,1.20747,240,240,0,COMPLETE,
2022-12-01 08:00:00,1.20751,1.21659,1.20748,1.21637,240,240,0,COMPLETE,
2022-12-01 12:00:00,1.21639,1.23103,1.21629,1.22671,240,240,0,COMPLETE,
2022-12-01 16:00:00,1.22674,1.22756,1.22248,1.22588,240,240,0,COMPLETE,
2022-12-01 20:00:00,1.22589,1.22756,1.22387,1.2258,232,240,8,UNEXPECTED_INCOMPLETE,UNEXPECTED
2022-12-02 00:00:00,1.22578,1.22578,1.22302,1.22503,240,240,0,COMPLETE,
2022-12-02 04:00:00,1.22501,1.22674,1.22244,1.22612,240,240,0,COMPLETE,
2022-12-02 08:00:00,1.22615,1.22974,1.22469,1.22771,240,240,0,COMPLETE,
2022-12-02 12:00:00,1.2277,1.22936,1.21343,1.22158,240,240,0,COMPLETE,
2022-12-02 16:00:00,1.22156,1.22995,1.22074,1.22881,240,240,0,COMPLETE,
2022-12-02 20:00:00,1.22883,1.22985,1.22761,1.22916,119,240,121,EXPECTED_INCOMPLETE,EXPECTED
2022-12-03 00:00:00,,,,,0,240,240,SESSION_CLOSED_EXPECTED,EXPECTED
2022-12-03 04:00:00,,,,,0,240,240,SESSION_CLOSED_EXPECTED,EXPECTED
2022-12-03 08:00:00,,,,,0,240,240,SESSION_CLOSED_EXPECTED,EXPECTED
2022-12-03 12:00:00,,,,,0,240,240,SESSION_CLOSED_EXPECTED,EXPECTED
2022-12-03 16:00:00,,,,,0,240,240,SESSION_CLOSED_EXPECTED,EXPECTED
2022-12-03 20:00:00,,,,,0,240,240,SESSION_CLOSED_EXPECTED,EXPECTED
2022-12-04 00:00:00,,,,,0,240,240,SESSION_CLOSED_EXPECTED,EXPECTED
2022-12-04 04:00:00,,,,,0,240,240,SESSION_CLOSED_EXPECTED,EXPECTED
2022-12-04 08:00:00,,,,,0,240,240,SESSION_CLOSED_EXPECTED,EXPECTED
2022-12-04 12:00:00,,,,,0,240,240,SESSION_CLOSED_EXPECTED,EXPECTED
2022-12-04 16:00:00,,,,,0,240,240,SESSION_CLOSED_EXPECTED,EXPECTED
2022-12-04 20:00:00,1.22761,1.22961,1.22694,1.22957,100,240,140,EXPECTED_INCOMPLETE,EXPECTED
2022-12-05 00:00:00,1.22954,1.23412,1.22874,1.23372,240,240,0,COMPLETE,
2022-12-05 04:00:00,1.23371,1.23441,1.22854,1.22948,240,240,0,COMPLETE,
2022-12-05 08:00:00,1.22951,1.22997,1.22322,1.22759,240,240,0,COMPLETE,
2022-12-05 12:00:00,1.22758,1.23198,1.21875,1.22147,240,240,0,COMPLETE,
2022-12-05 16:00:00,1.22146,1.22233,1.21612,1.21732,240,240,0,COMPLETE,
2022-12-05 20:00:00,1.21734,1.21964,1.21651,1.21914,233,240,7,UNEXPECTED_INCOMPLETE,UNEXPECTED
2022-12-06 00:00:00,1.21917,1.22235,1.21917,1.2197,240,240,0,COMPLETE,
2022-12-06 04:00:00,1.21972,1.22086,1.21663,1.22018,240,240,0,COMPLETE,
2022-12-06 08:00:00,1.22019,1.22225,1.21578,1.22143,240,240,0,COMPLETE,
2022-12-06 12:00:00,1.22142,1.22408,1.21522,1.22195,240,240,0,COMPLETE,
2022-12-06 16:00:00,1.22198,1.2269,1.21366,1.21421,240,240,0,COMPLETE,
2022-12-06 20:00:00,1.21423,1.21472,1.21229,1.21321,236,240,4,UNEXPECTED_INCOMPLETE,UNEXPECTED
2022-12-07 00:00:00,1.2132,1.21497,1.21211,1.21387,240,240,0,COMPLETE,
2022-12-07 04:00:00,1.21388,1.21442,1.21056,1.21318,240,240,0,COMPLETE,
2022-12-07 08:00:00,1.21317,1.21863,1.21143,1.21481,240,240,0,COMPLETE,
2022-12-07 12:00:00,1.21479,1.22259,1.21392,1.21953,240,240,0,COMPLETE,
2022-12-07 16:00:00,1.21952,1.22341,1.21718,1.22135,240,240,0,COMPLETE,
2022-12-07 20:00:00,1.22133,1.22189,1.21968,1.22079,231,240,9,UNEXPECTED_INCOMPLETE,UNEXPECTED
2022-12-08 00:00:00,1.22092,1.22132,1.21798,1.2195,240,240,0,COMPLETE,
2022-12-08 04:00:00,1.21949,1.22143,1.21778,1.22011,240,240,0,COMPLETE,
2022-12-08 08:00:00,1.22012,1.22063,1.21538,1.21736,240,240,0,COMPLETE,
2022-12-08 12:00:00,1.21733,1.22467,1.21622,1.22173,240,240,0,COMPLETE,
2022-12-08 16:00:00,1.22171,1.2247,1.22053,1.22428,240,240,0,COMPLETE,
2022-12-08 20:00:00,1.22424,1.22424,1.22213,1.22336,226,240,14,UNEXPECTED_INCOMPLETE,UNEXPECTED
2022-12-09 00:00:00,1.22333,1.22761,1.22263,1.22736,240,240,0,COMPLETE,
2022-12-09 04:00:00,1.22736,1.22766,1.22517,1.22555,240,240,0,COMPLETE,
2022-12-09 08:00:00,1.22553,1.22757,1.22314,1.22641,240,240,0,COMPLETE,
2022-12-09 12:00:00,1.22641,1.22996,1.22043,1.22945,240,240,0,COMPLETE,
2022-12-09 16:00:00,1.22944,1.23222,1.22682,1.22721,240,240,0,COMPLETE,
2022-12-09 20:00:00,1.22718,1.22753,1.2252,1.2264,119,240,121,EXPECTED_INCOMPLETE,EXPECTED
2022-12-10 00:00:00,,,,,0,240,240,SESSION_CLOSED_EXPECTED,EXPECTED
2022-12-10 04:00:00,,,,,0,240,240,SESSION_CLOSED_EXPECTED,EXPECTED
2022-12-10 08:00:00,,,,,0,240,240,SESSION_CLOSED_EXPECTED,EXPECTED
2022-12-10 12:00:00,,,,,0,240,240,SESSION_CLOSED_EXPECTED,EXPECTED
2022-12-10 16:00:00,,,,,0,240,240,SESSION_CLOSED_EXPECTED,EXPECTED
2022-12-10 20:00:00,,,,,0,240,240,SESSION_CLOSED_EXPECTED,EXPECTED
2022-12-11 00:00:00,,,,,0,240,240,SESSION_CLOSED_EXPECTED,EXPECTED
2022-12-11 04:00:00,,,,,0,240,240,SESSION_CLOSED_EXPECTED,EXPECTED
2022-12-11 08:00:00,,,,,0,240,240,SESSION_CLOSED_EXPECTED,EXPECTED
2022-12-11 12:00:00,,,,,0,240,240,SESSION_CLOSED_EXPECTED,EXPECTED
2022-12-11 16:00:00,,,,,0,240,240,SESSION_CLOSED_EXPECTED,EXPECTED
2022-12-11 20:00:00,1.2255,1.22598,1.22316,1.22343,110,240,130,EXPECTED_INCOMPLETE,EXPECTED
2022-12-12 00:00:00,1.22353,1.22403,1.22117,1.22295,240,240,0,COMPLETE,
2022-12-12 04:00:00,1.22297,1.22595,1.22062,1.22568,240,240,0,COMPLETE,
2022-12-12 08:00:00,1.22566,1.22954,1.22307,1.2276,240,240,0,COMPLETE,
2022-12-12 12:00:00,1.22762,1.22984,1.22497,1.2253,240,240,0,COMPLETE,
2022-12-12 16:00:00,1.22528,1.2288,1.22405,1.22575,240,240,0,COMPLETE,
2022-12-12 20:00:00,1.22574,1.22725,1.22567,1.22686,226,240,14,UNEXPECTED_INCOMPLETE,UNEXPECTED
2022-12-13 00:00:00,1.22684,1.22902,1.22551,1.22585,240,240,0,COMPLETE,
2022-12-13 04:00:00,1.22586,1.23019,1.22517,1.2284,240,240,0,COMPLETE,
2022-12-13 08:00:00,1.2284,1.23021,1.22479,1.22904,240,240,0,COMPLETE,
2022-12-13 12:00:00,1.22902,1.24437,1.22855,1.2393,240,240,0,COMPLETE,
2022-12-13 16:00:00,1.23932,1.2414,1.23449,1.23726,240,240,0,COMPLETE,
2022-12-13 20:00:00,1.23723,1.23784,1.23525,1.23543,228,240,12,UNEXPECTED_INCOMPLETE,UNEXPECTED
2022-12-14 00:00:00,1.23541,1.23577,1.23417,1.23519,240,240,0,COMPLETE,
2022-12-14 04:00:00,1.23521,1.23742,1.23409,1.23636,240,240,0,COMPLETE,
2022-12-14 08:00:00,1.23635,1.24035,1.23519,1.2373,240,240,0,COMPLETE,
2022-12-14 12:00:00,1.23728,1.24164,1.23547,1.24026,240,240,0,COMPLETE,
2022-12-14 16:00:00,1.24027,1.24442,1.23446,1.24032,240,240,0,COMPLETE,
2022-12-14 20:00:00,1.24033,1.24464,1.2397,1.2418,231,240,9,UNEXPECTED_INCOMPLETE,UNEXPECTED
2022-12-15 00:00:00,1.24178,1.2425,1.23861,1.2387,240,240,0,COMPLETE,
2022-12-15 04:00:00,1.23869,1.2402,1.23765,1.23798,240,240,0,COMPLETE,
2022-12-15 08:00:00,1.238,1.23843,1.22959,1.23341,240,240,0,COMPLETE,
2022-12-15 12:00:00,1.23338,1.23564,1.22145,1.22161,240,240,0,COMPLETE,
2022-12-15 16:00:00,1.22162,1.22245,1.2156,1.21902,240,240,0,COMPLETE,
2022-12-15 20:00:00,1.21901,1.21957,1.21701,1.21902,237,240,3,UNEXPECTED_INCOMPLETE,UNEXPECTED
2022-12-16 00:00:00,1.219,1.22228,1.21883,1.22043,239,240,1,UNEXPECTED_INCOMPLETE,UNEXPECTED
2022-12-16 04:00:00,1.22047,1.22223,1.21707,1.21762,240,240,0,COMPLETE,
2022-12-16 08:00:00,1.21765,1.22153,1.21195,1.21908,240,240,0,COMPLETE,
2022-12-16 12:00:00,1.21904,1.2222,1.21471,1.21536,240,240,0,COMPLETE,
2022-12-16 16:00:00,1.2154,1.21943,1.2145,1.21664,240,240,0,COMPLETE,
2022-12-16 20:00:00,1.21662,1.21812,1.2134,1.21362,119,240,121,EXPECTED_INCOMPLETE,EXPECTED
2022-12-17 00:00:00,,,,,0,240,240,SESSION_CLOSED_EXPECTED,EXPECTED
2022-12-17 04:00:00,,,,,0,240,240,SESSION_CLOSED_EXPECTED,EXPECTED
2022-12-17 08:00:00,,,,,0,240,240,SESSION_CLOSED_EXPECTED,EXPECTED
2022-12-17 12:00:00,,,,,0,240,240,SESSION_CLOSED_EXPECTED,EXPECTED
2022-12-17 16:00:00,,,,,0,240,240,SESSION_CLOSED_EXPECTED,EXPECTED
2022-12-17 20:00:00,,,,,0,240,240,SESSION_CLOSED_EXPECTED,EXPECTED
2022-12-18 00:00:00,,,,,0,240,240,SESSION_CLOSED_EXPECTED,EXPECTED
2022-12-18 04:00:00,,,,,0,240,240,SESSION_CLOSED_EXPECTED,EXPECTED
2022-12-18 08:00:00,,,,,0,240,240,SESSION_CLOSED_EXPECTED,EXPECTED
2022-12-18 12:00:00,,,,,0,240,240,SESSION_CLOSED_EXPECTED,EXPECTED
2022-12-18 16:00:00,,,,,0,240,240,SESSION_CLOSED_EXPECTED,EXPECTED
2022-12-18 20:00:00,1.21455,1.21676,1.21452,1.21588,107,240,133,EXPECTED_INCOMPLETE,EXPECTED
2022-12-19 00:00:00,1.2159,1.22019,1.21538,1.21816,240,240,0,COMPLETE,
2022-12-19 04:00:00,1.21815,1.21934,1.2167,1.21899,240,240,0,COMPLETE,
2022-12-19 08:00:00,1.21901,1.22415,1.21802,1.21859,240,240,0,COMPLETE,
2022-12-19 12:00:00,1.2186,1.21936,1.21202,1.213,240,240,0,COMPLETE,
2022-12-19 16:00:00,1.21303,1.21925,1.21294,1.21419,240,240,0,COMPLETE,
2022-12-19 20:00:00,1.21421,1.21538,1.21395,1.21538,225,240,15,UNEXPECTED_INCOMPLETE,UNEXPECTED
2022-12-20 00:00:00,1.2154,1.2223,1.21336,1.21392,240,240,0,COMPLETE,
2022-12-20 04:00:00,1.21394,1.21634,1.20851,1.2145,240,240,0,COMPLETE,
2022-12-20 08:00:00,1.2145,1.21969,1.21338,1.21609,240,240,0,COMPLETE,
2022-12-20 12:00:00,1.21608,1.21678,1.20977,1.2139,240,240,0,COMPLETE,
2022-12-20 16:00:00,1.21388,1.21702,1.21235,1.21689,240,240,0,COMPLETE,
2022-12-20 20:00:00,1.21687,1.21905,1.21588,1.21879,231,240,9,UNEXPECTED_INCOMPLETE,UNEXPECTED
2022-12-21 00:00:00,1.21877,1.21893,1.21607,1.2169,240,240,0,COMPLETE,
2022-12-21 04:00:00,1.21687,1.21823,1.21499,1.21801,240,240,0,COMPLETE,
2022-12-21 08:00:00,1.21804,1.2182,1.20927,1.20984,240,240,0,COMPLETE,
2022-12-21 12:00:00,1.20987,1.21636,1.20856,1.21085,240,240,0,COMPLETE,
2022-12-21 16:00:00,1.21086,1.2112,1.20548,1.20815,240,240,0,COMPLETE,
2022-12-21 20:00:00,1.20811,1.20943,1.20697,1.20759,233,240,7,UNEXPECTED_INCOMPLETE,UNEXPECTED
2022-12-22 00:00:00,1.20757,1.21342,1.20755,1.21333,240,240,0,COMPLETE,
2022-12-22 04:00:00,1.2133,1.21339,1.21005,1.21304,240,240,0,COMPLETE,
2022-12-22 08:00:00,1.21302,1.21471,1.20408,1.20444,240,240,0,COMPLETE,
2022-12-22 12:00:00,1.20445,1.20624,1.19921,1.2027,240,240,0,COMPLETE,
2022-12-22 16:00:00,1.20268,1.20436,1.20005,1.20303,240,240,0,COMPLETE,
2022-12-22 20:00:00,1.203,1.20467,1.20225,1.20306,153,240,87,UNEXPECTED_INCOMPLETE,UNEXPECTED
2022-12-23 00:00:00,1.20396,1.20522,1.20183,1.20497,223,240,17,UNEXPECTED_INCOMPLETE,UNEXPECTED
2022-12-23 04:00:00,1.20499,1.2071,1.20286,1.20642,240,240,0,COMPLETE,
2022-12-23 08:00:00,1.2064,1.20898,1.20419,1.20692,240,240,0,COMPLETE,
2022-12-23 12:00:00,1.2069,1.20858,1.20228,1.206,240,240,0,COMPLETE,
2022-12-23 16:00:00,1.20601,1.20696,1.20275,1.20399,240,240,0,COMPLETE,
2022-12-23 20:00:00,1.204,1.20528,1.20346,1.20502,119,240,121,EXPECTED_INCOMPLETE,EXPECTED
2022-12-24 00:00:00,,,,,0,240,240,SESSION_CLOSED_EXPECTED,EXPECTED
2022-12-24 04:00:00,,,,,0,240,240,SESSION_CLOSED_EXPECTED,EXPECTED
2022-12-24 08:00:00,,,,,0,240,240,SESSION_CLOSED_EXPECTED,EXPECTED
2022-12-24 12:00:00,,,,,0,240,240,SESSION_CLOSED_EXPECTED,EXPECTED
2022-12-24 16:00:00,,,,,0,240,240,SESSION_CLOSED_EXPECTED,EXPECTED
2022-12-24 20:00:00,,,,,0,240,240,SESSION_CLOSED_EXPECTED,EXPECTED
2022-12-25 00:00:00,,,,,0,240,240,SESSION_CLOSED_EXPECTED,EXPECTED
2022-12-25 04:00:00,,,,,0,240,240,SESSION_CLOSED_EXPECTED,EXPECTED
2022-12-25 08:00:00,,,,,0,240,240,SESSION_CLOSED_EXPECTED,EXPECTED
2022-12-25 12:00:00,,,,,0,240,240,SESSION_CLOSED_EXPECTED,EXPECTED
2022-12-25 16:00:00,,,,,0,240,240,SESSION_CLOSED_EXPECTED,EXPECTED
2022-12-25 20:00:00,1.20624,1.20641,1.20506,1.20614,94,240,146,EXPECTED_INCOMPLETE,EXPECTED
2022-12-26 00:00:00,1.2063,1.20766,1.20505,1.20643,188,240,52,UNEXPECTED_INCOMPLETE,UNEXPECTED
2022-12-26 04:00:00,1.20635,1.20717,1.20535,1.20621,224,240,16,UNEXPECTED_INCOMPLETE,UNEXPECTED
2022-12-26 08:00:00,1.20628,1.20773,1.2052,1.20714,224,240,16,UNEXPECTED_INCOMPLETE,UNEXPECTED
2022-12-26 12:00:00,1.20717,1.20809,1.20602,1.20616,184,240,56,UNEXPECTED_INCOMPLETE,UNEXPECTED
2022-12-26 16:00:00,1.20621,1.20686,1.20512,1.20596,189,240,51,UNEXPECTED_INCOMPLETE,UNEXPECTED
2022-12-26 20:00:00,1.2059,1.20877,1.20466,1.20779,225,240,15,UNEXPECTED_INCOMPLETE,UNEXPECTED
2022-12-27 00:00:00,1.20785,1.21025,1.20721,1.20821,240,240,0,COMPLETE,
2022-12-27 04:00:00,1.20817,1.21121,1.208,1.20915,240,240,0,COMPLETE,
2022-12-27 08:00:00,1.20914,1.20914,1.20303,1.20371,240,240,0,COMPLETE,
2022-12-27 12:00:00,1.20368,1.20475,1.2002,1.20204,240,240,0,COMPLETE,
2022-12-27 16:00:00,1.20205,1.2036,1.20078,1.20295,240,240,0,COMPLETE,
2022-12-27 20:00:00,1.20297,1.20325,1.20168,1.20261,203,240,37,UNEXPECTED_INCOMPLETE,UNEXPECTED
2022-12-28 00:00:00,1.20264,1.20311,1.2002,1.20055,240,240,0,COMPLETE,
2022-12-28 04:00:00,1.20054,1.20544,1.20048,1.20445,240,240,0,COMPLETE,
2022-12-28 08:00:00,1.20446,1.20899,1.20171,1.20764,240,240,0,COMPLETE,
2022-12-28 12:00:00,1.20766,1.21251,1.203,1.20348,240,240,0,COMPLETE,
2022-12-28 16:00:00,1.20351,1.20539,1.20219,1.2027,240,240,0,COMPLETE,
2022-12-28 20:00:00,1.20267,1.20303,1.20089,1.20259,224,240,16,UNEXPECTED_INCOMPLETE,UNEXPECTED
2022-12-29 00:00:00,1.20274,1.20506,1.20274,1.2037,240,240,0,COMPLETE,
2022-12-29 04:00:00,1.20372,1.20423,1.20143,1.20339,240,240,0,COMPLETE,
2022-12-29 08:00:00,1.2034,1.20631,1.20218,1.20289,240,240,0,COMPLETE,
2022-12-29 12:00:00,1.20291,1.20783,1.20193,1.20538,240,240,0,COMPLETE,
2022-12-29 16:00:00,1.20541,1.20756,1.2048,1.2071,240,240,0,COMPLETE,
2022-12-29 20:00:00,1.20709,1.20719,1.20453,1.20548,230,240,10,UNEXPECTED_INCOMPLETE,UNEXPECTED
2022-12-30 00:00:00,1.20547,1.20667,1.20408,1.20456,240,240,0,COMPLETE,
2022-12-30 04:00:00,1.20452,1.20704,1.20286,1.2067,240,240,0,COMPLETE,
2022-12-30 08:00:00,1.20667,1.20748,1.2026,1.20384,240,240,0,COMPLETE,
2022-12-30 12:00:00,1.20382,1.21073,1.20094,1.20287,240,240,0,COMPLETE,
2022-12-30 16:00:00,1.20286,1.20994,1.2025,1.20637,240,240,0,COMPLETE,
2022-12-30 20:00:00,1.20635,1.20994,1.20627,1.20948,119,240,121,EXPECTED_INCOMPLETE,EXPECTED
2022-12-31 00:00:00,,,,,0,240,240,SESSION_CLOSED_EXPECTED,EXPECTED
2022-12-31 04:00:00,,,,,0,240,240,SESSION_CLOSED_EXPECTED,EXPECTED
2022-12-31 08:00:00,,,,,0,240,240,SESSION_CLOSED_EXPECTED,EXPECTED
2022-12-31 12:00:00,,,,,0,240,240,SESSION_CLOSED_EXPECTED,EXPECTED
2022-12-31 16:00:00,,,,,0,240,240,SESSION_CLOSED_EXPECTED,EXPECTED
2022-12-31 20:00:00,,,,,0,240,240,SESSION_CLOSED_EXPECTED,EXPECTED
2023-01-01 00:00:00,,,,,0,240,240,SESSION_CLOSED_EXPECTED,EXPECTED
2023-01-01 04:00:00,,,,,0,240,240,SESSION_CLOSED_EXPECTED,EXPECTED
2023-01-01 08:00:00,,,,,0,240,240,SESSION_CLOSED_EXPECTED,EXPECTED
2023-01-01 12:00:00,,,,,0,240,240,SESSION_CLOSED_EXPECTED,EXPECTED
2023-01-01 16:00:00,,,,,0,240,240,SESSION_CLOSED_EXPECTED,EXPECTED
2023-01-01 20:00:00,1.20695,1.20886,1.20496,1.20877,95,240,145,EXPECTED_INCOMPLETE,EXPECTED
2023-01-02 00:00:00,1.20932,1.20963,1.20571,1.20637,173,240,67,UNEXPECTED_INCOMPLETE,UNEXPECTED
2023-01-02 04:00:00,1.20637,1.20742,1.20536,1.20594,226,240,14,UNEXPECTED_INCOMPLETE,UNEXPECTED
2023-01-02 08:00:00,1.20597,1.20717,1.2037,1.20468,228,240,12,UNEXPECTED_INCOMPLETE,UNEXPECTED
2023-01-02 12:00:00,1.20467,1.20478,1.20374,1.2038,209,240,31,UNEXPECTED_INCOMPLETE,UNEXPECTED
2023-01-02 16:00:00,1.20378,1.20434,1.20294,1.20405,219,240,21,UNEXPECTED_INCOMPLETE,UNEXPECTED
2023-01-02 20:00:00,1.20408,1.20679,1.20286,1.20574,192,240,48,UNEXPECTED_INCOMPLETE,UNEXPECTED
2023-01-03 00:00:00,1.20578,1.20844,1.20345,1.20738,240,240,0,COMPLETE,
2023-01-03 04:00:00,1.20737,1.20843,1.20214,1.20281,240,240,0,COMPLETE,
2023-01-03 08:00:00,1.20282,1.20318,1.19001,1.19309,240,240,0,COMPLETE,
2023-01-03 12:00:00,1.19307,1.20571,1.19236,1.20085,240,240,0,COMPLETE,
2023-01-03 16:00:00,1.20088,1.20112,1.19523,1.19837,240,240,0,COMPLETE,
2023-01-03 20:00:00,1.19836,1.19911,1.19561,1.19659,228,240,12,UNEXPECTED_INCOMPLETE,UNEXPECTED
2023-01-04 00:00:00,1.19657,1.2001,1.19652,1.19888,240,240,0,COMPLETE,
2023-01-04 04:00:00,1.19889,1.204,1.19703,1.20264,240,240,0,COMPLETE,
2023-01-04 08:00:00,1.20261,1.20871,1.20251,1.20541,240,240,0,COMPLETE,
2023-01-04 12:00:00,1.20543,1.2073,1.20134,1.20446,240,240,0,COMPLETE,
2023-01-04 16:00:00,1.20446,1.20762,1.2019,1.20588,240,240,0,COMPLETE,
2023-01-04 20:00:00,1.20585,1.20667,1.20488,1.20558,230,240,10,UNEXPECTED_INCOMPLETE,UNEXPECTED
2023-01-05 00:00:00,1.20556,1.20778,1.2035,1.20362,240,240,0,COMPLETE,
2023-01-05 04:00:00,1.20361,1.20502,1.19988,1.20072,240,240,0,COMPLETE,
2023-01-05 08:00:00,1.20074,1.20378,1.19996,1.20219,240,240,0,COMPLETE,
2023-01-05 12:00:00,1.20222,1.20352,1.18729,1.18808,240,240,0,COMPLETE,
2023-01-05 16:00:00,1.18806,1.1935,1.1878,1.19171,240,240,0,COMPLETE,
2023-01-05 20:00:00,1.19171,1.19187,1.18916,1.19086,225,240,15,UNEXPECTED_INCOMPLETE,UNEXPECTED
2023-01-06 00:00:00,1.19088,1.19355,1.19072,1.19282,240,240,0,COMPLETE,
2023-01-06 04:00:00,1.1928,1.19339,1.18849,1.18905,240,240,0,COMPLETE,
2023-01-06 08:00:00,1.18907,1.19169,1.18408,1.18471,240,240,0,COMPLETE,
2023-01-06 12:00:00,1.18469,1.20536,1.18447,1.20461,240,240,0,COMPLETE,
2023-01-06 16:00:00,1.20463,1.20988,1.20344,1.20964,240,240,0,COMPLETE,
2023-01-06 20:00:00,1.20961,1.20975,1.20877,1.20932,118,240,122,UNEXPECTED_INCOMPLETE,EXPECTED|UNEXPECTED
2023-01-07 00:00:00,,,,,0,240,240,SESSION_CLOSED_EXPECTED,EXPECTED
2023-01-07 04:00:00,,,,,0,240,240,SESSION_CLOSED_EXPECTED,EXPECTED
2023-01-07 08:00:00,,,,,0,240,240,SESSION_CLOSED_EXPECTED,EXPECTED
2023-01-07 12:00:00,,,,,0,240,240,SESSION_CLOSED_EXPECTED,EXPECTED
2023-01-07 16:00:00,,,,,0,240,240,SESSION_CLOSED_EXPECTED,EXPECTED
2023-01-07 20:00:00,,,,,0,240,240,SESSION_CLOSED_EXPECTED,EXPECTED
2023-01-08 00:00:00,,,,,0,240,240,SESSION_CLOSED_EXPECTED,EXPECTED
2023-01-08 04:00:00,,,,,0,240,240,SESSION_CLOSED_EXPECTED,EXPECTED
2023-01-08 08:00:00,,,,,0,240,240,SESSION_CLOSED_EXPECTED,EXPECTED
2023-01-08 12:00:00,,,,,0,240,240,SESSION_CLOSED_EXPECTED,EXPECTED
2023-01-08 16:00:00,,,,,0,240,240,SESSION_CLOSED_EXPECTED,EXPECTED
2023-01-08 20:00:00,1.20805,1.21193,1.20802,1.21193,105,240,135,EXPECTED_INCOMPLETE,EXPECTED
2023-01-09 00:00:00,1.2119,1.21361,1.20931,1.2122,240,240,0,COMPLETE,
2023-01-09 04:00:00,1.21222,1.21664,1.21214,1.21395,240,240,0,COMPLETE,
2023-01-09 08:00:00,1.21396,1.21738,1.21117,1.21438,240,240,0,COMPLETE,
2023-01-09 12:00:00,1.21437,1.22096,1.21305,1.21908,240,240,0,COMPLETE,
2023-01-09 16:00:00,1.21906,1.22083,1.21737,1.22034,240,240,0,COMPLETE,
2023-01-09 20:00:00,1.22035,1.22035,1.21722,1.21834,220,240,20,UNEXPECTED_INCOMPLETE,UNEXPECTED
2023-01-10 00:00:00,1.21835,1.21976,1.21567,1.21675,240,240,0,COMPLETE,
2023-01-10 04:00:00,1.21677,1.21772,1.21384,1.21492,240,240,0,COMPLETE,
2023-01-10 08:00:00,1.21494,1.21844,1.21486,1.21543,240,240,0,COMPLETE,
2023-01-10 12:00:00,1.21544,1.21807,1.21096,1.21473,240,240,0,COMPLETE,
2023-01-10 16:00:00,1.21477,1.21807,1.21416,1.21636,240,240,0,COMPLETE,
2023-01-10 20:00:00,1.21634,1.21636,1.21397,1.21531,226,240,14,UNEXPECTED_INCOMPLETE,UNEXPECTED
2023-01-11 00:00:00,1.21532,1.21635,1.2141,1.21537,240,240,0,COMPLETE,
2023-01-11 04:00:00,1.21536,1.21779,1.2152,1.21566,240,240,0,COMPLETE,
2023-01-11 08:00:00,1.21568,1.21618,1.2117,1.21295,240,240,0,COMPLETE,
2023-01-11 12:00:00,1.21297,1.21531,1.20999,1.21255,240,240,0,COMPLETE,
2023-01-11 16:00:00,1.21257,1.21557,1.21127,1.21544,240,240,0,COMPLETE,
2023-01-11 20:00:00,1.21543,1.21603,1.21347,1.21567,235,240,5,UNEXPECTED_INCOMPLETE,UNEXPECTED
2023-01-12 00:00:00,1.2158,1.21668,1.21494,1.21646,240,240,0,COMPLETE,
2023-01-12 04:00:00,1.21645,1.21701,1.21331,1.21479,240,240,0,COMPLETE,
2023-01-12 08:00:00,1.21478,1.21902,1.21345,1.21606,240,240,0,COMPLETE,
2023-01-12 12:00:00,1.21608,1.2242,1.20877,1.21549,240,240,0,COMPLETE,
2023-01-12 16:00:00,1.21552,1.22464,1.21459,1.22225,240,240,0,COMPLETE,
2023-01-12 20:00:00,1.22223,1.22225,1.22033,1.22161,230,240,10,UNEXPECTED_INCOMPLETE,UNEXPECTED
2023-01-13 00:00:00,1.22163,1.22322,1.21894,1.21983,240,240,0,COMPLETE,
2023-01-13 04:00:00,1.21982,1.22127,1.21756,1.22125,240,240,0,COMPLETE,
2023-01-13 08:00:00,1.22126,1.22481,1.21704,1.21728,240,240,0,COMPLETE,
2023-01-13 12:00:00,1.21727,1.22214,1.21501,1.22149,240,240,0,COMPLETE,
2023-01-13 16:00:00,1.2215,1.22343,1.21819,1.22281,240,240,0,COMPLETE,
2023-01-13 20:00:00,1.22279,1.22393,1.22258,1.22309,119,240,121,EXPECTED_INCOMPLETE,EXPECTED
2023-01-14 00:00:00,,,,,0,240,240,SESSION_CLOSED_EXPECTED,EXPECTED
2023-01-14 04:00:00,,,,,0,240,240,SESSION_CLOSED_EXPECTED,EXPECTED
2023-01-14 08:00:00,,,,,0,240,240,SESSION_CLOSED_EXPECTED,EXPECTED
2023-01-14 12:00:00,,,,,0,240,240,SESSION_CLOSED_EXPECTED,EXPECTED
2023-01-14 16:00:00,,,,,0,240,240,SESSION_CLOSED_EXPECTED,EXPECTED
2023-01-14 20:00:00,,,,,0,240,240,SESSION_CLOSED_EXPECTED,EXPECTED
2023-01-15 00:00:00,,,,,0,240,240,SESSION_CLOSED_EXPECTED,EXPECTED
2023-01-15 04:00:00,,,,,0,240,240,SESSION_CLOSED_EXPECTED,EXPECTED
2023-01-15 08:00:00,,,,,0,240,240,SESSION_CLOSED_EXPECTED,EXPECTED
2023-01-15 12:00:00,,,,,0,240,240,SESSION_CLOSED_EXPECTED,EXPECTED
2023-01-15 16:00:00,,,,,0,240,240,SESSION_CLOSED_EXPECTED,EXPECTED
2023-01-15 20:00:00,1.22108,1.22322,1.22106,1.22229,89,240,151,EXPECTED_INCOMPLETE,EXPECTED
2023-01-16 00:00:00,1.22231,1.22888,1.22212,1.2269,240,240,0,COMPLETE,
2023-01-16 04:00:00,1.22686,1.22729,1.22215,1.22304,240,240,0,COMPLETE,
2023-01-16 08:00:00,1.22302,1.22302,1.21712,1.22038,240,240,0,COMPLETE,
2023-01-16 12:00:00,1.22036,1.22108,1.218,1.22045,240,240,0,COMPLETE,
2023-01-16 16:00:00,1.22047,1.22107,1.21824,1.2193,234,240,6,UNEXPECTED_INCOMPLETE,UNEXPECTED
2023-01-16 20:00:00,1.21933,1.22061,1.21785,1.22061,217,240,23,UNEXPECTED_INCOMPLETE,UNEXPECTED
2023-01-17 00:00:00,1.22067,1.22112,1.21718,1.21904,240,240,0,COMPLETE,
2023-01-17 04:00:00,1.21902,1.22177,1.21682,1.22146,240,240,0,COMPLETE,
2023-01-17 08:00:00,1.22144,1.22586,1.21917,1.22538,240,240,0,COMPLETE,
2023-01-17 12:00:00,1.2254,1.22993,1.22329,1.22781,240,240,0,COMPLETE,
2023-01-17 16:00:00,1.22784,1.22855,1.22458,1.22738,240,240,0,COMPLETE,
2023-01-17 20:00:00,1.2274,1.22913,1.22724,1.22831,238,240,2,UNEXPECTED_INCOMPLETE,UNEXPECTED
2023-01-18 00:00:00,1.2283,1.22897,1.22548,1.22678,240,240,0,COMPLETE,
2023-01-18 04:00:00,1.2268,1.23343,1.22626,1.23147,240,240,0,COMPLETE,
2023-01-18 08:00:00,1.2315,1.23881,1.23102,1.23725,240,240,0,COMPLETE,
2023-01-18 12:00:00,1.23724,1.24354,1.23523,1.2394,240,240,0,COMPLETE,
2023-01-18 16:00:00,1.23937,1.23937,1.2327,1.23407,240,240,0,COMPLETE,
2023-01-18 20:00:00,1.23405,1.23469,1.23319,1.23463,222,240,18,UNEXPECTED_INCOMPLETE,UNEXPECTED
2023-01-19 00:00:00,1.23464,1.23493,1.23184,1.23338,240,240,0,COMPLETE,
2023-01-19 04:00:00,1.23334,1.23446,1.23119,1.23332,240,240,0,COMPLETE,
2023-01-19 08:00:00,1.23334,1.23587,1.2319,1.23521,240,240,0,COMPLETE,
2023-01-19 12:00:00,1.23519,1.23652,1.23151,1.23585,240,240,0,COMPLETE,
2023-01-19 16:00:00,1.23586,1.23936,1.23524,1.23914,240,240,0,COMPLETE,
2023-01-19 20:00:00,1.23912,1.2397,1.23817,1.23919,220,240,20,UNEXPECTED_INCOMPLETE,UNEXPECTED
2023-01-20 00:00:00,1.23918,1.23967,1.23765,1.23807,240,240,0,COMPLETE,
2023-01-20 04:00:00,1.23806,1.23823,1.23511,1.23635,240,240,0,COMPLETE,
2023-01-20 08:00:00,1.23635,1.23805,1.23359,1.23525,240,240,0,COMPLETE,
2023-01-20 12:00:00,1.23524,1.23952,1.2335,1.23694,240,240,0,COMPLETE,
2023-01-20 16:00:00,1.23696,1.2401,1.2366,1.23958,240,240,0,COMPLETE,
2023-01-20 20:00:00,1.23959,1.2404,1.23905,1.23974,118,240,122,UNEXPECTED_INCOMPLETE,EXPECTED|UNEXPECTED
2023-01-21 00:00:00,,,,,0,240,240,SESSION_CLOSED_EXPECTED,EXPECTED
2023-01-21 04:00:00,,,,,0,240,240,SESSION_CLOSED_EXPECTED,EXPECTED
2023-01-21 08:00:00,,,,,0,240,240,SESSION_CLOSED_EXPECTED,EXPECTED
2023-01-21 12:00:00,,,,,0,240,240,SESSION_CLOSED_EXPECTED,EXPECTED
2023-01-21 16:00:00,,,,,0,240,240,SESSION_CLOSED_EXPECTED,EXPECTED
2023-01-21 20:00:00,,,,,0,240,240,SESSION_CLOSED_EXPECTED,EXPECTED
2023-01-22 00:00:00,,,,,0,240,240,SESSION_CLOSED_EXPECTED,EXPECTED
2023-01-22 04:00:00,,,,,0,240,240,SESSION_CLOSED_EXPECTED,EXPECTED
2023-01-22 08:00:00,,,,,0,240,240,SESSION_CLOSED_EXPECTED,EXPECTED
2023-01-22 12:00:00,,,,,0,240,240,SESSION_CLOSED_EXPECTED,EXPECTED
2023-01-22 16:00:00,,,,,0,240,240,SESSION_CLOSED_EXPECTED,EXPECTED
2023-01-22 20:00:00,1.23942,1.24124,1.23926,1.24056,108,240,132,EXPECTED_INCOMPLETE,EXPECTED
2023-01-23 00:00:00,1.24058,1.24472,1.24031,1.24325,240,240,0,COMPLETE,
2023-01-23 04:00:00,1.24326,1.24327,1.23939,1.24168,240,240,0,COMPLETE,
2023-01-23 08:00:00,1.24169,1.24235,1.23502,1.23537,240,240,0,COMPLETE,
2023-01-23 12:00:00,1.23538,1.23766,1.23233,1.23703,240,240,0,COMPLETE,
2023-01-23 16:00:00,1.23702,1.23875,1.23557,1.23654,240,240,0,COMPLETE,
2023-01-23 20:00:00,1.23653,1.23832,1.23631,1.23782,235,240,5,UNEXPECTED_INCOMPLETE,UNEXPECTED
2023-01-24 00:00:00,1.23784,1.23908,1.23733,1.2381,240,240,0,COMPLETE,
2023-01-24 04:00:00,1.23807,1.24118,1.23747,1.2404,240,240,0,COMPLETE,
2023-01-24 08:00:00,1.24043,1.24135,1.23012,1.23138,240,240,0,COMPLETE,
2023-01-24 12:00:00,1.23139,1.23206,1.22612,1.23141,240,240,0,COMPLETE,
2023-01-24 16:00:00,1.23144,1.23401,1.23093,1.23367,240,240,0,COMPLETE,
2023-01-24 20:00:00,1.23366,1.23414,1.23238,1.2331,230,240,10,UNEXPECTED_INCOMPLETE,UNEXPECTED
2023-01-25 00:00:00,1.23311,1.23369,1.23113,1.23254,240,240,0,COMPLETE,
2023-01-25 04:00:00,1.23257,1.23385,1.23038,1.2317,240,240,0,COMPLETE,
2023-01-25 08:00:00,1.23169,1.2331,1.22826,1.2306,240,240,0,COMPLETE,
2023-01-25 12:00:00,1.23058,1.23991,1.23048,1.23576,240,240,0,COMPLETE,
2023-01-25 16:00:00,1.23577,1.23991,1.23331,1.23986,240,240,0,COMPLETE,
2023-01-25 20:00:00,1.23985,1.24166,1.23877,1.24099,222,240,18,UNEXPECTED_INCOMPLETE,UNEXPECTED
2023-01-26 00:00:00,1.24098,1.24167,1.23929,1.23947,240,240,0,COMPLETE,
2023-01-26 04:00:00,1.23944,1.24108,1.23846,1.24085,240,240,0,COMPLETE,
2023-01-26 08:00:00,1.24083,1.243,1.23736,1.2391,240,240,0,COMPLETE,
2023-01-26 12:00:00,1.23911,1.24189,1.23449,1.2355,240,240,0,COMPLETE,
2023-01-26 16:00:00,1.23552,1.24079,1.23442,1.24077,240,240,0,COMPLETE,
2023-01-26 20:00:00,1.2408,1.24169,1.23965,1.24136,234,240,6,UNEXPECTED_INCOMPLETE,UNEXPECTED
2023-01-27 00:00:00,1.24138,1.24179,1.2387,1.23875,240,240,0,COMPLETE,
2023-01-27 04:00:00,1.23873,1.23873,1.23626,1.23755,240,240,0,COMPLETE,
2023-01-27 08:00:00,1.23754,1.23893,1.2359,1.23695,240,240,0,COMPLETE,
2023-01-27 12:00:00,1.23696,1.23971,1.2345,1.23578,240,240,0,COMPLETE,
2023-01-27 16:00:00,1.23575,1.23979,1.23564,1.23925,240,240,0,COMPLETE,
2023-01-27 20:00:00,1.23926,1.23991,1.23864,1.23946,117,240,123,UNEXPECTED_INCOMPLETE,EXPECTED|UNEXPECTED
2023-01-28 00:00:00,,,,,0,240,240,SESSION_CLOSED_EXPECTED,EXPECTED
2023-01-28 04:00:00,,,,,0,240,240,SESSION_CLOSED_EXPECTED,EXPECTED
2023-01-28 08:00:00,,,,,0,240,240,SESSION_CLOSED_EXPECTED,EXPECTED
2023-01-28 12:00:00,,,,,0,240,240,SESSION_CLOSED_EXPECTED,EXPECTED
2023-01-28 16:00:00,,,,,0,240,240,SESSION_CLOSED_EXPECTED,EXPECTED
2023-01-28 20:00:00,,,,,0,240,240,SESSION_CLOSED_EXPECTED,EXPECTED
2023-01-29 00:00:00,,,,,0,240,240,SESSION_CLOSED_EXPECTED,EXPECTED
2023-01-29 04:00:00,,,,,0,240,240,SESSION_CLOSED_EXPECTED,EXPECTED
2023-01-29 08:00:00,,,,,0,240,240,SESSION_CLOSED_EXPECTED,EXPECTED
2023-01-29 12:00:00,,,,,0,240,240,SESSION_CLOSED_EXPECTED,EXPECTED
2023-01-29 16:00:00,,,,,0,240,240,SESSION_CLOSED_EXPECTED,EXPECTED
2023-01-29 20:00:00,1.23844,1.23999,1.23775,1.23999,105,240,135,EXPECTED_INCOMPLETE,EXPECTED
2023-01-30 00:00:00,1.23998,1.24039,1.23808,1.23902,240,240,0,COMPLETE,
2023-01-30 04:00:00,1.23902,1.24053,1.23713,1.23793,240,240,0,COMPLETE,
2023-01-30 08:00:00,1.23791,1.24168,1.23678,1.23843,240,240,0,COMPLETE,
2023-01-30 12:00:00,1.23842,1.23979,1.2366,1.23799,240,240,0,COMPLETE,
2023-01-30 16:00:00,1.23798,1.23831,1.23366,1.23459,240,240,0,COMPLETE,
2023-01-30 20:00:00,1.23457,1.2357,1.23412,1.23492,227,240,13,UNEXPECTED_INCOMPLETE,UNEXPECTED
2023-01-31 00:00:00,1.23494,1.23706,1.23428,1.23429,240,240,0,COMPLETE,
2023-01-31 04:00:00,1.23432,1.23622,1.23309,1.23488,240,240,0,COMPLETE,
2023-01-31 08:00:00,1.23486,1.23543,1.23076,1.23249,240,240,0,COMPLETE,
2023-01-31 12:00:00,1.23251,1.23291,1.22837,1.23044,240,240,0,COMPLETE,
2023-01-31 16:00:00,1.23043,1.23371,1.23038,1.23229,238,240,2,UNEXPECTED_INCOMPLETE,UNEXPECTED
2023-01-31 20:00:00,1.23228,1.2329,1.23065,1.23079,230,240,10,UNEXPECTED_INCOMPLETE,UNEXPECTED
2023-02-01 00:00:00,1.23078,1.23156,1.2303,1.2313,240,240,0,COMPLETE,
2023-02-01 04:00:00,1.23128,1.23278,1.23087,1.23189,239,240,1,UNEXPECTED_INCOMPLETE,UNEXPECTED
2023-02-01 08:00:00,1.23193,1.2334,1.23107,1.23266,240,240,0,COMPLETE,
2023-02-01 12:00:00,1.23262,1.23461,1.23128,1.23249,240,240,0,COMPLETE,
2023-02-01 16:00:00,1.23246,1.2385,1.22718,1.23686,240,240,0,COMPLETE,
2023-02-01 20:00:00,1.23685,1.23993,1.23515,1.23871,229,240,11,UNEXPECTED_INCOMPLETE,UNEXPECTED
2023-02-02 00:00:00,1.23873,1.24,1.23701,1.23849,240,240,0,COMPLETE,
2023-02-02 04:00:00,1.23846,1.23969,1.23716,1.2373,240,240,0,COMPLETE,
2023-02-02 08:00:00,1.23728,1.23932,1.231,1.2332,240,240,0,COMPLETE,
2023-02-02 12:00:00,1.2333,1.23884,1.22388,1.22922,240,240,0,COMPLETE,
2023-02-02 16:00:00,1.22921,1.22998,1.22287,1.22317,240,240,0,COMPLETE,
2023-02-02 20:00:00,1.22317,1.22426,1.22178,1.22204,236,240,4,UNEXPECTED_INCOMPLETE,UNEXPECTED
2023-02-03 00:00:00,1.22202,1.22202,1.22019,1.22124,240,240,0,COMPLETE,
2023-02-03 04:00:00,1.22125,1.22234,1.21841,1.21981,240,240,0,COMPLETE,
2023-02-03 08:00:00,1.2198,1.22653,1.21827,1.22591,240,240,0,COMPLETE,
2023-02-03 12:00:00,1.22589,1.22633,1.2062,1.21041,240,240,0,COMPLETE,
2023-02-03 16:00:00,1.21038,1.21155,1.20525,1.2055,233,240,7,UNEXPECTED_INCOMPLETE,UNEXPECTED
2023-02-03 20:00:00,1.20551,1.20565,1.20467,1.20519,119,240,121,EXPECTED_INCOMPLETE,EXPECTED
2023-02-04 00:00:00,,,,,0,240,240,SESSION_CLOSED_EXPECTED,EXPECTED
2023-02-04 04:00:00,,,,,0,240,240,SESSION_CLOSED_EXPECTED,EXPECTED
2023-02-04 08:00:00,,,,,0,240,240,SESSION_CLOSED_EXPECTED,EXPECTED
2023-02-04 12:00:00,,,,,0,240,240,SESSION_CLOSED_EXPECTED,EXPECTED
2023-02-04 16:00:00,,,,,0,240,240,SESSION_CLOSED_EXPECTED,EXPECTED
2023-02-04 20:00:00,,,,,0,240,240,SESSION_CLOSED_EXPECTED,EXPECTED
2023-02-05 00:00:00,,,,,0,240,240,SESSION_CLOSED_EXPECTED,EXPECTED
2023-02-05 04:00:00,,,,,0,240,240,SESSION_CLOSED_EXPECTED,EXPECTED
2023-02-05 08:00:00,,,,,0,240,240,SESSION_CLOSED_EXPECTED,EXPECTED
2023-02-05 12:00:00,,,,,0,240,240,SESSION_CLOSED_EXPECTED,EXPECTED
2023-02-05 16:00:00,,,,,0,240,240,SESSION_CLOSED_EXPECTED,EXPECTED
2023-02-05 20:00:00,1.20311,1.20553,1.20287,1.20431,115,240,125,EXPECTED_INCOMPLETE,EXPECTED
2023-02-06 00:00:00,1.2043,1.20628,1.20305,1.20525,237,240,3,UNEXPECTED_INCOMPLETE,UNEXPECTED
2023-02-06 04:00:00,1.20527,1.20683,1.20512,1.20531,240,240,0,COMPLETE,
2023-02-06 08:00:00,1.2053,1.20697,1.20211,1.20506,238,240,2,UNEXPECTED_INCOMPLETE,UNEXPECTED
2023-02-06 12:00:00,1.20504,1.2077,1.20063,1.20126,239,240,1,UNEXPECTED_INCOMPLETE,UNEXPECTED
2023-02-06 16:00:00,1.20124,1.20381,1.20051,1.20232,239,240,1,UNEXPECTED_INCOMPLETE,UNEXPECTED
2023-02-06 20:00:00,1.2023,1.20305,1.20131,1.20257,229,240,11,UNEXPECTED_INCOMPLETE,UNEXPECTED
2023-02-07 00:00:00,1.20258,1.20547,1.20243,1.20456,239,240,1,UNEXPECTED_INCOMPLETE,UNEXPECTED
2023-02-07 04:00:00,1.20457,1.2057,1.20183,1.20223,240,240,0,COMPLETE,
2023-02-07 08:00:00,1.20222,1.20399,1.19724,1.19843,240,240,0,COMPLETE,
2023-02-07 12:00:00,1.19845,1.20111,1.19608,1.20106,240,240,0,COMPLETE,
2023-02-07 16:00:00,1.20107,1.20949,1.19866,1.2033,240,240,0,COMPLETE,
2023-02-07 20:00:00,1.20333,1.20533,1.20212,1.20533,227,240,13,UNEXPECTED_INCOMPLETE,UNEXPECTED
2023-02-08 00:00:00,1.20532,1.20611,1.20398,1.20545,239,240,1,UNEXPECTED_INCOMPLETE,UNEXPECTED
2023-02-08 04:00:00,1.20544,1.21046,1.20379,1.20991,240,240,0,COMPLETE,
2023-02-08 08:00:00,1.20994,1.21091,1.20768,1.2092,240,240,0,COMPLETE,
2023-02-08 12:00:00,1.20918,1.21078,1.2054,1.20788,240,240,0,COMPLETE,
2023-02-08 16:00:00,1.20787,1.2097,1.20639,1.20708,240,240,0,COMPLETE,
2023-02-08 20:00:00,1.20706,1.20726,1.20596,1.20701,232,240,8,UNEXPECTED_INCOMPLETE,UNEXPECTED
2023-02-09 00:00:00,1.20703,1.2084,1.20566,1.20807,239,240,1,UNEXPECTED_INCOMPLETE,UNEXPECTED
2023-02-09 04:00:00,1.20806,1.2106,1.20789,1.20946,240,240,0,COMPLETE,
2023-02-09 08:00:00,1.20947,1.21583,1.20944,1.21471,240,240,0,COMPLETE,
2023-02-09 12:00:00,1.2147,1.21934,1.21458,1.217,240,240,0,COMPLETE,
2023-02-09 16:00:00,1.217,1.21703,1.21151,1.21179,240,240,0,COMPLETE,
2023-02-09 20:00:00,1.21177,1.21224,1.21109,1.21151,231,240,9,UNEXPECTED_INCOMPLETE,UNEXPECTED
2023-02-10 00:00:00,1.21153,1.21163,1.20894,1.20912,240,240,0,COMPLETE,
2023-02-10 04:00:00,1.20914,1.21222,1.2089,1.212,240,240,0,COMPLETE,
2023-02-10 08:00:00,1.21199,1.21389,1.20795,1.21081,240,240,0,COMPLETE,
2023-02-10 12:00:00,1.21083,1.21299,1.20693,1.20754,240,240,0,COMPLETE,
2023-02-10 16:00:00,1.20751,1.20874,1.20468,1.20488,240,240,0,COMPLETE,
2023-02-10 20:00:00,1.20487,1.20596,1.20466,1.20568,119,240,121,EXPECTED_INCOMPLETE,EXPECTED
2023-02-11 00:00:00,,,,,0,240,240,SESSION_CLOSED_EXPECTED,EXPECTED
2023-02-11 04:00:00,,,,,0,240,240,SESSION_CLOSED_EXPECTED,EXPECTED
2023-02-11 08:00:00,,,,,0,240,240,SESSION_CLOSED_EXPECTED,EXPECTED
2023-02-11 12:00:00,,,,,0,240,240,SESSION_CLOSED_EXPECTED,EXPECTED
2023-02-11 16:00:00,,,,,0,240,240,SESSION_CLOSED_EXPECTED,EXPECTED
2023-02-11 20:00:00,,,,,0,240,240,SESSION_CLOSED_EXPECTED,EXPECTED
2023-02-12 00:00:00,,,,,0,240,240,SESSION_CLOSED_EXPECTED,EXPECTED
2023-02-12 04:00:00,,,,,0,240,240,SESSION_CLOSED_EXPECTED,EXPECTED
2023-02-12 08:00:00,,,,,0,240,240,SESSION_CLOSED_EXPECTED,EXPECTED
2023-02-12 12:00:00,,,,,0,240,240,SESSION_CLOSED_EXPECTED,EXPECTED
2023-02-12 16:00:00,,,,,0,240,240,SESSION_CLOSED_EXPECTED,EXPECTED
2023-02-12 20:00:00,1.20609,1.20613,1.20448,1.20508,102,240,138,EXPECTED_INCOMPLETE,EXPECTED
2023-02-13 00:00:00,1.2051,1.20529,1.20332,1.20411,240,240,0,COMPLETE,
2023-02-13 04:00:00,1.20412,1.20664,1.20407,1.2063,240,240,0,COMPLETE,
2023-02-13 08:00:00,1.20632,1.20642,1.20302,1.20576,240,240,0,COMPLETE,
2023-02-13 12:00:00,1.20575,1.21446,1.20575,1.21362,240,240,0,COMPLETE,
2023-02-13 16:00:00,1.2136,1.21514,1.21204,1.21316,240,240,0,COMPLETE,
2023-02-13 20:00:00,1.21313,1.21504,1.21255,1.21501,229,240,11,UNEXPECTED_INCOMPLETE,UNEXPECTED
2023-02-14 00:00:00,1.21499,1.21512,1.21337,1.21458,240,240,0,COMPLETE,
2023-02-14 04:00:00,1.21455,1.21706,1.21339,1.21386,240,240,0,COMPLETE,
2023-02-14 08:00:00,1.21388,1.22157,1.21363,1.22012,240,240,0,COMPLETE,
2023-02-14 12:00:00,1.22013,1.22695,1.21168,1.21556,240,240,0,COMPLETE,
2023-02-14 16:00:00,1.21554,1.21899,1.21439,1.2174,240,240,0,COMPLETE,
2023-02-14 20:00:00,1.21738,1.21799,1.21641,1.21717,237,240,3,UNEXPECTED_INCOMPLETE,UNEXPECTED
2023-02-15 00:00:00,1.21732,1.21814,1.21452,1.21467,240,240,0,COMPLETE,
2023-02-15 04:00:00,1.21468,1.21602,1.20816,1.20824,240,240,0,COMPLETE,
2023-02-15 08:00:00,1.20822,1.21052,1.20561,1.20567,240,240,0,COMPLETE,
2023-02-15 12:00:00,1.20565,1.20688,1.19893,1.20019,240,240,0,COMPLETE,
2023-02-15 16:00:00,1.20018,1.20339,1.19953,1.20209,240,240,0,COMPLETE,
2023-02-15 20:00:00,1.20208,1.20379,1.2018,1.20365,232,240,8,UNEXPECTED_INCOMPLETE,UNEXPECTED
2023-02-16 00:00:00,1.20366,1.20527,1.2014,1.20473,239,240,1,UNEXPECTED_INCOMPLETE,UNEXPECTED
2023-02-16 04:00:00,1.20472,1.2052,1.20281,1.20465,240,240,0,COMPLETE,
2023-02-16 08:00:00,1.20462,1.20737,1.20385,1.20537,240,240,0,COMPLETE,
2023-02-16 12:00:00,1.20539,1.20559,1.19651,1.2012,240,240,0,COMPLETE,
2023-02-16 16:00:00,1.20122,1.20267,1.1998,1.2012,240,240,0,COMPLETE,
2023-02-16 20:00:00,1.20122,1.20141,1.19692,1.19736,236,240,4,UNEXPECTED_INCOMPLETE,UNEXPECTED
2023-02-17 00:00:00,1.19738,1.19764,1.19467,1.19545,240,240,0,COMPLETE,
2023-02-17 04:00:00,1.19542,1.19582,1.19312,1.19376,240,240,0,COMPLETE,
2023-02-17 08:00:00,1.19374,1.19489,1.19145,1.19341,240,240,0,COMPLETE,
2023-02-17 12:00:00,1.19341,1.20333,1.19206,1.19971,240,240,0,COMPLETE,
2023-02-17 16:00:00,1.19971,1.20472,1.19893,1.20456,240,240,0,COMPLETE,
2023-02-17 20:00:00,1.20455,1.20489,1.20381,1.20416,119,240,121,EXPECTED_INCOMPLETE,EXPECTED
2023-02-18 00:00:00,,,,,0,240,240,SESSION_CLOSED_EXPECTED,EXPECTED
2023-02-18 04:00:00,,,,,0,240,240,SESSION_CLOSED_EXPECTED,EXPECTED
2023-02-18 08:00:00,,,,,0,240,240,SESSION_CLOSED_EXPECTED,EXPECTED
2023-02-18 12:00:00,,,,,0,240,240,SESSION_CLOSED_EXPECTED,EXPECTED
2023-02-18 16:00:00,,,,,0,240,240,SESSION_CLOSED_EXPECTED,EXPECTED
2023-02-18 20:00:00,,,,,0,240,240,SESSION_CLOSED_EXPECTED,EXPECTED
2023-02-19 00:00:00,,,,,0,240,240,SESSION_CLOSED_EXPECTED,EXPECTED
2023-02-19 04:00:00,,,,,0,240,240,SESSION_CLOSED_EXPECTED,EXPECTED
2023-02-19 08:00:00,,,,,0,240,240,SESSION_CLOSED_EXPECTED,EXPECTED
2023-02-19 12:00:00,,,,,0,240,240,SESSION_CLOSED_EXPECTED,EXPECTED
2023-02-19 16:00:00,,,,,0,240,240,SESSION_CLOSED_EXPECTED,EXPECTED
2023-02-19 20:00:00,1.2021,1.20359,1.2021,1.20285,109,240,131,EXPECTED_INCOMPLETE,EXPECTED
2023-02-20 00:00:00,1.20287,1.2032,1.20142,1.20263,240,240,0,COMPLETE,
2023-02-20 04:00:00,1.20264,1.20558,1.20256,1.20516,240,240,0,COMPLETE,
2023-02-20 08:00:00,1.20513,1.20558,1.20182,1.20313,240,240,0,COMPLETE,
2023-02-20 12:00:00,1.20315,1.20423,1.20196,1.20289,240,240,0,COMPLETE,
2023-02-20 16:00:00,1.20287,1.20408,1.2026,1.20408,193,240,47,UNEXPECTED_INCOMPLETE,UNEXPECTED
2023-02-20 20:00:00,1.20402,1.20425,1.20194,1.20381,198,240,42,UNEXPECTED_INCOMPLETE,UNEXPECTED
2023-02-21 00:00:00,1.20378,1.20386,1.20125,1.2023,240,240,0,COMPLETE,
2023-02-21 04:00:00,1.20229,1.20311,1.19958,1.20149,240,240,0,COMPLETE,
2023-02-21 08:00:00,1.2015,1.21183,1.19855,1.21091,240,240,0,COMPLETE,
2023-02-21 12:00:00,1.2109,1.2147,1.20602,1.2142,240,240,0,COMPLETE,
2023-02-21 16:00:00,1.21419,1.21423,1.20967,1.21075,240,240,0,COMPLETE,
2023-02-21 20:00:00,1.21078,1.21129,1.2099,1.21086,232,240,8,UNEXPECTED_INCOMPLETE,UNEXPECTED
2023-02-22 00:00:00,1.21088,1.21352,1.21057,1.21196,240,240,0,COMPLETE,
2023-02-22 04:00:00,1.21197,1.21281,1.20976,1.21141,239,240,1,UNEXPECTED_INCOMPLETE,UNEXPECTED
2023-02-22 08:00:00,1.21138,1.21195,1.20627,1.20832,240,240,0,COMPLETE,
2023-02-22 12:00:00,1.20834,1.21199,1.20629,1.20668,240,240,0,COMPLETE,
2023-02-22 16:00:00,1.20667,1.20823,1.20342,1.20362,240,240,0,COMPLETE,
2023-02-22 20:00:00,1.20363,1.20482,1.20341,1.20464,225,240,15,UNEXPECTED_INCOMPLETE,UNEXPECTED
2023-02-23 00:00:00,1.20467,1.20675,1.20453,1.20638,240,240,0,COMPLETE,
2023-02-23 04:00:00,1.20637,1.20743,1.2052,1.20596,238,240,2,UNEXPECTED_INCOMPLETE,UNEXPECTED
2023-02-23 08:00:00,1.20598,1.2062,1.20138,1.20297,240,240,0,COMPLETE,
2023-02-23 12:00:00,1.20294,1.20689,1.20127,1.20236,240,240,0,COMPLETE,
2023-02-23 16:00:00,1.20233,1.20313,1.19919,1.2017,240,240,0,COMPLETE,
2023-02-23 20:00:00,1.2017,1.20235,1.20041,1.20163,229,240,11,UNEXPECTED_INCOMPLETE,UNEXPECTED
2023-02-24 00:00:00,1.20161,1.20328,1.20071,1.20219,240,240,0,COMPLETE,
2023-02-24 04:00:00,1.20221,1.20275,1.20099,1.20264,240,240,0,COMPLETE,
2023-02-24 08:00:00,1.20265,1.20416,1.19805,1.19867,240,240,0,COMPLETE,
2023-02-24 12:00:00,1.19865,1.19874,1.19278,1.19409,240,240,0,COMPLETE,
2023-02-24 16:00:00,1.19408,1.196,1.19368,1.19434,240,240,0,COMPLETE,
2023-02-24 20:00:00,1.19431,1.19543,1.19381,1.19397,118,240,122,UNEXPECTED_INCOMPLETE,EXPECTED|UNEXPECTED
2023-02-25 00:00:00,,,,,0,240,240,SESSION_CLOSED_EXPECTED,EXPECTED
2023-02-25 04:00:00,,,,,0,240,240,SESSION_CLOSED_EXPECTED,EXPECTED
2023-02-25 08:00:00,,,,,0,240,240,SESSION_CLOSED_EXPECTED,EXPECTED
2023-02-25 12:00:00,,,,,0,240,240,SESSION_CLOSED_EXPECTED,EXPECTED
2023-02-25 16:00:00,,,,,0,240,240,SESSION_CLOSED_EXPECTED,EXPECTED
2023-02-25 20:00:00,,,,,0,240,240,SESSION_CLOSED_EXPECTED,EXPECTED
2023-02-26 00:00:00,,,,,0,240,240,SESSION_CLOSED_EXPECTED,EXPECTED
2023-02-26 04:00:00,,,,,0,240,240,SESSION_CLOSED_EXPECTED,EXPECTED
2023-02-26 08:00:00,,,,,0,240,240,SESSION_CLOSED_EXPECTED,EXPECTED
2023-02-26 12:00:00,,,,,0,240,240,SESSION_CLOSED_EXPECTED,EXPECTED
2023-02-26 16:00:00,,,,,0,240,240,SESSION_CLOSED_EXPECTED,EXPECTED
2023-02-26 20:00:00,1.19447,1.19528,1.19379,1.19495,108,240,132,EXPECTED_INCOMPLETE,EXPECTED
2023-02-27 00:00:00,1.19496,1.19636,1.19376,1.19444,240,240,0,COMPLETE,
2023-02-27 04:00:00,1.19447,1.19574,1.19223,1.19548,240,240,0,COMPLETE,
2023-02-27 08:00:00,1.19549,1.19888,1.194,1.19841,240,240,0,COMPLETE,
2023-02-27 12:00:00,1.19843,1.20562,1.19739,1.20253,240,240,0,COMPLETE,
2023-02-27 16:00:00,1.20254,1.20656,1.20156,1.20575,240,240,0,COMPLETE,
2023-02-27 20:00:00,1.20577,1.20658,1.20489,1.20617,223,240,17,UNEXPECTED_INCOMPLETE,UNEXPECTED
2023-02-28 00:00:00,1.20618,1.20676,1.20487,1.2051,240,240,0,COMPLETE,
2023-02-28 04:00:00,1.20513,1.20535,1.20306,1.20363,240,240,0,COMPLETE,
2023-02-28 08:00:00,1.20366,1.21084,1.20267,1.20951,240,240,0,COMPLETE,
2023-02-28 12:00:00,1.20954,1.21429,1.20861,1.21069,240,240,0,COMPLETE,
2023-02-28 16:00:00,1.2107,1.21242,1.20524,1.20535,240,240,0,COMPLETE,
2023-02-28 20:00:00,1.20535,1.20554,1.20064,1.20324,235,240,5,UNEXPECTED_INCOMPLETE,UNEXPECTED
2023-03-01 00:00:00,1.20325,1.20413,1.20136,1.20389,240,240,0,COMPLETE,
2023-03-01 04:00:00,1.20388,1.20845,1.2035,1.2078,239,240,1,UNEXPECTED_INCOMPLETE,UNEXPECTED
2023-03-01 08:00:00,1.2078,1.20884,1.2013,1.20493,240,240,0,COMPLETE,
2023-03-01 12:00:00,1.20495,1.20736,1.19648,1.20065,240,240,0,COMPLETE,
2023-03-01 16:00:00,1.20062,1.20446,1.19888,1.20154,240,240,0,COMPLETE,
2023-03-01 20:00:00,1.20155,1.20279,1.2011,1.20259,229,240,11,UNEXPECTED_INCOMPLETE,UNEXPECTED
2023-03-02 00:00:00,1.20257,1.20359,1.19978,1.20042,239,240,1,UNEXPECTED_INCOMPLETE,UNEXPECTED
2023-03-02 04:00:00,1.20041,1.20093,1.19608,1.19778,240,240,0,COMPLETE,
2023-03-02 08:00:00,1.19775,1.20091,1.19551,1.19809,240,240,0,COMPLETE,
2023-03-02 12:00:00,1.19811,1.19875,1.19244,1.19532,240,240,0,COMPLETE,
2023-03-02 16:00:00,1.1953,1.19624,1.19247,1.19426,240,240,0,COMPLETE,
2023-03-02 20:00:00,1.19425,1.19573,1.19336,1.1949,227,240,13,UNEXPECTED_INCOMPLETE,UNEXPECTED
2023-03-03 00:00:00,1.19488,1.19762,1.1948,1.19642,240,240,0,COMPLETE,
2023-03-03 04:00:00,1.19644,1.19882,1.19611,1.19722,240,240,0,COMPLETE,
2023-03-03 08:00:00,1.19721,1.20033,1.19713,1.19966,240,240,0,COMPLETE,
2023-03-03 12:00:00,1.19969,1.20184,1.19618,1.19756,240,240,0,COMPLETE,
2023-03-03 16:00:00,1.19758,1.20464,1.19669,1.20441,240,240,0,COMPLETE,
2023-03-03 20:00:00,1.20442,1.20482,1.20379,1.20436,118,240,122,UNEXPECTED_INCOMPLETE,EXPECTED|UNEXPECTED
2023-03-04 00:00:00,,,,,0,240,240,SESSION_CLOSED_EXPECTED,EXPECTED
2023-03-04 04:00:00,,,,,0,240,240,SESSION_CLOSED_EXPECTED,EXPECTED
2023-03-04 08:00:00,,,,,0,240,240,SESSION_CLOSED_EXPECTED,EXPECTED
2023-03-04 12:00:00,,,,,0,240,240,SESSION_CLOSED_EXPECTED,EXPECTED
2023-03-04 16:00:00,,,,,0,240,240,SESSION_CLOSED_EXPECTED,EXPECTED
2023-03-04 20:00:00,,,,,0,240,240,SESSION_CLOSED_EXPECTED,EXPECTED
2023-03-05 00:00:00,,,,,0,240,240,SESSION_CLOSED_EXPECTED,EXPECTED
2023-03-05 04:00:00,,,,,0,240,240,SESSION_CLOSED_EXPECTED,EXPECTED
2023-03-05 08:00:00,,,,,0,240,240,SESSION_CLOSED_EXPECTED,EXPECTED
2023-03-05 12:00:00,,,,,0,240,240,SESSION_CLOSED_EXPECTED,EXPECTED
2023-03-05 16:00:00,,,,,0,240,240,SESSION_CLOSED_EXPECTED,EXPECTED
2023-03-05 20:00:00,1.20228,1.20362,1.20188,1.20256,110,240,130,EXPECTED_INCOMPLETE,EXPECTED
2023-03-06 00:00:00,1.20271,1.20477,1.20238,1.20431,240,240,0,COMPLETE,
2023-03-06 04:00:00,1.20428,1.20447,1.20227,1.20366,240,240,0,COMPLETE,
2023-03-06 08:00:00,1.20363,1.20451,1.19924,1.19988,240,240,0,COMPLETE,
2023-03-06 12:00:00,1.19987,1.20373,1.19956,1.20269,240,240,0,COMPLETE,
2023-03-06 16:00:00,1.20266,1.20483,1.2015,1.20155,240,240,0,COMPLETE,
2023-03-06 20:00:00,1.20154,1.20264,1.20132,1.20246,224,240,16,UNEXPECTED_INCOMPLETE,UNEXPECTED
2023-03-07 00:00:00,1.20244,1.20455,1.20167,1.20443,240,240,0,COMPLETE,
2023-03-07 04:00:00,1.20445,1.20643,1.20339,1.20488,240,240,0,COMPLETE,
2023-03-07 08:00:00,1.20489,1.2049,1.19807,1.19888,240,240,0,COMPLETE,
2023-03-07 12:00:00,1.1989,1.1999,1.18658,1.18748,240,240,0,COMPLETE,
2023-03-07 16:00:00,1.18751,1.18877,1.1821,1.18287,240,240,0,COMPLETE,
2023-03-07 20:00:00,1.18289,1.18362,1.18165,1.18264,227,240,13,UNEXPECTED_INCOMPLETE,UNEXPECTED
2023-03-08 00:00:00,1.18262,1.18355,1.18096,1.18114,240,240,0,COMPLETE,
2023-03-08 04:00:00,1.18116,1.18324,1.18103,1.18242,240,240,0,COMPLETE,
2023-03-08 08:00:00,1.18244,1.18465,1.1815,1.18353,240,240,0,COMPLETE,
2023-03-08 12:00:00,1.18355,1.18587,1.18026,1.18356,240,240,0,COMPLETE,
2023-03-08 16:00:00,1.18355,1.18517,1.18247,1.1842,240,240,0,COMPLETE,
2023-03-08 20:00:00,1.18422,1.18496,1.18273,1.18487,225,240,15,UNEXPECTED_INCOMPLETE,UNEXPECTED
2023-03-09 00:00:00,1.18489,1.18542,1.18317,1.18468,239,240,1,UNEXPECTED_INCOMPLETE,UNEXPECTED
2023-03-09 04:00:00,1.18465,1.18652,1.18431,1.18493,240,240,0,COMPLETE,
2023-03-09 08:00:00,1.18492,1.19018,1.18377,1.18888,240,240,0,COMPLETE,
2023-03-09 12:00:00,1.18885,1.19358,1.18758,1.19101,240,240,0,COMPLETE,
2023-03-09 16:00:00,1.19103,1.19384,1.19043,1.19098,240,240,0,COMPLETE,
2023-03-09 20:00:00,1.19098,1.19247,1.19029,1.19224,221,240,19,UNEXPECTED_INCOMPLETE,UNEXPECTED
2023-03-10 00:00:00,1.19222,1.19327,1.19075,1.19244,240,240,0,COMPLETE,
2023-03-10 04:00:00,1.19243,1.19593,1.19193,1.19547,240,240,0,COMPLETE,
2023-03-10 08:00:00,1.19549,1.20089,1.19262,1.19925,240,240,0,COMPLETE,
2023-03-10 12:00:00,1.19926,1.21132,1.19752,1.20981,240,240,0,COMPLETE,
2023-03-10 16:00:00,1.20982,1.20985,1.20173,1.20316,240,240,0,COMPLETE,
2023-03-10 20:00:00,1.20315,1.20371,1.20208,1.20321,119,240,121,EXPECTED_INCOMPLETE,EXPECTED
2023-03-11 00:00:00,,,,,0,240,240,SESSION_CLOSED_EXPECTED,EXPECTED
2023-03-11 04:00:00,,,,,0,240,240,SESSION_CLOSED_EXPECTED,EXPECTED
2023-03-11 08:00:00,,,,,0,240,240,SESSION_CLOSED_EXPECTED,EXPECTED
2023-03-11 12:00:00,,,,,0,240,240,SESSION_CLOSED_EXPECTED,EXPECTED
2023-03-11 16:00:00,,,,,0,240,240,SESSION_CLOSED_EXPECTED,EXPECTED
2023-03-11 20:00:00,,,,,0,240,240,SESSION_CLOSED_EXPECTED,EXPECTED
2023-03-12 00:00:00,,,,,0,240,240,SESSION_CLOSED_EXPECTED,EXPECTED
2023-03-12 04:00:00,,,,,0,240,240,SESSION_CLOSED_EXPECTED,EXPECTED
2023-03-12 08:00:00,,,,,0,240,240,SESSION_CLOSED_EXPECTED,EXPECTED
2023-03-12 12:00:00,,,,,0,240,240,SESSION_CLOSED_EXPECTED,EXPECTED
2023-03-12 16:00:00,,,,,0,240,240,SESSION_CLOSED_EXPECTED,EXPECTED
2023-03-12 20:00:00,1.20607,1.21035,1.20576,1.20753,163,240,77,EXPECTED_INCOMPLETE,EXPECTED
2023-03-13 00:00:00,1.20755,1.2141,1.20543,1.21231,240,240,0,COMPLETE,
2023-03-13 04:00:00,1.21233,1.2129,1.20945,1.21023,240,240,0,COMPLETE,
2023-03-13 08:00:00,1.21021,1.21214,1.2046,1.20764,240,240,0,COMPLETE,
2023-03-13 12:00:00,1.20766,1.21781,1.2057,1.21579,240,240,0,COMPLETE,
2023-03-13 16:00:00,1.2158,1.21992,1.21399,1.2185,240,240,0,COMPLETE,
2023-03-13 20:00:00,1.21849,1.21867,1.21637,1.21665,233,240,7,UNEXPECTED_INCOMPLETE,UNEXPECTED
2023-03-14 00:00:00,1.21667,1.21695,1.21446,1.21541,240,240,0,COMPLETE,
2023-03-14 04:00:00,1.21544,1.2183,1.21455,1.21543,240,240,0,COMPLETE,
2023-03-14 08:00:00,1.21541,1.21692,1.21404,1.21665,240,240,0,COMPLETE,
2023-03-14 12:00:00,1.21662,1.22033,1.21352,1.21447,240,240,0,COMPLETE,
2023-03-14 16:00:00,1.21446,1.21844,1.21403,1.21779,240,240,0,COMPLETE,
2023-03-14 20:00:00,1.21778,1.21784,1.21447,1.21504,226,240,14,UNEXPECTED_INCOMPLETE,UNEXPECTED
2023-03-15 00:00:00,1.21502,1.21812,1.21464,1.21724,240,240,0,COMPLETE,
2023-03-15 04:00:00,1.21722,1.21745,1.21375,1.21565,240,240,0,COMPLETE,
2023-03-15 08:00:00,1.21566,1.21639,1.20589,1.20665,240,240,0,COMPLETE,
2023-03-15 12:00:00,1.20663,1.21128,1.2018,1.20305,240,240,0,COMPLETE,
2023-03-15 16:00:00,1.20303,1.20849,1.201,1.20597,240,240,0,COMPLETE,
2023-03-15 20:00:00,1.20594,1.2071,1.20427,1.20667,230,240,10,UNEXPECTED_INCOMPLETE,UNEXPECTED
2023-03-16 00:00:00,1.20668,1.20814,1.20607,1.2075,240,240,0,COMPLETE,
2023-03-16 04:00:00,1.20748,1.20997,1.20626,1.2095,240,240,0,COMPLETE,
2023-03-16 08:00:00,1.20952,1.21126,1.20315,1.20488,240,240,0,COMPLETE,
2023-03-16 12:00:00,1.20486,1.21163,1.20269,1.21098,240,240,0,COMPLETE,
2023-03-16 16:00:00,1.21094,1.21274,1.21019,1.21157,227,240,13,UNEXPECTED_INCOMPLETE,UNEXPECTED
2023-03-16 20:00:00,1.21156,1.21213,1.20955,1.21093,229,240,11,UNEXPECTED_INCOMPLETE,EXPECTED|UNEXPECTED
2023-03-17 00:00:00,1.21094,1.21479,1.21015,1.21397,240,240,0,COMPLETE,
2023-03-17 04:00:00,1.214,1.21762,1.21389,1.2163,240,240,0,COMPLETE,
2023-03-17 08:00:00,1.21628,1.21715,1.21128,1.21308,240,240,0,COMPLETE,
2023-03-17 12:00:00,1.2131,1.21662,1.21236,1.21391,240,240,0,COMPLETE,
2023-03-17 16:00:00,1.21393,1.22,1.21351,1.21696,240,240,0,COMPLETE,
2023-03-17 20:00:00,1.21698,1.21793,1.21686,1.2179,58,240,182,UNEXPECTED_INCOMPLETE,EXPECTED|UNEXPECTED
2023-03-18 00:00:00,,,,,0,240,240,SESSION_CLOSED_EXPECTED,EXPECTED
2023-03-18 04:00:00,,,,,0,240,240,SESSION_CLOSED_EXPECTED,EXPECTED
2023-03-18 08:00:00,,,,,0,240,240,SESSION_CLOSED_EXPECTED,EXPECTED
2023-03-18 12:00:00,,,,,0,240,240,SESSION_CLOSED_EXPECTED,EXPECTED
2023-03-18 16:00:00,,,,,0,240,240,SESSION_CLOSED_EXPECTED,EXPECTED
2023-03-18 20:00:00,,,,,0,240,240,SESSION_CLOSED_EXPECTED,EXPECTED
2023-03-19 00:00:00,,,,,0,240,240,SESSION_CLOSED_EXPECTED,EXPECTED
2023-03-19 04:00:00,,,,,0,240,240,SESSION_CLOSED_EXPECTED,EXPECTED
2023-03-19 08:00:00,,,,,0,240,240,SESSION_CLOSED_EXPECTED,EXPECTED
2023-03-19 12:00:00,,,,,0,240,240,SESSION_CLOSED_EXPECTED,EXPECTED
2023-03-19 16:00:00,,,,,0,240,240,SESSION_CLOSED_EXPECTED,EXPECTED
2023-03-19 20:00:00,1.21987,1.2203,1.21761,1.21866,163,240,77,EXPECTED_INCOMPLETE,EXPECTED
2023-03-20 00:00:00,1.21868,1.21999,1.21686,1.21728,240,240,0,COMPLETE,
2023-03-20 04:00:00,1.21731,1.21991,1.21666,1.21889,240,240,0,COMPLETE,
2023-03-20 08:00:00,1.21891,1.22337,1.2168,1.22311,240,240,0,COMPLETE,
2023-03-20 12:00:00,1.22315,1.22656,1.22167,1.22549,240,240,0,COMPLETE,
2023-03-20 16:00:00,1.22548,1.22845,1.22528,1.22769,240,240,0,COMPLETE,
2023-03-20 20:00:00,1.22765,1.22804,1.22644,1.22735,211,240,29,UNEXPECTED_INCOMPLETE,UNEXPECTED
2023-03-21 00:00:00,1.22737,1.22822,1.22566,1.22591,239,240,1,UNEXPECTED_INCOMPLETE,UNEXPECTED
2023-03-21 04:00:00,1.22589,1.22622,1.22335,1.22366,239,240,1,UNEXPECTED_INCOMPLETE,UNEXPECTED
2023-03-21 08:00:00,1.22365,1.22583,1.22285,1.22494,240,240,0,COMPLETE,
2023-03-21 12:00:00,1.22498,1.2256,1.21793,1.21941,240,240,0,COMPLETE,
2023-03-21 16:00:00,1.21939,1.22186,1.21784,1.22174,240,240,0,COMPLETE,
2023-03-21 20:00:00,1.22177,1.22249,1.22021,1.22246,206,240,34,UNEXPECTED_INCOMPLETE,UNEXPECTED
2023-03-22 00:00:00,1.22248,1.22332,1.22081,1.22304,239,240,1,UNEXPECTED_INCOMPLETE,UNEXPECTED
2023-03-22 04:00:00,1.22301,1.22692,1.22238,1.22593,239,240,1,UNEXPECTED_INCOMPLETE,UNEXPECTED
2023-03-22 08:00:00,1.2259,1.2297,1.22582,1.22687,240,240,0,COMPLETE,
2023-03-22 12:00:00,1.22689,1.22793,1.22205,1.22299,240,240,0,COMPLETE,
2023-03-22 16:00:00,1.22302,1.23349,1.22261,1.22725,240,240,0,COMPLETE,
2023-03-22 20:00:00,1.22722,1.22793,1.22544,1.22772,235,240,5,UNEXPECTED_INCOMPLETE,UNEXPECTED
2023-03-23 00:00:00,1.22774,1.23235,1.22767,1.23159,240,240,0,COMPLETE,
2023-03-23 04:00:00,1.23156,1.2342,1.23045,1.23099,240,240,0,COMPLETE,
2023-03-23 08:00:00,1.23099,1.23315,1.22821,1.2303,240,240,0,COMPLETE,
2023-03-23 12:00:00,1.23028,1.23372,1.22647,1.23203,240,240,0,COMPLETE,
2023-03-23 16:00:00,1.23201,1.23287,1.22613,1.22896,240,240,0,COMPLETE,
2023-03-23 20:00:00,1.22899,1.22902,1.22721,1.22801,231,240,9,UNEXPECTED_INCOMPLETE,UNEXPECTED
2023-03-24 00:00:00,1.228,1.2286,1.22612,1.2282,240,240,0,COMPLETE,
2023-03-24 04:00:00,1.22823,1.22882,1.22654,1.22706,240,240,0,COMPLETE,
2023-03-24 08:00:00,1.22708,1.22736,1.21899,1.22187,240,240,0,COMPLETE,
2023-03-24 12:00:00,1.22184,1.22311,1.2196,1.22229,240,240,0,COMPLETE,
2023-03-24 16:00:00,1.22232,1.22338,1.22121,1.22258,240,240,0,COMPLETE,
2023-03-24 20:00:00,1.22259,1.22328,1.22249,1.22302,58,240,182,UNEXPECTED_INCOMPLETE,EXPECTED|UNEXPECTED
2023-03-25 00:00:00,,,,,0,240,240,SESSION_CLOSED_EXPECTED,EXPECTED
2023-03-25 04:00:00,,,,,0,240,240,SESSION_CLOSED_EXPECTED,EXPECTED
2023-03-25 08:00:00,,,,,0,240,240,SESSION_CLOSED_EXPECTED,EXPECTED
2023-03-25 12:00:00,,,,,0,240,240,SESSION_CLOSED_EXPECTED,EXPECTED
2023-03-25 16:00:00,,,,,0,240,240,SESSION_CLOSED_EXPECTED,EXPECTED
2023-03-25 20:00:00,,,,,0,240,240,SESSION_CLOSED_EXPECTED,EXPECTED
2023-03-26 00:00:00,,,,,0,240,240,SESSION_CLOSED_EXPECTED,EXPECTED
2023-03-26 04:00:00,,,,,0,240,240,SESSION_CLOSED_EXPECTED,EXPECTED
2023-03-26 08:00:00,,,,,0,240,240,SESSION_CLOSED_EXPECTED,EXPECTED
2023-03-26 12:00:00,,,,,0,240,240,SESSION_CLOSED_EXPECTED,EXPECTED
2023-03-26 16:00:00,,,,,0,240,240,SESSION_CLOSED_EXPECTED,EXPECTED
2023-03-26 20:00:00,1.22207,1.22495,1.22202,1.22446,165,240,75,EXPECTED_INCOMPLETE,EXPECTED
2023-03-27 00:00:00,1.22448,1.22507,1.22301,1.2244,240,240,0,COMPLETE,
2023-03-27 04:00:00,1.22441,1.22589,1.22187,1.22346,239,240,1,UNEXPECTED_INCOMPLETE,UNEXPECTED
2023-03-27 08:00:00,1.22344,1.22728,1.22324,1.22637,240,240,0,COMPLETE,
2023-03-27 12:00:00,1.22639,1.22929,1.22398,1.22771,240,240,0,COMPLETE,
2023-03-27 16:00:00,1.22769,1.22926,1.22717,1.22882,239,240,1,UNEXPECTED_INCOMPLETE,UNEXPECTED
2023-03-27 20:00:00,1.22883,1.22976,1.22724,1.22959,218,240,22,UNEXPECTED_INCOMPLETE,UNEXPECTED
2023-03-28 00:00:00,1.22961,1.2321,1.22933,1.23179,240,240,0,COMPLETE,
2023-03-28 04:00:00,1.23181,1.23298,1.2308,1.2309,240,240,0,COMPLETE,
2023-03-28 08:00:00,1.23088,1.23267,1.22807,1.23208,240,240,0,COMPLETE,
2023-03-28 12:00:00,1.23205,1.23489,1.22992,1.23398,240,240,0,COMPLETE,
2023-03-28 16:00:00,1.23397,1.23478,1.23291,1.2342,240,240,0,COMPLETE,
2023-03-28 20:00:00,1.23418,1.23429,1.23277,1.23294,217,240,23,UNEXPECTED_INCOMPLETE,UNEXPECTED
2023-03-29 00:00:00,1.23297,1.23406,1.23205,1.23246,239,240,1,UNEXPECTED_INCOMPLETE,UNEXPECTED
2023-03-29 04:00:00,1.23249,1.23341,1.23085,1.23208,240,240,0,COMPLETE,
2023-03-29 08:00:00,1.23206,1.23613,1.23046,1.23388,240,240,0,COMPLETE,
2023-03-29 12:00:00,1.23386,1.23449,1.23023,1.231,240,240,0,COMPLETE,
2023-03-29 16:00:00,1.23101,1.23226,1.23043,1.23124,240,240,0,COMPLETE,
2023-03-29 20:00:00,1.23126,1.23175,1.22998,1.23096,225,240,15,UNEXPECTED_INCOMPLETE,UNEXPECTED
2023-03-30 00:00:00,1.23099,1.23115,1.22925,1.23035,240,240,0,COMPLETE,
2023-03-30 04:00:00,1.23037,1.23525,1.23027,1.23504,240,240,0,COMPLETE,
2023-03-30 08:00:00,1.235,1.23633,1.23281,1.23378,240,240,0,COMPLETE,
2023-03-30 12:00:00,1.2338,1.23841,1.23379,1.23667,240,240,0,COMPLETE,
2023-03-30 16:00:00,1.23666,1.23927,1.23649,1.23891,239,240,1,UNEXPECTED_INCOMPLETE,UNEXPECTED
2023-03-30 20:00:00,1.23894,1.23912,1.23736,1.23858,221,240,19,UNEXPECTED_INCOMPLETE,UNEXPECTED
2023-03-31 00:00:00,1.23861,1.24225,1.2383,1.23976,240,240,0,COMPLETE,
2023-03-31 04:00:00,1.23975,1.24027,1.23602,1.23665,240,240,0,COMPLETE,
2023-03-31 08:00:00,1.23668,1.23905,1.23534,1.23734,240,240,0,COMPLETE,
2023-03-31 12:00:00,1.23734,1.23971,1.2344,1.23673,240,240,0,COMPLETE,
2023-03-31 16:00:00,1.23676,1.23677,1.23237,1.23365,240,240,0,COMPLETE,
2023-03-31 20:00:00,1.23367,1.23367,1.2326,1.23293,57,240,183,UNEXPECTED_INCOMPLETE,EXPECTED|UNEXPECTED
2023-04-01 00:00:00,,,,,0,240,240,SESSION_CLOSED_EXPECTED,EXPECTED
2023-04-01 04:00:00,,,,,0,240,240,SESSION_CLOSED_EXPECTED,EXPECTED
2023-04-01 08:00:00,,,,,0,240,240,SESSION_CLOSED_EXPECTED,EXPECTED
2023-04-01 12:00:00,,,,,0,240,240,SESSION_CLOSED_EXPECTED,EXPECTED
2023-04-01 16:00:00,,,,,0,240,240,SESSION_CLOSED_EXPECTED,EXPECTED
2023-04-01 20:00:00,,,,,0,240,240,SESSION_CLOSED_EXPECTED,EXPECTED
2023-04-02 00:00:00,,,,,0,240,240,SESSION_CLOSED_EXPECTED,EXPECTED
2023-04-02 04:00:00,,,,,0,240,240,SESSION_CLOSED_EXPECTED,EXPECTED
2023-04-02 08:00:00,,,,,0,240,240,SESSION_CLOSED_EXPECTED,EXPECTED
2023-04-02 12:00:00,,,,,0,240,240,SESSION_CLOSED_EXPECTED,EXPECTED
2023-04-02 16:00:00,,,,,0,240,240,SESSION_CLOSED_EXPECTED,EXPECTED
2023-04-02 20:00:00,1.23178,1.23284,1.22837,1.22855,166,240,74,EXPECTED_INCOMPLETE,EXPECTED
2023-04-03 00:00:00,1.22859,1.23075,1.22761,1.22765,240,240,0,COMPLETE,
2023-04-03 04:00:00,1.22762,1.23257,1.2274,1.23225,221,240,19,UNEXPECTED_INCOMPLETE,UNEXPECTED
2023-04-03 08:00:00,1.23223,1.23828,1.23087,1.23826,240,240,0,COMPLETE,
2023-04-03 12:00:00,1.23828,1.24202,1.23777,1.24013,240,240,0,COMPLETE,
2023-04-03 16:00:00,1.24014,1.24228,1.23847,1.2422,240,240,0,COMPLETE,
2023-04-03 20:00:00,1.24217,1.2425,1.24007,1.24199,228,240,12,UNEXPECTED_INCOMPLETE,UNEXPECTED
2023-04-04 00:00:00,1.242,1.24227,1.23983,1.2404,240,240,0,COMPLETE,
2023-04-04 04:00:00,1.24042,1.24738,1.23948,1.24692,240,240,0,COMPLETE,
2023-04-04 08:00:00,1.24694,1.25206,1.24615,1.24806,240,240,0,COMPLETE,
2023-04-04 12:00:00,1.24807,1.2525,1.24655,1.24978,240,240,0,COMPLETE,
2023-04-04 16:00:00,1.24978,1.25015,1.24867,1.24987,240,240,0,COMPLETE,
2023-04-04 20:00:00,1.24988,1.25064,1.24902,1.24989,211,240,29,UNEXPECTED_INCOMPLETE,UNEXPECTED
2023-04-05 00:00:00,1.24987,1.25101,1.2483,1.24902,240,240,0,COMPLETE,
2023-04-05 04:00:00,1.249,1.25138,1.24783,1.2486,240,240,0,COMPLETE,
2023-04-05 08:00:00,1.24863,1.24937,1.24552,1.24722,240,240,0,COMPLETE,
2023-04-05 12:00:00,1.24724,1.25074,1.24321,1.24676,240,240,0,COMPLETE,
2023-04-05 16:00:00,1.24677,1.24702,1.24464,1.24585,239,240,1,UNEXPECTED_INCOMPLETE,UNEXPECTED
2023-04-05 20:00:00,1.24586,1.24663,1.2448,1.2462,211,240,29,UNEXPECTED_INCOMPLETE,UNEXPECTED
2023-04-06 00:00:00,1.24622,1.24639,1.24367,1.24449,239,240,1,UNEXPECTED_INCOMPLETE,UNEXPECTED
2023-04-06 04:00:00,1.24447,1.24864,1.24409,1.24683,239,240,1,UNEXPECTED_INCOMPLETE,UNEXPECTED
2023-04-06 08:00:00,1.24684,1.24813,1.24516,1.24788,240,240,0,COMPLETE,
2023-04-06 12:00:00,1.24785,1.24807,1.24122,1.24536,240,240,0,COMPLETE,
2023-04-06 16:00:00,1.2454,1.24667,1.24398,1.2443,239,240,1,UNEXPECTED_INCOMPLETE,UNEXPECTED
2023-04-06 20:00:00,1.24428,1.2443,1.24199,1.24326,202,240,38,UNEXPECTED_INCOMPLETE,UNEXPECTED
2023-04-07 00:00:00,1.24325,1.24442,1.24294,1.24424,217,240,23,UNEXPECTED_INCOMPLETE,UNEXPECTED
2023-04-07 04:00:00,1.24425,1.24505,1.24308,1.24337,222,240,18,UNEXPECTED_INCOMPLETE,UNEXPECTED
2023-04-07 08:00:00,1.24335,1.24442,1.24263,1.24359,233,240,7,UNEXPECTED_INCOMPLETE,UNEXPECTED
2023-04-07 12:00:00,1.24357,1.24357,1.23882,1.24193,240,240,0,COMPLETE,
2023-04-07 16:00:00,1.24187,1.2425,1.24116,1.24214,220,240,20,UNEXPECTED_INCOMPLETE,UNEXPECTED
2023-04-07 20:00:00,1.24218,1.24286,1.2406,1.24067,57,240,183,UNEXPECTED_INCOMPLETE,EXPECTED|UNEXPECTED
2023-04-08 00:00:00,,,,,0,240,240,SESSION_CLOSED_EXPECTED,EXPECTED
2023-04-08 04:00:00,,,,,0,240,240,SESSION_CLOSED_EXPECTED,EXPECTED
2023-04-08 08:00:00,,,,,0,240,240,SESSION_CLOSED_EXPECTED,EXPECTED
2023-04-08 12:00:00,,,,,0,240,240,SESSION_CLOSED_EXPECTED,EXPECTED
2023-04-08 16:00:00,,,,,0,240,240,SESSION_CLOSED_EXPECTED,EXPECTED
2023-04-08 20:00:00,,,,,0,240,240,SESSION_CLOSED_EXPECTED,EXPECTED
2023-04-09 00:00:00,,,,,0,240,240,SESSION_CLOSED_EXPECTED,EXPECTED
2023-04-09 04:00:00,,,,,0,240,240,SESSION_CLOSED_EXPECTED,EXPECTED
2023-04-09 08:00:00,,,,,0,240,240,SESSION_CLOSED_EXPECTED,EXPECTED
2023-04-09 12:00:00,,,,,0,240,240,SESSION_CLOSED_EXPECTED,EXPECTED
2023-04-09 16:00:00,,,,,0,240,240,SESSION_CLOSED_EXPECTED,EXPECTED
2023-04-09 20:00:00,1.24079,1.2431,1.24005,1.24303,153,240,87,EXPECTED_INCOMPLETE,EXPECTED
2023-04-10 00:00:00,1.24305,1.2434,1.24072,1.24081,240,240,0,COMPLETE,
2023-04-10 04:00:00,1.24078,1.24264,1.23964,1.24264,240,240,0,COMPLETE,
2023-04-10 08:00:00,1.24265,1.24422,1.24085,1.24118,240,240,0,COMPLETE,
2023-04-10 12:00:00,1.24121,1.24155,1.2344,1.23571,240,240,0,COMPLETE,
2023-04-10 16:00:00,1.23569,1.23847,1.23559,1.23846,240,240,0,COMPLETE,
2023-04-10 20:00:00,1.23844,1.2392,1.23703,1.23909,202,240,38,UNEXPECTED_INCOMPLETE,UNEXPECTED
2023-04-11 00:00:00,1.23911,1.24128,1.23863,1.24057,239,240,1,UNEXPECTED_INCOMPLETE,UNEXPECTED
2023-04-11 04:00:00,1.24059,1.24364,1.24004,1.24236,240,240,0,COMPLETE,
2023-04-11 08:00:00,1.24239,1.24558,1.24175,1.24278,240,240,0,COMPLETE,
2023-04-11 12:00:00,1.24274,1.24399,1.24067,1.24078,240,240,0,COMPLETE,
2023-04-11 16:00:00,1.24079,1.2427,1.2405,1.24247,240,240,0,COMPLETE,
2023-04-11 20:00:00,1.2425,1.24305,1.24146,1.2429,207,240,33,UNEXPECTED_INCOMPLETE,UNEXPECTED
2023-04-12 00:00:00,1.24292,1.24399,1.24209,1.24322,240,240,0,COMPLETE,
2023-04-12 04:00:00,1.24324,1.24457,1.24165,1.24231,240,240,0,COMPLETE,
2023-04-12 08:00:00,1.24233,1.24275,1.23981,1.24045,240,240,0,COMPLETE,
2023-04-12 12:00:00,1.24047,1.2484,1.23993,1.24686,240,240,0,COMPLETE,
2023-04-12 16:00:00,1.24688,1.24948,1.24671,1.24832,240,240,0,COMPLETE,
2023-04-12 20:00:00,1.24834,1.24948,1.24703,1.24915,211,240,29,UNEXPECTED_INCOMPLETE,UNEXPECTED
2023-04-13 00:00:00,1.24916,1.24959,1.24815,1.24864,240,240,0,COMPLETE,
2023-04-13 04:00:00,1.24863,1.25061,1.24758,1.24955,240,240,0,COMPLETE,
2023-04-13 08:00:00,1.24954,1.25283,1.24954,1.25025,240,240,0,COMPLETE,
2023-04-13 12:00:00,1.25025,1.25369,1.24999,1.25295,240,240,0,COMPLETE,
2023-04-13 16:00:00,1.25296,1.2535,1.25205,1.25239,238,240,2,UNEXPECTED_INCOMPLETE,UNEXPECTED
2023-04-13 20:00:00,1.25243,1.25294,1.25084,1.2524,217,240,23,UNEXPECTED_INCOMPLETE,UNEXPECTED
2023-04-14 00:00:00,1.25242,1.2546,1.25168,1.25411,240,240,0,COMPLETE,
2023-04-14 04:00:00,1.25413,1.25449,1.25249,1.25261,240,240,0,COMPLETE,
2023-04-14 08:00:00,1.25264,1.25277,1.24857,1.24918,240,240,0,COMPLETE,
2023-04-14 12:00:00,1.2492,1.25235,1.24107,1.24158,240,240,0,COMPLETE,
2023-04-14 16:00:00,1.24157,1.24253,1.23987,1.24159,240,240,0,COMPLETE,
2023-04-14 20:00:00,1.2416,1.24181,1.24124,1.24144,57,240,183,UNEXPECTED_INCOMPLETE,EXPECTED|UNEXPECTED
2023-04-15 00:00:00,,,,,0,240,240,SESSION_CLOSED_EXPECTED,EXPECTED
2023-04-15 04:00:00,,,,,0,240,240,SESSION_CLOSED_EXPECTED,EXPECTED
2023-04-15 08:00:00,,,,,0,240,240,SESSION_CLOSED_EXPECTED,EXPECTED
2023-04-15 12:00:00,,,,,0,240,240,SESSION_CLOSED_EXPECTED,EXPECTED
2023-04-15 16:00:00,,,,,0,240,240,SESSION_CLOSED_EXPECTED,EXPECTED
2023-04-15 20:00:00,,,,,0,240,240,SESSION_CLOSED_EXPECTED,EXPECTED
2023-04-16 00:00:00,,,,,0,240,240,SESSION_CLOSED_EXPECTED,EXPECTED
2023-04-16 04:00:00,,,,,0,240,240,SESSION_CLOSED_EXPECTED,EXPECTED
2023-04-16 08:00:00,,,,,0,240,240,SESSION_CLOSED_EXPECTED,EXPECTED
2023-04-16 12:00:00,,,,,0,240,240,SESSION_CLOSED_EXPECTED,EXPECTED
2023-04-16 16:00:00,,,,,0,240,240,SESSION_CLOSED_EXPECTED,EXPECTED
2023-04-16 20:00:00,1.24061,1.24174,1.23977,1.24009,152,240,88,EXPECTED_INCOMPLETE,EXPECTED
2023-04-17 00:00:00,1.24011,1.24119,1.23831,1.24031,240,240,0,COMPLETE,
2023-04-17 04:00:00,1.24028,1.2428,1.23998,1.2413,240,240,0,COMPLETE,
2023-04-17 08:00:00,1.24127,1.24269,1.23739,1.24241,240,240,0,COMPLETE,
2023-04-17 12:00:00,1.24243,1.24377,1.23558,1.2356,240,240,0,COMPLETE,
2023-04-17 16:00:00,1.23561,1.23783,1.23529,1.23781,239,240,1,UNEXPECTED_INCOMPLETE,UNEXPECTED
2023-04-17 20:00:00,1.23778,1.23781,1.23634,1.2373,193,240,47,UNEXPECTED_INCOMPLETE,UNEXPECTED
2023-04-18 00:00:00,1.23732,1.23873,1.23672,1.23822,240,240,0,COMPLETE,
2023-04-18 04:00:00,1.23821,1.24304,1.23805,1.24291,239,240,1,UNEXPECTED_INCOMPLETE,UNEXPECTED
2023-04-18 08:00:00,1.24293,1.24479,1.24252,1.24406,240,240,0,COMPLETE,
2023-04-18 12:00:00,1.24408,1.24493,1.24119,1.24192,240,240,0,COMPLETE,
2023-04-18 16:00:00,1.24192,1.24316,1.24169,1.24253,240,240,0,COMPLETE,
2023-04-18 20:00:00,1.24255,1.243,1.24144,1.2424,196,240,44,UNEXPECTED_INCOMPLETE,UNEXPECTED
2023-04-19 00:00:00,1.24242,1.2434,1.24093,1.24194,240,240,0,COMPLETE,
2023-04-19 04:00:00,1.24195,1.24721,1.24003,1.24591,238,240,2,UNEXPECTED_INCOMPLETE,UNEXPECTED
2023-04-19 08:00:00,1.24588,1.24612,1.2392,1.24046,240,240,0,COMPLETE,
2023-04-19 12:00:00,1.24045,1.24738,1.23998,1.24389,240,240,0,COMPLETE,
2023-04-19 16:00:00,1.24388,1.24541,1.24362,1.24389,240,240,0,COMPLETE,
2023-04-19 20:00:00,1.24393,1.24402,1.24243,1.24275,218,240,22,UNEXPECTED_INCOMPLETE,UNEXPECTED
2023-04-20 00:00:00,1.24279,1.24348,1.242,1.24281,240,240,0,COMPLETE,
2023-04-20 04:00:00,1.24282,1.24521,1.24179,1.2421,240,240,0,COMPLETE,
2023-04-20 08:00:00,1.24209,1.24514,1.24149,1.24282,240,240,0,COMPLETE,
2023-04-20 12:00:00,1.24284,1.24671,1.24044,1.24464,240,240,0,COMPLETE,
2023-04-20 16:00:00,1.24466,1.24522,1.2429,1.24371,239,240,1,UNEXPECTED_INCOMPLETE,UNEXPECTED
2023-04-20 20:00:00,1.24369,1.24433,1.24278,1.244,224,240,16,UNEXPECTED_INCOMPLETE,UNEXPECTED
2023-04-21 00:00:00,1.24401,1.24459,1.24292,1.24361,240,240,0,COMPLETE,
2023-04-21 04:00:00,1.24363,1.24366,1.23775,1.2398,240,240,0,COMPLETE,
2023-04-21 08:00:00,1.23977,1.24162,1.23767,1.2395,240,240,0,COMPLETE,
2023-04-21 12:00:00,1.23947,1.24248,1.23667,1.24174,240,240,0,COMPLETE,
2023-04-21 16:00:00,1.24172,1.24443,1.24151,1.24439,239,240,1,UNEXPECTED_INCOMPLETE,UNEXPECTED
2023-04-21 20:00:00,1.24438,1.24477,1.24381,1.24422,56,240,184,UNEXPECTED_INCOMPLETE,EXPECTED|UNEXPECTED
2023-04-22 00:00:00,,,,,0,240,240,SESSION_CLOSED_EXPECTED,EXPECTED
2023-04-22 04:00:00,,,,,0,240,240,SESSION_CLOSED_EXPECTED,EXPECTED
2023-04-22 08:00:00,,,,,0,240,240,SESSION_CLOSED_EXPECTED,EXPECTED
2023-04-22 12:00:00,,,,,0,240,240,SESSION_CLOSED_EXPECTED,EXPECTED
2023-04-22 16:00:00,,,,,0,240,240,SESSION_CLOSED_EXPECTED,EXPECTED
2023-04-22 20:00:00,,,,,0,240,240,SESSION_CLOSED_EXPECTED,EXPECTED
2023-04-23 00:00:00,,,,,0,240,240,SESSION_CLOSED_EXPECTED,EXPECTED
2023-04-23 04:00:00,,,,,0,240,240,SESSION_CLOSED_EXPECTED,EXPECTED
2023-04-23 08:00:00,,,,,0,240,240,SESSION_CLOSED_EXPECTED,EXPECTED
2023-04-23 12:00:00,,,,,0,240,240,SESSION_CLOSED_EXPECTED,EXPECTED
2023-04-23 16:00:00,,,,,0,240,240,SESSION_CLOSED_EXPECTED,EXPECTED
2023-04-23 20:00:00,1.24319,1.24514,1.24312,1.24472,163,240,77,EXPECTED_INCOMPLETE,EXPECTED
2023-04-24 00:00:00,1.24474,1.24497,1.24314,1.24347,240,240,0,COMPLETE,
2023-04-24 04:00:00,1.24344,1.24438,1.24102,1.24367,240,240,0,COMPLETE,
2023-04-24 08:00:00,1.24365,1.24587,1.2426,1.24368,240,240,0,COMPLETE,
2023-04-24 12:00:00,1.24369,1.24692,1.24322,1.24563,240,240,0,COMPLETE,
2023-04-24 16:00:00,1.24562,1.24849,1.24562,1.24817,239,240,1,UNEXPECTED_INCOMPLETE,UNEXPECTED
2023-04-24 20:00:00,1.2482,1.24992,1.24706,1.24984,198,240,42,UNEXPECTED_INCOMPLETE,UNEXPECTED
2023-04-25 00:00:00,1.24986,1.25069,1.24835,1.24845,240,240,0,COMPLETE,
2023-04-25 04:00:00,1.24846,1.24908,1.24555,1.2462,240,240,0,COMPLETE,
2023-04-25 08:00:00,1.24621,1.24787,1.24257,1.24273,240,240,0,COMPLETE,
2023-04-25 12:00:00,1.24271,1.2442,1.23864,1.23952,240,240,0,COMPLETE,
2023-04-25 16:00:00,1.23949,1.24137,1.23908,1.24022,240,240,0,COMPLETE,
2023-04-25 20:00:00,1.24021,1.2416,1.23962,1.24136,220,240,20,UNEXPECTED_INCOMPLETE,UNEXPECTED
2023-04-26 00:00:00,1.24138,1.24185,1.24024,1.24137,240,240,0,COMPLETE,
2023-04-26 04:00:00,1.24136,1.24613,1.24124,1.24589,240,240,0,COMPLETE,
2023-04-26 08:00:00,1.2459,1.24906,1.24482,1.24721,240,240,0,COMPLETE,
2023-04-26 12:00:00,1.24723,1.2515,1.24591,1.24839,240,240,0,COMPLETE,
2023-04-26 16:00:00,1.24836,1.24863,1.24535,1.24631,240,240,0,COMPLETE,
2023-04-26 20:00:00,1.2463,1.24728,1.24529,1.24703,202,240,38,UNEXPECTED_INCOMPLETE,UNEXPECTED
2023-04-27 00:00:00,1.24705,1.24772,1.24626,1.2469,240,240,0,COMPLETE,
2023-04-27 04:00:00,1.24689,1.24878,1.24611,1.24624,240,240,0,COMPLETE,
2023-04-27 08:00:00,1.24622,1.24792,1.244,1.24771,240,240,0,COMPLETE,
2023-04-27 12:00:00,1.2477,1.2499,1.24359,1.24687,240,240,0,COMPLETE,
2023-04-27 16:00:00,1.24687,1.24969,1.24612,1.24896,240,240,0,COMPLETE,
2023-04-27 20:00:00,1.24895,1.24991,1.24779,1.24965,229,240,11,UNEXPECTED_INCOMPLETE,UNEXPECTED
2023-04-28 00:00:00,1.24966,1.25036,1.24857,1.24934,240,240,0,COMPLETE,
2023-04-28 04:00:00,1.24935,1.24963,1.24638,1.24911,240,240,0,COMPLETE,
2023-04-28 08:00:00,1.24915,1.24933,1.2446,1.24702,240,240,0,COMPLETE,
2023-04-28 12:00:00,1.24705,1.25802,1.24557,1.25799,240,240,0,COMPLETE,
2023-04-28 16:00:00,1.25801,1.25835,1.25573,1.25673,240,240,0,COMPLETE,
2023-04-28 20:00:00,1.25674,1.25688,1.25627,1.25666,58,240,182,UNEXPECTED_INCOMPLETE,EXPECTED|UNEXPECTED
2023-04-29 00:00:00,,,,,0,240,240,SESSION_CLOSED_EXPECTED,EXPECTED
2023-04-29 04:00:00,,,,,0,240,240,SESSION_CLOSED_EXPECTED,EXPECTED
2023-04-29 08:00:00,,,,,0,240,240,SESSION_CLOSED_EXPECTED,EXPECTED
2023-04-29 12:00:00,,,,,0,240,240,SESSION_CLOSED_EXPECTED,EXPECTED
2023-04-29 16:00:00,,,,,0,240,240,SESSION_CLOSED_EXPECTED,EXPECTED
2023-04-29 20:00:00,,,,,0,240,240,SESSION_CLOSED_EXPECTED,EXPECTED
2023-04-30 00:00:00,,,,,0,240,240,SESSION_CLOSED_EXPECTED,EXPECTED
2023-04-30 04:00:00,,,,,0,240,240,SESSION_CLOSED_EXPECTED,EXPECTED
2023-04-30 08:00:00,,,,,0,240,240,SESSION_CLOSED_EXPECTED,EXPECTED
2023-04-30 12:00:00,,,,,0,240,240,SESSION_CLOSED_EXPECTED,EXPECTED
2023-04-30 16:00:00,,,,,0,240,240,SESSION_CLOSED_EXPECTED,EXPECTED
2023-04-30 20:00:00,1.25522,1.25685,1.25522,1.25576,164,240,76,EXPECTED_INCOMPLETE,EXPECTED
2023-05-01 00:00:00,1.25578,1.25686,1.25504,1.25683,240,240,0,COMPLETE,
2023-05-01 04:00:00,1.25686,1.25686,1.25299,1.2535,240,240,0,COMPLETE,
2023-05-01 08:00:00,1.25352,1.25388,1.2514,1.25229,240,240,0,COMPLETE,
2023-05-01 12:00:00,1.25226,1.25595,1.2486,1.24928,240,240,0,COMPLETE,
2023-05-01 16:00:00,1.24925,1.24968,1.248,1.24909,240,240,0,COMPLETE,
2023-05-01 20:00:00,1.24912,1.24953,1.24834,1.24842,217,240,23,UNEXPECTED_INCOMPLETE,UNEXPECTED
2023-05-02 00:00:00,1.24844,1.25117,1.24841,1.24971,240,240,0,COMPLETE,
2023-05-02 04:00:00,1.24972,1.25112,1.24853,1.249,239,240,1,UNEXPECTED_INCOMPLETE,UNEXPECTED
2023-05-02 08:00:00,1.24897,1.24903,1.24531,1.24797,240,240,0,COMPLETE,
2023-05-02 12:00:00,1.24799,1.24892,1.24352,1.24734,240,240,0,COMPLETE,
2023-05-02 16:00:00,1.2473,1.24819,1.24667,1.24749,240,240,0,COMPLETE,
2023-05-02 20:00:00,1.24748,1.24771,1.2456,1.2476,225,240,15,UNEXPECTED_INCOMPLETE,UNEXPECTED
2023-05-03 00:00:00,1.24762,1.24928,1.24676,1.24923,240,240,0,COMPLETE,
2023-05-03 04:00:00,1.24921,1.25227,1.2481,1.25108,239,240,1,UNEXPECTED_INCOMPLETE,UNEXPECTED
2023-05-03 08:00:00,1.25107,1.25333,1.25013,1.2502,240,240,0,COMPLETE,
2023-05-03 12:00:00,1.2502,1.25526,1.24845,1.2544,240,240,0,COMPLETE,
2023-05-03 16:00:00,1.25442,1.25896,1.25377,1.25519,240,240,0,COMPLETE,
2023-05-03 20:00:00,1.25516,1.25751,1.25437,1.25683,237,240,3,UNEXPECTED_INCOMPLETE,UNEXPECTED
2023-05-04 00:00:00,1.25685,1.25915,1.2567,1.25835,240,240,0,COMPLETE,
2023-05-04 04:00:00,1.25832,1.25928,1.25598,1.25694,239,240,1,UNEXPECTED_INCOMPLETE,UNEXPECTED
2023-05-04 08:00:00,1.25692,1.25854,1.25522,1.25847,240,240,0,COMPLETE,
2023-05-04 12:00:00,1.25849,1.25982,1.25477,1.25771,240,240,0,COMPLETE,
2023-05-04 16:00:00,1.25769,1.2598,1.25726,1.25733,240,240,0,COMPLETE,
2023-05-04 20:00:00,1.25732,1.2584,1.25597,1.25824,225,240,15,UNEXPECTED_INCOMPLETE,UNEXPECTED
2023-05-05 00:00:00,1.25826,1.26137,1.25764,1.26099,240,240,0,COMPLETE,
2023-05-05 04:00:00,1.26098,1.26337,1.25969,1.26098,240,240,0,COMPLETE,
2023-05-05 08:00:00,1.26101,1.26172,1.25989,1.26041,240,240,0,COMPLETE,
2023-05-05 12:00:00,1.26043,1.26519,1.25573,1.26473,240,240,0,COMPLETE,
2023-05-05 16:00:00,1.26476,1.26519,1.26276,1.26349,240,240,0,COMPLETE,
2023-05-05 20:00:00,1.26348,1.26359,1.26303,1.26311,59,240,181,EXPECTED_INCOMPLETE,EXPECTED
2023-05-06 00:00:00,,,,,0,240,240,SESSION_CLOSED_EXPECTED,EXPECTED
2023-05-06 04:00:00,,,,,0,240,240,SESSION_CLOSED_EXPECTED,EXPECTED
2023-05-06 08:00:00,,,,,0,240,240,SESSION_CLOSED_EXPECTED,EXPECTED
2023-05-06 12:00:00,,,,,0,240,240,SESSION_CLOSED_EXPECTED,EXPECTED
2023-05-06 16:00:00,,,,,0,240,240,SESSION_CLOSED_EXPECTED,EXPECTED
2023-05-06 20:00:00,,,,,0,240,240,SESSION_CLOSED_EXPECTED,EXPECTED
2023-05-07 00:00:00,,,,,0,240,240,SESSION_CLOSED_EXPECTED,EXPECTED
2023-05-07 04:00:00,,,,,0,240,240,SESSION_CLOSED_EXPECTED,EXPECTED
2023-05-07 08:00:00,,,,,0,240,240,SESSION_CLOSED_EXPECTED,EXPECTED
2023-05-07 12:00:00,,,,,0,240,240,SESSION_CLOSED_EXPECTED,EXPECTED
2023-05-07 16:00:00,,,,,0,240,240,SESSION_CLOSED_EXPECTED,EXPECTED
2023-05-07 20:00:00,1.26251,1.26341,1.26224,1.26293,166,240,74,EXPECTED_INCOMPLETE,EXPECTED
2023-05-08 00:00:00,1.26295,1.26467,1.26264,1.26456,240,240,0,COMPLETE,
2023-05-08 04:00:00,1.26458,1.2657,1.26313,1.26367,240,240,0,COMPLETE,
2023-05-08 08:00:00,1.26365,1.26684,1.26316,1.26495,240,240,0,COMPLETE,
2023-05-08 12:00:00,1.26494,1.26547,1.26264,1.26307,240,240,0,COMPLETE,
2023-05-08 16:00:00,1.26306,1.26439,1.26127,1.26152,238,240,2,UNEXPECTED_INCOMPLETE,UNEXPECTED
2023-05-08 20:00:00,1.26149,1.26192,1.26064,1.2612,209,240,31,UNEXPECTED_INCOMPLETE,UNEXPECTED
2023-05-09 00:00:00,1.26118,1.26177,1.26037,1.26169,240,240,0,COMPLETE,
2023-05-09 04:00:00,1.2617,1.26394,1.25963,1.26017,240,240,0,COMPLETE,
2023-05-09 08:00:00,1.26014,1.26248,1.25963,1.26004,240,240,0,COMPLETE,
2023-05-09 12:00:00,1.26003,1.26208,1.25777,1.26172,240,240,0,COMPLETE,
2023-05-09 16:00:00,1.26171,1.26287,1.26068,1.26199,240,240,0,COMPLETE,
2023-05-09 20:00:00,1.26196,1.26274,1.26083,1.26239,213,240,27,UNEXPECTED_INCOMPLETE,UNEXPECTED
2023-05-10 00:00:00,1.26239,1.26342,1.26231,1.26303,240,240,0,COMPLETE,
2023-05-10 04:00:00,1.26302,1.26439,1.2611,1.26222,239,240,1,UNEXPECTED_INCOMPLETE,UNEXPECTED
2023-05-10 08:00:00,1.26218,1.26332,1.26021,1.26072,240,240,0,COMPLETE,
2023-05-10 12:00:00,1.2607,1.26795,1.26038,1.26115,240,240,0,COMPLETE,
2023-05-10 16:00:00,1.26117,1.26308,1.26062,1.26256,239,240,1,UNEXPECTED_INCOMPLETE,UNEXPECTED
2023-05-10 20:00:00,1.26253,1.26292,1.26131,1.26253,206,240,34,UNEXPECTED_INCOMPLETE,UNEXPECTED
2023-05-11 00:00:00,1.26254,1.26404,1.26169,1.26174,240,240,0,COMPLETE,
2023-05-11 04:00:00,1.26174,1.26246,1.25638,1.25653,239,240,1,UNEXPECTED_INCOMPLETE,UNEXPECTED
2023-05-11 08:00:00,1.25657,1.26148,1.25654,1.25856,240,240,0,COMPLETE,
2023-05-11 12:00:00,1.25855,1.26095,1.24963,1.24996,240,240,0,COMPLETE,
2023-05-11 16:00:00,1.24994,1.25173,1.24991,1.25117,240,240,0,COMPLETE,
2023-05-11 20:00:00,1.2512,1.25138,1.25003,1.25071,209,240,31,UNEXPECTED_INCOMPLETE,UNEXPECTED
2023-05-12 00:00:00,1.25072,1.25214,1.25071,1.2521,240,240,0,COMPLETE,
2023-05-12 04:00:00,1.25212,1.25401,1.25032,1.25174,240,240,0,COMPLETE,
2023-05-12 08:00:00,1.25173,1.25403,1.25139,1.25192,240,240,0,COMPLETE,
2023-05-12 12:00:00,1.25189,1.25198,1.2458,1.24622,240,240,0,COMPLETE,
2023-05-12 16:00:00,1.24619,1.24622,1.24443,1.24505,239,240,1,UNEXPECTED_INCOMPLETE,UNEXPECTED
2023-05-12 20:00:00,1.24504,1.24516,1.2445,1.24476,59,240,181,EXPECTED_INCOMPLETE,EXPECTED
2023-05-13 00:00:00,,,,,0,240,240,SESSION_CLOSED_EXPECTED,EXPECTED
2023-05-13 04:00:00,,,,,0,240,240,SESSION_CLOSED_EXPECTED,EXPECTED
2023-05-13 08:00:00,,,,,0,240,240,SESSION_CLOSED_EXPECTED,EXPECTED
2023-05-13 12:00:00,,,,,0,240,240,SESSION_CLOSED_EXPECTED,EXPECTED
2023-05-13 16:00:00,,,,,0,240,240,SESSION_CLOSED_EXPECTED,EXPECTED
2023-05-13 20:00:00,,,,,0,240,240,SESSION_CLOSED_EXPECTED,EXPECTED
2023-05-14 00:00:00,,,,,0,240,240,SESSION_CLOSED_EXPECTED,EXPECTED
2023-05-14 04:00:00,,,,,0,240,240,SESSION_CLOSED_EXPECTED,EXPECTED
2023-05-14 08:00:00,,,,,0,240,240,SESSION_CLOSED_EXPECTED,EXPECTED
2023-05-14 12:00:00,,,,,0,240,240,SESSION_CLOSED_EXPECTED,EXPECTED
2023-05-14 16:00:00,,,,,0,240,240,SESSION_CLOSED_EXPECTED,EXPECTED
2023-05-14 20:00:00,1.24458,1.24513,1.24374,1.24507,153,240,87,EXPECTED_INCOMPLETE,EXPECTED
2023-05-15 00:00:00,1.24509,1.2466,1.24448,1.24576,239,240,1,UNEXPECTED_INCOMPLETE,UNEXPECTED
2023-05-15 04:00:00,1.24575,1.2491,1.24533,1.24814,240,240,0,COMPLETE,
2023-05-15 08:00:00,1.24811,1.25141,1.24763,1.25103,240,240,0,COMPLETE,
2023-05-15 12:00:00,1.25102,1.25248,1.25032,1.25237,240,240,0,COMPLETE,
2023-05-15 16:00:00,1.2524,1.25342,1.2519,1.25314,235,240,5,UNEXPECTED_INCOMPLETE,UNEXPECTED
2023-05-15 20:00:00,1.25315,1.25315,1.25129,1.25243,198,240,42,UNEXPECTED_INCOMPLETE,UNEXPECTED
2023-05-16 00:00:00,1.25246,1.25318,1.25144,1.25271,239,240,1,UNEXPECTED_INCOMPLETE,UNEXPECTED
2023-05-16 04:00:00,1.25269,1.25293,1.24649,1.25139,239,240,1,UNEXPECTED_INCOMPLETE,UNEXPECTED
2023-05-16 08:00:00,1.2514,1.25461,1.25138,1.25177,240,240,0,COMPLETE,
2023-05-16 12:00:00,1.25179,1.25356,1.24767,1.2492,240,240,0,COMPLETE,
2023-05-16 16:00:00,1.24918,1.24968,1.24763,1.24799,238,240,2,UNEXPECTED_INCOMPLETE,UNEXPECTED
2023-05-16 20:00:00,1.248,1.24849,1.2471,1.24839,217,240,23,UNEXPECTED_INCOMPLETE,UNEXPECTED
2023-05-17 00:00:00,1.24836,1.24932,1.24767,1.24817,240,240,0,COMPLETE,
2023-05-17 04:00:00,1.24819,1.24831,1.24206,1.24213,240,240,0,COMPLETE,
2023-05-17 08:00:00,1.24215,1.24702,1.24212,1.24602,240,240,0,COMPLETE,
2023-05-17 12:00:00,1.24603,1.24861,1.24438,1.24744,240,240,0,COMPLETE,
2023-05-17 16:00:00,1.24744,1.25098,1.24741,1.24919,240,240,0,COMPLETE,
2023-05-17 20:00:00,1.24917,1.24929,1.2476,1.24817,208,240,32,UNEXPECTED_INCOMPLETE,EXPECTED|UNEXPECTED
2023-05-18 00:00:00,1.24819,1.24926,1.24778,1.248,240,240,0,COMPLETE,
2023-05-18 04:00:00,1.24799,1.24802,1.24458,1.24501,239,240,1,UNEXPECTED_INCOMPLETE,UNEXPECTED
2023-05-18 08:00:00,1.24498,1.24592,1.2426,1.24424,240,240,0,COMPLETE,
2023-05-18 12:00:00,1.24426,1.2447,1.23968,1.24212,240,240,0,COMPLETE,
2023-05-18 16:00:00,1.24209,1.24241,1.23911,1.24089,238,240,2,UNEXPECTED_INCOMPLETE,UNEXPECTED
2023-05-18 20:00:00,1.24088,1.24133,1.23962,1.24111,223,240,17,UNEXPECTED_INCOMPLETE,UNEXPECTED
2023-05-19 00:00:00,1.24113,1.2416,1.23917,1.24022,240,240,0,COMPLETE,
2023-05-19 04:00:00,1.24021,1.24269,1.23939,1.24063,240,240,0,COMPLETE,
2023-05-19 08:00:00,1.24062,1.2443,1.23961,1.2443,240,240,0,COMPLETE,
2023-05-19 12:00:00,1.2443,1.24835,1.24214,1.24613,240,240,0,COMPLETE,
2023-05-19 16:00:00,1.24612,1.24741,1.24354,1.24486,240,240,0,COMPLETE,
2023-05-19 20:00:00,1.24486,1.24511,1.24421,1.24452,57,240,183,UNEXPECTED_INCOMPLETE,EXPECTED|UNEXPECTED
2023-05-20 00:00:00,,,,,0,240,240,SESSION_CLOSED_EXPECTED,EXPECTED
2023-05-20 04:00:00,,,,,0,240,240,SESSION_CLOSED_EXPECTED,EXPECTED
2023-05-20 08:00:00,,,,,0,240,240,SESSION_CLOSED_EXPECTED,EXPECTED
2023-05-20 12:00:00,,,,,0,240,240,SESSION_CLOSED_EXPECTED,EXPECTED
2023-05-20 16:00:00,,,,,0,240,240,SESSION_CLOSED_EXPECTED,EXPECTED
2023-05-20 20:00:00,,,,,0,240,240,SESSION_CLOSED_EXPECTED,EXPECTED
2023-05-21 00:00:00,,,,,0,240,240,SESSION_CLOSED_EXPECTED,EXPECTED
2023-05-21 04:00:00,,,,,0,240,240,SESSION_CLOSED_EXPECTED,EXPECTED
2023-05-21 08:00:00,,,,,0,240,240,SESSION_CLOSED_EXPECTED,EXPECTED
2023-05-21 12:00:00,,,,,0,240,240,SESSION_CLOSED_EXPECTED,EXPECTED
2023-05-21 16:00:00,,,,,0,240,240,SESSION_CLOSED_EXPECTED,EXPECTED
2023-05-21 20:00:00,1.24362,1.24606,1.24362,1.24603,168,240,72,EXPECTED_INCOMPLETE,EXPECTED
2023-05-22 00:00:00,1.24605,1.24719,1.2455,1.24576,240,240,0,COMPLETE,
2023-05-22 04:00:00,1.24579,1.24629,1.24135,1.24334,240,240,0,COMPLETE,
2023-05-22 08:00:00,1.24331,1.24644,1.24225,1.24627,240,240,0,COMPLETE,
2023-05-22 12:00:00,1.24625,1.24704,1.24138,1.24216,240,240,0,COMPLETE,
2023-05-22 16:00:00,1.24219,1.24432,1.24193,1.24315,240,240,0,COMPLETE,
2023-05-22 20:00:00,1.24312,1.2438,1.24237,1.24334,225,240,15,UNEXPECTED_INCOMPLETE,UNEXPECTED
2023-05-23 00:00:00,1.24335,1.24461,1.24253,1.24357,240,240,0,COMPLETE,
2023-05-23 04:00:00,1.24354,1.24368,1.24003,1.24085,240,240,0,COMPLETE,
2023-05-23 08:00:00,1.24086,1.2413,1.23726,1.23829,240,240,0,COMPLETE,
2023-05-23 12:00:00,1.23832,1.24338,1.23759,1.24204,240,240,0,COMPLETE,
2023-05-23 16:00:00,1.24202,1.24238,1.24066,1.24091,240,240,0,COMPLETE,
2023-05-23 20:00:00,1.24094,1.24203,1.24044,1.24158,211,240,29,UNEXPECTED_INCOMPLETE,UNEXPECTED
2023-05-24 00:00:00,1.24159,1.24288,1.24144,1.24261,240,240,0,COMPLETE,
2023-05-24 04:00:00,1.24263,1.24685,1.24011,1.24098,240,240,0,COMPLETE,
2023-05-24 08:00:00,1.24097,1.24303,1.23636,1.23981,240,240,0,COMPLETE,
2023-05-24 12:00:00,1.2398,1.24144,1.23574,1.23644,240,240,0,COMPLETE,
2023-05-24 16:00:00,1.23646,1.23772,1.23577,1.23602,240,240,0,COMPLETE,
2023-05-24 20:00:00,1.23601,1.23706,1.23518,1.23694,227,240,13,UNEXPECTED_INCOMPLETE,UNEXPECTED
2023-05-25 00:00:00,1.23696,1.23696,1.23317,1.23396,240,240,0,COMPLETE,
2023-05-25 04:00:00,1.23398,1.2366,1.2333,1.23536,239,240,1,UNEXPECTED_INCOMPLETE,UNEXPECTED
2023-05-25 08:00:00,1.23536,1.23864,1.23526,1.23627,240,240,0,COMPLETE,
2023-05-25 12:00:00,1.23628,1.23762,1.23182,1.23229,240,240,0,COMPLETE,
2023-05-25 16:00:00,1.23226,1.23324,1.23077,1.23182,240,240,0,COMPLETE,
2023-05-25 20:00:00,1.23181,1.23248,1.23095,1.23162,216,240,24,UNEXPECTED_INCOMPLETE,UNEXPECTED
2023-05-26 00:00:00,1.23161,1.23364,1.23107,1.23307,240,240,0,COMPLETE,
2023-05-26 04:00:00,1.23306,1.23604,1.23303,1.23499,240,240,0,COMPLETE,
2023-05-26 08:00:00,1.23496,1.2395,1.23458,1.23868,240,240,0,COMPLETE,
2023-05-26 12:00:00,1.23869,1.2391,1.23209,1.23392,240,240,0,COMPLETE,
2023-05-26 16:00:00,1.23391,1.23564,1.23369,1.2351,238,240,2,UNEXPECTED_INCOMPLETE,UNEXPECTED
2023-05-26 20:00:00,1.23512,1.23535,1.23465,1.23472,58,240,182,UNEXPECTED_INCOMPLETE,EXPECTED|UNEXPECTED
2023-05-27 00:00:00,,,,,0,240,240,SESSION_CLOSED_EXPECTED,EXPECTED
2023-05-27 04:00:00,,,,,0,240,240,SESSION_CLOSED_EXPECTED,EXPECTED
2023-05-27 08:00:00,,,,,0,240,240,SESSION_CLOSED_EXPECTED,EXPECTED
2023-05-27 12:00:00,,,,,0,240,240,SESSION_CLOSED_EXPECTED,EXPECTED
2023-05-27 16:00:00,,,,,0,240,240,SESSION_CLOSED_EXPECTED,EXPECTED
2023-05-27 20:00:00,,,,,0,240,240,SESSION_CLOSED_EXPECTED,EXPECTED
2023-05-28 00:00:00,,,,,0,240,240,SESSION_CLOSED_EXPECTED,EXPECTED
2023-05-28 04:00:00,,,,,0,240,240,SESSION_CLOSED_EXPECTED,EXPECTED
2023-05-28 08:00:00,,,,,0,240,240,SESSION_CLOSED_EXPECTED,EXPECTED
2023-05-28 12:00:00,,,,,0,240,240,SESSION_CLOSED_EXPECTED,EXPECTED
2023-05-28 16:00:00,,,,,0,240,240,SESSION_CLOSED_EXPECTED,EXPECTED
2023-05-28 20:00:00,1.23325,1.23503,1.23316,1.23449,157,240,83,EXPECTED_INCOMPLETE,EXPECTED
2023-05-29 00:00:00,1.23451,1.23574,1.23409,1.23465,240,240,0,COMPLETE,
2023-05-29 04:00:00,1.23466,1.23714,1.23348,1.23401,238,240,2,UNEXPECTED_INCOMPLETE,UNEXPECTED
2023-05-29 08:00:00,1.234,1.23523,1.23352,1.23396,238,240,2,UNEXPECTED_INCOMPLETE,UNEXPECTED
2023-05-29 12:00:00,1.23398,1.2362,1.23361,1.23612,229,240,11,UNEXPECTED_INCOMPLETE,UNEXPECTED
2023-05-29 16:00:00,1.23613,1.23615,1.23557,1.23559,189,240,51,UNEXPECTED_INCOMPLETE,UNEXPECTED
2023-05-29 20:00:00,1.2356,1.23567,1.23411,1.23472,220,240,20,UNEXPECTED_INCOMPLETE,UNEXPECTED
2023-05-30 00:00:00,1.23473,1.23784,1.23426,1.23487,240,240,0,COMPLETE,
2023-05-30 04:00:00,1.23485,1.23569,1.23268,1.23551,240,240,0,COMPLETE,
2023-05-30 08:00:00,1.23554,1.24362,1.23539,1.2434,240,240,0,COMPLETE,
2023-05-30 12:00:00,1.24341,1.24461,1.23962,1.2401,240,240,0,COMPLETE,
2023-05-30 16:00:00,1.2401,1.24083,1.23831,1.24083,240,240,0,COMPLETE,
2023-05-30 20:00:00,1.24081,1.24124,1.23971,1.24118,228,240,12,UNEXPECTED_INCOMPLETE,UNEXPECTED
2023-05-31 00:00:00,1.2412,1.24253,1.23815,1.23879,240,240,0,COMPLETE,
2023-05-31 04:00:00,1.23876,1.23992,1.23601,1.23609,240,240,0,COMPLETE,
2023-05-31 08:00:00,1.2361,1.23744,1.23476,1.23611,240,240,0,COMPLETE,
2023-05-31 12:00:00,1.2361,1.24136,1.23564,1.23935,240,240,0,COMPLETE,
2023-05-31 16:00:00,1.23934,1.24392,1.23756,1.2436,240,240,0,COMPLETE,
2023-05-31 20:00:00,1.24363,1.2449,1.24247,1.24449,225,240,15,UNEXPECTED_INCOMPLETE,UNEXPECTED
2023-06-01 00:00:00,1.24451,1.24478,1.24274,1.24322,240,240,0,COMPLETE,
2023-06-01 04:00:00,1.24323,1.24415,1.24035,1.24075,240,240,0,COMPLETE,
2023-06-01 08:00:00,1.24073,1.24824,1.24005,1.24748,239,240,1,UNEXPECTED_INCOMPLETE,UNEXPECTED
2023-06-01 12:00:00,1.24745,1.25369,1.24471,1.25327,240,240,0,COMPLETE,
2023-06-01 16:00:00,1.25326,1.25391,1.25212,1.253,240,240,0,COMPLETE,
2023-06-01 20:00:00,1.25297,1.25308,1.2514,1.25258,215,240,25,UNEXPECTED_INCOMPLETE,UNEXPECTED
2023-06-02 00:00:00,1.2526,1.25442,1.25225,1.25379,240,240,0,COMPLETE,
2023-06-02 04:00:00,1.25375,1.25429,1.25222,1.25258,238,240,2,UNEXPECTED_INCOMPLETE,UNEXPECTED
2023-06-02 08:00:00,1.25254,1.25411,1.25187,1.25216,240,240,0,COMPLETE,
2023-06-02 12:00:00,1.25218,1.25348,1.24569,1.24658,240,240,0,COMPLETE,
2023-06-02 16:00:00,1.24657,1.24666,1.24411,1.24498,240,240,0,COMPLETE,
2023-06-02 20:00:00,1.24496,1.24534,1.24465,1.24497,52,240,188,UNEXPECTED_INCOMPLETE,EXPECTED|UNEXPECTED
2023-06-03 00:00:00,,,,,0,240,240,SESSION_CLOSED_EXPECTED,EXPECTED
2023-06-03 04:00:00,,,,,0,240,240,SESSION_CLOSED_EXPECTED,EXPECTED
2023-06-03 08:00:00,,,,,0,240,240,SESSION_CLOSED_EXPECTED,EXPECTED
2023-06-03 12:00:00,,,,,0,240,240,SESSION_CLOSED_EXPECTED,EXPECTED
2023-06-03 16:00:00,,,,,0,240,240,SESSION_CLOSED_EXPECTED,EXPECTED
2023-06-03 20:00:00,,,,,0,240,240,SESSION_CLOSED_EXPECTED,EXPECTED
2023-06-04 00:00:00,,,,,0,240,240,SESSION_CLOSED_EXPECTED,EXPECTED
2023-06-04 04:00:00,,,,,0,240,240,SESSION_CLOSED_EXPECTED,EXPECTED
2023-06-04 08:00:00,,,,,0,240,240,SESSION_CLOSED_EXPECTED,EXPECTED
2023-06-04 12:00:00,,,,,0,240,240,SESSION_CLOSED_EXPECTED,EXPECTED
2023-06-04 16:00:00,,,,,0,240,240,SESSION_CLOSED_EXPECTED,EXPECTED
2023-06-04 20:00:00,1.24421,1.24478,1.24267,1.24297,166,240,74,EXPECTED_INCOMPLETE,EXPECTED
2023-06-05 00:00:00,1.24299,1.24393,1.24259,1.24391,237,240,3,UNEXPECTED_INCOMPLETE,UNEXPECTED
2023-06-05 04:00:00,1.24388,1.2439,1.23868,1.23982,240,240,0,COMPLETE,
2023-06-05 08:00:00,1.23983,1.24125,1.23768,1.23828,240,240,0,COMPLETE,
2023-06-05 12:00:00,1.23829,1.24381,1.23681,1.24376,240,240,0,COMPLETE,
2023-06-05 16:00:00,1.24378,1.24432,1.24266,1.2431,239,240,1,UNEXPECTED_INCOMPLETE,UNEXPECTED
2023-06-05 20:00:00,1.24309,1.24348,1.24167,1.24316,218,240,22,UNEXPECTED_INCOMPLETE,UNEXPECTED
2023-06-06 00:00:00,1.24319,1.24508,1.24306,1.24407,239,240,1,UNEXPECTED_INCOMPLETE,UNEXPECTED
2023-06-06 04:00:00,1.2441,1.24581,1.24251,1.2433,240,240,0,COMPLETE,
2023-06-06 08:00:00,1.24334,1.24386,1.23996,1.24003,240,240,0,COMPLETE,
2023-06-06 12:00:00,1.23999,1.24234,1.23913,1.2416,240,240,0,COMPLETE,
2023-06-06 16:00:00,1.24159,1.24305,1.2413,1.24252,238,240,2,UNEXPECTED_INCOMPLETE,UNEXPECTED
2023-06-06 20:00:00,1.24251,1.24293,1.24112,1.24287,216,240,24,UNEXPECTED_INCOMPLETE,UNEXPECTED
2023-06-07 00:00:00,1.2429,1.24377,1.24169,1.24245,240,240,0,COMPLETE,
2023-06-07 04:00:00,1.24243,1.24296,1.23938,1.24103,238,240,2,UNEXPECTED_INCOMPLETE,UNEXPECTED
2023-06-07 08:00:00,1.24106,1.24717,1.24066,1.24707,240,240,0,COMPLETE,
2023-06-07 12:00:00,1.24709,1.24998,1.24448,1.24479,240,240,0,COMPLETE,
2023-06-07 16:00:00,1.24478,1.24549,1.24269,1.24298,240,240,0,COMPLETE,
2023-06-07 20:00:00,1.24298,1.24446,1.24242,1.24438,217,240,23,UNEXPECTED_INCOMPLETE,UNEXPECTED
2023-06-08 00:00:00,1.2444,1.24521,1.2442,1.24486,240,240,0,COMPLETE,
2023-06-08 04:00:00,1.24487,1.24613,1.2441,1.24564,239,240,1,UNEXPECTED_INCOMPLETE,UNEXPECTED
2023-06-08 08:00:00,1.24562,1.24807,1.24528,1.24654,240,240,0,COMPLETE,
2023-06-08 12:00:00,1.24658,1.25573,1.24649,1.25441,240,240,0,COMPLETE,
2023-06-08 16:00:00,1.25443,1.2558,1.25399,1.25566,240,240,0,COMPLETE,
2023-06-08 20:00:00,1.25562,1.25631,1.25459,1.25576,202,240,38,UNEXPECTED_INCOMPLETE,UNEXPECTED
2023-06-09 00:00:00,1.25577,1.25615,1.25467,1.25473,239,240,1,UNEXPECTED_INCOMPLETE,UNEXPECTED
2023-06-09 04:00:00,1.25474,1.25668,1.25416,1.25498,239,240,1,UNEXPECTED_INCOMPLETE,UNEXPECTED
2023-06-09 08:00:00,1.25496,1.25694,1.25336,1.25648,240,240,0,COMPLETE,
2023-06-09 12:00:00,1.25647,1.25898,1.256,1.25779,240,240,0,COMPLETE,
2023-06-09 16:00:00,1.25778,1.25839,1.25716,1.25768,237,240,3,UNEXPECTED_INCOMPLETE,UNEXPECTED
2023-06-09 20:00:00,1.25767,1.25807,1.25761,1.25798,56,240,184,UNEXPECTED_INCOMPLETE,EXPECTED|UNEXPECTED
2023-06-10 00:00:00,,,,,0,240,240,SESSION_CLOSED_EXPECTED,EXPECTED
2023-06-10 04:00:00,,,,,0,240,240,SESSION_CLOSED_EXPECTED,EXPECTED
2023-06-10 08:00:00,,,,,0,240,240,SESSION_CLOSED_EXPECTED,EXPECTED
2023-06-10 12:00:00,,,,,0,240,240,SESSION_CLOSED_EXPECTED,EXPECTED
2023-06-10 16:00:00,,,,,0,240,240,SESSION_CLOSED_EXPECTED,EXPECTED
2023-06-10 20:00:00,,,,,0,240,240,SESSION_CLOSED_EXPECTED,EXPECTED
2023-06-11 00:00:00,,,,,0,240,240,SESSION_CLOSED_EXPECTED,EXPECTED
2023-06-11 04:00:00,,,,,0,240,240,SESSION_CLOSED_EXPECTED,EXPECTED
2023-06-11 08:00:00,,,,,0,240,240,SESSION_CLOSED_EXPECTED,EXPECTED
2023-06-11 12:00:00,,,,,0,240,240,SESSION_CLOSED_EXPECTED,EXPECTED
2023-06-11 16:00:00,,,,,0,240,240,SESSION_CLOSED_EXPECTED,EXPECTED
2023-06-11 20:00:00,1.25635,1.25806,1.25603,1.25791,158,240,82,EXPECTED_INCOMPLETE,EXPECTED
2023-06-12 00:00:00,1.25793,1.25795,1.25647,1.25709,237,240,3,UNEXPECTED_INCOMPLETE,UNEXPECTED
2023-06-12 04:00:00,1.25706,1.2592,1.25661,1.25887,238,240,2,UNEXPECTED_INCOMPLETE,UNEXPECTED
2023-06-12 08:00:00,1.25889,1.2599,1.25595,1.25626,240,240,0,COMPLETE,
2023-06-12 12:00:00,1.25628,1.25703,1.24867,1.24881,240,240,0,COMPLETE,
2023-06-12 16:00:00,1.24884,1.25123,1.24878,1.25109,240,240,0,COMPLETE,
2023-06-12 20:00:00,1.25112,1.25166,1.24991,1.25141,205,240,35,UNEXPECTED_INCOMPLETE,EXPECTED|UNEXPECTED
2023-06-13 00:00:00,1.25143,1.25351,1.2513,1.2533,237,240,3,UNEXPECTED_INCOMPLETE,UNEXPECTED
2023-06-13 04:00:00,1.25332,1.25766,1.25278,1.2565,240,240,0,COMPLETE,
2023-06-13 08:00:00,1.25647,1.25754,1.25538,1.25715,240,240,0,COMPLETE,
2023-06-13 12:00:00,1.25717,1.26204,1.25614,1.26096,240,240,0,COMPLETE,
2023-06-13 16:00:00,1.26098,1.26243,1.25927,1.2608,240,240,0,COMPLETE,
2023-06-13 20:00:00,1.26078,1.26113,1.26015,1.26062,214,240,26,UNEXPECTED_INCOMPLETE,UNEXPECTED
2023-06-14 00:00:00,1.26064,1.26171,1.26009,1.26126,240,240,0,COMPLETE,
2023-06-14 04:00:00,1.26123,1.26213,1.26004,1.26187,240,240,0,COMPLETE,
2023-06-14 08:00:00,1.26186,1.26491,1.26142,1.26475,240,240,0,COMPLETE,
2023-06-14 12:00:00,1.26471,1.26986,1.26462,1.26938,240,240,0,COMPLETE,
2023-06-14 16:00:00,1.2694,1.26981,1.26263,1.26577,240,240,0,COMPLETE,
2023-06-14 20:00:00,1.26576,1.26702,1.26488,1.26702,208,240,32,UNEXPECTED_INCOMPLETE,UNEXPECTED
2023-06-15 00:00:00,1.26704,1.26736,1.26293,1.26438,240,240,0,COMPLETE,
2023-06-15 04:00:00,1.26435,1.26575,1.26315,1.26544,240,240,0,COMPLETE,
2023-06-15 08:00:00,1.26545,1.26718,1.26426,1.26426,240,240,0,COMPLETE,
2023-06-15 12:00:00,1.26422,1.27648,1.26396,1.27594,240,240,0,COMPLETE,
2023-06-15 16:00:00,1.27592,1.2785,1.27585,1.27835,239,240,1,UNEXPECTED_INCOMPLETE,UNEXPECTED
2023-06-15 20:00:00,1.27832,1.27903,1.2772,1.27845,215,240,25,UNEXPECTED_INCOMPLETE,UNEXPECTED
2023-06-16 00:00:00,1.27844,1.27926,1.2768,1.27754,239,240,1,UNEXPECTED_INCOMPLETE,UNEXPECTED
2023-06-16 04:00:00,1.27752,1.28174,1.2773,1.2787,238,240,2,UNEXPECTED_INCOMPLETE,UNEXPECTED
2023-06-16 08:00:00,1.27867,1.28253,1.27811,1.28243,240,240,0,COMPLETE,
2023-06-16 12:00:00,1.28243,1.28478,1.28034,1.2814,240,240,0,COMPLETE,
2023-06-16 16:00:00,1.28139,1.28351,1.28129,1.28204,240,240,0,COMPLETE,
2023-06-16 20:00:00,1.28203,1.28252,1.28195,1.28227,58,240,182,UNEXPECTED_INCOMPLETE,EXPECTED|UNEXPECTED
2023-06-17 00:00:00,,,,,0,240,240,SESSION_CLOSED_EXPECTED,EXPECTED
2023-06-17 04:00:00,,,,,0,240,240,SESSION_CLOSED_EXPECTED,EXPECTED
2023-06-17 08:00:00,,,,,0,240,240,SESSION_CLOSED_EXPECTED,EXPECTED
2023-06-17 12:00:00,,,,,0,240,240,SESSION_CLOSED_EXPECTED,EXPECTED
2023-06-17 16:00:00,,,,,0,240,240,SESSION_CLOSED_EXPECTED,EXPECTED
2023-06-17 20:00:00,,,,,0,240,240,SESSION_CLOSED_EXPECTED,EXPECTED
2023-06-18 00:00:00,,,,,0,240,240,SESSION_CLOSED_EXPECTED,EXPECTED
2023-06-18 04:00:00,,,,,0,240,240,SESSION_CLOSED_EXPECTED,EXPECTED
2023-06-18 08:00:00,,,,,0,240,240,SESSION_CLOSED_EXPECTED,EXPECTED
2023-06-18 12:00:00,,,,,0,240,240,SESSION_CLOSED_EXPECTED,EXPECTED
2023-06-18 16:00:00,,,,,0,240,240,SESSION_CLOSED_EXPECTED,EXPECTED
2023-06-18 20:00:00,1.28118,1.2832,1.28112,1.28304,171,240,69,EXPECTED_INCOMPLETE,EXPECTED
2023-06-19 00:00:00,1.28307,1.28367,1.28115,1.28163,240,240,0,COMPLETE,
2023-06-19 04:00:00,1.28165,1.283,1.2809,1.2813,240,240,0,COMPLETE,
2023-06-19 08:00:00,1.28128,1.28227,1.28016,1.28105,240,240,0,COMPLETE,
2023-06-19 12:00:00,1.28104,1.28132,1.27844,1.2793,240,240,0,COMPLETE,
2023-06-19 16:00:00,1.2793,1.27968,1.27701,1.27799,240,240,0,COMPLETE,
2023-06-19 20:00:00,1.27799,1.28047,1.27747,1.27926,238,240,2,UNEXPECTED_INCOMPLETE,UNEXPECTED
2023-06-20 00:00:00,1.27929,1.28044,1.27812,1.27908,240,240,0,COMPLETE,
2023-06-20 04:00:00,1.27908,1.28058,1.2761,1.2802,240,240,0,COMPLETE,
2023-06-20 08:00:00,1.28021,1.28038,1.27488,1.27529,240,240,0,COMPLETE,
2023-06-20 12:00:00,1.27526,1.27602,1.27132,1.27289,240,240,0,COMPLETE,
2023-06-20 16:00:00,1.2729,1.27666,1.27212,1.27632,240,240,0,COMPLETE,
2023-06-20 20:00:00,1.27635,1.27684,1.27488,1.27649,238,240,2,UNEXPECTED_INCOMPLETE,UNEXPECTED
2023-06-21 00:00:00,1.27652,1.27671,1.27538,1.27598,240,240,0,COMPLETE,
2023-06-21 04:00:00,1.27598,1.28006,1.27298,1.27358,240,240,0,COMPLETE,
2023-06-21 08:00:00,1.27361,1.27453,1.26908,1.27279,240,240,0,COMPLETE,
2023-06-21 12:00:00,1.27277,1.27548,1.27017,1.27349,240,240,0,COMPLETE,
2023-06-21 16:00:00,1.27347,1.27848,1.27319,1.27753,240,240,0,COMPLETE,
2023-06-21 20:00:00,1.27754,1.27768,1.27566,1.277,237,240,3,UNEXPECTED_INCOMPLETE,UNEXPECTED
2023-06-22 00:00:00,1.27702,1.27736,1.27617,1.27677,240,240,0,COMPLETE,
2023-06-22 04:00:00,1.27678,1.27716,1.27382,1.27648,240,240,0,COMPLETE,
2023-06-22 08:00:00,1.27649,1.28411,1.27369,1.27735,240,240,0,COMPLETE,
2023-06-22 12:00:00,1.27729,1.27832,1.2727,1.27471,240,240,0,COMPLETE,
2023-06-22 16:00:00,1.2747,1.2749,1.27253,1.27454,240,240,0,COMPLETE,
2023-06-22 20:00:00,1.27454,1.27483,1.27338,1.27462,235,240,5,UNEXPECTED_INCOMPLETE,UNEXPECTED
2023-06-23 00:00:00,1.27464,1.27486,1.2709,1.27116,240,240,0,COMPLETE,
2023-06-23 04:00:00,1.27116,1.27298,1.26935,1.27093,240,240,0,COMPLETE,
2023-06-23 08:00:00,1.27094,1.2736,1.26841,1.27207,240,240,0,COMPLETE,
2023-06-23 12:00:00,1.27206,1.27361,1.2697,1.26979,240,240,0,COMPLETE,
2023-06-23 16:00:00,1.26977,1.27196,1.26883,1.27184,240,240,0,COMPLETE,
2023-06-23 20:00:00,1.27183,1.27215,1.2713,1.27146,59,240,181,EXPECTED_INCOMPLETE,EXPECTED
2023-06-24 00:00:00,,,,,0,240,240,SESSION_CLOSED_EXPECTED,EXPECTED
2023-06-24 04:00:00,,,,,0,240,240,SESSION_CLOSED_EXPECTED,EXPECTED
2023-06-24 08:00:00,,,,,0,240,240,SESSION_CLOSED_EXPECTED,EXPECTED
2023-06-24 12:00:00,,,,,0,240,240,SESSION_CLOSED_EXPECTED,EXPECTED
2023-06-24 16:00:00,,,,,0,240,240,SESSION_CLOSED_EXPECTED,EXPECTED
2023-06-24 20:00:00,,,,,0,240,240,SESSION_CLOSED_EXPECTED,EXPECTED
2023-06-25 00:00:00,,,,,0,240,240,SESSION_CLOSED_EXPECTED,EXPECTED
2023-06-25 04:00:00,,,,,0,240,240,SESSION_CLOSED_EXPECTED,EXPECTED
2023-06-25 08:00:00,,,,,0,240,240,SESSION_CLOSED_EXPECTED,EXPECTED
2023-06-25 12:00:00,,,,,0,240,240,SESSION_CLOSED_EXPECTED,EXPECTED
2023-06-25 16:00:00,,,,,0,240,240,SESSION_CLOSED_EXPECTED,EXPECTED
2023-06-25 20:00:00,1.27025,1.27307,1.27013,1.27286,172,240,68,EXPECTED_INCOMPLETE,EXPECTED
2023-06-26 00:00:00,1.27288,1.27384,1.27246,1.2731,240,240,0,COMPLETE,
2023-06-26 04:00:00,1.2731,1.27482,1.27102,1.27425,240,240,0,COMPLETE,
2023-06-26 08:00:00,1.27422,1.27461,1.26877,1.27143,240,240,0,COMPLETE,
2023-06-26 12:00:00,1.27144,1.27273,1.26942,1.27214,240,240,0,COMPLETE,
2023-06-26 16:00:00,1.27215,1.27255,1.27095,1.27098,240,240,0,COMPLETE,
2023-06-26 20:00:00,1.27098,1.27139,1.2696,1.27102,235,240,5,UNEXPECTED_INCOMPLETE,UNEXPECTED
2023-06-27 00:00:00,1.27102,1.2736,1.27032,1.27275,240,240,0,COMPLETE,
2023-06-27 04:00:00,1.27275,1.27576,1.27262,1.27343,240,240,0,COMPLETE,
2023-06-27 08:00:00,1.27345,1.27388,1.27116,1.27278,240,240,0,COMPLETE,
2023-06-27 12:00:00,1.27275,1.2759,1.27162,1.27492,240,240,0,COMPLETE,
2023-06-27 16:00:00,1.27492,1.27569,1.27431,1.27534,240,240,0,COMPLETE,
2023-06-27 20:00:00,1.27531,1.27532,1.27369,1.27451,237,240,3,UNEXPECTED_INCOMPLETE,UNEXPECTED
2023-06-28 00:00:00,1.27454,1.27515,1.27245,1.27307,240,240,0,COMPLETE,
2023-06-28 04:00:00,1.27307,1.27367,1.2716,1.27304,240,240,0,COMPLETE,
2023-06-28 08:00:00,1.27303,1.27355,1.26612,1.26641,240,240,0,COMPLETE,
2023-06-28 12:00:00,1.26639,1.26649,1.26061,1.26354,240,240,0,COMPLETE,
2023-06-28 16:00:00,1.26352,1.26532,1.26327,1.26406,240,240,0,COMPLETE,
2023-06-28 20:00:00,1.26407,1.26447,1.26198,1.26412,235,240,5,UNEXPECTED_INCOMPLETE,UNEXPECTED
2023-06-29 00:00:00,1.26414,1.26464,1.26203,1.26251,240,240,0,COMPLETE,
2023-06-29 04:00:00,1.26253,1.26483,1.26145,1.26454,240,240,0,COMPLETE,
2023-06-29 08:00:00,1.26455,1.2664,1.2635,1.26552,240,240,0,COMPLETE,
2023-06-29 12:00:00,1.2655,1.26663,1.25905,1.26149,240,240,0,COMPLETE,
2023-06-29 16:00:00,1.26146,1.2627,1.26088,1.26134,240,240,0,COMPLETE,
2023-06-29 20:00:00,1.26132,1.26144,1.25979,1.26127,233,240,7,UNEXPECTED_INCOMPLETE,UNEXPECTED
2023-06-30 00:00:00,1.26129,1.26231,1.26102,1.26182,240,240,0,COMPLETE,
2023-06-30 04:00:00,1.26185,1.26507,1.2599,1.26397,240,240,0,COMPLETE,
2023-06-30 08:00:00,1.26398,1.26539,1.26107,1.26473,240,240,0,COMPLETE,
2023-06-30 12:00:00,1.26475,1.27272,1.26466,1.27082,240,240,0,COMPLETE,
2023-06-30 16:00:00,1.27084,1.27218,1.26918,1.26986,240,240,0,COMPLETE,
2023-06-30 20:00:00,1.26986,1.27004,1.2693,1.26967,59,240,181,EXPECTED_INCOMPLETE,EXPECTED
2023-07-01 00:00:00,,,,,0,240,240,SESSION_CLOSED_EXPECTED,EXPECTED
2023-07-01 04:00:00,,,,,0,240,240,SESSION_CLOSED_EXPECTED,EXPECTED
2023-07-01 08:00:00,,,,,0,240,240,SESSION_CLOSED_EXPECTED,EXPECTED
2023-07-01 12:00:00,,,,,0,240,240,SESSION_CLOSED_EXPECTED,EXPECTED
2023-07-01 16:00:00,,,,,0,240,240,SESSION_CLOSED_EXPECTED,EXPECTED
2023-07-01 20:00:00,,,,,0,240,240,SESSION_CLOSED_EXPECTED,EXPECTED
2023-07-02 00:00:00,,,,,0,240,240,SESSION_CLOSED_EXPECTED,EXPECTED
2023-07-02 04:00:00,,,,,0,240,240,SESSION_CLOSED_EXPECTED,EXPECTED
2023-07-02 08:00:00,,,,,0,240,240,SESSION_CLOSED_EXPECTED,EXPECTED
2023-07-02 12:00:00,,,,,0,240,240,SESSION_CLOSED_EXPECTED,EXPECTED
2023-07-02 16:00:00,,,,,0,240,240,SESSION_CLOSED_EXPECTED,EXPECTED
2023-07-02 20:00:00,1.26892,1.27034,1.26887,1.26931,170,240,70,EXPECTED_INCOMPLETE,EXPECTED
2023-07-03 00:00:00,1.26934,1.27052,1.26873,1.26997,240,240,0,COMPLETE,
2023-07-03 04:00:00,1.26997,1.27067,1.2658,1.26649,240,240,0,COMPLETE,
2023-07-03 08:00:00,1.26649,1.26813,1.26593,1.26745,240,240,0,COMPLETE,
2023-07-03 12:00:00,1.26743,1.27228,1.26683,1.26929,240,240,0,COMPLETE,
2023-07-03 16:00:00,1.26928,1.27042,1.26805,1.26889,240,240,0,COMPLETE,
2023-07-03 20:00:00,1.26888,1.26929,1.26798,1.26916,235,240,5,UNEXPECTED_INCOMPLETE,UNEXPECTED
2023-07-04 00:00:00,1.26918,1.27012,1.26845,1.26872,240,240,0,COMPLETE,
2023-07-04 04:00:00,1.26874,1.27104,1.2683,1.26961,240,240,0,COMPLETE,
2023-07-04 08:00:00,1.26961,1.27245,1.269,1.2716,240,240,0,COMPLETE,
2023-07-04 12:00:00,1.27159,1.27389,1.2711,1.27303,240,240,0,COMPLETE,
2023-07-04 16:00:00,1.27303,1.27306,1.27134,1.27144,240,240,0,COMPLETE,
2023-07-04 20:00:00,1.27144,1.2717,1.27042,1.27167,239,240,1,UNEXPECTED_INCOMPLETE,UNEXPECTED
2023-07-05 00:00:00,1.27169,1.27209,1.26997,1.27058,240,240,0,COMPLETE,
2023-07-05 04:00:00,1.27058,1.27221,1.26964,1.271,240,240,0,COMPLETE,
2023-07-05 08:00:00,1.27098,1.27173,1.26878,1.26982,240,240,0,COMPLETE,
2023-07-05 12:00:00,1.26982,1.27349,1.26915,1.27072,240,240,0,COMPLETE,
2023-07-05 16:00:00,1.27073,1.27171,1.26912,1.27004,240,240,0,COMPLETE,
2023-07-05 20:00:00,1.27004,1.27068,1.26903,1.27037,238,240,2,UNEXPECTED_INCOMPLETE,UNEXPECTED
2023-07-06 00:00:00,1.27039,1.27116,1.26905,1.26942,240,240,0,COMPLETE,
2023-07-06 04:00:00,1.26942,1.27298,1.26892,1.27234,240,240,0,COMPLETE,
2023-07-06 08:00:00,1.27235,1.27794,1.26979,1.27731,240,240,0,COMPLETE,
2023-07-06 12:00:00,1.27732,1.27803,1.26731,1.27182,240,240,0,COMPLETE,
2023-07-06 16:00:00,1.27185,1.27436,1.27176,1.27414,240,240,0,COMPLETE,
2023-07-06 20:00:00,1.27416,1.27446,1.27235,1.27413,236,240,4,UNEXPECTED_INCOMPLETE,UNEXPECTED
2023-07-07 00:00:00,1.27415,1.27441,1.27266,1.27357,240,240,0,COMPLETE,
2023-07-07 04:00:00,1.27357,1.27492,1.27293,1.27314,240,240,0,COMPLETE,
2023-07-07 08:00:00,1.27314,1.27714,1.27255,1.27611,240,240,0,COMPLETE,
2023-07-07 12:00:00,1.27611,1.28382,1.27513,1.28374,240,240,0,COMPLETE,
2023-07-07 16:00:00,1.28377,1.28489,1.28296,1.28298,240,240,0,COMPLETE,
2023-07-07 20:00:00,1.28295,1.28395,1.28295,1.28387,59,240,181,EXPECTED_INCOMPLETE,EXPECTED
2023-07-08 00:00:00,,,,,0,240,240,SESSION_CLOSED_EXPECTED,EXPECTED
2023-07-08 04:00:00,,,,,0,240,240,SESSION_CLOSED_EXPECTED,EXPECTED
2023-07-08 08:00:00,,,,,0,240,240,SESSION_CLOSED_EXPECTED,EXPECTED
2023-07-08 12:00:00,,,,,0,240,240,SESSION_CLOSED_EXPECTED,EXPECTED
2023-07-08 16:00:00,,,,,0,240,240,SESSION_CLOSED_EXPECTED,EXPECTED
2023-07-08 20:00:00,,,,,0,240,240,SESSION_CLOSED_EXPECTED,EXPECTED
2023-07-09 00:00:00,,,,,0,240,240,SESSION_CLOSED_EXPECTED,EXPECTED
2023-07-09 04:00:00,,,,,0,240,240,SESSION_CLOSED_EXPECTED,EXPECTED
2023-07-09 08:00:00,,,,,0,240,240,SESSION_CLOSED_EXPECTED,EXPECTED
2023-07-09 12:00:00,,,,,0,240,240,SESSION_CLOSED_EXPECTED,EXPECTED
2023-07-09 16:00:00,,,,,0,240,240,SESSION_CLOSED_EXPECTED,EXPECTED
2023-07-09 20:00:00,1.28236,1.28399,1.28233,1.28371,169,240,71,EXPECTED_INCOMPLETE,EXPECTED
2023-07-10 00:00:00,1.28374,1.28391,1.28087,1.28113,240,240,0,COMPLETE,
2023-07-10 04:00:00,1.28113,1.2825,1.27978,1.28131,240,240,0,COMPLETE,
2023-07-10 08:00:00,1.2813,1.2824,1.27734,1.27776,240,240,0,COMPLETE,
2023-07-10 12:00:00,1.27777,1.28381,1.27498,1.28349,240,240,0,COMPLETE,
2023-07-10 16:00:00,1.28351,1.2868,1.28306,1.28615,240,240,0,COMPLETE,
2023-07-10 20:00:00,1.28617,1.28658,1.28482,1.28634,235,240,5,UNEXPECTED_INCOMPLETE,UNEXPECTED
2023-07-11 00:00:00,1.28635,1.2879,1.28577,1.28778,240,240,0,COMPLETE,
2023-07-11 04:00:00,1.28778,1.29128,1.28668,1.28736,240,240,0,COMPLETE,
2023-07-11 08:00:00,1.28735,1.29344,1.28703,1.29139,240,240,0,COMPLETE,
2023-07-11 12:00:00,1.29141,1.2916,1.28858,1.28989,240,240,0,COMPLETE,
2023-07-11 16:00:00,1.28991,1.29314,1.28969,1.29308,240,240,0,COMPLETE,
2023-07-11 20:00:00,1.29309,1.29389,1.29233,1.29333,240,240,0,COMPLETE,
2023-07-12 00:00:00,1.29335,1.29689,1.29314,1.2959,240,240,0,COMPLETE,
2023-07-12 04:00:00,1.2959,1.29667,1.29348,1.29401,240,240,0,COMPLETE,
2023-07-12 08:00:00,1.294,1.29451,1.29059,1.29105,240,240,0,COMPLETE,
2023-07-12 12:00:00,1.29105,1.3,1.29036,1.29901,240,240,0,COMPLETE,
2023-07-12 16:00:00,1.299,1.29988,1.2976,1.29925,240,240,0,COMPLETE,
2023-07-12 20:00:00,1.29922,1.29958,1.29754,1.29952,238,240,2,UNEXPECTED_INCOMPLETE,UNEXPECTED
2023-07-13 00:00:00,1.29955,1.30182,1.29884,1.30116,240,240,0,COMPLETE,
2023-07-13 04:00:00,1.30116,1.30294,1.29838,1.30259,240,240,0,COMPLETE,
2023-07-13 08:00:00,1.30263,1.30787,1.30255,1.30623,240,240,0,COMPLETE,
2023-07-13 12:00:00,1.30623,1.31135,1.30447,1.30949,240,240,0,COMPLETE,
2023-07-13 16:00:00,1.30951,1.31402,1.30932,1.31325,240,240,0,COMPLETE,
2023-07-13 20:00:00,1.31324,1.31359,1.31132,1.31278,240,240,0,COMPLETE,
2023-07-14 00:00:00,1.31278,1.31417,1.31166,1.31381,240,240,0,COMPLETE,
2023-07-14 04:00:00,1.31378,1.31378,1.3093,1.31151,240,240,0,COMPLETE,
2023-07-14 08:00:00,1.31151,1.31418,1.31015,1.31129,240,240,0,COMPLETE,
2023-07-14 12:00:00,1.31127,1.31299,1.30939,1.31106,240,240,0,COMPLETE,
2023-07-14 16:00:00,1.31106,1.31167,1.3092,1.30929,240,240,0,COMPLETE,
2023-07-14 20:00:00,1.30929,1.30931,1.30892,1.30926,59,240,181,EXPECTED_INCOMPLETE,EXPECTED
2023-07-15 00:00:00,,,,,0,240,240,SESSION_CLOSED_EXPECTED,EXPECTED
2023-07-15 04:00:00,,,,,0,240,240,SESSION_CLOSED_EXPECTED,EXPECTED
2023-07-15 08:00:00,,,,,0,240,240,SESSION_CLOSED_EXPECTED,EXPECTED
2023-07-15 12:00:00,,,,,0,240,240,SESSION_CLOSED_EXPECTED,EXPECTED
2023-07-15 16:00:00,,,,,0,240,240,SESSION_CLOSED_EXPECTED,EXPECTED
2023-07-15 20:00:00,,,,,0,240,240,SESSION_CLOSED_EXPECTED,EXPECTED
2023-07-16 00:00:00,,,,,0,240,240,SESSION_CLOSED_EXPECTED,EXPECTED
2023-07-16 04:00:00,,,,,0,240,240,SESSION_CLOSED_EXPECTED,EXPECTED
2023-07-16 08:00:00,,,,,0,240,240,SESSION_CLOSED_EXPECTED,EXPECTED
2023-07-16 12:00:00,,,,,0,240,240,SESSION_CLOSED_EXPECTED,EXPECTED
2023-07-16 16:00:00,,,,,0,240,240,SESSION_CLOSED_EXPECTED,EXPECTED
2023-07-16 20:00:00,1.30839,1.30964,1.30808,1.30889,171,240,69,EXPECTED_INCOMPLETE,EXPECTED
2023-07-17 00:00:00,1.30891,1.30962,1.30816,1.30871,240,240,0,COMPLETE,
2023-07-17 04:00:00,1.3087,1.3107,1.30647,1.31023,240,240,0,COMPLETE,
2023-07-17 08:00:00,1.31024,1.31084,1.30709,1.30841,240,240,0,COMPLETE,
2023-07-17 12:00:00,1.30839,1.30919,1.30507,1.30751,240,240,0,COMPLETE,
2023-07-17 16:00:00,1.30753,1.30866,1.30724,1.30781,240,240,0,COMPLETE,
2023-07-17 20:00:00,1.30782,1.30782,1.30641,1.30713,231,240,9,UNEXPECTED_INCOMPLETE,UNEXPECTED
2023-07-18 00:00:00,1.30715,1.30952,1.30673,1.30942,240,240,0,COMPLETE,
2023-07-18 04:00:00,1.30941,1.31063,1.30713,1.30888,240,240,0,COMPLETE,
2023-07-18 08:00:00,1.3089,1.31252,1.30722,1.31056,240,240,0,COMPLETE,
2023-07-18 12:00:00,1.31058,1.31212,1.30497,1.30508,240,240,0,COMPLETE,
2023-07-18 16:00:00,1.3051,1.30519,1.30278,1.30404,240,240,0,COMPLETE,
2023-07-18 20:00:00,1.30403,1.30413,1.30268,1.30333,237,240,3,UNEXPECTED_INCOMPLETE,UNEXPECTED
2023-07-19 00:00:00,1.30332,1.30384,1.30126,1.30222,240,240,0,COMPLETE,
2023-07-19 04:00:00,1.30222,1.30338,1.293,1.29478,240,240,0,COMPLETE,
2023-07-19 08:00:00,1.29476,1.2961,1.28971,1.28974,240,240,0,COMPLETE,
2023-07-19 12:00:00,1.28975,1.29195,1.28673,1.28952,240,240,0,COMPLETE,
2023-07-19 16:00:00,1.28954,1.29367,1.2892,1.29363,240,240,0,COMPLETE,
2023-07-19 20:00:00,1.29362,1.294,1.29228,1.29367,237,240,3,UNEXPECTED_INCOMPLETE,UNEXPECTED
2023-07-20 00:00:00,1.2937,1.29641,1.29332,1.29519,240,240,0,COMPLETE,
2023-07-20 04:00:00,1.29519,1.29529,1.2905,1.29099,240,240,0,COMPLETE,
2023-07-20 08:00:00,1.29099,1.29324,1.2889,1.28912,240,240,0,COMPLETE,
2023-07-20 12:00:00,1.28912,1.28912,1.28396,1.28471,240,240,0,COMPLETE,
2023-07-20 16:00:00,1.28472,1.28677,1.28397,1.28646,240,240,0,COMPLETE,
2023-07-20 20:00:00,1.28645,1.28738,1.28543,1.2872,239,240,1,UNEXPECTED_INCOMPLETE,UNEXPECTED
2023-07-21 00:00:00,1.28723,1.28856,1.28661,1.28759,240,240,0,COMPLETE,
2023-07-21 04:00:00,1.28758,1.29038,1.28648,1.28695,240,240,0,COMPLETE,
2023-07-21 08:00:00,1.28694,1.28743,1.28237,1.2824,240,240,0,COMPLETE,
2023-07-21 12:00:00,1.28242,1.28609,1.28155,1.28513,240,240,0,COMPLETE,
2023-07-21 16:00:00,1.28514,1.28657,1.28454,1.28557,240,240,0,COMPLETE,
2023-07-21 20:00:00,1.28558,1.28609,1.28513,1.28526,59,240,181,EXPECTED_INCOMPLETE,EXPECTED
2023-07-22 00:00:00,,,,,0,240,240,SESSION_CLOSED_EXPECTED,EXPECTED
2023-07-22 04:00:00,,,,,0,240,240,SESSION_CLOSED_EXPECTED,EXPECTED
2023-07-22 08:00:00,,,,,0,240,240,SESSION_CLOSED_EXPECTED,EXPECTED
2023-07-22 12:00:00,,,,,0,240,240,SESSION_CLOSED_EXPECTED,EXPECTED
2023-07-22 16:00:00,,,,,0,240,240,SESSION_CLOSED_EXPECTED,EXPECTED
2023-07-22 20:00:00,,,,,0,240,240,SESSION_CLOSED_EXPECTED,EXPECTED
2023-07-23 00:00:00,,,,,0,240,240,SESSION_CLOSED_EXPECTED,EXPECTED
2023-07-23 04:00:00,,,,,0,240,240,SESSION_CLOSED_EXPECTED,EXPECTED
2023-07-23 08:00:00,,,,,0,240,240,SESSION_CLOSED_EXPECTED,EXPECTED
2023-07-23 12:00:00,,,,,0,240,240,SESSION_CLOSED_EXPECTED,EXPECTED
2023-07-23 16:00:00,,,,,0,240,240,SESSION_CLOSED_EXPECTED,EXPECTED
2023-07-23 20:00:00,1.28416,1.28561,1.28414,1.28518,170,240,70,EXPECTED_INCOMPLETE,EXPECTED
2023-07-24 00:00:00,1.28519,1.28697,1.2849,1.28617,240,240,0,COMPLETE,
2023-07-24 04:00:00,1.28615,1.28833,1.28421,1.28486,240,240,0,COMPLETE,
2023-07-24 08:00:00,1.28488,1.28587,1.28068,1.28518,240,240,0,COMPLETE,
2023-07-24 12:00:00,1.28518,1.28535,1.27975,1.28257,240,240,0,COMPLETE,
2023-07-24 16:00:00,1.28256,1.28402,1.28147,1.28171,240,240,0,COMPLETE,
2023-07-24 20:00:00,1.28172,1.28246,1.28069,1.28114,238,240,2,UNEXPECTED_INCOMPLETE,UNEXPECTED
2023-07-25 00:00:00,1.28117,1.28424,1.2809,1.28391,240,240,0,COMPLETE,
2023-07-25 04:00:00,1.2839,1.28641,1.28287,1.28569,240,240,0,COMPLETE,
2023-07-25 08:00:00,1.28568,1.28601,1.28197,1.28298,240,240,0,COMPLETE,
2023-07-25 12:00:00,1.28297,1.28791,1.28119,1.28731,240,240,0,COMPLETE,
2023-07-25 16:00:00,1.28729,1.29025,1.28688,1.28987,240,240,0,COMPLETE,
2023-07-25 20:00:00,1.28988,1.29044,1.28842,1.28929,238,240,2,UNEXPECTED_INCOMPLETE,UNEXPECTED
2023-07-26 00:00:00,1.28931,1.28962,1.2875,1.28895,240,240,0,COMPLETE,
2023-07-26 04:00:00,1.28895,1.291,1.28809,1.2904,240,240,0,COMPLETE,
2023-07-26 08:00:00,1.29041,1.29238,1.28948,1.29098,240,240,0,COMPLETE,
2023-07-26 12:00:00,1.291,1.29361,1.29028,1.2929,240,240,0,COMPLETE,
2023-07-26 16:00:00,1.2929,1.29599,1.2898,1.29473,240,240,0,COMPLETE,
2023-07-26 20:00:00,1.29476,1.29476,1.29237,1.29265,231,240,9,UNEXPECTED_INCOMPLETE,UNEXPECTED
2023-07-27 00:00:00,1.29267,1.29767,1.29262,1.29615,240,240,0,COMPLETE,
2023-07-27 04:00:00,1.29615,1.29849,1.29389,1.29829,240,240,0,COMPLETE,
2023-07-27 08:00:00,1.2983,1.29954,1.29485,1.29641,240,240,0,COMPLETE,
2023-07-27 12:00:00,1.29641,1.29643,1.28254,1.28669,240,240,0,COMPLETE,
2023-07-27 16:00:00,1.28669,1.28722,1.27817,1.27834,240,240,0,COMPLETE,
2023-07-27 20:00:00,1.27832,1.27985,1.27825,1.27928,240,240,0,COMPLETE,
2023-07-28 00:00:00,1.2793,1.28076,1.2786,1.27911,240,240,0,COMPLETE,
2023-07-28 04:00:00,1.2791,1.28086,1.27627,1.27763,240,240,0,COMPLETE,
2023-07-28 08:00:00,1.27762,1.28777,1.27733,1.28699,240,240,0,COMPLETE,
2023-07-28 12:00:00,1.28696,1.28867,1.28375,1.28659,240,240,0,COMPLETE,
2023-07-28 16:00:00,1.2866,1.28811,1.28507,1.28562,240,240,0,COMPLETE,
2023-07-28 20:00:00,1.28561,1.28567,1.28456,1.28499,59,240,181,EXPECTED_INCOMPLETE,EXPECTED
2023-07-29 00:00:00,,,,,0,240,240,SESSION_CLOSED_EXPECTED,EXPECTED
2023-07-29 04:00:00,,,,,0,240,240,SESSION_CLOSED_EXPECTED,EXPECTED
2023-07-29 08:00:00,,,,,0,240,240,SESSION_CLOSED_EXPECTED,EXPECTED
2023-07-29 12:00:00,,,,,0,240,240,SESSION_CLOSED_EXPECTED,EXPECTED
2023-07-29 16:00:00,,,,,0,240,240,SESSION_CLOSED_EXPECTED,EXPECTED
2023-07-29 20:00:00,,,,,0,240,240,SESSION_CLOSED_EXPECTED,EXPECTED
2023-07-30 00:00:00,,,,,0,240,240,SESSION_CLOSED_EXPECTED,EXPECTED
2023-07-30 04:00:00,,,,,0,240,240,SESSION_CLOSED_EXPECTED,EXPECTED
2023-07-30 08:00:00,,,,,0,240,240,SESSION_CLOSED_EXPECTED,EXPECTED
2023-07-30 12:00:00,,,,,0,240,240,SESSION_CLOSED_EXPECTED,EXPECTED
2023-07-30 16:00:00,,,,,0,240,240,SESSION_CLOSED_EXPECTED,EXPECTED
2023-07-30 20:00:00,1.28409,1.28579,1.28397,1.2853,160,240,80,EXPECTED_INCOMPLETE,EXPECTED
2023-07-31 00:00:00,1.28532,1.28596,1.28438,1.28498,240,240,0,COMPLETE,
2023-07-31 04:00:00,1.28498,1.28669,1.28438,1.2856,240,240,0,COMPLETE,
2023-07-31 08:00:00,1.28559,1.28722,1.28349,1.28611,240,240,0,COMPLETE,
2023-07-31 12:00:00,1.28611,1.28696,1.28279,1.28545,240,240,0,COMPLETE,
2023-07-31 16:00:00,1.28546,1.28664,1.28315,1.28339,240,240,0,COMPLETE,
2023-07-31 20:00:00,1.2834,1.28394,1.28254,1.28311,233,240,7,UNEXPECTED_INCOMPLETE,UNEXPECTED
2023-08-01 00:00:00,1.28314,1.28359,1.28151,1.28219,240,240,0,COMPLETE,
2023-08-01 04:00:00,1.28216,1.28382,1.28137,1.2818,240,240,0,COMPLETE,
2023-08-01 08:00:00,1.28177,1.28323,1.27791,1.27842,240,240,0,COMPLETE,
2023-08-01 12:00:00,1.27842,1.27949,1.27407,1.2747,240,240,0,COMPLETE,
2023-08-01 16:00:00,1.27471,1.27803,1.27442,1.27743,240,240,0,COMPLETE,
2023-08-01 20:00:00,1.27741,1.28036,1.2761,1.27941,236,240,4,UNEXPECTED_INCOMPLETE,UNEXPECTED
2023-08-02 00:00:00,1.27943,1.27947,1.2763,1.2774,240,240,0,COMPLETE,
2023-08-02 04:00:00,1.27741,1.27945,1.27602,1.27915,240,240,0,COMPLETE,
2023-08-02 08:00:00,1.27917,1.27986,1.2763,1.27633,240,240,0,COMPLETE,
2023-08-02 12:00:00,1.27632,1.27719,1.26799,1.27108,240,240,0,COMPLETE,
2023-08-02 16:00:00,1.27108,1.27384,1.27088,1.27137,240,240,0,COMPLETE,
2023-08-02 20:00:00,1.27137,1.27216,1.26982,1.27184,237,240,3,UNEXPECTED_INCOMPLETE,UNEXPECTED
2023-08-03 00:00:00,1.27185,1.27277,1.27094,1.27179,240,240,0,COMPLETE,
2023-08-03 04:00:00,1.2718,1.2718,1.26831,1.2688,240,240,0,COMPLETE,
2023-08-03 08:00:00,1.26879,1.26996,1.26199,1.26469,240,240,0,COMPLETE,
2023-08-03 12:00:00,1.26468,1.2723,1.26367,1.27069,240,240,0,COMPLETE,
2023-08-03 16:00:00,1.2707,1.27238,1.26965,1.2703,240,240,0,COMPLETE,
2023-08-03 20:00:00,1.27028,1.27161,1.2696,1.27151,238,240,2,UNEXPECTED_INCOMPLETE,UNEXPECTED
2023-08-04 00:00:00,1.27153,1.2741,1.271,1.27323,240,240,0,COMPLETE,
2023-08-04 04:00:00,1.27325,1.27357,1.27021,1.27054,240,240,0,COMPLETE,
2023-08-04 08:00:00,1.27052,1.27109,1.2694,1.2695,240,240,0,COMPLETE,
2023-08-04 12:00:00,1.26947,1.27831,1.26823,1.27728,240,240,0,COMPLETE,
2023-08-04 16:00:00,1.27727,1.2792,1.27413,1.2743,240,240,0,COMPLETE,
2023-08-04 20:00:00,1.27429,1.27514,1.27404,1.27484,59,240,181,EXPECTED_INCOMPLETE,EXPECTED
2023-08-05 00:00:00,,,,,0,240,240,SESSION_CLOSED_EXPECTED,EXPECTED
2023-08-05 04:00:00,,,,,0,240,240,SESSION_CLOSED_EXPECTED,EXPECTED
2023-08-05 08:00:00,,,,,0,240,240,SESSION_CLOSED_EXPECTED,EXPECTED
2023-08-05 12:00:00,,,,,0,240,240,SESSION_CLOSED_EXPECTED,EXPECTED
2023-08-05 16:00:00,,,,,0,240,240,SESSION_CLOSED_EXPECTED,EXPECTED
2023-08-05 20:00:00,,,,,0,240,240,SESSION_CLOSED_EXPECTED,EXPECTED
2023-08-06 00:00:00,,,,,0,240,240,SESSION_CLOSED_EXPECTED,EXPECTED
2023-08-06 04:00:00,,,,,0,240,240,SESSION_CLOSED_EXPECTED,EXPECTED
2023-08-06 08:00:00,,,,,0,240,240,SESSION_CLOSED_EXPECTED,EXPECTED
2023-08-06 12:00:00,,,,,0,240,240,SESSION_CLOSED_EXPECTED,EXPECTED
2023-08-06 16:00:00,,,,,0,240,240,SESSION_CLOSED_EXPECTED,EXPECTED
2023-08-06 20:00:00,1.27408,1.27544,1.2737,1.27481,174,240,66,EXPECTED_INCOMPLETE,EXPECTED
2023-08-07 00:00:00,1.27484,1.27608,1.27365,1.27369,240,240,0,COMPLETE,
2023-08-07 04:00:00,1.27369,1.27439,1.27126,1.27429,240,240,0,COMPLETE,
2023-08-07 08:00:00,1.2743,1.27441,1.27164,1.27434,240,240,0,COMPLETE,
2023-08-07 12:00:00,1.27432,1.27863,1.27398,1.27665,240,240,0,COMPLETE,
2023-08-07 16:00:00,1.27665,1.27887,1.27635,1.2785,240,240,0,COMPLETE,
2023-08-07 20:00:00,1.27848,1.27849,1.27678,1.27807,238,240,2,UNEXPECTED_INCOMPLETE,UNEXPECTED
2023-08-08 00:00:00,1.27809,1.27851,1.27507,1.27546,240,240,0,COMPLETE,
2023-08-08 04:00:00,1.27546,1.27719,1.27378,1.27547,240,240,0,COMPLETE,
2023-08-08 08:00:00,1.27546,1.27567,1.26956,1.26972,240,240,0,COMPLETE,
2023-08-08 12:00:00,1.26971,1.27289,1.26838,1.2726,240,240,0,COMPLETE,
2023-08-08 16:00:00,1.2726,1.27511,1.27256,1.27436,240,240,0,COMPLETE,
2023-08-08 20:00:00,1.27436,1.27488,1.27293,1.27429,238,240,2,UNEXPECTED_INCOMPLETE,UNEXPECTED
2023-08-09 00:00:00,1.27431,1.2759,1.27389,1.27529,240,240,0,COMPLETE,
2023-08-09 04:00:00,1.27529,1.27814,1.27504,1.27701,240,240,0,COMPLETE,
2023-08-09 08:00:00,1.27699,1.2772,1.27287,1.27341,240,240,0,COMPLETE,
2023-08-09 12:00:00,1.2734,1.27508,1.27116,1.27137,240,240,0,COMPLETE,
2023-08-09 16:00:00,1.27137,1.27374,1.27128,1.27202,240,240,0,COMPLETE,
2023-08-09 20:00:00,1.272,1.2722,1.27063,1.27191,236,240,4,UNEXPECTED_INCOMPLETE,UNEXPECTED
2023-08-10 00:00:00,1.27193,1.27234,1.27069,1.27127,240,240,0,COMPLETE,
2023-08-10 04:00:00,1.27127,1.27583,1.2711,1.27444,240,240,0,COMPLETE,
2023-08-10 08:00:00,1.27444,1.27753,1.27429,1.2763,240,240,0,COMPLETE,
2023-08-10 12:00:00,1.2763,1.2818,1.27151,1.27233,240,240,0,COMPLETE,
2023-08-10 16:00:00,1.27234,1.27252,1.26693,1.26749,240,240,0,COMPLETE,
2023-08-10 20:00:00,1.26751,1.26772,1.26632,1.26695,239,240,1,UNEXPECTED_INCOMPLETE,UNEXPECTED
2023-08-11 00:00:00,1.26697,1.26901,1.26656,1.2685,240,240,0,COMPLETE,
2023-08-11 04:00:00,1.2685,1.27224,1.26791,1.27049,240,240,0,COMPLETE,
2023-08-11 08:00:00,1.27049,1.27348,1.26932,1.27328,240,240,0,COMPLETE,
2023-08-11 12:00:00,1.27328,1.27383,1.26812,1.26927,240,240,0,COMPLETE,
2023-08-11 16:00:00,1.26929,1.27027,1.26853,1.26989,240,240,0,COMPLETE,
2023-08-11 20:00:00,1.2699,1.27014,1.26931,1.26947,59,240,181,EXPECTED_INCOMPLETE,EXPECTED
2023-08-12 00:00:00,,,,,0,240,240,SESSION_CLOSED_EXPECTED,EXPECTED
2023-08-12 04:00:00,,,,,0,240,240,SESSION_CLOSED_EXPECTED,EXPECTED
2023-08-12 08:00:00,,,,,0,240,240,SESSION_CLOSED_EXPECTED,EXPECTED
2023-08-12 12:00:00,,,,,0,240,240,SESSION_CLOSED_EXPECTED,EXPECTED
2023-08-12 16:00:00,,,,,0,240,240,SESSION_CLOSED_EXPECTED,EXPECTED
2023-08-12 20:00:00,,,,,0,240,240,SESSION_CLOSED_EXPECTED,EXPECTED
2023-08-13 00:00:00,,,,,0,240,240,SESSION_CLOSED_EXPECTED,EXPECTED
2023-08-13 04:00:00,,,,,0,240,240,SESSION_CLOSED_EXPECTED,EXPECTED
2023-08-13 08:00:00,,,,,0,240,240,SESSION_CLOSED_EXPECTED,EXPECTED
2023-08-13 12:00:00,,,,,0,240,240,SESSION_CLOSED_EXPECTED,EXPECTED
2023-08-13 16:00:00,,,,,0,240,240,SESSION_CLOSED_EXPECTED,EXPECTED
2023-08-13 20:00:00,1.26864,1.27001,1.26837,1.26935,175,240,65,EXPECTED_INCOMPLETE,EXPECTED
2023-08-14 00:00:00,1.26937,1.26967,1.2666,1.26695,240,240,0,COMPLETE,
2023-08-14 04:00:00,1.26695,1.26971,1.26674,1.26932,240,240,0,COMPLETE,
2023-08-14 08:00:00,1.26931,1.27143,1.26872,1.26929,240,240,0,COMPLETE,
2023-08-14 12:00:00,1.26926,1.26965,1.2616,1.2689,240,240,0,COMPLETE,
2023-08-14 16:00:00,1.26888,1.27061,1.26729,1.26802,240,240,0,COMPLETE,
2023-08-14 20:00:00,1.26799,1.26979,1.26721,1.2685,238,240,2,UNEXPECTED_INCOMPLETE,UNEXPECTED
2023-08-15 00:00:00,1.26851,1.26931,1.26749,1.26881,240,240,0,COMPLETE,
2023-08-15 04:00:00,1.26881,1.27189,1.26772,1.26919,240,240,0,COMPLETE,
2023-08-15 08:00:00,1.26918,1.27295,1.26846,1.2706,240,240,0,COMPLETE,
2023-08-15 12:00:00,1.27063,1.2752,1.2681,1.27418,240,240,0,COMPLETE,
2023-08-15 16:00:00,1.2742,1.27435,1.26939,1.27025,240,240,0,COMPLETE,
2023-08-15 20:00:00,1.27027,1.27039,1.26882,1.26996,235,240,5,UNEXPECTED_INCOMPLETE,UNEXPECTED
2023-08-16 00:00:00,1.26997,1.27033,1.26868,1.26969,240,240,0,COMPLETE,
2023-08-16 04:00:00,1.26967,1.27446,1.26963,1.27408,240,240,0,COMPLETE,
2023-08-16 08:00:00,1.27408,1.27659,1.27344,1.27401,240,240,0,COMPLETE,
2023-08-16 12:00:00,1.27399,1.27602,1.2718,1.27468,240,240,0,COMPLETE,
2023-08-16 16:00:00,1.27468,1.27499,1.27111,1.27182,240,240,0,COMPLETE,
2023-08-16 20:00:00,1.27184,1.27319,1.27132,1.27271,238,240,2,UNEXPECTED_INCOMPLETE,UNEXPECTED
2023-08-17 00:00:00,1.27271,1.27273,1.27109,1.27135,240,240,0,COMPLETE,
2023-08-17 04:00:00,1.27135,1.2743,1.27115,1.27348,240,240,0,COMPLETE,
2023-08-17 08:00:00,1.27348,1.27643,1.27021,1.27618,240,240,0,COMPLETE,
2023-08-17 12:00:00,1.2762,1.27869,1.27371,1.27497,240,240,0,COMPLETE,
2023-08-17 16:00:00,1.27496,1.27654,1.27266,1.27451,240,240,0,COMPLETE,
2023-08-17 20:00:00,1.27448,1.27495,1.27357,1.27467,239,240,1,UNEXPECTED_INCOMPLETE,UNEXPECTED
2023-08-18 00:00:00,1.27469,1.27656,1.27451,1.27507,240,240,0,COMPLETE,
2023-08-18 04:00:00,1.27508,1.27541,1.27069,1.27133,240,240,0,COMPLETE,
2023-08-18 08:00:00,1.27135,1.27416,1.27007,1.27017,240,240,0,COMPLETE,
2023-08-18 12:00:00,1.27015,1.2749,1.26887,1.27364,240,240,0,COMPLETE,
2023-08-18 16:00:00,1.27364,1.27557,1.27333,1.27367,240,240,0,COMPLETE,
2023-08-18 20:00:00,1.27367,1.27403,1.27275,1.27348,59,240,181,EXPECTED_INCOMPLETE,EXPECTED
2023-08-19 00:00:00,,,,,0,240,240,SESSION_CLOSED_EXPECTED,EXPECTED
2023-08-19 04:00:00,,,,,0,240,240,SESSION_CLOSED_EXPECTED,EXPECTED
2023-08-19 08:00:00,,,,,0,240,240,SESSION_CLOSED_EXPECTED,EXPECTED
2023-08-19 12:00:00,,,,,0,240,240,SESSION_CLOSED_EXPECTED,EXPECTED
2023-08-19 16:00:00,,,,,0,240,240,SESSION_CLOSED_EXPECTED,EXPECTED
2023-08-19 20:00:00,,,,,0,240,240,SESSION_CLOSED_EXPECTED,EXPECTED
2023-08-20 00:00:00,,,,,0,240,240,SESSION_CLOSED_EXPECTED,EXPECTED
2023-08-20 04:00:00,,,,,0,240,240,SESSION_CLOSED_EXPECTED,EXPECTED
2023-08-20 08:00:00,,,,,0,240,240,SESSION_CLOSED_EXPECTED,EXPECTED
2023-08-20 12:00:00,,,,,0,240,240,SESSION_CLOSED_EXPECTED,EXPECTED
2023-08-20 16:00:00,,,,,0,240,240,SESSION_CLOSED_EXPECTED,EXPECTED
2023-08-20 20:00:00,1.27243,1.27408,1.27224,1.27405,174,240,66,EXPECTED_INCOMPLETE,EXPECTED
2023-08-21 00:00:00,1.27409,1.27501,1.27297,1.27358,240,240,0,COMPLETE,
2023-08-21 04:00:00,1.27358,1.2745,1.27224,1.27288,240,240,0,COMPLETE,
2023-08-21 08:00:00,1.2729,1.27645,1.27098,1.27594,240,240,0,COMPLETE,
2023-08-21 12:00:00,1.27594,1.27643,1.27226,1.27348,240,240,0,COMPLETE,
2023-08-21 16:00:00,1.27348,1.27662,1.27347,1.27584,240,240,0,COMPLETE,
2023-08-21 20:00:00,1.27582,1.27652,1.27436,1.27591,236,240,4,UNEXPECTED_INCOMPLETE,UNEXPECTED
2023-08-22 00:00:00,1.27594,1.27774,1.27555,1.27733,240,240,0,COMPLETE,
2023-08-22 04:00:00,1.27733,1.27999,1.27686,1.27957,240,240,0,COMPLETE,
2023-08-22 08:00:00,1.27955,1.27987,1.27557,1.27658,240,240,0,COMPLETE,
2023-08-22 12:00:00,1.27659,1.27696,1.2718,1.27304,240,240,0,COMPLETE,
2023-08-22 16:00:00,1.27302,1.2743,1.27277,1.27299,240,240,0,COMPLETE,
2023-08-22 20:00:00,1.27296,1.27347,1.27188,1.27307,237,240,3,UNEXPECTED_INCOMPLETE,UNEXPECTED
2023-08-23 00:00:00,1.27307,1.27473,1.27287,1.27473,240,240,0,COMPLETE,
2023-08-23 04:00:00,1.27472,1.27641,1.27056,1.27194,240,240,0,COMPLETE,
2023-08-23 08:00:00,1.27194,1.2736,1.26218,1.26289,240,240,0,COMPLETE,
2023-08-23 12:00:00,1.26289,1.27179,1.26142,1.27127,240,240,0,COMPLETE,
2023-08-23 16:00:00,1.27127,1.27326,1.27084,1.27175,240,240,0,COMPLETE,
2023-08-23 20:00:00,1.27177,1.27281,1.2707,1.27197,235,240,5,UNEXPECTED_INCOMPLETE,UNEXPECTED
2023-08-24 00:00:00,1.27199,1.27281,1.27053,1.27138,240,240,0,COMPLETE,
2023-08-24 04:00:00,1.27139,1.27274,1.2692,1.27021,240,240,0,COMPLETE,
2023-08-24 08:00:00,1.27022,1.27127,1.26561,1.26575,240,240,0,COMPLETE,
2023-08-24 12:00:00,1.26577,1.26624,1.26259,1.26316,240,240,0,COMPLETE,
2023-08-24 16:00:00,1.26316,1.26344,1.25927,1.25929,240,240,0,COMPLETE,
2023-08-24 20:00:00,1.25926,1.26038,1.25856,1.2592,240,240,0,COMPLETE,
2023-08-25 00:00:00,1.25921,1.25976,1.25636,1.25653,240,240,0,COMPLETE,
2023-08-25 04:00:00,1.25653,1.25879,1.25596,1.25751,240,240,0,COMPLETE,
2023-08-25 08:00:00,1.2575,1.26215,1.25717,1.26156,240,240,0,COMPLETE,
2023-08-25 12:00:00,1.26153,1.26538,1.25476,1.25687,240,240,0,COMPLETE,
2023-08-25 16:00:00,1.25688,1.2601,1.25686,1.2588,240,240,0,COMPLETE,
2023-08-25 20:00:00,1.25878,1.259,1.25756,1.25787,59,240,181,EXPECTED_INCOMPLETE,EXPECTED
2023-08-26 00:00:00,,,,,0,240,240,SESSION_CLOSED_EXPECTED,EXPECTED
2023-08-26 04:00:00,,,,,0,240,240,SESSION_CLOSED_EXPECTED,EXPECTED
2023-08-26 08:00:00,,,,,0,240,240,SESSION_CLOSED_EXPECTED,EXPECTED
2023-08-26 12:00:00,,,,,0,240,240,SESSION_CLOSED_EXPECTED,EXPECTED
2023-08-26 16:00:00,,,,,0,240,240,SESSION_CLOSED_EXPECTED,EXPECTED
2023-08-26 20:00:00,,,,,0,240,240,SESSION_CLOSED_EXPECTED,EXPECTED
2023-08-27 00:00:00,,,,,0,240,240,SESSION_CLOSED_EXPECTED,EXPECTED
2023-08-27 04:00:00,,,,,0,240,240,SESSION_CLOSED_EXPECTED,EXPECTED
2023-08-27 08:00:00,,,,,0,240,240,SESSION_CLOSED_EXPECTED,EXPECTED
2023-08-27 12:00:00,,,,,0,240,240,SESSION_CLOSED_EXPECTED,EXPECTED
2023-08-27 16:00:00,,,,,0,240,240,SESSION_CLOSED_EXPECTED,EXPECTED
2023-08-27 20:00:00,1.25738,1.2589,1.25695,1.25887,173,240,67,EXPECTED_INCOMPLETE,EXPECTED
2023-08-28 00:00:00,1.25888,1.26039,1.25873,1.25989,240,240,0,COMPLETE,
2023-08-28 04:00:00,1.25988,1.26102,1.2572,1.2574,240,240,0,COMPLETE,
2023-08-28 08:00:00,1.25742,1.25911,1.25651,1.25864,240,240,0,COMPLETE,
2023-08-28 12:00:00,1.25866,1.2597,1.25722,1.25897,240,240,0,COMPLETE,
2023-08-28 16:00:00,1.25898,1.26071,1.25881,1.2604,240,240,0,COMPLETE,
2023-08-28 20:00:00,1.26042,1.2615,1.25872,1.26104,238,240,2,UNEXPECTED_INCOMPLETE,UNEXPECTED
2023-08-29 00:00:00,1.26104,1.26317,1.26098,1.26276,240,240,0,COMPLETE,
2023-08-29 04:00:00,1.26275,1.26352,1.26075,1.26113,240,240,0,COMPLETE,
2023-08-29 08:00:00,1.26113,1.26186,1.25829,1.25867,240,240,0,COMPLETE,
2023-08-29 12:00:00,1.25866,1.26335,1.25623,1.26114,240,240,0,COMPLETE,
2023-08-29 16:00:00,1.26113,1.26543,1.26078,1.26503,240,240,0,COMPLETE,
2023-08-29 20:00:00,1.265,1.265,1.26314,1.26353,237,240,3,UNEXPECTED_INCOMPLETE,UNEXPECTED
2023-08-30 00:00:00,1.26355,1.26426,1.26248,1.26301,240,240,0,COMPLETE,
2023-08-30 04:00:00,1.26301,1.26473,1.26185,1.26417,240,240,0,COMPLETE,
2023-08-30 08:00:00,1.26415,1.26691,1.2627,1.26563,240,240,0,COMPLETE,
2023-08-30 12:00:00,1.26564,1.27453,1.26532,1.27234,240,240,0,COMPLETE,
2023-08-30 16:00:00,1.27235,1.27285,1.27063,1.27171,240,240,0,COMPLETE,
2023-08-30 20:00:00,1.27171,1.27226,1.27056,1.27107,239,240,1,UNEXPECTED_INCOMPLETE,UNEXPECTED
2023-08-31 00:00:00,1.27109,1.2734,1.27104,1.27199,240,240,0,COMPLETE,
2023-08-31 04:00:00,1.27198,1.2724,1.27003,1.27083,240,240,0,COMPLETE,
2023-08-31 08:00:00,1.27085,1.27162,1.2663,1.26803,240,240,0,COMPLETE,
2023-08-31 12:00:00,1.26803,1.26957,1.26521,1.2665,240,240,0,COMPLETE,
2023-08-31 16:00:00,1.2665,1.26737,1.26564,1.26672,240,240,0,COMPLETE,
2023-08-31 20:00:00,1.26671,1.26745,1.26599,1.26707,238,240,2,UNEXPECTED_INCOMPLETE,UNEXPECTED
2023-09-01 00:00:00,1.26707,1.26829,1.26579,1.26596,240,240,0,COMPLETE,
2023-09-01 04:00:00,1.26596,1.26891,1.2639,1.26837,240,240,0,COMPLETE,
2023-09-01 08:00:00,1.26838,1.26854,1.26688,1.26702,240,240,0,COMPLETE,
2023-09-01 12:00:00,1.26702,1.27123,1.25905,1.2591,240,240,0,COMPLETE,
2023-09-01 16:00:00,1.25909,1.25985,1.25769,1.25862,240,240,0,COMPLETE,
2023-09-01 20:00:00,1.25863,1.25907,1.25859,1.2586,59,240,181,EXPECTED_INCOMPLETE,EXPECTED
2023-09-02 00:00:00,,,,,0,240,240,SESSION_CLOSED_EXPECTED,EXPECTED
2023-09-02 04:00:00,,,,,0,240,240,SESSION_CLOSED_EXPECTED,EXPECTED
2023-09-02 08:00:00,,,,,0,240,240,SESSION_CLOSED_EXPECTED,EXPECTED
2023-09-02 12:00:00,,,,,0,240,240,SESSION_CLOSED_EXPECTED,EXPECTED
2023-09-02 16:00:00,,,,,0,240,240,SESSION_CLOSED_EXPECTED,EXPECTED
2023-09-02 20:00:00,,,,,0,240,240,SESSION_CLOSED_EXPECTED,EXPECTED
2023-09-03 00:00:00,,,,,0,240,240,SESSION_CLOSED_EXPECTED,EXPECTED
2023-09-03 04:00:00,,,,,0,240,240,SESSION_CLOSED_EXPECTED,EXPECTED
2023-09-03 08:00:00,,,,,0,240,240,SESSION_CLOSED_EXPECTED,EXPECTED
2023-09-03 12:00:00,,,,,0,240,240,SESSION_CLOSED_EXPECTED,EXPECTED
2023-09-03 16:00:00,,,,,0,240,240,SESSION_CLOSED_EXPECTED,EXPECTED
2023-09-03 20:00:00,1.2581,1.25916,1.25804,1.25905,168,240,72,EXPECTED_INCOMPLETE,EXPECTED
2023-09-04 00:00:00,1.25906,1.26054,1.25873,1.26029,240,240,0,COMPLETE,
2023-09-04 04:00:00,1.26029,1.26291,1.25996,1.26202,240,240,0,COMPLETE,
2023-09-04 08:00:00,1.26202,1.2642,1.26201,1.26275,240,240,0,COMPLETE,
2023-09-04 12:00:00,1.26273,1.26388,1.26145,1.2624,240,240,0,COMPLETE,
2023-09-04 16:00:00,1.2624,1.26326,1.26204,1.26283,240,240,0,COMPLETE,
2023-09-04 20:00:00,1.26285,1.26315,1.26152,1.2622,234,240,6,UNEXPECTED_INCOMPLETE,UNEXPECTED
2023-09-05 00:00:00,1.26222,1.26315,1.26121,1.26171,240,240,0,COMPLETE,
2023-09-05 04:00:00,1.26172,1.26279,1.256,1.25626,240,240,0,COMPLETE,
2023-09-05 08:00:00,1.25625,1.25668,1.25277,1.25488,240,240,0,COMPLETE,
2023-09-05 12:00:00,1.2549,1.25823,1.25399,1.25801,240,240,0,COMPLETE,
2023-09-05 16:00:00,1.25803,1.25864,1.25581,1.25614,240,240,0,COMPLETE,
2023-09-05 20:00:00,1.25618,1.25724,1.25526,1.25693,234,240,6,UNEXPECTED_INCOMPLETE,UNEXPECTED
2023-09-06 00:00:00,1.25695,1.25736,1.25491,1.25707,240,240,0,COMPLETE,
2023-09-06 04:00:00,1.25704,1.25875,1.25529,1.25543,240,240,0,COMPLETE,
2023-09-06 08:00:00,1.25542,1.25646,1.2543,1.25644,240,240,0,COMPLETE,
2023-09-06 12:00:00,1.25644,1.25667,1.24817,1.24972,240,240,0,COMPLETE,
2023-09-06 16:00:00,1.24975,1.25108,1.24952,1.25042,240,240,0,COMPLETE,
2023-09-06 20:00:00,1.25043,1.25074,1.24918,1.24979,237,240,3,UNEXPECTED_INCOMPLETE,UNEXPECTED
2023-09-07 00:00:00,1.2498,1.25059,1.24908,1.25043,240,240,0,COMPLETE,
2023-09-07 04:00:00,1.25043,1.25079,1.24606,1.24724,240,240,0,COMPLETE,
2023-09-07 08:00:00,1.24723,1.24873,1.24502,1.24602,240,240,0,COMPLETE,
2023-09-07 12:00:00,1.24602,1.24894,1.24451,1.24838,240,240,0,COMPLETE,
2023-09-07 16:00:00,1.24839,1.24865,1.24673,1.247,240,240,0,COMPLETE,
2023-09-07 20:00:00,1.24701,1.24747,1.24626,1.24747,236,240,4,UNEXPECTED_INCOMPLETE,UNEXPECTED
2023-09-08 00:00:00,1.24748,1.25011,1.24728,1.24956,240,240,0,COMPLETE,
2023-09-08 04:00:00,1.24956,1.25096,1.24781,1.24928,240,240,0,COMPLETE,
2023-09-08 08:00:00,1.24929,1.24997,1.24667,1.2482,240,240,0,COMPLETE,
2023-09-08 12:00:00,1.24824,1.25139,1.24689,1.24735,240,240,0,COMPLETE,
2023-09-08 16:00:00,1.24736,1.24759,1.24508,1.24551,240,240,0,COMPLETE,
2023-09-08 20:00:00,1.24551,1.24655,1.24546,1.24652,59,240,181,EXPECTED_INCOMPLETE,EXPECTED
2023-09-09 00:00:00,,,,,0,240,240,SESSION_CLOSED_EXPECTED,EXPECTED
2023-09-09 04:00:00,,,,,0,240,240,SESSION_CLOSED_EXPECTED,EXPECTED
2023-09-09 08:00:00,,,,,0,240,240,SESSION_CLOSED_EXPECTED,EXPECTED
2023-09-09 12:00:00,,,,,0,240,240,SESSION_CLOSED_EXPECTED,EXPECTED
2023-09-09 16:00:00,,,,,0,240,240,SESSION_CLOSED_EXPECTED,EXPECTED
2023-09-09 20:00:00,,,,,0,240,240,SESSION_CLOSED_EXPECTED,EXPECTED
2023-09-10 00:00:00,,,,,0,240,240,SESSION_CLOSED_EXPECTED,EXPECTED
2023-09-10 04:00:00,,,,,0,240,240,SESSION_CLOSED_EXPECTED,EXPECTED
2023-09-10 08:00:00,,,,,0,240,240,SESSION_CLOSED_EXPECTED,EXPECTED
2023-09-10 12:00:00,,,,,0,240,240,SESSION_CLOSED_EXPECTED,EXPECTED
2023-09-10 16:00:00,,,,,0,240,240,SESSION_CLOSED_EXPECTED,EXPECTED
2023-09-10 20:00:00,1.2461,1.24918,1.24603,1.24878,174,240,66,EXPECTED_INCOMPLETE,EXPECTED
2023-09-11 00:00:00,1.2488,1.25033,1.24815,1.2501,240,240,0,COMPLETE,
2023-09-11 04:00:00,1.25011,1.25273,1.25003,1.25224,240,240,0,COMPLETE,
2023-09-11 08:00:00,1.25225,1.25368,1.25006,1.25142,240,240,0,COMPLETE,
2023-09-11 12:00:00,1.25144,1.25476,1.25111,1.25261,240,240,0,COMPLETE,
2023-09-11 16:00:00,1.25262,1.25422,1.25071,1.25118,240,240,0,COMPLETE,
2023-09-11 20:00:00,1.25117,1.25127,1.24987,1.25074,236,240,4,UNEXPECTED_INCOMPLETE,UNEXPECTED
2023-09-12 00:00:00,1.25074,1.25231,1.25006,1.25162,240,240,0,COMPLETE,
2023-09-12 04:00:00,1.25163,1.25281,1.24767,1.2485,240,240,0,COMPLETE,
2023-09-12 08:00:00,1.2485,1.24881,1.24594,1.24702,240,240,0,COMPLETE,
2023-09-12 12:00:00,1.24702,1.24833,1.2459,1.2475,240,240,0,COMPLETE,
2023-09-12 16:00:00,1.24752,1.24922,1.24749,1.24916,240,240,0,COMPLETE,
2023-09-12 20:00:00,1.24917,1.24984,1.24791,1.24907,239,240,1,UNEXPECTED_INCOMPLETE,UNEXPECTED
2023-09-13 00:00:00,1.24909,1.25017,1.24807,1.24881,240,240,0,COMPLETE,
2023-09-13 04:00:00,1.24881,1.24976,1.24404,1.24673,240,240,0,COMPLETE,
2023-09-13 08:00:00,1.24682,1.24861,1.24554,1.24723,240,240,0,COMPLETE,
2023-09-13 12:00:00,1.24724,1.25114,1.24315,1.24869,240,240,0,COMPLETE,
2023-09-13 16:00:00,1.24869,1.25058,1.24807,1.24873,240,240,0,COMPLETE,
2023-09-13 20:00:00,1.24873,1.24916,1.24749,1.2489,239,240,1,UNEXPECTED_INCOMPLETE,UNEXPECTED
2023-09-14 00:00:00,1.24892,1.25039,1.24846,1.2497,240,240,0,COMPLETE,
2023-09-14 04:00:00,1.2497,1.25056,1.2479,1.24855,240,240,0,COMPLETE,
2023-09-14 08:00:00,1.24853,1.24929,1.24602,1.24753,240,240,0,COMPLETE,
2023-09-14 12:00:00,1.24755,1.24798,1.24005,1.24073,240,240,0,COMPLETE,
2023-09-14 16:00:00,1.24072,1.24199,1.23962,1.2406,240,240,0,COMPLETE,
2023-09-14 20:00:00,1.24059,1.24119,1.23993,1.24004,226,240,14,UNEXPECTED_INCOMPLETE,UNEXPECTED
2023-09-15 00:00:00,1.24006,1.24218,1.23993,1.24217,240,240,0,COMPLETE,
2023-09-15 04:00:00,1.24218,1.24361,1.24155,1.2435,240,240,0,COMPLETE,
2023-09-15 08:00:00,1.24352,1.24454,1.23983,1.24058,240,240,0,COMPLETE,
2023-09-15 12:00:00,1.24059,1.2425,1.23846,1.23886,240,240,0,COMPLETE,
2023-09-15 16:00:00,1.23886,1.24005,1.23784,1.2384,240,240,0,COMPLETE,
2023-09-15 20:00:00,1.23839,1.23856,1.23787,1.23824,59,240,181,EXPECTED_INCOMPLETE,EXPECTED
2023-09-16 00:00:00,,,,,0,240,240,SESSION_CLOSED_EXPECTED,EXPECTED
2023-09-16 04:00:00,,,,,0,240,240,SESSION_CLOSED_EXPECTED,EXPECTED
2023-09-16 08:00:00,,,,,0,240,240,SESSION_CLOSED_EXPECTED,EXPECTED
2023-09-16 12:00:00,,,,,0,240,240,SESSION_CLOSED_EXPECTED,EXPECTED
2023-09-16 16:00:00,,,,,0,240,240,SESSION_CLOSED_EXPECTED,EXPECTED
2023-09-16 20:00:00,,,,,0,240,240,SESSION_CLOSED_EXPECTED,EXPECTED
2023-09-17 00:00:00,,,,,0,240,240,SESSION_CLOSED_EXPECTED,EXPECTED
2023-09-17 04:00:00,,,,,0,240,240,SESSION_CLOSED_EXPECTED,EXPECTED
2023-09-17 08:00:00,,,,,0,240,240,SESSION_CLOSED_EXPECTED,EXPECTED
2023-09-17 12:00:00,,,,,0,240,240,SESSION_CLOSED_EXPECTED,EXPECTED
2023-09-17 16:00:00,,,,,0,240,240,SESSION_CLOSED_EXPECTED,EXPECTED
2023-09-17 20:00:00,1.23768,1.2397,1.23765,1.23968,167,240,73,EXPECTED_INCOMPLETE,EXPECTED
2023-09-18 00:00:00,1.23968,1.24036,1.23863,1.23874,240,240,0,COMPLETE,
2023-09-18 04:00:00,1.23871,1.24042,1.23755,1.2379,240,240,0,COMPLETE,
2023-09-18 08:00:00,1.2379,1.24098,1.23699,1.23829,240,240,0,COMPLETE,
2023-09-18 12:00:00,1.23829,1.24046,1.23725,1.24004,240,240,0,COMPLETE,
2023-09-18 16:00:00,1.24005,1.2402,1.23738,1.23817,240,240,0,COMPLETE,
2023-09-18 20:00:00,1.23817,1.2387,1.23746,1.23825,237,240,3,UNEXPECTED_INCOMPLETE,UNEXPECTED
2023-09-19 00:00:00,1.23827,1.23911,1.23748,1.23775,240,240,0,COMPLETE,
2023-09-19 04:00:00,1.23775,1.23925,1.23686,1.23888,240,240,0,COMPLETE,
2023-09-19 08:00:00,1.23885,1.24117,1.23709,1.24117,240,240,0,COMPLETE,
2023-09-19 12:00:00,1.24118,1.24241,1.23817,1.23897,240,240,0,COMPLETE,
2023-09-19 16:00:00,1.23899,1.23963,1.23831,1.23952,240,240,0,COMPLETE,
2023-09-19 20:00:00,1.23951,1.23958,1.23807,1.23923,237,240,3,UNEXPECTED_INCOMPLETE,UNEXPECTED
2023-09-20 00:00:00,1.23925,1.23946,1.2382,1.23856,240,240,0,COMPLETE,
2023-09-20 04:00:00,1.23858,1.23952,1.23306,1.23602,240,240,0,COMPLETE,
2023-09-20 08:00:00,1.23601,1.23759,1.23534,1.23676,240,240,0,COMPLETE,
2023-09-20 12:00:00,1.23676,1.24096,1.2364,1.23867,240,240,0,COMPLETE,
2023-09-20 16:00:00,1.23869,1.24209,1.2338,1.234,240,240,0,COMPLETE,
2023-09-20 20:00:00,1.234,1.23452,1.23234,1.23264,236,240,4,UNEXPECTED_INCOMPLETE,UNEXPECTED
2023-09-21 00:00:00,1.23266,1.23282,1.23039,1.23213,240,240,0,COMPLETE,
2023-09-21 04:00:00,1.23213,1.23311,1.22927,1.23128,240,240,0,COMPLETE,
2023-09-21 08:00:00,1.23125,1.23199,1.22328,1.2268,240,240,0,COMPLETE,
2023-09-21 12:00:00,1.22677,1.23042,1.22438,1.22965,240,240,0,COMPLETE,
2023-09-21 16:00:00,1.22966,1.2307,1.2288,1.22919,240,240,0,COMPLETE,
2023-09-21 20:00:00,1.22919,1.22942,1.22836,1.22923,238,240,2,UNEXPECTED_INCOMPLETE,UNEXPECTED
2023-09-22 00:00:00,1.22925,1.22934,1.22724,1.22778,240,240,0,COMPLETE,
2023-09-22 04:00:00,1.22778,1.22878,1.22507,1.22652,240,240,0,COMPLETE,
2023-09-22 08:00:00,1.22654,1.227,1.22324,1.22546,240,240,0,COMPLETE,
2023-09-22 12:00:00,1.22546,1.22839,1.22448,1.22545,240,240,0,COMPLETE,
2023-09-22 16:00:00,1.22545,1.22596,1.22303,1.22386,240,240,0,COMPLETE,
2023-09-22 20:00:00,1.22385,1.22417,1.22358,1.22375,59,240,181,EXPECTED_INCOMPLETE,EXPECTED
2023-09-23 00:00:00,,,,,0,240,240,SESSION_CLOSED_EXPECTED,EXPECTED
2023-09-23 04:00:00,,,,,0,240,240,SESSION_CLOSED_EXPECTED,EXPECTED
2023-09-23 08:00:00,,,,,0,240,240,SESSION_CLOSED_EXPECTED,EXPECTED
2023-09-23 12:00:00,,,,,0,240,240,SESSION_CLOSED_EXPECTED,EXPECTED
2023-09-23 16:00:00,,,,,0,240,240,SESSION_CLOSED_EXPECTED,EXPECTED
2023-09-23 20:00:00,,,,,0,240,240,SESSION_CLOSED_EXPECTED,EXPECTED
2023-09-24 00:00:00,,,,,0,240,240,SESSION_CLOSED_EXPECTED,EXPECTED
2023-09-24 04:00:00,,,,,0,240,240,SESSION_CLOSED_EXPECTED,EXPECTED
2023-09-24 08:00:00,,,,,0,240,240,SESSION_CLOSED_EXPECTED,EXPECTED
2023-09-24 12:00:00,,,,,0,240,240,SESSION_CLOSED_EXPECTED,EXPECTED
2023-09-24 16:00:00,,,,,0,240,240,SESSION_CLOSED_EXPECTED,EXPECTED
2023-09-24 20:00:00,1.22317,1.22462,1.22294,1.22406,170,240,70,EXPECTED_INCOMPLETE,EXPECTED
2023-09-25 00:00:00,1.22407,1.22494,1.22371,1.22385,240,240,0,COMPLETE,
2023-09-25 04:00:00,1.22385,1.22497,1.22325,1.22414,240,240,0,COMPLETE,
2023-09-25 08:00:00,1.22412,1.22446,1.22121,1.22203,240,240,0,COMPLETE,
2023-09-25 12:00:00,1.22204,1.22269,1.21935,1.22154,240,240,0,COMPLETE,
2023-09-25 16:00:00,1.22154,1.22216,1.22051,1.22111,240,240,0,COMPLETE,
2023-09-25 20:00:00,1.22111,1.22149,1.21998,1.22121,235,240,5,UNEXPECTED_INCOMPLETE,UNEXPECTED
2023-09-26 00:00:00,1.22123,1.22145,1.21933,1.2197,240,240,0,COMPLETE,
2023-09-26 04:00:00,1.21972,1.22067,1.2166,1.21723,240,240,0,COMPLETE,
2023-09-26 08:00:00,1.21725,1.21936,1.21691,1.21761,240,240,0,COMPLETE,
2023-09-26 12:00:00,1.21763,1.21917,1.21587,1.21648,240,240,0,COMPLETE,
2023-09-26 16:00:00,1.21648,1.21757,1.21537,1.2155,240,240,0,COMPLETE,
2023-09-26 20:00:00,1.21552,1.21589,1.21424,1.21456,234,240,6,UNEXPECTED_INCOMPLETE,UNEXPECTED
2023-09-27 00:00:00,1.21456,1.2157,1.21401,1.21412,240,240,0,COMPLETE,
2023-09-27 04:00:00,1.21411,1.21584,1.21354,1.21478,240,240,0,COMPLETE,
2023-09-27 08:00:00,1.21477,1.21636,1.21306,1.21384,240,240,0,COMPLETE,
2023-09-27 12:00:00,1.21385,1.21586,1.21233,1.21303,240,240,0,COMPLETE,
2023-09-27 16:00:00,1.21305,1.21528,1.211,1.21384,240,240,0,COMPLETE,
2023-09-27 20:00:00,1.21384,1.21386,1.21238,1.21347,239,240,1,UNEXPECTED_INCOMPLETE,UNEXPECTED
2023-09-28 00:00:00,1.21349,1.21448,1.21299,1.21366,240,240,0,COMPLETE,
2023-09-28 04:00:00,1.21366,1.21598,1.21194,1.21527,240,240,0,COMPLETE,
2023-09-28 08:00:00,1.21528,1.22133,1.21487,1.22068,240,240,0,COMPLETE,
2023-09-28 12:00:00,1.22069,1.22241,1.21751,1.22203,240,240,0,COMPLETE,
2023-09-28 16:00:00,1.22202,1.22228,1.21874,1.21989,240,240,0,COMPLETE,
2023-09-28 20:00:00,1.21991,1.2209,1.21914,1.22037,239,240,1,UNEXPECTED_INCOMPLETE,UNEXPECTED
2023-09-29 00:00:00,1.22039,1.22279,1.21959,1.22189,240,240,0,COMPLETE,
2023-09-29 04:00:00,1.22189,1.22538,1.22172,1.22426,240,240,0,COMPLETE,
2023-09-29 08:00:00,1.22425,1.22714,1.22289,1.22544,240,240,0,COMPLETE,
2023-09-29 12:00:00,1.22544,1.22662,1.21799,1.22117,240,240,0,COMPLETE,
2023-09-29 16:00:00,1.22116,1.22184,1.21856,1.21995,240,240,0,COMPLETE,
2023-09-29 20:00:00,1.21995,1.2204,1.21993,1.22029,59,240,181,EXPECTED_INCOMPLETE,EXPECTED
2023-09-30 00:00:00,,,,,0,240,240,SESSION_CLOSED_EXPECTED,EXPECTED
2023-09-30 04:00:00,,,,,0,240,240,SESSION_CLOSED_EXPECTED,EXPECTED
2023-09-30 08:00:00,,,,,0,240,240,SESSION_CLOSED_EXPECTED,EXPECTED
2023-09-30 12:00:00,,,,,0,240,240,SESSION_CLOSED_EXPECTED,EXPECTED
2023-09-30 16:00:00,,,,,0,240,240,SESSION_CLOSED_EXPECTED,EXPECTED
2023-09-30 20:00:00,,,,,0,240,240,SESSION_CLOSED_EXPECTED,EXPECTED
2023-10-01 00:00:00,,,,,0,240,240,SESSION_CLOSED_EXPECTED,EXPECTED
2023-10-01 04:00:00,,,,,0,240,240,SESSION_CLOSED_EXPECTED,EXPECTED
2023-10-01 08:00:00,,,,,0,240,240,SESSION_CLOSED_EXPECTED,EXPECTED
2023-10-01 12:00:00,,,,,0,240,240,SESSION_CLOSED_EXPECTED,EXPECTED
2023-10-01 16:00:00,,,,,0,240,240,SESSION_CLOSED_EXPECTED,EXPECTED
2023-10-01 20:00:00,1.21869,1.22044,1.21785,1.21923,174,240,66,EXPECTED_INCOMPLETE,EXPECTED
2023-10-02 00:00:00,1.21926,1.21961,1.21868,1.219,240,240,0,COMPLETE,
2023-10-02 04:00:00,1.219,1.22194,1.2175,1.21936,240,240,0,COMPLETE,
2023-10-02 08:00:00,1.21935,1.21968,1.21479,1.21519,240,240,0,COMPLETE,
2023-10-02 12:00:00,1.21519,1.21669,1.21136,1.21269,240,240,0,COMPLETE,
2023-10-02 16:00:00,1.21271,1.21281,1.20915,1.20921,240,240,0,COMPLETE,
2023-10-02 20:00:00,1.20919,1.20941,1.20795,1.20894,235,240,5,UNEXPECTED_INCOMPLETE,UNEXPECTED
2023-10-03 00:00:00,1.20896,1.20902,1.20704,1.2077,240,240,0,COMPLETE,
2023-10-03 04:00:00,1.20771,1.20883,1.20606,1.20827,240,240,0,COMPLETE,
2023-10-03 08:00:00,1.20826,1.20965,1.2052,1.20651,240,240,0,COMPLETE,
2023-10-03 12:00:00,1.20653,1.21015,1.2053,1.20655,240,240,0,COMPLETE,
2023-10-03 16:00:00,1.20653,1.20911,1.20653,1.20776,240,240,0,COMPLETE,
2023-10-03 20:00:00,1.20774,1.20809,1.20649,1.2077,237,240,3,UNEXPECTED_INCOMPLETE,UNEXPECTED
2023-10-04 00:00:00,1.20772,1.2084,1.20601,1.20622,240,240,0,COMPLETE,
2023-10-04 04:00:00,1.20622,1.20843,1.2037,1.20832,240,240,0,COMPLETE,
2023-10-04 08:00:00,1.20831,1.21405,1.20813,1.21191,240,240,0,COMPLETE,
2023-10-04 12:00:00,1.21193,1.21766,1.21058,1.21541,240,240,0,COMPLETE,
2023-10-04 16:00:00,1.21543,1.21657,1.21303,1.21503,240,240,0,COMPLETE,
2023-10-04 20:00:00,1.21503,1.21508,1.21248,1.21365,238,240,2,UNEXPECTED_INCOMPLETE,UNEXPECTED
2023-10-05 00:00:00,1.21367,1.21627,1.21305,1.21588,240,240,0,COMPLETE,
2023-10-05 04:00:00,1.21588,1.21628,1.21302,1.21306,240,240,0,COMPLETE,
2023-10-05 08:00:00,1.21306,1.21515,1.21155,1.21489,240,240,0,COMPLETE,
2023-10-05 12:00:00,1.21488,1.2174,1.21073,1.21681,240,240,0,COMPLETE,
2023-10-05 16:00:00,1.21682,1.21956,1.21655,1.21933,240,240,0,COMPLETE,
2023-10-05 20:00:00,1.21934,1.21951,1.21787,1.21868,237,240,3,UNEXPECTED_INCOMPLETE,UNEXPECTED
2023-10-06 00:00:00,1.21867,1.21889,1.21765,1.21805,240,240,0,COMPLETE,
2023-10-06 04:00:00,1.21803,1.22066,1.21634,1.22035,240,240,0,COMPLETE,
2023-10-06 08:00:00,1.22035,1.22191,1.2192,1.22117,240,240,0,COMPLETE,
2023-10-06 12:00:00,1.22117,1.22609,1.21053,1.22525,240,240,0,COMPLETE,
2023-10-06 16:00:00,1.22523,1.22549,1.22307,1.22417,240,240,0,COMPLETE,
2023-10-06 20:00:00,1.22418,1.22421,1.22322,1.22374,59,240,181,EXPECTED_INCOMPLETE,EXPECTED
2023-10-07 00:00:00,,,,,0,240,240,SESSION_CLOSED_EXPECTED,EXPECTED
2023-10-07 04:00:00,,,,,0,240,240,SESSION_CLOSED_EXPECTED,EXPECTED
2023-10-07 08:00:00,,,,,0,240,240,SESSION_CLOSED_EXPECTED,EXPECTED
2023-10-07 12:00:00,,,,,0,240,240,SESSION_CLOSED_EXPECTED,EXPECTED
2023-10-07 16:00:00,,,,,0,240,240,SESSION_CLOSED_EXPECTED,EXPECTED
2023-10-07 20:00:00,,,,,0,240,240,SESSION_CLOSED_EXPECTED,EXPECTED
2023-10-08 00:00:00,,,,,0,240,240,SESSION_CLOSED_EXPECTED,EXPECTED
2023-10-08 04:00:00,,,,,0,240,240,SESSION_CLOSED_EXPECTED,EXPECTED
2023-10-08 08:00:00,,,,,0,240,240,SESSION_CLOSED_EXPECTED,EXPECTED
2023-10-08 12:00:00,,,,,0,240,240,SESSION_CLOSED_EXPECTED,EXPECTED
2023-10-08 16:00:00,,,,,0,240,240,SESSION_CLOSED_EXPECTED,EXPECTED
2023-10-08 20:00:00,1.2193,1.2221,1.21906,1.22189,158,240,82,EXPECTED_INCOMPLETE,EXPECTED
2023-10-09 00:00:00,1.22192,1.22241,1.21967,1.21977,240,240,0,COMPLETE,
2023-10-09 04:00:00,1.21977,1.22168,1.21673,1.21703,240,240,0,COMPLETE,
2023-10-09 08:00:00,1.21702,1.21906,1.21634,1.21685,240,240,0,COMPLETE,
2023-10-09 12:00:00,1.21687,1.222,1.21627,1.22033,240,240,0,COMPLETE,
2023-10-09 16:00:00,1.22031,1.22423,1.21959,1.22422,240,240,0,COMPLETE,
2023-10-09 20:00:00,1.22422,1.22512,1.22251,1.2249,240,240,0,COMPLETE,
2023-10-10 00:00:00,1.22488,1.22562,1.22346,1.22365,240,240,0,COMPLETE,
2023-10-10 04:00:00,1.22367,1.22367,1.22113,1.22306,240,240,0,COMPLETE,
2023-10-10 08:00:00,1.22307,1.22753,1.22246,1.22393,240,240,0,COMPLETE,
2023-10-10 12:00:00,1.22393,1.22881,1.22369,1.22861,240,240,0,COMPLETE,
2023-10-10 16:00:00,1.22861,1.22911,1.22633,1.22841,233,240,7,UNEXPECTED_INCOMPLETE,UNEXPECTED
2023-10-10 20:00:00,1.22841,1.22941,1.227,1.22887,238,240,2,UNEXPECTED_INCOMPLETE,UNEXPECTED
2023-10-11 00:00:00,1.22889,1.23031,1.2287,1.22923,240,240,0,COMPLETE,
2023-10-11 04:00:00,1.22923,1.23038,1.22697,1.22758,240,240,0,COMPLETE,
2023-10-11 08:00:00,1.22757,1.22978,1.22695,1.22895,240,240,0,COMPLETE,
2023-10-11 12:00:00,1.22895,1.23368,1.22687,1.23015,240,240,0,COMPLETE,
2023-10-11 16:00:00,1.23015,1.23117,1.22747,1.23084,240,240,0,COMPLETE,
2023-10-11 20:00:00,1.23084,1.23188,1.22991,1.23147,237,240,3,UNEXPECTED_INCOMPLETE,UNEXPECTED
2023-10-12 00:00:00,1.23148,1.23225,1.23102,1.23175,240,240,0,COMPLETE,
2023-10-12 04:00:00,1.23174,1.23311,1.22936,1.22948,240,240,0,COMPLETE,
2023-10-12 08:00:00,1.22949,1.23125,1.22927,1.23123,240,240,0,COMPLETE,
2023-10-12 12:00:00,1.23123,1.2314,1.22007,1.22113,240,240,0,COMPLETE,
2023-10-12 16:00:00,1.22112,1.22235,1.21713,1.2175,240,240,0,COMPLETE,
2023-10-12 20:00:00,1.21752,1.21837,1.21647,1.2182,238,240,2,UNEXPECTED_INCOMPLETE,UNEXPECTED
2023-10-13 00:00:00,1.21819,1.22074,1.21819,1.22029,240,240,0,COMPLETE,
2023-10-13 04:00:00,1.22029,1.22248,1.21846,1.22105,240,240,0,COMPLETE,
2023-10-13 08:00:00,1.22108,1.22189,1.21596,1.21838,240,240,0,COMPLETE,
2023-10-13 12:00:00,1.21841,1.22009,1.2131,1.21359,240,240,0,COMPLETE,
2023-10-13 16:00:00,1.2136,1.2146,1.21221,1.21397,240,240,0,COMPLETE,
2023-10-13 20:00:00,1.21398,1.21454,1.21334,1.21433,59,240,181,EXPECTED_INCOMPLETE,EXPECTED
2023-10-14 00:00:00,,,,,0,240,240,SESSION_CLOSED_EXPECTED,EXPECTED
2023-10-14 04:00:00,,,,,0,240,240,SESSION_CLOSED_EXPECTED,EXPECTED
2023-10-14 08:00:00,,,,,0,240,240,SESSION_CLOSED_EXPECTED,EXPECTED
2023-10-14 12:00:00,,,,,0,240,240,SESSION_CLOSED_EXPECTED,EXPECTED
2023-10-14 16:00:00,,,,,0,240,240,SESSION_CLOSED_EXPECTED,EXPECTED
2023-10-14 20:00:00,,,,,0,240,240,SESSION_CLOSED_EXPECTED,EXPECTED
2023-10-15 00:00:00,,,,,0,240,240,SESSION_CLOSED_EXPECTED,EXPECTED
2023-10-15 04:00:00,,,,,0,240,240,SESSION_CLOSED_EXPECTED,EXPECTED
2023-10-15 08:00:00,,,,,0,240,240,SESSION_CLOSED_EXPECTED,EXPECTED
2023-10-15 12:00:00,,,,,0,240,240,SESSION_CLOSED_EXPECTED,EXPECTED
2023-10-15 16:00:00,,,,,0,240,240,SESSION_CLOSED_EXPECTED,EXPECTED
2023-10-15 20:00:00,1.213,1.21552,1.21294,1.2154,175,240,65,EXPECTED_INCOMPLETE,EXPECTED
2023-10-16 00:00:00,1.21542,1.21584,1.21445,1.21554,240,240,0,COMPLETE,
2023-10-16 04:00:00,1.21556,1.21775,1.21543,1.21745,240,240,0,COMPLETE,
2023-10-16 08:00:00,1.21748,1.21803,1.21424,1.2178,240,240,0,COMPLETE,
2023-10-16 12:00:00,1.21782,1.21993,1.2153,1.2196,240,240,0,COMPLETE,
2023-10-16 16:00:00,1.21959,1.22189,1.21901,1.22169,240,240,0,COMPLETE,
2023-10-16 20:00:00,1.22169,1.22183,1.21984,1.22111,237,240,3,UNEXPECTED_INCOMPLETE,UNEXPECTED
2023-10-17 00:00:00,1.22113,1.22154,1.21928,1.22023,240,240,0,COMPLETE,
2023-10-17 04:00:00,1.22023,1.22024,1.21641,1.21759,240,240,0,COMPLETE,
2023-10-17 08:00:00,1.21756,1.21905,1.21492,1.21838,240,240,0,COMPLETE,
2023-10-17 12:00:00,1.21838,1.22034,1.21325,1.22033,240,240,0,COMPLETE,
2023-10-17 16:00:00,1.22033,1.22115,1.21706,1.21844,240,240,0,COMPLETE,
2023-10-17 20:00:00,1.21843,1.21845,1.21691,1.21777,238,240,2,UNEXPECTED_INCOMPLETE,UNEXPECTED
2023-10-18 00:00:00,1.21776,1.21795,1.21581,1.21753,240,240,0,COMPLETE,
2023-10-18 04:00:00,1.21753,1.22108,1.2174,1.21893,240,240,0,COMPLETE,
2023-10-18 08:00:00,1.21892,1.22099,1.21757,1.21887,240,240,0,COMPLETE,
2023-10-18 12:00:00,1.21887,1.22059,1.21382,1.21478,240,240,0,COMPLETE,
2023-10-18 16:00:00,1.21479,1.21758,1.21366,1.21395,240,240,0,COMPLETE,
2023-10-18 20:00:00,1.21396,1.21441,1.21308,1.2141,232,240,8,UNEXPECTED_INCOMPLETE,UNEXPECTED
2023-10-19 00:00:00,1.21409,1.21455,1.21258,1.21271,240,240,0,COMPLETE,
2023-10-19 04:00:00,1.21271,1.21445,1.21107,1.21171,240,240,0,COMPLETE,
2023-10-19 08:00:00,1.21169,1.21255,1.20896,1.21205,240,240,0,COMPLETE,
2023-10-19 12:00:00,1.21204,1.21615,1.21187,1.21425,240,240,0,COMPLETE,
2023-10-19 16:00:00,1.21427,1.2191,1.21255,1.21485,240,240,0,COMPLETE,
2023-10-19 20:00:00,1.21483,1.21489,1.21319,1.21349,239,240,1,UNEXPECTED_INCOMPLETE,UNEXPECTED
2023-10-20 00:00:00,1.21349,1.21441,1.21175,1.2137,240,240,0,COMPLETE,
2023-10-20 04:00:00,1.21372,1.21379,1.20926,1.21035,240,240,0,COMPLETE,
2023-10-20 08:00:00,1.21034,1.21449,1.20964,1.214,240,240,0,COMPLETE,
2023-10-20 12:00:00,1.21402,1.21608,1.21197,1.21499,240,240,0,COMPLETE,
2023-10-20 16:00:00,1.21501,1.21699,1.21348,1.21601,240,240,0,COMPLETE,
2023-10-20 20:00:00,1.21599,1.21655,1.21589,1.21635,59,240,181,EXPECTED_INCOMPLETE,EXPECTED
2023-10-21 00:00:00,,,,,0,240,240,SESSION_CLOSED_EXPECTED,EXPECTED
2023-10-21 04:00:00,,,,,0,240,240,SESSION_CLOSED_EXPECTED,EXPECTED
2023-10-21 08:00:00,,,,,0,240,240,SESSION_CLOSED_EXPECTED,EXPECTED
2023-10-21 12:00:00,,,,,0,240,240,SESSION_CLOSED_EXPECTED,EXPECTED
2023-10-21 16:00:00,,,,,0,240,240,SESSION_CLOSED_EXPECTED,EXPECTED
2023-10-21 20:00:00,,,,,0,240,240,SESSION_CLOSED_EXPECTED,EXPECTED
2023-10-22 00:00:00,,,,,0,240,240,SESSION_CLOSED_EXPECTED,EXPECTED
2023-10-22 04:00:00,,,,,0,240,240,SESSION_CLOSED_EXPECTED,EXPECTED
2023-10-22 08:00:00,,,,,0,240,240,SESSION_CLOSED_EXPECTED,EXPECTED
2023-10-22 12:00:00,,,,,0,240,240,SESSION_CLOSED_EXPECTED,EXPECTED
2023-10-22 16:00:00,,,,,0,240,240,SESSION_CLOSED_EXPECTED,EXPECTED
2023-10-22 20:00:00,1.21511,1.21656,1.21491,1.21627,173,240,67,EXPECTED_INCOMPLETE,EXPECTED
2023-10-23 00:00:00,1.21627,1.21633,1.21475,1.21477,240,240,0,COMPLETE,
2023-10-23 04:00:00,1.21475,1.21706,1.21439,1.21677,240,240,0,COMPLETE,
2023-10-23 08:00:00,1.21679,1.21843,1.21428,1.21697,240,240,0,COMPLETE,
2023-10-23 12:00:00,1.21696,1.22365,1.21498,1.22319,240,240,0,COMPLETE,
2023-10-23 16:00:00,1.2232,1.22581,1.22201,1.22442,240,240,0,COMPLETE,
2023-10-23 20:00:00,1.2244,1.22533,1.22416,1.22485,237,240,3,UNEXPECTED_INCOMPLETE,UNEXPECTED
2023-10-24 00:00:00,1.22488,1.22736,1.22464,1.22653,240,240,0,COMPLETE,
2023-10-24 04:00:00,1.22653,1.22882,1.22584,1.22621,240,240,0,COMPLETE,
2023-10-24 08:00:00,1.2262,1.22654,1.22101,1.2219,240,240,0,COMPLETE,
2023-10-24 12:00:00,1.22187,1.22212,1.21583,1.21677,240,240,0,COMPLETE,
2023-10-24 16:00:00,1.21677,1.21722,1.2153,1.21627,240,240,0,COMPLETE,
2023-10-24 20:00:00,1.21626,1.21655,1.21507,1.21616,234,240,6,UNEXPECTED_INCOMPLETE,UNEXPECTED
2023-10-25 00:00:00,1.21618,1.21748,1.21603,1.21707,240,240,0,COMPLETE,
2023-10-25 04:00:00,1.21707,1.21757,1.2137,1.21411,240,240,0,COMPLETE,
2023-10-25 08:00:00,1.2141,1.21501,1.21132,1.21177,240,240,0,COMPLETE,
2023-10-25 12:00:00,1.21179,1.21559,1.21157,1.21372,240,240,0,COMPLETE,
2023-10-25 16:00:00,1.21375,1.21397,1.21117,1.21121,240,240,0,COMPLETE,
2023-10-25 20:00:00,1.21119,1.2114,1.20943,1.21018,231,240,9,UNEXPECTED_INCOMPLETE,UNEXPECTED
2023-10-26 00:00:00,1.21019,1.21045,1.20764,1.208,240,240,0,COMPLETE,
2023-10-26 04:00:00,1.208,1.20927,1.20691,1.20889,240,240,0,COMPLETE,
2023-10-26 08:00:00,1.20889,1.20957,1.20739,1.20852,240,240,0,COMPLETE,
2023-10-26 12:00:00,1.20849,1.2133,1.2078,1.21108,240,240,0,COMPLETE,
2023-10-26 16:00:00,1.21107,1.21393,1.20976,1.21216,240,240,0,COMPLETE,
2023-10-26 20:00:00,1.21212,1.21383,1.21132,1.21356,236,240,4,UNEXPECTED_INCOMPLETE,UNEXPECTED
2023-10-27 00:00:00,1.21358,1.21388,1.21218,1.2134,240,240,0,COMPLETE,
2023-10-27 04:00:00,1.21337,1.2141,1.21119,1.21186,240,240,0,COMPLETE,
2023-10-27 08:00:00,1.21186,1.21423,1.21051,1.21085,240,240,0,COMPLETE,
2023-10-27 12:00:00,1.21085,1.21621,1.21055,1.21492,240,240,0,COMPLETE,
2023-10-27 16:00:00,1.21494,1.21538,1.21101,1.212,240,240,0,COMPLETE,
2023-10-27 20:00:00,1.21197,1.21223,1.21171,1.21205,59,240,181,EXPECTED_INCOMPLETE,EXPECTED
2023-10-28 00:00:00,,,,,0,240,240,SESSION_CLOSED_EXPECTED,EXPECTED
2023-10-28 04:00:00,,,,,0,240,240,SESSION_CLOSED_EXPECTED,EXPECTED
2023-10-28 08:00:00,,,,,0,240,240,SESSION_CLOSED_EXPECTED,EXPECTED
2023-10-28 12:00:00,,,,,0,240,240,SESSION_CLOSED_EXPECTED,EXPECTED
2023-10-28 16:00:00,,,,,0,240,240,SESSION_CLOSED_EXPECTED,EXPECTED
2023-10-28 20:00:00,,,,,0,240,240,SESSION_CLOSED_EXPECTED,EXPECTED
2023-10-29 00:00:00,,,,,0,240,240,SESSION_CLOSED_EXPECTED,EXPECTED
2023-10-29 04:00:00,,,,,0,240,240,SESSION_CLOSED_EXPECTED,EXPECTED
2023-10-29 08:00:00,,,,,0,240,240,SESSION_CLOSED_EXPECTED,EXPECTED
2023-10-29 12:00:00,,,,,0,240,240,SESSION_CLOSED_EXPECTED,EXPECTED
2023-10-29 16:00:00,,,,,0,240,240,SESSION_CLOSED_EXPECTED,EXPECTED
2023-10-29 20:00:00,1.21112,1.21233,1.21089,1.21125,172,240,68,EXPECTED_INCOMPLETE,EXPECTED
2023-10-30 00:00:00,1.21127,1.21207,1.21059,1.212,240,240,0,COMPLETE,
2023-10-30 04:00:00,1.21199,1.21329,1.20917,1.20977,240,240,0,COMPLETE,
2023-10-30 08:00:00,1.20975,1.21413,1.20897,1.2125,240,240,0,COMPLETE,
2023-10-30 12:00:00,1.2125,1.21644,1.21196,1.21554,240,240,0,COMPLETE,
2023-10-30 16:00:00,1.21554,1.21742,1.21409,1.2173,240,240,0,COMPLETE,
2023-10-30 20:00:00,1.21728,1.21728,1.21549,1.21632,231,240,9,UNEXPECTED_INCOMPLETE,UNEXPECTED
2023-10-31 00:00:00,1.21634,1.21634,1.21364,1.21439,240,240,0,COMPLETE,
2023-10-31 04:00:00,1.21437,1.21606,1.21382,1.21555,240,240,0,COMPLETE,
2023-10-31 08:00:00,1.21556,1.22,1.21454,1.21792,240,240,0,COMPLETE,
2023-10-31 12:00:00,1.21789,1.21853,1.2119,1.21327,240,240,0,COMPLETE,
2023-10-31 16:00:00,1.21325,1.2155,1.2123,1.2152,240,240,0,COMPLETE,
2023-10-31 20:00:00,1.21523,1.21541,1.21318,1.215,235,240,5,UNEXPECTED_INCOMPLETE,UNEXPECTED
2023-11-01 00:00:00,1.21501,1.21517,1.21337,1.21443,240,240,0,COMPLETE,
2023-11-01 04:00:00,1.21442,1.21605,1.21313,1.2152,240,240,0,COMPLETE,
2023-11-01 08:00:00,1.2152,1.21601,1.21228,1.21254,240,240,0,COMPLETE,
2023-11-01 12:00:00,1.21255,1.2164,1.20953,1.21259,240,240,0,COMPLETE,
2023-11-01 16:00:00,1.21257,1.21559,1.20968,1.21477,240,240,0,COMPLETE,
2023-11-01 20:00:00,1.21477,1.218,1.21251,1.218,231,240,9,UNEXPECTED_INCOMPLETE,UNEXPECTED
2023-11-02 00:00:00,1.21804,1.21959,1.21784,1.2191,240,240,0,COMPLETE,
2023-11-02 04:00:00,1.21911,1.21911,1.21632,1.21687,240,240,0,COMPLETE,
2023-11-02 08:00:00,1.21686,1.21984,1.21547,1.21931,240,240,0,COMPLETE,
2023-11-02 12:00:00,1.21931,1.22248,1.21672,1.21729,240,240,0,COMPLETE,
2023-11-02 16:00:00,1.21727,1.22085,1.21681,1.22068,240,240,0,COMPLETE,
2023-11-02 20:00:00,1.2207,1.22078,1.21736,1.21889,229,240,11,UNEXPECTED_INCOMPLETE,UNEXPECTED
2023-11-03 00:00:00,1.21891,1.22038,1.21839,1.21994,240,240,0,COMPLETE,
2023-11-03 04:00:00,1.21996,1.2213,1.21963,1.21993,240,240,0,COMPLETE,
2023-11-03 08:00:00,1.21991,1.223,1.21855,1.22258,240,240,0,COMPLETE,
2023-11-03 12:00:00,1.22258,1.23742,1.22236,1.23705,240,240,0,COMPLETE,
2023-11-03 16:00:00,1.237,1.23889,1.23579,1.23731,240,240,0,COMPLETE,
2023-11-03 20:00:00,1.2373,1.23823,1.23728,1.23803,59,240,181,EXPECTED_INCOMPLETE,EXPECTED
2023-11-04 00:00:00,,,,,0,240,240,SESSION_CLOSED_EXPECTED,EXPECTED
2023-11-04 04:00:00,,,,,0,240,240,SESSION_CLOSED_EXPECTED,EXPECTED
2023-11-04 08:00:00,,,,,0,240,240,SESSION_CLOSED_EXPECTED,EXPECTED
2023-11-04 12:00:00,,,,,0,240,240,SESSION_CLOSED_EXPECTED,EXPECTED
2023-11-04 16:00:00,,,,,0,240,240,SESSION_CLOSED_EXPECTED,EXPECTED
2023-11-04 20:00:00,,,,,0,240,240,SESSION_CLOSED_EXPECTED,EXPECTED
2023-11-05 00:00:00,,,,,0,240,240,SESSION_CLOSED_EXPECTED,EXPECTED
2023-11-05 04:00:00,,,,,0,240,240,SESSION_CLOSED_EXPECTED,EXPECTED
2023-11-05 08:00:00,,,,,0,240,240,SESSION_CLOSED_EXPECTED,EXPECTED
2023-11-05 12:00:00,,,,,0,240,240,SESSION_CLOSED_EXPECTED,EXPECTED
2023-11-05 16:00:00,,,,,0,240,240,SESSION_CLOSED_EXPECTED,EXPECTED
2023-11-05 20:00:00,1.23659,1.23749,1.23461,1.23696,109,240,131,EXPECTED_INCOMPLETE,EXPECTED
2023-11-06 00:00:00,1.23713,1.23753,1.23644,1.23743,240,240,0,COMPLETE,
2023-11-06 04:00:00,1.23744,1.23957,1.237,1.23822,240,240,0,COMPLETE,
2023-11-06 08:00:00,1.23819,1.24258,1.2376,1.24227,240,240,0,COMPLETE,
2023-11-06 12:00:00,1.24231,1.24274,1.2371,1.23889,240,240,0,COMPLETE,
2023-11-06 16:00:00,1.23889,1.23972,1.23506,1.23512,240,240,0,COMPLETE,
2023-11-06 20:00:00,1.23511,1.23516,1.232,1.23422,235,240,5,UNEXPECTED_INCOMPLETE,UNEXPECTED
2023-11-07 00:00:00,1.23434,1.23461,1.23322,1.23338,240,240,0,COMPLETE,
2023-11-07 04:00:00,1.23338,1.23365,1.23112,1.23144,240,240,0,COMPLETE,
2023-11-07 08:00:00,1.23146,1.23316,1.22749,1.22877,240,240,0,COMPLETE,
2023-11-07 12:00:00,1.22875,1.231,1.22824,1.22984,240,240,0,COMPLETE,
2023-11-07 16:00:00,1.22984,1.23109,1.22621,1.22957,240,240,0,COMPLETE,
2023-11-07 20:00:00,1.22957,1.22997,1.22727,1.22895,236,240,4,UNEXPECTED_INCOMPLETE,UNEXPECTED
2023-11-08 00:00:00,1.22906,1.22953,1.22774,1.22802,240,240,0,COMPLETE,
2023-11-08 04:00:00,1.22803,1.22839,1.22639,1.22716,240,240,0,COMPLETE,
2023-11-08 08:00:00,1.22719,1.22756,1.22412,1.22669,240,240,0,COMPLETE,
2023-11-08 12:00:00,1.22669,1.2288,1.22499,1.22857,240,240,0,COMPLETE,
2023-11-08 16:00:00,1.22857,1.23007,1.22813,1.22834,240,240,0,COMPLETE,
2023-11-08 20:00:00,1.22832,1.22891,1.22605,1.22837,236,240,4,UNEXPECTED_INCOMPLETE,UNEXPECTED
2023-11-09 00:00:00,1.22848,1.22931,1.22742,1.22814,240,240,0,COMPLETE,
2023-11-09 04:00:00,1.22814,1.22887,1.22746,1.22819,240,240,0,COMPLETE,
2023-11-09 08:00:00,1.22817,1.23079,1.22529,1.22606,240,240,0,COMPLETE,
2023-11-09 12:00:00,1.22605,1.22945,1.22509,1.2286,240,240,0,COMPLETE,
2023-11-09 16:00:00,1.2286,1.22883,1.22118,1.22194,240,240,0,COMPLETE,
2023-11-09 20:00:00,1.22194,1.22289,1.22095,1.22154,236,240,4,UNEXPECTED_INCOMPLETE,UNEXPECTED
2023-11-10 00:00:00,1.22157,1.22273,1.22114,1.22208,240,240,0,COMPLETE,
2023-11-10 04:00:00,1.22208,1.22369,1.22156,1.2227,240,240,0,COMPLETE,
2023-11-10 08:00:00,1.22268,1.22343,1.22023,1.22073,240,240,0,COMPLETE,
2023-11-10 12:00:00,1.22069,1.22265,1.21864,1.21953,240,240,0,COMPLETE,
2023-11-10 16:00:00,1.21957,1.22307,1.21919,1.22177,240,240,0,COMPLETE,
2023-11-10 20:00:00,1.22177,1.22275,1.22143,1.22257,119,240,121,EXPECTED_INCOMPLETE,EXPECTED
2023-11-11 00:00:00,,,,,0,240,240,SESSION_CLOSED_EXPECTED,EXPECTED
2023-11-11 04:00:00,,,,,0,240,240,SESSION_CLOSED_EXPECTED,EXPECTED
2023-11-11 08:00:00,,,,,0,240,240,SESSION_CLOSED_EXPECTED,EXPECTED
2023-11-11 12:00:00,,,,,0,240,240,SESSION_CLOSED_EXPECTED,EXPECTED
2023-11-11 16:00:00,,,,,0,240,240,SESSION_CLOSED_EXPECTED,EXPECTED
2023-11-11 20:00:00,,,,,0,240,240,SESSION_CLOSED_EXPECTED,EXPECTED
2023-11-12 00:00:00,,,,,0,240,240,SESSION_CLOSED_EXPECTED,EXPECTED
2023-11-12 04:00:00,,,,,0,240,240,SESSION_CLOSED_EXPECTED,EXPECTED
2023-11-12 08:00:00,,,,,0,240,240,SESSION_CLOSED_EXPECTED,EXPECTED
2023-11-12 12:00:00,,,,,0,240,240,SESSION_CLOSED_EXPECTED,EXPECTED
2023-11-12 16:00:00,,,,,0,240,240,SESSION_CLOSED_EXPECTED,EXPECTED
2023-11-12 20:00:00,1.22009,1.22293,1.21955,1.22263,115,240,125,EXPECTED_INCOMPLETE,EXPECTED
2023-11-13 00:00:00,1.22286,1.22354,1.22225,1.22265,240,240,0,COMPLETE,
2023-11-13 04:00:00,1.22265,1.22431,1.22257,1.22368,240,240,0,COMPLETE,
2023-11-13 08:00:00,1.22368,1.22546,1.22307,1.22496,240,240,0,COMPLETE,
2023-11-13 12:00:00,1.22494,1.22579,1.22293,1.22523,240,240,0,COMPLETE,
2023-11-13 16:00:00,1.22516,1.22786,1.22474,1.22772,240,240,0,COMPLETE,
2023-11-13 20:00:00,1.22772,1.22798,1.22591,1.22779,235,240,5,UNEXPECTED_INCOMPLETE,UNEXPECTED
2023-11-14 00:00:00,1.22787,1.22795,1.2268,1.22705,240,240,0,COMPLETE,
2023-11-14 04:00:00,1.22705,1.22996,1.22649,1.22943,240,240,0,COMPLETE,
2023-11-14 08:00:00,1.22943,1.23068,1.22759,1.22799,240,240,0,COMPLETE,
2023-11-14 12:00:00,1.22803,1.24739,1.22797,1.24558,240,240,0,COMPLETE,
2023-11-14 16:00:00,1.24553,1.24993,1.24547,1.24986,240,240,0,COMPLETE,
2023-11-14 20:00:00,1.24986,1.25053,1.24711,1.24926,236,240,4,UNEXPECTED_INCOMPLETE,UNEXPECTED
2023-11-15 00:00:00,1.24929,1.24953,1.24788,1.24939,240,240,0,COMPLETE,
2023-11-15 04:00:00,1.24939,1.24974,1.24634,1.24692,240,240,0,COMPLETE,
2023-11-15 08:00:00,1.2469,1.24755,1.24534,1.24716,240,240,0,COMPLETE,
2023-11-15 12:00:00,1.24716,1.24793,1.24031,1.24417,240,240,0,COMPLETE,
2023-11-15 16:00:00,1.24413,1.24536,1.24099,1.24181,240,240,0,COMPLETE,
2023-11-15 20:00:00,1.2418,1.24211,1.24021,1.24208,236,240,4,UNEXPECTED_INCOMPLETE,UNEXPECTED
2023-11-16 00:00:00,1.24213,1.24238,1.23795,1.23879,240,240,0,COMPLETE,
2023-11-16 04:00:00,1.23879,1.23985,1.23759,1.23802,240,240,0,COMPLETE,
2023-11-16 08:00:00,1.238,1.24128,1.23763,1.24037,240,240,0,COMPLETE,
2023-11-16 12:00:00,1.24036,1.24549,1.2382,1.24402,240,240,0,COMPLETE,
2023-11-16 16:00:00,1.24402,1.24484,1.24138,1.24172,240,240,0,COMPLETE,
2023-11-16 20:00:00,1.24171,1.24183,1.24056,1.24136,236,240,4,UNEXPECTED_INCOMPLETE,UNEXPECTED
2023-11-17 00:00:00,1.24139,1.24218,1.24038,1.24073,240,240,0,COMPLETE,
2023-11-17 04:00:00,1.24073,1.24183,1.23735,1.2384,240,240,0,COMPLETE,
2023-11-17 08:00:00,1.23839,1.24374,1.23782,1.2429,240,240,0,COMPLETE,
2023-11-17 12:00:00,1.24291,1.24395,1.24047,1.24333,240,240,0,COMPLETE,
2023-11-17 16:00:00,1.24334,1.24574,1.24174,1.24484,240,240,0,COMPLETE,
2023-11-17 20:00:00,1.24482,1.24644,1.2446,1.24629,119,240,121,EXPECTED_INCOMPLETE,EXPECTED
2023-11-18 00:00:00,,,,,0,240,240,SESSION_CLOSED_EXPECTED,EXPECTED
2023-11-18 04:00:00,,,,,0,240,240,SESSION_CLOSED_EXPECTED,EXPECTED
2023-11-18 08:00:00,,,,,0,240,240,SESSION_CLOSED_EXPECTED,EXPECTED
2023-11-18 12:00:00,,,,,0,240,240,SESSION_CLOSED_EXPECTED,EXPECTED
2023-11-18 16:00:00,,,,,0,240,240,SESSION_CLOSED_EXPECTED,EXPECTED
2023-11-18 20:00:00,,,,,0,240,240,SESSION_CLOSED_EXPECTED,EXPECTED
2023-11-19 00:00:00,,,,,0,240,240,SESSION_CLOSED_EXPECTED,EXPECTED
2023-11-19 04:00:00,,,,,0,240,240,SESSION_CLOSED_EXPECTED,EXPECTED
2023-11-19 08:00:00,,,,,0,240,240,SESSION_CLOSED_EXPECTED,EXPECTED
2023-11-19 12:00:00,,,,,0,240,240,SESSION_CLOSED_EXPECTED,EXPECTED
2023-11-19 16:00:00,,,,,0,240,240,SESSION_CLOSED_EXPECTED,EXPECTED
2023-11-19 20:00:00,1.24412,1.24604,1.24406,1.24504,114,240,126,EXPECTED_INCOMPLETE,EXPECTED
2023-11-20 00:00:00,1.24525,1.24851,1.24455,1.2484,240,240,0,COMPLETE,
2023-11-20 04:00:00,1.2484,1.24949,1.2471,1.24746,240,240,0,COMPLETE,
2023-11-20 08:00:00,1.24748,1.251,1.24608,1.24704,240,240,0,COMPLETE,
2023-11-20 12:00:00,1.24705,1.2494,1.24616,1.2492,240,240,0,COMPLETE,
2023-11-20 16:00:00,1.24917,1.2517,1.24896,1.25099,240,240,0,COMPLETE,
2023-11-20 20:00:00,1.25098,1.25131,1.24942,1.25069,236,240,4,UNEXPECTED_INCOMPLETE,UNEXPECTED
2023-11-21 00:00:00,1.25073,1.25384,1.2504,1.25377,240,240,0,COMPLETE,
2023-11-21 04:00:00,1.25376,1.25394,1.25211,1.25239,240,240,0,COMPLETE,
2023-11-21 08:00:00,1.25243,1.25534,1.25195,1.2529,240,240,0,COMPLETE,
2023-11-21 12:00:00,1.2529,1.25591,1.25264,1.25362,240,240,0,COMPLETE,
2023-11-21 16:00:00,1.25362,1.25505,1.25174,1.25403,240,240,0,COMPLETE,
2023-11-21 20:00:00,1.25405,1.25443,1.2522,1.2542,236,240,4,UNEXPECTED_INCOMPLETE,UNEXPECTED
2023-11-22 00:00:00,1.25425,1.25492,1.25314,1.25387,240,240,0,COMPLETE,
2023-11-22 04:00:00,1.25387,1.25408,1.25123,1.25255,240,240,0,COMPLETE,
2023-11-22 08:00:00,1.25259,1.25373,1.25062,1.2534,240,240,0,COMPLETE,
2023-11-22 12:00:00,1.25344,1.25482,1.24481,1.24584,240,240,0,COMPLETE,
2023-11-22 16:00:00,1.24585,1.24944,1.24524,1.24895,238,240,2,UNEXPECTED_INCOMPLETE,UNEXPECTED
2023-11-22 20:00:00,1.24895,1.24965,1.2487,1.24884,236,240,4,UNEXPECTED_INCOMPLETE,UNEXPECTED
2023-11-23 00:00:00,1.24886,1.25063,1.24882,1.25051,240,240,0,COMPLETE,
2023-11-23 04:00:00,1.2505,1.25184,1.24995,1.25171,240,240,0,COMPLETE,
2023-11-23 08:00:00,1.2517,1.25709,1.25033,1.25561,240,240,0,COMPLETE,
2023-11-23 12:00:00,1.25562,1.25582,1.25244,1.25387,240,240,0,COMPLETE,
2023-11-23 16:00:00,1.25384,1.25386,1.25277,1.25333,240,240,0,COMPLETE,
2023-11-23 20:00:00,1.25334,1.2536,1.25135,1.25299,236,240,4,UNEXPECTED_INCOMPLETE,UNEXPECTED
2023-11-24 00:00:00,1.25313,1.25442,1.2524,1.2535,240,240,0,COMPLETE,
2023-11-24 04:00:00,1.25348,1.25459,1.2526,1.25322,240,240,0,COMPLETE,
2023-11-24 08:00:00,1.25318,1.25699,1.25289,1.25675,240,240,0,COMPLETE,
2023-11-24 12:00:00,1.25675,1.2615,1.25612,1.26121,240,240,0,COMPLETE,
2023-11-24 16:00:00,1.26121,1.26144,1.25957,1.26062,240,240,0,COMPLETE,
2023-11-24 20:00:00,1.26062,1.26095,1.26001,1.26023,119,240,121,EXPECTED_INCOMPLETE,EXPECTED
2023-11-25 00:00:00,,,,,0,240,240,SESSION_CLOSED_EXPECTED,EXPECTED
2023-11-25 04:00:00,,,,,0,240,240,SESSION_CLOSED_EXPECTED,EXPECTED
2023-11-25 08:00:00,,,,,0,240,240,SESSION_CLOSED_EXPECTED,EXPECTED
2023-11-25 12:00:00,,,,,0,240,240,SESSION_CLOSED_EXPECTED,EXPECTED
2023-11-25 16:00:00,,,,,0,240,240,SESSION_CLOSED_EXPECTED,EXPECTED
2023-11-25 20:00:00,,,,,0,240,240,SESSION_CLOSED_EXPECTED,EXPECTED
2023-11-26 00:00:00,,,,,0,240,240,SESSION_CLOSED_EXPECTED,EXPECTED
2023-11-26 04:00:00,,,,,0,240,240,SESSION_CLOSED_EXPECTED,EXPECTED
2023-11-26 08:00:00,,,,,0,240,240,SESSION_CLOSED_EXPECTED,EXPECTED
2023-11-26 12:00:00,,,,,0,240,240,SESSION_CLOSED_EXPECTED,EXPECTED
2023-11-26 16:00:00,,,,,0,240,240,SESSION_CLOSED_EXPECTED,EXPECTED
2023-11-26 20:00:00,1.2587,1.26035,1.25861,1.2597,114,240,126,EXPECTED_INCOMPLETE,EXPECTED
2023-11-27 00:00:00,1.25988,1.26098,1.25907,1.26049,240,240,0,COMPLETE,
2023-11-27 04:00:00,1.26048,1.26265,1.25992,1.2617,240,240,0,COMPLETE,
2023-11-27 08:00:00,1.26164,1.26361,1.26016,1.26342,240,240,0,COMPLETE,
2023-11-27 12:00:00,1.26339,1.26438,1.26025,1.26054,240,240,0,COMPLETE,
2023-11-27 16:00:00,1.26055,1.26334,1.25999,1.26317,240,240,0,COMPLETE,
2023-11-27 20:00:00,1.26321,1.2634,1.26149,1.26335,236,240,4,UNEXPECTED_INCOMPLETE,UNEXPECTED
2023-11-28 00:00:00,1.26335,1.26416,1.26291,1.26316,240,240,0,COMPLETE,
2023-11-28 04:00:00,1.26316,1.26325,1.26087,1.26115,240,240,0,COMPLETE,
2023-11-28 08:00:00,1.26117,1.26396,1.2606,1.26197,240,240,0,COMPLETE,
2023-11-28 12:00:00,1.26199,1.26985,1.26076,1.26822,240,240,0,COMPLETE,
2023-11-28 16:00:00,1.26824,1.27146,1.26728,1.26979,240,240,0,COMPLETE,
2023-11-28 20:00:00,1.26976,1.27122,1.26798,1.27114,235,240,5,UNEXPECTED_INCOMPLETE,UNEXPECTED
2023-11-29 00:00:00,1.27119,1.2733,1.27033,1.27076,240,240,0,COMPLETE,
2023-11-29 04:00:00,1.27074,1.27212,1.26891,1.2697,240,240,0,COMPLETE,
2023-11-29 08:00:00,1.26968,1.27134,1.2673,1.26881,240,240,0,COMPLETE,
2023-11-29 12:00:00,1.26879,1.27106,1.26643,1.26964,240,240,0,COMPLETE,
2023-11-29 16:00:00,1.26958,1.2727,1.26697,1.27074,240,240,0,COMPLETE,
2023-11-29 20:00:00,1.27072,1.27078,1.26852,1.2694,236,240,4,UNEXPECTED_INCOMPLETE,UNEXPECTED
2023-11-30 00:00:00,1.26941,1.27053,1.26898,1.2698,240,240,0,COMPLETE,
2023-11-30 04:00:00,1.2698,1.27083,1.26775,1.2693,240,240,0,COMPLETE,
2023-11-30 08:00:00,1.26932,1.271,1.26313,1.26393,240,240,0,COMPLETE,
2023-11-30 12:00:00,1.26394,1.26782,1.2603,1.26566,240,240,0,COMPLETE,
2023-11-30 16:00:00,1.26565,1.26634,1.26124,1.26229,240,240,0,COMPLETE,
2023-11-30 20:00:00,1.2623,1.26318,1.26116,1.26296,236,240,4,UNEXPECTED_INCOMPLETE,UNEXPECTED
2023-12-01 00:00:00,1.26303,1.2656,1.26297,1.26339,240,240,0,COMPLETE,
2023-12-01 04:00:00,1.26338,1.2645,1.26287,1.26331,240,240,0,COMPLETE,
2023-12-01 08:00:00,1.26333,1.26749,1.26293,1.26456,240,240,0,COMPLETE,
2023-12-01 12:00:00,1.26455,1.26549,1.26136,1.26357,240,240,0,COMPLETE,
2023-12-01 16:00:00,1.26357,1.27154,1.26248,1.26996,240,240,0,COMPLETE,
2023-12-01 20:00:00,1.26996,1.27114,1.26977,1.27101,119,240,121,EXPECTED_INCOMPLETE,EXPECTED
2023-12-02 00:00:00,,,,,0,240,240,SESSION_CLOSED_EXPECTED,EXPECTED
2023-12-02 04:00:00,,,,,0,240,240,SESSION_CLOSED_EXPECTED,EXPECTED
2023-12-02 08:00:00,,,,,0,240,240,SESSION_CLOSED_EXPECTED,EXPECTED
2023-12-02 12:00:00,,,,,0,240,240,SESSION_CLOSED_EXPECTED,EXPECTED
2023-12-02 16:00:00,,,,,0,240,240,SESSION_CLOSED_EXPECTED,EXPECTED
2023-12-02 20:00:00,,,,,0,240,240,SESSION_CLOSED_EXPECTED,EXPECTED
2023-12-03 00:00:00,,,,,0,240,240,SESSION_CLOSED_EXPECTED,EXPECTED
2023-12-03 04:00:00,,,,,0,240,240,SESSION_CLOSED_EXPECTED,EXPECTED
2023-12-03 08:00:00,,,,,0,240,240,SESSION_CLOSED_EXPECTED,EXPECTED
2023-12-03 12:00:00,,,,,0,240,240,SESSION_CLOSED_EXPECTED,EXPECTED
2023-12-03 16:00:00,,,,,0,240,240,SESSION_CLOSED_EXPECTED,EXPECTED
2023-12-03 20:00:00,1.26918,1.27238,1.26812,1.27098,114,240,126,EXPECTED_INCOMPLETE,EXPECTED
2023-12-04 00:00:00,1.27111,1.27119,1.26669,1.2677,240,240,0,COMPLETE,
2023-12-04 04:00:00,1.26771,1.26849,1.26608,1.26644,240,240,0,COMPLETE,
2023-12-04 08:00:00,1.2664,1.2687,1.26526,1.26828,240,240,0,COMPLETE,
2023-12-04 12:00:00,1.26826,1.26839,1.26033,1.26103,240,240,0,COMPLETE,
2023-12-04 16:00:00,1.26102,1.26351,1.26049,1.26215,240,240,0,COMPLETE,
2023-12-04 20:00:00,1.26218,1.26338,1.26205,1.26326,236,240,4,UNEXPECTED_INCOMPLETE,UNEXPECTED
2023-12-05 00:00:00,1.2633,1.26439,1.2627,1.2633,240,240,0,COMPLETE,
2023-12-05 04:00:00,1.26325,1.26408,1.26055,1.26092,240,240,0,COMPLETE,
2023-12-05 08:00:00,1.26091,1.26453,1.26088,1.2622,240,240,0,COMPLETE,
2023-12-05 12:00:00,1.26223,1.26513,1.2598,1.26124,240,240,0,COMPLETE,
2023-12-05 16:00:00,1.26128,1.26184,1.25768,1.25823,240,240,0,COMPLETE,
2023-12-05 20:00:00,1.25823,1.25962,1.25791,1.2593,236,240,4,UNEXPECTED_INCOMPLETE,UNEXPECTED
2023-12-06 00:00:00,1.25935,1.26122,1.25917,1.26102,240,240,0,COMPLETE,
2023-12-06 04:00:00,1.26102,1.26136,1.25933,1.26066,240,240,0,COMPLETE,
2023-12-06 08:00:00,1.26064,1.26113,1.25813,1.25871,240,240,0,COMPLETE,
2023-12-06 12:00:00,1.25872,1.26045,1.25808,1.25926,240,240,0,COMPLETE,
2023-12-06 16:00:00,1.25922,1.26042,1.25573,1.25613,240,240,0,COMPLETE,
2023-12-06 20:00:00,1.25613,1.25613,1.25509,1.25568,236,240,4,UNEXPECTED_INCOMPLETE,UNEXPECTED
2023-12-07 00:00:00,1.25573,1.25641,1.25475,1.25488,240,240,0,COMPLETE,
2023-12-07 04:00:00,1.25484,1.25851,1.25438,1.25804,240,240,0,COMPLETE,
2023-12-07 08:00:00,1.25804,1.25929,1.25613,1.25706,240,240,0,COMPLETE,
2023-12-07 12:00:00,1.2571,1.25935,1.25448,1.25736,240,240,0,COMPLETE,
2023-12-07 16:00:00,1.25735,1.26119,1.25686,1.25909,240,240,0,COMPLETE,
2023-12-07 20:00:00,1.25908,1.25971,1.25752,1.25861,235,240,5,UNEXPECTED_INCOMPLETE,UNEXPECTED
2023-12-08 00:00:00,1.2587,1.26009,1.25841,1.25903,240,240,0,COMPLETE,
2023-12-08 04:00:00,1.25904,1.25957,1.25593,1.25653,240,240,0,COMPLETE,
2023-12-08 08:00:00,1.25649,1.25866,1.25543,1.25794,240,240,0,COMPLETE,
2023-12-08 12:00:00,1.25797,1.2584,1.25017,1.25458,240,240,0,COMPLETE,
2023-12-08 16:00:00,1.25457,1.2555,1.25225,1.25497,240,240,0,COMPLETE,
2023-12-08 20:00:00,1.25496,1.25501,1.25419,1.25484,119,240,121,EXPECTED_INCOMPLETE,EXPECTED
2023-12-09 00:00:00,,,,,0,240,240,SESSION_CLOSED_EXPECTED,EXPECTED
2023-12-09 04:00:00,,,,,0,240,240,SESSION_CLOSED_EXPECTED,EXPECTED
2023-12-09 08:00:00,,,,,0,240,240,SESSION_CLOSED_EXPECTED,EXPECTED
2023-12-09 12:00:00,,,,,0,240,240,SESSION_CLOSED_EXPECTED,EXPECTED
2023-12-09 16:00:00,,,,,0,240,240,SESSION_CLOSED_EXPECTED,EXPECTED
2023-12-09 20:00:00,,,,,0,240,240,SESSION_CLOSED_EXPECTED,EXPECTED
2023-12-10 00:00:00,,,,,0,240,240,SESSION_CLOSED_EXPECTED,EXPECTED
2023-12-10 04:00:00,,,,,0,240,240,SESSION_CLOSED_EXPECTED,EXPECTED
2023-12-10 08:00:00,,,,,0,240,240,SESSION_CLOSED_EXPECTED,EXPECTED
2023-12-10 12:00:00,,,,,0,240,240,SESSION_CLOSED_EXPECTED,EXPECTED
2023-12-10 16:00:00,,,,,0,240,240,SESSION_CLOSED_EXPECTED,EXPECTED
2023-12-10 20:00:00,1.2523,1.25521,1.2523,1.25519,114,240,126,EXPECTED_INCOMPLETE,EXPECTED
2023-12-11 00:00:00,1.25536,1.25583,1.25401,1.2541,240,240,0,COMPLETE,
2023-12-11 04:00:00,1.25409,1.25471,1.25344,1.254,240,240,0,COMPLETE,
2023-12-11 08:00:00,1.25403,1.25895,1.25385,1.25891,240,240,0,COMPLETE,
2023-12-11 12:00:00,1.25894,1.25902,1.25478,1.25499,240,240,0,COMPLETE,
2023-12-11 16:00:00,1.25501,1.25669,1.25379,1.2555,240,240,0,COMPLETE,
2023-12-11 20:00:00,1.25549,1.2559,1.25479,1.25527,234,240,6,UNEXPECTED_INCOMPLETE,UNEXPECTED
2023-12-12 00:00:00,1.25529,1.25753,1.25524,1.25743,240,240,0,COMPLETE,
2023-12-12 04:00:00,1.25744,1.25839,1.25606,1.25637,240,240,0,COMPLETE,
2023-12-12 08:00:00,1.25639,1.25792,1.25421,1.25701,233,240,7,UNEXPECTED_INCOMPLETE,UNEXPECTED
2023-12-12 12:00:00,1.25702,1.26146,1.25138,1.25599,240,240,0,COMPLETE,
2023-12-12 16:00:00,1.25598,1.25711,1.25413,1.25625,240,240,0,COMPLETE,
2023-12-12 20:00:00,1.25627,1.25716,1.25497,1.25675,236,240,4,UNEXPECTED_INCOMPLETE,UNEXPECTED
2023-12-13 00:00:00,1.25682,1.25705,1.25477,1.2552,240,240,0,COMPLETE,
2023-12-13 04:00:00,1.25517,1.25597,1.25179,1.25205,240,240,0,COMPLETE,
2023-12-13 08:00:00,1.25208,1.25366,1.25087,1.25268,240,240,0,COMPLETE,
2023-12-13 12:00:00,1.25272,1.25474,1.25044,1.25252,240,240,0,COMPLETE,
2023-12-13 16:00:00,1.25252,1.26311,1.24996,1.2626,240,240,0,COMPLETE,
2023-12-13 20:00:00,1.26265,1.26345,1.26087,1.26205,236,240,4,UNEXPECTED_INCOMPLETE,UNEXPECTED
2023-12-14 00:00:00,1.26208,1.26523,1.26189,1.26453,240,240,0,COMPLETE,
2023-12-14 04:00:00,1.26453,1.26464,1.26116,1.26198,240,240,0,COMPLETE,
2023-12-14 08:00:00,1.26199,1.26797,1.2615,1.26629,240,240,0,COMPLETE,
2023-12-14 12:00:00,1.26635,1.27631,1.26625,1.27583,240,240,0,COMPLETE,
2023-12-14 16:00:00,1.27588,1.2794,1.27478,1.27568,240,240,0,COMPLETE,
2023-12-14 20:00:00,1.27575,1.27716,1.27518,1.27695,236,240,4,UNEXPECTED_INCOMPLETE,UNEXPECTED
2023-12-15 00:00:00,1.27697,1.27704,1.2747,1.27661,240,240,0,COMPLETE,
2023-12-15 04:00:00,1.2766,1.27734,1.27521,1.27678,240,240,0,COMPLETE,
2023-12-15 08:00:00,1.27672,1.27901,1.27398,1.27709,240,240,0,COMPLETE,
2023-12-15 12:00:00,1.27711,1.27744,1.26948,1.26983,240,240,0,COMPLETE,
2023-12-15 16:00:00,1.26986,1.27155,1.26676,1.26895,240,240,0,COMPLETE,
2023-12-15 20:00:00,1.26891,1.2696,1.26697,1.26817,119,240,121,EXPECTED_INCOMPLETE,EXPECTED
2023-12-16 00:00:00,,,,,0,240,240,SESSION_CLOSED_EXPECTED,EXPECTED
2023-12-16 04:00:00,,,,,0,240,240,SESSION_CLOSED_EXPECTED,EXPECTED
2023-12-16 08:00:00,,,,,0,240,240,SESSION_CLOSED_EXPECTED,EXPECTED
2023-12-16 12:00:00,,,,,0,240,240,SESSION_CLOSED_EXPECTED,EXPECTED
2023-12-16 16:00:00,,,,,0,240,240,SESSION_CLOSED_EXPECTED,EXPECTED
2023-12-16 20:00:00,,,,,0,240,240,SESSION_CLOSED_EXPECTED,EXPECTED
2023-12-17 00:00:00,,,,,0,240,240,SESSION_CLOSED_EXPECTED,EXPECTED
2023-12-17 04:00:00,,,,,0,240,240,SESSION_CLOSED_EXPECTED,EXPECTED
2023-12-17 08:00:00,,,,,0,240,240,SESSION_CLOSED_EXPECTED,EXPECTED
2023-12-17 12:00:00,,,,,0,240,240,SESSION_CLOSED_EXPECTED,EXPECTED
2023-12-17 16:00:00,,,,,0,240,240,SESSION_CLOSED_EXPECTED,EXPECTED
2023-12-17 20:00:00,1.26667,1.26752,1.26539,1.26706,115,240,125,EXPECTED_INCOMPLETE,EXPECTED
2023-12-18 00:00:00,1.26713,1.26993,1.26707,1.26936,240,240,0,COMPLETE,
2023-12-18 04:00:00,1.26936,1.27034,1.26848,1.26904,240,240,0,COMPLETE,
2023-12-18 08:00:00,1.26909,1.26949,1.26453,1.26539,240,240,0,COMPLETE,
2023-12-18 12:00:00,1.26543,1.2672,1.26353,1.26432,240,240,0,COMPLETE,
2023-12-18 16:00:00,1.26437,1.26557,1.26282,1.26393,240,240,0,COMPLETE,
2023-12-18 20:00:00,1.26394,1.26524,1.26311,1.26516,236,240,4,UNEXPECTED_INCOMPLETE,UNEXPECTED
2023-12-19 00:00:00,1.26524,1.26639,1.26486,1.26595,240,240,0,COMPLETE,
2023-12-19 04:00:00,1.26593,1.26771,1.26508,1.26665,240,240,0,COMPLETE,
2023-12-19 08:00:00,1.26672,1.2713,1.26638,1.27019,240,240,0,COMPLETE,
2023-12-19 12:00:00,1.27018,1.27573,1.27012,1.27384,240,240,0,COMPLETE,
2023-12-19 16:00:00,1.27385,1.27618,1.27196,1.27224,240,240,0,COMPLETE,
2023-12-19 20:00:00,1.27224,1.27322,1.27157,1.27297,236,240,4,UNEXPECTED_INCOMPLETE,UNEXPECTED
2023-12-20 00:00:00,1.27299,1.27299,1.27154,1.27195,240,240,0,COMPLETE,
2023-12-20 04:00:00,1.27195,1.27253,1.26468,1.26628,240,240,0,COMPLETE,
2023-12-20 08:00:00,1.2663,1.26792,1.26484,1.26508,240,240,0,COMPLETE,
2023-12-20 12:00:00,1.26508,1.2682,1.26293,1.26678,240,240,0,COMPLETE,
2023-12-20 16:00:00,1.26677,1.26749,1.26396,1.2642,240,240,0,COMPLETE,
2023-12-20 20:00:00,1.26416,1.26455,1.26223,1.26395,236,240,4,UNEXPECTED_INCOMPLETE,UNEXPECTED
2023-12-21 00:00:00,1.26396,1.26498,1.263,1.26341,240,240,0,COMPLETE,
2023-12-21 04:00:00,1.26341,1.26508,1.26316,1.2637,240,240,0,COMPLETE,
2023-12-21 08:00:00,1.26367,1.26741,1.26118,1.26652,240,240,0,COMPLETE,
2023-12-21 12:00:00,1.26655,1.26956,1.2644,1.26555,240,240,0,COMPLETE,
2023-12-21 16:00:00,1.26557,1.26921,1.26421,1.26845,240,240,0,COMPLETE,
2023-12-21 20:00:00,1.26846,1.26922,1.26629,1.26824,236,240,4,UNEXPECTED_INCOMPLETE,UNEXPECTED
2023-12-22 00:00:00,1.26825,1.2691,1.26784,1.26831,240,240,0,COMPLETE,
2023-12-22 04:00:00,1.26831,1.27148,1.26808,1.26943,240,240,0,COMPLETE,
2023-12-22 08:00:00,1.26945,1.27429,1.26822,1.27335,240,240,0,COMPLETE,
2023-12-22 12:00:00,1.27335,1.27439,1.26928,1.27156,240,240,0,COMPLETE,
2023-12-22 16:00:00,1.27157,1.27281,1.26894,1.27025,240,240,0,COMPLETE,
2023-12-22 20:00:00,1.27028,1.27047,1.26954,1.26982,119,240,121,EXPECTED_INCOMPLETE,EXPECTED
2023-12-23 00:00:00,,,,,0,240,240,SESSION_CLOSED_EXPECTED,EXPECTED
2023-12-23 04:00:00,,,,,0,240,240,SESSION_CLOSED_EXPECTED,EXPECTED
2023-12-23 08:00:00,,,,,0,240,240,SESSION_CLOSED_EXPECTED,EXPECTED
2023-12-23 12:00:00,,,,,0,240,240,SESSION_CLOSED_EXPECTED,EXPECTED
2023-12-23 16:00:00,,,,,0,240,240,SESSION_CLOSED_EXPECTED,EXPECTED
2023-12-23 20:00:00,,,,,0,240,240,SESSION_CLOSED_EXPECTED,EXPECTED
2023-12-24 00:00:00,,,,,0,240,240,SESSION_CLOSED_EXPECTED,EXPECTED
2023-12-24 04:00:00,,,,,0,240,240,SESSION_CLOSED_EXPECTED,EXPECTED
2023-12-24 08:00:00,,,,,0,240,240,SESSION_CLOSED_EXPECTED,EXPECTED
2023-12-24 12:00:00,,,,,0,240,240,SESSION_CLOSED_EXPECTED,EXPECTED
2023-12-24 16:00:00,,,,,0,240,240,SESSION_CLOSED_EXPECTED,EXPECTED
2023-12-24 20:00:00,,,,,0,240,240,SESSION_CLOSED_EXPECTED,EXPECTED
2023-12-25 00:00:00,,,,,0,240,240,SESSION_CLOSED_EXPECTED,EXPECTED
2023-12-25 04:00:00,,,,,0,240,240,SESSION_CLOSED_EXPECTED,EXPECTED
2023-12-25 08:00:00,,,,,0,240,240,SESSION_CLOSED_EXPECTED,EXPECTED
2023-12-25 12:00:00,,,,,0,240,240,SESSION_CLOSED_EXPECTED,EXPECTED
2023-12-25 16:00:00,,,,,0,240,240,SESSION_CLOSED_EXPECTED,EXPECTED
2023-12-25 20:00:00,1.26912,1.27021,1.26489,1.26963,106,240,134,EXPECTED_INCOMPLETE,EXPECTED
2023-12-26 00:00:00,1.26957,1.27048,1.26907,1.27036,240,240,0,COMPLETE,
2023-12-26 04:00:00,1.27033,1.27048,1.26823,1.26866,240,240,0,COMPLETE,
2023-12-26 08:00:00,1.26866,1.26953,1.26781,1.26886,240,240,0,COMPLETE,
2023-12-26 12:00:00,1.26886,1.27195,1.26836,1.27041,240,240,0,COMPLETE,
2023-12-26 16:00:00,1.27043,1.27235,1.27014,1.27224,240,240,0,COMPLETE,
2023-12-26 20:00:00,1.27225,1.273,1.27124,1.2725,236,240,4,UNEXPECTED_INCOMPLETE,UNEXPECTED
2023-12-27 00:00:00,1.27255,1.27281,1.27157,1.27239,240,240,0,COMPLETE,
2023-12-27 04:00:00,1.27239,1.27348,1.27237,1.27252,240,240,0,COMPLETE,
2023-12-27 08:00:00,1.27249,1.27384,1.2698,1.27347,240,240,0,COMPLETE,
2023-12-27 12:00:00,1.2735,1.27881,1.27307,1.27881,240,240,0,COMPLETE,
2023-12-27 16:00:00,1.27876,1.28022,1.27829,1.27933,240,240,0,COMPLETE,
2023-12-27 20:00:00,1.27938,1.28019,1.27856,1.27993,236,240,4,UNEXPECTED_INCOMPLETE,UNEXPECTED
2023-12-28 00:00:00,1.27997,1.28141,1.27983,1.28122,240,240,0,COMPLETE,
2023-12-28 04:00:00,1.28122,1.28272,1.28041,1.28178,240,240,0,COMPLETE,
2023-12-28 08:00:00,1.28183,1.28185,1.27872,1.27913,240,240,0,COMPLETE,
2023-12-28 12:00:00,1.27914,1.27914,1.27367,1.27704,240,240,0,COMPLETE,
2023-12-28 16:00:00,1.27704,1.27705,1.27119,1.27262,240,240,0,COMPLETE,
2023-12-28 20:00:00,1.27262,1.27375,1.27165,1.27336,233,240,7,UNEXPECTED_INCOMPLETE,UNEXPECTED
2023-12-29 00:00:00,1.27337,1.27466,1.27287,1.27371,240,240,0,COMPLETE,
2023-12-29 04:00:00,1.2737,1.27722,1.27361,1.27463,240,240,0,COMPLETE,
2023-12-29 08:00:00,1.27465,1.27566,1.26999,1.27453,240,240,0,COMPLETE,
2023-12-29 12:00:00,1.27452,1.27592,1.27004,1.2747,240,240,0,COMPLETE,
2023-12-29 16:00:00,1.2747,1.27665,1.27301,1.27453,240,240,0,COMPLETE,
2023-12-29 20:00:00,1.27457,1.27555,1.27298,1.27308,119,240,121,EXPECTED_INCOMPLETE,EXPECTED
2023-12-30 00:00:00,,,,,0,240,240,SESSION_CLOSED_EXPECTED,EXPECTED
2023-12-30 04:00:00,,,,,0,240,240,SESSION_CLOSED_EXPECTED,EXPECTED
2023-12-30 08:00:00,,,,,0,240,240,SESSION_CLOSED_EXPECTED,EXPECTED
2023-12-30 12:00:00,,,,,0,240,240,SESSION_CLOSED_EXPECTED,EXPECTED
2023-12-30 16:00:00,,,,,0,240,240,SESSION_CLOSED_EXPECTED,EXPECTED
2023-12-30 20:00:00,,,,,0,240,240,SESSION_CLOSED_EXPECTED,EXPECTED
2023-12-31 00:00:00,,,,,0,240,240,SESSION_CLOSED_EXPECTED,EXPECTED
2023-12-31 04:00:00,,,,,0,240,240,SESSION_CLOSED_EXPECTED,EXPECTED
2023-12-31 08:00:00,,,,,0,240,240,SESSION_CLOSED_EXPECTED,EXPECTED
2023-12-31 12:00:00,,,,,0,240,240,SESSION_CLOSED_EXPECTED,EXPECTED
2023-12-31 16:00:00,,,,,0,240,240,SESSION_CLOSED_EXPECTED,EXPECTED
2023-12-31 20:00:00,,,,,0,240,240,SESSION_CLOSED_EXPECTED,EXPECTED
2024-01-01 00:00:00,,,,,0,240,240,SESSION_CLOSED_EXPECTED,EXPECTED
2024-01-01 04:00:00,,,,,0,240,240,SESSION_CLOSED_EXPECTED,EXPECTED
2024-01-01 08:00:00,,,,,0,240,240,SESSION_CLOSED_EXPECTED,EXPECTED
2024-01-01 12:00:00,,,,,0,240,240,SESSION_CLOSED_EXPECTED,EXPECTED
2024-01-01 16:00:00,,,,,0,240,240,SESSION_CLOSED_EXPECTED,EXPECTED
2024-01-01 20:00:00,1.27377,1.27419,1.2674,1.27189,114,240,126,EXPECTED_INCOMPLETE,EXPECTED
2024-01-02 00:00:00,1.27194,1.27282,1.27016,1.27105,240,240,0,COMPLETE,
2024-01-02 04:00:00,1.27105,1.27355,1.27027,1.27238,240,240,0,COMPLETE,
2024-01-02 08:00:00,1.27237,1.27523,1.26534,1.26616,240,240,0,COMPLETE,
2024-01-02 12:00:00,1.26619,1.26625,1.26146,1.26246,240,240,0,COMPLETE,
2024-01-02 16:00:00,1.26247,1.26366,1.26102,1.26194,240,240,0,COMPLETE,
2024-01-02 20:00:00,1.26195,1.26262,1.26127,1.2622,236,240,4,UNEXPECTED_INCOMPLETE,UNEXPECTED
2024-01-03 00:00:00,1.26224,1.26405,1.26194,1.264,240,240,0,COMPLETE,
2024-01-03 04:00:00,1.264,1.26465,1.26237,1.26432,240,240,0,COMPLETE,
2024-01-03 08:00:00,1.2643,1.26521,1.2618,1.26264,240,240,0,COMPLETE,
2024-01-03 12:00:00,1.26267,1.26562,1.26151,1.26274,240,240,0,COMPLETE,
2024-01-03 16:00:00,1.26271,1.26763,1.26266,1.26635,240,240,0,COMPLETE,
2024-01-03 20:00:00,1.26637,1.26732,1.26539,1.26724,236,240,4,UNEXPECTED_INCOMPLETE,UNEXPECTED
2024-01-04 00:00:00,1.26727,1.26731,1.26565,1.2673,240,240,0,COMPLETE,
2024-01-04 04:00:00,1.26729,1.26934,1.26626,1.26927,240,240,0,COMPLETE,
2024-01-04 08:00:00,1.26929,1.27292,1.26814,1.26895,240,240,0,COMPLETE,
2024-01-04 12:00:00,1.26898,1.27101,1.26641,1.26987,240,240,0,COMPLETE,
2024-01-04 16:00:00,1.26988,1.27038,1.2672,1.26825,240,240,0,COMPLETE,
2024-01-04 20:00:00,1.26825,1.26868,1.26711,1.26803,236,240,4,UNEXPECTED_INCOMPLETE,UNEXPECTED
2024-01-05 00:00:00,1.26805,1.26958,1.26785,1.26807,240,240,0,COMPLETE,
2024-01-05 04:00:00,1.26807,1.26858,1.26644,1.26782,240,240,0,COMPLETE,
2024-01-05 08:00:00,1.26784,1.26885,1.26498,1.26529,240,240,0,COMPLETE,
2024-01-05 12:00:00,1.26533,1.27705,1.26103,1.27512,240,240,0,COMPLETE,
2024-01-05 16:00:00,1.27514,1.27548,1.27097,1.27231,240,240,0,COMPLETE,
2024-01-05 20:00:00,1.27229,1.27235,1.27153,1.27189,119,240,121,EXPECTED_INCOMPLETE,EXPECTED
2024-01-06 00:00:00,,,,,0,240,240,SESSION_CLOSED_EXPECTED,EXPECTED
2024-01-06 04:00:00,,,,,0,240,240,SESSION_CLOSED_EXPECTED,EXPECTED
2024-01-06 08:00:00,,,,,0,240,240,SESSION_CLOSED_EXPECTED,EXPECTED
2024-01-06 12:00:00,,,,,0,240,240,SESSION_CLOSED_EXPECTED,EXPECTED
2024-01-06 16:00:00,,,,,0,240,240,SESSION_CLOSED_EXPECTED,EXPECTED
2024-01-06 20:00:00,,,,,0,240,240,SESSION_CLOSED_EXPECTED,EXPECTED
2024-01-07 00:00:00,,,,,0,240,240,SESSION_CLOSED_EXPECTED,EXPECTED
2024-01-07 04:00:00,,,,,0,240,240,SESSION_CLOSED_EXPECTED,EXPECTED
2024-01-07 08:00:00,,,,,0,240,240,SESSION_CLOSED_EXPECTED,EXPECTED
2024-01-07 12:00:00,,,,,0,240,240,SESSION_CLOSED_EXPECTED,EXPECTED
2024-01-07 16:00:00,,,,,0,240,240,SESSION_CLOSED_EXPECTED,EXPECTED
2024-01-07 20:00:00,1.27064,1.27181,1.27013,1.27152,115,240,125,EXPECTED_INCOMPLETE,EXPECTED
2024-01-08 00:00:00,1.27166,1.27295,1.26985,1.27014,240,240,0,COMPLETE,
2024-01-08 04:00:00,1.2701,1.27196,1.26974,1.27079,240,240,0,COMPLETE,
2024-01-08 08:00:00,1.27079,1.27129,1.26728,1.26976,240,240,0,COMPLETE,
2024-01-08 12:00:00,1.26977,1.27553,1.26976,1.27497,240,240,0,COMPLETE,
2024-01-08 16:00:00,1.27499,1.27666,1.27395,1.27586,240,240,0,COMPLETE,
2024-01-08 20:00:00,1.27583,1.27583,1.27396,1.27405,235,240,5,UNEXPECTED_INCOMPLETE,UNEXPECTED
2024-01-09 00:00:00,1.27405,1.27647,1.274,1.27556,240,240,0,COMPLETE,
2024-01-09 04:00:00,1.27558,1.27558,1.27336,1.27465,240,240,0,COMPLETE,
2024-01-09 08:00:00,1.27464,1.27464,1.27066,1.27126,240,240,0,COMPLETE,
2024-01-09 12:00:00,1.27125,1.27351,1.27006,1.27029,240,240,0,COMPLETE,
2024-01-09 16:00:00,1.27031,1.27182,1.2689,1.2699,240,240,0,COMPLETE,
2024-01-09 20:00:00,1.2699,1.27109,1.2699,1.27101,236,240,4,UNEXPECTED_INCOMPLETE,UNEXPECTED
2024-01-10 00:00:00,1.27104,1.27175,1.26979,1.26987,240,240,0,COMPLETE,
2024-01-10 04:00:00,1.26988,1.27052,1.26858,1.26971,240,240,0,COMPLETE,
2024-01-10 08:00:00,1.2697,1.27341,1.26962,1.2725,240,240,0,COMPLETE,
2024-01-10 12:00:00,1.2725,1.27405,1.27128,1.27356,240,240,0,COMPLETE,
2024-01-10 16:00:00,1.27358,1.27423,1.27178,1.27418,240,240,0,COMPLETE,
2024-01-10 20:00:00,1.27419,1.2744,1.27236,1.27436,236,240,4,UNEXPECTED_INCOMPLETE,UNEXPECTED
2024-01-11 00:00:00,1.27439,1.27693,1.27436,1.27662,240,240,0,COMPLETE,
2024-01-11 04:00:00,1.27661,1.27738,1.27591,1.27641,240,240,0,COMPLETE,
2024-01-11 08:00:00,1.27645,1.27677,1.27332,1.27651,240,240,0,COMPLETE,
2024-01-11 12:00:00,1.27655,1.27824,1.26896,1.27135,240,240,0,COMPLETE,
2024-01-11 16:00:00,1.27133,1.2765,1.26991,1.27621,240,240,0,COMPLETE,
2024-01-11 20:00:00,1.27619,1.27784,1.27412,1.27777,233,240,7,UNEXPECTED_INCOMPLETE,UNEXPECTED
2024-01-12 00:00:00,1.27782,1.27844,1.27652,1.27757,240,240,0,COMPLETE,
2024-01-12 04:00:00,1.27757,1.27779,1.27538,1.27557,240,240,0,COMPLETE,
2024-01-12 08:00:00,1.27552,1.2779,1.27245,1.27249,240,240,0,COMPLETE,
2024-01-12 12:00:00,1.27249,1.27852,1.27189,1.27612,240,240,0,COMPLETE,
2024-01-12 16:00:00,1.27611,1.27683,1.27319,1.27471,240,240,0,COMPLETE,
2024-01-12 20:00:00,1.27469,1.27539,1.27422,1.27532,119,240,121,EXPECTED_INCOMPLETE,EXPECTED
2024-01-13 00:00:00,,,,,0,240,240,SESSION_CLOSED_EXPECTED,EXPECTED
2024-01-13 04:00:00,,,,,0,240,240,SESSION_CLOSED_EXPECTED,EXPECTED
2024-01-13 08:00:00,,,,,0,240,240,SESSION_CLOSED_EXPECTED,EXPECTED
2024-01-13 12:00:00,,,,,0,240,240,SESSION_CLOSED_EXPECTED,EXPECTED
2024-01-13 16:00:00,,,,,0,240,240,SESSION_CLOSED_EXPECTED,EXPECTED
2024-01-13 20:00:00,,,,,0,240,240,SESSION_CLOSED_EXPECTED,EXPECTED
2024-01-14 00:00:00,,,,,0,240,240,SESSION_CLOSED_EXPECTED,EXPECTED
2024-01-14 04:00:00,,,,,0,240,240,SESSION_CLOSED_EXPECTED,EXPECTED
2024-01-14 08:00:00,,,,,0,240,240,SESSION_CLOSED_EXPECTED,EXPECTED
2024-01-14 12:00:00,,,,,0,240,240,SESSION_CLOSED_EXPECTED,EXPECTED
2024-01-14 16:00:00,,,,,0,240,240,SESSION_CLOSED_EXPECTED,EXPECTED
2024-01-14 20:00:00,1.27328,1.27486,1.27313,1.27337,115,240,125,EXPECTED_INCOMPLETE,EXPECTED
2024-01-15 00:00:00,1.27352,1.2765,1.2728,1.27581,240,240,0,COMPLETE,
2024-01-15 04:00:00,1.27581,1.27595,1.27405,1.2743,240,240,0,COMPLETE,
2024-01-15 08:00:00,1.27426,1.27586,1.27124,1.27309,240,240,0,COMPLETE,
2024-01-15 12:00:00,1.27306,1.27389,1.27126,1.27302,240,240,0,COMPLETE,
2024-01-15 16:00:00,1.27306,1.27382,1.2724,1.27254,240,240,0,COMPLETE,
2024-01-15 20:00:00,1.27254,1.27285,1.2714,1.27148,236,240,4,UNEXPECTED_INCOMPLETE,UNEXPECTED
2024-01-16 00:00:00,1.2715,1.27165,1.26779,1.26819,240,240,0,COMPLETE,
2024-01-16 04:00:00,1.26818,1.26862,1.26607,1.26725,240,240,0,COMPLETE,
2024-01-16 08:00:00,1.26724,1.26759,1.26197,1.26454,240,240,0,COMPLETE,
2024-01-16 12:00:00,1.26454,1.2672,1.26367,1.26646,240,240,0,COMPLETE,
2024-01-16 16:00:00,1.26651,1.26785,1.26191,1.26309,240,240,0,COMPLETE,
2024-01-16 20:00:00,1.26309,1.26385,1.26271,1.2637,235,240,5,UNEXPECTED_INCOMPLETE,UNEXPECTED
2024-01-17 00:00:00,1.26371,1.26432,1.26161,1.26188,240,240,0,COMPLETE,
2024-01-17 04:00:00,1.26187,1.26564,1.25961,1.2656,240,240,0,COMPLETE,
2024-01-17 08:00:00,1.26555,1.26957,1.26434,1.26911,240,240,0,COMPLETE,
2024-01-17 12:00:00,1.26911,1.26921,1.26375,1.26565,240,240,0,COMPLETE,
2024-01-17 16:00:00,1.26563,1.2685,1.26552,1.26772,240,240,0,COMPLETE,
2024-01-17 20:00:00,1.26775,1.26864,1.26681,1.26755,236,240,4,UNEXPECTED_INCOMPLETE,UNEXPECTED
2024-01-18 00:00:00,1.26765,1.26952,1.26709,1.26818,240,240,0,COMPLETE,
2024-01-18 04:00:00,1.26816,1.27033,1.26773,1.26971,240,240,0,COMPLETE,
2024-01-18 08:00:00,1.26973,1.26978,1.26721,1.26846,240,240,0,COMPLETE,
2024-01-18 12:00:00,1.26849,1.26906,1.26477,1.26728,240,240,0,COMPLETE,
2024-01-18 16:00:00,1.26727,1.27012,1.26694,1.26858,240,240,0,COMPLETE,
2024-01-18 20:00:00,1.26859,1.27109,1.26841,1.27099,236,240,4,UNEXPECTED_INCOMPLETE,UNEXPECTED
2024-01-19 00:00:00,1.27103,1.27138,1.26997,1.27122,240,240,0,COMPLETE,
2024-01-19 04:00:00,1.27122,1.27125,1.26716,1.26858,240,240,0,COMPLETE,
2024-01-19 08:00:00,1.26857,1.26903,1.26652,1.26809,240,240,0,COMPLETE,
2024-01-19 12:00:00,1.26807,1.26863,1.26607,1.26791,240,240,0,COMPLETE,
2024-01-19 16:00:00,1.2679,1.26986,1.26645,1.26963,240,240,0,COMPLETE,
2024-01-19 20:00:00,1.26961,1.27057,1.26942,1.27035,119,240,121,EXPECTED_INCOMPLETE,EXPECTED
2024-01-20 00:00:00,,,,,0,240,240,SESSION_CLOSED_EXPECTED,EXPECTED
2024-01-20 04:00:00,,,,,0,240,240,SESSION_CLOSED_EXPECTED,EXPECTED
2024-01-20 08:00:00,,,,,0,240,240,SESSION_CLOSED_EXPECTED,EXPECTED
2024-01-20 12:00:00,,,,,0,240,240,SESSION_CLOSED_EXPECTED,EXPECTED
2024-01-20 16:00:00,,,,,0,240,240,SESSION_CLOSED_EXPECTED,EXPECTED
2024-01-20 20:00:00,,,,,0,240,240,SESSION_CLOSED_EXPECTED,EXPECTED
2024-01-21 00:00:00,,,,,0,240,240,SESSION_CLOSED_EXPECTED,EXPECTED
2024-01-21 04:00:00,,,,,0,240,240,SESSION_CLOSED_EXPECTED,EXPECTED
2024-01-21 08:00:00,,,,,0,240,240,SESSION_CLOSED_EXPECTED,EXPECTED
2024-01-21 12:00:00,,,,,0,240,240,SESSION_CLOSED_EXPECTED,EXPECTED
2024-01-21 16:00:00,,,,,0,240,240,SESSION_CLOSED_EXPECTED,EXPECTED
2024-01-21 20:00:00,1.26765,1.27065,1.26765,1.26976,107,240,133,EXPECTED_INCOMPLETE,EXPECTED
2024-01-22 00:00:00,1.26986,1.27177,1.26956,1.27125,240,240,0,COMPLETE,
2024-01-22 04:00:00,1.27125,1.2724,1.26974,1.27028,240,240,0,COMPLETE,
2024-01-22 08:00:00,1.27028,1.27141,1.26862,1.27135,240,240,0,COMPLETE,
2024-01-22 12:00:00,1.27138,1.27311,1.27094,1.27199,240,240,0,COMPLETE,
2024-01-22 16:00:00,1.272,1.27325,1.26975,1.27045,240,240,0,COMPLETE,
2024-01-22 20:00:00,1.27046,1.27107,1.26994,1.27053,235,240,5,UNEXPECTED_INCOMPLETE,UNEXPECTED
2024-01-23 00:00:00,1.27058,1.2728,1.27056,1.27245,240,240,0,COMPLETE,
2024-01-23 04:00:00,1.27246,1.27468,1.27227,1.27417,240,240,0,COMPLETE,
2024-01-23 08:00:00,1.27417,1.27435,1.26994,1.27059,240,240,0,COMPLETE,
2024-01-23 12:00:00,1.27057,1.27179,1.26577,1.26651,240,240,0,COMPLETE,
2024-01-23 16:00:00,1.26651,1.26819,1.26485,1.26798,240,240,0,COMPLETE,
2024-01-23 20:00:00,1.26797,1.26932,1.26761,1.26902,235,240,5,UNEXPECTED_INCOMPLETE,EXPECTED|UNEXPECTED
2024-01-24 00:00:00,1.26906,1.26997,1.26853,1.26956,240,240,0,COMPLETE,
2024-01-24 04:00:00,1.26958,1.27124,1.26952,1.27036,240,240,0,COMPLETE,
2024-01-24 08:00:00,1.27039,1.27731,1.27034,1.27401,240,240,0,COMPLETE,
2024-01-24 12:00:00,1.27399,1.27741,1.27276,1.27519,240,240,0,COMPLETE,
2024-01-24 16:00:00,1.27524,1.27541,1.2713,1.27251,240,240,0,COMPLETE,
2024-01-24 20:00:00,1.27247,1.27306,1.2714,1.27185,235,240,5,UNEXPECTED_INCOMPLETE,EXPECTED|UNEXPECTED
2024-01-25 00:00:00,1.27179,1.27191,1.27029,1.27127,240,240,0,COMPLETE,
2024-01-25 04:00:00,1.27126,1.27335,1.27066,1.27311,240,240,0,COMPLETE,
2024-01-25 08:00:00,1.27315,1.27423,1.27198,1.27319,240,240,0,COMPLETE,
2024-01-25 12:00:00,1.27325,1.27401,1.26943,1.26992,240,240,0,COMPLETE,
2024-01-25 16:00:00,1.2699,1.27064,1.2681,1.27002,240,240,0,COMPLETE,
2024-01-25 20:00:00,1.27002,1.27112,1.26952,1.27058,238,240,2,UNEXPECTED_INCOMPLETE,EXPECTED|UNEXPECTED
2024-01-26 00:00:00,1.27054,1.27155,1.27003,1.271,240,240,0,COMPLETE,
2024-01-26 04:00:00,1.271,1.27111,1.26751,1.26816,240,240,0,COMPLETE,
2024-01-26 08:00:00,1.26817,1.2746,1.26806,1.27416,240,240,0,COMPLETE,
2024-01-26 12:00:00,1.27416,1.2758,1.27197,1.27221,240,240,0,COMPLETE,
2024-01-26 16:00:00,1.27219,1.27238,1.26984,1.27046,240,240,0,COMPLETE,
2024-01-26 20:00:00,1.27048,1.27093,1.26995,1.27018,118,240,122,EXPECTED_INCOMPLETE,EXPECTED
2024-01-27 00:00:00,,,,,0,240,240,SESSION_CLOSED_EXPECTED,EXPECTED
2024-01-27 04:00:00,,,,,0,240,240,SESSION_CLOSED_EXPECTED,EXPECTED
2024-01-27 08:00:00,,,,,0,240,240,SESSION_CLOSED_EXPECTED,EXPECTED
2024-01-27 12:00:00,,,,,0,240,240,SESSION_CLOSED_EXPECTED,EXPECTED
2024-01-27 16:00:00,,,,,0,240,240,SESSION_CLOSED_EXPECTED,EXPECTED
2024-01-27 20:00:00,,,,,0,240,240,SESSION_CLOSED_EXPECTED,EXPECTED
2024-01-28 00:00:00,,,,,0,240,240,SESSION_CLOSED_EXPECTED,EXPECTED
2024-01-28 04:00:00,,,,,0,240,240,SESSION_CLOSED_EXPECTED,EXPECTED
2024-01-28 08:00:00,,,,,0,240,240,SESSION_CLOSED_EXPECTED,EXPECTED
2024-01-28 12:00:00,,,,,0,240,240,SESSION_CLOSED_EXPECTED,EXPECTED
2024-01-28 16:00:00,,,,,0,240,240,SESSION_CLOSED_EXPECTED,EXPECTED
2024-01-28 20:00:00,1.26851,1.27006,1.26818,1.26954,115,240,125,EXPECTED_INCOMPLETE,EXPECTED
2024-01-29 00:00:00,1.26964,1.27055,1.26908,1.27024,240,240,0,COMPLETE,
2024-01-29 04:00:00,1.27026,1.27182,1.27,1.27104,240,240,0,COMPLETE,
2024-01-29 08:00:00,1.27102,1.27141,1.26916,1.26948,240,240,0,COMPLETE,
2024-01-29 12:00:00,1.26946,1.27122,1.26616,1.26774,240,240,0,COMPLETE,
2024-01-29 16:00:00,1.26769,1.26926,1.26732,1.26914,240,240,0,COMPLETE,
2024-01-29 20:00:00,1.26917,1.27167,1.26917,1.27109,239,240,1,UNEXPECTED_INCOMPLETE,UNEXPECTED
2024-01-30 00:00:00,1.27114,1.27206,1.27051,1.27076,240,240,0,COMPLETE,
2024-01-30 04:00:00,1.27077,1.27116,1.26831,1.26951,240,240,0,COMPLETE,
2024-01-30 08:00:00,1.26953,1.26986,1.26707,1.26776,240,240,0,COMPLETE,
2024-01-30 12:00:00,1.26776,1.26875,1.26395,1.26649,240,240,0,COMPLETE,
2024-01-30 16:00:00,1.26646,1.26959,1.26587,1.2695,240,240,0,COMPLETE,
2024-01-30 20:00:00,1.26951,1.27,1.26856,1.26935,240,240,0,COMPLETE,
2024-01-31 00:00:00,1.26936,1.27002,1.26723,1.26763,240,240,0,COMPLETE,
2024-01-31 04:00:00,1.26761,1.26822,1.26661,1.26743,240,240,0,COMPLETE,
2024-01-31 08:00:00,1.26741,1.26968,1.26664,1.26834,240,240,0,COMPLETE,
2024-01-31 12:00:00,1.26836,1.27502,1.26781,1.2732,240,240,0,COMPLETE,
2024-01-31 16:00:00,1.27318,1.27385,1.26844,1.27114,240,240,0,COMPLETE,
2024-01-31 20:00:00,1.27111,1.27128,1.26577,1.26789,238,240,2,UNEXPECTED_INCOMPLETE,UNEXPECTED
2024-02-01 00:00:00,1.26792,1.26978,1.26738,1.26846,240,240,0,COMPLETE,
2024-02-01 04:00:00,1.26849,1.2686,1.26417,1.26538,240,240,0,COMPLETE,
2024-02-01 08:00:00,1.26537,1.26582,1.26247,1.26408,240,240,0,COMPLETE,
2024-02-01 12:00:00,1.26411,1.2685,1.26343,1.26813,240,240,0,COMPLETE,
2024-02-01 16:00:00,1.26811,1.27552,1.26787,1.27465,240,240,0,COMPLETE,
2024-02-01 20:00:00,1.27466,1.27502,1.27391,1.27451,240,240,0,COMPLETE,
2024-02-02 00:00:00,1.27456,1.27543,1.27417,1.27476,240,240,0,COMPLETE,
2024-02-02 04:00:00,1.27476,1.27567,1.27429,1.275,240,240,0,COMPLETE,
2024-02-02 08:00:00,1.275,1.27717,1.27416,1.27588,240,240,0,COMPLETE,
2024-02-02 12:00:00,1.2759,1.27691,1.26328,1.26564,240,240,0,COMPLETE,
2024-02-02 16:00:00,1.26565,1.26582,1.26133,1.26382,240,240,0,COMPLETE,
2024-02-02 20:00:00,1.26382,1.26423,1.26296,1.26327,119,240,121,EXPECTED_INCOMPLETE,EXPECTED
2024-02-03 00:00:00,,,,,0,240,240,SESSION_CLOSED_EXPECTED,EXPECTED
2024-02-03 04:00:00,,,,,0,240,240,SESSION_CLOSED_EXPECTED,EXPECTED
2024-02-03 08:00:00,,,,,0,240,240,SESSION_CLOSED_EXPECTED,EXPECTED
2024-02-03 12:00:00,,,,,0,240,240,SESSION_CLOSED_EXPECTED,EXPECTED
2024-02-03 16:00:00,,,,,0,240,240,SESSION_CLOSED_EXPECTED,EXPECTED
2024-02-03 20:00:00,,,,,0,240,240,SESSION_CLOSED_EXPECTED,EXPECTED
2024-02-04 00:00:00,,,,,0,240,240,SESSION_CLOSED_EXPECTED,EXPECTED
2024-02-04 04:00:00,,,,,0,240,240,SESSION_CLOSED_EXPECTED,EXPECTED
2024-02-04 08:00:00,,,,,0,240,240,SESSION_CLOSED_EXPECTED,EXPECTED
2024-02-04 12:00:00,,,,,0,240,240,SESSION_CLOSED_EXPECTED,EXPECTED
2024-02-04 16:00:00,,,,,0,240,240,SESSION_CLOSED_EXPECTED,EXPECTED
2024-02-04 20:00:00,1.26231,1.26318,1.26052,1.26203,113,240,127,EXPECTED_INCOMPLETE,EXPECTED
2024-02-05 00:00:00,1.26212,1.26258,1.25982,1.26111,240,240,0,COMPLETE,
2024-02-05 04:00:00,1.26107,1.26231,1.26029,1.26162,240,240,0,COMPLETE,
2024-02-05 08:00:00,1.26163,1.26289,1.25717,1.25737,240,240,0,COMPLETE,
2024-02-05 12:00:00,1.25739,1.25755,1.25174,1.25196,240,240,0,COMPLETE,
2024-02-05 16:00:00,1.25197,1.25435,1.25189,1.2534,240,240,0,COMPLETE,
2024-02-05 20:00:00,1.25337,1.25382,1.25224,1.25326,238,240,2,UNEXPECTED_INCOMPLETE,EXPECTED|UNEXPECTED
2024-02-06 00:00:00,1.25333,1.25485,1.2533,1.25413,240,240,0,COMPLETE,
2024-02-06 04:00:00,1.25412,1.25647,1.25411,1.25544,240,240,0,COMPLETE,
2024-02-06 08:00:00,1.25544,1.25641,1.25358,1.25537,240,240,0,COMPLETE,
2024-02-06 12:00:00,1.25534,1.25834,1.25403,1.25763,240,240,0,COMPLETE,
2024-02-06 16:00:00,1.25764,1.25999,1.25724,1.25934,240,240,0,COMPLETE,
2024-02-06 20:00:00,1.25936,1.26047,1.25905,1.26023,239,240,1,EXPECTED_INCOMPLETE,EXPECTED
2024-02-07 00:00:00,1.2603,1.26123,1.25966,1.26012,240,240,0,COMPLETE,
2024-02-07 04:00:00,1.2601,1.26275,1.25977,1.26273,240,240,0,COMPLETE,
2024-02-07 08:00:00,1.26271,1.26373,1.26158,1.26311,240,240,0,COMPLETE,
2024-02-07 12:00:00,1.2631,1.26413,1.26193,1.26304,240,240,0,COMPLETE,
2024-02-07 16:00:00,1.26304,1.2634,1.26159,1.26277,240,240,0,COMPLETE,
2024-02-07 20:00:00,1.26275,1.26315,1.26207,1.26261,237,240,3,UNEXPECTED_INCOMPLETE,EXPECTED|UNEXPECTED
2024-02-08 00:00:00,1.26263,1.26381,1.26247,1.2632,240,240,0,COMPLETE,
2024-02-08 04:00:00,1.2632,1.26372,1.26239,1.26274,240,240,0,COMPLETE,
2024-02-08 08:00:00,1.26271,1.26342,1.25996,1.26056,240,240,0,COMPLETE,
2024-02-08 12:00:00,1.26054,1.26111,1.25714,1.26039,240,240,0,COMPLETE,
2024-02-08 16:00:00,1.26044,1.2629,1.26028,1.26146,240,240,0,COMPLETE,
2024-02-08 20:00:00,1.26148,1.26202,1.26087,1.2619,239,240,1,EXPECTED_INCOMPLETE,EXPECTED
2024-02-09 00:00:00,1.262,1.26217,1.26122,1.26149,240,240,0,COMPLETE,
2024-02-09 04:00:00,1.26152,1.2634,1.26111,1.26317,240,240,0,COMPLETE,
2024-02-09 08:00:00,1.26316,1.26343,1.26007,1.26075,240,240,0,COMPLETE,
2024-02-09 12:00:00,1.26076,1.26427,1.25986,1.26337,240,240,0,COMPLETE,
2024-02-09 16:00:00,1.26338,1.2637,1.26204,1.26282,240,240,0,COMPLETE,
2024-02-09 20:00:00,1.26282,1.26353,1.26246,1.26298,118,240,122,EXPECTED_INCOMPLETE,EXPECTED
2024-02-10 00:00:00,,,,,0,240,240,SESSION_CLOSED_EXPECTED,EXPECTED
2024-02-10 04:00:00,,,,,0,240,240,SESSION_CLOSED_EXPECTED,EXPECTED
2024-02-10 08:00:00,,,,,0,240,240,SESSION_CLOSED_EXPECTED,EXPECTED
2024-02-10 12:00:00,,,,,0,240,240,SESSION_CLOSED_EXPECTED,EXPECTED
2024-02-10 16:00:00,,,,,0,240,240,SESSION_CLOSED_EXPECTED,EXPECTED
2024-02-10 20:00:00,,,,,0,240,240,SESSION_CLOSED_EXPECTED,EXPECTED
2024-02-11 00:00:00,,,,,0,240,240,SESSION_CLOSED_EXPECTED,EXPECTED
2024-02-11 04:00:00,,,,,0,240,240,SESSION_CLOSED_EXPECTED,EXPECTED
2024-02-11 08:00:00,,,,,0,240,240,SESSION_CLOSED_EXPECTED,EXPECTED
2024-02-11 12:00:00,,,,,0,240,240,SESSION_CLOSED_EXPECTED,EXPECTED
2024-02-11 16:00:00,,,,,0,240,240,SESSION_CLOSED_EXPECTED,EXPECTED
2024-02-11 20:00:00,1.26164,1.26351,1.26075,1.26341,114,240,126,EXPECTED_INCOMPLETE,EXPECTED
2024-02-12 00:00:00,1.26358,1.26433,1.26261,1.26284,240,240,0,COMPLETE,
2024-02-12 04:00:00,1.26284,1.26542,1.26266,1.2646,240,240,0,COMPLETE,
2024-02-12 08:00:00,1.26459,1.26464,1.26096,1.26151,240,240,0,COMPLETE,
2024-02-12 12:00:00,1.26153,1.26255,1.26057,1.26148,240,240,0,COMPLETE,
2024-02-12 16:00:00,1.26148,1.26399,1.26125,1.26239,240,240,0,COMPLETE,
2024-02-12 20:00:00,1.26239,1.26303,1.26195,1.26256,237,240,3,UNEXPECTED_INCOMPLETE,EXPECTED|UNEXPECTED
2024-02-13 00:00:00,1.26263,1.26276,1.26102,1.26105,240,240,0,COMPLETE,
2024-02-13 04:00:00,1.26104,1.26551,1.26086,1.26514,240,240,0,COMPLETE,
2024-02-13 08:00:00,1.26513,1.26757,1.26358,1.26672,240,240,0,COMPLETE,
2024-02-13 12:00:00,1.26668,1.26935,1.2575,1.26005,240,240,0,COMPLETE,
2024-02-13 16:00:00,1.26005,1.26078,1.25727,1.25741,240,240,0,COMPLETE,
2024-02-13 20:00:00,1.25739,1.25952,1.25733,1.25896,239,240,1,EXPECTED_INCOMPLETE,EXPECTED
2024-02-14 00:00:00,1.25897,1.26018,1.2584,1.25992,240,240,0,COMPLETE,
2024-02-14 04:00:00,1.25992,1.26105,1.25555,1.25638,240,240,0,COMPLETE,
2024-02-14 08:00:00,1.25639,1.25639,1.25346,1.25518,240,240,0,COMPLETE,
2024-02-14 12:00:00,1.25518,1.25673,1.25392,1.25485,240,240,0,COMPLETE,
2024-02-14 16:00:00,1.25485,1.257,1.25476,1.25605,240,240,0,COMPLETE,
2024-02-14 20:00:00,1.25604,1.25676,1.25586,1.25661,239,240,1,EXPECTED_INCOMPLETE,EXPECTED
2024-02-15 00:00:00,1.25667,1.25729,1.25581,1.25636,240,240,0,COMPLETE,
2024-02-15 04:00:00,1.25636,1.25726,1.25422,1.25449,240,240,0,COMPLETE,
2024-02-15 08:00:00,1.25447,1.256,1.25415,1.25489,240,240,0,COMPLETE,
2024-02-15 12:00:00,1.25487,1.2596,1.25401,1.25832,240,240,0,COMPLETE,
2024-02-15 16:00:00,1.2583,1.26002,1.2573,1.25951,240,240,0,COMPLETE,
2024-02-15 20:00:00,1.25954,1.26041,1.25861,1.25979,239,240,1,EXPECTED_INCOMPLETE,EXPECTED
2024-02-16 00:00:00,1.25978,1.26,1.25788,1.2581,240,240,0,COMPLETE,
2024-02-16 04:00:00,1.25812,1.26056,1.25765,1.25898,240,240,0,COMPLETE,
2024-02-16 08:00:00,1.25896,1.26004,1.25738,1.25988,240,240,0,COMPLETE,
2024-02-16 12:00:00,1.25985,1.26002,1.25503,1.25836,240,240,0,COMPLETE,
2024-02-16 16:00:00,1.25839,1.2624,1.25826,1.26059,240,240,0,COMPLETE,
2024-02-16 20:00:00,1.26058,1.2606,1.25969,1.25999,118,240,122,EXPECTED_INCOMPLETE,EXPECTED
2024-02-17 00:00:00,,,,,0,240,240,SESSION_CLOSED_EXPECTED,EXPECTED
2024-02-17 04:00:00,,,,,0,240,240,SESSION_CLOSED_EXPECTED,EXPECTED
2024-02-17 08:00:00,,,,,0,240,240,SESSION_CLOSED_EXPECTED,EXPECTED
2024-02-17 12:00:00,,,,,0,240,240,SESSION_CLOSED_EXPECTED,EXPECTED
2024-02-17 16:00:00,,,,,0,240,240,SESSION_CLOSED_EXPECTED,EXPECTED
2024-02-17 20:00:00,,,,,0,240,240,SESSION_CLOSED_EXPECTED,EXPECTED
2024-02-18 00:00:00,,,,,0,240,240,SESSION_CLOSED_EXPECTED,EXPECTED
2024-02-18 04:00:00,,,,,0,240,240,SESSION_CLOSED_EXPECTED,EXPECTED
2024-02-18 08:00:00,,,,,0,240,240,SESSION_CLOSED_EXPECTED,EXPECTED
2024-02-18 12:00:00,,,,,0,240,240,SESSION_CLOSED_EXPECTED,EXPECTED
2024-02-18 16:00:00,,,,,0,240,240,SESSION_CLOSED_EXPECTED,EXPECTED
2024-02-18 20:00:00,1.25915,1.26085,1.25863,1.26076,114,240,126,EXPECTED_INCOMPLETE,EXPECTED
2024-02-19 00:00:00,1.26097,1.26267,1.26097,1.2612,240,240,0,COMPLETE,
2024-02-19 04:00:00,1.2612,1.26292,1.26111,1.26191,240,240,0,COMPLETE,
2024-02-19 08:00:00,1.26195,1.26272,1.26066,1.26106,240,240,0,COMPLETE,
2024-02-19 12:00:00,1.26105,1.2615,1.25837,1.25868,240,240,0,COMPLETE,
2024-02-19 16:00:00,1.2587,1.25989,1.2583,1.2597,240,240,0,COMPLETE,
2024-02-19 20:00:00,1.25968,1.26004,1.25846,1.25871,239,240,1,EXPECTED_INCOMPLETE,EXPECTED
2024-02-20 00:00:00,1.25873,1.25923,1.25799,1.25844,240,240,0,COMPLETE,
2024-02-20 04:00:00,1.25844,1.25933,1.25785,1.25897,240,240,0,COMPLETE,
2024-02-20 08:00:00,1.25895,1.26152,1.25809,1.25898,240,240,0,COMPLETE,
2024-02-20 12:00:00,1.25899,1.26683,1.25877,1.26615,240,240,0,COMPLETE,
2024-02-20 16:00:00,1.26615,1.26621,1.26161,1.26183,240,240,0,COMPLETE,
2024-02-20 20:00:00,1.26186,1.26261,1.26135,1.26256,239,240,1,EXPECTED_INCOMPLETE,EXPECTED
2024-02-21 00:00:00,1.26242,1.26369,1.26189,1.26364,240,240,0,COMPLETE,
2024-02-21 04:00:00,1.26365,1.26368,1.26178,1.26293,240,240,0,COMPLETE,
2024-02-21 08:00:00,1.26293,1.26325,1.2602,1.26153,240,240,0,COMPLETE,
2024-02-21 12:00:00,1.26152,1.26339,1.26094,1.2612,240,240,0,COMPLETE,
2024-02-21 16:00:00,1.26117,1.26411,1.26049,1.26316,240,240,0,COMPLETE,
2024-02-21 20:00:00,1.26315,1.26401,1.26243,1.26371,239,240,1,EXPECTED_INCOMPLETE,EXPECTED
2024-02-22 00:00:00,1.26377,1.26464,1.26307,1.26367,240,240,0,COMPLETE,
2024-02-22 04:00:00,1.26364,1.26752,1.26338,1.26733,240,240,0,COMPLETE,
2024-02-22 08:00:00,1.26732,1.27091,1.26667,1.26798,240,240,0,COMPLETE,
2024-02-22 12:00:00,1.26797,1.26822,1.26108,1.26203,240,240,0,COMPLETE,
2024-02-22 16:00:00,1.26207,1.2664,1.26202,1.26582,240,240,0,COMPLETE,
2024-02-22 20:00:00,1.2658,1.26642,1.2653,1.26606,238,240,2,UNEXPECTED_INCOMPLETE,EXPECTED|UNEXPECTED
2024-02-23 00:00:00,1.2661,1.26658,1.26479,1.26635,240,240,0,COMPLETE,
2024-02-23 04:00:00,1.26637,1.26716,1.26588,1.2669,240,240,0,COMPLETE,
2024-02-23 08:00:00,1.2669,1.26842,1.26484,1.26799,240,240,0,COMPLETE,
2024-02-23 12:00:00,1.26798,1.27011,1.26667,1.26769,240,240,0,COMPLETE,
2024-02-23 16:00:00,1.26768,1.26854,1.2665,1.26742,240,240,0,COMPLETE,
2024-02-23 20:00:00,1.26743,1.26752,1.2666,1.26705,118,240,122,EXPECTED_INCOMPLETE,EXPECTED
2024-02-24 00:00:00,,,,,0,240,240,SESSION_CLOSED_EXPECTED,EXPECTED
2024-02-24 04:00:00,,,,,0,240,240,SESSION_CLOSED_EXPECTED,EXPECTED
2024-02-24 08:00:00,,,,,0,240,240,SESSION_CLOSED_EXPECTED,EXPECTED
2024-02-24 12:00:00,,,,,0,240,240,SESSION_CLOSED_EXPECTED,EXPECTED
2024-02-24 16:00:00,,,,,0,240,240,SESSION_CLOSED_EXPECTED,EXPECTED
2024-02-24 20:00:00,,,,,0,240,240,SESSION_CLOSED_EXPECTED,EXPECTED
2024-02-25 00:00:00,,,,,0,240,240,SESSION_CLOSED_EXPECTED,EXPECTED
2024-02-25 04:00:00,,,,,0,240,240,SESSION_CLOSED_EXPECTED,EXPECTED
2024-02-25 08:00:00,,,,,0,240,240,SESSION_CLOSED_EXPECTED,EXPECTED
2024-02-25 12:00:00,,,,,0,240,240,SESSION_CLOSED_EXPECTED,EXPECTED
2024-02-25 16:00:00,,,,,0,240,240,SESSION_CLOSED_EXPECTED,EXPECTED
2024-02-25 20:00:00,1.26561,1.26735,1.26556,1.267,114,240,126,EXPECTED_INCOMPLETE,EXPECTED
2024-02-26 00:00:00,1.26695,1.26724,1.26561,1.26583,240,240,0,COMPLETE,
2024-02-26 04:00:00,1.26582,1.26776,1.26569,1.26759,240,240,0,COMPLETE,
2024-02-26 08:00:00,1.26761,1.26962,1.26661,1.26933,240,240,0,COMPLETE,
2024-02-26 12:00:00,1.26934,1.2699,1.26716,1.26828,240,240,0,COMPLETE,
2024-02-26 16:00:00,1.26829,1.26843,1.26703,1.26774,240,240,0,COMPLETE,
2024-02-26 20:00:00,1.26774,1.26875,1.26759,1.26833,239,240,1,EXPECTED_INCOMPLETE,EXPECTED
2024-02-27 00:00:00,1.26833,1.26847,1.2674,1.26795,240,240,0,COMPLETE,
2024-02-27 04:00:00,1.26796,1.26947,1.26774,1.26901,240,240,0,COMPLETE,
2024-02-27 08:00:00,1.26901,1.26962,1.2671,1.26862,240,240,0,COMPLETE,
2024-02-27 12:00:00,1.26863,1.26943,1.26598,1.26819,240,240,0,COMPLETE,
2024-02-27 16:00:00,1.26818,1.26945,1.26779,1.26796,240,240,0,COMPLETE,
2024-02-27 20:00:00,1.26796,1.26863,1.26777,1.26798,238,240,2,UNEXPECTED_INCOMPLETE,EXPECTED|UNEXPECTED
2024-02-28 00:00:00,1.268,1.26835,1.26656,1.26679,240,240,0,COMPLETE,
2024-02-28 04:00:00,1.26679,1.26691,1.26446,1.2659,240,240,0,COMPLETE,
2024-02-28 08:00:00,1.26591,1.26607,1.26212,1.26519,240,240,0,COMPLETE,
2024-02-28 12:00:00,1.26517,1.26574,1.26288,1.26522,240,240,0,COMPLETE,
2024-02-28 16:00:00,1.2652,1.26729,1.26498,1.26529,240,240,0,COMPLETE,
2024-02-28 20:00:00,1.2653,1.26632,1.26513,1.26594,237,240,3,UNEXPECTED_INCOMPLETE,EXPECTED|UNEXPECTED
2024-02-29 00:00:00,1.26607,1.2669,1.26564,1.26671,240,240,0,COMPLETE,
2024-02-29 04:00:00,1.26671,1.26708,1.2652,1.26535,240,240,0,COMPLETE,
2024-02-29 08:00:00,1.26533,1.26738,1.26469,1.26506,240,240,0,COMPLETE,
2024-02-29 12:00:00,1.26504,1.26813,1.26346,1.26495,240,240,0,COMPLETE,
2024-02-29 16:00:00,1.26496,1.26509,1.26122,1.26128,240,240,0,COMPLETE,
2024-02-29 20:00:00,1.26128,1.26252,1.26128,1.26248,238,240,2,UNEXPECTED_INCOMPLETE,EXPECTED|UNEXPECTED
2024-03-01 00:00:00,1.26262,1.26348,1.26228,1.26312,240,240,0,COMPLETE,
2024-03-01 04:00:00,1.26313,1.26359,1.26238,1.26309,240,240,0,COMPLETE,
2024-03-01 08:00:00,1.26312,1.26457,1.2617,1.26423,240,240,0,COMPLETE,
2024-03-01 12:00:00,1.2642,1.26556,1.25993,1.26518,240,240,0,COMPLETE,
2024-03-01 16:00:00,1.26521,1.26634,1.26348,1.26618,240,240,0,COMPLETE,
2024-03-01 20:00:00,1.26617,1.2662,1.26511,1.26525,118,240,122,EXPECTED_INCOMPLETE,EXPECTED
2024-03-02 00:00:00,,,,,0,240,240,SESSION_CLOSED_EXPECTED,EXPECTED
2024-03-02 04:00:00,,,,,0,240,240,SESSION_CLOSED_EXPECTED,EXPECTED
2024-03-02 08:00:00,,,,,0,240,240,SESSION_CLOSED_EXPECTED,EXPECTED
2024-03-02 12:00:00,,,,,0,240,240,SESSION_CLOSED_EXPECTED,EXPECTED
2024-03-02 16:00:00,,,,,0,240,240,SESSION_CLOSED_EXPECTED,EXPECTED
2024-03-02 20:00:00,,,,,0,240,240,SESSION_CLOSED_EXPECTED,EXPECTED
2024-03-03 00:00:00,,,,,0,240,240,SESSION_CLOSED_EXPECTED,EXPECTED
2024-03-03 04:00:00,,,,,0,240,240,SESSION_CLOSED_EXPECTED,EXPECTED
2024-03-03 08:00:00,,,,,0,240,240,SESSION_CLOSED_EXPECTED,EXPECTED
2024-03-03 12:00:00,,,,,0,240,240,SESSION_CLOSED_EXPECTED,EXPECTED
2024-03-03 16:00:00,,,,,0,240,240,SESSION_CLOSED_EXPECTED,EXPECTED
2024-03-03 20:00:00,1.26414,1.266,1.26336,1.26585,114,240,126,EXPECTED_INCOMPLETE,EXPECTED
2024-03-04 00:00:00,1.26601,1.26658,1.26556,1.26639,240,240,0,COMPLETE,
2024-03-04 04:00:00,1.26639,1.26777,1.26603,1.26776,240,240,0,COMPLETE,
2024-03-04 08:00:00,1.26777,1.26792,1.26649,1.26768,240,240,0,COMPLETE,
2024-03-04 12:00:00,1.26768,1.26994,1.26654,1.26971,240,240,0,COMPLETE,
2024-03-04 16:00:00,1.26971,1.27059,1.26894,1.26904,240,240,0,COMPLETE,
2024-03-04 20:00:00,1.26903,1.26935,1.26847,1.26887,239,240,1,EXPECTED_INCOMPLETE,EXPECTED
2024-03-05 00:00:00,1.26889,1.26941,1.26821,1.26891,240,240,0,COMPLETE,
2024-03-05 04:00:00,1.26892,1.26902,1.2671,1.26762,240,240,0,COMPLETE,
2024-03-05 08:00:00,1.26765,1.26891,1.26708,1.26775,240,240,0,COMPLETE,
2024-03-05 12:00:00,1.26777,1.27344,1.26738,1.27316,240,240,0,COMPLETE,
2024-03-05 16:00:00,1.27315,1.27325,1.26992,1.27017,240,240,0,COMPLETE,
2024-03-05 20:00:00,1.27018,1.27073,1.26955,1.27038,238,240,2,UNEXPECTED_INCOMPLETE,EXPECTED|UNEXPECTED
2024-03-06 00:00:00,1.27041,1.27042,1.26896,1.26985,240,240,0,COMPLETE,
2024-03-06 04:00:00,1.26986,1.27149,1.26971,1.27099,240,240,0,COMPLETE,
2024-03-06 08:00:00,1.27096,1.27309,1.27082,1.27225,240,240,0,COMPLETE,
2024-03-06 12:00:00,1.27226,1.27472,1.27051,1.27419,240,240,0,COMPLETE,
2024-03-06 16:00:00,1.27418,1.27613,1.27359,1.27409,240,240,0,COMPLETE,
2024-03-06 20:00:00,1.27404,1.27407,1.27169,1.27334,239,240,1,EXPECTED_INCOMPLETE,EXPECTED
2024-03-07 00:00:00,1.27353,1.27392,1.27226,1.27334,240,240,0,COMPLETE,
2024-03-07 04:00:00,1.27331,1.27436,1.27311,1.27357,240,240,0,COMPLETE,
2024-03-07 08:00:00,1.27354,1.27624,1.27288,1.27539,240,240,0,COMPLETE,
2024-03-07 12:00:00,1.27539,1.27903,1.27445,1.27884,240,240,0,COMPLETE,
2024-03-07 16:00:00,1.27884,1.2808,1.27832,1.28044,240,240,0,COMPLETE,
2024-03-07 20:00:00,1.28044,1.28126,1.27997,1.28125,239,240,1,EXPECTED_INCOMPLETE,EXPECTED
2024-03-08 00:00:00,1.28128,1.28196,1.28036,1.28072,240,240,0,COMPLETE,
2024-03-08 04:00:00,1.28072,1.28132,1.28005,1.28032,240,240,0,COMPLETE,
2024-03-08 08:00:00,1.28032,1.28397,1.28004,1.28295,240,240,0,COMPLETE,
2024-03-08 12:00:00,1.28294,1.28932,1.2825,1.28799,240,240,0,COMPLETE,
2024-03-08 16:00:00,1.288,1.28808,1.28395,1.28562,240,240,0,COMPLETE,
2024-03-08 20:00:00,1.2856,1.28586,1.2848,1.28586,118,240,122,EXPECTED_INCOMPLETE,EXPECTED
2024-03-09 00:00:00,,,,,0,240,240,SESSION_CLOSED_EXPECTED,EXPECTED
2024-03-09 04:00:00,,,,,0,240,240,SESSION_CLOSED_EXPECTED,EXPECTED
2024-03-09 08:00:00,,,,,0,240,240,SESSION_CLOSED_EXPECTED,EXPECTED
2024-03-09 12:00:00,,,,,0,240,240,SESSION_CLOSED_EXPECTED,EXPECTED
2024-03-09 16:00:00,,,,,0,240,240,SESSION_CLOSED_EXPECTED,EXPECTED
2024-03-09 20:00:00,,,,,0,240,240,SESSION_CLOSED_EXPECTED,EXPECTED
2024-03-10 00:00:00,,,,,0,240,240,SESSION_CLOSED_EXPECTED,EXPECTED
2024-03-10 04:00:00,,,,,0,240,240,SESSION_CLOSED_EXPECTED,EXPECTED
2024-03-10 08:00:00,,,,,0,240,240,SESSION_CLOSED_EXPECTED,EXPECTED
2024-03-10 12:00:00,,,,,0,240,240,SESSION_CLOSED_EXPECTED,EXPECTED
2024-03-10 16:00:00,,,,,0,240,240,SESSION_CLOSED_EXPECTED,EXPECTED
2024-03-10 20:00:00,1.28553,1.28577,1.28446,1.28548,175,240,65,EXPECTED_INCOMPLETE,EXPECTED
2024-03-11 00:00:00,1.28548,1.28616,1.2845,1.285,240,240,0,COMPLETE,
2024-03-11 04:00:00,1.285,1.28573,1.28426,1.28449,240,240,0,COMPLETE,
2024-03-11 08:00:00,1.28449,1.28532,1.28311,1.28502,240,240,0,COMPLETE,
2024-03-11 12:00:00,1.28502,1.28504,1.27945,1.28047,240,240,0,COMPLETE,
2024-03-11 16:00:00,1.28047,1.28127,1.27979,1.28085,240,240,0,COMPLETE,
2024-03-11 20:00:00,1.28087,1.28189,1.28078,1.28185,237,240,3,UNEXPECTED_INCOMPLETE,EXPECTED|UNEXPECTED
2024-03-12 00:00:00,1.28174,1.28222,1.28131,1.2818,240,240,0,COMPLETE,
2024-03-12 04:00:00,1.28182,1.2823,1.27888,1.27901,240,240,0,COMPLETE,
2024-03-12 08:00:00,1.27901,1.27984,1.27758,1.27911,240,240,0,COMPLETE,
2024-03-12 12:00:00,1.2791,1.28075,1.27456,1.27833,240,240,0,COMPLETE,
2024-03-12 16:00:00,1.27833,1.27933,1.27701,1.27933,240,240,0,COMPLETE,
2024-03-12 20:00:00,1.27933,1.27954,1.2783,1.27946,239,240,1,EXPECTED_INCOMPLETE,EXPECTED
2024-03-13 00:00:00,1.27942,1.27985,1.27908,1.27939,240,240,0,COMPLETE,
2024-03-13 04:00:00,1.27938,1.27962,1.27753,1.27851,240,240,0,COMPLETE,
2024-03-13 08:00:00,1.27849,1.28086,1.2774,1.28073,240,240,0,COMPLETE,
2024-03-13 12:00:00,1.28075,1.28086,1.27866,1.27963,240,240,0,COMPLETE,
2024-03-13 16:00:00,1.27962,1.28107,1.27901,1.27957,240,240,0,COMPLETE,
2024-03-13 20:00:00,1.27957,1.28021,1.27885,1.28007,239,240,1,EXPECTED_INCOMPLETE,EXPECTED
2024-03-14 00:00:00,1.2801,1.2804,1.27887,1.27894,240,240,0,COMPLETE,
2024-03-14 04:00:00,1.27894,1.28051,1.27863,1.28025,240,240,0,COMPLETE,
2024-03-14 08:00:00,1.28028,1.28223,1.28015,1.28096,240,240,0,COMPLETE,
2024-03-14 12:00:00,1.28099,1.28131,1.27301,1.27461,240,240,0,COMPLETE,
2024-03-14 16:00:00,1.27464,1.27567,1.27423,1.27551,240,240,0,COMPLETE,
2024-03-14 20:00:00,1.27553,1.27571,1.27429,1.27448,240,240,0,COMPLETE,
2024-03-15 00:00:00,1.27448,1.27468,1.27295,1.27363,240,240,0,COMPLETE,
2024-03-15 04:00:00,1.27363,1.27448,1.27323,1.27352,240,240,0,COMPLETE,
2024-03-15 08:00:00,1.27349,1.2758,1.27327,1.27539,240,240,0,COMPLETE,
2024-03-15 12:00:00,1.27537,1.27568,1.27313,1.27387,240,240,0,COMPLETE,
2024-03-15 16:00:00,1.27387,1.27402,1.27246,1.2738,240,240,0,COMPLETE,
2024-03-15 20:00:00,1.2738,1.27389,1.27337,1.27342,58,240,182,EXPECTED_INCOMPLETE,EXPECTED
2024-03-16 00:00:00,,,,,0,240,240,SESSION_CLOSED_EXPECTED,EXPECTED
2024-03-16 04:00:00,,,,,0,240,240,SESSION_CLOSED_EXPECTED,EXPECTED
2024-03-16 08:00:00,,,,,0,240,240,SESSION_CLOSED_EXPECTED,EXPECTED
2024-03-16 12:00:00,,,,,0,240,240,SESSION_CLOSED_EXPECTED,EXPECTED
2024-03-16 16:00:00,,,,,0,240,240,SESSION_CLOSED_EXPECTED,EXPECTED
2024-03-16 20:00:00,,,,,0,240,240,SESSION_CLOSED_EXPECTED,EXPECTED
2024-03-17 00:00:00,,,,,0,240,240,SESSION_CLOSED_EXPECTED,EXPECTED
2024-03-17 04:00:00,,,,,0,240,240,SESSION_CLOSED_EXPECTED,EXPECTED
2024-03-17 08:00:00,,,,,0,240,240,SESSION_CLOSED_EXPECTED,EXPECTED
2024-03-17 12:00:00,,,,,0,240,240,SESSION_CLOSED_EXPECTED,EXPECTED
2024-03-17 16:00:00,,,,,0,240,240,SESSION_CLOSED_EXPECTED,EXPECTED
2024-03-17 20:00:00,1.27198,1.27361,1.27152,1.27307,173,240,67,EXPECTED_INCOMPLETE,EXPECTED
2024-03-18 00:00:00,1.27307,1.27373,1.27257,1.27263,240,240,0,COMPLETE,
2024-03-18 04:00:00,1.27263,1.27417,1.27262,1.27406,240,240,0,COMPLETE,
2024-03-18 08:00:00,1.27406,1.27461,1.27269,1.2742,240,240,0,COMPLETE,
2024-03-18 12:00:00,1.2742,1.27452,1.27216,1.27318,240,240,0,COMPLETE,
2024-03-18 16:00:00,1.27317,1.27327,1.27172,1.27262,240,240,0,COMPLETE,
2024-03-18 20:00:00,1.27265,1.2729,1.27229,1.27259,239,240,1,EXPECTED_INCOMPLETE,EXPECTED
2024-03-19 00:00:00,1.2726,1.27282,1.27131,1.27217,240,240,0,COMPLETE,
2024-03-19 04:00:00,1.27219,1.27249,1.26943,1.26984,240,240,0,COMPLETE,
2024-03-19 08:00:00,1.26986,1.27012,1.26669,1.26916,240,240,0,COMPLETE,
2024-03-19 12:00:00,1.26916,1.27158,1.26895,1.27101,240,240,0,COMPLETE,
2024-03-19 16:00:00,1.27099,1.27324,1.27078,1.27211,240,240,0,COMPLETE,
2024-03-19 20:00:00,1.27207,1.27225,1.27168,1.27174,239,240,1,EXPECTED_INCOMPLETE,EXPECTED
2024-03-20 00:00:00,1.27174,1.27238,1.27099,1.2723,240,240,0,COMPLETE,
2024-03-20 04:00:00,1.27232,1.27293,1.2699,1.27135,240,240,0,COMPLETE,
2024-03-20 08:00:00,1.27134,1.27139,1.26864,1.2693,240,240,0,COMPLETE,
2024-03-20 12:00:00,1.26929,1.27125,1.26837,1.27099,240,240,0,COMPLETE,
2024-03-20 16:00:00,1.27098,1.27861,1.27085,1.27822,240,240,0,COMPLETE,
2024-03-20 20:00:00,1.27821,1.27976,1.27801,1.27976,239,240,1,EXPECTED_INCOMPLETE,EXPECTED
2024-03-21 00:00:00,1.27972,1.28021,1.27882,1.27955,240,240,0,COMPLETE,
2024-03-21 04:00:00,1.27955,1.28028,1.27829,1.27846,240,240,0,COMPLETE,
2024-03-21 08:00:00,1.27842,1.279,1.27434,1.27471,240,240,0,COMPLETE,
2024-03-21 12:00:00,1.27474,1.27493,1.2658,1.26669,240,240,0,COMPLETE,
2024-03-21 16:00:00,1.26667,1.26727,1.26497,1.26506,240,240,0,COMPLETE,
2024-03-21 20:00:00,1.26505,1.26627,1.265,1.26602,239,240,1,EXPECTED_INCOMPLETE,EXPECTED
2024-03-22 00:00:00,1.26601,1.26745,1.26338,1.26421,240,240,0,COMPLETE,
2024-03-22 04:00:00,1.2642,1.26449,1.25982,1.26067,240,240,0,COMPLETE,
2024-03-22 08:00:00,1.26066,1.26085,1.25746,1.25832,240,240,0,COMPLETE,
2024-03-22 12:00:00,1.25829,1.26233,1.25812,1.26004,240,240,0,COMPLETE,
2024-03-22 16:00:00,1.26,1.26058,1.25852,1.25938,240,240,0,COMPLETE,
2024-03-22 20:00:00,1.2594,1.26007,1.25915,1.25996,58,240,182,EXPECTED_INCOMPLETE,EXPECTED
2024-03-23 00:00:00,,,,,0,240,240,SESSION_CLOSED_EXPECTED,EXPECTED
2024-03-23 04:00:00,,,,,0,240,240,SESSION_CLOSED_EXPECTED,EXPECTED
2024-03-23 08:00:00,,,,,0,240,240,SESSION_CLOSED_EXPECTED,EXPECTED
2024-03-23 12:00:00,,,,,0,240,240,SESSION_CLOSED_EXPECTED,EXPECTED
2024-03-23 16:00:00,,,,,0,240,240,SESSION_CLOSED_EXPECTED,EXPECTED
2024-03-23 20:00:00,,,,,0,240,240,SESSION_CLOSED_EXPECTED,EXPECTED
2024-03-24 00:00:00,,,,,0,240,240,SESSION_CLOSED_EXPECTED,EXPECTED
2024-03-24 04:00:00,,,,,0,240,240,SESSION_CLOSED_EXPECTED,EXPECTED
2024-03-24 08:00:00,,,,,0,240,240,SESSION_CLOSED_EXPECTED,EXPECTED
2024-03-24 12:00:00,,,,,0,240,240,SESSION_CLOSED_EXPECTED,EXPECTED
2024-03-24 16:00:00,,,,,0,240,240,SESSION_CLOSED_EXPECTED,EXPECTED
2024-03-24 20:00:00,1.25813,1.25995,1.25801,1.25969,175,240,65,EXPECTED_INCOMPLETE,EXPECTED
2024-03-25 00:00:00,1.2597,1.26166,1.25911,1.26059,240,240,0,COMPLETE,
2024-03-25 04:00:00,1.2606,1.26137,1.25989,1.26021,240,240,0,COMPLETE,
2024-03-25 08:00:00,1.2602,1.26392,1.25945,1.26357,240,240,0,COMPLETE,
2024-03-25 12:00:00,1.26357,1.26517,1.26354,1.26435,240,240,0,COMPLETE,
2024-03-25 16:00:00,1.26435,1.26446,1.26347,1.26379,240,240,0,COMPLETE,
2024-03-25 20:00:00,1.26378,1.26384,1.2631,1.26359,240,240,0,COMPLETE,
2024-03-26 00:00:00,1.2636,1.26466,1.26336,1.26368,240,240,0,COMPLETE,
2024-03-26 04:00:00,1.26369,1.26584,1.26363,1.26503,240,240,0,COMPLETE,
2024-03-26 08:00:00,1.265,1.26674,1.26395,1.26528,240,240,0,COMPLETE,
2024-03-26 12:00:00,1.2653,1.26562,1.26229,1.26278,240,240,0,COMPLETE,
2024-03-26 16:00:00,1.26278,1.26349,1.26213,1.26232,240,240,0,COMPLETE,
2024-03-26 20:00:00,1.26232,1.26298,1.26211,1.26273,238,240,2,UNEXPECTED_INCOMPLETE,EXPECTED|UNEXPECTED
2024-03-27 00:00:00,1.26274,1.26274,1.26082,1.26134,240,240,0,COMPLETE,
2024-03-27 04:00:00,1.26135,1.26312,1.26125,1.26293,240,240,0,COMPLETE,
2024-03-27 08:00:00,1.26296,1.26379,1.26102,1.26152,240,240,0,COMPLETE,
2024-03-27 12:00:00,1.2615,1.26294,1.26049,1.26283,240,240,0,COMPLETE,
2024-03-27 16:00:00,1.26281,1.26374,1.26224,1.26368,240,240,0,COMPLETE,
2024-03-27 20:00:00,1.26368,1.26405,1.26137,1.26163,239,240,1,EXPECTED_INCOMPLETE,EXPECTED
2024-03-28 00:00:00,1.26165,1.26343,1.26104,1.26269,240,240,0,COMPLETE,
2024-03-28 04:00:00,1.26269,1.26366,1.26109,1.26157,240,240,0,COMPLETE,
2024-03-28 08:00:00,1.26159,1.26254,1.25854,1.26116,240,240,0,COMPLETE,
2024-03-28 12:00:00,1.26116,1.26539,1.26105,1.26309,240,240,0,COMPLETE,
2024-03-28 16:00:00,1.26312,1.26446,1.2615,1.26203,240,240,0,COMPLETE,
2024-03-28 20:00:00,1.26203,1.26267,1.2616,1.26217,239,240,1,EXPECTED_INCOMPLETE,EXPECTED
2024-03-29 00:00:00,1.26213,1.26304,1.26157,1.2622,240,240,0,COMPLETE,
2024-03-29 04:00:00,1.2622,1.2626,1.26171,1.26178,240,240,0,COMPLETE,
2024-03-29 08:00:00,1.26178,1.26263,1.26043,1.26095,240,240,0,COMPLETE,
2024-03-29 12:00:00,1.26095,1.264,1.26058,1.26312,240,240,0,COMPLETE,
2024-03-29 16:00:00,1.26312,1.26312,1.26106,1.26126,240,240,0,COMPLETE,
2024-03-29 20:00:00,1.26126,1.262,1.26101,1.26151,58,240,182,EXPECTED_INCOMPLETE,EXPECTED
2024-03-30 00:00:00,,,,,0,240,240,SESSION_CLOSED_EXPECTED,EXPECTED
2024-03-30 04:00:00,,,,,0,240,240,SESSION_CLOSED_EXPECTED,EXPECTED
2024-03-30 08:00:00,,,,,0,240,240,SESSION_CLOSED_EXPECTED,EXPECTED
2024-03-30 12:00:00,,,,,0,240,240,SESSION_CLOSED_EXPECTED,EXPECTED
2024-03-30 16:00:00,,,,,0,240,240,SESSION_CLOSED_EXPECTED,EXPECTED
2024-03-30 20:00:00,,,,,0,240,240,SESSION_CLOSED_EXPECTED,EXPECTED
2024-03-31 00:00:00,,,,,0,240,240,SESSION_CLOSED_EXPECTED,EXPECTED
2024-03-31 04:00:00,,,,,0,240,240,SESSION_CLOSED_EXPECTED,EXPECTED
2024-03-31 08:00:00,,,,,0,240,240,SESSION_CLOSED_EXPECTED,EXPECTED
2024-03-31 12:00:00,,,,,0,240,240,SESSION_CLOSED_EXPECTED,EXPECTED
2024-03-31 16:00:00,,,,,0,240,240,SESSION_CLOSED_EXPECTED,EXPECTED
2024-03-31 20:00:00,1.26062,1.26407,1.26062,1.26354,174,240,66,EXPECTED_INCOMPLETE,EXPECTED
2024-04-01 00:00:00,1.2637,1.26415,1.26249,1.26335,240,240,0,COMPLETE,
2024-04-01 04:00:00,1.26335,1.26349,1.26171,1.26201,240,240,0,COMPLETE,
2024-04-01 08:00:00,1.26201,1.26272,1.26082,1.26139,240,240,0,COMPLETE,
2024-04-01 12:00:00,1.2614,1.2616,1.25391,1.2542,240,240,0,COMPLETE,
2024-04-01 16:00:00,1.2542,1.25497,1.25404,1.2547,240,240,0,COMPLETE,
2024-04-01 20:00:00,1.2547,1.25538,1.25384,1.25454,239,240,1,EXPECTED_INCOMPLETE,EXPECTED
2024-04-02 00:00:00,1.25455,1.25489,1.25403,1.25409,240,240,0,COMPLETE,
2024-04-02 04:00:00,1.25412,1.25567,1.25389,1.25535,240,240,0,COMPLETE,
2024-04-02 08:00:00,1.25534,1.25754,1.25475,1.25726,240,240,0,COMPLETE,
2024-04-02 12:00:00,1.25725,1.25771,1.25518,1.25733,240,240,0,COMPLETE,
2024-04-02 16:00:00,1.25731,1.25767,1.25657,1.25763,240,240,0,COMPLETE,
2024-04-02 20:00:00,1.25762,1.25803,1.2572,1.2576,239,240,1,EXPECTED_INCOMPLETE,EXPECTED
2024-04-03 00:00:00,1.25754,1.258,1.25665,1.25784,240,240,0,COMPLETE,
2024-04-03 04:00:00,1.25784,1.25824,1.25621,1.25652,240,240,0,COMPLETE,
2024-04-03 08:00:00,1.2565,1.25877,1.25638,1.25774,240,240,0,COMPLETE,
2024-04-03 12:00:00,1.25772,1.26352,1.25669,1.2632,240,240,0,COMPLETE,
2024-04-03 16:00:00,1.26324,1.26553,1.26246,1.26487,240,240,0,COMPLETE,
2024-04-03 20:00:00,1.26489,1.26556,1.26451,1.26511,239,240,1,EXPECTED_INCOMPLETE,EXPECTED
2024-04-04 00:00:00,1.26506,1.26542,1.26441,1.26518,240,240,0,COMPLETE,
2024-04-04 04:00:00,1.26518,1.26692,1.26503,1.26622,240,240,0,COMPLETE,
2024-04-04 08:00:00,1.26622,1.26685,1.26473,1.26501,240,240,0,COMPLETE,
2024-04-04 12:00:00,1.26501,1.26829,1.26474,1.26659,240,240,0,COMPLETE,
2024-04-04 16:00:00,1.26662,1.26727,1.26347,1.26377,240,240,0,COMPLETE,
2024-04-04 20:00:00,1.26377,1.26447,1.2635,1.26391,237,240,3,UNEXPECTED_INCOMPLETE,EXPECTED|UNEXPECTED
2024-04-05 00:00:00,1.26387,1.2648,1.26209,1.26254,240,240,0,COMPLETE,
2024-04-05 04:00:00,1.26254,1.2631,1.26137,1.26263,240,240,0,COMPLETE,
2024-04-05 08:00:00,1.26262,1.26402,1.26208,1.26318,240,240,0,COMPLETE,
2024-04-05 12:00:00,1.26318,1.26444,1.25738,1.263,240,240,0,COMPLETE,
2024-04-05 16:00:00,1.26299,1.26401,1.26256,1.26341,240,240,0,COMPLETE,
2024-04-05 20:00:00,1.26343,1.26379,1.26325,1.26373,58,240,182,EXPECTED_INCOMPLETE,EXPECTED
2024-04-06 00:00:00,,,,,0,240,240,SESSION_CLOSED_EXPECTED,EXPECTED
2024-04-06 04:00:00,,,,,0,240,240,SESSION_CLOSED_EXPECTED,EXPECTED
2024-04-06 08:00:00,,,,,0,240,240,SESSION_CLOSED_EXPECTED,EXPECTED
2024-04-06 12:00:00,,,,,0,240,240,SESSION_CLOSED_EXPECTED,EXPECTED
2024-04-06 16:00:00,,,,,0,240,240,SESSION_CLOSED_EXPECTED,EXPECTED
2024-04-06 20:00:00,,,,,0,240,240,SESSION_CLOSED_EXPECTED,EXPECTED
2024-04-07 00:00:00,,,,,0,240,240,SESSION_CLOSED_EXPECTED,EXPECTED
2024-04-07 04:00:00,,,,,0,240,240,SESSION_CLOSED_EXPECTED,EXPECTED
2024-04-07 08:00:00,,,,,0,240,240,SESSION_CLOSED_EXPECTED,EXPECTED
2024-04-07 12:00:00,,,,,0,240,240,SESSION_CLOSED_EXPECTED,EXPECTED
2024-04-07 16:00:00,,,,,0,240,240,SESSION_CLOSED_EXPECTED,EXPECTED
2024-04-07 20:00:00,1.26133,1.26331,1.26133,1.26234,174,240,66,EXPECTED_INCOMPLETE,EXPECTED
2024-04-08 00:00:00,1.26236,1.26391,1.26141,1.26302,240,240,0,COMPLETE,
2024-04-08 04:00:00,1.26301,1.26342,1.26202,1.26267,240,240,0,COMPLETE,
2024-04-08 08:00:00,1.26267,1.26357,1.26149,1.26188,240,240,0,COMPLETE,
2024-04-08 12:00:00,1.26187,1.26558,1.26127,1.26525,240,240,0,COMPLETE,
2024-04-08 16:00:00,1.26526,1.26635,1.26428,1.26543,240,240,0,COMPLETE,
2024-04-08 20:00:00,1.26546,1.26592,1.26495,1.26566,239,240,1,EXPECTED_INCOMPLETE,EXPECTED
2024-04-09 00:00:00,1.26568,1.2661,1.26518,1.2654,240,240,0,COMPLETE,
2024-04-09 04:00:00,1.2654,1.26641,1.26481,1.26533,240,240,0,COMPLETE,
2024-04-09 08:00:00,1.26534,1.26902,1.26488,1.26797,240,240,0,COMPLETE,
2024-04-09 12:00:00,1.26798,1.2709,1.26664,1.26715,240,240,0,COMPLETE,
2024-04-09 16:00:00,1.26715,1.26749,1.26626,1.26747,240,240,0,COMPLETE,
2024-04-09 20:00:00,1.26748,1.26793,1.26715,1.26764,239,240,1,EXPECTED_INCOMPLETE,EXPECTED
2024-04-10 00:00:00,1.26766,1.26782,1.26685,1.26755,240,240,0,COMPLETE,
2024-04-10 04:00:00,1.26755,1.26886,1.26722,1.26877,240,240,0,COMPLETE,
2024-04-10 08:00:00,1.26877,1.27041,1.26829,1.26934,240,240,0,COMPLETE,
2024-04-10 12:00:00,1.26934,1.27067,1.25336,1.25417,240,240,0,COMPLETE,
2024-04-10 16:00:00,1.25419,1.25536,1.25197,1.25408,240,240,0,COMPLETE,
2024-04-10 20:00:00,1.25408,1.25424,1.2525,1.2536,239,240,1,EXPECTED_INCOMPLETE,EXPECTED
2024-04-11 00:00:00,1.25362,1.25489,1.25317,1.25446,240,240,0,COMPLETE,
2024-04-11 04:00:00,1.25445,1.25619,1.25319,1.25602,240,240,0,COMPLETE,
2024-04-11 08:00:00,1.25603,1.25691,1.25294,1.25385,240,240,0,COMPLETE,
2024-04-11 12:00:00,1.25385,1.25778,1.25101,1.25335,240,240,0,COMPLETE,
2024-04-11 16:00:00,1.25338,1.25634,1.25285,1.25589,240,240,0,COMPLETE,
2024-04-11 20:00:00,1.25589,1.25591,1.25472,1.2554,239,240,1,EXPECTED_INCOMPLETE,EXPECTED
2024-04-12 00:00:00,1.25543,1.25585,1.25435,1.25446,240,240,0,COMPLETE,
2024-04-12 04:00:00,1.25445,1.25455,1.2505,1.25186,240,240,0,COMPLETE,
2024-04-12 08:00:00,1.25191,1.2522,1.24622,1.24709,240,240,0,COMPLETE,
2024-04-12 12:00:00,1.24711,1.24751,1.2426,1.24553,240,240,0,COMPLETE,
2024-04-12 16:00:00,1.24552,1.24615,1.24422,1.24458,240,240,0,COMPLETE,
2024-04-12 20:00:00,1.24457,1.24519,1.24455,1.24483,58,240,182,EXPECTED_INCOMPLETE,EXPECTED
2024-04-13 00:00:00,,,,,0,240,240,SESSION_CLOSED_EXPECTED,EXPECTED
2024-04-13 04:00:00,,,,,0,240,240,SESSION_CLOSED_EXPECTED,EXPECTED
2024-04-13 08:00:00,,,,,0,240,240,SESSION_CLOSED_EXPECTED,EXPECTED
2024-04-13 12:00:00,,,,,0,240,240,SESSION_CLOSED_EXPECTED,EXPECTED
2024-04-13 16:00:00,,,,,0,240,240,SESSION_CLOSED_EXPECTED,EXPECTED
2024-04-13 20:00:00,,,,,0,240,240,SESSION_CLOSED_EXPECTED,EXPECTED
2024-04-14 00:00:00,,,,,0,240,240,SESSION_CLOSED_EXPECTED,EXPECTED
2024-04-14 04:00:00,,,,,0,240,240,SESSION_CLOSED_EXPECTED,EXPECTED
2024-04-14 08:00:00,,,,,0,240,240,SESSION_CLOSED_EXPECTED,EXPECTED
2024-04-14 12:00:00,,,,,0,240,240,SESSION_CLOSED_EXPECTED,EXPECTED
2024-04-14 16:00:00,,,,,0,240,240,SESSION_CLOSED_EXPECTED,EXPECTED
2024-04-14 20:00:00,1.24341,1.24617,1.24155,1.246,174,240,66,EXPECTED_INCOMPLETE,EXPECTED
2024-04-15 00:00:00,1.24589,1.24643,1.24403,1.24601,240,240,0,COMPLETE,
2024-04-15 04:00:00,1.24601,1.2477,1.24542,1.2475,240,240,0,COMPLETE,
2024-04-15 08:00:00,1.24753,1.2498,1.24742,1.24778,240,240,0,COMPLETE,
2024-04-15 12:00:00,1.24779,1.24958,1.24444,1.24634,240,240,0,COMPLETE,
2024-04-15 16:00:00,1.24634,1.2468,1.24352,1.24478,240,240,0,COMPLETE,
2024-04-15 20:00:00,1.24475,1.24491,1.24365,1.24457,239,240,1,EXPECTED_INCOMPLETE,EXPECTED
2024-04-16 00:00:00,1.2446,1.2448,1.24199,1.24279,240,240,0,COMPLETE,
2024-04-16 04:00:00,1.24278,1.2447,1.24081,1.24373,240,240,0,COMPLETE,
2024-04-16 08:00:00,1.24375,1.24598,1.2434,1.24574,240,240,0,COMPLETE,
2024-04-16 12:00:00,1.24572,1.24713,1.24286,1.24348,240,240,0,COMPLETE,
2024-04-16 16:00:00,1.24346,1.24505,1.24051,1.2431,240,240,0,COMPLETE,
2024-04-16 20:00:00,1.24309,1.24329,1.2421,1.24293,239,240,1,EXPECTED_INCOMPLETE,EXPECTED
2024-04-17 00:00:00,1.24301,1.24392,1.24245,1.24298,240,240,0,COMPLETE,
2024-04-17 04:00:00,1.24298,1.24783,1.24165,1.24547,240,240,0,COMPLETE,
2024-04-17 08:00:00,1.24547,1.24817,1.24532,1.24567,240,240,0,COMPLETE,
2024-04-17 12:00:00,1.2457,1.24689,1.24389,1.24413,240,240,0,COMPLETE,
2024-04-17 16:00:00,1.2441,1.24648,1.24236,1.24524,240,240,0,COMPLETE,
2024-04-17 20:00:00,1.24521,1.24577,1.24493,1.24524,239,240,1,EXPECTED_INCOMPLETE,EXPECTED
2024-04-18 00:00:00,1.24528,1.24695,1.24466,1.24689,240,240,0,COMPLETE,
2024-04-18 04:00:00,1.24689,1.24838,1.2462,1.24717,240,240,0,COMPLETE,
2024-04-18 08:00:00,1.24714,1.24816,1.2465,1.2471,240,240,0,COMPLETE,
2024-04-18 12:00:00,1.24715,1.24736,1.24357,1.24621,240,240,0,COMPLETE,
2024-04-18 16:00:00,1.24623,1.24654,1.2433,1.2437,240,240,0,COMPLETE,
2024-04-18 20:00:00,1.24371,1.24386,1.24313,1.2435,239,240,1,EXPECTED_INCOMPLETE,EXPECTED
2024-04-19 00:00:00,1.24344,1.2436,1.23882,1.2417,240,240,0,COMPLETE,
2024-04-19 04:00:00,1.24167,1.24511,1.2403,1.24487,240,240,0,COMPLETE,
2024-04-19 08:00:00,1.24487,1.24552,1.24291,1.24396,240,240,0,COMPLETE,
2024-04-19 12:00:00,1.24399,1.24678,1.2396,1.23964,240,240,0,COMPLETE,
2024-04-19 16:00:00,1.23965,1.24013,1.23664,1.23715,240,240,0,COMPLETE,
2024-04-19 20:00:00,1.23717,1.23733,1.23677,1.23703,58,240,182,EXPECTED_INCOMPLETE,EXPECTED
2024-04-20 00:00:00,,,,,0,240,240,SESSION_CLOSED_EXPECTED,EXPECTED
2024-04-20 04:00:00,,,,,0,240,240,SESSION_CLOSED_EXPECTED,EXPECTED
2024-04-20 08:00:00,,,,,0,240,240,SESSION_CLOSED_EXPECTED,EXPECTED
2024-04-20 12:00:00,,,,,0,240,240,SESSION_CLOSED_EXPECTED,EXPECTED
2024-04-20 16:00:00,,,,,0,240,240,SESSION_CLOSED_EXPECTED,EXPECTED
2024-04-20 20:00:00,,,,,0,240,240,SESSION_CLOSED_EXPECTED,EXPECTED
2024-04-21 00:00:00,,,,,0,240,240,SESSION_CLOSED_EXPECTED,EXPECTED
2024-04-21 04:00:00,,,,,0,240,240,SESSION_CLOSED_EXPECTED,EXPECTED
2024-04-21 08:00:00,,,,,0,240,240,SESSION_CLOSED_EXPECTED,EXPECTED
2024-04-21 12:00:00,,,,,0,240,240,SESSION_CLOSED_EXPECTED,EXPECTED
2024-04-21 16:00:00,,,,,0,240,240,SESSION_CLOSED_EXPECTED,EXPECTED
2024-04-21 20:00:00,1.23557,1.2378,1.23557,1.2375,175,240,65,EXPECTED_INCOMPLETE,EXPECTED
2024-04-22 00:00:00,1.2375,1.23918,1.23716,1.23813,240,240,0,COMPLETE,
2024-04-22 04:00:00,1.23813,1.23895,1.23504,1.23675,240,240,0,COMPLETE,
2024-04-22 08:00:00,1.23676,1.2372,1.23084,1.23146,240,240,0,COMPLETE,
2024-04-22 12:00:00,1.23146,1.23398,1.22988,1.23382,240,240,0,COMPLETE,
2024-04-22 16:00:00,1.23382,1.23611,1.23382,1.23519,240,240,0,COMPLETE,
2024-04-22 20:00:00,1.23522,1.23538,1.23457,1.23493,240,240,0,COMPLETE,
2024-04-23 00:00:00,1.23493,1.23581,1.2347,1.2352,240,240,0,COMPLETE,
2024-04-23 04:00:00,1.2352,1.2372,1.23314,1.23641,240,240,0,COMPLETE,
2024-04-23 08:00:00,1.2364,1.24007,1.23453,1.24001,240,240,0,COMPLETE,
2024-04-23 12:00:00,1.24,1.24579,1.23806,1.24311,240,240,0,COMPLETE,
2024-04-23 16:00:00,1.24314,1.24581,1.24281,1.24489,240,240,0,COMPLETE,
2024-04-23 20:00:00,1.24494,1.2454,1.24366,1.24533,239,240,1,UNEXPECTED_INCOMPLETE,UNEXPECTED
2024-04-24 00:00:00,1.24535,1.24643,1.24484,1.24558,240,240,0,COMPLETE,
2024-04-24 04:00:00,1.24558,1.24576,1.24269,1.24293,240,240,0,COMPLETE,
2024-04-24 08:00:00,1.24296,1.24433,1.24222,1.24348,240,240,0,COMPLETE,
2024-04-24 12:00:00,1.24348,1.24548,1.24259,1.24313,240,240,0,COMPLETE,
2024-04-24 16:00:00,1.2431,1.24693,1.24299,1.24629,240,240,0,COMPLETE,
2024-04-24 20:00:00,1.24631,1.24634,1.2452,1.24588,240,240,0,COMPLETE,
2024-04-25 00:00:00,1.24588,1.24679,1.24539,1.24631,240,240,0,COMPLETE,
2024-04-25 04:00:00,1.24631,1.25095,1.2462,1.25053,240,240,0,COMPLETE,
2024-04-25 08:00:00,1.25055,1.25226,1.25036,1.25118,240,240,0,COMPLETE,
2024-04-25 12:00:00,1.25118,1.25266,1.24563,1.24917,240,240,0,COMPLETE,
2024-04-25 16:00:00,1.24917,1.25222,1.24868,1.2513,240,240,0,COMPLETE,
2024-04-25 20:00:00,1.25128,1.25153,1.25034,1.25066,240,240,0,COMPLETE,
2024-04-26 00:00:00,1.25066,1.25082,1.24936,1.24992,240,240,0,COMPLETE,
2024-04-26 04:00:00,1.24992,1.25151,1.24962,1.25049,240,240,0,COMPLETE,
2024-04-26 08:00:00,1.25047,1.25403,1.25026,1.25105,240,240,0,COMPLETE,
2024-04-26 12:00:00,1.25106,1.25403,1.24488,1.24709,240,240,0,COMPLETE,
2024-04-26 16:00:00,1.24709,1.25035,1.24696,1.24972,240,240,0,COMPLETE,
2024-04-26 20:00:00,1.24971,1.24999,1.24915,1.24934,59,240,181,EXPECTED_INCOMPLETE,EXPECTED
2024-04-27 00:00:00,,,,,0,240,240,SESSION_CLOSED_EXPECTED,EXPECTED
2024-04-27 04:00:00,,,,,0,240,240,SESSION_CLOSED_EXPECTED,EXPECTED
2024-04-27 08:00:00,,,,,0,240,240,SESSION_CLOSED_EXPECTED,EXPECTED
2024-04-27 12:00:00,,,,,0,240,240,SESSION_CLOSED_EXPECTED,EXPECTED
2024-04-27 16:00:00,,,,,0,240,240,SESSION_CLOSED_EXPECTED,EXPECTED
2024-04-27 20:00:00,,,,,0,240,240,SESSION_CLOSED_EXPECTED,EXPECTED
2024-04-28 00:00:00,,,,,0,240,240,SESSION_CLOSED_EXPECTED,EXPECTED
2024-04-28 04:00:00,,,,,0,240,240,SESSION_CLOSED_EXPECTED,EXPECTED
2024-04-28 08:00:00,,,,,0,240,240,SESSION_CLOSED_EXPECTED,EXPECTED
2024-04-28 12:00:00,,,,,0,240,240,SESSION_CLOSED_EXPECTED,EXPECTED
2024-04-28 16:00:00,,,,,0,240,240,SESSION_CLOSED_EXPECTED,EXPECTED
2024-04-28 20:00:00,1.24741,1.25097,1.24662,1.25088,175,240,65,EXPECTED_INCOMPLETE,EXPECTED
2024-04-29 00:00:00,1.25089,1.25278,1.25065,1.25219,240,240,0,COMPLETE,
2024-04-29 04:00:00,1.25219,1.25478,1.25139,1.25296,240,240,0,COMPLETE,
2024-04-29 08:00:00,1.25294,1.25402,1.25071,1.25316,240,240,0,COMPLETE,
2024-04-29 12:00:00,1.25317,1.25547,1.25141,1.25501,240,240,0,COMPLETE,
2024-04-29 16:00:00,1.25503,1.25689,1.25498,1.25606,240,240,0,COMPLETE,
2024-04-29 20:00:00,1.25606,1.25639,1.25564,1.2559,240,240,0,COMPLETE,
2024-04-30 00:00:00,1.25589,1.25608,1.25417,1.2545,240,240,0,COMPLETE,
2024-04-30 04:00:00,1.2545,1.25461,1.25238,1.25411,240,240,0,COMPLETE,
2024-04-30 08:00:00,1.25413,1.25541,1.25263,1.25398,240,240,0,COMPLETE,
2024-04-30 12:00:00,1.25398,1.25456,1.25021,1.25109,240,240,0,COMPLETE,
2024-04-30 16:00:00,1.2511,1.25148,1.24927,1.24952,240,240,0,COMPLETE,
2024-04-30 20:00:00,1.2495,1.24975,1.24843,1.24886,240,240,0,COMPLETE,
2024-05-01 00:00:00,1.24886,1.24911,1.24716,1.24732,240,240,0,COMPLETE,
2024-05-01 04:00:00,1.24732,1.24859,1.24659,1.24842,240,240,0,COMPLETE,
2024-05-01 08:00:00,1.24841,1.24978,1.24757,1.24843,240,240,0,COMPLETE,
2024-05-01 12:00:00,1.24843,1.24998,1.24766,1.24868,240,240,0,COMPLETE,
2024-05-01 16:00:00,1.24869,1.25496,1.24776,1.24928,240,240,0,COMPLETE,
2024-05-01 20:00:00,1.24927,1.25399,1.2489,1.25357,240,240,0,COMPLETE,
2024-05-02 00:00:00,1.25357,1.25389,1.25201,1.25301,240,240,0,COMPLETE,
2024-05-02 04:00:00,1.25301,1.25441,1.25182,1.2528,240,240,0,COMPLETE,
2024-05-02 08:00:00,1.25281,1.25325,1.25044,1.25145,240,240,0,COMPLETE,
2024-05-02 12:00:00,1.25147,1.25323,1.24714,1.25058,240,240,0,COMPLETE,
2024-05-02 16:00:00,1.25058,1.25383,1.25013,1.25358,240,240,0,COMPLETE,
2024-05-02 20:00:00,1.25357,1.25413,1.2525,1.25388,240,240,0,COMPLETE,
2024-05-03 00:00:00,1.25387,1.25564,1.25306,1.25522,240,240,0,COMPLETE,
2024-05-03 04:00:00,1.25519,1.25544,1.25388,1.25474,240,240,0,COMPLETE,
2024-05-03 08:00:00,1.25471,1.25667,1.25455,1.25543,240,240,0,COMPLETE,
2024-05-03 12:00:00,1.25541,1.26336,1.25289,1.2547,240,240,0,COMPLETE,
2024-05-03 16:00:00,1.25471,1.25541,1.25385,1.25488,240,240,0,COMPLETE,
2024-05-03 20:00:00,1.25488,1.25504,1.25458,1.25462,59,240,181,EXPECTED_INCOMPLETE,EXPECTED
2024-05-04 00:00:00,,,,,0,240,240,SESSION_CLOSED_EXPECTED,EXPECTED
2024-05-04 04:00:00,,,,,0,240,240,SESSION_CLOSED_EXPECTED,EXPECTED
2024-05-04 08:00:00,,,,,0,240,240,SESSION_CLOSED_EXPECTED,EXPECTED
2024-05-04 12:00:00,,,,,0,240,240,SESSION_CLOSED_EXPECTED,EXPECTED
2024-05-04 16:00:00,,,,,0,240,240,SESSION_CLOSED_EXPECTED,EXPECTED
2024-05-04 20:00:00,,,,,0,240,240,SESSION_CLOSED_EXPECTED,EXPECTED
2024-05-05 00:00:00,,,,,0,240,240,SESSION_CLOSED_EXPECTED,EXPECTED
2024-05-05 04:00:00,,,,,0,240,240,SESSION_CLOSED_EXPECTED,EXPECTED
2024-05-05 08:00:00,,,,,0,240,240,SESSION_CLOSED_EXPECTED,EXPECTED
2024-05-05 12:00:00,,,,,0,240,240,SESSION_CLOSED_EXPECTED,EXPECTED
2024-05-05 16:00:00,,,,,0,240,240,SESSION_CLOSED_EXPECTED,EXPECTED
2024-05-05 20:00:00,1.25392,1.25528,1.25307,1.25404,175,240,65,EXPECTED_INCOMPLETE,EXPECTED
2024-05-06 00:00:00,1.25404,1.25564,1.25378,1.25466,240,240,0,COMPLETE,
2024-05-06 04:00:00,1.25466,1.25731,1.25415,1.25675,240,240,0,COMPLETE,
2024-05-06 08:00:00,1.25673,1.25838,1.25633,1.25759,240,240,0,COMPLETE,
2024-05-06 12:00:00,1.25759,1.25939,1.25677,1.25726,240,240,0,COMPLETE,
2024-05-06 16:00:00,1.25724,1.25734,1.25574,1.25599,240,240,0,COMPLETE,
2024-05-06 20:00:00,1.256,1.25633,1.25566,1.25587,239,240,1,UNEXPECTED_INCOMPLETE,UNEXPECTED
2024-05-07 00:00:00,1.25587,1.25702,1.25508,1.25568,240,240,0,COMPLETE,
2024-05-07 04:00:00,1.25569,1.25571,1.25335,1.25372,240,240,0,COMPLETE,
2024-05-07 08:00:00,1.2537,1.25471,1.25289,1.25439,240,240,0,COMPLETE,
2024-05-07 12:00:00,1.25442,1.25643,1.25312,1.25319,240,240,0,COMPLETE,
2024-05-07 16:00:00,1.25321,1.25375,1.25002,1.25087,240,240,0,COMPLETE,
2024-05-07 20:00:00,1.25086,1.25102,1.24968,1.25014,240,240,0,COMPLETE,
2024-05-08 00:00:00,1.25011,1.25028,1.24838,1.24864,240,240,0,COMPLETE,
2024-05-08 04:00:00,1.24864,1.24927,1.24708,1.24721,240,240,0,COMPLETE,
2024-05-08 08:00:00,1.2472,1.25003,1.24671,1.24839,240,240,0,COMPLETE,
2024-05-08 12:00:00,1.2484,1.25044,1.24725,1.25016,240,240,0,COMPLETE,
2024-05-08 16:00:00,1.25016,1.25022,1.24901,1.24962,240,240,0,COMPLETE,
2024-05-08 20:00:00,1.24962,1.2499,1.24893,1.24926,240,240,0,COMPLETE,
2024-05-09 00:00:00,1.24926,1.25011,1.24869,1.24961,240,240,0,COMPLETE,
2024-05-09 04:00:00,1.2496,1.24982,1.24705,1.24767,240,240,0,COMPLETE,
2024-05-09 08:00:00,1.24766,1.24967,1.24454,1.24691,240,240,0,COMPLETE,
2024-05-09 12:00:00,1.24694,1.25219,1.2468,1.25028,240,240,0,COMPLETE,
2024-05-09 16:00:00,1.25029,1.25264,1.25029,1.25221,240,240,0,COMPLETE,
2024-05-09 20:00:00,1.25217,1.25285,1.25195,1.2524,240,240,0,COMPLETE,
2024-05-10 00:00:00,1.25241,1.25257,1.25118,1.25166,240,240,0,COMPLETE,
2024-05-10 04:00:00,1.25167,1.25409,1.25139,1.253,240,240,0,COMPLETE,
2024-05-10 08:00:00,1.253,1.25356,1.25224,1.25277,240,240,0,COMPLETE,
2024-05-10 12:00:00,1.25277,1.25368,1.25021,1.2525,240,240,0,COMPLETE,
2024-05-10 16:00:00,1.25255,1.25366,1.25217,1.25265,240,240,0,COMPLETE,
2024-05-10 20:00:00,1.25265,1.25302,1.25224,1.25239,59,240,181,EXPECTED_INCOMPLETE,EXPECTED
2024-05-11 00:00:00,,,,,0,240,240,SESSION_CLOSED_EXPECTED,EXPECTED
2024-05-11 04:00:00,,,,,0,240,240,SESSION_CLOSED_EXPECTED,EXPECTED
2024-05-11 08:00:00,,,,,0,240,240,SESSION_CLOSED_EXPECTED,EXPECTED
2024-05-11 12:00:00,,,,,0,240,240,SESSION_CLOSED_EXPECTED,EXPECTED
2024-05-11 16:00:00,,,,,0,240,240,SESSION_CLOSED_EXPECTED,EXPECTED
2024-05-11 20:00:00,,,,,0,240,240,SESSION_CLOSED_EXPECTED,EXPECTED
2024-05-12 00:00:00,,,,,0,240,240,SESSION_CLOSED_EXPECTED,EXPECTED
2024-05-12 04:00:00,,,,,0,240,240,SESSION_CLOSED_EXPECTED,EXPECTED
2024-05-12 08:00:00,,,,,0,240,240,SESSION_CLOSED_EXPECTED,EXPECTED
2024-05-12 12:00:00,,,,,0,240,240,SESSION_CLOSED_EXPECTED,EXPECTED
2024-05-12 16:00:00,,,,,0,240,240,SESSION_CLOSED_EXPECTED,EXPECTED
2024-05-12 20:00:00,1.25069,1.2527,1.25012,1.25213,175,240,65,EXPECTED_INCOMPLETE,EXPECTED
2024-05-13 00:00:00,1.2521,1.25271,1.25172,1.25264,240,240,0,COMPLETE,
2024-05-13 04:00:00,1.25264,1.2535,1.25172,1.2523,240,240,0,COMPLETE,
2024-05-13 08:00:00,1.25229,1.25533,1.25187,1.25455,240,240,0,COMPLETE,
2024-05-13 12:00:00,1.25455,1.25681,1.25445,1.25598,240,240,0,COMPLETE,
2024-05-13 16:00:00,1.256,1.25664,1.25525,1.25548,240,240,0,COMPLETE,
2024-05-13 20:00:00,1.2555,1.25615,1.2553,1.25592,240,240,0,COMPLETE,
2024-05-14 00:00:00,1.25592,1.25603,1.25523,1.25584,240,240,0,COMPLETE,
2024-05-14 04:00:00,1.25585,1.25629,1.25456,1.25515,240,240,0,COMPLETE,
2024-05-14 08:00:00,1.25514,1.25586,1.25089,1.25513,240,240,0,COMPLETE,
2024-05-14 12:00:00,1.25512,1.25923,1.25197,1.25874,240,240,0,COMPLETE,
2024-05-14 16:00:00,1.25875,1.25919,1.25803,1.25895,240,240,0,COMPLETE,
2024-05-14 20:00:00,1.25895,1.25918,1.2583,1.25838,240,240,0,COMPLETE,
2024-05-15 00:00:00,1.25837,1.25989,1.25829,1.25975,240,240,0,COMPLETE,
2024-05-15 04:00:00,1.25975,1.26,1.25864,1.25939,240,240,0,COMPLETE,
2024-05-15 08:00:00,1.25936,1.26243,1.25936,1.26126,240,240,0,COMPLETE,
2024-05-15 12:00:00,1.26126,1.26724,1.26114,1.26553,240,240,0,COMPLETE,
2024-05-15 16:00:00,1.26555,1.26832,1.26489,1.26817,240,240,0,COMPLETE,
2024-05-15 20:00:00,1.26816,1.26936,1.26764,1.26878,240,240,0,COMPLETE,
2024-05-16 00:00:00,1.26883,1.27,1.26826,1.26911,240,240,0,COMPLETE,
2024-05-16 04:00:00,1.26911,1.26915,1.26737,1.26796,240,240,0,COMPLETE,
2024-05-16 08:00:00,1.26795,1.26827,1.26539,1.26559,240,240,0,COMPLETE,
2024-05-16 12:00:00,1.26562,1.26794,1.2643,1.26789,240,240,0,COMPLETE,
2024-05-16 16:00:00,1.26789,1.26791,1.26668,1.26687,240,240,0,COMPLETE,
2024-05-16 20:00:00,1.26686,1.26719,1.26658,1.26709,238,240,2,UNEXPECTED_INCOMPLETE,UNEXPECTED
2024-05-17 00:00:00,1.26709,1.26722,1.26515,1.26576,240,240,0,COMPLETE,
2024-05-17 04:00:00,1.26576,1.26692,1.26537,1.26561,240,240,0,COMPLETE,
2024-05-17 08:00:00,1.26561,1.26582,1.26444,1.26531,240,240,0,COMPLETE,
2024-05-17 12:00:00,1.26531,1.27075,1.26506,1.27008,240,240,0,COMPLETE,
2024-05-17 16:00:00,1.27008,1.27113,1.26984,1.27061,240,240,0,COMPLETE,
2024-05-17 20:00:00,1.27062,1.27062,1.26995,1.27005,59,240,181,EXPECTED_INCOMPLETE,EXPECTED
2024-05-18 00:00:00,,,,,0,240,240,SESSION_CLOSED_EXPECTED,EXPECTED
2024-05-18 04:00:00,,,,,0,240,240,SESSION_CLOSED_EXPECTED,EXPECTED
2024-05-18 08:00:00,,,,,0,240,240,SESSION_CLOSED_EXPECTED,EXPECTED
2024-05-18 12:00:00,,,,,0,240,240,SESSION_CLOSED_EXPECTED,EXPECTED
2024-05-18 16:00:00,,,,,0,240,240,SESSION_CLOSED_EXPECTED,EXPECTED
2024-05-18 20:00:00,,,,,0,240,240,SESSION_CLOSED_EXPECTED,EXPECTED
2024-05-19 00:00:00,,,,,0,240,240,SESSION_CLOSED_EXPECTED,EXPECTED
2024-05-19 04:00:00,,,,,0,240,240,SESSION_CLOSED_EXPECTED,EXPECTED
2024-05-19 08:00:00,,,,,0,240,240,SESSION_CLOSED_EXPECTED,EXPECTED
2024-05-19 12:00:00,,,,,0,240,240,SESSION_CLOSED_EXPECTED,EXPECTED
2024-05-19 16:00:00,,,,,0,240,240,SESSION_CLOSED_EXPECTED,EXPECTED
2024-05-19 20:00:00,1.26843,1.27074,1.26775,1.27051,175,240,65,EXPECTED_INCOMPLETE,EXPECTED
2024-05-20 00:00:00,1.27051,1.27081,1.26963,1.27039,240,240,0,COMPLETE,
2024-05-20 04:00:00,1.27039,1.27107,1.26887,1.26939,240,240,0,COMPLETE,
2024-05-20 08:00:00,1.26938,1.27065,1.26921,1.26949,240,240,0,COMPLETE,
2024-05-20 12:00:00,1.26949,1.27115,1.26917,1.2704,240,240,0,COMPLETE,
2024-05-20 16:00:00,1.27042,1.2725,1.27039,1.27071,240,240,0,COMPLETE,
2024-05-20 20:00:00,1.27071,1.27104,1.2699,1.2709,240,240,0,COMPLETE,
2024-05-21 00:00:00,1.27091,1.2711,1.26967,1.27058,240,240,0,COMPLETE,
2024-05-21 04:00:00,1.27058,1.27202,1.27048,1.27121,240,240,0,COMPLETE,
2024-05-21 08:00:00,1.27121,1.27231,1.27029,1.27197,240,240,0,COMPLETE,
2024-05-21 12:00:00,1.27198,1.27265,1.26858,1.27079,240,240,0,COMPLETE,
2024-05-21 16:00:00,1.27079,1.27152,1.27012,1.27126,240,240,0,COMPLETE,
2024-05-21 20:00:00,1.27126,1.27134,1.27023,1.27092,240,240,0,COMPLETE,
2024-05-22 00:00:00,1.27093,1.27223,1.2709,1.27123,240,240,0,COMPLETE,
2024-05-22 04:00:00,1.27122,1.2761,1.27075,1.27466,240,240,0,COMPLETE,
2024-05-22 08:00:00,1.27468,1.27478,1.26997,1.27089,240,240,0,COMPLETE,
2024-05-22 12:00:00,1.2709,1.27472,1.27081,1.27341,240,240,0,COMPLETE,
2024-05-22 16:00:00,1.27341,1.27498,1.27099,1.27161,240,240,0,COMPLETE,
2024-05-22 20:00:00,1.27164,1.27208,1.27131,1.27195,240,240,0,COMPLETE,
2024-05-23 00:00:00,1.27195,1.27284,1.27164,1.27282,240,240,0,COMPLETE,
2024-05-23 04:00:00,1.27282,1.2733,1.27157,1.27239,240,240,0,COMPLETE,
2024-05-23 08:00:00,1.27237,1.27413,1.27047,1.27396,240,240,0,COMPLETE,
2024-05-23 12:00:00,1.27399,1.27461,1.27046,1.27161,240,240,0,COMPLETE,
2024-05-23 16:00:00,1.2716,1.27221,1.26849,1.26932,240,240,0,COMPLETE,
2024-05-23 20:00:00,1.26932,1.26985,1.26904,1.26928,240,240,0,COMPLETE,
2024-05-24 00:00:00,1.26926,1.26975,1.26867,1.26881,240,240,0,COMPLETE,
2024-05-24 04:00:00,1.26881,1.27046,1.26754,1.2698,240,240,0,COMPLETE,
2024-05-24 08:00:00,1.2698,1.27248,1.26943,1.27171,240,240,0,COMPLETE,
2024-05-24 12:00:00,1.27171,1.27503,1.27099,1.27435,240,240,0,COMPLETE,
2024-05-24 16:00:00,1.27434,1.275,1.27317,1.27395,240,240,0,COMPLETE,
2024-05-24 20:00:00,1.27391,1.27399,1.27348,1.27371,59,240,181,EXPECTED_INCOMPLETE,EXPECTED
2024-05-25 00:00:00,,,,,0,240,240,SESSION_CLOSED_EXPECTED,EXPECTED
2024-05-25 04:00:00,,,,,0,240,240,SESSION_CLOSED_EXPECTED,EXPECTED
2024-05-25 08:00:00,,,,,0,240,240,SESSION_CLOSED_EXPECTED,EXPECTED
2024-05-25 12:00:00,,,,,0,240,240,SESSION_CLOSED_EXPECTED,EXPECTED
2024-05-25 16:00:00,,,,,0,240,240,SESSION_CLOSED_EXPECTED,EXPECTED
2024-05-25 20:00:00,,,,,0,240,240,SESSION_CLOSED_EXPECTED,EXPECTED
2024-05-26 00:00:00,,,,,0,240,240,SESSION_CLOSED_EXPECTED,EXPECTED
2024-05-26 04:00:00,,,,,0,240,240,SESSION_CLOSED_EXPECTED,EXPECTED
2024-05-26 08:00:00,,,,,0,240,240,SESSION_CLOSED_EXPECTED,EXPECTED
2024-05-26 12:00:00,,,,,0,240,240,SESSION_CLOSED_EXPECTED,EXPECTED
2024-05-26 16:00:00,,,,,0,240,240,SESSION_CLOSED_EXPECTED,EXPECTED
2024-05-26 20:00:00,1.27311,1.27418,1.27244,1.27336,175,240,65,EXPECTED_INCOMPLETE,EXPECTED
2024-05-27 00:00:00,1.27336,1.27431,1.27331,1.27417,240,240,0,COMPLETE,
2024-05-27 04:00:00,1.27417,1.27464,1.27352,1.27404,240,240,0,COMPLETE,
2024-05-27 08:00:00,1.27407,1.2757,1.27334,1.27515,240,240,0,COMPLETE,
2024-05-27 12:00:00,1.27515,1.27771,1.27428,1.27716,240,240,0,COMPLETE,
2024-05-27 16:00:00,1.27716,1.27736,1.2767,1.27704,240,240,0,COMPLETE,
2024-05-27 20:00:00,1.27705,1.27719,1.2764,1.27714,240,240,0,COMPLETE,
2024-05-28 00:00:00,1.27714,1.2783,1.27697,1.27803,240,240,0,COMPLETE,
2024-05-28 04:00:00,1.27804,1.27818,1.27682,1.27727,240,240,0,COMPLETE,
2024-05-28 08:00:00,1.27725,1.27882,1.27619,1.2785,240,240,0,COMPLETE,
2024-05-28 12:00:00,1.27852,1.28005,1.27718,1.27837,240,240,0,COMPLETE,
2024-05-28 16:00:00,1.27836,1.27845,1.27536,1.27631,240,240,0,COMPLETE,
2024-05-28 20:00:00,1.2763,1.27636,1.27561,1.27576,240,240,0,COMPLETE,
2024-05-29 00:00:00,1.27576,1.27591,1.27466,1.27502,240,240,0,COMPLETE,
2024-05-29 04:00:00,1.27501,1.27712,1.27459,1.27632,240,240,0,COMPLETE,
2024-05-29 08:00:00,1.27627,1.27653,1.27351,1.2748,240,240,0,COMPLETE,
2024-05-29 12:00:00,1.2748,1.27552,1.27046,1.27117,240,240,0,COMPLETE,
2024-05-29 16:00:00,1.27115,1.2718,1.26987,1.27018,240,240,0,COMPLETE,
2024-05-29 20:00:00,1.2702,1.27035,1.26954,1.26973,240,240,0,COMPLETE,
2024-05-30 00:00:00,1.26972,1.27024,1.26899,1.26946,240,240,0,COMPLETE,
2024-05-30 04:00:00,1.26948,1.27086,1.26804,1.27079,240,240,0,COMPLETE,
2024-05-30 08:00:00,1.27074,1.27221,1.26954,1.27094,240,240,0,COMPLETE,
2024-05-30 12:00:00,1.27095,1.27466,1.27048,1.27365,240,240,0,COMPLETE,
2024-05-30 16:00:00,1.27366,1.27435,1.27258,1.27305,240,240,0,COMPLETE,
2024-05-30 20:00:00,1.27305,1.2733,1.27267,1.27283,237,240,3,UNEXPECTED_INCOMPLETE,UNEXPECTED
2024-05-31 00:00:00,1.27283,1.27336,1.27148,1.27223,240,240,0,COMPLETE,
2024-05-31 04:00:00,1.27223,1.27233,1.26996,1.27059,240,240,0,COMPLETE,
2024-05-31 08:00:00,1.27061,1.2727,1.2705,1.27139,240,240,0,COMPLETE,
2024-05-31 12:00:00,1.27139,1.27654,1.27064,1.2734,240,240,0,COMPLETE,
2024-05-31 16:00:00,1.27339,1.27464,1.27205,1.27439,240,240,0,COMPLETE,
2024-05-31 20:00:00,1.27442,1.27451,1.27404,1.27415,59,240,181,EXPECTED_INCOMPLETE,EXPECTED
2024-06-01 00:00:00,,,,,0,240,240,SESSION_CLOSED_EXPECTED,EXPECTED
2024-06-01 04:00:00,,,,,0,240,240,SESSION_CLOSED_EXPECTED,EXPECTED
2024-06-01 08:00:00,,,,,0,240,240,SESSION_CLOSED_EXPECTED,EXPECTED
2024-06-01 12:00:00,,,,,0,240,240,SESSION_CLOSED_EXPECTED,EXPECTED
2024-06-01 16:00:00,,,,,0,240,240,SESSION_CLOSED_EXPECTED,EXPECTED
2024-06-01 20:00:00,,,,,0,240,240,SESSION_CLOSED_EXPECTED,EXPECTED
2024-06-02 00:00:00,,,,,0,240,240,SESSION_CLOSED_EXPECTED,EXPECTED
2024-06-02 04:00:00,,,,,0,240,240,SESSION_CLOSED_EXPECTED,EXPECTED
2024-06-02 08:00:00,,,,,0,240,240,SESSION_CLOSED_EXPECTED,EXPECTED
2024-06-02 12:00:00,,,,,0,240,240,SESSION_CLOSED_EXPECTED,EXPECTED
2024-06-02 16:00:00,,,,,0,240,240,SESSION_CLOSED_EXPECTED,EXPECTED
2024-06-02 20:00:00,1.27295,1.27448,1.2721,1.27433,175,240,65,EXPECTED_INCOMPLETE,EXPECTED
2024-06-03 00:00:00,1.27434,1.27553,1.27374,1.27389,240,240,0,COMPLETE,
2024-06-03 04:00:00,1.2739,1.27449,1.27131,1.27141,240,240,0,COMPLETE,
2024-06-03 08:00:00,1.2714,1.27324,1.26936,1.2728,240,240,0,COMPLETE,
2024-06-03 12:00:00,1.27283,1.27937,1.27257,1.27921,240,240,0,COMPLETE,
2024-06-03 16:00:00,1.27921,1.28001,1.27749,1.27995,240,240,0,COMPLETE,
2024-06-03 20:00:00,1.27994,1.28117,1.27994,1.2809,240,240,0,COMPLETE,
2024-06-04 00:00:00,1.2809,1.28174,1.28032,1.28088,240,240,0,COMPLETE,
2024-06-04 04:00:00,1.28086,1.28122,1.27857,1.27904,240,240,0,COMPLETE,
2024-06-04 08:00:00,1.27907,1.27921,1.27421,1.27605,240,240,0,COMPLETE,
2024-06-04 12:00:00,1.27607,1.2789,1.27573,1.2782,240,240,0,COMPLETE,
2024-06-04 16:00:00,1.27822,1.27966,1.27708,1.27712,240,240,0,COMPLETE,
2024-06-04 20:00:00,1.27714,1.2773,1.27577,1.27721,240,240,0,COMPLETE,
2024-06-05 00:00:00,1.27722,1.27802,1.27678,1.27711,240,240,0,COMPLETE,
2024-06-05 04:00:00,1.27707,1.27824,1.2764,1.27719,240,240,0,COMPLETE,
2024-06-05 08:00:00,1.27718,1.27788,1.2766,1.27778,240,240,0,COMPLETE,
2024-06-05 12:00:00,1.2778,1.27947,1.27548,1.27692,240,240,0,COMPLETE,
2024-06-05 16:00:00,1.27686,1.27943,1.27623,1.27909,240,240,0,COMPLETE,
2024-06-05 20:00:00,1.27909,1.27935,1.27796,1.27929,240,240,0,COMPLETE,
2024-06-06 00:00:00,1.2793,1.28085,1.27925,1.27983,240,240,0,COMPLETE,
2024-06-06 04:00:00,1.27983,1.27997,1.27857,1.27915,240,240,0,COMPLETE,
2024-06-06 08:00:00,1.27917,1.27919,1.27669,1.27702,240,240,0,COMPLETE,
2024-06-06 12:00:00,1.27702,1.27911,1.27621,1.27827,240,240,0,COMPLETE,
2024-06-06 16:00:00,1.27828,1.27952,1.27757,1.27888,240,240,0,COMPLETE,
2024-06-06 20:00:00,1.27889,1.27942,1.27849,1.2792,240,240,0,COMPLETE,
2024-06-07 00:00:00,1.2792,1.2792,1.27832,1.27883,240,240,0,COMPLETE,
2024-06-07 04:00:00,1.27883,1.28015,1.27812,1.27996,240,240,0,COMPLETE,
2024-06-07 08:00:00,1.27999,1.28082,1.2782,1.28067,231,240,9,UNEXPECTED_INCOMPLETE,UNEXPECTED
2024-06-07 12:00:00,1.28067,1.28167,1.27152,1.27238,240,240,0,COMPLETE,
2024-06-07 16:00:00,1.2724,1.27294,1.27173,1.27203,240,240,0,COMPLETE,
2024-06-07 20:00:00,1.27201,1.27229,1.27181,1.27182,59,240,181,EXPECTED_INCOMPLETE,EXPECTED
2024-06-08 00:00:00,,,,,0,240,240,SESSION_CLOSED_EXPECTED,EXPECTED
2024-06-08 04:00:00,,,,,0,240,240,SESSION_CLOSED_EXPECTED,EXPECTED
2024-06-08 08:00:00,,,,,0,240,240,SESSION_CLOSED_EXPECTED,EXPECTED
2024-06-08 12:00:00,,,,,0,240,240,SESSION_CLOSED_EXPECTED,EXPECTED
2024-06-08 16:00:00,,,,,0,240,240,SESSION_CLOSED_EXPECTED,EXPECTED
2024-06-08 20:00:00,,,,,0,240,240,SESSION_CLOSED_EXPECTED,EXPECTED
2024-06-09 00:00:00,,,,,0,240,240,SESSION_CLOSED_EXPECTED,EXPECTED
2024-06-09 04:00:00,,,,,0,240,240,SESSION_CLOSED_EXPECTED,EXPECTED
2024-06-09 08:00:00,,,,,0,240,240,SESSION_CLOSED_EXPECTED,EXPECTED
2024-06-09 12:00:00,,,,,0,240,240,SESSION_CLOSED_EXPECTED,EXPECTED
2024-06-09 16:00:00,,,,,0,240,240,SESSION_CLOSED_EXPECTED,EXPECTED
2024-06-09 20:00:00,1.27114,1.2729,1.27042,1.27276,175,240,65,EXPECTED_INCOMPLETE,EXPECTED
2024-06-10 00:00:00,1.27275,1.27305,1.27134,1.27138,240,240,0,COMPLETE,
2024-06-10 04:00:00,1.27139,1.27236,1.27065,1.27223,240,240,0,COMPLETE,
2024-06-10 08:00:00,1.27225,1.27245,1.26873,1.27135,240,240,0,COMPLETE,
2024-06-10 12:00:00,1.27139,1.27303,1.27033,1.27301,240,240,0,COMPLETE,
2024-06-10 16:00:00,1.27301,1.27366,1.27238,1.27302,240,240,0,COMPLETE,
2024-06-10 20:00:00,1.27304,1.27333,1.27213,1.27253,240,240,0,COMPLETE,
2024-06-11 00:00:00,1.27252,1.2736,1.27239,1.27354,240,240,0,COMPLETE,
2024-06-11 04:00:00,1.27353,1.274,1.27133,1.27224,240,240,0,COMPLETE,
2024-06-11 08:00:00,1.27226,1.27489,1.27199,1.27377,240,240,0,COMPLETE,
2024-06-11 12:00:00,1.27378,1.27472,1.27052,1.2721,240,240,0,COMPLETE,
2024-06-11 16:00:00,1.27211,1.27509,1.27172,1.2741,240,240,0,COMPLETE,
2024-06-11 20:00:00,1.27411,1.27424,1.27348,1.27389,240,240,0,COMPLETE,
2024-06-12 00:00:00,1.27389,1.27445,1.27322,1.27427,240,240,0,COMPLETE,
2024-06-12 04:00:00,1.27427,1.27522,1.27364,1.27498,240,240,0,COMPLETE,
2024-06-12 08:00:00,1.275,1.27669,1.27482,1.27595,240,240,0,COMPLETE,
2024-06-12 12:00:00,1.27594,1.28598,1.27559,1.28399,240,240,0,COMPLETE,
2024-06-12 16:00:00,1.28399,1.28497,1.27907,1.27967,240,240,0,COMPLETE,
2024-06-12 20:00:00,1.2797,1.28009,1.27889,1.27959,240,240,0,COMPLETE,
2024-06-13 00:00:00,1.27959,1.2799,1.27833,1.27846,240,240,0,COMPLETE,
2024-06-13 04:00:00,1.27845,1.27907,1.27722,1.27879,240,240,0,COMPLETE,
2024-06-13 08:00:00,1.2788,1.28,1.27633,1.27641,240,240,0,COMPLETE,
2024-06-13 12:00:00,1.27641,1.2807,1.27515,1.27622,240,240,0,COMPLETE,
2024-06-13 16:00:00,1.27623,1.27666,1.27378,1.27648,240,240,0,COMPLETE,
2024-06-13 20:00:00,1.27647,1.27658,1.27531,1.27533,240,240,0,COMPLETE,
2024-06-14 00:00:00,1.27534,1.2763,1.27493,1.27522,240,240,0,COMPLETE,
2024-06-14 04:00:00,1.27522,1.27539,1.27215,1.27297,240,240,0,COMPLETE,
2024-06-14 08:00:00,1.27298,1.27319,1.26928,1.27035,240,240,0,COMPLETE,
2024-06-14 12:00:00,1.2704,1.27053,1.26562,1.26822,240,240,0,COMPLETE,
2024-06-14 16:00:00,1.26825,1.26922,1.26758,1.26892,240,240,0,COMPLETE,
2024-06-14 20:00:00,1.26895,1.26901,1.26831,1.26861,59,240,181,EXPECTED_INCOMPLETE,EXPECTED
2024-06-15 00:00:00,,,,,0,240,240,SESSION_CLOSED_EXPECTED,EXPECTED
2024-06-15 04:00:00,,,,,0,240,240,SESSION_CLOSED_EXPECTED,EXPECTED
2024-06-15 08:00:00,,,,,0,240,240,SESSION_CLOSED_EXPECTED,EXPECTED
2024-06-15 12:00:00,,,,,0,240,240,SESSION_CLOSED_EXPECTED,EXPECTED
2024-06-15 16:00:00,,,,,0,240,240,SESSION_CLOSED_EXPECTED,EXPECTED
2024-06-15 20:00:00,,,,,0,240,240,SESSION_CLOSED_EXPECTED,EXPECTED
2024-06-16 00:00:00,,,,,0,240,240,SESSION_CLOSED_EXPECTED,EXPECTED
2024-06-16 04:00:00,,,,,0,240,240,SESSION_CLOSED_EXPECTED,EXPECTED
2024-06-16 08:00:00,,,,,0,240,240,SESSION_CLOSED_EXPECTED,EXPECTED
2024-06-16 12:00:00,,,,,0,240,240,SESSION_CLOSED_EXPECTED,EXPECTED
2024-06-16 16:00:00,,,,,0,240,240,SESSION_CLOSED_EXPECTED,EXPECTED
2024-06-16 20:00:00,1.2675,1.26871,1.26642,1.2683,175,240,65,EXPECTED_INCOMPLETE,EXPECTED
2024-06-17 00:00:00,1.26829,1.26882,1.26761,1.26818,240,240,0,COMPLETE,
2024-06-17 04:00:00,1.26819,1.26845,1.26608,1.26678,240,240,0,COMPLETE,
2024-06-17 08:00:00,1.26676,1.26779,1.26581,1.26624,240,240,0,COMPLETE,
2024-06-17 12:00:00,1.26624,1.26891,1.26613,1.26865,240,240,0,COMPLETE,
2024-06-17 16:00:00,1.26864,1.2709,1.26864,1.27026,240,240,0,COMPLETE,
2024-06-17 20:00:00,1.27026,1.27137,1.26939,1.27128,240,240,0,COMPLETE,
2024-06-18 00:00:00,1.27128,1.27145,1.2693,1.26968,240,240,0,COMPLETE,
2024-06-18 04:00:00,1.26968,1.27017,1.26758,1.26788,240,240,0,COMPLETE,
2024-06-18 08:00:00,1.26788,1.26894,1.26706,1.26738,240,240,0,COMPLETE,
2024-06-18 12:00:00,1.26741,1.27203,1.26682,1.26946,240,240,0,COMPLETE,
2024-06-18 16:00:00,1.26949,1.2709,1.26913,1.27075,240,240,0,COMPLETE,
2024-06-18 20:00:00,1.27073,1.2711,1.2701,1.27063,240,240,0,COMPLETE,
2024-06-19 00:00:00,1.27063,1.27129,1.27022,1.27077,240,240,0,COMPLETE,
2024-06-19 04:00:00,1.27075,1.27322,1.26996,1.27267,240,240,0,COMPLETE,
2024-06-19 08:00:00,1.2727,1.27395,1.27243,1.27325,240,240,0,COMPLETE,
2024-06-19 12:00:00,1.27327,1.27337,1.27151,1.27237,240,240,0,COMPLETE,
2024-06-19 16:00:00,1.27235,1.27253,1.27134,1.27178,240,240,0,COMPLETE,
2024-06-19 20:00:00,1.27179,1.27229,1.2715,1.27193,240,240,0,COMPLETE,
2024-06-20 00:00:00,1.27193,1.27201,1.27095,1.27146,240,240,0,COMPLETE,
2024-06-20 04:00:00,1.27148,1.27174,1.2702,1.27065,240,240,0,COMPLETE,
2024-06-20 08:00:00,1.27063,1.27082,1.26776,1.26806,240,240,0,COMPLETE,
2024-06-20 12:00:00,1.26807,1.26941,1.2666,1.26675,240,240,0,COMPLETE,
2024-06-20 16:00:00,1.26675,1.26817,1.26586,1.26629,240,240,0,COMPLETE,
2024-06-20 20:00:00,1.26628,1.26648,1.2651,1.26594,240,240,0,COMPLETE,
2024-06-21 00:00:00,1.26596,1.26649,1.26545,1.26604,240,240,0,COMPLETE,
2024-06-21 04:00:00,1.26604,1.26748,1.26364,1.26424,240,240,0,COMPLETE,
2024-06-21 08:00:00,1.26429,1.26611,1.26304,1.26426,240,240,0,COMPLETE,
2024-06-21 12:00:00,1.26424,1.26504,1.26218,1.26419,240,240,0,COMPLETE,
2024-06-21 16:00:00,1.26421,1.26502,1.2635,1.26475,240,240,0,COMPLETE,
2024-06-21 20:00:00,1.26475,1.26508,1.26387,1.26431,59,240,181,EXPECTED_INCOMPLETE,EXPECTED
2024-06-22 00:00:00,,,,,0,240,240,SESSION_CLOSED_EXPECTED,EXPECTED
2024-06-22 04:00:00,,,,,0,240,240,SESSION_CLOSED_EXPECTED,EXPECTED
2024-06-22 08:00:00,,,,,0,240,240,SESSION_CLOSED_EXPECTED,EXPECTED
2024-06-22 12:00:00,,,,,0,240,240,SESSION_CLOSED_EXPECTED,EXPECTED
2024-06-22 16:00:00,,,,,0,240,240,SESSION_CLOSED_EXPECTED,EXPECTED
2024-06-22 20:00:00,,,,,0,240,240,SESSION_CLOSED_EXPECTED,EXPECTED
2024-06-23 00:00:00,,,,,0,240,240,SESSION_CLOSED_EXPECTED,EXPECTED
2024-06-23 04:00:00,,,,,0,240,240,SESSION_CLOSED_EXPECTED,EXPECTED
2024-06-23 08:00:00,,,,,0,240,240,SESSION_CLOSED_EXPECTED,EXPECTED
2024-06-23 12:00:00,,,,,0,240,240,SESSION_CLOSED_EXPECTED,EXPECTED
2024-06-23 16:00:00,,,,,0,240,240,SESSION_CLOSED_EXPECTED,EXPECTED
2024-06-23 20:00:00,1.26355,1.26453,1.2625,1.26374,175,240,65,EXPECTED_INCOMPLETE,EXPECTED
2024-06-24 00:00:00,1.26375,1.26442,1.26323,1.26415,240,240,0,COMPLETE,
2024-06-24 04:00:00,1.26415,1.26558,1.26408,1.26538,240,240,0,COMPLETE,
2024-06-24 08:00:00,1.26539,1.26712,1.26534,1.26626,240,240,0,COMPLETE,
2024-06-24 12:00:00,1.26623,1.26974,1.26599,1.26814,240,240,0,COMPLETE,
2024-06-24 16:00:00,1.26812,1.26932,1.26728,1.26855,240,240,0,COMPLETE,
2024-06-24 20:00:00,1.26852,1.26887,1.26796,1.26812,239,240,1,UNEXPECTED_INCOMPLETE,UNEXPECTED
2024-06-25 00:00:00,1.26813,1.26959,1.26812,1.26956,240,240,0,COMPLETE,
2024-06-25 04:00:00,1.26957,1.26985,1.26824,1.26886,240,240,0,COMPLETE,
2024-06-25 08:00:00,1.26886,1.2702,1.26753,1.26819,240,240,0,COMPLETE,
2024-06-25 12:00:00,1.26819,1.2687,1.26698,1.26741,240,240,0,COMPLETE,
2024-06-25 16:00:00,1.26742,1.26954,1.26732,1.26892,240,240,0,COMPLETE,
2024-06-25 20:00:00,1.26887,1.26894,1.26805,1.26835,240,240,0,COMPLETE,
2024-06-26 00:00:00,1.26835,1.2693,1.26788,1.26866,240,240,0,COMPLETE,
2024-06-26 04:00:00,1.26866,1.26879,1.26669,1.26701,240,240,0,COMPLETE,
2024-06-26 08:00:00,1.26699,1.26734,1.2639,1.2659,240,240,0,COMPLETE,
2024-06-26 12:00:00,1.26591,1.26623,1.26176,1.26231,240,240,0,COMPLETE,
2024-06-26 16:00:00,1.2623,1.26374,1.2615,1.26244,240,240,0,COMPLETE,
2024-06-26 20:00:00,1.26242,1.26253,1.26185,1.26207,240,240,0,COMPLETE,
2024-06-27 00:00:00,1.26205,1.26321,1.26123,1.26295,240,240,0,COMPLETE,
2024-06-27 04:00:00,1.26294,1.2647,1.26287,1.26329,240,240,0,COMPLETE,
2024-06-27 08:00:00,1.26326,1.26535,1.2626,1.26408,240,240,0,COMPLETE,
2024-06-27 12:00:00,1.2641,1.267,1.26406,1.26506,240,240,0,COMPLETE,
2024-06-27 16:00:00,1.26503,1.26554,1.26372,1.2638,240,240,0,COMPLETE,
2024-06-27 20:00:00,1.26384,1.26452,1.26343,1.26435,240,240,0,COMPLETE,
2024-06-28 00:00:00,1.26435,1.26463,1.26222,1.26294,240,240,0,COMPLETE,
2024-06-28 04:00:00,1.26295,1.26495,1.26213,1.26426,240,240,0,COMPLETE,
2024-06-28 08:00:00,1.2643,1.26578,1.26305,1.26417,240,240,0,COMPLETE,
2024-06-28 12:00:00,1.26416,1.26658,1.26191,1.26362,240,240,0,COMPLETE,
2024-06-28 16:00:00,1.26361,1.26535,1.26303,1.26405,240,240,0,COMPLETE,
2024-06-28 20:00:00,1.26407,1.26456,1.26383,1.26443,59,240,181,EXPECTED_INCOMPLETE,EXPECTED
2024-06-29 00:00:00,,,,,0,240,240,SESSION_CLOSED_EXPECTED,EXPECTED
2024-06-29 04:00:00,,,,,0,240,240,SESSION_CLOSED_EXPECTED,EXPECTED
2024-06-29 08:00:00,,,,,0,240,240,SESSION_CLOSED_EXPECTED,EXPECTED
2024-06-29 12:00:00,,,,,0,240,240,SESSION_CLOSED_EXPECTED,EXPECTED
2024-06-29 16:00:00,,,,,0,240,240,SESSION_CLOSED_EXPECTED,EXPECTED
2024-06-29 20:00:00,,,,,0,240,240,SESSION_CLOSED_EXPECTED,EXPECTED
2024-06-30 00:00:00,,,,,0,240,240,SESSION_CLOSED_EXPECTED,EXPECTED
2024-06-30 04:00:00,,,,,0,240,240,SESSION_CLOSED_EXPECTED,EXPECTED
2024-06-30 08:00:00,,,,,0,240,240,SESSION_CLOSED_EXPECTED,EXPECTED
2024-06-30 12:00:00,,,,,0,240,240,SESSION_CLOSED_EXPECTED,EXPECTED
2024-06-30 16:00:00,,,,,0,240,240,SESSION_CLOSED_EXPECTED,EXPECTED
2024-06-30 20:00:00,1.26332,1.26506,1.26267,1.26479,175,240,65,EXPECTED_INCOMPLETE,EXPECTED
2024-07-01 00:00:00,1.26479,1.26652,1.26461,1.26556,240,240,0,COMPLETE,
2024-07-01 04:00:00,1.26555,1.26887,1.26539,1.26632,240,240,0,COMPLETE,
2024-07-01 08:00:00,1.26631,1.26795,1.2661,1.26763,240,240,0,COMPLETE,
2024-07-01 12:00:00,1.26764,1.27106,1.26359,1.26459,240,240,0,COMPLETE,
2024-07-01 16:00:00,1.26459,1.26573,1.26328,1.2643,240,240,0,COMPLETE,
2024-07-01 20:00:00,1.26429,1.26512,1.26416,1.26447,239,240,1,UNEXPECTED_INCOMPLETE,UNEXPECTED
2024-07-02 00:00:00,1.26447,1.26471,1.26316,1.26338,240,240,0,COMPLETE,
2024-07-02 04:00:00,1.26338,1.26392,1.26152,1.26242,240,240,0,COMPLETE,
2024-07-02 08:00:00,1.26242,1.26535,1.26214,1.26527,240,240,0,COMPLETE,
2024-07-02 12:00:00,1.26531,1.26843,1.2653,1.26748,240,240,0,COMPLETE,
2024-07-02 16:00:00,1.26747,1.26872,1.26647,1.2687,240,240,0,COMPLETE,
2024-07-02 20:00:00,1.26868,1.26906,1.26748,1.26867,237,240,3,UNEXPECTED_INCOMPLETE,UNEXPECTED
2024-07-03 00:00:00,1.26867,1.2693,1.2681,1.26858,240,240,0,COMPLETE,
2024-07-03 04:00:00,1.26858,1.26973,1.26778,1.2693,239,240,1,UNEXPECTED_INCOMPLETE,UNEXPECTED
2024-07-03 08:00:00,1.26927,1.27078,1.26877,1.27056,240,240,0,COMPLETE,
2024-07-03 12:00:00,1.27057,1.27769,1.27016,1.27629,240,240,0,COMPLETE,
2024-07-03 16:00:00,1.27634,1.27653,1.27333,1.27395,240,240,0,COMPLETE,
2024-07-03 20:00:00,1.27395,1.27476,1.27365,1.27469,239,240,1,UNEXPECTED_INCOMPLETE,UNEXPECTED
2024-07-04 00:00:00,1.27469,1.27531,1.27407,1.27416,240,240,0,COMPLETE,
2024-07-04 04:00:00,1.27417,1.27531,1.27404,1.27528,240,240,0,COMPLETE,
2024-07-04 08:00:00,1.27529,1.27631,1.27463,1.27522,240,240,0,COMPLETE,
2024-07-04 12:00:00,1.27522,1.27673,1.27467,1.27597,240,240,0,COMPLETE,
2024-07-04 16:00:00,1.27596,1.27625,1.27581,1.27607,240,240,0,COMPLETE,
2024-07-04 20:00:00,1.27608,1.27611,1.27528,1.27546,239,240,1,UNEXPECTED_INCOMPLETE,UNEXPECTED
2024-07-05 00:00:00,1.27546,1.2771,1.27543,1.27706,240,240,0,COMPLETE,
2024-07-05 04:00:00,1.27706,1.27801,1.27625,1.27796,240,240,0,COMPLETE,
2024-07-05 08:00:00,1.27798,1.27906,1.27731,1.27838,240,240,0,COMPLETE,
2024-07-05 12:00:00,1.27839,1.28134,1.27619,1.2806,240,240,0,COMPLETE,
2024-07-05 16:00:00,1.28061,1.28168,1.27956,1.28154,240,240,0,COMPLETE,
2024-07-05 20:00:00,1.28154,1.28159,1.28133,1.28137,59,240,181,EXPECTED_INCOMPLETE,EXPECTED
2024-07-06 00:00:00,,,,,0,240,240,SESSION_CLOSED_EXPECTED,EXPECTED
2024-07-06 04:00:00,,,,,0,240,240,SESSION_CLOSED_EXPECTED,EXPECTED
2024-07-06 08:00:00,,,,,0,240,240,SESSION_CLOSED_EXPECTED,EXPECTED
2024-07-06 12:00:00,,,,,0,240,240,SESSION_CLOSED_EXPECTED,EXPECTED
2024-07-06 16:00:00,,,,,0,240,240,SESSION_CLOSED_EXPECTED,EXPECTED
2024-07-06 20:00:00,,,,,0,240,240,SESSION_CLOSED_EXPECTED,EXPECTED
2024-07-07 00:00:00,,,,,0,240,240,SESSION_CLOSED_EXPECTED,EXPECTED
2024-07-07 04:00:00,,,,,0,240,240,SESSION_CLOSED_EXPECTED,EXPECTED
2024-07-07 08:00:00,,,,,0,240,240,SESSION_CLOSED_EXPECTED,EXPECTED
2024-07-07 12:00:00,,,,,0,240,240,SESSION_CLOSED_EXPECTED,EXPECTED
2024-07-07 16:00:00,,,,,0,240,240,SESSION_CLOSED_EXPECTED,EXPECTED
2024-07-07 20:00:00,1.27794,1.28137,1.27786,1.28051,175,240,65,EXPECTED_INCOMPLETE,EXPECTED
2024-07-08 00:00:00,1.28047,1.28183,1.28018,1.28137,240,240,0,COMPLETE,
2024-07-08 04:00:00,1.28137,1.2816,1.27992,1.28135,240,240,0,COMPLETE,
2024-07-08 08:00:00,1.28135,1.28322,1.28119,1.28318,240,240,0,COMPLETE,
2024-07-08 12:00:00,1.2832,1.2845,1.28238,1.28254,240,240,0,COMPLETE,
2024-07-08 16:00:00,1.2825,1.28262,1.28071,1.28094,240,240,0,COMPLETE,
2024-07-08 20:00:00,1.28094,1.28152,1.28011,1.28149,239,240,1,UNEXPECTED_INCOMPLETE,UNEXPECTED
2024-07-09 00:00:00,1.28149,1.28164,1.27981,1.28044,240,240,0,COMPLETE,
2024-07-09 04:00:00,1.28045,1.28121,1.27957,1.27973,240,240,0,COMPLETE,
2024-07-09 08:00:00,1.27973,1.28245,1.27933,1.27992,240,240,0,COMPLETE,
2024-07-09 12:00:00,1.27991,1.28209,1.27771,1.27841,240,240,0,COMPLETE,
2024-07-09 16:00:00,1.27841,1.279,1.27776,1.27891,240,240,0,COMPLETE,
2024-07-09 20:00:00,1.27892,1.27893,1.27812,1.27873,239,240,1,UNEXPECTED_INCOMPLETE,UNEXPECTED
2024-07-10 00:00:00,1.27873,1.27941,1.27837,1.27921,240,240,0,COMPLETE,
2024-07-10 04:00:00,1.2792,1.28014,1.27878,1.27921,240,240,0,COMPLETE,
2024-07-10 08:00:00,1.27919,1.28122,1.27888,1.28058,240,240,0,COMPLETE,
2024-07-10 12:00:00,1.28057,1.28465,1.28044,1.28403,240,240,0,COMPLETE,
2024-07-10 16:00:00,1.28405,1.28465,1.28341,1.28452,240,240,0,COMPLETE,
2024-07-10 20:00:00,1.28451,1.28537,1.2844,1.28533,240,240,0,COMPLETE,
2024-07-11 00:00:00,1.28534,1.28639,1.28488,1.28603,240,240,0,COMPLETE,
2024-07-11 04:00:00,1.28604,1.28704,1.28543,1.28656,240,240,0,COMPLETE,
2024-07-11 08:00:00,1.28656,1.28815,1.28655,1.28763,240,240,0,COMPLETE,
2024-07-11 12:00:00,1.28762,1.2949,1.28685,1.29159,240,240,0,COMPLETE,
2024-07-11 16:00:00,1.29159,1.29179,1.28984,1.29111,240,240,0,COMPLETE,
2024-07-11 20:00:00,1.29109,1.29235,1.29065,1.29229,240,240,0,COMPLETE,
2024-07-12 00:00:00,1.2923,1.29237,1.29017,1.2907,240,240,0,COMPLETE,
2024-07-12 04:00:00,1.2907,1.29299,1.2902,1.2927,240,240,0,COMPLETE,
2024-07-12 08:00:00,1.29273,1.29658,1.2927,1.29601,240,240,0,COMPLETE,
2024-07-12 12:00:00,1.29604,1.29902,1.29311,1.29839,240,240,0,COMPLETE,
2024-07-12 16:00:00,1.29838,1.299,1.29801,1.29855,240,240,0,COMPLETE,
2024-07-12 20:00:00,1.29857,1.29888,1.29841,1.29884,59,240,181,EXPECTED_INCOMPLETE,EXPECTED
2024-07-13 00:00:00,,,,,0,240,240,SESSION_CLOSED_EXPECTED,EXPECTED
2024-07-13 04:00:00,,,,,0,240,240,SESSION_CLOSED_EXPECTED,EXPECTED
2024-07-13 08:00:00,,,,,0,240,240,SESSION_CLOSED_EXPECTED,EXPECTED
2024-07-13 12:00:00,,,,,0,240,240,SESSION_CLOSED_EXPECTED,EXPECTED
2024-07-13 16:00:00,,,,,0,240,240,SESSION_CLOSED_EXPECTED,EXPECTED
2024-07-13 20:00:00,,,,,0,240,240,SESSION_CLOSED_EXPECTED,EXPECTED
2024-07-14 00:00:00,,,,,0,240,240,SESSION_CLOSED_EXPECTED,EXPECTED
2024-07-14 04:00:00,,,,,0,240,240,SESSION_CLOSED_EXPECTED,EXPECTED
2024-07-14 08:00:00,,,,,0,240,240,SESSION_CLOSED_EXPECTED,EXPECTED
2024-07-14 12:00:00,,,,,0,240,240,SESSION_CLOSED_EXPECTED,EXPECTED
2024-07-14 16:00:00,,,,,0,240,240,SESSION_CLOSED_EXPECTED,EXPECTED
2024-07-14 20:00:00,1.29578,1.29776,1.29541,1.29667,175,240,65,EXPECTED_INCOMPLETE,EXPECTED
2024-07-15 00:00:00,1.29667,1.29746,1.29611,1.29736,240,240,0,COMPLETE,
2024-07-15 04:00:00,1.29736,1.29825,1.29628,1.29816,240,240,0,COMPLETE,
2024-07-15 08:00:00,1.29815,1.29909,1.29687,1.2973,240,240,0,COMPLETE,
2024-07-15 12:00:00,1.29732,1.29945,1.29669,1.29818,240,240,0,COMPLETE,
2024-07-15 16:00:00,1.29818,1.29886,1.29615,1.29676,240,240,0,COMPLETE,
2024-07-15 20:00:00,1.29677,1.29692,1.29552,1.29688,239,240,1,UNEXPECTED_INCOMPLETE,UNEXPECTED
2024-07-16 00:00:00,1.29688,1.29694,1.2961,1.29633,240,240,0,COMPLETE,
2024-07-16 04:00:00,1.29633,1.29723,1.29509,1.29683,240,240,0,COMPLETE,
2024-07-16 08:00:00,1.29684,1.29718,1.29546,1.29683,240,240,0,COMPLETE,
2024-07-16 12:00:00,1.29683,1.29794,1.29378,1.2955,240,240,0,COMPLETE,
2024-07-16 16:00:00,1.29549,1.29762,1.2948,1.2974,240,240,0,COMPLETE,
2024-07-16 20:00:00,1.2974,1.29775,1.29671,1.29769,240,240,0,COMPLETE,
2024-07-17 00:00:00,1.29771,1.29781,1.29662,1.29748,240,240,0,COMPLETE,
2024-07-17 04:00:00,1.29748,1.30128,1.29656,1.30073,240,240,0,COMPLETE,
2024-07-17 08:00:00,1.30076,1.3044,1.30065,1.30325,240,240,0,COMPLETE,
2024-07-17 12:00:00,1.30325,1.30357,1.29986,1.30053,240,240,0,COMPLETE,
2024-07-17 16:00:00,1.30048,1.30116,1.29984,1.30076,240,240,0,COMPLETE,
2024-07-17 20:00:00,1.30075,1.30115,1.2998,1.30077,240,240,0,COMPLETE,
2024-07-18 00:00:00,1.30075,1.30103,1.29986,1.30018,240,240,0,COMPLETE,
2024-07-18 04:00:00,1.30018,1.30124,1.29838,1.29996,240,240,0,COMPLETE,
2024-07-18 08:00:00,1.29998,1.30032,1.29771,1.29809,240,240,0,COMPLETE,
2024-07-18 12:00:00,1.29811,1.29897,1.2968,1.29718,240,240,0,COMPLETE,
2024-07-18 16:00:00,1.2972,1.29766,1.294,1.29451,240,240,0,COMPLETE,
2024-07-18 20:00:00,1.29453,1.29505,1.2936,1.29488,237,240,3,UNEXPECTED_INCOMPLETE,UNEXPECTED
2024-07-19 00:00:00,1.29489,1.2949,1.29339,1.294,240,240,0,COMPLETE,
2024-07-19 04:00:00,1.29401,1.29426,1.29236,1.29285,240,240,0,COMPLETE,
2024-07-19 08:00:00,1.29287,1.29293,1.29004,1.29265,240,240,0,COMPLETE,
2024-07-19 12:00:00,1.29267,1.29284,1.2911,1.29202,240,240,0,COMPLETE,
2024-07-19 16:00:00,1.29202,1.29243,1.29062,1.29104,240,240,0,COMPLETE,
2024-07-19 20:00:00,1.29105,1.29136,1.29084,1.29124,59,240,181,EXPECTED_INCOMPLETE,EXPECTED
2024-07-20 00:00:00,,,,,0,240,240,SESSION_CLOSED_EXPECTED,EXPECTED
2024-07-20 04:00:00,,,,,0,240,240,SESSION_CLOSED_EXPECTED,EXPECTED
2024-07-20 08:00:00,,,,,0,240,240,SESSION_CLOSED_EXPECTED,EXPECTED
2024-07-20 12:00:00,,,,,0,240,240,SESSION_CLOSED_EXPECTED,EXPECTED
2024-07-20 16:00:00,,,,,0,240,240,SESSION_CLOSED_EXPECTED,EXPECTED
2024-07-20 20:00:00,,,,,0,240,240,SESSION_CLOSED_EXPECTED,EXPECTED
2024-07-21 00:00:00,,,,,0,240,240,SESSION_CLOSED_EXPECTED,EXPECTED
2024-07-21 04:00:00,,,,,0,240,240,SESSION_CLOSED_EXPECTED,EXPECTED
2024-07-21 08:00:00,,,,,0,240,240,SESSION_CLOSED_EXPECTED,EXPECTED
2024-07-21 12:00:00,,,,,0,240,240,SESSION_CLOSED_EXPECTED,EXPECTED
2024-07-21 16:00:00,,,,,0,240,240,SESSION_CLOSED_EXPECTED,EXPECTED
2024-07-21 20:00:00,1.28975,1.29386,1.28968,1.2932,173,240,67,EXPECTED_INCOMPLETE,EXPECTED
2024-07-22 00:00:00,1.29317,1.29329,1.29117,1.29222,240,240,0,COMPLETE,
2024-07-22 04:00:00,1.29222,1.29307,1.29093,1.29236,240,240,0,COMPLETE,
2024-07-22 08:00:00,1.29235,1.29418,1.29209,1.29242,240,240,0,COMPLETE,
2024-07-22 12:00:00,1.29241,1.2929,1.29044,1.29081,240,240,0,COMPLETE,
2024-07-22 16:00:00,1.29081,1.29288,1.29054,1.29284,240,240,0,COMPLETE,
2024-07-22 20:00:00,1.29285,1.29342,1.29211,1.29302,240,240,0,COMPLETE,
2024-07-23 00:00:00,1.29302,1.29344,1.29241,1.29299,240,240,0,COMPLETE,
2024-07-23 04:00:00,1.293,1.29318,1.29107,1.29162,240,240,0,COMPLETE,
2024-07-23 08:00:00,1.29157,1.29282,1.28872,1.29114,240,240,0,COMPLETE,
2024-07-23 12:00:00,1.29112,1.29192,1.29035,1.29134,240,240,0,COMPLETE,
2024-07-23 16:00:00,1.29135,1.29161,1.28997,1.29026,240,240,0,COMPLETE,
2024-07-23 20:00:00,1.29027,1.29074,1.28992,1.29003,239,240,1,UNEXPECTED_INCOMPLETE,UNEXPECTED
2024-07-24 00:00:00,1.29003,1.29015,1.28861,1.28889,240,240,0,COMPLETE,
2024-07-24 04:00:00,1.28888,1.29012,1.28819,1.28864,240,240,0,COMPLETE,
2024-07-24 08:00:00,1.28862,1.29192,1.28772,1.29176,240,240,0,COMPLETE,
2024-07-24 12:00:00,1.29178,1.29371,1.29142,1.2922,240,240,0,COMPLETE,
2024-07-24 16:00:00,1.29222,1.2927,1.28989,1.29026,240,240,0,COMPLETE,
2024-07-24 20:00:00,1.29025,1.29089,1.28966,1.28974,238,240,2,UNEXPECTED_INCOMPLETE,UNEXPECTED
2024-07-25 00:00:00,1.28974,1.28984,1.28857,1.28927,240,240,0,COMPLETE,
2024-07-25 04:00:00,1.28927,1.28962,1.28736,1.28926,240,240,0,COMPLETE,
2024-07-25 08:00:00,1.28925,1.2913,1.28698,1.28718,240,240,0,COMPLETE,
2024-07-25 12:00:00,1.28718,1.28914,1.28594,1.28804,240,240,0,COMPLETE,
2024-07-25 16:00:00,1.28809,1.28893,1.28519,1.28525,240,240,0,COMPLETE,
2024-07-25 20:00:00,1.28525,1.28567,1.28428,1.28547,239,240,1,UNEXPECTED_INCOMPLETE,UNEXPECTED
2024-07-26 00:00:00,1.28551,1.28648,1.28535,1.28639,240,240,0,COMPLETE,
2024-07-26 04:00:00,1.28638,1.28723,1.28562,1.28627,240,240,0,COMPLETE,
2024-07-26 08:00:00,1.28631,1.28735,1.2859,1.2871,240,240,0,COMPLETE,
2024-07-26 12:00:00,1.28711,1.28729,1.28495,1.28613,240,240,0,COMPLETE,
2024-07-26 16:00:00,1.28612,1.28775,1.28607,1.28733,240,240,0,COMPLETE,
2024-07-26 20:00:00,1.28733,1.28744,1.28643,1.28658,59,240,181,EXPECTED_INCOMPLETE,EXPECTED
2024-07-27 00:00:00,,,,,0,240,240,SESSION_CLOSED_EXPECTED,EXPECTED
2024-07-27 04:00:00,,,,,0,240,240,SESSION_CLOSED_EXPECTED,EXPECTED
2024-07-27 08:00:00,,,,,0,240,240,SESSION_CLOSED_EXPECTED,EXPECTED
2024-07-27 12:00:00,,,,,0,240,240,SESSION_CLOSED_EXPECTED,EXPECTED
2024-07-27 16:00:00,,,,,0,240,240,SESSION_CLOSED_EXPECTED,EXPECTED
2024-07-27 20:00:00,,,,,0,240,240,SESSION_CLOSED_EXPECTED,EXPECTED
2024-07-28 00:00:00,,,,,0,240,240,SESSION_CLOSED_EXPECTED,EXPECTED
2024-07-28 04:00:00,,,,,0,240,240,SESSION_CLOSED_EXPECTED,EXPECTED
2024-07-28 08:00:00,,,,,0,240,240,SESSION_CLOSED_EXPECTED,EXPECTED
2024-07-28 12:00:00,,,,,0,240,240,SESSION_CLOSED_EXPECTED,EXPECTED
2024-07-28 16:00:00,,,,,0,240,240,SESSION_CLOSED_EXPECTED,EXPECTED
2024-07-28 20:00:00,1.28535,1.2871,1.28456,1.2866,175,240,65,EXPECTED_INCOMPLETE,EXPECTED
2024-07-29 00:00:00,1.2866,1.28878,1.28624,1.28802,240,240,0,COMPLETE,
2024-07-29 04:00:00,1.28802,1.28811,1.28294,1.28325,240,240,0,COMPLETE,
2024-07-29 08:00:00,1.28323,1.28459,1.28061,1.28266,240,240,0,COMPLETE,
2024-07-29 12:00:00,1.28266,1.2856,1.28217,1.28492,240,240,0,COMPLETE,
2024-07-29 16:00:00,1.28492,1.28672,1.28454,1.28646,240,240,0,COMPLETE,
2024-07-29 20:00:00,1.28645,1.28657,1.28566,1.28592,238,240,2,UNEXPECTED_INCOMPLETE,UNEXPECTED
2024-07-30 00:00:00,1.28592,1.28592,1.28448,1.28545,240,240,0,COMPLETE,
2024-07-30 04:00:00,1.28545,1.28596,1.28426,1.28507,240,240,0,COMPLETE,
2024-07-30 08:00:00,1.28509,1.28641,1.28431,1.28445,240,240,0,COMPLETE,
2024-07-30 12:00:00,1.28444,1.28466,1.28195,1.28277,240,240,0,COMPLETE,
2024-07-30 16:00:00,1.28277,1.28388,1.28252,1.28315,240,240,0,COMPLETE,
2024-07-30 20:00:00,1.28317,1.28413,1.28234,1.28372,240,240,0,COMPLETE,
2024-07-31 00:00:00,1.28372,1.2852,1.28313,1.28402,240,240,0,COMPLETE,
2024-07-31 04:00:00,1.284,1.28468,1.28261,1.2839,240,240,0,COMPLETE,
2024-07-31 08:00:00,1.28389,1.28481,1.28202,1.28345,240,240,0,COMPLETE,
2024-07-31 12:00:00,1.28345,1.28545,1.28294,1.28391,240,240,0,COMPLETE,
2024-07-31 16:00:00,1.28389,1.28637,1.28206,1.28532,240,240,0,COMPLETE,
2024-07-31 20:00:00,1.28534,1.28625,1.28498,1.28523,239,240,1,UNEXPECTED_INCOMPLETE,UNEXPECTED
2024-08-01 00:00:00,1.2852,1.286,1.28472,1.28524,240,240,0,COMPLETE,
2024-08-01 04:00:00,1.28524,1.28588,1.27889,1.27918,240,240,0,COMPLETE,
2024-08-01 08:00:00,1.2792,1.27994,1.27512,1.27922,240,240,0,COMPLETE,
2024-08-01 12:00:00,1.27927,1.28391,1.27658,1.2767,240,240,0,COMPLETE,
2024-08-01 16:00:00,1.27673,1.27764,1.27261,1.27418,240,240,0,COMPLETE,
2024-08-01 20:00:00,1.27416,1.27417,1.27272,1.27274,240,240,0,COMPLETE,
2024-08-02 00:00:00,1.27272,1.27286,1.2712,1.27204,240,240,0,COMPLETE,
2024-08-02 04:00:00,1.27204,1.27391,1.27065,1.27128,240,240,0,COMPLETE,
2024-08-02 08:00:00,1.27131,1.27502,1.2713,1.27409,240,240,0,COMPLETE,
2024-08-02 12:00:00,1.27411,1.28397,1.27403,1.27968,240,240,0,COMPLETE,
2024-08-02 16:00:00,1.27967,1.2812,1.27835,1.28085,240,240,0,COMPLETE,
2024-08-02 20:00:00,1.28083,1.28105,1.27995,1.28043,59,240,181,EXPECTED_INCOMPLETE,EXPECTED
2024-08-03 00:00:00,,,,,0,240,240,SESSION_CLOSED_EXPECTED,EXPECTED
2024-08-03 04:00:00,,,,,0,240,240,SESSION_CLOSED_EXPECTED,EXPECTED
2024-08-03 08:00:00,,,,,0,240,240,SESSION_CLOSED_EXPECTED,EXPECTED
2024-08-03 12:00:00,,,,,0,240,240,SESSION_CLOSED_EXPECTED,EXPECTED
2024-08-03 16:00:00,,,,,0,240,240,SESSION_CLOSED_EXPECTED,EXPECTED
2024-08-03 20:00:00,,,,,0,240,240,SESSION_CLOSED_EXPECTED,EXPECTED
2024-08-04 00:00:00,,,,,0,240,240,SESSION_CLOSED_EXPECTED,EXPECTED
2024-08-04 04:00:00,,,,,0,240,240,SESSION_CLOSED_EXPECTED,EXPECTED
2024-08-04 08:00:00,,,,,0,240,240,SESSION_CLOSED_EXPECTED,EXPECTED
2024-08-04 12:00:00,,,,,0,240,240,SESSION_CLOSED_EXPECTED,EXPECTED
2024-08-04 16:00:00,,,,,0,240,240,SESSION_CLOSED_EXPECTED,EXPECTED
2024-08-04 20:00:00,1.2788,1.28085,1.27811,1.27867,175,240,65,EXPECTED_INCOMPLETE,EXPECTED
2024-08-05 00:00:00,1.27867,1.2802,1.27775,1.27996,240,240,0,COMPLETE,
2024-08-05 04:00:00,1.27996,1.28122,1.27099,1.27938,240,240,0,COMPLETE,
2024-08-05 08:00:00,1.27939,1.28164,1.27269,1.27651,240,240,0,COMPLETE,
2024-08-05 12:00:00,1.27657,1.27953,1.27457,1.27635,240,240,0,COMPLETE,
2024-08-05 16:00:00,1.27632,1.27851,1.27436,1.27736,240,240,0,COMPLETE,
2024-08-05 20:00:00,1.27734,1.27927,1.27636,1.27871,240,240,0,COMPLETE,
2024-08-06 00:00:00,1.27875,1.28027,1.27773,1.27787,240,240,0,COMPLETE,
2024-08-06 04:00:00,1.27787,1.27799,1.27333,1.27396,240,240,0,COMPLETE,
2024-08-06 08:00:00,1.27391,1.2747,1.26792,1.26924,240,240,0,COMPLETE,
2024-08-06 12:00:00,1.26929,1.27257,1.26723,1.26937,240,240,0,COMPLETE,
2024-08-06 16:00:00,1.26938,1.27118,1.26841,1.26908,240,240,0,COMPLETE,
2024-08-06 20:00:00,1.2691,1.26981,1.26746,1.26841,238,240,2,UNEXPECTED_INCOMPLETE,UNEXPECTED
2024-08-07 00:00:00,1.26839,1.27139,1.26811,1.27138,240,240,0,COMPLETE,
2024-08-07 04:00:00,1.2714,1.27176,1.26867,1.26979,240,240,0,COMPLETE,
2024-08-07 08:00:00,1.2698,1.27353,1.2693,1.27261,240,240,0,COMPLETE,
2024-08-07 12:00:00,1.27265,1.27301,1.27068,1.27152,240,240,0,COMPLETE,
2024-08-07 16:00:00,1.27152,1.27152,1.26828,1.26893,240,240,0,COMPLETE,
2024-08-07 20:00:00,1.26892,1.26938,1.26779,1.26821,240,240,0,COMPLETE,
2024-08-08 00:00:00,1.2682,1.27,1.2678,1.26987,240,240,0,COMPLETE,
2024-08-08 04:00:00,1.26989,1.2713,1.26894,1.26998,240,240,0,COMPLETE,
2024-08-08 08:00:00,1.27,1.27093,1.26643,1.26949,240,240,0,COMPLETE,
2024-08-08 12:00:00,1.2695,1.27424,1.26649,1.27403,240,240,0,COMPLETE,
2024-08-08 16:00:00,1.27403,1.27518,1.27303,1.2744,240,240,0,COMPLETE,
2024-08-08 20:00:00,1.27444,1.27503,1.27376,1.27449,240,240,0,COMPLETE,
2024-08-09 00:00:00,1.27449,1.27581,1.27375,1.27576,240,240,0,COMPLETE,
2024-08-09 04:00:00,1.27576,1.27718,1.27475,1.27627,240,240,0,COMPLETE,
2024-08-09 08:00:00,1.27627,1.27713,1.27289,1.27403,240,240,0,COMPLETE,
2024-08-09 12:00:00,1.27405,1.27733,1.27255,1.27641,240,240,0,COMPLETE,
2024-08-09 16:00:00,1.2764,1.27694,1.27534,1.27595,240,240,0,COMPLETE,
2024-08-09 20:00:00,1.27593,1.27618,1.27548,1.27574,59,240,181,EXPECTED_INCOMPLETE,EXPECTED
2024-08-10 00:00:00,,,,,0,240,240,SESSION_CLOSED_EXPECTED,EXPECTED
2024-08-10 04:00:00,,,,,0,240,240,SESSION_CLOSED_EXPECTED,EXPECTED
2024-08-10 08:00:00,,,,,0,240,240,SESSION_CLOSED_EXPECTED,EXPECTED
2024-08-10 12:00:00,,,,,0,240,240,SESSION_CLOSED_EXPECTED,EXPECTED
2024-08-10 16:00:00,,,,,0,240,240,SESSION_CLOSED_EXPECTED,EXPECTED
2024-08-10 20:00:00,,,,,0,240,240,SESSION_CLOSED_EXPECTED,EXPECTED
2024-08-11 00:00:00,,,,,0,240,240,SESSION_CLOSED_EXPECTED,EXPECTED
2024-08-11 04:00:00,,,,,0,240,240,SESSION_CLOSED_EXPECTED,EXPECTED
2024-08-11 08:00:00,,,,,0,240,240,SESSION_CLOSED_EXPECTED,EXPECTED
2024-08-11 12:00:00,,,,,0,240,240,SESSION_CLOSED_EXPECTED,EXPECTED
2024-08-11 16:00:00,,,,,0,240,240,SESSION_CLOSED_EXPECTED,EXPECTED
2024-08-11 20:00:00,1.27509,1.27606,1.27439,1.27483,175,240,65,EXPECTED_INCOMPLETE,EXPECTED
2024-08-12 00:00:00,1.27482,1.2763,1.27464,1.27578,240,240,0,COMPLETE,
2024-08-12 04:00:00,1.27578,1.27819,1.27575,1.27685,240,240,0,COMPLETE,
2024-08-12 08:00:00,1.27687,1.27723,1.27523,1.27691,240,240,0,COMPLETE,
2024-08-12 12:00:00,1.27691,1.27933,1.27578,1.2772,240,240,0,COMPLETE,
2024-08-12 16:00:00,1.2772,1.2772,1.27549,1.2768,240,240,0,COMPLETE,
2024-08-12 20:00:00,1.27682,1.27705,1.27499,1.277,240,240,0,COMPLETE,
2024-08-13 00:00:00,1.277,1.27773,1.27629,1.27733,240,240,0,COMPLETE,
2024-08-13 04:00:00,1.27733,1.28124,1.27733,1.28085,240,240,0,COMPLETE,
2024-08-13 08:00:00,1.28083,1.28086,1.27789,1.27916,240,240,0,COMPLETE,
2024-08-13 12:00:00,1.27915,1.2837,1.27792,1.28264,240,240,0,COMPLETE,
2024-08-13 16:00:00,1.28265,1.28725,1.2825,1.28655,240,240,0,COMPLETE,
2024-08-13 20:00:00,1.28657,1.28681,1.28476,1.28648,240,240,0,COMPLETE,
2024-08-14 00:00:00,1.28647,1.2868,1.28533,1.28554,240,240,0,COMPLETE,
2024-08-14 04:00:00,1.28556,1.28626,1.28174,1.28383,240,240,0,COMPLETE,
2024-08-14 08:00:00,1.28381,1.2853,1.28226,1.28477,240,240,0,COMPLETE,
2024-08-14 12:00:00,1.2848,1.28633,1.28263,1.28474,240,240,0,COMPLETE,
2024-08-14 16:00:00,1.28475,1.28482,1.28204,1.28268,240,240,0,COMPLETE,
2024-08-14 20:00:00,1.28268,1.28313,1.28225,1.28241,240,240,0,COMPLETE,
2024-08-15 00:00:00,1.2824,1.28336,1.28193,1.28332,240,240,0,COMPLETE,
2024-08-15 04:00:00,1.28332,1.28573,1.28326,1.28499,240,240,0,COMPLETE,
2024-08-15 08:00:00,1.28497,1.28635,1.28399,1.28607,240,240,0,COMPLETE,
2024-08-15 12:00:00,1.28609,1.28714,1.27983,1.28619,240,240,0,COMPLETE,
2024-08-15 16:00:00,1.28621,1.28709,1.28477,1.28546,240,240,0,COMPLETE,
2024-08-15 20:00:00,1.28547,1.28597,1.28499,1.28583,240,240,0,COMPLETE,
2024-08-16 00:00:00,1.28585,1.28747,1.28568,1.28674,240,240,0,COMPLETE,
2024-08-16 04:00:00,1.28674,1.2886,1.28658,1.28792,240,240,0,COMPLETE,
2024-08-16 08:00:00,1.28793,1.291,1.28793,1.29082,240,240,0,COMPLETE,
2024-08-16 12:00:00,1.29083,1.29139,1.2881,1.29047,240,240,0,COMPLETE,
2024-08-16 16:00:00,1.29044,1.29452,1.2904,1.29441,240,240,0,COMPLETE,
2024-08-16 20:00:00,1.2944,1.29456,1.29407,1.29442,59,240,181,EXPECTED_INCOMPLETE,EXPECTED
2024-08-17 00:00:00,,,,,0,240,240,SESSION_CLOSED_EXPECTED,EXPECTED
2024-08-17 04:00:00,,,,,0,240,240,SESSION_CLOSED_EXPECTED,EXPECTED
2024-08-17 08:00:00,,,,,0,240,240,SESSION_CLOSED_EXPECTED,EXPECTED
2024-08-17 12:00:00,,,,,0,240,240,SESSION_CLOSED_EXPECTED,EXPECTED
2024-08-17 16:00:00,,,,,0,240,240,SESSION_CLOSED_EXPECTED,EXPECTED
2024-08-17 20:00:00,,,,,0,240,240,SESSION_CLOSED_EXPECTED,EXPECTED
2024-08-18 00:00:00,,,,,0,240,240,SESSION_CLOSED_EXPECTED,EXPECTED
2024-08-18 04:00:00,,,,,0,240,240,SESSION_CLOSED_EXPECTED,EXPECTED
2024-08-18 08:00:00,,,,,0,240,240,SESSION_CLOSED_EXPECTED,EXPECTED
2024-08-18 12:00:00,,,,,0,240,240,SESSION_CLOSED_EXPECTED,EXPECTED
2024-08-18 16:00:00,,,,,0,240,240,SESSION_CLOSED_EXPECTED,EXPECTED
2024-08-18 20:00:00,1.29276,1.29504,1.29259,1.29458,170,240,70,EXPECTED_INCOMPLETE,EXPECTED
2024-08-19 00:00:00,1.29457,1.296,1.2942,1.29537,239,240,1,UNEXPECTED_INCOMPLETE,UNEXPECTED
2024-08-19 04:00:00,1.29534,1.29683,1.29514,1.29644,239,240,1,UNEXPECTED_INCOMPLETE,UNEXPECTED
2024-08-19 08:00:00,1.29645,1.29749,1.29419,1.29567,240,240,0,COMPLETE,
2024-08-19 12:00:00,1.29568,1.29967,1.29393,1.29794,240,240,0,COMPLETE,
2024-08-19 16:00:00,1.29791,1.29957,1.29727,1.29894,240,240,0,COMPLETE,
2024-08-19 20:00:00,1.29897,1.29935,1.29833,1.29887,218,240,22,UNEXPECTED_INCOMPLETE,UNEXPECTED
2024-08-20 00:00:00,1.29889,1.29928,1.29764,1.2978,238,240,2,UNEXPECTED_INCOMPLETE,UNEXPECTED
2024-08-20 04:00:00,1.29781,1.30036,1.29737,1.30021,239,240,1,UNEXPECTED_INCOMPLETE,UNEXPECTED
2024-08-20 08:00:00,1.30024,1.30153,1.29912,1.30073,239,240,1,UNEXPECTED_INCOMPLETE,UNEXPECTED
2024-08-20 12:00:00,1.30071,1.30519,1.30061,1.30253,240,240,0,COMPLETE,
2024-08-20 16:00:00,1.30254,1.30351,1.3017,1.30322,240,240,0,COMPLETE,
2024-08-20 20:00:00,1.30321,1.30354,1.30256,1.30334,236,240,4,UNEXPECTED_INCOMPLETE,UNEXPECTED
2024-08-21 00:00:00,1.30333,1.30378,1.30228,1.30267,239,240,1,UNEXPECTED_INCOMPLETE,UNEXPECTED
2024-08-21 04:00:00,1.30266,1.30309,1.301,1.30147,240,240,0,COMPLETE,
2024-08-21 08:00:00,1.30152,1.30431,1.30121,1.30314,240,240,0,COMPLETE,
2024-08-21 12:00:00,1.30316,1.30793,1.30266,1.30755,240,240,0,COMPLETE,
2024-08-21 16:00:00,1.30753,1.31193,1.30713,1.30896,240,240,0,COMPLETE,
2024-08-21 20:00:00,1.30898,1.30954,1.30803,1.30922,228,240,12,UNEXPECTED_INCOMPLETE,UNEXPECTED
2024-08-22 00:00:00,1.3092,1.30965,1.30819,1.30863,237,240,3,UNEXPECTED_INCOMPLETE,UNEXPECTED
2024-08-22 04:00:00,1.30864,1.31057,1.30805,1.30969,239,240,1,UNEXPECTED_INCOMPLETE,UNEXPECTED
2024-08-22 08:00:00,1.30971,1.31281,1.30927,1.31112,240,240,0,COMPLETE,
2024-08-22 12:00:00,1.31113,1.313,1.30814,1.30934,240,240,0,COMPLETE,
2024-08-22 16:00:00,1.30935,1.31017,1.30758,1.30843,240,240,0,COMPLETE,
2024-08-22 20:00:00,1.30841,1.30975,1.30839,1.30964,230,240,10,UNEXPECTED_INCOMPLETE,UNEXPECTED
2024-08-23 00:00:00,1.30961,1.31071,1.30912,1.31022,240,240,0,COMPLETE,
2024-08-23 04:00:00,1.3102,1.31251,1.3102,1.31168,238,240,2,UNEXPECTED_INCOMPLETE,UNEXPECTED
2024-08-23 08:00:00,1.31169,1.31366,1.31105,1.31213,240,240,0,COMPLETE,
2024-08-23 12:00:00,1.31209,1.32301,1.3108,1.31939,240,240,0,COMPLETE,
2024-08-23 16:00:00,1.3194,1.32205,1.31741,1.32095,240,240,0,COMPLETE,
2024-08-23 20:00:00,1.32092,1.32188,1.32057,1.32163,59,240,181,EXPECTED_INCOMPLETE,EXPECTED
2024-08-24 00:00:00,,,,,0,240,240,SESSION_CLOSED_EXPECTED,EXPECTED
2024-08-24 04:00:00,,,,,0,240,240,SESSION_CLOSED_EXPECTED,EXPECTED
2024-08-24 08:00:00,,,,,0,240,240,SESSION_CLOSED_EXPECTED,EXPECTED
2024-08-24 12:00:00,,,,,0,240,240,SESSION_CLOSED_EXPECTED,EXPECTED
2024-08-24 16:00:00,,,,,0,240,240,SESSION_CLOSED_EXPECTED,EXPECTED
2024-08-24 20:00:00,,,,,0,240,240,SESSION_CLOSED_EXPECTED,EXPECTED
2024-08-25 00:00:00,,,,,0,240,240,SESSION_CLOSED_EXPECTED,EXPECTED
2024-08-25 04:00:00,,,,,0,240,240,SESSION_CLOSED_EXPECTED,EXPECTED
2024-08-25 08:00:00,,,,,0,240,240,SESSION_CLOSED_EXPECTED,EXPECTED
2024-08-25 12:00:00,,,,,0,240,240,SESSION_CLOSED_EXPECTED,EXPECTED
2024-08-25 16:00:00,,,,,0,240,240,SESSION_CLOSED_EXPECTED,EXPECTED
2024-08-25 20:00:00,1.32039,1.32151,1.31986,1.32139,170,240,70,EXPECTED_INCOMPLETE,EXPECTED
2024-08-26 00:00:00,1.3214,1.3222,1.32015,1.32023,240,240,0,COMPLETE,
2024-08-26 04:00:00,1.32025,1.32095,1.31893,1.31944,239,240,1,UNEXPECTED_INCOMPLETE,UNEXPECTED
2024-08-26 08:00:00,1.31947,1.32053,1.31794,1.3189,240,240,0,COMPLETE,
2024-08-26 12:00:00,1.31887,1.32089,1.31798,1.31844,240,240,0,COMPLETE,
2024-08-26 16:00:00,1.31841,1.3207,1.31801,1.31847,240,240,0,COMPLETE,
2024-08-26 20:00:00,1.31849,1.31926,1.31802,1.31913,228,240,12,UNEXPECTED_INCOMPLETE,UNEXPECTED
2024-08-27 00:00:00,1.31915,1.31948,1.31795,1.31903,237,240,3,UNEXPECTED_INCOMPLETE,UNEXPECTED
2024-08-27 04:00:00,1.319,1.32154,1.31893,1.31998,239,240,1,UNEXPECTED_INCOMPLETE,UNEXPECTED
2024-08-27 08:00:00,1.31994,1.32465,1.31978,1.32202,240,240,0,COMPLETE,
2024-08-27 12:00:00,1.32204,1.32419,1.32031,1.32336,240,240,0,COMPLETE,
2024-08-27 16:00:00,1.32337,1.32649,1.32262,1.3262,240,240,0,COMPLETE,
2024-08-27 20:00:00,1.32618,1.32659,1.32519,1.32549,224,240,16,UNEXPECTED_INCOMPLETE,UNEXPECTED
2024-08-28 00:00:00,1.3255,1.32602,1.32419,1.32477,238,240,2,UNEXPECTED_INCOMPLETE,UNEXPECTED
2024-08-28 04:00:00,1.32476,1.32491,1.32166,1.32312,239,240,1,UNEXPECTED_INCOMPLETE,UNEXPECTED
2024-08-28 08:00:00,1.32314,1.32431,1.32061,1.32093,240,240,0,COMPLETE,
2024-08-28 12:00:00,1.32095,1.323,1.31894,1.31998,240,240,0,COMPLETE,
2024-08-28 16:00:00,1.31993,1.31993,1.3167,1.31839,240,240,0,COMPLETE,
2024-08-28 20:00:00,1.3184,1.3194,1.31828,1.31925,232,240,8,UNEXPECTED_INCOMPLETE,UNEXPECTED
2024-08-29 00:00:00,1.31926,1.32114,1.31925,1.32068,240,240,0,COMPLETE,
2024-08-29 04:00:00,1.3207,1.32267,1.32051,1.32197,240,240,0,COMPLETE,
2024-08-29 08:00:00,1.32196,1.32196,1.31681,1.31847,240,240,0,COMPLETE,
2024-08-29 12:00:00,1.31845,1.31848,1.31448,1.31842,240,240,0,COMPLETE,
2024-08-29 16:00:00,1.31843,1.319,1.3163,1.31654,240,240,0,COMPLETE,
2024-08-29 20:00:00,1.31659,1.3171,1.31584,1.31646,227,240,13,UNEXPECTED_INCOMPLETE,UNEXPECTED
2024-08-30 00:00:00,1.3165,1.31713,1.31615,1.3163,238,240,2,UNEXPECTED_INCOMPLETE,UNEXPECTED
2024-08-30 04:00:00,1.31628,1.31981,1.31596,1.31901,240,240,0,COMPLETE,
2024-08-30 08:00:00,1.31903,1.31997,1.31685,1.31786,240,240,0,COMPLETE,
2024-08-30 12:00:00,1.31788,1.31865,1.31247,1.31305,240,240,0,COMPLETE,
2024-08-30 16:00:00,1.31302,1.31338,1.31092,1.31316,240,240,0,COMPLETE,
2024-08-30 20:00:00,1.31312,1.31356,1.31252,1.3127,58,240,182,UNEXPECTED_INCOMPLETE,EXPECTED|UNEXPECTED
2024-08-31 00:00:00,,,,,0,240,240,SESSION_CLOSED_EXPECTED,EXPECTED
2024-08-31 04:00:00,,,,,0,240,240,SESSION_CLOSED_EXPECTED,EXPECTED
2024-08-31 08:00:00,,,,,0,240,240,SESSION_CLOSED_EXPECTED,EXPECTED
2024-08-31 12:00:00,,,,,0,240,240,SESSION_CLOSED_EXPECTED,EXPECTED
2024-08-31 16:00:00,,,,,0,240,240,SESSION_CLOSED_EXPECTED,EXPECTED
2024-08-31 20:00:00,,,,,0,240,240,SESSION_CLOSED_EXPECTED,EXPECTED
2024-09-01 00:00:00,,,,,0,240,240,SESSION_CLOSED_EXPECTED,EXPECTED
2024-09-01 04:00:00,,,,,0,240,240,SESSION_CLOSED_EXPECTED,EXPECTED
2024-09-01 08:00:00,,,,,0,240,240,SESSION_CLOSED_EXPECTED,EXPECTED
2024-09-01 12:00:00,,,,,0,240,240,SESSION_CLOSED_EXPECTED,EXPECTED
2024-09-01 16:00:00,,,,,0,240,240,SESSION_CLOSED_EXPECTED,EXPECTED
2024-09-01 20:00:00,1.31234,1.31331,1.31132,1.31294,175,240,65,EXPECTED_INCOMPLETE,EXPECTED
2024-09-02 00:00:00,1.31294,1.31376,1.31194,1.31276,240,240,0,COMPLETE,
2024-09-02 04:00:00,1.31275,1.31452,1.31219,1.31341,240,240,0,COMPLETE,
2024-09-02 08:00:00,1.31341,1.31458,1.31267,1.31292,240,240,0,COMPLETE,
2024-09-02 12:00:00,1.3129,1.31549,1.31288,1.31446,240,240,0,COMPLETE,
2024-09-02 16:00:00,1.31447,1.31468,1.31355,1.31455,240,240,0,COMPLETE,
2024-09-02 20:00:00,1.31455,1.31491,1.31373,1.31395,239,240,1,UNEXPECTED_INCOMPLETE,UNEXPECTED
2024-09-03 00:00:00,1.31395,1.31469,1.31271,1.31286,240,240,0,COMPLETE,
2024-09-03 04:00:00,1.31287,1.31393,1.31083,1.31218,240,240,0,COMPLETE,
2024-09-03 08:00:00,1.31215,1.3128,1.31091,1.31215,240,240,0,COMPLETE,
2024-09-03 12:00:00,1.31216,1.31458,1.30878,1.31022,240,240,0,COMPLETE,
2024-09-03 16:00:00,1.31022,1.31077,1.3087,1.31069,240,240,0,COMPLETE,
2024-09-03 20:00:00,1.31073,1.31164,1.3104,1.31121,240,240,0,COMPLETE,
2024-09-04 00:00:00,1.31119,1.31148,1.31011,1.31107,240,240,0,COMPLETE,
2024-09-04 04:00:00,1.31103,1.31203,1.31002,1.31151,240,240,0,COMPLETE,
2024-09-04 08:00:00,1.31148,1.31271,1.31088,1.31192,240,240,0,COMPLETE,
2024-09-04 12:00:00,1.31192,1.31747,1.3106,1.31411,240,240,0,COMPLETE,
2024-09-04 16:00:00,1.31408,1.31526,1.31266,1.31435,240,240,0,COMPLETE,
2024-09-04 20:00:00,1.31435,1.3149,1.31408,1.31434,240,240,0,COMPLETE,
2024-09-05 00:00:00,1.31437,1.31562,1.31405,1.31468,240,240,0,COMPLETE,
2024-09-05 04:00:00,1.31468,1.31565,1.31364,1.31475,240,240,0,COMPLETE,
2024-09-05 08:00:00,1.31475,1.31732,1.31439,1.31594,240,240,0,COMPLETE,
2024-09-05 12:00:00,1.31596,1.31798,1.31509,1.31638,240,240,0,COMPLETE,
2024-09-05 16:00:00,1.31636,1.31851,1.3163,1.31708,240,240,0,COMPLETE,
2024-09-05 20:00:00,1.31706,1.31817,1.31701,1.31753,239,240,1,UNEXPECTED_INCOMPLETE,UNEXPECTED
2024-09-06 00:00:00,1.31753,1.31815,1.31724,1.31767,240,240,0,COMPLETE,
2024-09-06 04:00:00,1.31767,1.31928,1.31713,1.31813,240,240,0,COMPLETE,
2024-09-06 08:00:00,1.31813,1.31838,1.31594,1.31763,240,240,0,COMPLETE,
2024-09-06 12:00:00,1.31764,1.32377,1.31264,1.31322,240,240,0,COMPLETE,
2024-09-06 16:00:00,1.31319,1.31388,1.31092,1.31328,240,240,0,COMPLETE,
2024-09-06 20:00:00,1.3133,1.31339,1.31282,1.3129,59,240,181,EXPECTED_INCOMPLETE,EXPECTED
2024-09-07 00:00:00,,,,,0,240,240,SESSION_CLOSED_EXPECTED,EXPECTED
2024-09-07 04:00:00,,,,,0,240,240,SESSION_CLOSED_EXPECTED,EXPECTED
2024-09-07 08:00:00,,,,,0,240,240,SESSION_CLOSED_EXPECTED,EXPECTED
2024-09-07 12:00:00,,,,,0,240,240,SESSION_CLOSED_EXPECTED,EXPECTED
2024-09-07 16:00:00,,,,,0,240,240,SESSION_CLOSED_EXPECTED,EXPECTED
2024-09-07 20:00:00,,,,,0,240,240,SESSION_CLOSED_EXPECTED,EXPECTED
2024-09-08 00:00:00,,,,,0,240,240,SESSION_CLOSED_EXPECTED,EXPECTED
2024-09-08 04:00:00,,,,,0,240,240,SESSION_CLOSED_EXPECTED,EXPECTED
2024-09-08 08:00:00,,,,,0,240,240,SESSION_CLOSED_EXPECTED,EXPECTED
2024-09-08 12:00:00,,,,,0,240,240,SESSION_CLOSED_EXPECTED,EXPECTED
2024-09-08 16:00:00,,,,,0,240,240,SESSION_CLOSED_EXPECTED,EXPECTED
2024-09-08 20:00:00,1.31135,1.31378,1.3113,1.3131,175,240,65,EXPECTED_INCOMPLETE,EXPECTED
2024-09-09 00:00:00,1.31313,1.31428,1.31285,1.31302,240,240,0,COMPLETE,
2024-09-09 04:00:00,1.31302,1.31326,1.30904,1.31048,240,240,0,COMPLETE,
2024-09-09 08:00:00,1.31048,1.31078,1.30723,1.30869,240,240,0,COMPLETE,
2024-09-09 12:00:00,1.30869,1.31004,1.3067,1.30818,240,240,0,COMPLETE,
2024-09-09 16:00:00,1.30818,1.31018,1.30719,1.30732,240,240,0,COMPLETE,
2024-09-09 20:00:00,1.30728,1.30766,1.30688,1.30706,239,240,1,UNEXPECTED_INCOMPLETE,UNEXPECTED
2024-09-10 00:00:00,1.30705,1.30739,1.30574,1.30721,240,240,0,COMPLETE,
2024-09-10 04:00:00,1.30721,1.31074,1.30709,1.30892,240,240,0,COMPLETE,
2024-09-10 08:00:00,1.30893,1.31042,1.30781,1.30891,240,240,0,COMPLETE,
2024-09-10 12:00:00,1.30891,1.30944,1.30489,1.30641,240,240,0,COMPLETE,
2024-09-10 16:00:00,1.30641,1.30863,1.30556,1.3085,240,240,0,COMPLETE,
2024-09-10 20:00:00,1.30849,1.30855,1.30705,1.30791,240,240,0,COMPLETE,
2024-09-11 00:00:00,1.3079,1.30974,1.30697,1.30935,240,240,0,COMPLETE,
2024-09-11 04:00:00,1.30933,1.31114,1.30771,1.30823,233,240,7,UNEXPECTED_INCOMPLETE,UNEXPECTED
2024-09-11 08:00:00,1.30824,1.30975,1.30743,1.30911,240,240,0,COMPLETE,
2024-09-11 12:00:00,1.30912,1.3093,1.30015,1.3023,240,240,0,COMPLETE,
2024-09-11 16:00:00,1.30227,1.30494,1.30198,1.3043,240,240,0,COMPLETE,
2024-09-11 20:00:00,1.30433,1.30453,1.30374,1.30374,238,240,2,UNEXPECTED_INCOMPLETE,UNEXPECTED
2024-09-12 00:00:00,1.30374,1.30429,1.30315,1.30426,240,240,0,COMPLETE,
2024-09-12 04:00:00,1.30426,1.30562,1.30369,1.30386,240,240,0,COMPLETE,
2024-09-12 08:00:00,1.30383,1.306,1.30319,1.3038,240,240,0,COMPLETE,
2024-09-12 12:00:00,1.3038,1.30841,1.3037,1.30798,240,240,0,COMPLETE,
2024-09-12 16:00:00,1.30798,1.31195,1.30794,1.31181,240,240,0,COMPLETE,
2024-09-12 20:00:00,1.31179,1.31321,1.31144,1.31319,240,240,0,COMPLETE,
2024-09-13 00:00:00,1.31319,1.31496,1.31305,1.31483,240,240,0,COMPLETE,
2024-09-13 04:00:00,1.31486,1.31503,1.31241,1.31456,240,240,0,COMPLETE,
2024-09-13 08:00:00,1.31455,1.3152,1.31157,1.31216,240,240,0,COMPLETE,
2024-09-13 12:00:00,1.31215,1.31576,1.31143,1.31392,240,240,0,COMPLETE,
2024-09-13 16:00:00,1.3139,1.31393,1.31174,1.31235,240,240,0,COMPLETE,
2024-09-13 20:00:00,1.31233,1.31267,1.31217,1.3124,59,240,181,EXPECTED_INCOMPLETE,EXPECTED
2024-09-14 00:00:00,,,,,0,240,240,SESSION_CLOSED_EXPECTED,EXPECTED
2024-09-14 04:00:00,,,,,0,240,240,SESSION_CLOSED_EXPECTED,EXPECTED
2024-09-14 08:00:00,,,,,0,240,240,SESSION_CLOSED_EXPECTED,EXPECTED
2024-09-14 12:00:00,,,,,0,240,240,SESSION_CLOSED_EXPECTED,EXPECTED
2024-09-14 16:00:00,,,,,0,240,240,SESSION_CLOSED_EXPECTED,EXPECTED
2024-09-14 20:00:00,,,,,0,240,240,SESSION_CLOSED_EXPECTED,EXPECTED
2024-09-15 00:00:00,,,,,0,240,240,SESSION_CLOSED_EXPECTED,EXPECTED
2024-09-15 04:00:00,,,,,0,240,240,SESSION_CLOSED_EXPECTED,EXPECTED
2024-09-15 08:00:00,,,,,0,240,240,SESSION_CLOSED_EXPECTED,EXPECTED
2024-09-15 12:00:00,,,,,0,240,240,SESSION_CLOSED_EXPECTED,EXPECTED
2024-09-15 16:00:00,,,,,0,240,240,SESSION_CLOSED_EXPECTED,EXPECTED
2024-09-15 20:00:00,1.31152,1.31365,1.31106,1.31345,175,240,65,EXPECTED_INCOMPLETE,EXPECTED
2024-09-16 00:00:00,1.31345,1.31628,1.31345,1.31594,240,240,0,COMPLETE,
2024-09-16 04:00:00,1.31591,1.31735,1.31519,1.31702,240,240,0,COMPLETE,
2024-09-16 08:00:00,1.31705,1.32036,1.31691,1.31995,240,240,0,COMPLETE,
2024-09-16 12:00:00,1.31996,1.32138,1.31871,1.32005,240,240,0,COMPLETE,
2024-09-16 16:00:00,1.32005,1.32134,1.31941,1.32121,240,240,0,COMPLETE,
2024-09-16 20:00:00,1.32122,1.32179,1.32045,1.32095,237,240,3,UNEXPECTED_INCOMPLETE,UNEXPECTED
2024-09-17 00:00:00,1.32096,1.32113,1.31998,1.3202,240,240,0,COMPLETE,
2024-09-17 04:00:00,1.32019,1.32185,1.31977,1.3217,240,240,0,COMPLETE,
2024-09-17 08:00:00,1.32168,1.32294,1.32064,1.32201,240,240,0,COMPLETE,
2024-09-17 12:00:00,1.32201,1.32245,1.31579,1.3163,240,240,0,COMPLETE,
2024-09-17 16:00:00,1.31627,1.31687,1.31454,1.31621,240,240,0,COMPLETE,
2024-09-17 20:00:00,1.31622,1.31678,1.31521,1.31669,240,240,0,COMPLETE,
2024-09-18 00:00:00,1.31666,1.31718,1.31609,1.31646,240,240,0,COMPLETE,
2024-09-18 04:00:00,1.31648,1.31992,1.31559,1.31977,240,240,0,COMPLETE,
2024-09-18 08:00:00,1.3198,1.32268,1.31943,1.32101,240,240,0,COMPLETE,
2024-09-18 12:00:00,1.32102,1.32537,1.31944,1.31978,240,240,0,COMPLETE,
2024-09-18 16:00:00,1.31973,1.32973,1.31748,1.31876,240,240,0,COMPLETE,
2024-09-18 20:00:00,1.31873,1.32178,1.31854,1.32027,240,240,0,COMPLETE,
2024-09-19 00:00:00,1.32029,1.32132,1.31528,1.32102,240,240,0,COMPLETE,
2024-09-19 04:00:00,1.32104,1.3258,1.32002,1.32467,240,240,0,COMPLETE,
2024-09-19 08:00:00,1.32465,1.33141,1.32443,1.32846,240,240,0,COMPLETE,
2024-09-19 12:00:00,1.32849,1.32906,1.32192,1.32784,240,240,0,COMPLETE,
2024-09-19 16:00:00,1.32786,1.3289,1.32733,1.32815,240,240,0,COMPLETE,
2024-09-19 20:00:00,1.32813,1.3286,1.32759,1.32806,238,240,2,UNEXPECTED_INCOMPLETE,UNEXPECTED
2024-09-20 00:00:00,1.32805,1.33012,1.32715,1.32938,240,240,0,COMPLETE,
2024-09-20 04:00:00,1.3294,1.33398,1.32863,1.33121,240,240,0,COMPLETE,
2024-09-20 08:00:00,1.33119,1.33167,1.32803,1.32995,240,240,0,COMPLETE,
2024-09-20 12:00:00,1.32994,1.33228,1.32677,1.33036,240,240,0,COMPLETE,
2024-09-20 16:00:00,1.33038,1.3331,1.33018,1.33155,240,240,0,COMPLETE,
2024-09-20 20:00:00,1.33158,1.33232,1.33131,1.33215,59,240,181,EXPECTED_INCOMPLETE,EXPECTED
2024-09-21 00:00:00,,,,,0,240,240,SESSION_CLOSED_EXPECTED,EXPECTED
2024-09-21 04:00:00,,,,,0,240,240,SESSION_CLOSED_EXPECTED,EXPECTED
2024-09-21 08:00:00,,,,,0,240,240,SESSION_CLOSED_EXPECTED,EXPECTED
2024-09-21 12:00:00,,,,,0,240,240,SESSION_CLOSED_EXPECTED,EXPECTED
2024-09-21 16:00:00,,,,,0,240,240,SESSION_CLOSED_EXPECTED,EXPECTED
2024-09-21 20:00:00,,,,,0,240,240,SESSION_CLOSED_EXPECTED,EXPECTED
2024-09-22 00:00:00,,,,,0,240,240,SESSION_CLOSED_EXPECTED,EXPECTED
2024-09-22 04:00:00,,,,,0,240,240,SESSION_CLOSED_EXPECTED,EXPECTED
2024-09-22 08:00:00,,,,,0,240,240,SESSION_CLOSED_EXPECTED,EXPECTED
2024-09-22 12:00:00,,,,,0,240,240,SESSION_CLOSED_EXPECTED,EXPECTED
2024-09-22 16:00:00,,,,,0,240,240,SESSION_CLOSED_EXPECTED,EXPECTED
2024-09-22 20:00:00,1.33009,1.33225,1.33007,1.33118,174,240,66,EXPECTED_INCOMPLETE,EXPECTED
2024-09-23 00:00:00,1.33117,1.33196,1.33074,1.33091,240,240,0,COMPLETE,
2024-09-23 04:00:00,1.3309,1.33201,1.32598,1.32619,240,240,0,COMPLETE,
2024-09-23 08:00:00,1.32617,1.33184,1.32481,1.33121,240,240,0,COMPLETE,
2024-09-23 12:00:00,1.33121,1.3359,1.32993,1.33501,240,240,0,COMPLETE,
2024-09-23 16:00:00,1.33503,1.33538,1.33367,1.33465,240,240,0,COMPLETE,
2024-09-23 20:00:00,1.33469,1.33502,1.33363,1.33482,240,240,0,COMPLETE,
2024-09-24 00:00:00,1.33482,1.33568,1.33396,1.33524,240,240,0,COMPLETE,
2024-09-24 04:00:00,1.33524,1.3366,1.33315,1.33488,240,240,0,COMPLETE,
2024-09-24 08:00:00,1.33488,1.33828,1.33484,1.33699,240,240,0,COMPLETE,
2024-09-24 12:00:00,1.33698,1.33983,1.33673,1.33749,240,240,0,COMPLETE,
2024-09-24 16:00:00,1.33751,1.34151,1.33749,1.34145,240,240,0,COMPLETE,
2024-09-24 20:00:00,1.34146,1.34275,1.34088,1.34265,240,240,0,COMPLETE,
2024-09-25 00:00:00,1.34265,1.34296,1.34102,1.34223,240,240,0,COMPLETE,
2024-09-25 04:00:00,1.34224,1.34232,1.33821,1.33889,240,240,0,COMPLETE,
2024-09-25 08:00:00,1.33887,1.33936,1.33633,1.33753,240,240,0,COMPLETE,
2024-09-25 12:00:00,1.33751,1.34121,1.33344,1.33374,240,240,0,COMPLETE,
2024-09-25 16:00:00,1.33373,1.33417,1.33121,1.33156,240,240,0,COMPLETE,
2024-09-25 20:00:00,1.33154,1.33231,1.3312,1.33134,239,240,1,UNEXPECTED_INCOMPLETE,UNEXPECTED
2024-09-26 00:00:00,1.33132,1.33402,1.33119,1.33385,240,240,0,COMPLETE,
2024-09-26 04:00:00,1.33385,1.33576,1.33338,1.33436,240,240,0,COMPLETE,
2024-09-26 08:00:00,1.33433,1.33887,1.33336,1.33737,240,240,0,COMPLETE,
2024-09-26 12:00:00,1.33737,1.34341,1.33504,1.34279,240,240,0,COMPLETE,
2024-09-26 16:00:00,1.34277,1.34277,1.34045,1.34143,240,240,0,COMPLETE,
2024-09-26 20:00:00,1.34143,1.34155,1.34053,1.34104,240,240,0,COMPLETE,
2024-09-27 00:00:00,1.34103,1.34105,1.33845,1.33925,240,240,0,COMPLETE,
2024-09-27 04:00:00,1.33925,1.33964,1.33602,1.33667,240,240,0,COMPLETE,
2024-09-27 08:00:00,1.3367,1.33972,1.33593,1.33877,240,240,0,COMPLETE,
2024-09-27 12:00:00,1.33876,1.34271,1.33797,1.33933,240,240,0,COMPLETE,
2024-09-27 16:00:00,1.33933,1.33959,1.33721,1.33762,240,240,0,COMPLETE,
2024-09-27 20:00:00,1.33758,1.33768,1.33687,1.33721,59,240,181,EXPECTED_INCOMPLETE,EXPECTED
2024-09-28 00:00:00,,,,,0,240,240,SESSION_CLOSED_EXPECTED,EXPECTED
2024-09-28 04:00:00,,,,,0,240,240,SESSION_CLOSED_EXPECTED,EXPECTED
2024-09-28 08:00:00,,,,,0,240,240,SESSION_CLOSED_EXPECTED,EXPECTED
2024-09-28 12:00:00,,,,,0,240,240,SESSION_CLOSED_EXPECTED,EXPECTED
2024-09-28 16:00:00,,,,,0,240,240,SESSION_CLOSED_EXPECTED,EXPECTED
2024-09-28 20:00:00,,,,,0,240,240,SESSION_CLOSED_EXPECTED,EXPECTED
2024-09-29 00:00:00,,,,,0,240,240,SESSION_CLOSED_EXPECTED,EXPECTED
2024-09-29 04:00:00,,,,,0,240,240,SESSION_CLOSED_EXPECTED,EXPECTED
2024-09-29 08:00:00,,,,,0,240,240,SESSION_CLOSED_EXPECTED,EXPECTED
2024-09-29 12:00:00,,,,,0,240,240,SESSION_CLOSED_EXPECTED,EXPECTED
2024-09-29 16:00:00,,,,,0,240,240,SESSION_CLOSED_EXPECTED,EXPECTED
2024-09-29 20:00:00,1.33678,1.33836,1.33652,1.3382,174,240,66,EXPECTED_INCOMPLETE,EXPECTED
2024-09-30 00:00:00,1.3382,1.33891,1.33731,1.33837,240,240,0,COMPLETE,
2024-09-30 04:00:00,1.33837,1.33987,1.33738,1.33981,240,240,0,COMPLETE,
2024-09-30 08:00:00,1.33981,1.34225,1.33854,1.34022,240,240,0,COMPLETE,
2024-09-30 12:00:00,1.3402,1.34165,1.33598,1.33969,240,240,0,COMPLETE,
2024-09-30 16:00:00,1.33969,1.34077,1.33496,1.33707,240,240,0,COMPLETE,
2024-09-30 20:00:00,1.33709,1.33821,1.33662,1.33768,238,240,2,UNEXPECTED_INCOMPLETE,UNEXPECTED
2024-10-01 00:00:00,1.3377,1.33893,1.33686,1.33702,240,240,0,COMPLETE,
2024-10-01 04:00:00,1.33702,1.33847,1.33339,1.33382,240,240,0,COMPLETE,
2024-10-01 08:00:00,1.33384,1.33488,1.33104,1.33199,240,240,0,COMPLETE,
2024-10-01 12:00:00,1.33199,1.33278,1.32632,1.32789,240,240,0,COMPLETE,
2024-10-01 16:00:00,1.32787,1.32899,1.32367,1.32802,240,240,0,COMPLETE,
2024-10-01 20:00:00,1.32806,1.32864,1.32715,1.32734,238,240,2,UNEXPECTED_INCOMPLETE,UNEXPECTED
2024-10-02 00:00:00,1.32738,1.32955,1.32737,1.32852,240,240,0,COMPLETE,
2024-10-02 04:00:00,1.32853,1.33003,1.32598,1.32873,240,240,0,COMPLETE,
2024-10-02 08:00:00,1.3287,1.3305,1.32745,1.32928,240,240,0,COMPLETE,
2024-10-02 12:00:00,1.32931,1.32958,1.3245,1.32698,240,240,0,COMPLETE,
2024-10-02 16:00:00,1.327,1.3278,1.32579,1.32707,240,240,0,COMPLETE,
2024-10-02 20:00:00,1.32705,1.32768,1.32589,1.32622,240,240,0,COMPLETE,
2024-10-03 00:00:00,1.3262,1.32649,1.32457,1.32501,240,240,0,COMPLETE,
2024-10-03 04:00:00,1.32502,1.3252,1.3148,1.31542,240,240,0,COMPLETE,
2024-10-03 08:00:00,1.31544,1.31557,1.30921,1.31125,240,240,0,COMPLETE,
2024-10-03 12:00:00,1.31123,1.31263,1.30914,1.31113,240,240,0,COMPLETE,
2024-10-03 16:00:00,1.31113,1.31315,1.311,1.31208,240,240,0,COMPLETE,
2024-10-03 20:00:00,1.31206,1.31315,1.3118,1.3128,237,240,3,UNEXPECTED_INCOMPLETE,UNEXPECTED
2024-10-04 00:00:00,1.31279,1.31352,1.31229,1.31278,240,240,0,COMPLETE,
2024-10-04 04:00:00,1.31278,1.3167,1.3123,1.31581,240,240,0,COMPLETE,
2024-10-04 08:00:00,1.31583,1.31738,1.31442,1.31691,240,240,0,COMPLETE,
2024-10-04 12:00:00,1.31691,1.31745,1.30694,1.31056,240,240,0,COMPLETE,
2024-10-04 16:00:00,1.31056,1.31283,1.30952,1.31261,240,240,0,COMPLETE,
2024-10-04 20:00:00,1.31263,1.31292,1.31171,1.31251,59,240,181,EXPECTED_INCOMPLETE,EXPECTED
2024-10-05 00:00:00,,,,,0,240,240,SESSION_CLOSED_EXPECTED,EXPECTED
2024-10-05 04:00:00,,,,,0,240,240,SESSION_CLOSED_EXPECTED,EXPECTED
2024-10-05 08:00:00,,,,,0,240,240,SESSION_CLOSED_EXPECTED,EXPECTED
2024-10-05 12:00:00,,,,,0,240,240,SESSION_CLOSED_EXPECTED,EXPECTED
2024-10-05 16:00:00,,,,,0,240,240,SESSION_CLOSED_EXPECTED,EXPECTED
2024-10-05 20:00:00,,,,,0,240,240,SESSION_CLOSED_EXPECTED,EXPECTED
2024-10-06 00:00:00,,,,,0,240,240,SESSION_CLOSED_EXPECTED,EXPECTED
2024-10-06 04:00:00,,,,,0,240,240,SESSION_CLOSED_EXPECTED,EXPECTED
2024-10-06 08:00:00,,,,,0,240,240,SESSION_CLOSED_EXPECTED,EXPECTED
2024-10-06 12:00:00,,,,,0,240,240,SESSION_CLOSED_EXPECTED,EXPECTED
2024-10-06 16:00:00,,,,,0,240,240,SESSION_CLOSED_EXPECTED,EXPECTED
2024-10-06 20:00:00,1.31013,1.31246,1.31007,1.31225,175,240,65,EXPECTED_INCOMPLETE,EXPECTED
2024-10-07 00:00:00,1.31225,1.31344,1.31181,1.31288,240,240,0,COMPLETE,
2024-10-07 04:00:00,1.31292,1.31307,1.3099,1.31116,240,240,0,COMPLETE,
2024-10-07 08:00:00,1.31119,1.31164,1.3059,1.30815,240,240,0,COMPLETE,
2024-10-07 12:00:00,1.30818,1.30937,1.30659,1.30794,240,240,0,COMPLETE,
2024-10-07 16:00:00,1.30791,1.30962,1.30685,1.3082,240,240,0,COMPLETE,
2024-10-07 20:00:00,1.30822,1.30879,1.30779,1.30838,238,240,2,UNEXPECTED_INCOMPLETE,UNEXPECTED
2024-10-08 00:00:00,1.30837,1.31032,1.30837,1.30923,240,240,0,COMPLETE,
2024-10-08 04:00:00,1.30924,1.31029,1.30634,1.31011,240,240,0,COMPLETE,
2024-10-08 08:00:00,1.31014,1.31069,1.30857,1.31048,240,240,0,COMPLETE,
2024-10-08 12:00:00,1.31048,1.31131,1.30805,1.3092,240,240,0,COMPLETE,
2024-10-08 16:00:00,1.30918,1.31004,1.30755,1.30993,240,240,0,COMPLETE,
2024-10-08 20:00:00,1.30995,1.31051,1.30927,1.30929,240,240,0,COMPLETE,
2024-10-09 00:00:00,1.30927,1.31028,1.30825,1.30849,240,240,0,COMPLETE,
2024-10-09 04:00:00,1.30849,1.31014,1.30552,1.30824,240,240,0,COMPLETE,
2024-10-09 08:00:00,1.30822,1.30953,1.30675,1.30838,240,240,0,COMPLETE,
2024-10-09 12:00:00,1.30841,1.30888,1.3065,1.30784,240,240,0,COMPLETE,
2024-10-09 16:00:00,1.30781,1.30781,1.30617,1.30639,240,240,0,COMPLETE,
2024-10-09 20:00:00,1.3064,1.30749,1.30593,1.30662,239,240,1,UNEXPECTED_INCOMPLETE,UNEXPECTED
2024-10-10 00:00:00,1.30663,1.30775,1.30642,1.30754,240,240,0,COMPLETE,
2024-10-10 04:00:00,1.30753,1.30886,1.30674,1.30829,240,240,0,COMPLETE,
2024-10-10 08:00:00,1.30832,1.30934,1.30659,1.30663,240,240,0,COMPLETE,
2024-10-10 12:00:00,1.30666,1.30889,1.30217,1.30517,240,240,0,COMPLETE,
2024-10-10 16:00:00,1.30521,1.30591,1.30215,1.30548,240,240,0,COMPLETE,
2024-10-10 20:00:00,1.30553,1.3064,1.30521,1.3061,239,240,1,UNEXPECTED_INCOMPLETE,UNEXPECTED
2024-10-11 00:00:00,1.30609,1.30662,1.30514,1.30545,240,240,0,COMPLETE,
2024-10-11 04:00:00,1.30544,1.30746,1.30411,1.30742,240,240,0,COMPLETE,
2024-10-11 08:00:00,1.30743,1.3081,1.30511,1.30605,240,240,0,COMPLETE,
2024-10-11 12:00:00,1.30607,1.30829,1.30544,1.3069,240,240,0,COMPLETE,
2024-10-11 16:00:00,1.30688,1.30778,1.30637,1.30646,240,240,0,COMPLETE,
2024-10-11 20:00:00,1.30641,1.30714,1.30622,1.30679,59,240,181,EXPECTED_INCOMPLETE,EXPECTED
2024-10-12 00:00:00,,,,,0,240,240,SESSION_CLOSED_EXPECTED,EXPECTED
2024-10-12 04:00:00,,,,,0,240,240,SESSION_CLOSED_EXPECTED,EXPECTED
2024-10-12 08:00:00,,,,,0,240,240,SESSION_CLOSED_EXPECTED,EXPECTED
2024-10-12 12:00:00,,,,,0,240,240,SESSION_CLOSED_EXPECTED,EXPECTED
2024-10-12 16:00:00,,,,,0,240,240,SESSION_CLOSED_EXPECTED,EXPECTED
2024-10-12 20:00:00,,,,,0,240,240,SESSION_CLOSED_EXPECTED,EXPECTED
2024-10-13 00:00:00,,,,,0,240,240,SESSION_CLOSED_EXPECTED,EXPECTED
2024-10-13 04:00:00,,,,,0,240,240,SESSION_CLOSED_EXPECTED,EXPECTED
2024-10-13 08:00:00,,,,,0,240,240,SESSION_CLOSED_EXPECTED,EXPECTED
2024-10-13 12:00:00,,,,,0,240,240,SESSION_CLOSED_EXPECTED,EXPECTED
2024-10-13 16:00:00,,,,,0,240,240,SESSION_CLOSED_EXPECTED,EXPECTED
2024-10-13 20:00:00,1.30575,1.30658,1.30461,1.3048,174,240,66,EXPECTED_INCOMPLETE,EXPECTED
2024-10-14 00:00:00,1.3048,1.30622,1.30398,1.30588,240,240,0,COMPLETE,
2024-10-14 04:00:00,1.30587,1.30715,1.30556,1.30613,240,240,0,COMPLETE,
2024-10-14 08:00:00,1.30613,1.30677,1.30368,1.30383,240,240,0,COMPLETE,
2024-10-14 12:00:00,1.30381,1.30597,1.30294,1.3049,240,240,0,COMPLETE,
2024-10-14 16:00:00,1.30488,1.30609,1.30414,1.30547,240,240,0,COMPLETE,
2024-10-14 20:00:00,1.30545,1.30672,1.30535,1.30665,239,240,1,UNEXPECTED_INCOMPLETE,UNEXPECTED
2024-10-15 00:00:00,1.30665,1.30684,1.30534,1.3054,240,240,0,COMPLETE,
2024-10-15 04:00:00,1.3054,1.30736,1.30351,1.30728,240,240,0,COMPLETE,
2024-10-15 08:00:00,1.30728,1.30964,1.30669,1.30756,240,240,0,COMPLETE,
2024-10-15 12:00:00,1.30761,1.31023,1.30735,1.30817,240,240,0,COMPLETE,
2024-10-15 16:00:00,1.30818,1.30848,1.306,1.30672,240,240,0,COMPLETE,
2024-10-15 20:00:00,1.30667,1.30755,1.30625,1.30645,240,240,0,COMPLETE,
2024-10-16 00:00:00,1.30645,1.30769,1.30594,1.30705,240,240,0,COMPLETE,
2024-10-16 04:00:00,1.30704,1.30764,1.29818,1.30005,240,240,0,COMPLETE,
2024-10-16 08:00:00,1.30005,1.3032,1.2991,1.30304,240,240,0,COMPLETE,
2024-10-16 12:00:00,1.30306,1.30372,1.29953,1.29989,240,240,0,COMPLETE,
2024-10-16 16:00:00,1.2999,1.30053,1.29764,1.29816,240,240,0,COMPLETE,
2024-10-16 20:00:00,1.29817,1.2991,1.29809,1.29909,239,240,1,UNEXPECTED_INCOMPLETE,UNEXPECTED
2024-10-17 00:00:00,1.29907,1.3001,1.29802,1.29861,240,240,0,COMPLETE,
2024-10-17 04:00:00,1.29863,1.29926,1.29731,1.29837,240,240,0,COMPLETE,
2024-10-17 08:00:00,1.29836,1.3017,1.29746,1.3015,240,240,0,COMPLETE,
2024-10-17 12:00:00,1.30151,1.30228,1.29793,1.30071,240,240,0,COMPLETE,
2024-10-17 16:00:00,1.30072,1.30149,1.29983,1.30124,240,240,0,COMPLETE,
2024-10-17 20:00:00,1.30124,1.30164,1.30058,1.3014,239,240,1,UNEXPECTED_INCOMPLETE,UNEXPECTED
2024-10-18 00:00:00,1.30141,1.30261,1.30104,1.30205,240,240,0,COMPLETE,
2024-10-18 04:00:00,1.30203,1.30706,1.30191,1.30518,240,240,0,COMPLETE,
2024-10-18 08:00:00,1.3052,1.30531,1.30338,1.30448,240,240,0,COMPLETE,
2024-10-18 12:00:00,1.3045,1.30663,1.30194,1.30211,240,240,0,COMPLETE,
2024-10-18 16:00:00,1.30211,1.30455,1.30196,1.30422,240,240,0,COMPLETE,
2024-10-18 20:00:00,1.3042,1.30512,1.30409,1.30511,59,240,181,EXPECTED_INCOMPLETE,EXPECTED
2024-10-19 00:00:00,,,,,0,240,240,SESSION_CLOSED_EXPECTED,EXPECTED
2024-10-19 04:00:00,,,,,0,240,240,SESSION_CLOSED_EXPECTED,EXPECTED
2024-10-19 08:00:00,,,,,0,240,240,SESSION_CLOSED_EXPECTED,EXPECTED
2024-10-19 12:00:00,,,,,0,240,240,SESSION_CLOSED_EXPECTED,EXPECTED
2024-10-19 16:00:00,,,,,0,240,240,SESSION_CLOSED_EXPECTED,EXPECTED
2024-10-19 20:00:00,,,,,0,240,240,SESSION_CLOSED_EXPECTED,EXPECTED
2024-10-20 00:00:00,,,,,0,240,240,SESSION_CLOSED_EXPECTED,EXPECTED
2024-10-20 04:00:00,,,,,0,240,240,SESSION_CLOSED_EXPECTED,EXPECTED
2024-10-20 08:00:00,,,,,0,240,240,SESSION_CLOSED_EXPECTED,EXPECTED
2024-10-20 12:00:00,,,,,0,240,240,SESSION_CLOSED_EXPECTED,EXPECTED
2024-10-20 16:00:00,,,,,0,240,240,SESSION_CLOSED_EXPECTED,EXPECTED
2024-10-20 20:00:00,1.30378,1.30555,1.30303,1.30512,175,240,65,EXPECTED_INCOMPLETE,EXPECTED
2024-10-21 00:00:00,1.30514,1.30531,1.30418,1.30498,240,240,0,COMPLETE,
2024-10-21 04:00:00,1.30497,1.30498,1.30193,1.30217,240,240,0,COMPLETE,
2024-10-21 08:00:00,1.30216,1.30333,1.30115,1.30187,240,240,0,COMPLETE,
2024-10-21 12:00:00,1.30185,1.30331,1.29792,1.29794,240,240,0,COMPLETE,
2024-10-21 16:00:00,1.29792,1.2991,1.29764,1.29837,240,240,0,COMPLETE,
2024-10-21 20:00:00,1.29836,1.29855,1.29779,1.29822,240,240,0,COMPLETE,
2024-10-22 00:00:00,1.29823,1.2995,1.29793,1.29946,240,240,0,COMPLETE,
2024-10-22 04:00:00,1.29947,1.30144,1.2993,1.30089,240,240,0,COMPLETE,
2024-10-22 08:00:00,1.30086,1.30101,1.29652,1.29786,240,240,0,COMPLETE,
2024-10-22 12:00:00,1.29787,1.29846,1.29441,1.29679,240,240,0,COMPLETE,
2024-10-22 16:00:00,1.29676,1.2984,1.29653,1.29826,240,240,0,COMPLETE,
2024-10-22 20:00:00,1.29824,1.29878,1.29775,1.29803,240,240,0,COMPLETE,
2024-10-23 00:00:00,1.298,1.29912,1.29707,1.29849,240,240,0,COMPLETE,
2024-10-23 04:00:00,1.29849,1.29945,1.29621,1.29635,240,240,0,COMPLETE,
2024-10-23 08:00:00,1.29633,1.29884,1.29496,1.29507,240,240,0,COMPLETE,
2024-10-23 12:00:00,1.29508,1.29613,1.29345,1.29435,240,240,0,COMPLETE,
2024-10-23 16:00:00,1.29434,1.29476,1.29069,1.29322,240,240,0,COMPLETE,
2024-10-23 20:00:00,1.29322,1.29331,1.29068,1.2915,239,240,1,UNEXPECTED_INCOMPLETE,UNEXPECTED
2024-10-24 00:00:00,1.29153,1.29281,1.29113,1.29248,240,240,0,COMPLETE,
2024-10-24 04:00:00,1.29247,1.29681,1.29236,1.29615,240,240,0,COMPLETE,
2024-10-24 08:00:00,1.29615,1.29809,1.2948,1.29723,240,240,0,COMPLETE,
2024-10-24 12:00:00,1.29723,1.29878,1.29533,1.29629,240,240,0,COMPLETE,
2024-10-24 16:00:00,1.29627,1.29775,1.29476,1.29749,240,240,0,COMPLETE,
2024-10-24 20:00:00,1.29752,1.29771,1.29649,1.2971,240,240,0,COMPLETE,
2024-10-25 00:00:00,1.29714,1.29734,1.29605,1.29627,240,240,0,COMPLETE,
2024-10-25 04:00:00,1.29627,1.29764,1.29553,1.29701,240,240,0,COMPLETE,
2024-10-25 08:00:00,1.29697,1.2992,1.29678,1.29863,240,240,0,COMPLETE,
2024-10-25 12:00:00,1.29861,1.29982,1.29763,1.2977,240,240,0,COMPLETE,
2024-10-25 16:00:00,1.2977,1.29796,1.29579,1.29593,240,240,0,COMPLETE,
2024-10-25 20:00:00,1.29593,1.29624,1.29578,1.29609,59,240,181,EXPECTED_INCOMPLETE,EXPECTED
2024-10-26 00:00:00,,,,,0,240,240,SESSION_CLOSED_EXPECTED,EXPECTED
2024-10-26 04:00:00,,,,,0,240,240,SESSION_CLOSED_EXPECTED,EXPECTED
2024-10-26 08:00:00,,,,,0,240,240,SESSION_CLOSED_EXPECTED,EXPECTED
2024-10-26 12:00:00,,,,,0,240,240,SESSION_CLOSED_EXPECTED,EXPECTED
2024-10-26 16:00:00,,,,,0,240,240,SESSION_CLOSED_EXPECTED,EXPECTED
2024-10-26 20:00:00,,,,,0,240,240,SESSION_CLOSED_EXPECTED,EXPECTED
2024-10-27 00:00:00,,,,,0,240,240,SESSION_CLOSED_EXPECTED,EXPECTED
2024-10-27 04:00:00,,,,,0,240,240,SESSION_CLOSED_EXPECTED,EXPECTED
2024-10-27 08:00:00,,,,,0,240,240,SESSION_CLOSED_EXPECTED,EXPECTED
2024-10-27 12:00:00,,,,,0,240,240,SESSION_CLOSED_EXPECTED,EXPECTED
2024-10-27 16:00:00,,,,,0,240,240,SESSION_CLOSED_EXPECTED,EXPECTED
2024-10-27 20:00:00,1.29494,1.29634,1.29494,1.29573,175,240,65,EXPECTED_INCOMPLETE,EXPECTED
2024-10-28 00:00:00,1.2957,1.29632,1.29421,1.29425,240,240,0,COMPLETE,
2024-10-28 04:00:00,1.29424,1.29716,1.2939,1.29698,240,240,0,COMPLETE,
2024-10-28 08:00:00,1.29697,1.29938,1.29598,1.29909,240,240,0,COMPLETE,
2024-10-28 12:00:00,1.29907,1.30014,1.29776,1.29798,240,240,0,COMPLETE,
2024-10-28 16:00:00,1.29797,1.29882,1.29673,1.29733,240,240,0,COMPLETE,
2024-10-28 20:00:00,1.29735,1.29755,1.29642,1.29741,239,240,1,UNEXPECTED_INCOMPLETE,UNEXPECTED
2024-10-29 00:00:00,1.29741,1.29768,1.29575,1.296,240,240,0,COMPLETE,
2024-10-29 04:00:00,1.29601,1.29737,1.29577,1.29704,240,240,0,COMPLETE,
2024-10-29 08:00:00,1.29702,1.29924,1.29692,1.29853,240,240,0,COMPLETE,
2024-10-29 12:00:00,1.29853,1.30069,1.29666,1.30036,240,240,0,COMPLETE,
2024-10-29 16:00:00,1.30039,1.30113,1.29893,1.30054,240,240,0,COMPLETE,
2024-10-29 20:00:00,1.30052,1.30165,1.30005,1.30108,239,240,1,UNEXPECTED_INCOMPLETE,UNEXPECTED
2024-10-30 00:00:00,1.30107,1.30199,1.2996,1.29986,240,240,0,COMPLETE,
2024-10-30 04:00:00,1.29986,1.30133,1.29951,1.30081,240,240,0,COMPLETE,
2024-10-30 08:00:00,1.30082,1.30265,1.29621,1.29708,240,240,0,COMPLETE,
2024-10-30 12:00:00,1.29705,1.3043,1.29364,1.30112,240,240,0,COMPLETE,
2024-10-30 16:00:00,1.30109,1.30179,1.29667,1.29699,240,240,0,COMPLETE,
2024-10-30 20:00:00,1.29695,1.29702,1.29535,1.29579,239,240,1,UNEXPECTED_INCOMPLETE,UNEXPECTED
2024-10-31 00:00:00,1.29579,1.29596,1.29421,1.29493,240,240,0,COMPLETE,
2024-10-31 04:00:00,1.29492,1.2999,1.29459,1.29951,240,240,0,COMPLETE,
2024-10-31 08:00:00,1.29948,1.29995,1.29577,1.29779,240,240,0,COMPLETE,
2024-10-31 12:00:00,1.29779,1.29976,1.2843,1.28553,240,240,0,COMPLETE,
2024-10-31 16:00:00,1.28549,1.28936,1.28544,1.28915,240,240,0,COMPLETE,
2024-10-31 20:00:00,1.28913,1.29024,1.28849,1.28963,237,240,3,UNEXPECTED_INCOMPLETE,UNEXPECTED
2024-11-01 00:00:00,1.28963,1.2902,1.28882,1.28981,240,240,0,COMPLETE,
2024-11-01 04:00:00,1.28981,1.29025,1.2884,1.28976,240,240,0,COMPLETE,
2024-11-01 08:00:00,1.28973,1.29225,1.28874,1.29194,240,240,0,COMPLETE,
2024-11-01 12:00:00,1.29192,1.29798,1.2916,1.2959,240,240,0,COMPLETE,
2024-11-01 16:00:00,1.29586,1.29625,1.29196,1.29202,240,240,0,COMPLETE,
2024-11-01 20:00:00,1.29202,1.29224,1.29156,1.29195,59,240,181,EXPECTED_INCOMPLETE,EXPECTED
2024-11-02 00:00:00,,,,,0,240,240,SESSION_CLOSED_EXPECTED,EXPECTED
2024-11-02 04:00:00,,,,,0,240,240,SESSION_CLOSED_EXPECTED,EXPECTED
2024-11-02 08:00:00,,,,,0,240,240,SESSION_CLOSED_EXPECTED,EXPECTED
2024-11-02 12:00:00,,,,,0,240,240,SESSION_CLOSED_EXPECTED,EXPECTED
2024-11-02 16:00:00,,,,,0,240,240,SESSION_CLOSED_EXPECTED,EXPECTED
2024-11-02 20:00:00,,,,,0,240,240,SESSION_CLOSED_EXPECTED,EXPECTED
2024-11-03 00:00:00,,,,,0,240,240,SESSION_CLOSED_EXPECTED,EXPECTED
2024-11-03 04:00:00,,,,,0,240,240,SESSION_CLOSED_EXPECTED,EXPECTED
2024-11-03 08:00:00,,,,,0,240,240,SESSION_CLOSED_EXPECTED,EXPECTED
2024-11-03 12:00:00,,,,,0,240,240,SESSION_CLOSED_EXPECTED,EXPECTED
2024-11-03 16:00:00,,,,,0,240,240,SESSION_CLOSED_EXPECTED,EXPECTED
2024-11-03 20:00:00,1.29667,1.29668,1.29484,1.29517,115,240,125,EXPECTED_INCOMPLETE,EXPECTED
2024-11-04 00:00:00,1.29519,1.29983,1.29508,1.29927,240,240,0,COMPLETE,
2024-11-04 04:00:00,1.29926,1.29968,1.29687,1.29694,240,240,0,COMPLETE,
2024-11-04 08:00:00,1.29699,1.29827,1.29449,1.29767,240,240,0,COMPLETE,
2024-11-04 12:00:00,1.29764,1.2993,1.29588,1.29803,240,240,0,COMPLETE,
2024-11-04 16:00:00,1.29804,1.29811,1.29338,1.29534,240,240,0,COMPLETE,
2024-11-04 20:00:00,1.29532,1.29586,1.29489,1.29537,238,240,2,UNEXPECTED_INCOMPLETE,UNEXPECTED
2024-11-05 00:00:00,1.29537,1.29615,1.29474,1.29532,240,240,0,COMPLETE,
2024-11-05 04:00:00,1.29531,1.29813,1.29523,1.29764,240,240,0,COMPLETE,
2024-11-05 08:00:00,1.29766,1.29941,1.29706,1.29904,240,240,0,COMPLETE,
2024-11-05 12:00:00,1.29908,1.30205,1.29781,1.30014,240,240,0,COMPLETE,
2024-11-05 16:00:00,1.30014,1.30371,1.29999,1.30208,240,240,0,COMPLETE,
2024-11-05 20:00:00,1.30206,1.30474,1.30157,1.3042,239,240,1,UNEXPECTED_INCOMPLETE,UNEXPECTED
2024-11-06 00:00:00,1.30421,1.30434,1.28632,1.28878,240,240,0,COMPLETE,
2024-11-06 04:00:00,1.28876,1.29274,1.28458,1.28657,240,240,0,COMPLETE,
2024-11-06 08:00:00,1.28654,1.29232,1.28507,1.28565,240,240,0,COMPLETE,
2024-11-06 12:00:00,1.28564,1.28892,1.28336,1.28891,240,240,0,COMPLETE,
2024-11-06 16:00:00,1.28891,1.2919,1.287,1.289,240,240,0,COMPLETE,
2024-11-06 20:00:00,1.28901,1.28979,1.28638,1.28822,237,240,3,UNEXPECTED_INCOMPLETE,UNEXPECTED
2024-11-07 00:00:00,1.2882,1.29233,1.28754,1.29217,240,240,0,COMPLETE,
2024-11-07 04:00:00,1.29218,1.29468,1.2914,1.29296,240,240,0,COMPLETE,
2024-11-07 08:00:00,1.29298,1.29389,1.28987,1.29056,240,240,0,COMPLETE,
2024-11-07 12:00:00,1.29066,1.30088,1.28989,1.29954,240,240,0,COMPLETE,
2024-11-07 16:00:00,1.29953,1.30005,1.29481,1.29651,240,240,0,COMPLETE,
2024-11-07 20:00:00,1.29652,1.29911,1.29604,1.29823,238,240,2,UNEXPECTED_INCOMPLETE,UNEXPECTED
2024-11-08 00:00:00,1.29823,1.29839,1.29623,1.29644,240,240,0,COMPLETE,
2024-11-08 04:00:00,1.29643,1.29739,1.29608,1.29645,240,240,0,COMPLETE,
2024-11-08 08:00:00,1.29642,1.29763,1.2935,1.29675,240,240,0,COMPLETE,
2024-11-08 12:00:00,1.29677,1.29683,1.29219,1.29381,240,240,0,COMPLETE,
2024-11-08 16:00:00,1.29378,1.29444,1.28828,1.29119,240,240,0,COMPLETE,
2024-11-08 20:00:00,1.29118,1.29245,1.29087,1.29198,119,240,121,EXPECTED_INCOMPLETE,EXPECTED
2024-11-09 00:00:00,,,,,0,240,240,SESSION_CLOSED_EXPECTED,EXPECTED
2024-11-09 04:00:00,,,,,0,240,240,SESSION_CLOSED_EXPECTED,EXPECTED
2024-11-09 08:00:00,,,,,0,240,240,SESSION_CLOSED_EXPECTED,EXPECTED
2024-11-09 12:00:00,,,,,0,240,240,SESSION_CLOSED_EXPECTED,EXPECTED
2024-11-09 16:00:00,,,,,0,240,240,SESSION_CLOSED_EXPECTED,EXPECTED
2024-11-09 20:00:00,,,,,0,240,240,SESSION_CLOSED_EXPECTED,EXPECTED
2024-11-10 00:00:00,,,,,0,240,240,SESSION_CLOSED_EXPECTED,EXPECTED
2024-11-10 04:00:00,,,,,0,240,240,SESSION_CLOSED_EXPECTED,EXPECTED
2024-11-10 08:00:00,,,,,0,240,240,SESSION_CLOSED_EXPECTED,EXPECTED
2024-11-10 12:00:00,,,,,0,240,240,SESSION_CLOSED_EXPECTED,EXPECTED
2024-11-10 16:00:00,,,,,0,240,240,SESSION_CLOSED_EXPECTED,EXPECTED
2024-11-10 20:00:00,1.28956,1.29173,1.28935,1.29149,115,240,125,EXPECTED_INCOMPLETE,EXPECTED
2024-11-11 00:00:00,1.29148,1.29254,1.29091,1.29138,240,240,0,COMPLETE,
2024-11-11 04:00:00,1.29138,1.29219,1.28907,1.28949,240,240,0,COMPLETE,
2024-11-11 08:00:00,1.28947,1.29063,1.28764,1.28848,240,240,0,COMPLETE,
2024-11-11 12:00:00,1.28847,1.28898,1.28556,1.28691,240,240,0,COMPLETE,
2024-11-11 16:00:00,1.28693,1.28778,1.28567,1.28617,240,240,0,COMPLETE,
2024-11-11 20:00:00,1.2862,1.28734,1.28617,1.28734,240,240,0,COMPLETE,
2024-11-12 00:00:00,1.2873,1.2873,1.28401,1.28412,240,240,0,COMPLETE,
2024-11-12 04:00:00,1.2841,1.28468,1.28001,1.28138,240,240,0,COMPLETE,
2024-11-12 08:00:00,1.28135,1.28308,1.27919,1.28206,240,240,0,COMPLETE,
2024-11-12 12:00:00,1.28205,1.28285,1.27555,1.27627,240,240,0,COMPLETE,
2024-11-12 16:00:00,1.27625,1.27654,1.27185,1.27359,240,240,0,COMPLETE,
2024-11-12 20:00:00,1.2736,1.27505,1.2735,1.27362,240,240,0,COMPLETE,
2024-11-13 00:00:00,1.27363,1.27544,1.27307,1.27437,240,240,0,COMPLETE,
2024-11-13 04:00:00,1.27438,1.27476,1.27294,1.27352,240,240,0,COMPLETE,
2024-11-13 08:00:00,1.2735,1.27557,1.27292,1.27539,240,240,0,COMPLETE,
2024-11-13 12:00:00,1.27541,1.27687,1.2686,1.27236,240,240,0,COMPLETE,
2024-11-13 16:00:00,1.27232,1.27262,1.26995,1.27047,240,240,0,COMPLETE,
2024-11-13 20:00:00,1.2705,1.27114,1.26938,1.27066,238,240,2,UNEXPECTED_INCOMPLETE,UNEXPECTED
2024-11-14 00:00:00,1.27067,1.27103,1.26824,1.26835,240,240,0,COMPLETE,
2024-11-14 04:00:00,1.26835,1.26951,1.26724,1.26867,240,240,0,COMPLETE,
2024-11-14 08:00:00,1.26869,1.26927,1.26291,1.26581,240,240,0,COMPLETE,
2024-11-14 12:00:00,1.26579,1.27114,1.26451,1.27074,240,240,0,COMPLETE,
2024-11-14 16:00:00,1.27071,1.27197,1.26825,1.26868,240,240,0,COMPLETE,
2024-11-14 20:00:00,1.26866,1.26877,1.26467,1.26665,239,240,1,UNEXPECTED_INCOMPLETE,UNEXPECTED
2024-11-15 00:00:00,1.26666,1.2682,1.26563,1.26752,240,240,0,COMPLETE,
2024-11-15 04:00:00,1.26748,1.26899,1.26658,1.26663,240,240,0,COMPLETE,
2024-11-15 08:00:00,1.26661,1.26966,1.26484,1.2689,240,240,0,COMPLETE,
2024-11-15 12:00:00,1.26891,1.26921,1.26137,1.26278,240,240,0,COMPLETE,
2024-11-15 16:00:00,1.2628,1.2642,1.26108,1.26112,240,240,0,COMPLETE,
2024-11-15 20:00:00,1.26112,1.26211,1.25966,1.26189,119,240,121,EXPECTED_INCOMPLETE,EXPECTED
2024-11-16 00:00:00,,,,,0,240,240,SESSION_CLOSED_EXPECTED,EXPECTED
2024-11-16 04:00:00,,,,,0,240,240,SESSION_CLOSED_EXPECTED,EXPECTED
2024-11-16 08:00:00,,,,,0,240,240,SESSION_CLOSED_EXPECTED,EXPECTED
2024-11-16 12:00:00,,,,,0,240,240,SESSION_CLOSED_EXPECTED,EXPECTED
2024-11-16 16:00:00,,,,,0,240,240,SESSION_CLOSED_EXPECTED,EXPECTED
2024-11-16 20:00:00,,,,,0,240,240,SESSION_CLOSED_EXPECTED,EXPECTED
2024-11-17 00:00:00,,,,,0,240,240,SESSION_CLOSED_EXPECTED,EXPECTED
2024-11-17 04:00:00,,,,,0,240,240,SESSION_CLOSED_EXPECTED,EXPECTED
2024-11-17 08:00:00,,,,,0,240,240,SESSION_CLOSED_EXPECTED,EXPECTED
2024-11-17 12:00:00,,,,,0,240,240,SESSION_CLOSED_EXPECTED,EXPECTED
2024-11-17 16:00:00,,,,,0,240,240,SESSION_CLOSED_EXPECTED,EXPECTED
2024-11-17 20:00:00,1.26101,1.26216,1.25969,1.26189,115,240,125,EXPECTED_INCOMPLETE,EXPECTED
2024-11-18 00:00:00,1.26191,1.26419,1.26147,1.26248,240,240,0,COMPLETE,
2024-11-18 04:00:00,1.2625,1.26404,1.26187,1.26255,240,240,0,COMPLETE,
2024-11-18 08:00:00,1.26257,1.2636,1.26124,1.26179,240,240,0,COMPLETE,
2024-11-18 12:00:00,1.26179,1.26434,1.2616,1.26393,240,240,0,COMPLETE,
2024-11-18 16:00:00,1.26391,1.26864,1.26386,1.26711,240,240,0,COMPLETE,
2024-11-18 20:00:00,1.26709,1.26812,1.26704,1.26781,239,240,1,UNEXPECTED_INCOMPLETE,UNEXPECTED
2024-11-19 00:00:00,1.2678,1.26888,1.26654,1.26848,240,240,0,COMPLETE,
2024-11-19 04:00:00,1.2685,1.26892,1.26625,1.26724,240,240,0,COMPLETE,
2024-11-19 08:00:00,1.26722,1.26794,1.26125,1.26344,240,240,0,COMPLETE,
2024-11-19 12:00:00,1.26347,1.26703,1.26269,1.26637,240,240,0,COMPLETE,
2024-11-19 16:00:00,1.26638,1.26818,1.2661,1.26755,240,240,0,COMPLETE,
2024-11-19 20:00:00,1.26754,1.26937,1.26728,1.26937,238,240,2,UNEXPECTED_INCOMPLETE,UNEXPECTED
2024-11-20 00:00:00,1.26936,1.26952,1.26796,1.26816,240,240,0,COMPLETE,
2024-11-20 04:00:00,1.26816,1.27143,1.26785,1.26949,240,240,0,COMPLETE,
2024-11-20 08:00:00,1.26954,1.26965,1.26486,1.26623,240,240,0,COMPLETE,
2024-11-20 12:00:00,1.26627,1.2675,1.26376,1.26529,240,240,0,COMPLETE,
2024-11-20 16:00:00,1.26529,1.26615,1.26303,1.26471,240,240,0,COMPLETE,
2024-11-20 20:00:00,1.26469,1.2655,1.26425,1.26549,239,240,1,UNEXPECTED_INCOMPLETE,UNEXPECTED
2024-11-21 00:00:00,1.26548,1.26591,1.26497,1.26584,240,240,0,COMPLETE,
2024-11-21 04:00:00,1.26584,1.26599,1.26363,1.2648,240,240,0,COMPLETE,
2024-11-21 08:00:00,1.26482,1.26512,1.26225,1.26379,240,240,0,COMPLETE,
2024-11-21 12:00:00,1.26381,1.26573,1.26165,1.26176,240,240,0,COMPLETE,
2024-11-21 16:00:00,1.26172,1.2622,1.25756,1.26011,240,240,0,COMPLETE,
2024-11-21 20:00:00,1.26008,1.26049,1.25829,1.25845,239,240,1,UNEXPECTED_INCOMPLETE,UNEXPECTED
2024-11-22 00:00:00,1.25844,1.25938,1.25801,1.25836,240,240,0,COMPLETE,
2024-11-22 04:00:00,1.25833,1.25872,1.25512,1.25717,240,240,0,COMPLETE,
2024-11-22 08:00:00,1.25718,1.25812,1.24867,1.25125,240,240,0,COMPLETE,
2024-11-22 12:00:00,1.25129,1.25372,1.25015,1.25264,240,240,0,COMPLETE,
2024-11-22 16:00:00,1.25265,1.25347,1.25069,1.25248,240,240,0,COMPLETE,
2024-11-22 20:00:00,1.25253,1.25338,1.25216,1.25321,119,240,121,EXPECTED_INCOMPLETE,EXPECTED
2024-11-23 00:00:00,,,,,0,240,240,SESSION_CLOSED_EXPECTED,EXPECTED
2024-11-23 04:00:00,,,,,0,240,240,SESSION_CLOSED_EXPECTED,EXPECTED
2024-11-23 08:00:00,,,,,0,240,240,SESSION_CLOSED_EXPECTED,EXPECTED
2024-11-23 12:00:00,,,,,0,240,240,SESSION_CLOSED_EXPECTED,EXPECTED
2024-11-23 16:00:00,,,,,0,240,240,SESSION_CLOSED_EXPECTED,EXPECTED
2024-11-23 20:00:00,,,,,0,240,240,SESSION_CLOSED_EXPECTED,EXPECTED
2024-11-24 00:00:00,,,,,0,240,240,SESSION_CLOSED_EXPECTED,EXPECTED
2024-11-24 04:00:00,,,,,0,240,240,SESSION_CLOSED_EXPECTED,EXPECTED
2024-11-24 08:00:00,,,,,0,240,240,SESSION_CLOSED_EXPECTED,EXPECTED
2024-11-24 12:00:00,,,,,0,240,240,SESSION_CLOSED_EXPECTED,EXPECTED
2024-11-24 16:00:00,,,,,0,240,240,SESSION_CLOSED_EXPECTED,EXPECTED
2024-11-24 20:00:00,1.25822,1.25964,1.25675,1.25924,115,240,125,EXPECTED_INCOMPLETE,EXPECTED
2024-11-25 00:00:00,1.25924,1.26066,1.25869,1.25927,240,240,0,COMPLETE,
2024-11-25 04:00:00,1.25925,1.26048,1.25706,1.25715,240,240,0,COMPLETE,
2024-11-25 08:00:00,1.2571,1.25827,1.25478,1.25648,240,240,0,COMPLETE,
2024-11-25 12:00:00,1.25648,1.26132,1.25471,1.25505,240,240,0,COMPLETE,
2024-11-25 16:00:00,1.25504,1.25767,1.25411,1.25743,240,240,0,COMPLETE,
2024-11-25 20:00:00,1.25742,1.2578,1.25292,1.25321,239,240,1,UNEXPECTED_INCOMPLETE,UNEXPECTED
2024-11-26 00:00:00,1.25323,1.25489,1.25069,1.25483,240,240,0,COMPLETE,
2024-11-26 04:00:00,1.25483,1.25621,1.25422,1.2543,240,240,0,COMPLETE,
2024-11-26 08:00:00,1.25429,1.25924,1.25373,1.25835,240,240,0,COMPLETE,
2024-11-26 12:00:00,1.25831,1.26158,1.25545,1.25628,240,240,0,COMPLETE,
2024-11-26 16:00:00,1.25624,1.25666,1.25243,1.25453,240,240,0,COMPLETE,
2024-11-26 20:00:00,1.25454,1.25738,1.25442,1.25731,239,240,1,UNEXPECTED_INCOMPLETE,UNEXPECTED
2024-11-27 00:00:00,1.25731,1.25795,1.25686,1.25714,240,240,0,COMPLETE,
2024-11-27 04:00:00,1.25713,1.25977,1.2566,1.25918,240,240,0,COMPLETE,
2024-11-27 08:00:00,1.25918,1.2619,1.25887,1.26098,240,240,0,COMPLETE,
2024-11-27 12:00:00,1.26096,1.26876,1.26069,1.26764,240,240,0,COMPLETE,
2024-11-27 16:00:00,1.26764,1.26942,1.26645,1.26727,240,240,0,COMPLETE,
2024-11-27 20:00:00,1.26724,1.26825,1.26689,1.26766,239,240,1,UNEXPECTED_INCOMPLETE,UNEXPECTED
2024-11-28 00:00:00,1.26766,1.26778,1.26606,1.26624,240,240,0,COMPLETE,
2024-11-28 04:00:00,1.26627,1.26691,1.26452,1.26512,240,240,0,COMPLETE,
2024-11-28 08:00:00,1.2651,1.26736,1.26444,1.26663,240,240,0,COMPLETE,
2024-11-28 12:00:00,1.26664,1.26825,1.2659,1.26816,240,240,0,COMPLETE,
2024-11-28 16:00:00,1.26811,1.26896,1.26756,1.26892,240,240,0,COMPLETE,
2024-11-28 20:00:00,1.26892,1.26957,1.26823,1.26949,239,240,1,UNEXPECTED_INCOMPLETE,UNEXPECTED
2024-11-29 00:00:00,1.26948,1.27148,1.26923,1.27124,240,240,0,COMPLETE,
2024-11-29 04:00:00,1.27124,1.27499,1.27049,1.27225,240,240,0,COMPLETE,
2024-11-29 08:00:00,1.27224,1.27259,1.26817,1.26971,240,240,0,COMPLETE,
2024-11-29 12:00:00,1.26975,1.27138,1.26715,1.27082,240,240,0,COMPLETE,
2024-11-29 16:00:00,1.27084,1.27386,1.26905,1.27383,240,240,0,COMPLETE,
2024-11-29 20:00:00,1.27383,1.27447,1.27336,1.27341,119,240,121,EXPECTED_INCOMPLETE,EXPECTED
2024-11-30 00:00:00,,,,,0,240,240,SESSION_CLOSED_EXPECTED,EXPECTED
2024-11-30 04:00:00,,,,,0,240,240,SESSION_CLOSED_EXPECTED,EXPECTED
2024-11-30 08:00:00,,,,,0,240,240,SESSION_CLOSED_EXPECTED,EXPECTED
2024-11-30 12:00:00,,,,,0,240,240,SESSION_CLOSED_EXPECTED,EXPECTED
2024-11-30 16:00:00,,,,,0,240,240,SESSION_CLOSED_EXPECTED,EXPECTED
2024-11-30 20:00:00,,,,,0,240,240,SESSION_CLOSED_EXPECTED,EXPECTED
2024-12-01 00:00:00,,,,,0,240,240,SESSION_CLOSED_EXPECTED,EXPECTED
2024-12-01 04:00:00,,,,,0,240,240,SESSION_CLOSED_EXPECTED,EXPECTED
2024-12-01 08:00:00,,,,,0,240,240,SESSION_CLOSED_EXPECTED,EXPECTED
2024-12-01 12:00:00,,,,,0,240,240,SESSION_CLOSED_EXPECTED,EXPECTED
2024-12-01 16:00:00,,,,,0,240,240,SESSION_CLOSED_EXPECTED,EXPECTED
2024-12-01 20:00:00,1.27175,1.27319,1.26952,1.27011,115,240,125,EXPECTED_INCOMPLETE,EXPECTED
2024-12-02 00:00:00,1.27011,1.27056,1.26797,1.26887,240,240,0,COMPLETE,
2024-12-02 04:00:00,1.26887,1.27083,1.26792,1.26823,240,240,0,COMPLETE,
2024-12-02 08:00:00,1.26819,1.27221,1.26781,1.27107,240,240,0,COMPLETE,
2024-12-02 12:00:00,1.27108,1.27133,1.26164,1.26275,240,240,0,COMPLETE,
2024-12-02 16:00:00,1.26278,1.26541,1.26168,1.2649,240,240,0,COMPLETE,
2024-12-02 20:00:00,1.26491,1.26701,1.26466,1.26581,238,240,2,UNEXPECTED_INCOMPLETE,UNEXPECTED
2024-12-03 00:00:00,1.2658,1.26598,1.26379,1.26458,240,240,0,COMPLETE,
2024-12-03 04:00:00,1.26458,1.26722,1.26391,1.26621,240,240,0,COMPLETE,
2024-12-03 08:00:00,1.26624,1.26964,1.26598,1.26624,240,240,0,COMPLETE,
2024-12-03 12:00:00,1.26624,1.26734,1.26363,1.26615,240,240,0,COMPLETE,
2024-12-03 16:00:00,1.26611,1.26994,1.26507,1.26675,240,240,0,COMPLETE,
2024-12-03 20:00:00,1.26677,1.26769,1.26651,1.26736,239,240,1,UNEXPECTED_INCOMPLETE,UNEXPECTED
2024-12-04 00:00:00,1.26735,1.2678,1.26513,1.26553,240,240,0,COMPLETE,
2024-12-04 04:00:00,1.26553,1.27012,1.26513,1.26814,240,240,0,COMPLETE,
2024-12-04 08:00:00,1.2681,1.26946,1.26297,1.26793,240,240,0,COMPLETE,
2024-12-04 12:00:00,1.26792,1.27117,1.26599,1.27076,240,240,0,COMPLETE,
2024-12-04 16:00:00,1.27078,1.27214,1.26867,1.27,240,240,0,COMPLETE,
2024-12-04 20:00:00,1.27003,1.27072,1.26922,1.27006,240,240,0,COMPLETE,
2024-12-05 00:00:00,1.27007,1.27093,1.26925,1.27086,240,240,0,COMPLETE,
2024-12-05 04:00:00,1.27087,1.2731,1.27002,1.27291,240,240,0,COMPLETE,
2024-12-05 08:00:00,1.27288,1.27399,1.27136,1.27314,240,240,0,COMPLETE,
2024-12-05 12:00:00,1.27313,1.27702,1.27135,1.27565,240,240,0,COMPLETE,
2024-12-05 16:00:00,1.27565,1.2762,1.27312,1.27562,240,240,0,COMPLETE,
2024-12-05 20:00:00,1.27562,1.27612,1.2749,1.27597,238,240,2,UNEXPECTED_INCOMPLETE,UNEXPECTED
2024-12-06 00:00:00,1.276,1.27602,1.27395,1.27503,240,240,0,COMPLETE,
2024-12-06 04:00:00,1.27504,1.27648,1.27402,1.27631,240,240,0,COMPLETE,
2024-12-06 08:00:00,1.27633,1.27737,1.27491,1.27696,240,240,0,COMPLETE,
2024-12-06 12:00:00,1.27695,1.28109,1.27274,1.27432,240,240,0,COMPLETE,
2024-12-06 16:00:00,1.27434,1.27554,1.27209,1.27346,240,240,0,COMPLETE,
2024-12-06 20:00:00,1.2735,1.2743,1.27337,1.27413,119,240,121,EXPECTED_INCOMPLETE,EXPECTED
2024-12-07 00:00:00,,,,,0,240,240,SESSION_CLOSED_EXPECTED,EXPECTED
2024-12-07 04:00:00,,,,,0,240,240,SESSION_CLOSED_EXPECTED,EXPECTED
2024-12-07 08:00:00,,,,,0,240,240,SESSION_CLOSED_EXPECTED,EXPECTED
2024-12-07 12:00:00,,,,,0,240,240,SESSION_CLOSED_EXPECTED,EXPECTED
2024-12-07 16:00:00,,,,,0,240,240,SESSION_CLOSED_EXPECTED,EXPECTED
2024-12-07 20:00:00,,,,,0,240,240,SESSION_CLOSED_EXPECTED,EXPECTED
2024-12-08 00:00:00,,,,,0,240,240,SESSION_CLOSED_EXPECTED,EXPECTED
2024-12-08 04:00:00,,,,,0,240,240,SESSION_CLOSED_EXPECTED,EXPECTED
2024-12-08 08:00:00,,,,,0,240,240,SESSION_CLOSED_EXPECTED,EXPECTED
2024-12-08 12:00:00,,,,,0,240,240,SESSION_CLOSED_EXPECTED,EXPECTED
2024-12-08 16:00:00,,,,,0,240,240,SESSION_CLOSED_EXPECTED,EXPECTED
2024-12-08 20:00:00,1.27255,1.275,1.27238,1.27476,115,240,125,EXPECTED_INCOMPLETE,EXPECTED
2024-12-09 00:00:00,1.27477,1.2748,1.27225,1.27232,240,240,0,COMPLETE,
2024-12-09 04:00:00,1.27232,1.27628,1.27163,1.2762,240,240,0,COMPLETE,
2024-12-09 08:00:00,1.27618,1.27829,1.27553,1.27649,240,240,0,COMPLETE,
2024-12-09 12:00:00,1.27645,1.2798,1.27509,1.27946,240,240,0,COMPLETE,
2024-12-09 16:00:00,1.27945,1.27985,1.27481,1.27534,240,240,0,COMPLETE,
2024-12-09 20:00:00,1.27535,1.2756,1.27413,1.27481,238,240,2,UNEXPECTED_INCOMPLETE,UNEXPECTED
2024-12-10 00:00:00,1.27481,1.27534,1.27348,1.27471,240,240,0,COMPLETE,
2024-12-10 04:00:00,1.27471,1.27628,1.27397,1.2741,240,240,0,COMPLETE,
2024-12-10 08:00:00,1.27412,1.27656,1.27365,1.27585,240,240,0,COMPLETE,
2024-12-10 12:00:00,1.27588,1.27624,1.27235,1.27375,240,240,0,COMPLETE,
2024-12-10 16:00:00,1.27378,1.27775,1.27358,1.27728,240,240,0,COMPLETE,
2024-12-10 20:00:00,1.27732,1.2779,1.27636,1.2779,237,240,3,UNEXPECTED_INCOMPLETE,UNEXPECTED
2024-12-11 00:00:00,1.2779,1.27812,1.2771,1.27728,240,240,0,COMPLETE,
2024-12-11 04:00:00,1.27727,1.27742,1.27302,1.27316,237,240,3,UNEXPECTED_INCOMPLETE,UNEXPECTED
2024-12-11 08:00:00,1.27397,1.27557,1.27127,1.27354,234,240,6,UNEXPECTED_INCOMPLETE,UNEXPECTED
2024-12-11 12:00:00,1.27354,1.27812,1.27322,1.27431,240,240,0,COMPLETE,
2024-12-11 16:00:00,1.27432,1.27657,1.27322,1.2745,240,240,0,COMPLETE,
2024-12-11 20:00:00,1.27452,1.27651,1.27417,1.27645,237,240,3,UNEXPECTED_INCOMPLETE,UNEXPECTED
2024-12-12 00:00:00,1.27645,1.27715,1.27597,1.27652,240,240,0,COMPLETE,
2024-12-12 04:00:00,1.27655,1.27875,1.27604,1.27623,240,240,0,COMPLETE,
2024-12-12 08:00:00,1.27622,1.27677,1.27357,1.27399,240,240,0,COMPLETE,
2024-12-12 12:00:00,1.27398,1.27432,1.26706,1.26887,240,240,0,COMPLETE,
2024-12-12 16:00:00,1.26885,1.27189,1.26697,1.26701,240,240,0,COMPLETE,
2024-12-12 20:00:00,1.26701,1.2678,1.26649,1.26766,238,240,2,UNEXPECTED_INCOMPLETE,UNEXPECTED
2024-12-13 00:00:00,1.26763,1.26787,1.26591,1.2661,240,240,0,COMPLETE,
2024-12-13 04:00:00,1.2661,1.26651,1.26181,1.26265,240,240,0,COMPLETE,
2024-12-13 08:00:00,1.26264,1.26541,1.26202,1.26443,240,240,0,COMPLETE,
2024-12-13 12:00:00,1.26442,1.2668,1.26078,1.26133,240,240,0,COMPLETE,
2024-12-13 16:00:00,1.26136,1.26346,1.26117,1.26164,240,240,0,COMPLETE,
2024-12-13 20:00:00,1.26166,1.2624,1.26128,1.26195,119,240,121,EXPECTED_INCOMPLETE,EXPECTED
2024-12-14 00:00:00,,,,,0,240,240,SESSION_CLOSED_EXPECTED,EXPECTED
2024-12-14 04:00:00,,,,,0,240,240,SESSION_CLOSED_EXPECTED,EXPECTED
2024-12-14 08:00:00,,,,,0,240,240,SESSION_CLOSED_EXPECTED,EXPECTED
2024-12-14 12:00:00,,,,,0,240,240,SESSION_CLOSED_EXPECTED,EXPECTED
2024-12-14 16:00:00,,,,,0,240,240,SESSION_CLOSED_EXPECTED,EXPECTED
2024-12-14 20:00:00,,,,,0,240,240,SESSION_CLOSED_EXPECTED,EXPECTED
2024-12-15 00:00:00,,,,,0,240,240,SESSION_CLOSED_EXPECTED,EXPECTED
2024-12-15 04:00:00,,,,,0,240,240,SESSION_CLOSED_EXPECTED,EXPECTED
2024-12-15 08:00:00,,,,,0,240,240,SESSION_CLOSED_EXPECTED,EXPECTED
2024-12-15 12:00:00,,,,,0,240,240,SESSION_CLOSED_EXPECTED,EXPECTED
2024-12-15 16:00:00,,,,,0,240,240,SESSION_CLOSED_EXPECTED,EXPECTED
2024-12-15 20:00:00,1.2602,1.26271,1.25978,1.26261,115,240,125,EXPECTED_INCOMPLETE,EXPECTED
2024-12-16 00:00:00,1.26259,1.26389,1.26256,1.26322,240,240,0,COMPLETE,
2024-12-16 04:00:00,1.26322,1.26413,1.26304,1.2632,240,240,0,COMPLETE,
2024-12-16 08:00:00,1.26321,1.26713,1.26289,1.26481,240,240,0,COMPLETE,
2024-12-16 12:00:00,1.26478,1.26918,1.26351,1.26897,240,240,0,COMPLETE,
2024-12-16 16:00:00,1.269,1.26985,1.26772,1.26831,240,240,0,COMPLETE,
2024-12-16 20:00:00,1.26834,1.26914,1.26747,1.26896,238,240,2,UNEXPECTED_INCOMPLETE,UNEXPECTED
2024-12-17 00:00:00,1.26897,1.2698,1.26815,1.26828,240,240,0,COMPLETE,
2024-12-17 04:00:00,1.26827,1.27065,1.26656,1.26984,240,240,0,COMPLETE,
2024-12-17 08:00:00,1.26987,1.27058,1.26702,1.26987,240,240,0,COMPLETE,
2024-12-17 12:00:00,1.26988,1.27156,1.26835,1.27093,240,240,0,COMPLETE,
2024-12-17 16:00:00,1.27094,1.27284,1.27018,1.27101,240,240,0,COMPLETE,
2024-12-17 20:00:00,1.27099,1.27146,1.2702,1.27101,239,240,1,UNEXPECTED_INCOMPLETE,UNEXPECTED
2024-12-18 00:00:00,1.27101,1.27132,1.26961,1.26969,240,240,0,COMPLETE,
2024-12-18 04:00:00,1.26968,1.27275,1.26845,1.26909,240,240,0,COMPLETE,
2024-12-18 08:00:00,1.26907,1.2722,1.26793,1.27068,240,240,0,COMPLETE,
2024-12-18 12:00:00,1.27068,1.27203,1.26848,1.26922,240,240,0,COMPLETE,
2024-12-18 16:00:00,1.26925,1.2718,1.25918,1.25942,240,240,0,COMPLETE,
2024-12-18 20:00:00,1.25944,1.26005,1.25618,1.2567,238,240,2,UNEXPECTED_INCOMPLETE,UNEXPECTED
2024-12-19 00:00:00,1.25671,1.25961,1.25671,1.2587,240,240,0,COMPLETE,
2024-12-19 04:00:00,1.2587,1.26145,1.2581,1.26129,240,240,0,COMPLETE,
2024-12-19 08:00:00,1.26127,1.26664,1.2605,1.26301,240,240,0,COMPLETE,
2024-12-19 12:00:00,1.26303,1.26309,1.25446,1.25499,240,240,0,COMPLETE,
2024-12-19 16:00:00,1.25494,1.25627,1.25027,1.25038,240,240,0,COMPLETE,
2024-12-19 20:00:00,1.25042,1.25111,1.24945,1.24966,239,240,1,UNEXPECTED_INCOMPLETE,UNEXPECTED
2024-12-20 00:00:00,1.24967,1.25016,1.24741,1.24799,240,240,0,COMPLETE,
2024-12-20 04:00:00,1.24801,1.25109,1.24769,1.25029,240,240,0,COMPLETE,
2024-12-20 08:00:00,1.25031,1.25202,1.24914,1.25054,240,240,0,COMPLETE,
2024-12-20 12:00:00,1.25056,1.25605,1.25021,1.25402,240,240,0,COMPLETE,
2024-12-20 16:00:00,1.25403,1.26134,1.25371,1.2598,240,240,0,COMPLETE,
2024-12-20 20:00:00,1.25978,1.26031,1.25644,1.25676,119,240,121,EXPECTED_INCOMPLETE,EXPECTED
2024-12-21 00:00:00,,,,,0,240,240,SESSION_CLOSED_EXPECTED,EXPECTED
2024-12-21 04:00:00,,,,,0,240,240,SESSION_CLOSED_EXPECTED,EXPECTED
2024-12-21 08:00:00,,,,,0,240,240,SESSION_CLOSED_EXPECTED,EXPECTED
2024-12-21 12:00:00,,,,,0,240,240,SESSION_CLOSED_EXPECTED,EXPECTED
2024-12-21 16:00:00,,,,,0,240,240,SESSION_CLOSED_EXPECTED,EXPECTED
2024-12-21 20:00:00,,,,,0,240,240,SESSION_CLOSED_EXPECTED,EXPECTED
2024-12-22 00:00:00,,,,,0,240,240,SESSION_CLOSED_EXPECTED,EXPECTED
2024-12-22 04:00:00,,,,,0,240,240,SESSION_CLOSED_EXPECTED,EXPECTED
2024-12-22 08:00:00,,,,,0,240,240,SESSION_CLOSED_EXPECTED,EXPECTED
2024-12-22 12:00:00,,,,,0,240,240,SESSION_CLOSED_EXPECTED,EXPECTED
2024-12-22 16:00:00,,,,,0,240,240,SESSION_CLOSED_EXPECTED,EXPECTED
2024-12-22 20:00:00,1.2553,1.2574,1.25485,1.257,115,240,125,EXPECTED_INCOMPLETE,EXPECTED
2024-12-23 00:00:00,1.257,1.25877,1.25696,1.25781,240,240,0,COMPLETE,
2024-12-23 04:00:00,1.25779,1.25843,1.2555,1.25582,240,240,0,COMPLETE,
2024-12-23 08:00:00,1.25584,1.25828,1.25288,1.25327,240,240,0,COMPLETE,
2024-12-23 12:00:00,1.25325,1.25379,1.25121,1.25175,240,240,0,COMPLETE,
2024-12-23 16:00:00,1.25175,1.25365,1.25096,1.25343,240,240,0,COMPLETE,
2024-12-23 20:00:00,1.25343,1.25388,1.25282,1.25322,240,240,0,COMPLETE,
2024-12-24 00:00:00,1.25322,1.25417,1.25248,1.2531,240,240,0,COMPLETE,
2024-12-24 04:00:00,1.25311,1.25402,1.25304,1.25317,240,240,0,COMPLETE,
2024-12-24 08:00:00,1.25316,1.25449,1.2526,1.25331,240,240,0,COMPLETE,
2024-12-24 12:00:00,1.25333,1.25743,1.25309,1.25395,240,240,0,COMPLETE,
2024-12-24 16:00:00,1.25395,1.25435,1.2518,1.25291,240,240,0,COMPLETE,
2024-12-24 20:00:00,1.25291,1.25469,1.25287,1.25344,119,240,121,EXPECTED_INCOMPLETE,EXPECTED
2024-12-25 00:00:00,,,,,0,240,240,SESSION_CLOSED_EXPECTED,EXPECTED
2024-12-25 04:00:00,,,,,0,240,240,SESSION_CLOSED_EXPECTED,EXPECTED
2024-12-25 08:00:00,,,,,0,240,240,SESSION_CLOSED_EXPECTED,EXPECTED
2024-12-25 12:00:00,,,,,0,240,240,SESSION_CLOSED_EXPECTED,EXPECTED
2024-12-25 16:00:00,,,,,0,240,240,SESSION_CLOSED_EXPECTED,EXPECTED
2024-12-25 20:00:00,1.25267,1.2548,1.25267,1.25428,113,240,127,EXPECTED_INCOMPLETE,EXPECTED
2024-12-26 00:00:00,1.25427,1.2548,1.25373,1.25458,240,240,0,COMPLETE,
2024-12-26 04:00:00,1.25456,1.25474,1.25216,1.25301,240,240,0,COMPLETE,
2024-12-26 08:00:00,1.25303,1.25346,1.25235,1.25301,240,240,0,COMPLETE,
2024-12-26 12:00:00,1.25299,1.25304,1.25007,1.25102,240,240,0,COMPLETE,
2024-12-26 16:00:00,1.25102,1.2536,1.25083,1.25248,240,240,0,COMPLETE,
2024-12-26 20:00:00,1.25246,1.25316,1.25183,1.25274,240,240,0,COMPLETE,
2024-12-27 00:00:00,1.25274,1.25302,1.25179,1.25259,240,240,0,COMPLETE,
2024-12-27 04:00:00,1.25259,1.25319,1.25178,1.25296,240,240,0,COMPLETE,
2024-12-27 08:00:00,1.25298,1.25556,1.25046,1.25516,240,240,0,COMPLETE,
2024-12-27 12:00:00,1.25518,1.25922,1.25481,1.25763,240,240,0,COMPLETE,
2024-12-27 16:00:00,1.25765,1.25912,1.25547,1.25807,240,240,0,COMPLETE,
2024-12-27 20:00:00,1.25809,1.25814,1.25727,1.25776,119,240,121,EXPECTED_INCOMPLETE,EXPECTED
2024-12-28 00:00:00,,,,,0,240,240,SESSION_CLOSED_EXPECTED,EXPECTED
2024-12-28 04:00:00,,,,,0,240,240,SESSION_CLOSED_EXPECTED,EXPECTED
2024-12-28 08:00:00,,,,,0,240,240,SESSION_CLOSED_EXPECTED,EXPECTED
2024-12-28 12:00:00,,,,,0,240,240,SESSION_CLOSED_EXPECTED,EXPECTED
2024-12-28 16:00:00,,,,,0,240,240,SESSION_CLOSED_EXPECTED,EXPECTED
2024-12-28 20:00:00,,,,,0,240,240,SESSION_CLOSED_EXPECTED,EXPECTED
2024-12-29 00:00:00,,,,,0,240,240,SESSION_CLOSED_EXPECTED,EXPECTED
2024-12-29 04:00:00,,,,,0,240,240,SESSION_CLOSED_EXPECTED,EXPECTED
2024-12-29 08:00:00,,,,,0,240,240,SESSION_CLOSED_EXPECTED,EXPECTED
2024-12-29 12:00:00,,,,,0,240,240,SESSION_CLOSED_EXPECTED,EXPECTED
2024-12-29 16:00:00,,,,,0,240,240,SESSION_CLOSED_EXPECTED,EXPECTED
2024-12-29 20:00:00,1.25666,1.25871,1.25561,1.25772,115,240,125,EXPECTED_INCOMPLETE,EXPECTED
2024-12-30 00:00:00,1.25772,1.25836,1.25723,1.25791,240,240,0,COMPLETE,
2024-12-30 04:00:00,1.25791,1.25886,1.25706,1.25791,240,240,0,COMPLETE,
2024-12-30 08:00:00,1.25795,1.26068,1.25609,1.25978,240,240,0,COMPLETE,
2024-12-30 12:00:00,1.25977,1.26058,1.25058,1.2512,240,240,0,COMPLETE,
2024-12-30 16:00:00,1.25119,1.25584,1.25073,1.25435,240,240,0,COMPLETE,
2024-12-30 20:00:00,1.25434,1.25537,1.25289,1.25477,236,240,4,UNEXPECTED_INCOMPLETE,UNEXPECTED
2024-12-31 00:00:00,1.25477,1.25594,1.25377,1.25514,240,240,0,COMPLETE,
2024-12-31 04:00:00,1.25514,1.25651,1.25412,1.25613,240,240,0,COMPLETE,
2024-12-31 08:00:00,1.25614,1.2569,1.25317,1.25386,240,240,0,COMPLETE,
2024-12-31 12:00:00,1.25386,1.2554,1.25186,1.25273,240,240,0,COMPLETE,
2024-12-31 16:00:00,1.25273,1.25329,1.25048,1.25094,240,240,0,COMPLETE,
2024-12-31 20:00:00,1.25094,1.25271,1.25087,1.25122,119,240,121,EXPECTED_INCOMPLETE,EXPECTED
2025-01-01 00:00:00,,,,,0,240,240,SESSION_CLOSED_EXPECTED,EXPECTED
2025-01-01 04:00:00,,,,,0,240,240,SESSION_CLOSED_EXPECTED,EXPECTED
2025-01-01 08:00:00,,,,,0,240,240,SESSION_CLOSED_EXPECTED,EXPECTED
2025-01-01 12:00:00,,,,,0,240,240,SESSION_CLOSED_EXPECTED,EXPECTED
2025-01-01 16:00:00,,,,,0,240,240,SESSION_CLOSED_EXPECTED,EXPECTED
2025-01-01 20:00:00,1.25048,1.25194,1.2499,1.25191,115,240,125,EXPECTED_INCOMPLETE,EXPECTED
2025-01-02 00:00:00,1.25188,1.25363,1.25091,1.25358,240,240,0,COMPLETE,
2025-01-02 04:00:00,1.25358,1.254,1.25196,1.25215,240,240,0,COMPLETE,
2025-01-02 08:00:00,1.25214,1.2524,1.24346,1.24529,240,240,0,COMPLETE,
2025-01-02 12:00:00,1.2453,1.24567,1.23696,1.23744,240,240,0,COMPLETE,
2025-01-02 16:00:00,1.23745,1.23801,1.23519,1.23688,240,240,0,COMPLETE,
2025-01-02 20:00:00,1.23685,1.23846,1.23685,1.23795,237,240,3,UNEXPECTED_INCOMPLETE,UNEXPECTED
2025-01-03 00:00:00,1.23792,1.23955,1.23779,1.23933,240,240,0,COMPLETE,
2025-01-03 04:00:00,1.23933,1.24062,1.23856,1.23993,240,240,0,COMPLETE,
2025-01-03 08:00:00,1.23995,1.24162,1.23858,1.2412,226,240,14,UNEXPECTED_INCOMPLETE,UNEXPECTED
2025-01-03 12:00:00,1.24092,1.24169,1.23875,1.2404,192,240,48,UNEXPECTED_INCOMPLETE,UNEXPECTED
2025-01-03 16:00:00,1.24038,1.24335,1.2402,1.24272,240,240,0,COMPLETE,
2025-01-03 20:00:00,1.24269,1.24336,1.24195,1.24219,119,240,121,EXPECTED_INCOMPLETE,EXPECTED
2025-01-04 00:00:00,,,,,0,240,240,SESSION_CLOSED_EXPECTED,EXPECTED
2025-01-04 04:00:00,,,,,0,240,240,SESSION_CLOSED_EXPECTED,EXPECTED
2025-01-04 08:00:00,,,,,0,240,240,SESSION_CLOSED_EXPECTED,EXPECTED
2025-01-04 12:00:00,,,,,0,240,240,SESSION_CLOSED_EXPECTED,EXPECTED
2025-01-04 16:00:00,,,,,0,240,240,SESSION_CLOSED_EXPECTED,EXPECTED
2025-01-04 20:00:00,,,,,0,240,240,SESSION_CLOSED_EXPECTED,EXPECTED
2025-01-05 00:00:00,,,,,0,240,240,SESSION_CLOSED_EXPECTED,EXPECTED
2025-01-05 04:00:00,,,,,0,240,240,SESSION_CLOSED_EXPECTED,EXPECTED
2025-01-05 08:00:00,,,,,0,240,240,SESSION_CLOSED_EXPECTED,EXPECTED
2025-01-05 12:00:00,,,,,0,240,240,SESSION_CLOSED_EXPECTED,EXPECTED
2025-01-05 16:00:00,,,,,0,240,240,SESSION_CLOSED_EXPECTED,EXPECTED
2025-01-05 20:00:00,1.24125,1.24335,1.24027,1.24242,115,240,125,EXPECTED_INCOMPLETE,EXPECTED
2025-01-06 00:00:00,1.24245,1.2442,1.24173,1.24351,240,240,0,COMPLETE,
2025-01-06 04:00:00,1.2435,1.24565,1.24315,1.24519,240,240,0,COMPLETE,
2025-01-06 08:00:00,1.24518,1.25473,1.24513,1.2543,240,240,0,COMPLETE,
2025-01-06 12:00:00,1.25428,1.25508,1.24679,1.25075,240,240,0,COMPLETE,
2025-01-06 16:00:00,1.25075,1.25346,1.25011,1.25123,240,240,0,COMPLETE,
2025-01-06 20:00:00,1.25123,1.25233,1.25085,1.25092,236,240,4,UNEXPECTED_INCOMPLETE,UNEXPECTED
2025-01-07 00:00:00,1.25096,1.25327,1.25034,1.25324,240,240,0,COMPLETE,
2025-01-07 04:00:00,1.25323,1.25628,1.25286,1.25519,240,240,0,COMPLETE,
2025-01-07 08:00:00,1.25517,1.25753,1.25314,1.25391,240,240,0,COMPLETE,
2025-01-07 12:00:00,1.25391,1.25482,1.24791,1.2497,240,240,0,COMPLETE,
2025-01-07 16:00:00,1.24972,1.25067,1.24829,1.249,240,240,0,COMPLETE,
2025-01-07 20:00:00,1.24898,1.24903,1.24725,1.24755,239,240,1,UNEXPECTED_INCOMPLETE,UNEXPECTED
2025-01-08 00:00:00,1.24756,1.24879,1.24755,1.24779,240,240,0,COMPLETE,
2025-01-08 04:00:00,1.24778,1.24936,1.2463,1.24677,240,240,0,COMPLETE,
2025-01-08 08:00:00,1.24675,1.24714,1.2324,1.2372,240,240,0,COMPLETE,
2025-01-08 12:00:00,1.23718,1.23735,1.23202,1.23427,240,240,0,COMPLETE,
2025-01-08 16:00:00,1.23426,1.23765,1.23336,1.23571,231,240,9,UNEXPECTED_INCOMPLETE,UNEXPECTED
2025-01-08 20:00:00,1.23572,1.23661,1.2351,1.23575,239,240,1,UNEXPECTED_INCOMPLETE,UNEXPECTED
2025-01-09 00:00:00,1.23576,1.23649,1.23424,1.2344,240,240,0,COMPLETE,
2025-01-09 04:00:00,1.23438,1.23446,1.22514,1.22587,240,240,0,COMPLETE,
2025-01-09 08:00:00,1.22588,1.23041,1.22377,1.22887,240,240,0,COMPLETE,
2025-01-09 12:00:00,1.22886,1.23228,1.22698,1.23022,240,240,0,COMPLETE,
2025-01-09 16:00:00,1.23022,1.2313,1.22867,1.23084,240,240,0,COMPLETE,
2025-01-09 20:00:00,1.23084,1.23148,1.22976,1.22981,239,240,1,UNEXPECTED_INCOMPLETE,UNEXPECTED
2025-01-10 00:00:00,1.22981,1.23082,1.22938,1.23005,240,240,0,COMPLETE,
2025-01-10 04:00:00,1.23002,1.23034,1.22658,1.22901,240,240,0,COMPLETE,
2025-01-10 08:00:00,1.22897,1.23079,1.22832,1.23019,240,240,0,COMPLETE,
2025-01-10 12:00:00,1.23021,1.23213,1.21909,1.22293,240,240,0,COMPLETE,
2025-01-10 16:00:00,1.22296,1.22309,1.21943,1.22098,240,240,0,COMPLETE,
2025-01-10 20:00:00,1.22097,1.22137,1.22017,1.22072,119,240,121,EXPECTED_INCOMPLETE,EXPECTED
2025-01-11 00:00:00,,,,,0,240,240,SESSION_CLOSED_EXPECTED,EXPECTED
2025-01-11 04:00:00,,,,,0,240,240,SESSION_CLOSED_EXPECTED,EXPECTED
2025-01-11 08:00:00,,,,,0,240,240,SESSION_CLOSED_EXPECTED,EXPECTED
2025-01-11 12:00:00,,,,,0,240,240,SESSION_CLOSED_EXPECTED,EXPECTED
2025-01-11 16:00:00,,,,,0,240,240,SESSION_CLOSED_EXPECTED,EXPECTED
2025-01-11 20:00:00,,,,,0,240,240,SESSION_CLOSED_EXPECTED,EXPECTED
2025-01-12 00:00:00,,,,,0,240,240,SESSION_CLOSED_EXPECTED,EXPECTED
2025-01-12 04:00:00,,,,,0,240,240,SESSION_CLOSED_EXPECTED,EXPECTED
2025-01-12 08:00:00,,,,,0,240,240,SESSION_CLOSED_EXPECTED,EXPECTED
2025-01-12 12:00:00,,,,,0,240,240,SESSION_CLOSED_EXPECTED,EXPECTED
2025-01-12 16:00:00,,,,,0,240,240,SESSION_CLOSED_EXPECTED,EXPECTED
2025-01-12 20:00:00,1.21891,1.2209,1.21878,1.22038,115,240,125,EXPECTED_INCOMPLETE,EXPECTED
2025-01-13 00:00:00,1.22034,1.22072,1.21371,1.21423,240,240,0,COMPLETE,
2025-01-13 04:00:00,1.21427,1.216,1.21227,1.21381,240,240,0,COMPLETE,
2025-01-13 08:00:00,1.21378,1.21707,1.21011,1.21096,240,240,0,COMPLETE,
2025-01-13 12:00:00,1.21096,1.21596,1.20991,1.21509,240,240,0,COMPLETE,
2025-01-13 16:00:00,1.21508,1.21828,1.21421,1.21667,240,240,0,COMPLETE,
2025-01-13 20:00:00,1.21667,1.22497,1.21652,1.22309,232,240,8,UNEXPECTED_INCOMPLETE,UNEXPECTED
2025-01-14 00:00:00,1.22306,1.22313,1.21918,1.22086,240,240,0,COMPLETE,
2025-01-14 04:00:00,1.22087,1.22284,1.21968,1.22094,240,240,0,COMPLETE,
2025-01-14 08:00:00,1.22096,1.22457,1.21697,1.21762,240,240,0,COMPLETE,
2025-01-14 12:00:00,1.21761,1.22018,1.21389,1.21994,240,240,0,COMPLETE,
2025-01-14 16:00:00,1.21995,1.22121,1.21677,1.21987,240,240,0,COMPLETE,
2025-01-14 20:00:00,1.21991,1.22164,1.21943,1.22101,240,240,0,COMPLETE,
2025-01-15 00:00:00,1.221,1.22103,1.21921,1.22031,240,240,0,COMPLETE,
2025-01-15 04:00:00,1.22032,1.22406,1.21599,1.22337,240,240,0,COMPLETE,
2025-01-15 08:00:00,1.2234,1.22398,1.22001,1.22239,240,240,0,COMPLETE,
2025-01-15 12:00:00,1.22238,1.23058,1.22009,1.22572,240,240,0,COMPLETE,
2025-01-15 16:00:00,1.22571,1.2259,1.21928,1.223,240,240,0,COMPLETE,
2025-01-15 20:00:00,1.22299,1.22444,1.22283,1.2242,239,240,1,UNEXPECTED_INCOMPLETE,UNEXPECTED
2025-01-16 00:00:00,1.2242,1.22475,1.22191,1.22258,240,240,0,COMPLETE,
2025-01-16 04:00:00,1.22257,1.22308,1.21994,1.22185,240,240,0,COMPLETE,
2025-01-16 08:00:00,1.22189,1.22229,1.21892,1.22095,240,240,0,COMPLETE,
2025-01-16 12:00:00,1.22096,1.22385,1.21743,1.22337,240,240,0,COMPLETE,
2025-01-16 16:00:00,1.22339,1.22599,1.22166,1.22347,240,240,0,COMPLETE,
2025-01-16 20:00:00,1.22344,1.22389,1.2227,1.22339,240,240,0,COMPLETE,
2025-01-17 00:00:00,1.2234,1.22439,1.22286,1.22327,240,240,0,COMPLETE,
2025-01-17 04:00:00,1.22327,1.22341,1.21599,1.21741,240,240,0,COMPLETE,
2025-01-17 08:00:00,1.21743,1.22163,1.21743,1.21958,240,240,0,COMPLETE,
2025-01-17 12:00:00,1.21956,1.22273,1.21606,1.21978,240,240,0,COMPLETE,
2025-01-17 16:00:00,1.21975,1.21986,1.21643,1.21677,240,240,0,COMPLETE,
2025-01-17 20:00:00,1.21677,1.21742,1.2165,1.21676,119,240,121,EXPECTED_INCOMPLETE,EXPECTED
2025-01-18 00:00:00,,,,,0,240,240,SESSION_CLOSED_EXPECTED,EXPECTED
2025-01-18 04:00:00,,,,,0,240,240,SESSION_CLOSED_EXPECTED,EXPECTED
2025-01-18 08:00:00,,,,,0,240,240,SESSION_CLOSED_EXPECTED,EXPECTED
2025-01-18 12:00:00,,,,,0,240,240,SESSION_CLOSED_EXPECTED,EXPECTED
2025-01-18 16:00:00,,,,,0,240,240,SESSION_CLOSED_EXPECTED,EXPECTED
2025-01-18 20:00:00,,,,,0,240,240,SESSION_CLOSED_EXPECTED,EXPECTED
2025-01-19 00:00:00,,,,,0,240,240,SESSION_CLOSED_EXPECTED,EXPECTED
2025-01-19 04:00:00,,,,,0,240,240,SESSION_CLOSED_EXPECTED,EXPECTED
2025-01-19 08:00:00,,,,,0,240,240,SESSION_CLOSED_EXPECTED,EXPECTED
2025-01-19 12:00:00,,,,,0,240,240,SESSION_CLOSED_EXPECTED,EXPECTED
2025-01-19 16:00:00,,,,,0,240,240,SESSION_CLOSED_EXPECTED,EXPECTED
2025-01-19 20:00:00,1.21585,1.21764,1.21578,1.21744,115,240,125,EXPECTED_INCOMPLETE,EXPECTED
2025-01-20 00:00:00,1.21743,1.22052,1.21742,1.22043,240,240,0,COMPLETE,
2025-01-20 04:00:00,1.22044,1.22214,1.21999,1.22146,240,240,0,COMPLETE,
2025-01-20 08:00:00,1.2215,1.22193,1.21649,1.22054,240,240,0,COMPLETE,
2025-01-20 12:00:00,1.22053,1.23262,1.21825,1.22915,240,240,0,COMPLETE,
2025-01-20 16:00:00,1.22917,1.23381,1.22546,1.23349,240,240,0,COMPLETE,
2025-01-20 20:00:00,1.23349,1.23446,1.23123,1.23312,239,240,1,UNEXPECTED_INCOMPLETE,UNEXPECTED
2025-01-21 00:00:00,1.23314,1.23447,1.22476,1.22946,240,240,0,COMPLETE,
2025-01-21 04:00:00,1.22947,1.23083,1.22529,1.22668,240,240,0,COMPLETE,
2025-01-21 08:00:00,1.22666,1.22693,1.22291,1.22357,240,240,0,COMPLETE,
2025-01-21 12:00:00,1.22359,1.23127,1.22324,1.22992,240,240,0,COMPLETE,
2025-01-21 16:00:00,1.22992,1.23397,1.2296,1.23271,240,240,0,COMPLETE,
2025-01-21 20:00:00,1.23272,1.236,1.23222,1.23377,239,240,1,UNEXPECTED_INCOMPLETE,UNEXPECTED
2025-01-22 00:00:00,1.23376,1.23535,1.23279,1.23318,240,240,0,COMPLETE,
2025-01-22 04:00:00,1.23318,1.23476,1.23111,1.23188,240,240,0,COMPLETE,
2025-01-22 08:00:00,1.23186,1.23757,1.2316,1.23561,240,240,0,COMPLETE,
2025-01-22 12:00:00,1.23558,1.23686,1.23114,1.23184,240,240,0,COMPLETE,
2025-01-22 16:00:00,1.2318,1.23308,1.23069,1.23254,240,240,0,COMPLETE,
2025-01-22 20:00:00,1.23251,1.23289,1.23057,1.23133,240,240,0,COMPLETE,
2025-01-23 00:00:00,1.23133,1.2323,1.23012,1.23145,240,240,0,COMPLETE,
2025-01-23 04:00:00,1.23144,1.23209,1.22947,1.23047,240,240,0,COMPLETE,
2025-01-23 08:00:00,1.23048,1.23303,1.22926,1.23078,240,240,0,COMPLETE,
2025-01-23 12:00:00,1.23075,1.23356,1.22992,1.23226,240,240,0,COMPLETE,
2025-01-23 16:00:00,1.23227,1.23752,1.22995,1.23588,240,240,0,COMPLETE,
2025-01-23 20:00:00,1.23588,1.23655,1.23462,1.23532,239,240,1,UNEXPECTED_INCOMPLETE,UNEXPECTED
2025-01-24 00:00:00,1.23533,1.24037,1.2348,1.23926,240,240,0,COMPLETE,
2025-01-24 04:00:00,1.23924,1.24187,1.23762,1.23866,240,240,0,COMPLETE,
2025-01-24 08:00:00,1.23863,1.24475,1.23831,1.24148,240,240,0,COMPLETE,
2025-01-24 12:00:00,1.24146,1.24854,1.24001,1.24827,240,240,0,COMPLETE,
2025-01-24 16:00:00,1.24825,1.25014,1.24784,1.24824,240,240,0,COMPLETE,
2025-01-24 20:00:00,1.24822,1.24892,1.24773,1.24809,119,240,121,EXPECTED_INCOMPLETE,EXPECTED
2025-01-25 00:00:00,,,,,0,240,240,SESSION_CLOSED_EXPECTED,EXPECTED
2025-01-25 04:00:00,,,,,0,240,240,SESSION_CLOSED_EXPECTED,EXPECTED
2025-01-25 08:00:00,,,,,0,240,240,SESSION_CLOSED_EXPECTED,EXPECTED
2025-01-25 12:00:00,,,,,0,240,240,SESSION_CLOSED_EXPECTED,EXPECTED
2025-01-25 16:00:00,,,,,0,240,240,SESSION_CLOSED_EXPECTED,EXPECTED
2025-01-25 20:00:00,,,,,0,240,240,SESSION_CLOSED_EXPECTED,EXPECTED
2025-01-26 00:00:00,,,,,0,240,240,SESSION_CLOSED_EXPECTED,EXPECTED
2025-01-26 04:00:00,,,,,0,240,240,SESSION_CLOSED_EXPECTED,EXPECTED
2025-01-26 08:00:00,,,,,0,240,240,SESSION_CLOSED_EXPECTED,EXPECTED
2025-01-26 12:00:00,,,,,0,240,240,SESSION_CLOSED_EXPECTED,EXPECTED
2025-01-26 16:00:00,,,,,0,240,240,SESSION_CLOSED_EXPECTED,EXPECTED
2025-01-26 20:00:00,1.24599,1.24717,1.24557,1.24578,115,240,125,EXPECTED_INCOMPLETE,EXPECTED
2025-01-27 00:00:00,1.24578,1.24651,1.24414,1.24551,240,240,0,COMPLETE,
2025-01-27 04:00:00,1.24551,1.24603,1.24289,1.24289,240,240,0,COMPLETE,
2025-01-27 08:00:00,1.24286,1.25146,1.24257,1.24964,240,240,0,COMPLETE,
2025-01-27 12:00:00,1.24961,1.25232,1.24689,1.24731,240,240,0,COMPLETE,
2025-01-27 16:00:00,1.2473,1.24901,1.24666,1.24894,240,240,0,COMPLETE,
2025-01-27 20:00:00,1.24894,1.25,1.24358,1.2451,240,240,0,COMPLETE,
2025-01-28 00:00:00,1.24511,1.24651,1.24384,1.24401,240,240,0,COMPLETE,
2025-01-28 04:00:00,1.24405,1.24534,1.24258,1.24365,240,240,0,COMPLETE,
2025-01-28 08:00:00,1.24367,1.24553,1.24245,1.24258,240,240,0,COMPLETE,
2025-01-28 12:00:00,1.2426,1.24466,1.2414,1.24316,240,240,0,COMPLETE,
2025-01-28 16:00:00,1.24315,1.2445,1.24214,1.2443,240,240,0,COMPLETE,
2025-01-28 20:00:00,1.24429,1.24453,1.24311,1.24403,239,240,1,UNEXPECTED_INCOMPLETE,UNEXPECTED
2025-01-29 00:00:00,1.24403,1.24502,1.24338,1.24472,240,240,0,COMPLETE,
2025-01-29 04:00:00,1.24474,1.24629,1.24454,1.24483,240,240,0,COMPLETE,
2025-01-29 08:00:00,1.24484,1.24567,1.24098,1.24189,240,240,0,COMPLETE,
2025-01-29 12:00:00,1.24192,1.24456,1.23928,1.24331,240,240,0,COMPLETE,
2025-01-29 16:00:00,1.24334,1.24577,1.24117,1.24442,240,240,0,COMPLETE,
2025-01-29 20:00:00,1.2444,1.24585,1.24302,1.24542,239,240,1,UNEXPECTED_INCOMPLETE,UNEXPECTED
2025-01-30 00:00:00,1.24542,1.24596,1.24446,1.24513,240,240,0,COMPLETE,
2025-01-30 04:00:00,1.24511,1.24538,1.24313,1.24515,240,240,0,COMPLETE,
2025-01-30 08:00:00,1.24516,1.24623,1.24245,1.2427,240,240,0,COMPLETE,
2025-01-30 12:00:00,1.24269,1.24767,1.24238,1.24663,240,240,0,COMPLETE,
2025-01-30 16:00:00,1.24661,1.24711,1.24351,1.24584,240,240,0,COMPLETE,
2025-01-30 20:00:00,1.24587,1.24638,1.24049,1.24216,239,240,1,UNEXPECTED_INCOMPLETE,UNEXPECTED
2025-01-31 00:00:00,1.24215,1.24308,1.24065,1.24168,240,240,0,COMPLETE,
2025-01-31 04:00:00,1.2417,1.24393,1.24134,1.24345,240,240,0,COMPLETE,
2025-01-31 08:00:00,1.24342,1.24383,1.24004,1.24088,240,240,0,COMPLETE,
2025-01-31 12:00:00,1.24089,1.24314,1.23873,1.24247,240,240,0,COMPLETE,
2025-01-31 16:00:00,1.24245,1.24712,1.23853,1.23996,240,240,0,COMPLETE,
2025-01-31 20:00:00,1.23997,1.24105,1.23867,1.23918,119,240,121,EXPECTED_INCOMPLETE,EXPECTED
2025-02-01 00:00:00,,,,,0,240,240,SESSION_CLOSED_EXPECTED,EXPECTED
2025-02-01 04:00:00,,,,,0,240,240,SESSION_CLOSED_EXPECTED,EXPECTED
2025-02-01 08:00:00,,,,,0,240,240,SESSION_CLOSED_EXPECTED,EXPECTED
2025-02-01 12:00:00,,,,,0,240,240,SESSION_CLOSED_EXPECTED,EXPECTED
2025-02-01 16:00:00,,,,,0,240,240,SESSION_CLOSED_EXPECTED,EXPECTED
2025-02-01 20:00:00,,,,,0,240,240,SESSION_CLOSED_EXPECTED,EXPECTED
2025-02-02 00:00:00,,,,,0,240,240,SESSION_CLOSED_EXPECTED,EXPECTED
2025-02-02 04:00:00,,,,,0,240,240,SESSION_CLOSED_EXPECTED,EXPECTED
2025-02-02 08:00:00,,,,,0,240,240,SESSION_CLOSED_EXPECTED,EXPECTED
2025-02-02 12:00:00,,,,,0,240,240,SESSION_CLOSED_EXPECTED,EXPECTED
2025-02-02 16:00:00,,,,,0,240,240,SESSION_CLOSED_EXPECTED,EXPECTED
2025-02-02 20:00:00,1.23039,1.23229,1.22816,1.22894,95,240,145,EXPECTED_INCOMPLETE,EXPECTED
2025-02-03 00:00:00,1.229,1.23124,1.2249,1.22626,240,240,0,COMPLETE,
2025-02-03 04:00:00,1.22626,1.22999,1.22489,1.22838,240,240,0,COMPLETE,
2025-02-03 08:00:00,1.22838,1.23226,1.22724,1.23187,240,240,0,COMPLETE,
2025-02-03 12:00:00,1.23187,1.24346,1.23162,1.24114,240,240,0,COMPLETE,
2025-02-03 16:00:00,1.24112,1.24361,1.238,1.23944,240,240,0,COMPLETE,
2025-02-03 20:00:00,1.23947,1.24547,1.23922,1.2433,239,240,1,UNEXPECTED_INCOMPLETE,UNEXPECTED
2025-02-04 00:00:00,1.2433,1.24366,1.24089,1.24137,240,240,0,COMPLETE,
2025-02-04 04:00:00,1.24138,1.24205,1.23787,1.24148,240,240,0,COMPLETE,
2025-02-04 08:00:00,1.24144,1.24366,1.24021,1.24041,240,240,0,COMPLETE,
2025-02-04 12:00:00,1.24042,1.24856,1.23954,1.24756,240,240,0,COMPLETE,
2025-02-04 16:00:00,1.24757,1.24928,1.24702,1.24818,240,240,0,COMPLETE,
2025-02-04 20:00:00,1.2482,1.24903,1.24705,1.24748,240,240,0,COMPLETE,
2025-02-05 00:00:00,1.24752,1.24894,1.24684,1.2474,240,240,0,COMPLETE,
2025-02-05 04:00:00,1.24741,1.2506,1.24627,1.25008,240,240,0,COMPLETE,
2025-02-05 08:00:00,1.25004,1.25497,1.24875,1.25312,240,240,0,COMPLETE,
2025-02-05 12:00:00,1.25312,1.25444,1.25012,1.25174,240,240,0,COMPLETE,
2025-02-05 16:00:00,1.25171,1.25234,1.25027,1.25051,240,240,0,COMPLETE,
2025-02-05 20:00:00,1.25048,1.25065,1.24976,1.25011,240,240,0,COMPLETE,
2025-02-06 00:00:00,1.25011,1.25093,1.24892,1.24939,240,240,0,COMPLETE,
2025-02-06 04:00:00,1.24939,1.24965,1.24706,1.24732,240,240,0,COMPLETE,
2025-02-06 08:00:00,1.24734,1.24748,1.24061,1.24222,240,240,0,COMPLETE,
2025-02-06 12:00:00,1.2422,1.243,1.23598,1.24137,240,240,0,COMPLETE,
2025-02-06 16:00:00,1.24138,1.24551,1.24133,1.24353,240,240,0,COMPLETE,
2025-02-06 20:00:00,1.24352,1.24408,1.24269,1.24338,239,240,1,UNEXPECTED_INCOMPLETE,UNEXPECTED
2025-02-07 00:00:00,1.24337,1.24428,1.2422,1.24279,240,240,0,COMPLETE,
2025-02-07 04:00:00,1.24275,1.24454,1.24187,1.24411,240,240,0,COMPLETE,
2025-02-07 08:00:00,1.2441,1.24683,1.24389,1.24528,240,240,0,COMPLETE,
2025-02-07 12:00:00,1.24526,1.24928,1.23918,1.24241,240,240,0,COMPLETE,
2025-02-07 16:00:00,1.24242,1.24252,1.23757,1.24132,240,240,0,COMPLETE,
2025-02-07 20:00:00,1.24133,1.24165,1.23976,1.24014,119,240,121,EXPECTED_INCOMPLETE,EXPECTED
2025-02-08 00:00:00,,,,,0,240,240,SESSION_CLOSED_EXPECTED,EXPECTED
2025-02-08 04:00:00,,,,,0,240,240,SESSION_CLOSED_EXPECTED,EXPECTED
2025-02-08 08:00:00,,,,,0,240,240,SESSION_CLOSED_EXPECTED,EXPECTED
2025-02-08 12:00:00,,,,,0,240,240,SESSION_CLOSED_EXPECTED,EXPECTED
2025-02-08 16:00:00,,,,,0,240,240,SESSION_CLOSED_EXPECTED,EXPECTED
2025-02-08 20:00:00,,,,,0,240,240,SESSION_CLOSED_EXPECTED,EXPECTED
2025-02-09 00:00:00,,,,,0,240,240,SESSION_CLOSED_EXPECTED,EXPECTED
2025-02-09 04:00:00,,,,,0,240,240,SESSION_CLOSED_EXPECTED,EXPECTED
2025-02-09 08:00:00,,,,,0,240,240,SESSION_CLOSED_EXPECTED,EXPECTED
2025-02-09 12:00:00,,,,,0,240,240,SESSION_CLOSED_EXPECTED,EXPECTED
2025-02-09 16:00:00,,,,,0,240,240,SESSION_CLOSED_EXPECTED,EXPECTED
2025-02-09 20:00:00,1.23669,1.23939,1.23637,1.2389,114,240,126,EXPECTED_INCOMPLETE,EXPECTED
2025-02-10 00:00:00,1.2389,1.24002,1.23793,1.23962,240,240,0,COMPLETE,
2025-02-10 04:00:00,1.23963,1.24141,1.23944,1.24041,240,240,0,COMPLETE,
2025-02-10 08:00:00,1.24038,1.24219,1.23905,1.24019,240,240,0,COMPLETE,
2025-02-10 12:00:00,1.24017,1.24037,1.23708,1.2389,240,240,0,COMPLETE,
2025-02-10 16:00:00,1.23887,1.23936,1.23636,1.23665,240,240,0,COMPLETE,
2025-02-10 20:00:00,1.23665,1.23692,1.23539,1.23591,239,240,1,UNEXPECTED_INCOMPLETE,UNEXPECTED
2025-02-11 00:00:00,1.23594,1.23649,1.23448,1.23531,240,240,0,COMPLETE,
2025-02-11 04:00:00,1.23531,1.23662,1.23382,1.23393,240,240,0,COMPLETE,
2025-02-11 08:00:00,1.23391,1.23777,1.23318,1.23659,240,240,0,COMPLETE,
2025-02-11 12:00:00,1.2366,1.24169,1.23582,1.24048,240,240,0,COMPLETE,
2025-02-11 16:00:00,1.24047,1.24545,1.24036,1.24377,240,240,0,COMPLETE,
2025-02-11 20:00:00,1.24375,1.24516,1.24333,1.24507,239,240,1,UNEXPECTED_INCOMPLETE,UNEXPECTED
2025-02-12 00:00:00,1.24507,1.24582,1.24376,1.24506,240,240,0,COMPLETE,
2025-02-12 04:00:00,1.24505,1.24603,1.24401,1.24571,240,240,0,COMPLETE,
2025-02-12 08:00:00,1.24569,1.24649,1.24345,1.2456,240,240,0,COMPLETE,
2025-02-12 12:00:00,1.24557,1.2459,1.23772,1.24337,240,240,0,COMPLETE,
2025-02-12 16:00:00,1.24333,1.24832,1.2402,1.24459,240,240,0,COMPLETE,
2025-02-12 20:00:00,1.2446,1.2452,1.24343,1.24501,240,240,0,COMPLETE,
2025-02-13 00:00:00,1.245,1.24796,1.2442,1.24765,240,240,0,COMPLETE,
2025-02-13 04:00:00,1.24765,1.25169,1.24757,1.25089,240,240,0,COMPLETE,
2025-02-13 08:00:00,1.2509,1.25106,1.24692,1.2475,240,240,0,COMPLETE,
2025-02-13 12:00:00,1.24749,1.25257,1.24521,1.25226,240,240,0,COMPLETE,
2025-02-13 16:00:00,1.25225,1.2544,1.24767,1.25366,240,240,0,COMPLETE,
2025-02-13 20:00:00,1.25366,1.25696,1.25339,1.2564,239,240,1,UNEXPECTED_INCOMPLETE,UNEXPECTED
2025-02-14 00:00:00,1.2564,1.25719,1.2555,1.25579,240,240,0,COMPLETE,
2025-02-14 04:00:00,1.25579,1.25747,1.25489,1.2563,240,240,0,COMPLETE,
2025-02-14 08:00:00,1.25627,1.25956,1.25627,1.25811,240,240,0,COMPLETE,
2025-02-14 12:00:00,1.25811,1.26297,1.25713,1.26169,240,240,0,COMPLETE,
2025-02-14 16:00:00,1.26166,1.26216,1.25928,1.2595,240,240,0,COMPLETE,
2025-02-14 20:00:00,1.25948,1.25948,1.25833,1.25864,119,240,121,EXPECTED_INCOMPLETE,EXPECTED
2025-02-15 00:00:00,,,,,0,240,240,SESSION_CLOSED_EXPECTED,EXPECTED
2025-02-15 04:00:00,,,,,0,240,240,SESSION_CLOSED_EXPECTED,EXPECTED
2025-02-15 08:00:00,,,,,0,240,240,SESSION_CLOSED_EXPECTED,EXPECTED
2025-02-15 12:00:00,,,,,0,240,240,SESSION_CLOSED_EXPECTED,EXPECTED
2025-02-15 16:00:00,,,,,0,240,240,SESSION_CLOSED_EXPECTED,EXPECTED
2025-02-15 20:00:00,,,,,0,240,240,SESSION_CLOSED_EXPECTED,EXPECTED
2025-02-16 00:00:00,,,,,0,240,240,SESSION_CLOSED_EXPECTED,EXPECTED
2025-02-16 04:00:00,,,,,0,240,240,SESSION_CLOSED_EXPECTED,EXPECTED
2025-02-16 08:00:00,,,,,0,240,240,SESSION_CLOSED_EXPECTED,EXPECTED
2025-02-16 12:00:00,,,,,0,240,240,SESSION_CLOSED_EXPECTED,EXPECTED
2025-02-16 16:00:00,,,,,0,240,240,SESSION_CLOSED_EXPECTED,EXPECTED
2025-02-16 20:00:00,1.25752,1.25883,1.25717,1.25834,115,240,125,EXPECTED_INCOMPLETE,EXPECTED
2025-02-17 00:00:00,1.25835,1.26,1.25787,1.2591,240,240,0,COMPLETE,
2025-02-17 04:00:00,1.2591,1.25992,1.25827,1.2595,240,240,0,COMPLETE,
2025-02-17 08:00:00,1.25949,1.26064,1.25829,1.26015,240,240,0,COMPLETE,
2025-02-17 12:00:00,1.26014,1.26077,1.25848,1.26054,240,240,0,COMPLETE,
2025-02-17 16:00:00,1.26056,1.26343,1.26026,1.26273,240,240,0,COMPLETE,
2025-02-17 20:00:00,1.26273,1.2629,1.26147,1.26203,239,240,1,UNEXPECTED_INCOMPLETE,UNEXPECTED
2025-02-18 00:00:00,1.26203,1.26216,1.25995,1.26028,240,240,0,COMPLETE,
2025-02-18 04:00:00,1.26026,1.26215,1.25925,1.2614,240,240,0,COMPLETE,
2025-02-18 08:00:00,1.26138,1.26228,1.25906,1.25998,240,240,0,COMPLETE,
2025-02-18 12:00:00,1.26001,1.26205,1.25821,1.26147,240,240,0,COMPLETE,
2025-02-18 16:00:00,1.26146,1.2619,1.2592,1.25974,240,240,0,COMPLETE,
2025-02-18 20:00:00,1.25971,1.26339,1.25933,1.26238,240,240,0,COMPLETE,
2025-02-19 00:00:00,1.26238,1.26274,1.26071,1.26155,240,240,0,COMPLETE,
2025-02-19 04:00:00,1.26155,1.26354,1.26096,1.26175,240,240,0,COMPLETE,
2025-02-19 08:00:00,1.26173,1.26292,1.25747,1.25839,240,240,0,COMPLETE,
2025-02-19 12:00:00,1.25838,1.26061,1.25771,1.25891,240,240,0,COMPLETE,
2025-02-19 16:00:00,1.2589,1.25899,1.25628,1.25836,240,240,0,COMPLETE,
2025-02-19 20:00:00,1.25834,1.25875,1.25709,1.25825,240,240,0,COMPLETE,
2025-02-20 00:00:00,1.25824,1.25948,1.25799,1.25918,240,240,0,COMPLETE,
2025-02-20 04:00:00,1.25917,1.26021,1.25883,1.25946,240,240,0,COMPLETE,
2025-02-20 08:00:00,1.25944,1.26193,1.25944,1.26082,240,240,0,COMPLETE,
2025-02-20 12:00:00,1.26085,1.26432,1.25967,1.26399,240,240,0,COMPLETE,
2025-02-20 16:00:00,1.26401,1.26699,1.26315,1.26692,240,240,0,COMPLETE,
2025-02-20 20:00:00,1.26688,1.26739,1.26556,1.26688,240,240,0,COMPLETE,
2025-02-21 00:00:00,1.26689,1.26739,1.26533,1.26695,240,240,0,COMPLETE,
2025-02-21 04:00:00,1.26695,1.26783,1.26563,1.26688,240,240,0,COMPLETE,
2025-02-21 08:00:00,1.26688,1.26707,1.26417,1.26445,240,240,0,COMPLETE,
2025-02-21 12:00:00,1.26448,1.26679,1.26296,1.26377,240,240,0,COMPLETE,
2025-02-21 16:00:00,1.26377,1.26492,1.26244,1.2631,240,240,0,COMPLETE,
2025-02-21 20:00:00,1.26307,1.26362,1.26266,1.26335,119,240,121,EXPECTED_INCOMPLETE,EXPECTED
2025-02-22 00:00:00,,,,,0,240,240,SESSION_CLOSED_EXPECTED,EXPECTED
2025-02-22 04:00:00,,,,,0,240,240,SESSION_CLOSED_EXPECTED,EXPECTED
2025-02-22 08:00:00,,,,,0,240,240,SESSION_CLOSED_EXPECTED,EXPECTED
2025-02-22 12:00:00,,,,,0,240,240,SESSION_CLOSED_EXPECTED,EXPECTED
2025-02-22 16:00:00,,,,,0,240,240,SESSION_CLOSED_EXPECTED,EXPECTED
2025-02-22 20:00:00,,,,,0,240,240,SESSION_CLOSED_EXPECTED,EXPECTED
2025-02-23 00:00:00,,,,,0,240,240,SESSION_CLOSED_EXPECTED,EXPECTED
2025-02-23 04:00:00,,,,,0,240,240,SESSION_CLOSED_EXPECTED,EXPECTED
2025-02-23 08:00:00,,,,,0,240,240,SESSION_CLOSED_EXPECTED,EXPECTED
2025-02-23 12:00:00,,,,,0,240,240,SESSION_CLOSED_EXPECTED,EXPECTED
2025-02-23 16:00:00,,,,,0,240,240,SESSION_CLOSED_EXPECTED,EXPECTED
2025-02-23 20:00:00,1.26196,1.26575,1.26196,1.26483,115,240,125,EXPECTED_INCOMPLETE,EXPECTED
2025-02-24 00:00:00,1.26487,1.26901,1.26438,1.26805,240,240,0,COMPLETE,
2025-02-24 04:00:00,1.26805,1.2682,1.26378,1.2644,240,240,0,COMPLETE,
2025-02-24 08:00:00,1.26444,1.2657,1.26251,1.26395,240,240,0,COMPLETE,
2025-02-24 12:00:00,1.26392,1.26501,1.26115,1.262,240,240,0,COMPLETE,
2025-02-24 16:00:00,1.26199,1.26505,1.26173,1.26321,240,240,0,COMPLETE,
2025-02-24 20:00:00,1.26324,1.26364,1.26151,1.26166,240,240,0,COMPLETE,
2025-02-25 00:00:00,1.26166,1.26357,1.26163,1.26317,240,240,0,COMPLETE,
2025-02-25 04:00:00,1.26318,1.26385,1.26108,1.26128,240,240,0,COMPLETE,
2025-02-25 08:00:00,1.26127,1.26531,1.26053,1.26528,240,240,0,COMPLETE,
2025-02-25 12:00:00,1.26526,1.26774,1.26468,1.26539,240,240,0,COMPLETE,
2025-02-25 16:00:00,1.26541,1.26747,1.26401,1.2669,240,240,0,COMPLETE,
2025-02-25 20:00:00,1.26689,1.2677,1.26584,1.26714,240,240,0,COMPLETE,
2025-02-26 00:00:00,1.26715,1.26775,1.26476,1.26493,240,240,0,COMPLETE,
2025-02-26 04:00:00,1.26494,1.26566,1.26346,1.26479,240,240,0,COMPLETE,
2025-02-26 08:00:00,1.26479,1.26641,1.26393,1.26479,240,240,0,COMPLETE,
2025-02-26 12:00:00,1.26482,1.26984,1.26407,1.26939,240,240,0,COMPLETE,
2025-02-26 16:00:00,1.26942,1.27154,1.2672,1.26834,240,240,0,COMPLETE,
2025-02-26 20:00:00,1.26836,1.26843,1.26694,1.26802,240,240,0,COMPLETE,
2025-02-27 00:00:00,1.26802,1.26802,1.26556,1.26562,240,240,0,COMPLETE,
2025-02-27 04:00:00,1.26565,1.26706,1.26498,1.26657,240,240,0,COMPLETE,
2025-02-27 08:00:00,1.26661,1.26884,1.26632,1.26721,240,240,0,COMPLETE,
2025-02-27 12:00:00,1.2672,1.2688,1.26214,1.26275,240,240,0,COMPLETE,
2025-02-27 16:00:00,1.26278,1.26336,1.26045,1.26078,240,240,0,COMPLETE,
2025-02-27 20:00:00,1.26077,1.26126,1.2593,1.25962,240,240,0,COMPLETE,
2025-02-28 00:00:00,1.25966,1.26099,1.25816,1.25842,240,240,0,COMPLETE,
2025-02-28 04:00:00,1.25843,1.25954,1.25726,1.2588,240,240,0,COMPLETE,
2025-02-28 08:00:00,1.25879,1.26065,1.2583,1.25947,240,240,0,COMPLETE,
2025-02-28 12:00:00,1.25947,1.26215,1.25825,1.25917,240,240,0,COMPLETE,
2025-02-28 16:00:00,1.2592,1.26043,1.2559,1.25713,240,240,0,COMPLETE,
2025-02-28 20:00:00,1.25715,1.25833,1.25679,1.25768,119,240,121,EXPECTED_INCOMPLETE,EXPECTED
2025-03-01 00:00:00,,,,,0,240,240,SESSION_CLOSED_EXPECTED,EXPECTED
2025-03-01 04:00:00,,,,,0,240,240,SESSION_CLOSED_EXPECTED,EXPECTED
2025-03-01 08:00:00,,,,,0,240,240,SESSION_CLOSED_EXPECTED,EXPECTED
2025-03-01 12:00:00,,,,,0,240,240,SESSION_CLOSED_EXPECTED,EXPECTED
2025-03-01 16:00:00,,,,,0,240,240,SESSION_CLOSED_EXPECTED,EXPECTED
2025-03-01 20:00:00,,,,,0,240,240,SESSION_CLOSED_EXPECTED,EXPECTED
2025-03-02 00:00:00,,,,,0,240,240,SESSION_CLOSED_EXPECTED,EXPECTED
2025-03-02 04:00:00,,,,,0,240,240,SESSION_CLOSED_EXPECTED,EXPECTED
2025-03-02 08:00:00,,,,,0,240,240,SESSION_CLOSED_EXPECTED,EXPECTED
2025-03-02 12:00:00,,,,,0,240,240,SESSION_CLOSED_EXPECTED,EXPECTED
2025-03-02 16:00:00,,,,,0,240,240,SESSION_CLOSED_EXPECTED,EXPECTED
2025-03-02 20:00:00,1.25688,1.2608,1.25678,1.26016,115,240,125,EXPECTED_INCOMPLETE,EXPECTED
2025-03-03 00:00:00,1.26015,1.26134,1.25937,1.26018,240,240,0,COMPLETE,
2025-03-03 04:00:00,1.26018,1.26073,1.25904,1.26008,240,240,0,COMPLETE,
2025-03-03 08:00:00,1.26004,1.26623,1.25818,1.26598,240,240,0,COMPLETE,
2025-03-03 12:00:00,1.26597,1.27139,1.26593,1.2698,240,240,0,COMPLETE,
2025-03-03 16:00:00,1.26984,1.27245,1.26867,1.26904,240,240,0,COMPLETE,
2025-03-03 20:00:00,1.26905,1.27093,1.26797,1.2701,239,240,1,UNEXPECTED_INCOMPLETE,UNEXPECTED
2025-03-04 00:00:00,1.2701,1.27081,1.26844,1.26871,240,240,0,COMPLETE,
2025-03-04 04:00:00,1.26871,1.27087,1.26782,1.27034,240,240,0,COMPLETE,
2025-03-04 08:00:00,1.27032,1.27412,1.26922,1.27397,240,240,0,COMPLETE,
2025-03-04 12:00:00,1.27399,1.27533,1.26993,1.27157,240,240,0,COMPLETE,
2025-03-04 16:00:00,1.27155,1.27883,1.27037,1.27867,240,240,0,COMPLETE,
2025-03-04 20:00:00,1.27868,1.27992,1.27829,1.27948,240,240,0,COMPLETE,
2025-03-05 00:00:00,1.27947,1.27957,1.27672,1.2786,240,240,0,COMPLETE,
2025-03-05 04:00:00,1.2786,1.28213,1.27848,1.282,240,240,0,COMPLETE,
2025-03-05 08:00:00,1.28198,1.28542,1.28143,1.28232,240,240,0,COMPLETE,
2025-03-05 12:00:00,1.28233,1.28728,1.28036,1.28665,240,240,0,COMPLETE,
2025-03-05 16:00:00,1.28662,1.28972,1.28543,1.28963,240,240,0,COMPLETE,
2025-03-05 20:00:00,1.2896,1.29003,1.28866,1.28893,239,240,1,UNEXPECTED_INCOMPLETE,UNEXPECTED
2025-03-06 00:00:00,1.28891,1.29082,1.28855,1.28859,240,240,0,COMPLETE,
2025-03-06 04:00:00,1.28859,1.29232,1.28825,1.29084,240,240,0,COMPLETE,
2025-03-06 08:00:00,1.29085,1.29139,1.28656,1.28789,240,240,0,COMPLETE,
2025-03-06 12:00:00,1.28786,1.29182,1.28746,1.289,240,240,0,COMPLETE,
2025-03-06 16:00:00,1.28901,1.29136,1.28764,1.28933,240,240,0,COMPLETE,
2025-03-06 20:00:00,1.28932,1.28951,1.28704,1.28832,240,240,0,COMPLETE,
2025-03-07 00:00:00,1.28831,1.28922,1.28756,1.28867,240,240,0,COMPLETE,
2025-03-07 04:00:00,1.28867,1.29106,1.28793,1.29039,240,240,0,COMPLETE,
2025-03-07 08:00:00,1.29042,1.29444,1.29012,1.29194,240,240,0,COMPLETE,
2025-03-07 12:00:00,1.29193,1.29394,1.29001,1.29222,240,240,0,COMPLETE,
2025-03-07 16:00:00,1.2923,1.29292,1.28941,1.29203,240,240,0,COMPLETE,
2025-03-07 20:00:00,1.29205,1.29292,1.29181,1.29213,119,240,121,EXPECTED_INCOMPLETE,EXPECTED
2025-03-08 00:00:00,,,,,0,240,240,SESSION_CLOSED_EXPECTED,EXPECTED
2025-03-08 04:00:00,,,,,0,240,240,SESSION_CLOSED_EXPECTED,EXPECTED
2025-03-08 08:00:00,,,,,0,240,240,SESSION_CLOSED_EXPECTED,EXPECTED
2025-03-08 12:00:00,,,,,0,240,240,SESSION_CLOSED_EXPECTED,EXPECTED
2025-03-08 16:00:00,,,,,0,240,240,SESSION_CLOSED_EXPECTED,EXPECTED
2025-03-08 20:00:00,,,,,0,240,240,SESSION_CLOSED_EXPECTED,EXPECTED
2025-03-09 00:00:00,,,,,0,240,240,SESSION_CLOSED_EXPECTED,EXPECTED
2025-03-09 04:00:00,,,,,0,240,240,SESSION_CLOSED_EXPECTED,EXPECTED
2025-03-09 08:00:00,,,,,0,240,240,SESSION_CLOSED_EXPECTED,EXPECTED
2025-03-09 12:00:00,,,,,0,240,240,SESSION_CLOSED_EXPECTED,EXPECTED
2025-03-09 16:00:00,,,,,0,240,240,SESSION_CLOSED_EXPECTED,EXPECTED
2025-03-09 20:00:00,1.29066,1.29378,1.28961,1.29315,175,240,65,EXPECTED_INCOMPLETE,EXPECTED
2025-03-10 00:00:00,1.29315,1.29454,1.29093,1.29111,240,240,0,COMPLETE,
2025-03-10 04:00:00,1.29112,1.29222,1.28883,1.28948,240,240,0,COMPLETE,
2025-03-10 08:00:00,1.28949,1.29334,1.28734,1.29223,240,240,0,COMPLETE,
2025-03-10 12:00:00,1.29225,1.29463,1.28981,1.29046,240,240,0,COMPLETE,
2025-03-10 16:00:00,1.29046,1.29095,1.28607,1.28765,240,240,0,COMPLETE,
2025-03-10 20:00:00,1.28766,1.28807,1.28641,1.28747,240,240,0,COMPLETE,
2025-03-11 00:00:00,1.28748,1.28949,1.28738,1.28897,240,240,0,COMPLETE,
2025-03-11 04:00:00,1.28893,1.29175,1.28728,1.29085,240,240,0,COMPLETE,
2025-03-11 08:00:00,1.29088,1.29412,1.29051,1.29243,240,240,0,COMPLETE,
2025-03-11 12:00:00,1.29243,1.29563,1.29173,1.29454,240,240,0,COMPLETE,
2025-03-11 16:00:00,1.29452,1.29654,1.2933,1.29519,240,240,0,COMPLETE,
2025-03-11 20:00:00,1.29518,1.29522,1.29334,1.29435,240,240,0,COMPLETE,
2025-03-12 00:00:00,1.29438,1.29459,1.29219,1.29222,240,240,0,COMPLETE,
2025-03-12 04:00:00,1.29222,1.29325,1.29131,1.29283,240,240,0,COMPLETE,
2025-03-12 08:00:00,1.29281,1.29607,1.29229,1.29439,240,240,0,COMPLETE,
2025-03-12 12:00:00,1.29439,1.29881,1.2924,1.29678,240,240,0,COMPLETE,
2025-03-12 16:00:00,1.29672,1.2982,1.29625,1.29668,240,240,0,COMPLETE,
2025-03-12 20:00:00,1.29672,1.29702,1.2958,1.29639,240,240,0,COMPLETE,
2025-03-13 00:00:00,1.2964,1.29729,1.29572,1.29573,240,240,0,COMPLETE,
2025-03-13 04:00:00,1.29571,1.29624,1.2941,1.29526,240,240,0,COMPLETE,
2025-03-13 08:00:00,1.29529,1.29656,1.29259,1.29317,240,240,0,COMPLETE,
2025-03-13 12:00:00,1.29315,1.29678,1.29203,1.29433,240,240,0,COMPLETE,
2025-03-13 16:00:00,1.29431,1.29582,1.29356,1.29439,240,240,0,COMPLETE,
2025-03-13 20:00:00,1.2944,1.29572,1.29415,1.29562,239,240,1,UNEXPECTED_INCOMPLETE,UNEXPECTED
2025-03-14 00:00:00,1.2956,1.29585,1.29353,1.29438,240,240,0,COMPLETE,
2025-03-14 04:00:00,1.29438,1.29492,1.29168,1.2925,240,240,0,COMPLETE,
2025-03-14 08:00:00,1.29248,1.29536,1.29193,1.29388,240,240,0,COMPLETE,
2025-03-14 12:00:00,1.29385,1.29523,1.29102,1.29148,240,240,0,COMPLETE,
2025-03-14 16:00:00,1.29147,1.2936,1.29119,1.2935,240,240,0,COMPLETE,
2025-03-14 20:00:00,1.29345,1.29384,1.29308,1.29342,59,240,181,EXPECTED_INCOMPLETE,EXPECTED
2025-03-15 00:00:00,,,,,0,240,240,SESSION_CLOSED_EXPECTED,EXPECTED
2025-03-15 04:00:00,,,,,0,240,240,SESSION_CLOSED_EXPECTED,EXPECTED
2025-03-15 08:00:00,,,,,0,240,240,SESSION_CLOSED_EXPECTED,EXPECTED
2025-03-15 12:00:00,,,,,0,240,240,SESSION_CLOSED_EXPECTED,EXPECTED
2025-03-15 16:00:00,,,,,0,240,240,SESSION_CLOSED_EXPECTED,EXPECTED
2025-03-15 20:00:00,,,,,0,240,240,SESSION_CLOSED_EXPECTED,EXPECTED
2025-03-16 00:00:00,,,,,0,240,240,SESSION_CLOSED_EXPECTED,EXPECTED
2025-03-16 04:00:00,,,,,0,240,240,SESSION_CLOSED_EXPECTED,EXPECTED
2025-03-16 08:00:00,,,,,0,240,240,SESSION_CLOSED_EXPECTED,EXPECTED
2025-03-16 12:00:00,,,,,0,240,240,SESSION_CLOSED_EXPECTED,EXPECTED
2025-03-16 16:00:00,,,,,0,240,240,SESSION_CLOSED_EXPECTED,EXPECTED
2025-03-16 20:00:00,1.29252,1.29354,1.29115,1.29268,175,240,65,EXPECTED_INCOMPLETE,EXPECTED
2025-03-17 00:00:00,1.2927,1.29439,1.29266,1.29356,240,240,0,COMPLETE,
2025-03-17 04:00:00,1.29356,1.29448,1.29276,1.29358,240,240,0,COMPLETE,
2025-03-17 08:00:00,1.29358,1.2977,1.29299,1.29704,240,240,0,COMPLETE,
2025-03-17 12:00:00,1.29705,1.29946,1.29586,1.2984,240,240,0,COMPLETE,
2025-03-17 16:00:00,1.29841,1.29985,1.29811,1.2991,240,240,0,COMPLETE,
2025-03-17 20:00:00,1.29911,1.29976,1.29789,1.29837,240,240,0,COMPLETE,
2025-03-18 00:00:00,1.29837,1.29871,1.29704,1.29735,240,240,0,COMPLETE,
2025-03-18 04:00:00,1.29735,1.29886,1.29674,1.29863,240,240,0,COMPLETE,
2025-03-18 08:00:00,1.29863,1.30044,1.29639,1.29648,240,240,0,COMPLETE,
2025-03-18 12:00:00,1.29649,1.29922,1.29511,1.29835,240,240,0,COMPLETE,
2025-03-18 16:00:00,1.29837,1.30095,1.29768,1.30055,240,240,0,COMPLETE,
2025-03-18 20:00:00,1.30053,1.30061,1.29912,1.29997,239,240,1,UNEXPECTED_INCOMPLETE,UNEXPECTED
2025-03-19 00:00:00,1.29994,1.30026,1.29885,1.2994,240,240,0,COMPLETE,
2025-03-19 04:00:00,1.2994,1.2994,1.29569,1.29705,240,240,0,COMPLETE,
2025-03-19 08:00:00,1.29706,1.29819,1.29568,1.29761,240,240,0,COMPLETE,
2025-03-19 12:00:00,1.29763,1.29819,1.29545,1.29658,240,240,0,COMPLETE,
2025-03-19 16:00:00,1.29658,1.3011,1.29554,1.29965,240,240,0,COMPLETE,
2025-03-19 20:00:00,1.29964,1.30113,1.29896,1.30096,238,240,2,UNEXPECTED_INCOMPLETE,UNEXPECTED
2025-03-20 00:00:00,1.30096,1.30145,1.29981,1.30071,240,240,0,COMPLETE,
2025-03-20 04:00:00,1.30071,1.30081,1.2962,1.29713,240,240,0,COMPLETE,
2025-03-20 08:00:00,1.29715,1.29792,1.29357,1.29542,240,240,0,COMPLETE,
2025-03-20 12:00:00,1.29543,1.29788,1.29353,1.29722,240,240,0,COMPLETE,
2025-03-20 16:00:00,1.29724,1.29729,1.2956,1.29654,240,240,0,COMPLETE,
2025-03-20 20:00:00,1.29657,1.29701,1.29564,1.29648,238,240,2,UNEXPECTED_INCOMPLETE,UNEXPECTED
2025-03-21 00:00:00,1.29647,1.297,1.29445,1.29457,240,240,0,COMPLETE,
2025-03-21 04:00:00,1.29457,1.2947,1.29243,1.29349,240,240,0,COMPLETE,
2025-03-21 08:00:00,1.29347,1.29468,1.29217,1.29448,240,240,0,COMPLETE,
2025-03-21 12:00:00,1.2945,1.29551,1.28931,1.28931,240,240,0,COMPLETE,
2025-03-21 16:00:00,1.28931,1.29291,1.28873,1.29185,240,240,0,COMPLETE,
2025-03-21 20:00:00,1.29182,1.29205,1.29105,1.29174,59,240,181,EXPECTED_INCOMPLETE,EXPECTED
2025-03-22 00:00:00,,,,,0,240,240,SESSION_CLOSED_EXPECTED,EXPECTED
2025-03-22 04:00:00,,,,,0,240,240,SESSION_CLOSED_EXPECTED,EXPECTED
2025-03-22 08:00:00,,,,,0,240,240,SESSION_CLOSED_EXPECTED,EXPECTED
2025-03-22 12:00:00,,,,,0,240,240,SESSION_CLOSED_EXPECTED,EXPECTED
2025-03-22 16:00:00,,,,,0,240,240,SESSION_CLOSED_EXPECTED,EXPECTED
2025-03-22 20:00:00,,,,,0,240,240,SESSION_CLOSED_EXPECTED,EXPECTED
2025-03-23 00:00:00,,,,,0,240,240,SESSION_CLOSED_EXPECTED,EXPECTED
2025-03-23 04:00:00,,,,,0,240,240,SESSION_CLOSED_EXPECTED,EXPECTED
2025-03-23 08:00:00,,,,,0,240,240,SESSION_CLOSED_EXPECTED,EXPECTED
2025-03-23 12:00:00,,,,,0,240,240,SESSION_CLOSED_EXPECTED,EXPECTED
2025-03-23 16:00:00,,,,,0,240,240,SESSION_CLOSED_EXPECTED,EXPECTED
2025-03-23 20:00:00,1.28784,1.29256,1.28784,1.29246,175,240,65,EXPECTED_INCOMPLETE,EXPECTED
2025-03-24 00:00:00,1.29244,1.29344,1.29122,1.29134,240,240,0,COMPLETE,
2025-03-24 04:00:00,1.29135,1.29518,1.29108,1.29471,240,240,0,COMPLETE,
2025-03-24 08:00:00,1.29472,1.29739,1.29392,1.29444,240,240,0,COMPLETE,
2025-03-24 12:00:00,1.29441,1.29499,1.29075,1.29115,240,240,0,COMPLETE,
2025-03-24 16:00:00,1.29114,1.29301,1.28952,1.29214,240,240,0,COMPLETE,
2025-03-24 20:00:00,1.29209,1.29271,1.29163,1.29226,238,240,2,UNEXPECTED_INCOMPLETE,UNEXPECTED
2025-03-25 00:00:00,1.29226,1.29253,1.29114,1.29242,240,240,0,COMPLETE,
2025-03-25 04:00:00,1.29244,1.29283,1.29024,1.29056,240,240,0,COMPLETE,
2025-03-25 08:00:00,1.29059,1.29572,1.29013,1.29424,240,240,0,COMPLETE,
2025-03-25 12:00:00,1.29426,1.29605,1.29327,1.2947,240,240,0,COMPLETE,
2025-03-25 16:00:00,1.29472,1.29665,1.29392,1.29469,240,240,0,COMPLETE,
2025-03-25 20:00:00,1.29462,1.29483,1.29378,1.29446,239,240,1,UNEXPECTED_INCOMPLETE,UNEXPECTED
2025-03-26 00:00:00,1.29443,1.29457,1.29267,1.29356,240,240,0,COMPLETE,
2025-03-26 04:00:00,1.29356,1.29429,1.29025,1.29109,240,240,0,COMPLETE,
2025-03-26 08:00:00,1.2911,1.29134,1.28858,1.28964,240,240,0,COMPLETE,
2025-03-26 12:00:00,1.28965,1.29088,1.28739,1.28853,240,240,0,COMPLETE,
2025-03-26 16:00:00,1.28858,1.2902,1.28788,1.28875,240,240,0,COMPLETE,
2025-03-26 20:00:00,1.28877,1.28931,1.28664,1.28769,240,240,0,COMPLETE,
2025-03-27 00:00:00,1.28769,1.29162,1.2876,1.29105,240,240,0,COMPLETE,
2025-03-27 04:00:00,1.29106,1.29287,1.29025,1.29118,240,240,0,COMPLETE,
2025-03-27 08:00:00,1.29121,1.29415,1.2901,1.29304,240,240,0,COMPLETE,
2025-03-27 12:00:00,1.29306,1.29916,1.29222,1.29624,240,240,0,COMPLETE,
2025-03-27 16:00:00,1.29623,1.29723,1.29452,1.29488,240,240,0,COMPLETE,
2025-03-27 20:00:00,1.2949,1.29518,1.29374,1.2951,240,240,0,COMPLETE,
2025-03-28 00:00:00,1.29508,1.29528,1.29404,1.29449,240,240,0,COMPLETE,
2025-03-28 04:00:00,1.2945,1.29678,1.2937,1.29504,240,240,0,COMPLETE,
2025-03-28 08:00:00,1.29507,1.29594,1.29218,1.2929,240,240,0,COMPLETE,
2025-03-28 12:00:00,1.29288,1.29677,1.29232,1.2941,240,240,0,COMPLETE,
2025-03-28 16:00:00,1.29411,1.29493,1.2929,1.29444,240,240,0,COMPLETE,
2025-03-28 20:00:00,1.29442,1.29474,1.29375,1.29394,59,240,181,EXPECTED_INCOMPLETE,EXPECTED
2025-03-29 00:00:00,,,,,0,240,240,SESSION_CLOSED_EXPECTED,EXPECTED
2025-03-29 04:00:00,,,,,0,240,240,SESSION_CLOSED_EXPECTED,EXPECTED
2025-03-29 08:00:00,,,,,0,240,240,SESSION_CLOSED_EXPECTED,EXPECTED
2025-03-29 12:00:00,,,,,0,240,240,SESSION_CLOSED_EXPECTED,EXPECTED
2025-03-29 16:00:00,,,,,0,240,240,SESSION_CLOSED_EXPECTED,EXPECTED
2025-03-29 20:00:00,,,,,0,240,240,SESSION_CLOSED_EXPECTED,EXPECTED
2025-03-30 00:00:00,,,,,0,240,240,SESSION_CLOSED_EXPECTED,EXPECTED
2025-03-30 04:00:00,,,,,0,240,240,SESSION_CLOSED_EXPECTED,EXPECTED
2025-03-30 08:00:00,,,,,0,240,240,SESSION_CLOSED_EXPECTED,EXPECTED
2025-03-30 12:00:00,,,,,0,240,240,SESSION_CLOSED_EXPECTED,EXPECTED
2025-03-30 16:00:00,,,,,0,240,240,SESSION_CLOSED_EXPECTED,EXPECTED
2025-03-30 20:00:00,1.29305,1.29402,1.29163,1.29372,175,240,65,EXPECTED_INCOMPLETE,EXPECTED
2025-03-31 00:00:00,1.29368,1.29714,1.29364,1.29566,240,240,0,COMPLETE,
2025-03-31 04:00:00,1.29568,1.29726,1.29483,1.29561,240,240,0,COMPLETE,
2025-03-31 08:00:00,1.29558,1.29607,1.29178,1.29518,240,240,0,COMPLETE,
2025-03-31 12:00:00,1.29518,1.29582,1.28895,1.28906,240,240,0,COMPLETE,
2025-03-31 16:00:00,1.28908,1.29238,1.28858,1.29182,240,240,0,COMPLETE,
2025-03-31 20:00:00,1.29184,1.29209,1.29106,1.29188,239,240,1,UNEXPECTED_INCOMPLETE,UNEXPECTED
2025-04-01 00:00:00,1.29191,1.29358,1.29174,1.29325,240,240,0,COMPLETE,
2025-04-01 04:00:00,1.29326,1.29403,1.29021,1.29082,240,240,0,COMPLETE,
2025-04-01 08:00:00,1.29078,1.29377,1.28896,1.28904,240,240,0,COMPLETE,
2025-04-01 12:00:00,1.28902,1.29293,1.28789,1.29207,240,240,0,COMPLETE,
2025-04-01 16:00:00,1.29207,1.29326,1.29079,1.292,240,240,0,COMPLETE,
2025-04-01 20:00:00,1.29203,1.29325,1.29173,1.29212,240,240,0,COMPLETE,
2025-04-02 00:00:00,1.29214,1.29299,1.29057,1.29208,240,240,0,COMPLETE,
2025-04-02 04:00:00,1.29208,1.2922,1.29001,1.29126,240,240,0,COMPLETE,
2025-04-02 08:00:00,1.29123,1.29497,1.29095,1.29473,240,240,0,COMPLETE,
2025-04-02 12:00:00,1.29474,1.29786,1.29335,1.2973,240,240,0,COMPLETE,
2025-04-02 16:00:00,1.2973,1.29864,1.29626,1.29806,240,240,0,COMPLETE,
2025-04-02 20:00:00,1.29804,1.3052,1.29536,1.30448,236,240,4,UNEXPECTED_INCOMPLETE,UNEXPECTED
2025-04-03 00:00:00,1.30447,1.30768,1.30257,1.30702,240,240,0,COMPLETE,
2025-04-03 04:00:00,1.30704,1.31392,1.30556,1.31357,240,240,0,COMPLETE,
2025-04-03 08:00:00,1.3136,1.32074,1.31309,1.31738,240,240,0,COMPLETE,
2025-04-03 12:00:00,1.31742,1.31955,1.3105,1.31098,240,240,0,COMPLETE,
2025-04-03 16:00:00,1.31101,1.31211,1.30792,1.3081,240,240,0,COMPLETE,
2025-04-03 20:00:00,1.30807,1.31081,1.30796,1.30888,239,240,1,UNEXPECTED_INCOMPLETE,UNEXPECTED
2025-04-04 00:00:00,1.30887,1.31092,1.30802,1.31037,240,240,0,COMPLETE,
2025-04-04 04:00:00,1.31037,1.31135,1.30045,1.30077,240,240,0,COMPLETE,
2025-04-04 08:00:00,1.30078,1.30322,1.29616,1.30201,240,240,0,COMPLETE,
2025-04-04 12:00:00,1.30202,1.30502,1.29068,1.29259,240,240,0,COMPLETE,
2025-04-04 16:00:00,1.29262,1.29287,1.28564,1.28727,240,240,0,COMPLETE,
2025-04-04 20:00:00,1.2873,1.2902,1.28524,1.29005,59,240,181,EXPECTED_INCOMPLETE,EXPECTED
2025-04-05 00:00:00,,,,,0,240,240,SESSION_CLOSED_EXPECTED,EXPECTED
2025-04-05 04:00:00,,,,,0,240,240,SESSION_CLOSED_EXPECTED,EXPECTED
2025-04-05 08:00:00,,,,,0,240,240,SESSION_CLOSED_EXPECTED,EXPECTED
2025-04-05 12:00:00,,,,,0,240,240,SESSION_CLOSED_EXPECTED,EXPECTED
2025-04-05 16:00:00,,,,,0,240,240,SESSION_CLOSED_EXPECTED,EXPECTED
2025-04-05 20:00:00,,,,,0,240,240,SESSION_CLOSED_EXPECTED,EXPECTED
2025-04-06 00:00:00,,,,,0,240,240,SESSION_CLOSED_EXPECTED,EXPECTED
2025-04-06 04:00:00,,,,,0,240,240,SESSION_CLOSED_EXPECTED,EXPECTED
2025-04-06 08:00:00,,,,,0,240,240,SESSION_CLOSED_EXPECTED,EXPECTED
2025-04-06 12:00:00,,,,,0,240,240,SESSION_CLOSED_EXPECTED,EXPECTED
2025-04-06 16:00:00,,,,,0,240,240,SESSION_CLOSED_EXPECTED,EXPECTED
2025-04-06 20:00:00,1.28266,1.29331,1.28196,1.29083,174,240,66,EXPECTED_INCOMPLETE,EXPECTED
2025-04-07 00:00:00,1.29087,1.29169,1.28489,1.2886,240,240,0,COMPLETE,
2025-04-07 04:00:00,1.28861,1.29337,1.28825,1.28939,240,240,0,COMPLETE,
2025-04-07 08:00:00,1.28941,1.2913,1.2803,1.2824,240,240,0,COMPLETE,
2025-04-07 12:00:00,1.28242,1.28527,1.27245,1.27249,240,240,0,COMPLETE,
2025-04-07 16:00:00,1.27252,1.27781,1.27096,1.2716,240,240,0,COMPLETE,
2025-04-07 20:00:00,1.27162,1.2738,1.27076,1.27325,240,240,0,COMPLETE,
2025-04-08 00:00:00,1.27324,1.27914,1.27324,1.27767,240,240,0,COMPLETE,
2025-04-08 04:00:00,1.27765,1.27961,1.27488,1.27499,240,240,0,COMPLETE,
2025-04-08 08:00:00,1.27497,1.27828,1.27242,1.27782,240,240,0,COMPLETE,
2025-04-08 12:00:00,1.27784,1.27959,1.27432,1.2768,240,240,0,COMPLETE,
2025-04-08 16:00:00,1.2768,1.28143,1.27544,1.27734,240,240,0,COMPLETE,
2025-04-08 20:00:00,1.27732,1.27909,1.27547,1.27863,236,240,4,UNEXPECTED_INCOMPLETE,UNEXPECTED
2025-04-09 00:00:00,1.27863,1.28452,1.27744,1.28176,240,240,0,COMPLETE,
2025-04-09 04:00:00,1.28174,1.28637,1.27913,1.27993,240,240,0,COMPLETE,
2025-04-09 08:00:00,1.27991,1.28368,1.27723,1.27734,240,240,0,COMPLETE,
2025-04-09 12:00:00,1.27738,1.28144,1.27511,1.27691,240,240,0,COMPLETE,
2025-04-09 16:00:00,1.27692,1.28372,1.27428,1.2803,240,240,0,COMPLETE,
2025-04-09 20:00:00,1.28032,1.28333,1.2793,1.28241,237,240,3,UNEXPECTED_INCOMPLETE,UNEXPECTED
2025-04-10 00:00:00,1.28239,1.28523,1.28216,1.28467,240,240,0,COMPLETE,
2025-04-10 04:00:00,1.28463,1.28814,1.28406,1.28763,240,240,0,COMPLETE,
2025-04-10 08:00:00,1.28768,1.29381,1.28602,1.2931,240,240,0,COMPLETE,
2025-04-10 12:00:00,1.29309,1.29785,1.28918,1.29378,240,240,0,COMPLETE,
2025-04-10 16:00:00,1.2938,1.29956,1.29246,1.29696,240,240,0,COMPLETE,
2025-04-10 20:00:00,1.29694,1.29974,1.29527,1.29915,240,240,0,COMPLETE,
2025-04-11 00:00:00,1.29912,1.30474,1.29873,1.30357,240,240,0,COMPLETE,
2025-04-11 04:00:00,1.30359,1.30749,1.29842,1.30671,240,240,0,COMPLETE,
2025-04-11 08:00:00,1.30668,1.31449,1.30539,1.30879,240,240,0,COMPLETE,
2025-04-11 12:00:00,1.30876,1.31345,1.3039,1.30474,240,240,0,COMPLETE,
2025-04-11 16:00:00,1.30469,1.30832,1.30294,1.30743,240,240,0,COMPLETE,
2025-04-11 20:00:00,1.30745,1.31001,1.30639,1.30861,59,240,181,EXPECTED_INCOMPLETE,EXPECTED
2025-04-12 00:00:00,,,,,0,240,240,SESSION_CLOSED_EXPECTED,EXPECTED
2025-04-12 04:00:00,,,,,0,240,240,SESSION_CLOSED_EXPECTED,EXPECTED
2025-04-12 08:00:00,,,,,0,240,240,SESSION_CLOSED_EXPECTED,EXPECTED
2025-04-12 12:00:00,,,,,0,240,240,SESSION_CLOSED_EXPECTED,EXPECTED
2025-04-12 16:00:00,,,,,0,240,240,SESSION_CLOSED_EXPECTED,EXPECTED
2025-04-12 20:00:00,,,,,0,240,240,SESSION_CLOSED_EXPECTED,EXPECTED
2025-04-13 00:00:00,,,,,0,240,240,SESSION_CLOSED_EXPECTED,EXPECTED
2025-04-13 04:00:00,,,,,0,240,240,SESSION_CLOSED_EXPECTED,EXPECTED
2025-04-13 08:00:00,,,,,0,240,240,SESSION_CLOSED_EXPECTED,EXPECTED
2025-04-13 12:00:00,,,,,0,240,240,SESSION_CLOSED_EXPECTED,EXPECTED
2025-04-13 16:00:00,,,,,0,240,240,SESSION_CLOSED_EXPECTED,EXPECTED
2025-04-13 20:00:00,1.30745,1.3096,1.30624,1.30837,175,240,65,EXPECTED_INCOMPLETE,EXPECTED
2025-04-14 00:00:00,1.30839,1.31279,1.30831,1.31063,240,240,0,COMPLETE,
2025-04-14 04:00:00,1.31066,1.31737,1.30962,1.31654,240,240,0,COMPLETE,
2025-04-14 08:00:00,1.31653,1.3201,1.31609,1.31757,240,240,0,COMPLETE,
2025-04-14 12:00:00,1.31758,1.31919,1.31225,1.31729,217,240,23,UNEXPECTED_INCOMPLETE,UNEXPECTED
2025-04-14 16:00:00,1.31729,1.31991,1.31655,1.31899,240,240,0,COMPLETE,
2025-04-14 20:00:00,1.31901,1.31969,1.31674,1.3172,239,240,1,UNEXPECTED_INCOMPLETE,UNEXPECTED
2025-04-15 00:00:00,1.31717,1.31991,1.31639,1.31971,240,240,0,COMPLETE,
2025-04-15 04:00:00,1.31972,1.32273,1.31841,1.32232,240,240,0,COMPLETE,
2025-04-15 08:00:00,1.32232,1.32515,1.32179,1.32309,240,240,0,COMPLETE,
2025-04-15 12:00:00,1.32314,1.3246,1.32048,1.32201,240,240,0,COMPLETE,
2025-04-15 16:00:00,1.32203,1.32293,1.32057,1.32258,240,240,0,COMPLETE,
2025-04-15 20:00:00,1.32261,1.32378,1.32132,1.32306,239,240,1,UNEXPECTED_INCOMPLETE,UNEXPECTED
2025-04-16 00:00:00,1.32307,1.32632,1.32291,1.32631,240,240,0,COMPLETE,
2025-04-16 04:00:00,1.32632,1.32888,1.32564,1.32834,240,240,0,COMPLETE,
2025-04-16 08:00:00,1.32836,1.3292,1.32576,1.32717,240,240,0,COMPLETE,
2025-04-16 12:00:00,1.32718,1.32724,1.32257,1.32439,240,240,0,COMPLETE,
2025-04-16 16:00:00,1.32438,1.32494,1.32114,1.3237,240,240,0,COMPLETE,
2025-04-16 20:00:00,1.32375,1.32427,1.32296,1.32321,238,240,2,UNEXPECTED_INCOMPLETE,UNEXPECTED
2025-04-17 00:00:00,1.32321,1.32335,1.32023,1.32134,240,240,0,COMPLETE,
2025-04-17 04:00:00,1.32133,1.32451,1.3203,1.32419,240,240,0,COMPLETE,
2025-04-17 08:00:00,1.32421,1.32474,1.32192,1.3227,240,240,0,COMPLETE,
2025-04-17 12:00:00,1.32271,1.32727,1.32186,1.32571,240,240,0,COMPLETE,
2025-04-17 16:00:00,1.32572,1.32723,1.32462,1.32662,240,240,0,COMPLETE,
2025-04-17 20:00:00,1.32659,1.32702,1.32488,1.32648,220,240,20,UNEXPECTED_INCOMPLETE,UNEXPECTED
2025-04-18 00:00:00,1.32646,1.32799,1.32606,1.32667,240,240,0,COMPLETE,
2025-04-18 04:00:00,1.32664,1.32765,1.32606,1.3262,240,240,0,COMPLETE,
2025-04-18 08:00:00,1.32617,1.32761,1.32552,1.32719,240,240,0,COMPLETE,
2025-04-18 12:00:00,1.32715,1.32796,1.32654,1.32711,240,240,0,COMPLETE,
2025-04-18 16:00:00,1.32714,1.3285,1.32689,1.32824,240,240,0,COMPLETE,
2025-04-18 20:00:00,1.32816,1.32922,1.32771,1.3288,59,240,181,EXPECTED_INCOMPLETE,EXPECTED
2025-04-19 00:00:00,,,,,0,240,240,SESSION_CLOSED_EXPECTED,EXPECTED
2025-04-19 04:00:00,,,,,0,240,240,SESSION_CLOSED_EXPECTED,EXPECTED
2025-04-19 08:00:00,,,,,0,240,240,SESSION_CLOSED_EXPECTED,EXPECTED
2025-04-19 12:00:00,,,,,0,240,240,SESSION_CLOSED_EXPECTED,EXPECTED
2025-04-19 16:00:00,,,,,0,240,240,SESSION_CLOSED_EXPECTED,EXPECTED
2025-04-19 20:00:00,,,,,0,240,240,SESSION_CLOSED_EXPECTED,EXPECTED
2025-04-20 00:00:00,,,,,0,240,240,SESSION_CLOSED_EXPECTED,EXPECTED
2025-04-20 04:00:00,,,,,0,240,240,SESSION_CLOSED_EXPECTED,EXPECTED
2025-04-20 08:00:00,,,,,0,240,240,SESSION_CLOSED_EXPECTED,EXPECTED
2025-04-20 12:00:00,,,,,0,240,240,SESSION_CLOSED_EXPECTED,EXPECTED
2025-04-20 16:00:00,,,,,0,240,240,SESSION_CLOSED_EXPECTED,EXPECTED
2025-04-20 20:00:00,1.32683,1.33195,1.3268,1.33141,175,240,65,EXPECTED_INCOMPLETE,EXPECTED
2025-04-21 00:00:00,1.33144,1.33866,1.33144,1.3381,240,240,0,COMPLETE,
2025-04-21 04:00:00,1.33808,1.34142,1.33663,1.34107,240,240,0,COMPLETE,
2025-04-21 08:00:00,1.34103,1.34217,1.33786,1.3396,240,240,0,COMPLETE,
2025-04-21 12:00:00,1.33961,1.34089,1.33774,1.33809,240,240,0,COMPLETE,
2025-04-21 16:00:00,1.33809,1.33844,1.33624,1.33748,240,240,0,COMPLETE,
2025-04-21 20:00:00,1.3375,1.33848,1.33659,1.33793,239,240,1,UNEXPECTED_INCOMPLETE,UNEXPECTED
2025-04-22 00:00:00,1.33794,1.34097,1.33613,1.34042,240,240,0,COMPLETE,
2025-04-22 04:00:00,1.34043,1.34236,1.33707,1.33768,240,240,0,COMPLETE,
2025-04-22 08:00:00,1.33767,1.33903,1.33621,1.33769,240,240,0,COMPLETE,
2025-04-22 12:00:00,1.3377,1.33901,1.33548,1.33738,240,240,0,COMPLETE,
2025-04-22 16:00:00,1.3374,1.33769,1.33296,1.33313,240,240,0,COMPLETE,
2025-04-22 20:00:00,1.33316,1.33392,1.32331,1.32719,232,240,8,UNEXPECTED_INCOMPLETE,UNEXPECTED
2025-04-23 00:00:00,1.32718,1.33172,1.32705,1.32921,240,240,0,COMPLETE,
2025-04-23 04:00:00,1.32919,1.33279,1.32875,1.33053,240,240,0,COMPLETE,
2025-04-23 08:00:00,1.33055,1.33388,1.32799,1.32987,240,240,0,COMPLETE,
2025-04-23 12:00:00,1.32987,1.33194,1.3254,1.3255,240,240,0,COMPLETE,
2025-04-23 16:00:00,1.32551,1.32768,1.32497,1.32655,240,240,0,COMPLETE,
2025-04-23 20:00:00,1.32651,1.32732,1.32445,1.32646,240,240,0,COMPLETE,
2025-04-24 00:00:00,1.32645,1.32865,1.32583,1.32695,240,240,0,COMPLETE,
2025-04-24 04:00:00,1.32695,1.32963,1.3264,1.32937,240,240,0,COMPLETE,
2025-04-24 08:00:00,1.32938,1.33208,1.32901,1.33083,240,240,0,COMPLETE,
2025-04-24 12:00:00,1.33083,1.33322,1.32896,1.33043,240,240,0,COMPLETE,
2025-04-24 16:00:00,1.33047,1.33442,1.33016,1.33367,240,240,0,COMPLETE,
2025-04-24 20:00:00,1.33372,1.33489,1.33239,1.33269,240,240,0,COMPLETE,
2025-04-25 00:00:00,1.33269,1.33269,1.32856,1.32865,240,240,0,COMPLETE,
2025-04-25 04:00:00,1.32868,1.33137,1.32736,1.32974,240,240,0,COMPLETE,
2025-04-25 08:00:00,1.32977,1.33178,1.32867,1.33066,240,240,0,COMPLETE,
2025-04-25 12:00:00,1.33067,1.33296,1.32975,1.33281,240,240,0,COMPLETE,
2025-04-25 16:00:00,1.33282,1.3332,1.33157,1.33187,240,240,0,COMPLETE,
2025-04-25 20:00:00,1.33189,1.33226,1.33056,1.33105,59,240,181,EXPECTED_INCOMPLETE,EXPECTED
2025-04-26 00:00:00,,,,,0,240,240,SESSION_CLOSED_EXPECTED,EXPECTED
2025-04-26 04:00:00,,,,,0,240,240,SESSION_CLOSED_EXPECTED,EXPECTED
2025-04-26 08:00:00,,,,,0,240,240,SESSION_CLOSED_EXPECTED,EXPECTED
2025-04-26 12:00:00,,,,,0,240,240,SESSION_CLOSED_EXPECTED,EXPECTED
2025-04-26 16:00:00,,,,,0,240,240,SESSION_CLOSED_EXPECTED,EXPECTED
2025-04-26 20:00:00,,,,,0,240,240,SESSION_CLOSED_EXPECTED,EXPECTED
2025-04-27 00:00:00,,,,,0,240,240,SESSION_CLOSED_EXPECTED,EXPECTED
2025-04-27 04:00:00,,,,,0,240,240,SESSION_CLOSED_EXPECTED,EXPECTED
2025-04-27 08:00:00,,,,,0,240,240,SESSION_CLOSED_EXPECTED,EXPECTED
2025-04-27 12:00:00,,,,,0,240,240,SESSION_CLOSED_EXPECTED,EXPECTED
2025-04-27 16:00:00,,,,,0,240,240,SESSION_CLOSED_EXPECTED,EXPECTED
2025-04-27 20:00:00,1.32939,1.33111,1.32876,1.32897,175,240,65,EXPECTED_INCOMPLETE,EXPECTED
2025-04-28 00:00:00,1.32898,1.3305,1.32796,1.32947,240,240,0,COMPLETE,
2025-04-28 04:00:00,1.32947,1.3327,1.32876,1.33049,240,240,0,COMPLETE,
2025-04-28 08:00:00,1.33047,1.33544,1.3304,1.3338,240,240,0,COMPLETE,
2025-04-28 12:00:00,1.33383,1.342,1.33377,1.33928,240,240,0,COMPLETE,
2025-04-28 16:00:00,1.33925,1.34424,1.3392,1.34384,240,240,0,COMPLETE,
2025-04-28 20:00:00,1.34382,1.34439,1.34284,1.34342,240,240,0,COMPLETE,
2025-04-29 00:00:00,1.34343,1.34422,1.34084,1.34124,240,240,0,COMPLETE,
2025-04-29 04:00:00,1.34123,1.34221,1.33938,1.34217,240,240,0,COMPLETE,
2025-04-29 08:00:00,1.3422,1.34258,1.33798,1.33832,240,240,0,COMPLETE,
2025-04-29 12:00:00,1.33836,1.34205,1.3382,1.33956,240,240,0,COMPLETE,
2025-04-29 16:00:00,1.33959,1.34198,1.33927,1.34029,240,240,0,COMPLETE,
2025-04-29 20:00:00,1.34025,1.34137,1.33962,1.34113,240,240,0,COMPLETE,
2025-04-30 00:00:00,1.34114,1.3414,1.33824,1.3384,240,240,0,COMPLETE,
2025-04-30 04:00:00,1.33838,1.3406,1.33803,1.33852,240,240,0,COMPLETE,
2025-04-30 08:00:00,1.33857,1.33883,1.3354,1.33563,240,240,0,COMPLETE,
2025-04-30 12:00:00,1.33565,1.33668,1.33086,1.33411,240,240,0,COMPLETE,
2025-04-30 16:00:00,1.33409,1.33576,1.33261,1.33284,240,240,0,COMPLETE,
2025-04-30 20:00:00,1.33286,1.33322,1.33183,1.33205,240,240,0,COMPLETE,
2025-05-01 00:00:00,1.33204,1.33261,1.32926,1.33006,240,240,0,COMPLETE,
2025-05-01 04:00:00,1.33006,1.33067,1.32743,1.33053,240,240,0,COMPLETE,
2025-05-01 08:00:00,1.33056,1.3345,1.3305,1.33236,240,240,0,COMPLETE,
2025-05-01 12:00:00,1.33236,1.33398,1.32644,1.32724,240,240,0,COMPLETE,
2025-05-01 16:00:00,1.32722,1.32862,1.32596,1.32783,240,240,0,COMPLETE,
2025-05-01 20:00:00,1.32784,1.32863,1.32633,1.32854,237,240,3,UNEXPECTED_INCOMPLETE,UNEXPECTED
2025-05-02 00:00:00,1.32855,1.331,1.32735,1.33093,240,240,0,COMPLETE,
2025-05-02 04:00:00,1.33095,1.33217,1.3298,1.32985,240,240,0,COMPLETE,
2025-05-02 08:00:00,1.32989,1.33154,1.32819,1.32934,240,240,0,COMPLETE,
2025-05-02 12:00:00,1.32934,1.33304,1.32599,1.32804,240,240,0,COMPLETE,
2025-05-02 16:00:00,1.32806,1.32966,1.32671,1.32769,240,240,0,COMPLETE,
2025-05-02 20:00:00,1.32767,1.32786,1.32632,1.327,59,240,181,EXPECTED_INCOMPLETE,EXPECTED
2025-05-03 00:00:00,,,,,0,240,240,SESSION_CLOSED_EXPECTED,EXPECTED
2025-05-03 04:00:00,,,,,0,240,240,SESSION_CLOSED_EXPECTED,EXPECTED
2025-05-03 08:00:00,,,,,0,240,240,SESSION_CLOSED_EXPECTED,EXPECTED
2025-05-03 12:00:00,,,,,0,240,240,SESSION_CLOSED_EXPECTED,EXPECTED
2025-05-03 16:00:00,,,,,0,240,240,SESSION_CLOSED_EXPECTED,EXPECTED
2025-05-03 20:00:00,,,,,0,240,240,SESSION_CLOSED_EXPECTED,EXPECTED
2025-05-04 00:00:00,,,,,0,240,240,SESSION_CLOSED_EXPECTED,EXPECTED
2025-05-04 04:00:00,,,,,0,240,240,SESSION_CLOSED_EXPECTED,EXPECTED
2025-05-04 08:00:00,,,,,0,240,240,SESSION_CLOSED_EXPECTED,EXPECTED
2025-05-04 12:00:00,,,,,0,240,240,SESSION_CLOSED_EXPECTED,EXPECTED
2025-05-04 16:00:00,,,,,0,240,240,SESSION_CLOSED_EXPECTED,EXPECTED
2025-05-04 20:00:00,1.32466,1.32761,1.32462,1.32692,175,240,65,EXPECTED_INCOMPLETE,EXPECTED
2025-05-05 00:00:00,1.32693,1.33003,1.32612,1.32882,240,240,0,COMPLETE,
2025-05-05 04:00:00,1.32883,1.33065,1.32748,1.32803,240,240,0,COMPLETE,
2025-05-05 08:00:00,1.32801,1.33248,1.32763,1.33159,240,240,0,COMPLETE,
2025-05-05 12:00:00,1.3316,1.33362,1.32795,1.32816,240,240,0,COMPLETE,
2025-05-05 16:00:00,1.32817,1.3299,1.32698,1.32925,240,240,0,COMPLETE,
2025-05-05 20:00:00,1.32926,1.32984,1.3278,1.32901,240,240,0,COMPLETE,
2025-05-06 00:00:00,1.32901,1.32965,1.32595,1.32942,240,240,0,COMPLETE,
2025-05-06 04:00:00,1.3294,1.33282,1.32848,1.33194,240,240,0,COMPLETE,
2025-05-06 08:00:00,1.33196,1.33744,1.33072,1.33689,240,240,0,COMPLETE,
2025-05-06 12:00:00,1.33691,1.34023,1.3356,1.33667,240,240,0,COMPLETE,
2025-05-06 16:00:00,1.33671,1.33864,1.33514,1.33784,240,240,0,COMPLETE,
2025-05-06 20:00:00,1.33779,1.33817,1.33432,1.33514,239,240,1,UNEXPECTED_INCOMPLETE,UNEXPECTED
2025-05-07 00:00:00,1.33514,1.33618,1.3333,1.33457,240,240,0,COMPLETE,
2025-05-07 04:00:00,1.33458,1.33668,1.33403,1.33514,240,240,0,COMPLETE,
2025-05-07 08:00:00,1.33516,1.33576,1.33225,1.33477,240,240,0,COMPLETE,
2025-05-07 12:00:00,1.33476,1.33767,1.33381,1.33423,240,240,0,COMPLETE,
2025-05-07 16:00:00,1.33424,1.33529,1.32892,1.32966,240,240,0,COMPLETE,
2025-05-07 20:00:00,1.32966,1.32976,1.32793,1.32898,240,240,0,COMPLETE,
2025-05-08 00:00:00,1.32898,1.33559,1.32893,1.33442,240,240,0,COMPLETE,
2025-05-08 04:00:00,1.33441,1.33472,1.32665,1.32898,240,240,0,COMPLETE,
2025-05-08 08:00:00,1.32902,1.33324,1.32411,1.33254,240,240,0,COMPLETE,
2025-05-08 12:00:00,1.33256,1.33446,1.32727,1.32841,240,240,0,COMPLETE,
2025-05-08 16:00:00,1.32838,1.32852,1.32358,1.32437,240,240,0,COMPLETE,
2025-05-08 20:00:00,1.32436,1.32515,1.32327,1.32391,240,240,0,COMPLETE,
2025-05-09 00:00:00,1.32387,1.32431,1.32117,1.3231,240,240,0,COMPLETE,
2025-05-09 04:00:00,1.3231,1.32688,1.32232,1.32618,240,240,0,COMPLETE,
2025-05-09 08:00:00,1.3262,1.32853,1.32531,1.32761,240,240,0,COMPLETE,
2025-05-09 12:00:00,1.32762,1.33171,1.3272,1.3315,240,240,0,COMPLETE,
2025-05-09 16:00:00,1.3315,1.33221,1.33015,1.33113,240,240,0,COMPLETE,
2025-05-09 20:00:00,1.33113,1.33113,1.32966,1.33035,59,240,181,EXPECTED_INCOMPLETE,EXPECTED
2025-05-10 00:00:00,,,,,0,240,240,SESSION_CLOSED_EXPECTED,EXPECTED
2025-05-10 04:00:00,,,,,0,240,240,SESSION_CLOSED_EXPECTED,EXPECTED
2025-05-10 08:00:00,,,,,0,240,240,SESSION_CLOSED_EXPECTED,EXPECTED
2025-05-10 12:00:00,,,,,0,240,240,SESSION_CLOSED_EXPECTED,EXPECTED
2025-05-10 16:00:00,,,,,0,240,240,SESSION_CLOSED_EXPECTED,EXPECTED
2025-05-10 20:00:00,,,,,0,240,240,SESSION_CLOSED_EXPECTED,EXPECTED
2025-05-11 00:00:00,,,,,0,240,240,SESSION_CLOSED_EXPECTED,EXPECTED
2025-05-11 04:00:00,,,,,0,240,240,SESSION_CLOSED_EXPECTED,EXPECTED
2025-05-11 08:00:00,,,,,0,240,240,SESSION_CLOSED_EXPECTED,EXPECTED
2025-05-11 12:00:00,,,,,0,240,240,SESSION_CLOSED_EXPECTED,EXPECTED
2025-05-11 16:00:00,,,,,0,240,240,SESSION_CLOSED_EXPECTED,EXPECTED
2025-05-11 20:00:00,1.3259,1.32948,1.32543,1.32841,170,240,70,EXPECTED_INCOMPLETE,EXPECTED
2025-05-12 00:00:00,1.32841,1.32941,1.32742,1.32906,240,240,0,COMPLETE,
2025-05-12 04:00:00,1.32903,1.32991,1.31628,1.31684,240,240,0,COMPLETE,
2025-05-12 08:00:00,1.31687,1.32043,1.31394,1.31768,240,240,0,COMPLETE,
2025-05-12 12:00:00,1.31765,1.32151,1.31713,1.31912,240,240,0,COMPLETE,
2025-05-12 16:00:00,1.31913,1.31967,1.31618,1.31783,240,240,0,COMPLETE,
2025-05-12 20:00:00,1.31785,1.31818,1.31587,1.31771,239,240,1,UNEXPECTED_INCOMPLETE,UNEXPECTED
2025-05-13 00:00:00,1.31771,1.31999,1.31732,1.31977,240,240,0,COMPLETE,
2025-05-13 04:00:00,1.31977,1.32115,1.31888,1.32111,240,240,0,COMPLETE,
2025-05-13 08:00:00,1.32112,1.322,1.31999,1.32128,240,240,0,COMPLETE,
2025-05-13 12:00:00,1.32128,1.328,1.32116,1.32766,240,240,0,COMPLETE,
2025-05-13 16:00:00,1.32766,1.33078,1.32709,1.33048,240,240,0,COMPLETE,
2025-05-13 20:00:00,1.33051,1.33161,1.32986,1.3303,239,240,1,UNEXPECTED_INCOMPLETE,UNEXPECTED
2025-05-14 00:00:00,1.33029,1.33198,1.32977,1.33083,240,240,0,COMPLETE,
2025-05-14 04:00:00,1.33086,1.33305,1.32906,1.33282,240,240,0,COMPLETE,
2025-05-14 08:00:00,1.33285,1.33601,1.33264,1.33332,240,240,0,COMPLETE,
2025-05-14 12:00:00,1.33334,1.33384,1.32863,1.32999,240,240,0,COMPLETE,
2025-05-14 16:00:00,1.33,1.33095,1.32529,1.32597,240,240,0,COMPLETE,
2025-05-14 20:00:00,1.32596,1.32686,1.3249,1.32629,240,240,0,COMPLETE,
2025-05-15 00:00:00,1.3263,1.32863,1.3259,1.32803,240,240,0,COMPLETE,
2025-05-15 04:00:00,1.32803,1.33047,1.32622,1.32671,240,240,0,COMPLETE,
2025-05-15 08:00:00,1.32671,1.32993,1.32625,1.32702,240,240,0,COMPLETE,
2025-05-15 12:00:00,1.32702,1.33194,1.32629,1.32888,240,240,0,COMPLETE,
2025-05-15 16:00:00,1.3289,1.33075,1.32817,1.33049,240,240,0,COMPLETE,
2025-05-15 20:00:00,1.33049,1.33096,1.32932,1.33029,239,240,1,UNEXPECTED_INCOMPLETE,UNEXPECTED
2025-05-16 00:00:00,1.33028,1.33184,1.3301,1.33117,240,240,0,COMPLETE,
2025-05-16 04:00:00,1.33117,1.33322,1.33083,1.33139,240,240,0,COMPLETE,
2025-05-16 08:00:00,1.33142,1.33166,1.32814,1.32819,240,240,0,COMPLETE,
2025-05-16 12:00:00,1.32819,1.32987,1.32526,1.32558,240,240,0,COMPLETE,
2025-05-16 16:00:00,1.32555,1.32831,1.325,1.32756,240,240,0,COMPLETE,
2025-05-16 20:00:00,1.32753,1.32878,1.32744,1.3279,59,240,181,EXPECTED_INCOMPLETE,EXPECTED
2025-05-17 00:00:00,,,,,0,240,240,SESSION_CLOSED_EXPECTED,EXPECTED
2025-05-17 04:00:00,,,,,0,240,240,SESSION_CLOSED_EXPECTED,EXPECTED
2025-05-17 08:00:00,,,,,0,240,240,SESSION_CLOSED_EXPECTED,EXPECTED
2025-05-17 12:00:00,,,,,0,240,240,SESSION_CLOSED_EXPECTED,EXPECTED
2025-05-17 16:00:00,,,,,0,240,240,SESSION_CLOSED_EXPECTED,EXPECTED
2025-05-17 20:00:00,,,,,0,240,240,SESSION_CLOSED_EXPECTED,EXPECTED
2025-05-18 00:00:00,,,,,0,240,240,SESSION_CLOSED_EXPECTED,EXPECTED
2025-05-18 04:00:00,,,,,0,240,240,SESSION_CLOSED_EXPECTED,EXPECTED
2025-05-18 08:00:00,,,,,0,240,240,SESSION_CLOSED_EXPECTED,EXPECTED
2025-05-18 12:00:00,,,,,0,240,240,SESSION_CLOSED_EXPECTED,EXPECTED
2025-05-18 16:00:00,,,,,0,240,240,SESSION_CLOSED_EXPECTED,EXPECTED
2025-05-18 20:00:00,1.32671,1.33047,1.326,1.33047,175,240,65,EXPECTED_INCOMPLETE,EXPECTED
2025-05-19 00:00:00,1.33047,1.33133,1.329,1.32967,240,240,0,COMPLETE,
2025-05-19 04:00:00,1.32964,1.33724,1.32908,1.33671,240,240,0,COMPLETE,
2025-05-19 08:00:00,1.33673,1.34037,1.33478,1.33817,240,240,0,COMPLETE,
2025-05-19 12:00:00,1.33815,1.33831,1.33525,1.3354,240,240,0,COMPLETE,
2025-05-19 16:00:00,1.33543,1.33609,1.33441,1.33592,240,240,0,COMPLETE,
2025-05-19 20:00:00,1.3359,1.33644,1.33494,1.33584,240,240,0,COMPLETE,
2025-05-20 00:00:00,1.33583,1.33735,1.33445,1.33668,240,240,0,COMPLETE,
2025-05-20 04:00:00,1.33665,1.33944,1.33609,1.33911,240,240,0,COMPLETE,
2025-05-20 08:00:00,1.33911,1.3393,1.33532,1.33614,240,240,0,COMPLETE,
2025-05-20 12:00:00,1.33611,1.33739,1.3334,1.33691,240,240,0,COMPLETE,
2025-05-20 16:00:00,1.33691,1.33905,1.33585,1.33872,240,240,0,COMPLETE,
2025-05-20 20:00:00,1.33871,1.33974,1.33748,1.33964,239,240,1,UNEXPECTED_INCOMPLETE,UNEXPECTED
2025-05-21 00:00:00,1.33964,1.34351,1.33938,1.343,240,240,0,COMPLETE,
2025-05-21 04:00:00,1.34297,1.34684,1.34096,1.34124,240,240,0,COMPLETE,
2025-05-21 08:00:00,1.34122,1.34375,1.33879,1.34136,240,240,0,COMPLETE,
2025-05-21 12:00:00,1.34139,1.34495,1.33998,1.34445,240,240,0,COMPLETE,
2025-05-21 16:00:00,1.34443,1.34524,1.34153,1.3416,240,240,0,COMPLETE,
2025-05-21 20:00:00,1.34161,1.34236,1.34046,1.34199,238,240,2,UNEXPECTED_INCOMPLETE,UNEXPECTED
2025-05-22 00:00:00,1.34203,1.34404,1.3416,1.34246,240,240,0,COMPLETE,
2025-05-22 04:00:00,1.34243,1.34325,1.34092,1.34323,240,240,0,COMPLETE,
2025-05-22 08:00:00,1.34319,1.34404,1.33902,1.34191,240,240,0,COMPLETE,
2025-05-22 12:00:00,1.34195,1.34361,1.34013,1.34243,240,240,0,COMPLETE,
2025-05-22 16:00:00,1.34244,1.3436,1.34033,1.34185,240,240,0,COMPLETE,
2025-05-22 20:00:00,1.34182,1.34265,1.341,1.34191,240,240,0,COMPLETE,
2025-05-23 00:00:00,1.34194,1.3448,1.34178,1.34471,240,240,0,COMPLETE,
2025-05-23 04:00:00,1.34469,1.34845,1.34434,1.34792,240,240,0,COMPLETE,
2025-05-23 08:00:00,1.34789,1.35156,1.34734,1.34879,240,240,0,COMPLETE,
2025-05-23 12:00:00,1.34878,1.35333,1.34764,1.3508,240,240,0,COMPLETE,
2025-05-23 16:00:00,1.35083,1.35389,1.35041,1.35339,240,240,0,COMPLETE,
2025-05-23 20:00:00,1.35337,1.35433,1.35318,1.35397,59,240,181,EXPECTED_INCOMPLETE,EXPECTED
2025-05-24 00:00:00,,,,,0,240,240,SESSION_CLOSED_EXPECTED,EXPECTED
2025-05-24 04:00:00,,,,,0,240,240,SESSION_CLOSED_EXPECTED,EXPECTED
2025-05-24 08:00:00,,,,,0,240,240,SESSION_CLOSED_EXPECTED,EXPECTED
2025-05-24 12:00:00,,,,,0,240,240,SESSION_CLOSED_EXPECTED,EXPECTED
2025-05-24 16:00:00,,,,,0,240,240,SESSION_CLOSED_EXPECTED,EXPECTED
2025-05-24 20:00:00,,,,,0,240,240,SESSION_CLOSED_EXPECTED,EXPECTED
2025-05-25 00:00:00,,,,,0,240,240,SESSION_CLOSED_EXPECTED,EXPECTED
2025-05-25 04:00:00,,,,,0,240,240,SESSION_CLOSED_EXPECTED,EXPECTED
2025-05-25 08:00:00,,,,,0,240,240,SESSION_CLOSED_EXPECTED,EXPECTED
2025-05-25 12:00:00,,,,,0,240,240,SESSION_CLOSED_EXPECTED,EXPECTED
2025-05-25 16:00:00,,,,,0,240,240,SESSION_CLOSED_EXPECTED,EXPECTED
2025-05-25 20:00:00,1.35138,1.35422,1.3513,1.35374,175,240,65,EXPECTED_INCOMPLETE,EXPECTED
2025-05-26 00:00:00,1.35375,1.3593,1.35357,1.35785,240,240,0,COMPLETE,
2025-05-26 04:00:00,1.35786,1.35922,1.35651,1.35666,240,240,0,COMPLETE,
2025-05-26 08:00:00,1.35668,1.35711,1.35537,1.35591,240,240,0,COMPLETE,
2025-05-26 12:00:00,1.35593,1.35679,1.35505,1.35625,240,240,0,COMPLETE,
2025-05-26 16:00:00,1.35625,1.35648,1.3557,1.35639,240,240,0,COMPLETE,
2025-05-26 20:00:00,1.35642,1.35681,1.35511,1.35648,239,240,1,UNEXPECTED_INCOMPLETE,UNEXPECTED
2025-05-27 00:00:00,1.35648,1.35863,1.35648,1.35688,240,240,0,COMPLETE,
2025-05-27 04:00:00,1.35685,1.35747,1.35216,1.35248,240,240,0,COMPLETE,
2025-05-27 08:00:00,1.3525,1.35534,1.35224,1.35481,240,240,0,COMPLETE,
2025-05-27 12:00:00,1.35485,1.35645,1.34997,1.35022,240,240,0,COMPLETE,
2025-05-27 16:00:00,1.35024,1.35148,1.35004,1.35046,240,240,0,COMPLETE,
2025-05-27 20:00:00,1.35044,1.35146,1.34996,1.35136,239,240,1,UNEXPECTED_INCOMPLETE,UNEXPECTED
2025-05-28 00:00:00,1.35139,1.35219,1.3476,1.34821,240,240,0,COMPLETE,
2025-05-28 04:00:00,1.3482,1.35039,1.34608,1.3498,240,240,0,COMPLETE,
2025-05-28 08:00:00,1.34982,1.35188,1.34754,1.3479,240,240,0,COMPLETE,
2025-05-28 12:00:00,1.34789,1.34889,1.34494,1.34593,240,240,0,COMPLETE,
2025-05-28 16:00:00,1.34595,1.34794,1.34589,1.34637,240,240,0,COMPLETE,
2025-05-28 20:00:00,1.34639,1.3471,1.34149,1.34284,239,240,1,UNEXPECTED_INCOMPLETE,UNEXPECTED
2025-05-29 00:00:00,1.34284,1.34463,1.34183,1.3436,240,240,0,COMPLETE,
2025-05-29 04:00:00,1.34356,1.34704,1.34258,1.34644,240,240,0,COMPLETE,
2025-05-29 08:00:00,1.34643,1.34834,1.34539,1.34606,240,240,0,COMPLETE,
2025-05-29 12:00:00,1.34603,1.35067,1.34601,1.34882,240,240,0,COMPLETE,
2025-05-29 16:00:00,1.34878,1.35047,1.34865,1.34941,240,240,0,COMPLETE,
2025-05-29 20:00:00,1.34944,1.35007,1.34862,1.34987,240,240,0,COMPLETE,
2025-05-30 00:00:00,1.34985,1.35105,1.34677,1.34704,240,240,0,COMPLETE,
2025-05-30 04:00:00,1.34706,1.34854,1.34545,1.34774,240,240,0,COMPLETE,
2025-05-30 08:00:00,1.34777,1.34843,1.3462,1.34749,240,240,0,COMPLETE,
2025-05-30 12:00:00,1.34749,1.34992,1.34473,1.3467,240,240,0,COMPLETE,
2025-05-30 16:00:00,1.3467,1.34762,1.34544,1.34726,240,240,0,COMPLETE,
2025-05-30 20:00:00,1.34728,1.34749,1.34523,1.34523,59,240,181,EXPECTED_INCOMPLETE,EXPECTED
2025-05-31 00:00:00,,,,,0,240,240,SESSION_CLOSED_EXPECTED,EXPECTED
2025-05-31 04:00:00,,,,,0,240,240,SESSION_CLOSED_EXPECTED,EXPECTED
2025-05-31 08:00:00,,,,,0,240,240,SESSION_CLOSED_EXPECTED,EXPECTED
2025-05-31 12:00:00,,,,,0,240,240,SESSION_CLOSED_EXPECTED,EXPECTED
2025-05-31 16:00:00,,,,,0,240,240,SESSION_CLOSED_EXPECTED,EXPECTED
2025-05-31 20:00:00,,,,,0,240,240,SESSION_CLOSED_EXPECTED,EXPECTED
2025-06-01 00:00:00,,,,,0,240,240,SESSION_CLOSED_EXPECTED,EXPECTED
2025-06-01 04:00:00,,,,,0,240,240,SESSION_CLOSED_EXPECTED,EXPECTED
2025-06-01 08:00:00,,,,,0,240,240,SESSION_CLOSED_EXPECTED,EXPECTED
2025-06-01 12:00:00,,,,,0,240,240,SESSION_CLOSED_EXPECTED,EXPECTED
2025-06-01 16:00:00,,,,,0,240,240,SESSION_CLOSED_EXPECTED,EXPECTED
2025-06-01 20:00:00,1.34497,1.3473,1.34408,1.34681,175,240,65,EXPECTED_INCOMPLETE,EXPECTED
2025-06-02 00:00:00,1.34682,1.35052,1.34672,1.34825,240,240,0,COMPLETE,
2025-06-02 04:00:00,1.34825,1.3557,1.34805,1.3548,240,240,0,COMPLETE,
2025-06-02 08:00:00,1.35482,1.35548,1.35265,1.35351,240,240,0,COMPLETE,
2025-06-02 12:00:00,1.3535,1.35593,1.35181,1.35472,240,240,0,COMPLETE,
2025-06-02 16:00:00,1.35474,1.35484,1.35167,1.35456,240,240,0,COMPLETE,
2025-06-02 20:00:00,1.35457,1.35592,1.35341,1.35566,239,240,1,UNEXPECTED_INCOMPLETE,UNEXPECTED
2025-06-03 00:00:00,1.35565,1.35574,1.35144,1.35179,240,240,0,COMPLETE,
2025-06-03 04:00:00,1.35179,1.35371,1.35113,1.35194,240,240,0,COMPLETE,
2025-06-03 08:00:00,1.35194,1.35264,1.34945,1.35029,240,240,0,COMPLETE,
2025-06-03 12:00:00,1.35031,1.3533,1.34913,1.35197,240,240,0,COMPLETE,
2025-06-03 16:00:00,1.35199,1.35288,1.35098,1.35154,240,240,0,COMPLETE,
2025-06-03 20:00:00,1.35153,1.35311,1.35132,1.35303,239,240,1,UNEXPECTED_INCOMPLETE,UNEXPECTED
2025-06-04 00:00:00,1.35304,1.35444,1.35134,1.3516,240,240,0,COMPLETE,
2025-06-04 04:00:00,1.35162,1.35412,1.35007,1.35279,240,240,0,COMPLETE,
2025-06-04 08:00:00,1.35282,1.35454,1.35127,1.35136,240,240,0,COMPLETE,
2025-06-04 12:00:00,1.35134,1.35797,1.35114,1.35677,240,240,0,COMPLETE,
2025-06-04 16:00:00,1.35678,1.35735,1.35455,1.3546,240,240,0,COMPLETE,
2025-06-04 20:00:00,1.3546,1.35597,1.35433,1.35505,239,240,1,UNEXPECTED_INCOMPLETE,UNEXPECTED
2025-06-05 00:00:00,1.35507,1.35655,1.35401,1.35443,240,240,0,COMPLETE,
2025-06-05 04:00:00,1.35445,1.35738,1.3542,1.35598,240,240,0,COMPLETE,
2025-06-05 08:00:00,1.35599,1.35843,1.35597,1.35702,240,240,0,COMPLETE,
2025-06-05 12:00:00,1.35699,1.36161,1.35657,1.35815,240,240,0,COMPLETE,
2025-06-05 16:00:00,1.35813,1.35892,1.35661,1.35732,240,240,0,COMPLETE,
2025-06-05 20:00:00,1.35732,1.35807,1.35629,1.35785,239,240,1,UNEXPECTED_INCOMPLETE,UNEXPECTED
2025-06-06 00:00:00,1.35783,1.35843,1.35651,1.35717,240,240,0,COMPLETE,
2025-06-06 04:00:00,1.35717,1.35765,1.35345,1.3545,240,240,0,COMPLETE,
2025-06-06 08:00:00,1.3545,1.35548,1.35289,1.35505,240,240,0,COMPLETE,
2025-06-06 12:00:00,1.35507,1.35625,1.35071,1.35307,240,240,0,COMPLETE,
2025-06-06 16:00:00,1.35308,1.35356,1.35153,1.35313,240,240,0,COMPLETE,
2025-06-06 20:00:00,1.35315,1.35321,1.35232,1.35255,59,240,181,EXPECTED_INCOMPLETE,EXPECTED
2025-06-07 00:00:00,,,,,0,240,240,SESSION_CLOSED_EXPECTED,EXPECTED
2025-06-07 04:00:00,,,,,0,240,240,SESSION_CLOSED_EXPECTED,EXPECTED
2025-06-07 08:00:00,,,,,0,240,240,SESSION_CLOSED_EXPECTED,EXPECTED
2025-06-07 12:00:00,,,,,0,240,240,SESSION_CLOSED_EXPECTED,EXPECTED
2025-06-07 16:00:00,,,,,0,240,240,SESSION_CLOSED_EXPECTED,EXPECTED
2025-06-07 20:00:00,,,,,0,240,240,SESSION_CLOSED_EXPECTED,EXPECTED
2025-06-08 00:00:00,,,,,0,240,240,SESSION_CLOSED_EXPECTED,EXPECTED
2025-06-08 04:00:00,,,,,0,240,240,SESSION_CLOSED_EXPECTED,EXPECTED
2025-06-08 08:00:00,,,,,0,240,240,SESSION_CLOSED_EXPECTED,EXPECTED
2025-06-08 12:00:00,,,,,0,240,240,SESSION_CLOSED_EXPECTED,EXPECTED
2025-06-08 16:00:00,,,,,0,240,240,SESSION_CLOSED_EXPECTED,EXPECTED
2025-06-08 20:00:00,1.35118,1.35394,1.35118,1.35368,175,240,65,EXPECTED_INCOMPLETE,EXPECTED
2025-06-09 00:00:00,1.35369,1.35651,1.35274,1.35513,240,240,0,COMPLETE,
2025-06-09 04:00:00,1.35512,1.35716,1.35484,1.35642,240,240,0,COMPLETE,
2025-06-09 08:00:00,1.35644,1.35809,1.35543,1.35611,240,240,0,COMPLETE,
2025-06-09 12:00:00,1.35614,1.3564,1.35242,1.35617,240,240,0,COMPLETE,
2025-06-09 16:00:00,1.35617,1.35656,1.35511,1.35574,240,240,0,COMPLETE,
2025-06-09 20:00:00,1.35572,1.35575,1.35435,1.35539,239,240,1,UNEXPECTED_INCOMPLETE,UNEXPECTED
2025-06-10 00:00:00,1.3554,1.35638,1.35189,1.35428,240,240,0,COMPLETE,
2025-06-10 04:00:00,1.35429,1.35456,1.34559,1.34721,240,240,0,COMPLETE,
2025-06-10 08:00:00,1.34721,1.35083,1.34719,1.35047,240,240,0,COMPLETE,
2025-06-10 12:00:00,1.35047,1.35364,1.34976,1.3507,240,240,0,COMPLETE,
2025-06-10 16:00:00,1.35071,1.35093,1.34896,1.35019,240,240,0,COMPLETE,
2025-06-10 20:00:00,1.35018,1.35097,1.34879,1.3507,239,240,1,UNEXPECTED_INCOMPLETE,UNEXPECTED
2025-06-11 00:00:00,1.3507,1.35094,1.34742,1.34821,240,240,0,COMPLETE,
2025-06-11 04:00:00,1.34821,1.34911,1.34635,1.34827,240,240,0,COMPLETE,
2025-06-11 08:00:00,1.3483,1.35052,1.34794,1.34943,240,240,0,COMPLETE,
2025-06-11 12:00:00,1.34947,1.35575,1.3488,1.35543,240,240,0,COMPLETE,
2025-06-11 16:00:00,1.35544,1.35672,1.35357,1.35381,240,240,0,COMPLETE,
2025-06-11 20:00:00,1.35378,1.35724,1.35375,1.35673,238,240,2,UNEXPECTED_INCOMPLETE,UNEXPECTED
2025-06-12 00:00:00,1.35676,1.35931,1.35617,1.35829,240,240,0,COMPLETE,
2025-06-12 04:00:00,1.35828,1.35896,1.35221,1.35426,240,240,0,COMPLETE,
2025-06-12 08:00:00,1.35429,1.35991,1.35374,1.35917,240,240,0,COMPLETE,
2025-06-12 12:00:00,1.3592,1.36233,1.35794,1.35857,240,240,0,COMPLETE,
2025-06-12 16:00:00,1.35859,1.36041,1.35816,1.36021,240,240,0,COMPLETE,
2025-06-12 20:00:00,1.36021,1.36301,1.36004,1.36282,240,240,0,COMPLETE,
2025-06-13 00:00:00,1.3628,1.36323,1.35402,1.35522,240,240,0,COMPLETE,
2025-06-13 04:00:00,1.35523,1.357,1.35209,1.35585,240,240,0,COMPLETE,
2025-06-13 08:00:00,1.35585,1.35689,1.35228,1.35388,240,240,0,COMPLETE,
2025-06-13 12:00:00,1.35388,1.36025,1.35158,1.35918,240,240,0,COMPLETE,
2025-06-13 16:00:00,1.35915,1.36006,1.35582,1.357,240,240,0,COMPLETE,
2025-06-13 20:00:00,1.35697,1.35751,1.35591,1.3574,59,240,181,EXPECTED_INCOMPLETE,EXPECTED
2025-06-14 00:00:00,,,,,0,240,240,SESSION_CLOSED_EXPECTED,EXPECTED
2025-06-14 04:00:00,,,,,0,240,240,SESSION_CLOSED_EXPECTED,EXPECTED
2025-06-14 08:00:00,,,,,0,240,240,SESSION_CLOSED_EXPECTED,EXPECTED
2025-06-14 12:00:00,,,,,0,240,240,SESSION_CLOSED_EXPECTED,EXPECTED
2025-06-14 16:00:00,,,,,0,240,240,SESSION_CLOSED_EXPECTED,EXPECTED
2025-06-14 20:00:00,,,,,0,240,240,SESSION_CLOSED_EXPECTED,EXPECTED
2025-06-15 00:00:00,,,,,0,240,240,SESSION_CLOSED_EXPECTED,EXPECTED
2025-06-15 04:00:00,,,,,0,240,240,SESSION_CLOSED_EXPECTED,EXPECTED
2025-06-15 08:00:00,,,,,0,240,240,SESSION_CLOSED_EXPECTED,EXPECTED
2025-06-15 12:00:00,,,,,0,240,240,SESSION_CLOSED_EXPECTED,EXPECTED
2025-06-15 16:00:00,,,,,0,240,240,SESSION_CLOSED_EXPECTED,EXPECTED
2025-06-15 20:00:00,1.35557,1.35611,1.35366,1.35485,175,240,65,EXPECTED_INCOMPLETE,EXPECTED
2025-06-16 00:00:00,1.35485,1.3558,1.35343,1.3536,240,240,0,COMPLETE,
2025-06-16 04:00:00,1.3536,1.35924,1.35358,1.35838,240,240,0,COMPLETE,
2025-06-16 08:00:00,1.3584,1.35907,1.35751,1.35772,240,240,0,COMPLETE,
2025-06-16 12:00:00,1.35772,1.36219,1.35735,1.35969,240,240,0,COMPLETE,
2025-06-16 16:00:00,1.35971,1.36105,1.35733,1.3574,240,240,0,COMPLETE,
2025-06-16 20:00:00,1.35736,1.35829,1.35629,1.35679,240,240,0,COMPLETE,
2025-06-17 00:00:00,1.3568,1.35758,1.3557,1.35736,240,240,0,COMPLETE,
2025-06-17 04:00:00,1.35735,1.35792,1.3553,1.3565,240,240,0,COMPLETE,
2025-06-17 08:00:00,1.35651,1.3571,1.35411,1.35614,240,240,0,COMPLETE,
2025-06-17 12:00:00,1.35612,1.35731,1.34954,1.35138,240,240,0,COMPLETE,
2025-06-17 16:00:00,1.35139,1.35166,1.34223,1.3426,240,240,0,COMPLETE,
2025-06-17 20:00:00,1.3426,1.3433,1.34125,1.34287,236,240,4,UNEXPECTED_INCOMPLETE,UNEXPECTED
2025-06-18 00:00:00,1.34284,1.3446,1.34264,1.3438,240,240,0,COMPLETE,
2025-06-18 04:00:00,1.3438,1.34761,1.34349,1.34585,240,240,0,COMPLETE,
2025-06-18 08:00:00,1.34583,1.34682,1.34374,1.34509,240,240,0,COMPLETE,
2025-06-18 12:00:00,1.3451,1.34729,1.34347,1.34683,240,240,0,COMPLETE,
2025-06-18 16:00:00,1.34687,1.34762,1.33997,1.34091,240,240,0,COMPLETE,
2025-06-18 20:00:00,1.34089,1.34268,1.34051,1.34139,240,240,0,COMPLETE,
2025-06-19 00:00:00,1.34135,1.34173,1.33868,1.3407,240,240,0,COMPLETE,
2025-06-19 04:00:00,1.3407,1.34171,1.33823,1.34021,240,240,0,COMPLETE,
2025-06-19 08:00:00,1.34021,1.34489,1.33973,1.34467,240,240,0,COMPLETE,
2025-06-19 12:00:00,1.34467,1.34483,1.34167,1.34291,240,240,0,COMPLETE,
2025-06-19 16:00:00,1.34289,1.34694,1.34216,1.34682,240,240,0,COMPLETE,
2025-06-19 20:00:00,1.34681,1.34796,1.34478,1.34757,239,240,1,UNEXPECTED_INCOMPLETE,UNEXPECTED
2025-06-20 00:00:00,1.34755,1.34991,1.34755,1.34968,240,240,0,COMPLETE,
2025-06-20 04:00:00,1.34965,1.35004,1.34619,1.34761,240,240,0,COMPLETE,
2025-06-20 08:00:00,1.3476,1.35002,1.34706,1.34975,240,240,0,COMPLETE,
2025-06-20 12:00:00,1.34972,1.35109,1.34529,1.3464,240,240,0,COMPLETE,
2025-06-20 16:00:00,1.3464,1.34796,1.34451,1.34456,240,240,0,COMPLETE,
2025-06-20 20:00:00,1.34457,1.34527,1.34408,1.34495,59,240,181,EXPECTED_INCOMPLETE,EXPECTED
2025-06-21 00:00:00,,,,,0,240,240,SESSION_CLOSED_EXPECTED,EXPECTED
2025-06-21 04:00:00,,,,,0,240,240,SESSION_CLOSED_EXPECTED,EXPECTED
2025-06-21 08:00:00,,,,,0,240,240,SESSION_CLOSED_EXPECTED,EXPECTED
2025-06-21 12:00:00,,,,,0,240,240,SESSION_CLOSED_EXPECTED,EXPECTED
2025-06-21 16:00:00,,,,,0,240,240,SESSION_CLOSED_EXPECTED,EXPECTED
2025-06-21 20:00:00,,,,,0,240,240,SESSION_CLOSED_EXPECTED,EXPECTED
2025-06-22 00:00:00,,,,,0,240,240,SESSION_CLOSED_EXPECTED,EXPECTED
2025-06-22 04:00:00,,,,,0,240,240,SESSION_CLOSED_EXPECTED,EXPECTED
2025-06-22 08:00:00,,,,,0,240,240,SESSION_CLOSED_EXPECTED,EXPECTED
2025-06-22 12:00:00,,,,,0,240,240,SESSION_CLOSED_EXPECTED,EXPECTED
2025-06-22 16:00:00,,,,,0,240,240,SESSION_CLOSED_EXPECTED,EXPECTED
2025-06-22 20:00:00,1.33905,1.34412,1.33857,1.34342,175,240,65,EXPECTED_INCOMPLETE,EXPECTED
2025-06-23 00:00:00,1.34343,1.34381,1.34028,1.3417,240,240,0,COMPLETE,
2025-06-23 04:00:00,1.34169,1.34483,1.34052,1.34391,240,240,0,COMPLETE,
2025-06-23 08:00:00,1.34387,1.34458,1.337,1.33937,240,240,0,COMPLETE,
2025-06-23 12:00:00,1.33937,1.35054,1.33734,1.34892,240,240,0,COMPLETE,
2025-06-23 16:00:00,1.34894,1.35309,1.347,1.35266,240,240,0,COMPLETE,
2025-06-23 20:00:00,1.35269,1.35546,1.35148,1.35447,237,240,3,UNEXPECTED_INCOMPLETE,UNEXPECTED
2025-06-24 00:00:00,1.35449,1.35663,1.3535,1.35633,240,240,0,COMPLETE,
2025-06-24 04:00:00,1.35635,1.35942,1.35574,1.3579,240,240,0,COMPLETE,
2025-06-24 08:00:00,1.35788,1.36263,1.35782,1.36128,240,240,0,COMPLETE,
2025-06-24 12:00:00,1.36126,1.36482,1.35905,1.3614,240,240,0,COMPLETE,
2025-06-24 16:00:00,1.36136,1.36387,1.36099,1.36198,240,240,0,COMPLETE,
2025-06-24 20:00:00,1.36197,1.36241,1.36031,1.36148,238,240,2,UNEXPECTED_INCOMPLETE,UNEXPECTED
2025-06-25 00:00:00,1.36148,1.36286,1.3611,1.36122,240,240,0,COMPLETE,
2025-06-25 04:00:00,1.36117,1.36333,1.36059,1.36135,240,240,0,COMPLETE,
2025-06-25 08:00:00,1.36139,1.36242,1.36012,1.36065,240,240,0,COMPLETE,
2025-06-25 12:00:00,1.36063,1.36272,1.359,1.36243,240,240,0,COMPLETE,
2025-06-25 16:00:00,1.36242,1.36711,1.36242,1.3665,240,240,0,COMPLETE,
2025-06-25 20:00:00,1.36652,1.36915,1.36502,1.36892,240,240,0,COMPLETE,
2025-06-26 00:00:00,1.36891,1.37248,1.36767,1.37104,240,240,0,COMPLETE,
2025-06-26 04:00:00,1.37103,1.37406,1.36962,1.37362,240,240,0,COMPLETE,
2025-06-26 08:00:00,1.37364,1.37645,1.36993,1.37073,240,240,0,COMPLETE,
2025-06-26 12:00:00,1.3707,1.37533,1.36991,1.37511,240,240,0,COMPLETE,
2025-06-26 16:00:00,1.37511,1.37702,1.37276,1.3732,240,240,0,COMPLETE,
2025-06-26 20:00:00,1.37324,1.37361,1.37158,1.37246,240,240,0,COMPLETE,
2025-06-27 00:00:00,1.37247,1.37495,1.37233,1.3736,240,240,0,COMPLETE,
2025-06-27 04:00:00,1.3736,1.37493,1.37196,1.37391,240,240,0,COMPLETE,
2025-06-27 08:00:00,1.37394,1.37499,1.37204,1.37369,240,240,0,COMPLETE,
2025-06-27 12:00:00,1.37368,1.37521,1.37029,1.37173,240,240,0,COMPLETE,
2025-06-27 16:00:00,1.37172,1.37244,1.36826,1.37063,240,240,0,COMPLETE,
2025-06-27 20:00:00,1.37061,1.37221,1.37059,1.37198,59,240,181,EXPECTED_INCOMPLETE,EXPECTED
2025-06-28 00:00:00,,,,,0,240,240,SESSION_CLOSED_EXPECTED,EXPECTED
2025-06-28 04:00:00,,,,,0,240,240,SESSION_CLOSED_EXPECTED,EXPECTED
2025-06-28 08:00:00,,,,,0,240,240,SESSION_CLOSED_EXPECTED,EXPECTED
2025-06-28 12:00:00,,,,,0,240,240,SESSION_CLOSED_EXPECTED,EXPECTED
2025-06-28 16:00:00,,,,,0,240,240,SESSION_CLOSED_EXPECTED,EXPECTED
2025-06-28 20:00:00,,,,,0,240,240,SESSION_CLOSED_EXPECTED,EXPECTED
2025-06-29 00:00:00,,,,,0,240,240,SESSION_CLOSED_EXPECTED,EXPECTED
2025-06-29 04:00:00,,,,,0,240,240,SESSION_CLOSED_EXPECTED,EXPECTED
2025-06-29 08:00:00,,,,,0,240,240,SESSION_CLOSED_EXPECTED,EXPECTED
2025-06-29 12:00:00,,,,,0,240,240,SESSION_CLOSED_EXPECTED,EXPECTED
2025-06-29 16:00:00,,,,,0,240,240,SESSION_CLOSED_EXPECTED,EXPECTED
2025-06-29 20:00:00,1.36941,1.37281,1.36941,1.37183,175,240,65,EXPECTED_INCOMPLETE,EXPECTED
2025-06-30 00:00:00,1.37183,1.37294,1.37073,1.37121,240,240,0,COMPLETE,
2025-06-30 04:00:00,1.3712,1.37402,1.37014,1.37021,240,240,0,COMPLETE,
2025-06-30 08:00:00,1.37019,1.37113,1.36899,1.3705,240,240,0,COMPLETE,
2025-06-30 12:00:00,1.37052,1.37225,1.36737,1.37193,240,240,0,COMPLETE,
2025-06-30 16:00:00,1.37192,1.37275,1.36979,1.37249,240,240,0,COMPLETE,
2025-06-30 20:00:00,1.3725,1.37366,1.37141,1.37303,239,240,1,UNEXPECTED_INCOMPLETE,UNEXPECTED
2025-07-01 00:00:00,1.37303,1.37488,1.37236,1.37375,240,240,0,COMPLETE,
2025-07-01 04:00:00,1.37378,1.37684,1.37315,1.37669,240,240,0,COMPLETE,
2025-07-01 08:00:00,1.37666,1.37883,1.37533,1.3754,240,240,0,COMPLETE,
2025-07-01 12:00:00,1.37541,1.37599,1.37032,1.3724,240,240,0,COMPLETE,
2025-07-01 16:00:00,1.37238,1.37427,1.37113,1.37395,240,240,0,COMPLETE,
2025-07-01 20:00:00,1.37397,1.37501,1.37385,1.37451,240,240,0,COMPLETE,
2025-07-02 00:00:00,1.37451,1.37523,1.37316,1.37454,240,240,0,COMPLETE,
2025-07-02 04:00:00,1.37454,1.3746,1.37051,1.37053,240,240,0,COMPLETE,
2025-07-02 08:00:00,1.37051,1.37126,1.36546,1.36624,240,240,0,COMPLETE,
2025-07-02 12:00:00,1.36621,1.36673,1.3562,1.36204,240,240,0,COMPLETE,
2025-07-02 16:00:00,1.36203,1.36439,1.36128,1.3635,240,240,0,COMPLETE,
2025-07-02 20:00:00,1.3635,1.36557,1.36234,1.36486,238,240,2,UNEXPECTED_INCOMPLETE,UNEXPECTED
2025-07-03 00:00:00,1.36485,1.36535,1.36243,1.36275,240,240,0,COMPLETE,
2025-07-03 04:00:00,1.36272,1.36748,1.36229,1.36547,240,240,0,COMPLETE,
2025-07-03 08:00:00,1.3655,1.36758,1.36455,1.36569,240,240,0,COMPLETE,
2025-07-03 12:00:00,1.36569,1.36737,1.35855,1.36522,240,240,0,COMPLETE,
2025-07-03 16:00:00,1.36525,1.36546,1.36353,1.3646,240,240,0,COMPLETE,
2025-07-03 20:00:00,1.3646,1.36684,1.36418,1.36651,240,240,0,COMPLETE,
2025-07-04 00:00:00,1.3665,1.36674,1.36448,1.36575,240,240,0,COMPLETE,
2025-07-04 04:00:00,1.36575,1.3681,1.36564,1.36584,240,240,0,COMPLETE,
2025-07-04 08:00:00,1.36583,1.36669,1.36411,1.36471,240,240,0,COMPLETE,
2025-07-04 12:00:00,1.36471,1.36532,1.36344,1.36439,240,240,0,COMPLETE,
2025-07-04 16:00:00,1.36442,1.36543,1.36412,1.365,240,240,0,COMPLETE,
2025-07-04 20:00:00,1.36499,1.36574,1.36418,1.36463,59,240,181,EXPECTED_INCOMPLETE,EXPECTED
2025-07-05 00:00:00,,,,,0,240,240,SESSION_CLOSED_EXPECTED,EXPECTED
2025-07-05 04:00:00,,,,,0,240,240,SESSION_CLOSED_EXPECTED,EXPECTED
2025-07-05 08:00:00,,,,,0,240,240,SESSION_CLOSED_EXPECTED,EXPECTED
2025-07-05 12:00:00,,,,,0,240,240,SESSION_CLOSED_EXPECTED,EXPECTED
2025-07-05 16:00:00,,,,,0,240,240,SESSION_CLOSED_EXPECTED,EXPECTED
2025-07-05 20:00:00,,,,,0,240,240,SESSION_CLOSED_EXPECTED,EXPECTED
2025-07-06 00:00:00,,,,,0,240,240,SESSION_CLOSED_EXPECTED,EXPECTED
2025-07-06 04:00:00,,,,,0,240,240,SESSION_CLOSED_EXPECTED,EXPECTED
2025-07-06 08:00:00,,,,,0,240,240,SESSION_CLOSED_EXPECTED,EXPECTED
2025-07-06 12:00:00,,,,,0,240,240,SESSION_CLOSED_EXPECTED,EXPECTED
2025-07-06 16:00:00,,,,,0,240,240,SESSION_CLOSED_EXPECTED,EXPECTED
2025-07-06 20:00:00,1.36386,1.36565,1.36369,1.36505,175,240,65,EXPECTED_INCOMPLETE,EXPECTED
2025-07-07 00:00:00,1.36505,1.36575,1.36248,1.36275,240,240,0,COMPLETE,
2025-07-07 04:00:00,1.36275,1.36295,1.36022,1.36038,240,240,0,COMPLETE,
2025-07-07 08:00:00,1.36036,1.3621,1.35745,1.36148,240,240,0,COMPLETE,
2025-07-07 12:00:00,1.36151,1.36473,1.36108,1.36356,240,240,0,COMPLETE,
2025-07-07 16:00:00,1.36358,1.36404,1.35887,1.36094,240,240,0,COMPLETE,
2025-07-07 20:00:00,1.3609,1.36247,1.35892,1.36234,240,240,0,COMPLETE,
2025-07-08 00:00:00,1.36233,1.36388,1.36176,1.36326,240,240,0,COMPLETE,
2025-07-08 04:00:00,1.36327,1.36461,1.3623,1.36403,240,240,0,COMPLETE,
2025-07-08 08:00:00,1.36402,1.36406,1.35726,1.35727,240,240,0,COMPLETE,
2025-07-08 12:00:00,1.35727,1.35843,1.35246,1.35719,240,240,0,COMPLETE,
2025-07-08 16:00:00,1.35722,1.35972,1.3563,1.3589,240,240,0,COMPLETE,
2025-07-08 20:00:00,1.35886,1.35952,1.35795,1.35846,239,240,1,UNEXPECTED_INCOMPLETE,UNEXPECTED
2025-07-09 00:00:00,1.35848,1.35928,1.35636,1.35679,240,240,0,COMPLETE,
2025-07-09 04:00:00,1.35683,1.3606,1.35659,1.35855,240,240,0,COMPLETE,
2025-07-09 08:00:00,1.35853,1.36083,1.35734,1.35771,240,240,0,COMPLETE,
2025-07-09 12:00:00,1.35773,1.36194,1.35759,1.35829,240,240,0,COMPLETE,
2025-07-09 16:00:00,1.3583,1.36005,1.35785,1.35948,240,240,0,COMPLETE,
2025-07-09 20:00:00,1.35948,1.35984,1.35811,1.35977,237,240,3,UNEXPECTED_INCOMPLETE,UNEXPECTED
2025-07-10 00:00:00,1.35975,1.36129,1.35942,1.36039,240,240,0,COMPLETE,
2025-07-10 04:00:00,1.36039,1.36193,1.35993,1.36116,240,240,0,COMPLETE,
2025-07-10 08:00:00,1.36118,1.3616,1.35717,1.35803,240,240,0,COMPLETE,
2025-07-10 12:00:00,1.35804,1.35859,1.35325,1.35668,240,240,0,COMPLETE,
2025-07-10 16:00:00,1.35665,1.35825,1.35592,1.35754,240,240,0,COMPLETE,
2025-07-10 20:00:00,1.35755,1.35851,1.35666,1.35795,239,240,1,UNEXPECTED_INCOMPLETE,UNEXPECTED
2025-07-11 00:00:00,1.35797,1.35812,1.35444,1.35647,240,240,0,COMPLETE,
2025-07-11 04:00:00,1.35646,1.35655,1.35317,1.35409,240,240,0,COMPLETE,
2025-07-11 08:00:00,1.35412,1.35522,1.34972,1.35026,240,240,0,COMPLETE,
2025-07-11 12:00:00,1.35027,1.35198,1.34803,1.35022,240,240,0,COMPLETE,
2025-07-11 16:00:00,1.35019,1.35169,1.34956,1.34972,240,240,0,COMPLETE,
2025-07-11 20:00:00,1.34971,1.34974,1.3484,1.3491,59,240,181,EXPECTED_INCOMPLETE,EXPECTED
2025-07-12 00:00:00,,,,,0,240,240,SESSION_CLOSED_EXPECTED,EXPECTED
2025-07-12 04:00:00,,,,,0,240,240,SESSION_CLOSED_EXPECTED,EXPECTED
2025-07-12 08:00:00,,,,,0,240,240,SESSION_CLOSED_EXPECTED,EXPECTED
2025-07-12 12:00:00,,,,,0,240,240,SESSION_CLOSED_EXPECTED,EXPECTED
2025-07-12 16:00:00,,,,,0,240,240,SESSION_CLOSED_EXPECTED,EXPECTED
2025-07-12 20:00:00,,,,,0,240,240,SESSION_CLOSED_EXPECTED,EXPECTED
2025-07-13 00:00:00,,,,,0,240,240,SESSION_CLOSED_EXPECTED,EXPECTED
2025-07-13 04:00:00,,,,,0,240,240,SESSION_CLOSED_EXPECTED,EXPECTED
2025-07-13 08:00:00,,,,,0,240,240,SESSION_CLOSED_EXPECTED,EXPECTED
2025-07-13 12:00:00,,,,,0,240,240,SESSION_CLOSED_EXPECTED,EXPECTED
2025-07-13 16:00:00,,,,,0,240,240,SESSION_CLOSED_EXPECTED,EXPECTED
2025-07-13 20:00:00,1.34794,1.34969,1.34717,1.34952,175,240,65,EXPECTED_INCOMPLETE,EXPECTED
2025-07-14 00:00:00,1.3495,1.35038,1.34713,1.34813,240,240,0,COMPLETE,
2025-07-14 04:00:00,1.34811,1.34878,1.34511,1.3483,240,240,0,COMPLETE,
2025-07-14 08:00:00,1.34827,1.34933,1.34712,1.34821,240,240,0,COMPLETE,
2025-07-14 12:00:00,1.3482,1.34919,1.34304,1.34333,240,240,0,COMPLETE,
2025-07-14 16:00:00,1.34329,1.34425,1.34236,1.34263,240,240,0,COMPLETE,
2025-07-14 20:00:00,1.34263,1.34316,1.34192,1.34278,240,240,0,COMPLETE,
2025-07-15 00:00:00,1.34277,1.34402,1.34257,1.34291,240,240,0,COMPLETE,
2025-07-15 04:00:00,1.34291,1.34525,1.34269,1.34525,240,240,0,COMPLETE,
2025-07-15 08:00:00,1.34521,1.34593,1.34405,1.34431,240,240,0,COMPLETE,
2025-07-15 12:00:00,1.34429,1.34665,1.33797,1.33947,240,240,0,COMPLETE,
2025-07-15 16:00:00,1.33952,1.33988,1.33784,1.33861,240,240,0,COMPLETE,
2025-07-15 20:00:00,1.33857,1.3393,1.33791,1.33925,240,240,0,COMPLETE,
2025-07-16 00:00:00,1.33925,1.34,1.33818,1.3388,240,240,0,COMPLETE,
2025-07-16 04:00:00,1.33883,1.34161,1.3386,1.33932,240,240,0,COMPLETE,
2025-07-16 08:00:00,1.33929,1.34113,1.33834,1.34003,240,240,0,COMPLETE,
2025-07-16 12:00:00,1.34001,1.34854,1.33644,1.34237,240,240,0,COMPLETE,
2025-07-16 16:00:00,1.34236,1.34466,1.3404,1.34174,240,240,0,COMPLETE,
2025-07-16 20:00:00,1.34172,1.3422,1.34074,1.34102,239,240,1,UNEXPECTED_INCOMPLETE,UNEXPECTED
2025-07-17 00:00:00,1.34101,1.34108,1.33839,1.33917,240,240,0,COMPLETE,
2025-07-17 04:00:00,1.33919,1.3402,1.33736,1.33829,240,240,0,COMPLETE,
2025-07-17 08:00:00,1.3383,1.34134,1.33802,1.33917,240,240,0,COMPLETE,
2025-07-17 12:00:00,1.33917,1.34185,1.33795,1.3412,240,240,0,COMPLETE,
2025-07-17 16:00:00,1.34119,1.34204,1.33966,1.34181,240,240,0,COMPLETE,
2025-07-17 20:00:00,1.34183,1.34342,1.34107,1.34306,239,240,1,UNEXPECTED_INCOMPLETE,UNEXPECTED
2025-07-18 00:00:00,1.3431,1.34401,1.34263,1.3429,240,240,0,COMPLETE,
2025-07-18 04:00:00,1.3429,1.34391,1.34099,1.34301,240,240,0,COMPLETE,
2025-07-18 08:00:00,1.34302,1.34571,1.34295,1.34564,240,240,0,COMPLETE,
2025-07-18 12:00:00,1.34564,1.34749,1.34334,1.34372,240,240,0,COMPLETE,
2025-07-18 16:00:00,1.34369,1.34386,1.34082,1.34132,240,240,0,COMPLETE,
2025-07-18 20:00:00,1.3413,1.34159,1.34053,1.34092,59,240,181,EXPECTED_INCOMPLETE,EXPECTED
2025-07-19 00:00:00,,,,,0,240,240,SESSION_CLOSED_EXPECTED,EXPECTED
2025-07-19 04:00:00,,,,,0,240,240,SESSION_CLOSED_EXPECTED,EXPECTED
2025-07-19 08:00:00,,,,,0,240,240,SESSION_CLOSED_EXPECTED,EXPECTED
2025-07-19 12:00:00,,,,,0,240,240,SESSION_CLOSED_EXPECTED,EXPECTED
2025-07-19 16:00:00,,,,,0,240,240,SESSION_CLOSED_EXPECTED,EXPECTED
2025-07-19 20:00:00,,,,,0,240,240,SESSION_CLOSED_EXPECTED,EXPECTED
2025-07-20 00:00:00,,,,,0,240,240,SESSION_CLOSED_EXPECTED,EXPECTED
2025-07-20 04:00:00,,,,,0,240,240,SESSION_CLOSED_EXPECTED,EXPECTED
2025-07-20 08:00:00,,,,,0,240,240,SESSION_CLOSED_EXPECTED,EXPECTED
2025-07-20 12:00:00,,,,,0,240,240,SESSION_CLOSED_EXPECTED,EXPECTED
2025-07-20 16:00:00,,,,,0,240,240,SESSION_CLOSED_EXPECTED,EXPECTED
2025-07-20 20:00:00,1.34061,1.34193,1.34022,1.34149,175,240,65,EXPECTED_INCOMPLETE,EXPECTED
2025-07-21 00:00:00,1.34149,1.34197,1.34016,1.34155,240,240,0,COMPLETE,
2025-07-21 04:00:00,1.34156,1.34473,1.34131,1.34443,240,240,0,COMPLETE,
2025-07-21 08:00:00,1.34443,1.34796,1.34407,1.34779,240,240,0,COMPLETE,
2025-07-21 12:00:00,1.34778,1.35101,1.34662,1.34955,240,240,0,COMPLETE,
2025-07-21 16:00:00,1.34953,1.34996,1.3483,1.34836,240,240,0,COMPLETE,
2025-07-21 20:00:00,1.34832,1.34926,1.34827,1.34891,239,240,1,UNEXPECTED_INCOMPLETE,UNEXPECTED
2025-07-22 00:00:00,1.34894,1.34898,1.34762,1.34786,240,240,0,COMPLETE,
2025-07-22 04:00:00,1.34786,1.34818,1.34613,1.34667,240,240,0,COMPLETE,
2025-07-22 08:00:00,1.34667,1.34993,1.34644,1.34856,240,240,0,COMPLETE,
2025-07-22 12:00:00,1.34856,1.35195,1.34704,1.35187,240,240,0,COMPLETE,
2025-07-22 16:00:00,1.3519,1.35325,1.35168,1.35308,240,240,0,COMPLETE,
2025-07-22 20:00:00,1.35306,1.35343,1.35147,1.35208,239,240,1,UNEXPECTED_INCOMPLETE,UNEXPECTED
2025-07-23 00:00:00,1.35208,1.35346,1.35158,1.35275,240,240,0,COMPLETE,
2025-07-23 04:00:00,1.35274,1.35482,1.35148,1.35428,240,240,0,COMPLETE,
2025-07-23 08:00:00,1.35428,1.35487,1.35322,1.35391,240,240,0,COMPLETE,
2025-07-23 12:00:00,1.35392,1.35761,1.35231,1.35653,240,240,0,COMPLETE,
2025-07-23 16:00:00,1.35651,1.35835,1.35531,1.35811,240,240,0,COMPLETE,
2025-07-23 20:00:00,1.35815,1.35868,1.3572,1.35786,239,240,1,UNEXPECTED_INCOMPLETE,UNEXPECTED
2025-07-24 00:00:00,1.35784,1.35881,1.35706,1.35781,240,240,0,COMPLETE,
2025-07-24 04:00:00,1.35777,1.35815,1.3556,1.35598,240,240,0,COMPLETE,
2025-07-24 08:00:00,1.35599,1.35657,1.3535,1.35508,240,240,0,COMPLETE,
2025-07-24 12:00:00,1.3551,1.35623,1.35215,1.35233,240,240,0,COMPLETE,
2025-07-24 16:00:00,1.35235,1.35276,1.35044,1.35075,240,240,0,COMPLETE,
2025-07-24 20:00:00,1.35072,1.35124,1.35,1.35082,240,240,0,COMPLETE,
2025-07-25 00:00:00,1.35082,1.35119,1.34877,1.3494,240,240,0,COMPLETE,
2025-07-25 04:00:00,1.34939,1.3504,1.34664,1.3468,240,240,0,COMPLETE,
2025-07-25 08:00:00,1.34679,1.34759,1.34383,1.34502,240,240,0,COMPLETE,
2025-07-25 12:00:00,1.34499,1.34542,1.34158,1.34264,240,240,0,COMPLETE,
2025-07-25 16:00:00,1.34267,1.34375,1.34162,1.34373,240,240,0,COMPLETE,
2025-07-25 20:00:00,1.34373,1.34416,1.34288,1.34375,59,240,181,EXPECTED_INCOMPLETE,EXPECTED
2025-07-26 00:00:00,,,,,0,240,240,SESSION_CLOSED_EXPECTED,EXPECTED
2025-07-26 04:00:00,,,,,0,240,240,SESSION_CLOSED_EXPECTED,EXPECTED
2025-07-26 08:00:00,,,,,0,240,240,SESSION_CLOSED_EXPECTED,EXPECTED
2025-07-26 12:00:00,,,,,0,240,240,SESSION_CLOSED_EXPECTED,EXPECTED
2025-07-26 16:00:00,,,,,0,240,240,SESSION_CLOSED_EXPECTED,EXPECTED
2025-07-26 20:00:00,,,,,0,240,240,SESSION_CLOSED_EXPECTED,EXPECTED
2025-07-27 00:00:00,,,,,0,240,240,SESSION_CLOSED_EXPECTED,EXPECTED
2025-07-27 04:00:00,,,,,0,240,240,SESSION_CLOSED_EXPECTED,EXPECTED
2025-07-27 08:00:00,,,,,0,240,240,SESSION_CLOSED_EXPECTED,EXPECTED
2025-07-27 12:00:00,,,,,0,240,240,SESSION_CLOSED_EXPECTED,EXPECTED
2025-07-27 16:00:00,,,,,0,240,240,SESSION_CLOSED_EXPECTED,EXPECTED
2025-07-27 20:00:00,1.34208,1.34462,1.34139,1.34374,175,240,65,EXPECTED_INCOMPLETE,EXPECTED
2025-07-28 00:00:00,1.34376,1.34522,1.34295,1.34424,240,240,0,COMPLETE,
2025-07-28 04:00:00,1.34427,1.34446,1.34053,1.34089,240,240,0,COMPLETE,
2025-07-28 08:00:00,1.34088,1.3429,1.34021,1.34261,240,240,0,COMPLETE,
2025-07-28 12:00:00,1.34259,1.34395,1.33905,1.33907,240,240,0,COMPLETE,
2025-07-28 16:00:00,1.33906,1.33917,1.33504,1.33542,240,240,0,COMPLETE,
2025-07-28 20:00:00,1.33541,1.33612,1.33474,1.3359,240,240,0,COMPLETE,
2025-07-29 00:00:00,1.33591,1.33591,1.33402,1.33402,240,240,0,COMPLETE,
2025-07-29 04:00:00,1.33403,1.33535,1.33148,1.33325,240,240,0,COMPLETE,
2025-07-29 08:00:00,1.33322,1.33616,1.33266,1.33398,240,240,0,COMPLETE,
2025-07-29 12:00:00,1.33398,1.33436,1.3307,1.33378,240,240,0,COMPLETE,
2025-07-29 16:00:00,1.33379,1.33639,1.33348,1.33559,240,240,0,COMPLETE,
2025-07-29 20:00:00,1.3356,1.33598,1.3339,1.33531,239,240,1,UNEXPECTED_INCOMPLETE,UNEXPECTED
2025-07-30 00:00:00,1.33532,1.33688,1.33521,1.33591,240,240,0,COMPLETE,
2025-07-30 04:00:00,1.33592,1.33682,1.33412,1.33603,240,240,0,COMPLETE,
2025-07-30 08:00:00,1.33605,1.33851,1.33566,1.33724,240,240,0,COMPLETE,
2025-07-30 12:00:00,1.33723,1.33794,1.32705,1.32725,240,240,0,COMPLETE,
2025-07-30 16:00:00,1.32728,1.33124,1.32272,1.32441,240,240,0,COMPLETE,
2025-07-30 20:00:00,1.3244,1.32587,1.32284,1.32553,238,240,2,UNEXPECTED_INCOMPLETE,UNEXPECTED
2025-07-31 00:00:00,1.32552,1.32629,1.32412,1.32587,240,240,0,COMPLETE,
2025-07-31 04:00:00,1.32587,1.32816,1.32439,1.32584,240,240,0,COMPLETE,
2025-07-31 08:00:00,1.32587,1.32608,1.32094,1.32386,240,240,0,COMPLETE,
2025-07-31 12:00:00,1.32385,1.32401,1.3185,1.3219,240,240,0,COMPLETE,
2025-07-31 16:00:00,1.32186,1.32368,1.31987,1.32055,240,240,0,COMPLETE,
2025-07-31 20:00:00,1.3206,1.32115,1.31918,1.32073,240,240,0,COMPLETE,
2025-08-01 00:00:00,1.32073,1.3213,1.31893,1.32004,240,240,0,COMPLETE,
2025-08-01 04:00:00,1.32004,1.32125,1.31853,1.31942,240,240,0,COMPLETE,
2025-08-01 08:00:00,1.31938,1.31944,1.31407,1.31581,240,240,0,COMPLETE,
2025-08-01 12:00:00,1.3158,1.33102,1.31441,1.32574,240,240,0,COMPLETE,
2025-08-01 16:00:00,1.32572,1.32765,1.3215,1.32606,240,240,0,COMPLETE,
2025-08-01 20:00:00,1.32611,1.32922,1.32603,1.32785,59,240,181,EXPECTED_INCOMPLETE,EXPECTED
2025-08-02 00:00:00,,,,,0,240,240,SESSION_CLOSED_EXPECTED,EXPECTED
2025-08-02 04:00:00,,,,,0,240,240,SESSION_CLOSED_EXPECTED,EXPECTED
2025-08-02 08:00:00,,,,,0,240,240,SESSION_CLOSED_EXPECTED,EXPECTED
2025-08-02 12:00:00,,,,,0,240,240,SESSION_CLOSED_EXPECTED,EXPECTED
2025-08-02 16:00:00,,,,,0,240,240,SESSION_CLOSED_EXPECTED,EXPECTED
2025-08-02 20:00:00,,,,,0,240,240,SESSION_CLOSED_EXPECTED,EXPECTED
2025-08-03 00:00:00,,,,,0,240,240,SESSION_CLOSED_EXPECTED,EXPECTED
2025-08-03 04:00:00,,,,,0,240,240,SESSION_CLOSED_EXPECTED,EXPECTED
2025-08-03 08:00:00,,,,,0,240,240,SESSION_CLOSED_EXPECTED,EXPECTED
2025-08-03 12:00:00,,,,,0,240,240,SESSION_CLOSED_EXPECTED,EXPECTED
2025-08-03 16:00:00,,,,,0,240,240,SESSION_CLOSED_EXPECTED,EXPECTED
2025-08-03 20:00:00,1.32704,1.32919,1.32678,1.32904,175,240,65,EXPECTED_INCOMPLETE,EXPECTED
2025-08-04 00:00:00,1.32903,1.32925,1.32533,1.32826,240,240,0,COMPLETE,
2025-08-04 04:00:00,1.32824,1.32909,1.32641,1.32765,240,240,0,COMPLETE,
2025-08-04 08:00:00,1.32768,1.33138,1.32651,1.32944,240,240,0,COMPLETE,
2025-08-04 12:00:00,1.32945,1.33305,1.32775,1.32869,240,240,0,COMPLETE,
2025-08-04 16:00:00,1.32872,1.32921,1.32718,1.32757,240,240,0,COMPLETE,
2025-08-04 20:00:00,1.32759,1.32994,1.32694,1.32973,240,240,0,COMPLETE,
2025-08-05 00:00:00,1.32977,1.33027,1.3276,1.32765,240,240,0,COMPLETE,
2025-08-05 04:00:00,1.32765,1.3295,1.32589,1.32724,240,240,0,COMPLETE,
2025-08-05 08:00:00,1.32723,1.32947,1.32657,1.32799,240,240,0,COMPLETE,
2025-08-05 12:00:00,1.328,1.33087,1.32678,1.33069,240,240,0,COMPLETE,
2025-08-05 16:00:00,1.33066,1.33157,1.32884,1.32955,240,240,0,COMPLETE,
2025-08-05 20:00:00,1.32958,1.33015,1.32856,1.32977,240,240,0,COMPLETE,
2025-08-06 00:00:00,1.32973,1.33096,1.32943,1.33086,240,240,0,COMPLETE,
2025-08-06 04:00:00,1.33085,1.33134,1.32893,1.33028,240,240,0,COMPLETE,
2025-08-06 08:00:00,1.3303,1.33296,1.32809,1.33175,240,240,0,COMPLETE,
2025-08-06 12:00:00,1.33175,1.33581,1.33074,1.33578,240,240,0,COMPLETE,
2025-08-06 16:00:00,1.33575,1.33677,1.33417,1.33569,240,240,0,COMPLETE,
2025-08-06 20:00:00,1.33568,1.33604,1.33493,1.33569,238,240,2,UNEXPECTED_INCOMPLETE,UNEXPECTED
2025-08-07 00:00:00,1.33567,1.33608,1.33453,1.33591,240,240,0,COMPLETE,
2025-08-07 04:00:00,1.33591,1.33798,1.33573,1.33741,240,240,0,COMPLETE,
2025-08-07 08:00:00,1.33739,1.34317,1.33624,1.34124,240,240,0,COMPLETE,
2025-08-07 12:00:00,1.34124,1.3436,1.339,1.34303,240,240,0,COMPLETE,
2025-08-07 16:00:00,1.34307,1.34438,1.34034,1.3443,240,240,0,COMPLETE,
2025-08-07 20:00:00,1.3443,1.34519,1.34348,1.34505,240,240,0,COMPLETE,
2025-08-08 00:00:00,1.34506,1.34529,1.34336,1.34384,240,240,0,COMPLETE,
2025-08-08 04:00:00,1.34384,1.34485,1.34235,1.34415,240,240,0,COMPLETE,
2025-08-08 08:00:00,1.34418,1.34531,1.34265,1.34402,240,240,0,COMPLETE,
2025-08-08 12:00:00,1.34399,1.34541,1.34173,1.34417,240,240,0,COMPLETE,
2025-08-08 16:00:00,1.34419,1.34587,1.34382,1.34492,240,240,0,COMPLETE,
2025-08-08 20:00:00,1.34494,1.34543,1.34437,1.34502,59,240,181,EXPECTED_INCOMPLETE,EXPECTED
2025-08-09 00:00:00,,,,,0,240,240,SESSION_CLOSED_EXPECTED,EXPECTED
2025-08-09 04:00:00,,,,,0,240,240,SESSION_CLOSED_EXPECTED,EXPECTED
2025-08-09 08:00:00,,,,,0,240,240,SESSION_CLOSED_EXPECTED,EXPECTED
2025-08-09 12:00:00,,,,,0,240,240,SESSION_CLOSED_EXPECTED,EXPECTED
2025-08-09 16:00:00,,,,,0,240,240,SESSION_CLOSED_EXPECTED,EXPECTED
2025-08-09 20:00:00,,,,,0,240,240,SESSION_CLOSED_EXPECTED,EXPECTED
2025-08-10 00:00:00,,,,,0,240,240,SESSION_CLOSED_EXPECTED,EXPECTED
2025-08-10 04:00:00,,,,,0,240,240,SESSION_CLOSED_EXPECTED,EXPECTED
2025-08-10 08:00:00,,,,,0,240,240,SESSION_CLOSED_EXPECTED,EXPECTED
2025-08-10 12:00:00,,,,,0,240,240,SESSION_CLOSED_EXPECTED,EXPECTED
2025-08-10 16:00:00,,,,,0,240,240,SESSION_CLOSED_EXPECTED,EXPECTED
2025-08-10 20:00:00,1.34364,1.34494,1.34264,1.34426,175,240,65,EXPECTED_INCOMPLETE,EXPECTED
2025-08-11 00:00:00,1.34426,1.34655,1.34359,1.3465,240,240,0,COMPLETE,
2025-08-11 04:00:00,1.3465,1.34764,1.34476,1.3453,240,240,0,COMPLETE,
2025-08-11 08:00:00,1.3453,1.34689,1.34247,1.34296,240,240,0,COMPLETE,
2025-08-11 12:00:00,1.34297,1.34325,1.33986,1.34139,240,240,0,COMPLETE,
2025-08-11 16:00:00,1.34142,1.34367,1.34136,1.34272,240,240,0,COMPLETE,
2025-08-11 20:00:00,1.34269,1.34354,1.34239,1.3433,240,240,0,COMPLETE,
2025-08-12 00:00:00,1.34328,1.3439,1.34275,1.34321,240,240,0,COMPLETE,
2025-08-12 04:00:00,1.3432,1.34594,1.34196,1.3458,240,240,0,COMPLETE,
2025-08-12 08:00:00,1.34584,1.3472,1.3446,1.34569,240,240,0,COMPLETE,
2025-08-12 12:00:00,1.3457,1.35234,1.34552,1.35064,240,240,0,COMPLETE,
2025-08-12 16:00:00,1.35064,1.35206,1.34877,1.34955,240,240,0,COMPLETE,
2025-08-12 20:00:00,1.34951,1.35056,1.34917,1.35036,239,240,1,UNEXPECTED_INCOMPLETE,UNEXPECTED
2025-08-13 00:00:00,1.35036,1.35076,1.34922,1.35029,240,240,0,COMPLETE,
2025-08-13 04:00:00,1.35029,1.35469,1.3499,1.35437,240,240,0,COMPLETE,
2025-08-13 08:00:00,1.35436,1.35782,1.35425,1.35764,240,240,0,COMPLETE,
2025-08-13 12:00:00,1.35766,1.35845,1.35532,1.3571,240,240,0,COMPLETE,
2025-08-13 16:00:00,1.35705,1.35784,1.3563,1.3573,240,240,0,COMPLETE,
2025-08-13 20:00:00,1.3573,1.3585,1.35664,1.35846,238,240,2,UNEXPECTED_INCOMPLETE,UNEXPECTED
2025-08-14 00:00:00,1.35846,1.35915,1.35702,1.35732,240,240,0,COMPLETE,
2025-08-14 04:00:00,1.35732,1.35906,1.3568,1.35731,240,240,0,COMPLETE,
2025-08-14 08:00:00,1.3573,1.35946,1.35624,1.35736,240,240,0,COMPLETE,
2025-08-14 12:00:00,1.35738,1.35818,1.35267,1.35295,240,240,0,COMPLETE,
2025-08-14 16:00:00,1.35298,1.3539,1.35202,1.35362,240,240,0,COMPLETE,
2025-08-14 20:00:00,1.3536,1.35383,1.35233,1.35294,239,240,1,UNEXPECTED_INCOMPLETE,UNEXPECTED
2025-08-15 00:00:00,1.35294,1.35508,1.35266,1.35468,240,240,0,COMPLETE,
2025-08-15 04:00:00,1.35468,1.35599,1.35419,1.35546,240,240,0,COMPLETE,
2025-08-15 08:00:00,1.35545,1.35644,1.35454,1.35594,240,240,0,COMPLETE,
2025-08-15 12:00:00,1.35593,1.35748,1.35456,1.35624,240,240,0,COMPLETE,
2025-08-15 16:00:00,1.35624,1.35638,1.35495,1.35549,240,240,0,COMPLETE,
2025-08-15 20:00:00,1.35546,1.35593,1.35496,1.35533,59,240,181,EXPECTED_INCOMPLETE,EXPECTED
2025-08-16 00:00:00,,,,,0,240,240,SESSION_CLOSED_EXPECTED,EXPECTED
2025-08-16 04:00:00,,,,,0,240,240,SESSION_CLOSED_EXPECTED,EXPECTED
2025-08-16 08:00:00,,,,,0,240,240,SESSION_CLOSED_EXPECTED,EXPECTED
2025-08-16 12:00:00,,,,,0,240,240,SESSION_CLOSED_EXPECTED,EXPECTED
2025-08-16 16:00:00,,,,,0,240,240,SESSION_CLOSED_EXPECTED,EXPECTED
2025-08-16 20:00:00,,,,,0,240,240,SESSION_CLOSED_EXPECTED,EXPECTED
2025-08-17 00:00:00,,,,,0,240,240,SESSION_CLOSED_EXPECTED,EXPECTED
2025-08-17 04:00:00,,,,,0,240,240,SESSION_CLOSED_EXPECTED,EXPECTED
2025-08-17 08:00:00,,,,,0,240,240,SESSION_CLOSED_EXPECTED,EXPECTED
2025-08-17 12:00:00,,,,,0,240,240,SESSION_CLOSED_EXPECTED,EXPECTED
2025-08-17 16:00:00,,,,,0,240,240,SESSION_CLOSED_EXPECTED,EXPECTED
2025-08-17 20:00:00,1.35451,1.35647,1.35405,1.35556,175,240,65,EXPECTED_INCOMPLETE,EXPECTED
2025-08-18 00:00:00,1.35555,1.3562,1.35484,1.35555,240,240,0,COMPLETE,
2025-08-18 04:00:00,1.35555,1.35648,1.35375,1.35385,240,240,0,COMPLETE,
2025-08-18 08:00:00,1.35383,1.3554,1.35306,1.35376,240,240,0,COMPLETE,
2025-08-18 12:00:00,1.35379,1.35463,1.35108,1.35187,240,240,0,COMPLETE,
2025-08-18 16:00:00,1.35189,1.35211,1.35024,1.35058,240,240,0,COMPLETE,
2025-08-18 20:00:00,1.35054,1.35132,1.34939,1.35073,238,240,2,UNEXPECTED_INCOMPLETE,UNEXPECTED
2025-08-19 00:00:00,1.35075,1.351,1.34864,1.35002,240,240,0,COMPLETE,
2025-08-19 04:00:00,1.34999,1.35223,1.34959,1.35201,240,240,0,COMPLETE,
2025-08-19 08:00:00,1.35202,1.35307,1.35101,1.35208,240,240,0,COMPLETE,
2025-08-19 12:00:00,1.35207,1.35253,1.349,1.34926,240,240,0,COMPLETE,
2025-08-19 16:00:00,1.34925,1.34954,1.34772,1.34891,240,240,0,COMPLETE,
2025-08-19 20:00:00,1.34889,1.34925,1.34828,1.34845,239,240,1,UNEXPECTED_INCOMPLETE,UNEXPECTED
2025-08-20 00:00:00,1.34843,1.34858,1.34613,1.34719,240,240,0,COMPLETE,
2025-08-20 04:00:00,1.34718,1.35091,1.34711,1.35088,240,240,0,COMPLETE,
2025-08-20 08:00:00,1.35083,1.35088,1.34713,1.34714,240,240,0,COMPLETE,
2025-08-20 12:00:00,1.34714,1.34955,1.34467,1.34487,240,240,0,COMPLETE,
2025-08-20 16:00:00,1.34489,1.34712,1.34477,1.34537,240,240,0,COMPLETE,
2025-08-20 20:00:00,1.34537,1.34663,1.34492,1.34652,239,240,1,UNEXPECTED_INCOMPLETE,UNEXPECTED
2025-08-21 00:00:00,1.34652,1.34654,1.34462,1.34532,240,240,0,COMPLETE,
2025-08-21 04:00:00,1.34532,1.34584,1.3435,1.34555,240,240,0,COMPLETE,
2025-08-21 08:00:00,1.34551,1.34822,1.34508,1.34542,240,240,0,COMPLETE,
2025-08-21 12:00:00,1.34542,1.3473,1.34093,1.34142,240,240,0,COMPLETE,
2025-08-21 16:00:00,1.34141,1.34262,1.34052,1.34125,240,240,0,COMPLETE,
2025-08-21 20:00:00,1.3412,1.34194,1.3405,1.34175,240,240,0,COMPLETE,
2025-08-22 00:00:00,1.34175,1.34228,1.34001,1.34012,240,240,0,COMPLETE,
2025-08-22 04:00:00,1.34013,1.34097,1.33897,1.34057,240,240,0,COMPLETE,
2025-08-22 08:00:00,1.34055,1.34189,1.34044,1.34146,240,240,0,COMPLETE,
2025-08-22 12:00:00,1.34149,1.35436,1.34109,1.35249,240,240,0,COMPLETE,
2025-08-22 16:00:00,1.35249,1.35437,1.35168,1.35182,240,240,0,COMPLETE,
2025-08-22 20:00:00,1.35182,1.35293,1.35173,1.3527,59,240,181,EXPECTED_INCOMPLETE,EXPECTED
2025-08-23 00:00:00,,,,,0,240,240,SESSION_CLOSED_EXPECTED,EXPECTED
2025-08-23 04:00:00,,,,,0,240,240,SESSION_CLOSED_EXPECTED,EXPECTED
2025-08-23 08:00:00,,,,,0,240,240,SESSION_CLOSED_EXPECTED,EXPECTED
2025-08-23 12:00:00,,,,,0,240,240,SESSION_CLOSED_EXPECTED,EXPECTED
2025-08-23 16:00:00,,,,,0,240,240,SESSION_CLOSED_EXPECTED,EXPECTED
2025-08-23 20:00:00,,,,,0,240,240,SESSION_CLOSED_EXPECTED,EXPECTED
2025-08-24 00:00:00,,,,,0,240,240,SESSION_CLOSED_EXPECTED,EXPECTED
2025-08-24 04:00:00,,,,,0,240,240,SESSION_CLOSED_EXPECTED,EXPECTED
2025-08-24 08:00:00,,,,,0,240,240,SESSION_CLOSED_EXPECTED,EXPECTED
2025-08-24 12:00:00,,,,,0,240,240,SESSION_CLOSED_EXPECTED,EXPECTED
2025-08-24 16:00:00,,,,,0,240,240,SESSION_CLOSED_EXPECTED,EXPECTED
2025-08-24 20:00:00,1.35084,1.35243,1.35056,1.3508,175,240,65,EXPECTED_INCOMPLETE,EXPECTED
2025-08-25 00:00:00,1.35081,1.35121,1.34891,1.35106,240,240,0,COMPLETE,
2025-08-25 04:00:00,1.35105,1.35266,1.3502,1.35034,240,240,0,COMPLETE,
2025-08-25 08:00:00,1.3503,1.3519,1.34834,1.3519,240,240,0,COMPLETE,
2025-08-25 12:00:00,1.35192,1.35204,1.34839,1.34887,240,240,0,COMPLETE,
2025-08-25 16:00:00,1.34888,1.34926,1.34454,1.34535,240,240,0,COMPLETE,
2025-08-25 20:00:00,1.34534,1.34614,1.34429,1.34539,239,240,1,UNEXPECTED_INCOMPLETE,UNEXPECTED
2025-08-26 00:00:00,1.34542,1.349,1.34475,1.34514,240,240,0,COMPLETE,
2025-08-26 04:00:00,1.34512,1.34675,1.3434,1.3455,240,240,0,COMPLETE,
2025-08-26 08:00:00,1.34555,1.3493,1.34546,1.34875,240,240,0,COMPLETE,
2025-08-26 12:00:00,1.34876,1.34922,1.34697,1.34812,240,240,0,COMPLETE,
2025-08-26 16:00:00,1.34812,1.34927,1.34674,1.3478,240,240,0,COMPLETE,
2025-08-26 20:00:00,1.34778,1.34821,1.34717,1.34764,240,240,0,COMPLETE,
2025-08-27 00:00:00,1.34764,1.34777,1.34551,1.34571,240,240,0,COMPLETE,
2025-08-27 04:00:00,1.34574,1.34655,1.34411,1.34528,240,240,0,COMPLETE,
2025-08-27 08:00:00,1.34528,1.3453,1.34161,1.34301,240,240,0,COMPLETE,
2025-08-27 12:00:00,1.34302,1.3473,1.34302,1.34657,240,240,0,COMPLETE,
2025-08-27 16:00:00,1.34657,1.35014,1.34657,1.34971,240,240,0,COMPLETE,
2025-08-27 20:00:00,1.34972,1.35054,1.34854,1.35032,240,240,0,COMPLETE,
2025-08-28 00:00:00,1.35032,1.35181,1.34965,1.35076,240,240,0,COMPLETE,
2025-08-28 04:00:00,1.35078,1.3513,1.34871,1.34987,240,240,0,COMPLETE,
2025-08-28 08:00:00,1.34985,1.35259,1.34824,1.35143,240,240,0,COMPLETE,
2025-08-28 12:00:00,1.35143,1.35269,1.34885,1.35145,240,240,0,COMPLETE,
2025-08-28 16:00:00,1.35144,1.35303,1.35103,1.35117,240,240,0,COMPLETE,
2025-08-28 20:00:00,1.35116,1.35122,1.35052,1.35075,239,240,1,UNEXPECTED_INCOMPLETE,UNEXPECTED
2025-08-29 00:00:00,1.35077,1.35114,1.34951,1.34985,240,240,0,COMPLETE,
2025-08-29 04:00:00,1.34986,1.35029,1.34832,1.3491,240,240,0,COMPLETE,
2025-08-29 08:00:00,1.34908,1.34939,1.34501,1.34529,240,240,0,COMPLETE,
2025-08-29 12:00:00,1.34533,1.35157,1.34454,1.35068,240,240,0,COMPLETE,
2025-08-29 16:00:00,1.3507,1.35151,1.34992,1.35148,240,240,0,COMPLETE,
2025-08-29 20:00:00,1.35151,1.35168,1.34995,1.35039,59,240,181,EXPECTED_INCOMPLETE,EXPECTED
2025-08-30 00:00:00,,,,,0,240,240,SESSION_CLOSED_EXPECTED,EXPECTED
2025-08-30 04:00:00,,,,,0,240,240,SESSION_CLOSED_EXPECTED,EXPECTED
2025-08-30 08:00:00,,,,,0,240,240,SESSION_CLOSED_EXPECTED,EXPECTED
2025-08-30 12:00:00,,,,,0,240,240,SESSION_CLOSED_EXPECTED,EXPECTED
2025-08-30 16:00:00,,,,,0,240,240,SESSION_CLOSED_EXPECTED,EXPECTED
2025-08-30 20:00:00,,,,,0,240,240,SESSION_CLOSED_EXPECTED,EXPECTED
2025-08-31 00:00:00,,,,,0,240,240,SESSION_CLOSED_EXPECTED,EXPECTED
2025-08-31 04:00:00,,,,,0,240,240,SESSION_CLOSED_EXPECTED,EXPECTED
2025-08-31 08:00:00,,,,,0,240,240,SESSION_CLOSED_EXPECTED,EXPECTED
2025-08-31 12:00:00,,,,,0,240,240,SESSION_CLOSED_EXPECTED,EXPECTED
2025-08-31 16:00:00,,,,,0,240,240,SESSION_CLOSED_EXPECTED,EXPECTED
2025-08-31 20:00:00,1.34825,1.35076,1.34824,1.35027,175,240,65,EXPECTED_INCOMPLETE,EXPECTED
2025-09-01 00:00:00,1.35026,1.35288,1.35017,1.35228,240,240,0,COMPLETE,
2025-09-01 04:00:00,1.35227,1.354,1.35142,1.35297,240,240,0,COMPLETE,
2025-09-01 08:00:00,1.35292,1.35372,1.35217,1.35237,240,240,0,COMPLETE,
2025-09-01 12:00:00,1.35237,1.35494,1.35232,1.35412,240,240,0,COMPLETE,
2025-09-01 16:00:00,1.35412,1.3549,1.35391,1.35481,240,240,0,COMPLETE,
2025-09-01 20:00:00,1.35478,1.35494,1.35373,1.35455,239,240,1,UNEXPECTED_INCOMPLETE,UNEXPECTED
2025-09-02 00:00:00,1.35457,1.35478,1.35231,1.35254,240,240,0,COMPLETE,
2025-09-02 04:00:00,1.35254,1.35333,1.33935,1.34026,240,240,0,COMPLETE,
2025-09-02 08:00:00,1.34028,1.34336,1.33687,1.33831,240,240,0,COMPLETE,
2025-09-02 12:00:00,1.3383,1.3418,1.33383,1.33894,240,240,0,COMPLETE,
2025-09-02 16:00:00,1.33894,1.33936,1.33743,1.339,240,240,0,COMPLETE,
2025-09-02 20:00:00,1.33901,1.33972,1.33794,1.3381,239,240,1,UNEXPECTED_INCOMPLETE,UNEXPECTED
2025-09-03 00:00:00,1.33809,1.33829,1.33611,1.33611,240,240,0,COMPLETE,
2025-09-03 04:00:00,1.33611,1.33903,1.33327,1.33657,240,240,0,COMPLETE,
2025-09-03 08:00:00,1.33658,1.34169,1.33658,1.34111,240,240,0,COMPLETE,
2025-09-03 12:00:00,1.34109,1.34534,1.34081,1.34474,240,240,0,COMPLETE,
2025-09-03 16:00:00,1.34475,1.34579,1.34339,1.34379,240,240,0,COMPLETE,
2025-09-03 20:00:00,1.34378,1.34462,1.3436,1.34403,240,240,0,COMPLETE,
2025-09-04 00:00:00,1.34404,1.34495,1.34255,1.34279,240,240,0,COMPLETE,
2025-09-04 04:00:00,1.34279,1.34404,1.34159,1.34268,240,240,0,COMPLETE,
2025-09-04 08:00:00,1.34266,1.34589,1.34247,1.34333,240,240,0,COMPLETE,
2025-09-04 12:00:00,1.34335,1.34559,1.34166,1.34378,240,240,0,COMPLETE,
2025-09-04 16:00:00,1.34383,1.34391,1.34168,1.34351,240,240,0,COMPLETE,
2025-09-04 20:00:00,1.34349,1.34444,1.3425,1.34432,239,240,1,UNEXPECTED_INCOMPLETE,UNEXPECTED
2025-09-05 00:00:00,1.34433,1.34566,1.34412,1.34531,240,240,0,COMPLETE,
2025-09-05 04:00:00,1.34532,1.34715,1.34474,1.34639,240,240,0,COMPLETE,
2025-09-05 08:00:00,1.34635,1.34853,1.34611,1.3462,240,240,0,COMPLETE,
2025-09-05 12:00:00,1.34618,1.35545,1.34574,1.35404,240,240,0,COMPLETE,
2025-09-05 16:00:00,1.35403,1.35421,1.35004,1.35023,240,240,0,COMPLETE,
2025-09-05 20:00:00,1.35025,1.35113,1.35017,1.35082,59,240,181,EXPECTED_INCOMPLETE,EXPECTED
2025-09-06 00:00:00,,,,,0,240,240,SESSION_CLOSED_EXPECTED,EXPECTED
2025-09-06 04:00:00,,,,,0,240,240,SESSION_CLOSED_EXPECTED,EXPECTED
2025-09-06 08:00:00,,,,,0,240,240,SESSION_CLOSED_EXPECTED,EXPECTED
2025-09-06 12:00:00,,,,,0,240,240,SESSION_CLOSED_EXPECTED,EXPECTED
2025-09-06 16:00:00,,,,,0,240,240,SESSION_CLOSED_EXPECTED,EXPECTED
2025-09-06 20:00:00,,,,,0,240,240,SESSION_CLOSED_EXPECTED,EXPECTED
2025-09-07 00:00:00,,,,,0,240,240,SESSION_CLOSED_EXPECTED,EXPECTED
2025-09-07 04:00:00,,,,,0,240,240,SESSION_CLOSED_EXPECTED,EXPECTED
2025-09-07 08:00:00,,,,,0,240,240,SESSION_CLOSED_EXPECTED,EXPECTED
2025-09-07 12:00:00,,,,,0,240,240,SESSION_CLOSED_EXPECTED,EXPECTED
2025-09-07 16:00:00,,,,,0,240,240,SESSION_CLOSED_EXPECTED,EXPECTED
2025-09-07 20:00:00,1.34932,1.35052,1.34819,1.34921,175,240,65,EXPECTED_INCOMPLETE,EXPECTED
2025-09-08 00:00:00,1.34923,1.35053,1.3483,1.34951,240,240,0,COMPLETE,
2025-09-08 04:00:00,1.34952,1.35254,1.34863,1.35156,240,240,0,COMPLETE,
2025-09-08 08:00:00,1.35159,1.35357,1.35016,1.35286,240,240,0,COMPLETE,
2025-09-08 12:00:00,1.35285,1.35562,1.35265,1.35462,240,240,0,COMPLETE,
2025-09-08 16:00:00,1.35461,1.35548,1.35266,1.35508,240,240,0,COMPLETE,
2025-09-08 20:00:00,1.35505,1.35576,1.35392,1.35522,240,240,0,COMPLETE,
2025-09-09 00:00:00,1.35523,1.3571,1.35496,1.35593,240,240,0,COMPLETE,
2025-09-09 04:00:00,1.35593,1.3582,1.35573,1.35649,240,240,0,COMPLETE,
2025-09-09 08:00:00,1.3565,1.35899,1.35566,1.35579,240,240,0,COMPLETE,
2025-09-09 12:00:00,1.35579,1.35739,1.35221,1.3531,240,240,0,COMPLETE,
2025-09-09 16:00:00,1.35311,1.35461,1.35178,1.35191,240,240,0,COMPLETE,
2025-09-09 20:00:00,1.35189,1.35304,1.35161,1.35202,239,240,1,UNEXPECTED_INCOMPLETE,UNEXPECTED
2025-09-10 00:00:00,1.35201,1.35363,1.35142,1.35321,240,240,0,COMPLETE,
2025-09-10 04:00:00,1.35321,1.35432,1.35125,1.35326,240,240,0,COMPLETE,
2025-09-10 08:00:00,1.35327,1.35451,1.35189,1.35332,240,240,0,COMPLETE,
2025-09-10 12:00:00,1.35336,1.35651,1.35226,1.35462,240,240,0,COMPLETE,
2025-09-10 16:00:00,1.35457,1.35492,1.35208,1.353,240,240,0,COMPLETE,
2025-09-10 20:00:00,1.35299,1.35393,1.35202,1.35323,240,240,0,COMPLETE,
2025-09-11 00:00:00,1.35322,1.35336,1.35221,1.35268,240,240,0,COMPLETE,
2025-09-11 04:00:00,1.35268,1.35281,1.35026,1.35152,240,240,0,COMPLETE,
2025-09-11 08:00:00,1.35153,1.35225,1.34937,1.35073,240,240,0,COMPLETE,
2025-09-11 12:00:00,1.3507,1.35786,1.34926,1.35653,240,240,0,COMPLETE,
2025-09-11 16:00:00,1.35656,1.35824,1.35654,1.35772,240,240,0,COMPLETE,
2025-09-11 20:00:00,1.35771,1.35802,1.35679,1.35736,239,240,1,UNEXPECTED_INCOMPLETE,UNEXPECTED
2025-09-12 00:00:00,1.35735,1.35754,1.35529,1.35548,240,240,0,COMPLETE,
2025-09-12 04:00:00,1.35546,1.35746,1.35443,1.35635,240,240,0,COMPLETE,
2025-09-12 08:00:00,1.35632,1.35637,1.35293,1.35481,240,240,0,COMPLETE,
2025-09-12 12:00:00,1.3548,1.35692,1.35234,1.35449,240,240,0,COMPLETE,
2025-09-12 16:00:00,1.35449,1.35704,1.354,1.35612,240,240,0,COMPLETE,
2025-09-12 20:00:00,1.35613,1.35616,1.35536,1.3558,59,240,181,EXPECTED_INCOMPLETE,EXPECTED
2025-09-13 00:00:00,,,,,0,240,240,SESSION_CLOSED_EXPECTED,EXPECTED
2025-09-13 04:00:00,,,,,0,240,240,SESSION_CLOSED_EXPECTED,EXPECTED
2025-09-13 08:00:00,,,,,0,240,240,SESSION_CLOSED_EXPECTED,EXPECTED
2025-09-13 12:00:00,,,,,0,240,240,SESSION_CLOSED_EXPECTED,EXPECTED
2025-09-13 16:00:00,,,,,0,240,240,SESSION_CLOSED_EXPECTED,EXPECTED
2025-09-13 20:00:00,,,,,0,240,240,SESSION_CLOSED_EXPECTED,EXPECTED
2025-09-14 00:00:00,,,,,0,240,240,SESSION_CLOSED_EXPECTED,EXPECTED
2025-09-14 04:00:00,,,,,0,240,240,SESSION_CLOSED_EXPECTED,EXPECTED
2025-09-14 08:00:00,,,,,0,240,240,SESSION_CLOSED_EXPECTED,EXPECTED
2025-09-14 12:00:00,,,,,0,240,240,SESSION_CLOSED_EXPECTED,EXPECTED
2025-09-14 16:00:00,,,,,0,240,240,SESSION_CLOSED_EXPECTED,EXPECTED
2025-09-14 20:00:00,1.35409,1.35623,1.35356,1.35523,175,240,65,EXPECTED_INCOMPLETE,EXPECTED
2025-09-15 00:00:00,1.35523,1.3567,1.35483,1.35643,240,240,0,COMPLETE,
2025-09-15 04:00:00,1.35644,1.35936,1.35527,1.35814,240,240,0,COMPLETE,
2025-09-15 08:00:00,1.35811,1.36188,1.35781,1.36147,240,240,0,COMPLETE,
2025-09-15 12:00:00,1.36149,1.36196,1.35843,1.36065,240,240,0,COMPLETE,
2025-09-15 16:00:00,1.36066,1.36109,1.3594,1.36085,240,240,0,COMPLETE,
2025-09-15 20:00:00,1.36089,1.36108,1.35914,1.36003,240,240,0,COMPLETE,
2025-09-16 00:00:00,1.36004,1.36245,1.35974,1.3617,240,240,0,COMPLETE,
2025-09-16 04:00:00,1.3617,1.36424,1.36116,1.36274,240,240,0,COMPLETE,
2025-09-16 08:00:00,1.36274,1.36492,1.36236,1.36428,240,240,0,COMPLETE,
2025-09-16 12:00:00,1.36428,1.36716,1.36246,1.36523,240,240,0,COMPLETE,
2025-09-16 16:00:00,1.36523,1.36676,1.36495,1.36504,240,240,0,COMPLETE,
2025-09-16 20:00:00,1.36503,1.3655,1.36348,1.36521,239,240,1,UNEXPECTED_INCOMPLETE,UNEXPECTED
2025-09-17 00:00:00,1.3652,1.36587,1.3639,1.36426,240,240,0,COMPLETE,
2025-09-17 04:00:00,1.36425,1.36526,1.36295,1.36341,240,240,0,COMPLETE,
2025-09-17 08:00:00,1.36343,1.36562,1.36317,1.36464,240,240,0,COMPLETE,
2025-09-17 12:00:00,1.36465,1.36692,1.3643,1.36585,240,240,0,COMPLETE,
2025-09-17 16:00:00,1.36583,1.37261,1.36245,1.3637,240,240,0,COMPLETE,
2025-09-17 20:00:00,1.36372,1.36381,1.36147,1.3629,238,240,2,UNEXPECTED_INCOMPLETE,UNEXPECTED
2025-09-18 00:00:00,1.36293,1.36303,1.36098,1.36203,240,240,0,COMPLETE,
2025-09-18 04:00:00,1.36203,1.364,1.35857,1.36329,240,240,0,COMPLETE,
2025-09-18 08:00:00,1.36329,1.36607,1.36121,1.36215,240,240,0,COMPLETE,
2025-09-18 12:00:00,1.36215,1.36228,1.35336,1.35472,240,240,0,COMPLETE,
2025-09-18 16:00:00,1.35473,1.35629,1.35416,1.35482,240,240,0,COMPLETE,
2025-09-18 20:00:00,1.3548,1.35563,1.35433,1.35546,240,240,0,COMPLETE,
2025-09-19 00:00:00,1.35548,1.35588,1.35307,1.35501,240,240,0,COMPLETE,
2025-09-19 04:00:00,1.35503,1.35591,1.34844,1.34907,240,240,0,COMPLETE,
2025-09-19 08:00:00,1.3491,1.35099,1.34724,1.34772,240,240,0,COMPLETE,
2025-09-19 12:00:00,1.34772,1.34976,1.34624,1.3482,240,240,0,COMPLETE,
2025-09-19 16:00:00,1.3482,1.34849,1.34661,1.34718,240,240,0,COMPLETE,
2025-09-19 20:00:00,1.34719,1.34742,1.34667,1.34693,59,240,181,EXPECTED_INCOMPLETE,EXPECTED
2025-09-20 00:00:00,,,,,0,240,240,SESSION_CLOSED_EXPECTED,EXPECTED
2025-09-20 04:00:00,,,,,0,240,240,SESSION_CLOSED_EXPECTED,EXPECTED
2025-09-20 08:00:00,,,,,0,240,240,SESSION_CLOSED_EXPECTED,EXPECTED
2025-09-20 12:00:00,,,,,0,240,240,SESSION_CLOSED_EXPECTED,EXPECTED
2025-09-20 16:00:00,,,,,0,240,240,SESSION_CLOSED_EXPECTED,EXPECTED
2025-09-20 20:00:00,,,,,0,240,240,SESSION_CLOSED_EXPECTED,EXPECTED
2025-09-21 00:00:00,,,,,0,240,240,SESSION_CLOSED_EXPECTED,EXPECTED
2025-09-21 04:00:00,,,,,0,240,240,SESSION_CLOSED_EXPECTED,EXPECTED
2025-09-21 08:00:00,,,,,0,240,240,SESSION_CLOSED_EXPECTED,EXPECTED
2025-09-21 12:00:00,,,,,0,240,240,SESSION_CLOSED_EXPECTED,EXPECTED
2025-09-21 16:00:00,,,,,0,240,240,SESSION_CLOSED_EXPECTED,EXPECTED
2025-09-21 20:00:00,1.34587,1.34731,1.34578,1.34623,175,240,65,EXPECTED_INCOMPLETE,EXPECTED
2025-09-22 00:00:00,1.34624,1.34744,1.34569,1.3462,240,240,0,COMPLETE,
2025-09-22 04:00:00,1.34618,1.34828,1.34525,1.34782,240,240,0,COMPLETE,
2025-09-22 08:00:00,1.3478,1.35062,1.34763,1.34978,240,240,0,COMPLETE,
2025-09-22 12:00:00,1.3498,1.35157,1.34894,1.35022,240,240,0,COMPLETE,
2025-09-22 16:00:00,1.35019,1.352,1.34992,1.35154,240,240,0,COMPLETE,
2025-09-22 20:00:00,1.35153,1.35166,1.35008,1.35134,240,240,0,COMPLETE,
2025-09-23 00:00:00,1.35134,1.35269,1.35025,1.35151,240,240,0,COMPLETE,
2025-09-23 04:00:00,1.35152,1.35226,1.35018,1.35194,240,240,0,COMPLETE,
2025-09-23 08:00:00,1.35198,1.35278,1.34864,1.3514,240,240,0,COMPLETE,
2025-09-23 12:00:00,1.3514,1.35362,1.35053,1.35159,240,240,0,COMPLETE,
2025-09-23 16:00:00,1.35161,1.35268,1.35064,1.35244,240,240,0,COMPLETE,
2025-09-23 20:00:00,1.3524,1.35279,1.3509,1.35239,239,240,1,UNEXPECTED_INCOMPLETE,UNEXPECTED
2025-09-24 00:00:00,1.35238,1.35257,1.3506,1.35064,240,240,0,COMPLETE,
2025-09-24 04:00:00,1.35065,1.35119,1.34811,1.34841,240,240,0,COMPLETE,
2025-09-24 08:00:00,1.34842,1.34872,1.34546,1.3457,240,240,0,COMPLETE,
2025-09-24 12:00:00,1.3457,1.34705,1.34259,1.34469,240,240,0,COMPLETE,
2025-09-24 16:00:00,1.34471,1.34553,1.34385,1.34456,240,240,0,COMPLETE,
2025-09-24 20:00:00,1.3446,1.34533,1.34417,1.34489,240,240,0,COMPLETE,
2025-09-25 00:00:00,1.34485,1.34624,1.3448,1.3461,240,240,0,COMPLETE,
2025-09-25 04:00:00,1.34611,1.3467,1.34358,1.34372,240,240,0,COMPLETE,
2025-09-25 08:00:00,1.34374,1.34592,1.34175,1.34211,240,240,0,COMPLETE,
2025-09-25 12:00:00,1.34212,1.34229,1.33407,1.3348,240,240,0,COMPLETE,
2025-09-25 16:00:00,1.33481,1.33568,1.33231,1.33361,240,240,0,COMPLETE,
2025-09-25 20:00:00,1.33361,1.33465,1.33268,1.33348,236,240,4,UNEXPECTED_INCOMPLETE,UNEXPECTED
2025-09-26 00:00:00,1.33348,1.3355,1.3329,1.33535,240,240,0,COMPLETE,
2025-09-26 04:00:00,1.33535,1.33693,1.33443,1.33522,240,240,0,COMPLETE,
2025-09-26 08:00:00,1.3352,1.33704,1.33426,1.33498,240,240,0,COMPLETE,
2025-09-26 12:00:00,1.33498,1.34127,1.3348,1.3401,240,240,0,COMPLETE,
2025-09-26 16:00:00,1.34009,1.3411,1.33959,1.34073,240,240,0,COMPLETE,
2025-09-26 20:00:00,1.34072,1.34088,1.33978,1.33999,59,240,181,EXPECTED_INCOMPLETE,EXPECTED
2025-09-27 00:00:00,,,,,0,240,240,SESSION_CLOSED_EXPECTED,EXPECTED
2025-09-27 04:00:00,,,,,0,240,240,SESSION_CLOSED_EXPECTED,EXPECTED
2025-09-27 08:00:00,,,,,0,240,240,SESSION_CLOSED_EXPECTED,EXPECTED
2025-09-27 12:00:00,,,,,0,240,240,SESSION_CLOSED_EXPECTED,EXPECTED
2025-09-27 16:00:00,,,,,0,240,240,SESSION_CLOSED_EXPECTED,EXPECTED
2025-09-27 20:00:00,,,,,0,240,240,SESSION_CLOSED_EXPECTED,EXPECTED
2025-09-28 00:00:00,,,,,0,240,240,SESSION_CLOSED_EXPECTED,EXPECTED
2025-09-28 04:00:00,,,,,0,240,240,SESSION_CLOSED_EXPECTED,EXPECTED
2025-09-28 08:00:00,,,,,0,240,240,SESSION_CLOSED_EXPECTED,EXPECTED
2025-09-28 12:00:00,,,,,0,240,240,SESSION_CLOSED_EXPECTED,EXPECTED
2025-09-28 16:00:00,,,,,0,240,240,SESSION_CLOSED_EXPECTED,EXPECTED
2025-09-28 20:00:00,1.33841,1.34109,1.3383,1.34068,175,240,65,EXPECTED_INCOMPLETE,EXPECTED
2025-09-29 00:00:00,1.34067,1.34343,1.3406,1.34315,240,240,0,COMPLETE,
2025-09-29 04:00:00,1.34315,1.34494,1.34278,1.34459,240,240,0,COMPLETE,
2025-09-29 08:00:00,1.34461,1.345,1.34238,1.34467,240,240,0,COMPLETE,
2025-09-29 12:00:00,1.34469,1.34563,1.34153,1.34312,240,240,0,COMPLETE,
2025-09-29 16:00:00,1.34317,1.34384,1.34225,1.34357,240,240,0,COMPLETE,
2025-09-29 20:00:00,1.34356,1.34375,1.34224,1.34344,239,240,1,UNEXPECTED_INCOMPLETE,UNEXPECTED
2025-09-30 00:00:00,1.34344,1.34386,1.342,1.3435,240,240,0,COMPLETE,
2025-09-30 04:00:00,1.3435,1.34514,1.34271,1.34461,240,240,0,COMPLETE,
2025-09-30 08:00:00,1.34466,1.34521,1.34242,1.34366,240,240,0,COMPLETE,
2025-09-30 12:00:00,1.34367,1.34669,1.34131,1.34428,240,240,0,COMPLETE,
2025-09-30 16:00:00,1.3443,1.34634,1.34389,1.34486,240,240,0,COMPLETE,
2025-09-30 20:00:00,1.34488,1.34518,1.34363,1.34422,238,240,2,UNEXPECTED_INCOMPLETE,UNEXPECTED
2025-10-01 00:00:00,1.3442,1.34439,1.34343,1.34403,240,240,0,COMPLETE,
2025-10-01 04:00:00,1.34403,1.34775,1.34403,1.34667,240,240,0,COMPLETE,
2025-10-01 08:00:00,1.34671,1.34881,1.34572,1.34819,240,240,0,COMPLETE,
2025-10-01 12:00:00,1.34815,1.35272,1.3469,1.34716,240,240,0,COMPLETE,
2025-10-01 16:00:00,1.34711,1.34892,1.34649,1.34793,240,240,0,COMPLETE,
2025-10-01 20:00:00,1.34794,1.34828,1.34696,1.34779,238,240,2,UNEXPECTED_INCOMPLETE,UNEXPECTED
2025-10-02 00:00:00,1.34777,1.34874,1.34667,1.34777,240,240,0,COMPLETE,
2025-10-02 04:00:00,1.34777,1.35005,1.34683,1.3494,240,240,0,COMPLETE,
2025-10-02 08:00:00,1.34942,1.35099,1.34702,1.34759,240,240,0,COMPLETE,
2025-10-02 12:00:00,1.3476,1.34828,1.34003,1.34206,240,240,0,COMPLETE,
2025-10-02 16:00:00,1.34203,1.34516,1.34196,1.34426,240,240,0,COMPLETE,
2025-10-02 20:00:00,1.34426,1.34532,1.34268,1.3446,239,240,1,UNEXPECTED_INCOMPLETE,UNEXPECTED
2025-10-03 00:00:00,1.34461,1.34503,1.34326,1.34441,240,240,0,COMPLETE,
2025-10-03 04:00:00,1.34441,1.34609,1.34284,1.34599,240,240,0,COMPLETE,
2025-10-03 08:00:00,1.34599,1.34678,1.34414,1.34489,240,240,0,COMPLETE,
2025-10-03 12:00:00,1.3449,1.34849,1.34365,1.34787,240,240,0,COMPLETE,
2025-10-03 16:00:00,1.34785,1.34841,1.34623,1.34828,240,240,0,COMPLETE,
2025-10-03 20:00:00,1.34826,1.34867,1.34762,1.34781,59,240,181,EXPECTED_INCOMPLETE,EXPECTED
2025-10-04 00:00:00,,,,,0,240,240,SESSION_CLOSED_EXPECTED,EXPECTED
2025-10-04 04:00:00,,,,,0,240,240,SESSION_CLOSED_EXPECTED,EXPECTED
2025-10-04 08:00:00,,,,,0,240,240,SESSION_CLOSED_EXPECTED,EXPECTED
2025-10-04 12:00:00,,,,,0,240,240,SESSION_CLOSED_EXPECTED,EXPECTED
2025-10-04 16:00:00,,,,,0,240,240,SESSION_CLOSED_EXPECTED,EXPECTED
2025-10-04 20:00:00,,,,,0,240,240,SESSION_CLOSED_EXPECTED,EXPECTED
2025-10-05 00:00:00,,,,,0,240,240,SESSION_CLOSED_EXPECTED,EXPECTED
2025-10-05 04:00:00,,,,,0,240,240,SESSION_CLOSED_EXPECTED,EXPECTED
2025-10-05 08:00:00,,,,,0,240,240,SESSION_CLOSED_EXPECTED,EXPECTED
2025-10-05 12:00:00,,,,,0,240,240,SESSION_CLOSED_EXPECTED,EXPECTED
2025-10-05 16:00:00,,,,,0,240,240,SESSION_CLOSED_EXPECTED,EXPECTED
2025-10-05 20:00:00,1.3456,1.3456,1.34215,1.34315,175,240,65,EXPECTED_INCOMPLETE,EXPECTED
2025-10-06 00:00:00,1.34317,1.34579,1.3427,1.34513,240,240,0,COMPLETE,
2025-10-06 04:00:00,1.34512,1.34638,1.34299,1.3443,240,240,0,COMPLETE,
2025-10-06 08:00:00,1.34426,1.34447,1.34157,1.34245,240,240,0,COMPLETE,
2025-10-06 12:00:00,1.34245,1.34838,1.34228,1.34745,240,240,0,COMPLETE,
2025-10-06 16:00:00,1.34746,1.34897,1.34654,1.34812,240,240,0,COMPLETE,
2025-10-06 20:00:00,1.34809,1.34867,1.34775,1.34835,239,240,1,UNEXPECTED_INCOMPLETE,UNEXPECTED
2025-10-07 00:00:00,1.34835,1.34843,1.34721,1.34755,240,240,0,COMPLETE,
2025-10-07 04:00:00,1.34755,1.34802,1.34285,1.34366,240,240,0,COMPLETE,
2025-10-07 08:00:00,1.34367,1.34448,1.33917,1.3401,240,240,0,COMPLETE,
2025-10-07 12:00:00,1.34008,1.34541,1.33932,1.34397,240,240,0,COMPLETE,
2025-10-07 16:00:00,1.344,1.34518,1.34154,1.3421,240,240,0,COMPLETE,
2025-10-07 20:00:00,1.34209,1.34299,1.34182,1.34197,240,240,0,COMPLETE,
2025-10-08 00:00:00,1.34197,1.34213,1.33898,1.33989,240,240,0,COMPLETE,
2025-10-08 04:00:00,1.33989,1.34174,1.33833,1.34168,240,240,0,COMPLETE,
2025-10-08 08:00:00,1.34167,1.34271,1.33999,1.34068,240,240,0,COMPLETE,
2025-10-08 12:00:00,1.34069,1.34381,1.33865,1.33882,240,240,0,COMPLETE,
2025-10-08 16:00:00,1.33886,1.34002,1.33704,1.33991,240,240,0,COMPLETE,
2025-10-08 20:00:00,1.3399,1.34073,1.33951,1.33994,240,240,0,COMPLETE,
2025-10-09 00:00:00,1.33994,1.34188,1.33985,1.34143,240,240,0,COMPLETE,
2025-10-09 04:00:00,1.34143,1.34164,1.3349,1.33523,240,240,0,COMPLETE,
2025-10-09 08:00:00,1.33523,1.33898,1.33423,1.33745,240,240,0,COMPLETE,
2025-10-09 12:00:00,1.33745,1.33953,1.32905,1.33088,240,240,0,COMPLETE,
2025-10-09 16:00:00,1.33089,1.33146,1.32792,1.3296,240,240,0,COMPLETE,
2025-10-09 20:00:00,1.3296,1.33073,1.32925,1.33022,239,240,1,UNEXPECTED_INCOMPLETE,UNEXPECTED
2025-10-10 00:00:00,1.3302,1.33134,1.32955,1.33113,240,240,0,COMPLETE,
2025-10-10 04:00:00,1.33113,1.3314,1.32786,1.33026,240,240,0,COMPLETE,
2025-10-10 08:00:00,1.33025,1.33126,1.32607,1.32716,240,240,0,COMPLETE,
2025-10-10 12:00:00,1.32718,1.33704,1.32678,1.33423,240,240,0,COMPLETE,
2025-10-10 16:00:00,1.33419,1.33569,1.33311,1.33495,240,240,0,COMPLETE,
2025-10-10 20:00:00,1.33492,1.33621,1.33346,1.33578,59,240,181,EXPECTED_INCOMPLETE,EXPECTED
2025-10-11 00:00:00,,,,,0,240,240,SESSION_CLOSED_EXPECTED,EXPECTED
2025-10-11 04:00:00,,,,,0,240,240,SESSION_CLOSED_EXPECTED,EXPECTED
2025-10-11 08:00:00,,,,,0,240,240,SESSION_CLOSED_EXPECTED,EXPECTED
2025-10-11 12:00:00,,,,,0,240,240,SESSION_CLOSED_EXPECTED,EXPECTED
2025-10-11 16:00:00,,,,,0,240,240,SESSION_CLOSED_EXPECTED,EXPECTED
2025-10-11 20:00:00,,,,,0,240,240,SESSION_CLOSED_EXPECTED,EXPECTED
2025-10-12 00:00:00,,,,,0,240,240,SESSION_CLOSED_EXPECTED,EXPECTED
2025-10-12 04:00:00,,,,,0,240,240,SESSION_CLOSED_EXPECTED,EXPECTED
2025-10-12 08:00:00,,,,,0,240,240,SESSION_CLOSED_EXPECTED,EXPECTED
2025-10-12 12:00:00,,,,,0,240,240,SESSION_CLOSED_EXPECTED,EXPECTED
2025-10-12 16:00:00,,,,,0,240,240,SESSION_CLOSED_EXPECTED,EXPECTED
2025-10-12 20:00:00,1.33462,1.33533,1.33189,1.33349,175,240,65,EXPECTED_INCOMPLETE,EXPECTED
2025-10-13 00:00:00,1.33348,1.33627,1.33345,1.33528,240,240,0,COMPLETE,
2025-10-13 04:00:00,1.33529,1.3366,1.33294,1.33348,240,240,0,COMPLETE,
2025-10-13 08:00:00,1.33346,1.33523,1.33146,1.33307,240,240,0,COMPLETE,
2025-10-13 12:00:00,1.33306,1.33397,1.33185,1.33279,240,240,0,COMPLETE,
2025-10-13 16:00:00,1.33278,1.33402,1.33252,1.33302,240,240,0,COMPLETE,
2025-10-13 20:00:00,1.33302,1.33372,1.33247,1.33317,240,240,0,COMPLETE,
2025-10-14 00:00:00,1.33317,1.33498,1.3325,1.33446,240,240,0,COMPLETE,
2025-10-14 04:00:00,1.33445,1.33521,1.32519,1.32566,240,240,0,COMPLETE,
2025-10-14 08:00:00,1.32564,1.32837,1.3253,1.32684,240,240,0,COMPLETE,
2025-10-14 12:00:00,1.32685,1.33185,1.32479,1.33172,240,240,0,COMPLETE,
2025-10-14 16:00:00,1.33175,1.33317,1.33064,1.33253,240,240,0,COMPLETE,
2025-10-14 20:00:00,1.33249,1.33267,1.33137,1.33214,240,240,0,COMPLETE,
2025-10-15 00:00:00,1.33214,1.33537,1.33194,1.33506,240,240,0,COMPLETE,
2025-10-15 04:00:00,1.33509,1.33733,1.33412,1.33495,240,240,0,COMPLETE,
2025-10-15 08:00:00,1.33495,1.33663,1.33357,1.33513,240,240,0,COMPLETE,
2025-10-15 12:00:00,1.33517,1.34031,1.33339,1.33933,240,240,0,COMPLETE,
2025-10-15 16:00:00,1.33935,1.33941,1.33697,1.3393,240,240,0,COMPLETE,
2025-10-15 20:00:00,1.33929,1.34077,1.33879,1.34029,240,240,0,COMPLETE,
2025-10-16 00:00:00,1.34027,1.34417,1.33991,1.34217,240,240,0,COMPLETE,
2025-10-16 04:00:00,1.34216,1.34277,1.34036,1.34259,240,240,0,COMPLETE,
2025-10-16 08:00:00,1.34262,1.34478,1.34211,1.34401,240,240,0,COMPLETE,
2025-10-16 12:00:00,1.34397,1.34543,1.34112,1.34224,240,240,0,COMPLETE,
2025-10-16 16:00:00,1.34221,1.34475,1.34141,1.34335,240,240,0,COMPLETE,
2025-10-16 20:00:00,1.34333,1.34452,1.34249,1.34434,240,240,0,COMPLETE,
2025-10-17 00:00:00,1.34436,1.34519,1.34305,1.34479,240,240,0,COMPLETE,
2025-10-17 04:00:00,1.34482,1.34712,1.34239,1.34319,240,240,0,COMPLETE,
2025-10-17 08:00:00,1.34323,1.34431,1.34104,1.34342,240,240,0,COMPLETE,
2025-10-17 12:00:00,1.34342,1.34353,1.33904,1.34215,240,240,0,COMPLETE,
2025-10-17 16:00:00,1.34219,1.34384,1.34102,1.34371,240,240,0,COMPLETE,
2025-10-17 20:00:00,1.34372,1.34376,1.34204,1.3425,59,240,181,EXPECTED_INCOMPLETE,EXPECTED
2025-10-18 00:00:00,,,,,0,240,240,SESSION_CLOSED_EXPECTED,EXPECTED
2025-10-18 04:00:00,,,,,0,240,240,SESSION_CLOSED_EXPECTED,EXPECTED
2025-10-18 08:00:00,,,,,0,240,240,SESSION_CLOSED_EXPECTED,EXPECTED
2025-10-18 12:00:00,,,,,0,240,240,SESSION_CLOSED_EXPECTED,EXPECTED
2025-10-18 16:00:00,,,,,0,240,240,SESSION_CLOSED_EXPECTED,EXPECTED
2025-10-18 20:00:00,,,,,0,240,240,SESSION_CLOSED_EXPECTED,EXPECTED
2025-10-19 00:00:00,,,,,0,240,240,SESSION_CLOSED_EXPECTED,EXPECTED
2025-10-19 04:00:00,,,,,0,240,240,SESSION_CLOSED_EXPECTED,EXPECTED
2025-10-19 08:00:00,,,,,0,240,240,SESSION_CLOSED_EXPECTED,EXPECTED
2025-10-19 12:00:00,,,,,0,240,240,SESSION_CLOSED_EXPECTED,EXPECTED
2025-10-19 16:00:00,,,,,0,240,240,SESSION_CLOSED_EXPECTED,EXPECTED
2025-10-19 20:00:00,1.34303,1.34306,1.34157,1.34244,175,240,65,EXPECTED_INCOMPLETE,EXPECTED
2025-10-20 00:00:00,1.34244,1.34426,1.3421,1.34398,240,240,0,COMPLETE,
2025-10-20 04:00:00,1.34399,1.34426,1.34052,1.34153,240,240,0,COMPLETE,
2025-10-20 08:00:00,1.34154,1.34386,1.33993,1.34116,240,240,0,COMPLETE,
2025-10-20 12:00:00,1.34116,1.34296,1.34016,1.34192,240,240,0,COMPLETE,
2025-10-20 16:00:00,1.34192,1.34233,1.33995,1.34058,240,240,0,COMPLETE,
2025-10-20 20:00:00,1.34058,1.34107,1.33994,1.34038,240,240,0,COMPLETE,
2025-10-21 00:00:00,1.34038,1.34157,1.33891,1.33926,240,240,0,COMPLETE,
2025-10-21 04:00:00,1.33927,1.33968,1.33715,1.33923,240,240,0,COMPLETE,
2025-10-21 08:00:00,1.33926,1.33942,1.33657,1.3384,240,240,0,COMPLETE,
2025-10-21 12:00:00,1.33843,1.33936,1.33606,1.33883,240,240,0,COMPLETE,
2025-10-21 16:00:00,1.33885,1.33981,1.33648,1.33716,240,240,0,COMPLETE,
2025-10-21 20:00:00,1.33714,1.33718,1.33635,1.33645,239,240,1,UNEXPECTED_INCOMPLETE,UNEXPECTED
2025-10-22 00:00:00,1.33645,1.338,1.33631,1.3374,240,240,0,COMPLETE,
2025-10-22 04:00:00,1.33739,1.33868,1.33188,1.33217,240,240,0,COMPLETE,
2025-10-22 08:00:00,1.33214,1.33327,1.33052,1.33271,240,240,0,COMPLETE,
2025-10-22 12:00:00,1.3327,1.3374,1.33095,1.33699,240,240,0,COMPLETE,
2025-10-22 16:00:00,1.337,1.3376,1.33521,1.33563,240,240,0,COMPLETE,
2025-10-22 20:00:00,1.33563,1.33617,1.3349,1.33501,240,240,0,COMPLETE,
2025-10-23 00:00:00,1.33501,1.33502,1.33322,1.33326,240,240,0,COMPLETE,
2025-10-23 04:00:00,1.33326,1.33566,1.33291,1.33502,240,240,0,COMPLETE,
2025-10-23 08:00:00,1.33505,1.33551,1.33331,1.33359,240,240,0,COMPLETE,
2025-10-23 12:00:00,1.3336,1.335,1.33105,1.33204,240,240,0,COMPLETE,
2025-10-23 16:00:00,1.33206,1.33262,1.33073,1.33235,240,240,0,COMPLETE,
2025-10-23 20:00:00,1.33234,1.33296,1.33203,1.33264,239,240,1,UNEXPECTED_INCOMPLETE,UNEXPECTED
2025-10-24 00:00:00,1.33265,1.33319,1.33173,1.33247,240,240,0,COMPLETE,
2025-10-24 04:00:00,1.3325,1.33333,1.3311,1.33151,240,240,0,COMPLETE,
2025-10-24 08:00:00,1.3315,1.33264,1.32993,1.33058,240,240,0,COMPLETE,
2025-10-24 12:00:00,1.3306,1.33722,1.32904,1.32958,240,240,0,COMPLETE,
2025-10-24 16:00:00,1.32959,1.33122,1.32868,1.33111,240,240,0,COMPLETE,
2025-10-24 20:00:00,1.33113,1.33172,1.33062,1.33107,59,240,181,EXPECTED_INCOMPLETE,EXPECTED
2025-10-25 00:00:00,,,,,0,240,240,SESSION_CLOSED_EXPECTED,EXPECTED
2025-10-25 04:00:00,,,,,0,240,240,SESSION_CLOSED_EXPECTED,EXPECTED
2025-10-25 08:00:00,,,,,0,240,240,SESSION_CLOSED_EXPECTED,EXPECTED
2025-10-25 12:00:00,,,,,0,240,240,SESSION_CLOSED_EXPECTED,EXPECTED
2025-10-25 16:00:00,,,,,0,240,240,SESSION_CLOSED_EXPECTED,EXPECTED
2025-10-25 20:00:00,,,,,0,240,240,SESSION_CLOSED_EXPECTED,EXPECTED
2025-10-26 00:00:00,,,,,0,240,240,SESSION_CLOSED_EXPECTED,EXPECTED
2025-10-26 04:00:00,,,,,0,240,240,SESSION_CLOSED_EXPECTED,EXPECTED
2025-10-26 08:00:00,,,,,0,240,240,SESSION_CLOSED_EXPECTED,EXPECTED
2025-10-26 12:00:00,,,,,0,240,240,SESSION_CLOSED_EXPECTED,EXPECTED
2025-10-26 16:00:00,,,,,0,240,240,SESSION_CLOSED_EXPECTED,EXPECTED
2025-10-26 20:00:00,1.33217,1.33271,1.33117,1.33211,175,240,65,EXPECTED_INCOMPLETE,EXPECTED
2025-10-27 00:00:00,1.33212,1.33355,1.33172,1.33211,240,240,0,COMPLETE,
2025-10-27 04:00:00,1.33211,1.33342,1.33098,1.33149,240,240,0,COMPLETE,
2025-10-27 08:00:00,1.33147,1.33528,1.33103,1.33473,240,240,0,COMPLETE,
2025-10-27 12:00:00,1.33471,1.33516,1.33172,1.33284,240,240,0,COMPLETE,
2025-10-27 16:00:00,1.33285,1.33385,1.33227,1.33345,240,240,0,COMPLETE,
2025-10-27 20:00:00,1.33345,1.33442,1.3331,1.33401,238,240,2,UNEXPECTED_INCOMPLETE,UNEXPECTED
2025-10-28 00:00:00,1.334,1.3358,1.33362,1.33555,240,240,0,COMPLETE,
2025-10-28 04:00:00,1.33555,1.33693,1.33309,1.33359,240,240,0,COMPLETE,
2025-10-28 08:00:00,1.33356,1.3338,1.33,1.33075,240,240,0,COMPLETE,
2025-10-28 12:00:00,1.33079,1.33135,1.32469,1.32766,240,240,0,COMPLETE,
2025-10-28 16:00:00,1.32766,1.32909,1.32693,1.32729,240,240,0,COMPLETE,
2025-10-28 20:00:00,1.32728,1.32786,1.32659,1.32782,240,240,0,COMPLETE,
2025-10-29 00:00:00,1.32779,1.32803,1.32503,1.32521,240,240,0,COMPLETE,
2025-10-29 04:00:00,1.32521,1.32545,1.32198,1.3228,240,240,0,COMPLETE,
2025-10-29 08:00:00,1.32278,1.32291,1.31971,1.32172,240,240,0,COMPLETE,
2025-10-29 12:00:00,1.32175,1.32469,1.31939,1.32412,240,240,0,COMPLETE,
2025-10-29 16:00:00,1.32411,1.3244,1.31394,1.31936,240,240,0,COMPLETE,
2025-10-29 20:00:00,1.31934,1.32005,1.31802,1.31943,240,240,0,COMPLETE,
2025-10-30 00:00:00,1.31943,1.32101,1.3187,1.32022,240,240,0,COMPLETE,
2025-10-30 04:00:00,1.32025,1.32183,1.31916,1.31974,240,240,0,COMPLETE,
2025-10-30 08:00:00,1.31973,1.3211,1.31739,1.31782,240,240,0,COMPLETE,
2025-10-30 12:00:00,1.31782,1.31851,1.3116,1.31458,240,240,0,COMPLETE,
2025-10-30 16:00:00,1.31456,1.31599,1.31343,1.31441,240,240,0,COMPLETE,
2025-10-30 20:00:00,1.3144,1.31598,1.31427,1.3158,239,240,1,UNEXPECTED_INCOMPLETE,UNEXPECTED
2025-10-31 00:00:00,1.31581,1.31644,1.31495,1.31513,240,240,0,COMPLETE,
2025-10-31 04:00:00,1.31511,1.31571,1.31247,1.31449,240,240,0,COMPLETE,
2025-10-31 08:00:00,1.31449,1.3148,1.31144,1.31279,240,240,0,COMPLETE,
2025-10-31 12:00:00,1.31279,1.31389,1.30964,1.31378,240,240,0,COMPLETE,
2025-10-31 16:00:00,1.31381,1.31434,1.31224,1.31362,240,240,0,COMPLETE,
2025-10-31 20:00:00,1.31359,1.31503,1.31355,1.31494,59,240,181,EXPECTED_INCOMPLETE,EXPECTED
2025-11-01 00:00:00,,,,,0,240,240,SESSION_CLOSED_EXPECTED,EXPECTED
2025-11-01 04:00:00,,,,,0,240,240,SESSION_CLOSED_EXPECTED,EXPECTED
2025-11-01 08:00:00,,,,,0,240,240,SESSION_CLOSED_EXPECTED,EXPECTED
2025-11-01 12:00:00,,,,,0,240,240,SESSION_CLOSED_EXPECTED,EXPECTED
2025-11-01 16:00:00,,,,,0,240,240,SESSION_CLOSED_EXPECTED,EXPECTED
2025-11-01 20:00:00,,,,,0,240,240,SESSION_CLOSED_EXPECTED,EXPECTED
2025-11-02 00:00:00,,,,,0,240,240,SESSION_CLOSED_EXPECTED,EXPECTED
2025-11-02 04:00:00,,,,,0,240,240,SESSION_CLOSED_EXPECTED,EXPECTED
2025-11-02 08:00:00,,,,,0,240,240,SESSION_CLOSED_EXPECTED,EXPECTED
2025-11-02 12:00:00,,,,,0,240,240,SESSION_CLOSED_EXPECTED,EXPECTED
2025-11-02 16:00:00,,,,,0,240,240,SESSION_CLOSED_EXPECTED,EXPECTED
2025-11-02 20:00:00,1.31341,1.31421,1.31269,1.31336,115,240,125,EXPECTED_INCOMPLETE,EXPECTED
2025-11-03 00:00:00,1.31336,1.31421,1.31295,1.31388,240,240,0,COMPLETE,
2025-11-03 04:00:00,1.31388,1.31487,1.31338,1.31376,240,240,0,COMPLETE,
2025-11-03 08:00:00,1.31377,1.31386,1.31166,1.31273,240,240,0,COMPLETE,
2025-11-03 12:00:00,1.31275,1.31471,1.31078,1.31458,240,240,0,COMPLETE,
2025-11-03 16:00:00,1.31459,1.3162,1.3134,1.31373,240,240,0,COMPLETE,
2025-11-03 20:00:00,1.31374,1.31415,1.31318,1.31341,240,240,0,COMPLETE,
2025-11-04 00:00:00,1.3134,1.3134,1.31173,1.31275,240,240,0,COMPLETE,
2025-11-04 04:00:00,1.31276,1.31386,1.31158,1.31209,240,240,0,COMPLETE,
2025-11-04 08:00:00,1.31205,1.31213,1.30564,1.30584,240,240,0,COMPLETE,
2025-11-04 12:00:00,1.30586,1.30679,1.30331,1.30456,240,240,0,COMPLETE,
2025-11-04 16:00:00,1.30458,1.30514,1.30128,1.30146,240,240,0,COMPLETE,
2025-11-04 20:00:00,1.30149,1.30268,1.30095,1.30208,240,240,0,COMPLETE,
2025-11-05 00:00:00,1.30207,1.3024,1.30095,1.30195,240,240,0,COMPLETE,
2025-11-05 04:00:00,1.30199,1.30308,1.30189,1.30264,240,240,0,COMPLETE,
2025-11-05 08:00:00,1.30264,1.30528,1.30111,1.30346,240,240,0,COMPLETE,
2025-11-05 12:00:00,1.30349,1.3047,1.30129,1.30407,240,240,0,COMPLETE,
2025-11-05 16:00:00,1.30407,1.3049,1.30307,1.30443,240,240,0,COMPLETE,
2025-11-05 20:00:00,1.30448,1.30527,1.30436,1.30515,239,240,1,UNEXPECTED_INCOMPLETE,UNEXPECTED
2025-11-06 00:00:00,1.30515,1.30648,1.30497,1.30628,240,240,0,COMPLETE,
2025-11-06 04:00:00,1.3063,1.30716,1.30526,1.30622,240,240,0,COMPLETE,
2025-11-06 08:00:00,1.30625,1.30943,1.30584,1.30912,240,240,0,COMPLETE,
2025-11-06 12:00:00,1.30916,1.31249,1.3059,1.31014,240,240,0,COMPLETE,
2025-11-06 16:00:00,1.31012,1.31421,1.30964,1.3132,240,240,0,COMPLETE,
2025-11-06 20:00:00,1.3132,1.31418,1.31266,1.31393,239,240,1,UNEXPECTED_INCOMPLETE,UNEXPECTED
2025-11-07 00:00:00,1.31393,1.31415,1.31152,1.31185,240,240,0,COMPLETE,
2025-11-07 04:00:00,1.31185,1.31248,1.31129,1.31247,240,240,0,COMPLETE,
2025-11-07 08:00:00,1.31247,1.31274,1.30944,1.31199,240,240,0,COMPLETE,
2025-11-07 12:00:00,1.31203,1.3174,1.31091,1.31508,240,240,0,COMPLETE,
2025-11-07 16:00:00,1.31511,1.31747,1.31502,1.31576,240,240,0,COMPLETE,
2025-11-07 20:00:00,1.31574,1.31673,1.31524,1.31647,119,240,121,EXPECTED_INCOMPLETE,EXPECTED
2025-11-08 00:00:00,,,,,0,240,240,SESSION_CLOSED_EXPECTED,EXPECTED
2025-11-08 04:00:00,,,,,0,240,240,SESSION_CLOSED_EXPECTED,EXPECTED
2025-11-08 08:00:00,,,,,0,240,240,SESSION_CLOSED_EXPECTED,EXPECTED
2025-11-08 12:00:00,,,,,0,240,240,SESSION_CLOSED_EXPECTED,EXPECTED
2025-11-08 16:00:00,,,,,0,240,240,SESSION_CLOSED_EXPECTED,EXPECTED
2025-11-08 20:00:00,,,,,0,240,240,SESSION_CLOSED_EXPECTED,EXPECTED
2025-11-09 00:00:00,,,,,0,240,240,SESSION_CLOSED_EXPECTED,EXPECTED
2025-11-09 04:00:00,,,,,0,240,240,SESSION_CLOSED_EXPECTED,EXPECTED
2025-11-09 08:00:00,,,,,0,240,240,SESSION_CLOSED_EXPECTED,EXPECTED
2025-11-09 12:00:00,,,,,0,240,240,SESSION_CLOSED_EXPECTED,EXPECTED
2025-11-09 16:00:00,,,,,0,240,240,SESSION_CLOSED_EXPECTED,EXPECTED
2025-11-09 20:00:00,1.3145,1.31593,1.31368,1.31411,115,240,125,EXPECTED_INCOMPLETE,EXPECTED
2025-11-10 00:00:00,1.31411,1.31549,1.31362,1.31466,240,240,0,COMPLETE,
2025-11-10 04:00:00,1.31466,1.31663,1.31386,1.31567,240,240,0,COMPLETE,
2025-11-10 08:00:00,1.31564,1.31839,1.31514,1.31753,240,240,0,COMPLETE,
2025-11-10 12:00:00,1.31753,1.31909,1.3145,1.31478,240,240,0,COMPLETE,
2025-11-10 16:00:00,1.31475,1.31843,1.31466,1.31795,240,240,0,COMPLETE,
2025-11-10 20:00:00,1.31793,1.31838,1.31677,1.31717,240,240,0,COMPLETE,
2025-11-11 00:00:00,1.31718,1.31749,1.3157,1.31677,240,240,0,COMPLETE,
2025-11-11 04:00:00,1.31677,1.31718,1.31204,1.31255,240,240,0,COMPLETE,
2025-11-11 08:00:00,1.31257,1.31516,1.31159,1.31478,240,240,0,COMPLETE,
2025-11-11 12:00:00,1.31477,1.31841,1.31385,1.31727,237,240,3,UNEXPECTED_INCOMPLETE,UNEXPECTED
2025-11-11 16:00:00,1.31726,1.3179,1.31647,1.31666,240,240,0,COMPLETE,
2025-11-11 20:00:00,1.31668,1.31714,1.31413,1.31518,231,240,9,UNEXPECTED_INCOMPLETE,UNEXPECTED
2025-11-12 00:00:00,1.31516,1.31529,1.31346,1.31396,240,240,0,COMPLETE,
2025-11-12 04:00:00,1.31396,1.31485,1.31283,1.31454,240,240,0,COMPLETE,
2025-11-12 08:00:00,1.31455,1.31551,1.31101,1.3137,240,240,0,COMPLETE,
2025-11-12 12:00:00,1.31371,1.31396,1.30839,1.313,240,240,0,COMPLETE,
2025-11-12 16:00:00,1.31303,1.31436,1.31272,1.31293,240,240,0,COMPLETE,
2025-11-12 20:00:00,1.31291,1.31339,1.31238,1.31272,240,240,0,COMPLETE,
2025-11-13 00:00:00,1.31275,1.31284,1.31104,1.31257,240,240,0,COMPLETE,
2025-11-13 04:00:00,1.31256,1.31432,1.31003,1.31401,240,240,0,COMPLETE,
2025-11-13 08:00:00,1.314,1.31704,1.313,1.31475,240,240,0,COMPLETE,
2025-11-13 12:00:00,1.31474,1.31988,1.31463,1.31976,240,240,0,COMPLETE,
2025-11-13 16:00:00,1.31976,1.32155,1.31891,1.31895,240,240,0,COMPLETE,
2025-11-13 20:00:00,1.31899,1.31943,1.31359,1.31524,232,240,8,UNEXPECTED_INCOMPLETE,UNEXPECTED
2025-11-14 00:00:00,1.31524,1.31609,1.31349,1.31455,240,240,0,COMPLETE,
2025-11-14 04:00:00,1.31453,1.31584,1.31258,1.31463,240,240,0,COMPLETE,
2025-11-14 08:00:00,1.3146,1.32001,1.31076,1.31377,240,240,0,COMPLETE,
2025-11-14 12:00:00,1.31378,1.31806,1.31247,1.31389,240,240,0,COMPLETE,
2025-11-14 16:00:00,1.3139,1.31673,1.31382,1.31641,240,240,0,COMPLETE,
2025-11-14 20:00:00,1.31642,1.31754,1.31612,1.31736,119,240,121,EXPECTED_INCOMPLETE,EXPECTED
2025-11-15 00:00:00,,,,,0,240,240,SESSION_CLOSED_EXPECTED,EXPECTED
2025-11-15 04:00:00,,,,,0,240,240,SESSION_CLOSED_EXPECTED,EXPECTED
2025-11-15 08:00:00,,,,,0,240,240,SESSION_CLOSED_EXPECTED,EXPECTED
2025-11-15 12:00:00,,,,,0,240,240,SESSION_CLOSED_EXPECTED,EXPECTED
2025-11-15 16:00:00,,,,,0,240,240,SESSION_CLOSED_EXPECTED,EXPECTED
2025-11-15 20:00:00,,,,,0,240,240,SESSION_CLOSED_EXPECTED,EXPECTED
2025-11-16 00:00:00,,,,,0,240,240,SESSION_CLOSED_EXPECTED,EXPECTED
2025-11-16 04:00:00,,,,,0,240,240,SESSION_CLOSED_EXPECTED,EXPECTED
2025-11-16 08:00:00,,,,,0,240,240,SESSION_CLOSED_EXPECTED,EXPECTED
2025-11-16 12:00:00,,,,,0,240,240,SESSION_CLOSED_EXPECTED,EXPECTED
2025-11-16 16:00:00,,,,,0,240,240,SESSION_CLOSED_EXPECTED,EXPECTED
2025-11-16 20:00:00,1.31538,1.31704,1.31496,1.31588,115,240,125,EXPECTED_INCOMPLETE,EXPECTED
2025-11-17 00:00:00,1.31587,1.31648,1.31412,1.31446,240,240,0,COMPLETE,
2025-11-17 04:00:00,1.31444,1.31767,1.31353,1.31755,240,240,0,COMPLETE,
2025-11-17 08:00:00,1.31757,1.31805,1.31487,1.31799,240,240,0,COMPLETE,
2025-11-17 12:00:00,1.31795,1.31927,1.31606,1.31769,240,240,0,COMPLETE,
2025-11-17 16:00:00,1.31767,1.31787,1.31451,1.3146,240,240,0,COMPLETE,
2025-11-17 20:00:00,1.3146,1.31588,1.31441,1.31551,226,240,14,UNEXPECTED_INCOMPLETE,UNEXPECTED
2025-11-18 00:00:00,1.3155,1.31553,1.31446,1.31488,240,240,0,COMPLETE,
2025-11-18 04:00:00,1.31487,1.31639,1.31446,1.31497,240,240,0,COMPLETE,
2025-11-18 08:00:00,1.31496,1.31765,1.31367,1.31405,240,240,0,COMPLETE,
2025-11-18 12:00:00,1.31406,1.31709,1.31333,1.31439,240,240,0,COMPLETE,
2025-11-18 16:00:00,1.31436,1.31566,1.31347,1.31547,240,240,0,COMPLETE,
2025-11-18 20:00:00,1.31547,1.31564,1.31389,1.31469,235,240,5,UNEXPECTED_INCOMPLETE,UNEXPECTED
2025-11-19 00:00:00,1.31468,1.31487,1.31287,1.31396,240,240,0,COMPLETE,
2025-11-19 04:00:00,1.31396,1.31548,1.31314,1.31418,240,240,0,COMPLETE,
2025-11-19 08:00:00,1.3142,1.3148,1.30921,1.31267,240,240,0,COMPLETE,
2025-11-19 12:00:00,1.31268,1.313,1.30708,1.3079,240,240,0,COMPLETE,
2025-11-19 16:00:00,1.30788,1.30851,1.3043,1.30458,240,240,0,COMPLETE,
2025-11-19 20:00:00,1.30454,1.3062,1.30437,1.30596,235,240,5,UNEXPECTED_INCOMPLETE,UNEXPECTED
2025-11-20 00:00:00,1.30596,1.30596,1.30372,1.30463,240,240,0,COMPLETE,
2025-11-20 04:00:00,1.30463,1.30702,1.30434,1.30687,240,240,0,COMPLETE,
2025-11-20 08:00:00,1.30686,1.30844,1.3059,1.30644,240,240,0,COMPLETE,
2025-11-20 12:00:00,1.30643,1.31233,1.3048,1.30943,240,240,0,COMPLETE,
2025-11-20 16:00:00,1.30943,1.31025,1.30654,1.30869,240,240,0,COMPLETE,
2025-11-20 20:00:00,1.30869,1.30873,1.30674,1.30825,235,240,5,UNEXPECTED_INCOMPLETE,UNEXPECTED
2025-11-21 00:00:00,1.30825,1.30879,1.30743,1.30862,240,240,0,COMPLETE,
2025-11-21 04:00:00,1.30862,1.3097,1.30655,1.30804,240,240,0,COMPLETE,
2025-11-21 08:00:00,1.30808,1.31028,1.30416,1.30448,240,240,0,COMPLETE,
2025-11-21 12:00:00,1.30447,1.30995,1.30384,1.30847,240,240,0,COMPLETE,
2025-11-21 16:00:00,1.30844,1.31093,1.30726,1.31022,240,240,0,COMPLETE,
2025-11-21 20:00:00,1.31024,1.3108,1.30948,1.30972,119,240,121,EXPECTED_INCOMPLETE,EXPECTED
2025-11-22 00:00:00,,,,,0,240,240,SESSION_CLOSED_EXPECTED,EXPECTED
2025-11-22 04:00:00,,,,,0,240,240,SESSION_CLOSED_EXPECTED,EXPECTED
2025-11-22 08:00:00,,,,,0,240,240,SESSION_CLOSED_EXPECTED,EXPECTED
2025-11-22 12:00:00,,,,,0,240,240,SESSION_CLOSED_EXPECTED,EXPECTED
2025-11-22 16:00:00,,,,,0,240,240,SESSION_CLOSED_EXPECTED,EXPECTED
2025-11-22 20:00:00,,,,,0,240,240,SESSION_CLOSED_EXPECTED,EXPECTED
2025-11-23 00:00:00,,,,,0,240,240,SESSION_CLOSED_EXPECTED,EXPECTED
2025-11-23 04:00:00,,,,,0,240,240,SESSION_CLOSED_EXPECTED,EXPECTED
2025-11-23 08:00:00,,,,,0,240,240,SESSION_CLOSED_EXPECTED,EXPECTED
2025-11-23 12:00:00,,,,,0,240,240,SESSION_CLOSED_EXPECTED,EXPECTED
2025-11-23 16:00:00,,,,,0,240,240,SESSION_CLOSED_EXPECTED,EXPECTED
2025-11-23 20:00:00,1.3092,1.30996,1.30887,1.30957,115,240,125,EXPECTED_INCOMPLETE,EXPECTED
2025-11-24 00:00:00,1.30957,1.31017,1.30852,1.30972,240,240,0,COMPLETE,
2025-11-24 04:00:00,1.30972,1.31114,1.30883,1.30895,240,240,0,COMPLETE,
2025-11-24 08:00:00,1.30899,1.31098,1.3087,1.30908,240,240,0,COMPLETE,
2025-11-24 12:00:00,1.30908,1.31178,1.308,1.30977,240,240,0,COMPLETE,
2025-11-24 16:00:00,1.30973,1.31162,1.30851,1.31081,240,240,0,COMPLETE,
2025-11-24 20:00:00,1.31082,1.31115,1.31003,1.31053,238,240,2,UNEXPECTED_INCOMPLETE,UNEXPECTED
2025-11-25 00:00:00,1.31053,1.31154,1.30986,1.30997,240,240,0,COMPLETE,
2025-11-25 04:00:00,1.30998,1.31282,1.3095,1.31215,240,240,0,COMPLETE,
2025-11-25 08:00:00,1.31216,1.31402,1.31083,1.31119,240,240,0,COMPLETE,
2025-11-25 12:00:00,1.31119,1.31953,1.31085,1.31763,240,240,0,COMPLETE,
2025-11-25 16:00:00,1.31762,1.32137,1.31705,1.32114,240,240,0,COMPLETE,
2025-11-25 20:00:00,1.32115,1.32137,1.3153,1.31577,237,240,3,UNEXPECTED_INCOMPLETE,UNEXPECTED
2025-11-26 00:00:00,1.31578,1.31966,1.31578,1.31958,240,240,0,COMPLETE,
2025-11-26 04:00:00,1.31958,1.31978,1.31651,1.31788,240,240,0,COMPLETE,
2025-11-26 08:00:00,1.3179,1.32016,1.31498,1.31725,240,240,0,COMPLETE,
2025-11-26 12:00:00,1.3172,1.32346,1.31241,1.32252,240,240,0,COMPLETE,
2025-11-26 16:00:00,1.32255,1.3238,1.32187,1.32339,240,240,0,COMPLETE,
2025-11-26 20:00:00,1.32335,1.3247,1.3232,1.32442,238,240,2,UNEXPECTED_INCOMPLETE,UNEXPECTED
2025-11-27 00:00:00,1.32442,1.32622,1.32429,1.32551,240,240,0,COMPLETE,
2025-11-27 04:00:00,1.32551,1.32684,1.32291,1.32385,240,240,0,COMPLETE,
2025-11-27 08:00:00,1.32385,1.32418,1.32094,1.32291,240,240,0,COMPLETE,
2025-11-27 12:00:00,1.32291,1.3252,1.32252,1.32507,240,240,0,COMPLETE,
2025-11-27 16:00:00,1.32503,1.32546,1.323,1.32368,240,240,0,COMPLETE,
2025-11-27 20:00:00,1.32368,1.32407,1.32295,1.32395,235,240,5,UNEXPECTED_INCOMPLETE,UNEXPECTED
2025-11-28 00:00:00,1.32395,1.32445,1.32277,1.32379,240,240,0,COMPLETE,
2025-11-28 04:00:00,1.32377,1.32438,1.32101,1.32135,240,240,0,COMPLETE,
2025-11-28 08:00:00,1.32131,1.32274,1.32003,1.32021,240,240,0,COMPLETE,
2025-11-28 12:00:00,1.32017,1.32536,1.31998,1.32493,240,240,0,COMPLETE,
2025-11-28 16:00:00,1.3249,1.32504,1.32255,1.32432,240,240,0,COMPLETE,
2025-11-28 20:00:00,1.32435,1.3244,1.32277,1.32292,119,240,121,EXPECTED_INCOMPLETE,EXPECTED
2025-11-29 00:00:00,,,,,0,240,240,SESSION_CLOSED_EXPECTED,EXPECTED
2025-11-29 04:00:00,,,,,0,240,240,SESSION_CLOSED_EXPECTED,EXPECTED
2025-11-29 08:00:00,,,,,0,240,240,SESSION_CLOSED_EXPECTED,EXPECTED
2025-11-29 12:00:00,,,,,0,240,240,SESSION_CLOSED_EXPECTED,EXPECTED
2025-11-29 16:00:00,,,,,0,240,240,SESSION_CLOSED_EXPECTED,EXPECTED
2025-11-29 20:00:00,,,,,0,240,240,SESSION_CLOSED_EXPECTED,EXPECTED
2025-11-30 00:00:00,,,,,0,240,240,SESSION_CLOSED_EXPECTED,EXPECTED
2025-11-30 04:00:00,,,,,0,240,240,SESSION_CLOSED_EXPECTED,EXPECTED
2025-11-30 08:00:00,,,,,0,240,240,SESSION_CLOSED_EXPECTED,EXPECTED
2025-11-30 12:00:00,,,,,0,240,240,SESSION_CLOSED_EXPECTED,EXPECTED
2025-11-30 16:00:00,,,,,0,240,240,SESSION_CLOSED_EXPECTED,EXPECTED
2025-11-30 20:00:00,1.32261,1.32478,1.32145,1.32388,115,240,125,EXPECTED_INCOMPLETE,EXPECTED
2025-12-01 00:00:00,1.32388,1.32467,1.32216,1.32304,240,240,0,COMPLETE,
2025-12-01 04:00:00,1.32306,1.32363,1.32102,1.32195,240,240,0,COMPLETE,
2025-12-01 08:00:00,1.32199,1.32365,1.3205,1.32332,240,240,0,COMPLETE,
2025-12-01 12:00:00,1.32331,1.32754,1.32297,1.32514,240,240,0,COMPLETE,
2025-12-01 16:00:00,1.32514,1.32523,1.32077,1.32124,240,240,0,COMPLETE,
2025-12-01 20:00:00,1.32121,1.32145,1.32083,1.32085,239,240,1,UNEXPECTED_INCOMPLETE,UNEXPECTED
2025-12-02 00:00:00,1.32085,1.32176,1.32027,1.32167,240,240,0,COMPLETE,
2025-12-02 04:00:00,1.32167,1.32213,1.32073,1.32149,240,240,0,COMPLETE,
2025-12-02 08:00:00,1.32151,1.32207,1.31804,1.3198,240,240,0,COMPLETE,
2025-12-02 12:00:00,1.31976,1.32132,1.31851,1.32005,240,240,0,COMPLETE,
2025-12-02 16:00:00,1.32003,1.32129,1.31789,1.32093,240,240,0,COMPLETE,
2025-12-02 20:00:00,1.32092,1.32207,1.31994,1.32196,238,240,2,UNEXPECTED_INCOMPLETE,UNEXPECTED
2025-12-03 00:00:00,1.32196,1.32317,1.32168,1.32286,240,240,0,COMPLETE,
2025-12-03 04:00:00,1.32286,1.32521,1.32263,1.32424,240,240,0,COMPLETE,
2025-12-03 08:00:00,1.32423,1.32962,1.32369,1.32958,240,240,0,COMPLETE,
2025-12-03 12:00:00,1.32959,1.3331,1.32919,1.33304,240,240,0,COMPLETE,
2025-12-03 16:00:00,1.33305,1.33529,1.3328,1.33505,240,240,0,COMPLETE,
2025-12-03 20:00:00,1.33502,1.33536,1.33443,1.33472,239,240,1,UNEXPECTED_INCOMPLETE,UNEXPECTED
2025-12-04 00:00:00,1.33469,1.33469,1.33272,1.33319,240,240,0,COMPLETE,
2025-12-04 04:00:00,1.33318,1.33413,1.33308,1.33365,240,240,0,COMPLETE,
2025-12-04 08:00:00,1.33366,1.33634,1.3333,1.33602,240,240,0,COMPLETE,
2025-12-04 12:00:00,1.33598,1.33852,1.33216,1.33725,240,240,0,COMPLETE,
2025-12-04 16:00:00,1.33723,1.33728,1.33354,1.33398,240,240,0,COMPLETE,
2025-12-04 20:00:00,1.33395,1.33395,1.33196,1.33219,237,240,3,UNEXPECTED_INCOMPLETE,UNEXPECTED
2025-12-05 00:00:00,1.33219,1.33339,1.33216,1.33265,240,240,0,COMPLETE,
2025-12-05 04:00:00,1.33265,1.33622,1.33264,1.33526,240,240,0,COMPLETE,
2025-12-05 08:00:00,1.33524,1.33598,1.33275,1.33397,240,240,0,COMPLETE,
2025-12-05 12:00:00,1.334,1.33617,1.33381,1.33423,240,240,0,COMPLETE,
2025-12-05 16:00:00,1.33426,1.33431,1.33159,1.33335,240,240,0,COMPLETE,
2025-12-05 20:00:00,1.33333,1.33367,1.33255,1.33333,119,240,121,EXPECTED_INCOMPLETE,EXPECTED
2025-12-06 00:00:00,,,,,0,240,240,SESSION_CLOSED_EXPECTED,EXPECTED
2025-12-06 04:00:00,,,,,0,240,240,SESSION_CLOSED_EXPECTED,EXPECTED
2025-12-06 08:00:00,,,,,0,240,240,SESSION_CLOSED_EXPECTED,EXPECTED
2025-12-06 12:00:00,,,,,0,240,240,SESSION_CLOSED_EXPECTED,EXPECTED
2025-12-06 16:00:00,,,,,0,240,240,SESSION_CLOSED_EXPECTED,EXPECTED
2025-12-06 20:00:00,,,,,0,240,240,SESSION_CLOSED_EXPECTED,EXPECTED
2025-12-07 00:00:00,,,,,0,240,240,SESSION_CLOSED_EXPECTED,EXPECTED
2025-12-07 04:00:00,,,,,0,240,240,SESSION_CLOSED_EXPECTED,EXPECTED
2025-12-07 08:00:00,,,,,0,240,240,SESSION_CLOSED_EXPECTED,EXPECTED
2025-12-07 12:00:00,,,,,0,240,240,SESSION_CLOSED_EXPECTED,EXPECTED
2025-12-07 16:00:00,,,,,0,240,240,SESSION_CLOSED_EXPECTED,EXPECTED
2025-12-07 20:00:00,1.33213,1.33316,1.3319,1.33256,115,240,125,EXPECTED_INCOMPLETE,EXPECTED
2025-12-08 00:00:00,1.33257,1.3342,1.33221,1.33367,240,240,0,COMPLETE,
2025-12-08 04:00:00,1.33367,1.33462,1.33214,1.33243,240,240,0,COMPLETE,
2025-12-08 08:00:00,1.33244,1.33332,1.33131,1.33172,240,240,0,COMPLETE,
2025-12-08 12:00:00,1.3317,1.33381,1.33051,1.33111,240,240,0,COMPLETE,
2025-12-08 16:00:00,1.33112,1.33304,1.3308,1.33263,240,240,0,COMPLETE,
2025-12-08 20:00:00,1.33265,1.33291,1.33166,1.33267,235,240,5,UNEXPECTED_INCOMPLETE,UNEXPECTED
2025-12-09 00:00:00,1.33266,1.33345,1.33179,1.33279,240,240,0,COMPLETE,
2025-12-09 04:00:00,1.33279,1.33364,1.33228,1.33276,240,240,0,COMPLETE,
2025-12-09 08:00:00,1.33279,1.33558,1.33238,1.33285,240,240,0,COMPLETE,
2025-12-09 12:00:00,1.33284,1.33305,1.32865,1.32966,240,240,0,COMPLETE,
2025-12-09 16:00:00,1.32965,1.3319,1.32908,1.33012,240,240,0,COMPLETE,
2025-12-09 20:00:00,1.33009,1.33066,1.3296,1.33024,235,240,5,UNEXPECTED_INCOMPLETE,UNEXPECTED
2025-12-10 00:00:00,1.33024,1.33049,1.32954,1.33021,240,240,0,COMPLETE,
2025-12-10 04:00:00,1.33021,1.33254,1.3302,1.33235,240,240,0,COMPLETE,
2025-12-10 08:00:00,1.33235,1.33269,1.3301,1.33097,240,240,0,COMPLETE,
2025-12-10 12:00:00,1.33099,1.33363,1.33042,1.33201,240,240,0,COMPLETE,
2025-12-10 16:00:00,1.33199,1.33694,1.3315,1.33643,240,240,0,COMPLETE,
2025-12-10 20:00:00,1.33641,1.3391,1.33591,1.33879,239,240,1,UNEXPECTED_INCOMPLETE,UNEXPECTED
2025-12-11 00:00:00,1.33879,1.33915,1.33656,1.33667,240,240,0,COMPLETE,
2025-12-11 04:00:00,1.33668,1.33786,1.3359,1.33695,240,240,0,COMPLETE,
2025-12-11 08:00:00,1.33693,1.33869,1.3354,1.3385,240,240,0,COMPLETE,
2025-12-11 12:00:00,1.3385,1.34349,1.33784,1.34336,240,240,0,COMPLETE,
2025-12-11 16:00:00,1.34339,1.34377,1.33893,1.33904,240,240,0,COMPLETE,
2025-12-11 20:00:00,1.33903,1.33957,1.3381,1.3393,239,240,1,UNEXPECTED_INCOMPLETE,UNEXPECTED
2025-12-12 00:00:00,1.3393,1.33995,1.33889,1.33906,240,240,0,COMPLETE,
2025-12-12 04:00:00,1.33906,1.33987,1.33743,1.3384,240,240,0,COMPLETE,
2025-12-12 08:00:00,1.33839,1.33885,1.33671,1.33747,240,240,0,COMPLETE,
2025-12-12 12:00:00,1.33746,1.33831,1.33518,1.33543,240,240,0,COMPLETE,
2025-12-12 16:00:00,1.33546,1.33765,1.33417,1.33652,240,240,0,COMPLETE,
2025-12-12 20:00:00,1.33652,1.33743,1.33633,1.33718,119,240,121,EXPECTED_INCOMPLETE,EXPECTED
2025-12-13 00:00:00,,,,,0,240,240,SESSION_CLOSED_EXPECTED,EXPECTED
2025-12-13 04:00:00,,,,,0,240,240,SESSION_CLOSED_EXPECTED,EXPECTED
2025-12-13 08:00:00,,,,,0,240,240,SESSION_CLOSED_EXPECTED,EXPECTED
2025-12-13 12:00:00,,,,,0,240,240,SESSION_CLOSED_EXPECTED,EXPECTED
2025-12-13 16:00:00,,,,,0,240,240,SESSION_CLOSED_EXPECTED,EXPECTED
2025-12-13 20:00:00,,,,,0,240,240,SESSION_CLOSED_EXPECTED,EXPECTED
2025-12-14 00:00:00,,,,,0,240,240,SESSION_CLOSED_EXPECTED,EXPECTED
2025-12-14 04:00:00,,,,,0,240,240,SESSION_CLOSED_EXPECTED,EXPECTED
2025-12-14 08:00:00,,,,,0,240,240,SESSION_CLOSED_EXPECTED,EXPECTED
2025-12-14 12:00:00,,,,,0,240,240,SESSION_CLOSED_EXPECTED,EXPECTED
2025-12-14 16:00:00,,,,,0,240,240,SESSION_CLOSED_EXPECTED,EXPECTED
2025-12-14 20:00:00,1.33515,1.33717,1.33515,1.33668,115,240,125,EXPECTED_INCOMPLETE,EXPECTED
2025-12-15 00:00:00,1.33671,1.3374,1.33548,1.33564,240,240,0,COMPLETE,
2025-12-15 04:00:00,1.33564,1.33697,1.33543,1.33631,240,240,0,COMPLETE,
2025-12-15 08:00:00,1.33631,1.33896,1.33608,1.33826,240,240,0,COMPLETE,
2025-12-15 12:00:00,1.33826,1.34014,1.33804,1.33942,240,240,0,COMPLETE,
2025-12-15 16:00:00,1.33942,1.33952,1.33591,1.33723,240,240,0,COMPLETE,
2025-12-15 20:00:00,1.3372,1.33806,1.33658,1.33786,237,240,3,UNEXPECTED_INCOMPLETE,UNEXPECTED
2025-12-16 00:00:00,1.33786,1.3383,1.33612,1.33652,240,240,0,COMPLETE,
2025-12-16 04:00:00,1.33652,1.33783,1.33546,1.3375,240,240,0,COMPLETE,
2025-12-16 08:00:00,1.33752,1.34307,1.33745,1.34307,240,240,0,COMPLETE,
2025-12-16 12:00:00,1.34308,1.34555,1.34035,1.34153,240,240,0,COMPLETE,
2025-12-16 16:00:00,1.34151,1.344,1.33996,1.34253,240,240,0,COMPLETE,
2025-12-16 20:00:00,1.34252,1.34354,1.34166,1.34249,235,240,5,UNEXPECTED_INCOMPLETE,UNEXPECTED
2025-12-17 00:00:00,1.34249,1.34265,1.34061,1.34092,240,240,0,COMPLETE,
2025-12-17 04:00:00,1.34092,1.34093,1.3315,1.33219,240,240,0,COMPLETE,
2025-12-17 08:00:00,1.33218,1.33371,1.33112,1.33271,240,240,0,COMPLETE,
2025-12-17 12:00:00,1.33269,1.33999,1.33256,1.33986,240,240,0,COMPLETE,
2025-12-17 16:00:00,1.33985,1.34062,1.33722,1.33764,240,240,0,COMPLETE,
2025-12-17 20:00:00,1.33763,1.33836,1.33703,1.33733,235,240,5,UNEXPECTED_INCOMPLETE,UNEXPECTED
2025-12-18 00:00:00,1.33733,1.33786,1.33611,1.33643,240,240,0,COMPLETE,
2025-12-18 04:00:00,1.33642,1.3375,1.33618,1.33658,240,240,0,COMPLETE,
2025-12-18 08:00:00,1.33657,1.3373,1.33405,1.33536,240,240,0,COMPLETE,
2025-12-18 12:00:00,1.33526,1.3446,1.33481,1.33942,240,240,0,COMPLETE,
2025-12-18 16:00:00,1.33945,1.3405,1.33697,1.33856,240,240,0,COMPLETE,
2025-12-18 20:00:00,1.33854,1.33893,1.33761,1.33831,235,240,5,UNEXPECTED_INCOMPLETE,UNEXPECTED
2025-12-19 00:00:00,1.33831,1.33865,1.33727,1.33774,240,240,0,COMPLETE,
2025-12-19 04:00:00,1.33774,1.33854,1.33625,1.33647,240,240,0,COMPLETE,
2025-12-19 08:00:00,1.3365,1.33876,1.33646,1.33723,240,240,0,COMPLETE,
2025-12-19 12:00:00,1.33723,1.33865,1.33566,1.33613,240,240,0,COMPLETE,
2025-12-19 16:00:00,1.3361,1.33915,1.33593,1.33901,240,240,0,COMPLETE,
2025-12-19 20:00:00,1.33898,1.33937,1.33724,1.33748,119,240,121,EXPECTED_INCOMPLETE,EXPECTED
2025-12-20 00:00:00,,,,,0,240,240,SESSION_CLOSED_EXPECTED,EXPECTED
2025-12-20 04:00:00,,,,,0,240,240,SESSION_CLOSED_EXPECTED,EXPECTED
2025-12-20 08:00:00,,,,,0,240,240,SESSION_CLOSED_EXPECTED,EXPECTED
2025-12-20 12:00:00,,,,,0,240,240,SESSION_CLOSED_EXPECTED,EXPECTED
2025-12-20 16:00:00,,,,,0,240,240,SESSION_CLOSED_EXPECTED,EXPECTED
2025-12-20 20:00:00,,,,,0,240,240,SESSION_CLOSED_EXPECTED,EXPECTED
2025-12-21 00:00:00,,,,,0,240,240,SESSION_CLOSED_EXPECTED,EXPECTED
2025-12-21 04:00:00,,,,,0,240,240,SESSION_CLOSED_EXPECTED,EXPECTED
2025-12-21 08:00:00,,,,,0,240,240,SESSION_CLOSED_EXPECTED,EXPECTED
2025-12-21 12:00:00,,,,,0,240,240,SESSION_CLOSED_EXPECTED,EXPECTED
2025-12-21 16:00:00,,,,,0,240,240,SESSION_CLOSED_EXPECTED,EXPECTED
2025-12-21 20:00:00,1.33689,1.33833,1.33579,1.33785,112,240,128,EXPECTED_INCOMPLETE,EXPECTED
2025-12-22 00:00:00,1.33789,1.33993,1.33782,1.33927,240,240,0,COMPLETE,
2025-12-22 04:00:00,1.33927,1.34187,1.3391,1.34133,240,240,0,COMPLETE,
2025-12-22 08:00:00,1.3413,1.34418,1.34088,1.34385,240,240,0,COMPLETE,
2025-12-22 12:00:00,1.34385,1.34587,1.34256,1.34533,240,240,0,COMPLETE,
2025-12-22 16:00:00,1.34531,1.34772,1.3446,1.34581,240,240,0,COMPLETE,
2025-12-22 20:00:00,1.34583,1.34693,1.34541,1.34672,234,240,6,UNEXPECTED_INCOMPLETE,UNEXPECTED
2025-12-23 00:00:00,1.34673,1.34894,1.34673,1.34884,240,240,0,COMPLETE,
2025-12-23 04:00:00,1.34884,1.35024,1.34792,1.3501,240,240,0,COMPLETE,
2025-12-23 08:00:00,1.35009,1.35184,1.34958,1.35031,240,240,0,COMPLETE,
2025-12-23 12:00:00,1.3503,1.35125,1.34718,1.3483,240,240,0,COMPLETE,
2025-12-23 16:00:00,1.34829,1.34971,1.34704,1.34962,240,240,0,COMPLETE,
2025-12-23 20:00:00,1.34961,1.35238,1.34937,1.35126,234,240,6,UNEXPECTED_INCOMPLETE,UNEXPECTED
2025-12-24 00:00:00,1.35126,1.35336,1.35066,1.35159,240,240,0,COMPLETE,
2025-12-24 04:00:00,1.35162,1.35239,1.35089,1.35102,240,240,0,COMPLETE,
2025-12-24 08:00:00,1.351,1.35278,1.35022,1.35139,240,240,0,COMPLETE,
2025-12-24 12:00:00,1.3514,1.35142,1.34915,1.35067,240,240,0,COMPLETE,
2025-12-24 16:00:00,1.35067,1.35105,1.34922,1.34986,240,240,0,COMPLETE,
2025-12-24 20:00:00,1.34987,1.35028,1.34948,1.35021,119,240,121,EXPECTED_INCOMPLETE,EXPECTED
2025-12-25 00:00:00,,,,,0,240,240,SESSION_CLOSED_EXPECTED,EXPECTED
2025-12-25 04:00:00,,,,,0,240,240,SESSION_CLOSED_EXPECTED,EXPECTED
2025-12-25 08:00:00,,,,,0,240,240,SESSION_CLOSED_EXPECTED,EXPECTED
2025-12-25 12:00:00,,,,,0,240,240,SESSION_CLOSED_EXPECTED,EXPECTED
2025-12-25 16:00:00,,,,,0,240,240,SESSION_CLOSED_EXPECTED,EXPECTED
2025-12-25 20:00:00,1.34942,1.35146,1.34942,1.35075,115,240,125,EXPECTED_INCOMPLETE,EXPECTED
2025-12-26 00:00:00,1.35075,1.35223,1.35045,1.35054,240,240,0,COMPLETE,
2025-12-26 04:00:00,1.35054,1.3508,1.3479,1.34822,240,240,0,COMPLETE,
2025-12-26 08:00:00,1.34825,1.34979,1.34766,1.34943,240,240,0,COMPLETE,
2025-12-26 12:00:00,1.34941,1.35269,1.34879,1.35066,240,240,0,COMPLETE,
2025-12-26 16:00:00,1.35064,1.35074,1.34812,1.34997,240,240,0,COMPLETE,
2025-12-26 20:00:00,1.34999,1.3506,1.3492,1.34992,119,240,121,EXPECTED_INCOMPLETE,EXPECTED
2025-12-27 00:00:00,,,,,0,240,240,SESSION_CLOSED_EXPECTED,EXPECTED
2025-12-27 04:00:00,,,,,0,240,240,SESSION_CLOSED_EXPECTED,EXPECTED
2025-12-27 08:00:00,,,,,0,240,240,SESSION_CLOSED_EXPECTED,EXPECTED
2025-12-27 12:00:00,,,,,0,240,240,SESSION_CLOSED_EXPECTED,EXPECTED
2025-12-27 16:00:00,,,,,0,240,240,SESSION_CLOSED_EXPECTED,EXPECTED
2025-12-27 20:00:00,,,,,0,240,240,SESSION_CLOSED_EXPECTED,EXPECTED
2025-12-28 00:00:00,,,,,0,240,240,SESSION_CLOSED_EXPECTED,EXPECTED
2025-12-28 04:00:00,,,,,0,240,240,SESSION_CLOSED_EXPECTED,EXPECTED
2025-12-28 08:00:00,,,,,0,240,240,SESSION_CLOSED_EXPECTED,EXPECTED
2025-12-28 12:00:00,,,,,0,240,240,SESSION_CLOSED_EXPECTED,EXPECTED
2025-12-28 16:00:00,,,,,0,240,240,SESSION_CLOSED_EXPECTED,EXPECTED
2025-12-28 20:00:00,1.34904,1.35008,1.34775,1.34964,115,240,125,EXPECTED_INCOMPLETE,EXPECTED
2025-12-29 00:00:00,1.34965,1.35115,1.34963,1.35064,240,240,0,COMPLETE,
2025-12-29 04:00:00,1.35063,1.35067,1.34812,1.34849,240,240,0,COMPLETE,
2025-12-29 08:00:00,1.34846,1.35112,1.34731,1.34889,240,240,0,COMPLETE,
2025-12-29 12:00:00,1.34889,1.35125,1.34687,1.35,240,240,0,COMPLETE,
2025-12-29 16:00:00,1.34997,1.35078,1.3481,1.35063,240,240,0,COMPLETE,
2025-12-29 20:00:00,1.35061,1.35155,1.34977,1.35084,238,240,2,UNEXPECTED_INCOMPLETE,UNEXPECTED
2025-12-30 00:00:00,1.35084,1.35113,1.34973,1.35048,240,240,0,COMPLETE,
2025-12-30 04:00:00,1.35048,1.35213,1.35003,1.35051,240,240,0,COMPLETE,
2025-12-30 08:00:00,1.35051,1.35304,1.35027,1.35042,240,240,0,COMPLETE,
2025-12-30 12:00:00,1.35044,1.35083,1.34494,1.34731,240,240,0,COMPLETE,
2025-12-30 16:00:00,1.3473,1.34831,1.34618,1.34651,240,240,0,COMPLETE,
2025-12-30 20:00:00,1.34654,1.34688,1.34606,1.3466,235,240,5,UNEXPECTED_INCOMPLETE,UNEXPECTED
2025-12-31 00:00:00,1.34662,1.34671,1.34579,1.34634,240,240,0,COMPLETE,
2025-12-31 04:00:00,1.34635,1.34641,1.34508,1.34558,240,240,0,COMPLETE,
2025-12-31 08:00:00,1.34561,1.3465,1.34255,1.34547,240,240,0,COMPLETE,
2025-12-31 12:00:00,1.34549,1.34761,1.34012,1.34499,240,240,0,COMPLETE,
2025-12-31 16:00:00,1.34502,1.34602,1.34373,1.3459,240,240,0,COMPLETE,
2025-12-31 20:00:00,1.3459,1.34828,1.34586,1.34734,119,240,121,EXPECTED_INCOMPLETE,EXPECTED
2026-01-01 00:00:00,,,,,0,240,240,SESSION_CLOSED_EXPECTED,EXPECTED
2026-01-01 04:00:00,,,,,0,240,240,SESSION_CLOSED_EXPECTED,EXPECTED
2026-01-01 08:00:00,,,,,0,240,240,SESSION_CLOSED_EXPECTED,EXPECTED
2026-01-01 12:00:00,,,,,0,240,240,SESSION_CLOSED_EXPECTED,EXPECTED
2026-01-01 16:00:00,,,,,0,240,240,SESSION_CLOSED_EXPECTED,EXPECTED
2026-01-01 20:00:00,1.34562,1.3476,1.34542,1.34737,115,240,125,EXPECTED_INCOMPLETE,EXPECTED
2026-01-02 00:00:00,1.34737,1.34907,1.34711,1.34863,240,240,0,COMPLETE,
2026-01-02 04:00:00,1.34863,1.34874,1.34572,1.34637,240,240,0,COMPLETE,
2026-01-02 08:00:00,1.34634,1.34684,1.34339,1.34402,240,240,0,COMPLETE,
2026-01-02 12:00:00,1.34399,1.35016,1.34356,1.34963,240,240,0,COMPLETE,
2026-01-02 16:00:00,1.34963,1.34982,1.34459,1.34545,240,240,0,COMPLETE,
2026-01-02 20:00:00,1.34546,1.34664,1.34491,1.34593,119,240,121,EXPECTED_INCOMPLETE,EXPECTED
2026-01-03 00:00:00,,,,,0,240,240,SESSION_CLOSED_EXPECTED,EXPECTED
2026-01-03 04:00:00,,,,,0,240,240,SESSION_CLOSED_EXPECTED,EXPECTED
2026-01-03 08:00:00,,,,,0,240,240,SESSION_CLOSED_EXPECTED,EXPECTED
2026-01-03 12:00:00,,,,,0,240,240,SESSION_CLOSED_EXPECTED,EXPECTED
2026-01-03 16:00:00,,,,,0,240,240,SESSION_CLOSED_EXPECTED,EXPECTED
2026-01-03 20:00:00,,,,,0,240,240,SESSION_CLOSED_EXPECTED,EXPECTED
2026-01-04 00:00:00,,,,,0,240,240,SESSION_CLOSED_EXPECTED,EXPECTED
2026-01-04 04:00:00,,,,,0,240,240,SESSION_CLOSED_EXPECTED,EXPECTED
2026-01-04 08:00:00,,,,,0,240,240,SESSION_CLOSED_EXPECTED,EXPECTED
2026-01-04 12:00:00,,,,,0,240,240,SESSION_CLOSED_EXPECTED,EXPECTED
2026-01-04 16:00:00,,,,,0,240,240,SESSION_CLOSED_EXPECTED,EXPECTED
2026-01-04 20:00:00,1.34485,1.34564,1.34354,1.34378,115,240,125,EXPECTED_INCOMPLETE,EXPECTED
2026-01-05 00:00:00,1.34375,1.34485,1.34133,1.34154,240,240,0,COMPLETE,
2026-01-05 04:00:00,1.34151,1.34368,1.34137,1.34223,240,240,0,COMPLETE,
2026-01-05 08:00:00,1.34226,1.34708,1.34169,1.34588,240,240,0,COMPLETE,
2026-01-05 12:00:00,1.3459,1.35039,1.34246,1.3502,240,240,0,COMPLETE,
2026-01-05 16:00:00,1.35022,1.35454,1.35022,1.35426,240,240,0,COMPLETE,
2026-01-05 20:00:00,1.35424,1.35478,1.35312,1.35322,236,240,4,UNEXPECTED_INCOMPLETE,UNEXPECTED
2026-01-06 00:00:00,1.35321,1.35619,1.35273,1.35586,240,240,0,COMPLETE,
2026-01-06 04:00:00,1.35585,1.35673,1.35455,1.35505,240,240,0,COMPLETE,
2026-01-06 08:00:00,1.355,1.35665,1.35168,1.35204,240,240,0,COMPLETE,
2026-01-06 12:00:00,1.35204,1.35342,1.34936,1.35071,240,240,0,COMPLETE,
2026-01-06 16:00:00,1.35068,1.35118,1.34913,1.35001,240,240,0,COMPLETE,
2026-01-06 20:00:00,1.35,1.35058,1.34905,1.3499,238,240,2,UNEXPECTED_INCOMPLETE,UNEXPECTED
2026-01-07 00:00:00,1.3499,1.35165,1.3497,1.35139,240,240,0,COMPLETE,
2026-01-07 04:00:00,1.35137,1.35168,1.34911,1.34923,240,240,0,COMPLETE,
2026-01-07 08:00:00,1.3492,1.35055,1.34845,1.34998,240,240,0,COMPLETE,
2026-01-07 12:00:00,1.35,1.35025,1.34722,1.34807,240,240,0,COMPLETE,
2026-01-07 16:00:00,1.34806,1.34855,1.34617,1.3464,240,240,0,COMPLETE,
2026-01-07 20:00:00,1.34639,1.34676,1.34536,1.34581,239,240,1,UNEXPECTED_INCOMPLETE,UNEXPECTED
2026-01-08 00:00:00,1.34581,1.34649,1.34501,1.34628,240,240,0,COMPLETE,
2026-01-08 04:00:00,1.34628,1.34632,1.34446,1.34451,240,240,0,COMPLETE,
2026-01-08 08:00:00,1.34454,1.34503,1.34317,1.34438,240,240,0,COMPLETE,
2026-01-08 12:00:00,1.34435,1.34473,1.34154,1.34406,240,240,0,COMPLETE,
2026-01-08 16:00:00,1.34405,1.34442,1.34192,1.34305,240,240,0,COMPLETE,
2026-01-08 20:00:00,1.34305,1.34449,1.34292,1.34358,231,240,9,UNEXPECTED_INCOMPLETE,UNEXPECTED
2026-01-09 00:00:00,1.34357,1.34374,1.34241,1.34363,240,240,0,COMPLETE,
2026-01-09 04:00:00,1.34362,1.34378,1.34142,1.34284,240,240,0,COMPLETE,
2026-01-09 08:00:00,1.34287,1.34339,1.34035,1.34125,240,240,0,COMPLETE,
2026-01-09 12:00:00,1.34125,1.34507,1.33869,1.34174,240,240,0,COMPLETE,
2026-01-09 16:00:00,1.34173,1.34224,1.33974,1.34062,240,240,0,COMPLETE,
2026-01-09 20:00:00,1.34062,1.34096,1.33966,1.34021,119,240,121,EXPECTED_INCOMPLETE,EXPECTED
2026-01-10 00:00:00,,,,,0,240,240,SESSION_CLOSED_EXPECTED,EXPECTED
2026-01-10 04:00:00,,,,,0,240,240,SESSION_CLOSED_EXPECTED,EXPECTED
2026-01-10 08:00:00,,,,,0,240,240,SESSION_CLOSED_EXPECTED,EXPECTED
2026-01-10 12:00:00,,,,,0,240,240,SESSION_CLOSED_EXPECTED,EXPECTED
2026-01-10 16:00:00,,,,,0,240,240,SESSION_CLOSED_EXPECTED,EXPECTED
2026-01-10 20:00:00,,,,,0,240,240,SESSION_CLOSED_EXPECTED,EXPECTED
2026-01-11 00:00:00,,,,,0,240,240,SESSION_CLOSED_EXPECTED,EXPECTED
2026-01-11 04:00:00,,,,,0,240,240,SESSION_CLOSED_EXPECTED,EXPECTED
2026-01-11 08:00:00,,,,,0,240,240,SESSION_CLOSED_EXPECTED,EXPECTED
2026-01-11 12:00:00,,,,,0,240,240,SESSION_CLOSED_EXPECTED,EXPECTED
2026-01-11 16:00:00,,,,,0,240,240,SESSION_CLOSED_EXPECTED,EXPECTED
2026-01-11 20:00:00,1.3391,1.34001,1.33881,1.33935,115,240,125,EXPECTED_INCOMPLETE,EXPECTED
2026-01-12 00:00:00,1.33935,1.34405,1.33903,1.34196,240,240,0,COMPLETE,
2026-01-12 04:00:00,1.34199,1.34465,1.34159,1.34436,240,240,0,COMPLETE,
2026-01-12 08:00:00,1.34433,1.34745,1.3442,1.34594,240,240,0,COMPLETE,
2026-01-12 12:00:00,1.34591,1.34853,1.3457,1.34749,240,240,0,COMPLETE,
2026-01-12 16:00:00,1.34751,1.3477,1.34548,1.34655,240,240,0,COMPLETE,
2026-01-12 20:00:00,1.34656,1.347,1.34602,1.34656,235,240,5,UNEXPECTED_INCOMPLETE,UNEXPECTED
2026-01-13 00:00:00,1.34656,1.34785,1.3462,1.34701,240,240,0,COMPLETE,
2026-01-13 04:00:00,1.347,1.34768,1.34618,1.34665,240,240,0,COMPLETE,
2026-01-13 08:00:00,1.34662,1.34853,1.34626,1.34721,240,240,0,COMPLETE,
2026-01-13 12:00:00,1.3472,1.34942,1.34345,1.34416,240,240,0,COMPLETE,
2026-01-13 16:00:00,1.34413,1.34446,1.34234,1.34345,240,240,0,COMPLETE,
2026-01-13 20:00:00,1.34345,1.34359,1.34162,1.34251,239,240,1,UNEXPECTED_INCOMPLETE,UNEXPECTED
2026-01-14 00:00:00,1.3425,1.34479,1.34191,1.34443,240,240,0,COMPLETE,
2026-01-14 04:00:00,1.34442,1.34494,1.3434,1.34393,240,240,0,COMPLETE,
2026-01-14 08:00:00,1.34391,1.34585,1.34365,1.34489,240,240,0,COMPLETE,
2026-01-14 12:00:00,1.34491,1.34637,1.3438,1.34556,240,240,0,COMPLETE,
2026-01-14 16:00:00,1.34555,1.34583,1.34242,1.34306,240,240,0,COMPLETE,
2026-01-14 20:00:00,1.34307,1.34468,1.34294,1.34396,238,240,2,UNEXPECTED_INCOMPLETE,UNEXPECTED
2026-01-15 00:00:00,1.34396,1.34396,1.34252,1.3427,240,240,0,COMPLETE,
2026-01-15 04:00:00,1.34273,1.34429,1.34226,1.34341,240,240,0,COMPLETE,
2026-01-15 08:00:00,1.34339,1.3445,1.34155,1.34182,240,240,0,COMPLETE,
2026-01-15 12:00:00,1.34179,1.34204,1.33624,1.33856,240,240,0,COMPLETE,
2026-01-15 16:00:00,1.33855,1.33936,1.33794,1.33853,240,240,0,COMPLETE,
2026-01-15 20:00:00,1.33856,1.33858,1.33739,1.33807,237,240,3,UNEXPECTED_INCOMPLETE,UNEXPECTED
2026-01-16 00:00:00,1.33806,1.33904,1.33702,1.33903,240,240,0,COMPLETE,
2026-01-16 04:00:00,1.33901,1.33917,1.33764,1.33902,240,240,0,COMPLETE,
2026-01-16 08:00:00,1.33903,1.34126,1.3389,1.34071,240,240,0,COMPLETE,
2026-01-16 12:00:00,1.34068,1.34097,1.33657,1.33777,240,240,0,COMPLETE,
2026-01-16 16:00:00,1.33779,1.33898,1.33732,1.33816,240,240,0,COMPLETE,
2026-01-16 20:00:00,1.33816,1.33858,1.33742,1.33782,119,240,121,EXPECTED_INCOMPLETE,EXPECTED
2026-01-17 00:00:00,,,,,0,240,240,SESSION_CLOSED_EXPECTED,EXPECTED
2026-01-17 04:00:00,,,,,0,240,240,SESSION_CLOSED_EXPECTED,EXPECTED
2026-01-17 08:00:00,,,,,0,240,240,SESSION_CLOSED_EXPECTED,EXPECTED
2026-01-17 12:00:00,,,,,0,240,240,SESSION_CLOSED_EXPECTED,EXPECTED
2026-01-17 16:00:00,,,,,0,240,240,SESSION_CLOSED_EXPECTED,EXPECTED
2026-01-17 20:00:00,,,,,0,240,240,SESSION_CLOSED_EXPECTED,EXPECTED
2026-01-18 00:00:00,,,,,0,240,240,SESSION_CLOSED_EXPECTED,EXPECTED
2026-01-18 04:00:00,,,,,0,240,240,SESSION_CLOSED_EXPECTED,EXPECTED
2026-01-18 08:00:00,,,,,0,240,240,SESSION_CLOSED_EXPECTED,EXPECTED
2026-01-18 12:00:00,,,,,0,240,240,SESSION_CLOSED_EXPECTED,EXPECTED
2026-01-18 16:00:00,,,,,0,240,240,SESSION_CLOSED_EXPECTED,EXPECTED
2026-01-18 20:00:00,1.33418,1.34062,1.33321,1.34016,115,240,125,EXPECTED_INCOMPLETE,EXPECTED
2026-01-19 00:00:00,1.34015,1.34086,1.3381,1.33878,240,240,0,COMPLETE,
2026-01-19 04:00:00,1.33879,1.34099,1.33839,1.33882,240,240,0,COMPLETE,
2026-01-19 08:00:00,1.33885,1.34152,1.33865,1.3408,240,240,0,COMPLETE,
2026-01-19 12:00:00,1.34082,1.34283,1.34041,1.34213,240,240,0,COMPLETE,
2026-01-19 16:00:00,1.34214,1.34349,1.342,1.34253,240,240,0,COMPLETE,
2026-01-19 20:00:00,1.34253,1.34284,1.34162,1.34187,239,240,1,UNEXPECTED_INCOMPLETE,UNEXPECTED
2026-01-20 00:00:00,1.34191,1.34395,1.34095,1.34345,240,240,0,COMPLETE,
2026-01-20 04:00:00,1.34347,1.34821,1.34254,1.34745,240,240,0,COMPLETE,
2026-01-20 08:00:00,1.34747,1.34911,1.34587,1.34628,240,240,0,COMPLETE,
2026-01-20 12:00:00,1.34629,1.34791,1.3439,1.34565,240,240,0,COMPLETE,
2026-01-20 16:00:00,1.34564,1.34753,1.34264,1.34273,240,240,0,COMPLETE,
2026-01-20 20:00:00,1.34271,1.34434,1.34249,1.34398,236,240,4,UNEXPECTED_INCOMPLETE,UNEXPECTED
2026-01-21 00:00:00,1.34398,1.34563,1.34326,1.34398,240,240,0,COMPLETE,
2026-01-21 04:00:00,1.34398,1.34487,1.34287,1.34426,240,240,0,COMPLETE,
2026-01-21 08:00:00,1.34422,1.34474,1.34008,1.34092,240,240,0,COMPLETE,
2026-01-21 12:00:00,1.34096,1.34589,1.34009,1.3427,240,240,0,COMPLETE,
2026-01-21 16:00:00,1.3427,1.34402,1.34091,1.34246,240,240,0,COMPLETE,
2026-01-21 20:00:00,1.34249,1.34326,1.3412,1.34177,235,240,5,UNEXPECTED_INCOMPLETE,UNEXPECTED
2026-01-22 00:00:00,1.34176,1.34349,1.34164,1.34318,240,240,0,COMPLETE,
2026-01-22 04:00:00,1.34318,1.3439,1.34198,1.34311,240,240,0,COMPLETE,
2026-01-22 08:00:00,1.34309,1.34523,1.34009,1.34201,240,240,0,COMPLETE,
2026-01-22 12:00:00,1.34199,1.34847,1.34081,1.34771,240,240,0,COMPLETE,
2026-01-22 16:00:00,1.34773,1.3502,1.34729,1.34904,240,240,0,COMPLETE,
2026-01-22 20:00:00,1.34901,1.35082,1.34878,1.3499,234,240,6,UNEXPECTED_INCOMPLETE,UNEXPECTED
2026-01-23 00:00:00,1.3499,1.35043,1.3488,1.34899,240,240,0,COMPLETE,
2026-01-23 04:00:00,1.34899,1.3512,1.34826,1.34923,240,240,0,COMPLETE,
2026-01-23 08:00:00,1.34924,1.35363,1.34817,1.35174,240,240,0,COMPLETE,
2026-01-23 12:00:00,1.35177,1.3567,1.35171,1.35639,240,240,0,COMPLETE,
2026-01-23 16:00:00,1.35639,1.3629,1.35604,1.36232,240,240,0,COMPLETE,
2026-01-23 20:00:00,1.36229,1.36454,1.3621,1.3644,119,240,121,EXPECTED_INCOMPLETE,EXPECTED
2026-01-24 00:00:00,,,,,0,240,240,SESSION_CLOSED_EXPECTED,EXPECTED
2026-01-24 04:00:00,,,,,0,240,240,SESSION_CLOSED_EXPECTED,EXPECTED
2026-01-24 08:00:00,,,,,0,240,240,SESSION_CLOSED_EXPECTED,EXPECTED
2026-01-24 12:00:00,,,,,0,240,240,SESSION_CLOSED_EXPECTED,EXPECTED
2026-01-24 16:00:00,,,,,0,240,240,SESSION_CLOSED_EXPECTED,EXPECTED
2026-01-24 20:00:00,,,,,0,240,240,SESSION_CLOSED_EXPECTED,EXPECTED
2026-01-25 00:00:00,,,,,0,240,240,SESSION_CLOSED_EXPECTED,EXPECTED
2026-01-25 04:00:00,,,,,0,240,240,SESSION_CLOSED_EXPECTED,EXPECTED
2026-01-25 08:00:00,,,,,0,240,240,SESSION_CLOSED_EXPECTED,EXPECTED
2026-01-25 12:00:00,,,,,0,240,240,SESSION_CLOSED_EXPECTED,EXPECTED
2026-01-25 16:00:00,,,,,0,240,240,SESSION_CLOSED_EXPECTED,EXPECTED
2026-01-25 20:00:00,1.36589,1.36798,1.36529,1.36636,115,240,125,EXPECTED_INCOMPLETE,EXPECTED
2026-01-26 00:00:00,1.36642,1.36793,1.36429,1.36596,240,240,0,COMPLETE,
2026-01-26 04:00:00,1.366,1.36758,1.36443,1.36464,240,240,0,COMPLETE,
2026-01-26 08:00:00,1.36466,1.36767,1.36424,1.36658,240,240,0,COMPLETE,
2026-01-26 12:00:00,1.36658,1.37126,1.36428,1.37071,240,240,0,COMPLETE,
2026-01-26 16:00:00,1.3707,1.37129,1.3675,1.36821,240,240,0,COMPLETE,
2026-01-26 20:00:00,1.36821,1.36865,1.36702,1.36746,236,240,4,UNEXPECTED_INCOMPLETE,UNEXPECTED
2026-01-27 00:00:00,1.36747,1.37002,1.36696,1.3683,240,240,0,COMPLETE,
2026-01-27 04:00:00,1.36826,1.36899,1.36695,1.36738,240,240,0,COMPLETE,
2026-01-27 08:00:00,1.36742,1.37119,1.36634,1.37102,240,240,0,COMPLETE,
2026-01-27 12:00:00,1.37102,1.37906,1.37075,1.37514,240,240,0,COMPLETE,
2026-01-27 16:00:00,1.37511,1.37908,1.37502,1.37824,240,240,0,COMPLETE,
2026-01-27 20:00:00,1.37823,1.38701,1.37756,1.38265,230,240,10,UNEXPECTED_INCOMPLETE,UNEXPECTED
2026-01-28 00:00:00,1.38264,1.38308,1.37916,1.37993,240,240,0,COMPLETE,
2026-01-28 04:00:00,1.37994,1.38306,1.37885,1.38011,240,240,0,COMPLETE,
2026-01-28 08:00:00,1.38012,1.38111,1.37673,1.37695,240,240,0,COMPLETE,
2026-01-28 12:00:00,1.37695,1.38012,1.37492,1.37892,240,240,0,COMPLETE,
2026-01-28 16:00:00,1.37891,1.37962,1.37523,1.37931,240,240,0,COMPLETE,
2026-01-28 20:00:00,1.37927,1.38296,1.37855,1.38265,239,240,1,UNEXPECTED_INCOMPLETE,UNEXPECTED
2026-01-29 00:00:00,1.38271,1.38346,1.37926,1.3832,240,240,0,COMPLETE,
2026-01-29 04:00:00,1.38324,1.38477,1.38233,1.38311,240,240,0,COMPLETE,
2026-01-29 08:00:00,1.38309,1.38463,1.37801,1.37938,240,240,0,COMPLETE,
2026-01-29 12:00:00,1.37938,1.38337,1.37419,1.37632,240,240,0,COMPLETE,
2026-01-29 16:00:00,1.37629,1.38072,1.37594,1.37926,240,240,0,COMPLETE,
2026-01-29 20:00:00,1.37928,1.38142,1.37878,1.38077,231,240,9,UNEXPECTED_INCOMPLETE,UNEXPECTED
2026-01-30 00:00:00,1.38078,1.38138,1.3731,1.37525,240,240,0,COMPLETE,
2026-01-30 04:00:00,1.37523,1.37827,1.37397,1.37693,240,240,0,COMPLETE,
2026-01-30 08:00:00,1.37696,1.37799,1.37246,1.37785,240,240,0,COMPLETE,
2026-01-30 12:00:00,1.37781,1.37874,1.37096,1.37192,240,240,0,COMPLETE,
2026-01-30 16:00:00,1.37192,1.37296,1.36801,1.36977,240,240,0,COMPLETE,
2026-01-30 20:00:00,1.36975,1.36979,1.3679,1.36845,119,240,121,EXPECTED_INCOMPLETE,EXPECTED
2026-01-31 00:00:00,,,,,0,240,240,SESSION_CLOSED_EXPECTED,EXPECTED
2026-01-31 04:00:00,,,,,0,240,240,SESSION_CLOSED_EXPECTED,EXPECTED
2026-01-31 08:00:00,,,,,0,240,240,SESSION_CLOSED_EXPECTED,EXPECTED
2026-01-31 12:00:00,,,,,0,240,240,SESSION_CLOSED_EXPECTED,EXPECTED
2026-01-31 16:00:00,,,,,0,240,240,SESSION_CLOSED_EXPECTED,EXPECTED
2026-01-31 20:00:00,,,,,0,240,240,SESSION_CLOSED_EXPECTED,EXPECTED
2026-02-01 00:00:00,,,,,0,240,240,SESSION_CLOSED_EXPECTED,EXPECTED
2026-02-01 04:00:00,,,,,0,240,240,SESSION_CLOSED_EXPECTED,EXPECTED
2026-02-01 08:00:00,,,,,0,240,240,SESSION_CLOSED_EXPECTED,EXPECTED
2026-02-01 12:00:00,,,,,0,240,240,SESSION_CLOSED_EXPECTED,EXPECTED
2026-02-01 16:00:00,,,,,0,240,240,SESSION_CLOSED_EXPECTED,EXPECTED
2026-02-01 20:00:00,1.3677,1.36908,1.36613,1.36756,112,240,128,EXPECTED_INCOMPLETE,EXPECTED
2026-02-02 00:00:00,1.3676,1.37054,1.3676,1.36841,240,240,0,COMPLETE,
2026-02-02 04:00:00,1.36842,1.36886,1.36599,1.36791,240,240,0,COMPLETE,
2026-02-02 08:00:00,1.36792,1.37148,1.36776,1.36998,240,240,0,COMPLETE,
2026-02-02 12:00:00,1.36997,1.37065,1.36261,1.36274,240,240,0,COMPLETE,
2026-02-02 16:00:00,1.36274,1.36625,1.36225,1.36586,240,240,0,COMPLETE,
2026-02-02 20:00:00,1.36587,1.36729,1.36532,1.36727,238,240,2,UNEXPECTED_INCOMPLETE,UNEXPECTED
2026-02-03 00:00:00,1.36726,1.36884,1.36704,1.36844,240,240,0,COMPLETE,
2026-02-03 04:00:00,1.36842,1.37064,1.36827,1.36964,240,240,0,COMPLETE,
2026-02-03 08:00:00,1.36962,1.36996,1.36501,1.36501,240,240,0,COMPLETE,
2026-02-03 12:00:00,1.365,1.37041,1.365,1.37029,240,240,0,COMPLETE,
2026-02-03 16:00:00,1.3703,1.37071,1.36729,1.36876,240,240,0,COMPLETE,
2026-02-03 20:00:00,1.36877,1.37019,1.36835,1.36966,235,240,5,UNEXPECTED_INCOMPLETE,UNEXPECTED
2026-02-04 00:00:00,1.36966,1.37123,1.36905,1.37039,240,240,0,COMPLETE,
2026-02-04 04:00:00,1.37039,1.37214,1.37026,1.37153,240,240,0,COMPLETE,
2026-02-04 08:00:00,1.3715,1.3733,1.36943,1.37085,240,240,0,COMPLETE,
2026-02-04 12:00:00,1.37084,1.37287,1.36609,1.36638,240,240,0,COMPLETE,
2026-02-04 16:00:00,1.36638,1.36719,1.36418,1.36625,240,240,0,COMPLETE,
2026-02-04 20:00:00,1.36621,1.36634,1.36424,1.36456,238,240,2,UNEXPECTED_INCOMPLETE,UNEXPECTED
2026-02-05 00:00:00,1.36457,1.36537,1.36187,1.36245,240,240,0,COMPLETE,
2026-02-05 04:00:00,1.36248,1.3629,1.36063,1.36198,240,240,0,COMPLETE,
2026-02-05 08:00:00,1.36196,1.36325,1.35562,1.3612,240,240,0,COMPLETE,
2026-02-05 12:00:00,1.36126,1.36126,1.35209,1.35278,240,240,0,COMPLETE,
2026-02-05 16:00:00,1.35277,1.35572,1.3517,1.35483,240,240,0,COMPLETE,
2026-02-05 20:00:00,1.35484,1.35515,1.35202,1.35208,239,240,1,UNEXPECTED_INCOMPLETE,UNEXPECTED
2026-02-06 00:00:00,1.35209,1.35497,1.3508,1.3546,240,240,0,COMPLETE,
2026-02-06 04:00:00,1.35463,1.35786,1.35447,1.3566,240,240,0,COMPLETE,
2026-02-06 08:00:00,1.35662,1.35917,1.35576,1.35839,240,240,0,COMPLETE,
2026-02-06 12:00:00,1.35839,1.36152,1.35811,1.3614,240,240,0,COMPLETE,
2026-02-06 16:00:00,1.36139,1.36229,1.36011,1.36156,240,240,0,COMPLETE,
2026-02-06 20:00:00,1.36154,1.36217,1.36074,1.36115,119,240,121,EXPECTED_INCOMPLETE,EXPECTED
2026-02-07 00:00:00,,,,,0,240,240,SESSION_CLOSED_EXPECTED,EXPECTED
2026-02-07 04:00:00,,,,,0,240,240,SESSION_CLOSED_EXPECTED,EXPECTED
2026-02-07 08:00:00,,,,,0,240,240,SESSION_CLOSED_EXPECTED,EXPECTED
2026-02-07 12:00:00,,,,,0,240,240,SESSION_CLOSED_EXPECTED,EXPECTED
2026-02-07 16:00:00,,,,,0,240,240,SESSION_CLOSED_EXPECTED,EXPECTED
2026-02-07 20:00:00,,,,,0,240,240,SESSION_CLOSED_EXPECTED,EXPECTED
2026-02-08 00:00:00,,,,,0,240,240,SESSION_CLOSED_EXPECTED,EXPECTED
2026-02-08 04:00:00,,,,,0,240,240,SESSION_CLOSED_EXPECTED,EXPECTED
2026-02-08 08:00:00,,,,,0,240,240,SESSION_CLOSED_EXPECTED,EXPECTED
2026-02-08 12:00:00,,,,,0,240,240,SESSION_CLOSED_EXPECTED,EXPECTED
2026-02-08 16:00:00,,,,,0,240,240,SESSION_CLOSED_EXPECTED,EXPECTED
2026-02-08 20:00:00,1.35904,1.36112,1.35876,1.36095,115,240,125,EXPECTED_INCOMPLETE,EXPECTED
2026-02-09 00:00:00,1.36097,1.36201,1.35902,1.35984,240,240,0,COMPLETE,
2026-02-09 04:00:00,1.35984,1.36285,1.35876,1.36036,240,240,0,COMPLETE,
2026-02-09 08:00:00,1.36036,1.36449,1.35861,1.36369,240,240,0,COMPLETE,
2026-02-09 12:00:00,1.36372,1.36871,1.36212,1.36772,240,240,0,COMPLETE,
2026-02-09 16:00:00,1.36772,1.36998,1.3662,1.36967,240,240,0,COMPLETE,
2026-02-09 20:00:00,1.36965,1.36997,1.36813,1.36821,234,240,6,UNEXPECTED_INCOMPLETE,UNEXPECTED
2026-02-10 00:00:00,1.36822,1.36958,1.36717,1.36852,240,240,0,COMPLETE,
2026-02-10 04:00:00,1.36851,1.36864,1.36665,1.36721,240,240,0,COMPLETE,
2026-02-10 08:00:00,1.36722,1.36842,1.36573,1.3663,240,240,0,COMPLETE,
2026-02-10 12:00:00,1.36633,1.36965,1.36525,1.36734,240,240,0,COMPLETE,
2026-02-10 16:00:00,1.36736,1.3674,1.36395,1.36564,240,240,0,COMPLETE,
2026-02-10 20:00:00,1.36563,1.36571,1.36311,1.36324,239,240,1,UNEXPECTED_INCOMPLETE,UNEXPECTED
2026-02-11 00:00:00,1.36324,1.36677,1.3631,1.36647,240,240,0,COMPLETE,
2026-02-11 04:00:00,1.36646,1.36776,1.36575,1.36738,240,240,0,COMPLETE,
2026-02-11 08:00:00,1.36739,1.37121,1.36684,1.36908,240,240,0,COMPLETE,
2026-02-11 12:00:00,1.3691,1.36918,1.36091,1.36331,240,240,0,COMPLETE,
2026-02-11 16:00:00,1.36331,1.36671,1.36281,1.36321,240,240,0,COMPLETE,
2026-02-11 20:00:00,1.3632,1.36345,1.36185,1.36226,236,240,4,UNEXPECTED_INCOMPLETE,UNEXPECTED
2026-02-12 00:00:00,1.36226,1.36419,1.36149,1.36313,240,240,0,COMPLETE,
2026-02-12 04:00:00,1.36312,1.36355,1.36042,1.36321,240,240,0,COMPLETE,
2026-02-12 08:00:00,1.36323,1.36536,1.36262,1.36487,240,240,0,COMPLETE,
2026-02-12 12:00:00,1.36487,1.36711,1.36214,1.36537,240,240,0,COMPLETE,
2026-02-12 16:00:00,1.36536,1.36576,1.36043,1.36236,240,240,0,COMPLETE,
2026-02-12 20:00:00,1.36233,1.36245,1.36142,1.36179,234,240,6,UNEXPECTED_INCOMPLETE,UNEXPECTED
2026-02-13 00:00:00,1.36178,1.36238,1.36114,1.36148,240,240,0,COMPLETE,
2026-02-13 04:00:00,1.36146,1.3617,1.35899,1.36138,240,240,0,COMPLETE,
2026-02-13 08:00:00,1.36136,1.36295,1.36006,1.36029,240,240,0,COMPLETE,
2026-02-13 12:00:00,1.36025,1.36472,1.35983,1.36124,240,240,0,COMPLETE,
2026-02-13 16:00:00,1.36125,1.36591,1.36063,1.36426,240,240,0,COMPLETE,
2026-02-13 20:00:00,1.36427,1.36579,1.36407,1.36549,119,240,121,EXPECTED_INCOMPLETE,EXPECTED
2026-02-14 00:00:00,,,,,0,240,240,SESSION_CLOSED_EXPECTED,EXPECTED
2026-02-14 04:00:00,,,,,0,240,240,SESSION_CLOSED_EXPECTED,EXPECTED
2026-02-14 08:00:00,,,,,0,240,240,SESSION_CLOSED_EXPECTED,EXPECTED
2026-02-14 12:00:00,,,,,0,240,240,SESSION_CLOSED_EXPECTED,EXPECTED
2026-02-14 16:00:00,,,,,0,240,240,SESSION_CLOSED_EXPECTED,EXPECTED
2026-02-14 20:00:00,,,,,0,240,240,SESSION_CLOSED_EXPECTED,EXPECTED
2026-02-15 00:00:00,,,,,0,240,240,SESSION_CLOSED_EXPECTED,EXPECTED
2026-02-15 04:00:00,,,,,0,240,240,SESSION_CLOSED_EXPECTED,EXPECTED
2026-02-15 08:00:00,,,,,0,240,240,SESSION_CLOSED_EXPECTED,EXPECTED
2026-02-15 12:00:00,,,,,0,240,240,SESSION_CLOSED_EXPECTED,EXPECTED
2026-02-15 16:00:00,,,,,0,240,240,SESSION_CLOSED_EXPECTED,EXPECTED
2026-02-15 20:00:00,1.36426,1.36488,1.36347,1.36471,112,240,128,EXPECTED_INCOMPLETE,EXPECTED
2026-02-16 00:00:00,1.36471,1.36483,1.36364,1.36415,240,240,0,COMPLETE,
2026-02-16 04:00:00,1.36415,1.36507,1.36348,1.36437,240,240,0,COMPLETE,
2026-02-16 08:00:00,1.36437,1.36616,1.36394,1.36441,240,240,0,COMPLETE,
2026-02-16 12:00:00,1.36438,1.3651,1.36272,1.36321,240,240,0,COMPLETE,
2026-02-16 16:00:00,1.36325,1.3635,1.36252,1.36317,240,240,0,COMPLETE,
2026-02-16 20:00:00,1.36314,1.36321,1.36218,1.36267,230,240,10,UNEXPECTED_INCOMPLETE,UNEXPECTED
2026-02-17 00:00:00,1.36267,1.36289,1.36054,1.36122,240,240,0,COMPLETE,
2026-02-17 04:00:00,1.36123,1.36148,1.35516,1.35623,240,240,0,COMPLETE,
2026-02-17 08:00:00,1.35625,1.36059,1.35596,1.35644,240,240,0,COMPLETE,
2026-02-17 12:00:00,1.35642,1.35711,1.34951,1.35029,240,240,0,COMPLETE,
2026-02-17 16:00:00,1.35026,1.35627,1.35021,1.35607,240,240,0,COMPLETE,
2026-02-17 20:00:00,1.35611,1.3572,1.35542,1.35622,232,240,8,UNEXPECTED_INCOMPLETE,UNEXPECTED
2026-02-18 00:00:00,1.35622,1.35661,1.35511,1.35526,240,240,0,COMPLETE,
2026-02-18 04:00:00,1.35526,1.35776,1.35492,1.35611,240,240,0,COMPLETE,
2026-02-18 08:00:00,1.35606,1.35819,1.35563,1.35729,240,240,0,COMPLETE,
2026-02-18 12:00:00,1.35729,1.35813,1.35326,1.35453,240,240,0,COMPLETE,
2026-02-18 16:00:00,1.35453,1.35573,1.34967,1.34997,240,240,0,COMPLETE,
2026-02-18 20:00:00,1.34997,1.35046,1.34851,1.34947,238,240,2,UNEXPECTED_INCOMPLETE,UNEXPECTED
2026-02-19 00:00:00,1.34948,1.34987,1.34875,1.34906,240,240,0,COMPLETE,
2026-02-19 04:00:00,1.34906,1.3512,1.34802,1.35096,240,240,0,COMPLETE,
2026-02-19 08:00:00,1.35096,1.35165,1.34649,1.34657,240,240,0,COMPLETE,
2026-02-19 12:00:00,1.34656,1.34739,1.34334,1.34536,240,240,0,COMPLETE,
2026-02-19 16:00:00,1.34536,1.34657,1.34382,1.34514,240,240,0,COMPLETE,
2026-02-19 20:00:00,1.34515,1.34728,1.3451,1.34593,239,240,1,UNEXPECTED_INCOMPLETE,UNEXPECTED
2026-02-20 00:00:00,1.34593,1.34637,1.34342,1.3442,240,240,0,COMPLETE,
2026-02-20 04:00:00,1.3442,1.34669,1.34366,1.34455,240,240,0,COMPLETE,
2026-02-20 08:00:00,1.34454,1.34822,1.34355,1.34697,240,240,0,COMPLETE,
2026-02-20 12:00:00,1.34695,1.35146,1.34602,1.35005,240,240,0,COMPLETE,
2026-02-20 16:00:00,1.35007,1.35145,1.34745,1.34853,240,240,0,COMPLETE,
2026-02-20 20:00:00,1.34854,1.34967,1.3476,1.34779,119,240,121,EXPECTED_INCOMPLETE,EXPECTED
2026-02-21 00:00:00,,,,,0,240,240,SESSION_CLOSED_EXPECTED,EXPECTED
2026-02-21 04:00:00,,,,,0,240,240,SESSION_CLOSED_EXPECTED,EXPECTED
2026-02-21 08:00:00,,,,,0,240,240,SESSION_CLOSED_EXPECTED,EXPECTED
2026-02-21 12:00:00,,,,,0,240,240,SESSION_CLOSED_EXPECTED,EXPECTED
2026-02-21 16:00:00,,,,,0,240,240,SESSION_CLOSED_EXPECTED,EXPECTED
2026-02-21 20:00:00,,,,,0,240,240,SESSION_CLOSED_EXPECTED,EXPECTED
2026-02-22 00:00:00,,,,,0,240,240,SESSION_CLOSED_EXPECTED,EXPECTED
2026-02-22 04:00:00,,,,,0,240,240,SESSION_CLOSED_EXPECTED,EXPECTED
2026-02-22 08:00:00,,,,,0,240,240,SESSION_CLOSED_EXPECTED,EXPECTED
2026-02-22 12:00:00,,,,,0,240,240,SESSION_CLOSED_EXPECTED,EXPECTED
2026-02-22 16:00:00,,,,,0,240,240,SESSION_CLOSED_EXPECTED,EXPECTED
2026-02-22 20:00:00,1.34768,1.35329,1.34701,1.35317,115,240,125,EXPECTED_INCOMPLETE,EXPECTED
2026-02-23 00:00:00,1.35321,1.35323,1.35097,1.35171,240,240,0,COMPLETE,
2026-02-23 04:00:00,1.35171,1.35347,1.35118,1.35254,240,240,0,COMPLETE,
2026-02-23 08:00:00,1.35257,1.35283,1.34859,1.34907,240,240,0,COMPLETE,
2026-02-23 12:00:00,1.34904,1.35244,1.34754,1.34943,240,240,0,COMPLETE,
2026-02-23 16:00:00,1.34943,1.35145,1.34842,1.3489,240,240,0,COMPLETE,
2026-02-23 20:00:00,1.34887,1.34999,1.34871,1.34954,234,240,6,UNEXPECTED_INCOMPLETE,UNEXPECTED
2026-02-24 00:00:00,1.34954,1.35012,1.34774,1.34879,240,240,0,COMPLETE,
2026-02-24 04:00:00,1.3488,1.34915,1.34728,1.34781,240,240,0,COMPLETE,
2026-02-24 08:00:00,1.34781,1.35062,1.34694,1.34858,240,240,0,COMPLETE,
2026-02-24 12:00:00,1.34856,1.35244,1.34759,1.35142,240,240,0,COMPLETE,
2026-02-24 16:00:00,1.35142,1.35363,1.35002,1.35015,240,240,0,COMPLETE,
2026-02-24 20:00:00,1.35015,1.35084,1.34803,1.34952,236,240,4,UNEXPECTED_INCOMPLETE,UNEXPECTED
2026-02-25 00:00:00,1.34954,1.35211,1.34908,1.35122,240,240,0,COMPLETE,
2026-02-25 04:00:00,1.35123,1.353,1.35101,1.35259,240,240,0,COMPLETE,
2026-02-25 08:00:00,1.35259,1.35334,1.34902,1.35047,240,240,0,COMPLETE,
2026-02-25 12:00:00,1.35046,1.35369,1.35026,1.35333,240,240,0,COMPLETE,
2026-02-25 16:00:00,1.35332,1.35656,1.35313,1.35499,240,240,0,COMPLETE,
2026-02-25 20:00:00,1.35498,1.35604,1.35456,1.35571,238,240,2,UNEXPECTED_INCOMPLETE,UNEXPECTED
2026-02-26 00:00:00,1.35571,1.35748,1.3553,1.35555,240,240,0,COMPLETE,
2026-02-26 04:00:00,1.35555,1.35624,1.35437,1.3546,240,240,0,COMPLETE,
2026-02-26 08:00:00,1.35463,1.35472,1.35184,1.35285,240,240,0,COMPLETE,
2026-02-26 12:00:00,1.35288,1.35561,1.34969,1.35144,240,240,0,COMPLETE,
2026-02-26 16:00:00,1.35141,1.35152,1.34448,1.34869,240,240,0,COMPLETE,
2026-02-26 20:00:00,1.34867,1.34928,1.34766,1.3491,237,240,3,UNEXPECTED_INCOMPLETE,UNEXPECTED
2026-02-27 00:00:00,1.3491,1.34955,1.34759,1.34914,240,240,0,COMPLETE,
2026-02-27 04:00:00,1.34911,1.3501,1.34612,1.34876,240,240,0,COMPLETE,
2026-02-27 08:00:00,1.34878,1.35077,1.34649,1.34661,240,240,0,COMPLETE,
2026-02-27 12:00:00,1.34659,1.34788,1.3439,1.34434,240,240,0,COMPLETE,
2026-02-27 16:00:00,1.34432,1.34827,1.34406,1.34804,240,240,0,COMPLETE,
2026-02-27 20:00:00,1.34804,1.34902,1.34704,1.34871,119,240,121,EXPECTED_INCOMPLETE,EXPECTED
2026-02-28 00:00:00,,,,,0,240,240,SESSION_CLOSED_EXPECTED,EXPECTED
2026-02-28 04:00:00,,,,,0,240,240,SESSION_CLOSED_EXPECTED,EXPECTED
2026-02-28 08:00:00,,,,,0,240,240,SESSION_CLOSED_EXPECTED,EXPECTED
2026-02-28 12:00:00,,,,,0,240,240,SESSION_CLOSED_EXPECTED,EXPECTED
2026-02-28 16:00:00,,,,,0,240,240,SESSION_CLOSED_EXPECTED,EXPECTED
2026-02-28 20:00:00,,,,,0,240,240,SESSION_CLOSED_EXPECTED,EXPECTED
2026-03-01 00:00:00,,,,,0,240,240,SESSION_CLOSED_EXPECTED,EXPECTED
2026-03-01 04:00:00,,,,,0,240,240,SESSION_CLOSED_EXPECTED,EXPECTED
2026-03-01 08:00:00,,,,,0,240,240,SESSION_CLOSED_EXPECTED,EXPECTED
2026-03-01 12:00:00,,,,,0,240,240,SESSION_CLOSED_EXPECTED,EXPECTED
2026-03-01 16:00:00,,,,,0,240,240,SESSION_CLOSED_EXPECTED,EXPECTED
2026-03-01 20:00:00,1.34042,1.3434,1.33979,1.34048,104,240,136,EXPECTED_INCOMPLETE,EXPECTED
2026-03-02 00:00:00,1.34045,1.34555,1.34003,1.34469,240,240,0,COMPLETE,
2026-03-02 04:00:00,1.34469,1.34506,1.33439,1.33617,240,240,0,COMPLETE,
2026-03-02 08:00:00,1.33618,1.34258,1.33139,1.34114,240,240,0,COMPLETE,
2026-03-02 12:00:00,1.34113,1.34254,1.33649,1.33715,240,240,0,COMPLETE,
2026-03-02 16:00:00,1.33713,1.34315,1.33589,1.34278,240,240,0,COMPLETE,
2026-03-02 20:00:00,1.34281,1.34295,1.33856,1.34077,240,240,0,COMPLETE,
2026-03-03 00:00:00,1.34075,1.34248,1.33916,1.33987,240,240,0,COMPLETE,
2026-03-03 04:00:00,1.3399,1.34029,1.33331,1.33354,240,240,0,COMPLETE,
2026-03-03 08:00:00,1.33352,1.33371,1.32621,1.32931,240,240,0,COMPLETE,
2026-03-03 12:00:00,1.32928,1.33271,1.32526,1.33013,240,240,0,COMPLETE,
2026-03-03 16:00:00,1.3301,1.3368,1.32964,1.33551,240,240,0,COMPLETE,
2026-03-03 20:00:00,1.33552,1.33696,1.33432,1.33512,233,240,7,UNEXPECTED_INCOMPLETE,UNEXPECTED
2026-03-04 00:00:00,1.33509,1.33521,1.3303,1.33386,240,240,0,COMPLETE,
2026-03-04 04:00:00,1.33386,1.33762,1.33049,1.33587,240,240,0,COMPLETE,
2026-03-04 08:00:00,1.33591,1.34029,1.3332,1.3378,240,240,0,COMPLETE,
2026-03-04 12:00:00,1.33781,1.33886,1.3348,1.33645,240,240,0,COMPLETE,
2026-03-04 16:00:00,1.33646,1.33767,1.33457,1.33741,240,240,0,COMPLETE,
2026-03-04 20:00:00,1.33742,1.33801,1.33655,1.33687,235,240,5,UNEXPECTED_INCOMPLETE,UNEXPECTED
2026-03-05 00:00:00,1.33688,1.33869,1.33374,1.3341,240,240,0,COMPLETE,
2026-03-05 04:00:00,1.33407,1.33573,1.33052,1.33412,240,240,0,COMPLETE,
2026-03-05 08:00:00,1.33416,1.33762,1.33147,1.33588,240,240,0,COMPLETE,
2026-03-05 12:00:00,1.33589,1.33735,1.33091,1.33222,240,240,0,COMPLETE,
2026-03-05 16:00:00,1.33222,1.33398,1.32969,1.33193,240,240,0,COMPLETE,
2026-03-05 20:00:00,1.33196,1.33651,1.33182,1.33552,230,240,10,UNEXPECTED_INCOMPLETE,UNEXPECTED
2026-03-06 00:00:00,1.33552,1.33731,1.33539,1.33712,240,240,0,COMPLETE,
2026-03-06 04:00:00,1.33711,1.33721,1.33519,1.33688,240,240,0,COMPLETE,
2026-03-06 08:00:00,1.3369,1.33789,1.33172,1.33181,240,240,0,COMPLETE,
2026-03-06 12:00:00,1.33184,1.33891,1.33108,1.3359,240,240,0,COMPLETE,
2026-03-06 16:00:00,1.3359,1.34093,1.33586,1.33861,240,240,0,COMPLETE,
2026-03-06 20:00:00,1.33864,1.34122,1.33784,1.34114,119,240,121,EXPECTED_INCOMPLETE,EXPECTED
2026-03-07 00:00:00,,,,,0,240,240,SESSION_CLOSED_EXPECTED,EXPECTED
2026-03-07 04:00:00,,,,,0,240,240,SESSION_CLOSED_EXPECTED,EXPECTED
2026-03-07 08:00:00,,,,,0,240,240,SESSION_CLOSED_EXPECTED,EXPECTED
2026-03-07 12:00:00,,,,,0,240,240,SESSION_CLOSED_EXPECTED,EXPECTED
2026-03-07 16:00:00,,,,,0,240,240,SESSION_CLOSED_EXPECTED,EXPECTED
2026-03-07 20:00:00,,,,,0,240,240,SESSION_CLOSED_EXPECTED,EXPECTED
2026-03-08 00:00:00,,,,,0,240,240,SESSION_CLOSED_EXPECTED,EXPECTED
2026-03-08 04:00:00,,,,,0,240,240,SESSION_CLOSED_EXPECTED,EXPECTED
2026-03-08 08:00:00,,,,,0,240,240,SESSION_CLOSED_EXPECTED,EXPECTED
2026-03-08 12:00:00,,,,,0,240,240,SESSION_CLOSED_EXPECTED,EXPECTED
2026-03-08 16:00:00,,,,,0,240,240,SESSION_CLOSED_EXPECTED,EXPECTED
2026-03-08 20:00:00,1.33406,1.33458,1.32993,1.33046,154,240,86,EXPECTED_INCOMPLETE,EXPECTED
2026-03-09 00:00:00,1.33045,1.33171,1.32825,1.32949,240,240,0,COMPLETE,
2026-03-09 04:00:00,1.32952,1.33469,1.3293,1.3344,240,240,0,COMPLETE,
2026-03-09 08:00:00,1.33442,1.33631,1.33022,1.33469,240,240,0,COMPLETE,
2026-03-09 12:00:00,1.33471,1.34001,1.33451,1.33923,240,240,0,COMPLETE,
2026-03-09 16:00:00,1.33921,1.34456,1.33816,1.3429,240,240,0,COMPLETE,
2026-03-09 20:00:00,1.34293,1.34478,1.342,1.34236,239,240,1,UNEXPECTED_INCOMPLETE,UNEXPECTED
2026-03-10 00:00:00,1.34234,1.34439,1.34133,1.34162,240,240,0,COMPLETE,
2026-03-10 04:00:00,1.34165,1.34799,1.34133,1.34767,240,240,0,COMPLETE,
2026-03-10 08:00:00,1.34765,1.34829,1.3438,1.34439,240,240,0,COMPLETE,
2026-03-10 12:00:00,1.34443,1.34726,1.34297,1.34572,240,240,0,COMPLETE,
2026-03-10 16:00:00,1.34573,1.34806,1.34114,1.34178,240,240,0,COMPLETE,
2026-03-10 20:00:00,1.34181,1.34222,1.34097,1.34191,239,240,1,UNEXPECTED_INCOMPLETE,UNEXPECTED
2026-03-11 00:00:00,1.34192,1.3453,1.34139,1.34516,240,240,0,COMPLETE,
2026-03-11 04:00:00,1.34518,1.34572,1.34289,1.34342,240,240,0,COMPLETE,
2026-03-11 08:00:00,1.34346,1.34492,1.34012,1.34274,240,240,0,COMPLETE,
2026-03-11 12:00:00,1.34273,1.34432,1.3393,1.33974,240,240,0,COMPLETE,
2026-03-11 16:00:00,1.33973,1.34219,1.33938,1.34179,240,240,0,COMPLETE,
2026-03-11 20:00:00,1.34179,1.34182,1.33759,1.33821,237,240,3,UNEXPECTED_INCOMPLETE,UNEXPECTED
2026-03-12 00:00:00,1.33818,1.33969,1.33648,1.33714,240,240,0,COMPLETE,
2026-03-12 04:00:00,1.33714,1.33921,1.33606,1.3392,240,240,0,COMPLETE,
2026-03-12 08:00:00,1.33919,1.34093,1.33698,1.33973,240,240,0,COMPLETE,
2026-03-12 12:00:00,1.33975,1.33983,1.33386,1.3348,240,240,0,COMPLETE,
2026-03-12 16:00:00,1.33478,1.33651,1.33376,1.33471,240,240,0,COMPLETE,
2026-03-12 20:00:00,1.33475,1.33544,1.33385,1.33511,240,240,0,COMPLETE,
2026-03-13 00:00:00,1.33513,1.33691,1.33391,1.33463,240,240,0,COMPLETE,
2026-03-13 04:00:00,1.33459,1.33459,1.32738,1.32795,240,240,0,COMPLETE,
2026-03-13 08:00:00,1.32796,1.32803,1.3245,1.32546,240,240,0,COMPLETE,
2026-03-13 12:00:00,1.32546,1.3289,1.32298,1.32379,240,240,0,COMPLETE,
2026-03-13 16:00:00,1.32376,1.32526,1.32242,1.32268,240,240,0,COMPLETE,
2026-03-13 20:00:00,1.32265,1.32285,1.32181,1.32215,59,240,181,EXPECTED_INCOMPLETE,EXPECTED
2026-03-14 00:00:00,,,,,0,240,240,SESSION_CLOSED_EXPECTED,EXPECTED
2026-03-14 04:00:00,,,,,0,240,240,SESSION_CLOSED_EXPECTED,EXPECTED
2026-03-14 08:00:00,,,,,0,240,240,SESSION_CLOSED_EXPECTED,EXPECTED
2026-03-14 12:00:00,,,,,0,240,240,SESSION_CLOSED_EXPECTED,EXPECTED
2026-03-14 16:00:00,,,,,0,240,240,SESSION_CLOSED_EXPECTED,EXPECTED
2026-03-14 20:00:00,,,,,0,240,240,SESSION_CLOSED_EXPECTED,EXPECTED
2026-03-15 00:00:00,,,,,0,240,240,SESSION_CLOSED_EXPECTED,EXPECTED
2026-03-15 04:00:00,,,,,0,240,240,SESSION_CLOSED_EXPECTED,EXPECTED
2026-03-15 08:00:00,,,,,0,240,240,SESSION_CLOSED_EXPECTED,EXPECTED
2026-03-15 12:00:00,,,,,0,240,240,SESSION_CLOSED_EXPECTED,EXPECTED
2026-03-15 16:00:00,,,,,0,240,240,SESSION_CLOSED_EXPECTED,EXPECTED
2026-03-15 20:00:00,1.32382,1.32478,1.32156,1.3246,170,240,70,EXPECTED_INCOMPLETE,EXPECTED
2026-03-16 00:00:00,1.32461,1.32656,1.32456,1.32608,240,240,0,COMPLETE,
2026-03-16 04:00:00,1.32609,1.32622,1.323,1.32433,240,240,0,COMPLETE,
2026-03-16 08:00:00,1.32436,1.32836,1.32338,1.32792,240,240,0,COMPLETE,
2026-03-16 12:00:00,1.32793,1.33171,1.32764,1.33018,240,240,0,COMPLETE,
2026-03-16 16:00:00,1.33017,1.33393,1.32882,1.33257,240,240,0,COMPLETE,
2026-03-16 20:00:00,1.33259,1.33282,1.33077,1.3312,235,240,5,UNEXPECTED_INCOMPLETE,UNEXPECTED
2026-03-17 00:00:00,1.33121,1.33143,1.3295,1.33016,240,240,0,COMPLETE,
2026-03-17 04:00:00,1.33018,1.33151,1.32731,1.33047,240,240,0,COMPLETE,
2026-03-17 08:00:00,1.33049,1.33395,1.32985,1.3317,240,240,0,COMPLETE,
2026-03-17 12:00:00,1.33167,1.33598,1.3311,1.33424,240,240,0,COMPLETE,
2026-03-17 16:00:00,1.33423,1.33641,1.33328,1.33536,240,240,0,COMPLETE,
2026-03-17 20:00:00,1.33539,1.3362,1.33511,1.33571,236,240,4,UNEXPECTED_INCOMPLETE,UNEXPECTED
2026-03-18 00:00:00,1.33574,1.33629,1.33497,1.33582,240,240,0,COMPLETE,
2026-03-18 04:00:00,1.33585,1.33743,1.33475,1.33549,240,240,0,COMPLETE,
2026-03-18 08:00:00,1.33547,1.33709,1.33409,1.33591,240,240,0,COMPLETE,
2026-03-18 12:00:00,1.33592,1.33626,1.33021,1.33217,240,240,0,COMPLETE,
2026-03-18 16:00:00,1.33218,1.335,1.32735,1.32768,240,240,0,COMPLETE,
2026-03-18 20:00:00,1.32771,1.3279,1.32507,1.3264,239,240,1,UNEXPECTED_INCOMPLETE,UNEXPECTED
2026-03-19 00:00:00,1.32642,1.32976,1.32629,1.32812,240,240,0,COMPLETE,
2026-03-19 04:00:00,1.32809,1.32813,1.32511,1.32633,240,240,0,COMPLETE,
2026-03-19 08:00:00,1.32634,1.32932,1.32453,1.32924,240,240,0,COMPLETE,
2026-03-19 12:00:00,1.32924,1.33892,1.32789,1.33583,240,240,0,COMPLETE,
2026-03-19 16:00:00,1.33584,1.34671,1.33533,1.34299,240,240,0,COMPLETE,
2026-03-19 20:00:00,1.34303,1.34419,1.34201,1.3424,236,240,4,UNEXPECTED_INCOMPLETE,UNEXPECTED
2026-03-20 00:00:00,1.3424,1.34288,1.34034,1.34036,240,240,0,COMPLETE,
2026-03-20 04:00:00,1.34036,1.34308,1.33974,1.3426,240,240,0,COMPLETE,
2026-03-20 08:00:00,1.34264,1.34363,1.3363,1.33937,240,240,0,COMPLETE,
2026-03-20 12:00:00,1.3394,1.34093,1.32984,1.33011,240,240,0,COMPLETE,
2026-03-20 16:00:00,1.33013,1.33531,1.33003,1.33335,240,240,0,COMPLETE,
2026-03-20 20:00:00,1.33336,1.33458,1.33317,1.33402,59,240,181,EXPECTED_INCOMPLETE,EXPECTED
2026-03-21 00:00:00,,,,,0,240,240,SESSION_CLOSED_EXPECTED,EXPECTED
2026-03-21 04:00:00,,,,,0,240,240,SESSION_CLOSED_EXPECTED,EXPECTED
2026-03-21 08:00:00,,,,,0,240,240,SESSION_CLOSED_EXPECTED,EXPECTED
2026-03-21 12:00:00,,,,,0,240,240,SESSION_CLOSED_EXPECTED,EXPECTED
2026-03-21 16:00:00,,,,,0,240,240,SESSION_CLOSED_EXPECTED,EXPECTED
2026-03-21 20:00:00,,,,,0,240,240,SESSION_CLOSED_EXPECTED,EXPECTED
2026-03-22 00:00:00,,,,,0,240,240,SESSION_CLOSED_EXPECTED,EXPECTED
2026-03-22 04:00:00,,,,,0,240,240,SESSION_CLOSED_EXPECTED,EXPECTED
2026-03-22 08:00:00,,,,,0,240,240,SESSION_CLOSED_EXPECTED,EXPECTED
2026-03-22 12:00:00,,,,,0,240,240,SESSION_CLOSED_EXPECTED,EXPECTED
2026-03-22 16:00:00,,,,,0,240,240,SESSION_CLOSED_EXPECTED,EXPECTED
2026-03-22 20:00:00,1.33126,1.33349,1.32931,1.33342,174,240,66,EXPECTED_INCOMPLETE,EXPECTED
2026-03-23 00:00:00,1.33343,1.33428,1.33087,1.33143,240,240,0,COMPLETE,
2026-03-23 04:00:00,1.33145,1.33268,1.3281,1.32895,240,240,0,COMPLETE,
2026-03-23 08:00:00,1.32897,1.34345,1.32563,1.33566,240,240,0,COMPLETE,
2026-03-23 12:00:00,1.33562,1.3479,1.33424,1.33846,240,240,0,COMPLETE,
2026-03-23 16:00:00,1.33842,1.34578,1.33771,1.34309,240,240,0,COMPLETE,
2026-03-23 20:00:00,1.34309,1.34364,1.34151,1.34255,236,240,4,UNEXPECTED_INCOMPLETE,UNEXPECTED
2026-03-24 00:00:00,1.34256,1.34266,1.33862,1.3398,240,240,0,COMPLETE,
2026-03-24 04:00:00,1.33982,1.34451,1.33852,1.34305,240,240,0,COMPLETE,
2026-03-24 08:00:00,1.34302,1.34304,1.33796,1.33961,240,240,0,COMPLETE,
2026-03-24 12:00:00,1.33964,1.3425,1.33646,1.33808,240,240,0,COMPLETE,
2026-03-24 16:00:00,1.33804,1.33951,1.33518,1.3382,240,240,0,COMPLETE,
2026-03-24 20:00:00,1.33818,1.34316,1.33794,1.34143,237,240,3,UNEXPECTED_INCOMPLETE,UNEXPECTED
2026-03-25 00:00:00,1.34145,1.34358,1.33971,1.33986,240,240,0,COMPLETE,
2026-03-25 04:00:00,1.33985,1.34,1.33693,1.33902,240,240,0,COMPLETE,
2026-03-25 08:00:00,1.33904,1.34239,1.33867,1.34149,240,240,0,COMPLETE,
2026-03-25 12:00:00,1.34151,1.3427,1.33582,1.3371,240,240,0,COMPLETE,
2026-03-25 16:00:00,1.33709,1.33925,1.33586,1.33658,240,240,0,COMPLETE,
2026-03-25 20:00:00,1.33659,1.33663,1.33576,1.33629,239,240,1,UNEXPECTED_INCOMPLETE,UNEXPECTED
2026-03-26 00:00:00,1.33629,1.33667,1.3348,1.33647,240,240,0,COMPLETE,
2026-03-26 04:00:00,1.33647,1.33677,1.33456,1.33496,240,240,0,COMPLETE,
2026-03-26 08:00:00,1.33497,1.33611,1.33259,1.3326,240,240,0,COMPLETE,
2026-03-26 12:00:00,1.33262,1.33778,1.33211,1.33503,240,240,0,COMPLETE,
2026-03-26 16:00:00,1.33503,1.33523,1.33123,1.3313,240,240,0,COMPLETE,
2026-03-26 20:00:00,1.33131,1.33681,1.33097,1.33342,238,240,2,UNEXPECTED_INCOMPLETE,UNEXPECTED
2026-03-27 00:00:00,1.33339,1.33465,1.33217,1.33402,240,240,0,COMPLETE,
2026-03-27 04:00:00,1.334,1.33472,1.33112,1.33133,240,240,0,COMPLETE,
2026-03-27 08:00:00,1.3313,1.33207,1.3282,1.32829,240,240,0,COMPLETE,
2026-03-27 12:00:00,1.32826,1.33321,1.32715,1.32907,240,240,0,COMPLETE,
2026-03-27 16:00:00,1.32905,1.32976,1.32597,1.32713,240,240,0,COMPLETE,
2026-03-27 20:00:00,1.32715,1.32762,1.32609,1.32617,59,240,181,EXPECTED_INCOMPLETE,EXPECTED
2026-03-28 00:00:00,,,,,0,240,240,SESSION_CLOSED_EXPECTED,EXPECTED
2026-03-28 04:00:00,,,,,0,240,240,SESSION_CLOSED_EXPECTED,EXPECTED
2026-03-28 08:00:00,,,,,0,240,240,SESSION_CLOSED_EXPECTED,EXPECTED
2026-03-28 12:00:00,,,,,0,240,240,SESSION_CLOSED_EXPECTED,EXPECTED
2026-03-28 16:00:00,,,,,0,240,240,SESSION_CLOSED_EXPECTED,EXPECTED
2026-03-28 20:00:00,,,,,0,240,240,SESSION_CLOSED_EXPECTED,EXPECTED
2026-03-29 00:00:00,,,,,0,240,240,SESSION_CLOSED_EXPECTED,EXPECTED
2026-03-29 04:00:00,,,,,0,240,240,SESSION_CLOSED_EXPECTED,EXPECTED
2026-03-29 08:00:00,,,,,0,240,240,SESSION_CLOSED_EXPECTED,EXPECTED
2026-03-29 12:00:00,,,,,0,240,240,SESSION_CLOSED_EXPECTED,EXPECTED
2026-03-29 16:00:00,,,,,0,240,240,SESSION_CLOSED_EXPECTED,EXPECTED
2026-03-29 20:00:00,1.32583,1.32664,1.32335,1.32376,175,240,65,EXPECTED_INCOMPLETE,EXPECTED
2026-03-30 00:00:00,1.32378,1.32721,1.32318,1.3271,240,240,0,COMPLETE,
2026-03-30 04:00:00,1.32711,1.32822,1.32411,1.32456,240,240,0,COMPLETE,
2026-03-30 08:00:00,1.32452,1.32536,1.32236,1.32306,240,240,0,COMPLETE,
2026-03-30 12:00:00,1.32307,1.32368,1.31734,1.31894,240,240,0,COMPLETE,
2026-03-30 16:00:00,1.31893,1.3197,1.31738,1.3185,240,240,0,COMPLETE,
2026-03-30 20:00:00,1.31847,1.31859,1.31687,1.3172,234,240,6,UNEXPECTED_INCOMPLETE,UNEXPECTED
2026-03-31 00:00:00,1.3172,1.32238,1.31587,1.31997,240,240,0,COMPLETE,
2026-03-31 04:00:00,1.31998,1.32117,1.31903,1.3205,240,240,0,COMPLETE,
2026-03-31 08:00:00,1.32051,1.32346,1.31915,1.32341,240,240,0,COMPLETE,
2026-03-31 12:00:00,1.32343,1.32639,1.31717,1.31841,240,240,0,COMPLETE,
2026-03-31 16:00:00,1.31841,1.32477,1.31749,1.32357,240,240,0,COMPLETE,
2026-03-31 20:00:00,1.32357,1.32442,1.32205,1.32429,234,240,6,UNEXPECTED_INCOMPLETE,UNEXPECTED
2026-04-01 00:00:00,1.32428,1.32542,1.32193,1.32329,240,240,0,COMPLETE,
2026-04-01 04:00:00,1.32326,1.32925,1.32319,1.32651,240,240,0,COMPLETE,
2026-04-01 08:00:00,1.3265,1.33242,1.32611,1.33209,240,240,0,COMPLETE,
2026-04-01 12:00:00,1.33212,1.33375,1.32927,1.33289,240,240,0,COMPLETE,
2026-04-01 16:00:00,1.3329,1.33459,1.32921,1.32999,240,240,0,COMPLETE,
2026-04-01 20:00:00,1.32998,1.33102,1.32889,1.33019,234,240,6,UNEXPECTED_INCOMPLETE,UNEXPECTED
2026-04-02 00:00:00,1.33019,1.33199,1.32306,1.32347,240,240,0,COMPLETE,
2026-04-02 04:00:00,1.32347,1.32392,1.32009,1.32164,240,240,0,COMPLETE,
2026-04-02 08:00:00,1.32166,1.32189,1.3181,1.32011,240,240,0,COMPLETE,
2026-04-02 12:00:00,1.32012,1.3251,1.31997,1.32382,240,240,0,COMPLETE,
2026-04-02 16:00:00,1.32382,1.32423,1.32208,1.32228,240,240,0,COMPLETE,
2026-04-02 20:00:00,1.3223,1.32282,1.32141,1.32258,231,240,9,UNEXPECTED_INCOMPLETE,UNEXPECTED
2026-04-03 00:00:00,1.32253,1.32328,1.3216,1.32251,240,240,0,COMPLETE,
2026-04-03 04:00:00,1.32251,1.32381,1.32166,1.32331,240,240,0,COMPLETE,
2026-04-03 08:00:00,1.32332,1.32353,1.32246,1.32303,240,240,0,COMPLETE,
2026-04-03 12:00:00,1.32302,1.32364,1.31954,1.32008,240,240,0,COMPLETE,
2026-04-03 16:00:00,1.32006,1.32022,1.3188,1.31934,240,240,0,COMPLETE,
2026-04-03 20:00:00,1.31934,1.32088,1.31843,1.31974,59,240,181,EXPECTED_INCOMPLETE,EXPECTED
2026-04-04 00:00:00,,,,,0,240,240,SESSION_CLOSED_EXPECTED,EXPECTED
2026-04-04 04:00:00,,,,,0,240,240,SESSION_CLOSED_EXPECTED,EXPECTED
2026-04-04 08:00:00,,,,,0,240,240,SESSION_CLOSED_EXPECTED,EXPECTED
2026-04-04 12:00:00,,,,,0,240,240,SESSION_CLOSED_EXPECTED,EXPECTED
2026-04-04 16:00:00,,,,,0,240,240,SESSION_CLOSED_EXPECTED,EXPECTED
2026-04-04 20:00:00,,,,,0,240,240,SESSION_CLOSED_EXPECTED,EXPECTED
2026-04-05 00:00:00,,,,,0,240,240,SESSION_CLOSED_EXPECTED,EXPECTED
2026-04-05 04:00:00,,,,,0,240,240,SESSION_CLOSED_EXPECTED,EXPECTED
2026-04-05 08:00:00,,,,,0,240,240,SESSION_CLOSED_EXPECTED,EXPECTED
2026-04-05 12:00:00,,,,,0,240,240,SESSION_CLOSED_EXPECTED,EXPECTED
2026-04-05 16:00:00,,,,,0,240,240,SESSION_CLOSED_EXPECTED,EXPECTED
2026-04-05 20:00:00,1.31868,1.3194,1.31764,1.31856,175,240,65,EXPECTED_INCOMPLETE,EXPECTED
2026-04-06 00:00:00,1.31855,1.32178,1.31849,1.32066,240,240,0,COMPLETE,
2026-04-06 04:00:00,1.32067,1.32581,1.32063,1.32528,240,240,0,COMPLETE,
2026-04-06 08:00:00,1.32529,1.32587,1.32322,1.32368,240,240,0,COMPLETE,
2026-04-06 12:00:00,1.32366,1.32684,1.32236,1.32333,240,240,0,COMPLETE,
2026-04-06 16:00:00,1.32334,1.32441,1.32177,1.32338,240,240,0,COMPLETE,
2026-04-06 20:00:00,1.32338,1.32421,1.32297,1.32335,238,240,2,UNEXPECTED_INCOMPLETE,UNEXPECTED
2026-04-07 00:00:00,1.32334,1.32388,1.32111,1.32247,240,240,0,COMPLETE,
2026-04-07 04:00:00,1.32247,1.32478,1.32183,1.3233,240,240,0,COMPLETE,
2026-04-07 08:00:00,1.32329,1.32848,1.32326,1.32459,240,240,0,COMPLETE,
2026-04-07 12:00:00,1.32462,1.32669,1.32352,1.32396,240,240,0,COMPLETE,
2026-04-07 16:00:00,1.32393,1.32934,1.32389,1.32869,240,240,0,COMPLETE,
2026-04-07 20:00:00,1.32867,1.34089,1.32849,1.34007,239,240,1,UNEXPECTED_INCOMPLETE,UNEXPECTED
2026-04-08 00:00:00,1.34009,1.34153,1.3379,1.33982,240,240,0,COMPLETE,
2026-04-08 04:00:00,1.33985,1.34456,1.33985,1.34236,240,240,0,COMPLETE,
2026-04-08 08:00:00,1.34233,1.34697,1.34064,1.34654,240,240,0,COMPLETE,
2026-04-08 12:00:00,1.34658,1.34841,1.34277,1.34385,240,240,0,COMPLETE,
2026-04-08 16:00:00,1.34385,1.34385,1.33807,1.34063,240,240,0,COMPLETE,
2026-04-08 20:00:00,1.34066,1.34086,1.33888,1.33923,237,240,3,UNEXPECTED_INCOMPLETE,UNEXPECTED
2026-04-09 00:00:00,1.33925,1.34018,1.33808,1.33946,240,240,0,COMPLETE,
2026-04-09 04:00:00,1.3395,1.34061,1.33802,1.33926,240,240,0,COMPLETE,
2026-04-09 08:00:00,1.33926,1.343,1.33832,1.34285,240,240,0,COMPLETE,
2026-04-09 12:00:00,1.34285,1.34442,1.3403,1.34415,240,240,0,COMPLETE,
2026-04-09 16:00:00,1.34416,1.34582,1.34295,1.34357,240,240,0,COMPLETE,
2026-04-09 20:00:00,1.34357,1.3437,1.34237,1.34287,235,240,5,UNEXPECTED_INCOMPLETE,UNEXPECTED
2026-04-10 00:00:00,1.34287,1.34319,1.34197,1.34247,240,240,0,COMPLETE,
2026-04-10 04:00:00,1.34248,1.34283,1.34102,1.34119,240,240,0,COMPLETE,
2026-04-10 08:00:00,1.34121,1.34452,1.3411,1.34438,240,240,0,COMPLETE,
2026-04-10 12:00:00,1.34442,1.34789,1.3443,1.34577,240,240,0,COMPLETE,
2026-04-10 16:00:00,1.3458,1.34717,1.34477,1.34677,240,240,0,COMPLETE,
2026-04-10 20:00:00,1.34678,1.34697,1.34549,1.34613,59,240,181,EXPECTED_INCOMPLETE,EXPECTED
2026-04-11 00:00:00,,,,,0,240,240,SESSION_CLOSED_EXPECTED,EXPECTED
2026-04-11 04:00:00,,,,,0,240,240,SESSION_CLOSED_EXPECTED,EXPECTED
2026-04-11 08:00:00,,,,,0,240,240,SESSION_CLOSED_EXPECTED,EXPECTED
2026-04-11 12:00:00,,,,,0,240,240,SESSION_CLOSED_EXPECTED,EXPECTED
2026-04-11 16:00:00,,,,,0,240,240,SESSION_CLOSED_EXPECTED,EXPECTED
2026-04-11 20:00:00,,,,,0,240,240,SESSION_CLOSED_EXPECTED,EXPECTED
2026-04-12 00:00:00,,,,,0,240,240,SESSION_CLOSED_EXPECTED,EXPECTED
2026-04-12 04:00:00,,,,,0,240,240,SESSION_CLOSED_EXPECTED,EXPECTED
2026-04-12 08:00:00,,,,,0,240,240,SESSION_CLOSED_EXPECTED,EXPECTED
2026-04-12 12:00:00,,,,,0,240,240,SESSION_CLOSED_EXPECTED,EXPECTED
2026-04-12 16:00:00,,,,,0,240,240,SESSION_CLOSED_EXPECTED,EXPECTED
2026-04-12 20:00:00,1.33815,1.34061,1.33786,1.33937,175,240,65,EXPECTED_INCOMPLETE,EXPECTED
2026-04-13 00:00:00,1.3394,1.34089,1.33858,1.34037,240,240,0,COMPLETE,
2026-04-13 04:00:00,1.34038,1.34334,1.34013,1.34313,240,240,0,COMPLETE,
2026-04-13 08:00:00,1.3431,1.34426,1.34182,1.34184,240,240,0,COMPLETE,
2026-04-13 12:00:00,1.34187,1.34655,1.34155,1.34577,240,240,0,COMPLETE,
2026-04-13 16:00:00,1.34575,1.35082,1.34517,1.35044,240,240,0,COMPLETE,
2026-04-13 20:00:00,1.35047,1.35156,1.34923,1.3515,239,240,1,UNEXPECTED_INCOMPLETE,UNEXPECTED
2026-04-14 00:00:00,1.35149,1.3517,1.35033,1.35161,240,240,0,COMPLETE,
2026-04-14 04:00:00,1.35161,1.3539,1.35105,1.35315,240,240,0,COMPLETE,
2026-04-14 08:00:00,1.35315,1.35783,1.35264,1.35717,240,240,0,COMPLETE,
2026-04-14 12:00:00,1.35719,1.35893,1.35608,1.35609,240,240,0,COMPLETE,
2026-04-14 16:00:00,1.35611,1.35726,1.35575,1.35625,240,240,0,COMPLETE,
2026-04-14 20:00:00,1.35629,1.35788,1.35575,1.35742,238,240,2,UNEXPECTED_INCOMPLETE,UNEXPECTED
2026-04-15 00:00:00,1.35739,1.35773,1.35567,1.35651,240,240,0,COMPLETE,
2026-04-15 04:00:00,1.35649,1.35783,1.3555,1.35596,240,240,0,COMPLETE,
2026-04-15 08:00:00,1.35595,1.35694,1.35428,1.35539,240,240,0,COMPLETE,
2026-04-15 12:00:00,1.35538,1.35788,1.35451,1.35668,240,240,0,COMPLETE,
2026-04-15 16:00:00,1.35665,1.35764,1.35638,1.35701,240,240,0,COMPLETE,
2026-04-15 20:00:00,1.357,1.35734,1.35569,1.35723,238,240,2,UNEXPECTED_INCOMPLETE,UNEXPECTED
2026-04-16 00:00:00,1.35724,1.35946,1.35607,1.35812,240,240,0,COMPLETE,
2026-04-16 04:00:00,1.35811,1.35821,1.35564,1.35582,240,240,0,COMPLETE,
2026-04-16 08:00:00,1.35585,1.35613,1.3531,1.35462,240,240,0,COMPLETE,
2026-04-16 12:00:00,1.35464,1.35544,1.35161,1.35375,240,240,0,COMPLETE,
2026-04-16 16:00:00,1.35374,1.3544,1.35204,1.3529,240,240,0,COMPLETE,
2026-04-16 20:00:00,1.35291,1.35364,1.35209,1.35254,237,240,3,UNEXPECTED_INCOMPLETE,UNEXPECTED
2026-04-17 00:00:00,1.35252,1.35271,1.35138,1.35246,240,240,0,COMPLETE,
2026-04-17 04:00:00,1.35245,1.35256,1.35041,1.35249,240,240,0,COMPLETE,
2026-04-17 08:00:00,1.35248,1.35393,1.35163,1.35287,240,240,0,COMPLETE,
2026-04-17 12:00:00,1.3529,1.35992,1.35281,1.35541,240,240,0,COMPLETE,
2026-04-17 16:00:00,1.35542,1.35591,1.35163,1.3519,240,240,0,COMPLETE,
2026-04-17 20:00:00,1.35189,1.35224,1.35127,1.3518,59,240,181,EXPECTED_INCOMPLETE,EXPECTED
2026-04-18 00:00:00,,,,,0,240,240,SESSION_CLOSED_EXPECTED,EXPECTED
2026-04-18 04:00:00,,,,,0,240,240,SESSION_CLOSED_EXPECTED,EXPECTED
2026-04-18 08:00:00,,,,,0,240,240,SESSION_CLOSED_EXPECTED,EXPECTED
2026-04-18 12:00:00,,,,,0,240,240,SESSION_CLOSED_EXPECTED,EXPECTED
2026-04-18 16:00:00,,,,,0,240,240,SESSION_CLOSED_EXPECTED,EXPECTED
2026-04-18 20:00:00,,,,,0,240,240,SESSION_CLOSED_EXPECTED,EXPECTED
2026-04-19 00:00:00,,,,,0,240,240,SESSION_CLOSED_EXPECTED,EXPECTED
2026-04-19 04:00:00,,,,,0,240,240,SESSION_CLOSED_EXPECTED,EXPECTED
2026-04-19 08:00:00,,,,,0,240,240,SESSION_CLOSED_EXPECTED,EXPECTED
2026-04-19 12:00:00,,,,,0,240,240,SESSION_CLOSED_EXPECTED,EXPECTED
2026-04-19 16:00:00,,,,,0,240,240,SESSION_CLOSED_EXPECTED,EXPECTED
2026-04-19 20:00:00,1.34779,1.34919,1.34746,1.34822,175,240,65,EXPECTED_INCOMPLETE,EXPECTED
2026-04-20 00:00:00,1.34826,1.3508,1.34779,1.35053,240,240,0,COMPLETE,
2026-04-20 04:00:00,1.35053,1.35185,1.34814,1.35023,240,240,0,COMPLETE,
2026-04-20 08:00:00,1.35024,1.35277,1.34925,1.35186,240,240,0,COMPLETE,
2026-04-20 12:00:00,1.35185,1.35438,1.35053,1.35394,240,240,0,COMPLETE,
2026-04-20 16:00:00,1.35396,1.35441,1.35309,1.35322,240,240,0,COMPLETE,
2026-04-20 20:00:00,1.35326,1.35389,1.35297,1.35303,235,240,5,UNEXPECTED_INCOMPLETE,UNEXPECTED
2026-04-21 00:00:00,1.35306,1.35316,1.35148,1.35175,240,240,0,COMPLETE,
2026-04-21 04:00:00,1.35175,1.35332,1.35062,1.35068,240,240,0,COMPLETE,
2026-04-21 08:00:00,1.35066,1.35236,1.34822,1.35181,240,240,0,COMPLETE,
2026-04-21 12:00:00,1.35185,1.35396,1.34987,1.35102,240,240,0,COMPLETE,
2026-04-21 16:00:00,1.35105,1.35255,1.34741,1.34816,240,240,0,COMPLETE,
2026-04-21 20:00:00,1.34817,1.35136,1.34767,1.35084,233,240,7,UNEXPECTED_INCOMPLETE,UNEXPECTED
2026-04-22 00:00:00,1.35086,1.35199,1.35028,1.35062,240,240,0,COMPLETE,
2026-04-22 04:00:00,1.35063,1.35341,1.35051,1.35261,240,240,0,COMPLETE,
2026-04-22 08:00:00,1.35261,1.35352,1.3499,1.35023,240,240,0,COMPLETE,
2026-04-22 12:00:00,1.35022,1.35243,1.34915,1.35031,240,240,0,COMPLETE,
2026-04-22 16:00:00,1.35034,1.35162,1.3495,1.35032,240,240,0,COMPLETE,
2026-04-22 20:00:00,1.35033,1.3505,1.3498,1.34995,239,240,1,UNEXPECTED_INCOMPLETE,UNEXPECTED
2026-04-23 00:00:00,1.34995,1.35099,1.34787,1.34853,240,240,0,COMPLETE,
2026-04-23 04:00:00,1.34854,1.34994,1.3481,1.34885,240,240,0,COMPLETE,
2026-04-23 08:00:00,1.34883,1.35126,1.3483,1.35051,240,240,0,COMPLETE,
2026-04-23 12:00:00,1.35049,1.35181,1.34778,1.3493,240,240,0,COMPLETE,
2026-04-23 16:00:00,1.34928,1.34935,1.34471,1.34674,240,240,0,COMPLETE,
2026-04-23 20:00:00,1.34673,1.34682,1.34568,1.34655,233,240,7,UNEXPECTED_INCOMPLETE,UNEXPECTED
2026-04-24 00:00:00,1.34659,1.34727,1.34531,1.34595,240,240,0,COMPLETE,
2026-04-24 04:00:00,1.34595,1.34795,1.34572,1.34762,240,240,0,COMPLETE,
2026-04-24 08:00:00,1.34759,1.35043,1.34704,1.34945,240,240,0,COMPLETE,
2026-04-24 12:00:00,1.34948,1.35195,1.34841,1.35146,240,240,0,COMPLETE,
2026-04-24 16:00:00,1.35149,1.35334,1.3508,1.35321,240,240,0,COMPLETE,
2026-04-24 20:00:00,1.3532,1.35376,1.35291,1.35301,59,240,181,EXPECTED_INCOMPLETE,EXPECTED
2026-04-25 00:00:00,,,,,0,240,240,SESSION_CLOSED_EXPECTED,EXPECTED
2026-04-25 04:00:00,,,,,0,240,240,SESSION_CLOSED_EXPECTED,EXPECTED
2026-04-25 08:00:00,,,,,0,240,240,SESSION_CLOSED_EXPECTED,EXPECTED
2026-04-25 12:00:00,,,,,0,240,240,SESSION_CLOSED_EXPECTED,EXPECTED
2026-04-25 16:00:00,,,,,0,240,240,SESSION_CLOSED_EXPECTED,EXPECTED
2026-04-25 20:00:00,,,,,0,240,240,SESSION_CLOSED_EXPECTED,EXPECTED
2026-04-26 00:00:00,,,,,0,240,240,SESSION_CLOSED_EXPECTED,EXPECTED
2026-04-26 04:00:00,,,,,0,240,240,SESSION_CLOSED_EXPECTED,EXPECTED
2026-04-26 08:00:00,,,,,0,240,240,SESSION_CLOSED_EXPECTED,EXPECTED
2026-04-26 12:00:00,,,,,0,240,240,SESSION_CLOSED_EXPECTED,EXPECTED
2026-04-26 16:00:00,,,,,0,240,240,SESSION_CLOSED_EXPECTED,EXPECTED
2026-04-26 20:00:00,1.34999,1.35203,1.34949,1.3513,174,240,66,EXPECTED_INCOMPLETE,EXPECTED
2026-04-27 00:00:00,1.35132,1.3548,1.35116,1.3544,240,240,0,COMPLETE,
2026-04-27 04:00:00,1.35437,1.35465,1.35239,1.35442,240,240,0,COMPLETE,
2026-04-27 08:00:00,1.35446,1.35631,1.35414,1.35579,240,240,0,COMPLETE,
2026-04-27 12:00:00,1.35579,1.35755,1.35368,1.35511,240,240,0,COMPLETE,
2026-04-27 16:00:00,1.35511,1.35552,1.353,1.35312,240,240,0,COMPLETE,
2026-04-27 20:00:00,1.35316,1.35375,1.35273,1.35373,238,240,2,UNEXPECTED_INCOMPLETE,UNEXPECTED
2026-04-28 00:00:00,1.35375,1.35411,1.35203,1.35313,240,240,0,COMPLETE,
2026-04-28 04:00:00,1.35316,1.3534,1.35019,1.35091,240,240,0,COMPLETE,
2026-04-28 08:00:00,1.35094,1.35149,1.34625,1.34681,240,240,0,COMPLETE,
2026-04-28 12:00:00,1.34683,1.35121,1.34632,1.35111,240,240,0,COMPLETE,
2026-04-28 16:00:00,1.35114,1.35206,1.35062,1.3516,240,240,0,COMPLETE,
2026-04-28 20:00:00,1.35162,1.35241,1.35132,1.35236,236,240,4,UNEXPECTED_INCOMPLETE,UNEXPECTED
2026-04-29 00:00:00,1.35238,1.35277,1.35099,1.3511,240,240,0,COMPLETE,
2026-04-29 04:00:00,1.35114,1.35151,1.34945,1.35044,240,240,0,COMPLETE,
2026-04-29 08:00:00,1.35041,1.35125,1.34944,1.35042,240,240,0,COMPLETE,
2026-04-29 12:00:00,1.35046,1.35133,1.34709,1.34888,240,240,0,COMPLETE,
2026-04-29 16:00:00,1.34889,1.34988,1.34569,1.34759,240,240,0,COMPLETE,
2026-04-29 20:00:00,1.34757,1.34888,1.34696,1.34877,233,240,7,UNEXPECTED_INCOMPLETE,UNEXPECTED
2026-04-30 00:00:00,1.34879,1.34951,1.34679,1.34753,240,240,0,COMPLETE,
2026-04-30 04:00:00,1.34753,1.34924,1.34536,1.3486,240,240,0,COMPLETE,
2026-04-30 08:00:00,1.34859,1.3535,1.34787,1.35169,240,240,0,COMPLETE,
2026-04-30 12:00:00,1.35169,1.35935,1.34982,1.35779,240,240,0,COMPLETE,
2026-04-30 16:00:00,1.3578,1.3612,1.35727,1.36035,240,240,0,COMPLETE,
2026-04-30 20:00:00,1.36034,1.3609,1.35979,1.36018,237,240,3,UNEXPECTED_INCOMPLETE,UNEXPECTED
2026-05-01 00:00:00,1.36019,1.36117,1.35988,1.36022,240,240,0,COMPLETE,
2026-05-01 04:00:00,1.36024,1.36224,1.35864,1.36044,240,240,0,COMPLETE,
2026-05-01 08:00:00,1.36042,1.36224,1.35912,1.36196,240,240,0,COMPLETE,
2026-05-01 12:00:00,1.36198,1.36574,1.36136,1.36187,240,240,0,COMPLETE,
2026-05-01 16:00:00,1.36188,1.3623,1.35727,1.35732,240,240,0,COMPLETE,
2026-05-01 20:00:00,1.3573,1.35784,1.35685,1.35767,59,240,181,EXPECTED_INCOMPLETE,EXPECTED
2026-05-02 00:00:00,,,,,0,240,240,SESSION_CLOSED_EXPECTED,EXPECTED
2026-05-02 04:00:00,,,,,0,240,240,SESSION_CLOSED_EXPECTED,EXPECTED
2026-05-02 08:00:00,,,,,0,240,240,SESSION_CLOSED_EXPECTED,EXPECTED
2026-05-02 12:00:00,,,,,0,240,240,SESSION_CLOSED_EXPECTED,EXPECTED
2026-05-02 16:00:00,,,,,0,240,240,SESSION_CLOSED_EXPECTED,EXPECTED
2026-05-02 20:00:00,,,,,0,240,240,SESSION_CLOSED_EXPECTED,EXPECTED
2026-05-03 00:00:00,,,,,0,240,240,SESSION_CLOSED_EXPECTED,EXPECTED
2026-05-03 04:00:00,,,,,0,240,240,SESSION_CLOSED_EXPECTED,EXPECTED
2026-05-03 08:00:00,,,,,0,240,240,SESSION_CLOSED_EXPECTED,EXPECTED
2026-05-03 12:00:00,,,,,0,240,240,SESSION_CLOSED_EXPECTED,EXPECTED
2026-05-03 16:00:00,,,,,0,240,240,SESSION_CLOSED_EXPECTED,EXPECTED
2026-05-03 20:00:00,1.35942,1.36026,1.35796,1.35807,172,240,68,EXPECTED_INCOMPLETE,EXPECTED
2026-05-04 00:00:00,1.35804,1.36011,1.35747,1.35972,240,240,0,COMPLETE,
2026-05-04 04:00:00,1.35975,1.35987,1.35625,1.35657,240,240,0,COMPLETE,
2026-05-04 08:00:00,1.35655,1.35669,1.3523,1.35407,240,240,0,COMPLETE,
2026-05-04 12:00:00,1.3541,1.35691,1.35246,1.35326,240,240,0,COMPLETE,
2026-05-04 16:00:00,1.35321,1.35419,1.3512,1.35365,240,240,0,COMPLETE,
2026-05-04 20:00:00,1.35362,1.35367,1.35216,1.35308,231,240,9,UNEXPECTED_INCOMPLETE,UNEXPECTED
2026-05-05 00:00:00,1.35308,1.35345,1.35174,1.35209,240,240,0,COMPLETE,
2026-05-05 04:00:00,1.35207,1.35475,1.35134,1.35374,240,240,0,COMPLETE,
2026-05-05 08:00:00,1.35375,1.35509,1.35303,1.35403,240,240,0,COMPLETE,
2026-05-05 12:00:00,1.35404,1.35779,1.35312,1.35735,240,240,0,COMPLETE,
2026-05-05 16:00:00,1.35733,1.35758,1.35404,1.35427,240,240,0,COMPLETE,
2026-05-05 20:00:00,1.35425,1.35794,1.35342,1.35674,236,240,4,UNEXPECTED_INCOMPLETE,UNEXPECTED
2026-05-06 00:00:00,1.35678,1.35799,1.35633,1.35646,240,240,0,COMPLETE,
2026-05-06 04:00:00,1.35649,1.3599,1.35627,1.35982,240,240,0,COMPLETE,
2026-05-06 08:00:00,1.35986,1.36429,1.35915,1.36231,240,240,0,COMPLETE,
2026-05-06 12:00:00,1.36231,1.36238,1.35935,1.35954,240,240,0,COMPLETE,
2026-05-06 16:00:00,1.35951,1.35992,1.35779,1.35927,240,240,0,COMPLETE,
2026-05-06 20:00:00,1.35925,1.35962,1.3589,1.35907,233,240,7,UNEXPECTED_INCOMPLETE,UNEXPECTED
2026-05-07 00:00:00,1.35905,1.3608,1.35894,1.35926,240,240,0,COMPLETE,
2026-05-07 04:00:00,1.35923,1.36241,1.35903,1.36202,240,240,0,COMPLETE,
2026-05-07 08:00:00,1.36205,1.363,1.36092,1.36172,240,240,0,COMPLETE,
2026-05-07 12:00:00,1.36175,1.36322,1.36063,1.36076,240,240,0,COMPLETE,
2026-05-07 16:00:00,1.36073,1.36098,1.35613,1.35619,240,240,0,COMPLETE,
2026-05-07 20:00:00,1.35622,1.35756,1.35431,1.35551,236,240,4,UNEXPECTED_INCOMPLETE,UNEXPECTED
2026-05-08 00:00:00,1.35551,1.35608,1.35484,1.35542,240,240,0,COMPLETE,
2026-05-08 04:00:00,1.35542,1.35898,1.35491,1.35811,240,240,0,COMPLETE,
2026-05-08 08:00:00,1.3581,1.36225,1.35781,1.36122,240,240,0,COMPLETE,
2026-05-08 12:00:00,1.36123,1.36305,1.36009,1.36234,240,240,0,COMPLETE,
2026-05-08 16:00:00,1.36232,1.36308,1.36154,1.36276,240,240,0,COMPLETE,
2026-05-08 20:00:00,1.36277,1.36365,1.36266,1.36322,59,240,181,EXPECTED_INCOMPLETE,EXPECTED
2026-05-09 00:00:00,,,,,0,240,240,SESSION_CLOSED_EXPECTED,EXPECTED
2026-05-09 04:00:00,,,,,0,240,240,SESSION_CLOSED_EXPECTED,EXPECTED
2026-05-09 08:00:00,,,,,0,240,240,SESSION_CLOSED_EXPECTED,EXPECTED
2026-05-09 12:00:00,,,,,0,240,240,SESSION_CLOSED_EXPECTED,EXPECTED
2026-05-09 16:00:00,,,,,0,240,240,SESSION_CLOSED_EXPECTED,EXPECTED
2026-05-09 20:00:00,,,,,0,240,240,SESSION_CLOSED_EXPECTED,EXPECTED
2026-05-10 00:00:00,,,,,0,240,240,SESSION_CLOSED_EXPECTED,EXPECTED
2026-05-10 04:00:00,,,,,0,240,240,SESSION_CLOSED_EXPECTED,EXPECTED
2026-05-10 08:00:00,,,,,0,240,240,SESSION_CLOSED_EXPECTED,EXPECTED
2026-05-10 12:00:00,,,,,0,240,240,SESSION_CLOSED_EXPECTED,EXPECTED
2026-05-10 16:00:00,,,,,0,240,240,SESSION_CLOSED_EXPECTED,EXPECTED
2026-05-10 20:00:00,1.35491,1.35968,1.35436,1.35936,175,240,65,EXPECTED_INCOMPLETE,EXPECTED
2026-05-11 00:00:00,1.35934,1.36007,1.35878,1.35887,240,240,0,COMPLETE,
2026-05-11 04:00:00,1.35887,1.36031,1.35787,1.3599,240,240,0,COMPLETE,
2026-05-11 08:00:00,1.35991,1.36142,1.35853,1.36065,240,240,0,COMPLETE,
2026-05-11 12:00:00,1.36068,1.36528,1.35993,1.36491,240,240,0,COMPLETE,
2026-05-11 16:00:00,1.36494,1.36495,1.36164,1.36175,240,240,0,COMPLETE,
2026-05-11 20:00:00,1.36177,1.36199,1.36025,1.36036,238,240,2,UNEXPECTED_INCOMPLETE,UNEXPECTED
2026-05-12 00:00:00,1.36036,1.36046,1.35795,1.35827,240,240,0,COMPLETE,
2026-05-12 04:00:00,1.35828,1.35865,1.35143,1.35179,240,240,0,COMPLETE,
2026-05-12 08:00:00,1.35181,1.35529,1.35017,1.3532,240,240,0,COMPLETE,
2026-05-12 12:00:00,1.35324,1.35428,1.34997,1.35261,240,240,0,COMPLETE,
2026-05-12 16:00:00,1.3526,1.35438,1.35147,1.35393,240,240,0,COMPLETE,
2026-05-12 20:00:00,1.35394,1.35423,1.35326,1.35346,236,240,4,UNEXPECTED_INCOMPLETE,UNEXPECTED
2026-05-13 00:00:00,1.35344,1.3546,1.35277,1.35376,240,240,0,COMPLETE,
2026-05-13 04:00:00,1.35376,1.3551,1.35194,1.35205,240,240,0,COMPLETE,
2026-05-13 08:00:00,1.35202,1.35338,1.34935,1.35031,240,240,0,COMPLETE,
2026-05-13 12:00:00,1.35027,1.3529,1.34838,1.35186,240,240,0,COMPLETE,
2026-05-13 16:00:00,1.35184,1.35275,1.35103,1.35222,240,240,0,COMPLETE,
2026-05-13 20:00:00,1.35219,1.35319,1.35186,1.35264,238,240,2,UNEXPECTED_INCOMPLETE,UNEXPECTED
2026-05-14 00:00:00,1.35264,1.35323,1.35202,1.3526,240,240,0,COMPLETE,
2026-05-14 04:00:00,1.3526,1.35324,1.35045,1.35054,240,240,0,COMPLETE,
2026-05-14 08:00:00,1.35051,1.35204,1.34947,1.34995,240,240,0,COMPLETE,
2026-05-14 12:00:00,1.34993,1.3518,1.34723,1.34773,240,240,0,COMPLETE,
2026-05-14 16:00:00,1.34771,1.34786,1.33944,1.33995,240,240,0,COMPLETE,
2026-05-14 20:00:00,1.33997,1.34027,1.33845,1.33904,239,240,1,UNEXPECTED_INCOMPLETE,UNEXPECTED
2026-05-15 00:00:00,1.33907,1.33921,1.33634,1.33758,240,240,0,COMPLETE,
2026-05-15 04:00:00,1.33755,1.33755,1.33342,1.33637,240,240,0,COMPLETE,
2026-05-15 08:00:00,1.33641,1.33928,1.33275,1.33592,240,240,0,COMPLETE,
2026-05-15 12:00:00,1.3359,1.33631,1.33154,1.33299,240,240,0,COMPLETE,
2026-05-15 16:00:00,1.33301,1.3338,1.33155,1.33185,240,240,0,COMPLETE,
2026-05-15 20:00:00,1.33182,1.33264,1.33146,1.33239,59,240,181,EXPECTED_INCOMPLETE,EXPECTED
2026-05-16 00:00:00,,,,,0,240,240,SESSION_CLOSED_EXPECTED,EXPECTED
2026-05-16 04:00:00,,,,,0,240,240,SESSION_CLOSED_EXPECTED,EXPECTED
2026-05-16 08:00:00,,,,,0,240,240,SESSION_CLOSED_EXPECTED,EXPECTED
2026-05-16 12:00:00,,,,,0,240,240,SESSION_CLOSED_EXPECTED,EXPECTED
2026-05-16 16:00:00,,,,,0,240,240,SESSION_CLOSED_EXPECTED,EXPECTED
2026-05-16 20:00:00,,,,,0,240,240,SESSION_CLOSED_EXPECTED,EXPECTED
2026-05-17 00:00:00,,,,,0,240,240,SESSION_CLOSED_EXPECTED,EXPECTED
2026-05-17 04:00:00,,,,,0,240,240,SESSION_CLOSED_EXPECTED,EXPECTED
2026-05-17 08:00:00,,,,,0,240,240,SESSION_CLOSED_EXPECTED,EXPECTED
2026-05-17 12:00:00,,,,,0,240,240,SESSION_CLOSED_EXPECTED,EXPECTED
2026-05-17 16:00:00,,,,,0,240,240,SESSION_CLOSED_EXPECTED,EXPECTED
2026-05-17 20:00:00,1.33129,1.33255,1.33074,1.33092,173,240,67,EXPECTED_INCOMPLETE,EXPECTED
2026-05-18 00:00:00,1.33093,1.33184,1.33017,1.33129,240,240,0,COMPLETE,
2026-05-18 04:00:00,1.33128,1.33581,1.33116,1.33519,240,240,0,COMPLETE,
2026-05-18 08:00:00,1.33518,1.3384,1.33462,1.33757,240,240,0,COMPLETE,
2026-05-18 12:00:00,1.33757,1.34271,1.33745,1.34177,240,240,0,COMPLETE,
2026-05-18 16:00:00,1.34175,1.34489,1.34001,1.34294,240,240,0,COMPLETE,
2026-05-18 20:00:00,1.34296,1.34388,1.34253,1.34308,237,240,3,UNEXPECTED_INCOMPLETE,UNEXPECTED
2026-05-19 00:00:00,1.34308,1.34341,1.34087,1.3413,240,240,0,COMPLETE,
2026-05-19 04:00:00,1.34132,1.34178,1.33896,1.34014,240,240,0,COMPLETE,
2026-05-19 08:00:00,1.34018,1.34155,1.33867,1.34028,240,240,0,COMPLETE,
2026-05-19 12:00:00,1.34024,1.34196,1.33778,1.33982,240,240,0,COMPLETE,
2026-05-19 16:00:00,1.33985,1.34116,1.33876,1.33998,240,240,0,COMPLETE,
2026-05-19 20:00:00,1.33999,1.34039,1.33886,1.33953,237,240,3,UNEXPECTED_INCOMPLETE,UNEXPECTED
2026-05-20 00:00:00,1.33951,1.34029,1.33774,1.33993,240,240,0,COMPLETE,
2026-05-20 04:00:00,1.33994,1.34064,1.33754,1.33854,240,240,0,COMPLETE,
2026-05-20 08:00:00,1.33851,1.34074,1.33747,1.33992,240,240,0,COMPLETE,
2026-05-20 12:00:00,1.33991,1.34631,1.33826,1.34409,240,240,0,COMPLETE,
2026-05-20 16:00:00,1.34409,1.34537,1.34321,1.34371,240,240,0,COMPLETE,
2026-05-20 20:00:00,1.34369,1.34405,1.34291,1.34335,239,240,1,UNEXPECTED_INCOMPLETE,UNEXPECTED
2026-05-21 00:00:00,1.34336,1.34453,1.34187,1.34263,240,240,0,COMPLETE,
2026-05-21 04:00:00,1.3426,1.34397,1.34153,1.34291,240,240,0,COMPLETE,
2026-05-21 08:00:00,1.34294,1.34545,1.34148,1.34215,240,240,0,COMPLETE,
2026-05-21 12:00:00,1.34212,1.34293,1.33919,1.34047,240,240,0,COMPLETE,
2026-05-21 16:00:00,1.3405,1.34488,1.34005,1.34355,240,240,0,COMPLETE,
2026-05-21 20:00:00,1.34357,1.34403,1.34226,1.34316,236,240,4,UNEXPECTED_INCOMPLETE,UNEXPECTED
2026-05-22 00:00:00,1.34316,1.34322,1.34226,1.34257,240,240,0,COMPLETE,
2026-05-22 04:00:00,1.34257,1.34321,1.34127,1.34245,240,240,0,COMPLETE,
2026-05-22 08:00:00,1.34247,1.34383,1.34162,1.34206,240,240,0,COMPLETE,
2026-05-22 12:00:00,1.34206,1.34627,1.34163,1.34365,240,240,0,COMPLETE,
2026-05-22 16:00:00,1.34364,1.34531,1.34331,1.34399,240,240,0,COMPLETE,
2026-05-22 20:00:00,1.34398,1.34416,1.34288,1.34312,59,240,181,EXPECTED_INCOMPLETE,EXPECTED
2026-05-23 00:00:00,,,,,0,240,240,SESSION_CLOSED_EXPECTED,EXPECTED
2026-05-23 04:00:00,,,,,0,240,240,SESSION_CLOSED_EXPECTED,EXPECTED
2026-05-23 08:00:00,,,,,0,240,240,SESSION_CLOSED_EXPECTED,EXPECTED
2026-05-23 12:00:00,,,,,0,240,240,SESSION_CLOSED_EXPECTED,EXPECTED
2026-05-23 16:00:00,,,,,0,240,240,SESSION_CLOSED_EXPECTED,EXPECTED
2026-05-23 20:00:00,,,,,0,240,240,SESSION_CLOSED_EXPECTED,EXPECTED
2026-05-24 00:00:00,,,,,0,240,240,SESSION_CLOSED_EXPECTED,EXPECTED
2026-05-24 04:00:00,,,,,0,240,240,SESSION_CLOSED_EXPECTED,EXPECTED
2026-05-24 08:00:00,,,,,0,240,240,SESSION_CLOSED_EXPECTED,EXPECTED
2026-05-24 12:00:00,,,,,0,240,240,SESSION_CLOSED_EXPECTED,EXPECTED
2026-05-24 16:00:00,,,,,0,240,240,SESSION_CLOSED_EXPECTED,EXPECTED
2026-05-24 20:00:00,1.34377,1.34879,1.34367,1.34806,173,240,67,EXPECTED_INCOMPLETE,EXPECTED
2026-05-25 00:00:00,1.34803,1.34901,1.34737,1.34747,240,240,0,COMPLETE,
2026-05-25 04:00:00,1.34745,1.34886,1.34705,1.34842,240,240,0,COMPLETE,
2026-05-25 08:00:00,1.34844,1.35057,1.34781,1.34976,240,240,0,COMPLETE,
2026-05-25 12:00:00,1.3498,1.35065,1.34923,1.35013,240,240,0,COMPLETE,
2026-05-25 16:00:00,1.35012,1.35088,1.34985,1.35075,240,240,0,COMPLETE,
2026-05-25 20:00:00,1.35075,1.35081,1.34949,1.34955,237,240,3,UNEXPECTED_INCOMPLETE,UNEXPECTED
2026-05-26 00:00:00,1.34957,1.34968,1.34822,1.34885,240,240,0,COMPLETE,
2026-05-26 04:00:00,1.34885,1.34888,1.34644,1.34745,240,240,0,COMPLETE,
2026-05-26 08:00:00,1.34748,1.34889,1.34677,1.3469,240,240,0,COMPLETE,
2026-05-26 12:00:00,1.34687,1.34746,1.3434,1.34356,240,240,0,COMPLETE,
2026-05-26 16:00:00,1.34357,1.34496,1.34343,1.34483,240,240,0,COMPLETE,
2026-05-26 20:00:00,1.34484,1.34587,1.34425,1.34544,238,240,2,UNEXPECTED_INCOMPLETE,UNEXPECTED
2026-05-27 00:00:00,1.34544,1.34584,1.34457,1.34541,240,240,0,COMPLETE,
2026-05-27 04:00:00,1.34541,1.34565,1.34413,1.34424,240,240,0,COMPLETE,
2026-05-27 08:00:00,1.34424,1.3452,1.34299,1.34345,240,240,0,COMPLETE,
2026-05-27 12:00:00,1.34347,1.34579,1.3416,1.34286,240,240,0,COMPLETE,
2026-05-27 16:00:00,1.34288,1.34328,1.34168,1.34301,240,240,0,COMPLETE,
2026-05-27 20:00:00,1.34302,1.34326,1.34139,1.34156,238,240,2,UNEXPECTED_INCOMPLETE,UNEXPECTED
2026-05-28 00:00:00,1.34153,1.34199,1.3368,1.33683,240,240,0,COMPLETE,
2026-05-28 04:00:00,1.3368,1.34113,1.33668,1.3402,240,240,0,COMPLETE,
2026-05-28 08:00:00,1.34019,1.34101,1.33857,1.34061,240,240,0,COMPLETE,
2026-05-28 12:00:00,1.3406,1.34508,1.34025,1.34353,240,240,0,COMPLETE,
2026-05-28 16:00:00,1.34352,1.34483,1.34317,1.34392,240,240,0,COMPLETE,
2026-05-28 20:00:00,1.34388,1.34455,1.34378,1.34436,238,240,2,UNEXPECTED_INCOMPLETE,UNEXPECTED
2026-05-29 00:00:00,1.34436,1.34503,1.343,1.34321,240,240,0,COMPLETE,
2026-05-29 04:00:00,1.34323,1.34444,1.34174,1.34259,240,240,0,COMPLETE,
2026-05-29 08:00:00,1.34257,1.34295,1.3408,1.34283,240,240,0,COMPLETE,
2026-05-29 12:00:00,1.34285,1.3485,1.34208,1.34742,240,240,0,COMPLETE,
2026-05-29 16:00:00,1.34742,1.34756,1.34546,1.34673,240,240,0,COMPLETE,
2026-05-29 20:00:00,1.34675,1.3468,1.34525,1.34547,59,240,181,EXPECTED_INCOMPLETE,EXPECTED
2026-05-30 00:00:00,,,,,0,240,240,SESSION_CLOSED_EXPECTED,EXPECTED
2026-05-30 04:00:00,,,,,0,240,240,SESSION_CLOSED_EXPECTED,EXPECTED
2026-05-30 08:00:00,,,,,0,240,240,SESSION_CLOSED_EXPECTED,EXPECTED
2026-05-30 12:00:00,,,,,0,240,240,SESSION_CLOSED_EXPECTED,EXPECTED
2026-05-30 16:00:00,,,,,0,240,240,SESSION_CLOSED_EXPECTED,EXPECTED
2026-05-30 20:00:00,,,,,0,240,240,SESSION_CLOSED_EXPECTED,EXPECTED
2026-05-31 00:00:00,,,,,0,240,240,SESSION_CLOSED_EXPECTED,EXPECTED
2026-05-31 04:00:00,,,,,0,240,240,SESSION_CLOSED_EXPECTED,EXPECTED
2026-05-31 08:00:00,,,,,0,240,240,SESSION_CLOSED_EXPECTED,EXPECTED
2026-05-31 12:00:00,,,,,0,240,240,SESSION_CLOSED_EXPECTED,EXPECTED
2026-05-31 16:00:00,,,,,0,240,240,SESSION_CLOSED_EXPECTED,EXPECTED
2026-05-31 20:00:00,1.34523,1.34595,1.34434,1.34503,173,240,67,EXPECTED_INCOMPLETE,EXPECTED
2026-06-01 00:00:00,1.34507,1.34591,1.34451,1.34496,240,240,0,COMPLETE,
2026-06-01 04:00:00,1.34497,1.34757,1.34489,1.34605,240,240,0,COMPLETE,
2026-06-01 08:00:00,1.34605,1.34748,1.34548,1.3465,240,240,0,COMPLETE,
2026-06-01 12:00:00,1.3465,1.34686,1.34063,1.34487,240,240,0,COMPLETE,
2026-06-01 16:00:00,1.34487,1.34699,1.34401,1.34588,240,240,0,COMPLETE,
2026-06-01 20:00:00,1.34584,1.34607,1.34503,1.34593,231,240,9,UNEXPECTED_INCOMPLETE,UNEXPECTED
2026-06-02 00:00:00,1.34595,1.34618,1.34503,1.34579,240,240,0,COMPLETE,
2026-06-02 04:00:00,1.34577,1.34812,1.34567,1.34716,240,240,0,COMPLETE,
2026-06-02 08:00:00,1.3472,1.34766,1.34601,1.34734,240,240,0,COMPLETE,
2026-06-02 12:00:00,1.34737,1.34804,1.34627,1.34787,240,240,0,COMPLETE,
2026-06-02 16:00:00,1.34787,1.34796,1.34528,1.34681,240,240,0,COMPLETE,
2026-06-02 20:00:00,1.3468,1.34714,1.34497,1.34525,236,240,4,UNEXPECTED_INCOMPLETE,UNEXPECTED
2026-06-03 00:00:00,1.34524,1.34717,1.34511,1.34626,240,240,0,COMPLETE,
2026-06-03 04:00:00,1.34626,1.34637,1.34364,1.34558,240,240,0,COMPLETE,
2026-06-03 08:00:00,1.34559,1.34595,1.34401,1.34496,240,240,0,COMPLETE,
2026-06-03 12:00:00,1.34494,1.34507,1.34209,1.34343,240,240,0,COMPLETE,
2026-06-03 16:00:00,1.34344,1.34348,1.34116,1.34194,240,240,0,COMPLETE,
2026-06-03 20:00:00,1.34195,1.34283,1.34113,1.3426,237,240,3,UNEXPECTED_INCOMPLETE,UNEXPECTED
2026-06-04 00:00:00,1.34258,1.34315,1.34167,1.34224,240,240,0,COMPLETE,
2026-06-04 04:00:00,1.34224,1.34344,1.34111,1.34213,240,240,0,COMPLETE,
2026-06-04 08:00:00,1.34212,1.34621,1.34209,1.34584,240,240,0,COMPLETE,
2026-06-04 12:00:00,1.34582,1.34622,1.34292,1.34387,240,240,0,COMPLETE,
2026-06-04 16:00:00,1.34389,1.34417,1.34213,1.34237,240,240,0,COMPLETE,
2026-06-04 20:00:00,1.34236,1.34258,1.3418,1.34223,240,240,0,COMPLETE,
2026-06-05 00:00:00,1.3422,1.34282,1.34155,1.34265,240,240,0,COMPLETE,
2026-06-05 04:00:00,1.34267,1.34481,1.34232,1.34445,240,240,0,COMPLETE,
2026-06-05 08:00:00,1.34449,1.34828,1.34439,1.3468,240,240,0,COMPLETE,
2026-06-05 12:00:00,1.34683,1.34687,1.33561,1.33584,240,240,0,COMPLETE,
2026-06-05 16:00:00,1.33583,1.33591,1.33297,1.33374,240,240,0,COMPLETE,
2026-06-05 20:00:00,1.33372,1.33405,1.33302,1.33398,59,240,181,EXPECTED_INCOMPLETE,EXPECTED
2026-06-06 00:00:00,,,,,0,240,240,SESSION_CLOSED_EXPECTED,EXPECTED
2026-06-06 04:00:00,,,,,0,240,240,SESSION_CLOSED_EXPECTED,EXPECTED
2026-06-06 08:00:00,,,,,0,240,240,SESSION_CLOSED_EXPECTED,EXPECTED
2026-06-06 12:00:00,,,,,0,240,240,SESSION_CLOSED_EXPECTED,EXPECTED
2026-06-06 16:00:00,,,,,0,240,240,SESSION_CLOSED_EXPECTED,EXPECTED
2026-06-06 20:00:00,,,,,0,240,240,SESSION_CLOSED_EXPECTED,EXPECTED
2026-06-07 00:00:00,,,,,0,240,240,SESSION_CLOSED_EXPECTED,EXPECTED
2026-06-07 04:00:00,,,,,0,240,240,SESSION_CLOSED_EXPECTED,EXPECTED
2026-06-07 08:00:00,,,,,0,240,240,SESSION_CLOSED_EXPECTED,EXPECTED
2026-06-07 12:00:00,,,,,0,240,240,SESSION_CLOSED_EXPECTED,EXPECTED
2026-06-07 16:00:00,,,,,0,240,240,SESSION_CLOSED_EXPECTED,EXPECTED
2026-06-07 20:00:00,1.33281,1.33359,1.33148,1.33347,174,240,66,EXPECTED_INCOMPLETE,EXPECTED
2026-06-08 00:00:00,1.33349,1.335,1.33182,1.33408,240,240,0,COMPLETE,
2026-06-08 04:00:00,1.33408,1.33484,1.33194,1.33274,240,240,0,COMPLETE,
2026-06-08 08:00:00,1.33274,1.33692,1.33052,1.3359,240,240,0,COMPLETE,
2026-06-08 12:00:00,1.33591,1.33672,1.33348,1.33463,240,240,0,COMPLETE,
2026-06-08 16:00:00,1.33461,1.33523,1.33374,1.33409,240,240,0,COMPLETE,
2026-06-08 20:00:00,1.33408,1.33429,1.33323,1.33334,237,240,3,UNEXPECTED_INCOMPLETE,UNEXPECTED
2026-06-09 00:00:00,1.33333,1.33525,1.33304,1.33488,240,240,0,COMPLETE,
2026-06-09 04:00:00,1.33488,1.33746,1.33473,1.33671,240,240,0,COMPLETE,
2026-06-09 08:00:00,1.33672,1.34059,1.3364,1.34021,240,240,0,COMPLETE,
2026-06-09 12:00:00,1.34023,1.34108,1.33724,1.33864,240,240,0,COMPLETE,
2026-06-09 16:00:00,1.33866,1.33904,1.33581,1.33793,240,240,0,COMPLETE,
2026-06-09 20:00:00,1.3379,1.33825,1.33611,1.33712,238,240,2,UNEXPECTED_INCOMPLETE,UNEXPECTED
2026-06-10 00:00:00,1.33716,1.33904,1.33676,1.33884,240,240,0,COMPLETE,
2026-06-10 04:00:00,1.33881,1.3397,1.33791,1.33902,240,240,0,COMPLETE,
2026-06-10 08:00:00,1.33906,1.33993,1.33754,1.3378,240,240,0,COMPLETE,
2026-06-10 12:00:00,1.33782,1.34231,1.33706,1.33893,240,240,0,COMPLETE,
2026-06-10 16:00:00,1.33892,1.33973,1.33713,1.33718,240,240,0,COMPLETE,
2026-06-10 20:00:00,1.33717,1.33722,1.33494,1.33611,238,240,2,UNEXPECTED_INCOMPLETE,UNEXPECTED
2026-06-11 00:00:00,1.33614,1.33915,1.33614,1.33782,240,240,0,COMPLETE,
2026-06-11 04:00:00,1.33783,1.33914,1.33747,1.3382,240,240,0,COMPLETE,
2026-06-11 08:00:00,1.33818,1.33835,1.33521,1.3365,240,240,0,COMPLETE,
2026-06-11 12:00:00,1.33649,1.33675,1.33241,1.33352,240,240,0,COMPLETE,
2026-06-11 16:00:00,1.33354,1.34331,1.3326,1.34157,240,240,0,COMPLETE,
2026-06-11 20:00:00,1.3416,1.3426,1.34084,1.34136,230,240,10,UNEXPECTED_INCOMPLETE,UNEXPECTED
2026-06-12 00:00:00,1.34138,1.3417,1.33994,1.34141,240,240,0,COMPLETE,
2026-06-12 04:00:00,1.34143,1.34177,1.3383,1.33972,240,240,0,COMPLETE,
2026-06-12 08:00:00,1.33976,1.34252,1.33938,1.34091,240,240,0,COMPLETE,
2026-06-12 12:00:00,1.34086,1.34236,1.33892,1.34127,240,240,0,COMPLETE,
2026-06-12 16:00:00,1.34124,1.34213,1.34071,1.34107,240,240,0,COMPLETE,
2026-06-12 20:00:00,1.34105,1.34111,1.34012,1.34046,59,240,181,EXPECTED_INCOMPLETE,EXPECTED
2026-06-13 00:00:00,,,,,0,240,240,SESSION_CLOSED_EXPECTED,EXPECTED
2026-06-13 04:00:00,,,,,0,240,240,SESSION_CLOSED_EXPECTED,EXPECTED
2026-06-13 08:00:00,,,,,0,240,240,SESSION_CLOSED_EXPECTED,EXPECTED
2026-06-13 12:00:00,,,,,0,240,240,SESSION_CLOSED_EXPECTED,EXPECTED
2026-06-13 16:00:00,,,,,0,240,240,SESSION_CLOSED_EXPECTED,EXPECTED
2026-06-13 20:00:00,,,,,0,240,240,SESSION_CLOSED_EXPECTED,EXPECTED
2026-06-14 00:00:00,,,,,0,240,240,SESSION_CLOSED_EXPECTED,EXPECTED
2026-06-14 04:00:00,,,,,0,240,240,SESSION_CLOSED_EXPECTED,EXPECTED
2026-06-14 08:00:00,,,,,0,240,240,SESSION_CLOSED_EXPECTED,EXPECTED
2026-06-14 12:00:00,,,,,0,240,240,SESSION_CLOSED_EXPECTED,EXPECTED
2026-06-14 16:00:00,,,,,0,240,240,SESSION_CLOSED_EXPECTED,EXPECTED
2026-06-14 20:00:00,1.34062,1.3454,1.3396,1.3449,173,240,67,EXPECTED_INCOMPLETE,EXPECTED
2026-06-15 00:00:00,1.34488,1.34605,1.34325,1.34422,240,240,0,COMPLETE,
2026-06-15 04:00:00,1.34422,1.34597,1.34277,1.34321,240,240,0,COMPLETE,
2026-06-15 08:00:00,1.34323,1.34358,1.34181,1.3423,240,240,0,COMPLETE,
2026-06-15 12:00:00,1.34226,1.3444,1.34164,1.34249,240,240,0,COMPLETE,
2026-06-15 16:00:00,1.34248,1.34332,1.34073,1.34085,240,240,0,COMPLETE,
2026-06-15 20:00:00,1.34082,1.34164,1.34039,1.34152,240,240,0,COMPLETE,
2026-06-16 00:00:00,1.34152,1.34177,1.33967,1.34029,240,240,0,COMPLETE,
2026-06-16 04:00:00,1.3403,1.34158,1.33898,1.34156,240,240,0,COMPLETE,
2026-06-16 08:00:00,1.34156,1.34312,1.34109,1.3415,240,240,0,COMPLETE,
2026-06-16 12:00:00,1.34151,1.34428,1.34024,1.34366,240,240,0,COMPLETE,
2026-06-16 16:00:00,1.34369,1.34396,1.34214,1.34235,240,240,0,COMPLETE,
2026-06-16 20:00:00,1.34233,1.34306,1.34212,1.3425,239,240,1,UNEXPECTED_INCOMPLETE,UNEXPECTED
2026-06-17 00:00:00,1.34251,1.34334,1.34235,1.34268,240,240,0,COMPLETE,
2026-06-17 04:00:00,1.34266,1.34376,1.3408,1.34204,240,240,0,COMPLETE,
2026-06-17 08:00:00,1.34207,1.34207,1.33989,1.34046,240,240,0,COMPLETE,
2026-06-17 12:00:00,1.34048,1.3418,1.33843,1.33957,240,240,0,COMPLETE,
2026-06-17 16:00:00,1.33957,1.34031,1.32618,1.32845,240,240,0,COMPLETE,
2026-06-17 20:00:00,1.32849,1.33023,1.32768,1.33002,234,240,6,UNEXPECTED_INCOMPLETE,UNEXPECTED
2026-06-18 00:00:00,1.33004,1.33184,1.33,1.33163,240,240,0,COMPLETE,
2026-06-18 04:00:00,1.33166,1.33246,1.32888,1.32965,240,240,0,COMPLETE,
2026-06-18 08:00:00,1.32965,1.32967,1.32045,1.32105,240,240,0,COMPLETE,
2026-06-18 12:00:00,1.32101,1.32531,1.32092,1.32251,240,240,0,COMPLETE,
2026-06-18 16:00:00,1.32253,1.32301,1.31925,1.31989,240,240,0,COMPLETE,
2026-06-18 20:00:00,1.31993,1.32071,1.31966,1.32012,231,240,9,UNEXPECTED_INCOMPLETE,UNEXPECTED
2026-06-19 00:00:00,1.32014,1.32111,1.31852,1.3187,240,240,0,COMPLETE,
2026-06-19 04:00:00,1.31871,1.32076,1.31627,1.31948,240,240,0,COMPLETE,
2026-06-19 08:00:00,1.31952,1.32404,1.31949,1.32288,240,240,0,COMPLETE,
2026-06-19 12:00:00,1.32291,1.32398,1.3213,1.32197,240,240,0,COMPLETE,
2026-06-19 16:00:00,1.32199,1.3238,1.32172,1.32329,240,240,0,COMPLETE,
2026-06-19 20:00:00,1.32329,1.32399,1.32219,1.32334,59,240,181,EXPECTED_INCOMPLETE,EXPECTED
2026-06-20 00:00:00,,,,,0,240,240,SESSION_CLOSED_EXPECTED,EXPECTED
2026-06-20 04:00:00,,,,,0,240,240,SESSION_CLOSED_EXPECTED,EXPECTED
2026-06-20 08:00:00,,,,,0,240,240,SESSION_CLOSED_EXPECTED,EXPECTED
2026-06-20 12:00:00,,,,,0,240,240,SESSION_CLOSED_EXPECTED,EXPECTED
2026-06-20 16:00:00,,,,,0,240,240,SESSION_CLOSED_EXPECTED,EXPECTED
2026-06-20 20:00:00,,,,,0,240,240,SESSION_CLOSED_EXPECTED,EXPECTED
2026-06-21 00:00:00,,,,,0,240,240,SESSION_CLOSED_EXPECTED,EXPECTED
2026-06-21 04:00:00,,,,,0,240,240,SESSION_CLOSED_EXPECTED,EXPECTED
2026-06-21 08:00:00,,,,,0,240,240,SESSION_CLOSED_EXPECTED,EXPECTED
2026-06-21 12:00:00,,,,,0,240,240,SESSION_CLOSED_EXPECTED,EXPECTED
2026-06-21 16:00:00,,,,,0,240,240,SESSION_CLOSED_EXPECTED,EXPECTED
2026-06-21 20:00:00,1.31897,1.32111,1.31856,1.32072,174,240,66,EXPECTED_INCOMPLETE,EXPECTED
2026-06-22 00:00:00,1.32075,1.32333,1.32072,1.32121,240,240,0,COMPLETE,
2026-06-22 04:00:00,1.32124,1.32203,1.3189,1.31939,240,240,0,COMPLETE,
2026-06-22 08:00:00,1.31939,1.32473,1.3183,1.32349,240,240,0,COMPLETE,
2026-06-22 12:00:00,1.32348,1.32727,1.32341,1.3247,240,240,0,COMPLETE,
2026-06-22 16:00:00,1.32474,1.32495,1.32392,1.32467,240,240,0,COMPLETE,
2026-06-22 20:00:00,1.32471,1.32519,1.32454,1.32461,230,240,10,UNEXPECTED_INCOMPLETE,UNEXPECTED
2026-06-23 00:00:00,1.32464,1.32492,1.32336,1.32482,240,240,0,COMPLETE,
2026-06-23 04:00:00,1.32485,1.32496,1.32201,1.32258,240,240,0,COMPLETE,
2026-06-23 08:00:00,1.32261,1.32353,1.32062,1.32075,240,240,0,COMPLETE,
2026-06-23 12:00:00,1.32077,1.32216,1.31844,1.31895,240,240,0,COMPLETE,
2026-06-23 16:00:00,1.31897,1.32002,1.31815,1.31947,240,240,0,COMPLETE,
2026-06-23 20:00:00,1.31949,1.32036,1.3194,1.31991,235,240,5,UNEXPECTED_INCOMPLETE,UNEXPECTED
2026-06-24 00:00:00,1.31988,1.32044,1.31865,1.31985,240,240,0,COMPLETE,
2026-06-24 04:00:00,1.31983,1.32086,1.31793,1.31865,240,240,0,COMPLETE,
2026-06-24 08:00:00,1.31859,1.31974,1.31479,1.31622,240,240,0,COMPLETE,
2026-06-24 12:00:00,1.31623,1.31713,1.31395,1.31575,240,240,0,COMPLETE,
2026-06-24 16:00:00,1.31579,1.31787,1.31532,1.31604,240,240,0,COMPLETE,
2026-06-24 20:00:00,1.31604,1.31695,1.31569,1.31636,234,240,6,UNEXPECTED_INCOMPLETE,UNEXPECTED
2026-06-25 00:00:00,1.31638,1.31832,1.31576,1.31819,240,240,0,COMPLETE,
2026-06-25 04:00:00,1.31818,1.31851,1.3167,1.31845,240,240,0,COMPLETE,
2026-06-25 08:00:00,1.31843,1.31971,1.31506,1.3155,240,240,0,COMPLETE,
2026-06-25 12:00:00,1.3155,1.32185,1.31535,1.32143,240,240,0,COMPLETE,
2026-06-25 16:00:00,1.32146,1.32188,1.31931,1.31996,240,240,0,COMPLETE,
2026-06-25 20:00:00,1.31995,1.32012,1.31834,1.31866,231,240,9,UNEXPECTED_INCOMPLETE,UNEXPECTED
2026-06-26 00:00:00,1.31871,1.31993,1.31797,1.31972,240,240,0,COMPLETE,
2026-06-26 04:00:00,1.31975,1.32113,1.31904,1.32048,240,240,0,COMPLETE,
2026-06-26 08:00:00,1.32045,1.3228,1.31985,1.32159,240,240,0,COMPLETE,
2026-06-26 12:00:00,1.32159,1.32316,1.31969,1.32208,240,240,0,COMPLETE,
2026-06-26 16:00:00,1.32205,1.32209,1.31947,1.31981,240,240,0,COMPLETE,
2026-06-26 20:00:00,1.31985,1.32035,1.31918,1.31968,59,240,181,EXPECTED_INCOMPLETE,EXPECTED
2026-06-27 00:00:00,,,,,0,240,240,SESSION_CLOSED_EXPECTED,EXPECTED
2026-06-27 04:00:00,,,,,0,240,240,SESSION_CLOSED_EXPECTED,EXPECTED
2026-06-27 08:00:00,,,,,0,240,240,SESSION_CLOSED_EXPECTED,EXPECTED
2026-06-27 12:00:00,,,,,0,240,240,SESSION_CLOSED_EXPECTED,EXPECTED
2026-06-27 16:00:00,,,,,0,240,240,SESSION_CLOSED_EXPECTED,EXPECTED
2026-06-27 20:00:00,,,,,0,240,240,SESSION_CLOSED_EXPECTED,EXPECTED
2026-06-28 00:00:00,,,,,0,240,240,SESSION_CLOSED_EXPECTED,EXPECTED
2026-06-28 04:00:00,,,,,0,240,240,SESSION_CLOSED_EXPECTED,EXPECTED
2026-06-28 08:00:00,,,,,0,240,240,SESSION_CLOSED_EXPECTED,EXPECTED
2026-06-28 12:00:00,,,,,0,240,240,SESSION_CLOSED_EXPECTED,EXPECTED
2026-06-28 16:00:00,,,,,0,240,240,SESSION_CLOSED_EXPECTED,EXPECTED
2026-06-28 20:00:00,1.31987,1.32045,1.31877,1.31963,175,240,65,EXPECTED_INCOMPLETE,EXPECTED
2026-06-29 00:00:00,1.31961,1.32097,1.31932,1.31979,240,240,0,COMPLETE,
2026-06-29 04:00:00,1.31979,1.32277,1.31957,1.32129,240,240,0,COMPLETE,
2026-06-29 08:00:00,1.32133,1.32345,1.32027,1.32307,240,240,0,COMPLETE,
2026-06-29 12:00:00,1.32308,1.32533,1.32273,1.32527,240,240,0,COMPLETE,
2026-06-29 16:00:00,1.32531,1.3262,1.325,1.32601,240,240,0,COMPLETE,
2026-06-29 20:00:00,1.32603,1.32621,1.32494,1.3253,238,240,2,UNEXPECTED_INCOMPLETE,UNEXPECTED
2026-06-30 00:00:00,1.32527,1.32542,1.3231,1.32331,240,240,0,COMPLETE,
2026-06-30 04:00:00,1.32332,1.32468,1.32223,1.32341,240,240,0,COMPLETE,
2026-06-30 08:00:00,1.32338,1.32395,1.32144,1.32262,240,240,0,COMPLETE,
2026-06-30 12:00:00,1.32263,1.32764,1.32115,1.3257,240,240,0,COMPLETE,
2026-06-30 16:00:00,1.32569,1.32647,1.32478,1.32637,240,240,0,COMPLETE,
2026-06-30 20:00:00,1.32635,1.32654,1.32486,1.32497,235,240,5,UNEXPECTED_INCOMPLETE,UNEXPECTED
2026-07-01 00:00:00,1.32497,1.32516,1.32311,1.3235,240,240,0,COMPLETE,
2026-07-01 04:00:00,1.32352,1.32456,1.32281,1.3244,240,240,0,COMPLETE,
2026-07-01 08:00:00,1.3244,1.32565,1.32387,1.32417,240,240,0,COMPLETE,
2026-07-01 12:00:00,1.3242,1.32916,1.32184,1.32772,240,240,0,COMPLETE,
2026-07-01 16:00:00,1.32774,1.32917,1.32709,1.32776,240,240,0,COMPLETE,
2026-07-01 20:00:00,1.32774,1.328,1.32655,1.32782,235,240,5,UNEXPECTED_INCOMPLETE,UNEXPECTED
2026-07-02 00:00:00,1.32782,1.32944,1.32739,1.32863,240,240,0,COMPLETE,
2026-07-02 04:00:00,1.32863,1.33379,1.32848,1.3336,240,240,0,COMPLETE,
2026-07-02 08:00:00,1.33356,1.33624,1.33079,1.331,240,240,0,COMPLETE,
2026-07-02 12:00:00,1.33098,1.33843,1.32966,1.33616,240,240,0,COMPLETE,
2026-07-02 16:00:00,1.33619,1.3362,1.33374,1.33453,240,240,0,COMPLETE,
2026-07-02 20:00:00,1.33451,1.33507,1.33369,1.33379,236,240,4,UNEXPECTED_INCOMPLETE,UNEXPECTED
2026-07-03 00:00:00,1.33379,1.3366,1.33342,1.3361,240,240,0,COMPLETE,
2026-07-03 04:00:00,1.33613,1.33807,1.33578,1.33711,240,240,0,COMPLETE,
2026-07-03 08:00:00,1.33715,1.33734,1.33487,1.33582,240,240,0,COMPLETE,
2026-07-03 12:00:00,1.33581,1.33613,1.33454,1.33549,240,240,0,COMPLETE,
2026-07-03 16:00:00,1.33549,1.33581,1.33509,1.33527,240,240,0,COMPLETE,
2026-07-03 20:00:00,1.33528,1.33538,1.33457,1.33496,59,240,181,EXPECTED_INCOMPLETE,EXPECTED
2026-07-04 00:00:00,,,,,0,240,240,SESSION_CLOSED_EXPECTED,EXPECTED
2026-07-04 04:00:00,,,,,0,240,240,SESSION_CLOSED_EXPECTED,EXPECTED
2026-07-04 08:00:00,,,,,0,240,240,SESSION_CLOSED_EXPECTED,EXPECTED
2026-07-04 12:00:00,,,,,0,240,240,SESSION_CLOSED_EXPECTED,EXPECTED
2026-07-04 16:00:00,,,,,0,240,240,SESSION_CLOSED_EXPECTED,EXPECTED
2026-07-04 20:00:00,,,,,0,240,240,SESSION_CLOSED_EXPECTED,EXPECTED
2026-07-05 00:00:00,,,,,0,240,240,SESSION_CLOSED_EXPECTED,EXPECTED
2026-07-05 04:00:00,,,,,0,240,240,SESSION_CLOSED_EXPECTED,EXPECTED
2026-07-05 08:00:00,,,,,0,240,240,SESSION_CLOSED_EXPECTED,EXPECTED
2026-07-05 12:00:00,,,,,0,240,240,SESSION_CLOSED_EXPECTED,EXPECTED
2026-07-05 16:00:00,,,,,0,240,240,SESSION_CLOSED_EXPECTED,EXPECTED
2026-07-05 20:00:00,1.33419,1.33542,1.33387,1.33518,175,240,65,EXPECTED_INCOMPLETE,EXPECTED
2026-07-06 00:00:00,1.33516,1.33562,1.33385,1.33417,240,240,0,COMPLETE,
2026-07-06 04:00:00,1.33414,1.33495,1.33282,1.33481,240,240,0,COMPLETE,
2026-07-06 08:00:00,1.33482,1.335,1.333,1.33438,240,240,0,COMPLETE,
2026-07-06 12:00:00,1.33438,1.33679,1.33367,1.33672,240,240,0,COMPLETE,
2026-07-06 16:00:00,1.33675,1.33967,1.33646,1.33914,240,240,0,COMPLETE,
2026-07-06 20:00:00,1.3391,1.34009,1.33812,1.3394,235,240,5,UNEXPECTED_INCOMPLETE,UNEXPECTED
2026-07-07 00:00:00,1.33939,1.34014,1.33873,1.33894,240,240,0,COMPLETE,
2026-07-07 04:00:00,1.33894,1.33931,1.33746,1.33769,240,240,0,COMPLETE,
2026-07-07 08:00:00,1.33768,1.3394,1.3369,1.33876,240,240,0,COMPLETE,
2026-07-07 12:00:00,1.33879,1.33924,1.33604,1.33706,240,240,0,COMPLETE,
2026-07-07 16:00:00,1.33707,1.33761,1.33483,1.33608,240,240,0,COMPLETE,
2026-07-07 20:00:00,1.33605,1.33622,1.33446,1.33462,235,240,5,UNEXPECTED_INCOMPLETE,UNEXPECTED
2026-07-08 00:00:00,1.33464,1.3359,1.33416,1.33541,240,240,0,COMPLETE,
2026-07-08 04:00:00,1.3354,1.33696,1.33501,1.33646,240,240,0,COMPLETE,
2026-07-08 08:00:00,1.33647,1.33696,1.33218,1.33356,240,240,0,COMPLETE,
2026-07-08 12:00:00,1.33358,1.33773,1.33339,1.33599,240,240,0,COMPLETE,
2026-07-08 16:00:00,1.33602,1.341,1.33597,1.34014,240,240,0,COMPLETE,
2026-07-08 20:00:00,1.34015,1.34036,1.33834,1.33933,239,240,1,UNEXPECTED_INCOMPLETE,UNEXPECTED
2026-07-09 00:00:00,1.33935,1.34039,1.33863,1.33956,240,240,0,COMPLETE,
2026-07-09 04:00:00,1.33956,1.34305,1.33929,1.34146,240,240,0,COMPLETE,
2026-07-09 08:00:00,1.34144,1.34211,1.33841,1.33882,240,240,0,COMPLETE,
2026-07-09 12:00:00,1.33883,1.34104,1.33801,1.34064,240,240,0,COMPLETE,
2026-07-09 16:00:00,1.34067,1.34191,1.34019,1.34072,240,240,0,COMPLETE,
2026-07-09 20:00:00,1.34072,1.3413,1.3396,1.3413,230,240,10,UNEXPECTED_INCOMPLETE,UNEXPECTED
2026-07-10 00:00:00,1.3413,1.34514,1.34079,1.3439,240,240,0,COMPLETE,
2026-07-10 04:00:00,1.34388,1.34388,1.34199,1.34212,240,240,0,COMPLETE,
2026-07-10 08:00:00,1.34211,1.34368,1.34081,1.34256,240,240,0,COMPLETE,
2026-07-10 12:00:00,1.34258,1.34367,1.33914,1.34201,240,240,0,COMPLETE,
2026-07-10 16:00:00,1.34201,1.34232,1.33922,1.33979,240,240,0,COMPLETE,
2026-07-10 20:00:00,1.33982,1.3402,1.33938,1.33998,59,240,181,EXPECTED_INCOMPLETE,EXPECTED
2026-07-11 00:00:00,,,,,0,240,240,SESSION_CLOSED_EXPECTED,EXPECTED
2026-07-11 04:00:00,,,,,0,240,240,SESSION_CLOSED_EXPECTED,EXPECTED
2026-07-11 08:00:00,,,,,0,240,240,SESSION_CLOSED_EXPECTED,EXPECTED
2026-07-11 12:00:00,,,,,0,240,240,SESSION_CLOSED_EXPECTED,EXPECTED
2026-07-11 16:00:00,,,,,0,240,240,SESSION_CLOSED_EXPECTED,EXPECTED
2026-07-11 20:00:00,,,,,0,240,240,SESSION_CLOSED_EXPECTED,EXPECTED
2026-07-12 00:00:00,,,,,0,240,240,SESSION_CLOSED_EXPECTED,EXPECTED
2026-07-12 04:00:00,,,,,0,240,240,SESSION_CLOSED_EXPECTED,EXPECTED
2026-07-12 08:00:00,,,,,0,240,240,SESSION_CLOSED_EXPECTED,EXPECTED
2026-07-12 12:00:00,,,,,0,240,240,SESSION_CLOSED_EXPECTED,EXPECTED
2026-07-12 16:00:00,,,,,0,240,240,SESSION_CLOSED_EXPECTED,EXPECTED
2026-07-12 20:00:00,1.33851,1.33872,1.33687,1.33861,175,240,65,EXPECTED_INCOMPLETE,EXPECTED
2026-07-13 00:00:00,1.33862,1.33871,1.33663,1.33781,240,240,0,COMPLETE,
2026-07-13 04:00:00,1.33779,1.33949,1.33738,1.33928,240,240,0,COMPLETE,
2026-07-13 08:00:00,1.33931,1.34113,1.3381,1.33931,240,240,0,COMPLETE,
2026-07-13 12:00:00,1.33929,1.34022,1.3363,1.33796,240,240,0,COMPLETE,
2026-07-13 16:00:00,1.33798,1.33838,1.33512,1.3353,240,240,0,COMPLETE,
2026-07-13 20:00:00,1.33528,1.33548,1.334,1.33492,237,240,3,UNEXPECTED_INCOMPLETE,UNEXPECTED
2026-07-14 00:00:00,1.33493,1.33637,1.3342,1.336,240,240,0,COMPLETE,
2026-07-14 04:00:00,1.33601,1.33693,1.33509,1.33569,240,240,0,COMPLETE,
2026-07-14 08:00:00,1.33573,1.33869,1.33534,1.33836,240,240,0,COMPLETE,
2026-07-14 12:00:00,1.33836,1.34431,1.33794,1.33826,240,240,0,COMPLETE,
2026-07-14 16:00:00,1.33823,1.33915,1.33676,1.33875,240,240,0,COMPLETE,
2026-07-14 20:00:00,1.33876,1.33963,1.33723,1.33961,235,240,5,UNEXPECTED_INCOMPLETE,UNEXPECTED
2026-07-15 00:00:00,1.33962,1.34088,1.33939,1.34032,240,240,0,COMPLETE,
2026-07-15 04:00:00,1.34032,1.34196,1.33999,1.34014,240,240,0,COMPLETE,
2026-07-15 08:00:00,1.34015,1.34146,1.33803,1.34095,240,240,0,COMPLETE,
2026-07-15 12:00:00,1.34092,1.34973,1.34021,1.34952,240,240,0,COMPLETE,
2026-07-15 16:00:00,1.34948,1.35578,1.34933,1.35346,240,240,0,COMPLETE,
2026-07-15 20:00:00,1.35346,1.35434,1.35316,1.35382,235,240,5,UNEXPECTED_INCOMPLETE,UNEXPECTED
2026-07-16 00:00:00,1.35382,1.35438,1.35193,1.35324,240,240,0,COMPLETE,
2026-07-16 04:00:00,1.35327,1.35421,1.35266,1.35329,240,240,0,COMPLETE,
2026-07-16 08:00:00,1.35328,1.3534,1.3493,1.35062,240,240,0,COMPLETE,
2026-07-16 12:00:00,1.35063,1.3517,1.34797,1.34827,240,240,0,COMPLETE,
2026-07-16 16:00:00,1.3483,1.34831,1.34592,1.34744,240,240,0,COMPLETE,
2026-07-16 20:00:00,1.34741,1.34799,1.34726,1.34777,238,240,2,UNEXPECTED_INCOMPLETE,UNEXPECTED
2026-07-17 00:00:00,1.34777,1.34795,1.34616,1.3465,240,240,0,COMPLETE,
2026-07-17 04:00:00,1.34653,1.34804,1.34564,1.34565,240,240,0,COMPLETE,
2026-07-17 08:00:00,1.34569,1.34621,1.34259,1.34379,240,240,0,COMPLETE,
2026-07-17 12:00:00,1.34379,1.34546,1.34276,1.34441,240,240,0,COMPLETE,
2026-07-17 16:00:00,1.34445,1.34596,1.34371,1.3458,240,240,0,COMPLETE,
2026-07-17 20:00:00,1.34582,1.34595,1.34499,1.34523,59,240,181,EXPECTED_INCOMPLETE,EXPECTED
2026-07-18 00:00:00,,,,,0,240,240,SESSION_CLOSED_EXPECTED,EXPECTED
2026-07-18 04:00:00,,,,,0,240,240,SESSION_CLOSED_EXPECTED,EXPECTED
2026-07-18 08:00:00,,,,,0,240,240,SESSION_CLOSED_EXPECTED,EXPECTED
2026-07-18 12:00:00,,,,,0,240,240,SESSION_CLOSED_EXPECTED,EXPECTED
2026-07-18 16:00:00,,,,,0,240,240,SESSION_CLOSED_EXPECTED,EXPECTED
2026-07-18 20:00:00,,,,,0,240,240,SESSION_CLOSED_EXPECTED,EXPECTED
2026-07-19 00:00:00,,,,,0,240,240,SESSION_CLOSED_EXPECTED,EXPECTED
2026-07-19 04:00:00,,,,,0,240,240,SESSION_CLOSED_EXPECTED,EXPECTED
2026-07-19 08:00:00,,,,,0,240,240,SESSION_CLOSED_EXPECTED,EXPECTED
2026-07-19 12:00:00,,,,,0,240,240,SESSION_CLOSED_EXPECTED,EXPECTED
2026-07-19 16:00:00,,,,,0,240,240,SESSION_CLOSED_EXPECTED,EXPECTED
2026-07-19 20:00:00,1.34461,1.345,1.34299,1.34448,175,240,65,EXPECTED_INCOMPLETE,EXPECTED
2026-07-20 00:00:00,1.34449,1.34629,1.34426,1.34603,240,240,0,COMPLETE,
2026-07-20 04:00:00,1.34603,1.34807,1.34568,1.34759,240,240,0,COMPLETE,
2026-07-20 08:00:00,1.3476,1.34782,1.34569,1.34624,240,240,0,COMPLETE,
2026-07-20 12:00:00,1.34623,1.34644,1.34133,1.3418,240,240,0,COMPLETE,
2026-07-20 16:00:00,1.34179,1.34391,1.34115,1.34347,240,240,0,COMPLETE,
2026-07-20 20:00:00,1.34348,1.34366,1.34181,1.34307,231,240,9,UNEXPECTED_INCOMPLETE,UNEXPECTED
2026-07-21 00:00:00,1.34308,1.34391,1.34262,1.3436,240,240,0,COMPLETE,
2026-07-21 04:00:00,1.3436,1.34552,1.34353,1.34401,240,240,0,COMPLETE,
2026-07-21 08:00:00,1.34401,1.34481,1.3401,1.34052,240,240,0,COMPLETE,
2026-07-21 12:00:00,1.34051,1.34068,1.33593,1.33726,240,240,0,COMPLETE,
2026-07-21 16:00:00,1.33727,1.33869,1.33688,1.338,240,240,0,COMPLETE,
2026-07-21 20:00:00,1.33802,1.33804,1.33702,1.33784,239,240,1,UNEXPECTED_INCOMPLETE,UNEXPECTED
2026-07-22 00:00:00,1.33783,1.33894,1.3377,1.33821,240,240,0,COMPLETE,
2026-07-22 04:00:00,1.33824,1.33952,1.33686,1.33821,240,240,0,COMPLETE,
2026-07-22 08:00:00,1.33821,1.33837,1.33629,1.33666,240,240,0,COMPLETE,
2026-07-22 12:00:00,1.33667,1.33905,1.33541,1.33759,240,240,0,COMPLETE,
2026-07-22 16:00:00,1.33757,1.3376,1.33648,1.33729,240,240,0,COMPLETE,
2026-07-22 20:00:00,1.33733,1.33765,1.33668,1.33741,235,240,5,UNEXPECTED_INCOMPLETE,UNEXPECTED
2026-07-23 00:00:00,1.33745,1.3391,1.33725,1.33878,240,240,0,COMPLETE,
2026-07-23 04:00:00,1.33879,1.33931,1.33666,1.33732,240,240,0,COMPLETE,
2026-07-23 08:00:00,1.33733,1.33771,1.33395,1.33548,240,240,0,COMPLETE,
2026-07-23 12:00:00,1.33548,1.33555,1.32983,1.33098,240,240,0,COMPLETE,
2026-07-23 16:00:00,1.33101,1.33251,1.33096,1.33166,240,240,0,COMPLETE,
2026-07-23 20:00:00,1.3317,1.33191,1.33093,1.33118,236,240,4,UNEXPECTED_INCOMPLETE,UNEXPECTED
2026-07-24 00:00:00,1.33114,1.33263,1.33107,1.3314,240,240,0,COMPLETE,
2026-07-24 04:00:00,1.33142,1.33439,1.33061,1.33352,240,240,0,COMPLETE,
2026-07-24 08:00:00,1.33354,1.33365,1.33124,1.33219,240,240,0,COMPLETE,
2026-07-24 12:00:00,1.33225,1.33484,1.33051,1.33411,240,240,0,COMPLETE,
2026-07-24 16:00:00,1.33414,1.3345,1.33208,1.33209,240,240,0,COMPLETE,
2026-07-24 20:00:00,1.3321,1.3327,1.33163,1.33238,59,240,181,EXPECTED_INCOMPLETE,EXPECTED
2026-07-25 00:00:00,,,,,0,240,240,SESSION_CLOSED_EXPECTED,EXPECTED
2026-07-25 04:00:00,,,,,0,240,240,SESSION_CLOSED_EXPECTED,EXPECTED
2026-07-25 08:00:00,,,,,0,240,240,SESSION_CLOSED_EXPECTED,EXPECTED
2026-07-25 12:00:00,,,,,0,240,240,SESSION_CLOSED_EXPECTED,EXPECTED
2026-07-25 16:00:00,,,,,0,240,240,SESSION_CLOSED_EXPECTED,EXPECTED
2026-07-25 20:00:00,,,,,0,240,240,SESSION_CLOSED_EXPECTED,EXPECTED
2026-07-26 00:00:00,,,,,0,240,240,SESSION_CLOSED_EXPECTED,EXPECTED
2026-07-26 04:00:00,,,,,0,240,240,SESSION_CLOSED_EXPECTED,EXPECTED
2026-07-26 08:00:00,,,,,0,240,240,SESSION_CLOSED_EXPECTED,EXPECTED
2026-07-26 12:00:00,,,,,0,240,240,SESSION_CLOSED_EXPECTED,EXPECTED
2026-07-26 16:00:00,,,,,0,240,240,SESSION_CLOSED_EXPECTED,EXPECTED
2026-07-26 20:00:00,1.33305,1.33561,1.33219,1.33501,175,240,65,EXPECTED_INCOMPLETE,EXPECTED
2026-07-27 00:00:00,1.33504,1.33631,1.33491,1.33523,240,240,0,COMPLETE,
2026-07-27 04:00:00,1.33524,1.33607,1.33338,1.33344,240,240,0,COMPLETE,
2026-07-27 08:00:00,1.33344,1.33407,1.33091,1.33137,240,240,0,COMPLETE,
2026-07-27 12:00:00,1.33134,1.33206,1.32987,1.33016,240,240,0,COMPLETE,
2026-07-27 16:00:00,1.3302,1.33138,1.32838,1.32915,240,240,0,COMPLETE,
2026-07-27 20:00:00,1.32911,1.32925,1.32824,1.32895,230,240,10,UNEXPECTED_INCOMPLETE,UNEXPECTED
2026-07-28 00:00:00,1.32895,1.33037,1.32853,1.32975,240,240,0,COMPLETE,
2026-07-28 04:00:00,1.32973,1.33045,1.3285,1.32912,240,240,0,COMPLETE,
2026-07-28 08:00:00,1.32912,1.3305,1.32729,1.32787,240,240,0,COMPLETE,
2026-07-28 12:00:00,1.3279,1.33106,1.32786,1.33086,240,240,0,COMPLETE,
2026-07-28 16:00:00,1.33086,1.33109,1.32861,1.32874,240,240,0,COMPLETE,
2026-07-28 20:00:00,1.32875,1.32912,1.32801,1.32864,234,240,6,UNEXPECTED_INCOMPLETE,UNEXPECTED
2026-07-29 00:00:00,1.32864,1.32989,1.32814,1.32946,240,240,0,COMPLETE,
2026-07-29 04:00:00,1.32947,1.33067,1.32936,1.33016,240,240,0,COMPLETE,
2026-07-29 08:00:00,1.33018,1.33086,1.3288,1.32924,240,240,0,COMPLETE,
2026-07-29 12:00:00,1.32925,1.3304,1.3278,1.32861,240,240,0,COMPLETE,
2026-07-29 16:00:00,1.32864,1.33868,1.32792,1.3346,240,240,0,COMPLETE,
2026-07-29 20:00:00,1.33457,1.33755,1.33425,1.33661,230,240,10,UNEXPECTED_INCOMPLETE,UNEXPECTED
2026-07-30 00:00:00,1.33663,1.33678,1.33415,1.33448,240,240,0,COMPLETE,
2026-07-30 04:00:00,1.33447,1.33563,1.33324,1.33378,240,240,0,COMPLETE,
2026-07-30 08:00:00,1.33379,1.34064,1.33375,1.33876,240,240,0,COMPLETE,
2026-07-30 12:00:00,1.33875,1.34627,1.33667,1.34585,240,240,0,COMPLETE,
2026-07-30 16:00:00,1.34587,1.34766,1.34539,1.34692,240,240,0,COMPLETE,
2026-07-30 20:00:00,1.34694,1.34725,1.34586,1.346,237,240,3,UNEXPECTED_INCOMPLETE,UNEXPECTED
2026-07-31 00:00:00,1.34601,1.34645,1.34447,1.34509,240,240,0,COMPLETE,
2026-07-31 04:00:00,1.34508,1.3462,1.344,1.34519,240,240,0,COMPLETE,
2026-07-31 08:00:00,1.3452,1.34674,1.3417,1.34179,240,240,0,COMPLETE,
2026-07-31 12:00:00,1.34175,1.34722,1.33995,1.34675,240,240,0,COMPLETE,
2026-07-31 16:00:00,1.34672,1.34878,1.3461,1.34764,240,240,0,COMPLETE,
2026-07-31 20:00:00,1.34764,1.34949,1.34722,1.34802,59,240,181,EXPECTED_INCOMPLETE,EXPECTED
2026-08-01 00:00:00,,,,,0,240,240,SESSION_CLOSED_EXPECTED,EXPECTED
2026-08-01 04:00:00,,,,,0,240,240,SESSION_CLOSED_EXPECTED,EXPECTED
2026-08-01 08:00:00,,,,,0,240,240,SESSION_CLOSED_EXPECTED,EXPECTED
2026-08-01 12:00:00,,,,,0,240,240,SESSION_CLOSED_EXPECTED,EXPECTED
2026-08-01 16:00:00,,,,,0,240,240,SESSION_CLOSED_EXPECTED,EXPECTED
2026-08-01 20:00:00,,,,,0,240,240,SESSION_CLOSED_EXPECTED,EXPECTED
2026-08-02 00:00:00,,,,,0,240,240,SESSION_CLOSED_EXPECTED,EXPECTED
2026-08-02 04:00:00,,,,,0,240,240,SESSION_CLOSED_EXPECTED,EXPECTED
2026-08-02 08:00:00,,,,,0,240,240,SESSION_CLOSED_EXPECTED,EXPECTED
2026-08-02 12:00:00,,,,,0,240,240,SESSION_CLOSED_EXPECTED,EXPECTED
2026-08-02 16:00:00,,,,,0,240,240,SESSION_CLOSED_EXPECTED,EXPECTED
2026-08-02 20:00:00,1.3492,1.35059,1.34771,1.34906,175,240,65,EXPECTED_INCOMPLETE,EXPECTED
2026-08-03 00:00:00,1.34909,1.35025,1.34634,1.34671,240,240,0,COMPLETE,
2026-08-03 04:00:00,1.34671,1.34776,1.34526,1.34605,240,240,0,COMPLETE,
2026-08-03 08:00:00,1.34606,1.34675,1.34473,1.34674,240,240,0,COMPLETE,
2026-08-03 12:00:00,1.34672,1.34711,1.34221,1.34334,240,240,0,COMPLETE,
2026-08-03 16:00:00,1.34338,1.3436,1.3417,1.34307,240,240,0,COMPLETE,
2026-08-03 20:00:00,1.34306,1.34338,1.34222,1.34266,235,240,5,UNEXPECTED_INCOMPLETE,UNEXPECTED
2026-08-04 00:00:00,1.34266,1.34327,1.34196,1.34257,240,240,0,COMPLETE,
2026-08-04 04:00:00,1.34254,1.34385,1.34191,1.34358,240,240,0,COMPLETE,
2026-08-04 08:00:00,1.34357,1.34545,1.34322,1.34461,240,240,0,COMPLETE,
2026-08-04 12:00:00,1.34462,1.34551,1.34372,1.34539,240,240,0,COMPLETE,
2026-08-04 16:00:00,1.3454,1.34556,1.34391,1.34498,240,240,0,COMPLETE,
2026-08-04 20:00:00,1.34495,1.34541,1.34413,1.34502,239,240,1,UNEXPECTED_INCOMPLETE,UNEXPECTED
2026-08-05 00:00:00,1.345,1.34594,1.34434,1.34551,240,240,0,COMPLETE,
2026-08-05 04:00:00,1.3455,1.34689,1.34503,1.34674,240,240,0,COMPLETE,
2026-08-05 08:00:00,1.34673,1.34821,1.34534,1.34786,240,240,0,COMPLETE,
2026-08-05 12:00:00,1.34789,1.34857,1.34565,1.34616,240,240,0,COMPLETE,
2026-08-05 16:00:00,1.34615,1.34726,1.34546,1.34636,240,240,0,COMPLETE,
2026-08-05 20:00:00,1.34638,1.34706,1.34614,1.34687,235,240,5,UNEXPECTED_INCOMPLETE,UNEXPECTED
2026-08-06 00:00:00,1.3469,1.34721,1.34575,1.34599,240,240,0,COMPLETE,
2026-08-06 04:00:00,1.34599,1.34648,1.3454,1.34592,240,240,0,COMPLETE,
2026-08-06 08:00:00,1.34592,1.34684,1.34515,1.34684,240,240,0,COMPLETE,
2026-08-06 12:00:00,1.34684,1.34791,1.34489,1.34531,240,240,0,COMPLETE,
2026-08-06 16:00:00,1.34533,1.34588,1.34482,1.34545,240,240,0,COMPLETE,
2026-08-06 20:00:00,1.34542,1.34555,1.34399,1.34542,230,240,10,UNEXPECTED_INCOMPLETE,UNEXPECTED
2026-08-07 00:00:00,1.34542,1.34562,1.34471,1.34527,240,240,0,COMPLETE,
2026-08-07 04:00:00,1.34527,1.34576,1.34449,1.34474,240,240,0,COMPLETE,
2026-08-07 08:00:00,1.34477,1.34497,1.34338,1.34489,240,240,0,COMPLETE,
2026-08-07 12:00:00,1.34492,1.35087,1.3444,1.34951,240,240,0,COMPLETE,
2026-08-07 16:00:00,1.34955,1.35035,1.34913,1.34974,240,240,0,COMPLETE,
2026-08-07 20:00:00,1.34973,1.34983,1.3489,1.34925,59,240,181,EXPECTED_INCOMPLETE,EXPECTED
2026-08-08 00:00:00,,,,,0,240,240,SESSION_CLOSED_EXPECTED,EXPECTED
2026-08-08 04:00:00,,,,,0,240,240,SESSION_CLOSED_EXPECTED,EXPECTED
2026-08-08 08:00:00,,,,,0,240,240,SESSION_CLOSED_EXPECTED,EXPECTED
2026-08-08 12:00:00,,,,,0,240,240,SESSION_CLOSED_EXPECTED,EXPECTED
2026-08-08 16:00:00,,,,,0,240,240,SESSION_CLOSED_EXPECTED,EXPECTED
2026-08-08 20:00:00,,,,,0,240,240,SESSION_CLOSED_EXPECTED,EXPECTED
2026-08-09 00:00:00,,,,,0,240,240,SESSION_CLOSED_EXPECTED,EXPECTED
2026-08-09 04:00:00,,,,,0,240,240,SESSION_CLOSED_EXPECTED,EXPECTED
2026-08-09 08:00:00,,,,,0,240,240,SESSION_CLOSED_EXPECTED,EXPECTED
2026-08-09 12:00:00,,,,,0,240,240,SESSION_CLOSED_EXPECTED,EXPECTED
2026-08-09 16:00:00,,,,,0,240,240,SESSION_CLOSED_EXPECTED,EXPECTED
2026-08-09 20:00:00,1.34936,1.34949,1.34767,1.34883,175,240,65,EXPECTED_INCOMPLETE,EXPECTED
2026-08-10 00:00:00,1.34882,1.34937,1.34828,1.34845,240,240,0,COMPLETE,
2026-08-10 04:00:00,1.34845,1.35012,1.34833,1.34958,240,240,0,COMPLETE,
2026-08-10 08:00:00,1.34961,1.35063,1.34922,1.35008,240,240,0,COMPLETE,
2026-08-10 12:00:00,1.35005,1.35299,1.34895,1.35248,240,240,0,COMPLETE,
2026-08-10 16:00:00,1.35252,1.35264,1.35047,1.35074,240,240,0,COMPLETE,
2026-08-10 20:00:00,1.35076,1.35113,1.35036,1.35105,239,240,1,UNEXPECTED_INCOMPLETE,UNEXPECTED
2026-08-11 00:00:00,1.35108,1.3515,1.35019,1.35097,240,240,0,COMPLETE,
2026-08-11 04:00:00,1.35099,1.35153,1.34941,1.3496,240,240,0,COMPLETE,
2026-08-11 08:00:00,1.34961,1.35086,1.34926,1.3493,240,240,0,COMPLETE,
2026-08-11 12:00:00,1.34933,1.35145,1.34915,1.35145,240,240,0,COMPLETE,
2026-08-11 16:00:00,1.35148,1.35153,1.34961,1.35076,240,240,0,COMPLETE,
2026-08-11 20:00:00,1.35077,1.35105,1.35011,1.35089,238,240,2,UNEXPECTED_INCOMPLETE,UNEXPECTED
2026-08-12 00:00:00,1.35089,1.35111,1.35012,1.35051,240,240,0,COMPLETE,
2026-08-12 04:00:00,1.3505,1.35113,1.35018,1.35082,240,240,0,COMPLETE,
2026-08-12 08:00:00,1.35082,1.35292,1.35064,1.3526,240,240,0,COMPLETE,
2026-08-12 12:00:00,1.35259,1.35454,1.35011,1.35093,240,240,0,COMPLETE,
2026-08-12 16:00:00,1.35091,1.35109,1.34873,1.34922,240,240,0,COMPLETE,
2026-08-12 20:00:00,1.34921,1.34975,1.34893,1.34968,235,240,5,UNEXPECTED_INCOMPLETE,UNEXPECTED
2026-08-13 00:00:00,1.3497,1.35004,1.34862,1.34897,240,240,0,COMPLETE,
2026-08-13 04:00:00,1.34896,1.34981,1.3474,1.34822,240,240,0,COMPLETE,
2026-08-13 08:00:00,1.34822,1.35007,1.34748,1.34916,240,240,0,COMPLETE,
2026-08-13 12:00:00,1.34916,1.35129,1.34832,1.34954,240,240,0,COMPLETE,
2026-08-13 16:00:00,1.34952,1.3496,1.34792,1.34844,168,240,72,UNEXPECTED_INCOMPLETE,
