previous,current,gap_minutes,classification,category
2021-08-17 00:23:00,2021-08-17 00:25:00,2.0,UNEXPECTED_SHORT_GAP,UNEXPECTED
2021-08-17 01:25:00,2021-08-17 01:27:00,2.0,UNEXPECTED_SHORT_GAP,UNEXPECTED
2021-08-17 02:04:00,2021-08-17 02:06:00,2.0,UNEXPECTED_SHORT_GAP,UNEXPECTED
2021-08-17 02:12:00,2021-08-17 02:14:00,2.0,UNEXPECTED_SHORT_GAP,UNEXPECTED
2021-08-17 03:16:00,2021-08-17 03:18:00,2.0,UNEXPECTED_SHORT_GAP,UNEXPECTED
2021-08-17 03:33:00,2021-08-17 03:35:00,2.0,UNEXPECTED_SHORT_GAP,UNEXPECTED
2021-08-17 03:44:00,2021-08-17 03:46:00,2.0,UNEXPECTED_SHORT_GAP,UNEXPECTED
2021-08-17 03:48:00,2021-08-17 03:50:00,2.0,UNEXPECTED_SHORT_GAP,UNEXPECTED
2021-08-17 03:55:00,2021-08-17 03:57:00,2.0,UNEXPECTED_SHORT_GAP,UNEXPECTED
2021-08-17 04:03:00,2021-08-17 04:05:00,2.0,UNEXPECTED_SHORT_GAP,UNEXPECTED
2021-08-17 04:08:00,2021-08-17 04:10:00,2.0,UNEXPECTED_SHORT_GAP,UNEXPECTED
2021-08-17 04:26:00,2021-08-17 04:28:00,2.0,UNEXPECTED_SHORT_GAP,UNEXPECTED
2021-08-17 04:28:00,2021-08-17 04:30:00,2.0,UNEXPECTED_SHORT_GAP,UNEXPECTED
2021-08-17 04:31:00,2021-08-17 04:33:00,2.0,UNEXPECTED_SHORT_GAP,UNEXPECTED
2021-08-17 04:56:00,2021-08-17 04:58:00,2.0,UNEXPECTED_SHORT_GAP,UNEXPECTED
2021-08-17 04:58:00,2021-08-17 05:00:00,2.0,UNEXPECTED_SHORT_GAP,UNEXPECTED
2021-08-17 05:11:00,2021-08-17 05:13:00,2.0,UNEXPECTED_SHORT_GAP,UNEXPECTED
2021-08-17 05:19:00,2021-08-17 05:21:00,2.0,UNEXPECTED_SHORT_GAP,UNEXPECTED
2021-08-17 05:21:00,2021-08-17 05:23:00,2.0,UNEXPECTED_SHORT_GAP,UNEXPECTED
2021-08-17 12:49:00,2021-08-17 12:53:00,4.0,UNEXPECTED_SHORT_GAP,UNEXPECTED
2021-08-17 12:53:00,2021-08-17 12:55:00,2.0,UNEXPECTED_SHORT_GAP,UNEXPECTED
2021-08-17 18:12:00,2021-08-17 18:15:00,3.0,UNEXPECTED_SHORT_GAP,UNEXPECTED
2021-08-17 18:26:00,2021-08-17 18:28:00,2.0,UNEXPECTED_SHORT_GAP,UNEXPECTED
2021-08-17 18:53:00,2021-08-17 18:55:00,2.0,UNEXPECTED_SHORT_GAP,UNEXPECTED
2021-08-17 20:10:00,2021-08-17 20:13:00,3.0,UNEXPECTED_SHORT_GAP,UNEXPECTED
2021-08-17 20:16:00,2021-08-17 20:18:00,2.0,UNEXPECTED_SHORT_GAP,UNEXPECTED
2021-08-17 20:20:00,2021-08-17 20:22:00,2.0,UNEXPECTED_SHORT_GAP,UNEXPECTED
2021-08-17 20:22:00,2021-08-17 20:24:00,2.0,UNEXPECTED_SHORT_GAP,UNEXPECTED
2021-08-17 20:25:00,2021-08-17 20:27:00,2.0,UNEXPECTED_SHORT_GAP,UNEXPECTED
2021-08-17 20:38:00,2021-08-17 20:40:00,2.0,UNEXPECTED_SHORT_GAP,UNEXPECTED
2021-08-17 20:40:00,2021-08-17 20:42:00,2.0,UNEXPECTED_SHORT_GAP,UNEXPECTED
2021-08-17 20:43:00,2021-08-17 20:45:00,2.0,UNEXPECTED_SHORT_GAP,UNEXPECTED
2021-08-17 21:02:00,2021-08-17 21:04:00,2.0,UNEXPECTED_SHORT_GAP,UNEXPECTED
2021-08-17 21:06:00,2021-08-17 21:09:00,3.0,UNEXPECTED_SHORT_GAP,UNEXPECTED
2021-08-17 21:16:00,2021-08-17 21:19:00,3.0,UNEXPECTED_SHORT_GAP,UNEXPECTED
2021-08-17 21:19:00,2021-08-17 21:21:00,2.0,UNEXPECTED_SHORT_GAP,UNEXPECTED
2021-08-17 21:21:00,2021-08-17 21:23:00,2.0,UNEXPECTED_SHORT_GAP,UNEXPECTED
2021-08-17 21:27:00,2021-08-17 21:30:00,3.0,UNEXPECTED_SHORT_GAP,UNEXPECTED
2021-08-17 21:31:00,2021-08-17 21:33:00,2.0,UNEXPECTED_SHORT_GAP,UNEXPECTED
2021-08-17 21:50:00,2021-08-17 21:52:00,2.0,UNEXPECTED_SHORT_GAP,UNEXPECTED
2021-08-17 22:08:00,2021-08-17 22:11:00,3.0,UNEXPECTED_SHORT_GAP,UNEXPECTED
2021-08-17 22:11:00,2021-08-17 22:13:00,2.0,UNEXPECTED_SHORT_GAP,UNEXPECTED
2021-08-17 22:13:00,2021-08-17 22:15:00,2.0,UNEXPECTED_SHORT_GAP,UNEXPECTED
2021-08-17 22:15:00,2021-08-17 22:18:00,3.0,UNEXPECTED_SHORT_GAP,UNEXPECTED
2021-08-17 22:18:00,2021-08-17 22:22:00,4.0,UNEXPECTED_SHORT_GAP,UNEXPECTED
2021-08-17 22:25:00,2021-08-17 22:28:00,3.0,UNEXPECTED_SHORT_GAP,UNEXPECTED
2021-08-17 22:28:00,2021-08-17 22:30:00,2.0,UNEXPECTED_SHORT_GAP,UNEXPECTED
2021-08-17 22:38:00,2021-08-17 22:43:00,5.0,UNEXPECTED_SHORT_GAP,UNEXPECTED
2021-08-17 22:46:00,2021-08-17 22:48:00,2.0,UNEXPECTED_SHORT_GAP,UNEXPECTED
2021-08-17 22:51:00,2021-08-17 22:53:00,2.0,UNEXPECTED_SHORT_GAP,UNEXPECTED
2021-08-17 22:53:00,2021-08-17 22:55:00,2.0,UNEXPECTED_SHORT_GAP,UNEXPECTED
2021-08-17 22:55:00,2021-08-17 22:57:00,2.0,UNEXPECTED_SHORT_GAP,UNEXPECTED
2021-08-17 23:09:00,2021-08-17 23:12:00,3.0,UNEXPECTED_SHORT_GAP,UNEXPECTED
2021-08-17 23:12:00,2021-08-17 23:14:00,2.0,UNEXPECTED_SHORT_GAP,UNEXPECTED
2021-08-17 23:20:00,2021-08-17 23:22:00,2.0,UNEXPECTED_SHORT_GAP,UNEXPECTED
2021-08-17 23:27:00,2021-08-17 23:29:00,2.0,UNEXPECTED_SHORT_GAP,UNEXPECTED
2021-08-17 23:34:00,2021-08-17 23:36:00,2.0,UNEXPECTED_SHORT_GAP,UNEXPECTED
2021-08-17 23:36:00,2021-08-17 23:39:00,3.0,UNEXPECTED_SHORT_GAP,UNEXPECTED
2021-08-17 23:39:00,2021-08-17 23:43:00,4.0,UNEXPECTED_SHORT_GAP,UNEXPECTED
2021-08-17 23:43:00,2021-08-17 23:45:00,2.0,UNEXPECTED_SHORT_GAP,UNEXPECTED
2021-08-17 23:45:00,2021-08-17 23:47:00,2.0,UNEXPECTED_SHORT_GAP,UNEXPECTED
2021-08-17 23:50:00,2021-08-17 23:52:00,2.0,UNEXPECTED_SHORT_GAP,UNEXPECTED
2021-08-17 23:55:00,2021-08-17 23:57:00,2.0,UNEXPECTED_SHORT_GAP,UNEXPECTED
2021-08-18 00:42:00,2021-08-18 00:46:00,4.0,UNEXPECTED_SHORT_GAP,UNEXPECTED
2021-08-18 02:41:00,2021-08-18 02:43:00,2.0,UNEXPECTED_SHORT_GAP,UNEXPECTED
2021-08-18 02:53:00,2021-08-18 02:55:00,2.0,UNEXPECTED_SHORT_GAP,UNEXPECTED
2021-08-18 03:18:00,2021-08-18 03:20:00,2.0,UNEXPECTED_SHORT_GAP,UNEXPECTED
2021-08-18 03:31:00,2021-08-18 03:33:00,2.0,UNEXPECTED_SHORT_GAP,UNEXPECTED
2021-08-18 03:47:00,2021-08-18 03:49:00,2.0,UNEXPECTED_SHORT_GAP,UNEXPECTED
2021-08-18 03:49:00,2021-08-18 03:51:00,2.0,UNEXPECTED_SHORT_GAP,UNEXPECTED
2021-08-18 03:58:00,2021-08-18 04:00:00,2.0,UNEXPECTED_SHORT_GAP,UNEXPECTED
2021-08-18 04:02:00,2021-08-18 04:06:00,4.0,UNEXPECTED_SHORT_GAP,UNEXPECTED
2021-08-18 04:09:00,2021-08-18 04:11:00,2.0,UNEXPECTED_SHORT_GAP,UNEXPECTED
2021-08-18 04:15:00,2021-08-18 04:17:00,2.0,UNEXPECTED_SHORT_GAP,UNEXPECTED
2021-08-18 04:19:00,2021-08-18 04:21:00,2.0,UNEXPECTED_SHORT_GAP,UNEXPECTED
2021-08-18 04:26:00,2021-08-18 04:28:00,2.0,UNEXPECTED_SHORT_GAP,UNEXPECTED
2021-08-18 04:39:00,2021-08-18 04:41:00,2.0,UNEXPECTED_SHORT_GAP,UNEXPECTED
2021-08-18 04:45:00,2021-08-18 04:47:00,2.0,UNEXPECTED_SHORT_GAP,UNEXPECTED
2021-08-18 05:00:00,2021-08-18 05:02:00,2.0,UNEXPECTED_SHORT_GAP,UNEXPECTED
2021-08-18 05:08:00,2021-08-18 05:10:00,2.0,UNEXPECTED_SHORT_GAP,UNEXPECTED
2021-08-18 05:45:00,2021-08-18 05:47:00,2.0,UNEXPECTED_SHORT_GAP,UNEXPECTED
2021-08-18 06:45:00,2021-08-18 06:47:00,2.0,UNEXPECTED_SHORT_GAP,UNEXPECTED
2021-08-18 08:22:00,2021-08-18 08:24:00,2.0,UNEXPECTED_SHORT_GAP,UNEXPECTED
2021-08-18 10:42:00,2021-08-18 10:44:00,2.0,UNEXPECTED_SHORT_GAP,UNEXPECTED
2021-08-18 16:03:00,2021-08-18 16:05:00,2.0,UNEXPECTED_SHORT_GAP,UNEXPECTED
2021-08-18 16:43:00,2021-08-18 16:45:00,2.0,UNEXPECTED_SHORT_GAP,UNEXPECTED
2021-08-18 17:42:00,2021-08-18 17:44:00,2.0,UNEXPECTED_SHORT_GAP,UNEXPECTED
2021-08-18 17:47:00,2021-08-18 17:49:00,2.0,UNEXPECTED_SHORT_GAP,UNEXPECTED
2021-08-18 19:25:00,2021-08-18 19:27:00,2.0,UNEXPECTED_SHORT_GAP,UNEXPECTED
2021-08-18 20:31:00,2021-08-18 20:33:00,2.0,UNEXPECTED_SHORT_GAP,UNEXPECTED
2021-08-18 21:00:00,2021-08-18 21:04:00,4.0,UNEXPECTED_SHORT_GAP,UNEXPECTED
2021-08-18 21:36:00,2021-08-18 21:39:00,3.0,UNEXPECTED_SHORT_GAP,UNEXPECTED
2021-08-18 21:45:00,2021-08-18 21:47:00,2.0,UNEXPECTED_SHORT_GAP,UNEXPECTED
2021-08-18 22:06:00,2021-08-18 22:11:00,5.0,UNEXPECTED_SHORT_GAP,UNEXPECTED
2021-08-18 22:15:00,2021-08-18 22:20:00,5.0,UNEXPECTED_SHORT_GAP,UNEXPECTED
2021-08-18 22:20:00,2021-08-18 22:22:00,2.0,UNEXPECTED_SHORT_GAP,UNEXPECTED
2021-08-18 22:22:00,2021-08-18 22:24:00,2.0,UNEXPECTED_SHORT_GAP,UNEXPECTED
2021-08-18 22:24:00,2021-08-18 22:26:00,2.0,UNEXPECTED_SHORT_GAP,UNEXPECTED
2021-08-18 22:26:00,2021-08-18 22:28:00,2.0,UNEXPECTED_SHORT_GAP,UNEXPECTED
2021-08-18 22:28:00,2021-08-18 22:31:00,3.0,UNEXPECTED_SHORT_GAP,UNEXPECTED
2021-08-18 22:42:00,2021-08-18 22:44:00,2.0,UNEXPECTED_SHORT_GAP,UNEXPECTED
2021-08-18 22:45:00,2021-08-18 22:49:00,4.0,UNEXPECTED_SHORT_GAP,UNEXPECTED
2021-08-18 22:54:00,2021-08-18 22:56:00,2.0,UNEXPECTED_SHORT_GAP,UNEXPECTED
2021-08-18 23:10:00,2021-08-18 23:12:00,2.0,UNEXPECTED_SHORT_GAP,UNEXPECTED
2021-08-18 23:13:00,2021-08-18 23:15:00,2.0,UNEXPECTED_SHORT_GAP,UNEXPECTED
2021-08-18 23:18:00,2021-08-18 23:20:00,2.0,UNEXPECTED_SHORT_GAP,UNEXPECTED
2021-08-18 23:22:00,2021-08-18 23:24:00,2.0,UNEXPECTED_SHORT_GAP,UNEXPECTED
2021-08-18 23:30:00,2021-08-18 23:32:00,2.0,UNEXPECTED_SHORT_GAP,UNEXPECTED
2021-08-18 23:33:00,2021-08-18 23:35:00,2.0,UNEXPECTED_SHORT_GAP,UNEXPECTED
2021-08-18 23:35:00,2021-08-18 23:37:00,2.0,UNEXPECTED_SHORT_GAP,UNEXPECTED
2021-08-18 23:38:00,2021-08-18 23:41:00,3.0,UNEXPECTED_SHORT_GAP,UNEXPECTED
2021-08-18 23:43:00,2021-08-18 23:46:00,3.0,UNEXPECTED_SHORT_GAP,UNEXPECTED
2021-08-19 00:20:00,2021-08-19 00:22:00,2.0,UNEXPECTED_SHORT_GAP,UNEXPECTED
2021-08-19 03:55:00,2021-08-19 03:57:00,2.0,UNEXPECTED_SHORT_GAP,UNEXPECTED
2021-08-19 04:08:00,2021-08-19 04:11:00,3.0,UNEXPECTED_SHORT_GAP,UNEXPECTED
2021-08-19 04:15:00,2021-08-19 04:17:00,2.0,UNEXPECTED_SHORT_GAP,UNEXPECTED
2021-08-19 04:19:00,2021-08-19 04:21:00,2.0,UNEXPECTED_SHORT_GAP,UNEXPECTED
2021-08-19 04:24:00,2021-08-19 04:28:00,4.0,UNEXPECTED_SHORT_GAP,UNEXPECTED
2021-08-19 04:45:00,2021-08-19 04:47:00,2.0,UNEXPECTED_SHORT_GAP,UNEXPECTED
2021-08-19 05:06:00,2021-08-19 05:08:00,2.0,UNEXPECTED_SHORT_GAP,UNEXPECTED
2021-08-19 05:12:00,2021-08-19 05:15:00,3.0,UNEXPECTED_SHORT_GAP,UNEXPECTED
2021-08-19 05:39:00,2021-08-19 05:41:00,2.0,UNEXPECTED_SHORT_GAP,UNEXPECTED
2021-08-19 16:52:00,2021-08-19 16:54:00,2.0,UNEXPECTED_SHORT_GAP,UNEXPECTED
2021-08-19 17:31:00,2021-08-19 17:33:00,2.0,UNEXPECTED_SHORT_GAP,UNEXPECTED
2021-08-19 17:38:00,2021-08-19 17:40:00,2.0,UNEXPECTED_SHORT_GAP,UNEXPECTED
2021-08-19 18:04:00,2021-08-19 18:06:00,2.0,UNEXPECTED_SHORT_GAP,UNEXPECTED
2021-08-19 18:07:00,2021-08-19 18:09:00,2.0,UNEXPECTED_SHORT_GAP,UNEXPECTED
2021-08-19 20:14:00,2021-08-19 20:16:00,2.0,UNEXPECTED_SHORT_GAP,UNEXPECTED
2021-08-19 20:17:00,2021-08-19 20:19:00,2.0,UNEXPECTED_SHORT_GAP,UNEXPECTED
2021-08-19 20:23:00,2021-08-19 20:25:00,2.0,UNEXPECTED_SHORT_GAP,UNEXPECTED
2021-08-19 20:26:00,2021-08-19 20:28:00,2.0,UNEXPECTED_SHORT_GAP,UNEXPECTED
2021-08-19 20:34:00,2021-08-19 20:36:00,2.0,UNEXPECTED_SHORT_GAP,UNEXPECTED
2021-08-19 21:01:00,2021-08-19 21:03:00,2.0,UNEXPECTED_SHORT_GAP,UNEXPECTED
2021-08-19 21:03:00,2021-08-19 21:05:00,2.0,UNEXPECTED_SHORT_GAP,UNEXPECTED
2021-08-19 21:10:00,2021-08-19 21:13:00,3.0,UNEXPECTED_SHORT_GAP,UNEXPECTED
2021-08-19 21:18:00,2021-08-19 21:21:00,3.0,UNEXPECTED_SHORT_GAP,UNEXPECTED
2021-08-19 21:23:00,2021-08-19 21:25:00,2.0,UNEXPECTED_SHORT_GAP,UNEXPECTED
2021-08-19 21:26:00,2021-08-19 21:28:00,2.0,UNEXPECTED_SHORT_GAP,UNEXPECTED
2021-08-19 21:32:00,2021-08-19 21:34:00,2.0,UNEXPECTED_SHORT_GAP,UNEXPECTED
2021-08-19 22:08:00,2021-08-19 22:10:00,2.0,UNEXPECTED_SHORT_GAP,UNEXPECTED
2021-08-19 22:12:00,2021-08-19 22:14:00,2.0,UNEXPECTED_SHORT_GAP,UNEXPECTED
2021-08-19 22:15:00,2021-08-19 22:17:00,2.0,UNEXPECTED_SHORT_GAP,UNEXPECTED
2021-08-19 22:33:00,2021-08-19 22:35:00,2.0,UNEXPECTED_SHORT_GAP,UNEXPECTED
2021-08-19 22:35:00,2021-08-19 22:37:00,2.0,UNEXPECTED_SHORT_GAP,UNEXPECTED
2021-08-19 22:37:00,2021-08-19 22:39:00,2.0,UNEXPECTED_SHORT_GAP,UNEXPECTED
2021-08-19 22:39:00,2021-08-19 22:41:00,2.0,UNEXPECTED_SHORT_GAP,UNEXPECTED
2021-08-19 22:42:00,2021-08-19 22:44:00,2.0,UNEXPECTED_SHORT_GAP,UNEXPECTED
2021-08-19 22:45:00,2021-08-19 22:47:00,2.0,UNEXPECTED_SHORT_GAP,UNEXPECTED
2021-08-19 22:51:00,2021-08-19 22:53:00,2.0,UNEXPECTED_SHORT_GAP,UNEXPECTED
2021-08-19 22:55:00,2021-08-19 22:57:00,2.0,UNEXPECTED_SHORT_GAP,UNEXPECTED
2021-08-19 23:02:00,2021-08-19 23:04:00,2.0,UNEXPECTED_SHORT_GAP,UNEXPECTED
2021-08-19 23:09:00,2021-08-19 23:11:00,2.0,UNEXPECTED_SHORT_GAP,UNEXPECTED
2021-08-19 23:14:00,2021-08-19 23:17:00,3.0,UNEXPECTED_SHORT_GAP,UNEXPECTED
2021-08-19 23:20:00,2021-08-19 23:22:00,2.0,UNEXPECTED_SHORT_GAP,UNEXPECTED
2021-08-19 23:26:00,2021-08-19 23:28:00,2.0,UNEXPECTED_SHORT_GAP,UNEXPECTED
2021-08-19 23:43:00,2021-08-19 23:45:00,2.0,UNEXPECTED_SHORT_GAP,UNEXPECTED
2021-08-19 23:45:00,2021-08-19 23:47:00,2.0,UNEXPECTED_SHORT_GAP,UNEXPECTED
2021-08-19 23:47:00,2021-08-19 23:49:00,2.0,UNEXPECTED_SHORT_GAP,UNEXPECTED
2021-08-19 23:54:00,2021-08-19 23:56:00,2.0,UNEXPECTED_SHORT_GAP,UNEXPECTED
2021-08-20 02:23:00,2021-08-20 02:25:00,2.0,UNEXPECTED_SHORT_GAP,UNEXPECTED
2021-08-20 02:40:00,2021-08-20 02:42:00,2.0,UNEXPECTED_SHORT_GAP,UNEXPECTED
2021-08-20 03:49:00,2021-08-20 03:51:00,2.0,UNEXPECTED_SHORT_GAP,UNEXPECTED
2021-08-20 04:16:00,2021-08-20 04:18:00,2.0,UNEXPECTED_SHORT_GAP,UNEXPECTED
2021-08-20 04:18:00,2021-08-20 04:20:00,2.0,UNEXPECTED_SHORT_GAP,UNEXPECTED
2021-08-20 04:24:00,2021-08-20 04:28:00,4.0,UNEXPECTED_SHORT_GAP,UNEXPECTED
2021-08-20 04:42:00,2021-08-20 04:45:00,3.0,UNEXPECTED_SHORT_GAP,UNEXPECTED
2021-08-20 10:20:00,2021-08-20 10:22:00,2.0,UNEXPECTED_SHORT_GAP,UNEXPECTED
2021-08-20 10:50:00,2021-08-20 10:52:00,2.0,UNEXPECTED_SHORT_GAP,UNEXPECTED
2021-08-20 11:26:00,2021-08-20 11:28:00,2.0,UNEXPECTED_SHORT_GAP,UNEXPECTED
2021-08-20 17:09:00,2021-08-20 17:11:00,2.0,UNEXPECTED_SHORT_GAP,UNEXPECTED
2021-08-20 17:18:00,2021-08-20 17:20:00,2.0,UNEXPECTED_SHORT_GAP,UNEXPECTED
2021-08-20 17:22:00,2021-08-20 17:24:00,2.0,UNEXPECTED_SHORT_GAP,UNEXPECTED
2021-08-20 17:37:00,2021-08-20 17:39:00,2.0,UNEXPECTED_SHORT_GAP,UNEXPECTED
2021-08-20 17:42:00,2021-08-20 17:46:00,4.0,UNEXPECTED_SHORT_GAP,UNEXPECTED
2021-08-20 17:48:00,2021-08-20 17:50:00,2.0,UNEXPECTED_SHORT_GAP,UNEXPECTED
2021-08-20 18:04:00,2021-08-20 18:06:00,2.0,UNEXPECTED_SHORT_GAP,UNEXPECTED
2021-08-20 18:12:00,2021-08-20 18:17:00,5.0,UNEXPECTED_SHORT_GAP,UNEXPECTED
2021-08-20 18:20:00,2021-08-20 18:23:00,3.0,UNEXPECTED_SHORT_GAP,UNEXPECTED
2021-08-20 18:32:00,2021-08-20 18:34:00,2.0,UNEXPECTED_SHORT_GAP,UNEXPECTED
2021-08-20 18:47:00,2021-08-20 18:49:00,2.0,UNEXPECTED_SHORT_GAP,UNEXPECTED
2021-08-20 18:53:00,2021-08-20 18:55:00,2.0,UNEXPECTED_SHORT_GAP,UNEXPECTED
2021-08-20 19:02:00,2021-08-20 19:04:00,2.0,UNEXPECTED_SHORT_GAP,UNEXPECTED
2021-08-20 19:39:00,2021-08-20 19:41:00,2.0,UNEXPECTED_SHORT_GAP,UNEXPECTED
2021-08-20 19:41:00,2021-08-20 19:43:00,2.0,UNEXPECTED_SHORT_GAP,UNEXPECTED
2021-08-20 20:58:00,2021-08-22 21:00:00,2882.0,EXPECTED_WEEKEND_CLOSURE,EXPECTED
2021-08-22 21:00:00,2021-08-22 21:07:00,7.0,EXPECTED_WEEKEND_CLOSURE,EXPECTED
2021-08-22 21:08:00,2021-08-22 21:10:00,2.0,EXPECTED_WEEKEND_CLOSURE,EXPECTED
2021-08-22 21:12:00,2021-08-22 21:14:00,2.0,EXPECTED_WEEKEND_CLOSURE,EXPECTED
2021-08-22 21:25:00,2021-08-22 21:28:00,3.0,EXPECTED_WEEKEND_CLOSURE,EXPECTED
2021-08-22 21:28:00,2021-08-22 21:30:00,2.0,EXPECTED_WEEKEND_CLOSURE,EXPECTED
2021-08-22 21:33:00,2021-08-22 21:36:00,3.0,EXPECTED_WEEKEND_CLOSURE,EXPECTED
2021-08-22 21:42:00,2021-08-22 21:44:00,2.0,EXPECTED_WEEKEND_CLOSURE,EXPECTED
2021-08-22 21:47:00,2021-08-22 21:50:00,3.0,EXPECTED_WEEKEND_CLOSURE,EXPECTED
2021-08-22 21:53:00,2021-08-22 21:56:00,3.0,EXPECTED_WEEKEND_CLOSURE,EXPECTED
2021-08-22 22:17:00,2021-08-22 22:21:00,4.0,EXPECTED_WEEKEND_CLOSURE,EXPECTED
2021-08-22 22:38:00,2021-08-22 22:40:00,2.0,EXPECTED_WEEKEND_CLOSURE,EXPECTED
2021-08-22 22:40:00,2021-08-22 22:42:00,2.0,EXPECTED_WEEKEND_CLOSURE,EXPECTED
2021-08-22 22:43:00,2021-08-22 22:46:00,3.0,EXPECTED_WEEKEND_CLOSURE,EXPECTED
2021-08-22 22:46:00,2021-08-22 22:48:00,2.0,EXPECTED_WEEKEND_CLOSURE,EXPECTED
2021-08-22 22:49:00,2021-08-22 22:51:00,2.0,EXPECTED_WEEKEND_CLOSURE,EXPECTED
2021-08-22 23:00:00,2021-08-22 23:02:00,2.0,EXPECTED_WEEKEND_CLOSURE,EXPECTED
2021-08-22 23:13:00,2021-08-22 23:15:00,2.0,EXPECTED_WEEKEND_CLOSURE,EXPECTED
2021-08-22 23:19:00,2021-08-22 23:22:00,3.0,EXPECTED_WEEKEND_CLOSURE,EXPECTED
2021-08-22 23:28:00,2021-08-22 23:30:00,2.0,EXPECTED_WEEKEND_CLOSURE,EXPECTED
2021-08-22 23:32:00,2021-08-22 23:34:00,2.0,EXPECTED_WEEKEND_CLOSURE,EXPECTED
2021-08-22 23:38:00,2021-08-22 23:40:00,2.0,EXPECTED_WEEKEND_CLOSURE,EXPECTED
2021-08-22 23:46:00,2021-08-22 23:48:00,2.0,EXPECTED_WEEKEND_CLOSURE,EXPECTED
2021-08-22 23:49:00,2021-08-22 23:52:00,3.0,EXPECTED_WEEKEND_CLOSURE,EXPECTED
2021-08-23 00:11:00,2021-08-23 00:13:00,2.0,UNEXPECTED_SHORT_GAP,UNEXPECTED
2021-08-23 01:39:00,2021-08-23 01:41:00,2.0,UNEXPECTED_SHORT_GAP,UNEXPECTED
2021-08-23 02:30:00,2021-08-23 02:32:00,2.0,UNEXPECTED_SHORT_GAP,UNEXPECTED
2021-08-23 02:36:00,2021-08-23 02:38:00,2.0,UNEXPECTED_SHORT_GAP,UNEXPECTED
2021-08-23 03:09:00,2021-08-23 03:11:00,2.0,UNEXPECTED_SHORT_GAP,UNEXPECTED
2021-08-23 03:24:00,2021-08-23 03:26:00,2.0,UNEXPECTED_SHORT_GAP,UNEXPECTED
2021-08-23 03:32:00,2021-08-23 03:34:00,2.0,UNEXPECTED_SHORT_GAP,UNEXPECTED
2021-08-23 03:48:00,2021-08-23 03:50:00,2.0,UNEXPECTED_SHORT_GAP,UNEXPECTED
2021-08-23 04:01:00,2021-08-23 04:04:00,3.0,UNEXPECTED_SHORT_GAP,UNEXPECTED
2021-08-23 04:08:00,2021-08-23 04:11:00,3.0,UNEXPECTED_SHORT_GAP,UNEXPECTED
2021-08-23 04:23:00,2021-08-23 04:25:00,2.0,UNEXPECTED_SHORT_GAP,UNEXPECTED
2021-08-23 04:28:00,2021-08-23 04:30:00,2.0,UNEXPECTED_SHORT_GAP,UNEXPECTED
2021-08-23 04:52:00,2021-08-23 04:56:00,4.0,UNEXPECTED_SHORT_GAP,UNEXPECTED
2021-08-23 05:34:00,2021-08-23 05:36:00,2.0,UNEXPECTED_SHORT_GAP,UNEXPECTED
2021-08-23 05:42:00,2021-08-23 05:44:00,2.0,UNEXPECTED_SHORT_GAP,UNEXPECTED
2021-08-23 05:46:00,2021-08-23 05:48:00,2.0,UNEXPECTED_SHORT_GAP,UNEXPECTED
2021-08-23 06:53:00,2021-08-23 06:55:00,2.0,UNEXPECTED_SHORT_GAP,UNEXPECTED
2021-08-23 15:53:00,2021-08-23 15:55:00,2.0,UNEXPECTED_SHORT_GAP,UNEXPECTED
2021-08-23 16:22:00,2021-08-23 16:24:00,2.0,UNEXPECTED_SHORT_GAP,UNEXPECTED
2021-08-23 16:25:00,2021-08-23 16:27:00,2.0,UNEXPECTED_SHORT_GAP,UNEXPECTED
2021-08-23 17:08:00,2021-08-23 17:10:00,2.0,UNEXPECTED_SHORT_GAP,UNEXPECTED
2021-08-23 17:35:00,2021-08-23 17:37:00,2.0,UNEXPECTED_SHORT_GAP,UNEXPECTED
2021-08-23 17:37:00,2021-08-23 17:41:00,4.0,UNEXPECTED_SHORT_GAP,UNEXPECTED
2021-08-23 17:43:00,2021-08-23 17:45:00,2.0,UNEXPECTED_SHORT_GAP,UNEXPECTED
2021-08-23 17:49:00,2021-08-23 17:53:00,4.0,UNEXPECTED_SHORT_GAP,UNEXPECTED
2021-08-23 17:55:00,2021-08-23 17:57:00,2.0,UNEXPECTED_SHORT_GAP,UNEXPECTED
2021-08-23 18:03:00,2021-08-23 18:06:00,3.0,UNEXPECTED_SHORT_GAP,UNEXPECTED
2021-08-23 18:10:00,2021-08-23 18:13:00,3.0,UNEXPECTED_SHORT_GAP,UNEXPECTED
2021-08-23 18:15:00,2021-08-23 18:19:00,4.0,UNEXPECTED_SHORT_GAP,UNEXPECTED
2021-08-23 18:20:00,2021-08-23 18:24:00,4.0,UNEXPECTED_SHORT_GAP,UNEXPECTED
2021-08-23 18:31:00,2021-08-23 18:33:00,2.0,UNEXPECTED_SHORT_GAP,UNEXPECTED
2021-08-23 18:36:00,2021-08-23 18:38:00,2.0,UNEXPECTED_SHORT_GAP,UNEXPECTED
2021-08-23 18:41:00,2021-08-23 18:43:00,2.0,UNEXPECTED_SHORT_GAP,UNEXPECTED
2021-08-23 19:00:00,2021-08-23 19:02:00,2.0,UNEXPECTED_SHORT_GAP,UNEXPECTED
2021-08-23 19:15:00,2021-08-23 19:18:00,3.0,UNEXPECTED_SHORT_GAP,UNEXPECTED
2021-08-23 19:21:00,2021-08-23 19:23:00,2.0,UNEXPECTED_SHORT_GAP,UNEXPECTED
2021-08-23 19:31:00,2021-08-23 19:33:00,2.0,UNEXPECTED_SHORT_GAP,UNEXPECTED
2021-08-23 19:41:00,2021-08-23 19:43:00,2.0,UNEXPECTED_SHORT_GAP,UNEXPECTED
2021-08-23 20:07:00,2021-08-23 20:09:00,2.0,UNEXPECTED_SHORT_GAP,UNEXPECTED
2021-08-23 20:12:00,2021-08-23 20:14:00,2.0,UNEXPECTED_SHORT_GAP,UNEXPECTED
2021-08-23 20:15:00,2021-08-23 20:17:00,2.0,UNEXPECTED_SHORT_GAP,UNEXPECTED
2021-08-23 20:22:00,2021-08-23 20:25:00,3.0,UNEXPECTED_SHORT_GAP,UNEXPECTED
2021-08-23 20:25:00,2021-08-23 20:27:00,2.0,UNEXPECTED_SHORT_GAP,UNEXPECTED
2021-08-23 20:27:00,2021-08-23 20:29:00,2.0,UNEXPECTED_SHORT_GAP,UNEXPECTED
2021-08-23 20:32:00,2021-08-23 20:37:00,5.0,UNEXPECTED_SHORT_GAP,UNEXPECTED
2021-08-23 20:39:00,2021-08-23 20:46:00,7.0,UNEXPECTED_INTRADAY_GAP,UNEXPECTED
2021-08-23 21:06:00,2021-08-23 21:09:00,3.0,UNEXPECTED_SHORT_GAP,UNEXPECTED
2021-08-23 21:10:00,2021-08-23 21:13:00,3.0,UNEXPECTED_SHORT_GAP,UNEXPECTED
2021-08-23 21:25:00,2021-08-23 21:27:00,2.0,UNEXPECTED_SHORT_GAP,UNEXPECTED
2021-08-23 22:02:00,2021-08-23 22:05:00,3.0,UNEXPECTED_SHORT_GAP,UNEXPECTED
2021-08-23 22:08:00,2021-08-23 22:10:00,2.0,UNEXPECTED_SHORT_GAP,UNEXPECTED
2021-08-23 22:10:00,2021-08-23 22:13:00,3.0,UNEXPECTED_SHORT_GAP,UNEXPECTED
2021-08-23 22:15:00,2021-08-23 22:17:00,2.0,UNEXPECTED_SHORT_GAP,UNEXPECTED
2021-08-23 22:17:00,2021-08-23 22:24:00,7.0,UNEXPECTED_INTRADAY_GAP,UNEXPECTED
2021-08-23 22:24:00,2021-08-23 22:26:00,2.0,UNEXPECTED_SHORT_GAP,UNEXPECTED
2021-08-23 22:26:00,2021-08-23 22:28:00,2.0,UNEXPECTED_SHORT_GAP,UNEXPECTED
2021-08-23 22:28:00,2021-08-23 22:31:00,3.0,UNEXPECTED_SHORT_GAP,UNEXPECTED
2021-08-23 22:32:00,2021-08-23 22:39:00,7.0,UNEXPECTED_INTRADAY_GAP,UNEXPECTED
2021-08-23 22:40:00,2021-08-23 22:42:00,2.0,UNEXPECTED_SHORT_GAP,UNEXPECTED
2021-08-23 22:42:00,2021-08-23 22:46:00,4.0,UNEXPECTED_SHORT_GAP,UNEXPECTED
2021-08-23 22:46:00,2021-08-23 22:53:00,7.0,UNEXPECTED_INTRADAY_GAP,UNEXPECTED
2021-08-23 22:54:00,2021-08-23 22:56:00,2.0,UNEXPECTED_SHORT_GAP,UNEXPECTED
2021-08-23 23:00:00,2021-08-23 23:11:00,11.0,UNEXPECTED_INTRADAY_GAP,UNEXPECTED
2021-08-23 23:11:00,2021-08-23 23:15:00,4.0,UNEXPECTED_SHORT_GAP,UNEXPECTED
2021-08-23 23:15:00,2021-08-23 23:23:00,8.0,UNEXPECTED_INTRADAY_GAP,UNEXPECTED
2021-08-23 23:24:00,2021-08-23 23:29:00,5.0,UNEXPECTED_SHORT_GAP,UNEXPECTED
2021-08-23 23:32:00,2021-08-23 23:34:00,2.0,UNEXPECTED_SHORT_GAP,UNEXPECTED
2021-08-23 23:34:00,2021-08-23 23:36:00,2.0,UNEXPECTED_SHORT_GAP,UNEXPECTED
2021-08-23 23:36:00,2021-08-23 23:39:00,3.0,UNEXPECTED_SHORT_GAP,UNEXPECTED
2021-08-23 23:40:00,2021-08-23 23:43:00,3.0,UNEXPECTED_SHORT_GAP,UNEXPECTED
2021-08-23 23:43:00,2021-08-23 23:49:00,6.0,UNEXPECTED_INTRADAY_GAP,UNEXPECTED
2021-08-23 23:51:00,2021-08-23 23:54:00,3.0,UNEXPECTED_SHORT_GAP,UNEXPECTED
2021-08-23 23:55:00,2021-08-23 23:58:00,3.0,UNEXPECTED_SHORT_GAP,UNEXPECTED
2021-08-24 00:07:00,2021-08-24 00:09:00,2.0,UNEXPECTED_SHORT_GAP,UNEXPECTED
2021-08-24 00:15:00,2021-08-24 00:17:00,2.0,UNEXPECTED_SHORT_GAP,UNEXPECTED
2021-08-24 00:19:00,2021-08-24 00:21:00,2.0,UNEXPECTED_SHORT_GAP,UNEXPECTED
2021-08-24 00:28:00,2021-08-24 00:30:00,2.0,UNEXPECTED_SHORT_GAP,UNEXPECTED
2021-08-24 00:32:00,2021-08-24 00:34:00,2.0,UNEXPECTED_SHORT_GAP,UNEXPECTED
2021-08-24 00:35:00,2021-08-24 00:37:00,2.0,UNEXPECTED_SHORT_GAP,UNEXPECTED
2021-08-24 00:37:00,2021-08-24 00:39:00,2.0,UNEXPECTED_SHORT_GAP,UNEXPECTED
2021-08-24 00:45:00,2021-08-24 00:47:00,2.0,UNEXPECTED_SHORT_GAP,UNEXPECTED
2021-08-24 00:50:00,2021-08-24 00:52:00,2.0,UNEXPECTED_SHORT_GAP,UNEXPECTED
2021-08-24 01:09:00,2021-08-24 01:11:00,2.0,UNEXPECTED_SHORT_GAP,UNEXPECTED
2021-08-24 01:34:00,2021-08-24 01:36:00,2.0,UNEXPECTED_SHORT_GAP,UNEXPECTED
2021-08-24 02:26:00,2021-08-24 02:28:00,2.0,UNEXPECTED_SHORT_GAP,UNEXPECTED
2021-08-24 02:28:00,2021-08-24 02:30:00,2.0,UNEXPECTED_SHORT_GAP,UNEXPECTED
2021-08-24 02:38:00,2021-08-24 02:41:00,3.0,UNEXPECTED_SHORT_GAP,UNEXPECTED
2021-08-24 02:48:00,2021-08-24 02:50:00,2.0,UNEXPECTED_SHORT_GAP,UNEXPECTED
2021-08-24 02:50:00,2021-08-24 02:52:00,2.0,UNEXPECTED_SHORT_GAP,UNEXPECTED
2021-08-24 03:03:00,2021-08-24 03:05:00,2.0,UNEXPECTED_SHORT_GAP,UNEXPECTED
2021-08-24 03:11:00,2021-08-24 03:13:00,2.0,UNEXPECTED_SHORT_GAP,UNEXPECTED
2021-08-24 03:18:00,2021-08-24 03:20:00,2.0,UNEXPECTED_SHORT_GAP,UNEXPECTED
2021-08-24 03:21:00,2021-08-24 03:27:00,6.0,UNEXPECTED_INTRADAY_GAP,UNEXPECTED
2021-08-24 03:27:00,2021-08-24 03:29:00,2.0,UNEXPECTED_SHORT_GAP,UNEXPECTED
2021-08-24 03:29:00,2021-08-24 03:31:00,2.0,UNEXPECTED_SHORT_GAP,UNEXPECTED
2021-08-24 03:38:00,2021-08-24 03:40:00,2.0,UNEXPECTED_SHORT_GAP,UNEXPECTED
2021-08-24 03:43:00,2021-08-24 03:45:00,2.0,UNEXPECTED_SHORT_GAP,UNEXPECTED
2021-08-24 03:45:00,2021-08-24 03:47:00,2.0,UNEXPECTED_SHORT_GAP,UNEXPECTED
2021-08-24 03:48:00,2021-08-24 03:51:00,3.0,UNEXPECTED_SHORT_GAP,UNEXPECTED
2021-08-24 03:52:00,2021-08-24 03:54:00,2.0,UNEXPECTED_SHORT_GAP,UNEXPECTED
2021-08-24 03:54:00,2021-08-24 03:56:00,2.0,UNEXPECTED_SHORT_GAP,UNEXPECTED
2021-08-24 04:00:00,2021-08-24 04:02:00,2.0,UNEXPECTED_SHORT_GAP,UNEXPECTED
2021-08-24 04:03:00,2021-08-24 04:05:00,2.0,UNEXPECTED_SHORT_GAP,UNEXPECTED
2021-08-24 04:07:00,2021-08-24 04:09:00,2.0,UNEXPECTED_SHORT_GAP,UNEXPECTED
2021-08-24 04:10:00,2021-08-24 04:12:00,2.0,UNEXPECTED_SHORT_GAP,UNEXPECTED
2021-08-24 04:12:00,2021-08-24 04:15:00,3.0,UNEXPECTED_SHORT_GAP,UNEXPECTED
2021-08-24 04:19:00,2021-08-24 04:22:00,3.0,UNEXPECTED_SHORT_GAP,UNEXPECTED
2021-08-24 04:27:00,2021-08-24 04:29:00,2.0,UNEXPECTED_SHORT_GAP,UNEXPECTED
2021-08-24 04:35:00,2021-08-24 04:37:00,2.0,UNEXPECTED_SHORT_GAP,UNEXPECTED
2021-08-24 04:38:00,2021-08-24 04:42:00,4.0,UNEXPECTED_SHORT_GAP,UNEXPECTED
2021-08-24 04:42:00,2021-08-24 04:45:00,3.0,UNEXPECTED_SHORT_GAP,UNEXPECTED
2021-08-24 04:46:00,2021-08-24 04:49:00,3.0,UNEXPECTED_SHORT_GAP,UNEXPECTED
2021-08-24 04:50:00,2021-08-24 04:53:00,3.0,UNEXPECTED_SHORT_GAP,UNEXPECTED
2021-08-24 04:53:00,2021-08-24 04:56:00,3.0,UNEXPECTED_SHORT_GAP,UNEXPECTED
2021-08-24 05:08:00,2021-08-24 05:10:00,2.0,UNEXPECTED_SHORT_GAP,UNEXPECTED
2021-08-24 05:11:00,2021-08-24 05:13:00,2.0,UNEXPECTED_SHORT_GAP,UNEXPECTED
2021-08-24 05:14:00,2021-08-24 05:19:00,5.0,UNEXPECTED_SHORT_GAP,UNEXPECTED
2021-08-24 09:14:00,2021-08-24 09:16:00,2.0,UNEXPECTED_SHORT_GAP,UNEXPECTED
2021-08-24 11:45:00,2021-08-24 11:47:00,2.0,UNEXPECTED_SHORT_GAP,UNEXPECTED
2021-08-24 15:52:00,2021-08-24 15:54:00,2.0,UNEXPECTED_SHORT_GAP,UNEXPECTED
2021-08-24 16:34:00,2021-08-24 16:36:00,2.0,UNEXPECTED_SHORT_GAP,UNEXPECTED
2021-08-24 16:37:00,2021-08-24 16:39:00,2.0,UNEXPECTED_SHORT_GAP,UNEXPECTED
2021-08-24 16:48:00,2021-08-24 16:51:00,3.0,UNEXPECTED_SHORT_GAP,UNEXPECTED
2021-08-24 17:04:00,2021-08-24 17:07:00,3.0,UNEXPECTED_SHORT_GAP,UNEXPECTED
2021-08-24 17:23:00,2021-08-24 17:25:00,2.0,UNEXPECTED_SHORT_GAP,UNEXPECTED
2021-08-24 17:43:00,2021-08-24 17:45:00,2.0,UNEXPECTED_SHORT_GAP,UNEXPECTED
2021-08-24 18:00:00,2021-08-24 18:02:00,2.0,UNEXPECTED_SHORT_GAP,UNEXPECTED
2021-08-24 18:05:00,2021-08-24 18:09:00,4.0,UNEXPECTED_SHORT_GAP,UNEXPECTED
2021-08-24 18:10:00,2021-08-24 18:12:00,2.0,UNEXPECTED_SHORT_GAP,UNEXPECTED
2021-08-24 18:20:00,2021-08-24 18:22:00,2.0,UNEXPECTED_SHORT_GAP,UNEXPECTED
2021-08-24 18:24:00,2021-08-24 18:28:00,4.0,UNEXPECTED_SHORT_GAP,UNEXPECTED
2021-08-24 18:32:00,2021-08-24 18:34:00,2.0,UNEXPECTED_SHORT_GAP,UNEXPECTED
2021-08-24 18:42:00,2021-08-24 18:44:00,2.0,UNEXPECTED_SHORT_GAP,UNEXPECTED
2021-08-24 18:45:00,2021-08-24 18:47:00,2.0,UNEXPECTED_SHORT_GAP,UNEXPECTED
2021-08-24 19:12:00,2021-08-24 19:14:00,2.0,UNEXPECTED_SHORT_GAP,UNEXPECTED
2021-08-24 19:20:00,2021-08-24 19:22:00,2.0,UNEXPECTED_SHORT_GAP,UNEXPECTED
2021-08-24 19:23:00,2021-08-24 19:25:00,2.0,UNEXPECTED_SHORT_GAP,UNEXPECTED
2021-08-24 19:33:00,2021-08-24 19:35:00,2.0,UNEXPECTED_SHORT_GAP,UNEXPECTED
2021-08-24 19:43:00,2021-08-24 19:45:00,2.0,UNEXPECTED_SHORT_GAP,UNEXPECTED
2021-08-24 20:01:00,2021-08-24 20:03:00,2.0,UNEXPECTED_SHORT_GAP,UNEXPECTED
2021-08-24 20:08:00,2021-08-24 20:12:00,4.0,UNEXPECTED_SHORT_GAP,UNEXPECTED
2021-08-24 20:12:00,2021-08-24 20:14:00,2.0,UNEXPECTED_SHORT_GAP,UNEXPECTED
2021-08-24 20:16:00,2021-08-24 20:18:00,2.0,UNEXPECTED_SHORT_GAP,UNEXPECTED
2021-08-24 20:22:00,2021-08-24 20:28:00,6.0,UNEXPECTED_INTRADAY_GAP,UNEXPECTED
2021-08-24 20:33:00,2021-08-24 20:35:00,2.0,UNEXPECTED_SHORT_GAP,UNEXPECTED
2021-08-24 20:39:00,2021-08-24 20:42:00,3.0,UNEXPECTED_SHORT_GAP,UNEXPECTED
2021-08-24 21:01:00,2021-08-24 21:04:00,3.0,UNEXPECTED_SHORT_GAP,UNEXPECTED
2021-08-24 21:04:00,2021-08-24 21:06:00,2.0,UNEXPECTED_SHORT_GAP,UNEXPECTED
2021-08-24 21:20:00,2021-08-24 21:22:00,2.0,UNEXPECTED_SHORT_GAP,UNEXPECTED
2021-08-24 21:22:00,2021-08-24 21:27:00,5.0,UNEXPECTED_SHORT_GAP,UNEXPECTED
2021-08-24 21:37:00,2021-08-24 21:39:00,2.0,UNEXPECTED_SHORT_GAP,UNEXPECTED
2021-08-24 21:41:00,2021-08-24 21:44:00,3.0,UNEXPECTED_SHORT_GAP,UNEXPECTED
2021-08-24 21:45:00,2021-08-24 21:47:00,2.0,UNEXPECTED_SHORT_GAP,UNEXPECTED
2021-08-24 21:50:00,2021-08-24 21:52:00,2.0,UNEXPECTED_SHORT_GAP,UNEXPECTED
2021-08-24 21:53:00,2021-08-24 21:55:00,2.0,UNEXPECTED_SHORT_GAP,UNEXPECTED
2021-08-24 22:02:00,2021-08-24 22:04:00,2.0,UNEXPECTED_SHORT_GAP,UNEXPECTED
2021-08-24 22:05:00,2021-08-24 22:07:00,2.0,UNEXPECTED_SHORT_GAP,UNEXPECTED
2021-08-24 22:10:00,2021-08-24 22:12:00,2.0,UNEXPECTED_SHORT_GAP,UNEXPECTED
2021-08-24 22:12:00,2021-08-24 22:15:00,3.0,UNEXPECTED_SHORT_GAP,UNEXPECTED
2021-08-24 22:16:00,2021-08-24 22:18:00,2.0,UNEXPECTED_SHORT_GAP,UNEXPECTED
2021-08-24 22:18:00,2021-08-24 22:20:00,2.0,UNEXPECTED_SHORT_GAP,UNEXPECTED
2021-08-24 22:25:00,2021-08-24 22:30:00,5.0,UNEXPECTED_SHORT_GAP,UNEXPECTED
2021-08-24 22:38:00,2021-08-24 22:42:00,4.0,UNEXPECTED_SHORT_GAP,UNEXPECTED
2021-08-24 22:45:00,2021-08-24 22:48:00,3.0,UNEXPECTED_SHORT_GAP,UNEXPECTED
2021-08-24 22:50:00,2021-08-24 22:53:00,3.0,UNEXPECTED_SHORT_GAP,UNEXPECTED
2021-08-24 22:53:00,2021-08-24 22:55:00,2.0,UNEXPECTED_SHORT_GAP,UNEXPECTED
2021-08-24 22:55:00,2021-08-24 22:57:00,2.0,UNEXPECTED_SHORT_GAP,UNEXPECTED
2021-08-24 22:58:00,2021-08-24 23:00:00,2.0,UNEXPECTED_SHORT_GAP,UNEXPECTED
2021-08-24 23:08:00,2021-08-24 23:10:00,2.0,UNEXPECTED_SHORT_GAP,UNEXPECTED
2021-08-24 23:11:00,2021-08-24 23:13:00,2.0,UNEXPECTED_SHORT_GAP,UNEXPECTED
2021-08-24 23:13:00,2021-08-24 23:15:00,2.0,UNEXPECTED_SHORT_GAP,UNEXPECTED
2021-08-24 23:15:00,2021-08-24 23:17:00,2.0,UNEXPECTED_SHORT_GAP,UNEXPECTED
2021-08-24 23:18:00,2021-08-24 23:21:00,3.0,UNEXPECTED_SHORT_GAP,UNEXPECTED
2021-08-24 23:21:00,2021-08-24 23:23:00,2.0,UNEXPECTED_SHORT_GAP,UNEXPECTED
2021-08-24 23:26:00,2021-08-24 23:28:00,2.0,UNEXPECTED_SHORT_GAP,UNEXPECTED
2021-08-24 23:28:00,2021-08-24 23:32:00,4.0,UNEXPECTED_SHORT_GAP,UNEXPECTED
2021-08-24 23:34:00,2021-08-24 23:36:00,2.0,UNEXPECTED_SHORT_GAP,UNEXPECTED
2021-08-24 23:37:00,2021-08-24 23:42:00,5.0,UNEXPECTED_SHORT_GAP,UNEXPECTED
2021-08-24 23:51:00,2021-08-24 23:53:00,2.0,UNEXPECTED_SHORT_GAP,UNEXPECTED
2021-08-24 23:54:00,2021-08-24 23:57:00,3.0,UNEXPECTED_SHORT_GAP,UNEXPECTED
2021-08-25 01:22:00,2021-08-25 01:24:00,2.0,UNEXPECTED_SHORT_GAP,UNEXPECTED
2021-08-25 01:25:00,2021-08-25 01:27:00,2.0,UNEXPECTED_SHORT_GAP,UNEXPECTED
2021-08-25 01:43:00,2021-08-25 01:45:00,2.0,UNEXPECTED_SHORT_GAP,UNEXPECTED
2021-08-25 01:58:00,2021-08-25 02:00:00,2.0,UNEXPECTED_SHORT_GAP,UNEXPECTED
2021-08-25 02:44:00,2021-08-25 02:46:00,2.0,UNEXPECTED_SHORT_GAP,UNEXPECTED
2021-08-25 02:51:00,2021-08-25 02:53:00,2.0,UNEXPECTED_SHORT_GAP,UNEXPECTED
2021-08-25 03:13:00,2021-08-25 03:15:00,2.0,UNEXPECTED_SHORT_GAP,UNEXPECTED
2021-08-25 03:20:00,2021-08-25 03:22:00,2.0,UNEXPECTED_SHORT_GAP,UNEXPECTED
2021-08-25 03:32:00,2021-08-25 03:34:00,2.0,UNEXPECTED_SHORT_GAP,UNEXPECTED
2021-08-25 03:38:00,2021-08-25 03:40:00,2.0,UNEXPECTED_SHORT_GAP,UNEXPECTED
2021-08-25 03:41:00,2021-08-25 03:43:00,2.0,UNEXPECTED_SHORT_GAP,UNEXPECTED
2021-08-25 03:56:00,2021-08-25 03:58:00,2.0,UNEXPECTED_SHORT_GAP,UNEXPECTED
2021-08-25 04:13:00,2021-08-25 04:15:00,2.0,UNEXPECTED_SHORT_GAP,UNEXPECTED
2021-08-25 04:18:00,2021-08-25 04:20:00,2.0,UNEXPECTED_SHORT_GAP,UNEXPECTED
2021-08-25 04:35:00,2021-08-25 04:37:00,2.0,UNEXPECTED_SHORT_GAP,UNEXPECTED
2021-08-25 04:45:00,2021-08-25 04:47:00,2.0,UNEXPECTED_SHORT_GAP,UNEXPECTED
2021-08-25 04:50:00,2021-08-25 04:52:00,2.0,UNEXPECTED_SHORT_GAP,UNEXPECTED
2021-08-25 04:52:00,2021-08-25 04:54:00,2.0,UNEXPECTED_SHORT_GAP,UNEXPECTED
2021-08-25 05:01:00,2021-08-25 05:03:00,2.0,UNEXPECTED_SHORT_GAP,UNEXPECTED
2021-08-25 05:05:00,2021-08-25 05:08:00,3.0,UNEXPECTED_SHORT_GAP,UNEXPECTED
2021-08-25 05:09:00,2021-08-25 05:11:00,2.0,UNEXPECTED_SHORT_GAP,UNEXPECTED
2021-08-25 05:11:00,2021-08-25 05:16:00,5.0,UNEXPECTED_SHORT_GAP,UNEXPECTED
2021-08-25 05:28:00,2021-08-25 05:30:00,2.0,UNEXPECTED_SHORT_GAP,UNEXPECTED
2021-08-25 05:32:00,2021-08-25 05:34:00,2.0,UNEXPECTED_SHORT_GAP,UNEXPECTED
2021-08-25 05:39:00,2021-08-25 05:41:00,2.0,UNEXPECTED_SHORT_GAP,UNEXPECTED
2021-08-25 05:41:00,2021-08-25 05:43:00,2.0,UNEXPECTED_SHORT_GAP,UNEXPECTED
2021-08-25 06:23:00,2021-08-25 06:25:00,2.0,UNEXPECTED_SHORT_GAP,UNEXPECTED
2021-08-25 06:39:00,2021-08-25 06:41:00,2.0,UNEXPECTED_SHORT_GAP,UNEXPECTED
2021-08-25 10:47:00,2021-08-25 10:49:00,2.0,UNEXPECTED_SHORT_GAP,UNEXPECTED
2021-08-25 11:27:00,2021-08-25 11:29:00,2.0,UNEXPECTED_SHORT_GAP,UNEXPECTED
2021-08-25 12:08:00,2021-08-25 12:10:00,2.0,UNEXPECTED_SHORT_GAP,UNEXPECTED
2021-08-25 12:43:00,2021-08-25 12:45:00,2.0,UNEXPECTED_SHORT_GAP,UNEXPECTED
2021-08-25 16:40:00,2021-08-25 16:42:00,2.0,UNEXPECTED_SHORT_GAP,UNEXPECTED
2021-08-25 17:48:00,2021-08-25 17:50:00,2.0,UNEXPECTED_SHORT_GAP,UNEXPECTED
2021-08-25 18:03:00,2021-08-25 18:05:00,2.0,UNEXPECTED_SHORT_GAP,UNEXPECTED
2021-08-25 18:49:00,2021-08-25 18:51:00,2.0,UNEXPECTED_SHORT_GAP,UNEXPECTED
2021-08-25 19:20:00,2021-08-25 19:22:00,2.0,UNEXPECTED_SHORT_GAP,UNEXPECTED
2021-08-25 19:24:00,2021-08-25 19:26:00,2.0,UNEXPECTED_SHORT_GAP,UNEXPECTED
2021-08-25 19:29:00,2021-08-25 19:31:00,2.0,UNEXPECTED_SHORT_GAP,UNEXPECTED
2021-08-25 19:35:00,2021-08-25 19:38:00,3.0,UNEXPECTED_SHORT_GAP,UNEXPECTED
2021-08-25 20:07:00,2021-08-25 20:10:00,3.0,UNEXPECTED_SHORT_GAP,UNEXPECTED
2021-08-25 20:12:00,2021-08-25 20:14:00,2.0,UNEXPECTED_SHORT_GAP,UNEXPECTED
2021-08-25 20:14:00,2021-08-25 20:16:00,2.0,UNEXPECTED_SHORT_GAP,UNEXPECTED
2021-08-25 20:16:00,2021-08-25 20:18:00,2.0,UNEXPECTED_SHORT_GAP,UNEXPECTED
2021-08-25 20:18:00,2021-08-25 20:20:00,2.0,UNEXPECTED_SHORT_GAP,UNEXPECTED
2021-08-25 20:21:00,2021-08-25 20:24:00,3.0,UNEXPECTED_SHORT_GAP,UNEXPECTED
2021-08-25 20:25:00,2021-08-25 20:27:00,2.0,UNEXPECTED_SHORT_GAP,UNEXPECTED
2021-08-25 20:27:00,2021-08-25 20:29:00,2.0,UNEXPECTED_SHORT_GAP,UNEXPECTED
2021-08-25 20:32:00,2021-08-25 20:35:00,3.0,UNEXPECTED_SHORT_GAP,UNEXPECTED
2021-08-25 20:35:00,2021-08-25 20:37:00,2.0,UNEXPECTED_SHORT_GAP,UNEXPECTED
2021-08-25 20:37:00,2021-08-25 20:39:00,2.0,UNEXPECTED_SHORT_GAP,UNEXPECTED
2021-08-25 20:39:00,2021-08-25 20:42:00,3.0,UNEXPECTED_SHORT_GAP,UNEXPECTED
2021-08-25 20:45:00,2021-08-25 20:47:00,2.0,UNEXPECTED_SHORT_GAP,UNEXPECTED
2021-08-25 20:50:00,2021-08-25 20:52:00,2.0,UNEXPECTED_SHORT_GAP,UNEXPECTED
2021-08-25 21:01:00,2021-08-25 21:03:00,2.0,UNEXPECTED_SHORT_GAP,UNEXPECTED
2021-08-25 21:03:00,2021-08-25 21:05:00,2.0,UNEXPECTED_SHORT_GAP,UNEXPECTED
2021-08-25 21:05:00,2021-08-25 21:07:00,2.0,UNEXPECTED_SHORT_GAP,UNEXPECTED
2021-08-25 21:15:00,2021-08-25 21:17:00,2.0,UNEXPECTED_SHORT_GAP,UNEXPECTED
2021-08-25 21:20:00,2021-08-25 21:22:00,2.0,UNEXPECTED_SHORT_GAP,UNEXPECTED
2021-08-25 21:28:00,2021-08-25 21:30:00,2.0,UNEXPECTED_SHORT_GAP,UNEXPECTED
2021-08-25 22:01:00,2021-08-25 22:03:00,2.0,UNEXPECTED_SHORT_GAP,UNEXPECTED
2021-08-25 22:03:00,2021-08-25 22:05:00,2.0,UNEXPECTED_SHORT_GAP,UNEXPECTED
2021-08-25 22:09:00,2021-08-25 22:11:00,2.0,UNEXPECTED_SHORT_GAP,UNEXPECTED
2021-08-25 22:16:00,2021-08-25 22:18:00,2.0,UNEXPECTED_SHORT_GAP,UNEXPECTED
2021-08-25 22:18:00,2021-08-25 22:20:00,2.0,UNEXPECTED_SHORT_GAP,UNEXPECTED
2021-08-25 22:21:00,2021-08-25 22:25:00,4.0,UNEXPECTED_SHORT_GAP,UNEXPECTED
2021-08-25 22:26:00,2021-08-25 22:28:00,2.0,UNEXPECTED_SHORT_GAP,UNEXPECTED
2021-08-25 22:39:00,2021-08-25 22:41:00,2.0,UNEXPECTED_SHORT_GAP,UNEXPECTED
2021-08-25 22:45:00,2021-08-25 22:48:00,3.0,UNEXPECTED_SHORT_GAP,UNEXPECTED
2021-08-25 22:49:00,2021-08-25 22:51:00,2.0,UNEXPECTED_SHORT_GAP,UNEXPECTED
2021-08-25 22:51:00,2021-08-25 22:55:00,4.0,UNEXPECTED_SHORT_GAP,UNEXPECTED
2021-08-25 23:04:00,2021-08-25 23:06:00,2.0,UNEXPECTED_SHORT_GAP,UNEXPECTED
2021-08-25 23:09:00,2021-08-25 23:12:00,3.0,UNEXPECTED_SHORT_GAP,UNEXPECTED
2021-08-25 23:17:00,2021-08-25 23:19:00,2.0,UNEXPECTED_SHORT_GAP,UNEXPECTED
2021-08-25 23:22:00,2021-08-25 23:24:00,2.0,UNEXPECTED_SHORT_GAP,UNEXPECTED
2021-08-25 23:26:00,2021-08-25 23:28:00,2.0,UNEXPECTED_SHORT_GAP,UNEXPECTED
2021-08-25 23:31:00,2021-08-25 23:33:00,2.0,UNEXPECTED_SHORT_GAP,UNEXPECTED
2021-08-25 23:33:00,2021-08-25 23:35:00,2.0,UNEXPECTED_SHORT_GAP,UNEXPECTED
2021-08-25 23:36:00,2021-08-25 23:38:00,2.0,UNEXPECTED_SHORT_GAP,UNEXPECTED
2021-08-25 23:38:00,2021-08-25 23:40:00,2.0,UNEXPECTED_SHORT_GAP,UNEXPECTED
2021-08-25 23:41:00,2021-08-25 23:43:00,2.0,UNEXPECTED_SHORT_GAP,UNEXPECTED
2021-08-25 23:52:00,2021-08-25 23:54:00,2.0,UNEXPECTED_SHORT_GAP,UNEXPECTED
2021-08-26 00:15:00,2021-08-26 00:17:00,2.0,UNEXPECTED_SHORT_GAP,UNEXPECTED
2021-08-26 00:41:00,2021-08-26 00:45:00,4.0,UNEXPECTED_SHORT_GAP,UNEXPECTED
2021-08-26 01:24:00,2021-08-26 01:26:00,2.0,UNEXPECTED_SHORT_GAP,UNEXPECTED
2021-08-26 01:58:00,2021-08-26 02:00:00,2.0,UNEXPECTED_SHORT_GAP,UNEXPECTED
2021-08-26 02:08:00,2021-08-26 02:10:00,2.0,UNEXPECTED_SHORT_GAP,UNEXPECTED
2021-08-26 03:07:00,2021-08-26 03:09:00,2.0,UNEXPECTED_SHORT_GAP,UNEXPECTED
2021-08-26 03:17:00,2021-08-26 03:19:00,2.0,UNEXPECTED_SHORT_GAP,UNEXPECTED
2021-08-26 03:26:00,2021-08-26 03:30:00,4.0,UNEXPECTED_SHORT_GAP,UNEXPECTED
2021-08-26 03:32:00,2021-08-26 03:37:00,5.0,UNEXPECTED_SHORT_GAP,UNEXPECTED
2021-08-26 03:45:00,2021-08-26 03:51:00,6.0,UNEXPECTED_INTRADAY_GAP,UNEXPECTED
2021-08-26 03:51:00,2021-08-26 03:57:00,6.0,UNEXPECTED_INTRADAY_GAP,UNEXPECTED
2021-08-26 03:58:00,2021-08-26 04:00:00,2.0,UNEXPECTED_SHORT_GAP,UNEXPECTED
2021-08-26 04:01:00,2021-08-26 04:04:00,3.0,UNEXPECTED_SHORT_GAP,UNEXPECTED
2021-08-26 04:10:00,2021-08-26 04:13:00,3.0,UNEXPECTED_SHORT_GAP,UNEXPECTED
2021-08-26 04:17:00,2021-08-26 04:21:00,4.0,UNEXPECTED_SHORT_GAP,UNEXPECTED
2021-08-26 04:23:00,2021-08-26 04:25:00,2.0,UNEXPECTED_SHORT_GAP,UNEXPECTED
2021-08-26 04:27:00,2021-08-26 04:29:00,2.0,UNEXPECTED_SHORT_GAP,UNEXPECTED
2021-08-26 04:30:00,2021-08-26 04:32:00,2.0,UNEXPECTED_SHORT_GAP,UNEXPECTED
2021-08-26 04:34:00,2021-08-26 04:36:00,2.0,UNEXPECTED_SHORT_GAP,UNEXPECTED
2021-08-26 04:38:00,2021-08-26 04:40:00,2.0,UNEXPECTED_SHORT_GAP,UNEXPECTED
2021-08-26 04:44:00,2021-08-26 04:46:00,2.0,UNEXPECTED_SHORT_GAP,UNEXPECTED
2021-08-26 04:49:00,2021-08-26 04:51:00,2.0,UNEXPECTED_SHORT_GAP,UNEXPECTED
2021-08-26 04:54:00,2021-08-26 04:56:00,2.0,UNEXPECTED_SHORT_GAP,UNEXPECTED
2021-08-26 05:02:00,2021-08-26 05:04:00,2.0,UNEXPECTED_SHORT_GAP,UNEXPECTED
2021-08-26 05:06:00,2021-08-26 05:09:00,3.0,UNEXPECTED_SHORT_GAP,UNEXPECTED
2021-08-26 05:11:00,2021-08-26 05:13:00,2.0,UNEXPECTED_SHORT_GAP,UNEXPECTED
2021-08-26 05:24:00,2021-08-26 05:26:00,2.0,UNEXPECTED_SHORT_GAP,UNEXPECTED
2021-08-26 05:30:00,2021-08-26 05:33:00,3.0,UNEXPECTED_SHORT_GAP,UNEXPECTED
2021-08-26 06:03:00,2021-08-26 06:05:00,2.0,UNEXPECTED_SHORT_GAP,UNEXPECTED
2021-08-26 06:20:00,2021-08-26 06:22:00,2.0,UNEXPECTED_SHORT_GAP,UNEXPECTED
2021-08-26 10:09:00,2021-08-26 10:11:00,2.0,UNEXPECTED_SHORT_GAP,UNEXPECTED
2021-08-26 10:37:00,2021-08-26 10:39:00,2.0,UNEXPECTED_SHORT_GAP,UNEXPECTED
2021-08-26 18:15:00,2021-08-26 18:17:00,2.0,UNEXPECTED_SHORT_GAP,UNEXPECTED
2021-08-26 18:17:00,2021-08-26 18:19:00,2.0,UNEXPECTED_SHORT_GAP,UNEXPECTED
2021-08-26 18:28:00,2021-08-26 18:30:00,2.0,UNEXPECTED_SHORT_GAP,UNEXPECTED
2021-08-26 18:45:00,2021-08-26 18:47:00,2.0,UNEXPECTED_SHORT_GAP,UNEXPECTED
2021-08-26 19:01:00,2021-08-26 19:03:00,2.0,UNEXPECTED_SHORT_GAP,UNEXPECTED
2021-08-26 19:31:00,2021-08-26 19:34:00,3.0,UNEXPECTED_SHORT_GAP,UNEXPECTED
2021-08-26 20:09:00,2021-08-26 20:11:00,2.0,UNEXPECTED_SHORT_GAP,UNEXPECTED
2021-08-26 20:11:00,2021-08-26 20:14:00,3.0,UNEXPECTED_SHORT_GAP,UNEXPECTED
2021-08-26 20:14:00,2021-08-26 20:17:00,3.0,UNEXPECTED_SHORT_GAP,UNEXPECTED
2021-08-26 20:17:00,2021-08-26 20:19:00,2.0,UNEXPECTED_SHORT_GAP,UNEXPECTED
2021-08-26 20:19:00,2021-08-26 20:27:00,8.0,UNEXPECTED_INTRADAY_GAP,UNEXPECTED
2021-08-26 20:32:00,2021-08-26 20:35:00,3.0,UNEXPECTED_SHORT_GAP,UNEXPECTED
2021-08-26 21:01:00,2021-08-26 21:03:00,2.0,UNEXPECTED_SHORT_GAP,UNEXPECTED
2021-08-26 21:03:00,2021-08-26 21:05:00,2.0,UNEXPECTED_SHORT_GAP,UNEXPECTED
2021-08-26 21:19:00,2021-08-26 21:21:00,2.0,UNEXPECTED_SHORT_GAP,UNEXPECTED
2021-08-26 21:21:00,2021-08-26 21:23:00,2.0,UNEXPECTED_SHORT_GAP,UNEXPECTED
2021-08-26 21:37:00,2021-08-26 21:41:00,4.0,UNEXPECTED_SHORT_GAP,UNEXPECTED
2021-08-26 22:03:00,2021-08-26 22:05:00,2.0,UNEXPECTED_SHORT_GAP,UNEXPECTED
2021-08-26 22:07:00,2021-08-26 22:09:00,2.0,UNEXPECTED_SHORT_GAP,UNEXPECTED
2021-08-26 22:16:00,2021-08-26 22:18:00,2.0,UNEXPECTED_SHORT_GAP,UNEXPECTED
2021-08-26 22:20:00,2021-08-26 22:22:00,2.0,UNEXPECTED_SHORT_GAP,UNEXPECTED
2021-08-26 22:27:00,2021-08-26 22:30:00,3.0,UNEXPECTED_SHORT_GAP,UNEXPECTED
2021-08-26 22:32:00,2021-08-26 22:39:00,7.0,UNEXPECTED_INTRADAY_GAP,UNEXPECTED
2021-08-26 22:41:00,2021-08-26 22:45:00,4.0,UNEXPECTED_SHORT_GAP,UNEXPECTED
2021-08-26 22:45:00,2021-08-26 22:47:00,2.0,UNEXPECTED_SHORT_GAP,UNEXPECTED
2021-08-26 22:47:00,2021-08-26 22:51:00,4.0,UNEXPECTED_SHORT_GAP,UNEXPECTED
2021-08-26 22:51:00,2021-08-26 22:59:00,8.0,UNEXPECTED_INTRADAY_GAP,UNEXPECTED
2021-08-26 23:03:00,2021-08-26 23:05:00,2.0,UNEXPECTED_SHORT_GAP,UNEXPECTED
2021-08-26 23:06:00,2021-08-26 23:09:00,3.0,UNEXPECTED_SHORT_GAP,UNEXPECTED
2021-08-26 23:09:00,2021-08-26 23:12:00,3.0,UNEXPECTED_SHORT_GAP,UNEXPECTED
2021-08-26 23:14:00,2021-08-26 23:16:00,2.0,UNEXPECTED_SHORT_GAP,UNEXPECTED
2021-08-26 23:18:00,2021-08-26 23:20:00,2.0,UNEXPECTED_SHORT_GAP,UNEXPECTED
2021-08-26 23:21:00,2021-08-26 23:24:00,3.0,UNEXPECTED_SHORT_GAP,UNEXPECTED
2021-08-26 23:24:00,2021-08-26 23:26:00,2.0,UNEXPECTED_SHORT_GAP,UNEXPECTED
2021-08-26 23:26:00,2021-08-26 23:29:00,3.0,UNEXPECTED_SHORT_GAP,UNEXPECTED
2021-08-26 23:29:00,2021-08-26 23:32:00,3.0,UNEXPECTED_SHORT_GAP,UNEXPECTED
2021-08-26 23:36:00,2021-08-26 23:38:00,2.0,UNEXPECTED_SHORT_GAP,UNEXPECTED
2021-08-26 23:47:00,2021-08-26 23:50:00,3.0,UNEXPECTED_SHORT_GAP,UNEXPECTED
2021-08-26 23:55:00,2021-08-26 23:57:00,2.0,UNEXPECTED_SHORT_GAP,UNEXPECTED
2021-08-27 00:44:00,2021-08-27 00:46:00,2.0,UNEXPECTED_SHORT_GAP,UNEXPECTED
2021-08-27 01:04:00,2021-08-27 01:06:00,2.0,UNEXPECTED_SHORT_GAP,UNEXPECTED
2021-08-27 01:47:00,2021-08-27 01:49:00,2.0,UNEXPECTED_SHORT_GAP,UNEXPECTED
2021-08-27 01:58:00,2021-08-27 02:00:00,2.0,UNEXPECTED_SHORT_GAP,UNEXPECTED
2021-08-27 02:20:00,2021-08-27 02:22:00,2.0,UNEXPECTED_SHORT_GAP,UNEXPECTED
2021-08-27 02:31:00,2021-08-27 02:33:00,2.0,UNEXPECTED_SHORT_GAP,UNEXPECTED
2021-08-27 02:39:00,2021-08-27 02:43:00,4.0,UNEXPECTED_SHORT_GAP,UNEXPECTED
2021-08-27 02:49:00,2021-08-27 02:52:00,3.0,UNEXPECTED_SHORT_GAP,UNEXPECTED
2021-08-27 03:02:00,2021-08-27 03:04:00,2.0,UNEXPECTED_SHORT_GAP,UNEXPECTED
2021-08-27 03:28:00,2021-08-27 03:30:00,2.0,UNEXPECTED_SHORT_GAP,UNEXPECTED
2021-08-27 03:43:00,2021-08-27 03:46:00,3.0,UNEXPECTED_SHORT_GAP,UNEXPECTED
2021-08-27 03:51:00,2021-08-27 03:53:00,2.0,UNEXPECTED_SHORT_GAP,UNEXPECTED
2021-08-27 04:01:00,2021-08-27 04:03:00,2.0,UNEXPECTED_SHORT_GAP,UNEXPECTED
2021-08-27 04:06:00,2021-08-27 04:09:00,3.0,UNEXPECTED_SHORT_GAP,UNEXPECTED
2021-08-27 04:13:00,2021-08-27 04:15:00,2.0,UNEXPECTED_SHORT_GAP,UNEXPECTED
2021-08-27 04:17:00,2021-08-27 04:20:00,3.0,UNEXPECTED_SHORT_GAP,UNEXPECTED
2021-08-27 04:42:00,2021-08-27 04:44:00,2.0,UNEXPECTED_SHORT_GAP,UNEXPECTED
2021-08-27 04:47:00,2021-08-27 04:49:00,2.0,UNEXPECTED_SHORT_GAP,UNEXPECTED
2021-08-27 04:52:00,2021-08-27 04:54:00,2.0,UNEXPECTED_SHORT_GAP,UNEXPECTED
2021-08-27 04:56:00,2021-08-27 04:58:00,2.0,UNEXPECTED_SHORT_GAP,UNEXPECTED
2021-08-27 05:22:00,2021-08-27 05:24:00,2.0,UNEXPECTED_SHORT_GAP,UNEXPECTED
2021-08-27 05:25:00,2021-08-27 05:27:00,2.0,UNEXPECTED_SHORT_GAP,UNEXPECTED
2021-08-27 05:29:00,2021-08-27 05:32:00,3.0,UNEXPECTED_SHORT_GAP,UNEXPECTED
2021-08-27 05:32:00,2021-08-27 05:34:00,2.0,UNEXPECTED_SHORT_GAP,UNEXPECTED
2021-08-27 05:50:00,2021-08-27 05:52:00,2.0,UNEXPECTED_SHORT_GAP,UNEXPECTED
2021-08-27 06:05:00,2021-08-27 06:07:00,2.0,UNEXPECTED_SHORT_GAP,UNEXPECTED
2021-08-27 17:28:00,2021-08-27 17:30:00,2.0,UNEXPECTED_SHORT_GAP,UNEXPECTED
2021-08-27 17:37:00,2021-08-27 17:40:00,3.0,UNEXPECTED_SHORT_GAP,UNEXPECTED
2021-08-27 18:24:00,2021-08-27 18:26:00,2.0,UNEXPECTED_SHORT_GAP,UNEXPECTED
2021-08-27 18:41:00,2021-08-27 18:43:00,2.0,UNEXPECTED_SHORT_GAP,UNEXPECTED
2021-08-27 19:02:00,2021-08-27 19:05:00,3.0,UNEXPECTED_SHORT_GAP,UNEXPECTED
2021-08-27 20:25:00,2021-08-27 20:27:00,2.0,UNEXPECTED_SHORT_GAP,UNEXPECTED
2021-08-27 20:42:00,2021-08-27 20:44:00,2.0,UNEXPECTED_SHORT_GAP,UNEXPECTED
2021-08-27 20:58:00,2021-08-29 21:00:00,2882.0,EXPECTED_WEEKEND_CLOSURE,EXPECTED
2021-08-29 21:00:00,2021-08-29 21:06:00,6.0,EXPECTED_WEEKEND_CLOSURE,EXPECTED
2021-08-29 21:08:00,2021-08-29 21:10:00,2.0,EXPECTED_WEEKEND_CLOSURE,EXPECTED
2021-08-29 21:12:00,2021-08-29 21:18:00,6.0,EXPECTED_WEEKEND_CLOSURE,EXPECTED
2021-08-29 21:21:00,2021-08-29 21:23:00,2.0,EXPECTED_WEEKEND_CLOSURE,EXPECTED
2021-08-29 21:25:00,2021-08-29 21:27:00,2.0,EXPECTED_WEEKEND_CLOSURE,EXPECTED
2021-08-29 21:27:00,2021-08-29 21:30:00,3.0,EXPECTED_WEEKEND_CLOSURE,EXPECTED
2021-08-29 21:30:00,2021-08-29 21:32:00,2.0,EXPECTED_WEEKEND_CLOSURE,EXPECTED
2021-08-29 21:32:00,2021-08-29 21:35:00,3.0,EXPECTED_WEEKEND_CLOSURE,EXPECTED
2021-08-29 21:35:00,2021-08-29 21:38:00,3.0,EXPECTED_WEEKEND_CLOSURE,EXPECTED
2021-08-29 21:39:00,2021-08-29 21:41:00,2.0,EXPECTED_WEEKEND_CLOSURE,EXPECTED
2021-08-29 21:48:00,2021-08-29 21:51:00,3.0,EXPECTED_WEEKEND_CLOSURE,EXPECTED
2021-08-29 22:43:00,2021-08-29 22:45:00,2.0,EXPECTED_WEEKEND_CLOSURE,EXPECTED
2021-08-29 22:56:00,2021-08-29 22:58:00,2.0,EXPECTED_WEEKEND_CLOSURE,EXPECTED
2021-08-29 23:05:00,2021-08-29 23:07:00,2.0,EXPECTED_WEEKEND_CLOSURE,EXPECTED
2021-08-29 23:18:00,2021-08-29 23:20:00,2.0,EXPECTED_WEEKEND_CLOSURE,EXPECTED
2021-08-29 23:24:00,2021-08-29 23:27:00,3.0,EXPECTED_WEEKEND_CLOSURE,EXPECTED
2021-08-29 23:32:00,2021-08-29 23:34:00,2.0,EXPECTED_WEEKEND_CLOSURE,EXPECTED
2021-08-29 23:37:00,2021-08-29 23:39:00,2.0,EXPECTED_WEEKEND_CLOSURE,EXPECTED
2021-08-29 23:40:00,2021-08-29 23:42:00,2.0,EXPECTED_WEEKEND_CLOSURE,EXPECTED
2021-08-29 23:55:00,2021-08-29 23:57:00,2.0,EXPECTED_WEEKEND_CLOSURE,EXPECTED
2021-08-30 00:22:00,2021-08-30 00:24:00,2.0,UNEXPECTED_SHORT_GAP,UNEXPECTED
2021-08-30 00:32:00,2021-08-30 00:34:00,2.0,UNEXPECTED_SHORT_GAP,UNEXPECTED
2021-08-30 02:43:00,2021-08-30 02:45:00,2.0,UNEXPECTED_SHORT_GAP,UNEXPECTED
2021-08-30 02:47:00,2021-08-30 02:49:00,2.0,UNEXPECTED_SHORT_GAP,UNEXPECTED
2021-08-30 02:51:00,2021-08-30 02:53:00,2.0,UNEXPECTED_SHORT_GAP,UNEXPECTED
2021-08-30 02:56:00,2021-08-30 02:58:00,2.0,UNEXPECTED_SHORT_GAP,UNEXPECTED
2021-08-30 03:06:00,2021-08-30 03:08:00,2.0,UNEXPECTED_SHORT_GAP,UNEXPECTED
2021-08-30 03:12:00,2021-08-30 03:15:00,3.0,UNEXPECTED_SHORT_GAP,UNEXPECTED
2021-08-30 03:19:00,2021-08-30 03:22:00,3.0,UNEXPECTED_SHORT_GAP,UNEXPECTED
2021-08-30 03:24:00,2021-08-30 03:26:00,2.0,UNEXPECTED_SHORT_GAP,UNEXPECTED
2021-08-30 03:28:00,2021-08-30 03:30:00,2.0,UNEXPECTED_SHORT_GAP,UNEXPECTED
2021-08-30 03:49:00,2021-08-30 03:51:00,2.0,UNEXPECTED_SHORT_GAP,UNEXPECTED
2021-08-30 04:05:00,2021-08-30 04:07:00,2.0,UNEXPECTED_SHORT_GAP,UNEXPECTED
2021-08-30 04:08:00,2021-08-30 04:10:00,2.0,UNEXPECTED_SHORT_GAP,UNEXPECTED
2021-08-30 04:11:00,2021-08-30 04:13:00,2.0,UNEXPECTED_SHORT_GAP,UNEXPECTED
2021-08-30 04:23:00,2021-08-30 04:26:00,3.0,UNEXPECTED_SHORT_GAP,UNEXPECTED
2021-08-30 04:26:00,2021-08-30 04:29:00,3.0,UNEXPECTED_SHORT_GAP,UNEXPECTED
2021-08-30 04:31:00,2021-08-30 04:33:00,2.0,UNEXPECTED_SHORT_GAP,UNEXPECTED
2021-08-30 04:38:00,2021-08-30 04:40:00,2.0,UNEXPECTED_SHORT_GAP,UNEXPECTED
2021-08-30 04:42:00,2021-08-30 04:44:00,2.0,UNEXPECTED_SHORT_GAP,UNEXPECTED
2021-08-30 04:44:00,2021-08-30 04:46:00,2.0,UNEXPECTED_SHORT_GAP,UNEXPECTED
2021-08-30 04:46:00,2021-08-30 04:48:00,2.0,UNEXPECTED_SHORT_GAP,UNEXPECTED
2021-08-30 04:48:00,2021-08-30 04:50:00,2.0,UNEXPECTED_SHORT_GAP,UNEXPECTED
2021-08-30 04:50:00,2021-08-30 04:52:00,2.0,UNEXPECTED_SHORT_GAP,UNEXPECTED
2021-08-30 05:00:00,2021-08-30 05:02:00,2.0,UNEXPECTED_SHORT_GAP,UNEXPECTED
2021-08-30 05:12:00,2021-08-30 05:14:00,2.0,UNEXPECTED_SHORT_GAP,UNEXPECTED
2021-08-30 05:20:00,2021-08-30 05:22:00,2.0,UNEXPECTED_SHORT_GAP,UNEXPECTED
2021-08-30 05:24:00,2021-08-30 05:26:00,2.0,UNEXPECTED_SHORT_GAP,UNEXPECTED
2021-08-30 06:02:00,2021-08-30 06:04:00,2.0,UNEXPECTED_SHORT_GAP,UNEXPECTED
2021-08-30 16:08:00,2021-08-30 16:10:00,2.0,UNEXPECTED_SHORT_GAP,UNEXPECTED
2021-08-30 16:16:00,2021-08-30 16:19:00,3.0,UNEXPECTED_SHORT_GAP,UNEXPECTED
2021-08-30 16:26:00,2021-08-30 16:28:00,2.0,UNEXPECTED_SHORT_GAP,UNEXPECTED
2021-08-30 16:35:00,2021-08-30 16:38:00,3.0,UNEXPECTED_SHORT_GAP,UNEXPECTED
2021-08-30 16:45:00,2021-08-30 16:47:00,2.0,UNEXPECTED_SHORT_GAP,UNEXPECTED
2021-08-30 16:53:00,2021-08-30 16:56:00,3.0,UNEXPECTED_SHORT_GAP,UNEXPECTED
2021-08-30 17:04:00,2021-08-30 17:06:00,2.0,UNEXPECTED_SHORT_GAP,UNEXPECTED
2021-08-30 17:10:00,2021-08-30 17:12:00,2.0,UNEXPECTED_SHORT_GAP,UNEXPECTED
2021-08-30 17:21:00,2021-08-30 17:23:00,2.0,UNEXPECTED_SHORT_GAP,UNEXPECTED
2021-08-30 17:24:00,2021-08-30 17:26:00,2.0,UNEXPECTED_SHORT_GAP,UNEXPECTED
2021-08-30 17:28:00,2021-08-30 17:30:00,2.0,UNEXPECTED_SHORT_GAP,UNEXPECTED
2021-08-30 17:41:00,2021-08-30 17:43:00,2.0,UNEXPECTED_SHORT_GAP,UNEXPECTED
2021-08-30 17:45:00,2021-08-30 17:47:00,2.0,UNEXPECTED_SHORT_GAP,UNEXPECTED
2021-08-30 18:08:00,2021-08-30 18:10:00,2.0,UNEXPECTED_SHORT_GAP,UNEXPECTED
2021-08-30 18:25:00,2021-08-30 18:27:00,2.0,UNEXPECTED_SHORT_GAP,UNEXPECTED
2021-08-30 19:04:00,2021-08-30 19:06:00,2.0,UNEXPECTED_SHORT_GAP,UNEXPECTED
2021-08-30 19:07:00,2021-08-30 19:09:00,2.0,UNEXPECTED_SHORT_GAP,UNEXPECTED
2021-08-30 19:09:00,2021-08-30 19:11:00,2.0,UNEXPECTED_SHORT_GAP,UNEXPECTED
2021-08-30 19:14:00,2021-08-30 19:17:00,3.0,UNEXPECTED_SHORT_GAP,UNEXPECTED
2021-08-30 19:21:00,2021-08-30 19:23:00,2.0,UNEXPECTED_SHORT_GAP,UNEXPECTED
2021-08-30 19:24:00,2021-08-30 19:26:00,2.0,UNEXPECTED_SHORT_GAP,UNEXPECTED
2021-08-30 19:36:00,2021-08-30 19:38:00,2.0,UNEXPECTED_SHORT_GAP,UNEXPECTED
2021-08-30 20:09:00,2021-08-30 20:11:00,2.0,UNEXPECTED_SHORT_GAP,UNEXPECTED
2021-08-30 20:14:00,2021-08-30 20:16:00,2.0,UNEXPECTED_SHORT_GAP,UNEXPECTED
2021-08-30 20:20:00,2021-08-30 20:23:00,3.0,UNEXPECTED_SHORT_GAP,UNEXPECTED
2021-08-30 20:24:00,2021-08-30 20:26:00,2.0,UNEXPECTED_SHORT_GAP,UNEXPECTED
2021-08-30 20:30:00,2021-08-30 20:32:00,2.0,UNEXPECTED_SHORT_GAP,UNEXPECTED
2021-08-30 20:35:00,2021-08-30 20:38:00,3.0,UNEXPECTED_SHORT_GAP,UNEXPECTED
2021-08-30 20:45:00,2021-08-30 20:48:00,3.0,UNEXPECTED_SHORT_GAP,UNEXPECTED
2021-08-30 20:52:00,2021-08-30 20:54:00,2.0,UNEXPECTED_SHORT_GAP,UNEXPECTED
2021-08-30 21:13:00,2021-08-30 21:15:00,2.0,UNEXPECTED_SHORT_GAP,UNEXPECTED
2021-08-30 21:16:00,2021-08-30 21:19:00,3.0,UNEXPECTED_SHORT_GAP,UNEXPECTED
2021-08-30 21:20:00,2021-08-30 21:22:00,2.0,UNEXPECTED_SHORT_GAP,UNEXPECTED
2021-08-30 21:35:00,2021-08-30 21:44:00,9.0,UNEXPECTED_INTRADAY_GAP,UNEXPECTED
2021-08-30 22:05:00,2021-08-30 22:07:00,2.0,UNEXPECTED_SHORT_GAP,UNEXPECTED
2021-08-30 22:07:00,2021-08-30 22:09:00,2.0,UNEXPECTED_SHORT_GAP,UNEXPECTED
2021-08-30 22:09:00,2021-08-30 22:11:00,2.0,UNEXPECTED_SHORT_GAP,UNEXPECTED
2021-08-30 22:18:00,2021-08-30 22:21:00,3.0,UNEXPECTED_SHORT_GAP,UNEXPECTED
2021-08-30 22:22:00,2021-08-30 22:24:00,2.0,UNEXPECTED_SHORT_GAP,UNEXPECTED
2021-08-30 22:25:00,2021-08-30 22:28:00,3.0,UNEXPECTED_SHORT_GAP,UNEXPECTED
2021-08-30 22:30:00,2021-08-30 22:32:00,2.0,UNEXPECTED_SHORT_GAP,UNEXPECTED
2021-08-30 22:34:00,2021-08-30 22:36:00,2.0,UNEXPECTED_SHORT_GAP,UNEXPECTED
2021-08-30 22:36:00,2021-08-30 22:38:00,2.0,UNEXPECTED_SHORT_GAP,UNEXPECTED
2021-08-30 22:38:00,2021-08-30 22:41:00,3.0,UNEXPECTED_SHORT_GAP,UNEXPECTED
2021-08-30 22:43:00,2021-08-30 22:50:00,7.0,UNEXPECTED_INTRADAY_GAP,UNEXPECTED
2021-08-30 22:50:00,2021-08-30 22:53:00,3.0,UNEXPECTED_SHORT_GAP,UNEXPECTED
2021-08-30 22:54:00,2021-08-30 22:56:00,2.0,UNEXPECTED_SHORT_GAP,UNEXPECTED
2021-08-30 22:57:00,2021-08-30 23:00:00,3.0,UNEXPECTED_SHORT_GAP,UNEXPECTED
2021-08-30 23:01:00,2021-08-30 23:03:00,2.0,UNEXPECTED_SHORT_GAP,UNEXPECTED
2021-08-30 23:04:00,2021-08-30 23:07:00,3.0,UNEXPECTED_SHORT_GAP,UNEXPECTED
2021-08-30 23:16:00,2021-08-30 23:23:00,7.0,UNEXPECTED_INTRADAY_GAP,UNEXPECTED
2021-08-30 23:23:00,2021-08-30 23:25:00,2.0,UNEXPECTED_SHORT_GAP,UNEXPECTED
2021-08-30 23:26:00,2021-08-30 23:28:00,2.0,UNEXPECTED_SHORT_GAP,UNEXPECTED
2021-08-30 23:30:00,2021-08-30 23:33:00,3.0,UNEXPECTED_SHORT_GAP,UNEXPECTED
2021-08-30 23:33:00,2021-08-30 23:35:00,2.0,UNEXPECTED_SHORT_GAP,UNEXPECTED
2021-08-30 23:42:00,2021-08-30 23:45:00,3.0,UNEXPECTED_SHORT_GAP,UNEXPECTED
2021-08-30 23:47:00,2021-08-30 23:49:00,2.0,UNEXPECTED_SHORT_GAP,UNEXPECTED
2021-08-30 23:55:00,2021-08-30 23:57:00,2.0,UNEXPECTED_SHORT_GAP,UNEXPECTED
2021-08-31 00:41:00,2021-08-31 00:43:00,2.0,UNEXPECTED_SHORT_GAP,UNEXPECTED
2021-08-31 00:49:00,2021-08-31 00:51:00,2.0,UNEXPECTED_SHORT_GAP,UNEXPECTED
2021-08-31 01:23:00,2021-08-31 01:25:00,2.0,UNEXPECTED_SHORT_GAP,UNEXPECTED
2021-08-31 01:48:00,2021-08-31 01:50:00,2.0,UNEXPECTED_SHORT_GAP,UNEXPECTED
2021-08-31 02:15:00,2021-08-31 02:17:00,2.0,UNEXPECTED_SHORT_GAP,UNEXPECTED
2021-08-31 02:20:00,2021-08-31 02:23:00,3.0,UNEXPECTED_SHORT_GAP,UNEXPECTED
2021-08-31 02:37:00,2021-08-31 02:39:00,2.0,UNEXPECTED_SHORT_GAP,UNEXPECTED
2021-08-31 02:40:00,2021-08-31 02:42:00,2.0,UNEXPECTED_SHORT_GAP,UNEXPECTED
2021-08-31 02:44:00,2021-08-31 02:47:00,3.0,UNEXPECTED_SHORT_GAP,UNEXPECTED
2021-08-31 02:53:00,2021-08-31 02:55:00,2.0,UNEXPECTED_SHORT_GAP,UNEXPECTED
2021-08-31 03:37:00,2021-08-31 03:39:00,2.0,UNEXPECTED_SHORT_GAP,UNEXPECTED
2021-08-31 04:21:00,2021-08-31 04:23:00,2.0,UNEXPECTED_SHORT_GAP,UNEXPECTED
2021-08-31 04:31:00,2021-08-31 04:33:00,2.0,UNEXPECTED_SHORT_GAP,UNEXPECTED
2021-08-31 04:41:00,2021-08-31 04:43:00,2.0,UNEXPECTED_SHORT_GAP,UNEXPECTED
2021-08-31 17:18:00,2021-08-31 17:20:00,2.0,UNEXPECTED_SHORT_GAP,UNEXPECTED
2021-08-31 17:55:00,2021-08-31 17:57:00,2.0,UNEXPECTED_SHORT_GAP,UNEXPECTED
2021-08-31 18:42:00,2021-08-31 18:44:00,2.0,UNEXPECTED_SHORT_GAP,UNEXPECTED
2021-08-31 19:36:00,2021-08-31 19:39:00,3.0,UNEXPECTED_SHORT_GAP,UNEXPECTED
2021-08-31 20:13:00,2021-08-31 20:18:00,5.0,UNEXPECTED_SHORT_GAP,UNEXPECTED
2021-08-31 20:19:00,2021-08-31 20:23:00,4.0,UNEXPECTED_SHORT_GAP,UNEXPECTED
2021-08-31 20:38:00,2021-08-31 20:40:00,2.0,UNEXPECTED_SHORT_GAP,UNEXPECTED
2021-08-31 21:03:00,2021-08-31 21:05:00,2.0,UNEXPECTED_SHORT_GAP,UNEXPECTED
2021-08-31 21:07:00,2021-08-31 21:10:00,3.0,UNEXPECTED_SHORT_GAP,UNEXPECTED
2021-08-31 21:10:00,2021-08-31 21:13:00,3.0,UNEXPECTED_SHORT_GAP,UNEXPECTED
2021-08-31 21:16:00,2021-08-31 21:20:00,4.0,UNEXPECTED_SHORT_GAP,UNEXPECTED
2021-08-31 21:20:00,2021-08-31 21:22:00,2.0,UNEXPECTED_SHORT_GAP,UNEXPECTED
2021-08-31 21:25:00,2021-08-31 21:27:00,2.0,UNEXPECTED_SHORT_GAP,UNEXPECTED
2021-08-31 21:27:00,2021-08-31 21:30:00,3.0,UNEXPECTED_SHORT_GAP,UNEXPECTED
2021-08-31 21:36:00,2021-08-31 21:38:00,2.0,UNEXPECTED_SHORT_GAP,UNEXPECTED
2021-08-31 21:39:00,2021-08-31 21:41:00,2.0,UNEXPECTED_SHORT_GAP,UNEXPECTED
2021-08-31 21:44:00,2021-08-31 21:46:00,2.0,UNEXPECTED_SHORT_GAP,UNEXPECTED
2021-08-31 21:51:00,2021-08-31 21:54:00,3.0,UNEXPECTED_SHORT_GAP,UNEXPECTED
2021-08-31 21:55:00,2021-08-31 21:59:00,4.0,UNEXPECTED_SHORT_GAP,UNEXPECTED
2021-08-31 22:11:00,2021-08-31 22:15:00,4.0,UNEXPECTED_SHORT_GAP,UNEXPECTED
2021-08-31 22:16:00,2021-08-31 22:18:00,2.0,UNEXPECTED_SHORT_GAP,UNEXPECTED
2021-08-31 22:18:00,2021-08-31 22:21:00,3.0,UNEXPECTED_SHORT_GAP,UNEXPECTED
2021-08-31 22:24:00,2021-08-31 22:27:00,3.0,UNEXPECTED_SHORT_GAP,UNEXPECTED
2021-08-31 22:32:00,2021-08-31 22:34:00,2.0,UNEXPECTED_SHORT_GAP,UNEXPECTED
2021-08-31 22:35:00,2021-08-31 22:37:00,2.0,UNEXPECTED_SHORT_GAP,UNEXPECTED
2021-08-31 22:49:00,2021-08-31 22:53:00,4.0,UNEXPECTED_SHORT_GAP,UNEXPECTED
2021-08-31 22:54:00,2021-08-31 22:58:00,4.0,UNEXPECTED_SHORT_GAP,UNEXPECTED
2021-08-31 23:06:00,2021-08-31 23:08:00,2.0,UNEXPECTED_SHORT_GAP,UNEXPECTED
2021-08-31 23:10:00,2021-08-31 23:13:00,3.0,UNEXPECTED_SHORT_GAP,UNEXPECTED
2021-08-31 23:26:00,2021-08-31 23:28:00,2.0,UNEXPECTED_SHORT_GAP,UNEXPECTED
2021-08-31 23:30:00,2021-08-31 23:32:00,2.0,UNEXPECTED_SHORT_GAP,UNEXPECTED
2021-08-31 23:37:00,2021-08-31 23:39:00,2.0,UNEXPECTED_SHORT_GAP,UNEXPECTED
2021-08-31 23:39:00,2021-08-31 23:41:00,2.0,UNEXPECTED_SHORT_GAP,UNEXPECTED
2021-08-31 23:41:00,2021-08-31 23:45:00,4.0,UNEXPECTED_SHORT_GAP,UNEXPECTED
2021-08-31 23:50:00,2021-08-31 23:54:00,4.0,UNEXPECTED_SHORT_GAP,UNEXPECTED
2021-09-01 00:24:00,2021-09-01 00:26:00,2.0,UNEXPECTED_SHORT_GAP,UNEXPECTED
2021-09-01 00:28:00,2021-09-01 00:30:00,2.0,UNEXPECTED_SHORT_GAP,UNEXPECTED
2021-09-01 01:26:00,2021-09-01 01:28:00,2.0,UNEXPECTED_SHORT_GAP,UNEXPECTED
2021-09-01 02:02:00,2021-09-01 02:04:00,2.0,UNEXPECTED_SHORT_GAP,UNEXPECTED
2021-09-01 02:47:00,2021-09-01 02:49:00,2.0,UNEXPECTED_SHORT_GAP,UNEXPECTED
2021-09-01 03:02:00,2021-09-01 03:04:00,2.0,UNEXPECTED_SHORT_GAP,UNEXPECTED
2021-09-01 03:04:00,2021-09-01 03:06:00,2.0,UNEXPECTED_SHORT_GAP,UNEXPECTED
2021-09-01 03:29:00,2021-09-01 03:31:00,2.0,UNEXPECTED_SHORT_GAP,UNEXPECTED
2021-09-01 03:31:00,2021-09-01 03:33:00,2.0,UNEXPECTED_SHORT_GAP,UNEXPECTED
2021-09-01 03:40:00,2021-09-01 03:42:00,2.0,UNEXPECTED_SHORT_GAP,UNEXPECTED
2021-09-01 03:47:00,2021-09-01 03:50:00,3.0,UNEXPECTED_SHORT_GAP,UNEXPECTED
2021-09-01 03:50:00,2021-09-01 03:53:00,3.0,UNEXPECTED_SHORT_GAP,UNEXPECTED
2021-09-01 03:54:00,2021-09-01 03:56:00,2.0,UNEXPECTED_SHORT_GAP,UNEXPECTED
2021-09-01 04:04:00,2021-09-01 04:06:00,2.0,UNEXPECTED_SHORT_GAP,UNEXPECTED
2021-09-01 04:14:00,2021-09-01 04:16:00,2.0,UNEXPECTED_SHORT_GAP,UNEXPECTED
2021-09-01 04:16:00,2021-09-01 04:18:00,2.0,UNEXPECTED_SHORT_GAP,UNEXPECTED
2021-09-01 04:27:00,2021-09-01 04:29:00,2.0,UNEXPECTED_SHORT_GAP,UNEXPECTED
2021-09-01 04:37:00,2021-09-01 04:39:00,2.0,UNEXPECTED_SHORT_GAP,UNEXPECTED
2021-09-01 04:48:00,2021-09-01 04:50:00,2.0,UNEXPECTED_SHORT_GAP,UNEXPECTED
2021-09-01 04:55:00,2021-09-01 04:57:00,2.0,UNEXPECTED_SHORT_GAP,UNEXPECTED
2021-09-01 05:33:00,2021-09-01 05:36:00,3.0,UNEXPECTED_SHORT_GAP,UNEXPECTED
2021-09-01 16:26:00,2021-09-01 16:28:00,2.0,UNEXPECTED_SHORT_GAP,UNEXPECTED
2021-09-01 16:37:00,2021-09-01 16:39:00,2.0,UNEXPECTED_SHORT_GAP,UNEXPECTED
2021-09-01 16:42:00,2021-09-01 16:44:00,2.0,UNEXPECTED_SHORT_GAP,UNEXPECTED
2021-09-01 17:21:00,2021-09-01 17:23:00,2.0,UNEXPECTED_SHORT_GAP,UNEXPECTED
2021-09-01 19:26:00,2021-09-01 19:28:00,2.0,UNEXPECTED_SHORT_GAP,UNEXPECTED
2021-09-01 20:17:00,2021-09-01 20:25:00,8.0,UNEXPECTED_INTRADAY_GAP,UNEXPECTED
2021-09-01 20:25:00,2021-09-01 20:27:00,2.0,UNEXPECTED_SHORT_GAP,UNEXPECTED
2021-09-01 20:27:00,2021-09-01 20:29:00,2.0,UNEXPECTED_SHORT_GAP,UNEXPECTED
2021-09-01 20:35:00,2021-09-01 20:38:00,3.0,UNEXPECTED_SHORT_GAP,UNEXPECTED
2021-09-01 20:41:00,2021-09-01 20:43:00,2.0,UNEXPECTED_SHORT_GAP,UNEXPECTED
2021-09-01 20:43:00,2021-09-01 20:48:00,5.0,UNEXPECTED_SHORT_GAP,UNEXPECTED
2021-09-01 20:51:00,2021-09-01 20:53:00,2.0,UNEXPECTED_SHORT_GAP,UNEXPECTED
2021-09-01 21:03:00,2021-09-01 21:05:00,2.0,UNEXPECTED_SHORT_GAP,UNEXPECTED
2021-09-01 21:08:00,2021-09-01 21:10:00,2.0,UNEXPECTED_SHORT_GAP,UNEXPECTED
2021-09-01 21:10:00,2021-09-01 21:12:00,2.0,UNEXPECTED_SHORT_GAP,UNEXPECTED
2021-09-01 21:28:00,2021-09-01 21:30:00,2.0,UNEXPECTED_SHORT_GAP,UNEXPECTED
2021-09-01 21:31:00,2021-09-01 21:34:00,3.0,UNEXPECTED_SHORT_GAP,UNEXPECTED
2021-09-01 21:41:00,2021-09-01 21:44:00,3.0,UNEXPECTED_SHORT_GAP,UNEXPECTED
2021-09-01 21:47:00,2021-09-01 21:51:00,4.0,UNEXPECTED_SHORT_GAP,UNEXPECTED
2021-09-01 21:52:00,2021-09-01 21:55:00,3.0,UNEXPECTED_SHORT_GAP,UNEXPECTED
2021-09-01 22:05:00,2021-09-01 22:07:00,2.0,UNEXPECTED_SHORT_GAP,UNEXPECTED
2021-09-01 22:09:00,2021-09-01 22:11:00,2.0,UNEXPECTED_SHORT_GAP,UNEXPECTED
2021-09-01 22:12:00,2021-09-01 22:14:00,2.0,UNEXPECTED_SHORT_GAP,UNEXPECTED
2021-09-01 22:16:00,2021-09-01 22:20:00,4.0,UNEXPECTED_SHORT_GAP,UNEXPECTED
2021-09-01 22:20:00,2021-09-01 22:22:00,2.0,UNEXPECTED_SHORT_GAP,UNEXPECTED
2021-09-01 22:22:00,2021-09-01 22:26:00,4.0,UNEXPECTED_SHORT_GAP,UNEXPECTED
2021-09-01 22:26:00,2021-09-01 22:30:00,4.0,UNEXPECTED_SHORT_GAP,UNEXPECTED
2021-09-01 22:31:00,2021-09-01 22:33:00,2.0,UNEXPECTED_SHORT_GAP,UNEXPECTED
2021-09-01 22:33:00,2021-09-01 22:35:00,2.0,UNEXPECTED_SHORT_GAP,UNEXPECTED
2021-09-01 22:35:00,2021-09-01 22:40:00,5.0,UNEXPECTED_SHORT_GAP,UNEXPECTED
2021-09-01 22:46:00,2021-09-01 22:48:00,2.0,UNEXPECTED_SHORT_GAP,UNEXPECTED
2021-09-01 22:48:00,2021-09-01 22:50:00,2.0,UNEXPECTED_SHORT_GAP,UNEXPECTED
2021-09-01 22:52:00,2021-09-01 22:55:00,3.0,UNEXPECTED_SHORT_GAP,UNEXPECTED
2021-09-01 23:05:00,2021-09-01 23:07:00,2.0,UNEXPECTED_SHORT_GAP,UNEXPECTED
2021-09-01 23:07:00,2021-09-01 23:10:00,3.0,UNEXPECTED_SHORT_GAP,UNEXPECTED
2021-09-01 23:22:00,2021-09-01 23:24:00,2.0,UNEXPECTED_SHORT_GAP,UNEXPECTED
2021-09-01 23:24:00,2021-09-01 23:26:00,2.0,UNEXPECTED_SHORT_GAP,UNEXPECTED
2021-09-01 23:35:00,2021-09-01 23:39:00,4.0,UNEXPECTED_SHORT_GAP,UNEXPECTED
2021-09-01 23:43:00,2021-09-01 23:45:00,2.0,UNEXPECTED_SHORT_GAP,UNEXPECTED
2021-09-01 23:45:00,2021-09-01 23:47:00,2.0,UNEXPECTED_SHORT_GAP,UNEXPECTED
2021-09-01 23:48:00,2021-09-01 23:54:00,6.0,UNEXPECTED_INTRADAY_GAP,UNEXPECTED
2021-09-01 23:54:00,2021-09-01 23:57:00,3.0,UNEXPECTED_SHORT_GAP,UNEXPECTED
2021-09-01 23:58:00,2021-09-02 00:00:00,2.0,EXPECTED_DAILY_ROLLOVER,EXPECTED
2021-09-02 00:18:00,2021-09-02 00:20:00,2.0,UNEXPECTED_SHORT_GAP,UNEXPECTED
2021-09-02 01:13:00,2021-09-02 01:15:00,2.0,UNEXPECTED_SHORT_GAP,UNEXPECTED
2021-09-02 01:20:00,2021-09-02 01:23:00,3.0,UNEXPECTED_SHORT_GAP,UNEXPECTED
2021-09-02 01:25:00,2021-09-02 01:27:00,2.0,UNEXPECTED_SHORT_GAP,UNEXPECTED
2021-09-02 02:02:00,2021-09-02 02:04:00,2.0,UNEXPECTED_SHORT_GAP,UNEXPECTED
2021-09-02 02:09:00,2021-09-02 02:11:00,2.0,UNEXPECTED_SHORT_GAP,UNEXPECTED
2021-09-02 02:20:00,2021-09-02 02:24:00,4.0,UNEXPECTED_SHORT_GAP,UNEXPECTED
2021-09-02 02:27:00,2021-09-02 02:31:00,4.0,UNEXPECTED_SHORT_GAP,UNEXPECTED
2021-09-02 02:34:00,2021-09-02 02:36:00,2.0,UNEXPECTED_SHORT_GAP,UNEXPECTED
2021-09-02 02:38:00,2021-09-02 02:40:00,2.0,UNEXPECTED_SHORT_GAP,UNEXPECTED
2021-09-02 02:44:00,2021-09-02 02:46:00,2.0,UNEXPECTED_SHORT_GAP,UNEXPECTED
2021-09-02 02:50:00,2021-09-02 02:53:00,3.0,UNEXPECTED_SHORT_GAP,UNEXPECTED
2021-09-02 03:03:00,2021-09-02 03:11:00,8.0,UNEXPECTED_INTRADAY_GAP,UNEXPECTED
2021-09-02 03:26:00,2021-09-02 03:28:00,2.0,UNEXPECTED_SHORT_GAP,UNEXPECTED
2021-09-02 03:28:00,2021-09-02 03:35:00,7.0,UNEXPECTED_INTRADAY_GAP,UNEXPECTED
2021-09-02 03:36:00,2021-09-02 03:39:00,3.0,UNEXPECTED_SHORT_GAP,UNEXPECTED
2021-09-02 03:39:00,2021-09-02 03:41:00,2.0,UNEXPECTED_SHORT_GAP,UNEXPECTED
2021-09-02 03:54:00,2021-09-02 03:56:00,2.0,UNEXPECTED_SHORT_GAP,UNEXPECTED
2021-09-02 04:00:00,2021-09-02 04:02:00,2.0,UNEXPECTED_SHORT_GAP,UNEXPECTED
2021-09-02 04:09:00,2021-09-02 04:12:00,3.0,UNEXPECTED_SHORT_GAP,UNEXPECTED
2021-09-02 04:12:00,2021-09-02 04:14:00,2.0,UNEXPECTED_SHORT_GAP,UNEXPECTED
2021-09-02 04:15:00,2021-09-02 04:17:00,2.0,UNEXPECTED_SHORT_GAP,UNEXPECTED
2021-09-02 04:23:00,2021-09-02 04:25:00,2.0,UNEXPECTED_SHORT_GAP,UNEXPECTED
2021-09-02 04:25:00,2021-09-02 04:27:00,2.0,UNEXPECTED_SHORT_GAP,UNEXPECTED
2021-09-02 04:28:00,2021-09-02 04:42:00,14.0,UNEXPECTED_INTRADAY_GAP,UNEXPECTED
2021-09-02 04:43:00,2021-09-02 04:45:00,2.0,UNEXPECTED_SHORT_GAP,UNEXPECTED
2021-09-02 04:46:00,2021-09-02 04:48:00,2.0,UNEXPECTED_SHORT_GAP,UNEXPECTED
2021-09-02 04:49:00,2021-09-02 04:51:00,2.0,UNEXPECTED_SHORT_GAP,UNEXPECTED
2021-09-02 04:52:00,2021-09-02 04:54:00,2.0,UNEXPECTED_SHORT_GAP,UNEXPECTED
2021-09-02 04:55:00,2021-09-02 04:58:00,3.0,UNEXPECTED_SHORT_GAP,UNEXPECTED
2021-09-02 05:08:00,2021-09-02 05:10:00,2.0,UNEXPECTED_SHORT_GAP,UNEXPECTED
2021-09-02 05:12:00,2021-09-02 05:15:00,3.0,UNEXPECTED_SHORT_GAP,UNEXPECTED
2021-09-02 05:16:00,2021-09-02 05:18:00,2.0,UNEXPECTED_SHORT_GAP,UNEXPECTED
2021-09-02 05:39:00,2021-09-02 05:41:00,2.0,UNEXPECTED_SHORT_GAP,UNEXPECTED
2021-09-02 05:43:00,2021-09-02 05:45:00,2.0,UNEXPECTED_SHORT_GAP,UNEXPECTED
2021-09-02 16:31:00,2021-09-02 16:33:00,2.0,UNEXPECTED_SHORT_GAP,UNEXPECTED
2021-09-02 16:36:00,2021-09-02 16:38:00,2.0,UNEXPECTED_SHORT_GAP,UNEXPECTED
2021-09-02 17:17:00,2021-09-02 17:19:00,2.0,UNEXPECTED_SHORT_GAP,UNEXPECTED
2021-09-02 17:48:00,2021-09-02 17:50:00,2.0,UNEXPECTED_SHORT_GAP,UNEXPECTED
2021-09-02 17:51:00,2021-09-02 17:53:00,2.0,UNEXPECTED_SHORT_GAP,UNEXPECTED
2021-09-02 19:02:00,2021-09-02 19:04:00,2.0,UNEXPECTED_SHORT_GAP,UNEXPECTED
2021-09-02 19:15:00,2021-09-02 19:17:00,2.0,UNEXPECTED_SHORT_GAP,UNEXPECTED
2021-09-02 19:19:00,2021-09-02 19:21:00,2.0,UNEXPECTED_SHORT_GAP,UNEXPECTED
2021-09-02 19:25:00,2021-09-02 19:27:00,2.0,UNEXPECTED_SHORT_GAP,UNEXPECTED
2021-09-02 20:15:00,2021-09-02 20:22:00,7.0,UNEXPECTED_INTRADAY_GAP,UNEXPECTED
2021-09-02 20:22:00,2021-09-02 20:24:00,2.0,UNEXPECTED_SHORT_GAP,UNEXPECTED
2021-09-02 20:25:00,2021-09-02 20:28:00,3.0,UNEXPECTED_SHORT_GAP,UNEXPECTED
2021-09-02 20:36:00,2021-09-02 20:38:00,2.0,UNEXPECTED_SHORT_GAP,UNEXPECTED
2021-09-02 20:38:00,2021-09-02 20:40:00,2.0,UNEXPECTED_SHORT_GAP,UNEXPECTED
2021-09-02 20:41:00,2021-09-02 20:43:00,2.0,UNEXPECTED_SHORT_GAP,UNEXPECTED
2021-09-02 21:18:00,2021-09-02 21:21:00,3.0,UNEXPECTED_SHORT_GAP,UNEXPECTED
2021-09-02 21:56:00,2021-09-02 21:59:00,3.0,UNEXPECTED_SHORT_GAP,UNEXPECTED
2021-09-02 22:02:00,2021-09-02 22:04:00,2.0,UNEXPECTED_SHORT_GAP,UNEXPECTED
2021-09-02 22:10:00,2021-09-02 22:16:00,6.0,UNEXPECTED_INTRADAY_GAP,UNEXPECTED
2021-09-02 22:18:00,2021-09-02 22:20:00,2.0,UNEXPECTED_SHORT_GAP,UNEXPECTED
2021-09-02 22:20:00,2021-09-02 22:22:00,2.0,UNEXPECTED_SHORT_GAP,UNEXPECTED
2021-09-02 22:23:00,2021-09-02 22:25:00,2.0,UNEXPECTED_SHORT_GAP,UNEXPECTED
2021-09-02 22:26:00,2021-09-02 22:28:00,2.0,UNEXPECTED_SHORT_GAP,UNEXPECTED
2021-09-02 22:28:00,2021-09-02 22:32:00,4.0,UNEXPECTED_SHORT_GAP,UNEXPECTED
2021-09-02 22:35:00,2021-09-02 22:38:00,3.0,UNEXPECTED_SHORT_GAP,UNEXPECTED
2021-09-02 22:38:00,2021-09-02 22:40:00,2.0,UNEXPECTED_SHORT_GAP,UNEXPECTED
2021-09-02 22:40:00,2021-09-02 22:46:00,6.0,UNEXPECTED_INTRADAY_GAP,UNEXPECTED
2021-09-02 22:46:00,2021-09-02 22:52:00,6.0,UNEXPECTED_INTRADAY_GAP,UNEXPECTED
2021-09-02 22:55:00,2021-09-02 22:58:00,3.0,UNEXPECTED_SHORT_GAP,UNEXPECTED
2021-09-02 22:58:00,2021-09-02 23:00:00,2.0,UNEXPECTED_SHORT_GAP,UNEXPECTED
2021-09-02 23:00:00,2021-09-02 23:02:00,2.0,UNEXPECTED_SHORT_GAP,UNEXPECTED
2021-09-02 23:02:00,2021-09-02 23:09:00,7.0,UNEXPECTED_INTRADAY_GAP,UNEXPECTED
2021-09-02 23:09:00,2021-09-02 23:13:00,4.0,UNEXPECTED_SHORT_GAP,UNEXPECTED
2021-09-02 23:15:00,2021-09-02 23:17:00,2.0,UNEXPECTED_SHORT_GAP,UNEXPECTED
2021-09-02 23:17:00,2021-09-02 23:19:00,2.0,UNEXPECTED_SHORT_GAP,UNEXPECTED
2021-09-02 23:20:00,2021-09-02 23:25:00,5.0,UNEXPECTED_SHORT_GAP,UNEXPECTED
2021-09-02 23:26:00,2021-09-02 23:29:00,3.0,UNEXPECTED_SHORT_GAP,UNEXPECTED
2021-09-02 23:31:00,2021-09-02 23:34:00,3.0,UNEXPECTED_SHORT_GAP,UNEXPECTED
2021-09-02 23:39:00,2021-09-02 23:41:00,2.0,UNEXPECTED_SHORT_GAP,UNEXPECTED
2021-09-02 23:41:00,2021-09-02 23:44:00,3.0,UNEXPECTED_SHORT_GAP,UNEXPECTED
2021-09-02 23:57:00,2021-09-02 23:59:00,2.0,UNEXPECTED_SHORT_GAP,UNEXPECTED
2021-09-03 00:13:00,2021-09-03 00:15:00,2.0,UNEXPECTED_SHORT_GAP,UNEXPECTED
2021-09-03 00:26:00,2021-09-03 00:28:00,2.0,UNEXPECTED_SHORT_GAP,UNEXPECTED
2021-09-03 00:44:00,2021-09-03 00:46:00,2.0,UNEXPECTED_SHORT_GAP,UNEXPECTED
2021-09-03 00:58:00,2021-09-03 01:00:00,2.0,UNEXPECTED_SHORT_GAP,UNEXPECTED
2021-09-03 02:06:00,2021-09-03 02:08:00,2.0,UNEXPECTED_SHORT_GAP,UNEXPECTED
2021-09-03 02:18:00,2021-09-03 02:20:00,2.0,UNEXPECTED_SHORT_GAP,UNEXPECTED
2021-09-03 02:30:00,2021-09-03 02:32:00,2.0,UNEXPECTED_SHORT_GAP,UNEXPECTED
2021-09-03 02:32:00,2021-09-03 02:34:00,2.0,UNEXPECTED_SHORT_GAP,UNEXPECTED
2021-09-03 04:06:00,2021-09-03 04:08:00,2.0,UNEXPECTED_SHORT_GAP,UNEXPECTED
2021-09-03 04:08:00,2021-09-03 04:10:00,2.0,UNEXPECTED_SHORT_GAP,UNEXPECTED
2021-09-03 04:19:00,2021-09-03 04:21:00,2.0,UNEXPECTED_SHORT_GAP,UNEXPECTED
2021-09-03 04:27:00,2021-09-03 04:29:00,2.0,UNEXPECTED_SHORT_GAP,UNEXPECTED
2021-09-03 04:51:00,2021-09-03 04:55:00,4.0,UNEXPECTED_SHORT_GAP,UNEXPECTED
2021-09-03 04:56:00,2021-09-03 04:58:00,2.0,UNEXPECTED_SHORT_GAP,UNEXPECTED
2021-09-03 05:01:00,2021-09-03 05:03:00,2.0,UNEXPECTED_SHORT_GAP,UNEXPECTED
2021-09-03 05:51:00,2021-09-03 05:53:00,2.0,UNEXPECTED_SHORT_GAP,UNEXPECTED
2021-09-03 06:30:00,2021-09-03 06:32:00,2.0,UNEXPECTED_SHORT_GAP,UNEXPECTED
2021-09-03 11:18:00,2021-09-03 11:20:00,2.0,UNEXPECTED_SHORT_GAP,UNEXPECTED
2021-09-03 11:51:00,2021-09-03 11:53:00,2.0,UNEXPECTED_SHORT_GAP,UNEXPECTED
2021-09-03 16:23:00,2021-09-03 16:25:00,2.0,UNEXPECTED_SHORT_GAP,UNEXPECTED
2021-09-03 17:05:00,2021-09-03 17:07:00,2.0,UNEXPECTED_SHORT_GAP,UNEXPECTED
2021-09-03 17:49:00,2021-09-03 17:51:00,2.0,UNEXPECTED_SHORT_GAP,UNEXPECTED
2021-09-03 18:18:00,2021-09-03 18:20:00,2.0,UNEXPECTED_SHORT_GAP,UNEXPECTED
2021-09-03 18:26:00,2021-09-03 18:28:00,2.0,UNEXPECTED_SHORT_GAP,UNEXPECTED
2021-09-03 18:34:00,2021-09-03 18:36:00,2.0,UNEXPECTED_SHORT_GAP,UNEXPECTED
2021-09-03 19:12:00,2021-09-03 19:14:00,2.0,UNEXPECTED_SHORT_GAP,UNEXPECTED
2021-09-03 19:18:00,2021-09-03 19:20:00,2.0,UNEXPECTED_SHORT_GAP,UNEXPECTED
2021-09-03 19:38:00,2021-09-03 19:40:00,2.0,UNEXPECTED_SHORT_GAP,UNEXPECTED
2021-09-03 20:20:00,2021-09-03 20:22:00,2.0,UNEXPECTED_SHORT_GAP,UNEXPECTED
2021-09-03 20:24:00,2021-09-03 20:26:00,2.0,UNEXPECTED_SHORT_GAP,UNEXPECTED
2021-09-03 20:26:00,2021-09-03 20:29:00,3.0,UNEXPECTED_SHORT_GAP,UNEXPECTED
2021-09-03 20:33:00,2021-09-03 20:36:00,3.0,UNEXPECTED_SHORT_GAP,UNEXPECTED
2021-09-03 20:58:00,2021-09-05 21:00:00,2882.0,EXPECTED_WEEKEND_CLOSURE,EXPECTED
2021-09-05 21:00:00,2021-09-05 21:13:00,13.0,EXPECTED_WEEKEND_CLOSURE,EXPECTED
2021-09-05 21:13:00,2021-09-05 21:16:00,3.0,EXPECTED_WEEKEND_CLOSURE,EXPECTED
2021-09-05 21:21:00,2021-09-05 21:27:00,6.0,EXPECTED_WEEKEND_CLOSURE,EXPECTED
2021-09-05 21:28:00,2021-09-05 21:30:00,2.0,EXPECTED_WEEKEND_CLOSURE,EXPECTED
2021-09-05 21:30:00,2021-09-05 21:33:00,3.0,EXPECTED_WEEKEND_CLOSURE,EXPECTED
2021-09-05 21:33:00,2021-09-05 21:35:00,2.0,EXPECTED_WEEKEND_CLOSURE,EXPECTED
2021-09-05 21:35:00,2021-09-05 21:38:00,3.0,EXPECTED_WEEKEND_CLOSURE,EXPECTED
2021-09-05 22:10:00,2021-09-05 22:12:00,2.0,EXPECTED_WEEKEND_CLOSURE,EXPECTED
2021-09-05 22:17:00,2021-09-05 22:19:00,2.0,EXPECTED_WEEKEND_CLOSURE,EXPECTED
2021-09-05 22:23:00,2021-09-05 22:27:00,4.0,EXPECTED_WEEKEND_CLOSURE,EXPECTED
2021-09-05 22:31:00,2021-09-05 22:33:00,2.0,EXPECTED_WEEKEND_CLOSURE,EXPECTED
2021-09-05 22:38:00,2021-09-05 22:40:00,2.0,EXPECTED_WEEKEND_CLOSURE,EXPECTED
2021-09-05 22:43:00,2021-09-05 22:45:00,2.0,EXPECTED_WEEKEND_CLOSURE,EXPECTED
2021-09-05 22:46:00,2021-09-05 22:50:00,4.0,EXPECTED_WEEKEND_CLOSURE,EXPECTED
2021-09-05 22:51:00,2021-09-05 22:54:00,3.0,EXPECTED_WEEKEND_CLOSURE,EXPECTED
2021-09-05 23:07:00,2021-09-05 23:10:00,3.0,EXPECTED_WEEKEND_CLOSURE,EXPECTED
2021-09-05 23:18:00,2021-09-05 23:23:00,5.0,EXPECTED_WEEKEND_CLOSURE,EXPECTED
2021-09-05 23:25:00,2021-09-05 23:29:00,4.0,EXPECTED_WEEKEND_CLOSURE,EXPECTED
2021-09-05 23:29:00,2021-09-05 23:31:00,2.0,EXPECTED_WEEKEND_CLOSURE,EXPECTED
2021-09-05 23:40:00,2021-09-05 23:42:00,2.0,EXPECTED_WEEKEND_CLOSURE,EXPECTED
2021-09-05 23:42:00,2021-09-05 23:44:00,2.0,EXPECTED_WEEKEND_CLOSURE,EXPECTED
2021-09-06 00:23:00,2021-09-06 00:25:00,2.0,UNEXPECTED_SHORT_GAP,UNEXPECTED
2021-09-06 00:43:00,2021-09-06 00:45:00,2.0,UNEXPECTED_SHORT_GAP,UNEXPECTED
2021-09-06 01:02:00,2021-09-06 01:05:00,3.0,UNEXPECTED_SHORT_GAP,UNEXPECTED
2021-09-06 01:11:00,2021-09-06 01:13:00,2.0,UNEXPECTED_SHORT_GAP,UNEXPECTED
2021-09-06 01:24:00,2021-09-06 01:26:00,2.0,UNEXPECTED_SHORT_GAP,UNEXPECTED
2021-09-06 01:40:00,2021-09-06 01:42:00,2.0,UNEXPECTED_SHORT_GAP,UNEXPECTED
2021-09-06 01:48:00,2021-09-06 01:50:00,2.0,UNEXPECTED_SHORT_GAP,UNEXPECTED
2021-09-06 02:22:00,2021-09-06 02:24:00,2.0,UNEXPECTED_SHORT_GAP,UNEXPECTED
2021-09-06 02:39:00,2021-09-06 02:41:00,2.0,UNEXPECTED_SHORT_GAP,UNEXPECTED
2021-09-06 02:43:00,2021-09-06 02:47:00,4.0,UNEXPECTED_SHORT_GAP,UNEXPECTED
2021-09-06 03:02:00,2021-09-06 03:04:00,2.0,UNEXPECTED_SHORT_GAP,UNEXPECTED
2021-09-06 03:17:00,2021-09-06 03:20:00,3.0,UNEXPECTED_SHORT_GAP,UNEXPECTED
2021-09-06 03:51:00,2021-09-06 03:53:00,2.0,UNEXPECTED_SHORT_GAP,UNEXPECTED
2021-09-06 03:53:00,2021-09-06 03:55:00,2.0,UNEXPECTED_SHORT_GAP,UNEXPECTED
2021-09-06 04:04:00,2021-09-06 04:09:00,5.0,UNEXPECTED_SHORT_GAP,UNEXPECTED
2021-09-06 04:19:00,2021-09-06 04:21:00,2.0,UNEXPECTED_SHORT_GAP,UNEXPECTED
2021-09-06 04:36:00,2021-09-06 04:38:00,2.0,UNEXPECTED_SHORT_GAP,UNEXPECTED
2021-09-06 04:52:00,2021-09-06 04:54:00,2.0,UNEXPECTED_SHORT_GAP,UNEXPECTED
2021-09-06 04:54:00,2021-09-06 04:56:00,2.0,UNEXPECTED_SHORT_GAP,UNEXPECTED
2021-09-06 05:07:00,2021-09-06 05:09:00,2.0,UNEXPECTED_SHORT_GAP,UNEXPECTED
2021-09-06 05:15:00,2021-09-06 05:17:00,2.0,UNEXPECTED_SHORT_GAP,UNEXPECTED
2021-09-06 05:19:00,2021-09-06 05:21:00,2.0,UNEXPECTED_SHORT_GAP,UNEXPECTED
2021-09-06 05:28:00,2021-09-06 05:30:00,2.0,UNEXPECTED_SHORT_GAP,UNEXPECTED
2021-09-06 05:37:00,2021-09-06 05:39:00,2.0,UNEXPECTED_SHORT_GAP,UNEXPECTED
2021-09-06 05:49:00,2021-09-06 05:51:00,2.0,UNEXPECTED_SHORT_GAP,UNEXPECTED
2021-09-06 05:51:00,2021-09-06 05:53:00,2.0,UNEXPECTED_SHORT_GAP,UNEXPECTED
2021-09-06 06:52:00,2021-09-06 06:54:00,2.0,UNEXPECTED_SHORT_GAP,UNEXPECTED
2021-09-06 09:42:00,2021-09-06 09:44:00,2.0,UNEXPECTED_SHORT_GAP,UNEXPECTED
2021-09-06 10:49:00,2021-09-06 10:51:00,2.0,UNEXPECTED_SHORT_GAP,UNEXPECTED
2021-09-06 11:08:00,2021-09-06 11:10:00,2.0,UNEXPECTED_SHORT_GAP,UNEXPECTED
2021-09-06 11:16:00,2021-09-06 11:18:00,2.0,UNEXPECTED_SHORT_GAP,UNEXPECTED
2021-09-06 15:31:00,2021-09-06 15:33:00,2.0,UNEXPECTED_SHORT_GAP,UNEXPECTED
2021-09-06 16:15:00,2021-09-06 16:17:00,2.0,UNEXPECTED_SHORT_GAP,UNEXPECTED
2021-09-06 16:18:00,2021-09-06 16:20:00,2.0,UNEXPECTED_SHORT_GAP,UNEXPECTED
2021-09-06 16:38:00,2021-09-06 16:40:00,2.0,UNEXPECTED_SHORT_GAP,UNEXPECTED
2021-09-06 16:51:00,2021-09-06 16:53:00,2.0,UNEXPECTED_SHORT_GAP,UNEXPECTED
2021-09-06 17:10:00,2021-09-06 17:12:00,2.0,UNEXPECTED_SHORT_GAP,UNEXPECTED
2021-09-06 17:13:00,2021-09-06 17:15:00,2.0,UNEXPECTED_SHORT_GAP,UNEXPECTED
2021-09-06 17:15:00,2021-09-06 17:17:00,2.0,UNEXPECTED_SHORT_GAP,UNEXPECTED
2021-09-06 17:26:00,2021-09-06 17:28:00,2.0,UNEXPECTED_SHORT_GAP,UNEXPECTED
2021-09-06 17:28:00,2021-09-06 17:30:00,2.0,UNEXPECTED_SHORT_GAP,UNEXPECTED
2021-09-06 17:30:00,2021-09-06 17:32:00,2.0,UNEXPECTED_SHORT_GAP,UNEXPECTED
2021-09-06 17:37:00,2021-09-06 17:39:00,2.0,UNEXPECTED_SHORT_GAP,UNEXPECTED
2021-09-06 17:53:00,2021-09-06 17:56:00,3.0,UNEXPECTED_SHORT_GAP,UNEXPECTED
2021-09-06 18:05:00,2021-09-06 18:10:00,5.0,UNEXPECTED_SHORT_GAP,UNEXPECTED
2021-09-06 18:12:00,2021-09-06 18:15:00,3.0,UNEXPECTED_SHORT_GAP,UNEXPECTED
2021-09-06 18:16:00,2021-09-06 18:18:00,2.0,UNEXPECTED_SHORT_GAP,UNEXPECTED
2021-09-06 18:18:00,2021-09-06 18:20:00,2.0,UNEXPECTED_SHORT_GAP,UNEXPECTED
2021-09-06 18:20:00,2021-09-06 18:22:00,2.0,UNEXPECTED_SHORT_GAP,UNEXPECTED
2021-09-06 18:26:00,2021-09-06 18:28:00,2.0,UNEXPECTED_SHORT_GAP,UNEXPECTED
2021-09-06 18:33:00,2021-09-06 18:39:00,6.0,UNEXPECTED_INTRADAY_GAP,UNEXPECTED
2021-09-06 18:39:00,2021-09-06 18:46:00,7.0,UNEXPECTED_INTRADAY_GAP,UNEXPECTED
2021-09-06 19:20:00,2021-09-06 19:22:00,2.0,UNEXPECTED_SHORT_GAP,UNEXPECTED
2021-09-06 19:26:00,2021-09-06 19:28:00,2.0,UNEXPECTED_SHORT_GAP,UNEXPECTED
2021-09-06 19:28:00,2021-09-06 19:30:00,2.0,UNEXPECTED_SHORT_GAP,UNEXPECTED
2021-09-06 19:46:00,2021-09-06 19:48:00,2.0,UNEXPECTED_SHORT_GAP,UNEXPECTED
2021-09-06 19:49:00,2021-09-06 19:51:00,2.0,UNEXPECTED_SHORT_GAP,UNEXPECTED
2021-09-06 20:04:00,2021-09-06 20:06:00,2.0,UNEXPECTED_SHORT_GAP,UNEXPECTED
2021-09-06 20:13:00,2021-09-06 20:15:00,2.0,UNEXPECTED_SHORT_GAP,UNEXPECTED
2021-09-06 21:00:00,2021-09-06 21:02:00,2.0,UNEXPECTED_SHORT_GAP,UNEXPECTED
2021-09-06 21:08:00,2021-09-06 21:10:00,2.0,UNEXPECTED_SHORT_GAP,UNEXPECTED
2021-09-06 21:33:00,2021-09-06 21:35:00,2.0,UNEXPECTED_SHORT_GAP,UNEXPECTED
2021-09-06 21:36:00,2021-09-06 21:38:00,2.0,UNEXPECTED_SHORT_GAP,UNEXPECTED
2021-09-06 21:38:00,2021-09-06 21:40:00,2.0,UNEXPECTED_SHORT_GAP,UNEXPECTED
2021-09-06 21:45:00,2021-09-06 21:48:00,3.0,UNEXPECTED_SHORT_GAP,UNEXPECTED
2021-09-06 21:49:00,2021-09-06 21:51:00,2.0,UNEXPECTED_SHORT_GAP,UNEXPECTED
2021-09-06 22:10:00,2021-09-06 22:12:00,2.0,UNEXPECTED_SHORT_GAP,UNEXPECTED
2021-09-06 22:13:00,2021-09-06 22:15:00,2.0,UNEXPECTED_SHORT_GAP,UNEXPECTED
2021-09-06 22:15:00,2021-09-06 22:17:00,2.0,UNEXPECTED_SHORT_GAP,UNEXPECTED
2021-09-06 22:17:00,2021-09-06 22:23:00,6.0,UNEXPECTED_INTRADAY_GAP,UNEXPECTED
2021-09-06 22:25:00,2021-09-06 22:30:00,5.0,UNEXPECTED_SHORT_GAP,UNEXPECTED
2021-09-06 22:30:00,2021-09-06 22:33:00,3.0,UNEXPECTED_SHORT_GAP,UNEXPECTED
2021-09-06 22:33:00,2021-09-06 22:36:00,3.0,UNEXPECTED_SHORT_GAP,UNEXPECTED
2021-09-06 22:39:00,2021-09-06 22:41:00,2.0,UNEXPECTED_SHORT_GAP,UNEXPECTED
2021-09-06 22:41:00,2021-09-06 22:59:00,18.0,UNEXPECTED_INTRADAY_GAP,UNEXPECTED
2021-09-06 23:00:00,2021-09-06 23:02:00,2.0,UNEXPECTED_SHORT_GAP,UNEXPECTED
2021-09-06 23:02:00,2021-09-06 23:12:00,10.0,UNEXPECTED_INTRADAY_GAP,UNEXPECTED
2021-09-06 23:15:00,2021-09-06 23:20:00,5.0,UNEXPECTED_SHORT_GAP,UNEXPECTED
2021-09-06 23:20:00,2021-09-06 23:26:00,6.0,UNEXPECTED_INTRADAY_GAP,UNEXPECTED
2021-09-06 23:27:00,2021-09-06 23:32:00,5.0,UNEXPECTED_SHORT_GAP,UNEXPECTED
2021-09-06 23:36:00,2021-09-06 23:39:00,3.0,UNEXPECTED_SHORT_GAP,UNEXPECTED
2021-09-06 23:40:00,2021-09-06 23:42:00,2.0,UNEXPECTED_SHORT_GAP,UNEXPECTED
2021-09-06 23:42:00,2021-09-06 23:45:00,3.0,UNEXPECTED_SHORT_GAP,UNEXPECTED
2021-09-06 23:45:00,2021-09-06 23:48:00,3.0,UNEXPECTED_SHORT_GAP,UNEXPECTED
2021-09-06 23:48:00,2021-09-06 23:54:00,6.0,UNEXPECTED_INTRADAY_GAP,UNEXPECTED
2021-09-06 23:56:00,2021-09-06 23:58:00,2.0,UNEXPECTED_SHORT_GAP,UNEXPECTED
2021-09-07 00:57:00,2021-09-07 00:59:00,2.0,UNEXPECTED_SHORT_GAP,UNEXPECTED
2021-09-07 02:00:00,2021-09-07 02:02:00,2.0,UNEXPECTED_SHORT_GAP,UNEXPECTED
2021-09-07 02:17:00,2021-09-07 02:19:00,2.0,UNEXPECTED_SHORT_GAP,UNEXPECTED
2021-09-07 02:20:00,2021-09-07 02:22:00,2.0,UNEXPECTED_SHORT_GAP,UNEXPECTED
2021-09-07 02:33:00,2021-09-07 02:35:00,2.0,UNEXPECTED_SHORT_GAP,UNEXPECTED
2021-09-07 02:37:00,2021-09-07 02:39:00,2.0,UNEXPECTED_SHORT_GAP,UNEXPECTED
2021-09-07 02:39:00,2021-09-07 02:41:00,2.0,UNEXPECTED_SHORT_GAP,UNEXPECTED
2021-09-07 02:45:00,2021-09-07 02:47:00,2.0,UNEXPECTED_SHORT_GAP,UNEXPECTED
2021-09-07 03:17:00,2021-09-07 03:19:00,2.0,UNEXPECTED_SHORT_GAP,UNEXPECTED
2021-09-07 03:19:00,2021-09-07 03:22:00,3.0,UNEXPECTED_SHORT_GAP,UNEXPECTED
2021-09-07 03:22:00,2021-09-07 03:24:00,2.0,UNEXPECTED_SHORT_GAP,UNEXPECTED
2021-09-07 03:29:00,2021-09-07 03:31:00,2.0,UNEXPECTED_SHORT_GAP,UNEXPECTED
2021-09-07 03:33:00,2021-09-07 03:35:00,2.0,UNEXPECTED_SHORT_GAP,UNEXPECTED
2021-09-07 03:35:00,2021-09-07 03:37:00,2.0,UNEXPECTED_SHORT_GAP,UNEXPECTED
2021-09-07 03:38:00,2021-09-07 03:40:00,2.0,UNEXPECTED_SHORT_GAP,UNEXPECTED
2021-09-07 03:45:00,2021-09-07 03:47:00,2.0,UNEXPECTED_SHORT_GAP,UNEXPECTED
2021-09-07 04:01:00,2021-09-07 04:03:00,2.0,UNEXPECTED_SHORT_GAP,UNEXPECTED
2021-09-07 04:05:00,2021-09-07 04:07:00,2.0,UNEXPECTED_SHORT_GAP,UNEXPECTED
2021-09-07 04:10:00,2021-09-07 04:12:00,2.0,UNEXPECTED_SHORT_GAP,UNEXPECTED
2021-09-07 05:34:00,2021-09-07 05:36:00,2.0,UNEXPECTED_SHORT_GAP,UNEXPECTED
2021-09-07 05:52:00,2021-09-07 05:54:00,2.0,UNEXPECTED_SHORT_GAP,UNEXPECTED
2021-09-07 16:46:00,2021-09-07 16:48:00,2.0,UNEXPECTED_SHORT_GAP,UNEXPECTED
2021-09-07 19:19:00,2021-09-07 19:21:00,2.0,UNEXPECTED_SHORT_GAP,UNEXPECTED
2021-09-07 20:10:00,2021-09-07 20:14:00,4.0,UNEXPECTED_SHORT_GAP,UNEXPECTED
2021-09-07 20:14:00,2021-09-07 20:16:00,2.0,UNEXPECTED_SHORT_GAP,UNEXPECTED
2021-09-07 20:19:00,2021-09-07 20:21:00,2.0,UNEXPECTED_SHORT_GAP,UNEXPECTED
2021-09-07 20:22:00,2021-09-07 20:24:00,2.0,UNEXPECTED_SHORT_GAP,UNEXPECTED
2021-09-07 20:36:00,2021-09-07 20:38:00,2.0,UNEXPECTED_SHORT_GAP,UNEXPECTED
2021-09-07 20:43:00,2021-09-07 20:45:00,2.0,UNEXPECTED_SHORT_GAP,UNEXPECTED
2021-09-07 20:46:00,2021-09-07 20:48:00,2.0,UNEXPECTED_SHORT_GAP,UNEXPECTED
2021-09-07 21:01:00,2021-09-07 21:04:00,3.0,UNEXPECTED_SHORT_GAP,UNEXPECTED
2021-09-07 21:05:00,2021-09-07 21:08:00,3.0,UNEXPECTED_SHORT_GAP,UNEXPECTED
2021-09-07 21:08:00,2021-09-07 21:10:00,2.0,UNEXPECTED_SHORT_GAP,UNEXPECTED
2021-09-07 21:15:00,2021-09-07 21:17:00,2.0,UNEXPECTED_SHORT_GAP,UNEXPECTED
2021-09-07 21:17:00,2021-09-07 21:19:00,2.0,UNEXPECTED_SHORT_GAP,UNEXPECTED
2021-09-07 21:20:00,2021-09-07 21:22:00,2.0,UNEXPECTED_SHORT_GAP,UNEXPECTED
2021-09-07 21:45:00,2021-09-07 21:47:00,2.0,UNEXPECTED_SHORT_GAP,UNEXPECTED
2021-09-07 21:47:00,2021-09-07 21:49:00,2.0,UNEXPECTED_SHORT_GAP,UNEXPECTED
2021-09-07 21:51:00,2021-09-07 21:53:00,2.0,UNEXPECTED_SHORT_GAP,UNEXPECTED
2021-09-07 22:00:00,2021-09-07 22:02:00,2.0,UNEXPECTED_SHORT_GAP,UNEXPECTED
2021-09-07 22:06:00,2021-09-07 22:08:00,2.0,UNEXPECTED_SHORT_GAP,UNEXPECTED
2021-09-07 22:18:00,2021-09-07 22:20:00,2.0,UNEXPECTED_SHORT_GAP,UNEXPECTED
2021-09-07 22:20:00,2021-09-07 22:22:00,2.0,UNEXPECTED_SHORT_GAP,UNEXPECTED
2021-09-07 22:23:00,2021-09-07 22:25:00,2.0,UNEXPECTED_SHORT_GAP,UNEXPECTED
2021-09-07 22:31:00,2021-09-07 22:33:00,2.0,UNEXPECTED_SHORT_GAP,UNEXPECTED
2021-09-07 22:37:00,2021-09-07 22:39:00,2.0,UNEXPECTED_SHORT_GAP,UNEXPECTED
2021-09-07 22:41:00,2021-09-07 22:43:00,2.0,UNEXPECTED_SHORT_GAP,UNEXPECTED
2021-09-07 22:48:00,2021-09-07 22:53:00,5.0,UNEXPECTED_SHORT_GAP,UNEXPECTED
2021-09-07 22:56:00,2021-09-07 22:58:00,2.0,UNEXPECTED_SHORT_GAP,UNEXPECTED
2021-09-07 22:58:00,2021-09-07 23:00:00,2.0,UNEXPECTED_SHORT_GAP,UNEXPECTED
2021-09-07 23:02:00,2021-09-07 23:04:00,2.0,UNEXPECTED_SHORT_GAP,UNEXPECTED
2021-09-07 23:06:00,2021-09-07 23:09:00,3.0,UNEXPECTED_SHORT_GAP,UNEXPECTED
2021-09-07 23:10:00,2021-09-07 23:28:00,18.0,UNEXPECTED_INTRADAY_GAP,UNEXPECTED
2021-09-07 23:28:00,2021-09-07 23:35:00,7.0,UNEXPECTED_INTRADAY_GAP,UNEXPECTED
2021-09-07 23:36:00,2021-09-07 23:43:00,7.0,UNEXPECTED_INTRADAY_GAP,UNEXPECTED
2021-09-07 23:44:00,2021-09-07 23:50:00,6.0,UNEXPECTED_INTRADAY_GAP,UNEXPECTED
2021-09-07 23:51:00,2021-09-07 23:55:00,4.0,UNEXPECTED_SHORT_GAP,UNEXPECTED
2021-09-08 00:14:00,2021-09-08 00:16:00,2.0,UNEXPECTED_SHORT_GAP,UNEXPECTED
2021-09-08 00:16:00,2021-09-08 00:19:00,3.0,UNEXPECTED_SHORT_GAP,UNEXPECTED
2021-09-08 00:25:00,2021-09-08 00:28:00,3.0,UNEXPECTED_SHORT_GAP,UNEXPECTED
2021-09-08 01:02:00,2021-09-08 01:04:00,2.0,UNEXPECTED_SHORT_GAP,UNEXPECTED
2021-09-08 01:10:00,2021-09-08 01:12:00,2.0,UNEXPECTED_SHORT_GAP,UNEXPECTED
2021-09-08 01:19:00,2021-09-08 01:21:00,2.0,UNEXPECTED_SHORT_GAP,UNEXPECTED
2021-09-08 02:10:00,2021-09-08 02:13:00,3.0,UNEXPECTED_SHORT_GAP,UNEXPECTED
2021-09-08 02:45:00,2021-09-08 02:47:00,2.0,UNEXPECTED_SHORT_GAP,UNEXPECTED
2021-09-08 03:01:00,2021-09-08 03:04:00,3.0,UNEXPECTED_SHORT_GAP,UNEXPECTED
2021-09-08 03:04:00,2021-09-08 03:08:00,4.0,UNEXPECTED_SHORT_GAP,UNEXPECTED
2021-09-08 03:42:00,2021-09-08 03:44:00,2.0,UNEXPECTED_SHORT_GAP,UNEXPECTED
2021-09-08 03:52:00,2021-09-08 03:54:00,2.0,UNEXPECTED_SHORT_GAP,UNEXPECTED
2021-09-08 04:20:00,2021-09-08 04:22:00,2.0,UNEXPECTED_SHORT_GAP,UNEXPECTED
2021-09-08 04:35:00,2021-09-08 04:38:00,3.0,UNEXPECTED_SHORT_GAP,UNEXPECTED
2021-09-08 04:42:00,2021-09-08 04:44:00,2.0,UNEXPECTED_SHORT_GAP,UNEXPECTED
2021-09-08 04:50:00,2021-09-08 04:52:00,2.0,UNEXPECTED_SHORT_GAP,UNEXPECTED
2021-09-08 05:30:00,2021-09-08 05:32:00,2.0,UNEXPECTED_SHORT_GAP,UNEXPECTED
2021-09-08 05:45:00,2021-09-08 05:47:00,2.0,UNEXPECTED_SHORT_GAP,UNEXPECTED
2021-09-08 05:49:00,2021-09-08 05:51:00,2.0,UNEXPECTED_SHORT_GAP,UNEXPECTED
2021-09-08 05:53:00,2021-09-08 05:55:00,2.0,UNEXPECTED_SHORT_GAP,UNEXPECTED
2021-09-08 17:31:00,2021-09-08 17:33:00,2.0,UNEXPECTED_SHORT_GAP,UNEXPECTED
2021-09-08 17:37:00,2021-09-08 17:39:00,2.0,UNEXPECTED_SHORT_GAP,UNEXPECTED
2021-09-08 18:56:00,2021-09-08 18:58:00,2.0,UNEXPECTED_SHORT_GAP,UNEXPECTED
2021-09-08 19:30:00,2021-09-08 19:32:00,2.0,UNEXPECTED_SHORT_GAP,UNEXPECTED
2021-09-08 20:03:00,2021-09-08 20:05:00,2.0,UNEXPECTED_SHORT_GAP,UNEXPECTED
2021-09-08 20:08:00,2021-09-08 20:11:00,3.0,UNEXPECTED_SHORT_GAP,UNEXPECTED
2021-09-08 20:15:00,2021-09-08 20:17:00,2.0,UNEXPECTED_SHORT_GAP,UNEXPECTED
2021-09-08 20:17:00,2021-09-08 20:26:00,9.0,UNEXPECTED_INTRADAY_GAP,UNEXPECTED
2021-09-08 20:29:00,2021-09-08 20:32:00,3.0,UNEXPECTED_SHORT_GAP,UNEXPECTED
2021-09-08 20:32:00,2021-09-08 20:35:00,3.0,UNEXPECTED_SHORT_GAP,UNEXPECTED
2021-09-08 21:01:00,2021-09-08 21:04:00,3.0,UNEXPECTED_SHORT_GAP,UNEXPECTED
2021-09-08 21:06:00,2021-09-08 21:08:00,2.0,UNEXPECTED_SHORT_GAP,UNEXPECTED
2021-09-08 21:11:00,2021-09-08 21:13:00,2.0,UNEXPECTED_SHORT_GAP,UNEXPECTED
2021-09-08 21:26:00,2021-09-08 21:28:00,2.0,UNEXPECTED_SHORT_GAP,UNEXPECTED
2021-09-08 21:36:00,2021-09-08 21:38:00,2.0,UNEXPECTED_SHORT_GAP,UNEXPECTED
2021-09-08 21:44:00,2021-09-08 21:49:00,5.0,UNEXPECTED_SHORT_GAP,UNEXPECTED
2021-09-08 21:50:00,2021-09-08 21:52:00,2.0,UNEXPECTED_SHORT_GAP,UNEXPECTED
2021-09-08 21:54:00,2021-09-08 21:56:00,2.0,UNEXPECTED_SHORT_GAP,UNEXPECTED
2021-09-08 21:56:00,2021-09-08 22:00:00,4.0,UNEXPECTED_SHORT_GAP,UNEXPECTED
2021-09-08 22:05:00,2021-09-08 22:07:00,2.0,UNEXPECTED_SHORT_GAP,UNEXPECTED
2021-09-08 22:12:00,2021-09-08 22:16:00,4.0,UNEXPECTED_SHORT_GAP,UNEXPECTED
2021-09-08 22:17:00,2021-09-08 22:19:00,2.0,UNEXPECTED_SHORT_GAP,UNEXPECTED
2021-09-08 22:19:00,2021-09-08 22:21:00,2.0,UNEXPECTED_SHORT_GAP,UNEXPECTED
2021-09-08 22:21:00,2021-09-08 22:23:00,2.0,UNEXPECTED_SHORT_GAP,UNEXPECTED
2021-09-08 22:25:00,2021-09-08 22:27:00,2.0,UNEXPECTED_SHORT_GAP,UNEXPECTED
2021-09-08 22:28:00,2021-09-08 22:30:00,2.0,UNEXPECTED_SHORT_GAP,UNEXPECTED
2021-09-08 22:30:00,2021-09-08 22:34:00,4.0,UNEXPECTED_SHORT_GAP,UNEXPECTED
2021-09-08 22:34:00,2021-09-08 22:37:00,3.0,UNEXPECTED_SHORT_GAP,UNEXPECTED
2021-09-08 22:39:00,2021-09-08 22:42:00,3.0,UNEXPECTED_SHORT_GAP,UNEXPECTED
2021-09-08 22:42:00,2021-09-08 22:47:00,5.0,UNEXPECTED_SHORT_GAP,UNEXPECTED
2021-09-08 22:47:00,2021-09-08 22:49:00,2.0,UNEXPECTED_SHORT_GAP,UNEXPECTED
2021-09-08 22:50:00,2021-09-08 22:52:00,2.0,UNEXPECTED_SHORT_GAP,UNEXPECTED
2021-09-08 22:55:00,2021-09-08 22:57:00,2.0,UNEXPECTED_SHORT_GAP,UNEXPECTED
2021-09-08 22:58:00,2021-09-08 23:00:00,2.0,UNEXPECTED_SHORT_GAP,UNEXPECTED
2021-09-08 23:04:00,2021-09-08 23:10:00,6.0,UNEXPECTED_INTRADAY_GAP,UNEXPECTED
2021-09-08 23:12:00,2021-09-08 23:15:00,3.0,UNEXPECTED_SHORT_GAP,UNEXPECTED
2021-09-08 23:18:00,2021-09-08 23:20:00,2.0,UNEXPECTED_SHORT_GAP,UNEXPECTED
2021-09-08 23:22:00,2021-09-08 23:24:00,2.0,UNEXPECTED_SHORT_GAP,UNEXPECTED
2021-09-08 23:25:00,2021-09-08 23:31:00,6.0,UNEXPECTED_INTRADAY_GAP,UNEXPECTED
2021-09-08 23:31:00,2021-09-08 23:37:00,6.0,UNEXPECTED_INTRADAY_GAP,UNEXPECTED
2021-09-08 23:37:00,2021-09-08 23:39:00,2.0,UNEXPECTED_SHORT_GAP,UNEXPECTED
2021-09-08 23:39:00,2021-09-08 23:42:00,3.0,UNEXPECTED_SHORT_GAP,UNEXPECTED
2021-09-08 23:42:00,2021-09-08 23:44:00,2.0,UNEXPECTED_SHORT_GAP,UNEXPECTED
2021-09-08 23:46:00,2021-09-08 23:48:00,2.0,UNEXPECTED_SHORT_GAP,UNEXPECTED
2021-09-08 23:50:00,2021-09-08 23:52:00,2.0,UNEXPECTED_SHORT_GAP,UNEXPECTED
2021-09-08 23:55:00,2021-09-08 23:57:00,2.0,UNEXPECTED_SHORT_GAP,UNEXPECTED
2021-09-09 01:21:00,2021-09-09 01:23:00,2.0,UNEXPECTED_SHORT_GAP,UNEXPECTED
2021-09-09 01:24:00,2021-09-09 01:26:00,2.0,UNEXPECTED_SHORT_GAP,UNEXPECTED
2021-09-09 03:26:00,2021-09-09 03:29:00,3.0,UNEXPECTED_SHORT_GAP,UNEXPECTED
2021-09-09 04:08:00,2021-09-09 04:10:00,2.0,UNEXPECTED_SHORT_GAP,UNEXPECTED
2021-09-09 04:51:00,2021-09-09 04:53:00,2.0,UNEXPECTED_SHORT_GAP,UNEXPECTED
2021-09-09 05:39:00,2021-09-09 05:41:00,2.0,UNEXPECTED_SHORT_GAP,UNEXPECTED
2021-09-09 05:47:00,2021-09-09 05:49:00,2.0,UNEXPECTED_SHORT_GAP,UNEXPECTED
2021-09-09 16:27:00,2021-09-09 16:29:00,2.0,UNEXPECTED_SHORT_GAP,UNEXPECTED
2021-09-09 19:21:00,2021-09-09 19:23:00,2.0,UNEXPECTED_SHORT_GAP,UNEXPECTED
2021-09-09 20:09:00,2021-09-09 20:13:00,4.0,UNEXPECTED_SHORT_GAP,UNEXPECTED
2021-09-09 20:17:00,2021-09-09 20:19:00,2.0,UNEXPECTED_SHORT_GAP,UNEXPECTED
2021-09-09 20:20:00,2021-09-09 20:22:00,2.0,UNEXPECTED_SHORT_GAP,UNEXPECTED
2021-09-09 20:24:00,2021-09-09 20:29:00,5.0,UNEXPECTED_SHORT_GAP,UNEXPECTED
2021-09-09 20:29:00,2021-09-09 20:33:00,4.0,UNEXPECTED_SHORT_GAP,UNEXPECTED
2021-09-09 20:40:00,2021-09-09 20:42:00,2.0,UNEXPECTED_SHORT_GAP,UNEXPECTED
2021-09-09 20:42:00,2021-09-09 20:45:00,3.0,UNEXPECTED_SHORT_GAP,UNEXPECTED
2021-09-09 20:45:00,2021-09-09 20:48:00,3.0,UNEXPECTED_SHORT_GAP,UNEXPECTED
2021-09-09 21:03:00,2021-09-09 21:05:00,2.0,UNEXPECTED_SHORT_GAP,UNEXPECTED
2021-09-09 21:25:00,2021-09-09 21:27:00,2.0,UNEXPECTED_SHORT_GAP,UNEXPECTED
2021-09-09 21:38:00,2021-09-09 21:40:00,2.0,UNEXPECTED_SHORT_GAP,UNEXPECTED
2021-09-09 22:14:00,2021-09-09 22:16:00,2.0,UNEXPECTED_SHORT_GAP,UNEXPECTED
2021-09-09 22:17:00,2021-09-09 22:19:00,2.0,UNEXPECTED_SHORT_GAP,UNEXPECTED
2021-09-09 22:22:00,2021-09-09 22:24:00,2.0,UNEXPECTED_SHORT_GAP,UNEXPECTED
2021-09-09 22:33:00,2021-09-09 22:35:00,2.0,UNEXPECTED_SHORT_GAP,UNEXPECTED
2021-09-09 22:36:00,2021-09-09 22:39:00,3.0,UNEXPECTED_SHORT_GAP,UNEXPECTED
2021-09-09 22:44:00,2021-09-09 22:46:00,2.0,UNEXPECTED_SHORT_GAP,UNEXPECTED
2021-09-09 22:50:00,2021-09-09 22:52:00,2.0,UNEXPECTED_SHORT_GAP,UNEXPECTED
2021-09-09 22:56:00,2021-09-09 22:58:00,2.0,UNEXPECTED_SHORT_GAP,UNEXPECTED
2021-09-09 23:03:00,2021-09-09 23:05:00,2.0,UNEXPECTED_SHORT_GAP,UNEXPECTED
2021-09-09 23:06:00,2021-09-09 23:08:00,2.0,UNEXPECTED_SHORT_GAP,UNEXPECTED
2021-09-09 23:08:00,2021-09-09 23:10:00,2.0,UNEXPECTED_SHORT_GAP,UNEXPECTED
2021-09-09 23:13:00,2021-09-09 23:15:00,2.0,UNEXPECTED_SHORT_GAP,UNEXPECTED
2021-09-09 23:15:00,2021-09-09 23:17:00,2.0,UNEXPECTED_SHORT_GAP,UNEXPECTED
2021-09-09 23:17:00,2021-09-09 23:19:00,2.0,UNEXPECTED_SHORT_GAP,UNEXPECTED
2021-09-09 23:21:00,2021-09-09 23:23:00,2.0,UNEXPECTED_SHORT_GAP,UNEXPECTED
2021-09-09 23:23:00,2021-09-09 23:25:00,2.0,UNEXPECTED_SHORT_GAP,UNEXPECTED
2021-09-09 23:31:00,2021-09-09 23:40:00,9.0,UNEXPECTED_INTRADAY_GAP,UNEXPECTED
2021-09-09 23:40:00,2021-09-09 23:44:00,4.0,UNEXPECTED_SHORT_GAP,UNEXPECTED
2021-09-09 23:45:00,2021-09-09 23:47:00,2.0,UNEXPECTED_SHORT_GAP,UNEXPECTED
2021-09-09 23:52:00,2021-09-09 23:55:00,3.0,UNEXPECTED_SHORT_GAP,UNEXPECTED
2021-09-09 23:56:00,2021-09-09 23:58:00,2.0,UNEXPECTED_SHORT_GAP,UNEXPECTED
2021-09-10 00:21:00,2021-09-10 00:23:00,2.0,UNEXPECTED_SHORT_GAP,UNEXPECTED
2021-09-10 00:30:00,2021-09-10 00:32:00,2.0,UNEXPECTED_SHORT_GAP,UNEXPECTED
2021-09-10 00:45:00,2021-09-10 00:47:00,2.0,UNEXPECTED_SHORT_GAP,UNEXPECTED
2021-09-10 01:42:00,2021-09-10 01:44:00,2.0,UNEXPECTED_SHORT_GAP,UNEXPECTED
2021-09-10 01:44:00,2021-09-10 01:46:00,2.0,UNEXPECTED_SHORT_GAP,UNEXPECTED
2021-09-10 02:00:00,2021-09-10 02:02:00,2.0,UNEXPECTED_SHORT_GAP,UNEXPECTED
2021-09-10 02:09:00,2021-09-10 02:11:00,2.0,UNEXPECTED_SHORT_GAP,UNEXPECTED
2021-09-10 03:15:00,2021-09-10 03:17:00,2.0,UNEXPECTED_SHORT_GAP,UNEXPECTED
2021-09-10 03:31:00,2021-09-10 03:33:00,2.0,UNEXPECTED_SHORT_GAP,UNEXPECTED
2021-09-10 03:51:00,2021-09-10 03:53:00,2.0,UNEXPECTED_SHORT_GAP,UNEXPECTED
2021-09-10 04:02:00,2021-09-10 04:04:00,2.0,UNEXPECTED_SHORT_GAP,UNEXPECTED
2021-09-10 04:05:00,2021-09-10 04:07:00,2.0,UNEXPECTED_SHORT_GAP,UNEXPECTED
2021-09-10 04:18:00,2021-09-10 04:20:00,2.0,UNEXPECTED_SHORT_GAP,UNEXPECTED
2021-09-10 04:41:00,2021-09-10 04:44:00,3.0,UNEXPECTED_SHORT_GAP,UNEXPECTED
2021-09-10 04:50:00,2021-09-10 04:52:00,2.0,UNEXPECTED_SHORT_GAP,UNEXPECTED
2021-09-10 05:03:00,2021-09-10 05:05:00,2.0,UNEXPECTED_SHORT_GAP,UNEXPECTED
2021-09-10 05:08:00,2021-09-10 05:10:00,2.0,UNEXPECTED_SHORT_GAP,UNEXPECTED
2021-09-10 05:11:00,2021-09-10 05:14:00,3.0,UNEXPECTED_SHORT_GAP,UNEXPECTED
2021-09-10 05:29:00,2021-09-10 05:32:00,3.0,UNEXPECTED_SHORT_GAP,UNEXPECTED
2021-09-10 05:43:00,2021-09-10 05:45:00,2.0,UNEXPECTED_SHORT_GAP,UNEXPECTED
2021-09-10 05:51:00,2021-09-10 05:53:00,2.0,UNEXPECTED_SHORT_GAP,UNEXPECTED
2021-09-10 16:47:00,2021-09-10 16:49:00,2.0,UNEXPECTED_SHORT_GAP,UNEXPECTED
2021-09-10 17:15:00,2021-09-10 17:17:00,2.0,UNEXPECTED_SHORT_GAP,UNEXPECTED
2021-09-10 18:14:00,2021-09-10 18:16:00,2.0,UNEXPECTED_SHORT_GAP,UNEXPECTED
2021-09-10 18:47:00,2021-09-10 18:49:00,2.0,UNEXPECTED_SHORT_GAP,UNEXPECTED
2021-09-10 19:11:00,2021-09-10 19:13:00,2.0,UNEXPECTED_SHORT_GAP,UNEXPECTED
2021-09-10 19:23:00,2021-09-10 19:25:00,2.0,UNEXPECTED_SHORT_GAP,UNEXPECTED
2021-09-10 20:20:00,2021-09-10 20:22:00,2.0,UNEXPECTED_SHORT_GAP,UNEXPECTED
2021-09-10 20:25:00,2021-09-10 20:27:00,2.0,UNEXPECTED_SHORT_GAP,UNEXPECTED
2021-09-10 20:31:00,2021-09-10 20:33:00,2.0,UNEXPECTED_SHORT_GAP,UNEXPECTED
2021-09-10 20:58:00,2021-09-12 21:00:00,2882.0,EXPECTED_WEEKEND_CLOSURE,EXPECTED
2021-09-12 21:00:00,2021-09-12 21:10:00,10.0,EXPECTED_WEEKEND_CLOSURE,EXPECTED
2021-09-12 21:11:00,2021-09-12 21:13:00,2.0,EXPECTED_WEEKEND_CLOSURE,EXPECTED
2021-09-12 21:18:00,2021-09-12 21:20:00,2.0,EXPECTED_WEEKEND_CLOSURE,EXPECTED
2021-09-12 21:20:00,2021-09-12 21:22:00,2.0,EXPECTED_WEEKEND_CLOSURE,EXPECTED
2021-09-12 21:27:00,2021-09-12 21:30:00,3.0,EXPECTED_WEEKEND_CLOSURE,EXPECTED
2021-09-12 21:47:00,2021-09-12 21:51:00,4.0,EXPECTED_WEEKEND_CLOSURE,EXPECTED
2021-09-12 21:52:00,2021-09-12 21:54:00,2.0,EXPECTED_WEEKEND_CLOSURE,EXPECTED
2021-09-12 21:54:00,2021-09-12 21:58:00,4.0,EXPECTED_WEEKEND_CLOSURE,EXPECTED
2021-09-12 22:02:00,2021-09-12 22:05:00,3.0,EXPECTED_WEEKEND_CLOSURE,EXPECTED
2021-09-12 22:07:00,2021-09-12 22:09:00,2.0,EXPECTED_WEEKEND_CLOSURE,EXPECTED
2021-09-12 22:14:00,2021-09-12 22:17:00,3.0,EXPECTED_WEEKEND_CLOSURE,EXPECTED
2021-09-12 22:22:00,2021-09-12 22:24:00,2.0,EXPECTED_WEEKEND_CLOSURE,EXPECTED
2021-09-12 22:28:00,2021-09-12 22:30:00,2.0,EXPECTED_WEEKEND_CLOSURE,EXPECTED
2021-09-12 22:39:00,2021-09-12 22:41:00,2.0,EXPECTED_WEEKEND_CLOSURE,EXPECTED
2021-09-12 22:41:00,2021-09-12 22:44:00,3.0,EXPECTED_WEEKEND_CLOSURE,EXPECTED
2021-09-12 22:47:00,2021-09-12 22:49:00,2.0,EXPECTED_WEEKEND_CLOSURE,EXPECTED
2021-09-12 22:49:00,2021-09-12 22:51:00,2.0,EXPECTED_WEEKEND_CLOSURE,EXPECTED
2021-09-12 23:02:00,2021-09-12 23:04:00,2.0,EXPECTED_WEEKEND_CLOSURE,EXPECTED
2021-09-12 23:11:00,2021-09-12 23:13:00,2.0,EXPECTED_WEEKEND_CLOSURE,EXPECTED
2021-09-12 23:13:00,2021-09-12 23:16:00,3.0,EXPECTED_WEEKEND_CLOSURE,EXPECTED
2021-09-12 23:17:00,2021-09-12 23:19:00,2.0,EXPECTED_WEEKEND_CLOSURE,EXPECTED
2021-09-12 23:26:00,2021-09-12 23:28:00,2.0,EXPECTED_WEEKEND_CLOSURE,EXPECTED
2021-09-12 23:34:00,2021-09-12 23:36:00,2.0,EXPECTED_WEEKEND_CLOSURE,EXPECTED
2021-09-12 23:46:00,2021-09-12 23:48:00,2.0,EXPECTED_WEEKEND_CLOSURE,EXPECTED
2021-09-12 23:53:00,2021-09-12 23:55:00,2.0,EXPECTED_WEEKEND_CLOSURE,EXPECTED
2021-09-13 00:24:00,2021-09-13 00:26:00,2.0,UNEXPECTED_SHORT_GAP,UNEXPECTED
2021-09-13 00:27:00,2021-09-13 00:29:00,2.0,UNEXPECTED_SHORT_GAP,UNEXPECTED
2021-09-13 00:49:00,2021-09-13 00:51:00,2.0,UNEXPECTED_SHORT_GAP,UNEXPECTED
2021-09-13 02:15:00,2021-09-13 02:17:00,2.0,UNEXPECTED_SHORT_GAP,UNEXPECTED
2021-09-13 03:18:00,2021-09-13 03:20:00,2.0,UNEXPECTED_SHORT_GAP,UNEXPECTED
2021-09-13 03:54:00,2021-09-13 03:56:00,2.0,UNEXPECTED_SHORT_GAP,UNEXPECTED
2021-09-13 04:24:00,2021-09-13 04:26:00,2.0,UNEXPECTED_SHORT_GAP,UNEXPECTED
2021-09-13 04:26:00,2021-09-13 04:30:00,4.0,UNEXPECTED_SHORT_GAP,UNEXPECTED
2021-09-13 04:39:00,2021-09-13 04:41:00,2.0,UNEXPECTED_SHORT_GAP,UNEXPECTED
2021-09-13 04:42:00,2021-09-13 04:44:00,2.0,UNEXPECTED_SHORT_GAP,UNEXPECTED
2021-09-13 11:45:00,2021-09-13 11:47:00,2.0,UNEXPECTED_SHORT_GAP,UNEXPECTED
2021-09-13 11:48:00,2021-09-13 11:50:00,2.0,UNEXPECTED_SHORT_GAP,UNEXPECTED
2021-09-13 18:30:00,2021-09-13 18:32:00,2.0,UNEXPECTED_SHORT_GAP,UNEXPECTED
2021-09-13 20:02:00,2021-09-13 20:04:00,2.0,UNEXPECTED_SHORT_GAP,UNEXPECTED
2021-09-13 20:18:00,2021-09-13 20:20:00,2.0,UNEXPECTED_SHORT_GAP,UNEXPECTED
2021-09-13 20:25:00,2021-09-13 20:27:00,2.0,UNEXPECTED_SHORT_GAP,UNEXPECTED
2021-09-13 20:27:00,2021-09-13 20:29:00,2.0,UNEXPECTED_SHORT_GAP,UNEXPECTED
2021-09-13 20:31:00,2021-09-13 20:33:00,2.0,UNEXPECTED_SHORT_GAP,UNEXPECTED
2021-09-13 20:39:00,2021-09-13 20:41:00,2.0,UNEXPECTED_SHORT_GAP,UNEXPECTED
2021-09-13 21:00:00,2021-09-13 21:03:00,3.0,UNEXPECTED_SHORT_GAP,UNEXPECTED
2021-09-13 21:13:00,2021-09-13 21:16:00,3.0,UNEXPECTED_SHORT_GAP,UNEXPECTED
2021-09-13 21:17:00,2021-09-13 21:19:00,2.0,UNEXPECTED_SHORT_GAP,UNEXPECTED
2021-09-13 21:19:00,2021-09-13 21:21:00,2.0,UNEXPECTED_SHORT_GAP,UNEXPECTED
2021-09-13 21:21:00,2021-09-13 21:24:00,3.0,UNEXPECTED_SHORT_GAP,UNEXPECTED
2021-09-13 21:50:00,2021-09-13 21:52:00,2.0,UNEXPECTED_SHORT_GAP,UNEXPECTED
2021-09-13 22:28:00,2021-09-13 22:30:00,2.0,UNEXPECTED_SHORT_GAP,UNEXPECTED
2021-09-13 22:43:00,2021-09-13 22:45:00,2.0,UNEXPECTED_SHORT_GAP,UNEXPECTED
2021-09-13 22:47:00,2021-09-13 22:49:00,2.0,UNEXPECTED_SHORT_GAP,UNEXPECTED
2021-09-13 22:49:00,2021-09-13 22:51:00,2.0,UNEXPECTED_SHORT_GAP,UNEXPECTED
2021-09-13 22:51:00,2021-09-13 22:53:00,2.0,UNEXPECTED_SHORT_GAP,UNEXPECTED
2021-09-13 22:53:00,2021-09-13 22:56:00,3.0,UNEXPECTED_SHORT_GAP,UNEXPECTED
2021-09-13 23:04:00,2021-09-13 23:09:00,5.0,UNEXPECTED_SHORT_GAP,UNEXPECTED
2021-09-13 23:10:00,2021-09-13 23:12:00,2.0,UNEXPECTED_SHORT_GAP,UNEXPECTED
2021-09-13 23:14:00,2021-09-13 23:16:00,2.0,UNEXPECTED_SHORT_GAP,UNEXPECTED
2021-09-13 23:16:00,2021-09-13 23:21:00,5.0,UNEXPECTED_SHORT_GAP,UNEXPECTED
2021-09-13 23:21:00,2021-09-13 23:23:00,2.0,UNEXPECTED_SHORT_GAP,UNEXPECTED
2021-09-13 23:24:00,2021-09-13 23:27:00,3.0,UNEXPECTED_SHORT_GAP,UNEXPECTED
2021-09-13 23:27:00,2021-09-13 23:30:00,3.0,UNEXPECTED_SHORT_GAP,UNEXPECTED
2021-09-13 23:31:00,2021-09-13 23:34:00,3.0,UNEXPECTED_SHORT_GAP,UNEXPECTED
2021-09-13 23:35:00,2021-09-13 23:37:00,2.0,UNEXPECTED_SHORT_GAP,UNEXPECTED
2021-09-13 23:40:00,2021-09-13 23:43:00,3.0,UNEXPECTED_SHORT_GAP,UNEXPECTED
2021-09-13 23:43:00,2021-09-13 23:46:00,3.0,UNEXPECTED_SHORT_GAP,UNEXPECTED
2021-09-13 23:46:00,2021-09-13 23:48:00,2.0,UNEXPECTED_SHORT_GAP,UNEXPECTED
2021-09-13 23:51:00,2021-09-13 23:53:00,2.0,UNEXPECTED_SHORT_GAP,UNEXPECTED
2021-09-13 23:56:00,2021-09-13 23:58:00,2.0,UNEXPECTED_SHORT_GAP,UNEXPECTED
2021-09-13 23:58:00,2021-09-14 00:00:00,2.0,EXPECTED_DAILY_ROLLOVER,EXPECTED
2021-09-14 00:23:00,2021-09-14 00:25:00,2.0,UNEXPECTED_SHORT_GAP,UNEXPECTED
2021-09-14 00:40:00,2021-09-14 00:42:00,2.0,UNEXPECTED_SHORT_GAP,UNEXPECTED
2021-09-14 01:22:00,2021-09-14 01:24:00,2.0,UNEXPECTED_SHORT_GAP,UNEXPECTED
2021-09-14 01:28:00,2021-09-14 01:30:00,2.0,UNEXPECTED_SHORT_GAP,UNEXPECTED
2021-09-14 01:42:00,2021-09-14 01:44:00,2.0,UNEXPECTED_SHORT_GAP,UNEXPECTED
2021-09-14 01:55:00,2021-09-14 01:57:00,2.0,UNEXPECTED_SHORT_GAP,UNEXPECTED
2021-09-14 02:45:00,2021-09-14 02:47:00,2.0,UNEXPECTED_SHORT_GAP,UNEXPECTED
2021-09-14 02:54:00,2021-09-14 02:56:00,2.0,UNEXPECTED_SHORT_GAP,UNEXPECTED
2021-09-14 03:20:00,2021-09-14 03:22:00,2.0,UNEXPECTED_SHORT_GAP,UNEXPECTED
2021-09-14 03:25:00,2021-09-14 03:29:00,4.0,UNEXPECTED_SHORT_GAP,UNEXPECTED
2021-09-14 03:29:00,2021-09-14 03:31:00,2.0,UNEXPECTED_SHORT_GAP,UNEXPECTED
2021-09-14 03:37:00,2021-09-14 03:39:00,2.0,UNEXPECTED_SHORT_GAP,UNEXPECTED
2021-09-14 03:57:00,2021-09-14 03:59:00,2.0,UNEXPECTED_SHORT_GAP,UNEXPECTED
2021-09-14 04:00:00,2021-09-14 04:02:00,2.0,UNEXPECTED_SHORT_GAP,UNEXPECTED
2021-09-14 04:03:00,2021-09-14 04:05:00,2.0,UNEXPECTED_SHORT_GAP,UNEXPECTED
2021-09-14 04:07:00,2021-09-14 04:10:00,3.0,UNEXPECTED_SHORT_GAP,UNEXPECTED
2021-09-14 04:14:00,2021-09-14 04:16:00,2.0,UNEXPECTED_SHORT_GAP,UNEXPECTED
2021-09-14 04:27:00,2021-09-14 04:29:00,2.0,UNEXPECTED_SHORT_GAP,UNEXPECTED
2021-09-14 04:45:00,2021-09-14 04:48:00,3.0,UNEXPECTED_SHORT_GAP,UNEXPECTED
2021-09-14 04:56:00,2021-09-14 04:58:00,2.0,UNEXPECTED_SHORT_GAP,UNEXPECTED
2021-09-14 09:43:00,2021-09-14 09:45:00,2.0,UNEXPECTED_SHORT_GAP,UNEXPECTED
2021-09-14 12:08:00,2021-09-14 12:10:00,2.0,UNEXPECTED_SHORT_GAP,UNEXPECTED
2021-09-14 19:45:00,2021-09-14 19:47:00,2.0,UNEXPECTED_SHORT_GAP,UNEXPECTED
2021-09-14 20:06:00,2021-09-14 20:08:00,2.0,UNEXPECTED_SHORT_GAP,UNEXPECTED
2021-09-14 20:25:00,2021-09-14 20:29:00,4.0,UNEXPECTED_SHORT_GAP,UNEXPECTED
2021-09-14 20:30:00,2021-09-14 20:32:00,2.0,UNEXPECTED_SHORT_GAP,UNEXPECTED
2021-09-14 20:38:00,2021-09-14 20:40:00,2.0,UNEXPECTED_SHORT_GAP,UNEXPECTED
2021-09-14 21:03:00,2021-09-14 21:05:00,2.0,UNEXPECTED_SHORT_GAP,UNEXPECTED
2021-09-14 21:10:00,2021-09-14 21:13:00,3.0,UNEXPECTED_SHORT_GAP,UNEXPECTED
2021-09-14 21:13:00,2021-09-14 21:15:00,2.0,UNEXPECTED_SHORT_GAP,UNEXPECTED
2021-09-14 21:18:00,2021-09-14 21:21:00,3.0,UNEXPECTED_SHORT_GAP,UNEXPECTED
2021-09-14 21:45:00,2021-09-14 21:47:00,2.0,UNEXPECTED_SHORT_GAP,UNEXPECTED
2021-09-14 21:49:00,2021-09-14 21:53:00,4.0,UNEXPECTED_SHORT_GAP,UNEXPECTED
2021-09-14 22:13:00,2021-09-14 22:16:00,3.0,UNEXPECTED_SHORT_GAP,UNEXPECTED
2021-09-14 22:16:00,2021-09-14 22:19:00,3.0,UNEXPECTED_SHORT_GAP,UNEXPECTED
2021-09-14 22:19:00,2021-09-14 22:22:00,3.0,UNEXPECTED_SHORT_GAP,UNEXPECTED
2021-09-14 22:22:00,2021-09-14 22:24:00,2.0,UNEXPECTED_SHORT_GAP,UNEXPECTED
2021-09-14 22:24:00,2021-09-14 22:27:00,3.0,UNEXPECTED_SHORT_GAP,UNEXPECTED
2021-09-14 22:34:00,2021-09-14 22:37:00,3.0,UNEXPECTED_SHORT_GAP,UNEXPECTED
2021-09-14 22:39:00,2021-09-14 22:43:00,4.0,UNEXPECTED_SHORT_GAP,UNEXPECTED
2021-09-14 22:46:00,2021-09-14 22:48:00,2.0,UNEXPECTED_SHORT_GAP,UNEXPECTED
2021-09-14 22:51:00,2021-09-14 22:53:00,2.0,UNEXPECTED_SHORT_GAP,UNEXPECTED
2021-09-14 22:53:00,2021-09-14 22:55:00,2.0,UNEXPECTED_SHORT_GAP,UNEXPECTED
2021-09-14 22:58:00,2021-09-14 23:00:00,2.0,UNEXPECTED_SHORT_GAP,UNEXPECTED
2021-09-14 23:00:00,2021-09-14 23:02:00,2.0,UNEXPECTED_SHORT_GAP,UNEXPECTED
2021-09-14 23:02:00,2021-09-14 23:05:00,3.0,UNEXPECTED_SHORT_GAP,UNEXPECTED
2021-09-14 23:06:00,2021-09-14 23:09:00,3.0,UNEXPECTED_SHORT_GAP,UNEXPECTED
2021-09-14 23:15:00,2021-09-14 23:17:00,2.0,UNEXPECTED_SHORT_GAP,UNEXPECTED
2021-09-14 23:17:00,2021-09-14 23:19:00,2.0,UNEXPECTED_SHORT_GAP,UNEXPECTED
2021-09-14 23:20:00,2021-09-14 23:24:00,4.0,UNEXPECTED_SHORT_GAP,UNEXPECTED
2021-09-14 23:25:00,2021-09-14 23:28:00,3.0,UNEXPECTED_SHORT_GAP,UNEXPECTED
2021-09-14 23:28:00,2021-09-14 23:30:00,2.0,UNEXPECTED_SHORT_GAP,UNEXPECTED
2021-09-14 23:37:00,2021-09-14 23:43:00,6.0,UNEXPECTED_INTRADAY_GAP,UNEXPECTED
2021-09-14 23:50:00,2021-09-14 23:52:00,2.0,UNEXPECTED_SHORT_GAP,UNEXPECTED
2021-09-14 23:52:00,2021-09-14 23:54:00,2.0,UNEXPECTED_SHORT_GAP,UNEXPECTED
2021-09-14 23:55:00,2021-09-14 23:58:00,3.0,UNEXPECTED_SHORT_GAP,UNEXPECTED
2021-09-15 00:21:00,2021-09-15 00:23:00,2.0,UNEXPECTED_SHORT_GAP,UNEXPECTED
2021-09-15 00:30:00,2021-09-15 00:32:00,2.0,UNEXPECTED_SHORT_GAP,UNEXPECTED
2021-09-15 01:04:00,2021-09-15 01:06:00,2.0,UNEXPECTED_SHORT_GAP,UNEXPECTED
2021-09-15 01:10:00,2021-09-15 01:12:00,2.0,UNEXPECTED_SHORT_GAP,UNEXPECTED
2021-09-15 02:27:00,2021-09-15 02:29:00,2.0,UNEXPECTED_SHORT_GAP,UNEXPECTED
2021-09-15 02:52:00,2021-09-15 02:54:00,2.0,UNEXPECTED_SHORT_GAP,UNEXPECTED
2021-09-15 03:25:00,2021-09-15 03:27:00,2.0,UNEXPECTED_SHORT_GAP,UNEXPECTED
2021-09-15 03:27:00,2021-09-15 03:29:00,2.0,UNEXPECTED_SHORT_GAP,UNEXPECTED
2021-09-15 03:37:00,2021-09-15 03:39:00,2.0,UNEXPECTED_SHORT_GAP,UNEXPECTED
2021-09-15 03:40:00,2021-09-15 03:42:00,2.0,UNEXPECTED_SHORT_GAP,UNEXPECTED
2021-09-15 03:45:00,2021-09-15 03:47:00,2.0,UNEXPECTED_SHORT_GAP,UNEXPECTED
2021-09-15 03:54:00,2021-09-15 03:56:00,2.0,UNEXPECTED_SHORT_GAP,UNEXPECTED
2021-09-15 04:09:00,2021-09-15 04:11:00,2.0,UNEXPECTED_SHORT_GAP,UNEXPECTED
2021-09-15 04:16:00,2021-09-15 04:18:00,2.0,UNEXPECTED_SHORT_GAP,UNEXPECTED
2021-09-15 04:22:00,2021-09-15 04:26:00,4.0,UNEXPECTED_SHORT_GAP,UNEXPECTED
2021-09-15 04:34:00,2021-09-15 04:36:00,2.0,UNEXPECTED_SHORT_GAP,UNEXPECTED
2021-09-15 04:42:00,2021-09-15 04:44:00,2.0,UNEXPECTED_SHORT_GAP,UNEXPECTED
2021-09-15 04:44:00,2021-09-15 04:46:00,2.0,UNEXPECTED_SHORT_GAP,UNEXPECTED
2021-09-15 04:47:00,2021-09-15 04:49:00,2.0,UNEXPECTED_SHORT_GAP,UNEXPECTED
2021-09-15 04:51:00,2021-09-15 04:53:00,2.0,UNEXPECTED_SHORT_GAP,UNEXPECTED
2021-09-15 04:53:00,2021-09-15 04:55:00,2.0,UNEXPECTED_SHORT_GAP,UNEXPECTED
2021-09-15 05:46:00,2021-09-15 05:48:00,2.0,UNEXPECTED_SHORT_GAP,UNEXPECTED
2021-09-15 16:15:00,2021-09-15 16:17:00,2.0,UNEXPECTED_SHORT_GAP,UNEXPECTED
2021-09-15 16:34:00,2021-09-15 16:37:00,3.0,UNEXPECTED_SHORT_GAP,UNEXPECTED
2021-09-15 16:50:00,2021-09-15 16:53:00,3.0,UNEXPECTED_SHORT_GAP,UNEXPECTED
2021-09-15 17:07:00,2021-09-15 17:09:00,2.0,UNEXPECTED_SHORT_GAP,UNEXPECTED
2021-09-15 17:16:00,2021-09-15 17:18:00,2.0,UNEXPECTED_SHORT_GAP,UNEXPECTED
2021-09-15 17:52:00,2021-09-15 17:54:00,2.0,UNEXPECTED_SHORT_GAP,UNEXPECTED
2021-09-15 18:12:00,2021-09-15 18:14:00,2.0,UNEXPECTED_SHORT_GAP,UNEXPECTED
2021-09-15 18:26:00,2021-09-15 18:28:00,2.0,UNEXPECTED_SHORT_GAP,UNEXPECTED
2021-09-15 19:27:00,2021-09-15 19:29:00,2.0,UNEXPECTED_SHORT_GAP,UNEXPECTED
2021-09-15 19:36:00,2021-09-15 19:39:00,3.0,UNEXPECTED_SHORT_GAP,UNEXPECTED
2021-09-15 19:54:00,2021-09-15 19:57:00,3.0,UNEXPECTED_SHORT_GAP,UNEXPECTED
2021-09-15 20:14:00,2021-09-15 20:16:00,2.0,UNEXPECTED_SHORT_GAP,UNEXPECTED
2021-09-15 20:18:00,2021-09-15 20:24:00,6.0,UNEXPECTED_INTRADAY_GAP,UNEXPECTED
2021-09-15 20:25:00,2021-09-15 20:27:00,2.0,UNEXPECTED_SHORT_GAP,UNEXPECTED
2021-09-15 20:36:00,2021-09-15 20:39:00,3.0,UNEXPECTED_SHORT_GAP,UNEXPECTED
2021-09-15 20:41:00,2021-09-15 20:43:00,2.0,UNEXPECTED_SHORT_GAP,UNEXPECTED
2021-09-15 21:01:00,2021-09-15 21:05:00,4.0,UNEXPECTED_SHORT_GAP,UNEXPECTED
2021-09-15 21:12:00,2021-09-15 21:14:00,2.0,UNEXPECTED_SHORT_GAP,UNEXPECTED
2021-09-15 21:14:00,2021-09-15 21:16:00,2.0,UNEXPECTED_SHORT_GAP,UNEXPECTED
2021-09-15 21:18:00,2021-09-15 21:20:00,2.0,UNEXPECTED_SHORT_GAP,UNEXPECTED
2021-09-15 21:21:00,2021-09-15 21:23:00,2.0,UNEXPECTED_SHORT_GAP,UNEXPECTED
2021-09-15 21:26:00,2021-09-15 21:30:00,4.0,UNEXPECTED_SHORT_GAP,UNEXPECTED
2021-09-15 21:42:00,2021-09-15 21:44:00,2.0,UNEXPECTED_SHORT_GAP,UNEXPECTED
2021-09-15 21:54:00,2021-09-15 21:57:00,3.0,UNEXPECTED_SHORT_GAP,UNEXPECTED
2021-09-15 21:57:00,2021-09-15 21:59:00,2.0,UNEXPECTED_SHORT_GAP,UNEXPECTED
2021-09-15 22:03:00,2021-09-15 22:05:00,2.0,UNEXPECTED_SHORT_GAP,UNEXPECTED
2021-09-15 22:06:00,2021-09-15 22:10:00,4.0,UNEXPECTED_SHORT_GAP,UNEXPECTED
2021-09-15 22:19:00,2021-09-15 22:23:00,4.0,UNEXPECTED_SHORT_GAP,UNEXPECTED
2021-09-15 22:27:00,2021-09-15 22:29:00,2.0,UNEXPECTED_SHORT_GAP,UNEXPECTED
2021-09-15 22:33:00,2021-09-15 22:38:00,5.0,UNEXPECTED_SHORT_GAP,UNEXPECTED
2021-09-15 22:58:00,2021-09-15 23:00:00,2.0,UNEXPECTED_SHORT_GAP,UNEXPECTED
2021-09-15 23:06:00,2021-09-15 23:08:00,2.0,UNEXPECTED_SHORT_GAP,UNEXPECTED
2021-09-15 23:09:00,2021-09-15 23:12:00,3.0,UNEXPECTED_SHORT_GAP,UNEXPECTED
2021-09-15 23:13:00,2021-09-15 23:15:00,2.0,UNEXPECTED_SHORT_GAP,UNEXPECTED
2021-09-15 23:15:00,2021-09-15 23:18:00,3.0,UNEXPECTED_SHORT_GAP,UNEXPECTED
2021-09-15 23:22:00,2021-09-15 23:27:00,5.0,UNEXPECTED_SHORT_GAP,UNEXPECTED
2021-09-15 23:29:00,2021-09-15 23:31:00,2.0,UNEXPECTED_SHORT_GAP,UNEXPECTED
2021-09-15 23:31:00,2021-09-15 23:34:00,3.0,UNEXPECTED_SHORT_GAP,UNEXPECTED
2021-09-15 23:37:00,2021-09-15 23:39:00,2.0,UNEXPECTED_SHORT_GAP,UNEXPECTED
2021-09-15 23:40:00,2021-09-15 23:42:00,2.0,UNEXPECTED_SHORT_GAP,UNEXPECTED
2021-09-15 23:42:00,2021-09-15 23:45:00,3.0,UNEXPECTED_SHORT_GAP,UNEXPECTED
2021-09-15 23:57:00,2021-09-15 23:59:00,2.0,UNEXPECTED_SHORT_GAP,UNEXPECTED
2021-09-16 00:55:00,2021-09-16 00:57:00,2.0,UNEXPECTED_SHORT_GAP,UNEXPECTED
2021-09-16 01:15:00,2021-09-16 01:17:00,2.0,UNEXPECTED_SHORT_GAP,UNEXPECTED
2021-09-16 01:56:00,2021-09-16 01:58:00,2.0,UNEXPECTED_SHORT_GAP,UNEXPECTED
2021-09-16 02:16:00,2021-09-16 02:18:00,2.0,UNEXPECTED_SHORT_GAP,UNEXPECTED
2021-09-16 02:30:00,2021-09-16 02:32:00,2.0,UNEXPECTED_SHORT_GAP,UNEXPECTED
2021-09-16 02:38:00,2021-09-16 02:40:00,2.0,UNEXPECTED_SHORT_GAP,UNEXPECTED
2021-09-16 02:43:00,2021-09-16 02:45:00,2.0,UNEXPECTED_SHORT_GAP,UNEXPECTED
2021-09-16 02:47:00,2021-09-16 02:51:00,4.0,UNEXPECTED_SHORT_GAP,UNEXPECTED
2021-09-16 03:20:00,2021-09-16 03:22:00,2.0,UNEXPECTED_SHORT_GAP,UNEXPECTED
2021-09-16 03:49:00,2021-09-16 03:53:00,4.0,UNEXPECTED_SHORT_GAP,UNEXPECTED
2021-09-16 03:53:00,2021-09-16 03:58:00,5.0,UNEXPECTED_SHORT_GAP,UNEXPECTED
2021-09-16 04:07:00,2021-09-16 04:09:00,2.0,UNEXPECTED_SHORT_GAP,UNEXPECTED
2021-09-16 04:12:00,2021-09-16 04:14:00,2.0,UNEXPECTED_SHORT_GAP,UNEXPECTED
2021-09-16 04:19:00,2021-09-16 04:22:00,3.0,UNEXPECTED_SHORT_GAP,UNEXPECTED
2021-09-16 04:22:00,2021-09-16 04:25:00,3.0,UNEXPECTED_SHORT_GAP,UNEXPECTED
2021-09-16 04:30:00,2021-09-16 04:33:00,3.0,UNEXPECTED_SHORT_GAP,UNEXPECTED
2021-09-16 04:34:00,2021-09-16 04:36:00,2.0,UNEXPECTED_SHORT_GAP,UNEXPECTED
2021-09-16 04:36:00,2021-09-16 04:38:00,2.0,UNEXPECTED_SHORT_GAP,UNEXPECTED
2021-09-16 04:40:00,2021-09-16 04:42:00,2.0,UNEXPECTED_SHORT_GAP,UNEXPECTED
2021-09-16 04:42:00,2021-09-16 04:45:00,3.0,UNEXPECTED_SHORT_GAP,UNEXPECTED
2021-09-16 04:47:00,2021-09-16 04:49:00,2.0,UNEXPECTED_SHORT_GAP,UNEXPECTED
2021-09-16 04:58:00,2021-09-16 05:00:00,2.0,UNEXPECTED_SHORT_GAP,UNEXPECTED
2021-09-16 05:26:00,2021-09-16 05:30:00,4.0,UNEXPECTED_SHORT_GAP,UNEXPECTED
2021-09-16 16:24:00,2021-09-16 16:26:00,2.0,UNEXPECTED_SHORT_GAP,UNEXPECTED
2021-09-16 17:12:00,2021-09-16 17:14:00,2.0,UNEXPECTED_SHORT_GAP,UNEXPECTED
2021-09-16 17:16:00,2021-09-16 17:18:00,2.0,UNEXPECTED_SHORT_GAP,UNEXPECTED
2021-09-16 17:23:00,2021-09-16 17:26:00,3.0,UNEXPECTED_SHORT_GAP,UNEXPECTED
2021-09-16 17:42:00,2021-09-16 17:44:00,2.0,UNEXPECTED_SHORT_GAP,UNEXPECTED
2021-09-16 17:45:00,2021-09-16 17:49:00,4.0,UNEXPECTED_SHORT_GAP,UNEXPECTED
2021-09-16 18:05:00,2021-09-16 18:08:00,3.0,UNEXPECTED_SHORT_GAP,UNEXPECTED
2021-09-16 18:25:00,2021-09-16 18:27:00,2.0,UNEXPECTED_SHORT_GAP,UNEXPECTED
2021-09-16 18:28:00,2021-09-16 18:30:00,2.0,UNEXPECTED_SHORT_GAP,UNEXPECTED
2021-09-16 18:35:00,2021-09-16 18:37:00,2.0,UNEXPECTED_SHORT_GAP,UNEXPECTED
2021-09-16 20:26:00,2021-09-16 20:28:00,2.0,UNEXPECTED_SHORT_GAP,UNEXPECTED
2021-09-16 21:43:00,2021-09-16 21:45:00,2.0,UNEXPECTED_SHORT_GAP,UNEXPECTED
2021-09-16 22:33:00,2021-09-16 22:35:00,2.0,UNEXPECTED_SHORT_GAP,UNEXPECTED
2021-09-16 22:46:00,2021-09-16 22:48:00,2.0,UNEXPECTED_SHORT_GAP,UNEXPECTED
2021-09-16 22:48:00,2021-09-16 22:50:00,2.0,UNEXPECTED_SHORT_GAP,UNEXPECTED
2021-09-16 22:51:00,2021-09-16 22:55:00,4.0,UNEXPECTED_SHORT_GAP,UNEXPECTED
2021-09-16 22:56:00,2021-09-16 22:58:00,2.0,UNEXPECTED_SHORT_GAP,UNEXPECTED
2021-09-16 23:02:00,2021-09-16 23:05:00,3.0,UNEXPECTED_SHORT_GAP,UNEXPECTED
2021-09-16 23:05:00,2021-09-16 23:09:00,4.0,UNEXPECTED_SHORT_GAP,UNEXPECTED
2021-09-16 23:10:00,2021-09-16 23:14:00,4.0,UNEXPECTED_SHORT_GAP,UNEXPECTED
2021-09-16 23:15:00,2021-09-16 23:26:00,11.0,UNEXPECTED_INTRADAY_GAP,UNEXPECTED
2021-09-16 23:27:00,2021-09-16 23:31:00,4.0,UNEXPECTED_SHORT_GAP,UNEXPECTED
2021-09-16 23:31:00,2021-09-16 23:37:00,6.0,UNEXPECTED_INTRADAY_GAP,UNEXPECTED
2021-09-16 23:37:00,2021-09-16 23:40:00,3.0,UNEXPECTED_SHORT_GAP,UNEXPECTED
2021-09-16 23:40:00,2021-09-16 23:43:00,3.0,UNEXPECTED_SHORT_GAP,UNEXPECTED
2021-09-16 23:47:00,2021-09-16 23:49:00,2.0,UNEXPECTED_SHORT_GAP,UNEXPECTED
2021-09-16 23:55:00,2021-09-16 23:58:00,3.0,UNEXPECTED_SHORT_GAP,UNEXPECTED
2021-09-17 00:30:00,2021-09-17 00:32:00,2.0,UNEXPECTED_SHORT_GAP,UNEXPECTED
2021-09-17 00:46:00,2021-09-17 00:48:00,2.0,UNEXPECTED_SHORT_GAP,UNEXPECTED
2021-09-17 03:19:00,2021-09-17 03:22:00,3.0,UNEXPECTED_SHORT_GAP,UNEXPECTED
2021-09-17 03:35:00,2021-09-17 03:37:00,2.0,UNEXPECTED_SHORT_GAP,UNEXPECTED
2021-09-17 03:42:00,2021-09-17 03:44:00,2.0,UNEXPECTED_SHORT_GAP,UNEXPECTED
2021-09-17 04:04:00,2021-09-17 04:06:00,2.0,UNEXPECTED_SHORT_GAP,UNEXPECTED
2021-09-17 04:08:00,2021-09-17 04:11:00,3.0,UNEXPECTED_SHORT_GAP,UNEXPECTED
2021-09-17 04:13:00,2021-09-17 04:15:00,2.0,UNEXPECTED_SHORT_GAP,UNEXPECTED
2021-09-17 04:26:00,2021-09-17 04:28:00,2.0,UNEXPECTED_SHORT_GAP,UNEXPECTED
2021-09-17 04:36:00,2021-09-17 04:40:00,4.0,UNEXPECTED_SHORT_GAP,UNEXPECTED
2021-09-17 04:41:00,2021-09-17 04:43:00,2.0,UNEXPECTED_SHORT_GAP,UNEXPECTED
2021-09-17 05:17:00,2021-09-17 05:19:00,2.0,UNEXPECTED_SHORT_GAP,UNEXPECTED
2021-09-17 05:27:00,2021-09-17 05:29:00,2.0,UNEXPECTED_SHORT_GAP,UNEXPECTED
2021-09-17 05:34:00,2021-09-17 05:36:00,2.0,UNEXPECTED_SHORT_GAP,UNEXPECTED
2021-09-17 05:56:00,2021-09-17 05:58:00,2.0,UNEXPECTED_SHORT_GAP,UNEXPECTED
2021-09-17 17:41:00,2021-09-17 17:43:00,2.0,UNEXPECTED_SHORT_GAP,UNEXPECTED
2021-09-17 17:54:00,2021-09-17 17:56:00,2.0,UNEXPECTED_SHORT_GAP,UNEXPECTED
2021-09-17 18:04:00,2021-09-17 18:06:00,2.0,UNEXPECTED_SHORT_GAP,UNEXPECTED
2021-09-17 20:03:00,2021-09-17 20:05:00,2.0,UNEXPECTED_SHORT_GAP,UNEXPECTED
2021-09-17 20:16:00,2021-09-17 20:19:00,3.0,UNEXPECTED_SHORT_GAP,UNEXPECTED
2021-09-17 20:39:00,2021-09-17 20:43:00,4.0,UNEXPECTED_SHORT_GAP,UNEXPECTED
2021-09-17 20:45:00,2021-09-17 20:47:00,2.0,UNEXPECTED_SHORT_GAP,UNEXPECTED
2021-09-17 20:58:00,2021-09-19 21:00:00,2882.0,EXPECTED_WEEKEND_CLOSURE,EXPECTED
2021-09-19 21:00:00,2021-09-19 21:10:00,10.0,EXPECTED_WEEKEND_CLOSURE,EXPECTED
2021-09-19 21:13:00,2021-09-19 21:16:00,3.0,EXPECTED_WEEKEND_CLOSURE,EXPECTED
2021-09-19 21:16:00,2021-09-19 21:18:00,2.0,EXPECTED_WEEKEND_CLOSURE,EXPECTED
2021-09-19 21:18:00,2021-09-19 21:24:00,6.0,EXPECTED_WEEKEND_CLOSURE,EXPECTED
2021-09-19 21:37:00,2021-09-19 21:39:00,2.0,EXPECTED_WEEKEND_CLOSURE,EXPECTED
2021-09-19 21:51:00,2021-09-19 21:53:00,2.0,EXPECTED_WEEKEND_CLOSURE,EXPECTED
2021-09-19 21:53:00,2021-09-19 21:56:00,3.0,EXPECTED_WEEKEND_CLOSURE,EXPECTED
2021-09-19 22:20:00,2021-09-19 22:22:00,2.0,EXPECTED_WEEKEND_CLOSURE,EXPECTED
2021-09-19 22:30:00,2021-09-19 22:33:00,3.0,EXPECTED_WEEKEND_CLOSURE,EXPECTED
2021-09-19 22:36:00,2021-09-19 22:38:00,2.0,EXPECTED_WEEKEND_CLOSURE,EXPECTED
2021-09-19 22:48:00,2021-09-19 22:50:00,2.0,EXPECTED_WEEKEND_CLOSURE,EXPECTED
2021-09-19 22:50:00,2021-09-19 22:52:00,2.0,EXPECTED_WEEKEND_CLOSURE,EXPECTED
2021-09-19 23:07:00,2021-09-19 23:11:00,4.0,EXPECTED_WEEKEND_CLOSURE,EXPECTED
2021-09-19 23:16:00,2021-09-19 23:20:00,4.0,EXPECTED_WEEKEND_CLOSURE,EXPECTED
2021-09-19 23:20:00,2021-09-19 23:22:00,2.0,EXPECTED_WEEKEND_CLOSURE,EXPECTED
2021-09-19 23:22:00,2021-09-19 23:24:00,2.0,EXPECTED_WEEKEND_CLOSURE,EXPECTED
2021-09-19 23:30:00,2021-09-19 23:32:00,2.0,EXPECTED_WEEKEND_CLOSURE,EXPECTED
2021-09-19 23:32:00,2021-09-19 23:34:00,2.0,EXPECTED_WEEKEND_CLOSURE,EXPECTED
2021-09-19 23:45:00,2021-09-19 23:47:00,2.0,EXPECTED_WEEKEND_CLOSURE,EXPECTED
2021-09-19 23:53:00,2021-09-19 23:55:00,2.0,EXPECTED_WEEKEND_CLOSURE,EXPECTED
2021-09-20 00:31:00,2021-09-20 00:33:00,2.0,UNEXPECTED_SHORT_GAP,UNEXPECTED
2021-09-20 00:43:00,2021-09-20 00:45:00,2.0,UNEXPECTED_SHORT_GAP,UNEXPECTED
2021-09-20 00:46:00,2021-09-20 00:48:00,2.0,UNEXPECTED_SHORT_GAP,UNEXPECTED
2021-09-20 00:53:00,2021-09-20 00:55:00,2.0,UNEXPECTED_SHORT_GAP,UNEXPECTED
2021-09-20 00:56:00,2021-09-20 00:58:00,2.0,UNEXPECTED_SHORT_GAP,UNEXPECTED
2021-09-20 01:19:00,2021-09-20 01:21:00,2.0,UNEXPECTED_SHORT_GAP,UNEXPECTED
2021-09-20 01:24:00,2021-09-20 01:27:00,3.0,UNEXPECTED_SHORT_GAP,UNEXPECTED
2021-09-20 02:08:00,2021-09-20 02:10:00,2.0,UNEXPECTED_SHORT_GAP,UNEXPECTED
2021-09-20 03:01:00,2021-09-20 03:03:00,2.0,UNEXPECTED_SHORT_GAP,UNEXPECTED
2021-09-20 03:28:00,2021-09-20 03:30:00,2.0,UNEXPECTED_SHORT_GAP,UNEXPECTED
2021-09-20 03:51:00,2021-09-20 03:53:00,2.0,UNEXPECTED_SHORT_GAP,UNEXPECTED
2021-09-20 04:08:00,2021-09-20 04:10:00,2.0,UNEXPECTED_SHORT_GAP,UNEXPECTED
2021-09-20 04:25:00,2021-09-20 04:27:00,2.0,UNEXPECTED_SHORT_GAP,UNEXPECTED
2021-09-20 04:46:00,2021-09-20 04:48:00,2.0,UNEXPECTED_SHORT_GAP,UNEXPECTED
2021-09-20 04:54:00,2021-09-20 05:00:00,6.0,UNEXPECTED_INTRADAY_GAP,UNEXPECTED
2021-09-20 05:02:00,2021-09-20 05:04:00,2.0,UNEXPECTED_SHORT_GAP,UNEXPECTED
2021-09-20 10:50:00,2021-09-20 10:52:00,2.0,UNEXPECTED_SHORT_GAP,UNEXPECTED
2021-09-20 20:30:00,2021-09-20 20:32:00,2.0,UNEXPECTED_SHORT_GAP,UNEXPECTED
2021-09-20 20:44:00,2021-09-20 20:46:00,2.0,UNEXPECTED_SHORT_GAP,UNEXPECTED
2021-09-20 21:00:00,2021-09-20 21:02:00,2.0,UNEXPECTED_SHORT_GAP,UNEXPECTED
2021-09-20 21:02:00,2021-09-20 21:05:00,3.0,UNEXPECTED_SHORT_GAP,UNEXPECTED
2021-09-20 21:06:00,2021-09-20 21:10:00,4.0,UNEXPECTED_SHORT_GAP,UNEXPECTED
2021-09-20 21:10:00,2021-09-20 21:12:00,2.0,UNEXPECTED_SHORT_GAP,UNEXPECTED
2021-09-20 21:12:00,2021-09-20 21:14:00,2.0,UNEXPECTED_SHORT_GAP,UNEXPECTED
2021-09-20 21:14:00,2021-09-20 21:17:00,3.0,UNEXPECTED_SHORT_GAP,UNEXPECTED
2021-09-20 21:22:00,2021-09-20 21:25:00,3.0,UNEXPECTED_SHORT_GAP,UNEXPECTED
2021-09-20 22:05:00,2021-09-20 22:07:00,2.0,UNEXPECTED_SHORT_GAP,UNEXPECTED
2021-09-20 22:10:00,2021-09-20 22:12:00,2.0,UNEXPECTED_SHORT_GAP,UNEXPECTED
2021-09-20 22:12:00,2021-09-20 22:14:00,2.0,UNEXPECTED_SHORT_GAP,UNEXPECTED
2021-09-20 22:17:00,2021-09-20 22:19:00,2.0,UNEXPECTED_SHORT_GAP,UNEXPECTED
2021-09-20 22:22:00,2021-09-20 22:24:00,2.0,UNEXPECTED_SHORT_GAP,UNEXPECTED
2021-09-20 22:36:00,2021-09-20 22:45:00,9.0,UNEXPECTED_INTRADAY_GAP,UNEXPECTED
2021-09-20 22:47:00,2021-09-20 22:50:00,3.0,UNEXPECTED_SHORT_GAP,UNEXPECTED
2021-09-20 22:51:00,2021-09-20 22:54:00,3.0,UNEXPECTED_SHORT_GAP,UNEXPECTED
2021-09-20 23:07:00,2021-09-20 23:09:00,2.0,UNEXPECTED_SHORT_GAP,UNEXPECTED
2021-09-20 23:29:00,2021-09-20 23:31:00,2.0,UNEXPECTED_SHORT_GAP,UNEXPECTED
2021-09-20 23:32:00,2021-09-20 23:35:00,3.0,UNEXPECTED_SHORT_GAP,UNEXPECTED
2021-09-20 23:40:00,2021-09-20 23:42:00,2.0,UNEXPECTED_SHORT_GAP,UNEXPECTED
2021-09-20 23:51:00,2021-09-20 23:54:00,3.0,UNEXPECTED_SHORT_GAP,UNEXPECTED
2021-09-21 03:05:00,2021-09-21 03:07:00,2.0,UNEXPECTED_SHORT_GAP,UNEXPECTED
2021-09-21 03:07:00,2021-09-21 03:09:00,2.0,UNEXPECTED_SHORT_GAP,UNEXPECTED
2021-09-21 03:50:00,2021-09-21 03:52:00,2.0,UNEXPECTED_SHORT_GAP,UNEXPECTED
2021-09-21 04:27:00,2021-09-21 04:29:00,2.0,UNEXPECTED_SHORT_GAP,UNEXPECTED
2021-09-21 05:16:00,2021-09-21 05:18:00,2.0,UNEXPECTED_SHORT_GAP,UNEXPECTED
2021-09-21 18:33:00,2021-09-21 18:35:00,2.0,UNEXPECTED_SHORT_GAP,UNEXPECTED
2021-09-21 18:43:00,2021-09-21 18:45:00,2.0,UNEXPECTED_SHORT_GAP,UNEXPECTED
2021-09-21 20:15:00,2021-09-21 20:18:00,3.0,UNEXPECTED_SHORT_GAP,UNEXPECTED
2021-09-21 20:18:00,2021-09-21 20:20:00,2.0,UNEXPECTED_SHORT_GAP,UNEXPECTED
2021-09-21 20:20:00,2021-09-21 20:24:00,4.0,UNEXPECTED_SHORT_GAP,UNEXPECTED
2021-09-21 20:25:00,2021-09-21 20:27:00,2.0,UNEXPECTED_SHORT_GAP,UNEXPECTED
2021-09-21 20:34:00,2021-09-21 20:37:00,3.0,UNEXPECTED_SHORT_GAP,UNEXPECTED
2021-09-21 21:01:00,2021-09-21 21:03:00,2.0,UNEXPECTED_SHORT_GAP,UNEXPECTED
2021-09-21 21:07:00,2021-09-21 21:10:00,3.0,UNEXPECTED_SHORT_GAP,UNEXPECTED
2021-09-21 21:10:00,2021-09-21 21:12:00,2.0,UNEXPECTED_SHORT_GAP,UNEXPECTED
2021-09-21 21:25:00,2021-09-21 21:28:00,3.0,UNEXPECTED_SHORT_GAP,UNEXPECTED
2021-09-21 21:28:00,2021-09-21 21:30:00,2.0,UNEXPECTED_SHORT_GAP,UNEXPECTED
2021-09-21 22:09:00,2021-09-21 22:11:00,2.0,UNEXPECTED_SHORT_GAP,UNEXPECTED
2021-09-21 22:11:00,2021-09-21 22:13:00,2.0,UNEXPECTED_SHORT_GAP,UNEXPECTED
2021-09-21 22:17:00,2021-09-21 22:20:00,3.0,UNEXPECTED_SHORT_GAP,UNEXPECTED
2021-09-21 22:25:00,2021-09-21 22:27:00,2.0,UNEXPECTED_SHORT_GAP,UNEXPECTED
2021-09-21 22:38:00,2021-09-21 22:45:00,7.0,UNEXPECTED_INTRADAY_GAP,UNEXPECTED
2021-09-21 22:45:00,2021-09-21 22:49:00,4.0,UNEXPECTED_SHORT_GAP,UNEXPECTED
2021-09-21 22:49:00,2021-09-21 22:51:00,2.0,UNEXPECTED_SHORT_GAP,UNEXPECTED
2021-09-21 22:51:00,2021-09-21 22:56:00,5.0,UNEXPECTED_SHORT_GAP,UNEXPECTED
2021-09-21 23:02:00,2021-09-21 23:04:00,2.0,UNEXPECTED_SHORT_GAP,UNEXPECTED
2021-09-21 23:10:00,2021-09-21 23:12:00,2.0,UNEXPECTED_SHORT_GAP,UNEXPECTED
2021-09-21 23:12:00,2021-09-21 23:14:00,2.0,UNEXPECTED_SHORT_GAP,UNEXPECTED
2021-09-21 23:16:00,2021-09-21 23:18:00,2.0,UNEXPECTED_SHORT_GAP,UNEXPECTED
2021-09-21 23:18:00,2021-09-21 23:20:00,2.0,UNEXPECTED_SHORT_GAP,UNEXPECTED
2021-09-21 23:22:00,2021-09-21 23:24:00,2.0,UNEXPECTED_SHORT_GAP,UNEXPECTED
2021-09-21 23:24:00,2021-09-21 23:26:00,2.0,UNEXPECTED_SHORT_GAP,UNEXPECTED
2021-09-21 23:29:00,2021-09-21 23:32:00,3.0,UNEXPECTED_SHORT_GAP,UNEXPECTED
2021-09-21 23:34:00,2021-09-21 23:36:00,2.0,UNEXPECTED_SHORT_GAP,UNEXPECTED
2021-09-21 23:46:00,2021-09-21 23:48:00,2.0,UNEXPECTED_SHORT_GAP,UNEXPECTED
2021-09-21 23:49:00,2021-09-21 23:51:00,2.0,UNEXPECTED_SHORT_GAP,UNEXPECTED
2021-09-21 23:51:00,2021-09-21 23:55:00,4.0,UNEXPECTED_SHORT_GAP,UNEXPECTED
2021-09-22 02:28:00,2021-09-22 02:30:00,2.0,UNEXPECTED_SHORT_GAP,UNEXPECTED
2021-09-22 04:14:00,2021-09-22 04:16:00,2.0,UNEXPECTED_SHORT_GAP,UNEXPECTED
2021-09-22 04:26:00,2021-09-22 04:30:00,4.0,UNEXPECTED_SHORT_GAP,UNEXPECTED
2021-09-22 04:33:00,2021-09-22 04:35:00,2.0,UNEXPECTED_SHORT_GAP,UNEXPECTED
2021-09-22 04:40:00,2021-09-22 04:44:00,4.0,UNEXPECTED_SHORT_GAP,UNEXPECTED
2021-09-22 05:21:00,2021-09-22 05:23:00,2.0,UNEXPECTED_SHORT_GAP,UNEXPECTED
2021-09-22 06:17:00,2021-09-22 06:19:00,2.0,UNEXPECTED_SHORT_GAP,UNEXPECTED
2021-09-22 11:11:00,2021-09-22 11:13:00,2.0,UNEXPECTED_SHORT_GAP,UNEXPECTED
2021-09-22 20:24:00,2021-09-22 20:27:00,3.0,UNEXPECTED_SHORT_GAP,UNEXPECTED
2021-09-22 21:01:00,2021-09-22 21:05:00,4.0,UNEXPECTED_SHORT_GAP,UNEXPECTED
2021-09-22 22:05:00,2021-09-22 22:07:00,2.0,UNEXPECTED_SHORT_GAP,UNEXPECTED
2021-09-22 22:12:00,2021-09-22 22:14:00,2.0,UNEXPECTED_SHORT_GAP,UNEXPECTED
2021-09-22 22:19:00,2021-09-22 22:21:00,2.0,UNEXPECTED_SHORT_GAP,UNEXPECTED
2021-09-22 22:23:00,2021-09-22 22:25:00,2.0,UNEXPECTED_SHORT_GAP,UNEXPECTED
2021-09-22 22:26:00,2021-09-22 22:29:00,3.0,UNEXPECTED_SHORT_GAP,UNEXPECTED
2021-09-22 22:32:00,2021-09-22 22:36:00,4.0,UNEXPECTED_SHORT_GAP,UNEXPECTED
2021-09-22 22:38:00,2021-09-22 22:40:00,2.0,UNEXPECTED_SHORT_GAP,UNEXPECTED
2021-09-22 22:48:00,2021-09-22 22:50:00,2.0,UNEXPECTED_SHORT_GAP,UNEXPECTED
2021-09-22 22:50:00,2021-09-22 22:53:00,3.0,UNEXPECTED_SHORT_GAP,UNEXPECTED
2021-09-22 23:06:00,2021-09-22 23:09:00,3.0,UNEXPECTED_SHORT_GAP,UNEXPECTED
2021-09-22 23:18:00,2021-09-22 23:20:00,2.0,UNEXPECTED_SHORT_GAP,UNEXPECTED
2021-09-22 23:22:00,2021-09-22 23:24:00,2.0,UNEXPECTED_SHORT_GAP,UNEXPECTED
2021-09-22 23:24:00,2021-09-22 23:26:00,2.0,UNEXPECTED_SHORT_GAP,UNEXPECTED
2021-09-22 23:27:00,2021-09-22 23:29:00,2.0,UNEXPECTED_SHORT_GAP,UNEXPECTED
2021-09-22 23:34:00,2021-09-22 23:37:00,3.0,UNEXPECTED_SHORT_GAP,UNEXPECTED
2021-09-22 23:37:00,2021-09-22 23:39:00,2.0,UNEXPECTED_SHORT_GAP,UNEXPECTED
2021-09-22 23:51:00,2021-09-22 23:53:00,2.0,UNEXPECTED_SHORT_GAP,UNEXPECTED
2021-09-22 23:53:00,2021-09-22 23:55:00,2.0,UNEXPECTED_SHORT_GAP,UNEXPECTED
2021-09-22 23:56:00,2021-09-22 23:58:00,2.0,UNEXPECTED_SHORT_GAP,UNEXPECTED
2021-09-23 00:08:00,2021-09-23 00:10:00,2.0,UNEXPECTED_SHORT_GAP,UNEXPECTED
2021-09-23 00:31:00,2021-09-23 00:33:00,2.0,UNEXPECTED_SHORT_GAP,UNEXPECTED
2021-09-23 01:57:00,2021-09-23 01:59:00,2.0,UNEXPECTED_SHORT_GAP,UNEXPECTED
2021-09-23 03:52:00,2021-09-23 03:54:00,2.0,UNEXPECTED_SHORT_GAP,UNEXPECTED
2021-09-23 03:56:00,2021-09-23 03:58:00,2.0,UNEXPECTED_SHORT_GAP,UNEXPECTED
2021-09-23 04:05:00,2021-09-23 04:07:00,2.0,UNEXPECTED_SHORT_GAP,UNEXPECTED
2021-09-23 04:16:00,2021-09-23 04:20:00,4.0,UNEXPECTED_SHORT_GAP,UNEXPECTED
2021-09-23 04:22:00,2021-09-23 04:24:00,2.0,UNEXPECTED_SHORT_GAP,UNEXPECTED
2021-09-23 04:26:00,2021-09-23 04:28:00,2.0,UNEXPECTED_SHORT_GAP,UNEXPECTED
2021-09-23 04:31:00,2021-09-23 04:33:00,2.0,UNEXPECTED_SHORT_GAP,UNEXPECTED
2021-09-23 04:41:00,2021-09-23 04:45:00,4.0,UNEXPECTED_SHORT_GAP,UNEXPECTED
2021-09-23 04:55:00,2021-09-23 04:57:00,2.0,UNEXPECTED_SHORT_GAP,UNEXPECTED
2021-09-23 19:41:00,2021-09-23 19:43:00,2.0,UNEXPECTED_SHORT_GAP,UNEXPECTED
2021-09-23 20:06:00,2021-09-23 20:08:00,2.0,UNEXPECTED_SHORT_GAP,UNEXPECTED
2021-09-23 20:14:00,2021-09-23 20:16:00,2.0,UNEXPECTED_SHORT_GAP,UNEXPECTED
2021-09-23 20:16:00,2021-09-23 20:18:00,2.0,UNEXPECTED_SHORT_GAP,UNEXPECTED
2021-09-23 20:27:00,2021-09-23 20:29:00,2.0,UNEXPECTED_SHORT_GAP,UNEXPECTED
2021-09-23 20:40:00,2021-09-23 20:42:00,2.0,UNEXPECTED_SHORT_GAP,UNEXPECTED
2021-09-23 21:01:00,2021-09-23 21:03:00,2.0,UNEXPECTED_SHORT_GAP,UNEXPECTED
2021-09-23 21:03:00,2021-09-23 21:05:00,2.0,UNEXPECTED_SHORT_GAP,UNEXPECTED
2021-09-23 21:07:00,2021-09-23 21:09:00,2.0,UNEXPECTED_SHORT_GAP,UNEXPECTED
2021-09-23 21:16:00,2021-09-23 21:18:00,2.0,UNEXPECTED_SHORT_GAP,UNEXPECTED
2021-09-23 21:22:00,2021-09-23 21:28:00,6.0,UNEXPECTED_INTRADAY_GAP,UNEXPECTED
2021-09-23 21:54:00,2021-09-23 21:56:00,2.0,UNEXPECTED_SHORT_GAP,UNEXPECTED
2021-09-23 21:56:00,2021-09-23 21:58:00,2.0,UNEXPECTED_SHORT_GAP,UNEXPECTED
2021-09-23 22:07:00,2021-09-23 22:10:00,3.0,UNEXPECTED_SHORT_GAP,UNEXPECTED
2021-09-23 22:16:00,2021-09-23 22:20:00,4.0,UNEXPECTED_SHORT_GAP,UNEXPECTED
2021-09-23 22:20:00,2021-09-23 22:23:00,3.0,UNEXPECTED_SHORT_GAP,UNEXPECTED
2021-09-23 22:25:00,2021-09-23 22:27:00,2.0,UNEXPECTED_SHORT_GAP,UNEXPECTED
2021-09-23 22:27:00,2021-09-23 22:30:00,3.0,UNEXPECTED_SHORT_GAP,UNEXPECTED
2021-09-23 22:41:00,2021-09-23 22:43:00,2.0,UNEXPECTED_SHORT_GAP,UNEXPECTED
2021-09-23 22:49:00,2021-09-23 22:51:00,2.0,UNEXPECTED_SHORT_GAP,UNEXPECTED
2021-09-23 22:51:00,2021-09-23 22:53:00,2.0,UNEXPECTED_SHORT_GAP,UNEXPECTED
2021-09-23 22:55:00,2021-09-23 22:57:00,2.0,UNEXPECTED_SHORT_GAP,UNEXPECTED
2021-09-23 23:19:00,2021-09-23 23:22:00,3.0,UNEXPECTED_SHORT_GAP,UNEXPECTED
2021-09-23 23:25:00,2021-09-23 23:27:00,2.0,UNEXPECTED_SHORT_GAP,UNEXPECTED
2021-09-23 23:31:00,2021-09-23 23:33:00,2.0,UNEXPECTED_SHORT_GAP,UNEXPECTED
2021-09-23 23:36:00,2021-09-23 23:38:00,2.0,UNEXPECTED_SHORT_GAP,UNEXPECTED
2021-09-23 23:38:00,2021-09-23 23:40:00,2.0,UNEXPECTED_SHORT_GAP,UNEXPECTED
2021-09-24 02:24:00,2021-09-24 02:27:00,3.0,UNEXPECTED_SHORT_GAP,UNEXPECTED
2021-09-24 02:55:00,2021-09-24 02:57:00,2.0,UNEXPECTED_SHORT_GAP,UNEXPECTED
2021-09-24 03:55:00,2021-09-24 03:57:00,2.0,UNEXPECTED_SHORT_GAP,UNEXPECTED
2021-09-24 04:06:00,2021-09-24 04:08:00,2.0,UNEXPECTED_SHORT_GAP,UNEXPECTED
2021-09-24 04:18:00,2021-09-24 04:20:00,2.0,UNEXPECTED_SHORT_GAP,UNEXPECTED
2021-09-24 04:42:00,2021-09-24 04:44:00,2.0,UNEXPECTED_SHORT_GAP,UNEXPECTED
2021-09-24 04:50:00,2021-09-24 04:53:00,3.0,UNEXPECTED_SHORT_GAP,UNEXPECTED
2021-09-24 04:56:00,2021-09-24 04:58:00,2.0,UNEXPECTED_SHORT_GAP,UNEXPECTED
2021-09-24 16:18:00,2021-09-24 16:20:00,2.0,UNEXPECTED_SHORT_GAP,UNEXPECTED
2021-09-24 17:42:00,2021-09-24 17:44:00,2.0,UNEXPECTED_SHORT_GAP,UNEXPECTED
2021-09-24 18:15:00,2021-09-24 18:17:00,2.0,UNEXPECTED_SHORT_GAP,UNEXPECTED
2021-09-24 18:46:00,2021-09-24 18:48:00,2.0,UNEXPECTED_SHORT_GAP,UNEXPECTED
2021-09-24 19:16:00,2021-09-24 19:18:00,2.0,UNEXPECTED_SHORT_GAP,UNEXPECTED
2021-09-24 19:23:00,2021-09-24 19:26:00,3.0,UNEXPECTED_SHORT_GAP,UNEXPECTED
2021-09-24 19:30:00,2021-09-24 19:32:00,2.0,UNEXPECTED_SHORT_GAP,UNEXPECTED
2021-09-24 19:40:00,2021-09-24 19:42:00,2.0,UNEXPECTED_SHORT_GAP,UNEXPECTED
2021-09-24 19:43:00,2021-09-24 19:45:00,2.0,UNEXPECTED_SHORT_GAP,UNEXPECTED
2021-09-24 20:15:00,2021-09-24 20:17:00,2.0,UNEXPECTED_SHORT_GAP,UNEXPECTED
2021-09-24 20:17:00,2021-09-24 20:19:00,2.0,UNEXPECTED_SHORT_GAP,UNEXPECTED
2021-09-24 20:20:00,2021-09-24 20:22:00,2.0,UNEXPECTED_SHORT_GAP,UNEXPECTED
2021-09-24 20:22:00,2021-09-24 20:25:00,3.0,UNEXPECTED_SHORT_GAP,UNEXPECTED
2021-09-24 20:27:00,2021-09-24 20:29:00,2.0,UNEXPECTED_SHORT_GAP,UNEXPECTED
2021-09-24 20:31:00,2021-09-24 20:33:00,2.0,UNEXPECTED_SHORT_GAP,UNEXPECTED
2021-09-24 20:43:00,2021-09-24 20:45:00,2.0,UNEXPECTED_SHORT_GAP,UNEXPECTED
2021-09-24 20:58:00,2021-09-26 21:00:00,2882.0,EXPECTED_WEEKEND_CLOSURE,EXPECTED
2021-09-26 21:00:00,2021-09-26 21:06:00,6.0,EXPECTED_WEEKEND_CLOSURE,EXPECTED
2021-09-26 21:06:00,2021-09-26 21:11:00,5.0,EXPECTED_WEEKEND_CLOSURE,EXPECTED
2021-09-26 21:19:00,2021-09-26 21:23:00,4.0,EXPECTED_WEEKEND_CLOSURE,EXPECTED
2021-09-26 21:23:00,2021-09-26 21:27:00,4.0,EXPECTED_WEEKEND_CLOSURE,EXPECTED
2021-09-26 21:27:00,2021-09-26 21:30:00,3.0,EXPECTED_WEEKEND_CLOSURE,EXPECTED
2021-09-26 21:32:00,2021-09-26 21:34:00,2.0,EXPECTED_WEEKEND_CLOSURE,EXPECTED
2021-09-26 22:11:00,2021-09-26 22:13:00,2.0,EXPECTED_WEEKEND_CLOSURE,EXPECTED
2021-09-26 22:22:00,2021-09-26 22:24:00,2.0,EXPECTED_WEEKEND_CLOSURE,EXPECTED
2021-09-26 22:44:00,2021-09-26 22:46:00,2.0,EXPECTED_WEEKEND_CLOSURE,EXPECTED
2021-09-26 22:51:00,2021-09-26 22:53:00,2.0,EXPECTED_WEEKEND_CLOSURE,EXPECTED
2021-09-26 22:54:00,2021-09-26 22:57:00,3.0,EXPECTED_WEEKEND_CLOSURE,EXPECTED
2021-09-26 22:57:00,2021-09-26 23:00:00,3.0,EXPECTED_WEEKEND_CLOSURE,EXPECTED
2021-09-26 23:04:00,2021-09-26 23:06:00,2.0,EXPECTED_WEEKEND_CLOSURE,EXPECTED
2021-09-26 23:07:00,2021-09-26 23:09:00,2.0,EXPECTED_WEEKEND_CLOSURE,EXPECTED
2021-09-26 23:15:00,2021-09-26 23:17:00,2.0,EXPECTED_WEEKEND_CLOSURE,EXPECTED
2021-09-26 23:24:00,2021-09-26 23:27:00,3.0,EXPECTED_WEEKEND_CLOSURE,EXPECTED
2021-09-26 23:28:00,2021-09-26 23:30:00,2.0,EXPECTED_WEEKEND_CLOSURE,EXPECTED
2021-09-26 23:31:00,2021-09-26 23:33:00,2.0,EXPECTED_WEEKEND_CLOSURE,EXPECTED
2021-09-26 23:36:00,2021-09-26 23:38:00,2.0,EXPECTED_WEEKEND_CLOSURE,EXPECTED
2021-09-26 23:49:00,2021-09-26 23:51:00,2.0,EXPECTED_WEEKEND_CLOSURE,EXPECTED
2021-09-27 00:27:00,2021-09-27 00:29:00,2.0,UNEXPECTED_SHORT_GAP,UNEXPECTED
2021-09-27 01:28:00,2021-09-27 01:30:00,2.0,UNEXPECTED_SHORT_GAP,UNEXPECTED
2021-09-27 02:13:00,2021-09-27 02:15:00,2.0,UNEXPECTED_SHORT_GAP,UNEXPECTED
2021-09-27 02:24:00,2021-09-27 02:27:00,3.0,UNEXPECTED_SHORT_GAP,UNEXPECTED
2021-09-27 02:54:00,2021-09-27 02:56:00,2.0,UNEXPECTED_SHORT_GAP,UNEXPECTED
2021-09-27 03:06:00,2021-09-27 03:08:00,2.0,UNEXPECTED_SHORT_GAP,UNEXPECTED
2021-09-27 03:13:00,2021-09-27 03:16:00,3.0,UNEXPECTED_SHORT_GAP,UNEXPECTED
2021-09-27 03:17:00,2021-09-27 03:20:00,3.0,UNEXPECTED_SHORT_GAP,UNEXPECTED
2021-09-27 03:48:00,2021-09-27 03:50:00,2.0,UNEXPECTED_SHORT_GAP,UNEXPECTED
2021-09-27 04:02:00,2021-09-27 04:06:00,4.0,UNEXPECTED_SHORT_GAP,UNEXPECTED
2021-09-27 04:19:00,2021-09-27 04:21:00,2.0,UNEXPECTED_SHORT_GAP,UNEXPECTED
2021-09-27 04:25:00,2021-09-27 04:27:00,2.0,UNEXPECTED_SHORT_GAP,UNEXPECTED
2021-09-27 04:33:00,2021-09-27 04:37:00,4.0,UNEXPECTED_SHORT_GAP,UNEXPECTED
2021-09-27 04:39:00,2021-09-27 04:43:00,4.0,UNEXPECTED_SHORT_GAP,UNEXPECTED
2021-09-27 04:46:00,2021-09-27 04:48:00,2.0,UNEXPECTED_SHORT_GAP,UNEXPECTED
2021-09-27 04:49:00,2021-09-27 04:51:00,2.0,UNEXPECTED_SHORT_GAP,UNEXPECTED
2021-09-27 04:55:00,2021-09-27 04:57:00,2.0,UNEXPECTED_SHORT_GAP,UNEXPECTED
2021-09-27 05:21:00,2021-09-27 05:23:00,2.0,UNEXPECTED_SHORT_GAP,UNEXPECTED
2021-09-27 05:24:00,2021-09-27 05:28:00,4.0,UNEXPECTED_SHORT_GAP,UNEXPECTED
2021-09-27 19:14:00,2021-09-27 19:16:00,2.0,UNEXPECTED_SHORT_GAP,UNEXPECTED
2021-09-27 20:15:00,2021-09-27 20:17:00,2.0,UNEXPECTED_SHORT_GAP,UNEXPECTED
2021-09-27 20:20:00,2021-09-27 20:22:00,2.0,UNEXPECTED_SHORT_GAP,UNEXPECTED
2021-09-27 20:24:00,2021-09-27 20:27:00,3.0,UNEXPECTED_SHORT_GAP,UNEXPECTED
2021-09-27 20:35:00,2021-09-27 20:37:00,2.0,UNEXPECTED_SHORT_GAP,UNEXPECTED
2021-09-27 20:37:00,2021-09-27 20:40:00,3.0,UNEXPECTED_SHORT_GAP,UNEXPECTED
2021-09-27 21:02:00,2021-09-27 21:04:00,2.0,UNEXPECTED_SHORT_GAP,UNEXPECTED
2021-09-27 21:12:00,2021-09-27 21:15:00,3.0,UNEXPECTED_SHORT_GAP,UNEXPECTED
2021-09-27 21:15:00,2021-09-27 21:17:00,2.0,UNEXPECTED_SHORT_GAP,UNEXPECTED
2021-09-27 21:17:00,2021-09-27 21:20:00,3.0,UNEXPECTED_SHORT_GAP,UNEXPECTED
2021-09-27 22:06:00,2021-09-27 22:08:00,2.0,UNEXPECTED_SHORT_GAP,UNEXPECTED
2021-09-27 22:18:00,2021-09-27 22:24:00,6.0,UNEXPECTED_INTRADAY_GAP,UNEXPECTED
2021-09-27 22:25:00,2021-09-27 22:27:00,2.0,UNEXPECTED_SHORT_GAP,UNEXPECTED
2021-09-27 22:32:00,2021-09-27 22:34:00,2.0,UNEXPECTED_SHORT_GAP,UNEXPECTED
2021-09-27 22:35:00,2021-09-27 22:37:00,2.0,UNEXPECTED_SHORT_GAP,UNEXPECTED
2021-09-27 22:39:00,2021-09-27 22:44:00,5.0,UNEXPECTED_SHORT_GAP,UNEXPECTED
2021-09-27 22:45:00,2021-09-27 22:47:00,2.0,UNEXPECTED_SHORT_GAP,UNEXPECTED
2021-09-27 22:49:00,2021-09-27 22:51:00,2.0,UNEXPECTED_SHORT_GAP,UNEXPECTED
2021-09-27 22:52:00,2021-09-27 22:55:00,3.0,UNEXPECTED_SHORT_GAP,UNEXPECTED
2021-09-27 22:55:00,2021-09-27 22:57:00,2.0,UNEXPECTED_SHORT_GAP,UNEXPECTED
2021-09-27 22:57:00,2021-09-27 22:59:00,2.0,UNEXPECTED_SHORT_GAP,UNEXPECTED
2021-09-27 23:01:00,2021-09-27 23:04:00,3.0,UNEXPECTED_SHORT_GAP,UNEXPECTED
2021-09-27 23:16:00,2021-09-27 23:18:00,2.0,UNEXPECTED_SHORT_GAP,UNEXPECTED
2021-09-27 23:18:00,2021-09-27 23:20:00,2.0,UNEXPECTED_SHORT_GAP,UNEXPECTED
2021-09-27 23:20:00,2021-09-27 23:26:00,6.0,UNEXPECTED_INTRADAY_GAP,UNEXPECTED
2021-09-27 23:33:00,2021-09-27 23:36:00,3.0,UNEXPECTED_SHORT_GAP,UNEXPECTED
2021-09-27 23:40:00,2021-09-27 23:43:00,3.0,UNEXPECTED_SHORT_GAP,UNEXPECTED
2021-09-27 23:45:00,2021-09-27 23:47:00,2.0,UNEXPECTED_SHORT_GAP,UNEXPECTED
2021-09-27 23:49:00,2021-09-27 23:51:00,2.0,UNEXPECTED_SHORT_GAP,UNEXPECTED
2021-09-28 00:07:00,2021-09-28 00:09:00,2.0,UNEXPECTED_SHORT_GAP,UNEXPECTED
2021-09-28 01:22:00,2021-09-28 01:25:00,3.0,UNEXPECTED_SHORT_GAP,UNEXPECTED
2021-09-28 01:51:00,2021-09-28 01:53:00,2.0,UNEXPECTED_SHORT_GAP,UNEXPECTED
2021-09-28 02:23:00,2021-09-28 02:25:00,2.0,UNEXPECTED_SHORT_GAP,UNEXPECTED
2021-09-28 02:53:00,2021-09-28 02:55:00,2.0,UNEXPECTED_SHORT_GAP,UNEXPECTED
2021-09-28 03:08:00,2021-09-28 03:10:00,2.0,UNEXPECTED_SHORT_GAP,UNEXPECTED
2021-09-28 03:22:00,2021-09-28 03:24:00,2.0,UNEXPECTED_SHORT_GAP,UNEXPECTED
2021-09-28 03:24:00,2021-09-28 03:26:00,2.0,UNEXPECTED_SHORT_GAP,UNEXPECTED
2021-09-28 04:02:00,2021-09-28 04:04:00,2.0,UNEXPECTED_SHORT_GAP,UNEXPECTED
2021-09-28 04:11:00,2021-09-28 04:14:00,3.0,UNEXPECTED_SHORT_GAP,UNEXPECTED
2021-09-28 04:19:00,2021-09-28 04:22:00,3.0,UNEXPECTED_SHORT_GAP,UNEXPECTED
2021-09-28 04:22:00,2021-09-28 04:24:00,2.0,UNEXPECTED_SHORT_GAP,UNEXPECTED
2021-09-28 04:33:00,2021-09-28 04:36:00,3.0,UNEXPECTED_SHORT_GAP,UNEXPECTED
2021-09-28 05:21:00,2021-09-28 05:23:00,2.0,UNEXPECTED_SHORT_GAP,UNEXPECTED
2021-09-28 05:40:00,2021-09-28 05:42:00,2.0,UNEXPECTED_SHORT_GAP,UNEXPECTED
2021-09-28 05:51:00,2021-09-28 05:53:00,2.0,UNEXPECTED_SHORT_GAP,UNEXPECTED
2021-09-28 20:32:00,2021-09-28 20:34:00,2.0,UNEXPECTED_SHORT_GAP,UNEXPECTED
2021-09-28 21:02:00,2021-09-28 21:05:00,3.0,UNEXPECTED_SHORT_GAP,UNEXPECTED
2021-09-28 21:06:00,2021-09-28 21:08:00,2.0,UNEXPECTED_SHORT_GAP,UNEXPECTED
2021-09-28 21:12:00,2021-09-28 21:16:00,4.0,UNEXPECTED_SHORT_GAP,UNEXPECTED
2021-09-28 21:57:00,2021-09-28 21:59:00,2.0,UNEXPECTED_SHORT_GAP,UNEXPECTED
2021-09-28 22:13:00,2021-09-28 22:15:00,2.0,UNEXPECTED_SHORT_GAP,UNEXPECTED
2021-09-28 22:15:00,2021-09-28 22:18:00,3.0,UNEXPECTED_SHORT_GAP,UNEXPECTED
2021-09-28 22:18:00,2021-09-28 22:20:00,2.0,UNEXPECTED_SHORT_GAP,UNEXPECTED
2021-09-28 22:22:00,2021-09-28 22:24:00,2.0,UNEXPECTED_SHORT_GAP,UNEXPECTED
2021-09-28 22:26:00,2021-09-28 22:28:00,2.0,UNEXPECTED_SHORT_GAP,UNEXPECTED
2021-09-28 22:31:00,2021-09-28 22:33:00,2.0,UNEXPECTED_SHORT_GAP,UNEXPECTED
2021-09-28 22:35:00,2021-09-28 22:37:00,2.0,UNEXPECTED_SHORT_GAP,UNEXPECTED
2021-09-28 22:37:00,2021-09-28 22:40:00,3.0,UNEXPECTED_SHORT_GAP,UNEXPECTED
2021-09-28 22:44:00,2021-09-28 22:47:00,3.0,UNEXPECTED_SHORT_GAP,UNEXPECTED
2021-09-28 22:52:00,2021-09-28 22:54:00,2.0,UNEXPECTED_SHORT_GAP,UNEXPECTED
2021-09-28 22:56:00,2021-09-28 22:58:00,2.0,UNEXPECTED_SHORT_GAP,UNEXPECTED
2021-09-28 23:06:00,2021-09-28 23:09:00,3.0,UNEXPECTED_SHORT_GAP,UNEXPECTED
2021-09-28 23:10:00,2021-09-28 23:12:00,2.0,UNEXPECTED_SHORT_GAP,UNEXPECTED
2021-09-28 23:14:00,2021-09-28 23:17:00,3.0,UNEXPECTED_SHORT_GAP,UNEXPECTED
2021-09-28 23:37:00,2021-09-28 23:39:00,2.0,UNEXPECTED_SHORT_GAP,UNEXPECTED
2021-09-28 23:39:00,2021-09-28 23:41:00,2.0,UNEXPECTED_SHORT_GAP,UNEXPECTED
2021-09-28 23:41:00,2021-09-28 23:43:00,2.0,UNEXPECTED_SHORT_GAP,UNEXPECTED
2021-09-29 03:02:00,2021-09-29 03:04:00,2.0,UNEXPECTED_SHORT_GAP,UNEXPECTED
2021-09-29 04:34:00,2021-09-29 04:36:00,2.0,UNEXPECTED_SHORT_GAP,UNEXPECTED
2021-09-29 04:48:00,2021-09-29 04:50:00,2.0,UNEXPECTED_SHORT_GAP,UNEXPECTED
2021-09-29 04:54:00,2021-09-29 04:56:00,2.0,UNEXPECTED_SHORT_GAP,UNEXPECTED
2021-09-29 19:14:00,2021-09-29 19:16:00,2.0,UNEXPECTED_SHORT_GAP,UNEXPECTED
2021-09-29 19:39:00,2021-09-29 19:41:00,2.0,UNEXPECTED_SHORT_GAP,UNEXPECTED
2021-09-29 20:16:00,2021-09-29 20:18:00,2.0,UNEXPECTED_SHORT_GAP,UNEXPECTED
2021-09-29 20:22:00,2021-09-29 20:24:00,2.0,UNEXPECTED_SHORT_GAP,UNEXPECTED
2021-09-29 20:24:00,2021-09-29 20:27:00,3.0,UNEXPECTED_SHORT_GAP,UNEXPECTED
2021-09-29 20:31:00,2021-09-29 20:34:00,3.0,UNEXPECTED_SHORT_GAP,UNEXPECTED
2021-09-29 20:36:00,2021-09-29 20:38:00,2.0,UNEXPECTED_SHORT_GAP,UNEXPECTED
2021-09-29 20:38:00,2021-09-29 20:41:00,3.0,UNEXPECTED_SHORT_GAP,UNEXPECTED
2021-09-29 21:03:00,2021-09-29 21:05:00,2.0,UNEXPECTED_SHORT_GAP,UNEXPECTED
2021-09-29 21:05:00,2021-09-29 21:07:00,2.0,UNEXPECTED_SHORT_GAP,UNEXPECTED
2021-09-29 21:08:00,2021-09-29 21:10:00,2.0,UNEXPECTED_SHORT_GAP,UNEXPECTED
2021-09-29 21:10:00,2021-09-29 21:12:00,2.0,UNEXPECTED_SHORT_GAP,UNEXPECTED
2021-09-29 21:24:00,2021-09-29 21:27:00,3.0,UNEXPECTED_SHORT_GAP,UNEXPECTED
2021-09-29 21:27:00,2021-09-29 21:30:00,3.0,UNEXPECTED_SHORT_GAP,UNEXPECTED
2021-09-29 21:32:00,2021-09-29 21:35:00,3.0,UNEXPECTED_SHORT_GAP,UNEXPECTED
2021-09-29 21:40:00,2021-09-29 21:42:00,2.0,UNEXPECTED_SHORT_GAP,UNEXPECTED
2021-09-29 21:53:00,2021-09-29 21:55:00,2.0,UNEXPECTED_SHORT_GAP,UNEXPECTED
2021-09-29 22:12:00,2021-09-29 22:14:00,2.0,UNEXPECTED_SHORT_GAP,UNEXPECTED
2021-09-29 22:16:00,2021-09-29 22:18:00,2.0,UNEXPECTED_SHORT_GAP,UNEXPECTED
2021-09-29 22:19:00,2021-09-29 22:22:00,3.0,UNEXPECTED_SHORT_GAP,UNEXPECTED
2021-09-29 22:22:00,2021-09-29 22:24:00,2.0,UNEXPECTED_SHORT_GAP,UNEXPECTED
2021-09-29 22:37:00,2021-09-29 22:39:00,2.0,UNEXPECTED_SHORT_GAP,UNEXPECTED
2021-09-29 22:41:00,2021-09-29 22:43:00,2.0,UNEXPECTED_SHORT_GAP,UNEXPECTED
2021-09-29 22:44:00,2021-09-29 22:46:00,2.0,UNEXPECTED_SHORT_GAP,UNEXPECTED
2021-09-29 22:49:00,2021-09-29 22:52:00,3.0,UNEXPECTED_SHORT_GAP,UNEXPECTED
2021-09-29 22:52:00,2021-09-29 22:54:00,2.0,UNEXPECTED_SHORT_GAP,UNEXPECTED
2021-09-29 23:06:00,2021-09-29 23:08:00,2.0,UNEXPECTED_SHORT_GAP,UNEXPECTED
2021-09-29 23:12:00,2021-09-29 23:14:00,2.0,UNEXPECTED_SHORT_GAP,UNEXPECTED
2021-09-29 23:15:00,2021-09-29 23:18:00,3.0,UNEXPECTED_SHORT_GAP,UNEXPECTED
2021-09-29 23:21:00,2021-09-29 23:24:00,3.0,UNEXPECTED_SHORT_GAP,UNEXPECTED
2021-09-29 23:33:00,2021-09-29 23:35:00,2.0,UNEXPECTED_SHORT_GAP,UNEXPECTED
2021-09-29 23:35:00,2021-09-29 23:37:00,2.0,UNEXPECTED_SHORT_GAP,UNEXPECTED
2021-09-29 23:37:00,2021-09-29 23:39:00,2.0,UNEXPECTED_SHORT_GAP,UNEXPECTED
2021-09-29 23:47:00,2021-09-29 23:49:00,2.0,UNEXPECTED_SHORT_GAP,UNEXPECTED
2021-09-30 01:57:00,2021-09-30 01:59:00,2.0,UNEXPECTED_SHORT_GAP,UNEXPECTED
2021-09-30 02:44:00,2021-09-30 02:46:00,2.0,UNEXPECTED_SHORT_GAP,UNEXPECTED
2021-09-30 03:01:00,2021-09-30 03:03:00,2.0,UNEXPECTED_SHORT_GAP,UNEXPECTED
2021-09-30 03:06:00,2021-09-30 03:08:00,2.0,UNEXPECTED_SHORT_GAP,UNEXPECTED
2021-09-30 04:31:00,2021-09-30 04:33:00,2.0,UNEXPECTED_SHORT_GAP,UNEXPECTED
2021-09-30 04:43:00,2021-09-30 04:45:00,2.0,UNEXPECTED_SHORT_GAP,UNEXPECTED
2021-09-30 04:45:00,2021-09-30 04:47:00,2.0,UNEXPECTED_SHORT_GAP,UNEXPECTED
2021-09-30 04:48:00,2021-09-30 04:51:00,3.0,UNEXPECTED_SHORT_GAP,UNEXPECTED
2021-09-30 20:12:00,2021-09-30 20:14:00,2.0,UNEXPECTED_SHORT_GAP,UNEXPECTED
2021-09-30 20:16:00,2021-09-30 20:18:00,2.0,UNEXPECTED_SHORT_GAP,UNEXPECTED
2021-09-30 20:23:00,2021-09-30 20:25:00,2.0,UNEXPECTED_SHORT_GAP,UNEXPECTED
2021-09-30 20:39:00,2021-09-30 20:41:00,2.0,UNEXPECTED_SHORT_GAP,UNEXPECTED
2021-09-30 21:01:00,2021-09-30 21:05:00,4.0,UNEXPECTED_SHORT_GAP,UNEXPECTED
2021-09-30 21:07:00,2021-09-30 21:09:00,2.0,UNEXPECTED_SHORT_GAP,UNEXPECTED
2021-09-30 22:09:00,2021-09-30 22:12:00,3.0,UNEXPECTED_SHORT_GAP,UNEXPECTED
2021-09-30 22:13:00,2021-09-30 22:15:00,2.0,UNEXPECTED_SHORT_GAP,UNEXPECTED
2021-09-30 22:20:00,2021-09-30 22:23:00,3.0,UNEXPECTED_SHORT_GAP,UNEXPECTED
2021-09-30 22:25:00,2021-09-30 22:28:00,3.0,UNEXPECTED_SHORT_GAP,UNEXPECTED
2021-09-30 22:36:00,2021-09-30 22:38:00,2.0,UNEXPECTED_SHORT_GAP,UNEXPECTED
2021-09-30 22:41:00,2021-09-30 22:43:00,2.0,UNEXPECTED_SHORT_GAP,UNEXPECTED
2021-09-30 22:51:00,2021-09-30 22:53:00,2.0,UNEXPECTED_SHORT_GAP,UNEXPECTED
2021-09-30 22:54:00,2021-09-30 22:57:00,3.0,UNEXPECTED_SHORT_GAP,UNEXPECTED
2021-09-30 23:01:00,2021-09-30 23:04:00,3.0,UNEXPECTED_SHORT_GAP,UNEXPECTED
2021-09-30 23:10:00,2021-09-30 23:13:00,3.0,UNEXPECTED_SHORT_GAP,UNEXPECTED
2021-09-30 23:24:00,2021-09-30 23:27:00,3.0,UNEXPECTED_SHORT_GAP,UNEXPECTED
2021-09-30 23:41:00,2021-09-30 23:43:00,2.0,UNEXPECTED_SHORT_GAP,UNEXPECTED
2021-09-30 23:43:00,2021-09-30 23:45:00,2.0,UNEXPECTED_SHORT_GAP,UNEXPECTED
2021-10-01 03:05:00,2021-10-01 03:07:00,2.0,UNEXPECTED_SHORT_GAP,UNEXPECTED
2021-10-01 04:36:00,2021-10-01 04:38:00,2.0,UNEXPECTED_SHORT_GAP,UNEXPECTED
2021-10-01 19:35:00,2021-10-01 19:37:00,2.0,UNEXPECTED_SHORT_GAP,UNEXPECTED
2021-10-01 19:43:00,2021-10-01 19:46:00,3.0,UNEXPECTED_SHORT_GAP,UNEXPECTED
2021-10-01 20:15:00,2021-10-01 20:17:00,2.0,UNEXPECTED_SHORT_GAP,UNEXPECTED
2021-10-01 20:23:00,2021-10-01 20:25:00,2.0,UNEXPECTED_SHORT_GAP,UNEXPECTED
2021-10-01 20:27:00,2021-10-01 20:29:00,2.0,UNEXPECTED_SHORT_GAP,UNEXPECTED
2021-10-01 20:34:00,2021-10-01 20:36:00,2.0,UNEXPECTED_SHORT_GAP,UNEXPECTED
2021-10-01 20:58:00,2021-10-03 21:00:00,2882.0,EXPECTED_WEEKEND_CLOSURE,EXPECTED
2021-10-03 21:00:00,2021-10-03 21:06:00,6.0,EXPECTED_WEEKEND_CLOSURE,EXPECTED
2021-10-03 21:07:00,2021-10-03 21:10:00,3.0,EXPECTED_WEEKEND_CLOSURE,EXPECTED
2021-10-03 21:19:00,2021-10-03 21:21:00,2.0,EXPECTED_WEEKEND_CLOSURE,EXPECTED
2021-10-03 21:25:00,2021-10-03 21:29:00,4.0,EXPECTED_WEEKEND_CLOSURE,EXPECTED
2021-10-03 21:31:00,2021-10-03 21:35:00,4.0,EXPECTED_WEEKEND_CLOSURE,EXPECTED
2021-10-03 21:37:00,2021-10-03 21:39:00,2.0,EXPECTED_WEEKEND_CLOSURE,EXPECTED
2021-10-03 21:41:00,2021-10-03 21:44:00,3.0,EXPECTED_WEEKEND_CLOSURE,EXPECTED
2021-10-03 21:45:00,2021-10-03 21:47:00,2.0,EXPECTED_WEEKEND_CLOSURE,EXPECTED
2021-10-03 21:47:00,2021-10-03 21:53:00,6.0,EXPECTED_WEEKEND_CLOSURE,EXPECTED
2021-10-03 21:56:00,2021-10-03 21:58:00,2.0,EXPECTED_WEEKEND_CLOSURE,EXPECTED
2021-10-03 22:43:00,2021-10-03 22:45:00,2.0,EXPECTED_WEEKEND_CLOSURE,EXPECTED
2021-10-03 23:03:00,2021-10-03 23:05:00,2.0,EXPECTED_WEEKEND_CLOSURE,EXPECTED
2021-10-03 23:14:00,2021-10-03 23:16:00,2.0,EXPECTED_WEEKEND_CLOSURE,EXPECTED
2021-10-03 23:19:00,2021-10-03 23:23:00,4.0,EXPECTED_WEEKEND_CLOSURE,EXPECTED
2021-10-03 23:31:00,2021-10-03 23:33:00,2.0,EXPECTED_WEEKEND_CLOSURE,EXPECTED
2021-10-03 23:57:00,2021-10-03 23:59:00,2.0,EXPECTED_WEEKEND_CLOSURE,EXPECTED
2021-10-04 00:28:00,2021-10-04 00:30:00,2.0,UNEXPECTED_SHORT_GAP,UNEXPECTED
2021-10-04 00:30:00,2021-10-04 00:32:00,2.0,UNEXPECTED_SHORT_GAP,UNEXPECTED
2021-10-04 03:16:00,2021-10-04 03:18:00,2.0,UNEXPECTED_SHORT_GAP,UNEXPECTED
2021-10-04 03:35:00,2021-10-04 03:37:00,2.0,UNEXPECTED_SHORT_GAP,UNEXPECTED
2021-10-04 03:39:00,2021-10-04 03:41:00,2.0,UNEXPECTED_SHORT_GAP,UNEXPECTED
2021-10-04 04:22:00,2021-10-04 04:24:00,2.0,UNEXPECTED_SHORT_GAP,UNEXPECTED
2021-10-04 04:55:00,2021-10-04 04:58:00,3.0,UNEXPECTED_SHORT_GAP,UNEXPECTED
2021-10-04 05:22:00,2021-10-04 05:24:00,2.0,UNEXPECTED_SHORT_GAP,UNEXPECTED
2021-10-04 05:25:00,2021-10-04 05:27:00,2.0,UNEXPECTED_SHORT_GAP,UNEXPECTED
2021-10-04 05:27:00,2021-10-04 05:29:00,2.0,UNEXPECTED_SHORT_GAP,UNEXPECTED
2021-10-04 20:00:00,2021-10-04 20:02:00,2.0,UNEXPECTED_SHORT_GAP,UNEXPECTED
2021-10-04 20:07:00,2021-10-04 20:09:00,2.0,UNEXPECTED_SHORT_GAP,UNEXPECTED
2021-10-04 20:20:00,2021-10-04 20:22:00,2.0,UNEXPECTED_SHORT_GAP,UNEXPECTED
2021-10-04 20:22:00,2021-10-04 20:24:00,2.0,UNEXPECTED_SHORT_GAP,UNEXPECTED
2021-10-04 20:35:00,2021-10-04 20:37:00,2.0,UNEXPECTED_SHORT_GAP,UNEXPECTED
2021-10-04 20:40:00,2021-10-04 20:42:00,2.0,UNEXPECTED_SHORT_GAP,UNEXPECTED
2021-10-04 20:45:00,2021-10-04 20:47:00,2.0,UNEXPECTED_SHORT_GAP,UNEXPECTED
2021-10-04 20:47:00,2021-10-04 20:49:00,2.0,UNEXPECTED_SHORT_GAP,UNEXPECTED
2021-10-04 21:01:00,2021-10-04 21:03:00,2.0,UNEXPECTED_SHORT_GAP,UNEXPECTED
2021-10-04 21:06:00,2021-10-04 21:08:00,2.0,UNEXPECTED_SHORT_GAP,UNEXPECTED
2021-10-04 21:22:00,2021-10-04 21:25:00,3.0,UNEXPECTED_SHORT_GAP,UNEXPECTED
2021-10-04 21:32:00,2021-10-04 21:34:00,2.0,UNEXPECTED_SHORT_GAP,UNEXPECTED
2021-10-04 22:17:00,2021-10-04 22:19:00,2.0,UNEXPECTED_SHORT_GAP,UNEXPECTED
2021-10-04 22:20:00,2021-10-04 22:23:00,3.0,UNEXPECTED_SHORT_GAP,UNEXPECTED
2021-10-04 22:38:00,2021-10-04 22:40:00,2.0,UNEXPECTED_SHORT_GAP,UNEXPECTED
2021-10-04 22:44:00,2021-10-04 22:49:00,5.0,UNEXPECTED_SHORT_GAP,UNEXPECTED
2021-10-04 22:52:00,2021-10-04 22:55:00,3.0,UNEXPECTED_SHORT_GAP,UNEXPECTED
2021-10-04 22:55:00,2021-10-04 22:57:00,2.0,UNEXPECTED_SHORT_GAP,UNEXPECTED
2021-10-04 23:08:00,2021-10-04 23:11:00,3.0,UNEXPECTED_SHORT_GAP,UNEXPECTED
2021-10-04 23:50:00,2021-10-04 23:53:00,3.0,UNEXPECTED_SHORT_GAP,UNEXPECTED
2021-10-04 23:53:00,2021-10-04 23:55:00,2.0,UNEXPECTED_SHORT_GAP,UNEXPECTED
2021-10-05 02:26:00,2021-10-05 02:28:00,2.0,UNEXPECTED_SHORT_GAP,UNEXPECTED
2021-10-05 02:40:00,2021-10-05 02:42:00,2.0,UNEXPECTED_SHORT_GAP,UNEXPECTED
2021-10-05 03:18:00,2021-10-05 03:20:00,2.0,UNEXPECTED_SHORT_GAP,UNEXPECTED
2021-10-05 04:03:00,2021-10-05 04:05:00,2.0,UNEXPECTED_SHORT_GAP,UNEXPECTED
2021-10-05 04:11:00,2021-10-05 04:13:00,2.0,UNEXPECTED_SHORT_GAP,UNEXPECTED
2021-10-05 04:16:00,2021-10-05 04:18:00,2.0,UNEXPECTED_SHORT_GAP,UNEXPECTED
2021-10-05 04:19:00,2021-10-05 04:21:00,2.0,UNEXPECTED_SHORT_GAP,UNEXPECTED
2021-10-05 04:40:00,2021-10-05 04:42:00,2.0,UNEXPECTED_SHORT_GAP,UNEXPECTED
2021-10-05 04:52:00,2021-10-05 04:54:00,2.0,UNEXPECTED_SHORT_GAP,UNEXPECTED
2021-10-05 04:54:00,2021-10-05 04:56:00,2.0,UNEXPECTED_SHORT_GAP,UNEXPECTED
2021-10-05 09:46:00,2021-10-05 09:48:00,2.0,UNEXPECTED_SHORT_GAP,UNEXPECTED
2021-10-05 20:06:00,2021-10-05 20:08:00,2.0,UNEXPECTED_SHORT_GAP,UNEXPECTED
2021-10-05 20:15:00,2021-10-05 20:17:00,2.0,UNEXPECTED_SHORT_GAP,UNEXPECTED
2021-10-05 20:17:00,2021-10-05 20:19:00,2.0,UNEXPECTED_SHORT_GAP,UNEXPECTED
2021-10-05 20:25:00,2021-10-05 20:27:00,2.0,UNEXPECTED_SHORT_GAP,UNEXPECTED
2021-10-05 20:27:00,2021-10-05 20:29:00,2.0,UNEXPECTED_SHORT_GAP,UNEXPECTED
2021-10-05 20:46:00,2021-10-05 20:48:00,2.0,UNEXPECTED_SHORT_GAP,UNEXPECTED
2021-10-05 20:57:00,2021-10-05 20:59:00,2.0,UNEXPECTED_SHORT_GAP,UNEXPECTED
2021-10-05 21:03:00,2021-10-05 21:05:00,2.0,UNEXPECTED_SHORT_GAP,UNEXPECTED
2021-10-05 21:06:00,2021-10-05 21:08:00,2.0,UNEXPECTED_SHORT_GAP,UNEXPECTED
2021-10-05 21:23:00,2021-10-05 21:25:00,2.0,UNEXPECTED_SHORT_GAP,UNEXPECTED
2021-10-05 21:33:00,2021-10-05 21:35:00,2.0,UNEXPECTED_SHORT_GAP,UNEXPECTED
2021-10-05 21:38:00,2021-10-05 21:40:00,2.0,UNEXPECTED_SHORT_GAP,UNEXPECTED
2021-10-05 21:43:00,2021-10-05 21:45:00,2.0,UNEXPECTED_SHORT_GAP,UNEXPECTED
2021-10-05 22:06:00,2021-10-05 22:09:00,3.0,UNEXPECTED_SHORT_GAP,UNEXPECTED
2021-10-05 22:09:00,2021-10-05 22:11:00,2.0,UNEXPECTED_SHORT_GAP,UNEXPECTED
2021-10-05 22:11:00,2021-10-05 22:14:00,3.0,UNEXPECTED_SHORT_GAP,UNEXPECTED
2021-10-05 22:23:00,2021-10-05 22:25:00,2.0,UNEXPECTED_SHORT_GAP,UNEXPECTED
2021-10-05 22:26:00,2021-10-05 22:28:00,2.0,UNEXPECTED_SHORT_GAP,UNEXPECTED
2021-10-05 22:39:00,2021-10-05 22:41:00,2.0,UNEXPECTED_SHORT_GAP,UNEXPECTED
2021-10-05 22:41:00,2021-10-05 22:46:00,5.0,UNEXPECTED_SHORT_GAP,UNEXPECTED
2021-10-05 22:50:00,2021-10-05 22:52:00,2.0,UNEXPECTED_SHORT_GAP,UNEXPECTED
2021-10-05 22:52:00,2021-10-05 22:54:00,2.0,UNEXPECTED_SHORT_GAP,UNEXPECTED
2021-10-05 23:02:00,2021-10-05 23:04:00,2.0,UNEXPECTED_SHORT_GAP,UNEXPECTED
2021-10-05 23:09:00,2021-10-05 23:11:00,2.0,UNEXPECTED_SHORT_GAP,UNEXPECTED
2021-10-05 23:15:00,2021-10-05 23:17:00,2.0,UNEXPECTED_SHORT_GAP,UNEXPECTED
2021-10-05 23:18:00,2021-10-05 23:21:00,3.0,UNEXPECTED_SHORT_GAP,UNEXPECTED
2021-10-05 23:21:00,2021-10-05 23:23:00,2.0,UNEXPECTED_SHORT_GAP,UNEXPECTED
2021-10-05 23:26:00,2021-10-05 23:28:00,2.0,UNEXPECTED_SHORT_GAP,UNEXPECTED
2021-10-05 23:28:00,2021-10-05 23:31:00,3.0,UNEXPECTED_SHORT_GAP,UNEXPECTED
2021-10-05 23:31:00,2021-10-05 23:33:00,2.0,UNEXPECTED_SHORT_GAP,UNEXPECTED
2021-10-05 23:33:00,2021-10-05 23:36:00,3.0,UNEXPECTED_SHORT_GAP,UNEXPECTED
2021-10-05 23:37:00,2021-10-05 23:39:00,2.0,UNEXPECTED_SHORT_GAP,UNEXPECTED
2021-10-05 23:40:00,2021-10-05 23:44:00,4.0,UNEXPECTED_SHORT_GAP,UNEXPECTED
2021-10-05 23:44:00,2021-10-05 23:46:00,2.0,UNEXPECTED_SHORT_GAP,UNEXPECTED
2021-10-05 23:46:00,2021-10-05 23:49:00,3.0,UNEXPECTED_SHORT_GAP,UNEXPECTED
2021-10-06 00:37:00,2021-10-06 00:39:00,2.0,UNEXPECTED_SHORT_GAP,UNEXPECTED
2021-10-06 00:50:00,2021-10-06 00:52:00,2.0,UNEXPECTED_SHORT_GAP,UNEXPECTED
2021-10-06 02:12:00,2021-10-06 02:14:00,2.0,UNEXPECTED_SHORT_GAP,UNEXPECTED
2021-10-06 02:14:00,2021-10-06 02:16:00,2.0,UNEXPECTED_SHORT_GAP,UNEXPECTED
2021-10-06 02:32:00,2021-10-06 02:34:00,2.0,UNEXPECTED_SHORT_GAP,UNEXPECTED
2021-10-06 02:37:00,2021-10-06 02:39:00,2.0,UNEXPECTED_SHORT_GAP,UNEXPECTED
2021-10-06 03:02:00,2021-10-06 03:04:00,2.0,UNEXPECTED_SHORT_GAP,UNEXPECTED
2021-10-06 03:09:00,2021-10-06 03:11:00,2.0,UNEXPECTED_SHORT_GAP,UNEXPECTED
2021-10-06 03:12:00,2021-10-06 03:15:00,3.0,UNEXPECTED_SHORT_GAP,UNEXPECTED
2021-10-06 03:35:00,2021-10-06 03:37:00,2.0,UNEXPECTED_SHORT_GAP,UNEXPECTED
2021-10-06 03:46:00,2021-10-06 03:48:00,2.0,UNEXPECTED_SHORT_GAP,UNEXPECTED
2021-10-06 04:01:00,2021-10-06 04:03:00,2.0,UNEXPECTED_SHORT_GAP,UNEXPECTED
2021-10-06 04:04:00,2021-10-06 04:06:00,2.0,UNEXPECTED_SHORT_GAP,UNEXPECTED
2021-10-06 04:09:00,2021-10-06 04:12:00,3.0,UNEXPECTED_SHORT_GAP,UNEXPECTED
2021-10-06 04:28:00,2021-10-06 04:30:00,2.0,UNEXPECTED_SHORT_GAP,UNEXPECTED
2021-10-06 04:56:00,2021-10-06 04:58:00,2.0,UNEXPECTED_SHORT_GAP,UNEXPECTED
2021-10-06 05:12:00,2021-10-06 05:14:00,2.0,UNEXPECTED_SHORT_GAP,UNEXPECTED
2021-10-06 20:08:00,2021-10-06 20:10:00,2.0,UNEXPECTED_SHORT_GAP,UNEXPECTED
2021-10-06 20:14:00,2021-10-06 20:16:00,2.0,UNEXPECTED_SHORT_GAP,UNEXPECTED
2021-10-06 20:17:00,2021-10-06 20:19:00,2.0,UNEXPECTED_SHORT_GAP,UNEXPECTED
2021-10-06 20:35:00,2021-10-06 20:37:00,2.0,UNEXPECTED_SHORT_GAP,UNEXPECTED
2021-10-06 20:41:00,2021-10-06 20:44:00,3.0,UNEXPECTED_SHORT_GAP,UNEXPECTED
2021-10-06 21:02:00,2021-10-06 21:05:00,3.0,UNEXPECTED_SHORT_GAP,UNEXPECTED
2021-10-06 21:37:00,2021-10-06 21:39:00,2.0,UNEXPECTED_SHORT_GAP,UNEXPECTED
2021-10-06 21:39:00,2021-10-06 21:41:00,2.0,UNEXPECTED_SHORT_GAP,UNEXPECTED
2021-10-06 21:41:00,2021-10-06 21:43:00,2.0,UNEXPECTED_SHORT_GAP,UNEXPECTED
2021-10-06 21:44:00,2021-10-06 21:46:00,2.0,UNEXPECTED_SHORT_GAP,UNEXPECTED
2021-10-06 21:47:00,2021-10-06 21:49:00,2.0,UNEXPECTED_SHORT_GAP,UNEXPECTED
2021-10-06 21:50:00,2021-10-06 21:52:00,2.0,UNEXPECTED_SHORT_GAP,UNEXPECTED
2021-10-06 21:52:00,2021-10-06 21:55:00,3.0,UNEXPECTED_SHORT_GAP,UNEXPECTED
2021-10-06 21:55:00,2021-10-06 21:57:00,2.0,UNEXPECTED_SHORT_GAP,UNEXPECTED
2021-10-06 22:02:00,2021-10-06 22:05:00,3.0,UNEXPECTED_SHORT_GAP,UNEXPECTED
2021-10-06 22:07:00,2021-10-06 22:16:00,9.0,UNEXPECTED_INTRADAY_GAP,UNEXPECTED
2021-10-06 22:16:00,2021-10-06 22:18:00,2.0,UNEXPECTED_SHORT_GAP,UNEXPECTED
2021-10-06 22:24:00,2021-10-06 22:29:00,5.0,UNEXPECTED_SHORT_GAP,UNEXPECTED
2021-10-06 22:32:00,2021-10-06 22:38:00,6.0,UNEXPECTED_INTRADAY_GAP,UNEXPECTED
2021-10-06 22:40:00,2021-10-06 22:44:00,4.0,UNEXPECTED_SHORT_GAP,UNEXPECTED
2021-10-06 22:44:00,2021-10-06 22:48:00,4.0,UNEXPECTED_SHORT_GAP,UNEXPECTED
2021-10-06 22:49:00,2021-10-06 22:53:00,4.0,UNEXPECTED_SHORT_GAP,UNEXPECTED
2021-10-06 22:55:00,2021-10-06 22:57:00,2.0,UNEXPECTED_SHORT_GAP,UNEXPECTED
2021-10-06 23:02:00,2021-10-06 23:06:00,4.0,UNEXPECTED_SHORT_GAP,UNEXPECTED
2021-10-06 23:07:00,2021-10-06 23:09:00,2.0,UNEXPECTED_SHORT_GAP,UNEXPECTED
2021-10-06 23:09:00,2021-10-06 23:13:00,4.0,UNEXPECTED_SHORT_GAP,UNEXPECTED
2021-10-06 23:15:00,2021-10-06 23:17:00,2.0,UNEXPECTED_SHORT_GAP,UNEXPECTED
2021-10-06 23:19:00,2021-10-06 23:21:00,2.0,UNEXPECTED_SHORT_GAP,UNEXPECTED
2021-10-06 23:21:00,2021-10-06 23:23:00,2.0,UNEXPECTED_SHORT_GAP,UNEXPECTED
2021-10-06 23:24:00,2021-10-06 23:27:00,3.0,UNEXPECTED_SHORT_GAP,UNEXPECTED
2021-10-06 23:27:00,2021-10-06 23:29:00,2.0,UNEXPECTED_SHORT_GAP,UNEXPECTED
2021-10-06 23:32:00,2021-10-06 23:34:00,2.0,UNEXPECTED_SHORT_GAP,UNEXPECTED
2021-10-06 23:38:00,2021-10-06 23:40:00,2.0,UNEXPECTED_SHORT_GAP,UNEXPECTED
2021-10-06 23:58:00,2021-10-07 00:00:00,2.0,EXPECTED_DAILY_ROLLOVER,EXPECTED
2021-10-07 00:16:00,2021-10-07 00:18:00,2.0,UNEXPECTED_SHORT_GAP,UNEXPECTED
2021-10-07 01:51:00,2021-10-07 01:53:00,2.0,UNEXPECTED_SHORT_GAP,UNEXPECTED
2021-10-07 02:17:00,2021-10-07 02:19:00,2.0,UNEXPECTED_SHORT_GAP,UNEXPECTED
2021-10-07 02:38:00,2021-10-07 02:40:00,2.0,UNEXPECTED_SHORT_GAP,UNEXPECTED
2021-10-07 03:07:00,2021-10-07 03:10:00,3.0,UNEXPECTED_SHORT_GAP,UNEXPECTED
2021-10-07 03:15:00,2021-10-07 03:17:00,2.0,UNEXPECTED_SHORT_GAP,UNEXPECTED
2021-10-07 03:26:00,2021-10-07 03:29:00,3.0,UNEXPECTED_SHORT_GAP,UNEXPECTED
2021-10-07 03:31:00,2021-10-07 03:33:00,2.0,UNEXPECTED_SHORT_GAP,UNEXPECTED
2021-10-07 04:00:00,2021-10-07 04:02:00,2.0,UNEXPECTED_SHORT_GAP,UNEXPECTED
2021-10-07 04:05:00,2021-10-07 04:07:00,2.0,UNEXPECTED_SHORT_GAP,UNEXPECTED
2021-10-07 04:12:00,2021-10-07 04:14:00,2.0,UNEXPECTED_SHORT_GAP,UNEXPECTED
2021-10-07 04:14:00,2021-10-07 04:16:00,2.0,UNEXPECTED_SHORT_GAP,UNEXPECTED
2021-10-07 04:22:00,2021-10-07 04:24:00,2.0,UNEXPECTED_SHORT_GAP,UNEXPECTED
2021-10-07 04:24:00,2021-10-07 04:26:00,2.0,UNEXPECTED_SHORT_GAP,UNEXPECTED
2021-10-07 04:27:00,2021-10-07 04:29:00,2.0,UNEXPECTED_SHORT_GAP,UNEXPECTED
2021-10-07 04:31:00,2021-10-07 04:34:00,3.0,UNEXPECTED_SHORT_GAP,UNEXPECTED
2021-10-07 04:40:00,2021-10-07 04:43:00,3.0,UNEXPECTED_SHORT_GAP,UNEXPECTED
2021-10-07 05:07:00,2021-10-07 05:09:00,2.0,UNEXPECTED_SHORT_GAP,UNEXPECTED
2021-10-07 05:13:00,2021-10-07 05:15:00,2.0,UNEXPECTED_SHORT_GAP,UNEXPECTED
2021-10-07 05:27:00,2021-10-07 05:29:00,2.0,UNEXPECTED_SHORT_GAP,UNEXPECTED
2021-10-07 05:38:00,2021-10-07 05:40:00,2.0,UNEXPECTED_SHORT_GAP,UNEXPECTED
2021-10-07 10:22:00,2021-10-07 10:24:00,2.0,UNEXPECTED_SHORT_GAP,UNEXPECTED
2021-10-07 17:43:00,2021-10-07 17:45:00,2.0,UNEXPECTED_SHORT_GAP,UNEXPECTED
2021-10-07 18:39:00,2021-10-07 18:41:00,2.0,UNEXPECTED_SHORT_GAP,UNEXPECTED
2021-10-07 20:04:00,2021-10-07 20:06:00,2.0,UNEXPECTED_SHORT_GAP,UNEXPECTED
2021-10-07 20:15:00,2021-10-07 20:17:00,2.0,UNEXPECTED_SHORT_GAP,UNEXPECTED
2021-10-07 20:25:00,2021-10-07 20:27:00,2.0,UNEXPECTED_SHORT_GAP,UNEXPECTED
2021-10-07 20:31:00,2021-10-07 20:33:00,2.0,UNEXPECTED_SHORT_GAP,UNEXPECTED
2021-10-07 20:34:00,2021-10-07 20:36:00,2.0,UNEXPECTED_SHORT_GAP,UNEXPECTED
2021-10-07 20:40:00,2021-10-07 20:43:00,3.0,UNEXPECTED_SHORT_GAP,UNEXPECTED
2021-10-07 20:45:00,2021-10-07 20:47:00,2.0,UNEXPECTED_SHORT_GAP,UNEXPECTED
2021-10-07 21:00:00,2021-10-07 21:03:00,3.0,UNEXPECTED_SHORT_GAP,UNEXPECTED
2021-10-07 21:25:00,2021-10-07 21:27:00,2.0,UNEXPECTED_SHORT_GAP,UNEXPECTED
2021-10-07 21:28:00,2021-10-07 21:30:00,2.0,UNEXPECTED_SHORT_GAP,UNEXPECTED
2021-10-07 22:14:00,2021-10-07 22:16:00,2.0,UNEXPECTED_SHORT_GAP,UNEXPECTED
2021-10-07 22:16:00,2021-10-07 22:19:00,3.0,UNEXPECTED_SHORT_GAP,UNEXPECTED
2021-10-07 22:20:00,2021-10-07 22:22:00,2.0,UNEXPECTED_SHORT_GAP,UNEXPECTED
2021-10-07 22:22:00,2021-10-07 22:24:00,2.0,UNEXPECTED_SHORT_GAP,UNEXPECTED
2021-10-07 22:24:00,2021-10-07 22:26:00,2.0,UNEXPECTED_SHORT_GAP,UNEXPECTED
2021-10-07 22:26:00,2021-10-07 22:29:00,3.0,UNEXPECTED_SHORT_GAP,UNEXPECTED
2021-10-07 22:31:00,2021-10-07 22:33:00,2.0,UNEXPECTED_SHORT_GAP,UNEXPECTED
2021-10-07 22:37:00,2021-10-07 22:39:00,2.0,UNEXPECTED_SHORT_GAP,UNEXPECTED
2021-10-07 22:39:00,2021-10-07 22:42:00,3.0,UNEXPECTED_SHORT_GAP,UNEXPECTED
2021-10-07 22:45:00,2021-10-07 22:47:00,2.0,UNEXPECTED_SHORT_GAP,UNEXPECTED
2021-10-07 22:50:00,2021-10-07 22:53:00,3.0,UNEXPECTED_SHORT_GAP,UNEXPECTED
2021-10-07 22:53:00,2021-10-07 22:55:00,2.0,UNEXPECTED_SHORT_GAP,UNEXPECTED
2021-10-07 22:57:00,2021-10-07 22:59:00,2.0,UNEXPECTED_SHORT_GAP,UNEXPECTED
2021-10-07 23:09:00,2021-10-07 23:12:00,3.0,UNEXPECTED_SHORT_GAP,UNEXPECTED
2021-10-07 23:27:00,2021-10-07 23:29:00,2.0,UNEXPECTED_SHORT_GAP,UNEXPECTED
2021-10-07 23:30:00,2021-10-07 23:32:00,2.0,UNEXPECTED_SHORT_GAP,UNEXPECTED
2021-10-07 23:34:00,2021-10-07 23:36:00,2.0,UNEXPECTED_SHORT_GAP,UNEXPECTED
2021-10-07 23:42:00,2021-10-07 23:45:00,3.0,UNEXPECTED_SHORT_GAP,UNEXPECTED
2021-10-08 03:12:00,2021-10-08 03:14:00,2.0,UNEXPECTED_SHORT_GAP,UNEXPECTED
2021-10-08 04:14:00,2021-10-08 04:16:00,2.0,UNEXPECTED_SHORT_GAP,UNEXPECTED
2021-10-08 04:49:00,2021-10-08 04:51:00,2.0,UNEXPECTED_SHORT_GAP,UNEXPECTED
2021-10-08 04:52:00,2021-10-08 04:54:00,2.0,UNEXPECTED_SHORT_GAP,UNEXPECTED
2021-10-08 05:25:00,2021-10-08 05:27:00,2.0,UNEXPECTED_SHORT_GAP,UNEXPECTED
2021-10-08 05:53:00,2021-10-08 05:55:00,2.0,UNEXPECTED_SHORT_GAP,UNEXPECTED
2021-10-08 17:52:00,2021-10-08 17:54:00,2.0,UNEXPECTED_SHORT_GAP,UNEXPECTED
2021-10-08 18:09:00,2021-10-08 18:11:00,2.0,UNEXPECTED_SHORT_GAP,UNEXPECTED
2021-10-08 18:36:00,2021-10-08 18:38:00,2.0,UNEXPECTED_SHORT_GAP,UNEXPECTED
2021-10-08 18:45:00,2021-10-08 18:47:00,2.0,UNEXPECTED_SHORT_GAP,UNEXPECTED
2021-10-08 18:51:00,2021-10-08 18:53:00,2.0,UNEXPECTED_SHORT_GAP,UNEXPECTED
2021-10-08 19:20:00,2021-10-08 19:22:00,2.0,UNEXPECTED_SHORT_GAP,UNEXPECTED
2021-10-08 19:25:00,2021-10-08 19:27:00,2.0,UNEXPECTED_SHORT_GAP,UNEXPECTED
2021-10-08 19:32:00,2021-10-08 19:34:00,2.0,UNEXPECTED_SHORT_GAP,UNEXPECTED
2021-10-08 20:13:00,2021-10-08 20:15:00,2.0,UNEXPECTED_SHORT_GAP,UNEXPECTED
2021-10-08 20:15:00,2021-10-08 20:18:00,3.0,UNEXPECTED_SHORT_GAP,UNEXPECTED
2021-10-08 20:23:00,2021-10-08 20:25:00,2.0,UNEXPECTED_SHORT_GAP,UNEXPECTED
2021-10-08 20:25:00,2021-10-08 20:27:00,2.0,UNEXPECTED_SHORT_GAP,UNEXPECTED
2021-10-08 20:34:00,2021-10-08 20:38:00,4.0,UNEXPECTED_SHORT_GAP,UNEXPECTED
2021-10-08 20:40:00,2021-10-08 20:42:00,2.0,UNEXPECTED_SHORT_GAP,UNEXPECTED
2021-10-08 20:47:00,2021-10-08 20:49:00,2.0,UNEXPECTED_SHORT_GAP,UNEXPECTED
2021-10-08 20:58:00,2021-10-10 21:00:00,2882.0,EXPECTED_WEEKEND_CLOSURE,EXPECTED
2021-10-10 21:00:00,2021-10-10 21:06:00,6.0,EXPECTED_WEEKEND_CLOSURE,EXPECTED
2021-10-10 21:07:00,2021-10-10 21:09:00,2.0,EXPECTED_WEEKEND_CLOSURE,EXPECTED
2021-10-10 21:17:00,2021-10-10 21:19:00,2.0,EXPECTED_WEEKEND_CLOSURE,EXPECTED
2021-10-10 21:19:00,2021-10-10 21:21:00,2.0,EXPECTED_WEEKEND_CLOSURE,EXPECTED
2021-10-10 21:22:00,2021-10-10 21:24:00,2.0,EXPECTED_WEEKEND_CLOSURE,EXPECTED
2021-10-10 21:27:00,2021-10-10 21:29:00,2.0,EXPECTED_WEEKEND_CLOSURE,EXPECTED
2021-10-10 21:52:00,2021-10-10 21:54:00,2.0,EXPECTED_WEEKEND_CLOSURE,EXPECTED
2021-10-10 22:17:00,2021-10-10 22:19:00,2.0,EXPECTED_WEEKEND_CLOSURE,EXPECTED
2021-10-10 22:19:00,2021-10-10 22:21:00,2.0,EXPECTED_WEEKEND_CLOSURE,EXPECTED
2021-10-10 22:36:00,2021-10-10 22:38:00,2.0,EXPECTED_WEEKEND_CLOSURE,EXPECTED
2021-10-10 22:46:00,2021-10-10 22:49:00,3.0,EXPECTED_WEEKEND_CLOSURE,EXPECTED
2021-10-10 23:20:00,2021-10-10 23:22:00,2.0,EXPECTED_WEEKEND_CLOSURE,EXPECTED
2021-10-10 23:35:00,2021-10-10 23:37:00,2.0,EXPECTED_WEEKEND_CLOSURE,EXPECTED
2021-10-10 23:45:00,2021-10-10 23:47:00,2.0,EXPECTED_WEEKEND_CLOSURE,EXPECTED
2021-10-11 01:12:00,2021-10-11 01:15:00,3.0,UNEXPECTED_SHORT_GAP,UNEXPECTED
2021-10-11 02:15:00,2021-10-11 02:17:00,2.0,UNEXPECTED_SHORT_GAP,UNEXPECTED
2021-10-11 02:44:00,2021-10-11 02:46:00,2.0,UNEXPECTED_SHORT_GAP,UNEXPECTED
2021-10-11 03:20:00,2021-10-11 03:22:00,2.0,UNEXPECTED_SHORT_GAP,UNEXPECTED
2021-10-11 03:24:00,2021-10-11 03:26:00,2.0,UNEXPECTED_SHORT_GAP,UNEXPECTED
2021-10-11 04:13:00,2021-10-11 04:15:00,2.0,UNEXPECTED_SHORT_GAP,UNEXPECTED
2021-10-11 04:20:00,2021-10-11 04:22:00,2.0,UNEXPECTED_SHORT_GAP,UNEXPECTED
2021-10-11 04:26:00,2021-10-11 04:28:00,2.0,UNEXPECTED_SHORT_GAP,UNEXPECTED
2021-10-11 04:28:00,2021-10-11 04:31:00,3.0,UNEXPECTED_SHORT_GAP,UNEXPECTED
2021-10-11 04:32:00,2021-10-11 04:34:00,2.0,UNEXPECTED_SHORT_GAP,UNEXPECTED
2021-10-11 04:40:00,2021-10-11 04:42:00,2.0,UNEXPECTED_SHORT_GAP,UNEXPECTED
2021-10-11 04:49:00,2021-10-11 04:51:00,2.0,UNEXPECTED_SHORT_GAP,UNEXPECTED
2021-10-11 17:24:00,2021-10-11 17:26:00,2.0,UNEXPECTED_SHORT_GAP,UNEXPECTED
2021-10-11 17:27:00,2021-10-11 17:29:00,2.0,UNEXPECTED_SHORT_GAP,UNEXPECTED
2021-10-11 18:48:00,2021-10-11 18:50:00,2.0,UNEXPECTED_SHORT_GAP,UNEXPECTED
2021-10-11 20:17:00,2021-10-11 20:19:00,2.0,UNEXPECTED_SHORT_GAP,UNEXPECTED
2021-10-11 20:22:00,2021-10-11 20:29:00,7.0,UNEXPECTED_INTRADAY_GAP,UNEXPECTED
2021-10-11 20:37:00,2021-10-11 20:39:00,2.0,UNEXPECTED_SHORT_GAP,UNEXPECTED
2021-10-11 20:45:00,2021-10-11 20:47:00,2.0,UNEXPECTED_SHORT_GAP,UNEXPECTED
2021-10-11 20:52:00,2021-10-11 20:54:00,2.0,UNEXPECTED_SHORT_GAP,UNEXPECTED
2021-10-11 21:27:00,2021-10-11 21:30:00,3.0,UNEXPECTED_SHORT_GAP,UNEXPECTED
2021-10-11 21:33:00,2021-10-11 21:35:00,2.0,UNEXPECTED_SHORT_GAP,UNEXPECTED
2021-10-11 21:41:00,2021-10-11 21:43:00,2.0,UNEXPECTED_SHORT_GAP,UNEXPECTED
2021-10-11 21:43:00,2021-10-11 21:45:00,2.0,UNEXPECTED_SHORT_GAP,UNEXPECTED
2021-10-11 21:45:00,2021-10-11 21:48:00,3.0,UNEXPECTED_SHORT_GAP,UNEXPECTED
2021-10-11 21:49:00,2021-10-11 21:54:00,5.0,UNEXPECTED_SHORT_GAP,UNEXPECTED
2021-10-11 21:55:00,2021-10-11 21:58:00,3.0,UNEXPECTED_SHORT_GAP,UNEXPECTED
2021-10-11 21:58:00,2021-10-11 22:00:00,2.0,UNEXPECTED_SHORT_GAP,UNEXPECTED
2021-10-11 22:16:00,2021-10-11 22:18:00,2.0,UNEXPECTED_SHORT_GAP,UNEXPECTED
2021-10-11 22:23:00,2021-10-11 22:25:00,2.0,UNEXPECTED_SHORT_GAP,UNEXPECTED
2021-10-11 22:35:00,2021-10-11 22:45:00,10.0,UNEXPECTED_INTRADAY_GAP,UNEXPECTED
2021-10-11 22:45:00,2021-10-11 22:47:00,2.0,UNEXPECTED_SHORT_GAP,UNEXPECTED
2021-10-11 22:50:00,2021-10-11 22:52:00,2.0,UNEXPECTED_SHORT_GAP,UNEXPECTED
2021-10-11 23:07:00,2021-10-11 23:10:00,3.0,UNEXPECTED_SHORT_GAP,UNEXPECTED
2021-10-11 23:11:00,2021-10-11 23:15:00,4.0,UNEXPECTED_SHORT_GAP,UNEXPECTED
2021-10-11 23:15:00,2021-10-11 23:17:00,2.0,UNEXPECTED_SHORT_GAP,UNEXPECTED
2021-10-11 23:22:00,2021-10-11 23:24:00,2.0,UNEXPECTED_SHORT_GAP,UNEXPECTED
2021-10-11 23:27:00,2021-10-11 23:29:00,2.0,UNEXPECTED_SHORT_GAP,UNEXPECTED
2021-10-11 23:33:00,2021-10-11 23:35:00,2.0,UNEXPECTED_SHORT_GAP,UNEXPECTED
2021-10-11 23:41:00,2021-10-11 23:43:00,2.0,UNEXPECTED_SHORT_GAP,UNEXPECTED
2021-10-11 23:45:00,2021-10-11 23:52:00,7.0,UNEXPECTED_INTRADAY_GAP,UNEXPECTED
2021-10-11 23:53:00,2021-10-11 23:55:00,2.0,UNEXPECTED_SHORT_GAP,UNEXPECTED
2021-10-11 23:55:00,2021-10-11 23:57:00,2.0,UNEXPECTED_SHORT_GAP,UNEXPECTED
2021-10-12 03:19:00,2021-10-12 03:22:00,3.0,UNEXPECTED_SHORT_GAP,UNEXPECTED
2021-10-12 03:22:00,2021-10-12 03:25:00,3.0,UNEXPECTED_SHORT_GAP,UNEXPECTED
2021-10-12 03:26:00,2021-10-12 03:28:00,2.0,UNEXPECTED_SHORT_GAP,UNEXPECTED
2021-10-12 04:05:00,2021-10-12 04:09:00,4.0,UNEXPECTED_SHORT_GAP,UNEXPECTED
2021-10-12 04:27:00,2021-10-12 04:29:00,2.0,UNEXPECTED_SHORT_GAP,UNEXPECTED
2021-10-12 04:51:00,2021-10-12 04:54:00,3.0,UNEXPECTED_SHORT_GAP,UNEXPECTED
2021-10-12 04:55:00,2021-10-12 04:57:00,2.0,UNEXPECTED_SHORT_GAP,UNEXPECTED
2021-10-12 05:27:00,2021-10-12 05:29:00,2.0,UNEXPECTED_SHORT_GAP,UNEXPECTED
2021-10-12 05:55:00,2021-10-12 05:57:00,2.0,UNEXPECTED_SHORT_GAP,UNEXPECTED
2021-10-12 11:11:00,2021-10-12 11:13:00,2.0,UNEXPECTED_SHORT_GAP,UNEXPECTED
2021-10-12 16:42:00,2021-10-12 16:44:00,2.0,UNEXPECTED_SHORT_GAP,UNEXPECTED
2021-10-12 20:04:00,2021-10-12 20:06:00,2.0,UNEXPECTED_SHORT_GAP,UNEXPECTED
2021-10-12 20:11:00,2021-10-12 20:14:00,3.0,UNEXPECTED_SHORT_GAP,UNEXPECTED
2021-10-12 20:16:00,2021-10-12 20:18:00,2.0,UNEXPECTED_SHORT_GAP,UNEXPECTED
2021-10-12 20:21:00,2021-10-12 20:23:00,2.0,UNEXPECTED_SHORT_GAP,UNEXPECTED
2021-10-12 20:23:00,2021-10-12 20:25:00,2.0,UNEXPECTED_SHORT_GAP,UNEXPECTED
2021-10-12 20:26:00,2021-10-12 20:28:00,2.0,UNEXPECTED_SHORT_GAP,UNEXPECTED
2021-10-12 20:32:00,2021-10-12 20:34:00,2.0,UNEXPECTED_SHORT_GAP,UNEXPECTED
2021-10-12 20:40:00,2021-10-12 20:44:00,4.0,UNEXPECTED_SHORT_GAP,UNEXPECTED
2021-10-12 20:46:00,2021-10-12 20:48:00,2.0,UNEXPECTED_SHORT_GAP,UNEXPECTED
2021-10-12 21:01:00,2021-10-12 21:05:00,4.0,UNEXPECTED_SHORT_GAP,UNEXPECTED
2021-10-12 21:27:00,2021-10-12 21:29:00,2.0,UNEXPECTED_SHORT_GAP,UNEXPECTED
2021-10-12 21:30:00,2021-10-12 21:32:00,2.0,UNEXPECTED_SHORT_GAP,UNEXPECTED
2021-10-12 21:44:00,2021-10-12 21:46:00,2.0,UNEXPECTED_SHORT_GAP,UNEXPECTED
2021-10-12 22:02:00,2021-10-12 22:04:00,2.0,UNEXPECTED_SHORT_GAP,UNEXPECTED
2021-10-12 22:16:00,2021-10-12 22:18:00,2.0,UNEXPECTED_SHORT_GAP,UNEXPECTED
2021-10-12 22:19:00,2021-10-12 22:21:00,2.0,UNEXPECTED_SHORT_GAP,UNEXPECTED
2021-10-12 22:22:00,2021-10-12 22:24:00,2.0,UNEXPECTED_SHORT_GAP,UNEXPECTED
2021-10-12 22:24:00,2021-10-12 22:28:00,4.0,UNEXPECTED_SHORT_GAP,UNEXPECTED
2021-10-12 22:29:00,2021-10-12 22:31:00,2.0,UNEXPECTED_SHORT_GAP,UNEXPECTED
2021-10-12 22:34:00,2021-10-12 22:36:00,2.0,UNEXPECTED_SHORT_GAP,UNEXPECTED
2021-10-12 22:36:00,2021-10-12 22:38:00,2.0,UNEXPECTED_SHORT_GAP,UNEXPECTED
2021-10-12 22:41:00,2021-10-12 22:43:00,2.0,UNEXPECTED_SHORT_GAP,UNEXPECTED
2021-10-12 22:43:00,2021-10-12 22:45:00,2.0,UNEXPECTED_SHORT_GAP,UNEXPECTED
2021-10-12 22:49:00,2021-10-12 22:51:00,2.0,UNEXPECTED_SHORT_GAP,UNEXPECTED
2021-10-12 22:51:00,2021-10-12 22:57:00,6.0,UNEXPECTED_INTRADAY_GAP,UNEXPECTED
2021-10-12 23:06:00,2021-10-12 23:09:00,3.0,UNEXPECTED_SHORT_GAP,UNEXPECTED
2021-10-12 23:09:00,2021-10-12 23:11:00,2.0,UNEXPECTED_SHORT_GAP,UNEXPECTED
2021-10-12 23:11:00,2021-10-12 23:13:00,2.0,UNEXPECTED_SHORT_GAP,UNEXPECTED
2021-10-12 23:15:00,2021-10-12 23:17:00,2.0,UNEXPECTED_SHORT_GAP,UNEXPECTED
2021-10-12 23:17:00,2021-10-12 23:19:00,2.0,UNEXPECTED_SHORT_GAP,UNEXPECTED
2021-10-12 23:25:00,2021-10-12 23:30:00,5.0,UNEXPECTED_SHORT_GAP,UNEXPECTED
2021-10-12 23:36:00,2021-10-12 23:39:00,3.0,UNEXPECTED_SHORT_GAP,UNEXPECTED
2021-10-12 23:39:00,2021-10-12 23:41:00,2.0,UNEXPECTED_SHORT_GAP,UNEXPECTED
2021-10-12 23:41:00,2021-10-12 23:43:00,2.0,UNEXPECTED_SHORT_GAP,UNEXPECTED
2021-10-13 02:57:00,2021-10-13 02:59:00,2.0,UNEXPECTED_SHORT_GAP,UNEXPECTED
2021-10-13 03:26:00,2021-10-13 03:28:00,2.0,UNEXPECTED_SHORT_GAP,UNEXPECTED
2021-10-13 03:34:00,2021-10-13 03:36:00,2.0,UNEXPECTED_SHORT_GAP,UNEXPECTED
2021-10-13 03:43:00,2021-10-13 03:45:00,2.0,UNEXPECTED_SHORT_GAP,UNEXPECTED
2021-10-13 04:25:00,2021-10-13 04:27:00,2.0,UNEXPECTED_SHORT_GAP,UNEXPECTED
2021-10-13 05:11:00,2021-10-13 05:15:00,4.0,UNEXPECTED_SHORT_GAP,UNEXPECTED
2021-10-13 05:52:00,2021-10-13 05:54:00,2.0,UNEXPECTED_SHORT_GAP,UNEXPECTED
2021-10-13 20:05:00,2021-10-13 20:07:00,2.0,UNEXPECTED_SHORT_GAP,UNEXPECTED
2021-10-13 20:22:00,2021-10-13 20:24:00,2.0,UNEXPECTED_SHORT_GAP,UNEXPECTED
2021-10-13 20:29:00,2021-10-13 20:32:00,3.0,UNEXPECTED_SHORT_GAP,UNEXPECTED
2021-10-13 20:32:00,2021-10-13 20:34:00,2.0,UNEXPECTED_SHORT_GAP,UNEXPECTED
2021-10-13 20:35:00,2021-10-13 20:40:00,5.0,UNEXPECTED_SHORT_GAP,UNEXPECTED
2021-10-13 20:46:00,2021-10-13 20:49:00,3.0,UNEXPECTED_SHORT_GAP,UNEXPECTED
2021-10-13 21:00:00,2021-10-13 21:02:00,2.0,UNEXPECTED_SHORT_GAP,UNEXPECTED
2021-10-13 21:03:00,2021-10-13 21:05:00,2.0,UNEXPECTED_SHORT_GAP,UNEXPECTED
2021-10-13 21:06:00,2021-10-13 21:08:00,2.0,UNEXPECTED_SHORT_GAP,UNEXPECTED
2021-10-13 21:39:00,2021-10-13 21:41:00,2.0,UNEXPECTED_SHORT_GAP,UNEXPECTED
2021-10-13 21:41:00,2021-10-13 21:44:00,3.0,UNEXPECTED_SHORT_GAP,UNEXPECTED
2021-10-13 22:06:00,2021-10-13 22:08:00,2.0,UNEXPECTED_SHORT_GAP,UNEXPECTED
2021-10-13 22:08:00,2021-10-13 22:13:00,5.0,UNEXPECTED_SHORT_GAP,UNEXPECTED
2021-10-13 22:15:00,2021-10-13 22:23:00,8.0,UNEXPECTED_INTRADAY_GAP,UNEXPECTED
2021-10-13 22:25:00,2021-10-13 22:28:00,3.0,UNEXPECTED_SHORT_GAP,UNEXPECTED
2021-10-13 22:33:00,2021-10-13 22:35:00,2.0,UNEXPECTED_SHORT_GAP,UNEXPECTED
2021-10-13 22:35:00,2021-10-13 22:38:00,3.0,UNEXPECTED_SHORT_GAP,UNEXPECTED
2021-10-13 22:39:00,2021-10-13 22:41:00,2.0,UNEXPECTED_SHORT_GAP,UNEXPECTED
2021-10-13 22:42:00,2021-10-13 22:55:00,13.0,UNEXPECTED_INTRADAY_GAP,UNEXPECTED
2021-10-13 22:57:00,2021-10-13 23:00:00,3.0,UNEXPECTED_SHORT_GAP,UNEXPECTED
2021-10-13 23:04:00,2021-10-13 23:06:00,2.0,UNEXPECTED_SHORT_GAP,UNEXPECTED
2021-10-13 23:06:00,2021-10-13 23:08:00,2.0,UNEXPECTED_SHORT_GAP,UNEXPECTED
2021-10-13 23:13:00,2021-10-13 23:15:00,2.0,UNEXPECTED_SHORT_GAP,UNEXPECTED
2021-10-13 23:15:00,2021-10-13 23:17:00,2.0,UNEXPECTED_SHORT_GAP,UNEXPECTED
2021-10-13 23:19:00,2021-10-13 23:21:00,2.0,UNEXPECTED_SHORT_GAP,UNEXPECTED
2021-10-13 23:22:00,2021-10-13 23:25:00,3.0,UNEXPECTED_SHORT_GAP,UNEXPECTED
2021-10-13 23:26:00,2021-10-13 23:28:00,2.0,UNEXPECTED_SHORT_GAP,UNEXPECTED
2021-10-13 23:28:00,2021-10-13 23:31:00,3.0,UNEXPECTED_SHORT_GAP,UNEXPECTED
2021-10-13 23:35:00,2021-10-13 23:38:00,3.0,UNEXPECTED_SHORT_GAP,UNEXPECTED
2021-10-13 23:38:00,2021-10-13 23:40:00,2.0,UNEXPECTED_SHORT_GAP,UNEXPECTED
2021-10-13 23:45:00,2021-10-13 23:50:00,5.0,UNEXPECTED_SHORT_GAP,UNEXPECTED
2021-10-13 23:54:00,2021-10-13 23:56:00,2.0,UNEXPECTED_SHORT_GAP,UNEXPECTED
2021-10-13 23:56:00,2021-10-13 23:58:00,2.0,UNEXPECTED_SHORT_GAP,UNEXPECTED
2021-10-14 00:21:00,2021-10-14 00:23:00,2.0,UNEXPECTED_SHORT_GAP,UNEXPECTED
2021-10-14 00:25:00,2021-10-14 00:27:00,2.0,UNEXPECTED_SHORT_GAP,UNEXPECTED
2021-10-14 00:27:00,2021-10-14 00:30:00,3.0,UNEXPECTED_SHORT_GAP,UNEXPECTED
2021-10-14 00:51:00,2021-10-14 00:53:00,2.0,UNEXPECTED_SHORT_GAP,UNEXPECTED
2021-10-14 00:57:00,2021-10-14 00:59:00,2.0,UNEXPECTED_SHORT_GAP,UNEXPECTED
2021-10-14 01:04:00,2021-10-14 01:06:00,2.0,UNEXPECTED_SHORT_GAP,UNEXPECTED
2021-10-14 01:25:00,2021-10-14 01:27:00,2.0,UNEXPECTED_SHORT_GAP,UNEXPECTED
2021-10-14 02:04:00,2021-10-14 02:08:00,4.0,UNEXPECTED_SHORT_GAP,UNEXPECTED
2021-10-14 02:08:00,2021-10-14 02:10:00,2.0,UNEXPECTED_SHORT_GAP,UNEXPECTED
2021-10-14 02:17:00,2021-10-14 02:19:00,2.0,UNEXPECTED_SHORT_GAP,UNEXPECTED
2021-10-14 02:24:00,2021-10-14 02:26:00,2.0,UNEXPECTED_SHORT_GAP,UNEXPECTED
2021-10-14 02:30:00,2021-10-14 02:36:00,6.0,UNEXPECTED_INTRADAY_GAP,UNEXPECTED
2021-10-14 02:37:00,2021-10-14 02:42:00,5.0,UNEXPECTED_SHORT_GAP,UNEXPECTED
2021-10-14 02:43:00,2021-10-14 02:47:00,4.0,UNEXPECTED_SHORT_GAP,UNEXPECTED
2021-10-14 02:54:00,2021-10-14 02:56:00,2.0,UNEXPECTED_SHORT_GAP,UNEXPECTED
2021-10-14 03:09:00,2021-10-14 03:12:00,3.0,UNEXPECTED_SHORT_GAP,UNEXPECTED
2021-10-14 03:22:00,2021-10-14 03:24:00,2.0,UNEXPECTED_SHORT_GAP,UNEXPECTED
2021-10-14 03:24:00,2021-10-14 03:29:00,5.0,UNEXPECTED_SHORT_GAP,UNEXPECTED
2021-10-14 03:36:00,2021-10-14 03:38:00,2.0,UNEXPECTED_SHORT_GAP,UNEXPECTED
2021-10-14 03:42:00,2021-10-14 03:45:00,3.0,UNEXPECTED_SHORT_GAP,UNEXPECTED
2021-10-14 03:54:00,2021-10-14 03:57:00,3.0,UNEXPECTED_SHORT_GAP,UNEXPECTED
2021-10-14 04:00:00,2021-10-14 04:03:00,3.0,UNEXPECTED_SHORT_GAP,UNEXPECTED
2021-10-14 04:12:00,2021-10-14 04:14:00,2.0,UNEXPECTED_SHORT_GAP,UNEXPECTED
2021-10-14 04:16:00,2021-10-14 04:18:00,2.0,UNEXPECTED_SHORT_GAP,UNEXPECTED
2021-10-14 04:21:00,2021-10-14 04:24:00,3.0,UNEXPECTED_SHORT_GAP,UNEXPECTED
2021-10-14 04:26:00,2021-10-14 04:28:00,2.0,UNEXPECTED_SHORT_GAP,UNEXPECTED
2021-10-14 04:34:00,2021-10-14 04:36:00,2.0,UNEXPECTED_SHORT_GAP,UNEXPECTED
2021-10-14 04:38:00,2021-10-14 04:40:00,2.0,UNEXPECTED_SHORT_GAP,UNEXPECTED
2021-10-14 04:45:00,2021-10-14 04:48:00,3.0,UNEXPECTED_SHORT_GAP,UNEXPECTED
2021-10-14 04:48:00,2021-10-14 04:50:00,2.0,UNEXPECTED_SHORT_GAP,UNEXPECTED
2021-10-14 05:01:00,2021-10-14 05:03:00,2.0,UNEXPECTED_SHORT_GAP,UNEXPECTED
2021-10-14 05:08:00,2021-10-14 05:11:00,3.0,UNEXPECTED_SHORT_GAP,UNEXPECTED
2021-10-14 05:13:00,2021-10-14 05:16:00,3.0,UNEXPECTED_SHORT_GAP,UNEXPECTED
2021-10-14 05:18:00,2021-10-14 05:21:00,3.0,UNEXPECTED_SHORT_GAP,UNEXPECTED
2021-10-14 05:22:00,2021-10-14 05:26:00,4.0,UNEXPECTED_SHORT_GAP,UNEXPECTED
2021-10-14 05:42:00,2021-10-14 05:44:00,2.0,UNEXPECTED_SHORT_GAP,UNEXPECTED
2021-10-14 12:26:00,2021-10-14 12:28:00,2.0,UNEXPECTED_SHORT_GAP,UNEXPECTED
2021-10-14 17:10:00,2021-10-14 17:12:00,2.0,UNEXPECTED_SHORT_GAP,UNEXPECTED
2021-10-14 17:16:00,2021-10-14 17:18:00,2.0,UNEXPECTED_SHORT_GAP,UNEXPECTED
2021-10-14 18:18:00,2021-10-14 18:20:00,2.0,UNEXPECTED_SHORT_GAP,UNEXPECTED
2021-10-14 19:36:00,2021-10-14 19:38:00,2.0,UNEXPECTED_SHORT_GAP,UNEXPECTED
2021-10-14 20:19:00,2021-10-14 20:24:00,5.0,UNEXPECTED_SHORT_GAP,UNEXPECTED
2021-10-14 20:25:00,2021-10-14 20:29:00,4.0,UNEXPECTED_SHORT_GAP,UNEXPECTED
2021-10-14 20:29:00,2021-10-14 20:33:00,4.0,UNEXPECTED_SHORT_GAP,UNEXPECTED
2021-10-14 20:41:00,2021-10-14 20:43:00,2.0,UNEXPECTED_SHORT_GAP,UNEXPECTED
2021-10-14 20:51:00,2021-10-14 20:53:00,2.0,UNEXPECTED_SHORT_GAP,UNEXPECTED
2021-10-14 21:02:00,2021-10-14 21:05:00,3.0,UNEXPECTED_SHORT_GAP,UNEXPECTED
2021-10-14 21:06:00,2021-10-14 21:10:00,4.0,UNEXPECTED_SHORT_GAP,UNEXPECTED
2021-10-14 21:10:00,2021-10-14 21:14:00,4.0,UNEXPECTED_SHORT_GAP,UNEXPECTED
2021-10-14 21:17:00,2021-10-14 21:21:00,4.0,UNEXPECTED_SHORT_GAP,UNEXPECTED
2021-10-14 21:21:00,2021-10-14 21:23:00,2.0,UNEXPECTED_SHORT_GAP,UNEXPECTED
2021-10-14 21:24:00,2021-10-14 21:28:00,4.0,UNEXPECTED_SHORT_GAP,UNEXPECTED
2021-10-14 21:33:00,2021-10-14 21:36:00,3.0,UNEXPECTED_SHORT_GAP,UNEXPECTED
2021-10-14 21:36:00,2021-10-14 21:39:00,3.0,UNEXPECTED_SHORT_GAP,UNEXPECTED
2021-10-14 21:46:00,2021-10-14 21:48:00,2.0,UNEXPECTED_SHORT_GAP,UNEXPECTED
2021-10-14 21:48:00,2021-10-14 21:50:00,2.0,UNEXPECTED_SHORT_GAP,UNEXPECTED
2021-10-14 22:01:00,2021-10-14 22:03:00,2.0,UNEXPECTED_SHORT_GAP,UNEXPECTED
2021-10-14 22:05:00,2021-10-14 22:07:00,2.0,UNEXPECTED_SHORT_GAP,UNEXPECTED
2021-10-14 22:09:00,2021-10-14 22:11:00,2.0,UNEXPECTED_SHORT_GAP,UNEXPECTED
2021-10-14 22:15:00,2021-10-14 22:17:00,2.0,UNEXPECTED_SHORT_GAP,UNEXPECTED
2021-10-14 22:17:00,2021-10-14 22:20:00,3.0,UNEXPECTED_SHORT_GAP,UNEXPECTED
2021-10-14 22:22:00,2021-10-14 22:26:00,4.0,UNEXPECTED_SHORT_GAP,UNEXPECTED
2021-10-14 22:35:00,2021-10-14 22:39:00,4.0,UNEXPECTED_SHORT_GAP,UNEXPECTED
2021-10-14 22:44:00,2021-10-14 22:51:00,7.0,UNEXPECTED_INTRADAY_GAP,UNEXPECTED
2021-10-14 22:53:00,2021-10-14 22:56:00,3.0,UNEXPECTED_SHORT_GAP,UNEXPECTED
2021-10-14 23:00:00,2021-10-14 23:04:00,4.0,UNEXPECTED_SHORT_GAP,UNEXPECTED
2021-10-14 23:05:00,2021-10-14 23:07:00,2.0,UNEXPECTED_SHORT_GAP,UNEXPECTED
2021-10-14 23:07:00,2021-10-14 23:09:00,2.0,UNEXPECTED_SHORT_GAP,UNEXPECTED
2021-10-14 23:10:00,2021-10-14 23:12:00,2.0,UNEXPECTED_SHORT_GAP,UNEXPECTED
2021-10-14 23:17:00,2021-10-14 23:19:00,2.0,UNEXPECTED_SHORT_GAP,UNEXPECTED
2021-10-14 23:31:00,2021-10-14 23:33:00,2.0,UNEXPECTED_SHORT_GAP,UNEXPECTED
2021-10-14 23:45:00,2021-10-14 23:47:00,2.0,UNEXPECTED_SHORT_GAP,UNEXPECTED
2021-10-15 01:17:00,2021-10-15 01:19:00,2.0,UNEXPECTED_SHORT_GAP,UNEXPECTED
2021-10-15 01:22:00,2021-10-15 01:24:00,2.0,UNEXPECTED_SHORT_GAP,UNEXPECTED
2021-10-15 02:03:00,2021-10-15 02:05:00,2.0,UNEXPECTED_SHORT_GAP,UNEXPECTED
2021-10-15 02:33:00,2021-10-15 02:35:00,2.0,UNEXPECTED_SHORT_GAP,UNEXPECTED
2021-10-15 02:43:00,2021-10-15 02:45:00,2.0,UNEXPECTED_SHORT_GAP,UNEXPECTED
2021-10-15 03:12:00,2021-10-15 03:14:00,2.0,UNEXPECTED_SHORT_GAP,UNEXPECTED
2021-10-15 03:20:00,2021-10-15 03:22:00,2.0,UNEXPECTED_SHORT_GAP,UNEXPECTED
2021-10-15 03:23:00,2021-10-15 03:25:00,2.0,UNEXPECTED_SHORT_GAP,UNEXPECTED
2021-10-15 03:33:00,2021-10-15 03:35:00,2.0,UNEXPECTED_SHORT_GAP,UNEXPECTED
2021-10-15 03:35:00,2021-10-15 03:38:00,3.0,UNEXPECTED_SHORT_GAP,UNEXPECTED
2021-10-15 03:50:00,2021-10-15 03:52:00,2.0,UNEXPECTED_SHORT_GAP,UNEXPECTED
2021-10-15 04:13:00,2021-10-15 04:15:00,2.0,UNEXPECTED_SHORT_GAP,UNEXPECTED
2021-10-15 04:38:00,2021-10-15 04:41:00,3.0,UNEXPECTED_SHORT_GAP,UNEXPECTED
2021-10-15 04:51:00,2021-10-15 04:53:00,2.0,UNEXPECTED_SHORT_GAP,UNEXPECTED
2021-10-15 04:54:00,2021-10-15 04:57:00,3.0,UNEXPECTED_SHORT_GAP,UNEXPECTED
2021-10-15 05:40:00,2021-10-15 05:42:00,2.0,UNEXPECTED_SHORT_GAP,UNEXPECTED
2021-10-15 17:42:00,2021-10-15 17:44:00,2.0,UNEXPECTED_SHORT_GAP,UNEXPECTED
2021-10-15 19:47:00,2021-10-15 19:49:00,2.0,UNEXPECTED_SHORT_GAP,UNEXPECTED
2021-10-15 20:17:00,2021-10-15 20:19:00,2.0,UNEXPECTED_SHORT_GAP,UNEXPECTED
2021-10-15 20:27:00,2021-10-15 20:31:00,4.0,UNEXPECTED_SHORT_GAP,UNEXPECTED
2021-10-15 20:33:00,2021-10-15 20:35:00,2.0,UNEXPECTED_SHORT_GAP,UNEXPECTED
2021-10-15 20:58:00,2021-10-17 21:00:00,2882.0,EXPECTED_WEEKEND_CLOSURE,EXPECTED
2021-10-17 21:00:00,2021-10-17 21:06:00,6.0,EXPECTED_WEEKEND_CLOSURE,EXPECTED
2021-10-17 21:16:00,2021-10-17 21:19:00,3.0,EXPECTED_WEEKEND_CLOSURE,EXPECTED
2021-10-17 22:38:00,2021-10-17 22:40:00,2.0,EXPECTED_WEEKEND_CLOSURE,EXPECTED
2021-10-17 22:47:00,2021-10-17 22:49:00,2.0,EXPECTED_WEEKEND_CLOSURE,EXPECTED
2021-10-17 22:53:00,2021-10-17 22:55:00,2.0,EXPECTED_WEEKEND_CLOSURE,EXPECTED
2021-10-17 23:25:00,2021-10-17 23:28:00,3.0,EXPECTED_WEEKEND_CLOSURE,EXPECTED
2021-10-18 00:28:00,2021-10-18 00:30:00,2.0,UNEXPECTED_SHORT_GAP,UNEXPECTED
2021-10-18 00:35:00,2021-10-18 00:37:00,2.0,UNEXPECTED_SHORT_GAP,UNEXPECTED
2021-10-18 01:21:00,2021-10-18 01:23:00,2.0,UNEXPECTED_SHORT_GAP,UNEXPECTED
2021-10-18 01:32:00,2021-10-18 01:34:00,2.0,UNEXPECTED_SHORT_GAP,UNEXPECTED
2021-10-18 02:00:00,2021-10-18 02:02:00,2.0,UNEXPECTED_SHORT_GAP,UNEXPECTED
2021-10-18 02:07:00,2021-10-18 02:12:00,5.0,UNEXPECTED_SHORT_GAP,UNEXPECTED
2021-10-18 02:12:00,2021-10-18 02:16:00,4.0,UNEXPECTED_SHORT_GAP,UNEXPECTED
2021-10-18 02:18:00,2021-10-18 02:20:00,2.0,UNEXPECTED_SHORT_GAP,UNEXPECTED
2021-10-18 02:30:00,2021-10-18 02:32:00,2.0,UNEXPECTED_SHORT_GAP,UNEXPECTED
2021-10-18 02:45:00,2021-10-18 02:48:00,3.0,UNEXPECTED_SHORT_GAP,UNEXPECTED
2021-10-18 03:11:00,2021-10-18 03:14:00,3.0,UNEXPECTED_SHORT_GAP,UNEXPECTED
2021-10-18 03:53:00,2021-10-18 03:55:00,2.0,UNEXPECTED_SHORT_GAP,UNEXPECTED
2021-10-18 03:56:00,2021-10-18 03:58:00,2.0,UNEXPECTED_SHORT_GAP,UNEXPECTED
2021-10-18 04:06:00,2021-10-18 04:08:00,2.0,UNEXPECTED_SHORT_GAP,UNEXPECTED
2021-10-18 04:10:00,2021-10-18 04:13:00,3.0,UNEXPECTED_SHORT_GAP,UNEXPECTED
2021-10-18 04:21:00,2021-10-18 04:23:00,2.0,UNEXPECTED_SHORT_GAP,UNEXPECTED
2021-10-18 04:31:00,2021-10-18 04:33:00,2.0,UNEXPECTED_SHORT_GAP,UNEXPECTED
2021-10-18 04:55:00,2021-10-18 04:57:00,2.0,UNEXPECTED_SHORT_GAP,UNEXPECTED
2021-10-18 04:57:00,2021-10-18 04:59:00,2.0,UNEXPECTED_SHORT_GAP,UNEXPECTED
2021-10-18 05:22:00,2021-10-18 05:24:00,2.0,UNEXPECTED_SHORT_GAP,UNEXPECTED
2021-10-18 05:41:00,2021-10-18 05:43:00,2.0,UNEXPECTED_SHORT_GAP,UNEXPECTED
2021-10-18 15:35:00,2021-10-18 15:37:00,2.0,UNEXPECTED_SHORT_GAP,UNEXPECTED
2021-10-18 17:03:00,2021-10-18 17:05:00,2.0,UNEXPECTED_SHORT_GAP,UNEXPECTED
2021-10-18 17:46:00,2021-10-18 17:48:00,2.0,UNEXPECTED_SHORT_GAP,UNEXPECTED
2021-10-18 18:20:00,2021-10-18 18:22:00,2.0,UNEXPECTED_SHORT_GAP,UNEXPECTED
2021-10-18 18:55:00,2021-10-18 18:57:00,2.0,UNEXPECTED_SHORT_GAP,UNEXPECTED
2021-10-18 20:03:00,2021-10-18 20:05:00,2.0,UNEXPECTED_SHORT_GAP,UNEXPECTED
2021-10-18 20:07:00,2021-10-18 20:09:00,2.0,UNEXPECTED_SHORT_GAP,UNEXPECTED
2021-10-18 20:09:00,2021-10-18 20:11:00,2.0,UNEXPECTED_SHORT_GAP,UNEXPECTED
2021-10-18 20:20:00,2021-10-18 20:22:00,2.0,UNEXPECTED_SHORT_GAP,UNEXPECTED
2021-10-18 20:23:00,2021-10-18 20:26:00,3.0,UNEXPECTED_SHORT_GAP,UNEXPECTED
2021-10-18 20:36:00,2021-10-18 20:39:00,3.0,UNEXPECTED_SHORT_GAP,UNEXPECTED
2021-10-18 20:39:00,2021-10-18 20:41:00,2.0,UNEXPECTED_SHORT_GAP,UNEXPECTED
2021-10-18 20:42:00,2021-10-18 20:44:00,2.0,UNEXPECTED_SHORT_GAP,UNEXPECTED
2021-10-18 20:46:00,2021-10-18 20:48:00,2.0,UNEXPECTED_SHORT_GAP,UNEXPECTED
2021-10-18 21:01:00,2021-10-18 21:05:00,4.0,UNEXPECTED_SHORT_GAP,UNEXPECTED
2021-10-18 21:14:00,2021-10-18 21:16:00,2.0,UNEXPECTED_SHORT_GAP,UNEXPECTED
2021-10-18 21:18:00,2021-10-18 21:20:00,2.0,UNEXPECTED_SHORT_GAP,UNEXPECTED
2021-10-18 21:46:00,2021-10-18 21:48:00,2.0,UNEXPECTED_SHORT_GAP,UNEXPECTED
2021-10-18 21:48:00,2021-10-18 21:50:00,2.0,UNEXPECTED_SHORT_GAP,UNEXPECTED
2021-10-18 22:16:00,2021-10-18 22:19:00,3.0,UNEXPECTED_SHORT_GAP,UNEXPECTED
2021-10-18 22:20:00,2021-10-18 22:23:00,3.0,UNEXPECTED_SHORT_GAP,UNEXPECTED
2021-10-18 22:23:00,2021-10-18 22:26:00,3.0,UNEXPECTED_SHORT_GAP,UNEXPECTED
2021-10-18 22:27:00,2021-10-18 22:29:00,2.0,UNEXPECTED_SHORT_GAP,UNEXPECTED
2021-10-18 22:31:00,2021-10-18 22:35:00,4.0,UNEXPECTED_SHORT_GAP,UNEXPECTED
2021-10-18 22:37:00,2021-10-18 22:41:00,4.0,UNEXPECTED_SHORT_GAP,UNEXPECTED
2021-10-18 22:45:00,2021-10-18 22:48:00,3.0,UNEXPECTED_SHORT_GAP,UNEXPECTED
2021-10-18 22:48:00,2021-10-18 22:50:00,2.0,UNEXPECTED_SHORT_GAP,UNEXPECTED
2021-10-18 22:50:00,2021-10-18 22:52:00,2.0,UNEXPECTED_SHORT_GAP,UNEXPECTED
2021-10-18 22:53:00,2021-10-18 22:55:00,2.0,UNEXPECTED_SHORT_GAP,UNEXPECTED
2021-10-18 23:03:00,2021-10-18 23:05:00,2.0,UNEXPECTED_SHORT_GAP,UNEXPECTED
2021-10-18 23:05:00,2021-10-18 23:07:00,2.0,UNEXPECTED_SHORT_GAP,UNEXPECTED
2021-10-18 23:09:00,2021-10-18 23:11:00,2.0,UNEXPECTED_SHORT_GAP,UNEXPECTED
2021-10-18 23:11:00,2021-10-18 23:14:00,3.0,UNEXPECTED_SHORT_GAP,UNEXPECTED
2021-10-18 23:14:00,2021-10-18 23:18:00,4.0,UNEXPECTED_SHORT_GAP,UNEXPECTED
2021-10-18 23:24:00,2021-10-18 23:26:00,2.0,UNEXPECTED_SHORT_GAP,UNEXPECTED
2021-10-18 23:32:00,2021-10-18 23:34:00,2.0,UNEXPECTED_SHORT_GAP,UNEXPECTED
2021-10-18 23:38:00,2021-10-18 23:41:00,3.0,UNEXPECTED_SHORT_GAP,UNEXPECTED
2021-10-18 23:43:00,2021-10-18 23:45:00,2.0,UNEXPECTED_SHORT_GAP,UNEXPECTED
2021-10-18 23:54:00,2021-10-18 23:56:00,2.0,UNEXPECTED_SHORT_GAP,UNEXPECTED
2021-10-19 00:12:00,2021-10-19 00:14:00,2.0,UNEXPECTED_SHORT_GAP,UNEXPECTED
2021-10-19 00:20:00,2021-10-19 00:22:00,2.0,UNEXPECTED_SHORT_GAP,UNEXPECTED
2021-10-19 00:31:00,2021-10-19 00:34:00,3.0,UNEXPECTED_SHORT_GAP,UNEXPECTED
2021-10-19 02:18:00,2021-10-19 02:20:00,2.0,UNEXPECTED_SHORT_GAP,UNEXPECTED
2021-10-19 02:31:00,2021-10-19 02:33:00,2.0,UNEXPECTED_SHORT_GAP,UNEXPECTED
2021-10-19 03:27:00,2021-10-19 03:30:00,3.0,UNEXPECTED_SHORT_GAP,UNEXPECTED
2021-10-19 03:50:00,2021-10-19 03:52:00,2.0,UNEXPECTED_SHORT_GAP,UNEXPECTED
2021-10-19 04:09:00,2021-10-19 04:12:00,3.0,UNEXPECTED_SHORT_GAP,UNEXPECTED
2021-10-19 04:27:00,2021-10-19 04:29:00,2.0,UNEXPECTED_SHORT_GAP,UNEXPECTED
2021-10-19 04:31:00,2021-10-19 04:34:00,3.0,UNEXPECTED_SHORT_GAP,UNEXPECTED
2021-10-19 04:43:00,2021-10-19 04:45:00,2.0,UNEXPECTED_SHORT_GAP,UNEXPECTED
2021-10-19 04:51:00,2021-10-19 04:53:00,2.0,UNEXPECTED_SHORT_GAP,UNEXPECTED
2021-10-19 05:17:00,2021-10-19 05:19:00,2.0,UNEXPECTED_SHORT_GAP,UNEXPECTED
2021-10-19 05:19:00,2021-10-19 05:21:00,2.0,UNEXPECTED_SHORT_GAP,UNEXPECTED
2021-10-19 05:22:00,2021-10-19 05:24:00,2.0,UNEXPECTED_SHORT_GAP,UNEXPECTED
2021-10-19 16:41:00,2021-10-19 16:43:00,2.0,UNEXPECTED_SHORT_GAP,UNEXPECTED
2021-10-19 17:26:00,2021-10-19 17:29:00,3.0,UNEXPECTED_SHORT_GAP,UNEXPECTED
2021-10-19 17:33:00,2021-10-19 17:35:00,2.0,UNEXPECTED_SHORT_GAP,UNEXPECTED
2021-10-19 17:35:00,2021-10-19 17:37:00,2.0,UNEXPECTED_SHORT_GAP,UNEXPECTED
2021-10-19 18:24:00,2021-10-19 18:26:00,2.0,UNEXPECTED_SHORT_GAP,UNEXPECTED
2021-10-19 18:42:00,2021-10-19 18:45:00,3.0,UNEXPECTED_SHORT_GAP,UNEXPECTED
2021-10-19 18:45:00,2021-10-19 18:47:00,2.0,UNEXPECTED_SHORT_GAP,UNEXPECTED
2021-10-19 20:05:00,2021-10-19 20:10:00,5.0,UNEXPECTED_SHORT_GAP,UNEXPECTED
2021-10-19 20:12:00,2021-10-19 20:14:00,2.0,UNEXPECTED_SHORT_GAP,UNEXPECTED
2021-10-19 20:14:00,2021-10-19 20:19:00,5.0,UNEXPECTED_SHORT_GAP,UNEXPECTED
2021-10-19 20:21:00,2021-10-19 20:24:00,3.0,UNEXPECTED_SHORT_GAP,UNEXPECTED
2021-10-19 20:27:00,2021-10-19 20:29:00,2.0,UNEXPECTED_SHORT_GAP,UNEXPECTED
2021-10-19 20:30:00,2021-10-19 20:32:00,2.0,UNEXPECTED_SHORT_GAP,UNEXPECTED
2021-10-19 20:32:00,2021-10-19 20:34:00,2.0,UNEXPECTED_SHORT_GAP,UNEXPECTED
2021-10-19 20:34:00,2021-10-19 20:37:00,3.0,UNEXPECTED_SHORT_GAP,UNEXPECTED
2021-10-19 20:39:00,2021-10-19 20:43:00,4.0,UNEXPECTED_SHORT_GAP,UNEXPECTED
2021-10-19 20:43:00,2021-10-19 20:45:00,2.0,UNEXPECTED_SHORT_GAP,UNEXPECTED
2021-10-19 21:03:00,2021-10-19 21:05:00,2.0,UNEXPECTED_SHORT_GAP,UNEXPECTED
2021-10-19 21:15:00,2021-10-19 21:18:00,3.0,UNEXPECTED_SHORT_GAP,UNEXPECTED
2021-10-19 21:21:00,2021-10-19 21:23:00,2.0,UNEXPECTED_SHORT_GAP,UNEXPECTED
2021-10-19 21:56:00,2021-10-19 21:58:00,2.0,UNEXPECTED_SHORT_GAP,UNEXPECTED
2021-10-19 22:00:00,2021-10-19 22:02:00,2.0,UNEXPECTED_SHORT_GAP,UNEXPECTED
2021-10-19 22:03:00,2021-10-19 22:05:00,2.0,UNEXPECTED_SHORT_GAP,UNEXPECTED
2021-10-19 22:10:00,2021-10-19 22:14:00,4.0,UNEXPECTED_SHORT_GAP,UNEXPECTED
2021-10-19 22:16:00,2021-10-19 22:23:00,7.0,UNEXPECTED_INTRADAY_GAP,UNEXPECTED
2021-10-19 22:23:00,2021-10-19 22:25:00,2.0,UNEXPECTED_SHORT_GAP,UNEXPECTED
2021-10-19 22:27:00,2021-10-19 22:29:00,2.0,UNEXPECTED_SHORT_GAP,UNEXPECTED
2021-10-19 22:29:00,2021-10-19 22:31:00,2.0,UNEXPECTED_SHORT_GAP,UNEXPECTED
2021-10-19 22:33:00,2021-10-19 22:35:00,2.0,UNEXPECTED_SHORT_GAP,UNEXPECTED
2021-10-19 22:36:00,2021-10-19 22:44:00,8.0,UNEXPECTED_INTRADAY_GAP,UNEXPECTED
2021-10-19 22:44:00,2021-10-19 22:53:00,9.0,UNEXPECTED_INTRADAY_GAP,UNEXPECTED
2021-10-19 22:53:00,2021-10-19 22:57:00,4.0,UNEXPECTED_SHORT_GAP,UNEXPECTED
2021-10-19 22:57:00,2021-10-19 22:59:00,2.0,UNEXPECTED_SHORT_GAP,UNEXPECTED
2021-10-19 23:00:00,2021-10-19 23:07:00,7.0,UNEXPECTED_INTRADAY_GAP,UNEXPECTED
2021-10-19 23:08:00,2021-10-19 23:10:00,2.0,UNEXPECTED_SHORT_GAP,UNEXPECTED
2021-10-19 23:10:00,2021-10-19 23:15:00,5.0,UNEXPECTED_SHORT_GAP,UNEXPECTED
2021-10-19 23:19:00,2021-10-19 23:21:00,2.0,UNEXPECTED_SHORT_GAP,UNEXPECTED
2021-10-19 23:21:00,2021-10-19 23:24:00,3.0,UNEXPECTED_SHORT_GAP,UNEXPECTED
2021-10-19 23:39:00,2021-10-19 23:41:00,2.0,UNEXPECTED_SHORT_GAP,UNEXPECTED
2021-10-19 23:41:00,2021-10-19 23:43:00,2.0,UNEXPECTED_SHORT_GAP,UNEXPECTED
2021-10-19 23:43:00,2021-10-19 23:48:00,5.0,UNEXPECTED_SHORT_GAP,UNEXPECTED
2021-10-19 23:48:00,2021-10-19 23:50:00,2.0,UNEXPECTED_SHORT_GAP,UNEXPECTED
2021-10-19 23:51:00,2021-10-19 23:55:00,4.0,UNEXPECTED_SHORT_GAP,UNEXPECTED
2021-10-19 23:55:00,2021-10-19 23:58:00,3.0,UNEXPECTED_SHORT_GAP,UNEXPECTED
2021-10-20 00:40:00,2021-10-20 00:44:00,4.0,UNEXPECTED_SHORT_GAP,UNEXPECTED
2021-10-20 01:16:00,2021-10-20 01:18:00,2.0,UNEXPECTED_SHORT_GAP,UNEXPECTED
2021-10-20 02:30:00,2021-10-20 02:32:00,2.0,UNEXPECTED_SHORT_GAP,UNEXPECTED
2021-10-20 02:53:00,2021-10-20 02:55:00,2.0,UNEXPECTED_SHORT_GAP,UNEXPECTED
2021-10-20 03:13:00,2021-10-20 03:16:00,3.0,UNEXPECTED_SHORT_GAP,UNEXPECTED
2021-10-20 03:39:00,2021-10-20 03:41:00,2.0,UNEXPECTED_SHORT_GAP,UNEXPECTED
2021-10-20 04:15:00,2021-10-20 04:19:00,4.0,UNEXPECTED_SHORT_GAP,UNEXPECTED
2021-10-20 04:42:00,2021-10-20 04:44:00,2.0,UNEXPECTED_SHORT_GAP,UNEXPECTED
2021-10-20 04:49:00,2021-10-20 04:51:00,2.0,UNEXPECTED_SHORT_GAP,UNEXPECTED
2021-10-20 04:58:00,2021-10-20 05:00:00,2.0,UNEXPECTED_SHORT_GAP,UNEXPECTED
2021-10-20 05:40:00,2021-10-20 05:42:00,2.0,UNEXPECTED_SHORT_GAP,UNEXPECTED
2021-10-20 09:39:00,2021-10-20 09:41:00,2.0,UNEXPECTED_SHORT_GAP,UNEXPECTED
2021-10-20 09:47:00,2021-10-20 09:49:00,2.0,UNEXPECTED_SHORT_GAP,UNEXPECTED
2021-10-20 16:10:00,2021-10-20 16:12:00,2.0,UNEXPECTED_SHORT_GAP,UNEXPECTED
2021-10-20 16:43:00,2021-10-20 16:45:00,2.0,UNEXPECTED_SHORT_GAP,UNEXPECTED
2021-10-20 20:10:00,2021-10-20 20:12:00,2.0,UNEXPECTED_SHORT_GAP,UNEXPECTED
2021-10-20 20:16:00,2021-10-20 20:18:00,2.0,UNEXPECTED_SHORT_GAP,UNEXPECTED
2021-10-20 20:20:00,2021-10-20 20:23:00,3.0,UNEXPECTED_SHORT_GAP,UNEXPECTED
2021-10-20 20:27:00,2021-10-20 20:30:00,3.0,UNEXPECTED_SHORT_GAP,UNEXPECTED
2021-10-20 20:36:00,2021-10-20 20:40:00,4.0,UNEXPECTED_SHORT_GAP,UNEXPECTED
2021-10-20 20:41:00,2021-10-20 20:43:00,2.0,UNEXPECTED_SHORT_GAP,UNEXPECTED
2021-10-20 21:00:00,2021-10-20 21:02:00,2.0,UNEXPECTED_SHORT_GAP,UNEXPECTED
2021-10-20 21:03:00,2021-10-20 21:05:00,2.0,UNEXPECTED_SHORT_GAP,UNEXPECTED
2021-10-20 21:05:00,2021-10-20 21:07:00,2.0,UNEXPECTED_SHORT_GAP,UNEXPECTED
2021-10-20 21:17:00,2021-10-20 21:19:00,2.0,UNEXPECTED_SHORT_GAP,UNEXPECTED
2021-10-20 21:19:00,2021-10-20 21:21:00,2.0,UNEXPECTED_SHORT_GAP,UNEXPECTED
2021-10-20 22:03:00,2021-10-20 22:05:00,2.0,UNEXPECTED_SHORT_GAP,UNEXPECTED
2021-10-20 22:11:00,2021-10-20 22:13:00,2.0,UNEXPECTED_SHORT_GAP,UNEXPECTED
2021-10-20 22:18:00,2021-10-20 22:22:00,4.0,UNEXPECTED_SHORT_GAP,UNEXPECTED
2021-10-20 22:26:00,2021-10-20 22:28:00,2.0,UNEXPECTED_SHORT_GAP,UNEXPECTED
2021-10-20 22:28:00,2021-10-20 22:30:00,2.0,UNEXPECTED_SHORT_GAP,UNEXPECTED
2021-10-20 22:32:00,2021-10-20 22:35:00,3.0,UNEXPECTED_SHORT_GAP,UNEXPECTED
2021-10-20 22:40:00,2021-10-20 22:48:00,8.0,UNEXPECTED_INTRADAY_GAP,UNEXPECTED
2021-10-20 22:48:00,2021-10-20 22:50:00,2.0,UNEXPECTED_SHORT_GAP,UNEXPECTED
2021-10-20 22:54:00,2021-10-20 22:57:00,3.0,UNEXPECTED_SHORT_GAP,UNEXPECTED
2021-10-20 23:02:00,2021-10-20 23:04:00,2.0,UNEXPECTED_SHORT_GAP,UNEXPECTED
2021-10-20 23:12:00,2021-10-20 23:16:00,4.0,UNEXPECTED_SHORT_GAP,UNEXPECTED
2021-10-20 23:17:00,2021-10-20 23:19:00,2.0,UNEXPECTED_SHORT_GAP,UNEXPECTED
2021-10-20 23:22:00,2021-10-20 23:25:00,3.0,UNEXPECTED_SHORT_GAP,UNEXPECTED
2021-10-20 23:26:00,2021-10-20 23:31:00,5.0,UNEXPECTED_SHORT_GAP,UNEXPECTED
2021-10-20 23:34:00,2021-10-20 23:37:00,3.0,UNEXPECTED_SHORT_GAP,UNEXPECTED
2021-10-20 23:39:00,2021-10-20 23:42:00,3.0,UNEXPECTED_SHORT_GAP,UNEXPECTED
2021-10-21 00:10:00,2021-10-21 00:12:00,2.0,UNEXPECTED_SHORT_GAP,UNEXPECTED
2021-10-21 01:44:00,2021-10-21 01:46:00,2.0,UNEXPECTED_SHORT_GAP,UNEXPECTED
2021-10-21 02:28:00,2021-10-21 02:30:00,2.0,UNEXPECTED_SHORT_GAP,UNEXPECTED
2021-10-21 02:52:00,2021-10-21 02:54:00,2.0,UNEXPECTED_SHORT_GAP,UNEXPECTED
2021-10-21 03:29:00,2021-10-21 03:31:00,2.0,UNEXPECTED_SHORT_GAP,UNEXPECTED
2021-10-21 03:49:00,2021-10-21 03:52:00,3.0,UNEXPECTED_SHORT_GAP,UNEXPECTED
2021-10-21 03:53:00,2021-10-21 03:55:00,2.0,UNEXPECTED_SHORT_GAP,UNEXPECTED
2021-10-21 03:59:00,2021-10-21 04:01:00,2.0,UNEXPECTED_SHORT_GAP,UNEXPECTED
2021-10-21 04:34:00,2021-10-21 04:36:00,2.0,UNEXPECTED_SHORT_GAP,UNEXPECTED
2021-10-21 04:58:00,2021-10-21 05:00:00,2.0,UNEXPECTED_SHORT_GAP,UNEXPECTED
2021-10-21 05:22:00,2021-10-21 05:24:00,2.0,UNEXPECTED_SHORT_GAP,UNEXPECTED
2021-10-21 09:44:00,2021-10-21 09:46:00,2.0,UNEXPECTED_SHORT_GAP,UNEXPECTED
2021-10-21 10:10:00,2021-10-21 10:12:00,2.0,UNEXPECTED_SHORT_GAP,UNEXPECTED
2021-10-21 10:16:00,2021-10-21 10:19:00,3.0,UNEXPECTED_SHORT_GAP,UNEXPECTED
2021-10-21 17:30:00,2021-10-21 17:32:00,2.0,UNEXPECTED_SHORT_GAP,UNEXPECTED
2021-10-21 19:21:00,2021-10-21 19:24:00,3.0,UNEXPECTED_SHORT_GAP,UNEXPECTED
2021-10-21 20:06:00,2021-10-21 20:08:00,2.0,UNEXPECTED_SHORT_GAP,UNEXPECTED
2021-10-21 20:24:00,2021-10-21 20:28:00,4.0,UNEXPECTED_SHORT_GAP,UNEXPECTED
2021-10-21 20:37:00,2021-10-21 20:39:00,2.0,UNEXPECTED_SHORT_GAP,UNEXPECTED
2021-10-21 20:59:00,2021-10-21 21:01:00,2.0,UNEXPECTED_SHORT_GAP,UNEXPECTED
2021-10-21 21:09:00,2021-10-21 21:11:00,2.0,UNEXPECTED_SHORT_GAP,UNEXPECTED
2021-10-21 21:11:00,2021-10-21 21:13:00,2.0,UNEXPECTED_SHORT_GAP,UNEXPECTED
2021-10-21 21:23:00,2021-10-21 21:25:00,2.0,UNEXPECTED_SHORT_GAP,UNEXPECTED
2021-10-21 21:27:00,2021-10-21 21:30:00,3.0,UNEXPECTED_SHORT_GAP,UNEXPECTED
2021-10-21 21:31:00,2021-10-21 21:33:00,2.0,UNEXPECTED_SHORT_GAP,UNEXPECTED
2021-10-21 21:33:00,2021-10-21 21:41:00,8.0,UNEXPECTED_INTRADAY_GAP,UNEXPECTED
2021-10-21 21:41:00,2021-10-21 21:43:00,2.0,UNEXPECTED_SHORT_GAP,UNEXPECTED
2021-10-21 21:53:00,2021-10-21 21:56:00,3.0,UNEXPECTED_SHORT_GAP,UNEXPECTED
2021-10-21 21:58:00,2021-10-21 22:00:00,2.0,UNEXPECTED_SHORT_GAP,UNEXPECTED
2021-10-21 22:03:00,2021-10-21 22:05:00,2.0,UNEXPECTED_SHORT_GAP,UNEXPECTED
2021-10-21 22:07:00,2021-10-21 22:09:00,2.0,UNEXPECTED_SHORT_GAP,UNEXPECTED
2021-10-21 22:11:00,2021-10-21 22:13:00,2.0,UNEXPECTED_SHORT_GAP,UNEXPECTED
2021-10-21 22:16:00,2021-10-21 22:21:00,5.0,UNEXPECTED_SHORT_GAP,UNEXPECTED
2021-10-21 22:22:00,2021-10-21 22:25:00,3.0,UNEXPECTED_SHORT_GAP,UNEXPECTED
2021-10-21 22:26:00,2021-10-21 22:29:00,3.0,UNEXPECTED_SHORT_GAP,UNEXPECTED
2021-10-21 22:30:00,2021-10-21 22:32:00,2.0,UNEXPECTED_SHORT_GAP,UNEXPECTED
2021-10-21 22:35:00,2021-10-21 22:37:00,2.0,UNEXPECTED_SHORT_GAP,UNEXPECTED
2021-10-21 22:40:00,2021-10-21 22:42:00,2.0,UNEXPECTED_SHORT_GAP,UNEXPECTED
2021-10-21 22:50:00,2021-10-21 22:52:00,2.0,UNEXPECTED_SHORT_GAP,UNEXPECTED
2021-10-21 22:52:00,2021-10-21 22:55:00,3.0,UNEXPECTED_SHORT_GAP,UNEXPECTED
2021-10-21 22:55:00,2021-10-21 22:57:00,2.0,UNEXPECTED_SHORT_GAP,UNEXPECTED
2021-10-21 23:00:00,2021-10-21 23:02:00,2.0,UNEXPECTED_SHORT_GAP,UNEXPECTED
2021-10-21 23:09:00,2021-10-21 23:11:00,2.0,UNEXPECTED_SHORT_GAP,UNEXPECTED
2021-10-21 23:13:00,2021-10-21 23:16:00,3.0,UNEXPECTED_SHORT_GAP,UNEXPECTED
2021-10-21 23:17:00,2021-10-21 23:19:00,2.0,UNEXPECTED_SHORT_GAP,UNEXPECTED
2021-10-21 23:25:00,2021-10-21 23:27:00,2.0,UNEXPECTED_SHORT_GAP,UNEXPECTED
2021-10-21 23:27:00,2021-10-21 23:29:00,2.0,UNEXPECTED_SHORT_GAP,UNEXPECTED
2021-10-21 23:45:00,2021-10-21 23:47:00,2.0,UNEXPECTED_SHORT_GAP,UNEXPECTED
2021-10-22 00:06:00,2021-10-22 00:08:00,2.0,UNEXPECTED_SHORT_GAP,UNEXPECTED
2021-10-22 00:36:00,2021-10-22 00:38:00,2.0,UNEXPECTED_SHORT_GAP,UNEXPECTED
2021-10-22 02:16:00,2021-10-22 02:18:00,2.0,UNEXPECTED_SHORT_GAP,UNEXPECTED
2021-10-22 02:18:00,2021-10-22 02:20:00,2.0,UNEXPECTED_SHORT_GAP,UNEXPECTED
2021-10-22 02:23:00,2021-10-22 02:25:00,2.0,UNEXPECTED_SHORT_GAP,UNEXPECTED
2021-10-22 04:06:00,2021-10-22 04:08:00,2.0,UNEXPECTED_SHORT_GAP,UNEXPECTED
2021-10-22 04:12:00,2021-10-22 04:14:00,2.0,UNEXPECTED_SHORT_GAP,UNEXPECTED
2021-10-22 04:17:00,2021-10-22 04:19:00,2.0,UNEXPECTED_SHORT_GAP,UNEXPECTED
2021-10-22 20:08:00,2021-10-22 20:11:00,3.0,UNEXPECTED_SHORT_GAP,UNEXPECTED
2021-10-22 20:13:00,2021-10-22 20:15:00,2.0,UNEXPECTED_SHORT_GAP,UNEXPECTED
2021-10-22 20:17:00,2021-10-22 20:19:00,2.0,UNEXPECTED_SHORT_GAP,UNEXPECTED
2021-10-22 20:36:00,2021-10-22 20:39:00,3.0,UNEXPECTED_SHORT_GAP,UNEXPECTED
2021-10-22 20:58:00,2021-10-24 21:06:00,2888.0,EXPECTED_WEEKEND_CLOSURE,EXPECTED
2021-10-24 21:11:00,2021-10-24 21:17:00,6.0,EXPECTED_WEEKEND_CLOSURE,EXPECTED
2021-10-24 21:17:00,2021-10-24 21:19:00,2.0,EXPECTED_WEEKEND_CLOSURE,EXPECTED
2021-10-24 21:26:00,2021-10-24 21:28:00,2.0,EXPECTED_WEEKEND_CLOSURE,EXPECTED
2021-10-24 21:28:00,2021-10-24 21:30:00,2.0,EXPECTED_WEEKEND_CLOSURE,EXPECTED
2021-10-24 21:31:00,2021-10-24 21:33:00,2.0,EXPECTED_WEEKEND_CLOSURE,EXPECTED
2021-10-24 21:35:00,2021-10-24 21:37:00,2.0,EXPECTED_WEEKEND_CLOSURE,EXPECTED
2021-10-24 21:38:00,2021-10-24 21:47:00,9.0,EXPECTED_WEEKEND_CLOSURE,EXPECTED
2021-10-24 21:47:00,2021-10-24 21:52:00,5.0,EXPECTED_WEEKEND_CLOSURE,EXPECTED
2021-10-24 21:53:00,2021-10-24 21:56:00,3.0,EXPECTED_WEEKEND_CLOSURE,EXPECTED
2021-10-24 22:08:00,2021-10-24 22:10:00,2.0,EXPECTED_WEEKEND_CLOSURE,EXPECTED
2021-10-24 22:11:00,2021-10-24 22:13:00,2.0,EXPECTED_WEEKEND_CLOSURE,EXPECTED
2021-10-24 22:17:00,2021-10-24 22:20:00,3.0,EXPECTED_WEEKEND_CLOSURE,EXPECTED
2021-10-24 22:23:00,2021-10-24 22:25:00,2.0,EXPECTED_WEEKEND_CLOSURE,EXPECTED
2021-10-24 22:27:00,2021-10-24 22:29:00,2.0,EXPECTED_WEEKEND_CLOSURE,EXPECTED
2021-10-24 22:35:00,2021-10-24 22:37:00,2.0,EXPECTED_WEEKEND_CLOSURE,EXPECTED
2021-10-24 22:40:00,2021-10-24 22:42:00,2.0,EXPECTED_WEEKEND_CLOSURE,EXPECTED
2021-10-24 22:45:00,2021-10-24 22:48:00,3.0,EXPECTED_WEEKEND_CLOSURE,EXPECTED
2021-10-24 22:49:00,2021-10-24 22:51:00,2.0,EXPECTED_WEEKEND_CLOSURE,EXPECTED
2021-10-24 22:54:00,2021-10-24 22:56:00,2.0,EXPECTED_WEEKEND_CLOSURE,EXPECTED
2021-10-24 23:17:00,2021-10-24 23:19:00,2.0,EXPECTED_WEEKEND_CLOSURE,EXPECTED
2021-10-24 23:23:00,2021-10-24 23:25:00,2.0,EXPECTED_WEEKEND_CLOSURE,EXPECTED
2021-10-24 23:37:00,2021-10-24 23:39:00,2.0,EXPECTED_WEEKEND_CLOSURE,EXPECTED
2021-10-24 23:48:00,2021-10-24 23:50:00,2.0,EXPECTED_WEEKEND_CLOSURE,EXPECTED
2021-10-25 02:45:00,2021-10-25 02:47:00,2.0,UNEXPECTED_SHORT_GAP,UNEXPECTED
2021-10-25 04:13:00,2021-10-25 04:15:00,2.0,UNEXPECTED_SHORT_GAP,UNEXPECTED
2021-10-25 04:26:00,2021-10-25 04:28:00,2.0,UNEXPECTED_SHORT_GAP,UNEXPECTED
2021-10-25 17:34:00,2021-10-25 17:36:00,2.0,UNEXPECTED_SHORT_GAP,UNEXPECTED
2021-10-25 18:25:00,2021-10-25 18:27:00,2.0,UNEXPECTED_SHORT_GAP,UNEXPECTED
2021-10-25 19:40:00,2021-10-25 19:42:00,2.0,UNEXPECTED_SHORT_GAP,UNEXPECTED
2021-10-25 20:12:00,2021-10-25 20:14:00,2.0,UNEXPECTED_SHORT_GAP,UNEXPECTED
2021-10-25 20:25:00,2021-10-25 20:27:00,2.0,UNEXPECTED_SHORT_GAP,UNEXPECTED
2021-10-25 20:27:00,2021-10-25 20:30:00,3.0,UNEXPECTED_SHORT_GAP,UNEXPECTED
2021-10-25 20:30:00,2021-10-25 20:32:00,2.0,UNEXPECTED_SHORT_GAP,UNEXPECTED
2021-10-25 20:34:00,2021-10-25 20:36:00,2.0,UNEXPECTED_SHORT_GAP,UNEXPECTED
2021-10-25 20:41:00,2021-10-25 20:43:00,2.0,UNEXPECTED_SHORT_GAP,UNEXPECTED
2021-10-25 20:43:00,2021-10-25 20:45:00,2.0,UNEXPECTED_SHORT_GAP,UNEXPECTED
2021-10-25 20:46:00,2021-10-25 20:48:00,2.0,UNEXPECTED_SHORT_GAP,UNEXPECTED
2021-10-25 20:59:00,2021-10-25 21:01:00,2.0,UNEXPECTED_SHORT_GAP,UNEXPECTED
2021-10-25 21:02:00,2021-10-25 21:05:00,3.0,UNEXPECTED_SHORT_GAP,UNEXPECTED
2021-10-25 21:14:00,2021-10-25 21:16:00,2.0,UNEXPECTED_SHORT_GAP,UNEXPECTED
2021-10-25 21:19:00,2021-10-25 21:21:00,2.0,UNEXPECTED_SHORT_GAP,UNEXPECTED
2021-10-25 21:38:00,2021-10-25 21:40:00,2.0,UNEXPECTED_SHORT_GAP,UNEXPECTED
2021-10-25 21:42:00,2021-10-25 21:44:00,2.0,UNEXPECTED_SHORT_GAP,UNEXPECTED
2021-10-25 21:50:00,2021-10-25 21:53:00,3.0,UNEXPECTED_SHORT_GAP,UNEXPECTED
2021-10-25 21:55:00,2021-10-25 21:58:00,3.0,UNEXPECTED_SHORT_GAP,UNEXPECTED
2021-10-25 22:10:00,2021-10-25 22:13:00,3.0,UNEXPECTED_SHORT_GAP,UNEXPECTED
2021-10-25 22:13:00,2021-10-25 22:15:00,2.0,UNEXPECTED_SHORT_GAP,UNEXPECTED
2021-10-25 22:19:00,2021-10-25 22:22:00,3.0,UNEXPECTED_SHORT_GAP,UNEXPECTED
2021-10-25 22:22:00,2021-10-25 22:24:00,2.0,UNEXPECTED_SHORT_GAP,UNEXPECTED
2021-10-25 22:25:00,2021-10-25 22:31:00,6.0,UNEXPECTED_INTRADAY_GAP,UNEXPECTED
2021-10-25 22:37:00,2021-10-25 22:39:00,2.0,UNEXPECTED_SHORT_GAP,UNEXPECTED
2021-10-25 22:45:00,2021-10-25 22:48:00,3.0,UNEXPECTED_SHORT_GAP,UNEXPECTED
2021-10-25 22:48:00,2021-10-25 22:50:00,2.0,UNEXPECTED_SHORT_GAP,UNEXPECTED
2021-10-25 22:54:00,2021-10-25 22:57:00,3.0,UNEXPECTED_SHORT_GAP,UNEXPECTED
2021-10-25 22:58:00,2021-10-25 23:00:00,2.0,UNEXPECTED_SHORT_GAP,UNEXPECTED
2021-10-25 23:03:00,2021-10-25 23:05:00,2.0,UNEXPECTED_SHORT_GAP,UNEXPECTED
2021-10-25 23:05:00,2021-10-25 23:07:00,2.0,UNEXPECTED_SHORT_GAP,UNEXPECTED
2021-10-25 23:09:00,2021-10-25 23:11:00,2.0,UNEXPECTED_SHORT_GAP,UNEXPECTED
2021-10-25 23:11:00,2021-10-25 23:21:00,10.0,UNEXPECTED_INTRADAY_GAP,UNEXPECTED
2021-10-25 23:23:00,2021-10-25 23:27:00,4.0,UNEXPECTED_SHORT_GAP,UNEXPECTED
2021-10-25 23:32:00,2021-10-25 23:34:00,2.0,UNEXPECTED_SHORT_GAP,UNEXPECTED
2021-10-25 23:34:00,2021-10-25 23:36:00,2.0,UNEXPECTED_SHORT_GAP,UNEXPECTED
2021-10-25 23:36:00,2021-10-25 23:39:00,3.0,UNEXPECTED_SHORT_GAP,UNEXPECTED
2021-10-25 23:42:00,2021-10-25 23:44:00,2.0,UNEXPECTED_SHORT_GAP,UNEXPECTED
2021-10-25 23:45:00,2021-10-25 23:49:00,4.0,UNEXPECTED_SHORT_GAP,UNEXPECTED
2021-10-25 23:49:00,2021-10-25 23:52:00,3.0,UNEXPECTED_SHORT_GAP,UNEXPECTED
2021-10-25 23:54:00,2021-10-25 23:56:00,2.0,UNEXPECTED_SHORT_GAP,UNEXPECTED
2021-10-25 23:56:00,2021-10-26 00:00:00,4.0,EXPECTED_DAILY_ROLLOVER,EXPECTED
2021-10-26 00:12:00,2021-10-26 00:14:00,2.0,UNEXPECTED_SHORT_GAP,UNEXPECTED
2021-10-26 03:21:00,2021-10-26 03:23:00,2.0,UNEXPECTED_SHORT_GAP,UNEXPECTED
2021-10-26 03:30:00,2021-10-26 03:33:00,3.0,UNEXPECTED_SHORT_GAP,UNEXPECTED
2021-10-26 03:40:00,2021-10-26 03:45:00,5.0,UNEXPECTED_SHORT_GAP,UNEXPECTED
2021-10-26 03:53:00,2021-10-26 03:55:00,2.0,UNEXPECTED_SHORT_GAP,UNEXPECTED
2021-10-26 03:59:00,2021-10-26 04:01:00,2.0,UNEXPECTED_SHORT_GAP,UNEXPECTED
2021-10-26 04:45:00,2021-10-26 04:47:00,2.0,UNEXPECTED_SHORT_GAP,UNEXPECTED
2021-10-26 04:47:00,2021-10-26 04:49:00,2.0,UNEXPECTED_SHORT_GAP,UNEXPECTED
2021-10-26 05:03:00,2021-10-26 05:05:00,2.0,UNEXPECTED_SHORT_GAP,UNEXPECTED
2021-10-26 19:45:00,2021-10-26 19:47:00,2.0,UNEXPECTED_SHORT_GAP,UNEXPECTED
2021-10-26 20:15:00,2021-10-26 20:17:00,2.0,UNEXPECTED_SHORT_GAP,UNEXPECTED
2021-10-26 20:25:00,2021-10-26 20:27:00,2.0,UNEXPECTED_SHORT_GAP,UNEXPECTED
2021-10-26 20:31:00,2021-10-26 20:33:00,2.0,UNEXPECTED_SHORT_GAP,UNEXPECTED
2021-10-26 20:37:00,2021-10-26 20:40:00,3.0,UNEXPECTED_SHORT_GAP,UNEXPECTED
2021-10-26 21:02:00,2021-10-26 21:05:00,3.0,UNEXPECTED_SHORT_GAP,UNEXPECTED
2021-10-26 22:06:00,2021-10-26 22:08:00,2.0,UNEXPECTED_SHORT_GAP,UNEXPECTED
2021-10-26 22:08:00,2021-10-26 22:11:00,3.0,UNEXPECTED_SHORT_GAP,UNEXPECTED
2021-10-26 22:16:00,2021-10-26 22:25:00,9.0,UNEXPECTED_INTRADAY_GAP,UNEXPECTED
2021-10-26 22:25:00,2021-10-26 22:36:00,11.0,UNEXPECTED_INTRADAY_GAP,UNEXPECTED
2021-10-26 22:36:00,2021-10-26 22:39:00,3.0,UNEXPECTED_SHORT_GAP,UNEXPECTED
2021-10-26 22:40:00,2021-10-26 22:44:00,4.0,UNEXPECTED_SHORT_GAP,UNEXPECTED
2021-10-26 22:44:00,2021-10-26 22:46:00,2.0,UNEXPECTED_SHORT_GAP,UNEXPECTED
2021-10-26 22:46:00,2021-10-26 22:51:00,5.0,UNEXPECTED_SHORT_GAP,UNEXPECTED
2021-10-26 22:52:00,2021-10-26 22:57:00,5.0,UNEXPECTED_SHORT_GAP,UNEXPECTED
2021-10-26 22:57:00,2021-10-26 22:59:00,2.0,UNEXPECTED_SHORT_GAP,UNEXPECTED
2021-10-26 23:05:00,2021-10-26 23:08:00,3.0,UNEXPECTED_SHORT_GAP,UNEXPECTED
2021-10-26 23:10:00,2021-10-26 23:12:00,2.0,UNEXPECTED_SHORT_GAP,UNEXPECTED
2021-10-26 23:12:00,2021-10-26 23:14:00,2.0,UNEXPECTED_SHORT_GAP,UNEXPECTED
2021-10-26 23:15:00,2021-10-26 23:17:00,2.0,UNEXPECTED_SHORT_GAP,UNEXPECTED
2021-10-26 23:19:00,2021-10-26 23:21:00,2.0,UNEXPECTED_SHORT_GAP,UNEXPECTED
2021-10-26 23:32:00,2021-10-26 23:36:00,4.0,UNEXPECTED_SHORT_GAP,UNEXPECTED
2021-10-26 23:38:00,2021-10-26 23:40:00,2.0,UNEXPECTED_SHORT_GAP,UNEXPECTED
2021-10-26 23:45:00,2021-10-26 23:47:00,2.0,UNEXPECTED_SHORT_GAP,UNEXPECTED
2021-10-27 02:23:00,2021-10-27 02:25:00,2.0,UNEXPECTED_SHORT_GAP,UNEXPECTED
2021-10-27 02:39:00,2021-10-27 02:41:00,2.0,UNEXPECTED_SHORT_GAP,UNEXPECTED
2021-10-27 02:47:00,2021-10-27 02:49:00,2.0,UNEXPECTED_SHORT_GAP,UNEXPECTED
2021-10-27 03:18:00,2021-10-27 03:21:00,3.0,UNEXPECTED_SHORT_GAP,UNEXPECTED
2021-10-27 03:55:00,2021-10-27 03:57:00,2.0,UNEXPECTED_SHORT_GAP,UNEXPECTED
2021-10-27 04:41:00,2021-10-27 04:45:00,4.0,UNEXPECTED_SHORT_GAP,UNEXPECTED
2021-10-27 05:03:00,2021-10-27 05:05:00,2.0,UNEXPECTED_SHORT_GAP,UNEXPECTED
2021-10-27 05:28:00,2021-10-27 05:30:00,2.0,UNEXPECTED_SHORT_GAP,UNEXPECTED
2021-10-27 18:49:00,2021-10-27 18:51:00,2.0,UNEXPECTED_SHORT_GAP,UNEXPECTED
2021-10-27 20:15:00,2021-10-27 20:20:00,5.0,UNEXPECTED_SHORT_GAP,UNEXPECTED
2021-10-27 20:26:00,2021-10-27 20:28:00,2.0,UNEXPECTED_SHORT_GAP,UNEXPECTED
2021-10-27 20:33:00,2021-10-27 20:35:00,2.0,UNEXPECTED_SHORT_GAP,UNEXPECTED
2021-10-27 20:38:00,2021-10-27 20:41:00,3.0,UNEXPECTED_SHORT_GAP,UNEXPECTED
2021-10-27 20:41:00,2021-10-27 20:43:00,2.0,UNEXPECTED_SHORT_GAP,UNEXPECTED
2021-10-27 20:56:00,2021-10-27 20:58:00,2.0,UNEXPECTED_SHORT_GAP,UNEXPECTED
2021-10-27 21:02:00,2021-10-27 21:04:00,2.0,UNEXPECTED_SHORT_GAP,UNEXPECTED
2021-10-27 21:15:00,2021-10-27 21:17:00,2.0,UNEXPECTED_SHORT_GAP,UNEXPECTED
2021-10-27 21:19:00,2021-10-27 21:21:00,2.0,UNEXPECTED_SHORT_GAP,UNEXPECTED
2021-10-27 21:23:00,2021-10-27 21:25:00,2.0,UNEXPECTED_SHORT_GAP,UNEXPECTED
2021-10-27 21:34:00,2021-10-27 21:36:00,2.0,UNEXPECTED_SHORT_GAP,UNEXPECTED
2021-10-27 21:42:00,2021-10-27 21:44:00,2.0,UNEXPECTED_SHORT_GAP,UNEXPECTED
2021-10-27 21:46:00,2021-10-27 21:49:00,3.0,UNEXPECTED_SHORT_GAP,UNEXPECTED
2021-10-27 21:49:00,2021-10-27 21:51:00,2.0,UNEXPECTED_SHORT_GAP,UNEXPECTED
2021-10-27 21:51:00,2021-10-27 21:56:00,5.0,UNEXPECTED_SHORT_GAP,UNEXPECTED
2021-10-27 22:09:00,2021-10-27 22:13:00,4.0,UNEXPECTED_SHORT_GAP,UNEXPECTED
2021-10-27 22:15:00,2021-10-27 22:17:00,2.0,UNEXPECTED_SHORT_GAP,UNEXPECTED
2021-10-27 22:17:00,2021-10-27 22:19:00,2.0,UNEXPECTED_SHORT_GAP,UNEXPECTED
2021-10-27 22:21:00,2021-10-27 22:24:00,3.0,UNEXPECTED_SHORT_GAP,UNEXPECTED
2021-10-27 22:24:00,2021-10-27 22:27:00,3.0,UNEXPECTED_SHORT_GAP,UNEXPECTED
2021-10-27 22:32:00,2021-10-27 22:34:00,2.0,UNEXPECTED_SHORT_GAP,UNEXPECTED
2021-10-27 22:36:00,2021-10-27 22:38:00,2.0,UNEXPECTED_SHORT_GAP,UNEXPECTED
2021-10-27 22:44:00,2021-10-27 22:46:00,2.0,UNEXPECTED_SHORT_GAP,UNEXPECTED
2021-10-27 22:50:00,2021-10-27 22:53:00,3.0,UNEXPECTED_SHORT_GAP,UNEXPECTED
2021-10-27 22:56:00,2021-10-27 23:00:00,4.0,UNEXPECTED_SHORT_GAP,UNEXPECTED
2021-10-27 23:03:00,2021-10-27 23:05:00,2.0,UNEXPECTED_SHORT_GAP,UNEXPECTED
2021-10-27 23:19:00,2021-10-27 23:23:00,4.0,UNEXPECTED_SHORT_GAP,UNEXPECTED
2021-10-27 23:24:00,2021-10-27 23:26:00,2.0,UNEXPECTED_SHORT_GAP,UNEXPECTED
2021-10-27 23:43:00,2021-10-27 23:46:00,3.0,UNEXPECTED_SHORT_GAP,UNEXPECTED
2021-10-27 23:50:00,2021-10-27 23:52:00,2.0,UNEXPECTED_SHORT_GAP,UNEXPECTED
2021-10-28 03:21:00,2021-10-28 03:23:00,2.0,UNEXPECTED_SHORT_GAP,UNEXPECTED
2021-10-28 04:28:00,2021-10-28 04:30:00,2.0,UNEXPECTED_SHORT_GAP,UNEXPECTED
2021-10-28 05:23:00,2021-10-28 05:25:00,2.0,UNEXPECTED_SHORT_GAP,UNEXPECTED
2021-10-28 05:32:00,2021-10-28 05:35:00,3.0,UNEXPECTED_SHORT_GAP,UNEXPECTED
2021-10-28 20:22:00,2021-10-28 20:25:00,3.0,UNEXPECTED_SHORT_GAP,UNEXPECTED
2021-10-28 20:36:00,2021-10-28 20:43:00,7.0,UNEXPECTED_INTRADAY_GAP,UNEXPECTED
2021-10-28 21:03:00,2021-10-28 21:05:00,2.0,UNEXPECTED_SHORT_GAP,UNEXPECTED
2021-10-28 21:06:00,2021-10-28 21:08:00,2.0,UNEXPECTED_SHORT_GAP,UNEXPECTED
2021-10-28 21:16:00,2021-10-28 21:18:00,2.0,UNEXPECTED_SHORT_GAP,UNEXPECTED
2021-10-28 21:19:00,2021-10-28 21:21:00,2.0,UNEXPECTED_SHORT_GAP,UNEXPECTED
2021-10-28 21:24:00,2021-10-28 21:26:00,2.0,UNEXPECTED_SHORT_GAP,UNEXPECTED
2021-10-28 21:28:00,2021-10-28 21:30:00,2.0,UNEXPECTED_SHORT_GAP,UNEXPECTED
2021-10-28 21:33:00,2021-10-28 21:35:00,2.0,UNEXPECTED_SHORT_GAP,UNEXPECTED
2021-10-28 21:36:00,2021-10-28 21:38:00,2.0,UNEXPECTED_SHORT_GAP,UNEXPECTED
2021-10-28 21:38:00,2021-10-28 21:40:00,2.0,UNEXPECTED_SHORT_GAP,UNEXPECTED
2021-10-28 21:41:00,2021-10-28 21:44:00,3.0,UNEXPECTED_SHORT_GAP,UNEXPECTED
2021-10-28 22:06:00,2021-10-28 22:08:00,2.0,UNEXPECTED_SHORT_GAP,UNEXPECTED
2021-10-28 22:11:00,2021-10-28 22:13:00,2.0,UNEXPECTED_SHORT_GAP,UNEXPECTED
2021-10-28 22:20:00,2021-10-28 22:22:00,2.0,UNEXPECTED_SHORT_GAP,UNEXPECTED
2021-10-28 22:22:00,2021-10-28 22:24:00,2.0,UNEXPECTED_SHORT_GAP,UNEXPECTED
2021-10-28 22:26:00,2021-10-28 22:28:00,2.0,UNEXPECTED_SHORT_GAP,UNEXPECTED
2021-10-28 22:32:00,2021-10-28 22:35:00,3.0,UNEXPECTED_SHORT_GAP,UNEXPECTED
2021-10-28 22:35:00,2021-10-28 22:37:00,2.0,UNEXPECTED_SHORT_GAP,UNEXPECTED
2021-10-28 22:46:00,2021-10-28 22:49:00,3.0,UNEXPECTED_SHORT_GAP,UNEXPECTED
2021-10-28 22:51:00,2021-10-28 22:53:00,2.0,UNEXPECTED_SHORT_GAP,UNEXPECTED
2021-10-28 22:55:00,2021-10-28 22:57:00,2.0,UNEXPECTED_SHORT_GAP,UNEXPECTED
2021-10-28 22:57:00,2021-10-28 23:00:00,3.0,UNEXPECTED_SHORT_GAP,UNEXPECTED
2021-10-28 23:05:00,2021-10-28 23:07:00,2.0,UNEXPECTED_SHORT_GAP,UNEXPECTED
2021-10-28 23:14:00,2021-10-28 23:16:00,2.0,UNEXPECTED_SHORT_GAP,UNEXPECTED
2021-10-28 23:17:00,2021-10-28 23:19:00,2.0,UNEXPECTED_SHORT_GAP,UNEXPECTED
2021-10-28 23:20:00,2021-10-28 23:22:00,2.0,UNEXPECTED_SHORT_GAP,UNEXPECTED
2021-10-29 03:23:00,2021-10-29 03:25:00,2.0,UNEXPECTED_SHORT_GAP,UNEXPECTED
2021-10-29 03:55:00,2021-10-29 03:59:00,4.0,UNEXPECTED_SHORT_GAP,UNEXPECTED
2021-10-29 04:17:00,2021-10-29 04:19:00,2.0,UNEXPECTED_SHORT_GAP,UNEXPECTED
2021-10-29 04:25:00,2021-10-29 04:27:00,2.0,UNEXPECTED_SHORT_GAP,UNEXPECTED
2021-10-29 04:30:00,2021-10-29 04:32:00,2.0,UNEXPECTED_SHORT_GAP,UNEXPECTED
2021-10-29 04:52:00,2021-10-29 04:55:00,3.0,UNEXPECTED_SHORT_GAP,UNEXPECTED
2021-10-29 17:40:00,2021-10-29 17:42:00,2.0,UNEXPECTED_SHORT_GAP,UNEXPECTED
2021-10-29 20:20:00,2021-10-29 20:23:00,3.0,UNEXPECTED_SHORT_GAP,UNEXPECTED
2021-10-29 20:29:00,2021-10-29 20:31:00,2.0,UNEXPECTED_SHORT_GAP,UNEXPECTED
2021-10-29 20:35:00,2021-10-29 20:37:00,2.0,UNEXPECTED_SHORT_GAP,UNEXPECTED
2021-10-29 20:58:00,2021-10-31 21:10:00,2892.0,EXPECTED_WEEKEND_CLOSURE,EXPECTED
2021-10-31 21:10:00,2021-10-31 21:12:00,2.0,EXPECTED_WEEKEND_CLOSURE,EXPECTED
2021-10-31 21:12:00,2021-10-31 21:15:00,3.0,EXPECTED_WEEKEND_CLOSURE,EXPECTED
2021-10-31 21:25:00,2021-10-31 21:27:00,2.0,EXPECTED_WEEKEND_CLOSURE,EXPECTED
2021-10-31 21:31:00,2021-10-31 21:33:00,2.0,EXPECTED_WEEKEND_CLOSURE,EXPECTED
2021-10-31 22:03:00,2021-10-31 22:05:00,2.0,EXPECTED_WEEKEND_CLOSURE,EXPECTED
2021-10-31 22:11:00,2021-10-31 22:13:00,2.0,EXPECTED_WEEKEND_CLOSURE,EXPECTED
2021-10-31 22:13:00,2021-10-31 22:15:00,2.0,EXPECTED_WEEKEND_CLOSURE,EXPECTED
2021-10-31 22:20:00,2021-10-31 22:22:00,2.0,EXPECTED_WEEKEND_CLOSURE,EXPECTED
2021-10-31 22:23:00,2021-10-31 22:26:00,3.0,EXPECTED_WEEKEND_CLOSURE,EXPECTED
2021-10-31 22:36:00,2021-10-31 22:38:00,2.0,EXPECTED_WEEKEND_CLOSURE,EXPECTED
2021-10-31 22:40:00,2021-10-31 22:42:00,2.0,EXPECTED_WEEKEND_CLOSURE,EXPECTED
2021-10-31 22:42:00,2021-10-31 22:44:00,2.0,EXPECTED_WEEKEND_CLOSURE,EXPECTED
2021-10-31 22:55:00,2021-10-31 22:57:00,2.0,EXPECTED_WEEKEND_CLOSURE,EXPECTED
2021-10-31 23:03:00,2021-10-31 23:05:00,2.0,EXPECTED_WEEKEND_CLOSURE,EXPECTED
2021-10-31 23:17:00,2021-10-31 23:19:00,2.0,EXPECTED_WEEKEND_CLOSURE,EXPECTED
2021-10-31 23:24:00,2021-10-31 23:26:00,2.0,EXPECTED_WEEKEND_CLOSURE,EXPECTED
2021-10-31 23:32:00,2021-10-31 23:34:00,2.0,EXPECTED_WEEKEND_CLOSURE,EXPECTED
2021-10-31 23:34:00,2021-10-31 23:37:00,3.0,EXPECTED_WEEKEND_CLOSURE,EXPECTED
2021-11-01 01:20:00,2021-11-01 01:22:00,2.0,UNEXPECTED_SHORT_GAP,UNEXPECTED
2021-11-01 03:37:00,2021-11-01 03:39:00,2.0,UNEXPECTED_SHORT_GAP,UNEXPECTED
2021-11-01 03:41:00,2021-11-01 03:43:00,2.0,UNEXPECTED_SHORT_GAP,UNEXPECTED
2021-11-01 03:44:00,2021-11-01 03:46:00,2.0,UNEXPECTED_SHORT_GAP,UNEXPECTED
2021-11-01 03:49:00,2021-11-01 03:51:00,2.0,UNEXPECTED_SHORT_GAP,UNEXPECTED
2021-11-01 04:07:00,2021-11-01 04:09:00,2.0,UNEXPECTED_SHORT_GAP,UNEXPECTED
2021-11-01 04:40:00,2021-11-01 04:42:00,2.0,UNEXPECTED_SHORT_GAP,UNEXPECTED
2021-11-01 04:42:00,2021-11-01 04:44:00,2.0,UNEXPECTED_SHORT_GAP,UNEXPECTED
2021-11-01 04:49:00,2021-11-01 04:51:00,2.0,UNEXPECTED_SHORT_GAP,UNEXPECTED
2021-11-01 19:29:00,2021-11-01 19:31:00,2.0,UNEXPECTED_SHORT_GAP,UNEXPECTED
2021-11-01 19:38:00,2021-11-01 19:40:00,2.0,UNEXPECTED_SHORT_GAP,UNEXPECTED
2021-11-01 19:41:00,2021-11-01 19:43:00,2.0,UNEXPECTED_SHORT_GAP,UNEXPECTED
2021-11-01 19:44:00,2021-11-01 19:46:00,2.0,UNEXPECTED_SHORT_GAP,UNEXPECTED
2021-11-01 19:46:00,2021-11-01 19:48:00,2.0,UNEXPECTED_SHORT_GAP,UNEXPECTED
2021-11-01 20:04:00,2021-11-01 20:06:00,2.0,UNEXPECTED_SHORT_GAP,UNEXPECTED
2021-11-01 20:10:00,2021-11-01 20:13:00,3.0,UNEXPECTED_SHORT_GAP,UNEXPECTED
2021-11-01 20:14:00,2021-11-01 20:17:00,3.0,UNEXPECTED_SHORT_GAP,UNEXPECTED
2021-11-01 20:26:00,2021-11-01 20:28:00,2.0,UNEXPECTED_SHORT_GAP,UNEXPECTED
2021-11-01 20:37:00,2021-11-01 20:39:00,2.0,UNEXPECTED_SHORT_GAP,UNEXPECTED
2021-11-01 20:41:00,2021-11-01 20:44:00,3.0,UNEXPECTED_SHORT_GAP,UNEXPECTED
2021-11-01 20:59:00,2021-11-01 21:01:00,2.0,UNEXPECTED_SHORT_GAP,UNEXPECTED
2021-11-01 21:55:00,2021-11-01 21:57:00,2.0,UNEXPECTED_SHORT_GAP,UNEXPECTED
2021-11-01 22:02:00,2021-11-01 22:05:00,3.0,UNEXPECTED_SHORT_GAP,UNEXPECTED
2021-11-01 22:05:00,2021-11-01 22:07:00,2.0,UNEXPECTED_SHORT_GAP,UNEXPECTED
2021-11-01 22:09:00,2021-11-01 22:14:00,5.0,UNEXPECTED_SHORT_GAP,UNEXPECTED
2021-11-01 22:15:00,2021-11-01 22:18:00,3.0,UNEXPECTED_SHORT_GAP,UNEXPECTED
2021-11-01 22:18:00,2021-11-01 22:20:00,2.0,UNEXPECTED_SHORT_GAP,UNEXPECTED
2021-11-01 22:21:00,2021-11-01 22:24:00,3.0,UNEXPECTED_SHORT_GAP,UNEXPECTED
2021-11-01 22:34:00,2021-11-01 22:38:00,4.0,UNEXPECTED_SHORT_GAP,UNEXPECTED
2021-11-01 22:38:00,2021-11-01 22:40:00,2.0,UNEXPECTED_SHORT_GAP,UNEXPECTED
2021-11-01 22:40:00,2021-11-01 22:42:00,2.0,UNEXPECTED_SHORT_GAP,UNEXPECTED
2021-11-01 22:42:00,2021-11-01 22:44:00,2.0,UNEXPECTED_SHORT_GAP,UNEXPECTED
2021-11-01 22:46:00,2021-11-01 22:51:00,5.0,UNEXPECTED_SHORT_GAP,UNEXPECTED
2021-11-01 22:52:00,2021-11-01 22:57:00,5.0,UNEXPECTED_SHORT_GAP,UNEXPECTED
2021-11-01 23:09:00,2021-11-01 23:13:00,4.0,UNEXPECTED_SHORT_GAP,UNEXPECTED
2021-11-01 23:16:00,2021-11-01 23:18:00,2.0,UNEXPECTED_SHORT_GAP,UNEXPECTED
2021-11-01 23:25:00,2021-11-01 23:28:00,3.0,UNEXPECTED_SHORT_GAP,UNEXPECTED
2021-11-01 23:36:00,2021-11-01 23:39:00,3.0,UNEXPECTED_SHORT_GAP,UNEXPECTED
2021-11-01 23:41:00,2021-11-01 23:43:00,2.0,UNEXPECTED_SHORT_GAP,UNEXPECTED
2021-11-01 23:44:00,2021-11-01 23:46:00,2.0,UNEXPECTED_SHORT_GAP,UNEXPECTED
2021-11-01 23:46:00,2021-11-01 23:48:00,2.0,UNEXPECTED_SHORT_GAP,UNEXPECTED
2021-11-01 23:51:00,2021-11-01 23:53:00,2.0,UNEXPECTED_SHORT_GAP,UNEXPECTED
2021-11-02 00:26:00,2021-11-02 00:28:00,2.0,UNEXPECTED_SHORT_GAP,UNEXPECTED
2021-11-02 01:26:00,2021-11-02 01:28:00,2.0,UNEXPECTED_SHORT_GAP,UNEXPECTED
2021-11-02 01:55:00,2021-11-02 01:57:00,2.0,UNEXPECTED_SHORT_GAP,UNEXPECTED
2021-11-02 02:15:00,2021-11-02 02:17:00,2.0,UNEXPECTED_SHORT_GAP,UNEXPECTED
2021-11-02 02:20:00,2021-11-02 02:22:00,2.0,UNEXPECTED_SHORT_GAP,UNEXPECTED
2021-11-02 04:12:00,2021-11-02 04:14:00,2.0,UNEXPECTED_SHORT_GAP,UNEXPECTED
2021-11-02 17:01:00,2021-11-02 17:03:00,2.0,UNEXPECTED_SHORT_GAP,UNEXPECTED
2021-11-02 17:56:00,2021-11-02 17:58:00,2.0,UNEXPECTED_SHORT_GAP,UNEXPECTED
2021-11-02 19:19:00,2021-11-02 19:21:00,2.0,UNEXPECTED_SHORT_GAP,UNEXPECTED
2021-11-02 20:03:00,2021-11-02 20:05:00,2.0,UNEXPECTED_SHORT_GAP,UNEXPECTED
2021-11-02 20:08:00,2021-11-02 20:11:00,3.0,UNEXPECTED_SHORT_GAP,UNEXPECTED
2021-11-02 20:15:00,2021-11-02 20:17:00,2.0,UNEXPECTED_SHORT_GAP,UNEXPECTED
2021-11-02 20:21:00,2021-11-02 20:25:00,4.0,UNEXPECTED_SHORT_GAP,UNEXPECTED
2021-11-02 20:25:00,2021-11-02 20:28:00,3.0,UNEXPECTED_SHORT_GAP,UNEXPECTED
2021-11-02 20:29:00,2021-11-02 20:31:00,2.0,UNEXPECTED_SHORT_GAP,UNEXPECTED
2021-11-02 20:32:00,2021-11-02 20:34:00,2.0,UNEXPECTED_SHORT_GAP,UNEXPECTED
2021-11-02 20:40:00,2021-11-02 20:43:00,3.0,UNEXPECTED_SHORT_GAP,UNEXPECTED
2021-11-02 20:43:00,2021-11-02 20:45:00,2.0,UNEXPECTED_SHORT_GAP,UNEXPECTED
2021-11-02 20:46:00,2021-11-02 20:49:00,3.0,UNEXPECTED_SHORT_GAP,UNEXPECTED
2021-11-02 20:59:00,2021-11-02 21:01:00,2.0,UNEXPECTED_SHORT_GAP,UNEXPECTED
2021-11-02 21:03:00,2021-11-02 21:05:00,2.0,UNEXPECTED_SHORT_GAP,UNEXPECTED
2021-11-02 21:22:00,2021-11-02 21:24:00,2.0,UNEXPECTED_SHORT_GAP,UNEXPECTED
2021-11-02 22:11:00,2021-11-02 22:14:00,3.0,UNEXPECTED_SHORT_GAP,UNEXPECTED
2021-11-02 22:15:00,2021-11-02 22:20:00,5.0,UNEXPECTED_SHORT_GAP,UNEXPECTED
2021-11-02 22:23:00,2021-11-02 22:30:00,7.0,UNEXPECTED_INTRADAY_GAP,UNEXPECTED
2021-11-02 22:33:00,2021-11-02 22:35:00,2.0,UNEXPECTED_SHORT_GAP,UNEXPECTED
2021-11-02 22:35:00,2021-11-02 22:37:00,2.0,UNEXPECTED_SHORT_GAP,UNEXPECTED
2021-11-02 22:39:00,2021-11-02 22:41:00,2.0,UNEXPECTED_SHORT_GAP,UNEXPECTED
2021-11-02 22:41:00,2021-11-02 22:43:00,2.0,UNEXPECTED_SHORT_GAP,UNEXPECTED
2021-11-02 22:45:00,2021-11-02 22:53:00,8.0,UNEXPECTED_INTRADAY_GAP,UNEXPECTED
2021-11-02 22:55:00,2021-11-02 22:57:00,2.0,UNEXPECTED_SHORT_GAP,UNEXPECTED
2021-11-02 23:01:00,2021-11-02 23:04:00,3.0,UNEXPECTED_SHORT_GAP,UNEXPECTED
2021-11-02 23:21:00,2021-11-02 23:24:00,3.0,UNEXPECTED_SHORT_GAP,UNEXPECTED
2021-11-02 23:25:00,2021-11-02 23:27:00,2.0,UNEXPECTED_SHORT_GAP,UNEXPECTED
2021-11-02 23:32:00,2021-11-02 23:34:00,2.0,UNEXPECTED_SHORT_GAP,UNEXPECTED
2021-11-02 23:34:00,2021-11-02 23:39:00,5.0,UNEXPECTED_SHORT_GAP,UNEXPECTED
2021-11-02 23:40:00,2021-11-02 23:42:00,2.0,UNEXPECTED_SHORT_GAP,UNEXPECTED
2021-11-02 23:48:00,2021-11-02 23:52:00,4.0,UNEXPECTED_SHORT_GAP,UNEXPECTED
2021-11-02 23:53:00,2021-11-02 23:55:00,2.0,UNEXPECTED_SHORT_GAP,UNEXPECTED
2021-11-02 23:55:00,2021-11-02 23:57:00,2.0,UNEXPECTED_SHORT_GAP,UNEXPECTED
2021-11-02 23:58:00,2021-11-03 00:00:00,2.0,EXPECTED_DAILY_ROLLOVER,EXPECTED
2021-11-03 00:35:00,2021-11-03 00:37:00,2.0,UNEXPECTED_SHORT_GAP,UNEXPECTED
2021-11-03 00:44:00,2021-11-03 00:46:00,2.0,UNEXPECTED_SHORT_GAP,UNEXPECTED
2021-11-03 01:17:00,2021-11-03 01:19:00,2.0,UNEXPECTED_SHORT_GAP,UNEXPECTED
2021-11-03 01:55:00,2021-11-03 01:57:00,2.0,UNEXPECTED_SHORT_GAP,UNEXPECTED
2021-11-03 03:39:00,2021-11-03 03:41:00,2.0,UNEXPECTED_SHORT_GAP,UNEXPECTED
2021-11-03 03:52:00,2021-11-03 03:55:00,3.0,UNEXPECTED_SHORT_GAP,UNEXPECTED
2021-11-03 04:07:00,2021-11-03 04:09:00,2.0,UNEXPECTED_SHORT_GAP,UNEXPECTED
2021-11-03 05:07:00,2021-11-03 05:09:00,2.0,UNEXPECTED_SHORT_GAP,UNEXPECTED
2021-11-03 20:16:00,2021-11-03 20:18:00,2.0,UNEXPECTED_SHORT_GAP,UNEXPECTED
2021-11-03 20:31:00,2021-11-03 20:34:00,3.0,UNEXPECTED_SHORT_GAP,UNEXPECTED
2021-11-03 20:34:00,2021-11-03 20:36:00,2.0,UNEXPECTED_SHORT_GAP,UNEXPECTED
2021-11-03 21:00:00,2021-11-03 21:02:00,2.0,UNEXPECTED_SHORT_GAP,UNEXPECTED
2021-11-03 21:06:00,2021-11-03 21:08:00,2.0,UNEXPECTED_SHORT_GAP,UNEXPECTED
2021-11-03 21:18:00,2021-11-03 21:20:00,2.0,UNEXPECTED_SHORT_GAP,UNEXPECTED
2021-11-03 21:37:00,2021-11-03 21:39:00,2.0,UNEXPECTED_SHORT_GAP,UNEXPECTED
2021-11-03 21:42:00,2021-11-03 21:45:00,3.0,UNEXPECTED_SHORT_GAP,UNEXPECTED
2021-11-03 21:47:00,2021-11-03 21:50:00,3.0,UNEXPECTED_SHORT_GAP,UNEXPECTED
2021-11-03 22:03:00,2021-11-03 22:05:00,2.0,UNEXPECTED_SHORT_GAP,UNEXPECTED
2021-11-03 22:06:00,2021-11-03 22:08:00,2.0,UNEXPECTED_SHORT_GAP,UNEXPECTED
2021-11-03 22:11:00,2021-11-03 22:13:00,2.0,UNEXPECTED_SHORT_GAP,UNEXPECTED
2021-11-03 22:15:00,2021-11-03 22:17:00,2.0,UNEXPECTED_SHORT_GAP,UNEXPECTED
2021-11-03 22:25:00,2021-11-03 22:28:00,3.0,UNEXPECTED_SHORT_GAP,UNEXPECTED
2021-11-03 22:28:00,2021-11-03 22:30:00,2.0,UNEXPECTED_SHORT_GAP,UNEXPECTED
2021-11-03 22:31:00,2021-11-03 22:33:00,2.0,UNEXPECTED_SHORT_GAP,UNEXPECTED
2021-11-03 22:33:00,2021-11-03 22:36:00,3.0,UNEXPECTED_SHORT_GAP,UNEXPECTED
2021-11-03 22:36:00,2021-11-03 22:38:00,2.0,UNEXPECTED_SHORT_GAP,UNEXPECTED
2021-11-03 22:42:00,2021-11-03 22:45:00,3.0,UNEXPECTED_SHORT_GAP,UNEXPECTED
2021-11-03 22:46:00,2021-11-03 22:48:00,2.0,UNEXPECTED_SHORT_GAP,UNEXPECTED
2021-11-03 22:48:00,2021-11-03 22:50:00,2.0,UNEXPECTED_SHORT_GAP,UNEXPECTED
2021-11-03 22:52:00,2021-11-03 22:54:00,2.0,UNEXPECTED_SHORT_GAP,UNEXPECTED
2021-11-03 22:54:00,2021-11-03 22:57:00,3.0,UNEXPECTED_SHORT_GAP,UNEXPECTED
2021-11-03 22:57:00,2021-11-03 22:59:00,2.0,UNEXPECTED_SHORT_GAP,UNEXPECTED
2021-11-03 23:22:00,2021-11-03 23:24:00,2.0,UNEXPECTED_SHORT_GAP,UNEXPECTED
2021-11-03 23:33:00,2021-11-03 23:35:00,2.0,UNEXPECTED_SHORT_GAP,UNEXPECTED
2021-11-04 00:24:00,2021-11-04 00:26:00,2.0,UNEXPECTED_SHORT_GAP,UNEXPECTED
2021-11-04 02:21:00,2021-11-04 02:23:00,2.0,UNEXPECTED_SHORT_GAP,UNEXPECTED
2021-11-04 02:26:00,2021-11-04 02:28:00,2.0,UNEXPECTED_SHORT_GAP,UNEXPECTED
2021-11-04 02:31:00,2021-11-04 02:33:00,2.0,UNEXPECTED_SHORT_GAP,UNEXPECTED
2021-11-04 02:46:00,2021-11-04 02:49:00,3.0,UNEXPECTED_SHORT_GAP,UNEXPECTED
2021-11-04 03:04:00,2021-11-04 03:06:00,2.0,UNEXPECTED_SHORT_GAP,UNEXPECTED
2021-11-04 03:22:00,2021-11-04 03:25:00,3.0,UNEXPECTED_SHORT_GAP,UNEXPECTED
2021-11-04 04:18:00,2021-11-04 04:20:00,2.0,UNEXPECTED_SHORT_GAP,UNEXPECTED
2021-11-04 04:22:00,2021-11-04 04:24:00,2.0,UNEXPECTED_SHORT_GAP,UNEXPECTED
2021-11-04 04:39:00,2021-11-04 04:42:00,3.0,UNEXPECTED_SHORT_GAP,UNEXPECTED
2021-11-04 04:50:00,2021-11-04 04:52:00,2.0,UNEXPECTED_SHORT_GAP,UNEXPECTED
2021-11-04 05:09:00,2021-11-04 05:11:00,2.0,UNEXPECTED_SHORT_GAP,UNEXPECTED
2021-11-04 19:27:00,2021-11-04 19:29:00,2.0,UNEXPECTED_SHORT_GAP,UNEXPECTED
2021-11-04 19:51:00,2021-11-04 19:53:00,2.0,UNEXPECTED_SHORT_GAP,UNEXPECTED
2021-11-04 20:12:00,2021-11-04 20:14:00,2.0,UNEXPECTED_SHORT_GAP,UNEXPECTED
2021-11-04 20:22:00,2021-11-04 20:24:00,2.0,UNEXPECTED_SHORT_GAP,UNEXPECTED
2021-11-04 20:31:00,2021-11-04 20:33:00,2.0,UNEXPECTED_SHORT_GAP,UNEXPECTED
2021-11-04 20:34:00,2021-11-04 20:36:00,2.0,UNEXPECTED_SHORT_GAP,UNEXPECTED
2021-11-04 20:40:00,2021-11-04 20:44:00,4.0,UNEXPECTED_SHORT_GAP,UNEXPECTED
2021-11-04 21:17:00,2021-11-04 21:20:00,3.0,UNEXPECTED_SHORT_GAP,UNEXPECTED
2021-11-04 22:02:00,2021-11-04 22:05:00,3.0,UNEXPECTED_SHORT_GAP,UNEXPECTED
2021-11-04 22:09:00,2021-11-04 22:14:00,5.0,UNEXPECTED_SHORT_GAP,UNEXPECTED
2021-11-04 22:15:00,2021-11-04 22:17:00,2.0,UNEXPECTED_SHORT_GAP,UNEXPECTED
2021-11-04 22:20:00,2021-11-04 22:22:00,2.0,UNEXPECTED_SHORT_GAP,UNEXPECTED
2021-11-04 22:22:00,2021-11-04 22:24:00,2.0,UNEXPECTED_SHORT_GAP,UNEXPECTED
2021-11-04 22:33:00,2021-11-04 22:35:00,2.0,UNEXPECTED_SHORT_GAP,UNEXPECTED
2021-11-04 22:39:00,2021-11-04 22:41:00,2.0,UNEXPECTED_SHORT_GAP,UNEXPECTED
2021-11-04 22:42:00,2021-11-04 22:45:00,3.0,UNEXPECTED_SHORT_GAP,UNEXPECTED
2021-11-04 22:45:00,2021-11-04 22:56:00,11.0,UNEXPECTED_INTRADAY_GAP,UNEXPECTED
2021-11-04 22:56:00,2021-11-04 22:58:00,2.0,UNEXPECTED_SHORT_GAP,UNEXPECTED
2021-11-04 23:02:00,2021-11-04 23:04:00,2.0,UNEXPECTED_SHORT_GAP,UNEXPECTED
2021-11-04 23:20:00,2021-11-04 23:22:00,2.0,UNEXPECTED_SHORT_GAP,UNEXPECTED
2021-11-04 23:24:00,2021-11-04 23:26:00,2.0,UNEXPECTED_SHORT_GAP,UNEXPECTED
2021-11-04 23:26:00,2021-11-04 23:28:00,2.0,UNEXPECTED_SHORT_GAP,UNEXPECTED
2021-11-04 23:35:00,2021-11-04 23:37:00,2.0,UNEXPECTED_SHORT_GAP,UNEXPECTED
2021-11-04 23:37:00,2021-11-04 23:39:00,2.0,UNEXPECTED_SHORT_GAP,UNEXPECTED
2021-11-04 23:47:00,2021-11-04 23:49:00,2.0,UNEXPECTED_SHORT_GAP,UNEXPECTED
2021-11-04 23:52:00,2021-11-04 23:54:00,2.0,UNEXPECTED_SHORT_GAP,UNEXPECTED
2021-11-04 23:56:00,2021-11-04 23:58:00,2.0,UNEXPECTED_SHORT_GAP,UNEXPECTED
2021-11-05 03:10:00,2021-11-05 03:12:00,2.0,UNEXPECTED_SHORT_GAP,UNEXPECTED
2021-11-05 03:46:00,2021-11-05 03:48:00,2.0,UNEXPECTED_SHORT_GAP,UNEXPECTED
2021-11-05 04:00:00,2021-11-05 04:02:00,2.0,UNEXPECTED_SHORT_GAP,UNEXPECTED
2021-11-05 04:22:00,2021-11-05 04:24:00,2.0,UNEXPECTED_SHORT_GAP,UNEXPECTED
2021-11-05 05:15:00,2021-11-05 05:18:00,3.0,UNEXPECTED_SHORT_GAP,UNEXPECTED
2021-11-05 07:47:00,2021-11-05 07:49:00,2.0,UNEXPECTED_SHORT_GAP,UNEXPECTED
2021-11-05 19:18:00,2021-11-05 19:20:00,2.0,UNEXPECTED_SHORT_GAP,UNEXPECTED
2021-11-05 20:10:00,2021-11-05 20:12:00,2.0,UNEXPECTED_SHORT_GAP,UNEXPECTED
2021-11-05 20:12:00,2021-11-05 20:14:00,2.0,UNEXPECTED_SHORT_GAP,UNEXPECTED
2021-11-05 20:21:00,2021-11-05 20:24:00,3.0,UNEXPECTED_SHORT_GAP,UNEXPECTED
2021-11-05 20:25:00,2021-11-05 20:28:00,3.0,UNEXPECTED_SHORT_GAP,UNEXPECTED
2021-11-05 20:58:00,2021-11-07 22:05:00,2947.0,EXPECTED_WEEKEND_CLOSURE,EXPECTED
2021-11-07 22:10:00,2021-11-07 22:13:00,3.0,EXPECTED_WEEKEND_CLOSURE,EXPECTED
2021-11-07 22:13:00,2021-11-07 22:19:00,6.0,EXPECTED_WEEKEND_CLOSURE,EXPECTED
2021-11-07 22:31:00,2021-11-07 22:34:00,3.0,EXPECTED_WEEKEND_CLOSURE,EXPECTED
2021-11-07 23:34:00,2021-11-07 23:36:00,2.0,EXPECTED_WEEKEND_CLOSURE,EXPECTED
2021-11-07 23:56:00,2021-11-07 23:58:00,2.0,EXPECTED_WEEKEND_CLOSURE,EXPECTED
2021-11-08 00:43:00,2021-11-08 00:45:00,2.0,UNEXPECTED_SHORT_GAP,UNEXPECTED
2021-11-08 02:36:00,2021-11-08 02:38:00,2.0,UNEXPECTED_SHORT_GAP,UNEXPECTED
2021-11-08 03:50:00,2021-11-08 03:52:00,2.0,UNEXPECTED_SHORT_GAP,UNEXPECTED
2021-11-08 04:00:00,2021-11-08 04:02:00,2.0,UNEXPECTED_SHORT_GAP,UNEXPECTED
2021-11-08 04:02:00,2021-11-08 04:04:00,2.0,UNEXPECTED_SHORT_GAP,UNEXPECTED
2021-11-08 04:25:00,2021-11-08 04:27:00,2.0,UNEXPECTED_SHORT_GAP,UNEXPECTED
2021-11-08 04:27:00,2021-11-08 04:29:00,2.0,UNEXPECTED_SHORT_GAP,UNEXPECTED
2021-11-08 04:37:00,2021-11-08 04:41:00,4.0,UNEXPECTED_SHORT_GAP,UNEXPECTED
2021-11-08 05:02:00,2021-11-08 05:05:00,3.0,UNEXPECTED_SHORT_GAP,UNEXPECTED
2021-11-08 05:27:00,2021-11-08 05:29:00,2.0,UNEXPECTED_SHORT_GAP,UNEXPECTED
2021-11-08 18:39:00,2021-11-08 18:41:00,2.0,UNEXPECTED_SHORT_GAP,UNEXPECTED
2021-11-08 18:53:00,2021-11-08 18:55:00,2.0,UNEXPECTED_SHORT_GAP,UNEXPECTED
2021-11-08 19:45:00,2021-11-08 19:47:00,2.0,UNEXPECTED_SHORT_GAP,UNEXPECTED
2021-11-08 21:14:00,2021-11-08 21:16:00,2.0,UNEXPECTED_SHORT_GAP,UNEXPECTED
2021-11-08 21:18:00,2021-11-08 21:20:00,2.0,UNEXPECTED_SHORT_GAP,UNEXPECTED
2021-11-08 21:30:00,2021-11-08 21:32:00,2.0,UNEXPECTED_SHORT_GAP,UNEXPECTED
2021-11-08 21:32:00,2021-11-08 21:35:00,3.0,UNEXPECTED_SHORT_GAP,UNEXPECTED
2021-11-08 21:42:00,2021-11-08 21:44:00,2.0,UNEXPECTED_SHORT_GAP,UNEXPECTED
2021-11-08 21:55:00,2021-11-08 21:57:00,2.0,UNEXPECTED_SHORT_GAP,UNEXPECTED
2021-11-08 22:01:00,2021-11-08 22:03:00,2.0,UNEXPECTED_SHORT_GAP,UNEXPECTED
2021-11-08 22:09:00,2021-11-08 22:11:00,2.0,UNEXPECTED_SHORT_GAP,UNEXPECTED
2021-11-08 22:13:00,2021-11-08 22:15:00,2.0,UNEXPECTED_SHORT_GAP,UNEXPECTED
2021-11-08 22:36:00,2021-11-08 22:39:00,3.0,UNEXPECTED_SHORT_GAP,UNEXPECTED
2021-11-08 23:08:00,2021-11-08 23:10:00,2.0,UNEXPECTED_SHORT_GAP,UNEXPECTED
2021-11-08 23:19:00,2021-11-08 23:23:00,4.0,UNEXPECTED_SHORT_GAP,UNEXPECTED
2021-11-08 23:26:00,2021-11-08 23:30:00,4.0,UNEXPECTED_SHORT_GAP,UNEXPECTED
2021-11-08 23:32:00,2021-11-08 23:34:00,2.0,UNEXPECTED_SHORT_GAP,UNEXPECTED
2021-11-08 23:34:00,2021-11-08 23:45:00,11.0,UNEXPECTED_INTRADAY_GAP,UNEXPECTED
2021-11-08 23:45:00,2021-11-08 23:47:00,2.0,UNEXPECTED_SHORT_GAP,UNEXPECTED
2021-11-08 23:50:00,2021-11-08 23:54:00,4.0,UNEXPECTED_SHORT_GAP,UNEXPECTED
2021-11-08 23:54:00,2021-11-08 23:57:00,3.0,UNEXPECTED_SHORT_GAP,UNEXPECTED
2021-11-09 00:07:00,2021-11-09 00:09:00,2.0,UNEXPECTED_SHORT_GAP,UNEXPECTED
2021-11-09 00:20:00,2021-11-09 00:22:00,2.0,UNEXPECTED_SHORT_GAP,UNEXPECTED
2021-11-09 00:26:00,2021-11-09 00:29:00,3.0,UNEXPECTED_SHORT_GAP,UNEXPECTED
2021-11-09 00:55:00,2021-11-09 00:57:00,2.0,UNEXPECTED_SHORT_GAP,UNEXPECTED
2021-11-09 01:18:00,2021-11-09 01:20:00,2.0,UNEXPECTED_SHORT_GAP,UNEXPECTED
2021-11-09 05:05:00,2021-11-09 05:07:00,2.0,UNEXPECTED_SHORT_GAP,UNEXPECTED
2021-11-09 05:38:00,2021-11-09 05:40:00,2.0,UNEXPECTED_SHORT_GAP,UNEXPECTED
2021-11-09 18:36:00,2021-11-09 18:38:00,2.0,UNEXPECTED_SHORT_GAP,UNEXPECTED
2021-11-09 18:54:00,2021-11-09 18:56:00,2.0,UNEXPECTED_SHORT_GAP,UNEXPECTED
2021-11-09 20:12:00,2021-11-09 20:14:00,2.0,UNEXPECTED_SHORT_GAP,UNEXPECTED
2021-11-09 20:40:00,2021-11-09 20:42:00,2.0,UNEXPECTED_SHORT_GAP,UNEXPECTED
2021-11-09 21:07:00,2021-11-09 21:09:00,2.0,UNEXPECTED_SHORT_GAP,UNEXPECTED
2021-11-09 21:17:00,2021-11-09 21:21:00,4.0,UNEXPECTED_SHORT_GAP,UNEXPECTED
2021-11-09 21:21:00,2021-11-09 21:24:00,3.0,UNEXPECTED_SHORT_GAP,UNEXPECTED
2021-11-09 21:25:00,2021-11-09 21:27:00,2.0,UNEXPECTED_SHORT_GAP,UNEXPECTED
2021-11-09 21:27:00,2021-11-09 21:29:00,2.0,UNEXPECTED_SHORT_GAP,UNEXPECTED
2021-11-09 21:32:00,2021-11-09 21:34:00,2.0,UNEXPECTED_SHORT_GAP,UNEXPECTED
2021-11-09 21:35:00,2021-11-09 21:37:00,2.0,UNEXPECTED_SHORT_GAP,UNEXPECTED
2021-11-09 21:40:00,2021-11-09 21:44:00,4.0,UNEXPECTED_SHORT_GAP,UNEXPECTED
2021-11-09 21:45:00,2021-11-09 21:50:00,5.0,UNEXPECTED_SHORT_GAP,UNEXPECTED
2021-11-09 21:53:00,2021-11-09 21:55:00,2.0,UNEXPECTED_SHORT_GAP,UNEXPECTED
2021-11-09 21:59:00,2021-11-09 22:01:00,2.0,UNEXPECTED_SHORT_GAP,UNEXPECTED
2021-11-09 22:01:00,2021-11-09 22:05:00,4.0,UNEXPECTED_SHORT_GAP,UNEXPECTED
2021-11-09 22:18:00,2021-11-09 22:20:00,2.0,UNEXPECTED_SHORT_GAP,UNEXPECTED
2021-11-09 22:20:00,2021-11-09 22:22:00,2.0,UNEXPECTED_SHORT_GAP,UNEXPECTED
2021-11-09 22:23:00,2021-11-09 22:28:00,5.0,UNEXPECTED_SHORT_GAP,UNEXPECTED
2021-11-09 22:38:00,2021-11-09 22:40:00,2.0,UNEXPECTED_SHORT_GAP,UNEXPECTED
2021-11-09 22:42:00,2021-11-09 22:46:00,4.0,UNEXPECTED_SHORT_GAP,UNEXPECTED
2021-11-09 22:48:00,2021-11-09 22:51:00,3.0,UNEXPECTED_SHORT_GAP,UNEXPECTED
2021-11-09 22:54:00,2021-11-09 22:57:00,3.0,UNEXPECTED_SHORT_GAP,UNEXPECTED
2021-11-09 23:06:00,2021-11-09 23:08:00,2.0,UNEXPECTED_SHORT_GAP,UNEXPECTED
2021-11-09 23:26:00,2021-11-09 23:28:00,2.0,UNEXPECTED_SHORT_GAP,UNEXPECTED
2021-11-09 23:30:00,2021-11-09 23:32:00,2.0,UNEXPECTED_SHORT_GAP,UNEXPECTED
2021-11-09 23:36:00,2021-11-09 23:44:00,8.0,UNEXPECTED_INTRADAY_GAP,UNEXPECTED
2021-11-09 23:44:00,2021-11-09 23:46:00,2.0,UNEXPECTED_SHORT_GAP,UNEXPECTED
2021-11-09 23:48:00,2021-11-09 23:51:00,3.0,UNEXPECTED_SHORT_GAP,UNEXPECTED
2021-11-09 23:53:00,2021-11-09 23:55:00,2.0,UNEXPECTED_SHORT_GAP,UNEXPECTED
2021-11-10 00:18:00,2021-11-10 00:20:00,2.0,UNEXPECTED_SHORT_GAP,UNEXPECTED
2021-11-10 00:30:00,2021-11-10 00:32:00,2.0,UNEXPECTED_SHORT_GAP,UNEXPECTED
2021-11-10 00:52:00,2021-11-10 00:54:00,2.0,UNEXPECTED_SHORT_GAP,UNEXPECTED
2021-11-10 00:56:00,2021-11-10 00:58:00,2.0,UNEXPECTED_SHORT_GAP,UNEXPECTED
2021-11-10 03:20:00,2021-11-10 03:22:00,2.0,UNEXPECTED_SHORT_GAP,UNEXPECTED
2021-11-10 03:30:00,2021-11-10 03:32:00,2.0,UNEXPECTED_SHORT_GAP,UNEXPECTED
2021-11-10 03:51:00,2021-11-10 03:53:00,2.0,UNEXPECTED_SHORT_GAP,UNEXPECTED
2021-11-10 05:01:00,2021-11-10 05:03:00,2.0,UNEXPECTED_SHORT_GAP,UNEXPECTED
2021-11-10 06:17:00,2021-11-10 06:19:00,2.0,UNEXPECTED_SHORT_GAP,UNEXPECTED
2021-11-10 08:51:00,2021-11-10 08:53:00,2.0,UNEXPECTED_SHORT_GAP,UNEXPECTED
2021-11-10 21:25:00,2021-11-10 21:27:00,2.0,UNEXPECTED_SHORT_GAP,UNEXPECTED
2021-11-10 21:33:00,2021-11-10 21:35:00,2.0,UNEXPECTED_SHORT_GAP,UNEXPECTED
2021-11-10 21:41:00,2021-11-10 21:43:00,2.0,UNEXPECTED_SHORT_GAP,UNEXPECTED
2021-11-10 22:02:00,2021-11-10 22:05:00,3.0,UNEXPECTED_SHORT_GAP,UNEXPECTED
2021-11-10 22:24:00,2021-11-10 22:26:00,2.0,UNEXPECTED_SHORT_GAP,UNEXPECTED
2021-11-10 22:27:00,2021-11-10 22:29:00,2.0,UNEXPECTED_SHORT_GAP,UNEXPECTED
2021-11-10 22:42:00,2021-11-10 22:44:00,2.0,UNEXPECTED_SHORT_GAP,UNEXPECTED
2021-11-10 23:32:00,2021-11-10 23:35:00,3.0,UNEXPECTED_SHORT_GAP,UNEXPECTED
2021-11-10 23:35:00,2021-11-10 23:37:00,2.0,UNEXPECTED_SHORT_GAP,UNEXPECTED
2021-11-10 23:38:00,2021-11-10 23:40:00,2.0,UNEXPECTED_SHORT_GAP,UNEXPECTED
2021-11-10 23:45:00,2021-11-10 23:50:00,5.0,UNEXPECTED_SHORT_GAP,UNEXPECTED
2021-11-10 23:50:00,2021-11-10 23:52:00,2.0,UNEXPECTED_SHORT_GAP,UNEXPECTED
2021-11-11 05:20:00,2021-11-11 05:22:00,2.0,UNEXPECTED_SHORT_GAP,UNEXPECTED
2021-11-11 12:35:00,2021-11-11 12:37:00,2.0,UNEXPECTED_SHORT_GAP,UNEXPECTED
2021-11-11 18:35:00,2021-11-11 18:37:00,2.0,UNEXPECTED_SHORT_GAP,UNEXPECTED
2021-11-11 19:36:00,2021-11-11 19:38:00,2.0,UNEXPECTED_SHORT_GAP,UNEXPECTED
2021-11-11 20:37:00,2021-11-11 20:39:00,2.0,UNEXPECTED_SHORT_GAP,UNEXPECTED
2021-11-11 20:42:00,2021-11-11 20:44:00,2.0,UNEXPECTED_SHORT_GAP,UNEXPECTED
2021-11-11 21:08:00,2021-11-11 21:10:00,2.0,UNEXPECTED_SHORT_GAP,UNEXPECTED
2021-11-11 21:30:00,2021-11-11 21:32:00,2.0,UNEXPECTED_SHORT_GAP,UNEXPECTED
2021-11-11 21:35:00,2021-11-11 21:39:00,4.0,UNEXPECTED_SHORT_GAP,UNEXPECTED
2021-11-11 21:41:00,2021-11-11 21:43:00,2.0,UNEXPECTED_SHORT_GAP,UNEXPECTED
2021-11-11 21:46:00,2021-11-11 21:48:00,2.0,UNEXPECTED_SHORT_GAP,UNEXPECTED
2021-11-11 23:15:00,2021-11-11 23:17:00,2.0,UNEXPECTED_SHORT_GAP,UNEXPECTED
2021-11-11 23:52:00,2021-11-11 23:54:00,2.0,UNEXPECTED_SHORT_GAP,UNEXPECTED
2021-11-11 23:58:00,2021-11-12 00:00:00,2.0,EXPECTED_DAILY_ROLLOVER,EXPECTED
2021-11-12 00:00:00,2021-11-12 00:02:00,2.0,UNEXPECTED_SHORT_GAP,UNEXPECTED
2021-11-12 00:09:00,2021-11-12 00:11:00,2.0,UNEXPECTED_SHORT_GAP,UNEXPECTED
2021-11-12 00:13:00,2021-11-12 00:15:00,2.0,UNEXPECTED_SHORT_GAP,UNEXPECTED
2021-11-12 00:17:00,2021-11-12 00:19:00,2.0,UNEXPECTED_SHORT_GAP,UNEXPECTED
2021-11-12 00:19:00,2021-11-12 00:21:00,2.0,UNEXPECTED_SHORT_GAP,UNEXPECTED
2021-11-12 00:23:00,2021-11-12 00:25:00,2.0,UNEXPECTED_SHORT_GAP,UNEXPECTED
2021-11-12 00:48:00,2021-11-12 00:50:00,2.0,UNEXPECTED_SHORT_GAP,UNEXPECTED
2021-11-12 00:52:00,2021-11-12 00:54:00,2.0,UNEXPECTED_SHORT_GAP,UNEXPECTED
2021-11-12 02:34:00,2021-11-12 02:36:00,2.0,UNEXPECTED_SHORT_GAP,UNEXPECTED
2021-11-12 02:36:00,2021-11-12 02:38:00,2.0,UNEXPECTED_SHORT_GAP,UNEXPECTED
2021-11-12 03:55:00,2021-11-12 03:57:00,2.0,UNEXPECTED_SHORT_GAP,UNEXPECTED
2021-11-12 04:31:00,2021-11-12 04:33:00,2.0,UNEXPECTED_SHORT_GAP,UNEXPECTED
2021-11-12 04:37:00,2021-11-12 04:39:00,2.0,UNEXPECTED_SHORT_GAP,UNEXPECTED
2021-11-12 05:34:00,2021-11-12 05:37:00,3.0,UNEXPECTED_SHORT_GAP,UNEXPECTED
2021-11-12 05:43:00,2021-11-12 05:45:00,2.0,UNEXPECTED_SHORT_GAP,UNEXPECTED
2021-11-12 06:34:00,2021-11-12 06:36:00,2.0,UNEXPECTED_SHORT_GAP,UNEXPECTED
2021-11-12 10:45:00,2021-11-12 10:47:00,2.0,UNEXPECTED_SHORT_GAP,UNEXPECTED
2021-11-12 19:45:00,2021-11-12 19:47:00,2.0,UNEXPECTED_SHORT_GAP,UNEXPECTED
2021-11-12 20:25:00,2021-11-12 20:27:00,2.0,UNEXPECTED_SHORT_GAP,UNEXPECTED
2021-11-12 20:36:00,2021-11-12 20:39:00,3.0,UNEXPECTED_SHORT_GAP,UNEXPECTED
2021-11-12 21:40:00,2021-11-12 21:42:00,2.0,UNEXPECTED_SHORT_GAP,UNEXPECTED
2021-11-12 21:58:00,2021-11-14 22:06:00,2888.0,EXPECTED_WEEKEND_CLOSURE,EXPECTED
2021-11-14 23:11:00,2021-11-14 23:13:00,2.0,EXPECTED_WEEKEND_CLOSURE,EXPECTED
2021-11-14 23:22:00,2021-11-14 23:24:00,2.0,EXPECTED_WEEKEND_CLOSURE,EXPECTED
2021-11-14 23:25:00,2021-11-14 23:27:00,2.0,EXPECTED_WEEKEND_CLOSURE,EXPECTED
2021-11-14 23:41:00,2021-11-14 23:44:00,3.0,EXPECTED_WEEKEND_CLOSURE,EXPECTED
2021-11-14 23:45:00,2021-11-14 23:47:00,2.0,EXPECTED_WEEKEND_CLOSURE,EXPECTED
2021-11-14 23:51:00,2021-11-14 23:54:00,3.0,EXPECTED_WEEKEND_CLOSURE,EXPECTED
2021-11-15 00:30:00,2021-11-15 00:32:00,2.0,UNEXPECTED_SHORT_GAP,UNEXPECTED
2021-11-15 00:36:00,2021-11-15 00:38:00,2.0,UNEXPECTED_SHORT_GAP,UNEXPECTED
2021-11-15 00:42:00,2021-11-15 00:44:00,2.0,UNEXPECTED_SHORT_GAP,UNEXPECTED
2021-11-15 00:45:00,2021-11-15 00:47:00,2.0,UNEXPECTED_SHORT_GAP,UNEXPECTED
2021-11-15 00:50:00,2021-11-15 00:52:00,2.0,UNEXPECTED_SHORT_GAP,UNEXPECTED
2021-11-15 00:52:00,2021-11-15 00:54:00,2.0,UNEXPECTED_SHORT_GAP,UNEXPECTED
2021-11-15 01:01:00,2021-11-15 01:03:00,2.0,UNEXPECTED_SHORT_GAP,UNEXPECTED
2021-11-15 03:18:00,2021-11-15 03:20:00,2.0,UNEXPECTED_SHORT_GAP,UNEXPECTED
2021-11-15 03:27:00,2021-11-15 03:29:00,2.0,UNEXPECTED_SHORT_GAP,UNEXPECTED
2021-11-15 03:43:00,2021-11-15 03:45:00,2.0,UNEXPECTED_SHORT_GAP,UNEXPECTED
2021-11-15 03:56:00,2021-11-15 03:58:00,2.0,UNEXPECTED_SHORT_GAP,UNEXPECTED
2021-11-15 04:04:00,2021-11-15 04:06:00,2.0,UNEXPECTED_SHORT_GAP,UNEXPECTED
2021-11-15 04:47:00,2021-11-15 04:49:00,2.0,UNEXPECTED_SHORT_GAP,UNEXPECTED
2021-11-15 04:56:00,2021-11-15 04:58:00,2.0,UNEXPECTED_SHORT_GAP,UNEXPECTED
2021-11-15 06:27:00,2021-11-15 06:29:00,2.0,UNEXPECTED_SHORT_GAP,UNEXPECTED
2021-11-15 06:36:00,2021-11-15 06:38:00,2.0,UNEXPECTED_SHORT_GAP,UNEXPECTED
2021-11-15 06:38:00,2021-11-15 06:40:00,2.0,UNEXPECTED_SHORT_GAP,UNEXPECTED
2021-11-15 06:46:00,2021-11-15 06:48:00,2.0,UNEXPECTED_SHORT_GAP,UNEXPECTED
2021-11-15 06:54:00,2021-11-15 06:56:00,2.0,UNEXPECTED_SHORT_GAP,UNEXPECTED
2021-11-15 07:00:00,2021-11-15 07:02:00,2.0,UNEXPECTED_SHORT_GAP,UNEXPECTED
2021-11-15 10:28:00,2021-11-15 10:30:00,2.0,UNEXPECTED_SHORT_GAP,UNEXPECTED
2021-11-15 19:44:00,2021-11-15 19:46:00,2.0,UNEXPECTED_SHORT_GAP,UNEXPECTED
2021-11-15 21:32:00,2021-11-15 21:34:00,2.0,UNEXPECTED_SHORT_GAP,UNEXPECTED
2021-11-15 21:35:00,2021-11-15 21:37:00,2.0,UNEXPECTED_SHORT_GAP,UNEXPECTED
2021-11-15 22:01:00,2021-11-15 22:05:00,4.0,UNEXPECTED_SHORT_GAP,UNEXPECTED
2021-11-15 22:06:00,2021-11-15 22:08:00,2.0,UNEXPECTED_SHORT_GAP,UNEXPECTED
2021-11-15 22:18:00,2021-11-15 22:20:00,2.0,UNEXPECTED_SHORT_GAP,UNEXPECTED
2021-11-15 22:37:00,2021-11-15 22:39:00,2.0,UNEXPECTED_SHORT_GAP,UNEXPECTED
2021-11-15 22:41:00,2021-11-15 22:43:00,2.0,UNEXPECTED_SHORT_GAP,UNEXPECTED
2021-11-15 22:43:00,2021-11-15 22:45:00,2.0,UNEXPECTED_SHORT_GAP,UNEXPECTED
2021-11-15 22:48:00,2021-11-15 22:50:00,2.0,UNEXPECTED_SHORT_GAP,UNEXPECTED
2021-11-15 22:50:00,2021-11-15 22:52:00,2.0,UNEXPECTED_SHORT_GAP,UNEXPECTED
2021-11-15 23:06:00,2021-11-15 23:08:00,2.0,UNEXPECTED_SHORT_GAP,UNEXPECTED
2021-11-15 23:11:00,2021-11-15 23:13:00,2.0,UNEXPECTED_SHORT_GAP,UNEXPECTED
2021-11-15 23:15:00,2021-11-15 23:17:00,2.0,UNEXPECTED_SHORT_GAP,UNEXPECTED
2021-11-15 23:18:00,2021-11-15 23:21:00,3.0,UNEXPECTED_SHORT_GAP,UNEXPECTED
2021-11-15 23:22:00,2021-11-15 23:25:00,3.0,UNEXPECTED_SHORT_GAP,UNEXPECTED
2021-11-15 23:29:00,2021-11-15 23:31:00,2.0,UNEXPECTED_SHORT_GAP,UNEXPECTED
2021-11-15 23:41:00,2021-11-15 23:44:00,3.0,UNEXPECTED_SHORT_GAP,UNEXPECTED
2021-11-15 23:53:00,2021-11-15 23:55:00,2.0,UNEXPECTED_SHORT_GAP,UNEXPECTED
2021-11-15 23:58:00,2021-11-16 00:00:00,2.0,EXPECTED_DAILY_ROLLOVER,EXPECTED
2021-11-16 03:43:00,2021-11-16 03:45:00,2.0,UNEXPECTED_SHORT_GAP,UNEXPECTED
2021-11-16 03:57:00,2021-11-16 03:59:00,2.0,UNEXPECTED_SHORT_GAP,UNEXPECTED
2021-11-16 05:06:00,2021-11-16 05:08:00,2.0,UNEXPECTED_SHORT_GAP,UNEXPECTED
2021-11-16 05:10:00,2021-11-16 05:12:00,2.0,UNEXPECTED_SHORT_GAP,UNEXPECTED
2021-11-16 05:15:00,2021-11-16 05:17:00,2.0,UNEXPECTED_SHORT_GAP,UNEXPECTED
2021-11-16 05:33:00,2021-11-16 05:36:00,3.0,UNEXPECTED_SHORT_GAP,UNEXPECTED
2021-11-16 06:41:00,2021-11-16 06:43:00,2.0,UNEXPECTED_SHORT_GAP,UNEXPECTED
2021-11-16 11:21:00,2021-11-16 11:23:00,2.0,UNEXPECTED_SHORT_GAP,UNEXPECTED
2021-11-16 18:35:00,2021-11-16 18:37:00,2.0,UNEXPECTED_SHORT_GAP,UNEXPECTED
2021-11-16 18:52:00,2021-11-16 18:54:00,2.0,UNEXPECTED_SHORT_GAP,UNEXPECTED
2021-11-16 21:24:00,2021-11-16 21:26:00,2.0,UNEXPECTED_SHORT_GAP,UNEXPECTED
2021-11-16 21:35:00,2021-11-16 21:37:00,2.0,UNEXPECTED_SHORT_GAP,UNEXPECTED
2021-11-16 21:46:00,2021-11-16 21:48:00,2.0,UNEXPECTED_SHORT_GAP,UNEXPECTED
2021-11-16 22:03:00,2021-11-16 22:05:00,2.0,UNEXPECTED_SHORT_GAP,UNEXPECTED
2021-11-16 22:12:00,2021-11-16 22:17:00,5.0,UNEXPECTED_SHORT_GAP,UNEXPECTED
2021-11-16 22:20:00,2021-11-16 22:22:00,2.0,UNEXPECTED_SHORT_GAP,UNEXPECTED
2021-11-16 22:26:00,2021-11-16 22:28:00,2.0,UNEXPECTED_SHORT_GAP,UNEXPECTED
2021-11-16 22:53:00,2021-11-16 22:57:00,4.0,UNEXPECTED_SHORT_GAP,UNEXPECTED
2021-11-16 23:12:00,2021-11-16 23:14:00,2.0,UNEXPECTED_SHORT_GAP,UNEXPECTED
2021-11-16 23:21:00,2021-11-16 23:23:00,2.0,UNEXPECTED_SHORT_GAP,UNEXPECTED
2021-11-16 23:26:00,2021-11-16 23:29:00,3.0,UNEXPECTED_SHORT_GAP,UNEXPECTED
2021-11-16 23:30:00,2021-11-16 23:32:00,2.0,UNEXPECTED_SHORT_GAP,UNEXPECTED
2021-11-16 23:38:00,2021-11-16 23:40:00,2.0,UNEXPECTED_SHORT_GAP,UNEXPECTED
2021-11-16 23:40:00,2021-11-16 23:42:00,2.0,UNEXPECTED_SHORT_GAP,UNEXPECTED
2021-11-16 23:49:00,2021-11-16 23:51:00,2.0,UNEXPECTED_SHORT_GAP,UNEXPECTED
2021-11-16 23:54:00,2021-11-16 23:57:00,3.0,UNEXPECTED_SHORT_GAP,UNEXPECTED
2021-11-16 23:57:00,2021-11-17 00:00:00,3.0,EXPECTED_DAILY_ROLLOVER,EXPECTED
2021-11-17 00:14:00,2021-11-17 00:16:00,2.0,UNEXPECTED_SHORT_GAP,UNEXPECTED
2021-11-17 00:23:00,2021-11-17 00:25:00,2.0,UNEXPECTED_SHORT_GAP,UNEXPECTED
2021-11-17 02:12:00,2021-11-17 02:14:00,2.0,UNEXPECTED_SHORT_GAP,UNEXPECTED
2021-11-17 02:15:00,2021-11-17 02:17:00,2.0,UNEXPECTED_SHORT_GAP,UNEXPECTED
2021-11-17 20:08:00,2021-11-17 20:10:00,2.0,UNEXPECTED_SHORT_GAP,UNEXPECTED
2021-11-17 21:15:00,2021-11-17 21:20:00,5.0,UNEXPECTED_SHORT_GAP,UNEXPECTED
2021-11-17 21:24:00,2021-11-17 21:26:00,2.0,UNEXPECTED_SHORT_GAP,UNEXPECTED
2021-11-17 21:29:00,2021-11-17 21:31:00,2.0,UNEXPECTED_SHORT_GAP,UNEXPECTED
2021-11-17 21:31:00,2021-11-17 21:43:00,12.0,UNEXPECTED_INTRADAY_GAP,UNEXPECTED
2021-11-17 21:46:00,2021-11-17 21:49:00,3.0,UNEXPECTED_SHORT_GAP,UNEXPECTED
2021-11-17 22:02:00,2021-11-17 22:04:00,2.0,UNEXPECTED_SHORT_GAP,UNEXPECTED
2021-11-17 22:25:00,2021-11-17 22:27:00,2.0,UNEXPECTED_SHORT_GAP,UNEXPECTED
2021-11-17 22:27:00,2021-11-17 22:29:00,2.0,UNEXPECTED_SHORT_GAP,UNEXPECTED
2021-11-17 23:19:00,2021-11-17 23:21:00,2.0,UNEXPECTED_SHORT_GAP,UNEXPECTED
2021-11-17 23:34:00,2021-11-17 23:37:00,3.0,UNEXPECTED_SHORT_GAP,UNEXPECTED
2021-11-17 23:40:00,2021-11-17 23:42:00,2.0,UNEXPECTED_SHORT_GAP,UNEXPECTED
2021-11-17 23:43:00,2021-11-17 23:46:00,3.0,UNEXPECTED_SHORT_GAP,UNEXPECTED
2021-11-17 23:49:00,2021-11-17 23:51:00,2.0,UNEXPECTED_SHORT_GAP,UNEXPECTED
2021-11-18 00:17:00,2021-11-18 00:20:00,3.0,UNEXPECTED_SHORT_GAP,UNEXPECTED
2021-11-18 02:58:00,2021-11-18 03:00:00,2.0,UNEXPECTED_SHORT_GAP,UNEXPECTED
2021-11-18 04:08:00,2021-11-18 04:10:00,2.0,UNEXPECTED_SHORT_GAP,UNEXPECTED
2021-11-18 04:24:00,2021-11-18 04:26:00,2.0,UNEXPECTED_SHORT_GAP,UNEXPECTED
2021-11-18 04:57:00,2021-11-18 04:59:00,2.0,UNEXPECTED_SHORT_GAP,UNEXPECTED
2021-11-18 05:45:00,2021-11-18 05:47:00,2.0,UNEXPECTED_SHORT_GAP,UNEXPECTED
2021-11-18 19:23:00,2021-11-18 19:25:00,2.0,UNEXPECTED_SHORT_GAP,UNEXPECTED
2021-11-18 19:35:00,2021-11-18 19:37:00,2.0,UNEXPECTED_SHORT_GAP,UNEXPECTED
2021-11-18 20:13:00,2021-11-18 20:15:00,2.0,UNEXPECTED_SHORT_GAP,UNEXPECTED
2021-11-18 21:10:00,2021-11-18 21:13:00,3.0,UNEXPECTED_SHORT_GAP,UNEXPECTED
2021-11-18 21:21:00,2021-11-18 21:27:00,6.0,UNEXPECTED_INTRADAY_GAP,UNEXPECTED
2021-11-18 21:27:00,2021-11-18 21:29:00,2.0,UNEXPECTED_SHORT_GAP,UNEXPECTED
2021-11-18 21:29:00,2021-11-18 21:31:00,2.0,UNEXPECTED_SHORT_GAP,UNEXPECTED
2021-11-18 21:32:00,2021-11-18 21:36:00,4.0,UNEXPECTED_SHORT_GAP,UNEXPECTED
2021-11-18 21:36:00,2021-11-18 21:40:00,4.0,UNEXPECTED_SHORT_GAP,UNEXPECTED
2021-11-18 21:43:00,2021-11-18 21:45:00,2.0,UNEXPECTED_SHORT_GAP,UNEXPECTED
2021-11-18 21:49:00,2021-11-18 21:51:00,2.0,UNEXPECTED_SHORT_GAP,UNEXPECTED
2021-11-18 22:00:00,2021-11-18 22:02:00,2.0,UNEXPECTED_SHORT_GAP,UNEXPECTED
2021-11-18 22:02:00,2021-11-18 22:04:00,2.0,UNEXPECTED_SHORT_GAP,UNEXPECTED
2021-11-18 22:11:00,2021-11-18 22:13:00,2.0,UNEXPECTED_SHORT_GAP,UNEXPECTED
2021-11-18 22:30:00,2021-11-18 22:32:00,2.0,UNEXPECTED_SHORT_GAP,UNEXPECTED
2021-11-18 23:06:00,2021-11-18 23:09:00,3.0,UNEXPECTED_SHORT_GAP,UNEXPECTED
2021-11-18 23:10:00,2021-11-18 23:12:00,2.0,UNEXPECTED_SHORT_GAP,UNEXPECTED
2021-11-18 23:15:00,2021-11-18 23:19:00,4.0,UNEXPECTED_SHORT_GAP,UNEXPECTED
2021-11-18 23:19:00,2021-11-18 23:22:00,3.0,UNEXPECTED_SHORT_GAP,UNEXPECTED
2021-11-18 23:22:00,2021-11-18 23:26:00,4.0,UNEXPECTED_SHORT_GAP,UNEXPECTED
2021-11-18 23:27:00,2021-11-18 23:29:00,2.0,UNEXPECTED_SHORT_GAP,UNEXPECTED
2021-11-18 23:35:00,2021-11-18 23:37:00,2.0,UNEXPECTED_SHORT_GAP,UNEXPECTED
2021-11-18 23:37:00,2021-11-18 23:39:00,2.0,UNEXPECTED_SHORT_GAP,UNEXPECTED
2021-11-18 23:43:00,2021-11-18 23:45:00,2.0,UNEXPECTED_SHORT_GAP,UNEXPECTED
2021-11-18 23:51:00,2021-11-18 23:55:00,4.0,UNEXPECTED_SHORT_GAP,UNEXPECTED
2021-11-18 23:57:00,2021-11-18 23:59:00,2.0,UNEXPECTED_SHORT_GAP,UNEXPECTED
2021-11-19 00:25:00,2021-11-19 00:27:00,2.0,UNEXPECTED_SHORT_GAP,UNEXPECTED
2021-11-19 00:30:00,2021-11-19 00:32:00,2.0,UNEXPECTED_SHORT_GAP,UNEXPECTED
2021-11-19 00:39:00,2021-11-19 00:41:00,2.0,UNEXPECTED_SHORT_GAP,UNEXPECTED
2021-11-19 00:48:00,2021-11-19 00:51:00,3.0,UNEXPECTED_SHORT_GAP,UNEXPECTED
2021-11-19 00:52:00,2021-11-19 00:54:00,2.0,UNEXPECTED_SHORT_GAP,UNEXPECTED
2021-11-19 02:44:00,2021-11-19 02:46:00,2.0,UNEXPECTED_SHORT_GAP,UNEXPECTED
2021-11-19 02:51:00,2021-11-19 02:54:00,3.0,UNEXPECTED_SHORT_GAP,UNEXPECTED
2021-11-19 02:57:00,2021-11-19 02:59:00,2.0,UNEXPECTED_SHORT_GAP,UNEXPECTED
2021-11-19 03:16:00,2021-11-19 03:18:00,2.0,UNEXPECTED_SHORT_GAP,UNEXPECTED
2021-11-19 03:45:00,2021-11-19 03:47:00,2.0,UNEXPECTED_SHORT_GAP,UNEXPECTED
2021-11-19 03:55:00,2021-11-19 03:57:00,2.0,UNEXPECTED_SHORT_GAP,UNEXPECTED
2021-11-19 04:01:00,2021-11-19 04:03:00,2.0,UNEXPECTED_SHORT_GAP,UNEXPECTED
2021-11-19 04:55:00,2021-11-19 04:57:00,2.0,UNEXPECTED_SHORT_GAP,UNEXPECTED
2021-11-19 05:15:00,2021-11-19 05:17:00,2.0,UNEXPECTED_SHORT_GAP,UNEXPECTED
2021-11-19 05:18:00,2021-11-19 05:20:00,2.0,UNEXPECTED_SHORT_GAP,UNEXPECTED
2021-11-19 05:43:00,2021-11-19 05:45:00,2.0,UNEXPECTED_SHORT_GAP,UNEXPECTED
2021-11-19 05:46:00,2021-11-19 05:49:00,3.0,UNEXPECTED_SHORT_GAP,UNEXPECTED
2021-11-19 05:51:00,2021-11-19 05:53:00,2.0,UNEXPECTED_SHORT_GAP,UNEXPECTED
2021-11-19 06:00:00,2021-11-19 06:03:00,3.0,UNEXPECTED_SHORT_GAP,UNEXPECTED
2021-11-19 06:23:00,2021-11-19 06:25:00,2.0,UNEXPECTED_SHORT_GAP,UNEXPECTED
2021-11-19 06:35:00,2021-11-19 06:37:00,2.0,UNEXPECTED_SHORT_GAP,UNEXPECTED
2021-11-19 06:52:00,2021-11-19 06:54:00,2.0,UNEXPECTED_SHORT_GAP,UNEXPECTED
2021-11-19 19:45:00,2021-11-19 19:48:00,3.0,UNEXPECTED_SHORT_GAP,UNEXPECTED
2021-11-19 21:28:00,2021-11-19 21:30:00,2.0,UNEXPECTED_SHORT_GAP,UNEXPECTED
2021-11-19 21:32:00,2021-11-19 21:34:00,2.0,UNEXPECTED_SHORT_GAP,UNEXPECTED
2021-11-19 21:34:00,2021-11-19 21:36:00,2.0,UNEXPECTED_SHORT_GAP,UNEXPECTED
2021-11-19 21:58:00,2021-11-21 22:07:00,2889.0,EXPECTED_WEEKEND_CLOSURE,EXPECTED
2021-11-21 22:08:00,2021-11-21 22:10:00,2.0,EXPECTED_WEEKEND_CLOSURE,EXPECTED
2021-11-21 22:12:00,2021-11-21 22:14:00,2.0,EXPECTED_WEEKEND_CLOSURE,EXPECTED
2021-11-21 22:16:00,2021-11-21 22:18:00,2.0,EXPECTED_WEEKEND_CLOSURE,EXPECTED
2021-11-21 22:22:00,2021-11-21 22:25:00,3.0,EXPECTED_WEEKEND_CLOSURE,EXPECTED
2021-11-21 22:27:00,2021-11-21 22:29:00,2.0,EXPECTED_WEEKEND_CLOSURE,EXPECTED
2021-11-21 23:17:00,2021-11-21 23:19:00,2.0,EXPECTED_WEEKEND_CLOSURE,EXPECTED
2021-11-21 23:42:00,2021-11-21 23:44:00,2.0,EXPECTED_WEEKEND_CLOSURE,EXPECTED
2021-11-21 23:55:00,2021-11-21 23:57:00,2.0,EXPECTED_WEEKEND_CLOSURE,EXPECTED
2021-11-21 23:58:00,2021-11-22 00:00:00,2.0,EXPECTED_WEEKEND_CLOSURE,EXPECTED
2021-11-22 00:43:00,2021-11-22 00:45:00,2.0,UNEXPECTED_SHORT_GAP,UNEXPECTED
2021-11-22 03:16:00,2021-11-22 03:18:00,2.0,UNEXPECTED_SHORT_GAP,UNEXPECTED
2021-11-22 05:26:00,2021-11-22 05:28:00,2.0,UNEXPECTED_SHORT_GAP,UNEXPECTED
2021-11-22 12:35:00,2021-11-22 12:37:00,2.0,UNEXPECTED_SHORT_GAP,UNEXPECTED
2021-11-22 21:21:00,2021-11-22 21:24:00,3.0,UNEXPECTED_SHORT_GAP,UNEXPECTED
2021-11-22 21:43:00,2021-11-22 21:45:00,2.0,UNEXPECTED_SHORT_GAP,UNEXPECTED
2021-11-22 21:52:00,2021-11-22 21:54:00,2.0,UNEXPECTED_SHORT_GAP,UNEXPECTED
2021-11-22 22:07:00,2021-11-22 22:09:00,2.0,UNEXPECTED_SHORT_GAP,UNEXPECTED
2021-11-22 22:12:00,2021-11-22 22:15:00,3.0,UNEXPECTED_SHORT_GAP,UNEXPECTED
2021-11-22 22:22:00,2021-11-22 22:24:00,2.0,UNEXPECTED_SHORT_GAP,UNEXPECTED
2021-11-22 22:25:00,2021-11-22 22:27:00,2.0,UNEXPECTED_SHORT_GAP,UNEXPECTED
2021-11-22 23:18:00,2021-11-22 23:20:00,2.0,UNEXPECTED_SHORT_GAP,UNEXPECTED
2021-11-22 23:20:00,2021-11-22 23:22:00,2.0,UNEXPECTED_SHORT_GAP,UNEXPECTED
2021-11-22 23:23:00,2021-11-22 23:25:00,2.0,UNEXPECTED_SHORT_GAP,UNEXPECTED
2021-11-22 23:36:00,2021-11-22 23:40:00,4.0,UNEXPECTED_SHORT_GAP,UNEXPECTED
2021-11-22 23:40:00,2021-11-22 23:44:00,4.0,UNEXPECTED_SHORT_GAP,UNEXPECTED
2021-11-22 23:47:00,2021-11-22 23:50:00,3.0,UNEXPECTED_SHORT_GAP,UNEXPECTED
2021-11-22 23:54:00,2021-11-22 23:56:00,2.0,UNEXPECTED_SHORT_GAP,UNEXPECTED
2021-11-22 23:58:00,2021-11-23 00:00:00,2.0,EXPECTED_DAILY_ROLLOVER,EXPECTED
2021-11-23 00:12:00,2021-11-23 00:14:00,2.0,UNEXPECTED_SHORT_GAP,UNEXPECTED
2021-11-23 00:28:00,2021-11-23 00:30:00,2.0,UNEXPECTED_SHORT_GAP,UNEXPECTED
2021-11-23 01:34:00,2021-11-23 01:36:00,2.0,UNEXPECTED_SHORT_GAP,UNEXPECTED
2021-11-23 01:46:00,2021-11-23 01:48:00,2.0,UNEXPECTED_SHORT_GAP,UNEXPECTED
2021-11-23 03:34:00,2021-11-23 03:37:00,3.0,UNEXPECTED_SHORT_GAP,UNEXPECTED
2021-11-23 04:35:00,2021-11-23 04:37:00,2.0,UNEXPECTED_SHORT_GAP,UNEXPECTED
2021-11-23 04:37:00,2021-11-23 04:39:00,2.0,UNEXPECTED_SHORT_GAP,UNEXPECTED
2021-11-23 05:08:00,2021-11-23 05:10:00,2.0,UNEXPECTED_SHORT_GAP,UNEXPECTED
2021-11-23 05:55:00,2021-11-23 05:57:00,2.0,UNEXPECTED_SHORT_GAP,UNEXPECTED
2021-11-23 19:03:00,2021-11-23 19:05:00,2.0,UNEXPECTED_SHORT_GAP,UNEXPECTED
2021-11-23 21:21:00,2021-11-23 21:24:00,3.0,UNEXPECTED_SHORT_GAP,UNEXPECTED
2021-11-23 21:26:00,2021-11-23 21:28:00,2.0,UNEXPECTED_SHORT_GAP,UNEXPECTED
2021-11-23 21:34:00,2021-11-23 21:36:00,2.0,UNEXPECTED_SHORT_GAP,UNEXPECTED
2021-11-23 21:40:00,2021-11-23 21:43:00,3.0,UNEXPECTED_SHORT_GAP,UNEXPECTED
2021-11-23 22:00:00,2021-11-23 22:03:00,3.0,UNEXPECTED_SHORT_GAP,UNEXPECTED
2021-11-23 22:03:00,2021-11-23 22:06:00,3.0,UNEXPECTED_SHORT_GAP,UNEXPECTED
2021-11-23 22:06:00,2021-11-23 22:08:00,2.0,UNEXPECTED_SHORT_GAP,UNEXPECTED
2021-11-23 22:15:00,2021-11-23 22:17:00,2.0,UNEXPECTED_SHORT_GAP,UNEXPECTED
2021-11-23 22:22:00,2021-11-23 22:24:00,2.0,UNEXPECTED_SHORT_GAP,UNEXPECTED
2021-11-23 22:27:00,2021-11-23 22:29:00,2.0,UNEXPECTED_SHORT_GAP,UNEXPECTED
2021-11-23 22:31:00,2021-11-23 22:33:00,2.0,UNEXPECTED_SHORT_GAP,UNEXPECTED
2021-11-23 23:08:00,2021-11-23 23:10:00,2.0,UNEXPECTED_SHORT_GAP,UNEXPECTED
2021-11-23 23:22:00,2021-11-23 23:25:00,3.0,UNEXPECTED_SHORT_GAP,UNEXPECTED
2021-11-23 23:25:00,2021-11-23 23:28:00,3.0,UNEXPECTED_SHORT_GAP,UNEXPECTED
2021-11-23 23:28:00,2021-11-23 23:30:00,2.0,UNEXPECTED_SHORT_GAP,UNEXPECTED
2021-11-23 23:39:00,2021-11-23 23:41:00,2.0,UNEXPECTED_SHORT_GAP,UNEXPECTED
2021-11-23 23:56:00,2021-11-23 23:59:00,3.0,UNEXPECTED_SHORT_GAP,UNEXPECTED
2021-11-24 00:28:00,2021-11-24 00:30:00,2.0,UNEXPECTED_SHORT_GAP,UNEXPECTED
2021-11-24 00:37:00,2021-11-24 00:39:00,2.0,UNEXPECTED_SHORT_GAP,UNEXPECTED
2021-11-24 00:45:00,2021-11-24 00:47:00,2.0,UNEXPECTED_SHORT_GAP,UNEXPECTED
2021-11-24 03:48:00,2021-11-24 03:50:00,2.0,UNEXPECTED_SHORT_GAP,UNEXPECTED
2021-11-24 04:25:00,2021-11-24 04:27:00,2.0,UNEXPECTED_SHORT_GAP,UNEXPECTED
2021-11-24 04:55:00,2021-11-24 04:57:00,2.0,UNEXPECTED_SHORT_GAP,UNEXPECTED
2021-11-24 05:06:00,2021-11-24 05:08:00,2.0,UNEXPECTED_SHORT_GAP,UNEXPECTED
2021-11-24 05:16:00,2021-11-24 05:18:00,2.0,UNEXPECTED_SHORT_GAP,UNEXPECTED
2021-11-24 17:32:00,2021-11-24 17:34:00,2.0,UNEXPECTED_SHORT_GAP,UNEXPECTED
2021-11-24 18:32:00,2021-11-24 18:34:00,2.0,UNEXPECTED_SHORT_GAP,UNEXPECTED
2021-11-24 18:41:00,2021-11-24 18:43:00,2.0,UNEXPECTED_SHORT_GAP,UNEXPECTED
2021-11-24 20:22:00,2021-11-24 20:24:00,2.0,UNEXPECTED_SHORT_GAP,UNEXPECTED
2021-11-24 20:29:00,2021-11-24 20:31:00,2.0,UNEXPECTED_SHORT_GAP,UNEXPECTED
2021-11-24 21:24:00,2021-11-24 21:26:00,2.0,UNEXPECTED_SHORT_GAP,UNEXPECTED
2021-11-24 21:35:00,2021-11-24 21:38:00,3.0,UNEXPECTED_SHORT_GAP,UNEXPECTED
2021-11-24 21:38:00,2021-11-24 21:40:00,2.0,UNEXPECTED_SHORT_GAP,UNEXPECTED
2021-11-24 21:47:00,2021-11-24 21:49:00,2.0,UNEXPECTED_SHORT_GAP,UNEXPECTED
2021-11-24 21:59:00,2021-11-24 22:02:00,3.0,UNEXPECTED_SHORT_GAP,UNEXPECTED
2021-11-24 22:02:00,2021-11-24 22:05:00,3.0,UNEXPECTED_SHORT_GAP,UNEXPECTED
2021-11-24 22:06:00,2021-11-24 22:08:00,2.0,UNEXPECTED_SHORT_GAP,UNEXPECTED
2021-11-24 22:09:00,2021-11-24 22:14:00,5.0,UNEXPECTED_SHORT_GAP,UNEXPECTED
2021-11-24 22:15:00,2021-11-24 22:17:00,2.0,UNEXPECTED_SHORT_GAP,UNEXPECTED
2021-11-24 22:18:00,2021-11-24 22:25:00,7.0,UNEXPECTED_INTRADAY_GAP,UNEXPECTED
2021-11-24 22:25:00,2021-11-24 22:29:00,4.0,UNEXPECTED_SHORT_GAP,UNEXPECTED
2021-11-24 22:39:00,2021-11-24 22:41:00,2.0,UNEXPECTED_SHORT_GAP,UNEXPECTED
2021-11-24 22:52:00,2021-11-24 22:55:00,3.0,UNEXPECTED_SHORT_GAP,UNEXPECTED
2021-11-24 23:05:00,2021-11-24 23:08:00,3.0,UNEXPECTED_SHORT_GAP,UNEXPECTED
2021-11-24 23:08:00,2021-11-24 23:10:00,2.0,UNEXPECTED_SHORT_GAP,UNEXPECTED
2021-11-24 23:10:00,2021-11-24 23:12:00,2.0,UNEXPECTED_SHORT_GAP,UNEXPECTED
2021-11-24 23:14:00,2021-11-24 23:16:00,2.0,UNEXPECTED_SHORT_GAP,UNEXPECTED
2021-11-24 23:18:00,2021-11-24 23:23:00,5.0,UNEXPECTED_SHORT_GAP,UNEXPECTED
2021-11-24 23:24:00,2021-11-24 23:28:00,4.0,UNEXPECTED_SHORT_GAP,UNEXPECTED
2021-11-24 23:28:00,2021-11-24 23:30:00,2.0,UNEXPECTED_SHORT_GAP,UNEXPECTED
2021-11-24 23:31:00,2021-11-24 23:34:00,3.0,UNEXPECTED_SHORT_GAP,UNEXPECTED
2021-11-24 23:34:00,2021-11-24 23:37:00,3.0,UNEXPECTED_SHORT_GAP,UNEXPECTED
2021-11-24 23:39:00,2021-11-24 23:41:00,2.0,UNEXPECTED_SHORT_GAP,UNEXPECTED
2021-11-24 23:42:00,2021-11-24 23:44:00,2.0,UNEXPECTED_SHORT_GAP,UNEXPECTED
2021-11-24 23:51:00,2021-11-24 23:53:00,2.0,UNEXPECTED_SHORT_GAP,UNEXPECTED
2021-11-24 23:55:00,2021-11-24 23:57:00,2.0,UNEXPECTED_SHORT_GAP,UNEXPECTED
2021-11-25 00:27:00,2021-11-25 00:30:00,3.0,UNEXPECTED_SHORT_GAP,UNEXPECTED
2021-11-25 00:49:00,2021-11-25 00:51:00,2.0,UNEXPECTED_SHORT_GAP,UNEXPECTED
2021-11-25 00:58:00,2021-11-25 01:00:00,2.0,UNEXPECTED_SHORT_GAP,UNEXPECTED
2021-11-25 02:22:00,2021-11-25 02:24:00,2.0,UNEXPECTED_SHORT_GAP,UNEXPECTED
2021-11-25 02:25:00,2021-11-25 02:27:00,2.0,UNEXPECTED_SHORT_GAP,UNEXPECTED
2021-11-25 02:35:00,2021-11-25 02:38:00,3.0,UNEXPECTED_SHORT_GAP,UNEXPECTED
2021-11-25 02:51:00,2021-11-25 02:53:00,2.0,UNEXPECTED_SHORT_GAP,UNEXPECTED
2021-11-25 03:35:00,2021-11-25 03:37:00,2.0,UNEXPECTED_SHORT_GAP,UNEXPECTED
2021-11-25 04:23:00,2021-11-25 04:28:00,5.0,UNEXPECTED_SHORT_GAP,UNEXPECTED
2021-11-25 04:31:00,2021-11-25 04:33:00,2.0,UNEXPECTED_SHORT_GAP,UNEXPECTED
2021-11-25 04:33:00,2021-11-25 04:37:00,4.0,UNEXPECTED_SHORT_GAP,UNEXPECTED
2021-11-25 04:39:00,2021-11-25 04:41:00,2.0,UNEXPECTED_SHORT_GAP,UNEXPECTED
2021-11-25 04:48:00,2021-11-25 04:50:00,2.0,UNEXPECTED_SHORT_GAP,UNEXPECTED
2021-11-25 04:52:00,2021-11-25 04:54:00,2.0,UNEXPECTED_SHORT_GAP,UNEXPECTED
2021-11-25 05:05:00,2021-11-25 05:07:00,2.0,UNEXPECTED_SHORT_GAP,UNEXPECTED
2021-11-25 05:08:00,2021-11-25 05:10:00,2.0,UNEXPECTED_SHORT_GAP,UNEXPECTED
2021-11-25 05:17:00,2021-11-25 05:19:00,2.0,UNEXPECTED_SHORT_GAP,UNEXPECTED
2021-11-25 05:22:00,2021-11-25 05:24:00,2.0,UNEXPECTED_SHORT_GAP,UNEXPECTED
2021-11-25 05:28:00,2021-11-25 05:30:00,2.0,UNEXPECTED_SHORT_GAP,UNEXPECTED
2021-11-25 06:22:00,2021-11-25 06:24:00,2.0,UNEXPECTED_SHORT_GAP,UNEXPECTED
2021-11-25 06:37:00,2021-11-25 06:39:00,2.0,UNEXPECTED_SHORT_GAP,UNEXPECTED
2021-11-25 06:55:00,2021-11-25 06:57:00,2.0,UNEXPECTED_SHORT_GAP,UNEXPECTED
2021-11-25 12:27:00,2021-11-25 12:29:00,2.0,UNEXPECTED_SHORT_GAP,UNEXPECTED
2021-11-25 16:19:00,2021-11-25 16:21:00,2.0,UNEXPECTED_SHORT_GAP,UNEXPECTED
2021-11-25 16:49:00,2021-11-25 16:51:00,2.0,UNEXPECTED_SHORT_GAP,UNEXPECTED
2021-11-25 16:54:00,2021-11-25 16:56:00,2.0,UNEXPECTED_SHORT_GAP,UNEXPECTED
2021-11-25 17:44:00,2021-11-25 17:47:00,3.0,UNEXPECTED_SHORT_GAP,UNEXPECTED
2021-11-25 18:12:00,2021-11-25 18:15:00,3.0,UNEXPECTED_SHORT_GAP,UNEXPECTED
2021-11-25 18:18:00,2021-11-25 18:20:00,2.0,UNEXPECTED_SHORT_GAP,UNEXPECTED
2021-11-25 21:03:00,2021-11-25 21:05:00,2.0,UNEXPECTED_SHORT_GAP,UNEXPECTED
2021-11-25 21:11:00,2021-11-25 21:13:00,2.0,UNEXPECTED_SHORT_GAP,UNEXPECTED
2021-11-25 21:46:00,2021-11-25 21:49:00,3.0,UNEXPECTED_SHORT_GAP,UNEXPECTED
2021-11-25 21:54:00,2021-11-25 21:56:00,2.0,UNEXPECTED_SHORT_GAP,UNEXPECTED
2021-11-25 21:56:00,2021-11-25 21:58:00,2.0,UNEXPECTED_SHORT_GAP,UNEXPECTED
2021-11-25 21:58:00,2021-11-25 22:02:00,4.0,UNEXPECTED_SHORT_GAP,UNEXPECTED
2021-11-25 22:02:00,2021-11-25 22:04:00,2.0,UNEXPECTED_SHORT_GAP,UNEXPECTED
2021-11-25 22:07:00,2021-11-25 22:09:00,2.0,UNEXPECTED_SHORT_GAP,UNEXPECTED
2021-11-25 22:10:00,2021-11-25 22:12:00,2.0,UNEXPECTED_SHORT_GAP,UNEXPECTED
2021-11-25 22:12:00,2021-11-25 22:15:00,3.0,UNEXPECTED_SHORT_GAP,UNEXPECTED
2021-11-25 22:32:00,2021-11-25 22:34:00,2.0,UNEXPECTED_SHORT_GAP,UNEXPECTED
2021-11-25 22:56:00,2021-11-25 22:58:00,2.0,UNEXPECTED_SHORT_GAP,UNEXPECTED
2021-11-25 23:06:00,2021-11-25 23:08:00,2.0,UNEXPECTED_SHORT_GAP,UNEXPECTED
2021-11-25 23:08:00,2021-11-25 23:10:00,2.0,UNEXPECTED_SHORT_GAP,UNEXPECTED
2021-11-25 23:16:00,2021-11-25 23:18:00,2.0,UNEXPECTED_SHORT_GAP,UNEXPECTED
2021-11-25 23:22:00,2021-11-25 23:24:00,2.0,UNEXPECTED_SHORT_GAP,UNEXPECTED
2021-11-25 23:24:00,2021-11-25 23:26:00,2.0,UNEXPECTED_SHORT_GAP,UNEXPECTED
2021-11-25 23:41:00,2021-11-25 23:43:00,2.0,UNEXPECTED_SHORT_GAP,UNEXPECTED
2021-11-25 23:45:00,2021-11-25 23:48:00,3.0,UNEXPECTED_SHORT_GAP,UNEXPECTED
2021-11-26 21:58:00,2021-11-28 22:05:00,2887.0,EXPECTED_WEEKEND_CLOSURE,EXPECTED
2021-11-28 22:12:00,2021-11-28 22:14:00,2.0,EXPECTED_WEEKEND_CLOSURE,EXPECTED
2021-11-28 22:16:00,2021-11-28 22:18:00,2.0,EXPECTED_WEEKEND_CLOSURE,EXPECTED
2021-11-28 22:20:00,2021-11-28 22:26:00,6.0,EXPECTED_WEEKEND_CLOSURE,EXPECTED
2021-11-28 22:26:00,2021-11-28 22:28:00,2.0,EXPECTED_WEEKEND_CLOSURE,EXPECTED
2021-11-28 22:28:00,2021-11-28 22:30:00,2.0,EXPECTED_WEEKEND_CLOSURE,EXPECTED
2021-11-29 21:20:00,2021-11-29 21:22:00,2.0,UNEXPECTED_SHORT_GAP,UNEXPECTED
2021-11-29 21:23:00,2021-11-29 21:25:00,2.0,UNEXPECTED_SHORT_GAP,UNEXPECTED
2021-11-29 21:41:00,2021-11-29 21:43:00,2.0,UNEXPECTED_SHORT_GAP,UNEXPECTED
2021-11-29 22:22:00,2021-11-29 22:24:00,2.0,UNEXPECTED_SHORT_GAP,UNEXPECTED
2021-11-29 22:28:00,2021-11-29 22:30:00,2.0,UNEXPECTED_SHORT_GAP,UNEXPECTED
2021-11-29 22:57:00,2021-11-29 22:59:00,2.0,UNEXPECTED_SHORT_GAP,UNEXPECTED
2021-11-29 23:22:00,2021-11-29 23:24:00,2.0,UNEXPECTED_SHORT_GAP,UNEXPECTED
2021-11-30 00:18:00,2021-11-30 00:20:00,2.0,UNEXPECTED_SHORT_GAP,UNEXPECTED
2021-11-30 00:25:00,2021-11-30 00:27:00,2.0,UNEXPECTED_SHORT_GAP,UNEXPECTED
2021-11-30 01:21:00,2021-11-30 01:24:00,3.0,UNEXPECTED_SHORT_GAP,UNEXPECTED
2021-11-30 01:46:00,2021-11-30 01:49:00,3.0,UNEXPECTED_SHORT_GAP,UNEXPECTED
2021-11-30 02:42:00,2021-11-30 02:44:00,2.0,UNEXPECTED_SHORT_GAP,UNEXPECTED
2021-11-30 03:35:00,2021-11-30 03:37:00,2.0,UNEXPECTED_SHORT_GAP,UNEXPECTED
2021-11-30 03:43:00,2021-11-30 03:45:00,2.0,UNEXPECTED_SHORT_GAP,UNEXPECTED
2021-11-30 03:46:00,2021-11-30 03:48:00,2.0,UNEXPECTED_SHORT_GAP,UNEXPECTED
2021-11-30 03:48:00,2021-11-30 03:50:00,2.0,UNEXPECTED_SHORT_GAP,UNEXPECTED
2021-11-30 04:07:00,2021-11-30 04:09:00,2.0,UNEXPECTED_SHORT_GAP,UNEXPECTED
2021-11-30 04:25:00,2021-11-30 04:27:00,2.0,UNEXPECTED_SHORT_GAP,UNEXPECTED
2021-11-30 04:35:00,2021-11-30 04:37:00,2.0,UNEXPECTED_SHORT_GAP,UNEXPECTED
2021-11-30 21:18:00,2021-11-30 21:20:00,2.0,UNEXPECTED_SHORT_GAP,UNEXPECTED
2021-11-30 21:26:00,2021-11-30 21:30:00,4.0,UNEXPECTED_SHORT_GAP,UNEXPECTED
2021-11-30 21:59:00,2021-11-30 22:01:00,2.0,UNEXPECTED_SHORT_GAP,UNEXPECTED
2021-11-30 22:01:00,2021-11-30 22:04:00,3.0,UNEXPECTED_SHORT_GAP,UNEXPECTED
2021-11-30 22:06:00,2021-11-30 22:08:00,2.0,UNEXPECTED_SHORT_GAP,UNEXPECTED
2021-11-30 22:19:00,2021-11-30 22:21:00,2.0,UNEXPECTED_SHORT_GAP,UNEXPECTED
2021-11-30 22:22:00,2021-11-30 22:24:00,2.0,UNEXPECTED_SHORT_GAP,UNEXPECTED
2021-11-30 22:25:00,2021-11-30 22:27:00,2.0,UNEXPECTED_SHORT_GAP,UNEXPECTED
2021-11-30 22:28:00,2021-11-30 22:30:00,2.0,UNEXPECTED_SHORT_GAP,UNEXPECTED
2021-11-30 22:33:00,2021-11-30 22:36:00,3.0,UNEXPECTED_SHORT_GAP,UNEXPECTED
2021-11-30 22:36:00,2021-11-30 22:38:00,2.0,UNEXPECTED_SHORT_GAP,UNEXPECTED
2021-12-01 00:18:00,2021-12-01 00:20:00,2.0,UNEXPECTED_SHORT_GAP,UNEXPECTED
2021-12-01 04:19:00,2021-12-01 04:21:00,2.0,UNEXPECTED_SHORT_GAP,UNEXPECTED
2021-12-01 04:22:00,2021-12-01 04:24:00,2.0,UNEXPECTED_SHORT_GAP,UNEXPECTED
2021-12-01 21:11:00,2021-12-01 21:13:00,2.0,UNEXPECTED_SHORT_GAP,UNEXPECTED
2021-12-01 21:16:00,2021-12-01 21:18:00,2.0,UNEXPECTED_SHORT_GAP,UNEXPECTED
2021-12-01 21:32:00,2021-12-01 21:34:00,2.0,UNEXPECTED_SHORT_GAP,UNEXPECTED
2021-12-01 21:40:00,2021-12-01 21:42:00,2.0,UNEXPECTED_SHORT_GAP,UNEXPECTED
2021-12-01 22:13:00,2021-12-01 22:15:00,2.0,UNEXPECTED_SHORT_GAP,UNEXPECTED
2021-12-01 22:18:00,2021-12-01 22:20:00,2.0,UNEXPECTED_SHORT_GAP,UNEXPECTED
2021-12-01 22:21:00,2021-12-01 22:23:00,2.0,UNEXPECTED_SHORT_GAP,UNEXPECTED
2021-12-01 22:23:00,2021-12-01 22:30:00,7.0,UNEXPECTED_INTRADAY_GAP,UNEXPECTED
2021-12-01 22:38:00,2021-12-01 22:40:00,2.0,UNEXPECTED_SHORT_GAP,UNEXPECTED
2021-12-01 22:47:00,2021-12-01 22:50:00,3.0,UNEXPECTED_SHORT_GAP,UNEXPECTED
2021-12-01 23:21:00,2021-12-01 23:23:00,2.0,UNEXPECTED_SHORT_GAP,UNEXPECTED
2021-12-01 23:25:00,2021-12-01 23:30:00,5.0,UNEXPECTED_SHORT_GAP,UNEXPECTED
2021-12-01 23:43:00,2021-12-01 23:45:00,2.0,UNEXPECTED_SHORT_GAP,UNEXPECTED
2021-12-01 23:47:00,2021-12-01 23:50:00,3.0,UNEXPECTED_SHORT_GAP,UNEXPECTED
2021-12-02 00:31:00,2021-12-02 00:34:00,3.0,UNEXPECTED_SHORT_GAP,UNEXPECTED
2021-12-02 00:42:00,2021-12-02 00:44:00,2.0,UNEXPECTED_SHORT_GAP,UNEXPECTED
2021-12-02 02:50:00,2021-12-02 02:52:00,2.0,UNEXPECTED_SHORT_GAP,UNEXPECTED
2021-12-02 03:00:00,2021-12-02 03:02:00,2.0,UNEXPECTED_SHORT_GAP,UNEXPECTED
2021-12-02 03:12:00,2021-12-02 03:14:00,2.0,UNEXPECTED_SHORT_GAP,UNEXPECTED
2021-12-02 03:42:00,2021-12-02 03:44:00,2.0,UNEXPECTED_SHORT_GAP,UNEXPECTED
2021-12-02 03:46:00,2021-12-02 03:48:00,2.0,UNEXPECTED_SHORT_GAP,UNEXPECTED
2021-12-02 04:02:00,2021-12-02 04:04:00,2.0,UNEXPECTED_SHORT_GAP,UNEXPECTED
2021-12-02 04:17:00,2021-12-02 04:19:00,2.0,UNEXPECTED_SHORT_GAP,UNEXPECTED
2021-12-02 04:41:00,2021-12-02 04:45:00,4.0,UNEXPECTED_SHORT_GAP,UNEXPECTED
2021-12-02 04:53:00,2021-12-02 04:56:00,3.0,UNEXPECTED_SHORT_GAP,UNEXPECTED
2021-12-02 05:42:00,2021-12-02 05:44:00,2.0,UNEXPECTED_SHORT_GAP,UNEXPECTED
2021-12-02 05:52:00,2021-12-02 05:54:00,2.0,UNEXPECTED_SHORT_GAP,UNEXPECTED
2021-12-02 21:17:00,2021-12-02 21:19:00,2.0,UNEXPECTED_SHORT_GAP,UNEXPECTED
2021-12-02 21:30:00,2021-12-02 21:32:00,2.0,UNEXPECTED_SHORT_GAP,UNEXPECTED
2021-12-02 21:34:00,2021-12-02 21:37:00,3.0,UNEXPECTED_SHORT_GAP,UNEXPECTED
2021-12-02 22:00:00,2021-12-02 22:05:00,5.0,UNEXPECTED_SHORT_GAP,UNEXPECTED
2021-12-02 22:07:00,2021-12-02 22:09:00,2.0,UNEXPECTED_SHORT_GAP,UNEXPECTED
2021-12-02 22:10:00,2021-12-02 22:15:00,5.0,UNEXPECTED_SHORT_GAP,UNEXPECTED
2021-12-02 22:17:00,2021-12-02 22:19:00,2.0,UNEXPECTED_SHORT_GAP,UNEXPECTED
2021-12-02 22:21:00,2021-12-02 22:24:00,3.0,UNEXPECTED_SHORT_GAP,UNEXPECTED
2021-12-02 22:48:00,2021-12-02 22:50:00,2.0,UNEXPECTED_SHORT_GAP,UNEXPECTED
2021-12-02 22:55:00,2021-12-02 22:57:00,2.0,UNEXPECTED_SHORT_GAP,UNEXPECTED
2021-12-02 22:58:00,2021-12-02 23:00:00,2.0,UNEXPECTED_SHORT_GAP,UNEXPECTED
2021-12-02 23:04:00,2021-12-02 23:06:00,2.0,UNEXPECTED_SHORT_GAP,UNEXPECTED
2021-12-02 23:08:00,2021-12-02 23:10:00,2.0,UNEXPECTED_SHORT_GAP,UNEXPECTED
2021-12-02 23:26:00,2021-12-02 23:28:00,2.0,UNEXPECTED_SHORT_GAP,UNEXPECTED
2021-12-02 23:30:00,2021-12-02 23:32:00,2.0,UNEXPECTED_SHORT_GAP,UNEXPECTED
2021-12-02 23:38:00,2021-12-02 23:40:00,2.0,UNEXPECTED_SHORT_GAP,UNEXPECTED
2021-12-02 23:46:00,2021-12-02 23:48:00,2.0,UNEXPECTED_SHORT_GAP,UNEXPECTED
2021-12-03 00:46:00,2021-12-03 00:48:00,2.0,UNEXPECTED_SHORT_GAP,UNEXPECTED
2021-12-03 02:20:00,2021-12-03 02:22:00,2.0,UNEXPECTED_SHORT_GAP,UNEXPECTED
2021-12-03 02:27:00,2021-12-03 02:30:00,3.0,UNEXPECTED_SHORT_GAP,UNEXPECTED
2021-12-03 02:53:00,2021-12-03 02:55:00,2.0,UNEXPECTED_SHORT_GAP,UNEXPECTED
2021-12-03 03:03:00,2021-12-03 03:05:00,2.0,UNEXPECTED_SHORT_GAP,UNEXPECTED
2021-12-03 03:42:00,2021-12-03 03:44:00,2.0,UNEXPECTED_SHORT_GAP,UNEXPECTED
2021-12-03 03:48:00,2021-12-03 03:50:00,2.0,UNEXPECTED_SHORT_GAP,UNEXPECTED
2021-12-03 04:03:00,2021-12-03 04:05:00,2.0,UNEXPECTED_SHORT_GAP,UNEXPECTED
2021-12-03 04:35:00,2021-12-03 04:38:00,3.0,UNEXPECTED_SHORT_GAP,UNEXPECTED
2021-12-03 04:38:00,2021-12-03 04:40:00,2.0,UNEXPECTED_SHORT_GAP,UNEXPECTED
2021-12-03 04:50:00,2021-12-03 04:52:00,2.0,UNEXPECTED_SHORT_GAP,UNEXPECTED
2021-12-03 04:56:00,2021-12-03 04:58:00,2.0,UNEXPECTED_SHORT_GAP,UNEXPECTED
2021-12-03 05:06:00,2021-12-03 05:08:00,2.0,UNEXPECTED_SHORT_GAP,UNEXPECTED
2021-12-03 06:20:00,2021-12-03 06:22:00,2.0,UNEXPECTED_SHORT_GAP,UNEXPECTED
2021-12-03 21:27:00,2021-12-03 21:29:00,2.0,UNEXPECTED_SHORT_GAP,UNEXPECTED
2021-12-03 21:58:00,2021-12-05 22:06:00,2888.0,EXPECTED_WEEKEND_CLOSURE,EXPECTED
2021-12-05 22:07:00,2021-12-05 22:09:00,2.0,EXPECTED_WEEKEND_CLOSURE,EXPECTED
2021-12-05 22:12:00,2021-12-05 22:15:00,3.0,EXPECTED_WEEKEND_CLOSURE,EXPECTED
2021-12-05 22:15:00,2021-12-05 22:18:00,3.0,EXPECTED_WEEKEND_CLOSURE,EXPECTED
2021-12-05 22:19:00,2021-12-05 22:25:00,6.0,EXPECTED_WEEKEND_CLOSURE,EXPECTED
2021-12-05 22:27:00,2021-12-05 22:29:00,2.0,EXPECTED_WEEKEND_CLOSURE,EXPECTED
2021-12-05 22:39:00,2021-12-05 22:42:00,3.0,EXPECTED_WEEKEND_CLOSURE,EXPECTED
2021-12-06 02:15:00,2021-12-06 02:17:00,2.0,UNEXPECTED_SHORT_GAP,UNEXPECTED
2021-12-06 03:09:00,2021-12-06 03:11:00,2.0,UNEXPECTED_SHORT_GAP,UNEXPECTED
2021-12-06 03:17:00,2021-12-06 03:19:00,2.0,UNEXPECTED_SHORT_GAP,UNEXPECTED
2021-12-06 03:20:00,2021-12-06 03:22:00,2.0,UNEXPECTED_SHORT_GAP,UNEXPECTED
2021-12-06 03:52:00,2021-12-06 03:54:00,2.0,UNEXPECTED_SHORT_GAP,UNEXPECTED
2021-12-06 05:14:00,2021-12-06 05:16:00,2.0,UNEXPECTED_SHORT_GAP,UNEXPECTED
2021-12-06 21:37:00,2021-12-06 21:39:00,2.0,UNEXPECTED_SHORT_GAP,UNEXPECTED
2021-12-06 21:42:00,2021-12-06 21:44:00,2.0,UNEXPECTED_SHORT_GAP,UNEXPECTED
2021-12-06 22:00:00,2021-12-06 22:03:00,3.0,UNEXPECTED_SHORT_GAP,UNEXPECTED
2021-12-06 22:07:00,2021-12-06 22:10:00,3.0,UNEXPECTED_SHORT_GAP,UNEXPECTED
2021-12-06 22:11:00,2021-12-06 22:14:00,3.0,UNEXPECTED_SHORT_GAP,UNEXPECTED
2021-12-06 22:14:00,2021-12-06 22:16:00,2.0,UNEXPECTED_SHORT_GAP,UNEXPECTED
2021-12-06 22:16:00,2021-12-06 22:18:00,2.0,UNEXPECTED_SHORT_GAP,UNEXPECTED
2021-12-06 22:18:00,2021-12-06 22:23:00,5.0,UNEXPECTED_SHORT_GAP,UNEXPECTED
2021-12-06 22:23:00,2021-12-06 22:25:00,2.0,UNEXPECTED_SHORT_GAP,UNEXPECTED
2021-12-06 22:25:00,2021-12-06 22:28:00,3.0,UNEXPECTED_SHORT_GAP,UNEXPECTED
2021-12-06 23:30:00,2021-12-06 23:32:00,2.0,UNEXPECTED_SHORT_GAP,UNEXPECTED
2021-12-06 23:38:00,2021-12-06 23:41:00,3.0,UNEXPECTED_SHORT_GAP,UNEXPECTED
2021-12-06 23:43:00,2021-12-06 23:45:00,2.0,UNEXPECTED_SHORT_GAP,UNEXPECTED
2021-12-06 23:53:00,2021-12-06 23:55:00,2.0,UNEXPECTED_SHORT_GAP,UNEXPECTED
2021-12-06 23:55:00,2021-12-06 23:59:00,4.0,UNEXPECTED_SHORT_GAP,UNEXPECTED
2021-12-07 00:03:00,2021-12-07 00:05:00,2.0,UNEXPECTED_SHORT_GAP,UNEXPECTED
2021-12-07 00:10:00,2021-12-07 00:12:00,2.0,UNEXPECTED_SHORT_GAP,UNEXPECTED
2021-12-07 00:57:00,2021-12-07 00:59:00,2.0,UNEXPECTED_SHORT_GAP,UNEXPECTED
2021-12-07 02:46:00,2021-12-07 02:48:00,2.0,UNEXPECTED_SHORT_GAP,UNEXPECTED
2021-12-07 03:22:00,2021-12-07 03:24:00,2.0,UNEXPECTED_SHORT_GAP,UNEXPECTED
2021-12-07 05:04:00,2021-12-07 05:06:00,2.0,UNEXPECTED_SHORT_GAP,UNEXPECTED
2021-12-07 05:07:00,2021-12-07 05:10:00,3.0,UNEXPECTED_SHORT_GAP,UNEXPECTED
2021-12-07 05:57:00,2021-12-07 05:59:00,2.0,UNEXPECTED_SHORT_GAP,UNEXPECTED
2021-12-07 18:42:00,2021-12-07 18:44:00,2.0,UNEXPECTED_SHORT_GAP,UNEXPECTED
2021-12-07 21:15:00,2021-12-07 21:17:00,2.0,UNEXPECTED_SHORT_GAP,UNEXPECTED
2021-12-07 21:17:00,2021-12-07 21:19:00,2.0,UNEXPECTED_SHORT_GAP,UNEXPECTED
2021-12-07 21:19:00,2021-12-07 21:21:00,2.0,UNEXPECTED_SHORT_GAP,UNEXPECTED
2021-12-07 21:25:00,2021-12-07 21:27:00,2.0,UNEXPECTED_SHORT_GAP,UNEXPECTED
2021-12-07 21:40:00,2021-12-07 21:43:00,3.0,UNEXPECTED_SHORT_GAP,UNEXPECTED
2021-12-07 21:43:00,2021-12-07 21:45:00,2.0,UNEXPECTED_SHORT_GAP,UNEXPECTED
2021-12-07 22:00:00,2021-12-07 22:03:00,3.0,UNEXPECTED_SHORT_GAP,UNEXPECTED
2021-12-07 22:03:00,2021-12-07 22:05:00,2.0,UNEXPECTED_SHORT_GAP,UNEXPECTED
2021-12-07 22:16:00,2021-12-07 22:20:00,4.0,UNEXPECTED_SHORT_GAP,UNEXPECTED
2021-12-07 22:21:00,2021-12-07 22:23:00,2.0,UNEXPECTED_SHORT_GAP,UNEXPECTED
2021-12-07 22:23:00,2021-12-07 22:26:00,3.0,UNEXPECTED_SHORT_GAP,UNEXPECTED
2021-12-07 22:27:00,2021-12-07 22:30:00,3.0,UNEXPECTED_SHORT_GAP,UNEXPECTED
2021-12-07 22:32:00,2021-12-07 22:34:00,2.0,UNEXPECTED_SHORT_GAP,UNEXPECTED
2021-12-07 23:23:00,2021-12-07 23:25:00,2.0,UNEXPECTED_SHORT_GAP,UNEXPECTED
2021-12-07 23:25:00,2021-12-07 23:27:00,2.0,UNEXPECTED_SHORT_GAP,UNEXPECTED
2021-12-07 23:30:00,2021-12-07 23:32:00,2.0,UNEXPECTED_SHORT_GAP,UNEXPECTED
2021-12-07 23:37:00,2021-12-07 23:39:00,2.0,UNEXPECTED_SHORT_GAP,UNEXPECTED
2021-12-07 23:45:00,2021-12-07 23:50:00,5.0,UNEXPECTED_SHORT_GAP,UNEXPECTED
2021-12-07 23:50:00,2021-12-07 23:52:00,2.0,UNEXPECTED_SHORT_GAP,UNEXPECTED
2021-12-07 23:52:00,2021-12-07 23:54:00,2.0,UNEXPECTED_SHORT_GAP,UNEXPECTED
2021-12-08 00:15:00,2021-12-08 00:17:00,2.0,UNEXPECTED_SHORT_GAP,UNEXPECTED
2021-12-08 00:32:00,2021-12-08 00:34:00,2.0,UNEXPECTED_SHORT_GAP,UNEXPECTED
2021-12-08 00:36:00,2021-12-08 00:38:00,2.0,UNEXPECTED_SHORT_GAP,UNEXPECTED
2021-12-08 00:39:00,2021-12-08 00:42:00,3.0,UNEXPECTED_SHORT_GAP,UNEXPECTED
2021-12-08 03:12:00,2021-12-08 03:14:00,2.0,UNEXPECTED_SHORT_GAP,UNEXPECTED
2021-12-08 03:29:00,2021-12-08 03:31:00,2.0,UNEXPECTED_SHORT_GAP,UNEXPECTED
2021-12-08 04:02:00,2021-12-08 04:04:00,2.0,UNEXPECTED_SHORT_GAP,UNEXPECTED
2021-12-08 04:05:00,2021-12-08 04:07:00,2.0,UNEXPECTED_SHORT_GAP,UNEXPECTED
2021-12-08 04:27:00,2021-12-08 04:29:00,2.0,UNEXPECTED_SHORT_GAP,UNEXPECTED
2021-12-08 20:08:00,2021-12-08 20:10:00,2.0,UNEXPECTED_SHORT_GAP,UNEXPECTED
2021-12-08 22:49:00,2021-12-08 22:51:00,2.0,UNEXPECTED_SHORT_GAP,UNEXPECTED
2021-12-08 23:16:00,2021-12-08 23:18:00,2.0,UNEXPECTED_SHORT_GAP,UNEXPECTED
2021-12-08 23:21:00,2021-12-08 23:23:00,2.0,UNEXPECTED_SHORT_GAP,UNEXPECTED
2021-12-08 23:26:00,2021-12-08 23:28:00,2.0,UNEXPECTED_SHORT_GAP,UNEXPECTED
2021-12-08 23:31:00,2021-12-08 23:35:00,4.0,UNEXPECTED_SHORT_GAP,UNEXPECTED
2021-12-08 23:39:00,2021-12-08 23:42:00,3.0,UNEXPECTED_SHORT_GAP,UNEXPECTED
2021-12-08 23:45:00,2021-12-08 23:48:00,3.0,UNEXPECTED_SHORT_GAP,UNEXPECTED
2021-12-09 00:03:00,2021-12-09 00:05:00,2.0,UNEXPECTED_SHORT_GAP,UNEXPECTED
2021-12-09 00:22:00,2021-12-09 00:24:00,2.0,UNEXPECTED_SHORT_GAP,UNEXPECTED
2021-12-09 00:33:00,2021-12-09 00:35:00,2.0,UNEXPECTED_SHORT_GAP,UNEXPECTED
2021-12-09 03:04:00,2021-12-09 03:06:00,2.0,UNEXPECTED_SHORT_GAP,UNEXPECTED
2021-12-09 04:19:00,2021-12-09 04:21:00,2.0,UNEXPECTED_SHORT_GAP,UNEXPECTED
2021-12-09 04:25:00,2021-12-09 04:27:00,2.0,UNEXPECTED_SHORT_GAP,UNEXPECTED
2021-12-09 04:30:00,2021-12-09 04:32:00,2.0,UNEXPECTED_SHORT_GAP,UNEXPECTED
2021-12-09 04:47:00,2021-12-09 04:49:00,2.0,UNEXPECTED_SHORT_GAP,UNEXPECTED
2021-12-09 05:05:00,2021-12-09 05:07:00,2.0,UNEXPECTED_SHORT_GAP,UNEXPECTED
2021-12-09 05:15:00,2021-12-09 05:18:00,3.0,UNEXPECTED_SHORT_GAP,UNEXPECTED
2021-12-09 06:15:00,2021-12-09 06:17:00,2.0,UNEXPECTED_SHORT_GAP,UNEXPECTED
2021-12-09 19:33:00,2021-12-09 19:35:00,2.0,UNEXPECTED_SHORT_GAP,UNEXPECTED
2021-12-09 21:22:00,2021-12-09 21:25:00,3.0,UNEXPECTED_SHORT_GAP,UNEXPECTED
2021-12-09 21:47:00,2021-12-09 21:49:00,2.0,UNEXPECTED_SHORT_GAP,UNEXPECTED
2021-12-09 21:52:00,2021-12-09 21:54:00,2.0,UNEXPECTED_SHORT_GAP,UNEXPECTED
2021-12-09 22:02:00,2021-12-09 22:04:00,2.0,UNEXPECTED_SHORT_GAP,UNEXPECTED
2021-12-09 22:05:00,2021-12-09 22:07:00,2.0,UNEXPECTED_SHORT_GAP,UNEXPECTED
2021-12-09 22:12:00,2021-12-09 22:17:00,5.0,UNEXPECTED_SHORT_GAP,UNEXPECTED
2021-12-09 22:17:00,2021-12-09 22:20:00,3.0,UNEXPECTED_SHORT_GAP,UNEXPECTED
2021-12-09 22:21:00,2021-12-09 22:23:00,2.0,UNEXPECTED_SHORT_GAP,UNEXPECTED
2021-12-09 22:41:00,2021-12-09 22:45:00,4.0,UNEXPECTED_SHORT_GAP,UNEXPECTED
2021-12-09 22:51:00,2021-12-09 22:53:00,2.0,UNEXPECTED_SHORT_GAP,UNEXPECTED
2021-12-09 23:22:00,2021-12-09 23:24:00,2.0,UNEXPECTED_SHORT_GAP,UNEXPECTED
2021-12-09 23:34:00,2021-12-09 23:36:00,2.0,UNEXPECTED_SHORT_GAP,UNEXPECTED
2021-12-09 23:52:00,2021-12-09 23:54:00,2.0,UNEXPECTED_SHORT_GAP,UNEXPECTED
2021-12-10 00:07:00,2021-12-10 00:10:00,3.0,UNEXPECTED_SHORT_GAP,UNEXPECTED
2021-12-10 00:17:00,2021-12-10 00:19:00,2.0,UNEXPECTED_SHORT_GAP,UNEXPECTED
2021-12-10 00:20:00,2021-12-10 00:22:00,2.0,UNEXPECTED_SHORT_GAP,UNEXPECTED
2021-12-10 00:38:00,2021-12-10 00:40:00,2.0,UNEXPECTED_SHORT_GAP,UNEXPECTED
2021-12-10 02:31:00,2021-12-10 02:33:00,2.0,UNEXPECTED_SHORT_GAP,UNEXPECTED
2021-12-10 03:09:00,2021-12-10 03:11:00,2.0,UNEXPECTED_SHORT_GAP,UNEXPECTED
2021-12-10 03:40:00,2021-12-10 03:42:00,2.0,UNEXPECTED_SHORT_GAP,UNEXPECTED
2021-12-10 03:45:00,2021-12-10 03:47:00,2.0,UNEXPECTED_SHORT_GAP,UNEXPECTED
2021-12-10 04:20:00,2021-12-10 04:22:00,2.0,UNEXPECTED_SHORT_GAP,UNEXPECTED
2021-12-10 10:18:00,2021-12-10 10:20:00,2.0,UNEXPECTED_SHORT_GAP,UNEXPECTED
2021-12-10 21:14:00,2021-12-10 21:16:00,2.0,UNEXPECTED_SHORT_GAP,UNEXPECTED
2021-12-10 21:19:00,2021-12-10 21:21:00,2.0,UNEXPECTED_SHORT_GAP,UNEXPECTED
2021-12-10 21:58:00,2021-12-12 22:07:00,2889.0,EXPECTED_WEEKEND_CLOSURE,EXPECTED
2021-12-12 22:07:00,2021-12-12 22:09:00,2.0,EXPECTED_WEEKEND_CLOSURE,EXPECTED
2021-12-12 22:10:00,2021-12-12 22:12:00,2.0,EXPECTED_WEEKEND_CLOSURE,EXPECTED
2021-12-12 22:13:00,2021-12-12 22:15:00,2.0,EXPECTED_WEEKEND_CLOSURE,EXPECTED
2021-12-12 22:17:00,2021-12-12 22:19:00,2.0,EXPECTED_WEEKEND_CLOSURE,EXPECTED
2021-12-12 22:19:00,2021-12-12 22:25:00,6.0,EXPECTED_WEEKEND_CLOSURE,EXPECTED
2021-12-12 22:32:00,2021-12-12 22:34:00,2.0,EXPECTED_WEEKEND_CLOSURE,EXPECTED
2021-12-12 23:16:00,2021-12-12 23:18:00,2.0,EXPECTED_WEEKEND_CLOSURE,EXPECTED
2021-12-12 23:24:00,2021-12-12 23:27:00,3.0,EXPECTED_WEEKEND_CLOSURE,EXPECTED
2021-12-12 23:39:00,2021-12-12 23:41:00,2.0,EXPECTED_WEEKEND_CLOSURE,EXPECTED
2021-12-12 23:46:00,2021-12-12 23:48:00,2.0,EXPECTED_WEEKEND_CLOSURE,EXPECTED
2021-12-12 23:56:00,2021-12-12 23:58:00,2.0,EXPECTED_WEEKEND_CLOSURE,EXPECTED
2021-12-13 00:33:00,2021-12-13 00:35:00,2.0,UNEXPECTED_SHORT_GAP,UNEXPECTED
2021-12-13 00:37:00,2021-12-13 00:39:00,2.0,UNEXPECTED_SHORT_GAP,UNEXPECTED
2021-12-13 00:42:00,2021-12-13 00:44:00,2.0,UNEXPECTED_SHORT_GAP,UNEXPECTED
2021-12-13 00:50:00,2021-12-13 00:52:00,2.0,UNEXPECTED_SHORT_GAP,UNEXPECTED
2021-12-13 02:12:00,2021-12-13 02:19:00,7.0,UNEXPECTED_INTRADAY_GAP,UNEXPECTED
2021-12-13 02:19:00,2021-12-13 02:22:00,3.0,UNEXPECTED_SHORT_GAP,UNEXPECTED
2021-12-13 03:20:00,2021-12-13 03:22:00,2.0,UNEXPECTED_SHORT_GAP,UNEXPECTED
2021-12-13 03:28:00,2021-12-13 03:30:00,2.0,UNEXPECTED_SHORT_GAP,UNEXPECTED
2021-12-13 03:46:00,2021-12-13 03:48:00,2.0,UNEXPECTED_SHORT_GAP,UNEXPECTED
2021-12-13 03:58:00,2021-12-13 04:00:00,2.0,UNEXPECTED_SHORT_GAP,UNEXPECTED
2021-12-13 04:11:00,2021-12-13 04:13:00,2.0,UNEXPECTED_SHORT_GAP,UNEXPECTED
2021-12-13 04:27:00,2021-12-13 04:31:00,4.0,UNEXPECTED_SHORT_GAP,UNEXPECTED
2021-12-13 04:32:00,2021-12-13 04:34:00,2.0,UNEXPECTED_SHORT_GAP,UNEXPECTED
2021-12-13 05:05:00,2021-12-13 05:07:00,2.0,UNEXPECTED_SHORT_GAP,UNEXPECTED
2021-12-13 05:09:00,2021-12-13 05:11:00,2.0,UNEXPECTED_SHORT_GAP,UNEXPECTED
2021-12-13 05:11:00,2021-12-13 05:13:00,2.0,UNEXPECTED_SHORT_GAP,UNEXPECTED
2021-12-13 05:35:00,2021-12-13 05:37:00,2.0,UNEXPECTED_SHORT_GAP,UNEXPECTED
2021-12-13 05:38:00,2021-12-13 05:41:00,3.0,UNEXPECTED_SHORT_GAP,UNEXPECTED
2021-12-13 05:51:00,2021-12-13 05:53:00,2.0,UNEXPECTED_SHORT_GAP,UNEXPECTED
2021-12-13 07:25:00,2021-12-13 07:27:00,2.0,UNEXPECTED_SHORT_GAP,UNEXPECTED
2021-12-13 08:47:00,2021-12-13 08:49:00,2.0,UNEXPECTED_SHORT_GAP,UNEXPECTED
2021-12-13 18:30:00,2021-12-13 18:32:00,2.0,UNEXPECTED_SHORT_GAP,UNEXPECTED
2021-12-13 18:53:00,2021-12-13 18:55:00,2.0,UNEXPECTED_SHORT_GAP,UNEXPECTED
2021-12-13 18:58:00,2021-12-13 19:00:00,2.0,UNEXPECTED_SHORT_GAP,UNEXPECTED
2021-12-13 19:32:00,2021-12-13 19:34:00,2.0,UNEXPECTED_SHORT_GAP,UNEXPECTED
2021-12-13 20:07:00,2021-12-13 20:11:00,4.0,UNEXPECTED_SHORT_GAP,UNEXPECTED
2021-12-13 20:11:00,2021-12-13 20:13:00,2.0,UNEXPECTED_SHORT_GAP,UNEXPECTED
2021-12-13 21:25:00,2021-12-13 21:27:00,2.0,UNEXPECTED_SHORT_GAP,UNEXPECTED
2021-12-13 22:08:00,2021-12-13 22:10:00,2.0,UNEXPECTED_SHORT_GAP,UNEXPECTED
2021-12-13 22:13:00,2021-12-13 22:15:00,2.0,UNEXPECTED_SHORT_GAP,UNEXPECTED
2021-12-13 22:18:00,2021-12-13 22:20:00,2.0,UNEXPECTED_SHORT_GAP,UNEXPECTED
2021-12-13 22:21:00,2021-12-13 22:24:00,3.0,UNEXPECTED_SHORT_GAP,UNEXPECTED
2021-12-13 22:25:00,2021-12-13 22:27:00,2.0,UNEXPECTED_SHORT_GAP,UNEXPECTED
2021-12-13 22:38:00,2021-12-13 22:40:00,2.0,UNEXPECTED_SHORT_GAP,UNEXPECTED
2021-12-13 22:56:00,2021-12-13 22:59:00,3.0,UNEXPECTED_SHORT_GAP,UNEXPECTED
2021-12-13 23:16:00,2021-12-13 23:18:00,2.0,UNEXPECTED_SHORT_GAP,UNEXPECTED
2021-12-13 23:39:00,2021-12-13 23:41:00,2.0,UNEXPECTED_SHORT_GAP,UNEXPECTED
2021-12-13 23:43:00,2021-12-13 23:45:00,2.0,UNEXPECTED_SHORT_GAP,UNEXPECTED
2021-12-13 23:45:00,2021-12-13 23:47:00,2.0,UNEXPECTED_SHORT_GAP,UNEXPECTED
2021-12-13 23:47:00,2021-12-13 23:49:00,2.0,UNEXPECTED_SHORT_GAP,UNEXPECTED
2021-12-13 23:49:00,2021-12-13 23:51:00,2.0,UNEXPECTED_SHORT_GAP,UNEXPECTED
2021-12-13 23:53:00,2021-12-13 23:55:00,2.0,UNEXPECTED_SHORT_GAP,UNEXPECTED
2021-12-13 23:55:00,2021-12-13 23:58:00,3.0,UNEXPECTED_SHORT_GAP,UNEXPECTED
2021-12-13 23:58:00,2021-12-14 00:00:00,2.0,EXPECTED_DAILY_ROLLOVER,EXPECTED
2021-12-14 00:08:00,2021-12-14 00:11:00,3.0,UNEXPECTED_SHORT_GAP,UNEXPECTED
2021-12-14 00:23:00,2021-12-14 00:25:00,2.0,UNEXPECTED_SHORT_GAP,UNEXPECTED
2021-12-14 00:42:00,2021-12-14 00:46:00,4.0,UNEXPECTED_SHORT_GAP,UNEXPECTED
2021-12-14 00:56:00,2021-12-14 00:59:00,3.0,UNEXPECTED_SHORT_GAP,UNEXPECTED
2021-12-14 02:14:00,2021-12-14 02:16:00,2.0,UNEXPECTED_SHORT_GAP,UNEXPECTED
2021-12-14 02:32:00,2021-12-14 02:34:00,2.0,UNEXPECTED_SHORT_GAP,UNEXPECTED
2021-12-14 02:52:00,2021-12-14 02:55:00,3.0,UNEXPECTED_SHORT_GAP,UNEXPECTED
2021-12-14 03:02:00,2021-12-14 03:04:00,2.0,UNEXPECTED_SHORT_GAP,UNEXPECTED
2021-12-14 04:06:00,2021-12-14 04:08:00,2.0,UNEXPECTED_SHORT_GAP,UNEXPECTED
2021-12-14 04:14:00,2021-12-14 04:16:00,2.0,UNEXPECTED_SHORT_GAP,UNEXPECTED
2021-12-14 04:32:00,2021-12-14 04:34:00,2.0,UNEXPECTED_SHORT_GAP,UNEXPECTED
2021-12-14 04:48:00,2021-12-14 04:50:00,2.0,UNEXPECTED_SHORT_GAP,UNEXPECTED
2021-12-14 05:02:00,2021-12-14 05:04:00,2.0,UNEXPECTED_SHORT_GAP,UNEXPECTED
2021-12-14 05:27:00,2021-12-14 05:29:00,2.0,UNEXPECTED_SHORT_GAP,UNEXPECTED
2021-12-14 05:44:00,2021-12-14 05:46:00,2.0,UNEXPECTED_SHORT_GAP,UNEXPECTED
2021-12-14 06:39:00,2021-12-14 06:41:00,2.0,UNEXPECTED_SHORT_GAP,UNEXPECTED
2021-12-14 06:52:00,2021-12-14 06:54:00,2.0,UNEXPECTED_SHORT_GAP,UNEXPECTED
2021-12-14 17:37:00,2021-12-14 17:39:00,2.0,UNEXPECTED_SHORT_GAP,UNEXPECTED
2021-12-14 17:52:00,2021-12-14 17:55:00,3.0,UNEXPECTED_SHORT_GAP,UNEXPECTED
2021-12-14 18:01:00,2021-12-14 18:03:00,2.0,UNEXPECTED_SHORT_GAP,UNEXPECTED
2021-12-14 18:22:00,2021-12-14 18:27:00,5.0,UNEXPECTED_SHORT_GAP,UNEXPECTED
2021-12-14 20:26:00,2021-12-14 20:28:00,2.0,UNEXPECTED_SHORT_GAP,UNEXPECTED
2021-12-14 20:44:00,2021-12-14 20:46:00,2.0,UNEXPECTED_SHORT_GAP,UNEXPECTED
2021-12-14 21:11:00,2021-12-14 21:13:00,2.0,UNEXPECTED_SHORT_GAP,UNEXPECTED
2021-12-14 21:16:00,2021-12-14 21:18:00,2.0,UNEXPECTED_SHORT_GAP,UNEXPECTED
2021-12-14 21:20:00,2021-12-14 21:22:00,2.0,UNEXPECTED_SHORT_GAP,UNEXPECTED
2021-12-14 21:24:00,2021-12-14 21:26:00,2.0,UNEXPECTED_SHORT_GAP,UNEXPECTED
2021-12-14 21:26:00,2021-12-14 21:28:00,2.0,UNEXPECTED_SHORT_GAP,UNEXPECTED
2021-12-14 21:32:00,2021-12-14 21:34:00,2.0,UNEXPECTED_SHORT_GAP,UNEXPECTED
2021-12-14 21:37:00,2021-12-14 21:39:00,2.0,UNEXPECTED_SHORT_GAP,UNEXPECTED
2021-12-14 21:39:00,2021-12-14 21:41:00,2.0,UNEXPECTED_SHORT_GAP,UNEXPECTED
2021-12-14 21:59:00,2021-12-14 22:01:00,2.0,UNEXPECTED_SHORT_GAP,UNEXPECTED
2021-12-14 22:02:00,2021-12-14 22:05:00,3.0,UNEXPECTED_SHORT_GAP,UNEXPECTED
2021-12-14 22:06:00,2021-12-14 22:09:00,3.0,UNEXPECTED_SHORT_GAP,UNEXPECTED
2021-12-14 22:25:00,2021-12-14 22:28:00,3.0,UNEXPECTED_SHORT_GAP,UNEXPECTED
2021-12-14 22:28:00,2021-12-14 22:31:00,3.0,UNEXPECTED_SHORT_GAP,UNEXPECTED
2021-12-14 22:31:00,2021-12-14 22:33:00,2.0,UNEXPECTED_SHORT_GAP,UNEXPECTED
2021-12-14 22:34:00,2021-12-14 22:36:00,2.0,UNEXPECTED_SHORT_GAP,UNEXPECTED
2021-12-14 22:36:00,2021-12-14 22:38:00,2.0,UNEXPECTED_SHORT_GAP,UNEXPECTED
2021-12-14 22:39:00,2021-12-14 22:41:00,2.0,UNEXPECTED_SHORT_GAP,UNEXPECTED
2021-12-14 22:47:00,2021-12-14 22:49:00,2.0,UNEXPECTED_SHORT_GAP,UNEXPECTED
2021-12-14 22:52:00,2021-12-14 22:54:00,2.0,UNEXPECTED_SHORT_GAP,UNEXPECTED
2021-12-14 23:25:00,2021-12-14 23:27:00,2.0,UNEXPECTED_SHORT_GAP,UNEXPECTED
2021-12-14 23:28:00,2021-12-14 23:30:00,2.0,UNEXPECTED_SHORT_GAP,UNEXPECTED
2021-12-14 23:37:00,2021-12-14 23:39:00,2.0,UNEXPECTED_SHORT_GAP,UNEXPECTED
2021-12-14 23:40:00,2021-12-14 23:43:00,3.0,UNEXPECTED_SHORT_GAP,UNEXPECTED
2021-12-14 23:43:00,2021-12-14 23:45:00,2.0,UNEXPECTED_SHORT_GAP,UNEXPECTED
2021-12-14 23:46:00,2021-12-14 23:50:00,4.0,UNEXPECTED_SHORT_GAP,UNEXPECTED
2021-12-14 23:51:00,2021-12-14 23:55:00,4.0,UNEXPECTED_SHORT_GAP,UNEXPECTED
2021-12-15 00:00:00,2021-12-15 00:02:00,2.0,UNEXPECTED_SHORT_GAP,UNEXPECTED
2021-12-15 00:02:00,2021-12-15 00:04:00,2.0,UNEXPECTED_SHORT_GAP,UNEXPECTED
2021-12-15 00:10:00,2021-12-15 00:12:00,2.0,UNEXPECTED_SHORT_GAP,UNEXPECTED
2021-12-15 00:15:00,2021-12-15 00:17:00,2.0,UNEXPECTED_SHORT_GAP,UNEXPECTED
2021-12-15 00:17:00,2021-12-15 00:19:00,2.0,UNEXPECTED_SHORT_GAP,UNEXPECTED
2021-12-15 00:20:00,2021-12-15 00:22:00,2.0,UNEXPECTED_SHORT_GAP,UNEXPECTED
2021-12-15 00:23:00,2021-12-15 00:25:00,2.0,UNEXPECTED_SHORT_GAP,UNEXPECTED
2021-12-15 00:26:00,2021-12-15 00:28:00,2.0,UNEXPECTED_SHORT_GAP,UNEXPECTED
2021-12-15 00:36:00,2021-12-15 00:38:00,2.0,UNEXPECTED_SHORT_GAP,UNEXPECTED
2021-12-15 03:32:00,2021-12-15 03:34:00,2.0,UNEXPECTED_SHORT_GAP,UNEXPECTED
2021-12-15 03:37:00,2021-12-15 03:39:00,2.0,UNEXPECTED_SHORT_GAP,UNEXPECTED
2021-12-15 03:49:00,2021-12-15 03:51:00,2.0,UNEXPECTED_SHORT_GAP,UNEXPECTED
2021-12-15 04:13:00,2021-12-15 04:15:00,2.0,UNEXPECTED_SHORT_GAP,UNEXPECTED
2021-12-15 04:32:00,2021-12-15 04:34:00,2.0,UNEXPECTED_SHORT_GAP,UNEXPECTED
2021-12-15 04:43:00,2021-12-15 04:45:00,2.0,UNEXPECTED_SHORT_GAP,UNEXPECTED
2021-12-15 04:52:00,2021-12-15 04:54:00,2.0,UNEXPECTED_SHORT_GAP,UNEXPECTED
2021-12-15 04:54:00,2021-12-15 04:56:00,2.0,UNEXPECTED_SHORT_GAP,UNEXPECTED
2021-12-15 05:22:00,2021-12-15 05:24:00,2.0,UNEXPECTED_SHORT_GAP,UNEXPECTED
2021-12-15 05:39:00,2021-12-15 05:41:00,2.0,UNEXPECTED_SHORT_GAP,UNEXPECTED
2021-12-15 06:06:00,2021-12-15 06:08:00,2.0,UNEXPECTED_SHORT_GAP,UNEXPECTED
2021-12-15 06:10:00,2021-12-15 06:12:00,2.0,UNEXPECTED_SHORT_GAP,UNEXPECTED
2021-12-15 06:37:00,2021-12-15 06:39:00,2.0,UNEXPECTED_SHORT_GAP,UNEXPECTED
2021-12-15 06:45:00,2021-12-15 06:48:00,3.0,UNEXPECTED_SHORT_GAP,UNEXPECTED
2021-12-15 21:59:00,2021-12-15 22:01:00,2.0,UNEXPECTED_SHORT_GAP,UNEXPECTED
2021-12-15 22:03:00,2021-12-15 22:05:00,2.0,UNEXPECTED_SHORT_GAP,UNEXPECTED
2021-12-15 22:07:00,2021-12-15 22:10:00,3.0,UNEXPECTED_SHORT_GAP,UNEXPECTED
2021-12-15 22:10:00,2021-12-15 22:12:00,2.0,UNEXPECTED_SHORT_GAP,UNEXPECTED
2021-12-15 22:46:00,2021-12-15 22:49:00,3.0,UNEXPECTED_SHORT_GAP,UNEXPECTED
2021-12-15 23:26:00,2021-12-15 23:29:00,3.0,UNEXPECTED_SHORT_GAP,UNEXPECTED
2021-12-15 23:36:00,2021-12-15 23:39:00,3.0,UNEXPECTED_SHORT_GAP,UNEXPECTED
2021-12-15 23:40:00,2021-12-15 23:42:00,2.0,UNEXPECTED_SHORT_GAP,UNEXPECTED
2021-12-15 23:47:00,2021-12-15 23:49:00,2.0,UNEXPECTED_SHORT_GAP,UNEXPECTED
2021-12-15 23:55:00,2021-12-15 23:57:00,2.0,UNEXPECTED_SHORT_GAP,UNEXPECTED
2021-12-15 23:57:00,2021-12-15 23:59:00,2.0,UNEXPECTED_SHORT_GAP,UNEXPECTED
2021-12-16 04:09:00,2021-12-16 04:12:00,3.0,UNEXPECTED_SHORT_GAP,UNEXPECTED
2021-12-16 05:25:00,2021-12-16 05:27:00,2.0,UNEXPECTED_SHORT_GAP,UNEXPECTED
2021-12-16 05:43:00,2021-12-16 05:45:00,2.0,UNEXPECTED_SHORT_GAP,UNEXPECTED
2021-12-16 21:15:00,2021-12-16 21:18:00,3.0,UNEXPECTED_SHORT_GAP,UNEXPECTED
2021-12-16 21:35:00,2021-12-16 21:37:00,2.0,UNEXPECTED_SHORT_GAP,UNEXPECTED
2021-12-16 22:02:00,2021-12-16 22:04:00,2.0,UNEXPECTED_SHORT_GAP,UNEXPECTED
2021-12-16 22:06:00,2021-12-16 22:10:00,4.0,UNEXPECTED_SHORT_GAP,UNEXPECTED
2021-12-16 22:27:00,2021-12-16 22:30:00,3.0,UNEXPECTED_SHORT_GAP,UNEXPECTED
2021-12-16 22:36:00,2021-12-16 22:38:00,2.0,UNEXPECTED_SHORT_GAP,UNEXPECTED
2021-12-16 22:38:00,2021-12-16 22:40:00,2.0,UNEXPECTED_SHORT_GAP,UNEXPECTED
2021-12-16 22:49:00,2021-12-16 22:51:00,2.0,UNEXPECTED_SHORT_GAP,UNEXPECTED
2021-12-16 22:55:00,2021-12-16 22:57:00,2.0,UNEXPECTED_SHORT_GAP,UNEXPECTED
2021-12-16 23:26:00,2021-12-16 23:28:00,2.0,UNEXPECTED_SHORT_GAP,UNEXPECTED
2021-12-16 23:28:00,2021-12-16 23:30:00,2.0,UNEXPECTED_SHORT_GAP,UNEXPECTED
2021-12-16 23:43:00,2021-12-16 23:46:00,3.0,UNEXPECTED_SHORT_GAP,UNEXPECTED
2021-12-16 23:49:00,2021-12-16 23:52:00,3.0,UNEXPECTED_SHORT_GAP,UNEXPECTED
2021-12-16 23:52:00,2021-12-16 23:54:00,2.0,UNEXPECTED_SHORT_GAP,UNEXPECTED
2021-12-16 23:58:00,2021-12-17 00:00:00,2.0,EXPECTED_DAILY_ROLLOVER,EXPECTED
2021-12-17 00:40:00,2021-12-17 00:42:00,2.0,UNEXPECTED_SHORT_GAP,UNEXPECTED
2021-12-17 01:43:00,2021-12-17 01:45:00,2.0,UNEXPECTED_SHORT_GAP,UNEXPECTED
2021-12-17 03:23:00,2021-12-17 03:25:00,2.0,UNEXPECTED_SHORT_GAP,UNEXPECTED
2021-12-17 03:48:00,2021-12-17 03:50:00,2.0,UNEXPECTED_SHORT_GAP,UNEXPECTED
2021-12-17 04:36:00,2021-12-17 04:38:00,2.0,UNEXPECTED_SHORT_GAP,UNEXPECTED
2021-12-17 04:48:00,2021-12-17 04:50:00,2.0,UNEXPECTED_SHORT_GAP,UNEXPECTED
2021-12-17 21:12:00,2021-12-17 21:14:00,2.0,UNEXPECTED_SHORT_GAP,UNEXPECTED
2021-12-17 21:18:00,2021-12-17 21:20:00,2.0,UNEXPECTED_SHORT_GAP,UNEXPECTED
2021-12-17 21:25:00,2021-12-17 21:27:00,2.0,UNEXPECTED_SHORT_GAP,UNEXPECTED
2021-12-17 21:58:00,2021-12-19 22:06:00,2888.0,EXPECTED_WEEKEND_CLOSURE,EXPECTED
2021-12-19 22:20:00,2021-12-19 22:23:00,3.0,EXPECTED_WEEKEND_CLOSURE,EXPECTED
2021-12-19 23:30:00,2021-12-19 23:32:00,2.0,EXPECTED_WEEKEND_CLOSURE,EXPECTED
2021-12-19 23:40:00,2021-12-19 23:43:00,3.0,EXPECTED_WEEKEND_CLOSURE,EXPECTED
2021-12-19 23:43:00,2021-12-19 23:45:00,2.0,EXPECTED_WEEKEND_CLOSURE,EXPECTED
2021-12-20 02:34:00,2021-12-20 02:36:00,2.0,UNEXPECTED_SHORT_GAP,UNEXPECTED
2021-12-20 02:50:00,2021-12-20 02:52:00,2.0,UNEXPECTED_SHORT_GAP,UNEXPECTED
2021-12-20 04:11:00,2021-12-20 04:13:00,2.0,UNEXPECTED_SHORT_GAP,UNEXPECTED
2021-12-20 11:43:00,2021-12-20 11:45:00,2.0,UNEXPECTED_SHORT_GAP,UNEXPECTED
2021-12-20 21:08:00,2021-12-20 21:10:00,2.0,UNEXPECTED_SHORT_GAP,UNEXPECTED
2021-12-20 21:32:00,2021-12-20 21:34:00,2.0,UNEXPECTED_SHORT_GAP,UNEXPECTED
2021-12-20 21:38:00,2021-12-20 21:40:00,2.0,UNEXPECTED_SHORT_GAP,UNEXPECTED
2021-12-20 22:02:00,2021-12-20 22:04:00,2.0,UNEXPECTED_SHORT_GAP,UNEXPECTED
2021-12-20 22:04:00,2021-12-20 22:07:00,3.0,UNEXPECTED_SHORT_GAP,UNEXPECTED
2021-12-20 22:07:00,2021-12-20 22:10:00,3.0,UNEXPECTED_SHORT_GAP,UNEXPECTED
2021-12-20 22:10:00,2021-12-20 22:12:00,2.0,UNEXPECTED_SHORT_GAP,UNEXPECTED
2021-12-20 22:17:00,2021-12-20 22:19:00,2.0,UNEXPECTED_SHORT_GAP,UNEXPECTED
2021-12-20 22:20:00,2021-12-20 22:22:00,2.0,UNEXPECTED_SHORT_GAP,UNEXPECTED
2021-12-20 22:23:00,2021-12-20 22:25:00,2.0,UNEXPECTED_SHORT_GAP,UNEXPECTED
2021-12-20 23:13:00,2021-12-20 23:15:00,2.0,UNEXPECTED_SHORT_GAP,UNEXPECTED
2021-12-20 23:48:00,2021-12-20 23:50:00,2.0,UNEXPECTED_SHORT_GAP,UNEXPECTED
2021-12-20 23:57:00,2021-12-20 23:59:00,2.0,UNEXPECTED_SHORT_GAP,UNEXPECTED
2021-12-21 00:20:00,2021-12-21 00:22:00,2.0,UNEXPECTED_SHORT_GAP,UNEXPECTED
2021-12-21 00:42:00,2021-12-21 00:44:00,2.0,UNEXPECTED_SHORT_GAP,UNEXPECTED
2021-12-21 02:30:00,2021-12-21 02:32:00,2.0,UNEXPECTED_SHORT_GAP,UNEXPECTED
2021-12-21 03:36:00,2021-12-21 03:38:00,2.0,UNEXPECTED_SHORT_GAP,UNEXPECTED
2021-12-21 04:00:00,2021-12-21 04:02:00,2.0,UNEXPECTED_SHORT_GAP,UNEXPECTED
2021-12-21 04:05:00,2021-12-21 04:09:00,4.0,UNEXPECTED_SHORT_GAP,UNEXPECTED
2021-12-21 04:14:00,2021-12-21 04:17:00,3.0,UNEXPECTED_SHORT_GAP,UNEXPECTED
2021-12-21 04:56:00,2021-12-21 04:58:00,2.0,UNEXPECTED_SHORT_GAP,UNEXPECTED
2021-12-21 05:12:00,2021-12-21 05:14:00,2.0,UNEXPECTED_SHORT_GAP,UNEXPECTED
2021-12-21 05:18:00,2021-12-21 05:20:00,2.0,UNEXPECTED_SHORT_GAP,UNEXPECTED
2021-12-21 05:34:00,2021-12-21 05:36:00,2.0,UNEXPECTED_SHORT_GAP,UNEXPECTED
2021-12-21 05:36:00,2021-12-21 05:38:00,2.0,UNEXPECTED_SHORT_GAP,UNEXPECTED
2021-12-21 05:42:00,2021-12-21 05:44:00,2.0,UNEXPECTED_SHORT_GAP,UNEXPECTED
2021-12-21 06:10:00,2021-12-21 06:12:00,2.0,UNEXPECTED_SHORT_GAP,UNEXPECTED
2021-12-21 18:03:00,2021-12-21 18:05:00,2.0,UNEXPECTED_SHORT_GAP,UNEXPECTED
2021-12-21 18:47:00,2021-12-21 18:49:00,2.0,UNEXPECTED_SHORT_GAP,UNEXPECTED
2021-12-21 19:17:00,2021-12-21 19:19:00,2.0,UNEXPECTED_SHORT_GAP,UNEXPECTED
2021-12-21 21:06:00,2021-12-21 21:09:00,3.0,UNEXPECTED_SHORT_GAP,UNEXPECTED
2021-12-21 21:24:00,2021-12-21 21:26:00,2.0,UNEXPECTED_SHORT_GAP,UNEXPECTED
2021-12-21 21:32:00,2021-12-21 21:34:00,2.0,UNEXPECTED_SHORT_GAP,UNEXPECTED
2021-12-21 21:39:00,2021-12-21 21:42:00,3.0,UNEXPECTED_SHORT_GAP,UNEXPECTED
2021-12-21 21:43:00,2021-12-21 21:45:00,2.0,UNEXPECTED_SHORT_GAP,UNEXPECTED
2021-12-21 21:52:00,2021-12-21 21:54:00,2.0,UNEXPECTED_SHORT_GAP,UNEXPECTED
2021-12-21 22:00:00,2021-12-21 22:02:00,2.0,UNEXPECTED_SHORT_GAP,UNEXPECTED
2021-12-21 22:06:00,2021-12-21 22:08:00,2.0,UNEXPECTED_SHORT_GAP,UNEXPECTED
2021-12-21 22:12:00,2021-12-21 22:14:00,2.0,UNEXPECTED_SHORT_GAP,UNEXPECTED
2021-12-21 22:19:00,2021-12-21 22:23:00,4.0,UNEXPECTED_SHORT_GAP,UNEXPECTED
2021-12-21 22:28:00,2021-12-21 22:30:00,2.0,UNEXPECTED_SHORT_GAP,UNEXPECTED
2021-12-21 22:30:00,2021-12-21 22:32:00,2.0,UNEXPECTED_SHORT_GAP,UNEXPECTED
2021-12-21 22:47:00,2021-12-21 22:49:00,2.0,UNEXPECTED_SHORT_GAP,UNEXPECTED
2021-12-21 22:53:00,2021-12-21 22:55:00,2.0,UNEXPECTED_SHORT_GAP,UNEXPECTED
2021-12-21 23:11:00,2021-12-21 23:13:00,2.0,UNEXPECTED_SHORT_GAP,UNEXPECTED
2021-12-21 23:19:00,2021-12-21 23:28:00,9.0,UNEXPECTED_INTRADAY_GAP,UNEXPECTED
2021-12-21 23:29:00,2021-12-21 23:32:00,3.0,UNEXPECTED_SHORT_GAP,UNEXPECTED
2021-12-21 23:32:00,2021-12-21 23:36:00,4.0,UNEXPECTED_SHORT_GAP,UNEXPECTED
2021-12-21 23:38:00,2021-12-21 23:41:00,3.0,UNEXPECTED_SHORT_GAP,UNEXPECTED
2021-12-21 23:42:00,2021-12-21 23:44:00,2.0,UNEXPECTED_SHORT_GAP,UNEXPECTED
2021-12-21 23:46:00,2021-12-21 23:48:00,2.0,UNEXPECTED_SHORT_GAP,UNEXPECTED
2021-12-21 23:50:00,2021-12-21 23:52:00,2.0,UNEXPECTED_SHORT_GAP,UNEXPECTED
2021-12-22 00:33:00,2021-12-22 00:35:00,2.0,UNEXPECTED_SHORT_GAP,UNEXPECTED
2021-12-22 01:46:00,2021-12-22 01:48:00,2.0,UNEXPECTED_SHORT_GAP,UNEXPECTED
2021-12-22 01:49:00,2021-12-22 01:52:00,3.0,UNEXPECTED_SHORT_GAP,UNEXPECTED
2021-12-22 02:21:00,2021-12-22 02:23:00,2.0,UNEXPECTED_SHORT_GAP,UNEXPECTED
2021-12-22 02:28:00,2021-12-22 02:30:00,2.0,UNEXPECTED_SHORT_GAP,UNEXPECTED
2021-12-22 03:00:00,2021-12-22 03:02:00,2.0,UNEXPECTED_SHORT_GAP,UNEXPECTED
2021-12-22 03:23:00,2021-12-22 03:25:00,2.0,UNEXPECTED_SHORT_GAP,UNEXPECTED
2021-12-22 03:28:00,2021-12-22 03:30:00,2.0,UNEXPECTED_SHORT_GAP,UNEXPECTED
2021-12-22 03:45:00,2021-12-22 03:47:00,2.0,UNEXPECTED_SHORT_GAP,UNEXPECTED
2021-12-22 04:02:00,2021-12-22 04:05:00,3.0,UNEXPECTED_SHORT_GAP,UNEXPECTED
2021-12-22 04:19:00,2021-12-22 04:21:00,2.0,UNEXPECTED_SHORT_GAP,UNEXPECTED
2021-12-22 04:29:00,2021-12-22 04:31:00,2.0,UNEXPECTED_SHORT_GAP,UNEXPECTED
2021-12-22 04:55:00,2021-12-22 04:57:00,2.0,UNEXPECTED_SHORT_GAP,UNEXPECTED
2021-12-22 12:35:00,2021-12-22 12:37:00,2.0,UNEXPECTED_SHORT_GAP,UNEXPECTED
2021-12-22 17:09:00,2021-12-22 17:11:00,2.0,UNEXPECTED_SHORT_GAP,UNEXPECTED
2021-12-22 18:21:00,2021-12-22 18:23:00,2.0,UNEXPECTED_SHORT_GAP,UNEXPECTED
2021-12-22 19:35:00,2021-12-22 19:37:00,2.0,UNEXPECTED_SHORT_GAP,UNEXPECTED
2021-12-22 19:37:00,2021-12-22 19:39:00,2.0,UNEXPECTED_SHORT_GAP,UNEXPECTED
2021-12-22 21:24:00,2021-12-22 21:26:00,2.0,UNEXPECTED_SHORT_GAP,UNEXPECTED
2021-12-22 21:33:00,2021-12-22 21:35:00,2.0,UNEXPECTED_SHORT_GAP,UNEXPECTED
2021-12-22 22:00:00,2021-12-22 22:02:00,2.0,UNEXPECTED_SHORT_GAP,UNEXPECTED
2021-12-22 22:03:00,2021-12-22 22:05:00,2.0,UNEXPECTED_SHORT_GAP,UNEXPECTED
2021-12-22 22:25:00,2021-12-22 22:27:00,2.0,UNEXPECTED_SHORT_GAP,UNEXPECTED
2021-12-22 23:16:00,2021-12-22 23:19:00,3.0,UNEXPECTED_SHORT_GAP,UNEXPECTED
2021-12-22 23:31:00,2021-12-22 23:33:00,2.0,UNEXPECTED_SHORT_GAP,UNEXPECTED
2021-12-22 23:33:00,2021-12-22 23:36:00,3.0,UNEXPECTED_SHORT_GAP,UNEXPECTED
2021-12-22 23:37:00,2021-12-22 23:39:00,2.0,UNEXPECTED_SHORT_GAP,UNEXPECTED
2021-12-22 23:39:00,2021-12-22 23:41:00,2.0,UNEXPECTED_SHORT_GAP,UNEXPECTED
2021-12-22 23:45:00,2021-12-22 23:50:00,5.0,UNEXPECTED_SHORT_GAP,UNEXPECTED
2021-12-23 00:07:00,2021-12-23 00:09:00,2.0,UNEXPECTED_SHORT_GAP,UNEXPECTED
2021-12-23 00:13:00,2021-12-23 00:15:00,2.0,UNEXPECTED_SHORT_GAP,UNEXPECTED
2021-12-23 00:15:00,2021-12-23 00:17:00,2.0,UNEXPECTED_SHORT_GAP,UNEXPECTED
2021-12-23 00:18:00,2021-12-23 00:21:00,3.0,UNEXPECTED_SHORT_GAP,UNEXPECTED
2021-12-23 00:22:00,2021-12-23 00:24:00,2.0,UNEXPECTED_SHORT_GAP,UNEXPECTED
2021-12-23 00:41:00,2021-12-23 00:43:00,2.0,UNEXPECTED_SHORT_GAP,UNEXPECTED
2021-12-23 00:44:00,2021-12-23 00:46:00,2.0,UNEXPECTED_SHORT_GAP,UNEXPECTED
2021-12-23 01:04:00,2021-12-23 01:06:00,2.0,UNEXPECTED_SHORT_GAP,UNEXPECTED
2021-12-23 01:42:00,2021-12-23 01:44:00,2.0,UNEXPECTED_SHORT_GAP,UNEXPECTED
2021-12-23 01:50:00,2021-12-23 01:52:00,2.0,UNEXPECTED_SHORT_GAP,UNEXPECTED
2021-12-23 01:55:00,2021-12-23 01:57:00,2.0,UNEXPECTED_SHORT_GAP,UNEXPECTED
2021-12-23 02:00:00,2021-12-23 02:03:00,3.0,UNEXPECTED_SHORT_GAP,UNEXPECTED
2021-12-23 02:43:00,2021-12-23 02:45:00,2.0,UNEXPECTED_SHORT_GAP,UNEXPECTED
2021-12-23 02:49:00,2021-12-23 02:51:00,2.0,UNEXPECTED_SHORT_GAP,UNEXPECTED
2021-12-23 02:52:00,2021-12-23 02:54:00,2.0,UNEXPECTED_SHORT_GAP,UNEXPECTED
2021-12-23 02:55:00,2021-12-23 02:59:00,4.0,UNEXPECTED_SHORT_GAP,UNEXPECTED
2021-12-23 03:00:00,2021-12-23 03:02:00,2.0,UNEXPECTED_SHORT_GAP,UNEXPECTED
2021-12-23 03:20:00,2021-12-23 03:22:00,2.0,UNEXPECTED_SHORT_GAP,UNEXPECTED
2021-12-23 03:30:00,2021-12-23 03:32:00,2.0,UNEXPECTED_SHORT_GAP,UNEXPECTED
2021-12-23 03:40:00,2021-12-23 03:42:00,2.0,UNEXPECTED_SHORT_GAP,UNEXPECTED
2021-12-23 03:51:00,2021-12-23 03:53:00,2.0,UNEXPECTED_SHORT_GAP,UNEXPECTED
2021-12-23 03:53:00,2021-12-23 03:56:00,3.0,UNEXPECTED_SHORT_GAP,UNEXPECTED
2021-12-23 04:02:00,2021-12-23 04:04:00,2.0,UNEXPECTED_SHORT_GAP,UNEXPECTED
2021-12-23 04:22:00,2021-12-23 04:24:00,2.0,UNEXPECTED_SHORT_GAP,UNEXPECTED
2021-12-23 04:33:00,2021-12-23 04:35:00,2.0,UNEXPECTED_SHORT_GAP,UNEXPECTED
2021-12-23 04:36:00,2021-12-23 04:38:00,2.0,UNEXPECTED_SHORT_GAP,UNEXPECTED
2021-12-23 04:38:00,2021-12-23 04:40:00,2.0,UNEXPECTED_SHORT_GAP,UNEXPECTED
2021-12-23 04:45:00,2021-12-23 04:47:00,2.0,UNEXPECTED_SHORT_GAP,UNEXPECTED
2021-12-23 04:51:00,2021-12-23 04:53:00,2.0,UNEXPECTED_SHORT_GAP,UNEXPECTED
2021-12-23 05:05:00,2021-12-23 05:11:00,6.0,UNEXPECTED_INTRADAY_GAP,UNEXPECTED
2021-12-23 05:11:00,2021-12-23 05:16:00,5.0,UNEXPECTED_SHORT_GAP,UNEXPECTED
2021-12-23 05:16:00,2021-12-23 05:18:00,2.0,UNEXPECTED_SHORT_GAP,UNEXPECTED
2021-12-23 05:35:00,2021-12-23 05:37:00,2.0,UNEXPECTED_SHORT_GAP,UNEXPECTED
2021-12-23 05:39:00,2021-12-23 05:41:00,2.0,UNEXPECTED_SHORT_GAP,UNEXPECTED
2021-12-23 05:43:00,2021-12-23 05:45:00,2.0,UNEXPECTED_SHORT_GAP,UNEXPECTED
2021-12-23 05:46:00,2021-12-23 05:48:00,2.0,UNEXPECTED_SHORT_GAP,UNEXPECTED
2021-12-23 05:55:00,2021-12-23 05:57:00,2.0,UNEXPECTED_SHORT_GAP,UNEXPECTED
2021-12-23 06:10:00,2021-12-23 06:12:00,2.0,UNEXPECTED_SHORT_GAP,UNEXPECTED
2021-12-23 06:13:00,2021-12-23 06:15:00,2.0,UNEXPECTED_SHORT_GAP,UNEXPECTED
2021-12-23 06:15:00,2021-12-23 06:17:00,2.0,UNEXPECTED_SHORT_GAP,UNEXPECTED
2021-12-23 06:24:00,2021-12-23 06:26:00,2.0,UNEXPECTED_SHORT_GAP,UNEXPECTED
2021-12-23 06:26:00,2021-12-23 06:29:00,3.0,UNEXPECTED_SHORT_GAP,UNEXPECTED
2021-12-23 06:34:00,2021-12-23 06:39:00,5.0,UNEXPECTED_SHORT_GAP,UNEXPECTED
2021-12-23 06:41:00,2021-12-23 06:43:00,2.0,UNEXPECTED_SHORT_GAP,UNEXPECTED
2021-12-23 06:48:00,2021-12-23 06:50:00,2.0,UNEXPECTED_SHORT_GAP,UNEXPECTED
2021-12-23 06:50:00,2021-12-23 06:52:00,2.0,UNEXPECTED_SHORT_GAP,UNEXPECTED
2021-12-23 06:55:00,2021-12-23 06:57:00,2.0,UNEXPECTED_SHORT_GAP,UNEXPECTED
2021-12-23 06:58:00,2021-12-23 07:00:00,2.0,UNEXPECTED_SHORT_GAP,UNEXPECTED
2021-12-23 19:46:00,2021-12-23 19:48:00,2.0,UNEXPECTED_SHORT_GAP,UNEXPECTED
2021-12-23 19:53:00,2021-12-23 19:55:00,2.0,UNEXPECTED_SHORT_GAP,UNEXPECTED
2021-12-23 20:05:00,2021-12-23 20:07:00,2.0,UNEXPECTED_SHORT_GAP,UNEXPECTED
2021-12-23 20:17:00,2021-12-23 20:19:00,2.0,UNEXPECTED_SHORT_GAP,UNEXPECTED
2021-12-23 20:22:00,2021-12-23 20:24:00,2.0,UNEXPECTED_SHORT_GAP,UNEXPECTED
2021-12-23 20:33:00,2021-12-23 20:35:00,2.0,UNEXPECTED_SHORT_GAP,UNEXPECTED
2021-12-23 21:21:00,2021-12-23 21:23:00,2.0,UNEXPECTED_SHORT_GAP,UNEXPECTED
2021-12-23 21:24:00,2021-12-23 21:27:00,3.0,UNEXPECTED_SHORT_GAP,UNEXPECTED
2021-12-23 21:27:00,2021-12-23 21:29:00,2.0,UNEXPECTED_SHORT_GAP,UNEXPECTED
2021-12-23 21:47:00,2021-12-23 21:49:00,2.0,UNEXPECTED_SHORT_GAP,UNEXPECTED
2021-12-23 22:01:00,2021-12-23 22:04:00,3.0,UNEXPECTED_SHORT_GAP,UNEXPECTED
2021-12-23 22:10:00,2021-12-23 22:12:00,2.0,UNEXPECTED_SHORT_GAP,UNEXPECTED
2021-12-23 22:12:00,2021-12-23 22:14:00,2.0,UNEXPECTED_SHORT_GAP,UNEXPECTED
2021-12-23 22:22:00,2021-12-23 22:24:00,2.0,UNEXPECTED_SHORT_GAP,UNEXPECTED
2021-12-23 22:24:00,2021-12-23 22:27:00,3.0,UNEXPECTED_SHORT_GAP,UNEXPECTED
2021-12-23 22:41:00,2021-12-23 22:43:00,2.0,UNEXPECTED_SHORT_GAP,UNEXPECTED
2021-12-23 22:54:00,2021-12-23 22:56:00,2.0,UNEXPECTED_SHORT_GAP,UNEXPECTED
2021-12-24 01:22:00,2021-12-24 01:24:00,2.0,UNEXPECTED_SHORT_GAP,UNEXPECTED
2021-12-24 01:25:00,2021-12-24 01:27:00,2.0,UNEXPECTED_SHORT_GAP,UNEXPECTED
2021-12-24 01:27:00,2021-12-24 01:29:00,2.0,UNEXPECTED_SHORT_GAP,UNEXPECTED
2021-12-24 01:45:00,2021-12-24 01:47:00,2.0,UNEXPECTED_SHORT_GAP,UNEXPECTED
2021-12-24 03:05:00,2021-12-24 03:07:00,2.0,UNEXPECTED_SHORT_GAP,UNEXPECTED
2021-12-24 03:43:00,2021-12-24 03:45:00,2.0,UNEXPECTED_SHORT_GAP,UNEXPECTED
2021-12-24 03:53:00,2021-12-24 03:55:00,2.0,UNEXPECTED_SHORT_GAP,UNEXPECTED
2021-12-24 05:32:00,2021-12-24 05:34:00,2.0,UNEXPECTED_SHORT_GAP,UNEXPECTED
2021-12-24 06:19:00,2021-12-24 06:24:00,5.0,UNEXPECTED_SHORT_GAP,UNEXPECTED
2021-12-24 19:14:00,2021-12-24 19:17:00,3.0,UNEXPECTED_SHORT_GAP,UNEXPECTED
2021-12-24 19:17:00,2021-12-24 19:19:00,2.0,UNEXPECTED_SHORT_GAP,UNEXPECTED
2021-12-24 19:23:00,2021-12-24 19:27:00,4.0,UNEXPECTED_SHORT_GAP,UNEXPECTED
2021-12-24 19:58:00,2021-12-26 22:10:00,3012.0,EXPECTED_WEEKEND_CLOSURE,EXPECTED
2021-12-26 22:11:00,2021-12-26 22:15:00,4.0,EXPECTED_WEEKEND_CLOSURE,EXPECTED
2021-12-26 22:15:00,2021-12-26 22:26:00,11.0,EXPECTED_WEEKEND_CLOSURE,EXPECTED
2021-12-26 22:28:00,2021-12-26 22:30:00,2.0,EXPECTED_WEEKEND_CLOSURE,EXPECTED
2021-12-26 22:49:00,2021-12-26 22:51:00,2.0,EXPECTED_WEEKEND_CLOSURE,EXPECTED
2021-12-26 22:52:00,2021-12-26 22:55:00,3.0,EXPECTED_WEEKEND_CLOSURE,EXPECTED
2021-12-26 23:19:00,2021-12-26 23:21:00,2.0,EXPECTED_WEEKEND_CLOSURE,EXPECTED
2021-12-26 23:42:00,2021-12-26 23:45:00,3.0,EXPECTED_WEEKEND_CLOSURE,EXPECTED
2021-12-26 23:48:00,2021-12-26 23:50:00,2.0,EXPECTED_WEEKEND_CLOSURE,EXPECTED
2021-12-26 23:53:00,2021-12-26 23:55:00,2.0,EXPECTED_WEEKEND_CLOSURE,EXPECTED
2021-12-26 23:56:00,2021-12-26 23:59:00,3.0,EXPECTED_WEEKEND_CLOSURE,EXPECTED
2021-12-27 00:07:00,2021-12-27 00:09:00,2.0,UNEXPECTED_SHORT_GAP,UNEXPECTED
2021-12-27 00:15:00,2021-12-27 00:17:00,2.0,UNEXPECTED_SHORT_GAP,UNEXPECTED
2021-12-27 00:39:00,2021-12-27 00:41:00,2.0,UNEXPECTED_SHORT_GAP,UNEXPECTED
2021-12-27 01:30:00,2021-12-27 01:32:00,2.0,UNEXPECTED_SHORT_GAP,UNEXPECTED
2021-12-27 01:39:00,2021-12-27 01:41:00,2.0,UNEXPECTED_SHORT_GAP,UNEXPECTED
2021-12-27 01:42:00,2021-12-27 01:44:00,2.0,UNEXPECTED_SHORT_GAP,UNEXPECTED
2021-12-27 02:04:00,2021-12-27 02:06:00,2.0,UNEXPECTED_SHORT_GAP,UNEXPECTED
2021-12-27 02:19:00,2021-12-27 02:21:00,2.0,UNEXPECTED_SHORT_GAP,UNEXPECTED
2021-12-27 03:03:00,2021-12-27 03:06:00,3.0,UNEXPECTED_SHORT_GAP,UNEXPECTED
2021-12-27 03:36:00,2021-12-27 03:39:00,3.0,UNEXPECTED_SHORT_GAP,UNEXPECTED
2021-12-27 04:08:00,2021-12-27 04:11:00,3.0,UNEXPECTED_SHORT_GAP,UNEXPECTED
2021-12-27 04:20:00,2021-12-27 04:22:00,2.0,UNEXPECTED_SHORT_GAP,UNEXPECTED
2021-12-27 04:25:00,2021-12-27 04:27:00,2.0,UNEXPECTED_SHORT_GAP,UNEXPECTED
2021-12-27 06:17:00,2021-12-27 06:19:00,2.0,UNEXPECTED_SHORT_GAP,UNEXPECTED
2021-12-27 07:13:00,2021-12-27 07:15:00,2.0,UNEXPECTED_SHORT_GAP,UNEXPECTED
2021-12-27 07:19:00,2021-12-27 07:21:00,2.0,UNEXPECTED_SHORT_GAP,UNEXPECTED
2021-12-27 07:43:00,2021-12-27 07:45:00,2.0,UNEXPECTED_SHORT_GAP,UNEXPECTED
2021-12-27 09:26:00,2021-12-27 09:28:00,2.0,UNEXPECTED_SHORT_GAP,UNEXPECTED
2021-12-27 10:56:00,2021-12-27 10:58:00,2.0,UNEXPECTED_SHORT_GAP,UNEXPECTED
2021-12-27 11:52:00,2021-12-27 11:54:00,2.0,UNEXPECTED_SHORT_GAP,UNEXPECTED
2021-12-27 14:11:00,2021-12-27 14:14:00,3.0,UNEXPECTED_SHORT_GAP,UNEXPECTED
2021-12-27 16:49:00,2021-12-27 16:51:00,2.0,UNEXPECTED_SHORT_GAP,UNEXPECTED
2021-12-27 16:53:00,2021-12-27 16:55:00,2.0,UNEXPECTED_SHORT_GAP,UNEXPECTED
2021-12-27 17:03:00,2021-12-27 17:05:00,2.0,UNEXPECTED_SHORT_GAP,UNEXPECTED
2021-12-27 17:15:00,2021-12-27 17:17:00,2.0,UNEXPECTED_SHORT_GAP,UNEXPECTED
2021-12-27 18:07:00,2021-12-27 18:09:00,2.0,UNEXPECTED_SHORT_GAP,UNEXPECTED
2021-12-27 18:09:00,2021-12-27 18:11:00,2.0,UNEXPECTED_SHORT_GAP,UNEXPECTED
2021-12-27 18:17:00,2021-12-27 18:19:00,2.0,UNEXPECTED_SHORT_GAP,UNEXPECTED
2021-12-27 19:12:00,2021-12-27 19:14:00,2.0,UNEXPECTED_SHORT_GAP,UNEXPECTED
2021-12-27 19:17:00,2021-12-27 19:19:00,2.0,UNEXPECTED_SHORT_GAP,UNEXPECTED
2021-12-27 20:23:00,2021-12-27 20:25:00,2.0,UNEXPECTED_SHORT_GAP,UNEXPECTED
2021-12-27 20:35:00,2021-12-27 20:37:00,2.0,UNEXPECTED_SHORT_GAP,UNEXPECTED
2021-12-27 21:09:00,2021-12-27 21:12:00,3.0,UNEXPECTED_SHORT_GAP,UNEXPECTED
2021-12-27 21:15:00,2021-12-27 21:18:00,3.0,UNEXPECTED_SHORT_GAP,UNEXPECTED
2021-12-27 21:20:00,2021-12-27 21:22:00,2.0,UNEXPECTED_SHORT_GAP,UNEXPECTED
2021-12-27 21:31:00,2021-12-27 21:38:00,7.0,UNEXPECTED_INTRADAY_GAP,UNEXPECTED
2021-12-27 21:39:00,2021-12-27 21:42:00,3.0,UNEXPECTED_SHORT_GAP,UNEXPECTED
2021-12-27 21:47:00,2021-12-27 21:49:00,2.0,UNEXPECTED_SHORT_GAP,UNEXPECTED
2021-12-27 21:52:00,2021-12-27 21:54:00,2.0,UNEXPECTED_SHORT_GAP,UNEXPECTED
2021-12-27 22:11:00,2021-12-27 22:14:00,3.0,UNEXPECTED_SHORT_GAP,UNEXPECTED
2021-12-27 22:16:00,2021-12-27 22:19:00,3.0,UNEXPECTED_SHORT_GAP,UNEXPECTED
2021-12-27 22:21:00,2021-12-27 22:23:00,2.0,UNEXPECTED_SHORT_GAP,UNEXPECTED
2021-12-27 22:23:00,2021-12-27 22:29:00,6.0,UNEXPECTED_INTRADAY_GAP,UNEXPECTED
2021-12-27 22:35:00,2021-12-27 22:38:00,3.0,UNEXPECTED_SHORT_GAP,UNEXPECTED
2021-12-27 22:46:00,2021-12-27 22:48:00,2.0,UNEXPECTED_SHORT_GAP,UNEXPECTED
2021-12-27 22:48:00,2021-12-27 22:50:00,2.0,UNEXPECTED_SHORT_GAP,UNEXPECTED
2021-12-27 22:54:00,2021-12-27 22:59:00,5.0,UNEXPECTED_SHORT_GAP,UNEXPECTED
2021-12-27 23:01:00,2021-12-27 23:03:00,2.0,UNEXPECTED_SHORT_GAP,UNEXPECTED
2021-12-27 23:05:00,2021-12-27 23:07:00,2.0,UNEXPECTED_SHORT_GAP,UNEXPECTED
2021-12-27 23:07:00,2021-12-27 23:09:00,2.0,UNEXPECTED_SHORT_GAP,UNEXPECTED
2021-12-27 23:11:00,2021-12-27 23:13:00,2.0,UNEXPECTED_SHORT_GAP,UNEXPECTED
2021-12-27 23:13:00,2021-12-27 23:15:00,2.0,UNEXPECTED_SHORT_GAP,UNEXPECTED
2021-12-27 23:15:00,2021-12-27 23:17:00,2.0,UNEXPECTED_SHORT_GAP,UNEXPECTED
2021-12-27 23:20:00,2021-12-27 23:22:00,2.0,UNEXPECTED_SHORT_GAP,UNEXPECTED
2021-12-27 23:24:00,2021-12-27 23:27:00,3.0,UNEXPECTED_SHORT_GAP,UNEXPECTED
2021-12-27 23:29:00,2021-12-27 23:32:00,3.0,UNEXPECTED_SHORT_GAP,UNEXPECTED
2021-12-27 23:38:00,2021-12-27 23:43:00,5.0,UNEXPECTED_SHORT_GAP,UNEXPECTED
2021-12-27 23:48:00,2021-12-27 23:52:00,4.0,UNEXPECTED_SHORT_GAP,UNEXPECTED
2021-12-27 23:52:00,2021-12-27 23:54:00,2.0,UNEXPECTED_SHORT_GAP,UNEXPECTED
2021-12-28 00:16:00,2021-12-28 00:18:00,2.0,UNEXPECTED_SHORT_GAP,UNEXPECTED
2021-12-28 00:30:00,2021-12-28 00:32:00,2.0,UNEXPECTED_SHORT_GAP,UNEXPECTED
2021-12-28 00:48:00,2021-12-28 00:50:00,2.0,UNEXPECTED_SHORT_GAP,UNEXPECTED
2021-12-28 02:11:00,2021-12-28 02:14:00,3.0,UNEXPECTED_SHORT_GAP,UNEXPECTED
2021-12-28 02:26:00,2021-12-28 02:28:00,2.0,UNEXPECTED_SHORT_GAP,UNEXPECTED
2021-12-28 03:06:00,2021-12-28 03:08:00,2.0,UNEXPECTED_SHORT_GAP,UNEXPECTED
2021-12-28 03:14:00,2021-12-28 03:16:00,2.0,UNEXPECTED_SHORT_GAP,UNEXPECTED
2021-12-28 04:16:00,2021-12-28 04:18:00,2.0,UNEXPECTED_SHORT_GAP,UNEXPECTED
2021-12-28 04:19:00,2021-12-28 04:22:00,3.0,UNEXPECTED_SHORT_GAP,UNEXPECTED
2021-12-28 04:31:00,2021-12-28 04:33:00,2.0,UNEXPECTED_SHORT_GAP,UNEXPECTED
2021-12-28 04:40:00,2021-12-28 04:42:00,2.0,UNEXPECTED_SHORT_GAP,UNEXPECTED
2021-12-28 04:42:00,2021-12-28 04:45:00,3.0,UNEXPECTED_SHORT_GAP,UNEXPECTED
2021-12-28 05:19:00,2021-12-28 05:24:00,5.0,UNEXPECTED_SHORT_GAP,UNEXPECTED
2021-12-28 05:46:00,2021-12-28 05:48:00,2.0,UNEXPECTED_SHORT_GAP,UNEXPECTED
2021-12-28 06:27:00,2021-12-28 06:29:00,2.0,UNEXPECTED_SHORT_GAP,UNEXPECTED
2021-12-28 06:51:00,2021-12-28 06:53:00,2.0,UNEXPECTED_SHORT_GAP,UNEXPECTED
2021-12-28 06:53:00,2021-12-28 06:55:00,2.0,UNEXPECTED_SHORT_GAP,UNEXPECTED
2021-12-28 07:16:00,2021-12-28 07:18:00,2.0,UNEXPECTED_SHORT_GAP,UNEXPECTED
2021-12-28 09:44:00,2021-12-28 09:46:00,2.0,UNEXPECTED_SHORT_GAP,UNEXPECTED
2021-12-28 10:11:00,2021-12-28 10:13:00,2.0,UNEXPECTED_SHORT_GAP,UNEXPECTED
2021-12-28 10:16:00,2021-12-28 10:18:00,2.0,UNEXPECTED_SHORT_GAP,UNEXPECTED
2021-12-28 10:20:00,2021-12-28 10:22:00,2.0,UNEXPECTED_SHORT_GAP,UNEXPECTED
2021-12-28 10:55:00,2021-12-28 10:57:00,2.0,UNEXPECTED_SHORT_GAP,UNEXPECTED
2021-12-28 11:02:00,2021-12-28 11:04:00,2.0,UNEXPECTED_SHORT_GAP,UNEXPECTED
2021-12-28 11:39:00,2021-12-28 11:41:00,2.0,UNEXPECTED_SHORT_GAP,UNEXPECTED
2021-12-28 11:41:00,2021-12-28 11:43:00,2.0,UNEXPECTED_SHORT_GAP,UNEXPECTED
2021-12-28 11:44:00,2021-12-28 11:47:00,3.0,UNEXPECTED_SHORT_GAP,UNEXPECTED
2021-12-28 11:50:00,2021-12-28 11:54:00,4.0,UNEXPECTED_SHORT_GAP,UNEXPECTED
2021-12-28 11:55:00,2021-12-28 11:57:00,2.0,UNEXPECTED_SHORT_GAP,UNEXPECTED
2021-12-28 12:09:00,2021-12-28 12:12:00,3.0,UNEXPECTED_SHORT_GAP,UNEXPECTED
2021-12-28 12:12:00,2021-12-28 12:14:00,2.0,UNEXPECTED_SHORT_GAP,UNEXPECTED
2021-12-28 17:17:00,2021-12-28 17:19:00,2.0,UNEXPECTED_SHORT_GAP,UNEXPECTED
2021-12-28 17:50:00,2021-12-28 17:52:00,2.0,UNEXPECTED_SHORT_GAP,UNEXPECTED
2021-12-28 19:15:00,2021-12-28 19:17:00,2.0,UNEXPECTED_SHORT_GAP,UNEXPECTED
2021-12-28 19:28:00,2021-12-28 19:30:00,2.0,UNEXPECTED_SHORT_GAP,UNEXPECTED
2021-12-28 19:39:00,2021-12-28 19:41:00,2.0,UNEXPECTED_SHORT_GAP,UNEXPECTED
2021-12-28 19:41:00,2021-12-28 19:43:00,2.0,UNEXPECTED_SHORT_GAP,UNEXPECTED
2021-12-28 19:43:00,2021-12-28 19:45:00,2.0,UNEXPECTED_SHORT_GAP,UNEXPECTED
2021-12-28 21:03:00,2021-12-28 21:05:00,2.0,UNEXPECTED_SHORT_GAP,UNEXPECTED
2021-12-28 21:05:00,2021-12-28 21:07:00,2.0,UNEXPECTED_SHORT_GAP,UNEXPECTED
2021-12-28 21:12:00,2021-12-28 21:14:00,2.0,UNEXPECTED_SHORT_GAP,UNEXPECTED
2021-12-28 21:17:00,2021-12-28 21:20:00,3.0,UNEXPECTED_SHORT_GAP,UNEXPECTED
2021-12-28 21:20:00,2021-12-28 21:24:00,4.0,UNEXPECTED_SHORT_GAP,UNEXPECTED
2021-12-28 21:25:00,2021-12-28 21:28:00,3.0,UNEXPECTED_SHORT_GAP,UNEXPECTED
2021-12-28 21:31:00,2021-12-28 21:36:00,5.0,UNEXPECTED_SHORT_GAP,UNEXPECTED
2021-12-28 21:37:00,2021-12-28 21:39:00,2.0,UNEXPECTED_SHORT_GAP,UNEXPECTED
2021-12-28 22:06:00,2021-12-28 22:09:00,3.0,UNEXPECTED_SHORT_GAP,UNEXPECTED
2021-12-28 22:10:00,2021-12-28 22:16:00,6.0,UNEXPECTED_INTRADAY_GAP,UNEXPECTED
2021-12-28 22:16:00,2021-12-28 22:25:00,9.0,UNEXPECTED_INTRADAY_GAP,UNEXPECTED
2021-12-28 22:25:00,2021-12-28 22:27:00,2.0,UNEXPECTED_SHORT_GAP,UNEXPECTED
2021-12-28 22:27:00,2021-12-28 22:30:00,3.0,UNEXPECTED_SHORT_GAP,UNEXPECTED
2021-12-28 22:36:00,2021-12-28 22:38:00,2.0,UNEXPECTED_SHORT_GAP,UNEXPECTED
2021-12-28 22:38:00,2021-12-28 22:40:00,2.0,UNEXPECTED_SHORT_GAP,UNEXPECTED
2021-12-28 23:01:00,2021-12-28 23:03:00,2.0,UNEXPECTED_SHORT_GAP,UNEXPECTED
2021-12-28 23:08:00,2021-12-28 23:10:00,2.0,UNEXPECTED_SHORT_GAP,UNEXPECTED
2021-12-28 23:12:00,2021-12-28 23:14:00,2.0,UNEXPECTED_SHORT_GAP,UNEXPECTED
2021-12-28 23:15:00,2021-12-28 23:17:00,2.0,UNEXPECTED_SHORT_GAP,UNEXPECTED
2021-12-28 23:32:00,2021-12-28 23:34:00,2.0,UNEXPECTED_SHORT_GAP,UNEXPECTED
2021-12-28 23:37:00,2021-12-28 23:40:00,3.0,UNEXPECTED_SHORT_GAP,UNEXPECTED
2021-12-28 23:40:00,2021-12-28 23:44:00,4.0,UNEXPECTED_SHORT_GAP,UNEXPECTED
2021-12-28 23:46:00,2021-12-28 23:48:00,2.0,UNEXPECTED_SHORT_GAP,UNEXPECTED
2021-12-28 23:51:00,2021-12-28 23:54:00,3.0,UNEXPECTED_SHORT_GAP,UNEXPECTED
2021-12-28 23:58:00,2021-12-29 00:00:00,2.0,EXPECTED_DAILY_ROLLOVER,EXPECTED
2021-12-29 00:06:00,2021-12-29 00:10:00,4.0,UNEXPECTED_SHORT_GAP,UNEXPECTED
2021-12-29 00:10:00,2021-12-29 00:12:00,2.0,UNEXPECTED_SHORT_GAP,UNEXPECTED
2021-12-29 00:13:00,2021-12-29 00:16:00,3.0,UNEXPECTED_SHORT_GAP,UNEXPECTED
2021-12-29 00:18:00,2021-12-29 00:20:00,2.0,UNEXPECTED_SHORT_GAP,UNEXPECTED
2021-12-29 00:22:00,2021-12-29 00:24:00,2.0,UNEXPECTED_SHORT_GAP,UNEXPECTED
2021-12-29 00:27:00,2021-12-29 00:31:00,4.0,UNEXPECTED_SHORT_GAP,UNEXPECTED
2021-12-29 00:31:00,2021-12-29 00:36:00,5.0,UNEXPECTED_SHORT_GAP,UNEXPECTED
2021-12-29 00:36:00,2021-12-29 00:38:00,2.0,UNEXPECTED_SHORT_GAP,UNEXPECTED
2021-12-29 00:39:00,2021-12-29 00:43:00,4.0,UNEXPECTED_SHORT_GAP,UNEXPECTED
2021-12-29 00:44:00,2021-12-29 00:46:00,2.0,UNEXPECTED_SHORT_GAP,UNEXPECTED
2021-12-29 00:46:00,2021-12-29 00:48:00,2.0,UNEXPECTED_SHORT_GAP,UNEXPECTED
2021-12-29 01:01:00,2021-12-29 01:04:00,3.0,UNEXPECTED_SHORT_GAP,UNEXPECTED
2021-12-29 01:07:00,2021-12-29 01:09:00,2.0,UNEXPECTED_SHORT_GAP,UNEXPECTED
2021-12-29 02:26:00,2021-12-29 02:28:00,2.0,UNEXPECTED_SHORT_GAP,UNEXPECTED
2021-12-29 02:45:00,2021-12-29 02:47:00,2.0,UNEXPECTED_SHORT_GAP,UNEXPECTED
2021-12-29 03:15:00,2021-12-29 03:17:00,2.0,UNEXPECTED_SHORT_GAP,UNEXPECTED
2021-12-29 03:18:00,2021-12-29 03:20:00,2.0,UNEXPECTED_SHORT_GAP,UNEXPECTED
2021-12-29 03:22:00,2021-12-29 03:24:00,2.0,UNEXPECTED_SHORT_GAP,UNEXPECTED
2021-12-29 03:24:00,2021-12-29 03:26:00,2.0,UNEXPECTED_SHORT_GAP,UNEXPECTED
2021-12-29 03:37:00,2021-12-29 03:39:00,2.0,UNEXPECTED_SHORT_GAP,UNEXPECTED
2021-12-29 03:40:00,2021-12-29 03:42:00,2.0,UNEXPECTED_SHORT_GAP,UNEXPECTED
2021-12-29 04:15:00,2021-12-29 04:18:00,3.0,UNEXPECTED_SHORT_GAP,UNEXPECTED
2021-12-29 04:19:00,2021-12-29 04:21:00,2.0,UNEXPECTED_SHORT_GAP,UNEXPECTED
2021-12-29 04:21:00,2021-12-29 04:25:00,4.0,UNEXPECTED_SHORT_GAP,UNEXPECTED
2021-12-29 04:30:00,2021-12-29 04:32:00,2.0,UNEXPECTED_SHORT_GAP,UNEXPECTED
2021-12-29 04:36:00,2021-12-29 04:38:00,2.0,UNEXPECTED_SHORT_GAP,UNEXPECTED
2021-12-29 04:38:00,2021-12-29 04:40:00,2.0,UNEXPECTED_SHORT_GAP,UNEXPECTED
2021-12-29 04:42:00,2021-12-29 04:44:00,2.0,UNEXPECTED_SHORT_GAP,UNEXPECTED
2021-12-29 04:46:00,2021-12-29 04:48:00,2.0,UNEXPECTED_SHORT_GAP,UNEXPECTED
2021-12-29 04:49:00,2021-12-29 04:52:00,3.0,UNEXPECTED_SHORT_GAP,UNEXPECTED
2021-12-29 04:56:00,2021-12-29 04:58:00,2.0,UNEXPECTED_SHORT_GAP,UNEXPECTED
2021-12-29 05:00:00,2021-12-29 05:03:00,3.0,UNEXPECTED_SHORT_GAP,UNEXPECTED
2021-12-29 05:04:00,2021-12-29 05:10:00,6.0,UNEXPECTED_INTRADAY_GAP,UNEXPECTED
2021-12-29 05:14:00,2021-12-29 05:16:00,2.0,UNEXPECTED_SHORT_GAP,UNEXPECTED
2021-12-29 05:20:00,2021-12-29 05:22:00,2.0,UNEXPECTED_SHORT_GAP,UNEXPECTED
2021-12-29 05:25:00,2021-12-29 05:27:00,2.0,UNEXPECTED_SHORT_GAP,UNEXPECTED
2021-12-29 05:32:00,2021-12-29 05:34:00,2.0,UNEXPECTED_SHORT_GAP,UNEXPECTED
2021-12-29 05:41:00,2021-12-29 05:44:00,3.0,UNEXPECTED_SHORT_GAP,UNEXPECTED
2021-12-29 05:52:00,2021-12-29 05:54:00,2.0,UNEXPECTED_SHORT_GAP,UNEXPECTED
2021-12-29 06:17:00,2021-12-29 06:19:00,2.0,UNEXPECTED_SHORT_GAP,UNEXPECTED
2021-12-29 06:19:00,2021-12-29 06:21:00,2.0,UNEXPECTED_SHORT_GAP,UNEXPECTED
2021-12-29 06:23:00,2021-12-29 06:25:00,2.0,UNEXPECTED_SHORT_GAP,UNEXPECTED
2021-12-29 06:28:00,2021-12-29 06:30:00,2.0,UNEXPECTED_SHORT_GAP,UNEXPECTED
2021-12-29 06:39:00,2021-12-29 06:41:00,2.0,UNEXPECTED_SHORT_GAP,UNEXPECTED
2021-12-29 06:44:00,2021-12-29 06:46:00,2.0,UNEXPECTED_SHORT_GAP,UNEXPECTED
2021-12-29 06:51:00,2021-12-29 06:53:00,2.0,UNEXPECTED_SHORT_GAP,UNEXPECTED
2021-12-29 08:48:00,2021-12-29 08:50:00,2.0,UNEXPECTED_SHORT_GAP,UNEXPECTED
2021-12-29 10:00:00,2021-12-29 10:02:00,2.0,UNEXPECTED_SHORT_GAP,UNEXPECTED
2021-12-29 10:12:00,2021-12-29 10:14:00,2.0,UNEXPECTED_SHORT_GAP,UNEXPECTED
2021-12-29 10:49:00,2021-12-29 10:51:00,2.0,UNEXPECTED_SHORT_GAP,UNEXPECTED
2021-12-29 11:12:00,2021-12-29 11:14:00,2.0,UNEXPECTED_SHORT_GAP,UNEXPECTED
2021-12-29 11:14:00,2021-12-29 11:16:00,2.0,UNEXPECTED_SHORT_GAP,UNEXPECTED
2021-12-29 14:07:00,2021-12-29 14:09:00,2.0,UNEXPECTED_SHORT_GAP,UNEXPECTED
2021-12-29 18:20:00,2021-12-29 18:22:00,2.0,UNEXPECTED_SHORT_GAP,UNEXPECTED
2021-12-29 18:27:00,2021-12-29 18:30:00,3.0,UNEXPECTED_SHORT_GAP,UNEXPECTED
2021-12-29 18:48:00,2021-12-29 18:50:00,2.0,UNEXPECTED_SHORT_GAP,UNEXPECTED
2021-12-29 19:24:00,2021-12-29 19:26:00,2.0,UNEXPECTED_SHORT_GAP,UNEXPECTED
2021-12-29 19:28:00,2021-12-29 19:30:00,2.0,UNEXPECTED_SHORT_GAP,UNEXPECTED
2021-12-29 19:37:00,2021-12-29 19:39:00,2.0,UNEXPECTED_SHORT_GAP,UNEXPECTED
2021-12-29 20:00:00,2021-12-29 20:02:00,2.0,UNEXPECTED_SHORT_GAP,UNEXPECTED
2021-12-29 20:10:00,2021-12-29 20:12:00,2.0,UNEXPECTED_SHORT_GAP,UNEXPECTED
2021-12-29 20:21:00,2021-12-29 20:23:00,2.0,UNEXPECTED_SHORT_GAP,UNEXPECTED
2021-12-29 20:35:00,2021-12-29 20:37:00,2.0,UNEXPECTED_SHORT_GAP,UNEXPECTED
2021-12-29 21:18:00,2021-12-29 21:20:00,2.0,UNEXPECTED_SHORT_GAP,UNEXPECTED
2021-12-29 21:42:00,2021-12-29 21:45:00,3.0,UNEXPECTED_SHORT_GAP,UNEXPECTED
2021-12-29 21:46:00,2021-12-29 21:48:00,2.0,UNEXPECTED_SHORT_GAP,UNEXPECTED
2021-12-29 22:02:00,2021-12-29 22:04:00,2.0,UNEXPECTED_SHORT_GAP,UNEXPECTED
2021-12-29 22:16:00,2021-12-29 22:18:00,2.0,UNEXPECTED_SHORT_GAP,UNEXPECTED
2021-12-29 22:19:00,2021-12-29 22:23:00,4.0,UNEXPECTED_SHORT_GAP,UNEXPECTED
2021-12-29 22:26:00,2021-12-29 22:28:00,2.0,UNEXPECTED_SHORT_GAP,UNEXPECTED
2021-12-29 22:31:00,2021-12-29 22:33:00,2.0,UNEXPECTED_SHORT_GAP,UNEXPECTED
2021-12-29 23:06:00,2021-12-29 23:08:00,2.0,UNEXPECTED_SHORT_GAP,UNEXPECTED
2021-12-29 23:13:00,2021-12-29 23:20:00,7.0,UNEXPECTED_INTRADAY_GAP,UNEXPECTED
2021-12-29 23:21:00,2021-12-29 23:26:00,5.0,UNEXPECTED_SHORT_GAP,UNEXPECTED
2021-12-29 23:27:00,2021-12-29 23:30:00,3.0,UNEXPECTED_SHORT_GAP,UNEXPECTED
2021-12-29 23:30:00,2021-12-29 23:32:00,2.0,UNEXPECTED_SHORT_GAP,UNEXPECTED
2021-12-29 23:32:00,2021-12-29 23:34:00,2.0,UNEXPECTED_SHORT_GAP,UNEXPECTED
2021-12-29 23:37:00,2021-12-29 23:40:00,3.0,UNEXPECTED_SHORT_GAP,UNEXPECTED
2021-12-29 23:53:00,2021-12-29 23:55:00,2.0,UNEXPECTED_SHORT_GAP,UNEXPECTED
2021-12-30 00:17:00,2021-12-30 00:19:00,2.0,UNEXPECTED_SHORT_GAP,UNEXPECTED
2021-12-30 00:20:00,2021-12-30 00:22:00,2.0,UNEXPECTED_SHORT_GAP,UNEXPECTED
2021-12-30 00:28:00,2021-12-30 00:30:00,2.0,UNEXPECTED_SHORT_GAP,UNEXPECTED
2021-12-30 00:36:00,2021-12-30 00:38:00,2.0,UNEXPECTED_SHORT_GAP,UNEXPECTED
2021-12-30 00:41:00,2021-12-30 00:43:00,2.0,UNEXPECTED_SHORT_GAP,UNEXPECTED
2021-12-30 01:03:00,2021-12-30 01:05:00,2.0,UNEXPECTED_SHORT_GAP,UNEXPECTED
2021-12-30 01:12:00,2021-12-30 01:14:00,2.0,UNEXPECTED_SHORT_GAP,UNEXPECTED
2021-12-30 01:39:00,2021-12-30 01:41:00,2.0,UNEXPECTED_SHORT_GAP,UNEXPECTED
2021-12-30 02:16:00,2021-12-30 02:19:00,3.0,UNEXPECTED_SHORT_GAP,UNEXPECTED
2021-12-30 03:00:00,2021-12-30 03:02:00,2.0,UNEXPECTED_SHORT_GAP,UNEXPECTED
2021-12-30 03:14:00,2021-12-30 03:16:00,2.0,UNEXPECTED_SHORT_GAP,UNEXPECTED
2021-12-30 03:31:00,2021-12-30 03:35:00,4.0,UNEXPECTED_SHORT_GAP,UNEXPECTED
2021-12-30 03:38:00,2021-12-30 03:40:00,2.0,UNEXPECTED_SHORT_GAP,UNEXPECTED
2021-12-30 03:40:00,2021-12-30 03:42:00,2.0,UNEXPECTED_SHORT_GAP,UNEXPECTED
2021-12-30 03:42:00,2021-12-30 03:45:00,3.0,UNEXPECTED_SHORT_GAP,UNEXPECTED
2021-12-30 03:45:00,2021-12-30 03:47:00,2.0,UNEXPECTED_SHORT_GAP,UNEXPECTED
2021-12-30 04:03:00,2021-12-30 04:05:00,2.0,UNEXPECTED_SHORT_GAP,UNEXPECTED
2021-12-30 04:06:00,2021-12-30 04:09:00,3.0,UNEXPECTED_SHORT_GAP,UNEXPECTED
2021-12-30 04:13:00,2021-12-30 04:15:00,2.0,UNEXPECTED_SHORT_GAP,UNEXPECTED
2021-12-30 04:15:00,2021-12-30 04:20:00,5.0,UNEXPECTED_SHORT_GAP,UNEXPECTED
2021-12-30 04:20:00,2021-12-30 04:22:00,2.0,UNEXPECTED_SHORT_GAP,UNEXPECTED
2021-12-30 04:25:00,2021-12-30 04:28:00,3.0,UNEXPECTED_SHORT_GAP,UNEXPECTED
2021-12-30 04:47:00,2021-12-30 04:49:00,2.0,UNEXPECTED_SHORT_GAP,UNEXPECTED
2021-12-30 05:15:00,2021-12-30 05:19:00,4.0,UNEXPECTED_SHORT_GAP,UNEXPECTED
2021-12-30 05:22:00,2021-12-30 05:24:00,2.0,UNEXPECTED_SHORT_GAP,UNEXPECTED
2021-12-30 05:50:00,2021-12-30 05:53:00,3.0,UNEXPECTED_SHORT_GAP,UNEXPECTED
2021-12-30 06:06:00,2021-12-30 06:09:00,3.0,UNEXPECTED_SHORT_GAP,UNEXPECTED
2021-12-30 09:46:00,2021-12-30 09:49:00,3.0,UNEXPECTED_SHORT_GAP,UNEXPECTED
2021-12-30 11:30:00,2021-12-30 11:32:00,2.0,UNEXPECTED_SHORT_GAP,UNEXPECTED
2021-12-30 12:51:00,2021-12-30 12:53:00,2.0,UNEXPECTED_SHORT_GAP,UNEXPECTED
2021-12-30 13:27:00,2021-12-30 13:29:00,2.0,UNEXPECTED_SHORT_GAP,UNEXPECTED
2021-12-30 19:14:00,2021-12-30 19:17:00,3.0,UNEXPECTED_SHORT_GAP,UNEXPECTED
2021-12-30 19:37:00,2021-12-30 19:39:00,2.0,UNEXPECTED_SHORT_GAP,UNEXPECTED
2021-12-30 19:52:00,2021-12-30 19:54:00,2.0,UNEXPECTED_SHORT_GAP,UNEXPECTED
2021-12-30 20:05:00,2021-12-30 20:07:00,2.0,UNEXPECTED_SHORT_GAP,UNEXPECTED
2021-12-30 21:44:00,2021-12-30 21:46:00,2.0,UNEXPECTED_SHORT_GAP,UNEXPECTED
2021-12-30 21:47:00,2021-12-30 21:49:00,2.0,UNEXPECTED_SHORT_GAP,UNEXPECTED
2021-12-30 21:53:00,2021-12-30 21:55:00,2.0,UNEXPECTED_SHORT_GAP,UNEXPECTED
2021-12-30 22:01:00,2021-12-30 22:05:00,4.0,UNEXPECTED_SHORT_GAP,UNEXPECTED
2021-12-30 22:14:00,2021-12-30 22:16:00,2.0,UNEXPECTED_SHORT_GAP,UNEXPECTED
2021-12-30 22:23:00,2021-12-30 22:25:00,2.0,UNEXPECTED_SHORT_GAP,UNEXPECTED
2021-12-30 22:28:00,2021-12-30 22:30:00,2.0,UNEXPECTED_SHORT_GAP,UNEXPECTED
2021-12-30 22:30:00,2021-12-30 22:32:00,2.0,UNEXPECTED_SHORT_GAP,UNEXPECTED
2021-12-30 22:42:00,2021-12-30 22:44:00,2.0,UNEXPECTED_SHORT_GAP,UNEXPECTED
2021-12-30 22:44:00,2021-12-30 22:49:00,5.0,UNEXPECTED_SHORT_GAP,UNEXPECTED
2021-12-30 23:03:00,2021-12-30 23:05:00,2.0,UNEXPECTED_SHORT_GAP,UNEXPECTED
2021-12-30 23:16:00,2021-12-30 23:18:00,2.0,UNEXPECTED_SHORT_GAP,UNEXPECTED
2021-12-30 23:22:00,2021-12-30 23:24:00,2.0,UNEXPECTED_SHORT_GAP,UNEXPECTED
2021-12-30 23:27:00,2021-12-30 23:29:00,2.0,UNEXPECTED_SHORT_GAP,UNEXPECTED
2021-12-30 23:37:00,2021-12-30 23:43:00,6.0,UNEXPECTED_INTRADAY_GAP,UNEXPECTED
2021-12-30 23:46:00,2021-12-30 23:48:00,2.0,UNEXPECTED_SHORT_GAP,UNEXPECTED
2021-12-30 23:50:00,2021-12-30 23:54:00,4.0,UNEXPECTED_SHORT_GAP,UNEXPECTED
2021-12-31 00:01:00,2021-12-31 00:03:00,2.0,UNEXPECTED_SHORT_GAP,UNEXPECTED
2021-12-31 00:15:00,2021-12-31 00:17:00,2.0,UNEXPECTED_SHORT_GAP,UNEXPECTED
2021-12-31 00:18:00,2021-12-31 00:20:00,2.0,UNEXPECTED_SHORT_GAP,UNEXPECTED
2021-12-31 00:21:00,2021-12-31 00:23:00,2.0,UNEXPECTED_SHORT_GAP,UNEXPECTED
2021-12-31 00:25:00,2021-12-31 00:27:00,2.0,UNEXPECTED_SHORT_GAP,UNEXPECTED
2021-12-31 00:30:00,2021-12-31 00:33:00,3.0,UNEXPECTED_SHORT_GAP,UNEXPECTED
2021-12-31 00:33:00,2021-12-31 00:35:00,2.0,UNEXPECTED_SHORT_GAP,UNEXPECTED
2021-12-31 00:35:00,2021-12-31 00:37:00,2.0,UNEXPECTED_SHORT_GAP,UNEXPECTED
2021-12-31 00:41:00,2021-12-31 00:43:00,2.0,UNEXPECTED_SHORT_GAP,UNEXPECTED
2021-12-31 00:47:00,2021-12-31 00:49:00,2.0,UNEXPECTED_SHORT_GAP,UNEXPECTED
2021-12-31 00:49:00,2021-12-31 00:51:00,2.0,UNEXPECTED_SHORT_GAP,UNEXPECTED
2021-12-31 00:51:00,2021-12-31 00:53:00,2.0,UNEXPECTED_SHORT_GAP,UNEXPECTED
2021-12-31 00:58:00,2021-12-31 01:00:00,2.0,UNEXPECTED_SHORT_GAP,UNEXPECTED
2021-12-31 01:02:00,2021-12-31 01:04:00,2.0,UNEXPECTED_SHORT_GAP,UNEXPECTED
2021-12-31 01:30:00,2021-12-31 01:33:00,3.0,UNEXPECTED_SHORT_GAP,UNEXPECTED
2021-12-31 01:37:00,2021-12-31 01:39:00,2.0,UNEXPECTED_SHORT_GAP,UNEXPECTED
2021-12-31 01:41:00,2021-12-31 01:43:00,2.0,UNEXPECTED_SHORT_GAP,UNEXPECTED
2021-12-31 02:30:00,2021-12-31 02:32:00,2.0,UNEXPECTED_SHORT_GAP,UNEXPECTED
2021-12-31 02:36:00,2021-12-31 02:38:00,2.0,UNEXPECTED_SHORT_GAP,UNEXPECTED
2021-12-31 02:41:00,2021-12-31 02:43:00,2.0,UNEXPECTED_SHORT_GAP,UNEXPECTED
2021-12-31 02:44:00,2021-12-31 02:46:00,2.0,UNEXPECTED_SHORT_GAP,UNEXPECTED
2021-12-31 02:56:00,2021-12-31 02:58:00,2.0,UNEXPECTED_SHORT_GAP,UNEXPECTED
2021-12-31 03:00:00,2021-12-31 03:02:00,2.0,UNEXPECTED_SHORT_GAP,UNEXPECTED
2021-12-31 03:02:00,2021-12-31 03:04:00,2.0,UNEXPECTED_SHORT_GAP,UNEXPECTED
2021-12-31 03:17:00,2021-12-31 03:19:00,2.0,UNEXPECTED_SHORT_GAP,UNEXPECTED
2021-12-31 03:20:00,2021-12-31 03:22:00,2.0,UNEXPECTED_SHORT_GAP,UNEXPECTED
2021-12-31 03:36:00,2021-12-31 03:38:00,2.0,UNEXPECTED_SHORT_GAP,UNEXPECTED
2021-12-31 03:59:00,2021-12-31 04:02:00,3.0,UNEXPECTED_SHORT_GAP,UNEXPECTED
2021-12-31 04:02:00,2021-12-31 04:04:00,2.0,UNEXPECTED_SHORT_GAP,UNEXPECTED
2021-12-31 04:23:00,2021-12-31 04:25:00,2.0,UNEXPECTED_SHORT_GAP,UNEXPECTED
2021-12-31 04:30:00,2021-12-31 04:32:00,2.0,UNEXPECTED_SHORT_GAP,UNEXPECTED
2021-12-31 04:38:00,2021-12-31 04:40:00,2.0,UNEXPECTED_SHORT_GAP,UNEXPECTED
2021-12-31 04:40:00,2021-12-31 04:42:00,2.0,UNEXPECTED_SHORT_GAP,UNEXPECTED
2021-12-31 04:44:00,2021-12-31 04:46:00,2.0,UNEXPECTED_SHORT_GAP,UNEXPECTED
2021-12-31 04:52:00,2021-12-31 04:54:00,2.0,UNEXPECTED_SHORT_GAP,UNEXPECTED
2021-12-31 04:54:00,2021-12-31 04:56:00,2.0,UNEXPECTED_SHORT_GAP,UNEXPECTED
2021-12-31 05:00:00,2021-12-31 05:02:00,2.0,UNEXPECTED_SHORT_GAP,UNEXPECTED
2021-12-31 05:02:00,2021-12-31 05:04:00,2.0,UNEXPECTED_SHORT_GAP,UNEXPECTED
2021-12-31 05:11:00,2021-12-31 05:13:00,2.0,UNEXPECTED_SHORT_GAP,UNEXPECTED
2021-12-31 05:20:00,2021-12-31 05:22:00,2.0,UNEXPECTED_SHORT_GAP,UNEXPECTED
2021-12-31 05:22:00,2021-12-31 05:24:00,2.0,UNEXPECTED_SHORT_GAP,UNEXPECTED
2021-12-31 05:30:00,2021-12-31 05:32:00,2.0,UNEXPECTED_SHORT_GAP,UNEXPECTED
2021-12-31 05:36:00,2021-12-31 05:38:00,2.0,UNEXPECTED_SHORT_GAP,UNEXPECTED
2021-12-31 05:43:00,2021-12-31 05:45:00,2.0,UNEXPECTED_SHORT_GAP,UNEXPECTED
2021-12-31 05:47:00,2021-12-31 05:50:00,3.0,UNEXPECTED_SHORT_GAP,UNEXPECTED
2021-12-31 06:23:00,2021-12-31 06:25:00,2.0,UNEXPECTED_SHORT_GAP,UNEXPECTED
2021-12-31 06:33:00,2021-12-31 06:36:00,3.0,UNEXPECTED_SHORT_GAP,UNEXPECTED
2021-12-31 06:48:00,2021-12-31 06:51:00,3.0,UNEXPECTED_SHORT_GAP,UNEXPECTED
2021-12-31 17:10:00,2021-12-31 17:12:00,2.0,UNEXPECTED_SHORT_GAP,UNEXPECTED
2021-12-31 18:09:00,2021-12-31 18:11:00,2.0,UNEXPECTED_SHORT_GAP,UNEXPECTED
2021-12-31 19:31:00,2021-12-31 19:33:00,2.0,UNEXPECTED_SHORT_GAP,UNEXPECTED
2021-12-31 19:35:00,2021-12-31 19:38:00,3.0,UNEXPECTED_SHORT_GAP,UNEXPECTED
2021-12-31 19:43:00,2021-12-31 19:45:00,2.0,UNEXPECTED_SHORT_GAP,UNEXPECTED
2021-12-31 19:58:00,2022-01-02 22:06:00,3008.0,EXPECTED_WEEKEND_CLOSURE,EXPECTED
2022-01-02 22:08:00,2022-01-02 22:10:00,2.0,EXPECTED_WEEKEND_CLOSURE,EXPECTED
2022-01-02 22:10:00,2022-01-02 22:12:00,2.0,EXPECTED_WEEKEND_CLOSURE,EXPECTED
2022-01-02 22:14:00,2022-01-02 22:17:00,3.0,EXPECTED_WEEKEND_CLOSURE,EXPECTED
2022-01-02 22:17:00,2022-01-02 22:20:00,3.0,EXPECTED_WEEKEND_CLOSURE,EXPECTED
2022-01-02 22:21:00,2022-01-02 22:26:00,5.0,EXPECTED_WEEKEND_CLOSURE,EXPECTED
2022-01-02 22:26:00,2022-01-02 22:28:00,2.0,EXPECTED_WEEKEND_CLOSURE,EXPECTED
2022-01-02 22:31:00,2022-01-02 22:33:00,2.0,EXPECTED_WEEKEND_CLOSURE,EXPECTED
2022-01-02 22:36:00,2022-01-02 22:38:00,2.0,EXPECTED_WEEKEND_CLOSURE,EXPECTED
2022-01-02 23:16:00,2022-01-02 23:18:00,2.0,EXPECTED_WEEKEND_CLOSURE,EXPECTED
2022-01-02 23:32:00,2022-01-02 23:34:00,2.0,EXPECTED_WEEKEND_CLOSURE,EXPECTED
2022-01-02 23:50:00,2022-01-02 23:52:00,2.0,EXPECTED_WEEKEND_CLOSURE,EXPECTED
2022-01-02 23:52:00,2022-01-02 23:54:00,2.0,EXPECTED_WEEKEND_CLOSURE,EXPECTED
2022-01-02 23:57:00,2022-01-03 00:00:00,3.0,EXPECTED_WEEKEND_CLOSURE,EXPECTED
2022-01-03 00:09:00,2022-01-03 00:11:00,2.0,UNEXPECTED_SHORT_GAP,UNEXPECTED
2022-01-03 00:21:00,2022-01-03 00:23:00,2.0,UNEXPECTED_SHORT_GAP,UNEXPECTED
2022-01-03 00:40:00,2022-01-03 00:42:00,2.0,UNEXPECTED_SHORT_GAP,UNEXPECTED
2022-01-03 00:42:00,2022-01-03 00:44:00,2.0,UNEXPECTED_SHORT_GAP,UNEXPECTED
2022-01-03 01:24:00,2022-01-03 01:26:00,2.0,UNEXPECTED_SHORT_GAP,UNEXPECTED
2022-01-03 02:16:00,2022-01-03 02:18:00,2.0,UNEXPECTED_SHORT_GAP,UNEXPECTED
2022-01-03 02:30:00,2022-01-03 02:32:00,2.0,UNEXPECTED_SHORT_GAP,UNEXPECTED
2022-01-03 02:42:00,2022-01-03 02:44:00,2.0,UNEXPECTED_SHORT_GAP,UNEXPECTED
2022-01-03 02:56:00,2022-01-03 02:59:00,3.0,UNEXPECTED_SHORT_GAP,UNEXPECTED
2022-01-03 03:00:00,2022-01-03 03:02:00,2.0,UNEXPECTED_SHORT_GAP,UNEXPECTED
2022-01-03 03:03:00,2022-01-03 03:06:00,3.0,UNEXPECTED_SHORT_GAP,UNEXPECTED
2022-01-03 03:07:00,2022-01-03 03:09:00,2.0,UNEXPECTED_SHORT_GAP,UNEXPECTED
2022-01-03 03:45:00,2022-01-03 03:47:00,2.0,UNEXPECTED_SHORT_GAP,UNEXPECTED
2022-01-03 04:10:00,2022-01-03 04:13:00,3.0,UNEXPECTED_SHORT_GAP,UNEXPECTED
2022-01-03 04:13:00,2022-01-03 04:15:00,2.0,UNEXPECTED_SHORT_GAP,UNEXPECTED
2022-01-03 04:19:00,2022-01-03 04:22:00,3.0,UNEXPECTED_SHORT_GAP,UNEXPECTED
2022-01-03 04:24:00,2022-01-03 04:26:00,2.0,UNEXPECTED_SHORT_GAP,UNEXPECTED
2022-01-03 04:32:00,2022-01-03 04:34:00,2.0,UNEXPECTED_SHORT_GAP,UNEXPECTED
2022-01-03 04:48:00,2022-01-03 04:50:00,2.0,UNEXPECTED_SHORT_GAP,UNEXPECTED
2022-01-03 05:09:00,2022-01-03 05:11:00,2.0,UNEXPECTED_SHORT_GAP,UNEXPECTED
2022-01-03 05:25:00,2022-01-03 05:27:00,2.0,UNEXPECTED_SHORT_GAP,UNEXPECTED
2022-01-03 06:26:00,2022-01-03 06:28:00,2.0,UNEXPECTED_SHORT_GAP,UNEXPECTED
2022-01-03 06:56:00,2022-01-03 06:58:00,2.0,UNEXPECTED_SHORT_GAP,UNEXPECTED
2022-01-03 07:31:00,2022-01-03 07:33:00,2.0,UNEXPECTED_SHORT_GAP,UNEXPECTED
2022-01-03 08:29:00,2022-01-03 08:31:00,2.0,UNEXPECTED_SHORT_GAP,UNEXPECTED
2022-01-03 09:20:00,2022-01-03 09:22:00,2.0,UNEXPECTED_SHORT_GAP,UNEXPECTED
2022-01-03 21:22:00,2022-01-03 21:24:00,2.0,UNEXPECTED_SHORT_GAP,UNEXPECTED
2022-01-03 21:24:00,2022-01-03 21:26:00,2.0,UNEXPECTED_SHORT_GAP,UNEXPECTED
2022-01-03 21:26:00,2022-01-03 21:28:00,2.0,UNEXPECTED_SHORT_GAP,UNEXPECTED
2022-01-03 21:31:00,2022-01-03 21:33:00,2.0,UNEXPECTED_SHORT_GAP,UNEXPECTED
2022-01-03 21:34:00,2022-01-03 21:37:00,3.0,UNEXPECTED_SHORT_GAP,UNEXPECTED
2022-01-03 21:40:00,2022-01-03 21:42:00,2.0,UNEXPECTED_SHORT_GAP,UNEXPECTED
2022-01-03 21:44:00,2022-01-03 21:46:00,2.0,UNEXPECTED_SHORT_GAP,UNEXPECTED
2022-01-03 21:56:00,2022-01-03 21:58:00,2.0,UNEXPECTED_SHORT_GAP,UNEXPECTED
2022-01-03 22:02:00,2022-01-03 22:05:00,3.0,UNEXPECTED_SHORT_GAP,UNEXPECTED
2022-01-03 22:16:00,2022-01-03 22:18:00,2.0,UNEXPECTED_SHORT_GAP,UNEXPECTED
2022-01-03 22:22:00,2022-01-03 22:25:00,3.0,UNEXPECTED_SHORT_GAP,UNEXPECTED
2022-01-03 22:25:00,2022-01-03 22:27:00,2.0,UNEXPECTED_SHORT_GAP,UNEXPECTED
2022-01-03 22:28:00,2022-01-03 22:30:00,2.0,UNEXPECTED_SHORT_GAP,UNEXPECTED
2022-01-03 22:42:00,2022-01-03 22:44:00,2.0,UNEXPECTED_SHORT_GAP,UNEXPECTED
2022-01-03 23:41:00,2022-01-03 23:44:00,3.0,UNEXPECTED_SHORT_GAP,UNEXPECTED
2022-01-04 00:25:00,2022-01-04 00:27:00,2.0,UNEXPECTED_SHORT_GAP,UNEXPECTED
2022-01-04 00:30:00,2022-01-04 00:33:00,3.0,UNEXPECTED_SHORT_GAP,UNEXPECTED
2022-01-04 01:07:00,2022-01-04 01:09:00,2.0,UNEXPECTED_SHORT_GAP,UNEXPECTED
2022-01-04 01:28:00,2022-01-04 01:30:00,2.0,UNEXPECTED_SHORT_GAP,UNEXPECTED
2022-01-04 01:40:00,2022-01-04 01:43:00,3.0,UNEXPECTED_SHORT_GAP,UNEXPECTED
2022-01-04 02:03:00,2022-01-04 02:05:00,2.0,UNEXPECTED_SHORT_GAP,UNEXPECTED
2022-01-04 03:20:00,2022-01-04 03:22:00,2.0,UNEXPECTED_SHORT_GAP,UNEXPECTED
2022-01-04 03:22:00,2022-01-04 03:24:00,2.0,UNEXPECTED_SHORT_GAP,UNEXPECTED
2022-01-04 03:31:00,2022-01-04 03:33:00,2.0,UNEXPECTED_SHORT_GAP,UNEXPECTED
2022-01-04 03:38:00,2022-01-04 03:40:00,2.0,UNEXPECTED_SHORT_GAP,UNEXPECTED
2022-01-04 03:43:00,2022-01-04 03:45:00,2.0,UNEXPECTED_SHORT_GAP,UNEXPECTED
2022-01-04 04:08:00,2022-01-04 04:10:00,2.0,UNEXPECTED_SHORT_GAP,UNEXPECTED
2022-01-04 04:14:00,2022-01-04 04:16:00,2.0,UNEXPECTED_SHORT_GAP,UNEXPECTED
2022-01-04 04:52:00,2022-01-04 04:54:00,2.0,UNEXPECTED_SHORT_GAP,UNEXPECTED
2022-01-04 05:45:00,2022-01-04 05:47:00,2.0,UNEXPECTED_SHORT_GAP,UNEXPECTED
2022-01-04 05:51:00,2022-01-04 05:53:00,2.0,UNEXPECTED_SHORT_GAP,UNEXPECTED
2022-01-04 06:13:00,2022-01-04 06:15:00,2.0,UNEXPECTED_SHORT_GAP,UNEXPECTED
2022-01-04 06:40:00,2022-01-04 06:42:00,2.0,UNEXPECTED_SHORT_GAP,UNEXPECTED
2022-01-04 17:41:00,2022-01-04 17:43:00,2.0,UNEXPECTED_SHORT_GAP,UNEXPECTED
2022-01-04 20:12:00,2022-01-04 20:14:00,2.0,UNEXPECTED_SHORT_GAP,UNEXPECTED
2022-01-04 20:16:00,2022-01-04 20:18:00,2.0,UNEXPECTED_SHORT_GAP,UNEXPECTED
2022-01-04 20:22:00,2022-01-04 20:25:00,3.0,UNEXPECTED_SHORT_GAP,UNEXPECTED
2022-01-04 21:17:00,2022-01-04 21:19:00,2.0,UNEXPECTED_SHORT_GAP,UNEXPECTED
2022-01-04 21:26:00,2022-01-04 21:28:00,2.0,UNEXPECTED_SHORT_GAP,UNEXPECTED
2022-01-04 21:36:00,2022-01-04 21:38:00,2.0,UNEXPECTED_SHORT_GAP,UNEXPECTED
2022-01-04 21:41:00,2022-01-04 21:43:00,2.0,UNEXPECTED_SHORT_GAP,UNEXPECTED
2022-01-04 22:06:00,2022-01-04 22:09:00,3.0,UNEXPECTED_SHORT_GAP,UNEXPECTED
2022-01-04 22:13:00,2022-01-04 22:15:00,2.0,UNEXPECTED_SHORT_GAP,UNEXPECTED
2022-01-04 22:15:00,2022-01-04 22:18:00,3.0,UNEXPECTED_SHORT_GAP,UNEXPECTED
2022-01-04 23:11:00,2022-01-04 23:13:00,2.0,UNEXPECTED_SHORT_GAP,UNEXPECTED
2022-01-04 23:22:00,2022-01-04 23:24:00,2.0,UNEXPECTED_SHORT_GAP,UNEXPECTED
2022-01-04 23:24:00,2022-01-04 23:26:00,2.0,UNEXPECTED_SHORT_GAP,UNEXPECTED
2022-01-04 23:33:00,2022-01-04 23:35:00,2.0,UNEXPECTED_SHORT_GAP,UNEXPECTED
2022-01-04 23:40:00,2022-01-04 23:43:00,3.0,UNEXPECTED_SHORT_GAP,UNEXPECTED
2022-01-04 23:47:00,2022-01-04 23:49:00,2.0,UNEXPECTED_SHORT_GAP,UNEXPECTED
2022-01-04 23:49:00,2022-01-04 23:51:00,2.0,UNEXPECTED_SHORT_GAP,UNEXPECTED
2022-01-04 23:53:00,2022-01-04 23:57:00,4.0,UNEXPECTED_SHORT_GAP,UNEXPECTED
2022-01-05 00:11:00,2022-01-05 00:14:00,3.0,UNEXPECTED_SHORT_GAP,UNEXPECTED
2022-01-05 00:22:00,2022-01-05 00:24:00,2.0,UNEXPECTED_SHORT_GAP,UNEXPECTED
2022-01-05 00:26:00,2022-01-05 00:29:00,3.0,UNEXPECTED_SHORT_GAP,UNEXPECTED
2022-01-05 00:32:00,2022-01-05 00:34:00,2.0,UNEXPECTED_SHORT_GAP,UNEXPECTED
2022-01-05 00:42:00,2022-01-05 00:44:00,2.0,UNEXPECTED_SHORT_GAP,UNEXPECTED
2022-01-05 01:23:00,2022-01-05 01:25:00,2.0,UNEXPECTED_SHORT_GAP,UNEXPECTED
2022-01-05 02:18:00,2022-01-05 02:20:00,2.0,UNEXPECTED_SHORT_GAP,UNEXPECTED
2022-01-05 02:26:00,2022-01-05 02:28:00,2.0,UNEXPECTED_SHORT_GAP,UNEXPECTED
2022-01-05 02:57:00,2022-01-05 02:59:00,2.0,UNEXPECTED_SHORT_GAP,UNEXPECTED
2022-01-05 03:28:00,2022-01-05 03:30:00,2.0,UNEXPECTED_SHORT_GAP,UNEXPECTED
2022-01-05 03:30:00,2022-01-05 03:33:00,3.0,UNEXPECTED_SHORT_GAP,UNEXPECTED
2022-01-05 03:51:00,2022-01-05 03:54:00,3.0,UNEXPECTED_SHORT_GAP,UNEXPECTED
2022-01-05 03:56:00,2022-01-05 03:58:00,2.0,UNEXPECTED_SHORT_GAP,UNEXPECTED
2022-01-05 03:59:00,2022-01-05 04:01:00,2.0,UNEXPECTED_SHORT_GAP,UNEXPECTED
2022-01-05 04:19:00,2022-01-05 04:21:00,2.0,UNEXPECTED_SHORT_GAP,UNEXPECTED
2022-01-05 04:22:00,2022-01-05 04:24:00,2.0,UNEXPECTED_SHORT_GAP,UNEXPECTED
2022-01-05 04:30:00,2022-01-05 04:32:00,2.0,UNEXPECTED_SHORT_GAP,UNEXPECTED
2022-01-05 04:33:00,2022-01-05 04:35:00,2.0,UNEXPECTED_SHORT_GAP,UNEXPECTED
2022-01-05 04:36:00,2022-01-05 04:38:00,2.0,UNEXPECTED_SHORT_GAP,UNEXPECTED
2022-01-05 04:41:00,2022-01-05 04:43:00,2.0,UNEXPECTED_SHORT_GAP,UNEXPECTED
2022-01-05 05:14:00,2022-01-05 05:16:00,2.0,UNEXPECTED_SHORT_GAP,UNEXPECTED
2022-01-05 05:30:00,2022-01-05 05:32:00,2.0,UNEXPECTED_SHORT_GAP,UNEXPECTED
2022-01-05 05:35:00,2022-01-05 05:38:00,3.0,UNEXPECTED_SHORT_GAP,UNEXPECTED
2022-01-05 05:40:00,2022-01-05 05:42:00,2.0,UNEXPECTED_SHORT_GAP,UNEXPECTED
2022-01-05 06:51:00,2022-01-05 06:53:00,2.0,UNEXPECTED_SHORT_GAP,UNEXPECTED
2022-01-05 21:04:00,2022-01-05 21:07:00,3.0,UNEXPECTED_SHORT_GAP,UNEXPECTED
2022-01-05 21:07:00,2022-01-05 21:09:00,2.0,UNEXPECTED_SHORT_GAP,UNEXPECTED
2022-01-05 21:20:00,2022-01-05 21:22:00,2.0,UNEXPECTED_SHORT_GAP,UNEXPECTED
2022-01-05 21:27:00,2022-01-05 21:29:00,2.0,UNEXPECTED_SHORT_GAP,UNEXPECTED
2022-01-05 21:46:00,2022-01-05 21:48:00,2.0,UNEXPECTED_SHORT_GAP,UNEXPECTED
2022-01-05 22:03:00,2022-01-05 22:05:00,2.0,UNEXPECTED_SHORT_GAP,UNEXPECTED
2022-01-05 22:13:00,2022-01-05 22:15:00,2.0,UNEXPECTED_SHORT_GAP,UNEXPECTED
2022-01-05 22:15:00,2022-01-05 22:17:00,2.0,UNEXPECTED_SHORT_GAP,UNEXPECTED
2022-01-05 22:17:00,2022-01-05 22:20:00,3.0,UNEXPECTED_SHORT_GAP,UNEXPECTED
2022-01-05 22:26:00,2022-01-05 22:28:00,2.0,UNEXPECTED_SHORT_GAP,UNEXPECTED
2022-01-05 22:33:00,2022-01-05 22:35:00,2.0,UNEXPECTED_SHORT_GAP,UNEXPECTED
2022-01-05 22:37:00,2022-01-05 22:40:00,3.0,UNEXPECTED_SHORT_GAP,UNEXPECTED
2022-01-05 22:41:00,2022-01-05 22:43:00,2.0,UNEXPECTED_SHORT_GAP,UNEXPECTED
2022-01-05 22:54:00,2022-01-05 22:56:00,2.0,UNEXPECTED_SHORT_GAP,UNEXPECTED
2022-01-05 23:15:00,2022-01-05 23:19:00,4.0,UNEXPECTED_SHORT_GAP,UNEXPECTED
2022-01-05 23:19:00,2022-01-05 23:22:00,3.0,UNEXPECTED_SHORT_GAP,UNEXPECTED
2022-01-05 23:23:00,2022-01-05 23:25:00,2.0,UNEXPECTED_SHORT_GAP,UNEXPECTED
2022-01-05 23:33:00,2022-01-05 23:35:00,2.0,UNEXPECTED_SHORT_GAP,UNEXPECTED
2022-01-05 23:35:00,2022-01-05 23:39:00,4.0,UNEXPECTED_SHORT_GAP,UNEXPECTED
2022-01-05 23:39:00,2022-01-05 23:41:00,2.0,UNEXPECTED_SHORT_GAP,UNEXPECTED
2022-01-05 23:41:00,2022-01-05 23:44:00,3.0,UNEXPECTED_SHORT_GAP,UNEXPECTED
2022-01-05 23:47:00,2022-01-05 23:50:00,3.0,UNEXPECTED_SHORT_GAP,UNEXPECTED
2022-01-05 23:51:00,2022-01-05 23:53:00,2.0,UNEXPECTED_SHORT_GAP,UNEXPECTED
2022-01-05 23:54:00,2022-01-05 23:58:00,4.0,UNEXPECTED_SHORT_GAP,UNEXPECTED
2022-01-05 23:58:00,2022-01-06 00:00:00,2.0,EXPECTED_DAILY_ROLLOVER,EXPECTED
2022-01-06 00:07:00,2022-01-06 00:09:00,2.0,UNEXPECTED_SHORT_GAP,UNEXPECTED
2022-01-06 00:12:00,2022-01-06 00:14:00,2.0,UNEXPECTED_SHORT_GAP,UNEXPECTED
2022-01-06 00:14:00,2022-01-06 00:16:00,2.0,UNEXPECTED_SHORT_GAP,UNEXPECTED
2022-01-06 00:17:00,2022-01-06 00:20:00,3.0,UNEXPECTED_SHORT_GAP,UNEXPECTED
2022-01-06 00:24:00,2022-01-06 00:26:00,2.0,UNEXPECTED_SHORT_GAP,UNEXPECTED
2022-01-06 00:26:00,2022-01-06 00:28:00,2.0,UNEXPECTED_SHORT_GAP,UNEXPECTED
2022-01-06 00:35:00,2022-01-06 00:37:00,2.0,UNEXPECTED_SHORT_GAP,UNEXPECTED
2022-01-06 00:37:00,2022-01-06 00:39:00,2.0,UNEXPECTED_SHORT_GAP,UNEXPECTED
2022-01-06 00:41:00,2022-01-06 00:43:00,2.0,UNEXPECTED_SHORT_GAP,UNEXPECTED
2022-01-06 00:44:00,2022-01-06 00:47:00,3.0,UNEXPECTED_SHORT_GAP,UNEXPECTED
2022-01-06 00:47:00,2022-01-06 00:49:00,2.0,UNEXPECTED_SHORT_GAP,UNEXPECTED
2022-01-06 00:56:00,2022-01-06 00:58:00,2.0,UNEXPECTED_SHORT_GAP,UNEXPECTED
2022-01-06 02:30:00,2022-01-06 02:32:00,2.0,UNEXPECTED_SHORT_GAP,UNEXPECTED
2022-01-06 03:25:00,2022-01-06 03:27:00,2.0,UNEXPECTED_SHORT_GAP,UNEXPECTED
2022-01-06 03:33:00,2022-01-06 03:35:00,2.0,UNEXPECTED_SHORT_GAP,UNEXPECTED
2022-01-06 05:35:00,2022-01-06 05:37:00,2.0,UNEXPECTED_SHORT_GAP,UNEXPECTED
2022-01-06 07:16:00,2022-01-06 07:18:00,2.0,UNEXPECTED_SHORT_GAP,UNEXPECTED
2022-01-06 21:02:00,2022-01-06 21:04:00,2.0,UNEXPECTED_SHORT_GAP,UNEXPECTED
2022-01-06 21:38:00,2022-01-06 21:40:00,2.0,UNEXPECTED_SHORT_GAP,UNEXPECTED
2022-01-06 21:54:00,2022-01-06 21:56:00,2.0,UNEXPECTED_SHORT_GAP,UNEXPECTED
2022-01-06 21:59:00,2022-01-06 22:01:00,2.0,UNEXPECTED_SHORT_GAP,UNEXPECTED
2022-01-06 22:01:00,2022-01-06 22:03:00,2.0,UNEXPECTED_SHORT_GAP,UNEXPECTED
2022-01-06 22:07:00,2022-01-06 22:10:00,3.0,UNEXPECTED_SHORT_GAP,UNEXPECTED
2022-01-06 22:28:00,2022-01-06 22:30:00,2.0,UNEXPECTED_SHORT_GAP,UNEXPECTED
2022-01-06 23:07:00,2022-01-06 23:09:00,2.0,UNEXPECTED_SHORT_GAP,UNEXPECTED
2022-01-06 23:26:00,2022-01-06 23:28:00,2.0,UNEXPECTED_SHORT_GAP,UNEXPECTED
2022-01-06 23:33:00,2022-01-06 23:35:00,2.0,UNEXPECTED_SHORT_GAP,UNEXPECTED
2022-01-06 23:42:00,2022-01-06 23:44:00,2.0,UNEXPECTED_SHORT_GAP,UNEXPECTED
2022-01-06 23:44:00,2022-01-06 23:46:00,2.0,UNEXPECTED_SHORT_GAP,UNEXPECTED
2022-01-06 23:48:00,2022-01-06 23:50:00,2.0,UNEXPECTED_SHORT_GAP,UNEXPECTED
2022-01-06 23:50:00,2022-01-06 23:52:00,2.0,UNEXPECTED_SHORT_GAP,UNEXPECTED
2022-01-06 23:53:00,2022-01-06 23:55:00,2.0,UNEXPECTED_SHORT_GAP,UNEXPECTED
2022-01-07 00:06:00,2022-01-07 00:08:00,2.0,UNEXPECTED_SHORT_GAP,UNEXPECTED
2022-01-07 00:18:00,2022-01-07 00:20:00,2.0,UNEXPECTED_SHORT_GAP,UNEXPECTED
2022-01-07 00:24:00,2022-01-07 00:26:00,2.0,UNEXPECTED_SHORT_GAP,UNEXPECTED
2022-01-07 00:29:00,2022-01-07 00:31:00,2.0,UNEXPECTED_SHORT_GAP,UNEXPECTED
2022-01-07 00:33:00,2022-01-07 00:36:00,3.0,UNEXPECTED_SHORT_GAP,UNEXPECTED
2022-01-07 02:43:00,2022-01-07 02:45:00,2.0,UNEXPECTED_SHORT_GAP,UNEXPECTED
2022-01-07 03:10:00,2022-01-07 03:12:00,2.0,UNEXPECTED_SHORT_GAP,UNEXPECTED
2022-01-07 04:07:00,2022-01-07 04:09:00,2.0,UNEXPECTED_SHORT_GAP,UNEXPECTED
2022-01-07 04:10:00,2022-01-07 04:13:00,3.0,UNEXPECTED_SHORT_GAP,UNEXPECTED
2022-01-07 04:15:00,2022-01-07 04:17:00,2.0,UNEXPECTED_SHORT_GAP,UNEXPECTED
2022-01-07 05:19:00,2022-01-07 05:21:00,2.0,UNEXPECTED_SHORT_GAP,UNEXPECTED
2022-01-07 05:24:00,2022-01-07 05:26:00,2.0,UNEXPECTED_SHORT_GAP,UNEXPECTED
2022-01-07 05:32:00,2022-01-07 05:35:00,3.0,UNEXPECTED_SHORT_GAP,UNEXPECTED
2022-01-07 05:37:00,2022-01-07 05:39:00,2.0,UNEXPECTED_SHORT_GAP,UNEXPECTED
2022-01-07 05:51:00,2022-01-07 05:53:00,2.0,UNEXPECTED_SHORT_GAP,UNEXPECTED
2022-01-07 08:40:00,2022-01-07 08:42:00,2.0,UNEXPECTED_SHORT_GAP,UNEXPECTED
2022-01-07 10:33:00,2022-01-07 10:35:00,2.0,UNEXPECTED_SHORT_GAP,UNEXPECTED
2022-01-07 11:00:00,2022-01-07 11:02:00,2.0,UNEXPECTED_SHORT_GAP,UNEXPECTED
2022-01-07 11:02:00,2022-01-07 11:04:00,2.0,UNEXPECTED_SHORT_GAP,UNEXPECTED
2022-01-07 11:24:00,2022-01-07 11:26:00,2.0,UNEXPECTED_SHORT_GAP,UNEXPECTED
2022-01-07 11:27:00,2022-01-07 11:29:00,2.0,UNEXPECTED_SHORT_GAP,UNEXPECTED
2022-01-07 11:36:00,2022-01-07 11:38:00,2.0,UNEXPECTED_SHORT_GAP,UNEXPECTED
2022-01-07 12:39:00,2022-01-07 12:41:00,2.0,UNEXPECTED_SHORT_GAP,UNEXPECTED
2022-01-07 17:11:00,2022-01-07 17:13:00,2.0,UNEXPECTED_SHORT_GAP,UNEXPECTED
2022-01-07 18:17:00,2022-01-07 18:19:00,2.0,UNEXPECTED_SHORT_GAP,UNEXPECTED
2022-01-07 18:32:00,2022-01-07 18:34:00,2.0,UNEXPECTED_SHORT_GAP,UNEXPECTED
2022-01-07 18:45:00,2022-01-07 18:47:00,2.0,UNEXPECTED_SHORT_GAP,UNEXPECTED
2022-01-07 19:11:00,2022-01-07 19:13:00,2.0,UNEXPECTED_SHORT_GAP,UNEXPECTED
2022-01-07 19:38:00,2022-01-07 19:41:00,3.0,UNEXPECTED_SHORT_GAP,UNEXPECTED
2022-01-07 20:24:00,2022-01-07 20:26:00,2.0,UNEXPECTED_SHORT_GAP,UNEXPECTED
2022-01-07 21:09:00,2022-01-07 21:11:00,2.0,UNEXPECTED_SHORT_GAP,UNEXPECTED
2022-01-07 21:24:00,2022-01-07 21:27:00,3.0,UNEXPECTED_SHORT_GAP,UNEXPECTED
2022-01-07 21:33:00,2022-01-07 21:35:00,2.0,UNEXPECTED_SHORT_GAP,UNEXPECTED
2022-01-07 21:39:00,2022-01-07 21:43:00,4.0,UNEXPECTED_SHORT_GAP,UNEXPECTED
2022-01-07 21:47:00,2022-01-07 21:49:00,2.0,UNEXPECTED_SHORT_GAP,UNEXPECTED
2022-01-07 21:51:00,2022-01-07 21:53:00,2.0,UNEXPECTED_SHORT_GAP,UNEXPECTED
2022-01-07 21:58:00,2022-01-09 22:10:00,2892.0,EXPECTED_WEEKEND_CLOSURE,EXPECTED
2022-01-09 22:15:00,2022-01-09 22:18:00,3.0,EXPECTED_WEEKEND_CLOSURE,EXPECTED
2022-01-09 22:20:00,2022-01-09 22:23:00,3.0,EXPECTED_WEEKEND_CLOSURE,EXPECTED
2022-01-09 22:23:00,2022-01-09 22:26:00,3.0,EXPECTED_WEEKEND_CLOSURE,EXPECTED
2022-01-09 22:27:00,2022-01-09 22:29:00,2.0,EXPECTED_WEEKEND_CLOSURE,EXPECTED
2022-01-09 22:35:00,2022-01-09 22:38:00,3.0,EXPECTED_WEEKEND_CLOSURE,EXPECTED
2022-01-09 22:39:00,2022-01-09 22:41:00,2.0,EXPECTED_WEEKEND_CLOSURE,EXPECTED
2022-01-09 23:38:00,2022-01-09 23:40:00,2.0,EXPECTED_WEEKEND_CLOSURE,EXPECTED
2022-01-09 23:55:00,2022-01-09 23:57:00,2.0,EXPECTED_WEEKEND_CLOSURE,EXPECTED
2022-01-09 23:57:00,2022-01-09 23:59:00,2.0,EXPECTED_WEEKEND_CLOSURE,EXPECTED
2022-01-10 00:16:00,2022-01-10 00:18:00,2.0,UNEXPECTED_SHORT_GAP,UNEXPECTED
2022-01-10 00:20:00,2022-01-10 00:22:00,2.0,UNEXPECTED_SHORT_GAP,UNEXPECTED
2022-01-10 00:22:00,2022-01-10 00:24:00,2.0,UNEXPECTED_SHORT_GAP,UNEXPECTED
2022-01-10 00:32:00,2022-01-10 00:34:00,2.0,UNEXPECTED_SHORT_GAP,UNEXPECTED
2022-01-10 00:39:00,2022-01-10 00:41:00,2.0,UNEXPECTED_SHORT_GAP,UNEXPECTED
2022-01-10 00:42:00,2022-01-10 00:44:00,2.0,UNEXPECTED_SHORT_GAP,UNEXPECTED
2022-01-10 00:46:00,2022-01-10 00:49:00,3.0,UNEXPECTED_SHORT_GAP,UNEXPECTED
2022-01-10 00:49:00,2022-01-10 00:51:00,2.0,UNEXPECTED_SHORT_GAP,UNEXPECTED
2022-01-10 01:22:00,2022-01-10 01:24:00,2.0,UNEXPECTED_SHORT_GAP,UNEXPECTED
2022-01-10 01:27:00,2022-01-10 01:29:00,2.0,UNEXPECTED_SHORT_GAP,UNEXPECTED
2022-01-10 02:06:00,2022-01-10 02:08:00,2.0,UNEXPECTED_SHORT_GAP,UNEXPECTED
2022-01-10 02:15:00,2022-01-10 02:18:00,3.0,UNEXPECTED_SHORT_GAP,UNEXPECTED
2022-01-10 02:27:00,2022-01-10 02:29:00,2.0,UNEXPECTED_SHORT_GAP,UNEXPECTED
2022-01-10 02:33:00,2022-01-10 02:35:00,2.0,UNEXPECTED_SHORT_GAP,UNEXPECTED
2022-01-10 02:36:00,2022-01-10 02:38:00,2.0,UNEXPECTED_SHORT_GAP,UNEXPECTED
2022-01-10 02:42:00,2022-01-10 02:45:00,3.0,UNEXPECTED_SHORT_GAP,UNEXPECTED
2022-01-10 03:21:00,2022-01-10 03:23:00,2.0,UNEXPECTED_SHORT_GAP,UNEXPECTED
2022-01-10 03:52:00,2022-01-10 03:54:00,2.0,UNEXPECTED_SHORT_GAP,UNEXPECTED
2022-01-10 04:28:00,2022-01-10 04:30:00,2.0,UNEXPECTED_SHORT_GAP,UNEXPECTED
2022-01-10 04:30:00,2022-01-10 04:32:00,2.0,UNEXPECTED_SHORT_GAP,UNEXPECTED
2022-01-10 05:11:00,2022-01-10 05:13:00,2.0,UNEXPECTED_SHORT_GAP,UNEXPECTED
2022-01-10 05:45:00,2022-01-10 05:47:00,2.0,UNEXPECTED_SHORT_GAP,UNEXPECTED
2022-01-10 06:31:00,2022-01-10 06:33:00,2.0,UNEXPECTED_SHORT_GAP,UNEXPECTED
2022-01-10 21:15:00,2022-01-10 21:17:00,2.0,UNEXPECTED_SHORT_GAP,UNEXPECTED
2022-01-10 21:41:00,2022-01-10 21:43:00,2.0,UNEXPECTED_SHORT_GAP,UNEXPECTED
2022-01-10 21:45:00,2022-01-10 21:47:00,2.0,UNEXPECTED_SHORT_GAP,UNEXPECTED
2022-01-10 22:03:00,2022-01-10 22:06:00,3.0,UNEXPECTED_SHORT_GAP,UNEXPECTED
2022-01-10 22:22:00,2022-01-10 22:24:00,2.0,UNEXPECTED_SHORT_GAP,UNEXPECTED
2022-01-10 23:09:00,2022-01-10 23:11:00,2.0,UNEXPECTED_SHORT_GAP,UNEXPECTED
2022-01-10 23:16:00,2022-01-10 23:18:00,2.0,UNEXPECTED_SHORT_GAP,UNEXPECTED
2022-01-10 23:28:00,2022-01-10 23:30:00,2.0,UNEXPECTED_SHORT_GAP,UNEXPECTED
2022-01-10 23:31:00,2022-01-10 23:33:00,2.0,UNEXPECTED_SHORT_GAP,UNEXPECTED
2022-01-10 23:34:00,2022-01-10 23:36:00,2.0,UNEXPECTED_SHORT_GAP,UNEXPECTED
2022-01-10 23:36:00,2022-01-10 23:38:00,2.0,UNEXPECTED_SHORT_GAP,UNEXPECTED
2022-01-10 23:38:00,2022-01-10 23:40:00,2.0,UNEXPECTED_SHORT_GAP,UNEXPECTED
2022-01-10 23:40:00,2022-01-10 23:43:00,3.0,UNEXPECTED_SHORT_GAP,UNEXPECTED
2022-01-10 23:48:00,2022-01-10 23:51:00,3.0,UNEXPECTED_SHORT_GAP,UNEXPECTED
2022-01-10 23:52:00,2022-01-10 23:54:00,2.0,UNEXPECTED_SHORT_GAP,UNEXPECTED
2022-01-10 23:55:00,2022-01-10 23:58:00,3.0,UNEXPECTED_SHORT_GAP,UNEXPECTED
2022-01-11 00:11:00,2022-01-11 00:13:00,2.0,UNEXPECTED_SHORT_GAP,UNEXPECTED
2022-01-11 00:58:00,2022-01-11 01:00:00,2.0,UNEXPECTED_SHORT_GAP,UNEXPECTED
2022-01-11 02:45:00,2022-01-11 02:47:00,2.0,UNEXPECTED_SHORT_GAP,UNEXPECTED
2022-01-11 03:17:00,2022-01-11 03:19:00,2.0,UNEXPECTED_SHORT_GAP,UNEXPECTED
2022-01-11 03:27:00,2022-01-11 03:29:00,2.0,UNEXPECTED_SHORT_GAP,UNEXPECTED
2022-01-11 03:41:00,2022-01-11 03:44:00,3.0,UNEXPECTED_SHORT_GAP,UNEXPECTED
2022-01-11 03:44:00,2022-01-11 03:46:00,2.0,UNEXPECTED_SHORT_GAP,UNEXPECTED
2022-01-11 03:46:00,2022-01-11 03:49:00,3.0,UNEXPECTED_SHORT_GAP,UNEXPECTED
2022-01-11 03:56:00,2022-01-11 03:58:00,2.0,UNEXPECTED_SHORT_GAP,UNEXPECTED
2022-01-11 04:05:00,2022-01-11 04:07:00,2.0,UNEXPECTED_SHORT_GAP,UNEXPECTED
2022-01-11 04:32:00,2022-01-11 04:34:00,2.0,UNEXPECTED_SHORT_GAP,UNEXPECTED
2022-01-11 05:15:00,2022-01-11 05:17:00,2.0,UNEXPECTED_SHORT_GAP,UNEXPECTED
2022-01-11 05:22:00,2022-01-11 05:24:00,2.0,UNEXPECTED_SHORT_GAP,UNEXPECTED
2022-01-11 06:17:00,2022-01-11 06:19:00,2.0,UNEXPECTED_SHORT_GAP,UNEXPECTED
2022-01-11 18:32:00,2022-01-11 18:35:00,3.0,UNEXPECTED_SHORT_GAP,UNEXPECTED
2022-01-11 20:07:00,2022-01-11 20:09:00,2.0,UNEXPECTED_SHORT_GAP,UNEXPECTED
2022-01-11 21:20:00,2022-01-11 21:25:00,5.0,UNEXPECTED_SHORT_GAP,UNEXPECTED
2022-01-11 21:25:00,2022-01-11 21:27:00,2.0,UNEXPECTED_SHORT_GAP,UNEXPECTED
2022-01-11 21:27:00,2022-01-11 21:29:00,2.0,UNEXPECTED_SHORT_GAP,UNEXPECTED
2022-01-11 21:30:00,2022-01-11 21:32:00,2.0,UNEXPECTED_SHORT_GAP,UNEXPECTED
2022-01-11 21:50:00,2022-01-11 21:52:00,2.0,UNEXPECTED_SHORT_GAP,UNEXPECTED
2022-01-11 21:59:00,2022-01-11 22:01:00,2.0,UNEXPECTED_SHORT_GAP,UNEXPECTED
2022-01-11 22:01:00,2022-01-11 22:03:00,2.0,UNEXPECTED_SHORT_GAP,UNEXPECTED
2022-01-11 22:03:00,2022-01-11 22:05:00,2.0,UNEXPECTED_SHORT_GAP,UNEXPECTED
2022-01-11 22:13:00,2022-01-11 22:15:00,2.0,UNEXPECTED_SHORT_GAP,UNEXPECTED
2022-01-11 22:15:00,2022-01-11 22:17:00,2.0,UNEXPECTED_SHORT_GAP,UNEXPECTED
2022-01-11 22:26:00,2022-01-11 22:28:00,2.0,UNEXPECTED_SHORT_GAP,UNEXPECTED
2022-01-11 22:38:00,2022-01-11 22:40:00,2.0,UNEXPECTED_SHORT_GAP,UNEXPECTED
2022-01-11 23:03:00,2022-01-11 23:05:00,2.0,UNEXPECTED_SHORT_GAP,UNEXPECTED
2022-01-11 23:09:00,2022-01-11 23:11:00,2.0,UNEXPECTED_SHORT_GAP,UNEXPECTED
2022-01-11 23:12:00,2022-01-11 23:14:00,2.0,UNEXPECTED_SHORT_GAP,UNEXPECTED
2022-01-11 23:15:00,2022-01-11 23:19:00,4.0,UNEXPECTED_SHORT_GAP,UNEXPECTED
2022-01-11 23:19:00,2022-01-11 23:23:00,4.0,UNEXPECTED_SHORT_GAP,UNEXPECTED
2022-01-11 23:23:00,2022-01-11 23:26:00,3.0,UNEXPECTED_SHORT_GAP,UNEXPECTED
2022-01-11 23:26:00,2022-01-11 23:30:00,4.0,UNEXPECTED_SHORT_GAP,UNEXPECTED
2022-01-11 23:30:00,2022-01-11 23:32:00,2.0,UNEXPECTED_SHORT_GAP,UNEXPECTED
2022-01-11 23:32:00,2022-01-11 23:38:00,6.0,UNEXPECTED_INTRADAY_GAP,UNEXPECTED
2022-01-11 23:38:00,2022-01-11 23:42:00,4.0,UNEXPECTED_SHORT_GAP,UNEXPECTED
2022-01-11 23:52:00,2022-01-11 23:54:00,2.0,UNEXPECTED_SHORT_GAP,UNEXPECTED
2022-01-11 23:54:00,2022-01-11 23:56:00,2.0,UNEXPECTED_SHORT_GAP,UNEXPECTED
2022-01-12 00:10:00,2022-01-12 00:12:00,2.0,UNEXPECTED_SHORT_GAP,UNEXPECTED
2022-01-12 00:13:00,2022-01-12 00:15:00,2.0,UNEXPECTED_SHORT_GAP,UNEXPECTED
2022-01-12 00:24:00,2022-01-12 00:26:00,2.0,UNEXPECTED_SHORT_GAP,UNEXPECTED
2022-01-12 00:28:00,2022-01-12 00:30:00,2.0,UNEXPECTED_SHORT_GAP,UNEXPECTED
2022-01-12 00:35:00,2022-01-12 00:37:00,2.0,UNEXPECTED_SHORT_GAP,UNEXPECTED
2022-01-12 00:42:00,2022-01-12 00:44:00,2.0,UNEXPECTED_SHORT_GAP,UNEXPECTED
2022-01-12 00:47:00,2022-01-12 00:49:00,2.0,UNEXPECTED_SHORT_GAP,UNEXPECTED
2022-01-12 00:58:00,2022-01-12 01:00:00,2.0,UNEXPECTED_SHORT_GAP,UNEXPECTED
2022-01-12 02:31:00,2022-01-12 02:33:00,2.0,UNEXPECTED_SHORT_GAP,UNEXPECTED
2022-01-12 02:42:00,2022-01-12 02:44:00,2.0,UNEXPECTED_SHORT_GAP,UNEXPECTED
2022-01-12 02:47:00,2022-01-12 02:49:00,2.0,UNEXPECTED_SHORT_GAP,UNEXPECTED
2022-01-12 03:05:00,2022-01-12 03:08:00,3.0,UNEXPECTED_SHORT_GAP,UNEXPECTED
2022-01-12 03:15:00,2022-01-12 03:17:00,2.0,UNEXPECTED_SHORT_GAP,UNEXPECTED
2022-01-12 03:33:00,2022-01-12 03:40:00,7.0,UNEXPECTED_INTRADAY_GAP,UNEXPECTED
2022-01-12 03:48:00,2022-01-12 03:52:00,4.0,UNEXPECTED_SHORT_GAP,UNEXPECTED
2022-01-12 04:04:00,2022-01-12 04:09:00,5.0,UNEXPECTED_SHORT_GAP,UNEXPECTED
2022-01-12 04:26:00,2022-01-12 04:28:00,2.0,UNEXPECTED_SHORT_GAP,UNEXPECTED
2022-01-12 04:32:00,2022-01-12 04:34:00,2.0,UNEXPECTED_SHORT_GAP,UNEXPECTED
2022-01-12 04:37:00,2022-01-12 04:39:00,2.0,UNEXPECTED_SHORT_GAP,UNEXPECTED
2022-01-12 04:45:00,2022-01-12 04:48:00,3.0,UNEXPECTED_SHORT_GAP,UNEXPECTED
2022-01-12 05:18:00,2022-01-12 05:20:00,2.0,UNEXPECTED_SHORT_GAP,UNEXPECTED
2022-01-12 05:22:00,2022-01-12 05:24:00,2.0,UNEXPECTED_SHORT_GAP,UNEXPECTED
2022-01-12 05:24:00,2022-01-12 05:26:00,2.0,UNEXPECTED_SHORT_GAP,UNEXPECTED
2022-01-12 05:32:00,2022-01-12 05:34:00,2.0,UNEXPECTED_SHORT_GAP,UNEXPECTED
2022-01-12 05:48:00,2022-01-12 05:50:00,2.0,UNEXPECTED_SHORT_GAP,UNEXPECTED
2022-01-12 06:05:00,2022-01-12 06:08:00,3.0,UNEXPECTED_SHORT_GAP,UNEXPECTED
2022-01-12 06:17:00,2022-01-12 06:19:00,2.0,UNEXPECTED_SHORT_GAP,UNEXPECTED
2022-01-12 06:31:00,2022-01-12 06:33:00,2.0,UNEXPECTED_SHORT_GAP,UNEXPECTED
2022-01-12 08:26:00,2022-01-12 08:28:00,2.0,UNEXPECTED_SHORT_GAP,UNEXPECTED
2022-01-12 11:36:00,2022-01-12 11:38:00,2.0,UNEXPECTED_SHORT_GAP,UNEXPECTED
2022-01-12 19:19:00,2022-01-12 19:21:00,2.0,UNEXPECTED_SHORT_GAP,UNEXPECTED
2022-01-12 21:10:00,2022-01-12 21:12:00,2.0,UNEXPECTED_SHORT_GAP,UNEXPECTED
2022-01-12 21:26:00,2022-01-12 21:28:00,2.0,UNEXPECTED_SHORT_GAP,UNEXPECTED
2022-01-12 22:00:00,2022-01-12 22:02:00,2.0,UNEXPECTED_SHORT_GAP,UNEXPECTED
2022-01-12 22:02:00,2022-01-12 22:05:00,3.0,UNEXPECTED_SHORT_GAP,UNEXPECTED
2022-01-12 22:10:00,2022-01-12 22:13:00,3.0,UNEXPECTED_SHORT_GAP,UNEXPECTED
2022-01-12 22:16:00,2022-01-12 22:18:00,2.0,UNEXPECTED_SHORT_GAP,UNEXPECTED
2022-01-12 22:20:00,2022-01-12 22:22:00,2.0,UNEXPECTED_SHORT_GAP,UNEXPECTED
2022-01-12 22:40:00,2022-01-12 22:42:00,2.0,UNEXPECTED_SHORT_GAP,UNEXPECTED
2022-01-12 22:42:00,2022-01-12 22:44:00,2.0,UNEXPECTED_SHORT_GAP,UNEXPECTED
2022-01-12 22:49:00,2022-01-12 22:51:00,2.0,UNEXPECTED_SHORT_GAP,UNEXPECTED
2022-01-12 23:06:00,2022-01-12 23:08:00,2.0,UNEXPECTED_SHORT_GAP,UNEXPECTED
2022-01-12 23:10:00,2022-01-12 23:12:00,2.0,UNEXPECTED_SHORT_GAP,UNEXPECTED
2022-01-12 23:14:00,2022-01-12 23:18:00,4.0,UNEXPECTED_SHORT_GAP,UNEXPECTED
2022-01-12 23:18:00,2022-01-12 23:26:00,8.0,UNEXPECTED_INTRADAY_GAP,UNEXPECTED
2022-01-12 23:36:00,2022-01-12 23:39:00,3.0,UNEXPECTED_SHORT_GAP,UNEXPECTED
2022-01-12 23:39:00,2022-01-12 23:41:00,2.0,UNEXPECTED_SHORT_GAP,UNEXPECTED
2022-01-12 23:41:00,2022-01-12 23:43:00,2.0,UNEXPECTED_SHORT_GAP,UNEXPECTED
2022-01-12 23:52:00,2022-01-12 23:54:00,2.0,UNEXPECTED_SHORT_GAP,UNEXPECTED
2022-01-13 00:10:00,2022-01-13 00:12:00,2.0,UNEXPECTED_SHORT_GAP,UNEXPECTED
2022-01-13 00:18:00,2022-01-13 00:20:00,2.0,UNEXPECTED_SHORT_GAP,UNEXPECTED
2022-01-13 03:27:00,2022-01-13 03:29:00,2.0,UNEXPECTED_SHORT_GAP,UNEXPECTED
2022-01-13 03:32:00,2022-01-13 03:34:00,2.0,UNEXPECTED_SHORT_GAP,UNEXPECTED
2022-01-13 03:36:00,2022-01-13 03:39:00,3.0,UNEXPECTED_SHORT_GAP,UNEXPECTED
2022-01-13 04:31:00,2022-01-13 04:33:00,2.0,UNEXPECTED_SHORT_GAP,UNEXPECTED
2022-01-13 05:19:00,2022-01-13 05:21:00,2.0,UNEXPECTED_SHORT_GAP,UNEXPECTED
2022-01-13 07:55:00,2022-01-13 07:57:00,2.0,UNEXPECTED_SHORT_GAP,UNEXPECTED
2022-01-13 21:04:00,2022-01-13 21:06:00,2.0,UNEXPECTED_SHORT_GAP,UNEXPECTED
2022-01-13 21:24:00,2022-01-13 21:26:00,2.0,UNEXPECTED_SHORT_GAP,UNEXPECTED
2022-01-13 21:26:00,2022-01-13 21:29:00,3.0,UNEXPECTED_SHORT_GAP,UNEXPECTED
2022-01-13 21:31:00,2022-01-13 21:33:00,2.0,UNEXPECTED_SHORT_GAP,UNEXPECTED
2022-01-13 21:39:00,2022-01-13 21:41:00,2.0,UNEXPECTED_SHORT_GAP,UNEXPECTED
2022-01-13 22:02:00,2022-01-13 22:05:00,3.0,UNEXPECTED_SHORT_GAP,UNEXPECTED
2022-01-13 22:07:00,2022-01-13 22:09:00,2.0,UNEXPECTED_SHORT_GAP,UNEXPECTED
2022-01-13 22:22:00,2022-01-13 22:24:00,2.0,UNEXPECTED_SHORT_GAP,UNEXPECTED
2022-01-13 22:24:00,2022-01-13 22:26:00,2.0,UNEXPECTED_SHORT_GAP,UNEXPECTED
2022-01-13 23:17:00,2022-01-13 23:19:00,2.0,UNEXPECTED_SHORT_GAP,UNEXPECTED
2022-01-13 23:39:00,2022-01-13 23:42:00,3.0,UNEXPECTED_SHORT_GAP,UNEXPECTED
2022-01-13 23:45:00,2022-01-13 23:49:00,4.0,UNEXPECTED_SHORT_GAP,UNEXPECTED
2022-01-14 04:42:00,2022-01-14 04:44:00,2.0,UNEXPECTED_SHORT_GAP,UNEXPECTED
2022-01-14 06:50:00,2022-01-14 06:52:00,2.0,UNEXPECTED_SHORT_GAP,UNEXPECTED
2022-01-14 21:35:00,2022-01-14 21:37:00,2.0,UNEXPECTED_SHORT_GAP,UNEXPECTED
2022-01-14 21:58:00,2022-01-16 22:08:00,2890.0,EXPECTED_WEEKEND_CLOSURE,EXPECTED
2022-01-16 22:11:00,2022-01-16 22:13:00,2.0,EXPECTED_WEEKEND_CLOSURE,EXPECTED
2022-01-16 22:15:00,2022-01-16 22:17:00,2.0,EXPECTED_WEEKEND_CLOSURE,EXPECTED
2022-01-16 23:27:00,2022-01-16 23:29:00,2.0,EXPECTED_WEEKEND_CLOSURE,EXPECTED
2022-01-16 23:38:00,2022-01-16 23:40:00,2.0,EXPECTED_WEEKEND_CLOSURE,EXPECTED
2022-01-16 23:56:00,2022-01-16 23:58:00,2.0,EXPECTED_WEEKEND_CLOSURE,EXPECTED
2022-01-17 00:21:00,2022-01-17 00:23:00,2.0,UNEXPECTED_SHORT_GAP,UNEXPECTED
2022-01-17 05:07:00,2022-01-17 05:09:00,2.0,UNEXPECTED_SHORT_GAP,UNEXPECTED
2022-01-17 06:33:00,2022-01-17 06:35:00,2.0,UNEXPECTED_SHORT_GAP,UNEXPECTED
2022-01-17 06:40:00,2022-01-17 06:42:00,2.0,UNEXPECTED_SHORT_GAP,UNEXPECTED
2022-01-17 17:16:00,2022-01-17 17:18:00,2.0,UNEXPECTED_SHORT_GAP,UNEXPECTED
2022-01-17 17:41:00,2022-01-17 17:43:00,2.0,UNEXPECTED_SHORT_GAP,UNEXPECTED
2022-01-17 18:03:00,2022-01-17 18:07:00,4.0,UNEXPECTED_SHORT_GAP,UNEXPECTED
2022-01-17 18:10:00,2022-01-17 18:13:00,3.0,UNEXPECTED_SHORT_GAP,UNEXPECTED
2022-01-17 18:13:00,2022-01-17 18:15:00,2.0,UNEXPECTED_SHORT_GAP,UNEXPECTED
2022-01-17 18:16:00,2022-01-17 18:20:00,4.0,UNEXPECTED_SHORT_GAP,UNEXPECTED
2022-01-17 18:20:00,2022-01-17 18:31:00,11.0,UNEXPECTED_INTRADAY_GAP,UNEXPECTED
2022-01-17 18:31:00,2022-01-17 18:34:00,3.0,UNEXPECTED_SHORT_GAP,UNEXPECTED
2022-01-17 18:34:00,2022-01-17 18:38:00,4.0,UNEXPECTED_SHORT_GAP,UNEXPECTED
2022-01-17 18:38:00,2022-01-17 18:40:00,2.0,UNEXPECTED_SHORT_GAP,UNEXPECTED
2022-01-17 18:41:00,2022-01-17 18:43:00,2.0,UNEXPECTED_SHORT_GAP,UNEXPECTED
2022-01-17 18:43:00,2022-01-17 18:45:00,2.0,UNEXPECTED_SHORT_GAP,UNEXPECTED
2022-01-17 18:45:00,2022-01-17 18:48:00,3.0,UNEXPECTED_SHORT_GAP,UNEXPECTED
2022-01-17 18:48:00,2022-01-17 18:55:00,7.0,UNEXPECTED_INTRADAY_GAP,UNEXPECTED
2022-01-17 18:57:00,2022-01-17 19:01:00,4.0,UNEXPECTED_SHORT_GAP,UNEXPECTED
2022-01-17 19:05:00,2022-01-17 19:07:00,2.0,UNEXPECTED_SHORT_GAP,UNEXPECTED
2022-01-17 19:08:00,2022-01-17 19:10:00,2.0,UNEXPECTED_SHORT_GAP,UNEXPECTED
2022-01-17 19:10:00,2022-01-17 19:12:00,2.0,UNEXPECTED_SHORT_GAP,UNEXPECTED
2022-01-17 19:20:00,2022-01-17 19:24:00,4.0,UNEXPECTED_SHORT_GAP,UNEXPECTED
2022-01-17 19:24:00,2022-01-17 19:29:00,5.0,UNEXPECTED_SHORT_GAP,UNEXPECTED
2022-01-17 19:35:00,2022-01-17 19:37:00,2.0,UNEXPECTED_SHORT_GAP,UNEXPECTED
2022-01-17 19:46:00,2022-01-17 19:48:00,2.0,UNEXPECTED_SHORT_GAP,UNEXPECTED
2022-01-17 19:49:00,2022-01-17 19:53:00,4.0,UNEXPECTED_SHORT_GAP,UNEXPECTED
2022-01-17 19:58:00,2022-01-17 20:00:00,2.0,UNEXPECTED_SHORT_GAP,UNEXPECTED
2022-01-17 20:03:00,2022-01-17 20:05:00,2.0,UNEXPECTED_SHORT_GAP,UNEXPECTED
2022-01-17 20:05:00,2022-01-17 20:08:00,3.0,UNEXPECTED_SHORT_GAP,UNEXPECTED
2022-01-17 20:08:00,2022-01-17 20:14:00,6.0,UNEXPECTED_INTRADAY_GAP,UNEXPECTED
2022-01-17 20:14:00,2022-01-17 20:20:00,6.0,UNEXPECTED_INTRADAY_GAP,UNEXPECTED
2022-01-17 20:21:00,2022-01-17 20:28:00,7.0,UNEXPECTED_INTRADAY_GAP,UNEXPECTED
2022-01-17 20:28:00,2022-01-17 20:44:00,16.0,UNEXPECTED_INTRADAY_GAP,UNEXPECTED
2022-01-17 20:45:00,2022-01-17 20:50:00,5.0,UNEXPECTED_SHORT_GAP,UNEXPECTED
2022-01-17 20:51:00,2022-01-17 20:53:00,2.0,UNEXPECTED_SHORT_GAP,UNEXPECTED
2022-01-17 21:00:00,2022-01-17 21:03:00,3.0,UNEXPECTED_SHORT_GAP,UNEXPECTED
2022-01-17 21:05:00,2022-01-17 21:07:00,2.0,UNEXPECTED_SHORT_GAP,UNEXPECTED
2022-01-17 21:07:00,2022-01-17 21:09:00,2.0,UNEXPECTED_SHORT_GAP,UNEXPECTED
2022-01-17 21:09:00,2022-01-17 21:11:00,2.0,UNEXPECTED_SHORT_GAP,UNEXPECTED
2022-01-17 21:13:00,2022-01-17 21:15:00,2.0,UNEXPECTED_SHORT_GAP,UNEXPECTED
2022-01-17 21:15:00,2022-01-17 21:18:00,3.0,UNEXPECTED_SHORT_GAP,UNEXPECTED
2022-01-17 21:19:00,2022-01-17 21:21:00,2.0,UNEXPECTED_SHORT_GAP,UNEXPECTED
2022-01-17 21:22:00,2022-01-17 21:24:00,2.0,UNEXPECTED_SHORT_GAP,UNEXPECTED
2022-01-17 21:24:00,2022-01-17 21:27:00,3.0,UNEXPECTED_SHORT_GAP,UNEXPECTED
2022-01-17 21:27:00,2022-01-17 21:30:00,3.0,UNEXPECTED_SHORT_GAP,UNEXPECTED
2022-01-17 21:30:00,2022-01-17 21:33:00,3.0,UNEXPECTED_SHORT_GAP,UNEXPECTED
2022-01-17 21:34:00,2022-01-17 21:39:00,5.0,UNEXPECTED_SHORT_GAP,UNEXPECTED
2022-01-17 21:41:00,2022-01-17 21:43:00,2.0,UNEXPECTED_SHORT_GAP,UNEXPECTED
2022-01-17 21:43:00,2022-01-17 21:46:00,3.0,UNEXPECTED_SHORT_GAP,UNEXPECTED
2022-01-17 21:46:00,2022-01-17 21:48:00,2.0,UNEXPECTED_SHORT_GAP,UNEXPECTED
2022-01-17 21:51:00,2022-01-17 21:53:00,2.0,UNEXPECTED_SHORT_GAP,UNEXPECTED
2022-01-17 21:53:00,2022-01-17 21:55:00,2.0,UNEXPECTED_SHORT_GAP,UNEXPECTED
2022-01-17 22:00:00,2022-01-17 22:02:00,2.0,UNEXPECTED_SHORT_GAP,UNEXPECTED
2022-01-17 22:02:00,2022-01-17 22:04:00,2.0,UNEXPECTED_SHORT_GAP,UNEXPECTED
2022-01-17 22:04:00,2022-01-17 22:06:00,2.0,UNEXPECTED_SHORT_GAP,UNEXPECTED
2022-01-17 22:07:00,2022-01-17 22:09:00,2.0,UNEXPECTED_SHORT_GAP,UNEXPECTED
2022-01-17 22:11:00,2022-01-17 22:13:00,2.0,UNEXPECTED_SHORT_GAP,UNEXPECTED
2022-01-17 22:15:00,2022-01-17 22:18:00,3.0,UNEXPECTED_SHORT_GAP,UNEXPECTED
2022-01-17 22:21:00,2022-01-17 22:23:00,2.0,UNEXPECTED_SHORT_GAP,UNEXPECTED
2022-01-17 22:25:00,2022-01-17 22:28:00,3.0,UNEXPECTED_SHORT_GAP,UNEXPECTED
2022-01-17 23:08:00,2022-01-17 23:11:00,3.0,UNEXPECTED_SHORT_GAP,UNEXPECTED
2022-01-17 23:11:00,2022-01-17 23:13:00,2.0,UNEXPECTED_SHORT_GAP,UNEXPECTED
2022-01-17 23:15:00,2022-01-17 23:17:00,2.0,UNEXPECTED_SHORT_GAP,UNEXPECTED
2022-01-17 23:18:00,2022-01-17 23:20:00,2.0,UNEXPECTED_SHORT_GAP,UNEXPECTED
2022-01-17 23:21:00,2022-01-17 23:24:00,3.0,UNEXPECTED_SHORT_GAP,UNEXPECTED
2022-01-17 23:44:00,2022-01-17 23:46:00,2.0,UNEXPECTED_SHORT_GAP,UNEXPECTED
2022-01-17 23:47:00,2022-01-17 23:49:00,2.0,UNEXPECTED_SHORT_GAP,UNEXPECTED
2022-01-17 23:49:00,2022-01-17 23:51:00,2.0,UNEXPECTED_SHORT_GAP,UNEXPECTED
2022-01-17 23:51:00,2022-01-17 23:56:00,5.0,UNEXPECTED_SHORT_GAP,UNEXPECTED
2022-01-17 23:57:00,2022-01-17 23:59:00,2.0,UNEXPECTED_SHORT_GAP,UNEXPECTED
2022-01-18 00:43:00,2022-01-18 00:45:00,2.0,UNEXPECTED_SHORT_GAP,UNEXPECTED
2022-01-18 00:50:00,2022-01-18 00:52:00,2.0,UNEXPECTED_SHORT_GAP,UNEXPECTED
2022-01-18 01:13:00,2022-01-18 01:15:00,2.0,UNEXPECTED_SHORT_GAP,UNEXPECTED
2022-01-18 02:35:00,2022-01-18 02:37:00,2.0,UNEXPECTED_SHORT_GAP,UNEXPECTED
2022-01-18 21:32:00,2022-01-18 21:34:00,2.0,UNEXPECTED_SHORT_GAP,UNEXPECTED
2022-01-18 22:02:00,2022-01-18 22:05:00,3.0,UNEXPECTED_SHORT_GAP,UNEXPECTED
2022-01-18 22:06:00,2022-01-18 22:09:00,3.0,UNEXPECTED_SHORT_GAP,UNEXPECTED
2022-01-18 22:11:00,2022-01-18 22:13:00,2.0,UNEXPECTED_SHORT_GAP,UNEXPECTED
2022-01-18 22:27:00,2022-01-18 22:29:00,2.0,UNEXPECTED_SHORT_GAP,UNEXPECTED
2022-01-18 22:53:00,2022-01-18 22:55:00,2.0,UNEXPECTED_SHORT_GAP,UNEXPECTED
2022-01-18 23:05:00,2022-01-18 23:07:00,2.0,UNEXPECTED_SHORT_GAP,UNEXPECTED
2022-01-18 23:09:00,2022-01-18 23:11:00,2.0,UNEXPECTED_SHORT_GAP,UNEXPECTED
2022-01-18 23:16:00,2022-01-18 23:18:00,2.0,UNEXPECTED_SHORT_GAP,UNEXPECTED
2022-01-18 23:24:00,2022-01-18 23:26:00,2.0,UNEXPECTED_SHORT_GAP,UNEXPECTED
2022-01-18 23:35:00,2022-01-18 23:37:00,2.0,UNEXPECTED_SHORT_GAP,UNEXPECTED
2022-01-18 23:40:00,2022-01-18 23:42:00,2.0,UNEXPECTED_SHORT_GAP,UNEXPECTED
2022-01-18 23:42:00,2022-01-18 23:45:00,3.0,UNEXPECTED_SHORT_GAP,UNEXPECTED
2022-01-18 23:48:00,2022-01-18 23:50:00,2.0,UNEXPECTED_SHORT_GAP,UNEXPECTED
2022-01-18 23:53:00,2022-01-18 23:55:00,2.0,UNEXPECTED_SHORT_GAP,UNEXPECTED
2022-01-19 02:26:00,2022-01-19 02:28:00,2.0,UNEXPECTED_SHORT_GAP,UNEXPECTED
2022-01-19 04:34:00,2022-01-19 04:36:00,2.0,UNEXPECTED_SHORT_GAP,UNEXPECTED
2022-01-19 21:35:00,2022-01-19 21:37:00,2.0,UNEXPECTED_SHORT_GAP,UNEXPECTED
2022-01-19 21:52:00,2022-01-19 21:54:00,2.0,UNEXPECTED_SHORT_GAP,UNEXPECTED
2022-01-19 22:01:00,2022-01-19 22:05:00,4.0,UNEXPECTED_SHORT_GAP,UNEXPECTED
2022-01-19 22:13:00,2022-01-19 22:15:00,2.0,UNEXPECTED_SHORT_GAP,UNEXPECTED
2022-01-19 22:15:00,2022-01-19 22:18:00,3.0,UNEXPECTED_SHORT_GAP,UNEXPECTED
2022-01-19 22:26:00,2022-01-19 22:28:00,2.0,UNEXPECTED_SHORT_GAP,UNEXPECTED
2022-01-19 22:46:00,2022-01-19 22:50:00,4.0,UNEXPECTED_SHORT_GAP,UNEXPECTED
2022-01-19 22:54:00,2022-01-19 22:56:00,2.0,UNEXPECTED_SHORT_GAP,UNEXPECTED
2022-01-19 22:56:00,2022-01-19 22:59:00,3.0,UNEXPECTED_SHORT_GAP,UNEXPECTED
2022-01-19 23:03:00,2022-01-19 23:05:00,2.0,UNEXPECTED_SHORT_GAP,UNEXPECTED
2022-01-19 23:16:00,2022-01-19 23:18:00,2.0,UNEXPECTED_SHORT_GAP,UNEXPECTED
2022-01-19 23:28:00,2022-01-19 23:30:00,2.0,UNEXPECTED_SHORT_GAP,UNEXPECTED
2022-01-19 23:40:00,2022-01-19 23:42:00,2.0,UNEXPECTED_SHORT_GAP,UNEXPECTED
2022-01-20 00:13:00,2022-01-20 00:15:00,2.0,UNEXPECTED_SHORT_GAP,UNEXPECTED
2022-01-20 00:22:00,2022-01-20 00:24:00,2.0,UNEXPECTED_SHORT_GAP,UNEXPECTED
2022-01-20 00:26:00,2022-01-20 00:28:00,2.0,UNEXPECTED_SHORT_GAP,UNEXPECTED
2022-01-20 04:34:00,2022-01-20 04:36:00,2.0,UNEXPECTED_SHORT_GAP,UNEXPECTED
2022-01-20 21:59:00,2022-01-20 22:03:00,4.0,UNEXPECTED_SHORT_GAP,UNEXPECTED
2022-01-20 22:14:00,2022-01-20 22:16:00,2.0,UNEXPECTED_SHORT_GAP,UNEXPECTED
2022-01-20 22:17:00,2022-01-20 22:22:00,5.0,UNEXPECTED_SHORT_GAP,UNEXPECTED
2022-01-20 22:45:00,2022-01-20 22:47:00,2.0,UNEXPECTED_SHORT_GAP,UNEXPECTED
2022-01-20 22:47:00,2022-01-20 22:53:00,6.0,UNEXPECTED_INTRADAY_GAP,UNEXPECTED
2022-01-20 22:53:00,2022-01-20 22:55:00,2.0,UNEXPECTED_SHORT_GAP,UNEXPECTED
2022-01-21 21:23:00,2022-01-21 21:25:00,2.0,UNEXPECTED_SHORT_GAP,UNEXPECTED
2022-01-21 21:26:00,2022-01-21 21:28:00,2.0,UNEXPECTED_SHORT_GAP,UNEXPECTED
2022-01-21 21:30:00,2022-01-21 21:32:00,2.0,UNEXPECTED_SHORT_GAP,UNEXPECTED
2022-01-21 21:45:00,2022-01-21 21:47:00,2.0,UNEXPECTED_SHORT_GAP,UNEXPECTED
2022-01-21 21:52:00,2022-01-21 21:54:00,2.0,UNEXPECTED_SHORT_GAP,UNEXPECTED
2022-01-21 21:58:00,2022-01-23 22:28:00,2910.0,EXPECTED_WEEKEND_CLOSURE,EXPECTED
2022-01-23 22:28:00,2022-01-23 22:30:00,2.0,EXPECTED_WEEKEND_CLOSURE,EXPECTED
2022-01-23 22:47:00,2022-01-23 22:49:00,2.0,EXPECTED_WEEKEND_CLOSURE,EXPECTED
2022-01-23 23:42:00,2022-01-23 23:44:00,2.0,EXPECTED_WEEKEND_CLOSURE,EXPECTED
2022-01-23 23:47:00,2022-01-23 23:49:00,2.0,EXPECTED_WEEKEND_CLOSURE,EXPECTED
2022-01-23 23:49:00,2022-01-23 23:51:00,2.0,EXPECTED_WEEKEND_CLOSURE,EXPECTED
2022-01-24 00:28:00,2022-01-24 00:30:00,2.0,UNEXPECTED_SHORT_GAP,UNEXPECTED
2022-01-24 03:45:00,2022-01-24 03:47:00,2.0,UNEXPECTED_SHORT_GAP,UNEXPECTED
2022-01-24 21:36:00,2022-01-24 21:38:00,2.0,UNEXPECTED_SHORT_GAP,UNEXPECTED
2022-01-24 21:43:00,2022-01-24 21:45:00,2.0,UNEXPECTED_SHORT_GAP,UNEXPECTED
2022-01-24 21:56:00,2022-01-24 21:58:00,2.0,UNEXPECTED_SHORT_GAP,UNEXPECTED
2022-01-24 21:59:00,2022-01-24 22:01:00,2.0,UNEXPECTED_SHORT_GAP,UNEXPECTED
2022-01-24 22:08:00,2022-01-24 22:10:00,2.0,UNEXPECTED_SHORT_GAP,UNEXPECTED
2022-01-24 22:18:00,2022-01-24 22:27:00,9.0,UNEXPECTED_INTRADAY_GAP,UNEXPECTED
2022-01-24 22:27:00,2022-01-24 22:30:00,3.0,UNEXPECTED_SHORT_GAP,UNEXPECTED
2022-01-24 22:37:00,2022-01-24 22:39:00,2.0,UNEXPECTED_SHORT_GAP,UNEXPECTED
2022-01-24 22:41:00,2022-01-24 22:43:00,2.0,UNEXPECTED_SHORT_GAP,UNEXPECTED
2022-01-24 22:45:00,2022-01-24 22:49:00,4.0,UNEXPECTED_SHORT_GAP,UNEXPECTED
2022-01-24 22:53:00,2022-01-24 22:56:00,3.0,UNEXPECTED_SHORT_GAP,UNEXPECTED
2022-01-24 23:27:00,2022-01-24 23:29:00,2.0,UNEXPECTED_SHORT_GAP,UNEXPECTED
2022-01-24 23:30:00,2022-01-24 23:33:00,3.0,UNEXPECTED_SHORT_GAP,UNEXPECTED
2022-01-24 23:38:00,2022-01-24 23:40:00,2.0,UNEXPECTED_SHORT_GAP,UNEXPECTED
2022-01-24 23:41:00,2022-01-24 23:43:00,2.0,UNEXPECTED_SHORT_GAP,UNEXPECTED
2022-01-24 23:47:00,2022-01-24 23:51:00,4.0,UNEXPECTED_SHORT_GAP,UNEXPECTED
2022-01-24 23:51:00,2022-01-24 23:54:00,3.0,UNEXPECTED_SHORT_GAP,UNEXPECTED
2022-01-24 23:54:00,2022-01-24 23:57:00,3.0,UNEXPECTED_SHORT_GAP,UNEXPECTED
2022-01-24 23:57:00,2022-01-24 23:59:00,2.0,UNEXPECTED_SHORT_GAP,UNEXPECTED
2022-01-25 21:08:00,2022-01-25 21:11:00,3.0,UNEXPECTED_SHORT_GAP,UNEXPECTED
2022-01-25 21:37:00,2022-01-25 21:39:00,2.0,UNEXPECTED_SHORT_GAP,UNEXPECTED
2022-01-25 22:10:00,2022-01-25 22:12:00,2.0,UNEXPECTED_SHORT_GAP,UNEXPECTED
2022-01-25 22:13:00,2022-01-25 22:15:00,2.0,UNEXPECTED_SHORT_GAP,UNEXPECTED
2022-01-25 22:18:00,2022-01-25 22:22:00,4.0,UNEXPECTED_SHORT_GAP,UNEXPECTED
2022-01-25 22:23:00,2022-01-25 22:25:00,2.0,UNEXPECTED_SHORT_GAP,UNEXPECTED
2022-01-25 22:27:00,2022-01-25 22:30:00,3.0,UNEXPECTED_SHORT_GAP,UNEXPECTED
2022-01-25 22:32:00,2022-01-25 22:35:00,3.0,UNEXPECTED_SHORT_GAP,UNEXPECTED
2022-01-25 22:37:00,2022-01-25 22:39:00,2.0,UNEXPECTED_SHORT_GAP,UNEXPECTED
2022-01-25 22:39:00,2022-01-25 22:43:00,4.0,UNEXPECTED_SHORT_GAP,UNEXPECTED
2022-01-25 23:11:00,2022-01-25 23:13:00,2.0,UNEXPECTED_SHORT_GAP,UNEXPECTED
2022-01-25 23:21:00,2022-01-25 23:23:00,2.0,UNEXPECTED_SHORT_GAP,UNEXPECTED
2022-01-25 23:46:00,2022-01-25 23:49:00,3.0,UNEXPECTED_SHORT_GAP,UNEXPECTED
2022-01-25 23:55:00,2022-01-25 23:57:00,2.0,UNEXPECTED_SHORT_GAP,UNEXPECTED
2022-01-26 00:50:00,2022-01-26 00:52:00,2.0,UNEXPECTED_SHORT_GAP,UNEXPECTED
2022-01-26 02:49:00,2022-01-26 02:51:00,2.0,UNEXPECTED_SHORT_GAP,UNEXPECTED
2022-01-26 03:24:00,2022-01-26 03:26:00,2.0,UNEXPECTED_SHORT_GAP,UNEXPECTED
2022-01-26 04:00:00,2022-01-26 04:02:00,2.0,UNEXPECTED_SHORT_GAP,UNEXPECTED
2022-01-26 04:52:00,2022-01-26 04:54:00,2.0,UNEXPECTED_SHORT_GAP,UNEXPECTED
2022-01-26 22:00:00,2022-01-26 22:02:00,2.0,UNEXPECTED_SHORT_GAP,UNEXPECTED
2022-01-26 22:02:00,2022-01-26 22:05:00,3.0,UNEXPECTED_SHORT_GAP,UNEXPECTED
2022-01-26 22:12:00,2022-01-26 22:15:00,3.0,UNEXPECTED_SHORT_GAP,UNEXPECTED
2022-01-26 22:15:00,2022-01-26 22:17:00,2.0,UNEXPECTED_SHORT_GAP,UNEXPECTED
2022-01-26 22:22:00,2022-01-26 22:25:00,3.0,UNEXPECTED_SHORT_GAP,UNEXPECTED
2022-01-26 22:26:00,2022-01-26 22:29:00,3.0,UNEXPECTED_SHORT_GAP,UNEXPECTED
2022-01-26 22:30:00,2022-01-26 22:32:00,2.0,UNEXPECTED_SHORT_GAP,UNEXPECTED
2022-01-26 22:41:00,2022-01-26 22:43:00,2.0,UNEXPECTED_SHORT_GAP,UNEXPECTED
2022-01-26 22:47:00,2022-01-26 22:50:00,3.0,UNEXPECTED_SHORT_GAP,UNEXPECTED
2022-01-26 23:23:00,2022-01-26 23:26:00,3.0,UNEXPECTED_SHORT_GAP,UNEXPECTED
2022-01-26 23:30:00,2022-01-26 23:32:00,2.0,UNEXPECTED_SHORT_GAP,UNEXPECTED
2022-01-26 23:33:00,2022-01-26 23:36:00,3.0,UNEXPECTED_SHORT_GAP,UNEXPECTED
2022-01-26 23:48:00,2022-01-26 23:51:00,3.0,UNEXPECTED_SHORT_GAP,UNEXPECTED
2022-01-26 23:51:00,2022-01-26 23:55:00,4.0,UNEXPECTED_SHORT_GAP,UNEXPECTED
2022-01-26 23:58:00,2022-01-27 00:00:00,2.0,EXPECTED_DAILY_ROLLOVER,EXPECTED
2022-01-27 21:20:00,2022-01-27 21:22:00,2.0,UNEXPECTED_SHORT_GAP,UNEXPECTED
2022-01-27 21:26:00,2022-01-27 21:28:00,2.0,UNEXPECTED_SHORT_GAP,UNEXPECTED
2022-01-27 21:35:00,2022-01-27 21:37:00,2.0,UNEXPECTED_SHORT_GAP,UNEXPECTED
2022-01-27 22:00:00,2022-01-27 22:02:00,2.0,UNEXPECTED_SHORT_GAP,UNEXPECTED
2022-01-27 22:03:00,2022-01-27 22:05:00,2.0,UNEXPECTED_SHORT_GAP,UNEXPECTED
2022-01-27 22:11:00,2022-01-27 22:13:00,2.0,UNEXPECTED_SHORT_GAP,UNEXPECTED
2022-01-27 22:23:00,2022-01-27 22:26:00,3.0,UNEXPECTED_SHORT_GAP,UNEXPECTED
2022-01-27 22:26:00,2022-01-27 22:29:00,3.0,UNEXPECTED_SHORT_GAP,UNEXPECTED
2022-01-27 22:55:00,2022-01-27 22:57:00,2.0,UNEXPECTED_SHORT_GAP,UNEXPECTED
2022-01-27 23:57:00,2022-01-27 23:59:00,2.0,UNEXPECTED_SHORT_GAP,UNEXPECTED
2022-01-28 00:22:00,2022-01-28 00:24:00,2.0,UNEXPECTED_SHORT_GAP,UNEXPECTED
2022-01-28 21:07:00,2022-01-28 21:09:00,2.0,UNEXPECTED_SHORT_GAP,UNEXPECTED
2022-01-28 21:27:00,2022-01-28 21:29:00,2.0,UNEXPECTED_SHORT_GAP,UNEXPECTED
2022-01-28 21:31:00,2022-01-28 21:34:00,3.0,UNEXPECTED_SHORT_GAP,UNEXPECTED
2022-01-28 21:58:00,2022-01-30 22:09:00,2891.0,EXPECTED_WEEKEND_CLOSURE,EXPECTED
2022-01-30 22:09:00,2022-01-30 22:15:00,6.0,EXPECTED_WEEKEND_CLOSURE,EXPECTED
2022-01-30 22:16:00,2022-01-30 22:18:00,2.0,EXPECTED_WEEKEND_CLOSURE,EXPECTED
2022-01-30 22:22:00,2022-01-30 22:27:00,5.0,EXPECTED_WEEKEND_CLOSURE,EXPECTED
2022-01-30 22:28:00,2022-01-30 22:30:00,2.0,EXPECTED_WEEKEND_CLOSURE,EXPECTED
2022-01-30 22:34:00,2022-01-30 22:36:00,2.0,EXPECTED_WEEKEND_CLOSURE,EXPECTED
2022-01-30 22:36:00,2022-01-30 22:38:00,2.0,EXPECTED_WEEKEND_CLOSURE,EXPECTED
2022-01-30 23:36:00,2022-01-30 23:38:00,2.0,EXPECTED_WEEKEND_CLOSURE,EXPECTED
2022-01-31 00:11:00,2022-01-31 00:13:00,2.0,UNEXPECTED_SHORT_GAP,UNEXPECTED
2022-01-31 00:41:00,2022-01-31 00:43:00,2.0,UNEXPECTED_SHORT_GAP,UNEXPECTED
2022-01-31 00:44:00,2022-01-31 00:46:00,2.0,UNEXPECTED_SHORT_GAP,UNEXPECTED
2022-01-31 04:48:00,2022-01-31 04:50:00,2.0,UNEXPECTED_SHORT_GAP,UNEXPECTED
2022-01-31 05:12:00,2022-01-31 05:14:00,2.0,UNEXPECTED_SHORT_GAP,UNEXPECTED
2022-01-31 19:27:00,2022-01-31 19:29:00,2.0,UNEXPECTED_SHORT_GAP,UNEXPECTED
2022-01-31 21:06:00,2022-01-31 21:08:00,2.0,UNEXPECTED_SHORT_GAP,UNEXPECTED
2022-01-31 21:17:00,2022-01-31 21:19:00,2.0,UNEXPECTED_SHORT_GAP,UNEXPECTED
2022-01-31 21:27:00,2022-01-31 21:29:00,2.0,UNEXPECTED_SHORT_GAP,UNEXPECTED
2022-01-31 21:29:00,2022-01-31 21:31:00,2.0,UNEXPECTED_SHORT_GAP,UNEXPECTED
2022-01-31 21:33:00,2022-01-31 21:35:00,2.0,UNEXPECTED_SHORT_GAP,UNEXPECTED
2022-01-31 21:46:00,2022-01-31 21:48:00,2.0,UNEXPECTED_SHORT_GAP,UNEXPECTED
2022-01-31 22:01:00,2022-01-31 22:03:00,2.0,UNEXPECTED_SHORT_GAP,UNEXPECTED
2022-01-31 22:23:00,2022-01-31 22:26:00,3.0,UNEXPECTED_SHORT_GAP,UNEXPECTED
2022-01-31 22:32:00,2022-01-31 22:34:00,2.0,UNEXPECTED_SHORT_GAP,UNEXPECTED
2022-01-31 22:41:00,2022-01-31 22:43:00,2.0,UNEXPECTED_SHORT_GAP,UNEXPECTED
2022-01-31 23:20:00,2022-01-31 23:22:00,2.0,UNEXPECTED_SHORT_GAP,UNEXPECTED
2022-01-31 23:23:00,2022-01-31 23:25:00,2.0,UNEXPECTED_SHORT_GAP,UNEXPECTED
2022-01-31 23:26:00,2022-01-31 23:29:00,3.0,UNEXPECTED_SHORT_GAP,UNEXPECTED
2022-01-31 23:47:00,2022-01-31 23:50:00,3.0,UNEXPECTED_SHORT_GAP,UNEXPECTED
2022-01-31 23:50:00,2022-01-31 23:52:00,2.0,UNEXPECTED_SHORT_GAP,UNEXPECTED
2022-01-31 23:55:00,2022-01-31 23:57:00,2.0,UNEXPECTED_SHORT_GAP,UNEXPECTED
2022-02-01 00:14:00,2022-02-01 00:17:00,3.0,UNEXPECTED_SHORT_GAP,UNEXPECTED
2022-02-01 00:24:00,2022-02-01 00:26:00,2.0,UNEXPECTED_SHORT_GAP,UNEXPECTED
2022-02-01 01:44:00,2022-02-01 01:46:00,2.0,UNEXPECTED_SHORT_GAP,UNEXPECTED
2022-02-01 02:57:00,2022-02-01 02:59:00,2.0,UNEXPECTED_SHORT_GAP,UNEXPECTED
2022-02-01 03:09:00,2022-02-01 03:11:00,2.0,UNEXPECTED_SHORT_GAP,UNEXPECTED
2022-02-01 04:58:00,2022-02-01 05:00:00,2.0,UNEXPECTED_SHORT_GAP,UNEXPECTED
2022-02-01 05:32:00,2022-02-01 05:34:00,2.0,UNEXPECTED_SHORT_GAP,UNEXPECTED
2022-02-01 05:43:00,2022-02-01 05:45:00,2.0,UNEXPECTED_SHORT_GAP,UNEXPECTED
2022-02-01 21:06:00,2022-02-01 21:08:00,2.0,UNEXPECTED_SHORT_GAP,UNEXPECTED
2022-02-01 21:11:00,2022-02-01 21:13:00,2.0,UNEXPECTED_SHORT_GAP,UNEXPECTED
2022-02-01 21:31:00,2022-02-01 21:33:00,2.0,UNEXPECTED_SHORT_GAP,UNEXPECTED
2022-02-01 21:34:00,2022-02-01 21:36:00,2.0,UNEXPECTED_SHORT_GAP,UNEXPECTED
2022-02-01 22:03:00,2022-02-01 22:05:00,2.0,UNEXPECTED_SHORT_GAP,UNEXPECTED
2022-02-01 22:07:00,2022-02-01 22:10:00,3.0,UNEXPECTED_SHORT_GAP,UNEXPECTED
2022-02-01 22:11:00,2022-02-01 22:16:00,5.0,UNEXPECTED_SHORT_GAP,UNEXPECTED
2022-02-01 22:16:00,2022-02-01 22:19:00,3.0,UNEXPECTED_SHORT_GAP,UNEXPECTED
2022-02-01 22:24:00,2022-02-01 22:26:00,2.0,UNEXPECTED_SHORT_GAP,UNEXPECTED
2022-02-01 22:47:00,2022-02-01 22:50:00,3.0,UNEXPECTED_SHORT_GAP,UNEXPECTED
2022-02-01 22:53:00,2022-02-01 22:56:00,3.0,UNEXPECTED_SHORT_GAP,UNEXPECTED
2022-02-01 22:56:00,2022-02-01 22:58:00,2.0,UNEXPECTED_SHORT_GAP,UNEXPECTED
2022-02-01 23:10:00,2022-02-01 23:12:00,2.0,UNEXPECTED_SHORT_GAP,UNEXPECTED
2022-02-01 23:16:00,2022-02-01 23:18:00,2.0,UNEXPECTED_SHORT_GAP,UNEXPECTED
2022-02-01 23:27:00,2022-02-01 23:29:00,2.0,UNEXPECTED_SHORT_GAP,UNEXPECTED
2022-02-01 23:35:00,2022-02-01 23:37:00,2.0,UNEXPECTED_SHORT_GAP,UNEXPECTED
2022-02-01 23:42:00,2022-02-01 23:44:00,2.0,UNEXPECTED_SHORT_GAP,UNEXPECTED
2022-02-01 23:57:00,2022-02-01 23:59:00,2.0,UNEXPECTED_SHORT_GAP,UNEXPECTED
2022-02-02 04:27:00,2022-02-02 04:29:00,2.0,UNEXPECTED_SHORT_GAP,UNEXPECTED
2022-02-02 05:51:00,2022-02-02 05:53:00,2.0,UNEXPECTED_SHORT_GAP,UNEXPECTED
2022-02-02 06:27:00,2022-02-02 06:29:00,2.0,UNEXPECTED_SHORT_GAP,UNEXPECTED
2022-02-02 11:28:00,2022-02-02 11:30:00,2.0,UNEXPECTED_SHORT_GAP,UNEXPECTED
2022-02-02 21:31:00,2022-02-02 21:34:00,3.0,UNEXPECTED_SHORT_GAP,UNEXPECTED
2022-02-02 21:40:00,2022-02-02 21:42:00,2.0,UNEXPECTED_SHORT_GAP,UNEXPECTED
2022-02-02 21:46:00,2022-02-02 21:48:00,2.0,UNEXPECTED_SHORT_GAP,UNEXPECTED
2022-02-02 22:03:00,2022-02-02 22:05:00,2.0,UNEXPECTED_SHORT_GAP,UNEXPECTED
2022-02-02 22:07:00,2022-02-02 22:10:00,3.0,UNEXPECTED_SHORT_GAP,UNEXPECTED
2022-02-02 22:10:00,2022-02-02 22:13:00,3.0,UNEXPECTED_SHORT_GAP,UNEXPECTED
2022-02-02 22:15:00,2022-02-02 22:17:00,2.0,UNEXPECTED_SHORT_GAP,UNEXPECTED
2022-02-02 22:18:00,2022-02-02 22:20:00,2.0,UNEXPECTED_SHORT_GAP,UNEXPECTED
2022-02-02 22:20:00,2022-02-02 22:23:00,3.0,UNEXPECTED_SHORT_GAP,UNEXPECTED
2022-02-02 22:36:00,2022-02-02 22:39:00,3.0,UNEXPECTED_SHORT_GAP,UNEXPECTED
2022-02-02 23:13:00,2022-02-02 23:15:00,2.0,UNEXPECTED_SHORT_GAP,UNEXPECTED
2022-02-02 23:16:00,2022-02-02 23:18:00,2.0,UNEXPECTED_SHORT_GAP,UNEXPECTED
2022-02-02 23:25:00,2022-02-02 23:28:00,3.0,UNEXPECTED_SHORT_GAP,UNEXPECTED
2022-02-02 23:28:00,2022-02-02 23:30:00,2.0,UNEXPECTED_SHORT_GAP,UNEXPECTED
2022-02-02 23:36:00,2022-02-02 23:40:00,4.0,UNEXPECTED_SHORT_GAP,UNEXPECTED
2022-02-02 23:42:00,2022-02-02 23:44:00,2.0,UNEXPECTED_SHORT_GAP,UNEXPECTED
2022-02-02 23:46:00,2022-02-02 23:48:00,2.0,UNEXPECTED_SHORT_GAP,UNEXPECTED
2022-02-02 23:48:00,2022-02-02 23:50:00,2.0,UNEXPECTED_SHORT_GAP,UNEXPECTED
2022-02-02 23:51:00,2022-02-02 23:53:00,2.0,UNEXPECTED_SHORT_GAP,UNEXPECTED
2022-02-02 23:53:00,2022-02-02 23:57:00,4.0,UNEXPECTED_SHORT_GAP,UNEXPECTED
2022-02-02 23:57:00,2022-02-02 23:59:00,2.0,UNEXPECTED_SHORT_GAP,UNEXPECTED
2022-02-03 00:18:00,2022-02-03 00:20:00,2.0,UNEXPECTED_SHORT_GAP,UNEXPECTED
2022-02-03 00:20:00,2022-02-03 00:22:00,2.0,UNEXPECTED_SHORT_GAP,UNEXPECTED
2022-02-03 00:27:00,2022-02-03 00:29:00,2.0,UNEXPECTED_SHORT_GAP,UNEXPECTED
2022-02-03 00:30:00,2022-02-03 00:32:00,2.0,UNEXPECTED_SHORT_GAP,UNEXPECTED
2022-02-03 02:13:00,2022-02-03 02:15:00,2.0,UNEXPECTED_SHORT_GAP,UNEXPECTED
2022-02-03 02:16:00,2022-02-03 02:18:00,2.0,UNEXPECTED_SHORT_GAP,UNEXPECTED
2022-02-03 02:20:00,2022-02-03 02:22:00,2.0,UNEXPECTED_SHORT_GAP,UNEXPECTED
2022-02-03 02:40:00,2022-02-03 02:42:00,2.0,UNEXPECTED_SHORT_GAP,UNEXPECTED
2022-02-03 02:44:00,2022-02-03 02:46:00,2.0,UNEXPECTED_SHORT_GAP,UNEXPECTED
2022-02-03 02:48:00,2022-02-03 02:50:00,2.0,UNEXPECTED_SHORT_GAP,UNEXPECTED
2022-02-03 03:19:00,2022-02-03 03:21:00,2.0,UNEXPECTED_SHORT_GAP,UNEXPECTED
2022-02-03 03:44:00,2022-02-03 03:46:00,2.0,UNEXPECTED_SHORT_GAP,UNEXPECTED
2022-02-03 05:01:00,2022-02-03 05:03:00,2.0,UNEXPECTED_SHORT_GAP,UNEXPECTED
2022-02-03 07:42:00,2022-02-03 07:44:00,2.0,UNEXPECTED_SHORT_GAP,UNEXPECTED
2022-02-03 10:06:00,2022-02-03 10:08:00,2.0,UNEXPECTED_SHORT_GAP,UNEXPECTED
2022-02-03 21:37:00,2022-02-03 21:39:00,2.0,UNEXPECTED_SHORT_GAP,UNEXPECTED
2022-02-03 21:44:00,2022-02-03 21:46:00,2.0,UNEXPECTED_SHORT_GAP,UNEXPECTED
2022-02-03 22:16:00,2022-02-03 22:18:00,2.0,UNEXPECTED_SHORT_GAP,UNEXPECTED
2022-02-03 22:35:00,2022-02-03 22:38:00,3.0,UNEXPECTED_SHORT_GAP,UNEXPECTED
2022-02-03 22:39:00,2022-02-03 22:41:00,2.0,UNEXPECTED_SHORT_GAP,UNEXPECTED
2022-02-03 22:42:00,2022-02-03 22:45:00,3.0,UNEXPECTED_SHORT_GAP,UNEXPECTED
2022-02-03 23:03:00,2022-02-03 23:05:00,2.0,UNEXPECTED_SHORT_GAP,UNEXPECTED
2022-02-03 23:12:00,2022-02-03 23:14:00,2.0,UNEXPECTED_SHORT_GAP,UNEXPECTED
2022-02-03 23:18:00,2022-02-03 23:20:00,2.0,UNEXPECTED_SHORT_GAP,UNEXPECTED
2022-02-03 23:24:00,2022-02-03 23:27:00,3.0,UNEXPECTED_SHORT_GAP,UNEXPECTED
2022-02-03 23:34:00,2022-02-03 23:36:00,2.0,UNEXPECTED_SHORT_GAP,UNEXPECTED
2022-02-03 23:37:00,2022-02-03 23:39:00,2.0,UNEXPECTED_SHORT_GAP,UNEXPECTED
2022-02-03 23:39:00,2022-02-03 23:41:00,2.0,UNEXPECTED_SHORT_GAP,UNEXPECTED
2022-02-03 23:50:00,2022-02-03 23:52:00,2.0,UNEXPECTED_SHORT_GAP,UNEXPECTED
2022-02-04 00:12:00,2022-02-04 00:14:00,2.0,UNEXPECTED_SHORT_GAP,UNEXPECTED
2022-02-04 00:17:00,2022-02-04 00:19:00,2.0,UNEXPECTED_SHORT_GAP,UNEXPECTED
2022-02-04 00:28:00,2022-02-04 00:30:00,2.0,UNEXPECTED_SHORT_GAP,UNEXPECTED
2022-02-04 00:35:00,2022-02-04 00:37:00,2.0,UNEXPECTED_SHORT_GAP,UNEXPECTED
2022-02-04 04:07:00,2022-02-04 04:10:00,3.0,UNEXPECTED_SHORT_GAP,UNEXPECTED
2022-02-04 21:08:00,2022-02-04 21:11:00,3.0,UNEXPECTED_SHORT_GAP,UNEXPECTED
2022-02-04 21:20:00,2022-02-04 21:23:00,3.0,UNEXPECTED_SHORT_GAP,UNEXPECTED
2022-02-04 21:33:00,2022-02-04 21:35:00,2.0,UNEXPECTED_SHORT_GAP,UNEXPECTED
2022-02-04 21:35:00,2022-02-04 21:37:00,2.0,UNEXPECTED_SHORT_GAP,UNEXPECTED
2022-02-04 21:38:00,2022-02-04 21:40:00,2.0,UNEXPECTED_SHORT_GAP,UNEXPECTED
2022-02-04 21:41:00,2022-02-04 21:43:00,2.0,UNEXPECTED_SHORT_GAP,UNEXPECTED
2022-02-04 21:58:00,2022-02-06 22:06:00,2888.0,EXPECTED_WEEKEND_CLOSURE,EXPECTED
2022-02-06 22:07:00,2022-02-06 22:09:00,2.0,EXPECTED_WEEKEND_CLOSURE,EXPECTED
2022-02-06 22:18:00,2022-02-06 22:20:00,2.0,EXPECTED_WEEKEND_CLOSURE,EXPECTED
2022-02-06 22:20:00,2022-02-06 22:24:00,4.0,EXPECTED_WEEKEND_CLOSURE,EXPECTED
2022-02-06 22:24:00,2022-02-06 22:28:00,4.0,EXPECTED_WEEKEND_CLOSURE,EXPECTED
2022-02-06 22:36:00,2022-02-06 22:38:00,2.0,EXPECTED_WEEKEND_CLOSURE,EXPECTED
2022-02-06 22:40:00,2022-02-06 22:45:00,5.0,EXPECTED_WEEKEND_CLOSURE,EXPECTED
2022-02-06 23:18:00,2022-02-06 23:20:00,2.0,EXPECTED_WEEKEND_CLOSURE,EXPECTED
2022-02-06 23:28:00,2022-02-06 23:30:00,2.0,EXPECTED_WEEKEND_CLOSURE,EXPECTED
2022-02-06 23:35:00,2022-02-06 23:37:00,2.0,EXPECTED_WEEKEND_CLOSURE,EXPECTED
2022-02-07 00:32:00,2022-02-07 00:34:00,2.0,UNEXPECTED_SHORT_GAP,UNEXPECTED
2022-02-07 00:56:00,2022-02-07 00:58:00,2.0,UNEXPECTED_SHORT_GAP,UNEXPECTED
2022-02-07 19:04:00,2022-02-07 19:06:00,2.0,UNEXPECTED_SHORT_GAP,UNEXPECTED
2022-02-07 19:53:00,2022-02-07 19:55:00,2.0,UNEXPECTED_SHORT_GAP,UNEXPECTED
2022-02-07 21:18:00,2022-02-07 21:20:00,2.0,UNEXPECTED_SHORT_GAP,UNEXPECTED
2022-02-07 21:32:00,2022-02-07 21:35:00,3.0,UNEXPECTED_SHORT_GAP,UNEXPECTED
2022-02-07 21:35:00,2022-02-07 21:37:00,2.0,UNEXPECTED_SHORT_GAP,UNEXPECTED
2022-02-07 21:37:00,2022-02-07 21:39:00,2.0,UNEXPECTED_SHORT_GAP,UNEXPECTED
2022-02-07 21:47:00,2022-02-07 21:49:00,2.0,UNEXPECTED_SHORT_GAP,UNEXPECTED
2022-02-07 21:52:00,2022-02-07 21:54:00,2.0,UNEXPECTED_SHORT_GAP,UNEXPECTED
2022-02-07 21:56:00,2022-02-07 21:58:00,2.0,UNEXPECTED_SHORT_GAP,UNEXPECTED
2022-02-07 22:01:00,2022-02-07 22:03:00,2.0,UNEXPECTED_SHORT_GAP,UNEXPECTED
2022-02-07 22:08:00,2022-02-07 22:10:00,2.0,UNEXPECTED_SHORT_GAP,UNEXPECTED
2022-02-07 22:14:00,2022-02-07 22:18:00,4.0,UNEXPECTED_SHORT_GAP,UNEXPECTED
2022-02-07 22:24:00,2022-02-07 22:26:00,2.0,UNEXPECTED_SHORT_GAP,UNEXPECTED
2022-02-07 22:35:00,2022-02-07 22:37:00,2.0,UNEXPECTED_SHORT_GAP,UNEXPECTED
2022-02-07 22:43:00,2022-02-07 22:45:00,2.0,UNEXPECTED_SHORT_GAP,UNEXPECTED
2022-02-07 22:51:00,2022-02-07 22:53:00,2.0,UNEXPECTED_SHORT_GAP,UNEXPECTED
2022-02-07 23:06:00,2022-02-07 23:08:00,2.0,UNEXPECTED_SHORT_GAP,UNEXPECTED
2022-02-07 23:08:00,2022-02-07 23:10:00,2.0,UNEXPECTED_SHORT_GAP,UNEXPECTED
2022-02-07 23:21:00,2022-02-07 23:23:00,2.0,UNEXPECTED_SHORT_GAP,UNEXPECTED
2022-02-07 23:24:00,2022-02-07 23:26:00,2.0,UNEXPECTED_SHORT_GAP,UNEXPECTED
2022-02-07 23:30:00,2022-02-07 23:33:00,3.0,UNEXPECTED_SHORT_GAP,UNEXPECTED
2022-02-07 23:40:00,2022-02-07 23:42:00,2.0,UNEXPECTED_SHORT_GAP,UNEXPECTED
2022-02-07 23:42:00,2022-02-07 23:44:00,2.0,UNEXPECTED_SHORT_GAP,UNEXPECTED
2022-02-07 23:44:00,2022-02-07 23:46:00,2.0,UNEXPECTED_SHORT_GAP,UNEXPECTED
2022-02-07 23:46:00,2022-02-07 23:49:00,3.0,UNEXPECTED_SHORT_GAP,UNEXPECTED
2022-02-07 23:52:00,2022-02-07 23:56:00,4.0,UNEXPECTED_SHORT_GAP,UNEXPECTED
2022-02-07 23:56:00,2022-02-08 00:00:00,4.0,EXPECTED_DAILY_ROLLOVER,EXPECTED
2022-02-08 00:15:00,2022-02-08 00:17:00,2.0,UNEXPECTED_SHORT_GAP,UNEXPECTED
2022-02-08 00:30:00,2022-02-08 00:32:00,2.0,UNEXPECTED_SHORT_GAP,UNEXPECTED
2022-02-08 00:45:00,2022-02-08 00:47:00,2.0,UNEXPECTED_SHORT_GAP,UNEXPECTED
2022-02-08 02:23:00,2022-02-08 02:25:00,2.0,UNEXPECTED_SHORT_GAP,UNEXPECTED
2022-02-08 02:48:00,2022-02-08 02:50:00,2.0,UNEXPECTED_SHORT_GAP,UNEXPECTED
2022-02-08 03:38:00,2022-02-08 03:40:00,2.0,UNEXPECTED_SHORT_GAP,UNEXPECTED
2022-02-08 03:41:00,2022-02-08 03:43:00,2.0,UNEXPECTED_SHORT_GAP,UNEXPECTED
2022-02-08 04:13:00,2022-02-08 04:15:00,2.0,UNEXPECTED_SHORT_GAP,UNEXPECTED
2022-02-08 18:38:00,2022-02-08 18:40:00,2.0,UNEXPECTED_SHORT_GAP,UNEXPECTED
2022-02-08 21:07:00,2022-02-08 21:10:00,3.0,UNEXPECTED_SHORT_GAP,UNEXPECTED
2022-02-08 21:20:00,2022-02-08 21:25:00,5.0,UNEXPECTED_SHORT_GAP,UNEXPECTED
2022-02-08 21:31:00,2022-02-08 21:33:00,2.0,UNEXPECTED_SHORT_GAP,UNEXPECTED
2022-02-08 21:51:00,2022-02-08 21:53:00,2.0,UNEXPECTED_SHORT_GAP,UNEXPECTED
2022-02-08 21:59:00,2022-02-08 22:02:00,3.0,UNEXPECTED_SHORT_GAP,UNEXPECTED
2022-02-08 22:02:00,2022-02-08 22:05:00,3.0,UNEXPECTED_SHORT_GAP,UNEXPECTED
2022-02-08 22:45:00,2022-02-08 22:49:00,4.0,UNEXPECTED_SHORT_GAP,UNEXPECTED
2022-02-08 22:53:00,2022-02-08 22:55:00,2.0,UNEXPECTED_SHORT_GAP,UNEXPECTED
2022-02-08 22:57:00,2022-02-08 22:59:00,2.0,UNEXPECTED_SHORT_GAP,UNEXPECTED
2022-02-08 23:12:00,2022-02-08 23:14:00,2.0,UNEXPECTED_SHORT_GAP,UNEXPECTED
2022-02-08 23:16:00,2022-02-08 23:18:00,2.0,UNEXPECTED_SHORT_GAP,UNEXPECTED
2022-02-08 23:18:00,2022-02-08 23:20:00,2.0,UNEXPECTED_SHORT_GAP,UNEXPECTED
2022-02-08 23:21:00,2022-02-08 23:23:00,2.0,UNEXPECTED_SHORT_GAP,UNEXPECTED
2022-02-08 23:24:00,2022-02-08 23:27:00,3.0,UNEXPECTED_SHORT_GAP,UNEXPECTED
2022-02-08 23:33:00,2022-02-08 23:36:00,3.0,UNEXPECTED_SHORT_GAP,UNEXPECTED
2022-02-08 23:38:00,2022-02-08 23:40:00,2.0,UNEXPECTED_SHORT_GAP,UNEXPECTED
2022-02-08 23:45:00,2022-02-09 01:22:00,97.0,UNEXPECTED_LONG_GAP,UNEXPECTED
2022-02-09 03:23:00,2022-02-09 03:26:00,3.0,UNEXPECTED_SHORT_GAP,UNEXPECTED
2022-02-09 03:33:00,2022-02-09 03:35:00,2.0,UNEXPECTED_SHORT_GAP,UNEXPECTED
2022-02-09 03:47:00,2022-02-09 03:49:00,2.0,UNEXPECTED_SHORT_GAP,UNEXPECTED
2022-02-09 04:17:00,2022-02-09 04:19:00,2.0,UNEXPECTED_SHORT_GAP,UNEXPECTED
2022-02-09 05:33:00,2022-02-09 05:35:00,2.0,UNEXPECTED_SHORT_GAP,UNEXPECTED
2022-02-09 05:42:00,2022-02-09 05:44:00,2.0,UNEXPECTED_SHORT_GAP,UNEXPECTED
2022-02-09 18:53:00,2022-02-09 18:56:00,3.0,UNEXPECTED_SHORT_GAP,UNEXPECTED
2022-02-09 21:17:00,2022-02-09 21:20:00,3.0,UNEXPECTED_SHORT_GAP,UNEXPECTED
2022-02-09 21:29:00,2022-02-09 21:31:00,2.0,UNEXPECTED_SHORT_GAP,UNEXPECTED
2022-02-09 21:39:00,2022-02-09 21:41:00,2.0,UNEXPECTED_SHORT_GAP,UNEXPECTED
2022-02-09 21:43:00,2022-02-09 21:45:00,2.0,UNEXPECTED_SHORT_GAP,UNEXPECTED
2022-02-09 22:00:00,2022-02-09 22:02:00,2.0,UNEXPECTED_SHORT_GAP,UNEXPECTED
2022-02-09 22:10:00,2022-02-09 22:12:00,2.0,UNEXPECTED_SHORT_GAP,UNEXPECTED
2022-02-09 22:20:00,2022-02-09 22:24:00,4.0,UNEXPECTED_SHORT_GAP,UNEXPECTED
2022-02-09 22:25:00,2022-02-09 22:30:00,5.0,UNEXPECTED_SHORT_GAP,UNEXPECTED
2022-02-09 22:32:00,2022-02-09 22:34:00,2.0,UNEXPECTED_SHORT_GAP,UNEXPECTED
2022-02-09 22:34:00,2022-02-09 22:37:00,3.0,UNEXPECTED_SHORT_GAP,UNEXPECTED
2022-02-09 22:40:00,2022-02-09 22:42:00,2.0,UNEXPECTED_SHORT_GAP,UNEXPECTED
2022-02-09 22:51:00,2022-02-09 22:55:00,4.0,UNEXPECTED_SHORT_GAP,UNEXPECTED
2022-02-09 22:55:00,2022-02-09 22:57:00,2.0,UNEXPECTED_SHORT_GAP,UNEXPECTED
2022-02-09 22:58:00,2022-02-09 23:00:00,2.0,UNEXPECTED_SHORT_GAP,UNEXPECTED
2022-02-09 23:04:00,2022-02-09 23:06:00,2.0,UNEXPECTED_SHORT_GAP,UNEXPECTED
2022-02-09 23:18:00,2022-02-09 23:20:00,2.0,UNEXPECTED_SHORT_GAP,UNEXPECTED
2022-02-09 23:20:00,2022-02-09 23:23:00,3.0,UNEXPECTED_SHORT_GAP,UNEXPECTED
2022-02-09 23:34:00,2022-02-09 23:36:00,2.0,UNEXPECTED_SHORT_GAP,UNEXPECTED
2022-02-09 23:36:00,2022-02-09 23:38:00,2.0,UNEXPECTED_SHORT_GAP,UNEXPECTED
2022-02-09 23:45:00,2022-02-09 23:47:00,2.0,UNEXPECTED_SHORT_GAP,UNEXPECTED
2022-02-09 23:47:00,2022-02-09 23:50:00,3.0,UNEXPECTED_SHORT_GAP,UNEXPECTED
2022-02-09 23:50:00,2022-02-09 23:53:00,3.0,UNEXPECTED_SHORT_GAP,UNEXPECTED
2022-02-09 23:54:00,2022-02-09 23:56:00,2.0,UNEXPECTED_SHORT_GAP,UNEXPECTED
2022-02-10 00:05:00,2022-02-10 00:07:00,2.0,UNEXPECTED_SHORT_GAP,UNEXPECTED
2022-02-10 00:18:00,2022-02-10 00:20:00,2.0,UNEXPECTED_SHORT_GAP,UNEXPECTED
2022-02-10 00:23:00,2022-02-10 00:25:00,2.0,UNEXPECTED_SHORT_GAP,UNEXPECTED
2022-02-10 02:47:00,2022-02-10 02:50:00,3.0,UNEXPECTED_SHORT_GAP,UNEXPECTED
2022-02-10 03:43:00,2022-02-10 03:45:00,2.0,UNEXPECTED_SHORT_GAP,UNEXPECTED
2022-02-10 05:09:00,2022-02-10 05:11:00,2.0,UNEXPECTED_SHORT_GAP,UNEXPECTED
2022-02-10 05:42:00,2022-02-10 05:44:00,2.0,UNEXPECTED_SHORT_GAP,UNEXPECTED
2022-02-10 08:24:00,2022-02-10 08:26:00,2.0,UNEXPECTED_SHORT_GAP,UNEXPECTED
2022-02-10 10:30:00,2022-02-10 10:32:00,2.0,UNEXPECTED_SHORT_GAP,UNEXPECTED
2022-02-10 22:02:00,2022-02-10 22:04:00,2.0,UNEXPECTED_SHORT_GAP,UNEXPECTED
2022-02-10 22:16:00,2022-02-10 22:18:00,2.0,UNEXPECTED_SHORT_GAP,UNEXPECTED
2022-02-10 22:18:00,2022-02-10 22:22:00,4.0,UNEXPECTED_SHORT_GAP,UNEXPECTED
2022-02-10 22:22:00,2022-02-10 22:26:00,4.0,UNEXPECTED_SHORT_GAP,UNEXPECTED
2022-02-10 22:27:00,2022-02-10 22:29:00,2.0,UNEXPECTED_SHORT_GAP,UNEXPECTED
2022-02-10 22:30:00,2022-02-10 22:32:00,2.0,UNEXPECTED_SHORT_GAP,UNEXPECTED
2022-02-10 23:40:00,2022-02-10 23:42:00,2.0,UNEXPECTED_SHORT_GAP,UNEXPECTED
2022-02-11 03:37:00,2022-02-11 03:40:00,3.0,UNEXPECTED_SHORT_GAP,UNEXPECTED
2022-02-11 21:29:00,2022-02-11 21:31:00,2.0,UNEXPECTED_SHORT_GAP,UNEXPECTED
2022-02-11 21:58:00,2022-02-13 22:08:00,2890.0,EXPECTED_WEEKEND_CLOSURE,EXPECTED
2022-02-13 22:08:00,2022-02-13 22:10:00,2.0,EXPECTED_WEEKEND_CLOSURE,EXPECTED
2022-02-13 22:12:00,2022-02-13 22:14:00,2.0,EXPECTED_WEEKEND_CLOSURE,EXPECTED
2022-02-13 22:27:00,2022-02-13 22:30:00,3.0,EXPECTED_WEEKEND_CLOSURE,EXPECTED
2022-02-14 05:49:00,2022-02-14 05:51:00,2.0,UNEXPECTED_SHORT_GAP,UNEXPECTED
2022-02-14 21:17:00,2022-02-14 21:19:00,2.0,UNEXPECTED_SHORT_GAP,UNEXPECTED
2022-02-14 21:25:00,2022-02-14 21:27:00,2.0,UNEXPECTED_SHORT_GAP,UNEXPECTED
2022-02-14 21:37:00,2022-02-14 21:39:00,2.0,UNEXPECTED_SHORT_GAP,UNEXPECTED
2022-02-14 21:50:00,2022-02-14 21:52:00,2.0,UNEXPECTED_SHORT_GAP,UNEXPECTED
2022-02-14 21:59:00,2022-02-14 22:01:00,2.0,UNEXPECTED_SHORT_GAP,UNEXPECTED
2022-02-14 22:02:00,2022-02-14 22:04:00,2.0,UNEXPECTED_SHORT_GAP,UNEXPECTED
2022-02-14 22:06:00,2022-02-14 22:09:00,3.0,UNEXPECTED_SHORT_GAP,UNEXPECTED
2022-02-14 22:11:00,2022-02-14 22:13:00,2.0,UNEXPECTED_SHORT_GAP,UNEXPECTED
2022-02-14 22:14:00,2022-02-14 22:17:00,3.0,UNEXPECTED_SHORT_GAP,UNEXPECTED
2022-02-14 22:18:00,2022-02-14 22:20:00,2.0,UNEXPECTED_SHORT_GAP,UNEXPECTED
2022-02-14 22:23:00,2022-02-14 22:25:00,2.0,UNEXPECTED_SHORT_GAP,UNEXPECTED
2022-02-14 23:03:00,2022-02-14 23:05:00,2.0,UNEXPECTED_SHORT_GAP,UNEXPECTED
2022-02-14 23:11:00,2022-02-14 23:13:00,2.0,UNEXPECTED_SHORT_GAP,UNEXPECTED
2022-02-14 23:16:00,2022-02-14 23:18:00,2.0,UNEXPECTED_SHORT_GAP,UNEXPECTED
2022-02-14 23:35:00,2022-02-14 23:37:00,2.0,UNEXPECTED_SHORT_GAP,UNEXPECTED
2022-02-14 23:40:00,2022-02-14 23:42:00,2.0,UNEXPECTED_SHORT_GAP,UNEXPECTED
2022-02-14 23:42:00,2022-02-14 23:44:00,2.0,UNEXPECTED_SHORT_GAP,UNEXPECTED
2022-02-14 23:45:00,2022-02-14 23:48:00,3.0,UNEXPECTED_SHORT_GAP,UNEXPECTED
2022-02-14 23:51:00,2022-02-14 23:53:00,2.0,UNEXPECTED_SHORT_GAP,UNEXPECTED
2022-02-15 21:22:00,2022-02-15 21:24:00,2.0,UNEXPECTED_SHORT_GAP,UNEXPECTED
2022-02-15 21:54:00,2022-02-15 21:56:00,2.0,UNEXPECTED_SHORT_GAP,UNEXPECTED
2022-02-15 21:56:00,2022-02-15 21:58:00,2.0,UNEXPECTED_SHORT_GAP,UNEXPECTED
2022-02-15 22:02:00,2022-02-15 22:04:00,2.0,UNEXPECTED_SHORT_GAP,UNEXPECTED
2022-02-15 22:30:00,2022-02-15 22:33:00,3.0,UNEXPECTED_SHORT_GAP,UNEXPECTED
2022-02-15 22:35:00,2022-02-15 22:37:00,2.0,UNEXPECTED_SHORT_GAP,UNEXPECTED
2022-02-15 22:49:00,2022-02-15 22:51:00,2.0,UNEXPECTED_SHORT_GAP,UNEXPECTED
2022-02-15 22:52:00,2022-02-15 22:57:00,5.0,UNEXPECTED_SHORT_GAP,UNEXPECTED
2022-02-15 23:10:00,2022-02-15 23:12:00,2.0,UNEXPECTED_SHORT_GAP,UNEXPECTED
2022-02-15 23:17:00,2022-02-15 23:19:00,2.0,UNEXPECTED_SHORT_GAP,UNEXPECTED
2022-02-15 23:38:00,2022-02-15 23:40:00,2.0,UNEXPECTED_SHORT_GAP,UNEXPECTED
2022-02-15 23:44:00,2022-02-15 23:46:00,2.0,UNEXPECTED_SHORT_GAP,UNEXPECTED
2022-02-15 23:47:00,2022-02-15 23:49:00,2.0,UNEXPECTED_SHORT_GAP,UNEXPECTED
2022-02-15 23:50:00,2022-02-15 23:53:00,3.0,UNEXPECTED_SHORT_GAP,UNEXPECTED
2022-02-15 23:55:00,2022-02-15 23:57:00,2.0,UNEXPECTED_SHORT_GAP,UNEXPECTED
2022-02-16 00:21:00,2022-02-16 00:23:00,2.0,UNEXPECTED_SHORT_GAP,UNEXPECTED
2022-02-16 00:24:00,2022-02-16 00:26:00,2.0,UNEXPECTED_SHORT_GAP,UNEXPECTED
2022-02-16 00:46:00,2022-02-16 00:48:00,2.0,UNEXPECTED_SHORT_GAP,UNEXPECTED
2022-02-16 03:47:00,2022-02-16 03:49:00,2.0,UNEXPECTED_SHORT_GAP,UNEXPECTED
2022-02-16 04:04:00,2022-02-16 04:06:00,2.0,UNEXPECTED_SHORT_GAP,UNEXPECTED
2022-02-16 04:22:00,2022-02-16 04:24:00,2.0,UNEXPECTED_SHORT_GAP,UNEXPECTED
2022-02-16 04:47:00,2022-02-16 04:49:00,2.0,UNEXPECTED_SHORT_GAP,UNEXPECTED
2022-02-16 05:53:00,2022-02-16 05:55:00,2.0,UNEXPECTED_SHORT_GAP,UNEXPECTED
2022-02-16 21:09:00,2022-02-16 21:11:00,2.0,UNEXPECTED_SHORT_GAP,UNEXPECTED
2022-02-16 22:01:00,2022-02-16 22:03:00,2.0,UNEXPECTED_SHORT_GAP,UNEXPECTED
2022-02-16 22:06:00,2022-02-16 22:10:00,4.0,UNEXPECTED_SHORT_GAP,UNEXPECTED
2022-02-16 22:10:00,2022-02-16 22:12:00,2.0,UNEXPECTED_SHORT_GAP,UNEXPECTED
2022-02-16 22:12:00,2022-02-16 22:14:00,2.0,UNEXPECTED_SHORT_GAP,UNEXPECTED
2022-02-16 22:16:00,2022-02-16 22:19:00,3.0,UNEXPECTED_SHORT_GAP,UNEXPECTED
2022-02-16 22:20:00,2022-02-16 22:22:00,2.0,UNEXPECTED_SHORT_GAP,UNEXPECTED
2022-02-16 22:23:00,2022-02-16 22:26:00,3.0,UNEXPECTED_SHORT_GAP,UNEXPECTED
2022-02-16 22:28:00,2022-02-16 22:30:00,2.0,UNEXPECTED_SHORT_GAP,UNEXPECTED
2022-02-16 22:52:00,2022-02-16 22:54:00,2.0,UNEXPECTED_SHORT_GAP,UNEXPECTED
2022-02-16 23:20:00,2022-02-16 23:22:00,2.0,UNEXPECTED_SHORT_GAP,UNEXPECTED
2022-02-17 21:16:00,2022-02-17 21:19:00,3.0,UNEXPECTED_SHORT_GAP,UNEXPECTED
2022-02-17 22:00:00,2022-02-17 22:02:00,2.0,UNEXPECTED_SHORT_GAP,UNEXPECTED
2022-02-17 22:03:00,2022-02-17 22:05:00,2.0,UNEXPECTED_SHORT_GAP,UNEXPECTED
2022-02-17 23:02:00,2022-02-17 23:04:00,2.0,UNEXPECTED_SHORT_GAP,UNEXPECTED
2022-02-17 23:41:00,2022-02-17 23:43:00,2.0,UNEXPECTED_SHORT_GAP,UNEXPECTED
2022-02-17 23:44:00,2022-02-17 23:46:00,2.0,UNEXPECTED_SHORT_GAP,UNEXPECTED
2022-02-17 23:51:00,2022-02-17 23:53:00,2.0,UNEXPECTED_SHORT_GAP,UNEXPECTED
2022-02-18 00:40:00,2022-02-18 00:42:00,2.0,UNEXPECTED_SHORT_GAP,UNEXPECTED
2022-02-18 02:41:00,2022-02-18 02:43:00,2.0,UNEXPECTED_SHORT_GAP,UNEXPECTED
2022-02-18 04:16:00,2022-02-18 04:18:00,2.0,UNEXPECTED_SHORT_GAP,UNEXPECTED
2022-02-18 05:04:00,2022-02-18 05:06:00,2.0,UNEXPECTED_SHORT_GAP,UNEXPECTED
2022-02-18 05:33:00,2022-02-18 05:35:00,2.0,UNEXPECTED_SHORT_GAP,UNEXPECTED
2022-02-18 05:54:00,2022-02-18 05:56:00,2.0,UNEXPECTED_SHORT_GAP,UNEXPECTED
2022-02-18 21:58:00,2022-02-20 22:10:00,2892.0,EXPECTED_WEEKEND_CLOSURE,EXPECTED
2022-02-20 22:11:00,2022-02-20 22:13:00,2.0,EXPECTED_WEEKEND_CLOSURE,EXPECTED
2022-02-20 22:13:00,2022-02-20 22:15:00,2.0,EXPECTED_WEEKEND_CLOSURE,EXPECTED
2022-02-20 22:24:00,2022-02-20 22:28:00,4.0,EXPECTED_WEEKEND_CLOSURE,EXPECTED
2022-02-20 22:30:00,2022-02-20 22:32:00,2.0,EXPECTED_WEEKEND_CLOSURE,EXPECTED
2022-02-20 22:32:00,2022-02-20 22:34:00,2.0,EXPECTED_WEEKEND_CLOSURE,EXPECTED
2022-02-20 22:35:00,2022-02-20 22:37:00,2.0,EXPECTED_WEEKEND_CLOSURE,EXPECTED
2022-02-20 22:51:00,2022-02-20 22:54:00,3.0,EXPECTED_WEEKEND_CLOSURE,EXPECTED
2022-02-20 23:46:00,2022-02-20 23:48:00,2.0,EXPECTED_WEEKEND_CLOSURE,EXPECTED
2022-02-20 23:50:00,2022-02-20 23:52:00,2.0,EXPECTED_WEEKEND_CLOSURE,EXPECTED
2022-02-21 04:03:00,2022-02-21 04:05:00,2.0,UNEXPECTED_SHORT_GAP,UNEXPECTED
2022-02-21 04:18:00,2022-02-21 04:20:00,2.0,UNEXPECTED_SHORT_GAP,UNEXPECTED
2022-02-21 18:22:00,2022-02-21 18:25:00,3.0,UNEXPECTED_SHORT_GAP,UNEXPECTED
2022-02-21 18:40:00,2022-02-21 18:42:00,2.0,UNEXPECTED_SHORT_GAP,UNEXPECTED
2022-02-21 20:07:00,2022-02-21 20:09:00,2.0,UNEXPECTED_SHORT_GAP,UNEXPECTED
2022-02-21 20:17:00,2022-02-21 20:20:00,3.0,UNEXPECTED_SHORT_GAP,UNEXPECTED
2022-02-21 20:20:00,2022-02-21 20:23:00,3.0,UNEXPECTED_SHORT_GAP,UNEXPECTED
2022-02-21 20:24:00,2022-02-21 20:28:00,4.0,UNEXPECTED_SHORT_GAP,UNEXPECTED
2022-02-21 20:32:00,2022-02-21 20:35:00,3.0,UNEXPECTED_SHORT_GAP,UNEXPECTED
2022-02-21 20:35:00,2022-02-21 20:37:00,2.0,UNEXPECTED_SHORT_GAP,UNEXPECTED
2022-02-21 20:50:00,2022-02-21 20:52:00,2.0,UNEXPECTED_SHORT_GAP,UNEXPECTED
2022-02-21 21:00:00,2022-02-21 21:02:00,2.0,UNEXPECTED_SHORT_GAP,UNEXPECTED
2022-02-21 21:17:00,2022-02-21 21:20:00,3.0,UNEXPECTED_SHORT_GAP,UNEXPECTED
2022-02-21 21:20:00,2022-02-21 21:25:00,5.0,UNEXPECTED_SHORT_GAP,UNEXPECTED
2022-02-21 21:35:00,2022-02-21 21:37:00,2.0,UNEXPECTED_SHORT_GAP,UNEXPECTED
2022-02-21 21:39:00,2022-02-21 21:41:00,2.0,UNEXPECTED_SHORT_GAP,UNEXPECTED
2022-02-21 21:42:00,2022-02-21 21:44:00,2.0,UNEXPECTED_SHORT_GAP,UNEXPECTED
2022-02-21 21:50:00,2022-02-21 21:52:00,2.0,UNEXPECTED_SHORT_GAP,UNEXPECTED
2022-02-21 22:00:00,2022-02-21 22:02:00,2.0,UNEXPECTED_SHORT_GAP,UNEXPECTED
2022-02-21 22:03:00,2022-02-21 22:05:00,2.0,UNEXPECTED_SHORT_GAP,UNEXPECTED
2022-02-21 22:07:00,2022-02-21 22:09:00,2.0,UNEXPECTED_SHORT_GAP,UNEXPECTED
2022-02-21 22:20:00,2022-02-21 22:22:00,2.0,UNEXPECTED_SHORT_GAP,UNEXPECTED
2022-02-21 22:32:00,2022-02-21 22:34:00,2.0,UNEXPECTED_SHORT_GAP,UNEXPECTED
2022-02-21 22:34:00,2022-02-21 22:36:00,2.0,UNEXPECTED_SHORT_GAP,UNEXPECTED
2022-02-21 22:47:00,2022-02-21 22:49:00,2.0,UNEXPECTED_SHORT_GAP,UNEXPECTED
2022-02-21 22:52:00,2022-02-21 22:54:00,2.0,UNEXPECTED_SHORT_GAP,UNEXPECTED
2022-02-22 00:20:00,2022-02-22 00:22:00,2.0,UNEXPECTED_SHORT_GAP,UNEXPECTED
2022-02-22 02:35:00,2022-02-22 02:37:00,2.0,UNEXPECTED_SHORT_GAP,UNEXPECTED
2022-02-22 21:03:00,2022-02-22 21:05:00,2.0,UNEXPECTED_SHORT_GAP,UNEXPECTED
2022-02-22 21:26:00,2022-02-22 21:28:00,2.0,UNEXPECTED_SHORT_GAP,UNEXPECTED
2022-02-22 21:35:00,2022-02-22 21:37:00,2.0,UNEXPECTED_SHORT_GAP,UNEXPECTED
2022-02-22 21:59:00,2022-02-22 22:01:00,2.0,UNEXPECTED_SHORT_GAP,UNEXPECTED
2022-02-22 22:01:00,2022-02-22 22:03:00,2.0,UNEXPECTED_SHORT_GAP,UNEXPECTED
2022-02-22 22:03:00,2022-02-22 22:06:00,3.0,UNEXPECTED_SHORT_GAP,UNEXPECTED
2022-02-22 22:06:00,2022-02-22 22:08:00,2.0,UNEXPECTED_SHORT_GAP,UNEXPECTED
2022-02-22 22:11:00,2022-02-22 22:13:00,2.0,UNEXPECTED_SHORT_GAP,UNEXPECTED
2022-02-22 22:17:00,2022-02-22 22:19:00,2.0,UNEXPECTED_SHORT_GAP,UNEXPECTED
2022-02-22 22:46:00,2022-02-22 22:48:00,2.0,UNEXPECTED_SHORT_GAP,UNEXPECTED
2022-02-22 22:52:00,2022-02-22 22:54:00,2.0,UNEXPECTED_SHORT_GAP,UNEXPECTED
2022-02-22 22:57:00,2022-02-22 22:59:00,2.0,UNEXPECTED_SHORT_GAP,UNEXPECTED
2022-02-22 23:20:00,2022-02-22 23:29:00,9.0,UNEXPECTED_INTRADAY_GAP,UNEXPECTED
2022-02-22 23:32:00,2022-02-22 23:34:00,2.0,UNEXPECTED_SHORT_GAP,UNEXPECTED
2022-02-22 23:37:00,2022-02-22 23:40:00,3.0,UNEXPECTED_SHORT_GAP,UNEXPECTED
2022-02-22 23:42:00,2022-02-22 23:44:00,2.0,UNEXPECTED_SHORT_GAP,UNEXPECTED
2022-02-22 23:56:00,2022-02-22 23:58:00,2.0,UNEXPECTED_SHORT_GAP,UNEXPECTED
2022-02-22 23:58:00,2022-02-23 00:00:00,2.0,EXPECTED_DAILY_ROLLOVER,EXPECTED
2022-02-23 00:03:00,2022-02-23 00:05:00,2.0,UNEXPECTED_SHORT_GAP,UNEXPECTED
2022-02-23 00:52:00,2022-02-23 00:54:00,2.0,UNEXPECTED_SHORT_GAP,UNEXPECTED
2022-02-23 03:52:00,2022-02-23 03:54:00,2.0,UNEXPECTED_SHORT_GAP,UNEXPECTED
2022-02-23 21:27:00,2022-02-23 21:29:00,2.0,UNEXPECTED_SHORT_GAP,UNEXPECTED
2022-02-23 21:31:00,2022-02-23 21:33:00,2.0,UNEXPECTED_SHORT_GAP,UNEXPECTED
2022-02-23 21:49:00,2022-02-23 21:51:00,2.0,UNEXPECTED_SHORT_GAP,UNEXPECTED
2022-02-23 22:00:00,2022-02-23 22:02:00,2.0,UNEXPECTED_SHORT_GAP,UNEXPECTED
2022-02-23 22:03:00,2022-02-23 22:05:00,2.0,UNEXPECTED_SHORT_GAP,UNEXPECTED
2022-02-23 22:08:00,2022-02-23 22:10:00,2.0,UNEXPECTED_SHORT_GAP,UNEXPECTED
2022-02-23 22:10:00,2022-02-23 22:14:00,4.0,UNEXPECTED_SHORT_GAP,UNEXPECTED
2022-02-23 22:14:00,2022-02-23 22:17:00,3.0,UNEXPECTED_SHORT_GAP,UNEXPECTED
2022-02-23 22:17:00,2022-02-23 22:20:00,3.0,UNEXPECTED_SHORT_GAP,UNEXPECTED
2022-02-23 22:20:00,2022-02-23 22:22:00,2.0,UNEXPECTED_SHORT_GAP,UNEXPECTED
2022-02-23 22:22:00,2022-02-23 22:24:00,2.0,UNEXPECTED_SHORT_GAP,UNEXPECTED
2022-02-23 22:27:00,2022-02-23 22:29:00,2.0,UNEXPECTED_SHORT_GAP,UNEXPECTED
2022-02-23 22:31:00,2022-02-23 22:34:00,3.0,UNEXPECTED_SHORT_GAP,UNEXPECTED
2022-02-23 23:12:00,2022-02-23 23:14:00,2.0,UNEXPECTED_SHORT_GAP,UNEXPECTED
2022-02-23 23:32:00,2022-02-23 23:34:00,2.0,UNEXPECTED_SHORT_GAP,UNEXPECTED
2022-02-23 23:35:00,2022-02-23 23:37:00,2.0,UNEXPECTED_SHORT_GAP,UNEXPECTED
2022-02-23 23:44:00,2022-02-23 23:46:00,2.0,UNEXPECTED_SHORT_GAP,UNEXPECTED
2022-02-23 23:51:00,2022-02-23 23:53:00,2.0,UNEXPECTED_SHORT_GAP,UNEXPECTED
2022-02-24 00:17:00,2022-02-24 00:19:00,2.0,UNEXPECTED_SHORT_GAP,UNEXPECTED
2022-02-24 21:26:00,2022-02-24 21:28:00,2.0,UNEXPECTED_SHORT_GAP,UNEXPECTED
2022-02-24 22:10:00,2022-02-24 22:12:00,2.0,UNEXPECTED_SHORT_GAP,UNEXPECTED
2022-02-24 22:21:00,2022-02-24 22:26:00,5.0,UNEXPECTED_SHORT_GAP,UNEXPECTED
2022-02-24 22:27:00,2022-02-24 22:29:00,2.0,UNEXPECTED_SHORT_GAP,UNEXPECTED
2022-02-24 22:54:00,2022-02-24 22:56:00,2.0,UNEXPECTED_SHORT_GAP,UNEXPECTED
2022-02-24 23:28:00,2022-02-24 23:30:00,2.0,UNEXPECTED_SHORT_GAP,UNEXPECTED
2022-02-24 23:36:00,2022-02-24 23:38:00,2.0,UNEXPECTED_SHORT_GAP,UNEXPECTED
2022-02-24 23:46:00,2022-02-24 23:48:00,2.0,UNEXPECTED_SHORT_GAP,UNEXPECTED
2022-02-24 23:48:00,2022-02-24 23:50:00,2.0,UNEXPECTED_SHORT_GAP,UNEXPECTED
2022-02-25 21:58:00,2022-02-27 22:05:00,2887.0,EXPECTED_WEEKEND_CLOSURE,EXPECTED
2022-02-27 22:11:00,2022-02-27 22:13:00,2.0,EXPECTED_WEEKEND_CLOSURE,EXPECTED
2022-02-28 04:04:00,2022-02-28 04:07:00,3.0,UNEXPECTED_SHORT_GAP,UNEXPECTED
2022-02-28 04:21:00,2022-02-28 04:23:00,2.0,UNEXPECTED_SHORT_GAP,UNEXPECTED
2022-02-28 19:40:00,2022-02-28 19:42:00,2.0,UNEXPECTED_SHORT_GAP,UNEXPECTED
2022-02-28 21:09:00,2022-02-28 21:11:00,2.0,UNEXPECTED_SHORT_GAP,UNEXPECTED
2022-02-28 21:20:00,2022-02-28 21:22:00,2.0,UNEXPECTED_SHORT_GAP,UNEXPECTED
2022-02-28 21:22:00,2022-02-28 21:24:00,2.0,UNEXPECTED_SHORT_GAP,UNEXPECTED
2022-02-28 21:26:00,2022-02-28 21:28:00,2.0,UNEXPECTED_SHORT_GAP,UNEXPECTED
2022-02-28 21:36:00,2022-02-28 21:38:00,2.0,UNEXPECTED_SHORT_GAP,UNEXPECTED
2022-02-28 22:23:00,2022-02-28 22:25:00,2.0,UNEXPECTED_SHORT_GAP,UNEXPECTED
2022-02-28 22:50:00,2022-02-28 22:54:00,4.0,UNEXPECTED_SHORT_GAP,UNEXPECTED
2022-02-28 23:18:00,2022-02-28 23:20:00,2.0,UNEXPECTED_SHORT_GAP,UNEXPECTED
2022-02-28 23:25:00,2022-02-28 23:27:00,2.0,UNEXPECTED_SHORT_GAP,UNEXPECTED
2022-02-28 23:27:00,2022-02-28 23:30:00,3.0,UNEXPECTED_SHORT_GAP,UNEXPECTED
2022-02-28 23:39:00,2022-02-28 23:41:00,2.0,UNEXPECTED_SHORT_GAP,UNEXPECTED
2022-02-28 23:51:00,2022-02-28 23:53:00,2.0,UNEXPECTED_SHORT_GAP,UNEXPECTED
2022-02-28 23:57:00,2022-02-28 23:59:00,2.0,UNEXPECTED_SHORT_GAP,UNEXPECTED
2022-03-01 00:07:00,2022-03-01 00:10:00,3.0,UNEXPECTED_SHORT_GAP,UNEXPECTED
2022-03-01 00:14:00,2022-03-01 00:16:00,2.0,UNEXPECTED_SHORT_GAP,UNEXPECTED
2022-03-01 00:20:00,2022-03-01 00:22:00,2.0,UNEXPECTED_SHORT_GAP,UNEXPECTED
2022-03-01 00:23:00,2022-03-01 00:25:00,2.0,UNEXPECTED_SHORT_GAP,UNEXPECTED
2022-03-01 00:31:00,2022-03-01 00:33:00,2.0,UNEXPECTED_SHORT_GAP,UNEXPECTED
2022-03-01 00:38:00,2022-03-01 00:40:00,2.0,UNEXPECTED_SHORT_GAP,UNEXPECTED
2022-03-01 21:56:00,2022-03-01 21:58:00,2.0,UNEXPECTED_SHORT_GAP,UNEXPECTED
2022-03-01 22:06:00,2022-03-01 22:08:00,2.0,UNEXPECTED_SHORT_GAP,UNEXPECTED
2022-03-01 22:10:00,2022-03-01 22:13:00,3.0,UNEXPECTED_SHORT_GAP,UNEXPECTED
2022-03-01 22:13:00,2022-03-01 22:16:00,3.0,UNEXPECTED_SHORT_GAP,UNEXPECTED
2022-03-01 22:16:00,2022-03-01 22:19:00,3.0,UNEXPECTED_SHORT_GAP,UNEXPECTED
2022-03-01 22:20:00,2022-03-01 22:22:00,2.0,UNEXPECTED_SHORT_GAP,UNEXPECTED
2022-03-01 22:22:00,2022-03-01 22:24:00,2.0,UNEXPECTED_SHORT_GAP,UNEXPECTED
2022-03-01 22:27:00,2022-03-01 22:29:00,2.0,UNEXPECTED_SHORT_GAP,UNEXPECTED
2022-03-01 23:13:00,2022-03-01 23:15:00,2.0,UNEXPECTED_SHORT_GAP,UNEXPECTED
2022-03-01 23:38:00,2022-03-01 23:41:00,3.0,UNEXPECTED_SHORT_GAP,UNEXPECTED
2022-03-01 23:48:00,2022-03-01 23:50:00,2.0,UNEXPECTED_SHORT_GAP,UNEXPECTED
2022-03-02 00:13:00,2022-03-02 00:15:00,2.0,UNEXPECTED_SHORT_GAP,UNEXPECTED
2022-03-02 03:24:00,2022-03-02 03:26:00,2.0,UNEXPECTED_SHORT_GAP,UNEXPECTED
2022-03-02 03:51:00,2022-03-02 03:53:00,2.0,UNEXPECTED_SHORT_GAP,UNEXPECTED
2022-03-02 21:32:00,2022-03-02 21:35:00,3.0,UNEXPECTED_SHORT_GAP,UNEXPECTED
2022-03-02 21:36:00,2022-03-02 21:38:00,2.0,UNEXPECTED_SHORT_GAP,UNEXPECTED
2022-03-02 21:52:00,2022-03-02 21:54:00,2.0,UNEXPECTED_SHORT_GAP,UNEXPECTED
2022-03-02 22:01:00,2022-03-02 22:03:00,2.0,UNEXPECTED_SHORT_GAP,UNEXPECTED
2022-03-02 22:03:00,2022-03-02 22:05:00,2.0,UNEXPECTED_SHORT_GAP,UNEXPECTED
2022-03-02 22:17:00,2022-03-02 22:19:00,2.0,UNEXPECTED_SHORT_GAP,UNEXPECTED
2022-03-02 22:20:00,2022-03-02 22:22:00,2.0,UNEXPECTED_SHORT_GAP,UNEXPECTED
2022-03-02 22:22:00,2022-03-02 22:24:00,2.0,UNEXPECTED_SHORT_GAP,UNEXPECTED
2022-03-02 22:26:00,2022-03-02 22:28:00,2.0,UNEXPECTED_SHORT_GAP,UNEXPECTED
2022-03-02 22:31:00,2022-03-02 22:33:00,2.0,UNEXPECTED_SHORT_GAP,UNEXPECTED
2022-03-02 22:36:00,2022-03-02 22:38:00,2.0,UNEXPECTED_SHORT_GAP,UNEXPECTED
2022-03-02 22:53:00,2022-03-02 22:55:00,2.0,UNEXPECTED_SHORT_GAP,UNEXPECTED
2022-03-02 23:22:00,2022-03-02 23:25:00,3.0,UNEXPECTED_SHORT_GAP,UNEXPECTED
2022-03-02 23:42:00,2022-03-02 23:44:00,2.0,UNEXPECTED_SHORT_GAP,UNEXPECTED
2022-03-02 23:54:00,2022-03-02 23:56:00,2.0,UNEXPECTED_SHORT_GAP,UNEXPECTED
2022-03-03 04:22:00,2022-03-03 04:24:00,2.0,UNEXPECTED_SHORT_GAP,UNEXPECTED
2022-03-03 05:17:00,2022-03-03 05:19:00,2.0,UNEXPECTED_SHORT_GAP,UNEXPECTED
2022-03-03 05:21:00,2022-03-03 05:26:00,5.0,UNEXPECTED_SHORT_GAP,UNEXPECTED
2022-03-03 05:33:00,2022-03-03 05:35:00,2.0,UNEXPECTED_SHORT_GAP,UNEXPECTED
2022-03-03 21:26:00,2022-03-03 21:28:00,2.0,UNEXPECTED_SHORT_GAP,UNEXPECTED
2022-03-03 21:31:00,2022-03-03 21:33:00,2.0,UNEXPECTED_SHORT_GAP,UNEXPECTED
2022-03-03 21:43:00,2022-03-03 21:45:00,2.0,UNEXPECTED_SHORT_GAP,UNEXPECTED
2022-03-03 21:51:00,2022-03-03 21:53:00,2.0,UNEXPECTED_SHORT_GAP,UNEXPECTED
2022-03-03 22:00:00,2022-03-03 22:02:00,2.0,UNEXPECTED_SHORT_GAP,UNEXPECTED
2022-03-03 22:03:00,2022-03-03 22:05:00,2.0,UNEXPECTED_SHORT_GAP,UNEXPECTED
2022-03-03 22:11:00,2022-03-03 22:13:00,2.0,UNEXPECTED_SHORT_GAP,UNEXPECTED
2022-03-03 22:15:00,2022-03-03 22:18:00,3.0,UNEXPECTED_SHORT_GAP,UNEXPECTED
2022-03-03 22:18:00,2022-03-03 22:22:00,4.0,UNEXPECTED_SHORT_GAP,UNEXPECTED
2022-03-03 22:36:00,2022-03-03 22:38:00,2.0,UNEXPECTED_SHORT_GAP,UNEXPECTED
2022-03-03 22:38:00,2022-03-03 22:40:00,2.0,UNEXPECTED_SHORT_GAP,UNEXPECTED
2022-03-03 22:43:00,2022-03-03 22:45:00,2.0,UNEXPECTED_SHORT_GAP,UNEXPECTED
2022-03-03 22:50:00,2022-03-03 22:53:00,3.0,UNEXPECTED_SHORT_GAP,UNEXPECTED
2022-03-03 23:01:00,2022-03-03 23:03:00,2.0,UNEXPECTED_SHORT_GAP,UNEXPECTED
2022-03-03 23:08:00,2022-03-03 23:10:00,2.0,UNEXPECTED_SHORT_GAP,UNEXPECTED
2022-03-03 23:10:00,2022-03-03 23:13:00,3.0,UNEXPECTED_SHORT_GAP,UNEXPECTED
2022-03-03 23:33:00,2022-03-03 23:35:00,2.0,UNEXPECTED_SHORT_GAP,UNEXPECTED
2022-03-04 00:02:00,2022-03-04 00:04:00,2.0,UNEXPECTED_SHORT_GAP,UNEXPECTED
2022-03-04 21:58:00,2022-03-06 22:07:00,2889.0,EXPECTED_WEEKEND_CLOSURE,EXPECTED
2022-03-06 22:18:00,2022-03-06 22:20:00,2.0,EXPECTED_WEEKEND_CLOSURE,EXPECTED
2022-03-06 22:20:00,2022-03-06 22:23:00,3.0,EXPECTED_WEEKEND_CLOSURE,EXPECTED
2022-03-06 22:23:00,2022-03-06 22:26:00,3.0,EXPECTED_WEEKEND_CLOSURE,EXPECTED
2022-03-07 22:02:00,2022-03-07 22:04:00,2.0,UNEXPECTED_SHORT_GAP,UNEXPECTED
2022-03-07 22:10:00,2022-03-07 22:12:00,2.0,UNEXPECTED_SHORT_GAP,UNEXPECTED
2022-03-07 22:31:00,2022-03-07 22:34:00,3.0,UNEXPECTED_SHORT_GAP,UNEXPECTED
2022-03-07 22:36:00,2022-03-07 22:38:00,2.0,UNEXPECTED_SHORT_GAP,UNEXPECTED
2022-03-07 22:41:00,2022-03-07 22:44:00,3.0,UNEXPECTED_SHORT_GAP,UNEXPECTED
2022-03-07 22:46:00,2022-03-07 22:48:00,2.0,UNEXPECTED_SHORT_GAP,UNEXPECTED
2022-03-07 22:49:00,2022-03-07 22:54:00,5.0,UNEXPECTED_SHORT_GAP,UNEXPECTED
2022-03-07 22:54:00,2022-03-07 22:56:00,2.0,UNEXPECTED_SHORT_GAP,UNEXPECTED
2022-03-07 23:23:00,2022-03-07 23:25:00,2.0,UNEXPECTED_SHORT_GAP,UNEXPECTED
2022-03-07 23:31:00,2022-03-07 23:34:00,3.0,UNEXPECTED_SHORT_GAP,UNEXPECTED
2022-03-07 23:34:00,2022-03-07 23:36:00,2.0,UNEXPECTED_SHORT_GAP,UNEXPECTED
2022-03-08 21:09:00,2022-03-08 21:11:00,2.0,UNEXPECTED_SHORT_GAP,UNEXPECTED
2022-03-08 22:03:00,2022-03-08 22:05:00,2.0,UNEXPECTED_SHORT_GAP,UNEXPECTED
2022-03-08 22:13:00,2022-03-08 22:15:00,2.0,UNEXPECTED_SHORT_GAP,UNEXPECTED
2022-03-08 22:34:00,2022-03-08 22:37:00,3.0,UNEXPECTED_SHORT_GAP,UNEXPECTED
2022-03-08 22:37:00,2022-03-08 22:39:00,2.0,UNEXPECTED_SHORT_GAP,UNEXPECTED
2022-03-08 22:47:00,2022-03-08 22:49:00,2.0,UNEXPECTED_SHORT_GAP,UNEXPECTED
2022-03-08 22:50:00,2022-03-08 22:52:00,2.0,UNEXPECTED_SHORT_GAP,UNEXPECTED
2022-03-08 23:48:00,2022-03-08 23:50:00,2.0,UNEXPECTED_SHORT_GAP,UNEXPECTED
2022-03-08 23:53:00,2022-03-08 23:55:00,2.0,UNEXPECTED_SHORT_GAP,UNEXPECTED
2022-03-09 00:33:00,2022-03-09 00:35:00,2.0,UNEXPECTED_SHORT_GAP,UNEXPECTED
2022-03-09 21:52:00,2022-03-09 21:54:00,2.0,UNEXPECTED_SHORT_GAP,UNEXPECTED
2022-03-09 22:00:00,2022-03-09 22:04:00,4.0,UNEXPECTED_SHORT_GAP,UNEXPECTED
2022-03-09 22:07:00,2022-03-09 22:09:00,2.0,UNEXPECTED_SHORT_GAP,UNEXPECTED
2022-03-09 22:10:00,2022-03-09 22:12:00,2.0,UNEXPECTED_SHORT_GAP,UNEXPECTED
2022-03-09 22:12:00,2022-03-09 22:14:00,2.0,UNEXPECTED_SHORT_GAP,UNEXPECTED
2022-03-09 22:15:00,2022-03-09 22:17:00,2.0,UNEXPECTED_SHORT_GAP,UNEXPECTED
2022-03-09 22:18:00,2022-03-09 22:20:00,2.0,UNEXPECTED_SHORT_GAP,UNEXPECTED
2022-03-09 22:20:00,2022-03-09 22:24:00,4.0,UNEXPECTED_SHORT_GAP,UNEXPECTED
2022-03-09 22:28:00,2022-03-09 22:30:00,2.0,UNEXPECTED_SHORT_GAP,UNEXPECTED
2022-03-09 22:32:00,2022-03-09 22:35:00,3.0,UNEXPECTED_SHORT_GAP,UNEXPECTED
2022-03-09 22:50:00,2022-03-09 22:52:00,2.0,UNEXPECTED_SHORT_GAP,UNEXPECTED
2022-03-09 23:39:00,2022-03-09 23:41:00,2.0,UNEXPECTED_SHORT_GAP,UNEXPECTED
2022-03-09 23:46:00,2022-03-09 23:50:00,4.0,UNEXPECTED_SHORT_GAP,UNEXPECTED
2022-03-10 05:05:00,2022-03-10 05:08:00,3.0,UNEXPECTED_SHORT_GAP,UNEXPECTED
2022-03-10 21:12:00,2022-03-10 21:14:00,2.0,UNEXPECTED_SHORT_GAP,UNEXPECTED
2022-03-10 21:21:00,2022-03-10 21:23:00,2.0,UNEXPECTED_SHORT_GAP,UNEXPECTED
2022-03-10 21:25:00,2022-03-10 21:27:00,2.0,UNEXPECTED_SHORT_GAP,UNEXPECTED
2022-03-10 22:08:00,2022-03-10 22:10:00,2.0,UNEXPECTED_SHORT_GAP,UNEXPECTED
2022-03-10 22:19:00,2022-03-10 22:21:00,2.0,UNEXPECTED_SHORT_GAP,UNEXPECTED
2022-03-10 22:38:00,2022-03-10 22:41:00,3.0,UNEXPECTED_SHORT_GAP,UNEXPECTED
2022-03-10 22:41:00,2022-03-10 22:43:00,2.0,UNEXPECTED_SHORT_GAP,UNEXPECTED
2022-03-10 22:47:00,2022-03-10 22:49:00,2.0,UNEXPECTED_SHORT_GAP,UNEXPECTED
2022-03-10 22:49:00,2022-03-10 22:51:00,2.0,UNEXPECTED_SHORT_GAP,UNEXPECTED
2022-03-10 22:53:00,2022-03-10 22:57:00,4.0,UNEXPECTED_SHORT_GAP,UNEXPECTED
2022-03-10 23:21:00,2022-03-10 23:24:00,3.0,UNEXPECTED_SHORT_GAP,UNEXPECTED
2022-03-10 23:24:00,2022-03-10 23:26:00,2.0,UNEXPECTED_SHORT_GAP,UNEXPECTED
2022-03-10 23:26:00,2022-03-10 23:29:00,3.0,UNEXPECTED_SHORT_GAP,UNEXPECTED
2022-03-10 23:34:00,2022-03-10 23:36:00,2.0,UNEXPECTED_SHORT_GAP,UNEXPECTED
2022-03-11 00:35:00,2022-03-11 00:37:00,2.0,UNEXPECTED_SHORT_GAP,UNEXPECTED
2022-03-11 02:02:00,2022-03-11 02:04:00,2.0,UNEXPECTED_SHORT_GAP,UNEXPECTED
2022-03-11 02:13:00,2022-03-11 02:15:00,2.0,UNEXPECTED_SHORT_GAP,UNEXPECTED
2022-03-11 04:39:00,2022-03-11 04:41:00,2.0,UNEXPECTED_SHORT_GAP,UNEXPECTED
2022-03-11 04:49:00,2022-03-11 04:51:00,2.0,UNEXPECTED_SHORT_GAP,UNEXPECTED
2022-03-11 21:31:00,2022-03-11 21:33:00,2.0,UNEXPECTED_SHORT_GAP,UNEXPECTED
2022-03-11 21:58:00,2022-03-13 21:06:00,2828.0,EXPECTED_WEEKEND_CLOSURE,EXPECTED
2022-03-13 21:15:00,2022-03-13 21:17:00,2.0,EXPECTED_WEEKEND_CLOSURE,EXPECTED
2022-03-13 21:19:00,2022-03-13 21:21:00,2.0,EXPECTED_WEEKEND_CLOSURE,EXPECTED
2022-03-13 21:21:00,2022-03-13 21:24:00,3.0,EXPECTED_WEEKEND_CLOSURE,EXPECTED
2022-03-13 21:24:00,2022-03-13 21:30:00,6.0,EXPECTED_WEEKEND_CLOSURE,EXPECTED
2022-03-13 21:30:00,2022-03-13 21:35:00,5.0,EXPECTED_WEEKEND_CLOSURE,EXPECTED
2022-03-13 21:45:00,2022-03-13 21:49:00,4.0,EXPECTED_WEEKEND_CLOSURE,EXPECTED
2022-03-13 21:53:00,2022-03-13 21:56:00,3.0,EXPECTED_WEEKEND_CLOSURE,EXPECTED
2022-03-13 22:54:00,2022-03-13 22:56:00,2.0,EXPECTED_WEEKEND_CLOSURE,EXPECTED
2022-03-13 22:58:00,2022-03-13 23:00:00,2.0,EXPECTED_WEEKEND_CLOSURE,EXPECTED
2022-03-14 04:06:00,2022-03-14 04:08:00,2.0,UNEXPECTED_SHORT_GAP,UNEXPECTED
2022-03-14 20:45:00,2022-03-14 20:47:00,2.0,UNEXPECTED_SHORT_GAP,UNEXPECTED
2022-03-14 21:22:00,2022-03-14 21:24:00,2.0,UNEXPECTED_SHORT_GAP,UNEXPECTED
2022-03-14 21:27:00,2022-03-14 21:29:00,2.0,UNEXPECTED_SHORT_GAP,UNEXPECTED
2022-03-14 21:33:00,2022-03-14 21:35:00,2.0,UNEXPECTED_SHORT_GAP,UNEXPECTED
2022-03-14 21:35:00,2022-03-14 21:37:00,2.0,UNEXPECTED_SHORT_GAP,UNEXPECTED
2022-03-14 21:37:00,2022-03-14 21:39:00,2.0,UNEXPECTED_SHORT_GAP,UNEXPECTED
2022-03-14 21:39:00,2022-03-14 21:44:00,5.0,UNEXPECTED_SHORT_GAP,UNEXPECTED
2022-03-14 21:45:00,2022-03-14 21:50:00,5.0,UNEXPECTED_SHORT_GAP,UNEXPECTED
2022-03-14 21:51:00,2022-03-14 21:58:00,7.0,UNEXPECTED_INTRADAY_GAP,UNEXPECTED
2022-03-14 22:00:00,2022-03-14 22:02:00,2.0,UNEXPECTED_SHORT_GAP,UNEXPECTED
2022-03-14 22:02:00,2022-03-14 22:04:00,2.0,UNEXPECTED_SHORT_GAP,UNEXPECTED
2022-03-14 22:15:00,2022-03-14 22:19:00,4.0,UNEXPECTED_SHORT_GAP,UNEXPECTED
2022-03-14 22:21:00,2022-03-14 22:24:00,3.0,UNEXPECTED_SHORT_GAP,UNEXPECTED
2022-03-14 22:26:00,2022-03-14 22:29:00,3.0,UNEXPECTED_SHORT_GAP,UNEXPECTED
2022-03-14 22:29:00,2022-03-14 22:31:00,2.0,UNEXPECTED_SHORT_GAP,UNEXPECTED
2022-03-14 22:52:00,2022-03-14 22:54:00,2.0,UNEXPECTED_SHORT_GAP,UNEXPECTED
2022-03-14 23:04:00,2022-03-14 23:06:00,2.0,UNEXPECTED_SHORT_GAP,UNEXPECTED
2022-03-14 23:25:00,2022-03-14 23:27:00,2.0,UNEXPECTED_SHORT_GAP,UNEXPECTED
2022-03-15 20:21:00,2022-03-15 20:23:00,2.0,UNEXPECTED_SHORT_GAP,UNEXPECTED
2022-03-15 21:11:00,2022-03-15 21:13:00,2.0,UNEXPECTED_SHORT_GAP,UNEXPECTED
2022-03-15 21:22:00,2022-03-15 21:24:00,2.0,UNEXPECTED_SHORT_GAP,UNEXPECTED
2022-03-15 22:02:00,2022-03-15 22:04:00,2.0,UNEXPECTED_SHORT_GAP,UNEXPECTED
2022-03-15 22:24:00,2022-03-15 22:26:00,2.0,UNEXPECTED_SHORT_GAP,UNEXPECTED
2022-03-15 22:28:00,2022-03-15 22:30:00,2.0,UNEXPECTED_SHORT_GAP,UNEXPECTED
2022-03-15 22:32:00,2022-03-15 22:36:00,4.0,UNEXPECTED_SHORT_GAP,UNEXPECTED
2022-03-15 22:46:00,2022-03-15 22:48:00,2.0,UNEXPECTED_SHORT_GAP,UNEXPECTED
2022-03-15 22:48:00,2022-03-15 22:52:00,4.0,UNEXPECTED_SHORT_GAP,UNEXPECTED
2022-03-15 23:32:00,2022-03-15 23:34:00,2.0,UNEXPECTED_SHORT_GAP,UNEXPECTED
2022-03-16 03:05:00,2022-03-16 03:07:00,2.0,UNEXPECTED_SHORT_GAP,UNEXPECTED
2022-03-16 03:10:00,2022-03-16 03:12:00,2.0,UNEXPECTED_SHORT_GAP,UNEXPECTED
2022-03-16 04:35:00,2022-03-16 04:37:00,2.0,UNEXPECTED_SHORT_GAP,UNEXPECTED
2022-03-16 04:58:00,2022-03-16 05:00:00,2.0,UNEXPECTED_SHORT_GAP,UNEXPECTED
2022-03-16 20:59:00,2022-03-16 21:01:00,2.0,UNEXPECTED_SHORT_GAP,UNEXPECTED
2022-03-16 21:03:00,2022-03-16 21:05:00,2.0,UNEXPECTED_SHORT_GAP,UNEXPECTED
2022-03-16 21:33:00,2022-03-16 21:35:00,2.0,UNEXPECTED_SHORT_GAP,UNEXPECTED
2022-03-16 21:37:00,2022-03-16 21:40:00,3.0,UNEXPECTED_SHORT_GAP,UNEXPECTED
2022-03-16 21:55:00,2022-03-16 21:57:00,2.0,UNEXPECTED_SHORT_GAP,UNEXPECTED
2022-03-16 21:58:00,2022-03-16 22:00:00,2.0,UNEXPECTED_SHORT_GAP,UNEXPECTED
2022-03-16 22:16:00,2022-03-16 22:18:00,2.0,UNEXPECTED_SHORT_GAP,UNEXPECTED
2022-03-16 22:47:00,2022-03-16 22:49:00,2.0,UNEXPECTED_SHORT_GAP,UNEXPECTED
2022-03-17 20:59:00,2022-03-17 21:01:00,2.0,UNEXPECTED_SHORT_GAP,UNEXPECTED
2022-03-17 21:03:00,2022-03-17 21:05:00,2.0,UNEXPECTED_SHORT_GAP,UNEXPECTED
2022-03-17 21:07:00,2022-03-17 21:11:00,4.0,UNEXPECTED_SHORT_GAP,UNEXPECTED
2022-03-17 21:24:00,2022-03-17 21:27:00,3.0,UNEXPECTED_SHORT_GAP,UNEXPECTED
2022-03-17 21:32:00,2022-03-17 21:35:00,3.0,UNEXPECTED_SHORT_GAP,UNEXPECTED
2022-03-17 21:35:00,2022-03-17 21:37:00,2.0,UNEXPECTED_SHORT_GAP,UNEXPECTED
2022-03-17 21:37:00,2022-03-17 21:40:00,3.0,UNEXPECTED_SHORT_GAP,UNEXPECTED
2022-03-17 21:40:00,2022-03-17 21:43:00,3.0,UNEXPECTED_SHORT_GAP,UNEXPECTED
2022-03-17 21:43:00,2022-03-17 21:46:00,3.0,UNEXPECTED_SHORT_GAP,UNEXPECTED
2022-03-17 21:46:00,2022-03-17 21:51:00,5.0,UNEXPECTED_SHORT_GAP,UNEXPECTED
2022-03-17 21:55:00,2022-03-17 21:57:00,2.0,UNEXPECTED_SHORT_GAP,UNEXPECTED
2022-03-17 21:57:00,2022-03-17 21:59:00,2.0,UNEXPECTED_SHORT_GAP,UNEXPECTED
2022-03-17 22:28:00,2022-03-17 22:30:00,2.0,UNEXPECTED_SHORT_GAP,UNEXPECTED
2022-03-17 22:30:00,2022-03-17 22:33:00,3.0,UNEXPECTED_SHORT_GAP,UNEXPECTED
2022-03-17 22:43:00,2022-03-17 22:45:00,2.0,UNEXPECTED_SHORT_GAP,UNEXPECTED
2022-03-17 22:46:00,2022-03-17 22:48:00,2.0,UNEXPECTED_SHORT_GAP,UNEXPECTED
2022-03-17 22:56:00,2022-03-17 22:58:00,2.0,UNEXPECTED_SHORT_GAP,UNEXPECTED
2022-03-17 23:08:00,2022-03-17 23:10:00,2.0,UNEXPECTED_SHORT_GAP,UNEXPECTED
2022-03-17 23:21:00,2022-03-17 23:23:00,2.0,UNEXPECTED_SHORT_GAP,UNEXPECTED
2022-03-18 03:05:00,2022-03-18 03:07:00,2.0,UNEXPECTED_SHORT_GAP,UNEXPECTED
2022-03-18 20:18:00,2022-03-18 20:20:00,2.0,UNEXPECTED_SHORT_GAP,UNEXPECTED
2022-03-18 20:22:00,2022-03-18 20:24:00,2.0,UNEXPECTED_SHORT_GAP,UNEXPECTED
2022-03-18 20:58:00,2022-03-20 21:40:00,2922.0,EXPECTED_WEEKEND_CLOSURE,EXPECTED
2022-03-20 21:42:00,2022-03-20 21:47:00,5.0,EXPECTED_WEEKEND_CLOSURE,EXPECTED
2022-03-20 21:54:00,2022-03-20 21:56:00,2.0,EXPECTED_WEEKEND_CLOSURE,EXPECTED
2022-03-20 21:56:00,2022-03-20 21:58:00,2.0,EXPECTED_WEEKEND_CLOSURE,EXPECTED
2022-03-20 22:03:00,2022-03-20 22:05:00,2.0,EXPECTED_WEEKEND_CLOSURE,EXPECTED
2022-03-20 22:12:00,2022-03-20 22:14:00,2.0,EXPECTED_WEEKEND_CLOSURE,EXPECTED
2022-03-20 22:28:00,2022-03-20 22:30:00,2.0,EXPECTED_WEEKEND_CLOSURE,EXPECTED
2022-03-20 22:34:00,2022-03-20 22:36:00,2.0,EXPECTED_WEEKEND_CLOSURE,EXPECTED
2022-03-20 22:55:00,2022-03-20 22:57:00,2.0,EXPECTED_WEEKEND_CLOSURE,EXPECTED
2022-03-21 03:07:00,2022-03-21 03:09:00,2.0,UNEXPECTED_SHORT_GAP,UNEXPECTED
2022-03-21 04:29:00,2022-03-21 04:31:00,2.0,UNEXPECTED_SHORT_GAP,UNEXPECTED
2022-03-21 04:31:00,2022-03-21 04:33:00,2.0,UNEXPECTED_SHORT_GAP,UNEXPECTED
2022-03-21 20:21:00,2022-03-21 20:23:00,2.0,UNEXPECTED_SHORT_GAP,UNEXPECTED
2022-03-21 20:34:00,2022-03-21 20:37:00,3.0,UNEXPECTED_SHORT_GAP,UNEXPECTED
2022-03-21 20:45:00,2022-03-21 20:47:00,2.0,UNEXPECTED_SHORT_GAP,UNEXPECTED
2022-03-21 20:52:00,2022-03-21 20:54:00,2.0,UNEXPECTED_SHORT_GAP,UNEXPECTED
2022-03-21 21:03:00,2022-03-21 21:05:00,2.0,UNEXPECTED_SHORT_GAP,UNEXPECTED
2022-03-21 21:10:00,2022-03-21 21:14:00,4.0,UNEXPECTED_SHORT_GAP,UNEXPECTED
2022-03-21 21:15:00,2022-03-21 21:17:00,2.0,UNEXPECTED_SHORT_GAP,UNEXPECTED
2022-03-21 21:18:00,2022-03-21 21:23:00,5.0,UNEXPECTED_SHORT_GAP,UNEXPECTED
2022-03-21 21:32:00,2022-03-21 21:35:00,3.0,UNEXPECTED_SHORT_GAP,UNEXPECTED
2022-03-21 21:40:00,2022-03-21 21:42:00,2.0,UNEXPECTED_SHORT_GAP,UNEXPECTED
2022-03-21 22:10:00,2022-03-21 22:12:00,2.0,UNEXPECTED_SHORT_GAP,UNEXPECTED
2022-03-21 22:36:00,2022-03-21 22:38:00,2.0,UNEXPECTED_SHORT_GAP,UNEXPECTED
2022-03-21 22:41:00,2022-03-21 22:43:00,2.0,UNEXPECTED_SHORT_GAP,UNEXPECTED
2022-03-21 22:45:00,2022-03-21 22:48:00,3.0,UNEXPECTED_SHORT_GAP,UNEXPECTED
2022-03-21 22:48:00,2022-03-21 22:50:00,2.0,UNEXPECTED_SHORT_GAP,UNEXPECTED
2022-03-21 22:51:00,2022-03-21 22:55:00,4.0,UNEXPECTED_SHORT_GAP,UNEXPECTED
2022-03-21 23:05:00,2022-03-21 23:07:00,2.0,UNEXPECTED_SHORT_GAP,UNEXPECTED
2022-03-21 23:37:00,2022-03-21 23:39:00,2.0,UNEXPECTED_SHORT_GAP,UNEXPECTED
2022-03-21 23:48:00,2022-03-21 23:51:00,3.0,UNEXPECTED_SHORT_GAP,UNEXPECTED
2022-03-22 20:20:00,2022-03-22 20:22:00,2.0,UNEXPECTED_SHORT_GAP,UNEXPECTED
2022-03-22 20:28:00,2022-03-22 20:30:00,2.0,UNEXPECTED_SHORT_GAP,UNEXPECTED
2022-03-22 20:32:00,2022-03-22 20:35:00,3.0,UNEXPECTED_SHORT_GAP,UNEXPECTED
2022-03-22 21:03:00,2022-03-22 21:05:00,2.0,UNEXPECTED_SHORT_GAP,UNEXPECTED
2022-03-22 21:13:00,2022-03-22 21:16:00,3.0,UNEXPECTED_SHORT_GAP,UNEXPECTED
2022-03-22 21:17:00,2022-03-22 21:19:00,2.0,UNEXPECTED_SHORT_GAP,UNEXPECTED
2022-03-22 21:26:00,2022-03-22 21:29:00,3.0,UNEXPECTED_SHORT_GAP,UNEXPECTED
2022-03-22 21:45:00,2022-03-22 21:47:00,2.0,UNEXPECTED_SHORT_GAP,UNEXPECTED
2022-03-22 21:47:00,2022-03-22 21:51:00,4.0,UNEXPECTED_SHORT_GAP,UNEXPECTED
2022-03-22 21:52:00,2022-03-22 21:55:00,3.0,UNEXPECTED_SHORT_GAP,UNEXPECTED
2022-03-22 22:08:00,2022-03-22 22:10:00,2.0,UNEXPECTED_SHORT_GAP,UNEXPECTED
2022-03-22 22:34:00,2022-03-22 22:37:00,3.0,UNEXPECTED_SHORT_GAP,UNEXPECTED
2022-03-22 22:42:00,2022-03-22 22:44:00,2.0,UNEXPECTED_SHORT_GAP,UNEXPECTED
2022-03-22 23:23:00,2022-03-22 23:25:00,2.0,UNEXPECTED_SHORT_GAP,UNEXPECTED
2022-03-23 20:03:00,2022-03-23 20:05:00,2.0,UNEXPECTED_SHORT_GAP,UNEXPECTED
2022-03-23 20:27:00,2022-03-23 20:29:00,2.0,UNEXPECTED_SHORT_GAP,UNEXPECTED
2022-03-23 20:30:00,2022-03-23 20:32:00,2.0,UNEXPECTED_SHORT_GAP,UNEXPECTED
2022-03-23 20:38:00,2022-03-23 20:40:00,2.0,UNEXPECTED_SHORT_GAP,UNEXPECTED
2022-03-23 20:45:00,2022-03-23 20:47:00,2.0,UNEXPECTED_SHORT_GAP,UNEXPECTED
2022-03-23 21:18:00,2022-03-23 21:20:00,2.0,UNEXPECTED_SHORT_GAP,UNEXPECTED
2022-03-23 21:22:00,2022-03-23 21:24:00,2.0,UNEXPECTED_SHORT_GAP,UNEXPECTED
2022-03-23 21:35:00,2022-03-23 21:37:00,2.0,UNEXPECTED_SHORT_GAP,UNEXPECTED
2022-03-23 21:38:00,2022-03-23 21:41:00,3.0,UNEXPECTED_SHORT_GAP,UNEXPECTED
2022-03-23 21:43:00,2022-03-23 21:48:00,5.0,UNEXPECTED_SHORT_GAP,UNEXPECTED
2022-03-23 21:52:00,2022-03-23 21:56:00,4.0,UNEXPECTED_SHORT_GAP,UNEXPECTED
2022-03-23 21:56:00,2022-03-23 22:00:00,4.0,UNEXPECTED_SHORT_GAP,UNEXPECTED
2022-03-23 22:08:00,2022-03-23 22:10:00,2.0,UNEXPECTED_SHORT_GAP,UNEXPECTED
2022-03-23 22:13:00,2022-03-23 22:15:00,2.0,UNEXPECTED_SHORT_GAP,UNEXPECTED
2022-03-23 22:18:00,2022-03-23 22:20:00,2.0,UNEXPECTED_SHORT_GAP,UNEXPECTED
2022-03-23 22:43:00,2022-03-23 22:45:00,2.0,UNEXPECTED_SHORT_GAP,UNEXPECTED
2022-03-23 22:46:00,2022-03-23 22:48:00,2.0,UNEXPECTED_SHORT_GAP,UNEXPECTED
2022-03-23 22:49:00,2022-03-23 22:53:00,4.0,UNEXPECTED_SHORT_GAP,UNEXPECTED
2022-03-24 20:23:00,2022-03-24 20:27:00,4.0,UNEXPECTED_SHORT_GAP,UNEXPECTED
2022-03-24 20:38:00,2022-03-24 20:40:00,2.0,UNEXPECTED_SHORT_GAP,UNEXPECTED
2022-03-24 20:45:00,2022-03-24 20:47:00,2.0,UNEXPECTED_SHORT_GAP,UNEXPECTED
2022-03-24 21:06:00,2022-03-24 21:08:00,2.0,UNEXPECTED_SHORT_GAP,UNEXPECTED
2022-03-24 21:08:00,2022-03-24 21:10:00,2.0,UNEXPECTED_SHORT_GAP,UNEXPECTED
2022-03-24 21:28:00,2022-03-24 21:30:00,2.0,UNEXPECTED_SHORT_GAP,UNEXPECTED
2022-03-24 21:30:00,2022-03-24 21:32:00,2.0,UNEXPECTED_SHORT_GAP,UNEXPECTED
2022-03-24 21:39:00,2022-03-24 21:41:00,2.0,UNEXPECTED_SHORT_GAP,UNEXPECTED
2022-03-24 21:43:00,2022-03-24 21:46:00,3.0,UNEXPECTED_SHORT_GAP,UNEXPECTED
2022-03-24 21:47:00,2022-03-24 21:53:00,6.0,UNEXPECTED_INTRADAY_GAP,UNEXPECTED
2022-03-24 22:09:00,2022-03-24 22:11:00,2.0,UNEXPECTED_SHORT_GAP,UNEXPECTED
2022-03-24 22:17:00,2022-03-24 22:20:00,3.0,UNEXPECTED_SHORT_GAP,UNEXPECTED
2022-03-24 22:20:00,2022-03-24 22:23:00,3.0,UNEXPECTED_SHORT_GAP,UNEXPECTED
2022-03-24 22:27:00,2022-03-24 22:29:00,2.0,UNEXPECTED_SHORT_GAP,UNEXPECTED
2022-03-24 22:34:00,2022-03-24 22:36:00,2.0,UNEXPECTED_SHORT_GAP,UNEXPECTED
2022-03-24 22:37:00,2022-03-24 22:40:00,3.0,UNEXPECTED_SHORT_GAP,UNEXPECTED
2022-03-24 22:40:00,2022-03-24 22:42:00,2.0,UNEXPECTED_SHORT_GAP,UNEXPECTED
2022-03-24 22:42:00,2022-03-24 22:44:00,2.0,UNEXPECTED_SHORT_GAP,UNEXPECTED
2022-03-24 22:44:00,2022-03-24 22:46:00,2.0,UNEXPECTED_SHORT_GAP,UNEXPECTED
2022-03-24 22:47:00,2022-03-24 22:50:00,3.0,UNEXPECTED_SHORT_GAP,UNEXPECTED
2022-03-24 23:02:00,2022-03-24 23:04:00,2.0,UNEXPECTED_SHORT_GAP,UNEXPECTED
2022-03-24 23:12:00,2022-03-24 23:14:00,2.0,UNEXPECTED_SHORT_GAP,UNEXPECTED
2022-03-25 20:20:00,2022-03-25 20:22:00,2.0,UNEXPECTED_SHORT_GAP,UNEXPECTED
2022-03-25 20:33:00,2022-03-25 20:35:00,2.0,UNEXPECTED_SHORT_GAP,UNEXPECTED
2022-03-25 20:36:00,2022-03-25 20:38:00,2.0,UNEXPECTED_SHORT_GAP,UNEXPECTED
2022-03-25 20:58:00,2022-03-27 21:08:00,2890.0,EXPECTED_WEEKEND_CLOSURE,EXPECTED
2022-03-27 21:10:00,2022-03-27 21:12:00,2.0,EXPECTED_WEEKEND_CLOSURE,EXPECTED
2022-03-27 21:15:00,2022-03-27 21:17:00,2.0,EXPECTED_WEEKEND_CLOSURE,EXPECTED
2022-03-27 21:19:00,2022-03-27 21:21:00,2.0,EXPECTED_WEEKEND_CLOSURE,EXPECTED
2022-03-27 21:21:00,2022-03-27 21:25:00,4.0,EXPECTED_WEEKEND_CLOSURE,EXPECTED
2022-03-27 21:27:00,2022-03-27 21:29:00,2.0,EXPECTED_WEEKEND_CLOSURE,EXPECTED
2022-03-27 21:41:00,2022-03-27 21:43:00,2.0,EXPECTED_WEEKEND_CLOSURE,EXPECTED
2022-03-27 21:52:00,2022-03-27 21:55:00,3.0,EXPECTED_WEEKEND_CLOSURE,EXPECTED
2022-03-27 21:57:00,2022-03-27 21:59:00,2.0,EXPECTED_WEEKEND_CLOSURE,EXPECTED
2022-03-27 22:30:00,2022-03-27 22:32:00,2.0,EXPECTED_WEEKEND_CLOSURE,EXPECTED
2022-03-27 22:42:00,2022-03-27 22:44:00,2.0,EXPECTED_WEEKEND_CLOSURE,EXPECTED
2022-03-27 22:49:00,2022-03-27 22:51:00,2.0,EXPECTED_WEEKEND_CLOSURE,EXPECTED
2022-03-27 22:55:00,2022-03-27 22:57:00,2.0,EXPECTED_WEEKEND_CLOSURE,EXPECTED
2022-03-27 22:57:00,2022-03-27 23:00:00,3.0,EXPECTED_WEEKEND_CLOSURE,EXPECTED
2022-03-27 23:55:00,2022-03-27 23:57:00,2.0,EXPECTED_WEEKEND_CLOSURE,EXPECTED
2022-03-28 20:08:00,2022-03-28 20:10:00,2.0,UNEXPECTED_SHORT_GAP,UNEXPECTED
2022-03-28 20:10:00,2022-03-28 20:12:00,2.0,UNEXPECTED_SHORT_GAP,UNEXPECTED
2022-03-28 20:26:00,2022-03-28 20:29:00,3.0,UNEXPECTED_SHORT_GAP,UNEXPECTED
2022-03-28 20:30:00,2022-03-28 20:32:00,2.0,UNEXPECTED_SHORT_GAP,UNEXPECTED
2022-03-28 20:32:00,2022-03-28 20:34:00,2.0,UNEXPECTED_SHORT_GAP,UNEXPECTED
2022-03-28 20:39:00,2022-03-28 20:41:00,2.0,UNEXPECTED_SHORT_GAP,UNEXPECTED
2022-03-28 20:45:00,2022-03-28 20:48:00,3.0,UNEXPECTED_SHORT_GAP,UNEXPECTED
2022-03-28 21:03:00,2022-03-28 21:05:00,2.0,UNEXPECTED_SHORT_GAP,UNEXPECTED
2022-03-28 21:08:00,2022-03-28 21:11:00,3.0,UNEXPECTED_SHORT_GAP,UNEXPECTED
2022-03-28 21:11:00,2022-03-28 21:13:00,2.0,UNEXPECTED_SHORT_GAP,UNEXPECTED
2022-03-28 21:14:00,2022-03-28 21:17:00,3.0,UNEXPECTED_SHORT_GAP,UNEXPECTED
2022-03-28 21:23:00,2022-03-28 21:26:00,3.0,UNEXPECTED_SHORT_GAP,UNEXPECTED
2022-03-28 21:26:00,2022-03-28 21:28:00,2.0,UNEXPECTED_SHORT_GAP,UNEXPECTED
2022-03-28 21:30:00,2022-03-28 21:32:00,2.0,UNEXPECTED_SHORT_GAP,UNEXPECTED
2022-03-28 21:36:00,2022-03-28 21:40:00,4.0,UNEXPECTED_SHORT_GAP,UNEXPECTED
2022-03-28 21:41:00,2022-03-28 21:44:00,3.0,UNEXPECTED_SHORT_GAP,UNEXPECTED
2022-03-28 21:46:00,2022-03-28 21:53:00,7.0,UNEXPECTED_INTRADAY_GAP,UNEXPECTED
2022-03-28 21:53:00,2022-03-28 21:57:00,4.0,UNEXPECTED_SHORT_GAP,UNEXPECTED
2022-03-28 22:05:00,2022-03-28 22:07:00,2.0,UNEXPECTED_SHORT_GAP,UNEXPECTED
2022-03-28 22:20:00,2022-03-28 22:22:00,2.0,UNEXPECTED_SHORT_GAP,UNEXPECTED
2022-03-28 22:23:00,2022-03-28 22:27:00,4.0,UNEXPECTED_SHORT_GAP,UNEXPECTED
2022-03-28 22:30:00,2022-03-28 22:32:00,2.0,UNEXPECTED_SHORT_GAP,UNEXPECTED
2022-03-28 22:40:00,2022-03-28 22:42:00,2.0,UNEXPECTED_SHORT_GAP,UNEXPECTED
2022-03-28 22:45:00,2022-03-28 22:47:00,2.0,UNEXPECTED_SHORT_GAP,UNEXPECTED
2022-03-28 22:51:00,2022-03-28 22:53:00,2.0,UNEXPECTED_SHORT_GAP,UNEXPECTED
2022-03-29 20:06:00,2022-03-29 20:08:00,2.0,UNEXPECTED_SHORT_GAP,UNEXPECTED
2022-03-29 20:18:00,2022-03-29 20:21:00,3.0,UNEXPECTED_SHORT_GAP,UNEXPECTED
2022-03-29 20:25:00,2022-03-29 20:27:00,2.0,UNEXPECTED_SHORT_GAP,UNEXPECTED
2022-03-29 20:41:00,2022-03-29 20:43:00,2.0,UNEXPECTED_SHORT_GAP,UNEXPECTED
2022-03-29 21:22:00,2022-03-29 21:24:00,2.0,UNEXPECTED_SHORT_GAP,UNEXPECTED
2022-03-29 21:25:00,2022-03-29 21:27:00,2.0,UNEXPECTED_SHORT_GAP,UNEXPECTED
2022-03-29 21:27:00,2022-03-29 21:30:00,3.0,UNEXPECTED_SHORT_GAP,UNEXPECTED
2022-03-29 21:31:00,2022-03-29 21:33:00,2.0,UNEXPECTED_SHORT_GAP,UNEXPECTED
2022-03-29 21:37:00,2022-03-29 21:39:00,2.0,UNEXPECTED_SHORT_GAP,UNEXPECTED
2022-03-29 21:49:00,2022-03-29 21:51:00,2.0,UNEXPECTED_SHORT_GAP,UNEXPECTED
2022-03-29 21:51:00,2022-03-29 21:53:00,2.0,UNEXPECTED_SHORT_GAP,UNEXPECTED
2022-03-29 21:53:00,2022-03-29 21:57:00,4.0,UNEXPECTED_SHORT_GAP,UNEXPECTED
2022-03-29 22:08:00,2022-03-29 22:10:00,2.0,UNEXPECTED_SHORT_GAP,UNEXPECTED
2022-03-29 22:11:00,2022-03-29 22:13:00,2.0,UNEXPECTED_SHORT_GAP,UNEXPECTED
2022-03-29 22:15:00,2022-03-29 22:17:00,2.0,UNEXPECTED_SHORT_GAP,UNEXPECTED
2022-03-29 22:27:00,2022-03-29 22:29:00,2.0,UNEXPECTED_SHORT_GAP,UNEXPECTED
2022-03-29 22:33:00,2022-03-29 22:35:00,2.0,UNEXPECTED_SHORT_GAP,UNEXPECTED
2022-03-29 22:38:00,2022-03-29 22:40:00,2.0,UNEXPECTED_SHORT_GAP,UNEXPECTED
2022-03-29 22:51:00,2022-03-29 22:53:00,2.0,UNEXPECTED_SHORT_GAP,UNEXPECTED
2022-03-29 22:53:00,2022-03-29 22:55:00,2.0,UNEXPECTED_SHORT_GAP,UNEXPECTED
2022-03-29 23:00:00,2022-03-29 23:02:00,2.0,UNEXPECTED_SHORT_GAP,UNEXPECTED
2022-03-30 20:08:00,2022-03-30 20:10:00,2.0,UNEXPECTED_SHORT_GAP,UNEXPECTED
2022-03-30 20:19:00,2022-03-30 20:21:00,2.0,UNEXPECTED_SHORT_GAP,UNEXPECTED
2022-03-30 20:30:00,2022-03-30 20:32:00,2.0,UNEXPECTED_SHORT_GAP,UNEXPECTED
2022-03-30 20:32:00,2022-03-30 20:34:00,2.0,UNEXPECTED_SHORT_GAP,UNEXPECTED
2022-03-30 20:39:00,2022-03-30 20:41:00,2.0,UNEXPECTED_SHORT_GAP,UNEXPECTED
2022-03-30 20:59:00,2022-03-30 21:01:00,2.0,UNEXPECTED_SHORT_GAP,UNEXPECTED
2022-03-30 21:01:00,2022-03-30 21:03:00,2.0,UNEXPECTED_SHORT_GAP,UNEXPECTED
2022-03-30 21:06:00,2022-03-30 21:10:00,4.0,UNEXPECTED_SHORT_GAP,UNEXPECTED
2022-03-30 21:13:00,2022-03-30 21:15:00,2.0,UNEXPECTED_SHORT_GAP,UNEXPECTED
2022-03-30 21:18:00,2022-03-30 21:20:00,2.0,UNEXPECTED_SHORT_GAP,UNEXPECTED
2022-03-30 21:21:00,2022-03-30 21:30:00,9.0,UNEXPECTED_INTRADAY_GAP,UNEXPECTED
2022-03-30 21:30:00,2022-03-30 21:35:00,5.0,UNEXPECTED_SHORT_GAP,UNEXPECTED
2022-03-30 21:35:00,2022-03-30 21:37:00,2.0,UNEXPECTED_SHORT_GAP,UNEXPECTED
2022-03-30 21:38:00,2022-03-30 21:42:00,4.0,UNEXPECTED_SHORT_GAP,UNEXPECTED
2022-03-30 21:48:00,2022-03-30 21:58:00,10.0,UNEXPECTED_INTRADAY_GAP,UNEXPECTED
2022-03-30 21:58:00,2022-03-30 22:00:00,2.0,UNEXPECTED_SHORT_GAP,UNEXPECTED
2022-03-30 22:02:00,2022-03-30 22:05:00,3.0,UNEXPECTED_SHORT_GAP,UNEXPECTED
2022-03-30 22:10:00,2022-03-30 22:12:00,2.0,UNEXPECTED_SHORT_GAP,UNEXPECTED
2022-03-30 22:14:00,2022-03-30 22:17:00,3.0,UNEXPECTED_SHORT_GAP,UNEXPECTED
2022-03-30 22:36:00,2022-03-30 22:38:00,2.0,UNEXPECTED_SHORT_GAP,UNEXPECTED
2022-03-30 22:53:00,2022-03-30 22:55:00,2.0,UNEXPECTED_SHORT_GAP,UNEXPECTED
2022-03-30 23:00:00,2022-03-30 23:02:00,2.0,UNEXPECTED_SHORT_GAP,UNEXPECTED
2022-03-30 23:08:00,2022-03-30 23:10:00,2.0,UNEXPECTED_SHORT_GAP,UNEXPECTED
2022-03-31 20:32:00,2022-03-31 20:34:00,2.0,UNEXPECTED_SHORT_GAP,UNEXPECTED
2022-03-31 21:03:00,2022-03-31 21:05:00,2.0,UNEXPECTED_SHORT_GAP,UNEXPECTED
2022-03-31 21:07:00,2022-03-31 21:10:00,3.0,UNEXPECTED_SHORT_GAP,UNEXPECTED
2022-03-31 23:21:00,2022-03-31 23:23:00,2.0,UNEXPECTED_SHORT_GAP,UNEXPECTED
2022-03-31 23:53:00,2022-03-31 23:55:00,2.0,UNEXPECTED_SHORT_GAP,UNEXPECTED
2022-04-01 20:41:00,2022-04-01 20:44:00,3.0,UNEXPECTED_SHORT_GAP,UNEXPECTED
2022-04-01 20:58:00,2022-04-03 21:05:00,2887.0,EXPECTED_WEEKEND_CLOSURE,EXPECTED
2022-04-03 21:17:00,2022-04-03 21:24:00,7.0,EXPECTED_WEEKEND_CLOSURE,EXPECTED
2022-04-03 21:41:00,2022-04-03 21:43:00,2.0,EXPECTED_WEEKEND_CLOSURE,EXPECTED
2022-04-03 21:54:00,2022-04-03 21:56:00,2.0,EXPECTED_WEEKEND_CLOSURE,EXPECTED
2022-04-03 21:56:00,2022-04-03 22:00:00,4.0,EXPECTED_WEEKEND_CLOSURE,EXPECTED
2022-04-03 22:37:00,2022-04-03 22:39:00,2.0,EXPECTED_WEEKEND_CLOSURE,EXPECTED
2022-04-03 22:45:00,2022-04-03 22:47:00,2.0,EXPECTED_WEEKEND_CLOSURE,EXPECTED
2022-04-03 22:58:00,2022-04-03 23:00:00,2.0,EXPECTED_WEEKEND_CLOSURE,EXPECTED
2022-04-03 23:30:00,2022-04-03 23:32:00,2.0,EXPECTED_WEEKEND_CLOSURE,EXPECTED
2022-04-03 23:37:00,2022-04-03 23:39:00,2.0,EXPECTED_WEEKEND_CLOSURE,EXPECTED
2022-04-04 03:36:00,2022-04-04 03:38:00,2.0,UNEXPECTED_SHORT_GAP,UNEXPECTED
2022-04-04 20:01:00,2022-04-04 20:03:00,2.0,UNEXPECTED_SHORT_GAP,UNEXPECTED
2022-04-04 20:05:00,2022-04-04 20:07:00,2.0,UNEXPECTED_SHORT_GAP,UNEXPECTED
2022-04-04 20:07:00,2022-04-04 20:09:00,2.0,UNEXPECTED_SHORT_GAP,UNEXPECTED
2022-04-04 20:11:00,2022-04-04 20:13:00,2.0,UNEXPECTED_SHORT_GAP,UNEXPECTED
2022-04-04 20:21:00,2022-04-04 20:23:00,2.0,UNEXPECTED_SHORT_GAP,UNEXPECTED
2022-04-04 20:32:00,2022-04-04 20:34:00,2.0,UNEXPECTED_SHORT_GAP,UNEXPECTED
2022-04-04 20:39:00,2022-04-04 20:41:00,2.0,UNEXPECTED_SHORT_GAP,UNEXPECTED
2022-04-04 21:02:00,2022-04-04 21:05:00,3.0,UNEXPECTED_SHORT_GAP,UNEXPECTED
2022-04-04 21:08:00,2022-04-04 21:10:00,2.0,UNEXPECTED_SHORT_GAP,UNEXPECTED
2022-04-04 21:33:00,2022-04-04 21:36:00,3.0,UNEXPECTED_SHORT_GAP,UNEXPECTED
2022-04-04 21:36:00,2022-04-04 21:39:00,3.0,UNEXPECTED_SHORT_GAP,UNEXPECTED
2022-04-04 21:39:00,2022-04-04 21:41:00,2.0,UNEXPECTED_SHORT_GAP,UNEXPECTED
2022-04-04 21:43:00,2022-04-04 21:45:00,2.0,UNEXPECTED_SHORT_GAP,UNEXPECTED
2022-04-04 21:52:00,2022-04-04 22:00:00,8.0,UNEXPECTED_INTRADAY_GAP,UNEXPECTED
2022-04-04 22:02:00,2022-04-04 22:04:00,2.0,UNEXPECTED_SHORT_GAP,UNEXPECTED
2022-04-04 22:05:00,2022-04-04 22:07:00,2.0,UNEXPECTED_SHORT_GAP,UNEXPECTED
2022-04-04 22:07:00,2022-04-04 22:10:00,3.0,UNEXPECTED_SHORT_GAP,UNEXPECTED
2022-04-04 22:11:00,2022-04-04 22:13:00,2.0,UNEXPECTED_SHORT_GAP,UNEXPECTED
2022-04-04 22:20:00,2022-04-04 22:22:00,2.0,UNEXPECTED_SHORT_GAP,UNEXPECTED
2022-04-04 22:23:00,2022-04-04 22:25:00,2.0,UNEXPECTED_SHORT_GAP,UNEXPECTED
2022-04-04 22:35:00,2022-04-04 22:38:00,3.0,UNEXPECTED_SHORT_GAP,UNEXPECTED
2022-04-04 22:47:00,2022-04-04 22:49:00,2.0,UNEXPECTED_SHORT_GAP,UNEXPECTED
2022-04-04 22:49:00,2022-04-04 22:51:00,2.0,UNEXPECTED_SHORT_GAP,UNEXPECTED
2022-04-04 22:51:00,2022-04-04 22:54:00,3.0,UNEXPECTED_SHORT_GAP,UNEXPECTED
2022-04-04 23:18:00,2022-04-04 23:20:00,2.0,UNEXPECTED_SHORT_GAP,UNEXPECTED
2022-04-04 23:22:00,2022-04-04 23:24:00,2.0,UNEXPECTED_SHORT_GAP,UNEXPECTED
2022-04-04 23:41:00,2022-04-04 23:43:00,2.0,UNEXPECTED_SHORT_GAP,UNEXPECTED
2022-04-05 20:23:00,2022-04-05 20:25:00,2.0,UNEXPECTED_SHORT_GAP,UNEXPECTED
2022-04-05 20:32:00,2022-04-05 20:34:00,2.0,UNEXPECTED_SHORT_GAP,UNEXPECTED
2022-04-05 20:41:00,2022-04-05 20:43:00,2.0,UNEXPECTED_SHORT_GAP,UNEXPECTED
2022-04-05 20:46:00,2022-04-05 20:48:00,2.0,UNEXPECTED_SHORT_GAP,UNEXPECTED
2022-04-05 20:59:00,2022-04-05 21:01:00,2.0,UNEXPECTED_SHORT_GAP,UNEXPECTED
2022-04-05 21:08:00,2022-04-05 21:10:00,2.0,UNEXPECTED_SHORT_GAP,UNEXPECTED
2022-04-05 21:12:00,2022-04-05 21:15:00,3.0,UNEXPECTED_SHORT_GAP,UNEXPECTED
2022-04-05 21:15:00,2022-04-05 21:19:00,4.0,UNEXPECTED_SHORT_GAP,UNEXPECTED
2022-04-05 21:50:00,2022-04-05 21:52:00,2.0,UNEXPECTED_SHORT_GAP,UNEXPECTED
2022-04-05 21:54:00,2022-04-05 21:56:00,2.0,UNEXPECTED_SHORT_GAP,UNEXPECTED
2022-04-05 22:19:00,2022-04-05 22:26:00,7.0,UNEXPECTED_INTRADAY_GAP,UNEXPECTED
2022-04-05 22:28:00,2022-04-05 22:30:00,2.0,UNEXPECTED_SHORT_GAP,UNEXPECTED
2022-04-05 22:33:00,2022-04-05 22:36:00,3.0,UNEXPECTED_SHORT_GAP,UNEXPECTED
2022-04-05 22:38:00,2022-04-05 22:40:00,2.0,UNEXPECTED_SHORT_GAP,UNEXPECTED
2022-04-05 22:40:00,2022-04-05 22:42:00,2.0,UNEXPECTED_SHORT_GAP,UNEXPECTED
2022-04-05 22:42:00,2022-04-05 22:50:00,8.0,UNEXPECTED_INTRADAY_GAP,UNEXPECTED
2022-04-05 22:50:00,2022-04-05 22:52:00,2.0,UNEXPECTED_SHORT_GAP,UNEXPECTED
2022-04-05 22:57:00,2022-04-05 22:59:00,2.0,UNEXPECTED_SHORT_GAP,UNEXPECTED
2022-04-05 23:10:00,2022-04-05 23:12:00,2.0,UNEXPECTED_SHORT_GAP,UNEXPECTED
2022-04-05 23:24:00,2022-04-05 23:26:00,2.0,UNEXPECTED_SHORT_GAP,UNEXPECTED
2022-04-05 23:31:00,2022-04-05 23:34:00,3.0,UNEXPECTED_SHORT_GAP,UNEXPECTED
2022-04-05 23:38:00,2022-04-05 23:40:00,2.0,UNEXPECTED_SHORT_GAP,UNEXPECTED
2022-04-05 23:47:00,2022-04-05 23:51:00,4.0,UNEXPECTED_SHORT_GAP,UNEXPECTED
2022-04-06 20:53:00,2022-04-06 20:55:00,2.0,UNEXPECTED_SHORT_GAP,UNEXPECTED
2022-04-06 21:02:00,2022-04-06 21:05:00,3.0,UNEXPECTED_SHORT_GAP,UNEXPECTED
2022-04-06 21:10:00,2022-04-06 21:12:00,2.0,UNEXPECTED_SHORT_GAP,UNEXPECTED
2022-04-06 21:12:00,2022-04-06 21:14:00,2.0,UNEXPECTED_SHORT_GAP,UNEXPECTED
2022-04-06 21:23:00,2022-04-06 21:26:00,3.0,UNEXPECTED_SHORT_GAP,UNEXPECTED
2022-04-06 21:27:00,2022-04-06 21:29:00,2.0,UNEXPECTED_SHORT_GAP,UNEXPECTED
2022-04-06 21:30:00,2022-04-06 21:32:00,2.0,UNEXPECTED_SHORT_GAP,UNEXPECTED
2022-04-06 21:33:00,2022-04-06 21:35:00,2.0,UNEXPECTED_SHORT_GAP,UNEXPECTED
2022-04-06 21:36:00,2022-04-06 21:38:00,2.0,UNEXPECTED_SHORT_GAP,UNEXPECTED
2022-04-06 21:39:00,2022-04-06 21:41:00,2.0,UNEXPECTED_SHORT_GAP,UNEXPECTED
2022-04-06 21:44:00,2022-04-06 21:48:00,4.0,UNEXPECTED_SHORT_GAP,UNEXPECTED
2022-04-06 21:49:00,2022-04-06 21:51:00,2.0,UNEXPECTED_SHORT_GAP,UNEXPECTED
2022-04-06 21:51:00,2022-04-06 21:53:00,2.0,UNEXPECTED_SHORT_GAP,UNEXPECTED
2022-04-06 22:08:00,2022-04-06 22:10:00,2.0,UNEXPECTED_SHORT_GAP,UNEXPECTED
2022-04-06 22:11:00,2022-04-06 22:13:00,2.0,UNEXPECTED_SHORT_GAP,UNEXPECTED
2022-04-06 22:28:00,2022-04-06 22:30:00,2.0,UNEXPECTED_SHORT_GAP,UNEXPECTED
2022-04-06 22:38:00,2022-04-06 22:40:00,2.0,UNEXPECTED_SHORT_GAP,UNEXPECTED
2022-04-06 22:42:00,2022-04-06 22:45:00,3.0,UNEXPECTED_SHORT_GAP,UNEXPECTED
2022-04-06 22:45:00,2022-04-06 22:49:00,4.0,UNEXPECTED_SHORT_GAP,UNEXPECTED
2022-04-06 22:49:00,2022-04-06 22:51:00,2.0,UNEXPECTED_SHORT_GAP,UNEXPECTED
2022-04-06 22:52:00,2022-04-06 22:54:00,2.0,UNEXPECTED_SHORT_GAP,UNEXPECTED
2022-04-06 22:57:00,2022-04-06 22:59:00,2.0,UNEXPECTED_SHORT_GAP,UNEXPECTED
2022-04-06 23:18:00,2022-04-06 23:20:00,2.0,UNEXPECTED_SHORT_GAP,UNEXPECTED
2022-04-07 21:00:00,2022-04-07 21:02:00,2.0,UNEXPECTED_SHORT_GAP,UNEXPECTED
2022-04-07 21:05:00,2022-04-07 21:07:00,2.0,UNEXPECTED_SHORT_GAP,UNEXPECTED
2022-04-07 21:08:00,2022-04-07 21:10:00,2.0,UNEXPECTED_SHORT_GAP,UNEXPECTED
2022-04-07 21:10:00,2022-04-07 21:12:00,2.0,UNEXPECTED_SHORT_GAP,UNEXPECTED
2022-04-07 21:12:00,2022-04-07 21:14:00,2.0,UNEXPECTED_SHORT_GAP,UNEXPECTED
2022-04-07 21:38:00,2022-04-07 21:40:00,2.0,UNEXPECTED_SHORT_GAP,UNEXPECTED
2022-04-07 21:43:00,2022-04-07 21:45:00,2.0,UNEXPECTED_SHORT_GAP,UNEXPECTED
2022-04-07 21:46:00,2022-04-07 21:48:00,2.0,UNEXPECTED_SHORT_GAP,UNEXPECTED
2022-04-07 21:49:00,2022-04-07 21:52:00,3.0,UNEXPECTED_SHORT_GAP,UNEXPECTED
2022-04-07 21:52:00,2022-04-07 21:54:00,2.0,UNEXPECTED_SHORT_GAP,UNEXPECTED
2022-04-07 21:55:00,2022-04-07 22:00:00,5.0,UNEXPECTED_SHORT_GAP,UNEXPECTED
2022-04-07 22:10:00,2022-04-07 22:12:00,2.0,UNEXPECTED_SHORT_GAP,UNEXPECTED
2022-04-07 22:16:00,2022-04-07 22:20:00,4.0,UNEXPECTED_SHORT_GAP,UNEXPECTED
2022-04-07 22:23:00,2022-04-07 22:25:00,2.0,UNEXPECTED_SHORT_GAP,UNEXPECTED
2022-04-07 22:27:00,2022-04-07 22:29:00,2.0,UNEXPECTED_SHORT_GAP,UNEXPECTED
2022-04-07 22:32:00,2022-04-07 22:34:00,2.0,UNEXPECTED_SHORT_GAP,UNEXPECTED
2022-04-07 22:34:00,2022-04-07 22:36:00,2.0,UNEXPECTED_SHORT_GAP,UNEXPECTED
2022-04-07 22:38:00,2022-04-07 22:41:00,3.0,UNEXPECTED_SHORT_GAP,UNEXPECTED
2022-04-07 22:47:00,2022-04-07 22:49:00,2.0,UNEXPECTED_SHORT_GAP,UNEXPECTED
2022-04-07 22:51:00,2022-04-07 22:53:00,2.0,UNEXPECTED_SHORT_GAP,UNEXPECTED
2022-04-07 22:54:00,2022-04-07 22:57:00,3.0,UNEXPECTED_SHORT_GAP,UNEXPECTED
2022-04-07 22:58:00,2022-04-07 23:00:00,2.0,UNEXPECTED_SHORT_GAP,UNEXPECTED
2022-04-07 23:03:00,2022-04-07 23:05:00,2.0,UNEXPECTED_SHORT_GAP,UNEXPECTED
2022-04-07 23:05:00,2022-04-07 23:07:00,2.0,UNEXPECTED_SHORT_GAP,UNEXPECTED
2022-04-07 23:14:00,2022-04-07 23:16:00,2.0,UNEXPECTED_SHORT_GAP,UNEXPECTED
2022-04-07 23:43:00,2022-04-07 23:45:00,2.0,UNEXPECTED_SHORT_GAP,UNEXPECTED
2022-04-08 17:48:00,2022-04-08 17:50:00,2.0,UNEXPECTED_SHORT_GAP,UNEXPECTED
2022-04-08 20:03:00,2022-04-08 20:06:00,3.0,UNEXPECTED_SHORT_GAP,UNEXPECTED
2022-04-08 20:16:00,2022-04-08 20:18:00,2.0,UNEXPECTED_SHORT_GAP,UNEXPECTED
2022-04-08 20:25:00,2022-04-08 20:27:00,2.0,UNEXPECTED_SHORT_GAP,UNEXPECTED
2022-04-08 20:52:00,2022-04-08 20:54:00,2.0,UNEXPECTED_SHORT_GAP,UNEXPECTED
2022-04-08 20:58:00,2022-04-10 21:06:00,2888.0,EXPECTED_WEEKEND_CLOSURE,EXPECTED
2022-04-10 21:10:00,2022-04-10 21:14:00,4.0,EXPECTED_WEEKEND_CLOSURE,EXPECTED
2022-04-10 21:19:00,2022-04-10 21:23:00,4.0,EXPECTED_WEEKEND_CLOSURE,EXPECTED
2022-04-10 21:44:00,2022-04-10 21:46:00,2.0,EXPECTED_WEEKEND_CLOSURE,EXPECTED
2022-04-10 21:50:00,2022-04-10 21:52:00,2.0,EXPECTED_WEEKEND_CLOSURE,EXPECTED
2022-04-10 23:15:00,2022-04-10 23:17:00,2.0,EXPECTED_WEEKEND_CLOSURE,EXPECTED
2022-04-10 23:23:00,2022-04-10 23:25:00,2.0,EXPECTED_WEEKEND_CLOSURE,EXPECTED
2022-04-11 20:33:00,2022-04-11 20:35:00,2.0,UNEXPECTED_SHORT_GAP,UNEXPECTED
2022-04-11 20:50:00,2022-04-11 20:52:00,2.0,UNEXPECTED_SHORT_GAP,UNEXPECTED
2022-04-11 21:02:00,2022-04-11 21:05:00,3.0,UNEXPECTED_SHORT_GAP,UNEXPECTED
2022-04-11 21:36:00,2022-04-11 21:38:00,2.0,UNEXPECTED_SHORT_GAP,UNEXPECTED
2022-04-11 21:45:00,2022-04-11 21:47:00,2.0,UNEXPECTED_SHORT_GAP,UNEXPECTED
2022-04-11 21:48:00,2022-04-11 21:52:00,4.0,UNEXPECTED_SHORT_GAP,UNEXPECTED
2022-04-11 21:55:00,2022-04-11 21:59:00,4.0,UNEXPECTED_SHORT_GAP,UNEXPECTED
2022-04-11 22:05:00,2022-04-11 22:07:00,2.0,UNEXPECTED_SHORT_GAP,UNEXPECTED
2022-04-11 22:16:00,2022-04-11 22:18:00,2.0,UNEXPECTED_SHORT_GAP,UNEXPECTED
2022-04-11 22:20:00,2022-04-11 22:22:00,2.0,UNEXPECTED_SHORT_GAP,UNEXPECTED
2022-04-11 22:33:00,2022-04-11 22:37:00,4.0,UNEXPECTED_SHORT_GAP,UNEXPECTED
2022-04-11 22:41:00,2022-04-11 22:43:00,2.0,UNEXPECTED_SHORT_GAP,UNEXPECTED
2022-04-11 22:43:00,2022-04-11 22:45:00,2.0,UNEXPECTED_SHORT_GAP,UNEXPECTED
2022-04-11 22:45:00,2022-04-11 22:47:00,2.0,UNEXPECTED_SHORT_GAP,UNEXPECTED
2022-04-11 22:51:00,2022-04-11 22:53:00,2.0,UNEXPECTED_SHORT_GAP,UNEXPECTED
2022-04-11 22:53:00,2022-04-11 22:55:00,2.0,UNEXPECTED_SHORT_GAP,UNEXPECTED
2022-04-11 23:07:00,2022-04-11 23:10:00,3.0,UNEXPECTED_SHORT_GAP,UNEXPECTED
2022-04-12 04:24:00,2022-04-12 04:26:00,2.0,UNEXPECTED_SHORT_GAP,UNEXPECTED
2022-04-12 20:07:00,2022-04-12 20:09:00,2.0,UNEXPECTED_SHORT_GAP,UNEXPECTED
2022-04-12 20:18:00,2022-04-12 20:20:00,2.0,UNEXPECTED_SHORT_GAP,UNEXPECTED
2022-04-12 20:26:00,2022-04-12 20:28:00,2.0,UNEXPECTED_SHORT_GAP,UNEXPECTED
2022-04-12 20:31:00,2022-04-12 20:36:00,5.0,UNEXPECTED_SHORT_GAP,UNEXPECTED
2022-04-12 20:36:00,2022-04-12 20:38:00,2.0,UNEXPECTED_SHORT_GAP,UNEXPECTED
2022-04-12 21:00:00,2022-04-12 21:02:00,2.0,UNEXPECTED_SHORT_GAP,UNEXPECTED
2022-04-12 21:02:00,2022-04-12 21:05:00,3.0,UNEXPECTED_SHORT_GAP,UNEXPECTED
2022-04-12 21:16:00,2022-04-12 21:20:00,4.0,UNEXPECTED_SHORT_GAP,UNEXPECTED
2022-04-12 21:21:00,2022-04-12 21:27:00,6.0,UNEXPECTED_INTRADAY_GAP,UNEXPECTED
2022-04-12 21:32:00,2022-04-12 21:36:00,4.0,UNEXPECTED_SHORT_GAP,UNEXPECTED
2022-04-12 21:36:00,2022-04-12 21:38:00,2.0,UNEXPECTED_SHORT_GAP,UNEXPECTED
2022-04-12 21:42:00,2022-04-12 21:45:00,3.0,UNEXPECTED_SHORT_GAP,UNEXPECTED
2022-04-12 21:53:00,2022-04-12 21:55:00,2.0,UNEXPECTED_SHORT_GAP,UNEXPECTED
2022-04-12 22:07:00,2022-04-12 22:10:00,3.0,UNEXPECTED_SHORT_GAP,UNEXPECTED
2022-04-12 22:22:00,2022-04-12 22:24:00,2.0,UNEXPECTED_SHORT_GAP,UNEXPECTED
2022-04-12 22:36:00,2022-04-12 22:38:00,2.0,UNEXPECTED_SHORT_GAP,UNEXPECTED
2022-04-12 22:41:00,2022-04-12 22:43:00,2.0,UNEXPECTED_SHORT_GAP,UNEXPECTED
2022-04-12 22:44:00,2022-04-12 22:47:00,3.0,UNEXPECTED_SHORT_GAP,UNEXPECTED
2022-04-12 23:16:00,2022-04-12 23:21:00,5.0,UNEXPECTED_SHORT_GAP,UNEXPECTED
2022-04-12 23:22:00,2022-04-12 23:27:00,5.0,UNEXPECTED_SHORT_GAP,UNEXPECTED
2022-04-12 23:30:00,2022-04-12 23:32:00,2.0,UNEXPECTED_SHORT_GAP,UNEXPECTED
2022-04-12 23:33:00,2022-04-12 23:36:00,3.0,UNEXPECTED_SHORT_GAP,UNEXPECTED
2022-04-12 23:46:00,2022-04-12 23:48:00,2.0,UNEXPECTED_SHORT_GAP,UNEXPECTED
2022-04-12 23:50:00,2022-04-12 23:52:00,2.0,UNEXPECTED_SHORT_GAP,UNEXPECTED
2022-04-12 23:55:00,2022-04-12 23:57:00,2.0,UNEXPECTED_SHORT_GAP,UNEXPECTED
2022-04-13 20:09:00,2022-04-13 20:12:00,3.0,UNEXPECTED_SHORT_GAP,UNEXPECTED
2022-04-13 20:30:00,2022-04-13 20:34:00,4.0,UNEXPECTED_SHORT_GAP,UNEXPECTED
2022-04-13 20:37:00,2022-04-13 20:41:00,4.0,UNEXPECTED_SHORT_GAP,UNEXPECTED
2022-04-13 20:50:00,2022-04-13 20:52:00,2.0,UNEXPECTED_SHORT_GAP,UNEXPECTED
2022-04-13 21:20:00,2022-04-13 21:22:00,2.0,UNEXPECTED_SHORT_GAP,UNEXPECTED
2022-04-13 21:39:00,2022-04-13 21:41:00,2.0,UNEXPECTED_SHORT_GAP,UNEXPECTED
2022-04-13 21:43:00,2022-04-13 21:45:00,2.0,UNEXPECTED_SHORT_GAP,UNEXPECTED
2022-04-13 21:55:00,2022-04-13 21:58:00,3.0,UNEXPECTED_SHORT_GAP,UNEXPECTED
2022-04-13 22:19:00,2022-04-13 22:21:00,2.0,UNEXPECTED_SHORT_GAP,UNEXPECTED
2022-04-13 22:21:00,2022-04-13 22:23:00,2.0,UNEXPECTED_SHORT_GAP,UNEXPECTED
2022-04-13 22:23:00,2022-04-13 22:26:00,3.0,UNEXPECTED_SHORT_GAP,UNEXPECTED
2022-04-13 22:27:00,2022-04-13 22:30:00,3.0,UNEXPECTED_SHORT_GAP,UNEXPECTED
2022-04-13 22:30:00,2022-04-13 22:32:00,2.0,UNEXPECTED_SHORT_GAP,UNEXPECTED
2022-04-13 22:33:00,2022-04-13 22:35:00,2.0,UNEXPECTED_SHORT_GAP,UNEXPECTED
2022-04-13 22:44:00,2022-04-13 22:46:00,2.0,UNEXPECTED_SHORT_GAP,UNEXPECTED
2022-04-13 22:47:00,2022-04-13 22:51:00,4.0,UNEXPECTED_SHORT_GAP,UNEXPECTED
2022-04-13 22:54:00,2022-04-13 22:57:00,3.0,UNEXPECTED_SHORT_GAP,UNEXPECTED
2022-04-13 23:09:00,2022-04-13 23:12:00,3.0,UNEXPECTED_SHORT_GAP,UNEXPECTED
2022-04-13 23:16:00,2022-04-13 23:18:00,2.0,UNEXPECTED_SHORT_GAP,UNEXPECTED
2022-04-13 23:32:00,2022-04-13 23:34:00,2.0,UNEXPECTED_SHORT_GAP,UNEXPECTED
2022-04-13 23:36:00,2022-04-13 23:38:00,2.0,UNEXPECTED_SHORT_GAP,UNEXPECTED
2022-04-13 23:42:00,2022-04-13 23:44:00,2.0,UNEXPECTED_SHORT_GAP,UNEXPECTED
2022-04-14 04:34:00,2022-04-14 04:36:00,2.0,UNEXPECTED_SHORT_GAP,UNEXPECTED
2022-04-14 04:55:00,2022-04-14 04:57:00,2.0,UNEXPECTED_SHORT_GAP,UNEXPECTED
2022-04-14 05:16:00,2022-04-14 05:18:00,2.0,UNEXPECTED_SHORT_GAP,UNEXPECTED
2022-04-14 18:34:00,2022-04-14 18:36:00,2.0,UNEXPECTED_SHORT_GAP,UNEXPECTED
2022-04-14 20:03:00,2022-04-14 20:05:00,2.0,UNEXPECTED_SHORT_GAP,UNEXPECTED
2022-04-14 20:13:00,2022-04-14 20:15:00,2.0,UNEXPECTED_SHORT_GAP,UNEXPECTED
2022-04-14 20:26:00,2022-04-14 20:28:00,2.0,UNEXPECTED_SHORT_GAP,UNEXPECTED
2022-04-14 20:40:00,2022-04-14 20:42:00,2.0,UNEXPECTED_SHORT_GAP,UNEXPECTED
2022-04-14 20:42:00,2022-04-14 20:45:00,3.0,UNEXPECTED_SHORT_GAP,UNEXPECTED
2022-04-14 20:45:00,2022-04-14 20:47:00,2.0,UNEXPECTED_SHORT_GAP,UNEXPECTED
2022-04-14 20:50:00,2022-04-14 20:52:00,2.0,UNEXPECTED_SHORT_GAP,UNEXPECTED
2022-04-14 21:02:00,2022-04-14 21:04:00,2.0,UNEXPECTED_SHORT_GAP,UNEXPECTED
2022-04-14 21:44:00,2022-04-14 21:46:00,2.0,UNEXPECTED_SHORT_GAP,UNEXPECTED
2022-04-14 22:05:00,2022-04-14 22:07:00,2.0,UNEXPECTED_SHORT_GAP,UNEXPECTED
2022-04-14 22:17:00,2022-04-14 22:22:00,5.0,UNEXPECTED_SHORT_GAP,UNEXPECTED
2022-04-14 22:23:00,2022-04-14 22:27:00,4.0,UNEXPECTED_SHORT_GAP,UNEXPECTED
2022-04-14 22:33:00,2022-04-14 22:35:00,2.0,UNEXPECTED_SHORT_GAP,UNEXPECTED
2022-04-14 22:45:00,2022-04-14 22:47:00,2.0,UNEXPECTED_SHORT_GAP,UNEXPECTED
2022-04-14 22:51:00,2022-04-14 22:53:00,2.0,UNEXPECTED_SHORT_GAP,UNEXPECTED
2022-04-15 00:12:00,2022-04-15 00:14:00,2.0,UNEXPECTED_SHORT_GAP,UNEXPECTED
2022-04-15 00:34:00,2022-04-15 00:36:00,2.0,UNEXPECTED_SHORT_GAP,UNEXPECTED
2022-04-15 00:36:00,2022-04-15 00:39:00,3.0,UNEXPECTED_SHORT_GAP,UNEXPECTED
2022-04-15 00:40:00,2022-04-15 00:42:00,2.0,UNEXPECTED_SHORT_GAP,UNEXPECTED
2022-04-15 00:42:00,2022-04-15 00:44:00,2.0,UNEXPECTED_SHORT_GAP,UNEXPECTED
2022-04-15 00:46:00,2022-04-15 00:48:00,2.0,UNEXPECTED_SHORT_GAP,UNEXPECTED
2022-04-15 02:21:00,2022-04-15 02:23:00,2.0,UNEXPECTED_SHORT_GAP,UNEXPECTED
2022-04-15 02:40:00,2022-04-15 02:43:00,3.0,UNEXPECTED_SHORT_GAP,UNEXPECTED
2022-04-15 02:43:00,2022-04-15 02:45:00,2.0,UNEXPECTED_SHORT_GAP,UNEXPECTED
2022-04-15 02:46:00,2022-04-15 02:50:00,4.0,UNEXPECTED_SHORT_GAP,UNEXPECTED
2022-04-15 02:50:00,2022-04-15 02:52:00,2.0,UNEXPECTED_SHORT_GAP,UNEXPECTED
2022-04-15 02:52:00,2022-04-15 02:54:00,2.0,UNEXPECTED_SHORT_GAP,UNEXPECTED
2022-04-15 04:09:00,2022-04-15 04:11:00,2.0,UNEXPECTED_SHORT_GAP,UNEXPECTED
2022-04-15 04:12:00,2022-04-15 04:14:00,2.0,UNEXPECTED_SHORT_GAP,UNEXPECTED
2022-04-15 10:35:00,2022-04-15 10:37:00,2.0,UNEXPECTED_SHORT_GAP,UNEXPECTED
2022-04-15 10:43:00,2022-04-15 10:45:00,2.0,UNEXPECTED_SHORT_GAP,UNEXPECTED
2022-04-15 14:29:00,2022-04-15 14:31:00,2.0,UNEXPECTED_SHORT_GAP,UNEXPECTED
2022-04-15 14:32:00,2022-04-15 14:34:00,2.0,UNEXPECTED_SHORT_GAP,UNEXPECTED
2022-04-15 16:32:00,2022-04-15 16:34:00,2.0,UNEXPECTED_SHORT_GAP,UNEXPECTED
2022-04-15 17:06:00,2022-04-15 17:08:00,2.0,UNEXPECTED_SHORT_GAP,UNEXPECTED
2022-04-15 17:15:00,2022-04-15 17:17:00,2.0,UNEXPECTED_SHORT_GAP,UNEXPECTED
2022-04-15 19:22:00,2022-04-15 19:24:00,2.0,UNEXPECTED_SHORT_GAP,UNEXPECTED
2022-04-15 19:54:00,2022-04-15 19:56:00,2.0,UNEXPECTED_SHORT_GAP,UNEXPECTED
2022-04-15 20:11:00,2022-04-15 20:13:00,2.0,UNEXPECTED_SHORT_GAP,UNEXPECTED
2022-04-15 20:58:00,2022-04-17 21:05:00,2887.0,EXPECTED_WEEKEND_CLOSURE,EXPECTED
2022-04-17 21:17:00,2022-04-17 21:21:00,4.0,EXPECTED_WEEKEND_CLOSURE,EXPECTED
2022-04-17 21:22:00,2022-04-17 21:25:00,3.0,EXPECTED_WEEKEND_CLOSURE,EXPECTED
2022-04-17 21:25:00,2022-04-17 21:27:00,2.0,EXPECTED_WEEKEND_CLOSURE,EXPECTED
2022-04-17 21:27:00,2022-04-17 21:31:00,4.0,EXPECTED_WEEKEND_CLOSURE,EXPECTED
2022-04-17 21:33:00,2022-04-17 21:35:00,2.0,EXPECTED_WEEKEND_CLOSURE,EXPECTED
2022-04-17 21:39:00,2022-04-17 21:41:00,2.0,EXPECTED_WEEKEND_CLOSURE,EXPECTED
2022-04-17 21:41:00,2022-04-17 21:43:00,2.0,EXPECTED_WEEKEND_CLOSURE,EXPECTED
2022-04-17 21:44:00,2022-04-17 21:47:00,3.0,EXPECTED_WEEKEND_CLOSURE,EXPECTED
2022-04-17 21:49:00,2022-04-17 21:51:00,2.0,EXPECTED_WEEKEND_CLOSURE,EXPECTED
2022-04-17 23:16:00,2022-04-17 23:18:00,2.0,EXPECTED_WEEKEND_CLOSURE,EXPECTED
2022-04-18 11:46:00,2022-04-18 11:48:00,2.0,UNEXPECTED_SHORT_GAP,UNEXPECTED
2022-04-18 19:45:00,2022-04-18 19:47:00,2.0,UNEXPECTED_SHORT_GAP,UNEXPECTED
2022-04-18 20:32:00,2022-04-18 20:34:00,2.0,UNEXPECTED_SHORT_GAP,UNEXPECTED
2022-04-18 20:34:00,2022-04-18 20:36:00,2.0,UNEXPECTED_SHORT_GAP,UNEXPECTED
2022-04-18 20:36:00,2022-04-18 20:38:00,2.0,UNEXPECTED_SHORT_GAP,UNEXPECTED
2022-04-18 20:40:00,2022-04-18 20:42:00,2.0,UNEXPECTED_SHORT_GAP,UNEXPECTED
2022-04-18 20:43:00,2022-04-18 20:45:00,2.0,UNEXPECTED_SHORT_GAP,UNEXPECTED
2022-04-18 20:50:00,2022-04-18 20:53:00,3.0,UNEXPECTED_SHORT_GAP,UNEXPECTED
2022-04-18 21:02:00,2022-04-18 21:04:00,2.0,UNEXPECTED_SHORT_GAP,UNEXPECTED
2022-04-18 21:05:00,2022-04-18 21:07:00,2.0,UNEXPECTED_SHORT_GAP,UNEXPECTED
2022-04-18 21:11:00,2022-04-18 21:13:00,2.0,UNEXPECTED_SHORT_GAP,UNEXPECTED
2022-04-18 21:14:00,2022-04-18 21:18:00,4.0,UNEXPECTED_SHORT_GAP,UNEXPECTED
2022-04-18 21:19:00,2022-04-18 21:21:00,2.0,UNEXPECTED_SHORT_GAP,UNEXPECTED
2022-04-18 21:21:00,2022-04-18 21:24:00,3.0,UNEXPECTED_SHORT_GAP,UNEXPECTED
2022-04-18 21:31:00,2022-04-18 21:33:00,2.0,UNEXPECTED_SHORT_GAP,UNEXPECTED
2022-04-18 21:33:00,2022-04-18 21:38:00,5.0,UNEXPECTED_SHORT_GAP,UNEXPECTED
2022-04-18 22:03:00,2022-04-18 22:05:00,2.0,UNEXPECTED_SHORT_GAP,UNEXPECTED
2022-04-18 22:20:00,2022-04-18 22:22:00,2.0,UNEXPECTED_SHORT_GAP,UNEXPECTED
2022-04-18 22:32:00,2022-04-18 22:34:00,2.0,UNEXPECTED_SHORT_GAP,UNEXPECTED
2022-04-18 22:46:00,2022-04-18 22:48:00,2.0,UNEXPECTED_SHORT_GAP,UNEXPECTED
2022-04-18 22:50:00,2022-04-18 22:52:00,2.0,UNEXPECTED_SHORT_GAP,UNEXPECTED
2022-04-19 20:03:00,2022-04-19 20:05:00,2.0,UNEXPECTED_SHORT_GAP,UNEXPECTED
2022-04-19 20:21:00,2022-04-19 20:23:00,2.0,UNEXPECTED_SHORT_GAP,UNEXPECTED
2022-04-19 20:23:00,2022-04-19 20:26:00,3.0,UNEXPECTED_SHORT_GAP,UNEXPECTED
2022-04-19 20:27:00,2022-04-19 20:29:00,2.0,UNEXPECTED_SHORT_GAP,UNEXPECTED
2022-04-19 20:37:00,2022-04-19 20:39:00,2.0,UNEXPECTED_SHORT_GAP,UNEXPECTED
2022-04-19 20:43:00,2022-04-19 20:45:00,2.0,UNEXPECTED_SHORT_GAP,UNEXPECTED
2022-04-19 20:45:00,2022-04-19 20:47:00,2.0,UNEXPECTED_SHORT_GAP,UNEXPECTED
2022-04-19 20:59:00,2022-04-19 21:01:00,2.0,UNEXPECTED_SHORT_GAP,UNEXPECTED
2022-04-19 21:01:00,2022-04-19 21:05:00,4.0,UNEXPECTED_SHORT_GAP,UNEXPECTED
2022-04-19 21:10:00,2022-04-19 21:12:00,2.0,UNEXPECTED_SHORT_GAP,UNEXPECTED
2022-04-19 21:12:00,2022-04-19 21:15:00,3.0,UNEXPECTED_SHORT_GAP,UNEXPECTED
2022-04-19 21:27:00,2022-04-19 21:30:00,3.0,UNEXPECTED_SHORT_GAP,UNEXPECTED
2022-04-19 21:45:00,2022-04-19 21:47:00,2.0,UNEXPECTED_SHORT_GAP,UNEXPECTED
2022-04-19 21:51:00,2022-04-19 21:54:00,3.0,UNEXPECTED_SHORT_GAP,UNEXPECTED
2022-04-19 22:06:00,2022-04-19 22:08:00,2.0,UNEXPECTED_SHORT_GAP,UNEXPECTED
2022-04-19 22:52:00,2022-04-19 22:54:00,2.0,UNEXPECTED_SHORT_GAP,UNEXPECTED
2022-04-19 23:01:00,2022-04-19 23:03:00,2.0,UNEXPECTED_SHORT_GAP,UNEXPECTED
2022-04-20 20:25:00,2022-04-20 20:28:00,3.0,UNEXPECTED_SHORT_GAP,UNEXPECTED
2022-04-20 20:31:00,2022-04-20 20:33:00,2.0,UNEXPECTED_SHORT_GAP,UNEXPECTED
2022-04-20 20:33:00,2022-04-20 20:35:00,2.0,UNEXPECTED_SHORT_GAP,UNEXPECTED
2022-04-20 20:35:00,2022-04-20 20:37:00,2.0,UNEXPECTED_SHORT_GAP,UNEXPECTED
2022-04-20 20:43:00,2022-04-20 20:45:00,2.0,UNEXPECTED_SHORT_GAP,UNEXPECTED
2022-04-20 21:00:00,2022-04-20 21:02:00,2.0,UNEXPECTED_SHORT_GAP,UNEXPECTED
2022-04-20 21:02:00,2022-04-20 21:04:00,2.0,UNEXPECTED_SHORT_GAP,UNEXPECTED
2022-04-20 21:36:00,2022-04-20 21:38:00,2.0,UNEXPECTED_SHORT_GAP,UNEXPECTED
2022-04-20 21:39:00,2022-04-20 21:41:00,2.0,UNEXPECTED_SHORT_GAP,UNEXPECTED
2022-04-20 21:41:00,2022-04-20 21:43:00,2.0,UNEXPECTED_SHORT_GAP,UNEXPECTED
2022-04-20 21:46:00,2022-04-20 21:48:00,2.0,UNEXPECTED_SHORT_GAP,UNEXPECTED
2022-04-20 21:54:00,2022-04-20 21:57:00,3.0,UNEXPECTED_SHORT_GAP,UNEXPECTED
2022-04-20 22:08:00,2022-04-20 22:10:00,2.0,UNEXPECTED_SHORT_GAP,UNEXPECTED
2022-04-20 22:26:00,2022-04-20 22:28:00,2.0,UNEXPECTED_SHORT_GAP,UNEXPECTED
2022-04-20 22:34:00,2022-04-20 22:36:00,2.0,UNEXPECTED_SHORT_GAP,UNEXPECTED
2022-04-20 23:17:00,2022-04-20 23:19:00,2.0,UNEXPECTED_SHORT_GAP,UNEXPECTED
2022-04-21 04:55:00,2022-04-21 04:57:00,2.0,UNEXPECTED_SHORT_GAP,UNEXPECTED
2022-04-21 10:13:00,2022-04-21 10:15:00,2.0,UNEXPECTED_SHORT_GAP,UNEXPECTED
2022-04-21 20:36:00,2022-04-21 20:38:00,2.0,UNEXPECTED_SHORT_GAP,UNEXPECTED
2022-04-21 21:02:00,2022-04-21 21:04:00,2.0,UNEXPECTED_SHORT_GAP,UNEXPECTED
2022-04-21 22:04:00,2022-04-21 22:09:00,5.0,UNEXPECTED_SHORT_GAP,UNEXPECTED
2022-04-21 22:23:00,2022-04-21 22:27:00,4.0,UNEXPECTED_SHORT_GAP,UNEXPECTED
2022-04-21 22:33:00,2022-04-21 22:35:00,2.0,UNEXPECTED_SHORT_GAP,UNEXPECTED
2022-04-21 22:40:00,2022-04-21 22:43:00,3.0,UNEXPECTED_SHORT_GAP,UNEXPECTED
2022-04-22 20:29:00,2022-04-22 20:31:00,2.0,UNEXPECTED_SHORT_GAP,UNEXPECTED
2022-04-22 20:58:00,2022-04-24 21:06:00,2888.0,EXPECTED_WEEKEND_CLOSURE,EXPECTED
2022-04-24 21:22:00,2022-04-24 21:24:00,2.0,EXPECTED_WEEKEND_CLOSURE,EXPECTED
2022-04-24 21:55:00,2022-04-24 21:57:00,2.0,EXPECTED_WEEKEND_CLOSURE,EXPECTED
2022-04-25 20:31:00,2022-04-25 20:33:00,2.0,UNEXPECTED_SHORT_GAP,UNEXPECTED
2022-04-25 21:01:00,2022-04-25 21:05:00,4.0,UNEXPECTED_SHORT_GAP,UNEXPECTED
2022-04-25 21:06:00,2022-04-25 21:08:00,2.0,UNEXPECTED_SHORT_GAP,UNEXPECTED
2022-04-25 21:08:00,2022-04-25 21:10:00,2.0,UNEXPECTED_SHORT_GAP,UNEXPECTED
2022-04-25 21:10:00,2022-04-25 21:12:00,2.0,UNEXPECTED_SHORT_GAP,UNEXPECTED
2022-04-25 21:16:00,2022-04-25 21:18:00,2.0,UNEXPECTED_SHORT_GAP,UNEXPECTED
2022-04-25 21:19:00,2022-04-25 21:21:00,2.0,UNEXPECTED_SHORT_GAP,UNEXPECTED
2022-04-25 21:26:00,2022-04-25 21:28:00,2.0,UNEXPECTED_SHORT_GAP,UNEXPECTED
2022-04-25 21:42:00,2022-04-25 21:44:00,2.0,UNEXPECTED_SHORT_GAP,UNEXPECTED
2022-04-25 21:49:00,2022-04-25 21:51:00,2.0,UNEXPECTED_SHORT_GAP,UNEXPECTED
2022-04-25 21:57:00,2022-04-25 21:59:00,2.0,UNEXPECTED_SHORT_GAP,UNEXPECTED
2022-04-25 23:30:00,2022-04-25 23:32:00,2.0,UNEXPECTED_SHORT_GAP,UNEXPECTED
2022-04-26 20:56:00,2022-04-26 20:58:00,2.0,UNEXPECTED_SHORT_GAP,UNEXPECTED
2022-04-26 20:59:00,2022-04-26 21:01:00,2.0,UNEXPECTED_SHORT_GAP,UNEXPECTED
2022-04-26 21:02:00,2022-04-26 21:04:00,2.0,UNEXPECTED_SHORT_GAP,UNEXPECTED
2022-04-26 21:30:00,2022-04-26 21:32:00,2.0,UNEXPECTED_SHORT_GAP,UNEXPECTED
2022-04-26 21:32:00,2022-04-26 21:34:00,2.0,UNEXPECTED_SHORT_GAP,UNEXPECTED
2022-04-26 21:43:00,2022-04-26 21:46:00,3.0,UNEXPECTED_SHORT_GAP,UNEXPECTED
2022-04-26 21:50:00,2022-04-26 21:52:00,2.0,UNEXPECTED_SHORT_GAP,UNEXPECTED
2022-04-26 21:53:00,2022-04-26 21:55:00,2.0,UNEXPECTED_SHORT_GAP,UNEXPECTED
2022-04-26 21:55:00,2022-04-26 21:57:00,2.0,UNEXPECTED_SHORT_GAP,UNEXPECTED
2022-04-26 22:06:00,2022-04-26 22:08:00,2.0,UNEXPECTED_SHORT_GAP,UNEXPECTED
2022-04-26 22:57:00,2022-04-26 22:59:00,2.0,UNEXPECTED_SHORT_GAP,UNEXPECTED
2022-04-26 23:15:00,2022-04-26 23:17:00,2.0,UNEXPECTED_SHORT_GAP,UNEXPECTED
2022-04-26 23:31:00,2022-04-26 23:33:00,2.0,UNEXPECTED_SHORT_GAP,UNEXPECTED
2022-04-27 20:25:00,2022-04-27 20:27:00,2.0,UNEXPECTED_SHORT_GAP,UNEXPECTED
2022-04-27 20:39:00,2022-04-27 20:41:00,2.0,UNEXPECTED_SHORT_GAP,UNEXPECTED
2022-04-27 20:42:00,2022-04-27 20:44:00,2.0,UNEXPECTED_SHORT_GAP,UNEXPECTED
2022-04-27 20:59:00,2022-04-27 21:01:00,2.0,UNEXPECTED_SHORT_GAP,UNEXPECTED
2022-04-27 21:03:00,2022-04-27 21:05:00,2.0,UNEXPECTED_SHORT_GAP,UNEXPECTED
2022-04-27 21:07:00,2022-04-27 21:10:00,3.0,UNEXPECTED_SHORT_GAP,UNEXPECTED
2022-04-27 21:10:00,2022-04-27 21:15:00,5.0,UNEXPECTED_SHORT_GAP,UNEXPECTED
2022-04-27 21:16:00,2022-04-27 21:22:00,6.0,UNEXPECTED_INTRADAY_GAP,UNEXPECTED
2022-04-27 21:22:00,2022-04-27 21:24:00,2.0,UNEXPECTED_SHORT_GAP,UNEXPECTED
2022-04-27 21:25:00,2022-04-27 21:27:00,2.0,UNEXPECTED_SHORT_GAP,UNEXPECTED
2022-04-27 21:30:00,2022-04-27 21:32:00,2.0,UNEXPECTED_SHORT_GAP,UNEXPECTED
2022-04-27 21:32:00,2022-04-27 21:34:00,2.0,UNEXPECTED_SHORT_GAP,UNEXPECTED
2022-04-27 21:34:00,2022-04-27 21:36:00,2.0,UNEXPECTED_SHORT_GAP,UNEXPECTED
2022-04-27 22:02:00,2022-04-27 22:04:00,2.0,UNEXPECTED_SHORT_GAP,UNEXPECTED
2022-04-27 22:22:00,2022-04-27 22:24:00,2.0,UNEXPECTED_SHORT_GAP,UNEXPECTED
2022-04-27 22:28:00,2022-04-27 22:30:00,2.0,UNEXPECTED_SHORT_GAP,UNEXPECTED
2022-04-27 22:32:00,2022-04-27 22:34:00,2.0,UNEXPECTED_SHORT_GAP,UNEXPECTED
2022-04-27 22:35:00,2022-04-27 22:37:00,2.0,UNEXPECTED_SHORT_GAP,UNEXPECTED
2022-04-27 22:37:00,2022-04-27 22:39:00,2.0,UNEXPECTED_SHORT_GAP,UNEXPECTED
2022-04-27 22:39:00,2022-04-27 22:41:00,2.0,UNEXPECTED_SHORT_GAP,UNEXPECTED
2022-04-27 22:49:00,2022-04-27 22:51:00,2.0,UNEXPECTED_SHORT_GAP,UNEXPECTED
2022-04-27 22:51:00,2022-04-27 22:53:00,2.0,UNEXPECTED_SHORT_GAP,UNEXPECTED
2022-04-27 23:33:00,2022-04-27 23:35:00,2.0,UNEXPECTED_SHORT_GAP,UNEXPECTED
2022-04-27 23:49:00,2022-04-27 23:51:00,2.0,UNEXPECTED_SHORT_GAP,UNEXPECTED
2022-04-28 21:01:00,2022-04-28 21:03:00,2.0,UNEXPECTED_SHORT_GAP,UNEXPECTED
2022-04-28 21:12:00,2022-04-28 21:14:00,2.0,UNEXPECTED_SHORT_GAP,UNEXPECTED
2022-04-28 21:14:00,2022-04-28 21:16:00,2.0,UNEXPECTED_SHORT_GAP,UNEXPECTED
2022-04-28 21:16:00,2022-04-28 21:18:00,2.0,UNEXPECTED_SHORT_GAP,UNEXPECTED
2022-04-28 21:23:00,2022-04-28 21:25:00,2.0,UNEXPECTED_SHORT_GAP,UNEXPECTED
2022-04-28 21:27:00,2022-04-28 21:30:00,3.0,UNEXPECTED_SHORT_GAP,UNEXPECTED
2022-04-28 21:35:00,2022-04-28 21:37:00,2.0,UNEXPECTED_SHORT_GAP,UNEXPECTED
2022-04-28 21:37:00,2022-04-28 21:40:00,3.0,UNEXPECTED_SHORT_GAP,UNEXPECTED
2022-04-28 21:40:00,2022-04-28 21:42:00,2.0,UNEXPECTED_SHORT_GAP,UNEXPECTED
2022-04-28 21:46:00,2022-04-28 21:48:00,2.0,UNEXPECTED_SHORT_GAP,UNEXPECTED
2022-04-28 21:49:00,2022-04-28 21:51:00,2.0,UNEXPECTED_SHORT_GAP,UNEXPECTED
2022-04-28 22:44:00,2022-04-28 22:46:00,2.0,UNEXPECTED_SHORT_GAP,UNEXPECTED
2022-04-28 22:55:00,2022-04-28 22:57:00,2.0,UNEXPECTED_SHORT_GAP,UNEXPECTED
2022-04-28 23:11:00,2022-04-28 23:13:00,2.0,UNEXPECTED_SHORT_GAP,UNEXPECTED
2022-04-28 23:30:00,2022-04-28 23:32:00,2.0,UNEXPECTED_SHORT_GAP,UNEXPECTED
2022-04-28 23:54:00,2022-04-28 23:56:00,2.0,UNEXPECTED_SHORT_GAP,UNEXPECTED
2022-04-29 20:23:00,2022-04-29 20:25:00,2.0,UNEXPECTED_SHORT_GAP,UNEXPECTED
2022-04-29 20:37:00,2022-04-29 20:39:00,2.0,UNEXPECTED_SHORT_GAP,UNEXPECTED
2022-04-29 20:58:00,2022-05-01 21:05:00,2887.0,EXPECTED_WEEKEND_CLOSURE,EXPECTED
2022-05-01 21:08:00,2022-05-01 21:10:00,2.0,EXPECTED_WEEKEND_CLOSURE,EXPECTED
2022-05-01 21:10:00,2022-05-01 21:13:00,3.0,EXPECTED_WEEKEND_CLOSURE,EXPECTED
2022-05-01 21:13:00,2022-05-01 21:15:00,2.0,EXPECTED_WEEKEND_CLOSURE,EXPECTED
2022-05-01 21:16:00,2022-05-01 21:25:00,9.0,EXPECTED_WEEKEND_CLOSURE,EXPECTED
2022-05-01 21:26:00,2022-05-01 21:30:00,4.0,EXPECTED_WEEKEND_CLOSURE,EXPECTED
2022-05-01 21:30:00,2022-05-01 21:34:00,4.0,EXPECTED_WEEKEND_CLOSURE,EXPECTED
2022-05-01 21:35:00,2022-05-01 21:41:00,6.0,EXPECTED_WEEKEND_CLOSURE,EXPECTED
2022-05-01 21:41:00,2022-05-01 21:43:00,2.0,EXPECTED_WEEKEND_CLOSURE,EXPECTED
2022-05-01 21:45:00,2022-05-01 21:47:00,2.0,EXPECTED_WEEKEND_CLOSURE,EXPECTED
2022-05-01 21:47:00,2022-05-01 21:50:00,3.0,EXPECTED_WEEKEND_CLOSURE,EXPECTED
2022-05-01 21:50:00,2022-05-01 21:52:00,2.0,EXPECTED_WEEKEND_CLOSURE,EXPECTED
2022-05-01 21:52:00,2022-05-01 21:54:00,2.0,EXPECTED_WEEKEND_CLOSURE,EXPECTED
2022-05-01 21:56:00,2022-05-01 21:59:00,3.0,EXPECTED_WEEKEND_CLOSURE,EXPECTED
2022-05-02 20:32:00,2022-05-02 20:34:00,2.0,UNEXPECTED_SHORT_GAP,UNEXPECTED
2022-05-02 20:38:00,2022-05-02 20:40:00,2.0,UNEXPECTED_SHORT_GAP,UNEXPECTED
2022-05-02 20:43:00,2022-05-02 20:45:00,2.0,UNEXPECTED_SHORT_GAP,UNEXPECTED
2022-05-02 21:01:00,2022-05-02 21:03:00,2.0,UNEXPECTED_SHORT_GAP,UNEXPECTED
2022-05-02 21:37:00,2022-05-02 21:40:00,3.0,UNEXPECTED_SHORT_GAP,UNEXPECTED
2022-05-02 22:01:00,2022-05-02 22:03:00,2.0,UNEXPECTED_SHORT_GAP,UNEXPECTED
2022-05-02 22:06:00,2022-05-02 22:09:00,3.0,UNEXPECTED_SHORT_GAP,UNEXPECTED
2022-05-02 22:46:00,2022-05-02 22:49:00,3.0,UNEXPECTED_SHORT_GAP,UNEXPECTED
2022-05-02 22:51:00,2022-05-02 22:53:00,2.0,UNEXPECTED_SHORT_GAP,UNEXPECTED
2022-05-02 23:48:00,2022-05-02 23:50:00,2.0,UNEXPECTED_SHORT_GAP,UNEXPECTED
2022-05-03 03:55:00,2022-05-03 03:57:00,2.0,UNEXPECTED_SHORT_GAP,UNEXPECTED
2022-05-03 04:10:00,2022-05-03 04:12:00,2.0,UNEXPECTED_SHORT_GAP,UNEXPECTED
2022-05-03 04:12:00,2022-05-03 04:14:00,2.0,UNEXPECTED_SHORT_GAP,UNEXPECTED
2022-05-03 20:20:00,2022-05-03 20:22:00,2.0,UNEXPECTED_SHORT_GAP,UNEXPECTED
2022-05-03 20:36:00,2022-05-03 20:38:00,2.0,UNEXPECTED_SHORT_GAP,UNEXPECTED
2022-05-03 20:41:00,2022-05-03 20:45:00,4.0,UNEXPECTED_SHORT_GAP,UNEXPECTED
2022-05-03 21:00:00,2022-05-03 21:03:00,3.0,UNEXPECTED_SHORT_GAP,UNEXPECTED
2022-05-03 21:15:00,2022-05-03 21:17:00,2.0,UNEXPECTED_SHORT_GAP,UNEXPECTED
2022-05-03 21:35:00,2022-05-03 21:37:00,2.0,UNEXPECTED_SHORT_GAP,UNEXPECTED
2022-05-03 22:45:00,2022-05-03 22:47:00,2.0,UNEXPECTED_SHORT_GAP,UNEXPECTED
2022-05-03 22:48:00,2022-05-03 22:51:00,3.0,UNEXPECTED_SHORT_GAP,UNEXPECTED
2022-05-04 01:26:00,2022-05-04 01:28:00,2.0,UNEXPECTED_SHORT_GAP,UNEXPECTED
2022-05-04 04:31:00,2022-05-04 04:33:00,2.0,UNEXPECTED_SHORT_GAP,UNEXPECTED
2022-05-04 04:45:00,2022-05-04 04:47:00,2.0,UNEXPECTED_SHORT_GAP,UNEXPECTED
2022-05-04 19:12:00,2022-05-04 19:14:00,2.0,UNEXPECTED_SHORT_GAP,UNEXPECTED
2022-05-04 20:35:00,2022-05-04 20:37:00,2.0,UNEXPECTED_SHORT_GAP,UNEXPECTED
2022-05-04 20:40:00,2022-05-04 20:42:00,2.0,UNEXPECTED_SHORT_GAP,UNEXPECTED
2022-05-04 20:59:00,2022-05-04 21:02:00,3.0,UNEXPECTED_SHORT_GAP,UNEXPECTED
2022-05-04 21:02:00,2022-05-04 21:05:00,3.0,UNEXPECTED_SHORT_GAP,UNEXPECTED
2022-05-04 21:18:00,2022-05-04 21:20:00,2.0,UNEXPECTED_SHORT_GAP,UNEXPECTED
2022-05-04 21:21:00,2022-05-04 21:23:00,2.0,UNEXPECTED_SHORT_GAP,UNEXPECTED
2022-05-04 21:41:00,2022-05-04 21:44:00,3.0,UNEXPECTED_SHORT_GAP,UNEXPECTED
2022-05-04 21:53:00,2022-05-04 21:56:00,3.0,UNEXPECTED_SHORT_GAP,UNEXPECTED
2022-05-05 20:47:00,2022-05-05 20:49:00,2.0,UNEXPECTED_SHORT_GAP,UNEXPECTED
2022-05-05 20:51:00,2022-05-05 20:53:00,2.0,UNEXPECTED_SHORT_GAP,UNEXPECTED
2022-05-05 20:59:00,2022-05-05 21:01:00,2.0,UNEXPECTED_SHORT_GAP,UNEXPECTED
2022-05-05 21:02:00,2022-05-05 21:05:00,3.0,UNEXPECTED_SHORT_GAP,UNEXPECTED
2022-05-05 21:10:00,2022-05-05 21:12:00,2.0,UNEXPECTED_SHORT_GAP,UNEXPECTED
2022-05-05 21:25:00,2022-05-05 21:28:00,3.0,UNEXPECTED_SHORT_GAP,UNEXPECTED
2022-05-05 21:30:00,2022-05-05 21:34:00,4.0,UNEXPECTED_SHORT_GAP,UNEXPECTED
2022-05-05 21:35:00,2022-05-05 21:37:00,2.0,UNEXPECTED_SHORT_GAP,UNEXPECTED
2022-05-05 21:41:00,2022-05-05 21:44:00,3.0,UNEXPECTED_SHORT_GAP,UNEXPECTED
2022-05-05 21:48:00,2022-05-05 21:50:00,2.0,UNEXPECTED_SHORT_GAP,UNEXPECTED
2022-05-05 22:40:00,2022-05-05 22:43:00,3.0,UNEXPECTED_SHORT_GAP,UNEXPECTED
2022-05-05 22:51:00,2022-05-05 22:53:00,2.0,UNEXPECTED_SHORT_GAP,UNEXPECTED
2022-05-05 22:55:00,2022-05-05 22:57:00,2.0,UNEXPECTED_SHORT_GAP,UNEXPECTED
2022-05-06 04:39:00,2022-05-06 04:41:00,2.0,UNEXPECTED_SHORT_GAP,UNEXPECTED
2022-05-06 20:22:00,2022-05-06 20:25:00,3.0,UNEXPECTED_SHORT_GAP,UNEXPECTED
2022-05-06 20:58:00,2022-05-08 21:05:00,2887.0,EXPECTED_WEEKEND_CLOSURE,EXPECTED
2022-05-08 21:10:00,2022-05-08 21:12:00,2.0,EXPECTED_WEEKEND_CLOSURE,EXPECTED
2022-05-08 21:17:00,2022-05-08 21:19:00,2.0,EXPECTED_WEEKEND_CLOSURE,EXPECTED
2022-05-08 21:22:00,2022-05-08 21:25:00,3.0,EXPECTED_WEEKEND_CLOSURE,EXPECTED
2022-05-08 21:31:00,2022-05-08 21:33:00,2.0,EXPECTED_WEEKEND_CLOSURE,EXPECTED
2022-05-08 21:33:00,2022-05-08 21:36:00,3.0,EXPECTED_WEEKEND_CLOSURE,EXPECTED
2022-05-08 21:37:00,2022-05-08 21:41:00,4.0,EXPECTED_WEEKEND_CLOSURE,EXPECTED
2022-05-08 21:46:00,2022-05-08 21:48:00,2.0,EXPECTED_WEEKEND_CLOSURE,EXPECTED
2022-05-08 21:52:00,2022-05-08 21:54:00,2.0,EXPECTED_WEEKEND_CLOSURE,EXPECTED
2022-05-09 20:21:00,2022-05-09 20:23:00,2.0,UNEXPECTED_SHORT_GAP,UNEXPECTED
2022-05-09 20:26:00,2022-05-09 20:28:00,2.0,UNEXPECTED_SHORT_GAP,UNEXPECTED
2022-05-09 20:43:00,2022-05-09 20:45:00,2.0,UNEXPECTED_SHORT_GAP,UNEXPECTED
2022-05-09 21:00:00,2022-05-09 21:02:00,2.0,UNEXPECTED_SHORT_GAP,UNEXPECTED
2022-05-09 21:02:00,2022-05-09 21:05:00,3.0,UNEXPECTED_SHORT_GAP,UNEXPECTED
2022-05-09 21:20:00,2022-05-09 21:22:00,2.0,UNEXPECTED_SHORT_GAP,UNEXPECTED
2022-05-09 21:23:00,2022-05-09 21:25:00,2.0,UNEXPECTED_SHORT_GAP,UNEXPECTED
2022-05-09 21:27:00,2022-05-09 21:29:00,2.0,UNEXPECTED_SHORT_GAP,UNEXPECTED
2022-05-09 21:31:00,2022-05-09 21:36:00,5.0,UNEXPECTED_SHORT_GAP,UNEXPECTED
2022-05-09 21:48:00,2022-05-09 21:50:00,2.0,UNEXPECTED_SHORT_GAP,UNEXPECTED
2022-05-09 22:25:00,2022-05-09 22:30:00,5.0,UNEXPECTED_SHORT_GAP,UNEXPECTED
2022-05-09 22:32:00,2022-05-09 22:34:00,2.0,UNEXPECTED_SHORT_GAP,UNEXPECTED
2022-05-09 22:44:00,2022-05-09 22:46:00,2.0,UNEXPECTED_SHORT_GAP,UNEXPECTED
2022-05-09 22:53:00,2022-05-09 22:55:00,2.0,UNEXPECTED_SHORT_GAP,UNEXPECTED
2022-05-10 20:20:00,2022-05-10 20:22:00,2.0,UNEXPECTED_SHORT_GAP,UNEXPECTED
2022-05-10 20:30:00,2022-05-10 20:32:00,2.0,UNEXPECTED_SHORT_GAP,UNEXPECTED
2022-05-10 21:00:00,2022-05-10 21:02:00,2.0,UNEXPECTED_SHORT_GAP,UNEXPECTED
2022-05-10 21:17:00,2022-05-10 21:19:00,2.0,UNEXPECTED_SHORT_GAP,UNEXPECTED
2022-05-10 21:22:00,2022-05-10 21:24:00,2.0,UNEXPECTED_SHORT_GAP,UNEXPECTED
2022-05-10 21:36:00,2022-05-10 21:40:00,4.0,UNEXPECTED_SHORT_GAP,UNEXPECTED
2022-05-10 21:40:00,2022-05-10 21:42:00,2.0,UNEXPECTED_SHORT_GAP,UNEXPECTED
2022-05-10 21:42:00,2022-05-10 21:46:00,4.0,UNEXPECTED_SHORT_GAP,UNEXPECTED
2022-05-10 21:47:00,2022-05-10 21:49:00,2.0,UNEXPECTED_SHORT_GAP,UNEXPECTED
2022-05-10 21:50:00,2022-05-10 21:53:00,3.0,UNEXPECTED_SHORT_GAP,UNEXPECTED
2022-05-10 22:07:00,2022-05-10 22:09:00,2.0,UNEXPECTED_SHORT_GAP,UNEXPECTED
2022-05-10 22:23:00,2022-05-10 22:25:00,2.0,UNEXPECTED_SHORT_GAP,UNEXPECTED
2022-05-10 22:25:00,2022-05-10 22:27:00,2.0,UNEXPECTED_SHORT_GAP,UNEXPECTED
2022-05-10 22:33:00,2022-05-10 22:36:00,3.0,UNEXPECTED_SHORT_GAP,UNEXPECTED
2022-05-10 22:38:00,2022-05-10 22:40:00,2.0,UNEXPECTED_SHORT_GAP,UNEXPECTED
2022-05-10 22:40:00,2022-05-10 22:43:00,3.0,UNEXPECTED_SHORT_GAP,UNEXPECTED
2022-05-10 22:49:00,2022-05-10 22:51:00,2.0,UNEXPECTED_SHORT_GAP,UNEXPECTED
2022-05-10 22:52:00,2022-05-10 22:54:00,2.0,UNEXPECTED_SHORT_GAP,UNEXPECTED
2022-05-10 22:54:00,2022-05-10 22:57:00,3.0,UNEXPECTED_SHORT_GAP,UNEXPECTED
2022-05-10 23:19:00,2022-05-10 23:21:00,2.0,UNEXPECTED_SHORT_GAP,UNEXPECTED
2022-05-11 20:40:00,2022-05-11 20:42:00,2.0,UNEXPECTED_SHORT_GAP,UNEXPECTED
2022-05-11 20:45:00,2022-05-11 20:47:00,2.0,UNEXPECTED_SHORT_GAP,UNEXPECTED
2022-05-11 20:52:00,2022-05-11 20:54:00,2.0,UNEXPECTED_SHORT_GAP,UNEXPECTED
2022-05-11 21:00:00,2022-05-11 21:02:00,2.0,UNEXPECTED_SHORT_GAP,UNEXPECTED
2022-05-11 21:06:00,2022-05-11 21:10:00,4.0,UNEXPECTED_SHORT_GAP,UNEXPECTED
2022-05-11 21:25:00,2022-05-11 21:27:00,2.0,UNEXPECTED_SHORT_GAP,UNEXPECTED
2022-05-11 22:17:00,2022-05-11 22:19:00,2.0,UNEXPECTED_SHORT_GAP,UNEXPECTED
2022-05-11 22:20:00,2022-05-11 22:22:00,2.0,UNEXPECTED_SHORT_GAP,UNEXPECTED
2022-05-11 23:44:00,2022-05-11 23:46:00,2.0,UNEXPECTED_SHORT_GAP,UNEXPECTED
2022-05-12 20:05:00,2022-05-12 20:08:00,3.0,UNEXPECTED_SHORT_GAP,UNEXPECTED
2022-05-12 20:21:00,2022-05-12 20:23:00,2.0,UNEXPECTED_SHORT_GAP,UNEXPECTED
2022-05-12 20:27:00,2022-05-12 20:29:00,2.0,UNEXPECTED_SHORT_GAP,UNEXPECTED
2022-05-12 21:01:00,2022-05-12 21:03:00,2.0,UNEXPECTED_SHORT_GAP,UNEXPECTED
2022-05-12 21:03:00,2022-05-12 21:05:00,2.0,UNEXPECTED_SHORT_GAP,UNEXPECTED
2022-05-12 21:07:00,2022-05-12 21:14:00,7.0,UNEXPECTED_INTRADAY_GAP,UNEXPECTED
2022-05-12 21:18:00,2022-05-12 21:20:00,2.0,UNEXPECTED_SHORT_GAP,UNEXPECTED
2022-05-12 21:26:00,2022-05-12 21:29:00,3.0,UNEXPECTED_SHORT_GAP,UNEXPECTED
2022-05-12 21:29:00,2022-05-12 21:32:00,3.0,UNEXPECTED_SHORT_GAP,UNEXPECTED
2022-05-12 21:32:00,2022-05-12 21:35:00,3.0,UNEXPECTED_SHORT_GAP,UNEXPECTED
2022-05-12 21:36:00,2022-05-12 21:40:00,4.0,UNEXPECTED_SHORT_GAP,UNEXPECTED
2022-05-12 21:47:00,2022-05-12 21:50:00,3.0,UNEXPECTED_SHORT_GAP,UNEXPECTED
2022-05-12 21:53:00,2022-05-12 21:55:00,2.0,UNEXPECTED_SHORT_GAP,UNEXPECTED
2022-05-12 21:55:00,2022-05-12 22:00:00,5.0,UNEXPECTED_SHORT_GAP,UNEXPECTED
2022-05-12 22:19:00,2022-05-12 22:22:00,3.0,UNEXPECTED_SHORT_GAP,UNEXPECTED
2022-05-12 22:32:00,2022-05-12 22:34:00,2.0,UNEXPECTED_SHORT_GAP,UNEXPECTED
2022-05-12 22:42:00,2022-05-12 22:44:00,2.0,UNEXPECTED_SHORT_GAP,UNEXPECTED
2022-05-12 22:54:00,2022-05-12 22:56:00,2.0,UNEXPECTED_SHORT_GAP,UNEXPECTED
2022-05-13 20:12:00,2022-05-13 20:14:00,2.0,UNEXPECTED_SHORT_GAP,UNEXPECTED
2022-05-13 20:58:00,2022-05-15 21:05:00,2887.0,EXPECTED_WEEKEND_CLOSURE,EXPECTED
2022-05-15 21:13:00,2022-05-15 21:15:00,2.0,EXPECTED_WEEKEND_CLOSURE,EXPECTED
2022-05-15 21:27:00,2022-05-15 21:30:00,3.0,EXPECTED_WEEKEND_CLOSURE,EXPECTED
2022-05-15 21:45:00,2022-05-15 21:47:00,2.0,EXPECTED_WEEKEND_CLOSURE,EXPECTED
2022-05-15 21:48:00,2022-05-15 21:50:00,2.0,EXPECTED_WEEKEND_CLOSURE,EXPECTED
2022-05-16 20:24:00,2022-05-16 20:26:00,2.0,UNEXPECTED_SHORT_GAP,UNEXPECTED
2022-05-16 20:30:00,2022-05-16 20:32:00,2.0,UNEXPECTED_SHORT_GAP,UNEXPECTED
2022-05-16 20:46:00,2022-05-16 20:48:00,2.0,UNEXPECTED_SHORT_GAP,UNEXPECTED
2022-05-16 21:02:00,2022-05-16 21:04:00,2.0,UNEXPECTED_SHORT_GAP,UNEXPECTED
2022-05-16 21:05:00,2022-05-16 21:08:00,3.0,UNEXPECTED_SHORT_GAP,UNEXPECTED
2022-05-16 21:11:00,2022-05-16 21:13:00,2.0,UNEXPECTED_SHORT_GAP,UNEXPECTED
2022-05-16 21:16:00,2022-05-16 21:18:00,2.0,UNEXPECTED_SHORT_GAP,UNEXPECTED
2022-05-16 21:21:00,2022-05-16 21:23:00,2.0,UNEXPECTED_SHORT_GAP,UNEXPECTED
2022-05-16 21:26:00,2022-05-16 21:29:00,3.0,UNEXPECTED_SHORT_GAP,UNEXPECTED
2022-05-16 21:33:00,2022-05-16 21:35:00,2.0,UNEXPECTED_SHORT_GAP,UNEXPECTED
2022-05-16 21:39:00,2022-05-16 21:42:00,3.0,UNEXPECTED_SHORT_GAP,UNEXPECTED
2022-05-16 21:42:00,2022-05-16 21:44:00,2.0,UNEXPECTED_SHORT_GAP,UNEXPECTED
2022-05-16 22:07:00,2022-05-16 22:09:00,2.0,UNEXPECTED_SHORT_GAP,UNEXPECTED
2022-05-16 22:17:00,2022-05-16 22:21:00,4.0,UNEXPECTED_SHORT_GAP,UNEXPECTED
2022-05-16 22:21:00,2022-05-16 22:23:00,2.0,UNEXPECTED_SHORT_GAP,UNEXPECTED
2022-05-16 22:26:00,2022-05-16 22:29:00,3.0,UNEXPECTED_SHORT_GAP,UNEXPECTED
2022-05-16 22:39:00,2022-05-16 22:41:00,2.0,UNEXPECTED_SHORT_GAP,UNEXPECTED
2022-05-16 22:50:00,2022-05-16 22:52:00,2.0,UNEXPECTED_SHORT_GAP,UNEXPECTED
2022-05-16 22:57:00,2022-05-16 23:00:00,3.0,UNEXPECTED_SHORT_GAP,UNEXPECTED
2022-05-16 23:14:00,2022-05-16 23:16:00,2.0,UNEXPECTED_SHORT_GAP,UNEXPECTED
2022-05-16 23:21:00,2022-05-16 23:23:00,2.0,UNEXPECTED_SHORT_GAP,UNEXPECTED
2022-05-16 23:23:00,2022-05-16 23:25:00,2.0,UNEXPECTED_SHORT_GAP,UNEXPECTED
2022-05-17 04:03:00,2022-05-17 04:05:00,2.0,UNEXPECTED_SHORT_GAP,UNEXPECTED
2022-05-17 20:23:00,2022-05-17 20:25:00,2.0,UNEXPECTED_SHORT_GAP,UNEXPECTED
2022-05-17 20:31:00,2022-05-17 20:33:00,2.0,UNEXPECTED_SHORT_GAP,UNEXPECTED
2022-05-17 20:51:00,2022-05-17 20:53:00,2.0,UNEXPECTED_SHORT_GAP,UNEXPECTED
2022-05-17 21:01:00,2022-05-17 21:04:00,3.0,UNEXPECTED_SHORT_GAP,UNEXPECTED
2022-05-17 21:16:00,2022-05-17 21:18:00,2.0,UNEXPECTED_SHORT_GAP,UNEXPECTED
2022-05-17 21:18:00,2022-05-17 21:20:00,2.0,UNEXPECTED_SHORT_GAP,UNEXPECTED
2022-05-17 21:35:00,2022-05-17 21:37:00,2.0,UNEXPECTED_SHORT_GAP,UNEXPECTED
2022-05-17 21:48:00,2022-05-17 21:53:00,5.0,UNEXPECTED_SHORT_GAP,UNEXPECTED
2022-05-17 21:54:00,2022-05-17 21:57:00,3.0,UNEXPECTED_SHORT_GAP,UNEXPECTED
2022-05-17 21:57:00,2022-05-17 21:59:00,2.0,UNEXPECTED_SHORT_GAP,UNEXPECTED
2022-05-17 22:02:00,2022-05-17 22:04:00,2.0,UNEXPECTED_SHORT_GAP,UNEXPECTED
2022-05-17 22:16:00,2022-05-17 22:18:00,2.0,UNEXPECTED_SHORT_GAP,UNEXPECTED
2022-05-17 22:21:00,2022-05-17 22:23:00,2.0,UNEXPECTED_SHORT_GAP,UNEXPECTED
2022-05-17 22:23:00,2022-05-17 22:25:00,2.0,UNEXPECTED_SHORT_GAP,UNEXPECTED
2022-05-17 22:37:00,2022-05-17 22:39:00,2.0,UNEXPECTED_SHORT_GAP,UNEXPECTED
2022-05-17 22:40:00,2022-05-17 22:42:00,2.0,UNEXPECTED_SHORT_GAP,UNEXPECTED
2022-05-17 22:55:00,2022-05-17 22:59:00,4.0,UNEXPECTED_SHORT_GAP,UNEXPECTED
2022-05-17 23:02:00,2022-05-17 23:05:00,3.0,UNEXPECTED_SHORT_GAP,UNEXPECTED
2022-05-18 20:41:00,2022-05-18 20:43:00,2.0,UNEXPECTED_SHORT_GAP,UNEXPECTED
2022-05-18 20:46:00,2022-05-18 20:49:00,3.0,UNEXPECTED_SHORT_GAP,UNEXPECTED
2022-05-18 20:53:00,2022-05-18 20:55:00,2.0,UNEXPECTED_SHORT_GAP,UNEXPECTED
2022-05-18 21:02:00,2022-05-18 21:04:00,2.0,UNEXPECTED_SHORT_GAP,UNEXPECTED
2022-05-18 21:12:00,2022-05-18 21:14:00,2.0,UNEXPECTED_SHORT_GAP,UNEXPECTED
2022-05-18 21:28:00,2022-05-18 21:30:00,2.0,UNEXPECTED_SHORT_GAP,UNEXPECTED
2022-05-18 21:30:00,2022-05-18 21:32:00,2.0,UNEXPECTED_SHORT_GAP,UNEXPECTED
2022-05-18 21:32:00,2022-05-18 21:34:00,2.0,UNEXPECTED_SHORT_GAP,UNEXPECTED
2022-05-18 21:35:00,2022-05-18 21:37:00,2.0,UNEXPECTED_SHORT_GAP,UNEXPECTED
2022-05-18 21:39:00,2022-05-18 21:42:00,3.0,UNEXPECTED_SHORT_GAP,UNEXPECTED
2022-05-18 21:46:00,2022-05-18 21:48:00,2.0,UNEXPECTED_SHORT_GAP,UNEXPECTED
2022-05-18 21:49:00,2022-05-18 21:54:00,5.0,UNEXPECTED_SHORT_GAP,UNEXPECTED
2022-05-18 21:55:00,2022-05-18 21:57:00,2.0,UNEXPECTED_SHORT_GAP,UNEXPECTED
2022-05-18 21:57:00,2022-05-18 22:00:00,3.0,UNEXPECTED_SHORT_GAP,UNEXPECTED
2022-05-18 23:00:00,2022-05-18 23:02:00,2.0,UNEXPECTED_SHORT_GAP,UNEXPECTED
2022-05-19 21:03:00,2022-05-19 21:06:00,3.0,UNEXPECTED_SHORT_GAP,UNEXPECTED
2022-05-19 21:07:00,2022-05-19 21:10:00,3.0,UNEXPECTED_SHORT_GAP,UNEXPECTED
2022-05-19 21:31:00,2022-05-19 21:33:00,2.0,UNEXPECTED_SHORT_GAP,UNEXPECTED
2022-05-19 22:08:00,2022-05-19 22:10:00,2.0,UNEXPECTED_SHORT_GAP,UNEXPECTED
2022-05-20 20:41:00,2022-05-20 20:43:00,2.0,UNEXPECTED_SHORT_GAP,UNEXPECTED
2022-05-20 20:58:00,2022-05-22 21:05:00,2887.0,EXPECTED_WEEKEND_CLOSURE,EXPECTED
2022-05-22 21:08:00,2022-05-22 21:11:00,3.0,EXPECTED_WEEKEND_CLOSURE,EXPECTED
2022-05-22 21:16:00,2022-05-22 21:18:00,2.0,EXPECTED_WEEKEND_CLOSURE,EXPECTED
2022-05-22 21:19:00,2022-05-22 21:23:00,4.0,EXPECTED_WEEKEND_CLOSURE,EXPECTED
2022-05-22 21:23:00,2022-05-22 21:28:00,5.0,EXPECTED_WEEKEND_CLOSURE,EXPECTED
2022-05-22 21:30:00,2022-05-22 21:35:00,5.0,EXPECTED_WEEKEND_CLOSURE,EXPECTED
2022-05-22 21:35:00,2022-05-22 21:38:00,3.0,EXPECTED_WEEKEND_CLOSURE,EXPECTED
2022-05-22 21:39:00,2022-05-22 21:42:00,3.0,EXPECTED_WEEKEND_CLOSURE,EXPECTED
2022-05-22 21:47:00,2022-05-22 21:50:00,3.0,EXPECTED_WEEKEND_CLOSURE,EXPECTED
2022-05-22 21:51:00,2022-05-22 21:55:00,4.0,EXPECTED_WEEKEND_CLOSURE,EXPECTED
2022-05-22 22:43:00,2022-05-22 22:45:00,2.0,EXPECTED_WEEKEND_CLOSURE,EXPECTED
2022-05-22 22:46:00,2022-05-22 22:48:00,2.0,EXPECTED_WEEKEND_CLOSURE,EXPECTED
2022-05-22 22:57:00,2022-05-22 22:59:00,2.0,EXPECTED_WEEKEND_CLOSURE,EXPECTED
2022-05-23 04:32:00,2022-05-23 04:34:00,2.0,UNEXPECTED_SHORT_GAP,UNEXPECTED
2022-05-23 20:54:00,2022-05-23 20:56:00,2.0,UNEXPECTED_SHORT_GAP,UNEXPECTED
2022-05-23 21:02:00,2022-05-23 21:04:00,2.0,UNEXPECTED_SHORT_GAP,UNEXPECTED
2022-05-23 21:31:00,2022-05-23 21:33:00,2.0,UNEXPECTED_SHORT_GAP,UNEXPECTED
2022-05-23 21:36:00,2022-05-23 21:38:00,2.0,UNEXPECTED_SHORT_GAP,UNEXPECTED
2022-05-23 21:39:00,2022-05-23 21:41:00,2.0,UNEXPECTED_SHORT_GAP,UNEXPECTED
2022-05-23 21:43:00,2022-05-23 21:45:00,2.0,UNEXPECTED_SHORT_GAP,UNEXPECTED
2022-05-23 21:53:00,2022-05-23 21:55:00,2.0,UNEXPECTED_SHORT_GAP,UNEXPECTED
2022-05-23 22:16:00,2022-05-23 22:20:00,4.0,UNEXPECTED_SHORT_GAP,UNEXPECTED
2022-05-23 22:20:00,2022-05-23 22:22:00,2.0,UNEXPECTED_SHORT_GAP,UNEXPECTED
2022-05-23 22:23:00,2022-05-23 22:26:00,3.0,UNEXPECTED_SHORT_GAP,UNEXPECTED
2022-05-23 22:26:00,2022-05-23 22:28:00,2.0,UNEXPECTED_SHORT_GAP,UNEXPECTED
2022-05-23 22:40:00,2022-05-23 22:42:00,2.0,UNEXPECTED_SHORT_GAP,UNEXPECTED
2022-05-23 22:42:00,2022-05-23 22:47:00,5.0,UNEXPECTED_SHORT_GAP,UNEXPECTED
2022-05-23 22:51:00,2022-05-23 22:54:00,3.0,UNEXPECTED_SHORT_GAP,UNEXPECTED
2022-05-23 22:57:00,2022-05-23 23:00:00,3.0,UNEXPECTED_SHORT_GAP,UNEXPECTED
2022-05-23 23:02:00,2022-05-23 23:04:00,2.0,UNEXPECTED_SHORT_GAP,UNEXPECTED
2022-05-24 20:31:00,2022-05-24 20:33:00,2.0,UNEXPECTED_SHORT_GAP,UNEXPECTED
2022-05-24 20:38:00,2022-05-24 20:40:00,2.0,UNEXPECTED_SHORT_GAP,UNEXPECTED
2022-05-24 20:40:00,2022-05-24 20:42:00,2.0,UNEXPECTED_SHORT_GAP,UNEXPECTED
2022-05-24 20:46:00,2022-05-24 20:48:00,2.0,UNEXPECTED_SHORT_GAP,UNEXPECTED
2022-05-24 20:51:00,2022-05-24 20:53:00,2.0,UNEXPECTED_SHORT_GAP,UNEXPECTED
2022-05-24 21:01:00,2022-05-24 21:03:00,2.0,UNEXPECTED_SHORT_GAP,UNEXPECTED
2022-05-24 21:07:00,2022-05-24 21:10:00,3.0,UNEXPECTED_SHORT_GAP,UNEXPECTED
2022-05-24 21:20:00,2022-05-24 21:22:00,2.0,UNEXPECTED_SHORT_GAP,UNEXPECTED
2022-05-24 21:46:00,2022-05-24 21:48:00,2.0,UNEXPECTED_SHORT_GAP,UNEXPECTED
2022-05-24 21:48:00,2022-05-24 21:50:00,2.0,UNEXPECTED_SHORT_GAP,UNEXPECTED
2022-05-24 21:52:00,2022-05-24 21:54:00,2.0,UNEXPECTED_SHORT_GAP,UNEXPECTED
2022-05-24 21:54:00,2022-05-24 21:56:00,2.0,UNEXPECTED_SHORT_GAP,UNEXPECTED
2022-05-24 22:01:00,2022-05-24 22:05:00,4.0,UNEXPECTED_SHORT_GAP,UNEXPECTED
2022-05-24 22:12:00,2022-05-24 22:14:00,2.0,UNEXPECTED_SHORT_GAP,UNEXPECTED
2022-05-24 22:19:00,2022-05-24 22:21:00,2.0,UNEXPECTED_SHORT_GAP,UNEXPECTED
2022-05-24 22:21:00,2022-05-24 22:23:00,2.0,UNEXPECTED_SHORT_GAP,UNEXPECTED
2022-05-24 22:30:00,2022-05-24 22:32:00,2.0,UNEXPECTED_SHORT_GAP,UNEXPECTED
2022-05-24 22:33:00,2022-05-24 22:35:00,2.0,UNEXPECTED_SHORT_GAP,UNEXPECTED
2022-05-24 22:55:00,2022-05-24 22:57:00,2.0,UNEXPECTED_SHORT_GAP,UNEXPECTED
2022-05-24 23:07:00,2022-05-24 23:09:00,2.0,UNEXPECTED_SHORT_GAP,UNEXPECTED
2022-05-24 23:22:00,2022-05-24 23:24:00,2.0,UNEXPECTED_SHORT_GAP,UNEXPECTED
2022-05-25 20:35:00,2022-05-25 20:38:00,3.0,UNEXPECTED_SHORT_GAP,UNEXPECTED
2022-05-25 20:59:00,2022-05-25 21:01:00,2.0,UNEXPECTED_SHORT_GAP,UNEXPECTED
2022-05-25 21:01:00,2022-05-25 21:03:00,2.0,UNEXPECTED_SHORT_GAP,UNEXPECTED
2022-05-25 21:06:00,2022-05-25 21:09:00,3.0,UNEXPECTED_SHORT_GAP,UNEXPECTED
2022-05-25 21:13:00,2022-05-25 21:15:00,2.0,UNEXPECTED_SHORT_GAP,UNEXPECTED
2022-05-25 21:20:00,2022-05-25 21:23:00,3.0,UNEXPECTED_SHORT_GAP,UNEXPECTED
2022-05-25 21:24:00,2022-05-25 21:30:00,6.0,UNEXPECTED_INTRADAY_GAP,UNEXPECTED
2022-05-25 21:32:00,2022-05-25 21:35:00,3.0,UNEXPECTED_SHORT_GAP,UNEXPECTED
2022-05-25 21:36:00,2022-05-25 21:38:00,2.0,UNEXPECTED_SHORT_GAP,UNEXPECTED
2022-05-25 21:40:00,2022-05-25 21:45:00,5.0,UNEXPECTED_SHORT_GAP,UNEXPECTED
2022-05-25 21:45:00,2022-05-25 21:47:00,2.0,UNEXPECTED_SHORT_GAP,UNEXPECTED
2022-05-25 21:50:00,2022-05-25 21:53:00,3.0,UNEXPECTED_SHORT_GAP,UNEXPECTED
2022-05-25 21:53:00,2022-05-25 21:55:00,2.0,UNEXPECTED_SHORT_GAP,UNEXPECTED
2022-05-25 22:05:00,2022-05-25 22:07:00,2.0,UNEXPECTED_SHORT_GAP,UNEXPECTED
2022-05-25 22:47:00,2022-05-25 22:49:00,2.0,UNEXPECTED_SHORT_GAP,UNEXPECTED
2022-05-25 22:49:00,2022-05-25 22:51:00,2.0,UNEXPECTED_SHORT_GAP,UNEXPECTED
2022-05-25 23:36:00,2022-05-25 23:38:00,2.0,UNEXPECTED_SHORT_GAP,UNEXPECTED
2022-05-25 23:48:00,2022-05-25 23:50:00,2.0,UNEXPECTED_SHORT_GAP,UNEXPECTED
2022-05-26 19:55:00,2022-05-26 19:57:00,2.0,UNEXPECTED_SHORT_GAP,UNEXPECTED
2022-05-26 20:31:00,2022-05-26 20:33:00,2.0,UNEXPECTED_SHORT_GAP,UNEXPECTED
2022-05-26 20:50:00,2022-05-26 20:52:00,2.0,UNEXPECTED_SHORT_GAP,UNEXPECTED
2022-05-26 21:12:00,2022-05-26 21:15:00,3.0,UNEXPECTED_SHORT_GAP,UNEXPECTED
2022-05-26 21:30:00,2022-05-26 21:32:00,2.0,UNEXPECTED_SHORT_GAP,UNEXPECTED
2022-05-26 21:34:00,2022-05-26 21:36:00,2.0,UNEXPECTED_SHORT_GAP,UNEXPECTED
2022-05-26 21:41:00,2022-05-26 21:43:00,2.0,UNEXPECTED_SHORT_GAP,UNEXPECTED
2022-05-26 22:12:00,2022-05-26 22:14:00,2.0,UNEXPECTED_SHORT_GAP,UNEXPECTED
2022-05-26 22:21:00,2022-05-26 22:23:00,2.0,UNEXPECTED_SHORT_GAP,UNEXPECTED
2022-05-26 22:23:00,2022-05-26 22:25:00,2.0,UNEXPECTED_SHORT_GAP,UNEXPECTED
2022-05-26 22:27:00,2022-05-26 22:29:00,2.0,UNEXPECTED_SHORT_GAP,UNEXPECTED
2022-05-26 22:38:00,2022-05-26 22:40:00,2.0,UNEXPECTED_SHORT_GAP,UNEXPECTED
2022-05-26 22:40:00,2022-05-26 22:43:00,3.0,UNEXPECTED_SHORT_GAP,UNEXPECTED
2022-05-26 22:46:00,2022-05-26 22:49:00,3.0,UNEXPECTED_SHORT_GAP,UNEXPECTED
2022-05-26 22:51:00,2022-05-26 22:53:00,2.0,UNEXPECTED_SHORT_GAP,UNEXPECTED
2022-05-26 23:05:00,2022-05-26 23:07:00,2.0,UNEXPECTED_SHORT_GAP,UNEXPECTED
2022-05-26 23:33:00,2022-05-26 23:35:00,2.0,UNEXPECTED_SHORT_GAP,UNEXPECTED
2022-05-26 23:55:00,2022-05-26 23:57:00,2.0,UNEXPECTED_SHORT_GAP,UNEXPECTED
2022-05-27 17:45:00,2022-05-27 17:47:00,2.0,UNEXPECTED_SHORT_GAP,UNEXPECTED
2022-05-27 20:30:00,2022-05-27 20:34:00,4.0,UNEXPECTED_SHORT_GAP,UNEXPECTED
2022-05-27 20:58:00,2022-05-29 21:06:00,2888.0,EXPECTED_WEEKEND_CLOSURE,EXPECTED
2022-05-29 21:22:00,2022-05-29 21:24:00,2.0,EXPECTED_WEEKEND_CLOSURE,EXPECTED
2022-05-29 21:28:00,2022-05-29 21:34:00,6.0,EXPECTED_WEEKEND_CLOSURE,EXPECTED
2022-05-29 21:39:00,2022-05-29 21:42:00,3.0,EXPECTED_WEEKEND_CLOSURE,EXPECTED
2022-05-29 21:43:00,2022-05-29 21:45:00,2.0,EXPECTED_WEEKEND_CLOSURE,EXPECTED
2022-05-29 21:46:00,2022-05-29 21:48:00,2.0,EXPECTED_WEEKEND_CLOSURE,EXPECTED
2022-05-29 21:48:00,2022-05-29 21:50:00,2.0,EXPECTED_WEEKEND_CLOSURE,EXPECTED
2022-05-29 21:51:00,2022-05-29 21:59:00,8.0,EXPECTED_WEEKEND_CLOSURE,EXPECTED
2022-05-29 22:03:00,2022-05-29 22:05:00,2.0,EXPECTED_WEEKEND_CLOSURE,EXPECTED
2022-05-29 22:26:00,2022-05-29 22:28:00,2.0,EXPECTED_WEEKEND_CLOSURE,EXPECTED
2022-05-29 22:55:00,2022-05-29 22:57:00,2.0,EXPECTED_WEEKEND_CLOSURE,EXPECTED
2022-05-30 17:32:00,2022-05-30 17:35:00,3.0,UNEXPECTED_SHORT_GAP,UNEXPECTED
2022-05-30 17:35:00,2022-05-30 17:37:00,2.0,UNEXPECTED_SHORT_GAP,UNEXPECTED
2022-05-30 17:38:00,2022-05-30 17:41:00,3.0,UNEXPECTED_SHORT_GAP,UNEXPECTED
2022-05-30 17:52:00,2022-05-30 17:54:00,2.0,UNEXPECTED_SHORT_GAP,UNEXPECTED
2022-05-30 17:55:00,2022-05-30 17:57:00,2.0,UNEXPECTED_SHORT_GAP,UNEXPECTED
2022-05-30 18:02:00,2022-05-30 18:06:00,4.0,UNEXPECTED_SHORT_GAP,UNEXPECTED
2022-05-30 18:07:00,2022-05-30 18:09:00,2.0,UNEXPECTED_SHORT_GAP,UNEXPECTED
2022-05-30 18:09:00,2022-05-30 18:11:00,2.0,UNEXPECTED_SHORT_GAP,UNEXPECTED
2022-05-30 18:12:00,2022-05-30 18:14:00,2.0,UNEXPECTED_SHORT_GAP,UNEXPECTED
2022-05-30 18:16:00,2022-05-30 18:19:00,3.0,UNEXPECTED_SHORT_GAP,UNEXPECTED
2022-05-30 18:23:00,2022-05-30 18:25:00,2.0,UNEXPECTED_SHORT_GAP,UNEXPECTED
2022-05-30 18:31:00,2022-05-30 18:33:00,2.0,UNEXPECTED_SHORT_GAP,UNEXPECTED
2022-05-30 18:34:00,2022-05-30 18:37:00,3.0,UNEXPECTED_SHORT_GAP,UNEXPECTED
2022-05-30 18:39:00,2022-05-30 18:41:00,2.0,UNEXPECTED_SHORT_GAP,UNEXPECTED
2022-05-30 18:45:00,2022-05-30 18:47:00,2.0,UNEXPECTED_SHORT_GAP,UNEXPECTED
2022-05-30 18:48:00,2022-05-30 18:50:00,2.0,UNEXPECTED_SHORT_GAP,UNEXPECTED
2022-05-30 18:53:00,2022-05-30 18:55:00,2.0,UNEXPECTED_SHORT_GAP,UNEXPECTED
2022-05-30 19:07:00,2022-05-30 19:09:00,2.0,UNEXPECTED_SHORT_GAP,UNEXPECTED
2022-05-30 19:16:00,2022-05-30 19:18:00,2.0,UNEXPECTED_SHORT_GAP,UNEXPECTED
2022-05-30 19:18:00,2022-05-30 19:20:00,2.0,UNEXPECTED_SHORT_GAP,UNEXPECTED
2022-05-30 19:20:00,2022-05-30 19:24:00,4.0,UNEXPECTED_SHORT_GAP,UNEXPECTED
2022-05-30 19:26:00,2022-05-30 19:32:00,6.0,UNEXPECTED_INTRADAY_GAP,UNEXPECTED
2022-05-30 19:36:00,2022-05-30 19:39:00,3.0,UNEXPECTED_SHORT_GAP,UNEXPECTED
2022-05-30 19:47:00,2022-05-30 19:51:00,4.0,UNEXPECTED_SHORT_GAP,UNEXPECTED
2022-05-30 20:04:00,2022-05-30 20:06:00,2.0,UNEXPECTED_SHORT_GAP,UNEXPECTED
2022-05-30 20:07:00,2022-05-30 20:09:00,2.0,UNEXPECTED_SHORT_GAP,UNEXPECTED
2022-05-30 20:09:00,2022-05-30 20:14:00,5.0,UNEXPECTED_SHORT_GAP,UNEXPECTED
2022-05-30 20:15:00,2022-05-30 20:18:00,3.0,UNEXPECTED_SHORT_GAP,UNEXPECTED
2022-05-30 20:18:00,2022-05-30 20:24:00,6.0,UNEXPECTED_INTRADAY_GAP,UNEXPECTED
2022-05-30 20:26:00,2022-05-30 20:28:00,2.0,UNEXPECTED_SHORT_GAP,UNEXPECTED
2022-05-30 20:34:00,2022-05-30 20:36:00,2.0,UNEXPECTED_SHORT_GAP,UNEXPECTED
2022-05-30 20:40:00,2022-05-30 20:42:00,2.0,UNEXPECTED_SHORT_GAP,UNEXPECTED
2022-05-30 20:44:00,2022-05-30 20:46:00,2.0,UNEXPECTED_SHORT_GAP,UNEXPECTED
2022-05-30 20:46:00,2022-05-30 20:49:00,3.0,UNEXPECTED_SHORT_GAP,UNEXPECTED
2022-05-30 20:49:00,2022-05-30 20:51:00,2.0,UNEXPECTED_SHORT_GAP,UNEXPECTED
2022-05-30 21:00:00,2022-05-30 21:02:00,2.0,UNEXPECTED_SHORT_GAP,UNEXPECTED
2022-05-30 21:02:00,2022-05-30 21:04:00,2.0,UNEXPECTED_SHORT_GAP,UNEXPECTED
2022-05-30 21:13:00,2022-05-30 21:16:00,3.0,UNEXPECTED_SHORT_GAP,UNEXPECTED
2022-05-30 21:18:00,2022-05-30 21:20:00,2.0,UNEXPECTED_SHORT_GAP,UNEXPECTED
2022-05-30 21:21:00,2022-05-30 21:24:00,3.0,UNEXPECTED_SHORT_GAP,UNEXPECTED
2022-05-30 21:24:00,2022-05-30 21:29:00,5.0,UNEXPECTED_SHORT_GAP,UNEXPECTED
2022-05-30 21:30:00,2022-05-30 21:32:00,2.0,UNEXPECTED_SHORT_GAP,UNEXPECTED
2022-05-30 21:49:00,2022-05-30 21:51:00,2.0,UNEXPECTED_SHORT_GAP,UNEXPECTED
2022-05-30 21:51:00,2022-05-30 21:53:00,2.0,UNEXPECTED_SHORT_GAP,UNEXPECTED
2022-05-30 21:53:00,2022-05-30 21:56:00,3.0,UNEXPECTED_SHORT_GAP,UNEXPECTED
2022-05-30 21:57:00,2022-05-30 22:00:00,3.0,UNEXPECTED_SHORT_GAP,UNEXPECTED
2022-05-30 22:07:00,2022-05-30 22:09:00,2.0,UNEXPECTED_SHORT_GAP,UNEXPECTED
2022-05-30 22:11:00,2022-05-30 22:15:00,4.0,UNEXPECTED_SHORT_GAP,UNEXPECTED
2022-05-30 22:25:00,2022-05-30 22:27:00,2.0,UNEXPECTED_SHORT_GAP,UNEXPECTED
2022-05-30 22:39:00,2022-05-30 22:42:00,3.0,UNEXPECTED_SHORT_GAP,UNEXPECTED
2022-05-30 23:35:00,2022-05-30 23:37:00,2.0,UNEXPECTED_SHORT_GAP,UNEXPECTED
2022-05-31 20:19:00,2022-05-31 20:21:00,2.0,UNEXPECTED_SHORT_GAP,UNEXPECTED
2022-05-31 20:21:00,2022-05-31 20:23:00,2.0,UNEXPECTED_SHORT_GAP,UNEXPECTED
2022-05-31 20:24:00,2022-05-31 20:27:00,3.0,UNEXPECTED_SHORT_GAP,UNEXPECTED
2022-05-31 20:31:00,2022-05-31 20:33:00,2.0,UNEXPECTED_SHORT_GAP,UNEXPECTED
2022-05-31 20:51:00,2022-05-31 20:53:00,2.0,UNEXPECTED_SHORT_GAP,UNEXPECTED
2022-05-31 21:00:00,2022-05-31 21:04:00,4.0,UNEXPECTED_SHORT_GAP,UNEXPECTED
2022-05-31 21:06:00,2022-05-31 21:08:00,2.0,UNEXPECTED_SHORT_GAP,UNEXPECTED
2022-05-31 21:21:00,2022-05-31 21:23:00,2.0,UNEXPECTED_SHORT_GAP,UNEXPECTED
2022-05-31 21:26:00,2022-05-31 21:29:00,3.0,UNEXPECTED_SHORT_GAP,UNEXPECTED
2022-05-31 21:31:00,2022-05-31 21:33:00,2.0,UNEXPECTED_SHORT_GAP,UNEXPECTED
2022-05-31 21:36:00,2022-05-31 21:39:00,3.0,UNEXPECTED_SHORT_GAP,UNEXPECTED
2022-05-31 21:41:00,2022-05-31 21:43:00,2.0,UNEXPECTED_SHORT_GAP,UNEXPECTED
2022-05-31 21:43:00,2022-05-31 21:45:00,2.0,UNEXPECTED_SHORT_GAP,UNEXPECTED
2022-05-31 21:51:00,2022-05-31 21:54:00,3.0,UNEXPECTED_SHORT_GAP,UNEXPECTED
2022-05-31 21:55:00,2022-05-31 21:57:00,2.0,UNEXPECTED_SHORT_GAP,UNEXPECTED
2022-05-31 22:02:00,2022-05-31 22:05:00,3.0,UNEXPECTED_SHORT_GAP,UNEXPECTED
2022-05-31 22:05:00,2022-05-31 22:07:00,2.0,UNEXPECTED_SHORT_GAP,UNEXPECTED
2022-05-31 22:19:00,2022-05-31 22:21:00,2.0,UNEXPECTED_SHORT_GAP,UNEXPECTED
2022-05-31 22:22:00,2022-05-31 22:25:00,3.0,UNEXPECTED_SHORT_GAP,UNEXPECTED
2022-05-31 22:37:00,2022-05-31 22:39:00,2.0,UNEXPECTED_SHORT_GAP,UNEXPECTED
2022-06-01 20:15:00,2022-06-01 20:18:00,3.0,UNEXPECTED_SHORT_GAP,UNEXPECTED
2022-06-01 20:22:00,2022-06-01 20:24:00,2.0,UNEXPECTED_SHORT_GAP,UNEXPECTED
2022-06-01 21:01:00,2022-06-01 21:05:00,4.0,UNEXPECTED_SHORT_GAP,UNEXPECTED
2022-06-01 21:06:00,2022-06-01 21:08:00,2.0,UNEXPECTED_SHORT_GAP,UNEXPECTED
2022-06-01 21:11:00,2022-06-01 21:14:00,3.0,UNEXPECTED_SHORT_GAP,UNEXPECTED
2022-06-01 21:24:00,2022-06-01 21:28:00,4.0,UNEXPECTED_SHORT_GAP,UNEXPECTED
2022-06-01 21:28:00,2022-06-01 21:30:00,2.0,UNEXPECTED_SHORT_GAP,UNEXPECTED
2022-06-01 21:30:00,2022-06-01 21:32:00,2.0,UNEXPECTED_SHORT_GAP,UNEXPECTED
2022-06-01 21:35:00,2022-06-01 21:37:00,2.0,UNEXPECTED_SHORT_GAP,UNEXPECTED
2022-06-01 21:38:00,2022-06-01 21:41:00,3.0,UNEXPECTED_SHORT_GAP,UNEXPECTED
2022-06-01 21:41:00,2022-06-01 21:43:00,2.0,UNEXPECTED_SHORT_GAP,UNEXPECTED
2022-06-01 21:43:00,2022-06-01 21:45:00,2.0,UNEXPECTED_SHORT_GAP,UNEXPECTED
2022-06-01 21:47:00,2022-06-01 21:52:00,5.0,UNEXPECTED_SHORT_GAP,UNEXPECTED
2022-06-01 21:58:00,2022-06-01 22:00:00,2.0,UNEXPECTED_SHORT_GAP,UNEXPECTED
2022-06-01 22:17:00,2022-06-01 22:20:00,3.0,UNEXPECTED_SHORT_GAP,UNEXPECTED
2022-06-01 22:24:00,2022-06-01 22:26:00,2.0,UNEXPECTED_SHORT_GAP,UNEXPECTED
2022-06-01 22:26:00,2022-06-01 22:28:00,2.0,UNEXPECTED_SHORT_GAP,UNEXPECTED
2022-06-01 22:37:00,2022-06-01 22:39:00,2.0,UNEXPECTED_SHORT_GAP,UNEXPECTED
2022-06-01 22:41:00,2022-06-01 22:43:00,2.0,UNEXPECTED_SHORT_GAP,UNEXPECTED
2022-06-01 22:49:00,2022-06-01 22:53:00,4.0,UNEXPECTED_SHORT_GAP,UNEXPECTED
2022-06-01 22:55:00,2022-06-01 22:57:00,2.0,UNEXPECTED_SHORT_GAP,UNEXPECTED
2022-06-01 23:01:00,2022-06-01 23:06:00,5.0,UNEXPECTED_SHORT_GAP,UNEXPECTED
2022-06-01 23:35:00,2022-06-01 23:38:00,3.0,UNEXPECTED_SHORT_GAP,UNEXPECTED
2022-06-01 23:40:00,2022-06-01 23:42:00,2.0,UNEXPECTED_SHORT_GAP,UNEXPECTED
2022-06-02 20:26:00,2022-06-02 20:28:00,2.0,UNEXPECTED_SHORT_GAP,UNEXPECTED
2022-06-02 20:39:00,2022-06-02 20:41:00,2.0,UNEXPECTED_SHORT_GAP,UNEXPECTED
2022-06-02 20:50:00,2022-06-02 20:52:00,2.0,UNEXPECTED_SHORT_GAP,UNEXPECTED
2022-06-02 20:59:00,2022-06-02 21:01:00,2.0,UNEXPECTED_SHORT_GAP,UNEXPECTED
2022-06-02 21:02:00,2022-06-02 21:04:00,2.0,UNEXPECTED_SHORT_GAP,UNEXPECTED
2022-06-02 21:19:00,2022-06-02 21:22:00,3.0,UNEXPECTED_SHORT_GAP,UNEXPECTED
2022-06-02 21:23:00,2022-06-02 21:29:00,6.0,UNEXPECTED_INTRADAY_GAP,UNEXPECTED
2022-06-02 21:30:00,2022-06-02 21:34:00,4.0,UNEXPECTED_SHORT_GAP,UNEXPECTED
2022-06-02 21:37:00,2022-06-02 21:39:00,2.0,UNEXPECTED_SHORT_GAP,UNEXPECTED
2022-06-02 21:40:00,2022-06-02 21:42:00,2.0,UNEXPECTED_SHORT_GAP,UNEXPECTED
2022-06-02 21:42:00,2022-06-02 21:45:00,3.0,UNEXPECTED_SHORT_GAP,UNEXPECTED
2022-06-02 21:45:00,2022-06-02 21:47:00,2.0,UNEXPECTED_SHORT_GAP,UNEXPECTED
2022-06-02 21:47:00,2022-06-02 21:50:00,3.0,UNEXPECTED_SHORT_GAP,UNEXPECTED
2022-06-02 21:50:00,2022-06-02 21:53:00,3.0,UNEXPECTED_SHORT_GAP,UNEXPECTED
2022-06-02 22:10:00,2022-06-02 22:12:00,2.0,UNEXPECTED_SHORT_GAP,UNEXPECTED
2022-06-02 22:13:00,2022-06-02 22:15:00,2.0,UNEXPECTED_SHORT_GAP,UNEXPECTED
2022-06-02 22:19:00,2022-06-02 22:24:00,5.0,UNEXPECTED_SHORT_GAP,UNEXPECTED
2022-06-02 22:24:00,2022-06-02 22:28:00,4.0,UNEXPECTED_SHORT_GAP,UNEXPECTED
2022-06-02 22:29:00,2022-06-02 22:32:00,3.0,UNEXPECTED_SHORT_GAP,UNEXPECTED
2022-06-02 22:33:00,2022-06-02 22:36:00,3.0,UNEXPECTED_SHORT_GAP,UNEXPECTED
2022-06-02 22:36:00,2022-06-02 22:40:00,4.0,UNEXPECTED_SHORT_GAP,UNEXPECTED
2022-06-02 22:42:00,2022-06-02 22:44:00,2.0,UNEXPECTED_SHORT_GAP,UNEXPECTED
2022-06-02 22:46:00,2022-06-02 22:50:00,4.0,UNEXPECTED_SHORT_GAP,UNEXPECTED
2022-06-02 22:53:00,2022-06-02 22:55:00,2.0,UNEXPECTED_SHORT_GAP,UNEXPECTED
2022-06-02 22:55:00,2022-06-02 22:58:00,3.0,UNEXPECTED_SHORT_GAP,UNEXPECTED
2022-06-02 22:58:00,2022-06-02 23:00:00,2.0,UNEXPECTED_SHORT_GAP,UNEXPECTED
2022-06-02 23:01:00,2022-06-02 23:04:00,3.0,UNEXPECTED_SHORT_GAP,UNEXPECTED
2022-06-02 23:20:00,2022-06-02 23:22:00,2.0,UNEXPECTED_SHORT_GAP,UNEXPECTED
2022-06-02 23:26:00,2022-06-02 23:28:00,2.0,UNEXPECTED_SHORT_GAP,UNEXPECTED
2022-06-02 23:31:00,2022-06-02 23:33:00,2.0,UNEXPECTED_SHORT_GAP,UNEXPECTED
2022-06-03 19:41:00,2022-06-03 19:43:00,2.0,UNEXPECTED_SHORT_GAP,UNEXPECTED
2022-06-03 20:07:00,2022-06-03 20:09:00,2.0,UNEXPECTED_SHORT_GAP,UNEXPECTED
2022-06-03 20:09:00,2022-06-03 20:11:00,2.0,UNEXPECTED_SHORT_GAP,UNEXPECTED
2022-06-03 20:14:00,2022-06-03 20:16:00,2.0,UNEXPECTED_SHORT_GAP,UNEXPECTED
2022-06-03 20:40:00,2022-06-03 20:42:00,2.0,UNEXPECTED_SHORT_GAP,UNEXPECTED
2022-06-03 20:58:00,2022-06-05 21:05:00,2887.0,EXPECTED_WEEKEND_CLOSURE,EXPECTED
2022-06-05 21:08:00,2022-06-05 21:10:00,2.0,EXPECTED_WEEKEND_CLOSURE,EXPECTED
2022-06-05 21:10:00,2022-06-05 21:12:00,2.0,EXPECTED_WEEKEND_CLOSURE,EXPECTED
2022-06-05 21:14:00,2022-06-05 21:16:00,2.0,EXPECTED_WEEKEND_CLOSURE,EXPECTED
2022-06-05 21:18:00,2022-06-05 21:22:00,4.0,EXPECTED_WEEKEND_CLOSURE,EXPECTED
2022-06-05 21:22:00,2022-06-05 21:30:00,8.0,EXPECTED_WEEKEND_CLOSURE,EXPECTED
2022-06-05 21:31:00,2022-06-05 21:33:00,2.0,EXPECTED_WEEKEND_CLOSURE,EXPECTED
2022-06-05 21:33:00,2022-06-05 21:35:00,2.0,EXPECTED_WEEKEND_CLOSURE,EXPECTED
2022-06-05 21:41:00,2022-06-05 21:43:00,2.0,EXPECTED_WEEKEND_CLOSURE,EXPECTED
2022-06-05 21:44:00,2022-06-05 21:46:00,2.0,EXPECTED_WEEKEND_CLOSURE,EXPECTED
2022-06-05 21:46:00,2022-06-05 21:48:00,2.0,EXPECTED_WEEKEND_CLOSURE,EXPECTED
2022-06-05 21:48:00,2022-06-05 21:50:00,2.0,EXPECTED_WEEKEND_CLOSURE,EXPECTED
2022-06-05 21:52:00,2022-06-05 21:54:00,2.0,EXPECTED_WEEKEND_CLOSURE,EXPECTED
2022-06-05 22:06:00,2022-06-05 22:08:00,2.0,EXPECTED_WEEKEND_CLOSURE,EXPECTED
2022-06-05 22:35:00,2022-06-05 22:37:00,2.0,EXPECTED_WEEKEND_CLOSURE,EXPECTED
2022-06-05 23:20:00,2022-06-05 23:22:00,2.0,EXPECTED_WEEKEND_CLOSURE,EXPECTED
2022-06-06 20:36:00,2022-06-06 20:38:00,2.0,UNEXPECTED_SHORT_GAP,UNEXPECTED
2022-06-06 20:52:00,2022-06-06 20:54:00,2.0,UNEXPECTED_SHORT_GAP,UNEXPECTED
2022-06-06 21:01:00,2022-06-06 21:04:00,3.0,UNEXPECTED_SHORT_GAP,UNEXPECTED
2022-06-06 21:07:00,2022-06-06 21:10:00,3.0,UNEXPECTED_SHORT_GAP,UNEXPECTED
2022-06-06 21:11:00,2022-06-06 21:16:00,5.0,UNEXPECTED_SHORT_GAP,UNEXPECTED
2022-06-06 21:16:00,2022-06-06 21:23:00,7.0,UNEXPECTED_INTRADAY_GAP,UNEXPECTED
2022-06-06 21:24:00,2022-06-06 21:26:00,2.0,UNEXPECTED_SHORT_GAP,UNEXPECTED
2022-06-06 21:27:00,2022-06-06 21:29:00,2.0,UNEXPECTED_SHORT_GAP,UNEXPECTED
2022-06-06 21:35:00,2022-06-06 21:38:00,3.0,UNEXPECTED_SHORT_GAP,UNEXPECTED
2022-06-06 21:38:00,2022-06-06 21:40:00,2.0,UNEXPECTED_SHORT_GAP,UNEXPECTED
2022-06-06 21:50:00,2022-06-06 21:52:00,2.0,UNEXPECTED_SHORT_GAP,UNEXPECTED
2022-06-06 21:53:00,2022-06-06 21:55:00,2.0,UNEXPECTED_SHORT_GAP,UNEXPECTED
2022-06-06 21:55:00,2022-06-06 21:58:00,3.0,UNEXPECTED_SHORT_GAP,UNEXPECTED
2022-06-06 22:15:00,2022-06-06 22:17:00,2.0,UNEXPECTED_SHORT_GAP,UNEXPECTED
2022-06-06 22:20:00,2022-06-06 22:22:00,2.0,UNEXPECTED_SHORT_GAP,UNEXPECTED
2022-06-06 22:28:00,2022-06-06 22:30:00,2.0,UNEXPECTED_SHORT_GAP,UNEXPECTED
2022-06-06 22:32:00,2022-06-06 22:34:00,2.0,UNEXPECTED_SHORT_GAP,UNEXPECTED
2022-06-06 22:34:00,2022-06-06 22:36:00,2.0,UNEXPECTED_SHORT_GAP,UNEXPECTED
2022-06-06 22:38:00,2022-06-06 22:40:00,2.0,UNEXPECTED_SHORT_GAP,UNEXPECTED
2022-06-06 22:45:00,2022-06-06 22:47:00,2.0,UNEXPECTED_SHORT_GAP,UNEXPECTED
2022-06-07 18:55:00,2022-06-07 18:57:00,2.0,UNEXPECTED_SHORT_GAP,UNEXPECTED
2022-06-07 20:03:00,2022-06-07 20:06:00,3.0,UNEXPECTED_SHORT_GAP,UNEXPECTED
2022-06-07 20:10:00,2022-06-07 20:12:00,2.0,UNEXPECTED_SHORT_GAP,UNEXPECTED
2022-06-07 20:36:00,2022-06-07 20:38:00,2.0,UNEXPECTED_SHORT_GAP,UNEXPECTED
2022-06-07 20:41:00,2022-06-07 20:43:00,2.0,UNEXPECTED_SHORT_GAP,UNEXPECTED
2022-06-07 20:45:00,2022-06-07 20:49:00,4.0,UNEXPECTED_SHORT_GAP,UNEXPECTED
2022-06-07 20:51:00,2022-06-07 20:54:00,3.0,UNEXPECTED_SHORT_GAP,UNEXPECTED
2022-06-07 20:56:00,2022-06-07 20:58:00,2.0,UNEXPECTED_SHORT_GAP,UNEXPECTED
2022-06-07 21:01:00,2022-06-07 21:05:00,4.0,UNEXPECTED_SHORT_GAP,UNEXPECTED
2022-06-07 21:22:00,2022-06-07 21:25:00,3.0,UNEXPECTED_SHORT_GAP,UNEXPECTED
2022-06-07 21:25:00,2022-06-07 21:27:00,2.0,UNEXPECTED_SHORT_GAP,UNEXPECTED
2022-06-07 21:32:00,2022-06-07 21:34:00,2.0,UNEXPECTED_SHORT_GAP,UNEXPECTED
2022-06-07 21:35:00,2022-06-07 21:40:00,5.0,UNEXPECTED_SHORT_GAP,UNEXPECTED
2022-06-07 21:41:00,2022-06-07 21:43:00,2.0,UNEXPECTED_SHORT_GAP,UNEXPECTED
2022-06-07 21:45:00,2022-06-07 21:47:00,2.0,UNEXPECTED_SHORT_GAP,UNEXPECTED
2022-06-07 21:47:00,2022-06-07 21:50:00,3.0,UNEXPECTED_SHORT_GAP,UNEXPECTED
2022-06-07 21:50:00,2022-06-07 21:52:00,2.0,UNEXPECTED_SHORT_GAP,UNEXPECTED
2022-06-07 21:54:00,2022-06-07 21:58:00,4.0,UNEXPECTED_SHORT_GAP,UNEXPECTED
2022-06-07 22:10:00,2022-06-07 22:12:00,2.0,UNEXPECTED_SHORT_GAP,UNEXPECTED
2022-06-07 22:12:00,2022-06-07 22:15:00,3.0,UNEXPECTED_SHORT_GAP,UNEXPECTED
2022-06-07 22:16:00,2022-06-07 22:18:00,2.0,UNEXPECTED_SHORT_GAP,UNEXPECTED
2022-06-07 22:23:00,2022-06-07 22:26:00,3.0,UNEXPECTED_SHORT_GAP,UNEXPECTED
2022-06-07 22:43:00,2022-06-07 22:46:00,3.0,UNEXPECTED_SHORT_GAP,UNEXPECTED
2022-06-07 22:50:00,2022-06-07 22:52:00,2.0,UNEXPECTED_SHORT_GAP,UNEXPECTED
2022-06-07 23:00:00,2022-06-07 23:02:00,2.0,UNEXPECTED_SHORT_GAP,UNEXPECTED
2022-06-07 23:05:00,2022-06-07 23:08:00,3.0,UNEXPECTED_SHORT_GAP,UNEXPECTED
2022-06-07 23:26:00,2022-06-07 23:29:00,3.0,UNEXPECTED_SHORT_GAP,UNEXPECTED
2022-06-08 20:05:00,2022-06-08 20:07:00,2.0,UNEXPECTED_SHORT_GAP,UNEXPECTED
2022-06-08 20:22:00,2022-06-08 20:24:00,2.0,UNEXPECTED_SHORT_GAP,UNEXPECTED
2022-06-08 20:24:00,2022-06-08 20:26:00,2.0,UNEXPECTED_SHORT_GAP,UNEXPECTED
2022-06-08 20:30:00,2022-06-08 20:32:00,2.0,UNEXPECTED_SHORT_GAP,UNEXPECTED
2022-06-08 20:49:00,2022-06-08 20:52:00,3.0,UNEXPECTED_SHORT_GAP,UNEXPECTED
2022-06-08 21:01:00,2022-06-08 21:04:00,3.0,UNEXPECTED_SHORT_GAP,UNEXPECTED
2022-06-08 21:45:00,2022-06-08 21:47:00,2.0,UNEXPECTED_SHORT_GAP,UNEXPECTED
2022-06-08 22:06:00,2022-06-08 22:09:00,3.0,UNEXPECTED_SHORT_GAP,UNEXPECTED
2022-06-08 22:40:00,2022-06-08 22:42:00,2.0,UNEXPECTED_SHORT_GAP,UNEXPECTED
2022-06-08 22:43:00,2022-06-08 22:45:00,2.0,UNEXPECTED_SHORT_GAP,UNEXPECTED
2022-06-08 22:48:00,2022-06-08 22:50:00,2.0,UNEXPECTED_SHORT_GAP,UNEXPECTED
2022-06-08 23:03:00,2022-06-08 23:05:00,2.0,UNEXPECTED_SHORT_GAP,UNEXPECTED
2022-06-08 23:45:00,2022-06-08 23:48:00,3.0,UNEXPECTED_SHORT_GAP,UNEXPECTED
2022-06-08 23:52:00,2022-06-08 23:54:00,2.0,UNEXPECTED_SHORT_GAP,UNEXPECTED
2022-06-09 20:35:00,2022-06-09 20:37:00,2.0,UNEXPECTED_SHORT_GAP,UNEXPECTED
2022-06-09 20:39:00,2022-06-09 20:41:00,2.0,UNEXPECTED_SHORT_GAP,UNEXPECTED
2022-06-09 21:02:00,2022-06-09 21:04:00,2.0,UNEXPECTED_SHORT_GAP,UNEXPECTED
2022-06-09 21:16:00,2022-06-09 21:18:00,2.0,UNEXPECTED_SHORT_GAP,UNEXPECTED
2022-06-09 21:23:00,2022-06-09 21:25:00,2.0,UNEXPECTED_SHORT_GAP,UNEXPECTED
2022-06-09 21:32:00,2022-06-09 21:34:00,2.0,UNEXPECTED_SHORT_GAP,UNEXPECTED
2022-06-09 21:35:00,2022-06-09 21:37:00,2.0,UNEXPECTED_SHORT_GAP,UNEXPECTED
2022-06-09 21:37:00,2022-06-09 21:40:00,3.0,UNEXPECTED_SHORT_GAP,UNEXPECTED
2022-06-09 21:43:00,2022-06-09 21:45:00,2.0,UNEXPECTED_SHORT_GAP,UNEXPECTED
2022-06-09 21:45:00,2022-06-09 21:47:00,2.0,UNEXPECTED_SHORT_GAP,UNEXPECTED
2022-06-09 21:54:00,2022-06-09 21:57:00,3.0,UNEXPECTED_SHORT_GAP,UNEXPECTED
2022-06-09 21:58:00,2022-06-09 22:00:00,2.0,UNEXPECTED_SHORT_GAP,UNEXPECTED
2022-06-09 22:05:00,2022-06-09 22:08:00,3.0,UNEXPECTED_SHORT_GAP,UNEXPECTED
2022-06-09 22:16:00,2022-06-09 22:20:00,4.0,UNEXPECTED_SHORT_GAP,UNEXPECTED
2022-06-09 22:23:00,2022-06-09 22:25:00,2.0,UNEXPECTED_SHORT_GAP,UNEXPECTED
2022-06-09 22:38:00,2022-06-09 22:40:00,2.0,UNEXPECTED_SHORT_GAP,UNEXPECTED
2022-06-09 22:40:00,2022-06-09 22:42:00,2.0,UNEXPECTED_SHORT_GAP,UNEXPECTED
2022-06-09 22:48:00,2022-06-09 22:50:00,2.0,UNEXPECTED_SHORT_GAP,UNEXPECTED
2022-06-09 22:52:00,2022-06-09 22:54:00,2.0,UNEXPECTED_SHORT_GAP,UNEXPECTED
2022-06-09 22:58:00,2022-06-09 23:00:00,2.0,UNEXPECTED_SHORT_GAP,UNEXPECTED
2022-06-09 23:14:00,2022-06-09 23:16:00,2.0,UNEXPECTED_SHORT_GAP,UNEXPECTED
2022-06-09 23:32:00,2022-06-09 23:34:00,2.0,UNEXPECTED_SHORT_GAP,UNEXPECTED
2022-06-10 20:04:00,2022-06-10 20:06:00,2.0,UNEXPECTED_SHORT_GAP,UNEXPECTED
2022-06-10 20:58:00,2022-06-12 21:05:00,2887.0,EXPECTED_WEEKEND_CLOSURE,EXPECTED
2022-06-12 21:08:00,2022-06-12 21:10:00,2.0,EXPECTED_WEEKEND_CLOSURE,EXPECTED
2022-06-12 21:12:00,2022-06-12 21:14:00,2.0,EXPECTED_WEEKEND_CLOSURE,EXPECTED
2022-06-12 21:21:00,2022-06-12 21:28:00,7.0,EXPECTED_WEEKEND_CLOSURE,EXPECTED
2022-06-12 21:49:00,2022-06-12 21:51:00,2.0,EXPECTED_WEEKEND_CLOSURE,EXPECTED
2022-06-12 21:53:00,2022-06-12 21:56:00,3.0,EXPECTED_WEEKEND_CLOSURE,EXPECTED
2022-06-12 22:41:00,2022-06-12 22:43:00,2.0,EXPECTED_WEEKEND_CLOSURE,EXPECTED
2022-06-13 20:31:00,2022-06-13 20:33:00,2.0,UNEXPECTED_SHORT_GAP,UNEXPECTED
2022-06-13 21:01:00,2022-06-13 21:04:00,3.0,UNEXPECTED_SHORT_GAP,UNEXPECTED
2022-06-13 21:15:00,2022-06-13 21:19:00,4.0,UNEXPECTED_SHORT_GAP,UNEXPECTED
2022-06-13 21:22:00,2022-06-13 21:24:00,2.0,UNEXPECTED_SHORT_GAP,UNEXPECTED
2022-06-13 21:31:00,2022-06-13 21:33:00,2.0,UNEXPECTED_SHORT_GAP,UNEXPECTED
2022-06-13 21:38:00,2022-06-13 21:40:00,2.0,UNEXPECTED_SHORT_GAP,UNEXPECTED
2022-06-13 21:40:00,2022-06-13 21:42:00,2.0,UNEXPECTED_SHORT_GAP,UNEXPECTED
2022-06-13 21:46:00,2022-06-13 21:48:00,2.0,UNEXPECTED_SHORT_GAP,UNEXPECTED
2022-06-13 21:49:00,2022-06-13 21:52:00,3.0,UNEXPECTED_SHORT_GAP,UNEXPECTED
2022-06-13 21:52:00,2022-06-13 21:54:00,2.0,UNEXPECTED_SHORT_GAP,UNEXPECTED
2022-06-14 20:24:00,2022-06-14 20:27:00,3.0,UNEXPECTED_SHORT_GAP,UNEXPECTED
2022-06-14 20:50:00,2022-06-14 20:52:00,2.0,UNEXPECTED_SHORT_GAP,UNEXPECTED
2022-06-14 21:01:00,2022-06-14 21:05:00,4.0,UNEXPECTED_SHORT_GAP,UNEXPECTED
2022-06-14 21:12:00,2022-06-14 21:17:00,5.0,UNEXPECTED_SHORT_GAP,UNEXPECTED
2022-06-14 21:18:00,2022-06-14 21:20:00,2.0,UNEXPECTED_SHORT_GAP,UNEXPECTED
2022-06-14 21:24:00,2022-06-14 21:26:00,2.0,UNEXPECTED_SHORT_GAP,UNEXPECTED
2022-06-14 21:28:00,2022-06-14 21:30:00,2.0,UNEXPECTED_SHORT_GAP,UNEXPECTED
2022-06-14 21:48:00,2022-06-14 21:50:00,2.0,UNEXPECTED_SHORT_GAP,UNEXPECTED
2022-06-14 21:53:00,2022-06-14 21:57:00,4.0,UNEXPECTED_SHORT_GAP,UNEXPECTED
2022-06-14 21:57:00,2022-06-14 21:59:00,2.0,UNEXPECTED_SHORT_GAP,UNEXPECTED
2022-06-14 22:05:00,2022-06-14 22:07:00,2.0,UNEXPECTED_SHORT_GAP,UNEXPECTED
2022-06-14 22:26:00,2022-06-14 22:28:00,2.0,UNEXPECTED_SHORT_GAP,UNEXPECTED
2022-06-15 07:56:00,2022-06-15 07:58:00,2.0,UNEXPECTED_SHORT_GAP,UNEXPECTED
2022-06-15 21:11:00,2022-06-15 21:16:00,5.0,UNEXPECTED_SHORT_GAP,UNEXPECTED
2022-06-15 21:16:00,2022-06-15 21:22:00,6.0,UNEXPECTED_INTRADAY_GAP,UNEXPECTED
2022-06-15 21:22:00,2022-06-15 21:27:00,5.0,UNEXPECTED_SHORT_GAP,UNEXPECTED
2022-06-15 21:30:00,2022-06-15 21:32:00,2.0,UNEXPECTED_SHORT_GAP,UNEXPECTED
2022-06-15 21:33:00,2022-06-15 21:37:00,4.0,UNEXPECTED_SHORT_GAP,UNEXPECTED
2022-06-15 21:37:00,2022-06-15 21:39:00,2.0,UNEXPECTED_SHORT_GAP,UNEXPECTED
2022-06-15 21:54:00,2022-06-15 21:57:00,3.0,UNEXPECTED_SHORT_GAP,UNEXPECTED
2022-06-16 20:51:00,2022-06-16 20:53:00,2.0,UNEXPECTED_SHORT_GAP,UNEXPECTED
2022-06-16 20:56:00,2022-06-16 20:58:00,2.0,UNEXPECTED_SHORT_GAP,UNEXPECTED
2022-06-16 21:01:00,2022-06-16 21:03:00,2.0,UNEXPECTED_SHORT_GAP,UNEXPECTED
2022-06-16 21:03:00,2022-06-16 21:05:00,2.0,UNEXPECTED_SHORT_GAP,UNEXPECTED
2022-06-16 21:12:00,2022-06-16 21:15:00,3.0,UNEXPECTED_SHORT_GAP,UNEXPECTED
2022-06-16 21:16:00,2022-06-16 21:18:00,2.0,UNEXPECTED_SHORT_GAP,UNEXPECTED
2022-06-16 21:21:00,2022-06-16 21:23:00,2.0,UNEXPECTED_SHORT_GAP,UNEXPECTED
2022-06-16 21:23:00,2022-06-16 21:25:00,2.0,UNEXPECTED_SHORT_GAP,UNEXPECTED
2022-06-16 21:32:00,2022-06-16 21:34:00,2.0,UNEXPECTED_SHORT_GAP,UNEXPECTED
2022-06-16 21:41:00,2022-06-16 21:43:00,2.0,UNEXPECTED_SHORT_GAP,UNEXPECTED
2022-06-16 21:43:00,2022-06-16 21:45:00,2.0,UNEXPECTED_SHORT_GAP,UNEXPECTED
2022-06-16 21:48:00,2022-06-16 21:50:00,2.0,UNEXPECTED_SHORT_GAP,UNEXPECTED
2022-06-16 21:51:00,2022-06-16 21:55:00,4.0,UNEXPECTED_SHORT_GAP,UNEXPECTED
2022-06-16 21:56:00,2022-06-16 21:58:00,2.0,UNEXPECTED_SHORT_GAP,UNEXPECTED
2022-06-16 22:27:00,2022-06-16 22:29:00,2.0,UNEXPECTED_SHORT_GAP,UNEXPECTED
2022-06-16 22:48:00,2022-06-16 22:50:00,2.0,UNEXPECTED_SHORT_GAP,UNEXPECTED
2022-06-17 20:39:00,2022-06-17 20:41:00,2.0,UNEXPECTED_SHORT_GAP,UNEXPECTED
2022-06-17 20:58:00,2022-06-19 21:05:00,2887.0,EXPECTED_WEEKEND_CLOSURE,EXPECTED
2022-06-19 21:13:00,2022-06-19 21:15:00,2.0,EXPECTED_WEEKEND_CLOSURE,EXPECTED
2022-06-19 21:30:00,2022-06-19 21:32:00,2.0,EXPECTED_WEEKEND_CLOSURE,EXPECTED
2022-06-19 21:36:00,2022-06-19 21:38:00,2.0,EXPECTED_WEEKEND_CLOSURE,EXPECTED
2022-06-19 21:38:00,2022-06-19 21:43:00,5.0,EXPECTED_WEEKEND_CLOSURE,EXPECTED
2022-06-19 21:43:00,2022-06-19 21:49:00,6.0,EXPECTED_WEEKEND_CLOSURE,EXPECTED
2022-06-19 22:17:00,2022-06-19 22:19:00,2.0,EXPECTED_WEEKEND_CLOSURE,EXPECTED
2022-06-19 22:26:00,2022-06-19 22:28:00,2.0,EXPECTED_WEEKEND_CLOSURE,EXPECTED
2022-06-20 17:04:00,2022-06-20 17:06:00,2.0,UNEXPECTED_SHORT_GAP,UNEXPECTED
2022-06-20 17:13:00,2022-06-20 17:15:00,2.0,UNEXPECTED_SHORT_GAP,UNEXPECTED
2022-06-20 17:25:00,2022-06-20 17:28:00,3.0,UNEXPECTED_SHORT_GAP,UNEXPECTED
2022-06-20 17:28:00,2022-06-20 17:30:00,2.0,UNEXPECTED_SHORT_GAP,UNEXPECTED
2022-06-20 17:38:00,2022-06-20 17:41:00,3.0,UNEXPECTED_SHORT_GAP,UNEXPECTED
2022-06-20 17:41:00,2022-06-20 17:43:00,2.0,UNEXPECTED_SHORT_GAP,UNEXPECTED
2022-06-20 18:32:00,2022-06-20 18:36:00,4.0,UNEXPECTED_SHORT_GAP,UNEXPECTED
2022-06-20 18:39:00,2022-06-20 18:43:00,4.0,UNEXPECTED_SHORT_GAP,UNEXPECTED
2022-06-20 18:44:00,2022-06-20 18:48:00,4.0,UNEXPECTED_SHORT_GAP,UNEXPECTED
2022-06-20 18:48:00,2022-06-20 18:50:00,2.0,UNEXPECTED_SHORT_GAP,UNEXPECTED
2022-06-20 18:50:00,2022-06-20 18:52:00,2.0,UNEXPECTED_SHORT_GAP,UNEXPECTED
2022-06-20 18:54:00,2022-06-20 18:56:00,2.0,UNEXPECTED_SHORT_GAP,UNEXPECTED
2022-06-20 19:21:00,2022-06-20 19:23:00,2.0,UNEXPECTED_SHORT_GAP,UNEXPECTED
2022-06-20 19:26:00,2022-06-20 19:28:00,2.0,UNEXPECTED_SHORT_GAP,UNEXPECTED
2022-06-20 19:33:00,2022-06-20 19:35:00,2.0,UNEXPECTED_SHORT_GAP,UNEXPECTED
2022-06-20 19:36:00,2022-06-20 19:38:00,2.0,UNEXPECTED_SHORT_GAP,UNEXPECTED
2022-06-20 19:47:00,2022-06-20 19:49:00,2.0,UNEXPECTED_SHORT_GAP,UNEXPECTED
2022-06-20 20:13:00,2022-06-20 20:15:00,2.0,UNEXPECTED_SHORT_GAP,UNEXPECTED
2022-06-20 20:15:00,2022-06-20 20:17:00,2.0,UNEXPECTED_SHORT_GAP,UNEXPECTED
2022-06-20 20:19:00,2022-06-20 20:22:00,3.0,UNEXPECTED_SHORT_GAP,UNEXPECTED
2022-06-20 20:33:00,2022-06-20 20:35:00,2.0,UNEXPECTED_SHORT_GAP,UNEXPECTED
2022-06-20 20:38:00,2022-06-20 20:41:00,3.0,UNEXPECTED_SHORT_GAP,UNEXPECTED
2022-06-20 20:52:00,2022-06-20 20:55:00,3.0,UNEXPECTED_SHORT_GAP,UNEXPECTED
2022-06-20 21:00:00,2022-06-20 21:05:00,5.0,UNEXPECTED_SHORT_GAP,UNEXPECTED
2022-06-20 21:08:00,2022-06-20 21:10:00,2.0,UNEXPECTED_SHORT_GAP,UNEXPECTED
2022-06-20 21:16:00,2022-06-20 21:18:00,2.0,UNEXPECTED_SHORT_GAP,UNEXPECTED
2022-06-20 21:18:00,2022-06-20 21:20:00,2.0,UNEXPECTED_SHORT_GAP,UNEXPECTED
2022-06-20 21:22:00,2022-06-20 21:24:00,2.0,UNEXPECTED_SHORT_GAP,UNEXPECTED
2022-06-20 21:24:00,2022-06-20 21:28:00,4.0,UNEXPECTED_SHORT_GAP,UNEXPECTED
2022-06-20 21:28:00,2022-06-20 21:30:00,2.0,UNEXPECTED_SHORT_GAP,UNEXPECTED
2022-06-20 21:32:00,2022-06-20 21:34:00,2.0,UNEXPECTED_SHORT_GAP,UNEXPECTED
2022-06-20 21:36:00,2022-06-20 21:38:00,2.0,UNEXPECTED_SHORT_GAP,UNEXPECTED
2022-06-20 21:38:00,2022-06-20 21:45:00,7.0,UNEXPECTED_INTRADAY_GAP,UNEXPECTED
2022-06-20 21:46:00,2022-06-20 21:51:00,5.0,UNEXPECTED_SHORT_GAP,UNEXPECTED
2022-06-20 21:51:00,2022-06-20 21:55:00,4.0,UNEXPECTED_SHORT_GAP,UNEXPECTED
2022-06-20 21:55:00,2022-06-20 21:58:00,3.0,UNEXPECTED_SHORT_GAP,UNEXPECTED
2022-06-20 22:21:00,2022-06-20 22:23:00,2.0,UNEXPECTED_SHORT_GAP,UNEXPECTED
2022-06-20 22:41:00,2022-06-20 22:43:00,2.0,UNEXPECTED_SHORT_GAP,UNEXPECTED
2022-06-21 20:12:00,2022-06-21 20:14:00,2.0,UNEXPECTED_SHORT_GAP,UNEXPECTED
2022-06-21 20:18:00,2022-06-21 20:20:00,2.0,UNEXPECTED_SHORT_GAP,UNEXPECTED
2022-06-21 20:30:00,2022-06-21 20:32:00,2.0,UNEXPECTED_SHORT_GAP,UNEXPECTED
2022-06-21 20:33:00,2022-06-21 20:36:00,3.0,UNEXPECTED_SHORT_GAP,UNEXPECTED
2022-06-21 20:37:00,2022-06-21 20:39:00,2.0,UNEXPECTED_SHORT_GAP,UNEXPECTED
2022-06-21 20:41:00,2022-06-21 20:43:00,2.0,UNEXPECTED_SHORT_GAP,UNEXPECTED
2022-06-21 20:51:00,2022-06-21 20:53:00,2.0,UNEXPECTED_SHORT_GAP,UNEXPECTED
2022-06-21 20:53:00,2022-06-21 20:55:00,2.0,UNEXPECTED_SHORT_GAP,UNEXPECTED
2022-06-21 21:00:00,2022-06-21 21:02:00,2.0,UNEXPECTED_SHORT_GAP,UNEXPECTED
2022-06-21 21:03:00,2022-06-21 21:05:00,2.0,UNEXPECTED_SHORT_GAP,UNEXPECTED
2022-06-21 21:12:00,2022-06-21 21:14:00,2.0,UNEXPECTED_SHORT_GAP,UNEXPECTED
2022-06-21 21:15:00,2022-06-21 21:17:00,2.0,UNEXPECTED_SHORT_GAP,UNEXPECTED
2022-06-21 21:19:00,2022-06-21 21:21:00,2.0,UNEXPECTED_SHORT_GAP,UNEXPECTED
2022-06-21 21:30:00,2022-06-21 21:32:00,2.0,UNEXPECTED_SHORT_GAP,UNEXPECTED
2022-06-21 22:02:00,2022-06-21 22:04:00,2.0,UNEXPECTED_SHORT_GAP,UNEXPECTED
2022-06-21 22:20:00,2022-06-21 22:22:00,2.0,UNEXPECTED_SHORT_GAP,UNEXPECTED
2022-06-21 22:27:00,2022-06-21 22:29:00,2.0,UNEXPECTED_SHORT_GAP,UNEXPECTED
2022-06-22 20:43:00,2022-06-22 20:45:00,2.0,UNEXPECTED_SHORT_GAP,UNEXPECTED
2022-06-22 21:08:00,2022-06-22 21:10:00,2.0,UNEXPECTED_SHORT_GAP,UNEXPECTED
2022-06-22 21:16:00,2022-06-22 21:20:00,4.0,UNEXPECTED_SHORT_GAP,UNEXPECTED
2022-06-22 21:21:00,2022-06-22 21:23:00,2.0,UNEXPECTED_SHORT_GAP,UNEXPECTED
2022-06-22 21:25:00,2022-06-22 21:27:00,2.0,UNEXPECTED_SHORT_GAP,UNEXPECTED
2022-06-22 21:28:00,2022-06-22 21:30:00,2.0,UNEXPECTED_SHORT_GAP,UNEXPECTED
2022-06-22 21:36:00,2022-06-22 21:38:00,2.0,UNEXPECTED_SHORT_GAP,UNEXPECTED
2022-06-22 21:41:00,2022-06-22 21:43:00,2.0,UNEXPECTED_SHORT_GAP,UNEXPECTED
2022-06-22 21:44:00,2022-06-22 21:46:00,2.0,UNEXPECTED_SHORT_GAP,UNEXPECTED
2022-06-22 21:46:00,2022-06-22 21:48:00,2.0,UNEXPECTED_SHORT_GAP,UNEXPECTED
2022-06-22 21:48:00,2022-06-22 21:50:00,2.0,UNEXPECTED_SHORT_GAP,UNEXPECTED
2022-06-22 22:12:00,2022-06-22 22:14:00,2.0,UNEXPECTED_SHORT_GAP,UNEXPECTED
2022-06-22 22:18:00,2022-06-22 22:20:00,2.0,UNEXPECTED_SHORT_GAP,UNEXPECTED
2022-06-22 22:20:00,2022-06-22 22:22:00,2.0,UNEXPECTED_SHORT_GAP,UNEXPECTED
2022-06-22 22:22:00,2022-06-22 22:25:00,3.0,UNEXPECTED_SHORT_GAP,UNEXPECTED
2022-06-22 22:30:00,2022-06-22 22:32:00,2.0,UNEXPECTED_SHORT_GAP,UNEXPECTED
2022-06-22 22:33:00,2022-06-22 22:36:00,3.0,UNEXPECTED_SHORT_GAP,UNEXPECTED
2022-06-22 22:37:00,2022-06-22 22:39:00,2.0,UNEXPECTED_SHORT_GAP,UNEXPECTED
2022-06-22 22:41:00,2022-06-22 22:43:00,2.0,UNEXPECTED_SHORT_GAP,UNEXPECTED
2022-06-22 22:46:00,2022-06-22 22:48:00,2.0,UNEXPECTED_SHORT_GAP,UNEXPECTED
2022-06-23 21:01:00,2022-06-23 21:03:00,2.0,UNEXPECTED_SHORT_GAP,UNEXPECTED
2022-06-23 21:22:00,2022-06-23 21:24:00,2.0,UNEXPECTED_SHORT_GAP,UNEXPECTED
2022-06-23 21:37:00,2022-06-23 21:39:00,2.0,UNEXPECTED_SHORT_GAP,UNEXPECTED
2022-06-23 21:39:00,2022-06-23 21:41:00,2.0,UNEXPECTED_SHORT_GAP,UNEXPECTED
2022-06-23 21:41:00,2022-06-23 21:43:00,2.0,UNEXPECTED_SHORT_GAP,UNEXPECTED
2022-06-23 21:45:00,2022-06-23 21:47:00,2.0,UNEXPECTED_SHORT_GAP,UNEXPECTED
2022-06-23 21:47:00,2022-06-23 21:57:00,10.0,UNEXPECTED_INTRADAY_GAP,UNEXPECTED
2022-06-23 21:57:00,2022-06-23 21:59:00,2.0,UNEXPECTED_SHORT_GAP,UNEXPECTED
2022-06-23 22:11:00,2022-06-23 22:13:00,2.0,UNEXPECTED_SHORT_GAP,UNEXPECTED
2022-06-23 22:20:00,2022-06-23 22:23:00,3.0,UNEXPECTED_SHORT_GAP,UNEXPECTED
2022-06-23 22:24:00,2022-06-23 22:26:00,2.0,UNEXPECTED_SHORT_GAP,UNEXPECTED
2022-06-23 22:45:00,2022-06-23 22:47:00,2.0,UNEXPECTED_SHORT_GAP,UNEXPECTED
2022-06-23 22:50:00,2022-06-23 22:54:00,4.0,UNEXPECTED_SHORT_GAP,UNEXPECTED
2022-06-24 20:36:00,2022-06-24 20:39:00,3.0,UNEXPECTED_SHORT_GAP,UNEXPECTED
2022-06-24 20:58:00,2022-06-26 21:09:00,2891.0,EXPECTED_WEEKEND_CLOSURE,EXPECTED
2022-06-26 21:10:00,2022-06-26 21:15:00,5.0,EXPECTED_WEEKEND_CLOSURE,EXPECTED
2022-06-26 21:17:00,2022-06-26 21:20:00,3.0,EXPECTED_WEEKEND_CLOSURE,EXPECTED
2022-06-26 21:22:00,2022-06-26 21:24:00,2.0,EXPECTED_WEEKEND_CLOSURE,EXPECTED
2022-06-26 21:25:00,2022-06-26 21:30:00,5.0,EXPECTED_WEEKEND_CLOSURE,EXPECTED
2022-06-26 21:30:00,2022-06-26 21:32:00,2.0,EXPECTED_WEEKEND_CLOSURE,EXPECTED
2022-06-26 21:32:00,2022-06-26 21:34:00,2.0,EXPECTED_WEEKEND_CLOSURE,EXPECTED
2022-06-26 21:53:00,2022-06-26 21:55:00,2.0,EXPECTED_WEEKEND_CLOSURE,EXPECTED
2022-06-26 21:55:00,2022-06-26 21:58:00,3.0,EXPECTED_WEEKEND_CLOSURE,EXPECTED
2022-06-27 20:19:00,2022-06-27 20:21:00,2.0,UNEXPECTED_SHORT_GAP,UNEXPECTED
2022-06-27 20:34:00,2022-06-27 20:37:00,3.0,UNEXPECTED_SHORT_GAP,UNEXPECTED
2022-06-27 21:00:00,2022-06-27 21:05:00,5.0,UNEXPECTED_SHORT_GAP,UNEXPECTED
2022-06-27 21:06:00,2022-06-27 21:08:00,2.0,UNEXPECTED_SHORT_GAP,UNEXPECTED
2022-06-27 21:08:00,2022-06-27 21:10:00,2.0,UNEXPECTED_SHORT_GAP,UNEXPECTED
2022-06-27 21:10:00,2022-06-27 21:12:00,2.0,UNEXPECTED_SHORT_GAP,UNEXPECTED
2022-06-27 21:12:00,2022-06-27 21:15:00,3.0,UNEXPECTED_SHORT_GAP,UNEXPECTED
2022-06-27 21:16:00,2022-06-27 21:18:00,2.0,UNEXPECTED_SHORT_GAP,UNEXPECTED
2022-06-27 21:20:00,2022-06-27 21:24:00,4.0,UNEXPECTED_SHORT_GAP,UNEXPECTED
2022-06-27 21:25:00,2022-06-27 21:28:00,3.0,UNEXPECTED_SHORT_GAP,UNEXPECTED
2022-06-27 21:37:00,2022-06-27 21:39:00,2.0,UNEXPECTED_SHORT_GAP,UNEXPECTED
2022-06-27 21:39:00,2022-06-27 21:41:00,2.0,UNEXPECTED_SHORT_GAP,UNEXPECTED
2022-06-27 21:49:00,2022-06-27 21:52:00,3.0,UNEXPECTED_SHORT_GAP,UNEXPECTED
2022-06-27 22:04:00,2022-06-27 22:06:00,2.0,UNEXPECTED_SHORT_GAP,UNEXPECTED
2022-06-27 22:32:00,2022-06-27 22:34:00,2.0,UNEXPECTED_SHORT_GAP,UNEXPECTED
2022-06-27 22:46:00,2022-06-27 22:48:00,2.0,UNEXPECTED_SHORT_GAP,UNEXPECTED
2022-06-27 22:54:00,2022-06-27 22:57:00,3.0,UNEXPECTED_SHORT_GAP,UNEXPECTED
2022-06-28 20:20:00,2022-06-28 20:22:00,2.0,UNEXPECTED_SHORT_GAP,UNEXPECTED
2022-06-28 20:32:00,2022-06-28 20:36:00,4.0,UNEXPECTED_SHORT_GAP,UNEXPECTED
2022-06-28 20:39:00,2022-06-28 20:41:00,2.0,UNEXPECTED_SHORT_GAP,UNEXPECTED
2022-06-28 20:50:00,2022-06-28 20:53:00,3.0,UNEXPECTED_SHORT_GAP,UNEXPECTED
2022-06-28 21:02:00,2022-06-28 21:05:00,3.0,UNEXPECTED_SHORT_GAP,UNEXPECTED
2022-06-28 21:11:00,2022-06-28 21:15:00,4.0,UNEXPECTED_SHORT_GAP,UNEXPECTED
2022-06-28 21:15:00,2022-06-28 21:23:00,8.0,UNEXPECTED_INTRADAY_GAP,UNEXPECTED
2022-06-28 21:23:00,2022-06-28 21:26:00,3.0,UNEXPECTED_SHORT_GAP,UNEXPECTED
2022-06-28 21:27:00,2022-06-28 21:29:00,2.0,UNEXPECTED_SHORT_GAP,UNEXPECTED
2022-06-28 21:30:00,2022-06-28 21:34:00,4.0,UNEXPECTED_SHORT_GAP,UNEXPECTED
2022-06-28 21:35:00,2022-06-28 21:37:00,2.0,UNEXPECTED_SHORT_GAP,UNEXPECTED
2022-06-28 21:37:00,2022-06-28 21:39:00,2.0,UNEXPECTED_SHORT_GAP,UNEXPECTED
2022-06-28 21:39:00,2022-06-28 21:43:00,4.0,UNEXPECTED_SHORT_GAP,UNEXPECTED
2022-06-28 21:43:00,2022-06-28 21:47:00,4.0,UNEXPECTED_SHORT_GAP,UNEXPECTED
2022-06-28 21:47:00,2022-06-28 21:50:00,3.0,UNEXPECTED_SHORT_GAP,UNEXPECTED
2022-06-28 21:52:00,2022-06-28 21:57:00,5.0,UNEXPECTED_SHORT_GAP,UNEXPECTED
2022-06-28 21:57:00,2022-06-28 21:59:00,2.0,UNEXPECTED_SHORT_GAP,UNEXPECTED
2022-06-28 22:06:00,2022-06-28 22:08:00,2.0,UNEXPECTED_SHORT_GAP,UNEXPECTED
2022-06-28 22:10:00,2022-06-28 22:12:00,2.0,UNEXPECTED_SHORT_GAP,UNEXPECTED
2022-06-28 22:12:00,2022-06-28 22:15:00,3.0,UNEXPECTED_SHORT_GAP,UNEXPECTED
2022-06-28 22:16:00,2022-06-28 22:18:00,2.0,UNEXPECTED_SHORT_GAP,UNEXPECTED
2022-06-28 22:18:00,2022-06-28 22:20:00,2.0,UNEXPECTED_SHORT_GAP,UNEXPECTED
2022-06-28 22:35:00,2022-06-28 22:37:00,2.0,UNEXPECTED_SHORT_GAP,UNEXPECTED
2022-06-28 22:47:00,2022-06-28 22:49:00,2.0,UNEXPECTED_SHORT_GAP,UNEXPECTED
2022-06-28 22:53:00,2022-06-28 22:55:00,2.0,UNEXPECTED_SHORT_GAP,UNEXPECTED
2022-06-29 20:17:00,2022-06-29 20:19:00,2.0,UNEXPECTED_SHORT_GAP,UNEXPECTED
2022-06-29 20:34:00,2022-06-29 20:36:00,2.0,UNEXPECTED_SHORT_GAP,UNEXPECTED
2022-06-29 20:36:00,2022-06-29 20:38:00,2.0,UNEXPECTED_SHORT_GAP,UNEXPECTED
2022-06-29 20:46:00,2022-06-29 20:48:00,2.0,UNEXPECTED_SHORT_GAP,UNEXPECTED
2022-06-29 21:06:00,2022-06-29 21:08:00,2.0,UNEXPECTED_SHORT_GAP,UNEXPECTED
2022-06-29 21:21:00,2022-06-29 21:23:00,2.0,UNEXPECTED_SHORT_GAP,UNEXPECTED
2022-06-29 21:24:00,2022-06-29 21:28:00,4.0,UNEXPECTED_SHORT_GAP,UNEXPECTED
2022-06-29 21:30:00,2022-06-29 21:32:00,2.0,UNEXPECTED_SHORT_GAP,UNEXPECTED
2022-06-29 21:32:00,2022-06-29 21:36:00,4.0,UNEXPECTED_SHORT_GAP,UNEXPECTED
2022-06-29 21:36:00,2022-06-29 21:39:00,3.0,UNEXPECTED_SHORT_GAP,UNEXPECTED
2022-06-29 21:39:00,2022-06-29 21:41:00,2.0,UNEXPECTED_SHORT_GAP,UNEXPECTED
2022-06-29 21:43:00,2022-06-29 21:46:00,3.0,UNEXPECTED_SHORT_GAP,UNEXPECTED
2022-06-29 21:48:00,2022-06-29 21:53:00,5.0,UNEXPECTED_SHORT_GAP,UNEXPECTED
2022-06-29 21:53:00,2022-06-29 22:00:00,7.0,UNEXPECTED_INTRADAY_GAP,UNEXPECTED
2022-06-29 22:01:00,2022-06-29 22:03:00,2.0,UNEXPECTED_SHORT_GAP,UNEXPECTED
2022-06-29 22:06:00,2022-06-29 22:08:00,2.0,UNEXPECTED_SHORT_GAP,UNEXPECTED
2022-06-29 22:20:00,2022-06-29 22:23:00,3.0,UNEXPECTED_SHORT_GAP,UNEXPECTED
2022-06-29 22:24:00,2022-06-29 22:26:00,2.0,UNEXPECTED_SHORT_GAP,UNEXPECTED
2022-06-29 22:36:00,2022-06-29 22:38:00,2.0,UNEXPECTED_SHORT_GAP,UNEXPECTED
2022-06-29 22:50:00,2022-06-29 22:52:00,2.0,UNEXPECTED_SHORT_GAP,UNEXPECTED
2022-06-29 22:58:00,2022-06-29 23:00:00,2.0,UNEXPECTED_SHORT_GAP,UNEXPECTED
2022-06-30 20:16:00,2022-06-30 20:18:00,2.0,UNEXPECTED_SHORT_GAP,UNEXPECTED
2022-06-30 20:25:00,2022-06-30 20:27:00,2.0,UNEXPECTED_SHORT_GAP,UNEXPECTED
2022-06-30 20:34:00,2022-06-30 20:36:00,2.0,UNEXPECTED_SHORT_GAP,UNEXPECTED
2022-06-30 20:50:00,2022-06-30 20:52:00,2.0,UNEXPECTED_SHORT_GAP,UNEXPECTED
2022-06-30 21:00:00,2022-06-30 21:02:00,2.0,UNEXPECTED_SHORT_GAP,UNEXPECTED
2022-06-30 21:03:00,2022-06-30 21:05:00,2.0,UNEXPECTED_SHORT_GAP,UNEXPECTED
2022-06-30 21:30:00,2022-06-30 21:32:00,2.0,UNEXPECTED_SHORT_GAP,UNEXPECTED
2022-06-30 21:33:00,2022-06-30 21:35:00,2.0,UNEXPECTED_SHORT_GAP,UNEXPECTED
2022-06-30 21:43:00,2022-06-30 21:45:00,2.0,UNEXPECTED_SHORT_GAP,UNEXPECTED
2022-06-30 21:53:00,2022-06-30 21:55:00,2.0,UNEXPECTED_SHORT_GAP,UNEXPECTED
2022-06-30 22:11:00,2022-06-30 22:13:00,2.0,UNEXPECTED_SHORT_GAP,UNEXPECTED
2022-06-30 22:13:00,2022-06-30 22:15:00,2.0,UNEXPECTED_SHORT_GAP,UNEXPECTED
2022-06-30 22:22:00,2022-06-30 22:24:00,2.0,UNEXPECTED_SHORT_GAP,UNEXPECTED
2022-06-30 22:26:00,2022-06-30 22:28:00,2.0,UNEXPECTED_SHORT_GAP,UNEXPECTED
2022-06-30 22:31:00,2022-06-30 22:33:00,2.0,UNEXPECTED_SHORT_GAP,UNEXPECTED
2022-06-30 22:42:00,2022-06-30 22:44:00,2.0,UNEXPECTED_SHORT_GAP,UNEXPECTED
2022-06-30 22:50:00,2022-06-30 22:53:00,3.0,UNEXPECTED_SHORT_GAP,UNEXPECTED
2022-07-01 20:16:00,2022-07-01 20:18:00,2.0,UNEXPECTED_SHORT_GAP,UNEXPECTED
2022-07-01 20:32:00,2022-07-01 20:34:00,2.0,UNEXPECTED_SHORT_GAP,UNEXPECTED
2022-07-01 20:36:00,2022-07-01 20:38:00,2.0,UNEXPECTED_SHORT_GAP,UNEXPECTED
2022-07-01 20:41:00,2022-07-01 20:43:00,2.0,UNEXPECTED_SHORT_GAP,UNEXPECTED
2022-07-01 20:58:00,2022-07-03 21:06:00,2888.0,EXPECTED_WEEKEND_CLOSURE,EXPECTED
2022-07-03 21:09:00,2022-07-03 21:11:00,2.0,EXPECTED_WEEKEND_CLOSURE,EXPECTED
2022-07-03 21:11:00,2022-07-03 21:15:00,4.0,EXPECTED_WEEKEND_CLOSURE,EXPECTED
2022-07-03 21:19:00,2022-07-03 21:21:00,2.0,EXPECTED_WEEKEND_CLOSURE,EXPECTED
2022-07-03 21:22:00,2022-07-03 21:26:00,4.0,EXPECTED_WEEKEND_CLOSURE,EXPECTED
2022-07-03 21:32:00,2022-07-03 21:35:00,3.0,EXPECTED_WEEKEND_CLOSURE,EXPECTED
2022-07-03 21:36:00,2022-07-03 21:38:00,2.0,EXPECTED_WEEKEND_CLOSURE,EXPECTED
2022-07-03 21:41:00,2022-07-03 21:43:00,2.0,EXPECTED_WEEKEND_CLOSURE,EXPECTED
2022-07-03 21:43:00,2022-07-03 21:45:00,2.0,EXPECTED_WEEKEND_CLOSURE,EXPECTED
2022-07-03 21:45:00,2022-07-03 21:47:00,2.0,EXPECTED_WEEKEND_CLOSURE,EXPECTED
2022-07-03 21:47:00,2022-07-03 21:49:00,2.0,EXPECTED_WEEKEND_CLOSURE,EXPECTED
2022-07-03 21:53:00,2022-07-03 21:55:00,2.0,EXPECTED_WEEKEND_CLOSURE,EXPECTED
2022-07-03 22:05:00,2022-07-03 22:07:00,2.0,EXPECTED_WEEKEND_CLOSURE,EXPECTED
2022-07-03 22:51:00,2022-07-03 22:53:00,2.0,EXPECTED_WEEKEND_CLOSURE,EXPECTED
2022-07-04 17:35:00,2022-07-04 17:37:00,2.0,UNEXPECTED_SHORT_GAP,UNEXPECTED
2022-07-04 17:51:00,2022-07-04 17:53:00,2.0,UNEXPECTED_SHORT_GAP,UNEXPECTED
2022-07-04 17:54:00,2022-07-04 17:56:00,2.0,UNEXPECTED_SHORT_GAP,UNEXPECTED
2022-07-04 18:03:00,2022-07-04 18:05:00,2.0,UNEXPECTED_SHORT_GAP,UNEXPECTED
2022-07-04 18:05:00,2022-07-04 18:07:00,2.0,UNEXPECTED_SHORT_GAP,UNEXPECTED
2022-07-04 18:13:00,2022-07-04 18:15:00,2.0,UNEXPECTED_SHORT_GAP,UNEXPECTED
2022-07-04 18:20:00,2022-07-04 18:22:00,2.0,UNEXPECTED_SHORT_GAP,UNEXPECTED
2022-07-04 18:29:00,2022-07-04 18:31:00,2.0,UNEXPECTED_SHORT_GAP,UNEXPECTED
2022-07-04 18:31:00,2022-07-04 18:35:00,4.0,UNEXPECTED_SHORT_GAP,UNEXPECTED
2022-07-04 18:35:00,2022-07-04 18:37:00,2.0,UNEXPECTED_SHORT_GAP,UNEXPECTED
2022-07-04 18:40:00,2022-07-04 18:44:00,4.0,UNEXPECTED_SHORT_GAP,UNEXPECTED
2022-07-04 18:44:00,2022-07-04 18:47:00,3.0,UNEXPECTED_SHORT_GAP,UNEXPECTED
2022-07-04 18:47:00,2022-07-04 18:50:00,3.0,UNEXPECTED_SHORT_GAP,UNEXPECTED
2022-07-04 18:54:00,2022-07-04 18:57:00,3.0,UNEXPECTED_SHORT_GAP,UNEXPECTED
2022-07-04 19:03:00,2022-07-04 19:06:00,3.0,UNEXPECTED_SHORT_GAP,UNEXPECTED
2022-07-04 19:11:00,2022-07-04 19:13:00,2.0,UNEXPECTED_SHORT_GAP,UNEXPECTED
2022-07-04 19:13:00,2022-07-04 19:21:00,8.0,UNEXPECTED_INTRADAY_GAP,UNEXPECTED
2022-07-04 19:21:00,2022-07-04 19:23:00,2.0,UNEXPECTED_SHORT_GAP,UNEXPECTED
2022-07-04 19:24:00,2022-07-04 19:26:00,2.0,UNEXPECTED_SHORT_GAP,UNEXPECTED
2022-07-04 19:27:00,2022-07-04 19:29:00,2.0,UNEXPECTED_SHORT_GAP,UNEXPECTED
2022-07-04 19:30:00,2022-07-04 19:33:00,3.0,UNEXPECTED_SHORT_GAP,UNEXPECTED
2022-07-04 19:33:00,2022-07-04 19:35:00,2.0,UNEXPECTED_SHORT_GAP,UNEXPECTED
2022-07-04 19:37:00,2022-07-04 19:41:00,4.0,UNEXPECTED_SHORT_GAP,UNEXPECTED
2022-07-04 19:41:00,2022-07-04 19:43:00,2.0,UNEXPECTED_SHORT_GAP,UNEXPECTED
2022-07-04 19:43:00,2022-07-04 19:45:00,2.0,UNEXPECTED_SHORT_GAP,UNEXPECTED
2022-07-04 19:45:00,2022-07-04 19:49:00,4.0,UNEXPECTED_SHORT_GAP,UNEXPECTED
2022-07-04 19:49:00,2022-07-04 19:51:00,2.0,UNEXPECTED_SHORT_GAP,UNEXPECTED
2022-07-04 19:55:00,2022-07-04 19:57:00,2.0,UNEXPECTED_SHORT_GAP,UNEXPECTED
2022-07-04 20:08:00,2022-07-04 20:13:00,5.0,UNEXPECTED_SHORT_GAP,UNEXPECTED
2022-07-04 20:15:00,2022-07-04 20:17:00,2.0,UNEXPECTED_SHORT_GAP,UNEXPECTED
2022-07-04 20:22:00,2022-07-04 20:24:00,2.0,UNEXPECTED_SHORT_GAP,UNEXPECTED
2022-07-04 20:27:00,2022-07-04 20:29:00,2.0,UNEXPECTED_SHORT_GAP,UNEXPECTED
2022-07-04 20:30:00,2022-07-04 20:37:00,7.0,UNEXPECTED_INTRADAY_GAP,UNEXPECTED
2022-07-04 20:39:00,2022-07-04 20:41:00,2.0,UNEXPECTED_SHORT_GAP,UNEXPECTED
2022-07-04 20:41:00,2022-07-04 20:43:00,2.0,UNEXPECTED_SHORT_GAP,UNEXPECTED
2022-07-04 20:43:00,2022-07-04 20:45:00,2.0,UNEXPECTED_SHORT_GAP,UNEXPECTED
2022-07-04 20:47:00,2022-07-04 20:49:00,2.0,UNEXPECTED_SHORT_GAP,UNEXPECTED
2022-07-04 20:51:00,2022-07-04 20:53:00,2.0,UNEXPECTED_SHORT_GAP,UNEXPECTED
2022-07-04 20:54:00,2022-07-04 20:56:00,2.0,UNEXPECTED_SHORT_GAP,UNEXPECTED
2022-07-04 21:02:00,2022-07-04 21:05:00,3.0,UNEXPECTED_SHORT_GAP,UNEXPECTED
2022-07-04 21:07:00,2022-07-04 21:09:00,2.0,UNEXPECTED_SHORT_GAP,UNEXPECTED
2022-07-04 21:15:00,2022-07-04 21:17:00,2.0,UNEXPECTED_SHORT_GAP,UNEXPECTED
2022-07-04 21:25:00,2022-07-04 21:28:00,3.0,UNEXPECTED_SHORT_GAP,UNEXPECTED
2022-07-04 21:40:00,2022-07-04 21:42:00,2.0,UNEXPECTED_SHORT_GAP,UNEXPECTED
2022-07-04 21:42:00,2022-07-04 21:44:00,2.0,UNEXPECTED_SHORT_GAP,UNEXPECTED
2022-07-04 21:54:00,2022-07-04 21:57:00,3.0,UNEXPECTED_SHORT_GAP,UNEXPECTED
2022-07-04 22:03:00,2022-07-04 22:05:00,2.0,UNEXPECTED_SHORT_GAP,UNEXPECTED
2022-07-04 22:08:00,2022-07-04 22:10:00,2.0,UNEXPECTED_SHORT_GAP,UNEXPECTED
2022-07-04 22:28:00,2022-07-04 22:30:00,2.0,UNEXPECTED_SHORT_GAP,UNEXPECTED
2022-07-04 22:31:00,2022-07-04 22:33:00,2.0,UNEXPECTED_SHORT_GAP,UNEXPECTED
2022-07-04 22:39:00,2022-07-04 22:43:00,4.0,UNEXPECTED_SHORT_GAP,UNEXPECTED
2022-07-05 20:55:00,2022-07-05 20:57:00,2.0,UNEXPECTED_SHORT_GAP,UNEXPECTED
2022-07-05 21:06:00,2022-07-05 21:08:00,2.0,UNEXPECTED_SHORT_GAP,UNEXPECTED
2022-07-05 21:25:00,2022-07-05 21:27:00,2.0,UNEXPECTED_SHORT_GAP,UNEXPECTED
2022-07-05 21:30:00,2022-07-05 21:32:00,2.0,UNEXPECTED_SHORT_GAP,UNEXPECTED
2022-07-05 21:37:00,2022-07-05 21:39:00,2.0,UNEXPECTED_SHORT_GAP,UNEXPECTED
2022-07-05 22:03:00,2022-07-05 22:05:00,2.0,UNEXPECTED_SHORT_GAP,UNEXPECTED
2022-07-05 22:52:00,2022-07-05 22:54:00,2.0,UNEXPECTED_SHORT_GAP,UNEXPECTED
2022-07-05 22:54:00,2022-07-05 22:56:00,2.0,UNEXPECTED_SHORT_GAP,UNEXPECTED
2022-07-05 22:56:00,2022-07-05 22:58:00,2.0,UNEXPECTED_SHORT_GAP,UNEXPECTED
2022-07-05 23:20:00,2022-07-05 23:22:00,2.0,UNEXPECTED_SHORT_GAP,UNEXPECTED
2022-07-06 20:35:00,2022-07-06 20:37:00,2.0,UNEXPECTED_SHORT_GAP,UNEXPECTED
2022-07-06 20:45:00,2022-07-06 20:47:00,2.0,UNEXPECTED_SHORT_GAP,UNEXPECTED
2022-07-06 21:02:00,2022-07-06 21:04:00,2.0,UNEXPECTED_SHORT_GAP,UNEXPECTED
2022-07-06 21:21:00,2022-07-06 21:23:00,2.0,UNEXPECTED_SHORT_GAP,UNEXPECTED
2022-07-06 21:31:00,2022-07-06 21:33:00,2.0,UNEXPECTED_SHORT_GAP,UNEXPECTED
2022-07-06 21:34:00,2022-07-06 21:36:00,2.0,UNEXPECTED_SHORT_GAP,UNEXPECTED
2022-07-06 21:37:00,2022-07-06 21:40:00,3.0,UNEXPECTED_SHORT_GAP,UNEXPECTED
2022-07-06 22:01:00,2022-07-06 22:03:00,2.0,UNEXPECTED_SHORT_GAP,UNEXPECTED
2022-07-06 22:07:00,2022-07-06 22:09:00,2.0,UNEXPECTED_SHORT_GAP,UNEXPECTED
2022-07-06 22:27:00,2022-07-06 22:29:00,2.0,UNEXPECTED_SHORT_GAP,UNEXPECTED
2022-07-06 22:36:00,2022-07-06 22:41:00,5.0,UNEXPECTED_SHORT_GAP,UNEXPECTED
2022-07-06 22:55:00,2022-07-06 22:57:00,2.0,UNEXPECTED_SHORT_GAP,UNEXPECTED
2022-07-07 20:07:00,2022-07-07 20:09:00,2.0,UNEXPECTED_SHORT_GAP,UNEXPECTED
2022-07-07 20:16:00,2022-07-07 20:19:00,3.0,UNEXPECTED_SHORT_GAP,UNEXPECTED
2022-07-07 20:40:00,2022-07-07 20:43:00,3.0,UNEXPECTED_SHORT_GAP,UNEXPECTED
2022-07-07 20:51:00,2022-07-07 20:53:00,2.0,UNEXPECTED_SHORT_GAP,UNEXPECTED
2022-07-07 20:57:00,2022-07-07 20:59:00,2.0,UNEXPECTED_SHORT_GAP,UNEXPECTED
2022-07-07 21:03:00,2022-07-07 21:05:00,2.0,UNEXPECTED_SHORT_GAP,UNEXPECTED
2022-07-07 21:08:00,2022-07-07 21:11:00,3.0,UNEXPECTED_SHORT_GAP,UNEXPECTED
2022-07-07 21:11:00,2022-07-07 21:14:00,3.0,UNEXPECTED_SHORT_GAP,UNEXPECTED
2022-07-07 21:17:00,2022-07-07 21:19:00,2.0,UNEXPECTED_SHORT_GAP,UNEXPECTED
2022-07-07 21:37:00,2022-07-07 21:39:00,2.0,UNEXPECTED_SHORT_GAP,UNEXPECTED
2022-07-07 21:43:00,2022-07-07 21:46:00,3.0,UNEXPECTED_SHORT_GAP,UNEXPECTED
2022-07-07 21:49:00,2022-07-07 21:51:00,2.0,UNEXPECTED_SHORT_GAP,UNEXPECTED
2022-07-07 21:51:00,2022-07-07 21:54:00,3.0,UNEXPECTED_SHORT_GAP,UNEXPECTED
2022-07-07 21:56:00,2022-07-07 22:00:00,4.0,UNEXPECTED_SHORT_GAP,UNEXPECTED
2022-07-07 22:03:00,2022-07-07 22:05:00,2.0,UNEXPECTED_SHORT_GAP,UNEXPECTED
2022-07-07 22:05:00,2022-07-07 22:07:00,2.0,UNEXPECTED_SHORT_GAP,UNEXPECTED
2022-07-07 22:41:00,2022-07-07 22:49:00,8.0,UNEXPECTED_INTRADAY_GAP,UNEXPECTED
2022-07-07 22:58:00,2022-07-07 23:00:00,2.0,UNEXPECTED_SHORT_GAP,UNEXPECTED
2022-07-07 23:00:00,2022-07-07 23:02:00,2.0,UNEXPECTED_SHORT_GAP,UNEXPECTED
2022-07-08 20:58:00,2022-07-10 21:06:00,2888.0,EXPECTED_WEEKEND_CLOSURE,EXPECTED
2022-07-10 21:27:00,2022-07-10 21:30:00,3.0,EXPECTED_WEEKEND_CLOSURE,EXPECTED
2022-07-10 21:32:00,2022-07-10 21:35:00,3.0,EXPECTED_WEEKEND_CLOSURE,EXPECTED
2022-07-10 21:36:00,2022-07-10 21:38:00,2.0,EXPECTED_WEEKEND_CLOSURE,EXPECTED
2022-07-10 21:47:00,2022-07-10 21:49:00,2.0,EXPECTED_WEEKEND_CLOSURE,EXPECTED
2022-07-10 21:52:00,2022-07-10 21:54:00,2.0,EXPECTED_WEEKEND_CLOSURE,EXPECTED
2022-07-10 21:54:00,2022-07-10 21:56:00,2.0,EXPECTED_WEEKEND_CLOSURE,EXPECTED
2022-07-11 21:00:00,2022-07-11 21:05:00,5.0,UNEXPECTED_SHORT_GAP,UNEXPECTED
2022-07-11 21:08:00,2022-07-11 21:10:00,2.0,UNEXPECTED_SHORT_GAP,UNEXPECTED
2022-07-11 21:23:00,2022-07-11 21:26:00,3.0,UNEXPECTED_SHORT_GAP,UNEXPECTED
2022-07-11 21:37:00,2022-07-11 21:39:00,2.0,UNEXPECTED_SHORT_GAP,UNEXPECTED
2022-07-11 21:39:00,2022-07-11 21:44:00,5.0,UNEXPECTED_SHORT_GAP,UNEXPECTED
2022-07-11 21:45:00,2022-07-11 21:50:00,5.0,UNEXPECTED_SHORT_GAP,UNEXPECTED
2022-07-11 21:50:00,2022-07-11 21:59:00,9.0,UNEXPECTED_INTRADAY_GAP,UNEXPECTED
2022-07-11 22:12:00,2022-07-11 22:14:00,2.0,UNEXPECTED_SHORT_GAP,UNEXPECTED
2022-07-11 22:15:00,2022-07-11 22:18:00,3.0,UNEXPECTED_SHORT_GAP,UNEXPECTED
2022-07-11 22:21:00,2022-07-11 22:23:00,2.0,UNEXPECTED_SHORT_GAP,UNEXPECTED
2022-07-11 22:37:00,2022-07-11 22:40:00,3.0,UNEXPECTED_SHORT_GAP,UNEXPECTED
2022-07-12 20:22:00,2022-07-12 20:24:00,2.0,UNEXPECTED_SHORT_GAP,UNEXPECTED
2022-07-12 21:02:00,2022-07-12 21:05:00,3.0,UNEXPECTED_SHORT_GAP,UNEXPECTED
2022-07-12 21:15:00,2022-07-12 21:17:00,2.0,UNEXPECTED_SHORT_GAP,UNEXPECTED
2022-07-12 21:33:00,2022-07-12 21:36:00,3.0,UNEXPECTED_SHORT_GAP,UNEXPECTED
2022-07-12 21:40:00,2022-07-12 21:45:00,5.0,UNEXPECTED_SHORT_GAP,UNEXPECTED
2022-07-12 21:49:00,2022-07-12 21:52:00,3.0,UNEXPECTED_SHORT_GAP,UNEXPECTED
2022-07-12 21:57:00,2022-07-12 22:00:00,3.0,UNEXPECTED_SHORT_GAP,UNEXPECTED
2022-07-12 22:03:00,2022-07-12 22:05:00,2.0,UNEXPECTED_SHORT_GAP,UNEXPECTED
2022-07-12 22:16:00,2022-07-12 22:18:00,2.0,UNEXPECTED_SHORT_GAP,UNEXPECTED
2022-07-12 22:25:00,2022-07-12 22:27:00,2.0,UNEXPECTED_SHORT_GAP,UNEXPECTED
2022-07-12 22:51:00,2022-07-12 22:54:00,3.0,UNEXPECTED_SHORT_GAP,UNEXPECTED
2022-07-13 20:42:00,2022-07-13 20:44:00,2.0,UNEXPECTED_SHORT_GAP,UNEXPECTED
2022-07-13 20:51:00,2022-07-13 20:53:00,2.0,UNEXPECTED_SHORT_GAP,UNEXPECTED
2022-07-13 20:53:00,2022-07-13 20:56:00,3.0,UNEXPECTED_SHORT_GAP,UNEXPECTED
2022-07-13 21:02:00,2022-07-13 21:04:00,2.0,UNEXPECTED_SHORT_GAP,UNEXPECTED
2022-07-13 21:06:00,2022-07-13 21:08:00,2.0,UNEXPECTED_SHORT_GAP,UNEXPECTED
2022-07-13 21:08:00,2022-07-13 21:10:00,2.0,UNEXPECTED_SHORT_GAP,UNEXPECTED
2022-07-13 21:10:00,2022-07-13 21:12:00,2.0,UNEXPECTED_SHORT_GAP,UNEXPECTED
2022-07-13 21:21:00,2022-07-13 21:23:00,2.0,UNEXPECTED_SHORT_GAP,UNEXPECTED
2022-07-13 21:24:00,2022-07-13 21:27:00,3.0,UNEXPECTED_SHORT_GAP,UNEXPECTED
2022-07-13 21:30:00,2022-07-13 21:32:00,2.0,UNEXPECTED_SHORT_GAP,UNEXPECTED
2022-07-13 21:43:00,2022-07-13 21:45:00,2.0,UNEXPECTED_SHORT_GAP,UNEXPECTED
2022-07-13 21:45:00,2022-07-13 21:49:00,4.0,UNEXPECTED_SHORT_GAP,UNEXPECTED
2022-07-13 21:49:00,2022-07-13 21:51:00,2.0,UNEXPECTED_SHORT_GAP,UNEXPECTED
2022-07-13 21:51:00,2022-07-13 21:54:00,3.0,UNEXPECTED_SHORT_GAP,UNEXPECTED
2022-07-13 21:55:00,2022-07-13 21:57:00,2.0,UNEXPECTED_SHORT_GAP,UNEXPECTED
2022-07-13 22:41:00,2022-07-13 22:43:00,2.0,UNEXPECTED_SHORT_GAP,UNEXPECTED
2022-07-14 20:15:00,2022-07-14 20:18:00,3.0,UNEXPECTED_SHORT_GAP,UNEXPECTED
2022-07-14 20:38:00,2022-07-14 20:40:00,2.0,UNEXPECTED_SHORT_GAP,UNEXPECTED
2022-07-14 20:45:00,2022-07-14 20:47:00,2.0,UNEXPECTED_SHORT_GAP,UNEXPECTED
2022-07-14 20:51:00,2022-07-14 20:53:00,2.0,UNEXPECTED_SHORT_GAP,UNEXPECTED
2022-07-14 21:00:00,2022-07-14 21:03:00,3.0,UNEXPECTED_SHORT_GAP,UNEXPECTED
2022-07-14 21:23:00,2022-07-14 21:25:00,2.0,UNEXPECTED_SHORT_GAP,UNEXPECTED
2022-07-14 21:39:00,2022-07-14 21:41:00,2.0,UNEXPECTED_SHORT_GAP,UNEXPECTED
2022-07-14 21:41:00,2022-07-14 21:43:00,2.0,UNEXPECTED_SHORT_GAP,UNEXPECTED
2022-07-14 21:43:00,2022-07-14 21:46:00,3.0,UNEXPECTED_SHORT_GAP,UNEXPECTED
2022-07-14 21:47:00,2022-07-14 21:49:00,2.0,UNEXPECTED_SHORT_GAP,UNEXPECTED
2022-07-14 21:54:00,2022-07-14 21:56:00,2.0,UNEXPECTED_SHORT_GAP,UNEXPECTED
2022-07-14 22:08:00,2022-07-14 22:10:00,2.0,UNEXPECTED_SHORT_GAP,UNEXPECTED
2022-07-14 22:24:00,2022-07-14 22:26:00,2.0,UNEXPECTED_SHORT_GAP,UNEXPECTED
2022-07-14 22:28:00,2022-07-14 22:30:00,2.0,UNEXPECTED_SHORT_GAP,UNEXPECTED
2022-07-15 20:21:00,2022-07-15 20:23:00,2.0,UNEXPECTED_SHORT_GAP,UNEXPECTED
2022-07-15 20:27:00,2022-07-15 20:29:00,2.0,UNEXPECTED_SHORT_GAP,UNEXPECTED
2022-07-15 20:46:00,2022-07-15 20:48:00,2.0,UNEXPECTED_SHORT_GAP,UNEXPECTED
2022-07-15 20:50:00,2022-07-15 20:52:00,2.0,UNEXPECTED_SHORT_GAP,UNEXPECTED
2022-07-15 20:58:00,2022-07-17 21:05:00,2887.0,EXPECTED_WEEKEND_CLOSURE,EXPECTED
2022-07-17 21:07:00,2022-07-17 21:10:00,3.0,EXPECTED_WEEKEND_CLOSURE,EXPECTED
2022-07-17 21:12:00,2022-07-17 21:15:00,3.0,EXPECTED_WEEKEND_CLOSURE,EXPECTED
2022-07-17 21:15:00,2022-07-17 21:33:00,18.0,EXPECTED_WEEKEND_CLOSURE,EXPECTED
2022-07-17 21:34:00,2022-07-17 21:38:00,4.0,EXPECTED_WEEKEND_CLOSURE,EXPECTED
2022-07-17 21:50:00,2022-07-17 21:52:00,2.0,EXPECTED_WEEKEND_CLOSURE,EXPECTED
2022-07-17 21:53:00,2022-07-17 21:55:00,2.0,EXPECTED_WEEKEND_CLOSURE,EXPECTED
2022-07-17 21:55:00,2022-07-17 21:57:00,2.0,EXPECTED_WEEKEND_CLOSURE,EXPECTED
2022-07-18 20:21:00,2022-07-18 20:23:00,2.0,UNEXPECTED_SHORT_GAP,UNEXPECTED
2022-07-18 20:32:00,2022-07-18 20:35:00,3.0,UNEXPECTED_SHORT_GAP,UNEXPECTED
2022-07-18 20:35:00,2022-07-18 20:38:00,3.0,UNEXPECTED_SHORT_GAP,UNEXPECTED
2022-07-18 20:38:00,2022-07-18 20:40:00,2.0,UNEXPECTED_SHORT_GAP,UNEXPECTED
2022-07-18 20:45:00,2022-07-18 20:47:00,2.0,UNEXPECTED_SHORT_GAP,UNEXPECTED
2022-07-18 20:47:00,2022-07-18 20:49:00,2.0,UNEXPECTED_SHORT_GAP,UNEXPECTED
2022-07-18 20:59:00,2022-07-18 21:01:00,2.0,UNEXPECTED_SHORT_GAP,UNEXPECTED
2022-07-18 21:02:00,2022-07-18 21:05:00,3.0,UNEXPECTED_SHORT_GAP,UNEXPECTED
2022-07-18 21:07:00,2022-07-18 21:09:00,2.0,UNEXPECTED_SHORT_GAP,UNEXPECTED
2022-07-18 21:10:00,2022-07-18 21:30:00,20.0,UNEXPECTED_INTRADAY_GAP,UNEXPECTED
2022-07-18 22:21:00,2022-07-18 22:23:00,2.0,UNEXPECTED_SHORT_GAP,UNEXPECTED
2022-07-18 22:31:00,2022-07-18 22:33:00,2.0,UNEXPECTED_SHORT_GAP,UNEXPECTED
2022-07-19 20:10:00,2022-07-19 20:12:00,2.0,UNEXPECTED_SHORT_GAP,UNEXPECTED
2022-07-19 20:33:00,2022-07-19 20:35:00,2.0,UNEXPECTED_SHORT_GAP,UNEXPECTED
2022-07-19 20:40:00,2022-07-19 20:42:00,2.0,UNEXPECTED_SHORT_GAP,UNEXPECTED
2022-07-19 21:03:00,2022-07-19 21:05:00,2.0,UNEXPECTED_SHORT_GAP,UNEXPECTED
2022-07-19 21:07:00,2022-07-19 21:24:00,17.0,UNEXPECTED_INTRADAY_GAP,UNEXPECTED
2022-07-19 21:26:00,2022-07-19 21:28:00,2.0,UNEXPECTED_SHORT_GAP,UNEXPECTED
2022-07-19 21:30:00,2022-07-19 21:32:00,2.0,UNEXPECTED_SHORT_GAP,UNEXPECTED
2022-07-19 21:36:00,2022-07-19 21:39:00,3.0,UNEXPECTED_SHORT_GAP,UNEXPECTED
2022-07-19 21:42:00,2022-07-19 21:44:00,2.0,UNEXPECTED_SHORT_GAP,UNEXPECTED
2022-07-19 22:05:00,2022-07-19 22:07:00,2.0,UNEXPECTED_SHORT_GAP,UNEXPECTED
2022-07-19 22:07:00,2022-07-19 22:09:00,2.0,UNEXPECTED_SHORT_GAP,UNEXPECTED
2022-07-19 22:10:00,2022-07-19 22:12:00,2.0,UNEXPECTED_SHORT_GAP,UNEXPECTED
2022-07-19 22:13:00,2022-07-19 22:15:00,2.0,UNEXPECTED_SHORT_GAP,UNEXPECTED
2022-07-19 22:40:00,2022-07-19 22:42:00,2.0,UNEXPECTED_SHORT_GAP,UNEXPECTED
2022-07-19 22:49:00,2022-07-19 22:52:00,3.0,UNEXPECTED_SHORT_GAP,UNEXPECTED
2022-07-19 23:37:00,2022-07-19 23:39:00,2.0,UNEXPECTED_SHORT_GAP,UNEXPECTED
2022-07-20 01:23:00,2022-07-20 01:25:00,2.0,UNEXPECTED_SHORT_GAP,UNEXPECTED
2022-07-20 20:10:00,2022-07-20 20:12:00,2.0,UNEXPECTED_SHORT_GAP,UNEXPECTED
2022-07-20 20:25:00,2022-07-20 20:27:00,2.0,UNEXPECTED_SHORT_GAP,UNEXPECTED
2022-07-20 20:43:00,2022-07-20 20:45:00,2.0,UNEXPECTED_SHORT_GAP,UNEXPECTED
2022-07-20 21:00:00,2022-07-20 21:02:00,2.0,UNEXPECTED_SHORT_GAP,UNEXPECTED
2022-07-20 21:02:00,2022-07-20 21:04:00,2.0,UNEXPECTED_SHORT_GAP,UNEXPECTED
2022-07-20 21:05:00,2022-07-20 21:07:00,2.0,UNEXPECTED_SHORT_GAP,UNEXPECTED
2022-07-20 21:08:00,2022-07-20 21:10:00,2.0,UNEXPECTED_SHORT_GAP,UNEXPECTED
2022-07-20 21:15:00,2022-07-20 21:34:00,19.0,UNEXPECTED_INTRADAY_GAP,UNEXPECTED
2022-07-20 21:36:00,2022-07-20 21:39:00,3.0,UNEXPECTED_SHORT_GAP,UNEXPECTED
2022-07-20 21:39:00,2022-07-20 21:41:00,2.0,UNEXPECTED_SHORT_GAP,UNEXPECTED
2022-07-20 21:41:00,2022-07-20 21:43:00,2.0,UNEXPECTED_SHORT_GAP,UNEXPECTED
2022-07-20 21:51:00,2022-07-20 21:55:00,4.0,UNEXPECTED_SHORT_GAP,UNEXPECTED
2022-07-20 21:58:00,2022-07-20 22:00:00,2.0,UNEXPECTED_SHORT_GAP,UNEXPECTED
2022-07-20 22:16:00,2022-07-20 22:18:00,2.0,UNEXPECTED_SHORT_GAP,UNEXPECTED
2022-07-20 22:52:00,2022-07-20 22:54:00,2.0,UNEXPECTED_SHORT_GAP,UNEXPECTED
2022-07-20 22:55:00,2022-07-20 22:58:00,3.0,UNEXPECTED_SHORT_GAP,UNEXPECTED
2022-07-20 23:42:00,2022-07-20 23:44:00,2.0,UNEXPECTED_SHORT_GAP,UNEXPECTED
2022-07-20 23:48:00,2022-07-20 23:50:00,2.0,UNEXPECTED_SHORT_GAP,UNEXPECTED
2022-07-21 21:03:00,2022-07-21 21:05:00,2.0,UNEXPECTED_SHORT_GAP,UNEXPECTED
2022-07-21 21:06:00,2022-07-21 21:08:00,2.0,UNEXPECTED_SHORT_GAP,UNEXPECTED
2022-07-21 21:11:00,2022-07-21 21:13:00,2.0,UNEXPECTED_SHORT_GAP,UNEXPECTED
2022-07-21 21:14:00,2022-07-21 21:28:00,14.0,UNEXPECTED_INTRADAY_GAP,UNEXPECTED
2022-07-21 21:39:00,2022-07-21 21:41:00,2.0,UNEXPECTED_SHORT_GAP,UNEXPECTED
2022-07-21 21:47:00,2022-07-21 21:50:00,3.0,UNEXPECTED_SHORT_GAP,UNEXPECTED
2022-07-21 21:51:00,2022-07-21 21:53:00,2.0,UNEXPECTED_SHORT_GAP,UNEXPECTED
2022-07-21 22:50:00,2022-07-21 22:52:00,2.0,UNEXPECTED_SHORT_GAP,UNEXPECTED
2022-07-22 20:58:00,2022-07-24 21:06:00,2888.0,EXPECTED_WEEKEND_CLOSURE,EXPECTED
2022-07-24 21:13:00,2022-07-24 21:15:00,2.0,EXPECTED_WEEKEND_CLOSURE,EXPECTED
2022-07-24 21:50:00,2022-07-24 21:52:00,2.0,EXPECTED_WEEKEND_CLOSURE,EXPECTED
2022-07-25 20:40:00,2022-07-25 20:43:00,3.0,UNEXPECTED_SHORT_GAP,UNEXPECTED
2022-07-25 21:00:00,2022-07-25 21:05:00,5.0,UNEXPECTED_SHORT_GAP,UNEXPECTED
2022-07-25 21:50:00,2022-07-25 21:52:00,2.0,UNEXPECTED_SHORT_GAP,UNEXPECTED
2022-07-25 22:02:00,2022-07-25 22:04:00,2.0,UNEXPECTED_SHORT_GAP,UNEXPECTED
2022-07-25 22:08:00,2022-07-25 22:10:00,2.0,UNEXPECTED_SHORT_GAP,UNEXPECTED
2022-07-25 22:17:00,2022-07-25 22:19:00,2.0,UNEXPECTED_SHORT_GAP,UNEXPECTED
2022-07-25 22:45:00,2022-07-25 22:47:00,2.0,UNEXPECTED_SHORT_GAP,UNEXPECTED
2022-07-25 22:48:00,2022-07-25 22:51:00,3.0,UNEXPECTED_SHORT_GAP,UNEXPECTED
2022-07-25 22:56:00,2022-07-25 22:58:00,2.0,UNEXPECTED_SHORT_GAP,UNEXPECTED
2022-07-26 00:07:00,2022-07-26 00:09:00,2.0,UNEXPECTED_SHORT_GAP,UNEXPECTED
2022-07-26 20:21:00,2022-07-26 20:23:00,2.0,UNEXPECTED_SHORT_GAP,UNEXPECTED
2022-07-26 20:40:00,2022-07-26 20:42:00,2.0,UNEXPECTED_SHORT_GAP,UNEXPECTED
2022-07-26 21:02:00,2022-07-26 21:04:00,2.0,UNEXPECTED_SHORT_GAP,UNEXPECTED
2022-07-26 21:06:00,2022-07-26 21:08:00,2.0,UNEXPECTED_SHORT_GAP,UNEXPECTED
2022-07-26 21:23:00,2022-07-26 21:25:00,2.0,UNEXPECTED_SHORT_GAP,UNEXPECTED
2022-07-26 21:27:00,2022-07-26 21:29:00,2.0,UNEXPECTED_SHORT_GAP,UNEXPECTED
2022-07-26 21:32:00,2022-07-26 21:34:00,2.0,UNEXPECTED_SHORT_GAP,UNEXPECTED
2022-07-26 21:37:00,2022-07-26 21:39:00,2.0,UNEXPECTED_SHORT_GAP,UNEXPECTED
2022-07-26 21:51:00,2022-07-26 21:53:00,2.0,UNEXPECTED_SHORT_GAP,UNEXPECTED
2022-07-26 21:53:00,2022-07-26 21:55:00,2.0,UNEXPECTED_SHORT_GAP,UNEXPECTED
2022-07-26 22:20:00,2022-07-26 22:22:00,2.0,UNEXPECTED_SHORT_GAP,UNEXPECTED
2022-07-26 22:34:00,2022-07-26 22:36:00,2.0,UNEXPECTED_SHORT_GAP,UNEXPECTED
2022-07-26 22:42:00,2022-07-26 22:44:00,2.0,UNEXPECTED_SHORT_GAP,UNEXPECTED
2022-07-26 22:44:00,2022-07-26 22:46:00,2.0,UNEXPECTED_SHORT_GAP,UNEXPECTED
2022-07-26 22:57:00,2022-07-26 22:59:00,2.0,UNEXPECTED_SHORT_GAP,UNEXPECTED
2022-07-27 19:16:00,2022-07-27 19:18:00,2.0,UNEXPECTED_SHORT_GAP,UNEXPECTED
2022-07-27 20:33:00,2022-07-27 20:35:00,2.0,UNEXPECTED_SHORT_GAP,UNEXPECTED
2022-07-27 20:59:00,2022-07-27 21:01:00,2.0,UNEXPECTED_SHORT_GAP,UNEXPECTED
2022-07-27 21:02:00,2022-07-27 21:04:00,2.0,UNEXPECTED_SHORT_GAP,UNEXPECTED
2022-07-27 21:07:00,2022-07-27 21:09:00,2.0,UNEXPECTED_SHORT_GAP,UNEXPECTED
2022-07-27 21:19:00,2022-07-27 21:21:00,2.0,UNEXPECTED_SHORT_GAP,UNEXPECTED
2022-07-27 21:30:00,2022-07-27 21:34:00,4.0,UNEXPECTED_SHORT_GAP,UNEXPECTED
2022-07-27 21:53:00,2022-07-27 21:55:00,2.0,UNEXPECTED_SHORT_GAP,UNEXPECTED
2022-07-27 21:58:00,2022-07-27 22:00:00,2.0,UNEXPECTED_SHORT_GAP,UNEXPECTED
2022-07-27 22:16:00,2022-07-27 22:18:00,2.0,UNEXPECTED_SHORT_GAP,UNEXPECTED
2022-07-27 22:27:00,2022-07-27 22:29:00,2.0,UNEXPECTED_SHORT_GAP,UNEXPECTED
2022-07-27 22:39:00,2022-07-27 22:41:00,2.0,UNEXPECTED_SHORT_GAP,UNEXPECTED
2022-07-27 22:43:00,2022-07-27 22:45:00,2.0,UNEXPECTED_SHORT_GAP,UNEXPECTED
2022-07-28 20:50:00,2022-07-28 20:52:00,2.0,UNEXPECTED_SHORT_GAP,UNEXPECTED
2022-07-28 21:17:00,2022-07-28 21:19:00,2.0,UNEXPECTED_SHORT_GAP,UNEXPECTED
2022-07-28 21:25:00,2022-07-28 21:28:00,3.0,UNEXPECTED_SHORT_GAP,UNEXPECTED
2022-07-28 21:37:00,2022-07-28 21:39:00,2.0,UNEXPECTED_SHORT_GAP,UNEXPECTED
2022-07-28 22:33:00,2022-07-28 22:35:00,2.0,UNEXPECTED_SHORT_GAP,UNEXPECTED
2022-07-29 20:22:00,2022-07-29 20:24:00,2.0,UNEXPECTED_SHORT_GAP,UNEXPECTED
2022-07-29 20:30:00,2022-07-29 20:33:00,3.0,UNEXPECTED_SHORT_GAP,UNEXPECTED
2022-07-29 20:45:00,2022-07-29 20:48:00,3.0,UNEXPECTED_SHORT_GAP,UNEXPECTED
2022-07-29 20:58:00,2022-07-31 21:12:00,2894.0,EXPECTED_WEEKEND_CLOSURE,EXPECTED
2022-07-31 21:12:00,2022-07-31 21:15:00,3.0,EXPECTED_WEEKEND_CLOSURE,EXPECTED
2022-07-31 21:20:00,2022-07-31 21:24:00,4.0,EXPECTED_WEEKEND_CLOSURE,EXPECTED
2022-07-31 21:25:00,2022-07-31 21:29:00,4.0,EXPECTED_WEEKEND_CLOSURE,EXPECTED
2022-07-31 21:32:00,2022-07-31 21:34:00,2.0,EXPECTED_WEEKEND_CLOSURE,EXPECTED
2022-07-31 21:38:00,2022-07-31 21:42:00,4.0,EXPECTED_WEEKEND_CLOSURE,EXPECTED
2022-07-31 21:42:00,2022-07-31 21:46:00,4.0,EXPECTED_WEEKEND_CLOSURE,EXPECTED
2022-07-31 21:47:00,2022-07-31 21:51:00,4.0,EXPECTED_WEEKEND_CLOSURE,EXPECTED
2022-08-01 20:15:00,2022-08-01 20:17:00,2.0,UNEXPECTED_SHORT_GAP,UNEXPECTED
2022-08-01 20:52:00,2022-08-01 20:54:00,2.0,UNEXPECTED_SHORT_GAP,UNEXPECTED
2022-08-01 20:59:00,2022-08-01 21:01:00,2.0,UNEXPECTED_SHORT_GAP,UNEXPECTED
2022-08-01 21:01:00,2022-08-01 21:03:00,2.0,UNEXPECTED_SHORT_GAP,UNEXPECTED
2022-08-01 21:06:00,2022-08-01 21:08:00,2.0,UNEXPECTED_SHORT_GAP,UNEXPECTED
2022-08-01 21:09:00,2022-08-01 21:31:00,22.0,UNEXPECTED_INTRADAY_GAP,UNEXPECTED
2022-08-01 21:31:00,2022-08-01 21:33:00,2.0,UNEXPECTED_SHORT_GAP,UNEXPECTED
2022-08-01 21:50:00,2022-08-01 21:54:00,4.0,UNEXPECTED_SHORT_GAP,UNEXPECTED
2022-08-01 21:54:00,2022-08-01 21:58:00,4.0,UNEXPECTED_SHORT_GAP,UNEXPECTED
2022-08-02 20:32:00,2022-08-02 20:34:00,2.0,UNEXPECTED_SHORT_GAP,UNEXPECTED
2022-08-02 20:34:00,2022-08-02 20:36:00,2.0,UNEXPECTED_SHORT_GAP,UNEXPECTED
2022-08-02 20:46:00,2022-08-02 20:48:00,2.0,UNEXPECTED_SHORT_GAP,UNEXPECTED
2022-08-02 20:53:00,2022-08-02 20:55:00,2.0,UNEXPECTED_SHORT_GAP,UNEXPECTED
2022-08-02 21:18:00,2022-08-02 21:20:00,2.0,UNEXPECTED_SHORT_GAP,UNEXPECTED
2022-08-03 20:49:00,2022-08-03 20:51:00,2.0,UNEXPECTED_SHORT_GAP,UNEXPECTED
2022-08-03 21:02:00,2022-08-03 21:05:00,3.0,UNEXPECTED_SHORT_GAP,UNEXPECTED
2022-08-03 21:07:00,2022-08-03 21:10:00,3.0,UNEXPECTED_SHORT_GAP,UNEXPECTED
2022-08-03 21:10:00,2022-08-03 21:12:00,2.0,UNEXPECTED_SHORT_GAP,UNEXPECTED
2022-08-03 21:12:00,2022-08-03 21:15:00,3.0,UNEXPECTED_SHORT_GAP,UNEXPECTED
2022-08-03 21:16:00,2022-08-03 21:18:00,2.0,UNEXPECTED_SHORT_GAP,UNEXPECTED
2022-08-03 21:18:00,2022-08-03 21:22:00,4.0,UNEXPECTED_SHORT_GAP,UNEXPECTED
2022-08-03 21:53:00,2022-08-03 21:55:00,2.0,UNEXPECTED_SHORT_GAP,UNEXPECTED
2022-08-03 22:02:00,2022-08-03 22:04:00,2.0,UNEXPECTED_SHORT_GAP,UNEXPECTED
2022-08-03 22:05:00,2022-08-03 22:07:00,2.0,UNEXPECTED_SHORT_GAP,UNEXPECTED
2022-08-03 22:16:00,2022-08-03 22:18:00,2.0,UNEXPECTED_SHORT_GAP,UNEXPECTED
2022-08-03 22:19:00,2022-08-03 22:21:00,2.0,UNEXPECTED_SHORT_GAP,UNEXPECTED
2022-08-03 22:26:00,2022-08-03 22:28:00,2.0,UNEXPECTED_SHORT_GAP,UNEXPECTED
2022-08-04 20:33:00,2022-08-04 20:35:00,2.0,UNEXPECTED_SHORT_GAP,UNEXPECTED
2022-08-04 20:55:00,2022-08-04 20:57:00,2.0,UNEXPECTED_SHORT_GAP,UNEXPECTED
2022-08-04 21:00:00,2022-08-04 21:03:00,3.0,UNEXPECTED_SHORT_GAP,UNEXPECTED
2022-08-04 21:03:00,2022-08-04 21:05:00,2.0,UNEXPECTED_SHORT_GAP,UNEXPECTED
2022-08-04 21:45:00,2022-08-04 21:47:00,2.0,UNEXPECTED_SHORT_GAP,UNEXPECTED
2022-08-04 22:51:00,2022-08-04 22:53:00,2.0,UNEXPECTED_SHORT_GAP,UNEXPECTED
2022-08-04 22:55:00,2022-08-04 22:57:00,2.0,UNEXPECTED_SHORT_GAP,UNEXPECTED
2022-08-05 20:52:00,2022-08-05 20:54:00,2.0,UNEXPECTED_SHORT_GAP,UNEXPECTED
2022-08-05 20:58:00,2022-08-07 21:05:00,2887.0,EXPECTED_WEEKEND_CLOSURE,EXPECTED
2022-08-07 21:09:00,2022-08-07 21:11:00,2.0,EXPECTED_WEEKEND_CLOSURE,EXPECTED
2022-08-07 21:11:00,2022-08-07 21:15:00,4.0,EXPECTED_WEEKEND_CLOSURE,EXPECTED
2022-08-07 21:16:00,2022-08-07 21:18:00,2.0,EXPECTED_WEEKEND_CLOSURE,EXPECTED
2022-08-07 21:19:00,2022-08-07 21:23:00,4.0,EXPECTED_WEEKEND_CLOSURE,EXPECTED
2022-08-07 21:28:00,2022-08-07 21:30:00,2.0,EXPECTED_WEEKEND_CLOSURE,EXPECTED
2022-08-07 21:33:00,2022-08-07 21:35:00,2.0,EXPECTED_WEEKEND_CLOSURE,EXPECTED
2022-08-07 21:39:00,2022-08-07 21:42:00,3.0,EXPECTED_WEEKEND_CLOSURE,EXPECTED
2022-08-07 21:42:00,2022-08-07 21:45:00,3.0,EXPECTED_WEEKEND_CLOSURE,EXPECTED
2022-08-07 21:52:00,2022-08-07 21:54:00,2.0,EXPECTED_WEEKEND_CLOSURE,EXPECTED
2022-08-07 21:54:00,2022-08-07 21:58:00,4.0,EXPECTED_WEEKEND_CLOSURE,EXPECTED
2022-08-07 21:58:00,2022-08-07 22:00:00,2.0,EXPECTED_WEEKEND_CLOSURE,EXPECTED
2022-08-07 22:40:00,2022-08-07 22:42:00,2.0,EXPECTED_WEEKEND_CLOSURE,EXPECTED
2022-08-07 22:56:00,2022-08-07 22:58:00,2.0,EXPECTED_WEEKEND_CLOSURE,EXPECTED
2022-08-08 05:04:00,2022-08-08 05:06:00,2.0,UNEXPECTED_SHORT_GAP,UNEXPECTED
2022-08-08 20:47:00,2022-08-08 20:49:00,2.0,UNEXPECTED_SHORT_GAP,UNEXPECTED
2022-08-08 20:50:00,2022-08-08 20:53:00,3.0,UNEXPECTED_SHORT_GAP,UNEXPECTED
2022-08-08 21:03:00,2022-08-08 21:05:00,2.0,UNEXPECTED_SHORT_GAP,UNEXPECTED
2022-08-08 21:12:00,2022-08-08 21:15:00,3.0,UNEXPECTED_SHORT_GAP,UNEXPECTED
2022-08-08 21:26:00,2022-08-08 21:28:00,2.0,UNEXPECTED_SHORT_GAP,UNEXPECTED
2022-08-08 21:28:00,2022-08-08 21:31:00,3.0,UNEXPECTED_SHORT_GAP,UNEXPECTED
2022-08-08 21:31:00,2022-08-08 21:33:00,2.0,UNEXPECTED_SHORT_GAP,UNEXPECTED
2022-08-08 22:20:00,2022-08-08 22:22:00,2.0,UNEXPECTED_SHORT_GAP,UNEXPECTED
2022-08-08 22:30:00,2022-08-08 22:32:00,2.0,UNEXPECTED_SHORT_GAP,UNEXPECTED
2022-08-08 22:37:00,2022-08-08 22:39:00,2.0,UNEXPECTED_SHORT_GAP,UNEXPECTED
2022-08-08 22:57:00,2022-08-08 22:59:00,2.0,UNEXPECTED_SHORT_GAP,UNEXPECTED
2022-08-08 23:17:00,2022-08-08 23:19:00,2.0,UNEXPECTED_SHORT_GAP,UNEXPECTED
2022-08-08 23:38:00,2022-08-08 23:40:00,2.0,UNEXPECTED_SHORT_GAP,UNEXPECTED
2022-08-09 20:09:00,2022-08-09 20:11:00,2.0,UNEXPECTED_SHORT_GAP,UNEXPECTED
2022-08-09 20:24:00,2022-08-09 20:28:00,4.0,UNEXPECTED_SHORT_GAP,UNEXPECTED
2022-08-09 20:42:00,2022-08-09 20:44:00,2.0,UNEXPECTED_SHORT_GAP,UNEXPECTED
2022-08-09 20:50:00,2022-08-09 20:53:00,3.0,UNEXPECTED_SHORT_GAP,UNEXPECTED
2022-08-09 20:59:00,2022-08-09 21:01:00,2.0,UNEXPECTED_SHORT_GAP,UNEXPECTED
2022-08-09 21:02:00,2022-08-09 21:05:00,3.0,UNEXPECTED_SHORT_GAP,UNEXPECTED
2022-08-09 21:12:00,2022-08-09 21:14:00,2.0,UNEXPECTED_SHORT_GAP,UNEXPECTED
2022-08-09 21:16:00,2022-08-09 21:18:00,2.0,UNEXPECTED_SHORT_GAP,UNEXPECTED
2022-08-09 21:21:00,2022-08-09 21:25:00,4.0,UNEXPECTED_SHORT_GAP,UNEXPECTED
2022-08-09 21:26:00,2022-08-09 21:30:00,4.0,UNEXPECTED_SHORT_GAP,UNEXPECTED
2022-08-09 21:31:00,2022-08-09 21:33:00,2.0,UNEXPECTED_SHORT_GAP,UNEXPECTED
2022-08-09 21:33:00,2022-08-09 21:35:00,2.0,UNEXPECTED_SHORT_GAP,UNEXPECTED
2022-08-09 21:35:00,2022-08-09 21:37:00,2.0,UNEXPECTED_SHORT_GAP,UNEXPECTED
2022-08-09 21:37:00,2022-08-09 21:40:00,3.0,UNEXPECTED_SHORT_GAP,UNEXPECTED
2022-08-09 21:40:00,2022-08-09 21:42:00,2.0,UNEXPECTED_SHORT_GAP,UNEXPECTED
2022-08-09 22:06:00,2022-08-09 22:09:00,3.0,UNEXPECTED_SHORT_GAP,UNEXPECTED
2022-08-09 22:37:00,2022-08-09 22:39:00,2.0,UNEXPECTED_SHORT_GAP,UNEXPECTED
2022-08-09 22:45:00,2022-08-09 22:47:00,2.0,UNEXPECTED_SHORT_GAP,UNEXPECTED
2022-08-09 22:48:00,2022-08-09 22:50:00,2.0,UNEXPECTED_SHORT_GAP,UNEXPECTED
2022-08-09 23:32:00,2022-08-09 23:34:00,2.0,UNEXPECTED_SHORT_GAP,UNEXPECTED
2022-08-10 03:36:00,2022-08-10 03:38:00,2.0,UNEXPECTED_SHORT_GAP,UNEXPECTED
2022-08-10 21:12:00,2022-08-10 21:14:00,2.0,UNEXPECTED_SHORT_GAP,UNEXPECTED
2022-08-10 21:14:00,2022-08-10 21:16:00,2.0,UNEXPECTED_SHORT_GAP,UNEXPECTED
2022-08-10 21:28:00,2022-08-10 21:30:00,2.0,UNEXPECTED_SHORT_GAP,UNEXPECTED
2022-08-10 21:30:00,2022-08-10 21:32:00,2.0,UNEXPECTED_SHORT_GAP,UNEXPECTED
2022-08-10 22:00:00,2022-08-10 22:02:00,2.0,UNEXPECTED_SHORT_GAP,UNEXPECTED
2022-08-10 22:27:00,2022-08-10 22:29:00,2.0,UNEXPECTED_SHORT_GAP,UNEXPECTED
2022-08-10 22:36:00,2022-08-10 22:38:00,2.0,UNEXPECTED_SHORT_GAP,UNEXPECTED
2022-08-10 23:04:00,2022-08-10 23:06:00,2.0,UNEXPECTED_SHORT_GAP,UNEXPECTED
2022-08-11 20:23:00,2022-08-11 20:25:00,2.0,UNEXPECTED_SHORT_GAP,UNEXPECTED
2022-08-11 20:33:00,2022-08-11 20:35:00,2.0,UNEXPECTED_SHORT_GAP,UNEXPECTED
2022-08-11 21:01:00,2022-08-11 21:03:00,2.0,UNEXPECTED_SHORT_GAP,UNEXPECTED
2022-08-11 21:03:00,2022-08-11 21:05:00,2.0,UNEXPECTED_SHORT_GAP,UNEXPECTED
2022-08-11 21:23:00,2022-08-11 21:25:00,2.0,UNEXPECTED_SHORT_GAP,UNEXPECTED
2022-08-11 21:25:00,2022-08-11 21:30:00,5.0,UNEXPECTED_SHORT_GAP,UNEXPECTED
2022-08-11 21:44:00,2022-08-11 21:47:00,3.0,UNEXPECTED_SHORT_GAP,UNEXPECTED
2022-08-11 21:52:00,2022-08-11 21:54:00,2.0,UNEXPECTED_SHORT_GAP,UNEXPECTED
2022-08-11 22:06:00,2022-08-11 22:10:00,4.0,UNEXPECTED_SHORT_GAP,UNEXPECTED
2022-08-11 22:12:00,2022-08-11 22:14:00,2.0,UNEXPECTED_SHORT_GAP,UNEXPECTED
2022-08-11 22:49:00,2022-08-11 22:51:00,2.0,UNEXPECTED_SHORT_GAP,UNEXPECTED
2022-08-12 20:08:00,2022-08-12 20:10:00,2.0,UNEXPECTED_SHORT_GAP,UNEXPECTED
2022-08-12 20:30:00,2022-08-12 20:33:00,3.0,UNEXPECTED_SHORT_GAP,UNEXPECTED
2022-08-12 20:39:00,2022-08-12 20:41:00,2.0,UNEXPECTED_SHORT_GAP,UNEXPECTED
2022-08-12 20:41:00,2022-08-12 20:43:00,2.0,UNEXPECTED_SHORT_GAP,UNEXPECTED
2022-08-12 20:58:00,2022-08-14 21:06:00,2888.0,EXPECTED_WEEKEND_CLOSURE,EXPECTED
2022-08-14 21:12:00,2022-08-14 21:14:00,2.0,EXPECTED_WEEKEND_CLOSURE,EXPECTED
2022-08-14 21:16:00,2022-08-14 21:19:00,3.0,EXPECTED_WEEKEND_CLOSURE,EXPECTED
2022-08-14 21:22:00,2022-08-14 21:24:00,2.0,EXPECTED_WEEKEND_CLOSURE,EXPECTED
2022-08-14 22:19:00,2022-08-14 22:21:00,2.0,EXPECTED_WEEKEND_CLOSURE,EXPECTED
2022-08-14 22:49:00,2022-08-14 22:51:00,2.0,EXPECTED_WEEKEND_CLOSURE,EXPECTED
2022-08-15 20:21:00,2022-08-15 20:24:00,3.0,UNEXPECTED_SHORT_GAP,UNEXPECTED
2022-08-15 20:40:00,2022-08-15 20:42:00,2.0,UNEXPECTED_SHORT_GAP,UNEXPECTED
2022-08-15 21:01:00,2022-08-15 21:05:00,4.0,UNEXPECTED_SHORT_GAP,UNEXPECTED
2022-08-15 21:07:00,2022-08-15 21:09:00,2.0,UNEXPECTED_SHORT_GAP,UNEXPECTED
2022-08-15 21:42:00,2022-08-15 21:45:00,3.0,UNEXPECTED_SHORT_GAP,UNEXPECTED
2022-08-15 21:48:00,2022-08-15 21:51:00,3.0,UNEXPECTED_SHORT_GAP,UNEXPECTED
2022-08-15 22:11:00,2022-08-15 22:13:00,2.0,UNEXPECTED_SHORT_GAP,UNEXPECTED
2022-08-16 20:09:00,2022-08-16 20:11:00,2.0,UNEXPECTED_SHORT_GAP,UNEXPECTED
2022-08-16 20:24:00,2022-08-16 20:27:00,3.0,UNEXPECTED_SHORT_GAP,UNEXPECTED
2022-08-16 20:43:00,2022-08-16 20:45:00,2.0,UNEXPECTED_SHORT_GAP,UNEXPECTED
2022-08-16 20:51:00,2022-08-16 20:53:00,2.0,UNEXPECTED_SHORT_GAP,UNEXPECTED
2022-08-16 21:16:00,2022-08-16 21:18:00,2.0,UNEXPECTED_SHORT_GAP,UNEXPECTED
2022-08-16 22:45:00,2022-08-16 22:47:00,2.0,UNEXPECTED_SHORT_GAP,UNEXPECTED
2022-08-16 22:47:00,2022-08-16 22:49:00,2.0,UNEXPECTED_SHORT_GAP,UNEXPECTED
2022-08-16 22:51:00,2022-08-16 22:54:00,3.0,UNEXPECTED_SHORT_GAP,UNEXPECTED
2022-08-16 23:03:00,2022-08-16 23:06:00,3.0,UNEXPECTED_SHORT_GAP,UNEXPECTED
2022-08-16 23:30:00,2022-08-16 23:32:00,2.0,UNEXPECTED_SHORT_GAP,UNEXPECTED
2022-08-16 23:39:00,2022-08-16 23:41:00,2.0,UNEXPECTED_SHORT_GAP,UNEXPECTED
2022-08-17 20:22:00,2022-08-17 20:24:00,2.0,UNEXPECTED_SHORT_GAP,UNEXPECTED
2022-08-17 20:32:00,2022-08-17 20:34:00,2.0,UNEXPECTED_SHORT_GAP,UNEXPECTED
2022-08-17 20:36:00,2022-08-17 20:39:00,3.0,UNEXPECTED_SHORT_GAP,UNEXPECTED
2022-08-17 20:40:00,2022-08-17 20:42:00,2.0,UNEXPECTED_SHORT_GAP,UNEXPECTED
2022-08-17 20:55:00,2022-08-17 20:57:00,2.0,UNEXPECTED_SHORT_GAP,UNEXPECTED
2022-08-17 21:02:00,2022-08-17 21:05:00,3.0,UNEXPECTED_SHORT_GAP,UNEXPECTED
2022-08-17 21:07:00,2022-08-17 21:10:00,3.0,UNEXPECTED_SHORT_GAP,UNEXPECTED
2022-08-17 21:20:00,2022-08-17 21:22:00,2.0,UNEXPECTED_SHORT_GAP,UNEXPECTED
2022-08-17 21:49:00,2022-08-17 21:51:00,2.0,UNEXPECTED_SHORT_GAP,UNEXPECTED
2022-08-17 21:58:00,2022-08-17 22:00:00,2.0,UNEXPECTED_SHORT_GAP,UNEXPECTED
2022-08-17 22:28:00,2022-08-17 22:30:00,2.0,UNEXPECTED_SHORT_GAP,UNEXPECTED
2022-08-17 22:33:00,2022-08-17 22:35:00,2.0,UNEXPECTED_SHORT_GAP,UNEXPECTED
2022-08-17 22:37:00,2022-08-17 22:39:00,2.0,UNEXPECTED_SHORT_GAP,UNEXPECTED
2022-08-17 22:40:00,2022-08-17 22:42:00,2.0,UNEXPECTED_SHORT_GAP,UNEXPECTED
2022-08-17 22:46:00,2022-08-17 22:48:00,2.0,UNEXPECTED_SHORT_GAP,UNEXPECTED
2022-08-17 23:28:00,2022-08-17 23:30:00,2.0,UNEXPECTED_SHORT_GAP,UNEXPECTED
2022-08-18 20:35:00,2022-08-18 20:38:00,3.0,UNEXPECTED_SHORT_GAP,UNEXPECTED
2022-08-18 20:45:00,2022-08-18 20:47:00,2.0,UNEXPECTED_SHORT_GAP,UNEXPECTED
2022-08-18 21:03:00,2022-08-18 21:05:00,2.0,UNEXPECTED_SHORT_GAP,UNEXPECTED
2022-08-18 21:57:00,2022-08-18 21:59:00,2.0,UNEXPECTED_SHORT_GAP,UNEXPECTED
2022-08-18 22:24:00,2022-08-18 22:26:00,2.0,UNEXPECTED_SHORT_GAP,UNEXPECTED
2022-08-18 22:37:00,2022-08-18 22:39:00,2.0,UNEXPECTED_SHORT_GAP,UNEXPECTED
2022-08-18 23:38:00,2022-08-18 23:40:00,2.0,UNEXPECTED_SHORT_GAP,UNEXPECTED
2022-08-19 20:26:00,2022-08-19 20:28:00,2.0,UNEXPECTED_SHORT_GAP,UNEXPECTED
2022-08-19 20:47:00,2022-08-19 20:49:00,2.0,UNEXPECTED_SHORT_GAP,UNEXPECTED
2022-08-19 20:52:00,2022-08-19 20:54:00,2.0,UNEXPECTED_SHORT_GAP,UNEXPECTED
2022-08-19 20:58:00,2022-08-21 21:10:00,2892.0,EXPECTED_WEEKEND_CLOSURE,EXPECTED
2022-08-21 21:26:00,2022-08-21 21:28:00,2.0,EXPECTED_WEEKEND_CLOSURE,EXPECTED
2022-08-21 21:33:00,2022-08-21 21:35:00,2.0,EXPECTED_WEEKEND_CLOSURE,EXPECTED
2022-08-21 21:40:00,2022-08-21 21:42:00,2.0,EXPECTED_WEEKEND_CLOSURE,EXPECTED
2022-08-21 22:20:00,2022-08-21 22:22:00,2.0,EXPECTED_WEEKEND_CLOSURE,EXPECTED
2022-08-22 18:48:00,2022-08-22 18:50:00,2.0,UNEXPECTED_SHORT_GAP,UNEXPECTED
2022-08-22 20:20:00,2022-08-22 20:22:00,2.0,UNEXPECTED_SHORT_GAP,UNEXPECTED
2022-08-22 21:03:00,2022-08-22 21:05:00,2.0,UNEXPECTED_SHORT_GAP,UNEXPECTED
2022-08-22 21:13:00,2022-08-22 21:15:00,2.0,UNEXPECTED_SHORT_GAP,UNEXPECTED
2022-08-22 21:38:00,2022-08-22 21:41:00,3.0,UNEXPECTED_SHORT_GAP,UNEXPECTED
2022-08-22 22:02:00,2022-08-22 22:04:00,2.0,UNEXPECTED_SHORT_GAP,UNEXPECTED
2022-08-22 22:05:00,2022-08-22 22:07:00,2.0,UNEXPECTED_SHORT_GAP,UNEXPECTED
2022-08-22 22:16:00,2022-08-22 22:19:00,3.0,UNEXPECTED_SHORT_GAP,UNEXPECTED
2022-08-22 22:35:00,2022-08-22 22:37:00,2.0,UNEXPECTED_SHORT_GAP,UNEXPECTED
2022-08-22 23:36:00,2022-08-22 23:38:00,2.0,UNEXPECTED_SHORT_GAP,UNEXPECTED
2022-08-23 20:21:00,2022-08-23 20:23:00,2.0,UNEXPECTED_SHORT_GAP,UNEXPECTED
2022-08-23 20:42:00,2022-08-23 20:44:00,2.0,UNEXPECTED_SHORT_GAP,UNEXPECTED
2022-08-23 20:45:00,2022-08-23 20:49:00,4.0,UNEXPECTED_SHORT_GAP,UNEXPECTED
2022-08-23 20:52:00,2022-08-23 20:55:00,3.0,UNEXPECTED_SHORT_GAP,UNEXPECTED
2022-08-23 20:59:00,2022-08-23 21:01:00,2.0,UNEXPECTED_SHORT_GAP,UNEXPECTED
2022-08-23 21:02:00,2022-08-23 21:04:00,2.0,UNEXPECTED_SHORT_GAP,UNEXPECTED
2022-08-23 22:17:00,2022-08-23 22:19:00,2.0,UNEXPECTED_SHORT_GAP,UNEXPECTED
2022-08-23 22:20:00,2022-08-23 22:22:00,2.0,UNEXPECTED_SHORT_GAP,UNEXPECTED
2022-08-23 22:30:00,2022-08-23 22:32:00,2.0,UNEXPECTED_SHORT_GAP,UNEXPECTED
2022-08-23 22:35:00,2022-08-23 22:37:00,2.0,UNEXPECTED_SHORT_GAP,UNEXPECTED
2022-08-23 22:40:00,2022-08-23 22:42:00,2.0,UNEXPECTED_SHORT_GAP,UNEXPECTED
2022-08-23 23:10:00,2022-08-23 23:12:00,2.0,UNEXPECTED_SHORT_GAP,UNEXPECTED
2022-08-24 20:07:00,2022-08-24 20:09:00,2.0,UNEXPECTED_SHORT_GAP,UNEXPECTED
2022-08-24 20:26:00,2022-08-24 20:28:00,2.0,UNEXPECTED_SHORT_GAP,UNEXPECTED
2022-08-24 21:06:00,2022-08-24 21:08:00,2.0,UNEXPECTED_SHORT_GAP,UNEXPECTED
2022-08-24 22:01:00,2022-08-24 22:04:00,3.0,UNEXPECTED_SHORT_GAP,UNEXPECTED
2022-08-24 23:15:00,2022-08-24 23:17:00,2.0,UNEXPECTED_SHORT_GAP,UNEXPECTED
2022-08-25 20:33:00,2022-08-25 20:35:00,2.0,UNEXPECTED_SHORT_GAP,UNEXPECTED
2022-08-25 20:39:00,2022-08-25 20:41:00,2.0,UNEXPECTED_SHORT_GAP,UNEXPECTED
2022-08-25 21:02:00,2022-08-25 21:04:00,2.0,UNEXPECTED_SHORT_GAP,UNEXPECTED
2022-08-25 21:06:00,2022-08-25 21:09:00,3.0,UNEXPECTED_SHORT_GAP,UNEXPECTED
2022-08-25 21:17:00,2022-08-25 21:19:00,2.0,UNEXPECTED_SHORT_GAP,UNEXPECTED
2022-08-25 21:28:00,2022-08-25 21:30:00,2.0,UNEXPECTED_SHORT_GAP,UNEXPECTED
2022-08-25 21:47:00,2022-08-25 21:49:00,2.0,UNEXPECTED_SHORT_GAP,UNEXPECTED
2022-08-25 21:53:00,2022-08-25 21:55:00,2.0,UNEXPECTED_SHORT_GAP,UNEXPECTED
2022-08-25 22:03:00,2022-08-25 22:05:00,2.0,UNEXPECTED_SHORT_GAP,UNEXPECTED
2022-08-25 22:06:00,2022-08-25 22:09:00,3.0,UNEXPECTED_SHORT_GAP,UNEXPECTED
2022-08-25 22:16:00,2022-08-25 22:18:00,2.0,UNEXPECTED_SHORT_GAP,UNEXPECTED
2022-08-25 22:18:00,2022-08-25 22:23:00,5.0,UNEXPECTED_SHORT_GAP,UNEXPECTED
2022-08-25 22:23:00,2022-08-25 22:25:00,2.0,UNEXPECTED_SHORT_GAP,UNEXPECTED
2022-08-25 22:25:00,2022-08-25 22:27:00,2.0,UNEXPECTED_SHORT_GAP,UNEXPECTED
2022-08-25 22:28:00,2022-08-25 22:31:00,3.0,UNEXPECTED_SHORT_GAP,UNEXPECTED
2022-08-25 22:31:00,2022-08-25 22:34:00,3.0,UNEXPECTED_SHORT_GAP,UNEXPECTED
2022-08-25 22:34:00,2022-08-25 22:38:00,4.0,UNEXPECTED_SHORT_GAP,UNEXPECTED
2022-08-25 22:39:00,2022-08-25 22:41:00,2.0,UNEXPECTED_SHORT_GAP,UNEXPECTED
2022-08-25 22:44:00,2022-08-25 22:47:00,3.0,UNEXPECTED_SHORT_GAP,UNEXPECTED
2022-08-25 22:48:00,2022-08-25 22:50:00,2.0,UNEXPECTED_SHORT_GAP,UNEXPECTED
2022-08-25 23:00:00,2022-08-25 23:02:00,2.0,UNEXPECTED_SHORT_GAP,UNEXPECTED
2022-08-26 20:58:00,2022-08-28 21:05:00,2887.0,EXPECTED_WEEKEND_CLOSURE,EXPECTED
2022-08-28 21:13:00,2022-08-28 21:15:00,2.0,EXPECTED_WEEKEND_CLOSURE,EXPECTED
2022-08-28 21:15:00,2022-08-28 21:17:00,2.0,EXPECTED_WEEKEND_CLOSURE,EXPECTED
2022-08-28 21:17:00,2022-08-28 21:21:00,4.0,EXPECTED_WEEKEND_CLOSURE,EXPECTED
2022-08-28 21:21:00,2022-08-28 21:28:00,7.0,EXPECTED_WEEKEND_CLOSURE,EXPECTED
2022-08-28 21:28:00,2022-08-28 21:30:00,2.0,EXPECTED_WEEKEND_CLOSURE,EXPECTED
2022-08-28 21:30:00,2022-08-28 21:33:00,3.0,EXPECTED_WEEKEND_CLOSURE,EXPECTED
2022-08-28 21:34:00,2022-08-28 21:36:00,2.0,EXPECTED_WEEKEND_CLOSURE,EXPECTED
2022-08-28 21:40:00,2022-08-28 21:43:00,3.0,EXPECTED_WEEKEND_CLOSURE,EXPECTED
2022-08-28 22:17:00,2022-08-28 22:20:00,3.0,EXPECTED_WEEKEND_CLOSURE,EXPECTED
2022-08-28 22:46:00,2022-08-28 22:50:00,4.0,EXPECTED_WEEKEND_CLOSURE,EXPECTED
2022-08-28 22:56:00,2022-08-28 22:58:00,2.0,EXPECTED_WEEKEND_CLOSURE,EXPECTED
2022-08-29 20:07:00,2022-08-29 20:09:00,2.0,UNEXPECTED_SHORT_GAP,UNEXPECTED
2022-08-29 20:40:00,2022-08-29 20:42:00,2.0,UNEXPECTED_SHORT_GAP,UNEXPECTED
2022-08-29 20:45:00,2022-08-29 20:47:00,2.0,UNEXPECTED_SHORT_GAP,UNEXPECTED
2022-08-29 20:49:00,2022-08-29 20:51:00,2.0,UNEXPECTED_SHORT_GAP,UNEXPECTED
2022-08-29 20:51:00,2022-08-29 20:53:00,2.0,UNEXPECTED_SHORT_GAP,UNEXPECTED
2022-08-29 20:53:00,2022-08-29 20:55:00,2.0,UNEXPECTED_SHORT_GAP,UNEXPECTED
2022-08-29 21:10:00,2022-08-29 21:12:00,2.0,UNEXPECTED_SHORT_GAP,UNEXPECTED
2022-08-29 21:37:00,2022-08-29 21:39:00,2.0,UNEXPECTED_SHORT_GAP,UNEXPECTED
2022-08-29 21:41:00,2022-08-29 21:43:00,2.0,UNEXPECTED_SHORT_GAP,UNEXPECTED
2022-08-29 22:15:00,2022-08-29 22:17:00,2.0,UNEXPECTED_SHORT_GAP,UNEXPECTED
2022-08-29 22:17:00,2022-08-29 22:20:00,3.0,UNEXPECTED_SHORT_GAP,UNEXPECTED
2022-08-29 22:20:00,2022-08-29 22:22:00,2.0,UNEXPECTED_SHORT_GAP,UNEXPECTED
2022-08-29 22:22:00,2022-08-29 22:24:00,2.0,UNEXPECTED_SHORT_GAP,UNEXPECTED
2022-08-29 22:38:00,2022-08-29 22:40:00,2.0,UNEXPECTED_SHORT_GAP,UNEXPECTED
2022-08-29 22:48:00,2022-08-29 22:50:00,2.0,UNEXPECTED_SHORT_GAP,UNEXPECTED
2022-08-29 22:57:00,2022-08-29 22:59:00,2.0,UNEXPECTED_SHORT_GAP,UNEXPECTED
2022-08-29 23:01:00,2022-08-29 23:03:00,2.0,UNEXPECTED_SHORT_GAP,UNEXPECTED
2022-08-30 20:22:00,2022-08-30 20:24:00,2.0,UNEXPECTED_SHORT_GAP,UNEXPECTED
2022-08-30 20:26:00,2022-08-30 20:28:00,2.0,UNEXPECTED_SHORT_GAP,UNEXPECTED
2022-08-30 20:40:00,2022-08-30 20:43:00,3.0,UNEXPECTED_SHORT_GAP,UNEXPECTED
2022-08-30 20:53:00,2022-08-30 20:55:00,2.0,UNEXPECTED_SHORT_GAP,UNEXPECTED
2022-08-30 20:57:00,2022-08-30 20:59:00,2.0,UNEXPECTED_SHORT_GAP,UNEXPECTED
2022-08-30 21:00:00,2022-08-30 21:02:00,2.0,UNEXPECTED_SHORT_GAP,UNEXPECTED
2022-08-30 21:03:00,2022-08-30 21:05:00,2.0,UNEXPECTED_SHORT_GAP,UNEXPECTED
2022-08-30 21:17:00,2022-08-30 21:19:00,2.0,UNEXPECTED_SHORT_GAP,UNEXPECTED
2022-08-30 21:21:00,2022-08-30 21:28:00,7.0,UNEXPECTED_INTRADAY_GAP,UNEXPECTED
2022-08-30 21:31:00,2022-08-30 21:33:00,2.0,UNEXPECTED_SHORT_GAP,UNEXPECTED
2022-08-30 21:49:00,2022-08-30 21:51:00,2.0,UNEXPECTED_SHORT_GAP,UNEXPECTED
2022-08-30 22:17:00,2022-08-30 22:19:00,2.0,UNEXPECTED_SHORT_GAP,UNEXPECTED
2022-08-30 22:24:00,2022-08-30 22:27:00,3.0,UNEXPECTED_SHORT_GAP,UNEXPECTED
2022-08-30 22:38:00,2022-08-30 22:40:00,2.0,UNEXPECTED_SHORT_GAP,UNEXPECTED
2022-08-30 22:48:00,2022-08-30 22:50:00,2.0,UNEXPECTED_SHORT_GAP,UNEXPECTED
2022-08-30 22:50:00,2022-08-30 22:52:00,2.0,UNEXPECTED_SHORT_GAP,UNEXPECTED
2022-08-30 23:02:00,2022-08-30 23:04:00,2.0,UNEXPECTED_SHORT_GAP,UNEXPECTED
2022-08-31 20:34:00,2022-08-31 20:39:00,5.0,UNEXPECTED_SHORT_GAP,UNEXPECTED
2022-09-01 20:12:00,2022-09-01 20:14:00,2.0,UNEXPECTED_SHORT_GAP,UNEXPECTED
2022-09-01 20:16:00,2022-09-01 20:18:00,2.0,UNEXPECTED_SHORT_GAP,UNEXPECTED
2022-09-01 20:30:00,2022-09-01 20:32:00,2.0,UNEXPECTED_SHORT_GAP,UNEXPECTED
2022-09-01 20:32:00,2022-09-01 20:34:00,2.0,UNEXPECTED_SHORT_GAP,UNEXPECTED
2022-09-01 20:36:00,2022-09-01 20:38:00,2.0,UNEXPECTED_SHORT_GAP,UNEXPECTED
2022-09-01 20:38:00,2022-09-01 20:40:00,2.0,UNEXPECTED_SHORT_GAP,UNEXPECTED
2022-09-01 21:00:00,2022-09-01 21:05:00,5.0,UNEXPECTED_SHORT_GAP,UNEXPECTED
2022-09-01 21:31:00,2022-09-01 21:33:00,2.0,UNEXPECTED_SHORT_GAP,UNEXPECTED
2022-09-01 21:51:00,2022-09-01 21:53:00,2.0,UNEXPECTED_SHORT_GAP,UNEXPECTED
2022-09-01 21:53:00,2022-09-01 21:55:00,2.0,UNEXPECTED_SHORT_GAP,UNEXPECTED
2022-09-01 22:26:00,2022-09-01 22:30:00,4.0,UNEXPECTED_SHORT_GAP,UNEXPECTED
2022-09-01 22:31:00,2022-09-01 22:33:00,2.0,UNEXPECTED_SHORT_GAP,UNEXPECTED
2022-09-01 22:51:00,2022-09-01 22:53:00,2.0,UNEXPECTED_SHORT_GAP,UNEXPECTED
2022-09-01 23:03:00,2022-09-01 23:05:00,2.0,UNEXPECTED_SHORT_GAP,UNEXPECTED
2022-09-02 20:38:00,2022-09-02 20:40:00,2.0,UNEXPECTED_SHORT_GAP,UNEXPECTED
2022-09-02 20:58:00,2022-09-04 21:05:00,2887.0,EXPECTED_WEEKEND_CLOSURE,EXPECTED
2022-09-04 21:23:00,2022-09-04 21:25:00,2.0,EXPECTED_WEEKEND_CLOSURE,EXPECTED
2022-09-04 21:32:00,2022-09-04 21:34:00,2.0,EXPECTED_WEEKEND_CLOSURE,EXPECTED
2022-09-04 21:43:00,2022-09-04 21:45:00,2.0,EXPECTED_WEEKEND_CLOSURE,EXPECTED
2022-09-04 21:47:00,2022-09-04 21:50:00,3.0,EXPECTED_WEEKEND_CLOSURE,EXPECTED
2022-09-05 17:05:00,2022-09-05 17:16:00,11.0,UNEXPECTED_INTRADAY_GAP,UNEXPECTED
2022-09-05 17:22:00,2022-09-05 17:24:00,2.0,UNEXPECTED_SHORT_GAP,UNEXPECTED
2022-09-05 17:30:00,2022-09-05 17:33:00,3.0,UNEXPECTED_SHORT_GAP,UNEXPECTED
2022-09-05 17:40:00,2022-09-05 17:42:00,2.0,UNEXPECTED_SHORT_GAP,UNEXPECTED
2022-09-05 17:43:00,2022-09-05 17:45:00,2.0,UNEXPECTED_SHORT_GAP,UNEXPECTED
2022-09-05 17:46:00,2022-09-05 17:48:00,2.0,UNEXPECTED_SHORT_GAP,UNEXPECTED
2022-09-05 17:54:00,2022-09-05 17:58:00,4.0,UNEXPECTED_SHORT_GAP,UNEXPECTED
2022-09-05 18:00:00,2022-09-05 18:02:00,2.0,UNEXPECTED_SHORT_GAP,UNEXPECTED
2022-09-05 18:03:00,2022-09-05 18:05:00,2.0,UNEXPECTED_SHORT_GAP,UNEXPECTED
2022-09-05 18:15:00,2022-09-05 18:17:00,2.0,UNEXPECTED_SHORT_GAP,UNEXPECTED
2022-09-05 18:17:00,2022-09-05 18:21:00,4.0,UNEXPECTED_SHORT_GAP,UNEXPECTED
2022-09-05 18:21:00,2022-09-05 18:23:00,2.0,UNEXPECTED_SHORT_GAP,UNEXPECTED
2022-09-05 18:33:00,2022-09-05 18:35:00,2.0,UNEXPECTED_SHORT_GAP,UNEXPECTED
2022-09-05 18:43:00,2022-09-05 18:45:00,2.0,UNEXPECTED_SHORT_GAP,UNEXPECTED
2022-09-05 18:55:00,2022-09-05 18:57:00,2.0,UNEXPECTED_SHORT_GAP,UNEXPECTED
2022-09-05 19:06:00,2022-09-05 19:13:00,7.0,UNEXPECTED_INTRADAY_GAP,UNEXPECTED
2022-09-05 19:15:00,2022-09-05 19:20:00,5.0,UNEXPECTED_SHORT_GAP,UNEXPECTED
2022-09-05 19:21:00,2022-09-05 19:23:00,2.0,UNEXPECTED_SHORT_GAP,UNEXPECTED
2022-09-05 19:31:00,2022-09-05 19:40:00,9.0,UNEXPECTED_INTRADAY_GAP,UNEXPECTED
2022-09-05 19:49:00,2022-09-05 19:51:00,2.0,UNEXPECTED_SHORT_GAP,UNEXPECTED
2022-09-05 19:56:00,2022-09-05 19:58:00,2.0,UNEXPECTED_SHORT_GAP,UNEXPECTED
2022-09-05 20:04:00,2022-09-05 20:06:00,2.0,UNEXPECTED_SHORT_GAP,UNEXPECTED
2022-09-05 20:15:00,2022-09-05 20:17:00,2.0,UNEXPECTED_SHORT_GAP,UNEXPECTED
2022-09-05 20:22:00,2022-09-05 20:24:00,2.0,UNEXPECTED_SHORT_GAP,UNEXPECTED
2022-09-05 20:35:00,2022-09-05 20:37:00,2.0,UNEXPECTED_SHORT_GAP,UNEXPECTED
2022-09-05 20:38:00,2022-09-05 20:40:00,2.0,UNEXPECTED_SHORT_GAP,UNEXPECTED
2022-09-05 20:40:00,2022-09-05 20:42:00,2.0,UNEXPECTED_SHORT_GAP,UNEXPECTED
2022-09-05 20:47:00,2022-09-05 20:50:00,3.0,UNEXPECTED_SHORT_GAP,UNEXPECTED
2022-09-05 20:53:00,2022-09-05 20:56:00,3.0,UNEXPECTED_SHORT_GAP,UNEXPECTED
2022-09-05 21:00:00,2022-09-05 21:02:00,2.0,UNEXPECTED_SHORT_GAP,UNEXPECTED
2022-09-05 21:02:00,2022-09-05 21:05:00,3.0,UNEXPECTED_SHORT_GAP,UNEXPECTED
2022-09-05 21:09:00,2022-09-05 21:11:00,2.0,UNEXPECTED_SHORT_GAP,UNEXPECTED
2022-09-05 21:12:00,2022-09-05 21:15:00,3.0,UNEXPECTED_SHORT_GAP,UNEXPECTED
2022-09-05 21:16:00,2022-09-05 21:18:00,2.0,UNEXPECTED_SHORT_GAP,UNEXPECTED
2022-09-05 21:24:00,2022-09-05 21:27:00,3.0,UNEXPECTED_SHORT_GAP,UNEXPECTED
2022-09-05 21:28:00,2022-09-05 21:30:00,2.0,UNEXPECTED_SHORT_GAP,UNEXPECTED
2022-09-05 21:50:00,2022-09-05 21:52:00,2.0,UNEXPECTED_SHORT_GAP,UNEXPECTED
2022-09-06 20:25:00,2022-09-06 20:28:00,3.0,UNEXPECTED_SHORT_GAP,UNEXPECTED
2022-09-06 20:30:00,2022-09-06 20:34:00,4.0,UNEXPECTED_SHORT_GAP,UNEXPECTED
2022-09-06 20:35:00,2022-09-06 20:37:00,2.0,UNEXPECTED_SHORT_GAP,UNEXPECTED
2022-09-06 20:45:00,2022-09-06 20:47:00,2.0,UNEXPECTED_SHORT_GAP,UNEXPECTED
2022-09-06 20:50:00,2022-09-06 20:52:00,2.0,UNEXPECTED_SHORT_GAP,UNEXPECTED
2022-09-06 20:59:00,2022-09-06 21:01:00,2.0,UNEXPECTED_SHORT_GAP,UNEXPECTED
2022-09-06 21:55:00,2022-09-06 21:57:00,2.0,UNEXPECTED_SHORT_GAP,UNEXPECTED
2022-09-06 22:03:00,2022-09-06 22:07:00,4.0,UNEXPECTED_SHORT_GAP,UNEXPECTED
2022-09-06 22:08:00,2022-09-06 22:10:00,2.0,UNEXPECTED_SHORT_GAP,UNEXPECTED
2022-09-06 22:34:00,2022-09-06 22:36:00,2.0,UNEXPECTED_SHORT_GAP,UNEXPECTED
2022-09-06 22:36:00,2022-09-06 22:38:00,2.0,UNEXPECTED_SHORT_GAP,UNEXPECTED
2022-09-07 21:02:00,2022-09-07 21:04:00,2.0,UNEXPECTED_SHORT_GAP,UNEXPECTED
2022-09-07 21:28:00,2022-09-07 21:30:00,2.0,UNEXPECTED_SHORT_GAP,UNEXPECTED
2022-09-07 21:43:00,2022-09-07 21:45:00,2.0,UNEXPECTED_SHORT_GAP,UNEXPECTED
2022-09-07 21:45:00,2022-09-07 21:47:00,2.0,UNEXPECTED_SHORT_GAP,UNEXPECTED
2022-09-07 21:55:00,2022-09-07 21:57:00,2.0,UNEXPECTED_SHORT_GAP,UNEXPECTED
2022-09-07 21:57:00,2022-09-07 21:59:00,2.0,UNEXPECTED_SHORT_GAP,UNEXPECTED
2022-09-07 22:34:00,2022-09-07 22:36:00,2.0,UNEXPECTED_SHORT_GAP,UNEXPECTED
2022-09-07 22:38:00,2022-09-07 22:41:00,3.0,UNEXPECTED_SHORT_GAP,UNEXPECTED
2022-09-07 22:41:00,2022-09-07 22:43:00,2.0,UNEXPECTED_SHORT_GAP,UNEXPECTED
2022-09-07 22:48:00,2022-09-07 22:50:00,2.0,UNEXPECTED_SHORT_GAP,UNEXPECTED
2022-09-07 22:54:00,2022-09-07 22:57:00,3.0,UNEXPECTED_SHORT_GAP,UNEXPECTED
2022-09-08 20:13:00,2022-09-08 20:15:00,2.0,UNEXPECTED_SHORT_GAP,UNEXPECTED
2022-09-08 20:15:00,2022-09-08 20:17:00,2.0,UNEXPECTED_SHORT_GAP,UNEXPECTED
2022-09-08 20:44:00,2022-09-08 20:46:00,2.0,UNEXPECTED_SHORT_GAP,UNEXPECTED
2022-09-08 21:02:00,2022-09-08 21:05:00,3.0,UNEXPECTED_SHORT_GAP,UNEXPECTED
2022-09-08 21:14:00,2022-09-08 21:17:00,3.0,UNEXPECTED_SHORT_GAP,UNEXPECTED
2022-09-08 21:36:00,2022-09-08 21:38:00,2.0,UNEXPECTED_SHORT_GAP,UNEXPECTED
2022-09-08 21:38:00,2022-09-08 21:40:00,2.0,UNEXPECTED_SHORT_GAP,UNEXPECTED
2022-09-08 21:53:00,2022-09-08 21:55:00,2.0,UNEXPECTED_SHORT_GAP,UNEXPECTED
2022-09-08 22:01:00,2022-09-08 22:05:00,4.0,UNEXPECTED_SHORT_GAP,UNEXPECTED
2022-09-08 22:05:00,2022-09-08 22:09:00,4.0,UNEXPECTED_SHORT_GAP,UNEXPECTED
2022-09-08 22:40:00,2022-09-08 22:42:00,2.0,UNEXPECTED_SHORT_GAP,UNEXPECTED
2022-09-08 22:47:00,2022-09-08 22:49:00,2.0,UNEXPECTED_SHORT_GAP,UNEXPECTED
2022-09-08 22:53:00,2022-09-08 22:56:00,3.0,UNEXPECTED_SHORT_GAP,UNEXPECTED
2022-09-08 23:09:00,2022-09-08 23:12:00,3.0,UNEXPECTED_SHORT_GAP,UNEXPECTED
2022-09-08 23:13:00,2022-09-08 23:15:00,2.0,UNEXPECTED_SHORT_GAP,UNEXPECTED
2022-09-09 20:04:00,2022-09-09 20:06:00,2.0,UNEXPECTED_SHORT_GAP,UNEXPECTED
2022-09-09 20:26:00,2022-09-09 20:28:00,2.0,UNEXPECTED_SHORT_GAP,UNEXPECTED
2022-09-09 20:58:00,2022-09-11 21:06:00,2888.0,EXPECTED_WEEKEND_CLOSURE,EXPECTED
2022-09-11 21:41:00,2022-09-11 21:43:00,2.0,EXPECTED_WEEKEND_CLOSURE,EXPECTED
2022-09-11 21:48:00,2022-09-11 21:50:00,2.0,EXPECTED_WEEKEND_CLOSURE,EXPECTED
2022-09-11 21:51:00,2022-09-11 21:54:00,3.0,EXPECTED_WEEKEND_CLOSURE,EXPECTED
2022-09-12 20:36:00,2022-09-12 20:38:00,2.0,UNEXPECTED_SHORT_GAP,UNEXPECTED
2022-09-12 20:38:00,2022-09-12 20:40:00,2.0,UNEXPECTED_SHORT_GAP,UNEXPECTED
2022-09-12 21:02:00,2022-09-12 21:05:00,3.0,UNEXPECTED_SHORT_GAP,UNEXPECTED
2022-09-12 21:05:00,2022-09-12 21:07:00,2.0,UNEXPECTED_SHORT_GAP,UNEXPECTED
2022-09-12 22:32:00,2022-09-12 22:34:00,2.0,UNEXPECTED_SHORT_GAP,UNEXPECTED
2022-09-12 22:49:00,2022-09-12 22:51:00,2.0,UNEXPECTED_SHORT_GAP,UNEXPECTED
2022-09-12 22:52:00,2022-09-12 22:55:00,3.0,UNEXPECTED_SHORT_GAP,UNEXPECTED
2022-09-12 22:58:00,2022-09-12 23:00:00,2.0,UNEXPECTED_SHORT_GAP,UNEXPECTED
2022-09-12 23:27:00,2022-09-12 23:29:00,2.0,UNEXPECTED_SHORT_GAP,UNEXPECTED
2022-09-13 21:01:00,2022-09-13 21:03:00,2.0,UNEXPECTED_SHORT_GAP,UNEXPECTED
2022-09-13 21:08:00,2022-09-13 21:10:00,2.0,UNEXPECTED_SHORT_GAP,UNEXPECTED
2022-09-13 21:23:00,2022-09-13 21:26:00,3.0,UNEXPECTED_SHORT_GAP,UNEXPECTED
2022-09-13 22:40:00,2022-09-13 22:42:00,2.0,UNEXPECTED_SHORT_GAP,UNEXPECTED
2022-09-13 22:42:00,2022-09-13 22:44:00,2.0,UNEXPECTED_SHORT_GAP,UNEXPECTED
2022-09-14 20:32:00,2022-09-14 20:34:00,2.0,UNEXPECTED_SHORT_GAP,UNEXPECTED
2022-09-14 20:46:00,2022-09-14 20:48:00,2.0,UNEXPECTED_SHORT_GAP,UNEXPECTED
2022-09-14 21:02:00,2022-09-14 21:04:00,2.0,UNEXPECTED_SHORT_GAP,UNEXPECTED
2022-09-14 21:08:00,2022-09-14 21:10:00,2.0,UNEXPECTED_SHORT_GAP,UNEXPECTED
2022-09-14 21:24:00,2022-09-14 21:26:00,2.0,UNEXPECTED_SHORT_GAP,UNEXPECTED
2022-09-14 21:41:00,2022-09-14 21:43:00,2.0,UNEXPECTED_SHORT_GAP,UNEXPECTED
2022-09-14 21:43:00,2022-09-14 21:45:00,2.0,UNEXPECTED_SHORT_GAP,UNEXPECTED
2022-09-14 21:50:00,2022-09-14 21:53:00,3.0,UNEXPECTED_SHORT_GAP,UNEXPECTED
2022-09-14 22:15:00,2022-09-14 22:17:00,2.0,UNEXPECTED_SHORT_GAP,UNEXPECTED
2022-09-14 22:18:00,2022-09-14 22:22:00,4.0,UNEXPECTED_SHORT_GAP,UNEXPECTED
2022-09-14 22:23:00,2022-09-14 22:25:00,2.0,UNEXPECTED_SHORT_GAP,UNEXPECTED
2022-09-14 22:49:00,2022-09-14 22:51:00,2.0,UNEXPECTED_SHORT_GAP,UNEXPECTED
2022-09-14 23:09:00,2022-09-14 23:11:00,2.0,UNEXPECTED_SHORT_GAP,UNEXPECTED
2022-09-14 23:47:00,2022-09-14 23:49:00,2.0,UNEXPECTED_SHORT_GAP,UNEXPECTED
2022-09-15 20:33:00,2022-09-15 20:35:00,2.0,UNEXPECTED_SHORT_GAP,UNEXPECTED
2022-09-15 20:41:00,2022-09-15 20:43:00,2.0,UNEXPECTED_SHORT_GAP,UNEXPECTED
2022-09-15 21:00:00,2022-09-15 21:02:00,2.0,UNEXPECTED_SHORT_GAP,UNEXPECTED
2022-09-15 21:03:00,2022-09-15 21:05:00,2.0,UNEXPECTED_SHORT_GAP,UNEXPECTED
2022-09-15 21:07:00,2022-09-15 21:09:00,2.0,UNEXPECTED_SHORT_GAP,UNEXPECTED
2022-09-15 21:41:00,2022-09-15 21:43:00,2.0,UNEXPECTED_SHORT_GAP,UNEXPECTED
2022-09-15 22:01:00,2022-09-15 22:03:00,2.0,UNEXPECTED_SHORT_GAP,UNEXPECTED
2022-09-15 22:18:00,2022-09-15 22:21:00,3.0,UNEXPECTED_SHORT_GAP,UNEXPECTED
2022-09-15 22:24:00,2022-09-15 22:26:00,2.0,UNEXPECTED_SHORT_GAP,UNEXPECTED
2022-09-15 22:30:00,2022-09-15 22:32:00,2.0,UNEXPECTED_SHORT_GAP,UNEXPECTED
2022-09-15 22:44:00,2022-09-15 22:46:00,2.0,UNEXPECTED_SHORT_GAP,UNEXPECTED
2022-09-15 22:49:00,2022-09-15 22:51:00,2.0,UNEXPECTED_SHORT_GAP,UNEXPECTED
2022-09-15 22:55:00,2022-09-15 22:57:00,2.0,UNEXPECTED_SHORT_GAP,UNEXPECTED
2022-09-15 23:43:00,2022-09-15 23:45:00,2.0,UNEXPECTED_SHORT_GAP,UNEXPECTED
2022-09-15 23:49:00,2022-09-15 23:51:00,2.0,UNEXPECTED_SHORT_GAP,UNEXPECTED
2022-09-16 20:36:00,2022-09-16 20:38:00,2.0,UNEXPECTED_SHORT_GAP,UNEXPECTED
2022-09-16 20:41:00,2022-09-16 20:43:00,2.0,UNEXPECTED_SHORT_GAP,UNEXPECTED
2022-09-16 20:58:00,2022-09-18 21:05:00,2887.0,EXPECTED_WEEKEND_CLOSURE,EXPECTED
2022-09-18 21:05:00,2022-09-18 21:07:00,2.0,EXPECTED_WEEKEND_CLOSURE,EXPECTED
2022-09-18 21:26:00,2022-09-18 21:28:00,2.0,EXPECTED_WEEKEND_CLOSURE,EXPECTED
2022-09-18 21:35:00,2022-09-18 21:37:00,2.0,EXPECTED_WEEKEND_CLOSURE,EXPECTED
2022-09-18 21:37:00,2022-09-18 21:39:00,2.0,EXPECTED_WEEKEND_CLOSURE,EXPECTED
2022-09-18 21:41:00,2022-09-18 21:43:00,2.0,EXPECTED_WEEKEND_CLOSURE,EXPECTED
2022-09-18 21:43:00,2022-09-18 21:46:00,3.0,EXPECTED_WEEKEND_CLOSURE,EXPECTED
2022-09-18 21:46:00,2022-09-18 21:50:00,4.0,EXPECTED_WEEKEND_CLOSURE,EXPECTED
2022-09-18 21:50:00,2022-09-18 21:54:00,4.0,EXPECTED_WEEKEND_CLOSURE,EXPECTED
2022-09-18 21:54:00,2022-09-18 21:57:00,3.0,EXPECTED_WEEKEND_CLOSURE,EXPECTED
2022-09-18 22:08:00,2022-09-18 22:10:00,2.0,EXPECTED_WEEKEND_CLOSURE,EXPECTED
2022-09-18 22:25:00,2022-09-18 22:27:00,2.0,EXPECTED_WEEKEND_CLOSURE,EXPECTED
2022-09-18 22:51:00,2022-09-18 22:53:00,2.0,EXPECTED_WEEKEND_CLOSURE,EXPECTED
2022-09-19 03:36:00,2022-09-19 03:38:00,2.0,UNEXPECTED_SHORT_GAP,UNEXPECTED
2022-09-19 20:07:00,2022-09-19 20:10:00,3.0,UNEXPECTED_SHORT_GAP,UNEXPECTED
2022-09-19 20:13:00,2022-09-19 20:15:00,2.0,UNEXPECTED_SHORT_GAP,UNEXPECTED
2022-09-19 20:21:00,2022-09-19 20:26:00,5.0,UNEXPECTED_SHORT_GAP,UNEXPECTED
2022-09-19 20:50:00,2022-09-19 20:52:00,2.0,UNEXPECTED_SHORT_GAP,UNEXPECTED
2022-09-19 21:02:00,2022-09-19 21:05:00,3.0,UNEXPECTED_SHORT_GAP,UNEXPECTED
2022-09-19 21:49:00,2022-09-19 21:51:00,2.0,UNEXPECTED_SHORT_GAP,UNEXPECTED
2022-09-19 21:52:00,2022-09-19 21:55:00,3.0,UNEXPECTED_SHORT_GAP,UNEXPECTED
2022-09-19 22:55:00,2022-09-19 22:57:00,2.0,UNEXPECTED_SHORT_GAP,UNEXPECTED
2022-09-20 20:37:00,2022-09-20 20:39:00,2.0,UNEXPECTED_SHORT_GAP,UNEXPECTED
2022-09-20 20:55:00,2022-09-20 20:58:00,3.0,UNEXPECTED_SHORT_GAP,UNEXPECTED
2022-09-20 22:28:00,2022-09-20 22:30:00,2.0,UNEXPECTED_SHORT_GAP,UNEXPECTED
2022-09-20 22:53:00,2022-09-20 22:55:00,2.0,UNEXPECTED_SHORT_GAP,UNEXPECTED
2022-09-20 23:23:00,2022-09-20 23:25:00,2.0,UNEXPECTED_SHORT_GAP,UNEXPECTED
2022-09-21 23:19:00,2022-09-21 23:21:00,2.0,UNEXPECTED_SHORT_GAP,UNEXPECTED
2022-09-22 20:48:00,2022-09-22 20:50:00,2.0,UNEXPECTED_SHORT_GAP,UNEXPECTED
2022-09-22 21:00:00,2022-09-22 21:02:00,2.0,UNEXPECTED_SHORT_GAP,UNEXPECTED
2022-09-22 21:11:00,2022-09-22 21:13:00,2.0,UNEXPECTED_SHORT_GAP,UNEXPECTED
2022-09-22 21:13:00,2022-09-22 21:15:00,2.0,UNEXPECTED_SHORT_GAP,UNEXPECTED
2022-09-22 22:08:00,2022-09-22 22:10:00,2.0,UNEXPECTED_SHORT_GAP,UNEXPECTED
2022-09-23 20:58:00,2022-09-25 21:06:00,2888.0,EXPECTED_WEEKEND_CLOSURE,EXPECTED
2022-09-25 21:23:00,2022-09-25 21:27:00,4.0,EXPECTED_WEEKEND_CLOSURE,EXPECTED
2022-09-25 21:28:00,2022-09-25 21:30:00,2.0,EXPECTED_WEEKEND_CLOSURE,EXPECTED
2022-09-25 21:51:00,2022-09-25 21:53:00,2.0,EXPECTED_WEEKEND_CLOSURE,EXPECTED
2022-09-26 21:00:00,2022-09-26 21:02:00,2.0,UNEXPECTED_SHORT_GAP,UNEXPECTED
2022-09-26 21:02:00,2022-09-26 21:04:00,2.0,UNEXPECTED_SHORT_GAP,UNEXPECTED
2022-09-26 21:13:00,2022-09-26 21:15:00,2.0,UNEXPECTED_SHORT_GAP,UNEXPECTED
2022-09-26 21:15:00,2022-09-26 21:17:00,2.0,UNEXPECTED_SHORT_GAP,UNEXPECTED
2022-09-27 21:01:00,2022-09-27 21:04:00,3.0,UNEXPECTED_SHORT_GAP,UNEXPECTED
2022-09-27 21:28:00,2022-09-27 21:30:00,2.0,UNEXPECTED_SHORT_GAP,UNEXPECTED
2022-09-27 21:33:00,2022-09-27 21:35:00,2.0,UNEXPECTED_SHORT_GAP,UNEXPECTED
2022-09-27 21:51:00,2022-09-27 21:53:00,2.0,UNEXPECTED_SHORT_GAP,UNEXPECTED
2022-09-27 21:53:00,2022-09-27 21:55:00,2.0,UNEXPECTED_SHORT_GAP,UNEXPECTED
2022-09-27 21:58:00,2022-09-27 22:00:00,2.0,UNEXPECTED_SHORT_GAP,UNEXPECTED
2022-09-27 22:08:00,2022-09-27 22:10:00,2.0,UNEXPECTED_SHORT_GAP,UNEXPECTED
2022-09-28 21:01:00,2022-09-28 21:03:00,2.0,UNEXPECTED_SHORT_GAP,UNEXPECTED
2022-09-28 21:12:00,2022-09-28 21:14:00,2.0,UNEXPECTED_SHORT_GAP,UNEXPECTED
2022-09-28 21:42:00,2022-09-28 21:44:00,2.0,UNEXPECTED_SHORT_GAP,UNEXPECTED
2022-09-29 21:24:00,2022-09-29 21:26:00,2.0,UNEXPECTED_SHORT_GAP,UNEXPECTED
2022-09-30 20:58:00,2022-10-02 21:08:00,2890.0,EXPECTED_WEEKEND_CLOSURE,EXPECTED
2022-10-02 21:10:00,2022-10-02 21:12:00,2.0,EXPECTED_WEEKEND_CLOSURE,EXPECTED
2022-10-02 21:12:00,2022-10-02 21:14:00,2.0,EXPECTED_WEEKEND_CLOSURE,EXPECTED
2022-10-02 21:20:00,2022-10-02 21:24:00,4.0,EXPECTED_WEEKEND_CLOSURE,EXPECTED
2022-10-03 21:01:00,2022-10-03 21:04:00,3.0,UNEXPECTED_SHORT_GAP,UNEXPECTED
2022-10-03 21:07:00,2022-10-03 21:10:00,3.0,UNEXPECTED_SHORT_GAP,UNEXPECTED
2022-10-03 21:17:00,2022-10-03 21:19:00,2.0,UNEXPECTED_SHORT_GAP,UNEXPECTED
2022-10-03 21:33:00,2022-10-03 21:35:00,2.0,UNEXPECTED_SHORT_GAP,UNEXPECTED
2022-10-03 21:41:00,2022-10-03 21:43:00,2.0,UNEXPECTED_SHORT_GAP,UNEXPECTED
2022-10-03 21:45:00,2022-10-03 21:47:00,2.0,UNEXPECTED_SHORT_GAP,UNEXPECTED
2022-10-03 21:50:00,2022-10-03 21:52:00,2.0,UNEXPECTED_SHORT_GAP,UNEXPECTED
2022-10-03 21:52:00,2022-10-03 21:54:00,2.0,UNEXPECTED_SHORT_GAP,UNEXPECTED
2022-10-03 21:55:00,2022-10-03 21:57:00,2.0,UNEXPECTED_SHORT_GAP,UNEXPECTED
2022-10-04 20:59:00,2022-10-04 21:01:00,2.0,UNEXPECTED_SHORT_GAP,UNEXPECTED
2022-10-04 21:02:00,2022-10-04 21:04:00,2.0,UNEXPECTED_SHORT_GAP,UNEXPECTED
2022-10-04 21:18:00,2022-10-04 21:20:00,2.0,UNEXPECTED_SHORT_GAP,UNEXPECTED
2022-10-04 21:40:00,2022-10-04 21:42:00,2.0,UNEXPECTED_SHORT_GAP,UNEXPECTED
2022-10-04 21:47:00,2022-10-04 21:49:00,2.0,UNEXPECTED_SHORT_GAP,UNEXPECTED
2022-10-05 20:48:00,2022-10-05 20:50:00,2.0,UNEXPECTED_SHORT_GAP,UNEXPECTED
2022-10-05 21:00:00,2022-10-05 21:02:00,2.0,UNEXPECTED_SHORT_GAP,UNEXPECTED
2022-10-06 20:59:00,2022-10-06 21:01:00,2.0,UNEXPECTED_SHORT_GAP,UNEXPECTED
2022-10-06 21:01:00,2022-10-06 21:03:00,2.0,UNEXPECTED_SHORT_GAP,UNEXPECTED
2022-10-06 21:04:00,2022-10-06 21:06:00,2.0,UNEXPECTED_SHORT_GAP,UNEXPECTED
2022-10-06 21:13:00,2022-10-06 21:15:00,2.0,UNEXPECTED_SHORT_GAP,UNEXPECTED
2022-10-06 21:21:00,2022-10-06 21:23:00,2.0,UNEXPECTED_SHORT_GAP,UNEXPECTED
2022-10-06 22:02:00,2022-10-06 22:04:00,2.0,UNEXPECTED_SHORT_GAP,UNEXPECTED
2022-10-06 22:44:00,2022-10-06 22:46:00,2.0,UNEXPECTED_SHORT_GAP,UNEXPECTED
2022-10-07 20:58:00,2022-10-09 21:06:00,2888.0,EXPECTED_WEEKEND_CLOSURE,EXPECTED
2022-10-09 21:17:00,2022-10-09 21:19:00,2.0,EXPECTED_WEEKEND_CLOSURE,EXPECTED
2022-10-09 21:22:00,2022-10-09 21:24:00,2.0,EXPECTED_WEEKEND_CLOSURE,EXPECTED
2022-10-09 21:31:00,2022-10-09 21:36:00,5.0,EXPECTED_WEEKEND_CLOSURE,EXPECTED
2022-10-10 20:04:00,2022-10-10 20:06:00,2.0,UNEXPECTED_SHORT_GAP,UNEXPECTED
2022-10-10 20:39:00,2022-10-10 20:42:00,3.0,UNEXPECTED_SHORT_GAP,UNEXPECTED
2022-10-10 21:01:00,2022-10-10 21:04:00,3.0,UNEXPECTED_SHORT_GAP,UNEXPECTED
2022-10-10 21:31:00,2022-10-10 21:33:00,2.0,UNEXPECTED_SHORT_GAP,UNEXPECTED
2022-10-10 21:42:00,2022-10-10 21:44:00,2.0,UNEXPECTED_SHORT_GAP,UNEXPECTED
2022-10-10 21:44:00,2022-10-10 21:46:00,2.0,UNEXPECTED_SHORT_GAP,UNEXPECTED
2022-10-10 22:34:00,2022-10-10 22:36:00,2.0,UNEXPECTED_SHORT_GAP,UNEXPECTED
2022-10-11 21:02:00,2022-10-11 21:04:00,2.0,UNEXPECTED_SHORT_GAP,UNEXPECTED
2022-10-11 21:08:00,2022-10-11 21:10:00,2.0,UNEXPECTED_SHORT_GAP,UNEXPECTED
2022-10-11 22:38:00,2022-10-11 22:40:00,2.0,UNEXPECTED_SHORT_GAP,UNEXPECTED
2022-10-11 22:44:00,2022-10-11 22:46:00,2.0,UNEXPECTED_SHORT_GAP,UNEXPECTED
2022-10-12 20:32:00,2022-10-12 20:34:00,2.0,UNEXPECTED_SHORT_GAP,UNEXPECTED
2022-10-12 21:03:00,2022-10-12 21:05:00,2.0,UNEXPECTED_SHORT_GAP,UNEXPECTED
2022-10-12 21:07:00,2022-10-12 21:09:00,2.0,UNEXPECTED_SHORT_GAP,UNEXPECTED
2022-10-12 21:14:00,2022-10-12 21:16:00,2.0,UNEXPECTED_SHORT_GAP,UNEXPECTED
2022-10-12 21:17:00,2022-10-12 21:19:00,2.0,UNEXPECTED_SHORT_GAP,UNEXPECTED
2022-10-12 21:37:00,2022-10-12 21:39:00,2.0,UNEXPECTED_SHORT_GAP,UNEXPECTED
2022-10-12 22:38:00,2022-10-12 22:40:00,2.0,UNEXPECTED_SHORT_GAP,UNEXPECTED
2022-10-12 22:47:00,2022-10-12 22:49:00,2.0,UNEXPECTED_SHORT_GAP,UNEXPECTED
2022-10-13 21:01:00,2022-10-13 21:03:00,2.0,UNEXPECTED_SHORT_GAP,UNEXPECTED
2022-10-13 21:06:00,2022-10-13 21:08:00,2.0,UNEXPECTED_SHORT_GAP,UNEXPECTED
2022-10-13 21:08:00,2022-10-13 21:10:00,2.0,UNEXPECTED_SHORT_GAP,UNEXPECTED
2022-10-13 21:11:00,2022-10-13 21:13:00,2.0,UNEXPECTED_SHORT_GAP,UNEXPECTED
2022-10-13 21:13:00,2022-10-13 21:15:00,2.0,UNEXPECTED_SHORT_GAP,UNEXPECTED
2022-10-13 21:15:00,2022-10-13 21:17:00,2.0,UNEXPECTED_SHORT_GAP,UNEXPECTED
2022-10-13 21:17:00,2022-10-13 21:19:00,2.0,UNEXPECTED_SHORT_GAP,UNEXPECTED
2022-10-13 21:19:00,2022-10-13 21:21:00,2.0,UNEXPECTED_SHORT_GAP,UNEXPECTED
2022-10-13 21:21:00,2022-10-13 21:23:00,2.0,UNEXPECTED_SHORT_GAP,UNEXPECTED
2022-10-13 21:23:00,2022-10-13 21:28:00,5.0,UNEXPECTED_SHORT_GAP,UNEXPECTED
2022-10-13 21:32:00,2022-10-13 21:34:00,2.0,UNEXPECTED_SHORT_GAP,UNEXPECTED
2022-10-13 21:40:00,2022-10-13 21:42:00,2.0,UNEXPECTED_SHORT_GAP,UNEXPECTED
2022-10-14 20:07:00,2022-10-14 20:09:00,2.0,UNEXPECTED_SHORT_GAP,UNEXPECTED
2022-10-14 20:58:00,2022-10-16 21:05:00,2887.0,EXPECTED_WEEKEND_CLOSURE,EXPECTED
2022-10-16 21:19:00,2022-10-16 21:21:00,2.0,EXPECTED_WEEKEND_CLOSURE,EXPECTED
2022-10-16 21:43:00,2022-10-16 21:45:00,2.0,EXPECTED_WEEKEND_CLOSURE,EXPECTED
2022-10-16 21:46:00,2022-10-16 21:50:00,4.0,EXPECTED_WEEKEND_CLOSURE,EXPECTED
2022-10-16 21:57:00,2022-10-16 21:59:00,2.0,EXPECTED_WEEKEND_CLOSURE,EXPECTED
2022-10-17 20:24:00,2022-10-17 20:26:00,2.0,UNEXPECTED_SHORT_GAP,UNEXPECTED
2022-10-17 20:33:00,2022-10-17 20:35:00,2.0,UNEXPECTED_SHORT_GAP,UNEXPECTED
2022-10-17 20:36:00,2022-10-17 20:38:00,2.0,UNEXPECTED_SHORT_GAP,UNEXPECTED
2022-10-17 21:13:00,2022-10-17 21:15:00,2.0,UNEXPECTED_SHORT_GAP,UNEXPECTED
2022-10-18 20:26:00,2022-10-18 20:28:00,2.0,UNEXPECTED_SHORT_GAP,UNEXPECTED
2022-10-18 21:02:00,2022-10-18 21:05:00,3.0,UNEXPECTED_SHORT_GAP,UNEXPECTED
2022-10-18 21:09:00,2022-10-18 21:11:00,2.0,UNEXPECTED_SHORT_GAP,UNEXPECTED
2022-10-19 21:08:00,2022-10-19 21:10:00,2.0,UNEXPECTED_SHORT_GAP,UNEXPECTED
2022-10-19 21:11:00,2022-10-19 21:13:00,2.0,UNEXPECTED_SHORT_GAP,UNEXPECTED
2022-10-19 21:51:00,2022-10-19 21:53:00,2.0,UNEXPECTED_SHORT_GAP,UNEXPECTED
2022-10-20 21:01:00,2022-10-20 21:03:00,2.0,UNEXPECTED_SHORT_GAP,UNEXPECTED
2022-10-20 21:03:00,2022-10-20 21:05:00,2.0,UNEXPECTED_SHORT_GAP,UNEXPECTED
2022-10-20 21:07:00,2022-10-20 21:09:00,2.0,UNEXPECTED_SHORT_GAP,UNEXPECTED
2022-10-20 22:40:00,2022-10-20 22:42:00,2.0,UNEXPECTED_SHORT_GAP,UNEXPECTED
2022-10-21 20:58:00,2022-10-23 21:07:00,2889.0,EXPECTED_WEEKEND_CLOSURE,EXPECTED
2022-10-24 20:49:00,2022-10-24 20:51:00,2.0,UNEXPECTED_SHORT_GAP,UNEXPECTED
2022-10-24 21:00:00,2022-10-24 21:02:00,2.0,UNEXPECTED_SHORT_GAP,UNEXPECTED
2022-10-24 21:10:00,2022-10-24 21:12:00,2.0,UNEXPECTED_SHORT_GAP,UNEXPECTED
2022-10-24 21:17:00,2022-10-24 21:19:00,2.0,UNEXPECTED_SHORT_GAP,UNEXPECTED
2022-10-24 21:21:00,2022-10-24 21:23:00,2.0,UNEXPECTED_SHORT_GAP,UNEXPECTED
2022-10-25 21:00:00,2022-10-25 21:03:00,3.0,UNEXPECTED_SHORT_GAP,UNEXPECTED
2022-10-25 21:03:00,2022-10-25 21:05:00,2.0,UNEXPECTED_SHORT_GAP,UNEXPECTED
2022-10-25 21:07:00,2022-10-25 21:09:00,2.0,UNEXPECTED_SHORT_GAP,UNEXPECTED
2022-10-25 21:14:00,2022-10-25 21:16:00,2.0,UNEXPECTED_SHORT_GAP,UNEXPECTED
2022-10-26 20:38:00,2022-10-26 20:40:00,2.0,UNEXPECTED_SHORT_GAP,UNEXPECTED
2022-10-27 21:00:00,2022-10-27 21:05:00,5.0,UNEXPECTED_SHORT_GAP,UNEXPECTED
2022-10-27 21:07:00,2022-10-27 21:09:00,2.0,UNEXPECTED_SHORT_GAP,UNEXPECTED
2022-10-27 21:09:00,2022-10-27 21:11:00,2.0,UNEXPECTED_SHORT_GAP,UNEXPECTED
2022-10-27 21:11:00,2022-10-27 21:13:00,2.0,UNEXPECTED_SHORT_GAP,UNEXPECTED
2022-10-27 21:15:00,2022-10-27 21:17:00,2.0,UNEXPECTED_SHORT_GAP,UNEXPECTED
2022-10-27 21:34:00,2022-10-27 21:36:00,2.0,UNEXPECTED_SHORT_GAP,UNEXPECTED
2022-10-27 21:37:00,2022-10-27 21:40:00,3.0,UNEXPECTED_SHORT_GAP,UNEXPECTED
2022-10-27 21:41:00,2022-10-27 21:43:00,2.0,UNEXPECTED_SHORT_GAP,UNEXPECTED
2022-10-27 21:43:00,2022-10-27 21:45:00,2.0,UNEXPECTED_SHORT_GAP,UNEXPECTED
2022-10-27 21:47:00,2022-10-27 21:49:00,2.0,UNEXPECTED_SHORT_GAP,UNEXPECTED
2022-10-27 21:51:00,2022-10-27 21:53:00,2.0,UNEXPECTED_SHORT_GAP,UNEXPECTED
2022-10-27 21:53:00,2022-10-27 21:55:00,2.0,UNEXPECTED_SHORT_GAP,UNEXPECTED
2022-10-27 21:57:00,2022-10-27 21:59:00,2.0,UNEXPECTED_SHORT_GAP,UNEXPECTED
2022-10-27 22:03:00,2022-10-27 22:05:00,2.0,UNEXPECTED_SHORT_GAP,UNEXPECTED
2022-10-27 22:24:00,2022-10-27 22:26:00,2.0,UNEXPECTED_SHORT_GAP,UNEXPECTED
2022-10-28 20:21:00,2022-10-28 20:23:00,2.0,UNEXPECTED_SHORT_GAP,UNEXPECTED
2022-10-28 20:58:00,2022-10-30 21:06:00,2888.0,EXPECTED_WEEKEND_CLOSURE,EXPECTED
2022-10-30 21:06:00,2022-10-30 21:08:00,2.0,EXPECTED_WEEKEND_CLOSURE,EXPECTED
2022-10-30 21:08:00,2022-10-30 21:10:00,2.0,EXPECTED_WEEKEND_CLOSURE,EXPECTED
2022-10-30 21:19:00,2022-10-30 21:22:00,3.0,EXPECTED_WEEKEND_CLOSURE,EXPECTED
2022-10-30 21:22:00,2022-10-30 21:24:00,2.0,EXPECTED_WEEKEND_CLOSURE,EXPECTED
2022-10-30 21:34:00,2022-10-30 21:36:00,2.0,EXPECTED_WEEKEND_CLOSURE,EXPECTED
2022-10-30 21:39:00,2022-10-30 21:41:00,2.0,EXPECTED_WEEKEND_CLOSURE,EXPECTED
2022-10-30 21:42:00,2022-10-30 21:44:00,2.0,EXPECTED_WEEKEND_CLOSURE,EXPECTED
2022-10-30 21:44:00,2022-10-30 21:46:00,2.0,EXPECTED_WEEKEND_CLOSURE,EXPECTED
2022-10-30 21:46:00,2022-10-30 21:48:00,2.0,EXPECTED_WEEKEND_CLOSURE,EXPECTED
2022-10-30 21:57:00,2022-10-30 21:59:00,2.0,EXPECTED_WEEKEND_CLOSURE,EXPECTED
2022-10-30 22:28:00,2022-10-30 22:30:00,2.0,EXPECTED_WEEKEND_CLOSURE,EXPECTED
2022-10-31 20:59:00,2022-10-31 21:01:00,2.0,UNEXPECTED_SHORT_GAP,UNEXPECTED
2022-10-31 21:01:00,2022-10-31 21:04:00,3.0,UNEXPECTED_SHORT_GAP,UNEXPECTED
2022-10-31 21:18:00,2022-10-31 21:20:00,2.0,UNEXPECTED_SHORT_GAP,UNEXPECTED
2022-10-31 21:30:00,2022-10-31 21:32:00,2.0,UNEXPECTED_SHORT_GAP,UNEXPECTED
2022-10-31 21:42:00,2022-10-31 21:44:00,2.0,UNEXPECTED_SHORT_GAP,UNEXPECTED
2022-10-31 21:55:00,2022-10-31 21:57:00,2.0,UNEXPECTED_SHORT_GAP,UNEXPECTED
2022-10-31 22:07:00,2022-10-31 22:09:00,2.0,UNEXPECTED_SHORT_GAP,UNEXPECTED
2022-10-31 22:24:00,2022-10-31 22:26:00,2.0,UNEXPECTED_SHORT_GAP,UNEXPECTED
2022-11-01 21:06:00,2022-11-01 21:09:00,3.0,UNEXPECTED_SHORT_GAP,UNEXPECTED
2022-11-01 21:41:00,2022-11-01 21:43:00,2.0,UNEXPECTED_SHORT_GAP,UNEXPECTED
2022-11-01 22:47:00,2022-11-01 22:49:00,2.0,UNEXPECTED_SHORT_GAP,UNEXPECTED
2022-11-01 22:50:00,2022-11-01 22:52:00,2.0,UNEXPECTED_SHORT_GAP,UNEXPECTED
2022-11-02 21:01:00,2022-11-02 21:04:00,3.0,UNEXPECTED_SHORT_GAP,UNEXPECTED
2022-11-02 21:07:00,2022-11-02 21:10:00,3.0,UNEXPECTED_SHORT_GAP,UNEXPECTED
2022-11-02 22:22:00,2022-11-02 22:24:00,2.0,UNEXPECTED_SHORT_GAP,UNEXPECTED
2022-11-03 21:02:00,2022-11-03 21:04:00,2.0,UNEXPECTED_SHORT_GAP,UNEXPECTED
2022-11-04 20:58:00,2022-11-06 22:12:00,2954.0,EXPECTED_WEEKEND_CLOSURE,EXPECTED
2022-11-06 22:51:00,2022-11-06 22:53:00,2.0,EXPECTED_WEEKEND_CLOSURE,EXPECTED
2022-11-06 22:54:00,2022-11-06 22:56:00,2.0,EXPECTED_WEEKEND_CLOSURE,EXPECTED
2022-11-07 12:19:00,2022-11-07 12:21:00,2.0,UNEXPECTED_SHORT_GAP,UNEXPECTED
2022-11-07 21:26:00,2022-11-07 21:28:00,2.0,UNEXPECTED_SHORT_GAP,UNEXPECTED
2022-11-07 21:37:00,2022-11-07 21:39:00,2.0,UNEXPECTED_SHORT_GAP,UNEXPECTED
2022-11-07 21:41:00,2022-11-07 21:44:00,3.0,UNEXPECTED_SHORT_GAP,UNEXPECTED
2022-11-07 22:01:00,2022-11-07 22:04:00,3.0,UNEXPECTED_SHORT_GAP,UNEXPECTED
2022-11-08 21:23:00,2022-11-08 21:25:00,2.0,UNEXPECTED_SHORT_GAP,UNEXPECTED
2022-11-08 21:45:00,2022-11-08 21:47:00,2.0,UNEXPECTED_SHORT_GAP,UNEXPECTED
2022-11-08 21:47:00,2022-11-08 21:49:00,2.0,UNEXPECTED_SHORT_GAP,UNEXPECTED
2022-11-08 21:59:00,2022-11-08 22:01:00,2.0,UNEXPECTED_SHORT_GAP,UNEXPECTED
2022-11-08 22:03:00,2022-11-08 22:05:00,2.0,UNEXPECTED_SHORT_GAP,UNEXPECTED
2022-11-08 22:07:00,2022-11-08 22:09:00,2.0,UNEXPECTED_SHORT_GAP,UNEXPECTED
2022-11-09 22:01:00,2022-11-09 22:03:00,2.0,UNEXPECTED_SHORT_GAP,UNEXPECTED
2022-11-09 22:06:00,2022-11-09 22:08:00,2.0,UNEXPECTED_SHORT_GAP,UNEXPECTED
2022-11-09 22:10:00,2022-11-09 22:12:00,2.0,UNEXPECTED_SHORT_GAP,UNEXPECTED
2022-11-09 22:35:00,2022-11-09 22:37:00,2.0,UNEXPECTED_SHORT_GAP,UNEXPECTED
2022-11-10 22:19:00,2022-11-10 22:21:00,2.0,UNEXPECTED_SHORT_GAP,UNEXPECTED
2022-11-11 21:58:00,2022-11-13 22:06:00,2888.0,EXPECTED_WEEKEND_CLOSURE,EXPECTED
2022-11-13 22:11:00,2022-11-13 22:14:00,3.0,EXPECTED_WEEKEND_CLOSURE,EXPECTED
2022-11-13 22:16:00,2022-11-13 22:18:00,2.0,EXPECTED_WEEKEND_CLOSURE,EXPECTED
2022-11-13 22:19:00,2022-11-13 22:21:00,2.0,EXPECTED_WEEKEND_CLOSURE,EXPECTED
2022-11-13 22:23:00,2022-11-13 22:25:00,2.0,EXPECTED_WEEKEND_CLOSURE,EXPECTED
2022-11-14 22:03:00,2022-11-14 22:05:00,2.0,UNEXPECTED_SHORT_GAP,UNEXPECTED
2022-11-14 22:05:00,2022-11-14 22:07:00,2.0,UNEXPECTED_SHORT_GAP,UNEXPECTED
2022-11-15 21:49:00,2022-11-15 21:51:00,2.0,UNEXPECTED_SHORT_GAP,UNEXPECTED
2022-11-15 22:00:00,2022-11-15 22:02:00,2.0,UNEXPECTED_SHORT_GAP,UNEXPECTED
2022-11-15 22:08:00,2022-11-15 22:10:00,2.0,UNEXPECTED_SHORT_GAP,UNEXPECTED
2022-11-15 22:17:00,2022-11-15 22:19:00,2.0,UNEXPECTED_SHORT_GAP,UNEXPECTED
2022-11-15 22:19:00,2022-11-15 22:21:00,2.0,UNEXPECTED_SHORT_GAP,UNEXPECTED
2022-11-16 22:01:00,2022-11-16 22:05:00,4.0,UNEXPECTED_SHORT_GAP,UNEXPECTED
2022-11-16 22:06:00,2022-11-16 22:09:00,3.0,UNEXPECTED_SHORT_GAP,UNEXPECTED
2022-11-17 21:53:00,2022-11-17 21:55:00,2.0,UNEXPECTED_SHORT_GAP,UNEXPECTED
2022-11-17 22:45:00,2022-11-17 22:48:00,3.0,UNEXPECTED_SHORT_GAP,UNEXPECTED
2022-11-17 22:52:00,2022-11-17 22:54:00,2.0,UNEXPECTED_SHORT_GAP,UNEXPECTED
2022-11-17 22:54:00,2022-11-17 22:56:00,2.0,UNEXPECTED_SHORT_GAP,UNEXPECTED
2022-11-17 23:45:00,2022-11-17 23:47:00,2.0,UNEXPECTED_SHORT_GAP,UNEXPECTED
2022-11-17 23:55:00,2022-11-17 23:57:00,2.0,UNEXPECTED_SHORT_GAP,UNEXPECTED
2022-11-18 21:58:00,2022-11-20 22:06:00,2888.0,EXPECTED_WEEKEND_CLOSURE,EXPECTED
2022-11-20 22:07:00,2022-11-20 22:30:00,23.0,EXPECTED_WEEKEND_CLOSURE,EXPECTED
2022-11-20 22:46:00,2022-11-20 22:48:00,2.0,EXPECTED_WEEKEND_CLOSURE,EXPECTED
2022-11-20 22:50:00,2022-11-20 22:52:00,2.0,EXPECTED_WEEKEND_CLOSURE,EXPECTED
2022-11-20 22:54:00,2022-11-20 22:56:00,2.0,EXPECTED_WEEKEND_CLOSURE,EXPECTED
2022-11-20 23:34:00,2022-11-20 23:36:00,2.0,EXPECTED_WEEKEND_CLOSURE,EXPECTED
2022-11-20 23:47:00,2022-11-20 23:49:00,2.0,EXPECTED_WEEKEND_CLOSURE,EXPECTED
2022-11-21 21:59:00,2022-11-21 22:05:00,6.0,UNEXPECTED_INTRADAY_GAP,UNEXPECTED
2022-11-21 22:06:00,2022-11-21 22:11:00,5.0,UNEXPECTED_SHORT_GAP,UNEXPECTED
2022-11-21 22:11:00,2022-11-21 22:13:00,2.0,UNEXPECTED_SHORT_GAP,UNEXPECTED
2022-11-21 22:13:00,2022-11-21 22:15:00,2.0,UNEXPECTED_SHORT_GAP,UNEXPECTED
2022-11-21 22:15:00,2022-11-21 22:17:00,2.0,UNEXPECTED_SHORT_GAP,UNEXPECTED
2022-11-21 22:17:00,2022-11-21 22:19:00,2.0,UNEXPECTED_SHORT_GAP,UNEXPECTED
2022-11-21 22:24:00,2022-11-21 22:27:00,3.0,UNEXPECTED_SHORT_GAP,UNEXPECTED
2022-11-21 22:27:00,2022-11-21 22:30:00,3.0,UNEXPECTED_SHORT_GAP,UNEXPECTED
2022-11-21 22:37:00,2022-11-21 22:39:00,2.0,UNEXPECTED_SHORT_GAP,UNEXPECTED
2022-11-21 22:43:00,2022-11-21 22:45:00,2.0,UNEXPECTED_SHORT_GAP,UNEXPECTED
2022-11-21 22:47:00,2022-11-21 22:49:00,2.0,UNEXPECTED_SHORT_GAP,UNEXPECTED
2022-11-21 22:51:00,2022-11-21 22:53:00,2.0,UNEXPECTED_SHORT_GAP,UNEXPECTED
2022-11-21 22:53:00,2022-11-21 22:55:00,2.0,UNEXPECTED_SHORT_GAP,UNEXPECTED
2022-11-21 23:53:00,2022-11-21 23:55:00,2.0,UNEXPECTED_SHORT_GAP,UNEXPECTED
2022-11-21 23:55:00,2022-11-21 23:57:00,2.0,UNEXPECTED_SHORT_GAP,UNEXPECTED
2022-11-22 18:30:00,2022-11-22 18:32:00,2.0,UNEXPECTED_SHORT_GAP,UNEXPECTED
2022-11-22 21:59:00,2022-11-22 22:05:00,6.0,UNEXPECTED_INTRADAY_GAP,UNEXPECTED
2022-11-22 22:05:00,2022-11-22 22:09:00,4.0,UNEXPECTED_SHORT_GAP,UNEXPECTED
2022-11-22 22:11:00,2022-11-22 22:16:00,5.0,UNEXPECTED_SHORT_GAP,UNEXPECTED
2022-11-22 22:16:00,2022-11-22 22:25:00,9.0,UNEXPECTED_INTRADAY_GAP,UNEXPECTED
2022-11-22 22:26:00,2022-11-22 22:28:00,2.0,UNEXPECTED_SHORT_GAP,UNEXPECTED
2022-11-22 22:28:00,2022-11-22 22:30:00,2.0,UNEXPECTED_SHORT_GAP,UNEXPECTED
2022-11-22 22:40:00,2022-11-22 22:42:00,2.0,UNEXPECTED_SHORT_GAP,UNEXPECTED
2022-11-22 22:42:00,2022-11-22 22:45:00,3.0,UNEXPECTED_SHORT_GAP,UNEXPECTED
2022-11-22 22:45:00,2022-11-22 22:47:00,2.0,UNEXPECTED_SHORT_GAP,UNEXPECTED
2022-11-22 23:27:00,2022-11-22 23:29:00,2.0,UNEXPECTED_SHORT_GAP,UNEXPECTED
2022-11-22 23:49:00,2022-11-22 23:51:00,2.0,UNEXPECTED_SHORT_GAP,UNEXPECTED
2022-11-23 22:03:00,2022-11-23 22:05:00,2.0,UNEXPECTED_SHORT_GAP,UNEXPECTED
2022-11-23 22:21:00,2022-11-23 22:25:00,4.0,UNEXPECTED_SHORT_GAP,UNEXPECTED
2022-11-24 18:19:00,2022-11-24 18:21:00,2.0,UNEXPECTED_SHORT_GAP,UNEXPECTED
2022-11-24 18:22:00,2022-11-24 18:26:00,4.0,UNEXPECTED_SHORT_GAP,UNEXPECTED
2022-11-24 18:46:00,2022-11-24 18:48:00,2.0,UNEXPECTED_SHORT_GAP,UNEXPECTED
2022-11-24 18:48:00,2022-11-24 18:50:00,2.0,UNEXPECTED_SHORT_GAP,UNEXPECTED
2022-11-24 18:51:00,2022-11-24 18:54:00,3.0,UNEXPECTED_SHORT_GAP,UNEXPECTED
2022-11-24 18:55:00,2022-11-24 18:57:00,2.0,UNEXPECTED_SHORT_GAP,UNEXPECTED
2022-11-24 19:01:00,2022-11-24 19:03:00,2.0,UNEXPECTED_SHORT_GAP,UNEXPECTED
2022-11-24 19:04:00,2022-11-24 19:09:00,5.0,UNEXPECTED_SHORT_GAP,UNEXPECTED
2022-11-24 19:12:00,2022-11-24 19:16:00,4.0,UNEXPECTED_SHORT_GAP,UNEXPECTED
2022-11-24 19:18:00,2022-11-24 19:20:00,2.0,UNEXPECTED_SHORT_GAP,UNEXPECTED
2022-11-24 19:36:00,2022-11-24 19:38:00,2.0,UNEXPECTED_SHORT_GAP,UNEXPECTED
2022-11-24 19:42:00,2022-11-24 19:45:00,3.0,UNEXPECTED_SHORT_GAP,UNEXPECTED
2022-11-24 20:06:00,2022-11-24 20:08:00,2.0,UNEXPECTED_SHORT_GAP,UNEXPECTED
2022-11-24 20:08:00,2022-11-24 20:10:00,2.0,UNEXPECTED_SHORT_GAP,UNEXPECTED
2022-11-24 20:18:00,2022-11-24 20:21:00,3.0,UNEXPECTED_SHORT_GAP,UNEXPECTED
2022-11-24 20:35:00,2022-11-24 20:38:00,3.0,UNEXPECTED_SHORT_GAP,UNEXPECTED
2022-11-24 21:13:00,2022-11-24 21:15:00,2.0,UNEXPECTED_SHORT_GAP,UNEXPECTED
2022-11-24 21:18:00,2022-11-24 21:20:00,2.0,UNEXPECTED_SHORT_GAP,UNEXPECTED
2022-11-24 21:40:00,2022-11-24 21:42:00,2.0,UNEXPECTED_SHORT_GAP,UNEXPECTED
2022-11-24 21:47:00,2022-11-24 21:49:00,2.0,UNEXPECTED_SHORT_GAP,UNEXPECTED
2022-11-24 21:51:00,2022-11-24 21:55:00,4.0,UNEXPECTED_SHORT_GAP,UNEXPECTED
2022-11-24 22:03:00,2022-11-24 22:05:00,2.0,UNEXPECTED_SHORT_GAP,UNEXPECTED
2022-11-24 22:06:00,2022-11-24 22:09:00,3.0,UNEXPECTED_SHORT_GAP,UNEXPECTED
2022-11-24 22:14:00,2022-11-24 22:16:00,2.0,UNEXPECTED_SHORT_GAP,UNEXPECTED
2022-11-24 22:16:00,2022-11-24 22:18:00,2.0,UNEXPECTED_SHORT_GAP,UNEXPECTED
2022-11-24 22:46:00,2022-11-24 22:48:00,2.0,UNEXPECTED_SHORT_GAP,UNEXPECTED
2022-11-24 23:35:00,2022-11-24 23:38:00,3.0,UNEXPECTED_SHORT_GAP,UNEXPECTED
2022-11-24 23:57:00,2022-11-24 23:59:00,2.0,UNEXPECTED_SHORT_GAP,UNEXPECTED
2022-11-25 18:18:00,2022-11-25 18:20:00,2.0,UNEXPECTED_SHORT_GAP,UNEXPECTED
2022-11-25 18:31:00,2022-11-25 18:33:00,2.0,UNEXPECTED_SHORT_GAP,UNEXPECTED
2022-11-25 21:58:00,2022-11-27 22:07:00,2889.0,EXPECTED_WEEKEND_CLOSURE,EXPECTED
2022-11-27 22:17:00,2022-11-27 22:19:00,2.0,EXPECTED_WEEKEND_CLOSURE,EXPECTED
2022-11-27 22:21:00,2022-11-27 22:23:00,2.0,EXPECTED_WEEKEND_CLOSURE,EXPECTED
2022-11-27 22:28:00,2022-11-27 22:30:00,2.0,EXPECTED_WEEKEND_CLOSURE,EXPECTED
2022-11-27 22:33:00,2022-11-27 22:35:00,2.0,EXPECTED_WEEKEND_CLOSURE,EXPECTED
2022-11-27 22:35:00,2022-11-27 22:38:00,3.0,EXPECTED_WEEKEND_CLOSURE,EXPECTED
2022-11-27 22:43:00,2022-11-27 22:45:00,2.0,EXPECTED_WEEKEND_CLOSURE,EXPECTED
2022-11-27 22:46:00,2022-11-27 22:48:00,2.0,EXPECTED_WEEKEND_CLOSURE,EXPECTED
2022-11-28 22:00:00,2022-11-28 22:04:00,4.0,UNEXPECTED_SHORT_GAP,UNEXPECTED
2022-11-28 22:06:00,2022-11-28 22:13:00,7.0,UNEXPECTED_INTRADAY_GAP,UNEXPECTED
2022-11-28 22:16:00,2022-11-28 22:19:00,3.0,UNEXPECTED_SHORT_GAP,UNEXPECTED
2022-11-29 22:02:00,2022-11-29 22:04:00,2.0,UNEXPECTED_SHORT_GAP,UNEXPECTED
2022-11-29 22:06:00,2022-11-29 22:08:00,2.0,UNEXPECTED_SHORT_GAP,UNEXPECTED
2022-11-29 22:15:00,2022-11-29 22:17:00,2.0,UNEXPECTED_SHORT_GAP,UNEXPECTED
2022-11-29 22:21:00,2022-11-29 22:24:00,3.0,UNEXPECTED_SHORT_GAP,UNEXPECTED
2022-11-29 23:20:00,2022-11-29 23:22:00,2.0,UNEXPECTED_SHORT_GAP,UNEXPECTED
2022-11-29 23:38:00,2022-11-29 23:41:00,3.0,UNEXPECTED_SHORT_GAP,UNEXPECTED
2022-11-29 23:55:00,2022-11-29 23:57:00,2.0,UNEXPECTED_SHORT_GAP,UNEXPECTED
2022-11-30 22:03:00,2022-11-30 22:05:00,2.0,UNEXPECTED_SHORT_GAP,UNEXPECTED
2022-11-30 22:28:00,2022-11-30 22:30:00,2.0,UNEXPECTED_SHORT_GAP,UNEXPECTED
2022-11-30 23:15:00,2022-11-30 23:17:00,2.0,UNEXPECTED_SHORT_GAP,UNEXPECTED
2022-12-01 21:48:00,2022-12-01 21:50:00,2.0,UNEXPECTED_SHORT_GAP,UNEXPECTED
2022-12-01 22:03:00,2022-12-01 22:05:00,2.0,UNEXPECTED_SHORT_GAP,UNEXPECTED
2022-12-01 22:36:00,2022-12-01 22:38:00,2.0,UNEXPECTED_SHORT_GAP,UNEXPECTED
2022-12-01 22:39:00,2022-12-01 22:41:00,2.0,UNEXPECTED_SHORT_GAP,UNEXPECTED
2022-12-01 22:55:00,2022-12-01 22:57:00,2.0,UNEXPECTED_SHORT_GAP,UNEXPECTED
2022-12-01 22:57:00,2022-12-01 23:00:00,3.0,UNEXPECTED_SHORT_GAP,UNEXPECTED
2022-12-01 23:06:00,2022-12-01 23:08:00,2.0,UNEXPECTED_SHORT_GAP,UNEXPECTED
2022-12-02 21:58:00,2022-12-04 22:12:00,2894.0,EXPECTED_WEEKEND_CLOSURE,EXPECTED
2022-12-04 22:17:00,2022-12-04 22:21:00,4.0,EXPECTED_WEEKEND_CLOSURE,EXPECTED
2022-12-04 22:21:00,2022-12-04 22:23:00,2.0,EXPECTED_WEEKEND_CLOSURE,EXPECTED
2022-12-04 22:23:00,2022-12-04 22:25:00,2.0,EXPECTED_WEEKEND_CLOSURE,EXPECTED
2022-12-04 22:25:00,2022-12-04 22:28:00,3.0,EXPECTED_WEEKEND_CLOSURE,EXPECTED
2022-12-04 22:44:00,2022-12-04 22:46:00,2.0,EXPECTED_WEEKEND_CLOSURE,EXPECTED
2022-12-05 21:31:00,2022-12-05 21:33:00,2.0,UNEXPECTED_SHORT_GAP,UNEXPECTED
2022-12-05 21:59:00,2022-12-05 22:05:00,6.0,UNEXPECTED_INTRADAY_GAP,UNEXPECTED
2022-12-05 22:08:00,2022-12-05 22:10:00,2.0,UNEXPECTED_SHORT_GAP,UNEXPECTED
2022-12-06 21:30:00,2022-12-06 21:32:00,2.0,UNEXPECTED_SHORT_GAP,UNEXPECTED
2022-12-06 21:59:00,2022-12-06 22:01:00,2.0,UNEXPECTED_SHORT_GAP,UNEXPECTED
2022-12-06 22:21:00,2022-12-06 22:23:00,2.0,UNEXPECTED_SHORT_GAP,UNEXPECTED
2022-12-06 22:26:00,2022-12-06 22:28:00,2.0,UNEXPECTED_SHORT_GAP,UNEXPECTED
2022-12-07 21:59:00,2022-12-07 22:01:00,2.0,UNEXPECTED_SHORT_GAP,UNEXPECTED
2022-12-07 22:05:00,2022-12-07 22:09:00,4.0,UNEXPECTED_SHORT_GAP,UNEXPECTED
2022-12-07 22:09:00,2022-12-07 22:11:00,2.0,UNEXPECTED_SHORT_GAP,UNEXPECTED
2022-12-07 22:22:00,2022-12-07 22:24:00,2.0,UNEXPECTED_SHORT_GAP,UNEXPECTED
2022-12-07 22:30:00,2022-12-07 22:32:00,2.0,UNEXPECTED_SHORT_GAP,UNEXPECTED
2022-12-07 23:06:00,2022-12-07 23:08:00,2.0,UNEXPECTED_SHORT_GAP,UNEXPECTED
2022-12-07 23:35:00,2022-12-07 23:37:00,2.0,UNEXPECTED_SHORT_GAP,UNEXPECTED
2022-12-08 21:15:00,2022-12-08 21:17:00,2.0,UNEXPECTED_SHORT_GAP,UNEXPECTED
2022-12-08 21:20:00,2022-12-08 21:22:00,2.0,UNEXPECTED_SHORT_GAP,UNEXPECTED
2022-12-08 21:57:00,2022-12-08 21:59:00,2.0,UNEXPECTED_SHORT_GAP,UNEXPECTED
2022-12-08 22:01:00,2022-12-08 22:04:00,3.0,UNEXPECTED_SHORT_GAP,UNEXPECTED
2022-12-08 22:05:00,2022-12-08 22:08:00,3.0,UNEXPECTED_SHORT_GAP,UNEXPECTED
2022-12-08 22:09:00,2022-12-08 22:11:00,2.0,UNEXPECTED_SHORT_GAP,UNEXPECTED
2022-12-08 22:12:00,2022-12-08 22:15:00,3.0,UNEXPECTED_SHORT_GAP,UNEXPECTED
2022-12-08 22:45:00,2022-12-08 22:47:00,2.0,UNEXPECTED_SHORT_GAP,UNEXPECTED
2022-12-08 23:04:00,2022-12-08 23:06:00,2.0,UNEXPECTED_SHORT_GAP,UNEXPECTED
2022-12-08 23:21:00,2022-12-08 23:23:00,2.0,UNEXPECTED_SHORT_GAP,UNEXPECTED
2022-12-08 23:53:00,2022-12-08 23:55:00,2.0,UNEXPECTED_SHORT_GAP,UNEXPECTED
2022-12-09 21:58:00,2022-12-11 22:06:00,2888.0,EXPECTED_WEEKEND_CLOSURE,EXPECTED
2022-12-11 22:06:00,2022-12-11 22:08:00,2.0,EXPECTED_WEEKEND_CLOSURE,EXPECTED
2022-12-11 22:18:00,2022-12-11 22:20:00,2.0,EXPECTED_WEEKEND_CLOSURE,EXPECTED
2022-12-11 22:52:00,2022-12-11 22:54:00,2.0,EXPECTED_WEEKEND_CLOSURE,EXPECTED
2022-12-11 22:54:00,2022-12-11 22:56:00,2.0,EXPECTED_WEEKEND_CLOSURE,EXPECTED
2022-12-12 22:00:00,2022-12-12 22:03:00,3.0,UNEXPECTED_SHORT_GAP,UNEXPECTED
2022-12-12 22:06:00,2022-12-12 22:08:00,2.0,UNEXPECTED_SHORT_GAP,UNEXPECTED
2022-12-12 22:20:00,2022-12-12 22:22:00,2.0,UNEXPECTED_SHORT_GAP,UNEXPECTED
2022-12-12 22:35:00,2022-12-12 22:38:00,3.0,UNEXPECTED_SHORT_GAP,UNEXPECTED
2022-12-12 22:38:00,2022-12-12 22:40:00,2.0,UNEXPECTED_SHORT_GAP,UNEXPECTED
2022-12-12 22:40:00,2022-12-12 22:43:00,3.0,UNEXPECTED_SHORT_GAP,UNEXPECTED
2022-12-12 22:51:00,2022-12-12 22:53:00,2.0,UNEXPECTED_SHORT_GAP,UNEXPECTED
2022-12-12 22:53:00,2022-12-12 22:55:00,2.0,UNEXPECTED_SHORT_GAP,UNEXPECTED
2022-12-12 23:06:00,2022-12-12 23:08:00,2.0,UNEXPECTED_SHORT_GAP,UNEXPECTED
2022-12-12 23:13:00,2022-12-12 23:15:00,2.0,UNEXPECTED_SHORT_GAP,UNEXPECTED
2022-12-12 23:29:00,2022-12-12 23:31:00,2.0,UNEXPECTED_SHORT_GAP,UNEXPECTED
2022-12-13 21:59:00,2022-12-13 22:01:00,2.0,UNEXPECTED_SHORT_GAP,UNEXPECTED
2022-12-13 22:01:00,2022-12-13 22:05:00,4.0,UNEXPECTED_SHORT_GAP,UNEXPECTED
2022-12-13 22:05:00,2022-12-13 22:08:00,3.0,UNEXPECTED_SHORT_GAP,UNEXPECTED
2022-12-13 22:08:00,2022-12-13 22:10:00,2.0,UNEXPECTED_SHORT_GAP,UNEXPECTED
2022-12-13 22:11:00,2022-12-13 22:15:00,4.0,UNEXPECTED_SHORT_GAP,UNEXPECTED
2022-12-13 22:18:00,2022-12-13 22:20:00,2.0,UNEXPECTED_SHORT_GAP,UNEXPECTED
2022-12-13 22:55:00,2022-12-13 22:57:00,2.0,UNEXPECTED_SHORT_GAP,UNEXPECTED
2022-12-14 21:31:00,2022-12-14 21:33:00,2.0,UNEXPECTED_SHORT_GAP,UNEXPECTED
2022-12-14 22:03:00,2022-12-14 22:05:00,2.0,UNEXPECTED_SHORT_GAP,UNEXPECTED
2022-12-14 22:05:00,2022-12-14 22:07:00,2.0,UNEXPECTED_SHORT_GAP,UNEXPECTED
2022-12-14 22:10:00,2022-12-14 22:14:00,4.0,UNEXPECTED_SHORT_GAP,UNEXPECTED
2022-12-14 22:46:00,2022-12-14 22:48:00,2.0,UNEXPECTED_SHORT_GAP,UNEXPECTED
2022-12-14 22:48:00,2022-12-14 22:50:00,2.0,UNEXPECTED_SHORT_GAP,UNEXPECTED
2022-12-14 23:07:00,2022-12-14 23:09:00,2.0,UNEXPECTED_SHORT_GAP,UNEXPECTED
2022-12-15 21:50:00,2022-12-15 21:52:00,2.0,UNEXPECTED_SHORT_GAP,UNEXPECTED
2022-12-15 22:07:00,2022-12-15 22:09:00,2.0,UNEXPECTED_SHORT_GAP,UNEXPECTED
2022-12-15 22:20:00,2022-12-15 22:22:00,2.0,UNEXPECTED_SHORT_GAP,UNEXPECTED
2022-12-16 00:45:00,2022-12-16 00:47:00,2.0,UNEXPECTED_SHORT_GAP,UNEXPECTED
2022-12-16 21:58:00,2022-12-18 22:05:00,2887.0,EXPECTED_WEEKEND_CLOSURE,EXPECTED
2022-12-18 22:07:00,2022-12-18 22:10:00,3.0,EXPECTED_WEEKEND_CLOSURE,EXPECTED
2022-12-18 22:23:00,2022-12-18 22:27:00,4.0,EXPECTED_WEEKEND_CLOSURE,EXPECTED
2022-12-18 22:27:00,2022-12-18 22:30:00,3.0,EXPECTED_WEEKEND_CLOSURE,EXPECTED
2022-12-18 23:40:00,2022-12-18 23:42:00,2.0,EXPECTED_WEEKEND_CLOSURE,EXPECTED
2022-12-19 21:25:00,2022-12-19 21:27:00,2.0,UNEXPECTED_SHORT_GAP,UNEXPECTED
2022-12-19 21:43:00,2022-12-19 21:45:00,2.0,UNEXPECTED_SHORT_GAP,UNEXPECTED
2022-12-19 21:48:00,2022-12-19 21:50:00,2.0,UNEXPECTED_SHORT_GAP,UNEXPECTED
2022-12-19 21:50:00,2022-12-19 21:52:00,2.0,UNEXPECTED_SHORT_GAP,UNEXPECTED
2022-12-19 22:00:00,2022-12-19 22:02:00,2.0,UNEXPECTED_SHORT_GAP,UNEXPECTED
2022-12-19 22:03:00,2022-12-19 22:05:00,2.0,UNEXPECTED_SHORT_GAP,UNEXPECTED
2022-12-19 22:06:00,2022-12-19 22:08:00,2.0,UNEXPECTED_SHORT_GAP,UNEXPECTED
2022-12-19 22:08:00,2022-12-19 22:10:00,2.0,UNEXPECTED_SHORT_GAP,UNEXPECTED
2022-12-19 22:12:00,2022-12-19 22:16:00,4.0,UNEXPECTED_SHORT_GAP,UNEXPECTED
2022-12-19 22:46:00,2022-12-19 22:48:00,2.0,UNEXPECTED_SHORT_GAP,UNEXPECTED
2022-12-19 22:48:00,2022-12-19 22:50:00,2.0,UNEXPECTED_SHORT_GAP,UNEXPECTED
2022-12-19 22:54:00,2022-12-19 22:56:00,2.0,UNEXPECTED_SHORT_GAP,UNEXPECTED
2022-12-19 23:41:00,2022-12-19 23:43:00,2.0,UNEXPECTED_SHORT_GAP,UNEXPECTED
2022-12-20 21:09:00,2022-12-20 21:11:00,2.0,UNEXPECTED_SHORT_GAP,UNEXPECTED
2022-12-20 21:59:00,2022-12-20 22:01:00,2.0,UNEXPECTED_SHORT_GAP,UNEXPECTED
2022-12-20 22:01:00,2022-12-20 22:05:00,4.0,UNEXPECTED_SHORT_GAP,UNEXPECTED
2022-12-20 22:07:00,2022-12-20 22:09:00,2.0,UNEXPECTED_SHORT_GAP,UNEXPECTED
2022-12-20 22:10:00,2022-12-20 22:12:00,2.0,UNEXPECTED_SHORT_GAP,UNEXPECTED
2022-12-20 22:48:00,2022-12-20 22:50:00,2.0,UNEXPECTED_SHORT_GAP,UNEXPECTED
2022-12-20 23:20:00,2022-12-20 23:22:00,2.0,UNEXPECTED_SHORT_GAP,UNEXPECTED
2022-12-21 22:00:00,2022-12-21 22:05:00,5.0,UNEXPECTED_SHORT_GAP,UNEXPECTED
2022-12-21 22:07:00,2022-12-21 22:09:00,2.0,UNEXPECTED_SHORT_GAP,UNEXPECTED
2022-12-21 22:14:00,2022-12-21 22:16:00,2.0,UNEXPECTED_SHORT_GAP,UNEXPECTED
2022-12-21 22:26:00,2022-12-21 22:28:00,2.0,UNEXPECTED_SHORT_GAP,UNEXPECTED
2022-12-22 21:59:00,2022-12-22 22:08:00,9.0,UNEXPECTED_INTRADAY_GAP,UNEXPECTED
2022-12-22 22:08:00,2022-12-22 22:10:00,2.0,UNEXPECTED_SHORT_GAP,UNEXPECTED
2022-12-22 22:16:00,2022-12-22 22:20:00,4.0,UNEXPECTED_SHORT_GAP,UNEXPECTED
2022-12-22 22:26:00,2022-12-22 22:28:00,2.0,UNEXPECTED_SHORT_GAP,UNEXPECTED
2022-12-22 22:39:00,2022-12-22 22:43:00,4.0,UNEXPECTED_SHORT_GAP,UNEXPECTED
2022-12-22 22:44:00,2022-12-22 22:46:00,2.0,UNEXPECTED_SHORT_GAP,UNEXPECTED
2022-12-22 22:49:00,2022-12-23 00:17:00,88.0,UNEXPECTED_LONG_GAP,UNEXPECTED
2022-12-23 21:58:00,2022-12-25 22:12:00,2894.0,EXPECTED_WEEKEND_CLOSURE,EXPECTED
2022-12-25 22:12:00,2022-12-25 22:20:00,8.0,EXPECTED_WEEKEND_CLOSURE,EXPECTED
2022-12-25 22:37:00,2022-12-25 22:40:00,3.0,EXPECTED_WEEKEND_CLOSURE,EXPECTED
2022-12-25 22:56:00,2022-12-25 23:00:00,4.0,EXPECTED_WEEKEND_CLOSURE,EXPECTED
2022-12-25 23:02:00,2022-12-25 23:04:00,2.0,EXPECTED_WEEKEND_CLOSURE,EXPECTED
2022-12-25 23:30:00,2022-12-25 23:32:00,2.0,EXPECTED_WEEKEND_CLOSURE,EXPECTED
2022-12-26 00:10:00,2022-12-26 00:16:00,6.0,UNEXPECTED_INTRADAY_GAP,UNEXPECTED
2022-12-26 00:20:00,2022-12-26 00:22:00,2.0,UNEXPECTED_SHORT_GAP,UNEXPECTED
2022-12-26 00:26:00,2022-12-26 00:28:00,2.0,UNEXPECTED_SHORT_GAP,UNEXPECTED
2022-12-26 00:29:00,2022-12-26 00:32:00,3.0,UNEXPECTED_SHORT_GAP,UNEXPECTED
2022-12-26 00:37:00,2022-12-26 00:39:00,2.0,UNEXPECTED_SHORT_GAP,UNEXPECTED
2022-12-26 01:18:00,2022-12-26 01:22:00,4.0,UNEXPECTED_SHORT_GAP,UNEXPECTED
2022-12-26 01:23:00,2022-12-26 01:26:00,3.0,UNEXPECTED_SHORT_GAP,UNEXPECTED
2022-12-26 01:48:00,2022-12-26 01:50:00,2.0,UNEXPECTED_SHORT_GAP,UNEXPECTED
2022-12-26 02:25:00,2022-12-26 02:28:00,3.0,UNEXPECTED_SHORT_GAP,UNEXPECTED
2022-12-26 02:28:00,2022-12-26 02:31:00,3.0,UNEXPECTED_SHORT_GAP,UNEXPECTED
2022-12-26 02:31:00,2022-12-26 02:35:00,4.0,UNEXPECTED_SHORT_GAP,UNEXPECTED
2022-12-26 02:36:00,2022-12-26 02:40:00,4.0,UNEXPECTED_SHORT_GAP,UNEXPECTED
2022-12-26 02:42:00,2022-12-26 02:45:00,3.0,UNEXPECTED_SHORT_GAP,UNEXPECTED
2022-12-26 02:48:00,2022-12-26 02:51:00,3.0,UNEXPECTED_SHORT_GAP,UNEXPECTED
2022-12-26 02:51:00,2022-12-26 02:54:00,3.0,UNEXPECTED_SHORT_GAP,UNEXPECTED
2022-12-26 02:55:00,2022-12-26 02:59:00,4.0,UNEXPECTED_SHORT_GAP,UNEXPECTED
2022-12-26 02:59:00,2022-12-26 03:02:00,3.0,UNEXPECTED_SHORT_GAP,UNEXPECTED
2022-12-26 03:07:00,2022-12-26 03:09:00,2.0,UNEXPECTED_SHORT_GAP,UNEXPECTED
2022-12-26 03:13:00,2022-12-26 03:15:00,2.0,UNEXPECTED_SHORT_GAP,UNEXPECTED
2022-12-26 03:15:00,2022-12-26 03:17:00,2.0,UNEXPECTED_SHORT_GAP,UNEXPECTED
2022-12-26 03:19:00,2022-12-26 03:22:00,3.0,UNEXPECTED_SHORT_GAP,UNEXPECTED
2022-12-26 03:22:00,2022-12-26 03:24:00,2.0,UNEXPECTED_SHORT_GAP,UNEXPECTED
2022-12-26 03:24:00,2022-12-26 03:26:00,2.0,UNEXPECTED_SHORT_GAP,UNEXPECTED
2022-12-26 03:26:00,2022-12-26 03:29:00,3.0,UNEXPECTED_SHORT_GAP,UNEXPECTED
2022-12-26 03:29:00,2022-12-26 03:31:00,2.0,UNEXPECTED_SHORT_GAP,UNEXPECTED
2022-12-26 03:31:00,2022-12-26 03:34:00,3.0,UNEXPECTED_SHORT_GAP,UNEXPECTED
2022-12-26 03:40:00,2022-12-26 03:42:00,2.0,UNEXPECTED_SHORT_GAP,UNEXPECTED
2022-12-26 03:43:00,2022-12-26 03:45:00,2.0,UNEXPECTED_SHORT_GAP,UNEXPECTED
2022-12-26 03:45:00,2022-12-26 03:47:00,2.0,UNEXPECTED_SHORT_GAP,UNEXPECTED
2022-12-26 04:00:00,2022-12-26 04:02:00,2.0,UNEXPECTED_SHORT_GAP,UNEXPECTED
2022-12-26 04:29:00,2022-12-26 04:31:00,2.0,UNEXPECTED_SHORT_GAP,UNEXPECTED
2022-12-26 05:06:00,2022-12-26 05:08:00,2.0,UNEXPECTED_SHORT_GAP,UNEXPECTED
2022-12-26 05:09:00,2022-12-26 05:11:00,2.0,UNEXPECTED_SHORT_GAP,UNEXPECTED
2022-12-26 05:13:00,2022-12-26 05:17:00,4.0,UNEXPECTED_SHORT_GAP,UNEXPECTED
2022-12-26 05:28:00,2022-12-26 05:30:00,2.0,UNEXPECTED_SHORT_GAP,UNEXPECTED
2022-12-26 05:36:00,2022-12-26 05:39:00,3.0,UNEXPECTED_SHORT_GAP,UNEXPECTED
2022-12-26 05:41:00,2022-12-26 05:43:00,2.0,UNEXPECTED_SHORT_GAP,UNEXPECTED
2022-12-26 05:50:00,2022-12-26 05:55:00,5.0,UNEXPECTED_SHORT_GAP,UNEXPECTED
2022-12-26 07:19:00,2022-12-26 07:21:00,2.0,UNEXPECTED_SHORT_GAP,UNEXPECTED
2022-12-26 08:07:00,2022-12-26 08:09:00,2.0,UNEXPECTED_SHORT_GAP,UNEXPECTED
2022-12-26 08:10:00,2022-12-26 08:16:00,6.0,UNEXPECTED_INTRADAY_GAP,UNEXPECTED
2022-12-26 08:17:00,2022-12-26 08:19:00,2.0,UNEXPECTED_SHORT_GAP,UNEXPECTED
2022-12-26 08:22:00,2022-12-26 08:24:00,2.0,UNEXPECTED_SHORT_GAP,UNEXPECTED
2022-12-26 09:02:00,2022-12-26 09:04:00,2.0,UNEXPECTED_SHORT_GAP,UNEXPECTED
2022-12-26 09:07:00,2022-12-26 09:09:00,2.0,UNEXPECTED_SHORT_GAP,UNEXPECTED
2022-12-26 09:20:00,2022-12-26 09:22:00,2.0,UNEXPECTED_SHORT_GAP,UNEXPECTED
2022-12-26 09:37:00,2022-12-26 09:39:00,2.0,UNEXPECTED_SHORT_GAP,UNEXPECTED
2022-12-26 09:55:00,2022-12-26 09:57:00,2.0,UNEXPECTED_SHORT_GAP,UNEXPECTED
2022-12-26 09:57:00,2022-12-26 09:59:00,2.0,UNEXPECTED_SHORT_GAP,UNEXPECTED
2022-12-26 11:53:00,2022-12-26 11:56:00,3.0,UNEXPECTED_SHORT_GAP,UNEXPECTED
2022-12-26 12:03:00,2022-12-26 12:05:00,2.0,UNEXPECTED_SHORT_GAP,UNEXPECTED
2022-12-26 12:18:00,2022-12-26 12:20:00,2.0,UNEXPECTED_SHORT_GAP,UNEXPECTED
2022-12-26 12:28:00,2022-12-26 12:33:00,5.0,UNEXPECTED_SHORT_GAP,UNEXPECTED
2022-12-26 12:33:00,2022-12-26 12:35:00,2.0,UNEXPECTED_SHORT_GAP,UNEXPECTED
2022-12-26 12:36:00,2022-12-26 12:41:00,5.0,UNEXPECTED_SHORT_GAP,UNEXPECTED
2022-12-26 12:51:00,2022-12-26 12:53:00,2.0,UNEXPECTED_SHORT_GAP,UNEXPECTED
2022-12-26 12:53:00,2022-12-26 12:55:00,2.0,UNEXPECTED_SHORT_GAP,UNEXPECTED
2022-12-26 13:12:00,2022-12-26 13:14:00,2.0,UNEXPECTED_SHORT_GAP,UNEXPECTED
2022-12-26 13:37:00,2022-12-26 13:39:00,2.0,UNEXPECTED_SHORT_GAP,UNEXPECTED
2022-12-26 14:16:00,2022-12-26 14:20:00,4.0,UNEXPECTED_SHORT_GAP,UNEXPECTED
2022-12-26 14:29:00,2022-12-26 14:31:00,2.0,UNEXPECTED_SHORT_GAP,UNEXPECTED
2022-12-26 14:31:00,2022-12-26 14:33:00,2.0,UNEXPECTED_SHORT_GAP,UNEXPECTED
2022-12-26 14:34:00,2022-12-26 14:37:00,3.0,UNEXPECTED_SHORT_GAP,UNEXPECTED
2022-12-26 14:45:00,2022-12-26 14:47:00,2.0,UNEXPECTED_SHORT_GAP,UNEXPECTED
2022-12-26 14:47:00,2022-12-26 14:49:00,2.0,UNEXPECTED_SHORT_GAP,UNEXPECTED
2022-12-26 14:49:00,2022-12-26 14:52:00,3.0,UNEXPECTED_SHORT_GAP,UNEXPECTED
2022-12-26 14:54:00,2022-12-26 14:56:00,2.0,UNEXPECTED_SHORT_GAP,UNEXPECTED
2022-12-26 14:56:00,2022-12-26 14:58:00,2.0,UNEXPECTED_SHORT_GAP,UNEXPECTED
2022-12-26 14:58:00,2022-12-26 15:00:00,2.0,UNEXPECTED_SHORT_GAP,UNEXPECTED
2022-12-26 15:04:00,2022-12-26 15:08:00,4.0,UNEXPECTED_SHORT_GAP,UNEXPECTED
2022-12-26 15:08:00,2022-12-26 15:11:00,3.0,UNEXPECTED_SHORT_GAP,UNEXPECTED
2022-12-26 15:12:00,2022-12-26 15:14:00,2.0,UNEXPECTED_SHORT_GAP,UNEXPECTED
2022-12-26 15:18:00,2022-12-26 15:20:00,2.0,UNEXPECTED_SHORT_GAP,UNEXPECTED
2022-12-26 15:20:00,2022-12-26 15:24:00,4.0,UNEXPECTED_SHORT_GAP,UNEXPECTED
2022-12-26 15:27:00,2022-12-26 15:29:00,2.0,UNEXPECTED_SHORT_GAP,UNEXPECTED
2022-12-26 15:31:00,2022-12-26 15:33:00,2.0,UNEXPECTED_SHORT_GAP,UNEXPECTED
2022-12-26 15:33:00,2022-12-26 15:43:00,10.0,UNEXPECTED_INTRADAY_GAP,UNEXPECTED
2022-12-26 15:43:00,2022-12-26 15:47:00,4.0,UNEXPECTED_SHORT_GAP,UNEXPECTED
2022-12-26 15:48:00,2022-12-26 15:50:00,2.0,UNEXPECTED_SHORT_GAP,UNEXPECTED
2022-12-26 15:53:00,2022-12-26 15:56:00,3.0,UNEXPECTED_SHORT_GAP,UNEXPECTED
2022-12-26 16:02:00,2022-12-26 16:06:00,4.0,UNEXPECTED_SHORT_GAP,UNEXPECTED
2022-12-26 16:06:00,2022-12-26 16:17:00,11.0,UNEXPECTED_INTRADAY_GAP,UNEXPECTED
2022-12-26 16:17:00,2022-12-26 16:21:00,4.0,UNEXPECTED_SHORT_GAP,UNEXPECTED
2022-12-26 16:24:00,2022-12-26 16:26:00,2.0,UNEXPECTED_SHORT_GAP,UNEXPECTED
2022-12-26 16:26:00,2022-12-26 16:35:00,9.0,UNEXPECTED_INTRADAY_GAP,UNEXPECTED
2022-12-26 16:37:00,2022-12-26 16:41:00,4.0,UNEXPECTED_SHORT_GAP,UNEXPECTED
2022-12-26 16:41:00,2022-12-26 16:46:00,5.0,UNEXPECTED_SHORT_GAP,UNEXPECTED
2022-12-26 16:46:00,2022-12-26 16:51:00,5.0,UNEXPECTED_SHORT_GAP,UNEXPECTED
2022-12-26 16:51:00,2022-12-26 16:53:00,2.0,UNEXPECTED_SHORT_GAP,UNEXPECTED
2022-12-26 16:53:00,2022-12-26 16:58:00,5.0,UNEXPECTED_SHORT_GAP,UNEXPECTED
2022-12-26 16:58:00,2022-12-26 17:00:00,2.0,UNEXPECTED_SHORT_GAP,UNEXPECTED
2022-12-26 18:42:00,2022-12-26 18:44:00,2.0,UNEXPECTED_SHORT_GAP,UNEXPECTED
2022-12-26 18:46:00,2022-12-26 18:48:00,2.0,UNEXPECTED_SHORT_GAP,UNEXPECTED
2022-12-26 19:20:00,2022-12-26 19:22:00,2.0,UNEXPECTED_SHORT_GAP,UNEXPECTED
2022-12-26 19:23:00,2022-12-26 19:26:00,3.0,UNEXPECTED_SHORT_GAP,UNEXPECTED
2022-12-26 19:26:00,2022-12-26 19:28:00,2.0,UNEXPECTED_SHORT_GAP,UNEXPECTED
2022-12-26 19:49:00,2022-12-26 19:52:00,3.0,UNEXPECTED_SHORT_GAP,UNEXPECTED
2022-12-26 19:56:00,2022-12-26 19:58:00,2.0,UNEXPECTED_SHORT_GAP,UNEXPECTED
2022-12-26 21:39:00,2022-12-26 21:41:00,2.0,UNEXPECTED_SHORT_GAP,UNEXPECTED
2022-12-26 21:45:00,2022-12-26 21:50:00,5.0,UNEXPECTED_SHORT_GAP,UNEXPECTED
2022-12-26 21:52:00,2022-12-26 21:55:00,3.0,UNEXPECTED_SHORT_GAP,UNEXPECTED
2022-12-26 22:00:00,2022-12-26 22:02:00,2.0,UNEXPECTED_SHORT_GAP,UNEXPECTED
2022-12-26 22:02:00,2022-12-26 22:04:00,2.0,UNEXPECTED_SHORT_GAP,UNEXPECTED
2022-12-26 22:07:00,2022-12-26 22:10:00,3.0,UNEXPECTED_SHORT_GAP,UNEXPECTED
2022-12-26 22:37:00,2022-12-26 22:39:00,2.0,UNEXPECTED_SHORT_GAP,UNEXPECTED
2022-12-26 22:50:00,2022-12-26 22:54:00,4.0,UNEXPECTED_SHORT_GAP,UNEXPECTED
2022-12-27 21:33:00,2022-12-27 21:35:00,2.0,UNEXPECTED_SHORT_GAP,UNEXPECTED
2022-12-27 21:35:00,2022-12-27 21:37:00,2.0,UNEXPECTED_SHORT_GAP,UNEXPECTED
2022-12-27 21:37:00,2022-12-27 21:39:00,2.0,UNEXPECTED_SHORT_GAP,UNEXPECTED
2022-12-27 22:00:00,2022-12-27 22:05:00,5.0,UNEXPECTED_SHORT_GAP,UNEXPECTED
2022-12-27 22:05:00,2022-12-27 22:09:00,4.0,UNEXPECTED_SHORT_GAP,UNEXPECTED
2022-12-27 22:11:00,2022-12-27 22:13:00,2.0,UNEXPECTED_SHORT_GAP,UNEXPECTED
2022-12-27 22:13:00,2022-12-27 22:15:00,2.0,UNEXPECTED_SHORT_GAP,UNEXPECTED
2022-12-27 22:21:00,2022-12-27 22:23:00,2.0,UNEXPECTED_SHORT_GAP,UNEXPECTED
2022-12-27 22:26:00,2022-12-27 22:30:00,4.0,UNEXPECTED_SHORT_GAP,UNEXPECTED
2022-12-27 22:30:00,2022-12-27 22:32:00,2.0,UNEXPECTED_SHORT_GAP,UNEXPECTED
2022-12-27 22:33:00,2022-12-27 22:35:00,2.0,UNEXPECTED_SHORT_GAP,UNEXPECTED
2022-12-27 22:36:00,2022-12-27 22:38:00,2.0,UNEXPECTED_SHORT_GAP,UNEXPECTED
2022-12-27 22:38:00,2022-12-27 22:42:00,4.0,UNEXPECTED_SHORT_GAP,UNEXPECTED
2022-12-27 22:42:00,2022-12-27 22:51:00,9.0,UNEXPECTED_INTRADAY_GAP,UNEXPECTED
2022-12-27 23:23:00,2022-12-27 23:25:00,2.0,UNEXPECTED_SHORT_GAP,UNEXPECTED
2022-12-27 23:32:00,2022-12-27 23:34:00,2.0,UNEXPECTED_SHORT_GAP,UNEXPECTED
2022-12-27 23:34:00,2022-12-27 23:39:00,5.0,UNEXPECTED_SHORT_GAP,UNEXPECTED
2022-12-27 23:50:00,2022-12-27 23:52:00,2.0,UNEXPECTED_SHORT_GAP,UNEXPECTED
2022-12-28 21:30:00,2022-12-28 21:32:00,2.0,UNEXPECTED_SHORT_GAP,UNEXPECTED
2022-12-28 21:59:00,2022-12-28 22:04:00,5.0,UNEXPECTED_SHORT_GAP,UNEXPECTED
2022-12-28 22:05:00,2022-12-28 22:10:00,5.0,UNEXPECTED_SHORT_GAP,UNEXPECTED
2022-12-28 22:15:00,2022-12-28 22:17:00,2.0,UNEXPECTED_SHORT_GAP,UNEXPECTED
2022-12-28 22:19:00,2022-12-28 22:23:00,4.0,UNEXPECTED_SHORT_GAP,UNEXPECTED
2022-12-28 22:23:00,2022-12-28 22:25:00,2.0,UNEXPECTED_SHORT_GAP,UNEXPECTED
2022-12-28 22:42:00,2022-12-28 22:44:00,2.0,UNEXPECTED_SHORT_GAP,UNEXPECTED
2022-12-28 22:51:00,2022-12-28 22:53:00,2.0,UNEXPECTED_SHORT_GAP,UNEXPECTED
2022-12-29 21:59:00,2022-12-29 22:04:00,5.0,UNEXPECTED_SHORT_GAP,UNEXPECTED
2022-12-29 22:05:00,2022-12-29 22:08:00,3.0,UNEXPECTED_SHORT_GAP,UNEXPECTED
2022-12-29 22:39:00,2022-12-29 22:41:00,2.0,UNEXPECTED_SHORT_GAP,UNEXPECTED
2022-12-29 23:02:00,2022-12-29 23:04:00,2.0,UNEXPECTED_SHORT_GAP,UNEXPECTED
2022-12-29 23:41:00,2022-12-29 23:43:00,2.0,UNEXPECTED_SHORT_GAP,UNEXPECTED
2022-12-29 23:51:00,2022-12-29 23:53:00,2.0,UNEXPECTED_SHORT_GAP,UNEXPECTED
2022-12-30 21:58:00,2023-01-01 22:09:00,2891.0,EXPECTED_WEEKEND_CLOSURE,EXPECTED
2023-01-01 22:17:00,2023-01-01 22:19:00,2.0,EXPECTED_WEEKEND_CLOSURE,EXPECTED
2023-01-01 22:23:00,2023-01-01 22:27:00,4.0,EXPECTED_WEEKEND_CLOSURE,EXPECTED
2023-01-01 22:53:00,2023-01-01 22:55:00,2.0,EXPECTED_WEEKEND_CLOSURE,EXPECTED
2023-01-01 23:08:00,2023-01-01 23:11:00,3.0,EXPECTED_WEEKEND_CLOSURE,EXPECTED
2023-01-01 23:37:00,2023-01-01 23:40:00,3.0,EXPECTED_WEEKEND_CLOSURE,EXPECTED
2023-01-01 23:42:00,2023-01-01 23:45:00,3.0,EXPECTED_WEEKEND_CLOSURE,EXPECTED
2023-01-01 23:45:00,2023-01-01 23:48:00,3.0,EXPECTED_WEEKEND_CLOSURE,EXPECTED
2023-01-01 23:48:00,2023-01-01 23:50:00,2.0,EXPECTED_WEEKEND_CLOSURE,EXPECTED
2023-01-01 23:50:00,2023-01-01 23:52:00,2.0,EXPECTED_WEEKEND_CLOSURE,EXPECTED
2023-01-01 23:52:00,2023-01-01 23:54:00,2.0,EXPECTED_WEEKEND_CLOSURE,EXPECTED
2023-01-02 00:05:00,2023-01-02 00:07:00,2.0,UNEXPECTED_SHORT_GAP,UNEXPECTED
2023-01-02 00:08:00,2023-01-02 00:10:00,2.0,UNEXPECTED_SHORT_GAP,UNEXPECTED
2023-01-02 00:12:00,2023-01-02 00:14:00,2.0,UNEXPECTED_SHORT_GAP,UNEXPECTED
2023-01-02 00:15:00,2023-01-02 00:17:00,2.0,UNEXPECTED_SHORT_GAP,UNEXPECTED
2023-01-02 00:21:00,2023-01-02 00:24:00,3.0,UNEXPECTED_SHORT_GAP,UNEXPECTED
2023-01-02 00:24:00,2023-01-02 00:26:00,2.0,UNEXPECTED_SHORT_GAP,UNEXPECTED
2023-01-02 00:26:00,2023-01-02 00:29:00,3.0,UNEXPECTED_SHORT_GAP,UNEXPECTED
2023-01-02 00:31:00,2023-01-02 00:35:00,4.0,UNEXPECTED_SHORT_GAP,UNEXPECTED
2023-01-02 00:36:00,2023-01-02 00:38:00,2.0,UNEXPECTED_SHORT_GAP,UNEXPECTED
2023-01-02 00:42:00,2023-01-02 00:45:00,3.0,UNEXPECTED_SHORT_GAP,UNEXPECTED
2023-01-02 00:45:00,2023-01-02 00:47:00,2.0,UNEXPECTED_SHORT_GAP,UNEXPECTED
2023-01-02 00:48:00,2023-01-02 00:51:00,3.0,UNEXPECTED_SHORT_GAP,UNEXPECTED
2023-01-02 00:51:00,2023-01-02 00:53:00,2.0,UNEXPECTED_SHORT_GAP,UNEXPECTED
2023-01-02 00:53:00,2023-01-02 00:55:00,2.0,UNEXPECTED_SHORT_GAP,UNEXPECTED
2023-01-02 00:55:00,2023-01-02 00:57:00,2.0,UNEXPECTED_SHORT_GAP,UNEXPECTED
2023-01-02 01:10:00,2023-01-02 01:12:00,2.0,UNEXPECTED_SHORT_GAP,UNEXPECTED
2023-01-02 01:18:00,2023-01-02 01:20:00,2.0,UNEXPECTED_SHORT_GAP,UNEXPECTED
2023-01-02 01:25:00,2023-01-02 01:27:00,2.0,UNEXPECTED_SHORT_GAP,UNEXPECTED
2023-01-02 01:27:00,2023-01-02 01:29:00,2.0,UNEXPECTED_SHORT_GAP,UNEXPECTED
2023-01-02 01:30:00,2023-01-02 01:32:00,2.0,UNEXPECTED_SHORT_GAP,UNEXPECTED
2023-01-02 01:34:00,2023-01-02 01:36:00,2.0,UNEXPECTED_SHORT_GAP,UNEXPECTED
2023-01-02 01:37:00,2023-01-02 01:39:00,2.0,UNEXPECTED_SHORT_GAP,UNEXPECTED
2023-01-02 01:40:00,2023-01-02 01:42:00,2.0,UNEXPECTED_SHORT_GAP,UNEXPECTED
2023-01-02 01:52:00,2023-01-02 01:55:00,3.0,UNEXPECTED_SHORT_GAP,UNEXPECTED
2023-01-02 02:05:00,2023-01-02 02:07:00,2.0,UNEXPECTED_SHORT_GAP,UNEXPECTED
2023-01-02 02:12:00,2023-01-02 02:14:00,2.0,UNEXPECTED_SHORT_GAP,UNEXPECTED
2023-01-02 02:14:00,2023-01-02 02:16:00,2.0,UNEXPECTED_SHORT_GAP,UNEXPECTED
2023-01-02 02:18:00,2023-01-02 02:21:00,3.0,UNEXPECTED_SHORT_GAP,UNEXPECTED
2023-01-02 02:22:00,2023-01-02 02:24:00,2.0,UNEXPECTED_SHORT_GAP,UNEXPECTED
2023-01-02 02:25:00,2023-01-02 02:27:00,2.0,UNEXPECTED_SHORT_GAP,UNEXPECTED
2023-01-02 02:29:00,2023-01-02 02:31:00,2.0,UNEXPECTED_SHORT_GAP,UNEXPECTED
2023-01-02 02:34:00,2023-01-02 02:36:00,2.0,UNEXPECTED_SHORT_GAP,UNEXPECTED
2023-01-02 02:36:00,2023-01-02 02:38:00,2.0,UNEXPECTED_SHORT_GAP,UNEXPECTED
2023-01-02 02:39:00,2023-01-02 02:42:00,3.0,UNEXPECTED_SHORT_GAP,UNEXPECTED
2023-01-02 02:46:00,2023-01-02 02:48:00,2.0,UNEXPECTED_SHORT_GAP,UNEXPECTED
2023-01-02 02:48:00,2023-01-02 02:50:00,2.0,UNEXPECTED_SHORT_GAP,UNEXPECTED
2023-01-02 02:51:00,2023-01-02 02:53:00,2.0,UNEXPECTED_SHORT_GAP,UNEXPECTED
2023-01-02 02:54:00,2023-01-02 02:57:00,3.0,UNEXPECTED_SHORT_GAP,UNEXPECTED
2023-01-02 03:04:00,2023-01-02 03:06:00,2.0,UNEXPECTED_SHORT_GAP,UNEXPECTED
2023-01-02 03:08:00,2023-01-02 03:11:00,3.0,UNEXPECTED_SHORT_GAP,UNEXPECTED
2023-01-02 03:12:00,2023-01-02 03:14:00,2.0,UNEXPECTED_SHORT_GAP,UNEXPECTED
2023-01-02 03:14:00,2023-01-02 03:17:00,3.0,UNEXPECTED_SHORT_GAP,UNEXPECTED
2023-01-02 03:17:00,2023-01-02 03:19:00,2.0,UNEXPECTED_SHORT_GAP,UNEXPECTED
2023-01-02 03:24:00,2023-01-02 03:27:00,3.0,UNEXPECTED_SHORT_GAP,UNEXPECTED
2023-01-02 03:27:00,2023-01-02 03:29:00,2.0,UNEXPECTED_SHORT_GAP,UNEXPECTED
2023-01-02 03:33:00,2023-01-02 03:35:00,2.0,UNEXPECTED_SHORT_GAP,UNEXPECTED
2023-01-02 03:39:00,2023-01-02 03:42:00,3.0,UNEXPECTED_SHORT_GAP,UNEXPECTED
2023-01-02 03:46:00,2023-01-02 03:48:00,2.0,UNEXPECTED_SHORT_GAP,UNEXPECTED
2023-01-02 03:48:00,2023-01-02 03:50:00,2.0,UNEXPECTED_SHORT_GAP,UNEXPECTED
2023-01-02 03:52:00,2023-01-02 03:55:00,3.0,UNEXPECTED_SHORT_GAP,UNEXPECTED
2023-01-02 03:56:00,2023-01-02 03:59:00,3.0,UNEXPECTED_SHORT_GAP,UNEXPECTED
2023-01-02 04:06:00,2023-01-02 04:08:00,2.0,UNEXPECTED_SHORT_GAP,UNEXPECTED
2023-01-02 04:08:00,2023-01-02 04:10:00,2.0,UNEXPECTED_SHORT_GAP,UNEXPECTED
2023-01-02 04:23:00,2023-01-02 04:25:00,2.0,UNEXPECTED_SHORT_GAP,UNEXPECTED
2023-01-02 04:27:00,2023-01-02 04:30:00,3.0,UNEXPECTED_SHORT_GAP,UNEXPECTED
2023-01-02 04:32:00,2023-01-02 04:35:00,3.0,UNEXPECTED_SHORT_GAP,UNEXPECTED
2023-01-02 05:08:00,2023-01-02 05:10:00,2.0,UNEXPECTED_SHORT_GAP,UNEXPECTED
2023-01-02 05:17:00,2023-01-02 05:20:00,3.0,UNEXPECTED_SHORT_GAP,UNEXPECTED
2023-01-02 05:53:00,2023-01-02 05:55:00,2.0,UNEXPECTED_SHORT_GAP,UNEXPECTED
2023-01-02 06:43:00,2023-01-02 06:46:00,3.0,UNEXPECTED_SHORT_GAP,UNEXPECTED
2023-01-02 06:52:00,2023-01-02 06:54:00,2.0,UNEXPECTED_SHORT_GAP,UNEXPECTED
2023-01-02 10:33:00,2023-01-02 10:37:00,4.0,UNEXPECTED_SHORT_GAP,UNEXPECTED
2023-01-02 10:37:00,2023-01-02 10:39:00,2.0,UNEXPECTED_SHORT_GAP,UNEXPECTED
2023-01-02 11:18:00,2023-01-02 11:20:00,2.0,UNEXPECTED_SHORT_GAP,UNEXPECTED
2023-01-02 11:29:00,2023-01-02 11:33:00,4.0,UNEXPECTED_SHORT_GAP,UNEXPECTED
2023-01-02 11:35:00,2023-01-02 11:38:00,3.0,UNEXPECTED_SHORT_GAP,UNEXPECTED
2023-01-02 11:45:00,2023-01-02 11:47:00,2.0,UNEXPECTED_SHORT_GAP,UNEXPECTED
2023-01-02 11:56:00,2023-01-02 11:58:00,2.0,UNEXPECTED_SHORT_GAP,UNEXPECTED
2023-01-02 12:07:00,2023-01-02 12:09:00,2.0,UNEXPECTED_SHORT_GAP,UNEXPECTED
2023-01-02 12:11:00,2023-01-02 12:13:00,2.0,UNEXPECTED_SHORT_GAP,UNEXPECTED
2023-01-02 12:37:00,2023-01-02 12:39:00,2.0,UNEXPECTED_SHORT_GAP,UNEXPECTED
2023-01-02 12:39:00,2023-01-02 12:41:00,2.0,UNEXPECTED_SHORT_GAP,UNEXPECTED
2023-01-02 12:43:00,2023-01-02 12:45:00,2.0,UNEXPECTED_SHORT_GAP,UNEXPECTED
2023-01-02 12:48:00,2023-01-02 12:50:00,2.0,UNEXPECTED_SHORT_GAP,UNEXPECTED
2023-01-02 12:57:00,2023-01-02 12:59:00,2.0,UNEXPECTED_SHORT_GAP,UNEXPECTED
2023-01-02 13:10:00,2023-01-02 13:12:00,2.0,UNEXPECTED_SHORT_GAP,UNEXPECTED
2023-01-02 13:19:00,2023-01-02 13:21:00,2.0,UNEXPECTED_SHORT_GAP,UNEXPECTED
2023-01-02 13:25:00,2023-01-02 13:28:00,3.0,UNEXPECTED_SHORT_GAP,UNEXPECTED
2023-01-02 13:31:00,2023-01-02 13:33:00,2.0,UNEXPECTED_SHORT_GAP,UNEXPECTED
2023-01-02 13:36:00,2023-01-02 13:38:00,2.0,UNEXPECTED_SHORT_GAP,UNEXPECTED
2023-01-02 13:49:00,2023-01-02 13:53:00,4.0,UNEXPECTED_SHORT_GAP,UNEXPECTED
2023-01-02 13:54:00,2023-01-02 13:56:00,2.0,UNEXPECTED_SHORT_GAP,UNEXPECTED
2023-01-02 13:58:00,2023-01-02 14:00:00,2.0,UNEXPECTED_SHORT_GAP,UNEXPECTED
2023-01-02 14:11:00,2023-01-02 14:13:00,2.0,UNEXPECTED_SHORT_GAP,UNEXPECTED
2023-01-02 14:17:00,2023-01-02 14:19:00,2.0,UNEXPECTED_SHORT_GAP,UNEXPECTED
2023-01-02 14:35:00,2023-01-02 14:38:00,3.0,UNEXPECTED_SHORT_GAP,UNEXPECTED
2023-01-02 14:38:00,2023-01-02 14:40:00,2.0,UNEXPECTED_SHORT_GAP,UNEXPECTED
2023-01-02 15:27:00,2023-01-02 15:29:00,2.0,UNEXPECTED_SHORT_GAP,UNEXPECTED
2023-01-02 15:31:00,2023-01-02 15:34:00,3.0,UNEXPECTED_SHORT_GAP,UNEXPECTED
2023-01-02 15:35:00,2023-01-02 15:37:00,2.0,UNEXPECTED_SHORT_GAP,UNEXPECTED
2023-01-02 15:37:00,2023-01-02 15:39:00,2.0,UNEXPECTED_SHORT_GAP,UNEXPECTED
2023-01-02 15:45:00,2023-01-02 15:47:00,2.0,UNEXPECTED_SHORT_GAP,UNEXPECTED
2023-01-02 15:51:00,2023-01-02 15:53:00,2.0,UNEXPECTED_SHORT_GAP,UNEXPECTED
2023-01-02 15:53:00,2023-01-02 15:55:00,2.0,UNEXPECTED_SHORT_GAP,UNEXPECTED
2023-01-02 16:54:00,2023-01-02 16:56:00,2.0,UNEXPECTED_SHORT_GAP,UNEXPECTED
2023-01-02 17:15:00,2023-01-02 17:17:00,2.0,UNEXPECTED_SHORT_GAP,UNEXPECTED
2023-01-02 17:41:00,2023-01-02 17:43:00,2.0,UNEXPECTED_SHORT_GAP,UNEXPECTED
2023-01-02 17:48:00,2023-01-02 17:51:00,3.0,UNEXPECTED_SHORT_GAP,UNEXPECTED
2023-01-02 18:41:00,2023-01-02 18:43:00,2.0,UNEXPECTED_SHORT_GAP,UNEXPECTED
2023-01-02 18:45:00,2023-01-02 18:47:00,2.0,UNEXPECTED_SHORT_GAP,UNEXPECTED
2023-01-02 18:47:00,2023-01-02 18:49:00,2.0,UNEXPECTED_SHORT_GAP,UNEXPECTED
2023-01-02 18:51:00,2023-01-02 18:53:00,2.0,UNEXPECTED_SHORT_GAP,UNEXPECTED
2023-01-02 18:56:00,2023-01-02 18:58:00,2.0,UNEXPECTED_SHORT_GAP,UNEXPECTED
2023-01-02 19:18:00,2023-01-02 19:20:00,2.0,UNEXPECTED_SHORT_GAP,UNEXPECTED
2023-01-02 19:23:00,2023-01-02 19:25:00,2.0,UNEXPECTED_SHORT_GAP,UNEXPECTED
2023-01-02 19:34:00,2023-01-02 19:37:00,3.0,UNEXPECTED_SHORT_GAP,UNEXPECTED
2023-01-02 19:37:00,2023-01-02 19:40:00,3.0,UNEXPECTED_SHORT_GAP,UNEXPECTED
2023-01-02 19:44:00,2023-01-02 19:49:00,5.0,UNEXPECTED_SHORT_GAP,UNEXPECTED
2023-01-02 19:50:00,2023-01-02 19:52:00,2.0,UNEXPECTED_SHORT_GAP,UNEXPECTED
2023-01-02 20:00:00,2023-01-02 20:04:00,4.0,UNEXPECTED_SHORT_GAP,UNEXPECTED
2023-01-02 20:06:00,2023-01-02 20:09:00,3.0,UNEXPECTED_SHORT_GAP,UNEXPECTED
2023-01-02 20:26:00,2023-01-02 20:30:00,4.0,UNEXPECTED_SHORT_GAP,UNEXPECTED
2023-01-02 20:35:00,2023-01-02 20:37:00,2.0,UNEXPECTED_SHORT_GAP,UNEXPECTED
2023-01-02 20:44:00,2023-01-02 20:47:00,3.0,UNEXPECTED_SHORT_GAP,UNEXPECTED
2023-01-02 20:47:00,2023-01-02 20:51:00,4.0,UNEXPECTED_SHORT_GAP,UNEXPECTED
2023-01-02 20:53:00,2023-01-02 20:55:00,2.0,UNEXPECTED_SHORT_GAP,UNEXPECTED
2023-01-02 20:56:00,2023-01-02 20:58:00,2.0,UNEXPECTED_SHORT_GAP,UNEXPECTED
2023-01-02 20:58:00,2023-01-02 21:00:00,2.0,UNEXPECTED_SHORT_GAP,UNEXPECTED
2023-01-02 21:03:00,2023-01-02 21:06:00,3.0,UNEXPECTED_SHORT_GAP,UNEXPECTED
2023-01-02 21:07:00,2023-01-02 21:09:00,2.0,UNEXPECTED_SHORT_GAP,UNEXPECTED
2023-01-02 21:14:00,2023-01-02 21:17:00,3.0,UNEXPECTED_SHORT_GAP,UNEXPECTED
2023-01-02 21:20:00,2023-01-02 21:25:00,5.0,UNEXPECTED_SHORT_GAP,UNEXPECTED
2023-01-02 21:27:00,2023-01-02 21:29:00,2.0,UNEXPECTED_SHORT_GAP,UNEXPECTED
2023-01-02 21:31:00,2023-01-02 21:33:00,2.0,UNEXPECTED_SHORT_GAP,UNEXPECTED
2023-01-02 21:37:00,2023-01-02 21:39:00,2.0,UNEXPECTED_SHORT_GAP,UNEXPECTED
2023-01-02 21:43:00,2023-01-02 21:45:00,2.0,UNEXPECTED_SHORT_GAP,UNEXPECTED
2023-01-02 21:46:00,2023-01-02 21:48:00,2.0,UNEXPECTED_SHORT_GAP,UNEXPECTED
2023-01-02 21:51:00,2023-01-02 21:53:00,2.0,UNEXPECTED_SHORT_GAP,UNEXPECTED
2023-01-02 21:59:00,2023-01-02 22:01:00,2.0,UNEXPECTED_SHORT_GAP,UNEXPECTED
2023-01-02 22:02:00,2023-01-02 22:04:00,2.0,UNEXPECTED_SHORT_GAP,UNEXPECTED
2023-01-02 22:05:00,2023-01-02 22:07:00,2.0,UNEXPECTED_SHORT_GAP,UNEXPECTED
2023-01-02 22:13:00,2023-01-02 22:15:00,2.0,UNEXPECTED_SHORT_GAP,UNEXPECTED
2023-01-02 22:15:00,2023-01-02 22:20:00,5.0,UNEXPECTED_SHORT_GAP,UNEXPECTED
2023-01-02 22:34:00,2023-01-02 22:36:00,2.0,UNEXPECTED_SHORT_GAP,UNEXPECTED
2023-01-02 22:37:00,2023-01-02 22:39:00,2.0,UNEXPECTED_SHORT_GAP,UNEXPECTED
2023-01-02 22:39:00,2023-01-02 22:43:00,4.0,UNEXPECTED_SHORT_GAP,UNEXPECTED
2023-01-02 22:46:00,2023-01-02 22:48:00,2.0,UNEXPECTED_SHORT_GAP,UNEXPECTED
2023-01-02 22:49:00,2023-01-02 22:52:00,3.0,UNEXPECTED_SHORT_GAP,UNEXPECTED
2023-01-03 22:01:00,2023-01-03 22:05:00,4.0,UNEXPECTED_SHORT_GAP,UNEXPECTED
2023-01-03 22:09:00,2023-01-03 22:12:00,3.0,UNEXPECTED_SHORT_GAP,UNEXPECTED
2023-01-03 22:13:00,2023-01-03 22:15:00,2.0,UNEXPECTED_SHORT_GAP,UNEXPECTED
2023-01-03 22:16:00,2023-01-03 22:18:00,2.0,UNEXPECTED_SHORT_GAP,UNEXPECTED
2023-01-03 22:20:00,2023-01-03 22:23:00,3.0,UNEXPECTED_SHORT_GAP,UNEXPECTED
2023-01-03 22:52:00,2023-01-03 22:54:00,2.0,UNEXPECTED_SHORT_GAP,UNEXPECTED
2023-01-03 22:54:00,2023-01-03 22:56:00,2.0,UNEXPECTED_SHORT_GAP,UNEXPECTED
2023-01-03 22:56:00,2023-01-03 22:58:00,2.0,UNEXPECTED_SHORT_GAP,UNEXPECTED
2023-01-04 21:31:00,2023-01-04 21:33:00,2.0,UNEXPECTED_SHORT_GAP,UNEXPECTED
2023-01-04 22:02:00,2023-01-04 22:05:00,3.0,UNEXPECTED_SHORT_GAP,UNEXPECTED
2023-01-04 22:06:00,2023-01-04 22:09:00,3.0,UNEXPECTED_SHORT_GAP,UNEXPECTED
2023-01-04 22:12:00,2023-01-04 22:15:00,3.0,UNEXPECTED_SHORT_GAP,UNEXPECTED
2023-01-04 22:17:00,2023-01-04 22:19:00,2.0,UNEXPECTED_SHORT_GAP,UNEXPECTED
2023-01-04 22:23:00,2023-01-04 22:25:00,2.0,UNEXPECTED_SHORT_GAP,UNEXPECTED
2023-01-04 22:27:00,2023-01-04 22:29:00,2.0,UNEXPECTED_SHORT_GAP,UNEXPECTED
2023-01-05 21:39:00,2023-01-05 21:41:00,2.0,UNEXPECTED_SHORT_GAP,UNEXPECTED
2023-01-05 21:48:00,2023-01-05 21:50:00,2.0,UNEXPECTED_SHORT_GAP,UNEXPECTED
2023-01-05 21:51:00,2023-01-05 21:53:00,2.0,UNEXPECTED_SHORT_GAP,UNEXPECTED
2023-01-05 22:00:00,2023-01-05 22:03:00,3.0,UNEXPECTED_SHORT_GAP,UNEXPECTED
2023-01-05 22:03:00,2023-01-05 22:06:00,3.0,UNEXPECTED_SHORT_GAP,UNEXPECTED
2023-01-05 22:06:00,2023-01-05 22:08:00,2.0,UNEXPECTED_SHORT_GAP,UNEXPECTED
2023-01-05 22:09:00,2023-01-05 22:13:00,4.0,UNEXPECTED_SHORT_GAP,UNEXPECTED
2023-01-05 22:49:00,2023-01-05 22:51:00,2.0,UNEXPECTED_SHORT_GAP,UNEXPECTED
2023-01-05 22:51:00,2023-01-05 22:53:00,2.0,UNEXPECTED_SHORT_GAP,UNEXPECTED
2023-01-05 23:52:00,2023-01-05 23:54:00,2.0,UNEXPECTED_SHORT_GAP,UNEXPECTED
2023-01-05 23:55:00,2023-01-05 23:57:00,2.0,UNEXPECTED_SHORT_GAP,UNEXPECTED
2023-01-06 21:26:00,2023-01-06 21:28:00,2.0,UNEXPECTED_SHORT_GAP,UNEXPECTED
2023-01-06 21:58:00,2023-01-08 22:08:00,2890.0,EXPECTED_WEEKEND_CLOSURE,EXPECTED
2023-01-08 22:09:00,2023-01-08 22:11:00,2.0,EXPECTED_WEEKEND_CLOSURE,EXPECTED
2023-01-08 22:11:00,2023-01-08 22:16:00,5.0,EXPECTED_WEEKEND_CLOSURE,EXPECTED
2023-01-08 22:22:00,2023-01-08 22:24:00,2.0,EXPECTED_WEEKEND_CLOSURE,EXPECTED
2023-01-08 22:27:00,2023-01-08 22:29:00,2.0,EXPECTED_WEEKEND_CLOSURE,EXPECTED
2023-01-09 22:02:00,2023-01-09 22:05:00,3.0,UNEXPECTED_SHORT_GAP,UNEXPECTED
2023-01-09 22:06:00,2023-01-09 22:10:00,4.0,UNEXPECTED_SHORT_GAP,UNEXPECTED
2023-01-09 22:12:00,2023-01-09 22:15:00,3.0,UNEXPECTED_SHORT_GAP,UNEXPECTED
2023-01-09 22:15:00,2023-01-09 22:17:00,2.0,UNEXPECTED_SHORT_GAP,UNEXPECTED
2023-01-09 22:20:00,2023-01-09 22:22:00,2.0,UNEXPECTED_SHORT_GAP,UNEXPECTED
2023-01-09 22:24:00,2023-01-09 22:26:00,2.0,UNEXPECTED_SHORT_GAP,UNEXPECTED
2023-01-09 22:33:00,2023-01-09 22:35:00,2.0,UNEXPECTED_SHORT_GAP,UNEXPECTED
2023-01-09 22:40:00,2023-01-09 22:42:00,2.0,UNEXPECTED_SHORT_GAP,UNEXPECTED
2023-01-09 22:46:00,2023-01-09 22:50:00,4.0,UNEXPECTED_SHORT_GAP,UNEXPECTED
2023-01-09 22:54:00,2023-01-09 22:58:00,4.0,UNEXPECTED_SHORT_GAP,UNEXPECTED
2023-01-09 23:44:00,2023-01-09 23:46:00,2.0,UNEXPECTED_SHORT_GAP,UNEXPECTED
2023-01-09 23:51:00,2023-01-09 23:53:00,2.0,UNEXPECTED_SHORT_GAP,UNEXPECTED
2023-01-10 22:00:00,2023-01-10 22:03:00,3.0,UNEXPECTED_SHORT_GAP,UNEXPECTED
2023-01-10 22:03:00,2023-01-10 22:05:00,2.0,UNEXPECTED_SHORT_GAP,UNEXPECTED
2023-01-10 22:07:00,2023-01-10 22:10:00,3.0,UNEXPECTED_SHORT_GAP,UNEXPECTED
2023-01-10 22:14:00,2023-01-10 22:16:00,2.0,UNEXPECTED_SHORT_GAP,UNEXPECTED
2023-01-10 22:17:00,2023-01-10 22:19:00,2.0,UNEXPECTED_SHORT_GAP,UNEXPECTED
2023-01-10 22:23:00,2023-01-10 22:25:00,2.0,UNEXPECTED_SHORT_GAP,UNEXPECTED
2023-01-10 22:38:00,2023-01-10 22:40:00,2.0,UNEXPECTED_SHORT_GAP,UNEXPECTED
2023-01-10 22:40:00,2023-01-10 22:42:00,2.0,UNEXPECTED_SHORT_GAP,UNEXPECTED
2023-01-10 23:03:00,2023-01-10 23:05:00,2.0,UNEXPECTED_SHORT_GAP,UNEXPECTED
2023-01-10 23:24:00,2023-01-10 23:26:00,2.0,UNEXPECTED_SHORT_GAP,UNEXPECTED
2023-01-10 23:50:00,2023-01-10 23:53:00,3.0,UNEXPECTED_SHORT_GAP,UNEXPECTED
2023-01-11 22:02:00,2023-01-11 22:05:00,3.0,UNEXPECTED_SHORT_GAP,UNEXPECTED
2023-01-11 22:05:00,2023-01-11 22:07:00,2.0,UNEXPECTED_SHORT_GAP,UNEXPECTED
2023-01-11 22:23:00,2023-01-11 22:25:00,2.0,UNEXPECTED_SHORT_GAP,UNEXPECTED
2023-01-11 22:51:00,2023-01-11 22:53:00,2.0,UNEXPECTED_SHORT_GAP,UNEXPECTED
2023-01-12 22:00:00,2023-01-12 22:02:00,2.0,UNEXPECTED_SHORT_GAP,UNEXPECTED
2023-01-12 22:03:00,2023-01-12 22:05:00,2.0,UNEXPECTED_SHORT_GAP,UNEXPECTED
2023-01-12 22:05:00,2023-01-12 22:09:00,4.0,UNEXPECTED_SHORT_GAP,UNEXPECTED
2023-01-12 22:18:00,2023-01-12 22:20:00,2.0,UNEXPECTED_SHORT_GAP,UNEXPECTED
2023-01-12 22:21:00,2023-01-12 22:24:00,3.0,UNEXPECTED_SHORT_GAP,UNEXPECTED
2023-01-12 22:39:00,2023-01-12 22:41:00,2.0,UNEXPECTED_SHORT_GAP,UNEXPECTED
2023-01-12 22:41:00,2023-01-12 22:43:00,2.0,UNEXPECTED_SHORT_GAP,UNEXPECTED
2023-01-13 21:58:00,2023-01-15 22:08:00,2890.0,EXPECTED_WEEKEND_CLOSURE,EXPECTED
2023-01-15 22:17:00,2023-01-15 22:19:00,2.0,EXPECTED_WEEKEND_CLOSURE,EXPECTED
2023-01-15 22:24:00,2023-01-15 22:30:00,6.0,EXPECTED_WEEKEND_CLOSURE,EXPECTED
2023-01-15 22:30:00,2023-01-15 22:32:00,2.0,EXPECTED_WEEKEND_CLOSURE,EXPECTED
2023-01-15 22:35:00,2023-01-15 22:38:00,3.0,EXPECTED_WEEKEND_CLOSURE,EXPECTED
2023-01-15 22:39:00,2023-01-15 22:42:00,3.0,EXPECTED_WEEKEND_CLOSURE,EXPECTED
2023-01-15 22:42:00,2023-01-15 22:44:00,2.0,EXPECTED_WEEKEND_CLOSURE,EXPECTED
2023-01-15 22:44:00,2023-01-15 22:52:00,8.0,EXPECTED_WEEKEND_CLOSURE,EXPECTED
2023-01-15 22:53:00,2023-01-15 22:58:00,5.0,EXPECTED_WEEKEND_CLOSURE,EXPECTED
2023-01-16 18:55:00,2023-01-16 18:58:00,3.0,UNEXPECTED_SHORT_GAP,UNEXPECTED
2023-01-16 19:08:00,2023-01-16 19:10:00,2.0,UNEXPECTED_SHORT_GAP,UNEXPECTED
2023-01-16 19:15:00,2023-01-16 19:17:00,2.0,UNEXPECTED_SHORT_GAP,UNEXPECTED
2023-01-16 19:22:00,2023-01-16 19:25:00,3.0,UNEXPECTED_SHORT_GAP,UNEXPECTED
2023-01-16 20:04:00,2023-01-16 20:06:00,2.0,UNEXPECTED_SHORT_GAP,UNEXPECTED
2023-01-16 20:09:00,2023-01-16 20:11:00,2.0,UNEXPECTED_SHORT_GAP,UNEXPECTED
2023-01-16 20:11:00,2023-01-16 20:13:00,2.0,UNEXPECTED_SHORT_GAP,UNEXPECTED
2023-01-16 20:15:00,2023-01-16 20:17:00,2.0,UNEXPECTED_SHORT_GAP,UNEXPECTED
2023-01-16 20:18:00,2023-01-16 20:20:00,2.0,UNEXPECTED_SHORT_GAP,UNEXPECTED
2023-01-16 20:21:00,2023-01-16 20:23:00,2.0,UNEXPECTED_SHORT_GAP,UNEXPECTED
2023-01-16 20:29:00,2023-01-16 20:31:00,2.0,UNEXPECTED_SHORT_GAP,UNEXPECTED
2023-01-16 20:37:00,2023-01-16 20:39:00,2.0,UNEXPECTED_SHORT_GAP,UNEXPECTED
2023-01-16 20:39:00,2023-01-16 20:41:00,2.0,UNEXPECTED_SHORT_GAP,UNEXPECTED
2023-01-16 20:42:00,2023-01-16 20:44:00,2.0,UNEXPECTED_SHORT_GAP,UNEXPECTED
2023-01-16 21:13:00,2023-01-16 21:15:00,2.0,UNEXPECTED_SHORT_GAP,UNEXPECTED
2023-01-16 21:18:00,2023-01-16 21:20:00,2.0,UNEXPECTED_SHORT_GAP,UNEXPECTED
2023-01-16 21:21:00,2023-01-16 21:23:00,2.0,UNEXPECTED_SHORT_GAP,UNEXPECTED
2023-01-16 21:23:00,2023-01-16 21:26:00,3.0,UNEXPECTED_SHORT_GAP,UNEXPECTED
2023-01-16 21:29:00,2023-01-16 21:31:00,2.0,UNEXPECTED_SHORT_GAP,UNEXPECTED
2023-01-16 21:35:00,2023-01-16 21:37:00,2.0,UNEXPECTED_SHORT_GAP,UNEXPECTED
2023-01-16 21:39:00,2023-01-16 21:41:00,2.0,UNEXPECTED_SHORT_GAP,UNEXPECTED
2023-01-16 21:54:00,2023-01-16 21:56:00,2.0,UNEXPECTED_SHORT_GAP,UNEXPECTED
2023-01-16 22:01:00,2023-01-16 22:05:00,4.0,UNEXPECTED_SHORT_GAP,UNEXPECTED
2023-01-16 22:54:00,2023-01-16 22:56:00,2.0,UNEXPECTED_SHORT_GAP,UNEXPECTED
2023-01-17 22:03:00,2023-01-17 22:05:00,2.0,UNEXPECTED_SHORT_GAP,UNEXPECTED
2023-01-17 23:36:00,2023-01-17 23:38:00,2.0,UNEXPECTED_SHORT_GAP,UNEXPECTED
2023-01-18 22:01:00,2023-01-18 22:04:00,3.0,UNEXPECTED_SHORT_GAP,UNEXPECTED
2023-01-18 22:06:00,2023-01-18 22:08:00,2.0,UNEXPECTED_SHORT_GAP,UNEXPECTED
2023-01-18 22:13:00,2023-01-18 22:15:00,2.0,UNEXPECTED_SHORT_GAP,UNEXPECTED
2023-01-18 22:16:00,2023-01-18 22:18:00,2.0,UNEXPECTED_SHORT_GAP,UNEXPECTED
2023-01-18 22:18:00,2023-01-18 22:21:00,3.0,UNEXPECTED_SHORT_GAP,UNEXPECTED
2023-01-18 22:22:00,2023-01-18 22:24:00,2.0,UNEXPECTED_SHORT_GAP,UNEXPECTED
2023-01-18 22:28:00,2023-01-18 22:30:00,2.0,UNEXPECTED_SHORT_GAP,UNEXPECTED
2023-01-18 22:30:00,2023-01-18 22:32:00,2.0,UNEXPECTED_SHORT_GAP,UNEXPECTED
2023-01-18 22:35:00,2023-01-18 22:39:00,4.0,UNEXPECTED_SHORT_GAP,UNEXPECTED
2023-01-18 22:55:00,2023-01-18 22:57:00,2.0,UNEXPECTED_SHORT_GAP,UNEXPECTED
2023-01-18 23:01:00,2023-01-18 23:03:00,2.0,UNEXPECTED_SHORT_GAP,UNEXPECTED
2023-01-18 23:08:00,2023-01-18 23:10:00,2.0,UNEXPECTED_SHORT_GAP,UNEXPECTED
2023-01-18 23:32:00,2023-01-18 23:34:00,2.0,UNEXPECTED_SHORT_GAP,UNEXPECTED
2023-01-18 23:48:00,2023-01-18 23:50:00,2.0,UNEXPECTED_SHORT_GAP,UNEXPECTED
2023-01-19 22:00:00,2023-01-19 22:02:00,2.0,UNEXPECTED_SHORT_GAP,UNEXPECTED
2023-01-19 22:02:00,2023-01-19 22:05:00,3.0,UNEXPECTED_SHORT_GAP,UNEXPECTED
2023-01-19 22:11:00,2023-01-19 22:13:00,2.0,UNEXPECTED_SHORT_GAP,UNEXPECTED
2023-01-19 22:14:00,2023-01-19 22:16:00,2.0,UNEXPECTED_SHORT_GAP,UNEXPECTED
2023-01-19 22:16:00,2023-01-19 22:18:00,2.0,UNEXPECTED_SHORT_GAP,UNEXPECTED
2023-01-19 22:18:00,2023-01-19 22:21:00,3.0,UNEXPECTED_SHORT_GAP,UNEXPECTED
2023-01-19 22:21:00,2023-01-19 22:23:00,2.0,UNEXPECTED_SHORT_GAP,UNEXPECTED
2023-01-19 22:24:00,2023-01-19 22:28:00,4.0,UNEXPECTED_SHORT_GAP,UNEXPECTED
2023-01-19 22:28:00,2023-01-19 22:30:00,2.0,UNEXPECTED_SHORT_GAP,UNEXPECTED
2023-01-19 22:30:00,2023-01-19 22:32:00,2.0,UNEXPECTED_SHORT_GAP,UNEXPECTED
2023-01-19 22:37:00,2023-01-19 22:39:00,2.0,UNEXPECTED_SHORT_GAP,UNEXPECTED
2023-01-19 23:08:00,2023-01-19 23:10:00,2.0,UNEXPECTED_SHORT_GAP,UNEXPECTED
2023-01-19 23:25:00,2023-01-19 23:27:00,2.0,UNEXPECTED_SHORT_GAP,UNEXPECTED
2023-01-19 23:27:00,2023-01-19 23:30:00,3.0,UNEXPECTED_SHORT_GAP,UNEXPECTED
2023-01-19 23:49:00,2023-01-19 23:51:00,2.0,UNEXPECTED_SHORT_GAP,UNEXPECTED
2023-01-20 21:21:00,2023-01-20 21:23:00,2.0,UNEXPECTED_SHORT_GAP,UNEXPECTED
2023-01-20 21:58:00,2023-01-22 22:06:00,2888.0,EXPECTED_WEEKEND_CLOSURE,EXPECTED
2023-01-22 22:16:00,2023-01-22 22:19:00,3.0,EXPECTED_WEEKEND_CLOSURE,EXPECTED
2023-01-22 22:19:00,2023-01-22 22:21:00,2.0,EXPECTED_WEEKEND_CLOSURE,EXPECTED
2023-01-22 22:22:00,2023-01-22 22:25:00,3.0,EXPECTED_WEEKEND_CLOSURE,EXPECTED
2023-01-22 22:52:00,2023-01-22 22:54:00,2.0,EXPECTED_WEEKEND_CLOSURE,EXPECTED
2023-01-23 21:41:00,2023-01-23 21:43:00,2.0,UNEXPECTED_SHORT_GAP,UNEXPECTED
2023-01-23 21:59:00,2023-01-23 22:01:00,2.0,UNEXPECTED_SHORT_GAP,UNEXPECTED
2023-01-23 22:03:00,2023-01-23 22:05:00,2.0,UNEXPECTED_SHORT_GAP,UNEXPECTED
2023-01-23 22:18:00,2023-01-23 22:20:00,2.0,UNEXPECTED_SHORT_GAP,UNEXPECTED
2023-01-23 22:52:00,2023-01-23 22:54:00,2.0,UNEXPECTED_SHORT_GAP,UNEXPECTED
2023-01-24 21:23:00,2023-01-24 21:25:00,2.0,UNEXPECTED_SHORT_GAP,UNEXPECTED
2023-01-24 21:37:00,2023-01-24 21:39:00,2.0,UNEXPECTED_SHORT_GAP,UNEXPECTED
2023-01-24 22:03:00,2023-01-24 22:05:00,2.0,UNEXPECTED_SHORT_GAP,UNEXPECTED
2023-01-24 22:05:00,2023-01-24 22:07:00,2.0,UNEXPECTED_SHORT_GAP,UNEXPECTED
2023-01-24 22:10:00,2023-01-24 22:12:00,2.0,UNEXPECTED_SHORT_GAP,UNEXPECTED
2023-01-24 22:12:00,2023-01-24 22:14:00,2.0,UNEXPECTED_SHORT_GAP,UNEXPECTED
2023-01-24 22:14:00,2023-01-24 22:16:00,2.0,UNEXPECTED_SHORT_GAP,UNEXPECTED
2023-01-24 22:26:00,2023-01-24 22:30:00,4.0,UNEXPECTED_SHORT_GAP,UNEXPECTED
2023-01-25 21:59:00,2023-01-25 22:05:00,6.0,UNEXPECTED_INTRADAY_GAP,UNEXPECTED
2023-01-25 22:05:00,2023-01-25 22:07:00,2.0,UNEXPECTED_SHORT_GAP,UNEXPECTED
2023-01-25 22:07:00,2023-01-25 22:09:00,2.0,UNEXPECTED_SHORT_GAP,UNEXPECTED
2023-01-25 22:10:00,2023-01-25 22:12:00,2.0,UNEXPECTED_SHORT_GAP,UNEXPECTED
2023-01-25 22:12:00,2023-01-25 22:14:00,2.0,UNEXPECTED_SHORT_GAP,UNEXPECTED
2023-01-25 22:16:00,2023-01-25 22:18:00,2.0,UNEXPECTED_SHORT_GAP,UNEXPECTED
2023-01-25 22:18:00,2023-01-25 22:22:00,4.0,UNEXPECTED_SHORT_GAP,UNEXPECTED
2023-01-25 22:22:00,2023-01-25 22:24:00,2.0,UNEXPECTED_SHORT_GAP,UNEXPECTED
2023-01-25 22:41:00,2023-01-25 22:43:00,2.0,UNEXPECTED_SHORT_GAP,UNEXPECTED
2023-01-25 23:03:00,2023-01-25 23:05:00,2.0,UNEXPECTED_SHORT_GAP,UNEXPECTED
2023-01-25 23:25:00,2023-01-25 23:27:00,2.0,UNEXPECTED_SHORT_GAP,UNEXPECTED
2023-01-25 23:53:00,2023-01-25 23:55:00,2.0,UNEXPECTED_SHORT_GAP,UNEXPECTED
2023-01-26 21:50:00,2023-01-26 21:52:00,2.0,UNEXPECTED_SHORT_GAP,UNEXPECTED
2023-01-26 22:03:00,2023-01-26 22:05:00,2.0,UNEXPECTED_SHORT_GAP,UNEXPECTED
2023-01-26 22:06:00,2023-01-26 22:08:00,2.0,UNEXPECTED_SHORT_GAP,UNEXPECTED
2023-01-26 22:11:00,2023-01-26 22:13:00,2.0,UNEXPECTED_SHORT_GAP,UNEXPECTED
2023-01-26 22:14:00,2023-01-26 22:16:00,2.0,UNEXPECTED_SHORT_GAP,UNEXPECTED
2023-01-26 23:50:00,2023-01-26 23:52:00,2.0,UNEXPECTED_SHORT_GAP,UNEXPECTED
2023-01-27 21:30:00,2023-01-27 21:33:00,3.0,UNEXPECTED_SHORT_GAP,UNEXPECTED
2023-01-27 21:58:00,2023-01-29 22:05:00,2887.0,EXPECTED_WEEKEND_CLOSURE,EXPECTED
2023-01-29 22:07:00,2023-01-29 22:12:00,5.0,EXPECTED_WEEKEND_CLOSURE,EXPECTED
2023-01-29 22:17:00,2023-01-29 22:19:00,2.0,EXPECTED_WEEKEND_CLOSURE,EXPECTED
2023-01-29 22:22:00,2023-01-29 22:25:00,3.0,EXPECTED_WEEKEND_CLOSURE,EXPECTED
2023-01-29 22:28:00,2023-01-29 22:30:00,2.0,EXPECTED_WEEKEND_CLOSURE,EXPECTED
2023-01-29 23:42:00,2023-01-29 23:44:00,2.0,EXPECTED_WEEKEND_CLOSURE,EXPECTED
2023-01-29 23:45:00,2023-01-29 23:47:00,2.0,EXPECTED_WEEKEND_CLOSURE,EXPECTED
2023-01-30 22:00:00,2023-01-30 22:03:00,3.0,UNEXPECTED_SHORT_GAP,UNEXPECTED
2023-01-30 22:03:00,2023-01-30 22:05:00,2.0,UNEXPECTED_SHORT_GAP,UNEXPECTED
2023-01-30 22:05:00,2023-01-30 22:10:00,5.0,UNEXPECTED_SHORT_GAP,UNEXPECTED
2023-01-30 22:20:00,2023-01-30 22:23:00,3.0,UNEXPECTED_SHORT_GAP,UNEXPECTED
2023-01-30 22:30:00,2023-01-30 22:32:00,2.0,UNEXPECTED_SHORT_GAP,UNEXPECTED
2023-01-30 22:42:00,2023-01-30 22:44:00,2.0,UNEXPECTED_SHORT_GAP,UNEXPECTED
2023-01-30 23:38:00,2023-01-30 23:40:00,2.0,UNEXPECTED_SHORT_GAP,UNEXPECTED
2023-01-30 23:46:00,2023-01-30 23:48:00,2.0,UNEXPECTED_SHORT_GAP,UNEXPECTED
2023-01-31 19:29:00,2023-01-31 19:32:00,3.0,UNEXPECTED_SHORT_GAP,UNEXPECTED
2023-01-31 21:31:00,2023-01-31 21:33:00,2.0,UNEXPECTED_SHORT_GAP,UNEXPECTED
2023-01-31 22:01:00,2023-01-31 22:04:00,3.0,UNEXPECTED_SHORT_GAP,UNEXPECTED
2023-01-31 22:05:00,2023-01-31 22:10:00,5.0,UNEXPECTED_SHORT_GAP,UNEXPECTED
2023-01-31 22:11:00,2023-01-31 22:15:00,4.0,UNEXPECTED_SHORT_GAP,UNEXPECTED
2023-02-01 05:09:00,2023-02-01 05:11:00,2.0,UNEXPECTED_SHORT_GAP,UNEXPECTED
2023-02-01 21:59:00,2023-02-01 22:01:00,2.0,UNEXPECTED_SHORT_GAP,UNEXPECTED
2023-02-01 22:05:00,2023-02-01 22:08:00,3.0,UNEXPECTED_SHORT_GAP,UNEXPECTED
2023-02-01 22:28:00,2023-02-01 22:30:00,2.0,UNEXPECTED_SHORT_GAP,UNEXPECTED
2023-02-01 22:45:00,2023-02-01 22:49:00,4.0,UNEXPECTED_SHORT_GAP,UNEXPECTED
2023-02-01 22:50:00,2023-02-01 22:52:00,2.0,UNEXPECTED_SHORT_GAP,UNEXPECTED
2023-02-01 22:55:00,2023-02-01 22:58:00,3.0,UNEXPECTED_SHORT_GAP,UNEXPECTED
2023-02-01 23:07:00,2023-02-01 23:09:00,2.0,UNEXPECTED_SHORT_GAP,UNEXPECTED
2023-02-02 22:03:00,2023-02-02 22:05:00,2.0,UNEXPECTED_SHORT_GAP,UNEXPECTED
2023-02-02 22:11:00,2023-02-02 22:13:00,2.0,UNEXPECTED_SHORT_GAP,UNEXPECTED
2023-02-02 22:16:00,2023-02-02 22:18:00,2.0,UNEXPECTED_SHORT_GAP,UNEXPECTED
2023-02-02 22:53:00,2023-02-02 22:55:00,2.0,UNEXPECTED_SHORT_GAP,UNEXPECTED
2023-02-03 16:12:00,2023-02-03 16:14:00,2.0,UNEXPECTED_SHORT_GAP,UNEXPECTED
2023-02-03 16:14:00,2023-02-03 16:16:00,2.0,UNEXPECTED_SHORT_GAP,UNEXPECTED
2023-02-03 16:18:00,2023-02-03 16:20:00,2.0,UNEXPECTED_SHORT_GAP,UNEXPECTED
2023-02-03 16:21:00,2023-02-03 16:23:00,2.0,UNEXPECTED_SHORT_GAP,UNEXPECTED
2023-02-03 16:23:00,2023-02-03 16:26:00,3.0,UNEXPECTED_SHORT_GAP,UNEXPECTED
2023-02-03 16:28:00,2023-02-03 16:30:00,2.0,UNEXPECTED_SHORT_GAP,UNEXPECTED
2023-02-03 21:58:00,2023-02-05 22:05:00,2887.0,EXPECTED_WEEKEND_CLOSURE,EXPECTED
2023-02-06 02:44:00,2023-02-06 02:46:00,2.0,UNEXPECTED_SHORT_GAP,UNEXPECTED
2023-02-06 02:52:00,2023-02-06 02:55:00,3.0,UNEXPECTED_SHORT_GAP,UNEXPECTED
2023-02-06 10:58:00,2023-02-06 11:00:00,2.0,UNEXPECTED_SHORT_GAP,UNEXPECTED
2023-02-06 11:15:00,2023-02-06 11:17:00,2.0,UNEXPECTED_SHORT_GAP,UNEXPECTED
2023-02-06 15:46:00,2023-02-06 15:48:00,2.0,UNEXPECTED_SHORT_GAP,UNEXPECTED
2023-02-06 16:07:00,2023-02-06 16:09:00,2.0,UNEXPECTED_SHORT_GAP,UNEXPECTED
2023-02-06 22:02:00,2023-02-06 22:04:00,2.0,UNEXPECTED_SHORT_GAP,UNEXPECTED
2023-02-06 22:07:00,2023-02-06 22:09:00,2.0,UNEXPECTED_SHORT_GAP,UNEXPECTED
2023-02-06 22:09:00,2023-02-06 22:14:00,5.0,UNEXPECTED_SHORT_GAP,UNEXPECTED
2023-02-06 22:19:00,2023-02-06 22:21:00,2.0,UNEXPECTED_SHORT_GAP,UNEXPECTED
2023-02-06 22:22:00,2023-02-06 22:24:00,2.0,UNEXPECTED_SHORT_GAP,UNEXPECTED
2023-02-06 23:39:00,2023-02-06 23:41:00,2.0,UNEXPECTED_SHORT_GAP,UNEXPECTED
2023-02-06 23:41:00,2023-02-06 23:44:00,3.0,UNEXPECTED_SHORT_GAP,UNEXPECTED
2023-02-07 00:30:00,2023-02-07 00:32:00,2.0,UNEXPECTED_SHORT_GAP,UNEXPECTED
2023-02-07 21:31:00,2023-02-07 21:34:00,3.0,UNEXPECTED_SHORT_GAP,UNEXPECTED
2023-02-07 21:36:00,2023-02-07 21:38:00,2.0,UNEXPECTED_SHORT_GAP,UNEXPECTED
2023-02-07 21:39:00,2023-02-07 21:41:00,2.0,UNEXPECTED_SHORT_GAP,UNEXPECTED
2023-02-07 21:41:00,2023-02-07 21:43:00,2.0,UNEXPECTED_SHORT_GAP,UNEXPECTED
2023-02-07 22:00:00,2023-02-07 22:04:00,4.0,UNEXPECTED_SHORT_GAP,UNEXPECTED
2023-02-07 22:11:00,2023-02-07 22:13:00,2.0,UNEXPECTED_SHORT_GAP,UNEXPECTED
2023-02-07 22:22:00,2023-02-07 22:24:00,2.0,UNEXPECTED_SHORT_GAP,UNEXPECTED
2023-02-07 22:25:00,2023-02-07 22:27:00,2.0,UNEXPECTED_SHORT_GAP,UNEXPECTED
2023-02-07 23:03:00,2023-02-07 23:05:00,2.0,UNEXPECTED_SHORT_GAP,UNEXPECTED
2023-02-07 23:07:00,2023-02-07 23:09:00,2.0,UNEXPECTED_SHORT_GAP,UNEXPECTED
2023-02-08 00:33:00,2023-02-08 00:35:00,2.0,UNEXPECTED_SHORT_GAP,UNEXPECTED
2023-02-08 21:39:00,2023-02-08 21:41:00,2.0,UNEXPECTED_SHORT_GAP,UNEXPECTED
2023-02-08 22:05:00,2023-02-08 22:09:00,4.0,UNEXPECTED_SHORT_GAP,UNEXPECTED
2023-02-08 22:09:00,2023-02-08 22:12:00,3.0,UNEXPECTED_SHORT_GAP,UNEXPECTED
2023-02-08 22:15:00,2023-02-08 22:17:00,2.0,UNEXPECTED_SHORT_GAP,UNEXPECTED
2023-02-08 23:09:00,2023-02-08 23:11:00,2.0,UNEXPECTED_SHORT_GAP,UNEXPECTED
2023-02-09 00:05:00,2023-02-09 00:07:00,2.0,UNEXPECTED_SHORT_GAP,UNEXPECTED
2023-02-09 22:00:00,2023-02-09 22:02:00,2.0,UNEXPECTED_SHORT_GAP,UNEXPECTED
2023-02-09 22:02:00,2023-02-09 22:04:00,2.0,UNEXPECTED_SHORT_GAP,UNEXPECTED
2023-02-09 22:13:00,2023-02-09 22:15:00,2.0,UNEXPECTED_SHORT_GAP,UNEXPECTED
2023-02-09 22:41:00,2023-02-09 22:43:00,2.0,UNEXPECTED_SHORT_GAP,UNEXPECTED
2023-02-09 22:49:00,2023-02-09 22:51:00,2.0,UNEXPECTED_SHORT_GAP,UNEXPECTED
2023-02-09 22:51:00,2023-02-09 22:53:00,2.0,UNEXPECTED_SHORT_GAP,UNEXPECTED
2023-02-09 22:58:00,2023-02-09 23:00:00,2.0,UNEXPECTED_SHORT_GAP,UNEXPECTED
2023-02-09 23:08:00,2023-02-09 23:10:00,2.0,UNEXPECTED_SHORT_GAP,UNEXPECTED
2023-02-09 23:57:00,2023-02-09 23:59:00,2.0,UNEXPECTED_SHORT_GAP,UNEXPECTED
2023-02-10 21:58:00,2023-02-12 22:07:00,2889.0,EXPECTED_WEEKEND_CLOSURE,EXPECTED
2023-02-12 22:16:00,2023-02-12 22:19:00,3.0,EXPECTED_WEEKEND_CLOSURE,EXPECTED
2023-02-12 22:21:00,2023-02-12 22:23:00,2.0,EXPECTED_WEEKEND_CLOSURE,EXPECTED
2023-02-12 22:23:00,2023-02-12 22:25:00,2.0,EXPECTED_WEEKEND_CLOSURE,EXPECTED
2023-02-12 22:25:00,2023-02-12 22:29:00,4.0,EXPECTED_WEEKEND_CLOSURE,EXPECTED
2023-02-12 22:30:00,2023-02-12 22:33:00,3.0,EXPECTED_WEEKEND_CLOSURE,EXPECTED
2023-02-12 22:37:00,2023-02-12 22:39:00,2.0,EXPECTED_WEEKEND_CLOSURE,EXPECTED
2023-02-12 23:52:00,2023-02-12 23:54:00,2.0,EXPECTED_WEEKEND_CLOSURE,EXPECTED
2023-02-13 21:30:00,2023-02-13 21:32:00,2.0,UNEXPECTED_SHORT_GAP,UNEXPECTED
2023-02-13 21:36:00,2023-02-13 21:38:00,2.0,UNEXPECTED_SHORT_GAP,UNEXPECTED
2023-02-13 22:00:00,2023-02-13 22:03:00,3.0,UNEXPECTED_SHORT_GAP,UNEXPECTED
2023-02-13 22:23:00,2023-02-13 22:29:00,6.0,UNEXPECTED_INTRADAY_GAP,UNEXPECTED
2023-02-13 23:35:00,2023-02-13 23:37:00,2.0,UNEXPECTED_SHORT_GAP,UNEXPECTED
2023-02-13 23:56:00,2023-02-13 23:58:00,2.0,UNEXPECTED_SHORT_GAP,UNEXPECTED
2023-02-14 21:47:00,2023-02-14 21:49:00,2.0,UNEXPECTED_SHORT_GAP,UNEXPECTED
2023-02-14 22:01:00,2023-02-14 22:04:00,3.0,UNEXPECTED_SHORT_GAP,UNEXPECTED
2023-02-15 21:39:00,2023-02-15 21:41:00,2.0,UNEXPECTED_SHORT_GAP,UNEXPECTED
2023-02-15 21:42:00,2023-02-15 21:44:00,2.0,UNEXPECTED_SHORT_GAP,UNEXPECTED
2023-02-15 22:00:00,2023-02-15 22:04:00,4.0,UNEXPECTED_SHORT_GAP,UNEXPECTED
2023-02-15 22:09:00,2023-02-15 22:11:00,2.0,UNEXPECTED_SHORT_GAP,UNEXPECTED
2023-02-15 22:22:00,2023-02-15 22:24:00,2.0,UNEXPECTED_SHORT_GAP,UNEXPECTED
2023-02-15 22:28:00,2023-02-15 22:30:00,2.0,UNEXPECTED_SHORT_GAP,UNEXPECTED
2023-02-16 00:26:00,2023-02-16 00:28:00,2.0,UNEXPECTED_SHORT_GAP,UNEXPECTED
2023-02-16 21:38:00,2023-02-16 21:40:00,2.0,UNEXPECTED_SHORT_GAP,UNEXPECTED
2023-02-16 22:01:00,2023-02-16 22:04:00,3.0,UNEXPECTED_SHORT_GAP,UNEXPECTED
2023-02-16 22:21:00,2023-02-16 22:23:00,2.0,UNEXPECTED_SHORT_GAP,UNEXPECTED
2023-02-17 21:58:00,2023-02-19 22:06:00,2888.0,EXPECTED_WEEKEND_CLOSURE,EXPECTED
2023-02-19 22:19:00,2023-02-19 22:21:00,2.0,EXPECTED_WEEKEND_CLOSURE,EXPECTED
2023-02-19 22:25:00,2023-02-19 22:28:00,3.0,EXPECTED_WEEKEND_CLOSURE,EXPECTED
2023-02-19 22:48:00,2023-02-19 22:50:00,2.0,EXPECTED_WEEKEND_CLOSURE,EXPECTED
2023-02-19 23:50:00,2023-02-19 23:52:00,2.0,EXPECTED_WEEKEND_CLOSURE,EXPECTED
2023-02-20 16:58:00,2023-02-20 17:00:00,2.0,UNEXPECTED_SHORT_GAP,UNEXPECTED
2023-02-20 17:41:00,2023-02-20 17:43:00,2.0,UNEXPECTED_SHORT_GAP,UNEXPECTED
2023-02-20 18:02:00,2023-02-20 18:04:00,2.0,UNEXPECTED_SHORT_GAP,UNEXPECTED
2023-02-20 18:05:00,2023-02-20 18:07:00,2.0,UNEXPECTED_SHORT_GAP,UNEXPECTED
2023-02-20 18:09:00,2023-02-20 18:11:00,2.0,UNEXPECTED_SHORT_GAP,UNEXPECTED
2023-02-20 18:12:00,2023-02-20 18:15:00,3.0,UNEXPECTED_SHORT_GAP,UNEXPECTED
2023-02-20 18:18:00,2023-02-20 18:22:00,4.0,UNEXPECTED_SHORT_GAP,UNEXPECTED
2023-02-20 18:23:00,2023-02-20 18:25:00,2.0,UNEXPECTED_SHORT_GAP,UNEXPECTED
2023-02-20 18:25:00,2023-02-20 18:29:00,4.0,UNEXPECTED_SHORT_GAP,UNEXPECTED
2023-02-20 18:30:00,2023-02-20 18:34:00,4.0,UNEXPECTED_SHORT_GAP,UNEXPECTED
2023-02-20 18:38:00,2023-02-20 18:41:00,3.0,UNEXPECTED_SHORT_GAP,UNEXPECTED
2023-02-20 18:41:00,2023-02-20 18:45:00,4.0,UNEXPECTED_SHORT_GAP,UNEXPECTED
2023-02-20 18:45:00,2023-02-20 18:47:00,2.0,UNEXPECTED_SHORT_GAP,UNEXPECTED
2023-02-20 18:47:00,2023-02-20 18:53:00,6.0,UNEXPECTED_INTRADAY_GAP,UNEXPECTED
2023-02-20 18:53:00,2023-02-20 18:56:00,3.0,UNEXPECTED_SHORT_GAP,UNEXPECTED
2023-02-20 19:00:00,2023-02-20 19:04:00,4.0,UNEXPECTED_SHORT_GAP,UNEXPECTED
2023-02-20 19:06:00,2023-02-20 19:08:00,2.0,UNEXPECTED_SHORT_GAP,UNEXPECTED
2023-02-20 19:09:00,2023-02-20 19:12:00,3.0,UNEXPECTED_SHORT_GAP,UNEXPECTED
2023-02-20 19:12:00,2023-02-20 19:14:00,2.0,UNEXPECTED_SHORT_GAP,UNEXPECTED
2023-02-20 19:16:00,2023-02-20 19:18:00,2.0,UNEXPECTED_SHORT_GAP,UNEXPECTED
2023-02-20 19:18:00,2023-02-20 19:20:00,2.0,UNEXPECTED_SHORT_GAP,UNEXPECTED
2023-02-20 19:22:00,2023-02-20 19:24:00,2.0,UNEXPECTED_SHORT_GAP,UNEXPECTED
2023-02-20 19:33:00,2023-02-20 19:35:00,2.0,UNEXPECTED_SHORT_GAP,UNEXPECTED
2023-02-20 19:36:00,2023-02-20 19:38:00,2.0,UNEXPECTED_SHORT_GAP,UNEXPECTED
2023-02-20 19:38:00,2023-02-20 19:42:00,4.0,UNEXPECTED_SHORT_GAP,UNEXPECTED
2023-02-20 19:51:00,2023-02-20 19:53:00,2.0,UNEXPECTED_SHORT_GAP,UNEXPECTED
2023-02-20 19:53:00,2023-02-20 19:55:00,2.0,UNEXPECTED_SHORT_GAP,UNEXPECTED
2023-02-20 20:03:00,2023-02-20 20:06:00,3.0,UNEXPECTED_SHORT_GAP,UNEXPECTED
2023-02-20 20:08:00,2023-02-20 20:10:00,2.0,UNEXPECTED_SHORT_GAP,UNEXPECTED
2023-02-20 20:11:00,2023-02-20 20:13:00,2.0,UNEXPECTED_SHORT_GAP,UNEXPECTED
2023-02-20 20:19:00,2023-02-20 20:21:00,2.0,UNEXPECTED_SHORT_GAP,UNEXPECTED
2023-02-20 20:22:00,2023-02-20 20:26:00,4.0,UNEXPECTED_SHORT_GAP,UNEXPECTED
2023-02-20 20:27:00,2023-02-20 20:30:00,3.0,UNEXPECTED_SHORT_GAP,UNEXPECTED
2023-02-20 20:33:00,2023-02-20 20:35:00,2.0,UNEXPECTED_SHORT_GAP,UNEXPECTED
2023-02-20 20:36:00,2023-02-20 20:40:00,4.0,UNEXPECTED_SHORT_GAP,UNEXPECTED
2023-02-20 20:41:00,2023-02-20 20:47:00,6.0,UNEXPECTED_INTRADAY_GAP,UNEXPECTED
2023-02-20 21:08:00,2023-02-20 21:11:00,3.0,UNEXPECTED_SHORT_GAP,UNEXPECTED
2023-02-20 21:11:00,2023-02-20 21:13:00,2.0,UNEXPECTED_SHORT_GAP,UNEXPECTED
2023-02-20 21:13:00,2023-02-20 21:15:00,2.0,UNEXPECTED_SHORT_GAP,UNEXPECTED
2023-02-20 21:17:00,2023-02-20 21:19:00,2.0,UNEXPECTED_SHORT_GAP,UNEXPECTED
2023-02-20 21:20:00,2023-02-20 21:22:00,2.0,UNEXPECTED_SHORT_GAP,UNEXPECTED
2023-02-20 21:24:00,2023-02-20 21:26:00,2.0,UNEXPECTED_SHORT_GAP,UNEXPECTED
2023-02-20 21:27:00,2023-02-20 21:29:00,2.0,UNEXPECTED_SHORT_GAP,UNEXPECTED
2023-02-20 21:32:00,2023-02-20 21:35:00,3.0,UNEXPECTED_SHORT_GAP,UNEXPECTED
2023-02-20 21:35:00,2023-02-20 21:37:00,2.0,UNEXPECTED_SHORT_GAP,UNEXPECTED
2023-02-20 21:42:00,2023-02-20 21:44:00,2.0,UNEXPECTED_SHORT_GAP,UNEXPECTED
2023-02-20 21:45:00,2023-02-20 21:48:00,3.0,UNEXPECTED_SHORT_GAP,UNEXPECTED
2023-02-20 21:51:00,2023-02-20 21:53:00,2.0,UNEXPECTED_SHORT_GAP,UNEXPECTED
2023-02-20 22:00:00,2023-02-20 22:03:00,3.0,UNEXPECTED_SHORT_GAP,UNEXPECTED
2023-02-20 22:06:00,2023-02-20 22:08:00,2.0,UNEXPECTED_SHORT_GAP,UNEXPECTED
2023-02-20 23:28:00,2023-02-20 23:30:00,2.0,UNEXPECTED_SHORT_GAP,UNEXPECTED
2023-02-20 23:34:00,2023-02-20 23:36:00,2.0,UNEXPECTED_SHORT_GAP,UNEXPECTED
2023-02-20 23:45:00,2023-02-20 23:48:00,3.0,UNEXPECTED_SHORT_GAP,UNEXPECTED
2023-02-20 23:53:00,2023-02-20 23:55:00,2.0,UNEXPECTED_SHORT_GAP,UNEXPECTED
2023-02-21 21:16:00,2023-02-21 21:18:00,2.0,UNEXPECTED_SHORT_GAP,UNEXPECTED
2023-02-21 22:03:00,2023-02-21 22:05:00,2.0,UNEXPECTED_SHORT_GAP,UNEXPECTED
2023-02-21 22:12:00,2023-02-21 22:15:00,3.0,UNEXPECTED_SHORT_GAP,UNEXPECTED
2023-02-21 22:20:00,2023-02-21 22:22:00,2.0,UNEXPECTED_SHORT_GAP,UNEXPECTED
2023-02-21 22:37:00,2023-02-21 22:39:00,2.0,UNEXPECTED_SHORT_GAP,UNEXPECTED
2023-02-21 23:05:00,2023-02-21 23:07:00,2.0,UNEXPECTED_SHORT_GAP,UNEXPECTED
2023-02-21 23:11:00,2023-02-21 23:13:00,2.0,UNEXPECTED_SHORT_GAP,UNEXPECTED
2023-02-22 04:33:00,2023-02-22 04:35:00,2.0,UNEXPECTED_SHORT_GAP,UNEXPECTED
2023-02-22 21:23:00,2023-02-22 21:25:00,2.0,UNEXPECTED_SHORT_GAP,UNEXPECTED
2023-02-22 21:34:00,2023-02-22 21:36:00,2.0,UNEXPECTED_SHORT_GAP,UNEXPECTED
2023-02-22 21:48:00,2023-02-22 21:50:00,2.0,UNEXPECTED_SHORT_GAP,UNEXPECTED
2023-02-22 22:01:00,2023-02-22 22:05:00,4.0,UNEXPECTED_SHORT_GAP,UNEXPECTED
2023-02-22 22:06:00,2023-02-22 22:08:00,2.0,UNEXPECTED_SHORT_GAP,UNEXPECTED
2023-02-22 22:08:00,2023-02-22 22:10:00,2.0,UNEXPECTED_SHORT_GAP,UNEXPECTED
2023-02-22 22:18:00,2023-02-22 22:20:00,2.0,UNEXPECTED_SHORT_GAP,UNEXPECTED
2023-02-22 22:22:00,2023-02-22 22:24:00,2.0,UNEXPECTED_SHORT_GAP,UNEXPECTED
2023-02-22 22:41:00,2023-02-22 22:43:00,2.0,UNEXPECTED_SHORT_GAP,UNEXPECTED
2023-02-22 23:45:00,2023-02-22 23:47:00,2.0,UNEXPECTED_SHORT_GAP,UNEXPECTED
2023-02-22 23:49:00,2023-02-22 23:52:00,3.0,UNEXPECTED_SHORT_GAP,UNEXPECTED
2023-02-22 23:56:00,2023-02-22 23:58:00,2.0,UNEXPECTED_SHORT_GAP,UNEXPECTED
2023-02-23 04:38:00,2023-02-23 04:40:00,2.0,UNEXPECTED_SHORT_GAP,UNEXPECTED
2023-02-23 04:42:00,2023-02-23 04:44:00,2.0,UNEXPECTED_SHORT_GAP,UNEXPECTED
2023-02-23 21:18:00,2023-02-23 21:20:00,2.0,UNEXPECTED_SHORT_GAP,UNEXPECTED
2023-02-23 21:23:00,2023-02-23 21:25:00,2.0,UNEXPECTED_SHORT_GAP,UNEXPECTED
2023-02-23 21:37:00,2023-02-23 21:39:00,2.0,UNEXPECTED_SHORT_GAP,UNEXPECTED
2023-02-23 22:07:00,2023-02-23 22:09:00,2.0,UNEXPECTED_SHORT_GAP,UNEXPECTED
2023-02-23 22:16:00,2023-02-23 22:19:00,3.0,UNEXPECTED_SHORT_GAP,UNEXPECTED
2023-02-23 22:56:00,2023-02-23 22:58:00,2.0,UNEXPECTED_SHORT_GAP,UNEXPECTED
2023-02-23 23:25:00,2023-02-23 23:27:00,2.0,UNEXPECTED_SHORT_GAP,UNEXPECTED
2023-02-23 23:36:00,2023-02-23 23:38:00,2.0,UNEXPECTED_SHORT_GAP,UNEXPECTED
2023-02-23 23:43:00,2023-02-23 23:45:00,2.0,UNEXPECTED_SHORT_GAP,UNEXPECTED
2023-02-23 23:55:00,2023-02-23 23:57:00,2.0,UNEXPECTED_SHORT_GAP,UNEXPECTED
2023-02-24 21:15:00,2023-02-24 21:17:00,2.0,UNEXPECTED_SHORT_GAP,UNEXPECTED
2023-02-24 21:58:00,2023-02-26 22:05:00,2887.0,EXPECTED_WEEKEND_CLOSURE,EXPECTED
2023-02-26 22:18:00,2023-02-26 22:20:00,2.0,EXPECTED_WEEKEND_CLOSURE,EXPECTED
2023-02-26 22:47:00,2023-02-26 22:49:00,2.0,EXPECTED_WEEKEND_CLOSURE,EXPECTED
2023-02-26 22:49:00,2023-02-26 22:51:00,2.0,EXPECTED_WEEKEND_CLOSURE,EXPECTED
2023-02-26 22:53:00,2023-02-26 22:55:00,2.0,EXPECTED_WEEKEND_CLOSURE,EXPECTED
2023-02-26 23:53:00,2023-02-26 23:56:00,3.0,EXPECTED_WEEKEND_CLOSURE,EXPECTED
2023-02-26 23:56:00,2023-02-26 23:58:00,2.0,EXPECTED_WEEKEND_CLOSURE,EXPECTED
2023-02-27 21:25:00,2023-02-27 21:27:00,2.0,UNEXPECTED_SHORT_GAP,UNEXPECTED
2023-02-27 21:38:00,2023-02-27 21:40:00,2.0,UNEXPECTED_SHORT_GAP,UNEXPECTED
2023-02-27 21:48:00,2023-02-27 21:50:00,2.0,UNEXPECTED_SHORT_GAP,UNEXPECTED
2023-02-27 22:02:00,2023-02-27 22:05:00,3.0,UNEXPECTED_SHORT_GAP,UNEXPECTED
2023-02-27 22:06:00,2023-02-27 22:08:00,2.0,UNEXPECTED_SHORT_GAP,UNEXPECTED
2023-02-27 22:08:00,2023-02-27 22:10:00,2.0,UNEXPECTED_SHORT_GAP,UNEXPECTED
2023-02-27 22:10:00,2023-02-27 22:12:00,2.0,UNEXPECTED_SHORT_GAP,UNEXPECTED
2023-02-27 22:15:00,2023-02-27 22:19:00,4.0,UNEXPECTED_SHORT_GAP,UNEXPECTED
2023-02-27 22:20:00,2023-02-27 22:22:00,2.0,UNEXPECTED_SHORT_GAP,UNEXPECTED
2023-02-27 22:51:00,2023-02-27 22:54:00,3.0,UNEXPECTED_SHORT_GAP,UNEXPECTED
2023-02-27 23:01:00,2023-02-27 23:03:00,2.0,UNEXPECTED_SHORT_GAP,UNEXPECTED
2023-02-27 23:09:00,2023-02-27 23:11:00,2.0,UNEXPECTED_SHORT_GAP,UNEXPECTED
2023-02-27 23:48:00,2023-02-27 23:50:00,2.0,UNEXPECTED_SHORT_GAP,UNEXPECTED
2023-02-28 21:17:00,2023-02-28 21:19:00,2.0,UNEXPECTED_SHORT_GAP,UNEXPECTED
2023-02-28 21:25:00,2023-02-28 21:27:00,2.0,UNEXPECTED_SHORT_GAP,UNEXPECTED
2023-02-28 21:34:00,2023-02-28 21:36:00,2.0,UNEXPECTED_SHORT_GAP,UNEXPECTED
2023-02-28 21:37:00,2023-02-28 21:39:00,2.0,UNEXPECTED_SHORT_GAP,UNEXPECTED
2023-02-28 21:44:00,2023-02-28 21:46:00,2.0,UNEXPECTED_SHORT_GAP,UNEXPECTED
2023-03-01 04:26:00,2023-03-01 04:28:00,2.0,UNEXPECTED_SHORT_GAP,UNEXPECTED
2023-03-01 21:10:00,2023-03-01 21:13:00,3.0,UNEXPECTED_SHORT_GAP,UNEXPECTED
2023-03-01 21:26:00,2023-03-01 21:28:00,2.0,UNEXPECTED_SHORT_GAP,UNEXPECTED
2023-03-01 21:39:00,2023-03-01 21:41:00,2.0,UNEXPECTED_SHORT_GAP,UNEXPECTED
2023-03-01 21:59:00,2023-03-01 22:01:00,2.0,UNEXPECTED_SHORT_GAP,UNEXPECTED
2023-03-01 22:08:00,2023-03-01 22:10:00,2.0,UNEXPECTED_SHORT_GAP,UNEXPECTED
2023-03-01 22:10:00,2023-03-01 22:12:00,2.0,UNEXPECTED_SHORT_GAP,UNEXPECTED
2023-03-01 22:12:00,2023-03-01 22:14:00,2.0,UNEXPECTED_SHORT_GAP,UNEXPECTED
2023-03-01 22:54:00,2023-03-01 22:56:00,2.0,UNEXPECTED_SHORT_GAP,UNEXPECTED
2023-03-01 23:01:00,2023-03-01 23:03:00,2.0,UNEXPECTED_SHORT_GAP,UNEXPECTED
2023-03-01 23:10:00,2023-03-01 23:12:00,2.0,UNEXPECTED_SHORT_GAP,UNEXPECTED
2023-03-02 00:11:00,2023-03-02 00:13:00,2.0,UNEXPECTED_SHORT_GAP,UNEXPECTED
2023-03-02 21:34:00,2023-03-02 21:36:00,2.0,UNEXPECTED_SHORT_GAP,UNEXPECTED
2023-03-02 21:45:00,2023-03-02 21:47:00,2.0,UNEXPECTED_SHORT_GAP,UNEXPECTED
2023-03-02 22:00:00,2023-03-02 22:04:00,4.0,UNEXPECTED_SHORT_GAP,UNEXPECTED
2023-03-02 22:06:00,2023-03-02 22:08:00,2.0,UNEXPECTED_SHORT_GAP,UNEXPECTED
2023-03-02 22:17:00,2023-03-02 22:19:00,2.0,UNEXPECTED_SHORT_GAP,UNEXPECTED
2023-03-02 22:20:00,2023-03-02 22:22:00,2.0,UNEXPECTED_SHORT_GAP,UNEXPECTED
2023-03-02 22:23:00,2023-03-02 22:26:00,3.0,UNEXPECTED_SHORT_GAP,UNEXPECTED
2023-03-02 22:28:00,2023-03-02 22:30:00,2.0,UNEXPECTED_SHORT_GAP,UNEXPECTED
2023-03-02 23:16:00,2023-03-02 23:18:00,2.0,UNEXPECTED_SHORT_GAP,UNEXPECTED
2023-03-02 23:28:00,2023-03-02 23:30:00,2.0,UNEXPECTED_SHORT_GAP,UNEXPECTED
2023-03-03 21:56:00,2023-03-03 21:58:00,2.0,UNEXPECTED_SHORT_GAP,UNEXPECTED
2023-03-03 21:58:00,2023-03-05 22:06:00,2888.0,EXPECTED_WEEKEND_CLOSURE,EXPECTED
2023-03-05 22:15:00,2023-03-05 22:17:00,2.0,EXPECTED_WEEKEND_CLOSURE,EXPECTED
2023-03-05 22:22:00,2023-03-05 22:24:00,2.0,EXPECTED_WEEKEND_CLOSURE,EXPECTED
2023-03-05 22:24:00,2023-03-05 22:27:00,3.0,EXPECTED_WEEKEND_CLOSURE,EXPECTED
2023-03-06 21:31:00,2023-03-06 21:33:00,2.0,UNEXPECTED_SHORT_GAP,UNEXPECTED
2023-03-06 21:33:00,2023-03-06 21:35:00,2.0,UNEXPECTED_SHORT_GAP,UNEXPECTED
2023-03-06 21:47:00,2023-03-06 21:50:00,3.0,UNEXPECTED_SHORT_GAP,UNEXPECTED
2023-03-06 21:59:00,2023-03-06 22:01:00,2.0,UNEXPECTED_SHORT_GAP,UNEXPECTED
2023-03-06 22:06:00,2023-03-06 22:11:00,5.0,UNEXPECTED_SHORT_GAP,UNEXPECTED
2023-03-06 22:22:00,2023-03-06 22:24:00,2.0,UNEXPECTED_SHORT_GAP,UNEXPECTED
2023-03-06 22:24:00,2023-03-06 22:26:00,2.0,UNEXPECTED_SHORT_GAP,UNEXPECTED
2023-03-06 23:02:00,2023-03-06 23:04:00,2.0,UNEXPECTED_SHORT_GAP,UNEXPECTED
2023-03-06 23:37:00,2023-03-06 23:39:00,2.0,UNEXPECTED_SHORT_GAP,UNEXPECTED
2023-03-06 23:39:00,2023-03-06 23:41:00,2.0,UNEXPECTED_SHORT_GAP,UNEXPECTED
2023-03-06 23:45:00,2023-03-06 23:47:00,2.0,UNEXPECTED_SHORT_GAP,UNEXPECTED
2023-03-06 23:52:00,2023-03-06 23:54:00,2.0,UNEXPECTED_SHORT_GAP,UNEXPECTED
2023-03-07 21:21:00,2023-03-07 21:23:00,2.0,UNEXPECTED_SHORT_GAP,UNEXPECTED
2023-03-07 22:05:00,2023-03-07 22:07:00,2.0,UNEXPECTED_SHORT_GAP,UNEXPECTED
2023-03-07 22:11:00,2023-03-07 22:15:00,4.0,UNEXPECTED_SHORT_GAP,UNEXPECTED
2023-03-07 22:16:00,2023-03-07 22:19:00,3.0,UNEXPECTED_SHORT_GAP,UNEXPECTED
2023-03-07 22:20:00,2023-03-07 22:22:00,2.0,UNEXPECTED_SHORT_GAP,UNEXPECTED
2023-03-07 22:22:00,2023-03-07 22:25:00,3.0,UNEXPECTED_SHORT_GAP,UNEXPECTED
2023-03-07 22:27:00,2023-03-07 22:29:00,2.0,UNEXPECTED_SHORT_GAP,UNEXPECTED
2023-03-07 22:30:00,2023-03-07 22:32:00,2.0,UNEXPECTED_SHORT_GAP,UNEXPECTED
2023-03-07 23:26:00,2023-03-07 23:28:00,2.0,UNEXPECTED_SHORT_GAP,UNEXPECTED
2023-03-08 21:11:00,2023-03-08 21:13:00,2.0,UNEXPECTED_SHORT_GAP,UNEXPECTED
2023-03-08 21:15:00,2023-03-08 21:17:00,2.0,UNEXPECTED_SHORT_GAP,UNEXPECTED
2023-03-08 21:21:00,2023-03-08 21:23:00,2.0,UNEXPECTED_SHORT_GAP,UNEXPECTED
2023-03-08 22:24:00,2023-03-08 22:27:00,3.0,UNEXPECTED_SHORT_GAP,UNEXPECTED
2023-03-08 22:27:00,2023-03-08 22:30:00,3.0,UNEXPECTED_SHORT_GAP,UNEXPECTED
2023-03-08 22:35:00,2023-03-08 22:38:00,3.0,UNEXPECTED_SHORT_GAP,UNEXPECTED
2023-03-08 22:39:00,2023-03-08 22:41:00,2.0,UNEXPECTED_SHORT_GAP,UNEXPECTED
2023-03-08 23:25:00,2023-03-08 23:27:00,2.0,UNEXPECTED_SHORT_GAP,UNEXPECTED
2023-03-08 23:27:00,2023-03-08 23:30:00,3.0,UNEXPECTED_SHORT_GAP,UNEXPECTED
2023-03-08 23:48:00,2023-03-08 23:50:00,2.0,UNEXPECTED_SHORT_GAP,UNEXPECTED
2023-03-08 23:57:00,2023-03-08 23:59:00,2.0,UNEXPECTED_SHORT_GAP,UNEXPECTED
2023-03-09 00:16:00,2023-03-09 00:18:00,2.0,UNEXPECTED_SHORT_GAP,UNEXPECTED
2023-03-09 21:02:00,2023-03-09 21:04:00,2.0,UNEXPECTED_SHORT_GAP,UNEXPECTED
2023-03-09 22:00:00,2023-03-09 22:02:00,2.0,UNEXPECTED_SHORT_GAP,UNEXPECTED
2023-03-09 22:02:00,2023-03-09 22:05:00,3.0,UNEXPECTED_SHORT_GAP,UNEXPECTED
2023-03-09 22:07:00,2023-03-09 22:09:00,2.0,UNEXPECTED_SHORT_GAP,UNEXPECTED
2023-03-09 22:16:00,2023-03-09 22:19:00,3.0,UNEXPECTED_SHORT_GAP,UNEXPECTED
2023-03-09 22:19:00,2023-03-09 22:21:00,2.0,UNEXPECTED_SHORT_GAP,UNEXPECTED
2023-03-09 22:23:00,2023-03-09 22:26:00,3.0,UNEXPECTED_SHORT_GAP,UNEXPECTED
2023-03-09 22:26:00,2023-03-09 22:29:00,3.0,UNEXPECTED_SHORT_GAP,UNEXPECTED
2023-03-09 22:31:00,2023-03-09 22:34:00,3.0,UNEXPECTED_SHORT_GAP,UNEXPECTED
2023-03-09 22:34:00,2023-03-09 22:36:00,2.0,UNEXPECTED_SHORT_GAP,UNEXPECTED
2023-03-09 22:36:00,2023-03-09 22:39:00,3.0,UNEXPECTED_SHORT_GAP,UNEXPECTED
2023-03-09 22:56:00,2023-03-09 22:58:00,2.0,UNEXPECTED_SHORT_GAP,UNEXPECTED
2023-03-09 22:58:00,2023-03-09 23:00:00,2.0,UNEXPECTED_SHORT_GAP,UNEXPECTED
2023-03-10 21:58:00,2023-03-12 21:10:00,2832.0,EXPECTED_WEEKEND_CLOSURE,EXPECTED
2023-03-12 21:26:00,2023-03-12 21:28:00,2.0,EXPECTED_WEEKEND_CLOSURE,EXPECTED
2023-03-12 21:28:00,2023-03-12 21:30:00,2.0,EXPECTED_WEEKEND_CLOSURE,EXPECTED
2023-03-12 21:39:00,2023-03-12 21:41:00,2.0,EXPECTED_WEEKEND_CLOSURE,EXPECTED
2023-03-12 21:42:00,2023-03-12 21:44:00,2.0,EXPECTED_WEEKEND_CLOSURE,EXPECTED
2023-03-12 21:46:00,2023-03-12 21:50:00,4.0,EXPECTED_WEEKEND_CLOSURE,EXPECTED
2023-03-13 20:51:00,2023-03-13 20:53:00,2.0,UNEXPECTED_SHORT_GAP,UNEXPECTED
2023-03-13 21:03:00,2023-03-13 21:05:00,2.0,UNEXPECTED_SHORT_GAP,UNEXPECTED
2023-03-13 21:08:00,2023-03-13 21:10:00,2.0,UNEXPECTED_SHORT_GAP,UNEXPECTED
2023-03-13 21:43:00,2023-03-13 21:45:00,2.0,UNEXPECTED_SHORT_GAP,UNEXPECTED
2023-03-13 22:46:00,2023-03-13 22:48:00,2.0,UNEXPECTED_SHORT_GAP,UNEXPECTED
2023-03-13 22:50:00,2023-03-13 22:52:00,2.0,UNEXPECTED_SHORT_GAP,UNEXPECTED
2023-03-13 23:23:00,2023-03-13 23:25:00,2.0,UNEXPECTED_SHORT_GAP,UNEXPECTED
2023-03-14 21:05:00,2023-03-14 21:08:00,3.0,UNEXPECTED_SHORT_GAP,UNEXPECTED
2023-03-14 21:09:00,2023-03-14 21:11:00,2.0,UNEXPECTED_SHORT_GAP,UNEXPECTED
2023-03-14 21:12:00,2023-03-14 21:15:00,3.0,UNEXPECTED_SHORT_GAP,UNEXPECTED
2023-03-14 21:17:00,2023-03-14 21:19:00,2.0,UNEXPECTED_SHORT_GAP,UNEXPECTED
2023-03-14 21:26:00,2023-03-14 21:28:00,2.0,UNEXPECTED_SHORT_GAP,UNEXPECTED
2023-03-14 21:40:00,2023-03-14 21:43:00,3.0,UNEXPECTED_SHORT_GAP,UNEXPECTED
2023-03-14 21:47:00,2023-03-14 21:49:00,2.0,UNEXPECTED_SHORT_GAP,UNEXPECTED
2023-03-14 21:49:00,2023-03-14 21:51:00,2.0,UNEXPECTED_SHORT_GAP,UNEXPECTED
2023-03-14 21:52:00,2023-03-14 21:54:00,2.0,UNEXPECTED_SHORT_GAP,UNEXPECTED
2023-03-14 22:11:00,2023-03-14 22:13:00,2.0,UNEXPECTED_SHORT_GAP,UNEXPECTED
2023-03-14 23:37:00,2023-03-14 23:39:00,2.0,UNEXPECTED_SHORT_GAP,UNEXPECTED
2023-03-15 21:02:00,2023-03-15 21:04:00,2.0,UNEXPECTED_SHORT_GAP,UNEXPECTED
2023-03-15 21:09:00,2023-03-15 21:11:00,2.0,UNEXPECTED_SHORT_GAP,UNEXPECTED
2023-03-15 21:12:00,2023-03-15 21:16:00,4.0,UNEXPECTED_SHORT_GAP,UNEXPECTED
2023-03-15 21:17:00,2023-03-15 21:19:00,2.0,UNEXPECTED_SHORT_GAP,UNEXPECTED
2023-03-15 21:19:00,2023-03-15 21:21:00,2.0,UNEXPECTED_SHORT_GAP,UNEXPECTED
2023-03-15 21:22:00,2023-03-15 21:24:00,2.0,UNEXPECTED_SHORT_GAP,UNEXPECTED
2023-03-15 21:39:00,2023-03-15 21:41:00,2.0,UNEXPECTED_SHORT_GAP,UNEXPECTED
2023-03-15 23:24:00,2023-03-15 23:26:00,2.0,UNEXPECTED_SHORT_GAP,UNEXPECTED
2023-03-16 16:15:00,2023-03-16 16:29:00,14.0,UNEXPECTED_INTRADAY_GAP,UNEXPECTED
2023-03-16 21:06:00,2023-03-16 21:08:00,2.0,UNEXPECTED_SHORT_GAP,UNEXPECTED
2023-03-16 21:08:00,2023-03-16 21:10:00,2.0,UNEXPECTED_SHORT_GAP,UNEXPECTED
2023-03-16 21:10:00,2023-03-16 21:13:00,3.0,UNEXPECTED_SHORT_GAP,UNEXPECTED
2023-03-16 21:21:00,2023-03-16 21:23:00,2.0,UNEXPECTED_SHORT_GAP,UNEXPECTED
2023-03-16 21:43:00,2023-03-16 21:45:00,2.0,UNEXPECTED_SHORT_GAP,UNEXPECTED
2023-03-16 22:05:00,2023-03-16 22:08:00,3.0,UNEXPECTED_SHORT_GAP,UNEXPECTED
2023-03-16 22:21:00,2023-03-16 22:23:00,2.0,UNEXPECTED_SHORT_GAP,UNEXPECTED
2023-03-16 23:03:00,2023-03-16 23:05:00,2.0,UNEXPECTED_SHORT_GAP,UNEXPECTED
2023-03-16 23:58:00,2023-03-17 00:00:00,2.0,EXPECTED_DAILY_ROLLOVER,EXPECTED
2023-03-17 20:43:00,2023-03-17 20:45:00,2.0,UNEXPECTED_SHORT_GAP,UNEXPECTED
2023-03-17 20:58:00,2023-03-19 21:06:00,2888.0,EXPECTED_WEEKEND_CLOSURE,EXPECTED
2023-03-19 21:18:00,2023-03-19 21:20:00,2.0,EXPECTED_WEEKEND_CLOSURE,EXPECTED
2023-03-19 21:22:00,2023-03-19 21:24:00,2.0,EXPECTED_WEEKEND_CLOSURE,EXPECTED
2023-03-19 21:25:00,2023-03-19 21:30:00,5.0,EXPECTED_WEEKEND_CLOSURE,EXPECTED
2023-03-19 21:30:00,2023-03-19 21:32:00,2.0,EXPECTED_WEEKEND_CLOSURE,EXPECTED
2023-03-19 21:36:00,2023-03-19 21:38:00,2.0,EXPECTED_WEEKEND_CLOSURE,EXPECTED
2023-03-19 21:38:00,2023-03-19 21:41:00,3.0,EXPECTED_WEEKEND_CLOSURE,EXPECTED
2023-03-19 21:55:00,2023-03-19 21:57:00,2.0,EXPECTED_WEEKEND_CLOSURE,EXPECTED
2023-03-20 20:22:00,2023-03-20 20:25:00,3.0,UNEXPECTED_SHORT_GAP,UNEXPECTED
2023-03-20 20:42:00,2023-03-20 20:45:00,3.0,UNEXPECTED_SHORT_GAP,UNEXPECTED
2023-03-20 20:48:00,2023-03-20 20:50:00,2.0,UNEXPECTED_SHORT_GAP,UNEXPECTED
2023-03-20 21:01:00,2023-03-20 21:03:00,2.0,UNEXPECTED_SHORT_GAP,UNEXPECTED
2023-03-20 21:05:00,2023-03-20 21:07:00,2.0,UNEXPECTED_SHORT_GAP,UNEXPECTED
2023-03-20 21:12:00,2023-03-20 21:14:00,2.0,UNEXPECTED_SHORT_GAP,UNEXPECTED
2023-03-20 21:18:00,2023-03-20 21:20:00,2.0,UNEXPECTED_SHORT_GAP,UNEXPECTED
2023-03-20 21:22:00,2023-03-20 21:24:00,2.0,UNEXPECTED_SHORT_GAP,UNEXPECTED
2023-03-20 21:27:00,2023-03-20 21:29:00,2.0,UNEXPECTED_SHORT_GAP,UNEXPECTED
2023-03-20 21:34:00,2023-03-20 21:36:00,2.0,UNEXPECTED_SHORT_GAP,UNEXPECTED
2023-03-20 21:37:00,2023-03-20 21:39:00,2.0,UNEXPECTED_SHORT_GAP,UNEXPECTED
2023-03-20 21:48:00,2023-03-20 21:50:00,2.0,UNEXPECTED_SHORT_GAP,UNEXPECTED
2023-03-20 21:50:00,2023-03-20 21:52:00,2.0,UNEXPECTED_SHORT_GAP,UNEXPECTED
2023-03-20 21:52:00,2023-03-20 21:55:00,3.0,UNEXPECTED_SHORT_GAP,UNEXPECTED
2023-03-20 22:22:00,2023-03-20 22:24:00,2.0,UNEXPECTED_SHORT_GAP,UNEXPECTED
2023-03-20 22:36:00,2023-03-20 22:38:00,2.0,UNEXPECTED_SHORT_GAP,UNEXPECTED
2023-03-20 22:39:00,2023-03-20 22:42:00,3.0,UNEXPECTED_SHORT_GAP,UNEXPECTED
2023-03-20 22:42:00,2023-03-20 22:45:00,3.0,UNEXPECTED_SHORT_GAP,UNEXPECTED
2023-03-20 22:48:00,2023-03-20 22:54:00,6.0,UNEXPECTED_INTRADAY_GAP,UNEXPECTED
2023-03-20 22:55:00,2023-03-20 22:57:00,2.0,UNEXPECTED_SHORT_GAP,UNEXPECTED
2023-03-21 03:48:00,2023-03-21 03:50:00,2.0,UNEXPECTED_SHORT_GAP,UNEXPECTED
2023-03-21 04:33:00,2023-03-21 04:35:00,2.0,UNEXPECTED_SHORT_GAP,UNEXPECTED
2023-03-21 20:23:00,2023-03-21 20:25:00,2.0,UNEXPECTED_SHORT_GAP,UNEXPECTED
2023-03-21 20:25:00,2023-03-21 20:27:00,2.0,UNEXPECTED_SHORT_GAP,UNEXPECTED
2023-03-21 20:35:00,2023-03-21 20:38:00,3.0,UNEXPECTED_SHORT_GAP,UNEXPECTED
2023-03-21 20:48:00,2023-03-21 20:50:00,2.0,UNEXPECTED_SHORT_GAP,UNEXPECTED
2023-03-21 21:05:00,2023-03-21 21:07:00,2.0,UNEXPECTED_SHORT_GAP,UNEXPECTED
2023-03-21 21:07:00,2023-03-21 21:09:00,2.0,UNEXPECTED_SHORT_GAP,UNEXPECTED
2023-03-21 21:10:00,2023-03-21 21:12:00,2.0,UNEXPECTED_SHORT_GAP,UNEXPECTED
2023-03-21 21:26:00,2023-03-21 21:28:00,2.0,UNEXPECTED_SHORT_GAP,UNEXPECTED
2023-03-21 21:50:00,2023-03-21 21:52:00,2.0,UNEXPECTED_SHORT_GAP,UNEXPECTED
2023-03-21 22:17:00,2023-03-21 22:19:00,2.0,UNEXPECTED_SHORT_GAP,UNEXPECTED
2023-03-21 22:22:00,2023-03-21 22:26:00,4.0,UNEXPECTED_SHORT_GAP,UNEXPECTED
2023-03-21 22:28:00,2023-03-21 22:30:00,2.0,UNEXPECTED_SHORT_GAP,UNEXPECTED
2023-03-21 22:31:00,2023-03-21 22:33:00,2.0,UNEXPECTED_SHORT_GAP,UNEXPECTED
2023-03-21 22:34:00,2023-03-21 22:38:00,4.0,UNEXPECTED_SHORT_GAP,UNEXPECTED
2023-03-21 22:38:00,2023-03-21 22:45:00,7.0,UNEXPECTED_INTRADAY_GAP,UNEXPECTED
2023-03-21 22:45:00,2023-03-21 22:47:00,2.0,UNEXPECTED_SHORT_GAP,UNEXPECTED
2023-03-21 22:47:00,2023-03-21 22:50:00,3.0,UNEXPECTED_SHORT_GAP,UNEXPECTED
2023-03-21 22:55:00,2023-03-21 22:57:00,2.0,UNEXPECTED_SHORT_GAP,UNEXPECTED
2023-03-21 23:12:00,2023-03-21 23:14:00,2.0,UNEXPECTED_SHORT_GAP,UNEXPECTED
2023-03-21 23:19:00,2023-03-21 23:22:00,3.0,UNEXPECTED_SHORT_GAP,UNEXPECTED
2023-03-21 23:27:00,2023-03-21 23:29:00,2.0,UNEXPECTED_SHORT_GAP,UNEXPECTED
2023-03-21 23:35:00,2023-03-21 23:37:00,2.0,UNEXPECTED_SHORT_GAP,UNEXPECTED
2023-03-22 02:40:00,2023-03-22 02:42:00,2.0,UNEXPECTED_SHORT_GAP,UNEXPECTED
2023-03-22 04:43:00,2023-03-22 04:45:00,2.0,UNEXPECTED_SHORT_GAP,UNEXPECTED
2023-03-22 20:40:00,2023-03-22 20:42:00,2.0,UNEXPECTED_SHORT_GAP,UNEXPECTED
2023-03-22 22:03:00,2023-03-22 22:05:00,2.0,UNEXPECTED_SHORT_GAP,UNEXPECTED
2023-03-22 22:07:00,2023-03-22 22:09:00,2.0,UNEXPECTED_SHORT_GAP,UNEXPECTED
2023-03-22 22:42:00,2023-03-22 22:44:00,2.0,UNEXPECTED_SHORT_GAP,UNEXPECTED
2023-03-22 22:57:00,2023-03-22 22:59:00,2.0,UNEXPECTED_SHORT_GAP,UNEXPECTED
2023-03-23 20:07:00,2023-03-23 20:09:00,2.0,UNEXPECTED_SHORT_GAP,UNEXPECTED
2023-03-23 21:01:00,2023-03-23 21:05:00,4.0,UNEXPECTED_SHORT_GAP,UNEXPECTED
2023-03-23 21:09:00,2023-03-23 21:11:00,2.0,UNEXPECTED_SHORT_GAP,UNEXPECTED
2023-03-23 22:08:00,2023-03-23 22:10:00,2.0,UNEXPECTED_SHORT_GAP,UNEXPECTED
2023-03-23 22:26:00,2023-03-23 22:28:00,2.0,UNEXPECTED_SHORT_GAP,UNEXPECTED
2023-03-23 22:49:00,2023-03-23 22:51:00,2.0,UNEXPECTED_SHORT_GAP,UNEXPECTED
2023-03-23 23:23:00,2023-03-23 23:25:00,2.0,UNEXPECTED_SHORT_GAP,UNEXPECTED
2023-03-24 20:33:00,2023-03-24 20:35:00,2.0,UNEXPECTED_SHORT_GAP,UNEXPECTED
2023-03-24 20:58:00,2023-03-26 21:07:00,2889.0,EXPECTED_WEEKEND_CLOSURE,EXPECTED
2023-03-26 21:17:00,2023-03-26 21:21:00,4.0,EXPECTED_WEEKEND_CLOSURE,EXPECTED
2023-03-26 21:52:00,2023-03-26 21:55:00,3.0,EXPECTED_WEEKEND_CLOSURE,EXPECTED
2023-03-26 21:56:00,2023-03-26 21:59:00,3.0,EXPECTED_WEEKEND_CLOSURE,EXPECTED
2023-03-26 22:26:00,2023-03-26 22:28:00,2.0,EXPECTED_WEEKEND_CLOSURE,EXPECTED
2023-03-27 04:53:00,2023-03-27 04:55:00,2.0,UNEXPECTED_SHORT_GAP,UNEXPECTED
2023-03-27 19:15:00,2023-03-27 19:17:00,2.0,UNEXPECTED_SHORT_GAP,UNEXPECTED
2023-03-27 20:18:00,2023-03-27 20:20:00,2.0,UNEXPECTED_SHORT_GAP,UNEXPECTED
2023-03-27 20:31:00,2023-03-27 20:33:00,2.0,UNEXPECTED_SHORT_GAP,UNEXPECTED
2023-03-27 20:34:00,2023-03-27 20:36:00,2.0,UNEXPECTED_SHORT_GAP,UNEXPECTED
2023-03-27 20:37:00,2023-03-27 20:40:00,3.0,UNEXPECTED_SHORT_GAP,UNEXPECTED
2023-03-27 20:46:00,2023-03-27 20:48:00,2.0,UNEXPECTED_SHORT_GAP,UNEXPECTED
2023-03-27 21:00:00,2023-03-27 21:02:00,2.0,UNEXPECTED_SHORT_GAP,UNEXPECTED
2023-03-27 21:02:00,2023-03-27 21:04:00,2.0,UNEXPECTED_SHORT_GAP,UNEXPECTED
2023-03-27 21:10:00,2023-03-27 21:12:00,2.0,UNEXPECTED_SHORT_GAP,UNEXPECTED
2023-03-27 21:20:00,2023-03-27 21:23:00,3.0,UNEXPECTED_SHORT_GAP,UNEXPECTED
2023-03-27 21:24:00,2023-03-27 21:26:00,2.0,UNEXPECTED_SHORT_GAP,UNEXPECTED
2023-03-27 21:31:00,2023-03-27 21:33:00,2.0,UNEXPECTED_SHORT_GAP,UNEXPECTED
2023-03-27 22:07:00,2023-03-27 22:09:00,2.0,UNEXPECTED_SHORT_GAP,UNEXPECTED
2023-03-27 22:23:00,2023-03-27 22:25:00,2.0,UNEXPECTED_SHORT_GAP,UNEXPECTED
2023-03-27 22:25:00,2023-03-27 22:28:00,3.0,UNEXPECTED_SHORT_GAP,UNEXPECTED
2023-03-27 22:28:00,2023-03-27 22:30:00,2.0,UNEXPECTED_SHORT_GAP,UNEXPECTED
2023-03-27 22:47:00,2023-03-27 22:52:00,5.0,UNEXPECTED_SHORT_GAP,UNEXPECTED
2023-03-28 20:16:00,2023-03-28 20:18:00,2.0,UNEXPECTED_SHORT_GAP,UNEXPECTED
2023-03-28 20:20:00,2023-03-28 20:22:00,2.0,UNEXPECTED_SHORT_GAP,UNEXPECTED
2023-03-28 20:32:00,2023-03-28 20:34:00,2.0,UNEXPECTED_SHORT_GAP,UNEXPECTED
2023-03-28 20:40:00,2023-03-28 20:42:00,2.0,UNEXPECTED_SHORT_GAP,UNEXPECTED
2023-03-28 20:47:00,2023-03-28 20:49:00,2.0,UNEXPECTED_SHORT_GAP,UNEXPECTED
2023-03-28 21:02:00,2023-03-28 21:04:00,2.0,UNEXPECTED_SHORT_GAP,UNEXPECTED
2023-03-28 21:11:00,2023-03-28 21:13:00,2.0,UNEXPECTED_SHORT_GAP,UNEXPECTED
2023-03-28 21:23:00,2023-03-28 21:25:00,2.0,UNEXPECTED_SHORT_GAP,UNEXPECTED
2023-03-28 21:56:00,2023-03-28 21:58:00,2.0,UNEXPECTED_SHORT_GAP,UNEXPECTED
2023-03-28 21:58:00,2023-03-28 22:00:00,2.0,UNEXPECTED_SHORT_GAP,UNEXPECTED
2023-03-28 22:15:00,2023-03-28 22:19:00,4.0,UNEXPECTED_SHORT_GAP,UNEXPECTED
2023-03-28 22:21:00,2023-03-28 22:23:00,2.0,UNEXPECTED_SHORT_GAP,UNEXPECTED
2023-03-28 22:24:00,2023-03-28 22:28:00,4.0,UNEXPECTED_SHORT_GAP,UNEXPECTED
2023-03-28 22:31:00,2023-03-28 22:34:00,3.0,UNEXPECTED_SHORT_GAP,UNEXPECTED
2023-03-28 22:34:00,2023-03-28 22:36:00,2.0,UNEXPECTED_SHORT_GAP,UNEXPECTED
2023-03-28 22:41:00,2023-03-28 22:43:00,2.0,UNEXPECTED_SHORT_GAP,UNEXPECTED
2023-03-28 23:35:00,2023-03-28 23:37:00,2.0,UNEXPECTED_SHORT_GAP,UNEXPECTED
2023-03-28 23:37:00,2023-03-28 23:39:00,2.0,UNEXPECTED_SHORT_GAP,UNEXPECTED
2023-03-29 02:19:00,2023-03-29 02:21:00,2.0,UNEXPECTED_SHORT_GAP,UNEXPECTED
2023-03-29 20:22:00,2023-03-29 20:24:00,2.0,UNEXPECTED_SHORT_GAP,UNEXPECTED
2023-03-29 21:10:00,2023-03-29 21:12:00,2.0,UNEXPECTED_SHORT_GAP,UNEXPECTED
2023-03-29 21:20:00,2023-03-29 21:22:00,2.0,UNEXPECTED_SHORT_GAP,UNEXPECTED
2023-03-29 21:23:00,2023-03-29 21:25:00,2.0,UNEXPECTED_SHORT_GAP,UNEXPECTED
2023-03-29 21:28:00,2023-03-29 21:30:00,2.0,UNEXPECTED_SHORT_GAP,UNEXPECTED
2023-03-29 21:33:00,2023-03-29 21:35:00,2.0,UNEXPECTED_SHORT_GAP,UNEXPECTED
2023-03-29 21:48:00,2023-03-29 21:51:00,3.0,UNEXPECTED_SHORT_GAP,UNEXPECTED
2023-03-29 22:03:00,2023-03-29 22:05:00,2.0,UNEXPECTED_SHORT_GAP,UNEXPECTED
2023-03-29 22:10:00,2023-03-29 22:12:00,2.0,UNEXPECTED_SHORT_GAP,UNEXPECTED
2023-03-29 22:15:00,2023-03-29 22:17:00,2.0,UNEXPECTED_SHORT_GAP,UNEXPECTED
2023-03-29 22:25:00,2023-03-29 22:27:00,2.0,UNEXPECTED_SHORT_GAP,UNEXPECTED
2023-03-29 22:30:00,2023-03-29 22:32:00,2.0,UNEXPECTED_SHORT_GAP,UNEXPECTED
2023-03-29 22:47:00,2023-03-29 22:49:00,2.0,UNEXPECTED_SHORT_GAP,UNEXPECTED
2023-03-29 22:53:00,2023-03-29 22:55:00,2.0,UNEXPECTED_SHORT_GAP,UNEXPECTED
2023-03-30 19:48:00,2023-03-30 19:50:00,2.0,UNEXPECTED_SHORT_GAP,UNEXPECTED
2023-03-30 20:09:00,2023-03-30 20:11:00,2.0,UNEXPECTED_SHORT_GAP,UNEXPECTED
2023-03-30 20:32:00,2023-03-30 20:34:00,2.0,UNEXPECTED_SHORT_GAP,UNEXPECTED
2023-03-30 20:41:00,2023-03-30 20:43:00,2.0,UNEXPECTED_SHORT_GAP,UNEXPECTED
2023-03-30 20:43:00,2023-03-30 20:45:00,2.0,UNEXPECTED_SHORT_GAP,UNEXPECTED
2023-03-30 20:53:00,2023-03-30 20:55:00,2.0,UNEXPECTED_SHORT_GAP,UNEXPECTED
2023-03-30 21:02:00,2023-03-30 21:05:00,3.0,UNEXPECTED_SHORT_GAP,UNEXPECTED
2023-03-30 21:12:00,2023-03-30 21:14:00,2.0,UNEXPECTED_SHORT_GAP,UNEXPECTED
2023-03-30 21:15:00,2023-03-30 21:17:00,2.0,UNEXPECTED_SHORT_GAP,UNEXPECTED
2023-03-30 21:27:00,2023-03-30 21:29:00,2.0,UNEXPECTED_SHORT_GAP,UNEXPECTED
2023-03-30 21:33:00,2023-03-30 21:35:00,2.0,UNEXPECTED_SHORT_GAP,UNEXPECTED
2023-03-30 21:37:00,2023-03-30 21:39:00,2.0,UNEXPECTED_SHORT_GAP,UNEXPECTED
2023-03-30 21:40:00,2023-03-30 21:42:00,2.0,UNEXPECTED_SHORT_GAP,UNEXPECTED
2023-03-30 21:49:00,2023-03-30 21:51:00,2.0,UNEXPECTED_SHORT_GAP,UNEXPECTED
2023-03-30 22:33:00,2023-03-30 22:35:00,2.0,UNEXPECTED_SHORT_GAP,UNEXPECTED
2023-03-30 22:41:00,2023-03-30 22:44:00,3.0,UNEXPECTED_SHORT_GAP,UNEXPECTED
2023-03-30 22:53:00,2023-03-30 22:56:00,3.0,UNEXPECTED_SHORT_GAP,UNEXPECTED
2023-03-31 20:35:00,2023-03-31 20:37:00,2.0,UNEXPECTED_SHORT_GAP,UNEXPECTED
2023-03-31 20:38:00,2023-03-31 20:40:00,2.0,UNEXPECTED_SHORT_GAP,UNEXPECTED
2023-03-31 20:58:00,2023-04-02 21:05:00,2887.0,EXPECTED_WEEKEND_CLOSURE,EXPECTED
2023-04-02 21:17:00,2023-04-02 21:20:00,3.0,EXPECTED_WEEKEND_CLOSURE,EXPECTED
2023-04-02 21:20:00,2023-04-02 21:22:00,2.0,EXPECTED_WEEKEND_CLOSURE,EXPECTED
2023-04-02 21:22:00,2023-04-02 21:24:00,2.0,EXPECTED_WEEKEND_CLOSURE,EXPECTED
2023-04-02 21:27:00,2023-04-02 21:30:00,3.0,EXPECTED_WEEKEND_CLOSURE,EXPECTED
2023-04-02 21:30:00,2023-04-02 21:32:00,2.0,EXPECTED_WEEKEND_CLOSURE,EXPECTED
2023-04-02 21:36:00,2023-04-02 21:38:00,2.0,EXPECTED_WEEKEND_CLOSURE,EXPECTED
2023-04-02 21:40:00,2023-04-02 21:42:00,2.0,EXPECTED_WEEKEND_CLOSURE,EXPECTED
2023-04-03 07:21:00,2023-04-03 07:41:00,20.0,UNEXPECTED_INTRADAY_GAP,UNEXPECTED
2023-04-03 20:01:00,2023-04-03 20:03:00,2.0,UNEXPECTED_SHORT_GAP,UNEXPECTED
2023-04-03 20:19:00,2023-04-03 20:21:00,2.0,UNEXPECTED_SHORT_GAP,UNEXPECTED
2023-04-03 20:35:00,2023-04-03 20:37:00,2.0,UNEXPECTED_SHORT_GAP,UNEXPECTED
2023-04-03 21:05:00,2023-04-03 21:07:00,2.0,UNEXPECTED_SHORT_GAP,UNEXPECTED
2023-04-03 22:10:00,2023-04-03 22:12:00,2.0,UNEXPECTED_SHORT_GAP,UNEXPECTED
2023-04-03 22:15:00,2023-04-03 22:17:00,2.0,UNEXPECTED_SHORT_GAP,UNEXPECTED
2023-04-03 22:28:00,2023-04-03 22:30:00,2.0,UNEXPECTED_SHORT_GAP,UNEXPECTED
2023-04-03 22:40:00,2023-04-03 22:43:00,3.0,UNEXPECTED_SHORT_GAP,UNEXPECTED
2023-04-03 22:53:00,2023-04-03 22:56:00,3.0,UNEXPECTED_SHORT_GAP,UNEXPECTED
2023-04-03 23:48:00,2023-04-03 23:50:00,2.0,UNEXPECTED_SHORT_GAP,UNEXPECTED
2023-04-04 20:04:00,2023-04-04 20:06:00,2.0,UNEXPECTED_SHORT_GAP,UNEXPECTED
2023-04-04 20:08:00,2023-04-04 20:10:00,2.0,UNEXPECTED_SHORT_GAP,UNEXPECTED
2023-04-04 20:13:00,2023-04-04 20:15:00,2.0,UNEXPECTED_SHORT_GAP,UNEXPECTED
2023-04-04 20:17:00,2023-04-04 20:19:00,2.0,UNEXPECTED_SHORT_GAP,UNEXPECTED
2023-04-04 20:33:00,2023-04-04 20:39:00,6.0,UNEXPECTED_INTRADAY_GAP,UNEXPECTED
2023-04-04 20:41:00,2023-04-04 20:43:00,2.0,UNEXPECTED_SHORT_GAP,UNEXPECTED
2023-04-04 21:07:00,2023-04-04 21:09:00,2.0,UNEXPECTED_SHORT_GAP,UNEXPECTED
2023-04-04 21:11:00,2023-04-04 21:14:00,3.0,UNEXPECTED_SHORT_GAP,UNEXPECTED
2023-04-04 21:16:00,2023-04-04 21:18:00,2.0,UNEXPECTED_SHORT_GAP,UNEXPECTED
2023-04-04 21:19:00,2023-04-04 21:21:00,2.0,UNEXPECTED_SHORT_GAP,UNEXPECTED
2023-04-04 21:26:00,2023-04-04 21:28:00,2.0,UNEXPECTED_SHORT_GAP,UNEXPECTED
2023-04-04 21:46:00,2023-04-04 21:48:00,2.0,UNEXPECTED_SHORT_GAP,UNEXPECTED
2023-04-04 21:51:00,2023-04-04 21:54:00,3.0,UNEXPECTED_SHORT_GAP,UNEXPECTED
2023-04-04 21:55:00,2023-04-04 21:57:00,2.0,UNEXPECTED_SHORT_GAP,UNEXPECTED
2023-04-04 22:07:00,2023-04-04 22:10:00,3.0,UNEXPECTED_SHORT_GAP,UNEXPECTED
2023-04-04 22:21:00,2023-04-04 22:23:00,2.0,UNEXPECTED_SHORT_GAP,UNEXPECTED
2023-04-04 22:24:00,2023-04-04 22:30:00,6.0,UNEXPECTED_INTRADAY_GAP,UNEXPECTED
2023-04-04 22:30:00,2023-04-04 22:32:00,2.0,UNEXPECTED_SHORT_GAP,UNEXPECTED
2023-04-05 19:38:00,2023-04-05 19:40:00,2.0,UNEXPECTED_SHORT_GAP,UNEXPECTED
2023-04-05 20:04:00,2023-04-05 20:06:00,2.0,UNEXPECTED_SHORT_GAP,UNEXPECTED
2023-04-05 20:19:00,2023-04-05 20:21:00,2.0,UNEXPECTED_SHORT_GAP,UNEXPECTED
2023-04-05 20:22:00,2023-04-05 20:24:00,2.0,UNEXPECTED_SHORT_GAP,UNEXPECTED
2023-04-05 20:26:00,2023-04-05 20:28:00,2.0,UNEXPECTED_SHORT_GAP,UNEXPECTED
2023-04-05 20:29:00,2023-04-05 20:31:00,2.0,UNEXPECTED_SHORT_GAP,UNEXPECTED
2023-04-05 20:53:00,2023-04-05 20:55:00,2.0,UNEXPECTED_SHORT_GAP,UNEXPECTED
2023-04-05 21:08:00,2023-04-05 21:10:00,2.0,UNEXPECTED_SHORT_GAP,UNEXPECTED
2023-04-05 21:18:00,2023-04-05 21:24:00,6.0,UNEXPECTED_INTRADAY_GAP,UNEXPECTED
2023-04-05 21:25:00,2023-04-05 21:28:00,3.0,UNEXPECTED_SHORT_GAP,UNEXPECTED
2023-04-05 21:28:00,2023-04-05 21:30:00,2.0,UNEXPECTED_SHORT_GAP,UNEXPECTED
2023-04-05 21:51:00,2023-04-05 21:54:00,3.0,UNEXPECTED_SHORT_GAP,UNEXPECTED
2023-04-05 21:55:00,2023-04-05 21:57:00,2.0,UNEXPECTED_SHORT_GAP,UNEXPECTED
2023-04-05 22:07:00,2023-04-05 22:09:00,2.0,UNEXPECTED_SHORT_GAP,UNEXPECTED
2023-04-05 22:35:00,2023-04-05 22:37:00,2.0,UNEXPECTED_SHORT_GAP,UNEXPECTED
2023-04-05 22:38:00,2023-04-05 22:40:00,2.0,UNEXPECTED_SHORT_GAP,UNEXPECTED
2023-04-05 22:43:00,2023-04-05 22:45:00,2.0,UNEXPECTED_SHORT_GAP,UNEXPECTED
2023-04-05 22:47:00,2023-04-05 22:49:00,2.0,UNEXPECTED_SHORT_GAP,UNEXPECTED
2023-04-05 22:55:00,2023-04-05 22:57:00,2.0,UNEXPECTED_SHORT_GAP,UNEXPECTED
2023-04-05 23:07:00,2023-04-05 23:09:00,2.0,UNEXPECTED_SHORT_GAP,UNEXPECTED
2023-04-05 23:09:00,2023-04-05 23:11:00,2.0,UNEXPECTED_SHORT_GAP,UNEXPECTED
2023-04-05 23:15:00,2023-04-05 23:17:00,2.0,UNEXPECTED_SHORT_GAP,UNEXPECTED
2023-04-05 23:24:00,2023-04-05 23:26:00,2.0,UNEXPECTED_SHORT_GAP,UNEXPECTED
2023-04-05 23:34:00,2023-04-05 23:36:00,2.0,UNEXPECTED_SHORT_GAP,UNEXPECTED
2023-04-06 00:20:00,2023-04-06 00:22:00,2.0,UNEXPECTED_SHORT_GAP,UNEXPECTED
2023-04-06 04:34:00,2023-04-06 04:36:00,2.0,UNEXPECTED_SHORT_GAP,UNEXPECTED
2023-04-06 16:50:00,2023-04-06 16:52:00,2.0,UNEXPECTED_SHORT_GAP,UNEXPECTED
2023-04-06 20:08:00,2023-04-06 20:11:00,3.0,UNEXPECTED_SHORT_GAP,UNEXPECTED
2023-04-06 20:20:00,2023-04-06 20:23:00,3.0,UNEXPECTED_SHORT_GAP,UNEXPECTED
2023-04-06 20:25:00,2023-04-06 20:29:00,4.0,UNEXPECTED_SHORT_GAP,UNEXPECTED
2023-04-06 20:41:00,2023-04-06 20:43:00,2.0,UNEXPECTED_SHORT_GAP,UNEXPECTED
2023-04-06 21:00:00,2023-04-06 21:05:00,5.0,UNEXPECTED_SHORT_GAP,UNEXPECTED
2023-04-06 21:05:00,2023-04-06 21:10:00,5.0,UNEXPECTED_SHORT_GAP,UNEXPECTED
2023-04-06 21:12:00,2023-04-06 21:15:00,3.0,UNEXPECTED_SHORT_GAP,UNEXPECTED
2023-04-06 21:56:00,2023-04-06 21:58:00,2.0,UNEXPECTED_SHORT_GAP,UNEXPECTED
2023-04-06 22:16:00,2023-04-06 22:18:00,2.0,UNEXPECTED_SHORT_GAP,UNEXPECTED
2023-04-06 22:21:00,2023-04-06 22:23:00,2.0,UNEXPECTED_SHORT_GAP,UNEXPECTED
2023-04-06 22:24:00,2023-04-06 22:28:00,4.0,UNEXPECTED_SHORT_GAP,UNEXPECTED
2023-04-06 22:38:00,2023-04-06 22:40:00,2.0,UNEXPECTED_SHORT_GAP,UNEXPECTED
2023-04-06 22:46:00,2023-04-06 22:48:00,2.0,UNEXPECTED_SHORT_GAP,UNEXPECTED
2023-04-06 22:53:00,2023-04-06 22:56:00,3.0,UNEXPECTED_SHORT_GAP,UNEXPECTED
2023-04-06 22:56:00,2023-04-06 22:58:00,2.0,UNEXPECTED_SHORT_GAP,UNEXPECTED
2023-04-06 23:15:00,2023-04-06 23:17:00,2.0,UNEXPECTED_SHORT_GAP,UNEXPECTED
2023-04-06 23:22:00,2023-04-06 23:24:00,2.0,UNEXPECTED_SHORT_GAP,UNEXPECTED
2023-04-06 23:28:00,2023-04-06 23:30:00,2.0,UNEXPECTED_SHORT_GAP,UNEXPECTED
2023-04-06 23:30:00,2023-04-06 23:32:00,2.0,UNEXPECTED_SHORT_GAP,UNEXPECTED
2023-04-06 23:34:00,2023-04-06 23:36:00,2.0,UNEXPECTED_SHORT_GAP,UNEXPECTED
2023-04-06 23:41:00,2023-04-06 23:43:00,2.0,UNEXPECTED_SHORT_GAP,UNEXPECTED
2023-04-06 23:47:00,2023-04-06 23:49:00,2.0,UNEXPECTED_SHORT_GAP,UNEXPECTED
2023-04-06 23:49:00,2023-04-06 23:52:00,3.0,UNEXPECTED_SHORT_GAP,UNEXPECTED
2023-04-07 00:09:00,2023-04-07 00:12:00,3.0,UNEXPECTED_SHORT_GAP,UNEXPECTED
2023-04-07 00:13:00,2023-04-07 00:15:00,2.0,UNEXPECTED_SHORT_GAP,UNEXPECTED
2023-04-07 00:31:00,2023-04-07 00:33:00,2.0,UNEXPECTED_SHORT_GAP,UNEXPECTED
2023-04-07 00:46:00,2023-04-07 00:48:00,2.0,UNEXPECTED_SHORT_GAP,UNEXPECTED
2023-04-07 01:50:00,2023-04-07 01:52:00,2.0,UNEXPECTED_SHORT_GAP,UNEXPECTED
2023-04-07 01:53:00,2023-04-07 01:55:00,2.0,UNEXPECTED_SHORT_GAP,UNEXPECTED
2023-04-07 02:07:00,2023-04-07 02:10:00,3.0,UNEXPECTED_SHORT_GAP,UNEXPECTED
2023-04-07 02:10:00,2023-04-07 02:14:00,4.0,UNEXPECTED_SHORT_GAP,UNEXPECTED
2023-04-07 02:15:00,2023-04-07 02:17:00,2.0,UNEXPECTED_SHORT_GAP,UNEXPECTED
2023-04-07 02:46:00,2023-04-07 02:48:00,2.0,UNEXPECTED_SHORT_GAP,UNEXPECTED
2023-04-07 02:52:00,2023-04-07 02:54:00,2.0,UNEXPECTED_SHORT_GAP,UNEXPECTED
2023-04-07 03:04:00,2023-04-07 03:06:00,2.0,UNEXPECTED_SHORT_GAP,UNEXPECTED
2023-04-07 03:10:00,2023-04-07 03:12:00,2.0,UNEXPECTED_SHORT_GAP,UNEXPECTED
2023-04-07 03:15:00,2023-04-07 03:17:00,2.0,UNEXPECTED_SHORT_GAP,UNEXPECTED
2023-04-07 03:22:00,2023-04-07 03:24:00,2.0,UNEXPECTED_SHORT_GAP,UNEXPECTED
2023-04-07 03:24:00,2023-04-07 03:26:00,2.0,UNEXPECTED_SHORT_GAP,UNEXPECTED
2023-04-07 03:28:00,2023-04-07 03:30:00,2.0,UNEXPECTED_SHORT_GAP,UNEXPECTED
2023-04-07 03:30:00,2023-04-07 03:32:00,2.0,UNEXPECTED_SHORT_GAP,UNEXPECTED
2023-04-07 03:56:00,2023-04-07 03:58:00,2.0,UNEXPECTED_SHORT_GAP,UNEXPECTED
2023-04-07 03:59:00,2023-04-07 04:01:00,2.0,UNEXPECTED_SHORT_GAP,UNEXPECTED
2023-04-07 04:08:00,2023-04-07 04:10:00,2.0,UNEXPECTED_SHORT_GAP,UNEXPECTED
2023-04-07 04:15:00,2023-04-07 04:17:00,2.0,UNEXPECTED_SHORT_GAP,UNEXPECTED
2023-04-07 04:35:00,2023-04-07 04:37:00,2.0,UNEXPECTED_SHORT_GAP,UNEXPECTED
2023-04-07 04:38:00,2023-04-07 04:40:00,2.0,UNEXPECTED_SHORT_GAP,UNEXPECTED
2023-04-07 04:41:00,2023-04-07 04:44:00,3.0,UNEXPECTED_SHORT_GAP,UNEXPECTED
2023-04-07 04:51:00,2023-04-07 04:53:00,2.0,UNEXPECTED_SHORT_GAP,UNEXPECTED
2023-04-07 04:56:00,2023-04-07 04:58:00,2.0,UNEXPECTED_SHORT_GAP,UNEXPECTED
2023-04-07 04:58:00,2023-04-07 05:00:00,2.0,UNEXPECTED_SHORT_GAP,UNEXPECTED
2023-04-07 05:10:00,2023-04-07 05:12:00,2.0,UNEXPECTED_SHORT_GAP,UNEXPECTED
2023-04-07 05:18:00,2023-04-07 05:20:00,2.0,UNEXPECTED_SHORT_GAP,UNEXPECTED
2023-04-07 05:22:00,2023-04-07 05:24:00,2.0,UNEXPECTED_SHORT_GAP,UNEXPECTED
2023-04-07 05:32:00,2023-04-07 05:34:00,2.0,UNEXPECTED_SHORT_GAP,UNEXPECTED
2023-04-07 05:45:00,2023-04-07 05:47:00,2.0,UNEXPECTED_SHORT_GAP,UNEXPECTED
2023-04-07 05:47:00,2023-04-07 05:49:00,2.0,UNEXPECTED_SHORT_GAP,UNEXPECTED
2023-04-07 06:20:00,2023-04-07 06:22:00,2.0,UNEXPECTED_SHORT_GAP,UNEXPECTED
2023-04-07 07:30:00,2023-04-07 07:32:00,2.0,UNEXPECTED_SHORT_GAP,UNEXPECTED
2023-04-07 08:13:00,2023-04-07 08:15:00,2.0,UNEXPECTED_SHORT_GAP,UNEXPECTED
2023-04-07 08:20:00,2023-04-07 08:22:00,2.0,UNEXPECTED_SHORT_GAP,UNEXPECTED
2023-04-07 08:37:00,2023-04-07 08:39:00,2.0,UNEXPECTED_SHORT_GAP,UNEXPECTED
2023-04-07 08:58:00,2023-04-07 09:00:00,2.0,UNEXPECTED_SHORT_GAP,UNEXPECTED
2023-04-07 11:17:00,2023-04-07 11:19:00,2.0,UNEXPECTED_SHORT_GAP,UNEXPECTED
2023-04-07 11:36:00,2023-04-07 11:38:00,2.0,UNEXPECTED_SHORT_GAP,UNEXPECTED
2023-04-07 11:38:00,2023-04-07 11:40:00,2.0,UNEXPECTED_SHORT_GAP,UNEXPECTED
2023-04-07 16:20:00,2023-04-07 16:22:00,2.0,UNEXPECTED_SHORT_GAP,UNEXPECTED
2023-04-07 17:12:00,2023-04-07 17:14:00,2.0,UNEXPECTED_SHORT_GAP,UNEXPECTED
2023-04-07 17:14:00,2023-04-07 17:17:00,3.0,UNEXPECTED_SHORT_GAP,UNEXPECTED
2023-04-07 17:20:00,2023-04-07 17:22:00,2.0,UNEXPECTED_SHORT_GAP,UNEXPECTED
2023-04-07 17:24:00,2023-04-07 17:26:00,2.0,UNEXPECTED_SHORT_GAP,UNEXPECTED
2023-04-07 17:27:00,2023-04-07 17:29:00,2.0,UNEXPECTED_SHORT_GAP,UNEXPECTED
2023-04-07 17:46:00,2023-04-07 17:48:00,2.0,UNEXPECTED_SHORT_GAP,UNEXPECTED
2023-04-07 17:50:00,2023-04-07 17:52:00,2.0,UNEXPECTED_SHORT_GAP,UNEXPECTED
2023-04-07 17:52:00,2023-04-07 17:55:00,3.0,UNEXPECTED_SHORT_GAP,UNEXPECTED
2023-04-07 17:58:00,2023-04-07 18:00:00,2.0,UNEXPECTED_SHORT_GAP,UNEXPECTED
2023-04-07 18:35:00,2023-04-07 18:38:00,3.0,UNEXPECTED_SHORT_GAP,UNEXPECTED
2023-04-07 18:52:00,2023-04-07 18:54:00,2.0,UNEXPECTED_SHORT_GAP,UNEXPECTED
2023-04-07 19:26:00,2023-04-07 19:31:00,5.0,UNEXPECTED_SHORT_GAP,UNEXPECTED
2023-04-07 19:45:00,2023-04-07 19:47:00,2.0,UNEXPECTED_SHORT_GAP,UNEXPECTED
2023-04-07 20:08:00,2023-04-07 20:10:00,2.0,UNEXPECTED_SHORT_GAP,UNEXPECTED
2023-04-07 20:47:00,2023-04-07 20:49:00,2.0,UNEXPECTED_SHORT_GAP,UNEXPECTED
2023-04-07 20:58:00,2023-04-09 21:05:00,2887.0,EXPECTED_WEEKEND_CLOSURE,EXPECTED
2023-04-09 21:11:00,2023-04-09 21:13:00,2.0,EXPECTED_WEEKEND_CLOSURE,EXPECTED
2023-04-09 21:23:00,2023-04-09 21:28:00,5.0,EXPECTED_WEEKEND_CLOSURE,EXPECTED
2023-04-09 21:28:00,2023-04-09 21:30:00,2.0,EXPECTED_WEEKEND_CLOSURE,EXPECTED
2023-04-09 21:30:00,2023-04-09 21:33:00,3.0,EXPECTED_WEEKEND_CLOSURE,EXPECTED
2023-04-09 21:33:00,2023-04-09 21:38:00,5.0,EXPECTED_WEEKEND_CLOSURE,EXPECTED
2023-04-09 21:40:00,2023-04-09 21:42:00,2.0,EXPECTED_WEEKEND_CLOSURE,EXPECTED
2023-04-09 21:43:00,2023-04-09 21:45:00,2.0,EXPECTED_WEEKEND_CLOSURE,EXPECTED
2023-04-09 21:46:00,2023-04-09 21:48:00,2.0,EXPECTED_WEEKEND_CLOSURE,EXPECTED
2023-04-09 21:52:00,2023-04-09 21:54:00,2.0,EXPECTED_WEEKEND_CLOSURE,EXPECTED
2023-04-09 21:54:00,2023-04-09 21:56:00,2.0,EXPECTED_WEEKEND_CLOSURE,EXPECTED
2023-04-09 22:17:00,2023-04-09 22:19:00,2.0,EXPECTED_WEEKEND_CLOSURE,EXPECTED
2023-04-09 22:19:00,2023-04-09 22:21:00,2.0,EXPECTED_WEEKEND_CLOSURE,EXPECTED
2023-04-09 22:29:00,2023-04-09 22:31:00,2.0,EXPECTED_WEEKEND_CLOSURE,EXPECTED
2023-04-09 22:43:00,2023-04-09 22:45:00,2.0,EXPECTED_WEEKEND_CLOSURE,EXPECTED
2023-04-09 22:53:00,2023-04-09 22:55:00,2.0,EXPECTED_WEEKEND_CLOSURE,EXPECTED
2023-04-10 20:12:00,2023-04-10 20:14:00,2.0,UNEXPECTED_SHORT_GAP,UNEXPECTED
2023-04-10 20:15:00,2023-04-10 20:17:00,2.0,UNEXPECTED_SHORT_GAP,UNEXPECTED
2023-04-10 20:21:00,2023-04-10 20:23:00,2.0,UNEXPECTED_SHORT_GAP,UNEXPECTED
2023-04-10 20:30:00,2023-04-10 20:32:00,2.0,UNEXPECTED_SHORT_GAP,UNEXPECTED
2023-04-10 20:36:00,2023-04-10 20:40:00,4.0,UNEXPECTED_SHORT_GAP,UNEXPECTED
2023-04-10 20:42:00,2023-04-10 20:44:00,2.0,UNEXPECTED_SHORT_GAP,UNEXPECTED
2023-04-10 20:52:00,2023-04-10 20:55:00,3.0,UNEXPECTED_SHORT_GAP,UNEXPECTED
2023-04-10 21:00:00,2023-04-10 21:02:00,2.0,UNEXPECTED_SHORT_GAP,UNEXPECTED
2023-04-10 21:03:00,2023-04-10 21:05:00,2.0,UNEXPECTED_SHORT_GAP,UNEXPECTED
2023-04-10 21:05:00,2023-04-10 21:08:00,3.0,UNEXPECTED_SHORT_GAP,UNEXPECTED
2023-04-10 21:08:00,2023-04-10 21:10:00,2.0,UNEXPECTED_SHORT_GAP,UNEXPECTED
2023-04-10 21:16:00,2023-04-10 21:18:00,2.0,UNEXPECTED_SHORT_GAP,UNEXPECTED
2023-04-10 21:18:00,2023-04-10 21:20:00,2.0,UNEXPECTED_SHORT_GAP,UNEXPECTED
2023-04-10 21:22:00,2023-04-10 21:25:00,3.0,UNEXPECTED_SHORT_GAP,UNEXPECTED
2023-04-10 21:26:00,2023-04-10 21:29:00,3.0,UNEXPECTED_SHORT_GAP,UNEXPECTED
2023-04-10 21:35:00,2023-04-10 21:37:00,2.0,UNEXPECTED_SHORT_GAP,UNEXPECTED
2023-04-10 21:37:00,2023-04-10 21:39:00,2.0,UNEXPECTED_SHORT_GAP,UNEXPECTED
2023-04-10 22:05:00,2023-04-10 22:09:00,4.0,UNEXPECTED_SHORT_GAP,UNEXPECTED
2023-04-10 22:20:00,2023-04-10 22:22:00,2.0,UNEXPECTED_SHORT_GAP,UNEXPECTED
2023-04-10 22:24:00,2023-04-10 22:26:00,2.0,UNEXPECTED_SHORT_GAP,UNEXPECTED
2023-04-10 22:30:00,2023-04-10 22:33:00,3.0,UNEXPECTED_SHORT_GAP,UNEXPECTED
2023-04-10 22:38:00,2023-04-10 22:40:00,2.0,UNEXPECTED_SHORT_GAP,UNEXPECTED
2023-04-10 22:52:00,2023-04-10 22:55:00,3.0,UNEXPECTED_SHORT_GAP,UNEXPECTED
2023-04-10 23:18:00,2023-04-10 23:20:00,2.0,UNEXPECTED_SHORT_GAP,UNEXPECTED
2023-04-10 23:30:00,2023-04-10 23:33:00,3.0,UNEXPECTED_SHORT_GAP,UNEXPECTED
2023-04-10 23:41:00,2023-04-10 23:43:00,2.0,UNEXPECTED_SHORT_GAP,UNEXPECTED
2023-04-10 23:50:00,2023-04-10 23:52:00,2.0,UNEXPECTED_SHORT_GAP,UNEXPECTED
2023-04-11 03:45:00,2023-04-11 03:47:00,2.0,UNEXPECTED_SHORT_GAP,UNEXPECTED
2023-04-11 20:03:00,2023-04-11 20:05:00,2.0,UNEXPECTED_SHORT_GAP,UNEXPECTED
2023-04-11 20:31:00,2023-04-11 20:33:00,2.0,UNEXPECTED_SHORT_GAP,UNEXPECTED
2023-04-11 20:34:00,2023-04-11 20:36:00,2.0,UNEXPECTED_SHORT_GAP,UNEXPECTED
2023-04-11 20:37:00,2023-04-11 20:40:00,3.0,UNEXPECTED_SHORT_GAP,UNEXPECTED
2023-04-11 20:47:00,2023-04-11 20:49:00,2.0,UNEXPECTED_SHORT_GAP,UNEXPECTED
2023-04-11 21:00:00,2023-04-11 21:05:00,5.0,UNEXPECTED_SHORT_GAP,UNEXPECTED
2023-04-11 21:06:00,2023-04-11 21:11:00,5.0,UNEXPECTED_SHORT_GAP,UNEXPECTED
2023-04-11 21:11:00,2023-04-11 21:14:00,3.0,UNEXPECTED_SHORT_GAP,UNEXPECTED
2023-04-11 21:48:00,2023-04-11 21:50:00,2.0,UNEXPECTED_SHORT_GAP,UNEXPECTED
2023-04-11 22:03:00,2023-04-11 22:05:00,2.0,UNEXPECTED_SHORT_GAP,UNEXPECTED
2023-04-11 22:06:00,2023-04-11 22:08:00,2.0,UNEXPECTED_SHORT_GAP,UNEXPECTED
2023-04-11 22:19:00,2023-04-11 22:21:00,2.0,UNEXPECTED_SHORT_GAP,UNEXPECTED
2023-04-11 22:24:00,2023-04-11 22:29:00,5.0,UNEXPECTED_SHORT_GAP,UNEXPECTED
2023-04-11 22:31:00,2023-04-11 22:35:00,4.0,UNEXPECTED_SHORT_GAP,UNEXPECTED
2023-04-11 22:41:00,2023-04-11 22:43:00,2.0,UNEXPECTED_SHORT_GAP,UNEXPECTED
2023-04-11 22:53:00,2023-04-11 22:55:00,2.0,UNEXPECTED_SHORT_GAP,UNEXPECTED
2023-04-11 22:55:00,2023-04-11 22:57:00,2.0,UNEXPECTED_SHORT_GAP,UNEXPECTED
2023-04-11 23:03:00,2023-04-11 23:05:00,2.0,UNEXPECTED_SHORT_GAP,UNEXPECTED
2023-04-11 23:06:00,2023-04-11 23:08:00,2.0,UNEXPECTED_SHORT_GAP,UNEXPECTED
2023-04-11 23:52:00,2023-04-11 23:54:00,2.0,UNEXPECTED_SHORT_GAP,UNEXPECTED
2023-04-12 20:04:00,2023-04-12 20:06:00,2.0,UNEXPECTED_SHORT_GAP,UNEXPECTED
2023-04-12 20:33:00,2023-04-12 20:35:00,2.0,UNEXPECTED_SHORT_GAP,UNEXPECTED
2023-04-12 21:02:00,2023-04-12 21:05:00,3.0,UNEXPECTED_SHORT_GAP,UNEXPECTED
2023-04-12 21:08:00,2023-04-12 21:10:00,2.0,UNEXPECTED_SHORT_GAP,UNEXPECTED
2023-04-12 21:17:00,2023-04-12 21:20:00,3.0,UNEXPECTED_SHORT_GAP,UNEXPECTED
2023-04-12 21:25:00,2023-04-12 21:27:00,2.0,UNEXPECTED_SHORT_GAP,UNEXPECTED
2023-04-12 21:28:00,2023-04-12 21:30:00,2.0,UNEXPECTED_SHORT_GAP,UNEXPECTED
2023-04-12 21:41:00,2023-04-12 21:44:00,3.0,UNEXPECTED_SHORT_GAP,UNEXPECTED
2023-04-12 21:51:00,2023-04-12 21:53:00,2.0,UNEXPECTED_SHORT_GAP,UNEXPECTED
2023-04-12 22:06:00,2023-04-12 22:09:00,3.0,UNEXPECTED_SHORT_GAP,UNEXPECTED
2023-04-12 22:17:00,2023-04-12 22:22:00,5.0,UNEXPECTED_SHORT_GAP,UNEXPECTED
2023-04-12 22:26:00,2023-04-12 22:28:00,2.0,UNEXPECTED_SHORT_GAP,UNEXPECTED
2023-04-12 22:30:00,2023-04-12 22:32:00,2.0,UNEXPECTED_SHORT_GAP,UNEXPECTED
2023-04-12 22:35:00,2023-04-12 22:37:00,2.0,UNEXPECTED_SHORT_GAP,UNEXPECTED
2023-04-12 22:37:00,2023-04-12 22:39:00,2.0,UNEXPECTED_SHORT_GAP,UNEXPECTED
2023-04-12 22:40:00,2023-04-12 22:43:00,3.0,UNEXPECTED_SHORT_GAP,UNEXPECTED
2023-04-12 22:45:00,2023-04-12 22:47:00,2.0,UNEXPECTED_SHORT_GAP,UNEXPECTED
2023-04-12 22:52:00,2023-04-12 22:55:00,3.0,UNEXPECTED_SHORT_GAP,UNEXPECTED
2023-04-12 22:55:00,2023-04-12 22:57:00,2.0,UNEXPECTED_SHORT_GAP,UNEXPECTED
2023-04-12 23:37:00,2023-04-12 23:39:00,2.0,UNEXPECTED_SHORT_GAP,UNEXPECTED
2023-04-13 16:30:00,2023-04-13 16:32:00,2.0,UNEXPECTED_SHORT_GAP,UNEXPECTED
2023-04-13 19:45:00,2023-04-13 19:47:00,2.0,UNEXPECTED_SHORT_GAP,UNEXPECTED
2023-04-13 20:25:00,2023-04-13 20:27:00,2.0,UNEXPECTED_SHORT_GAP,UNEXPECTED
2023-04-13 20:36:00,2023-04-13 20:39:00,3.0,UNEXPECTED_SHORT_GAP,UNEXPECTED
2023-04-13 20:39:00,2023-04-13 20:41:00,2.0,UNEXPECTED_SHORT_GAP,UNEXPECTED
2023-04-13 20:46:00,2023-04-13 20:48:00,2.0,UNEXPECTED_SHORT_GAP,UNEXPECTED
2023-04-13 20:50:00,2023-04-13 20:52:00,2.0,UNEXPECTED_SHORT_GAP,UNEXPECTED
2023-04-13 21:01:00,2023-04-13 21:05:00,4.0,UNEXPECTED_SHORT_GAP,UNEXPECTED
2023-04-13 21:11:00,2023-04-13 21:13:00,2.0,UNEXPECTED_SHORT_GAP,UNEXPECTED
2023-04-13 21:13:00,2023-04-13 21:15:00,2.0,UNEXPECTED_SHORT_GAP,UNEXPECTED
2023-04-13 21:56:00,2023-04-13 21:58:00,2.0,UNEXPECTED_SHORT_GAP,UNEXPECTED
2023-04-13 22:04:00,2023-04-13 22:06:00,2.0,UNEXPECTED_SHORT_GAP,UNEXPECTED
2023-04-13 22:12:00,2023-04-13 22:14:00,2.0,UNEXPECTED_SHORT_GAP,UNEXPECTED
2023-04-13 22:22:00,2023-04-13 22:24:00,2.0,UNEXPECTED_SHORT_GAP,UNEXPECTED
2023-04-13 22:42:00,2023-04-13 22:44:00,2.0,UNEXPECTED_SHORT_GAP,UNEXPECTED
2023-04-13 22:48:00,2023-04-13 22:50:00,2.0,UNEXPECTED_SHORT_GAP,UNEXPECTED
2023-04-13 22:56:00,2023-04-13 22:58:00,2.0,UNEXPECTED_SHORT_GAP,UNEXPECTED
2023-04-13 22:58:00,2023-04-13 23:00:00,2.0,UNEXPECTED_SHORT_GAP,UNEXPECTED
2023-04-13 23:03:00,2023-04-13 23:06:00,3.0,UNEXPECTED_SHORT_GAP,UNEXPECTED
2023-04-13 23:17:00,2023-04-13 23:19:00,2.0,UNEXPECTED_SHORT_GAP,UNEXPECTED
2023-04-13 23:23:00,2023-04-13 23:25:00,2.0,UNEXPECTED_SHORT_GAP,UNEXPECTED
2023-04-14 20:34:00,2023-04-14 20:36:00,2.0,UNEXPECTED_SHORT_GAP,UNEXPECTED
2023-04-14 20:37:00,2023-04-14 20:39:00,2.0,UNEXPECTED_SHORT_GAP,UNEXPECTED
2023-04-14 20:58:00,2023-04-16 21:05:00,2887.0,EXPECTED_WEEKEND_CLOSURE,EXPECTED
2023-04-16 21:10:00,2023-04-16 21:12:00,2.0,EXPECTED_WEEKEND_CLOSURE,EXPECTED
2023-04-16 21:14:00,2023-04-16 21:17:00,3.0,EXPECTED_WEEKEND_CLOSURE,EXPECTED
2023-04-16 21:17:00,2023-04-16 21:20:00,3.0,EXPECTED_WEEKEND_CLOSURE,EXPECTED
2023-04-16 21:21:00,2023-04-16 21:26:00,5.0,EXPECTED_WEEKEND_CLOSURE,EXPECTED
2023-04-16 21:37:00,2023-04-16 21:39:00,2.0,EXPECTED_WEEKEND_CLOSURE,EXPECTED
2023-04-16 21:39:00,2023-04-16 21:43:00,4.0,EXPECTED_WEEKEND_CLOSURE,EXPECTED
2023-04-16 21:43:00,2023-04-16 21:45:00,2.0,EXPECTED_WEEKEND_CLOSURE,EXPECTED
2023-04-16 21:50:00,2023-04-16 21:52:00,2.0,EXPECTED_WEEKEND_CLOSURE,EXPECTED
2023-04-16 21:55:00,2023-04-16 21:57:00,2.0,EXPECTED_WEEKEND_CLOSURE,EXPECTED
2023-04-16 22:03:00,2023-04-16 22:05:00,2.0,EXPECTED_WEEKEND_CLOSURE,EXPECTED
2023-04-16 22:07:00,2023-04-16 22:09:00,2.0,EXPECTED_WEEKEND_CLOSURE,EXPECTED
2023-04-16 22:20:00,2023-04-16 22:22:00,2.0,EXPECTED_WEEKEND_CLOSURE,EXPECTED
2023-04-16 23:12:00,2023-04-16 23:14:00,2.0,EXPECTED_WEEKEND_CLOSURE,EXPECTED
2023-04-16 23:33:00,2023-04-16 23:35:00,2.0,EXPECTED_WEEKEND_CLOSURE,EXPECTED
2023-04-16 23:38:00,2023-04-16 23:40:00,2.0,EXPECTED_WEEKEND_CLOSURE,EXPECTED
2023-04-16 23:48:00,2023-04-16 23:50:00,2.0,EXPECTED_WEEKEND_CLOSURE,EXPECTED
2023-04-17 18:36:00,2023-04-17 18:38:00,2.0,UNEXPECTED_SHORT_GAP,UNEXPECTED
2023-04-17 20:19:00,2023-04-17 20:21:00,2.0,UNEXPECTED_SHORT_GAP,UNEXPECTED
2023-04-17 20:22:00,2023-04-17 20:24:00,2.0,UNEXPECTED_SHORT_GAP,UNEXPECTED
2023-04-17 20:34:00,2023-04-17 20:36:00,2.0,UNEXPECTED_SHORT_GAP,UNEXPECTED
2023-04-17 20:37:00,2023-04-17 20:39:00,2.0,UNEXPECTED_SHORT_GAP,UNEXPECTED
2023-04-17 20:45:00,2023-04-17 20:47:00,2.0,UNEXPECTED_SHORT_GAP,UNEXPECTED
2023-04-17 21:00:00,2023-04-17 21:04:00,4.0,UNEXPECTED_SHORT_GAP,UNEXPECTED
2023-04-17 21:11:00,2023-04-17 21:13:00,2.0,UNEXPECTED_SHORT_GAP,UNEXPECTED
2023-04-17 21:14:00,2023-04-17 21:16:00,2.0,UNEXPECTED_SHORT_GAP,UNEXPECTED
2023-04-17 21:16:00,2023-04-17 21:20:00,4.0,UNEXPECTED_SHORT_GAP,UNEXPECTED
2023-04-17 21:20:00,2023-04-17 21:26:00,6.0,UNEXPECTED_INTRADAY_GAP,UNEXPECTED
2023-04-17 21:26:00,2023-04-17 21:28:00,2.0,UNEXPECTED_SHORT_GAP,UNEXPECTED
2023-04-17 21:41:00,2023-04-17 21:43:00,2.0,UNEXPECTED_SHORT_GAP,UNEXPECTED
2023-04-17 21:46:00,2023-04-17 21:49:00,3.0,UNEXPECTED_SHORT_GAP,UNEXPECTED
2023-04-17 21:56:00,2023-04-17 21:58:00,2.0,UNEXPECTED_SHORT_GAP,UNEXPECTED
2023-04-17 22:08:00,2023-04-17 22:13:00,5.0,UNEXPECTED_SHORT_GAP,UNEXPECTED
2023-04-17 22:18:00,2023-04-17 22:20:00,2.0,UNEXPECTED_SHORT_GAP,UNEXPECTED
2023-04-17 22:22:00,2023-04-17 22:24:00,2.0,UNEXPECTED_SHORT_GAP,UNEXPECTED
2023-04-17 22:26:00,2023-04-17 22:28:00,2.0,UNEXPECTED_SHORT_GAP,UNEXPECTED
2023-04-17 22:32:00,2023-04-17 22:34:00,2.0,UNEXPECTED_SHORT_GAP,UNEXPECTED
2023-04-17 22:34:00,2023-04-17 22:39:00,5.0,UNEXPECTED_SHORT_GAP,UNEXPECTED
2023-04-17 22:50:00,2023-04-17 22:52:00,2.0,UNEXPECTED_SHORT_GAP,UNEXPECTED
2023-04-17 22:55:00,2023-04-17 22:57:00,2.0,UNEXPECTED_SHORT_GAP,UNEXPECTED
2023-04-17 23:06:00,2023-04-17 23:08:00,2.0,UNEXPECTED_SHORT_GAP,UNEXPECTED
2023-04-17 23:17:00,2023-04-17 23:21:00,4.0,UNEXPECTED_SHORT_GAP,UNEXPECTED
2023-04-17 23:30:00,2023-04-17 23:33:00,3.0,UNEXPECTED_SHORT_GAP,UNEXPECTED
2023-04-17 23:40:00,2023-04-17 23:42:00,2.0,UNEXPECTED_SHORT_GAP,UNEXPECTED
2023-04-17 23:43:00,2023-04-17 23:45:00,2.0,UNEXPECTED_SHORT_GAP,UNEXPECTED
2023-04-17 23:53:00,2023-04-17 23:56:00,3.0,UNEXPECTED_SHORT_GAP,UNEXPECTED
2023-04-18 04:53:00,2023-04-18 04:55:00,2.0,UNEXPECTED_SHORT_GAP,UNEXPECTED
2023-04-18 20:18:00,2023-04-18 20:23:00,5.0,UNEXPECTED_SHORT_GAP,UNEXPECTED
2023-04-18 20:25:00,2023-04-18 20:27:00,2.0,UNEXPECTED_SHORT_GAP,UNEXPECTED
2023-04-18 20:47:00,2023-04-18 20:50:00,3.0,UNEXPECTED_SHORT_GAP,UNEXPECTED
2023-04-18 20:52:00,2023-04-18 20:54:00,2.0,UNEXPECTED_SHORT_GAP,UNEXPECTED
2023-04-18 21:00:00,2023-04-18 21:05:00,5.0,UNEXPECTED_SHORT_GAP,UNEXPECTED
2023-04-18 21:05:00,2023-04-18 21:07:00,2.0,UNEXPECTED_SHORT_GAP,UNEXPECTED
2023-04-18 21:07:00,2023-04-18 21:09:00,2.0,UNEXPECTED_SHORT_GAP,UNEXPECTED
2023-04-18 21:09:00,2023-04-18 21:11:00,2.0,UNEXPECTED_SHORT_GAP,UNEXPECTED
2023-04-18 21:12:00,2023-04-18 21:15:00,3.0,UNEXPECTED_SHORT_GAP,UNEXPECTED
2023-04-18 21:22:00,2023-04-18 21:27:00,5.0,UNEXPECTED_SHORT_GAP,UNEXPECTED
2023-04-18 21:27:00,2023-04-18 21:30:00,3.0,UNEXPECTED_SHORT_GAP,UNEXPECTED
2023-04-18 21:35:00,2023-04-18 21:37:00,2.0,UNEXPECTED_SHORT_GAP,UNEXPECTED
2023-04-18 21:51:00,2023-04-18 21:53:00,2.0,UNEXPECTED_SHORT_GAP,UNEXPECTED
2023-04-18 21:53:00,2023-04-18 21:55:00,2.0,UNEXPECTED_SHORT_GAP,UNEXPECTED
2023-04-18 21:57:00,2023-04-18 21:59:00,2.0,UNEXPECTED_SHORT_GAP,UNEXPECTED
2023-04-18 22:03:00,2023-04-18 22:05:00,2.0,UNEXPECTED_SHORT_GAP,UNEXPECTED
2023-04-18 22:05:00,2023-04-18 22:08:00,3.0,UNEXPECTED_SHORT_GAP,UNEXPECTED
2023-04-18 22:17:00,2023-04-18 22:19:00,2.0,UNEXPECTED_SHORT_GAP,UNEXPECTED
2023-04-18 22:24:00,2023-04-18 22:26:00,2.0,UNEXPECTED_SHORT_GAP,UNEXPECTED
2023-04-18 22:40:00,2023-04-18 22:42:00,2.0,UNEXPECTED_SHORT_GAP,UNEXPECTED
2023-04-18 22:46:00,2023-04-18 22:48:00,2.0,UNEXPECTED_SHORT_GAP,UNEXPECTED
2023-04-18 22:55:00,2023-04-18 22:57:00,2.0,UNEXPECTED_SHORT_GAP,UNEXPECTED
2023-04-18 22:57:00,2023-04-18 22:59:00,2.0,UNEXPECTED_SHORT_GAP,UNEXPECTED
2023-04-18 23:12:00,2023-04-18 23:16:00,4.0,UNEXPECTED_SHORT_GAP,UNEXPECTED
2023-04-18 23:17:00,2023-04-18 23:19:00,2.0,UNEXPECTED_SHORT_GAP,UNEXPECTED
2023-04-18 23:19:00,2023-04-18 23:21:00,2.0,UNEXPECTED_SHORT_GAP,UNEXPECTED
2023-04-18 23:26:00,2023-04-18 23:29:00,3.0,UNEXPECTED_SHORT_GAP,UNEXPECTED
2023-04-18 23:51:00,2023-04-18 23:53:00,2.0,UNEXPECTED_SHORT_GAP,UNEXPECTED
2023-04-19 04:26:00,2023-04-19 04:28:00,2.0,UNEXPECTED_SHORT_GAP,UNEXPECTED
2023-04-19 04:47:00,2023-04-19 04:49:00,2.0,UNEXPECTED_SHORT_GAP,UNEXPECTED
2023-04-19 20:16:00,2023-04-19 20:18:00,2.0,UNEXPECTED_SHORT_GAP,UNEXPECTED
2023-04-19 20:21:00,2023-04-19 20:23:00,2.0,UNEXPECTED_SHORT_GAP,UNEXPECTED
2023-04-19 20:33:00,2023-04-19 20:35:00,2.0,UNEXPECTED_SHORT_GAP,UNEXPECTED
2023-04-19 20:35:00,2023-04-19 20:37:00,2.0,UNEXPECTED_SHORT_GAP,UNEXPECTED
2023-04-19 20:59:00,2023-04-19 21:02:00,3.0,UNEXPECTED_SHORT_GAP,UNEXPECTED
2023-04-19 21:02:00,2023-04-19 21:05:00,3.0,UNEXPECTED_SHORT_GAP,UNEXPECTED
2023-04-19 21:08:00,2023-04-19 21:11:00,3.0,UNEXPECTED_SHORT_GAP,UNEXPECTED
2023-04-19 21:11:00,2023-04-19 21:13:00,2.0,UNEXPECTED_SHORT_GAP,UNEXPECTED
2023-04-19 21:43:00,2023-04-19 21:45:00,2.0,UNEXPECTED_SHORT_GAP,UNEXPECTED
2023-04-19 22:01:00,2023-04-19 22:07:00,6.0,UNEXPECTED_INTRADAY_GAP,UNEXPECTED
2023-04-19 22:07:00,2023-04-19 22:10:00,3.0,UNEXPECTED_SHORT_GAP,UNEXPECTED
2023-04-19 22:26:00,2023-04-19 22:28:00,2.0,UNEXPECTED_SHORT_GAP,UNEXPECTED
2023-04-19 23:48:00,2023-04-19 23:50:00,2.0,UNEXPECTED_SHORT_GAP,UNEXPECTED
2023-04-19 23:50:00,2023-04-19 23:52:00,2.0,UNEXPECTED_SHORT_GAP,UNEXPECTED
2023-04-20 18:10:00,2023-04-20 18:12:00,2.0,UNEXPECTED_SHORT_GAP,UNEXPECTED
2023-04-20 20:19:00,2023-04-20 20:21:00,2.0,UNEXPECTED_SHORT_GAP,UNEXPECTED
2023-04-20 21:00:00,2023-04-20 21:04:00,4.0,UNEXPECTED_SHORT_GAP,UNEXPECTED
2023-04-20 21:07:00,2023-04-20 21:09:00,2.0,UNEXPECTED_SHORT_GAP,UNEXPECTED
2023-04-20 21:23:00,2023-04-20 21:25:00,2.0,UNEXPECTED_SHORT_GAP,UNEXPECTED
2023-04-20 21:26:00,2023-04-20 21:28:00,2.0,UNEXPECTED_SHORT_GAP,UNEXPECTED
2023-04-20 22:05:00,2023-04-20 22:07:00,2.0,UNEXPECTED_SHORT_GAP,UNEXPECTED
2023-04-20 22:10:00,2023-04-20 22:12:00,2.0,UNEXPECTED_SHORT_GAP,UNEXPECTED
2023-04-20 22:13:00,2023-04-20 22:15:00,2.0,UNEXPECTED_SHORT_GAP,UNEXPECTED
2023-04-20 22:17:00,2023-04-20 22:19:00,2.0,UNEXPECTED_SHORT_GAP,UNEXPECTED
2023-04-20 22:34:00,2023-04-20 22:36:00,2.0,UNEXPECTED_SHORT_GAP,UNEXPECTED
2023-04-20 22:36:00,2023-04-20 22:38:00,2.0,UNEXPECTED_SHORT_GAP,UNEXPECTED
2023-04-20 22:52:00,2023-04-20 22:54:00,2.0,UNEXPECTED_SHORT_GAP,UNEXPECTED
2023-04-20 23:47:00,2023-04-20 23:49:00,2.0,UNEXPECTED_SHORT_GAP,UNEXPECTED
2023-04-20 23:56:00,2023-04-20 23:58:00,2.0,UNEXPECTED_SHORT_GAP,UNEXPECTED
2023-04-21 19:37:00,2023-04-21 19:39:00,2.0,UNEXPECTED_SHORT_GAP,UNEXPECTED
2023-04-21 20:08:00,2023-04-21 20:10:00,2.0,UNEXPECTED_SHORT_GAP,UNEXPECTED
2023-04-21 20:16:00,2023-04-21 20:18:00,2.0,UNEXPECTED_SHORT_GAP,UNEXPECTED
2023-04-21 20:31:00,2023-04-21 20:33:00,2.0,UNEXPECTED_SHORT_GAP,UNEXPECTED
2023-04-21 20:58:00,2023-04-23 21:06:00,2888.0,EXPECTED_WEEKEND_CLOSURE,EXPECTED
2023-04-23 21:12:00,2023-04-23 21:14:00,2.0,EXPECTED_WEEKEND_CLOSURE,EXPECTED
2023-04-23 21:30:00,2023-04-23 21:32:00,2.0,EXPECTED_WEEKEND_CLOSURE,EXPECTED
2023-04-23 21:46:00,2023-04-23 21:48:00,2.0,EXPECTED_WEEKEND_CLOSURE,EXPECTED
2023-04-23 21:49:00,2023-04-23 21:51:00,2.0,EXPECTED_WEEKEND_CLOSURE,EXPECTED
2023-04-23 21:56:00,2023-04-23 21:58:00,2.0,EXPECTED_WEEKEND_CLOSURE,EXPECTED
2023-04-23 22:20:00,2023-04-23 22:23:00,3.0,EXPECTED_WEEKEND_CLOSURE,EXPECTED
2023-04-23 22:23:00,2023-04-23 22:25:00,2.0,EXPECTED_WEEKEND_CLOSURE,EXPECTED
2023-04-23 22:47:00,2023-04-23 22:49:00,2.0,EXPECTED_WEEKEND_CLOSURE,EXPECTED
2023-04-23 23:06:00,2023-04-23 23:08:00,2.0,EXPECTED_WEEKEND_CLOSURE,EXPECTED
2023-04-23 23:40:00,2023-04-23 23:42:00,2.0,EXPECTED_WEEKEND_CLOSURE,EXPECTED
2023-04-24 19:30:00,2023-04-24 19:32:00,2.0,UNEXPECTED_SHORT_GAP,UNEXPECTED
2023-04-24 20:23:00,2023-04-24 20:26:00,3.0,UNEXPECTED_SHORT_GAP,UNEXPECTED
2023-04-24 20:26:00,2023-04-24 20:29:00,3.0,UNEXPECTED_SHORT_GAP,UNEXPECTED
2023-04-24 20:29:00,2023-04-24 20:31:00,2.0,UNEXPECTED_SHORT_GAP,UNEXPECTED
2023-04-24 20:31:00,2023-04-24 20:33:00,2.0,UNEXPECTED_SHORT_GAP,UNEXPECTED
2023-04-24 20:43:00,2023-04-24 20:45:00,2.0,UNEXPECTED_SHORT_GAP,UNEXPECTED
2023-04-24 20:53:00,2023-04-24 20:55:00,2.0,UNEXPECTED_SHORT_GAP,UNEXPECTED
2023-04-24 21:01:00,2023-04-24 21:04:00,3.0,UNEXPECTED_SHORT_GAP,UNEXPECTED
2023-04-24 21:14:00,2023-04-24 21:16:00,2.0,UNEXPECTED_SHORT_GAP,UNEXPECTED
2023-04-24 21:18:00,2023-04-24 21:25:00,7.0,UNEXPECTED_INTRADAY_GAP,UNEXPECTED
2023-04-24 21:45:00,2023-04-24 21:47:00,2.0,UNEXPECTED_SHORT_GAP,UNEXPECTED
2023-04-24 21:51:00,2023-04-24 21:53:00,2.0,UNEXPECTED_SHORT_GAP,UNEXPECTED
2023-04-24 21:54:00,2023-04-24 21:56:00,2.0,UNEXPECTED_SHORT_GAP,UNEXPECTED
2023-04-24 21:56:00,2023-04-24 21:59:00,3.0,UNEXPECTED_SHORT_GAP,UNEXPECTED
2023-04-24 22:08:00,2023-04-24 22:10:00,2.0,UNEXPECTED_SHORT_GAP,UNEXPECTED
2023-04-24 22:14:00,2023-04-24 22:16:00,2.0,UNEXPECTED_SHORT_GAP,UNEXPECTED
2023-04-24 22:30:00,2023-04-24 22:32:00,2.0,UNEXPECTED_SHORT_GAP,UNEXPECTED
2023-04-24 22:32:00,2023-04-24 22:39:00,7.0,UNEXPECTED_INTRADAY_GAP,UNEXPECTED
2023-04-24 22:50:00,2023-04-24 22:53:00,3.0,UNEXPECTED_SHORT_GAP,UNEXPECTED
2023-04-24 23:27:00,2023-04-24 23:30:00,3.0,UNEXPECTED_SHORT_GAP,UNEXPECTED
2023-04-24 23:33:00,2023-04-24 23:35:00,2.0,UNEXPECTED_SHORT_GAP,UNEXPECTED
2023-04-24 23:35:00,2023-04-24 23:37:00,2.0,UNEXPECTED_SHORT_GAP,UNEXPECTED
2023-04-24 23:38:00,2023-04-24 23:41:00,3.0,UNEXPECTED_SHORT_GAP,UNEXPECTED
2023-04-24 23:54:00,2023-04-24 23:58:00,4.0,UNEXPECTED_SHORT_GAP,UNEXPECTED
2023-04-25 20:27:00,2023-04-25 20:29:00,2.0,UNEXPECTED_SHORT_GAP,UNEXPECTED
2023-04-25 20:30:00,2023-04-25 20:33:00,3.0,UNEXPECTED_SHORT_GAP,UNEXPECTED
2023-04-25 20:56:00,2023-04-25 20:58:00,2.0,UNEXPECTED_SHORT_GAP,UNEXPECTED
2023-04-25 21:00:00,2023-04-25 21:02:00,2.0,UNEXPECTED_SHORT_GAP,UNEXPECTED
2023-04-25 21:37:00,2023-04-25 21:39:00,2.0,UNEXPECTED_SHORT_GAP,UNEXPECTED
2023-04-25 21:40:00,2023-04-25 21:42:00,2.0,UNEXPECTED_SHORT_GAP,UNEXPECTED
2023-04-25 21:42:00,2023-04-25 21:44:00,2.0,UNEXPECTED_SHORT_GAP,UNEXPECTED
2023-04-25 21:47:00,2023-04-25 21:53:00,6.0,UNEXPECTED_INTRADAY_GAP,UNEXPECTED
2023-04-25 21:57:00,2023-04-25 21:59:00,2.0,UNEXPECTED_SHORT_GAP,UNEXPECTED
2023-04-25 22:08:00,2023-04-25 22:10:00,2.0,UNEXPECTED_SHORT_GAP,UNEXPECTED
2023-04-25 22:11:00,2023-04-25 22:13:00,2.0,UNEXPECTED_SHORT_GAP,UNEXPECTED
2023-04-25 22:40:00,2023-04-25 22:42:00,2.0,UNEXPECTED_SHORT_GAP,UNEXPECTED
2023-04-25 22:43:00,2023-04-25 22:45:00,2.0,UNEXPECTED_SHORT_GAP,UNEXPECTED
2023-04-25 22:47:00,2023-04-25 22:50:00,3.0,UNEXPECTED_SHORT_GAP,UNEXPECTED
2023-04-26 20:07:00,2023-04-26 20:09:00,2.0,UNEXPECTED_SHORT_GAP,UNEXPECTED
2023-04-26 20:21:00,2023-04-26 20:24:00,3.0,UNEXPECTED_SHORT_GAP,UNEXPECTED
2023-04-26 20:34:00,2023-04-26 20:36:00,2.0,UNEXPECTED_SHORT_GAP,UNEXPECTED
2023-04-26 20:36:00,2023-04-26 20:39:00,3.0,UNEXPECTED_SHORT_GAP,UNEXPECTED
2023-04-26 20:40:00,2023-04-26 20:43:00,3.0,UNEXPECTED_SHORT_GAP,UNEXPECTED
2023-04-26 20:46:00,2023-04-26 20:48:00,2.0,UNEXPECTED_SHORT_GAP,UNEXPECTED
2023-04-26 21:02:00,2023-04-26 21:04:00,2.0,UNEXPECTED_SHORT_GAP,UNEXPECTED
2023-04-26 21:12:00,2023-04-26 21:14:00,2.0,UNEXPECTED_SHORT_GAP,UNEXPECTED
2023-04-26 21:15:00,2023-04-26 21:19:00,4.0,UNEXPECTED_SHORT_GAP,UNEXPECTED
2023-04-26 21:19:00,2023-04-26 21:27:00,8.0,UNEXPECTED_INTRADAY_GAP,UNEXPECTED
2023-04-26 21:41:00,2023-04-26 21:44:00,3.0,UNEXPECTED_SHORT_GAP,UNEXPECTED
2023-04-26 21:50:00,2023-04-26 21:52:00,2.0,UNEXPECTED_SHORT_GAP,UNEXPECTED
2023-04-26 21:54:00,2023-04-26 21:56:00,2.0,UNEXPECTED_SHORT_GAP,UNEXPECTED
2023-04-26 21:57:00,2023-04-26 22:00:00,3.0,UNEXPECTED_SHORT_GAP,UNEXPECTED
2023-04-26 22:37:00,2023-04-26 22:41:00,4.0,UNEXPECTED_SHORT_GAP,UNEXPECTED
2023-04-26 22:41:00,2023-04-26 22:43:00,2.0,UNEXPECTED_SHORT_GAP,UNEXPECTED
2023-04-26 22:44:00,2023-04-26 22:48:00,4.0,UNEXPECTED_SHORT_GAP,UNEXPECTED
2023-04-26 22:52:00,2023-04-26 22:54:00,2.0,UNEXPECTED_SHORT_GAP,UNEXPECTED
2023-04-26 23:06:00,2023-04-26 23:08:00,2.0,UNEXPECTED_SHORT_GAP,UNEXPECTED
2023-04-26 23:16:00,2023-04-26 23:18:00,2.0,UNEXPECTED_SHORT_GAP,UNEXPECTED
2023-04-26 23:52:00,2023-04-26 23:54:00,2.0,UNEXPECTED_SHORT_GAP,UNEXPECTED
2023-04-27 21:19:00,2023-04-27 21:22:00,3.0,UNEXPECTED_SHORT_GAP,UNEXPECTED
2023-04-27 21:47:00,2023-04-27 21:49:00,2.0,UNEXPECTED_SHORT_GAP,UNEXPECTED
2023-04-27 21:56:00,2023-04-27 21:58:00,2.0,UNEXPECTED_SHORT_GAP,UNEXPECTED
2023-04-27 22:09:00,2023-04-27 22:12:00,3.0,UNEXPECTED_SHORT_GAP,UNEXPECTED
2023-04-27 22:33:00,2023-04-27 22:35:00,2.0,UNEXPECTED_SHORT_GAP,UNEXPECTED
2023-04-27 22:43:00,2023-04-27 22:45:00,2.0,UNEXPECTED_SHORT_GAP,UNEXPECTED
2023-04-27 22:46:00,2023-04-27 22:48:00,2.0,UNEXPECTED_SHORT_GAP,UNEXPECTED
2023-04-27 22:50:00,2023-04-27 22:53:00,3.0,UNEXPECTED_SHORT_GAP,UNEXPECTED
2023-04-28 20:46:00,2023-04-28 20:48:00,2.0,UNEXPECTED_SHORT_GAP,UNEXPECTED
2023-04-28 20:58:00,2023-04-30 21:07:00,2889.0,EXPECTED_WEEKEND_CLOSURE,EXPECTED
2023-04-30 21:10:00,2023-04-30 21:13:00,3.0,EXPECTED_WEEKEND_CLOSURE,EXPECTED
2023-04-30 21:19:00,2023-04-30 21:22:00,3.0,EXPECTED_WEEKEND_CLOSURE,EXPECTED
2023-04-30 21:27:00,2023-04-30 21:29:00,2.0,EXPECTED_WEEKEND_CLOSURE,EXPECTED
2023-04-30 21:48:00,2023-04-30 21:50:00,2.0,EXPECTED_WEEKEND_CLOSURE,EXPECTED
2023-04-30 21:55:00,2023-04-30 21:57:00,2.0,EXPECTED_WEEKEND_CLOSURE,EXPECTED
2023-04-30 22:50:00,2023-04-30 22:52:00,2.0,EXPECTED_WEEKEND_CLOSURE,EXPECTED
2023-04-30 23:41:00,2023-04-30 23:43:00,2.0,EXPECTED_WEEKEND_CLOSURE,EXPECTED
2023-05-01 20:34:00,2023-05-01 20:36:00,2.0,UNEXPECTED_SHORT_GAP,UNEXPECTED
2023-05-01 20:41:00,2023-05-01 20:44:00,3.0,UNEXPECTED_SHORT_GAP,UNEXPECTED
2023-05-01 20:59:00,2023-05-01 21:01:00,2.0,UNEXPECTED_SHORT_GAP,UNEXPECTED
2023-05-01 21:01:00,2023-05-01 21:03:00,2.0,UNEXPECTED_SHORT_GAP,UNEXPECTED
2023-05-01 21:07:00,2023-05-01 21:09:00,2.0,UNEXPECTED_SHORT_GAP,UNEXPECTED
2023-05-01 21:13:00,2023-05-01 21:16:00,3.0,UNEXPECTED_SHORT_GAP,UNEXPECTED
2023-05-01 21:17:00,2023-05-01 21:19:00,2.0,UNEXPECTED_SHORT_GAP,UNEXPECTED
2023-05-01 21:23:00,2023-05-01 21:25:00,2.0,UNEXPECTED_SHORT_GAP,UNEXPECTED
2023-05-01 21:43:00,2023-05-01 21:45:00,2.0,UNEXPECTED_SHORT_GAP,UNEXPECTED
2023-05-01 21:54:00,2023-05-01 21:56:00,2.0,UNEXPECTED_SHORT_GAP,UNEXPECTED
2023-05-01 22:19:00,2023-05-01 22:22:00,3.0,UNEXPECTED_SHORT_GAP,UNEXPECTED
2023-05-01 22:28:00,2023-05-01 22:30:00,2.0,UNEXPECTED_SHORT_GAP,UNEXPECTED
2023-05-01 22:34:00,2023-05-01 22:36:00,2.0,UNEXPECTED_SHORT_GAP,UNEXPECTED
2023-05-01 22:37:00,2023-05-01 22:40:00,3.0,UNEXPECTED_SHORT_GAP,UNEXPECTED
2023-05-01 22:43:00,2023-05-01 22:45:00,2.0,UNEXPECTED_SHORT_GAP,UNEXPECTED
2023-05-01 22:45:00,2023-05-01 22:47:00,2.0,UNEXPECTED_SHORT_GAP,UNEXPECTED
2023-05-01 22:50:00,2023-05-01 22:52:00,2.0,UNEXPECTED_SHORT_GAP,UNEXPECTED
2023-05-01 22:55:00,2023-05-01 22:57:00,2.0,UNEXPECTED_SHORT_GAP,UNEXPECTED
2023-05-01 23:43:00,2023-05-01 23:45:00,2.0,UNEXPECTED_SHORT_GAP,UNEXPECTED
2023-05-02 04:26:00,2023-05-02 04:28:00,2.0,UNEXPECTED_SHORT_GAP,UNEXPECTED
2023-05-02 20:21:00,2023-05-02 20:23:00,2.0,UNEXPECTED_SHORT_GAP,UNEXPECTED
2023-05-02 20:27:00,2023-05-02 20:29:00,2.0,UNEXPECTED_SHORT_GAP,UNEXPECTED
2023-05-02 20:30:00,2023-05-02 20:32:00,2.0,UNEXPECTED_SHORT_GAP,UNEXPECTED
2023-05-02 20:38:00,2023-05-02 20:40:00,2.0,UNEXPECTED_SHORT_GAP,UNEXPECTED
2023-05-02 20:50:00,2023-05-02 20:52:00,2.0,UNEXPECTED_SHORT_GAP,UNEXPECTED
2023-05-02 21:01:00,2023-05-02 21:03:00,2.0,UNEXPECTED_SHORT_GAP,UNEXPECTED
2023-05-02 21:03:00,2023-05-02 21:05:00,2.0,UNEXPECTED_SHORT_GAP,UNEXPECTED
2023-05-02 21:27:00,2023-05-02 21:29:00,2.0,UNEXPECTED_SHORT_GAP,UNEXPECTED
2023-05-02 21:38:00,2023-05-02 21:40:00,2.0,UNEXPECTED_SHORT_GAP,UNEXPECTED
2023-05-02 22:40:00,2023-05-02 22:42:00,2.0,UNEXPECTED_SHORT_GAP,UNEXPECTED
2023-05-02 22:48:00,2023-05-02 22:50:00,2.0,UNEXPECTED_SHORT_GAP,UNEXPECTED
2023-05-02 22:50:00,2023-05-02 22:52:00,2.0,UNEXPECTED_SHORT_GAP,UNEXPECTED
2023-05-02 22:58:00,2023-05-02 23:00:00,2.0,UNEXPECTED_SHORT_GAP,UNEXPECTED
2023-05-02 23:09:00,2023-05-02 23:11:00,2.0,UNEXPECTED_SHORT_GAP,UNEXPECTED
2023-05-02 23:11:00,2023-05-02 23:13:00,2.0,UNEXPECTED_SHORT_GAP,UNEXPECTED
2023-05-03 05:19:00,2023-05-03 05:21:00,2.0,UNEXPECTED_SHORT_GAP,UNEXPECTED
2023-05-03 20:08:00,2023-05-03 20:10:00,2.0,UNEXPECTED_SHORT_GAP,UNEXPECTED
2023-05-03 20:59:00,2023-05-03 21:01:00,2.0,UNEXPECTED_SHORT_GAP,UNEXPECTED
2023-05-03 21:02:00,2023-05-03 21:04:00,2.0,UNEXPECTED_SHORT_GAP,UNEXPECTED
2023-05-04 05:58:00,2023-05-04 06:00:00,2.0,UNEXPECTED_SHORT_GAP,UNEXPECTED
2023-05-04 20:21:00,2023-05-04 20:23:00,2.0,UNEXPECTED_SHORT_GAP,UNEXPECTED
2023-05-04 20:26:00,2023-05-04 20:28:00,2.0,UNEXPECTED_SHORT_GAP,UNEXPECTED
2023-05-04 20:37:00,2023-05-04 20:39:00,2.0,UNEXPECTED_SHORT_GAP,UNEXPECTED
2023-05-04 21:01:00,2023-05-04 21:03:00,2.0,UNEXPECTED_SHORT_GAP,UNEXPECTED
2023-05-04 21:03:00,2023-05-04 21:05:00,2.0,UNEXPECTED_SHORT_GAP,UNEXPECTED
2023-05-04 21:17:00,2023-05-04 21:19:00,2.0,UNEXPECTED_SHORT_GAP,UNEXPECTED
2023-05-04 21:28:00,2023-05-04 21:30:00,2.0,UNEXPECTED_SHORT_GAP,UNEXPECTED
2023-05-04 21:37:00,2023-05-04 21:40:00,3.0,UNEXPECTED_SHORT_GAP,UNEXPECTED
2023-05-04 21:42:00,2023-05-04 21:44:00,2.0,UNEXPECTED_SHORT_GAP,UNEXPECTED
2023-05-04 22:02:00,2023-05-04 22:04:00,2.0,UNEXPECTED_SHORT_GAP,UNEXPECTED
2023-05-04 22:07:00,2023-05-04 22:10:00,3.0,UNEXPECTED_SHORT_GAP,UNEXPECTED
2023-05-04 22:11:00,2023-05-04 22:13:00,2.0,UNEXPECTED_SHORT_GAP,UNEXPECTED
2023-05-04 22:13:00,2023-05-04 22:15:00,2.0,UNEXPECTED_SHORT_GAP,UNEXPECTED
2023-05-05 20:58:00,2023-05-07 21:09:00,2891.0,EXPECTED_WEEKEND_CLOSURE,EXPECTED
2023-05-07 21:09:00,2023-05-07 21:12:00,3.0,EXPECTED_WEEKEND_CLOSURE,EXPECTED
2023-05-07 21:13:00,2023-05-07 21:15:00,2.0,EXPECTED_WEEKEND_CLOSURE,EXPECTED
2023-05-07 21:24:00,2023-05-07 21:26:00,2.0,EXPECTED_WEEKEND_CLOSURE,EXPECTED
2023-05-07 21:35:00,2023-05-07 21:37:00,2.0,EXPECTED_WEEKEND_CLOSURE,EXPECTED
2023-05-08 17:05:00,2023-05-08 17:07:00,2.0,UNEXPECTED_SHORT_GAP,UNEXPECTED
2023-05-08 19:20:00,2023-05-08 19:22:00,2.0,UNEXPECTED_SHORT_GAP,UNEXPECTED
2023-05-08 20:07:00,2023-05-08 20:09:00,2.0,UNEXPECTED_SHORT_GAP,UNEXPECTED
2023-05-08 20:15:00,2023-05-08 20:19:00,4.0,UNEXPECTED_SHORT_GAP,UNEXPECTED
2023-05-08 20:24:00,2023-05-08 20:26:00,2.0,UNEXPECTED_SHORT_GAP,UNEXPECTED
2023-05-08 20:27:00,2023-05-08 20:29:00,2.0,UNEXPECTED_SHORT_GAP,UNEXPECTED
2023-05-08 20:29:00,2023-05-08 20:31:00,2.0,UNEXPECTED_SHORT_GAP,UNEXPECTED
2023-05-08 20:36:00,2023-05-08 20:38:00,2.0,UNEXPECTED_SHORT_GAP,UNEXPECTED
2023-05-08 21:00:00,2023-05-08 21:03:00,3.0,UNEXPECTED_SHORT_GAP,UNEXPECTED
2023-05-08 21:09:00,2023-05-08 21:11:00,2.0,UNEXPECTED_SHORT_GAP,UNEXPECTED
2023-05-08 21:14:00,2023-05-08 21:17:00,3.0,UNEXPECTED_SHORT_GAP,UNEXPECTED
2023-05-08 21:57:00,2023-05-08 21:59:00,2.0,UNEXPECTED_SHORT_GAP,UNEXPECTED
2023-05-08 22:03:00,2023-05-08 22:06:00,3.0,UNEXPECTED_SHORT_GAP,UNEXPECTED
2023-05-08 22:25:00,2023-05-08 22:27:00,2.0,UNEXPECTED_SHORT_GAP,UNEXPECTED
2023-05-08 22:27:00,2023-05-08 22:30:00,3.0,UNEXPECTED_SHORT_GAP,UNEXPECTED
2023-05-08 22:34:00,2023-05-08 22:36:00,2.0,UNEXPECTED_SHORT_GAP,UNEXPECTED
2023-05-08 22:36:00,2023-05-08 22:39:00,3.0,UNEXPECTED_SHORT_GAP,UNEXPECTED
2023-05-08 22:41:00,2023-05-08 22:43:00,2.0,UNEXPECTED_SHORT_GAP,UNEXPECTED
2023-05-08 22:52:00,2023-05-08 22:54:00,2.0,UNEXPECTED_SHORT_GAP,UNEXPECTED
2023-05-08 22:56:00,2023-05-08 22:58:00,2.0,UNEXPECTED_SHORT_GAP,UNEXPECTED
2023-05-08 23:11:00,2023-05-08 23:13:00,2.0,UNEXPECTED_SHORT_GAP,UNEXPECTED
2023-05-08 23:13:00,2023-05-08 23:15:00,2.0,UNEXPECTED_SHORT_GAP,UNEXPECTED
2023-05-08 23:20:00,2023-05-08 23:22:00,2.0,UNEXPECTED_SHORT_GAP,UNEXPECTED
2023-05-08 23:26:00,2023-05-08 23:28:00,2.0,UNEXPECTED_SHORT_GAP,UNEXPECTED
2023-05-08 23:35:00,2023-05-08 23:37:00,2.0,UNEXPECTED_SHORT_GAP,UNEXPECTED
2023-05-08 23:37:00,2023-05-08 23:39:00,2.0,UNEXPECTED_SHORT_GAP,UNEXPECTED
2023-05-09 20:18:00,2023-05-09 20:20:00,2.0,UNEXPECTED_SHORT_GAP,UNEXPECTED
2023-05-09 20:25:00,2023-05-09 20:28:00,3.0,UNEXPECTED_SHORT_GAP,UNEXPECTED
2023-05-09 20:45:00,2023-05-09 20:48:00,3.0,UNEXPECTED_SHORT_GAP,UNEXPECTED
2023-05-09 20:59:00,2023-05-09 21:05:00,6.0,UNEXPECTED_INTRADAY_GAP,UNEXPECTED
2023-05-09 21:07:00,2023-05-09 21:10:00,3.0,UNEXPECTED_SHORT_GAP,UNEXPECTED
2023-05-09 21:19:00,2023-05-09 21:21:00,2.0,UNEXPECTED_SHORT_GAP,UNEXPECTED
2023-05-09 21:26:00,2023-05-09 21:28:00,2.0,UNEXPECTED_SHORT_GAP,UNEXPECTED
2023-05-09 21:49:00,2023-05-09 21:53:00,4.0,UNEXPECTED_SHORT_GAP,UNEXPECTED
2023-05-09 22:05:00,2023-05-09 22:08:00,3.0,UNEXPECTED_SHORT_GAP,UNEXPECTED
2023-05-09 23:12:00,2023-05-09 23:16:00,4.0,UNEXPECTED_SHORT_GAP,UNEXPECTED
2023-05-09 23:16:00,2023-05-09 23:18:00,2.0,UNEXPECTED_SHORT_GAP,UNEXPECTED
2023-05-09 23:23:00,2023-05-09 23:25:00,2.0,UNEXPECTED_SHORT_GAP,UNEXPECTED
2023-05-09 23:28:00,2023-05-09 23:30:00,2.0,UNEXPECTED_SHORT_GAP,UNEXPECTED
2023-05-09 23:48:00,2023-05-09 23:51:00,3.0,UNEXPECTED_SHORT_GAP,UNEXPECTED
2023-05-10 04:43:00,2023-05-10 04:45:00,2.0,UNEXPECTED_SHORT_GAP,UNEXPECTED
2023-05-10 19:23:00,2023-05-10 19:25:00,2.0,UNEXPECTED_SHORT_GAP,UNEXPECTED
2023-05-10 20:12:00,2023-05-10 20:14:00,2.0,UNEXPECTED_SHORT_GAP,UNEXPECTED
2023-05-10 20:14:00,2023-05-10 20:16:00,2.0,UNEXPECTED_SHORT_GAP,UNEXPECTED
2023-05-10 20:35:00,2023-05-10 20:37:00,2.0,UNEXPECTED_SHORT_GAP,UNEXPECTED
2023-05-10 20:38:00,2023-05-10 20:40:00,2.0,UNEXPECTED_SHORT_GAP,UNEXPECTED
2023-05-10 20:44:00,2023-05-10 20:46:00,2.0,UNEXPECTED_SHORT_GAP,UNEXPECTED
2023-05-10 21:06:00,2023-05-10 21:08:00,2.0,UNEXPECTED_SHORT_GAP,UNEXPECTED
2023-05-10 21:21:00,2023-05-10 21:24:00,3.0,UNEXPECTED_SHORT_GAP,UNEXPECTED
2023-05-10 22:01:00,2023-05-10 22:03:00,2.0,UNEXPECTED_SHORT_GAP,UNEXPECTED
2023-05-10 22:04:00,2023-05-10 22:07:00,3.0,UNEXPECTED_SHORT_GAP,UNEXPECTED
2023-05-10 22:22:00,2023-05-10 22:24:00,2.0,UNEXPECTED_SHORT_GAP,UNEXPECTED
2023-05-10 22:24:00,2023-05-10 22:26:00,2.0,UNEXPECTED_SHORT_GAP,UNEXPECTED
2023-05-10 22:26:00,2023-05-10 22:30:00,4.0,UNEXPECTED_SHORT_GAP,UNEXPECTED
2023-05-10 22:34:00,2023-05-10 22:36:00,2.0,UNEXPECTED_SHORT_GAP,UNEXPECTED
2023-05-10 22:41:00,2023-05-10 22:43:00,2.0,UNEXPECTED_SHORT_GAP,UNEXPECTED
2023-05-10 22:44:00,2023-05-10 22:46:00,2.0,UNEXPECTED_SHORT_GAP,UNEXPECTED
2023-05-10 22:48:00,2023-05-10 22:52:00,4.0,UNEXPECTED_SHORT_GAP,UNEXPECTED
2023-05-10 22:52:00,2023-05-10 22:54:00,2.0,UNEXPECTED_SHORT_GAP,UNEXPECTED
2023-05-10 22:56:00,2023-05-10 22:58:00,2.0,UNEXPECTED_SHORT_GAP,UNEXPECTED
2023-05-10 23:01:00,2023-05-10 23:03:00,2.0,UNEXPECTED_SHORT_GAP,UNEXPECTED
2023-05-10 23:12:00,2023-05-10 23:15:00,3.0,UNEXPECTED_SHORT_GAP,UNEXPECTED
2023-05-10 23:15:00,2023-05-10 23:17:00,2.0,UNEXPECTED_SHORT_GAP,UNEXPECTED
2023-05-10 23:21:00,2023-05-10 23:24:00,3.0,UNEXPECTED_SHORT_GAP,UNEXPECTED
2023-05-10 23:26:00,2023-05-10 23:28:00,2.0,UNEXPECTED_SHORT_GAP,UNEXPECTED
2023-05-10 23:31:00,2023-05-10 23:33:00,2.0,UNEXPECTED_SHORT_GAP,UNEXPECTED
2023-05-10 23:46:00,2023-05-10 23:48:00,2.0,UNEXPECTED_SHORT_GAP,UNEXPECTED
2023-05-10 23:57:00,2023-05-10 23:59:00,2.0,UNEXPECTED_SHORT_GAP,UNEXPECTED
2023-05-11 05:32:00,2023-05-11 05:34:00,2.0,UNEXPECTED_SHORT_GAP,UNEXPECTED
2023-05-11 20:20:00,2023-05-11 20:23:00,3.0,UNEXPECTED_SHORT_GAP,UNEXPECTED
2023-05-11 20:29:00,2023-05-11 20:31:00,2.0,UNEXPECTED_SHORT_GAP,UNEXPECTED
2023-05-11 20:35:00,2023-05-11 20:37:00,2.0,UNEXPECTED_SHORT_GAP,UNEXPECTED
2023-05-11 20:38:00,2023-05-11 20:40:00,2.0,UNEXPECTED_SHORT_GAP,UNEXPECTED
2023-05-11 20:42:00,2023-05-11 20:44:00,2.0,UNEXPECTED_SHORT_GAP,UNEXPECTED
2023-05-11 20:59:00,2023-05-11 21:01:00,2.0,UNEXPECTED_SHORT_GAP,UNEXPECTED
2023-05-11 21:09:00,2023-05-11 21:11:00,2.0,UNEXPECTED_SHORT_GAP,UNEXPECTED
2023-05-11 21:22:00,2023-05-11 21:24:00,2.0,UNEXPECTED_SHORT_GAP,UNEXPECTED
2023-05-11 21:55:00,2023-05-11 21:57:00,2.0,UNEXPECTED_SHORT_GAP,UNEXPECTED
2023-05-11 22:01:00,2023-05-11 22:03:00,2.0,UNEXPECTED_SHORT_GAP,UNEXPECTED
2023-05-11 22:08:00,2023-05-11 22:10:00,2.0,UNEXPECTED_SHORT_GAP,UNEXPECTED
2023-05-11 22:15:00,2023-05-11 22:17:00,2.0,UNEXPECTED_SHORT_GAP,UNEXPECTED
2023-05-11 22:20:00,2023-05-11 22:22:00,2.0,UNEXPECTED_SHORT_GAP,UNEXPECTED
2023-05-11 22:30:00,2023-05-11 22:32:00,2.0,UNEXPECTED_SHORT_GAP,UNEXPECTED
2023-05-11 22:33:00,2023-05-11 22:38:00,5.0,UNEXPECTED_SHORT_GAP,UNEXPECTED
2023-05-11 22:39:00,2023-05-11 22:41:00,2.0,UNEXPECTED_SHORT_GAP,UNEXPECTED
2023-05-11 22:42:00,2023-05-11 22:44:00,2.0,UNEXPECTED_SHORT_GAP,UNEXPECTED
2023-05-11 22:44:00,2023-05-11 22:46:00,2.0,UNEXPECTED_SHORT_GAP,UNEXPECTED
2023-05-11 22:51:00,2023-05-11 22:53:00,2.0,UNEXPECTED_SHORT_GAP,UNEXPECTED
2023-05-11 23:02:00,2023-05-11 23:04:00,2.0,UNEXPECTED_SHORT_GAP,UNEXPECTED
2023-05-11 23:34:00,2023-05-11 23:36:00,2.0,UNEXPECTED_SHORT_GAP,UNEXPECTED
2023-05-11 23:42:00,2023-05-11 23:45:00,3.0,UNEXPECTED_SHORT_GAP,UNEXPECTED
2023-05-11 23:52:00,2023-05-11 23:56:00,4.0,UNEXPECTED_SHORT_GAP,UNEXPECTED
2023-05-11 23:56:00,2023-05-11 23:58:00,2.0,UNEXPECTED_SHORT_GAP,UNEXPECTED
2023-05-12 17:18:00,2023-05-12 17:20:00,2.0,UNEXPECTED_SHORT_GAP,UNEXPECTED
2023-05-12 20:58:00,2023-05-14 21:05:00,2887.0,EXPECTED_WEEKEND_CLOSURE,EXPECTED
2023-05-14 21:18:00,2023-05-14 21:20:00,2.0,EXPECTED_WEEKEND_CLOSURE,EXPECTED
2023-05-14 21:20:00,2023-05-14 21:23:00,3.0,EXPECTED_WEEKEND_CLOSURE,EXPECTED
2023-05-14 21:28:00,2023-05-14 21:30:00,2.0,EXPECTED_WEEKEND_CLOSURE,EXPECTED
2023-05-14 21:45:00,2023-05-14 21:47:00,2.0,EXPECTED_WEEKEND_CLOSURE,EXPECTED
2023-05-14 21:50:00,2023-05-14 21:52:00,2.0,EXPECTED_WEEKEND_CLOSURE,EXPECTED
2023-05-14 21:54:00,2023-05-14 21:56:00,2.0,EXPECTED_WEEKEND_CLOSURE,EXPECTED
2023-05-14 21:56:00,2023-05-14 21:58:00,2.0,EXPECTED_WEEKEND_CLOSURE,EXPECTED
2023-05-14 22:08:00,2023-05-14 22:10:00,2.0,EXPECTED_WEEKEND_CLOSURE,EXPECTED
2023-05-14 22:19:00,2023-05-14 22:21:00,2.0,EXPECTED_WEEKEND_CLOSURE,EXPECTED
2023-05-14 22:22:00,2023-05-14 22:24:00,2.0,EXPECTED_WEEKEND_CLOSURE,EXPECTED
2023-05-14 22:33:00,2023-05-14 22:35:00,2.0,EXPECTED_WEEKEND_CLOSURE,EXPECTED
2023-05-14 22:35:00,2023-05-14 22:37:00,2.0,EXPECTED_WEEKEND_CLOSURE,EXPECTED
2023-05-14 22:42:00,2023-05-14 22:44:00,2.0,EXPECTED_WEEKEND_CLOSURE,EXPECTED
2023-05-14 22:48:00,2023-05-14 22:50:00,2.0,EXPECTED_WEEKEND_CLOSURE,EXPECTED
2023-05-14 22:53:00,2023-05-14 22:55:00,2.0,EXPECTED_WEEKEND_CLOSURE,EXPECTED
2023-05-14 22:56:00,2023-05-14 22:58:00,2.0,EXPECTED_WEEKEND_CLOSURE,EXPECTED
2023-05-14 23:08:00,2023-05-14 23:10:00,2.0,EXPECTED_WEEKEND_CLOSURE,EXPECTED
2023-05-14 23:28:00,2023-05-14 23:30:00,2.0,EXPECTED_WEEKEND_CLOSURE,EXPECTED
2023-05-14 23:39:00,2023-05-14 23:41:00,2.0,EXPECTED_WEEKEND_CLOSURE,EXPECTED
2023-05-14 23:45:00,2023-05-14 23:47:00,2.0,EXPECTED_WEEKEND_CLOSURE,EXPECTED
2023-05-14 23:52:00,2023-05-14 23:54:00,2.0,EXPECTED_WEEKEND_CLOSURE,EXPECTED
2023-05-15 00:19:00,2023-05-15 00:21:00,2.0,UNEXPECTED_SHORT_GAP,UNEXPECTED
2023-05-15 18:37:00,2023-05-15 18:39:00,2.0,UNEXPECTED_SHORT_GAP,UNEXPECTED
2023-05-15 19:17:00,2023-05-15 19:19:00,2.0,UNEXPECTED_SHORT_GAP,UNEXPECTED
2023-05-15 19:40:00,2023-05-15 19:42:00,2.0,UNEXPECTED_SHORT_GAP,UNEXPECTED
2023-05-15 19:48:00,2023-05-15 19:50:00,2.0,UNEXPECTED_SHORT_GAP,UNEXPECTED
2023-05-15 19:51:00,2023-05-15 19:53:00,2.0,UNEXPECTED_SHORT_GAP,UNEXPECTED
2023-05-15 20:27:00,2023-05-15 20:29:00,2.0,UNEXPECTED_SHORT_GAP,UNEXPECTED
2023-05-15 20:35:00,2023-05-15 20:37:00,2.0,UNEXPECTED_SHORT_GAP,UNEXPECTED
2023-05-15 20:45:00,2023-05-15 20:47:00,2.0,UNEXPECTED_SHORT_GAP,UNEXPECTED
2023-05-15 20:53:00,2023-05-15 20:55:00,2.0,UNEXPECTED_SHORT_GAP,UNEXPECTED
2023-05-15 20:59:00,2023-05-15 21:02:00,3.0,UNEXPECTED_SHORT_GAP,UNEXPECTED
2023-05-15 21:13:00,2023-05-15 21:15:00,2.0,UNEXPECTED_SHORT_GAP,UNEXPECTED
2023-05-15 21:16:00,2023-05-15 21:18:00,2.0,UNEXPECTED_SHORT_GAP,UNEXPECTED
2023-05-15 21:19:00,2023-05-15 21:21:00,2.0,UNEXPECTED_SHORT_GAP,UNEXPECTED
2023-05-15 21:22:00,2023-05-15 21:24:00,2.0,UNEXPECTED_SHORT_GAP,UNEXPECTED
2023-05-15 21:24:00,2023-05-15 21:26:00,2.0,UNEXPECTED_SHORT_GAP,UNEXPECTED
2023-05-15 21:27:00,2023-05-15 21:30:00,3.0,UNEXPECTED_SHORT_GAP,UNEXPECTED
2023-05-15 21:34:00,2023-05-15 21:36:00,2.0,UNEXPECTED_SHORT_GAP,UNEXPECTED
2023-05-15 21:48:00,2023-05-15 21:50:00,2.0,UNEXPECTED_SHORT_GAP,UNEXPECTED
2023-05-15 22:01:00,2023-05-15 22:04:00,3.0,UNEXPECTED_SHORT_GAP,UNEXPECTED
2023-05-15 22:05:00,2023-05-15 22:11:00,6.0,UNEXPECTED_INTRADAY_GAP,UNEXPECTED
2023-05-15 22:13:00,2023-05-15 22:15:00,2.0,UNEXPECTED_SHORT_GAP,UNEXPECTED
2023-05-15 22:15:00,2023-05-15 22:17:00,2.0,UNEXPECTED_SHORT_GAP,UNEXPECTED
2023-05-15 22:17:00,2023-05-15 22:19:00,2.0,UNEXPECTED_SHORT_GAP,UNEXPECTED
2023-05-15 22:19:00,2023-05-15 22:21:00,2.0,UNEXPECTED_SHORT_GAP,UNEXPECTED
2023-05-15 22:37:00,2023-05-15 22:39:00,2.0,UNEXPECTED_SHORT_GAP,UNEXPECTED
2023-05-15 22:43:00,2023-05-15 22:47:00,4.0,UNEXPECTED_SHORT_GAP,UNEXPECTED
2023-05-15 22:47:00,2023-05-15 22:49:00,2.0,UNEXPECTED_SHORT_GAP,UNEXPECTED
2023-05-15 23:26:00,2023-05-15 23:30:00,4.0,UNEXPECTED_SHORT_GAP,UNEXPECTED
2023-05-15 23:31:00,2023-05-15 23:33:00,2.0,UNEXPECTED_SHORT_GAP,UNEXPECTED
2023-05-15 23:33:00,2023-05-15 23:35:00,2.0,UNEXPECTED_SHORT_GAP,UNEXPECTED
2023-05-15 23:43:00,2023-05-15 23:47:00,4.0,UNEXPECTED_SHORT_GAP,UNEXPECTED
2023-05-15 23:48:00,2023-05-15 23:50:00,2.0,UNEXPECTED_SHORT_GAP,UNEXPECTED
2023-05-15 23:50:00,2023-05-15 23:52:00,2.0,UNEXPECTED_SHORT_GAP,UNEXPECTED
2023-05-15 23:56:00,2023-05-15 23:58:00,2.0,UNEXPECTED_SHORT_GAP,UNEXPECTED
2023-05-16 01:25:00,2023-05-16 01:27:00,2.0,UNEXPECTED_SHORT_GAP,UNEXPECTED
2023-05-16 04:57:00,2023-05-16 04:59:00,2.0,UNEXPECTED_SHORT_GAP,UNEXPECTED
2023-05-16 17:37:00,2023-05-16 17:39:00,2.0,UNEXPECTED_SHORT_GAP,UNEXPECTED
2023-05-16 19:17:00,2023-05-16 19:19:00,2.0,UNEXPECTED_SHORT_GAP,UNEXPECTED
2023-05-16 20:25:00,2023-05-16 20:27:00,2.0,UNEXPECTED_SHORT_GAP,UNEXPECTED
2023-05-16 21:01:00,2023-05-16 21:04:00,3.0,UNEXPECTED_SHORT_GAP,UNEXPECTED
2023-05-16 21:52:00,2023-05-16 21:55:00,3.0,UNEXPECTED_SHORT_GAP,UNEXPECTED
2023-05-16 21:58:00,2023-05-16 22:00:00,2.0,UNEXPECTED_SHORT_GAP,UNEXPECTED
2023-05-16 22:08:00,2023-05-16 22:10:00,2.0,UNEXPECTED_SHORT_GAP,UNEXPECTED
2023-05-16 22:10:00,2023-05-16 22:15:00,5.0,UNEXPECTED_SHORT_GAP,UNEXPECTED
2023-05-16 22:17:00,2023-05-16 22:19:00,2.0,UNEXPECTED_SHORT_GAP,UNEXPECTED
2023-05-16 22:36:00,2023-05-16 22:38:00,2.0,UNEXPECTED_SHORT_GAP,UNEXPECTED
2023-05-16 22:48:00,2023-05-16 22:51:00,3.0,UNEXPECTED_SHORT_GAP,UNEXPECTED
2023-05-16 22:51:00,2023-05-16 22:54:00,3.0,UNEXPECTED_SHORT_GAP,UNEXPECTED
2023-05-16 23:13:00,2023-05-16 23:15:00,2.0,UNEXPECTED_SHORT_GAP,UNEXPECTED
2023-05-16 23:19:00,2023-05-16 23:21:00,2.0,UNEXPECTED_SHORT_GAP,UNEXPECTED
2023-05-16 23:26:00,2023-05-16 23:28:00,2.0,UNEXPECTED_SHORT_GAP,UNEXPECTED
2023-05-16 23:37:00,2023-05-16 23:39:00,2.0,UNEXPECTED_SHORT_GAP,UNEXPECTED
2023-05-16 23:47:00,2023-05-16 23:49:00,2.0,UNEXPECTED_SHORT_GAP,UNEXPECTED
2023-05-16 23:55:00,2023-05-16 23:57:00,2.0,UNEXPECTED_SHORT_GAP,UNEXPECTED
2023-05-17 20:22:00,2023-05-17 20:25:00,3.0,UNEXPECTED_SHORT_GAP,UNEXPECTED
2023-05-17 20:25:00,2023-05-17 20:27:00,2.0,UNEXPECTED_SHORT_GAP,UNEXPECTED
2023-05-17 20:28:00,2023-05-17 20:30:00,2.0,UNEXPECTED_SHORT_GAP,UNEXPECTED
2023-05-17 20:33:00,2023-05-17 20:38:00,5.0,UNEXPECTED_SHORT_GAP,UNEXPECTED
2023-05-17 20:44:00,2023-05-17 20:47:00,3.0,UNEXPECTED_SHORT_GAP,UNEXPECTED
2023-05-17 21:01:00,2023-05-17 21:05:00,4.0,UNEXPECTED_SHORT_GAP,UNEXPECTED
2023-05-17 21:06:00,2023-05-17 21:09:00,3.0,UNEXPECTED_SHORT_GAP,UNEXPECTED
2023-05-17 21:10:00,2023-05-17 21:12:00,2.0,UNEXPECTED_SHORT_GAP,UNEXPECTED
2023-05-17 21:15:00,2023-05-17 21:17:00,2.0,UNEXPECTED_SHORT_GAP,UNEXPECTED
2023-05-17 21:20:00,2023-05-17 21:23:00,3.0,UNEXPECTED_SHORT_GAP,UNEXPECTED
2023-05-17 21:53:00,2023-05-17 21:55:00,2.0,UNEXPECTED_SHORT_GAP,UNEXPECTED
2023-05-17 22:02:00,2023-05-17 22:04:00,2.0,UNEXPECTED_SHORT_GAP,UNEXPECTED
2023-05-17 22:05:00,2023-05-17 22:07:00,2.0,UNEXPECTED_SHORT_GAP,UNEXPECTED
2023-05-17 22:42:00,2023-05-17 22:44:00,2.0,UNEXPECTED_SHORT_GAP,UNEXPECTED
2023-05-17 22:46:00,2023-05-17 22:50:00,4.0,UNEXPECTED_SHORT_GAP,UNEXPECTED
2023-05-17 23:43:00,2023-05-17 23:46:00,3.0,UNEXPECTED_SHORT_GAP,UNEXPECTED
2023-05-17 23:48:00,2023-05-17 23:50:00,2.0,UNEXPECTED_SHORT_GAP,UNEXPECTED
2023-05-17 23:52:00,2023-05-17 23:54:00,2.0,UNEXPECTED_SHORT_GAP,UNEXPECTED
2023-05-17 23:57:00,2023-05-18 00:00:00,3.0,EXPECTED_DAILY_ROLLOVER,EXPECTED
2023-05-18 04:26:00,2023-05-18 04:28:00,2.0,UNEXPECTED_SHORT_GAP,UNEXPECTED
2023-05-18 18:09:00,2023-05-18 18:11:00,2.0,UNEXPECTED_SHORT_GAP,UNEXPECTED
2023-05-18 19:17:00,2023-05-18 19:19:00,2.0,UNEXPECTED_SHORT_GAP,UNEXPECTED
2023-05-18 20:30:00,2023-05-18 20:32:00,2.0,UNEXPECTED_SHORT_GAP,UNEXPECTED
2023-05-18 21:03:00,2023-05-18 21:05:00,2.0,UNEXPECTED_SHORT_GAP,UNEXPECTED
2023-05-18 21:08:00,2023-05-18 21:11:00,3.0,UNEXPECTED_SHORT_GAP,UNEXPECTED
2023-05-18 21:27:00,2023-05-18 21:29:00,2.0,UNEXPECTED_SHORT_GAP,UNEXPECTED
2023-05-18 22:21:00,2023-05-18 22:23:00,2.0,UNEXPECTED_SHORT_GAP,UNEXPECTED
2023-05-18 22:28:00,2023-05-18 22:30:00,2.0,UNEXPECTED_SHORT_GAP,UNEXPECTED
2023-05-18 22:35:00,2023-05-18 22:37:00,2.0,UNEXPECTED_SHORT_GAP,UNEXPECTED
2023-05-18 22:47:00,2023-05-18 22:50:00,3.0,UNEXPECTED_SHORT_GAP,UNEXPECTED
2023-05-18 22:54:00,2023-05-18 22:56:00,2.0,UNEXPECTED_SHORT_GAP,UNEXPECTED
2023-05-18 23:08:00,2023-05-18 23:10:00,2.0,UNEXPECTED_SHORT_GAP,UNEXPECTED
2023-05-18 23:26:00,2023-05-18 23:29:00,3.0,UNEXPECTED_SHORT_GAP,UNEXPECTED
2023-05-18 23:30:00,2023-05-18 23:32:00,2.0,UNEXPECTED_SHORT_GAP,UNEXPECTED
2023-05-18 23:33:00,2023-05-18 23:36:00,3.0,UNEXPECTED_SHORT_GAP,UNEXPECTED
2023-05-19 20:27:00,2023-05-19 20:29:00,2.0,UNEXPECTED_SHORT_GAP,UNEXPECTED
2023-05-19 20:39:00,2023-05-19 20:41:00,2.0,UNEXPECTED_SHORT_GAP,UNEXPECTED
2023-05-19 20:58:00,2023-05-21 21:06:00,2888.0,EXPECTED_WEEKEND_CLOSURE,EXPECTED
2023-05-21 21:23:00,2023-05-21 21:25:00,2.0,EXPECTED_WEEKEND_CLOSURE,EXPECTED
2023-05-21 22:07:00,2023-05-21 22:09:00,2.0,EXPECTED_WEEKEND_CLOSURE,EXPECTED
2023-05-21 22:27:00,2023-05-21 22:29:00,2.0,EXPECTED_WEEKEND_CLOSURE,EXPECTED
2023-05-21 23:22:00,2023-05-21 23:25:00,3.0,EXPECTED_WEEKEND_CLOSURE,EXPECTED
2023-05-21 23:36:00,2023-05-21 23:38:00,2.0,EXPECTED_WEEKEND_CLOSURE,EXPECTED
2023-05-22 20:19:00,2023-05-22 20:21:00,2.0,UNEXPECTED_SHORT_GAP,UNEXPECTED
2023-05-22 20:32:00,2023-05-22 20:34:00,2.0,UNEXPECTED_SHORT_GAP,UNEXPECTED
2023-05-22 21:01:00,2023-05-22 21:04:00,3.0,UNEXPECTED_SHORT_GAP,UNEXPECTED
2023-05-22 21:09:00,2023-05-22 21:12:00,3.0,UNEXPECTED_SHORT_GAP,UNEXPECTED
2023-05-22 21:14:00,2023-05-22 21:16:00,2.0,UNEXPECTED_SHORT_GAP,UNEXPECTED
2023-05-22 21:17:00,2023-05-22 21:21:00,4.0,UNEXPECTED_SHORT_GAP,UNEXPECTED
2023-05-22 21:27:00,2023-05-22 21:30:00,3.0,UNEXPECTED_SHORT_GAP,UNEXPECTED
2023-05-22 21:58:00,2023-05-22 22:00:00,2.0,UNEXPECTED_SHORT_GAP,UNEXPECTED
2023-05-22 22:13:00,2023-05-22 22:15:00,2.0,UNEXPECTED_SHORT_GAP,UNEXPECTED
2023-05-22 23:50:00,2023-05-22 23:52:00,2.0,UNEXPECTED_SHORT_GAP,UNEXPECTED
2023-05-23 20:20:00,2023-05-23 20:22:00,2.0,UNEXPECTED_SHORT_GAP,UNEXPECTED
2023-05-23 20:22:00,2023-05-23 20:24:00,2.0,UNEXPECTED_SHORT_GAP,UNEXPECTED
2023-05-23 20:34:00,2023-05-23 20:36:00,2.0,UNEXPECTED_SHORT_GAP,UNEXPECTED
2023-05-23 21:01:00,2023-05-23 21:05:00,4.0,UNEXPECTED_SHORT_GAP,UNEXPECTED
2023-05-23 21:06:00,2023-05-23 21:08:00,2.0,UNEXPECTED_SHORT_GAP,UNEXPECTED
2023-05-23 21:11:00,2023-05-23 21:13:00,2.0,UNEXPECTED_SHORT_GAP,UNEXPECTED
2023-05-23 21:32:00,2023-05-23 21:34:00,2.0,UNEXPECTED_SHORT_GAP,UNEXPECTED
2023-05-23 21:38:00,2023-05-23 21:40:00,2.0,UNEXPECTED_SHORT_GAP,UNEXPECTED
2023-05-23 21:40:00,2023-05-23 21:42:00,2.0,UNEXPECTED_SHORT_GAP,UNEXPECTED
2023-05-23 21:47:00,2023-05-23 21:49:00,2.0,UNEXPECTED_SHORT_GAP,UNEXPECTED
2023-05-23 21:52:00,2023-05-23 21:54:00,2.0,UNEXPECTED_SHORT_GAP,UNEXPECTED
2023-05-23 22:22:00,2023-05-23 22:24:00,2.0,UNEXPECTED_SHORT_GAP,UNEXPECTED
2023-05-23 22:27:00,2023-05-23 22:29:00,2.0,UNEXPECTED_SHORT_GAP,UNEXPECTED
2023-05-23 22:34:00,2023-05-23 22:36:00,2.0,UNEXPECTED_SHORT_GAP,UNEXPECTED
2023-05-23 22:37:00,2023-05-23 22:40:00,3.0,UNEXPECTED_SHORT_GAP,UNEXPECTED
2023-05-23 22:46:00,2023-05-23 22:48:00,2.0,UNEXPECTED_SHORT_GAP,UNEXPECTED
2023-05-23 22:49:00,2023-05-23 22:51:00,2.0,UNEXPECTED_SHORT_GAP,UNEXPECTED
2023-05-23 22:51:00,2023-05-23 22:53:00,2.0,UNEXPECTED_SHORT_GAP,UNEXPECTED
2023-05-23 22:54:00,2023-05-23 22:56:00,2.0,UNEXPECTED_SHORT_GAP,UNEXPECTED
2023-05-23 23:15:00,2023-05-23 23:18:00,3.0,UNEXPECTED_SHORT_GAP,UNEXPECTED
2023-05-23 23:18:00,2023-05-23 23:20:00,2.0,UNEXPECTED_SHORT_GAP,UNEXPECTED
2023-05-23 23:32:00,2023-05-23 23:34:00,2.0,UNEXPECTED_SHORT_GAP,UNEXPECTED
2023-05-23 23:36:00,2023-05-23 23:38:00,2.0,UNEXPECTED_SHORT_GAP,UNEXPECTED
2023-05-23 23:39:00,2023-05-23 23:41:00,2.0,UNEXPECTED_SHORT_GAP,UNEXPECTED
2023-05-23 23:46:00,2023-05-23 23:48:00,2.0,UNEXPECTED_SHORT_GAP,UNEXPECTED
2023-05-24 20:25:00,2023-05-24 20:27:00,2.0,UNEXPECTED_SHORT_GAP,UNEXPECTED
2023-05-24 20:37:00,2023-05-24 20:39:00,2.0,UNEXPECTED_SHORT_GAP,UNEXPECTED
2023-05-24 20:41:00,2023-05-24 20:43:00,2.0,UNEXPECTED_SHORT_GAP,UNEXPECTED
2023-05-24 20:47:00,2023-05-24 20:49:00,2.0,UNEXPECTED_SHORT_GAP,UNEXPECTED
2023-05-24 20:50:00,2023-05-24 20:52:00,2.0,UNEXPECTED_SHORT_GAP,UNEXPECTED
2023-05-24 21:08:00,2023-05-24 21:10:00,2.0,UNEXPECTED_SHORT_GAP,UNEXPECTED
2023-05-24 21:10:00,2023-05-24 21:12:00,2.0,UNEXPECTED_SHORT_GAP,UNEXPECTED
2023-05-24 21:51:00,2023-05-24 21:53:00,2.0,UNEXPECTED_SHORT_GAP,UNEXPECTED
2023-05-24 22:02:00,2023-05-24 22:04:00,2.0,UNEXPECTED_SHORT_GAP,UNEXPECTED
2023-05-24 22:05:00,2023-05-24 22:09:00,4.0,UNEXPECTED_SHORT_GAP,UNEXPECTED
2023-05-24 23:52:00,2023-05-24 23:54:00,2.0,UNEXPECTED_SHORT_GAP,UNEXPECTED
2023-05-25 04:33:00,2023-05-25 04:35:00,2.0,UNEXPECTED_SHORT_GAP,UNEXPECTED
2023-05-25 20:17:00,2023-05-25 20:19:00,2.0,UNEXPECTED_SHORT_GAP,UNEXPECTED
2023-05-25 21:02:00,2023-05-25 21:05:00,3.0,UNEXPECTED_SHORT_GAP,UNEXPECTED
2023-05-25 21:14:00,2023-05-25 21:16:00,2.0,UNEXPECTED_SHORT_GAP,UNEXPECTED
2023-05-25 21:21:00,2023-05-25 21:24:00,3.0,UNEXPECTED_SHORT_GAP,UNEXPECTED
2023-05-25 21:48:00,2023-05-25 21:51:00,3.0,UNEXPECTED_SHORT_GAP,UNEXPECTED
2023-05-25 21:51:00,2023-05-25 21:53:00,2.0,UNEXPECTED_SHORT_GAP,UNEXPECTED
2023-05-25 22:40:00,2023-05-25 22:42:00,2.0,UNEXPECTED_SHORT_GAP,UNEXPECTED
2023-05-25 22:44:00,2023-05-25 22:46:00,2.0,UNEXPECTED_SHORT_GAP,UNEXPECTED
2023-05-25 22:48:00,2023-05-25 22:50:00,2.0,UNEXPECTED_SHORT_GAP,UNEXPECTED
2023-05-25 22:57:00,2023-05-25 22:59:00,2.0,UNEXPECTED_SHORT_GAP,UNEXPECTED
2023-05-25 23:04:00,2023-05-25 23:06:00,2.0,UNEXPECTED_SHORT_GAP,UNEXPECTED
2023-05-25 23:16:00,2023-05-25 23:18:00,2.0,UNEXPECTED_SHORT_GAP,UNEXPECTED
2023-05-25 23:19:00,2023-05-25 23:27:00,8.0,UNEXPECTED_INTRADAY_GAP,UNEXPECTED
2023-05-25 23:49:00,2023-05-25 23:52:00,3.0,UNEXPECTED_SHORT_GAP,UNEXPECTED
2023-05-26 17:33:00,2023-05-26 17:35:00,2.0,UNEXPECTED_SHORT_GAP,UNEXPECTED
2023-05-26 17:52:00,2023-05-26 17:54:00,2.0,UNEXPECTED_SHORT_GAP,UNEXPECTED
2023-05-26 20:36:00,2023-05-26 20:38:00,2.0,UNEXPECTED_SHORT_GAP,UNEXPECTED
2023-05-26 20:58:00,2023-05-28 21:05:00,2887.0,EXPECTED_WEEKEND_CLOSURE,EXPECTED
2023-05-28 21:08:00,2023-05-28 21:10:00,2.0,EXPECTED_WEEKEND_CLOSURE,EXPECTED
2023-05-28 21:10:00,2023-05-28 21:16:00,6.0,EXPECTED_WEEKEND_CLOSURE,EXPECTED
2023-05-28 21:24:00,2023-05-28 21:26:00,2.0,EXPECTED_WEEKEND_CLOSURE,EXPECTED
2023-05-28 21:27:00,2023-05-28 21:29:00,2.0,EXPECTED_WEEKEND_CLOSURE,EXPECTED
2023-05-28 21:33:00,2023-05-28 21:35:00,2.0,EXPECTED_WEEKEND_CLOSURE,EXPECTED
2023-05-28 21:41:00,2023-05-28 21:44:00,3.0,EXPECTED_WEEKEND_CLOSURE,EXPECTED
2023-05-28 21:45:00,2023-05-28 21:47:00,2.0,EXPECTED_WEEKEND_CLOSURE,EXPECTED
2023-05-28 21:48:00,2023-05-28 21:50:00,2.0,EXPECTED_WEEKEND_CLOSURE,EXPECTED
2023-05-28 21:54:00,2023-05-28 21:56:00,2.0,EXPECTED_WEEKEND_CLOSURE,EXPECTED
2023-05-28 22:22:00,2023-05-28 22:24:00,2.0,EXPECTED_WEEKEND_CLOSURE,EXPECTED
2023-05-28 22:25:00,2023-05-28 22:27:00,2.0,EXPECTED_WEEKEND_CLOSURE,EXPECTED
2023-05-28 22:59:00,2023-05-28 23:01:00,2.0,EXPECTED_WEEKEND_CLOSURE,EXPECTED
2023-05-28 23:17:00,2023-05-28 23:19:00,2.0,EXPECTED_WEEKEND_CLOSURE,EXPECTED
2023-05-29 04:08:00,2023-05-29 04:10:00,2.0,UNEXPECTED_SHORT_GAP,UNEXPECTED
2023-05-29 04:20:00,2023-05-29 04:22:00,2.0,UNEXPECTED_SHORT_GAP,UNEXPECTED
2023-05-29 08:13:00,2023-05-29 08:15:00,2.0,UNEXPECTED_SHORT_GAP,UNEXPECTED
2023-05-29 08:43:00,2023-05-29 08:45:00,2.0,UNEXPECTED_SHORT_GAP,UNEXPECTED
2023-05-29 13:24:00,2023-05-29 13:26:00,2.0,UNEXPECTED_SHORT_GAP,UNEXPECTED
2023-05-29 13:50:00,2023-05-29 13:52:00,2.0,UNEXPECTED_SHORT_GAP,UNEXPECTED
2023-05-29 14:24:00,2023-05-29 14:26:00,2.0,UNEXPECTED_SHORT_GAP,UNEXPECTED
2023-05-29 14:29:00,2023-05-29 14:31:00,2.0,UNEXPECTED_SHORT_GAP,UNEXPECTED
2023-05-29 15:20:00,2023-05-29 15:24:00,4.0,UNEXPECTED_SHORT_GAP,UNEXPECTED
2023-05-29 15:24:00,2023-05-29 15:26:00,2.0,UNEXPECTED_SHORT_GAP,UNEXPECTED
2023-05-29 15:41:00,2023-05-29 15:43:00,2.0,UNEXPECTED_SHORT_GAP,UNEXPECTED
2023-05-29 15:47:00,2023-05-29 15:49:00,2.0,UNEXPECTED_SHORT_GAP,UNEXPECTED
2023-05-29 15:53:00,2023-05-29 15:55:00,2.0,UNEXPECTED_SHORT_GAP,UNEXPECTED
2023-05-29 16:07:00,2023-05-29 16:09:00,2.0,UNEXPECTED_SHORT_GAP,UNEXPECTED
2023-05-29 16:12:00,2023-05-29 16:14:00,2.0,UNEXPECTED_SHORT_GAP,UNEXPECTED
2023-05-29 16:21:00,2023-05-29 16:23:00,2.0,UNEXPECTED_SHORT_GAP,UNEXPECTED
2023-05-29 16:25:00,2023-05-29 16:27:00,2.0,UNEXPECTED_SHORT_GAP,UNEXPECTED
2023-05-29 16:28:00,2023-05-29 16:32:00,4.0,UNEXPECTED_SHORT_GAP,UNEXPECTED
2023-05-29 16:40:00,2023-05-29 16:43:00,3.0,UNEXPECTED_SHORT_GAP,UNEXPECTED
2023-05-29 16:48:00,2023-05-29 16:50:00,2.0,UNEXPECTED_SHORT_GAP,UNEXPECTED
2023-05-29 16:50:00,2023-05-29 16:52:00,2.0,UNEXPECTED_SHORT_GAP,UNEXPECTED
2023-05-29 16:52:00,2023-05-29 16:54:00,2.0,UNEXPECTED_SHORT_GAP,UNEXPECTED
2023-05-29 17:00:00,2023-05-29 17:02:00,2.0,UNEXPECTED_SHORT_GAP,UNEXPECTED
2023-05-29 17:19:00,2023-05-29 17:21:00,2.0,UNEXPECTED_SHORT_GAP,UNEXPECTED
2023-05-29 17:28:00,2023-05-29 17:30:00,2.0,UNEXPECTED_SHORT_GAP,UNEXPECTED
2023-05-29 17:31:00,2023-05-29 17:34:00,3.0,UNEXPECTED_SHORT_GAP,UNEXPECTED
2023-05-29 17:35:00,2023-05-29 17:37:00,2.0,UNEXPECTED_SHORT_GAP,UNEXPECTED
2023-05-29 17:37:00,2023-05-29 17:40:00,3.0,UNEXPECTED_SHORT_GAP,UNEXPECTED
2023-05-29 17:46:00,2023-05-29 17:48:00,2.0,UNEXPECTED_SHORT_GAP,UNEXPECTED
2023-05-29 17:50:00,2023-05-29 17:52:00,2.0,UNEXPECTED_SHORT_GAP,UNEXPECTED
2023-05-29 17:57:00,2023-05-29 18:00:00,3.0,UNEXPECTED_SHORT_GAP,UNEXPECTED
2023-05-29 18:02:00,2023-05-29 18:04:00,2.0,UNEXPECTED_SHORT_GAP,UNEXPECTED
2023-05-29 18:04:00,2023-05-29 18:09:00,5.0,UNEXPECTED_SHORT_GAP,UNEXPECTED
2023-05-29 18:10:00,2023-05-29 18:12:00,2.0,UNEXPECTED_SHORT_GAP,UNEXPECTED
2023-05-29 18:12:00,2023-05-29 18:15:00,3.0,UNEXPECTED_SHORT_GAP,UNEXPECTED
2023-05-29 18:18:00,2023-05-29 18:22:00,4.0,UNEXPECTED_SHORT_GAP,UNEXPECTED
2023-05-29 18:24:00,2023-05-29 18:28:00,4.0,UNEXPECTED_SHORT_GAP,UNEXPECTED
2023-05-29 18:33:00,2023-05-29 18:35:00,2.0,UNEXPECTED_SHORT_GAP,UNEXPECTED
2023-05-29 18:40:00,2023-05-29 18:42:00,2.0,UNEXPECTED_SHORT_GAP,UNEXPECTED
2023-05-29 18:48:00,2023-05-29 18:50:00,2.0,UNEXPECTED_SHORT_GAP,UNEXPECTED
2023-05-29 19:22:00,2023-05-29 19:24:00,2.0,UNEXPECTED_SHORT_GAP,UNEXPECTED
2023-05-29 19:30:00,2023-05-29 19:33:00,3.0,UNEXPECTED_SHORT_GAP,UNEXPECTED
2023-05-29 19:41:00,2023-05-29 19:46:00,5.0,UNEXPECTED_SHORT_GAP,UNEXPECTED
2023-05-29 19:50:00,2023-05-29 19:52:00,2.0,UNEXPECTED_SHORT_GAP,UNEXPECTED
2023-05-29 19:52:00,2023-05-29 19:54:00,2.0,UNEXPECTED_SHORT_GAP,UNEXPECTED
2023-05-29 19:54:00,2023-05-29 19:56:00,2.0,UNEXPECTED_SHORT_GAP,UNEXPECTED
2023-05-29 20:03:00,2023-05-29 20:05:00,2.0,UNEXPECTED_SHORT_GAP,UNEXPECTED
2023-05-29 20:09:00,2023-05-29 20:11:00,2.0,UNEXPECTED_SHORT_GAP,UNEXPECTED
2023-05-29 20:16:00,2023-05-29 20:20:00,4.0,UNEXPECTED_SHORT_GAP,UNEXPECTED
2023-05-29 20:25:00,2023-05-29 20:27:00,2.0,UNEXPECTED_SHORT_GAP,UNEXPECTED
2023-05-29 20:42:00,2023-05-29 20:44:00,2.0,UNEXPECTED_SHORT_GAP,UNEXPECTED
2023-05-29 20:55:00,2023-05-29 20:57:00,2.0,UNEXPECTED_SHORT_GAP,UNEXPECTED
2023-05-29 21:01:00,2023-05-29 21:05:00,4.0,UNEXPECTED_SHORT_GAP,UNEXPECTED
2023-05-29 21:08:00,2023-05-29 21:10:00,2.0,UNEXPECTED_SHORT_GAP,UNEXPECTED
2023-05-29 22:02:00,2023-05-29 22:05:00,3.0,UNEXPECTED_SHORT_GAP,UNEXPECTED
2023-05-29 22:06:00,2023-05-29 22:08:00,2.0,UNEXPECTED_SHORT_GAP,UNEXPECTED
2023-05-29 22:12:00,2023-05-29 22:14:00,2.0,UNEXPECTED_SHORT_GAP,UNEXPECTED
2023-05-29 22:56:00,2023-05-29 22:59:00,3.0,UNEXPECTED_SHORT_GAP,UNEXPECTED
2023-05-29 23:33:00,2023-05-29 23:35:00,2.0,UNEXPECTED_SHORT_GAP,UNEXPECTED
2023-05-29 23:40:00,2023-05-29 23:42:00,2.0,UNEXPECTED_SHORT_GAP,UNEXPECTED
2023-05-30 20:40:00,2023-05-30 20:42:00,2.0,UNEXPECTED_SHORT_GAP,UNEXPECTED
2023-05-30 21:02:00,2023-05-30 21:04:00,2.0,UNEXPECTED_SHORT_GAP,UNEXPECTED
2023-05-30 21:19:00,2023-05-30 21:21:00,2.0,UNEXPECTED_SHORT_GAP,UNEXPECTED
2023-05-30 22:02:00,2023-05-30 22:04:00,2.0,UNEXPECTED_SHORT_GAP,UNEXPECTED
2023-05-30 22:08:00,2023-05-30 22:10:00,2.0,UNEXPECTED_SHORT_GAP,UNEXPECTED
2023-05-30 22:28:00,2023-05-30 22:30:00,2.0,UNEXPECTED_SHORT_GAP,UNEXPECTED
2023-05-30 22:38:00,2023-05-30 22:40:00,2.0,UNEXPECTED_SHORT_GAP,UNEXPECTED
2023-05-30 22:48:00,2023-05-30 22:51:00,3.0,UNEXPECTED_SHORT_GAP,UNEXPECTED
2023-05-30 22:53:00,2023-05-30 22:55:00,2.0,UNEXPECTED_SHORT_GAP,UNEXPECTED
2023-05-30 23:07:00,2023-05-30 23:09:00,2.0,UNEXPECTED_SHORT_GAP,UNEXPECTED
2023-05-30 23:24:00,2023-05-30 23:26:00,2.0,UNEXPECTED_SHORT_GAP,UNEXPECTED
2023-05-31 20:06:00,2023-05-31 20:08:00,2.0,UNEXPECTED_SHORT_GAP,UNEXPECTED
2023-05-31 20:20:00,2023-05-31 20:22:00,2.0,UNEXPECTED_SHORT_GAP,UNEXPECTED
2023-05-31 21:02:00,2023-05-31 21:04:00,2.0,UNEXPECTED_SHORT_GAP,UNEXPECTED
2023-05-31 21:08:00,2023-05-31 21:11:00,3.0,UNEXPECTED_SHORT_GAP,UNEXPECTED
2023-05-31 21:16:00,2023-05-31 21:18:00,2.0,UNEXPECTED_SHORT_GAP,UNEXPECTED
2023-05-31 21:20:00,2023-05-31 21:22:00,2.0,UNEXPECTED_SHORT_GAP,UNEXPECTED
2023-05-31 21:28:00,2023-05-31 21:30:00,2.0,UNEXPECTED_SHORT_GAP,UNEXPECTED
2023-05-31 22:02:00,2023-05-31 22:04:00,2.0,UNEXPECTED_SHORT_GAP,UNEXPECTED
2023-05-31 22:07:00,2023-05-31 22:12:00,5.0,UNEXPECTED_SHORT_GAP,UNEXPECTED
2023-05-31 22:12:00,2023-05-31 22:14:00,2.0,UNEXPECTED_SHORT_GAP,UNEXPECTED
2023-05-31 22:17:00,2023-05-31 22:19:00,2.0,UNEXPECTED_SHORT_GAP,UNEXPECTED
2023-06-01 11:46:00,2023-06-01 11:48:00,2.0,UNEXPECTED_SHORT_GAP,UNEXPECTED
2023-06-01 20:07:00,2023-06-01 20:09:00,2.0,UNEXPECTED_SHORT_GAP,UNEXPECTED
2023-06-01 20:23:00,2023-06-01 20:25:00,2.0,UNEXPECTED_SHORT_GAP,UNEXPECTED
2023-06-01 20:25:00,2023-06-01 20:27:00,2.0,UNEXPECTED_SHORT_GAP,UNEXPECTED
2023-06-01 20:30:00,2023-06-01 20:32:00,2.0,UNEXPECTED_SHORT_GAP,UNEXPECTED
2023-06-01 20:33:00,2023-06-01 20:35:00,2.0,UNEXPECTED_SHORT_GAP,UNEXPECTED
2023-06-01 20:38:00,2023-06-01 20:40:00,2.0,UNEXPECTED_SHORT_GAP,UNEXPECTED
2023-06-01 20:40:00,2023-06-01 20:42:00,2.0,UNEXPECTED_SHORT_GAP,UNEXPECTED
2023-06-01 20:42:00,2023-06-01 20:47:00,5.0,UNEXPECTED_SHORT_GAP,UNEXPECTED
2023-06-01 21:02:00,2023-06-01 21:05:00,3.0,UNEXPECTED_SHORT_GAP,UNEXPECTED
2023-06-01 21:55:00,2023-06-01 21:58:00,3.0,UNEXPECTED_SHORT_GAP,UNEXPECTED
2023-06-01 22:06:00,2023-06-01 22:08:00,2.0,UNEXPECTED_SHORT_GAP,UNEXPECTED
2023-06-01 22:15:00,2023-06-01 22:17:00,2.0,UNEXPECTED_SHORT_GAP,UNEXPECTED
2023-06-01 22:18:00,2023-06-01 22:20:00,2.0,UNEXPECTED_SHORT_GAP,UNEXPECTED
2023-06-01 22:21:00,2023-06-01 22:23:00,2.0,UNEXPECTED_SHORT_GAP,UNEXPECTED
2023-06-01 22:39:00,2023-06-01 22:41:00,2.0,UNEXPECTED_SHORT_GAP,UNEXPECTED
2023-06-01 22:51:00,2023-06-01 22:53:00,2.0,UNEXPECTED_SHORT_GAP,UNEXPECTED
2023-06-01 23:15:00,2023-06-01 23:17:00,2.0,UNEXPECTED_SHORT_GAP,UNEXPECTED
2023-06-01 23:19:00,2023-06-01 23:22:00,3.0,UNEXPECTED_SHORT_GAP,UNEXPECTED
2023-06-01 23:38:00,2023-06-01 23:40:00,2.0,UNEXPECTED_SHORT_GAP,UNEXPECTED
2023-06-02 04:22:00,2023-06-02 04:24:00,2.0,UNEXPECTED_SHORT_GAP,UNEXPECTED
2023-06-02 05:00:00,2023-06-02 05:02:00,2.0,UNEXPECTED_SHORT_GAP,UNEXPECTED
2023-06-02 20:21:00,2023-06-02 20:24:00,3.0,UNEXPECTED_SHORT_GAP,UNEXPECTED
2023-06-02 20:31:00,2023-06-02 20:34:00,3.0,UNEXPECTED_SHORT_GAP,UNEXPECTED
2023-06-02 20:35:00,2023-06-02 20:37:00,2.0,UNEXPECTED_SHORT_GAP,UNEXPECTED
2023-06-02 20:38:00,2023-06-02 20:41:00,3.0,UNEXPECTED_SHORT_GAP,UNEXPECTED
2023-06-02 20:58:00,2023-06-04 21:05:00,2887.0,EXPECTED_WEEKEND_CLOSURE,EXPECTED
2023-06-04 21:24:00,2023-06-04 21:26:00,2.0,EXPECTED_WEEKEND_CLOSURE,EXPECTED
2023-06-04 21:26:00,2023-06-04 21:29:00,3.0,EXPECTED_WEEKEND_CLOSURE,EXPECTED
2023-06-04 21:31:00,2023-06-04 21:33:00,2.0,EXPECTED_WEEKEND_CLOSURE,EXPECTED
2023-06-04 21:53:00,2023-06-04 21:55:00,2.0,EXPECTED_WEEKEND_CLOSURE,EXPECTED
2023-06-04 22:07:00,2023-06-04 22:09:00,2.0,EXPECTED_WEEKEND_CLOSURE,EXPECTED
2023-06-04 22:49:00,2023-06-04 22:51:00,2.0,EXPECTED_WEEKEND_CLOSURE,EXPECTED
2023-06-04 22:51:00,2023-06-04 22:53:00,2.0,EXPECTED_WEEKEND_CLOSURE,EXPECTED
2023-06-04 23:43:00,2023-06-04 23:45:00,2.0,EXPECTED_WEEKEND_CLOSURE,EXPECTED
2023-06-05 02:45:00,2023-06-05 02:47:00,2.0,UNEXPECTED_SHORT_GAP,UNEXPECTED
2023-06-05 03:53:00,2023-06-05 03:56:00,3.0,UNEXPECTED_SHORT_GAP,UNEXPECTED
2023-06-05 17:08:00,2023-06-05 17:10:00,2.0,UNEXPECTED_SHORT_GAP,UNEXPECTED
2023-06-05 20:19:00,2023-06-05 20:25:00,6.0,UNEXPECTED_INTRADAY_GAP,UNEXPECTED
2023-06-05 20:29:00,2023-06-05 20:31:00,2.0,UNEXPECTED_SHORT_GAP,UNEXPECTED
2023-06-05 20:36:00,2023-06-05 20:38:00,2.0,UNEXPECTED_SHORT_GAP,UNEXPECTED
2023-06-05 21:02:00,2023-06-05 21:04:00,2.0,UNEXPECTED_SHORT_GAP,UNEXPECTED
2023-06-05 21:19:00,2023-06-05 21:22:00,3.0,UNEXPECTED_SHORT_GAP,UNEXPECTED
2023-06-05 22:02:00,2023-06-05 22:05:00,3.0,UNEXPECTED_SHORT_GAP,UNEXPECTED
2023-06-05 22:05:00,2023-06-05 22:07:00,2.0,UNEXPECTED_SHORT_GAP,UNEXPECTED
2023-06-05 22:07:00,2023-06-05 22:10:00,3.0,UNEXPECTED_SHORT_GAP,UNEXPECTED
2023-06-05 22:24:00,2023-06-05 22:26:00,2.0,UNEXPECTED_SHORT_GAP,UNEXPECTED
2023-06-05 22:29:00,2023-06-05 22:31:00,2.0,UNEXPECTED_SHORT_GAP,UNEXPECTED
2023-06-05 22:36:00,2023-06-05 22:38:00,2.0,UNEXPECTED_SHORT_GAP,UNEXPECTED
2023-06-05 22:46:00,2023-06-05 22:49:00,3.0,UNEXPECTED_SHORT_GAP,UNEXPECTED
2023-06-05 23:20:00,2023-06-05 23:22:00,2.0,UNEXPECTED_SHORT_GAP,UNEXPECTED
2023-06-05 23:50:00,2023-06-05 23:52:00,2.0,UNEXPECTED_SHORT_GAP,UNEXPECTED
2023-06-06 00:55:00,2023-06-06 00:57:00,2.0,UNEXPECTED_SHORT_GAP,UNEXPECTED
2023-06-06 17:47:00,2023-06-06 17:49:00,2.0,UNEXPECTED_SHORT_GAP,UNEXPECTED
2023-06-06 19:24:00,2023-06-06 19:26:00,2.0,UNEXPECTED_SHORT_GAP,UNEXPECTED
2023-06-06 20:05:00,2023-06-06 20:07:00,2.0,UNEXPECTED_SHORT_GAP,UNEXPECTED
2023-06-06 20:20:00,2023-06-06 20:23:00,3.0,UNEXPECTED_SHORT_GAP,UNEXPECTED
2023-06-06 20:29:00,2023-06-06 20:33:00,4.0,UNEXPECTED_SHORT_GAP,UNEXPECTED
2023-06-06 20:33:00,2023-06-06 20:35:00,2.0,UNEXPECTED_SHORT_GAP,UNEXPECTED
2023-06-06 20:46:00,2023-06-06 20:48:00,2.0,UNEXPECTED_SHORT_GAP,UNEXPECTED
2023-06-06 21:09:00,2023-06-06 21:12:00,3.0,UNEXPECTED_SHORT_GAP,UNEXPECTED
2023-06-06 21:48:00,2023-06-06 21:50:00,2.0,UNEXPECTED_SHORT_GAP,UNEXPECTED
2023-06-06 22:02:00,2023-06-06 22:04:00,2.0,UNEXPECTED_SHORT_GAP,UNEXPECTED
2023-06-06 22:05:00,2023-06-06 22:07:00,2.0,UNEXPECTED_SHORT_GAP,UNEXPECTED
2023-06-06 22:07:00,2023-06-06 22:09:00,2.0,UNEXPECTED_SHORT_GAP,UNEXPECTED
2023-06-06 22:17:00,2023-06-06 22:19:00,2.0,UNEXPECTED_SHORT_GAP,UNEXPECTED
2023-06-06 22:27:00,2023-06-06 22:29:00,2.0,UNEXPECTED_SHORT_GAP,UNEXPECTED
2023-06-06 22:33:00,2023-06-06 22:35:00,2.0,UNEXPECTED_SHORT_GAP,UNEXPECTED
2023-06-06 22:35:00,2023-06-06 22:37:00,2.0,UNEXPECTED_SHORT_GAP,UNEXPECTED
2023-06-06 22:37:00,2023-06-06 22:41:00,4.0,UNEXPECTED_SHORT_GAP,UNEXPECTED
2023-06-06 22:53:00,2023-06-06 22:56:00,3.0,UNEXPECTED_SHORT_GAP,UNEXPECTED
2023-06-06 23:16:00,2023-06-06 23:18:00,2.0,UNEXPECTED_SHORT_GAP,UNEXPECTED
2023-06-07 04:22:00,2023-06-07 04:24:00,2.0,UNEXPECTED_SHORT_GAP,UNEXPECTED
2023-06-07 04:27:00,2023-06-07 04:29:00,2.0,UNEXPECTED_SHORT_GAP,UNEXPECTED
2023-06-07 20:17:00,2023-06-07 20:19:00,2.0,UNEXPECTED_SHORT_GAP,UNEXPECTED
2023-06-07 20:22:00,2023-06-07 20:24:00,2.0,UNEXPECTED_SHORT_GAP,UNEXPECTED
2023-06-07 20:37:00,2023-06-07 20:39:00,2.0,UNEXPECTED_SHORT_GAP,UNEXPECTED
2023-06-07 21:02:00,2023-06-07 21:04:00,2.0,UNEXPECTED_SHORT_GAP,UNEXPECTED
2023-06-07 21:08:00,2023-06-07 21:10:00,2.0,UNEXPECTED_SHORT_GAP,UNEXPECTED
2023-06-07 21:19:00,2023-06-07 21:21:00,2.0,UNEXPECTED_SHORT_GAP,UNEXPECTED
2023-06-07 21:25:00,2023-06-07 21:28:00,3.0,UNEXPECTED_SHORT_GAP,UNEXPECTED
2023-06-07 21:50:00,2023-06-07 21:52:00,2.0,UNEXPECTED_SHORT_GAP,UNEXPECTED
2023-06-07 21:58:00,2023-06-07 22:00:00,2.0,UNEXPECTED_SHORT_GAP,UNEXPECTED
2023-06-07 22:07:00,2023-06-07 22:09:00,2.0,UNEXPECTED_SHORT_GAP,UNEXPECTED
2023-06-07 22:12:00,2023-06-07 22:15:00,3.0,UNEXPECTED_SHORT_GAP,UNEXPECTED
2023-06-07 22:30:00,2023-06-07 22:32:00,2.0,UNEXPECTED_SHORT_GAP,UNEXPECTED
2023-06-07 22:42:00,2023-06-07 22:45:00,3.0,UNEXPECTED_SHORT_GAP,UNEXPECTED
2023-06-07 22:51:00,2023-06-07 22:53:00,2.0,UNEXPECTED_SHORT_GAP,UNEXPECTED
2023-06-07 22:55:00,2023-06-07 22:57:00,2.0,UNEXPECTED_SHORT_GAP,UNEXPECTED
2023-06-07 22:57:00,2023-06-07 22:59:00,2.0,UNEXPECTED_SHORT_GAP,UNEXPECTED
2023-06-07 23:04:00,2023-06-07 23:06:00,2.0,UNEXPECTED_SHORT_GAP,UNEXPECTED
2023-06-07 23:32:00,2023-06-07 23:34:00,2.0,UNEXPECTED_SHORT_GAP,UNEXPECTED
2023-06-07 23:35:00,2023-06-07 23:37:00,2.0,UNEXPECTED_SHORT_GAP,UNEXPECTED
2023-06-07 23:43:00,2023-06-07 23:45:00,2.0,UNEXPECTED_SHORT_GAP,UNEXPECTED
2023-06-08 05:03:00,2023-06-08 05:05:00,2.0,UNEXPECTED_SHORT_GAP,UNEXPECTED
2023-06-08 20:15:00,2023-06-08 20:17:00,2.0,UNEXPECTED_SHORT_GAP,UNEXPECTED
2023-06-08 20:31:00,2023-06-08 20:33:00,2.0,UNEXPECTED_SHORT_GAP,UNEXPECTED
2023-06-08 20:47:00,2023-06-08 20:49:00,2.0,UNEXPECTED_SHORT_GAP,UNEXPECTED
2023-06-08 21:00:00,2023-06-08 21:03:00,3.0,UNEXPECTED_SHORT_GAP,UNEXPECTED
2023-06-08 21:06:00,2023-06-08 21:08:00,2.0,UNEXPECTED_SHORT_GAP,UNEXPECTED
2023-06-08 21:19:00,2023-06-08 21:23:00,4.0,UNEXPECTED_SHORT_GAP,UNEXPECTED
2023-06-08 21:36:00,2023-06-08 21:38:00,2.0,UNEXPECTED_SHORT_GAP,UNEXPECTED
2023-06-08 21:47:00,2023-06-08 21:49:00,2.0,UNEXPECTED_SHORT_GAP,UNEXPECTED
2023-06-08 21:58:00,2023-06-08 22:00:00,2.0,UNEXPECTED_SHORT_GAP,UNEXPECTED
2023-06-08 22:01:00,2023-06-08 22:03:00,2.0,UNEXPECTED_SHORT_GAP,UNEXPECTED
2023-06-08 22:03:00,2023-06-08 22:05:00,2.0,UNEXPECTED_SHORT_GAP,UNEXPECTED
2023-06-08 22:05:00,2023-06-08 22:07:00,2.0,UNEXPECTED_SHORT_GAP,UNEXPECTED
2023-06-08 22:07:00,2023-06-08 22:09:00,2.0,UNEXPECTED_SHORT_GAP,UNEXPECTED
2023-06-08 22:16:00,2023-06-08 22:18:00,2.0,UNEXPECTED_SHORT_GAP,UNEXPECTED
2023-06-08 22:18:00,2023-06-08 22:21:00,3.0,UNEXPECTED_SHORT_GAP,UNEXPECTED
2023-06-08 22:23:00,2023-06-08 22:25:00,2.0,UNEXPECTED_SHORT_GAP,UNEXPECTED
2023-06-08 22:25:00,2023-06-08 22:27:00,2.0,UNEXPECTED_SHORT_GAP,UNEXPECTED
2023-06-08 22:39:00,2023-06-08 22:41:00,2.0,UNEXPECTED_SHORT_GAP,UNEXPECTED
2023-06-08 22:42:00,2023-06-08 22:47:00,5.0,UNEXPECTED_SHORT_GAP,UNEXPECTED
2023-06-08 22:50:00,2023-06-08 22:52:00,2.0,UNEXPECTED_SHORT_GAP,UNEXPECTED
2023-06-08 23:02:00,2023-06-08 23:04:00,2.0,UNEXPECTED_SHORT_GAP,UNEXPECTED
2023-06-08 23:07:00,2023-06-08 23:11:00,4.0,UNEXPECTED_SHORT_GAP,UNEXPECTED
2023-06-08 23:11:00,2023-06-08 23:13:00,2.0,UNEXPECTED_SHORT_GAP,UNEXPECTED
2023-06-08 23:17:00,2023-06-08 23:20:00,3.0,UNEXPECTED_SHORT_GAP,UNEXPECTED
2023-06-08 23:22:00,2023-06-08 23:24:00,2.0,UNEXPECTED_SHORT_GAP,UNEXPECTED
2023-06-08 23:24:00,2023-06-08 23:26:00,2.0,UNEXPECTED_SHORT_GAP,UNEXPECTED
2023-06-08 23:27:00,2023-06-08 23:29:00,2.0,UNEXPECTED_SHORT_GAP,UNEXPECTED
2023-06-08 23:41:00,2023-06-08 23:43:00,2.0,UNEXPECTED_SHORT_GAP,UNEXPECTED
2023-06-09 00:45:00,2023-06-09 00:47:00,2.0,UNEXPECTED_SHORT_GAP,UNEXPECTED
2023-06-09 04:50:00,2023-06-09 04:52:00,2.0,UNEXPECTED_SHORT_GAP,UNEXPECTED
2023-06-09 16:53:00,2023-06-09 16:55:00,2.0,UNEXPECTED_SHORT_GAP,UNEXPECTED
2023-06-09 17:31:00,2023-06-09 17:33:00,2.0,UNEXPECTED_SHORT_GAP,UNEXPECTED
2023-06-09 19:40:00,2023-06-09 19:42:00,2.0,UNEXPECTED_SHORT_GAP,UNEXPECTED
2023-06-09 20:04:00,2023-06-09 20:06:00,2.0,UNEXPECTED_SHORT_GAP,UNEXPECTED
2023-06-09 20:20:00,2023-06-09 20:22:00,2.0,UNEXPECTED_SHORT_GAP,UNEXPECTED
2023-06-09 20:36:00,2023-06-09 20:38:00,2.0,UNEXPECTED_SHORT_GAP,UNEXPECTED
2023-06-09 20:58:00,2023-06-11 21:07:00,2889.0,EXPECTED_WEEKEND_CLOSURE,EXPECTED
2023-06-11 21:17:00,2023-06-11 21:19:00,2.0,EXPECTED_WEEKEND_CLOSURE,EXPECTED
2023-06-11 21:28:00,2023-06-11 21:30:00,2.0,EXPECTED_WEEKEND_CLOSURE,EXPECTED
2023-06-11 21:48:00,2023-06-11 21:50:00,2.0,EXPECTED_WEEKEND_CLOSURE,EXPECTED
2023-06-11 22:50:00,2023-06-11 22:52:00,2.0,EXPECTED_WEEKEND_CLOSURE,EXPECTED
2023-06-11 22:57:00,2023-06-11 22:59:00,2.0,EXPECTED_WEEKEND_CLOSURE,EXPECTED
2023-06-11 23:05:00,2023-06-11 23:08:00,3.0,EXPECTED_WEEKEND_CLOSURE,EXPECTED
2023-06-11 23:11:00,2023-06-11 23:13:00,2.0,EXPECTED_WEEKEND_CLOSURE,EXPECTED
2023-06-11 23:18:00,2023-06-11 23:20:00,2.0,EXPECTED_WEEKEND_CLOSURE,EXPECTED
2023-06-11 23:38:00,2023-06-11 23:40:00,2.0,EXPECTED_WEEKEND_CLOSURE,EXPECTED
2023-06-11 23:43:00,2023-06-11 23:46:00,3.0,EXPECTED_WEEKEND_CLOSURE,EXPECTED
2023-06-11 23:46:00,2023-06-11 23:48:00,2.0,EXPECTED_WEEKEND_CLOSURE,EXPECTED
2023-06-11 23:52:00,2023-06-11 23:54:00,2.0,EXPECTED_WEEKEND_CLOSURE,EXPECTED
2023-06-11 23:56:00,2023-06-11 23:58:00,2.0,EXPECTED_WEEKEND_CLOSURE,EXPECTED
2023-06-12 02:04:00,2023-06-12 02:06:00,2.0,UNEXPECTED_SHORT_GAP,UNEXPECTED
2023-06-12 02:33:00,2023-06-12 02:35:00,2.0,UNEXPECTED_SHORT_GAP,UNEXPECTED
2023-06-12 03:15:00,2023-06-12 03:17:00,2.0,UNEXPECTED_SHORT_GAP,UNEXPECTED
2023-06-12 05:00:00,2023-06-12 05:03:00,3.0,UNEXPECTED_SHORT_GAP,UNEXPECTED
2023-06-12 20:14:00,2023-06-12 20:16:00,2.0,UNEXPECTED_SHORT_GAP,UNEXPECTED
2023-06-12 20:18:00,2023-06-12 20:20:00,2.0,UNEXPECTED_SHORT_GAP,UNEXPECTED
2023-06-12 20:32:00,2023-06-12 20:34:00,2.0,UNEXPECTED_SHORT_GAP,UNEXPECTED
2023-06-12 20:37:00,2023-06-12 20:39:00,2.0,UNEXPECTED_SHORT_GAP,UNEXPECTED
2023-06-12 20:51:00,2023-06-12 20:53:00,2.0,UNEXPECTED_SHORT_GAP,UNEXPECTED
2023-06-12 21:00:00,2023-06-12 21:02:00,2.0,UNEXPECTED_SHORT_GAP,UNEXPECTED
2023-06-12 21:17:00,2023-06-12 21:19:00,2.0,UNEXPECTED_SHORT_GAP,UNEXPECTED
2023-06-12 21:22:00,2023-06-12 21:25:00,3.0,UNEXPECTED_SHORT_GAP,UNEXPECTED
2023-06-12 21:28:00,2023-06-12 21:30:00,2.0,UNEXPECTED_SHORT_GAP,UNEXPECTED
2023-06-12 21:46:00,2023-06-12 21:48:00,2.0,UNEXPECTED_SHORT_GAP,UNEXPECTED
2023-06-12 22:02:00,2023-06-12 22:04:00,2.0,UNEXPECTED_SHORT_GAP,UNEXPECTED
2023-06-12 22:05:00,2023-06-12 22:07:00,2.0,UNEXPECTED_SHORT_GAP,UNEXPECTED
2023-06-12 22:07:00,2023-06-12 22:09:00,2.0,UNEXPECTED_SHORT_GAP,UNEXPECTED
2023-06-12 22:20:00,2023-06-12 22:22:00,2.0,UNEXPECTED_SHORT_GAP,UNEXPECTED
2023-06-12 22:36:00,2023-06-12 22:38:00,2.0,UNEXPECTED_SHORT_GAP,UNEXPECTED
2023-06-12 22:41:00,2023-06-12 22:43:00,2.0,UNEXPECTED_SHORT_GAP,UNEXPECTED
2023-06-12 22:46:00,2023-06-12 22:48:00,2.0,UNEXPECTED_SHORT_GAP,UNEXPECTED
2023-06-12 23:04:00,2023-06-12 23:07:00,3.0,UNEXPECTED_SHORT_GAP,UNEXPECTED
2023-06-12 23:08:00,2023-06-12 23:11:00,3.0,UNEXPECTED_SHORT_GAP,UNEXPECTED
2023-06-12 23:11:00,2023-06-12 23:15:00,4.0,UNEXPECTED_SHORT_GAP,UNEXPECTED
2023-06-12 23:15:00,2023-06-12 23:17:00,2.0,UNEXPECTED_SHORT_GAP,UNEXPECTED
2023-06-12 23:17:00,2023-06-12 23:19:00,2.0,UNEXPECTED_SHORT_GAP,UNEXPECTED
2023-06-12 23:21:00,2023-06-12 23:24:00,3.0,UNEXPECTED_SHORT_GAP,UNEXPECTED
2023-06-12 23:47:00,2023-06-12 23:51:00,4.0,UNEXPECTED_SHORT_GAP,UNEXPECTED
2023-06-12 23:51:00,2023-06-12 23:54:00,3.0,UNEXPECTED_SHORT_GAP,UNEXPECTED
2023-06-12 23:58:00,2023-06-13 00:00:00,2.0,EXPECTED_DAILY_ROLLOVER,EXPECTED
2023-06-13 01:11:00,2023-06-13 01:13:00,2.0,UNEXPECTED_SHORT_GAP,UNEXPECTED
2023-06-13 02:28:00,2023-06-13 02:30:00,2.0,UNEXPECTED_SHORT_GAP,UNEXPECTED
2023-06-13 02:48:00,2023-06-13 02:50:00,2.0,UNEXPECTED_SHORT_GAP,UNEXPECTED
2023-06-13 20:16:00,2023-06-13 20:18:00,2.0,UNEXPECTED_SHORT_GAP,UNEXPECTED
2023-06-13 20:32:00,2023-06-13 20:34:00,2.0,UNEXPECTED_SHORT_GAP,UNEXPECTED
2023-06-13 20:37:00,2023-06-13 20:39:00,2.0,UNEXPECTED_SHORT_GAP,UNEXPECTED
2023-06-13 21:18:00,2023-06-13 21:20:00,2.0,UNEXPECTED_SHORT_GAP,UNEXPECTED
2023-06-13 21:27:00,2023-06-13 21:29:00,2.0,UNEXPECTED_SHORT_GAP,UNEXPECTED
2023-06-13 21:41:00,2023-06-13 21:43:00,2.0,UNEXPECTED_SHORT_GAP,UNEXPECTED
2023-06-13 22:01:00,2023-06-13 22:04:00,3.0,UNEXPECTED_SHORT_GAP,UNEXPECTED
2023-06-13 22:07:00,2023-06-13 22:09:00,2.0,UNEXPECTED_SHORT_GAP,UNEXPECTED
2023-06-13 22:25:00,2023-06-13 22:27:00,2.0,UNEXPECTED_SHORT_GAP,UNEXPECTED
2023-06-13 22:32:00,2023-06-13 22:34:00,2.0,UNEXPECTED_SHORT_GAP,UNEXPECTED
2023-06-13 22:37:00,2023-06-13 22:43:00,6.0,UNEXPECTED_INTRADAY_GAP,UNEXPECTED
2023-06-13 22:43:00,2023-06-13 22:45:00,2.0,UNEXPECTED_SHORT_GAP,UNEXPECTED
2023-06-13 22:50:00,2023-06-13 22:52:00,2.0,UNEXPECTED_SHORT_GAP,UNEXPECTED
2023-06-13 22:55:00,2023-06-13 22:57:00,2.0,UNEXPECTED_SHORT_GAP,UNEXPECTED
2023-06-13 22:57:00,2023-06-13 23:00:00,3.0,UNEXPECTED_SHORT_GAP,UNEXPECTED
2023-06-13 23:01:00,2023-06-13 23:03:00,2.0,UNEXPECTED_SHORT_GAP,UNEXPECTED
2023-06-13 23:12:00,2023-06-13 23:14:00,2.0,UNEXPECTED_SHORT_GAP,UNEXPECTED
2023-06-13 23:19:00,2023-06-13 23:21:00,2.0,UNEXPECTED_SHORT_GAP,UNEXPECTED
2023-06-13 23:31:00,2023-06-13 23:33:00,2.0,UNEXPECTED_SHORT_GAP,UNEXPECTED
2023-06-13 23:57:00,2023-06-13 23:59:00,2.0,UNEXPECTED_SHORT_GAP,UNEXPECTED
2023-06-14 21:00:00,2023-06-14 21:02:00,2.0,UNEXPECTED_SHORT_GAP,UNEXPECTED
2023-06-14 21:12:00,2023-06-14 21:15:00,3.0,UNEXPECTED_SHORT_GAP,UNEXPECTED
2023-06-14 21:15:00,2023-06-14 21:17:00,2.0,UNEXPECTED_SHORT_GAP,UNEXPECTED
2023-06-14 21:46:00,2023-06-14 21:48:00,2.0,UNEXPECTED_SHORT_GAP,UNEXPECTED
2023-06-14 21:51:00,2023-06-14 21:54:00,3.0,UNEXPECTED_SHORT_GAP,UNEXPECTED
2023-06-14 21:55:00,2023-06-14 21:57:00,2.0,UNEXPECTED_SHORT_GAP,UNEXPECTED
2023-06-14 22:02:00,2023-06-14 22:04:00,2.0,UNEXPECTED_SHORT_GAP,UNEXPECTED
2023-06-14 22:06:00,2023-06-14 22:09:00,3.0,UNEXPECTED_SHORT_GAP,UNEXPECTED
2023-06-14 22:09:00,2023-06-14 22:12:00,3.0,UNEXPECTED_SHORT_GAP,UNEXPECTED
2023-06-14 22:15:00,2023-06-14 22:17:00,2.0,UNEXPECTED_SHORT_GAP,UNEXPECTED
2023-06-14 22:23:00,2023-06-14 22:25:00,2.0,UNEXPECTED_SHORT_GAP,UNEXPECTED
2023-06-14 22:25:00,2023-06-14 22:28:00,3.0,UNEXPECTED_SHORT_GAP,UNEXPECTED
2023-06-14 22:34:00,2023-06-14 22:39:00,5.0,UNEXPECTED_SHORT_GAP,UNEXPECTED
2023-06-14 22:39:00,2023-06-14 22:42:00,3.0,UNEXPECTED_SHORT_GAP,UNEXPECTED
2023-06-14 22:42:00,2023-06-14 22:45:00,3.0,UNEXPECTED_SHORT_GAP,UNEXPECTED
2023-06-14 23:03:00,2023-06-14 23:05:00,2.0,UNEXPECTED_SHORT_GAP,UNEXPECTED
2023-06-14 23:08:00,2023-06-14 23:10:00,2.0,UNEXPECTED_SHORT_GAP,UNEXPECTED
2023-06-14 23:19:00,2023-06-14 23:21:00,2.0,UNEXPECTED_SHORT_GAP,UNEXPECTED
2023-06-14 23:28:00,2023-06-14 23:30:00,2.0,UNEXPECTED_SHORT_GAP,UNEXPECTED
2023-06-14 23:35:00,2023-06-14 23:37:00,2.0,UNEXPECTED_SHORT_GAP,UNEXPECTED
2023-06-14 23:41:00,2023-06-14 23:43:00,2.0,UNEXPECTED_SHORT_GAP,UNEXPECTED
2023-06-14 23:45:00,2023-06-14 23:47:00,2.0,UNEXPECTED_SHORT_GAP,UNEXPECTED
2023-06-15 19:10:00,2023-06-15 19:12:00,2.0,UNEXPECTED_SHORT_GAP,UNEXPECTED
2023-06-15 20:18:00,2023-06-15 20:20:00,2.0,UNEXPECTED_SHORT_GAP,UNEXPECTED
2023-06-15 20:32:00,2023-06-15 20:34:00,2.0,UNEXPECTED_SHORT_GAP,UNEXPECTED
2023-06-15 21:01:00,2023-06-15 21:04:00,3.0,UNEXPECTED_SHORT_GAP,UNEXPECTED
2023-06-15 21:38:00,2023-06-15 21:40:00,2.0,UNEXPECTED_SHORT_GAP,UNEXPECTED
2023-06-15 21:47:00,2023-06-15 21:49:00,2.0,UNEXPECTED_SHORT_GAP,UNEXPECTED
2023-06-15 22:03:00,2023-06-15 22:05:00,2.0,UNEXPECTED_SHORT_GAP,UNEXPECTED
2023-06-15 22:07:00,2023-06-15 22:10:00,3.0,UNEXPECTED_SHORT_GAP,UNEXPECTED
2023-06-15 22:12:00,2023-06-15 22:14:00,2.0,UNEXPECTED_SHORT_GAP,UNEXPECTED
2023-06-15 22:27:00,2023-06-15 22:30:00,3.0,UNEXPECTED_SHORT_GAP,UNEXPECTED
2023-06-15 22:30:00,2023-06-15 22:33:00,3.0,UNEXPECTED_SHORT_GAP,UNEXPECTED
2023-06-15 22:41:00,2023-06-15 22:43:00,2.0,UNEXPECTED_SHORT_GAP,UNEXPECTED
2023-06-15 22:51:00,2023-06-15 22:53:00,2.0,UNEXPECTED_SHORT_GAP,UNEXPECTED
2023-06-15 22:54:00,2023-06-15 22:56:00,2.0,UNEXPECTED_SHORT_GAP,UNEXPECTED
2023-06-15 22:56:00,2023-06-15 22:58:00,2.0,UNEXPECTED_SHORT_GAP,UNEXPECTED
2023-06-15 23:04:00,2023-06-15 23:06:00,2.0,UNEXPECTED_SHORT_GAP,UNEXPECTED
2023-06-15 23:10:00,2023-06-15 23:12:00,2.0,UNEXPECTED_SHORT_GAP,UNEXPECTED
2023-06-15 23:24:00,2023-06-15 23:26:00,2.0,UNEXPECTED_SHORT_GAP,UNEXPECTED
2023-06-15 23:46:00,2023-06-15 23:48:00,2.0,UNEXPECTED_SHORT_GAP,UNEXPECTED
2023-06-15 23:48:00,2023-06-15 23:51:00,3.0,UNEXPECTED_SHORT_GAP,UNEXPECTED
2023-06-15 23:52:00,2023-06-15 23:54:00,2.0,UNEXPECTED_SHORT_GAP,UNEXPECTED
2023-06-16 00:11:00,2023-06-16 00:13:00,2.0,UNEXPECTED_SHORT_GAP,UNEXPECTED
2023-06-16 04:04:00,2023-06-16 04:06:00,2.0,UNEXPECTED_SHORT_GAP,UNEXPECTED
2023-06-16 04:43:00,2023-06-16 04:45:00,2.0,UNEXPECTED_SHORT_GAP,UNEXPECTED
2023-06-16 20:24:00,2023-06-16 20:26:00,2.0,UNEXPECTED_SHORT_GAP,UNEXPECTED
2023-06-16 20:58:00,2023-06-18 21:06:00,2888.0,EXPECTED_WEEKEND_CLOSURE,EXPECTED
2023-06-18 21:25:00,2023-06-18 21:27:00,2.0,EXPECTED_WEEKEND_CLOSURE,EXPECTED
2023-06-18 21:34:00,2023-06-18 21:36:00,2.0,EXPECTED_WEEKEND_CLOSURE,EXPECTED
2023-06-18 21:55:00,2023-06-18 21:57:00,2.0,EXPECTED_WEEKEND_CLOSURE,EXPECTED
2023-06-19 21:00:00,2023-06-19 21:02:00,2.0,UNEXPECTED_SHORT_GAP,UNEXPECTED
2023-06-19 21:02:00,2023-06-19 21:04:00,2.0,UNEXPECTED_SHORT_GAP,UNEXPECTED
2023-06-20 21:03:00,2023-06-20 21:05:00,2.0,UNEXPECTED_SHORT_GAP,UNEXPECTED
2023-06-20 21:48:00,2023-06-20 21:50:00,2.0,UNEXPECTED_SHORT_GAP,UNEXPECTED
2023-06-21 21:01:00,2023-06-21 21:03:00,2.0,UNEXPECTED_SHORT_GAP,UNEXPECTED
2023-06-21 21:13:00,2023-06-21 21:15:00,2.0,UNEXPECTED_SHORT_GAP,UNEXPECTED
2023-06-21 21:17:00,2023-06-21 21:19:00,2.0,UNEXPECTED_SHORT_GAP,UNEXPECTED
2023-06-22 21:02:00,2023-06-22 21:05:00,3.0,UNEXPECTED_SHORT_GAP,UNEXPECTED
2023-06-22 21:12:00,2023-06-22 21:14:00,2.0,UNEXPECTED_SHORT_GAP,UNEXPECTED
2023-06-22 21:24:00,2023-06-22 21:26:00,2.0,UNEXPECTED_SHORT_GAP,UNEXPECTED
2023-06-22 21:53:00,2023-06-22 21:55:00,2.0,UNEXPECTED_SHORT_GAP,UNEXPECTED
2023-06-23 20:58:00,2023-06-25 21:05:00,2887.0,EXPECTED_WEEKEND_CLOSURE,EXPECTED
2023-06-25 21:10:00,2023-06-25 21:12:00,2.0,EXPECTED_WEEKEND_CLOSURE,EXPECTED
2023-06-25 21:43:00,2023-06-25 21:46:00,3.0,EXPECTED_WEEKEND_CLOSURE,EXPECTED
2023-06-26 21:00:00,2023-06-26 21:02:00,2.0,UNEXPECTED_SHORT_GAP,UNEXPECTED
2023-06-26 21:02:00,2023-06-26 21:04:00,2.0,UNEXPECTED_SHORT_GAP,UNEXPECTED
2023-06-26 21:11:00,2023-06-26 21:13:00,2.0,UNEXPECTED_SHORT_GAP,UNEXPECTED
2023-06-26 21:13:00,2023-06-26 21:15:00,2.0,UNEXPECTED_SHORT_GAP,UNEXPECTED
2023-06-26 21:55:00,2023-06-26 21:57:00,2.0,UNEXPECTED_SHORT_GAP,UNEXPECTED
2023-06-27 21:02:00,2023-06-27 21:05:00,3.0,UNEXPECTED_SHORT_GAP,UNEXPECTED
2023-06-27 21:10:00,2023-06-27 21:12:00,2.0,UNEXPECTED_SHORT_GAP,UNEXPECTED
2023-06-28 21:00:00,2023-06-28 21:02:00,2.0,UNEXPECTED_SHORT_GAP,UNEXPECTED
2023-06-28 21:02:00,2023-06-28 21:05:00,3.0,UNEXPECTED_SHORT_GAP,UNEXPECTED
2023-06-28 21:06:00,2023-06-28 21:08:00,2.0,UNEXPECTED_SHORT_GAP,UNEXPECTED
2023-06-28 21:16:00,2023-06-28 21:18:00,2.0,UNEXPECTED_SHORT_GAP,UNEXPECTED
2023-06-29 21:02:00,2023-06-29 21:05:00,3.0,UNEXPECTED_SHORT_GAP,UNEXPECTED
2023-06-29 21:09:00,2023-06-29 21:11:00,2.0,UNEXPECTED_SHORT_GAP,UNEXPECTED
2023-06-29 21:13:00,2023-06-29 21:15:00,2.0,UNEXPECTED_SHORT_GAP,UNEXPECTED
2023-06-29 21:16:00,2023-06-29 21:18:00,2.0,UNEXPECTED_SHORT_GAP,UNEXPECTED
2023-06-29 21:18:00,2023-06-29 21:20:00,2.0,UNEXPECTED_SHORT_GAP,UNEXPECTED
2023-06-29 21:25:00,2023-06-29 21:27:00,2.0,UNEXPECTED_SHORT_GAP,UNEXPECTED
2023-06-30 20:58:00,2023-07-02 21:06:00,2888.0,EXPECTED_WEEKEND_CLOSURE,EXPECTED
2023-07-02 21:15:00,2023-07-02 21:20:00,5.0,EXPECTED_WEEKEND_CLOSURE,EXPECTED
2023-07-03 21:01:00,2023-07-03 21:05:00,4.0,UNEXPECTED_SHORT_GAP,UNEXPECTED
2023-07-03 21:17:00,2023-07-03 21:19:00,2.0,UNEXPECTED_SHORT_GAP,UNEXPECTED
2023-07-03 21:26:00,2023-07-03 21:28:00,2.0,UNEXPECTED_SHORT_GAP,UNEXPECTED
2023-07-04 21:15:00,2023-07-04 21:17:00,2.0,UNEXPECTED_SHORT_GAP,UNEXPECTED
2023-07-05 21:02:00,2023-07-05 21:04:00,2.0,UNEXPECTED_SHORT_GAP,UNEXPECTED
2023-07-05 21:11:00,2023-07-05 21:13:00,2.0,UNEXPECTED_SHORT_GAP,UNEXPECTED
2023-07-06 21:06:00,2023-07-06 21:08:00,2.0,UNEXPECTED_SHORT_GAP,UNEXPECTED
2023-07-06 21:22:00,2023-07-06 21:24:00,2.0,UNEXPECTED_SHORT_GAP,UNEXPECTED
2023-07-06 21:54:00,2023-07-06 21:57:00,3.0,UNEXPECTED_SHORT_GAP,UNEXPECTED
2023-07-07 20:58:00,2023-07-09 21:07:00,2889.0,EXPECTED_WEEKEND_CLOSURE,EXPECTED
2023-07-09 21:15:00,2023-07-09 21:17:00,2.0,EXPECTED_WEEKEND_CLOSURE,EXPECTED
2023-07-09 21:17:00,2023-07-09 21:21:00,4.0,EXPECTED_WEEKEND_CLOSURE,EXPECTED
2023-07-10 21:13:00,2023-07-10 21:15:00,2.0,UNEXPECTED_SHORT_GAP,UNEXPECTED
2023-07-10 21:21:00,2023-07-10 21:24:00,3.0,UNEXPECTED_SHORT_GAP,UNEXPECTED
2023-07-10 21:25:00,2023-07-10 21:27:00,2.0,UNEXPECTED_SHORT_GAP,UNEXPECTED
2023-07-10 21:27:00,2023-07-10 21:29:00,2.0,UNEXPECTED_SHORT_GAP,UNEXPECTED
2023-07-12 21:02:00,2023-07-12 21:05:00,3.0,UNEXPECTED_SHORT_GAP,UNEXPECTED
2023-07-14 20:58:00,2023-07-16 21:06:00,2888.0,EXPECTED_WEEKEND_CLOSURE,EXPECTED
2023-07-16 21:47:00,2023-07-16 21:50:00,3.0,EXPECTED_WEEKEND_CLOSURE,EXPECTED
2023-07-16 21:51:00,2023-07-16 21:53:00,2.0,EXPECTED_WEEKEND_CLOSURE,EXPECTED
2023-07-17 21:01:00,2023-07-17 21:04:00,3.0,UNEXPECTED_SHORT_GAP,UNEXPECTED
2023-07-17 21:13:00,2023-07-17 21:15:00,2.0,UNEXPECTED_SHORT_GAP,UNEXPECTED
2023-07-17 21:21:00,2023-07-17 21:28:00,7.0,UNEXPECTED_INTRADAY_GAP,UNEXPECTED
2023-07-18 21:00:00,2023-07-18 21:03:00,3.0,UNEXPECTED_SHORT_GAP,UNEXPECTED
2023-07-18 21:03:00,2023-07-18 21:05:00,2.0,UNEXPECTED_SHORT_GAP,UNEXPECTED
2023-07-19 21:01:00,2023-07-19 21:03:00,2.0,UNEXPECTED_SHORT_GAP,UNEXPECTED
2023-07-19 21:05:00,2023-07-19 21:07:00,2.0,UNEXPECTED_SHORT_GAP,UNEXPECTED
2023-07-19 21:08:00,2023-07-19 21:10:00,2.0,UNEXPECTED_SHORT_GAP,UNEXPECTED
2023-07-20 21:16:00,2023-07-20 21:18:00,2.0,UNEXPECTED_SHORT_GAP,UNEXPECTED
2023-07-21 20:58:00,2023-07-23 21:05:00,2887.0,EXPECTED_WEEKEND_CLOSURE,EXPECTED
2023-07-23 21:11:00,2023-07-23 21:13:00,2.0,EXPECTED_WEEKEND_CLOSURE,EXPECTED
2023-07-23 21:23:00,2023-07-23 21:27:00,4.0,EXPECTED_WEEKEND_CLOSURE,EXPECTED
2023-07-23 21:33:00,2023-07-23 21:35:00,2.0,EXPECTED_WEEKEND_CLOSURE,EXPECTED
2023-07-24 21:02:00,2023-07-24 21:04:00,2.0,UNEXPECTED_SHORT_GAP,UNEXPECTED
2023-07-24 21:27:00,2023-07-24 21:29:00,2.0,UNEXPECTED_SHORT_GAP,UNEXPECTED
2023-07-25 21:02:00,2023-07-25 21:05:00,3.0,UNEXPECTED_SHORT_GAP,UNEXPECTED
2023-07-26 21:02:00,2023-07-26 21:05:00,3.0,UNEXPECTED_SHORT_GAP,UNEXPECTED
2023-07-26 21:07:00,2023-07-26 21:10:00,3.0,UNEXPECTED_SHORT_GAP,UNEXPECTED
2023-07-26 21:10:00,2023-07-26 21:12:00,2.0,UNEXPECTED_SHORT_GAP,UNEXPECTED
2023-07-26 21:13:00,2023-07-26 21:18:00,5.0,UNEXPECTED_SHORT_GAP,UNEXPECTED
2023-07-28 20:58:00,2023-07-30 21:05:00,2887.0,EXPECTED_WEEKEND_CLOSURE,EXPECTED
2023-07-30 21:08:00,2023-07-30 21:12:00,4.0,EXPECTED_WEEKEND_CLOSURE,EXPECTED
2023-07-30 21:13:00,2023-07-30 21:15:00,2.0,EXPECTED_WEEKEND_CLOSURE,EXPECTED
2023-07-30 21:17:00,2023-07-30 21:19:00,2.0,EXPECTED_WEEKEND_CLOSURE,EXPECTED
2023-07-30 21:19:00,2023-07-30 21:21:00,2.0,EXPECTED_WEEKEND_CLOSURE,EXPECTED
2023-07-30 21:21:00,2023-07-30 21:24:00,3.0,EXPECTED_WEEKEND_CLOSURE,EXPECTED
2023-07-30 21:24:00,2023-07-30 21:26:00,2.0,EXPECTED_WEEKEND_CLOSURE,EXPECTED
2023-07-30 21:43:00,2023-07-30 21:45:00,2.0,EXPECTED_WEEKEND_CLOSURE,EXPECTED
2023-07-30 21:45:00,2023-07-30 21:50:00,5.0,EXPECTED_WEEKEND_CLOSURE,EXPECTED
2023-07-30 21:57:00,2023-07-30 21:59:00,2.0,EXPECTED_WEEKEND_CLOSURE,EXPECTED
2023-07-31 21:01:00,2023-07-31 21:05:00,4.0,UNEXPECTED_SHORT_GAP,UNEXPECTED
2023-07-31 21:21:00,2023-07-31 21:26:00,5.0,UNEXPECTED_SHORT_GAP,UNEXPECTED
2023-08-01 21:00:00,2023-08-01 21:04:00,4.0,UNEXPECTED_SHORT_GAP,UNEXPECTED
2023-08-01 21:48:00,2023-08-01 21:50:00,2.0,UNEXPECTED_SHORT_GAP,UNEXPECTED
2023-08-02 21:01:00,2023-08-02 21:03:00,2.0,UNEXPECTED_SHORT_GAP,UNEXPECTED
2023-08-02 21:03:00,2023-08-02 21:05:00,2.0,UNEXPECTED_SHORT_GAP,UNEXPECTED
2023-08-02 21:07:00,2023-08-02 21:09:00,2.0,UNEXPECTED_SHORT_GAP,UNEXPECTED
2023-08-03 21:01:00,2023-08-03 21:03:00,2.0,UNEXPECTED_SHORT_GAP,UNEXPECTED
2023-08-03 21:03:00,2023-08-03 21:05:00,2.0,UNEXPECTED_SHORT_GAP,UNEXPECTED
2023-08-04 20:58:00,2023-08-06 21:06:00,2888.0,EXPECTED_WEEKEND_CLOSURE,EXPECTED
2023-08-07 21:00:00,2023-08-07 21:02:00,2.0,UNEXPECTED_SHORT_GAP,UNEXPECTED
2023-08-07 21:06:00,2023-08-07 21:08:00,2.0,UNEXPECTED_SHORT_GAP,UNEXPECTED
2023-08-08 20:59:00,2023-08-08 21:01:00,2.0,UNEXPECTED_SHORT_GAP,UNEXPECTED
2023-08-08 21:02:00,2023-08-08 21:04:00,2.0,UNEXPECTED_SHORT_GAP,UNEXPECTED
2023-08-09 21:03:00,2023-08-09 21:05:00,2.0,UNEXPECTED_SHORT_GAP,UNEXPECTED
2023-08-09 21:24:00,2023-08-09 21:27:00,3.0,UNEXPECTED_SHORT_GAP,UNEXPECTED
2023-08-09 21:33:00,2023-08-09 21:35:00,2.0,UNEXPECTED_SHORT_GAP,UNEXPECTED
2023-08-10 21:00:00,2023-08-10 21:02:00,2.0,UNEXPECTED_SHORT_GAP,UNEXPECTED
2023-08-11 20:58:00,2023-08-13 21:05:00,2887.0,EXPECTED_WEEKEND_CLOSURE,EXPECTED
2023-08-14 21:00:00,2023-08-14 21:02:00,2.0,UNEXPECTED_SHORT_GAP,UNEXPECTED
2023-08-14 21:03:00,2023-08-14 21:05:00,2.0,UNEXPECTED_SHORT_GAP,UNEXPECTED
2023-08-15 20:59:00,2023-08-15 21:01:00,2.0,UNEXPECTED_SHORT_GAP,UNEXPECTED
2023-08-15 21:02:00,2023-08-15 21:04:00,2.0,UNEXPECTED_SHORT_GAP,UNEXPECTED
2023-08-15 21:06:00,2023-08-15 21:10:00,4.0,UNEXPECTED_SHORT_GAP,UNEXPECTED
2023-08-16 20:59:00,2023-08-16 21:01:00,2.0,UNEXPECTED_SHORT_GAP,UNEXPECTED
2023-08-16 21:03:00,2023-08-16 21:05:00,2.0,UNEXPECTED_SHORT_GAP,UNEXPECTED
2023-08-17 21:01:00,2023-08-17 21:03:00,2.0,UNEXPECTED_SHORT_GAP,UNEXPECTED
2023-08-18 20:58:00,2023-08-20 21:06:00,2888.0,EXPECTED_WEEKEND_CLOSURE,EXPECTED
2023-08-21 21:00:00,2023-08-21 21:03:00,3.0,UNEXPECTED_SHORT_GAP,UNEXPECTED
2023-08-21 21:10:00,2023-08-21 21:13:00,3.0,UNEXPECTED_SHORT_GAP,UNEXPECTED
2023-08-22 21:01:00,2023-08-22 21:03:00,2.0,UNEXPECTED_SHORT_GAP,UNEXPECTED
2023-08-22 21:28:00,2023-08-22 21:30:00,2.0,UNEXPECTED_SHORT_GAP,UNEXPECTED
2023-08-22 21:33:00,2023-08-22 21:35:00,2.0,UNEXPECTED_SHORT_GAP,UNEXPECTED
2023-08-23 21:00:00,2023-08-23 21:02:00,2.0,UNEXPECTED_SHORT_GAP,UNEXPECTED
2023-08-23 21:02:00,2023-08-23 21:05:00,3.0,UNEXPECTED_SHORT_GAP,UNEXPECTED
2023-08-23 21:10:00,2023-08-23 21:12:00,2.0,UNEXPECTED_SHORT_GAP,UNEXPECTED
2023-08-23 21:37:00,2023-08-23 21:39:00,2.0,UNEXPECTED_SHORT_GAP,UNEXPECTED
2023-08-25 20:58:00,2023-08-27 21:07:00,2889.0,EXPECTED_WEEKEND_CLOSURE,EXPECTED
2023-08-28 20:59:00,2023-08-28 21:01:00,2.0,UNEXPECTED_SHORT_GAP,UNEXPECTED
2023-08-28 21:21:00,2023-08-28 21:23:00,2.0,UNEXPECTED_SHORT_GAP,UNEXPECTED
2023-08-29 21:01:00,2023-08-29 21:03:00,2.0,UNEXPECTED_SHORT_GAP,UNEXPECTED
2023-08-29 21:10:00,2023-08-29 21:12:00,2.0,UNEXPECTED_SHORT_GAP,UNEXPECTED
2023-08-29 21:13:00,2023-08-29 21:15:00,2.0,UNEXPECTED_SHORT_GAP,UNEXPECTED
2023-08-30 21:06:00,2023-08-30 21:08:00,2.0,UNEXPECTED_SHORT_GAP,UNEXPECTED
2023-08-31 21:03:00,2023-08-31 21:05:00,2.0,UNEXPECTED_SHORT_GAP,UNEXPECTED
2023-08-31 21:21:00,2023-08-31 21:23:00,2.0,UNEXPECTED_SHORT_GAP,UNEXPECTED
2023-09-01 20:58:00,2023-09-03 21:10:00,2892.0,EXPECTED_WEEKEND_CLOSURE,EXPECTED
2023-09-03 21:26:00,2023-09-03 21:28:00,2.0,EXPECTED_WEEKEND_CLOSURE,EXPECTED
2023-09-03 21:28:00,2023-09-03 21:30:00,2.0,EXPECTED_WEEKEND_CLOSURE,EXPECTED
2023-09-04 20:56:00,2023-09-04 20:58:00,2.0,UNEXPECTED_SHORT_GAP,UNEXPECTED
2023-09-04 21:06:00,2023-09-04 21:10:00,4.0,UNEXPECTED_SHORT_GAP,UNEXPECTED
2023-09-04 21:24:00,2023-09-04 21:27:00,3.0,UNEXPECTED_SHORT_GAP,UNEXPECTED
2023-09-05 21:02:00,2023-09-05 21:05:00,3.0,UNEXPECTED_SHORT_GAP,UNEXPECTED
2023-09-05 21:18:00,2023-09-05 21:21:00,3.0,UNEXPECTED_SHORT_GAP,UNEXPECTED
2023-09-05 21:24:00,2023-09-05 21:27:00,3.0,UNEXPECTED_SHORT_GAP,UNEXPECTED
2023-09-06 21:01:00,2023-09-06 21:05:00,4.0,UNEXPECTED_SHORT_GAP,UNEXPECTED
2023-09-07 21:00:00,2023-09-07 21:02:00,2.0,UNEXPECTED_SHORT_GAP,UNEXPECTED
2023-09-07 21:03:00,2023-09-07 21:05:00,2.0,UNEXPECTED_SHORT_GAP,UNEXPECTED
2023-09-07 21:07:00,2023-09-07 21:09:00,2.0,UNEXPECTED_SHORT_GAP,UNEXPECTED
2023-09-07 21:11:00,2023-09-07 21:13:00,2.0,UNEXPECTED_SHORT_GAP,UNEXPECTED
2023-09-08 20:58:00,2023-09-10 21:06:00,2888.0,EXPECTED_WEEKEND_CLOSURE,EXPECTED
2023-09-11 20:59:00,2023-09-11 21:01:00,2.0,UNEXPECTED_SHORT_GAP,UNEXPECTED
2023-09-11 21:12:00,2023-09-11 21:14:00,2.0,UNEXPECTED_SHORT_GAP,UNEXPECTED
2023-09-11 21:19:00,2023-09-11 21:21:00,2.0,UNEXPECTED_SHORT_GAP,UNEXPECTED
2023-09-11 21:28:00,2023-09-11 21:30:00,2.0,UNEXPECTED_SHORT_GAP,UNEXPECTED
2023-09-12 21:07:00,2023-09-12 21:09:00,2.0,UNEXPECTED_SHORT_GAP,UNEXPECTED
2023-09-13 21:51:00,2023-09-13 21:53:00,2.0,UNEXPECTED_SHORT_GAP,UNEXPECTED
2023-09-14 21:03:00,2023-09-14 21:05:00,2.0,UNEXPECTED_SHORT_GAP,UNEXPECTED
2023-09-14 21:07:00,2023-09-14 21:13:00,6.0,UNEXPECTED_INTRADAY_GAP,UNEXPECTED
2023-09-14 21:13:00,2023-09-14 21:15:00,2.0,UNEXPECTED_SHORT_GAP,UNEXPECTED
2023-09-14 21:17:00,2023-09-14 21:19:00,2.0,UNEXPECTED_SHORT_GAP,UNEXPECTED
2023-09-14 21:20:00,2023-09-14 21:23:00,3.0,UNEXPECTED_SHORT_GAP,UNEXPECTED
2023-09-14 21:23:00,2023-09-14 21:26:00,3.0,UNEXPECTED_SHORT_GAP,UNEXPECTED
2023-09-14 21:26:00,2023-09-14 21:28:00,2.0,UNEXPECTED_SHORT_GAP,UNEXPECTED
2023-09-14 21:28:00,2023-09-14 21:30:00,2.0,UNEXPECTED_SHORT_GAP,UNEXPECTED
2023-09-15 20:58:00,2023-09-17 21:05:00,2887.0,EXPECTED_WEEKEND_CLOSURE,EXPECTED
2023-09-17 21:06:00,2023-09-17 21:08:00,2.0,EXPECTED_WEEKEND_CLOSURE,EXPECTED
2023-09-17 21:10:00,2023-09-17 21:12:00,2.0,EXPECTED_WEEKEND_CLOSURE,EXPECTED
2023-09-17 21:13:00,2023-09-17 21:15:00,2.0,EXPECTED_WEEKEND_CLOSURE,EXPECTED
2023-09-17 21:16:00,2023-09-17 21:18:00,2.0,EXPECTED_WEEKEND_CLOSURE,EXPECTED
2023-09-17 21:18:00,2023-09-17 21:20:00,2.0,EXPECTED_WEEKEND_CLOSURE,EXPECTED
2023-09-17 21:21:00,2023-09-17 21:23:00,2.0,EXPECTED_WEEKEND_CLOSURE,EXPECTED
2023-09-17 21:28:00,2023-09-17 21:30:00,2.0,EXPECTED_WEEKEND_CLOSURE,EXPECTED
2023-09-17 21:53:00,2023-09-17 21:55:00,2.0,EXPECTED_WEEKEND_CLOSURE,EXPECTED
2023-09-18 21:00:00,2023-09-18 21:02:00,2.0,UNEXPECTED_SHORT_GAP,UNEXPECTED
2023-09-18 21:24:00,2023-09-18 21:26:00,2.0,UNEXPECTED_SHORT_GAP,UNEXPECTED
2023-09-18 21:30:00,2023-09-18 21:32:00,2.0,UNEXPECTED_SHORT_GAP,UNEXPECTED
2023-09-19 21:02:00,2023-09-19 21:04:00,2.0,UNEXPECTED_SHORT_GAP,UNEXPECTED
2023-09-19 21:16:00,2023-09-19 21:19:00,3.0,UNEXPECTED_SHORT_GAP,UNEXPECTED
2023-09-20 21:08:00,2023-09-20 21:11:00,3.0,UNEXPECTED_SHORT_GAP,UNEXPECTED
2023-09-20 21:13:00,2023-09-20 21:15:00,2.0,UNEXPECTED_SHORT_GAP,UNEXPECTED
2023-09-20 21:16:00,2023-09-20 21:18:00,2.0,UNEXPECTED_SHORT_GAP,UNEXPECTED
2023-09-21 21:02:00,2023-09-21 21:05:00,3.0,UNEXPECTED_SHORT_GAP,UNEXPECTED
2023-09-22 20:58:00,2023-09-24 21:06:00,2888.0,EXPECTED_WEEKEND_CLOSURE,EXPECTED
2023-09-24 21:08:00,2023-09-24 21:10:00,2.0,EXPECTED_WEEKEND_CLOSURE,EXPECTED
2023-09-24 21:17:00,2023-09-24 21:19:00,2.0,EXPECTED_WEEKEND_CLOSURE,EXPECTED
2023-09-24 21:26:00,2023-09-24 21:29:00,3.0,EXPECTED_WEEKEND_CLOSURE,EXPECTED
2023-09-25 21:03:00,2023-09-25 21:05:00,2.0,UNEXPECTED_SHORT_GAP,UNEXPECTED
2023-09-25 21:19:00,2023-09-25 21:21:00,2.0,UNEXPECTED_SHORT_GAP,UNEXPECTED
2023-09-25 21:21:00,2023-09-25 21:25:00,4.0,UNEXPECTED_SHORT_GAP,UNEXPECTED
2023-09-26 21:16:00,2023-09-26 21:18:00,2.0,UNEXPECTED_SHORT_GAP,UNEXPECTED
2023-09-26 21:18:00,2023-09-26 21:23:00,5.0,UNEXPECTED_SHORT_GAP,UNEXPECTED
2023-09-26 21:23:00,2023-09-26 21:25:00,2.0,UNEXPECTED_SHORT_GAP,UNEXPECTED
2023-09-27 20:59:00,2023-09-27 21:01:00,2.0,UNEXPECTED_SHORT_GAP,UNEXPECTED
2023-09-28 21:01:00,2023-09-28 21:03:00,2.0,UNEXPECTED_SHORT_GAP,UNEXPECTED
2023-09-29 20:58:00,2023-10-01 21:05:00,2887.0,EXPECTED_WEEKEND_CLOSURE,EXPECTED
2023-10-01 21:27:00,2023-10-01 21:29:00,2.0,EXPECTED_WEEKEND_CLOSURE,EXPECTED
2023-10-02 21:12:00,2023-10-02 21:15:00,3.0,UNEXPECTED_SHORT_GAP,UNEXPECTED
2023-10-02 21:24:00,2023-10-02 21:27:00,3.0,UNEXPECTED_SHORT_GAP,UNEXPECTED
2023-10-02 21:27:00,2023-10-02 21:29:00,2.0,UNEXPECTED_SHORT_GAP,UNEXPECTED
2023-10-03 20:59:00,2023-10-03 21:01:00,2.0,UNEXPECTED_SHORT_GAP,UNEXPECTED
2023-10-03 21:02:00,2023-10-03 21:04:00,2.0,UNEXPECTED_SHORT_GAP,UNEXPECTED
2023-10-03 21:28:00,2023-10-03 21:30:00,2.0,UNEXPECTED_SHORT_GAP,UNEXPECTED
2023-10-04 21:03:00,2023-10-04 21:05:00,2.0,UNEXPECTED_SHORT_GAP,UNEXPECTED
2023-10-04 21:15:00,2023-10-04 21:17:00,2.0,UNEXPECTED_SHORT_GAP,UNEXPECTED
2023-10-05 21:02:00,2023-10-05 21:04:00,2.0,UNEXPECTED_SHORT_GAP,UNEXPECTED
2023-10-05 21:22:00,2023-10-05 21:25:00,3.0,UNEXPECTED_SHORT_GAP,UNEXPECTED
2023-10-06 20:58:00,2023-10-08 21:21:00,2903.0,EXPECTED_WEEKEND_CLOSURE,EXPECTED
2023-10-08 21:22:00,2023-10-08 21:24:00,2.0,EXPECTED_WEEKEND_CLOSURE,EXPECTED
2023-10-10 19:14:00,2023-10-10 19:22:00,8.0,UNEXPECTED_INTRADAY_GAP,UNEXPECTED
2023-10-10 21:01:00,2023-10-10 21:03:00,2.0,UNEXPECTED_SHORT_GAP,UNEXPECTED
2023-10-10 21:18:00,2023-10-10 21:20:00,2.0,UNEXPECTED_SHORT_GAP,UNEXPECTED
2023-10-11 21:03:00,2023-10-11 21:05:00,2.0,UNEXPECTED_SHORT_GAP,UNEXPECTED
2023-10-11 21:19:00,2023-10-11 21:21:00,2.0,UNEXPECTED_SHORT_GAP,UNEXPECTED
2023-10-11 21:23:00,2023-10-11 21:25:00,2.0,UNEXPECTED_SHORT_GAP,UNEXPECTED
2023-10-12 21:00:00,2023-10-12 21:02:00,2.0,UNEXPECTED_SHORT_GAP,UNEXPECTED
2023-10-12 21:02:00,2023-10-12 21:04:00,2.0,UNEXPECTED_SHORT_GAP,UNEXPECTED
2023-10-13 20:58:00,2023-10-15 21:05:00,2887.0,EXPECTED_WEEKEND_CLOSURE,EXPECTED
2023-10-16 21:11:00,2023-10-16 21:14:00,3.0,UNEXPECTED_SHORT_GAP,UNEXPECTED
2023-10-16 21:22:00,2023-10-16 21:24:00,2.0,UNEXPECTED_SHORT_GAP,UNEXPECTED
2023-10-17 21:03:00,2023-10-17 21:05:00,2.0,UNEXPECTED_SHORT_GAP,UNEXPECTED
2023-10-17 21:22:00,2023-10-17 21:24:00,2.0,UNEXPECTED_SHORT_GAP,UNEXPECTED
2023-10-18 21:13:00,2023-10-18 21:15:00,2.0,UNEXPECTED_SHORT_GAP,UNEXPECTED
2023-10-18 21:15:00,2023-10-18 21:17:00,2.0,UNEXPECTED_SHORT_GAP,UNEXPECTED
2023-10-18 21:17:00,2023-10-18 21:19:00,2.0,UNEXPECTED_SHORT_GAP,UNEXPECTED
2023-10-18 21:21:00,2023-10-18 21:25:00,4.0,UNEXPECTED_SHORT_GAP,UNEXPECTED
2023-10-18 21:27:00,2023-10-18 21:30:00,3.0,UNEXPECTED_SHORT_GAP,UNEXPECTED
2023-10-19 21:25:00,2023-10-19 21:27:00,2.0,UNEXPECTED_SHORT_GAP,UNEXPECTED
2023-10-20 20:58:00,2023-10-22 21:05:00,2887.0,EXPECTED_WEEKEND_CLOSURE,EXPECTED
2023-10-22 21:24:00,2023-10-22 21:26:00,2.0,EXPECTED_WEEKEND_CLOSURE,EXPECTED
2023-10-22 21:28:00,2023-10-22 21:30:00,2.0,EXPECTED_WEEKEND_CLOSURE,EXPECTED
2023-10-23 21:00:00,2023-10-23 21:02:00,2.0,UNEXPECTED_SHORT_GAP,UNEXPECTED
2023-10-23 21:02:00,2023-10-23 21:05:00,3.0,UNEXPECTED_SHORT_GAP,UNEXPECTED
2023-10-24 20:59:00,2023-10-24 21:02:00,3.0,UNEXPECTED_SHORT_GAP,UNEXPECTED
2023-10-24 21:02:00,2023-10-24 21:04:00,2.0,UNEXPECTED_SHORT_GAP,UNEXPECTED
2023-10-24 21:08:00,2023-10-24 21:10:00,2.0,UNEXPECTED_SHORT_GAP,UNEXPECTED
2023-10-24 21:17:00,2023-10-24 21:20:00,3.0,UNEXPECTED_SHORT_GAP,UNEXPECTED
2023-10-25 21:01:00,2023-10-25 21:05:00,4.0,UNEXPECTED_SHORT_GAP,UNEXPECTED
2023-10-25 21:05:00,2023-10-25 21:07:00,2.0,UNEXPECTED_SHORT_GAP,UNEXPECTED
2023-10-25 21:10:00,2023-10-25 21:12:00,2.0,UNEXPECTED_SHORT_GAP,UNEXPECTED
2023-10-25 21:13:00,2023-10-25 21:15:00,2.0,UNEXPECTED_SHORT_GAP,UNEXPECTED
2023-10-25 21:17:00,2023-10-25 21:20:00,3.0,UNEXPECTED_SHORT_GAP,UNEXPECTED
2023-10-25 21:21:00,2023-10-25 21:23:00,2.0,UNEXPECTED_SHORT_GAP,UNEXPECTED
2023-10-26 20:59:00,2023-10-26 21:01:00,2.0,UNEXPECTED_SHORT_GAP,UNEXPECTED
2023-10-26 21:01:00,2023-10-26 21:05:00,4.0,UNEXPECTED_SHORT_GAP,UNEXPECTED
2023-10-27 20:58:00,2023-10-29 21:05:00,2887.0,EXPECTED_WEEKEND_CLOSURE,EXPECTED
2023-10-29 21:11:00,2023-10-29 21:13:00,2.0,EXPECTED_WEEKEND_CLOSURE,EXPECTED
2023-10-29 21:38:00,2023-10-29 21:40:00,2.0,EXPECTED_WEEKEND_CLOSURE,EXPECTED
2023-10-29 21:53:00,2023-10-29 21:55:00,2.0,EXPECTED_WEEKEND_CLOSURE,EXPECTED
2023-10-30 20:59:00,2023-10-30 21:05:00,6.0,UNEXPECTED_INTRADAY_GAP,UNEXPECTED
2023-10-30 21:10:00,2023-10-30 21:12:00,2.0,UNEXPECTED_SHORT_GAP,UNEXPECTED
2023-10-30 21:14:00,2023-10-30 21:16:00,2.0,UNEXPECTED_SHORT_GAP,UNEXPECTED
2023-10-30 21:16:00,2023-10-30 21:19:00,3.0,UNEXPECTED_SHORT_GAP,UNEXPECTED
2023-10-31 20:59:00,2023-10-31 21:01:00,2.0,UNEXPECTED_SHORT_GAP,UNEXPECTED
2023-10-31 21:01:00,2023-10-31 21:05:00,4.0,UNEXPECTED_SHORT_GAP,UNEXPECTED
2023-10-31 21:21:00,2023-10-31 21:23:00,2.0,UNEXPECTED_SHORT_GAP,UNEXPECTED
2023-11-01 20:59:00,2023-11-01 21:05:00,6.0,UNEXPECTED_INTRADAY_GAP,UNEXPECTED
2023-11-01 21:17:00,2023-11-01 21:19:00,2.0,UNEXPECTED_SHORT_GAP,UNEXPECTED
2023-11-01 21:20:00,2023-11-01 21:23:00,3.0,UNEXPECTED_SHORT_GAP,UNEXPECTED
2023-11-01 21:28:00,2023-11-01 21:30:00,2.0,UNEXPECTED_SHORT_GAP,UNEXPECTED
2023-11-02 20:59:00,2023-11-02 21:01:00,2.0,UNEXPECTED_SHORT_GAP,UNEXPECTED
2023-11-02 21:01:00,2023-11-02 21:05:00,4.0,UNEXPECTED_SHORT_GAP,UNEXPECTED
2023-11-02 21:06:00,2023-11-02 21:10:00,4.0,UNEXPECTED_SHORT_GAP,UNEXPECTED
2023-11-02 21:10:00,2023-11-02 21:12:00,2.0,UNEXPECTED_SHORT_GAP,UNEXPECTED
2023-11-02 21:18:00,2023-11-02 21:20:00,2.0,UNEXPECTED_SHORT_GAP,UNEXPECTED
2023-11-02 21:20:00,2023-11-02 21:22:00,2.0,UNEXPECTED_SHORT_GAP,UNEXPECTED
2023-11-02 21:25:00,2023-11-02 21:27:00,2.0,UNEXPECTED_SHORT_GAP,UNEXPECTED
2023-11-03 20:58:00,2023-11-05 22:06:00,2948.0,EXPECTED_WEEKEND_CLOSURE,EXPECTED
2023-11-05 22:15:00,2023-11-05 22:17:00,2.0,EXPECTED_WEEKEND_CLOSURE,EXPECTED
2023-11-05 22:24:00,2023-11-05 22:28:00,4.0,EXPECTED_WEEKEND_CLOSURE,EXPECTED
2023-11-05 22:53:00,2023-11-05 22:55:00,2.0,EXPECTED_WEEKEND_CLOSURE,EXPECTED
2023-11-06 21:59:00,2023-11-06 22:05:00,6.0,UNEXPECTED_INTRADAY_GAP,UNEXPECTED
2023-11-07 21:59:00,2023-11-07 22:01:00,2.0,UNEXPECTED_SHORT_GAP,UNEXPECTED
2023-11-07 22:01:00,2023-11-07 22:05:00,4.0,UNEXPECTED_SHORT_GAP,UNEXPECTED
2023-11-08 21:59:00,2023-11-08 22:01:00,2.0,UNEXPECTED_SHORT_GAP,UNEXPECTED
2023-11-08 22:01:00,2023-11-08 22:05:00,4.0,UNEXPECTED_SHORT_GAP,UNEXPECTED
2023-11-09 21:59:00,2023-11-09 22:01:00,2.0,UNEXPECTED_SHORT_GAP,UNEXPECTED
2023-11-09 22:01:00,2023-11-09 22:05:00,4.0,UNEXPECTED_SHORT_GAP,UNEXPECTED
2023-11-10 21:58:00,2023-11-12 22:05:00,2887.0,EXPECTED_WEEKEND_CLOSURE,EXPECTED
2023-11-13 21:59:00,2023-11-13 22:05:00,6.0,UNEXPECTED_INTRADAY_GAP,UNEXPECTED
2023-11-14 21:59:00,2023-11-14 22:01:00,2.0,UNEXPECTED_SHORT_GAP,UNEXPECTED
2023-11-14 22:01:00,2023-11-14 22:05:00,4.0,UNEXPECTED_SHORT_GAP,UNEXPECTED
2023-11-15 21:59:00,2023-11-15 22:01:00,2.0,UNEXPECTED_SHORT_GAP,UNEXPECTED
2023-11-15 22:01:00,2023-11-15 22:05:00,4.0,UNEXPECTED_SHORT_GAP,UNEXPECTED
2023-11-16 21:59:00,2023-11-16 22:01:00,2.0,UNEXPECTED_SHORT_GAP,UNEXPECTED
2023-11-16 22:01:00,2023-11-16 22:05:00,4.0,UNEXPECTED_SHORT_GAP,UNEXPECTED
2023-11-17 21:58:00,2023-11-19 22:06:00,2888.0,EXPECTED_WEEKEND_CLOSURE,EXPECTED
2023-11-20 21:59:00,2023-11-20 22:01:00,2.0,UNEXPECTED_SHORT_GAP,UNEXPECTED
2023-11-20 22:01:00,2023-11-20 22:05:00,4.0,UNEXPECTED_SHORT_GAP,UNEXPECTED
2023-11-21 21:59:00,2023-11-21 22:02:00,3.0,UNEXPECTED_SHORT_GAP,UNEXPECTED
2023-11-21 22:02:00,2023-11-21 22:05:00,3.0,UNEXPECTED_SHORT_GAP,UNEXPECTED
2023-11-22 17:04:00,2023-11-22 17:07:00,3.0,UNEXPECTED_SHORT_GAP,UNEXPECTED
2023-11-22 21:59:00,2023-11-22 22:01:00,2.0,UNEXPECTED_SHORT_GAP,UNEXPECTED
2023-11-22 22:01:00,2023-11-22 22:05:00,4.0,UNEXPECTED_SHORT_GAP,UNEXPECTED
2023-11-23 21:59:00,2023-11-23 22:01:00,2.0,UNEXPECTED_SHORT_GAP,UNEXPECTED
2023-11-23 22:01:00,2023-11-23 22:05:00,4.0,UNEXPECTED_SHORT_GAP,UNEXPECTED
2023-11-24 21:58:00,2023-11-26 22:06:00,2888.0,EXPECTED_WEEKEND_CLOSURE,EXPECTED
2023-11-27 21:59:00,2023-11-27 22:02:00,3.0,UNEXPECTED_SHORT_GAP,UNEXPECTED
2023-11-27 22:02:00,2023-11-27 22:05:00,3.0,UNEXPECTED_SHORT_GAP,UNEXPECTED
2023-11-28 21:59:00,2023-11-28 22:05:00,6.0,UNEXPECTED_INTRADAY_GAP,UNEXPECTED
2023-11-29 21:59:00,2023-11-29 22:01:00,2.0,UNEXPECTED_SHORT_GAP,UNEXPECTED
2023-11-29 22:01:00,2023-11-29 22:05:00,4.0,UNEXPECTED_SHORT_GAP,UNEXPECTED
2023-11-30 21:59:00,2023-11-30 22:02:00,3.0,UNEXPECTED_SHORT_GAP,UNEXPECTED
2023-11-30 22:02:00,2023-11-30 22:05:00,3.0,UNEXPECTED_SHORT_GAP,UNEXPECTED
2023-12-01 21:58:00,2023-12-03 22:06:00,2888.0,EXPECTED_WEEKEND_CLOSURE,EXPECTED
2023-12-04 21:59:00,2023-12-04 22:01:00,2.0,UNEXPECTED_SHORT_GAP,UNEXPECTED
2023-12-04 22:01:00,2023-12-04 22:05:00,4.0,UNEXPECTED_SHORT_GAP,UNEXPECTED
2023-12-05 21:59:00,2023-12-05 22:01:00,2.0,UNEXPECTED_SHORT_GAP,UNEXPECTED
2023-12-05 22:01:00,2023-12-05 22:05:00,4.0,UNEXPECTED_SHORT_GAP,UNEXPECTED
2023-12-06 21:59:00,2023-12-06 22:02:00,3.0,UNEXPECTED_SHORT_GAP,UNEXPECTED
2023-12-06 22:02:00,2023-12-06 22:05:00,3.0,UNEXPECTED_SHORT_GAP,UNEXPECTED
2023-12-07 21:59:00,2023-12-07 22:05:00,6.0,UNEXPECTED_INTRADAY_GAP,UNEXPECTED
2023-12-08 21:58:00,2023-12-10 22:06:00,2888.0,EXPECTED_WEEKEND_CLOSURE,EXPECTED
2023-12-11 21:59:00,2023-12-11 22:06:00,7.0,UNEXPECTED_INTRADAY_GAP,UNEXPECTED
2023-12-12 10:33:00,2023-12-12 10:41:00,8.0,UNEXPECTED_INTRADAY_GAP,UNEXPECTED
2023-12-12 21:59:00,2023-12-12 22:01:00,2.0,UNEXPECTED_SHORT_GAP,UNEXPECTED
2023-12-12 22:01:00,2023-12-12 22:05:00,4.0,UNEXPECTED_SHORT_GAP,UNEXPECTED
2023-12-13 21:59:00,2023-12-13 22:02:00,3.0,UNEXPECTED_SHORT_GAP,UNEXPECTED
2023-12-13 22:02:00,2023-12-13 22:05:00,3.0,UNEXPECTED_SHORT_GAP,UNEXPECTED
2023-12-14 21:59:00,2023-12-14 22:01:00,2.0,UNEXPECTED_SHORT_GAP,UNEXPECTED
2023-12-14 22:01:00,2023-12-14 22:05:00,4.0,UNEXPECTED_SHORT_GAP,UNEXPECTED
2023-12-15 21:58:00,2023-12-17 22:05:00,2887.0,EXPECTED_WEEKEND_CLOSURE,EXPECTED
2023-12-18 21:59:00,2023-12-18 22:01:00,2.0,UNEXPECTED_SHORT_GAP,UNEXPECTED
2023-12-18 22:01:00,2023-12-18 22:05:00,4.0,UNEXPECTED_SHORT_GAP,UNEXPECTED
2023-12-19 21:59:00,2023-12-19 22:01:00,2.0,UNEXPECTED_SHORT_GAP,UNEXPECTED
2023-12-19 22:01:00,2023-12-19 22:05:00,4.0,UNEXPECTED_SHORT_GAP,UNEXPECTED
2023-12-20 21:59:00,2023-12-20 22:01:00,2.0,UNEXPECTED_SHORT_GAP,UNEXPECTED
2023-12-20 22:01:00,2023-12-20 22:05:00,4.0,UNEXPECTED_SHORT_GAP,UNEXPECTED
2023-12-21 21:59:00,2023-12-21 22:01:00,2.0,UNEXPECTED_SHORT_GAP,UNEXPECTED
2023-12-21 22:01:00,2023-12-21 22:05:00,4.0,UNEXPECTED_SHORT_GAP,UNEXPECTED
2023-12-22 21:58:00,2023-12-25 22:13:00,4335.0,EXPECTED_WEEKEND_CLOSURE,EXPECTED
2023-12-25 23:58:00,2023-12-26 00:00:00,2.0,EXPECTED_DAILY_ROLLOVER,EXPECTED
2023-12-26 21:59:00,2023-12-26 22:01:00,2.0,UNEXPECTED_SHORT_GAP,UNEXPECTED
2023-12-26 22:01:00,2023-12-26 22:05:00,4.0,UNEXPECTED_SHORT_GAP,UNEXPECTED
2023-12-27 21:59:00,2023-12-27 22:02:00,3.0,UNEXPECTED_SHORT_GAP,UNEXPECTED
2023-12-27 22:02:00,2023-12-27 22:05:00,3.0,UNEXPECTED_SHORT_GAP,UNEXPECTED
2023-12-28 21:59:00,2023-12-28 22:01:00,2.0,UNEXPECTED_SHORT_GAP,UNEXPECTED
2023-12-28 22:01:00,2023-12-28 22:05:00,4.0,UNEXPECTED_SHORT_GAP,UNEXPECTED
2023-12-28 22:05:00,2023-12-28 22:07:00,2.0,UNEXPECTED_SHORT_GAP,UNEXPECTED
2023-12-28 22:08:00,2023-12-28 22:11:00,3.0,UNEXPECTED_SHORT_GAP,UNEXPECTED
2023-12-29 21:58:00,2024-01-01 22:05:00,4327.0,EXPECTED_WEEKEND_CLOSURE,EXPECTED
2024-01-01 23:58:00,2024-01-02 00:00:00,2.0,EXPECTED_DAILY_ROLLOVER,EXPECTED
2024-01-02 21:59:00,2024-01-02 22:01:00,2.0,UNEXPECTED_SHORT_GAP,UNEXPECTED
2024-01-02 22:01:00,2024-01-02 22:05:00,4.0,UNEXPECTED_SHORT_GAP,UNEXPECTED
2024-01-03 21:59:00,2024-01-03 22:01:00,2.0,UNEXPECTED_SHORT_GAP,UNEXPECTED
2024-01-03 22:01:00,2024-01-03 22:05:00,4.0,UNEXPECTED_SHORT_GAP,UNEXPECTED
2024-01-04 21:59:00,2024-01-04 22:02:00,3.0,UNEXPECTED_SHORT_GAP,UNEXPECTED
2024-01-04 22:02:00,2024-01-04 22:05:00,3.0,UNEXPECTED_SHORT_GAP,UNEXPECTED
2024-01-05 21:58:00,2024-01-07 22:05:00,2887.0,EXPECTED_WEEKEND_CLOSURE,EXPECTED
2024-01-08 21:59:00,2024-01-08 22:05:00,6.0,UNEXPECTED_INTRADAY_GAP,UNEXPECTED
2024-01-09 21:59:00,2024-01-09 22:01:00,2.0,UNEXPECTED_SHORT_GAP,UNEXPECTED
2024-01-09 22:01:00,2024-01-09 22:05:00,4.0,UNEXPECTED_SHORT_GAP,UNEXPECTED
2024-01-10 21:59:00,2024-01-10 22:01:00,2.0,UNEXPECTED_SHORT_GAP,UNEXPECTED
2024-01-10 22:01:00,2024-01-10 22:05:00,4.0,UNEXPECTED_SHORT_GAP,UNEXPECTED
2024-01-11 21:59:00,2024-01-11 22:01:00,2.0,UNEXPECTED_SHORT_GAP,UNEXPECTED
2024-01-11 22:01:00,2024-01-11 22:05:00,4.0,UNEXPECTED_SHORT_GAP,UNEXPECTED
2024-01-11 22:05:00,2024-01-11 22:09:00,4.0,UNEXPECTED_SHORT_GAP,UNEXPECTED
2024-01-12 21:58:00,2024-01-14 22:05:00,2887.0,EXPECTED_WEEKEND_CLOSURE,EXPECTED
2024-01-15 21:59:00,2024-01-15 22:01:00,2.0,UNEXPECTED_SHORT_GAP,UNEXPECTED
2024-01-15 22:01:00,2024-01-15 22:05:00,4.0,UNEXPECTED_SHORT_GAP,UNEXPECTED
2024-01-16 21:59:00,2024-01-16 22:05:00,6.0,UNEXPECTED_INTRADAY_GAP,UNEXPECTED
2024-01-17 21:59:00,2024-01-17 22:01:00,2.0,UNEXPECTED_SHORT_GAP,UNEXPECTED
2024-01-17 22:01:00,2024-01-17 22:05:00,4.0,UNEXPECTED_SHORT_GAP,UNEXPECTED
2024-01-18 21:59:00,2024-01-18 22:01:00,2.0,UNEXPECTED_SHORT_GAP,UNEXPECTED
2024-01-18 22:01:00,2024-01-18 22:05:00,4.0,UNEXPECTED_SHORT_GAP,UNEXPECTED
2024-01-19 21:58:00,2024-01-21 22:05:00,2887.0,EXPECTED_WEEKEND_CLOSURE,EXPECTED
2024-01-21 22:06:00,2024-01-21 22:10:00,4.0,EXPECTED_WEEKEND_CLOSURE,EXPECTED
2024-01-21 22:10:00,2024-01-21 22:12:00,2.0,EXPECTED_WEEKEND_CLOSURE,EXPECTED
2024-01-21 22:14:00,2024-01-21 22:18:00,4.0,EXPECTED_WEEKEND_CLOSURE,EXPECTED
2024-01-21 22:18:00,2024-01-21 22:20:00,2.0,EXPECTED_WEEKEND_CLOSURE,EXPECTED
2024-01-22 21:59:00,2024-01-22 22:05:00,6.0,UNEXPECTED_INTRADAY_GAP,UNEXPECTED
2024-01-23 21:59:00,2024-01-23 22:01:00,2.0,UNEXPECTED_SHORT_GAP,UNEXPECTED
2024-01-23 22:01:00,2024-01-23 22:05:00,4.0,UNEXPECTED_SHORT_GAP,UNEXPECTED
2024-01-23 23:58:00,2024-01-24 00:00:00,2.0,EXPECTED_DAILY_ROLLOVER,EXPECTED
2024-01-24 21:59:00,2024-01-24 22:01:00,2.0,UNEXPECTED_SHORT_GAP,UNEXPECTED
2024-01-24 22:01:00,2024-01-24 22:05:00,4.0,UNEXPECTED_SHORT_GAP,UNEXPECTED
2024-01-24 23:58:00,2024-01-25 00:00:00,2.0,EXPECTED_DAILY_ROLLOVER,EXPECTED
2024-01-25 22:03:00,2024-01-25 22:05:00,2.0,UNEXPECTED_SHORT_GAP,UNEXPECTED
2024-01-25 23:58:00,2024-01-26 00:00:00,2.0,EXPECTED_DAILY_ROLLOVER,EXPECTED
2024-01-26 21:57:00,2024-01-28 22:05:00,2888.0,EXPECTED_WEEKEND_CLOSURE,EXPECTED
2024-01-29 21:59:00,2024-01-29 22:01:00,2.0,UNEXPECTED_SHORT_GAP,UNEXPECTED
2024-01-31 22:02:00,2024-01-31 22:05:00,3.0,UNEXPECTED_SHORT_GAP,UNEXPECTED
2024-02-02 21:58:00,2024-02-04 22:06:00,2888.0,EXPECTED_WEEKEND_CLOSURE,EXPECTED
2024-02-04 23:58:00,2024-02-05 00:00:00,2.0,EXPECTED_WEEKEND_CLOSURE,EXPECTED
2024-02-05 22:03:00,2024-02-05 22:05:00,2.0,UNEXPECTED_SHORT_GAP,UNEXPECTED
2024-02-05 23:58:00,2024-02-06 00:00:00,2.0,EXPECTED_DAILY_ROLLOVER,EXPECTED
2024-02-06 23:58:00,2024-02-07 00:00:00,2.0,EXPECTED_DAILY_ROLLOVER,EXPECTED
2024-02-07 21:59:00,2024-02-07 22:01:00,2.0,UNEXPECTED_SHORT_GAP,UNEXPECTED
2024-02-07 22:02:00,2024-02-07 22:04:00,2.0,UNEXPECTED_SHORT_GAP,UNEXPECTED
2024-02-07 23:58:00,2024-02-08 00:00:00,2.0,EXPECTED_DAILY_ROLLOVER,EXPECTED
2024-02-08 23:58:00,2024-02-09 00:00:00,2.0,EXPECTED_DAILY_ROLLOVER,EXPECTED
2024-02-09 21:57:00,2024-02-11 22:05:00,2888.0,EXPECTED_WEEKEND_CLOSURE,EXPECTED
2024-02-11 23:58:00,2024-02-12 00:00:00,2.0,EXPECTED_WEEKEND_CLOSURE,EXPECTED
2024-02-12 21:59:00,2024-02-12 22:01:00,2.0,UNEXPECTED_SHORT_GAP,UNEXPECTED
2024-02-12 22:02:00,2024-02-12 22:04:00,2.0,UNEXPECTED_SHORT_GAP,UNEXPECTED
2024-02-12 23:58:00,2024-02-13 00:00:00,2.0,EXPECTED_DAILY_ROLLOVER,EXPECTED
2024-02-13 23:58:00,2024-02-14 00:00:00,2.0,EXPECTED_DAILY_ROLLOVER,EXPECTED
2024-02-14 23:58:00,2024-02-15 00:00:00,2.0,EXPECTED_DAILY_ROLLOVER,EXPECTED
2024-02-15 23:58:00,2024-02-16 00:00:00,2.0,EXPECTED_DAILY_ROLLOVER,EXPECTED
2024-02-16 21:57:00,2024-02-18 22:05:00,2888.0,EXPECTED_WEEKEND_CLOSURE,EXPECTED
2024-02-18 23:58:00,2024-02-19 00:00:00,2.0,EXPECTED_WEEKEND_CLOSURE,EXPECTED
2024-02-19 23:58:00,2024-02-20 00:00:00,2.0,EXPECTED_DAILY_ROLLOVER,EXPECTED
2024-02-20 23:58:00,2024-02-21 00:00:00,2.0,EXPECTED_DAILY_ROLLOVER,EXPECTED
2024-02-21 23:58:00,2024-02-22 00:00:00,2.0,EXPECTED_DAILY_ROLLOVER,EXPECTED
2024-02-22 21:59:00,2024-02-22 22:01:00,2.0,UNEXPECTED_SHORT_GAP,UNEXPECTED
2024-02-22 23:58:00,2024-02-23 00:00:00,2.0,EXPECTED_DAILY_ROLLOVER,EXPECTED
2024-02-23 21:57:00,2024-02-25 22:05:00,2888.0,EXPECTED_WEEKEND_CLOSURE,EXPECTED
2024-02-25 23:58:00,2024-02-26 00:00:00,2.0,EXPECTED_WEEKEND_CLOSURE,EXPECTED
2024-02-26 23:58:00,2024-02-27 00:00:00,2.0,EXPECTED_DAILY_ROLLOVER,EXPECTED
2024-02-27 21:59:00,2024-02-27 22:01:00,2.0,UNEXPECTED_SHORT_GAP,UNEXPECTED
2024-02-27 23:58:00,2024-02-28 00:00:00,2.0,EXPECTED_DAILY_ROLLOVER,EXPECTED
2024-02-28 21:59:00,2024-02-28 22:01:00,2.0,UNEXPECTED_SHORT_GAP,UNEXPECTED
2024-02-28 22:02:00,2024-02-28 22:04:00,2.0,UNEXPECTED_SHORT_GAP,UNEXPECTED
2024-02-28 23:58:00,2024-02-29 00:00:00,2.0,EXPECTED_DAILY_ROLLOVER,EXPECTED
2024-02-29 21:59:00,2024-02-29 22:01:00,2.0,UNEXPECTED_SHORT_GAP,UNEXPECTED
2024-02-29 23:58:00,2024-03-01 00:00:00,2.0,EXPECTED_DAILY_ROLLOVER,EXPECTED
2024-03-01 21:57:00,2024-03-03 22:05:00,2888.0,EXPECTED_WEEKEND_CLOSURE,EXPECTED
2024-03-03 23:58:00,2024-03-04 00:00:00,2.0,EXPECTED_WEEKEND_CLOSURE,EXPECTED
2024-03-04 23:58:00,2024-03-05 00:00:00,2.0,EXPECTED_DAILY_ROLLOVER,EXPECTED
2024-03-05 22:02:00,2024-03-05 22:04:00,2.0,UNEXPECTED_SHORT_GAP,UNEXPECTED
2024-03-05 23:58:00,2024-03-06 00:00:00,2.0,EXPECTED_DAILY_ROLLOVER,EXPECTED
2024-03-06 23:58:00,2024-03-07 00:00:00,2.0,EXPECTED_DAILY_ROLLOVER,EXPECTED
2024-03-07 23:58:00,2024-03-08 00:00:00,2.0,EXPECTED_DAILY_ROLLOVER,EXPECTED
2024-03-08 21:57:00,2024-03-10 21:05:00,2828.0,EXPECTED_WEEKEND_CLOSURE,EXPECTED
2024-03-11 20:59:00,2024-03-11 21:01:00,2.0,UNEXPECTED_SHORT_GAP,UNEXPECTED
2024-03-11 21:02:00,2024-03-11 21:04:00,2.0,UNEXPECTED_SHORT_GAP,UNEXPECTED
2024-03-11 23:58:00,2024-03-12 00:00:00,2.0,EXPECTED_DAILY_ROLLOVER,EXPECTED
2024-03-12 23:58:00,2024-03-13 00:00:00,2.0,EXPECTED_DAILY_ROLLOVER,EXPECTED
2024-03-13 23:58:00,2024-03-14 00:00:00,2.0,EXPECTED_DAILY_ROLLOVER,EXPECTED
2024-03-15 20:57:00,2024-03-17 21:06:00,2889.0,EXPECTED_WEEKEND_CLOSURE,EXPECTED
2024-03-17 23:58:00,2024-03-18 00:00:00,2.0,EXPECTED_WEEKEND_CLOSURE,EXPECTED
2024-03-18 23:58:00,2024-03-19 00:00:00,2.0,EXPECTED_DAILY_ROLLOVER,EXPECTED
2024-03-19 23:58:00,2024-03-20 00:00:00,2.0,EXPECTED_DAILY_ROLLOVER,EXPECTED
2024-03-20 23:58:00,2024-03-21 00:00:00,2.0,EXPECTED_DAILY_ROLLOVER,EXPECTED
2024-03-21 23:58:00,2024-03-22 00:00:00,2.0,EXPECTED_DAILY_ROLLOVER,EXPECTED
2024-03-22 20:57:00,2024-03-24 21:05:00,2888.0,EXPECTED_WEEKEND_CLOSURE,EXPECTED
2024-03-26 20:59:00,2024-03-26 21:01:00,2.0,UNEXPECTED_SHORT_GAP,UNEXPECTED
2024-03-26 23:58:00,2024-03-27 00:00:00,2.0,EXPECTED_DAILY_ROLLOVER,EXPECTED
2024-03-27 23:58:00,2024-03-28 00:00:00,2.0,EXPECTED_DAILY_ROLLOVER,EXPECTED
2024-03-28 23:58:00,2024-03-29 00:00:00,2.0,EXPECTED_DAILY_ROLLOVER,EXPECTED
2024-03-29 20:57:00,2024-03-31 21:05:00,2888.0,EXPECTED_WEEKEND_CLOSURE,EXPECTED
2024-03-31 23:58:00,2024-04-01 00:00:00,2.0,EXPECTED_WEEKEND_CLOSURE,EXPECTED
2024-04-01 23:58:00,2024-04-02 00:00:00,2.0,EXPECTED_DAILY_ROLLOVER,EXPECTED
2024-04-02 23:58:00,2024-04-03 00:00:00,2.0,EXPECTED_DAILY_ROLLOVER,EXPECTED
2024-04-03 23:58:00,2024-04-04 00:00:00,2.0,EXPECTED_DAILY_ROLLOVER,EXPECTED
2024-04-04 20:59:00,2024-04-04 21:01:00,2.0,UNEXPECTED_SHORT_GAP,UNEXPECTED
2024-04-04 21:01:00,2024-04-04 21:03:00,2.0,UNEXPECTED_SHORT_GAP,UNEXPECTED
2024-04-04 23:58:00,2024-04-05 00:00:00,2.0,EXPECTED_DAILY_ROLLOVER,EXPECTED
2024-04-05 20:57:00,2024-04-07 21:05:00,2888.0,EXPECTED_WEEKEND_CLOSURE,EXPECTED
2024-04-07 23:58:00,2024-04-08 00:00:00,2.0,EXPECTED_WEEKEND_CLOSURE,EXPECTED
2024-04-08 23:58:00,2024-04-09 00:00:00,2.0,EXPECTED_DAILY_ROLLOVER,EXPECTED
2024-04-09 23:58:00,2024-04-10 00:00:00,2.0,EXPECTED_DAILY_ROLLOVER,EXPECTED
2024-04-10 23:58:00,2024-04-11 00:00:00,2.0,EXPECTED_DAILY_ROLLOVER,EXPECTED
2024-04-11 23:58:00,2024-04-12 00:00:00,2.0,EXPECTED_DAILY_ROLLOVER,EXPECTED
2024-04-12 20:57:00,2024-04-14 21:05:00,2888.0,EXPECTED_WEEKEND_CLOSURE,EXPECTED
2024-04-14 23:58:00,2024-04-15 00:00:00,2.0,EXPECTED_WEEKEND_CLOSURE,EXPECTED
2024-04-15 23:58:00,2024-04-16 00:00:00,2.0,EXPECTED_DAILY_ROLLOVER,EXPECTED
2024-04-16 23:58:00,2024-04-17 00:00:00,2.0,EXPECTED_DAILY_ROLLOVER,EXPECTED
2024-04-17 23:58:00,2024-04-18 00:00:00,2.0,EXPECTED_DAILY_ROLLOVER,EXPECTED
2024-04-18 23:58:00,2024-04-19 00:00:00,2.0,EXPECTED_DAILY_ROLLOVER,EXPECTED
2024-04-19 20:57:00,2024-04-21 21:05:00,2888.0,EXPECTED_WEEKEND_CLOSURE,EXPECTED
2024-04-23 20:59:00,2024-04-23 21:01:00,2.0,UNEXPECTED_SHORT_GAP,UNEXPECTED
2024-04-26 20:58:00,2024-04-28 21:05:00,2887.0,EXPECTED_WEEKEND_CLOSURE,EXPECTED
2024-05-03 20:58:00,2024-05-05 21:05:00,2887.0,EXPECTED_WEEKEND_CLOSURE,EXPECTED
2024-05-06 21:02:00,2024-05-06 21:04:00,2.0,UNEXPECTED_SHORT_GAP,UNEXPECTED
2024-05-10 20:58:00,2024-05-12 21:05:00,2887.0,EXPECTED_WEEKEND_CLOSURE,EXPECTED
2024-05-16 20:59:00,2024-05-16 21:01:00,2.0,UNEXPECTED_SHORT_GAP,UNEXPECTED
2024-05-16 21:02:00,2024-05-16 21:04:00,2.0,UNEXPECTED_SHORT_GAP,UNEXPECTED
2024-05-17 20:58:00,2024-05-19 21:05:00,2887.0,EXPECTED_WEEKEND_CLOSURE,EXPECTED
2024-05-24 20:58:00,2024-05-26 21:05:00,2887.0,EXPECTED_WEEKEND_CLOSURE,EXPECTED
2024-05-30 20:59:00,2024-05-30 21:02:00,3.0,UNEXPECTED_SHORT_GAP,UNEXPECTED
2024-05-30 21:02:00,2024-05-30 21:04:00,2.0,UNEXPECTED_SHORT_GAP,UNEXPECTED
2024-05-31 20:58:00,2024-06-02 21:05:00,2887.0,EXPECTED_WEEKEND_CLOSURE,EXPECTED
2024-06-07 08:29:00,2024-06-07 08:39:00,10.0,UNEXPECTED_INTRADAY_GAP,UNEXPECTED
2024-06-07 20:58:00,2024-06-09 21:05:00,2887.0,EXPECTED_WEEKEND_CLOSURE,EXPECTED
2024-06-14 20:58:00,2024-06-16 21:05:00,2887.0,EXPECTED_WEEKEND_CLOSURE,EXPECTED
2024-06-21 20:58:00,2024-06-23 21:05:00,2887.0,EXPECTED_WEEKEND_CLOSURE,EXPECTED
2024-06-24 21:02:00,2024-06-24 21:04:00,2.0,UNEXPECTED_SHORT_GAP,UNEXPECTED
2024-06-28 20:58:00,2024-06-30 21:05:00,2887.0,EXPECTED_WEEKEND_CLOSURE,EXPECTED
2024-07-01 20:59:00,2024-07-01 21:01:00,2.0,UNEXPECTED_SHORT_GAP,UNEXPECTED
2024-07-02 20:59:00,2024-07-02 21:01:00,2.0,UNEXPECTED_SHORT_GAP,UNEXPECTED
2024-07-02 21:02:00,2024-07-02 21:05:00,3.0,UNEXPECTED_SHORT_GAP,UNEXPECTED
2024-07-03 06:07:00,2024-07-03 06:09:00,2.0,UNEXPECTED_SHORT_GAP,UNEXPECTED
2024-07-03 21:07:00,2024-07-03 21:09:00,2.0,UNEXPECTED_SHORT_GAP,UNEXPECTED
2024-07-04 20:59:00,2024-07-04 21:01:00,2.0,UNEXPECTED_SHORT_GAP,UNEXPECTED
2024-07-05 20:58:00,2024-07-07 21:05:00,2887.0,EXPECTED_WEEKEND_CLOSURE,EXPECTED
2024-07-08 21:02:00,2024-07-08 21:04:00,2.0,UNEXPECTED_SHORT_GAP,UNEXPECTED
2024-07-09 21:02:00,2024-07-09 21:04:00,2.0,UNEXPECTED_SHORT_GAP,UNEXPECTED
2024-07-12 20:58:00,2024-07-14 21:05:00,2887.0,EXPECTED_WEEKEND_CLOSURE,EXPECTED
2024-07-15 21:01:00,2024-07-15 21:03:00,2.0,UNEXPECTED_SHORT_GAP,UNEXPECTED
2024-07-18 20:59:00,2024-07-18 21:02:00,3.0,UNEXPECTED_SHORT_GAP,UNEXPECTED
2024-07-18 21:02:00,2024-07-18 21:04:00,2.0,UNEXPECTED_SHORT_GAP,UNEXPECTED
2024-07-19 20:58:00,2024-07-21 21:07:00,2889.0,EXPECTED_WEEKEND_CLOSURE,EXPECTED
2024-07-23 21:02:00,2024-07-23 21:04:00,2.0,UNEXPECTED_SHORT_GAP,UNEXPECTED
2024-07-24 21:01:00,2024-07-24 21:04:00,3.0,UNEXPECTED_SHORT_GAP,UNEXPECTED
2024-07-25 20:59:00,2024-07-25 21:01:00,2.0,UNEXPECTED_SHORT_GAP,UNEXPECTED
2024-07-26 20:58:00,2024-07-28 21:05:00,2887.0,EXPECTED_WEEKEND_CLOSURE,EXPECTED
2024-07-29 21:01:00,2024-07-29 21:04:00,3.0,UNEXPECTED_SHORT_GAP,UNEXPECTED
2024-07-31 21:02:00,2024-07-31 21:04:00,2.0,UNEXPECTED_SHORT_GAP,UNEXPECTED
2024-08-02 20:58:00,2024-08-04 21:05:00,2887.0,EXPECTED_WEEKEND_CLOSURE,EXPECTED
2024-08-06 20:59:00,2024-08-06 21:01:00,2.0,UNEXPECTED_SHORT_GAP,UNEXPECTED
2024-08-06 21:02:00,2024-08-06 21:04:00,2.0,UNEXPECTED_SHORT_GAP,UNEXPECTED
2024-08-09 20:58:00,2024-08-11 21:05:00,2887.0,EXPECTED_WEEKEND_CLOSURE,EXPECTED
2024-08-16 20:58:00,2024-08-18 21:05:00,2887.0,EXPECTED_WEEKEND_CLOSURE,EXPECTED
2024-08-18 21:48:00,2024-08-18 21:50:00,2.0,EXPECTED_WEEKEND_CLOSURE,EXPECTED
2024-08-18 23:06:00,2024-08-18 23:08:00,2.0,EXPECTED_WEEKEND_CLOSURE,EXPECTED
2024-08-18 23:25:00,2024-08-18 23:27:00,2.0,EXPECTED_WEEKEND_CLOSURE,EXPECTED
2024-08-18 23:32:00,2024-08-18 23:34:00,2.0,EXPECTED_WEEKEND_CLOSURE,EXPECTED
2024-08-18 23:36:00,2024-08-18 23:38:00,2.0,EXPECTED_WEEKEND_CLOSURE,EXPECTED
2024-08-19 02:16:00,2024-08-19 02:18:00,2.0,UNEXPECTED_SHORT_GAP,UNEXPECTED
2024-08-19 04:08:00,2024-08-19 04:10:00,2.0,UNEXPECTED_SHORT_GAP,UNEXPECTED
2024-08-19 20:23:00,2024-08-19 20:25:00,2.0,UNEXPECTED_SHORT_GAP,UNEXPECTED
2024-08-19 20:42:00,2024-08-19 20:44:00,2.0,UNEXPECTED_SHORT_GAP,UNEXPECTED
2024-08-19 22:01:00,2024-08-19 22:03:00,2.0,UNEXPECTED_SHORT_GAP,UNEXPECTED
2024-08-19 22:05:00,2024-08-19 22:10:00,5.0,UNEXPECTED_SHORT_GAP,UNEXPECTED
2024-08-19 22:16:00,2024-08-19 22:19:00,3.0,UNEXPECTED_SHORT_GAP,UNEXPECTED
2024-08-19 22:20:00,2024-08-19 22:22:00,2.0,UNEXPECTED_SHORT_GAP,UNEXPECTED
2024-08-19 22:26:00,2024-08-19 22:29:00,3.0,UNEXPECTED_SHORT_GAP,UNEXPECTED
2024-08-19 22:30:00,2024-08-19 22:32:00,2.0,UNEXPECTED_SHORT_GAP,UNEXPECTED
2024-08-19 22:32:00,2024-08-19 22:36:00,4.0,UNEXPECTED_SHORT_GAP,UNEXPECTED
2024-08-19 22:37:00,2024-08-19 22:41:00,4.0,UNEXPECTED_SHORT_GAP,UNEXPECTED
2024-08-19 22:51:00,2024-08-19 22:53:00,2.0,UNEXPECTED_SHORT_GAP,UNEXPECTED
2024-08-19 23:27:00,2024-08-19 23:29:00,2.0,UNEXPECTED_SHORT_GAP,UNEXPECTED
2024-08-19 23:47:00,2024-08-19 23:49:00,2.0,UNEXPECTED_SHORT_GAP,UNEXPECTED
2024-08-20 02:16:00,2024-08-20 02:18:00,2.0,UNEXPECTED_SHORT_GAP,UNEXPECTED
2024-08-20 03:16:00,2024-08-20 03:18:00,2.0,UNEXPECTED_SHORT_GAP,UNEXPECTED
2024-08-20 04:31:00,2024-08-20 04:33:00,2.0,UNEXPECTED_SHORT_GAP,UNEXPECTED
2024-08-20 10:09:00,2024-08-20 10:11:00,2.0,UNEXPECTED_SHORT_GAP,UNEXPECTED
2024-08-20 20:08:00,2024-08-20 20:10:00,2.0,UNEXPECTED_SHORT_GAP,UNEXPECTED
2024-08-20 20:15:00,2024-08-20 20:17:00,2.0,UNEXPECTED_SHORT_GAP,UNEXPECTED
2024-08-20 20:24:00,2024-08-20 20:26:00,2.0,UNEXPECTED_SHORT_GAP,UNEXPECTED
2024-08-20 23:46:00,2024-08-20 23:48:00,2.0,UNEXPECTED_SHORT_GAP,UNEXPECTED
2024-08-21 03:24:00,2024-08-21 03:26:00,2.0,UNEXPECTED_SHORT_GAP,UNEXPECTED
2024-08-21 20:15:00,2024-08-21 20:17:00,2.0,UNEXPECTED_SHORT_GAP,UNEXPECTED
2024-08-21 20:41:00,2024-08-21 20:43:00,2.0,UNEXPECTED_SHORT_GAP,UNEXPECTED
2024-08-21 20:47:00,2024-08-21 20:49:00,2.0,UNEXPECTED_SHORT_GAP,UNEXPECTED
2024-08-21 22:19:00,2024-08-21 22:22:00,3.0,UNEXPECTED_SHORT_GAP,UNEXPECTED
2024-08-21 22:23:00,2024-08-21 22:25:00,2.0,UNEXPECTED_SHORT_GAP,UNEXPECTED
2024-08-21 22:40:00,2024-08-21 22:42:00,2.0,UNEXPECTED_SHORT_GAP,UNEXPECTED
2024-08-21 22:44:00,2024-08-21 22:46:00,2.0,UNEXPECTED_SHORT_GAP,UNEXPECTED
2024-08-21 22:56:00,2024-08-21 22:58:00,2.0,UNEXPECTED_SHORT_GAP,UNEXPECTED
2024-08-21 23:41:00,2024-08-21 23:44:00,3.0,UNEXPECTED_SHORT_GAP,UNEXPECTED
2024-08-21 23:48:00,2024-08-21 23:50:00,2.0,UNEXPECTED_SHORT_GAP,UNEXPECTED
2024-08-22 03:12:00,2024-08-22 03:14:00,2.0,UNEXPECTED_SHORT_GAP,UNEXPECTED
2024-08-22 03:50:00,2024-08-22 03:52:00,2.0,UNEXPECTED_SHORT_GAP,UNEXPECTED
2024-08-22 03:55:00,2024-08-22 03:57:00,2.0,UNEXPECTED_SHORT_GAP,UNEXPECTED
2024-08-22 04:42:00,2024-08-22 04:44:00,2.0,UNEXPECTED_SHORT_GAP,UNEXPECTED
2024-08-22 20:33:00,2024-08-22 20:35:00,2.0,UNEXPECTED_SHORT_GAP,UNEXPECTED
2024-08-22 20:38:00,2024-08-22 20:40:00,2.0,UNEXPECTED_SHORT_GAP,UNEXPECTED
2024-08-22 20:42:00,2024-08-22 20:44:00,2.0,UNEXPECTED_SHORT_GAP,UNEXPECTED
2024-08-22 20:59:00,2024-08-22 21:01:00,2.0,UNEXPECTED_SHORT_GAP,UNEXPECTED
2024-08-22 21:02:00,2024-08-22 21:04:00,2.0,UNEXPECTED_SHORT_GAP,UNEXPECTED
2024-08-22 22:04:00,2024-08-22 22:06:00,2.0,UNEXPECTED_SHORT_GAP,UNEXPECTED
2024-08-22 23:06:00,2024-08-22 23:08:00,2.0,UNEXPECTED_SHORT_GAP,UNEXPECTED
2024-08-22 23:22:00,2024-08-22 23:24:00,2.0,UNEXPECTED_SHORT_GAP,UNEXPECTED
2024-08-22 23:25:00,2024-08-22 23:27:00,2.0,UNEXPECTED_SHORT_GAP,UNEXPECTED
2024-08-22 23:50:00,2024-08-22 23:52:00,2.0,UNEXPECTED_SHORT_GAP,UNEXPECTED
2024-08-23 04:28:00,2024-08-23 04:30:00,2.0,UNEXPECTED_SHORT_GAP,UNEXPECTED
2024-08-23 04:48:00,2024-08-23 04:50:00,2.0,UNEXPECTED_SHORT_GAP,UNEXPECTED
2024-08-23 20:58:00,2024-08-25 21:05:00,2887.0,EXPECTED_WEEKEND_CLOSURE,EXPECTED
2024-08-25 21:16:00,2024-08-25 21:18:00,2.0,EXPECTED_WEEKEND_CLOSURE,EXPECTED
2024-08-25 21:52:00,2024-08-25 21:54:00,2.0,EXPECTED_WEEKEND_CLOSURE,EXPECTED
2024-08-25 21:54:00,2024-08-25 21:56:00,2.0,EXPECTED_WEEKEND_CLOSURE,EXPECTED
2024-08-25 22:24:00,2024-08-25 22:27:00,3.0,EXPECTED_WEEKEND_CLOSURE,EXPECTED
2024-08-26 04:13:00,2024-08-26 04:15:00,2.0,UNEXPECTED_SHORT_GAP,UNEXPECTED
2024-08-26 20:23:00,2024-08-26 20:25:00,2.0,UNEXPECTED_SHORT_GAP,UNEXPECTED
2024-08-26 20:26:00,2024-08-26 20:28:00,2.0,UNEXPECTED_SHORT_GAP,UNEXPECTED
2024-08-26 20:32:00,2024-08-26 20:34:00,2.0,UNEXPECTED_SHORT_GAP,UNEXPECTED
2024-08-26 20:34:00,2024-08-26 20:36:00,2.0,UNEXPECTED_SHORT_GAP,UNEXPECTED
2024-08-26 20:39:00,2024-08-26 20:41:00,2.0,UNEXPECTED_SHORT_GAP,UNEXPECTED
2024-08-26 20:50:00,2024-08-26 20:52:00,2.0,UNEXPECTED_SHORT_GAP,UNEXPECTED
2024-08-26 21:55:00,2024-08-26 21:57:00,2.0,UNEXPECTED_SHORT_GAP,UNEXPECTED
2024-08-26 22:55:00,2024-08-26 22:57:00,2.0,UNEXPECTED_SHORT_GAP,UNEXPECTED
2024-08-26 23:16:00,2024-08-26 23:18:00,2.0,UNEXPECTED_SHORT_GAP,UNEXPECTED
2024-08-26 23:28:00,2024-08-26 23:30:00,2.0,UNEXPECTED_SHORT_GAP,UNEXPECTED
2024-08-26 23:33:00,2024-08-26 23:35:00,2.0,UNEXPECTED_SHORT_GAP,UNEXPECTED
2024-08-26 23:42:00,2024-08-26 23:44:00,2.0,UNEXPECTED_SHORT_GAP,UNEXPECTED
2024-08-27 00:27:00,2024-08-27 00:29:00,2.0,UNEXPECTED_SHORT_GAP,UNEXPECTED
2024-08-27 02:52:00,2024-08-27 02:54:00,2.0,UNEXPECTED_SHORT_GAP,UNEXPECTED
2024-08-27 03:11:00,2024-08-27 03:13:00,2.0,UNEXPECTED_SHORT_GAP,UNEXPECTED
2024-08-27 04:20:00,2024-08-27 04:22:00,2.0,UNEXPECTED_SHORT_GAP,UNEXPECTED
2024-08-27 20:48:00,2024-08-27 20:50:00,2.0,UNEXPECTED_SHORT_GAP,UNEXPECTED
2024-08-27 20:59:00,2024-08-27 21:01:00,2.0,UNEXPECTED_SHORT_GAP,UNEXPECTED
2024-08-27 22:24:00,2024-08-27 22:26:00,2.0,UNEXPECTED_SHORT_GAP,UNEXPECTED
2024-08-27 22:35:00,2024-08-27 22:37:00,2.0,UNEXPECTED_SHORT_GAP,UNEXPECTED
2024-08-27 22:37:00,2024-08-27 22:39:00,2.0,UNEXPECTED_SHORT_GAP,UNEXPECTED
2024-08-27 22:47:00,2024-08-27 22:49:00,2.0,UNEXPECTED_SHORT_GAP,UNEXPECTED
2024-08-27 22:52:00,2024-08-27 22:56:00,4.0,UNEXPECTED_SHORT_GAP,UNEXPECTED
2024-08-27 22:58:00,2024-08-27 23:00:00,2.0,UNEXPECTED_SHORT_GAP,UNEXPECTED
2024-08-27 23:02:00,2024-08-27 23:04:00,2.0,UNEXPECTED_SHORT_GAP,UNEXPECTED
2024-08-27 23:08:00,2024-08-27 23:12:00,4.0,UNEXPECTED_SHORT_GAP,UNEXPECTED
2024-08-27 23:42:00,2024-08-27 23:45:00,3.0,UNEXPECTED_SHORT_GAP,UNEXPECTED
2024-08-28 00:32:00,2024-08-28 00:34:00,2.0,UNEXPECTED_SHORT_GAP,UNEXPECTED
2024-08-28 03:21:00,2024-08-28 03:23:00,2.0,UNEXPECTED_SHORT_GAP,UNEXPECTED
2024-08-28 05:02:00,2024-08-28 05:04:00,2.0,UNEXPECTED_SHORT_GAP,UNEXPECTED
2024-08-28 20:52:00,2024-08-28 20:55:00,3.0,UNEXPECTED_SHORT_GAP,UNEXPECTED
2024-08-28 20:55:00,2024-08-28 20:57:00,2.0,UNEXPECTED_SHORT_GAP,UNEXPECTED
2024-08-28 22:23:00,2024-08-28 22:26:00,3.0,UNEXPECTED_SHORT_GAP,UNEXPECTED
2024-08-28 22:27:00,2024-08-28 22:30:00,3.0,UNEXPECTED_SHORT_GAP,UNEXPECTED
2024-08-28 23:40:00,2024-08-28 23:42:00,2.0,UNEXPECTED_SHORT_GAP,UNEXPECTED
2024-08-29 20:39:00,2024-08-29 20:41:00,2.0,UNEXPECTED_SHORT_GAP,UNEXPECTED
2024-08-29 22:31:00,2024-08-29 22:33:00,2.0,UNEXPECTED_SHORT_GAP,UNEXPECTED
2024-08-29 22:35:00,2024-08-29 22:37:00,2.0,UNEXPECTED_SHORT_GAP,UNEXPECTED
2024-08-29 22:38:00,2024-08-29 22:40:00,2.0,UNEXPECTED_SHORT_GAP,UNEXPECTED
2024-08-29 22:42:00,2024-08-29 22:44:00,2.0,UNEXPECTED_SHORT_GAP,UNEXPECTED
2024-08-29 22:47:00,2024-08-29 22:53:00,6.0,UNEXPECTED_INTRADAY_GAP,UNEXPECTED
2024-08-29 22:53:00,2024-08-29 22:56:00,3.0,UNEXPECTED_SHORT_GAP,UNEXPECTED
2024-08-29 23:47:00,2024-08-29 23:49:00,2.0,UNEXPECTED_SHORT_GAP,UNEXPECTED
2024-08-30 02:40:00,2024-08-30 02:42:00,2.0,UNEXPECTED_SHORT_GAP,UNEXPECTED
2024-08-30 03:41:00,2024-08-30 03:43:00,2.0,UNEXPECTED_SHORT_GAP,UNEXPECTED
2024-08-30 20:39:00,2024-08-30 20:41:00,2.0,UNEXPECTED_SHORT_GAP,UNEXPECTED
2024-08-30 20:58:00,2024-09-01 21:05:00,2887.0,EXPECTED_WEEKEND_CLOSURE,EXPECTED
2024-09-02 21:01:00,2024-09-02 21:03:00,2.0,UNEXPECTED_SHORT_GAP,UNEXPECTED
2024-09-05 21:02:00,2024-09-05 21:04:00,2.0,UNEXPECTED_SHORT_GAP,UNEXPECTED
2024-09-06 20:58:00,2024-09-08 21:05:00,2887.0,EXPECTED_WEEKEND_CLOSURE,EXPECTED
2024-09-09 21:02:00,2024-09-09 21:04:00,2.0,UNEXPECTED_SHORT_GAP,UNEXPECTED
2024-09-11 04:34:00,2024-09-11 04:42:00,8.0,UNEXPECTED_INTRADAY_GAP,UNEXPECTED
2024-09-11 20:59:00,2024-09-11 21:01:00,2.0,UNEXPECTED_SHORT_GAP,UNEXPECTED
2024-09-11 21:02:00,2024-09-11 21:04:00,2.0,UNEXPECTED_SHORT_GAP,UNEXPECTED
2024-09-13 20:58:00,2024-09-15 21:05:00,2887.0,EXPECTED_WEEKEND_CLOSURE,EXPECTED
2024-09-16 21:01:00,2024-09-16 21:05:00,4.0,UNEXPECTED_SHORT_GAP,UNEXPECTED
2024-09-19 20:59:00,2024-09-19 21:01:00,2.0,UNEXPECTED_SHORT_GAP,UNEXPECTED
2024-09-19 21:02:00,2024-09-19 21:04:00,2.0,UNEXPECTED_SHORT_GAP,UNEXPECTED
2024-09-20 20:58:00,2024-09-22 21:06:00,2888.0,EXPECTED_WEEKEND_CLOSURE,EXPECTED
2024-09-25 21:02:00,2024-09-25 21:04:00,2.0,UNEXPECTED_SHORT_GAP,UNEXPECTED
2024-09-27 20:58:00,2024-09-29 21:06:00,2888.0,EXPECTED_WEEKEND_CLOSURE,EXPECTED
2024-09-30 20:59:00,2024-09-30 21:02:00,3.0,UNEXPECTED_SHORT_GAP,UNEXPECTED
2024-10-01 21:01:00,2024-10-01 21:04:00,3.0,UNEXPECTED_SHORT_GAP,UNEXPECTED
2024-10-03 20:59:00,2024-10-03 21:03:00,4.0,UNEXPECTED_SHORT_GAP,UNEXPECTED
2024-10-04 20:58:00,2024-10-06 21:05:00,2887.0,EXPECTED_WEEKEND_CLOSURE,EXPECTED
2024-10-07 21:01:00,2024-10-07 21:04:00,3.0,UNEXPECTED_SHORT_GAP,UNEXPECTED
2024-10-09 21:02:00,2024-10-09 21:04:00,2.0,UNEXPECTED_SHORT_GAP,UNEXPECTED
2024-10-10 21:01:00,2024-10-10 21:03:00,2.0,UNEXPECTED_SHORT_GAP,UNEXPECTED
2024-10-11 20:58:00,2024-10-13 21:06:00,2888.0,EXPECTED_WEEKEND_CLOSURE,EXPECTED
2024-10-14 20:59:00,2024-10-14 21:01:00,2.0,UNEXPECTED_SHORT_GAP,UNEXPECTED
2024-10-16 21:01:00,2024-10-16 21:03:00,2.0,UNEXPECTED_SHORT_GAP,UNEXPECTED
2024-10-17 20:59:00,2024-10-17 21:01:00,2.0,UNEXPECTED_SHORT_GAP,UNEXPECTED
2024-10-18 20:58:00,2024-10-20 21:05:00,2887.0,EXPECTED_WEEKEND_CLOSURE,EXPECTED
2024-10-23 21:02:00,2024-10-23 21:04:00,2.0,UNEXPECTED_SHORT_GAP,UNEXPECTED
2024-10-25 20:58:00,2024-10-27 21:05:00,2887.0,EXPECTED_WEEKEND_CLOSURE,EXPECTED
2024-10-28 20:59:00,2024-10-28 21:01:00,2.0,UNEXPECTED_SHORT_GAP,UNEXPECTED
2024-10-29 20:59:00,2024-10-29 21:01:00,2.0,UNEXPECTED_SHORT_GAP,UNEXPECTED
2024-10-30 21:02:00,2024-10-30 21:04:00,2.0,UNEXPECTED_SHORT_GAP,UNEXPECTED
2024-10-31 20:59:00,2024-10-31 21:03:00,4.0,UNEXPECTED_SHORT_GAP,UNEXPECTED
2024-11-01 20:58:00,2024-11-03 22:05:00,2947.0,EXPECTED_WEEKEND_CLOSURE,EXPECTED
2024-11-04 21:59:00,2024-11-04 22:01:00,2.0,UNEXPECTED_SHORT_GAP,UNEXPECTED
2024-11-04 22:01:00,2024-11-04 22:03:00,2.0,UNEXPECTED_SHORT_GAP,UNEXPECTED
2024-11-05 22:06:00,2024-11-05 22:08:00,2.0,UNEXPECTED_SHORT_GAP,UNEXPECTED
2024-11-06 21:59:00,2024-11-06 22:01:00,2.0,UNEXPECTED_SHORT_GAP,UNEXPECTED
2024-11-06 22:01:00,2024-11-06 22:04:00,3.0,UNEXPECTED_SHORT_GAP,UNEXPECTED
2024-11-07 21:59:00,2024-11-07 22:01:00,2.0,UNEXPECTED_SHORT_GAP,UNEXPECTED
2024-11-07 22:02:00,2024-11-07 22:04:00,2.0,UNEXPECTED_SHORT_GAP,UNEXPECTED
2024-11-08 21:58:00,2024-11-10 22:05:00,2887.0,EXPECTED_WEEKEND_CLOSURE,EXPECTED
2024-11-13 21:59:00,2024-11-13 22:01:00,2.0,UNEXPECTED_SHORT_GAP,UNEXPECTED
2024-11-13 22:02:00,2024-11-13 22:04:00,2.0,UNEXPECTED_SHORT_GAP,UNEXPECTED
2024-11-14 21:59:00,2024-11-14 22:01:00,2.0,UNEXPECTED_SHORT_GAP,UNEXPECTED
2024-11-15 21:58:00,2024-11-17 22:05:00,2887.0,EXPECTED_WEEKEND_CLOSURE,EXPECTED
2024-11-18 21:59:00,2024-11-18 22:01:00,2.0,UNEXPECTED_SHORT_GAP,UNEXPECTED
2024-11-19 22:01:00,2024-11-19 22:04:00,3.0,UNEXPECTED_SHORT_GAP,UNEXPECTED
2024-11-20 21:59:00,2024-11-20 22:01:00,2.0,UNEXPECTED_SHORT_GAP,UNEXPECTED
2024-11-21 22:00:00,2024-11-21 22:02:00,2.0,UNEXPECTED_SHORT_GAP,UNEXPECTED
2024-11-22 21:58:00,2024-11-24 22:05:00,2887.0,EXPECTED_WEEKEND_CLOSURE,EXPECTED
2024-11-25 22:02:00,2024-11-25 22:04:00,2.0,UNEXPECTED_SHORT_GAP,UNEXPECTED
2024-11-26 21:59:00,2024-11-26 22:01:00,2.0,UNEXPECTED_SHORT_GAP,UNEXPECTED
2024-11-27 21:59:00,2024-11-27 22:01:00,2.0,UNEXPECTED_SHORT_GAP,UNEXPECTED
2024-11-28 22:02:00,2024-11-28 22:04:00,2.0,UNEXPECTED_SHORT_GAP,UNEXPECTED
2024-11-29 21:58:00,2024-12-01 22:05:00,2887.0,EXPECTED_WEEKEND_CLOSURE,EXPECTED
2024-12-02 21:59:00,2024-12-02 22:01:00,2.0,UNEXPECTED_SHORT_GAP,UNEXPECTED
2024-12-02 22:02:00,2024-12-02 22:04:00,2.0,UNEXPECTED_SHORT_GAP,UNEXPECTED
2024-12-03 21:59:00,2024-12-03 22:01:00,2.0,UNEXPECTED_SHORT_GAP,UNEXPECTED
2024-12-05 21:59:00,2024-12-05 22:01:00,2.0,UNEXPECTED_SHORT_GAP,UNEXPECTED
2024-12-05 22:02:00,2024-12-05 22:04:00,2.0,UNEXPECTED_SHORT_GAP,UNEXPECTED
2024-12-06 21:58:00,2024-12-08 22:05:00,2887.0,EXPECTED_WEEKEND_CLOSURE,EXPECTED
2024-12-09 21:59:00,2024-12-09 22:01:00,2.0,UNEXPECTED_SHORT_GAP,UNEXPECTED
2024-12-09 22:02:00,2024-12-09 22:04:00,2.0,UNEXPECTED_SHORT_GAP,UNEXPECTED
2024-12-10 21:59:00,2024-12-10 22:01:00,2.0,UNEXPECTED_SHORT_GAP,UNEXPECTED
2024-12-10 22:01:00,2024-12-10 22:04:00,3.0,UNEXPECTED_SHORT_GAP,UNEXPECTED
2024-12-11 07:56:00,2024-12-11 08:05:00,9.0,UNEXPECTED_INTRADAY_GAP,UNEXPECTED
2024-12-11 08:38:00,2024-12-11 08:40:00,2.0,UNEXPECTED_SHORT_GAP,UNEXPECTED
2024-12-11 21:59:00,2024-12-11 22:01:00,2.0,UNEXPECTED_SHORT_GAP,UNEXPECTED
2024-12-11 22:01:00,2024-12-11 22:04:00,3.0,UNEXPECTED_SHORT_GAP,UNEXPECTED
2024-12-12 21:59:00,2024-12-12 22:01:00,2.0,UNEXPECTED_SHORT_GAP,UNEXPECTED
2024-12-12 22:02:00,2024-12-12 22:04:00,2.0,UNEXPECTED_SHORT_GAP,UNEXPECTED
2024-12-13 21:58:00,2024-12-15 22:05:00,2887.0,EXPECTED_WEEKEND_CLOSURE,EXPECTED
2024-12-16 21:59:00,2024-12-16 22:01:00,2.0,UNEXPECTED_SHORT_GAP,UNEXPECTED
2024-12-16 22:01:00,2024-12-16 22:03:00,2.0,UNEXPECTED_SHORT_GAP,UNEXPECTED
2024-12-17 22:01:00,2024-12-17 22:03:00,2.0,UNEXPECTED_SHORT_GAP,UNEXPECTED
2024-12-18 21:59:00,2024-12-18 22:02:00,3.0,UNEXPECTED_SHORT_GAP,UNEXPECTED
2024-12-19 22:02:00,2024-12-19 22:04:00,2.0,UNEXPECTED_SHORT_GAP,UNEXPECTED
2024-12-20 21:58:00,2024-12-22 22:05:00,2887.0,EXPECTED_WEEKEND_CLOSURE,EXPECTED
2024-12-24 21:58:00,2024-12-25 22:07:00,1449.0,EXPECTED_WEEKEND_CLOSURE,EXPECTED
2024-12-27 21:58:00,2024-12-29 22:05:00,2887.0,EXPECTED_WEEKEND_CLOSURE,EXPECTED
2024-12-30 21:59:00,2024-12-30 22:04:00,5.0,UNEXPECTED_SHORT_GAP,UNEXPECTED
2024-12-31 21:58:00,2025-01-01 22:05:00,1447.0,EXPECTED_WEEKEND_CLOSURE,EXPECTED
2025-01-02 21:59:00,2025-01-02 22:02:00,3.0,UNEXPECTED_SHORT_GAP,UNEXPECTED
2025-01-02 22:02:00,2025-01-02 22:04:00,2.0,UNEXPECTED_SHORT_GAP,UNEXPECTED
2025-01-03 11:45:00,2025-01-03 12:48:00,63.0,UNEXPECTED_LONG_GAP,UNEXPECTED
2025-01-03 21:58:00,2025-01-05 22:05:00,2887.0,EXPECTED_WEEKEND_CLOSURE,EXPECTED
2025-01-06 21:59:00,2025-01-06 22:04:00,5.0,UNEXPECTED_SHORT_GAP,UNEXPECTED
2025-01-07 22:02:00,2025-01-07 22:04:00,2.0,UNEXPECTED_SHORT_GAP,UNEXPECTED
2025-01-08 18:54:00,2025-01-08 19:04:00,10.0,UNEXPECTED_INTRADAY_GAP,UNEXPECTED
2025-01-08 21:59:00,2025-01-08 22:01:00,2.0,UNEXPECTED_SHORT_GAP,UNEXPECTED
2025-01-09 21:59:00,2025-01-09 22:01:00,2.0,UNEXPECTED_SHORT_GAP,UNEXPECTED
2025-01-10 21:58:00,2025-01-12 22:05:00,2887.0,EXPECTED_WEEKEND_CLOSURE,EXPECTED
2025-01-13 22:47:00,2025-01-13 22:56:00,9.0,UNEXPECTED_INTRADAY_GAP,UNEXPECTED
2025-01-15 21:59:00,2025-01-15 22:01:00,2.0,UNEXPECTED_SHORT_GAP,UNEXPECTED
2025-01-17 21:58:00,2025-01-19 22:05:00,2887.0,EXPECTED_WEEKEND_CLOSURE,EXPECTED
2025-01-20 21:59:00,2025-01-20 22:01:00,2.0,UNEXPECTED_SHORT_GAP,UNEXPECTED
2025-01-21 21:59:00,2025-01-21 22:01:00,2.0,UNEXPECTED_SHORT_GAP,UNEXPECTED
2025-01-23 21:59:00,2025-01-23 22:01:00,2.0,UNEXPECTED_SHORT_GAP,UNEXPECTED
2025-01-24 21:58:00,2025-01-26 22:05:00,2887.0,EXPECTED_WEEKEND_CLOSURE,EXPECTED
2025-01-28 21:59:00,2025-01-28 22:01:00,2.0,UNEXPECTED_SHORT_GAP,UNEXPECTED
2025-01-29 21:59:00,2025-01-29 22:01:00,2.0,UNEXPECTED_SHORT_GAP,UNEXPECTED
2025-01-30 21:59:00,2025-01-30 22:01:00,2.0,UNEXPECTED_SHORT_GAP,UNEXPECTED
2025-01-31 21:58:00,2025-02-02 22:25:00,2907.0,EXPECTED_WEEKEND_CLOSURE,EXPECTED
2025-02-03 21:59:00,2025-02-03 22:01:00,2.0,UNEXPECTED_SHORT_GAP,UNEXPECTED
2025-02-06 21:59:00,2025-02-06 22:01:00,2.0,UNEXPECTED_SHORT_GAP,UNEXPECTED
2025-02-07 21:58:00,2025-02-09 22:06:00,2888.0,EXPECTED_WEEKEND_CLOSURE,EXPECTED
2025-02-10 21:59:00,2025-02-10 22:01:00,2.0,UNEXPECTED_SHORT_GAP,UNEXPECTED
2025-02-11 22:00:00,2025-02-11 22:02:00,2.0,UNEXPECTED_SHORT_GAP,UNEXPECTED
2025-02-13 21:59:00,2025-02-13 22:01:00,2.0,UNEXPECTED_SHORT_GAP,UNEXPECTED
2025-02-14 21:58:00,2025-02-16 22:05:00,2887.0,EXPECTED_WEEKEND_CLOSURE,EXPECTED
2025-02-17 21:59:00,2025-02-17 22:01:00,2.0,UNEXPECTED_SHORT_GAP,UNEXPECTED
2025-02-21 21:58:00,2025-02-23 22:05:00,2887.0,EXPECTED_WEEKEND_CLOSURE,EXPECTED
2025-02-28 21:58:00,2025-03-02 22:05:00,2887.0,EXPECTED_WEEKEND_CLOSURE,EXPECTED
2025-03-03 21:59:00,2025-03-03 22:01:00,2.0,UNEXPECTED_SHORT_GAP,UNEXPECTED
2025-03-05 21:59:00,2025-03-05 22:01:00,2.0,UNEXPECTED_SHORT_GAP,UNEXPECTED
2025-03-07 21:58:00,2025-03-09 21:05:00,2827.0,EXPECTED_WEEKEND_CLOSURE,EXPECTED
2025-03-13 20:59:00,2025-03-13 21:01:00,2.0,UNEXPECTED_SHORT_GAP,UNEXPECTED
2025-03-14 20:58:00,2025-03-16 21:05:00,2887.0,EXPECTED_WEEKEND_CLOSURE,EXPECTED
2025-03-18 20:59:00,2025-03-18 21:01:00,2.0,UNEXPECTED_SHORT_GAP,UNEXPECTED
2025-03-19 20:59:00,2025-03-19 21:02:00,3.0,UNEXPECTED_SHORT_GAP,UNEXPECTED
2025-03-20 20:59:00,2025-03-20 21:02:00,3.0,UNEXPECTED_SHORT_GAP,UNEXPECTED
2025-03-21 20:58:00,2025-03-23 21:05:00,2887.0,EXPECTED_WEEKEND_CLOSURE,EXPECTED
2025-03-24 20:59:00,2025-03-24 21:02:00,3.0,UNEXPECTED_SHORT_GAP,UNEXPECTED
2025-03-25 21:00:00,2025-03-25 21:02:00,2.0,UNEXPECTED_SHORT_GAP,UNEXPECTED
2025-03-28 20:58:00,2025-03-30 21:05:00,2887.0,EXPECTED_WEEKEND_CLOSURE,EXPECTED
2025-03-31 20:59:00,2025-03-31 21:01:00,2.0,UNEXPECTED_SHORT_GAP,UNEXPECTED
2025-04-02 20:59:00,2025-04-02 21:01:00,2.0,UNEXPECTED_SHORT_GAP,UNEXPECTED
2025-04-02 21:40:00,2025-04-02 21:44:00,4.0,UNEXPECTED_SHORT_GAP,UNEXPECTED
2025-04-03 20:59:00,2025-04-03 21:01:00,2.0,UNEXPECTED_SHORT_GAP,UNEXPECTED
2025-04-04 20:58:00,2025-04-06 21:05:00,2887.0,EXPECTED_WEEKEND_CLOSURE,EXPECTED
2025-04-06 21:50:00,2025-04-06 21:52:00,2.0,EXPECTED_WEEKEND_CLOSURE,EXPECTED
2025-04-08 21:08:00,2025-04-08 21:10:00,2.0,UNEXPECTED_SHORT_GAP,UNEXPECTED
2025-04-08 21:11:00,2025-04-08 21:15:00,4.0,UNEXPECTED_SHORT_GAP,UNEXPECTED
2025-04-09 20:59:00,2025-04-09 21:02:00,3.0,UNEXPECTED_SHORT_GAP,UNEXPECTED
2025-04-09 21:08:00,2025-04-09 21:10:00,2.0,UNEXPECTED_SHORT_GAP,UNEXPECTED
2025-04-11 20:58:00,2025-04-13 21:05:00,2887.0,EXPECTED_WEEKEND_CLOSURE,EXPECTED
2025-04-14 14:00:00,2025-04-14 14:24:00,24.0,UNEXPECTED_INTRADAY_GAP,UNEXPECTED
2025-04-14 20:59:00,2025-04-14 21:01:00,2.0,UNEXPECTED_SHORT_GAP,UNEXPECTED
2025-04-15 20:59:00,2025-04-15 21:01:00,2.0,UNEXPECTED_SHORT_GAP,UNEXPECTED
2025-04-16 20:59:00,2025-04-16 21:01:00,2.0,UNEXPECTED_SHORT_GAP,UNEXPECTED
2025-04-16 21:02:00,2025-04-16 21:04:00,2.0,UNEXPECTED_SHORT_GAP,UNEXPECTED
2025-04-17 20:59:00,2025-04-17 21:05:00,6.0,UNEXPECTED_INTRADAY_GAP,UNEXPECTED
2025-04-17 21:11:00,2025-04-17 21:19:00,8.0,UNEXPECTED_INTRADAY_GAP,UNEXPECTED
2025-04-17 21:21:00,2025-04-17 21:30:00,9.0,UNEXPECTED_INTRADAY_GAP,UNEXPECTED
2025-04-18 20:58:00,2025-04-20 21:05:00,2887.0,EXPECTED_WEEKEND_CLOSURE,EXPECTED
2025-04-21 20:59:00,2025-04-21 21:01:00,2.0,UNEXPECTED_SHORT_GAP,UNEXPECTED
2025-04-22 21:51:00,2025-04-22 22:00:00,9.0,UNEXPECTED_INTRADAY_GAP,UNEXPECTED
2025-04-25 20:58:00,2025-04-27 21:05:00,2887.0,EXPECTED_WEEKEND_CLOSURE,EXPECTED
2025-05-01 20:59:00,2025-05-01 21:01:00,2.0,UNEXPECTED_SHORT_GAP,UNEXPECTED
2025-05-01 21:01:00,2025-05-01 21:04:00,3.0,UNEXPECTED_SHORT_GAP,UNEXPECTED
2025-05-02 20:58:00,2025-05-04 21:05:00,2887.0,EXPECTED_WEEKEND_CLOSURE,EXPECTED
2025-05-06 20:59:00,2025-05-06 21:01:00,2.0,UNEXPECTED_SHORT_GAP,UNEXPECTED
2025-05-09 20:58:00,2025-05-11 21:10:00,2892.0,EXPECTED_WEEKEND_CLOSURE,EXPECTED
2025-05-12 21:07:00,2025-05-12 21:09:00,2.0,UNEXPECTED_SHORT_GAP,UNEXPECTED
2025-05-13 20:59:00,2025-05-13 21:01:00,2.0,UNEXPECTED_SHORT_GAP,UNEXPECTED
2025-05-15 20:59:00,2025-05-15 21:01:00,2.0,UNEXPECTED_SHORT_GAP,UNEXPECTED
2025-05-16 20:58:00,2025-05-18 21:05:00,2887.0,EXPECTED_WEEKEND_CLOSURE,EXPECTED
2025-05-20 20:59:00,2025-05-20 21:01:00,2.0,UNEXPECTED_SHORT_GAP,UNEXPECTED
2025-05-21 20:59:00,2025-05-21 21:02:00,3.0,UNEXPECTED_SHORT_GAP,UNEXPECTED
2025-05-23 20:58:00,2025-05-25 21:05:00,2887.0,EXPECTED_WEEKEND_CLOSURE,EXPECTED
2025-05-26 20:59:00,2025-05-26 21:01:00,2.0,UNEXPECTED_SHORT_GAP,UNEXPECTED
2025-05-27 20:59:00,2025-05-27 21:01:00,2.0,UNEXPECTED_SHORT_GAP,UNEXPECTED
2025-05-28 20:59:00,2025-05-28 21:01:00,2.0,UNEXPECTED_SHORT_GAP,UNEXPECTED
2025-05-30 20:58:00,2025-06-01 21:05:00,2887.0,EXPECTED_WEEKEND_CLOSURE,EXPECTED
2025-06-02 21:02:00,2025-06-02 21:04:00,2.0,UNEXPECTED_SHORT_GAP,UNEXPECTED
2025-06-03 20:59:00,2025-06-03 21:01:00,2.0,UNEXPECTED_SHORT_GAP,UNEXPECTED
2025-06-04 21:02:00,2025-06-04 21:04:00,2.0,UNEXPECTED_SHORT_GAP,UNEXPECTED
2025-06-05 20:59:00,2025-06-05 21:01:00,2.0,UNEXPECTED_SHORT_GAP,UNEXPECTED
2025-06-06 20:58:00,2025-06-08 21:05:00,2887.0,EXPECTED_WEEKEND_CLOSURE,EXPECTED
2025-06-09 20:59:00,2025-06-09 21:01:00,2.0,UNEXPECTED_SHORT_GAP,UNEXPECTED
2025-06-10 20:59:00,2025-06-10 21:01:00,2.0,UNEXPECTED_SHORT_GAP,UNEXPECTED
2025-06-11 20:59:00,2025-06-11 21:01:00,2.0,UNEXPECTED_SHORT_GAP,UNEXPECTED
2025-06-11 21:02:00,2025-06-11 21:04:00,2.0,UNEXPECTED_SHORT_GAP,UNEXPECTED
2025-06-13 20:58:00,2025-06-15 21:05:00,2887.0,EXPECTED_WEEKEND_CLOSURE,EXPECTED
2025-06-17 21:00:00,2025-06-17 21:05:00,5.0,UNEXPECTED_SHORT_GAP,UNEXPECTED
2025-06-19 20:59:00,2025-06-19 21:01:00,2.0,UNEXPECTED_SHORT_GAP,UNEXPECTED
2025-06-20 20:58:00,2025-06-22 21:05:00,2887.0,EXPECTED_WEEKEND_CLOSURE,EXPECTED
2025-06-23 20:59:00,2025-06-23 21:01:00,2.0,UNEXPECTED_SHORT_GAP,UNEXPECTED
2025-06-23 21:01:00,2025-06-23 21:04:00,3.0,UNEXPECTED_SHORT_GAP,UNEXPECTED
2025-06-24 20:59:00,2025-06-24 21:02:00,3.0,UNEXPECTED_SHORT_GAP,UNEXPECTED
2025-06-27 20:58:00,2025-06-29 21:05:00,2887.0,EXPECTED_WEEKEND_CLOSURE,EXPECTED
2025-06-30 21:00:00,2025-06-30 21:02:00,2.0,UNEXPECTED_SHORT_GAP,UNEXPECTED
2025-07-02 21:45:00,2025-07-02 21:48:00,3.0,UNEXPECTED_SHORT_GAP,UNEXPECTED
2025-07-04 20:58:00,2025-07-06 21:05:00,2887.0,EXPECTED_WEEKEND_CLOSURE,EXPECTED
2025-07-08 20:59:00,2025-07-08 21:01:00,2.0,UNEXPECTED_SHORT_GAP,UNEXPECTED
2025-07-09 20:59:00,2025-07-09 21:02:00,3.0,UNEXPECTED_SHORT_GAP,UNEXPECTED
2025-07-09 21:02:00,2025-07-09 21:04:00,2.0,UNEXPECTED_SHORT_GAP,UNEXPECTED
2025-07-10 20:59:00,2025-07-10 21:01:00,2.0,UNEXPECTED_SHORT_GAP,UNEXPECTED
2025-07-11 20:58:00,2025-07-13 21:05:00,2887.0,EXPECTED_WEEKEND_CLOSURE,EXPECTED
2025-07-16 20:59:00,2025-07-16 21:01:00,2.0,UNEXPECTED_SHORT_GAP,UNEXPECTED
2025-07-17 21:00:00,2025-07-17 21:02:00,2.0,UNEXPECTED_SHORT_GAP,UNEXPECTED
2025-07-18 20:58:00,2025-07-20 21:05:00,2887.0,EXPECTED_WEEKEND_CLOSURE,EXPECTED
2025-07-21 21:00:00,2025-07-21 21:02:00,2.0,UNEXPECTED_SHORT_GAP,UNEXPECTED
2025-07-22 20:59:00,2025-07-22 21:01:00,2.0,UNEXPECTED_SHORT_GAP,UNEXPECTED
2025-07-23 20:59:00,2025-07-23 21:01:00,2.0,UNEXPECTED_SHORT_GAP,UNEXPECTED
2025-07-25 20:58:00,2025-07-27 21:05:00,2887.0,EXPECTED_WEEKEND_CLOSURE,EXPECTED
2025-07-29 20:59:00,2025-07-29 21:01:00,2.0,UNEXPECTED_SHORT_GAP,UNEXPECTED
2025-07-30 21:00:00,2025-07-30 21:02:00,2.0,UNEXPECTED_SHORT_GAP,UNEXPECTED
2025-07-30 21:02:00,2025-07-30 21:04:00,2.0,UNEXPECTED_SHORT_GAP,UNEXPECTED
2025-08-01 20:58:00,2025-08-03 21:05:00,2887.0,EXPECTED_WEEKEND_CLOSURE,EXPECTED
2025-08-06 20:59:00,2025-08-06 21:02:00,3.0,UNEXPECTED_SHORT_GAP,UNEXPECTED
2025-08-08 20:58:00,2025-08-10 21:05:00,2887.0,EXPECTED_WEEKEND_CLOSURE,EXPECTED
2025-08-12 20:59:00,2025-08-12 21:01:00,2.0,UNEXPECTED_SHORT_GAP,UNEXPECTED
2025-08-13 20:59:00,2025-08-13 21:02:00,3.0,UNEXPECTED_SHORT_GAP,UNEXPECTED
2025-08-14 20:59:00,2025-08-14 21:01:00,2.0,UNEXPECTED_SHORT_GAP,UNEXPECTED
2025-08-15 20:58:00,2025-08-17 21:05:00,2887.0,EXPECTED_WEEKEND_CLOSURE,EXPECTED
2025-08-18 20:59:00,2025-08-18 21:01:00,2.0,UNEXPECTED_SHORT_GAP,UNEXPECTED
2025-08-18 21:02:00,2025-08-18 21:04:00,2.0,UNEXPECTED_SHORT_GAP,UNEXPECTED
2025-08-19 20:59:00,2025-08-19 21:01:00,2.0,UNEXPECTED_SHORT_GAP,UNEXPECTED
2025-08-20 20:59:00,2025-08-20 21:01:00,2.0,UNEXPECTED_SHORT_GAP,UNEXPECTED
2025-08-22 20:58:00,2025-08-24 21:05:00,2887.0,EXPECTED_WEEKEND_CLOSURE,EXPECTED
2025-08-25 20:59:00,2025-08-25 21:01:00,2.0,UNEXPECTED_SHORT_GAP,UNEXPECTED
2025-08-28 20:59:00,2025-08-28 21:01:00,2.0,UNEXPECTED_SHORT_GAP,UNEXPECTED
2025-08-29 20:58:00,2025-08-31 21:05:00,2887.0,EXPECTED_WEEKEND_CLOSURE,EXPECTED
2025-09-01 20:59:00,2025-09-01 21:01:00,2.0,UNEXPECTED_SHORT_GAP,UNEXPECTED
2025-09-02 20:59:00,2025-09-02 21:01:00,2.0,UNEXPECTED_SHORT_GAP,UNEXPECTED
2025-09-04 20:59:00,2025-09-04 21:01:00,2.0,UNEXPECTED_SHORT_GAP,UNEXPECTED
2025-09-05 20:58:00,2025-09-07 21:05:00,2887.0,EXPECTED_WEEKEND_CLOSURE,EXPECTED
2025-09-09 20:59:00,2025-09-09 21:01:00,2.0,UNEXPECTED_SHORT_GAP,UNEXPECTED
2025-09-11 20:59:00,2025-09-11 21:01:00,2.0,UNEXPECTED_SHORT_GAP,UNEXPECTED
2025-09-12 20:58:00,2025-09-14 21:05:00,2887.0,EXPECTED_WEEKEND_CLOSURE,EXPECTED
2025-09-16 20:59:00,2025-09-16 21:01:00,2.0,UNEXPECTED_SHORT_GAP,UNEXPECTED
2025-09-17 21:18:00,2025-09-17 21:20:00,2.0,UNEXPECTED_SHORT_GAP,UNEXPECTED
2025-09-17 21:20:00,2025-09-17 21:22:00,2.0,UNEXPECTED_SHORT_GAP,UNEXPECTED
2025-09-19 20:58:00,2025-09-21 21:05:00,2887.0,EXPECTED_WEEKEND_CLOSURE,EXPECTED
2025-09-23 20:59:00,2025-09-23 21:01:00,2.0,UNEXPECTED_SHORT_GAP,UNEXPECTED
2025-09-25 20:59:00,2025-09-25 21:01:00,2.0,UNEXPECTED_SHORT_GAP,UNEXPECTED
2025-09-25 21:01:00,2025-09-25 21:03:00,2.0,UNEXPECTED_SHORT_GAP,UNEXPECTED
2025-09-25 21:10:00,2025-09-25 21:13:00,3.0,UNEXPECTED_SHORT_GAP,UNEXPECTED
2025-09-26 20:58:00,2025-09-28 21:05:00,2887.0,EXPECTED_WEEKEND_CLOSURE,EXPECTED
2025-09-29 20:59:00,2025-09-29 21:01:00,2.0,UNEXPECTED_SHORT_GAP,UNEXPECTED
2025-09-30 20:59:00,2025-09-30 21:02:00,3.0,UNEXPECTED_SHORT_GAP,UNEXPECTED
2025-10-01 20:59:00,2025-10-01 21:02:00,3.0,UNEXPECTED_SHORT_GAP,UNEXPECTED
2025-10-02 20:59:00,2025-10-02 21:01:00,2.0,UNEXPECTED_SHORT_GAP,UNEXPECTED
2025-10-03 20:58:00,2025-10-05 21:05:00,2887.0,EXPECTED_WEEKEND_CLOSURE,EXPECTED
2025-10-06 20:59:00,2025-10-06 21:01:00,2.0,UNEXPECTED_SHORT_GAP,UNEXPECTED
2025-10-09 20:59:00,2025-10-09 21:01:00,2.0,UNEXPECTED_SHORT_GAP,UNEXPECTED
2025-10-10 20:58:00,2025-10-12 21:05:00,2887.0,EXPECTED_WEEKEND_CLOSURE,EXPECTED
2025-10-17 20:58:00,2025-10-19 21:05:00,2887.0,EXPECTED_WEEKEND_CLOSURE,EXPECTED
2025-10-21 21:02:00,2025-10-21 21:04:00,2.0,UNEXPECTED_SHORT_GAP,UNEXPECTED
2025-10-23 20:59:00,2025-10-23 21:01:00,2.0,UNEXPECTED_SHORT_GAP,UNEXPECTED
2025-10-24 20:58:00,2025-10-26 21:05:00,2887.0,EXPECTED_WEEKEND_CLOSURE,EXPECTED
2025-10-27 20:59:00,2025-10-27 21:02:00,3.0,UNEXPECTED_SHORT_GAP,UNEXPECTED
2025-10-30 20:59:00,2025-10-30 21:01:00,2.0,UNEXPECTED_SHORT_GAP,UNEXPECTED
2025-10-31 20:58:00,2025-11-02 22:05:00,2947.0,EXPECTED_WEEKEND_CLOSURE,EXPECTED
2025-11-05 22:02:00,2025-11-05 22:04:00,2.0,UNEXPECTED_SHORT_GAP,UNEXPECTED
2025-11-06 21:59:00,2025-11-06 22:01:00,2.0,UNEXPECTED_SHORT_GAP,UNEXPECTED
2025-11-07 21:58:00,2025-11-09 22:05:00,2887.0,EXPECTED_WEEKEND_CLOSURE,EXPECTED
2025-11-11 13:05:00,2025-11-11 13:09:00,4.0,UNEXPECTED_SHORT_GAP,UNEXPECTED
2025-11-11 21:59:00,2025-11-11 22:05:00,6.0,UNEXPECTED_INTRADAY_GAP,UNEXPECTED
2025-11-11 22:05:00,2025-11-11 22:10:00,5.0,UNEXPECTED_SHORT_GAP,UNEXPECTED
2025-11-13 21:59:00,2025-11-13 22:08:00,9.0,UNEXPECTED_INTRADAY_GAP,UNEXPECTED
2025-11-14 21:58:00,2025-11-16 22:05:00,2887.0,EXPECTED_WEEKEND_CLOSURE,EXPECTED
2025-11-17 21:59:00,2025-11-17 22:13:00,14.0,UNEXPECTED_INTRADAY_GAP,UNEXPECTED
2025-11-17 22:13:00,2025-11-17 22:15:00,2.0,UNEXPECTED_SHORT_GAP,UNEXPECTED
2025-11-18 21:59:00,2025-11-18 22:05:00,6.0,UNEXPECTED_INTRADAY_GAP,UNEXPECTED
2025-11-19 21:59:00,2025-11-19 22:05:00,6.0,UNEXPECTED_INTRADAY_GAP,UNEXPECTED
2025-11-20 21:59:00,2025-11-20 22:05:00,6.0,UNEXPECTED_INTRADAY_GAP,UNEXPECTED
2025-11-21 21:58:00,2025-11-23 22:05:00,2887.0,EXPECTED_WEEKEND_CLOSURE,EXPECTED
2025-11-24 21:59:00,2025-11-24 22:01:00,2.0,UNEXPECTED_SHORT_GAP,UNEXPECTED
2025-11-24 22:02:00,2025-11-24 22:04:00,2.0,UNEXPECTED_SHORT_GAP,UNEXPECTED
2025-11-25 21:59:00,2025-11-25 22:01:00,2.0,UNEXPECTED_SHORT_GAP,UNEXPECTED
2025-11-25 22:01:00,2025-11-25 22:03:00,2.0,UNEXPECTED_SHORT_GAP,UNEXPECTED
2025-11-25 22:04:00,2025-11-25 22:06:00,2.0,UNEXPECTED_SHORT_GAP,UNEXPECTED
2025-11-26 21:59:00,2025-11-26 22:01:00,2.0,UNEXPECTED_SHORT_GAP,UNEXPECTED
2025-11-26 22:03:00,2025-11-26 22:05:00,2.0,UNEXPECTED_SHORT_GAP,UNEXPECTED
2025-11-27 21:59:00,2025-11-27 22:05:00,6.0,UNEXPECTED_INTRADAY_GAP,UNEXPECTED
2025-11-28 21:58:00,2025-11-30 22:05:00,2887.0,EXPECTED_WEEKEND_CLOSURE,EXPECTED
2025-12-01 21:59:00,2025-12-01 22:01:00,2.0,UNEXPECTED_SHORT_GAP,UNEXPECTED
2025-12-02 22:01:00,2025-12-02 22:04:00,3.0,UNEXPECTED_SHORT_GAP,UNEXPECTED
2025-12-03 22:01:00,2025-12-03 22:03:00,2.0,UNEXPECTED_SHORT_GAP,UNEXPECTED
2025-12-04 21:59:00,2025-12-04 22:01:00,2.0,UNEXPECTED_SHORT_GAP,UNEXPECTED
2025-12-04 22:02:00,2025-12-04 22:05:00,3.0,UNEXPECTED_SHORT_GAP,UNEXPECTED
2025-12-05 21:58:00,2025-12-07 22:05:00,2887.0,EXPECTED_WEEKEND_CLOSURE,EXPECTED
2025-12-08 21:59:00,2025-12-08 22:05:00,6.0,UNEXPECTED_INTRADAY_GAP,UNEXPECTED
2025-12-09 21:59:00,2025-12-09 22:05:00,6.0,UNEXPECTED_INTRADAY_GAP,UNEXPECTED
2025-12-10 21:59:00,2025-12-10 22:01:00,2.0,UNEXPECTED_SHORT_GAP,UNEXPECTED
2025-12-11 21:59:00,2025-12-11 22:01:00,2.0,UNEXPECTED_SHORT_GAP,UNEXPECTED
2025-12-12 21:58:00,2025-12-14 22:05:00,2887.0,EXPECTED_WEEKEND_CLOSURE,EXPECTED
2025-12-15 21:59:00,2025-12-15 22:01:00,2.0,UNEXPECTED_SHORT_GAP,UNEXPECTED
2025-12-15 22:02:00,2025-12-15 22:05:00,3.0,UNEXPECTED_SHORT_GAP,UNEXPECTED
2025-12-16 21:59:00,2025-12-16 22:05:00,6.0,UNEXPECTED_INTRADAY_GAP,UNEXPECTED
2025-12-17 21:59:00,2025-12-17 22:05:00,6.0,UNEXPECTED_INTRADAY_GAP,UNEXPECTED
2025-12-18 21:59:00,2025-12-18 22:05:00,6.0,UNEXPECTED_INTRADAY_GAP,UNEXPECTED
2025-12-19 21:58:00,2025-12-21 22:08:00,2890.0,EXPECTED_WEEKEND_CLOSURE,EXPECTED
2025-12-22 21:59:00,2025-12-22 22:06:00,7.0,UNEXPECTED_INTRADAY_GAP,UNEXPECTED
2025-12-23 21:59:00,2025-12-23 22:05:00,6.0,UNEXPECTED_INTRADAY_GAP,UNEXPECTED
2025-12-23 22:08:00,2025-12-23 22:10:00,2.0,UNEXPECTED_SHORT_GAP,UNEXPECTED
2025-12-24 21:58:00,2025-12-25 22:05:00,1447.0,EXPECTED_WEEKEND_CLOSURE,EXPECTED
2025-12-26 21:58:00,2025-12-28 22:05:00,2887.0,EXPECTED_WEEKEND_CLOSURE,EXPECTED
2025-12-29 22:00:00,2025-12-29 22:03:00,3.0,UNEXPECTED_SHORT_GAP,UNEXPECTED
2025-12-30 21:59:00,2025-12-30 22:05:00,6.0,UNEXPECTED_INTRADAY_GAP,UNEXPECTED
2025-12-31 21:58:00,2026-01-01 22:05:00,1447.0,EXPECTED_WEEKEND_CLOSURE,EXPECTED
2026-01-02 21:58:00,2026-01-04 22:05:00,2887.0,EXPECTED_WEEKEND_CLOSURE,EXPECTED
2026-01-05 21:59:00,2026-01-05 22:01:00,2.0,UNEXPECTED_SHORT_GAP,UNEXPECTED
2026-01-05 22:01:00,2026-01-05 22:05:00,4.0,UNEXPECTED_SHORT_GAP,UNEXPECTED
2026-01-06 21:59:00,2026-01-06 22:02:00,3.0,UNEXPECTED_SHORT_GAP,UNEXPECTED
2026-01-07 21:59:00,2026-01-07 22:01:00,2.0,UNEXPECTED_SHORT_GAP,UNEXPECTED
2026-01-08 22:00:00,2026-01-08 22:10:00,10.0,UNEXPECTED_INTRADAY_GAP,UNEXPECTED
2026-01-09 21:58:00,2026-01-11 22:05:00,2887.0,EXPECTED_WEEKEND_CLOSURE,EXPECTED
2026-01-12 21:59:00,2026-01-12 22:05:00,6.0,UNEXPECTED_INTRADAY_GAP,UNEXPECTED
2026-01-13 22:02:00,2026-01-13 22:04:00,2.0,UNEXPECTED_SHORT_GAP,UNEXPECTED
2026-01-14 21:59:00,2026-01-14 22:02:00,3.0,UNEXPECTED_SHORT_GAP,UNEXPECTED
2026-01-15 21:59:00,2026-01-15 22:03:00,4.0,UNEXPECTED_SHORT_GAP,UNEXPECTED
2026-01-16 21:58:00,2026-01-18 22:05:00,2887.0,EXPECTED_WEEKEND_CLOSURE,EXPECTED
2026-01-19 22:00:00,2026-01-19 22:02:00,2.0,UNEXPECTED_SHORT_GAP,UNEXPECTED
2026-01-20 22:00:00,2026-01-20 22:02:00,2.0,UNEXPECTED_SHORT_GAP,UNEXPECTED
2026-01-20 22:02:00,2026-01-20 22:06:00,4.0,UNEXPECTED_SHORT_GAP,UNEXPECTED
2026-01-21 21:59:00,2026-01-21 22:05:00,6.0,UNEXPECTED_INTRADAY_GAP,UNEXPECTED
2026-01-22 21:59:00,2026-01-22 22:05:00,6.0,UNEXPECTED_INTRADAY_GAP,UNEXPECTED
2026-01-22 22:07:00,2026-01-22 22:09:00,2.0,UNEXPECTED_SHORT_GAP,UNEXPECTED
2026-01-23 21:58:00,2026-01-25 22:05:00,2887.0,EXPECTED_WEEKEND_CLOSURE,EXPECTED
2026-01-26 21:59:00,2026-01-26 22:03:00,4.0,UNEXPECTED_SHORT_GAP,UNEXPECTED
2026-01-26 22:03:00,2026-01-26 22:05:00,2.0,UNEXPECTED_SHORT_GAP,UNEXPECTED
2026-01-27 21:59:00,2026-01-27 22:10:00,11.0,UNEXPECTED_INTRADAY_GAP,UNEXPECTED
2026-01-28 22:03:00,2026-01-28 22:05:00,2.0,UNEXPECTED_SHORT_GAP,UNEXPECTED
2026-01-29 21:59:00,2026-01-29 22:09:00,10.0,UNEXPECTED_INTRADAY_GAP,UNEXPECTED
2026-01-30 21:58:00,2026-02-01 22:08:00,2890.0,EXPECTED_WEEKEND_CLOSURE,EXPECTED
2026-02-02 21:59:00,2026-02-02 22:01:00,2.0,UNEXPECTED_SHORT_GAP,UNEXPECTED
2026-02-02 22:03:00,2026-02-02 22:05:00,2.0,UNEXPECTED_SHORT_GAP,UNEXPECTED
2026-02-03 21:59:00,2026-02-03 22:05:00,6.0,UNEXPECTED_INTRADAY_GAP,UNEXPECTED
2026-02-04 22:02:00,2026-02-04 22:05:00,3.0,UNEXPECTED_SHORT_GAP,UNEXPECTED
2026-02-05 22:01:00,2026-02-05 22:03:00,2.0,UNEXPECTED_SHORT_GAP,UNEXPECTED
2026-02-06 21:58:00,2026-02-08 22:05:00,2887.0,EXPECTED_WEEKEND_CLOSURE,EXPECTED
2026-02-09 21:59:00,2026-02-09 22:06:00,7.0,UNEXPECTED_INTRADAY_GAP,UNEXPECTED
2026-02-10 21:59:00,2026-02-10 22:01:00,2.0,UNEXPECTED_SHORT_GAP,UNEXPECTED
2026-02-11 21:59:00,2026-02-11 22:01:00,2.0,UNEXPECTED_SHORT_GAP,UNEXPECTED
2026-02-11 22:01:00,2026-02-11 22:05:00,4.0,UNEXPECTED_SHORT_GAP,UNEXPECTED
2026-02-12 21:59:00,2026-02-12 22:06:00,7.0,UNEXPECTED_INTRADAY_GAP,UNEXPECTED
2026-02-13 21:58:00,2026-02-15 22:05:00,2887.0,EXPECTED_WEEKEND_CLOSURE,EXPECTED
2026-02-15 22:05:00,2026-02-15 22:09:00,4.0,EXPECTED_WEEKEND_CLOSURE,EXPECTED
2026-02-16 21:59:00,2026-02-16 22:10:00,11.0,UNEXPECTED_INTRADAY_GAP,UNEXPECTED
2026-02-17 21:59:00,2026-02-17 22:08:00,9.0,UNEXPECTED_INTRADAY_GAP,UNEXPECTED
2026-02-18 22:02:00,2026-02-18 22:05:00,3.0,UNEXPECTED_SHORT_GAP,UNEXPECTED
2026-02-19 22:03:00,2026-02-19 22:05:00,2.0,UNEXPECTED_SHORT_GAP,UNEXPECTED
2026-02-20 21:58:00,2026-02-22 22:05:00,2887.0,EXPECTED_WEEKEND_CLOSURE,EXPECTED
2026-02-23 21:59:00,2026-02-23 22:06:00,7.0,UNEXPECTED_INTRADAY_GAP,UNEXPECTED
2026-02-24 21:59:00,2026-02-24 22:01:00,2.0,UNEXPECTED_SHORT_GAP,UNEXPECTED
2026-02-24 22:01:00,2026-02-24 22:05:00,4.0,UNEXPECTED_SHORT_GAP,UNEXPECTED
2026-02-25 21:59:00,2026-02-25 22:01:00,2.0,UNEXPECTED_SHORT_GAP,UNEXPECTED
2026-02-25 22:03:00,2026-02-25 22:05:00,2.0,UNEXPECTED_SHORT_GAP,UNEXPECTED
2026-02-26 21:59:00,2026-02-26 22:01:00,2.0,UNEXPECTED_SHORT_GAP,UNEXPECTED
2026-02-26 22:02:00,2026-02-26 22:05:00,3.0,UNEXPECTED_SHORT_GAP,UNEXPECTED
2026-02-27 21:58:00,2026-03-01 22:16:00,2898.0,EXPECTED_WEEKEND_CLOSURE,EXPECTED
2026-03-03 21:59:00,2026-03-03 22:07:00,8.0,UNEXPECTED_INTRADAY_GAP,UNEXPECTED
2026-03-04 21:59:00,2026-03-04 22:05:00,6.0,UNEXPECTED_INTRADAY_GAP,UNEXPECTED
2026-03-05 21:59:00,2026-03-05 22:10:00,11.0,UNEXPECTED_INTRADAY_GAP,UNEXPECTED
2026-03-06 21:58:00,2026-03-08 21:26:00,2848.0,EXPECTED_WEEKEND_CLOSURE,EXPECTED
2026-03-09 21:03:00,2026-03-09 21:05:00,2.0,UNEXPECTED_SHORT_GAP,UNEXPECTED
2026-03-10 20:59:00,2026-03-10 21:01:00,2.0,UNEXPECTED_SHORT_GAP,UNEXPECTED
2026-03-11 20:59:00,2026-03-11 21:02:00,3.0,UNEXPECTED_SHORT_GAP,UNEXPECTED
2026-03-11 21:03:00,2026-03-11 21:05:00,2.0,UNEXPECTED_SHORT_GAP,UNEXPECTED
2026-03-13 20:58:00,2026-03-15 21:10:00,2892.0,EXPECTED_WEEKEND_CLOSURE,EXPECTED
2026-03-16 20:59:00,2026-03-16 21:05:00,6.0,UNEXPECTED_INTRADAY_GAP,UNEXPECTED
2026-03-17 20:59:00,2026-03-17 21:03:00,4.0,UNEXPECTED_SHORT_GAP,UNEXPECTED
2026-03-17 21:03:00,2026-03-17 21:05:00,2.0,UNEXPECTED_SHORT_GAP,UNEXPECTED
2026-03-18 20:59:00,2026-03-18 21:01:00,2.0,UNEXPECTED_SHORT_GAP,UNEXPECTED
2026-03-19 20:59:00,2026-03-19 21:01:00,2.0,UNEXPECTED_SHORT_GAP,UNEXPECTED
2026-03-19 21:01:00,2026-03-19 21:05:00,4.0,UNEXPECTED_SHORT_GAP,UNEXPECTED
2026-03-20 20:58:00,2026-03-22 21:06:00,2888.0,EXPECTED_WEEKEND_CLOSURE,EXPECTED
2026-03-23 20:59:00,2026-03-23 21:03:00,4.0,UNEXPECTED_SHORT_GAP,UNEXPECTED
2026-03-23 21:05:00,2026-03-23 21:07:00,2.0,UNEXPECTED_SHORT_GAP,UNEXPECTED
2026-03-24 20:59:00,2026-03-24 21:03:00,4.0,UNEXPECTED_SHORT_GAP,UNEXPECTED
2026-03-25 21:02:00,2026-03-25 21:04:00,2.0,UNEXPECTED_SHORT_GAP,UNEXPECTED
2026-03-26 20:59:00,2026-03-26 21:01:00,2.0,UNEXPECTED_SHORT_GAP,UNEXPECTED
2026-03-26 21:01:00,2026-03-26 21:03:00,2.0,UNEXPECTED_SHORT_GAP,UNEXPECTED
2026-03-27 20:58:00,2026-03-29 21:05:00,2887.0,EXPECTED_WEEKEND_CLOSURE,EXPECTED
2026-03-30 20:59:00,2026-03-30 21:06:00,7.0,UNEXPECTED_INTRADAY_GAP,UNEXPECTED
2026-03-31 20:59:00,2026-03-31 21:06:00,7.0,UNEXPECTED_INTRADAY_GAP,UNEXPECTED
2026-04-01 20:59:00,2026-04-01 21:06:00,7.0,UNEXPECTED_INTRADAY_GAP,UNEXPECTED
2026-04-02 20:59:00,2026-04-02 21:09:00,10.0,UNEXPECTED_INTRADAY_GAP,UNEXPECTED
2026-04-03 20:58:00,2026-04-05 21:05:00,2887.0,EXPECTED_WEEKEND_CLOSURE,EXPECTED
2026-04-06 21:02:00,2026-04-06 21:05:00,3.0,UNEXPECTED_SHORT_GAP,UNEXPECTED
2026-04-07 20:59:00,2026-04-07 21:01:00,2.0,UNEXPECTED_SHORT_GAP,UNEXPECTED
2026-04-08 21:00:00,2026-04-08 21:03:00,3.0,UNEXPECTED_SHORT_GAP,UNEXPECTED
2026-04-08 21:03:00,2026-04-08 21:05:00,2.0,UNEXPECTED_SHORT_GAP,UNEXPECTED
2026-04-09 20:59:00,2026-04-09 21:05:00,6.0,UNEXPECTED_INTRADAY_GAP,UNEXPECTED
2026-04-10 20:58:00,2026-04-12 21:05:00,2887.0,EXPECTED_WEEKEND_CLOSURE,EXPECTED
2026-04-13 20:59:00,2026-04-13 21:01:00,2.0,UNEXPECTED_SHORT_GAP,UNEXPECTED
2026-04-14 20:59:00,2026-04-14 21:02:00,3.0,UNEXPECTED_SHORT_GAP,UNEXPECTED
2026-04-15 21:01:00,2026-04-15 21:04:00,3.0,UNEXPECTED_SHORT_GAP,UNEXPECTED
2026-04-16 20:59:00,2026-04-16 21:03:00,4.0,UNEXPECTED_SHORT_GAP,UNEXPECTED
2026-04-17 20:58:00,2026-04-19 21:05:00,2887.0,EXPECTED_WEEKEND_CLOSURE,EXPECTED
2026-04-20 20:59:00,2026-04-20 21:01:00,2.0,UNEXPECTED_SHORT_GAP,UNEXPECTED
2026-04-20 21:01:00,2026-04-20 21:06:00,5.0,UNEXPECTED_SHORT_GAP,UNEXPECTED
2026-04-21 20:59:00,2026-04-21 21:07:00,8.0,UNEXPECTED_INTRADAY_GAP,UNEXPECTED
2026-04-22 20:59:00,2026-04-22 21:01:00,2.0,UNEXPECTED_SHORT_GAP,UNEXPECTED
2026-04-23 20:59:00,2026-04-23 21:07:00,8.0,UNEXPECTED_INTRADAY_GAP,UNEXPECTED
2026-04-24 20:58:00,2026-04-26 21:06:00,2888.0,EXPECTED_WEEKEND_CLOSURE,EXPECTED
2026-04-27 20:59:00,2026-04-27 21:01:00,2.0,UNEXPECTED_SHORT_GAP,UNEXPECTED
2026-04-27 21:02:00,2026-04-27 21:04:00,2.0,UNEXPECTED_SHORT_GAP,UNEXPECTED
2026-04-28 20:59:00,2026-04-28 21:01:00,2.0,UNEXPECTED_SHORT_GAP,UNEXPECTED
2026-04-28 21:01:00,2026-04-28 21:05:00,4.0,UNEXPECTED_SHORT_GAP,UNEXPECTED
2026-04-29 21:00:00,2026-04-29 21:03:00,3.0,UNEXPECTED_SHORT_GAP,UNEXPECTED
2026-04-29 21:04:00,2026-04-29 21:10:00,6.0,UNEXPECTED_INTRADAY_GAP,UNEXPECTED
2026-04-30 20:59:00,2026-04-30 21:01:00,2.0,UNEXPECTED_SHORT_GAP,UNEXPECTED
2026-04-30 21:02:00,2026-04-30 21:05:00,3.0,UNEXPECTED_SHORT_GAP,UNEXPECTED
2026-05-01 20:58:00,2026-05-03 21:05:00,2887.0,EXPECTED_WEEKEND_CLOSURE,EXPECTED
2026-05-03 21:05:00,2026-05-03 21:09:00,4.0,EXPECTED_WEEKEND_CLOSURE,EXPECTED
2026-05-04 20:59:00,2026-05-04 21:09:00,10.0,UNEXPECTED_INTRADAY_GAP,UNEXPECTED
2026-05-05 20:59:00,2026-05-05 21:04:00,5.0,UNEXPECTED_SHORT_GAP,UNEXPECTED
2026-05-06 20:59:00,2026-05-06 21:06:00,7.0,UNEXPECTED_INTRADAY_GAP,UNEXPECTED
2026-05-06 21:08:00,2026-05-06 21:10:00,2.0,UNEXPECTED_SHORT_GAP,UNEXPECTED
2026-05-07 20:59:00,2026-05-07 21:04:00,5.0,UNEXPECTED_SHORT_GAP,UNEXPECTED
2026-05-08 20:58:00,2026-05-10 21:05:00,2887.0,EXPECTED_WEEKEND_CLOSURE,EXPECTED
2026-05-11 20:59:00,2026-05-11 21:01:00,2.0,UNEXPECTED_SHORT_GAP,UNEXPECTED
2026-05-11 21:03:00,2026-05-11 21:05:00,2.0,UNEXPECTED_SHORT_GAP,UNEXPECTED
2026-05-12 21:00:00,2026-05-12 21:05:00,5.0,UNEXPECTED_SHORT_GAP,UNEXPECTED
2026-05-13 20:59:00,2026-05-13 21:01:00,2.0,UNEXPECTED_SHORT_GAP,UNEXPECTED
2026-05-13 21:01:00,2026-05-13 21:03:00,2.0,UNEXPECTED_SHORT_GAP,UNEXPECTED
2026-05-14 21:01:00,2026-05-14 21:03:00,2.0,UNEXPECTED_SHORT_GAP,UNEXPECTED
2026-05-15 20:58:00,2026-05-17 21:05:00,2887.0,EXPECTED_WEEKEND_CLOSURE,EXPECTED
2026-05-17 21:06:00,2026-05-17 21:09:00,3.0,EXPECTED_WEEKEND_CLOSURE,EXPECTED
2026-05-18 20:59:00,2026-05-18 21:01:00,2.0,UNEXPECTED_SHORT_GAP,UNEXPECTED
2026-05-18 21:02:00,2026-05-18 21:05:00,3.0,UNEXPECTED_SHORT_GAP,UNEXPECTED
2026-05-19 20:59:00,2026-05-19 21:03:00,4.0,UNEXPECTED_SHORT_GAP,UNEXPECTED
2026-05-20 20:59:00,2026-05-20 21:01:00,2.0,UNEXPECTED_SHORT_GAP,UNEXPECTED
2026-05-21 21:00:00,2026-05-21 21:05:00,5.0,UNEXPECTED_SHORT_GAP,UNEXPECTED
2026-05-22 20:58:00,2026-05-24 21:05:00,2887.0,EXPECTED_WEEKEND_CLOSURE,EXPECTED
2026-05-24 21:05:00,2026-05-24 21:08:00,3.0,EXPECTED_WEEKEND_CLOSURE,EXPECTED
2026-05-25 20:59:00,2026-05-25 21:03:00,4.0,UNEXPECTED_SHORT_GAP,UNEXPECTED
2026-05-26 20:59:00,2026-05-26 21:01:00,2.0,UNEXPECTED_SHORT_GAP,UNEXPECTED
2026-05-26 21:01:00,2026-05-26 21:03:00,2.0,UNEXPECTED_SHORT_GAP,UNEXPECTED
2026-05-27 20:59:00,2026-05-27 21:01:00,2.0,UNEXPECTED_SHORT_GAP,UNEXPECTED
2026-05-27 21:03:00,2026-05-27 21:05:00,2.0,UNEXPECTED_SHORT_GAP,UNEXPECTED
2026-05-28 20:59:00,2026-05-28 21:01:00,2.0,UNEXPECTED_SHORT_GAP,UNEXPECTED
2026-05-28 21:01:00,2026-05-28 21:03:00,2.0,UNEXPECTED_SHORT_GAP,UNEXPECTED
2026-05-29 20:58:00,2026-05-31 21:06:00,2888.0,EXPECTED_WEEKEND_CLOSURE,EXPECTED
2026-05-31 21:06:00,2026-05-31 21:08:00,2.0,EXPECTED_WEEKEND_CLOSURE,EXPECTED
2026-06-01 20:59:00,2026-06-01 21:08:00,9.0,UNEXPECTED_INTRADAY_GAP,UNEXPECTED
2026-06-01 21:08:00,2026-06-01 21:10:00,2.0,UNEXPECTED_SHORT_GAP,UNEXPECTED
2026-06-02 21:00:00,2026-06-02 21:05:00,5.0,UNEXPECTED_SHORT_GAP,UNEXPECTED
2026-06-03 20:59:00,2026-06-03 21:03:00,4.0,UNEXPECTED_SHORT_GAP,UNEXPECTED
2026-06-05 20:58:00,2026-06-07 21:06:00,2888.0,EXPECTED_WEEKEND_CLOSURE,EXPECTED
2026-06-08 20:59:00,2026-06-08 21:03:00,4.0,UNEXPECTED_SHORT_GAP,UNEXPECTED
2026-06-09 20:59:00,2026-06-09 21:02:00,3.0,UNEXPECTED_SHORT_GAP,UNEXPECTED
2026-06-10 21:02:00,2026-06-10 21:05:00,3.0,UNEXPECTED_SHORT_GAP,UNEXPECTED
2026-06-11 20:59:00,2026-06-11 21:10:00,11.0,UNEXPECTED_INTRADAY_GAP,UNEXPECTED
2026-06-12 20:58:00,2026-06-14 21:07:00,2889.0,EXPECTED_WEEKEND_CLOSURE,EXPECTED
2026-06-16 20:59:00,2026-06-16 21:01:00,2.0,UNEXPECTED_SHORT_GAP,UNEXPECTED
2026-06-17 20:59:00,2026-06-17 21:06:00,7.0,UNEXPECTED_INTRADAY_GAP,UNEXPECTED
2026-06-18 20:59:00,2026-06-18 21:09:00,10.0,UNEXPECTED_INTRADAY_GAP,UNEXPECTED
2026-06-19 20:58:00,2026-06-21 21:05:00,2887.0,EXPECTED_WEEKEND_CLOSURE,EXPECTED
2026-06-21 21:13:00,2026-06-21 21:15:00,2.0,EXPECTED_WEEKEND_CLOSURE,EXPECTED
2026-06-22 20:59:00,2026-06-22 21:10:00,11.0,UNEXPECTED_INTRADAY_GAP,UNEXPECTED
2026-06-23 20:59:00,2026-06-23 21:05:00,6.0,UNEXPECTED_INTRADAY_GAP,UNEXPECTED
2026-06-24 20:59:00,2026-06-24 21:05:00,6.0,UNEXPECTED_INTRADAY_GAP,UNEXPECTED
2026-06-24 21:08:00,2026-06-24 21:10:00,2.0,UNEXPECTED_SHORT_GAP,UNEXPECTED
2026-06-25 21:00:00,2026-06-25 21:10:00,10.0,UNEXPECTED_INTRADAY_GAP,UNEXPECTED
2026-06-26 20:58:00,2026-06-28 21:05:00,2887.0,EXPECTED_WEEKEND_CLOSURE,EXPECTED
2026-06-29 20:59:00,2026-06-29 21:02:00,3.0,UNEXPECTED_SHORT_GAP,UNEXPECTED
2026-06-30 20:59:00,2026-06-30 21:05:00,6.0,UNEXPECTED_INTRADAY_GAP,UNEXPECTED
2026-07-01 20:59:00,2026-07-01 21:05:00,6.0,UNEXPECTED_INTRADAY_GAP,UNEXPECTED
2026-07-02 21:00:00,2026-07-02 21:05:00,5.0,UNEXPECTED_SHORT_GAP,UNEXPECTED
2026-07-03 20:58:00,2026-07-05 21:05:00,2887.0,EXPECTED_WEEKEND_CLOSURE,EXPECTED
2026-07-06 20:59:00,2026-07-06 21:05:00,6.0,UNEXPECTED_INTRADAY_GAP,UNEXPECTED
2026-07-07 20:59:00,2026-07-07 21:05:00,6.0,UNEXPECTED_INTRADAY_GAP,UNEXPECTED
2026-07-08 20:59:00,2026-07-08 21:01:00,2.0,UNEXPECTED_SHORT_GAP,UNEXPECTED
2026-07-09 20:59:00,2026-07-09 21:10:00,11.0,UNEXPECTED_INTRADAY_GAP,UNEXPECTED
2026-07-10 20:58:00,2026-07-12 21:05:00,2887.0,EXPECTED_WEEKEND_CLOSURE,EXPECTED
2026-07-13 20:59:00,2026-07-13 21:02:00,3.0,UNEXPECTED_SHORT_GAP,UNEXPECTED
2026-07-13 21:04:00,2026-07-13 21:06:00,2.0,UNEXPECTED_SHORT_GAP,UNEXPECTED
2026-07-14 20:59:00,2026-07-14 21:05:00,6.0,UNEXPECTED_INTRADAY_GAP,UNEXPECTED
2026-07-15 20:59:00,2026-07-15 21:03:00,4.0,UNEXPECTED_SHORT_GAP,UNEXPECTED
2026-07-15 21:03:00,2026-07-15 21:05:00,2.0,UNEXPECTED_SHORT_GAP,UNEXPECTED
2026-07-15 21:08:00,2026-07-15 21:10:00,2.0,UNEXPECTED_SHORT_GAP,UNEXPECTED
2026-07-16 21:00:00,2026-07-16 21:03:00,3.0,UNEXPECTED_SHORT_GAP,UNEXPECTED
2026-07-17 20:58:00,2026-07-19 21:05:00,2887.0,EXPECTED_WEEKEND_CLOSURE,EXPECTED
2026-07-20 21:00:00,2026-07-20 21:10:00,10.0,UNEXPECTED_INTRADAY_GAP,UNEXPECTED
2026-07-21 20:59:00,2026-07-21 21:01:00,2.0,UNEXPECTED_SHORT_GAP,UNEXPECTED
2026-07-22 20:59:00,2026-07-22 21:05:00,6.0,UNEXPECTED_INTRADAY_GAP,UNEXPECTED
2026-07-23 21:00:00,2026-07-23 21:05:00,5.0,UNEXPECTED_SHORT_GAP,UNEXPECTED
2026-07-24 20:58:00,2026-07-26 21:05:00,2887.0,EXPECTED_WEEKEND_CLOSURE,EXPECTED
2026-07-27 20:59:00,2026-07-27 21:10:00,11.0,UNEXPECTED_INTRADAY_GAP,UNEXPECTED
2026-07-28 20:59:00,2026-07-28 21:05:00,6.0,UNEXPECTED_INTRADAY_GAP,UNEXPECTED
2026-07-28 21:06:00,2026-07-28 21:08:00,2.0,UNEXPECTED_SHORT_GAP,UNEXPECTED
2026-07-29 20:59:00,2026-07-29 21:10:00,11.0,UNEXPECTED_INTRADAY_GAP,UNEXPECTED
2026-07-30 20:59:00,2026-07-30 21:01:00,2.0,UNEXPECTED_SHORT_GAP,UNEXPECTED
2026-07-30 21:02:00,2026-07-30 21:05:00,3.0,UNEXPECTED_SHORT_GAP,UNEXPECTED
2026-07-31 20:58:00,2026-08-02 21:05:00,2887.0,EXPECTED_WEEKEND_CLOSURE,EXPECTED
2026-08-03 20:59:00,2026-08-03 21:05:00,6.0,UNEXPECTED_INTRADAY_GAP,UNEXPECTED
2026-08-04 20:59:00,2026-08-04 21:01:00,2.0,UNEXPECTED_SHORT_GAP,UNEXPECTED
2026-08-05 20:59:00,2026-08-05 21:05:00,6.0,UNEXPECTED_INTRADAY_GAP,UNEXPECTED
2026-08-06 20:59:00,2026-08-06 21:10:00,11.0,UNEXPECTED_INTRADAY_GAP,UNEXPECTED
2026-08-07 20:58:00,2026-08-09 21:05:00,2887.0,EXPECTED_WEEKEND_CLOSURE,EXPECTED
2026-08-10 21:03:00,2026-08-10 21:05:00,2.0,UNEXPECTED_SHORT_GAP,UNEXPECTED
2026-08-11 20:59:00,2026-08-11 21:01:00,2.0,UNEXPECTED_SHORT_GAP,UNEXPECTED
2026-08-11 21:02:00,2026-08-11 21:04:00,2.0,UNEXPECTED_SHORT_GAP,UNEXPECTED
2026-08-12 20:59:00,2026-08-12 21:05:00,6.0,UNEXPECTED_INTRADAY_GAP,UNEXPECTED
