context_type,family_id,gap_previous,gap_current,gap_minutes,date,year,month,weekday,previous_clock,current_clock,before_count,after_count,full_before_context,full_after_context,before_internal_gaps,after_internal_gaps,context_is_continuous,first_before_time,last_before_time,first_after_time,last_after_time,first_before_open,last_before_close,first_after_open,last_after_close,before_high,before_low,after_high,after_low,before_close_to_after_open_change
KNOWN_BOUNDARY,P30_C35_D64,2021-10-19 20:58:00,2021-10-19 22:01:00,63.0,2021-10-19,2021,10,Tuesday,20:58,22:01,5,5,True,True,0,0,True,2021-10-19 20:54:00,2021-10-19 20:58:00,2021-10-19 22:01:00,2021-10-19 22:05:00,1768.724,1769.423,1769.197,1769.531,1769.453,1768.72,1769.55,1769.196,-0.22600000000011278
KNOWN_BOUNDARY,P30_C35_D64,2021-10-20 20:58:00,2021-10-20 22:01:00,63.0,2021-10-20,2021,10,Wednesday,20:58,22:01,5,5,True,True,0,0,True,2021-10-20 20:54:00,2021-10-20 20:58:00,2021-10-20 22:01:00,2021-10-20 22:05:00,1782.244,1781.862,1782.037,1782.462,1782.244,1781.525,1782.598,1781.819,0.17499999999995453
KNOWN_BOUNDARY,P30_C35_D64,2021-10-21 20:58:00,2021-10-21 22:01:00,63.0,2021-10-21,2021,10,Thursday,20:58,22:01,5,5,True,True,0,0,True,2021-10-21 20:54:00,2021-10-21 20:58:00,2021-10-21 22:01:00,2021-10-21 22:05:00,1783.235,1782.866,1783.29,1783.274,1783.332,1782.751,1783.408,1783.184,0.42399999999997817
KNOWN_BOUNDARY,P30_C35_D64,2021-10-25 20:58:00,2021-10-25 22:01:00,63.0,2021-10-25,2021,10,Monday,20:58,22:01,5,5,True,True,0,0,True,2021-10-25 20:54:00,2021-10-25 20:58:00,2021-10-25 22:01:00,2021-10-25 22:05:00,1807.18,1807.569,1807.252,1807.321,1807.664,1807.18,1807.383,1807.19,-0.3170000000000073
KNOWN_BOUNDARY,P30_C35_D64,2021-10-26 20:58:00,2021-10-26 22:01:00,63.0,2021-10-26,2021,10,Tuesday,20:58,22:01,5,5,True,True,0,0,True,2021-10-26 20:54:00,2021-10-26 20:58:00,2021-10-26 22:01:00,2021-10-26 22:05:00,1793.113,1792.685,1793.168,1792.93,1793.205,1792.664,1793.243,1792.905,0.48299999999994725
KNOWN_BOUNDARY,P30_C35_D64,2021-10-27 20:58:00,2021-10-27 22:01:00,63.0,2021-10-27,2021,10,Wednesday,20:58,22:01,5,5,True,True,0,0,True,2021-10-27 20:54:00,2021-10-27 20:58:00,2021-10-27 22:01:00,2021-10-27 22:05:00,1796.919,1796.846,1796.534,1796.694,1797.013,1796.767,1796.788,1796.403,-0.31199999999989814
KNOWN_BOUNDARY,P30_C35_D64,2021-10-28 20:58:00,2021-10-28 22:01:00,63.0,2021-10-28,2021,10,Thursday,20:58,22:01,5,5,True,True,0,0,True,2021-10-28 20:54:00,2021-10-28 20:58:00,2021-10-28 22:01:00,2021-10-28 22:05:00,1798.823,1798.817,1799.532,1799.449,1798.956,1798.703,1799.555,1799.368,0.7149999999999181
KNOWN_BOUNDARY,P30_C35_D64,2021-11-01 20:58:00,2021-11-01 22:01:00,63.0,2021-11-01,2021,11,Monday,20:58,22:01,5,5,True,True,0,0,True,2021-11-01 20:54:00,2021-11-01 20:58:00,2021-11-01 22:01:00,2021-11-01 22:05:00,1793.049,1793.156,1792.971,1792.751,1793.281,1793.049,1793.065,1792.75,-0.18499999999994543
KNOWN_BOUNDARY,P30_C35_D64,2021-11-02 20:58:00,2021-11-02 22:01:00,63.0,2021-11-02,2021,11,Tuesday,20:58,22:01,5,5,True,True,0,0,True,2021-11-02 20:54:00,2021-11-02 20:58:00,2021-11-02 22:01:00,2021-11-02 22:05:00,1787.629,1787.899,1787.784,1787.512,1787.959,1787.629,1787.816,1787.508,-0.11499999999978172
KNOWN_BOUNDARY,P30_C35_D64,2021-11-03 20:58:00,2021-11-03 22:01:00,63.0,2021-11-03,2021,11,Wednesday,20:58,22:01,5,5,True,True,0,0,True,2021-11-03 20:54:00,2021-11-03 20:58:00,2021-11-03 22:01:00,2021-11-03 22:05:00,1770.128,1769.61,1770.555,1771.335,1770.187,1769.328,1771.454,1770.466,0.9450000000001637
KNOWN_BOUNDARY,P30_C35_D64,2021-11-04 20:58:00,2021-11-04 22:01:00,63.0,2021-11-04,2021,11,Thursday,20:58,22:01,5,5,True,True,0,0,True,2021-11-04 20:54:00,2021-11-04 20:58:00,2021-11-04 22:01:00,2021-11-04 22:05:00,1791.937,1791.653,1791.107,1791.023,1791.95,1791.603,1791.385,1791.023,-0.5460000000000491
KNOWN_BOUNDARY,P33_C39_D64,2021-11-08 21:58:00,2021-11-08 23:01:00,63.0,2021-11-08,2021,11,Monday,21:58,23:01,5,5,True,True,0,0,True,2021-11-08 21:54:00,2021-11-08 21:58:00,2021-11-08 23:01:00,2021-11-08 23:05:00,1824.31,1824.199,1824.825,1824.251,1824.31,1824.078,1824.825,1824.196,0.6259999999999764
KNOWN_BOUNDARY,P33_C39_D64,2021-11-09 21:58:00,2021-11-09 23:01:00,63.0,2021-11-09,2021,11,Tuesday,21:58,23:01,5,5,True,True,0,0,True,2021-11-09 21:54:00,2021-11-09 21:58:00,2021-11-09 23:01:00,2021-11-09 23:05:00,1831.714,1831.752,1831.823,1831.754,1831.933,1831.52,1831.889,1831.651,0.07100000000014006
KNOWN_BOUNDARY,P33_C39_D64,2021-11-10 21:58:00,2021-11-10 23:01:00,63.0,2021-11-10,2021,11,Wednesday,21:58,23:01,5,5,True,True,0,0,True,2021-11-10 21:54:00,2021-11-10 21:58:00,2021-11-10 23:01:00,2021-11-10 23:05:00,1849.42,1849.2,1849.69,1848.738,1849.577,1848.803,1849.69,1848.738,0.4900000000000091
KNOWN_BOUNDARY,P33_C39_D64,2021-11-11 21:58:00,2021-11-11 23:01:00,63.0,2021-11-11,2021,11,Thursday,21:58,23:01,5,5,True,True,0,0,True,2021-11-11 21:54:00,2021-11-11 21:58:00,2021-11-11 23:01:00,2021-11-11 23:05:00,1861.873,1861.816,1861.684,1861.64,1862.028,1861.771,1861.884,1861.611,-0.13200000000006185
KNOWN_BOUNDARY,P33_C39_D64,2021-11-15 21:58:00,2021-11-15 23:01:00,63.0,2021-11-15,2021,11,Monday,21:58,23:01,5,5,True,True,0,0,True,2021-11-15 21:54:00,2021-11-15 21:58:00,2021-11-15 23:01:00,2021-11-15 23:05:00,1862.716,1862.731,1862.818,1863.065,1862.832,1862.642,1863.143,1862.808,0.08699999999998909
KNOWN_BOUNDARY,P33_C39_D64,2021-11-16 21:58:00,2021-11-16 23:01:00,63.0,2021-11-16,2021,11,Tuesday,21:58,23:01,5,5,True,True,0,0,True,2021-11-16 21:54:00,2021-11-16 21:58:00,2021-11-16 23:01:00,2021-11-16 23:05:00,1850.131,1850.454,1850.191,1849.985,1850.454,1849.933,1850.496,1849.698,-0.26299999999991996
KNOWN_BOUNDARY,P33_C39_D64,2021-11-17 21:58:00,2021-11-17 23:01:00,63.0,2021-11-17,2021,11,Wednesday,21:58,23:01,5,5,True,True,0,0,True,2021-11-17 21:54:00,2021-11-17 21:58:00,2021-11-17 23:01:00,2021-11-17 23:05:00,1867.233,1867.312,1866.819,1866.447,1867.544,1867.157,1866.822,1866.293,-0.49299999999993815
KNOWN_BOUNDARY,P33_C39_D64,2021-11-18 21:58:00,2021-11-18 23:01:00,63.0,2021-11-18,2021,11,Thursday,21:58,23:01,5,5,True,True,0,0,True,2021-11-18 21:54:00,2021-11-18 21:58:00,2021-11-18 23:01:00,2021-11-18 23:05:00,1858.76,1858.874,1859.124,1859.109,1858.874,1858.58,1859.258,1859.069,0.25
KNOWN_BOUNDARY,P33_C39_D64,2021-11-22 21:58:00,2021-11-22 23:01:00,63.0,2021-11-22,2021,11,Monday,21:58,23:01,5,5,True,True,0,0,True,2021-11-22 21:54:00,2021-11-22 21:58:00,2021-11-22 23:01:00,2021-11-22 23:05:00,1805.202,1804.791,1807.139,1808.265,1805.348,1804.364,1808.407,1806.989,2.3479999999999563
KNOWN_BOUNDARY,P33_C39_D64,2021-11-23 21:58:00,2021-11-23 23:01:00,63.0,2021-11-23,2021,11,Tuesday,21:58,23:01,5,5,True,True,0,0,True,2021-11-23 21:54:00,2021-11-23 21:58:00,2021-11-23 23:01:00,2021-11-23 23:05:00,1789.707,1789.013,1789.209,1789.414,1789.707,1788.899,1789.416,1788.964,0.19600000000014006
KNOWN_BOUNDARY,P33_C39_D64,2021-11-24 21:58:00,2021-11-24 23:01:00,63.0,2021-11-24,2021,11,Wednesday,21:58,23:01,5,5,True,True,0,0,True,2021-11-24 21:54:00,2021-11-24 21:58:00,2021-11-24 23:01:00,2021-11-24 23:05:00,1789.388,1788.522,1788.695,1788.248,1789.437,1788.388,1788.695,1788.025,0.17300000000000182
KNOWN_BOUNDARY,P33_C39_D64,2021-11-29 21:58:00,2021-11-29 23:01:00,63.0,2021-11-29,2021,11,Monday,21:58,23:01,5,5,True,True,0,0,True,2021-11-29 21:54:00,2021-11-29 21:58:00,2021-11-29 23:01:00,2021-11-29 23:05:00,1785.203,1784.634,1785.097,1785.116,1785.208,1784.594,1785.606,1784.9,0.46299999999996544
KNOWN_BOUNDARY,P33_C39_D64,2021-11-30 21:58:00,2021-11-30 23:01:00,63.0,2021-11-30,2021,11,Tuesday,21:58,23:01,5,5,True,True,0,0,True,2021-11-30 21:54:00,2021-11-30 21:58:00,2021-11-30 23:01:00,2021-11-30 23:05:00,1774.487,1774.825,1774.947,1775.576,1774.976,1774.14,1776.113,1774.908,0.12199999999984357
KNOWN_BOUNDARY,P33_C39_D64,2021-12-01 21:58:00,2021-12-01 23:01:00,63.0,2021-12-01,2021,12,Wednesday,21:58,23:01,5,5,True,True,0,0,True,2021-12-01 21:54:00,2021-12-01 21:58:00,2021-12-01 23:01:00,2021-12-01 23:05:00,1782.387,1781.794,1781.574,1781.974,1782.454,1781.584,1781.991,1781.075,-0.22000000000002728
KNOWN_BOUNDARY,P33_C39_D64,2021-12-02 21:58:00,2021-12-02 23:01:00,63.0,2021-12-02,2021,12,Thursday,21:58,23:01,5,5,True,True,0,0,True,2021-12-02 21:54:00,2021-12-02 21:58:00,2021-12-02 23:01:00,2021-12-02 23:05:00,1768.626,1768.199,1769.678,1769.471,1768.626,1767.843,1770.597,1769.46,1.4790000000000418
KNOWN_BOUNDARY,P33_C39_D64,2021-12-06 21:58:00,2021-12-06 23:01:00,63.0,2021-12-06,2021,12,Monday,21:58,23:01,5,5,True,True,0,0,True,2021-12-06 21:54:00,2021-12-06 21:58:00,2021-12-06 23:01:00,2021-12-06 23:05:00,1778.355,1778.394,1778.81,1778.98,1778.537,1778.216,1779.254,1778.809,0.41599999999994
KNOWN_BOUNDARY,P33_C39_D64,2021-12-07 21:58:00,2021-12-07 23:01:00,63.0,2021-12-07,2021,12,Tuesday,21:58,23:01,5,5,True,True,0,0,True,2021-12-07 21:54:00,2021-12-07 21:58:00,2021-12-07 23:01:00,2021-12-07 23:05:00,1784.359,1784.067,1784.417,1784.744,1784.374,1783.907,1784.888,1784.28,0.34999999999990905
KNOWN_BOUNDARY,P33_C39_D64,2021-12-08 21:58:00,2021-12-08 23:01:00,63.0,2021-12-08,2021,12,Wednesday,21:58,23:01,5,5,True,True,0,0,True,2021-12-08 21:54:00,2021-12-08 21:58:00,2021-12-08 23:01:00,2021-12-08 23:05:00,1782.552,1782.96,1783.095,1783.106,1783.127,1782.328,1783.21,1782.922,0.1349999999999909
KNOWN_BOUNDARY,P33_C39_D64,2021-12-09 21:58:00,2021-12-09 23:01:00,63.0,2021-12-09,2021,12,Thursday,21:58,23:01,5,5,True,True,0,0,True,2021-12-09 21:54:00,2021-12-09 21:58:00,2021-12-09 23:01:00,2021-12-09 23:05:00,1775.143,1775.13,1775.884,1776.016,1775.236,1774.927,1776.16,1775.803,0.7539999999999054
KNOWN_BOUNDARY,P33_C39_D64,2021-12-13 21:58:00,2021-12-13 23:01:00,63.0,2021-12-13,2021,12,Monday,21:58,23:01,5,5,True,True,0,0,True,2021-12-13 21:54:00,2021-12-13 21:58:00,2021-12-13 23:01:00,2021-12-13 23:05:00,1787.077,1786.653,1786.227,1786.197,1787.13,1786.495,1786.498,1785.957,-0.4259999999999309
KNOWN_BOUNDARY,P33_C39_D64,2021-12-14 21:58:00,2021-12-14 23:01:00,63.0,2021-12-14,2021,12,Tuesday,21:58,23:01,5,5,True,True,0,0,True,2021-12-14 21:54:00,2021-12-14 21:58:00,2021-12-14 23:01:00,2021-12-14 23:05:00,1770.634,1770.589,1771.209,1771.303,1770.704,1770.327,1771.496,1771.209,0.6200000000001182
KNOWN_BOUNDARY,P33_C39_D64,2021-12-15 21:58:00,2021-12-15 23:01:00,63.0,2021-12-15,2021,12,Wednesday,21:58,23:01,5,5,True,True,0,0,True,2021-12-15 21:54:00,2021-12-15 21:58:00,2021-12-15 23:01:00,2021-12-15 23:05:00,1777.46,1777.05,1778.209,1778.792,1777.46,1776.846,1778.869,1777.763,1.1590000000001055
KNOWN_BOUNDARY,P33_C39_D64,2021-12-16 21:58:00,2021-12-16 23:01:00,63.0,2021-12-16,2021,12,Thursday,21:58,23:01,5,5,True,True,0,0,True,2021-12-16 21:54:00,2021-12-16 21:58:00,2021-12-16 23:01:00,2021-12-16 23:05:00,1798.962,1799.15,1799.05,1798.523,1799.621,1798.962,1799.05,1798.414,-0.10000000000013642
KNOWN_BOUNDARY,P33_C39_D64,2021-12-20 21:58:00,2021-12-20 23:01:00,63.0,2021-12-20,2021,12,Monday,21:58,23:01,5,5,True,True,0,0,True,2021-12-20 21:54:00,2021-12-20 21:58:00,2021-12-20 23:01:00,2021-12-20 23:05:00,1790.25,1790.856,1791.386,1790.882,1790.895,1790.146,1791.739,1790.658,0.5299999999999727
KNOWN_BOUNDARY,P33_C39_D64,2021-12-21 21:58:00,2021-12-21 23:01:00,63.0,2021-12-21,2021,12,Tuesday,21:58,23:01,5,5,True,True,0,0,True,2021-12-21 21:54:00,2021-12-21 21:58:00,2021-12-21 23:01:00,2021-12-21 23:05:00,1788.676,1788.865,1789.083,1789.118,1788.914,1788.608,1789.267,1789.002,0.21800000000007458
KNOWN_BOUNDARY,P33_C39_D64,2021-12-22 21:58:00,2021-12-22 23:01:00,63.0,2021-12-22,2021,12,Wednesday,21:58,23:01,5,5,True,True,0,0,True,2021-12-22 21:54:00,2021-12-22 21:58:00,2021-12-22 23:01:00,2021-12-22 23:05:00,1803.618,1803.537,1803.966,1803.255,1803.716,1803.412,1803.966,1803.248,0.42899999999985994
KNOWN_BOUNDARY,P33_C39_D64,2021-12-27 21:58:00,2021-12-27 23:01:00,63.0,2021-12-27,2021,12,Monday,21:58,23:01,5,5,True,True,0,0,True,2021-12-27 21:54:00,2021-12-27 21:58:00,2021-12-27 23:01:00,2021-12-27 23:05:00,1811.802,1811.839,1811.469,1811.714,1812.165,1811.801,1811.905,1811.442,-0.36999999999989086
KNOWN_BOUNDARY,P33_C39_D64,2021-12-28 21:58:00,2021-12-28 23:01:00,63.0,2021-12-28,2021,12,Tuesday,21:58,23:01,5,5,True,True,0,0,True,2021-12-28 21:54:00,2021-12-28 21:58:00,2021-12-28 23:01:00,2021-12-28 23:05:00,1806.058,1806.118,1806.195,1806.516,1806.192,1805.938,1806.592,1806.016,0.07699999999999818
KNOWN_BOUNDARY,P33_C39_D64,2021-12-29 21:58:00,2021-12-29 23:01:00,63.0,2021-12-29,2021,12,Wednesday,21:58,23:01,5,5,True,True,0,0,True,2021-12-29 21:54:00,2021-12-29 21:58:00,2021-12-29 23:01:00,2021-12-29 23:05:00,1803.889,1804.36,1804.385,1804.244,1804.415,1803.705,1804.385,1804.115,0.02500000000009095
KNOWN_BOUNDARY,P33_C39_D64,2021-12-30 21:58:00,2021-12-30 23:01:00,63.0,2021-12-30,2021,12,Thursday,21:58,23:01,5,5,True,True,0,0,True,2021-12-30 21:54:00,2021-12-30 21:58:00,2021-12-30 23:01:00,2021-12-30 23:05:00,1815.199,1814.578,1815.052,1814.52,1815.199,1814.465,1815.138,1814.52,0.4739999999999327
KNOWN_BOUNDARY,P33_C39_D64,2022-01-03 21:58:00,2022-01-03 23:01:00,63.0,2022-01-03,2022,1,Monday,21:58,23:01,5,5,True,True,0,0,True,2022-01-03 21:54:00,2022-01-03 21:58:00,2022-01-03 23:01:00,2022-01-03 23:05:00,1801.346,1801.227,1802.262,1802.699,1801.477,1800.931,1802.749,1802.226,1.0349999999998545
KNOWN_BOUNDARY,P33_C39_D64,2022-01-04 21:58:00,2022-01-04 23:01:00,63.0,2022-01-04,2022,1,Tuesday,21:58,23:01,5,5,True,True,0,0,True,2022-01-04 21:54:00,2022-01-04 21:58:00,2022-01-04 23:01:00,2022-01-04 23:05:00,1814.413,1814.463,1814.316,1813.699,1814.595,1814.309,1814.324,1813.699,-0.14699999999993452
KNOWN_BOUNDARY,P33_C39_D64,2022-01-05 21:58:00,2022-01-05 23:01:00,63.0,2022-01-05,2022,1,Wednesday,21:58,23:01,5,5,True,True,0,0,True,2022-01-05 21:54:00,2022-01-05 21:58:00,2022-01-05 23:01:00,2022-01-05 23:05:00,1810.357,1810.293,1810.686,1810.344,1810.599,1809.884,1811.028,1810.092,0.3930000000000291
KNOWN_BOUNDARY,P33_C39_D64,2022-01-06 21:58:00,2022-01-06 23:01:00,63.0,2022-01-06,2022,1,Thursday,21:58,23:01,5,5,True,True,0,0,True,2022-01-06 21:54:00,2022-01-06 21:58:00,2022-01-06 23:01:00,2022-01-06 23:05:00,1789.531,1790.899,1791.143,1791.139,1790.969,1789.526,1791.381,1790.985,0.24400000000014188
KNOWN_BOUNDARY,P33_C39_D64,2022-01-10 21:58:00,2022-01-10 23:01:00,63.0,2022-01-10,2022,1,Monday,21:58,23:01,5,5,True,True,0,0,True,2022-01-10 21:54:00,2022-01-10 21:58:00,2022-01-10 23:01:00,2022-01-10 23:05:00,1801.698,1801.669,1800.643,1800.393,1801.761,1801.611,1800.66,1800.105,-1.0260000000000673
KNOWN_BOUNDARY,P33_C39_D64,2022-01-11 21:58:00,2022-01-11 23:01:00,63.0,2022-01-11,2022,1,Tuesday,21:58,23:01,5,5,True,True,0,0,True,2022-01-11 21:54:00,2022-01-11 21:58:00,2022-01-11 23:01:00,2022-01-11 23:05:00,1821.947,1821.377,1820.731,1820.481,1821.949,1821.214,1820.913,1820.048,-0.6459999999999582
KNOWN_BOUNDARY,P33_C39_D64,2022-01-12 21:58:00,2022-01-12 23:01:00,63.0,2022-01-12,2022,1,Wednesday,21:58,23:01,5,5,True,True,0,0,True,2022-01-12 21:54:00,2022-01-12 21:58:00,2022-01-12 23:01:00,2022-01-12 23:05:00,1826.006,1826.103,1825.875,1825.945,1826.257,1825.981,1826.129,1825.643,-0.22800000000006548
KNOWN_BOUNDARY,P33_C39_D64,2022-01-13 21:58:00,2022-01-13 23:01:00,63.0,2022-01-13,2022,1,Thursday,21:58,23:01,5,5,True,True,0,0,True,2022-01-13 21:54:00,2022-01-13 21:58:00,2022-01-13 23:01:00,2022-01-13 23:05:00,1822.583,1822.533,1821.473,1821.353,1822.844,1822.533,1821.649,1821.338,-1.0599999999999454
KNOWN_BOUNDARY,P33_C39_D64,2022-01-18 21:58:00,2022-01-18 23:01:00,63.0,2022-01-18,2022,1,Tuesday,21:58,23:01,5,5,True,True,0,0,True,2022-01-18 21:54:00,2022-01-18 21:58:00,2022-01-18 23:01:00,2022-01-18 23:05:00,1813.662,1813.638,1813.485,1814.086,1813.816,1813.559,1814.317,1813.485,-0.15300000000002
KNOWN_BOUNDARY,P33_C39_D64,2022-01-19 21:58:00,2022-01-19 23:01:00,63.0,2022-01-19,2022,1,Wednesday,21:58,23:01,5,5,True,True,0,0,True,2022-01-19 21:54:00,2022-01-19 21:58:00,2022-01-19 23:01:00,2022-01-19 23:05:00,1840.734,1840.373,1839.757,1840.067,1840.749,1840.373,1840.329,1839.512,-0.6159999999999854
KNOWN_BOUNDARY,P33_C39_D64,2022-01-20 21:58:00,2022-01-20 23:01:00,63.0,2022-01-20,2022,1,Thursday,21:58,23:01,5,5,True,True,0,0,True,2022-01-20 21:54:00,2022-01-20 21:58:00,2022-01-20 23:01:00,2022-01-20 23:05:00,1839.185,1839.49,1839.133,1839.092,1839.668,1839.185,1839.423,1838.918,-0.3569999999999709
KNOWN_BOUNDARY,P33_C39_D64,2022-01-24 21:58:00,2022-01-24 23:01:00,63.0,2022-01-24,2022,1,Monday,21:58,23:01,5,5,True,True,0,0,True,2022-01-24 21:54:00,2022-01-24 21:58:00,2022-01-24 23:01:00,2022-01-24 23:05:00,1842.852,1842.984,1843.002,1842.72,1843.185,1842.834,1843.087,1842.702,0.018000000000029104
KNOWN_BOUNDARY,P33_C39_D64,2022-01-25 21:58:00,2022-01-25 23:01:00,63.0,2022-01-25,2022,1,Tuesday,21:58,23:01,5,5,True,True,0,0,True,2022-01-25 21:54:00,2022-01-25 21:58:00,2022-01-25 23:01:00,2022-01-25 23:05:00,1847.816,1847.986,1847.806,1847.63,1848.13,1847.683,1847.9,1847.446,-0.18000000000006366
KNOWN_BOUNDARY,P33_C39_D64,2022-01-26 21:58:00,2022-01-26 23:01:00,63.0,2022-01-26,2022,1,Wednesday,21:58,23:01,5,5,True,True,0,0,True,2022-01-26 21:54:00,2022-01-26 21:58:00,2022-01-26 23:01:00,2022-01-26 23:05:00,1818.67,1819.344,1819.927,1819.785,1819.531,1818.515,1820.211,1819.421,0.5829999999998563
KNOWN_BOUNDARY,P33_C39_D64,2022-01-27 21:58:00,2022-01-27 23:01:00,63.0,2022-01-27,2022,1,Thursday,21:58,23:01,5,5,True,True,0,0,True,2022-01-27 21:54:00,2022-01-27 21:58:00,2022-01-27 23:01:00,2022-01-27 23:05:00,1796.583,1797.085,1797.89,1797.21,1797.486,1796.583,1798.257,1797.193,0.8050000000000637
KNOWN_BOUNDARY,P33_C39_D64,2022-01-31 21:58:00,2022-01-31 23:01:00,63.0,2022-01-31,2022,1,Monday,21:58,23:01,5,5,True,True,0,0,True,2022-01-31 21:54:00,2022-01-31 21:58:00,2022-01-31 23:01:00,2022-01-31 23:05:00,1797.144,1797.267,1797.92,1797.732,1797.316,1796.884,1798.201,1797.448,0.65300000000002
KNOWN_BOUNDARY,P33_C39_D64,2022-02-01 21:58:00,2022-02-01 23:01:00,63.0,2022-02-01,2022,2,Tuesday,21:58,23:01,5,5,True,True,0,0,True,2022-02-01 21:54:00,2022-02-01 21:58:00,2022-02-01 23:01:00,2022-02-01 23:05:00,1801.058,1801.035,1800.501,1800.973,1801.075,1800.879,1801.12,1800.38,-0.5340000000001055
KNOWN_BOUNDARY,P33_C39_D64,2022-02-02 21:58:00,2022-02-02 23:01:00,63.0,2022-02-02,2022,2,Wednesday,21:58,23:01,5,5,True,True,0,0,True,2022-02-02 21:54:00,2022-02-02 21:58:00,2022-02-02 23:01:00,2022-02-02 23:05:00,1807.053,1806.78,1806.95,1806.991,1807.081,1806.602,1807.102,1806.8,0.17000000000007276
KNOWN_BOUNDARY,P33_C39_D64,2022-02-03 21:58:00,2022-02-03 23:01:00,63.0,2022-02-03,2022,2,Thursday,21:58,23:01,5,5,True,True,0,0,True,2022-02-03 21:54:00,2022-02-03 21:58:00,2022-02-03 23:01:00,2022-02-03 23:05:00,1804.747,1804.799,1805.306,1804.836,1805.054,1804.704,1805.382,1804.774,0.5070000000000618
KNOWN_BOUNDARY,P33_C39_D64,2022-02-07 21:58:00,2022-02-07 23:01:00,63.0,2022-02-07,2022,2,Monday,21:58,23:01,5,5,True,True,0,0,True,2022-02-07 21:54:00,2022-02-07 21:58:00,2022-02-07 23:01:00,2022-02-07 23:05:00,1820.435,1820.416,1820.895,1821.238,1820.477,1820.289,1821.391,1820.717,0.47900000000004184
KNOWN_BOUNDARY,P33_C39_D64,2022-02-08 21:58:00,2022-02-08 23:01:00,63.0,2022-02-08,2022,2,Tuesday,21:58,23:01,5,5,True,True,0,0,True,2022-02-08 21:54:00,2022-02-08 21:58:00,2022-02-08 23:01:00,2022-02-08 23:05:00,1825.963,1825.948,1825.845,1825.687,1826.092,1825.888,1825.868,1825.469,-0.10300000000006548
KNOWN_BOUNDARY,P33_C39_D64,2022-02-09 21:58:00,2022-02-09 23:01:00,63.0,2022-02-09,2022,2,Wednesday,21:58,23:01,5,5,True,True,0,0,True,2022-02-09 21:54:00,2022-02-09 21:58:00,2022-02-09 23:01:00,2022-02-09 23:05:00,1832.991,1832.832,1833.008,1832.858,1833.201,1832.755,1833.134,1832.773,0.17599999999993088
KNOWN_BOUNDARY,P33_C39_D64,2022-02-10 21:58:00,2022-02-10 23:01:00,63.0,2022-02-10,2022,2,Thursday,21:58,23:01,5,5,True,True,0,0,True,2022-02-10 21:54:00,2022-02-10 21:58:00,2022-02-10 23:01:00,2022-02-10 23:05:00,1826.995,1826.604,1826.54,1827.229,1826.996,1826.371,1827.338,1826.461,-0.06400000000007822
KNOWN_BOUNDARY,P33_C39_D64,2022-02-14 21:58:00,2022-02-14 23:01:00,63.0,2022-02-14,2022,2,Monday,21:58,23:01,5,5,True,True,0,0,True,2022-02-14 21:54:00,2022-02-14 21:58:00,2022-02-14 23:01:00,2022-02-14 23:05:00,1871.828,1871.293,1871.52,1870.458,1872.073,1871.293,1871.52,1870.449,0.22700000000008913
KNOWN_BOUNDARY,P33_C39_D64,2022-02-15 21:58:00,2022-02-15 23:01:00,63.0,2022-02-15,2022,2,Tuesday,21:58,23:01,5,5,True,True,0,0,True,2022-02-15 21:54:00,2022-02-15 21:58:00,2022-02-15 23:01:00,2022-02-15 23:05:00,1853.319,1853.47,1853.796,1853.83,1853.747,1853.25,1854.017,1853.672,0.32600000000002183
KNOWN_BOUNDARY,P33_C39_D64,2022-02-16 21:58:00,2022-02-16 23:01:00,63.0,2022-02-16,2022,2,Wednesday,21:58,23:01,5,5,True,True,0,0,True,2022-02-16 21:54:00,2022-02-16 21:58:00,2022-02-16 23:01:00,2022-02-16 23:05:00,1868.678,1869.46,1869.593,1869.947,1869.511,1868.652,1869.959,1869.443,0.1330000000000382
KNOWN_BOUNDARY,P33_C39_D64,2022-02-17 21:58:00,2022-02-17 23:01:00,63.0,2022-02-17,2022,2,Thursday,21:58,23:01,5,5,True,True,0,0,True,2022-02-17 21:54:00,2022-02-17 21:58:00,2022-02-17 23:01:00,2022-02-17 23:05:00,1898.406,1898.304,1898.513,1899.254,1898.406,1898.129,1899.474,1898.381,0.20899999999983265
KNOWN_BOUNDARY,P33_C39_D64,2022-02-22 21:58:00,2022-02-22 23:01:00,63.0,2022-02-22,2022,2,Tuesday,21:58,23:01,5,5,True,True,0,0,True,2022-02-22 21:54:00,2022-02-22 21:58:00,2022-02-22 23:01:00,2022-02-22 23:05:00,1898.513,1898.425,1898.955,1899.253,1898.594,1898.276,1899.309,1898.749,0.5299999999999727
KNOWN_BOUNDARY,P33_C39_D64,2022-02-23 21:58:00,2022-02-23 23:01:00,63.0,2022-02-23,2022,2,Wednesday,21:58,23:01,5,5,True,True,0,0,True,2022-02-23 21:54:00,2022-02-23 21:58:00,2022-02-23 23:01:00,2022-02-23 23:05:00,1907.887,1908.955,1910.051,1910.126,1909.318,1907.854,1910.958,1909.768,1.0960000000000036
KNOWN_BOUNDARY,P33_C39_D64,2022-02-24 21:58:00,2022-02-24 23:01:00,63.0,2022-02-24,2022,2,Thursday,21:58,23:01,5,5,True,True,0,0,True,2022-02-24 21:54:00,2022-02-24 21:58:00,2022-02-24 23:01:00,2022-02-24 23:05:00,1902.986,1904.016,1904.938,1907.552,1904.107,1902.945,1907.594,1904.938,0.9220000000000255
KNOWN_BOUNDARY,P33_C39_D64,2022-02-28 21:58:00,2022-02-28 23:01:00,63.0,2022-02-28,2022,2,Monday,21:58,23:01,5,5,True,True,0,0,True,2022-02-28 21:54:00,2022-02-28 21:58:00,2022-02-28 23:01:00,2022-02-28 23:05:00,1906.799,1908.606,1907.461,1907.81,1909.662,1906.747,1908.729,1907.461,-1.1449999999999818
KNOWN_BOUNDARY,P33_C39_D64,2022-03-01 21:58:00,2022-03-01 23:01:00,63.0,2022-03-01,2022,3,Tuesday,21:58,23:01,5,5,True,True,0,0,True,2022-03-01 21:54:00,2022-03-01 21:58:00,2022-03-01 23:01:00,2022-03-01 23:05:00,1945.005,1945.078,1943.803,1943.392,1945.652,1944.7,1945.378,1942.664,-1.2749999999998636
KNOWN_BOUNDARY,P33_C39_D64,2022-03-02 21:58:00,2022-03-02 23:01:00,63.0,2022-03-02,2022,3,Wednesday,21:58,23:01,5,5,True,True,0,0,True,2022-03-02 21:54:00,2022-03-02 21:58:00,2022-03-02 23:01:00,2022-03-02 23:05:00,1927.427,1928.598,1929.059,1928.54,1928.598,1927.309,1929.729,1928.468,0.46100000000001273
KNOWN_BOUNDARY,P33_C39_D64,2022-03-03 21:58:00,2022-03-03 23:01:00,63.0,2022-03-03,2022,3,Thursday,21:58,23:01,5,5,True,True,0,0,True,2022-03-03 21:54:00,2022-03-03 21:58:00,2022-03-03 23:01:00,2022-03-03 23:05:00,1936.305,1936.234,1937.051,1936.65,1936.643,1936.227,1937.222,1936.559,0.8170000000000073
KNOWN_BOUNDARY,P33_C39_D64,2022-03-07 21:58:00,2022-03-07 23:01:00,63.0,2022-03-07,2022,3,Monday,21:58,23:01,5,5,True,True,0,0,True,2022-03-07 21:54:00,2022-03-07 21:58:00,2022-03-07 23:01:00,2022-03-07 23:05:00,1996.891,1997.615,1996.597,1997.188,1997.779,1996.861,1997.984,1996.202,-1.018000000000029
KNOWN_BOUNDARY,P33_C39_D64,2022-03-08 21:58:00,2022-03-08 23:01:00,63.0,2022-03-08,2022,3,Tuesday,21:58,23:01,5,5,True,True,0,0,True,2022-03-08 21:54:00,2022-03-08 21:58:00,2022-03-08 23:01:00,2022-03-08 23:05:00,2050.845,2049.835,2049.653,2050.796,2050.845,2049.679,2051.953,2049.391,-0.18200000000024374
KNOWN_BOUNDARY,P33_C39_D64,2022-03-09 21:58:00,2022-03-09 23:01:00,63.0,2022-03-09,2022,3,Wednesday,21:58,23:01,5,5,True,True,0,0,True,2022-03-09 21:54:00,2022-03-09 21:58:00,2022-03-09 23:01:00,2022-03-09 23:05:00,1991.837,1991.776,1991.696,1992.547,1993.039,1991.73,1993.659,1990.399,-0.08000000000015461
KNOWN_BOUNDARY,P33_C39_D64,2022-03-10 21:58:00,2022-03-10 23:01:00,63.0,2022-03-10,2022,3,Thursday,21:58,23:01,5,5,True,True,0,0,True,2022-03-10 21:54:00,2022-03-10 21:58:00,2022-03-10 23:01:00,2022-03-10 23:05:00,1996.328,1996.783,1997.135,1997.367,1996.805,1995.911,1997.677,1996.567,0.35200000000008913
KNOWN_BOUNDARY,P30_C35_D64,2022-03-14 20:58:00,2022-03-14 22:01:00,63.0,2022-03-14,2022,3,Monday,20:58,22:01,5,5,True,True,0,0,True,2022-03-14 20:54:00,2022-03-14 20:58:00,2022-03-14 22:01:00,2022-03-14 22:05:00,1952.461,1950.585,1952.434,1953.185,1952.461,1950.197,1953.395,1951.956,1.8489999999999327
KNOWN_BOUNDARY,P30_C35_D64,2022-03-15 20:58:00,2022-03-15 22:01:00,63.0,2022-03-15,2022,3,Tuesday,20:58,22:01,5,5,True,True,0,0,True,2022-03-15 20:54:00,2022-03-15 20:58:00,2022-03-15 22:01:00,2022-03-15 22:05:00,1917.416,1917.751,1919.025,1919.979,1917.959,1917.183,1920.564,1918.858,1.2740000000001146
KNOWN_BOUNDARY,P30_C35_D64,2022-03-16 20:58:00,2022-03-16 22:01:00,63.0,2022-03-16,2022,3,Wednesday,20:58,22:01,5,5,True,True,0,0,True,2022-03-16 20:54:00,2022-03-16 20:58:00,2022-03-16 22:01:00,2022-03-16 22:05:00,1924.84,1926.261,1927.552,1926.234,1927.246,1924.726,1927.561,1924.979,1.29099999999994
KNOWN_BOUNDARY,P30_C35_D64,2022-03-17 20:58:00,2022-03-17 22:01:00,63.0,2022-03-17,2022,3,Thursday,20:58,22:01,5,5,True,True,0,0,True,2022-03-17 20:54:00,2022-03-17 20:58:00,2022-03-17 22:01:00,2022-03-17 22:05:00,1942.567,1942.542,1942.632,1942.705,1942.777,1941.769,1942.705,1942.266,0.09000000000014552
KNOWN_BOUNDARY,P30_C35_D64,2022-03-21 20:57:00,2022-03-21 22:01:00,64.0,2022-03-21,2022,3,Monday,20:57,22:01,5,5,True,True,0,0,True,2022-03-21 20:53:00,2022-03-21 20:57:00,2022-03-21 22:01:00,2022-03-21 22:05:00,1934.753,1935.554,1935.82,1936.472,1935.642,1934.565,1936.472,1935.786,0.265999999999849
KNOWN_BOUNDARY,P30_C35_D64,2022-03-22 20:57:00,2022-03-22 22:01:00,64.0,2022-03-22,2022,3,Tuesday,20:57,22:01,5,5,True,True,0,0,True,2022-03-22 20:53:00,2022-03-22 20:57:00,2022-03-22 22:01:00,2022-03-22 22:05:00,1921.312,1920.958,1921.924,1921.682,1921.75,1920.816,1922.137,1921.612,0.9659999999998945
KNOWN_BOUNDARY,P30_C35_D64,2022-03-23 20:57:00,2022-03-23 22:01:00,64.0,2022-03-23,2022,3,Wednesday,20:57,22:01,5,5,True,True,0,0,True,2022-03-23 20:53:00,2022-03-23 20:57:00,2022-03-23 22:01:00,2022-03-23 22:05:00,1944.541,1944.524,1943.866,1944.653,1944.817,1944.236,1944.68,1943.832,-0.6579999999999018
KNOWN_BOUNDARY,P30_C35_D64,2022-03-24 20:57:00,2022-03-24 22:01:00,64.0,2022-03-24,2022,3,Thursday,20:57,22:01,5,5,True,True,0,0,True,2022-03-24 20:53:00,2022-03-24 20:57:00,2022-03-24 22:01:00,2022-03-24 22:05:00,1957.673,1957.608,1958.476,1959.19,1957.865,1956.713,1959.249,1958.188,0.8680000000001655
KNOWN_BOUNDARY,P30_C35_D64,2022-03-28 20:57:00,2022-03-28 22:01:00,64.0,2022-03-28,2022,3,Monday,20:57,22:01,5,5,True,True,0,0,True,2022-03-28 20:53:00,2022-03-28 20:57:00,2022-03-28 22:01:00,2022-03-28 22:05:00,1922.818,1922.515,1923.206,1923.296,1922.818,1921.909,1923.359,1922.719,0.6909999999998035
KNOWN_BOUNDARY,P30_C35_D64,2022-03-29 20:57:00,2022-03-29 22:01:00,64.0,2022-03-29,2022,3,Tuesday,20:57,22:01,5,5,True,True,0,0,True,2022-03-29 20:53:00,2022-03-29 20:57:00,2022-03-29 22:01:00,2022-03-29 22:05:00,1919.061,1919.375,1920.059,1920.256,1919.533,1918.989,1921.39,1920.059,0.6839999999999691
KNOWN_BOUNDARY,P30_C35_D64,2022-03-30 20:57:00,2022-03-30 22:01:00,64.0,2022-03-30,2022,3,Wednesday,20:57,22:01,5,5,True,True,0,0,True,2022-03-30 20:53:00,2022-03-30 20:57:00,2022-03-30 22:01:00,2022-03-30 22:05:00,1933.253,1932.441,1933.216,1933.093,1933.438,1932.397,1933.477,1933.035,0.7749999999998636
KNOWN_BOUNDARY,P30_C35_D64,2022-03-31 20:57:00,2022-03-31 22:01:00,64.0,2022-03-31,2022,3,Thursday,20:57,22:01,5,5,True,True,0,0,True,2022-03-31 20:53:00,2022-03-31 20:57:00,2022-03-31 22:01:00,2022-03-31 22:05:00,1937.777,1936.9,1937.373,1937.589,1937.822,1936.765,1937.773,1937.131,0.47299999999995634
KNOWN_BOUNDARY,P30_C35_D64,2022-04-04 20:57:00,2022-04-04 22:01:00,64.0,2022-04-04,2022,4,Monday,20:57,22:01,5,5,True,True,0,0,True,2022-04-04 20:53:00,2022-04-04 20:57:00,2022-04-04 22:01:00,2022-04-04 22:05:00,1932.491,1932.549,1932.605,1932.928,1932.876,1932.455,1933.163,1932.496,0.05600000000004002
KNOWN_BOUNDARY,P30_C35_D64,2022-04-05 20:57:00,2022-04-05 22:01:00,64.0,2022-04-05,2022,4,Tuesday,20:57,22:01,5,5,True,True,0,0,True,2022-04-05 20:53:00,2022-04-05 20:57:00,2022-04-05 22:01:00,2022-04-05 22:05:00,1923.472,1923.052,1923.843,1923.382,1923.807,1922.968,1923.906,1922.983,0.7910000000001673
KNOWN_BOUNDARY,P30_C35_D64,2022-04-06 20:57:00,2022-04-06 22:01:00,64.0,2022-04-06,2022,4,Wednesday,20:57,22:01,5,5,True,True,0,0,True,2022-04-06 20:53:00,2022-04-06 20:57:00,2022-04-06 22:01:00,2022-04-06 22:05:00,1925.3,1925.785,1925.302,1924.123,1925.824,1925.3,1925.39,1924.024,-0.4830000000001746
KNOWN_BOUNDARY,P30_C35_D64,2022-04-07 20:57:00,2022-04-07 22:01:00,64.0,2022-04-07,2022,4,Thursday,20:57,22:01,5,5,True,True,0,0,True,2022-04-07 20:53:00,2022-04-07 20:57:00,2022-04-07 22:01:00,2022-04-07 22:05:00,1931.084,1931.587,1931.547,1931.808,1931.596,1931.058,1931.971,1931.516,-0.03999999999996362
KNOWN_BOUNDARY,P30_C35_D64,2022-04-11 20:57:00,2022-04-11 22:01:00,64.0,2022-04-11,2022,4,Monday,20:57,22:01,5,5,True,True,0,0,True,2022-04-11 20:53:00,2022-04-11 20:57:00,2022-04-11 22:01:00,2022-04-11 22:05:00,1953.818,1954.319,1953.807,1952.58,1955.222,1953.787,1953.807,1952.119,-0.5119999999999436
KNOWN_BOUNDARY,P30_C35_D64,2022-04-12 20:57:00,2022-04-12 22:01:00,64.0,2022-04-12,2022,4,Tuesday,20:57,22:01,5,5,True,True,0,0,True,2022-04-12 20:53:00,2022-04-12 20:57:00,2022-04-12 22:01:00,2022-04-12 22:05:00,1966.011,1966.315,1966.875,1967.02,1966.591,1965.882,1967.655,1966.789,0.5599999999999454
KNOWN_BOUNDARY,P30_C35_D64,2022-04-13 20:57:00,2022-04-13 22:01:00,64.0,2022-04-13,2022,4,Wednesday,20:57,22:01,5,5,True,True,0,0,True,2022-04-13 20:53:00,2022-04-13 20:57:00,2022-04-13 22:01:00,2022-04-13 22:05:00,1977.578,1977.756,1977.332,1977.844,1977.904,1977.53,1977.849,1977.045,-0.42399999999997817
KNOWN_BOUNDARY,P30_C35_D64,2022-04-18 20:57:00,2022-04-18 22:01:00,64.0,2022-04-18,2022,4,Monday,20:57,22:01,5,5,True,True,0,0,True,2022-04-18 20:53:00,2022-04-18 20:57:00,2022-04-18 22:01:00,2022-04-18 22:05:00,1978.344,1978.241,1977.956,1978.056,1978.95,1978.139,1978.373,1977.443,-0.28500000000008185
KNOWN_BOUNDARY,P30_C35_D64,2022-04-19 20:57:00,2022-04-19 22:01:00,64.0,2022-04-19,2022,4,Tuesday,20:57,22:01,5,5,True,True,0,0,True,2022-04-19 20:53:00,2022-04-19 20:57:00,2022-04-19 22:01:00,2022-04-19 22:05:00,1949.333,1949.519,1950.281,1949.98,1949.535,1949.103,1950.398,1949.795,0.7619999999999436
KNOWN_BOUNDARY,P30_C35_D64,2022-04-20 20:57:00,2022-04-20 22:01:00,64.0,2022-04-20,2022,4,Wednesday,20:57,22:01,5,5,True,True,0,0,True,2022-04-20 20:53:00,2022-04-20 20:57:00,2022-04-20 22:01:00,2022-04-20 22:05:00,1957.35,1957.643,1957.028,1955.669,1958.11,1957.113,1957.151,1955.576,-0.6150000000000091
KNOWN_BOUNDARY,P30_C35_D64,2022-04-21 20:57:00,2022-04-21 22:01:00,64.0,2022-04-21,2022,4,Thursday,20:57,22:01,5,5,True,True,0,0,True,2022-04-21 20:53:00,2022-04-21 20:57:00,2022-04-21 22:01:00,2022-04-21 22:05:00,1951.561,1951.621,1950.907,1950.654,1951.889,1950.97,1950.907,1950.332,-0.7140000000001692
KNOWN_BOUNDARY,P30_C35_D64,2022-04-25 20:57:00,2022-04-25 22:01:00,64.0,2022-04-25,2022,4,Monday,20:57,22:01,5,5,True,True,0,0,True,2022-04-25 20:53:00,2022-04-25 20:57:00,2022-04-25 22:01:00,2022-04-25 22:05:00,1897.201,1897.998,1898.563,1898.745,1898.034,1897.198,1899.484,1898.357,0.5650000000000546
KNOWN_BOUNDARY,P30_C35_D64,2022-04-26 20:57:00,2022-04-26 22:01:00,64.0,2022-04-26,2022,4,Tuesday,20:57,22:01,5,5,True,True,0,0,True,2022-04-26 20:53:00,2022-04-26 20:57:00,2022-04-26 22:01:00,2022-04-26 22:05:00,1905.093,1905.445,1905.943,1905.811,1906.247,1905.006,1906.224,1905.7,0.4980000000000473
KNOWN_BOUNDARY,P30_C35_D64,2022-04-27 20:57:00,2022-04-27 22:01:00,64.0,2022-04-27,2022,4,Wednesday,20:57,22:01,5,5,True,True,0,0,True,2022-04-27 20:53:00,2022-04-27 20:57:00,2022-04-27 22:01:00,2022-04-27 22:05:00,1885.658,1885.675,1885.746,1885.566,1885.916,1885.562,1885.916,1885.253,0.07100000000014006
KNOWN_BOUNDARY,P30_C35_D64,2022-04-28 20:57:00,2022-04-28 22:01:00,64.0,2022-04-28,2022,4,Thursday,20:57,22:01,5,5,True,True,0,0,True,2022-04-28 20:53:00,2022-04-28 20:57:00,2022-04-28 22:01:00,2022-04-28 22:05:00,1894.369,1894.274,1894.816,1895.199,1894.497,1894.021,1895.344,1894.733,0.5420000000001437
KNOWN_BOUNDARY,P30_C35_D64,2022-05-02 20:57:00,2022-05-02 22:01:00,64.0,2022-05-02,2022,5,Monday,20:57,22:01,5,5,True,True,0,0,True,2022-05-02 20:53:00,2022-05-02 20:57:00,2022-05-02 22:01:00,2022-05-02 22:05:00,1862.851,1862.768,1863.468,1863.378,1863.196,1862.673,1863.614,1863.273,0.7000000000000455
KNOWN_BOUNDARY,P30_C35_D64,2022-05-03 20:57:00,2022-05-03 22:01:00,64.0,2022-05-03,2022,5,Tuesday,20:57,22:01,5,5,True,True,0,0,True,2022-05-03 20:53:00,2022-05-03 20:57:00,2022-05-03 22:01:00,2022-05-03 22:05:00,1867.786,1868.07,1868.223,1868.287,1868.391,1867.719,1868.418,1867.843,0.15300000000002
KNOWN_BOUNDARY,P30_C35_D64,2022-05-04 20:57:00,2022-05-04 22:01:00,64.0,2022-05-04,2022,5,Wednesday,20:57,22:01,5,5,True,True,0,0,True,2022-05-04 20:53:00,2022-05-04 20:57:00,2022-05-04 22:01:00,2022-05-04 22:05:00,1883.063,1881.377,1882.92,1882.434,1883.249,1881.134,1883.091,1882.053,1.54300000000012
KNOWN_BOUNDARY,P30_C35_D64,2022-05-05 20:57:00,2022-05-05 22:01:00,64.0,2022-05-05,2022,5,Thursday,20:57,22:01,5,5,True,True,0,0,True,2022-05-05 20:53:00,2022-05-05 20:57:00,2022-05-05 22:01:00,2022-05-05 22:05:00,1877.419,1877.138,1876.859,1876.881,1877.834,1876.928,1877.044,1876.296,-0.27899999999999636
KNOWN_BOUNDARY,P30_C35_D64,2022-05-09 20:57:00,2022-05-09 22:01:00,64.0,2022-05-09,2022,5,Monday,20:57,22:01,5,5,True,True,0,0,True,2022-05-09 20:53:00,2022-05-09 20:57:00,2022-05-09 22:01:00,2022-05-09 22:05:00,1854.209,1853.748,1854.236,1853.464,1854.44,1853.538,1854.264,1853.432,0.4880000000000564
KNOWN_BOUNDARY,P30_C35_D64,2022-05-10 20:57:00,2022-05-10 22:01:00,64.0,2022-05-10,2022,5,Tuesday,20:57,22:01,5,5,True,True,0,0,True,2022-05-10 20:53:00,2022-05-10 20:57:00,2022-05-10 22:01:00,2022-05-10 22:05:00,1839.241,1838.294,1838.858,1839.654,1839.763,1837.943,1839.656,1838.731,0.5639999999998508
KNOWN_BOUNDARY,P30_C35_D64,2022-05-11 20:57:00,2022-05-11 22:01:00,64.0,2022-05-11,2022,5,Wednesday,20:57,22:01,5,5,True,True,0,0,True,2022-05-11 20:53:00,2022-05-11 20:57:00,2022-05-11 22:01:00,2022-05-11 22:05:00,1852.401,1852.236,1852.051,1851.361,1852.421,1852.136,1852.082,1851.315,-0.1850000000001728
KNOWN_BOUNDARY,P30_C35_D64,2022-05-12 20:57:00,2022-05-12 22:01:00,64.0,2022-05-12,2022,5,Thursday,20:57,22:01,5,5,True,True,0,0,True,2022-05-12 20:53:00,2022-05-12 20:57:00,2022-05-12 22:01:00,2022-05-12 22:05:00,1822.149,1821.803,1822.386,1822.947,1822.362,1821.279,1823.236,1822.223,0.5829999999998563
KNOWN_BOUNDARY,P30_C35_D64,2022-05-16 20:57:00,2022-05-16 22:01:00,64.0,2022-05-16,2022,5,Monday,20:57,22:01,5,5,True,True,0,0,True,2022-05-16 20:53:00,2022-05-16 20:57:00,2022-05-16 22:01:00,2022-05-16 22:05:00,1824.114,1824.748,1825.52,1824.852,1825.061,1824.09,1825.52,1824.852,0.7719999999999345
KNOWN_BOUNDARY,P30_C35_D64,2022-05-17 20:57:00,2022-05-17 22:01:00,64.0,2022-05-17,2022,5,Tuesday,20:57,22:01,5,5,True,True,0,0,True,2022-05-17 20:53:00,2022-05-17 20:57:00,2022-05-17 22:01:00,2022-05-17 22:05:00,1814.642,1814.839,1814.515,1814.619,1814.971,1814.241,1814.907,1814.46,-0.32399999999984175
KNOWN_BOUNDARY,P30_C35_D64,2022-05-18 20:57:00,2022-05-18 22:01:00,64.0,2022-05-18,2022,5,Wednesday,20:57,22:01,5,5,True,True,0,0,True,2022-05-18 20:53:00,2022-05-18 20:57:00,2022-05-18 22:01:00,2022-05-18 22:05:00,1816.848,1816.511,1816.522,1816.229,1817.344,1816.511,1816.857,1816.193,0.010999999999967258
KNOWN_BOUNDARY,P30_C35_D64,2022-05-19 20:57:00,2022-05-19 22:01:00,64.0,2022-05-19,2022,5,Thursday,20:57,22:01,5,5,True,True,0,0,True,2022-05-19 20:53:00,2022-05-19 20:57:00,2022-05-19 22:01:00,2022-05-19 22:05:00,1841.668,1842.078,1841.529,1842.13,1842.214,1841.09,1842.13,1841.529,-0.5489999999999782
KNOWN_BOUNDARY,P30_C35_D64,2022-05-23 20:57:00,2022-05-23 22:01:00,64.0,2022-05-23,2022,5,Monday,20:57,22:01,5,5,True,True,0,0,True,2022-05-23 20:53:00,2022-05-23 20:57:00,2022-05-23 22:01:00,2022-05-23 22:05:00,1853.33,1853.593,1853.494,1854.266,1853.796,1853.258,1854.386,1853.413,-0.09900000000016007
KNOWN_BOUNDARY,P30_C35_D64,2022-05-24 20:57:00,2022-05-24 22:01:00,64.0,2022-05-24,2022,5,Tuesday,20:57,22:01,5,5,True,True,0,0,True,2022-05-24 20:53:00,2022-05-24 20:57:00,2022-05-24 22:01:00,2022-05-24 22:05:00,1866.44,1866.551,1865.644,1865.49,1866.551,1865.906,1865.951,1864.906,-0.9069999999999254
KNOWN_BOUNDARY,P30_C35_D64,2022-05-25 20:57:00,2022-05-25 22:01:00,64.0,2022-05-25,2022,5,Wednesday,20:57,22:01,5,5,True,True,0,0,True,2022-05-25 20:53:00,2022-05-25 20:57:00,2022-05-25 22:01:00,2022-05-25 22:05:00,1853.698,1853.127,1853.098,1853.063,1853.861,1853.021,1853.452,1852.906,-0.028999999999996362
KNOWN_BOUNDARY,P30_C35_D64,2022-05-26 20:57:00,2022-05-26 22:01:00,64.0,2022-05-26,2022,5,Thursday,20:57,22:01,5,5,True,True,0,0,True,2022-05-26 20:53:00,2022-05-26 20:57:00,2022-05-26 22:01:00,2022-05-26 22:05:00,1851.01,1850.54,1851.242,1850.943,1851.01,1850.54,1851.617,1850.402,0.7019999999999982
KNOWN_BOUNDARY,P30_C35_D64,2022-05-31 20:57:00,2022-05-31 22:01:00,64.0,2022-05-31,2022,5,Tuesday,20:57,22:01,5,5,True,True,0,0,True,2022-05-31 20:53:00,2022-05-31 20:57:00,2022-05-31 22:01:00,2022-05-31 22:05:00,1838.062,1837.386,1836.663,1837.239,1838.335,1837.192,1837.808,1836.629,-0.7229999999999563
KNOWN_BOUNDARY,P30_C35_D64,2022-06-01 20:57:00,2022-06-01 22:01:00,64.0,2022-06-01,2022,6,Wednesday,20:57,22:01,5,5,True,True,0,0,True,2022-06-01 20:53:00,2022-06-01 20:57:00,2022-06-01 22:01:00,2022-06-01 22:05:00,1846.783,1846.55,1846.65,1846.715,1846.837,1846.451,1847.181,1846.65,0.10000000000013642
KNOWN_BOUNDARY,P30_C35_D64,2022-06-02 20:57:00,2022-06-02 22:01:00,64.0,2022-06-02,2022,6,Thursday,20:57,22:01,5,5,True,True,0,0,True,2022-06-02 20:53:00,2022-06-02 20:57:00,2022-06-02 22:01:00,2022-06-02 22:05:00,1868.156,1868.374,1868.98,1869.294,1868.619,1868.026,1869.416,1868.899,0.6059999999999945
KNOWN_BOUNDARY,P30_C35_D64,2022-06-06 20:57:00,2022-06-06 22:01:00,64.0,2022-06-06,2022,6,Monday,20:57,22:01,5,5,True,True,0,0,True,2022-06-06 20:53:00,2022-06-06 20:57:00,2022-06-06 22:01:00,2022-06-06 22:05:00,1842.081,1841.934,1841.216,1841.018,1842.148,1841.934,1841.28,1840.772,-0.7180000000000746
KNOWN_BOUNDARY,P30_C35_D64,2022-06-07 20:57:00,2022-06-07 22:01:00,64.0,2022-06-07,2022,6,Tuesday,20:57,22:01,5,5,True,True,0,0,True,2022-06-07 20:53:00,2022-06-07 20:57:00,2022-06-07 22:01:00,2022-06-07 22:05:00,1852.152,1852.223,1852.741,1852.486,1852.55,1851.644,1852.741,1852.486,0.5180000000000291
KNOWN_BOUNDARY,P30_C35_D64,2022-06-08 20:57:00,2022-06-08 22:01:00,64.0,2022-06-08,2022,6,Wednesday,20:57,22:01,5,5,True,True,0,0,True,2022-06-08 20:53:00,2022-06-08 20:57:00,2022-06-08 22:01:00,2022-06-08 22:05:00,1852.948,1852.462,1852.738,1852.824,1853.048,1852.462,1853.159,1852.444,0.2760000000000673
KNOWN_BOUNDARY,P30_C35_D64,2022-06-09 20:57:00,2022-06-09 22:01:00,64.0,2022-06-09,2022,6,Thursday,20:57,22:01,5,5,True,True,0,0,True,2022-06-09 20:53:00,2022-06-09 20:57:00,2022-06-09 22:01:00,2022-06-09 22:05:00,1847.761,1847.724,1848.003,1847.764,1848.052,1847.724,1848.069,1847.686,0.27899999999999636
KNOWN_BOUNDARY,P30_C35_D64,2022-06-13 20:57:00,2022-06-13 22:01:00,64.0,2022-06-13,2022,6,Monday,20:57,22:01,5,5,True,True,0,0,True,2022-06-13 20:53:00,2022-06-13 20:57:00,2022-06-13 22:01:00,2022-06-13 22:05:00,1819.429,1819.219,1820.52,1815.77,1819.579,1818.955,1820.52,1809.14,1.3009999999999309
KNOWN_BOUNDARY,P30_C35_D64,2022-06-14 20:57:00,2022-06-14 22:01:00,64.0,2022-06-14,2022,6,Tuesday,20:57,22:01,5,5,True,True,0,0,True,2022-06-14 20:53:00,2022-06-14 20:57:00,2022-06-14 22:01:00,2022-06-14 22:05:00,1809.73,1808.397,1808.511,1807.786,1809.743,1808.341,1808.543,1807.45,0.11400000000003274
KNOWN_BOUNDARY,P30_C35_D64,2022-06-15 20:57:00,2022-06-15 22:01:00,64.0,2022-06-15,2022,6,Wednesday,20:57,22:01,5,5,True,True,0,0,True,2022-06-15 20:53:00,2022-06-15 20:57:00,2022-06-15 22:01:00,2022-06-15 22:05:00,1835.104,1834.236,1833.391,1832.828,1835.181,1833.739,1833.557,1832.828,-0.8450000000000273
KNOWN_BOUNDARY,P30_C35_D64,2022-06-16 20:57:00,2022-06-16 22:01:00,64.0,2022-06-16,2022,6,Thursday,20:57,22:01,5,5,True,True,0,0,True,2022-06-16 20:53:00,2022-06-16 20:57:00,2022-06-16 22:01:00,2022-06-16 22:05:00,1856.898,1856.749,1855.704,1852.961,1857.493,1855.833,1855.821,1852.904,-1.0450000000000728
KNOWN_BOUNDARY,P30_C35_D64,2022-06-21 20:57:00,2022-06-21 22:01:00,64.0,2022-06-21,2022,6,Tuesday,20:57,22:01,5,5,True,True,0,0,True,2022-06-21 20:53:00,2022-06-21 20:57:00,2022-06-21 22:01:00,2022-06-21 22:05:00,1833.258,1833.353,1833.001,1832.143,1833.577,1832.953,1833.378,1831.935,-0.35200000000008913
KNOWN_BOUNDARY,P30_C35_D64,2022-06-22 20:57:00,2022-06-22 22:01:00,64.0,2022-06-22,2022,6,Wednesday,20:57,22:01,5,5,True,True,0,0,True,2022-06-22 20:53:00,2022-06-22 20:57:00,2022-06-22 22:01:00,2022-06-22 22:05:00,1837.935,1837.625,1837.706,1837.603,1838.366,1837.562,1837.969,1837.326,0.0809999999999036
KNOWN_BOUNDARY,P30_C35_D64,2022-06-23 20:57:00,2022-06-23 22:01:00,64.0,2022-06-23,2022,6,Thursday,20:57,22:01,5,5,True,True,0,0,True,2022-06-23 20:53:00,2022-06-23 20:57:00,2022-06-23 22:01:00,2022-06-23 22:05:00,1823.43,1822.588,1823.119,1824.37,1823.486,1822.588,1824.394,1823.105,0.5309999999999491
KNOWN_BOUNDARY,P30_C35_D64,2022-06-27 20:57:00,2022-06-27 22:01:00,64.0,2022-06-27,2022,6,Monday,20:57,22:01,5,5,True,True,0,0,True,2022-06-27 20:53:00,2022-06-27 20:57:00,2022-06-27 22:01:00,2022-06-27 22:05:00,1823.294,1822.639,1822.589,1822.406,1823.308,1822.639,1822.881,1822.406,-0.049999999999954525
KNOWN_BOUNDARY,P30_C35_D64,2022-06-28 20:57:00,2022-06-28 22:01:00,64.0,2022-06-28,2022,6,Tuesday,20:57,22:01,5,5,True,True,0,0,True,2022-06-28 20:53:00,2022-06-28 20:57:00,2022-06-28 22:01:00,2022-06-28 22:05:00,1820.644,1820.289,1819.977,1819.511,1820.822,1820.229,1820.212,1819.372,-0.31199999999989814
KNOWN_BOUNDARY,P30_C35_D64,2022-06-29 20:57:00,2022-06-29 22:01:00,64.0,2022-06-29,2022,6,Wednesday,20:57,22:01,5,5,True,True,0,0,True,2022-06-29 20:53:00,2022-06-29 20:57:00,2022-06-29 22:01:00,2022-06-29 22:05:00,1817.971,1817.663,1817.627,1818.052,1818.178,1817.584,1818.579,1817.627,-0.03600000000005821
KNOWN_BOUNDARY,P30_C35_D64,2022-06-30 20:57:00,2022-06-30 22:01:00,64.0,2022-06-30,2022,6,Thursday,20:57,22:01,5,5,True,True,0,0,True,2022-06-30 20:53:00,2022-06-30 20:57:00,2022-06-30 22:01:00,2022-06-30 22:05:00,1807.128,1807.31,1807.291,1806.775,1807.335,1807.007,1807.297,1806.508,-0.019000000000005457
KNOWN_BOUNDARY,P30_C35_D64,2022-07-05 20:57:00,2022-07-05 22:01:00,64.0,2022-07-05,2022,7,Tuesday,20:57,22:01,5,5,True,True,0,0,True,2022-07-05 20:53:00,2022-07-05 20:57:00,2022-07-05 22:01:00,2022-07-05 22:05:00,1765.803,1764.991,1766.42,1767.234,1765.965,1764.896,1767.268,1765.813,1.4290000000000873
KNOWN_BOUNDARY,P30_C35_D64,2022-07-06 20:57:00,2022-07-06 22:01:00,64.0,2022-07-06,2022,7,Wednesday,20:57,22:01,5,5,True,True,0,0,True,2022-07-06 20:53:00,2022-07-06 20:57:00,2022-07-06 22:01:00,2022-07-06 22:05:00,1738.832,1739.377,1739.695,1740.273,1739.513,1738.755,1740.561,1739.499,0.31799999999998363
KNOWN_BOUNDARY,P30_C35_D64,2022-07-07 20:57:00,2022-07-07 22:01:00,64.0,2022-07-07,2022,7,Thursday,20:57,22:01,5,5,True,True,0,0,True,2022-07-07 20:53:00,2022-07-07 20:57:00,2022-07-07 22:01:00,2022-07-07 22:05:00,1739.963,1740.098,1740.18,1740.589,1740.352,1739.63,1740.964,1740.18,0.08200000000010732
KNOWN_BOUNDARY,P30_C35_D64,2022-07-11 20:57:00,2022-07-11 22:01:00,64.0,2022-07-11,2022,7,Monday,20:57,22:01,5,5,True,True,0,0,True,2022-07-11 20:53:00,2022-07-11 20:57:00,2022-07-11 22:01:00,2022-07-11 22:05:00,1733.705,1733.707,1733.387,1733.399,1733.907,1733.67,1733.703,1733.315,-0.3200000000001637
KNOWN_BOUNDARY,P30_C35_D64,2022-07-12 20:57:00,2022-07-12 22:01:00,64.0,2022-07-12,2022,7,Tuesday,20:57,22:01,5,5,True,True,0,0,True,2022-07-12 20:53:00,2022-07-12 20:57:00,2022-07-12 22:01:00,2022-07-12 22:05:00,1726.103,1726.183,1725.989,1725.748,1726.392,1726.077,1726.246,1725.687,-0.19399999999995998
KNOWN_BOUNDARY,P30_C35_D64,2022-07-13 20:57:00,2022-07-13 22:01:00,64.0,2022-07-13,2022,7,Wednesday,20:57,22:01,5,5,True,True,0,0,True,2022-07-13 20:53:00,2022-07-13 20:57:00,2022-07-13 22:01:00,2022-07-13 22:05:00,1735.456,1735.601,1735.562,1736.026,1735.654,1735.392,1736.233,1735.386,-0.03900000000021464
KNOWN_BOUNDARY,P30_C35_D64,2022-07-14 20:57:00,2022-07-14 22:01:00,64.0,2022-07-14,2022,7,Thursday,20:57,22:01,5,5,True,True,0,0,True,2022-07-14 20:53:00,2022-07-14 20:57:00,2022-07-14 22:01:00,2022-07-14 22:05:00,1710.811,1709.911,1710.902,1710.675,1710.918,1709.836,1711.406,1710.202,0.9909999999999854
KNOWN_BOUNDARY,P30_C35_D64,2022-07-18 20:57:00,2022-07-18 22:01:00,64.0,2022-07-18,2022,7,Monday,20:57,22:01,5,5,True,True,0,0,True,2022-07-18 20:53:00,2022-07-18 20:57:00,2022-07-18 22:01:00,2022-07-18 22:05:00,1709.108,1709.195,1709.409,1710.099,1709.301,1708.898,1710.116,1709.345,0.21400000000016917
KNOWN_BOUNDARY,P30_C35_D64,2022-07-19 20:57:00,2022-07-19 22:01:00,64.0,2022-07-19,2022,7,Tuesday,20:57,22:01,5,5,True,True,0,0,True,2022-07-19 20:53:00,2022-07-19 20:57:00,2022-07-19 22:01:00,2022-07-19 22:05:00,1711.717,1711.487,1711.708,1711.271,1711.717,1711.069,1711.708,1711.104,0.22100000000000364
KNOWN_BOUNDARY,P30_C35_D64,2022-07-20 20:57:00,2022-07-20 22:01:00,64.0,2022-07-20,2022,7,Wednesday,20:57,22:01,5,5,True,True,0,0,True,2022-07-20 20:53:00,2022-07-20 20:57:00,2022-07-20 22:01:00,2022-07-20 22:05:00,1696.727,1696.707,1696.686,1696.734,1696.95,1696.28,1696.786,1696.192,-0.021000000000185537
KNOWN_BOUNDARY,P30_C35_D64,2022-07-21 20:57:00,2022-07-21 22:01:00,64.0,2022-07-21,2022,7,Thursday,20:57,22:01,5,5,True,True,0,0,True,2022-07-21 20:53:00,2022-07-21 20:57:00,2022-07-21 22:01:00,2022-07-21 22:05:00,1719.633,1719.069,1718.099,1717.972,1720.269,1719.065,1718.347,1717.678,-0.9700000000000273
KNOWN_BOUNDARY,P30_C35_D64,2022-07-25 20:57:00,2022-07-25 22:01:00,64.0,2022-07-25,2022,7,Monday,20:57,22:01,5,5,True,True,0,0,True,2022-07-25 20:53:00,2022-07-25 20:57:00,2022-07-25 22:01:00,2022-07-25 22:05:00,1719.238,1719.705,1719.189,1719.122,1719.788,1719.238,1719.308,1718.891,-0.515999999999849
KNOWN_BOUNDARY,P30_C35_D64,2022-07-26 20:57:00,2022-07-26 22:01:00,64.0,2022-07-26,2022,7,Tuesday,20:57,22:01,5,5,True,True,0,0,True,2022-07-26 20:53:00,2022-07-26 20:57:00,2022-07-26 22:01:00,2022-07-26 22:05:00,1716.962,1717.226,1717.539,1717.738,1717.351,1716.936,1718.015,1717.396,0.3129999999998745
KNOWN_BOUNDARY,P30_C35_D64,2022-07-27 20:57:00,2022-07-27 22:01:00,64.0,2022-07-27,2022,7,Wednesday,20:57,22:01,5,5,True,True,0,0,True,2022-07-27 20:53:00,2022-07-27 20:57:00,2022-07-27 22:01:00,2022-07-27 22:05:00,1735.346,1734.524,1734.355,1734.218,1735.495,1734.402,1734.879,1734.082,-0.16899999999986903
KNOWN_BOUNDARY,P30_C35_D64,2022-07-28 20:57:00,2022-07-28 22:01:00,64.0,2022-07-28,2022,7,Thursday,20:57,22:01,5,5,True,True,0,0,True,2022-07-28 20:53:00,2022-07-28 20:57:00,2022-07-28 22:01:00,2022-07-28 22:05:00,1756.596,1755.957,1755.673,1755.381,1756.629,1755.906,1755.673,1755.086,-0.2840000000001055
KNOWN_BOUNDARY,P30_C35_D64,2022-08-01 20:57:00,2022-08-01 22:01:00,64.0,2022-08-01,2022,8,Monday,20:57,22:01,5,5,True,True,0,0,True,2022-08-01 20:53:00,2022-08-01 20:57:00,2022-08-01 22:01:00,2022-08-01 22:05:00,1772.027,1771.988,1771.981,1771.878,1772.131,1771.835,1771.981,1771.535,-0.007000000000061846
KNOWN_BOUNDARY,P30_C35_D64,2022-08-02 20:57:00,2022-08-02 22:01:00,64.0,2022-08-02,2022,8,Tuesday,20:57,22:01,5,5,True,True,0,0,True,2022-08-02 20:53:00,2022-08-02 20:57:00,2022-08-02 22:01:00,2022-08-02 22:05:00,1762.019,1760.935,1761.814,1761.992,1762.083,1760.825,1761.992,1761.197,0.8790000000001328
KNOWN_BOUNDARY,P30_C35_D64,2022-08-03 20:57:00,2022-08-03 22:01:00,64.0,2022-08-03,2022,8,Wednesday,20:57,22:01,5,5,True,True,0,0,True,2022-08-03 20:53:00,2022-08-03 20:57:00,2022-08-03 22:01:00,2022-08-03 22:05:00,1765.738,1765.398,1765.518,1765.341,1765.985,1765.273,1765.63,1765.135,0.12000000000011823
KNOWN_BOUNDARY,P30_C35_D64,2022-08-04 20:57:00,2022-08-04 22:01:00,64.0,2022-08-04,2022,8,Thursday,20:57,22:01,5,5,True,True,0,0,True,2022-08-04 20:53:00,2022-08-04 20:57:00,2022-08-04 22:01:00,2022-08-04 22:05:00,1790.907,1790.883,1790.918,1790.53,1791.104,1790.679,1791.122,1790.518,0.03499999999985448
KNOWN_BOUNDARY,P30_C35_D64,2022-08-08 20:57:00,2022-08-08 22:01:00,64.0,2022-08-08,2022,8,Monday,20:57,22:01,5,5,True,True,0,0,True,2022-08-08 20:53:00,2022-08-08 20:57:00,2022-08-08 22:01:00,2022-08-08 22:05:00,1789.288,1789.37,1788.816,1788.616,1789.539,1789.186,1788.929,1788.577,-0.5539999999998599
KNOWN_BOUNDARY,P30_C35_D64,2022-08-09 20:57:00,2022-08-09 22:01:00,64.0,2022-08-09,2022,8,Tuesday,20:57,22:01,5,5,True,True,0,0,True,2022-08-09 20:53:00,2022-08-09 20:57:00,2022-08-09 22:01:00,2022-08-09 22:05:00,1794.013,1794.402,1794.739,1794.073,1794.577,1793.932,1794.741,1793.965,0.3369999999999891
KNOWN_BOUNDARY,P30_C35_D64,2022-08-10 20:57:00,2022-08-10 22:01:00,64.0,2022-08-10,2022,8,Wednesday,20:57,22:01,5,5,True,True,0,0,True,2022-08-10 20:53:00,2022-08-10 20:57:00,2022-08-10 22:01:00,2022-08-10 22:05:00,1792.084,1792.236,1792.217,1792.226,1792.261,1791.919,1792.881,1792.014,-0.019000000000005457
KNOWN_BOUNDARY,P30_C35_D64,2022-08-11 20:57:00,2022-08-11 22:01:00,64.0,2022-08-11,2022,8,Thursday,20:57,22:01,5,5,True,True,0,0,True,2022-08-11 20:53:00,2022-08-11 20:57:00,2022-08-11 22:01:00,2022-08-11 22:05:00,1789.442,1789.427,1789.691,1789.974,1790.133,1789.375,1789.974,1789.601,0.2640000000001237
KNOWN_BOUNDARY,P30_C35_D64,2022-08-15 20:57:00,2022-08-15 22:01:00,64.0,2022-08-15,2022,8,Monday,20:57,22:01,5,5,True,True,0,0,True,2022-08-15 20:53:00,2022-08-15 20:57:00,2022-08-15 22:01:00,2022-08-15 22:05:00,1778.79,1779.481,1779.853,1779.123,1779.514,1778.542,1779.918,1779.123,0.37200000000007094
KNOWN_BOUNDARY,P30_C35_D64,2022-08-16 20:57:00,2022-08-16 22:01:00,64.0,2022-08-16,2022,8,Tuesday,20:57,22:01,5,5,True,True,0,0,True,2022-08-16 20:53:00,2022-08-16 20:57:00,2022-08-16 22:01:00,2022-08-16 22:05:00,1775.514,1775.705,1775.717,1775.649,1775.909,1775.456,1775.98,1775.648,0.012000000000170985
KNOWN_BOUNDARY,P30_C35_D64,2022-08-17 20:57:00,2022-08-17 22:01:00,64.0,2022-08-17,2022,8,Wednesday,20:57,22:01,5,5,True,True,0,0,True,2022-08-17 20:53:00,2022-08-17 20:57:00,2022-08-17 22:01:00,2022-08-17 22:05:00,1762.423,1762.152,1762.335,1762.618,1762.521,1762.035,1762.794,1762.207,0.18299999999999272
KNOWN_BOUNDARY,P30_C35_D64,2022-08-18 20:57:00,2022-08-18 22:01:00,64.0,2022-08-18,2022,8,Thursday,20:57,22:01,5,5,True,True,0,0,True,2022-08-18 20:53:00,2022-08-18 20:57:00,2022-08-18 22:01:00,2022-08-18 22:05:00,1758.559,1758.313,1759.072,1758.897,1758.656,1758.224,1759.222,1758.842,0.7589999999997872
KNOWN_BOUNDARY,P30_C35_D64,2022-08-22 20:57:00,2022-08-22 22:01:00,64.0,2022-08-22,2022,8,Monday,20:57,22:01,5,5,True,True,0,0,True,2022-08-22 20:53:00,2022-08-22 20:57:00,2022-08-22 22:01:00,2022-08-22 22:05:00,1735.482,1735.848,1735.952,1735.928,1736.048,1735.473,1735.962,1735.546,0.10400000000004184
KNOWN_BOUNDARY,P30_C35_D64,2022-08-23 20:57:00,2022-08-23 22:01:00,64.0,2022-08-23,2022,8,Tuesday,20:57,22:01,5,5,True,True,0,0,True,2022-08-23 20:53:00,2022-08-23 20:57:00,2022-08-23 22:01:00,2022-08-23 22:05:00,1748.492,1747.9,1747.998,1747.376,1748.496,1747.9,1747.998,1747.341,0.09799999999995634
KNOWN_BOUNDARY,P30_C35_D64,2022-08-24 20:57:00,2022-08-24 22:01:00,64.0,2022-08-24,2022,8,Wednesday,20:57,22:01,5,5,True,True,0,0,True,2022-08-24 20:53:00,2022-08-24 20:57:00,2022-08-24 22:01:00,2022-08-24 22:05:00,1751.757,1751.532,1750.905,1751.348,1752.466,1751.518,1751.416,1750.872,-0.6269999999999527
KNOWN_BOUNDARY,P30_C35_D64,2022-08-25 20:57:00,2022-08-25 22:01:00,64.0,2022-08-25,2022,8,Thursday,20:57,22:01,5,5,True,True,0,0,True,2022-08-25 20:53:00,2022-08-25 20:57:00,2022-08-25 22:01:00,2022-08-25 22:05:00,1758.2,1758.333,1758.575,1757.985,1758.472,1758.074,1758.925,1757.882,0.2419999999999618
KNOWN_BOUNDARY,P30_C35_D64,2022-08-29 20:57:00,2022-08-29 22:01:00,64.0,2022-08-29,2022,8,Monday,20:57,22:01,5,5,True,True,0,0,True,2022-08-29 20:53:00,2022-08-29 20:57:00,2022-08-29 22:01:00,2022-08-29 22:05:00,1737.706,1737.423,1737.544,1737.856,1737.862,1737.417,1738.054,1737.477,0.12100000000009459
KNOWN_BOUNDARY,P30_C35_D64,2022-08-30 20:57:00,2022-08-30 22:01:00,64.0,2022-08-30,2022,8,Tuesday,20:57,22:01,5,5,True,True,0,0,True,2022-08-30 20:53:00,2022-08-30 20:57:00,2022-08-30 22:01:00,2022-08-30 22:05:00,1724.211,1724.286,1723.266,1723.159,1724.472,1724.211,1723.748,1723.159,-1.0199999999999818
KNOWN_BOUNDARY,P30_C35_D64,2022-08-31 20:57:00,2022-08-31 22:01:00,64.0,2022-08-31,2022,8,Wednesday,20:57,22:01,5,5,True,True,0,0,True,2022-08-31 20:53:00,2022-08-31 20:57:00,2022-08-31 22:01:00,2022-08-31 22:05:00,1710.484,1711.027,1710.961,1711.051,1711.033,1710.428,1711.117,1710.795,-0.06600000000003092
KNOWN_BOUNDARY,P30_C35_D64,2022-09-01 20:57:00,2022-09-01 22:01:00,64.0,2022-09-01,2022,9,Thursday,20:57,22:01,5,5,True,True,0,0,True,2022-09-01 20:53:00,2022-09-01 20:57:00,2022-09-01 22:01:00,2022-09-01 22:05:00,1696.994,1697.245,1696.839,1696.997,1697.406,1696.932,1697.712,1696.839,-0.40599999999994907
KNOWN_BOUNDARY,P30_C35_D64,2022-09-06 20:57:00,2022-09-06 22:01:00,64.0,2022-09-06,2022,9,Tuesday,20:57,22:01,5,5,True,True,0,0,True,2022-09-06 20:53:00,2022-09-06 20:57:00,2022-09-06 22:01:00,2022-09-06 22:05:00,1701.568,1701.696,1701.881,1702.35,1701.752,1701.454,1702.35,1701.742,0.1850000000001728
KNOWN_BOUNDARY,P30_C35_D64,2022-09-07 20:57:00,2022-09-07 22:01:00,64.0,2022-09-07,2022,9,Wednesday,20:57,22:01,5,5,True,True,0,0,True,2022-09-07 20:53:00,2022-09-07 20:57:00,2022-09-07 22:01:00,2022-09-07 22:05:00,1719.002,1718.317,1718.221,1718.346,1719.426,1718.317,1719.091,1718.219,-0.09600000000000364
KNOWN_BOUNDARY,P30_C35_D64,2022-09-08 20:57:00,2022-09-08 22:01:00,64.0,2022-09-08,2022,9,Thursday,20:57,22:01,5,5,True,True,0,0,True,2022-09-08 20:53:00,2022-09-08 20:57:00,2022-09-08 22:01:00,2022-09-08 22:05:00,1708.52,1708.689,1708.587,1708.728,1709.003,1708.516,1708.741,1708.497,-0.10200000000008913
KNOWN_BOUNDARY,P30_C35_D64,2022-09-12 20:57:00,2022-09-12 22:01:00,64.0,2022-09-12,2022,9,Monday,20:57,22:01,5,5,True,True,0,0,True,2022-09-12 20:53:00,2022-09-12 20:57:00,2022-09-12 22:01:00,2022-09-12 22:05:00,1724.824,1724.498,1724.821,1724.653,1724.929,1724.227,1724.875,1724.397,0.3229999999998654
KNOWN_BOUNDARY,P30_C35_D64,2022-09-13 20:57:00,2022-09-13 22:01:00,64.0,2022-09-13,2022,9,Tuesday,20:57,22:01,5,5,True,True,0,0,True,2022-09-13 20:53:00,2022-09-13 20:57:00,2022-09-13 22:01:00,2022-09-13 22:05:00,1702.553,1702.39,1701.43,1700.728,1702.553,1701.92,1701.716,1700.657,-0.9600000000000364
KNOWN_BOUNDARY,P30_C35_D64,2022-09-14 20:57:00,2022-09-14 22:01:00,64.0,2022-09-14,2022,9,Wednesday,20:57,22:01,5,5,True,True,0,0,True,2022-09-14 20:53:00,2022-09-14 20:57:00,2022-09-14 22:01:00,2022-09-14 22:05:00,1696.891,1697.324,1697.249,1697.238,1697.344,1696.693,1697.741,1697.124,-0.07500000000004547
KNOWN_BOUNDARY,P30_C35_D64,2022-09-15 20:57:00,2022-09-15 22:01:00,64.0,2022-09-15,2022,9,Thursday,20:57,22:01,5,5,True,True,0,0,True,2022-09-15 20:53:00,2022-09-15 20:57:00,2022-09-15 22:01:00,2022-09-15 22:05:00,1664.58,1664.514,1664.879,1664.086,1664.58,1663.752,1665.375,1664.086,0.3650000000000091
KNOWN_BOUNDARY,P30_C35_D64,2022-09-19 20:57:00,2022-09-19 22:01:00,64.0,2022-09-19,2022,9,Monday,20:57,22:01,5,5,True,True,0,0,True,2022-09-19 20:53:00,2022-09-19 20:57:00,2022-09-19 22:01:00,2022-09-19 22:05:00,1675.62,1675.58,1675.701,1675.541,1675.678,1675.305,1675.86,1675.437,0.12100000000009459
KNOWN_BOUNDARY,P30_C35_D64,2022-09-20 20:57:00,2022-09-20 22:01:00,64.0,2022-09-20,2022,9,Tuesday,20:57,22:01,5,5,True,True,0,0,True,2022-09-20 20:53:00,2022-09-20 20:57:00,2022-09-20 22:01:00,2022-09-20 22:05:00,1664.864,1664.833,1664.883,1664.872,1665.013,1664.824,1664.991,1664.512,0.049999999999954525
KNOWN_BOUNDARY,P30_C35_D64,2022-09-21 20:57:00,2022-09-21 22:01:00,64.0,2022-09-21,2022,9,Wednesday,20:57,22:01,5,5,True,True,0,0,True,2022-09-21 20:53:00,2022-09-21 20:57:00,2022-09-21 22:01:00,2022-09-21 22:05:00,1674.456,1673.717,1673.22,1671.441,1674.709,1673.586,1673.22,1670.772,-0.49700000000007094
KNOWN_BOUNDARY,P30_C35_D64,2022-09-22 20:57:00,2022-09-22 22:01:00,64.0,2022-09-22,2022,9,Thursday,20:57,22:01,5,5,True,True,0,0,True,2022-09-22 20:53:00,2022-09-22 20:57:00,2022-09-22 22:01:00,2022-09-22 22:05:00,1671.344,1671.221,1671.406,1671.235,1671.573,1671.164,1671.545,1671.2,0.18499999999994543
KNOWN_BOUNDARY,P30_C35_D64,2022-09-26 20:57:00,2022-09-26 22:01:00,64.0,2022-09-26,2022,9,Monday,20:57,22:01,5,5,True,True,0,0,True,2022-09-26 20:53:00,2022-09-26 20:57:00,2022-09-26 22:01:00,2022-09-26 22:05:00,1623.413,1622.928,1622.784,1624.425,1623.828,1622.78,1624.556,1622.784,-0.14400000000000546
KNOWN_BOUNDARY,P30_C35_D64,2022-09-27 20:57:00,2022-09-27 22:01:00,64.0,2022-09-27,2022,9,Tuesday,20:57,22:01,5,5,True,True,0,0,True,2022-09-27 20:53:00,2022-09-27 20:57:00,2022-09-27 22:01:00,2022-09-27 22:05:00,1629.47,1629.248,1629.799,1629.398,1629.523,1628.944,1630.317,1629.371,0.5509999999999309
KNOWN_BOUNDARY,P30_C35_D64,2022-09-28 20:57:00,2022-09-28 22:01:00,64.0,2022-09-28,2022,9,Wednesday,20:57,22:01,5,5,True,True,0,0,True,2022-09-28 20:53:00,2022-09-28 20:57:00,2022-09-28 22:01:00,2022-09-28 22:05:00,1659.846,1659.832,1659.695,1659.128,1659.949,1659.454,1659.695,1658.634,-0.13700000000017099
KNOWN_BOUNDARY,P30_C35_D64,2022-09-29 20:57:00,2022-09-29 22:01:00,64.0,2022-09-29,2022,9,Thursday,20:57,22:01,5,5,True,True,0,0,True,2022-09-29 20:53:00,2022-09-29 20:57:00,2022-09-29 22:01:00,2022-09-29 22:05:00,1660.201,1660.818,1660.718,1662.061,1660.818,1660.18,1662.274,1660.577,-0.09999999999990905
KNOWN_BOUNDARY,P30_C35_D64,2022-10-03 20:57:00,2022-10-03 22:01:00,64.0,2022-10-03,2022,10,Monday,20:57,22:01,5,5,True,True,0,0,True,2022-10-03 20:53:00,2022-10-03 20:57:00,2022-10-03 22:01:00,2022-10-03 22:05:00,1698.894,1699.783,1698.295,1698.873,1699.783,1698.827,1699.266,1698.212,-1.487999999999829
KNOWN_BOUNDARY,P30_C35_D64,2022-10-04 20:57:00,2022-10-04 22:01:00,64.0,2022-10-04,2022,10,Tuesday,20:57,22:01,5,5,True,True,0,0,True,2022-10-04 20:53:00,2022-10-04 20:57:00,2022-10-04 22:01:00,2022-10-04 22:05:00,1726.116,1726.347,1724.935,1724.807,1726.401,1725.852,1725.112,1724.659,-1.4120000000000346
KNOWN_BOUNDARY,P30_C35_D64,2022-10-05 20:57:00,2022-10-05 22:01:00,64.0,2022-10-05,2022,10,Wednesday,20:57,22:01,5,5,True,True,0,0,True,2022-10-05 20:53:00,2022-10-05 20:57:00,2022-10-05 22:01:00,2022-10-05 22:05:00,1716.39,1716.118,1715.973,1715.046,1716.64,1716.118,1716.259,1714.938,-0.1449999999999818
KNOWN_BOUNDARY,P30_C35_D64,2022-10-06 20:57:00,2022-10-06 22:01:00,64.0,2022-10-06,2022,10,Thursday,20:57,22:01,5,5,True,True,0,0,True,2022-10-06 20:53:00,2022-10-06 20:57:00,2022-10-06 22:01:00,2022-10-06 22:05:00,1712.751,1712.736,1712.346,1711.594,1712.959,1712.457,1712.382,1711.592,-0.39000000000010004
KNOWN_BOUNDARY,P30_C35_D64,2022-10-10 20:57:00,2022-10-10 22:01:00,64.0,2022-10-10,2022,10,Monday,20:57,22:01,5,5,True,True,0,0,True,2022-10-10 20:53:00,2022-10-10 20:57:00,2022-10-10 22:01:00,2022-10-10 22:05:00,1668.071,1668.183,1668.589,1668.362,1668.406,1668.071,1668.697,1667.985,0.40599999999994907
KNOWN_BOUNDARY,P30_C35_D64,2022-10-11 20:57:00,2022-10-11 22:01:00,64.0,2022-10-11,2022,10,Tuesday,20:57,22:01,5,5,True,True,0,0,True,2022-10-11 20:53:00,2022-10-11 20:57:00,2022-10-11 22:01:00,2022-10-11 22:05:00,1666.196,1666.066,1666.304,1666.492,1666.456,1665.944,1666.532,1666.016,0.2380000000000564
KNOWN_BOUNDARY,P30_C35_D64,2022-10-12 20:57:00,2022-10-12 22:01:00,64.0,2022-10-12,2022,10,Wednesday,20:57,22:01,5,5,True,True,0,0,True,2022-10-12 20:53:00,2022-10-12 20:57:00,2022-10-12 22:01:00,2022-10-12 22:05:00,1673.003,1673.05,1673.732,1673.668,1673.186,1673.0,1674.112,1673.488,0.6820000000000164
KNOWN_BOUNDARY,P30_C35_D64,2022-10-13 20:57:00,2022-10-13 22:01:00,64.0,2022-10-13,2022,10,Thursday,20:57,22:01,5,5,True,True,0,0,True,2022-10-13 20:53:00,2022-10-13 20:57:00,2022-10-13 22:01:00,2022-10-13 22:05:00,1665.901,1666.064,1666.352,1665.767,1666.139,1665.82,1666.396,1665.624,0.2880000000000109
KNOWN_BOUNDARY,P30_C35_D64,2022-10-17 20:57:00,2022-10-17 22:01:00,64.0,2022-10-17,2022,10,Monday,20:57,22:01,5,5,True,True,0,0,True,2022-10-17 20:53:00,2022-10-17 20:57:00,2022-10-17 22:01:00,2022-10-17 22:05:00,1650.546,1650.741,1650.43,1650.767,1650.931,1650.473,1650.848,1650.216,-0.3109999999999218
KNOWN_BOUNDARY,P30_C35_D64,2022-10-18 20:57:00,2022-10-18 22:01:00,64.0,2022-10-18,2022,10,Tuesday,20:57,22:01,5,5,True,True,0,0,True,2022-10-18 20:53:00,2022-10-18 20:57:00,2022-10-18 22:01:00,2022-10-18 22:05:00,1651.45,1651.651,1651.937,1652.198,1651.653,1651.246,1652.223,1651.773,0.28599999999983083
KNOWN_BOUNDARY,P30_C35_D64,2022-10-19 20:57:00,2022-10-19 22:01:00,64.0,2022-10-19,2022,10,Wednesday,20:57,22:01,5,5,True,True,0,0,True,2022-10-19 20:53:00,2022-10-19 20:57:00,2022-10-19 22:01:00,2022-10-19 22:05:00,1628.904,1628.859,1629.325,1629.328,1629.095,1628.697,1629.697,1629.159,0.4660000000001219
KNOWN_BOUNDARY,P30_C35_D64,2022-10-20 20:57:00,2022-10-20 22:01:00,64.0,2022-10-20,2022,10,Thursday,20:57,22:01,5,5,True,True,0,0,True,2022-10-20 20:53:00,2022-10-20 20:57:00,2022-10-20 22:01:00,2022-10-20 22:05:00,1628.147,1628.15,1628.072,1627.987,1628.214,1627.434,1628.344,1627.985,-0.07800000000020191
KNOWN_BOUNDARY,P30_C35_D64,2022-10-24 20:57:00,2022-10-24 22:01:00,64.0,2022-10-24,2022,10,Monday,20:57,22:01,5,5,True,True,0,0,True,2022-10-24 20:53:00,2022-10-24 20:57:00,2022-10-24 22:01:00,2022-10-24 22:05:00,1649.593,1649.416,1649.853,1649.923,1649.643,1649.344,1650.148,1649.59,0.4370000000001255
KNOWN_BOUNDARY,P30_C35_D64,2022-10-25 20:57:00,2022-10-25 22:01:00,64.0,2022-10-25,2022,10,Tuesday,20:57,22:01,5,5,True,True,0,0,True,2022-10-25 20:53:00,2022-10-25 20:57:00,2022-10-25 22:01:00,2022-10-25 22:05:00,1653.123,1652.887,1652.271,1651.802,1653.16,1652.788,1652.518,1651.708,-0.6159999999999854
KNOWN_BOUNDARY,P30_C35_D64,2022-10-26 20:57:00,2022-10-26 22:01:00,64.0,2022-10-26,2022,10,Wednesday,20:57,22:01,5,5,True,True,0,0,True,2022-10-26 20:53:00,2022-10-26 20:57:00,2022-10-26 22:01:00,2022-10-26 22:05:00,1664.409,1665.045,1664.119,1664.236,1665.253,1664.191,1664.351,1663.989,-0.9260000000001583
KNOWN_BOUNDARY,P30_C35_D64,2022-10-27 20:57:00,2022-10-27 22:01:00,64.0,2022-10-27,2022,10,Thursday,20:57,22:01,5,5,True,True,0,0,True,2022-10-27 20:53:00,2022-10-27 20:57:00,2022-10-27 22:01:00,2022-10-27 22:05:00,1662.247,1663.198,1662.607,1661.787,1663.376,1662.213,1663.194,1661.65,-0.5910000000001219
KNOWN_BOUNDARY,P30_C35_D64,2022-10-31 20:57:00,2022-10-31 22:01:00,64.0,2022-10-31,2022,10,Monday,20:57,22:01,5,5,True,True,0,0,True,2022-10-31 20:53:00,2022-10-31 20:57:00,2022-10-31 22:01:00,2022-10-31 22:05:00,1633.369,1633.577,1632.83,1632.745,1633.659,1633.366,1632.941,1632.532,-0.7470000000000709
KNOWN_BOUNDARY,P30_C35_D64,2022-11-01 20:57:00,2022-11-01 22:01:00,64.0,2022-11-01,2022,11,Tuesday,20:57,22:01,5,5,True,True,0,0,True,2022-11-01 20:53:00,2022-11-01 20:57:00,2022-11-01 22:01:00,2022-11-01 22:05:00,1647.663,1647.852,1647.626,1646.57,1647.932,1647.588,1648.122,1646.225,-0.22600000000011278
KNOWN_BOUNDARY,P30_C35_D64,2022-11-02 20:57:00,2022-11-02 22:01:00,64.0,2022-11-02,2022,11,Wednesday,20:57,22:01,5,5,True,True,0,0,True,2022-11-02 20:53:00,2022-11-02 20:57:00,2022-11-02 22:01:00,2022-11-02 22:05:00,1635.123,1635.047,1634.885,1634.866,1635.208,1634.716,1635.363,1634.189,-0.16200000000003456
KNOWN_BOUNDARY,P30_C35_D64,2022-11-03 20:57:00,2022-11-03 22:01:00,64.0,2022-11-03,2022,11,Thursday,20:57,22:01,5,5,True,True,0,0,True,2022-11-03 20:53:00,2022-11-03 20:57:00,2022-11-03 22:01:00,2022-11-03 22:05:00,1629.423,1629.493,1629.232,1629.294,1629.586,1629.243,1629.399,1628.616,-0.26099999999996726
KNOWN_BOUNDARY,P33_C39_D64,2022-11-07 21:57:00,2022-11-07 23:01:00,64.0,2022-11-07,2022,11,Monday,21:57,23:01,5,5,True,True,0,0,True,2022-11-07 21:53:00,2022-11-07 21:57:00,2022-11-07 23:01:00,2022-11-07 23:05:00,1675.018,1675.298,1675.034,1674.433,1675.385,1675.018,1675.076,1674.311,-0.2639999999998963
KNOWN_BOUNDARY,P33_C39_D64,2022-11-08 21:57:00,2022-11-08 23:01:00,64.0,2022-11-08,2022,11,Tuesday,21:57,23:01,5,5,True,True,0,0,True,2022-11-08 21:53:00,2022-11-08 21:57:00,2022-11-08 23:01:00,2022-11-08 23:05:00,1712.309,1712.441,1711.556,1711.084,1712.473,1712.027,1712.363,1711.084,-0.8849999999999909
KNOWN_BOUNDARY,P33_C39_D64,2022-11-09 21:57:00,2022-11-09 23:01:00,64.0,2022-11-09,2022,11,Wednesday,21:57,23:01,5,5,True,True,0,0,True,2022-11-09 21:53:00,2022-11-09 21:57:00,2022-11-09 23:01:00,2022-11-09 23:05:00,1706.752,1706.589,1706.241,1706.015,1707.107,1706.499,1706.326,1705.912,-0.34799999999995634
KNOWN_BOUNDARY,P33_C39_D64,2022-11-10 21:57:00,2022-11-10 23:01:00,64.0,2022-11-10,2022,11,Thursday,21:57,23:01,5,5,True,True,0,0,True,2022-11-10 21:53:00,2022-11-10 21:57:00,2022-11-10 23:01:00,2022-11-10 23:05:00,1754.591,1755.638,1754.058,1752.895,1755.854,1754.404,1754.194,1752.88,-1.5799999999999272
KNOWN_BOUNDARY,P33_C39_D64,2022-11-14 21:57:00,2022-11-14 23:01:00,64.0,2022-11-14,2022,11,Monday,21:57,23:01,5,5,True,True,0,0,True,2022-11-14 21:53:00,2022-11-14 21:57:00,2022-11-14 23:01:00,2022-11-14 23:05:00,1771.773,1771.373,1770.414,1770.486,1771.853,1771.183,1770.788,1770.013,-0.95900000000006
KNOWN_BOUNDARY,P33_C39_D64,2022-11-15 21:57:00,2022-11-15 23:01:00,64.0,2022-11-15,2022,11,Tuesday,21:57,23:01,5,5,True,True,0,0,True,2022-11-15 21:53:00,2022-11-15 21:57:00,2022-11-15 23:01:00,2022-11-15 23:05:00,1778.057,1778.672,1777.857,1778.47,1779.039,1777.879,1778.572,1777.326,-0.8150000000000546
KNOWN_BOUNDARY,P33_C39_D64,2022-11-16 21:57:00,2022-11-16 23:01:00,64.0,2022-11-16,2022,11,Wednesday,21:57,23:01,5,5,True,True,0,0,True,2022-11-16 21:53:00,2022-11-16 21:57:00,2022-11-16 23:01:00,2022-11-16 23:05:00,1773.622,1773.623,1773.678,1773.127,1773.749,1773.418,1773.989,1773.125,0.055000000000063665
KNOWN_BOUNDARY,P33_C39_D64,2022-11-17 21:57:00,2022-11-17 23:01:00,64.0,2022-11-17,2022,11,Thursday,21:57,23:01,5,5,True,True,0,0,True,2022-11-17 21:53:00,2022-11-17 21:57:00,2022-11-17 23:01:00,2022-11-17 23:05:00,1760.517,1760.449,1760.608,1760.508,1760.715,1760.313,1760.775,1760.202,0.15899999999987813
KNOWN_BOUNDARY,P33_C39_D64,2022-11-21 21:57:00,2022-11-21 23:01:00,64.0,2022-11-21,2022,11,Monday,21:57,23:01,5,5,True,True,0,0,True,2022-11-21 21:53:00,2022-11-21 21:57:00,2022-11-21 23:01:00,2022-11-21 23:05:00,1738.141,1738.168,1738.697,1738.789,1738.681,1738.126,1739.257,1738.347,0.5289999999999964
KNOWN_BOUNDARY,P33_C39_D64,2022-11-22 21:57:00,2022-11-22 23:01:00,64.0,2022-11-22,2022,11,Tuesday,21:57,23:01,5,5,True,True,0,0,True,2022-11-22 21:53:00,2022-11-22 21:57:00,2022-11-22 23:01:00,2022-11-22 23:05:00,1739.982,1739.954,1740.078,1740.015,1740.06,1739.768,1740.262,1739.79,0.12400000000002365
KNOWN_BOUNDARY,P33_C39_D64,2022-11-23 21:57:00,2022-11-23 23:01:00,64.0,2022-11-23,2022,11,Wednesday,21:57,23:01,5,5,True,True,0,0,True,2022-11-23 21:53:00,2022-11-23 21:57:00,2022-11-23 23:01:00,2022-11-23 23:05:00,1749.542,1749.5,1749.305,1749.81,1749.588,1749.314,1750.057,1749.151,-0.19499999999993634
KNOWN_BOUNDARY,P33_C39_D64,2022-11-28 21:57:00,2022-11-28 23:01:00,64.0,2022-11-28,2022,11,Monday,21:57,23:01,5,5,True,True,0,0,True,2022-11-28 21:53:00,2022-11-28 21:57:00,2022-11-28 23:01:00,2022-11-28 23:05:00,1740.84,1741.676,1740.593,1741.003,1742.005,1740.73,1741.11,1739.634,-1.0829999999998563
KNOWN_BOUNDARY,P33_C39_D64,2022-11-29 21:57:00,2022-11-29 23:01:00,64.0,2022-11-29,2022,11,Tuesday,21:57,23:01,5,5,True,True,0,0,True,2022-11-29 21:53:00,2022-11-29 21:57:00,2022-11-29 23:01:00,2022-11-29 23:05:00,1749.876,1749.534,1749.338,1748.894,1749.962,1749.493,1749.478,1748.894,-0.19600000000014006
KNOWN_BOUNDARY,P33_C39_D64,2022-11-30 21:57:00,2022-11-30 23:01:00,64.0,2022-11-30,2022,11,Wednesday,21:57,23:01,5,5,True,True,0,0,True,2022-11-30 21:53:00,2022-11-30 21:57:00,2022-11-30 23:01:00,2022-11-30 23:05:00,1768.238,1768.18,1768.688,1770.409,1768.377,1768.117,1770.982,1768.387,0.5080000000000382
KNOWN_BOUNDARY,P33_C39_D64,2022-12-01 21:57:00,2022-12-01 23:01:00,64.0,2022-12-01,2022,12,Thursday,21:57,23:01,5,5,True,True,0,0,True,2022-12-01 21:53:00,2022-12-01 21:57:00,2022-12-01 23:01:00,2022-12-01 23:05:00,1803.053,1802.938,1802.121,1802.331,1803.149,1802.842,1802.44,1801.791,-0.8170000000000073
KNOWN_BOUNDARY,P33_C39_D64,2022-12-05 21:57:00,2022-12-05 23:01:00,64.0,2022-12-05,2022,12,Monday,21:57,23:01,5,5,True,True,0,0,True,2022-12-05 21:53:00,2022-12-05 21:57:00,2022-12-05 23:01:00,2022-12-05 23:05:00,1768.738,1768.676,1768.144,1768.157,1768.837,1768.49,1768.329,1767.487,-0.5319999999999254
KNOWN_BOUNDARY,P33_C39_D64,2022-12-06 21:57:00,2022-12-06 23:01:00,64.0,2022-12-06,2022,12,Tuesday,21:57,23:01,5,5,True,True,0,0,True,2022-12-06 21:53:00,2022-12-06 21:57:00,2022-12-06 23:01:00,2022-12-06 23:05:00,1771.132,1770.874,1770.91,1770.708,1771.343,1770.824,1771.004,1770.373,0.03600000000005821
KNOWN_BOUNDARY,P33_C39_D64,2022-12-07 21:57:00,2022-12-07 23:01:00,64.0,2022-12-07,2022,12,Wednesday,21:57,23:01,5,5,True,True,0,0,True,2022-12-07 21:53:00,2022-12-07 21:57:00,2022-12-07 23:01:00,2022-12-07 23:05:00,1786.06,1786.032,1785.793,1786.016,1786.311,1785.935,1786.226,1785.557,-0.23900000000003274
KNOWN_BOUNDARY,P33_C39_D64,2022-12-08 21:57:00,2022-12-08 23:01:00,64.0,2022-12-08,2022,12,Thursday,21:57,23:01,5,5,True,True,0,0,True,2022-12-08 21:53:00,2022-12-08 21:57:00,2022-12-08 23:01:00,2022-12-08 23:05:00,1789.422,1789.011,1789.634,1789.688,1789.611,1788.99,1790.031,1789.527,0.6230000000000473
KNOWN_BOUNDARY,P33_C39_D64,2022-12-12 21:57:00,2022-12-12 23:01:00,64.0,2022-12-12,2022,12,Monday,21:57,23:01,5,5,True,True,0,0,True,2022-12-12 21:53:00,2022-12-12 21:57:00,2022-12-12 23:01:00,2022-12-12 23:05:00,1781.564,1781.462,1781.24,1781.197,1781.622,1781.394,1781.371,1780.954,-0.22199999999998
KNOWN_BOUNDARY,P33_C39_D64,2022-12-13 21:57:00,2022-12-13 23:01:00,64.0,2022-12-13,2022,12,Tuesday,21:57,23:01,5,5,True,True,0,0,True,2022-12-13 21:53:00,2022-12-13 21:57:00,2022-12-13 23:01:00,2022-12-13 23:05:00,1810.393,1810.692,1810.619,1811.036,1810.774,1810.165,1811.049,1810.276,-0.07300000000009277
KNOWN_BOUNDARY,P33_C39_D64,2022-12-14 21:57:00,2022-12-14 23:01:00,64.0,2022-12-14,2022,12,Wednesday,21:57,23:01,5,5,True,True,0,0,True,2022-12-14 21:53:00,2022-12-14 21:57:00,2022-12-14 23:01:00,2022-12-14 23:05:00,1807.6,1807.324,1807.034,1806.851,1807.644,1807.192,1807.156,1806.599,-0.2899999999999636
KNOWN_BOUNDARY,P33_C39_D64,2022-12-15 21:57:00,2022-12-15 23:01:00,64.0,2022-12-15,2022,12,Thursday,21:57,23:01,5,5,True,True,0,0,True,2022-12-15 21:53:00,2022-12-15 21:57:00,2022-12-15 23:01:00,2022-12-15 23:05:00,1776.692,1776.787,1776.599,1776.186,1776.79,1776.624,1776.703,1776.116,-0.18800000000010186
KNOWN_BOUNDARY,P33_C39_D64,2022-12-19 21:57:00,2022-12-19 23:01:00,64.0,2022-12-19,2022,12,Monday,21:57,23:01,5,5,True,True,0,0,True,2022-12-19 21:53:00,2022-12-19 21:57:00,2022-12-19 23:01:00,2022-12-19 23:05:00,1787.518,1787.69,1787.41,1787.396,1787.734,1787.474,1787.48,1787.034,-0.2799999999999727
KNOWN_BOUNDARY,P33_C39_D64,2022-12-20 21:57:00,2022-12-20 23:01:00,64.0,2022-12-20,2022,12,Tuesday,21:57,23:01,5,5,True,True,0,0,True,2022-12-20 21:53:00,2022-12-20 21:57:00,2022-12-20 23:01:00,2022-12-20 23:05:00,1817.962,1817.759,1817.772,1817.817,1818.168,1817.605,1818.04,1817.667,0.012999999999919964
KNOWN_BOUNDARY,P33_C39_D64,2022-12-21 21:57:00,2022-12-21 23:01:00,64.0,2022-12-21,2022,12,Wednesday,21:57,23:01,5,5,True,True,0,0,True,2022-12-21 21:53:00,2022-12-21 21:57:00,2022-12-21 23:01:00,2022-12-21 23:05:00,1814.21,1814.555,1813.885,1813.899,1814.6,1814.21,1814.267,1813.787,-0.6700000000000728
KNOWN_BOUNDARY,P33_C39_D64,2022-12-27 21:57:00,2022-12-27 23:01:00,64.0,2022-12-27,2022,12,Tuesday,21:57,23:01,5,5,True,True,0,0,True,2022-12-27 21:53:00,2022-12-27 21:57:00,2022-12-27 23:01:00,2022-12-27 23:05:00,1813.804,1813.656,1814.085,1813.643,1814.174,1813.64,1814.176,1813.496,0.4290000000000873
KNOWN_BOUNDARY,P33_C39_D64,2022-12-28 21:57:00,2022-12-28 23:01:00,64.0,2022-12-28,2022,12,Wednesday,21:57,23:01,5,5,True,True,0,0,True,2022-12-28 21:53:00,2022-12-28 21:57:00,2022-12-28 23:01:00,2022-12-28 23:05:00,1804.172,1804.192,1804.25,1805.017,1804.298,1804.029,1805.147,1803.677,0.057999999999992724
KNOWN_BOUNDARY,P33_C39_D64,2022-12-29 21:57:00,2022-12-29 23:01:00,64.0,2022-12-29,2022,12,Thursday,21:57,23:01,5,5,True,True,0,0,True,2022-12-29 21:53:00,2022-12-29 21:57:00,2022-12-29 23:01:00,2022-12-29 23:05:00,1815.138,1814.918,1814.618,1814.607,1815.189,1814.579,1814.786,1814.414,-0.2999999999999545
KNOWN_BOUNDARY,P33_C39_D64,2023-01-03 21:57:00,2023-01-03 23:01:00,64.0,2023-01-03,2023,1,Tuesday,21:57,23:01,5,5,True,True,0,0,True,2023-01-03 21:53:00,2023-01-03 21:57:00,2023-01-03 23:01:00,2023-01-03 23:05:00,1839.361,1839.57,1838.718,1838.486,1839.853,1839.277,1838.819,1838.336,-0.8519999999998618
KNOWN_BOUNDARY,P33_C39_D64,2023-01-04 21:57:00,2023-01-04 23:01:00,64.0,2023-01-04,2023,1,Wednesday,21:57,23:01,5,5,True,True,0,0,True,2023-01-04 21:53:00,2023-01-04 21:57:00,2023-01-04 23:01:00,2023-01-04 23:05:00,1854.52,1854.5,1854.44,1854.532,1854.6,1854.257,1855.225,1854.406,-0.05999999999994543
KNOWN_BOUNDARY,P33_C39_D64,2023-01-05 21:57:00,2023-01-05 23:01:00,64.0,2023-01-05,2023,1,Thursday,21:57,23:01,5,5,True,True,0,0,True,2023-01-05 21:53:00,2023-01-05 21:57:00,2023-01-05 23:01:00,2023-01-05 23:05:00,1833.077,1832.795,1832.262,1832.087,1833.13,1832.643,1832.309,1831.544,-0.5330000000001291
KNOWN_BOUNDARY,P33_C39_D64,2023-01-09 21:57:00,2023-01-09 23:01:00,64.0,2023-01-09,2023,1,Monday,21:57,23:01,5,5,True,True,0,0,True,2023-01-09 21:53:00,2023-01-09 21:57:00,2023-01-09 23:01:00,2023-01-09 23:05:00,1871.698,1871.598,1870.953,1870.61,1871.728,1871.384,1870.953,1870.445,-0.6449999999999818
KNOWN_BOUNDARY,P33_C39_D64,2023-01-10 21:57:00,2023-01-10 23:01:00,64.0,2023-01-10,2023,1,Tuesday,21:57,23:01,5,5,True,True,0,0,True,2023-01-10 21:53:00,2023-01-10 21:57:00,2023-01-10 23:01:00,2023-01-10 23:05:00,1877.411,1876.895,1876.954,1877.278,1877.474,1876.743,1877.419,1876.746,0.05899999999996908
KNOWN_BOUNDARY,P33_C39_D64,2023-01-11 21:57:00,2023-01-11 23:01:00,64.0,2023-01-11,2023,1,Wednesday,21:57,23:01,5,5,True,True,0,0,True,2023-01-11 21:53:00,2023-01-11 21:57:00,2023-01-11 23:01:00,2023-01-11 23:05:00,1876.305,1875.742,1874.929,1876.57,1876.361,1875.523,1877.009,1874.466,-0.8129999999998745
KNOWN_BOUNDARY,P33_C39_D64,2023-01-12 21:57:00,2023-01-12 23:01:00,64.0,2023-01-12,2023,1,Thursday,21:57,23:01,5,5,True,True,0,0,True,2023-01-12 21:53:00,2023-01-12 21:57:00,2023-01-12 23:01:00,2023-01-12 23:05:00,1897.3,1896.88,1895.701,1895.686,1897.426,1896.78,1896.08,1895.492,-1.1790000000000873
KNOWN_BOUNDARY,P33_C39_D64,2023-01-17 21:57:00,2023-01-17 23:01:00,64.0,2023-01-17,2023,1,Tuesday,21:57,23:01,5,5,True,True,0,0,True,2023-01-17 21:53:00,2023-01-17 21:57:00,2023-01-17 23:01:00,2023-01-17 23:05:00,1908.628,1908.556,1908.192,1908.268,1908.725,1908.328,1908.276,1907.694,-0.36400000000003274
KNOWN_BOUNDARY,P33_C39_D64,2023-01-18 21:57:00,2023-01-18 23:01:00,64.0,2023-01-18,2023,1,Wednesday,21:57,23:01,5,5,True,True,0,0,True,2023-01-18 21:53:00,2023-01-18 21:57:00,2023-01-18 23:01:00,2023-01-18 23:05:00,1904.106,1904.111,1903.962,1903.504,1904.218,1903.913,1903.964,1902.943,-0.1490000000001146
KNOWN_BOUNDARY,P33_C39_D64,2023-01-19 21:57:00,2023-01-19 23:01:00,64.0,2023-01-19,2023,1,Thursday,21:57,23:01,5,5,True,True,0,0,True,2023-01-19 21:53:00,2023-01-19 21:57:00,2023-01-19 23:01:00,2023-01-19 23:05:00,1931.651,1932.156,1931.615,1932.304,1932.38,1931.49,1932.503,1931.285,-0.54099999999994
KNOWN_BOUNDARY,P33_C39_D64,2023-01-23 21:57:00,2023-01-23 23:01:00,64.0,2023-01-23,2023,1,Monday,21:57,23:01,5,5,True,True,0,0,True,2023-01-23 21:53:00,2023-01-23 21:57:00,2023-01-23 23:01:00,2023-01-23 23:05:00,1931.468,1931.264,1930.862,1931.338,1931.571,1931.171,1931.441,1930.862,-0.4019999999998163
KNOWN_BOUNDARY,P33_C39_D64,2023-01-24 21:57:00,2023-01-24 23:01:00,64.0,2023-01-24,2023,1,Tuesday,21:57,23:01,5,5,True,True,0,0,True,2023-01-24 21:53:00,2023-01-24 21:57:00,2023-01-24 23:01:00,2023-01-24 23:05:00,1937.257,1937.322,1937.022,1937.509,1937.438,1937.168,1937.572,1936.94,-0.2999999999999545
KNOWN_BOUNDARY,P33_C39_D64,2023-01-25 21:57:00,2023-01-25 23:01:00,64.0,2023-01-25,2023,1,Wednesday,21:57,23:01,5,5,True,True,0,0,True,2023-01-25 21:53:00,2023-01-25 21:57:00,2023-01-25 23:01:00,2023-01-25 23:05:00,1946.376,1946.163,1946.444,1946.398,1946.683,1945.902,1946.737,1945.9,0.28099999999994907
KNOWN_BOUNDARY,P33_C39_D64,2023-01-26 21:57:00,2023-01-26 23:01:00,64.0,2023-01-26,2023,1,Thursday,21:57,23:01,5,5,True,True,0,0,True,2023-01-26 21:53:00,2023-01-26 21:57:00,2023-01-26 23:01:00,2023-01-26 23:05:00,1929.618,1929.289,1928.269,1929.56,1929.625,1928.814,1929.671,1928.269,-1.0199999999999818
KNOWN_BOUNDARY,P33_C39_D64,2023-01-30 21:57:00,2023-01-30 23:01:00,64.0,2023-01-30,2023,1,Monday,21:57,23:01,5,5,True,True,0,0,True,2023-01-30 21:53:00,2023-01-30 21:57:00,2023-01-30 23:01:00,2023-01-30 23:05:00,1923.018,1923.344,1922.963,1922.501,1923.344,1922.92,1922.963,1922.304,-0.3810000000000855
KNOWN_BOUNDARY,P33_C39_D64,2023-01-31 21:57:00,2023-01-31 23:01:00,64.0,2023-01-31,2023,1,Tuesday,21:57,23:01,5,5,True,True,0,0,True,2023-01-31 21:53:00,2023-01-31 21:57:00,2023-01-31 23:01:00,2023-01-31 23:05:00,1928.191,1928.119,1927.971,1927.723,1928.222,1927.917,1927.985,1927.247,-0.14799999999991087
KNOWN_BOUNDARY,P33_C39_D64,2023-02-01 21:57:00,2023-02-01 23:01:00,64.0,2023-02-01,2023,2,Wednesday,21:57,23:01,5,5,True,True,0,0,True,2023-02-01 21:53:00,2023-02-01 21:57:00,2023-02-01 23:01:00,2023-02-01 23:05:00,1950.388,1950.071,1951.437,1952.333,1950.536,1949.914,1953.32,1951.418,1.3659999999999854
KNOWN_BOUNDARY,P33_C39_D64,2023-02-02 21:57:00,2023-02-02 23:01:00,64.0,2023-02-02,2023,2,Thursday,21:57,23:01,5,5,True,True,0,0,True,2023-02-02 21:53:00,2023-02-02 21:57:00,2023-02-02 23:01:00,2023-02-02 23:05:00,1912.478,1912.648,1911.939,1912.674,1912.735,1912.443,1913.207,1911.792,-0.7089999999998327
KNOWN_BOUNDARY,P33_C39_D64,2023-02-06 21:57:00,2023-02-06 23:01:00,64.0,2023-02-06,2023,2,Monday,21:57,23:01,5,5,True,True,0,0,True,2023-02-06 21:53:00,2023-02-06 21:57:00,2023-02-06 23:01:00,2023-02-06 23:05:00,1867.415,1867.671,1867.493,1867.878,1867.763,1867.315,1867.935,1867.45,-0.17800000000011096
KNOWN_BOUNDARY,P33_C39_D64,2023-02-07 21:57:00,2023-02-07 23:01:00,64.0,2023-02-07,2023,2,Tuesday,21:57,23:01,5,5,True,True,0,0,True,2023-02-07 21:53:00,2023-02-07 21:57:00,2023-02-07 23:01:00,2023-02-07 23:05:00,1873.988,1871.548,1873.878,1872.987,1874.011,1867.282,1873.948,1872.77,2.3299999999999272
KNOWN_BOUNDARY,P33_C39_D64,2023-02-08 21:57:00,2023-02-08 23:01:00,64.0,2023-02-08,2023,2,Wednesday,21:57,23:01,5,5,True,True,0,0,True,2023-02-08 21:53:00,2023-02-08 21:57:00,2023-02-08 23:01:00,2023-02-08 23:05:00,1875.66,1875.648,1875.115,1875.144,1875.838,1875.518,1875.573,1874.564,-0.5329999999999018
KNOWN_BOUNDARY,P33_C39_D64,2023-02-09 21:57:00,2023-02-09 23:01:00,64.0,2023-02-09,2023,2,Thursday,21:57,23:01,5,5,True,True,0,0,True,2023-02-09 21:53:00,2023-02-09 21:57:00,2023-02-09 23:01:00,2023-02-09 23:05:00,1861.552,1861.599,1862.819,1861.806,1861.669,1861.0,1863.115,1861.803,1.2200000000000273
KNOWN_BOUNDARY,P33_C39_D64,2023-02-13 21:57:00,2023-02-13 23:01:00,64.0,2023-02-13,2023,2,Monday,21:57,23:01,5,5,True,True,0,0,True,2023-02-13 21:53:00,2023-02-13 21:57:00,2023-02-13 23:01:00,2023-02-13 23:05:00,1853.874,1853.485,1853.627,1853.624,1853.889,1853.485,1854.129,1853.37,0.14200000000005275
KNOWN_BOUNDARY,P33_C39_D64,2023-02-14 21:57:00,2023-02-14 23:01:00,64.0,2023-02-14,2023,2,Tuesday,21:57,23:01,5,5,True,True,0,0,True,2023-02-14 21:53:00,2023-02-14 21:57:00,2023-02-14 23:01:00,2023-02-14 23:05:00,1854.369,1854.342,1853.929,1853.696,1854.445,1854.215,1854.005,1853.459,-0.4130000000000109
KNOWN_BOUNDARY,P33_C39_D64,2023-02-15 21:57:00,2023-02-15 23:01:00,64.0,2023-02-15,2023,2,Wednesday,21:57,23:01,5,5,True,True,0,0,True,2023-02-15 21:53:00,2023-02-15 21:57:00,2023-02-15 23:01:00,2023-02-15 23:05:00,1836.247,1835.999,1836.284,1836.511,1836.504,1835.982,1836.849,1836.035,0.28500000000008185
KNOWN_BOUNDARY,P33_C39_D64,2023-02-16 21:57:00,2023-02-16 23:01:00,64.0,2023-02-16,2023,2,Thursday,21:57,23:01,5,5,True,True,0,0,True,2023-02-16 21:53:00,2023-02-16 21:57:00,2023-02-16 23:01:00,2023-02-16 23:05:00,1837.437,1836.515,1836.391,1835.601,1837.467,1836.106,1836.619,1835.108,-0.12400000000002365
KNOWN_BOUNDARY,P33_C39_D64,2023-02-21 21:57:00,2023-02-21 23:01:00,64.0,2023-02-21,2023,2,Tuesday,21:57,23:01,5,5,True,True,0,0,True,2023-02-21 21:53:00,2023-02-21 21:57:00,2023-02-21 23:01:00,2023-02-21 23:05:00,1834.913,1834.786,1834.699,1834.969,1835.086,1834.778,1834.971,1834.35,-0.08699999999998909
KNOWN_BOUNDARY,P33_C39_D64,2023-02-22 21:57:00,2023-02-22 23:01:00,64.0,2023-02-22,2023,2,Wednesday,21:57,23:01,5,5,True,True,0,0,True,2023-02-22 21:53:00,2023-02-22 21:57:00,2023-02-22 23:01:00,2023-02-22 23:05:00,1825.288,1825.236,1825.723,1825.378,1825.486,1824.794,1826.196,1825.131,0.48699999999985266
KNOWN_BOUNDARY,P33_C39_D64,2023-02-23 21:57:00,2023-02-23 23:01:00,64.0,2023-02-23,2023,2,Thursday,21:57,23:01,5,5,True,True,0,0,True,2023-02-23 21:53:00,2023-02-23 21:57:00,2023-02-23 23:01:00,2023-02-23 23:05:00,1822.395,1822.243,1822.434,1822.408,1822.441,1822.16,1822.878,1822.332,0.19100000000003092
KNOWN_BOUNDARY,P33_C39_D64,2023-02-27 21:57:00,2023-02-27 23:01:00,64.0,2023-02-27,2023,2,Monday,21:57,23:01,5,5,True,True,0,0,True,2023-02-27 21:53:00,2023-02-27 21:57:00,2023-02-27 23:01:00,2023-02-27 23:05:00,1817.27,1817.116,1817.125,1817.277,1817.28,1816.933,1817.353,1816.987,0.009000000000014552
KNOWN_BOUNDARY,P33_C39_D64,2023-02-28 21:57:00,2023-02-28 23:01:00,64.0,2023-02-28,2023,2,Tuesday,21:57,23:01,5,5,True,True,0,0,True,2023-02-28 21:53:00,2023-02-28 21:57:00,2023-02-28 23:01:00,2023-02-28 23:05:00,1827.158,1826.477,1826.576,1827.018,1827.256,1826.477,1827.116,1826.377,0.0989999999999327
KNOWN_BOUNDARY,P33_C39_D64,2023-03-01 21:57:00,2023-03-01 23:01:00,64.0,2023-03-01,2023,3,Wednesday,21:57,23:01,5,5,True,True,0,0,True,2023-03-01 21:53:00,2023-03-01 21:57:00,2023-03-01 23:01:00,2023-03-01 23:05:00,1837.097,1836.57,1837.118,1837.64,1837.097,1836.57,1837.66,1836.946,0.5480000000000018
KNOWN_BOUNDARY,P33_C39_D64,2023-03-02 21:57:00,2023-03-02 23:01:00,64.0,2023-03-02,2023,3,Thursday,21:57,23:01,5,5,True,True,0,0,True,2023-03-02 21:53:00,2023-03-02 21:57:00,2023-03-02 23:01:00,2023-03-02 23:05:00,1835.957,1835.893,1836.186,1836.389,1836.067,1835.846,1836.389,1836.034,0.2929999999998927
KNOWN_BOUNDARY,P33_C39_D64,2023-03-06 21:57:00,2023-03-06 23:01:00,64.0,2023-03-06,2023,3,Monday,21:57,23:01,5,5,True,True,0,0,True,2023-03-06 21:53:00,2023-03-06 21:57:00,2023-03-06 23:01:00,2023-03-06 23:05:00,1846.832,1846.811,1846.367,1846.255,1847.125,1846.81,1846.411,1845.871,-0.44399999999996
KNOWN_BOUNDARY,P33_C39_D64,2023-03-07 21:57:00,2023-03-07 23:01:00,64.0,2023-03-07,2023,3,Tuesday,21:57,23:01,5,5,True,True,0,0,True,2023-03-07 21:53:00,2023-03-07 21:57:00,2023-03-07 23:01:00,2023-03-07 23:05:00,1813.392,1813.283,1813.901,1814.183,1813.673,1813.139,1814.184,1813.57,0.6180000000001655
KNOWN_BOUNDARY,P33_C39_D64,2023-03-08 21:57:00,2023-03-08 23:01:00,64.0,2023-03-08,2023,3,Wednesday,21:57,23:01,5,5,True,True,0,0,True,2023-03-08 21:53:00,2023-03-08 21:57:00,2023-03-08 23:01:00,2023-03-08 23:05:00,1813.42,1813.671,1814.105,1814.598,1813.807,1813.361,1814.598,1813.934,0.4339999999999691
KNOWN_BOUNDARY,P33_C39_D64,2023-03-09 21:57:00,2023-03-09 23:01:00,64.0,2023-03-09,2023,3,Thursday,21:57,23:01,5,5,True,True,0,0,True,2023-03-09 21:53:00,2023-03-09 21:57:00,2023-03-09 23:01:00,2023-03-09 23:05:00,1831.0,1830.847,1831.341,1830.986,1831.0,1830.736,1831.381,1830.617,0.4939999999999145
KNOWN_BOUNDARY,P30_C35_D64,2023-03-13 20:57:00,2023-03-13 22:01:00,64.0,2023-03-13,2023,3,Monday,20:57,22:01,5,5,True,True,0,0,True,2023-03-13 20:53:00,2023-03-13 20:57:00,2023-03-13 22:01:00,2023-03-13 22:05:00,1913.964,1913.409,1913.563,1911.729,1914.07,1913.294,1913.651,1911.602,0.15399999999999636
KNOWN_BOUNDARY,P30_C35_D64,2023-03-14 20:57:00,2023-03-14 22:01:00,64.0,2023-03-14,2023,3,Tuesday,20:57,22:01,5,5,True,True,0,0,True,2023-03-14 20:53:00,2023-03-14 20:57:00,2023-03-14 22:01:00,2023-03-14 22:05:00,1903.781,1903.801,1904.265,1904.211,1903.974,1903.56,1904.68,1903.929,0.46400000000016917
KNOWN_BOUNDARY,P30_C35_D64,2023-03-16 20:57:00,2023-03-16 22:01:00,64.0,2023-03-16,2023,3,Thursday,20:57,22:01,5,5,True,True,0,0,True,2023-03-16 20:53:00,2023-03-16 20:57:00,2023-03-16 22:01:00,2023-03-16 22:05:00,1919.75,1919.228,1919.406,1919.344,1919.937,1919.127,1920.048,1919.283,0.17799999999988358
KNOWN_BOUNDARY,P30_C35_D64,2023-03-20 20:57:00,2023-03-20 22:01:00,64.0,2023-03-20,2023,3,Monday,20:57,22:01,5,5,True,True,0,0,True,2023-03-20 20:53:00,2023-03-20 20:57:00,2023-03-20 22:01:00,2023-03-20 22:05:00,1978.447,1978.836,1978.876,1979.293,1979.165,1978.293,1979.293,1978.381,0.03999999999996362
KNOWN_BOUNDARY,P30_C35_D64,2023-03-21 20:57:00,2023-03-21 22:01:00,64.0,2023-03-21,2023,3,Tuesday,20:57,22:01,5,5,True,True,0,0,True,2023-03-21 20:53:00,2023-03-21 20:57:00,2023-03-21 22:01:00,2023-03-21 22:05:00,1939.791,1940.457,1939.72,1939.682,1940.682,1939.791,1939.835,1939.31,-0.73700000000008
KNOWN_BOUNDARY,P30_C35_D64,2023-03-22 20:57:00,2023-03-22 22:01:00,64.0,2023-03-22,2023,3,Wednesday,20:57,22:01,5,5,True,True,0,0,True,2023-03-22 20:53:00,2023-03-22 20:57:00,2023-03-22 22:01:00,2023-03-22 22:05:00,1967.847,1969.644,1969.647,1967.053,1969.644,1967.846,1969.647,1967.053,0.0029999999999290594
KNOWN_BOUNDARY,P30_C35_D64,2023-03-23 20:57:00,2023-03-23 22:01:00,64.0,2023-03-23,2023,3,Thursday,20:57,22:01,5,5,True,True,0,0,True,2023-03-23 20:53:00,2023-03-23 20:57:00,2023-03-23 22:01:00,2023-03-23 22:05:00,1992.62,1993.23,1993.767,1992.499,1993.53,1992.62,1993.864,1992.395,0.5370000000000346
KNOWN_BOUNDARY,P30_C35_D64,2023-03-27 20:57:00,2023-03-27 22:01:00,64.0,2023-03-27,2023,3,Monday,20:57,22:01,5,5,True,True,0,0,True,2023-03-27 20:53:00,2023-03-27 20:57:00,2023-03-27 22:01:00,2023-03-27 22:05:00,1956.216,1956.298,1956.602,1957.767,1956.428,1956.068,1957.896,1956.56,0.3040000000000873
KNOWN_BOUNDARY,P30_C35_D64,2023-03-28 20:57:00,2023-03-28 22:01:00,64.0,2023-03-28,2023,3,Tuesday,20:57,22:01,5,5,True,True,0,0,True,2023-03-28 20:53:00,2023-03-28 20:57:00,2023-03-28 22:01:00,2023-03-28 22:05:00,1973.891,1973.798,1973.607,1973.36,1973.981,1973.672,1974.034,1973.204,-0.19100000000003092
KNOWN_BOUNDARY,P30_C35_D64,2023-03-29 20:57:00,2023-03-29 22:01:00,64.0,2023-03-29,2023,3,Wednesday,20:57,22:01,5,5,True,True,0,0,True,2023-03-29 20:53:00,2023-03-29 20:57:00,2023-03-29 22:01:00,2023-03-29 22:05:00,1964.564,1964.587,1963.322,1963.886,1964.655,1964.293,1964.29,1963.071,-1.2650000000001
KNOWN_BOUNDARY,P30_C35_D64,2023-03-30 20:57:00,2023-03-30 22:01:00,64.0,2023-03-30,2023,3,Thursday,20:57,22:01,5,5,True,True,0,0,True,2023-03-30 20:53:00,2023-03-30 20:57:00,2023-03-30 22:01:00,2023-03-30 22:05:00,1980.023,1980.337,1980.306,1979.859,1980.616,1979.849,1980.425,1979.859,-0.03099999999994907
KNOWN_BOUNDARY,P30_C35_D64,2023-04-03 20:57:00,2023-04-03 22:01:00,64.0,2023-04-03,2023,4,Monday,20:57,22:01,5,5,True,True,0,0,True,2023-04-03 20:53:00,2023-04-03 20:57:00,2023-04-03 22:01:00,2023-04-03 22:05:00,1984.198,1984.23,1984.204,1985.225,1984.354,1983.978,1985.463,1984.204,-0.026000000000067303
KNOWN_BOUNDARY,P30_C35_D64,2023-04-04 20:57:00,2023-04-04 22:01:00,64.0,2023-04-04,2023,4,Tuesday,20:57,22:01,5,5,True,True,0,0,True,2023-04-04 20:53:00,2023-04-04 20:57:00,2023-04-04 22:01:00,2023-04-04 22:05:00,2020.649,2020.352,2021.05,2021.1,2020.72,2020.098,2021.558,2020.788,0.6979999999998654
KNOWN_BOUNDARY,P30_C35_D64,2023-04-05 20:57:00,2023-04-05 22:01:00,64.0,2023-04-05,2023,4,Wednesday,20:57,22:01,5,5,True,True,0,0,True,2023-04-05 20:53:00,2023-04-05 20:57:00,2023-04-05 22:01:00,2023-04-05 22:05:00,2020.179,2020.444,2020.709,2021.385,2020.445,2020.109,2021.385,2020.588,0.26500000000010004
KNOWN_BOUNDARY,P30_C35_D64,2023-04-10 20:57:00,2023-04-10 22:01:00,64.0,2023-04-10,2023,4,Monday,20:57,22:01,5,5,True,True,0,0,True,2023-04-10 20:53:00,2023-04-10 20:57:00,2023-04-10 22:01:00,2023-04-10 22:05:00,1991.279,1991.288,1991.293,1991.469,1991.404,1991.17,1991.478,1991.056,0.004999999999881766
KNOWN_BOUNDARY,P30_C35_D64,2023-04-11 20:57:00,2023-04-11 22:01:00,64.0,2023-04-11,2023,4,Tuesday,20:57,22:01,5,5,True,True,0,0,True,2023-04-11 20:53:00,2023-04-11 20:57:00,2023-04-11 22:01:00,2023-04-11 22:05:00,2003.351,2003.53,2003.221,2003.542,2003.545,2003.313,2003.609,2002.995,-0.3089999999999691
KNOWN_BOUNDARY,P30_C35_D64,2023-04-12 20:57:00,2023-04-12 22:01:00,64.0,2023-04-12,2023,4,Wednesday,20:57,22:01,5,5,True,True,0,0,True,2023-04-12 20:53:00,2023-04-12 20:57:00,2023-04-12 22:01:00,2023-04-12 22:05:00,2014.956,2014.814,2014.43,2014.217,2014.976,2014.718,2014.578,2014.013,-0.38400000000001455
KNOWN_BOUNDARY,P30_C35_D64,2023-04-13 20:57:00,2023-04-13 22:01:00,64.0,2023-04-13,2023,4,Thursday,20:57,22:01,5,5,True,True,0,0,True,2023-04-13 20:53:00,2023-04-13 20:57:00,2023-04-13 22:01:00,2023-04-13 22:05:00,2040.514,2040.487,2040.524,2040.217,2040.9,2040.399,2040.727,2040.114,0.03699999999980719
KNOWN_BOUNDARY,P30_C35_D64,2023-04-17 20:57:00,2023-04-17 22:01:00,64.0,2023-04-17,2023,4,Monday,20:57,22:01,5,5,True,True,0,0,True,2023-04-17 20:53:00,2023-04-17 20:57:00,2023-04-17 22:01:00,2023-04-17 22:05:00,1994.791,1994.914,1995.029,1994.734,1995.153,1994.633,1995.029,1994.607,0.1150000000000091
KNOWN_BOUNDARY,P30_C35_D64,2023-04-18 20:57:00,2023-04-18 22:01:00,64.0,2023-04-18,2023,4,Tuesday,20:57,22:01,5,5,True,True,0,0,True,2023-04-18 20:53:00,2023-04-18 20:57:00,2023-04-18 22:01:00,2023-04-18 22:05:00,2004.699,2004.974,2005.033,2005.205,2005.155,2004.598,2005.228,2005.033,0.05899999999996908
KNOWN_BOUNDARY,P30_C35_D64,2023-04-19 20:57:00,2023-04-19 22:01:00,64.0,2023-04-19,2023,4,Wednesday,20:57,22:01,5,5,True,True,0,0,True,2023-04-19 20:53:00,2023-04-19 20:57:00,2023-04-19 22:01:00,2023-04-19 22:05:00,1994.705,1994.641,1994.577,1994.547,1995.0,1994.598,1994.642,1994.058,-0.06400000000007822
KNOWN_BOUNDARY,P30_C35_D64,2023-04-20 20:57:00,2023-04-20 22:01:00,64.0,2023-04-20,2023,4,Thursday,20:57,22:01,5,5,True,True,0,0,True,2023-04-20 20:53:00,2023-04-20 20:57:00,2023-04-20 22:01:00,2023-04-20 22:05:00,2004.882,2004.501,2004.236,2004.158,2004.882,2004.496,2004.324,2003.938,-0.26499999999987267
KNOWN_BOUNDARY,P30_C35_D64,2023-04-24 20:57:00,2023-04-24 22:01:00,64.0,2023-04-24,2023,4,Monday,20:57,22:01,5,5,True,True,0,0,True,2023-04-24 20:53:00,2023-04-24 20:57:00,2023-04-24 22:01:00,2023-04-24 22:05:00,1989.038,1989.085,1989.021,1992.501,1989.085,1988.781,1992.853,1988.804,-0.06400000000007822
KNOWN_BOUNDARY,P30_C35_D64,2023-04-25 20:57:00,2023-04-25 22:01:00,64.0,2023-04-25,2023,4,Tuesday,20:57,22:01,5,5,True,True,0,0,True,2023-04-25 20:53:00,2023-04-25 20:57:00,2023-04-25 22:01:00,2023-04-25 22:05:00,1996.416,1996.962,1996.169,1997.408,1996.986,1996.416,1997.408,1996.026,-0.7929999999998927
KNOWN_BOUNDARY,P30_C35_D64,2023-04-26 20:57:00,2023-04-26 22:01:00,64.0,2023-04-26,2023,4,Wednesday,20:57,22:01,5,5,True,True,0,0,True,2023-04-26 20:53:00,2023-04-26 20:57:00,2023-04-26 22:01:00,2023-04-26 22:05:00,1988.971,1989.129,1989.763,1989.674,1989.232,1988.788,1989.923,1989.466,0.6340000000000146
KNOWN_BOUNDARY,P30_C35_D64,2023-04-27 20:57:00,2023-04-27 22:01:00,64.0,2023-04-27,2023,4,Thursday,20:57,22:01,5,5,True,True,0,0,True,2023-04-27 20:53:00,2023-04-27 20:57:00,2023-04-27 22:01:00,2023-04-27 22:05:00,1987.78,1987.675,1987.601,1987.492,1987.84,1987.483,1987.69,1987.38,-0.07399999999984175
KNOWN_BOUNDARY,P30_C35_D64,2023-05-01 20:57:00,2023-05-01 22:01:00,64.0,2023-05-01,2023,5,Monday,20:57,22:01,5,5,True,True,0,0,True,2023-05-01 20:53:00,2023-05-01 20:57:00,2023-05-01 22:01:00,2023-05-01 22:05:00,1982.274,1982.407,1982.15,1981.832,1982.542,1982.14,1982.262,1981.615,-0.25699999999983447
KNOWN_BOUNDARY,P30_C35_D64,2023-05-02 20:57:00,2023-05-02 22:01:00,64.0,2023-05-02,2023,5,Tuesday,20:57,22:01,5,5,True,True,0,0,True,2023-05-02 20:53:00,2023-05-02 20:57:00,2023-05-02 22:01:00,2023-05-02 22:05:00,2016.688,2016.373,2015.969,2016.169,2017.048,2016.251,2016.453,2015.837,-0.40399999999999636
KNOWN_BOUNDARY,P30_C35_D64,2023-05-03 20:57:00,2023-05-03 22:01:00,64.0,2023-05-03,2023,5,Wednesday,20:57,22:01,5,5,True,True,0,0,True,2023-05-03 20:53:00,2023-05-03 20:57:00,2023-05-03 22:01:00,2023-05-03 22:05:00,2036.895,2039.418,2061.996,2044.6,2040.405,2036.777,2079.817,2044.6,22.578000000000202
KNOWN_BOUNDARY,P30_C35_D64,2023-05-04 20:57:00,2023-05-04 22:01:00,64.0,2023-05-04,2023,5,Thursday,20:57,22:01,5,5,True,True,0,0,True,2023-05-04 20:53:00,2023-05-04 20:57:00,2023-05-04 22:01:00,2023-05-04 22:05:00,2050.445,2050.05,2049.45,2049.062,2050.85,2049.892,2049.764,2048.706,-0.6000000000003638
KNOWN_BOUNDARY,P30_C35_D64,2023-05-08 20:57:00,2023-05-08 22:01:00,64.0,2023-05-08,2023,5,Monday,20:57,22:01,5,5,True,True,0,0,True,2023-05-08 20:53:00,2023-05-08 20:57:00,2023-05-08 22:01:00,2023-05-08 22:05:00,2021.188,2021.27,2020.96,2020.787,2021.45,2021.067,2021.271,2020.613,-0.30999999999994543
KNOWN_BOUNDARY,P30_C35_D64,2023-05-09 20:57:00,2023-05-09 22:01:00,64.0,2023-05-09,2023,5,Tuesday,20:57,22:01,5,5,True,True,0,0,True,2023-05-09 20:53:00,2023-05-09 20:57:00,2023-05-09 22:01:00,2023-05-09 22:05:00,2034.386,2034.458,2034.477,2034.275,2034.543,2034.108,2034.512,2034.083,0.019000000000005457
KNOWN_BOUNDARY,P30_C35_D64,2023-05-10 20:57:00,2023-05-10 22:01:00,64.0,2023-05-10,2023,5,Wednesday,20:57,22:01,5,5,True,True,0,0,True,2023-05-10 20:53:00,2023-05-10 20:57:00,2023-05-10 22:01:00,2023-05-10 22:05:00,2030.848,2029.623,2029.678,2029.974,2030.932,2029.101,2030.402,2029.521,0.055000000000063665
KNOWN_BOUNDARY,P30_C35_D64,2023-05-11 20:57:00,2023-05-11 22:01:00,64.0,2023-05-11,2023,5,Thursday,20:57,22:01,5,5,True,True,0,0,True,2023-05-11 20:53:00,2023-05-11 20:57:00,2023-05-11 22:01:00,2023-05-11 22:05:00,2014.789,2014.923,2014.888,2015.023,2015.079,2014.789,2015.217,2014.846,-0.035000000000081855
KNOWN_BOUNDARY,P30_C35_D64,2023-05-15 20:57:00,2023-05-15 22:01:00,64.0,2023-05-15,2023,5,Monday,20:57,22:01,5,5,True,True,0,0,True,2023-05-15 20:53:00,2023-05-15 20:57:00,2023-05-15 22:01:00,2023-05-15 22:05:00,2015.836,2016.216,2016.17,2016.409,2016.3,2015.836,2016.586,2016.04,-0.04599999999982174
KNOWN_BOUNDARY,P30_C35_D64,2023-05-16 20:57:00,2023-05-16 22:01:00,64.0,2023-05-16,2023,5,Tuesday,20:57,22:01,5,5,True,True,0,0,True,2023-05-16 20:53:00,2023-05-16 20:57:00,2023-05-16 22:01:00,2023-05-16 22:05:00,1988.783,1988.713,1988.753,1988.23,1989.096,1988.653,1989.221,1988.054,0.03999999999996362
KNOWN_BOUNDARY,P30_C35_D64,2023-05-17 20:57:00,2023-05-17 22:01:00,64.0,2023-05-17,2023,5,Wednesday,20:57,22:01,5,5,True,True,0,0,True,2023-05-17 20:53:00,2023-05-17 20:57:00,2023-05-17 22:01:00,2023-05-17 22:05:00,1981.744,1981.959,1980.909,1982.441,1982.096,1981.663,1982.452,1980.909,-1.0499999999999545
KNOWN_BOUNDARY,P30_C35_D64,2023-05-18 20:57:00,2023-05-18 22:01:00,64.0,2023-05-18,2023,5,Thursday,20:57,22:01,5,5,True,True,0,0,True,2023-05-18 20:53:00,2023-05-18 20:57:00,2023-05-18 22:01:00,2023-05-18 22:05:00,1957.36,1957.583,1958.059,1958.32,1957.617,1957.292,1958.414,1957.856,0.4759999999998854
KNOWN_BOUNDARY,P30_C35_D64,2023-05-22 20:57:00,2023-05-22 22:01:00,64.0,2023-05-22,2023,5,Monday,20:57,22:01,5,5,True,True,0,0,True,2023-05-22 20:53:00,2023-05-22 20:57:00,2023-05-22 22:01:00,2023-05-22 22:05:00,1971.785,1971.583,1971.865,1971.791,1971.899,1971.565,1972.154,1971.764,0.2819999999999254
KNOWN_BOUNDARY,P30_C35_D64,2023-05-23 20:57:00,2023-05-23 22:01:00,64.0,2023-05-23,2023,5,Tuesday,20:57,22:01,5,5,True,True,0,0,True,2023-05-23 20:53:00,2023-05-23 20:57:00,2023-05-23 22:01:00,2023-05-23 22:05:00,1974.86,1975.051,1974.591,1976.308,1975.291,1974.86,1976.448,1974.587,-0.4600000000000364
KNOWN_BOUNDARY,P30_C35_D64,2023-05-24 20:57:00,2023-05-24 22:01:00,64.0,2023-05-24,2023,5,Wednesday,20:57,22:01,5,5,True,True,0,0,True,2023-05-24 20:53:00,2023-05-24 20:57:00,2023-05-24 22:01:00,2023-05-24 22:05:00,1957.631,1957.211,1957.931,1958.462,1957.883,1957.09,1958.479,1957.931,0.7200000000000273
KNOWN_BOUNDARY,P30_C35_D64,2023-05-25 20:57:00,2023-05-25 22:01:00,64.0,2023-05-25,2023,5,Thursday,20:57,22:01,5,5,True,True,0,0,True,2023-05-25 20:53:00,2023-05-25 20:57:00,2023-05-25 22:01:00,2023-05-25 22:05:00,1940.223,1940.523,1940.636,1941.799,1940.676,1940.133,1941.903,1940.547,0.11300000000005639
KNOWN_BOUNDARY,P41_C1_D2,2023-05-29 23:58:00,2023-05-30 00:00:00,2.0,2023-05-29,2023,5,Monday,23:58,00:00,5,5,True,True,0,0,True,2023-05-29 23:54:00,2023-05-29 23:58:00,2023-05-30 00:00:00,2023-05-30 00:04:00,1942.304,1941.683,1941.498,1942.772,1942.304,1941.44,1943.037,1941.136,-0.18499999999994543
KNOWN_BOUNDARY,P30_C35_D64,2023-05-30 20:57:00,2023-05-30 22:01:00,64.0,2023-05-30,2023,5,Tuesday,20:57,22:01,5,5,True,True,0,0,True,2023-05-30 20:53:00,2023-05-30 20:57:00,2023-05-30 22:01:00,2023-05-30 22:05:00,1959.743,1959.359,1958.994,1958.744,1959.903,1959.359,1959.268,1958.725,-0.3650000000000091
KNOWN_BOUNDARY,P30_C35_D64,2023-05-31 20:57:00,2023-05-31 22:01:00,64.0,2023-05-31,2023,5,Wednesday,20:57,22:01,5,5,True,True,0,0,True,2023-05-31 20:53:00,2023-05-31 20:57:00,2023-05-31 22:01:00,2023-05-31 22:05:00,1963.055,1962.501,1962.717,1963.221,1963.245,1962.378,1963.472,1962.717,0.21600000000012187
KNOWN_BOUNDARY,P30_C35_D64,2023-06-01 20:57:00,2023-06-01 22:01:00,64.0,2023-06-01,2023,6,Thursday,20:57,22:01,5,5,True,True,0,0,True,2023-06-01 20:53:00,2023-06-01 20:57:00,2023-06-01 22:01:00,2023-06-01 22:05:00,1977.641,1977.46,1977.115,1976.933,1977.835,1977.436,1977.178,1976.664,-0.3450000000000273
KNOWN_BOUNDARY,P30_C35_D64,2023-06-05 20:57:00,2023-06-05 22:01:00,64.0,2023-06-05,2023,6,Monday,20:57,22:01,5,5,True,True,0,0,True,2023-06-05 20:53:00,2023-06-05 20:57:00,2023-06-05 22:01:00,2023-06-05 22:05:00,1961.841,1961.728,1961.485,1961.394,1961.841,1961.619,1961.502,1961.278,-0.24300000000016553
KNOWN_BOUNDARY,P30_C35_D64,2023-06-06 20:57:00,2023-06-06 22:01:00,64.0,2023-06-06,2023,6,Tuesday,20:57,22:01,5,5,True,True,0,0,True,2023-06-06 20:53:00,2023-06-06 20:57:00,2023-06-06 22:01:00,2023-06-06 22:05:00,1963.058,1963.161,1963.594,1963.212,1963.161,1962.934,1963.801,1963.091,0.4329999999999927
KNOWN_BOUNDARY,P30_C35_D64,2023-06-07 20:57:00,2023-06-07 22:01:00,64.0,2023-06-07,2023,6,Wednesday,20:57,22:01,5,5,True,True,0,0,True,2023-06-07 20:53:00,2023-06-07 20:57:00,2023-06-07 22:01:00,2023-06-07 22:05:00,1940.163,1939.96,1939.848,1941.056,1940.273,1939.885,1941.056,1939.848,-0.11200000000008004
KNOWN_BOUNDARY,P30_C35_D64,2023-06-08 20:57:00,2023-06-08 22:01:00,64.0,2023-06-08,2023,6,Thursday,20:57,22:01,5,5,True,True,0,0,True,2023-06-08 20:53:00,2023-06-08 20:57:00,2023-06-08 22:01:00,2023-06-08 22:05:00,1965.44,1965.43,1965.692,1966.139,1965.44,1965.258,1966.146,1965.599,0.2619999999999436
KNOWN_BOUNDARY,P30_C35_D64,2023-06-12 20:57:00,2023-06-12 22:01:00,64.0,2023-06-12,2023,6,Monday,20:57,22:01,5,5,True,True,0,0,True,2023-06-12 20:53:00,2023-06-12 20:57:00,2023-06-12 22:01:00,2023-06-12 22:05:00,1957.022,1957.444,1957.333,1956.891,1957.738,1956.931,1957.378,1956.891,-0.11099999999987631
KNOWN_BOUNDARY,P30_C35_D64,2023-06-13 20:57:00,2023-06-13 22:01:00,64.0,2023-06-13,2023,6,Tuesday,20:57,22:01,5,5,True,True,0,0,True,2023-06-13 20:53:00,2023-06-13 20:57:00,2023-06-13 22:01:00,2023-06-13 22:05:00,1943.164,1943.484,1943.244,1944.041,1943.499,1942.961,1944.041,1943.202,-0.2400000000000091
KNOWN_BOUNDARY,P30_C35_D64,2023-06-14 20:57:00,2023-06-14 22:01:00,64.0,2023-06-14,2023,6,Wednesday,20:57,22:01,5,5,True,True,0,0,True,2023-06-14 20:53:00,2023-06-14 20:57:00,2023-06-14 22:01:00,2023-06-14 22:05:00,1940.326,1941.195,1941.788,1943.585,1941.195,1939.673,1943.813,1941.788,0.5930000000000746
KNOWN_BOUNDARY,P30_C35_D64,2023-06-15 20:57:00,2023-06-15 22:01:00,64.0,2023-06-15,2023,6,Thursday,20:57,22:01,5,5,True,True,0,0,True,2023-06-15 20:53:00,2023-06-15 20:57:00,2023-06-15 22:01:00,2023-06-15 22:05:00,1958.018,1957.886,1957.277,1957.63,1958.074,1957.686,1957.63,1957.215,-0.6089999999999236
KNOWN_BOUNDARY,P41_C1_D2,2023-06-19 23:58:00,2023-06-20 00:00:00,2.0,2023-06-19,2023,6,Monday,23:58,00:00,5,5,True,True,0,0,True,2023-06-19 23:54:00,2023-06-19 23:58:00,2023-06-20 00:00:00,2023-06-20 00:04:00,1951.441,1952.197,1952.383,1952.12,1952.25,1951.419,1952.929,1951.819,0.18600000000014916
KNOWN_BOUNDARY,P30_C35_D64,2023-06-20 20:57:00,2023-06-20 22:01:00,64.0,2023-06-20,2023,6,Tuesday,20:57,22:01,5,5,True,True,0,0,True,2023-06-20 20:53:00,2023-06-20 20:57:00,2023-06-20 22:01:00,2023-06-20 22:05:00,1935.519,1936.101,1936.489,1936.329,1936.127,1935.451,1936.698,1936.301,0.38799999999991996
KNOWN_BOUNDARY,P30_C35_D64,2023-06-21 20:57:00,2023-06-21 22:01:00,64.0,2023-06-21,2023,6,Wednesday,20:57,22:01,5,5,True,True,0,0,True,2023-06-21 20:53:00,2023-06-21 20:57:00,2023-06-21 22:01:00,2023-06-21 22:05:00,1932.55,1932.388,1932.934,1933.269,1932.679,1932.027,1933.43,1932.696,0.5460000000000491
KNOWN_BOUNDARY,P30_C35_D64,2023-06-22 20:57:00,2023-06-22 22:01:00,64.0,2023-06-22,2023,6,Thursday,20:57,22:01,5,5,True,True,0,0,True,2023-06-22 20:53:00,2023-06-22 20:57:00,2023-06-22 22:01:00,2023-06-22 22:05:00,1913.074,1913.624,1913.91,1914.218,1913.624,1912.826,1914.344,1913.861,0.2860000000000582
KNOWN_BOUNDARY,P30_C35_D64,2023-06-26 20:57:00,2023-06-26 22:01:00,64.0,2023-06-26,2023,6,Monday,20:57,22:01,5,5,True,True,0,0,True,2023-06-26 20:53:00,2023-06-26 20:57:00,2023-06-26 22:01:00,2023-06-26 22:05:00,1923.201,1923.087,1923.198,1924.006,1923.359,1923.01,1924.006,1923.198,0.11100000000010368
KNOWN_BOUNDARY,P30_C35_D64,2023-06-27 20:57:00,2023-06-27 22:01:00,64.0,2023-06-27,2023,6,Tuesday,20:57,22:01,5,5,True,True,0,0,True,2023-06-27 20:53:00,2023-06-27 20:57:00,2023-06-27 22:01:00,2023-06-27 22:05:00,1913.109,1913.552,1914.14,1914.272,1913.583,1913.042,1914.486,1913.976,0.5880000000001928
KNOWN_BOUNDARY,P30_C35_D64,2023-06-28 20:57:00,2023-06-28 22:01:00,64.0,2023-06-28,2023,6,Wednesday,20:57,22:01,5,5,True,True,0,0,True,2023-06-28 20:53:00,2023-06-28 20:57:00,2023-06-28 22:01:00,2023-06-28 22:05:00,1906.807,1907.392,1907.498,1908.623,1907.392,1906.774,1908.623,1907.294,0.10599999999999454
KNOWN_BOUNDARY,P30_C35_D64,2023-06-29 20:57:00,2023-06-29 22:01:00,64.0,2023-06-29,2023,6,Thursday,20:57,22:01,5,5,True,True,0,0,True,2023-06-29 20:53:00,2023-06-29 20:57:00,2023-06-29 22:01:00,2023-06-29 22:05:00,1908.21,1907.939,1908.618,1908.901,1908.21,1907.939,1908.901,1908.316,0.6789999999998599
KNOWN_BOUNDARY,P30_C35_D64,2023-07-03 20:57:00,2023-07-03 22:01:00,64.0,2023-07-03,2023,7,Monday,20:57,22:01,5,5,True,True,0,0,True,2023-07-03 20:53:00,2023-07-03 20:57:00,2023-07-03 22:01:00,2023-07-03 22:05:00,1921.383,1921.434,1921.351,1921.21,1921.46,1921.198,1921.478,1921.137,-0.0829999999998563
KNOWN_BOUNDARY,P41_C1_D2,2023-07-04 23:58:00,2023-07-05 00:00:00,2.0,2023-07-04,2023,7,Tuesday,23:58,00:00,5,5,True,True,0,0,True,2023-07-04 23:54:00,2023-07-04 23:58:00,2023-07-05 00:00:00,2023-07-05 00:04:00,1925.908,1926.176,1926.247,1926.182,1926.262,1925.887,1926.55,1926.091,0.07100000000014006
KNOWN_BOUNDARY,P30_C35_D64,2023-07-05 20:57:00,2023-07-05 22:01:00,64.0,2023-07-05,2023,7,Wednesday,20:57,22:01,5,5,True,True,0,0,True,2023-07-05 20:53:00,2023-07-05 20:57:00,2023-07-05 22:01:00,2023-07-05 22:05:00,1914.999,1915.013,1915.373,1916.23,1915.053,1914.765,1916.317,1915.345,0.36000000000012733
KNOWN_BOUNDARY,P30_C35_D64,2023-07-06 20:57:00,2023-07-06 22:01:00,64.0,2023-07-06,2023,7,Thursday,20:57,22:01,5,5,True,True,0,0,True,2023-07-06 20:53:00,2023-07-06 20:57:00,2023-07-06 22:01:00,2023-07-06 22:05:00,1910.609,1910.887,1910.791,1911.062,1910.946,1910.609,1911.062,1910.522,-0.09600000000000364
KNOWN_BOUNDARY,P30_C35_D64,2023-07-10 20:57:00,2023-07-10 22:01:00,64.0,2023-07-10,2023,7,Monday,20:57,22:01,5,5,True,True,0,0,True,2023-07-10 20:53:00,2023-07-10 20:57:00,2023-07-10 22:01:00,2023-07-10 22:05:00,1925.15,1925.232,1925.352,1925.307,1925.309,1925.042,1925.38,1925.216,0.12000000000011823
KNOWN_BOUNDARY,P30_C35_D64,2023-07-11 20:57:00,2023-07-11 22:01:00,64.0,2023-07-11,2023,7,Tuesday,20:57,22:01,5,5,True,True,0,0,True,2023-07-11 20:53:00,2023-07-11 20:57:00,2023-07-11 22:01:00,2023-07-11 22:05:00,1931.995,1932.38,1932.228,1932.229,1932.38,1931.985,1932.347,1932.188,-0.15200000000004366
KNOWN_BOUNDARY,P30_C35_D64,2023-07-12 20:57:00,2023-07-12 22:01:00,64.0,2023-07-12,2023,7,Wednesday,20:57,22:01,5,5,True,True,0,0,True,2023-07-12 20:53:00,2023-07-12 20:57:00,2023-07-12 22:01:00,2023-07-12 22:05:00,1957.626,1957.358,1957.127,1957.795,1957.701,1957.358,1957.835,1956.886,-0.23099999999999454
KNOWN_BOUNDARY,P30_C35_D64,2023-07-13 20:57:00,2023-07-13 22:01:00,64.0,2023-07-13,2023,7,Thursday,20:57,22:01,5,5,True,True,0,0,True,2023-07-13 20:53:00,2023-07-13 20:57:00,2023-07-13 22:01:00,2023-07-13 22:05:00,1960.247,1960.532,1960.376,1960.456,1960.547,1960.247,1960.617,1960.351,-0.15599999999994907
KNOWN_BOUNDARY,P30_C35_D64,2023-07-17 20:57:00,2023-07-17 22:01:00,64.0,2023-07-17,2023,7,Monday,20:57,22:01,5,5,True,True,0,0,True,2023-07-17 20:53:00,2023-07-17 20:57:00,2023-07-17 22:01:00,2023-07-17 22:05:00,1954.902,1954.927,1954.802,1954.657,1954.956,1954.772,1954.802,1954.589,-0.125
KNOWN_BOUNDARY,P30_C35_D64,2023-07-18 20:57:00,2023-07-18 22:01:00,64.0,2023-07-18,2023,7,Tuesday,20:57,22:01,5,5,True,True,0,0,True,2023-07-18 20:53:00,2023-07-18 20:57:00,2023-07-18 22:01:00,2023-07-18 22:05:00,1978.69,1978.783,1978.788,1978.783,1978.878,1978.659,1979.003,1978.719,0.005000000000109139
KNOWN_BOUNDARY,P30_C35_D64,2023-07-19 20:57:00,2023-07-19 22:01:00,64.0,2023-07-19,2023,7,Wednesday,20:57,22:01,5,5,True,True,0,0,True,2023-07-19 20:53:00,2023-07-19 20:57:00,2023-07-19 22:01:00,2023-07-19 22:05:00,1976.648,1977.015,1975.833,1978.177,1977.065,1976.61,1978.315,1975.4,-1.1820000000000164
KNOWN_BOUNDARY,P30_C35_D64,2023-07-20 20:57:00,2023-07-20 22:01:00,64.0,2023-07-20,2023,7,Thursday,20:57,22:01,5,5,True,True,0,0,True,2023-07-20 20:53:00,2023-07-20 20:57:00,2023-07-20 22:01:00,2023-07-20 22:05:00,1969.664,1969.405,1970.196,1970.388,1969.742,1969.394,1970.48,1970.162,0.79099999999994
KNOWN_BOUNDARY,P30_C35_D64,2023-07-24 20:57:00,2023-07-24 22:01:00,64.0,2023-07-24,2023,7,Monday,20:57,22:01,5,5,True,True,0,0,True,2023-07-24 20:53:00,2023-07-24 20:57:00,2023-07-24 22:01:00,2023-07-24 22:05:00,1954.812,1954.624,1954.833,1955.114,1954.845,1954.19,1955.265,1954.772,0.20900000000006003
KNOWN_BOUNDARY,P30_C35_D64,2023-07-25 20:57:00,2023-07-25 22:01:00,64.0,2023-07-25,2023,7,Tuesday,20:57,22:01,5,5,True,True,0,0,True,2023-07-25 20:53:00,2023-07-25 20:57:00,2023-07-25 22:01:00,2023-07-25 22:05:00,1964.827,1964.614,1965.15,1964.857,1964.89,1964.581,1965.198,1964.724,0.5360000000000582
KNOWN_BOUNDARY,P30_C35_D64,2023-07-26 20:57:00,2023-07-26 22:01:00,64.0,2023-07-26,2023,7,Wednesday,20:57,22:01,5,5,True,True,0,0,True,2023-07-26 20:53:00,2023-07-26 20:57:00,2023-07-26 22:01:00,2023-07-26 22:05:00,1972.073,1972.133,1971.871,1971.018,1972.257,1972.073,1972.023,1971.018,-0.2619999999999436
KNOWN_BOUNDARY,P30_C35_D64,2023-07-27 20:57:00,2023-07-27 22:01:00,64.0,2023-07-27,2023,7,Thursday,20:57,22:01,5,5,True,True,0,0,True,2023-07-27 20:53:00,2023-07-27 20:57:00,2023-07-27 22:01:00,2023-07-27 22:05:00,1944.618,1945.03,1946.404,1946.62,1945.35,1944.533,1947.016,1946.348,1.3740000000000236
KNOWN_BOUNDARY,P30_C35_D64,2023-07-31 20:57:00,2023-07-31 22:01:00,64.0,2023-07-31,2023,7,Monday,20:57,22:01,5,5,True,True,0,0,True,2023-07-31 20:53:00,2023-07-31 20:57:00,2023-07-31 22:01:00,2023-07-31 22:05:00,1965.503,1965.407,1965.746,1965.544,1965.606,1965.407,1965.836,1965.536,0.33900000000016917
KNOWN_BOUNDARY,P30_C35_D64,2023-08-01 20:57:00,2023-08-01 22:01:00,64.0,2023-08-01,2023,8,Tuesday,20:57,22:01,5,5,True,True,0,0,True,2023-08-01 20:53:00,2023-08-01 20:57:00,2023-08-01 22:01:00,2023-08-01 22:05:00,1944.16,1944.081,1949.57,1949.119,1944.221,1944.078,1951.677,1948.599,5.489000000000033
KNOWN_BOUNDARY,P30_C35_D64,2023-08-02 20:57:00,2023-08-02 22:01:00,64.0,2023-08-02,2023,8,Wednesday,20:57,22:01,5,5,True,True,0,0,True,2023-08-02 20:53:00,2023-08-02 20:57:00,2023-08-02 22:01:00,2023-08-02 22:05:00,1934.639,1934.487,1935.061,1934.93,1934.689,1934.388,1935.414,1934.779,0.5739999999998417
KNOWN_BOUNDARY,P30_C35_D64,2023-08-03 20:57:00,2023-08-03 22:01:00,64.0,2023-08-03,2023,8,Thursday,20:57,22:01,5,5,True,True,0,0,True,2023-08-03 20:53:00,2023-08-03 20:57:00,2023-08-03 22:01:00,2023-08-03 22:05:00,1934.266,1934.169,1934.247,1934.636,1934.303,1934.126,1934.835,1934.185,0.07799999999997453
KNOWN_BOUNDARY,P30_C35_D64,2023-08-07 20:57:00,2023-08-07 22:01:00,64.0,2023-08-07,2023,8,Monday,20:57,22:01,5,5,True,True,0,0,True,2023-08-07 20:53:00,2023-08-07 20:57:00,2023-08-07 22:01:00,2023-08-07 22:05:00,1936.345,1936.492,1936.589,1936.211,1936.614,1936.181,1936.712,1936.147,0.09699999999997999
KNOWN_BOUNDARY,P30_C35_D64,2023-08-08 20:57:00,2023-08-08 22:01:00,64.0,2023-08-08,2023,8,Tuesday,20:57,22:01,5,5,True,True,0,0,True,2023-08-08 20:53:00,2023-08-08 20:57:00,2023-08-08 22:01:00,2023-08-08 22:05:00,1924.729,1925.02,1924.997,1924.999,1925.16,1924.641,1925.041,1924.871,-0.02299999999991087
KNOWN_BOUNDARY,P30_C35_D64,2023-08-09 20:57:00,2023-08-09 22:01:00,64.0,2023-08-09,2023,8,Wednesday,20:57,22:01,5,5,True,True,0,0,True,2023-08-09 20:53:00,2023-08-09 20:57:00,2023-08-09 22:01:00,2023-08-09 22:05:00,1914.461,1914.82,1914.776,1915.435,1914.843,1914.333,1915.545,1914.623,-0.04399999999986903
KNOWN_BOUNDARY,P30_C35_D64,2023-08-10 20:57:00,2023-08-10 22:01:00,64.0,2023-08-10,2023,8,Thursday,20:57,22:01,5,5,True,True,0,0,True,2023-08-10 20:53:00,2023-08-10 20:57:00,2023-08-10 22:01:00,2023-08-10 22:05:00,1912.249,1912.359,1912.73,1912.683,1912.52,1912.201,1912.826,1912.455,0.3710000000000946
KNOWN_BOUNDARY,P30_C35_D64,2023-08-14 20:57:00,2023-08-14 22:01:00,64.0,2023-08-14,2023,8,Monday,20:57,22:01,5,5,True,True,0,0,True,2023-08-14 20:53:00,2023-08-14 20:57:00,2023-08-14 22:01:00,2023-08-14 22:05:00,1907.351,1907.415,1907.259,1907.243,1907.48,1907.12,1907.422,1907.128,-0.15599999999994907
KNOWN_BOUNDARY,P30_C35_D64,2023-08-15 20:57:00,2023-08-15 22:01:00,64.0,2023-08-15,2023,8,Tuesday,20:57,22:01,5,5,True,True,0,0,True,2023-08-15 20:53:00,2023-08-15 20:57:00,2023-08-15 22:01:00,2023-08-15 22:05:00,1901.533,1901.57,1901.901,1902.252,1901.768,1901.332,1902.279,1901.749,0.33100000000013097
KNOWN_BOUNDARY,P30_C35_D64,2023-08-16 20:57:00,2023-08-16 22:01:00,64.0,2023-08-16,2023,8,Wednesday,20:57,22:01,5,5,True,True,0,0,True,2023-08-16 20:53:00,2023-08-16 20:57:00,2023-08-16 22:01:00,2023-08-16 22:05:00,1892.778,1892.005,1892.167,1894.574,1892.778,1891.798,1894.575,1892.167,0.1619999999998072
KNOWN_BOUNDARY,P30_C35_D64,2023-08-17 20:57:00,2023-08-17 22:01:00,64.0,2023-08-17,2023,8,Thursday,20:57,22:01,5,5,True,True,0,0,True,2023-08-17 20:53:00,2023-08-17 20:57:00,2023-08-17 22:01:00,2023-08-17 22:05:00,1889.026,1889.179,1889.481,1889.544,1889.517,1888.841,1889.875,1889.481,0.30199999999990723
KNOWN_BOUNDARY,P30_C35_D64,2023-08-21 20:57:00,2023-08-21 22:01:00,64.0,2023-08-21,2023,8,Monday,20:57,22:01,5,5,True,True,0,0,True,2023-08-21 20:53:00,2023-08-21 20:57:00,2023-08-21 22:01:00,2023-08-21 22:05:00,1894.611,1894.774,1894.607,1894.64,1894.774,1894.456,1894.734,1894.572,-0.16699999999991633
KNOWN_BOUNDARY,P30_C35_D64,2023-08-22 20:57:00,2023-08-22 22:01:00,64.0,2023-08-22,2023,8,Tuesday,20:57,22:01,5,5,True,True,0,0,True,2023-08-22 20:53:00,2023-08-22 20:57:00,2023-08-22 22:01:00,2023-08-22 22:05:00,1897.326,1897.539,1897.492,1897.68,1897.539,1897.228,1897.906,1897.333,-0.047000000000025466
KNOWN_BOUNDARY,P30_C35_D64,2023-08-23 20:57:00,2023-08-23 22:01:00,64.0,2023-08-23,2023,8,Wednesday,20:57,22:01,5,5,True,True,0,0,True,2023-08-23 20:53:00,2023-08-23 20:57:00,2023-08-23 22:01:00,2023-08-23 22:05:00,1915.598,1915.323,1915.314,1917.113,1915.656,1915.301,1917.17,1915.263,-0.009000000000014552
KNOWN_BOUNDARY,P30_C35_D64,2023-08-24 20:57:00,2023-08-24 22:01:00,64.0,2023-08-24,2023,8,Thursday,20:57,22:01,5,5,True,True,0,0,True,2023-08-24 20:53:00,2023-08-24 20:57:00,2023-08-24 22:01:00,2023-08-24 22:05:00,1916.96,1916.71,1916.933,1916.866,1916.974,1916.703,1917.177,1916.585,0.22299999999995634
KNOWN_BOUNDARY,P30_C35_D64,2023-08-28 20:57:00,2023-08-28 22:01:00,64.0,2023-08-28,2023,8,Monday,20:57,22:01,5,5,True,True,0,0,True,2023-08-28 20:53:00,2023-08-28 20:57:00,2023-08-28 22:01:00,2023-08-28 22:05:00,1920.002,1920.113,1920.076,1920.207,1920.115,1919.966,1920.207,1920.075,-0.03700000000003456
KNOWN_BOUNDARY,P30_C35_D64,2023-08-29 20:57:00,2023-08-29 22:01:00,64.0,2023-08-29,2023,8,Tuesday,20:57,22:01,5,5,True,True,0,0,True,2023-08-29 20:53:00,2023-08-29 20:57:00,2023-08-29 22:01:00,2023-08-29 22:05:00,1937.49,1937.374,1937.24,1937.146,1937.657,1937.311,1937.567,1937.091,-0.13400000000001455
KNOWN_BOUNDARY,P30_C35_D64,2023-08-30 20:57:00,2023-08-30 22:01:00,64.0,2023-08-30,2023,8,Wednesday,20:57,22:01,5,5,True,True,0,0,True,2023-08-30 20:53:00,2023-08-30 20:57:00,2023-08-30 22:01:00,2023-08-30 22:05:00,1942.944,1942.373,1943.006,1943.639,1942.944,1942.152,1943.944,1942.758,0.6330000000000382
KNOWN_BOUNDARY,P30_C35_D64,2023-08-31 20:57:00,2023-08-31 22:01:00,64.0,2023-08-31,2023,8,Thursday,20:57,22:01,5,5,True,True,0,0,True,2023-08-31 20:53:00,2023-08-31 20:57:00,2023-08-31 22:01:00,2023-08-31 22:05:00,1939.796,1939.756,1940.06,1939.959,1939.895,1939.733,1940.216,1939.959,0.30399999999985994
KNOWN_BOUNDARY,P41_C1_D2,2023-09-04 23:58:00,2023-09-05 00:00:00,2.0,2023-09-04,2023,9,Monday,23:58,00:00,5,5,True,True,0,0,True,2023-09-04 23:54:00,2023-09-04 23:58:00,2023-09-05 00:00:00,2023-09-05 00:04:00,1937.787,1937.659,1937.551,1937.412,1937.795,1937.628,1937.562,1937.177,-0.10800000000017462
KNOWN_BOUNDARY,P30_C35_D64,2023-09-05 20:57:00,2023-09-05 22:01:00,64.0,2023-09-05,2023,9,Tuesday,20:57,22:01,5,5,True,True,0,0,True,2023-09-05 20:53:00,2023-09-05 20:57:00,2023-09-05 22:01:00,2023-09-05 22:05:00,1925.823,1925.889,1926.279,1926.209,1926.07,1925.782,1926.342,1925.996,0.39000000000010004
KNOWN_BOUNDARY,P30_C35_D64,2023-09-06 20:57:00,2023-09-06 22:01:00,64.0,2023-09-06,2023,9,Wednesday,20:57,22:01,5,5,True,True,0,0,True,2023-09-06 20:53:00,2023-09-06 20:57:00,2023-09-06 22:01:00,2023-09-06 22:05:00,1915.977,1916.351,1917.426,1917.446,1916.351,1915.977,1917.98,1917.267,1.074999999999818
KNOWN_BOUNDARY,P30_C35_D64,2023-09-07 20:57:00,2023-09-07 22:01:00,64.0,2023-09-07,2023,9,Thursday,20:57,22:01,5,5,True,True,0,0,True,2023-09-07 20:53:00,2023-09-07 20:57:00,2023-09-07 22:01:00,2023-09-07 22:05:00,1919.42,1919.519,1919.554,1919.464,1919.559,1919.413,1919.638,1919.315,0.035000000000081855
KNOWN_BOUNDARY,P30_C35_D64,2023-09-11 20:57:00,2023-09-11 22:01:00,64.0,2023-09-11,2023,9,Monday,20:57,22:01,5,5,True,True,0,0,True,2023-09-11 20:53:00,2023-09-11 20:57:00,2023-09-11 22:01:00,2023-09-11 22:05:00,1922.268,1922.27,1922.699,1922.746,1922.298,1922.173,1922.829,1922.605,0.4290000000000873
KNOWN_BOUNDARY,P30_C35_D64,2023-09-12 20:57:00,2023-09-12 22:01:00,64.0,2023-09-12,2023,9,Tuesday,20:57,22:01,5,5,True,True,0,0,True,2023-09-12 20:53:00,2023-09-12 20:57:00,2023-09-12 22:01:00,2023-09-12 22:05:00,1913.265,1913.411,1913.009,1913.358,1913.531,1913.188,1913.358,1913.009,-0.40200000000004366
KNOWN_BOUNDARY,P30_C35_D64,2023-09-13 20:57:00,2023-09-13 22:01:00,64.0,2023-09-13,2023,9,Wednesday,20:57,22:01,5,5,True,True,0,0,True,2023-09-13 20:53:00,2023-09-13 20:57:00,2023-09-13 22:01:00,2023-09-13 22:05:00,1908.329,1908.202,1908.886,1909.091,1908.44,1908.169,1909.137,1908.78,0.6839999999999691
KNOWN_BOUNDARY,P30_C35_D64,2023-09-14 20:57:00,2023-09-14 22:01:00,64.0,2023-09-14,2023,9,Thursday,20:57,22:01,5,5,True,True,0,0,True,2023-09-14 20:53:00,2023-09-14 20:57:00,2023-09-14 22:01:00,2023-09-14 22:05:00,1910.137,1910.632,1910.879,1910.642,1910.632,1910.137,1910.912,1910.561,0.24699999999984357
KNOWN_BOUNDARY,P30_C35_D64,2023-09-18 20:57:00,2023-09-18 22:01:00,64.0,2023-09-18,2023,9,Monday,20:57,22:01,5,5,True,True,0,0,True,2023-09-18 20:53:00,2023-09-18 20:57:00,2023-09-18 22:01:00,2023-09-18 22:05:00,1933.544,1933.542,1933.799,1933.624,1933.685,1933.523,1933.95,1933.489,0.25700000000006185
KNOWN_BOUNDARY,P30_C35_D64,2023-09-19 20:57:00,2023-09-19 22:01:00,64.0,2023-09-19,2023,9,Tuesday,20:57,22:01,5,5,True,True,0,0,True,2023-09-19 20:53:00,2023-09-19 20:57:00,2023-09-19 22:01:00,2023-09-19 22:05:00,1931.201,1931.24,1931.842,1932.198,1931.24,1931.182,1932.307,1931.842,0.6020000000000891
KNOWN_BOUNDARY,P30_C35_D64,2023-09-20 20:57:00,2023-09-20 22:01:00,64.0,2023-09-20,2023,9,Wednesday,20:57,22:01,5,5,True,True,0,0,True,2023-09-20 20:53:00,2023-09-20 20:57:00,2023-09-20 22:01:00,2023-09-20 22:05:00,1929.228,1930.426,1930.364,1930.15,1930.426,1929.121,1930.467,1929.557,-0.06199999999989814
KNOWN_BOUNDARY,P30_C35_D64,2023-09-21 20:57:00,2023-09-21 22:01:00,64.0,2023-09-21,2023,9,Thursday,20:57,22:01,5,5,True,True,0,0,True,2023-09-21 20:53:00,2023-09-21 20:57:00,2023-09-21 22:01:00,2023-09-21 22:05:00,1920.0,1920.002,1919.581,1919.843,1920.143,1919.892,1919.923,1919.329,-0.4210000000000491
KNOWN_BOUNDARY,P30_C35_D64,2023-09-25 20:57:00,2023-09-25 22:01:00,64.0,2023-09-25,2023,9,Monday,20:57,22:01,5,5,True,True,0,0,True,2023-09-25 20:53:00,2023-09-25 20:57:00,2023-09-25 22:01:00,2023-09-25 22:05:00,1915.896,1915.886,1916.106,1916.078,1916.062,1915.788,1916.244,1915.995,0.22000000000002728
KNOWN_BOUNDARY,P30_C35_D64,2023-09-26 20:57:00,2023-09-26 22:01:00,64.0,2023-09-26,2023,9,Tuesday,20:57,22:01,5,5,True,True,0,0,True,2023-09-26 20:53:00,2023-09-26 20:57:00,2023-09-26 22:01:00,2023-09-26 22:05:00,1900.4,1900.659,1900.651,1900.886,1900.793,1900.36,1900.891,1900.618,-0.008000000000038199
KNOWN_BOUNDARY,P30_C35_D64,2023-09-27 20:57:00,2023-09-27 22:01:00,64.0,2023-09-27,2023,9,Wednesday,20:57,22:01,5,5,True,True,0,0,True,2023-09-27 20:53:00,2023-09-27 20:57:00,2023-09-27 22:01:00,2023-09-27 22:05:00,1875.164,1874.637,1876.167,1876.556,1875.359,1874.599,1876.734,1876.024,1.5299999999999727
KNOWN_BOUNDARY,P30_C35_D64,2023-09-28 20:57:00,2023-09-28 22:01:00,64.0,2023-09-28,2023,9,Thursday,20:57,22:01,5,5,True,True,0,0,True,2023-09-28 20:53:00,2023-09-28 20:57:00,2023-09-28 22:01:00,2023-09-28 22:05:00,1864.731,1864.66,1865.276,1865.16,1865.331,1864.66,1865.369,1864.847,0.6159999999999854
KNOWN_BOUNDARY,P30_C35_D64,2023-10-02 20:57:00,2023-10-02 22:01:00,64.0,2023-10-02,2023,10,Monday,20:57,22:01,5,5,True,True,0,0,True,2023-10-02 20:53:00,2023-10-02 20:57:00,2023-10-02 22:01:00,2023-10-02 22:05:00,1828.168,1827.778,1828.946,1828.645,1828.168,1827.778,1829.503,1828.591,1.1679999999998927
KNOWN_BOUNDARY,P30_C35_D64,2023-10-03 20:57:00,2023-10-03 22:01:00,64.0,2023-10-03,2023,10,Tuesday,20:57,22:01,5,5,True,True,0,0,True,2023-10-03 20:53:00,2023-10-03 20:57:00,2023-10-03 22:01:00,2023-10-03 22:05:00,1823.187,1822.761,1823.437,1823.694,1823.391,1822.728,1823.873,1823.412,0.6759999999999309
KNOWN_BOUNDARY,P30_C35_D64,2023-10-04 20:57:00,2023-10-04 22:01:00,64.0,2023-10-04,2023,10,Wednesday,20:57,22:01,5,5,True,True,0,0,True,2023-10-04 20:53:00,2023-10-04 20:57:00,2023-10-04 22:01:00,2023-10-04 22:05:00,1820.686,1821.213,1821.648,1821.92,1821.356,1820.627,1821.938,1821.42,0.43499999999994543
KNOWN_BOUNDARY,P30_C35_D64,2023-10-05 20:57:00,2023-10-05 22:01:00,64.0,2023-10-05,2023,10,Thursday,20:57,22:01,5,5,True,True,0,0,True,2023-10-05 20:53:00,2023-10-05 20:57:00,2023-10-05 22:01:00,2023-10-05 22:05:00,1820.135,1820.282,1820.474,1820.682,1820.358,1820.065,1820.766,1820.238,0.19200000000000728
KNOWN_BOUNDARY,P30_C35_D64,2023-10-09 20:57:00,2023-10-09 22:01:00,64.0,2023-10-09,2023,10,Monday,20:57,22:01,5,5,True,True,0,0,True,2023-10-09 20:53:00,2023-10-09 20:57:00,2023-10-09 22:01:00,2023-10-09 22:05:00,1861.13,1861.303,1861.332,1860.988,1861.771,1861.105,1861.374,1860.96,0.028999999999996362
KNOWN_BOUNDARY,P30_C35_D64,2023-10-10 20:57:00,2023-10-10 22:01:00,64.0,2023-10-10,2023,10,Tuesday,20:57,22:01,5,5,True,True,0,0,True,2023-10-10 20:53:00,2023-10-10 20:57:00,2023-10-10 22:01:00,2023-10-10 22:05:00,1859.964,1860.366,1860.116,1860.118,1860.366,1859.915,1860.338,1860.104,-0.25
KNOWN_BOUNDARY,P30_C35_D64,2023-10-11 20:57:00,2023-10-11 22:01:00,64.0,2023-10-11,2023,10,Wednesday,20:57,22:01,5,5,True,True,0,0,True,2023-10-11 20:53:00,2023-10-11 20:57:00,2023-10-11 22:01:00,2023-10-11 22:05:00,1873.384,1873.867,1874.225,1874.323,1873.974,1873.308,1874.686,1873.665,0.35799999999994725
KNOWN_BOUNDARY,P30_C35_D64,2023-10-12 20:57:00,2023-10-12 22:01:00,64.0,2023-10-12,2023,10,Thursday,20:57,22:01,5,5,True,True,0,0,True,2023-10-12 20:53:00,2023-10-12 20:57:00,2023-10-12 22:01:00,2023-10-12 22:05:00,1868.889,1868.734,1869.145,1869.481,1868.892,1868.649,1869.481,1869.142,0.4110000000000582
KNOWN_BOUNDARY,P30_C35_D64,2023-10-16 20:57:00,2023-10-16 22:01:00,64.0,2023-10-16,2023,10,Monday,20:57,22:01,5,5,True,True,0,0,True,2023-10-16 20:53:00,2023-10-16 20:57:00,2023-10-16 22:01:00,2023-10-16 22:05:00,1919.706,1920.031,1919.956,1919.692,1920.033,1919.706,1920.134,1919.687,-0.07500000000004547
KNOWN_BOUNDARY,P30_C35_D64,2023-10-17 20:57:00,2023-10-17 22:01:00,64.0,2023-10-17,2023,10,Tuesday,20:57,22:01,5,5,True,True,0,0,True,2023-10-17 20:53:00,2023-10-17 20:57:00,2023-10-17 22:01:00,2023-10-17 22:05:00,1922.921,1923.133,1923.745,1923.355,1923.198,1922.833,1923.77,1923.258,0.6119999999998527
KNOWN_BOUNDARY,P30_C35_D64,2023-10-18 20:57:00,2023-10-18 22:01:00,64.0,2023-10-18,2023,10,Wednesday,20:57,22:01,5,5,True,True,0,0,True,2023-10-18 20:53:00,2023-10-18 20:57:00,2023-10-18 22:01:00,2023-10-18 22:05:00,1947.796,1947.404,1947.626,1948.109,1947.923,1947.074,1948.112,1947.287,0.22199999999998
KNOWN_BOUNDARY,P30_C35_D64,2023-10-19 20:57:00,2023-10-19 22:01:00,64.0,2023-10-19,2023,10,Thursday,20:57,22:01,5,5,True,True,0,0,True,2023-10-19 20:53:00,2023-10-19 20:57:00,2023-10-19 22:01:00,2023-10-19 22:05:00,1974.297,1973.969,1973.431,1973.065,1974.334,1973.963,1973.659,1972.933,-0.5380000000000109
KNOWN_BOUNDARY,P30_C35_D64,2023-10-23 20:57:00,2023-10-23 22:01:00,64.0,2023-10-23,2023,10,Monday,20:57,22:01,5,5,True,True,0,0,True,2023-10-23 20:53:00,2023-10-23 20:57:00,2023-10-23 22:01:00,2023-10-23 22:05:00,1972.683,1972.746,1973.651,1973.491,1972.803,1972.531,1973.651,1973.24,0.9049999999999727
KNOWN_BOUNDARY,P30_C35_D64,2023-10-24 20:57:00,2023-10-24 22:01:00,64.0,2023-10-24,2023,10,Tuesday,20:57,22:01,5,5,True,True,0,0,True,2023-10-24 20:53:00,2023-10-24 20:57:00,2023-10-24 22:01:00,2023-10-24 22:05:00,1971.189,1970.987,1970.806,1970.059,1971.19,1970.864,1970.838,1969.968,-0.18100000000004002
KNOWN_BOUNDARY,P30_C35_D64,2023-10-25 20:57:00,2023-10-25 22:01:00,64.0,2023-10-25,2023,10,Wednesday,20:57,22:01,5,5,True,True,0,0,True,2023-10-25 20:53:00,2023-10-25 20:57:00,2023-10-25 22:01:00,2023-10-25 22:05:00,1979.196,1979.883,1980.121,1980.464,1979.903,1979.196,1980.79,1980.077,0.2380000000000564
KNOWN_BOUNDARY,P30_C35_D64,2023-10-26 20:57:00,2023-10-26 22:01:00,64.0,2023-10-26,2023,10,Thursday,20:57,22:01,5,5,True,True,0,0,True,2023-10-26 20:53:00,2023-10-26 20:57:00,2023-10-26 22:01:00,2023-10-26 22:05:00,1984.952,1984.829,1984.619,1984.006,1984.955,1984.504,1984.913,1983.892,-0.21000000000003638
KNOWN_BOUNDARY,P30_C35_D64,2023-10-30 20:57:00,2023-10-30 22:01:00,64.0,2023-10-30,2023,10,Monday,20:57,22:01,5,5,True,True,0,0,True,2023-10-30 20:53:00,2023-10-30 20:57:00,2023-10-30 22:01:00,2023-10-30 22:05:00,1996.401,1996.191,1995.881,1996.01,1996.427,1996.184,1996.325,1995.774,-0.30999999999994543
KNOWN_BOUNDARY,P30_C35_D64,2023-10-31 20:57:00,2023-10-31 22:01:00,64.0,2023-10-31,2023,10,Tuesday,20:57,22:01,5,5,True,True,0,0,True,2023-10-31 20:53:00,2023-10-31 20:57:00,2023-10-31 22:01:00,2023-10-31 22:05:00,1984.144,1983.973,1983.64,1983.84,1984.144,1983.69,1984.213,1983.598,-0.3329999999998563
KNOWN_BOUNDARY,P30_C35_D64,2023-11-01 20:57:00,2023-11-01 22:01:00,64.0,2023-11-01,2023,11,Wednesday,20:57,22:01,5,5,True,True,0,0,True,2023-11-01 20:53:00,2023-11-01 20:57:00,2023-11-01 22:01:00,2023-11-01 22:05:00,1981.027,1982.165,1983.335,1981.781,1982.779,1980.872,1983.412,1981.723,1.1700000000000728
KNOWN_BOUNDARY,P30_C35_D64,2023-11-02 20:57:00,2023-11-02 22:01:00,64.0,2023-11-02,2023,11,Thursday,20:57,22:01,5,5,True,True,0,0,True,2023-11-02 20:53:00,2023-11-02 20:57:00,2023-11-02 22:01:00,2023-11-02 22:05:00,1985.425,1985.826,1986.143,1985.978,1985.83,1985.348,1986.143,1985.958,0.3170000000000073
KNOWN_BOUNDARY,P33_C39_D64,2023-11-06 21:57:00,2023-11-06 23:01:00,64.0,2023-11-06,2023,11,Monday,21:57,23:01,5,5,True,True,0,0,True,2023-11-06 21:53:00,2023-11-06 21:57:00,2023-11-06 23:01:00,2023-11-06 23:05:00,1978.21,1977.864,1978.146,1978.064,1978.278,1977.723,1978.277,1977.865,0.2819999999999254
KNOWN_BOUNDARY,P33_C39_D64,2023-11-07 21:57:00,2023-11-07 23:01:00,64.0,2023-11-07,2023,11,Tuesday,21:57,23:01,5,5,True,True,0,0,True,2023-11-07 21:53:00,2023-11-07 21:57:00,2023-11-07 23:01:00,2023-11-07 23:05:00,1968.93,1969.097,1969.25,1968.984,1969.178,1968.77,1969.336,1968.882,0.15300000000002
KNOWN_BOUNDARY,P33_C39_D64,2023-11-08 21:57:00,2023-11-08 23:01:00,64.0,2023-11-08,2023,11,Wednesday,21:57,23:01,5,5,True,True,0,0,True,2023-11-08 21:53:00,2023-11-08 21:57:00,2023-11-08 23:01:00,2023-11-08 23:05:00,1950.233,1950.165,1949.804,1951.004,1950.66,1950.106,1951.057,1949.781,-0.3609999999998763
KNOWN_BOUNDARY,P33_C39_D64,2023-11-09 21:57:00,2023-11-09 23:01:00,64.0,2023-11-09,2023,11,Thursday,21:57,23:01,5,5,True,True,0,0,True,2023-11-09 21:53:00,2023-11-09 21:57:00,2023-11-09 23:01:00,2023-11-09 23:05:00,1958.447,1958.314,1958.2,1958.227,1958.525,1958.097,1958.597,1957.997,-0.11400000000003274
KNOWN_BOUNDARY,P33_C39_D64,2023-11-13 21:57:00,2023-11-13 23:01:00,64.0,2023-11-13,2023,11,Monday,21:57,23:01,5,5,True,True,0,0,True,2023-11-13 21:53:00,2023-11-13 21:57:00,2023-11-13 23:01:00,2023-11-13 23:05:00,1946.024,1946.022,1946.292,1946.134,1946.131,1945.916,1946.444,1945.943,0.2699999999999818
KNOWN_BOUNDARY,P33_C39_D64,2023-11-14 21:57:00,2023-11-14 23:01:00,64.0,2023-11-14,2023,11,Tuesday,21:57,23:01,5,5,True,True,0,0,True,2023-11-14 21:53:00,2023-11-14 21:57:00,2023-11-14 23:01:00,2023-11-14 23:05:00,1963.027,1963.157,1962.936,1962.712,1963.308,1962.922,1963.17,1962.581,-0.22100000000000364
KNOWN_BOUNDARY,P33_C39_D64,2023-11-15 21:57:00,2023-11-15 23:01:00,64.0,2023-11-15,2023,11,Wednesday,21:57,23:01,5,5,True,True,0,0,True,2023-11-15 21:53:00,2023-11-15 21:57:00,2023-11-15 23:01:00,2023-11-15 23:05:00,1959.592,1959.457,1960.26,1960.4,1959.595,1959.208,1960.519,1959.841,0.8029999999998836
KNOWN_BOUNDARY,P33_C39_D64,2023-11-16 21:57:00,2023-11-16 23:01:00,64.0,2023-11-16,2023,11,Thursday,21:57,23:01,5,5,True,True,0,0,True,2023-11-16 21:53:00,2023-11-16 21:57:00,2023-11-16 23:01:00,2023-11-16 23:05:00,1981.083,1981.26,1980.852,1981.258,1981.328,1980.713,1981.431,1980.772,-0.4079999999999018
KNOWN_BOUNDARY,P33_C39_D64,2023-11-20 21:57:00,2023-11-20 23:01:00,64.0,2023-11-20,2023,11,Monday,21:57,23:01,5,5,True,True,0,0,True,2023-11-20 21:53:00,2023-11-20 21:57:00,2023-11-20 23:01:00,2023-11-20 23:05:00,1977.347,1977.731,1977.881,1978.657,1978.044,1977.347,1978.712,1977.73,0.15000000000009095
KNOWN_BOUNDARY,P33_C39_D64,2023-11-21 21:57:00,2023-11-21 23:01:00,64.0,2023-11-21,2023,11,Tuesday,21:57,23:01,5,5,True,True,0,0,True,2023-11-21 21:53:00,2023-11-21 21:57:00,2023-11-21 23:01:00,2023-11-21 23:05:00,1998.688,1998.395,1998.567,1998.598,1998.737,1998.248,1998.851,1998.464,0.17200000000002547
KNOWN_BOUNDARY,P33_C39_D64,2023-11-22 21:57:00,2023-11-22 23:01:00,64.0,2023-11-22,2023,11,Wednesday,21:57,23:01,5,5,True,True,0,0,True,2023-11-22 21:53:00,2023-11-22 21:57:00,2023-11-22 23:01:00,2023-11-22 23:05:00,1989.942,1989.768,1989.578,1989.955,1990.032,1989.584,1990.14,1989.561,-0.19000000000005457
KNOWN_BOUNDARY,P33_C39_D64,2023-11-27 21:57:00,2023-11-27 23:01:00,64.0,2023-11-27,2023,11,Monday,21:57,23:01,5,5,True,True,0,0,True,2023-11-27 21:53:00,2023-11-27 21:57:00,2023-11-27 23:01:00,2023-11-27 23:05:00,2013.931,2014.088,2014.002,2013.109,2014.231,2013.919,2014.307,2013.013,-0.08600000000001273
KNOWN_BOUNDARY,P33_C39_D64,2023-11-28 21:57:00,2023-11-28 23:01:00,64.0,2023-11-28,2023,11,Tuesday,21:57,23:01,5,5,True,True,0,0,True,2023-11-28 21:53:00,2023-11-28 21:57:00,2023-11-28 23:01:00,2023-11-28 23:05:00,2041.594,2040.926,2041.256,2041.175,2041.89,2040.767,2041.704,2040.681,0.3300000000001546
KNOWN_BOUNDARY,P33_C39_D64,2023-11-29 21:57:00,2023-11-29 23:01:00,64.0,2023-11-29,2023,11,Wednesday,21:57,23:01,5,5,True,True,0,0,True,2023-11-29 21:53:00,2023-11-29 21:57:00,2023-11-29 23:01:00,2023-11-29 23:05:00,2044.62,2044.242,2044.665,2044.522,2044.626,2043.883,2044.89,2044.261,0.4230000000000018
KNOWN_BOUNDARY,P33_C39_D64,2023-11-30 21:57:00,2023-11-30 23:01:00,64.0,2023-11-30,2023,11,Thursday,21:57,23:01,5,5,True,True,0,0,True,2023-11-30 21:53:00,2023-11-30 21:57:00,2023-11-30 23:01:00,2023-11-30 23:05:00,2036.208,2036.001,2036.952,2038.1,2036.331,2035.925,2038.167,2036.427,0.9510000000000218
KNOWN_BOUNDARY,P33_C39_D64,2023-12-04 21:57:00,2023-12-04 23:01:00,64.0,2023-12-04,2023,12,Monday,21:57,23:01,5,5,True,True,0,0,True,2023-12-04 21:53:00,2023-12-04 21:57:00,2023-12-04 23:01:00,2023-12-04 23:05:00,2028.957,2029.024,2029.806,2029.117,2029.105,2028.674,2030.167,2028.975,0.7820000000001528
KNOWN_BOUNDARY,P33_C39_D64,2023-12-05 21:57:00,2023-12-05 23:01:00,64.0,2023-12-05,2023,12,Tuesday,21:57,23:01,5,5,True,True,0,0,True,2023-12-05 21:53:00,2023-12-05 21:57:00,2023-12-05 23:01:00,2023-12-05 23:05:00,2018.971,2019.268,2019.606,2019.408,2019.306,2018.944,2019.781,2019.19,0.33799999999996544
KNOWN_BOUNDARY,P33_C39_D64,2023-12-06 21:57:00,2023-12-06 23:01:00,64.0,2023-12-06,2023,12,Wednesday,21:57,23:01,5,5,True,True,0,0,True,2023-12-06 21:53:00,2023-12-06 21:57:00,2023-12-06 23:01:00,2023-12-06 23:05:00,2025.372,2025.427,2025.677,2025.987,2025.561,2025.043,2026.404,2025.546,0.25
KNOWN_BOUNDARY,P33_C39_D64,2023-12-07 21:57:00,2023-12-07 23:01:00,64.0,2023-12-07,2023,12,Thursday,21:57,23:01,5,5,True,True,0,0,True,2023-12-07 21:53:00,2023-12-07 21:57:00,2023-12-07 23:01:00,2023-12-07 23:05:00,2028.555,2028.267,2028.614,2028.607,2028.646,2028.159,2028.867,2028.194,0.34699999999998
KNOWN_BOUNDARY,P33_C39_D64,2023-12-11 21:57:00,2023-12-11 23:01:00,64.0,2023-12-11,2023,12,Monday,21:57,23:01,5,5,True,True,0,0,True,2023-12-11 21:53:00,2023-12-11 21:57:00,2023-12-11 23:01:00,2023-12-11 23:05:00,1981.706,1981.779,1982.048,1982.101,1981.89,1981.636,1982.597,1981.93,0.26900000000000546
KNOWN_BOUNDARY,P33_C39_D64,2023-12-12 21:57:00,2023-12-12 23:01:00,64.0,2023-12-12,2023,12,Tuesday,21:57,23:01,5,5,True,True,0,0,True,2023-12-12 21:53:00,2023-12-12 21:57:00,2023-12-12 23:01:00,2023-12-12 23:05:00,1979.456,1979.365,1980.537,1979.95,1979.569,1979.293,1980.714,1979.834,1.1720000000000255
KNOWN_BOUNDARY,P33_C39_D64,2023-12-13 21:57:00,2023-12-13 23:01:00,64.0,2023-12-13,2023,12,Wednesday,21:57,23:01,5,5,True,True,0,0,True,2023-12-13 21:53:00,2023-12-13 21:57:00,2023-12-13 23:01:00,2023-12-13 23:05:00,2026.343,2027.32,2024.71,2025.857,2027.872,2026.201,2026.097,2024.291,-2.6099999999999
KNOWN_BOUNDARY,P33_C39_D64,2023-12-14 21:57:00,2023-12-14 23:01:00,64.0,2023-12-14,2023,12,Thursday,21:57,23:01,5,5,True,True,0,0,True,2023-12-14 21:53:00,2023-12-14 21:57:00,2023-12-14 23:01:00,2023-12-14 23:05:00,2035.731,2036.099,2036.366,2036.506,2036.252,2035.699,2036.927,2036.075,0.26700000000005275
KNOWN_BOUNDARY,P33_C39_D64,2023-12-18 21:57:00,2023-12-18 23:01:00,64.0,2023-12-18,2023,12,Monday,21:57,23:01,5,5,True,True,0,0,True,2023-12-18 21:53:00,2023-12-18 21:57:00,2023-12-18 23:01:00,2023-12-18 23:05:00,2027.184,2027.089,2027.527,2027.7,2027.277,2027.058,2027.989,2027.401,0.43800000000010186
KNOWN_BOUNDARY,P33_C39_D64,2023-12-19 21:57:00,2023-12-19 23:01:00,64.0,2023-12-19,2023,12,Tuesday,21:57,23:01,5,5,True,True,0,0,True,2023-12-19 21:53:00,2023-12-19 21:57:00,2023-12-19 23:01:00,2023-12-19 23:05:00,2040.43,2040.188,2039.822,2039.884,2040.615,2040.083,2040.26,2039.723,-0.3660000000002128
KNOWN_BOUNDARY,P33_C39_D64,2023-12-20 21:57:00,2023-12-20 23:01:00,64.0,2023-12-20,2023,12,Wednesday,21:57,23:01,5,5,True,True,0,0,True,2023-12-20 21:53:00,2023-12-20 21:57:00,2023-12-20 23:01:00,2023-12-20 23:05:00,2030.076,2031.624,2032.023,2032.802,2032.016,2029.995,2032.802,2031.804,0.3989999999998872
KNOWN_BOUNDARY,P33_C39_D64,2023-12-21 21:57:00,2023-12-21 23:01:00,64.0,2023-12-21,2023,12,Thursday,21:57,23:01,5,5,True,True,0,0,True,2023-12-21 21:53:00,2023-12-21 21:57:00,2023-12-21 23:01:00,2023-12-21 23:05:00,2045.872,2045.842,2048.205,2049.828,2045.994,2045.696,2050.064,2046.67,2.362999999999829
KNOWN_BOUNDARY,P41_C1_D2,2023-12-25 23:58:00,2023-12-26 00:00:00,2.0,2023-12-25,2023,12,Monday,23:58,00:00,5,5,True,True,0,0,True,2023-12-25 23:54:00,2023-12-25 23:58:00,2023-12-26 00:00:00,2023-12-26 00:04:00,2054.7,2054.471,2054.462,2054.28,2054.7,2054.347,2055.058,2054.021,-0.009000000000014552
KNOWN_BOUNDARY,P33_C39_D64,2023-12-26 21:57:00,2023-12-26 23:01:00,64.0,2023-12-26,2023,12,Tuesday,21:57,23:01,5,5,True,True,0,0,True,2023-12-26 21:53:00,2023-12-26 21:57:00,2023-12-26 23:01:00,2023-12-26 23:05:00,2066.878,2067.506,2067.518,2067.767,2067.652,2066.878,2068.012,2066.948,0.012000000000170985
KNOWN_BOUNDARY,P33_C39_D64,2023-12-27 21:57:00,2023-12-27 23:01:00,64.0,2023-12-27,2023,12,Wednesday,21:57,23:01,5,5,True,True,0,0,True,2023-12-27 21:53:00,2023-12-27 21:57:00,2023-12-27 23:01:00,2023-12-27 23:05:00,2077.315,2077.088,2077.535,2077.805,2077.448,2076.761,2078.056,2077.115,0.44699999999966167
KNOWN_BOUNDARY,P33_C39_D64,2023-12-28 21:57:00,2023-12-28 23:01:00,64.0,2023-12-28,2023,12,Thursday,21:57,23:01,5,5,True,True,0,0,True,2023-12-28 21:53:00,2023-12-28 21:57:00,2023-12-28 23:01:00,2023-12-28 23:05:00,2065.514,2065.229,2066.296,2066.651,2065.766,2065.145,2067.025,2065.943,1.0670000000000073
KNOWN_BOUNDARY,P41_C1_D2,2024-01-01 23:58:00,2024-01-02 00:00:00,2.0,2024-01-01,2024,1,Monday,23:58,00:00,5,5,True,True,0,0,True,2024-01-01 23:54:00,2024-01-01 23:58:00,2024-01-02 00:00:00,2024-01-02 00:04:00,2063.616,2063.543,2063.347,2064.498,2063.746,2063.177,2064.498,2063.335,-0.1959999999999127
KNOWN_BOUNDARY,P33_C39_D64,2024-01-02 21:57:00,2024-01-02 23:01:00,64.0,2024-01-02,2024,1,Tuesday,21:57,23:01,5,5,True,True,0,0,True,2024-01-02 21:53:00,2024-01-02 21:57:00,2024-01-02 23:01:00,2024-01-02 23:05:00,2059.131,2058.855,2058.797,2058.986,2059.159,2058.666,2059.256,2058.407,-0.057999999999992724
KNOWN_BOUNDARY,P33_C39_D64,2024-01-03 21:57:00,2024-01-03 23:01:00,64.0,2024-01-03,2024,1,Wednesday,21:57,23:01,5,5,True,True,0,0,True,2024-01-03 21:53:00,2024-01-03 21:57:00,2024-01-03 23:01:00,2024-01-03 23:05:00,2040.987,2041.173,2042.001,2042.004,2041.752,2040.976,2042.285,2041.099,0.8279999999999745
KNOWN_BOUNDARY,P33_C39_D64,2024-01-04 21:57:00,2024-01-04 23:01:00,64.0,2024-01-04,2024,1,Thursday,21:57,23:01,5,5,True,True,0,0,True,2024-01-04 21:53:00,2024-01-04 21:57:00,2024-01-04 23:01:00,2024-01-04 23:05:00,2043.652,2043.29,2043.257,2043.308,2043.79,2043.071,2043.422,2042.642,-0.032999999999901775
KNOWN_BOUNDARY,P33_C39_D64,2024-01-08 21:57:00,2024-01-08 23:01:00,64.0,2024-01-08,2024,1,Monday,21:57,23:01,5,5,True,True,0,0,True,2024-01-08 21:53:00,2024-01-08 21:57:00,2024-01-08 23:01:00,2024-01-08 23:05:00,2028.106,2027.998,2027.987,2027.935,2028.163,2027.614,2028.352,2027.847,-0.010999999999967258
KNOWN_BOUNDARY,P33_C39_D64,2024-01-09 21:57:00,2024-01-09 23:01:00,64.0,2024-01-09,2024,1,Tuesday,21:57,23:01,5,5,True,True,0,0,True,2024-01-09 21:53:00,2024-01-09 21:57:00,2024-01-09 23:01:00,2024-01-09 23:05:00,2030.068,2029.886,2030.536,2030.372,2030.149,2029.853,2030.697,2029.957,0.650000000000091
KNOWN_BOUNDARY,P33_C39_D64,2024-01-10 21:57:00,2024-01-10 23:01:00,64.0,2024-01-10,2024,1,Wednesday,21:57,23:01,5,5,True,True,0,0,True,2024-01-10 21:53:00,2024-01-10 21:57:00,2024-01-10 23:01:00,2024-01-10 23:05:00,2023.923,2024.234,2024.49,2025.396,2024.384,2023.862,2025.583,2024.223,0.2560000000000855
KNOWN_BOUNDARY,P33_C39_D64,2024-01-11 21:57:00,2024-01-11 23:01:00,64.0,2024-01-11,2024,1,Thursday,21:57,23:01,5,5,True,True,0,0,True,2024-01-11 21:53:00,2024-01-11 21:57:00,2024-01-11 23:01:00,2024-01-11 23:05:00,2028.472,2028.82,2028.755,2029.363,2028.846,2028.387,2029.5,2028.435,-0.0649999999998272
KNOWN_BOUNDARY,P33_C39_D64,2024-01-16 21:57:00,2024-01-16 23:01:00,64.0,2024-01-16,2024,1,Tuesday,21:57,23:01,5,5,True,True,0,0,True,2024-01-16 21:53:00,2024-01-16 21:57:00,2024-01-16 23:01:00,2024-01-16 23:05:00,2028.339,2028.462,2027.917,2027.383,2028.568,2028.077,2027.917,2027.383,-0.5450000000000728
KNOWN_BOUNDARY,P33_C39_D64,2024-01-17 21:57:00,2024-01-17 23:01:00,64.0,2024-01-17,2024,1,Wednesday,21:57,23:01,5,5,True,True,0,0,True,2024-01-17 21:53:00,2024-01-17 21:57:00,2024-01-17 23:01:00,2024-01-17 23:05:00,2006.053,2006.13,2005.391,2007.215,2006.369,2005.871,2007.323,2005.34,-0.7390000000000327
KNOWN_BOUNDARY,P33_C39_D64,2024-01-18 21:57:00,2024-01-18 23:01:00,64.0,2024-01-18,2024,1,Thursday,21:57,23:01,5,5,True,True,0,0,True,2024-01-18 21:53:00,2024-01-18 21:57:00,2024-01-18 23:01:00,2024-01-18 23:05:00,2022.843,2023.087,2023.646,2023.571,2023.14,2022.728,2024.229,2023.468,0.5589999999999691
KNOWN_BOUNDARY,P33_C39_D64,2024-01-22 21:57:00,2024-01-22 23:01:00,64.0,2024-01-22,2024,1,Monday,21:57,23:01,5,5,True,True,0,0,True,2024-01-22 21:53:00,2024-01-22 21:57:00,2024-01-22 23:01:00,2024-01-22 23:05:00,2021.239,2021.562,2021.393,2021.608,2021.562,2021.173,2021.75,2021.06,-0.16899999999986903
KNOWN_BOUNDARY,P33_C39_D64,2024-01-23 21:56:00,2024-01-23 23:01:00,65.0,2024-01-23,2024,1,Tuesday,21:56,23:01,5,5,True,True,0,0,True,2024-01-23 21:52:00,2024-01-23 21:56:00,2024-01-23 23:01:00,2024-01-23 23:05:00,2028.73,2028.91,2028.631,2028.93,2029.267,2028.73,2029.35,2028.468,-0.27899999999999636
KNOWN_BOUNDARY,P41_C1_D2,2024-01-23 23:58:00,2024-01-24 00:00:00,2.0,2024-01-23,2024,1,Tuesday,23:58,00:00,5,5,True,True,0,0,True,2024-01-23 23:54:00,2024-01-23 23:58:00,2024-01-24 00:00:00,2024-01-24 00:04:00,2028.083,2029.137,2029.002,2028.703,2029.209,2027.834,2029.264,2028.269,-0.1349999999999909
KNOWN_BOUNDARY,P33_C39_D64,2024-01-24 21:56:00,2024-01-24 23:01:00,65.0,2024-01-24,2024,1,Wednesday,21:56,23:01,5,5,True,True,0,0,True,2024-01-24 21:52:00,2024-01-24 21:56:00,2024-01-24 23:01:00,2024-01-24 23:05:00,2012.992,2014.417,2014.761,2015.843,2014.553,2012.898,2016.017,2014.588,0.34400000000005093
KNOWN_BOUNDARY,P41_C1_D2,2024-01-24 23:58:00,2024-01-25 00:00:00,2.0,2024-01-24,2024,1,Wednesday,23:58,00:00,5,5,True,True,0,0,True,2024-01-24 23:54:00,2024-01-24 23:58:00,2024-01-25 00:00:00,2024-01-25 00:04:00,2016.766,2016.101,2015.977,2015.809,2016.77,2016.072,2016.717,2015.807,-0.12400000000002365
KNOWN_BOUNDARY,P33_C39_D64,2024-01-25 21:56:00,2024-01-25 23:01:00,65.0,2024-01-25,2024,1,Thursday,21:56,23:01,5,5,True,True,0,0,True,2024-01-25 21:52:00,2024-01-25 21:56:00,2024-01-25 23:01:00,2024-01-25 23:05:00,2020.258,2020.708,2019.853,2019.739,2020.717,2019.984,2020.147,2019.364,-0.8550000000000182
KNOWN_BOUNDARY,P41_C1_D2,2024-01-25 23:58:00,2024-01-26 00:00:00,2.0,2024-01-25,2024,1,Thursday,23:58,00:00,5,5,True,True,0,0,True,2024-01-25 23:54:00,2024-01-25 23:58:00,2024-01-26 00:00:00,2024-01-26 00:04:00,2020.821,2020.248,2020.356,2020.712,2020.828,2020.187,2020.866,2020.356,0.10799999999994725
KNOWN_BOUNDARY,P33_C39_D64,2024-01-29 21:57:00,2024-01-29 23:01:00,64.0,2024-01-29,2024,1,Monday,21:57,23:01,5,5,True,True,0,0,True,2024-01-29 21:53:00,2024-01-29 21:57:00,2024-01-29 23:01:00,2024-01-29 23:05:00,2031.474,2032.336,2032.92,2032.252,2032.523,2031.474,2033.178,2032.19,0.58400000000006
KNOWN_BOUNDARY,P33_C39_D64,2024-01-30 21:57:00,2024-01-30 23:01:00,64.0,2024-01-30,2024,1,Tuesday,21:57,23:01,5,5,True,True,0,0,True,2024-01-30 21:53:00,2024-01-30 21:57:00,2024-01-30 23:01:00,2024-01-30 23:05:00,2036.461,2036.768,2036.756,2036.056,2036.847,2036.279,2037.079,2035.944,-0.011999999999943611
KNOWN_BOUNDARY,P33_C39_D64,2024-01-31 21:57:00,2024-01-31 23:01:00,64.0,2024-01-31,2024,1,Wednesday,21:57,23:01,5,5,True,True,0,0,True,2024-01-31 21:53:00,2024-01-31 21:57:00,2024-01-31 23:01:00,2024-01-31 23:05:00,2038.337,2038.986,2039.43,2040.458,2039.058,2038.142,2040.493,2039.114,0.44399999999996
KNOWN_BOUNDARY,P33_C39_D64,2024-02-01 21:57:00,2024-02-01 23:01:00,64.0,2024-02-01,2024,2,Thursday,21:57,23:01,5,5,True,True,0,0,True,2024-02-01 21:53:00,2024-02-01 21:57:00,2024-02-01 23:01:00,2024-02-01 23:05:00,2055.145,2054.697,2054.871,2054.693,2055.324,2054.499,2054.951,2054.126,0.17399999999997817
KNOWN_BOUNDARY,P41_C1_D2,2024-02-04 23:58:00,2024-02-05 00:00:00,2.0,2024-02-04,2024,2,Sunday,23:58,00:00,5,5,True,True,0,0,True,2024-02-04 23:54:00,2024-02-04 23:58:00,2024-02-05 00:00:00,2024-02-05 00:04:00,2039.785,2039.715,2039.299,2038.269,2040.097,2039.653,2039.641,2036.293,-0.41599999999994
KNOWN_BOUNDARY,P33_C39_D64,2024-02-05 21:56:00,2024-02-05 23:01:00,65.0,2024-02-05,2024,2,Monday,21:56,23:01,5,5,True,True,0,0,True,2024-02-05 21:52:00,2024-02-05 21:56:00,2024-02-05 23:01:00,2024-02-05 23:05:00,2024.645,2024.667,2024.57,2025.062,2024.957,2024.608,2025.15,2024.258,-0.09699999999997999
KNOWN_BOUNDARY,P41_C1_D2,2024-02-05 23:58:00,2024-02-06 00:00:00,2.0,2024-02-05,2024,2,Monday,23:58,00:00,5,5,True,True,0,0,True,2024-02-05 23:54:00,2024-02-05 23:58:00,2024-02-06 00:00:00,2024-02-06 00:04:00,2024.875,2024.86,2024.809,2025.4,2024.989,2024.645,2025.518,2024.809,-0.05099999999993088
KNOWN_BOUNDARY,P33_C39_D64,2024-02-06 21:56:00,2024-02-06 23:01:00,65.0,2024-02-06,2024,2,Tuesday,21:56,23:01,5,5,True,True,0,0,True,2024-02-06 21:52:00,2024-02-06 21:56:00,2024-02-06 23:01:00,2024-02-06 23:05:00,2035.96,2035.82,2035.258,2035.447,2036.113,2035.803,2035.621,2035.08,-0.5619999999998981
KNOWN_BOUNDARY,P41_C1_D2,2024-02-06 23:58:00,2024-02-07 00:00:00,2.0,2024-02-06,2024,2,Tuesday,23:58,00:00,5,5,True,True,0,0,True,2024-02-06 23:54:00,2024-02-06 23:58:00,2024-02-07 00:00:00,2024-02-07 00:04:00,2035.052,2035.069,2035.115,2035.362,2035.151,2034.95,2035.765,2035.093,0.04600000000004911
KNOWN_BOUNDARY,P33_C39_D64,2024-02-07 21:56:00,2024-02-07 23:01:00,65.0,2024-02-07,2024,2,Wednesday,21:56,23:01,5,5,True,True,0,0,True,2024-02-07 21:52:00,2024-02-07 21:56:00,2024-02-07 23:01:00,2024-02-07 23:05:00,2034.577,2034.943,2034.816,2035.508,2034.944,2034.576,2035.662,2034.662,-0.1269999999999527
KNOWN_BOUNDARY,P41_C1_D2,2024-02-07 23:58:00,2024-02-08 00:00:00,2.0,2024-02-07,2024,2,Wednesday,23:58,00:00,5,5,True,True,0,0,True,2024-02-07 23:54:00,2024-02-07 23:58:00,2024-02-08 00:00:00,2024-02-08 00:04:00,2036.073,2036.227,2036.224,2037.348,2036.302,2035.898,2037.395,2036.224,-0.003000000000156433
KNOWN_BOUNDARY,P33_C39_D64,2024-02-08 21:56:00,2024-02-08 23:01:00,65.0,2024-02-08,2024,2,Thursday,21:56,23:01,5,5,True,True,0,0,True,2024-02-08 21:52:00,2024-02-08 21:56:00,2024-02-08 23:01:00,2024-02-08 23:05:00,2033.611,2033.914,2034.263,2034.234,2034.172,2033.599,2034.579,2033.971,0.3489999999999327
KNOWN_BOUNDARY,P41_C1_D2,2024-02-08 23:58:00,2024-02-09 00:00:00,2.0,2024-02-08,2024,2,Thursday,23:58,00:00,5,5,True,True,0,0,True,2024-02-08 23:54:00,2024-02-08 23:58:00,2024-02-09 00:00:00,2024-02-09 00:04:00,2033.662,2034.124,2033.939,2033.595,2034.126,2033.576,2034.385,2033.573,-0.18499999999994543
KNOWN_BOUNDARY,P41_C1_D2,2024-02-11 23:58:00,2024-02-12 00:00:00,2.0,2024-02-11,2024,2,Sunday,23:58,00:00,5,5,True,True,0,0,True,2024-02-11 23:54:00,2024-02-11 23:58:00,2024-02-12 00:00:00,2024-02-12 00:04:00,2025.545,2025.266,2025.416,2025.664,2025.83,2025.109,2025.881,2025.182,0.14999999999986358
KNOWN_BOUNDARY,P33_C39_D64,2024-02-12 21:56:00,2024-02-12 23:01:00,65.0,2024-02-12,2024,2,Monday,21:56,23:01,5,5,True,True,0,0,True,2024-02-12 21:52:00,2024-02-12 21:56:00,2024-02-12 23:01:00,2024-02-12 23:05:00,2020.011,2019.873,2019.019,2018.658,2020.07,2019.794,2019.323,2018.362,-0.8540000000000418
KNOWN_BOUNDARY,P41_C1_D2,2024-02-12 23:58:00,2024-02-13 00:00:00,2.0,2024-02-12,2024,2,Monday,23:58,00:00,5,5,True,True,0,0,True,2024-02-12 23:54:00,2024-02-12 23:58:00,2024-02-13 00:00:00,2024-02-13 00:04:00,2018.634,2018.65,2018.601,2018.971,2018.723,2018.457,2019.287,2018.601,-0.04899999999997817
KNOWN_BOUNDARY,P33_C39_D64,2024-02-13 21:56:00,2024-02-13 23:01:00,65.0,2024-02-13,2024,2,Tuesday,21:56,23:01,5,5,True,True,0,0,True,2024-02-13 21:52:00,2024-02-13 21:56:00,2024-02-13 23:01:00,2024-02-13 23:05:00,1992.786,1992.957,1992.724,1991.997,1993.134,1992.759,1992.952,1991.749,-0.23300000000017462
KNOWN_BOUNDARY,P41_C1_D2,2024-02-13 23:58:00,2024-02-14 00:00:00,2.0,2024-02-13,2024,2,Tuesday,23:58,00:00,5,5,True,True,0,0,True,2024-02-13 23:54:00,2024-02-13 23:58:00,2024-02-14 00:00:00,2024-02-14 00:04:00,1990.865,1991.193,1991.332,1990.917,1991.28,1990.86,1991.397,1990.84,0.1390000000001237
KNOWN_BOUNDARY,P33_C39_D64,2024-02-14 21:56:00,2024-02-14 23:01:00,65.0,2024-02-14,2024,2,Wednesday,21:56,23:01,5,5,True,True,0,0,True,2024-02-14 21:52:00,2024-02-14 21:56:00,2024-02-14 23:01:00,2024-02-14 23:05:00,1991.95,1992.158,1992.406,1992.543,1992.231,1991.8,1994.921,1991.885,0.2480000000000473
KNOWN_BOUNDARY,P41_C1_D2,2024-02-14 23:58:00,2024-02-15 00:00:00,2.0,2024-02-14,2024,2,Wednesday,23:58,00:00,5,5,True,True,0,0,True,2024-02-14 23:54:00,2024-02-14 23:58:00,2024-02-15 00:00:00,2024-02-15 00:04:00,1993.296,1993.452,1993.441,1993.564,1993.5,1993.034,1993.852,1993.441,-0.010999999999967258
KNOWN_BOUNDARY,P33_C39_D64,2024-02-15 21:56:00,2024-02-15 23:01:00,65.0,2024-02-15,2024,2,Thursday,21:56,23:01,5,5,True,True,0,0,True,2024-02-15 21:52:00,2024-02-15 21:56:00,2024-02-15 23:01:00,2024-02-15 23:05:00,2004.081,2004.248,2004.358,2004.373,2004.339,2004.081,2004.579,2004.048,0.10999999999989996
KNOWN_BOUNDARY,P41_C1_D2,2024-02-15 23:58:00,2024-02-16 00:00:00,2.0,2024-02-15,2024,2,Thursday,23:58,00:00,5,5,True,True,0,0,True,2024-02-15 23:54:00,2024-02-15 23:58:00,2024-02-16 00:00:00,2024-02-16 00:04:00,2003.684,2003.155,2003.095,2003.41,2003.689,2003.15,2003.663,2003.095,-0.05999999999994543
KNOWN_BOUNDARY,P41_C1_D2,2024-02-18 23:58:00,2024-02-19 00:00:00,2.0,2024-02-18,2024,2,Sunday,23:58,00:00,5,5,True,True,0,0,True,2024-02-18 23:54:00,2024-02-18 23:58:00,2024-02-19 00:00:00,2024-02-19 00:04:00,2010.823,2010.6,2012.793,2014.526,2012.859,2009.527,2018.413,2009.184,2.1929999999999836
KNOWN_BOUNDARY,P41_C1_D2,2024-02-19 23:58:00,2024-02-20 00:00:00,2.0,2024-02-19,2024,2,Monday,23:58,00:00,5,5,True,True,0,0,True,2024-02-19 23:54:00,2024-02-19 23:58:00,2024-02-20 00:00:00,2024-02-20 00:04:00,2015.938,2016.206,2015.981,2015.963,2016.213,2015.641,2016.428,2015.903,-0.22499999999990905
KNOWN_BOUNDARY,P33_C39_D64,2024-02-20 21:56:00,2024-02-20 23:01:00,65.0,2024-02-20,2024,2,Tuesday,21:56,23:01,5,5,True,True,0,0,True,2024-02-20 21:52:00,2024-02-20 21:56:00,2024-02-20 23:01:00,2024-02-20 23:05:00,2023.891,2024.074,2023.834,2023.916,2024.119,2023.573,2024.25,2023.634,-0.2400000000000091
KNOWN_BOUNDARY,P41_C1_D2,2024-02-20 23:58:00,2024-02-21 00:00:00,2.0,2024-02-20,2024,2,Tuesday,23:58,00:00,5,5,True,True,0,0,True,2024-02-20 23:54:00,2024-02-20 23:58:00,2024-02-21 00:00:00,2024-02-21 00:04:00,2024.175,2024.128,2024.048,2023.157,2024.22,2024.061,2024.219,2022.906,-0.07999999999992724
KNOWN_BOUNDARY,P33_C39_D64,2024-02-21 21:56:00,2024-02-21 23:01:00,65.0,2024-02-21,2024,2,Wednesday,21:56,23:01,5,5,True,True,0,0,True,2024-02-21 21:52:00,2024-02-21 21:56:00,2024-02-21 23:01:00,2024-02-21 23:05:00,2025.486,2025.945,2025.567,2026.299,2025.945,2025.43,2026.299,2025.363,-0.37799999999992906
KNOWN_BOUNDARY,P41_C1_D2,2024-02-21 23:58:00,2024-02-22 00:00:00,2.0,2024-02-21,2024,2,Wednesday,23:58,00:00,5,5,True,True,0,0,True,2024-02-21 23:54:00,2024-02-21 23:58:00,2024-02-22 00:00:00,2024-02-22 00:04:00,2025.098,2025.566,2025.483,2025.064,2026.019,2025.098,2025.698,2025.055,-0.08300000000008367
KNOWN_BOUNDARY,P33_C39_D64,2024-02-22 21:56:00,2024-02-22 23:01:00,65.0,2024-02-22,2024,2,Thursday,21:56,23:01,5,5,True,True,0,0,True,2024-02-22 21:52:00,2024-02-22 21:56:00,2024-02-22 23:01:00,2024-02-22 23:05:00,2024.179,2024.704,2024.154,2024.309,2024.704,2024.179,2024.622,2023.871,-0.5499999999999545
KNOWN_BOUNDARY,P41_C1_D2,2024-02-22 23:58:00,2024-02-23 00:00:00,2.0,2024-02-22,2024,2,Thursday,23:58,00:00,5,5,True,True,0,0,True,2024-02-22 23:54:00,2024-02-22 23:58:00,2024-02-23 00:00:00,2024-02-23 00:04:00,2025.108,2024.681,2024.524,2024.394,2025.284,2024.563,2025.004,2024.376,-0.1570000000001528
KNOWN_BOUNDARY,P41_C1_D2,2024-02-25 23:58:00,2024-02-26 00:00:00,2.0,2024-02-25,2024,2,Sunday,23:58,00:00,5,5,True,True,0,0,True,2024-02-25 23:54:00,2024-02-25 23:58:00,2024-02-26 00:00:00,2024-02-26 00:04:00,2034.442,2034.224,2033.996,2033.085,2034.537,2034.149,2034.105,2032.927,-0.2279999999998381
KNOWN_BOUNDARY,P33_C39_D64,2024-02-26 21:56:00,2024-02-26 23:01:00,65.0,2024-02-26,2024,2,Monday,21:56,23:01,5,5,True,True,0,0,True,2024-02-26 21:52:00,2024-02-26 21:56:00,2024-02-26 23:01:00,2024-02-26 23:05:00,2031.006,2031.207,2031.052,2030.626,2031.225,2030.988,2031.052,2030.477,-0.1550000000002001
KNOWN_BOUNDARY,P41_C1_D2,2024-02-26 23:58:00,2024-02-27 00:00:00,2.0,2024-02-26,2024,2,Monday,23:58,00:00,5,5,True,True,0,0,True,2024-02-26 23:54:00,2024-02-26 23:58:00,2024-02-27 00:00:00,2024-02-27 00:04:00,2030.597,2031.073,2030.986,2031.98,2031.165,2030.597,2032.471,2030.986,-0.08699999999998909
KNOWN_BOUNDARY,P33_C39_D64,2024-02-27 21:56:00,2024-02-27 23:01:00,65.0,2024-02-27,2024,2,Tuesday,21:56,23:01,5,5,True,True,0,0,True,2024-02-27 21:52:00,2024-02-27 21:56:00,2024-02-27 23:01:00,2024-02-27 23:05:00,2030.338,2030.387,2030.074,2029.925,2030.582,2030.139,2030.355,2029.428,-0.3129999999998745
KNOWN_BOUNDARY,P41_C1_D2,2024-02-27 23:58:00,2024-02-28 00:00:00,2.0,2024-02-27,2024,2,Tuesday,23:58,00:00,5,5,True,True,0,0,True,2024-02-27 23:54:00,2024-02-27 23:58:00,2024-02-28 00:00:00,2024-02-28 00:04:00,2030.259,2030.09,2029.968,2029.645,2030.279,2029.853,2030.131,2029.099,-0.12199999999984357
KNOWN_BOUNDARY,P33_C39_D64,2024-02-28 21:56:00,2024-02-28 23:01:00,65.0,2024-02-28,2024,2,Wednesday,21:56,23:01,5,5,True,True,0,0,True,2024-02-28 21:52:00,2024-02-28 21:56:00,2024-02-28 23:01:00,2024-02-28 23:05:00,2034.979,2033.845,2034.519,2034.865,2035.259,2033.401,2035.415,2034.395,0.6739999999999782
KNOWN_BOUNDARY,P41_C1_D2,2024-02-28 23:58:00,2024-02-29 00:00:00,2.0,2024-02-28,2024,2,Wednesday,23:58,00:00,5,5,True,True,0,0,True,2024-02-28 23:54:00,2024-02-28 23:58:00,2024-02-29 00:00:00,2024-02-29 00:04:00,2034.417,2034.303,2034.378,2034.741,2034.516,2034.3,2035.041,2034.378,0.0749999999998181
KNOWN_BOUNDARY,P33_C39_D64,2024-02-29 21:56:00,2024-02-29 23:01:00,65.0,2024-02-29,2024,2,Thursday,21:56,23:01,5,5,True,True,0,0,True,2024-02-29 21:52:00,2024-02-29 21:56:00,2024-02-29 23:01:00,2024-02-29 23:05:00,2043.494,2043.74,2043.955,2043.357,2043.885,2043.494,2044.148,2043.186,0.21499999999991815
KNOWN_BOUNDARY,P41_C1_D2,2024-02-29 23:58:00,2024-03-01 00:00:00,2.0,2024-02-29,2024,2,Thursday,23:58,00:00,5,5,True,True,0,0,True,2024-02-29 23:54:00,2024-02-29 23:58:00,2024-03-01 00:00:00,2024-03-01 00:04:00,2043.709,2043.98,2044.068,2042.835,2044.01,2043.64,2044.222,2042.819,0.08799999999996544
KNOWN_BOUNDARY,P41_C1_D2,2024-03-03 23:58:00,2024-03-04 00:00:00,2.0,2024-03-03,2024,3,Sunday,23:58,00:00,5,5,True,True,0,0,True,2024-03-03 23:54:00,2024-03-03 23:58:00,2024-03-04 00:00:00,2024-03-04 00:04:00,2082.993,2083.44,2083.593,2082.858,2083.477,2082.915,2083.674,2082.628,0.15299999999979264
KNOWN_BOUNDARY,P33_C39_D64,2024-03-04 21:56:00,2024-03-04 23:01:00,65.0,2024-03-04,2024,3,Monday,21:56,23:01,5,5,True,True,0,0,True,2024-03-04 21:52:00,2024-03-04 21:56:00,2024-03-04 23:01:00,2024-03-04 23:05:00,2115.044,2114.412,2114.101,2113.965,2115.267,2114.318,2114.101,2113.392,-0.3109999999996944
KNOWN_BOUNDARY,P41_C1_D2,2024-03-04 23:58:00,2024-03-05 00:00:00,2.0,2024-03-04,2024,3,Monday,23:58,00:00,5,5,True,True,0,0,True,2024-03-04 23:54:00,2024-03-04 23:58:00,2024-03-05 00:00:00,2024-03-05 00:04:00,2115.02,2114.48,2114.34,2115.524,2115.22,2114.217,2115.659,2114.191,-0.13999999999987267
KNOWN_BOUNDARY,P33_C39_D64,2024-03-05 21:56:00,2024-03-05 23:01:00,65.0,2024-03-05,2024,3,Tuesday,21:56,23:01,5,5,True,True,0,0,True,2024-03-05 21:52:00,2024-03-05 21:56:00,2024-03-05 23:01:00,2024-03-05 23:05:00,2127.672,2127.86,2127.461,2126.933,2127.928,2127.543,2127.599,2126.656,-0.39900000000034197
KNOWN_BOUNDARY,P41_C1_D2,2024-03-05 23:58:00,2024-03-06 00:00:00,2.0,2024-03-05,2024,3,Tuesday,23:58,00:00,5,5,True,True,0,0,True,2024-03-05 23:54:00,2024-03-05 23:58:00,2024-03-06 00:00:00,2024-03-06 00:04:00,2127.697,2128.16,2127.777,2126.664,2128.293,2127.543,2128.105,2126.438,-0.3829999999998108
KNOWN_BOUNDARY,P33_C39_D64,2024-03-06 21:56:00,2024-03-06 23:01:00,65.0,2024-03-06,2024,3,Wednesday,21:56,23:01,5,5,True,True,0,0,True,2024-03-06 21:52:00,2024-03-06 21:56:00,2024-03-06 23:01:00,2024-03-06 23:05:00,2148.596,2148.071,2147.824,2147.107,2148.755,2147.417,2148.102,2147.057,-0.24699999999984357
KNOWN_BOUNDARY,P41_C1_D2,2024-03-06 23:58:00,2024-03-07 00:00:00,2.0,2024-03-06,2024,3,Wednesday,23:58,00:00,5,5,True,True,0,0,True,2024-03-06 23:54:00,2024-03-06 23:58:00,2024-03-07 00:00:00,2024-03-07 00:04:00,2146.971,2147.192,2146.85,2148.676,2147.411,2146.513,2148.983,2146.85,-0.3420000000000982
KNOWN_BOUNDARY,P33_C39_D64,2024-03-07 21:56:00,2024-03-07 23:01:00,65.0,2024-03-07,2024,3,Thursday,21:56,23:01,5,5,True,True,0,0,True,2024-03-07 21:52:00,2024-03-07 21:56:00,2024-03-07 23:01:00,2024-03-07 23:05:00,2159.517,2159.569,2158.643,2158.681,2159.688,2159.38,2158.875,2158.543,-0.9259999999999309
KNOWN_BOUNDARY,P41_C1_D2,2024-03-07 23:58:00,2024-03-08 00:00:00,2.0,2024-03-07,2024,3,Thursday,23:58,00:00,5,5,True,True,0,0,True,2024-03-07 23:54:00,2024-03-07 23:58:00,2024-03-08 00:00:00,2024-03-08 00:04:00,2160.561,2161.478,2161.641,2160.901,2161.478,2160.249,2162.136,2160.866,0.16300000000001091
KNOWN_BOUNDARY,P30_C35_D64,2024-03-11 20:56:00,2024-03-11 22:01:00,65.0,2024-03-11,2024,3,Monday,20:56,22:01,5,5,True,True,0,0,True,2024-03-11 20:52:00,2024-03-11 20:56:00,2024-03-11 22:01:00,2024-03-11 22:05:00,2182.727,2182.688,2181.477,2182.181,2182.76,2182.303,2182.242,2181.277,-1.21100000000024
KNOWN_BOUNDARY,P41_C1_D2,2024-03-11 23:58:00,2024-03-12 00:00:00,2.0,2024-03-11,2024,3,Monday,23:58,00:00,5,5,True,True,0,0,True,2024-03-11 23:54:00,2024-03-11 23:58:00,2024-03-12 00:00:00,2024-03-12 00:04:00,2183.283,2183.552,2183.551,2183.942,2183.694,2183.276,2184.068,2183.489,-0.0010000000002037268
KNOWN_BOUNDARY,P30_C35_D64,2024-03-12 20:56:00,2024-03-12 22:01:00,65.0,2024-03-12,2024,3,Tuesday,20:56,22:01,5,5,True,True,0,0,True,2024-03-12 20:52:00,2024-03-12 20:56:00,2024-03-12 22:01:00,2024-03-12 22:05:00,2158.28,2158.46,2158.076,2157.927,2158.977,2158.28,2158.314,2157.746,-0.38400000000001455
KNOWN_BOUNDARY,P41_C1_D2,2024-03-12 23:58:00,2024-03-13 00:00:00,2.0,2024-03-12,2024,3,Tuesday,23:58,00:00,5,5,True,True,0,0,True,2024-03-12 23:54:00,2024-03-12 23:58:00,2024-03-13 00:00:00,2024-03-13 00:04:00,2157.436,2156.912,2156.907,2156.906,2157.601,2156.823,2157.707,2156.656,-0.004999999999654392
KNOWN_BOUNDARY,P30_C35_D64,2024-03-13 20:56:00,2024-03-13 22:01:00,65.0,2024-03-13,2024,3,Wednesday,20:56,22:01,5,5,True,True,0,0,True,2024-03-13 20:52:00,2024-03-13 20:56:00,2024-03-13 22:01:00,2024-03-13 22:05:00,2174.386,2174.568,2174.128,2174.158,2174.679,2174.174,2174.48,2173.521,-0.44000000000005457
KNOWN_BOUNDARY,P41_C1_D2,2024-03-13 23:58:00,2024-03-14 00:00:00,2.0,2024-03-13,2024,3,Wednesday,23:58,00:00,5,5,True,True,0,0,True,2024-03-13 23:54:00,2024-03-13 23:58:00,2024-03-14 00:00:00,2024-03-14 00:04:00,2175.3,2175.362,2175.448,2174.827,2175.539,2175.243,2175.893,2174.68,0.08599999999978536
KNOWN_BOUNDARY,P30_C35_D64,2024-03-14 20:57:00,2024-03-14 22:01:00,64.0,2024-03-14,2024,3,Thursday,20:57,22:01,5,5,True,True,0,0,True,2024-03-14 20:53:00,2024-03-14 20:57:00,2024-03-14 22:01:00,2024-03-14 22:05:00,2161.696,2162.232,2161.673,2162.059,2162.232,2161.696,2162.227,2161.144,-0.5590000000001965
KNOWN_BOUNDARY,P41_C1_D2,2024-03-17 23:58:00,2024-03-18 00:00:00,2.0,2024-03-17,2024,3,Sunday,23:58,00:00,5,5,True,True,0,0,True,2024-03-17 23:54:00,2024-03-17 23:58:00,2024-03-18 00:00:00,2024-03-18 00:04:00,2156.006,2156.514,2156.472,2155.191,2156.535,2155.834,2156.754,2155.191,-0.041999999999916326
KNOWN_BOUNDARY,P30_C35_D64,2024-03-18 20:56:00,2024-03-18 22:01:00,65.0,2024-03-18,2024,3,Monday,20:56,22:01,5,5,True,True,0,0,True,2024-03-18 20:52:00,2024-03-18 20:56:00,2024-03-18 22:01:00,2024-03-18 22:05:00,2159.904,2160.055,2160.108,2159.664,2160.194,2159.855,2160.21,2159.582,0.05300000000033833
KNOWN_BOUNDARY,P41_C1_D2,2024-03-18 23:58:00,2024-03-19 00:00:00,2.0,2024-03-18,2024,3,Monday,23:58,00:00,5,5,True,True,0,0,True,2024-03-18 23:54:00,2024-03-18 23:58:00,2024-03-19 00:00:00,2024-03-19 00:04:00,2161.585,2161.65,2162.053,2162.139,2161.878,2161.538,2162.839,2161.72,0.40299999999979264
KNOWN_BOUNDARY,P30_C35_D64,2024-03-19 20:56:00,2024-03-19 22:01:00,65.0,2024-03-19,2024,3,Tuesday,20:56,22:01,5,5,True,True,0,0,True,2024-03-19 20:52:00,2024-03-19 20:56:00,2024-03-19 22:01:00,2024-03-19 22:05:00,2157.487,2157.557,2157.657,2157.74,2157.624,2157.4,2157.74,2157.149,0.1000000000003638
KNOWN_BOUNDARY,P41_C1_D2,2024-03-19 23:58:00,2024-03-20 00:00:00,2.0,2024-03-19,2024,3,Tuesday,23:58,00:00,5,5,True,True,0,0,True,2024-03-19 23:54:00,2024-03-19 23:58:00,2024-03-20 00:00:00,2024-03-20 00:04:00,2157.17,2157.01,2157.052,2156.598,2157.311,2157.006,2157.174,2156.598,0.041999999999916326
KNOWN_BOUNDARY,P30_C35_D64,2024-03-20 20:56:00,2024-03-20 22:01:00,65.0,2024-03-20,2024,3,Wednesday,20:56,22:01,5,5,True,True,0,0,True,2024-03-20 20:52:00,2024-03-20 20:56:00,2024-03-20 22:01:00,2024-03-20 22:05:00,2185.93,2185.934,2186.401,2187.796,2186.085,2185.344,2187.859,2186.287,0.4669999999996435
KNOWN_BOUNDARY,P41_C1_D2,2024-03-20 23:58:00,2024-03-21 00:00:00,2.0,2024-03-20,2024,3,Wednesday,23:58,00:00,5,5,True,True,0,0,True,2024-03-20 23:54:00,2024-03-20 23:58:00,2024-03-21 00:00:00,2024-03-21 00:04:00,2203.505,2203.501,2203.969,2202.166,2204.335,2203.228,2203.969,2201.256,0.4679999999998472
KNOWN_BOUNDARY,P30_C35_D64,2024-03-21 20:56:00,2024-03-21 22:01:00,65.0,2024-03-21,2024,3,Thursday,20:56,22:01,5,5,True,True,0,0,True,2024-03-21 20:52:00,2024-03-21 20:56:00,2024-03-21 22:01:00,2024-03-21 22:05:00,2180.513,2180.851,2180.84,2182.039,2181.152,2180.513,2182.168,2180.381,-0.010999999999967258
KNOWN_BOUNDARY,P41_C1_D2,2024-03-21 23:58:00,2024-03-22 00:00:00,2.0,2024-03-21,2024,3,Thursday,23:58,00:00,5,5,True,True,0,0,True,2024-03-21 23:54:00,2024-03-21 23:58:00,2024-03-22 00:00:00,2024-03-22 00:04:00,2181.161,2181.491,2181.676,2181.595,2181.628,2180.88,2181.971,2181.309,0.18499999999994543
KNOWN_BOUNDARY,P30_C35_D64,2024-03-25 20:57:00,2024-03-25 22:01:00,64.0,2024-03-25,2024,3,Monday,20:57,22:01,5,5,True,True,0,0,True,2024-03-25 20:53:00,2024-03-25 20:57:00,2024-03-25 22:01:00,2024-03-25 22:05:00,2171.204,2171.311,2171.673,2171.517,2171.576,2170.984,2171.703,2171.328,0.3619999999996253
KNOWN_BOUNDARY,P30_C35_D64,2024-03-26 20:56:00,2024-03-26 22:01:00,65.0,2024-03-26,2024,3,Tuesday,20:56,22:01,5,5,True,True,0,0,True,2024-03-26 20:52:00,2024-03-26 20:56:00,2024-03-26 22:01:00,2024-03-26 22:05:00,2177.468,2177.828,2177.304,2177.721,2178.294,2177.281,2178.385,2176.658,-0.5239999999998872
KNOWN_BOUNDARY,P41_C1_D2,2024-03-26 23:58:00,2024-03-27 00:00:00,2.0,2024-03-26,2024,3,Tuesday,23:58,00:00,5,5,True,True,0,0,True,2024-03-26 23:54:00,2024-03-26 23:58:00,2024-03-27 00:00:00,2024-03-27 00:04:00,2179.355,2179.467,2179.462,2179.253,2179.945,2179.248,2179.753,2179.226,-0.005000000000109139
KNOWN_BOUNDARY,P30_C35_D64,2024-03-27 20:56:00,2024-03-27 22:01:00,65.0,2024-03-27,2024,3,Wednesday,20:56,22:01,5,5,True,True,0,0,True,2024-03-27 20:52:00,2024-03-27 20:56:00,2024-03-27 22:01:00,2024-03-27 22:05:00,2194.887,2194.655,2192.252,2192.46,2195.023,2194.554,2194.048,2191.188,-2.4030000000002474
KNOWN_BOUNDARY,P41_C1_D2,2024-03-27 23:58:00,2024-03-28 00:00:00,2.0,2024-03-27,2024,3,Wednesday,23:58,00:00,5,5,True,True,0,0,True,2024-03-27 23:54:00,2024-03-27 23:58:00,2024-03-28 00:00:00,2024-03-28 00:04:00,2190.699,2190.969,2190.723,2188.875,2191.23,2190.699,2190.879,2187.613,-0.2460000000000946
KNOWN_BOUNDARY,P41_C1_D2,2024-03-31 23:58:00,2024-04-01 00:00:00,2.0,2024-03-31,2024,3,Sunday,23:58,00:00,5,5,True,True,0,0,True,2024-03-31 23:54:00,2024-03-31 23:58:00,2024-04-01 00:00:00,2024-04-01 00:04:00,2244.145,2244.927,2245.956,2244.909,2246.614,2243.974,2246.743,2243.822,1.0289999999999964
KNOWN_BOUNDARY,P30_C35_D64,2024-04-01 20:56:00,2024-04-01 22:01:00,65.0,2024-04-01,2024,4,Monday,20:56,22:01,5,5,True,True,0,0,True,2024-04-01 20:52:00,2024-04-01 20:56:00,2024-04-01 22:01:00,2024-04-01 22:05:00,2249.157,2250.559,2250.65,2249.573,2250.599,2249.034,2250.765,2248.577,0.0909999999998945
KNOWN_BOUNDARY,P41_C1_D2,2024-04-01 23:58:00,2024-04-02 00:00:00,2.0,2024-04-01,2024,4,Monday,23:58,00:00,5,5,True,True,0,0,True,2024-04-01 23:54:00,2024-04-01 23:58:00,2024-04-02 00:00:00,2024-04-02 00:04:00,2249.716,2248.941,2248.968,2249.438,2249.81,2248.642,2250.3,2247.816,0.027000000000043656
KNOWN_BOUNDARY,P30_C35_D64,2024-04-02 20:56:00,2024-04-02 22:01:00,65.0,2024-04-02,2024,4,Tuesday,20:56,22:01,5,5,True,True,0,0,True,2024-04-02 20:52:00,2024-04-02 20:56:00,2024-04-02 22:01:00,2024-04-02 22:05:00,2279.651,2280.244,2280.449,2281.278,2280.289,2279.491,2281.895,2279.325,0.20499999999992724
KNOWN_BOUNDARY,P41_C1_D2,2024-04-02 23:58:00,2024-04-03 00:00:00,2.0,2024-04-02,2024,4,Tuesday,23:58,00:00,5,5,True,True,0,0,True,2024-04-02 23:54:00,2024-04-02 23:58:00,2024-04-03 00:00:00,2024-04-03 00:04:00,2278.484,2280.205,2279.886,2280.777,2280.209,2278.247,2282.347,2279.506,-0.31899999999996
KNOWN_BOUNDARY,P30_C35_D64,2024-04-03 20:56:00,2024-04-03 22:01:00,65.0,2024-04-03,2024,4,Wednesday,20:56,22:01,5,5,True,True,0,0,True,2024-04-03 20:52:00,2024-04-03 20:56:00,2024-04-03 22:01:00,2024-04-03 22:05:00,2299.804,2299.788,2299.353,2299.921,2301.181,2299.7,2300.505,2298.836,-0.43499999999994543
KNOWN_BOUNDARY,P41_C1_D2,2024-04-03 23:58:00,2024-04-04 00:00:00,2.0,2024-04-03,2024,4,Wednesday,23:58,00:00,5,5,True,True,0,0,True,2024-04-03 23:54:00,2024-04-03 23:58:00,2024-04-04 00:00:00,2024-04-04 00:04:00,2296.875,2297.447,2297.497,2299.011,2297.83,2296.791,2300.12,2297.229,0.04999999999972715
KNOWN_BOUNDARY,P30_C35_D64,2024-04-04 20:56:00,2024-04-04 22:01:00,65.0,2024-04-04,2024,4,Thursday,20:56,22:01,5,5,True,True,0,0,True,2024-04-04 20:52:00,2024-04-04 20:56:00,2024-04-04 22:01:00,2024-04-04 22:05:00,2289.6,2290.628,2290.979,2291.567,2290.905,2289.458,2291.693,2290.429,0.35099999999965803
KNOWN_BOUNDARY,P41_C1_D2,2024-04-04 23:58:00,2024-04-05 00:00:00,2.0,2024-04-04,2024,4,Thursday,23:58,00:00,5,5,True,True,0,0,True,2024-04-04 23:54:00,2024-04-04 23:58:00,2024-04-05 00:00:00,2024-04-05 00:04:00,2289.48,2288.89,2288.702,2288.95,2289.653,2288.772,2290.276,2288.611,-0.18799999999964712
KNOWN_BOUNDARY,P41_C1_D2,2024-04-07 23:58:00,2024-04-08 00:00:00,2.0,2024-04-07,2024,4,Sunday,23:58,00:00,5,5,True,True,0,0,True,2024-04-07 23:54:00,2024-04-07 23:58:00,2024-04-08 00:00:00,2024-04-08 00:04:00,2312.364,2311.647,2311.297,2309.864,2313.12,2311.469,2311.869,2309.086,-0.34999999999990905
KNOWN_BOUNDARY,P30_C35_D64,2024-04-08 20:56:00,2024-04-08 22:01:00,65.0,2024-04-08,2024,4,Monday,20:56,22:01,5,5,True,True,0,0,True,2024-04-08 20:52:00,2024-04-08 20:56:00,2024-04-08 22:01:00,2024-04-08 22:05:00,2338.466,2339.019,2337.359,2337.289,2339.121,2338.268,2337.65,2336.594,-1.6599999999998545
KNOWN_BOUNDARY,P41_C1_D2,2024-04-08 23:58:00,2024-04-09 00:00:00,2.0,2024-04-08,2024,4,Monday,23:58,00:00,5,5,True,True,0,0,True,2024-04-08 23:54:00,2024-04-08 23:58:00,2024-04-09 00:00:00,2024-04-09 00:04:00,2338.309,2338.789,2338.782,2339.775,2338.814,2337.676,2340.558,2338.524,-0.007000000000061846
KNOWN_BOUNDARY,P30_C35_D64,2024-04-09 20:56:00,2024-04-09 22:01:00,65.0,2024-04-09,2024,4,Tuesday,20:56,22:01,5,5,True,True,0,0,True,2024-04-09 20:52:00,2024-04-09 20:56:00,2024-04-09 22:01:00,2024-04-09 22:05:00,2353.715,2352.802,2352.551,2352.192,2353.967,2352.726,2352.858,2351.783,-0.2510000000002037
KNOWN_BOUNDARY,P41_C1_D2,2024-04-09 23:58:00,2024-04-10 00:00:00,2.0,2024-04-09,2024,4,Tuesday,23:58,00:00,5,5,True,True,0,0,True,2024-04-09 23:54:00,2024-04-09 23:58:00,2024-04-10 00:00:00,2024-04-10 00:04:00,2353.67,2354.778,2354.908,2354.701,2355.275,2353.464,2355.57,2354.379,0.13000000000010914
KNOWN_BOUNDARY,P30_C35_D64,2024-04-10 20:56:00,2024-04-10 22:01:00,65.0,2024-04-10,2024,4,Wednesday,20:56,22:01,5,5,True,True,0,0,True,2024-04-10 20:52:00,2024-04-10 20:56:00,2024-04-10 22:01:00,2024-04-10 22:05:00,2332.098,2332.73,2333.597,2334.126,2332.771,2331.773,2334.586,2333.451,0.8670000000001892
KNOWN_BOUNDARY,P41_C1_D2,2024-04-10 23:58:00,2024-04-11 00:00:00,2.0,2024-04-10,2024,4,Wednesday,23:58,00:00,5,5,True,True,0,0,True,2024-04-10 23:54:00,2024-04-10 23:58:00,2024-04-11 00:00:00,2024-04-11 00:04:00,2334.818,2335.429,2335.489,2334.872,2335.532,2334.539,2335.678,2333.999,0.05999999999994543
KNOWN_BOUNDARY,P30_C35_D64,2024-04-11 20:56:00,2024-04-11 22:01:00,65.0,2024-04-11,2024,4,Thursday,20:56,22:01,5,5,True,True,0,0,True,2024-04-11 20:52:00,2024-04-11 20:56:00,2024-04-11 22:01:00,2024-04-11 22:05:00,2375.907,2373.251,2371.543,2374.307,2376.011,2373.251,2374.615,2371.287,-1.7080000000000837
KNOWN_BOUNDARY,P41_C1_D2,2024-04-11 23:58:00,2024-04-12 00:00:00,2.0,2024-04-11,2024,4,Thursday,23:58,00:00,5,5,True,True,0,0,True,2024-04-11 23:54:00,2024-04-11 23:58:00,2024-04-12 00:00:00,2024-04-12 00:04:00,2376.381,2377.001,2376.787,2375.421,2377.001,2375.726,2377.034,2375.294,-0.21400000000039654
KNOWN_BOUNDARY,P41_C1_D2,2024-04-14 23:58:00,2024-04-15 00:00:00,2.0,2024-04-14,2024,4,Sunday,23:58,00:00,5,5,True,True,0,0,True,2024-04-14 23:54:00,2024-04-14 23:58:00,2024-04-15 00:00:00,2024-04-15 00:04:00,2363.705,2364.486,2364.446,2361.871,2364.838,2363.034,2365.995,2360.042,-0.03999999999996362
KNOWN_BOUNDARY,P30_C35_D64,2024-04-15 20:56:00,2024-04-15 22:01:00,65.0,2024-04-15,2024,4,Monday,20:56,22:01,5,5,True,True,0,0,True,2024-04-15 20:52:00,2024-04-15 20:56:00,2024-04-15 22:01:00,2024-04-15 22:05:00,2381.34,2382.778,2380.8,2382.511,2382.944,2380.848,2383.396,2380.686,-1.9779999999996107
KNOWN_BOUNDARY,P41_C1_D2,2024-04-15 23:58:00,2024-04-16 00:00:00,2.0,2024-04-15,2024,4,Monday,23:58,00:00,5,5,True,True,0,0,True,2024-04-15 23:54:00,2024-04-15 23:58:00,2024-04-16 00:00:00,2024-04-16 00:04:00,2382.226,2381.833,2381.896,2380.646,2382.81,2381.77,2381.896,2380.127,0.06300000000010186
KNOWN_BOUNDARY,P30_C35_D64,2024-04-16 20:56:00,2024-04-16 22:01:00,65.0,2024-04-16,2024,4,Tuesday,20:56,22:01,5,5,True,True,0,0,True,2024-04-16 20:52:00,2024-04-16 20:56:00,2024-04-16 22:01:00,2024-04-16 22:05:00,2382.974,2382.206,2382.746,2383.059,2382.974,2378.369,2384.055,2382.397,0.5399999999999636
KNOWN_BOUNDARY,P41_C1_D2,2024-04-16 23:58:00,2024-04-17 00:00:00,2.0,2024-04-16,2024,4,Tuesday,23:58,00:00,5,5,True,True,0,0,True,2024-04-16 23:54:00,2024-04-16 23:58:00,2024-04-17 00:00:00,2024-04-17 00:04:00,2383.944,2382.843,2382.703,2381.345,2384.078,2382.662,2383.399,2381.146,-0.13999999999987267
KNOWN_BOUNDARY,P30_C35_D64,2024-04-17 20:56:00,2024-04-17 22:01:00,65.0,2024-04-17,2024,4,Wednesday,20:56,22:01,5,5,True,True,0,0,True,2024-04-17 20:52:00,2024-04-17 20:56:00,2024-04-17 22:01:00,2024-04-17 22:05:00,2364.41,2360.924,2363.478,2364.758,2364.701,2354.554,2365.763,2363.478,2.5540000000000873
KNOWN_BOUNDARY,P41_C1_D2,2024-04-17 23:58:00,2024-04-18 00:00:00,2.0,2024-04-17,2024,4,Wednesday,23:58,00:00,5,5,True,True,0,0,True,2024-04-17 23:54:00,2024-04-17 23:58:00,2024-04-18 00:00:00,2024-04-18 00:04:00,2367.333,2367.84,2367.837,2368.682,2368.142,2367.177,2369.791,2367.837,-0.003000000000156433
KNOWN_BOUNDARY,P30_C35_D64,2024-04-18 20:56:00,2024-04-18 22:01:00,65.0,2024-04-18,2024,4,Thursday,20:56,22:01,5,5,True,True,0,0,True,2024-04-18 20:52:00,2024-04-18 20:56:00,2024-04-18 22:01:00,2024-04-18 22:05:00,2377.662,2377.45,2378.459,2379.22,2377.681,2376.855,2379.7,2378.043,1.0090000000000146
KNOWN_BOUNDARY,P41_C1_D2,2024-04-18 23:58:00,2024-04-19 00:00:00,2.0,2024-04-18,2024,4,Thursday,23:58,00:00,5,5,True,True,0,0,True,2024-04-18 23:54:00,2024-04-18 23:58:00,2024-04-19 00:00:00,2024-04-19 00:04:00,2380.307,2380.003,2379.867,2378.129,2380.559,2379.825,2379.867,2377.934,-0.13599999999996726
KNOWN_BOUNDARY,P30_C35_D64,2024-04-22 20:57:00,2024-04-22 22:01:00,64.0,2024-04-22,2024,4,Monday,20:57,22:01,5,5,True,True,0,0,True,2024-04-22 20:53:00,2024-04-22 20:57:00,2024-04-22 22:01:00,2024-04-22 22:05:00,2326.39,2326.498,2329.07,2330.032,2326.68,2325.319,2330.297,2328.733,2.5720000000001164
KNOWN_BOUNDARY,P30_C35_D64,2024-04-23 20:57:00,2024-04-23 22:01:00,64.0,2024-04-23,2024,4,Tuesday,20:57,22:01,5,5,True,True,0,0,True,2024-04-23 20:53:00,2024-04-23 20:57:00,2024-04-23 22:01:00,2024-04-23 22:05:00,2322.425,2321.929,2322.08,2321.657,2322.491,2321.375,2322.127,2321.388,0.15099999999983993
KNOWN_BOUNDARY,P30_C35_D64,2024-04-24 20:57:00,2024-04-24 22:01:00,64.0,2024-04-24,2024,4,Wednesday,20:57,22:01,5,5,True,True,0,0,True,2024-04-24 20:53:00,2024-04-24 20:57:00,2024-04-24 22:01:00,2024-04-24 22:05:00,2315.296,2315.786,2315.996,2317.235,2315.88,2314.862,2317.568,2315.057,0.21000000000003638
KNOWN_BOUNDARY,P30_C35_D64,2024-04-25 20:57:00,2024-04-25 22:01:00,64.0,2024-04-25,2024,4,Thursday,20:57,22:01,5,5,True,True,0,0,True,2024-04-25 20:53:00,2024-04-25 20:57:00,2024-04-25 22:01:00,2024-04-25 22:05:00,2331.291,2331.927,2331.959,2331.528,2332.149,2331.228,2332.462,2331.356,0.03199999999969805
KNOWN_BOUNDARY,P30_C35_D64,2024-04-29 20:57:00,2024-04-29 22:01:00,64.0,2024-04-29,2024,4,Monday,20:57,22:01,5,5,True,True,0,0,True,2024-04-29 20:53:00,2024-04-29 20:57:00,2024-04-29 22:01:00,2024-04-29 22:05:00,2336.2,2335.197,2334.576,2335.682,2336.663,2335.164,2335.845,2334.273,-0.6210000000000946
KNOWN_BOUNDARY,P30_C35_D64,2024-04-30 20:57:00,2024-04-30 22:01:00,64.0,2024-04-30,2024,4,Tuesday,20:57,22:01,5,5,True,True,0,0,True,2024-04-30 20:53:00,2024-04-30 20:57:00,2024-04-30 22:01:00,2024-04-30 22:05:00,2286.143,2285.328,2287.354,2288.054,2286.38,2284.967,2289.252,2287.021,2.02599999999984
KNOWN_BOUNDARY,P30_C35_D64,2024-05-01 20:57:00,2024-05-01 22:01:00,64.0,2024-05-01,2024,5,Wednesday,20:57,22:01,5,5,True,True,0,0,True,2024-05-01 20:53:00,2024-05-01 20:57:00,2024-05-01 22:01:00,2024-05-01 22:05:00,2317.956,2317.703,2319.51,2321.075,2318.655,2316.97,2321.274,2317.551,1.8070000000002437
KNOWN_BOUNDARY,P30_C35_D64,2024-05-02 20:57:00,2024-05-02 22:01:00,64.0,2024-05-02,2024,5,Thursday,20:57,22:01,5,5,True,True,0,0,True,2024-05-02 20:53:00,2024-05-02 20:57:00,2024-05-02 22:01:00,2024-05-02 22:05:00,2302.865,2303.904,2303.709,2304.3,2303.999,2302.62,2305.024,2303.634,-0.1950000000001637
KNOWN_BOUNDARY,P30_C35_D64,2024-05-06 20:57:00,2024-05-06 22:01:00,64.0,2024-05-06,2024,5,Monday,20:57,22:01,5,5,True,True,0,0,True,2024-05-06 20:53:00,2024-05-06 20:57:00,2024-05-06 22:01:00,2024-05-06 22:05:00,2323.915,2323.942,2324.803,2325.361,2324.795,2323.804,2325.466,2324.189,0.8609999999998763
KNOWN_BOUNDARY,P30_C35_D64,2024-05-07 20:57:00,2024-05-07 22:01:00,64.0,2024-05-07,2024,5,Tuesday,20:57,22:01,5,5,True,True,0,0,True,2024-05-07 20:53:00,2024-05-07 20:57:00,2024-05-07 22:01:00,2024-05-07 22:05:00,2313.268,2314.015,2314.11,2314.642,2314.239,2313.22,2315.04,2313.863,0.09500000000025466
KNOWN_BOUNDARY,P30_C35_D64,2024-05-08 20:57:00,2024-05-08 22:01:00,64.0,2024-05-08,2024,5,Wednesday,20:57,22:01,5,5,True,True,0,0,True,2024-05-08 20:53:00,2024-05-08 20:57:00,2024-05-08 22:01:00,2024-05-08 22:05:00,2308.384,2308.766,2308.448,2309.746,2309.027,2308.361,2310.197,2308.331,-0.318000000000211
KNOWN_BOUNDARY,P30_C35_D64,2024-05-09 20:57:00,2024-05-09 22:01:00,64.0,2024-05-09,2024,5,Thursday,20:57,22:01,5,5,True,True,0,0,True,2024-05-09 20:53:00,2024-05-09 20:57:00,2024-05-09 22:01:00,2024-05-09 22:05:00,2344.859,2345.438,2346.033,2346.113,2346.637,2344.365,2346.462,2345.635,0.5949999999997999
KNOWN_BOUNDARY,P30_C35_D64,2024-05-13 20:57:00,2024-05-13 22:01:00,64.0,2024-05-13,2024,5,Monday,20:57,22:01,5,5,True,True,0,0,True,2024-05-13 20:53:00,2024-05-13 20:57:00,2024-05-13 22:01:00,2024-05-13 22:05:00,2336.248,2336.006,2336.444,2337.015,2336.683,2335.733,2337.201,2336.321,0.43800000000010186
KNOWN_BOUNDARY,P30_C35_D64,2024-05-14 20:57:00,2024-05-14 22:01:00,64.0,2024-05-14,2024,5,Tuesday,20:57,22:01,5,5,True,True,0,0,True,2024-05-14 20:53:00,2024-05-14 20:57:00,2024-05-14 22:01:00,2024-05-14 22:05:00,2357.374,2358.247,2357.052,2356.764,2358.383,2357.28,2357.746,2356.764,-1.194999999999709
KNOWN_BOUNDARY,P30_C35_D64,2024-05-15 20:57:00,2024-05-15 22:01:00,64.0,2024-05-15,2024,5,Wednesday,20:57,22:01,5,5,True,True,0,0,True,2024-05-15 20:53:00,2024-05-15 20:57:00,2024-05-15 22:01:00,2024-05-15 22:05:00,2387.371,2386.45,2385.385,2387.924,2387.472,2385.864,2388.491,2385.385,-1.0649999999995998
KNOWN_BOUNDARY,P30_C35_D64,2024-05-16 20:57:00,2024-05-16 22:01:00,64.0,2024-05-16,2024,5,Thursday,20:57,22:01,5,5,True,True,0,0,True,2024-05-16 20:53:00,2024-05-16 20:57:00,2024-05-16 22:01:00,2024-05-16 22:05:00,2376.431,2376.607,2377.55,2377.62,2376.775,2375.944,2378.004,2377.399,0.943000000000211
KNOWN_BOUNDARY,P30_C35_D64,2024-05-20 20:57:00,2024-05-20 22:01:00,64.0,2024-05-20,2024,5,Monday,20:57,22:01,5,5,True,True,0,0,True,2024-05-20 20:53:00,2024-05-20 20:57:00,2024-05-20 22:01:00,2024-05-20 22:05:00,2425.453,2425.263,2427.371,2427.382,2425.633,2424.832,2427.537,2426.248,2.1080000000001746
KNOWN_BOUNDARY,P30_C35_D64,2024-05-21 20:57:00,2024-05-21 22:01:00,64.0,2024-05-21,2024,5,Tuesday,20:57,22:01,5,5,True,True,0,0,True,2024-05-21 20:53:00,2024-05-21 20:57:00,2024-05-21 22:01:00,2024-05-21 22:05:00,2420.69,2420.747,2420.73,2421.372,2420.934,2420.325,2421.683,2420.591,-0.016999999999825377
KNOWN_BOUNDARY,P30_C35_D64,2024-05-22 20:57:00,2024-05-22 22:01:00,64.0,2024-05-22,2024,5,Wednesday,20:57,22:01,5,5,True,True,0,0,True,2024-05-22 20:53:00,2024-05-22 20:57:00,2024-05-22 22:01:00,2024-05-22 22:05:00,2377.554,2378.556,2378.371,2379.536,2378.593,2377.554,2379.986,2378.185,-0.18499999999994543
KNOWN_BOUNDARY,P30_C35_D64,2024-05-23 20:57:00,2024-05-23 22:01:00,64.0,2024-05-23,2024,5,Thursday,20:57,22:01,5,5,True,True,0,0,True,2024-05-23 20:53:00,2024-05-23 20:57:00,2024-05-23 22:01:00,2024-05-23 22:05:00,2328.009,2328.366,2328.61,2329.421,2328.773,2328.009,2329.507,2328.434,0.24400000000014188
KNOWN_BOUNDARY,P30_C35_D64,2024-05-28 20:57:00,2024-05-28 22:01:00,64.0,2024-05-28,2024,5,Tuesday,20:57,22:01,5,5,True,True,0,0,True,2024-05-28 20:53:00,2024-05-28 20:57:00,2024-05-28 22:01:00,2024-05-28 22:05:00,2360.419,2361.241,2362.288,2361.215,2361.241,2360.419,2362.288,2361.093,1.0470000000000255
KNOWN_BOUNDARY,P30_C35_D64,2024-05-29 20:57:00,2024-05-29 22:01:00,64.0,2024-05-29,2024,5,Wednesday,20:57,22:01,5,5,True,True,0,0,True,2024-05-29 20:53:00,2024-05-29 20:57:00,2024-05-29 22:01:00,2024-05-29 22:05:00,2337.788,2338.409,2337.919,2338.508,2338.684,2337.661,2338.72,2337.429,-0.49000000000023647
KNOWN_BOUNDARY,P30_C35_D64,2024-05-30 20:57:00,2024-05-30 22:01:00,64.0,2024-05-30,2024,5,Thursday,20:57,22:01,5,5,True,True,0,0,True,2024-05-30 20:53:00,2024-05-30 20:57:00,2024-05-30 22:01:00,2024-05-30 22:05:00,2342.124,2343.147,2343.994,2343.423,2343.174,2342.05,2344.261,2342.626,0.8470000000002074
KNOWN_BOUNDARY,P30_C35_D64,2024-06-03 20:57:00,2024-06-03 22:01:00,64.0,2024-06-03,2024,6,Monday,20:57,22:01,5,5,True,True,0,0,True,2024-06-03 20:53:00,2024-06-03 20:57:00,2024-06-03 22:01:00,2024-06-03 22:05:00,2350.223,2350.814,2351.66,2350.874,2351.098,2350.134,2351.811,2350.473,0.8460000000000036
KNOWN_BOUNDARY,P30_C35_D64,2024-06-04 20:57:00,2024-06-04 22:01:00,64.0,2024-06-04,2024,6,Tuesday,20:57,22:01,5,5,True,True,0,0,True,2024-06-04 20:53:00,2024-06-04 20:57:00,2024-06-04 22:01:00,2024-06-04 22:05:00,2326.901,2327.057,2327.609,2327.632,2327.453,2326.517,2327.992,2327.295,0.5520000000001346
KNOWN_BOUNDARY,P30_C35_D64,2024-06-05 20:57:00,2024-06-05 22:01:00,64.0,2024-06-05,2024,6,Wednesday,20:57,22:01,5,5,True,True,0,0,True,2024-06-05 20:53:00,2024-06-05 20:57:00,2024-06-05 22:01:00,2024-06-05 22:05:00,2354.744,2355.147,2356.891,2355.638,2355.221,2354.527,2356.891,2355.371,1.7440000000001419
KNOWN_BOUNDARY,P30_C35_D64,2024-06-06 20:57:00,2024-06-06 22:01:00,64.0,2024-06-06,2024,6,Thursday,20:57,22:01,5,5,True,True,0,0,True,2024-06-06 20:53:00,2024-06-06 20:57:00,2024-06-06 22:01:00,2024-06-06 22:05:00,2375.011,2375.754,2376.653,2376.277,2376.102,2374.755,2376.954,2376.11,0.8989999999998872
KNOWN_BOUNDARY,P30_C35_D64,2024-06-10 20:57:00,2024-06-10 22:01:00,64.0,2024-06-10,2024,6,Monday,20:57,22:01,5,5,True,True,0,0,True,2024-06-10 20:53:00,2024-06-10 20:57:00,2024-06-10 22:01:00,2024-06-10 22:05:00,2310.358,2310.782,2311.889,2311.221,2310.948,2310.289,2312.005,2310.113,1.106999999999971
KNOWN_BOUNDARY,P30_C35_D64,2024-06-11 20:57:00,2024-06-11 22:01:00,64.0,2024-06-11,2024,6,Tuesday,20:57,22:01,5,5,True,True,0,0,True,2024-06-11 20:53:00,2024-06-11 20:57:00,2024-06-11 22:01:00,2024-06-11 22:05:00,2315.844,2316.639,2316.526,2316.364,2316.872,2315.696,2316.712,2316.159,-0.11300000000028376
KNOWN_BOUNDARY,P30_C35_D64,2024-06-12 20:57:00,2024-06-12 22:01:00,64.0,2024-06-12,2024,6,Wednesday,20:57,22:01,5,5,True,True,0,0,True,2024-06-12 20:53:00,2024-06-12 20:57:00,2024-06-12 22:01:00,2024-06-12 22:05:00,2323.972,2324.393,2324.7,2324.579,2324.555,2323.954,2325.354,2324.236,0.306999999999789
KNOWN_BOUNDARY,P30_C35_D64,2024-06-13 20:57:00,2024-06-13 22:01:00,64.0,2024-06-13,2024,6,Thursday,20:57,22:01,5,5,True,True,0,0,True,2024-06-13 20:53:00,2024-06-13 20:57:00,2024-06-13 22:01:00,2024-06-13 22:05:00,2303.945,2303.847,2303.326,2303.55,2304.226,2303.803,2303.798,2303.326,-0.5210000000001855
KNOWN_BOUNDARY,P30_C35_D64,2024-06-17 20:57:00,2024-06-17 22:01:00,64.0,2024-06-17,2024,6,Monday,20:57,22:01,5,5,True,True,0,0,True,2024-06-17 20:53:00,2024-06-17 20:57:00,2024-06-17 22:01:00,2024-06-17 22:05:00,2318.752,2319.014,2320.134,2319.901,2319.235,2318.707,2320.731,2319.901,1.1199999999998909
KNOWN_BOUNDARY,P30_C35_D64,2024-06-18 20:57:00,2024-06-18 22:01:00,64.0,2024-06-18,2024,6,Tuesday,20:57,22:01,5,5,True,True,0,0,True,2024-06-18 20:53:00,2024-06-18 20:57:00,2024-06-18 22:01:00,2024-06-18 22:05:00,2329.226,2329.408,2329.788,2329.174,2329.444,2329.099,2330.182,2328.763,0.38000000000010914
KNOWN_BOUNDARY,P30_C35_D64,2024-06-20 20:57:00,2024-06-20 22:01:00,64.0,2024-06-20,2024,6,Thursday,20:57,22:01,5,5,True,True,0,0,True,2024-06-20 20:53:00,2024-06-20 20:57:00,2024-06-20 22:01:00,2024-06-20 22:05:00,2359.239,2359.908,2360.374,2359.382,2360.075,2358.899,2360.374,2358.997,0.4659999999998945
KNOWN_BOUNDARY,P30_C35_D64,2024-06-24 20:57:00,2024-06-24 22:01:00,64.0,2024-06-24,2024,6,Monday,20:57,22:01,5,5,True,True,0,0,True,2024-06-24 20:53:00,2024-06-24 20:57:00,2024-06-24 22:01:00,2024-06-24 22:05:00,2333.618,2333.671,2333.991,2333.919,2333.853,2333.563,2334.116,2333.682,0.3200000000001637
KNOWN_BOUNDARY,P30_C35_D64,2024-06-25 20:57:00,2024-06-25 22:01:00,64.0,2024-06-25,2024,6,Tuesday,20:57,22:01,5,5,True,True,0,0,True,2024-06-25 20:53:00,2024-06-25 20:57:00,2024-06-25 22:01:00,2024-06-25 22:05:00,2319.348,2319.337,2319.49,2320.119,2319.493,2319.157,2320.153,2319.322,0.15299999999979264
KNOWN_BOUNDARY,P30_C35_D64,2024-06-26 20:57:00,2024-06-26 22:01:00,64.0,2024-06-26,2024,6,Wednesday,20:57,22:01,5,5,True,True,0,0,True,2024-06-26 20:53:00,2024-06-26 20:57:00,2024-06-26 22:01:00,2024-06-26 22:05:00,2297.863,2298.094,2298.442,2298.647,2298.296,2297.519,2298.84,2298.281,0.34799999999995634
KNOWN_BOUNDARY,P30_C35_D64,2024-06-27 20:57:00,2024-06-27 22:01:00,64.0,2024-06-27,2024,6,Thursday,20:57,22:01,5,5,True,True,0,0,True,2024-06-27 20:53:00,2024-06-27 20:57:00,2024-06-27 22:01:00,2024-06-27 22:05:00,2328.29,2327.869,2327.49,2326.829,2328.29,2327.663,2327.586,2326.813,-0.37900000000036016
KNOWN_BOUNDARY,P30_C35_D64,2024-07-01 20:57:00,2024-07-01 22:01:00,64.0,2024-07-01,2024,7,Monday,20:57,22:01,5,5,True,True,0,0,True,2024-07-01 20:53:00,2024-07-01 20:57:00,2024-07-01 22:01:00,2024-07-01 22:05:00,2331.516,2331.638,2332.521,2331.55,2331.884,2331.516,2332.521,2331.352,0.8830000000002656
KNOWN_BOUNDARY,P30_C35_D64,2024-07-02 20:57:00,2024-07-02 22:01:00,64.0,2024-07-02,2024,7,Tuesday,20:57,22:01,5,5,True,True,0,0,True,2024-07-02 20:53:00,2024-07-02 20:57:00,2024-07-02 22:01:00,2024-07-02 22:05:00,2329.738,2329.496,2330.266,2330.02,2329.844,2329.404,2330.563,2329.995,0.7699999999999818
KNOWN_BOUNDARY,P30_C35_D64,2024-07-03 20:57:00,2024-07-03 22:01:00,64.0,2024-07-03,2024,7,Wednesday,20:57,22:01,5,5,True,True,0,0,True,2024-07-03 20:53:00,2024-07-03 20:57:00,2024-07-03 22:01:00,2024-07-03 22:05:00,2355.944,2356.114,2357.081,2356.857,2356.209,2355.801,2357.234,2356.357,0.9670000000000982
KNOWN_BOUNDARY,P30_C35_D64,2024-07-08 20:57:00,2024-07-08 22:01:00,64.0,2024-07-08,2024,7,Monday,20:57,22:01,5,5,True,True,0,0,True,2024-07-08 20:53:00,2024-07-08 20:57:00,2024-07-08 22:01:00,2024-07-08 22:05:00,2358.804,2358.713,2358.981,2358.824,2358.879,2358.474,2359.028,2358.45,0.2680000000000291
KNOWN_BOUNDARY,P30_C35_D64,2024-07-09 20:57:00,2024-07-09 22:01:00,64.0,2024-07-09,2024,7,Tuesday,20:57,22:01,5,5,True,True,0,0,True,2024-07-09 20:53:00,2024-07-09 20:57:00,2024-07-09 22:01:00,2024-07-09 22:05:00,2363.983,2363.706,2364.133,2363.6,2363.986,2363.706,2364.305,2363.506,0.42699999999967986
KNOWN_BOUNDARY,P30_C35_D64,2024-07-10 20:57:00,2024-07-10 22:01:00,64.0,2024-07-10,2024,7,Wednesday,20:57,22:01,5,5,True,True,0,0,True,2024-07-10 20:53:00,2024-07-10 20:57:00,2024-07-10 22:01:00,2024-07-10 22:05:00,2371.38,2371.289,2372.147,2371.943,2371.521,2370.881,2372.329,2371.774,0.8579999999997199
KNOWN_BOUNDARY,P30_C35_D64,2024-07-11 20:57:00,2024-07-11 22:01:00,64.0,2024-07-11,2024,7,Thursday,20:57,22:01,5,5,True,True,0,0,True,2024-07-11 20:53:00,2024-07-11 20:57:00,2024-07-11 22:01:00,2024-07-11 22:05:00,2414.109,2414.775,2414.522,2412.948,2414.775,2414.072,2414.522,2412.719,-0.25300000000015643
KNOWN_BOUNDARY,P30_C35_D64,2024-07-15 20:57:00,2024-07-15 22:01:00,64.0,2024-07-15,2024,7,Monday,20:57,22:01,5,5,True,True,0,0,True,2024-07-15 20:53:00,2024-07-15 20:57:00,2024-07-15 22:01:00,2024-07-15 22:05:00,2421.735,2422.115,2421.728,2421.767,2422.182,2421.649,2422.187,2421.706,-0.38699999999971624
KNOWN_BOUNDARY,P30_C35_D64,2024-07-16 20:57:00,2024-07-16 22:01:00,64.0,2024-07-16,2024,7,Tuesday,20:57,22:01,5,5,True,True,0,0,True,2024-07-16 20:53:00,2024-07-16 20:57:00,2024-07-16 22:01:00,2024-07-16 22:05:00,2468.867,2468.876,2468.399,2467.36,2469.079,2468.239,2468.691,2467.357,-0.4770000000003165
KNOWN_BOUNDARY,P30_C35_D64,2024-07-17 20:57:00,2024-07-17 22:01:00,64.0,2024-07-17,2024,7,Wednesday,20:57,22:01,5,5,True,True,0,0,True,2024-07-17 20:53:00,2024-07-17 20:57:00,2024-07-17 22:01:00,2024-07-17 22:05:00,2459.423,2458.829,2458.984,2458.715,2459.426,2458.663,2459.204,2458.454,0.15499999999974534
KNOWN_BOUNDARY,P30_C35_D64,2024-07-18 20:57:00,2024-07-18 22:01:00,64.0,2024-07-18,2024,7,Thursday,20:57,22:01,5,5,True,True,0,0,True,2024-07-18 20:53:00,2024-07-18 20:57:00,2024-07-18 22:01:00,2024-07-18 22:05:00,2444.85,2444.902,2445.407,2444.209,2445.394,2444.695,2445.563,2444.103,0.5050000000001091
KNOWN_BOUNDARY,P30_C35_D64,2024-07-22 20:57:00,2024-07-22 22:01:00,64.0,2024-07-22,2024,7,Monday,20:57,22:01,5,5,True,True,0,0,True,2024-07-22 20:53:00,2024-07-22 20:57:00,2024-07-22 22:01:00,2024-07-22 22:05:00,2396.037,2396.585,2397.067,2397.357,2396.817,2395.678,2397.986,2396.796,0.4819999999999709
KNOWN_BOUNDARY,P30_C35_D64,2024-07-23 20:57:00,2024-07-23 22:01:00,64.0,2024-07-23,2024,7,Tuesday,20:57,22:01,5,5,True,True,0,0,True,2024-07-23 20:53:00,2024-07-23 20:57:00,2024-07-23 22:01:00,2024-07-23 22:05:00,2409.298,2409.404,2408.702,2408.67,2410.013,2409.038,2408.887,2408.421,-0.7019999999997708
KNOWN_BOUNDARY,P30_C35_D64,2024-07-24 20:57:00,2024-07-24 22:01:00,64.0,2024-07-24,2024,7,Wednesday,20:57,22:01,5,5,True,True,0,0,True,2024-07-24 20:53:00,2024-07-24 20:57:00,2024-07-24 22:01:00,2024-07-24 22:05:00,2398.574,2397.267,2397.531,2397.966,2398.772,2397.177,2398.148,2396.978,0.2640000000001237
KNOWN_BOUNDARY,P30_C35_D64,2024-07-25 20:57:00,2024-07-25 22:01:00,64.0,2024-07-25,2024,7,Thursday,20:57,22:01,5,5,True,True,0,0,True,2024-07-25 20:53:00,2024-07-25 20:57:00,2024-07-25 22:01:00,2024-07-25 22:05:00,2363.977,2365.062,2364.122,2364.565,2365.249,2363.527,2365.001,2363.953,-0.9400000000000546
KNOWN_BOUNDARY,P30_C35_D64,2024-07-29 20:57:00,2024-07-29 22:01:00,64.0,2024-07-29,2024,7,Monday,20:57,22:01,5,5,True,True,0,0,True,2024-07-29 20:53:00,2024-07-29 20:57:00,2024-07-29 22:01:00,2024-07-29 22:05:00,2383.287,2383.853,2382.682,2382.557,2384.1,2383.249,2382.839,2382.176,-1.1710000000002765
KNOWN_BOUNDARY,P30_C35_D64,2024-07-30 20:57:00,2024-07-30 22:01:00,64.0,2024-07-30,2024,7,Tuesday,20:57,22:01,5,5,True,True,0,0,True,2024-07-30 20:53:00,2024-07-30 20:57:00,2024-07-30 22:01:00,2024-07-30 22:05:00,2410.783,2411.011,2409.447,2410.477,2411.417,2410.122,2410.926,2409.242,-1.5639999999998508
KNOWN_BOUNDARY,P30_C35_D64,2024-07-31 20:57:00,2024-07-31 22:01:00,64.0,2024-07-31,2024,7,Wednesday,20:57,22:01,5,5,True,True,0,0,True,2024-07-31 20:53:00,2024-07-31 20:57:00,2024-07-31 22:01:00,2024-07-31 22:05:00,2447.05,2447.786,2449.173,2447.698,2448.185,2446.193,2449.505,2446.991,1.3869999999997162
KNOWN_BOUNDARY,P30_C35_D64,2024-08-01 20:57:00,2024-08-01 22:01:00,64.0,2024-08-01,2024,8,Thursday,20:57,22:01,5,5,True,True,0,0,True,2024-08-01 20:53:00,2024-08-01 20:57:00,2024-08-01 22:01:00,2024-08-01 22:05:00,2445.299,2446.649,2446.364,2446.559,2447.553,2445.283,2447.365,2445.965,-0.2849999999998545
KNOWN_BOUNDARY,P30_C35_D64,2024-08-05 20:57:00,2024-08-05 22:01:00,64.0,2024-08-05,2024,8,Monday,20:57,22:01,5,5,True,True,0,0,True,2024-08-05 20:53:00,2024-08-05 20:57:00,2024-08-05 22:01:00,2024-08-05 22:05:00,2410.019,2409.343,2410.644,2410.601,2410.278,2409.165,2411.627,2410.441,1.3009999999999309
KNOWN_BOUNDARY,P30_C35_D64,2024-08-06 20:57:00,2024-08-06 22:01:00,64.0,2024-08-06,2024,8,Tuesday,20:57,22:01,5,5,True,True,0,0,True,2024-08-06 20:53:00,2024-08-06 20:57:00,2024-08-06 22:01:00,2024-08-06 22:05:00,2387.294,2389.141,2389.898,2389.848,2389.535,2387.289,2390.422,2388.172,0.7570000000000618
KNOWN_BOUNDARY,P30_C35_D64,2024-08-07 20:57:00,2024-08-07 22:01:00,64.0,2024-08-07,2024,8,Wednesday,20:57,22:01,5,5,True,True,0,0,True,2024-08-07 20:53:00,2024-08-07 20:57:00,2024-08-07 22:01:00,2024-08-07 22:05:00,2382.11,2382.762,2382.322,2381.64,2383.028,2381.69,2382.885,2381.072,-0.44000000000005457
KNOWN_BOUNDARY,P30_C35_D64,2024-08-08 20:57:00,2024-08-08 22:01:00,64.0,2024-08-08,2024,8,Thursday,20:57,22:01,5,5,True,True,0,0,True,2024-08-08 20:53:00,2024-08-08 20:57:00,2024-08-08 22:01:00,2024-08-08 22:05:00,2427.066,2427.136,2426.817,2426.872,2427.679,2426.543,2427.818,2426.762,-0.31899999999996
KNOWN_BOUNDARY,P30_C35_D64,2024-08-12 20:57:00,2024-08-12 22:01:00,64.0,2024-08-12,2024,8,Monday,20:57,22:01,5,5,True,True,0,0,True,2024-08-12 20:53:00,2024-08-12 20:57:00,2024-08-12 22:01:00,2024-08-12 22:05:00,2471.774,2472.391,2470.85,2470.43,2473.189,2471.674,2471.489,2470.151,-1.5410000000001673
KNOWN_BOUNDARY,P30_C35_D64,2024-08-13 20:57:00,2024-08-13 22:01:00,64.0,2024-08-13,2024,8,Tuesday,20:57,22:01,5,5,True,True,0,0,True,2024-08-13 20:53:00,2024-08-13 20:57:00,2024-08-13 22:01:00,2024-08-13 22:05:00,2465.234,2465.234,2466.687,2466.173,2465.777,2464.531,2466.906,2466.043,1.4529999999999745
KNOWN_BOUNDARY,P30_C35_D64,2024-08-14 20:57:00,2024-08-14 22:01:00,64.0,2024-08-14,2024,8,Wednesday,20:57,22:01,5,5,True,True,0,0,True,2024-08-14 20:53:00,2024-08-14 20:57:00,2024-08-14 22:01:00,2024-08-14 22:05:00,2447.833,2447.929,2447.924,2448.477,2448.02,2447.664,2448.55,2447.671,-0.005000000000109139
KNOWN_BOUNDARY,P30_C35_D64,2024-08-15 20:57:00,2024-08-15 22:01:00,64.0,2024-08-15,2024,8,Thursday,20:57,22:01,5,5,True,True,0,0,True,2024-08-15 20:53:00,2024-08-15 20:57:00,2024-08-15 22:01:00,2024-08-15 22:05:00,2455.41,2456.457,2455.96,2455.37,2456.576,2455.326,2456.211,2455.197,-0.49699999999984357
KNOWN_BOUNDARY,P30_C35_D64,2024-08-19 20:57:00,2024-08-19 22:01:00,64.0,2024-08-19,2024,8,Monday,20:57,22:01,5,5,True,True,0,0,True,2024-08-19 20:53:00,2024-08-19 20:57:00,2024-08-19 22:01:00,2024-08-19 22:05:00,2504.524,2504.052,2503.234,2503.867,2504.571,2504.0,2504.157,2503.234,-0.818000000000211
KNOWN_BOUNDARY,P30_C35_D64,2024-08-20 20:57:00,2024-08-20 22:01:00,64.0,2024-08-20,2024,8,Tuesday,20:57,22:01,5,5,True,True,0,0,True,2024-08-20 20:53:00,2024-08-20 20:57:00,2024-08-20 22:01:00,2024-08-20 22:05:00,2515.212,2513.981,2513.347,2513.473,2515.355,2513.802,2514.233,2513.315,-0.6340000000000146
KNOWN_BOUNDARY,P30_C35_D64,2024-08-21 20:57:00,2024-08-21 22:01:00,64.0,2024-08-21,2024,8,Wednesday,20:57,22:01,5,5,True,True,0,0,True,2024-08-21 20:53:00,2024-08-21 20:57:00,2024-08-21 22:01:00,2024-08-21 22:05:00,2511.33,2512.061,2511.984,2511.989,2512.12,2511.325,2513.305,2511.409,-0.07700000000022555
KNOWN_BOUNDARY,P30_C35_D64,2024-08-22 20:57:00,2024-08-22 22:01:00,64.0,2024-08-22,2024,8,Thursday,20:57,22:01,5,5,True,True,0,0,True,2024-08-22 20:53:00,2024-08-22 20:57:00,2024-08-22 22:01:00,2024-08-22 22:05:00,2484.08,2484.319,2484.521,2485.013,2484.518,2484.026,2485.36,2484.416,0.20200000000022555
KNOWN_BOUNDARY,P30_C35_D64,2024-08-26 20:57:00,2024-08-26 22:01:00,64.0,2024-08-26,2024,8,Monday,20:57,22:01,5,5,True,True,0,0,True,2024-08-26 20:53:00,2024-08-26 20:57:00,2024-08-26 22:01:00,2024-08-26 22:05:00,2517.978,2518.229,2517.94,2517.678,2518.315,2517.824,2518.051,2517.403,-0.2889999999997599
KNOWN_BOUNDARY,P30_C35_D64,2024-08-27 20:57:00,2024-08-27 22:01:00,64.0,2024-08-27,2024,8,Tuesday,20:57,22:01,5,5,True,True,0,0,True,2024-08-27 20:53:00,2024-08-27 20:57:00,2024-08-27 22:01:00,2024-08-27 22:05:00,2524.381,2524.577,2524.984,2525.256,2524.687,2523.957,2525.422,2524.728,0.40699999999969805
KNOWN_BOUNDARY,P30_C35_D64,2024-08-28 20:57:00,2024-08-28 22:01:00,64.0,2024-08-28,2024,8,Wednesday,20:57,22:01,5,5,True,True,0,0,True,2024-08-28 20:53:00,2024-08-28 20:57:00,2024-08-28 22:01:00,2024-08-28 22:05:00,2504.693,2504.362,2505.235,2506.236,2505.35,2504.201,2506.797,2505.059,0.8730000000000473
KNOWN_BOUNDARY,P30_C35_D64,2024-08-29 20:57:00,2024-08-29 22:01:00,64.0,2024-08-29,2024,8,Thursday,20:57,22:01,5,5,True,True,0,0,True,2024-08-29 20:53:00,2024-08-29 20:57:00,2024-08-29 22:01:00,2024-08-29 22:05:00,2521.248,2521.459,2520.922,2520.736,2521.856,2521.22,2521.225,2520.472,-0.5369999999998072
KNOWN_BOUNDARY,P30_C35_D64,2024-09-03 20:57:00,2024-09-03 22:01:00,64.0,2024-09-03,2024,9,Tuesday,20:57,22:01,5,5,True,True,0,0,True,2024-09-03 20:53:00,2024-09-03 20:57:00,2024-09-03 22:01:00,2024-09-03 22:05:00,2492.626,2492.781,2492.767,2492.869,2492.903,2492.328,2492.915,2492.135,-0.014000000000123691
KNOWN_BOUNDARY,P30_C35_D64,2024-09-04 20:57:00,2024-09-04 22:01:00,64.0,2024-09-04,2024,9,Wednesday,20:57,22:01,5,5,True,True,0,0,True,2024-09-04 20:53:00,2024-09-04 20:57:00,2024-09-04 22:01:00,2024-09-04 22:05:00,2496.007,2495.811,2495.236,2495.365,2496.951,2495.768,2495.653,2495.079,-0.5750000000002728
KNOWN_BOUNDARY,P30_C35_D64,2024-09-05 20:57:00,2024-09-05 22:01:00,64.0,2024-09-05,2024,9,Thursday,20:57,22:01,5,5,True,True,0,0,True,2024-09-05 20:53:00,2024-09-05 20:57:00,2024-09-05 22:01:00,2024-09-05 22:05:00,2516.391,2516.452,2517.047,2516.27,2516.609,2515.976,2517.047,2516.08,0.5949999999997999
KNOWN_BOUNDARY,P30_C35_D64,2024-09-09 20:57:00,2024-09-09 22:01:00,64.0,2024-09-09,2024,9,Monday,20:57,22:01,5,5,True,True,0,0,True,2024-09-09 20:53:00,2024-09-09 20:57:00,2024-09-09 22:01:00,2024-09-09 22:05:00,2505.65,2506.118,2506.438,2506.294,2506.68,2505.523,2506.859,2506.005,0.3200000000001637
KNOWN_BOUNDARY,P30_C35_D64,2024-09-10 20:57:00,2024-09-10 22:01:00,64.0,2024-09-10,2024,9,Tuesday,20:57,22:01,5,5,True,True,0,0,True,2024-09-10 20:53:00,2024-09-10 20:57:00,2024-09-10 22:01:00,2024-09-10 22:05:00,2516.678,2516.448,2516.582,2516.908,2516.778,2516.328,2516.947,2516.363,0.13400000000001455
KNOWN_BOUNDARY,P30_C35_D64,2024-09-11 20:57:00,2024-09-11 22:01:00,64.0,2024-09-11,2024,9,Wednesday,20:57,22:01,5,5,True,True,0,0,True,2024-09-11 20:53:00,2024-09-11 20:57:00,2024-09-11 22:01:00,2024-09-11 22:05:00,2512.425,2511.462,2512.31,2513.026,2512.428,2511.27,2513.073,2512.31,0.8479999999999563
KNOWN_BOUNDARY,P30_C35_D64,2024-09-12 20:57:00,2024-09-12 22:01:00,64.0,2024-09-12,2024,9,Thursday,20:57,22:01,5,5,True,True,0,0,True,2024-09-12 20:53:00,2024-09-12 20:57:00,2024-09-12 22:01:00,2024-09-12 22:05:00,2559.417,2558.829,2558.333,2558.4,2559.494,2558.448,2558.664,2557.866,-0.4960000000000946
KNOWN_BOUNDARY,P30_C35_D64,2024-09-16 20:57:00,2024-09-16 22:01:00,64.0,2024-09-16,2024,9,Monday,20:57,22:01,5,5,True,True,0,0,True,2024-09-16 20:53:00,2024-09-16 20:57:00,2024-09-16 22:01:00,2024-09-16 22:05:00,2583.189,2582.903,2582.736,2582.742,2583.29,2582.748,2582.828,2582.439,-0.16699999999991633
KNOWN_BOUNDARY,P30_C35_D64,2024-09-17 20:57:00,2024-09-17 22:01:00,64.0,2024-09-17,2024,9,Tuesday,20:57,22:01,5,5,True,True,0,0,True,2024-09-17 20:53:00,2024-09-17 20:57:00,2024-09-17 22:01:00,2024-09-17 22:05:00,2569.761,2569.805,2569.594,2570.254,2570.113,2569.623,2570.336,2569.554,-0.21099999999978536
KNOWN_BOUNDARY,P30_C35_D64,2024-09-18 20:57:00,2024-09-18 22:01:00,64.0,2024-09-18,2024,9,Wednesday,20:57,22:01,5,5,True,True,0,0,True,2024-09-18 20:53:00,2024-09-18 20:57:00,2024-09-18 22:01:00,2024-09-18 22:05:00,2557.777,2559.124,2558.398,2558.03,2559.315,2557.777,2559.075,2556.413,-0.725999999999658
KNOWN_BOUNDARY,P30_C35_D64,2024-09-19 20:57:00,2024-09-19 22:01:00,64.0,2024-09-19,2024,9,Thursday,20:57,22:01,5,5,True,True,0,0,True,2024-09-19 20:53:00,2024-09-19 20:57:00,2024-09-19 22:01:00,2024-09-19 22:05:00,2587.079,2586.72,2586.366,2586.53,2587.091,2585.876,2586.733,2586.1,-0.35399999999981446
KNOWN_BOUNDARY,P30_C35_D64,2024-09-23 20:57:00,2024-09-23 22:01:00,64.0,2024-09-23,2024,9,Monday,20:57,22:01,5,5,True,True,0,0,True,2024-09-23 20:53:00,2024-09-23 20:57:00,2024-09-23 22:01:00,2024-09-23 22:05:00,2628.383,2628.302,2627.157,2627.862,2628.501,2628.074,2628.011,2626.932,-1.1449999999999818
KNOWN_BOUNDARY,P30_C35_D64,2024-09-24 20:57:00,2024-09-24 22:01:00,64.0,2024-09-24,2024,9,Tuesday,20:57,22:01,5,5,True,True,0,0,True,2024-09-24 20:53:00,2024-09-24 20:57:00,2024-09-24 22:01:00,2024-09-24 22:05:00,2657.401,2656.855,2658.85,2658.598,2657.583,2656.417,2659.179,2658.245,1.9949999999998909
KNOWN_BOUNDARY,P30_C35_D64,2024-09-25 20:57:00,2024-09-25 22:01:00,64.0,2024-09-25,2024,9,Wednesday,20:57,22:01,5,5,True,True,0,0,True,2024-09-25 20:53:00,2024-09-25 20:57:00,2024-09-25 22:01:00,2024-09-25 22:05:00,2656.907,2657.175,2657.274,2657.962,2657.434,2656.328,2658.455,2656.948,0.09899999999970532
KNOWN_BOUNDARY,P30_C35_D64,2024-09-26 20:57:00,2024-09-26 22:01:00,64.0,2024-09-26,2024,9,Thursday,20:57,22:01,5,5,True,True,0,0,True,2024-09-26 20:53:00,2024-09-26 20:57:00,2024-09-26 22:01:00,2024-09-26 22:05:00,2671.985,2672.265,2671.888,2672.171,2672.638,2671.898,2672.321,2671.804,-0.3769999999999527
KNOWN_BOUNDARY,P30_C35_D64,2024-09-30 20:57:00,2024-09-30 22:01:00,64.0,2024-09-30,2024,9,Monday,20:57,22:01,5,5,True,True,0,0,True,2024-09-30 20:53:00,2024-09-30 20:57:00,2024-09-30 22:01:00,2024-09-30 22:05:00,2634.067,2634.848,2633.527,2633.484,2635.122,2633.935,2633.874,2632.53,-1.3209999999999127
KNOWN_BOUNDARY,P30_C35_D64,2024-10-01 20:57:00,2024-10-01 22:01:00,64.0,2024-10-01,2024,10,Tuesday,20:57,22:01,5,5,True,True,0,0,True,2024-10-01 20:53:00,2024-10-01 20:57:00,2024-10-01 22:01:00,2024-10-01 22:05:00,2663.065,2663.575,2661.812,2661.448,2664.009,2662.713,2662.543,2661.208,-1.76299999999992
KNOWN_BOUNDARY,P30_C35_D64,2024-10-02 20:57:00,2024-10-02 22:01:00,64.0,2024-10-02,2024,10,Wednesday,20:57,22:01,5,5,True,True,0,0,True,2024-10-02 20:53:00,2024-10-02 20:57:00,2024-10-02 22:01:00,2024-10-02 22:05:00,2658.534,2658.825,2658.946,2658.55,2659.108,2658.357,2659.063,2658.454,0.12100000000009459
KNOWN_BOUNDARY,P30_C35_D64,2024-10-03 20:57:00,2024-10-03 22:01:00,64.0,2024-10-03,2024,10,Thursday,20:57,22:01,5,5,True,True,0,0,True,2024-10-03 20:53:00,2024-10-03 20:57:00,2024-10-03 22:01:00,2024-10-03 22:05:00,2656.153,2656.246,2657.147,2655.888,2656.341,2655.776,2657.147,2655.692,0.9009999999998399
KNOWN_BOUNDARY,P30_C35_D64,2024-10-07 20:57:00,2024-10-07 22:01:00,64.0,2024-10-07,2024,10,Monday,20:57,22:01,5,5,True,True,0,0,True,2024-10-07 20:53:00,2024-10-07 20:57:00,2024-10-07 22:01:00,2024-10-07 22:05:00,2642.98,2642.567,2643.087,2642.15,2643.138,2642.542,2643.087,2641.768,0.5199999999999818
KNOWN_BOUNDARY,P30_C35_D64,2024-10-08 20:57:00,2024-10-08 22:01:00,64.0,2024-10-08,2024,10,Tuesday,20:57,22:01,5,5,True,True,0,0,True,2024-10-08 20:53:00,2024-10-08 20:57:00,2024-10-08 22:01:00,2024-10-08 22:05:00,2621.496,2621.872,2621.786,2621.692,2622.001,2621.452,2622.414,2621.692,-0.08599999999978536
KNOWN_BOUNDARY,P30_C35_D64,2024-10-09 20:57:00,2024-10-09 22:01:00,64.0,2024-10-09,2024,10,Wednesday,20:57,22:01,5,5,True,True,0,0,True,2024-10-09 20:53:00,2024-10-09 20:57:00,2024-10-09 22:01:00,2024-10-09 22:05:00,2608.099,2607.741,2608.184,2608.059,2608.549,2607.55,2608.515,2607.496,0.443000000000211
KNOWN_BOUNDARY,P30_C35_D64,2024-10-10 20:57:00,2024-10-10 22:01:00,64.0,2024-10-10,2024,10,Thursday,20:57,22:01,5,5,True,True,0,0,True,2024-10-10 20:53:00,2024-10-10 20:57:00,2024-10-10 22:01:00,2024-10-10 22:05:00,2629.647,2629.638,2629.12,2628.307,2629.781,2629.193,2629.169,2628.155,-0.5180000000000291
KNOWN_BOUNDARY,P30_C35_D64,2024-10-14 20:57:00,2024-10-14 22:01:00,64.0,2024-10-14,2024,10,Monday,20:57,22:01,5,5,True,True,0,0,True,2024-10-14 20:53:00,2024-10-14 20:57:00,2024-10-14 22:01:00,2024-10-14 22:05:00,2647.759,2648.86,2647.876,2649.333,2648.982,2647.525,2649.66,2647.415,-0.9839999999999236
KNOWN_BOUNDARY,P30_C35_D64,2024-10-15 20:57:00,2024-10-15 22:01:00,64.0,2024-10-15,2024,10,Tuesday,20:57,22:01,5,5,True,True,0,0,True,2024-10-15 20:53:00,2024-10-15 20:57:00,2024-10-15 22:01:00,2024-10-15 22:05:00,2662.735,2662.98,2662.042,2662.053,2662.98,2662.148,2662.467,2661.903,-0.9380000000001019
KNOWN_BOUNDARY,P30_C35_D64,2024-10-16 20:57:00,2024-10-16 22:01:00,64.0,2024-10-16,2024,10,Wednesday,20:57,22:01,5,5,True,True,0,0,True,2024-10-16 20:53:00,2024-10-16 20:57:00,2024-10-16 22:01:00,2024-10-16 22:05:00,2673.548,2673.614,2674.51,2674.453,2673.962,2673.283,2674.625,2673.865,0.8960000000001855
KNOWN_BOUNDARY,P30_C35_D64,2024-10-17 20:57:00,2024-10-17 22:01:00,64.0,2024-10-17,2024,10,Thursday,20:57,22:01,5,5,True,True,0,0,True,2024-10-17 20:53:00,2024-10-17 20:57:00,2024-10-17 22:01:00,2024-10-17 22:05:00,2692.801,2692.719,2692.423,2692.943,2692.958,2692.507,2693.127,2692.341,-0.2960000000002765
KNOWN_BOUNDARY,P30_C35_D64,2024-10-21 20:57:00,2024-10-21 22:01:00,64.0,2024-10-21,2024,10,Monday,20:57,22:01,5,5,True,True,0,0,True,2024-10-21 20:53:00,2024-10-21 20:57:00,2024-10-21 22:01:00,2024-10-21 22:05:00,2719.621,2719.873,2718.77,2719.735,2720.013,2718.872,2719.927,2718.707,-1.1030000000000655
KNOWN_BOUNDARY,P30_C35_D64,2024-10-22 20:57:00,2024-10-22 22:01:00,64.0,2024-10-22,2024,10,Tuesday,20:57,22:01,5,5,True,True,0,0,True,2024-10-22 20:53:00,2024-10-22 20:57:00,2024-10-22 22:01:00,2024-10-22 22:05:00,2748.278,2748.585,2747.854,2747.604,2748.739,2748.278,2748.354,2747.187,-0.7310000000002219
KNOWN_BOUNDARY,P30_C35_D64,2024-10-23 20:57:00,2024-10-23 22:01:00,64.0,2024-10-23,2024,10,Wednesday,20:57,22:01,5,5,True,True,0,0,True,2024-10-23 20:53:00,2024-10-23 20:57:00,2024-10-23 22:01:00,2024-10-23 22:05:00,2715.974,2715.544,2715.19,2716.366,2716.222,2715.388,2716.536,2715.156,-0.35399999999981446
KNOWN_BOUNDARY,P30_C35_D64,2024-10-24 20:57:00,2024-10-24 22:01:00,64.0,2024-10-24,2024,10,Thursday,20:57,22:01,5,5,True,True,0,0,True,2024-10-24 20:53:00,2024-10-24 20:57:00,2024-10-24 22:01:00,2024-10-24 22:05:00,2736.027,2735.699,2735.58,2735.666,2736.064,2735.699,2736.088,2735.397,-0.11900000000014188
KNOWN_BOUNDARY,P30_C35_D64,2024-10-28 20:57:00,2024-10-28 22:01:00,64.0,2024-10-28,2024,10,Monday,20:57,22:01,5,5,True,True,0,0,True,2024-10-28 20:53:00,2024-10-28 20:57:00,2024-10-28 22:01:00,2024-10-28 22:05:00,2742.524,2742.284,2741.724,2740.954,2742.741,2742.114,2741.92,2740.836,-0.5599999999999454
KNOWN_BOUNDARY,P30_C35_D64,2024-10-29 20:57:00,2024-10-29 22:01:00,64.0,2024-10-29,2024,10,Tuesday,20:57,22:01,5,5,True,True,0,0,True,2024-10-29 20:53:00,2024-10-29 20:57:00,2024-10-29 22:01:00,2024-10-29 22:05:00,2773.731,2774.347,2773.558,2773.061,2774.752,2773.568,2773.901,2773.061,-0.7890000000002146
KNOWN_BOUNDARY,P30_C35_D64,2024-10-30 20:57:00,2024-10-30 22:01:00,64.0,2024-10-30,2024,10,Wednesday,20:57,22:01,5,5,True,True,0,0,True,2024-10-30 20:53:00,2024-10-30 20:57:00,2024-10-30 22:01:00,2024-10-30 22:05:00,2787.693,2786.412,2787.459,2787.121,2787.693,2786.36,2787.669,2786.873,1.0470000000000255
KNOWN_BOUNDARY,P30_C35_D64,2024-10-31 20:57:00,2024-10-31 22:01:00,64.0,2024-10-31,2024,10,Thursday,20:57,22:01,5,5,True,True,0,0,True,2024-10-31 20:53:00,2024-10-31 20:57:00,2024-10-31 22:01:00,2024-10-31 22:05:00,2743.998,2743.892,2743.947,2746.005,2744.115,2743.269,2746.005,2743.904,0.05500000000029104
KNOWN_BOUNDARY,P33_C39_D64,2024-11-04 21:57:00,2024-11-04 23:01:00,64.0,2024-11-04,2024,11,Monday,21:57,23:01,5,5,True,True,0,0,True,2024-11-04 21:53:00,2024-11-04 21:57:00,2024-11-04 23:01:00,2024-11-04 23:05:00,2736.434,2736.492,2737.663,2737.136,2736.547,2736.187,2737.908,2737.003,1.1709999999998217
KNOWN_BOUNDARY,P33_C39_D64,2024-11-05 21:57:00,2024-11-05 23:01:00,64.0,2024-11-05,2024,11,Tuesday,21:57,23:01,5,5,True,True,0,0,True,2024-11-05 21:53:00,2024-11-05 21:57:00,2024-11-05 23:01:00,2024-11-05 23:05:00,2744.274,2743.836,2742.57,2742.703,2744.274,2743.541,2743.328,2742.423,-1.2659999999996217
KNOWN_BOUNDARY,P33_C39_D64,2024-11-06 21:57:00,2024-11-06 23:01:00,64.0,2024-11-06,2024,11,Wednesday,21:57,23:01,5,5,True,True,0,0,True,2024-11-06 21:53:00,2024-11-06 21:57:00,2024-11-06 23:01:00,2024-11-06 23:05:00,2659.396,2658.98,2660.168,2662.24,2659.553,2658.958,2662.329,2659.911,1.1880000000001019
KNOWN_BOUNDARY,P33_C39_D64,2024-11-07 21:57:00,2024-11-07 23:01:00,64.0,2024-11-07,2024,11,Thursday,21:57,23:01,5,5,True,True,0,0,True,2024-11-07 21:53:00,2024-11-07 21:57:00,2024-11-07 23:01:00,2024-11-07 23:05:00,2707.978,2707.146,2704.674,2704.145,2708.569,2706.864,2705.03,2704.124,-2.4720000000002074
KNOWN_BOUNDARY,P33_C39_D64,2024-11-11 21:57:00,2024-11-11 23:01:00,64.0,2024-11-11,2024,11,Monday,21:57,23:01,5,5,True,True,0,0,True,2024-11-11 21:53:00,2024-11-11 21:57:00,2024-11-11 23:01:00,2024-11-11 23:05:00,2620.202,2619.613,2620.155,2621.478,2620.29,2619.276,2621.608,2619.767,0.5420000000003711
KNOWN_BOUNDARY,P33_C39_D64,2024-11-12 21:57:00,2024-11-12 23:01:00,64.0,2024-11-12,2024,11,Tuesday,21:57,23:01,5,5,True,True,0,0,True,2024-11-12 21:53:00,2024-11-12 21:57:00,2024-11-12 23:01:00,2024-11-12 23:05:00,2597.871,2598.344,2598.073,2597.739,2598.601,2597.871,2598.259,2597.649,-0.27100000000018554
KNOWN_BOUNDARY,P33_C39_D64,2024-11-13 21:57:00,2024-11-13 23:01:00,64.0,2024-11-13,2024,11,Wednesday,21:57,23:01,5,5,True,True,0,0,True,2024-11-13 21:53:00,2024-11-13 21:57:00,2024-11-13 23:01:00,2024-11-13 23:05:00,2573.89,2573.064,2571.948,2573.673,2574.141,2572.589,2574.474,2571.858,-1.1159999999999854
KNOWN_BOUNDARY,P33_C39_D64,2024-11-14 21:57:00,2024-11-14 23:01:00,64.0,2024-11-14,2024,11,Thursday,21:57,23:01,5,5,True,True,0,0,True,2024-11-14 21:53:00,2024-11-14 21:57:00,2024-11-14 23:01:00,2024-11-14 23:05:00,2565.613,2565.31,2564.927,2566.301,2565.702,2565.243,2566.454,2564.898,-0.3829999999998108
KNOWN_BOUNDARY,P33_C39_D64,2024-11-18 21:57:00,2024-11-18 23:01:00,64.0,2024-11-18,2024,11,Monday,21:57,23:01,5,5,True,True,0,0,True,2024-11-18 21:53:00,2024-11-18 21:57:00,2024-11-18 23:01:00,2024-11-18 23:05:00,2612.084,2611.721,2611.031,2610.697,2612.361,2611.475,2611.29,2610.485,-0.6900000000000546
KNOWN_BOUNDARY,P33_C39_D64,2024-11-19 21:57:00,2024-11-19 23:01:00,64.0,2024-11-19,2024,11,Tuesday,21:57,23:01,5,5,True,True,0,0,True,2024-11-19 21:53:00,2024-11-19 21:57:00,2024-11-19 23:01:00,2024-11-19 23:05:00,2632.683,2632.059,2632.155,2632.565,2632.736,2632.059,2632.646,2632.155,0.09600000000000364
KNOWN_BOUNDARY,P33_C39_D64,2024-11-20 21:57:00,2024-11-20 23:01:00,64.0,2024-11-20,2024,11,Wednesday,21:57,23:01,5,5,True,True,0,0,True,2024-11-20 21:53:00,2024-11-20 21:57:00,2024-11-20 23:01:00,2024-11-20 23:05:00,2649.828,2649.955,2651.224,2649.341,2649.963,2649.32,2651.232,2649.22,1.2690000000002328
KNOWN_BOUNDARY,P33_C39_D64,2024-11-21 21:57:00,2024-11-21 23:01:00,64.0,2024-11-21,2024,11,Thursday,21:57,23:01,5,5,True,True,0,0,True,2024-11-21 21:53:00,2024-11-21 21:57:00,2024-11-21 23:01:00,2024-11-21 23:05:00,2670.059,2669.61,2669.861,2669.781,2670.217,2669.478,2669.996,2669.362,0.250999999999749
KNOWN_BOUNDARY,P33_C39_D64,2024-11-25 21:57:00,2024-11-25 23:01:00,64.0,2024-11-25,2024,11,Monday,21:57,23:01,5,5,True,True,0,0,True,2024-11-25 21:53:00,2024-11-25 21:57:00,2024-11-25 23:01:00,2024-11-25 23:05:00,2625.722,2625.642,2625.829,2626.891,2625.947,2625.399,2627.579,2625.829,0.18700000000035288
KNOWN_BOUNDARY,P33_C39_D64,2024-11-26 21:57:00,2024-11-26 23:01:00,64.0,2024-11-26,2024,11,Tuesday,21:57,23:01,5,5,True,True,0,0,True,2024-11-26 21:53:00,2024-11-26 21:57:00,2024-11-26 23:01:00,2024-11-26 23:05:00,2632.571,2632.72,2631.285,2631.286,2633.102,2632.237,2632.108,2630.779,-1.4349999999999454
KNOWN_BOUNDARY,P33_C39_D64,2024-11-27 21:57:00,2024-11-27 23:01:00,64.0,2024-11-27,2024,11,Wednesday,21:57,23:01,5,5,True,True,0,0,True,2024-11-27 21:53:00,2024-11-27 21:57:00,2024-11-27 23:01:00,2024-11-27 23:05:00,2635.832,2635.706,2637.116,2637.403,2635.877,2635.386,2637.913,2636.673,1.4099999999998545
KNOWN_BOUNDARY,P33_C39_D64,2024-12-02 21:57:00,2024-12-02 23:01:00,64.0,2024-12-02,2024,12,Monday,21:57,23:01,5,5,True,True,0,0,True,2024-12-02 21:53:00,2024-12-02 21:57:00,2024-12-02 23:01:00,2024-12-02 23:05:00,2638.953,2638.713,2638.603,2638.812,2639.017,2638.422,2639.019,2638.4,-0.11000000000012733
KNOWN_BOUNDARY,P33_C39_D64,2024-12-03 21:57:00,2024-12-03 23:01:00,64.0,2024-12-03,2024,12,Tuesday,21:57,23:01,5,5,True,True,0,0,True,2024-12-03 21:53:00,2024-12-03 21:57:00,2024-12-03 23:01:00,2024-12-03 23:05:00,2643.791,2643.558,2642.906,2642.701,2643.895,2643.458,2642.971,2642.2,-0.6520000000000437
KNOWN_BOUNDARY,P33_C39_D64,2024-12-04 21:57:00,2024-12-04 23:01:00,64.0,2024-12-04,2024,12,Wednesday,21:57,23:01,5,5,True,True,0,0,True,2024-12-04 21:53:00,2024-12-04 21:57:00,2024-12-04 23:01:00,2024-12-04 23:05:00,2649.742,2649.897,2649.852,2649.412,2649.967,2649.65,2649.919,2648.707,-0.04500000000007276
KNOWN_BOUNDARY,P33_C39_D64,2024-12-05 21:57:00,2024-12-05 23:01:00,64.0,2024-12-05,2024,12,Thursday,21:57,23:01,5,5,True,True,0,0,True,2024-12-05 21:53:00,2024-12-05 21:57:00,2024-12-05 23:01:00,2024-12-05 23:05:00,2632.058,2631.813,2632.066,2631.726,2632.511,2631.756,2632.107,2631.643,0.2529999999997017
KNOWN_BOUNDARY,P33_C39_D64,2024-12-09 21:57:00,2024-12-09 23:01:00,64.0,2024-12-09,2024,12,Monday,21:57,23:01,5,5,True,True,0,0,True,2024-12-09 21:53:00,2024-12-09 21:57:00,2024-12-09 23:01:00,2024-12-09 23:05:00,2660.395,2660.258,2660.787,2660.861,2660.586,2659.586,2661.197,2660.257,0.5289999999999964
KNOWN_BOUNDARY,P33_C39_D64,2024-12-10 21:57:00,2024-12-10 23:01:00,64.0,2024-12-10,2024,12,Tuesday,21:57,23:01,5,5,True,True,0,0,True,2024-12-10 21:53:00,2024-12-10 21:57:00,2024-12-10 23:01:00,2024-12-10 23:05:00,2694.012,2693.655,2693.658,2694.846,2694.012,2693.463,2695.333,2693.584,0.0029999999997016857
KNOWN_BOUNDARY,P33_C39_D64,2024-12-11 21:57:00,2024-12-11 23:01:00,64.0,2024-12-11,2024,12,Wednesday,21:57,23:01,5,5,True,True,0,0,True,2024-12-11 21:53:00,2024-12-11 21:57:00,2024-12-11 23:01:00,2024-12-11 23:05:00,2718.409,2718.096,2718.647,2717.226,2718.437,2717.697,2719.18,2716.928,0.5509999999999309
KNOWN_BOUNDARY,P33_C39_D64,2024-12-12 21:57:00,2024-12-12 23:01:00,64.0,2024-12-12,2024,12,Thursday,21:57,23:01,5,5,True,True,0,0,True,2024-12-12 21:53:00,2024-12-12 21:57:00,2024-12-12 23:01:00,2024-12-12 23:05:00,2681.301,2680.699,2680.85,2681.142,2681.55,2680.615,2681.256,2679.843,0.15099999999983993
KNOWN_BOUNDARY,P33_C39_D64,2024-12-16 21:57:00,2024-12-16 23:01:00,64.0,2024-12-16,2024,12,Monday,21:57,23:01,5,5,True,True,0,0,True,2024-12-16 21:53:00,2024-12-16 21:57:00,2024-12-16 23:01:00,2024-12-16 23:05:00,2652.582,2652.85,2652.485,2652.531,2652.932,2652.393,2652.89,2652.074,-0.3649999999997817
KNOWN_BOUNDARY,P33_C39_D64,2024-12-17 21:57:00,2024-12-17 23:01:00,64.0,2024-12-17,2024,12,Tuesday,21:57,23:01,5,5,True,True,0,0,True,2024-12-17 21:53:00,2024-12-17 21:57:00,2024-12-17 23:01:00,2024-12-17 23:05:00,2645.674,2645.968,2645.944,2646.964,2646.125,2645.398,2647.314,2645.761,-0.023999999999887223
KNOWN_BOUNDARY,P33_C39_D64,2024-12-18 21:57:00,2024-12-18 23:01:00,64.0,2024-12-18,2024,12,Wednesday,21:57,23:01,5,5,True,True,0,0,True,2024-12-18 21:53:00,2024-12-18 21:57:00,2024-12-18 23:01:00,2024-12-18 23:05:00,2587.405,2585.955,2583.929,2588.034,2587.593,2583.72,2588.205,2583.38,-2.02599999999984
KNOWN_BOUNDARY,P33_C39_D64,2024-12-19 21:57:00,2024-12-19 23:01:00,64.0,2024-12-19,2024,12,Thursday,21:57,23:01,5,5,True,True,0,0,True,2024-12-19 21:53:00,2024-12-19 21:57:00,2024-12-19 23:01:00,2024-12-19 23:05:00,2593.823,2593.993,2594.706,2594.075,2594.539,2593.677,2594.788,2594.016,0.7130000000001928
KNOWN_BOUNDARY,P33_C39_D64,2024-12-23 21:57:00,2024-12-23 23:01:00,64.0,2024-12-23,2024,12,Monday,21:57,23:01,5,5,True,True,0,0,True,2024-12-23 21:53:00,2024-12-23 21:57:00,2024-12-23 23:01:00,2024-12-23 23:05:00,2613.052,2613.42,2613.786,2614.406,2613.554,2613.036,2615.368,2613.087,0.36599999999998545
KNOWN_BOUNDARY,P33_C39_D64,2024-12-26 21:57:00,2024-12-26 23:01:00,64.0,2024-12-26,2024,12,Thursday,21:57,23:01,5,5,True,True,0,0,True,2024-12-26 21:53:00,2024-12-26 21:57:00,2024-12-26 23:01:00,2024-12-26 23:05:00,2633.912,2633.486,2628.46,2631.611,2634.062,2633.117,2632.018,2624.659,-5.02599999999984
KNOWN_BOUNDARY,P33_C39_D64,2024-12-30 21:57:00,2024-12-30 23:01:00,64.0,2024-12-30,2024,12,Monday,21:57,23:01,5,5,True,True,0,0,True,2024-12-30 21:53:00,2024-12-30 21:57:00,2024-12-30 23:01:00,2024-12-30 23:05:00,2606.195,2606.303,2606.636,2605.514,2606.62,2605.915,2606.744,2605.472,0.3330000000000837
KNOWN_BOUNDARY,P33_C39_D64,2025-01-02 21:57:00,2025-01-02 23:01:00,64.0,2025-01-02,2025,1,Thursday,21:57,23:01,5,5,True,True,0,0,True,2025-01-02 21:53:00,2025-01-02 21:57:00,2025-01-02 23:01:00,2025-01-02 23:05:00,2657.246,2657.442,2657.396,2657.668,2657.554,2657.031,2658.145,2657.322,-0.04599999999982174
KNOWN_BOUNDARY,P33_C39_D64,2025-01-07 21:57:00,2025-01-07 23:01:00,64.0,2025-01-07,2025,1,Tuesday,21:57,23:01,5,5,True,True,0,1,False,2025-01-07 21:53:00,2025-01-07 21:57:00,2025-01-07 23:01:00,2025-01-07 23:06:00,2647.938,2648.743,2649.303,2648.941,2648.762,2647.795,2649.303,2648.355,0.5599999999999454
KNOWN_BOUNDARY,P33_C39_D64,2025-01-09 21:57:00,2025-01-09 23:01:00,64.0,2025-01-09,2025,1,Thursday,21:57,23:01,5,5,True,True,0,0,True,2025-01-09 21:53:00,2025-01-09 21:57:00,2025-01-09 23:01:00,2025-01-09 23:05:00,2671.236,2669.984,2670.696,2670.429,2671.236,2669.86,2671.318,2670.056,0.7119999999999891
KNOWN_BOUNDARY,P33_C39_D64,2025-01-13 21:57:00,2025-01-13 23:01:00,64.0,2025-01-13,2025,1,Monday,21:57,23:01,5,5,True,True,0,0,True,2025-01-13 21:53:00,2025-01-13 21:57:00,2025-01-13 23:01:00,2025-01-13 23:05:00,2663.392,2663.641,2663.151,2664.229,2664.14,2663.277,2664.357,2663.064,-0.49000000000023647
KNOWN_BOUNDARY,P33_C39_D64,2025-01-14 21:57:00,2025-01-14 23:01:00,64.0,2025-01-14,2025,1,Tuesday,21:57,23:01,5,5,True,True,0,0,True,2025-01-14 21:53:00,2025-01-14 21:57:00,2025-01-14 23:01:00,2025-01-14 23:05:00,2677.144,2677.148,2677.397,2676.768,2678.294,2676.916,2677.751,2676.385,0.24899999999979627
KNOWN_BOUNDARY,P33_C39_D64,2025-01-15 21:57:00,2025-01-15 23:01:00,64.0,2025-01-15,2025,1,Wednesday,21:57,23:01,5,5,True,True,0,0,True,2025-01-15 21:53:00,2025-01-15 21:57:00,2025-01-15 23:01:00,2025-01-15 23:05:00,2696.171,2696.999,2695.145,2696.651,2696.999,2696.1,2697.97,2694.193,-1.8539999999998145
KNOWN_BOUNDARY,P33_C39_D64,2025-01-16 21:57:00,2025-01-16 23:01:00,64.0,2025-01-16,2025,1,Thursday,21:57,23:01,5,5,True,True,0,0,True,2025-01-16 21:53:00,2025-01-16 21:57:00,2025-01-16 23:01:00,2025-01-16 23:05:00,2714.386,2714.555,2714.345,2714.102,2714.709,2714.337,2714.457,2713.796,-0.21000000000003638
KNOWN_BOUNDARY,P33_C39_D64,2025-01-21 21:57:00,2025-01-21 23:02:00,65.0,2025-01-21,2025,1,Tuesday,21:57,23:02,5,5,True,True,0,0,True,2025-01-21 21:53:00,2025-01-21 21:57:00,2025-01-21 23:02:00,2025-01-21 23:06:00,2745.368,2744.674,2744.647,2744.467,2745.368,2744.378,2745.136,2743.18,-0.027000000000043656
KNOWN_BOUNDARY,P33_C39_D64,2025-01-23 21:57:00,2025-01-23 23:01:00,64.0,2025-01-23,2025,1,Thursday,21:57,23:01,5,5,True,True,0,0,True,2025-01-23 21:53:00,2025-01-23 21:57:00,2025-01-23 23:01:00,2025-01-23 23:05:00,2754.208,2754.37,2754.757,2753.728,2754.765,2754.048,2755.031,2753.584,0.387000000000171
KNOWN_BOUNDARY,P33_C39_D64,2025-01-27 21:57:00,2025-01-27 23:01:00,64.0,2025-01-27,2025,1,Monday,21:57,23:01,5,5,True,True,0,0,True,2025-01-27 21:53:00,2025-01-27 21:57:00,2025-01-27 23:01:00,2025-01-27 23:05:00,2741.129,2740.612,2741.171,2741.262,2741.289,2740.348,2741.515,2740.182,0.5589999999997417
KNOWN_BOUNDARY,P33_C39_D64,2025-01-28 21:57:00,2025-01-28 23:01:00,64.0,2025-01-28,2025,1,Tuesday,21:57,23:01,5,5,True,True,0,0,True,2025-01-28 21:53:00,2025-01-28 21:57:00,2025-01-28 23:01:00,2025-01-28 23:05:00,2763.321,2763.601,2763.243,2763.738,2763.819,2763.298,2764.002,2762.753,-0.3580000000001746
KNOWN_BOUNDARY,P33_C39_D64,2025-01-29 21:57:00,2025-01-29 23:01:00,64.0,2025-01-29,2025,1,Wednesday,21:57,23:01,5,5,True,True,0,0,True,2025-01-29 21:53:00,2025-01-29 21:57:00,2025-01-29 23:01:00,2025-01-29 23:05:00,2758.404,2759.022,2759.435,2758.437,2759.65,2758.404,2759.578,2758.161,0.4130000000000109
KNOWN_BOUNDARY,P33_C39_D64,2025-02-04 21:57:00,2025-02-04 23:01:00,64.0,2025-02-04,2025,2,Tuesday,21:57,23:01,5,5,True,True,0,0,True,2025-02-04 21:53:00,2025-02-04 21:57:00,2025-02-04 23:01:00,2025-02-04 23:05:00,2842.099,2842.058,2841.405,2841.215,2842.27,2841.622,2842.149,2840.842,-0.6529999999997926
KNOWN_BOUNDARY,P33_C39_D64,2025-02-05 21:57:00,2025-02-05 23:02:00,65.0,2025-02-05,2025,2,Wednesday,21:57,23:02,5,5,True,True,0,0,True,2025-02-05 21:53:00,2025-02-05 21:57:00,2025-02-05 23:02:00,2025-02-05 23:06:00,2866.447,2867.341,2867.006,2867.073,2867.378,2866.053,2867.951,2866.806,-0.3350000000000364
KNOWN_BOUNDARY,P33_C39_D64,2025-02-06 21:57:00,2025-02-06 23:01:00,64.0,2025-02-06,2025,2,Thursday,21:57,23:01,5,5,True,True,0,0,True,2025-02-06 21:53:00,2025-02-06 21:57:00,2025-02-06 23:01:00,2025-02-06 23:05:00,2856.65,2856.146,2856.072,2856.036,2857.229,2856.005,2856.52,2855.817,-0.07400000000006912
KNOWN_BOUNDARY,P33_C39_D64,2025-02-10 21:57:00,2025-02-10 23:01:00,64.0,2025-02-10,2025,2,Monday,21:57,23:01,5,5,True,True,0,0,True,2025-02-10 21:53:00,2025-02-10 21:57:00,2025-02-10 23:01:00,2025-02-10 23:05:00,2907.683,2908.15,2908.215,2911.458,2908.287,2907.446,2913.523,2908.068,0.06500000000005457
KNOWN_BOUNDARY,P33_C39_D64,2025-02-11 21:57:00,2025-02-11 23:01:00,64.0,2025-02-11,2025,2,Tuesday,21:57,23:01,5,5,True,True,0,0,True,2025-02-11 21:53:00,2025-02-11 21:57:00,2025-02-11 23:01:00,2025-02-11 23:05:00,2898.82,2897.84,2897.136,2897.943,2899.78,2897.53,2898.729,2897.001,-0.7040000000001783
KNOWN_BOUNDARY,P33_C39_D64,2025-02-12 21:57:00,2025-02-12 23:01:00,64.0,2025-02-12,2025,2,Wednesday,21:57,23:01,5,5,True,True,0,0,True,2025-02-12 21:53:00,2025-02-12 21:57:00,2025-02-12 23:01:00,2025-02-12 23:05:00,2903.787,2904.132,2905.415,2905.185,2904.327,2903.536,2905.415,2904.484,1.2829999999999018
KNOWN_BOUNDARY,P33_C39_D64,2025-02-13 21:57:00,2025-02-13 23:01:00,64.0,2025-02-13,2025,2,Thursday,21:57,23:01,5,5,True,True,0,0,True,2025-02-13 21:53:00,2025-02-13 21:57:00,2025-02-13 23:01:00,2025-02-13 23:05:00,2928.694,2928.708,2928.32,2927.863,2929.048,2928.212,2928.7,2927.408,-0.38799999999991996
KNOWN_BOUNDARY,P33_C39_D64,2025-02-19 21:57:00,2025-02-19 23:01:00,64.0,2025-02-19,2025,2,Wednesday,21:57,23:01,5,5,True,True,0,0,True,2025-02-19 21:53:00,2025-02-19 21:57:00,2025-02-19 23:01:00,2025-02-19 23:05:00,2933.389,2932.97,2933.724,2934.304,2933.872,2932.877,2934.35,2933.526,0.7540000000003602
KNOWN_BOUNDARY,P33_C39_D64,2025-02-20 21:57:00,2025-02-20 23:02:00,65.0,2025-02-20,2025,2,Thursday,21:57,23:02,5,5,True,True,0,0,True,2025-02-20 21:53:00,2025-02-20 21:57:00,2025-02-20 23:02:00,2025-02-20 23:06:00,2939.432,2938.627,2939.784,2939.569,2939.776,2938.61,2940.229,2939.145,1.1570000000001528
KNOWN_BOUNDARY,P33_C39_D64,2025-02-24 21:57:00,2025-02-24 23:01:00,64.0,2025-02-24,2025,2,Monday,21:57,23:01,5,5,True,True,0,0,True,2025-02-24 21:53:00,2025-02-24 21:57:00,2025-02-24 23:01:00,2025-02-24 23:05:00,2951.4,2952.679,2953.028,2952.17,2953.187,2951.239,2953.943,2952.125,0.3489999999997053
KNOWN_BOUNDARY,P33_C39_D64,2025-02-25 21:57:00,2025-02-25 23:01:00,64.0,2025-02-25,2025,2,Tuesday,21:57,23:01,5,5,True,True,0,0,True,2025-02-25 21:53:00,2025-02-25 21:57:00,2025-02-25 23:01:00,2025-02-25 23:05:00,2915.04,2915.044,2914.903,2916.748,2915.763,2914.438,2916.773,2913.88,-0.1410000000000764
KNOWN_BOUNDARY,P33_C39_D64,2025-02-26 21:57:00,2025-02-26 23:01:00,64.0,2025-02-26,2025,2,Wednesday,21:57,23:01,5,5,True,True,0,0,True,2025-02-26 21:53:00,2025-02-26 21:57:00,2025-02-26 23:01:00,2025-02-26 23:05:00,2916.068,2916.266,2916.968,2915.804,2916.828,2915.976,2917.002,2915.668,0.7019999999997708
KNOWN_BOUNDARY,P33_C39_D64,2025-02-27 21:57:00,2025-02-27 23:01:00,64.0,2025-02-27,2025,2,Thursday,21:57,23:01,5,5,True,True,0,0,True,2025-02-27 21:53:00,2025-02-27 21:57:00,2025-02-27 23:01:00,2025-02-27 23:05:00,2877.039,2877.091,2877.652,2877.009,2877.52,2876.73,2877.895,2875.842,0.5610000000001492
KNOWN_BOUNDARY,P33_C39_D64,2025-03-03 21:57:00,2025-03-03 23:01:00,64.0,2025-03-03,2025,3,Monday,21:57,23:01,5,5,True,True,0,0,True,2025-03-03 21:53:00,2025-03-03 21:57:00,2025-03-03 23:01:00,2025-03-03 23:05:00,2893.538,2893.762,2892.205,2892.936,2893.792,2893.036,2893.295,2891.606,-1.5570000000002437
KNOWN_BOUNDARY,P33_C39_D64,2025-03-04 21:57:00,2025-03-04 23:01:00,64.0,2025-03-04,2025,3,Tuesday,21:57,23:01,5,5,True,True,0,0,True,2025-03-04 21:53:00,2025-03-04 21:57:00,2025-03-04 23:01:00,2025-03-04 23:05:00,2916.974,2917.512,2918.216,2917.566,2918.001,2916.778,2918.297,2917.261,0.7039999999997235
KNOWN_BOUNDARY,P33_C39_D64,2025-03-05 21:57:00,2025-03-05 23:01:00,64.0,2025-03-05,2025,3,Wednesday,21:57,23:01,5,5,True,True,0,0,True,2025-03-05 21:53:00,2025-03-05 21:57:00,2025-03-05 23:01:00,2025-03-05 23:05:00,2918.992,2918.953,2918.008,2918.567,2919.583,2918.649,2918.917,2917.463,-0.9450000000001637
KNOWN_BOUNDARY,P33_C39_D64,2025-03-06 21:57:00,2025-03-06 23:01:00,64.0,2025-03-06,2025,3,Thursday,21:57,23:01,5,5,True,True,0,0,True,2025-03-06 21:53:00,2025-03-06 21:57:00,2025-03-06 23:01:00,2025-03-06 23:05:00,2911.132,2911.032,2912.057,2912.643,2911.945,2910.847,2913.415,2911.713,1.0249999999996362
KNOWN_BOUNDARY,P30_C35_D64,2025-03-10 20:57:00,2025-03-10 22:01:00,64.0,2025-03-10,2025,3,Monday,20:57,22:01,5,5,True,True,0,0,True,2025-03-10 20:53:00,2025-03-10 20:57:00,2025-03-10 22:01:00,2025-03-10 22:05:00,2887.805,2889.086,2888.412,2888.848,2889.105,2887.684,2890.177,2888.408,-0.6739999999999782
KNOWN_BOUNDARY,P30_C35_D64,2025-03-11 20:57:00,2025-03-11 22:01:00,64.0,2025-03-11,2025,3,Tuesday,20:57,22:01,5,5,True,True,0,0,True,2025-03-11 20:53:00,2025-03-11 20:57:00,2025-03-11 22:01:00,2025-03-11 22:05:00,2915.359,2916.024,2915.587,2915.285,2916.295,2915.111,2915.762,2915.094,-0.43699999999989814
KNOWN_BOUNDARY,P30_C35_D64,2025-03-12 20:57:00,2025-03-12 22:01:00,64.0,2025-03-12,2025,3,Wednesday,20:57,22:01,5,5,True,True,0,0,True,2025-03-12 20:53:00,2025-03-12 20:57:00,2025-03-12 22:01:00,2025-03-12 22:05:00,2932.59,2933.244,2933.73,2935.161,2933.935,2932.313,2935.263,2933.385,0.4859999999998763
KNOWN_BOUNDARY,P30_C35_D64,2025-03-13 20:57:00,2025-03-13 22:01:00,64.0,2025-03-13,2025,3,Thursday,20:57,22:01,5,5,True,True,0,0,True,2025-03-13 20:53:00,2025-03-13 20:57:00,2025-03-13 22:01:00,2025-03-13 22:05:00,2988.562,2989.084,2988.581,2984.045,2989.124,2987.835,2988.976,2983.171,-0.5029999999997017
KNOWN_BOUNDARY,P30_C35_D64,2025-03-17 20:57:00,2025-03-17 22:01:00,64.0,2025-03-17,2025,3,Monday,20:57,22:01,5,5,True,True,0,0,True,2025-03-17 20:53:00,2025-03-17 20:57:00,2025-03-17 22:01:00,2025-03-17 22:05:00,3001.047,3001.427,3001.367,3000.806,3001.527,3000.792,3001.858,3000.78,-0.05999999999994543
KNOWN_BOUNDARY,P30_C35_D64,2025-03-18 20:57:00,2025-03-18 22:01:00,64.0,2025-03-18,2025,3,Tuesday,20:57,22:01,5,5,True,True,0,0,True,2025-03-18 20:53:00,2025-03-18 20:57:00,2025-03-18 22:01:00,2025-03-18 22:05:00,3034.215,3034.074,3034.025,3033.758,3034.66,3033.888,3034.185,3033.377,-0.04899999999997817
KNOWN_BOUNDARY,P30_C35_D64,2025-03-19 20:57:00,2025-03-19 22:01:00,64.0,2025-03-19,2025,3,Wednesday,20:57,22:01,5,5,True,True,0,0,True,2025-03-19 20:53:00,2025-03-19 20:57:00,2025-03-19 22:01:00,2025-03-19 22:05:00,3047.375,3047.282,3048.924,3049.069,3047.613,3046.652,3049.39,3047.058,1.6419999999998254
KNOWN_BOUNDARY,P30_C35_D64,2025-03-20 20:57:00,2025-03-20 22:01:00,64.0,2025-03-20,2025,3,Thursday,20:57,22:01,5,5,True,True,0,0,True,2025-03-20 20:53:00,2025-03-20 20:57:00,2025-03-20 22:01:00,2025-03-20 22:05:00,3044.618,3044.628,3044.988,3044.799,3044.775,3044.283,3045.03,3044.264,0.3599999999996726
KNOWN_BOUNDARY,P30_C35_D64,2025-03-24 20:57:00,2025-03-24 22:01:00,64.0,2025-03-24,2025,3,Monday,20:57,22:01,5,5,True,True,0,0,True,2025-03-24 20:53:00,2025-03-24 20:57:00,2025-03-24 22:01:00,2025-03-24 22:05:00,3013.405,3011.868,3011.722,3010.874,3013.523,3011.868,3012.499,3010.874,-0.1459999999997308
KNOWN_BOUNDARY,P30_C35_D64,2025-03-25 20:57:00,2025-03-25 22:01:00,64.0,2025-03-25,2025,3,Tuesday,20:57,22:01,5,5,True,True,0,0,True,2025-03-25 20:53:00,2025-03-25 20:57:00,2025-03-25 22:01:00,2025-03-25 22:05:00,3019.952,3020.289,3019.663,3021.097,3020.518,3019.807,3021.276,3019.663,-0.6260000000002037
KNOWN_BOUNDARY,P30_C35_D64,2025-03-26 20:57:00,2025-03-26 22:01:00,64.0,2025-03-26,2025,3,Wednesday,20:57,22:01,5,5,True,True,0,0,True,2025-03-26 20:53:00,2025-03-26 20:57:00,2025-03-26 22:01:00,2025-03-26 22:05:00,3019.622,3018.966,3020.487,3019.667,3019.744,3018.887,3021.046,3019.598,1.5210000000001855
KNOWN_BOUNDARY,P30_C35_D64,2025-03-27 20:57:00,2025-03-27 22:01:00,64.0,2025-03-27,2025,3,Thursday,20:57,22:01,5,5,True,True,0,0,True,2025-03-27 20:53:00,2025-03-27 20:57:00,2025-03-27 22:01:00,2025-03-27 22:05:00,3056.707,3056.669,3055.858,3056.419,3057.106,3056.477,3056.49,3055.819,-0.8109999999996944
KNOWN_BOUNDARY,P30_C35_D64,2025-03-31 20:57:00,2025-03-31 22:01:00,64.0,2025-03-31,2025,3,Monday,20:57,22:01,5,5,True,True,0,0,True,2025-03-31 20:53:00,2025-03-31 20:57:00,2025-03-31 22:01:00,2025-03-31 22:05:00,3124.037,3124.071,3125.076,3125.176,3124.235,3123.409,3125.986,3124.359,1.0050000000001091
KNOWN_BOUNDARY,P30_C35_D64,2025-04-01 20:57:00,2025-04-01 22:01:00,64.0,2025-04-01,2025,4,Tuesday,20:57,22:01,5,5,True,True,0,0,True,2025-04-01 20:53:00,2025-04-01 20:57:00,2025-04-01 22:01:00,2025-04-01 22:05:00,3113.826,3114.291,3114.278,3114.808,3114.724,3113.095,3114.808,3112.851,-0.013000000000374712
KNOWN_BOUNDARY,P30_C35_D64,2025-04-03 20:57:00,2025-04-03 22:01:00,64.0,2025-04-03,2025,4,Thursday,20:57,22:01,5,5,True,True,0,0,True,2025-04-03 20:53:00,2025-04-03 20:57:00,2025-04-03 22:01:00,2025-04-03 22:05:00,3114.462,3113.145,3114.351,3114.797,3114.689,3112.856,3115.289,3113.8,1.206000000000131
KNOWN_BOUNDARY,P30_C35_D64,2025-04-07 20:57:00,2025-04-07 22:01:00,64.0,2025-04-07,2025,4,Monday,20:57,22:01,5,5,True,True,0,0,True,2025-04-07 20:53:00,2025-04-07 20:57:00,2025-04-07 22:01:00,2025-04-07 22:05:00,2982.987,2982.355,2982.102,2981.536,2983.946,2982.212,2985.719,2980.896,-0.25300000000015643
KNOWN_BOUNDARY,P30_C35_D64,2025-04-08 20:57:00,2025-04-08 22:01:00,64.0,2025-04-08,2025,4,Tuesday,20:57,22:01,5,5,True,True,0,0,True,2025-04-08 20:53:00,2025-04-08 20:57:00,2025-04-08 22:01:00,2025-04-08 22:05:00,2982.584,2982.305,2984.367,2981.751,2982.947,2982.002,2985.462,2981.598,2.062000000000353
KNOWN_BOUNDARY,P30_C35_D64,2025-04-09 20:57:00,2025-04-09 22:01:00,64.0,2025-04-09,2025,4,Wednesday,20:57,22:01,5,5,True,True,0,0,True,2025-04-09 20:53:00,2025-04-09 20:57:00,2025-04-09 22:01:00,2025-04-09 22:05:00,3079.978,3083.131,3080.368,3075.705,3083.2,3079.449,3082.547,3075.705,-2.76299999999992
KNOWN_BOUNDARY,P30_C35_D64,2025-04-10 20:57:00,2025-04-10 22:01:00,64.0,2025-04-10,2025,4,Thursday,20:57,22:01,5,5,True,True,0,0,True,2025-04-10 20:53:00,2025-04-10 20:57:00,2025-04-10 22:01:00,2025-04-10 22:05:00,3173.912,3175.69,3177.764,3178.507,3176.101,3173.542,3180.089,3176.372,2.074000000000069
KNOWN_BOUNDARY,P30_C35_D64,2025-04-14 20:57:00,2025-04-14 22:01:00,64.0,2025-04-14,2025,4,Monday,20:57,22:01,5,5,True,True,0,0,True,2025-04-14 20:53:00,2025-04-14 20:57:00,2025-04-14 22:01:00,2025-04-14 22:05:00,3211.019,3210.376,3211.99,3211.725,3211.44,3210.351,3213.686,3211.488,1.613999999999578
KNOWN_BOUNDARY,P30_C35_D64,2025-04-15 20:57:00,2025-04-15 22:01:00,64.0,2025-04-15,2025,4,Tuesday,20:57,22:01,5,5,True,True,0,0,True,2025-04-15 20:53:00,2025-04-15 20:57:00,2025-04-15 22:01:00,2025-04-15 22:05:00,3230.968,3229.808,3230.815,3230.794,3231.559,3229.67,3231.075,3229.896,1.0070000000000618
KNOWN_BOUNDARY,P30_C35_D64,2025-04-16 20:57:00,2025-04-16 22:01:00,64.0,2025-04-16,2025,4,Wednesday,20:57,22:01,5,5,True,True,0,0,True,2025-04-16 20:53:00,2025-04-16 20:57:00,2025-04-16 22:01:00,2025-04-16 22:05:00,3340.715,3342.198,3343.801,3351.517,3342.703,3340.715,3352.489,3343.035,1.6030000000000655
KNOWN_BOUNDARY,P30_C35_D64,2025-04-21 20:57:00,2025-04-21 22:01:00,64.0,2025-04-21,2025,4,Monday,20:57,22:01,5,5,True,True,0,0,True,2025-04-21 20:53:00,2025-04-21 20:57:00,2025-04-21 22:01:00,2025-04-21 22:05:00,3426.704,3424.875,3423.892,3429.458,3427.26,3424.27,3430.417,3423.892,-0.9830000000001746
KNOWN_BOUNDARY,P30_C35_D64,2025-04-22 20:57:00,2025-04-22 22:02:00,65.0,2025-04-22,2025,4,Tuesday,20:57,22:02,5,5,True,True,0,0,True,2025-04-22 20:53:00,2025-04-22 20:57:00,2025-04-22 22:02:00,2025-04-22 22:06:00,3380.755,3381.379,3337.522,3330.44,3382.609,3380.755,3342.839,3316.576,-43.85699999999997
KNOWN_BOUNDARY,P30_C35_D64,2025-04-23 20:57:00,2025-04-23 22:01:00,64.0,2025-04-23,2025,4,Wednesday,20:57,22:01,5,5,True,True,0,0,True,2025-04-23 20:53:00,2025-04-23 20:57:00,2025-04-23 22:01:00,2025-04-23 22:05:00,3288.391,3288.376,3295.004,3308.54,3289.757,3287.736,3309.768,3294.975,6.627999999999702
KNOWN_BOUNDARY,P30_C35_D64,2025-04-28 20:57:00,2025-04-28 22:01:00,64.0,2025-04-28,2025,4,Monday,20:57,22:01,5,5,True,True,0,0,True,2025-04-28 20:53:00,2025-04-28 20:57:00,2025-04-28 22:01:00,2025-04-28 22:05:00,3344.74,3344.194,3345.965,3344.991,3345.304,3342.51,3348.677,3344.724,1.7710000000001855
KNOWN_BOUNDARY,P30_C35_D64,2025-04-29 20:57:00,2025-04-29 22:01:00,64.0,2025-04-29,2025,4,Tuesday,20:57,22:01,5,5,True,True,0,0,True,2025-04-29 20:53:00,2025-04-29 20:57:00,2025-04-29 22:01:00,2025-04-29 22:05:00,3319.15,3317.338,3317.26,3319.122,3319.15,3316.956,3319.122,3317.102,-0.07799999999997453
KNOWN_BOUNDARY,P30_C35_D64,2025-05-01 20:57:00,2025-05-01 22:01:00,64.0,2025-05-01,2025,5,Thursday,20:57,22:01,5,5,True,True,0,0,True,2025-05-01 20:53:00,2025-05-01 20:57:00,2025-05-01 22:01:00,2025-05-01 22:05:00,3236.201,3238.216,3240.879,3241.767,3238.745,3235.103,3241.968,3237.813,2.663000000000011
KNOWN_BOUNDARY,P30_C35_D64,2025-05-05 20:57:00,2025-05-05 22:01:00,64.0,2025-05-05,2025,5,Monday,20:57,22:01,5,5,True,True,0,0,True,2025-05-05 20:53:00,2025-05-05 20:57:00,2025-05-05 22:01:00,2025-05-05 22:05:00,3332.743,3333.919,3336.247,3332.718,3334.764,3332.245,3338.052,3332.263,2.3279999999999745
KNOWN_BOUNDARY,P30_C35_D64,2025-05-07 20:57:00,2025-05-07 22:01:00,64.0,2025-05-07,2025,5,Wednesday,20:57,22:01,5,5,True,True,0,0,True,2025-05-07 20:53:00,2025-05-07 20:57:00,2025-05-07 22:01:00,2025-05-07 22:05:00,3366.396,3364.21,3366.954,3373.482,3366.424,3363.791,3373.861,3366.954,2.744000000000142
KNOWN_BOUNDARY,P30_C35_D64,2025-05-08 20:57:00,2025-05-08 22:01:00,64.0,2025-05-08,2025,5,Thursday,20:57,22:01,5,5,True,True,0,0,True,2025-05-08 20:53:00,2025-05-08 20:57:00,2025-05-08 22:01:00,2025-05-08 22:05:00,3306.754,3306.319,3308.508,3311.407,3307.609,3305.163,3313.046,3306.525,2.188999999999851
KNOWN_BOUNDARY,P30_C35_D64,2025-05-12 20:57:00,2025-05-12 22:01:00,64.0,2025-05-12,2025,5,Monday,20:57,22:01,5,5,True,True,0,0,True,2025-05-12 20:53:00,2025-05-12 20:57:00,2025-05-12 22:01:00,2025-05-12 22:05:00,3234.584,3234.271,3239.778,3235.753,3234.957,3233.903,3241.807,3235.753,5.506999999999607
KNOWN_BOUNDARY,P30_C35_D64,2025-05-13 20:57:00,2025-05-13 22:01:00,64.0,2025-05-13,2025,5,Tuesday,20:57,22:01,5,5,True,True,0,0,True,2025-05-13 20:53:00,2025-05-13 20:57:00,2025-05-13 22:01:00,2025-05-13 22:05:00,3251.933,3249.942,3252.408,3251.545,3252.395,3249.787,3253.144,3249.751,2.4659999999998945
KNOWN_BOUNDARY,P30_C35_D64,2025-05-14 20:57:00,2025-05-14 22:02:00,65.0,2025-05-14,2025,5,Wednesday,20:57,22:02,5,5,True,True,0,0,True,2025-05-14 20:53:00,2025-05-14 20:57:00,2025-05-14 22:02:00,2025-05-14 22:06:00,3180.789,3178.241,3179.701,3182.394,3181.139,3177.075,3182.78,3179.506,1.4600000000000364
KNOWN_BOUNDARY,P30_C35_D64,2025-05-15 20:57:00,2025-05-15 22:01:00,64.0,2025-05-15,2025,5,Thursday,20:57,22:01,5,5,True,True,0,0,True,2025-05-15 20:53:00,2025-05-15 20:57:00,2025-05-15 22:01:00,2025-05-15 22:05:00,3239.163,3240.471,3239.605,3242.173,3240.704,3238.483,3242.651,3236.929,-0.8659999999999854
KNOWN_BOUNDARY,P30_C35_D64,2025-05-19 20:57:00,2025-05-19 22:01:00,64.0,2025-05-19,2025,5,Monday,20:57,22:01,5,5,True,True,0,0,True,2025-05-19 20:53:00,2025-05-19 20:57:00,2025-05-19 22:01:00,2025-05-19 22:05:00,3230.585,3230.334,3229.311,3228.316,3231.066,3229.726,3229.311,3227.41,-1.0229999999996835
KNOWN_BOUNDARY,P30_C35_D64,2025-05-20 20:57:00,2025-05-20 22:01:00,64.0,2025-05-20,2025,5,Tuesday,20:57,22:01,5,5,True,True,0,0,True,2025-05-20 20:53:00,2025-05-20 20:57:00,2025-05-20 22:01:00,2025-05-20 22:05:00,3289.782,3289.937,3291.7,3295.284,3290.425,3289.622,3295.284,3290.809,1.76299999999992
KNOWN_BOUNDARY,P30_C35_D64,2025-05-21 20:57:00,2025-05-21 22:01:00,64.0,2025-05-21,2025,5,Wednesday,20:57,22:01,5,5,True,True,0,0,True,2025-05-21 20:53:00,2025-05-21 20:57:00,2025-05-21 22:01:00,2025-05-21 22:05:00,3314.981,3315.567,3319.029,3318.871,3315.942,3313.702,3320.337,3316.545,3.461999999999989
KNOWN_BOUNDARY,P30_C35_D64,2025-05-22 20:57:00,2025-05-22 22:01:00,64.0,2025-05-22,2025,5,Thursday,20:57,22:01,5,5,True,True,0,0,True,2025-05-22 20:53:00,2025-05-22 20:57:00,2025-05-22 22:01:00,2025-05-22 22:05:00,3295.063,3294.61,3295.987,3297.688,3295.648,3294.392,3298.375,3295.381,1.3769999999999527
KNOWN_BOUNDARY,P30_C35_D64,2025-05-27 20:57:00,2025-05-27 22:01:00,64.0,2025-05-27,2025,5,Tuesday,20:57,22:01,5,5,True,True,0,0,True,2025-05-27 20:53:00,2025-05-27 20:57:00,2025-05-27 22:01:00,2025-05-27 22:05:00,3300.342,3300.192,3301.447,3305.082,3301.027,3299.64,3305.082,3301.411,1.2550000000001091
KNOWN_BOUNDARY,P30_C35_D64,2025-05-28 20:57:00,2025-05-28 22:01:00,64.0,2025-05-28,2025,5,Wednesday,20:57,22:01,5,5,True,True,0,0,True,2025-05-28 20:53:00,2025-05-28 20:57:00,2025-05-28 22:01:00,2025-05-28 22:05:00,3284.097,3286.656,3286.879,3289.61,3287.867,3283.376,3290.367,3286.648,0.22299999999995634
KNOWN_BOUNDARY,P30_C35_D64,2025-05-29 20:57:00,2025-05-29 22:01:00,64.0,2025-05-29,2025,5,Thursday,20:57,22:01,5,5,True,True,0,0,True,2025-05-29 20:53:00,2025-05-29 20:57:00,2025-05-29 22:01:00,2025-05-29 22:05:00,3317.516,3317.534,3320.033,3317.532,3318.393,3317.388,3321.098,3317.478,2.4989999999997963
KNOWN_BOUNDARY,P30_C35_D64,2025-06-02 20:57:00,2025-06-02 22:01:00,64.0,2025-06-02,2025,6,Monday,20:57,22:01,5,5,True,True,0,0,True,2025-06-02 20:53:00,2025-06-02 20:57:00,2025-06-02 22:01:00,2025-06-02 22:05:00,3382.381,3381.794,3383.838,3383.162,3382.889,3381.505,3385.679,3383.103,2.044000000000324
KNOWN_BOUNDARY,P30_C35_D64,2025-06-03 20:57:00,2025-06-03 22:01:00,64.0,2025-06-03,2025,6,Tuesday,20:57,22:01,5,5,True,True,0,0,True,2025-06-03 20:53:00,2025-06-03 20:57:00,2025-06-03 22:01:00,2025-06-03 22:05:00,3353.976,3353.345,3355.807,3356.89,3354.401,3353.288,3357.114,3354.837,2.461999999999989
KNOWN_BOUNDARY,P30_C35_D64,2025-06-04 20:57:00,2025-06-04 22:01:00,64.0,2025-06-04,2025,6,Wednesday,20:57,22:01,5,5,True,True,0,0,True,2025-06-04 20:53:00,2025-06-04 20:57:00,2025-06-04 22:01:00,2025-06-04 22:05:00,3372.111,3373.808,3373.576,3373.809,3374.002,3371.944,3374.597,3373.258,-0.2319999999999709
KNOWN_BOUNDARY,P30_C35_D64,2025-06-05 20:57:00,2025-06-05 22:01:00,64.0,2025-06-05,2025,6,Thursday,20:57,22:01,5,5,True,True,0,0,True,2025-06-05 20:53:00,2025-06-05 20:57:00,2025-06-05 22:01:00,2025-06-05 22:05:00,3354.173,3352.752,3354.17,3355.838,3354.496,3352.41,3356.517,3353.168,1.41800000000012
KNOWN_BOUNDARY,P30_C35_D64,2025-06-09 20:57:00,2025-06-09 22:02:00,65.0,2025-06-09,2025,6,Monday,20:57,22:02,5,5,True,True,0,0,True,2025-06-09 20:53:00,2025-06-09 20:57:00,2025-06-09 22:02:00,2025-06-09 22:06:00,3326.441,3325.683,3325.892,3323.64,3326.611,3324.853,3325.892,3321.975,0.20899999999983265
KNOWN_BOUNDARY,P30_C35_D64,2025-06-10 20:57:00,2025-06-10 22:02:00,65.0,2025-06-10,2025,6,Tuesday,20:57,22:02,5,5,True,True,0,0,True,2025-06-10 20:53:00,2025-06-10 20:57:00,2025-06-10 22:02:00,2025-06-10 22:06:00,3323.234,3322.514,3321.278,3323.576,3323.473,3322.355,3323.852,3321.258,-1.236000000000331
KNOWN_BOUNDARY,P30_C35_D64,2025-06-11 20:57:00,2025-06-11 22:02:00,65.0,2025-06-11,2025,6,Wednesday,20:57,22:02,5,5,True,True,0,0,True,2025-06-11 20:53:00,2025-06-11 20:57:00,2025-06-11 22:02:00,2025-06-11 22:06:00,3353.091,3355.508,3359.272,3359.035,3355.672,3352.593,3359.476,3356.289,3.7640000000001237
KNOWN_BOUNDARY,P30_C35_D64,2025-06-12 20:57:00,2025-06-12 22:02:00,65.0,2025-06-12,2025,6,Thursday,20:57,22:02,5,5,True,True,0,0,True,2025-06-12 20:53:00,2025-06-12 20:57:00,2025-06-12 22:02:00,2025-06-12 22:06:00,3385.974,3385.813,3385.856,3383.087,3386.888,3385.813,3385.961,3382.796,0.04300000000012005
KNOWN_BOUNDARY,P30_C35_D64,2025-06-16 20:57:00,2025-06-16 22:02:00,65.0,2025-06-16,2025,6,Monday,20:57,22:02,5,5,True,True,0,0,True,2025-06-16 20:53:00,2025-06-16 20:57:00,2025-06-16 22:02:00,2025-06-16 22:06:00,3384.514,3384.922,3386.69,3388.464,3385.646,3383.885,3389.508,3386.442,1.768000000000029
KNOWN_BOUNDARY,P30_C35_D64,2025-06-17 20:57:00,2025-06-17 22:02:00,65.0,2025-06-17,2025,6,Tuesday,20:57,22:02,5,5,True,True,0,0,True,2025-06-17 20:53:00,2025-06-17 20:57:00,2025-06-17 22:02:00,2025-06-17 22:06:00,3388.942,3388.822,3392.82,3395.058,3389.514,3387.808,3396.266,3392.275,3.9980000000000473
KNOWN_BOUNDARY,P30_C35_D64,2025-06-18 20:57:00,2025-06-18 22:02:00,65.0,2025-06-18,2025,6,Wednesday,20:57,22:02,5,5,True,True,0,0,True,2025-06-18 20:53:00,2025-06-18 20:57:00,2025-06-18 22:02:00,2025-06-18 22:06:00,3367.659,3368.518,3373.198,3373.67,3369.154,3367.32,3374.196,3370.586,4.679999999999836
KNOWN_BOUNDARY,P30_C35_D64,2025-06-23 20:57:00,2025-06-23 22:02:00,65.0,2025-06-23,2025,6,Monday,20:57,22:02,5,5,True,True,0,0,True,2025-06-23 20:53:00,2025-06-23 20:57:00,2025-06-23 22:02:00,2025-06-23 22:06:00,3367.915,3368.358,3365.986,3361.039,3369.471,3367.271,3365.986,3357.182,-2.3720000000002983
KNOWN_BOUNDARY,P30_C35_D64,2025-06-24 20:57:00,2025-06-24 22:02:00,65.0,2025-06-24,2025,6,Tuesday,20:57,22:02,5,5,True,True,0,0,True,2025-06-24 20:53:00,2025-06-24 20:57:00,2025-06-24 22:02:00,2025-06-24 22:06:00,3322.902,3323.086,3324.444,3322.487,3323.652,3322.566,3324.444,3322.09,1.3580000000001746
KNOWN_BOUNDARY,P30_C35_D64,2025-06-25 20:57:00,2025-06-25 22:02:00,65.0,2025-06-25,2025,6,Wednesday,20:57,22:02,5,5,True,True,0,0,True,2025-06-25 20:53:00,2025-06-25 20:57:00,2025-06-25 22:02:00,2025-06-25 22:06:00,3332.561,3332.385,3335.125,3333.312,3332.956,3332.066,3335.589,3333.211,2.7399999999997817
KNOWN_BOUNDARY,P30_C35_D64,2025-06-26 20:57:00,2025-06-26 22:02:00,65.0,2025-06-26,2025,6,Thursday,20:57,22:02,5,5,True,True,0,0,True,2025-06-26 20:53:00,2025-06-26 20:57:00,2025-06-26 22:02:00,2025-06-26 22:06:00,3329.538,3328.219,3325.601,3323.098,3329.538,3327.804,3325.842,3322.548,-2.617999999999938
KNOWN_BOUNDARY,P30_C35_D64,2025-06-30 20:57:00,2025-06-30 22:02:00,65.0,2025-06-30,2025,6,Monday,20:57,22:02,5,5,True,True,0,0,True,2025-06-30 20:53:00,2025-06-30 20:57:00,2025-06-30 22:02:00,2025-06-30 22:06:00,3302.867,3303.195,3302.878,3303.921,3303.423,3302.32,3305.055,3302.443,-0.3170000000000073
KNOWN_BOUNDARY,P30_C35_D64,2025-07-01 20:57:00,2025-07-01 22:02:00,65.0,2025-07-01,2025,7,Tuesday,20:57,22:02,5,5,True,True,0,0,True,2025-07-01 20:53:00,2025-07-01 20:57:00,2025-07-01 22:02:00,2025-07-01 22:06:00,3338.907,3338.959,3337.692,3339.829,3339.423,3338.851,3340.722,3337.584,-1.2669999999998254
KNOWN_BOUNDARY,P30_C35_D64,2025-07-02 20:57:00,2025-07-02 22:02:00,65.0,2025-07-02,2025,7,Wednesday,20:57,22:02,5,5,True,True,0,0,True,2025-07-02 20:53:00,2025-07-02 20:57:00,2025-07-02 22:02:00,2025-07-02 22:06:00,3357.051,3357.315,3358.427,3359.128,3357.541,3356.71,3359.682,3358.424,1.11200000000008
KNOWN_BOUNDARY,P30_C35_D64,2025-07-03 20:57:00,2025-07-03 22:02:00,65.0,2025-07-03,2025,7,Thursday,20:57,22:02,5,5,True,True,0,0,True,2025-07-03 20:53:00,2025-07-03 20:57:00,2025-07-03 22:02:00,2025-07-03 22:06:00,3325.894,3326.687,3326.167,3325.592,3326.687,3325.321,3326.227,3324.077,-0.5199999999999818
KNOWN_BOUNDARY,P30_C35_D64,2025-07-07 20:57:00,2025-07-07 22:02:00,65.0,2025-07-07,2025,7,Monday,20:57,22:02,5,5,True,True,0,0,True,2025-07-07 20:53:00,2025-07-07 20:57:00,2025-07-07 22:02:00,2025-07-07 22:06:00,3336.967,3336.468,3340.98,3343.604,3338.067,3336.468,3345.048,3339.789,4.512000000000171
KNOWN_BOUNDARY,P30_C35_D64,2025-07-08 20:57:00,2025-07-08 22:02:00,65.0,2025-07-08,2025,7,Tuesday,20:57,22:02,5,5,True,True,0,0,True,2025-07-08 20:53:00,2025-07-08 20:57:00,2025-07-08 22:02:00,2025-07-08 22:06:00,3300.271,3301.488,3303.13,3302.54,3301.914,3300.22,3303.388,3302.323,1.6420000000002801
KNOWN_BOUNDARY,P30_C35_D64,2025-07-09 20:57:00,2025-07-09 22:02:00,65.0,2025-07-09,2025,7,Wednesday,20:57,22:02,5,5,True,True,0,0,True,2025-07-09 20:53:00,2025-07-09 20:57:00,2025-07-09 22:02:00,2025-07-09 22:06:00,3314.048,3313.846,3315.255,3316.182,3314.357,3313.595,3316.182,3314.721,1.4090000000001055
KNOWN_BOUNDARY,P30_C35_D64,2025-07-10 20:57:00,2025-07-10 22:02:00,65.0,2025-07-10,2025,7,Thursday,20:57,22:02,5,5,True,True,0,0,True,2025-07-10 20:53:00,2025-07-10 20:57:00,2025-07-10 22:02:00,2025-07-10 22:06:00,3323.932,3324.489,3325.207,3325.454,3324.54,3323.784,3326.476,3325.146,0.7179999999998472
KNOWN_BOUNDARY,P30_C35_D64,2025-07-14 20:57:00,2025-07-14 22:02:00,65.0,2025-07-14,2025,7,Monday,20:57,22:02,5,5,True,True,0,0,True,2025-07-14 20:53:00,2025-07-14 20:57:00,2025-07-14 22:02:00,2025-07-14 22:06:00,3341.465,3342.572,3343.583,3342.476,3343.007,3341.465,3343.779,3342.389,1.0109999999999673
KNOWN_BOUNDARY,P30_C35_D64,2025-07-15 20:57:00,2025-07-15 22:02:00,65.0,2025-07-15,2025,7,Tuesday,20:57,22:02,5,5,True,True,0,0,True,2025-07-15 20:53:00,2025-07-15 20:57:00,2025-07-15 22:02:00,2025-07-15 22:06:00,3325.294,3325.267,3325.035,3327.309,3326.399,3324.792,3327.66,3325.008,-0.2319999999999709
KNOWN_BOUNDARY,P30_C35_D64,2025-07-16 20:57:00,2025-07-16 22:02:00,65.0,2025-07-16,2025,7,Wednesday,20:57,22:02,5,5,True,True,0,0,True,2025-07-16 20:53:00,2025-07-16 20:57:00,2025-07-16 22:02:00,2025-07-16 22:06:00,3347.616,3347.547,3350.161,3350.037,3347.709,3346.743,3351.637,3349.373,2.6140000000000327
KNOWN_BOUNDARY,P30_C35_D64,2025-07-17 20:57:00,2025-07-17 22:02:00,65.0,2025-07-17,2025,7,Thursday,20:57,22:02,5,5,True,True,0,0,True,2025-07-17 20:53:00,2025-07-17 20:57:00,2025-07-17 22:02:00,2025-07-17 22:06:00,3337.851,3338.733,3340.927,3340.217,3338.733,3337.843,3341.839,3339.495,2.19399999999996
KNOWN_BOUNDARY,P30_C35_D64,2025-07-21 20:57:00,2025-07-21 22:02:00,65.0,2025-07-21,2025,7,Monday,20:57,22:02,5,5,True,True,0,0,True,2025-07-21 20:53:00,2025-07-21 20:57:00,2025-07-21 22:02:00,2025-07-21 22:06:00,3397.319,3397.578,3399.028,3398.882,3397.636,3396.982,3399.46,3398.052,1.449999999999818
KNOWN_BOUNDARY,P30_C35_D64,2025-07-22 20:57:00,2025-07-22 22:02:00,65.0,2025-07-22,2025,7,Tuesday,20:57,22:02,5,5,True,True,0,0,True,2025-07-22 20:53:00,2025-07-22 20:57:00,2025-07-22 22:02:00,2025-07-22 22:06:00,3430.028,3431.203,3430.826,3430.159,3431.421,3429.243,3431.39,3430.047,-0.3769999999999527
KNOWN_BOUNDARY,P30_C35_D64,2025-07-23 20:57:00,2025-07-23 22:02:00,65.0,2025-07-23,2025,7,Wednesday,20:57,22:02,5,5,True,True,0,0,True,2025-07-23 20:53:00,2025-07-23 20:57:00,2025-07-23 22:02:00,2025-07-23 22:06:00,3388.733,3386.882,3391.108,3390.969,3388.733,3386.121,3392.51,3389.606,4.226000000000113
KNOWN_BOUNDARY,P30_C35_D64,2025-07-24 20:57:00,2025-07-24 22:02:00,65.0,2025-07-24,2025,7,Thursday,20:57,22:02,5,5,True,True,0,0,True,2025-07-24 20:53:00,2025-07-24 20:57:00,2025-07-24 22:02:00,2025-07-24 22:06:00,3367.723,3368.152,3368.512,3368.572,3368.705,3367.222,3370.011,3368.447,0.36000000000012733
KNOWN_BOUNDARY,P30_C35_D64,2025-07-28 20:57:00,2025-07-28 22:02:00,65.0,2025-07-28,2025,7,Monday,20:57,22:02,5,5,True,True,0,0,True,2025-07-28 20:53:00,2025-07-28 20:57:00,2025-07-28 22:02:00,2025-07-28 22:06:00,3314.908,3314.878,3313.217,3312.693,3315.227,3314.71,3314.684,3312.455,-1.6610000000000582
KNOWN_BOUNDARY,P30_C35_D64,2025-07-29 20:57:00,2025-07-29 22:02:00,65.0,2025-07-29,2025,7,Tuesday,20:57,22:02,5,5,True,True,0,0,True,2025-07-29 20:53:00,2025-07-29 20:57:00,2025-07-29 22:02:00,2025-07-29 22:06:00,3325.817,3326.474,3327.751,3326.654,3326.474,3325.313,3328.247,3326.418,1.2770000000000437
KNOWN_BOUNDARY,P30_C35_D64,2025-07-30 20:57:00,2025-07-30 22:02:00,65.0,2025-07-30,2025,7,Wednesday,20:57,22:02,5,5,True,True,0,0,True,2025-07-30 20:53:00,2025-07-30 20:57:00,2025-07-30 22:02:00,2025-07-30 22:06:00,3275.358,3275.266,3274.201,3277.517,3276.212,3275.044,3279.51,3274.201,-1.0650000000000546
KNOWN_BOUNDARY,P30_C35_D64,2025-07-31 20:57:00,2025-07-31 22:02:00,65.0,2025-07-31,2025,7,Thursday,20:57,22:02,5,5,True,True,0,0,True,2025-07-31 20:53:00,2025-07-31 20:57:00,2025-07-31 22:02:00,2025-07-31 22:06:00,3290.7,3290.735,3289.873,3290.648,3290.946,3289.83,3292.603,3289.583,-0.86200000000008
KNOWN_BOUNDARY,P30_C35_D64,2025-08-04 20:57:00,2025-08-04 22:02:00,65.0,2025-08-04,2025,8,Monday,20:57,22:02,5,5,True,True,0,0,True,2025-08-04 20:53:00,2025-08-04 20:57:00,2025-08-04 22:02:00,2025-08-04 22:06:00,3374.051,3373.878,3375.404,3376.13,3374.281,3373.466,3376.422,3374.525,1.52599999999984
KNOWN_BOUNDARY,P30_C35_D64,2025-08-05 20:57:00,2025-08-05 22:02:00,65.0,2025-08-05,2025,8,Tuesday,20:57,22:02,5,5,True,True,0,0,True,2025-08-05 20:53:00,2025-08-05 20:57:00,2025-08-05 22:02:00,2025-08-05 22:06:00,3380.36,3380.799,3381.515,3380.398,3380.941,3380.114,3381.691,3379.981,0.7159999999998945
KNOWN_BOUNDARY,P30_C35_D64,2025-08-06 20:57:00,2025-08-06 22:02:00,65.0,2025-08-06,2025,8,Wednesday,20:57,22:02,5,5,True,True,0,0,True,2025-08-06 20:53:00,2025-08-06 20:57:00,2025-08-06 22:02:00,2025-08-06 22:06:00,3368.844,3369.079,3371.635,3374.591,3369.17,3368.242,3374.697,3371.529,2.55600000000004
KNOWN_BOUNDARY,P30_C35_D64,2025-08-07 20:57:00,2025-08-07 22:02:00,65.0,2025-08-07,2025,8,Thursday,20:57,22:02,5,5,True,True,0,0,True,2025-08-07 20:53:00,2025-08-07 20:57:00,2025-08-07 22:02:00,2025-08-07 22:06:00,3394.207,3396.399,3401.918,3401.838,3396.63,3392.508,3409.019,3395.876,5.519000000000233
KNOWN_BOUNDARY,P30_C35_D64,2025-08-11 20:57:00,2025-08-11 22:02:00,65.0,2025-08-11,2025,8,Monday,20:57,22:02,5,5,True,True,0,0,True,2025-08-11 20:53:00,2025-08-11 20:57:00,2025-08-11 22:02:00,2025-08-11 22:06:00,3342.88,3342.963,3343.475,3343.412,3343.494,3342.175,3345.877,3342.497,0.5119999999997162
KNOWN_BOUNDARY,P30_C35_D64,2025-08-12 20:57:00,2025-08-12 22:02:00,65.0,2025-08-12,2025,8,Tuesday,20:57,22:02,5,5,True,True,0,0,True,2025-08-12 20:53:00,2025-08-12 20:57:00,2025-08-12 22:02:00,2025-08-12 22:06:00,3349.1,3348.056,3350.832,3349.555,3349.1,3347.386,3351.558,3349.128,2.77599999999984
KNOWN_BOUNDARY,P30_C35_D64,2025-08-13 20:57:00,2025-08-13 22:02:00,65.0,2025-08-13,2025,8,Wednesday,20:57,22:02,5,5,True,True,0,0,True,2025-08-13 20:53:00,2025-08-13 20:57:00,2025-08-13 22:02:00,2025-08-13 22:06:00,3356.003,3355.915,3358.408,3357.1,3356.24,3355.61,3358.408,3356.861,2.492999999999938
KNOWN_BOUNDARY,P30_C35_D64,2025-08-14 20:57:00,2025-08-14 22:02:00,65.0,2025-08-14,2025,8,Thursday,20:57,22:02,5,5,True,True,0,0,True,2025-08-14 20:53:00,2025-08-14 20:57:00,2025-08-14 22:02:00,2025-08-14 22:06:00,3335.26,3335.312,3337.796,3336.264,3335.712,3334.748,3337.796,3335.965,2.4839999999999236
KNOWN_BOUNDARY,P30_C35_D64,2025-08-18 20:57:00,2025-08-18 22:02:00,65.0,2025-08-18,2025,8,Monday,20:57,22:02,5,5,True,True,0,0,True,2025-08-18 20:53:00,2025-08-18 20:57:00,2025-08-18 22:02:00,2025-08-18 22:06:00,3333.192,3332.676,3333.777,3333.589,3333.262,3332.65,3334.215,3332.961,1.1010000000001128
KNOWN_BOUNDARY,P30_C35_D64,2025-08-19 20:57:00,2025-08-19 22:02:00,65.0,2025-08-19,2025,8,Tuesday,20:57,22:02,5,5,True,True,0,0,True,2025-08-19 20:53:00,2025-08-19 20:57:00,2025-08-19 22:02:00,2025-08-19 22:06:00,3315.282,3315.311,3316.796,3317.351,3316.179,3315.096,3317.483,3315.48,1.4849999999996726
KNOWN_BOUNDARY,P30_C35_D64,2025-08-20 20:57:00,2025-08-20 22:02:00,65.0,2025-08-20,2025,8,Wednesday,20:57,22:02,5,5,True,True,0,0,True,2025-08-20 20:53:00,2025-08-20 20:57:00,2025-08-20 22:02:00,2025-08-20 22:06:00,3347.998,3348.453,3350.438,3351.924,3348.569,3347.501,3352.092,3349.279,1.9850000000001273
KNOWN_BOUNDARY,P30_C35_D64,2025-08-21 20:57:00,2025-08-21 22:02:00,65.0,2025-08-21,2025,8,Thursday,20:57,22:02,5,5,True,True,0,0,True,2025-08-21 20:53:00,2025-08-21 20:57:00,2025-08-21 22:02:00,2025-08-21 22:06:00,3338.154,3338.676,3338.375,3338.694,3338.736,3338.077,3339.991,3338.232,-0.3009999999999309
KNOWN_BOUNDARY,P30_C35_D64,2025-08-25 20:57:00,2025-08-25 22:02:00,65.0,2025-08-25,2025,8,Monday,20:57,22:02,5,5,True,True,0,0,True,2025-08-25 20:53:00,2025-08-25 20:57:00,2025-08-25 22:02:00,2025-08-25 22:06:00,3365.298,3365.501,3365.597,3366.246,3365.909,3365.238,3367.156,3365.569,0.09600000000000364
KNOWN_BOUNDARY,P30_C35_D64,2025-08-26 20:57:00,2025-08-26 22:02:00,65.0,2025-08-26,2025,8,Tuesday,20:57,22:02,5,5,True,True,0,0,True,2025-08-26 20:53:00,2025-08-26 20:57:00,2025-08-26 22:02:00,2025-08-26 22:06:00,3393.171,3393.583,3392.136,3390.61,3393.583,3392.565,3392.241,3389.936,-1.4470000000001164
KNOWN_BOUNDARY,P30_C35_D64,2025-08-27 20:57:00,2025-08-27 22:02:00,65.0,2025-08-27,2025,8,Wednesday,20:57,22:02,5,5,True,True,0,0,True,2025-08-27 20:53:00,2025-08-27 20:57:00,2025-08-27 22:02:00,2025-08-27 22:06:00,3396.951,3397.256,3398.497,3397.679,3398.18,3396.677,3398.526,3397.462,1.2409999999999854
KNOWN_BOUNDARY,P30_C35_D64,2025-08-28 20:57:00,2025-08-28 22:02:00,65.0,2025-08-28,2025,8,Thursday,20:57,22:02,5,5,True,True,0,0,True,2025-08-28 20:53:00,2025-08-28 20:57:00,2025-08-28 22:02:00,2025-08-28 22:06:00,3417.065,3417.012,3417.816,3417.167,3417.371,3416.842,3418.467,3416.591,0.8039999999996326
KNOWN_BOUNDARY,P30_C35_D64,2025-09-02 20:57:00,2025-09-02 22:02:00,65.0,2025-09-02,2025,9,Tuesday,20:57,22:02,5,5,True,True,0,0,True,2025-09-02 20:53:00,2025-09-02 20:57:00,2025-09-02 22:02:00,2025-09-02 22:06:00,3534.647,3533.885,3531.828,3534.49,3534.942,3533.543,3534.675,3531.791,-2.0570000000002437
KNOWN_BOUNDARY,P30_C35_D64,2025-09-03 20:57:00,2025-09-03 22:02:00,65.0,2025-09-03,2025,9,Wednesday,20:57,22:02,5,5,True,True,0,0,True,2025-09-03 20:53:00,2025-09-03 20:57:00,2025-09-03 22:02:00,2025-09-03 22:06:00,3559.813,3559.616,3560.701,3560.461,3560.856,3558.825,3561.299,3559.808,1.0850000000000364
KNOWN_BOUNDARY,P30_C35_D64,2025-09-04 20:57:00,2025-09-04 22:02:00,65.0,2025-09-04,2025,9,Thursday,20:57,22:02,5,5,True,True,0,0,True,2025-09-04 20:53:00,2025-09-04 20:57:00,2025-09-04 22:02:00,2025-09-04 22:06:00,3545.623,3545.68,3544.605,3544.151,3545.741,3544.349,3545.948,3544.126,-1.074999999999818
KNOWN_BOUNDARY,P30_C35_D64,2025-09-08 20:57:00,2025-09-08 22:02:00,65.0,2025-09-08,2025,9,Monday,20:57,22:02,5,5,True,True,0,0,True,2025-09-08 20:53:00,2025-09-08 20:57:00,2025-09-08 22:02:00,2025-09-08 22:06:00,3637.385,3635.352,3634.538,3636.01,3637.75,3635.31,3636.942,3634.328,-0.8139999999998508
KNOWN_BOUNDARY,P30_C35_D64,2025-09-09 20:57:00,2025-09-09 22:02:00,65.0,2025-09-09,2025,9,Tuesday,20:57,22:02,5,5,True,True,0,0,True,2025-09-09 20:53:00,2025-09-09 20:57:00,2025-09-09 22:02:00,2025-09-09 22:06:00,3627.882,3626.758,3625.128,3628.339,3628.558,3626.631,3628.514,3625.09,-1.6299999999996544
KNOWN_BOUNDARY,P30_C35_D64,2025-09-10 20:57:00,2025-09-10 22:02:00,65.0,2025-09-10,2025,9,Wednesday,20:57,22:02,5,5,True,True,0,0,True,2025-09-10 20:53:00,2025-09-10 20:57:00,2025-09-10 22:02:00,2025-09-10 22:06:00,3639.153,3640.016,3643.435,3642.737,3641.289,3638.774,3644.45,3642.735,3.418999999999869
KNOWN_BOUNDARY,P30_C35_D64,2025-09-11 20:57:00,2025-09-11 22:02:00,65.0,2025-09-11,2025,9,Thursday,20:57,22:02,5,5,True,True,0,0,True,2025-09-11 20:53:00,2025-09-11 20:57:00,2025-09-11 22:02:00,2025-09-11 22:06:00,3633.981,3633.536,3634.833,3635.869,3634.082,3633.176,3636.111,3634.833,1.2970000000000255
KNOWN_BOUNDARY,P30_C35_D64,2025-09-15 20:57:00,2025-09-15 22:02:00,65.0,2025-09-15,2025,9,Monday,20:57,22:02,5,5,True,True,0,0,True,2025-09-15 20:53:00,2025-09-15 20:57:00,2025-09-15 22:02:00,2025-09-15 22:06:00,3680.886,3679.02,3680.555,3679.874,3680.899,3678.635,3680.605,3679.497,1.5349999999998545
KNOWN_BOUNDARY,P30_C35_D64,2025-09-16 20:57:00,2025-09-16 22:02:00,65.0,2025-09-16,2025,9,Tuesday,20:57,22:02,5,5,True,True,0,0,True,2025-09-16 20:53:00,2025-09-16 20:57:00,2025-09-16 22:02:00,2025-09-16 22:06:00,3691.366,3689.947,3691.231,3690.944,3691.366,3689.44,3691.513,3690.309,1.2840000000001055
KNOWN_BOUNDARY,P30_C35_D64,2025-09-17 20:57:00,2025-09-17 22:02:00,65.0,2025-09-17,2025,9,Wednesday,20:57,22:02,5,5,True,True,0,0,True,2025-09-17 20:53:00,2025-09-17 20:57:00,2025-09-17 22:02:00,2025-09-17 22:06:00,3658.541,3659.677,3660.131,3657.789,3659.677,3658.355,3660.255,3657.626,0.4539999999997235
KNOWN_BOUNDARY,P30_C35_D64,2025-09-18 20:57:00,2025-09-18 22:02:00,65.0,2025-09-18,2025,9,Thursday,20:57,22:02,5,5,True,True,0,0,True,2025-09-18 20:53:00,2025-09-18 20:57:00,2025-09-18 22:02:00,2025-09-18 22:06:00,3644.214,3644.38,3643.34,3642.865,3644.711,3644.087,3643.744,3642.844,-1.0399999999999636
KNOWN_BOUNDARY,P30_C35_D64,2025-09-22 20:57:00,2025-09-22 22:02:00,65.0,2025-09-22,2025,9,Monday,20:57,22:02,5,5,True,True,0,0,True,2025-09-22 20:53:00,2025-09-22 20:57:00,2025-09-22 22:02:00,2025-09-22 22:06:00,3747.478,3746.967,3746.503,3747.039,3747.478,3745.784,3747.154,3745.772,-0.4639999999999418
KNOWN_BOUNDARY,P30_C35_D64,2025-09-23 20:57:00,2025-09-23 22:02:00,65.0,2025-09-23,2025,9,Tuesday,20:57,22:02,5,5,True,True,0,0,True,2025-09-23 20:53:00,2025-09-23 20:57:00,2025-09-23 22:02:00,2025-09-23 22:06:00,3763.159,3763.891,3766.672,3765.844,3764.799,3763.094,3767.597,3765.118,2.780999999999949
KNOWN_BOUNDARY,P30_C35_D64,2025-09-24 20:57:00,2025-09-24 22:02:00,65.0,2025-09-24,2025,9,Wednesday,20:57,22:02,5,5,True,True,0,0,True,2025-09-24 20:53:00,2025-09-24 20:57:00,2025-09-24 22:02:00,2025-09-24 22:06:00,3735.955,3736.431,3739.494,3739.308,3737.499,3735.912,3740.508,3738.949,3.063000000000102
KNOWN_BOUNDARY,P30_C35_D64,2025-09-25 20:57:00,2025-09-25 22:02:00,65.0,2025-09-25,2025,9,Thursday,20:57,22:02,5,5,True,True,0,0,True,2025-09-25 20:53:00,2025-09-25 20:57:00,2025-09-25 22:02:00,2025-09-25 22:06:00,3751.299,3749.696,3748.251,3746.751,3751.535,3749.42,3748.567,3746.751,-1.444999999999709
KNOWN_BOUNDARY,P30_C35_D64,2025-09-29 20:57:00,2025-09-29 22:02:00,65.0,2025-09-29,2025,9,Monday,20:57,22:02,5,5,True,True,0,0,True,2025-09-29 20:53:00,2025-09-29 20:57:00,2025-09-29 22:02:00,2025-09-29 22:06:00,3831.05,3833.974,3830.346,3830.326,3834.025,3830.794,3833.099,3829.902,-3.6280000000001564
KNOWN_BOUNDARY,P30_C35_D64,2025-09-30 20:57:00,2025-09-30 22:02:00,65.0,2025-09-30,2025,9,Tuesday,20:57,22:02,5,5,True,True,0,0,True,2025-09-30 20:53:00,2025-09-30 20:57:00,2025-09-30 22:02:00,2025-09-30 22:06:00,3859.685,3858.857,3857.224,3860.903,3860.145,3858.672,3861.042,3856.803,-1.6329999999998108
KNOWN_BOUNDARY,P30_C35_D64,2025-10-01 20:57:00,2025-10-01 22:02:00,65.0,2025-10-01,2025,10,Wednesday,20:57,22:02,5,5,True,True,0,0,True,2025-10-01 20:53:00,2025-10-01 20:57:00,2025-10-01 22:02:00,2025-10-01 22:06:00,3864.055,3864.616,3867.707,3863.848,3864.616,3863.527,3867.766,3861.72,3.0909999999998945
KNOWN_BOUNDARY,P30_C35_D64,2025-10-02 20:57:00,2025-10-02 22:02:00,65.0,2025-10-02,2025,10,Thursday,20:57,22:02,5,5,True,True,0,0,True,2025-10-02 20:53:00,2025-10-02 20:57:00,2025-10-02 22:02:00,2025-10-02 22:06:00,3855.008,3855.423,3856.811,3857.643,3855.739,3854.8,3857.69,3856.008,1.3880000000003747
KNOWN_BOUNDARY,P30_C35_D64,2025-10-06 20:57:00,2025-10-06 22:02:00,65.0,2025-10-06,2025,10,Monday,20:57,22:02,5,5,True,True,0,0,True,2025-10-06 20:53:00,2025-10-06 20:57:00,2025-10-06 22:02:00,2025-10-06 22:06:00,3961.553,3961.114,3958.919,3961.444,3962.517,3960.682,3961.848,3958.455,-2.1950000000001637
KNOWN_BOUNDARY,P30_C35_D64,2025-10-07 20:57:00,2025-10-07 22:02:00,65.0,2025-10-07,2025,10,Tuesday,20:57,22:02,5,5,True,True,0,0,True,2025-10-07 20:53:00,2025-10-07 20:57:00,2025-10-07 22:02:00,2025-10-07 22:06:00,3986.199,3984.493,3983.622,3985.649,3986.494,3984.316,3986.737,3983.44,-0.8710000000000946
KNOWN_BOUNDARY,P30_C35_D64,2025-10-08 20:57:00,2025-10-08 22:02:00,65.0,2025-10-08,2025,10,Wednesday,20:57,22:02,5,5,True,True,0,0,True,2025-10-08 20:53:00,2025-10-08 20:57:00,2025-10-08 22:02:00,2025-10-08 22:06:00,4043.149,4041.764,4036.284,4035.168,4043.2,4040.18,4038.291,4033.897,-5.480000000000018
KNOWN_BOUNDARY,P30_C35_D64,2025-10-09 20:57:00,2025-10-09 22:02:00,65.0,2025-10-09,2025,10,Thursday,20:57,22:02,5,5,True,True,0,0,True,2025-10-09 20:53:00,2025-10-09 20:57:00,2025-10-09 22:02:00,2025-10-09 22:06:00,3975.333,3976.054,3981.265,3975.694,3976.406,3974.768,3981.298,3975.372,5.210999999999785
KNOWN_BOUNDARY,P30_C35_D64,2025-10-13 20:57:00,2025-10-13 22:02:00,65.0,2025-10-13,2025,10,Monday,20:57,22:02,5,5,True,True,0,0,True,2025-10-13 20:53:00,2025-10-13 20:57:00,2025-10-13 22:02:00,2025-10-13 22:06:00,4111.668,4111.336,4112.466,4111.907,4112.752,4110.774,4113.844,4111.704,1.1300000000001091
KNOWN_BOUNDARY,P30_C35_D64,2025-10-14 20:57:00,2025-10-14 22:02:00,65.0,2025-10-14,2025,10,Tuesday,20:57,22:02,5,5,True,True,0,0,True,2025-10-14 20:53:00,2025-10-14 20:57:00,2025-10-14 22:02:00,2025-10-14 22:06:00,4143.738,4143.662,4143.875,4142.165,4144.74,4143.177,4145.804,4140.571,0.21299999999973807
KNOWN_BOUNDARY,P30_C35_D64,2025-10-15 20:57:00,2025-10-15 22:02:00,65.0,2025-10-15,2025,10,Wednesday,20:57,22:02,5,5,True,True,0,0,True,2025-10-15 20:53:00,2025-10-15 20:57:00,2025-10-15 22:02:00,2025-10-15 22:06:00,4208.483,4208.285,4211.948,4212.264,4209.017,4207.025,4213.004,4210.758,3.6630000000004657
KNOWN_BOUNDARY,P30_C35_D64,2025-10-16 20:57:00,2025-10-16 22:02:00,65.0,2025-10-16,2025,10,Thursday,20:57,22:02,5,5,True,True,0,0,True,2025-10-16 20:53:00,2025-10-16 20:57:00,2025-10-16 22:02:00,2025-10-16 22:06:00,4324.272,4329.323,4345.115,4340.264,4330.586,4324.044,4345.141,4332.662,15.791999999999462
KNOWN_BOUNDARY,P30_C35_D64,2025-10-20 20:57:00,2025-10-20 22:02:00,65.0,2025-10-20,2025,10,Monday,20:57,22:02,5,5,True,True,0,0,True,2025-10-20 20:53:00,2025-10-20 20:57:00,2025-10-20 22:02:00,2025-10-20 22:06:00,4357.22,4356.042,4364.452,4368.464,4358.104,4355.533,4371.542,4363.041,8.409999999999854
KNOWN_BOUNDARY,P30_C35_D64,2025-10-21 20:57:00,2025-10-21 22:02:00,65.0,2025-10-21,2025,10,Tuesday,20:57,22:02,5,5,True,True,0,0,True,2025-10-21 20:53:00,2025-10-21 20:57:00,2025-10-21 22:02:00,2025-10-21 22:06:00,4125.942,4125.337,4132.096,4121.321,4127.625,4124.848,4132.322,4114.036,6.758999999999105
KNOWN_BOUNDARY,P30_C35_D64,2025-10-22 20:57:00,2025-10-22 22:02:00,65.0,2025-10-22,2025,10,Wednesday,20:57,22:02,5,5,True,True,0,0,True,2025-10-22 20:53:00,2025-10-22 20:57:00,2025-10-22 22:02:00,2025-10-22 22:06:00,4100.835,4098.347,4106.302,4106.918,4101.348,4098.033,4116.475,4105.924,7.954999999999927
KNOWN_BOUNDARY,P30_C35_D64,2025-10-23 20:57:00,2025-10-23 22:02:00,65.0,2025-10-23,2025,10,Thursday,20:57,22:02,5,5,True,True,0,0,True,2025-10-23 20:53:00,2025-10-23 20:57:00,2025-10-23 22:02:00,2025-10-23 22:06:00,4121.593,4125.56,4131.889,4122.824,4125.967,4120.835,4131.923,4119.944,6.3289999999997235
KNOWN_BOUNDARY,P30_C35_D64,2025-10-27 20:57:00,2025-10-27 22:02:00,65.0,2025-10-27,2025,10,Monday,20:57,22:02,5,5,True,True,0,0,True,2025-10-27 20:53:00,2025-10-27 20:57:00,2025-10-27 22:02:00,2025-10-27 22:06:00,3980.289,3982.549,3986.884,3994.157,3983.456,3979.11,3996.477,3985.47,4.335000000000036
KNOWN_BOUNDARY,P30_C35_D64,2025-10-28 20:57:00,2025-10-28 22:02:00,65.0,2025-10-28,2025,10,Tuesday,20:57,22:02,5,5,True,True,0,0,True,2025-10-28 20:53:00,2025-10-28 20:57:00,2025-10-28 22:02:00,2025-10-28 22:06:00,3953.473,3952.221,3957.342,3950.249,3953.473,3949.968,3961.222,3949.741,5.121000000000095
KNOWN_BOUNDARY,P30_C35_D64,2025-10-29 20:57:00,2025-10-29 22:02:00,65.0,2025-10-29,2025,10,Wednesday,20:57,22:02,5,5,True,True,0,0,True,2025-10-29 20:53:00,2025-10-29 20:57:00,2025-10-29 22:02:00,2025-10-29 22:06:00,3929.579,3928.745,3927.247,3921.684,3932.497,3928.133,3928.322,3917.19,-1.4980000000000473
KNOWN_BOUNDARY,P30_C35_D64,2025-10-30 20:57:00,2025-10-30 22:02:00,65.0,2025-10-30,2025,10,Thursday,20:57,22:02,5,5,True,True,0,0,True,2025-10-30 20:53:00,2025-10-30 20:57:00,2025-10-30 22:02:00,2025-10-30 22:06:00,4026.393,4024.533,4023.522,4018.276,4027.218,4024.23,4023.672,4018.024,-1.0109999999999673
KNOWN_BOUNDARY,P33_C39_D64,2025-11-03 21:57:00,2025-11-03 23:00:00,63.0,2025-11-03,2025,11,Monday,21:57,23:00,5,5,True,True,0,0,True,2025-11-03 21:53:00,2025-11-03 21:57:00,2025-11-03 23:00:00,2025-11-03 23:04:00,4001.732,4000.684,4001.347,4004.94,4002.225,3999.703,4005.837,4001.314,0.6630000000000109
KNOWN_BOUNDARY,P33_C39_D64,2025-11-04 21:57:00,2025-11-04 23:00:00,63.0,2025-11-04,2025,11,Tuesday,21:57,23:00,5,5,True,True,0,0,True,2025-11-04 21:53:00,2025-11-04 21:57:00,2025-11-04 23:00:00,2025-11-04 23:04:00,3933.094,3932.139,3932.054,3937.507,3933.643,3931.566,3938.001,3931.9,-0.08500000000003638
KNOWN_BOUNDARY,P33_C39_D64,2025-11-05 21:57:00,2025-11-05 23:00:00,63.0,2025-11-05,2025,11,Wednesday,21:57,23:00,5,5,True,True,0,0,True,2025-11-05 21:53:00,2025-11-05 21:57:00,2025-11-05 23:00:00,2025-11-05 23:04:00,3980.227,3979.101,3976.052,3968.566,3980.314,3977.889,3980.142,3968.491,-3.048999999999978
KNOWN_BOUNDARY,P33_C39_D64,2025-11-06 21:57:00,2025-11-06 23:00:00,63.0,2025-11-06,2025,11,Thursday,21:57,23:00,5,5,True,True,0,0,True,2025-11-06 21:53:00,2025-11-06 21:57:00,2025-11-06 23:00:00,2025-11-06 23:04:00,3976.954,3977.032,3977.349,3978.904,3978.5,3976.954,3980.379,3974.354,0.3170000000000073
KNOWN_BOUNDARY,P33_C39_D64,2025-11-10 21:57:00,2025-11-10 23:00:00,63.0,2025-11-10,2025,11,Monday,21:57,23:00,5,5,True,True,0,0,True,2025-11-10 21:53:00,2025-11-10 21:57:00,2025-11-10 23:00:00,2025-11-10 23:04:00,4116.157,4115.691,4115.42,4116.732,4116.659,4114.849,4117.356,4114.901,-0.2709999999997308
KNOWN_BOUNDARY,P33_C39_D64,2025-11-11 21:57:00,2025-11-11 23:00:00,63.0,2025-11-11,2025,11,Tuesday,21:57,23:00,5,5,True,True,0,0,True,2025-11-11 21:53:00,2025-11-11 21:57:00,2025-11-11 23:00:00,2025-11-11 23:04:00,4127.171,4126.546,4127.6,4131.041,4127.541,4126.045,4131.884,4127.33,1.0540000000000873
KNOWN_BOUNDARY,P33_C39_D64,2025-11-12 21:57:00,2025-11-12 23:00:00,63.0,2025-11-12,2025,11,Wednesday,21:57,23:00,5,5,True,True,0,0,True,2025-11-12 21:53:00,2025-11-12 21:57:00,2025-11-12 23:00:00,2025-11-12 23:04:00,4198.497,4194.486,4203.503,4202.843,4199.076,4194.351,4205.715,4200.942,9.016999999999825
KNOWN_BOUNDARY,P33_C39_D64,2025-11-13 21:57:00,2025-11-13 23:00:00,63.0,2025-11-13,2025,11,Thursday,21:57,23:00,5,5,True,True,0,0,True,2025-11-13 21:53:00,2025-11-13 21:57:00,2025-11-13 23:00:00,2025-11-13 23:04:00,4171.88,4171.534,4170.27,4176.988,4173.705,4171.022,4177.129,4170.197,-1.2639999999992142
KNOWN_BOUNDARY,P33_C39_D64,2025-11-17 21:57:00,2025-11-17 23:00:00,63.0,2025-11-17,2025,11,Monday,21:57,23:00,5,5,True,True,0,0,True,2025-11-17 21:53:00,2025-11-17 21:57:00,2025-11-17 23:00:00,2025-11-17 23:04:00,4043.578,4045.789,4049.919,4050.994,4046.281,4043.146,4055.565,4048.967,4.129999999999654
KNOWN_BOUNDARY,P33_C39_D64,2025-11-18 21:57:00,2025-11-18 23:00:00,63.0,2025-11-18,2025,11,Tuesday,21:57,23:00,5,5,True,True,0,0,True,2025-11-18 21:53:00,2025-11-18 21:57:00,2025-11-18 23:00:00,2025-11-18 23:04:00,4067.28,4067.233,4067.811,4067.261,4067.635,4066.625,4070.88,4066.009,0.5779999999999745
KNOWN_BOUNDARY,P33_C39_D64,2025-11-19 21:57:00,2025-11-19 23:00:00,63.0,2025-11-19,2025,11,Wednesday,21:57,23:00,5,5,True,True,0,0,True,2025-11-19 21:53:00,2025-11-19 21:57:00,2025-11-19 23:00:00,2025-11-19 23:04:00,4078.138,4077.89,4080.006,4088.256,4079.076,4076.253,4088.256,4079.886,2.1159999999999854
KNOWN_BOUNDARY,P33_C39_D64,2025-11-20 21:57:00,2025-11-20 23:00:00,63.0,2025-11-20,2025,11,Thursday,21:57,23:00,5,5,True,True,0,0,True,2025-11-20 21:53:00,2025-11-20 21:57:00,2025-11-20 23:00:00,2025-11-20 23:04:00,4078.634,4077.134,4076.391,4073.529,4078.991,4077.08,4077.534,4072.924,-0.7429999999999382
KNOWN_BOUNDARY,P33_C39_D64,2025-11-24 21:57:00,2025-11-24 23:00:00,63.0,2025-11-24,2025,11,Monday,21:57,23:00,5,5,True,True,0,0,True,2025-11-24 21:53:00,2025-11-24 21:57:00,2025-11-24 23:00:00,2025-11-24 23:04:00,4137.341,4134.086,4134.311,4135.424,4138.337,4133.618,4137.686,4134.071,0.2249999999994543
KNOWN_BOUNDARY,P33_C39_D64,2025-11-25 21:57:00,2025-11-25 23:00:00,63.0,2025-11-25,2025,11,Tuesday,21:57,23:00,5,5,True,True,0,0,True,2025-11-25 21:53:00,2025-11-25 21:57:00,2025-11-25 23:00:00,2025-11-25 23:04:00,4130.432,4130.768,4132.695,4134.423,4131.343,4129.381,4135.128,4132.207,1.9269999999996799
KNOWN_BOUNDARY,P33_C39_D64,2025-11-26 21:57:00,2025-11-26 23:00:00,63.0,2025-11-26,2025,11,Wednesday,21:57,23:00,5,5,True,True,0,0,True,2025-11-26 21:53:00,2025-11-26 21:57:00,2025-11-26 23:00:00,2025-11-26 23:04:00,4163.86,4163.971,4164.682,4164.942,4164.852,4163.216,4165.966,4164.355,0.7110000000002401
KNOWN_BOUNDARY,P33_C39_D64,2025-12-01 21:57:00,2025-12-01 23:00:00,63.0,2025-12-01,2025,12,Monday,21:57,23:00,5,5,True,True,0,0,True,2025-12-01 21:53:00,2025-12-01 21:57:00,2025-12-01 23:00:00,2025-12-01 23:04:00,4230.428,4231.914,4231.662,4231.471,4234.225,4230.353,4233.906,4229.033,-0.25199999999949796
KNOWN_BOUNDARY,P33_C39_D64,2025-12-02 21:57:00,2025-12-02 23:00:00,63.0,2025-12-02,2025,12,Tuesday,21:57,23:00,5,5,True,True,0,0,True,2025-12-02 21:53:00,2025-12-02 21:57:00,2025-12-02 23:00:00,2025-12-02 23:04:00,4207.641,4205.868,4207.69,4202.88,4207.641,4205.442,4207.69,4202.839,1.821999999999207
KNOWN_BOUNDARY,P33_C39_D64,2025-12-03 21:57:00,2025-12-03 23:00:00,63.0,2025-12-03,2025,12,Wednesday,21:57,23:00,5,5,True,True,0,0,True,2025-12-03 21:53:00,2025-12-03 21:57:00,2025-12-03 23:00:00,2025-12-03 23:04:00,4204.704,4202.718,4205.117,4206.481,4205.27,4202.716,4207.553,4204.689,2.399000000000342
KNOWN_BOUNDARY,P33_C39_D64,2025-12-04 21:57:00,2025-12-04 23:00:00,63.0,2025-12-04,2025,12,Thursday,21:57,23:00,5,5,True,True,0,0,True,2025-12-04 21:53:00,2025-12-04 21:57:00,2025-12-04 23:00:00,2025-12-04 23:04:00,4209.916,4208.601,4208.515,4209.082,4210.32,4207.896,4209.754,4207.616,-0.08599999999933061
KNOWN_BOUNDARY,P33_C39_D64,2025-12-08 21:57:00,2025-12-08 23:00:00,63.0,2025-12-08,2025,12,Monday,21:57,23:00,5,5,True,True,0,0,True,2025-12-08 21:53:00,2025-12-08 21:57:00,2025-12-08 23:00:00,2025-12-08 23:04:00,4189.243,4190.613,4190.08,4191.844,4190.853,4188.846,4192.137,4190.08,-0.5330000000003565
KNOWN_BOUNDARY,P33_C39_D64,2025-12-09 21:57:00,2025-12-09 23:00:00,63.0,2025-12-09,2025,12,Tuesday,21:57,23:00,5,5,True,True,0,0,True,2025-12-09 21:53:00,2025-12-09 21:57:00,2025-12-09 23:00:00,2025-12-09 23:04:00,4209.245,4208.54,4208.207,4208.734,4209.538,4207.231,4210.857,4208.207,-0.3329999999996289
KNOWN_BOUNDARY,P33_C39_D64,2025-12-10 21:57:00,2025-12-10 23:00:00,63.0,2025-12-10,2025,12,Wednesday,21:57,23:00,5,5,True,True,0,0,True,2025-12-10 21:53:00,2025-12-10 21:57:00,2025-12-10 23:00:00,2025-12-10 23:04:00,4227.393,4228.57,4230.162,4228.643,4229.177,4226.727,4231.188,4228.231,1.592000000000553
KNOWN_BOUNDARY,P33_C39_D64,2025-12-15 21:57:00,2025-12-15 23:00:00,63.0,2025-12-15,2025,12,Monday,21:57,23:00,5,5,True,True,0,0,True,2025-12-15 21:53:00,2025-12-15 21:57:00,2025-12-15 23:00:00,2025-12-15 23:04:00,4302.472,4305.498,4307.392,4307.363,4305.936,4302.388,4309.618,4307.253,1.8940000000002328
KNOWN_BOUNDARY,P33_C39_D64,2025-12-16 21:57:00,2025-12-16 23:00:00,63.0,2025-12-16,2025,12,Tuesday,21:57,23:00,5,5,True,True,0,0,True,2025-12-16 21:53:00,2025-12-16 21:57:00,2025-12-16 23:00:00,2025-12-16 23:04:00,4303.048,4302.417,4302.935,4303.65,4303.048,4301.853,4304.667,4301.756,0.5180000000000291
KNOWN_BOUNDARY,P33_C39_D64,2025-12-17 21:57:00,2025-12-17 23:00:00,63.0,2025-12-17,2025,12,Wednesday,21:57,23:00,5,5,True,True,0,1,False,2025-12-17 21:53:00,2025-12-17 21:57:00,2025-12-17 23:00:00,2025-12-17 23:11:00,4338.822,4338.459,4340.111,4337.295,4339.91,4338.27,4340.762,4335.662,1.6520000000000437
KNOWN_BOUNDARY,P33_C39_D64,2025-12-18 21:57:00,2025-12-18 23:02:00,65.0,2025-12-18,2025,12,Thursday,21:57,23:02,5,5,True,True,0,0,True,2025-12-18 21:53:00,2025-12-18 21:57:00,2025-12-18 23:02:00,2025-12-18 23:06:00,4332.743,4332.274,4335.742,4335.576,4333.986,4331.902,4336.184,4334.788,3.467999999999847
KNOWN_BOUNDARY,P33_C39_D64,2025-12-22 21:57:00,2025-12-22 23:00:00,63.0,2025-12-22,2025,12,Monday,21:57,23:00,5,5,True,True,0,0,True,2025-12-22 21:53:00,2025-12-22 21:57:00,2025-12-22 23:00:00,2025-12-22 23:04:00,4445.514,4443.705,4447.549,4449.472,4445.813,4443.372,4451.215,4446.949,3.844000000000051
KNOWN_BOUNDARY,P33_C39_D64,2025-12-23 21:57:00,2025-12-23 23:01:00,64.0,2025-12-23,2025,12,Tuesday,21:57,23:01,5,5,True,True,0,0,True,2025-12-23 21:53:00,2025-12-23 21:57:00,2025-12-23 23:01:00,2025-12-23 23:05:00,4488.754,4484.991,4487.444,4488.353,4488.838,4483.568,4489.808,4486.745,2.4530000000004293
KNOWN_BOUNDARY,P33_C39_D64,2025-12-29 21:57:00,2025-12-29 23:02:00,65.0,2025-12-29,2025,12,Monday,21:57,23:02,5,5,True,True,0,0,True,2025-12-29 21:53:00,2025-12-29 21:57:00,2025-12-29 23:02:00,2025-12-29 23:06:00,4332.382,4331.546,4339.166,4343.042,4332.747,4330.479,4343.46,4336.663,7.619999999999891
KNOWN_BOUNDARY,P33_C39_D64,2025-12-30 21:57:00,2025-12-30 23:00:00,63.0,2025-12-30,2025,12,Tuesday,21:57,23:00,5,5,True,True,0,1,False,2025-12-30 21:53:00,2025-12-30 21:57:00,2025-12-30 23:00:00,2025-12-30 23:05:00,4340.433,4338.759,4343.52,4341.178,4341.387,4334.786,4345.845,4339.874,4.761000000000422
KNOWN_BOUNDARY,P33_C39_D64,2026-01-06 21:57:00,2026-01-06 23:01:00,64.0,2026-01-06,2026,1,Tuesday,21:57,23:01,5,5,True,True,0,0,True,2026-01-06 21:53:00,2026-01-06 21:57:00,2026-01-06 23:01:00,2026-01-06 23:05:00,4496.386,4494.6,4498.082,4499.337,4496.493,4493.922,4499.339,4497.109,3.481999999999971
KNOWN_BOUNDARY,P33_C39_D64,2026-01-07 21:57:00,2026-01-07 23:01:00,64.0,2026-01-07,2026,1,Wednesday,21:57,23:01,5,5,True,True,0,0,True,2026-01-07 21:53:00,2026-01-07 21:57:00,2026-01-07 23:01:00,2026-01-07 23:05:00,4455.733,4455.734,4459.787,4462.26,4456.091,4454.657,4462.757,4459.787,4.052999999999884
KNOWN_BOUNDARY,P33_C39_D64,2026-01-08 21:57:00,2026-01-08 23:01:00,64.0,2026-01-08,2026,1,Thursday,21:57,23:01,5,5,True,True,0,0,True,2026-01-08 21:53:00,2026-01-08 21:57:00,2026-01-08 23:01:00,2026-01-08 23:05:00,4478.004,4477.366,4482.004,4477.036,4478.785,4476.033,4484.208,4475.537,4.63799999999992
KNOWN_BOUNDARY,P33_C39_D64,2026-01-12 21:57:00,2026-01-12 23:01:00,64.0,2026-01-12,2026,1,Monday,21:57,23:01,5,5,True,True,0,0,True,2026-01-12 21:53:00,2026-01-12 21:57:00,2026-01-12 23:01:00,2026-01-12 23:05:00,4592.821,4596.711,4600.673,4594.602,4597.295,4592.381,4603.608,4593.428,3.9619999999995343
KNOWN_BOUNDARY,P33_C39_D64,2026-01-13 21:57:00,2026-01-13 23:01:00,64.0,2026-01-13,2026,1,Tuesday,21:57,23:01,5,5,True,True,0,0,True,2026-01-13 21:53:00,2026-01-13 21:57:00,2026-01-13 23:01:00,2026-01-13 23:05:00,4587.8,4586.552,4590.721,4592.157,4587.952,4586.145,4592.622,4590.682,4.168999999999869
KNOWN_BOUNDARY,P33_C39_D64,2026-01-15 21:57:00,2026-01-15 23:01:00,64.0,2026-01-15,2026,1,Thursday,21:57,23:01,5,5,True,True,0,0,True,2026-01-15 21:53:00,2026-01-15 21:57:00,2026-01-15 23:01:00,2026-01-15 23:05:00,4614.71,4615.67,4618.11,4620.371,4615.812,4614.608,4621.009,4617.926,2.4399999999996
KNOWN_BOUNDARY,P33_C39_D64,2026-01-20 21:57:00,2026-01-20 23:00:00,63.0,2026-01-20,2026,1,Tuesday,21:57,23:00,5,5,True,True,0,0,True,2026-01-20 21:53:00,2026-01-20 21:57:00,2026-01-20 23:00:00,2026-01-20 23:04:00,4762.637,4763.376,4762.604,4762.293,4763.444,4761.968,4764.259,4758.81,-0.7719999999999345
KNOWN_BOUNDARY,P33_C39_D64,2026-01-21 21:57:00,2026-01-21 23:01:00,64.0,2026-01-21,2026,1,Wednesday,21:57,23:01,5,5,True,True,0,0,True,2026-01-21 21:53:00,2026-01-21 21:57:00,2026-01-21 23:01:00,2026-01-21 23:05:00,4829.534,4828.746,4831.025,4817.326,4831.636,4828.074,4831.112,4815.785,2.2789999999995416
KNOWN_BOUNDARY,P33_C39_D64,2026-01-22 21:57:00,2026-01-22 23:00:00,63.0,2026-01-22,2026,1,Thursday,21:57,23:00,5,5,True,True,0,0,True,2026-01-22 21:53:00,2026-01-22 21:57:00,2026-01-22 23:00:00,2026-01-22 23:04:00,4937.984,4936.22,4944.346,4952.398,4939.682,4935.363,4952.467,4943.385,8.125999999999294
KNOWN_BOUNDARY,P33_C39_D64,2026-01-26 21:57:00,2026-01-26 23:01:00,64.0,2026-01-26,2026,1,Monday,21:57,23:01,5,5,True,True,0,0,True,2026-01-26 21:53:00,2026-01-26 21:57:00,2026-01-26 23:01:00,2026-01-26 23:05:00,5009.373,5009.206,5029.858,5029.873,5012.894,5006.078,5035.913,5018.89,20.652000000000044
KNOWN_BOUNDARY,P33_C39_D64,2026-01-28 21:57:00,2026-01-28 23:01:00,64.0,2026-01-28,2026,1,Wednesday,21:57,23:01,5,5,True,True,0,0,True,2026-01-28 21:53:00,2026-01-28 21:57:00,2026-01-28 23:01:00,2026-01-28 23:05:00,5402.391,5417.508,5448.139,5438.956,5417.587,5402.391,5453.264,5432.519,30.631000000000313
KNOWN_BOUNDARY,P33_C39_D64,2026-01-29 21:57:00,2026-01-29 23:01:00,64.0,2026-01-29,2026,1,Thursday,21:57,23:01,5,5,True,True,0,0,True,2026-01-29 21:53:00,2026-01-29 21:57:00,2026-01-29 23:01:00,2026-01-29 23:05:00,5386.046,5377.505,5400.815,5424.902,5387.422,5374.608,5433.997,5394.868,23.30999999999949
KNOWN_BOUNDARY,P33_C39_D64,2026-02-02 21:57:00,2026-02-02 23:01:00,64.0,2026-02-02,2026,2,Monday,21:57,23:01,5,5,True,True,0,0,True,2026-02-02 21:53:00,2026-02-02 21:57:00,2026-02-02 23:01:00,2026-02-02 23:05:00,4661.857,4658.154,4685.104,4702.87,4666.237,4653.136,4713.694,4681.962,26.949999999999818
KNOWN_BOUNDARY,P33_C39_D64,2026-02-03 21:57:00,2026-02-03 23:01:00,64.0,2026-02-03,2026,2,Tuesday,21:57,23:01,5,5,True,True,0,0,True,2026-02-03 21:53:00,2026-02-03 21:57:00,2026-02-03 23:01:00,2026-02-03 23:05:00,4937.983,4946.436,4958.639,4948.823,4947.134,4937.237,4972.098,4948.768,12.20300000000043
KNOWN_BOUNDARY,P33_C39_D64,2026-02-04 21:57:00,2026-02-04 23:01:00,64.0,2026-02-04,2026,2,Wednesday,21:57,23:01,5,5,True,True,0,0,True,2026-02-04 21:53:00,2026-02-04 21:57:00,2026-02-04 23:01:00,2026-02-04 23:05:00,4967.0,4965.131,4969.573,4990.986,4970.662,4961.132,4998.792,4968.927,4.442000000000007
KNOWN_BOUNDARY,P33_C39_D64,2026-02-05 21:57:00,2026-02-05 23:01:00,64.0,2026-02-05,2026,2,Thursday,21:57,23:01,5,5,True,True,0,0,True,2026-02-05 21:53:00,2026-02-05 21:57:00,2026-02-05 23:01:00,2026-02-05 23:05:00,4771.883,4776.808,4761.196,4768.228,4781.091,4771.54,4778.389,4759.434,-15.61200000000008
KNOWN_BOUNDARY,P33_C39_D64,2026-02-09 21:57:00,2026-02-09 23:02:00,65.0,2026-02-09,2026,2,Monday,21:57,23:02,5,5,True,True,0,0,True,2026-02-09 21:53:00,2026-02-09 21:57:00,2026-02-09 23:02:00,2026-02-09 23:06:00,5064.861,5060.096,5072.023,5060.64,5065.47,5058.882,5075.124,5055.414,11.92700000000059
KNOWN_BOUNDARY,P33_C39_D64,2026-02-10 21:57:00,2026-02-10 23:01:00,64.0,2026-02-10,2026,2,Tuesday,21:57,23:01,5,5,True,True,0,0,True,2026-02-10 21:53:00,2026-02-10 21:57:00,2026-02-10 23:01:00,2026-02-10 23:05:00,5027.26,5023.056,5027.302,5034.04,5027.26,5021.666,5037.049,5027.302,4.246000000000095
KNOWN_BOUNDARY,P33_C39_D64,2026-02-11 21:57:00,2026-02-11 23:02:00,65.0,2026-02-11,2026,2,Wednesday,21:57,23:02,5,5,True,True,0,0,True,2026-02-11 21:53:00,2026-02-11 21:57:00,2026-02-11 23:02:00,2026-02-11 23:06:00,5084.239,5082.469,5099.351,5087.072,5084.239,5080.491,5100.174,5080.389,16.881999999999607
KNOWN_BOUNDARY,P33_C39_D64,2026-02-12 21:57:00,2026-02-12 23:00:00,63.0,2026-02-12,2026,2,Thursday,21:57,23:00,5,5,True,True,0,0,True,2026-02-12 21:53:00,2026-02-12 21:57:00,2026-02-12 23:00:00,2026-02-12 23:04:00,4922.674,4922.31,4893.07,4892.651,4927.175,4921.726,4908.887,4887.596,-29.24000000000069
KNOWN_BOUNDARY,P33_C39_D64,2026-02-17 21:57:00,2026-02-17 23:02:00,65.0,2026-02-17,2026,2,Tuesday,21:57,23:02,5,5,True,True,0,0,True,2026-02-17 21:53:00,2026-02-17 21:57:00,2026-02-17 23:02:00,2026-02-17 23:06:00,4877.524,4878.075,4863.066,4868.636,4879.552,4876.66,4874.953,4859.957,-15.009000000000015
KNOWN_BOUNDARY,P33_C39_D64,2026-02-18 21:57:00,2026-02-18 23:01:00,64.0,2026-02-18,2026,2,Wednesday,21:57,23:01,5,5,True,True,0,0,True,2026-02-18 21:53:00,2026-02-18 21:57:00,2026-02-18 23:01:00,2026-02-18 23:05:00,4979.092,4976.302,4974.301,4970.794,4979.092,4975.74,4976.813,4961.014,-2.0009999999992942
KNOWN_BOUNDARY,P33_C39_D64,2026-02-19 21:57:00,2026-02-19 23:01:00,64.0,2026-02-19,2026,2,Thursday,21:57,23:01,5,5,True,True,0,0,True,2026-02-19 21:53:00,2026-02-19 21:57:00,2026-02-19 23:01:00,2026-02-19 23:05:00,4996.759,4996.391,4997.078,5000.18,4997.402,4993.008,5003.585,4995.763,0.6870000000008076
KNOWN_BOUNDARY,P33_C39_D64,2026-02-23 21:57:00,2026-02-23 23:00:00,63.0,2026-02-23,2026,2,Monday,21:57,23:00,5,5,True,True,0,0,True,2026-02-23 21:53:00,2026-02-23 21:57:00,2026-02-23 23:00:00,2026-02-23 23:04:00,5228.771,5227.956,5226.126,5243.089,5231.323,5226.983,5248.575,5226.126,-1.8299999999999272
KNOWN_BOUNDARY,P33_C39_D64,2026-02-25 21:57:00,2026-02-25 23:00:00,63.0,2026-02-25,2026,2,Wednesday,21:57,23:00,5,5,True,True,0,0,True,2026-02-25 21:53:00,2026-02-25 21:57:00,2026-02-25 23:00:00,2026-02-25 23:04:00,5171.039,5169.234,5164.994,5174.617,5171.127,5163.212,5179.883,5164.994,-4.240000000000691
KNOWN_BOUNDARY,P33_C39_D64,2026-02-26 21:57:00,2026-02-26 23:01:00,64.0,2026-02-26,2026,2,Thursday,21:57,23:01,5,5,True,True,0,0,True,2026-02-26 21:53:00,2026-02-26 21:57:00,2026-02-26 23:01:00,2026-02-26 23:05:00,5185.797,5185.057,5187.973,5183.648,5186.314,5182.97,5188.274,5175.312,2.9160000000001673
KNOWN_BOUNDARY,P33_C39_D64,2026-03-02 21:57:00,2026-03-02 23:00:00,63.0,2026-03-02,2026,3,Monday,21:57,23:00,5,5,True,True,0,0,True,2026-03-02 21:53:00,2026-03-02 21:57:00,2026-03-02 23:00:00,2026-03-02 23:04:00,5322.594,5322.016,5332.709,5344.759,5325.881,5322.016,5345.744,5330.845,10.693000000000211
KNOWN_BOUNDARY,P33_C39_D64,2026-03-03 21:57:00,2026-03-03 23:01:00,64.0,2026-03-03,2026,3,Tuesday,21:57,23:01,5,5,True,True,0,0,True,2026-03-03 21:53:00,2026-03-03 21:57:00,2026-03-03 23:01:00,2026-03-03 23:05:00,5084.828,5090.441,5110.82,5108.834,5093.609,5083.016,5113.899,5084.523,20.378999999999905
KNOWN_BOUNDARY,P33_C39_D64,2026-03-04 21:57:00,2026-03-04 23:00:00,63.0,2026-03-04,2026,3,Wednesday,21:57,23:00,5,5,True,True,0,0,True,2026-03-04 21:53:00,2026-03-04 21:57:00,2026-03-04 23:00:00,2026-03-04 23:04:00,5138.287,5139.255,5149.146,5153.032,5142.213,5138.152,5154.848,5146.684,9.890999999999622
KNOWN_BOUNDARY,P30_C35_D64,2026-03-09 20:57:00,2026-03-09 22:00:00,63.0,2026-03-09,2026,3,Monday,20:57,22:00,5,5,True,True,0,0,True,2026-03-09 20:53:00,2026-03-09 20:57:00,2026-03-09 22:00:00,2026-03-09 22:04:00,5138.67,5137.505,5148.175,5128.853,5139.415,5133.938,5149.868,5121.355,10.670000000000073
KNOWN_BOUNDARY,P30_C35_D64,2026-03-10 20:57:00,2026-03-10 22:01:00,64.0,2026-03-10,2026,3,Tuesday,20:57,22:01,5,5,True,True,0,0,True,2026-03-10 20:53:00,2026-03-10 20:57:00,2026-03-10 22:01:00,2026-03-10 22:05:00,5193.623,5192.777,5191.583,5194.332,5195.276,5192.758,5195.121,5185.389,-1.1940000000004147
KNOWN_BOUNDARY,P30_C35_D64,2026-03-11 20:57:00,2026-03-11 22:02:00,65.0,2026-03-11,2026,3,Wednesday,20:57,22:02,5,5,True,True,0,0,True,2026-03-11 20:53:00,2026-03-11 20:57:00,2026-03-11 22:02:00,2026-03-11 22:06:00,5177.773,5177.193,5181.01,5173.936,5178.495,5176.549,5182.386,5172.767,3.8170000000000073
KNOWN_BOUNDARY,P30_C35_D64,2026-03-12 20:57:00,2026-03-12 22:01:00,64.0,2026-03-12,2026,3,Thursday,20:57,22:01,5,5,True,True,0,0,True,2026-03-12 20:53:00,2026-03-12 20:57:00,2026-03-12 22:01:00,2026-03-12 22:05:00,5078.084,5079.926,5077.985,5081.752,5080.555,5076.863,5084.977,5072.639,-1.941000000000713
KNOWN_BOUNDARY,P30_C35_D64,2026-03-16 20:57:00,2026-03-16 22:00:00,63.0,2026-03-16,2026,3,Monday,20:57,22:00,5,5,True,True,0,0,True,2026-03-16 20:53:00,2026-03-16 20:57:00,2026-03-16 22:00:00,2026-03-16 22:04:00,5007.749,5006.368,5007.59,5011.302,5008.527,5004.62,5015.878,5007.407,1.2219999999997526
KNOWN_BOUNDARY,P30_C35_D64,2026-03-17 20:57:00,2026-03-17 22:01:00,64.0,2026-03-17,2026,3,Tuesday,20:57,22:01,5,5,True,True,0,0,True,2026-03-17 20:53:00,2026-03-17 20:57:00,2026-03-17 22:01:00,2026-03-17 22:05:00,5002.989,5003.071,5004.017,5001.3,5003.454,5001.367,5004.648,5000.046,0.9459999999999127
KNOWN_BOUNDARY,P30_C35_D64,2026-03-18 20:57:00,2026-03-18 22:00:00,63.0,2026-03-18,2026,3,Wednesday,20:57,22:00,5,5,True,True,0,0,True,2026-03-18 20:53:00,2026-03-18 20:57:00,2026-03-18 22:00:00,2026-03-18 22:04:00,4822.754,4818.484,4828.12,4824.998,4822.918,4816.557,4836.937,4824.558,9.635999999999513
KNOWN_BOUNDARY,P30_C35_D64,2026-03-19 20:57:00,2026-03-19 22:01:00,64.0,2026-03-19,2026,3,Thursday,20:57,22:01,5,5,True,True,0,0,True,2026-03-19 20:53:00,2026-03-19 20:57:00,2026-03-19 22:01:00,2026-03-19 22:05:00,4659.069,4657.545,4657.69,4658.14,4659.069,4655.674,4663.409,4650.549,0.14499999999952706
KNOWN_BOUNDARY,P30_C35_D64,2026-03-23 20:57:00,2026-03-23 22:01:00,64.0,2026-03-23,2026,3,Monday,20:57,22:01,5,5,True,True,0,0,True,2026-03-23 20:53:00,2026-03-23 20:57:00,2026-03-23 22:01:00,2026-03-23 22:05:00,4407.711,4406.572,4419.637,4376.03,4409.155,4405.041,4420.67,4374.843,13.0649999999996
KNOWN_BOUNDARY,P30_C35_D64,2026-03-24 20:57:00,2026-03-24 22:00:00,63.0,2026-03-24,2026,3,Tuesday,20:57,22:00,5,5,True,True,0,0,True,2026-03-24 20:53:00,2026-03-24 20:57:00,2026-03-24 22:00:00,2026-03-24 22:04:00,4476.746,4476.783,4479.705,4479.098,4481.7,4473.357,4481.349,4468.22,2.9219999999995707
KNOWN_BOUNDARY,P30_C35_D64,2026-03-25 20:57:00,2026-03-25 22:00:00,63.0,2026-03-25,2026,3,Wednesday,20:57,22:00,5,5,True,True,0,0,True,2026-03-25 20:53:00,2026-03-25 20:57:00,2026-03-25 22:00:00,2026-03-25 22:04:00,4504.821,4505.842,4517.896,4520.972,4507.455,4501.407,4525.036,4511.254,12.054000000000087
KNOWN_BOUNDARY,P30_C35_D64,2026-03-26 20:57:00,2026-03-26 22:01:00,64.0,2026-03-26,2026,3,Thursday,20:57,22:01,5,5,True,True,0,0,True,2026-03-26 20:53:00,2026-03-26 20:57:00,2026-03-26 22:01:00,2026-03-26 22:05:00,4379.454,4380.965,4382.101,4393.962,4381.674,4372.889,4394.405,4380.835,1.1359999999995125
KNOWN_BOUNDARY,P30_C35_D64,2026-03-30 20:57:00,2026-03-30 22:00:00,63.0,2026-03-30,2026,3,Monday,20:57,22:00,5,5,True,True,0,0,True,2026-03-30 20:53:00,2026-03-30 20:57:00,2026-03-30 22:00:00,2026-03-30 22:04:00,4507.42,4511.261,4513.942,4517.515,4511.312,4506.874,4523.628,4513.915,2.6809999999995853
KNOWN_BOUNDARY,P30_C35_D64,2026-03-31 20:57:00,2026-03-31 22:00:00,63.0,2026-03-31,2026,3,Tuesday,20:57,22:00,5,5,True,True,0,0,True,2026-03-31 20:53:00,2026-03-31 20:57:00,2026-03-31 22:00:00,2026-03-31 22:04:00,4668.198,4668.238,4681.631,4674.748,4668.809,4664.6,4681.682,4674.529,13.393000000000029
KNOWN_BOUNDARY,P30_C35_D64,2026-04-06 20:57:00,2026-04-06 22:01:00,64.0,2026-04-06,2026,4,Monday,20:57,22:01,5,5,True,True,0,0,True,2026-04-06 20:53:00,2026-04-06 20:57:00,2026-04-06 22:01:00,2026-04-06 22:05:00,4650.61,4649.944,4661.087,4667.506,4652.296,4648.982,4667.943,4660.547,11.143000000000029
KNOWN_BOUNDARY,P30_C35_D64,2026-04-07 20:57:00,2026-04-07 22:01:00,64.0,2026-04-07,2026,4,Tuesday,20:57,22:01,5,5,True,True,0,0,True,2026-04-07 20:53:00,2026-04-07 20:57:00,2026-04-07 22:01:00,2026-04-07 22:05:00,4708.659,4706.301,4740.729,4749.05,4713.74,4705.819,4750.124,4731.991,34.427999999999884
KNOWN_BOUNDARY,P30_C35_D64,2026-04-08 20:57:00,2026-04-08 22:01:00,64.0,2026-04-08,2026,4,Wednesday,20:57,22:01,5,5,True,True,0,0,True,2026-04-08 20:53:00,2026-04-08 20:57:00,2026-04-08 22:01:00,2026-04-08 22:05:00,4719.287,4719.435,4729.081,4728.06,4720.929,4716.963,4732.502,4722.538,9.64599999999973
KNOWN_BOUNDARY,P30_C35_D64,2026-04-09 20:57:00,2026-04-09 22:01:00,64.0,2026-04-09,2026,4,Thursday,20:57,22:01,5,5,True,True,0,0,True,2026-04-09 20:53:00,2026-04-09 20:57:00,2026-04-09 22:01:00,2026-04-09 22:05:00,4766.371,4765.039,4779.021,4768.013,4768.97,4765.039,4779.455,4766.115,13.981999999999971
KNOWN_BOUNDARY,P30_C35_D64,2026-04-13 20:57:00,2026-04-13 22:01:00,64.0,2026-04-13,2026,4,Monday,20:57,22:01,5,5,True,True,0,0,True,2026-04-13 20:53:00,2026-04-13 20:57:00,2026-04-13 22:01:00,2026-04-13 22:05:00,4738.893,4741.1,4750.803,4748.743,4741.818,4738.363,4752.709,4746.517,9.70299999999952
KNOWN_BOUNDARY,P30_C35_D64,2026-04-14 20:57:00,2026-04-14 22:01:00,64.0,2026-04-14,2026,4,Tuesday,20:57,22:01,5,5,True,True,0,0,True,2026-04-14 20:53:00,2026-04-14 20:57:00,2026-04-14 22:01:00,2026-04-14 22:05:00,4841.46,4840.739,4839.629,4850.084,4842.212,4840.206,4850.676,4838.166,-1.1099999999996726
KNOWN_BOUNDARY,P30_C35_D64,2026-04-15 20:57:00,2026-04-15 22:02:00,65.0,2026-04-15,2026,4,Wednesday,20:57,22:02,5,5,True,True,0,0,True,2026-04-15 20:53:00,2026-04-15 20:57:00,2026-04-15 22:02:00,2026-04-15 22:06:00,4789.627,4791.166,4797.162,4797.822,4791.313,4787.612,4799.123,4793.66,5.996000000000095
KNOWN_BOUNDARY,P30_C35_D64,2026-04-16 20:57:00,2026-04-16 22:00:00,63.0,2026-04-16,2026,4,Thursday,20:57,22:00,5,5,True,True,0,0,True,2026-04-16 20:53:00,2026-04-16 20:57:00,2026-04-16 22:00:00,2026-04-16 22:04:00,4788.162,4790.146,4794.579,4794.358,4790.414,4787.97,4796.68,4791.287,4.432999999999993
KNOWN_BOUNDARY,P30_C35_D64,2026-04-20 20:57:00,2026-04-20 22:00:00,63.0,2026-04-20,2026,4,Monday,20:57,22:00,5,5,True,True,0,0,True,2026-04-20 20:53:00,2026-04-20 20:57:00,2026-04-20 22:00:00,2026-04-20 22:04:00,4819.239,4820.814,4827.606,4824.957,4822.032,4819.217,4830.798,4820.905,6.791999999999462
KNOWN_BOUNDARY,P30_C35_D64,2026-04-21 20:57:00,2026-04-21 22:00:00,63.0,2026-04-21,2026,4,Tuesday,20:57,22:00,5,5,True,True,0,0,True,2026-04-21 20:53:00,2026-04-21 20:57:00,2026-04-21 22:00:00,2026-04-21 22:04:00,4717.936,4718.807,4719.794,4725.26,4719.379,4716.294,4729.375,4718.931,0.98700000000008
KNOWN_BOUNDARY,P30_C35_D64,2026-04-22 20:57:00,2026-04-22 22:00:00,63.0,2026-04-22,2026,4,Wednesday,20:57,22:00,5,5,True,True,0,0,True,2026-04-22 20:53:00,2026-04-22 20:57:00,2026-04-22 22:00:00,2026-04-22 22:04:00,4738.84,4739.5,4744.802,4741.596,4739.839,4738.416,4745.874,4739.722,5.30199999999968
KNOWN_BOUNDARY,P30_C35_D64,2026-04-23 20:57:00,2026-04-23 22:01:00,64.0,2026-04-23,2026,4,Thursday,20:57,22:01,5,5,True,True,0,0,True,2026-04-23 20:53:00,2026-04-23 20:57:00,2026-04-23 22:01:00,2026-04-23 22:05:00,4689.223,4692.968,4699.581,4696.131,4693.29,4688.975,4700.028,4694.627,6.613000000000284
KNOWN_BOUNDARY,P30_C35_D64,2026-04-27 20:57:00,2026-04-27 22:01:00,64.0,2026-04-27,2026,4,Monday,20:57,22:01,5,5,True,True,0,0,True,2026-04-27 20:53:00,2026-04-27 20:57:00,2026-04-27 22:01:00,2026-04-27 22:05:00,4679.047,4680.054,4684.202,4685.249,4680.054,4678.971,4687.096,4682.126,4.148000000000138
KNOWN_BOUNDARY,P30_C35_D64,2026-04-28 20:57:00,2026-04-28 22:01:00,64.0,2026-04-28,2026,4,Tuesday,20:57,22:01,5,5,True,True,0,0,True,2026-04-28 20:53:00,2026-04-28 20:57:00,2026-04-28 22:01:00,2026-04-28 22:05:00,4595.243,4596.512,4598.249,4596.384,4596.594,4594.598,4599.548,4595.716,1.73700000000008
KNOWN_BOUNDARY,P30_C35_D64,2026-04-29 20:57:00,2026-04-29 22:01:00,64.0,2026-04-29,2026,4,Wednesday,20:57,22:01,5,5,True,True,0,0,True,2026-04-29 20:53:00,2026-04-29 20:57:00,2026-04-29 22:01:00,2026-04-29 22:05:00,4543.295,4543.688,4542.801,4542.518,4543.903,4542.024,4544.898,4539.166,-0.8869999999997162
KNOWN_BOUNDARY,P30_C35_D64,2026-04-30 20:57:00,2026-04-30 22:01:00,64.0,2026-04-30,2026,4,Thursday,20:57,22:01,5,5,True,True,0,0,True,2026-04-30 20:53:00,2026-04-30 20:57:00,2026-04-30 22:01:00,2026-04-30 22:05:00,4619.232,4620.68,4627.631,4629.245,4622.063,4618.976,4630.975,4625.076,6.951000000000022
KNOWN_BOUNDARY,P30_C35_D64,2026-05-04 20:57:00,2026-05-04 22:01:00,64.0,2026-05-04,2026,5,Monday,20:57,22:01,5,5,True,True,0,0,True,2026-05-04 20:53:00,2026-05-04 20:57:00,2026-05-04 22:01:00,2026-05-04 22:05:00,4520.347,4523.449,4522.483,4519.79,4523.449,4520.215,4524.386,4519.149,-0.9659999999994398
KNOWN_BOUNDARY,P30_C35_D64,2026-05-05 20:57:00,2026-05-05 22:01:00,64.0,2026-05-05,2026,5,Tuesday,20:57,22:01,5,5,True,True,0,0,True,2026-05-05 20:53:00,2026-05-05 20:57:00,2026-05-05 22:01:00,2026-05-05 22:05:00,4556.485,4556.337,4554.889,4551.835,4557.072,4554.657,4555.071,4550.225,-1.4480000000003201
KNOWN_BOUNDARY,P30_C35_D64,2026-05-06 20:57:00,2026-05-06 22:01:00,64.0,2026-05-06,2026,5,Wednesday,20:57,22:01,5,5,True,True,0,0,True,2026-05-06 20:53:00,2026-05-06 20:57:00,2026-05-06 22:01:00,2026-05-06 22:05:00,4689.819,4690.826,4693.431,4691.414,4691.982,4688.822,4693.726,4689.231,2.6049999999995634
KNOWN_BOUNDARY,P30_C35_D64,2026-05-07 20:57:00,2026-05-07 22:01:00,64.0,2026-05-07,2026,5,Thursday,20:57,22:01,5,5,True,True,0,0,True,2026-05-07 20:53:00,2026-05-07 20:57:00,2026-05-07 22:01:00,2026-05-07 22:05:00,4701.07,4688.502,4688.865,4687.834,4701.785,4686.284,4694.309,4686.814,0.36299999999937427
KNOWN_BOUNDARY,P30_C35_D64,2026-05-11 20:57:00,2026-05-11 22:01:00,64.0,2026-05-11,2026,5,Monday,20:57,22:01,5,5,True,True,0,0,True,2026-05-11 20:53:00,2026-05-11 20:57:00,2026-05-11 22:01:00,2026-05-11 22:05:00,4734.028,4735.189,4739.492,4739.566,4735.536,4733.724,4743.153,4738.16,4.302999999999884
KNOWN_BOUNDARY,P30_C35_D64,2026-05-12 20:57:00,2026-05-12 22:00:00,63.0,2026-05-12,2026,5,Tuesday,20:57,22:00,5,5,True,True,0,0,True,2026-05-12 20:53:00,2026-05-12 20:57:00,2026-05-12 22:00:00,2026-05-12 22:04:00,4713.972,4715.175,4716.94,4719.829,4715.307,4713.451,4721.298,4714.412,1.764999999999418
KNOWN_BOUNDARY,P30_C35_D64,2026-05-13 20:57:00,2026-05-13 22:00:00,63.0,2026-05-13,2026,5,Wednesday,20:57,22:00,5,5,True,True,0,0,True,2026-05-13 20:53:00,2026-05-13 20:57:00,2026-05-13 22:00:00,2026-05-13 22:04:00,4689.172,4688.835,4691.695,4693.55,4689.316,4687.842,4694.026,4690.275,2.8599999999996726
KNOWN_BOUNDARY,P30_C35_D64,2026-05-14 20:57:00,2026-05-14 22:00:00,63.0,2026-05-14,2026,5,Thursday,20:57,22:00,5,5,True,True,0,0,True,2026-05-14 20:53:00,2026-05-14 20:57:00,2026-05-14 22:00:00,2026-05-14 22:04:00,4649.884,4651.36,4651.777,4653.058,4652.555,4649.781,4653.975,4646.893,0.4170000000003711
KNOWN_BOUNDARY,P30_C35_D64,2026-05-18 20:57:00,2026-05-18 22:00:00,63.0,2026-05-18,2026,5,Monday,20:57,22:00,5,5,True,True,0,0,True,2026-05-18 20:53:00,2026-05-18 20:57:00,2026-05-18 22:00:00,2026-05-18 22:04:00,4565.339,4566.314,4570.385,4570.135,4566.783,4562.52,4571.42,4567.328,4.070999999999913
KNOWN_BOUNDARY,P30_C35_D64,2026-05-19 20:57:00,2026-05-19 22:00:00,63.0,2026-05-19,2026,5,Tuesday,20:57,22:00,5,5,True,True,0,0,True,2026-05-19 20:53:00,2026-05-19 20:57:00,2026-05-19 22:00:00,2026-05-19 22:04:00,4483.05,4482.016,4481.914,4484.226,4484.15,4481.669,4484.844,4480.978,-0.10199999999986176
KNOWN_BOUNDARY,P30_C35_D64,2026-05-20 20:57:00,2026-05-20 22:00:00,63.0,2026-05-20,2026,5,Wednesday,20:57,22:00,5,5,True,True,0,0,True,2026-05-20 20:53:00,2026-05-20 20:57:00,2026-05-20 22:00:00,2026-05-20 22:04:00,4542.51,4543.926,4547.708,4544.395,4544.116,4542.51,4547.777,4543.221,3.7819999999992433
KNOWN_BOUNDARY,P30_C35_D64,2026-05-21 20:57:00,2026-05-21 22:00:00,63.0,2026-05-21,2026,5,Thursday,20:57,22:00,5,5,True,True,0,0,True,2026-05-21 20:53:00,2026-05-21 20:57:00,2026-05-21 22:00:00,2026-05-21 22:04:00,4540.776,4542.719,4543.2,4544.954,4542.853,4540.545,4546.004,4542.165,0.48099999999976717
KNOWN_BOUNDARY,P30_C35_D64,2026-05-26 20:57:00,2026-05-26 22:02:00,65.0,2026-05-26,2026,5,Tuesday,20:57,22:02,5,5,True,True,0,0,True,2026-05-26 20:53:00,2026-05-26 20:57:00,2026-05-26 22:02:00,2026-05-26 22:06:00,4504.523,4507.142,4507.895,4510.273,4508.024,4504.335,4510.882,4499.937,0.7530000000006112
KNOWN_BOUNDARY,P30_C35_D64,2026-05-27 20:57:00,2026-05-27 22:00:00,63.0,2026-05-27,2026,5,Wednesday,20:57,22:00,5,5,True,True,0,0,True,2026-05-27 20:53:00,2026-05-27 20:57:00,2026-05-27 22:00:00,2026-05-27 22:04:00,4454.303,4456.173,4462.406,4456.747,4456.233,4453.94,4464.827,4455.768,6.233000000000175
KNOWN_BOUNDARY,P30_C35_D64,2026-05-28 20:57:00,2026-05-28 22:00:00,63.0,2026-05-28,2026,5,Thursday,20:57,22:00,5,5,True,True,0,0,True,2026-05-28 20:53:00,2026-05-28 20:57:00,2026-05-28 22:00:00,2026-05-28 22:04:00,4495.814,4496.496,4497.173,4496.881,4496.589,4495.464,4498.673,4495.287,0.6769999999996799
KNOWN_BOUNDARY,P30_C35_D64,2026-06-01 20:57:00,2026-06-01 22:00:00,63.0,2026-06-01,2026,6,Monday,20:57,22:00,5,5,True,True,0,0,True,2026-06-01 20:53:00,2026-06-01 20:57:00,2026-06-01 22:00:00,2026-06-01 22:04:00,4482.689,4484.145,4486.595,4483.316,4485.918,4482.505,4486.944,4482.402,2.449999999999818
KNOWN_BOUNDARY,P30_C35_D64,2026-06-02 20:57:00,2026-06-02 22:00:00,63.0,2026-06-02,2026,6,Tuesday,20:57,22:00,5,5,True,True,0,0,True,2026-06-02 20:53:00,2026-06-02 20:57:00,2026-06-02 22:00:00,2026-06-02 22:04:00,4488.434,4488.381,4490.391,4489.87,4488.805,4486.595,4493.117,4489.011,2.009999999999309
KNOWN_BOUNDARY,P30_C35_D64,2026-06-03 20:57:00,2026-06-03 22:00:00,63.0,2026-06-03,2026,6,Wednesday,20:57,22:00,5,5,True,True,0,0,True,2026-06-03 20:53:00,2026-06-03 20:57:00,2026-06-03 22:00:00,2026-06-03 22:04:00,4431.336,4434.05,4438.229,4432.449,4434.636,4430.904,4440.372,4430.818,4.179000000000087
KNOWN_BOUNDARY,P30_C35_D64,2026-06-04 20:57:00,2026-06-04 22:00:00,63.0,2026-06-04,2026,6,Thursday,20:57,22:00,5,5,True,True,0,0,True,2026-06-04 20:53:00,2026-06-04 20:57:00,2026-06-04 22:00:00,2026-06-04 22:04:00,4475.725,4475.665,4475.333,4473.924,4476.0,4474.648,4475.627,4472.869,-0.3320000000003347
KNOWN_BOUNDARY,P30_C35_D64,2026-06-08 20:57:00,2026-06-08 22:00:00,63.0,2026-06-08,2026,6,Monday,20:57,22:00,5,5,True,True,0,0,True,2026-06-08 20:53:00,2026-06-08 20:57:00,2026-06-08 22:00:00,2026-06-08 22:04:00,4328.799,4329.953,4332.101,4326.658,4330.078,4328.473,4332.46,4326.573,2.1479999999992287
KNOWN_BOUNDARY,P30_C35_D64,2026-06-09 20:57:00,2026-06-09 22:00:00,63.0,2026-06-09,2026,6,Tuesday,20:57,22:00,5,5,True,True,0,0,True,2026-06-09 20:53:00,2026-06-09 20:57:00,2026-06-09 22:00:00,2026-06-09 22:04:00,4259.98,4260.441,4256.058,4255.389,4260.771,4259.72,4256.892,4250.574,-4.382999999999811
KNOWN_BOUNDARY,P30_C35_D64,2026-06-10 20:57:00,2026-06-10 22:00:00,63.0,2026-06-10,2026,6,Wednesday,20:57,22:00,5,5,True,True,0,0,True,2026-06-10 20:53:00,2026-06-10 20:57:00,2026-06-10 22:00:00,2026-06-10 22:04:00,4068.152,4070.577,4071.785,4063.148,4070.628,4067.223,4072.04,4058.548,1.207999999999629
KNOWN_BOUNDARY,P30_C35_D64,2026-06-11 20:57:00,2026-06-11 22:00:00,63.0,2026-06-11,2026,6,Thursday,20:57,22:00,5,5,True,True,0,0,True,2026-06-11 20:53:00,2026-06-11 20:57:00,2026-06-11 22:00:00,2026-06-11 22:04:00,4211.09,4211.516,4220.124,4208.705,4212.463,4210.291,4220.124,4205.253,8.608000000000175
KNOWN_BOUNDARY,P30_C35_D64,2026-06-15 20:57:00,2026-06-15 22:00:00,63.0,2026-06-15,2026,6,Monday,20:57,22:00,5,5,True,True,0,0,True,2026-06-15 20:53:00,2026-06-15 20:57:00,2026-06-15 22:00:00,2026-06-15 22:04:00,4307.02,4308.89,4311.372,4313.426,4308.959,4306.314,4313.553,4309.163,2.481999999999971
KNOWN_BOUNDARY,P30_C35_D64,2026-06-16 20:57:00,2026-06-16 22:00:00,63.0,2026-06-16,2026,6,Tuesday,20:57,22:00,5,5,True,True,0,0,True,2026-06-16 20:53:00,2026-06-16 20:57:00,2026-06-16 22:00:00,2026-06-16 22:04:00,4331.249,4331.08,4335.048,4331.889,4331.583,4329.466,4335.269,4330.768,3.967999999999847
KNOWN_BOUNDARY,P30_C35_D64,2026-06-17 20:57:00,2026-06-17 22:00:00,63.0,2026-06-17,2026,6,Wednesday,20:57,22:00,5,5,True,True,0,0,True,2026-06-17 20:53:00,2026-06-17 20:57:00,2026-06-17 22:00:00,2026-06-17 22:04:00,4258.01,4257.489,4258.539,4258.356,4259.216,4256.183,4258.729,4254.422,1.050000000000182
KNOWN_BOUNDARY,P30_C35_D64,2026-06-18 20:57:00,2026-06-18 22:00:00,63.0,2026-06-18,2026,6,Thursday,20:57,22:00,5,5,True,True,0,0,True,2026-06-18 20:53:00,2026-06-18 20:57:00,2026-06-18 22:00:00,2026-06-18 22:04:00,4210.354,4208.216,4208.762,4204.76,4210.434,4207.701,4212.748,4203.211,0.545999999999367
KNOWN_BOUNDARY,P30_C35_D64,2026-06-22 20:57:00,2026-06-22 22:00:00,63.0,2026-06-22,2026,6,Monday,20:57,22:00,5,5,True,True,0,0,True,2026-06-22 20:53:00,2026-06-22 20:57:00,2026-06-22 22:00:00,2026-06-22 22:04:00,4191.27,4192.333,4192.3,4192.801,4192.557,4191.033,4194.44,4191.288,-0.03299999999944703
KNOWN_BOUNDARY,P30_C35_D64,2026-06-23 20:57:00,2026-06-23 22:00:00,63.0,2026-06-23,2026,6,Tuesday,20:57,22:00,5,5,True,True,0,0,True,2026-06-23 20:53:00,2026-06-23 20:57:00,2026-06-23 22:00:00,2026-06-23 22:04:00,4110.574,4109.845,4112.25,4111.513,4110.574,4108.595,4114.169,4110.783,2.4049999999997453
KNOWN_BOUNDARY,P30_C35_D64,2026-06-24 20:57:00,2026-06-24 22:00:00,63.0,2026-06-24,2026,6,Wednesday,20:57,22:00,5,5,True,True,0,0,True,2026-06-24 20:53:00,2026-06-24 20:57:00,2026-06-24 22:00:00,2026-06-24 22:04:00,3998.995,4001.02,4004.436,4007.395,4001.461,3998.494,4008.91,4003.509,3.4160000000001673
KNOWN_BOUNDARY,P30_C35_D64,2026-06-25 20:57:00,2026-06-25 22:00:00,63.0,2026-06-25,2026,6,Thursday,20:57,22:00,5,5,True,True,0,0,True,2026-06-25 20:53:00,2026-06-25 20:57:00,2026-06-25 22:00:00,2026-06-25 22:04:00,4024.822,4026.787,4028.858,4029.422,4027.06,4024.321,4031.717,4026.971,2.0710000000003674
KNOWN_BOUNDARY,P30_C35_D64,2026-06-29 20:57:00,2026-06-29 22:00:00,63.0,2026-06-29,2026,6,Monday,20:57,22:00,5,5,True,True,0,0,True,2026-06-29 20:53:00,2026-06-29 20:57:00,2026-06-29 22:00:00,2026-06-29 22:04:00,4016.508,4016.38,4018.251,4018.709,4017.343,4015.837,4020.842,4017.05,1.8710000000000946
KNOWN_BOUNDARY,P30_C35_D64,2026-06-30 20:57:00,2026-06-30 22:00:00,63.0,2026-06-30,2026,6,Tuesday,20:57,22:00,5,5,True,True,0,0,True,2026-06-30 20:53:00,2026-06-30 20:57:00,2026-06-30 22:00:00,2026-06-30 22:04:00,4010.433,4007.347,4011.826,4013.876,4011.059,4006.27,4015.044,4011.294,4.4789999999998145
KNOWN_BOUNDARY,P30_C35_D64,2026-07-01 20:57:00,2026-07-01 22:00:00,63.0,2026-07-01,2026,7,Wednesday,20:57,22:00,5,5,True,True,0,0,True,2026-07-01 20:53:00,2026-07-01 20:57:00,2026-07-01 22:00:00,2026-07-01 22:04:00,4033.631,4031.615,4034.182,4039.316,4033.631,4030.192,4039.509,4032.861,2.5670000000000073
KNOWN_BOUNDARY,P30_C35_D64,2026-07-02 20:57:00,2026-07-02 22:00:00,63.0,2026-07-02,2026,7,Thursday,20:57,22:00,5,5,True,True,0,0,True,2026-07-02 20:53:00,2026-07-02 20:57:00,2026-07-02 22:00:00,2026-07-02 22:04:00,4119.955,4124.068,4126.477,4125.482,4124.443,4119.471,4126.647,4124.499,2.4089999999996508
KNOWN_BOUNDARY,P30_C35_D64,2026-07-06 20:57:00,2026-07-06 22:00:00,63.0,2026-07-06,2026,7,Monday,20:57,22:00,5,5,True,True,0,0,True,2026-07-06 20:53:00,2026-07-06 20:57:00,2026-07-06 22:00:00,2026-07-06 22:04:00,4164.215,4164.315,4166.053,4164.491,4164.899,4163.651,4167.874,4163.469,1.7380000000002838
KNOWN_BOUNDARY,P30_C35_D64,2026-07-07 20:57:00,2026-07-07 22:00:00,63.0,2026-07-07,2026,7,Tuesday,20:57,22:00,5,5,True,True,0,0,True,2026-07-07 20:53:00,2026-07-07 20:57:00,2026-07-07 22:00:00,2026-07-07 22:04:00,4104.958,4106.62,4097.703,4104.992,4107.158,4104.132,4105.874,4094.143,-8.916999999999462
KNOWN_BOUNDARY,P30_C35_D64,2026-07-08 20:57:00,2026-07-08 22:00:00,63.0,2026-07-08,2026,7,Wednesday,20:57,22:00,5,5,True,True,0,0,True,2026-07-08 20:53:00,2026-07-08 20:57:00,2026-07-08 22:00:00,2026-07-08 22:04:00,4076.58,4077.4,4077.952,4073.726,4079.677,4075.598,4079.92,4072.685,0.5520000000001346
KNOWN_BOUNDARY,P30_C35_D64,2026-07-09 20:57:00,2026-07-09 22:00:00,63.0,2026-07-09,2026,7,Thursday,20:57,22:00,5,5,True,True,0,0,True,2026-07-09 20:53:00,2026-07-09 20:57:00,2026-07-09 22:00:00,2026-07-09 22:04:00,4123.814,4123.93,4125.508,4124.889,4124.653,4123.369,4126.216,4124.133,1.5779999999995198
KNOWN_BOUNDARY,P30_C35_D64,2026-07-13 20:57:00,2026-07-13 22:00:00,63.0,2026-07-13,2026,7,Monday,20:57,22:00,5,5,True,True,0,0,True,2026-07-13 20:53:00,2026-07-13 20:57:00,2026-07-13 22:00:00,2026-07-13 22:04:00,3998.422,4002.156,4004.1,4001.619,4002.306,3998.326,4006.279,4001.619,1.94399999999996
KNOWN_BOUNDARY,P30_C35_D64,2026-07-14 20:57:00,2026-07-14 22:00:00,63.0,2026-07-14,2026,7,Tuesday,20:57,22:00,5,5,True,True,0,0,True,2026-07-14 20:53:00,2026-07-14 20:57:00,2026-07-14 22:00:00,2026-07-14 22:04:00,4051.89,4052.869,4052.577,4052.754,4053.143,4051.868,4053.507,4051.294,-0.2919999999999163
KNOWN_BOUNDARY,P30_C35_D64,2026-07-15 20:57:00,2026-07-15 22:00:00,63.0,2026-07-15,2026,7,Wednesday,20:57,22:00,5,5,True,True,0,0,True,2026-07-15 20:53:00,2026-07-15 20:57:00,2026-07-15 22:00:00,2026-07-15 22:04:00,4060.922,4060.079,4065.797,4061.163,4061.763,4059.79,4065.921,4060.971,5.717999999999847
KNOWN_BOUNDARY,P30_C35_D64,2026-07-16 20:57:00,2026-07-16 22:00:00,63.0,2026-07-16,2026,7,Thursday,20:57,22:00,5,5,True,True,0,0,True,2026-07-16 20:53:00,2026-07-16 20:57:00,2026-07-16 22:00:00,2026-07-16 22:04:00,3975.466,3976.341,3978.609,3978.586,3976.691,3974.617,3980.502,3975.937,2.268000000000029
KNOWN_BOUNDARY,P30_C35_D64,2026-07-20 20:57:00,2026-07-20 22:00:00,63.0,2026-07-20,2026,7,Monday,20:57,22:00,5,5,True,True,0,0,True,2026-07-20 20:53:00,2026-07-20 20:57:00,2026-07-20 22:00:00,2026-07-20 22:04:00,4007.512,4008.792,4009.617,4008.173,4008.828,4007.26,4009.716,4008.02,0.8250000000002728
KNOWN_BOUNDARY,P30_C35_D64,2026-07-21 20:57:00,2026-07-21 22:00:00,63.0,2026-07-21,2026,7,Tuesday,20:57,22:00,5,5,True,True,0,0,True,2026-07-21 20:53:00,2026-07-21 20:57:00,2026-07-21 22:00:00,2026-07-21 22:04:00,4078.335,4077.934,4078.962,4078.706,4078.618,4076.6,4080.806,4078.231,1.0279999999997926
KNOWN_BOUNDARY,P30_C35_D64,2026-07-22 20:57:00,2026-07-22 22:00:00,63.0,2026-07-22,2026,7,Wednesday,20:57,22:00,5,5,True,True,0,0,True,2026-07-22 20:53:00,2026-07-22 20:57:00,2026-07-22 22:00:00,2026-07-22 22:04:00,4129.431,4130.104,4117.8,4120.547,4130.43,4128.948,4124.423,4115.769,-12.304000000000087
KNOWN_BOUNDARY,P30_C35_D64,2026-07-23 20:57:00,2026-07-23 22:00:00,63.0,2026-07-23,2026,7,Thursday,20:57,22:00,5,5,True,True,0,0,True,2026-07-23 20:53:00,2026-07-23 20:57:00,2026-07-23 22:00:00,2026-07-23 22:04:00,4047.706,4049.152,4050.636,4048.8,4049.616,4047.489,4050.733,4048.64,1.4839999999999236
KNOWN_BOUNDARY,P30_C35_D64,2026-07-27 20:57:00,2026-07-27 22:00:00,63.0,2026-07-27,2026,7,Monday,20:57,22:00,5,5,True,True,0,0,True,2026-07-27 20:53:00,2026-07-27 20:57:00,2026-07-27 22:00:00,2026-07-27 22:04:00,4076.828,4076.799,4079.401,4080.632,4077.436,4075.109,4081.768,4078.315,2.6019999999998618
KNOWN_BOUNDARY,P30_C35_D64,2026-07-28 20:57:00,2026-07-28 22:00:00,63.0,2026-07-28,2026,7,Tuesday,20:57,22:00,5,5,True,True,0,0,True,2026-07-28 20:53:00,2026-07-28 20:57:00,2026-07-28 22:00:00,2026-07-28 22:04:00,4027.637,4028.838,4027.786,4026.285,4029.308,4027.409,4028.6,4025.421,-1.0520000000001346
KNOWN_BOUNDARY,P30_C35_D64,2026-07-29 20:57:00,2026-07-29 22:00:00,63.0,2026-07-29,2026,7,Wednesday,20:57,22:00,5,5,True,True,0,0,True,2026-07-29 20:53:00,2026-07-29 20:57:00,2026-07-29 22:00:00,2026-07-29 22:04:00,4064.967,4066.039,4068.187,4073.994,4067.202,4064.213,4075.98,4068.187,2.1479999999996835
KNOWN_BOUNDARY,P30_C35_D64,2026-07-30 20:57:00,2026-07-30 22:00:00,63.0,2026-07-30,2026,7,Thursday,20:57,22:00,5,5,True,True,0,0,True,2026-07-30 20:53:00,2026-07-30 20:57:00,2026-07-30 22:00:00,2026-07-30 22:04:00,4102.374,4103.046,4105.237,4103.344,4103.201,4100.889,4106.725,4103.302,2.1909999999998035
KNOWN_BOUNDARY,P30_C35_D64,2026-08-03 20:57:00,2026-08-03 22:00:00,63.0,2026-08-03,2026,8,Monday,20:57,22:00,5,5,True,True,0,0,True,2026-08-03 20:53:00,2026-08-03 20:57:00,2026-08-03 22:00:00,2026-08-03 22:04:00,4054.716,4055.037,4052.997,4051.657,4056.11,4054.418,4054.598,4050.541,-2.0399999999999636
KNOWN_BOUNDARY,P30_C35_D64,2026-08-04 20:57:00,2026-08-04 22:00:00,63.0,2026-08-04,2026,8,Tuesday,20:57,22:00,5,5,True,True,0,0,True,2026-08-04 20:53:00,2026-08-04 20:57:00,2026-08-04 22:00:00,2026-08-04 22:04:00,4076.763,4078.007,4078.012,4078.085,4078.19,4076.604,4078.638,4076.688,0.005000000000109139
KNOWN_BOUNDARY,P30_C35_D64,2026-08-05 20:57:00,2026-08-05 22:00:00,63.0,2026-08-05,2026,8,Wednesday,20:57,22:00,5,5,True,True,0,0,True,2026-08-05 20:53:00,2026-08-05 20:57:00,2026-08-05 22:00:00,2026-08-05 22:04:00,4244.868,4246.208,4248.305,4249.036,4246.657,4242.893,4254.074,4247.988,2.097000000000662
KNOWN_BOUNDARY,P30_C35_D64,2026-08-06 20:57:00,2026-08-06 22:00:00,63.0,2026-08-06,2026,8,Thursday,20:57,22:00,5,5,True,True,0,0,True,2026-08-06 20:53:00,2026-08-06 20:57:00,2026-08-06 22:00:00,2026-08-06 22:04:00,4239.494,4240.43,4239.787,4236.442,4242.011,4239.398,4240.542,4235.755,-0.6430000000000291
KNOWN_BOUNDARY,P30_C35_D64,2026-08-10 20:57:00,2026-08-10 22:00:00,63.0,2026-08-10,2026,8,Monday,20:57,22:00,5,5,True,True,0,0,True,2026-08-10 20:53:00,2026-08-10 20:57:00,2026-08-10 22:00:00,2026-08-10 22:04:00,4390.317,4389.157,4391.112,4389.678,4390.456,4388.732,4391.522,4388.625,1.9549999999999272
KNOWN_BOUNDARY,P30_C35_D64,2026-08-11 20:57:00,2026-08-11 22:00:00,63.0,2026-08-11,2026,8,Tuesday,20:57,22:00,5,5,True,True,0,0,True,2026-08-11 20:53:00,2026-08-11 20:57:00,2026-08-11 22:00:00,2026-08-11 22:04:00,4367.485,4368.03,4372.492,4372.617,4368.956,4367.189,4373.171,4370.411,4.462000000000444
KNOWN_BOUNDARY,P30_C35_D64,2026-08-12 20:57:00,2026-08-12 22:00:00,63.0,2026-08-12,2026,8,Wednesday,20:57,22:00,5,5,True,True,0,0,True,2026-08-12 20:53:00,2026-08-12 20:57:00,2026-08-12 22:00:00,2026-08-12 22:04:00,4407.933,4408.726,4408.409,4405.539,4409.001,4406.693,4410.017,4405.353,-0.3170000000000073
