context_type,family_id,gap_previous,gap_current,gap_minutes,date,year,month,weekday,previous_clock,current_clock,before_count,after_count,full_before_context,full_after_context,before_internal_gaps,after_internal_gaps,context_is_continuous,first_before_time,last_before_time,first_after_time,last_after_time,first_before_open,last_before_close,first_after_open,last_after_close,before_high,before_low,after_high,after_low,before_close_to_after_open_change
UNCLASSIFIED,,2021-08-17 12:49:00,2021-08-17 12:53:00,4.0,2021-08-17,2021,8,Tuesday,12:49,12:53,5,5,True,True,0,0,True,2021-08-17 12:45:00,2021-08-17 12:49:00,2021-08-17 12:53:00,2021-08-17 12:57:00,1790.12,1791.095,1789.201,1789.295,1791.419,1789.832,1789.663,1788.721,-1.8940000000000055
UNCLASSIFIED,,2021-08-17 20:58:00,2021-08-17 22:00:00,62.0,2021-08-17,2021,8,Tuesday,20:58,22:00,5,5,True,True,0,0,True,2021-08-17 20:54:00,2021-08-17 20:58:00,2021-08-17 22:00:00,2021-08-17 22:04:00,1785.793,1785.879,1785.836,1786.161,1786.001,1785.727,1786.835,1785.499,-0.04299999999989268
UNCLASSIFIED,,2021-08-18 20:58:00,2021-08-18 22:00:00,62.0,2021-08-18,2021,8,Wednesday,20:58,22:00,5,5,True,True,0,0,True,2021-08-18 20:54:00,2021-08-18 20:58:00,2021-08-18 22:00:00,2021-08-18 22:04:00,1787.566,1787.427,1787.838,1787.35,1787.809,1787.172,1788.389,1787.1,0.4110000000000582
UNCLASSIFIED,,2021-08-19 20:58:00,2021-08-19 22:00:00,62.0,2021-08-19,2021,8,Thursday,20:58,22:00,5,5,True,True,0,0,True,2021-08-19 20:54:00,2021-08-19 20:58:00,2021-08-19 22:00:00,2021-08-19 22:04:00,1780.113,1779.767,1780.169,1780.035,1780.147,1779.767,1781.378,1779.565,0.40200000000004366
UNCLASSIFIED,,2021-08-20 20:58:00,2021-08-22 22:00:00,2942.0,2021-08-20,2021,8,Friday,20:58,22:00,5,5,True,True,0,1,False,2021-08-20 20:54:00,2021-08-20 20:58:00,2021-08-22 22:00:00,2021-08-22 22:08:00,1780.832,1781.235,1781.378,1781.525,1781.338,1780.642,1782.284,1778.111,0.1430000000000291
UNCLASSIFIED,,2021-08-22 22:00:00,2021-08-22 22:05:00,5.0,2021-08-22,2021,8,Sunday,22:00,22:05,5,5,True,True,1,0,False,2021-08-20 20:55:00,2021-08-22 22:00:00,2021-08-22 22:05:00,2021-08-22 22:09:00,1780.945,1778.142,1781.378,1781.709,1782.284,1778.111,1781.811,1781.111,3.2359999999998763
UNCLASSIFIED,,2021-08-23 20:58:00,2021-08-23 22:00:00,62.0,2021-08-23,2021,8,Monday,20:58,22:00,5,5,True,True,0,0,True,2021-08-23 20:54:00,2021-08-23 20:58:00,2021-08-23 22:00:00,2021-08-23 22:04:00,1805.058,1805.34,1804.923,1805.445,1805.433,1805.016,1805.851,1804.777,-0.4169999999999163
UNCLASSIFIED,,2021-08-24 20:58:00,2021-08-24 22:00:00,62.0,2021-08-24,2021,8,Tuesday,20:58,22:00,5,5,True,True,0,0,True,2021-08-24 20:54:00,2021-08-24 20:58:00,2021-08-24 22:00:00,2021-08-24 22:04:00,1802.91,1802.941,1802.607,1802.476,1802.968,1802.718,1802.775,1802.332,-0.33400000000006
UNCLASSIFIED,,2021-08-25 11:49:00,2021-08-25 11:51:00,2.0,2021-08-25,2021,8,Wednesday,11:49,11:51,5,5,True,True,0,0,True,2021-08-25 11:45:00,2021-08-25 11:49:00,2021-08-25 11:51:00,2021-08-25 11:55:00,1794.525,1794.473,1794.352,1793.621,1795.172,1794.473,1794.397,1793.616,-0.12099999999986721
UNCLASSIFIED,,2021-08-25 20:58:00,2021-08-25 22:00:00,62.0,2021-08-25,2021,8,Wednesday,20:58,22:00,5,5,True,True,0,0,True,2021-08-25 20:54:00,2021-08-25 20:58:00,2021-08-25 22:00:00,2021-08-25 22:04:00,1790.357,1790.455,1790.962,1790.983,1790.478,1790.135,1791.195,1790.416,0.5070000000000618
UNCLASSIFIED,,2021-08-26 20:58:00,2021-08-26 22:00:00,62.0,2021-08-26,2021,8,Thursday,20:58,22:00,5,5,True,True,0,0,True,2021-08-26 20:54:00,2021-08-26 20:58:00,2021-08-26 22:00:00,2021-08-26 22:04:00,1791.562,1791.938,1792.424,1792.452,1791.972,1791.519,1793.163,1792.234,0.4859999999998763
UNCLASSIFIED,,2021-08-27 20:58:00,2021-08-29 22:00:00,2942.0,2021-08-27,2021,8,Friday,20:58,22:00,5,5,True,True,0,1,False,2021-08-27 20:54:00,2021-08-27 20:58:00,2021-08-29 22:00:00,2021-08-29 22:08:00,1817.901,1816.778,1817.936,1818.328,1818.173,1816.76,1819.111,1817.133,1.1579999999999018
UNCLASSIFIED,,2021-08-29 22:00:00,2021-08-29 22:05:00,5.0,2021-08-29,2021,8,Sunday,22:00,22:05,5,5,True,True,1,0,False,2021-08-27 20:55:00,2021-08-29 22:00:00,2021-08-29 22:05:00,2021-08-29 22:09:00,1817.838,1817.82,1817.936,1818.425,1819.111,1816.76,1818.569,1817.271,0.11599999999998545
UNCLASSIFIED,,2021-08-30 20:58:00,2021-08-30 22:00:00,62.0,2021-08-30,2021,8,Monday,20:58,22:00,5,5,True,True,0,0,True,2021-08-30 20:54:00,2021-08-30 20:58:00,2021-08-30 22:00:00,2021-08-30 22:04:00,1810.127,1810.203,1809.92,1809.937,1810.203,1809.879,1810.361,1809.666,-0.2829999999999018
UNCLASSIFIED,,2021-08-31 20:58:00,2021-08-31 22:00:00,62.0,2021-08-31,2021,8,Tuesday,20:58,22:00,5,5,True,True,0,0,True,2021-08-31 20:54:00,2021-08-31 20:58:00,2021-08-31 22:00:00,2021-08-31 22:04:00,1814.207,1813.621,1814.249,1814.319,1814.337,1813.597,1814.561,1813.576,0.6279999999999291
UNCLASSIFIED,,2021-09-01 20:58:00,2021-09-01 22:00:00,62.0,2021-09-01,2021,9,Wednesday,20:58,22:00,5,5,True,True,0,0,True,2021-09-01 20:54:00,2021-09-01 20:58:00,2021-09-01 22:00:00,2021-09-01 22:04:00,1813.688,1814.044,1813.642,1813.84,1814.044,1813.588,1814.036,1813.642,-0.40200000000004366
UNCLASSIFIED,,2021-09-02 20:58:00,2021-09-02 22:00:00,62.0,2021-09-02,2021,9,Thursday,20:58,22:00,5,5,True,True,0,0,True,2021-09-02 20:54:00,2021-09-02 20:58:00,2021-09-02 22:00:00,2021-09-02 22:04:00,1809.553,1809.39,1809.427,1809.447,1809.591,1809.312,1809.642,1808.956,0.03699999999980719
UNCLASSIFIED,,2021-09-03 20:58:00,2021-09-05 22:00:00,2942.0,2021-09-03,2021,9,Friday,20:58,22:00,5,5,True,True,0,1,False,2021-09-03 20:54:00,2021-09-03 20:58:00,2021-09-05 22:00:00,2021-09-05 22:08:00,1827.514,1827.573,1828.089,1829.764,1827.601,1827.186,1830.149,1828.083,0.515999999999849
UNCLASSIFIED,,2021-09-05 22:00:00,2021-09-05 22:05:00,5.0,2021-09-05,2021,9,Sunday,22:00,22:05,5,5,True,True,1,0,False,2021-09-03 20:55:00,2021-09-05 22:00:00,2021-09-05 22:05:00,2021-09-05 22:09:00,1827.601,1828.517,1828.089,1829.575,1830.149,1827.186,1829.815,1828.083,-0.42800000000011096
UNCLASSIFIED,,2021-09-06 17:03:00,2021-09-06 17:06:00,3.0,2021-09-06,2021,9,Monday,17:03,17:06,5,5,True,True,0,1,False,2021-09-06 16:59:00,2021-09-06 17:03:00,2021-09-06 17:06:00,2021-09-06 22:03:00,1823.413,1823.102,1823.089,1823.525,1823.49,1822.841,1823.849,1821.892,-0.013000000000147338
UNCLASSIFIED,,2021-09-06 17:06:00,2021-09-06 22:00:00,294.0,2021-09-06,2021,9,Monday,17:06,22:00,5,5,True,True,1,0,False,2021-09-06 17:00:00,2021-09-06 17:06:00,2021-09-06 22:00:00,2021-09-06 22:04:00,1822.841,1823.089,1823.809,1823.473,1823.147,1822.841,1823.849,1821.892,0.7200000000000273
UNCLASSIFIED,,2021-09-06 22:13:00,2021-09-06 22:15:00,2.0,2021-09-06,2021,9,Monday,22:13,22:15,5,5,True,True,0,0,True,2021-09-06 22:09:00,2021-09-06 22:13:00,2021-09-06 22:15:00,2021-09-06 22:19:00,1823.118,1822.631,1822.671,1822.753,1823.286,1822.618,1822.753,1822.458,0.03999999999996362
UNCLASSIFIED,,2021-09-07 20:58:00,2021-09-07 22:00:00,62.0,2021-09-07,2021,9,Tuesday,20:58,22:00,5,5,True,True,0,1,False,2021-09-07 20:54:00,2021-09-07 20:58:00,2021-09-07 22:00:00,2021-09-07 22:05:00,1793.593,1794.185,1794.998,1794.978,1794.185,1793.593,1795.446,1794.851,0.8130000000001019
UNCLASSIFIED,,2021-09-07 22:00:00,2021-09-07 22:02:00,2.0,2021-09-07,2021,9,Tuesday,22:00,22:02,5,5,True,True,1,0,False,2021-09-07 20:55:00,2021-09-07 22:00:00,2021-09-07 22:02:00,2021-09-07 22:06:00,1793.79,1795.119,1794.998,1795.076,1795.446,1793.607,1795.398,1794.851,-0.12099999999986721
UNCLASSIFIED,,2021-09-08 20:58:00,2021-09-08 22:00:00,62.0,2021-09-08,2021,9,Wednesday,20:58,22:00,5,5,True,True,0,0,True,2021-09-08 20:54:00,2021-09-08 20:58:00,2021-09-08 22:00:00,2021-09-08 22:04:00,1789.42,1789.217,1789.806,1789.429,1789.447,1789.034,1790.521,1789.311,0.5889999999999418
UNCLASSIFIED,,2021-09-09 20:58:00,2021-09-09 22:00:00,62.0,2021-09-09,2021,9,Thursday,20:58,22:00,5,5,True,True,0,0,True,2021-09-09 20:54:00,2021-09-09 20:58:00,2021-09-09 22:00:00,2021-09-09 22:04:00,1794.333,1794.168,1793.859,1793.899,1794.355,1794.06,1795.454,1792.484,-0.3089999999999691
UNCLASSIFIED,,2021-09-10 20:58:00,2021-09-12 22:00:00,2942.0,2021-09-10,2021,9,Friday,20:58,22:00,5,5,True,True,0,1,False,2021-09-10 20:54:00,2021-09-10 20:58:00,2021-09-12 22:00:00,2021-09-12 22:08:00,1787.681,1787.614,1787.288,1787.269,1787.797,1787.39,1788.683,1787.081,-0.32600000000002183
UNCLASSIFIED,,2021-09-12 22:00:00,2021-09-12 22:05:00,5.0,2021-09-12,2021,9,Sunday,22:00,22:05,5,5,True,True,1,0,False,2021-09-10 20:55:00,2021-09-12 22:00:00,2021-09-12 22:05:00,2021-09-12 22:09:00,1787.783,1788.488,1787.288,1787.524,1788.683,1787.081,1787.979,1787.081,-1.2000000000000455
UNCLASSIFIED,,2021-09-13 20:58:00,2021-09-13 22:00:00,62.0,2021-09-13,2021,9,Monday,20:58,22:00,5,5,True,True,0,0,True,2021-09-13 20:54:00,2021-09-13 20:58:00,2021-09-13 22:00:00,2021-09-13 22:04:00,1793.324,1793.33,1793.409,1793.438,1793.411,1793.282,1793.539,1792.709,0.07900000000017826
UNCLASSIFIED,,2021-09-14 20:58:00,2021-09-14 22:00:00,62.0,2021-09-14,2021,9,Tuesday,20:58,22:00,5,5,True,True,0,0,True,2021-09-14 20:54:00,2021-09-14 20:58:00,2021-09-14 22:00:00,2021-09-14 22:04:00,1804.71,1804.483,1804.192,1803.878,1804.735,1804.394,1804.257,1803.466,-0.29099999999994
UNCLASSIFIED,,2021-09-15 20:58:00,2021-09-15 22:00:00,62.0,2021-09-15,2021,9,Wednesday,20:58,22:00,5,5,True,True,0,0,True,2021-09-15 20:54:00,2021-09-15 20:58:00,2021-09-15 22:00:00,2021-09-15 22:04:00,1793.323,1793.514,1793.983,1794.145,1793.759,1793.323,1795.651,1793.619,0.46900000000005093
UNCLASSIFIED,,2021-09-16 20:58:00,2021-09-16 22:00:00,62.0,2021-09-16,2021,9,Thursday,20:58,22:00,5,5,True,True,0,0,True,2021-09-16 20:54:00,2021-09-16 20:58:00,2021-09-16 22:00:00,2021-09-16 22:04:00,1752.746,1753.38,1753.731,1753.629,1753.518,1752.492,1753.841,1752.52,0.3509999999998854
UNCLASSIFIED,,2021-09-17 20:58:00,2021-09-19 22:00:00,2942.0,2021-09-17,2021,9,Friday,20:58,22:00,5,5,True,True,0,1,False,2021-09-17 20:54:00,2021-09-17 20:58:00,2021-09-19 22:00:00,2021-09-19 22:08:00,1753.833,1754.536,1754.698,1753.933,1754.605,1753.833,1755.162,1751.188,0.16200000000003456
UNCLASSIFIED,,2021-09-19 22:00:00,2021-09-19 22:05:00,5.0,2021-09-19,2021,9,Sunday,22:00,22:05,5,5,True,True,1,0,False,2021-09-17 20:55:00,2021-09-19 22:00:00,2021-09-19 22:05:00,2021-09-19 22:09:00,1753.953,1754.101,1754.698,1754.319,1755.162,1751.188,1755.162,1753.787,0.59699999999998
UNCLASSIFIED,,2021-09-20 20:58:00,2021-09-20 22:00:00,62.0,2021-09-20,2021,9,Monday,20:58,22:00,5,5,True,True,0,0,True,2021-09-20 20:54:00,2021-09-20 20:58:00,2021-09-20 22:00:00,2021-09-20 22:04:00,1764.923,1764.135,1764.587,1764.487,1764.925,1763.919,1764.987,1763.961,0.4519999999999982
UNCLASSIFIED,,2021-09-21 20:58:00,2021-09-21 22:00:00,62.0,2021-09-21,2021,9,Tuesday,20:58,22:00,5,5,True,True,0,0,True,2021-09-21 20:54:00,2021-09-21 20:58:00,2021-09-21 22:00:00,2021-09-21 22:04:00,1774.193,1774.232,1775.032,1774.869,1774.312,1773.862,1775.216,1774.261,0.7999999999999545
UNCLASSIFIED,,2021-09-22 20:58:00,2021-09-22 22:00:00,62.0,2021-09-22,2021,9,Wednesday,20:58,22:00,5,5,True,True,0,0,True,2021-09-22 20:54:00,2021-09-22 20:58:00,2021-09-22 22:00:00,2021-09-22 22:04:00,1768.196,1767.995,1768.43,1768.72,1768.199,1767.801,1769.42,1767.746,0.4350000000001728
UNCLASSIFIED,,2021-09-23 20:58:00,2021-09-23 22:00:00,62.0,2021-09-23,2021,9,Thursday,20:58,22:00,5,5,True,True,0,0,True,2021-09-23 20:54:00,2021-09-23 20:58:00,2021-09-23 22:00:00,2021-09-23 22:04:00,1742.66,1742.39,1744.437,1744.68,1742.752,1741.726,1745.15,1743.808,2.046999999999798
UNCLASSIFIED,,2021-09-24 20:58:00,2021-09-26 22:00:00,2942.0,2021-09-24,2021,9,Friday,20:58,22:00,5,5,True,True,0,1,False,2021-09-24 20:54:00,2021-09-24 20:58:00,2021-09-26 22:00:00,2021-09-26 22:08:00,1749.101,1750.494,1750.033,1749.795,1750.653,1749.035,1750.774,1749.014,-0.46100000000001273
UNCLASSIFIED,,2021-09-26 22:00:00,2021-09-26 22:05:00,5.0,2021-09-26,2021,9,Sunday,22:00,22:05,5,5,True,True,1,0,False,2021-09-24 20:55:00,2021-09-26 22:00:00,2021-09-26 22:05:00,2021-09-26 22:09:00,1749.787,1749.014,1750.033,1750.141,1750.774,1749.014,1750.141,1749.411,1.0190000000000055
UNCLASSIFIED,,2021-09-27 20:58:00,2021-09-27 22:00:00,62.0,2021-09-27,2021,9,Monday,20:58,22:00,5,5,True,True,0,0,True,2021-09-27 20:54:00,2021-09-27 20:58:00,2021-09-27 22:00:00,2021-09-27 22:04:00,1750.217,1750.198,1750.486,1750.659,1750.394,1749.985,1751.434,1750.463,0.2880000000000109
UNCLASSIFIED,,2021-09-28 20:58:00,2021-09-28 22:00:00,62.0,2021-09-28,2021,9,Tuesday,20:58,22:00,5,5,True,True,0,0,True,2021-09-28 20:54:00,2021-09-28 20:58:00,2021-09-28 22:00:00,2021-09-28 22:04:00,1733.599,1733.938,1733.991,1734.174,1733.949,1733.414,1734.825,1733.904,0.052999999999883585
UNCLASSIFIED,,2021-09-29 20:58:00,2021-09-29 22:00:00,62.0,2021-09-29,2021,9,Wednesday,20:58,22:00,5,5,True,True,0,0,True,2021-09-29 20:54:00,2021-09-29 20:58:00,2021-09-29 22:00:00,2021-09-29 22:04:00,1726.582,1726.426,1726.536,1726.652,1726.659,1726.24,1727.842,1726.314,0.11000000000012733
UNCLASSIFIED,,2021-09-30 20:58:00,2021-09-30 22:00:00,62.0,2021-09-30,2021,9,Thursday,20:58,22:00,5,5,True,True,0,0,True,2021-09-30 20:54:00,2021-09-30 20:58:00,2021-09-30 22:00:00,2021-09-30 22:04:00,1757.452,1756.955,1756.159,1755.786,1757.542,1756.906,1756.835,1755.244,-0.7959999999998217
UNCLASSIFIED,,2021-10-01 20:58:00,2021-10-03 22:00:00,2942.0,2021-10-01,2021,10,Friday,20:58,22:00,5,5,True,True,0,1,False,2021-10-01 20:54:00,2021-10-01 20:58:00,2021-10-03 22:00:00,2021-10-03 22:08:00,1760.172,1760.466,1760.954,1761.591,1760.855,1760.172,1765.195,1760.954,0.4880000000000564
UNCLASSIFIED,,2021-10-03 22:00:00,2021-10-03 22:05:00,5.0,2021-10-03,2021,10,Sunday,22:00,22:05,5,5,True,True,1,0,False,2021-10-01 20:55:00,2021-10-03 22:00:00,2021-10-03 22:05:00,2021-10-03 22:09:00,1760.237,1763.859,1760.954,1761.451,1765.195,1760.198,1761.772,1760.954,-2.9049999999999727
UNCLASSIFIED,,2021-10-04 20:58:00,2021-10-04 22:00:00,62.0,2021-10-04,2021,10,Monday,20:58,22:00,5,5,True,True,0,0,True,2021-10-04 20:54:00,2021-10-04 20:58:00,2021-10-04 22:00:00,2021-10-04 22:04:00,1769.09,1769.28,1769.264,1768.531,1769.392,1769.09,1769.347,1768.058,-0.016000000000076398
UNCLASSIFIED,,2021-10-05 20:58:00,2021-10-05 22:00:00,62.0,2021-10-05,2021,10,Tuesday,20:58,22:00,5,5,True,True,0,0,True,2021-10-05 20:54:00,2021-10-05 20:58:00,2021-10-05 22:00:00,2021-10-05 22:04:00,1759.766,1759.816,1760.033,1760.055,1759.907,1759.617,1760.195,1759.576,0.21699999999987085
UNCLASSIFIED,,2021-10-06 20:58:00,2021-10-06 22:00:00,62.0,2021-10-06,2021,10,Wednesday,20:58,22:00,5,5,True,True,0,0,True,2021-10-06 20:54:00,2021-10-06 20:58:00,2021-10-06 22:00:00,2021-10-06 22:04:00,1763.23,1762.437,1762.9,1762.942,1763.236,1762.351,1763.436,1762.24,0.4630000000001928
UNCLASSIFIED,,2021-10-06 22:49:00,2021-10-06 22:51:00,2.0,2021-10-06,2021,10,Wednesday,22:49,22:51,5,5,True,True,0,0,True,2021-10-06 22:45:00,2021-10-06 22:49:00,2021-10-06 22:51:00,2021-10-06 22:55:00,1763.266,1763.197,1763.196,1762.442,1763.359,1763.195,1763.205,1762.352,-0.0009999999999763531
UNCLASSIFIED,,2021-10-07 20:58:00,2021-10-07 22:00:00,62.0,2021-10-07,2021,10,Thursday,20:58,22:00,5,5,True,True,0,0,True,2021-10-07 20:54:00,2021-10-07 20:58:00,2021-10-07 22:00:00,2021-10-07 22:04:00,1754.895,1755.146,1755.932,1755.92,1755.18,1754.734,1756.11,1755.215,0.7860000000000582
UNCLASSIFIED,,2021-10-07 23:31:00,2021-10-07 23:33:00,2.0,2021-10-07,2021,10,Thursday,23:31,23:33,5,5,True,True,0,0,True,2021-10-07 23:27:00,2021-10-07 23:31:00,2021-10-07 23:33:00,2021-10-07 23:37:00,1754.654,1754.514,1754.509,1754.561,1754.713,1754.514,1754.757,1754.509,-0.004999999999881766
UNCLASSIFIED,,2021-10-08 20:58:00,2021-10-10 22:00:00,2942.0,2021-10-08,2021,10,Friday,20:58,22:00,5,5,True,True,0,1,False,2021-10-08 20:54:00,2021-10-08 20:58:00,2021-10-10 22:00:00,2021-10-10 22:08:00,1757.123,1757.212,1757.272,1757.163,1757.286,1756.501,1757.764,1750.915,0.05999999999994543
UNCLASSIFIED,,2021-10-10 22:00:00,2021-10-10 22:05:00,5.0,2021-10-10,2021,10,Sunday,22:00,22:05,5,5,True,True,1,0,False,2021-10-08 20:55:00,2021-10-10 22:00:00,2021-10-10 22:05:00,2021-10-10 22:09:00,1757.13,1755.094,1757.272,1757.216,1757.764,1750.915,1757.764,1757.147,2.1779999999998836
UNCLASSIFIED,,2021-10-11 20:58:00,2021-10-11 22:00:00,62.0,2021-10-11,2021,10,Monday,20:58,22:00,5,5,True,True,0,0,True,2021-10-11 20:54:00,2021-10-11 20:58:00,2021-10-11 22:00:00,2021-10-11 22:04:00,1754.123,1754.162,1753.884,1753.853,1754.332,1753.91,1754.12,1753.02,-0.27800000000002
UNCLASSIFIED,,2021-10-12 11:11:00,2021-10-12 11:13:00,2.0,2021-10-12,2021,10,Tuesday,11:11,11:13,5,5,True,True,0,0,True,2021-10-12 11:07:00,2021-10-12 11:11:00,2021-10-12 11:13:00,2021-10-12 11:17:00,1762.802,1762.435,1762.282,1762.796,1762.864,1762.097,1762.988,1762.018,-0.15300000000002
UNCLASSIFIED,,2021-10-12 20:58:00,2021-10-12 22:00:00,62.0,2021-10-12,2021,10,Tuesday,20:58,22:00,5,5,True,True,0,0,True,2021-10-12 20:54:00,2021-10-12 20:58:00,2021-10-12 22:00:00,2021-10-12 22:04:00,1760.222,1760.052,1759.951,1760.732,1760.299,1760.039,1760.787,1759.938,-0.1009999999998854
UNCLASSIFIED,,2021-10-13 20:58:00,2021-10-13 22:00:00,62.0,2021-10-13,2021,10,Wednesday,20:58,22:00,5,5,True,True,0,0,True,2021-10-13 20:54:00,2021-10-13 20:58:00,2021-10-13 22:00:00,2021-10-13 22:04:00,1792.997,1792.929,1792.765,1792.923,1793.0,1792.595,1793.588,1792.21,-0.16399999999998727
UNCLASSIFIED,,2021-10-14 20:58:00,2021-10-14 22:00:00,62.0,2021-10-14,2021,10,Thursday,20:58,22:00,5,5,True,True,0,0,True,2021-10-14 20:54:00,2021-10-14 20:58:00,2021-10-14 22:00:00,2021-10-14 22:04:00,1795.927,1795.842,1795.896,1796.012,1795.952,1795.796,1796.159,1795.551,0.05399999999985994
UNCLASSIFIED,,2021-10-15 20:58:00,2021-10-17 22:00:00,2942.0,2021-10-15,2021,10,Friday,20:58,22:00,5,5,True,True,0,1,False,2021-10-15 20:54:00,2021-10-15 20:58:00,2021-10-17 22:00:00,2021-10-17 22:08:00,1767.455,1767.427,1766.961,1766.829,1767.785,1767.208,1768.49,1764.565,-0.4659999999998945
UNCLASSIFIED,,2021-10-17 22:00:00,2021-10-17 22:05:00,5.0,2021-10-17,2021,10,Sunday,22:00,22:05,5,5,True,True,1,0,False,2021-10-15 20:55:00,2021-10-17 22:00:00,2021-10-17 22:05:00,2021-10-17 22:09:00,1767.451,1768.459,1766.961,1766.962,1768.49,1764.565,1767.062,1766.489,-1.4980000000000473
UNCLASSIFIED,,2021-10-18 20:58:00,2021-10-18 22:00:00,62.0,2021-10-18,2021,10,Monday,20:58,22:00,5,5,True,True,0,0,True,2021-10-18 20:54:00,2021-10-18 20:58:00,2021-10-18 22:00:00,2021-10-18 22:04:00,1764.517,1764.719,1764.849,1764.903,1764.787,1764.374,1764.954,1763.678,0.12999999999988177
UNCLASSIFIED,,2021-10-18 23:11:00,2021-10-18 23:13:00,2.0,2021-10-18,2021,10,Monday,23:11,23:13,5,5,True,True,0,0,True,2021-10-18 23:07:00,2021-10-18 23:11:00,2021-10-18 23:13:00,2021-10-18 23:17:00,1763.405,1763.357,1763.36,1762.899,1763.555,1763.355,1763.372,1762.886,0.0029999999999290594
UNCLASSIFIED,,2021-10-22 20:58:00,2021-10-24 22:05:00,2947.0,2021-10-22,2021,10,Friday,20:58,22:05,5,5,True,True,0,0,True,2021-10-22 20:54:00,2021-10-22 20:58:00,2021-10-24 22:05:00,2021-10-24 22:09:00,1792.64,1792.853,1792.926,1793.265,1792.888,1792.23,1793.326,1792.454,0.0729999999998654
UNCLASSIFIED,,2021-10-29 20:58:00,2021-10-31 22:05:00,2947.0,2021-10-29,2021,10,Friday,20:58,22:05,5,5,True,True,0,0,True,2021-10-29 20:54:00,2021-10-29 20:58:00,2021-10-31 22:05:00,2021-10-31 22:09:00,1782.785,1783.296,1783.269,1782.174,1783.523,1782.785,1783.269,1782.028,-0.027000000000043656
UNCLASSIFIED,,2021-11-05 20:58:00,2021-11-07 23:05:00,3007.0,2021-11-05,2021,11,Friday,20:58,23:05,5,5,True,True,0,0,True,2021-11-05 20:54:00,2021-11-05 20:58:00,2021-11-07 23:05:00,2021-11-07 23:09:00,1818.147,1818.127,1815.75,1816.995,1818.152,1817.843,1817.085,1815.47,-2.3769999999999527
UNCLASSIFIED,,2021-11-12 21:58:00,2021-11-14 23:05:00,2947.0,2021-11-12,2021,11,Friday,21:58,23:05,5,5,True,True,0,0,True,2021-11-12 21:54:00,2021-11-12 21:58:00,2021-11-14 23:05:00,2021-11-14 23:09:00,1864.334,1864.361,1866.804,1866.604,1864.841,1864.25,1867.408,1866.415,2.4429999999999836
UNCLASSIFIED,,2021-11-19 21:58:00,2021-11-21 23:05:00,2947.0,2021-11-19,2021,11,Friday,21:58,23:05,5,5,True,True,0,0,True,2021-11-19 21:54:00,2021-11-19 21:58:00,2021-11-21 23:05:00,2021-11-21 23:09:00,1845.649,1846.196,1842.207,1843.038,1846.196,1845.373,1845.228,1842.207,-3.9889999999998054
UNCLASSIFIED,,2021-11-25 17:44:00,2021-11-25 23:01:00,317.0,2021-11-25,2021,11,Thursday,17:44,23:01,5,5,True,True,0,0,True,2021-11-25 17:40:00,2021-11-25 17:44:00,2021-11-25 23:01:00,2021-11-25 23:05:00,1788.89,1788.693,1790.271,1790.45,1788.89,1788.5,1790.863,1790.148,1.5779999999999745
UNCLASSIFIED,,2021-11-26 18:29:00,2021-11-28 23:05:00,3156.0,2021-11-26,2021,11,Friday,18:29,23:05,5,5,True,True,0,0,True,2021-11-26 18:25:00,2021-11-26 18:29:00,2021-11-28 23:05:00,2021-11-28 23:09:00,1786.848,1787.433,1788.597,1785.882,1788.194,1786.363,1789.289,1780.188,1.1639999999999873
UNCLASSIFIED,,2021-12-03 21:58:00,2021-12-05 23:05:00,2947.0,2021-12-03,2021,12,Friday,21:58,23:05,5,5,True,True,0,0,True,2021-12-03 21:54:00,2021-12-03 21:58:00,2021-12-05 23:05:00,2021-12-05 23:09:00,1784.0,1783.414,1782.102,1780.935,1784.043,1782.16,1782.248,1780.691,-1.3119999999998981
UNCLASSIFIED,,2021-12-10 21:58:00,2021-12-12 23:05:00,2947.0,2021-12-10,2021,12,Friday,21:58,23:05,5,5,True,True,0,0,True,2021-12-10 21:54:00,2021-12-10 21:58:00,2021-12-12 23:05:00,2021-12-12 23:09:00,1783.12,1782.805,1782.732,1783.086,1783.12,1782.605,1783.419,1782.732,-0.07300000000009277
UNCLASSIFIED,,2021-12-17 21:58:00,2021-12-19 23:05:00,2947.0,2021-12-17,2021,12,Friday,21:58,23:05,5,5,True,True,0,0,True,2021-12-17 21:54:00,2021-12-17 21:58:00,2021-12-19 23:05:00,2021-12-19 23:09:00,1798.097,1798.064,1800.61,1800.564,1798.19,1797.484,1801.676,1800.466,2.5459999999998217
UNCLASSIFIED,,2021-12-23 21:58:00,2021-12-26 23:05:00,4387.0,2021-12-23,2021,12,Thursday,21:58,23:05,5,5,True,True,0,0,True,2021-12-23 21:54:00,2021-12-23 21:58:00,2021-12-26 23:05:00,2021-12-26 23:09:00,1808.045,1808.451,1806.207,1807.376,1808.451,1807.7,1807.489,1805.977,-2.2439999999999145
UNCLASSIFIED,,2021-12-27 21:26:00,2021-12-27 21:28:00,2.0,2021-12-27,2021,12,Monday,21:26,21:28,5,5,True,True,0,0,True,2021-12-27 21:22:00,2021-12-27 21:26:00,2021-12-27 21:28:00,2021-12-27 21:32:00,1811.302,1811.511,1811.531,1811.626,1811.611,1811.302,1811.643,1811.414,0.01999999999998181
UNCLASSIFIED,,2021-12-31 19:58:00,2022-01-02 23:05:00,3067.0,2021-12-31,2021,12,Friday,19:58,23:05,5,5,True,True,0,0,True,2021-12-31 19:54:00,2021-12-31 19:58:00,2022-01-02 23:05:00,2022-01-02 23:09:00,1827.706,1827.615,1830.615,1831.679,1827.836,1827.391,1831.73,1829.631,3.0
UNCLASSIFIED,,2022-01-07 21:58:00,2022-01-09 23:05:00,2947.0,2022-01-07,2022,1,Friday,21:58,23:05,5,5,True,True,0,0,True,2022-01-07 21:54:00,2022-01-07 21:58:00,2022-01-09 23:05:00,2022-01-09 23:09:00,1796.459,1796.899,1794.898,1794.987,1797.095,1796.097,1795.514,1794.664,-2.0009999999999764
UNCLASSIFIED,,2022-01-10 21:45:00,2022-01-10 21:47:00,2.0,2022-01-10,2022,1,Monday,21:45,21:47,5,5,True,True,0,0,True,2022-01-10 21:41:00,2022-01-10 21:45:00,2022-01-10 21:47:00,2022-01-10 21:51:00,1801.771,1801.782,1801.511,1801.591,1801.842,1801.676,1801.681,1801.511,-0.27099999999995816
UNCLASSIFIED,,2022-01-14 21:58:00,2022-01-16 23:05:00,2947.0,2022-01-14,2022,1,Friday,21:58,23:05,5,5,True,True,0,0,True,2022-01-14 21:54:00,2022-01-14 21:58:00,2022-01-16 23:05:00,2022-01-16 23:09:00,1817.682,1817.639,1817.663,1817.237,1817.842,1817.241,1818.081,1817.237,0.024000000000114596
UNCLASSIFIED,,2022-01-17 19:12:00,2022-01-17 23:01:00,229.0,2022-01-17,2022,1,Monday,19:12,23:01,5,5,True,True,0,0,True,2022-01-17 19:08:00,2022-01-17 19:12:00,2022-01-17 23:01:00,2022-01-17 23:05:00,1818.093,1818.267,1818.483,1818.402,1818.267,1818.093,1818.61,1818.339,0.2159999999998945
UNCLASSIFIED,,2022-01-21 21:58:00,2022-01-23 23:05:00,2947.0,2022-01-21,2022,1,Friday,21:58,23:05,5,5,True,True,0,0,True,2022-01-21 21:54:00,2022-01-21 21:58:00,2022-01-23 23:05:00,2022-01-23 23:09:00,1833.766,1834.664,1833.144,1833.716,1835.008,1833.641,1833.931,1833.123,-1.5199999999999818
UNCLASSIFIED,,2022-01-28 21:58:00,2022-01-30 23:05:00,2947.0,2022-01-28,2022,1,Friday,21:58,23:05,5,5,True,True,0,0,True,2022-01-28 21:54:00,2022-01-28 21:58:00,2022-01-30 23:05:00,2022-01-30 23:09:00,1791.345,1791.634,1789.345,1789.267,1792.096,1791.271,1790.225,1789.039,-2.2889999999999873
UNCLASSIFIED,,2022-02-04 21:58:00,2022-02-06 23:05:00,2947.0,2022-02-04,2022,2,Friday,21:58,23:05,5,5,True,True,0,0,True,2022-02-04 21:54:00,2022-02-04 21:58:00,2022-02-06 23:05:00,2022-02-06 23:09:00,1808.136,1807.732,1808.436,1808.594,1808.248,1807.563,1808.691,1807.877,0.7039999999999509
UNCLASSIFIED,,2022-02-08 23:46:00,2022-02-09 01:22:00,96.0,2022-02-08,2022,2,Tuesday,23:46,01:22,5,5,True,True,0,0,True,2022-02-08 23:42:00,2022-02-08 23:46:00,2022-02-09 01:22:00,2022-02-09 01:26:00,1825.883,1826.134,1825.52,1825.467,1826.193,1825.882,1825.72,1825.362,-0.6140000000000327
UNCLASSIFIED,,2022-02-11 21:58:00,2022-02-13 23:05:00,2947.0,2022-02-11,2022,2,Friday,21:58,23:05,5,5,True,True,0,0,True,2022-02-11 21:54:00,2022-02-11 21:58:00,2022-02-13 23:05:00,2022-02-13 23:09:00,1859.633,1858.955,1855.608,1860.019,1859.666,1857.601,1860.908,1855.387,-3.34699999999998
UNCLASSIFIED,,2022-02-18 21:58:00,2022-02-20 23:05:00,2947.0,2022-02-18,2022,2,Friday,21:58,23:05,5,5,True,True,0,0,True,2022-02-18 21:54:00,2022-02-18 21:58:00,2022-02-20 23:05:00,2022-02-20 23:09:00,1897.356,1897.807,1903.076,1901.973,1898.046,1897.125,1903.176,1900.349,5.2690000000000055
UNCLASSIFIED,,2022-02-21 19:14:00,2022-02-21 23:01:00,227.0,2022-02-21,2022,2,Monday,19:14,23:01,5,5,True,True,0,0,True,2022-02-21 19:10:00,2022-02-21 19:14:00,2022-02-21 23:01:00,2022-02-21 23:05:00,1901.297,1903.362,1909.602,1911.587,1903.682,1901.238,1913.133,1907.745,6.240000000000009
UNCLASSIFIED,,2022-02-25 21:58:00,2022-02-27 23:05:00,2947.0,2022-02-25,2022,2,Friday,21:58,23:05,5,5,True,True,0,0,True,2022-02-25 21:54:00,2022-02-25 21:58:00,2022-02-27 23:05:00,2022-02-27 23:09:00,1888.193,1889.003,1920.95,1921.081,1889.211,1887.994,1927.279,1918.359,31.947000000000116
UNCLASSIFIED,,2022-03-04 21:58:00,2022-03-06 23:05:00,2947.0,2022-03-04,2022,3,Friday,21:58,23:05,5,5,True,True,0,0,True,2022-03-04 21:54:00,2022-03-04 21:58:00,2022-03-06 23:05:00,2022-03-06 23:09:00,1969.94,1970.317,1981.416,1984.277,1970.844,1969.634,1987.586,1981.269,11.098999999999933
UNCLASSIFIED,,2022-03-11 21:58:00,2022-03-13 22:05:00,2887.0,2022-03-11,2022,3,Friday,21:58,22:05,5,5,True,True,0,0,True,2022-03-11 21:54:00,2022-03-11 21:58:00,2022-03-13 22:05:00,2022-03-13 22:09:00,1985.919,1988.147,1980.342,1982.25,1988.392,1985.381,1983.631,1980.342,-7.804999999999836
UNCLASSIFIED,,2022-03-18 20:58:00,2022-03-20 22:05:00,2947.0,2022-03-18,2022,3,Friday,20:58,22:05,5,5,True,True,0,0,True,2022-03-18 20:54:00,2022-03-18 20:58:00,2022-03-20 22:05:00,2022-03-20 22:09:00,1920.866,1921.271,1925.067,1924.318,1921.774,1919.424,1926.334,1924.056,3.796000000000049
UNCLASSIFIED,,2022-03-25 20:57:00,2022-03-27 22:05:00,2948.0,2022-03-25,2022,3,Friday,20:57,22:05,5,5,True,True,0,0,True,2022-03-25 20:53:00,2022-03-25 20:57:00,2022-03-27 22:05:00,2022-03-27 22:09:00,1955.826,1958.243,1955.588,1955.787,1958.481,1955.826,1956.965,1955.38,-2.6549999999999727
UNCLASSIFIED,,2022-04-01 20:57:00,2022-04-03 22:05:00,2948.0,2022-04-01,2022,4,Friday,20:57,22:05,5,5,True,True,0,0,True,2022-04-01 20:53:00,2022-04-01 20:57:00,2022-04-03 22:05:00,2022-04-03 22:09:00,1924.444,1924.495,1924.641,1923.95,1924.513,1924.087,1924.995,1923.854,0.14600000000018554
UNCLASSIFIED,,2022-04-08 20:57:00,2022-04-10 22:05:00,2948.0,2022-04-08,2022,4,Friday,20:57,22:05,5,5,True,True,0,0,True,2022-04-08 20:53:00,2022-04-08 20:57:00,2022-04-10 22:05:00,2022-04-10 22:09:00,1945.966,1947.868,1948.292,1948.804,1947.868,1945.966,1949.966,1947.486,0.42399999999997817
UNCLASSIFIED,,2022-04-14 20:57:00,2022-04-17 22:05:00,4388.0,2022-04-14,2022,4,Thursday,20:57,22:05,5,5,True,True,0,0,True,2022-04-14 20:53:00,2022-04-14 20:57:00,2022-04-17 22:05:00,2022-04-17 22:09:00,1972.842,1973.111,1972.91,1972.934,1973.488,1972.666,1973.611,1971.978,-0.20100000000002183
UNCLASSIFIED,,2022-04-22 20:57:00,2022-04-24 22:05:00,2948.0,2022-04-22,2022,4,Friday,20:57,22:05,5,5,True,True,0,0,True,2022-04-22 20:53:00,2022-04-22 20:57:00,2022-04-24 22:05:00,2022-04-24 22:09:00,1932.085,1931.5,1932.305,1933.908,1932.688,1930.924,1934.145,1931.91,0.8050000000000637
UNCLASSIFIED,,2022-04-29 20:57:00,2022-05-01 22:05:00,2948.0,2022-04-29,2022,4,Friday,20:57,22:05,5,5,True,True,0,0,True,2022-04-29 20:53:00,2022-04-29 20:57:00,2022-05-01 22:05:00,2022-05-01 22:09:00,1897.281,1896.72,1899.389,1898.06,1897.619,1896.229,1899.437,1897.089,2.668999999999869
UNCLASSIFIED,,2022-05-04 19:12:00,2022-05-04 19:14:00,2.0,2022-05-04,2022,5,Wednesday,19:12,19:14,5,5,True,True,0,0,True,2022-05-04 19:08:00,2022-05-04 19:12:00,2022-05-04 19:14:00,2022-05-04 19:18:00,1885.953,1888.457,1887.675,1885.273,1889.741,1885.478,1888.102,1884.321,-0.7820000000001528
UNCLASSIFIED,,2022-05-06 20:57:00,2022-05-08 22:05:00,2948.0,2022-05-06,2022,5,Friday,20:57,22:05,5,5,True,True,0,0,True,2022-05-06 20:53:00,2022-05-06 20:57:00,2022-05-08 22:05:00,2022-05-08 22:09:00,1882.83,1883.631,1883.561,1884.731,1883.654,1882.099,1884.731,1883.203,-0.07000000000016371
UNCLASSIFIED,,2022-05-13 20:57:00,2022-05-15 22:05:00,2948.0,2022-05-13,2022,5,Friday,20:57,22:05,5,5,True,True,0,0,True,2022-05-13 20:53:00,2022-05-13 20:57:00,2022-05-15 22:05:00,2022-05-15 22:09:00,1812.034,1811.491,1813.943,1813.282,1812.333,1810.433,1814.561,1813.21,2.451999999999998
UNCLASSIFIED,,2022-05-20 20:57:00,2022-05-22 22:05:00,2948.0,2022-05-20,2022,5,Friday,20:57,22:05,5,5,True,True,0,0,True,2022-05-20 20:53:00,2022-05-20 20:57:00,2022-05-22 22:05:00,2022-05-22 22:09:00,1845.741,1846.487,1849.009,1846.673,1846.556,1845.532,1849.587,1846.474,2.5219999999999345
UNCLASSIFIED,,2022-05-27 20:57:00,2022-05-29 22:05:00,2948.0,2022-05-27,2022,5,Friday,20:57,22:05,5,5,True,True,0,0,True,2022-05-27 20:53:00,2022-05-27 20:57:00,2022-05-29 22:05:00,2022-05-29 22:09:00,1853.838,1853.024,1852.618,1853.483,1854.411,1852.651,1853.909,1852.521,-0.40599999999994907
UNCLASSIFIED,,2022-05-30 17:15:00,2022-05-30 22:01:00,286.0,2022-05-30,2022,5,Monday,17:15,22:01,5,5,True,True,0,0,True,2022-05-30 17:11:00,2022-05-30 17:15:00,2022-05-30 22:01:00,2022-05-30 22:05:00,1855.239,1855.265,1855.907,1856.003,1855.468,1855.21,1856.287,1855.77,0.6419999999998254
UNCLASSIFIED,,2022-06-03 20:57:00,2022-06-05 22:05:00,2948.0,2022-06-03,2022,6,Friday,20:57,22:05,5,5,True,True,0,0,True,2022-06-03 20:53:00,2022-06-03 20:57:00,2022-06-05 22:05:00,2022-06-05 22:09:00,1850.788,1850.96,1850.955,1851.687,1851.31,1850.788,1851.687,1850.803,-0.005000000000109139
UNCLASSIFIED,,2022-06-10 20:57:00,2022-06-12 22:05:00,2948.0,2022-06-10,2022,6,Friday,20:57,22:05,5,5,True,True,0,0,True,2022-06-10 20:53:00,2022-06-10 20:57:00,2022-06-12 22:05:00,2022-06-12 22:09:00,1871.475,1871.532,1878.07,1877.889,1871.699,1870.573,1878.832,1877.781,6.538000000000011
UNCLASSIFIED,,2022-06-15 07:56:00,2022-06-15 07:58:00,2.0,2022-06-15,2022,6,Wednesday,07:56,07:58,5,5,True,True,0,0,True,2022-06-15 07:52:00,2022-06-15 07:56:00,2022-06-15 07:58:00,2022-06-15 08:02:00,1820.369,1821.156,1820.762,1819.524,1821.868,1819.643,1821.783,1819.492,-0.39400000000000546
UNCLASSIFIED,,2022-06-17 20:57:00,2022-06-19 22:05:00,2948.0,2022-06-17,2022,6,Friday,20:57,22:05,5,5,True,True,0,0,True,2022-06-17 20:53:00,2022-06-17 20:57:00,2022-06-19 22:05:00,2022-06-19 22:09:00,1840.584,1840.248,1836.197,1835.479,1840.584,1839.856,1836.197,1834.725,-4.051000000000158
UNCLASSIFIED,,2022-06-20 17:14:00,2022-06-20 22:01:00,287.0,2022-06-20,2022,6,Monday,17:14,22:01,5,5,True,True,0,0,True,2022-06-20 17:10:00,2022-06-20 17:14:00,2022-06-20 22:01:00,2022-06-20 22:05:00,1835.472,1835.725,1838.122,1837.857,1835.764,1835.472,1838.141,1837.502,2.397000000000162
UNCLASSIFIED,,2022-06-24 20:57:00,2022-06-26 22:05:00,2948.0,2022-06-24,2022,6,Friday,20:57,22:05,5,5,True,True,0,0,True,2022-06-24 20:53:00,2022-06-24 20:57:00,2022-06-26 22:05:00,2022-06-26 22:09:00,1826.841,1827.1,1836.268,1834.773,1827.606,1826.79,1836.298,1833.77,9.16800000000012
UNCLASSIFIED,,2022-07-01 20:57:00,2022-07-03 22:05:00,2948.0,2022-07-01,2022,7,Friday,20:57,22:05,5,5,True,True,0,0,True,2022-07-01 20:53:00,2022-07-01 20:57:00,2022-07-03 22:05:00,2022-07-03 22:09:00,1807.802,1809.341,1810.342,1810.466,1809.394,1807.612,1810.466,1809.42,1.0010000000002037
UNCLASSIFIED,,2022-07-04 17:15:00,2022-07-04 22:01:00,286.0,2022-07-04,2022,7,Monday,17:15,22:01,5,5,True,True,0,0,True,2022-07-04 17:11:00,2022-07-04 17:15:00,2022-07-04 22:01:00,2022-07-04 22:05:00,1806.86,1806.942,1807.669,1807.506,1807.134,1806.86,1808.011,1807.274,0.7270000000000891
UNCLASSIFIED,,2022-07-08 20:57:00,2022-07-10 22:05:00,2948.0,2022-07-08,2022,7,Friday,20:57,22:05,5,5,True,True,0,0,True,2022-07-08 20:53:00,2022-07-08 20:57:00,2022-07-10 22:05:00,2022-07-10 22:09:00,1742.421,1742.249,1741.088,1742.502,1742.697,1741.971,1742.927,1740.873,-1.1610000000000582
UNCLASSIFIED,,2022-07-15 20:57:00,2022-07-17 22:05:00,2948.0,2022-07-15,2022,7,Friday,20:57,22:05,5,5,True,True,0,0,True,2022-07-15 20:53:00,2022-07-15 20:57:00,2022-07-17 22:05:00,2022-07-17 22:09:00,1707.202,1707.44,1706.571,1707.264,1707.579,1706.863,1707.705,1706.536,-0.8690000000001419
UNCLASSIFIED,,2022-07-22 20:57:00,2022-07-24 22:05:00,2948.0,2022-07-22,2022,7,Friday,20:57,22:05,5,5,True,True,0,0,True,2022-07-22 20:53:00,2022-07-22 20:57:00,2022-07-24 22:05:00,2022-07-24 22:09:00,1727.303,1727.469,1726.25,1726.684,1727.716,1726.955,1726.77,1725.977,-1.219000000000051
UNCLASSIFIED,,2022-07-27 19:16:00,2022-07-27 19:18:00,2.0,2022-07-27,2022,7,Wednesday,19:16,19:18,5,5,True,True,0,0,True,2022-07-27 19:12:00,2022-07-27 19:16:00,2022-07-27 19:18:00,2022-07-27 19:22:00,1738.82,1739.991,1738.005,1735.715,1740.177,1737.87,1738.129,1735.298,-1.9859999999998763
UNCLASSIFIED,,2022-07-29 20:57:00,2022-07-31 22:05:00,2948.0,2022-07-29,2022,7,Friday,20:57,22:05,5,5,True,True,0,0,True,2022-07-29 20:53:00,2022-07-29 20:57:00,2022-07-31 22:05:00,2022-07-31 22:09:00,1765.932,1766.178,1765.356,1765.142,1766.289,1765.778,1765.39,1764.492,-0.8220000000001164
UNCLASSIFIED,,2022-08-05 20:57:00,2022-08-07 22:05:00,2948.0,2022-08-05,2022,8,Friday,20:57,22:05,5,5,True,True,0,0,True,2022-08-05 20:53:00,2022-08-05 20:57:00,2022-08-07 22:05:00,2022-08-07 22:09:00,1774.714,1775.628,1773.369,1774.058,1775.715,1774.424,1774.934,1773.156,-2.2590000000000146
UNCLASSIFIED,,2022-08-12 20:57:00,2022-08-14 22:05:00,2948.0,2022-08-12,2022,8,Friday,20:57,22:05,5,5,True,True,0,0,True,2022-08-12 20:53:00,2022-08-12 20:57:00,2022-08-14 22:05:00,2022-08-14 22:09:00,1801.441,1801.884,1801.523,1800.74,1802.198,1801.262,1801.523,1800.39,-0.3610000000001037
UNCLASSIFIED,,2022-08-19 20:57:00,2022-08-21 22:05:00,2948.0,2022-08-19,2022,8,Friday,20:57,22:05,5,5,True,True,0,0,True,2022-08-19 20:53:00,2022-08-19 20:57:00,2022-08-21 22:05:00,2022-08-21 22:09:00,1747.079,1747.376,1745.586,1745.83,1747.427,1746.889,1746.278,1744.969,-1.7899999999999636
UNCLASSIFIED,,2022-08-26 20:57:00,2022-08-28 22:05:00,2948.0,2022-08-26,2022,8,Friday,20:57,22:05,5,5,True,True,0,0,True,2022-08-26 20:53:00,2022-08-26 20:57:00,2022-08-28 22:05:00,2022-08-28 22:09:00,1738.568,1737.998,1734.774,1737.735,1738.68,1737.871,1738.525,1734.698,-3.22400000000016
UNCLASSIFIED,,2022-09-02 20:57:00,2022-09-04 22:05:00,2948.0,2022-09-02,2022,9,Friday,20:57,22:05,5,5,True,True,0,0,True,2022-09-02 20:53:00,2022-09-02 20:57:00,2022-09-04 22:05:00,2022-09-04 22:09:00,1712.274,1712.532,1711.024,1710.554,1712.892,1712.1,1711.035,1710.165,-1.5080000000000382
UNCLASSIFIED,,2022-09-05 17:15:00,2022-09-05 22:01:00,286.0,2022-09-05,2022,9,Monday,17:15,22:01,5,5,True,True,0,0,True,2022-09-05 17:11:00,2022-09-05 17:15:00,2022-09-05 22:01:00,2022-09-05 22:05:00,1711.722,1711.551,1709.695,1710.417,1711.732,1711.551,1710.42,1709.663,-1.8559999999999945
UNCLASSIFIED,,2022-09-09 20:57:00,2022-09-11 22:05:00,2948.0,2022-09-09,2022,9,Friday,20:57,22:05,5,5,True,True,0,0,True,2022-09-09 20:53:00,2022-09-09 20:57:00,2022-09-11 22:05:00,2022-09-11 22:09:00,1717.558,1717.186,1718.402,1718.248,1718.016,1716.96,1718.673,1717.915,1.2160000000001219
UNCLASSIFIED,,2022-09-12 20:42:00,2022-09-12 20:44:00,2.0,2022-09-12,2022,9,Monday,20:42,20:44,5,5,True,True,0,0,True,2022-09-12 20:38:00,2022-09-12 20:42:00,2022-09-12 20:44:00,2022-09-12 20:48:00,1725.009,1725.051,1725.058,1724.871,1725.145,1724.815,1725.172,1724.87,0.007000000000061846
UNCLASSIFIED,,2022-09-16 20:57:00,2022-09-18 22:05:00,2948.0,2022-09-16,2022,9,Friday,20:57,22:05,5,5,True,True,0,0,True,2022-09-16 20:53:00,2022-09-16 20:57:00,2022-09-18 22:05:00,2022-09-18 22:09:00,1675.909,1675.286,1674.412,1675.082,1676.25,1673.592,1675.886,1673.966,-0.8740000000000236
UNCLASSIFIED,,2022-09-23 20:57:00,2022-09-25 22:05:00,2948.0,2022-09-23,2022,9,Friday,20:57,22:05,5,5,True,True,0,0,True,2022-09-23 20:53:00,2022-09-23 20:57:00,2022-09-25 22:05:00,2022-09-25 22:09:00,1644.601,1643.877,1643.172,1640.359,1645.147,1643.877,1643.238,1640.355,-0.7049999999999272
UNCLASSIFIED,,2022-09-30 20:57:00,2022-10-02 22:05:00,2948.0,2022-09-30,2022,9,Friday,20:57,22:05,5,5,True,True,0,0,True,2022-09-30 20:53:00,2022-09-30 20:57:00,2022-10-02 22:05:00,2022-10-02 22:09:00,1661.216,1660.963,1664.009,1664.933,1661.251,1660.54,1665.057,1663.461,3.046000000000049
UNCLASSIFIED,,2022-10-07 20:57:00,2022-10-09 22:05:00,2948.0,2022-10-07,2022,10,Friday,20:57,22:05,5,5,True,True,0,0,True,2022-10-07 20:53:00,2022-10-07 20:57:00,2022-10-09 22:05:00,2022-10-09 22:09:00,1694.835,1695.001,1696.236,1698.882,1695.47,1694.662,1698.893,1696.119,1.2350000000001273
UNCLASSIFIED,,2022-10-14 20:57:00,2022-10-16 22:05:00,2948.0,2022-10-14,2022,10,Friday,20:57,22:05,5,5,True,True,0,0,True,2022-10-14 20:53:00,2022-10-14 20:57:00,2022-10-16 22:05:00,2022-10-16 22:09:00,1644.245,1644.267,1646.163,1646.335,1644.643,1644.11,1647.162,1645.929,1.8959999999999582
UNCLASSIFIED,,2022-10-21 20:57:00,2022-10-23 22:05:00,2948.0,2022-10-21,2022,10,Friday,20:57,22:05,5,5,True,True,0,0,True,2022-10-21 20:53:00,2022-10-21 20:57:00,2022-10-23 22:05:00,2022-10-23 22:09:00,1656.964,1657.806,1659.975,1660.656,1658.087,1656.847,1662.472,1659.9,2.168999999999869
UNCLASSIFIED,,2022-10-28 20:57:00,2022-10-30 22:05:00,2948.0,2022-10-28,2022,10,Friday,20:57,22:05,5,5,True,True,0,0,True,2022-10-28 20:53:00,2022-10-28 20:57:00,2022-10-30 22:05:00,2022-10-30 22:09:00,1645.18,1644.448,1643.727,1644.196,1645.872,1644.163,1644.309,1643.099,-0.7210000000000036
UNCLASSIFIED,,2022-11-04 20:57:00,2022-11-06 23:05:00,3008.0,2022-11-04,2022,11,Friday,20:57,23:05,5,5,True,True,0,0,True,2022-11-04 20:53:00,2022-11-04 20:57:00,2022-11-06 23:05:00,2022-11-06 23:09:00,1681.076,1680.966,1675.168,1676.47,1681.387,1680.54,1677.685,1674.926,-5.798000000000002
UNCLASSIFIED,,2022-11-07 12:19:00,2022-11-07 12:21:00,2.0,2022-11-07,2022,11,Monday,12:19,12:21,5,5,True,True,0,0,True,2022-11-07 12:15:00,2022-11-07 12:19:00,2022-11-07 12:21:00,2022-11-07 12:25:00,1677.402,1676.339,1675.872,1675.43,1677.81,1676.179,1675.872,1674.587,-0.46699999999987085
UNCLASSIFIED,,2022-11-11 21:57:00,2022-11-13 23:05:00,2948.0,2022-11-11,2022,11,Friday,21:57,23:05,5,5,True,True,0,0,True,2022-11-11 21:53:00,2022-11-11 21:57:00,2022-11-13 23:05:00,2022-11-13 23:09:00,1769.635,1770.992,1763.488,1762.78,1771.174,1769.635,1764.332,1761.422,-7.503999999999905
UNCLASSIFIED,,2022-11-18 21:57:00,2022-11-20 23:05:00,2948.0,2022-11-18,2022,11,Friday,21:57,23:05,5,5,True,True,0,0,True,2022-11-18 21:53:00,2022-11-18 21:57:00,2022-11-20 23:05:00,2022-11-20 23:09:00,1750.127,1750.852,1751.196,1751.427,1751.078,1750.029,1751.778,1751.076,0.34399999999982356
UNCLASSIFIED,,2022-11-24 18:47:00,2022-11-24 18:49:00,2.0,2022-11-24,2022,11,Thursday,18:47,18:49,5,5,True,True,0,0,True,2022-11-24 18:43:00,2022-11-24 18:47:00,2022-11-24 18:49:00,2022-11-24 18:53:00,1753.911,1754.121,1754.119,1754.099,1754.161,1753.704,1754.155,1754.099,-0.00200000000018008
UNCLASSIFIED,,2022-11-24 19:26:00,2022-11-24 19:28:00,2.0,2022-11-24,2022,11,Thursday,19:26,19:28,5,5,True,True,0,1,False,2022-11-24 19:22:00,2022-11-24 19:26:00,2022-11-24 19:28:00,2022-11-24 23:02:00,1754.511,1755.263,1755.262,1754.543,1755.311,1754.511,1755.264,1754.313,-0.0009999999999763531
UNCLASSIFIED,,2022-11-24 19:30:00,2022-11-24 23:01:00,211.0,2022-11-24,2022,11,Thursday,19:30,23:01,5,5,True,True,1,0,False,2022-11-24 19:25:00,2022-11-24 19:30:00,2022-11-24 23:01:00,2022-11-24 23:05:00,1755.241,1755.182,1754.313,1754.597,1755.311,1754.961,1754.978,1754.313,-0.8689999999999145
UNCLASSIFIED,,2022-11-25 18:29:00,2022-11-27 23:05:00,3156.0,2022-11-25,2022,11,Friday,18:29,23:05,5,5,True,True,0,0,True,2022-11-25 18:25:00,2022-11-25 18:29:00,2022-11-27 23:05:00,2022-11-27 23:09:00,1754.214,1755.969,1753.479,1753.441,1756.076,1754.095,1754.215,1753.319,-2.490000000000009
UNCLASSIFIED,,2022-12-02 21:57:00,2022-12-04 23:05:00,2948.0,2022-12-02,2022,12,Friday,21:57,23:05,5,5,True,True,0,0,True,2022-12-02 21:53:00,2022-12-02 21:57:00,2022-12-04 23:05:00,2022-12-04 23:09:00,1798.892,1797.945,1795.131,1795.047,1799.105,1797.93,1795.704,1794.749,-2.813999999999851
UNCLASSIFIED,,2022-12-09 21:57:00,2022-12-11 23:05:00,2948.0,2022-12-09,2022,12,Friday,21:57,23:05,5,5,True,True,0,0,True,2022-12-09 21:53:00,2022-12-09 21:57:00,2022-12-11 23:05:00,2022-12-11 23:09:00,1797.322,1797.455,1795.942,1796.101,1797.59,1796.856,1796.547,1795.765,-1.51299999999992
UNCLASSIFIED,,2022-12-16 21:57:00,2022-12-18 23:05:00,2948.0,2022-12-16,2022,12,Friday,21:57,23:05,5,5,True,True,0,0,True,2022-12-16 21:53:00,2022-12-16 21:57:00,2022-12-18 23:05:00,2022-12-18 23:09:00,1793.105,1793.062,1792.453,1792.847,1793.373,1792.88,1793.006,1791.957,-0.6089999999999236
UNCLASSIFIED,,2022-12-22 21:57:00,2022-12-23 00:17:00,140.0,2022-12-22,2022,12,Thursday,21:57,00:17,5,5,True,True,0,0,True,2022-12-22 21:53:00,2022-12-22 21:57:00,2022-12-23 00:17:00,2022-12-23 00:21:00,1792.382,1792.449,1793.241,1793.854,1792.706,1792.357,1794.616,1792.74,0.7919999999999163
UNCLASSIFIED,,2022-12-23 21:57:00,2022-12-26 23:01:00,4384.0,2022-12-23,2022,12,Friday,21:57,23:01,5,5,True,True,0,0,True,2022-12-23 21:53:00,2022-12-23 21:57:00,2022-12-26 23:01:00,2022-12-26 23:05:00,1798.219,1798.469,1799.575,1799.947,1798.785,1798.213,1799.949,1799.248,1.1059999999999945
UNCLASSIFIED,,2022-12-30 21:57:00,2023-01-02 23:01:00,4384.0,2022-12-30,2022,12,Friday,21:57,23:01,5,5,True,True,0,0,True,2022-12-30 21:53:00,2022-12-30 21:57:00,2023-01-02 23:01:00,2023-01-02 23:05:00,1824.548,1823.51,1825.968,1829.425,1824.66,1823.51,1829.655,1825.663,2.4580000000000837
UNCLASSIFIED,,2023-01-06 21:57:00,2023-01-08 23:05:00,2948.0,2023-01-06,2023,1,Friday,21:57,23:05,5,5,True,True,0,0,True,2023-01-06 21:53:00,2023-01-06 21:57:00,2023-01-08 23:05:00,2023-01-08 23:09:00,1866.433,1865.989,1866.736,1867.107,1866.742,1865.772,1867.57,1866.716,0.7470000000000709
UNCLASSIFIED,,2023-01-13 21:57:00,2023-01-15 23:05:00,2948.0,2023-01-13,2023,1,Friday,21:57,23:05,5,5,True,True,0,0,True,2023-01-13 21:53:00,2023-01-13 21:57:00,2023-01-15 23:05:00,2023-01-15 23:09:00,1921.003,1920.251,1919.066,1919.91,1921.003,1920.219,1919.944,1918.581,-1.1849999999999454
UNCLASSIFIED,,2023-01-16 19:29:00,2023-01-16 23:01:00,212.0,2023-01-16,2023,1,Monday,19:29,23:01,5,5,True,True,0,0,True,2023-01-16 19:25:00,2023-01-16 19:29:00,2023-01-16 23:01:00,2023-01-16 23:05:00,1915.323,1915.082,1914.926,1916.327,1915.401,1915.075,1916.327,1914.918,-0.15600000000017644
UNCLASSIFIED,,2023-01-20 21:57:00,2023-01-22 23:05:00,2948.0,2023-01-20,2023,1,Friday,21:57,23:05,5,5,True,True,0,0,True,2023-01-20 21:53:00,2023-01-20 21:57:00,2023-01-22 23:05:00,2023-01-22 23:09:00,1927.135,1925.916,1924.243,1925.954,1927.156,1925.9,1926.151,1924.189,-1.6730000000000018
UNCLASSIFIED,,2023-01-27 21:57:00,2023-01-29 23:05:00,2948.0,2023-01-27,2023,1,Friday,21:57,23:05,5,5,True,True,0,0,True,2023-01-27 21:53:00,2023-01-27 21:57:00,2023-01-29 23:05:00,2023-01-29 23:09:00,1928.514,1928.265,1926.737,1927.174,1928.764,1927.701,1928.542,1926.424,-1.52800000000002
UNCLASSIFIED,,2023-02-03 16:13:00,2023-02-03 16:15:00,2.0,2023-02-03,2023,2,Friday,16:13,16:15,5,5,True,True,0,0,True,2023-02-03 16:09:00,2023-02-03 16:13:00,2023-02-03 16:15:00,2023-02-03 16:19:00,1871.511,1870.238,1870.712,1867.297,1871.736,1870.2,1870.747,1867.081,0.4739999999999327
UNCLASSIFIED,,2023-02-03 16:36:00,2023-02-03 16:38:00,2.0,2023-02-03,2023,2,Friday,16:36,16:38,5,5,True,True,0,0,True,2023-02-03 16:32:00,2023-02-03 16:36:00,2023-02-03 16:38:00,2023-02-03 16:42:00,1866.604,1866.865,1866.22,1868.562,1866.872,1865.764,1868.723,1865.737,-0.6449999999999818
UNCLASSIFIED,,2023-02-03 21:57:00,2023-02-05 23:05:00,2948.0,2023-02-03,2023,2,Friday,21:57,23:05,5,5,True,True,0,0,True,2023-02-03 21:53:00,2023-02-03 21:57:00,2023-02-05 23:05:00,2023-02-05 23:09:00,1865.99,1865.705,1864.169,1866.259,1866.055,1865.347,1866.259,1863.892,-1.5359999999998308
UNCLASSIFIED,,2023-02-06 02:44:00,2023-02-06 02:46:00,2.0,2023-02-06,2023,2,Monday,02:44,02:46,5,5,True,True,0,0,True,2023-02-06 02:40:00,2023-02-06 02:44:00,2023-02-06 02:46:00,2023-02-06 02:50:00,1874.318,1874.909,1874.908,1873.045,1875.266,1874.318,1874.983,1872.897,-0.0010000000002037268
UNCLASSIFIED,,2023-02-06 02:52:00,2023-02-06 02:55:00,3.0,2023-02-06,2023,2,Monday,02:52,02:55,5,5,True,True,0,0,True,2023-02-06 02:48:00,2023-02-06 02:52:00,2023-02-06 02:55:00,2023-02-06 02:59:00,1873.779,1873.463,1873.466,1873.452,1873.789,1872.897,1873.609,1872.917,0.0029999999999290594
UNCLASSIFIED,,2023-02-06 10:58:00,2023-02-06 11:00:00,2.0,2023-02-06,2023,2,Monday,10:58,11:00,5,5,True,True,0,0,True,2023-02-06 10:54:00,2023-02-06 10:58:00,2023-02-06 11:00:00,2023-02-06 11:04:00,1872.879,1872.566,1872.578,1872.36,1873.211,1872.29,1872.605,1871.871,0.011999999999943611
UNCLASSIFIED,,2023-02-06 11:15:00,2023-02-06 11:17:00,2.0,2023-02-06,2023,2,Monday,11:15,11:17,5,5,True,True,0,0,True,2023-02-06 11:11:00,2023-02-06 11:15:00,2023-02-06 11:17:00,2023-02-06 11:21:00,1871.449,1871.412,1871.448,1871.688,1871.695,1871.192,1871.874,1871.197,0.03600000000005821
UNCLASSIFIED,,2023-02-06 15:46:00,2023-02-06 15:48:00,2.0,2023-02-06,2023,2,Monday,15:46,15:48,5,5,True,True,0,0,True,2023-02-06 15:42:00,2023-02-06 15:46:00,2023-02-06 15:48:00,2023-02-06 15:52:00,1867.699,1866.235,1866.204,1865.89,1867.716,1865.709,1866.457,1862.934,-0.03099999999994907
UNCLASSIFIED,,2023-02-06 16:07:00,2023-02-06 16:09:00,2.0,2023-02-06,2023,2,Monday,16:07,16:09,5,5,True,True,0,0,True,2023-02-06 16:03:00,2023-02-06 16:07:00,2023-02-06 16:09:00,2023-02-06 16:13:00,1865.755,1868.713,1868.746,1866.848,1868.98,1865.57,1868.865,1866.129,0.03300000000012915
UNCLASSIFIED,,2023-02-10 21:57:00,2023-02-12 23:05:00,2948.0,2023-02-10,2023,2,Friday,21:57,23:05,5,5,True,True,0,0,True,2023-02-10 21:53:00,2023-02-10 21:57:00,2023-02-12 23:05:00,2023-02-12 23:09:00,1865.448,1865.314,1863.97,1864.67,1865.685,1865.141,1865.29,1863.97,-1.344000000000051
UNCLASSIFIED,,2023-02-17 21:57:00,2023-02-19 23:05:00,2948.0,2023-02-17,2023,2,Friday,21:57,23:05,5,5,True,True,0,0,True,2023-02-17 21:53:00,2023-02-17 21:57:00,2023-02-19 23:05:00,2023-02-19 23:09:00,1841.665,1842.499,1841.163,1840.877,1842.512,1841.513,1841.687,1840.682,-1.3360000000000127
UNCLASSIFIED,,2023-02-20 19:14:00,2023-02-20 23:01:00,227.0,2023-02-20,2023,2,Monday,19:14,23:01,5,5,True,True,0,0,True,2023-02-20 19:10:00,2023-02-20 19:14:00,2023-02-20 23:01:00,2023-02-20 23:05:00,1840.865,1841.069,1841.31,1841.945,1841.069,1840.737,1842.04,1841.212,0.24099999999998545
UNCLASSIFIED,,2023-02-24 21:57:00,2023-02-26 23:05:00,2948.0,2023-02-24,2023,2,Friday,21:57,23:05,5,5,True,True,0,0,True,2023-02-24 21:53:00,2023-02-24 21:57:00,2023-02-26 23:05:00,2023-02-26 23:09:00,1810.91,1810.778,1811.892,1811.599,1811.215,1810.715,1812.224,1811.464,1.1140000000000327
UNCLASSIFIED,,2023-03-01 21:48:00,2023-03-01 21:50:00,2.0,2023-03-01,2023,3,Wednesday,21:48,21:50,5,5,True,True,0,0,True,2023-03-01 21:44:00,2023-03-01 21:48:00,2023-03-01 21:50:00,2023-03-01 21:54:00,1837.02,1837.051,1837.05,1836.723,1837.166,1836.95,1837.177,1836.671,-0.0009999999999763531
UNCLASSIFIED,,2023-03-03 21:57:00,2023-03-05 23:05:00,2948.0,2023-03-03,2023,3,Friday,21:57,23:05,5,5,True,True,0,0,True,2023-03-03 21:53:00,2023-03-03 21:57:00,2023-03-05 23:05:00,2023-03-05 23:09:00,1855.105,1855.265,1853.694,1853.496,1855.265,1854.634,1854.076,1853.462,-1.57100000000014
UNCLASSIFIED,,2023-03-10 21:57:00,2023-03-12 22:05:00,2888.0,2023-03-10,2023,3,Friday,21:57,22:05,5,5,True,True,0,0,True,2023-03-10 21:53:00,2023-03-10 21:57:00,2023-03-12 22:05:00,2023-03-12 22:09:00,1867.434,1867.109,1883.238,1887.729,1868.136,1866.963,1894.368,1883.238,16.129000000000133
UNCLASSIFIED,,2023-03-15 20:57:00,2023-03-15 23:01:00,124.0,2023-03-15,2023,3,Wednesday,20:57,23:01,5,5,True,True,0,0,True,2023-03-15 20:53:00,2023-03-15 20:57:00,2023-03-15 23:01:00,2023-03-15 23:05:00,1918.116,1918.554,1920.109,1921.206,1918.593,1917.96,1921.206,1920.053,1.5549999999998363
UNCLASSIFIED,,2023-03-16 16:15:00,2023-03-16 16:29:00,14.0,2023-03-16,2023,3,Thursday,16:15,16:29,5,5,True,True,0,0,True,2023-03-16 16:11:00,2023-03-16 16:15:00,2023-03-16 16:29:00,2023-03-16 16:33:00,1917.642,1918.083,1918.622,1918.959,1918.245,1916.161,1920.333,1917.715,0.5389999999999873
UNCLASSIFIED,,2023-03-17 20:57:00,2023-03-19 22:05:00,2948.0,2023-03-17,2023,3,Friday,20:57,22:05,5,5,True,True,0,0,True,2023-03-17 20:53:00,2023-03-17 20:57:00,2023-03-19 22:05:00,2023-03-19 22:09:00,1984.892,1988.129,1985.925,1983.0,1988.311,1984.803,1986.02,1982.565,-2.203999999999951
UNCLASSIFIED,,2023-03-24 20:57:00,2023-03-26 22:05:00,2948.0,2023-03-24,2023,3,Friday,20:57,22:05,5,5,True,True,0,0,True,2023-03-24 20:53:00,2023-03-24 20:57:00,2023-03-26 22:05:00,2023-03-26 22:09:00,1977.397,1978.777,1976.4,1972.839,1979.016,1977.124,1976.45,1969.153,-2.3769999999999527
UNCLASSIFIED,,2023-03-31 20:57:00,2023-04-02 22:05:00,2948.0,2023-03-31,2023,3,Friday,20:57,22:05,5,5,True,True,0,0,True,2023-03-31 20:53:00,2023-03-31 20:57:00,2023-04-02 22:05:00,2023-04-02 22:09:00,1969.793,1969.376,1966.275,1966.269,1969.836,1969.174,1967.407,1963.567,-3.1009999999998854
UNCLASSIFIED,,2023-04-03 07:21:00,2023-04-03 07:41:00,20.0,2023-04-03,2023,4,Monday,07:21,07:41,5,5,True,True,0,0,True,2023-04-03 07:17:00,2023-04-03 07:21:00,2023-04-03 07:41:00,2023-04-03 07:45:00,1958.912,1959.772,1960.427,1959.478,1960.348,1958.789,1960.67,1959.207,0.6549999999999727
UNCLASSIFIED,,2023-04-06 20:57:00,2023-04-09 22:05:00,4388.0,2023-04-06,2023,4,Thursday,20:57,22:05,5,5,True,True,0,0,True,2023-04-06 20:53:00,2023-04-06 20:57:00,2023-04-09 22:05:00,2023-04-09 22:09:00,2007.815,2007.761,1997.006,1998.553,2007.994,2007.466,1998.845,1995.817,-10.754999999999882
UNCLASSIFIED,,2023-04-14 20:57:00,2023-04-16 22:05:00,2948.0,2023-04-14,2023,4,Friday,20:57,22:05,5,5,True,True,0,0,True,2023-04-14 20:53:00,2023-04-14 20:57:00,2023-04-16 22:05:00,2023-04-16 22:09:00,2004.361,2004.252,2001.207,2004.549,2004.889,2003.937,2005.006,2001.207,-3.0449999999998454
UNCLASSIFIED,,2023-04-21 20:57:00,2023-04-23 22:05:00,2948.0,2023-04-21,2023,4,Friday,20:57,22:05,5,5,True,True,0,0,True,2023-04-21 20:53:00,2023-04-21 20:57:00,2023-04-23 22:05:00,2023-04-23 22:09:00,1982.542,1982.886,1982.082,1981.883,1983.15,1981.73,1982.277,1981.789,-0.8039999999998599
UNCLASSIFIED,,2023-04-28 20:57:00,2023-04-30 22:05:00,2948.0,2023-04-28,2023,4,Friday,20:57,22:05,5,5,True,True,0,0,True,2023-04-28 20:53:00,2023-04-28 20:57:00,2023-04-30 22:05:00,2023-04-30 22:09:00,1989.638,1989.376,1989.602,1990.398,1989.827,1989.228,1990.413,1989.602,0.22600000000011278
UNCLASSIFIED,,2023-05-05 20:57:00,2023-05-07 22:05:00,2948.0,2023-05-05,2023,5,Friday,20:57,22:05,5,5,True,True,0,0,True,2023-05-05 20:53:00,2023-05-05 20:57:00,2023-05-07 22:05:00,2023-05-07 22:09:00,2016.345,2016.65,2016.428,2015.08,2016.68,2015.723,2016.495,2014.933,-0.22199999999998
UNCLASSIFIED,,2023-05-12 20:57:00,2023-05-14 22:05:00,2948.0,2023-05-12,2023,5,Friday,20:57,22:05,5,5,True,True,0,0,True,2023-05-12 20:53:00,2023-05-12 20:57:00,2023-05-14 22:05:00,2023-05-14 22:09:00,2010.923,2010.912,2008.664,2010.658,2011.161,2010.77,2010.743,2008.664,-2.2480000000000473
UNCLASSIFIED,,2023-05-19 20:57:00,2023-05-21 22:05:00,2948.0,2023-05-19,2023,5,Friday,20:57,22:05,5,5,True,True,0,0,True,2023-05-19 20:53:00,2023-05-19 20:57:00,2023-05-21 22:05:00,2023-05-21 22:09:00,1977.416,1977.703,1978.005,1979.824,1977.776,1977.403,1979.824,1978.005,0.3020000000001346
UNCLASSIFIED,,2023-05-26 20:57:00,2023-05-28 22:05:00,2948.0,2023-05-26,2023,5,Friday,20:57,22:05,5,5,True,True,0,0,True,2023-05-26 20:53:00,2023-05-26 20:57:00,2023-05-28 22:05:00,2023-05-28 22:09:00,1946.841,1946.834,1943.265,1944.516,1946.937,1946.197,1944.516,1943.237,-3.56899999999996
UNCLASSIFIED,,2023-05-29 17:13:00,2023-05-29 22:01:00,288.0,2023-05-29,2023,5,Monday,17:13,22:01,5,5,True,True,0,0,True,2023-05-29 17:09:00,2023-05-29 17:13:00,2023-05-29 22:01:00,2023-05-29 22:05:00,1943.389,1943.627,1943.445,1943.188,1943.723,1943.389,1943.853,1943.111,-0.18200000000001637
UNCLASSIFIED,,2023-06-02 20:57:00,2023-06-04 22:05:00,2948.0,2023-06-02,2023,6,Friday,20:57,22:05,5,5,True,True,0,0,True,2023-06-02 20:53:00,2023-06-02 20:57:00,2023-06-04 22:05:00,2023-06-04 22:09:00,1948.349,1947.992,1947.366,1948.612,1948.488,1947.58,1948.652,1947.297,-0.6259999999999764
UNCLASSIFIED,,2023-06-09 20:57:00,2023-06-11 22:05:00,2948.0,2023-06-09,2023,6,Friday,20:57,22:05,5,5,True,True,0,0,True,2023-06-09 20:53:00,2023-06-09 20:57:00,2023-06-11 22:05:00,2023-06-11 22:09:00,1960.789,1960.64,1959.592,1959.724,1960.789,1960.491,1959.821,1959.44,-1.0480000000000018
UNCLASSIFIED,,2023-06-16 20:57:00,2023-06-18 22:05:00,2948.0,2023-06-16,2023,6,Friday,20:57,22:05,5,5,True,True,0,0,True,2023-06-16 20:53:00,2023-06-16 20:57:00,2023-06-18 22:05:00,2023-06-18 22:09:00,1957.907,1957.441,1958.5,1957.504,1957.907,1957.285,1958.561,1957.498,1.058999999999969
UNCLASSIFIED,,2023-06-19 17:13:00,2023-06-19 22:01:00,288.0,2023-06-19,2023,6,Monday,17:13,22:01,5,5,True,True,0,0,True,2023-06-19 17:09:00,2023-06-19 17:13:00,2023-06-19 22:01:00,2023-06-19 22:05:00,1950.279,1949.958,1950.701,1951.436,1950.362,1949.723,1951.509,1950.641,0.7429999999999382
UNCLASSIFIED,,2023-06-23 20:57:00,2023-06-25 22:05:00,2948.0,2023-06-23,2023,6,Friday,20:57,22:05,5,5,True,True,0,0,True,2023-06-23 20:53:00,2023-06-23 20:57:00,2023-06-25 22:05:00,2023-06-25 22:09:00,1920.495,1921.192,1922.951,1923.676,1921.682,1920.092,1923.881,1922.9,1.7590000000000146
UNCLASSIFIED,,2023-06-30 20:57:00,2023-07-02 22:05:00,2948.0,2023-06-30,2023,6,Friday,20:57,22:05,5,5,True,True,0,0,True,2023-06-30 20:53:00,2023-06-30 20:57:00,2023-07-02 22:05:00,2023-07-02 22:09:00,1919.245,1919.333,1918.499,1918.909,1919.5,1918.873,1919.019,1918.248,-0.83400000000006
UNCLASSIFIED,,2023-07-04 18:13:00,2023-07-04 22:01:00,228.0,2023-07-04,2023,7,Tuesday,18:13,22:01,5,5,True,True,0,0,True,2023-07-04 18:09:00,2023-07-04 18:13:00,2023-07-04 22:01:00,2023-07-04 22:05:00,1925.335,1924.993,1925.509,1926.271,1925.622,1924.928,1926.271,1925.509,0.5160000000000764
UNCLASSIFIED,,2023-07-07 20:57:00,2023-07-09 22:05:00,2948.0,2023-07-07,2023,7,Friday,20:57,22:05,5,5,True,True,0,0,True,2023-07-07 20:53:00,2023-07-07 20:57:00,2023-07-09 22:05:00,2023-07-09 22:09:00,1925.059,1925.339,1925.288,1926.816,1925.41,1924.994,1926.914,1925.246,-0.05099999999993088
UNCLASSIFIED,,2023-07-14 20:57:00,2023-07-16 22:05:00,2948.0,2023-07-14,2023,7,Friday,20:57,22:05,5,5,True,True,0,0,True,2023-07-14 20:53:00,2023-07-14 20:57:00,2023-07-16 22:05:00,2023-07-16 22:09:00,1955.554,1955.223,1954.975,1954.129,1955.64,1954.926,1954.975,1953.931,-0.2480000000000473
UNCLASSIFIED,,2023-07-21 20:57:00,2023-07-23 22:05:00,2948.0,2023-07-21,2023,7,Friday,20:57,22:05,5,5,True,True,0,0,True,2023-07-21 20:53:00,2023-07-21 20:57:00,2023-07-23 22:05:00,2023-07-23 22:09:00,1961.968,1961.851,1962.228,1962.681,1962.09,1961.698,1962.882,1962.218,0.3769999999999527
UNCLASSIFIED,,2023-07-28 20:57:00,2023-07-30 22:05:00,2948.0,2023-07-28,2023,7,Friday,20:57,22:05,5,5,True,True,0,0,True,2023-07-28 20:53:00,2023-07-28 20:57:00,2023-07-30 22:05:00,2023-07-30 22:09:00,1959.398,1959.184,1959.875,1959.685,1959.398,1958.905,1959.957,1959.478,0.6910000000000309
UNCLASSIFIED,,2023-08-04 20:57:00,2023-08-06 22:05:00,2948.0,2023-08-04,2023,8,Friday,20:57,22:05,5,5,True,True,0,0,True,2023-08-04 20:53:00,2023-08-04 20:57:00,2023-08-06 22:05:00,2023-08-06 22:09:00,1943.193,1942.483,1942.56,1943.525,1943.2,1942.143,1943.525,1942.415,0.07699999999999818
UNCLASSIFIED,,2023-08-11 20:57:00,2023-08-13 22:05:00,2948.0,2023-08-11,2023,8,Friday,20:57,22:05,5,5,True,True,0,0,True,2023-08-11 20:53:00,2023-08-11 20:57:00,2023-08-13 22:05:00,2023-08-13 22:09:00,1913.823,1913.786,1913.666,1913.981,1913.993,1913.472,1914.167,1913.35,-0.12000000000011823
UNCLASSIFIED,,2023-08-18 20:57:00,2023-08-20 22:05:00,2948.0,2023-08-18,2023,8,Friday,20:57,22:05,5,5,True,True,0,0,True,2023-08-18 20:53:00,2023-08-18 20:57:00,2023-08-20 22:05:00,2023-08-20 22:09:00,1889.498,1889.529,1889.357,1890.287,1889.935,1889.18,1890.53,1889.283,-0.17200000000002547
UNCLASSIFIED,,2023-08-25 20:57:00,2023-08-27 22:05:00,2948.0,2023-08-25,2023,8,Friday,20:57,22:05,5,5,True,True,0,0,True,2023-08-25 20:53:00,2023-08-25 20:57:00,2023-08-27 22:05:00,2023-08-27 22:09:00,1914.761,1914.321,1915.974,1915.627,1914.761,1913.862,1916.019,1915.198,1.65300000000002
UNCLASSIFIED,,2023-09-01 20:57:00,2023-09-03 22:05:00,2948.0,2023-09-01,2023,9,Friday,20:57,22:05,5,5,True,True,0,0,True,2023-09-01 20:53:00,2023-09-01 20:57:00,2023-09-03 22:05:00,2023-09-03 22:09:00,1940.007,1939.704,1939.987,1940.047,1940.007,1939.225,1940.127,1939.982,0.28300000000012915
UNCLASSIFIED,,2023-09-04 17:13:00,2023-09-04 22:01:00,288.0,2023-09-04,2023,9,Monday,17:13,22:01,5,5,True,True,0,0,True,2023-09-04 17:09:00,2023-09-04 17:13:00,2023-09-04 22:01:00,2023-09-04 22:05:00,1938.116,1938.118,1938.457,1938.668,1938.231,1938.086,1938.727,1938.457,0.33900000000016917
UNCLASSIFIED,,2023-09-08 20:57:00,2023-09-10 22:05:00,2948.0,2023-09-08,2023,9,Friday,20:57,22:05,5,5,True,True,0,0,True,2023-09-08 20:53:00,2023-09-08 20:57:00,2023-09-10 22:05:00,2023-09-10 22:09:00,1919.211,1918.973,1919.621,1919.208,1919.248,1918.933,1919.653,1918.94,0.6480000000001382
UNCLASSIFIED,,2023-09-15 20:57:00,2023-09-17 22:05:00,2948.0,2023-09-15,2023,9,Friday,20:57,22:05,5,5,True,True,0,0,True,2023-09-15 20:53:00,2023-09-15 20:57:00,2023-09-17 22:05:00,2023-09-17 22:09:00,1923.84,1923.831,1924.077,1924.103,1923.865,1923.372,1924.53,1924.003,0.2460000000000946
UNCLASSIFIED,,2023-09-22 20:57:00,2023-09-24 22:05:00,2948.0,2023-09-22,2023,9,Friday,20:57,22:05,5,5,True,True,0,0,True,2023-09-22 20:53:00,2023-09-22 20:57:00,2023-09-24 22:05:00,2023-09-24 22:09:00,1925.41,1925.231,1926.116,1926.058,1925.41,1924.937,1926.228,1925.771,0.8849999999999909
UNCLASSIFIED,,2023-09-29 20:57:00,2023-10-01 22:05:00,2948.0,2023-09-29,2023,9,Friday,20:57,22:05,5,5,True,True,0,0,True,2023-09-29 20:53:00,2023-09-29 20:57:00,2023-10-01 22:05:00,2023-10-01 22:09:00,1849.127,1848.796,1847.284,1847.8,1849.286,1848.626,1848.269,1847.052,-1.5119999999999436
UNCLASSIFIED,,2023-10-06 20:57:00,2023-10-08 22:05:00,2948.0,2023-10-06,2023,10,Friday,20:57,22:05,5,5,True,True,0,0,True,2023-10-06 20:53:00,2023-10-06 20:57:00,2023-10-08 22:05:00,2023-10-08 22:09:00,1831.715,1831.9,1853.39,1853.776,1831.936,1831.394,1854.643,1850.734,21.49000000000001
UNCLASSIFIED,,2023-10-10 19:14:00,2023-10-10 19:22:00,8.0,2023-10-10,2023,10,Tuesday,19:14,19:22,5,5,True,True,0,0,True,2023-10-10 19:10:00,2023-10-10 19:14:00,2023-10-10 19:22:00,2023-10-10 19:26:00,1859.111,1859.199,1859.153,1859.403,1859.435,1859.001,1859.584,1858.968,-0.04600000000004911
UNCLASSIFIED,,2023-10-13 20:57:00,2023-10-15 22:05:00,2948.0,2023-10-13,2023,10,Friday,20:57,22:05,5,5,True,True,0,0,True,2023-10-13 20:53:00,2023-10-13 20:57:00,2023-10-15 22:05:00,2023-10-15 22:09:00,1929.797,1932.217,1927.521,1925.105,1932.593,1929.708,1927.521,1925.105,-4.69600000000014
UNCLASSIFIED,,2023-10-20 20:57:00,2023-10-22 22:05:00,2948.0,2023-10-20,2023,10,Friday,20:57,22:05,5,5,True,True,0,0,True,2023-10-20 20:53:00,2023-10-20 20:57:00,2023-10-22 22:05:00,2023-10-22 22:09:00,1981.023,1980.751,1972.732,1974.548,1981.301,1980.197,1976.41,1972.732,-8.019000000000005
UNCLASSIFIED,,2023-10-27 20:57:00,2023-10-29 22:05:00,2948.0,2023-10-27,2023,10,Friday,20:57,22:05,5,5,True,True,0,0,True,2023-10-27 20:53:00,2023-10-27 20:57:00,2023-10-29 22:05:00,2023-10-29 22:09:00,2005.571,2006.048,2002.954,2003.783,2006.225,2005.536,2004.391,2001.129,-3.094000000000051
UNCLASSIFIED,,2023-11-03 20:57:00,2023-11-05 23:05:00,3008.0,2023-11-03,2023,11,Friday,20:57,23:05,5,5,True,True,0,0,True,2023-11-03 20:53:00,2023-11-03 20:57:00,2023-11-05 23:05:00,2023-11-05 23:09:00,1992.42,1992.517,1991.419,1991.413,1992.646,1992.303,1991.579,1991.089,-1.0979999999999563
UNCLASSIFIED,,2023-11-10 21:57:00,2023-11-12 23:05:00,2948.0,2023-11-10,2023,11,Friday,21:57,23:05,5,5,True,True,0,0,True,2023-11-10 21:53:00,2023-11-10 21:57:00,2023-11-12 23:05:00,2023-11-12 23:09:00,1937.327,1938.354,1941.002,1940.591,1938.905,1937.15,1941.299,1940.385,2.647999999999911
UNCLASSIFIED,,2023-11-17 21:57:00,2023-11-19 23:05:00,2948.0,2023-11-17,2023,11,Friday,21:57,23:05,5,5,True,True,0,0,True,2023-11-17 21:53:00,2023-11-17 21:57:00,2023-11-19 23:05:00,2023-11-19 23:09:00,1980.514,1980.631,1977.456,1978.347,1980.675,1980.344,1978.518,1977.425,-3.175000000000182
UNCLASSIFIED,,2023-11-22 17:04:00,2023-11-22 17:07:00,3.0,2023-11-22,2023,11,Wednesday,17:04,17:07,5,5,True,True,0,0,True,2023-11-22 17:00:00,2023-11-22 17:04:00,2023-11-22 17:07:00,2023-11-22 17:11:00,1991.074,1990.83,1989.598,1989.195,1991.449,1990.455,1989.882,1988.602,-1.231999999999971
UNCLASSIFIED,,2023-11-23 18:14:00,2023-11-23 23:01:00,287.0,2023-11-23,2023,11,Thursday,18:14,23:01,5,5,True,True,0,0,True,2023-11-23 18:10:00,2023-11-23 18:14:00,2023-11-23 23:01:00,2023-11-23 23:05:00,1992.496,1992.078,1992.54,1992.887,1992.513,1991.931,1993.213,1992.48,0.4619999999999891
UNCLASSIFIED,,2023-11-24 18:29:00,2023-11-26 23:05:00,3156.0,2023-11-24,2023,11,Friday,18:29,23:05,5,5,True,True,0,0,True,2023-11-24 18:25:00,2023-11-24 18:29:00,2023-11-26 23:05:00,2023-11-26 23:09:00,2001.046,2002.207,2000.888,2001.22,2002.207,2000.768,2001.756,2000.484,-1.3190000000001874
UNCLASSIFIED,,2023-12-01 21:57:00,2023-12-03 23:05:00,2948.0,2023-12-01,2023,12,Friday,21:57,23:05,5,5,True,True,0,0,True,2023-12-01 21:53:00,2023-12-01 21:57:00,2023-12-03 23:05:00,2023-12-03 23:09:00,2071.218,2071.613,2074.106,2073.338,2071.665,2071.013,2074.439,2071.644,2.493000000000393
UNCLASSIFIED,,2023-12-08 21:57:00,2023-12-10 23:05:00,2948.0,2023-12-08,2023,12,Friday,21:57,23:05,5,5,True,True,0,0,True,2023-12-08 21:53:00,2023-12-08 21:57:00,2023-12-10 23:05:00,2023-12-10 23:09:00,2004.443,2004.339,2005.584,2007.247,2004.531,2003.686,2007.516,2005.579,1.2450000000001182
UNCLASSIFIED,,2023-12-12 10:33:00,2023-12-12 10:41:00,8.0,2023-12-12,2023,12,Tuesday,10:33,10:41,5,5,True,True,0,0,True,2023-12-12 10:29:00,2023-12-12 10:33:00,2023-12-12 10:41:00,2023-12-12 10:45:00,1986.741,1987.106,1987.757,1987.691,1987.483,1986.556,1988.236,1987.383,0.6510000000000673
UNCLASSIFIED,,2023-12-15 21:57:00,2023-12-17 23:05:00,2948.0,2023-12-15,2023,12,Friday,21:57,23:05,5,5,True,True,0,0,True,2023-12-15 21:53:00,2023-12-15 21:57:00,2023-12-17 23:05:00,2023-12-17 23:09:00,2018.588,2019.491,2019.802,2019.673,2019.545,2018.104,2020.084,2019.377,0.3109999999999218
UNCLASSIFIED,,2023-12-22 21:57:00,2023-12-25 23:05:00,4388.0,2023-12-22,2023,12,Friday,21:57,23:05,5,5,True,True,0,0,True,2023-12-22 21:53:00,2023-12-22 21:57:00,2023-12-25 23:05:00,2023-12-25 23:09:00,2053.059,2053.095,2057.319,2054.393,2053.239,2052.754,2057.454,2054.304,4.22400000000016
UNCLASSIFIED,,2023-12-29 21:57:00,2024-01-01 23:05:00,4388.0,2023-12-29,2023,12,Friday,21:57,23:05,5,5,True,True,0,0,True,2023-12-29 21:53:00,2023-12-29 21:57:00,2024-01-01 23:05:00,2024-01-01 23:09:00,2063.113,2062.838,2064.593,2063.904,2063.304,2062.448,2064.672,2063.297,1.7549999999996544
UNCLASSIFIED,,2024-01-05 21:57:00,2024-01-07 23:05:00,2948.0,2024-01-05,2024,1,Friday,21:57,23:05,5,5,True,True,0,0,True,2024-01-05 21:53:00,2024-01-05 21:57:00,2024-01-07 23:05:00,2024-01-07 23:09:00,2045.965,2045.474,2044.577,2045.41,2045.965,2044.956,2045.56,2044.465,-0.8969999999999345
UNCLASSIFIED,,2024-01-12 21:57:00,2024-01-14 23:05:00,2948.0,2024-01-12,2024,1,Friday,21:57,23:05,5,5,True,True,0,0,True,2024-01-12 21:53:00,2024-01-12 21:57:00,2024-01-14 23:05:00,2024-01-14 23:09:00,2049.013,2049.032,2048.13,2048.14,2049.2,2048.201,2048.548,2047.601,-0.9020000000000437
UNCLASSIFIED,,2024-01-15 19:14:00,2024-01-15 23:01:00,227.0,2024-01-15,2024,1,Monday,19:14,23:01,5,5,True,True,0,0,True,2024-01-15 19:10:00,2024-01-15 19:14:00,2024-01-15 23:01:00,2024-01-15 23:05:00,2054.169,2053.94,2054.529,2054.986,2054.488,2053.907,2055.075,2053.418,0.5889999999999418
UNCLASSIFIED,,2024-01-19 21:57:00,2024-01-21 23:05:00,2948.0,2024-01-19,2024,1,Friday,21:57,23:05,5,5,True,True,0,0,True,2024-01-19 21:53:00,2024-01-19 21:57:00,2024-01-21 23:05:00,2024-01-21 23:09:00,2029.671,2029.452,2028.529,2028.156,2029.799,2029.098,2028.562,2027.217,-0.9230000000000018
UNCLASSIFIED,,2024-01-24 21:47:00,2024-01-24 21:49:00,2.0,2024-01-24,2024,1,Wednesday,21:47,21:49,5,5,True,True,0,0,True,2024-01-24 21:43:00,2024-01-24 21:47:00,2024-01-24 21:49:00,2024-01-24 21:53:00,2012.507,2012.47,2012.693,2013.781,2012.568,2012.135,2013.83,2012.538,0.22299999999995634
UNCLASSIFIED,,2024-01-26 21:56:00,2024-01-28 23:05:00,2949.0,2024-01-26,2024,1,Friday,21:56,23:05,5,5,True,True,0,0,True,2024-01-26 21:52:00,2024-01-26 21:56:00,2024-01-28 23:05:00,2024-01-28 23:09:00,2018.638,2018.469,2023.424,2026.237,2018.768,2018.132,2026.593,2023.235,4.954999999999927
UNCLASSIFIED,,2024-02-02 21:57:00,2024-02-04 23:05:00,2948.0,2024-02-02,2024,2,Friday,21:57,23:05,5,5,True,True,0,0,True,2024-02-02 21:53:00,2024-02-02 21:57:00,2024-02-04 23:05:00,2024-02-04 23:09:00,2039.244,2039.609,2041.781,2039.886,2039.79,2039.072,2042.211,2039.886,2.1720000000000255
UNCLASSIFIED,,2024-02-07 21:47:00,2024-02-07 21:49:00,2.0,2024-02-07,2024,2,Wednesday,21:47,21:49,5,5,True,True,0,0,True,2024-02-07 21:43:00,2024-02-07 21:47:00,2024-02-07 21:49:00,2024-02-07 21:53:00,2034.099,2034.634,2034.452,2034.729,2034.685,2034.099,2034.8,2034.384,-0.18200000000001637
UNCLASSIFIED,,2024-02-09 21:56:00,2024-02-11 23:05:00,2949.0,2024-02-09,2024,2,Friday,21:56,23:05,5,5,True,True,0,0,True,2024-02-09 21:52:00,2024-02-09 21:56:00,2024-02-11 23:05:00,2024-02-11 23:09:00,2024.493,2024.192,2026.346,2026.138,2024.63,2023.892,2026.706,2026.081,2.1539999999999964
UNCLASSIFIED,,2024-02-14 21:47:00,2024-02-14 21:49:00,2.0,2024-02-14,2024,2,Wednesday,21:47,21:49,5,5,True,True,0,0,True,2024-02-14 21:43:00,2024-02-14 21:47:00,2024-02-14 21:49:00,2024-02-14 21:53:00,1991.622,1992.04,1992.327,1992.153,1992.042,1991.562,1992.908,1991.8,0.28700000000003456
UNCLASSIFIED,,2024-02-16 21:56:00,2024-02-18 23:05:00,2949.0,2024-02-16,2024,2,Friday,21:56,23:05,5,5,True,True,0,0,True,2024-02-16 21:52:00,2024-02-16 21:56:00,2024-02-18 23:05:00,2024-02-18 23:09:00,2013.711,2013.269,2012.706,2012.815,2013.99,2013.174,2014.526,2010.762,-0.5630000000001019
UNCLASSIFIED,,2024-02-19 19:13:00,2024-02-19 23:01:00,228.0,2024-02-19,2024,2,Monday,19:13,23:01,5,5,True,True,0,0,True,2024-02-19 19:09:00,2024-02-19 19:13:00,2024-02-19 23:01:00,2024-02-19 23:05:00,2017.703,2017.878,2017.244,2016.699,2018.02,2017.703,2017.37,2016.399,-0.6340000000000146
UNCLASSIFIED,,2024-02-21 21:47:00,2024-02-21 21:49:00,2.0,2024-02-21,2024,2,Wednesday,21:47,21:49,5,5,True,True,0,0,True,2024-02-21 21:43:00,2024-02-21 21:47:00,2024-02-21 21:49:00,2024-02-21 21:53:00,2025.33,2025.219,2024.979,2025.684,2025.919,2025.207,2025.771,2024.95,-0.2400000000000091
UNCLASSIFIED,,2024-02-23 21:56:00,2024-02-25 23:05:00,2949.0,2024-02-23,2024,2,Friday,21:56,23:05,5,5,True,True,0,0,True,2024-02-23 21:52:00,2024-02-23 21:56:00,2024-02-25 23:05:00,2024-02-25 23:09:00,2036.01,2035.524,2033.24,2034.231,2036.223,2035.493,2034.317,2033.179,-2.283999999999878
UNCLASSIFIED,,2024-02-28 21:47:00,2024-02-28 21:49:00,2.0,2024-02-28,2024,2,Wednesday,21:47,21:49,5,5,True,True,0,0,True,2024-02-28 21:43:00,2024-02-28 21:47:00,2024-02-28 21:49:00,2024-02-28 21:53:00,2034.476,2034.781,2034.891,2034.743,2035.245,2034.419,2035.058,2034.718,0.11000000000012733
UNCLASSIFIED,,2024-03-01 21:56:00,2024-03-03 23:05:00,2949.0,2024-03-01,2024,3,Friday,21:56,23:05,5,5,True,True,0,0,True,2024-03-01 21:52:00,2024-03-01 21:56:00,2024-03-03 23:05:00,2024-03-03 23:09:00,2083.806,2083.315,2082.522,2084.063,2084.01,2083.086,2084.063,2082.522,-0.79300000000012
UNCLASSIFIED,,2024-03-06 21:47:00,2024-03-06 21:49:00,2.0,2024-03-06,2024,3,Wednesday,21:47,21:49,5,5,True,True,0,0,True,2024-03-06 21:43:00,2024-03-06 21:47:00,2024-03-06 21:49:00,2024-03-06 21:53:00,2147.027,2148.026,2148.401,2148.672,2148.287,2147.017,2149.306,2148.008,0.375
UNCLASSIFIED,,2024-03-08 21:56:00,2024-03-10 22:05:00,2889.0,2024-03-08,2024,3,Friday,21:56,22:05,5,5,True,True,0,0,True,2024-03-08 21:52:00,2024-03-08 21:56:00,2024-03-10 22:05:00,2024-03-10 22:09:00,2177.906,2178.501,2179.559,2180.934,2179.048,2177.859,2181.059,2179.559,1.0579999999999927
UNCLASSIFIED,,2024-03-15 20:56:00,2024-03-17 22:05:00,2949.0,2024-03-15,2024,3,Friday,20:56,22:05,5,5,True,True,0,0,True,2024-03-15 20:52:00,2024-03-15 20:56:00,2024-03-17 22:05:00,2024-03-17 22:09:00,2155.961,2155.698,2153.279,2155.403,2156.393,2155.698,2155.687,2153.079,-2.418999999999869
UNCLASSIFIED,,2024-03-20 22:16:00,2024-03-20 22:26:00,10.0,2024-03-20,2024,3,Wednesday,22:16,22:26,5,5,True,True,0,0,True,2024-03-20 22:12:00,2024-03-20 22:16:00,2024-03-20 22:26:00,2024-03-20 22:30:00,2191.555,2211.005,2206.613,2206.168,2211.005,2191.406,2208.886,2206.007,-4.39200000000028
UNCLASSIFIED,,2024-03-22 20:56:00,2024-03-24 22:05:00,2949.0,2024-03-22,2024,3,Friday,20:56,22:05,5,5,True,True,0,0,True,2024-03-22 20:52:00,2024-03-22 20:56:00,2024-03-24 22:05:00,2024-03-24 22:09:00,2165.166,2165.338,2166.313,2167.489,2165.681,2165.148,2167.58,2165.841,0.974999999999909
UNCLASSIFIED,,2024-03-28 20:56:00,2024-03-31 22:05:00,4389.0,2024-03-28,2024,3,Thursday,20:56,22:05,5,5,True,True,0,0,True,2024-03-28 20:52:00,2024-03-28 20:56:00,2024-03-31 22:05:00,2024-03-31 22:09:00,2228.124,2232.586,2239.644,2241.95,2234.354,2227.792,2243.127,2238.423,7.057999999999993
UNCLASSIFIED,,2024-04-05 20:56:00,2024-04-07 22:05:00,2949.0,2024-04-05,2024,4,Friday,20:56,22:05,5,5,True,True,0,0,True,2024-04-05 20:52:00,2024-04-05 20:56:00,2024-04-07 22:05:00,2024-04-07 22:09:00,2329.222,2329.355,2327.315,2320.966,2329.995,2327.92,2328.569,2320.399,-2.0399999999999636
UNCLASSIFIED,,2024-04-12 20:56:00,2024-04-14 22:09:00,2953.0,2024-04-12,2024,4,Friday,20:56,22:09,5,5,True,True,0,0,True,2024-04-12 20:52:00,2024-04-12 20:56:00,2024-04-14 22:09:00,2024-04-14 22:13:00,2344.109,2344.382,2369.105,2367.768,2345.17,2343.532,2371.92,2361.536,24.722999999999956
UNCLASSIFIED,,2024-04-19 20:56:00,2024-04-21 22:05:00,2949.0,2024-04-19,2024,4,Friday,20:56,22:05,5,5,True,True,0,0,True,2024-04-19 20:52:00,2024-04-19 20:56:00,2024-04-21 22:05:00,2024-04-21 22:09:00,2390.526,2390.677,2384.011,2387.077,2391.101,2390.135,2388.596,2383.828,-6.666000000000167
UNCLASSIFIED,,2024-04-26 20:57:00,2024-04-28 22:05:00,2948.0,2024-04-26,2024,4,Friday,20:57,22:05,5,5,True,True,0,0,True,2024-04-26 20:53:00,2024-04-26 20:57:00,2024-04-28 22:05:00,2024-04-28 22:09:00,2337.236,2337.792,2333.884,2334.014,2337.951,2337.119,2334.493,2332.475,-3.9079999999999018
UNCLASSIFIED,,2024-05-03 20:57:00,2024-05-05 22:05:00,2948.0,2024-05-03,2024,5,Friday,20:57,22:05,5,5,True,True,0,0,True,2024-05-03 20:53:00,2024-05-03 20:57:00,2024-05-05 22:05:00,2024-05-05 22:09:00,2302.408,2301.626,2302.321,2302.581,2302.488,2301.546,2303.289,2301.994,0.694999999999709
UNCLASSIFIED,,2024-05-10 20:57:00,2024-05-12 22:05:00,2948.0,2024-05-10,2024,5,Friday,20:57,22:05,5,5,True,True,0,0,True,2024-05-10 20:53:00,2024-05-10 20:57:00,2024-05-12 22:05:00,2024-05-12 22:09:00,2360.839,2360.449,2361.401,2362.247,2361.112,2360.154,2363.088,2361.206,0.9519999999997708
UNCLASSIFIED,,2024-05-17 20:57:00,2024-05-19 22:05:00,2948.0,2024-05-17,2024,5,Friday,20:57,22:05,5,5,True,True,0,0,True,2024-05-17 20:53:00,2024-05-17 20:57:00,2024-05-19 22:05:00,2024-05-19 22:09:00,2415.262,2413.933,2425.202,2418.741,2415.566,2413.417,2425.202,2418.415,11.269000000000233
UNCLASSIFIED,,2024-05-24 20:57:00,2024-05-26 22:05:00,2948.0,2024-05-24,2024,5,Friday,20:57,22:05,5,5,True,True,0,0,True,2024-05-24 20:53:00,2024-05-24 20:57:00,2024-05-26 22:05:00,2024-05-26 22:09:00,2334.814,2333.783,2335.785,2336.938,2334.827,2333.307,2337.19,2335.57,2.0019999999999527
UNCLASSIFIED,,2024-05-27 17:14:00,2024-05-27 22:05:00,291.0,2024-05-27,2024,5,Monday,17:14,22:05,5,5,True,True,0,0,True,2024-05-27 17:10:00,2024-05-27 17:14:00,2024-05-27 22:05:00,2024-05-27 22:09:00,2353.838,2353.899,2352.085,2352.16,2354.091,2353.644,2352.353,2351.89,-1.8139999999998508
UNCLASSIFIED,,2024-05-31 20:57:00,2024-06-02 22:05:00,2948.0,2024-05-31,2024,5,Friday,20:57,22:05,5,5,True,True,0,0,True,2024-05-31 20:53:00,2024-05-31 20:57:00,2024-06-02 22:05:00,2024-06-02 22:09:00,2328.585,2327.192,2328.496,2327.013,2328.728,2326.996,2328.774,2326.572,1.3040000000000873
UNCLASSIFIED,,2024-06-07 08:29:00,2024-06-07 08:39:00,10.0,2024-06-07,2024,6,Friday,08:29,08:39,5,5,True,True,0,0,True,2024-06-07 08:25:00,2024-06-07 08:29:00,2024-06-07 08:39:00,2024-06-07 08:43:00,2356.834,2354.46,2346.579,2347.781,2357.267,2354.384,2348.19,2342.541,-7.880999999999858
UNCLASSIFIED,,2024-06-07 20:57:00,2024-06-09 22:05:00,2948.0,2024-06-07,2024,6,Friday,20:57,22:05,5,5,True,True,0,0,True,2024-06-07 20:53:00,2024-06-07 20:57:00,2024-06-09 22:05:00,2024-06-09 22:09:00,2293.404,2293.796,2290.431,2294.622,2294.077,2292.886,2295.01,2290.38,-3.3649999999997817
UNCLASSIFIED,,2024-06-14 20:57:00,2024-06-16 22:05:00,2948.0,2024-06-14,2024,6,Friday,20:57,22:05,5,5,True,True,0,0,True,2024-06-14 20:53:00,2024-06-14 20:57:00,2024-06-16 22:05:00,2024-06-16 22:09:00,2332.849,2332.824,2331.087,2331.033,2333.064,2332.407,2331.485,2330.814,-1.73700000000008
UNCLASSIFIED,,2024-06-19 17:14:00,2024-06-19 22:05:00,291.0,2024-06-19,2024,6,Wednesday,17:14,22:05,5,5,True,True,0,0,True,2024-06-19 17:10:00,2024-06-19 17:14:00,2024-06-19 22:05:00,2024-06-19 22:09:00,2330.757,2329.971,2329.947,2329.443,2330.804,2329.84,2330.246,2329.088,-0.023999999999887223
UNCLASSIFIED,,2024-06-21 20:57:00,2024-06-23 22:05:00,2948.0,2024-06-21,2024,6,Friday,20:57,22:05,5,5,True,True,0,0,True,2024-06-21 20:53:00,2024-06-21 20:57:00,2024-06-23 22:05:00,2024-06-23 22:09:00,2321.492,2321.502,2321.11,2320.897,2321.698,2321.117,2321.824,2320.897,-0.3919999999998254
UNCLASSIFIED,,2024-06-28 20:57:00,2024-06-30 22:05:00,2948.0,2024-06-28,2024,6,Friday,20:57,22:05,5,5,True,True,0,0,True,2024-06-28 20:53:00,2024-06-28 20:57:00,2024-06-30 22:05:00,2024-06-30 22:09:00,2325.902,2326.638,2322.849,2325.114,2326.829,2325.839,2325.394,2322.84,-3.78899999999976
UNCLASSIFIED,,2024-07-03 06:07:00,2024-07-03 06:09:00,2.0,2024-07-03,2024,7,Wednesday,06:07,06:09,5,5,True,True,0,0,True,2024-07-03 06:03:00,2024-07-03 06:07:00,2024-07-03 06:09:00,2024-07-03 06:13:00,2333.876,2334.845,2333.482,2334.607,2335.383,2333.596,2334.607,2332.864,-1.362999999999829
UNCLASSIFIED,,2024-07-04 17:14:00,2024-07-04 22:05:00,291.0,2024-07-04,2024,7,Thursday,17:14,22:05,5,5,True,True,0,0,True,2024-07-04 17:10:00,2024-07-04 17:14:00,2024-07-04 22:05:00,2024-07-04 22:09:00,2357.39,2357.23,2357.034,2357.103,2357.496,2357.225,2357.274,2356.751,-0.1959999999999127
UNCLASSIFIED,,2024-07-05 20:57:00,2024-07-07 22:05:00,2948.0,2024-07-05,2024,7,Friday,20:57,22:05,5,5,True,True,0,0,True,2024-07-05 20:53:00,2024-07-05 20:57:00,2024-07-07 22:05:00,2024-07-07 22:09:00,2390.985,2391.563,2389.584,2389.446,2391.626,2390.641,2390.035,2388.897,-1.9790000000002692
UNCLASSIFIED,,2024-07-12 20:57:00,2024-07-14 22:05:00,2948.0,2024-07-12,2024,7,Friday,20:57,22:05,5,5,True,True,0,0,True,2024-07-12 20:53:00,2024-07-12 20:57:00,2024-07-14 22:05:00,2024-07-14 22:09:00,2411.762,2411.399,2411.618,2411.0,2411.762,2411.262,2412.245,2410.74,0.21900000000005093
UNCLASSIFIED,,2024-07-19 20:57:00,2024-07-21 22:05:00,2948.0,2024-07-19,2024,7,Friday,20:57,22:05,5,5,True,True,0,0,True,2024-07-19 20:53:00,2024-07-19 20:57:00,2024-07-21 22:05:00,2024-07-21 22:09:00,2399.633,2400.45,2403.68,2403.614,2400.55,2399.294,2403.885,2402.487,3.230000000000018
UNCLASSIFIED,,2024-07-26 20:57:00,2024-07-28 22:05:00,2948.0,2024-07-26,2024,7,Friday,20:57,22:05,5,5,True,True,0,0,True,2024-07-26 20:53:00,2024-07-26 20:57:00,2024-07-28 22:05:00,2024-07-28 22:09:00,2388.04,2387.114,2387.944,2389.838,2388.652,2386.98,2390.209,2387.857,0.8299999999999272
UNCLASSIFIED,,2024-08-02 20:57:00,2024-08-04 22:05:00,2948.0,2024-08-02,2024,8,Friday,20:57,22:05,5,5,True,True,0,0,True,2024-08-02 20:53:00,2024-08-02 20:57:00,2024-08-04 22:05:00,2024-08-04 22:09:00,2440.818,2441.892,2441.02,2444.508,2442.473,2440.746,2445.06,2437.915,-0.8719999999998436
UNCLASSIFIED,,2024-08-09 20:57:00,2024-08-11 22:05:00,2948.0,2024-08-09,2024,8,Friday,20:57,22:05,5,5,True,True,0,0,True,2024-08-09 20:53:00,2024-08-09 20:57:00,2024-08-11 22:05:00,2024-08-11 22:09:00,2430.922,2430.805,2428.332,2428.607,2431.172,2430.645,2429.401,2428.042,-2.4729999999999563
UNCLASSIFIED,,2024-08-16 20:57:00,2024-08-18 22:05:00,2948.0,2024-08-16,2024,8,Friday,20:57,22:05,5,5,True,True,0,0,True,2024-08-16 20:53:00,2024-08-16 20:57:00,2024-08-18 22:05:00,2024-08-18 22:09:00,2506.856,2507.82,2506.461,2505.006,2507.961,2506.487,2506.573,2502.795,-1.3590000000003783
UNCLASSIFIED,,2024-08-23 20:57:00,2024-08-25 22:05:00,2948.0,2024-08-23,2024,8,Friday,20:57,22:05,5,5,True,True,0,0,True,2024-08-23 20:53:00,2024-08-23 20:57:00,2024-08-25 22:05:00,2024-08-25 22:09:00,2511.727,2512.357,2512.067,2514.38,2512.463,2511.543,2514.615,2511.612,-0.2899999999999636
UNCLASSIFIED,,2024-08-30 20:57:00,2024-09-01 22:05:00,2948.0,2024-08-30,2024,8,Friday,20:57,22:05,5,5,True,True,0,0,True,2024-08-30 20:53:00,2024-08-30 20:57:00,2024-09-01 22:05:00,2024-09-01 22:09:00,2503.073,2503.342,2502.485,2504.166,2503.578,2502.969,2504.177,2502.382,-0.8569999999999709
UNCLASSIFIED,,2024-09-02 17:29:00,2024-09-02 22:05:00,276.0,2024-09-02,2024,9,Monday,17:29,22:05,5,5,True,True,0,0,True,2024-09-02 17:25:00,2024-09-02 17:29:00,2024-09-02 22:05:00,2024-09-02 22:09:00,2500.354,2500.085,2499.525,2498.769,2500.354,2499.768,2499.708,2498.463,-0.5599999999999454
UNCLASSIFIED,,2024-09-06 20:57:00,2024-09-08 22:05:00,2948.0,2024-09-06,2024,9,Friday,20:57,22:05,5,5,True,True,0,0,True,2024-09-06 20:53:00,2024-09-06 20:57:00,2024-09-08 22:05:00,2024-09-08 22:09:00,2497.433,2497.523,2497.038,2497.711,2497.683,2496.798,2498.007,2496.865,-0.48500000000012733
UNCLASSIFIED,,2024-09-11 04:34:00,2024-09-11 04:42:00,8.0,2024-09-11,2024,9,Wednesday,04:34,04:42,5,5,True,True,0,0,True,2024-09-11 04:30:00,2024-09-11 04:34:00,2024-09-11 04:42:00,2024-09-11 04:46:00,2519.265,2519.265,2519.43,2519.495,2519.806,2518.952,2519.667,2519.252,0.16499999999996362
UNCLASSIFIED,,2024-09-13 20:57:00,2024-09-15 22:05:00,2948.0,2024-09-13,2024,9,Friday,20:57,22:05,5,5,True,True,0,0,True,2024-09-13 20:53:00,2024-09-13 20:57:00,2024-09-15 22:05:00,2024-09-15 22:09:00,2579.807,2579.067,2578.456,2577.846,2580.033,2577.704,2579.571,2577.545,-0.6109999999998763
UNCLASSIFIED,,2024-09-20 20:57:00,2024-09-22 22:05:00,2948.0,2024-09-20,2024,9,Friday,20:57,22:05,5,5,True,True,0,0,True,2024-09-20 20:53:00,2024-09-20 20:57:00,2024-09-22 22:05:00,2024-09-22 22:09:00,2622.048,2622.098,2620.944,2621.159,2622.509,2621.515,2622.128,2620.68,-1.1539999999999964
UNCLASSIFIED,,2024-09-27 20:57:00,2024-09-29 22:05:00,2948.0,2024-09-27,2024,9,Friday,20:57,22:05,5,5,True,True,0,0,True,2024-09-27 20:53:00,2024-09-27 20:57:00,2024-09-29 22:05:00,2024-09-29 22:09:00,2658.482,2657.983,2661.714,2662.183,2660.009,2657.955,2663.065,2659.762,3.730999999999767
UNCLASSIFIED,,2024-10-04 20:57:00,2024-10-06 22:05:00,2948.0,2024-10-04,2024,10,Friday,20:57,22:05,5,5,True,True,0,0,True,2024-10-04 20:53:00,2024-10-04 20:57:00,2024-10-06 22:05:00,2024-10-06 22:09:00,2652.715,2653.488,2651.575,2650.909,2653.995,2652.515,2651.575,2650.126,-1.913000000000011
UNCLASSIFIED,,2024-10-11 20:57:00,2024-10-13 22:05:00,2948.0,2024-10-11,2024,10,Friday,20:57,22:05,5,5,True,True,0,0,True,2024-10-11 20:53:00,2024-10-11 20:57:00,2024-10-13 22:05:00,2024-10-13 22:09:00,2656.998,2656.836,2650.086,2649.907,2657.207,2656.268,2652.462,2649.156,-6.75
UNCLASSIFIED,,2024-10-18 20:57:00,2024-10-20 22:05:00,2948.0,2024-10-18,2024,10,Friday,20:57,22:05,5,5,True,True,0,0,True,2024-10-18 20:53:00,2024-10-18 20:57:00,2024-10-20 22:05:00,2024-10-20 22:09:00,2722.314,2721.778,2723.092,2721.267,2722.412,2721.56,2723.224,2720.179,1.3140000000003056
UNCLASSIFIED,,2024-10-25 20:57:00,2024-10-27 22:05:00,2948.0,2024-10-25,2024,10,Friday,20:57,22:05,5,5,True,True,0,0,True,2024-10-25 20:53:00,2024-10-25 20:57:00,2024-10-27 22:05:00,2024-10-27 22:09:00,2746.758,2747.023,2733.443,2733.906,2747.702,2746.356,2735.751,2733.359,-13.579999999999927
UNCLASSIFIED,,2024-11-01 20:57:00,2024-11-03 23:05:00,3008.0,2024-11-01,2024,11,Friday,20:57,23:05,5,5,True,True,0,0,True,2024-11-01 20:53:00,2024-11-01 20:57:00,2024-11-03 23:05:00,2024-11-03 23:09:00,2735.217,2736.69,2732.846,2735.009,2736.773,2734.95,2735.934,2732.577,-3.844000000000051
UNCLASSIFIED,,2024-11-08 21:57:00,2024-11-10 23:05:00,2948.0,2024-11-08,2024,11,Friday,21:57,23:05,5,5,True,True,0,0,True,2024-11-08 21:53:00,2024-11-08 21:57:00,2024-11-10 23:05:00,2024-11-10 23:09:00,2684.472,2684.758,2683.161,2682.921,2685.043,2683.943,2683.27,2681.526,-1.5969999999997526
UNCLASSIFIED,,2024-11-15 21:57:00,2024-11-17 23:05:00,2948.0,2024-11-15,2024,11,Friday,21:57,23:05,5,5,True,True,0,0,True,2024-11-15 21:53:00,2024-11-15 21:57:00,2024-11-17 23:05:00,2024-11-17 23:09:00,2561.828,2562.969,2568.027,2570.583,2563.702,2561.509,2570.942,2568.027,5.057999999999993
UNCLASSIFIED,,2024-11-22 21:57:00,2024-11-24 23:05:00,2948.0,2024-11-22,2024,11,Friday,21:57,23:05,5,5,True,True,0,0,True,2024-11-22 21:53:00,2024-11-22 21:57:00,2024-11-24 23:05:00,2024-11-24 23:09:00,2714.102,2715.573,2711.186,2713.731,2715.662,2713.964,2714.018,2710.748,-4.386999999999716
UNCLASSIFIED,,2024-11-28 18:14:00,2024-11-28 23:05:00,291.0,2024-11-28,2024,11,Thursday,18:14,23:05,5,5,True,True,0,0,True,2024-11-28 18:10:00,2024-11-28 18:14:00,2024-11-28 23:05:00,2024-11-28 23:09:00,2640.777,2640.603,2638.68,2638.508,2640.835,2640.292,2639.142,2638.333,-1.9230000000002292
UNCLASSIFIED,,2024-11-29 18:29:00,2024-12-01 23:05:00,3156.0,2024-11-29,2024,11,Friday,18:29,23:05,5,5,True,True,0,0,True,2024-11-29 18:25:00,2024-11-29 18:29:00,2024-12-01 23:05:00,2024-12-01 23:09:00,2659.502,2655.23,2649.036,2648.634,2659.619,2655.23,2649.684,2648.055,-6.19399999999996
UNCLASSIFIED,,2024-12-06 21:57:00,2024-12-08 23:05:00,2948.0,2024-12-06,2024,12,Friday,21:57,23:05,5,5,True,True,0,0,True,2024-12-06 21:53:00,2024-12-06 21:57:00,2024-12-08 23:05:00,2024-12-08 23:09:00,2633.221,2632.914,2642.963,2643.905,2633.368,2632.23,2648.524,2642.676,10.048999999999978
UNCLASSIFIED,,2024-12-11 07:56:00,2024-12-11 08:05:00,9.0,2024-12-11,2024,12,Wednesday,07:56,08:05,5,5,True,True,0,0,True,2024-12-11 07:52:00,2024-12-11 07:56:00,2024-12-11 08:05:00,2024-12-11 08:09:00,2691.299,2690.644,2690.435,2691.699,2691.33,2690.191,2692.482,2690.218,-0.20899999999983265
UNCLASSIFIED,,2024-12-11 08:38:00,2024-12-11 08:40:00,2.0,2024-12-11,2024,12,Wednesday,08:38,08:40,5,5,True,True,0,0,True,2024-12-11 08:34:00,2024-12-11 08:38:00,2024-12-11 08:40:00,2024-12-11 08:44:00,2695.431,2695.379,2695.001,2693.304,2695.695,2694.749,2695.18,2693.034,-0.3779999999997017
UNCLASSIFIED,,2024-12-13 21:57:00,2024-12-15 23:05:00,2948.0,2024-12-13,2024,12,Friday,21:57,23:05,5,5,True,True,0,0,True,2024-12-13 21:53:00,2024-12-13 21:57:00,2024-12-15 23:05:00,2024-12-15 23:09:00,2648.84,2648.392,2649.414,2649.729,2649.31,2648.112,2649.887,2648.833,1.0220000000003893
UNCLASSIFIED,,2024-12-20 21:57:00,2024-12-22 23:05:00,2948.0,2024-12-20,2024,12,Friday,21:57,23:05,5,5,True,True,0,0,True,2024-12-20 21:53:00,2024-12-20 21:57:00,2024-12-22 23:05:00,2024-12-22 23:09:00,2621.748,2622.643,2623.329,2622.416,2623.16,2621.551,2623.466,2621.798,0.6860000000001492
UNCLASSIFIED,,2024-12-24 18:29:00,2024-12-25 23:05:00,1716.0,2024-12-24,2024,12,Tuesday,18:29,23:05,5,5,True,True,0,0,True,2024-12-24 18:25:00,2024-12-24 18:29:00,2024-12-25 23:05:00,2024-12-25 23:09:00,2615.819,2616.713,2615.621,2617.308,2616.713,2614.854,2617.342,2615.371,-1.0920000000000982
UNCLASSIFIED,,2024-12-27 21:57:00,2024-12-29 23:05:00,2948.0,2024-12-27,2024,12,Friday,21:57,23:05,5,5,True,True,0,0,True,2024-12-27 21:53:00,2024-12-27 21:57:00,2024-12-29 23:05:00,2024-12-29 23:09:00,2620.554,2621.623,2621.977,2622.325,2621.98,2619.975,2622.754,2621.632,0.35399999999981446
UNCLASSIFIED,,2024-12-31 21:57:00,2025-01-01 23:05:00,1508.0,2024-12-31,2024,12,Tuesday,21:57,23:05,5,5,True,True,0,0,True,2024-12-31 21:53:00,2024-12-31 21:57:00,2025-01-01 23:05:00,2025-01-01 23:09:00,2624.462,2624.381,2625.179,2625.23,2624.585,2624.167,2625.839,2624.575,0.7980000000002292
UNCLASSIFIED,,2025-01-03 11:45:00,2025-01-03 12:48:00,63.0,2025-01-03,2025,1,Friday,11:45,12:48,5,5,True,True,0,0,True,2025-01-03 11:41:00,2025-01-03 11:45:00,2025-01-03 12:48:00,2025-01-03 12:52:00,2657.708,2658.361,2657.003,2656.4,2658.656,2657.267,2657.461,2656.225,-1.3579999999997199
UNCLASSIFIED,,2025-01-03 21:57:00,2025-01-05 23:05:00,2948.0,2025-01-03,2025,1,Friday,21:57,23:05,5,5,True,True,0,0,True,2025-01-03 21:53:00,2025-01-03 21:57:00,2025-01-05 23:05:00,2025-01-05 23:09:00,2639.478,2640.37,2639.644,2640.883,2640.584,2639.166,2641.008,2639.644,-0.7260000000001128
UNCLASSIFIED,,2025-01-06 21:57:00,2025-01-06 23:05:00,68.0,2025-01-06,2025,1,Monday,21:57,23:05,5,5,True,True,0,0,True,2025-01-06 21:53:00,2025-01-06 21:57:00,2025-01-06 23:05:00,2025-01-06 23:09:00,2636.156,2635.748,2635.92,2635.91,2636.282,2635.65,2636.27,2635.682,0.17200000000002547
UNCLASSIFIED,,2025-01-07 23:01:00,2025-01-07 23:03:00,2.0,2025-01-07,2025,1,Tuesday,23:01,23:03,5,5,True,True,1,0,False,2025-01-07 21:54:00,2025-01-07 23:01:00,2025-01-07 23:03:00,2025-01-07 23:07:00,2647.802,2649.298,2648.696,2648.975,2649.303,2647.802,2649.143,2648.355,-0.6019999999998618
UNCLASSIFIED,,2025-01-08 18:54:00,2025-01-08 19:04:00,10.0,2025-01-08,2025,1,Wednesday,18:54,19:04,5,5,True,True,0,0,True,2025-01-08 18:50:00,2025-01-08 18:54:00,2025-01-08 19:04:00,2025-01-08 19:08:00,2654.209,2651.781,2653.539,2657.026,2654.209,2651.765,2657.897,2653.376,1.7580000000002656
UNCLASSIFIED,,2025-01-08 21:57:00,2025-01-08 23:03:00,66.0,2025-01-08,2025,1,Wednesday,21:57,23:03,5,5,True,True,0,0,True,2025-01-08 21:53:00,2025-01-08 21:57:00,2025-01-08 23:03:00,2025-01-08 23:07:00,2662.575,2661.519,2662.413,2662.315,2663.199,2660.884,2662.888,2662.108,0.8940000000002328
UNCLASSIFIED,,2025-01-10 21:57:00,2025-01-12 23:05:00,2948.0,2025-01-10,2025,1,Friday,21:57,23:05,5,5,True,True,0,0,True,2025-01-10 21:53:00,2025-01-10 21:57:00,2025-01-12 23:05:00,2025-01-12 23:09:00,2689.768,2689.592,2689.769,2690.202,2690.126,2689.175,2690.524,2688.549,0.17699999999967986
UNCLASSIFIED,,2025-01-17 21:57:00,2025-01-19 23:05:00,2948.0,2025-01-17,2025,1,Friday,21:57,23:05,5,5,True,True,0,0,True,2025-01-17 21:53:00,2025-01-17 21:57:00,2025-01-19 23:05:00,2025-01-19 23:09:00,2702.485,2702.879,2702.629,2702.269,2703.285,2702.48,2703.036,2701.395,-0.25
UNCLASSIFIED,,2025-01-20 19:14:00,2025-01-20 23:08:00,234.0,2025-01-20,2025,1,Monday,19:14,23:08,5,5,True,True,0,0,True,2025-01-20 19:10:00,2025-01-20 19:14:00,2025-01-20 23:08:00,2025-01-20 23:12:00,2708.99,2709.157,2708.347,2707.311,2709.402,2708.299,2708.457,2707.024,-0.8099999999999454
UNCLASSIFIED,,2025-01-22 21:57:00,2025-01-22 23:03:00,66.0,2025-01-22,2025,1,Wednesday,21:57,23:03,5,5,True,True,0,0,True,2025-01-22 21:53:00,2025-01-22 21:57:00,2025-01-22 23:03:00,2025-01-22 23:07:00,2755.831,2756.165,2755.935,2755.419,2756.37,2755.748,2756.068,2755.114,-0.2300000000000182
UNCLASSIFIED,,2025-01-24 21:57:00,2025-01-26 23:05:00,2948.0,2025-01-24,2025,1,Friday,21:57,23:05,5,5,True,True,0,0,True,2025-01-24 21:53:00,2025-01-24 21:57:00,2025-01-26 23:05:00,2025-01-26 23:09:00,2771.679,2771.079,2765.65,2767.656,2771.801,2770.948,2769.721,2765.185,-5.429000000000087
UNCLASSIFIED,,2025-01-30 21:57:00,2025-01-30 23:06:00,69.0,2025-01-30,2025,1,Thursday,21:57,23:06,5,5,True,True,0,0,True,2025-01-30 21:53:00,2025-01-30 21:57:00,2025-01-30 23:06:00,2025-01-30 23:10:00,2794.22,2793.385,2794.822,2793.341,2794.733,2792.762,2795.804,2793.146,1.4369999999998981
UNCLASSIFIED,,2025-01-31 21:57:00,2025-02-02 23:05:00,2948.0,2025-01-31,2025,1,Friday,21:57,23:05,5,5,True,True,0,0,True,2025-01-31 21:53:00,2025-01-31 21:57:00,2025-02-02 23:05:00,2025-02-02 23:09:00,2801.871,2799.348,2801.018,2802.605,2802.205,2798.656,2803.96,2798.49,1.6700000000000728
UNCLASSIFIED,,2025-02-03 21:57:00,2025-02-03 23:03:00,66.0,2025-02-03,2025,2,Monday,21:57,23:03,5,5,True,True,0,0,True,2025-02-03 21:53:00,2025-02-03 21:57:00,2025-02-03 23:03:00,2025-02-03 23:07:00,2814.145,2814.436,2813.266,2813.51,2814.703,2812.607,2813.963,2812.188,-1.1700000000000728
UNCLASSIFIED,,2025-02-07 21:57:00,2025-02-09 23:05:00,2948.0,2025-02-07,2025,2,Friday,21:57,23:05,5,5,True,True,0,0,True,2025-02-07 21:53:00,2025-02-07 21:57:00,2025-02-09 23:05:00,2025-02-09 23:09:00,2861.738,2860.971,2861.269,2862.767,2862.137,2860.939,2863.569,2860.088,0.29799999999977445
UNCLASSIFIED,,2025-02-14 21:57:00,2025-02-16 23:05:00,2948.0,2025-02-14,2025,2,Friday,21:57,23:05,5,5,True,True,0,0,True,2025-02-14 21:53:00,2025-02-14 21:57:00,2025-02-16 23:05:00,2025-02-16 23:09:00,2883.134,2882.772,2893.643,2892.845,2883.294,2882.616,2893.714,2889.651,10.871000000000095
UNCLASSIFIED,,2025-02-17 19:14:00,2025-02-17 23:05:00,231.0,2025-02-17,2025,2,Monday,19:14,23:05,5,5,True,True,0,0,True,2025-02-17 19:10:00,2025-02-17 19:14:00,2025-02-17 23:05:00,2025-02-17 23:09:00,2897.836,2897.392,2899.102,2898.31,2897.912,2897.381,2899.164,2898.155,1.7100000000000364
UNCLASSIFIED,,2025-02-18 21:57:00,2025-02-18 23:03:00,66.0,2025-02-18,2025,2,Tuesday,21:57,23:03,5,5,True,True,0,0,True,2025-02-18 21:53:00,2025-02-18 21:57:00,2025-02-18 23:03:00,2025-02-18 23:07:00,2936.112,2935.356,2935.27,2934.941,2936.439,2935.235,2935.663,2934.863,-0.0860000000002401
UNCLASSIFIED,,2025-02-21 21:57:00,2025-02-23 23:05:00,2948.0,2025-02-21,2025,2,Friday,21:57,23:05,5,5,True,True,0,0,True,2025-02-21 21:53:00,2025-02-21 21:57:00,2025-02-23 23:05:00,2025-02-23 23:09:00,2936.414,2936.453,2939.411,2939.757,2936.921,2935.827,2939.852,2937.88,2.9580000000000837
UNCLASSIFIED,,2025-02-28 21:57:00,2025-03-02 23:05:00,2948.0,2025-02-28,2025,2,Friday,21:57,23:05,5,5,True,True,0,0,True,2025-02-28 21:53:00,2025-02-28 21:57:00,2025-03-02 23:05:00,2025-03-02 23:09:00,2858.959,2858.242,2873.556,2873.92,2859.697,2857.499,2874.25,2869.443,15.31399999999985
UNCLASSIFIED,,2025-03-07 21:57:00,2025-03-09 22:05:00,2888.0,2025-03-07,2025,3,Friday,21:57,22:05,5,5,True,True,0,0,True,2025-03-07 21:53:00,2025-03-07 21:57:00,2025-03-09 22:05:00,2025-03-09 22:09:00,2911.951,2911.256,2912.347,2913.779,2912.663,2911.083,2915.145,2912.295,1.0910000000003492
UNCLASSIFIED,,2025-03-14 20:57:00,2025-03-16 22:05:00,2948.0,2025-03-14,2025,3,Friday,20:57,22:05,5,5,True,True,0,0,True,2025-03-14 20:53:00,2025-03-14 20:57:00,2025-03-16 22:05:00,2025-03-16 22:09:00,2987.592,2986.37,2987.601,2986.845,2988.463,2985.345,2987.601,2986.054,1.231000000000222
UNCLASSIFIED,,2025-03-21 20:57:00,2025-03-23 22:05:00,2948.0,2025-03-21,2025,3,Friday,20:57,22:05,5,5,True,True,0,0,True,2025-03-21 20:53:00,2025-03-21 20:57:00,2025-03-23 22:05:00,2025-03-23 22:09:00,3023.178,3023.493,3023.441,3023.885,3023.945,3022.612,3023.885,3022.143,-0.052000000000134605
UNCLASSIFIED,,2025-03-27 19:28:00,2025-03-27 19:31:00,3.0,2025-03-27,2025,3,Thursday,19:28,19:31,5,5,True,True,0,0,True,2025-03-27 19:24:00,2025-03-27 19:28:00,2025-03-27 19:31:00,2025-03-27 19:35:00,3057.061,3057.201,3056.442,3057.021,3057.703,3056.816,3057.213,3056.407,-0.7590000000000146
UNCLASSIFIED,,2025-03-28 20:57:00,2025-03-30 22:05:00,2948.0,2025-03-28,2025,3,Friday,20:57,22:05,5,5,True,True,0,0,True,2025-03-28 20:53:00,2025-03-28 20:57:00,2025-03-30 22:05:00,2025-03-30 22:09:00,3084.669,3085.002,3092.531,3095.83,3085.27,3083.709,3097.843,3091.935,7.528999999999996
UNCLASSIFIED,,2025-04-02 20:57:00,2025-04-02 22:04:00,67.0,2025-04-02,2025,4,Wednesday,20:57,22:04,5,5,True,True,0,0,True,2025-04-02 20:53:00,2025-04-02 20:57:00,2025-04-02 22:04:00,2025-04-02 22:08:00,3132.985,3134.072,3130.015,3140.011,3137.165,3130.201,3142.525,3122.557,-4.057000000000244
UNCLASSIFIED,,2025-04-04 20:57:00,2025-04-06 22:13:00,2956.0,2025-04-04,2025,4,Friday,20:57,22:13,5,5,True,True,0,0,True,2025-04-04 20:53:00,2025-04-04 20:57:00,2025-04-06 22:13:00,2025-04-06 22:17:00,3038.219,3038.506,3028.686,3021.0,3040.497,3036.644,3032.445,3019.562,-9.819999999999709
UNCLASSIFIED,,2025-04-11 20:57:00,2025-04-13 22:05:00,2948.0,2025-04-11,2025,4,Friday,20:57,22:05,5,5,True,True,0,0,True,2025-04-11 20:53:00,2025-04-11 20:57:00,2025-04-13 22:05:00,2025-04-13 22:09:00,3237.979,3237.519,3220.46,3221.116,3238.968,3237.23,3223.04,3215.5,-17.05899999999974
UNCLASSIFIED,,2025-04-14 14:00:00,2025-04-14 14:24:00,24.0,2025-04-14,2025,4,Monday,14:00,14:24,5,5,True,True,0,0,True,2025-04-14 13:56:00,2025-04-14 14:00:00,2025-04-14 14:24:00,2025-04-14 14:28:00,3204.606,3204.339,3202.102,3204.968,3205.961,3201.722,3205.221,3200.39,-2.23700000000008
UNCLASSIFIED,,2025-04-17 20:57:00,2025-04-20 22:05:00,4388.0,2025-04-17,2025,4,Thursday,20:57,22:05,5,5,True,True,0,0,True,2025-04-17 20:53:00,2025-04-17 20:57:00,2025-04-20 22:05:00,2025-04-20 22:09:00,3327.959,3327.671,3331.849,3332.475,3328.838,3327.431,3337.203,3331.288,4.178000000000338
UNCLASSIFIED,,2025-04-24 20:57:00,2025-04-24 22:20:00,83.0,2025-04-24,2025,4,Thursday,20:57,22:20,5,5,True,True,0,0,True,2025-04-24 20:53:00,2025-04-24 20:57:00,2025-04-24 22:20:00,2025-04-24 22:24:00,3347.111,3349.37,3353.183,3354.84,3349.961,3346.672,3358.071,3353.009,3.813000000000102
UNCLASSIFIED,,2025-04-25 20:57:00,2025-04-27 22:05:00,2948.0,2025-04-25,2025,4,Friday,20:57,22:05,5,5,True,True,0,0,True,2025-04-25 20:53:00,2025-04-25 20:57:00,2025-04-27 22:05:00,2025-04-27 22:09:00,3314.571,3318.726,3325.64,3321.72,3319.24,3314.231,3325.64,3321.72,6.91399999999976
UNCLASSIFIED,,2025-04-30 20:57:00,2025-04-30 22:03:00,66.0,2025-04-30,2025,4,Wednesday,20:57,22:03,5,5,True,True,0,0,True,2025-04-30 20:53:00,2025-04-30 20:57:00,2025-04-30 22:03:00,2025-04-30 22:07:00,3288.915,3288.521,3287.87,3285.017,3289.714,3288.135,3288.182,3284.897,-0.6510000000002947
UNCLASSIFIED,,2025-05-02 20:57:00,2025-05-04 22:05:00,2948.0,2025-05-02,2025,5,Friday,20:57,22:05,5,5,True,True,0,0,True,2025-05-02 20:53:00,2025-05-02 20:57:00,2025-05-04 22:05:00,2025-05-04 22:09:00,3240.377,3240.947,3238.49,3239.342,3241.232,3239.863,3241.48,3238.49,-2.4570000000003347
UNCLASSIFIED,,2025-05-06 20:57:00,2025-05-06 22:03:00,66.0,2025-05-06,2025,5,Tuesday,20:57,22:03,5,5,True,True,0,0,True,2025-05-06 20:53:00,2025-05-06 20:57:00,2025-05-06 22:03:00,2025-05-06 22:07:00,3430.972,3430.343,3420.702,3406.625,3435.016,3429.106,3424.802,3405.204,-9.640999999999622
UNCLASSIFIED,,2025-05-09 20:57:00,2025-05-11 22:09:00,2952.0,2025-05-09,2025,5,Friday,20:57,22:09,5,5,True,True,0,0,True,2025-05-09 20:53:00,2025-05-09 20:57:00,2025-05-11 22:09:00,2025-05-11 22:13:00,3327.311,3326.805,3282.255,3285.036,3327.518,3325.142,3292.606,3281.959,-44.54999999999973
UNCLASSIFIED,,2025-05-16 20:57:00,2025-05-18 22:05:00,2948.0,2025-05-16,2025,5,Friday,20:57,22:05,5,5,True,True,0,0,True,2025-05-16 20:53:00,2025-05-16 20:57:00,2025-05-18 22:05:00,2025-05-18 22:09:00,3201.547,3202.217,3214.226,3215.584,3202.381,3199.383,3216.84,3211.645,12.009000000000015
UNCLASSIFIED,,2025-05-23 20:57:00,2025-05-25 22:05:00,2948.0,2025-05-23,2025,5,Friday,20:57,22:05,5,5,True,True,0,0,True,2025-05-23 20:53:00,2025-05-23 20:57:00,2025-05-25 22:05:00,2025-05-25 22:09:00,3359.427,3356.295,3352.094,3348.002,3360.314,3356.103,3352.131,3346.221,-4.201000000000022
UNCLASSIFIED,,2025-05-26 18:14:00,2025-05-26 22:05:00,231.0,2025-05-26,2025,5,Monday,18:14,22:05,5,5,True,True,0,0,True,2025-05-26 18:10:00,2025-05-26 18:14:00,2025-05-26 22:05:00,2025-05-26 22:09:00,3341.512,3341.558,3346.458,3343.56,3341.921,3341.297,3347.697,3343.271,4.900000000000091
UNCLASSIFIED,,2025-05-30 20:57:00,2025-06-01 22:05:00,2948.0,2025-05-30,2025,5,Friday,20:57,22:05,5,5,True,True,0,0,True,2025-05-30 20:53:00,2025-05-30 20:57:00,2025-06-01 22:05:00,2025-06-01 22:09:00,3292.029,3289.665,3303.113,3308.303,3292.112,3288.642,3309.126,3303.0,13.447999999999865
UNCLASSIFIED,,2025-06-06 20:57:00,2025-06-08 22:05:00,2948.0,2025-06-06,2025,6,Friday,20:57,22:05,5,5,True,True,0,0,True,2025-06-06 20:53:00,2025-06-06 20:57:00,2025-06-08 22:05:00,2025-06-08 22:09:00,3310.792,3311.702,3317.821,3318.159,3312.896,3310.792,3321.214,3317.201,6.118999999999687
UNCLASSIFIED,,2025-06-13 20:57:00,2025-06-15 22:05:00,2948.0,2025-06-13,2025,6,Friday,20:57,22:05,5,5,True,True,0,0,True,2025-06-13 20:53:00,2025-06-13 20:57:00,2025-06-15 22:05:00,2025-06-15 22:09:00,3433.075,3433.449,3440.955,3444.113,3434.447,3432.107,3444.348,3438.616,7.505999999999858
UNCLASSIFIED,,2025-06-19 17:14:00,2025-06-19 22:02:00,288.0,2025-06-19,2025,6,Thursday,17:14,22:02,5,5,True,True,0,0,True,2025-06-19 17:10:00,2025-06-19 17:14:00,2025-06-19 22:02:00,2025-06-19 22:06:00,3372.14,3373.455,3369.491,3369.06,3374.14,3372.104,3370.375,3368.212,-3.963999999999942
UNCLASSIFIED,,2025-06-20 20:57:00,2025-06-22 22:05:00,2948.0,2025-06-20,2025,6,Friday,20:57,22:05,5,5,True,True,0,0,True,2025-06-20 20:53:00,2025-06-20 20:57:00,2025-06-22 22:05:00,2025-06-22 22:09:00,3368.416,3368.618,3384.117,3381.196,3369.188,3368.341,3388.928,3380.864,15.499000000000251
UNCLASSIFIED,,2025-06-27 20:57:00,2025-06-29 22:05:00,2948.0,2025-06-27,2025,6,Friday,20:57,22:05,5,5,True,True,0,0,True,2025-06-27 20:53:00,2025-06-27 20:57:00,2025-06-29 22:05:00,2025-06-29 22:09:00,3273.962,3274.598,3272.488,3270.992,3275.474,3273.511,3274.234,3270.891,-2.1100000000001273
UNCLASSIFIED,,2025-07-04 16:44:00,2025-07-06 22:05:00,3201.0,2025-07-04,2025,7,Friday,16:44,22:05,5,5,True,True,0,0,True,2025-07-04 16:40:00,2025-07-04 16:44:00,2025-07-06 22:05:00,2025-07-06 22:09:00,3335.585,3335.07,3341.408,3337.943,3335.958,3334.865,3341.911,3335.988,6.337999999999738
UNCLASSIFIED,,2025-07-11 20:57:00,2025-07-13 22:05:00,2948.0,2025-07-11,2025,7,Friday,20:57,22:05,5,5,True,True,0,0,True,2025-07-11 20:53:00,2025-07-11 20:57:00,2025-07-13 22:05:00,2025-07-13 22:09:00,3358.31,3355.105,3361.295,3361.588,3358.959,3354.815,3362.34,3359.658,6.190000000000055
UNCLASSIFIED,,2025-07-18 20:57:00,2025-07-20 22:05:00,2948.0,2025-07-18,2025,7,Friday,20:57,22:05,5,5,True,True,0,0,True,2025-07-18 20:53:00,2025-07-18 20:57:00,2025-07-20 22:05:00,2025-07-20 22:09:00,3350.231,3350.395,3348.767,3347.114,3350.802,3349.696,3350.115,3346.769,-1.6280000000001564
UNCLASSIFIED,,2025-07-25 20:57:00,2025-07-27 22:05:00,2948.0,2025-07-25,2025,7,Friday,20:57,22:05,5,5,True,True,0,0,True,2025-07-25 20:53:00,2025-07-25 20:57:00,2025-07-27 22:05:00,2025-07-27 22:09:00,3336.509,3336.869,3329.144,3334.485,3337.167,3336.217,3335.366,3329.144,-7.725000000000364
UNCLASSIFIED,,2025-08-01 20:57:00,2025-08-03 22:05:00,2948.0,2025-08-01,2025,8,Friday,20:57,22:05,5,5,True,True,0,0,True,2025-08-01 20:53:00,2025-08-01 20:57:00,2025-08-03 22:05:00,2025-08-03 22:09:00,3362.908,3363.119,3364.339,3363.401,3363.271,3361.684,3364.521,3361.872,1.2199999999998
UNCLASSIFIED,,2025-08-08 20:57:00,2025-08-10 22:05:00,2948.0,2025-08-08,2025,8,Friday,20:57,22:05,5,5,True,True,0,0,True,2025-08-08 20:53:00,2025-08-08 20:57:00,2025-08-10 22:05:00,2025-08-10 22:09:00,3397.646,3398.564,3400.578,3397.561,3398.67,3396.566,3401.819,3395.641,2.0140000000001237
UNCLASSIFIED,,2025-08-15 20:57:00,2025-08-17 22:05:00,2948.0,2025-08-15,2025,8,Friday,20:57,22:05,5,5,True,True,0,0,True,2025-08-15 20:53:00,2025-08-15 20:57:00,2025-08-17 22:05:00,2025-08-17 22:09:00,3336.205,3335.213,3334.569,3333.641,3336.531,3335.141,3335.381,3333.058,-0.6440000000002328
UNCLASSIFIED,,2025-08-22 20:57:00,2025-08-24 22:05:00,2948.0,2025-08-22,2025,8,Friday,20:57,22:05,5,5,True,True,0,0,True,2025-08-22 20:53:00,2025-08-22 20:57:00,2025-08-24 22:05:00,2025-08-24 22:09:00,3371.98,3372.299,3368.744,3368.669,3372.568,3371.008,3370.214,3367.422,-3.5549999999998363
UNCLASSIFIED,,2025-08-29 20:57:00,2025-08-31 22:05:00,2948.0,2025-08-29,2025,8,Friday,20:57,22:05,5,5,True,True,0,0,True,2025-08-29 20:53:00,2025-08-29 20:57:00,2025-08-31 22:05:00,2025-08-31 22:09:00,3447.938,3448.035,3445.866,3443.409,3448.882,3447.763,3446.337,3442.459,-2.168999999999869
UNCLASSIFIED,,2025-09-01 18:14:00,2025-09-01 22:02:00,228.0,2025-09-01,2025,9,Monday,18:14,22:02,5,5,True,True,0,0,True,2025-09-01 18:10:00,2025-09-01 18:14:00,2025-09-01 22:02:00,2025-09-01 22:06:00,3477.317,3476.76,3476.299,3478.52,3477.317,3476.18,3478.913,3475.361,-0.4610000000002401
UNCLASSIFIED,,2025-09-05 20:57:00,2025-09-07 22:05:00,2948.0,2025-09-05,2025,9,Friday,20:57,22:05,5,5,True,True,0,0,True,2025-09-05 20:53:00,2025-09-05 20:57:00,2025-09-07 22:05:00,2025-09-07 22:09:00,3588.496,3586.597,3591.856,3594.361,3588.758,3586.376,3596.716,3590.729,5.2590000000000146
UNCLASSIFIED,,2025-09-12 20:57:00,2025-09-14 22:05:00,2948.0,2025-09-12,2025,9,Friday,20:57,22:05,5,5,True,True,0,0,True,2025-09-12 20:53:00,2025-09-12 20:57:00,2025-09-14 22:05:00,2025-09-14 22:09:00,3643.111,3643.484,3644.61,3644.566,3643.804,3642.576,3645.996,3644.386,1.1260000000002037
UNCLASSIFIED,,2025-09-19 20:57:00,2025-09-21 22:05:00,2948.0,2025-09-19,2025,9,Friday,20:57,22:05,5,5,True,True,0,0,True,2025-09-19 20:53:00,2025-09-19 20:57:00,2025-09-21 22:05:00,2025-09-21 22:09:00,3684.484,3684.861,3687.969,3687.158,3685.038,3684.223,3687.976,3683.776,3.1080000000001746
UNCLASSIFIED,,2025-09-26 20:57:00,2025-09-28 22:05:00,2948.0,2025-09-26,2025,9,Friday,20:57,22:05,5,5,True,True,0,0,True,2025-09-26 20:53:00,2025-09-26 20:57:00,2025-09-28 22:05:00,2025-09-28 22:09:00,3761.318,3761.041,3764.718,3767.211,3762.259,3760.026,3767.211,3763.322,3.67699999999968
UNCLASSIFIED,,2025-10-03 20:57:00,2025-10-05 22:05:00,2948.0,2025-10-03,2025,10,Friday,20:57,22:05,5,5,True,True,0,0,True,2025-10-03 20:53:00,2025-10-03 20:57:00,2025-10-05 22:05:00,2025-10-05 22:09:00,3886.484,3887.045,3888.624,3886.152,3887.045,3886.149,3889.739,3885.964,1.5789999999997235
UNCLASSIFIED,,2025-10-10 20:57:00,2025-10-12 22:05:00,2948.0,2025-10-10,2025,10,Friday,20:57,22:05,5,5,True,True,0,0,True,2025-10-10 20:53:00,2025-10-10 20:57:00,2025-10-12 22:05:00,2025-10-12 22:09:00,4017.642,4010.399,4014.463,4015.314,4020.903,4008.146,4020.633,4008.645,4.064000000000306
UNCLASSIFIED,,2025-10-17 20:57:00,2025-10-19 22:05:00,2948.0,2025-10-17,2025,10,Friday,20:57,22:05,5,5,True,True,0,0,True,2025-10-17 20:53:00,2025-10-17 20:57:00,2025-10-19 22:05:00,2025-10-19 22:09:00,4246.614,4250.936,4264.629,4253.996,4252.702,4246.046,4266.917,4252.142,13.693000000000211
UNCLASSIFIED,,2025-10-24 20:57:00,2025-10-26 22:05:00,2948.0,2025-10-24,2025,10,Friday,20:57,22:05,5,5,True,True,0,0,True,2025-10-24 20:53:00,2025-10-24 20:57:00,2025-10-26 22:05:00,2025-10-26 22:09:00,4113.35,4113.082,4083.589,4089.311,4113.81,4110.659,4091.923,4074.153,-29.493000000000393
UNCLASSIFIED,,2025-10-31 20:57:00,2025-11-02 23:01:00,3004.0,2025-10-31,2025,10,Friday,20:57,23:01,5,5,True,True,0,0,True,2025-10-31 20:53:00,2025-10-31 20:57:00,2025-11-02 23:01:00,2025-11-02 23:05:00,4004.427,4001.621,3990.719,3993.775,4004.695,4001.616,3998.21,3990.07,-10.902000000000044
UNCLASSIFIED,,2025-11-07 21:57:00,2025-11-09 23:01:00,2944.0,2025-11-07,2025,11,Friday,21:57,23:01,5,5,True,True,0,0,True,2025-11-07 21:53:00,2025-11-07 21:57:00,2025-11-09 23:01:00,2025-11-09 23:05:00,4001.643,4001.422,4004.876,4005.78,4002.184,4000.635,4010.532,4004.068,3.4540000000001783
UNCLASSIFIED,,2025-11-11 13:05:00,2025-11-11 13:09:00,4.0,2025-11-11,2025,11,Tuesday,13:05,13:09,5,5,True,True,0,0,True,2025-11-11 13:01:00,2025-11-11 13:05:00,2025-11-11 13:09:00,2025-11-11 13:13:00,4134.875,4135.974,4137.056,4139.994,4137.056,4134.717,4140.268,4137.012,1.0819999999994252
UNCLASSIFIED,,2025-11-14 21:57:00,2025-11-16 23:01:00,2944.0,2025-11-14,2025,11,Friday,21:57,23:01,5,5,True,True,0,0,True,2025-11-14 21:53:00,2025-11-14 21:57:00,2025-11-16 23:01:00,2025-11-16 23:05:00,4083.321,4084.62,4083.755,4079.402,4086.274,4083.06,4093.251,4071.875,-0.8649999999997817
UNCLASSIFIED,,2025-11-21 21:57:00,2025-11-23 23:01:00,2944.0,2025-11-21,2025,11,Friday,21:57,23:01,5,5,True,True,0,0,True,2025-11-21 21:53:00,2025-11-21 21:57:00,2025-11-23 23:01:00,2025-11-23 23:05:00,4063.775,4066.113,4072.469,4070.196,4067.372,4063.775,4072.57,4065.886,6.356000000000222
UNCLASSIFIED,,2025-11-27 19:29:00,2025-11-27 23:01:00,212.0,2025-11-27,2025,11,Thursday,19:29,23:01,5,5,True,True,0,0,True,2025-11-27 19:25:00,2025-11-27 19:29:00,2025-11-27 23:01:00,2025-11-27 23:05:00,4157.925,4157.116,4160.413,4160.309,4158.509,4157.116,4160.413,4158.299,3.2969999999995707
UNCLASSIFIED,,2025-11-28 08:07:00,2025-11-28 08:10:00,3.0,2025-11-28,2025,11,Friday,08:07,08:10,5,5,True,True,0,0,True,2025-11-28 08:03:00,2025-11-28 08:07:00,2025-11-28 08:10:00,2025-11-28 08:14:00,4174.538,4169.825,4160.217,4168.159,4180.139,4149.114,4174.029,4147.529,-9.608000000000175
UNCLASSIFIED,,2025-11-28 08:14:00,2025-11-28 08:55:00,41.0,2025-11-28,2025,11,Friday,08:14,08:55,5,5,True,True,0,1,False,2025-11-28 08:10:00,2025-11-28 08:14:00,2025-11-28 08:55:00,2025-11-28 09:01:00,4160.217,4168.159,4164.053,4167.666,4174.029,4147.529,4173.285,4163.847,-4.105999999999767
UNCLASSIFIED,,2025-11-28 08:55:00,2025-11-28 08:58:00,3.0,2025-11-28,2025,11,Friday,08:55,08:58,5,5,True,True,1,0,False,2025-11-28 08:11:00,2025-11-28 08:55:00,2025-11-28 08:58:00,2025-11-28 09:02:00,4174.029,4163.847,4165.639,4166.983,4174.029,4163.847,4173.285,4165.468,1.792000000000371
UNCLASSIFIED,,2025-11-28 19:44:00,2025-11-30 23:07:00,3083.0,2025-11-28,2025,11,Friday,19:44,23:07,5,5,True,True,0,0,True,2025-11-28 19:40:00,2025-11-28 19:44:00,2025-11-30 23:07:00,2025-11-30 23:11:00,4220.126,4219.212,4219.988,4213.865,4221.274,4219.017,4220.181,4205.826,0.7759999999998399
UNCLASSIFIED,,2025-12-05 21:57:00,2025-12-07 23:07:00,2950.0,2025-12-05,2025,12,Friday,21:57,23:07,5,5,True,True,0,0,True,2025-12-05 21:53:00,2025-12-05 21:57:00,2025-12-07 23:07:00,2025-12-07 23:11:00,4197.079,4198.522,4202.426,4193.094,4199.052,4196.195,4205.142,4191.952,3.904000000000451
UNCLASSIFIED,,2025-12-07 23:15:00,2025-12-07 23:17:00,2.0,2025-12-07,2025,12,Sunday,23:15,23:17,5,5,True,True,0,1,False,2025-12-07 23:11:00,2025-12-07 23:15:00,2025-12-07 23:17:00,2025-12-07 23:24:00,4193.094,4198.338,4197.947,4195.183,4202.29,4192.84,4208.658,4194.217,-0.39099999999962165
UNCLASSIFIED,,2025-12-07 23:17:00,2025-12-07 23:21:00,4.0,2025-12-07,2025,12,Sunday,23:17,23:21,5,5,True,True,1,0,False,2025-12-07 23:12:00,2025-12-07 23:17:00,2025-12-07 23:21:00,2025-12-07 23:25:00,4193.475,4198.281,4198.045,4205.527,4202.29,4192.84,4208.658,4194.217,-0.2359999999998763
UNCLASSIFIED,,2025-12-07 23:28:00,2025-12-07 23:49:00,21.0,2025-12-07,2025,12,Sunday,23:28,23:49,5,5,True,True,0,0,True,2025-12-07 23:24:00,2025-12-07 23:28:00,2025-12-07 23:49:00,2025-12-07 23:53:00,4195.801,4199.288,4200.674,4200.854,4208.304,4190.004,4202.736,4199.409,1.386000000000422
UNCLASSIFIED,,2025-12-11 21:57:00,2025-12-11 23:03:00,66.0,2025-12-11,2025,12,Thursday,21:57,23:03,5,5,True,True,0,0,True,2025-12-11 21:53:00,2025-12-11 21:57:00,2025-12-11 23:03:00,2025-12-11 23:07:00,4282.67,4280.179,4282.929,4282.685,4282.828,4278.917,4283.069,4281.906,2.75
UNCLASSIFIED,,2025-12-12 21:57:00,2025-12-14 23:03:00,2946.0,2025-12-12,2025,12,Friday,21:57,23:03,5,5,True,True,0,0,True,2025-12-12 21:53:00,2025-12-12 21:57:00,2025-12-14 23:03:00,2025-12-14 23:07:00,4301.245,4300.983,4300.525,4305.951,4301.337,4299.372,4306.307,4299.86,-0.4580000000005384
UNCLASSIFIED,,2025-12-17 23:02:00,2025-12-17 23:10:00,8.0,2025-12-17,2025,12,Wednesday,23:02,23:10,5,5,True,True,1,0,False,2025-12-17 21:56:00,2025-12-17 23:02:00,2025-12-17 23:10:00,2025-12-17 23:14:00,4339.498,4340.708,4336.699,4336.096,4340.762,4338.27,4338.713,4335.662,-4.0090000000000146
UNCLASSIFIED,,2025-12-19 21:57:00,2025-12-21 23:04:00,2947.0,2025-12-19,2025,12,Friday,21:57,23:04,5,5,True,True,0,0,True,2025-12-19 21:53:00,2025-12-19 21:57:00,2025-12-21 23:04:00,2025-12-21 23:08:00,4338.367,4339.365,4340.939,4341.87,4339.415,4337.345,4343.849,4339.944,1.5740000000005239
UNCLASSIFIED,,2025-12-24 18:29:00,2025-12-25 23:11:00,1722.0,2025-12-24,2025,12,Wednesday,18:29,23:11,5,5,True,True,0,0,True,2025-12-24 18:25:00,2025-12-24 18:29:00,2025-12-25 23:11:00,2025-12-25 23:15:00,4481.91,4480.715,4486.193,4492.828,4482.371,4480.381,4493.071,4484.47,5.4780000000000655
UNCLASSIFIED,,2025-12-26 21:57:00,2025-12-28 23:01:00,2944.0,2025-12-26,2025,12,Friday,21:57,23:01,5,5,True,True,0,0,True,2025-12-26 21:53:00,2025-12-26 21:57:00,2025-12-28 23:01:00,2025-12-28 23:05:00,4530.743,4532.568,4546.214,4542.643,4532.702,4530.271,4548.5,4538.521,13.64599999999973
UNCLASSIFIED,,2025-12-30 23:01:00,2025-12-30 23:03:00,2.0,2025-12-30,2025,12,Tuesday,23:01,23:03,5,5,True,True,1,0,False,2025-12-30 21:55:00,2025-12-30 23:01:00,2025-12-30 23:03:00,2025-12-30 23:07:00,4338.482,4342.721,4344.682,4344.889,4343.953,4334.786,4345.845,4339.874,1.96100000000024
UNCLASSIFIED,,2025-12-31 21:57:00,2026-01-01 23:05:00,1508.0,2025-12-31,2025,12,Wednesday,21:57,23:05,5,5,True,True,0,0,True,2025-12-31 21:53:00,2025-12-31 21:57:00,2026-01-01 23:05:00,2026-01-01 23:09:00,4314.649,4318.847,4328.34,4333.467,4318.933,4314.26,4333.647,4327.659,9.493000000000393
UNCLASSIFIED,,2026-01-02 21:57:00,2026-01-04 23:07:00,2950.0,2026-01-02,2026,1,Friday,21:57,23:07,5,5,True,True,0,0,True,2026-01-02 21:53:00,2026-01-02 21:57:00,2026-01-04 23:07:00,2026-01-04 23:11:00,4332.48,4331.759,4353.486,4364.484,4333.948,4331.642,4364.484,4349.802,21.72699999999986
UNCLASSIFIED,,2026-01-05 21:57:00,2026-01-05 23:04:00,67.0,2026-01-05,2026,1,Monday,21:57,23:04,5,5,True,True,0,0,True,2026-01-05 21:53:00,2026-01-05 21:57:00,2026-01-05 23:04:00,2026-01-05 23:08:00,4448.348,4448.989,4454.841,4454.282,4449.325,4448.002,4455.145,4453.168,5.852000000000771
UNCLASSIFIED,,2026-01-09 21:57:00,2026-01-11 23:03:00,2946.0,2026-01-09,2026,1,Friday,21:57,23:03,5,5,True,True,0,0,True,2026-01-09 21:53:00,2026-01-09 21:57:00,2026-01-11 23:03:00,2026-01-11 23:07:00,4509.826,4509.075,4517.918,4529.078,4510.616,4508.642,4529.182,4517.918,8.842999999999847
UNCLASSIFIED,,2026-01-14 21:57:00,2026-01-14 23:03:00,66.0,2026-01-14,2026,1,Wednesday,21:57,23:03,5,5,True,True,0,0,True,2026-01-14 21:53:00,2026-01-14 21:57:00,2026-01-14 23:03:00,2026-01-14 23:07:00,4623.214,4626.038,4626.61,4618.692,4628.856,4621.895,4626.949,4615.913,0.5720000000001164
UNCLASSIFIED,,2026-01-16 21:57:00,2026-01-18 23:09:00,2952.0,2026-01-16,2026,1,Friday,21:57,23:09,5,5,True,True,0,0,True,2026-01-16 21:53:00,2026-01-16 21:57:00,2026-01-18 23:09:00,2026-01-18 23:13:00,4595.016,4596.588,4655.358,4653.932,4596.704,4594.644,4658.876,4653.871,58.77000000000044
UNCLASSIFIED,,2026-01-19 19:29:00,2026-01-19 23:03:00,214.0,2026-01-19,2026,1,Monday,19:29,23:03,5,5,True,True,0,0,True,2026-01-19 19:25:00,2026-01-19 19:29:00,2026-01-19 23:03:00,2026-01-19 23:07:00,4670.207,4670.928,4673.44,4669.086,4671.796,4667.038,4673.595,4666.425,2.5119999999997162
UNCLASSIFIED,,2026-01-23 21:57:00,2026-01-25 23:01:00,2944.0,2026-01-23,2026,1,Friday,21:57,23:01,5,5,True,True,0,1,False,2026-01-23 21:53:00,2026-01-23 21:57:00,2026-01-25 23:01:00,2026-01-25 23:07:00,4985.552,4988.337,5019.847,5014.929,4989.05,4985.192,5020.825,5003.575,31.50999999999931
UNCLASSIFIED,,2026-01-25 23:02:00,2026-01-25 23:05:00,3.0,2026-01-25,2026,1,Sunday,23:02,23:05,5,5,True,True,1,0,False,2026-01-23 21:55:00,2026-01-25 23:02:00,2026-01-25 23:05:00,2026-01-25 23:09:00,4986.148,5020.391,5007.18,5023.617,5020.825,4985.832,5025.131,5003.575,-13.21099999999933
UNCLASSIFIED,,2026-01-27 21:57:00,2026-01-27 23:10:00,73.0,2026-01-27,2026,1,Tuesday,21:57,23:10,5,5,True,True,0,0,True,2026-01-27 21:53:00,2026-01-27 21:57:00,2026-01-27 23:10:00,2026-01-27 23:14:00,5175.234,5180.515,5177.132,5170.974,5181.268,5174.752,5177.256,5167.559,-3.3830000000007203
UNCLASSIFIED,,2026-01-28 23:38:00,2026-01-28 23:43:00,5.0,2026-01-28,2026,1,Wednesday,23:38,23:43,5,5,True,True,0,0,True,2026-01-28 23:34:00,2026-01-28 23:38:00,2026-01-28 23:43:00,2026-01-28 23:47:00,5497.751,5570.018,5555.052,5509.334,5570.018,5494.756,5556.905,5504.841,-14.96600000000035
UNCLASSIFIED,,2026-01-30 21:57:00,2026-02-01 23:01:00,2944.0,2026-01-30,2026,1,Friday,21:57,23:01,5,5,True,True,0,1,False,2026-01-30 21:53:00,2026-01-30 21:57:00,2026-02-01 23:01:00,2026-02-01 23:13:00,4888.823,4891.496,4793.519,4766.534,4891.847,4879.773,4819.788,4712.969,-97.97699999999986
UNCLASSIFIED,,2026-02-01 23:01:00,2026-02-01 23:10:00,9.0,2026-02-01,2026,2,Sunday,23:01,23:10,5,5,True,True,1,0,False,2026-01-30 21:54:00,2026-02-01 23:01:00,2026-02-01 23:10:00,2026-02-01 23:14:00,4883.488,4801.229,4817.296,4741.669,4891.847,4793.519,4819.788,4712.969,16.067000000000007
UNCLASSIFIED,,2026-02-01 23:45:00,2026-02-01 23:47:00,2.0,2026-02-01,2026,2,Sunday,23:45,23:47,5,5,True,True,0,0,True,2026-02-01 23:41:00,2026-02-01 23:45:00,2026-02-01 23:47:00,2026-02-01 23:51:00,4782.797,4749.985,4735.144,4743.316,4783.103,4749.859,4768.274,4725.733,-14.84099999999944
UNCLASSIFIED,,2026-02-06 21:57:00,2026-02-08 23:02:00,2945.0,2026-02-06,2026,2,Friday,21:57,23:02,5,5,True,True,0,0,True,2026-02-06 21:53:00,2026-02-06 21:57:00,2026-02-08 23:02:00,2026-02-08 23:06:00,4962.364,4968.204,4967.733,4985.915,4968.309,4962.359,4990.71,4967.276,-0.4709999999995489
UNCLASSIFIED,,2026-02-13 21:57:00,2026-02-15 23:01:00,2944.0,2026-02-13,2026,2,Friday,21:57,23:01,5,5,True,True,0,0,True,2026-02-13 21:53:00,2026-02-13 21:57:00,2026-02-15 23:01:00,2026-02-15 23:05:00,5038.23,5042.635,5026.79,5012.495,5043.633,5037.811,5029.492,5010.097,-15.845000000000255
UNCLASSIFIED,,2026-02-15 23:08:00,2026-02-15 23:10:00,2.0,2026-02-15,2026,2,Sunday,23:08,23:10,5,5,True,True,0,0,True,2026-02-15 23:04:00,2026-02-15 23:08:00,2026-02-15 23:10:00,2026-02-15 23:14:00,5020.209,5015.095,5019.542,5022.681,5021.026,5010.097,5024.186,5013.578,4.447000000000116
UNCLASSIFIED,,2026-02-16 19:29:00,2026-02-16 23:01:00,212.0,2026-02-16,2026,2,Monday,19:29,23:01,5,5,True,True,0,0,True,2026-02-16 19:25:00,2026-02-16 19:29:00,2026-02-16 23:01:00,2026-02-16 23:05:00,4991.958,4993.856,4998.125,4998.933,4994.442,4990.515,4999.587,4992.484,4.269000000000233
UNCLASSIFIED,,2026-02-20 21:57:00,2026-02-22 23:01:00,2944.0,2026-02-20,2026,2,Friday,21:57,23:01,5,5,True,True,0,0,True,2026-02-20 21:53:00,2026-02-20 21:57:00,2026-02-22 23:01:00,2026-02-22 23:05:00,5103.553,5105.788,5111.774,5119.266,5108.206,5103.033,5122.515,5108.698,5.986000000000786
UNCLASSIFIED,,2026-02-24 21:57:00,2026-02-24 23:03:00,66.0,2026-02-24,2026,2,Tuesday,21:57,23:03,5,5,True,True,0,0,True,2026-02-24 21:53:00,2026-02-24 21:57:00,2026-02-24 23:03:00,2026-02-24 23:07:00,5145.07,5143.877,5135.26,5130.462,5145.91,5142.308,5138.294,5129.662,-8.61700000000019
UNCLASSIFIED,,2026-02-27 21:57:00,2026-03-01 23:01:00,2944.0,2026-02-27,2026,2,Friday,21:57,23:01,5,5,True,True,0,2,False,2026-02-27 21:53:00,2026-02-27 21:57:00,2026-03-01 23:01:00,2026-03-01 23:11:00,5278.224,5279.159,5319.152,5344.205,5281.163,5276.992,5357.167,5314.624,39.99300000000039
UNCLASSIFIED,,2026-03-01 23:01:00,2026-03-01 23:07:00,6.0,2026-03-01,2026,3,Sunday,23:01,23:07,5,5,True,True,1,1,False,2026-02-27 21:54:00,2026-03-01 23:01:00,2026-03-01 23:07:00,2026-03-01 23:12:00,5279.517,5319.79,5332.852,5354.176,5321.27,5276.992,5357.167,5327.335,13.061999999999898
UNCLASSIFIED,,2026-03-01 23:07:00,2026-03-01 23:09:00,2.0,2026-03-01,2026,3,Sunday,23:07,23:09,5,5,True,True,2,0,False,2026-02-27 21:55:00,2026-03-01 23:07:00,2026-03-01 23:09:00,2026-03-01 23:13:00,5280.287,5329.654,5348.397,5356.057,5341.884,5276.992,5357.806,5341.943,18.742999999999483
UNCLASSIFIED,,2026-03-05 21:57:00,2026-03-05 23:05:00,68.0,2026-03-05,2026,3,Thursday,21:57,23:05,5,5,True,True,0,0,True,2026-03-05 21:53:00,2026-03-05 21:57:00,2026-03-05 23:05:00,2026-03-05 23:09:00,5081.499,5083.348,5090.387,5085.94,5085.195,5081.167,5091.749,5082.798,7.03899999999976
UNCLASSIFIED,,2026-03-06 21:57:00,2026-03-08 22:03:00,2886.0,2026-03-06,2026,3,Friday,21:57,22:03,5,5,True,True,0,0,True,2026-03-06 21:53:00,2026-03-06 21:57:00,2026-03-08 22:03:00,2026-03-08 22:07:00,5170.921,5174.204,5178.932,5142.995,5176.703,5170.921,5179.956,5122.153,4.7280000000000655
UNCLASSIFIED,,2026-03-13 20:57:00,2026-03-15 22:01:00,2944.0,2026-03-13,2026,3,Friday,20:57,22:01,5,5,True,True,0,0,True,2026-03-13 20:53:00,2026-03-13 20:57:00,2026-03-15 22:01:00,2026-03-15 22:05:00,5019.57,5021.082,5016.992,5019.896,5022.186,5016.975,5021.737,5010.007,-4.0900000000001455
UNCLASSIFIED,,2026-03-20 20:57:00,2026-03-22 22:01:00,2944.0,2026-03-20,2026,3,Friday,20:57,22:01,5,5,True,True,0,0,True,2026-03-20 20:53:00,2026-03-20 20:57:00,2026-03-22 22:01:00,2026-03-22 22:05:00,4502.124,4497.486,4477.889,4491.079,4502.433,4496.064,4495.232,4449.157,-19.596999999999753
UNCLASSIFIED,,2026-03-27 20:57:00,2026-03-29 22:04:00,2947.0,2026-03-27,2026,3,Friday,20:57,22:04,5,5,True,True,0,0,True,2026-03-27 20:53:00,2026-03-27 20:57:00,2026-03-29 22:04:00,2026-03-29 22:08:00,4494.217,4495.434,4511.584,4487.0,4498.004,4490.878,4514.244,4486.747,16.149999999999636
UNCLASSIFIED,,2026-04-01 20:57:00,2026-04-01 22:16:00,79.0,2026-04-01,2026,4,Wednesday,20:57,22:16,5,5,True,True,0,0,True,2026-04-01 20:53:00,2026-04-01 20:57:00,2026-04-01 22:16:00,2026-04-01 22:20:00,4759.241,4756.874,4758.737,4761.271,4759.819,4756.329,4765.193,4756.31,1.8630000000002838
UNCLASSIFIED,,2026-04-02 20:57:00,2026-04-05 22:01:00,4384.0,2026-04-02,2026,4,Thursday,20:57,22:01,5,5,True,True,0,0,True,2026-04-02 20:53:00,2026-04-02 20:57:00,2026-04-05 22:01:00,2026-04-05 22:05:00,4670.333,4675.333,4662.923,4635.852,4676.927,4666.672,4662.923,4630.019,-12.409999999999854
UNCLASSIFIED,,2026-04-10 20:57:00,2026-04-12 22:06:00,2949.0,2026-04-10,2026,4,Friday,20:57,22:06,5,5,True,True,0,0,True,2026-04-10 20:53:00,2026-04-10 20:57:00,2026-04-12 22:06:00,2026-04-12 22:10:00,4749.339,4749.37,4670.232,4678.148,4750.907,4746.787,4683.696,4666.605,-79.13799999999992
UNCLASSIFIED,,2026-04-17 20:57:00,2026-04-19 22:01:00,2944.0,2026-04-17,2026,4,Friday,20:57,22:01,5,5,True,True,0,1,False,2026-04-17 20:53:00,2026-04-17 20:57:00,2026-04-19 22:01:00,2026-04-19 22:06:00,4834.047,4832.633,4774.618,4783.454,4835.184,4830.727,4790.634,4771.057,-58.01499999999942
UNCLASSIFIED,,2026-04-19 22:01:00,2026-04-19 22:03:00,2.0,2026-04-19,2026,4,Sunday,22:01,22:03,5,5,True,True,1,0,False,2026-04-17 20:54:00,2026-04-19 22:01:00,2026-04-19 22:03:00,2026-04-19 22:07:00,4833.262,4777.501,4779.978,4782.936,4834.795,4773.521,4790.634,4771.057,2.4769999999998618
UNCLASSIFIED,,2026-04-24 20:57:00,2026-04-26 22:02:00,2945.0,2026-04-24,2026,4,Friday,20:57,22:02,5,5,True,True,0,0,True,2026-04-24 20:53:00,2026-04-24 20:57:00,2026-04-26 22:02:00,2026-04-26 22:06:00,4708.38,4708.466,4696.125,4686.403,4709.129,4706.587,4699.884,4685.349,-12.34100000000035
UNCLASSIFIED,,2026-05-01 20:57:00,2026-05-03 22:03:00,2946.0,2026-05-01,2026,5,Friday,20:57,22:03,5,5,True,True,0,0,True,2026-05-01 20:53:00,2026-05-01 20:57:00,2026-05-03 22:03:00,2026-05-03 22:07:00,4615.041,4613.386,4626.129,4625.849,4617.123,4612.734,4627.13,4622.284,12.742999999999483
UNCLASSIFIED,,2026-05-08 20:57:00,2026-05-10 22:02:00,2945.0,2026-05-08,2026,5,Friday,20:57,22:02,5,5,True,True,0,0,True,2026-05-08 20:53:00,2026-05-08 20:57:00,2026-05-10 22:02:00,2026-05-10 22:06:00,4715.391,4715.06,4691.978,4681.124,4715.667,4714.416,4691.978,4679.072,-23.082000000000335
UNCLASSIFIED,,2026-05-15 20:57:00,2026-05-17 22:02:00,2945.0,2026-05-15,2026,5,Friday,20:57,22:02,5,5,True,True,0,0,True,2026-05-15 20:53:00,2026-05-15 20:57:00,2026-05-17 22:02:00,2026-05-17 22:06:00,4537.831,4539.561,4538.378,4550.908,4539.817,4537.479,4553.636,4538.084,-1.1829999999999927
UNCLASSIFIED,,2026-05-22 20:57:00,2026-05-24 22:01:00,2944.0,2026-05-22,2026,5,Friday,20:57,22:01,5,5,True,True,0,0,True,2026-05-22 20:53:00,2026-05-22 20:57:00,2026-05-24 22:01:00,2026-05-24 22:05:00,4505.634,4507.966,4545.401,4552.548,4508.319,4504.94,4554.104,4543.344,37.43499999999949
UNCLASSIFIED,,2026-05-25 18:29:00,2026-05-25 22:01:00,212.0,2026-05-25,2026,5,Monday,18:29,22:01,5,5,True,True,0,0,True,2026-05-25 18:25:00,2026-05-25 18:29:00,2026-05-25 22:01:00,2026-05-25 22:05:00,4567.857,4570.586,4571.428,4571.249,4570.609,4567.371,4573.054,4570.709,0.8419999999996435
UNCLASSIFIED,,2026-05-29 20:57:00,2026-05-31 22:01:00,2944.0,2026-05-29,2026,5,Friday,20:57,22:01,5,5,True,True,0,0,True,2026-05-29 20:53:00,2026-05-29 20:57:00,2026-05-31 22:01:00,2026-05-31 22:05:00,4541.518,4540.377,4521.226,4521.728,4541.772,4539.409,4526.692,4518.372,-19.15100000000075
UNCLASSIFIED,,2026-06-05 20:57:00,2026-06-07 22:01:00,2944.0,2026-06-05,2026,6,Friday,20:57,22:01,5,5,True,True,0,0,True,2026-06-05 20:53:00,2026-06-05 20:57:00,2026-06-07 22:01:00,2026-06-07 22:05:00,4329.145,4328.48,4325.114,4312.725,4331.092,4327.447,4327.575,4310.686,-3.3659999999999854
UNCLASSIFIED,,2026-06-12 20:57:00,2026-06-14 22:02:00,2945.0,2026-06-12,2026,6,Friday,20:57,22:02,5,5,True,True,0,0,True,2026-06-12 20:53:00,2026-06-12 20:57:00,2026-06-14 22:02:00,2026-06-14 22:06:00,4216.992,4218.665,4270.346,4301.085,4219.296,4215.932,4304.392,4269.222,51.680999999999585
UNCLASSIFIED,,2026-06-19 16:59:00,2026-06-21 22:01:00,3182.0,2026-06-19,2026,6,Friday,16:59,22:01,5,5,True,True,0,0,True,2026-06-19 16:55:00,2026-06-19 16:59:00,2026-06-21 22:01:00,2026-06-21 22:05:00,4151.624,4155.421,4153.418,4157.742,4155.57,4151.346,4159.66,4150.787,-2.003000000000611
UNCLASSIFIED,,2026-06-26 20:57:00,2026-06-28 22:01:00,2944.0,2026-06-26,2026,6,Friday,20:57,22:01,5,5,True,True,0,0,True,2026-06-26 20:53:00,2026-06-26 20:57:00,2026-06-28 22:01:00,2026-06-28 22:05:00,4077.246,4088.245,4075.881,4074.99,4090.403,4077.164,4085.307,4072.616,-12.364000000000033
UNCLASSIFIED,,2026-07-03 16:59:00,2026-07-05 22:01:00,3182.0,2026-07-03,2026,7,Friday,16:59,22:01,5,5,True,True,0,0,True,2026-07-03 16:55:00,2026-07-03 16:59:00,2026-07-05 22:01:00,2026-07-05 22:05:00,4175.056,4174.661,4177.917,4181.689,4176.347,4173.536,4182.341,4173.191,3.256000000000313
UNCLASSIFIED,,2026-07-10 20:57:00,2026-07-12 22:01:00,2944.0,2026-07-10,2026,7,Friday,20:57,22:01,5,5,True,True,0,0,True,2026-07-10 20:53:00,2026-07-10 20:57:00,2026-07-12 22:01:00,2026-07-12 22:05:00,4114.364,4119.766,4098.561,4086.017,4121.11,4113.995,4099.253,4085.177,-21.204999999999927
UNCLASSIFIED,,2026-07-17 20:57:00,2026-07-19 22:01:00,2944.0,2026-07-17,2026,7,Friday,20:57,22:01,5,5,True,True,0,0,True,2026-07-17 20:53:00,2026-07-17 20:57:00,2026-07-19 22:01:00,2026-07-19 22:05:00,4018.314,4017.752,4000.132,4001.122,4018.748,4015.556,4002.918,3994.739,-17.61999999999989
UNCLASSIFIED,,2026-07-24 20:57:00,2026-07-26 22:01:00,2944.0,2026-07-24,2026,7,Friday,20:57,22:01,5,5,True,True,0,0,True,2026-07-24 20:53:00,2026-07-24 20:57:00,2026-07-26 22:01:00,2026-07-26 22:05:00,4053.576,4052.932,4091.771,4089.625,4054.142,4052.007,4096.553,4089.004,38.8390000000004
UNCLASSIFIED,,2026-07-31 20:57:00,2026-08-02 22:01:00,2944.0,2026-07-31,2026,7,Friday,20:57,22:01,5,5,True,True,0,0,True,2026-07-31 20:53:00,2026-07-31 20:57:00,2026-08-02 22:01:00,2026-08-02 22:05:00,4051.817,4043.812,4073.04,4077.561,4052.017,4043.047,4079.393,4067.986,29.228000000000065
UNCLASSIFIED,,2026-08-07 20:57:00,2026-08-09 22:01:00,2944.0,2026-08-07,2026,8,Friday,20:57,22:01,5,5,True,True,0,0,True,2026-08-07 20:53:00,2026-08-07 20:57:00,2026-08-09 22:01:00,2026-08-09 22:05:00,4341.016,4342.202,4347.782,4338.187,4342.576,4339.629,4348.7,4332.725,5.579999999999927
