previous,current,gap_minutes,previous_date,current_date,previous_year,current_year,previous_weekday,current_weekday,previous_time,current_time,previous_minutes_of_day,current_minutes_of_day,calendar_transition,gap_type
2021-08-17 12:49:00,2021-08-17 12:53:00,4.0,2021-08-17,2021-08-17,2021,2021,Tuesday,Tuesday,12:49,12:53,769,773,NON_WEEKEND,NON_WEEKEND_GAP
2021-08-17 20:58:00,2021-08-17 22:00:00,62.0,2021-08-17,2021-08-17,2021,2021,Tuesday,Tuesday,20:58,22:00,1258,1320,NON_WEEKEND,NON_WEEKEND_GAP
2021-08-18 20:58:00,2021-08-18 22:00:00,62.0,2021-08-18,2021-08-18,2021,2021,Wednesday,Wednesday,20:58,22:00,1258,1320,NON_WEEKEND,NON_WEEKEND_GAP
2021-08-19 20:58:00,2021-08-19 22:00:00,62.0,2021-08-19,2021-08-19,2021,2021,Thursday,Thursday,20:58,22:00,1258,1320,NON_WEEKEND,NON_WEEKEND_GAP
2021-08-20 20:58:00,2021-08-22 22:00:00,2942.0,2021-08-20,2021-08-22,2021,2021,Friday,Sunday,20:58,22:00,1258,1320,WEEKEND_TRANSITION,WEEKEND_TRANSITION
2021-08-22 22:00:00,2021-08-22 22:05:00,5.0,2021-08-22,2021-08-22,2021,2021,Sunday,Sunday,22:00,22:05,1320,1325,NON_WEEKEND,NON_WEEKEND_GAP
2021-08-23 20:58:00,2021-08-23 22:00:00,62.0,2021-08-23,2021-08-23,2021,2021,Monday,Monday,20:58,22:00,1258,1320,NON_WEEKEND,NON_WEEKEND_GAP
2021-08-24 20:58:00,2021-08-24 22:00:00,62.0,2021-08-24,2021-08-24,2021,2021,Tuesday,Tuesday,20:58,22:00,1258,1320,NON_WEEKEND,NON_WEEKEND_GAP
2021-08-25 11:49:00,2021-08-25 11:51:00,2.0,2021-08-25,2021-08-25,2021,2021,Wednesday,Wednesday,11:49,11:51,709,711,NON_WEEKEND,NON_WEEKEND_GAP
2021-08-25 20:58:00,2021-08-25 22:00:00,62.0,2021-08-25,2021-08-25,2021,2021,Wednesday,Wednesday,20:58,22:00,1258,1320,NON_WEEKEND,NON_WEEKEND_GAP
2021-08-26 20:58:00,2021-08-26 22:00:00,62.0,2021-08-26,2021-08-26,2021,2021,Thursday,Thursday,20:58,22:00,1258,1320,NON_WEEKEND,NON_WEEKEND_GAP
2021-08-27 20:58:00,2021-08-29 22:00:00,2942.0,2021-08-27,2021-08-29,2021,2021,Friday,Sunday,20:58,22:00,1258,1320,WEEKEND_TRANSITION,WEEKEND_TRANSITION
2021-08-29 22:00:00,2021-08-29 22:05:00,5.0,2021-08-29,2021-08-29,2021,2021,Sunday,Sunday,22:00,22:05,1320,1325,NON_WEEKEND,NON_WEEKEND_GAP
2021-08-30 20:58:00,2021-08-30 22:00:00,62.0,2021-08-30,2021-08-30,2021,2021,Monday,Monday,20:58,22:00,1258,1320,NON_WEEKEND,NON_WEEKEND_GAP
2021-08-31 20:58:00,2021-08-31 22:00:00,62.0,2021-08-31,2021-08-31,2021,2021,Tuesday,Tuesday,20:58,22:00,1258,1320,NON_WEEKEND,NON_WEEKEND_GAP
2021-09-01 20:58:00,2021-09-01 22:00:00,62.0,2021-09-01,2021-09-01,2021,2021,Wednesday,Wednesday,20:58,22:00,1258,1320,NON_WEEKEND,NON_WEEKEND_GAP
2021-09-02 20:58:00,2021-09-02 22:00:00,62.0,2021-09-02,2021-09-02,2021,2021,Thursday,Thursday,20:58,22:00,1258,1320,NON_WEEKEND,NON_WEEKEND_GAP
2021-09-03 20:58:00,2021-09-05 22:00:00,2942.0,2021-09-03,2021-09-05,2021,2021,Friday,Sunday,20:58,22:00,1258,1320,WEEKEND_TRANSITION,WEEKEND_TRANSITION
2021-09-05 22:00:00,2021-09-05 22:05:00,5.0,2021-09-05,2021-09-05,2021,2021,Sunday,Sunday,22:00,22:05,1320,1325,NON_WEEKEND,NON_WEEKEND_GAP
2021-09-06 17:03:00,2021-09-06 17:06:00,3.0,2021-09-06,2021-09-06,2021,2021,Monday,Monday,17:03,17:06,1023,1026,NON_WEEKEND,NON_WEEKEND_GAP
2021-09-06 17:06:00,2021-09-06 22:00:00,294.0,2021-09-06,2021-09-06,2021,2021,Monday,Monday,17:06,22:00,1026,1320,NON_WEEKEND,LONG_EXCEPTIONAL_GAP
2021-09-06 22:13:00,2021-09-06 22:15:00,2.0,2021-09-06,2021-09-06,2021,2021,Monday,Monday,22:13,22:15,1333,1335,NON_WEEKEND,NON_WEEKEND_GAP
2021-09-07 20:58:00,2021-09-07 22:00:00,62.0,2021-09-07,2021-09-07,2021,2021,Tuesday,Tuesday,20:58,22:00,1258,1320,NON_WEEKEND,NON_WEEKEND_GAP
2021-09-07 22:00:00,2021-09-07 22:02:00,2.0,2021-09-07,2021-09-07,2021,2021,Tuesday,Tuesday,22:00,22:02,1320,1322,NON_WEEKEND,NON_WEEKEND_GAP
2021-09-08 20:58:00,2021-09-08 22:00:00,62.0,2021-09-08,2021-09-08,2021,2021,Wednesday,Wednesday,20:58,22:00,1258,1320,NON_WEEKEND,NON_WEEKEND_GAP
2021-09-09 20:58:00,2021-09-09 22:00:00,62.0,2021-09-09,2021-09-09,2021,2021,Thursday,Thursday,20:58,22:00,1258,1320,NON_WEEKEND,NON_WEEKEND_GAP
2021-09-10 20:58:00,2021-09-12 22:00:00,2942.0,2021-09-10,2021-09-12,2021,2021,Friday,Sunday,20:58,22:00,1258,1320,WEEKEND_TRANSITION,WEEKEND_TRANSITION
2021-09-12 22:00:00,2021-09-12 22:05:00,5.0,2021-09-12,2021-09-12,2021,2021,Sunday,Sunday,22:00,22:05,1320,1325,NON_WEEKEND,NON_WEEKEND_GAP
2021-09-13 20:58:00,2021-09-13 22:00:00,62.0,2021-09-13,2021-09-13,2021,2021,Monday,Monday,20:58,22:00,1258,1320,NON_WEEKEND,NON_WEEKEND_GAP
2021-09-14 20:58:00,2021-09-14 22:00:00,62.0,2021-09-14,2021-09-14,2021,2021,Tuesday,Tuesday,20:58,22:00,1258,1320,NON_WEEKEND,NON_WEEKEND_GAP
2021-09-15 20:58:00,2021-09-15 22:00:00,62.0,2021-09-15,2021-09-15,2021,2021,Wednesday,Wednesday,20:58,22:00,1258,1320,NON_WEEKEND,NON_WEEKEND_GAP
2021-09-16 20:58:00,2021-09-16 22:00:00,62.0,2021-09-16,2021-09-16,2021,2021,Thursday,Thursday,20:58,22:00,1258,1320,NON_WEEKEND,NON_WEEKEND_GAP
2021-09-17 20:58:00,2021-09-19 22:00:00,2942.0,2021-09-17,2021-09-19,2021,2021,Friday,Sunday,20:58,22:00,1258,1320,WEEKEND_TRANSITION,WEEKEND_TRANSITION
2021-09-19 22:00:00,2021-09-19 22:05:00,5.0,2021-09-19,2021-09-19,2021,2021,Sunday,Sunday,22:00,22:05,1320,1325,NON_WEEKEND,NON_WEEKEND_GAP
2021-09-20 20:58:00,2021-09-20 22:00:00,62.0,2021-09-20,2021-09-20,2021,2021,Monday,Monday,20:58,22:00,1258,1320,NON_WEEKEND,NON_WEEKEND_GAP
2021-09-21 20:58:00,2021-09-21 22:00:00,62.0,2021-09-21,2021-09-21,2021,2021,Tuesday,Tuesday,20:58,22:00,1258,1320,NON_WEEKEND,NON_WEEKEND_GAP
2021-09-22 20:58:00,2021-09-22 22:00:00,62.0,2021-09-22,2021-09-22,2021,2021,Wednesday,Wednesday,20:58,22:00,1258,1320,NON_WEEKEND,NON_WEEKEND_GAP
2021-09-23 20:58:00,2021-09-23 22:00:00,62.0,2021-09-23,2021-09-23,2021,2021,Thursday,Thursday,20:58,22:00,1258,1320,NON_WEEKEND,NON_WEEKEND_GAP
2021-09-24 20:58:00,2021-09-26 22:00:00,2942.0,2021-09-24,2021-09-26,2021,2021,Friday,Sunday,20:58,22:00,1258,1320,WEEKEND_TRANSITION,WEEKEND_TRANSITION
2021-09-26 22:00:00,2021-09-26 22:05:00,5.0,2021-09-26,2021-09-26,2021,2021,Sunday,Sunday,22:00,22:05,1320,1325,NON_WEEKEND,NON_WEEKEND_GAP
2021-09-27 20:58:00,2021-09-27 22:00:00,62.0,2021-09-27,2021-09-27,2021,2021,Monday,Monday,20:58,22:00,1258,1320,NON_WEEKEND,NON_WEEKEND_GAP
2021-09-28 20:58:00,2021-09-28 22:00:00,62.0,2021-09-28,2021-09-28,2021,2021,Tuesday,Tuesday,20:58,22:00,1258,1320,NON_WEEKEND,NON_WEEKEND_GAP
2021-09-29 20:58:00,2021-09-29 22:00:00,62.0,2021-09-29,2021-09-29,2021,2021,Wednesday,Wednesday,20:58,22:00,1258,1320,NON_WEEKEND,NON_WEEKEND_GAP
2021-09-30 20:58:00,2021-09-30 22:00:00,62.0,2021-09-30,2021-09-30,2021,2021,Thursday,Thursday,20:58,22:00,1258,1320,NON_WEEKEND,NON_WEEKEND_GAP
2021-10-01 20:58:00,2021-10-03 22:00:00,2942.0,2021-10-01,2021-10-03,2021,2021,Friday,Sunday,20:58,22:00,1258,1320,WEEKEND_TRANSITION,WEEKEND_TRANSITION
2021-10-03 22:00:00,2021-10-03 22:05:00,5.0,2021-10-03,2021-10-03,2021,2021,Sunday,Sunday,22:00,22:05,1320,1325,NON_WEEKEND,NON_WEEKEND_GAP
2021-10-04 20:58:00,2021-10-04 22:00:00,62.0,2021-10-04,2021-10-04,2021,2021,Monday,Monday,20:58,22:00,1258,1320,NON_WEEKEND,NON_WEEKEND_GAP
2021-10-05 20:58:00,2021-10-05 22:00:00,62.0,2021-10-05,2021-10-05,2021,2021,Tuesday,Tuesday,20:58,22:00,1258,1320,NON_WEEKEND,NON_WEEKEND_GAP
2021-10-06 20:58:00,2021-10-06 22:00:00,62.0,2021-10-06,2021-10-06,2021,2021,Wednesday,Wednesday,20:58,22:00,1258,1320,NON_WEEKEND,NON_WEEKEND_GAP
2021-10-06 22:49:00,2021-10-06 22:51:00,2.0,2021-10-06,2021-10-06,2021,2021,Wednesday,Wednesday,22:49,22:51,1369,1371,NON_WEEKEND,NON_WEEKEND_GAP
2021-10-07 20:58:00,2021-10-07 22:00:00,62.0,2021-10-07,2021-10-07,2021,2021,Thursday,Thursday,20:58,22:00,1258,1320,NON_WEEKEND,NON_WEEKEND_GAP
2021-10-07 23:31:00,2021-10-07 23:33:00,2.0,2021-10-07,2021-10-07,2021,2021,Thursday,Thursday,23:31,23:33,1411,1413,NON_WEEKEND,NON_WEEKEND_GAP
2021-10-08 20:58:00,2021-10-10 22:00:00,2942.0,2021-10-08,2021-10-10,2021,2021,Friday,Sunday,20:58,22:00,1258,1320,WEEKEND_TRANSITION,WEEKEND_TRANSITION
2021-10-10 22:00:00,2021-10-10 22:05:00,5.0,2021-10-10,2021-10-10,2021,2021,Sunday,Sunday,22:00,22:05,1320,1325,NON_WEEKEND,NON_WEEKEND_GAP
2021-10-11 20:58:00,2021-10-11 22:00:00,62.0,2021-10-11,2021-10-11,2021,2021,Monday,Monday,20:58,22:00,1258,1320,NON_WEEKEND,NON_WEEKEND_GAP
2021-10-12 11:11:00,2021-10-12 11:13:00,2.0,2021-10-12,2021-10-12,2021,2021,Tuesday,Tuesday,11:11,11:13,671,673,NON_WEEKEND,NON_WEEKEND_GAP
2021-10-12 20:58:00,2021-10-12 22:00:00,62.0,2021-10-12,2021-10-12,2021,2021,Tuesday,Tuesday,20:58,22:00,1258,1320,NON_WEEKEND,NON_WEEKEND_GAP
2021-10-13 20:58:00,2021-10-13 22:00:00,62.0,2021-10-13,2021-10-13,2021,2021,Wednesday,Wednesday,20:58,22:00,1258,1320,NON_WEEKEND,NON_WEEKEND_GAP
2021-10-14 20:58:00,2021-10-14 22:00:00,62.0,2021-10-14,2021-10-14,2021,2021,Thursday,Thursday,20:58,22:00,1258,1320,NON_WEEKEND,NON_WEEKEND_GAP
2021-10-15 20:58:00,2021-10-17 22:00:00,2942.0,2021-10-15,2021-10-17,2021,2021,Friday,Sunday,20:58,22:00,1258,1320,WEEKEND_TRANSITION,WEEKEND_TRANSITION
2021-10-17 22:00:00,2021-10-17 22:05:00,5.0,2021-10-17,2021-10-17,2021,2021,Sunday,Sunday,22:00,22:05,1320,1325,NON_WEEKEND,NON_WEEKEND_GAP
2021-10-18 20:58:00,2021-10-18 22:00:00,62.0,2021-10-18,2021-10-18,2021,2021,Monday,Monday,20:58,22:00,1258,1320,NON_WEEKEND,NON_WEEKEND_GAP
2021-10-18 23:11:00,2021-10-18 23:13:00,2.0,2021-10-18,2021-10-18,2021,2021,Monday,Monday,23:11,23:13,1391,1393,NON_WEEKEND,NON_WEEKEND_GAP
2021-10-19 20:58:00,2021-10-19 22:01:00,63.0,2021-10-19,2021-10-19,2021,2021,Tuesday,Tuesday,20:58,22:01,1258,1321,NON_WEEKEND,NON_WEEKEND_GAP
2021-10-20 20:58:00,2021-10-20 22:01:00,63.0,2021-10-20,2021-10-20,2021,2021,Wednesday,Wednesday,20:58,22:01,1258,1321,NON_WEEKEND,NON_WEEKEND_GAP
2021-10-21 20:58:00,2021-10-21 22:01:00,63.0,2021-10-21,2021-10-21,2021,2021,Thursday,Thursday,20:58,22:01,1258,1321,NON_WEEKEND,NON_WEEKEND_GAP
2021-10-22 20:58:00,2021-10-24 22:05:00,2947.0,2021-10-22,2021-10-24,2021,2021,Friday,Sunday,20:58,22:05,1258,1325,WEEKEND_TRANSITION,WEEKEND_TRANSITION
2021-10-25 20:58:00,2021-10-25 22:01:00,63.0,2021-10-25,2021-10-25,2021,2021,Monday,Monday,20:58,22:01,1258,1321,NON_WEEKEND,NON_WEEKEND_GAP
2021-10-26 20:58:00,2021-10-26 22:01:00,63.0,2021-10-26,2021-10-26,2021,2021,Tuesday,Tuesday,20:58,22:01,1258,1321,NON_WEEKEND,NON_WEEKEND_GAP
2021-10-27 20:58:00,2021-10-27 22:01:00,63.0,2021-10-27,2021-10-27,2021,2021,Wednesday,Wednesday,20:58,22:01,1258,1321,NON_WEEKEND,NON_WEEKEND_GAP
2021-10-28 20:58:00,2021-10-28 22:01:00,63.0,2021-10-28,2021-10-28,2021,2021,Thursday,Thursday,20:58,22:01,1258,1321,NON_WEEKEND,NON_WEEKEND_GAP
2021-10-29 20:58:00,2021-10-31 22:05:00,2947.0,2021-10-29,2021-10-31,2021,2021,Friday,Sunday,20:58,22:05,1258,1325,WEEKEND_TRANSITION,WEEKEND_TRANSITION
2021-11-01 20:58:00,2021-11-01 22:01:00,63.0,2021-11-01,2021-11-01,2021,2021,Monday,Monday,20:58,22:01,1258,1321,NON_WEEKEND,NON_WEEKEND_GAP
2021-11-02 20:58:00,2021-11-02 22:01:00,63.0,2021-11-02,2021-11-02,2021,2021,Tuesday,Tuesday,20:58,22:01,1258,1321,NON_WEEKEND,NON_WEEKEND_GAP
2021-11-03 20:58:00,2021-11-03 22:01:00,63.0,2021-11-03,2021-11-03,2021,2021,Wednesday,Wednesday,20:58,22:01,1258,1321,NON_WEEKEND,NON_WEEKEND_GAP
2021-11-04 20:58:00,2021-11-04 22:01:00,63.0,2021-11-04,2021-11-04,2021,2021,Thursday,Thursday,20:58,22:01,1258,1321,NON_WEEKEND,NON_WEEKEND_GAP
2021-11-05 20:58:00,2021-11-07 23:05:00,3007.0,2021-11-05,2021-11-07,2021,2021,Friday,Sunday,20:58,23:05,1258,1385,WEEKEND_TRANSITION,WEEKEND_TRANSITION
2021-11-08 21:58:00,2021-11-08 23:01:00,63.0,2021-11-08,2021-11-08,2021,2021,Monday,Monday,21:58,23:01,1318,1381,NON_WEEKEND,NON_WEEKEND_GAP
2021-11-09 21:58:00,2021-11-09 23:01:00,63.0,2021-11-09,2021-11-09,2021,2021,Tuesday,Tuesday,21:58,23:01,1318,1381,NON_WEEKEND,NON_WEEKEND_GAP
2021-11-10 21:58:00,2021-11-10 23:01:00,63.0,2021-11-10,2021-11-10,2021,2021,Wednesday,Wednesday,21:58,23:01,1318,1381,NON_WEEKEND,NON_WEEKEND_GAP
2021-11-11 21:58:00,2021-11-11 23:01:00,63.0,2021-11-11,2021-11-11,2021,2021,Thursday,Thursday,21:58,23:01,1318,1381,NON_WEEKEND,NON_WEEKEND_GAP
2021-11-12 21:58:00,2021-11-14 23:05:00,2947.0,2021-11-12,2021-11-14,2021,2021,Friday,Sunday,21:58,23:05,1318,1385,WEEKEND_TRANSITION,WEEKEND_TRANSITION
2021-11-15 21:58:00,2021-11-15 23:01:00,63.0,2021-11-15,2021-11-15,2021,2021,Monday,Monday,21:58,23:01,1318,1381,NON_WEEKEND,NON_WEEKEND_GAP
2021-11-16 21:58:00,2021-11-16 23:01:00,63.0,2021-11-16,2021-11-16,2021,2021,Tuesday,Tuesday,21:58,23:01,1318,1381,NON_WEEKEND,NON_WEEKEND_GAP
2021-11-17 21:58:00,2021-11-17 23:01:00,63.0,2021-11-17,2021-11-17,2021,2021,Wednesday,Wednesday,21:58,23:01,1318,1381,NON_WEEKEND,NON_WEEKEND_GAP
2021-11-18 21:58:00,2021-11-18 23:01:00,63.0,2021-11-18,2021-11-18,2021,2021,Thursday,Thursday,21:58,23:01,1318,1381,NON_WEEKEND,NON_WEEKEND_GAP
2021-11-19 21:58:00,2021-11-21 23:05:00,2947.0,2021-11-19,2021-11-21,2021,2021,Friday,Sunday,21:58,23:05,1318,1385,WEEKEND_TRANSITION,WEEKEND_TRANSITION
2021-11-22 21:58:00,2021-11-22 23:01:00,63.0,2021-11-22,2021-11-22,2021,2021,Monday,Monday,21:58,23:01,1318,1381,NON_WEEKEND,NON_WEEKEND_GAP
2021-11-23 21:58:00,2021-11-23 23:01:00,63.0,2021-11-23,2021-11-23,2021,2021,Tuesday,Tuesday,21:58,23:01,1318,1381,NON_WEEKEND,NON_WEEKEND_GAP
2021-11-24 21:58:00,2021-11-24 23:01:00,63.0,2021-11-24,2021-11-24,2021,2021,Wednesday,Wednesday,21:58,23:01,1318,1381,NON_WEEKEND,NON_WEEKEND_GAP
2021-11-25 17:44:00,2021-11-25 23:01:00,317.0,2021-11-25,2021-11-25,2021,2021,Thursday,Thursday,17:44,23:01,1064,1381,NON_WEEKEND,LONG_EXCEPTIONAL_GAP
2021-11-26 18:29:00,2021-11-28 23:05:00,3156.0,2021-11-26,2021-11-28,2021,2021,Friday,Sunday,18:29,23:05,1109,1385,WEEKEND_TRANSITION,WEEKEND_TRANSITION
2021-11-29 21:58:00,2021-11-29 23:01:00,63.0,2021-11-29,2021-11-29,2021,2021,Monday,Monday,21:58,23:01,1318,1381,NON_WEEKEND,NON_WEEKEND_GAP
2021-11-30 21:58:00,2021-11-30 23:01:00,63.0,2021-11-30,2021-11-30,2021,2021,Tuesday,Tuesday,21:58,23:01,1318,1381,NON_WEEKEND,NON_WEEKEND_GAP
2021-12-01 21:58:00,2021-12-01 23:01:00,63.0,2021-12-01,2021-12-01,2021,2021,Wednesday,Wednesday,21:58,23:01,1318,1381,NON_WEEKEND,NON_WEEKEND_GAP
2021-12-02 21:58:00,2021-12-02 23:01:00,63.0,2021-12-02,2021-12-02,2021,2021,Thursday,Thursday,21:58,23:01,1318,1381,NON_WEEKEND,NON_WEEKEND_GAP
2021-12-03 21:58:00,2021-12-05 23:05:00,2947.0,2021-12-03,2021-12-05,2021,2021,Friday,Sunday,21:58,23:05,1318,1385,WEEKEND_TRANSITION,WEEKEND_TRANSITION
2021-12-06 21:58:00,2021-12-06 23:01:00,63.0,2021-12-06,2021-12-06,2021,2021,Monday,Monday,21:58,23:01,1318,1381,NON_WEEKEND,NON_WEEKEND_GAP
2021-12-07 21:58:00,2021-12-07 23:01:00,63.0,2021-12-07,2021-12-07,2021,2021,Tuesday,Tuesday,21:58,23:01,1318,1381,NON_WEEKEND,NON_WEEKEND_GAP
2021-12-08 21:58:00,2021-12-08 23:01:00,63.0,2021-12-08,2021-12-08,2021,2021,Wednesday,Wednesday,21:58,23:01,1318,1381,NON_WEEKEND,NON_WEEKEND_GAP
2021-12-09 21:58:00,2021-12-09 23:01:00,63.0,2021-12-09,2021-12-09,2021,2021,Thursday,Thursday,21:58,23:01,1318,1381,NON_WEEKEND,NON_WEEKEND_GAP
2021-12-10 21:58:00,2021-12-12 23:05:00,2947.0,2021-12-10,2021-12-12,2021,2021,Friday,Sunday,21:58,23:05,1318,1385,WEEKEND_TRANSITION,WEEKEND_TRANSITION
2021-12-13 21:58:00,2021-12-13 23:01:00,63.0,2021-12-13,2021-12-13,2021,2021,Monday,Monday,21:58,23:01,1318,1381,NON_WEEKEND,NON_WEEKEND_GAP
2021-12-14 21:58:00,2021-12-14 23:01:00,63.0,2021-12-14,2021-12-14,2021,2021,Tuesday,Tuesday,21:58,23:01,1318,1381,NON_WEEKEND,NON_WEEKEND_GAP
2021-12-15 21:58:00,2021-12-15 23:01:00,63.0,2021-12-15,2021-12-15,2021,2021,Wednesday,Wednesday,21:58,23:01,1318,1381,NON_WEEKEND,NON_WEEKEND_GAP
2021-12-16 21:58:00,2021-12-16 23:01:00,63.0,2021-12-16,2021-12-16,2021,2021,Thursday,Thursday,21:58,23:01,1318,1381,NON_WEEKEND,NON_WEEKEND_GAP
2021-12-17 21:58:00,2021-12-19 23:05:00,2947.0,2021-12-17,2021-12-19,2021,2021,Friday,Sunday,21:58,23:05,1318,1385,WEEKEND_TRANSITION,WEEKEND_TRANSITION
2021-12-20 21:58:00,2021-12-20 23:01:00,63.0,2021-12-20,2021-12-20,2021,2021,Monday,Monday,21:58,23:01,1318,1381,NON_WEEKEND,NON_WEEKEND_GAP
2021-12-21 21:58:00,2021-12-21 23:01:00,63.0,2021-12-21,2021-12-21,2021,2021,Tuesday,Tuesday,21:58,23:01,1318,1381,NON_WEEKEND,NON_WEEKEND_GAP
2021-12-22 21:58:00,2021-12-22 23:01:00,63.0,2021-12-22,2021-12-22,2021,2021,Wednesday,Wednesday,21:58,23:01,1318,1381,NON_WEEKEND,NON_WEEKEND_GAP
2021-12-23 21:58:00,2021-12-26 23:05:00,4387.0,2021-12-23,2021-12-26,2021,2021,Thursday,Sunday,21:58,23:05,1318,1385,NON_WEEKEND,LONG_EXCEPTIONAL_GAP
2021-12-27 21:26:00,2021-12-27 21:28:00,2.0,2021-12-27,2021-12-27,2021,2021,Monday,Monday,21:26,21:28,1286,1288,NON_WEEKEND,NON_WEEKEND_GAP
2021-12-27 21:58:00,2021-12-27 23:01:00,63.0,2021-12-27,2021-12-27,2021,2021,Monday,Monday,21:58,23:01,1318,1381,NON_WEEKEND,NON_WEEKEND_GAP
2021-12-28 21:58:00,2021-12-28 23:01:00,63.0,2021-12-28,2021-12-28,2021,2021,Tuesday,Tuesday,21:58,23:01,1318,1381,NON_WEEKEND,NON_WEEKEND_GAP
2021-12-29 21:58:00,2021-12-29 23:01:00,63.0,2021-12-29,2021-12-29,2021,2021,Wednesday,Wednesday,21:58,23:01,1318,1381,NON_WEEKEND,NON_WEEKEND_GAP
2021-12-30 21:58:00,2021-12-30 23:01:00,63.0,2021-12-30,2021-12-30,2021,2021,Thursday,Thursday,21:58,23:01,1318,1381,NON_WEEKEND,NON_WEEKEND_GAP
2021-12-31 19:58:00,2022-01-02 23:05:00,3067.0,2021-12-31,2022-01-02,2021,2022,Friday,Sunday,19:58,23:05,1198,1385,WEEKEND_TRANSITION,WEEKEND_TRANSITION
2022-01-03 21:58:00,2022-01-03 23:01:00,63.0,2022-01-03,2022-01-03,2022,2022,Monday,Monday,21:58,23:01,1318,1381,NON_WEEKEND,NON_WEEKEND_GAP
2022-01-04 21:58:00,2022-01-04 23:01:00,63.0,2022-01-04,2022-01-04,2022,2022,Tuesday,Tuesday,21:58,23:01,1318,1381,NON_WEEKEND,NON_WEEKEND_GAP
2022-01-05 21:58:00,2022-01-05 23:01:00,63.0,2022-01-05,2022-01-05,2022,2022,Wednesday,Wednesday,21:58,23:01,1318,1381,NON_WEEKEND,NON_WEEKEND_GAP
2022-01-06 21:58:00,2022-01-06 23:01:00,63.0,2022-01-06,2022-01-06,2022,2022,Thursday,Thursday,21:58,23:01,1318,1381,NON_WEEKEND,NON_WEEKEND_GAP
2022-01-07 21:58:00,2022-01-09 23:05:00,2947.0,2022-01-07,2022-01-09,2022,2022,Friday,Sunday,21:58,23:05,1318,1385,WEEKEND_TRANSITION,WEEKEND_TRANSITION
2022-01-10 21:45:00,2022-01-10 21:47:00,2.0,2022-01-10,2022-01-10,2022,2022,Monday,Monday,21:45,21:47,1305,1307,NON_WEEKEND,NON_WEEKEND_GAP
2022-01-10 21:58:00,2022-01-10 23:01:00,63.0,2022-01-10,2022-01-10,2022,2022,Monday,Monday,21:58,23:01,1318,1381,NON_WEEKEND,NON_WEEKEND_GAP
2022-01-11 21:58:00,2022-01-11 23:01:00,63.0,2022-01-11,2022-01-11,2022,2022,Tuesday,Tuesday,21:58,23:01,1318,1381,NON_WEEKEND,NON_WEEKEND_GAP
2022-01-12 21:58:00,2022-01-12 23:01:00,63.0,2022-01-12,2022-01-12,2022,2022,Wednesday,Wednesday,21:58,23:01,1318,1381,NON_WEEKEND,NON_WEEKEND_GAP
2022-01-13 21:58:00,2022-01-13 23:01:00,63.0,2022-01-13,2022-01-13,2022,2022,Thursday,Thursday,21:58,23:01,1318,1381,NON_WEEKEND,NON_WEEKEND_GAP
2022-01-14 21:58:00,2022-01-16 23:05:00,2947.0,2022-01-14,2022-01-16,2022,2022,Friday,Sunday,21:58,23:05,1318,1385,WEEKEND_TRANSITION,WEEKEND_TRANSITION
2022-01-17 19:12:00,2022-01-17 23:01:00,229.0,2022-01-17,2022-01-17,2022,2022,Monday,Monday,19:12,23:01,1152,1381,NON_WEEKEND,LONG_EXCEPTIONAL_GAP
2022-01-18 21:58:00,2022-01-18 23:01:00,63.0,2022-01-18,2022-01-18,2022,2022,Tuesday,Tuesday,21:58,23:01,1318,1381,NON_WEEKEND,NON_WEEKEND_GAP
2022-01-19 21:58:00,2022-01-19 23:01:00,63.0,2022-01-19,2022-01-19,2022,2022,Wednesday,Wednesday,21:58,23:01,1318,1381,NON_WEEKEND,NON_WEEKEND_GAP
2022-01-20 21:58:00,2022-01-20 23:01:00,63.0,2022-01-20,2022-01-20,2022,2022,Thursday,Thursday,21:58,23:01,1318,1381,NON_WEEKEND,NON_WEEKEND_GAP
2022-01-21 21:58:00,2022-01-23 23:05:00,2947.0,2022-01-21,2022-01-23,2022,2022,Friday,Sunday,21:58,23:05,1318,1385,WEEKEND_TRANSITION,WEEKEND_TRANSITION
2022-01-24 21:58:00,2022-01-24 23:01:00,63.0,2022-01-24,2022-01-24,2022,2022,Monday,Monday,21:58,23:01,1318,1381,NON_WEEKEND,NON_WEEKEND_GAP
2022-01-25 21:58:00,2022-01-25 23:01:00,63.0,2022-01-25,2022-01-25,2022,2022,Tuesday,Tuesday,21:58,23:01,1318,1381,NON_WEEKEND,NON_WEEKEND_GAP
2022-01-26 21:58:00,2022-01-26 23:01:00,63.0,2022-01-26,2022-01-26,2022,2022,Wednesday,Wednesday,21:58,23:01,1318,1381,NON_WEEKEND,NON_WEEKEND_GAP
2022-01-27 21:58:00,2022-01-27 23:01:00,63.0,2022-01-27,2022-01-27,2022,2022,Thursday,Thursday,21:58,23:01,1318,1381,NON_WEEKEND,NON_WEEKEND_GAP
2022-01-28 21:58:00,2022-01-30 23:05:00,2947.0,2022-01-28,2022-01-30,2022,2022,Friday,Sunday,21:58,23:05,1318,1385,WEEKEND_TRANSITION,WEEKEND_TRANSITION
2022-01-31 21:58:00,2022-01-31 23:01:00,63.0,2022-01-31,2022-01-31,2022,2022,Monday,Monday,21:58,23:01,1318,1381,NON_WEEKEND,NON_WEEKEND_GAP
2022-02-01 21:58:00,2022-02-01 23:01:00,63.0,2022-02-01,2022-02-01,2022,2022,Tuesday,Tuesday,21:58,23:01,1318,1381,NON_WEEKEND,NON_WEEKEND_GAP
2022-02-02 21:58:00,2022-02-02 23:01:00,63.0,2022-02-02,2022-02-02,2022,2022,Wednesday,Wednesday,21:58,23:01,1318,1381,NON_WEEKEND,NON_WEEKEND_GAP
2022-02-03 21:58:00,2022-02-03 23:01:00,63.0,2022-02-03,2022-02-03,2022,2022,Thursday,Thursday,21:58,23:01,1318,1381,NON_WEEKEND,NON_WEEKEND_GAP
2022-02-04 21:58:00,2022-02-06 23:05:00,2947.0,2022-02-04,2022-02-06,2022,2022,Friday,Sunday,21:58,23:05,1318,1385,WEEKEND_TRANSITION,WEEKEND_TRANSITION
2022-02-07 21:58:00,2022-02-07 23:01:00,63.0,2022-02-07,2022-02-07,2022,2022,Monday,Monday,21:58,23:01,1318,1381,NON_WEEKEND,NON_WEEKEND_GAP
2022-02-08 21:58:00,2022-02-08 23:01:00,63.0,2022-02-08,2022-02-08,2022,2022,Tuesday,Tuesday,21:58,23:01,1318,1381,NON_WEEKEND,NON_WEEKEND_GAP
2022-02-08 23:46:00,2022-02-09 01:22:00,96.0,2022-02-08,2022-02-09,2022,2022,Tuesday,Wednesday,23:46,01:22,1426,82,NON_WEEKEND,NON_WEEKEND_GAP
2022-02-09 21:58:00,2022-02-09 23:01:00,63.0,2022-02-09,2022-02-09,2022,2022,Wednesday,Wednesday,21:58,23:01,1318,1381,NON_WEEKEND,NON_WEEKEND_GAP
2022-02-10 21:58:00,2022-02-10 23:01:00,63.0,2022-02-10,2022-02-10,2022,2022,Thursday,Thursday,21:58,23:01,1318,1381,NON_WEEKEND,NON_WEEKEND_GAP
2022-02-11 21:58:00,2022-02-13 23:05:00,2947.0,2022-02-11,2022-02-13,2022,2022,Friday,Sunday,21:58,23:05,1318,1385,WEEKEND_TRANSITION,WEEKEND_TRANSITION
2022-02-14 21:58:00,2022-02-14 23:01:00,63.0,2022-02-14,2022-02-14,2022,2022,Monday,Monday,21:58,23:01,1318,1381,NON_WEEKEND,NON_WEEKEND_GAP
2022-02-15 21:58:00,2022-02-15 23:01:00,63.0,2022-02-15,2022-02-15,2022,2022,Tuesday,Tuesday,21:58,23:01,1318,1381,NON_WEEKEND,NON_WEEKEND_GAP
2022-02-16 21:58:00,2022-02-16 23:01:00,63.0,2022-02-16,2022-02-16,2022,2022,Wednesday,Wednesday,21:58,23:01,1318,1381,NON_WEEKEND,NON_WEEKEND_GAP
2022-02-17 21:58:00,2022-02-17 23:01:00,63.0,2022-02-17,2022-02-17,2022,2022,Thursday,Thursday,21:58,23:01,1318,1381,NON_WEEKEND,NON_WEEKEND_GAP
2022-02-18 21:58:00,2022-02-20 23:05:00,2947.0,2022-02-18,2022-02-20,2022,2022,Friday,Sunday,21:58,23:05,1318,1385,WEEKEND_TRANSITION,WEEKEND_TRANSITION
2022-02-21 19:14:00,2022-02-21 23:01:00,227.0,2022-02-21,2022-02-21,2022,2022,Monday,Monday,19:14,23:01,1154,1381,NON_WEEKEND,LONG_EXCEPTIONAL_GAP
2022-02-22 21:58:00,2022-02-22 23:01:00,63.0,2022-02-22,2022-02-22,2022,2022,Tuesday,Tuesday,21:58,23:01,1318,1381,NON_WEEKEND,NON_WEEKEND_GAP
2022-02-23 21:58:00,2022-02-23 23:01:00,63.0,2022-02-23,2022-02-23,2022,2022,Wednesday,Wednesday,21:58,23:01,1318,1381,NON_WEEKEND,NON_WEEKEND_GAP
2022-02-24 21:58:00,2022-02-24 23:01:00,63.0,2022-02-24,2022-02-24,2022,2022,Thursday,Thursday,21:58,23:01,1318,1381,NON_WEEKEND,NON_WEEKEND_GAP
2022-02-25 21:58:00,2022-02-27 23:05:00,2947.0,2022-02-25,2022-02-27,2022,2022,Friday,Sunday,21:58,23:05,1318,1385,WEEKEND_TRANSITION,WEEKEND_TRANSITION
2022-02-28 21:58:00,2022-02-28 23:01:00,63.0,2022-02-28,2022-02-28,2022,2022,Monday,Monday,21:58,23:01,1318,1381,NON_WEEKEND,NON_WEEKEND_GAP
2022-03-01 21:58:00,2022-03-01 23:01:00,63.0,2022-03-01,2022-03-01,2022,2022,Tuesday,Tuesday,21:58,23:01,1318,1381,NON_WEEKEND,NON_WEEKEND_GAP
2022-03-02 21:58:00,2022-03-02 23:01:00,63.0,2022-03-02,2022-03-02,2022,2022,Wednesday,Wednesday,21:58,23:01,1318,1381,NON_WEEKEND,NON_WEEKEND_GAP
2022-03-03 21:58:00,2022-03-03 23:01:00,63.0,2022-03-03,2022-03-03,2022,2022,Thursday,Thursday,21:58,23:01,1318,1381,NON_WEEKEND,NON_WEEKEND_GAP
2022-03-04 21:58:00,2022-03-06 23:05:00,2947.0,2022-03-04,2022-03-06,2022,2022,Friday,Sunday,21:58,23:05,1318,1385,WEEKEND_TRANSITION,WEEKEND_TRANSITION
2022-03-07 21:58:00,2022-03-07 23:01:00,63.0,2022-03-07,2022-03-07,2022,2022,Monday,Monday,21:58,23:01,1318,1381,NON_WEEKEND,NON_WEEKEND_GAP
2022-03-08 21:58:00,2022-03-08 23:01:00,63.0,2022-03-08,2022-03-08,2022,2022,Tuesday,Tuesday,21:58,23:01,1318,1381,NON_WEEKEND,NON_WEEKEND_GAP
2022-03-09 21:58:00,2022-03-09 23:01:00,63.0,2022-03-09,2022-03-09,2022,2022,Wednesday,Wednesday,21:58,23:01,1318,1381,NON_WEEKEND,NON_WEEKEND_GAP
2022-03-10 21:58:00,2022-03-10 23:01:00,63.0,2022-03-10,2022-03-10,2022,2022,Thursday,Thursday,21:58,23:01,1318,1381,NON_WEEKEND,NON_WEEKEND_GAP
2022-03-11 21:58:00,2022-03-13 22:05:00,2887.0,2022-03-11,2022-03-13,2022,2022,Friday,Sunday,21:58,22:05,1318,1325,WEEKEND_TRANSITION,WEEKEND_TRANSITION
2022-03-14 20:58:00,2022-03-14 22:01:00,63.0,2022-03-14,2022-03-14,2022,2022,Monday,Monday,20:58,22:01,1258,1321,NON_WEEKEND,NON_WEEKEND_GAP
2022-03-15 20:58:00,2022-03-15 22:01:00,63.0,2022-03-15,2022-03-15,2022,2022,Tuesday,Tuesday,20:58,22:01,1258,1321,NON_WEEKEND,NON_WEEKEND_GAP
2022-03-16 20:58:00,2022-03-16 22:01:00,63.0,2022-03-16,2022-03-16,2022,2022,Wednesday,Wednesday,20:58,22:01,1258,1321,NON_WEEKEND,NON_WEEKEND_GAP
2022-03-17 20:58:00,2022-03-17 22:01:00,63.0,2022-03-17,2022-03-17,2022,2022,Thursday,Thursday,20:58,22:01,1258,1321,NON_WEEKEND,NON_WEEKEND_GAP
2022-03-18 20:58:00,2022-03-20 22:05:00,2947.0,2022-03-18,2022-03-20,2022,2022,Friday,Sunday,20:58,22:05,1258,1325,WEEKEND_TRANSITION,WEEKEND_TRANSITION
2022-03-21 20:57:00,2022-03-21 22:01:00,64.0,2022-03-21,2022-03-21,2022,2022,Monday,Monday,20:57,22:01,1257,1321,NON_WEEKEND,NON_WEEKEND_GAP
2022-03-22 20:57:00,2022-03-22 22:01:00,64.0,2022-03-22,2022-03-22,2022,2022,Tuesday,Tuesday,20:57,22:01,1257,1321,NON_WEEKEND,NON_WEEKEND_GAP
2022-03-23 20:57:00,2022-03-23 22:01:00,64.0,2022-03-23,2022-03-23,2022,2022,Wednesday,Wednesday,20:57,22:01,1257,1321,NON_WEEKEND,NON_WEEKEND_GAP
2022-03-24 20:57:00,2022-03-24 22:01:00,64.0,2022-03-24,2022-03-24,2022,2022,Thursday,Thursday,20:57,22:01,1257,1321,NON_WEEKEND,NON_WEEKEND_GAP
2022-03-25 20:57:00,2022-03-27 22:05:00,2948.0,2022-03-25,2022-03-27,2022,2022,Friday,Sunday,20:57,22:05,1257,1325,WEEKEND_TRANSITION,WEEKEND_TRANSITION
2022-03-28 20:57:00,2022-03-28 22:01:00,64.0,2022-03-28,2022-03-28,2022,2022,Monday,Monday,20:57,22:01,1257,1321,NON_WEEKEND,NON_WEEKEND_GAP
2022-03-29 20:57:00,2022-03-29 22:01:00,64.0,2022-03-29,2022-03-29,2022,2022,Tuesday,Tuesday,20:57,22:01,1257,1321,NON_WEEKEND,NON_WEEKEND_GAP
2022-03-30 20:57:00,2022-03-30 22:01:00,64.0,2022-03-30,2022-03-30,2022,2022,Wednesday,Wednesday,20:57,22:01,1257,1321,NON_WEEKEND,NON_WEEKEND_GAP
2022-03-31 20:57:00,2022-03-31 22:01:00,64.0,2022-03-31,2022-03-31,2022,2022,Thursday,Thursday,20:57,22:01,1257,1321,NON_WEEKEND,NON_WEEKEND_GAP
2022-04-01 20:57:00,2022-04-03 22:05:00,2948.0,2022-04-01,2022-04-03,2022,2022,Friday,Sunday,20:57,22:05,1257,1325,WEEKEND_TRANSITION,WEEKEND_TRANSITION
2022-04-04 20:57:00,2022-04-04 22:01:00,64.0,2022-04-04,2022-04-04,2022,2022,Monday,Monday,20:57,22:01,1257,1321,NON_WEEKEND,NON_WEEKEND_GAP
2022-04-05 20:57:00,2022-04-05 22:01:00,64.0,2022-04-05,2022-04-05,2022,2022,Tuesday,Tuesday,20:57,22:01,1257,1321,NON_WEEKEND,NON_WEEKEND_GAP
2022-04-06 20:57:00,2022-04-06 22:01:00,64.0,2022-04-06,2022-04-06,2022,2022,Wednesday,Wednesday,20:57,22:01,1257,1321,NON_WEEKEND,NON_WEEKEND_GAP
2022-04-07 20:57:00,2022-04-07 22:01:00,64.0,2022-04-07,2022-04-07,2022,2022,Thursday,Thursday,20:57,22:01,1257,1321,NON_WEEKEND,NON_WEEKEND_GAP
2022-04-08 20:57:00,2022-04-10 22:05:00,2948.0,2022-04-08,2022-04-10,2022,2022,Friday,Sunday,20:57,22:05,1257,1325,WEEKEND_TRANSITION,WEEKEND_TRANSITION
2022-04-11 20:57:00,2022-04-11 22:01:00,64.0,2022-04-11,2022-04-11,2022,2022,Monday,Monday,20:57,22:01,1257,1321,NON_WEEKEND,NON_WEEKEND_GAP
2022-04-12 20:57:00,2022-04-12 22:01:00,64.0,2022-04-12,2022-04-12,2022,2022,Tuesday,Tuesday,20:57,22:01,1257,1321,NON_WEEKEND,NON_WEEKEND_GAP
2022-04-13 20:57:00,2022-04-13 22:01:00,64.0,2022-04-13,2022-04-13,2022,2022,Wednesday,Wednesday,20:57,22:01,1257,1321,NON_WEEKEND,NON_WEEKEND_GAP
2022-04-14 20:57:00,2022-04-17 22:05:00,4388.0,2022-04-14,2022-04-17,2022,2022,Thursday,Sunday,20:57,22:05,1257,1325,NON_WEEKEND,LONG_EXCEPTIONAL_GAP
2022-04-18 20:57:00,2022-04-18 22:01:00,64.0,2022-04-18,2022-04-18,2022,2022,Monday,Monday,20:57,22:01,1257,1321,NON_WEEKEND,NON_WEEKEND_GAP
2022-04-19 20:57:00,2022-04-19 22:01:00,64.0,2022-04-19,2022-04-19,2022,2022,Tuesday,Tuesday,20:57,22:01,1257,1321,NON_WEEKEND,NON_WEEKEND_GAP
2022-04-20 20:57:00,2022-04-20 22:01:00,64.0,2022-04-20,2022-04-20,2022,2022,Wednesday,Wednesday,20:57,22:01,1257,1321,NON_WEEKEND,NON_WEEKEND_GAP
2022-04-21 20:57:00,2022-04-21 22:01:00,64.0,2022-04-21,2022-04-21,2022,2022,Thursday,Thursday,20:57,22:01,1257,1321,NON_WEEKEND,NON_WEEKEND_GAP
2022-04-22 20:57:00,2022-04-24 22:05:00,2948.0,2022-04-22,2022-04-24,2022,2022,Friday,Sunday,20:57,22:05,1257,1325,WEEKEND_TRANSITION,WEEKEND_TRANSITION
2022-04-25 20:57:00,2022-04-25 22:01:00,64.0,2022-04-25,2022-04-25,2022,2022,Monday,Monday,20:57,22:01,1257,1321,NON_WEEKEND,NON_WEEKEND_GAP
2022-04-26 20:57:00,2022-04-26 22:01:00,64.0,2022-04-26,2022-04-26,2022,2022,Tuesday,Tuesday,20:57,22:01,1257,1321,NON_WEEKEND,NON_WEEKEND_GAP
2022-04-27 20:57:00,2022-04-27 22:01:00,64.0,2022-04-27,2022-04-27,2022,2022,Wednesday,Wednesday,20:57,22:01,1257,1321,NON_WEEKEND,NON_WEEKEND_GAP
2022-04-28 20:57:00,2022-04-28 22:01:00,64.0,2022-04-28,2022-04-28,2022,2022,Thursday,Thursday,20:57,22:01,1257,1321,NON_WEEKEND,NON_WEEKEND_GAP
2022-04-29 20:57:00,2022-05-01 22:05:00,2948.0,2022-04-29,2022-05-01,2022,2022,Friday,Sunday,20:57,22:05,1257,1325,WEEKEND_TRANSITION,WEEKEND_TRANSITION
2022-05-02 20:57:00,2022-05-02 22:01:00,64.0,2022-05-02,2022-05-02,2022,2022,Monday,Monday,20:57,22:01,1257,1321,NON_WEEKEND,NON_WEEKEND_GAP
2022-05-03 20:57:00,2022-05-03 22:01:00,64.0,2022-05-03,2022-05-03,2022,2022,Tuesday,Tuesday,20:57,22:01,1257,1321,NON_WEEKEND,NON_WEEKEND_GAP
2022-05-04 19:12:00,2022-05-04 19:14:00,2.0,2022-05-04,2022-05-04,2022,2022,Wednesday,Wednesday,19:12,19:14,1152,1154,NON_WEEKEND,NON_WEEKEND_GAP
2022-05-04 20:57:00,2022-05-04 22:01:00,64.0,2022-05-04,2022-05-04,2022,2022,Wednesday,Wednesday,20:57,22:01,1257,1321,NON_WEEKEND,NON_WEEKEND_GAP
2022-05-05 20:57:00,2022-05-05 22:01:00,64.0,2022-05-05,2022-05-05,2022,2022,Thursday,Thursday,20:57,22:01,1257,1321,NON_WEEKEND,NON_WEEKEND_GAP
2022-05-06 20:57:00,2022-05-08 22:05:00,2948.0,2022-05-06,2022-05-08,2022,2022,Friday,Sunday,20:57,22:05,1257,1325,WEEKEND_TRANSITION,WEEKEND_TRANSITION
2022-05-09 20:57:00,2022-05-09 22:01:00,64.0,2022-05-09,2022-05-09,2022,2022,Monday,Monday,20:57,22:01,1257,1321,NON_WEEKEND,NON_WEEKEND_GAP
2022-05-10 20:57:00,2022-05-10 22:01:00,64.0,2022-05-10,2022-05-10,2022,2022,Tuesday,Tuesday,20:57,22:01,1257,1321,NON_WEEKEND,NON_WEEKEND_GAP
2022-05-11 20:57:00,2022-05-11 22:01:00,64.0,2022-05-11,2022-05-11,2022,2022,Wednesday,Wednesday,20:57,22:01,1257,1321,NON_WEEKEND,NON_WEEKEND_GAP
2022-05-12 20:57:00,2022-05-12 22:01:00,64.0,2022-05-12,2022-05-12,2022,2022,Thursday,Thursday,20:57,22:01,1257,1321,NON_WEEKEND,NON_WEEKEND_GAP
2022-05-13 20:57:00,2022-05-15 22:05:00,2948.0,2022-05-13,2022-05-15,2022,2022,Friday,Sunday,20:57,22:05,1257,1325,WEEKEND_TRANSITION,WEEKEND_TRANSITION
2022-05-16 20:57:00,2022-05-16 22:01:00,64.0,2022-05-16,2022-05-16,2022,2022,Monday,Monday,20:57,22:01,1257,1321,NON_WEEKEND,NON_WEEKEND_GAP
2022-05-17 20:57:00,2022-05-17 22:01:00,64.0,2022-05-17,2022-05-17,2022,2022,Tuesday,Tuesday,20:57,22:01,1257,1321,NON_WEEKEND,NON_WEEKEND_GAP
2022-05-18 20:57:00,2022-05-18 22:01:00,64.0,2022-05-18,2022-05-18,2022,2022,Wednesday,Wednesday,20:57,22:01,1257,1321,NON_WEEKEND,NON_WEEKEND_GAP
2022-05-19 20:57:00,2022-05-19 22:01:00,64.0,2022-05-19,2022-05-19,2022,2022,Thursday,Thursday,20:57,22:01,1257,1321,NON_WEEKEND,NON_WEEKEND_GAP
2022-05-20 20:57:00,2022-05-22 22:05:00,2948.0,2022-05-20,2022-05-22,2022,2022,Friday,Sunday,20:57,22:05,1257,1325,WEEKEND_TRANSITION,WEEKEND_TRANSITION
2022-05-23 20:57:00,2022-05-23 22:01:00,64.0,2022-05-23,2022-05-23,2022,2022,Monday,Monday,20:57,22:01,1257,1321,NON_WEEKEND,NON_WEEKEND_GAP
2022-05-24 20:57:00,2022-05-24 22:01:00,64.0,2022-05-24,2022-05-24,2022,2022,Tuesday,Tuesday,20:57,22:01,1257,1321,NON_WEEKEND,NON_WEEKEND_GAP
2022-05-25 20:57:00,2022-05-25 22:01:00,64.0,2022-05-25,2022-05-25,2022,2022,Wednesday,Wednesday,20:57,22:01,1257,1321,NON_WEEKEND,NON_WEEKEND_GAP
2022-05-26 20:57:00,2022-05-26 22:01:00,64.0,2022-05-26,2022-05-26,2022,2022,Thursday,Thursday,20:57,22:01,1257,1321,NON_WEEKEND,NON_WEEKEND_GAP
2022-05-27 20:57:00,2022-05-29 22:05:00,2948.0,2022-05-27,2022-05-29,2022,2022,Friday,Sunday,20:57,22:05,1257,1325,WEEKEND_TRANSITION,WEEKEND_TRANSITION
2022-05-30 17:15:00,2022-05-30 22:01:00,286.0,2022-05-30,2022-05-30,2022,2022,Monday,Monday,17:15,22:01,1035,1321,NON_WEEKEND,LONG_EXCEPTIONAL_GAP
2022-05-31 20:57:00,2022-05-31 22:01:00,64.0,2022-05-31,2022-05-31,2022,2022,Tuesday,Tuesday,20:57,22:01,1257,1321,NON_WEEKEND,NON_WEEKEND_GAP
2022-06-01 20:57:00,2022-06-01 22:01:00,64.0,2022-06-01,2022-06-01,2022,2022,Wednesday,Wednesday,20:57,22:01,1257,1321,NON_WEEKEND,NON_WEEKEND_GAP
2022-06-02 20:57:00,2022-06-02 22:01:00,64.0,2022-06-02,2022-06-02,2022,2022,Thursday,Thursday,20:57,22:01,1257,1321,NON_WEEKEND,NON_WEEKEND_GAP
2022-06-03 20:57:00,2022-06-05 22:05:00,2948.0,2022-06-03,2022-06-05,2022,2022,Friday,Sunday,20:57,22:05,1257,1325,WEEKEND_TRANSITION,WEEKEND_TRANSITION
2022-06-06 20:57:00,2022-06-06 22:01:00,64.0,2022-06-06,2022-06-06,2022,2022,Monday,Monday,20:57,22:01,1257,1321,NON_WEEKEND,NON_WEEKEND_GAP
2022-06-07 20:57:00,2022-06-07 22:01:00,64.0,2022-06-07,2022-06-07,2022,2022,Tuesday,Tuesday,20:57,22:01,1257,1321,NON_WEEKEND,NON_WEEKEND_GAP
2022-06-08 20:57:00,2022-06-08 22:01:00,64.0,2022-06-08,2022-06-08,2022,2022,Wednesday,Wednesday,20:57,22:01,1257,1321,NON_WEEKEND,NON_WEEKEND_GAP
2022-06-09 20:57:00,2022-06-09 22:01:00,64.0,2022-06-09,2022-06-09,2022,2022,Thursday,Thursday,20:57,22:01,1257,1321,NON_WEEKEND,NON_WEEKEND_GAP
2022-06-10 20:57:00,2022-06-12 22:05:00,2948.0,2022-06-10,2022-06-12,2022,2022,Friday,Sunday,20:57,22:05,1257,1325,WEEKEND_TRANSITION,WEEKEND_TRANSITION
2022-06-13 20:57:00,2022-06-13 22:01:00,64.0,2022-06-13,2022-06-13,2022,2022,Monday,Monday,20:57,22:01,1257,1321,NON_WEEKEND,NON_WEEKEND_GAP
2022-06-14 20:57:00,2022-06-14 22:01:00,64.0,2022-06-14,2022-06-14,2022,2022,Tuesday,Tuesday,20:57,22:01,1257,1321,NON_WEEKEND,NON_WEEKEND_GAP
2022-06-15 07:56:00,2022-06-15 07:58:00,2.0,2022-06-15,2022-06-15,2022,2022,Wednesday,Wednesday,07:56,07:58,476,478,NON_WEEKEND,NON_WEEKEND_GAP
2022-06-15 20:57:00,2022-06-15 22:01:00,64.0,2022-06-15,2022-06-15,2022,2022,Wednesday,Wednesday,20:57,22:01,1257,1321,NON_WEEKEND,NON_WEEKEND_GAP
2022-06-16 20:57:00,2022-06-16 22:01:00,64.0,2022-06-16,2022-06-16,2022,2022,Thursday,Thursday,20:57,22:01,1257,1321,NON_WEEKEND,NON_WEEKEND_GAP
2022-06-17 20:57:00,2022-06-19 22:05:00,2948.0,2022-06-17,2022-06-19,2022,2022,Friday,Sunday,20:57,22:05,1257,1325,WEEKEND_TRANSITION,WEEKEND_TRANSITION
2022-06-20 17:14:00,2022-06-20 22:01:00,287.0,2022-06-20,2022-06-20,2022,2022,Monday,Monday,17:14,22:01,1034,1321,NON_WEEKEND,LONG_EXCEPTIONAL_GAP
2022-06-21 20:57:00,2022-06-21 22:01:00,64.0,2022-06-21,2022-06-21,2022,2022,Tuesday,Tuesday,20:57,22:01,1257,1321,NON_WEEKEND,NON_WEEKEND_GAP
2022-06-22 20:57:00,2022-06-22 22:01:00,64.0,2022-06-22,2022-06-22,2022,2022,Wednesday,Wednesday,20:57,22:01,1257,1321,NON_WEEKEND,NON_WEEKEND_GAP
2022-06-23 20:57:00,2022-06-23 22:01:00,64.0,2022-06-23,2022-06-23,2022,2022,Thursday,Thursday,20:57,22:01,1257,1321,NON_WEEKEND,NON_WEEKEND_GAP
2022-06-24 20:57:00,2022-06-26 22:05:00,2948.0,2022-06-24,2022-06-26,2022,2022,Friday,Sunday,20:57,22:05,1257,1325,WEEKEND_TRANSITION,WEEKEND_TRANSITION
2022-06-27 20:57:00,2022-06-27 22:01:00,64.0,2022-06-27,2022-06-27,2022,2022,Monday,Monday,20:57,22:01,1257,1321,NON_WEEKEND,NON_WEEKEND_GAP
2022-06-28 20:57:00,2022-06-28 22:01:00,64.0,2022-06-28,2022-06-28,2022,2022,Tuesday,Tuesday,20:57,22:01,1257,1321,NON_WEEKEND,NON_WEEKEND_GAP
2022-06-29 20:57:00,2022-06-29 22:01:00,64.0,2022-06-29,2022-06-29,2022,2022,Wednesday,Wednesday,20:57,22:01,1257,1321,NON_WEEKEND,NON_WEEKEND_GAP
2022-06-30 20:57:00,2022-06-30 22:01:00,64.0,2022-06-30,2022-06-30,2022,2022,Thursday,Thursday,20:57,22:01,1257,1321,NON_WEEKEND,NON_WEEKEND_GAP
2022-07-01 20:57:00,2022-07-03 22:05:00,2948.0,2022-07-01,2022-07-03,2022,2022,Friday,Sunday,20:57,22:05,1257,1325,WEEKEND_TRANSITION,WEEKEND_TRANSITION
2022-07-04 17:15:00,2022-07-04 22:01:00,286.0,2022-07-04,2022-07-04,2022,2022,Monday,Monday,17:15,22:01,1035,1321,NON_WEEKEND,LONG_EXCEPTIONAL_GAP
2022-07-05 20:57:00,2022-07-05 22:01:00,64.0,2022-07-05,2022-07-05,2022,2022,Tuesday,Tuesday,20:57,22:01,1257,1321,NON_WEEKEND,NON_WEEKEND_GAP
2022-07-06 20:57:00,2022-07-06 22:01:00,64.0,2022-07-06,2022-07-06,2022,2022,Wednesday,Wednesday,20:57,22:01,1257,1321,NON_WEEKEND,NON_WEEKEND_GAP
2022-07-07 20:57:00,2022-07-07 22:01:00,64.0,2022-07-07,2022-07-07,2022,2022,Thursday,Thursday,20:57,22:01,1257,1321,NON_WEEKEND,NON_WEEKEND_GAP
2022-07-08 20:57:00,2022-07-10 22:05:00,2948.0,2022-07-08,2022-07-10,2022,2022,Friday,Sunday,20:57,22:05,1257,1325,WEEKEND_TRANSITION,WEEKEND_TRANSITION
2022-07-11 20:57:00,2022-07-11 22:01:00,64.0,2022-07-11,2022-07-11,2022,2022,Monday,Monday,20:57,22:01,1257,1321,NON_WEEKEND,NON_WEEKEND_GAP
2022-07-12 20:57:00,2022-07-12 22:01:00,64.0,2022-07-12,2022-07-12,2022,2022,Tuesday,Tuesday,20:57,22:01,1257,1321,NON_WEEKEND,NON_WEEKEND_GAP
2022-07-13 20:57:00,2022-07-13 22:01:00,64.0,2022-07-13,2022-07-13,2022,2022,Wednesday,Wednesday,20:57,22:01,1257,1321,NON_WEEKEND,NON_WEEKEND_GAP
2022-07-14 20:57:00,2022-07-14 22:01:00,64.0,2022-07-14,2022-07-14,2022,2022,Thursday,Thursday,20:57,22:01,1257,1321,NON_WEEKEND,NON_WEEKEND_GAP
2022-07-15 20:57:00,2022-07-17 22:05:00,2948.0,2022-07-15,2022-07-17,2022,2022,Friday,Sunday,20:57,22:05,1257,1325,WEEKEND_TRANSITION,WEEKEND_TRANSITION
2022-07-18 20:57:00,2022-07-18 22:01:00,64.0,2022-07-18,2022-07-18,2022,2022,Monday,Monday,20:57,22:01,1257,1321,NON_WEEKEND,NON_WEEKEND_GAP
2022-07-19 20:57:00,2022-07-19 22:01:00,64.0,2022-07-19,2022-07-19,2022,2022,Tuesday,Tuesday,20:57,22:01,1257,1321,NON_WEEKEND,NON_WEEKEND_GAP
2022-07-20 20:57:00,2022-07-20 22:01:00,64.0,2022-07-20,2022-07-20,2022,2022,Wednesday,Wednesday,20:57,22:01,1257,1321,NON_WEEKEND,NON_WEEKEND_GAP
2022-07-21 20:57:00,2022-07-21 22:01:00,64.0,2022-07-21,2022-07-21,2022,2022,Thursday,Thursday,20:57,22:01,1257,1321,NON_WEEKEND,NON_WEEKEND_GAP
2022-07-22 20:57:00,2022-07-24 22:05:00,2948.0,2022-07-22,2022-07-24,2022,2022,Friday,Sunday,20:57,22:05,1257,1325,WEEKEND_TRANSITION,WEEKEND_TRANSITION
2022-07-25 20:57:00,2022-07-25 22:01:00,64.0,2022-07-25,2022-07-25,2022,2022,Monday,Monday,20:57,22:01,1257,1321,NON_WEEKEND,NON_WEEKEND_GAP
2022-07-26 20:57:00,2022-07-26 22:01:00,64.0,2022-07-26,2022-07-26,2022,2022,Tuesday,Tuesday,20:57,22:01,1257,1321,NON_WEEKEND,NON_WEEKEND_GAP
2022-07-27 19:16:00,2022-07-27 19:18:00,2.0,2022-07-27,2022-07-27,2022,2022,Wednesday,Wednesday,19:16,19:18,1156,1158,NON_WEEKEND,NON_WEEKEND_GAP
2022-07-27 20:57:00,2022-07-27 22:01:00,64.0,2022-07-27,2022-07-27,2022,2022,Wednesday,Wednesday,20:57,22:01,1257,1321,NON_WEEKEND,NON_WEEKEND_GAP
2022-07-28 20:57:00,2022-07-28 22:01:00,64.0,2022-07-28,2022-07-28,2022,2022,Thursday,Thursday,20:57,22:01,1257,1321,NON_WEEKEND,NON_WEEKEND_GAP
2022-07-29 20:57:00,2022-07-31 22:05:00,2948.0,2022-07-29,2022-07-31,2022,2022,Friday,Sunday,20:57,22:05,1257,1325,WEEKEND_TRANSITION,WEEKEND_TRANSITION
2022-08-01 20:57:00,2022-08-01 22:01:00,64.0,2022-08-01,2022-08-01,2022,2022,Monday,Monday,20:57,22:01,1257,1321,NON_WEEKEND,NON_WEEKEND_GAP
2022-08-02 20:57:00,2022-08-02 22:01:00,64.0,2022-08-02,2022-08-02,2022,2022,Tuesday,Tuesday,20:57,22:01,1257,1321,NON_WEEKEND,NON_WEEKEND_GAP
2022-08-03 20:57:00,2022-08-03 22:01:00,64.0,2022-08-03,2022-08-03,2022,2022,Wednesday,Wednesday,20:57,22:01,1257,1321,NON_WEEKEND,NON_WEEKEND_GAP
2022-08-04 20:57:00,2022-08-04 22:01:00,64.0,2022-08-04,2022-08-04,2022,2022,Thursday,Thursday,20:57,22:01,1257,1321,NON_WEEKEND,NON_WEEKEND_GAP
2022-08-05 20:57:00,2022-08-07 22:05:00,2948.0,2022-08-05,2022-08-07,2022,2022,Friday,Sunday,20:57,22:05,1257,1325,WEEKEND_TRANSITION,WEEKEND_TRANSITION
2022-08-08 20:57:00,2022-08-08 22:01:00,64.0,2022-08-08,2022-08-08,2022,2022,Monday,Monday,20:57,22:01,1257,1321,NON_WEEKEND,NON_WEEKEND_GAP
2022-08-09 20:57:00,2022-08-09 22:01:00,64.0,2022-08-09,2022-08-09,2022,2022,Tuesday,Tuesday,20:57,22:01,1257,1321,NON_WEEKEND,NON_WEEKEND_GAP
2022-08-10 20:57:00,2022-08-10 22:01:00,64.0,2022-08-10,2022-08-10,2022,2022,Wednesday,Wednesday,20:57,22:01,1257,1321,NON_WEEKEND,NON_WEEKEND_GAP
2022-08-11 20:57:00,2022-08-11 22:01:00,64.0,2022-08-11,2022-08-11,2022,2022,Thursday,Thursday,20:57,22:01,1257,1321,NON_WEEKEND,NON_WEEKEND_GAP
2022-08-12 20:57:00,2022-08-14 22:05:00,2948.0,2022-08-12,2022-08-14,2022,2022,Friday,Sunday,20:57,22:05,1257,1325,WEEKEND_TRANSITION,WEEKEND_TRANSITION
2022-08-15 20:57:00,2022-08-15 22:01:00,64.0,2022-08-15,2022-08-15,2022,2022,Monday,Monday,20:57,22:01,1257,1321,NON_WEEKEND,NON_WEEKEND_GAP
2022-08-16 20:57:00,2022-08-16 22:01:00,64.0,2022-08-16,2022-08-16,2022,2022,Tuesday,Tuesday,20:57,22:01,1257,1321,NON_WEEKEND,NON_WEEKEND_GAP
2022-08-17 20:57:00,2022-08-17 22:01:00,64.0,2022-08-17,2022-08-17,2022,2022,Wednesday,Wednesday,20:57,22:01,1257,1321,NON_WEEKEND,NON_WEEKEND_GAP
2022-08-18 20:57:00,2022-08-18 22:01:00,64.0,2022-08-18,2022-08-18,2022,2022,Thursday,Thursday,20:57,22:01,1257,1321,NON_WEEKEND,NON_WEEKEND_GAP
2022-08-19 20:57:00,2022-08-21 22:05:00,2948.0,2022-08-19,2022-08-21,2022,2022,Friday,Sunday,20:57,22:05,1257,1325,WEEKEND_TRANSITION,WEEKEND_TRANSITION
2022-08-22 20:57:00,2022-08-22 22:01:00,64.0,2022-08-22,2022-08-22,2022,2022,Monday,Monday,20:57,22:01,1257,1321,NON_WEEKEND,NON_WEEKEND_GAP
2022-08-23 20:57:00,2022-08-23 22:01:00,64.0,2022-08-23,2022-08-23,2022,2022,Tuesday,Tuesday,20:57,22:01,1257,1321,NON_WEEKEND,NON_WEEKEND_GAP
2022-08-24 20:57:00,2022-08-24 22:01:00,64.0,2022-08-24,2022-08-24,2022,2022,Wednesday,Wednesday,20:57,22:01,1257,1321,NON_WEEKEND,NON_WEEKEND_GAP
2022-08-25 20:57:00,2022-08-25 22:01:00,64.0,2022-08-25,2022-08-25,2022,2022,Thursday,Thursday,20:57,22:01,1257,1321,NON_WEEKEND,NON_WEEKEND_GAP
2022-08-26 20:57:00,2022-08-28 22:05:00,2948.0,2022-08-26,2022-08-28,2022,2022,Friday,Sunday,20:57,22:05,1257,1325,WEEKEND_TRANSITION,WEEKEND_TRANSITION
2022-08-29 20:57:00,2022-08-29 22:01:00,64.0,2022-08-29,2022-08-29,2022,2022,Monday,Monday,20:57,22:01,1257,1321,NON_WEEKEND,NON_WEEKEND_GAP
2022-08-30 20:57:00,2022-08-30 22:01:00,64.0,2022-08-30,2022-08-30,2022,2022,Tuesday,Tuesday,20:57,22:01,1257,1321,NON_WEEKEND,NON_WEEKEND_GAP
2022-08-31 20:57:00,2022-08-31 22:01:00,64.0,2022-08-31,2022-08-31,2022,2022,Wednesday,Wednesday,20:57,22:01,1257,1321,NON_WEEKEND,NON_WEEKEND_GAP
2022-09-01 20:57:00,2022-09-01 22:01:00,64.0,2022-09-01,2022-09-01,2022,2022,Thursday,Thursday,20:57,22:01,1257,1321,NON_WEEKEND,NON_WEEKEND_GAP
2022-09-02 20:57:00,2022-09-04 22:05:00,2948.0,2022-09-02,2022-09-04,2022,2022,Friday,Sunday,20:57,22:05,1257,1325,WEEKEND_TRANSITION,WEEKEND_TRANSITION
2022-09-05 17:15:00,2022-09-05 22:01:00,286.0,2022-09-05,2022-09-05,2022,2022,Monday,Monday,17:15,22:01,1035,1321,NON_WEEKEND,LONG_EXCEPTIONAL_GAP
2022-09-06 20:57:00,2022-09-06 22:01:00,64.0,2022-09-06,2022-09-06,2022,2022,Tuesday,Tuesday,20:57,22:01,1257,1321,NON_WEEKEND,NON_WEEKEND_GAP
2022-09-07 20:57:00,2022-09-07 22:01:00,64.0,2022-09-07,2022-09-07,2022,2022,Wednesday,Wednesday,20:57,22:01,1257,1321,NON_WEEKEND,NON_WEEKEND_GAP
2022-09-08 20:57:00,2022-09-08 22:01:00,64.0,2022-09-08,2022-09-08,2022,2022,Thursday,Thursday,20:57,22:01,1257,1321,NON_WEEKEND,NON_WEEKEND_GAP
2022-09-09 20:57:00,2022-09-11 22:05:00,2948.0,2022-09-09,2022-09-11,2022,2022,Friday,Sunday,20:57,22:05,1257,1325,WEEKEND_TRANSITION,WEEKEND_TRANSITION
2022-09-12 20:42:00,2022-09-12 20:44:00,2.0,2022-09-12,2022-09-12,2022,2022,Monday,Monday,20:42,20:44,1242,1244,NON_WEEKEND,NON_WEEKEND_GAP
2022-09-12 20:57:00,2022-09-12 22:01:00,64.0,2022-09-12,2022-09-12,2022,2022,Monday,Monday,20:57,22:01,1257,1321,NON_WEEKEND,NON_WEEKEND_GAP
2022-09-13 20:57:00,2022-09-13 22:01:00,64.0,2022-09-13,2022-09-13,2022,2022,Tuesday,Tuesday,20:57,22:01,1257,1321,NON_WEEKEND,NON_WEEKEND_GAP
2022-09-14 20:57:00,2022-09-14 22:01:00,64.0,2022-09-14,2022-09-14,2022,2022,Wednesday,Wednesday,20:57,22:01,1257,1321,NON_WEEKEND,NON_WEEKEND_GAP
2022-09-15 20:57:00,2022-09-15 22:01:00,64.0,2022-09-15,2022-09-15,2022,2022,Thursday,Thursday,20:57,22:01,1257,1321,NON_WEEKEND,NON_WEEKEND_GAP
2022-09-16 20:57:00,2022-09-18 22:05:00,2948.0,2022-09-16,2022-09-18,2022,2022,Friday,Sunday,20:57,22:05,1257,1325,WEEKEND_TRANSITION,WEEKEND_TRANSITION
2022-09-19 20:57:00,2022-09-19 22:01:00,64.0,2022-09-19,2022-09-19,2022,2022,Monday,Monday,20:57,22:01,1257,1321,NON_WEEKEND,NON_WEEKEND_GAP
2022-09-20 20:57:00,2022-09-20 22:01:00,64.0,2022-09-20,2022-09-20,2022,2022,Tuesday,Tuesday,20:57,22:01,1257,1321,NON_WEEKEND,NON_WEEKEND_GAP
2022-09-21 20:57:00,2022-09-21 22:01:00,64.0,2022-09-21,2022-09-21,2022,2022,Wednesday,Wednesday,20:57,22:01,1257,1321,NON_WEEKEND,NON_WEEKEND_GAP
2022-09-22 20:57:00,2022-09-22 22:01:00,64.0,2022-09-22,2022-09-22,2022,2022,Thursday,Thursday,20:57,22:01,1257,1321,NON_WEEKEND,NON_WEEKEND_GAP
2022-09-23 20:57:00,2022-09-25 22:05:00,2948.0,2022-09-23,2022-09-25,2022,2022,Friday,Sunday,20:57,22:05,1257,1325,WEEKEND_TRANSITION,WEEKEND_TRANSITION
2022-09-26 20:57:00,2022-09-26 22:01:00,64.0,2022-09-26,2022-09-26,2022,2022,Monday,Monday,20:57,22:01,1257,1321,NON_WEEKEND,NON_WEEKEND_GAP
2022-09-27 20:57:00,2022-09-27 22:01:00,64.0,2022-09-27,2022-09-27,2022,2022,Tuesday,Tuesday,20:57,22:01,1257,1321,NON_WEEKEND,NON_WEEKEND_GAP
2022-09-28 20:57:00,2022-09-28 22:01:00,64.0,2022-09-28,2022-09-28,2022,2022,Wednesday,Wednesday,20:57,22:01,1257,1321,NON_WEEKEND,NON_WEEKEND_GAP
2022-09-29 20:57:00,2022-09-29 22:01:00,64.0,2022-09-29,2022-09-29,2022,2022,Thursday,Thursday,20:57,22:01,1257,1321,NON_WEEKEND,NON_WEEKEND_GAP
2022-09-30 20:57:00,2022-10-02 22:05:00,2948.0,2022-09-30,2022-10-02,2022,2022,Friday,Sunday,20:57,22:05,1257,1325,WEEKEND_TRANSITION,WEEKEND_TRANSITION
2022-10-03 20:57:00,2022-10-03 22:01:00,64.0,2022-10-03,2022-10-03,2022,2022,Monday,Monday,20:57,22:01,1257,1321,NON_WEEKEND,NON_WEEKEND_GAP
2022-10-04 20:57:00,2022-10-04 22:01:00,64.0,2022-10-04,2022-10-04,2022,2022,Tuesday,Tuesday,20:57,22:01,1257,1321,NON_WEEKEND,NON_WEEKEND_GAP
2022-10-05 20:57:00,2022-10-05 22:01:00,64.0,2022-10-05,2022-10-05,2022,2022,Wednesday,Wednesday,20:57,22:01,1257,1321,NON_WEEKEND,NON_WEEKEND_GAP
2022-10-06 20:57:00,2022-10-06 22:01:00,64.0,2022-10-06,2022-10-06,2022,2022,Thursday,Thursday,20:57,22:01,1257,1321,NON_WEEKEND,NON_WEEKEND_GAP
2022-10-07 20:57:00,2022-10-09 22:05:00,2948.0,2022-10-07,2022-10-09,2022,2022,Friday,Sunday,20:57,22:05,1257,1325,WEEKEND_TRANSITION,WEEKEND_TRANSITION
2022-10-10 20:57:00,2022-10-10 22:01:00,64.0,2022-10-10,2022-10-10,2022,2022,Monday,Monday,20:57,22:01,1257,1321,NON_WEEKEND,NON_WEEKEND_GAP
2022-10-11 20:57:00,2022-10-11 22:01:00,64.0,2022-10-11,2022-10-11,2022,2022,Tuesday,Tuesday,20:57,22:01,1257,1321,NON_WEEKEND,NON_WEEKEND_GAP
2022-10-12 20:57:00,2022-10-12 22:01:00,64.0,2022-10-12,2022-10-12,2022,2022,Wednesday,Wednesday,20:57,22:01,1257,1321,NON_WEEKEND,NON_WEEKEND_GAP
2022-10-13 20:57:00,2022-10-13 22:01:00,64.0,2022-10-13,2022-10-13,2022,2022,Thursday,Thursday,20:57,22:01,1257,1321,NON_WEEKEND,NON_WEEKEND_GAP
2022-10-14 20:57:00,2022-10-16 22:05:00,2948.0,2022-10-14,2022-10-16,2022,2022,Friday,Sunday,20:57,22:05,1257,1325,WEEKEND_TRANSITION,WEEKEND_TRANSITION
2022-10-17 20:57:00,2022-10-17 22:01:00,64.0,2022-10-17,2022-10-17,2022,2022,Monday,Monday,20:57,22:01,1257,1321,NON_WEEKEND,NON_WEEKEND_GAP
2022-10-18 20:57:00,2022-10-18 22:01:00,64.0,2022-10-18,2022-10-18,2022,2022,Tuesday,Tuesday,20:57,22:01,1257,1321,NON_WEEKEND,NON_WEEKEND_GAP
2022-10-19 20:57:00,2022-10-19 22:01:00,64.0,2022-10-19,2022-10-19,2022,2022,Wednesday,Wednesday,20:57,22:01,1257,1321,NON_WEEKEND,NON_WEEKEND_GAP
2022-10-20 20:57:00,2022-10-20 22:01:00,64.0,2022-10-20,2022-10-20,2022,2022,Thursday,Thursday,20:57,22:01,1257,1321,NON_WEEKEND,NON_WEEKEND_GAP
2022-10-21 20:57:00,2022-10-23 22:05:00,2948.0,2022-10-21,2022-10-23,2022,2022,Friday,Sunday,20:57,22:05,1257,1325,WEEKEND_TRANSITION,WEEKEND_TRANSITION
2022-10-24 20:57:00,2022-10-24 22:01:00,64.0,2022-10-24,2022-10-24,2022,2022,Monday,Monday,20:57,22:01,1257,1321,NON_WEEKEND,NON_WEEKEND_GAP
2022-10-25 20:57:00,2022-10-25 22:01:00,64.0,2022-10-25,2022-10-25,2022,2022,Tuesday,Tuesday,20:57,22:01,1257,1321,NON_WEEKEND,NON_WEEKEND_GAP
2022-10-26 20:57:00,2022-10-26 22:01:00,64.0,2022-10-26,2022-10-26,2022,2022,Wednesday,Wednesday,20:57,22:01,1257,1321,NON_WEEKEND,NON_WEEKEND_GAP
2022-10-27 20:57:00,2022-10-27 22:01:00,64.0,2022-10-27,2022-10-27,2022,2022,Thursday,Thursday,20:57,22:01,1257,1321,NON_WEEKEND,NON_WEEKEND_GAP
2022-10-28 20:57:00,2022-10-30 22:05:00,2948.0,2022-10-28,2022-10-30,2022,2022,Friday,Sunday,20:57,22:05,1257,1325,WEEKEND_TRANSITION,WEEKEND_TRANSITION
2022-10-31 20:57:00,2022-10-31 22:01:00,64.0,2022-10-31,2022-10-31,2022,2022,Monday,Monday,20:57,22:01,1257,1321,NON_WEEKEND,NON_WEEKEND_GAP
2022-11-01 20:57:00,2022-11-01 22:01:00,64.0,2022-11-01,2022-11-01,2022,2022,Tuesday,Tuesday,20:57,22:01,1257,1321,NON_WEEKEND,NON_WEEKEND_GAP
2022-11-02 20:57:00,2022-11-02 22:01:00,64.0,2022-11-02,2022-11-02,2022,2022,Wednesday,Wednesday,20:57,22:01,1257,1321,NON_WEEKEND,NON_WEEKEND_GAP
2022-11-03 20:57:00,2022-11-03 22:01:00,64.0,2022-11-03,2022-11-03,2022,2022,Thursday,Thursday,20:57,22:01,1257,1321,NON_WEEKEND,NON_WEEKEND_GAP
2022-11-04 20:57:00,2022-11-06 23:05:00,3008.0,2022-11-04,2022-11-06,2022,2022,Friday,Sunday,20:57,23:05,1257,1385,WEEKEND_TRANSITION,WEEKEND_TRANSITION
2022-11-07 12:19:00,2022-11-07 12:21:00,2.0,2022-11-07,2022-11-07,2022,2022,Monday,Monday,12:19,12:21,739,741,NON_WEEKEND,NON_WEEKEND_GAP
2022-11-07 21:57:00,2022-11-07 23:01:00,64.0,2022-11-07,2022-11-07,2022,2022,Monday,Monday,21:57,23:01,1317,1381,NON_WEEKEND,NON_WEEKEND_GAP
2022-11-08 21:57:00,2022-11-08 23:01:00,64.0,2022-11-08,2022-11-08,2022,2022,Tuesday,Tuesday,21:57,23:01,1317,1381,NON_WEEKEND,NON_WEEKEND_GAP
2022-11-09 21:57:00,2022-11-09 23:01:00,64.0,2022-11-09,2022-11-09,2022,2022,Wednesday,Wednesday,21:57,23:01,1317,1381,NON_WEEKEND,NON_WEEKEND_GAP
2022-11-10 21:57:00,2022-11-10 23:01:00,64.0,2022-11-10,2022-11-10,2022,2022,Thursday,Thursday,21:57,23:01,1317,1381,NON_WEEKEND,NON_WEEKEND_GAP
2022-11-11 21:57:00,2022-11-13 23:05:00,2948.0,2022-11-11,2022-11-13,2022,2022,Friday,Sunday,21:57,23:05,1317,1385,WEEKEND_TRANSITION,WEEKEND_TRANSITION
2022-11-14 21:57:00,2022-11-14 23:01:00,64.0,2022-11-14,2022-11-14,2022,2022,Monday,Monday,21:57,23:01,1317,1381,NON_WEEKEND,NON_WEEKEND_GAP
2022-11-15 21:57:00,2022-11-15 23:01:00,64.0,2022-11-15,2022-11-15,2022,2022,Tuesday,Tuesday,21:57,23:01,1317,1381,NON_WEEKEND,NON_WEEKEND_GAP
2022-11-16 21:57:00,2022-11-16 23:01:00,64.0,2022-11-16,2022-11-16,2022,2022,Wednesday,Wednesday,21:57,23:01,1317,1381,NON_WEEKEND,NON_WEEKEND_GAP
2022-11-17 21:57:00,2022-11-17 23:01:00,64.0,2022-11-17,2022-11-17,2022,2022,Thursday,Thursday,21:57,23:01,1317,1381,NON_WEEKEND,NON_WEEKEND_GAP
2022-11-18 21:57:00,2022-11-20 23:05:00,2948.0,2022-11-18,2022-11-20,2022,2022,Friday,Sunday,21:57,23:05,1317,1385,WEEKEND_TRANSITION,WEEKEND_TRANSITION
2022-11-21 21:57:00,2022-11-21 23:01:00,64.0,2022-11-21,2022-11-21,2022,2022,Monday,Monday,21:57,23:01,1317,1381,NON_WEEKEND,NON_WEEKEND_GAP
2022-11-22 21:57:00,2022-11-22 23:01:00,64.0,2022-11-22,2022-11-22,2022,2022,Tuesday,Tuesday,21:57,23:01,1317,1381,NON_WEEKEND,NON_WEEKEND_GAP
2022-11-23 21:57:00,2022-11-23 23:01:00,64.0,2022-11-23,2022-11-23,2022,2022,Wednesday,Wednesday,21:57,23:01,1317,1381,NON_WEEKEND,NON_WEEKEND_GAP
2022-11-24 18:47:00,2022-11-24 18:49:00,2.0,2022-11-24,2022-11-24,2022,2022,Thursday,Thursday,18:47,18:49,1127,1129,NON_WEEKEND,NON_WEEKEND_GAP
2022-11-24 19:26:00,2022-11-24 19:28:00,2.0,2022-11-24,2022-11-24,2022,2022,Thursday,Thursday,19:26,19:28,1166,1168,NON_WEEKEND,NON_WEEKEND_GAP
2022-11-24 19:30:00,2022-11-24 23:01:00,211.0,2022-11-24,2022-11-24,2022,2022,Thursday,Thursday,19:30,23:01,1170,1381,NON_WEEKEND,LONG_EXCEPTIONAL_GAP
2022-11-25 18:29:00,2022-11-27 23:05:00,3156.0,2022-11-25,2022-11-27,2022,2022,Friday,Sunday,18:29,23:05,1109,1385,WEEKEND_TRANSITION,WEEKEND_TRANSITION
2022-11-28 21:57:00,2022-11-28 23:01:00,64.0,2022-11-28,2022-11-28,2022,2022,Monday,Monday,21:57,23:01,1317,1381,NON_WEEKEND,NON_WEEKEND_GAP
2022-11-29 21:57:00,2022-11-29 23:01:00,64.0,2022-11-29,2022-11-29,2022,2022,Tuesday,Tuesday,21:57,23:01,1317,1381,NON_WEEKEND,NON_WEEKEND_GAP
2022-11-30 21:57:00,2022-11-30 23:01:00,64.0,2022-11-30,2022-11-30,2022,2022,Wednesday,Wednesday,21:57,23:01,1317,1381,NON_WEEKEND,NON_WEEKEND_GAP
2022-12-01 21:57:00,2022-12-01 23:01:00,64.0,2022-12-01,2022-12-01,2022,2022,Thursday,Thursday,21:57,23:01,1317,1381,NON_WEEKEND,NON_WEEKEND_GAP
2022-12-02 21:57:00,2022-12-04 23:05:00,2948.0,2022-12-02,2022-12-04,2022,2022,Friday,Sunday,21:57,23:05,1317,1385,WEEKEND_TRANSITION,WEEKEND_TRANSITION
2022-12-05 21:57:00,2022-12-05 23:01:00,64.0,2022-12-05,2022-12-05,2022,2022,Monday,Monday,21:57,23:01,1317,1381,NON_WEEKEND,NON_WEEKEND_GAP
2022-12-06 21:57:00,2022-12-06 23:01:00,64.0,2022-12-06,2022-12-06,2022,2022,Tuesday,Tuesday,21:57,23:01,1317,1381,NON_WEEKEND,NON_WEEKEND_GAP
2022-12-07 21:57:00,2022-12-07 23:01:00,64.0,2022-12-07,2022-12-07,2022,2022,Wednesday,Wednesday,21:57,23:01,1317,1381,NON_WEEKEND,NON_WEEKEND_GAP
2022-12-08 21:57:00,2022-12-08 23:01:00,64.0,2022-12-08,2022-12-08,2022,2022,Thursday,Thursday,21:57,23:01,1317,1381,NON_WEEKEND,NON_WEEKEND_GAP
2022-12-09 21:57:00,2022-12-11 23:05:00,2948.0,2022-12-09,2022-12-11,2022,2022,Friday,Sunday,21:57,23:05,1317,1385,WEEKEND_TRANSITION,WEEKEND_TRANSITION
2022-12-12 21:57:00,2022-12-12 23:01:00,64.0,2022-12-12,2022-12-12,2022,2022,Monday,Monday,21:57,23:01,1317,1381,NON_WEEKEND,NON_WEEKEND_GAP
2022-12-13 21:57:00,2022-12-13 23:01:00,64.0,2022-12-13,2022-12-13,2022,2022,Tuesday,Tuesday,21:57,23:01,1317,1381,NON_WEEKEND,NON_WEEKEND_GAP
2022-12-14 21:57:00,2022-12-14 23:01:00,64.0,2022-12-14,2022-12-14,2022,2022,Wednesday,Wednesday,21:57,23:01,1317,1381,NON_WEEKEND,NON_WEEKEND_GAP
2022-12-15 21:57:00,2022-12-15 23:01:00,64.0,2022-12-15,2022-12-15,2022,2022,Thursday,Thursday,21:57,23:01,1317,1381,NON_WEEKEND,NON_WEEKEND_GAP
2022-12-16 21:57:00,2022-12-18 23:05:00,2948.0,2022-12-16,2022-12-18,2022,2022,Friday,Sunday,21:57,23:05,1317,1385,WEEKEND_TRANSITION,WEEKEND_TRANSITION
2022-12-19 21:57:00,2022-12-19 23:01:00,64.0,2022-12-19,2022-12-19,2022,2022,Monday,Monday,21:57,23:01,1317,1381,NON_WEEKEND,NON_WEEKEND_GAP
2022-12-20 21:57:00,2022-12-20 23:01:00,64.0,2022-12-20,2022-12-20,2022,2022,Tuesday,Tuesday,21:57,23:01,1317,1381,NON_WEEKEND,NON_WEEKEND_GAP
2022-12-21 21:57:00,2022-12-21 23:01:00,64.0,2022-12-21,2022-12-21,2022,2022,Wednesday,Wednesday,21:57,23:01,1317,1381,NON_WEEKEND,NON_WEEKEND_GAP
2022-12-22 21:57:00,2022-12-23 00:17:00,140.0,2022-12-22,2022-12-23,2022,2022,Thursday,Friday,21:57,00:17,1317,17,NON_WEEKEND,NON_WEEKEND_GAP
2022-12-23 21:57:00,2022-12-26 23:01:00,4384.0,2022-12-23,2022-12-26,2022,2022,Friday,Monday,21:57,23:01,1317,1381,WEEKEND_TRANSITION,WEEKEND_TRANSITION
2022-12-27 21:57:00,2022-12-27 23:01:00,64.0,2022-12-27,2022-12-27,2022,2022,Tuesday,Tuesday,21:57,23:01,1317,1381,NON_WEEKEND,NON_WEEKEND_GAP
2022-12-28 21:57:00,2022-12-28 23:01:00,64.0,2022-12-28,2022-12-28,2022,2022,Wednesday,Wednesday,21:57,23:01,1317,1381,NON_WEEKEND,NON_WEEKEND_GAP
2022-12-29 21:57:00,2022-12-29 23:01:00,64.0,2022-12-29,2022-12-29,2022,2022,Thursday,Thursday,21:57,23:01,1317,1381,NON_WEEKEND,NON_WEEKEND_GAP
2022-12-30 21:57:00,2023-01-02 23:01:00,4384.0,2022-12-30,2023-01-02,2022,2023,Friday,Monday,21:57,23:01,1317,1381,WEEKEND_TRANSITION,WEEKEND_TRANSITION
2023-01-03 21:57:00,2023-01-03 23:01:00,64.0,2023-01-03,2023-01-03,2023,2023,Tuesday,Tuesday,21:57,23:01,1317,1381,NON_WEEKEND,NON_WEEKEND_GAP
2023-01-04 21:57:00,2023-01-04 23:01:00,64.0,2023-01-04,2023-01-04,2023,2023,Wednesday,Wednesday,21:57,23:01,1317,1381,NON_WEEKEND,NON_WEEKEND_GAP
2023-01-05 21:57:00,2023-01-05 23:01:00,64.0,2023-01-05,2023-01-05,2023,2023,Thursday,Thursday,21:57,23:01,1317,1381,NON_WEEKEND,NON_WEEKEND_GAP
2023-01-06 21:57:00,2023-01-08 23:05:00,2948.0,2023-01-06,2023-01-08,2023,2023,Friday,Sunday,21:57,23:05,1317,1385,WEEKEND_TRANSITION,WEEKEND_TRANSITION
2023-01-09 21:57:00,2023-01-09 23:01:00,64.0,2023-01-09,2023-01-09,2023,2023,Monday,Monday,21:57,23:01,1317,1381,NON_WEEKEND,NON_WEEKEND_GAP
2023-01-10 21:57:00,2023-01-10 23:01:00,64.0,2023-01-10,2023-01-10,2023,2023,Tuesday,Tuesday,21:57,23:01,1317,1381,NON_WEEKEND,NON_WEEKEND_GAP
2023-01-11 21:57:00,2023-01-11 23:01:00,64.0,2023-01-11,2023-01-11,2023,2023,Wednesday,Wednesday,21:57,23:01,1317,1381,NON_WEEKEND,NON_WEEKEND_GAP
2023-01-12 21:57:00,2023-01-12 23:01:00,64.0,2023-01-12,2023-01-12,2023,2023,Thursday,Thursday,21:57,23:01,1317,1381,NON_WEEKEND,NON_WEEKEND_GAP
2023-01-13 21:57:00,2023-01-15 23:05:00,2948.0,2023-01-13,2023-01-15,2023,2023,Friday,Sunday,21:57,23:05,1317,1385,WEEKEND_TRANSITION,WEEKEND_TRANSITION
2023-01-16 19:29:00,2023-01-16 23:01:00,212.0,2023-01-16,2023-01-16,2023,2023,Monday,Monday,19:29,23:01,1169,1381,NON_WEEKEND,LONG_EXCEPTIONAL_GAP
2023-01-17 21:57:00,2023-01-17 23:01:00,64.0,2023-01-17,2023-01-17,2023,2023,Tuesday,Tuesday,21:57,23:01,1317,1381,NON_WEEKEND,NON_WEEKEND_GAP
2023-01-18 21:57:00,2023-01-18 23:01:00,64.0,2023-01-18,2023-01-18,2023,2023,Wednesday,Wednesday,21:57,23:01,1317,1381,NON_WEEKEND,NON_WEEKEND_GAP
2023-01-19 21:57:00,2023-01-19 23:01:00,64.0,2023-01-19,2023-01-19,2023,2023,Thursday,Thursday,21:57,23:01,1317,1381,NON_WEEKEND,NON_WEEKEND_GAP
2023-01-20 21:57:00,2023-01-22 23:05:00,2948.0,2023-01-20,2023-01-22,2023,2023,Friday,Sunday,21:57,23:05,1317,1385,WEEKEND_TRANSITION,WEEKEND_TRANSITION
2023-01-23 21:57:00,2023-01-23 23:01:00,64.0,2023-01-23,2023-01-23,2023,2023,Monday,Monday,21:57,23:01,1317,1381,NON_WEEKEND,NON_WEEKEND_GAP
2023-01-24 21:57:00,2023-01-24 23:01:00,64.0,2023-01-24,2023-01-24,2023,2023,Tuesday,Tuesday,21:57,23:01,1317,1381,NON_WEEKEND,NON_WEEKEND_GAP
2023-01-25 21:57:00,2023-01-25 23:01:00,64.0,2023-01-25,2023-01-25,2023,2023,Wednesday,Wednesday,21:57,23:01,1317,1381,NON_WEEKEND,NON_WEEKEND_GAP
2023-01-26 21:57:00,2023-01-26 23:01:00,64.0,2023-01-26,2023-01-26,2023,2023,Thursday,Thursday,21:57,23:01,1317,1381,NON_WEEKEND,NON_WEEKEND_GAP
2023-01-27 21:57:00,2023-01-29 23:05:00,2948.0,2023-01-27,2023-01-29,2023,2023,Friday,Sunday,21:57,23:05,1317,1385,WEEKEND_TRANSITION,WEEKEND_TRANSITION
2023-01-30 21:57:00,2023-01-30 23:01:00,64.0,2023-01-30,2023-01-30,2023,2023,Monday,Monday,21:57,23:01,1317,1381,NON_WEEKEND,NON_WEEKEND_GAP
2023-01-31 21:57:00,2023-01-31 23:01:00,64.0,2023-01-31,2023-01-31,2023,2023,Tuesday,Tuesday,21:57,23:01,1317,1381,NON_WEEKEND,NON_WEEKEND_GAP
2023-02-01 21:57:00,2023-02-01 23:01:00,64.0,2023-02-01,2023-02-01,2023,2023,Wednesday,Wednesday,21:57,23:01,1317,1381,NON_WEEKEND,NON_WEEKEND_GAP
2023-02-02 21:57:00,2023-02-02 23:01:00,64.0,2023-02-02,2023-02-02,2023,2023,Thursday,Thursday,21:57,23:01,1317,1381,NON_WEEKEND,NON_WEEKEND_GAP
2023-02-03 16:13:00,2023-02-03 16:15:00,2.0,2023-02-03,2023-02-03,2023,2023,Friday,Friday,16:13,16:15,973,975,NON_WEEKEND,NON_WEEKEND_GAP
2023-02-03 16:36:00,2023-02-03 16:38:00,2.0,2023-02-03,2023-02-03,2023,2023,Friday,Friday,16:36,16:38,996,998,NON_WEEKEND,NON_WEEKEND_GAP
2023-02-03 21:57:00,2023-02-05 23:05:00,2948.0,2023-02-03,2023-02-05,2023,2023,Friday,Sunday,21:57,23:05,1317,1385,WEEKEND_TRANSITION,WEEKEND_TRANSITION
2023-02-06 02:44:00,2023-02-06 02:46:00,2.0,2023-02-06,2023-02-06,2023,2023,Monday,Monday,02:44,02:46,164,166,NON_WEEKEND,NON_WEEKEND_GAP
2023-02-06 02:52:00,2023-02-06 02:55:00,3.0,2023-02-06,2023-02-06,2023,2023,Monday,Monday,02:52,02:55,172,175,NON_WEEKEND,NON_WEEKEND_GAP
2023-02-06 10:58:00,2023-02-06 11:00:00,2.0,2023-02-06,2023-02-06,2023,2023,Monday,Monday,10:58,11:00,658,660,NON_WEEKEND,NON_WEEKEND_GAP
2023-02-06 11:15:00,2023-02-06 11:17:00,2.0,2023-02-06,2023-02-06,2023,2023,Monday,Monday,11:15,11:17,675,677,NON_WEEKEND,NON_WEEKEND_GAP
2023-02-06 15:46:00,2023-02-06 15:48:00,2.0,2023-02-06,2023-02-06,2023,2023,Monday,Monday,15:46,15:48,946,948,NON_WEEKEND,NON_WEEKEND_GAP
2023-02-06 16:07:00,2023-02-06 16:09:00,2.0,2023-02-06,2023-02-06,2023,2023,Monday,Monday,16:07,16:09,967,969,NON_WEEKEND,NON_WEEKEND_GAP
2023-02-06 21:57:00,2023-02-06 23:01:00,64.0,2023-02-06,2023-02-06,2023,2023,Monday,Monday,21:57,23:01,1317,1381,NON_WEEKEND,NON_WEEKEND_GAP
2023-02-07 21:57:00,2023-02-07 23:01:00,64.0,2023-02-07,2023-02-07,2023,2023,Tuesday,Tuesday,21:57,23:01,1317,1381,NON_WEEKEND,NON_WEEKEND_GAP
2023-02-08 21:57:00,2023-02-08 23:01:00,64.0,2023-02-08,2023-02-08,2023,2023,Wednesday,Wednesday,21:57,23:01,1317,1381,NON_WEEKEND,NON_WEEKEND_GAP
2023-02-09 21:57:00,2023-02-09 23:01:00,64.0,2023-02-09,2023-02-09,2023,2023,Thursday,Thursday,21:57,23:01,1317,1381,NON_WEEKEND,NON_WEEKEND_GAP
2023-02-10 21:57:00,2023-02-12 23:05:00,2948.0,2023-02-10,2023-02-12,2023,2023,Friday,Sunday,21:57,23:05,1317,1385,WEEKEND_TRANSITION,WEEKEND_TRANSITION
2023-02-13 21:57:00,2023-02-13 23:01:00,64.0,2023-02-13,2023-02-13,2023,2023,Monday,Monday,21:57,23:01,1317,1381,NON_WEEKEND,NON_WEEKEND_GAP
2023-02-14 21:57:00,2023-02-14 23:01:00,64.0,2023-02-14,2023-02-14,2023,2023,Tuesday,Tuesday,21:57,23:01,1317,1381,NON_WEEKEND,NON_WEEKEND_GAP
2023-02-15 21:57:00,2023-02-15 23:01:00,64.0,2023-02-15,2023-02-15,2023,2023,Wednesday,Wednesday,21:57,23:01,1317,1381,NON_WEEKEND,NON_WEEKEND_GAP
2023-02-16 21:57:00,2023-02-16 23:01:00,64.0,2023-02-16,2023-02-16,2023,2023,Thursday,Thursday,21:57,23:01,1317,1381,NON_WEEKEND,NON_WEEKEND_GAP
2023-02-17 21:57:00,2023-02-19 23:05:00,2948.0,2023-02-17,2023-02-19,2023,2023,Friday,Sunday,21:57,23:05,1317,1385,WEEKEND_TRANSITION,WEEKEND_TRANSITION
2023-02-20 19:14:00,2023-02-20 23:01:00,227.0,2023-02-20,2023-02-20,2023,2023,Monday,Monday,19:14,23:01,1154,1381,NON_WEEKEND,LONG_EXCEPTIONAL_GAP
2023-02-21 21:57:00,2023-02-21 23:01:00,64.0,2023-02-21,2023-02-21,2023,2023,Tuesday,Tuesday,21:57,23:01,1317,1381,NON_WEEKEND,NON_WEEKEND_GAP
2023-02-22 21:57:00,2023-02-22 23:01:00,64.0,2023-02-22,2023-02-22,2023,2023,Wednesday,Wednesday,21:57,23:01,1317,1381,NON_WEEKEND,NON_WEEKEND_GAP
2023-02-23 21:57:00,2023-02-23 23:01:00,64.0,2023-02-23,2023-02-23,2023,2023,Thursday,Thursday,21:57,23:01,1317,1381,NON_WEEKEND,NON_WEEKEND_GAP
2023-02-24 21:57:00,2023-02-26 23:05:00,2948.0,2023-02-24,2023-02-26,2023,2023,Friday,Sunday,21:57,23:05,1317,1385,WEEKEND_TRANSITION,WEEKEND_TRANSITION
2023-02-27 21:57:00,2023-02-27 23:01:00,64.0,2023-02-27,2023-02-27,2023,2023,Monday,Monday,21:57,23:01,1317,1381,NON_WEEKEND,NON_WEEKEND_GAP
2023-02-28 21:57:00,2023-02-28 23:01:00,64.0,2023-02-28,2023-02-28,2023,2023,Tuesday,Tuesday,21:57,23:01,1317,1381,NON_WEEKEND,NON_WEEKEND_GAP
2023-03-01 21:48:00,2023-03-01 21:50:00,2.0,2023-03-01,2023-03-01,2023,2023,Wednesday,Wednesday,21:48,21:50,1308,1310,NON_WEEKEND,NON_WEEKEND_GAP
2023-03-01 21:57:00,2023-03-01 23:01:00,64.0,2023-03-01,2023-03-01,2023,2023,Wednesday,Wednesday,21:57,23:01,1317,1381,NON_WEEKEND,NON_WEEKEND_GAP
2023-03-02 21:57:00,2023-03-02 23:01:00,64.0,2023-03-02,2023-03-02,2023,2023,Thursday,Thursday,21:57,23:01,1317,1381,NON_WEEKEND,NON_WEEKEND_GAP
2023-03-03 21:57:00,2023-03-05 23:05:00,2948.0,2023-03-03,2023-03-05,2023,2023,Friday,Sunday,21:57,23:05,1317,1385,WEEKEND_TRANSITION,WEEKEND_TRANSITION
2023-03-06 21:57:00,2023-03-06 23:01:00,64.0,2023-03-06,2023-03-06,2023,2023,Monday,Monday,21:57,23:01,1317,1381,NON_WEEKEND,NON_WEEKEND_GAP
2023-03-07 21:57:00,2023-03-07 23:01:00,64.0,2023-03-07,2023-03-07,2023,2023,Tuesday,Tuesday,21:57,23:01,1317,1381,NON_WEEKEND,NON_WEEKEND_GAP
2023-03-08 21:57:00,2023-03-08 23:01:00,64.0,2023-03-08,2023-03-08,2023,2023,Wednesday,Wednesday,21:57,23:01,1317,1381,NON_WEEKEND,NON_WEEKEND_GAP
2023-03-09 21:57:00,2023-03-09 23:01:00,64.0,2023-03-09,2023-03-09,2023,2023,Thursday,Thursday,21:57,23:01,1317,1381,NON_WEEKEND,NON_WEEKEND_GAP
2023-03-10 21:57:00,2023-03-12 22:05:00,2888.0,2023-03-10,2023-03-12,2023,2023,Friday,Sunday,21:57,22:05,1317,1325,WEEKEND_TRANSITION,WEEKEND_TRANSITION
2023-03-13 20:57:00,2023-03-13 22:01:00,64.0,2023-03-13,2023-03-13,2023,2023,Monday,Monday,20:57,22:01,1257,1321,NON_WEEKEND,NON_WEEKEND_GAP
2023-03-14 20:57:00,2023-03-14 22:01:00,64.0,2023-03-14,2023-03-14,2023,2023,Tuesday,Tuesday,20:57,22:01,1257,1321,NON_WEEKEND,NON_WEEKEND_GAP
2023-03-15 20:57:00,2023-03-15 23:01:00,124.0,2023-03-15,2023-03-15,2023,2023,Wednesday,Wednesday,20:57,23:01,1257,1381,NON_WEEKEND,NON_WEEKEND_GAP
2023-03-16 16:15:00,2023-03-16 16:29:00,14.0,2023-03-16,2023-03-16,2023,2023,Thursday,Thursday,16:15,16:29,975,989,NON_WEEKEND,NON_WEEKEND_GAP
2023-03-16 20:57:00,2023-03-16 22:01:00,64.0,2023-03-16,2023-03-16,2023,2023,Thursday,Thursday,20:57,22:01,1257,1321,NON_WEEKEND,NON_WEEKEND_GAP
2023-03-17 20:57:00,2023-03-19 22:05:00,2948.0,2023-03-17,2023-03-19,2023,2023,Friday,Sunday,20:57,22:05,1257,1325,WEEKEND_TRANSITION,WEEKEND_TRANSITION
2023-03-20 20:57:00,2023-03-20 22:01:00,64.0,2023-03-20,2023-03-20,2023,2023,Monday,Monday,20:57,22:01,1257,1321,NON_WEEKEND,NON_WEEKEND_GAP
2023-03-21 20:57:00,2023-03-21 22:01:00,64.0,2023-03-21,2023-03-21,2023,2023,Tuesday,Tuesday,20:57,22:01,1257,1321,NON_WEEKEND,NON_WEEKEND_GAP
2023-03-22 20:57:00,2023-03-22 22:01:00,64.0,2023-03-22,2023-03-22,2023,2023,Wednesday,Wednesday,20:57,22:01,1257,1321,NON_WEEKEND,NON_WEEKEND_GAP
2023-03-23 20:57:00,2023-03-23 22:01:00,64.0,2023-03-23,2023-03-23,2023,2023,Thursday,Thursday,20:57,22:01,1257,1321,NON_WEEKEND,NON_WEEKEND_GAP
2023-03-24 20:57:00,2023-03-26 22:05:00,2948.0,2023-03-24,2023-03-26,2023,2023,Friday,Sunday,20:57,22:05,1257,1325,WEEKEND_TRANSITION,WEEKEND_TRANSITION
2023-03-27 20:57:00,2023-03-27 22:01:00,64.0,2023-03-27,2023-03-27,2023,2023,Monday,Monday,20:57,22:01,1257,1321,NON_WEEKEND,NON_WEEKEND_GAP
2023-03-28 20:57:00,2023-03-28 22:01:00,64.0,2023-03-28,2023-03-28,2023,2023,Tuesday,Tuesday,20:57,22:01,1257,1321,NON_WEEKEND,NON_WEEKEND_GAP
2023-03-29 20:57:00,2023-03-29 22:01:00,64.0,2023-03-29,2023-03-29,2023,2023,Wednesday,Wednesday,20:57,22:01,1257,1321,NON_WEEKEND,NON_WEEKEND_GAP
2023-03-30 20:57:00,2023-03-30 22:01:00,64.0,2023-03-30,2023-03-30,2023,2023,Thursday,Thursday,20:57,22:01,1257,1321,NON_WEEKEND,NON_WEEKEND_GAP
2023-03-31 20:57:00,2023-04-02 22:05:00,2948.0,2023-03-31,2023-04-02,2023,2023,Friday,Sunday,20:57,22:05,1257,1325,WEEKEND_TRANSITION,WEEKEND_TRANSITION
2023-04-03 07:21:00,2023-04-03 07:41:00,20.0,2023-04-03,2023-04-03,2023,2023,Monday,Monday,07:21,07:41,441,461,NON_WEEKEND,NON_WEEKEND_GAP
2023-04-03 20:57:00,2023-04-03 22:01:00,64.0,2023-04-03,2023-04-03,2023,2023,Monday,Monday,20:57,22:01,1257,1321,NON_WEEKEND,NON_WEEKEND_GAP
2023-04-04 20:57:00,2023-04-04 22:01:00,64.0,2023-04-04,2023-04-04,2023,2023,Tuesday,Tuesday,20:57,22:01,1257,1321,NON_WEEKEND,NON_WEEKEND_GAP
2023-04-05 20:57:00,2023-04-05 22:01:00,64.0,2023-04-05,2023-04-05,2023,2023,Wednesday,Wednesday,20:57,22:01,1257,1321,NON_WEEKEND,NON_WEEKEND_GAP
2023-04-06 20:57:00,2023-04-09 22:05:00,4388.0,2023-04-06,2023-04-09,2023,2023,Thursday,Sunday,20:57,22:05,1257,1325,NON_WEEKEND,LONG_EXCEPTIONAL_GAP
2023-04-10 20:57:00,2023-04-10 22:01:00,64.0,2023-04-10,2023-04-10,2023,2023,Monday,Monday,20:57,22:01,1257,1321,NON_WEEKEND,NON_WEEKEND_GAP
2023-04-11 20:57:00,2023-04-11 22:01:00,64.0,2023-04-11,2023-04-11,2023,2023,Tuesday,Tuesday,20:57,22:01,1257,1321,NON_WEEKEND,NON_WEEKEND_GAP
2023-04-12 20:57:00,2023-04-12 22:01:00,64.0,2023-04-12,2023-04-12,2023,2023,Wednesday,Wednesday,20:57,22:01,1257,1321,NON_WEEKEND,NON_WEEKEND_GAP
2023-04-13 20:57:00,2023-04-13 22:01:00,64.0,2023-04-13,2023-04-13,2023,2023,Thursday,Thursday,20:57,22:01,1257,1321,NON_WEEKEND,NON_WEEKEND_GAP
2023-04-14 20:57:00,2023-04-16 22:05:00,2948.0,2023-04-14,2023-04-16,2023,2023,Friday,Sunday,20:57,22:05,1257,1325,WEEKEND_TRANSITION,WEEKEND_TRANSITION
2023-04-17 20:57:00,2023-04-17 22:01:00,64.0,2023-04-17,2023-04-17,2023,2023,Monday,Monday,20:57,22:01,1257,1321,NON_WEEKEND,NON_WEEKEND_GAP
2023-04-18 20:57:00,2023-04-18 22:01:00,64.0,2023-04-18,2023-04-18,2023,2023,Tuesday,Tuesday,20:57,22:01,1257,1321,NON_WEEKEND,NON_WEEKEND_GAP
2023-04-19 20:57:00,2023-04-19 22:01:00,64.0,2023-04-19,2023-04-19,2023,2023,Wednesday,Wednesday,20:57,22:01,1257,1321,NON_WEEKEND,NON_WEEKEND_GAP
2023-04-20 20:57:00,2023-04-20 22:01:00,64.0,2023-04-20,2023-04-20,2023,2023,Thursday,Thursday,20:57,22:01,1257,1321,NON_WEEKEND,NON_WEEKEND_GAP
2023-04-21 20:57:00,2023-04-23 22:05:00,2948.0,2023-04-21,2023-04-23,2023,2023,Friday,Sunday,20:57,22:05,1257,1325,WEEKEND_TRANSITION,WEEKEND_TRANSITION
2023-04-24 20:57:00,2023-04-24 22:01:00,64.0,2023-04-24,2023-04-24,2023,2023,Monday,Monday,20:57,22:01,1257,1321,NON_WEEKEND,NON_WEEKEND_GAP
2023-04-25 20:57:00,2023-04-25 22:01:00,64.0,2023-04-25,2023-04-25,2023,2023,Tuesday,Tuesday,20:57,22:01,1257,1321,NON_WEEKEND,NON_WEEKEND_GAP
2023-04-26 20:57:00,2023-04-26 22:01:00,64.0,2023-04-26,2023-04-26,2023,2023,Wednesday,Wednesday,20:57,22:01,1257,1321,NON_WEEKEND,NON_WEEKEND_GAP
2023-04-27 20:57:00,2023-04-27 22:01:00,64.0,2023-04-27,2023-04-27,2023,2023,Thursday,Thursday,20:57,22:01,1257,1321,NON_WEEKEND,NON_WEEKEND_GAP
2023-04-28 20:57:00,2023-04-30 22:05:00,2948.0,2023-04-28,2023-04-30,2023,2023,Friday,Sunday,20:57,22:05,1257,1325,WEEKEND_TRANSITION,WEEKEND_TRANSITION
2023-05-01 20:57:00,2023-05-01 22:01:00,64.0,2023-05-01,2023-05-01,2023,2023,Monday,Monday,20:57,22:01,1257,1321,NON_WEEKEND,NON_WEEKEND_GAP
2023-05-02 20:57:00,2023-05-02 22:01:00,64.0,2023-05-02,2023-05-02,2023,2023,Tuesday,Tuesday,20:57,22:01,1257,1321,NON_WEEKEND,NON_WEEKEND_GAP
2023-05-03 20:57:00,2023-05-03 22:01:00,64.0,2023-05-03,2023-05-03,2023,2023,Wednesday,Wednesday,20:57,22:01,1257,1321,NON_WEEKEND,NON_WEEKEND_GAP
2023-05-04 20:57:00,2023-05-04 22:01:00,64.0,2023-05-04,2023-05-04,2023,2023,Thursday,Thursday,20:57,22:01,1257,1321,NON_WEEKEND,NON_WEEKEND_GAP
2023-05-05 20:57:00,2023-05-07 22:05:00,2948.0,2023-05-05,2023-05-07,2023,2023,Friday,Sunday,20:57,22:05,1257,1325,WEEKEND_TRANSITION,WEEKEND_TRANSITION
2023-05-08 20:57:00,2023-05-08 22:01:00,64.0,2023-05-08,2023-05-08,2023,2023,Monday,Monday,20:57,22:01,1257,1321,NON_WEEKEND,NON_WEEKEND_GAP
2023-05-09 20:57:00,2023-05-09 22:01:00,64.0,2023-05-09,2023-05-09,2023,2023,Tuesday,Tuesday,20:57,22:01,1257,1321,NON_WEEKEND,NON_WEEKEND_GAP
2023-05-10 20:57:00,2023-05-10 22:01:00,64.0,2023-05-10,2023-05-10,2023,2023,Wednesday,Wednesday,20:57,22:01,1257,1321,NON_WEEKEND,NON_WEEKEND_GAP
2023-05-11 20:57:00,2023-05-11 22:01:00,64.0,2023-05-11,2023-05-11,2023,2023,Thursday,Thursday,20:57,22:01,1257,1321,NON_WEEKEND,NON_WEEKEND_GAP
2023-05-12 20:57:00,2023-05-14 22:05:00,2948.0,2023-05-12,2023-05-14,2023,2023,Friday,Sunday,20:57,22:05,1257,1325,WEEKEND_TRANSITION,WEEKEND_TRANSITION
2023-05-15 20:57:00,2023-05-15 22:01:00,64.0,2023-05-15,2023-05-15,2023,2023,Monday,Monday,20:57,22:01,1257,1321,NON_WEEKEND,NON_WEEKEND_GAP
2023-05-16 20:57:00,2023-05-16 22:01:00,64.0,2023-05-16,2023-05-16,2023,2023,Tuesday,Tuesday,20:57,22:01,1257,1321,NON_WEEKEND,NON_WEEKEND_GAP
2023-05-17 20:57:00,2023-05-17 22:01:00,64.0,2023-05-17,2023-05-17,2023,2023,Wednesday,Wednesday,20:57,22:01,1257,1321,NON_WEEKEND,NON_WEEKEND_GAP
2023-05-18 20:57:00,2023-05-18 22:01:00,64.0,2023-05-18,2023-05-18,2023,2023,Thursday,Thursday,20:57,22:01,1257,1321,NON_WEEKEND,NON_WEEKEND_GAP
2023-05-19 20:57:00,2023-05-21 22:05:00,2948.0,2023-05-19,2023-05-21,2023,2023,Friday,Sunday,20:57,22:05,1257,1325,WEEKEND_TRANSITION,WEEKEND_TRANSITION
2023-05-22 20:57:00,2023-05-22 22:01:00,64.0,2023-05-22,2023-05-22,2023,2023,Monday,Monday,20:57,22:01,1257,1321,NON_WEEKEND,NON_WEEKEND_GAP
2023-05-23 20:57:00,2023-05-23 22:01:00,64.0,2023-05-23,2023-05-23,2023,2023,Tuesday,Tuesday,20:57,22:01,1257,1321,NON_WEEKEND,NON_WEEKEND_GAP
2023-05-24 20:57:00,2023-05-24 22:01:00,64.0,2023-05-24,2023-05-24,2023,2023,Wednesday,Wednesday,20:57,22:01,1257,1321,NON_WEEKEND,NON_WEEKEND_GAP
2023-05-25 20:57:00,2023-05-25 22:01:00,64.0,2023-05-25,2023-05-25,2023,2023,Thursday,Thursday,20:57,22:01,1257,1321,NON_WEEKEND,NON_WEEKEND_GAP
2023-05-26 20:57:00,2023-05-28 22:05:00,2948.0,2023-05-26,2023-05-28,2023,2023,Friday,Sunday,20:57,22:05,1257,1325,WEEKEND_TRANSITION,WEEKEND_TRANSITION
2023-05-29 17:13:00,2023-05-29 22:01:00,288.0,2023-05-29,2023-05-29,2023,2023,Monday,Monday,17:13,22:01,1033,1321,NON_WEEKEND,LONG_EXCEPTIONAL_GAP
2023-05-29 23:58:00,2023-05-30 00:00:00,2.0,2023-05-29,2023-05-30,2023,2023,Monday,Tuesday,23:58,00:00,1438,0,NON_WEEKEND,NON_WEEKEND_GAP
2023-05-30 20:57:00,2023-05-30 22:01:00,64.0,2023-05-30,2023-05-30,2023,2023,Tuesday,Tuesday,20:57,22:01,1257,1321,NON_WEEKEND,NON_WEEKEND_GAP
2023-05-31 20:57:00,2023-05-31 22:01:00,64.0,2023-05-31,2023-05-31,2023,2023,Wednesday,Wednesday,20:57,22:01,1257,1321,NON_WEEKEND,NON_WEEKEND_GAP
2023-06-01 20:57:00,2023-06-01 22:01:00,64.0,2023-06-01,2023-06-01,2023,2023,Thursday,Thursday,20:57,22:01,1257,1321,NON_WEEKEND,NON_WEEKEND_GAP
2023-06-02 20:57:00,2023-06-04 22:05:00,2948.0,2023-06-02,2023-06-04,2023,2023,Friday,Sunday,20:57,22:05,1257,1325,WEEKEND_TRANSITION,WEEKEND_TRANSITION
2023-06-05 20:57:00,2023-06-05 22:01:00,64.0,2023-06-05,2023-06-05,2023,2023,Monday,Monday,20:57,22:01,1257,1321,NON_WEEKEND,NON_WEEKEND_GAP
2023-06-06 20:57:00,2023-06-06 22:01:00,64.0,2023-06-06,2023-06-06,2023,2023,Tuesday,Tuesday,20:57,22:01,1257,1321,NON_WEEKEND,NON_WEEKEND_GAP
2023-06-07 20:57:00,2023-06-07 22:01:00,64.0,2023-06-07,2023-06-07,2023,2023,Wednesday,Wednesday,20:57,22:01,1257,1321,NON_WEEKEND,NON_WEEKEND_GAP
2023-06-08 20:57:00,2023-06-08 22:01:00,64.0,2023-06-08,2023-06-08,2023,2023,Thursday,Thursday,20:57,22:01,1257,1321,NON_WEEKEND,NON_WEEKEND_GAP
2023-06-09 20:57:00,2023-06-11 22:05:00,2948.0,2023-06-09,2023-06-11,2023,2023,Friday,Sunday,20:57,22:05,1257,1325,WEEKEND_TRANSITION,WEEKEND_TRANSITION
2023-06-12 20:57:00,2023-06-12 22:01:00,64.0,2023-06-12,2023-06-12,2023,2023,Monday,Monday,20:57,22:01,1257,1321,NON_WEEKEND,NON_WEEKEND_GAP
2023-06-13 20:57:00,2023-06-13 22:01:00,64.0,2023-06-13,2023-06-13,2023,2023,Tuesday,Tuesday,20:57,22:01,1257,1321,NON_WEEKEND,NON_WEEKEND_GAP
2023-06-14 20:57:00,2023-06-14 22:01:00,64.0,2023-06-14,2023-06-14,2023,2023,Wednesday,Wednesday,20:57,22:01,1257,1321,NON_WEEKEND,NON_WEEKEND_GAP
2023-06-15 20:57:00,2023-06-15 22:01:00,64.0,2023-06-15,2023-06-15,2023,2023,Thursday,Thursday,20:57,22:01,1257,1321,NON_WEEKEND,NON_WEEKEND_GAP
2023-06-16 20:57:00,2023-06-18 22:05:00,2948.0,2023-06-16,2023-06-18,2023,2023,Friday,Sunday,20:57,22:05,1257,1325,WEEKEND_TRANSITION,WEEKEND_TRANSITION
2023-06-19 17:13:00,2023-06-19 22:01:00,288.0,2023-06-19,2023-06-19,2023,2023,Monday,Monday,17:13,22:01,1033,1321,NON_WEEKEND,LONG_EXCEPTIONAL_GAP
2023-06-19 23:58:00,2023-06-20 00:00:00,2.0,2023-06-19,2023-06-20,2023,2023,Monday,Tuesday,23:58,00:00,1438,0,NON_WEEKEND,NON_WEEKEND_GAP
2023-06-20 20:57:00,2023-06-20 22:01:00,64.0,2023-06-20,2023-06-20,2023,2023,Tuesday,Tuesday,20:57,22:01,1257,1321,NON_WEEKEND,NON_WEEKEND_GAP
2023-06-21 20:57:00,2023-06-21 22:01:00,64.0,2023-06-21,2023-06-21,2023,2023,Wednesday,Wednesday,20:57,22:01,1257,1321,NON_WEEKEND,NON_WEEKEND_GAP
2023-06-22 20:57:00,2023-06-22 22:01:00,64.0,2023-06-22,2023-06-22,2023,2023,Thursday,Thursday,20:57,22:01,1257,1321,NON_WEEKEND,NON_WEEKEND_GAP
2023-06-23 20:57:00,2023-06-25 22:05:00,2948.0,2023-06-23,2023-06-25,2023,2023,Friday,Sunday,20:57,22:05,1257,1325,WEEKEND_TRANSITION,WEEKEND_TRANSITION
2023-06-26 20:57:00,2023-06-26 22:01:00,64.0,2023-06-26,2023-06-26,2023,2023,Monday,Monday,20:57,22:01,1257,1321,NON_WEEKEND,NON_WEEKEND_GAP
2023-06-27 20:57:00,2023-06-27 22:01:00,64.0,2023-06-27,2023-06-27,2023,2023,Tuesday,Tuesday,20:57,22:01,1257,1321,NON_WEEKEND,NON_WEEKEND_GAP
2023-06-28 20:57:00,2023-06-28 22:01:00,64.0,2023-06-28,2023-06-28,2023,2023,Wednesday,Wednesday,20:57,22:01,1257,1321,NON_WEEKEND,NON_WEEKEND_GAP
2023-06-29 20:57:00,2023-06-29 22:01:00,64.0,2023-06-29,2023-06-29,2023,2023,Thursday,Thursday,20:57,22:01,1257,1321,NON_WEEKEND,NON_WEEKEND_GAP
2023-06-30 20:57:00,2023-07-02 22:05:00,2948.0,2023-06-30,2023-07-02,2023,2023,Friday,Sunday,20:57,22:05,1257,1325,WEEKEND_TRANSITION,WEEKEND_TRANSITION
2023-07-03 20:57:00,2023-07-03 22:01:00,64.0,2023-07-03,2023-07-03,2023,2023,Monday,Monday,20:57,22:01,1257,1321,NON_WEEKEND,NON_WEEKEND_GAP
2023-07-04 18:13:00,2023-07-04 22:01:00,228.0,2023-07-04,2023-07-04,2023,2023,Tuesday,Tuesday,18:13,22:01,1093,1321,NON_WEEKEND,LONG_EXCEPTIONAL_GAP
2023-07-04 23:58:00,2023-07-05 00:00:00,2.0,2023-07-04,2023-07-05,2023,2023,Tuesday,Wednesday,23:58,00:00,1438,0,NON_WEEKEND,NON_WEEKEND_GAP
2023-07-05 20:57:00,2023-07-05 22:01:00,64.0,2023-07-05,2023-07-05,2023,2023,Wednesday,Wednesday,20:57,22:01,1257,1321,NON_WEEKEND,NON_WEEKEND_GAP
2023-07-06 20:57:00,2023-07-06 22:01:00,64.0,2023-07-06,2023-07-06,2023,2023,Thursday,Thursday,20:57,22:01,1257,1321,NON_WEEKEND,NON_WEEKEND_GAP
2023-07-07 20:57:00,2023-07-09 22:05:00,2948.0,2023-07-07,2023-07-09,2023,2023,Friday,Sunday,20:57,22:05,1257,1325,WEEKEND_TRANSITION,WEEKEND_TRANSITION
2023-07-10 20:57:00,2023-07-10 22:01:00,64.0,2023-07-10,2023-07-10,2023,2023,Monday,Monday,20:57,22:01,1257,1321,NON_WEEKEND,NON_WEEKEND_GAP
2023-07-11 20:57:00,2023-07-11 22:01:00,64.0,2023-07-11,2023-07-11,2023,2023,Tuesday,Tuesday,20:57,22:01,1257,1321,NON_WEEKEND,NON_WEEKEND_GAP
2023-07-12 20:57:00,2023-07-12 22:01:00,64.0,2023-07-12,2023-07-12,2023,2023,Wednesday,Wednesday,20:57,22:01,1257,1321,NON_WEEKEND,NON_WEEKEND_GAP
2023-07-13 20:57:00,2023-07-13 22:01:00,64.0,2023-07-13,2023-07-13,2023,2023,Thursday,Thursday,20:57,22:01,1257,1321,NON_WEEKEND,NON_WEEKEND_GAP
2023-07-14 20:57:00,2023-07-16 22:05:00,2948.0,2023-07-14,2023-07-16,2023,2023,Friday,Sunday,20:57,22:05,1257,1325,WEEKEND_TRANSITION,WEEKEND_TRANSITION
2023-07-17 20:57:00,2023-07-17 22:01:00,64.0,2023-07-17,2023-07-17,2023,2023,Monday,Monday,20:57,22:01,1257,1321,NON_WEEKEND,NON_WEEKEND_GAP
2023-07-18 20:57:00,2023-07-18 22:01:00,64.0,2023-07-18,2023-07-18,2023,2023,Tuesday,Tuesday,20:57,22:01,1257,1321,NON_WEEKEND,NON_WEEKEND_GAP
2023-07-19 20:57:00,2023-07-19 22:01:00,64.0,2023-07-19,2023-07-19,2023,2023,Wednesday,Wednesday,20:57,22:01,1257,1321,NON_WEEKEND,NON_WEEKEND_GAP
2023-07-20 20:57:00,2023-07-20 22:01:00,64.0,2023-07-20,2023-07-20,2023,2023,Thursday,Thursday,20:57,22:01,1257,1321,NON_WEEKEND,NON_WEEKEND_GAP
2023-07-21 20:57:00,2023-07-23 22:05:00,2948.0,2023-07-21,2023-07-23,2023,2023,Friday,Sunday,20:57,22:05,1257,1325,WEEKEND_TRANSITION,WEEKEND_TRANSITION
2023-07-24 20:57:00,2023-07-24 22:01:00,64.0,2023-07-24,2023-07-24,2023,2023,Monday,Monday,20:57,22:01,1257,1321,NON_WEEKEND,NON_WEEKEND_GAP
2023-07-25 20:57:00,2023-07-25 22:01:00,64.0,2023-07-25,2023-07-25,2023,2023,Tuesday,Tuesday,20:57,22:01,1257,1321,NON_WEEKEND,NON_WEEKEND_GAP
2023-07-26 20:57:00,2023-07-26 22:01:00,64.0,2023-07-26,2023-07-26,2023,2023,Wednesday,Wednesday,20:57,22:01,1257,1321,NON_WEEKEND,NON_WEEKEND_GAP
2023-07-27 20:57:00,2023-07-27 22:01:00,64.0,2023-07-27,2023-07-27,2023,2023,Thursday,Thursday,20:57,22:01,1257,1321,NON_WEEKEND,NON_WEEKEND_GAP
2023-07-28 20:57:00,2023-07-30 22:05:00,2948.0,2023-07-28,2023-07-30,2023,2023,Friday,Sunday,20:57,22:05,1257,1325,WEEKEND_TRANSITION,WEEKEND_TRANSITION
2023-07-31 20:57:00,2023-07-31 22:01:00,64.0,2023-07-31,2023-07-31,2023,2023,Monday,Monday,20:57,22:01,1257,1321,NON_WEEKEND,NON_WEEKEND_GAP
2023-08-01 20:57:00,2023-08-01 22:01:00,64.0,2023-08-01,2023-08-01,2023,2023,Tuesday,Tuesday,20:57,22:01,1257,1321,NON_WEEKEND,NON_WEEKEND_GAP
2023-08-02 20:57:00,2023-08-02 22:01:00,64.0,2023-08-02,2023-08-02,2023,2023,Wednesday,Wednesday,20:57,22:01,1257,1321,NON_WEEKEND,NON_WEEKEND_GAP
2023-08-03 20:57:00,2023-08-03 22:01:00,64.0,2023-08-03,2023-08-03,2023,2023,Thursday,Thursday,20:57,22:01,1257,1321,NON_WEEKEND,NON_WEEKEND_GAP
2023-08-04 20:57:00,2023-08-06 22:05:00,2948.0,2023-08-04,2023-08-06,2023,2023,Friday,Sunday,20:57,22:05,1257,1325,WEEKEND_TRANSITION,WEEKEND_TRANSITION
2023-08-07 20:57:00,2023-08-07 22:01:00,64.0,2023-08-07,2023-08-07,2023,2023,Monday,Monday,20:57,22:01,1257,1321,NON_WEEKEND,NON_WEEKEND_GAP
2023-08-08 20:57:00,2023-08-08 22:01:00,64.0,2023-08-08,2023-08-08,2023,2023,Tuesday,Tuesday,20:57,22:01,1257,1321,NON_WEEKEND,NON_WEEKEND_GAP
2023-08-09 20:57:00,2023-08-09 22:01:00,64.0,2023-08-09,2023-08-09,2023,2023,Wednesday,Wednesday,20:57,22:01,1257,1321,NON_WEEKEND,NON_WEEKEND_GAP
2023-08-10 20:57:00,2023-08-10 22:01:00,64.0,2023-08-10,2023-08-10,2023,2023,Thursday,Thursday,20:57,22:01,1257,1321,NON_WEEKEND,NON_WEEKEND_GAP
2023-08-11 20:57:00,2023-08-13 22:05:00,2948.0,2023-08-11,2023-08-13,2023,2023,Friday,Sunday,20:57,22:05,1257,1325,WEEKEND_TRANSITION,WEEKEND_TRANSITION
2023-08-14 20:57:00,2023-08-14 22:01:00,64.0,2023-08-14,2023-08-14,2023,2023,Monday,Monday,20:57,22:01,1257,1321,NON_WEEKEND,NON_WEEKEND_GAP
2023-08-15 20:57:00,2023-08-15 22:01:00,64.0,2023-08-15,2023-08-15,2023,2023,Tuesday,Tuesday,20:57,22:01,1257,1321,NON_WEEKEND,NON_WEEKEND_GAP
2023-08-16 20:57:00,2023-08-16 22:01:00,64.0,2023-08-16,2023-08-16,2023,2023,Wednesday,Wednesday,20:57,22:01,1257,1321,NON_WEEKEND,NON_WEEKEND_GAP
2023-08-17 20:57:00,2023-08-17 22:01:00,64.0,2023-08-17,2023-08-17,2023,2023,Thursday,Thursday,20:57,22:01,1257,1321,NON_WEEKEND,NON_WEEKEND_GAP
2023-08-18 20:57:00,2023-08-20 22:05:00,2948.0,2023-08-18,2023-08-20,2023,2023,Friday,Sunday,20:57,22:05,1257,1325,WEEKEND_TRANSITION,WEEKEND_TRANSITION
2023-08-21 20:57:00,2023-08-21 22:01:00,64.0,2023-08-21,2023-08-21,2023,2023,Monday,Monday,20:57,22:01,1257,1321,NON_WEEKEND,NON_WEEKEND_GAP
2023-08-22 20:57:00,2023-08-22 22:01:00,64.0,2023-08-22,2023-08-22,2023,2023,Tuesday,Tuesday,20:57,22:01,1257,1321,NON_WEEKEND,NON_WEEKEND_GAP
2023-08-23 20:57:00,2023-08-23 22:01:00,64.0,2023-08-23,2023-08-23,2023,2023,Wednesday,Wednesday,20:57,22:01,1257,1321,NON_WEEKEND,NON_WEEKEND_GAP
2023-08-24 20:57:00,2023-08-24 22:01:00,64.0,2023-08-24,2023-08-24,2023,2023,Thursday,Thursday,20:57,22:01,1257,1321,NON_WEEKEND,NON_WEEKEND_GAP
2023-08-25 20:57:00,2023-08-27 22:05:00,2948.0,2023-08-25,2023-08-27,2023,2023,Friday,Sunday,20:57,22:05,1257,1325,WEEKEND_TRANSITION,WEEKEND_TRANSITION
2023-08-28 20:57:00,2023-08-28 22:01:00,64.0,2023-08-28,2023-08-28,2023,2023,Monday,Monday,20:57,22:01,1257,1321,NON_WEEKEND,NON_WEEKEND_GAP
2023-08-29 20:57:00,2023-08-29 22:01:00,64.0,2023-08-29,2023-08-29,2023,2023,Tuesday,Tuesday,20:57,22:01,1257,1321,NON_WEEKEND,NON_WEEKEND_GAP
2023-08-30 20:57:00,2023-08-30 22:01:00,64.0,2023-08-30,2023-08-30,2023,2023,Wednesday,Wednesday,20:57,22:01,1257,1321,NON_WEEKEND,NON_WEEKEND_GAP
2023-08-31 20:57:00,2023-08-31 22:01:00,64.0,2023-08-31,2023-08-31,2023,2023,Thursday,Thursday,20:57,22:01,1257,1321,NON_WEEKEND,NON_WEEKEND_GAP
2023-09-01 20:57:00,2023-09-03 22:05:00,2948.0,2023-09-01,2023-09-03,2023,2023,Friday,Sunday,20:57,22:05,1257,1325,WEEKEND_TRANSITION,WEEKEND_TRANSITION
2023-09-04 17:13:00,2023-09-04 22:01:00,288.0,2023-09-04,2023-09-04,2023,2023,Monday,Monday,17:13,22:01,1033,1321,NON_WEEKEND,LONG_EXCEPTIONAL_GAP
2023-09-04 23:58:00,2023-09-05 00:00:00,2.0,2023-09-04,2023-09-05,2023,2023,Monday,Tuesday,23:58,00:00,1438,0,NON_WEEKEND,NON_WEEKEND_GAP
2023-09-05 20:57:00,2023-09-05 22:01:00,64.0,2023-09-05,2023-09-05,2023,2023,Tuesday,Tuesday,20:57,22:01,1257,1321,NON_WEEKEND,NON_WEEKEND_GAP
2023-09-06 20:57:00,2023-09-06 22:01:00,64.0,2023-09-06,2023-09-06,2023,2023,Wednesday,Wednesday,20:57,22:01,1257,1321,NON_WEEKEND,NON_WEEKEND_GAP
2023-09-07 20:57:00,2023-09-07 22:01:00,64.0,2023-09-07,2023-09-07,2023,2023,Thursday,Thursday,20:57,22:01,1257,1321,NON_WEEKEND,NON_WEEKEND_GAP
2023-09-08 20:57:00,2023-09-10 22:05:00,2948.0,2023-09-08,2023-09-10,2023,2023,Friday,Sunday,20:57,22:05,1257,1325,WEEKEND_TRANSITION,WEEKEND_TRANSITION
2023-09-11 20:57:00,2023-09-11 22:01:00,64.0,2023-09-11,2023-09-11,2023,2023,Monday,Monday,20:57,22:01,1257,1321,NON_WEEKEND,NON_WEEKEND_GAP
2023-09-12 20:57:00,2023-09-12 22:01:00,64.0,2023-09-12,2023-09-12,2023,2023,Tuesday,Tuesday,20:57,22:01,1257,1321,NON_WEEKEND,NON_WEEKEND_GAP
2023-09-13 20:57:00,2023-09-13 22:01:00,64.0,2023-09-13,2023-09-13,2023,2023,Wednesday,Wednesday,20:57,22:01,1257,1321,NON_WEEKEND,NON_WEEKEND_GAP
2023-09-14 20:57:00,2023-09-14 22:01:00,64.0,2023-09-14,2023-09-14,2023,2023,Thursday,Thursday,20:57,22:01,1257,1321,NON_WEEKEND,NON_WEEKEND_GAP
2023-09-15 20:57:00,2023-09-17 22:05:00,2948.0,2023-09-15,2023-09-17,2023,2023,Friday,Sunday,20:57,22:05,1257,1325,WEEKEND_TRANSITION,WEEKEND_TRANSITION
2023-09-18 20:57:00,2023-09-18 22:01:00,64.0,2023-09-18,2023-09-18,2023,2023,Monday,Monday,20:57,22:01,1257,1321,NON_WEEKEND,NON_WEEKEND_GAP
2023-09-19 20:57:00,2023-09-19 22:01:00,64.0,2023-09-19,2023-09-19,2023,2023,Tuesday,Tuesday,20:57,22:01,1257,1321,NON_WEEKEND,NON_WEEKEND_GAP
2023-09-20 20:57:00,2023-09-20 22:01:00,64.0,2023-09-20,2023-09-20,2023,2023,Wednesday,Wednesday,20:57,22:01,1257,1321,NON_WEEKEND,NON_WEEKEND_GAP
2023-09-21 20:57:00,2023-09-21 22:01:00,64.0,2023-09-21,2023-09-21,2023,2023,Thursday,Thursday,20:57,22:01,1257,1321,NON_WEEKEND,NON_WEEKEND_GAP
2023-09-22 20:57:00,2023-09-24 22:05:00,2948.0,2023-09-22,2023-09-24,2023,2023,Friday,Sunday,20:57,22:05,1257,1325,WEEKEND_TRANSITION,WEEKEND_TRANSITION
2023-09-25 20:57:00,2023-09-25 22:01:00,64.0,2023-09-25,2023-09-25,2023,2023,Monday,Monday,20:57,22:01,1257,1321,NON_WEEKEND,NON_WEEKEND_GAP
2023-09-26 20:57:00,2023-09-26 22:01:00,64.0,2023-09-26,2023-09-26,2023,2023,Tuesday,Tuesday,20:57,22:01,1257,1321,NON_WEEKEND,NON_WEEKEND_GAP
2023-09-27 20:57:00,2023-09-27 22:01:00,64.0,2023-09-27,2023-09-27,2023,2023,Wednesday,Wednesday,20:57,22:01,1257,1321,NON_WEEKEND,NON_WEEKEND_GAP
2023-09-28 20:57:00,2023-09-28 22:01:00,64.0,2023-09-28,2023-09-28,2023,2023,Thursday,Thursday,20:57,22:01,1257,1321,NON_WEEKEND,NON_WEEKEND_GAP
2023-09-29 20:57:00,2023-10-01 22:05:00,2948.0,2023-09-29,2023-10-01,2023,2023,Friday,Sunday,20:57,22:05,1257,1325,WEEKEND_TRANSITION,WEEKEND_TRANSITION
2023-10-02 20:57:00,2023-10-02 22:01:00,64.0,2023-10-02,2023-10-02,2023,2023,Monday,Monday,20:57,22:01,1257,1321,NON_WEEKEND,NON_WEEKEND_GAP
2023-10-03 20:57:00,2023-10-03 22:01:00,64.0,2023-10-03,2023-10-03,2023,2023,Tuesday,Tuesday,20:57,22:01,1257,1321,NON_WEEKEND,NON_WEEKEND_GAP
2023-10-04 20:57:00,2023-10-04 22:01:00,64.0,2023-10-04,2023-10-04,2023,2023,Wednesday,Wednesday,20:57,22:01,1257,1321,NON_WEEKEND,NON_WEEKEND_GAP
2023-10-05 20:57:00,2023-10-05 22:01:00,64.0,2023-10-05,2023-10-05,2023,2023,Thursday,Thursday,20:57,22:01,1257,1321,NON_WEEKEND,NON_WEEKEND_GAP
2023-10-06 20:57:00,2023-10-08 22:05:00,2948.0,2023-10-06,2023-10-08,2023,2023,Friday,Sunday,20:57,22:05,1257,1325,WEEKEND_TRANSITION,WEEKEND_TRANSITION
2023-10-09 20:57:00,2023-10-09 22:01:00,64.0,2023-10-09,2023-10-09,2023,2023,Monday,Monday,20:57,22:01,1257,1321,NON_WEEKEND,NON_WEEKEND_GAP
2023-10-10 19:14:00,2023-10-10 19:22:00,8.0,2023-10-10,2023-10-10,2023,2023,Tuesday,Tuesday,19:14,19:22,1154,1162,NON_WEEKEND,NON_WEEKEND_GAP
2023-10-10 20:57:00,2023-10-10 22:01:00,64.0,2023-10-10,2023-10-10,2023,2023,Tuesday,Tuesday,20:57,22:01,1257,1321,NON_WEEKEND,NON_WEEKEND_GAP
2023-10-11 20:57:00,2023-10-11 22:01:00,64.0,2023-10-11,2023-10-11,2023,2023,Wednesday,Wednesday,20:57,22:01,1257,1321,NON_WEEKEND,NON_WEEKEND_GAP
2023-10-12 20:57:00,2023-10-12 22:01:00,64.0,2023-10-12,2023-10-12,2023,2023,Thursday,Thursday,20:57,22:01,1257,1321,NON_WEEKEND,NON_WEEKEND_GAP
2023-10-13 20:57:00,2023-10-15 22:05:00,2948.0,2023-10-13,2023-10-15,2023,2023,Friday,Sunday,20:57,22:05,1257,1325,WEEKEND_TRANSITION,WEEKEND_TRANSITION
2023-10-16 20:57:00,2023-10-16 22:01:00,64.0,2023-10-16,2023-10-16,2023,2023,Monday,Monday,20:57,22:01,1257,1321,NON_WEEKEND,NON_WEEKEND_GAP
2023-10-17 20:57:00,2023-10-17 22:01:00,64.0,2023-10-17,2023-10-17,2023,2023,Tuesday,Tuesday,20:57,22:01,1257,1321,NON_WEEKEND,NON_WEEKEND_GAP
2023-10-18 20:57:00,2023-10-18 22:01:00,64.0,2023-10-18,2023-10-18,2023,2023,Wednesday,Wednesday,20:57,22:01,1257,1321,NON_WEEKEND,NON_WEEKEND_GAP
2023-10-19 20:57:00,2023-10-19 22:01:00,64.0,2023-10-19,2023-10-19,2023,2023,Thursday,Thursday,20:57,22:01,1257,1321,NON_WEEKEND,NON_WEEKEND_GAP
2023-10-20 20:57:00,2023-10-22 22:05:00,2948.0,2023-10-20,2023-10-22,2023,2023,Friday,Sunday,20:57,22:05,1257,1325,WEEKEND_TRANSITION,WEEKEND_TRANSITION
2023-10-23 20:57:00,2023-10-23 22:01:00,64.0,2023-10-23,2023-10-23,2023,2023,Monday,Monday,20:57,22:01,1257,1321,NON_WEEKEND,NON_WEEKEND_GAP
2023-10-24 20:57:00,2023-10-24 22:01:00,64.0,2023-10-24,2023-10-24,2023,2023,Tuesday,Tuesday,20:57,22:01,1257,1321,NON_WEEKEND,NON_WEEKEND_GAP
2023-10-25 20:57:00,2023-10-25 22:01:00,64.0,2023-10-25,2023-10-25,2023,2023,Wednesday,Wednesday,20:57,22:01,1257,1321,NON_WEEKEND,NON_WEEKEND_GAP
2023-10-26 20:57:00,2023-10-26 22:01:00,64.0,2023-10-26,2023-10-26,2023,2023,Thursday,Thursday,20:57,22:01,1257,1321,NON_WEEKEND,NON_WEEKEND_GAP
2023-10-27 20:57:00,2023-10-29 22:05:00,2948.0,2023-10-27,2023-10-29,2023,2023,Friday,Sunday,20:57,22:05,1257,1325,WEEKEND_TRANSITION,WEEKEND_TRANSITION
2023-10-30 20:57:00,2023-10-30 22:01:00,64.0,2023-10-30,2023-10-30,2023,2023,Monday,Monday,20:57,22:01,1257,1321,NON_WEEKEND,NON_WEEKEND_GAP
2023-10-31 20:57:00,2023-10-31 22:01:00,64.0,2023-10-31,2023-10-31,2023,2023,Tuesday,Tuesday,20:57,22:01,1257,1321,NON_WEEKEND,NON_WEEKEND_GAP
2023-11-01 20:57:00,2023-11-01 22:01:00,64.0,2023-11-01,2023-11-01,2023,2023,Wednesday,Wednesday,20:57,22:01,1257,1321,NON_WEEKEND,NON_WEEKEND_GAP
2023-11-02 20:57:00,2023-11-02 22:01:00,64.0,2023-11-02,2023-11-02,2023,2023,Thursday,Thursday,20:57,22:01,1257,1321,NON_WEEKEND,NON_WEEKEND_GAP
2023-11-03 20:57:00,2023-11-05 23:05:00,3008.0,2023-11-03,2023-11-05,2023,2023,Friday,Sunday,20:57,23:05,1257,1385,WEEKEND_TRANSITION,WEEKEND_TRANSITION
2023-11-06 21:57:00,2023-11-06 23:01:00,64.0,2023-11-06,2023-11-06,2023,2023,Monday,Monday,21:57,23:01,1317,1381,NON_WEEKEND,NON_WEEKEND_GAP
2023-11-07 21:57:00,2023-11-07 23:01:00,64.0,2023-11-07,2023-11-07,2023,2023,Tuesday,Tuesday,21:57,23:01,1317,1381,NON_WEEKEND,NON_WEEKEND_GAP
2023-11-08 21:57:00,2023-11-08 23:01:00,64.0,2023-11-08,2023-11-08,2023,2023,Wednesday,Wednesday,21:57,23:01,1317,1381,NON_WEEKEND,NON_WEEKEND_GAP
2023-11-09 21:57:00,2023-11-09 23:01:00,64.0,2023-11-09,2023-11-09,2023,2023,Thursday,Thursday,21:57,23:01,1317,1381,NON_WEEKEND,NON_WEEKEND_GAP
2023-11-10 21:57:00,2023-11-12 23:05:00,2948.0,2023-11-10,2023-11-12,2023,2023,Friday,Sunday,21:57,23:05,1317,1385,WEEKEND_TRANSITION,WEEKEND_TRANSITION
2023-11-13 21:57:00,2023-11-13 23:01:00,64.0,2023-11-13,2023-11-13,2023,2023,Monday,Monday,21:57,23:01,1317,1381,NON_WEEKEND,NON_WEEKEND_GAP
2023-11-14 21:57:00,2023-11-14 23:01:00,64.0,2023-11-14,2023-11-14,2023,2023,Tuesday,Tuesday,21:57,23:01,1317,1381,NON_WEEKEND,NON_WEEKEND_GAP
2023-11-15 21:57:00,2023-11-15 23:01:00,64.0,2023-11-15,2023-11-15,2023,2023,Wednesday,Wednesday,21:57,23:01,1317,1381,NON_WEEKEND,NON_WEEKEND_GAP
2023-11-16 21:57:00,2023-11-16 23:01:00,64.0,2023-11-16,2023-11-16,2023,2023,Thursday,Thursday,21:57,23:01,1317,1381,NON_WEEKEND,NON_WEEKEND_GAP
2023-11-17 21:57:00,2023-11-19 23:05:00,2948.0,2023-11-17,2023-11-19,2023,2023,Friday,Sunday,21:57,23:05,1317,1385,WEEKEND_TRANSITION,WEEKEND_TRANSITION
2023-11-20 21:57:00,2023-11-20 23:01:00,64.0,2023-11-20,2023-11-20,2023,2023,Monday,Monday,21:57,23:01,1317,1381,NON_WEEKEND,NON_WEEKEND_GAP
2023-11-21 21:57:00,2023-11-21 23:01:00,64.0,2023-11-21,2023-11-21,2023,2023,Tuesday,Tuesday,21:57,23:01,1317,1381,NON_WEEKEND,NON_WEEKEND_GAP
2023-11-22 17:04:00,2023-11-22 17:07:00,3.0,2023-11-22,2023-11-22,2023,2023,Wednesday,Wednesday,17:04,17:07,1024,1027,NON_WEEKEND,NON_WEEKEND_GAP
2023-11-22 21:57:00,2023-11-22 23:01:00,64.0,2023-11-22,2023-11-22,2023,2023,Wednesday,Wednesday,21:57,23:01,1317,1381,NON_WEEKEND,NON_WEEKEND_GAP
2023-11-23 18:14:00,2023-11-23 23:01:00,287.0,2023-11-23,2023-11-23,2023,2023,Thursday,Thursday,18:14,23:01,1094,1381,NON_WEEKEND,LONG_EXCEPTIONAL_GAP
2023-11-24 18:29:00,2023-11-26 23:05:00,3156.0,2023-11-24,2023-11-26,2023,2023,Friday,Sunday,18:29,23:05,1109,1385,WEEKEND_TRANSITION,WEEKEND_TRANSITION
2023-11-27 21:57:00,2023-11-27 23:01:00,64.0,2023-11-27,2023-11-27,2023,2023,Monday,Monday,21:57,23:01,1317,1381,NON_WEEKEND,NON_WEEKEND_GAP
2023-11-28 21:57:00,2023-11-28 23:01:00,64.0,2023-11-28,2023-11-28,2023,2023,Tuesday,Tuesday,21:57,23:01,1317,1381,NON_WEEKEND,NON_WEEKEND_GAP
2023-11-29 21:57:00,2023-11-29 23:01:00,64.0,2023-11-29,2023-11-29,2023,2023,Wednesday,Wednesday,21:57,23:01,1317,1381,NON_WEEKEND,NON_WEEKEND_GAP
2023-11-30 21:57:00,2023-11-30 23:01:00,64.0,2023-11-30,2023-11-30,2023,2023,Thursday,Thursday,21:57,23:01,1317,1381,NON_WEEKEND,NON_WEEKEND_GAP
2023-12-01 21:57:00,2023-12-03 23:05:00,2948.0,2023-12-01,2023-12-03,2023,2023,Friday,Sunday,21:57,23:05,1317,1385,WEEKEND_TRANSITION,WEEKEND_TRANSITION
2023-12-04 21:57:00,2023-12-04 23:01:00,64.0,2023-12-04,2023-12-04,2023,2023,Monday,Monday,21:57,23:01,1317,1381,NON_WEEKEND,NON_WEEKEND_GAP
2023-12-05 21:57:00,2023-12-05 23:01:00,64.0,2023-12-05,2023-12-05,2023,2023,Tuesday,Tuesday,21:57,23:01,1317,1381,NON_WEEKEND,NON_WEEKEND_GAP
2023-12-06 21:57:00,2023-12-06 23:01:00,64.0,2023-12-06,2023-12-06,2023,2023,Wednesday,Wednesday,21:57,23:01,1317,1381,NON_WEEKEND,NON_WEEKEND_GAP
2023-12-07 21:57:00,2023-12-07 23:01:00,64.0,2023-12-07,2023-12-07,2023,2023,Thursday,Thursday,21:57,23:01,1317,1381,NON_WEEKEND,NON_WEEKEND_GAP
2023-12-08 21:57:00,2023-12-10 23:05:00,2948.0,2023-12-08,2023-12-10,2023,2023,Friday,Sunday,21:57,23:05,1317,1385,WEEKEND_TRANSITION,WEEKEND_TRANSITION
2023-12-11 21:57:00,2023-12-11 23:01:00,64.0,2023-12-11,2023-12-11,2023,2023,Monday,Monday,21:57,23:01,1317,1381,NON_WEEKEND,NON_WEEKEND_GAP
2023-12-12 10:33:00,2023-12-12 10:41:00,8.0,2023-12-12,2023-12-12,2023,2023,Tuesday,Tuesday,10:33,10:41,633,641,NON_WEEKEND,NON_WEEKEND_GAP
2023-12-12 21:57:00,2023-12-12 23:01:00,64.0,2023-12-12,2023-12-12,2023,2023,Tuesday,Tuesday,21:57,23:01,1317,1381,NON_WEEKEND,NON_WEEKEND_GAP
2023-12-13 21:57:00,2023-12-13 23:01:00,64.0,2023-12-13,2023-12-13,2023,2023,Wednesday,Wednesday,21:57,23:01,1317,1381,NON_WEEKEND,NON_WEEKEND_GAP
2023-12-14 21:57:00,2023-12-14 23:01:00,64.0,2023-12-14,2023-12-14,2023,2023,Thursday,Thursday,21:57,23:01,1317,1381,NON_WEEKEND,NON_WEEKEND_GAP
2023-12-15 21:57:00,2023-12-17 23:05:00,2948.0,2023-12-15,2023-12-17,2023,2023,Friday,Sunday,21:57,23:05,1317,1385,WEEKEND_TRANSITION,WEEKEND_TRANSITION
2023-12-18 21:57:00,2023-12-18 23:01:00,64.0,2023-12-18,2023-12-18,2023,2023,Monday,Monday,21:57,23:01,1317,1381,NON_WEEKEND,NON_WEEKEND_GAP
2023-12-19 21:57:00,2023-12-19 23:01:00,64.0,2023-12-19,2023-12-19,2023,2023,Tuesday,Tuesday,21:57,23:01,1317,1381,NON_WEEKEND,NON_WEEKEND_GAP
2023-12-20 21:57:00,2023-12-20 23:01:00,64.0,2023-12-20,2023-12-20,2023,2023,Wednesday,Wednesday,21:57,23:01,1317,1381,NON_WEEKEND,NON_WEEKEND_GAP
2023-12-21 21:57:00,2023-12-21 23:01:00,64.0,2023-12-21,2023-12-21,2023,2023,Thursday,Thursday,21:57,23:01,1317,1381,NON_WEEKEND,NON_WEEKEND_GAP
2023-12-22 21:57:00,2023-12-25 23:05:00,4388.0,2023-12-22,2023-12-25,2023,2023,Friday,Monday,21:57,23:05,1317,1385,WEEKEND_TRANSITION,WEEKEND_TRANSITION
2023-12-25 23:58:00,2023-12-26 00:00:00,2.0,2023-12-25,2023-12-26,2023,2023,Monday,Tuesday,23:58,00:00,1438,0,NON_WEEKEND,NON_WEEKEND_GAP
2023-12-26 21:57:00,2023-12-26 23:01:00,64.0,2023-12-26,2023-12-26,2023,2023,Tuesday,Tuesday,21:57,23:01,1317,1381,NON_WEEKEND,NON_WEEKEND_GAP
2023-12-27 21:57:00,2023-12-27 23:01:00,64.0,2023-12-27,2023-12-27,2023,2023,Wednesday,Wednesday,21:57,23:01,1317,1381,NON_WEEKEND,NON_WEEKEND_GAP
2023-12-28 21:57:00,2023-12-28 23:01:00,64.0,2023-12-28,2023-12-28,2023,2023,Thursday,Thursday,21:57,23:01,1317,1381,NON_WEEKEND,NON_WEEKEND_GAP
2023-12-29 21:57:00,2024-01-01 23:05:00,4388.0,2023-12-29,2024-01-01,2023,2024,Friday,Monday,21:57,23:05,1317,1385,WEEKEND_TRANSITION,WEEKEND_TRANSITION
2024-01-01 23:58:00,2024-01-02 00:00:00,2.0,2024-01-01,2024-01-02,2024,2024,Monday,Tuesday,23:58,00:00,1438,0,NON_WEEKEND,NON_WEEKEND_GAP
2024-01-02 21:57:00,2024-01-02 23:01:00,64.0,2024-01-02,2024-01-02,2024,2024,Tuesday,Tuesday,21:57,23:01,1317,1381,NON_WEEKEND,NON_WEEKEND_GAP
2024-01-03 21:57:00,2024-01-03 23:01:00,64.0,2024-01-03,2024-01-03,2024,2024,Wednesday,Wednesday,21:57,23:01,1317,1381,NON_WEEKEND,NON_WEEKEND_GAP
2024-01-04 21:57:00,2024-01-04 23:01:00,64.0,2024-01-04,2024-01-04,2024,2024,Thursday,Thursday,21:57,23:01,1317,1381,NON_WEEKEND,NON_WEEKEND_GAP
2024-01-05 21:57:00,2024-01-07 23:05:00,2948.0,2024-01-05,2024-01-07,2024,2024,Friday,Sunday,21:57,23:05,1317,1385,WEEKEND_TRANSITION,WEEKEND_TRANSITION
2024-01-08 21:57:00,2024-01-08 23:01:00,64.0,2024-01-08,2024-01-08,2024,2024,Monday,Monday,21:57,23:01,1317,1381,NON_WEEKEND,NON_WEEKEND_GAP
2024-01-09 21:57:00,2024-01-09 23:01:00,64.0,2024-01-09,2024-01-09,2024,2024,Tuesday,Tuesday,21:57,23:01,1317,1381,NON_WEEKEND,NON_WEEKEND_GAP
2024-01-10 21:57:00,2024-01-10 23:01:00,64.0,2024-01-10,2024-01-10,2024,2024,Wednesday,Wednesday,21:57,23:01,1317,1381,NON_WEEKEND,NON_WEEKEND_GAP
2024-01-11 21:57:00,2024-01-11 23:01:00,64.0,2024-01-11,2024-01-11,2024,2024,Thursday,Thursday,21:57,23:01,1317,1381,NON_WEEKEND,NON_WEEKEND_GAP
2024-01-12 21:57:00,2024-01-14 23:05:00,2948.0,2024-01-12,2024-01-14,2024,2024,Friday,Sunday,21:57,23:05,1317,1385,WEEKEND_TRANSITION,WEEKEND_TRANSITION
2024-01-15 19:14:00,2024-01-15 23:01:00,227.0,2024-01-15,2024-01-15,2024,2024,Monday,Monday,19:14,23:01,1154,1381,NON_WEEKEND,LONG_EXCEPTIONAL_GAP
2024-01-16 21:57:00,2024-01-16 23:01:00,64.0,2024-01-16,2024-01-16,2024,2024,Tuesday,Tuesday,21:57,23:01,1317,1381,NON_WEEKEND,NON_WEEKEND_GAP
2024-01-17 21:57:00,2024-01-17 23:01:00,64.0,2024-01-17,2024-01-17,2024,2024,Wednesday,Wednesday,21:57,23:01,1317,1381,NON_WEEKEND,NON_WEEKEND_GAP
2024-01-18 21:57:00,2024-01-18 23:01:00,64.0,2024-01-18,2024-01-18,2024,2024,Thursday,Thursday,21:57,23:01,1317,1381,NON_WEEKEND,NON_WEEKEND_GAP
2024-01-19 21:57:00,2024-01-21 23:05:00,2948.0,2024-01-19,2024-01-21,2024,2024,Friday,Sunday,21:57,23:05,1317,1385,WEEKEND_TRANSITION,WEEKEND_TRANSITION
2024-01-22 21:57:00,2024-01-22 23:01:00,64.0,2024-01-22,2024-01-22,2024,2024,Monday,Monday,21:57,23:01,1317,1381,NON_WEEKEND,NON_WEEKEND_GAP
2024-01-23 21:56:00,2024-01-23 23:01:00,65.0,2024-01-23,2024-01-23,2024,2024,Tuesday,Tuesday,21:56,23:01,1316,1381,NON_WEEKEND,NON_WEEKEND_GAP
2024-01-23 23:58:00,2024-01-24 00:00:00,2.0,2024-01-23,2024-01-24,2024,2024,Tuesday,Wednesday,23:58,00:00,1438,0,NON_WEEKEND,NON_WEEKEND_GAP
2024-01-24 21:47:00,2024-01-24 21:49:00,2.0,2024-01-24,2024-01-24,2024,2024,Wednesday,Wednesday,21:47,21:49,1307,1309,NON_WEEKEND,NON_WEEKEND_GAP
2024-01-24 21:56:00,2024-01-24 23:01:00,65.0,2024-01-24,2024-01-24,2024,2024,Wednesday,Wednesday,21:56,23:01,1316,1381,NON_WEEKEND,NON_WEEKEND_GAP
2024-01-24 23:58:00,2024-01-25 00:00:00,2.0,2024-01-24,2024-01-25,2024,2024,Wednesday,Thursday,23:58,00:00,1438,0,NON_WEEKEND,NON_WEEKEND_GAP
2024-01-25 21:56:00,2024-01-25 23:01:00,65.0,2024-01-25,2024-01-25,2024,2024,Thursday,Thursday,21:56,23:01,1316,1381,NON_WEEKEND,NON_WEEKEND_GAP
2024-01-25 23:58:00,2024-01-26 00:00:00,2.0,2024-01-25,2024-01-26,2024,2024,Thursday,Friday,23:58,00:00,1438,0,NON_WEEKEND,NON_WEEKEND_GAP
2024-01-26 21:56:00,2024-01-28 23:05:00,2949.0,2024-01-26,2024-01-28,2024,2024,Friday,Sunday,21:56,23:05,1316,1385,WEEKEND_TRANSITION,WEEKEND_TRANSITION
2024-01-29 21:57:00,2024-01-29 23:01:00,64.0,2024-01-29,2024-01-29,2024,2024,Monday,Monday,21:57,23:01,1317,1381,NON_WEEKEND,NON_WEEKEND_GAP
2024-01-30 21:57:00,2024-01-30 23:01:00,64.0,2024-01-30,2024-01-30,2024,2024,Tuesday,Tuesday,21:57,23:01,1317,1381,NON_WEEKEND,NON_WEEKEND_GAP
2024-01-31 21:57:00,2024-01-31 23:01:00,64.0,2024-01-31,2024-01-31,2024,2024,Wednesday,Wednesday,21:57,23:01,1317,1381,NON_WEEKEND,NON_WEEKEND_GAP
2024-02-01 21:57:00,2024-02-01 23:01:00,64.0,2024-02-01,2024-02-01,2024,2024,Thursday,Thursday,21:57,23:01,1317,1381,NON_WEEKEND,NON_WEEKEND_GAP
2024-02-02 21:57:00,2024-02-04 23:05:00,2948.0,2024-02-02,2024-02-04,2024,2024,Friday,Sunday,21:57,23:05,1317,1385,WEEKEND_TRANSITION,WEEKEND_TRANSITION
2024-02-04 23:58:00,2024-02-05 00:00:00,2.0,2024-02-04,2024-02-05,2024,2024,Sunday,Monday,23:58,00:00,1438,0,WEEKEND_TRANSITION,WEEKEND_TRANSITION
2024-02-05 21:56:00,2024-02-05 23:01:00,65.0,2024-02-05,2024-02-05,2024,2024,Monday,Monday,21:56,23:01,1316,1381,NON_WEEKEND,NON_WEEKEND_GAP
2024-02-05 23:58:00,2024-02-06 00:00:00,2.0,2024-02-05,2024-02-06,2024,2024,Monday,Tuesday,23:58,00:00,1438,0,NON_WEEKEND,NON_WEEKEND_GAP
2024-02-06 21:56:00,2024-02-06 23:01:00,65.0,2024-02-06,2024-02-06,2024,2024,Tuesday,Tuesday,21:56,23:01,1316,1381,NON_WEEKEND,NON_WEEKEND_GAP
2024-02-06 23:58:00,2024-02-07 00:00:00,2.0,2024-02-06,2024-02-07,2024,2024,Tuesday,Wednesday,23:58,00:00,1438,0,NON_WEEKEND,NON_WEEKEND_GAP
2024-02-07 21:47:00,2024-02-07 21:49:00,2.0,2024-02-07,2024-02-07,2024,2024,Wednesday,Wednesday,21:47,21:49,1307,1309,NON_WEEKEND,NON_WEEKEND_GAP
2024-02-07 21:56:00,2024-02-07 23:01:00,65.0,2024-02-07,2024-02-07,2024,2024,Wednesday,Wednesday,21:56,23:01,1316,1381,NON_WEEKEND,NON_WEEKEND_GAP
2024-02-07 23:58:00,2024-02-08 00:00:00,2.0,2024-02-07,2024-02-08,2024,2024,Wednesday,Thursday,23:58,00:00,1438,0,NON_WEEKEND,NON_WEEKEND_GAP
2024-02-08 21:56:00,2024-02-08 23:01:00,65.0,2024-02-08,2024-02-08,2024,2024,Thursday,Thursday,21:56,23:01,1316,1381,NON_WEEKEND,NON_WEEKEND_GAP
2024-02-08 23:58:00,2024-02-09 00:00:00,2.0,2024-02-08,2024-02-09,2024,2024,Thursday,Friday,23:58,00:00,1438,0,NON_WEEKEND,NON_WEEKEND_GAP
2024-02-09 21:56:00,2024-02-11 23:05:00,2949.0,2024-02-09,2024-02-11,2024,2024,Friday,Sunday,21:56,23:05,1316,1385,WEEKEND_TRANSITION,WEEKEND_TRANSITION
2024-02-11 23:58:00,2024-02-12 00:00:00,2.0,2024-02-11,2024-02-12,2024,2024,Sunday,Monday,23:58,00:00,1438,0,WEEKEND_TRANSITION,WEEKEND_TRANSITION
2024-02-12 21:56:00,2024-02-12 23:01:00,65.0,2024-02-12,2024-02-12,2024,2024,Monday,Monday,21:56,23:01,1316,1381,NON_WEEKEND,NON_WEEKEND_GAP
2024-02-12 23:58:00,2024-02-13 00:00:00,2.0,2024-02-12,2024-02-13,2024,2024,Monday,Tuesday,23:58,00:00,1438,0,NON_WEEKEND,NON_WEEKEND_GAP
2024-02-13 21:56:00,2024-02-13 23:01:00,65.0,2024-02-13,2024-02-13,2024,2024,Tuesday,Tuesday,21:56,23:01,1316,1381,NON_WEEKEND,NON_WEEKEND_GAP
2024-02-13 23:58:00,2024-02-14 00:00:00,2.0,2024-02-13,2024-02-14,2024,2024,Tuesday,Wednesday,23:58,00:00,1438,0,NON_WEEKEND,NON_WEEKEND_GAP
2024-02-14 21:47:00,2024-02-14 21:49:00,2.0,2024-02-14,2024-02-14,2024,2024,Wednesday,Wednesday,21:47,21:49,1307,1309,NON_WEEKEND,NON_WEEKEND_GAP
2024-02-14 21:56:00,2024-02-14 23:01:00,65.0,2024-02-14,2024-02-14,2024,2024,Wednesday,Wednesday,21:56,23:01,1316,1381,NON_WEEKEND,NON_WEEKEND_GAP
2024-02-14 23:58:00,2024-02-15 00:00:00,2.0,2024-02-14,2024-02-15,2024,2024,Wednesday,Thursday,23:58,00:00,1438,0,NON_WEEKEND,NON_WEEKEND_GAP
2024-02-15 21:56:00,2024-02-15 23:01:00,65.0,2024-02-15,2024-02-15,2024,2024,Thursday,Thursday,21:56,23:01,1316,1381,NON_WEEKEND,NON_WEEKEND_GAP
2024-02-15 23:58:00,2024-02-16 00:00:00,2.0,2024-02-15,2024-02-16,2024,2024,Thursday,Friday,23:58,00:00,1438,0,NON_WEEKEND,NON_WEEKEND_GAP
2024-02-16 21:56:00,2024-02-18 23:05:00,2949.0,2024-02-16,2024-02-18,2024,2024,Friday,Sunday,21:56,23:05,1316,1385,WEEKEND_TRANSITION,WEEKEND_TRANSITION
2024-02-18 23:58:00,2024-02-19 00:00:00,2.0,2024-02-18,2024-02-19,2024,2024,Sunday,Monday,23:58,00:00,1438,0,WEEKEND_TRANSITION,WEEKEND_TRANSITION
2024-02-19 19:13:00,2024-02-19 23:01:00,228.0,2024-02-19,2024-02-19,2024,2024,Monday,Monday,19:13,23:01,1153,1381,NON_WEEKEND,LONG_EXCEPTIONAL_GAP
2024-02-19 23:58:00,2024-02-20 00:00:00,2.0,2024-02-19,2024-02-20,2024,2024,Monday,Tuesday,23:58,00:00,1438,0,NON_WEEKEND,NON_WEEKEND_GAP
2024-02-20 21:56:00,2024-02-20 23:01:00,65.0,2024-02-20,2024-02-20,2024,2024,Tuesday,Tuesday,21:56,23:01,1316,1381,NON_WEEKEND,NON_WEEKEND_GAP
2024-02-20 23:58:00,2024-02-21 00:00:00,2.0,2024-02-20,2024-02-21,2024,2024,Tuesday,Wednesday,23:58,00:00,1438,0,NON_WEEKEND,NON_WEEKEND_GAP
2024-02-21 21:47:00,2024-02-21 21:49:00,2.0,2024-02-21,2024-02-21,2024,2024,Wednesday,Wednesday,21:47,21:49,1307,1309,NON_WEEKEND,NON_WEEKEND_GAP
2024-02-21 21:56:00,2024-02-21 23:01:00,65.0,2024-02-21,2024-02-21,2024,2024,Wednesday,Wednesday,21:56,23:01,1316,1381,NON_WEEKEND,NON_WEEKEND_GAP
2024-02-21 23:58:00,2024-02-22 00:00:00,2.0,2024-02-21,2024-02-22,2024,2024,Wednesday,Thursday,23:58,00:00,1438,0,NON_WEEKEND,NON_WEEKEND_GAP
2024-02-22 21:56:00,2024-02-22 23:01:00,65.0,2024-02-22,2024-02-22,2024,2024,Thursday,Thursday,21:56,23:01,1316,1381,NON_WEEKEND,NON_WEEKEND_GAP
2024-02-22 23:58:00,2024-02-23 00:00:00,2.0,2024-02-22,2024-02-23,2024,2024,Thursday,Friday,23:58,00:00,1438,0,NON_WEEKEND,NON_WEEKEND_GAP
2024-02-23 21:56:00,2024-02-25 23:05:00,2949.0,2024-02-23,2024-02-25,2024,2024,Friday,Sunday,21:56,23:05,1316,1385,WEEKEND_TRANSITION,WEEKEND_TRANSITION
2024-02-25 23:58:00,2024-02-26 00:00:00,2.0,2024-02-25,2024-02-26,2024,2024,Sunday,Monday,23:58,00:00,1438,0,WEEKEND_TRANSITION,WEEKEND_TRANSITION
2024-02-26 21:56:00,2024-02-26 23:01:00,65.0,2024-02-26,2024-02-26,2024,2024,Monday,Monday,21:56,23:01,1316,1381,NON_WEEKEND,NON_WEEKEND_GAP
2024-02-26 23:58:00,2024-02-27 00:00:00,2.0,2024-02-26,2024-02-27,2024,2024,Monday,Tuesday,23:58,00:00,1438,0,NON_WEEKEND,NON_WEEKEND_GAP
2024-02-27 21:56:00,2024-02-27 23:01:00,65.0,2024-02-27,2024-02-27,2024,2024,Tuesday,Tuesday,21:56,23:01,1316,1381,NON_WEEKEND,NON_WEEKEND_GAP
2024-02-27 23:58:00,2024-02-28 00:00:00,2.0,2024-02-27,2024-02-28,2024,2024,Tuesday,Wednesday,23:58,00:00,1438,0,NON_WEEKEND,NON_WEEKEND_GAP
2024-02-28 21:47:00,2024-02-28 21:49:00,2.0,2024-02-28,2024-02-28,2024,2024,Wednesday,Wednesday,21:47,21:49,1307,1309,NON_WEEKEND,NON_WEEKEND_GAP
2024-02-28 21:56:00,2024-02-28 23:01:00,65.0,2024-02-28,2024-02-28,2024,2024,Wednesday,Wednesday,21:56,23:01,1316,1381,NON_WEEKEND,NON_WEEKEND_GAP
2024-02-28 23:58:00,2024-02-29 00:00:00,2.0,2024-02-28,2024-02-29,2024,2024,Wednesday,Thursday,23:58,00:00,1438,0,NON_WEEKEND,NON_WEEKEND_GAP
2024-02-29 21:56:00,2024-02-29 23:01:00,65.0,2024-02-29,2024-02-29,2024,2024,Thursday,Thursday,21:56,23:01,1316,1381,NON_WEEKEND,NON_WEEKEND_GAP
2024-02-29 23:58:00,2024-03-01 00:00:00,2.0,2024-02-29,2024-03-01,2024,2024,Thursday,Friday,23:58,00:00,1438,0,NON_WEEKEND,NON_WEEKEND_GAP
2024-03-01 21:56:00,2024-03-03 23:05:00,2949.0,2024-03-01,2024-03-03,2024,2024,Friday,Sunday,21:56,23:05,1316,1385,WEEKEND_TRANSITION,WEEKEND_TRANSITION
2024-03-03 23:58:00,2024-03-04 00:00:00,2.0,2024-03-03,2024-03-04,2024,2024,Sunday,Monday,23:58,00:00,1438,0,WEEKEND_TRANSITION,WEEKEND_TRANSITION
2024-03-04 21:56:00,2024-03-04 23:01:00,65.0,2024-03-04,2024-03-04,2024,2024,Monday,Monday,21:56,23:01,1316,1381,NON_WEEKEND,NON_WEEKEND_GAP
2024-03-04 23:58:00,2024-03-05 00:00:00,2.0,2024-03-04,2024-03-05,2024,2024,Monday,Tuesday,23:58,00:00,1438,0,NON_WEEKEND,NON_WEEKEND_GAP
2024-03-05 21:56:00,2024-03-05 23:01:00,65.0,2024-03-05,2024-03-05,2024,2024,Tuesday,Tuesday,21:56,23:01,1316,1381,NON_WEEKEND,NON_WEEKEND_GAP
2024-03-05 23:58:00,2024-03-06 00:00:00,2.0,2024-03-05,2024-03-06,2024,2024,Tuesday,Wednesday,23:58,00:00,1438,0,NON_WEEKEND,NON_WEEKEND_GAP
2024-03-06 21:47:00,2024-03-06 21:49:00,2.0,2024-03-06,2024-03-06,2024,2024,Wednesday,Wednesday,21:47,21:49,1307,1309,NON_WEEKEND,NON_WEEKEND_GAP
2024-03-06 21:56:00,2024-03-06 23:01:00,65.0,2024-03-06,2024-03-06,2024,2024,Wednesday,Wednesday,21:56,23:01,1316,1381,NON_WEEKEND,NON_WEEKEND_GAP
2024-03-06 23:58:00,2024-03-07 00:00:00,2.0,2024-03-06,2024-03-07,2024,2024,Wednesday,Thursday,23:58,00:00,1438,0,NON_WEEKEND,NON_WEEKEND_GAP
2024-03-07 21:56:00,2024-03-07 23:01:00,65.0,2024-03-07,2024-03-07,2024,2024,Thursday,Thursday,21:56,23:01,1316,1381,NON_WEEKEND,NON_WEEKEND_GAP
2024-03-07 23:58:00,2024-03-08 00:00:00,2.0,2024-03-07,2024-03-08,2024,2024,Thursday,Friday,23:58,00:00,1438,0,NON_WEEKEND,NON_WEEKEND_GAP
2024-03-08 21:56:00,2024-03-10 22:05:00,2889.0,2024-03-08,2024-03-10,2024,2024,Friday,Sunday,21:56,22:05,1316,1325,WEEKEND_TRANSITION,WEEKEND_TRANSITION
2024-03-11 20:56:00,2024-03-11 22:01:00,65.0,2024-03-11,2024-03-11,2024,2024,Monday,Monday,20:56,22:01,1256,1321,NON_WEEKEND,NON_WEEKEND_GAP
2024-03-11 23:58:00,2024-03-12 00:00:00,2.0,2024-03-11,2024-03-12,2024,2024,Monday,Tuesday,23:58,00:00,1438,0,NON_WEEKEND,NON_WEEKEND_GAP
2024-03-12 20:56:00,2024-03-12 22:01:00,65.0,2024-03-12,2024-03-12,2024,2024,Tuesday,Tuesday,20:56,22:01,1256,1321,NON_WEEKEND,NON_WEEKEND_GAP
2024-03-12 23:58:00,2024-03-13 00:00:00,2.0,2024-03-12,2024-03-13,2024,2024,Tuesday,Wednesday,23:58,00:00,1438,0,NON_WEEKEND,NON_WEEKEND_GAP
2024-03-13 20:56:00,2024-03-13 22:01:00,65.0,2024-03-13,2024-03-13,2024,2024,Wednesday,Wednesday,20:56,22:01,1256,1321,NON_WEEKEND,NON_WEEKEND_GAP
2024-03-13 23:58:00,2024-03-14 00:00:00,2.0,2024-03-13,2024-03-14,2024,2024,Wednesday,Thursday,23:58,00:00,1438,0,NON_WEEKEND,NON_WEEKEND_GAP
2024-03-14 20:57:00,2024-03-14 22:01:00,64.0,2024-03-14,2024-03-14,2024,2024,Thursday,Thursday,20:57,22:01,1257,1321,NON_WEEKEND,NON_WEEKEND_GAP
2024-03-15 20:56:00,2024-03-17 22:05:00,2949.0,2024-03-15,2024-03-17,2024,2024,Friday,Sunday,20:56,22:05,1256,1325,WEEKEND_TRANSITION,WEEKEND_TRANSITION
2024-03-17 23:58:00,2024-03-18 00:00:00,2.0,2024-03-17,2024-03-18,2024,2024,Sunday,Monday,23:58,00:00,1438,0,WEEKEND_TRANSITION,WEEKEND_TRANSITION
2024-03-18 20:56:00,2024-03-18 22:01:00,65.0,2024-03-18,2024-03-18,2024,2024,Monday,Monday,20:56,22:01,1256,1321,NON_WEEKEND,NON_WEEKEND_GAP
2024-03-18 23:58:00,2024-03-19 00:00:00,2.0,2024-03-18,2024-03-19,2024,2024,Monday,Tuesday,23:58,00:00,1438,0,NON_WEEKEND,NON_WEEKEND_GAP
2024-03-19 20:56:00,2024-03-19 22:01:00,65.0,2024-03-19,2024-03-19,2024,2024,Tuesday,Tuesday,20:56,22:01,1256,1321,NON_WEEKEND,NON_WEEKEND_GAP
2024-03-19 23:58:00,2024-03-20 00:00:00,2.0,2024-03-19,2024-03-20,2024,2024,Tuesday,Wednesday,23:58,00:00,1438,0,NON_WEEKEND,NON_WEEKEND_GAP
2024-03-20 20:56:00,2024-03-20 22:01:00,65.0,2024-03-20,2024-03-20,2024,2024,Wednesday,Wednesday,20:56,22:01,1256,1321,NON_WEEKEND,NON_WEEKEND_GAP
2024-03-20 22:16:00,2024-03-20 22:26:00,10.0,2024-03-20,2024-03-20,2024,2024,Wednesday,Wednesday,22:16,22:26,1336,1346,NON_WEEKEND,NON_WEEKEND_GAP
2024-03-20 23:58:00,2024-03-21 00:00:00,2.0,2024-03-20,2024-03-21,2024,2024,Wednesday,Thursday,23:58,00:00,1438,0,NON_WEEKEND,NON_WEEKEND_GAP
2024-03-21 20:56:00,2024-03-21 22:01:00,65.0,2024-03-21,2024-03-21,2024,2024,Thursday,Thursday,20:56,22:01,1256,1321,NON_WEEKEND,NON_WEEKEND_GAP
2024-03-21 23:58:00,2024-03-22 00:00:00,2.0,2024-03-21,2024-03-22,2024,2024,Thursday,Friday,23:58,00:00,1438,0,NON_WEEKEND,NON_WEEKEND_GAP
2024-03-22 20:56:00,2024-03-24 22:05:00,2949.0,2024-03-22,2024-03-24,2024,2024,Friday,Sunday,20:56,22:05,1256,1325,WEEKEND_TRANSITION,WEEKEND_TRANSITION
2024-03-25 20:57:00,2024-03-25 22:01:00,64.0,2024-03-25,2024-03-25,2024,2024,Monday,Monday,20:57,22:01,1257,1321,NON_WEEKEND,NON_WEEKEND_GAP
2024-03-26 20:56:00,2024-03-26 22:01:00,65.0,2024-03-26,2024-03-26,2024,2024,Tuesday,Tuesday,20:56,22:01,1256,1321,NON_WEEKEND,NON_WEEKEND_GAP
2024-03-26 23:58:00,2024-03-27 00:00:00,2.0,2024-03-26,2024-03-27,2024,2024,Tuesday,Wednesday,23:58,00:00,1438,0,NON_WEEKEND,NON_WEEKEND_GAP
2024-03-27 20:56:00,2024-03-27 22:01:00,65.0,2024-03-27,2024-03-27,2024,2024,Wednesday,Wednesday,20:56,22:01,1256,1321,NON_WEEKEND,NON_WEEKEND_GAP
2024-03-27 23:58:00,2024-03-28 00:00:00,2.0,2024-03-27,2024-03-28,2024,2024,Wednesday,Thursday,23:58,00:00,1438,0,NON_WEEKEND,NON_WEEKEND_GAP
2024-03-28 20:56:00,2024-03-31 22:05:00,4389.0,2024-03-28,2024-03-31,2024,2024,Thursday,Sunday,20:56,22:05,1256,1325,NON_WEEKEND,LONG_EXCEPTIONAL_GAP
2024-03-31 23:58:00,2024-04-01 00:00:00,2.0,2024-03-31,2024-04-01,2024,2024,Sunday,Monday,23:58,00:00,1438,0,WEEKEND_TRANSITION,WEEKEND_TRANSITION
2024-04-01 20:56:00,2024-04-01 22:01:00,65.0,2024-04-01,2024-04-01,2024,2024,Monday,Monday,20:56,22:01,1256,1321,NON_WEEKEND,NON_WEEKEND_GAP
2024-04-01 23:58:00,2024-04-02 00:00:00,2.0,2024-04-01,2024-04-02,2024,2024,Monday,Tuesday,23:58,00:00,1438,0,NON_WEEKEND,NON_WEEKEND_GAP
2024-04-02 20:56:00,2024-04-02 22:01:00,65.0,2024-04-02,2024-04-02,2024,2024,Tuesday,Tuesday,20:56,22:01,1256,1321,NON_WEEKEND,NON_WEEKEND_GAP
2024-04-02 23:58:00,2024-04-03 00:00:00,2.0,2024-04-02,2024-04-03,2024,2024,Tuesday,Wednesday,23:58,00:00,1438,0,NON_WEEKEND,NON_WEEKEND_GAP
2024-04-03 20:56:00,2024-04-03 22:01:00,65.0,2024-04-03,2024-04-03,2024,2024,Wednesday,Wednesday,20:56,22:01,1256,1321,NON_WEEKEND,NON_WEEKEND_GAP
2024-04-03 23:58:00,2024-04-04 00:00:00,2.0,2024-04-03,2024-04-04,2024,2024,Wednesday,Thursday,23:58,00:00,1438,0,NON_WEEKEND,NON_WEEKEND_GAP
2024-04-04 20:56:00,2024-04-04 22:01:00,65.0,2024-04-04,2024-04-04,2024,2024,Thursday,Thursday,20:56,22:01,1256,1321,NON_WEEKEND,NON_WEEKEND_GAP
2024-04-04 23:58:00,2024-04-05 00:00:00,2.0,2024-04-04,2024-04-05,2024,2024,Thursday,Friday,23:58,00:00,1438,0,NON_WEEKEND,NON_WEEKEND_GAP
2024-04-05 20:56:00,2024-04-07 22:05:00,2949.0,2024-04-05,2024-04-07,2024,2024,Friday,Sunday,20:56,22:05,1256,1325,WEEKEND_TRANSITION,WEEKEND_TRANSITION
2024-04-07 23:58:00,2024-04-08 00:00:00,2.0,2024-04-07,2024-04-08,2024,2024,Sunday,Monday,23:58,00:00,1438,0,WEEKEND_TRANSITION,WEEKEND_TRANSITION
2024-04-08 20:56:00,2024-04-08 22:01:00,65.0,2024-04-08,2024-04-08,2024,2024,Monday,Monday,20:56,22:01,1256,1321,NON_WEEKEND,NON_WEEKEND_GAP
2024-04-08 23:58:00,2024-04-09 00:00:00,2.0,2024-04-08,2024-04-09,2024,2024,Monday,Tuesday,23:58,00:00,1438,0,NON_WEEKEND,NON_WEEKEND_GAP
2024-04-09 20:56:00,2024-04-09 22:01:00,65.0,2024-04-09,2024-04-09,2024,2024,Tuesday,Tuesday,20:56,22:01,1256,1321,NON_WEEKEND,NON_WEEKEND_GAP
2024-04-09 23:58:00,2024-04-10 00:00:00,2.0,2024-04-09,2024-04-10,2024,2024,Tuesday,Wednesday,23:58,00:00,1438,0,NON_WEEKEND,NON_WEEKEND_GAP
2024-04-10 20:56:00,2024-04-10 22:01:00,65.0,2024-04-10,2024-04-10,2024,2024,Wednesday,Wednesday,20:56,22:01,1256,1321,NON_WEEKEND,NON_WEEKEND_GAP
2024-04-10 23:58:00,2024-04-11 00:00:00,2.0,2024-04-10,2024-04-11,2024,2024,Wednesday,Thursday,23:58,00:00,1438,0,NON_WEEKEND,NON_WEEKEND_GAP
2024-04-11 20:56:00,2024-04-11 22:01:00,65.0,2024-04-11,2024-04-11,2024,2024,Thursday,Thursday,20:56,22:01,1256,1321,NON_WEEKEND,NON_WEEKEND_GAP
2024-04-11 23:58:00,2024-04-12 00:00:00,2.0,2024-04-11,2024-04-12,2024,2024,Thursday,Friday,23:58,00:00,1438,0,NON_WEEKEND,NON_WEEKEND_GAP
2024-04-12 20:56:00,2024-04-14 22:09:00,2953.0,2024-04-12,2024-04-14,2024,2024,Friday,Sunday,20:56,22:09,1256,1329,WEEKEND_TRANSITION,WEEKEND_TRANSITION
2024-04-14 23:58:00,2024-04-15 00:00:00,2.0,2024-04-14,2024-04-15,2024,2024,Sunday,Monday,23:58,00:00,1438,0,WEEKEND_TRANSITION,WEEKEND_TRANSITION
2024-04-15 20:56:00,2024-04-15 22:01:00,65.0,2024-04-15,2024-04-15,2024,2024,Monday,Monday,20:56,22:01,1256,1321,NON_WEEKEND,NON_WEEKEND_GAP
2024-04-15 23:58:00,2024-04-16 00:00:00,2.0,2024-04-15,2024-04-16,2024,2024,Monday,Tuesday,23:58,00:00,1438,0,NON_WEEKEND,NON_WEEKEND_GAP
2024-04-16 20:56:00,2024-04-16 22:01:00,65.0,2024-04-16,2024-04-16,2024,2024,Tuesday,Tuesday,20:56,22:01,1256,1321,NON_WEEKEND,NON_WEEKEND_GAP
2024-04-16 23:58:00,2024-04-17 00:00:00,2.0,2024-04-16,2024-04-17,2024,2024,Tuesday,Wednesday,23:58,00:00,1438,0,NON_WEEKEND,NON_WEEKEND_GAP
2024-04-17 20:56:00,2024-04-17 22:01:00,65.0,2024-04-17,2024-04-17,2024,2024,Wednesday,Wednesday,20:56,22:01,1256,1321,NON_WEEKEND,NON_WEEKEND_GAP
2024-04-17 23:58:00,2024-04-18 00:00:00,2.0,2024-04-17,2024-04-18,2024,2024,Wednesday,Thursday,23:58,00:00,1438,0,NON_WEEKEND,NON_WEEKEND_GAP
2024-04-18 20:56:00,2024-04-18 22:01:00,65.0,2024-04-18,2024-04-18,2024,2024,Thursday,Thursday,20:56,22:01,1256,1321,NON_WEEKEND,NON_WEEKEND_GAP
2024-04-18 23:58:00,2024-04-19 00:00:00,2.0,2024-04-18,2024-04-19,2024,2024,Thursday,Friday,23:58,00:00,1438,0,NON_WEEKEND,NON_WEEKEND_GAP
2024-04-19 20:56:00,2024-04-21 22:05:00,2949.0,2024-04-19,2024-04-21,2024,2024,Friday,Sunday,20:56,22:05,1256,1325,WEEKEND_TRANSITION,WEEKEND_TRANSITION
2024-04-22 20:57:00,2024-04-22 22:01:00,64.0,2024-04-22,2024-04-22,2024,2024,Monday,Monday,20:57,22:01,1257,1321,NON_WEEKEND,NON_WEEKEND_GAP
2024-04-23 20:57:00,2024-04-23 22:01:00,64.0,2024-04-23,2024-04-23,2024,2024,Tuesday,Tuesday,20:57,22:01,1257,1321,NON_WEEKEND,NON_WEEKEND_GAP
2024-04-24 20:57:00,2024-04-24 22:01:00,64.0,2024-04-24,2024-04-24,2024,2024,Wednesday,Wednesday,20:57,22:01,1257,1321,NON_WEEKEND,NON_WEEKEND_GAP
2024-04-25 20:57:00,2024-04-25 22:01:00,64.0,2024-04-25,2024-04-25,2024,2024,Thursday,Thursday,20:57,22:01,1257,1321,NON_WEEKEND,NON_WEEKEND_GAP
2024-04-26 20:57:00,2024-04-28 22:05:00,2948.0,2024-04-26,2024-04-28,2024,2024,Friday,Sunday,20:57,22:05,1257,1325,WEEKEND_TRANSITION,WEEKEND_TRANSITION
2024-04-29 20:57:00,2024-04-29 22:01:00,64.0,2024-04-29,2024-04-29,2024,2024,Monday,Monday,20:57,22:01,1257,1321,NON_WEEKEND,NON_WEEKEND_GAP
2024-04-30 20:57:00,2024-04-30 22:01:00,64.0,2024-04-30,2024-04-30,2024,2024,Tuesday,Tuesday,20:57,22:01,1257,1321,NON_WEEKEND,NON_WEEKEND_GAP
2024-05-01 20:57:00,2024-05-01 22:01:00,64.0,2024-05-01,2024-05-01,2024,2024,Wednesday,Wednesday,20:57,22:01,1257,1321,NON_WEEKEND,NON_WEEKEND_GAP
2024-05-02 20:57:00,2024-05-02 22:01:00,64.0,2024-05-02,2024-05-02,2024,2024,Thursday,Thursday,20:57,22:01,1257,1321,NON_WEEKEND,NON_WEEKEND_GAP
2024-05-03 20:57:00,2024-05-05 22:05:00,2948.0,2024-05-03,2024-05-05,2024,2024,Friday,Sunday,20:57,22:05,1257,1325,WEEKEND_TRANSITION,WEEKEND_TRANSITION
2024-05-06 20:57:00,2024-05-06 22:01:00,64.0,2024-05-06,2024-05-06,2024,2024,Monday,Monday,20:57,22:01,1257,1321,NON_WEEKEND,NON_WEEKEND_GAP
2024-05-07 20:57:00,2024-05-07 22:01:00,64.0,2024-05-07,2024-05-07,2024,2024,Tuesday,Tuesday,20:57,22:01,1257,1321,NON_WEEKEND,NON_WEEKEND_GAP
2024-05-08 20:57:00,2024-05-08 22:01:00,64.0,2024-05-08,2024-05-08,2024,2024,Wednesday,Wednesday,20:57,22:01,1257,1321,NON_WEEKEND,NON_WEEKEND_GAP
2024-05-09 20:57:00,2024-05-09 22:01:00,64.0,2024-05-09,2024-05-09,2024,2024,Thursday,Thursday,20:57,22:01,1257,1321,NON_WEEKEND,NON_WEEKEND_GAP
2024-05-10 20:57:00,2024-05-12 22:05:00,2948.0,2024-05-10,2024-05-12,2024,2024,Friday,Sunday,20:57,22:05,1257,1325,WEEKEND_TRANSITION,WEEKEND_TRANSITION
2024-05-13 20:57:00,2024-05-13 22:01:00,64.0,2024-05-13,2024-05-13,2024,2024,Monday,Monday,20:57,22:01,1257,1321,NON_WEEKEND,NON_WEEKEND_GAP
2024-05-14 20:57:00,2024-05-14 22:01:00,64.0,2024-05-14,2024-05-14,2024,2024,Tuesday,Tuesday,20:57,22:01,1257,1321,NON_WEEKEND,NON_WEEKEND_GAP
2024-05-15 20:57:00,2024-05-15 22:01:00,64.0,2024-05-15,2024-05-15,2024,2024,Wednesday,Wednesday,20:57,22:01,1257,1321,NON_WEEKEND,NON_WEEKEND_GAP
2024-05-16 20:57:00,2024-05-16 22:01:00,64.0,2024-05-16,2024-05-16,2024,2024,Thursday,Thursday,20:57,22:01,1257,1321,NON_WEEKEND,NON_WEEKEND_GAP
2024-05-17 20:57:00,2024-05-19 22:05:00,2948.0,2024-05-17,2024-05-19,2024,2024,Friday,Sunday,20:57,22:05,1257,1325,WEEKEND_TRANSITION,WEEKEND_TRANSITION
2024-05-20 20:57:00,2024-05-20 22:01:00,64.0,2024-05-20,2024-05-20,2024,2024,Monday,Monday,20:57,22:01,1257,1321,NON_WEEKEND,NON_WEEKEND_GAP
2024-05-21 20:57:00,2024-05-21 22:01:00,64.0,2024-05-21,2024-05-21,2024,2024,Tuesday,Tuesday,20:57,22:01,1257,1321,NON_WEEKEND,NON_WEEKEND_GAP
2024-05-22 20:57:00,2024-05-22 22:01:00,64.0,2024-05-22,2024-05-22,2024,2024,Wednesday,Wednesday,20:57,22:01,1257,1321,NON_WEEKEND,NON_WEEKEND_GAP
2024-05-23 20:57:00,2024-05-23 22:01:00,64.0,2024-05-23,2024-05-23,2024,2024,Thursday,Thursday,20:57,22:01,1257,1321,NON_WEEKEND,NON_WEEKEND_GAP
2024-05-24 20:57:00,2024-05-26 22:05:00,2948.0,2024-05-24,2024-05-26,2024,2024,Friday,Sunday,20:57,22:05,1257,1325,WEEKEND_TRANSITION,WEEKEND_TRANSITION
2024-05-27 17:14:00,2024-05-27 22:05:00,291.0,2024-05-27,2024-05-27,2024,2024,Monday,Monday,17:14,22:05,1034,1325,NON_WEEKEND,LONG_EXCEPTIONAL_GAP
2024-05-28 20:57:00,2024-05-28 22:01:00,64.0,2024-05-28,2024-05-28,2024,2024,Tuesday,Tuesday,20:57,22:01,1257,1321,NON_WEEKEND,NON_WEEKEND_GAP
2024-05-29 20:57:00,2024-05-29 22:01:00,64.0,2024-05-29,2024-05-29,2024,2024,Wednesday,Wednesday,20:57,22:01,1257,1321,NON_WEEKEND,NON_WEEKEND_GAP
2024-05-30 20:57:00,2024-05-30 22:01:00,64.0,2024-05-30,2024-05-30,2024,2024,Thursday,Thursday,20:57,22:01,1257,1321,NON_WEEKEND,NON_WEEKEND_GAP
2024-05-31 20:57:00,2024-06-02 22:05:00,2948.0,2024-05-31,2024-06-02,2024,2024,Friday,Sunday,20:57,22:05,1257,1325,WEEKEND_TRANSITION,WEEKEND_TRANSITION
2024-06-03 20:57:00,2024-06-03 22:01:00,64.0,2024-06-03,2024-06-03,2024,2024,Monday,Monday,20:57,22:01,1257,1321,NON_WEEKEND,NON_WEEKEND_GAP
2024-06-04 20:57:00,2024-06-04 22:01:00,64.0,2024-06-04,2024-06-04,2024,2024,Tuesday,Tuesday,20:57,22:01,1257,1321,NON_WEEKEND,NON_WEEKEND_GAP
2024-06-05 20:57:00,2024-06-05 22:01:00,64.0,2024-06-05,2024-06-05,2024,2024,Wednesday,Wednesday,20:57,22:01,1257,1321,NON_WEEKEND,NON_WEEKEND_GAP
2024-06-06 20:57:00,2024-06-06 22:01:00,64.0,2024-06-06,2024-06-06,2024,2024,Thursday,Thursday,20:57,22:01,1257,1321,NON_WEEKEND,NON_WEEKEND_GAP
2024-06-07 08:29:00,2024-06-07 08:39:00,10.0,2024-06-07,2024-06-07,2024,2024,Friday,Friday,08:29,08:39,509,519,NON_WEEKEND,NON_WEEKEND_GAP
2024-06-07 20:57:00,2024-06-09 22:05:00,2948.0,2024-06-07,2024-06-09,2024,2024,Friday,Sunday,20:57,22:05,1257,1325,WEEKEND_TRANSITION,WEEKEND_TRANSITION
2024-06-10 20:57:00,2024-06-10 22:01:00,64.0,2024-06-10,2024-06-10,2024,2024,Monday,Monday,20:57,22:01,1257,1321,NON_WEEKEND,NON_WEEKEND_GAP
2024-06-11 20:57:00,2024-06-11 22:01:00,64.0,2024-06-11,2024-06-11,2024,2024,Tuesday,Tuesday,20:57,22:01,1257,1321,NON_WEEKEND,NON_WEEKEND_GAP
2024-06-12 20:57:00,2024-06-12 22:01:00,64.0,2024-06-12,2024-06-12,2024,2024,Wednesday,Wednesday,20:57,22:01,1257,1321,NON_WEEKEND,NON_WEEKEND_GAP
2024-06-13 20:57:00,2024-06-13 22:01:00,64.0,2024-06-13,2024-06-13,2024,2024,Thursday,Thursday,20:57,22:01,1257,1321,NON_WEEKEND,NON_WEEKEND_GAP
2024-06-14 20:57:00,2024-06-16 22:05:00,2948.0,2024-06-14,2024-06-16,2024,2024,Friday,Sunday,20:57,22:05,1257,1325,WEEKEND_TRANSITION,WEEKEND_TRANSITION
2024-06-17 20:57:00,2024-06-17 22:01:00,64.0,2024-06-17,2024-06-17,2024,2024,Monday,Monday,20:57,22:01,1257,1321,NON_WEEKEND,NON_WEEKEND_GAP
2024-06-18 20:57:00,2024-06-18 22:01:00,64.0,2024-06-18,2024-06-18,2024,2024,Tuesday,Tuesday,20:57,22:01,1257,1321,NON_WEEKEND,NON_WEEKEND_GAP
2024-06-19 17:14:00,2024-06-19 22:05:00,291.0,2024-06-19,2024-06-19,2024,2024,Wednesday,Wednesday,17:14,22:05,1034,1325,NON_WEEKEND,LONG_EXCEPTIONAL_GAP
2024-06-20 20:57:00,2024-06-20 22:01:00,64.0,2024-06-20,2024-06-20,2024,2024,Thursday,Thursday,20:57,22:01,1257,1321,NON_WEEKEND,NON_WEEKEND_GAP
2024-06-21 20:57:00,2024-06-23 22:05:00,2948.0,2024-06-21,2024-06-23,2024,2024,Friday,Sunday,20:57,22:05,1257,1325,WEEKEND_TRANSITION,WEEKEND_TRANSITION
2024-06-24 20:57:00,2024-06-24 22:01:00,64.0,2024-06-24,2024-06-24,2024,2024,Monday,Monday,20:57,22:01,1257,1321,NON_WEEKEND,NON_WEEKEND_GAP
2024-06-25 20:57:00,2024-06-25 22:01:00,64.0,2024-06-25,2024-06-25,2024,2024,Tuesday,Tuesday,20:57,22:01,1257,1321,NON_WEEKEND,NON_WEEKEND_GAP
2024-06-26 20:57:00,2024-06-26 22:01:00,64.0,2024-06-26,2024-06-26,2024,2024,Wednesday,Wednesday,20:57,22:01,1257,1321,NON_WEEKEND,NON_WEEKEND_GAP
2024-06-27 20:57:00,2024-06-27 22:01:00,64.0,2024-06-27,2024-06-27,2024,2024,Thursday,Thursday,20:57,22:01,1257,1321,NON_WEEKEND,NON_WEEKEND_GAP
2024-06-28 20:57:00,2024-06-30 22:05:00,2948.0,2024-06-28,2024-06-30,2024,2024,Friday,Sunday,20:57,22:05,1257,1325,WEEKEND_TRANSITION,WEEKEND_TRANSITION
2024-07-01 20:57:00,2024-07-01 22:01:00,64.0,2024-07-01,2024-07-01,2024,2024,Monday,Monday,20:57,22:01,1257,1321,NON_WEEKEND,NON_WEEKEND_GAP
2024-07-02 20:57:00,2024-07-02 22:01:00,64.0,2024-07-02,2024-07-02,2024,2024,Tuesday,Tuesday,20:57,22:01,1257,1321,NON_WEEKEND,NON_WEEKEND_GAP
2024-07-03 06:07:00,2024-07-03 06:09:00,2.0,2024-07-03,2024-07-03,2024,2024,Wednesday,Wednesday,06:07,06:09,367,369,NON_WEEKEND,NON_WEEKEND_GAP
2024-07-03 20:57:00,2024-07-03 22:01:00,64.0,2024-07-03,2024-07-03,2024,2024,Wednesday,Wednesday,20:57,22:01,1257,1321,NON_WEEKEND,NON_WEEKEND_GAP
2024-07-04 17:14:00,2024-07-04 22:05:00,291.0,2024-07-04,2024-07-04,2024,2024,Thursday,Thursday,17:14,22:05,1034,1325,NON_WEEKEND,LONG_EXCEPTIONAL_GAP
2024-07-05 20:57:00,2024-07-07 22:05:00,2948.0,2024-07-05,2024-07-07,2024,2024,Friday,Sunday,20:57,22:05,1257,1325,WEEKEND_TRANSITION,WEEKEND_TRANSITION
2024-07-08 20:57:00,2024-07-08 22:01:00,64.0,2024-07-08,2024-07-08,2024,2024,Monday,Monday,20:57,22:01,1257,1321,NON_WEEKEND,NON_WEEKEND_GAP
2024-07-09 20:57:00,2024-07-09 22:01:00,64.0,2024-07-09,2024-07-09,2024,2024,Tuesday,Tuesday,20:57,22:01,1257,1321,NON_WEEKEND,NON_WEEKEND_GAP
2024-07-10 20:57:00,2024-07-10 22:01:00,64.0,2024-07-10,2024-07-10,2024,2024,Wednesday,Wednesday,20:57,22:01,1257,1321,NON_WEEKEND,NON_WEEKEND_GAP
2024-07-11 20:57:00,2024-07-11 22:01:00,64.0,2024-07-11,2024-07-11,2024,2024,Thursday,Thursday,20:57,22:01,1257,1321,NON_WEEKEND,NON_WEEKEND_GAP
2024-07-12 20:57:00,2024-07-14 22:05:00,2948.0,2024-07-12,2024-07-14,2024,2024,Friday,Sunday,20:57,22:05,1257,1325,WEEKEND_TRANSITION,WEEKEND_TRANSITION
2024-07-15 20:57:00,2024-07-15 22:01:00,64.0,2024-07-15,2024-07-15,2024,2024,Monday,Monday,20:57,22:01,1257,1321,NON_WEEKEND,NON_WEEKEND_GAP
2024-07-16 20:57:00,2024-07-16 22:01:00,64.0,2024-07-16,2024-07-16,2024,2024,Tuesday,Tuesday,20:57,22:01,1257,1321,NON_WEEKEND,NON_WEEKEND_GAP
2024-07-17 20:57:00,2024-07-17 22:01:00,64.0,2024-07-17,2024-07-17,2024,2024,Wednesday,Wednesday,20:57,22:01,1257,1321,NON_WEEKEND,NON_WEEKEND_GAP
2024-07-18 20:57:00,2024-07-18 22:01:00,64.0,2024-07-18,2024-07-18,2024,2024,Thursday,Thursday,20:57,22:01,1257,1321,NON_WEEKEND,NON_WEEKEND_GAP
2024-07-19 20:57:00,2024-07-21 22:05:00,2948.0,2024-07-19,2024-07-21,2024,2024,Friday,Sunday,20:57,22:05,1257,1325,WEEKEND_TRANSITION,WEEKEND_TRANSITION
2024-07-22 20:57:00,2024-07-22 22:01:00,64.0,2024-07-22,2024-07-22,2024,2024,Monday,Monday,20:57,22:01,1257,1321,NON_WEEKEND,NON_WEEKEND_GAP
2024-07-23 20:57:00,2024-07-23 22:01:00,64.0,2024-07-23,2024-07-23,2024,2024,Tuesday,Tuesday,20:57,22:01,1257,1321,NON_WEEKEND,NON_WEEKEND_GAP
2024-07-24 20:57:00,2024-07-24 22:01:00,64.0,2024-07-24,2024-07-24,2024,2024,Wednesday,Wednesday,20:57,22:01,1257,1321,NON_WEEKEND,NON_WEEKEND_GAP
2024-07-25 20:57:00,2024-07-25 22:01:00,64.0,2024-07-25,2024-07-25,2024,2024,Thursday,Thursday,20:57,22:01,1257,1321,NON_WEEKEND,NON_WEEKEND_GAP
2024-07-26 20:57:00,2024-07-28 22:05:00,2948.0,2024-07-26,2024-07-28,2024,2024,Friday,Sunday,20:57,22:05,1257,1325,WEEKEND_TRANSITION,WEEKEND_TRANSITION
2024-07-29 20:57:00,2024-07-29 22:01:00,64.0,2024-07-29,2024-07-29,2024,2024,Monday,Monday,20:57,22:01,1257,1321,NON_WEEKEND,NON_WEEKEND_GAP
2024-07-30 20:57:00,2024-07-30 22:01:00,64.0,2024-07-30,2024-07-30,2024,2024,Tuesday,Tuesday,20:57,22:01,1257,1321,NON_WEEKEND,NON_WEEKEND_GAP
2024-07-31 20:57:00,2024-07-31 22:01:00,64.0,2024-07-31,2024-07-31,2024,2024,Wednesday,Wednesday,20:57,22:01,1257,1321,NON_WEEKEND,NON_WEEKEND_GAP
2024-08-01 20:57:00,2024-08-01 22:01:00,64.0,2024-08-01,2024-08-01,2024,2024,Thursday,Thursday,20:57,22:01,1257,1321,NON_WEEKEND,NON_WEEKEND_GAP
2024-08-02 20:57:00,2024-08-04 22:05:00,2948.0,2024-08-02,2024-08-04,2024,2024,Friday,Sunday,20:57,22:05,1257,1325,WEEKEND_TRANSITION,WEEKEND_TRANSITION
2024-08-05 20:57:00,2024-08-05 22:01:00,64.0,2024-08-05,2024-08-05,2024,2024,Monday,Monday,20:57,22:01,1257,1321,NON_WEEKEND,NON_WEEKEND_GAP
2024-08-06 20:57:00,2024-08-06 22:01:00,64.0,2024-08-06,2024-08-06,2024,2024,Tuesday,Tuesday,20:57,22:01,1257,1321,NON_WEEKEND,NON_WEEKEND_GAP
2024-08-07 20:57:00,2024-08-07 22:01:00,64.0,2024-08-07,2024-08-07,2024,2024,Wednesday,Wednesday,20:57,22:01,1257,1321,NON_WEEKEND,NON_WEEKEND_GAP
2024-08-08 20:57:00,2024-08-08 22:01:00,64.0,2024-08-08,2024-08-08,2024,2024,Thursday,Thursday,20:57,22:01,1257,1321,NON_WEEKEND,NON_WEEKEND_GAP
2024-08-09 20:57:00,2024-08-11 22:05:00,2948.0,2024-08-09,2024-08-11,2024,2024,Friday,Sunday,20:57,22:05,1257,1325,WEEKEND_TRANSITION,WEEKEND_TRANSITION
2024-08-12 20:57:00,2024-08-12 22:01:00,64.0,2024-08-12,2024-08-12,2024,2024,Monday,Monday,20:57,22:01,1257,1321,NON_WEEKEND,NON_WEEKEND_GAP
2024-08-13 20:57:00,2024-08-13 22:01:00,64.0,2024-08-13,2024-08-13,2024,2024,Tuesday,Tuesday,20:57,22:01,1257,1321,NON_WEEKEND,NON_WEEKEND_GAP
2024-08-14 20:57:00,2024-08-14 22:01:00,64.0,2024-08-14,2024-08-14,2024,2024,Wednesday,Wednesday,20:57,22:01,1257,1321,NON_WEEKEND,NON_WEEKEND_GAP
2024-08-15 20:57:00,2024-08-15 22:01:00,64.0,2024-08-15,2024-08-15,2024,2024,Thursday,Thursday,20:57,22:01,1257,1321,NON_WEEKEND,NON_WEEKEND_GAP
2024-08-16 20:57:00,2024-08-18 22:05:00,2948.0,2024-08-16,2024-08-18,2024,2024,Friday,Sunday,20:57,22:05,1257,1325,WEEKEND_TRANSITION,WEEKEND_TRANSITION
2024-08-19 20:57:00,2024-08-19 22:01:00,64.0,2024-08-19,2024-08-19,2024,2024,Monday,Monday,20:57,22:01,1257,1321,NON_WEEKEND,NON_WEEKEND_GAP
2024-08-20 20:57:00,2024-08-20 22:01:00,64.0,2024-08-20,2024-08-20,2024,2024,Tuesday,Tuesday,20:57,22:01,1257,1321,NON_WEEKEND,NON_WEEKEND_GAP
2024-08-21 20:57:00,2024-08-21 22:01:00,64.0,2024-08-21,2024-08-21,2024,2024,Wednesday,Wednesday,20:57,22:01,1257,1321,NON_WEEKEND,NON_WEEKEND_GAP
2024-08-22 20:57:00,2024-08-22 22:01:00,64.0,2024-08-22,2024-08-22,2024,2024,Thursday,Thursday,20:57,22:01,1257,1321,NON_WEEKEND,NON_WEEKEND_GAP
2024-08-23 20:57:00,2024-08-25 22:05:00,2948.0,2024-08-23,2024-08-25,2024,2024,Friday,Sunday,20:57,22:05,1257,1325,WEEKEND_TRANSITION,WEEKEND_TRANSITION
2024-08-26 20:57:00,2024-08-26 22:01:00,64.0,2024-08-26,2024-08-26,2024,2024,Monday,Monday,20:57,22:01,1257,1321,NON_WEEKEND,NON_WEEKEND_GAP
2024-08-27 20:57:00,2024-08-27 22:01:00,64.0,2024-08-27,2024-08-27,2024,2024,Tuesday,Tuesday,20:57,22:01,1257,1321,NON_WEEKEND,NON_WEEKEND_GAP
2024-08-28 20:57:00,2024-08-28 22:01:00,64.0,2024-08-28,2024-08-28,2024,2024,Wednesday,Wednesday,20:57,22:01,1257,1321,NON_WEEKEND,NON_WEEKEND_GAP
2024-08-29 20:57:00,2024-08-29 22:01:00,64.0,2024-08-29,2024-08-29,2024,2024,Thursday,Thursday,20:57,22:01,1257,1321,NON_WEEKEND,NON_WEEKEND_GAP
2024-08-30 20:57:00,2024-09-01 22:05:00,2948.0,2024-08-30,2024-09-01,2024,2024,Friday,Sunday,20:57,22:05,1257,1325,WEEKEND_TRANSITION,WEEKEND_TRANSITION
2024-09-02 17:29:00,2024-09-02 22:05:00,276.0,2024-09-02,2024-09-02,2024,2024,Monday,Monday,17:29,22:05,1049,1325,NON_WEEKEND,LONG_EXCEPTIONAL_GAP
2024-09-03 20:57:00,2024-09-03 22:01:00,64.0,2024-09-03,2024-09-03,2024,2024,Tuesday,Tuesday,20:57,22:01,1257,1321,NON_WEEKEND,NON_WEEKEND_GAP
2024-09-04 20:57:00,2024-09-04 22:01:00,64.0,2024-09-04,2024-09-04,2024,2024,Wednesday,Wednesday,20:57,22:01,1257,1321,NON_WEEKEND,NON_WEEKEND_GAP
2024-09-05 20:57:00,2024-09-05 22:01:00,64.0,2024-09-05,2024-09-05,2024,2024,Thursday,Thursday,20:57,22:01,1257,1321,NON_WEEKEND,NON_WEEKEND_GAP
2024-09-06 20:57:00,2024-09-08 22:05:00,2948.0,2024-09-06,2024-09-08,2024,2024,Friday,Sunday,20:57,22:05,1257,1325,WEEKEND_TRANSITION,WEEKEND_TRANSITION
2024-09-09 20:57:00,2024-09-09 22:01:00,64.0,2024-09-09,2024-09-09,2024,2024,Monday,Monday,20:57,22:01,1257,1321,NON_WEEKEND,NON_WEEKEND_GAP
2024-09-10 20:57:00,2024-09-10 22:01:00,64.0,2024-09-10,2024-09-10,2024,2024,Tuesday,Tuesday,20:57,22:01,1257,1321,NON_WEEKEND,NON_WEEKEND_GAP
2024-09-11 04:34:00,2024-09-11 04:42:00,8.0,2024-09-11,2024-09-11,2024,2024,Wednesday,Wednesday,04:34,04:42,274,282,NON_WEEKEND,NON_WEEKEND_GAP
2024-09-11 20:57:00,2024-09-11 22:01:00,64.0,2024-09-11,2024-09-11,2024,2024,Wednesday,Wednesday,20:57,22:01,1257,1321,NON_WEEKEND,NON_WEEKEND_GAP
2024-09-12 20:57:00,2024-09-12 22:01:00,64.0,2024-09-12,2024-09-12,2024,2024,Thursday,Thursday,20:57,22:01,1257,1321,NON_WEEKEND,NON_WEEKEND_GAP
2024-09-13 20:57:00,2024-09-15 22:05:00,2948.0,2024-09-13,2024-09-15,2024,2024,Friday,Sunday,20:57,22:05,1257,1325,WEEKEND_TRANSITION,WEEKEND_TRANSITION
2024-09-16 20:57:00,2024-09-16 22:01:00,64.0,2024-09-16,2024-09-16,2024,2024,Monday,Monday,20:57,22:01,1257,1321,NON_WEEKEND,NON_WEEKEND_GAP
2024-09-17 20:57:00,2024-09-17 22:01:00,64.0,2024-09-17,2024-09-17,2024,2024,Tuesday,Tuesday,20:57,22:01,1257,1321,NON_WEEKEND,NON_WEEKEND_GAP
2024-09-18 20:57:00,2024-09-18 22:01:00,64.0,2024-09-18,2024-09-18,2024,2024,Wednesday,Wednesday,20:57,22:01,1257,1321,NON_WEEKEND,NON_WEEKEND_GAP
2024-09-19 20:57:00,2024-09-19 22:01:00,64.0,2024-09-19,2024-09-19,2024,2024,Thursday,Thursday,20:57,22:01,1257,1321,NON_WEEKEND,NON_WEEKEND_GAP
2024-09-20 20:57:00,2024-09-22 22:05:00,2948.0,2024-09-20,2024-09-22,2024,2024,Friday,Sunday,20:57,22:05,1257,1325,WEEKEND_TRANSITION,WEEKEND_TRANSITION
2024-09-23 20:57:00,2024-09-23 22:01:00,64.0,2024-09-23,2024-09-23,2024,2024,Monday,Monday,20:57,22:01,1257,1321,NON_WEEKEND,NON_WEEKEND_GAP
2024-09-24 20:57:00,2024-09-24 22:01:00,64.0,2024-09-24,2024-09-24,2024,2024,Tuesday,Tuesday,20:57,22:01,1257,1321,NON_WEEKEND,NON_WEEKEND_GAP
2024-09-25 20:57:00,2024-09-25 22:01:00,64.0,2024-09-25,2024-09-25,2024,2024,Wednesday,Wednesday,20:57,22:01,1257,1321,NON_WEEKEND,NON_WEEKEND_GAP
2024-09-26 20:57:00,2024-09-26 22:01:00,64.0,2024-09-26,2024-09-26,2024,2024,Thursday,Thursday,20:57,22:01,1257,1321,NON_WEEKEND,NON_WEEKEND_GAP
2024-09-27 20:57:00,2024-09-29 22:05:00,2948.0,2024-09-27,2024-09-29,2024,2024,Friday,Sunday,20:57,22:05,1257,1325,WEEKEND_TRANSITION,WEEKEND_TRANSITION
2024-09-30 20:57:00,2024-09-30 22:01:00,64.0,2024-09-30,2024-09-30,2024,2024,Monday,Monday,20:57,22:01,1257,1321,NON_WEEKEND,NON_WEEKEND_GAP
2024-10-01 20:57:00,2024-10-01 22:01:00,64.0,2024-10-01,2024-10-01,2024,2024,Tuesday,Tuesday,20:57,22:01,1257,1321,NON_WEEKEND,NON_WEEKEND_GAP
2024-10-02 20:57:00,2024-10-02 22:01:00,64.0,2024-10-02,2024-10-02,2024,2024,Wednesday,Wednesday,20:57,22:01,1257,1321,NON_WEEKEND,NON_WEEKEND_GAP
2024-10-03 20:57:00,2024-10-03 22:01:00,64.0,2024-10-03,2024-10-03,2024,2024,Thursday,Thursday,20:57,22:01,1257,1321,NON_WEEKEND,NON_WEEKEND_GAP
2024-10-04 20:57:00,2024-10-06 22:05:00,2948.0,2024-10-04,2024-10-06,2024,2024,Friday,Sunday,20:57,22:05,1257,1325,WEEKEND_TRANSITION,WEEKEND_TRANSITION
2024-10-07 20:57:00,2024-10-07 22:01:00,64.0,2024-10-07,2024-10-07,2024,2024,Monday,Monday,20:57,22:01,1257,1321,NON_WEEKEND,NON_WEEKEND_GAP
2024-10-08 20:57:00,2024-10-08 22:01:00,64.0,2024-10-08,2024-10-08,2024,2024,Tuesday,Tuesday,20:57,22:01,1257,1321,NON_WEEKEND,NON_WEEKEND_GAP
2024-10-09 20:57:00,2024-10-09 22:01:00,64.0,2024-10-09,2024-10-09,2024,2024,Wednesday,Wednesday,20:57,22:01,1257,1321,NON_WEEKEND,NON_WEEKEND_GAP
2024-10-10 20:57:00,2024-10-10 22:01:00,64.0,2024-10-10,2024-10-10,2024,2024,Thursday,Thursday,20:57,22:01,1257,1321,NON_WEEKEND,NON_WEEKEND_GAP
2024-10-11 20:57:00,2024-10-13 22:05:00,2948.0,2024-10-11,2024-10-13,2024,2024,Friday,Sunday,20:57,22:05,1257,1325,WEEKEND_TRANSITION,WEEKEND_TRANSITION
2024-10-14 20:57:00,2024-10-14 22:01:00,64.0,2024-10-14,2024-10-14,2024,2024,Monday,Monday,20:57,22:01,1257,1321,NON_WEEKEND,NON_WEEKEND_GAP
2024-10-15 20:57:00,2024-10-15 22:01:00,64.0,2024-10-15,2024-10-15,2024,2024,Tuesday,Tuesday,20:57,22:01,1257,1321,NON_WEEKEND,NON_WEEKEND_GAP
2024-10-16 20:57:00,2024-10-16 22:01:00,64.0,2024-10-16,2024-10-16,2024,2024,Wednesday,Wednesday,20:57,22:01,1257,1321,NON_WEEKEND,NON_WEEKEND_GAP
2024-10-17 20:57:00,2024-10-17 22:01:00,64.0,2024-10-17,2024-10-17,2024,2024,Thursday,Thursday,20:57,22:01,1257,1321,NON_WEEKEND,NON_WEEKEND_GAP
2024-10-18 20:57:00,2024-10-20 22:05:00,2948.0,2024-10-18,2024-10-20,2024,2024,Friday,Sunday,20:57,22:05,1257,1325,WEEKEND_TRANSITION,WEEKEND_TRANSITION
2024-10-21 20:57:00,2024-10-21 22:01:00,64.0,2024-10-21,2024-10-21,2024,2024,Monday,Monday,20:57,22:01,1257,1321,NON_WEEKEND,NON_WEEKEND_GAP
2024-10-22 20:57:00,2024-10-22 22:01:00,64.0,2024-10-22,2024-10-22,2024,2024,Tuesday,Tuesday,20:57,22:01,1257,1321,NON_WEEKEND,NON_WEEKEND_GAP
2024-10-23 20:57:00,2024-10-23 22:01:00,64.0,2024-10-23,2024-10-23,2024,2024,Wednesday,Wednesday,20:57,22:01,1257,1321,NON_WEEKEND,NON_WEEKEND_GAP
2024-10-24 20:57:00,2024-10-24 22:01:00,64.0,2024-10-24,2024-10-24,2024,2024,Thursday,Thursday,20:57,22:01,1257,1321,NON_WEEKEND,NON_WEEKEND_GAP
2024-10-25 20:57:00,2024-10-27 22:05:00,2948.0,2024-10-25,2024-10-27,2024,2024,Friday,Sunday,20:57,22:05,1257,1325,WEEKEND_TRANSITION,WEEKEND_TRANSITION
2024-10-28 20:57:00,2024-10-28 22:01:00,64.0,2024-10-28,2024-10-28,2024,2024,Monday,Monday,20:57,22:01,1257,1321,NON_WEEKEND,NON_WEEKEND_GAP
2024-10-29 20:57:00,2024-10-29 22:01:00,64.0,2024-10-29,2024-10-29,2024,2024,Tuesday,Tuesday,20:57,22:01,1257,1321,NON_WEEKEND,NON_WEEKEND_GAP
2024-10-30 20:57:00,2024-10-30 22:01:00,64.0,2024-10-30,2024-10-30,2024,2024,Wednesday,Wednesday,20:57,22:01,1257,1321,NON_WEEKEND,NON_WEEKEND_GAP
2024-10-31 20:57:00,2024-10-31 22:01:00,64.0,2024-10-31,2024-10-31,2024,2024,Thursday,Thursday,20:57,22:01,1257,1321,NON_WEEKEND,NON_WEEKEND_GAP
2024-11-01 20:57:00,2024-11-03 23:05:00,3008.0,2024-11-01,2024-11-03,2024,2024,Friday,Sunday,20:57,23:05,1257,1385,WEEKEND_TRANSITION,WEEKEND_TRANSITION
2024-11-04 21:57:00,2024-11-04 23:01:00,64.0,2024-11-04,2024-11-04,2024,2024,Monday,Monday,21:57,23:01,1317,1381,NON_WEEKEND,NON_WEEKEND_GAP
2024-11-05 21:57:00,2024-11-05 23:01:00,64.0,2024-11-05,2024-11-05,2024,2024,Tuesday,Tuesday,21:57,23:01,1317,1381,NON_WEEKEND,NON_WEEKEND_GAP
2024-11-06 21:57:00,2024-11-06 23:01:00,64.0,2024-11-06,2024-11-06,2024,2024,Wednesday,Wednesday,21:57,23:01,1317,1381,NON_WEEKEND,NON_WEEKEND_GAP
2024-11-07 21:57:00,2024-11-07 23:01:00,64.0,2024-11-07,2024-11-07,2024,2024,Thursday,Thursday,21:57,23:01,1317,1381,NON_WEEKEND,NON_WEEKEND_GAP
2024-11-08 21:57:00,2024-11-10 23:05:00,2948.0,2024-11-08,2024-11-10,2024,2024,Friday,Sunday,21:57,23:05,1317,1385,WEEKEND_TRANSITION,WEEKEND_TRANSITION
2024-11-11 21:57:00,2024-11-11 23:01:00,64.0,2024-11-11,2024-11-11,2024,2024,Monday,Monday,21:57,23:01,1317,1381,NON_WEEKEND,NON_WEEKEND_GAP
2024-11-12 21:57:00,2024-11-12 23:01:00,64.0,2024-11-12,2024-11-12,2024,2024,Tuesday,Tuesday,21:57,23:01,1317,1381,NON_WEEKEND,NON_WEEKEND_GAP
2024-11-13 21:57:00,2024-11-13 23:01:00,64.0,2024-11-13,2024-11-13,2024,2024,Wednesday,Wednesday,21:57,23:01,1317,1381,NON_WEEKEND,NON_WEEKEND_GAP
2024-11-14 21:57:00,2024-11-14 23:01:00,64.0,2024-11-14,2024-11-14,2024,2024,Thursday,Thursday,21:57,23:01,1317,1381,NON_WEEKEND,NON_WEEKEND_GAP
2024-11-15 21:57:00,2024-11-17 23:05:00,2948.0,2024-11-15,2024-11-17,2024,2024,Friday,Sunday,21:57,23:05,1317,1385,WEEKEND_TRANSITION,WEEKEND_TRANSITION
2024-11-18 21:57:00,2024-11-18 23:01:00,64.0,2024-11-18,2024-11-18,2024,2024,Monday,Monday,21:57,23:01,1317,1381,NON_WEEKEND,NON_WEEKEND_GAP
2024-11-19 21:57:00,2024-11-19 23:01:00,64.0,2024-11-19,2024-11-19,2024,2024,Tuesday,Tuesday,21:57,23:01,1317,1381,NON_WEEKEND,NON_WEEKEND_GAP
2024-11-20 21:57:00,2024-11-20 23:01:00,64.0,2024-11-20,2024-11-20,2024,2024,Wednesday,Wednesday,21:57,23:01,1317,1381,NON_WEEKEND,NON_WEEKEND_GAP
2024-11-21 21:57:00,2024-11-21 23:01:00,64.0,2024-11-21,2024-11-21,2024,2024,Thursday,Thursday,21:57,23:01,1317,1381,NON_WEEKEND,NON_WEEKEND_GAP
2024-11-22 21:57:00,2024-11-24 23:05:00,2948.0,2024-11-22,2024-11-24,2024,2024,Friday,Sunday,21:57,23:05,1317,1385,WEEKEND_TRANSITION,WEEKEND_TRANSITION
2024-11-25 21:57:00,2024-11-25 23:01:00,64.0,2024-11-25,2024-11-25,2024,2024,Monday,Monday,21:57,23:01,1317,1381,NON_WEEKEND,NON_WEEKEND_GAP
2024-11-26 21:57:00,2024-11-26 23:01:00,64.0,2024-11-26,2024-11-26,2024,2024,Tuesday,Tuesday,21:57,23:01,1317,1381,NON_WEEKEND,NON_WEEKEND_GAP
2024-11-27 21:57:00,2024-11-27 23:01:00,64.0,2024-11-27,2024-11-27,2024,2024,Wednesday,Wednesday,21:57,23:01,1317,1381,NON_WEEKEND,NON_WEEKEND_GAP
2024-11-28 18:14:00,2024-11-28 23:05:00,291.0,2024-11-28,2024-11-28,2024,2024,Thursday,Thursday,18:14,23:05,1094,1385,NON_WEEKEND,LONG_EXCEPTIONAL_GAP
2024-11-29 18:29:00,2024-12-01 23:05:00,3156.0,2024-11-29,2024-12-01,2024,2024,Friday,Sunday,18:29,23:05,1109,1385,WEEKEND_TRANSITION,WEEKEND_TRANSITION
2024-12-02 21:57:00,2024-12-02 23:01:00,64.0,2024-12-02,2024-12-02,2024,2024,Monday,Monday,21:57,23:01,1317,1381,NON_WEEKEND,NON_WEEKEND_GAP
2024-12-03 21:57:00,2024-12-03 23:01:00,64.0,2024-12-03,2024-12-03,2024,2024,Tuesday,Tuesday,21:57,23:01,1317,1381,NON_WEEKEND,NON_WEEKEND_GAP
2024-12-04 21:57:00,2024-12-04 23:01:00,64.0,2024-12-04,2024-12-04,2024,2024,Wednesday,Wednesday,21:57,23:01,1317,1381,NON_WEEKEND,NON_WEEKEND_GAP
2024-12-05 21:57:00,2024-12-05 23:01:00,64.0,2024-12-05,2024-12-05,2024,2024,Thursday,Thursday,21:57,23:01,1317,1381,NON_WEEKEND,NON_WEEKEND_GAP
2024-12-06 21:57:00,2024-12-08 23:05:00,2948.0,2024-12-06,2024-12-08,2024,2024,Friday,Sunday,21:57,23:05,1317,1385,WEEKEND_TRANSITION,WEEKEND_TRANSITION
2024-12-09 21:57:00,2024-12-09 23:01:00,64.0,2024-12-09,2024-12-09,2024,2024,Monday,Monday,21:57,23:01,1317,1381,NON_WEEKEND,NON_WEEKEND_GAP
2024-12-10 21:57:00,2024-12-10 23:01:00,64.0,2024-12-10,2024-12-10,2024,2024,Tuesday,Tuesday,21:57,23:01,1317,1381,NON_WEEKEND,NON_WEEKEND_GAP
2024-12-11 07:56:00,2024-12-11 08:05:00,9.0,2024-12-11,2024-12-11,2024,2024,Wednesday,Wednesday,07:56,08:05,476,485,NON_WEEKEND,NON_WEEKEND_GAP
2024-12-11 08:38:00,2024-12-11 08:40:00,2.0,2024-12-11,2024-12-11,2024,2024,Wednesday,Wednesday,08:38,08:40,518,520,NON_WEEKEND,NON_WEEKEND_GAP
2024-12-11 21:57:00,2024-12-11 23:01:00,64.0,2024-12-11,2024-12-11,2024,2024,Wednesday,Wednesday,21:57,23:01,1317,1381,NON_WEEKEND,NON_WEEKEND_GAP
2024-12-12 21:57:00,2024-12-12 23:01:00,64.0,2024-12-12,2024-12-12,2024,2024,Thursday,Thursday,21:57,23:01,1317,1381,NON_WEEKEND,NON_WEEKEND_GAP
2024-12-13 21:57:00,2024-12-15 23:05:00,2948.0,2024-12-13,2024-12-15,2024,2024,Friday,Sunday,21:57,23:05,1317,1385,WEEKEND_TRANSITION,WEEKEND_TRANSITION
2024-12-16 21:57:00,2024-12-16 23:01:00,64.0,2024-12-16,2024-12-16,2024,2024,Monday,Monday,21:57,23:01,1317,1381,NON_WEEKEND,NON_WEEKEND_GAP
2024-12-17 21:57:00,2024-12-17 23:01:00,64.0,2024-12-17,2024-12-17,2024,2024,Tuesday,Tuesday,21:57,23:01,1317,1381,NON_WEEKEND,NON_WEEKEND_GAP
2024-12-18 21:57:00,2024-12-18 23:01:00,64.0,2024-12-18,2024-12-18,2024,2024,Wednesday,Wednesday,21:57,23:01,1317,1381,NON_WEEKEND,NON_WEEKEND_GAP
2024-12-19 21:57:00,2024-12-19 23:01:00,64.0,2024-12-19,2024-12-19,2024,2024,Thursday,Thursday,21:57,23:01,1317,1381,NON_WEEKEND,NON_WEEKEND_GAP
2024-12-20 21:57:00,2024-12-22 23:05:00,2948.0,2024-12-20,2024-12-22,2024,2024,Friday,Sunday,21:57,23:05,1317,1385,WEEKEND_TRANSITION,WEEKEND_TRANSITION
2024-12-23 21:57:00,2024-12-23 23:01:00,64.0,2024-12-23,2024-12-23,2024,2024,Monday,Monday,21:57,23:01,1317,1381,NON_WEEKEND,NON_WEEKEND_GAP
2024-12-24 18:29:00,2024-12-25 23:05:00,1716.0,2024-12-24,2024-12-25,2024,2024,Tuesday,Wednesday,18:29,23:05,1109,1385,NON_WEEKEND,LONG_EXCEPTIONAL_GAP
2024-12-26 21:57:00,2024-12-26 23:01:00,64.0,2024-12-26,2024-12-26,2024,2024,Thursday,Thursday,21:57,23:01,1317,1381,NON_WEEKEND,NON_WEEKEND_GAP
2024-12-27 21:57:00,2024-12-29 23:05:00,2948.0,2024-12-27,2024-12-29,2024,2024,Friday,Sunday,21:57,23:05,1317,1385,WEEKEND_TRANSITION,WEEKEND_TRANSITION
2024-12-30 21:57:00,2024-12-30 23:01:00,64.0,2024-12-30,2024-12-30,2024,2024,Monday,Monday,21:57,23:01,1317,1381,NON_WEEKEND,NON_WEEKEND_GAP
2024-12-31 21:57:00,2025-01-01 23:05:00,1508.0,2024-12-31,2025-01-01,2024,2025,Tuesday,Wednesday,21:57,23:05,1317,1385,NON_WEEKEND,LONG_EXCEPTIONAL_GAP
2025-01-02 21:57:00,2025-01-02 23:01:00,64.0,2025-01-02,2025-01-02,2025,2025,Thursday,Thursday,21:57,23:01,1317,1381,NON_WEEKEND,NON_WEEKEND_GAP
2025-01-03 11:45:00,2025-01-03 12:48:00,63.0,2025-01-03,2025-01-03,2025,2025,Friday,Friday,11:45,12:48,705,768,NON_WEEKEND,NON_WEEKEND_GAP
2025-01-03 21:57:00,2025-01-05 23:05:00,2948.0,2025-01-03,2025-01-05,2025,2025,Friday,Sunday,21:57,23:05,1317,1385,WEEKEND_TRANSITION,WEEKEND_TRANSITION
2025-01-06 21:57:00,2025-01-06 23:05:00,68.0,2025-01-06,2025-01-06,2025,2025,Monday,Monday,21:57,23:05,1317,1385,NON_WEEKEND,NON_WEEKEND_GAP
2025-01-07 21:57:00,2025-01-07 23:01:00,64.0,2025-01-07,2025-01-07,2025,2025,Tuesday,Tuesday,21:57,23:01,1317,1381,NON_WEEKEND,NON_WEEKEND_GAP
2025-01-07 23:01:00,2025-01-07 23:03:00,2.0,2025-01-07,2025-01-07,2025,2025,Tuesday,Tuesday,23:01,23:03,1381,1383,NON_WEEKEND,NON_WEEKEND_GAP
2025-01-08 18:54:00,2025-01-08 19:04:00,10.0,2025-01-08,2025-01-08,2025,2025,Wednesday,Wednesday,18:54,19:04,1134,1144,NON_WEEKEND,NON_WEEKEND_GAP
2025-01-08 21:57:00,2025-01-08 23:03:00,66.0,2025-01-08,2025-01-08,2025,2025,Wednesday,Wednesday,21:57,23:03,1317,1383,NON_WEEKEND,NON_WEEKEND_GAP
2025-01-09 21:57:00,2025-01-09 23:01:00,64.0,2025-01-09,2025-01-09,2025,2025,Thursday,Thursday,21:57,23:01,1317,1381,NON_WEEKEND,NON_WEEKEND_GAP
2025-01-10 21:57:00,2025-01-12 23:05:00,2948.0,2025-01-10,2025-01-12,2025,2025,Friday,Sunday,21:57,23:05,1317,1385,WEEKEND_TRANSITION,WEEKEND_TRANSITION
2025-01-13 21:57:00,2025-01-13 23:01:00,64.0,2025-01-13,2025-01-13,2025,2025,Monday,Monday,21:57,23:01,1317,1381,NON_WEEKEND,NON_WEEKEND_GAP
2025-01-14 21:57:00,2025-01-14 23:01:00,64.0,2025-01-14,2025-01-14,2025,2025,Tuesday,Tuesday,21:57,23:01,1317,1381,NON_WEEKEND,NON_WEEKEND_GAP
2025-01-15 21:57:00,2025-01-15 23:01:00,64.0,2025-01-15,2025-01-15,2025,2025,Wednesday,Wednesday,21:57,23:01,1317,1381,NON_WEEKEND,NON_WEEKEND_GAP
2025-01-16 21:57:00,2025-01-16 23:01:00,64.0,2025-01-16,2025-01-16,2025,2025,Thursday,Thursday,21:57,23:01,1317,1381,NON_WEEKEND,NON_WEEKEND_GAP
2025-01-17 21:57:00,2025-01-19 23:05:00,2948.0,2025-01-17,2025-01-19,2025,2025,Friday,Sunday,21:57,23:05,1317,1385,WEEKEND_TRANSITION,WEEKEND_TRANSITION
2025-01-20 19:14:00,2025-01-20 23:08:00,234.0,2025-01-20,2025-01-20,2025,2025,Monday,Monday,19:14,23:08,1154,1388,NON_WEEKEND,LONG_EXCEPTIONAL_GAP
2025-01-21 21:57:00,2025-01-21 23:02:00,65.0,2025-01-21,2025-01-21,2025,2025,Tuesday,Tuesday,21:57,23:02,1317,1382,NON_WEEKEND,NON_WEEKEND_GAP
2025-01-22 21:57:00,2025-01-22 23:03:00,66.0,2025-01-22,2025-01-22,2025,2025,Wednesday,Wednesday,21:57,23:03,1317,1383,NON_WEEKEND,NON_WEEKEND_GAP
2025-01-23 21:57:00,2025-01-23 23:01:00,64.0,2025-01-23,2025-01-23,2025,2025,Thursday,Thursday,21:57,23:01,1317,1381,NON_WEEKEND,NON_WEEKEND_GAP
2025-01-24 21:57:00,2025-01-26 23:05:00,2948.0,2025-01-24,2025-01-26,2025,2025,Friday,Sunday,21:57,23:05,1317,1385,WEEKEND_TRANSITION,WEEKEND_TRANSITION
2025-01-27 21:57:00,2025-01-27 23:01:00,64.0,2025-01-27,2025-01-27,2025,2025,Monday,Monday,21:57,23:01,1317,1381,NON_WEEKEND,NON_WEEKEND_GAP
2025-01-28 21:57:00,2025-01-28 23:01:00,64.0,2025-01-28,2025-01-28,2025,2025,Tuesday,Tuesday,21:57,23:01,1317,1381,NON_WEEKEND,NON_WEEKEND_GAP
2025-01-29 21:57:00,2025-01-29 23:01:00,64.0,2025-01-29,2025-01-29,2025,2025,Wednesday,Wednesday,21:57,23:01,1317,1381,NON_WEEKEND,NON_WEEKEND_GAP
2025-01-30 21:57:00,2025-01-30 23:06:00,69.0,2025-01-30,2025-01-30,2025,2025,Thursday,Thursday,21:57,23:06,1317,1386,NON_WEEKEND,NON_WEEKEND_GAP
2025-01-31 21:57:00,2025-02-02 23:05:00,2948.0,2025-01-31,2025-02-02,2025,2025,Friday,Sunday,21:57,23:05,1317,1385,WEEKEND_TRANSITION,WEEKEND_TRANSITION
2025-02-03 21:57:00,2025-02-03 23:03:00,66.0,2025-02-03,2025-02-03,2025,2025,Monday,Monday,21:57,23:03,1317,1383,NON_WEEKEND,NON_WEEKEND_GAP
2025-02-04 21:57:00,2025-02-04 23:01:00,64.0,2025-02-04,2025-02-04,2025,2025,Tuesday,Tuesday,21:57,23:01,1317,1381,NON_WEEKEND,NON_WEEKEND_GAP
2025-02-05 21:57:00,2025-02-05 23:02:00,65.0,2025-02-05,2025-02-05,2025,2025,Wednesday,Wednesday,21:57,23:02,1317,1382,NON_WEEKEND,NON_WEEKEND_GAP
2025-02-06 21:57:00,2025-02-06 23:01:00,64.0,2025-02-06,2025-02-06,2025,2025,Thursday,Thursday,21:57,23:01,1317,1381,NON_WEEKEND,NON_WEEKEND_GAP
2025-02-07 21:57:00,2025-02-09 23:05:00,2948.0,2025-02-07,2025-02-09,2025,2025,Friday,Sunday,21:57,23:05,1317,1385,WEEKEND_TRANSITION,WEEKEND_TRANSITION
2025-02-10 21:57:00,2025-02-10 23:01:00,64.0,2025-02-10,2025-02-10,2025,2025,Monday,Monday,21:57,23:01,1317,1381,NON_WEEKEND,NON_WEEKEND_GAP
2025-02-11 21:57:00,2025-02-11 23:01:00,64.0,2025-02-11,2025-02-11,2025,2025,Tuesday,Tuesday,21:57,23:01,1317,1381,NON_WEEKEND,NON_WEEKEND_GAP
2025-02-12 21:57:00,2025-02-12 23:01:00,64.0,2025-02-12,2025-02-12,2025,2025,Wednesday,Wednesday,21:57,23:01,1317,1381,NON_WEEKEND,NON_WEEKEND_GAP
2025-02-13 21:57:00,2025-02-13 23:01:00,64.0,2025-02-13,2025-02-13,2025,2025,Thursday,Thursday,21:57,23:01,1317,1381,NON_WEEKEND,NON_WEEKEND_GAP
2025-02-14 21:57:00,2025-02-16 23:05:00,2948.0,2025-02-14,2025-02-16,2025,2025,Friday,Sunday,21:57,23:05,1317,1385,WEEKEND_TRANSITION,WEEKEND_TRANSITION
2025-02-17 19:14:00,2025-02-17 23:05:00,231.0,2025-02-17,2025-02-17,2025,2025,Monday,Monday,19:14,23:05,1154,1385,NON_WEEKEND,LONG_EXCEPTIONAL_GAP
2025-02-18 21:57:00,2025-02-18 23:03:00,66.0,2025-02-18,2025-02-18,2025,2025,Tuesday,Tuesday,21:57,23:03,1317,1383,NON_WEEKEND,NON_WEEKEND_GAP
2025-02-19 21:57:00,2025-02-19 23:01:00,64.0,2025-02-19,2025-02-19,2025,2025,Wednesday,Wednesday,21:57,23:01,1317,1381,NON_WEEKEND,NON_WEEKEND_GAP
2025-02-20 21:57:00,2025-02-20 23:02:00,65.0,2025-02-20,2025-02-20,2025,2025,Thursday,Thursday,21:57,23:02,1317,1382,NON_WEEKEND,NON_WEEKEND_GAP
2025-02-21 21:57:00,2025-02-23 23:05:00,2948.0,2025-02-21,2025-02-23,2025,2025,Friday,Sunday,21:57,23:05,1317,1385,WEEKEND_TRANSITION,WEEKEND_TRANSITION
2025-02-24 21:57:00,2025-02-24 23:01:00,64.0,2025-02-24,2025-02-24,2025,2025,Monday,Monday,21:57,23:01,1317,1381,NON_WEEKEND,NON_WEEKEND_GAP
2025-02-25 21:57:00,2025-02-25 23:01:00,64.0,2025-02-25,2025-02-25,2025,2025,Tuesday,Tuesday,21:57,23:01,1317,1381,NON_WEEKEND,NON_WEEKEND_GAP
2025-02-26 21:57:00,2025-02-26 23:01:00,64.0,2025-02-26,2025-02-26,2025,2025,Wednesday,Wednesday,21:57,23:01,1317,1381,NON_WEEKEND,NON_WEEKEND_GAP
2025-02-27 21:57:00,2025-02-27 23:01:00,64.0,2025-02-27,2025-02-27,2025,2025,Thursday,Thursday,21:57,23:01,1317,1381,NON_WEEKEND,NON_WEEKEND_GAP
2025-02-28 21:57:00,2025-03-02 23:05:00,2948.0,2025-02-28,2025-03-02,2025,2025,Friday,Sunday,21:57,23:05,1317,1385,WEEKEND_TRANSITION,WEEKEND_TRANSITION
2025-03-03 21:57:00,2025-03-03 23:01:00,64.0,2025-03-03,2025-03-03,2025,2025,Monday,Monday,21:57,23:01,1317,1381,NON_WEEKEND,NON_WEEKEND_GAP
2025-03-04 21:57:00,2025-03-04 23:01:00,64.0,2025-03-04,2025-03-04,2025,2025,Tuesday,Tuesday,21:57,23:01,1317,1381,NON_WEEKEND,NON_WEEKEND_GAP
2025-03-05 21:57:00,2025-03-05 23:01:00,64.0,2025-03-05,2025-03-05,2025,2025,Wednesday,Wednesday,21:57,23:01,1317,1381,NON_WEEKEND,NON_WEEKEND_GAP
2025-03-06 21:57:00,2025-03-06 23:01:00,64.0,2025-03-06,2025-03-06,2025,2025,Thursday,Thursday,21:57,23:01,1317,1381,NON_WEEKEND,NON_WEEKEND_GAP
2025-03-07 21:57:00,2025-03-09 22:05:00,2888.0,2025-03-07,2025-03-09,2025,2025,Friday,Sunday,21:57,22:05,1317,1325,WEEKEND_TRANSITION,WEEKEND_TRANSITION
2025-03-10 20:57:00,2025-03-10 22:01:00,64.0,2025-03-10,2025-03-10,2025,2025,Monday,Monday,20:57,22:01,1257,1321,NON_WEEKEND,NON_WEEKEND_GAP
2025-03-11 20:57:00,2025-03-11 22:01:00,64.0,2025-03-11,2025-03-11,2025,2025,Tuesday,Tuesday,20:57,22:01,1257,1321,NON_WEEKEND,NON_WEEKEND_GAP
2025-03-12 20:57:00,2025-03-12 22:01:00,64.0,2025-03-12,2025-03-12,2025,2025,Wednesday,Wednesday,20:57,22:01,1257,1321,NON_WEEKEND,NON_WEEKEND_GAP
2025-03-13 20:57:00,2025-03-13 22:01:00,64.0,2025-03-13,2025-03-13,2025,2025,Thursday,Thursday,20:57,22:01,1257,1321,NON_WEEKEND,NON_WEEKEND_GAP
2025-03-14 20:57:00,2025-03-16 22:05:00,2948.0,2025-03-14,2025-03-16,2025,2025,Friday,Sunday,20:57,22:05,1257,1325,WEEKEND_TRANSITION,WEEKEND_TRANSITION
2025-03-17 20:57:00,2025-03-17 22:01:00,64.0,2025-03-17,2025-03-17,2025,2025,Monday,Monday,20:57,22:01,1257,1321,NON_WEEKEND,NON_WEEKEND_GAP
2025-03-18 20:57:00,2025-03-18 22:01:00,64.0,2025-03-18,2025-03-18,2025,2025,Tuesday,Tuesday,20:57,22:01,1257,1321,NON_WEEKEND,NON_WEEKEND_GAP
2025-03-19 20:57:00,2025-03-19 22:01:00,64.0,2025-03-19,2025-03-19,2025,2025,Wednesday,Wednesday,20:57,22:01,1257,1321,NON_WEEKEND,NON_WEEKEND_GAP
2025-03-20 20:57:00,2025-03-20 22:01:00,64.0,2025-03-20,2025-03-20,2025,2025,Thursday,Thursday,20:57,22:01,1257,1321,NON_WEEKEND,NON_WEEKEND_GAP
2025-03-21 20:57:00,2025-03-23 22:05:00,2948.0,2025-03-21,2025-03-23,2025,2025,Friday,Sunday,20:57,22:05,1257,1325,WEEKEND_TRANSITION,WEEKEND_TRANSITION
2025-03-24 20:57:00,2025-03-24 22:01:00,64.0,2025-03-24,2025-03-24,2025,2025,Monday,Monday,20:57,22:01,1257,1321,NON_WEEKEND,NON_WEEKEND_GAP
2025-03-25 20:57:00,2025-03-25 22:01:00,64.0,2025-03-25,2025-03-25,2025,2025,Tuesday,Tuesday,20:57,22:01,1257,1321,NON_WEEKEND,NON_WEEKEND_GAP
2025-03-26 20:57:00,2025-03-26 22:01:00,64.0,2025-03-26,2025-03-26,2025,2025,Wednesday,Wednesday,20:57,22:01,1257,1321,NON_WEEKEND,NON_WEEKEND_GAP
2025-03-27 19:28:00,2025-03-27 19:31:00,3.0,2025-03-27,2025-03-27,2025,2025,Thursday,Thursday,19:28,19:31,1168,1171,NON_WEEKEND,NON_WEEKEND_GAP
2025-03-27 20:57:00,2025-03-27 22:01:00,64.0,2025-03-27,2025-03-27,2025,2025,Thursday,Thursday,20:57,22:01,1257,1321,NON_WEEKEND,NON_WEEKEND_GAP
2025-03-28 20:57:00,2025-03-30 22:05:00,2948.0,2025-03-28,2025-03-30,2025,2025,Friday,Sunday,20:57,22:05,1257,1325,WEEKEND_TRANSITION,WEEKEND_TRANSITION
2025-03-31 20:57:00,2025-03-31 22:01:00,64.0,2025-03-31,2025-03-31,2025,2025,Monday,Monday,20:57,22:01,1257,1321,NON_WEEKEND,NON_WEEKEND_GAP
2025-04-01 20:57:00,2025-04-01 22:01:00,64.0,2025-04-01,2025-04-01,2025,2025,Tuesday,Tuesday,20:57,22:01,1257,1321,NON_WEEKEND,NON_WEEKEND_GAP
2025-04-02 20:57:00,2025-04-02 22:04:00,67.0,2025-04-02,2025-04-02,2025,2025,Wednesday,Wednesday,20:57,22:04,1257,1324,NON_WEEKEND,NON_WEEKEND_GAP
2025-04-03 20:57:00,2025-04-03 22:01:00,64.0,2025-04-03,2025-04-03,2025,2025,Thursday,Thursday,20:57,22:01,1257,1321,NON_WEEKEND,NON_WEEKEND_GAP
2025-04-04 20:57:00,2025-04-06 22:13:00,2956.0,2025-04-04,2025-04-06,2025,2025,Friday,Sunday,20:57,22:13,1257,1333,WEEKEND_TRANSITION,WEEKEND_TRANSITION
2025-04-07 20:57:00,2025-04-07 22:01:00,64.0,2025-04-07,2025-04-07,2025,2025,Monday,Monday,20:57,22:01,1257,1321,NON_WEEKEND,NON_WEEKEND_GAP
2025-04-08 20:57:00,2025-04-08 22:01:00,64.0,2025-04-08,2025-04-08,2025,2025,Tuesday,Tuesday,20:57,22:01,1257,1321,NON_WEEKEND,NON_WEEKEND_GAP
2025-04-09 20:57:00,2025-04-09 22:01:00,64.0,2025-04-09,2025-04-09,2025,2025,Wednesday,Wednesday,20:57,22:01,1257,1321,NON_WEEKEND,NON_WEEKEND_GAP
2025-04-10 20:57:00,2025-04-10 22:01:00,64.0,2025-04-10,2025-04-10,2025,2025,Thursday,Thursday,20:57,22:01,1257,1321,NON_WEEKEND,NON_WEEKEND_GAP
2025-04-11 20:57:00,2025-04-13 22:05:00,2948.0,2025-04-11,2025-04-13,2025,2025,Friday,Sunday,20:57,22:05,1257,1325,WEEKEND_TRANSITION,WEEKEND_TRANSITION
2025-04-14 14:00:00,2025-04-14 14:24:00,24.0,2025-04-14,2025-04-14,2025,2025,Monday,Monday,14:00,14:24,840,864,NON_WEEKEND,NON_WEEKEND_GAP
2025-04-14 20:57:00,2025-04-14 22:01:00,64.0,2025-04-14,2025-04-14,2025,2025,Monday,Monday,20:57,22:01,1257,1321,NON_WEEKEND,NON_WEEKEND_GAP
2025-04-15 20:57:00,2025-04-15 22:01:00,64.0,2025-04-15,2025-04-15,2025,2025,Tuesday,Tuesday,20:57,22:01,1257,1321,NON_WEEKEND,NON_WEEKEND_GAP
2025-04-16 20:57:00,2025-04-16 22:01:00,64.0,2025-04-16,2025-04-16,2025,2025,Wednesday,Wednesday,20:57,22:01,1257,1321,NON_WEEKEND,NON_WEEKEND_GAP
2025-04-17 20:57:00,2025-04-20 22:05:00,4388.0,2025-04-17,2025-04-20,2025,2025,Thursday,Sunday,20:57,22:05,1257,1325,NON_WEEKEND,LONG_EXCEPTIONAL_GAP
2025-04-21 20:57:00,2025-04-21 22:01:00,64.0,2025-04-21,2025-04-21,2025,2025,Monday,Monday,20:57,22:01,1257,1321,NON_WEEKEND,NON_WEEKEND_GAP
2025-04-22 20:57:00,2025-04-22 22:02:00,65.0,2025-04-22,2025-04-22,2025,2025,Tuesday,Tuesday,20:57,22:02,1257,1322,NON_WEEKEND,NON_WEEKEND_GAP
2025-04-23 20:57:00,2025-04-23 22:01:00,64.0,2025-04-23,2025-04-23,2025,2025,Wednesday,Wednesday,20:57,22:01,1257,1321,NON_WEEKEND,NON_WEEKEND_GAP
2025-04-24 20:57:00,2025-04-24 22:20:00,83.0,2025-04-24,2025-04-24,2025,2025,Thursday,Thursday,20:57,22:20,1257,1340,NON_WEEKEND,NON_WEEKEND_GAP
2025-04-25 20:57:00,2025-04-27 22:05:00,2948.0,2025-04-25,2025-04-27,2025,2025,Friday,Sunday,20:57,22:05,1257,1325,WEEKEND_TRANSITION,WEEKEND_TRANSITION
2025-04-28 20:57:00,2025-04-28 22:01:00,64.0,2025-04-28,2025-04-28,2025,2025,Monday,Monday,20:57,22:01,1257,1321,NON_WEEKEND,NON_WEEKEND_GAP
2025-04-29 20:57:00,2025-04-29 22:01:00,64.0,2025-04-29,2025-04-29,2025,2025,Tuesday,Tuesday,20:57,22:01,1257,1321,NON_WEEKEND,NON_WEEKEND_GAP
2025-04-30 20:57:00,2025-04-30 22:03:00,66.0,2025-04-30,2025-04-30,2025,2025,Wednesday,Wednesday,20:57,22:03,1257,1323,NON_WEEKEND,NON_WEEKEND_GAP
2025-05-01 20:57:00,2025-05-01 22:01:00,64.0,2025-05-01,2025-05-01,2025,2025,Thursday,Thursday,20:57,22:01,1257,1321,NON_WEEKEND,NON_WEEKEND_GAP
2025-05-02 20:57:00,2025-05-04 22:05:00,2948.0,2025-05-02,2025-05-04,2025,2025,Friday,Sunday,20:57,22:05,1257,1325,WEEKEND_TRANSITION,WEEKEND_TRANSITION
2025-05-05 20:57:00,2025-05-05 22:01:00,64.0,2025-05-05,2025-05-05,2025,2025,Monday,Monday,20:57,22:01,1257,1321,NON_WEEKEND,NON_WEEKEND_GAP
2025-05-06 20:57:00,2025-05-06 22:03:00,66.0,2025-05-06,2025-05-06,2025,2025,Tuesday,Tuesday,20:57,22:03,1257,1323,NON_WEEKEND,NON_WEEKEND_GAP
2025-05-07 20:57:00,2025-05-07 22:01:00,64.0,2025-05-07,2025-05-07,2025,2025,Wednesday,Wednesday,20:57,22:01,1257,1321,NON_WEEKEND,NON_WEEKEND_GAP
2025-05-08 20:57:00,2025-05-08 22:01:00,64.0,2025-05-08,2025-05-08,2025,2025,Thursday,Thursday,20:57,22:01,1257,1321,NON_WEEKEND,NON_WEEKEND_GAP
2025-05-09 20:57:00,2025-05-11 22:09:00,2952.0,2025-05-09,2025-05-11,2025,2025,Friday,Sunday,20:57,22:09,1257,1329,WEEKEND_TRANSITION,WEEKEND_TRANSITION
2025-05-12 20:57:00,2025-05-12 22:01:00,64.0,2025-05-12,2025-05-12,2025,2025,Monday,Monday,20:57,22:01,1257,1321,NON_WEEKEND,NON_WEEKEND_GAP
2025-05-13 20:57:00,2025-05-13 22:01:00,64.0,2025-05-13,2025-05-13,2025,2025,Tuesday,Tuesday,20:57,22:01,1257,1321,NON_WEEKEND,NON_WEEKEND_GAP
2025-05-14 20:57:00,2025-05-14 22:02:00,65.0,2025-05-14,2025-05-14,2025,2025,Wednesday,Wednesday,20:57,22:02,1257,1322,NON_WEEKEND,NON_WEEKEND_GAP
2025-05-15 20:57:00,2025-05-15 22:01:00,64.0,2025-05-15,2025-05-15,2025,2025,Thursday,Thursday,20:57,22:01,1257,1321,NON_WEEKEND,NON_WEEKEND_GAP
2025-05-16 20:57:00,2025-05-18 22:05:00,2948.0,2025-05-16,2025-05-18,2025,2025,Friday,Sunday,20:57,22:05,1257,1325,WEEKEND_TRANSITION,WEEKEND_TRANSITION
2025-05-19 20:57:00,2025-05-19 22:01:00,64.0,2025-05-19,2025-05-19,2025,2025,Monday,Monday,20:57,22:01,1257,1321,NON_WEEKEND,NON_WEEKEND_GAP
2025-05-20 20:57:00,2025-05-20 22:01:00,64.0,2025-05-20,2025-05-20,2025,2025,Tuesday,Tuesday,20:57,22:01,1257,1321,NON_WEEKEND,NON_WEEKEND_GAP
2025-05-21 20:57:00,2025-05-21 22:01:00,64.0,2025-05-21,2025-05-21,2025,2025,Wednesday,Wednesday,20:57,22:01,1257,1321,NON_WEEKEND,NON_WEEKEND_GAP
2025-05-22 20:57:00,2025-05-22 22:01:00,64.0,2025-05-22,2025-05-22,2025,2025,Thursday,Thursday,20:57,22:01,1257,1321,NON_WEEKEND,NON_WEEKEND_GAP
2025-05-23 20:57:00,2025-05-25 22:05:00,2948.0,2025-05-23,2025-05-25,2025,2025,Friday,Sunday,20:57,22:05,1257,1325,WEEKEND_TRANSITION,WEEKEND_TRANSITION
2025-05-26 18:14:00,2025-05-26 22:05:00,231.0,2025-05-26,2025-05-26,2025,2025,Monday,Monday,18:14,22:05,1094,1325,NON_WEEKEND,LONG_EXCEPTIONAL_GAP
2025-05-27 20:57:00,2025-05-27 22:01:00,64.0,2025-05-27,2025-05-27,2025,2025,Tuesday,Tuesday,20:57,22:01,1257,1321,NON_WEEKEND,NON_WEEKEND_GAP
2025-05-28 20:57:00,2025-05-28 22:01:00,64.0,2025-05-28,2025-05-28,2025,2025,Wednesday,Wednesday,20:57,22:01,1257,1321,NON_WEEKEND,NON_WEEKEND_GAP
2025-05-29 20:57:00,2025-05-29 22:01:00,64.0,2025-05-29,2025-05-29,2025,2025,Thursday,Thursday,20:57,22:01,1257,1321,NON_WEEKEND,NON_WEEKEND_GAP
2025-05-30 20:57:00,2025-06-01 22:05:00,2948.0,2025-05-30,2025-06-01,2025,2025,Friday,Sunday,20:57,22:05,1257,1325,WEEKEND_TRANSITION,WEEKEND_TRANSITION
2025-06-02 20:57:00,2025-06-02 22:01:00,64.0,2025-06-02,2025-06-02,2025,2025,Monday,Monday,20:57,22:01,1257,1321,NON_WEEKEND,NON_WEEKEND_GAP
2025-06-03 20:57:00,2025-06-03 22:01:00,64.0,2025-06-03,2025-06-03,2025,2025,Tuesday,Tuesday,20:57,22:01,1257,1321,NON_WEEKEND,NON_WEEKEND_GAP
2025-06-04 20:57:00,2025-06-04 22:01:00,64.0,2025-06-04,2025-06-04,2025,2025,Wednesday,Wednesday,20:57,22:01,1257,1321,NON_WEEKEND,NON_WEEKEND_GAP
2025-06-05 20:57:00,2025-06-05 22:01:00,64.0,2025-06-05,2025-06-05,2025,2025,Thursday,Thursday,20:57,22:01,1257,1321,NON_WEEKEND,NON_WEEKEND_GAP
2025-06-06 20:57:00,2025-06-08 22:05:00,2948.0,2025-06-06,2025-06-08,2025,2025,Friday,Sunday,20:57,22:05,1257,1325,WEEKEND_TRANSITION,WEEKEND_TRANSITION
2025-06-09 20:57:00,2025-06-09 22:02:00,65.0,2025-06-09,2025-06-09,2025,2025,Monday,Monday,20:57,22:02,1257,1322,NON_WEEKEND,NON_WEEKEND_GAP
2025-06-10 20:57:00,2025-06-10 22:02:00,65.0,2025-06-10,2025-06-10,2025,2025,Tuesday,Tuesday,20:57,22:02,1257,1322,NON_WEEKEND,NON_WEEKEND_GAP
2025-06-11 20:57:00,2025-06-11 22:02:00,65.0,2025-06-11,2025-06-11,2025,2025,Wednesday,Wednesday,20:57,22:02,1257,1322,NON_WEEKEND,NON_WEEKEND_GAP
2025-06-12 20:57:00,2025-06-12 22:02:00,65.0,2025-06-12,2025-06-12,2025,2025,Thursday,Thursday,20:57,22:02,1257,1322,NON_WEEKEND,NON_WEEKEND_GAP
2025-06-13 20:57:00,2025-06-15 22:05:00,2948.0,2025-06-13,2025-06-15,2025,2025,Friday,Sunday,20:57,22:05,1257,1325,WEEKEND_TRANSITION,WEEKEND_TRANSITION
2025-06-16 20:57:00,2025-06-16 22:02:00,65.0,2025-06-16,2025-06-16,2025,2025,Monday,Monday,20:57,22:02,1257,1322,NON_WEEKEND,NON_WEEKEND_GAP
2025-06-17 20:57:00,2025-06-17 22:02:00,65.0,2025-06-17,2025-06-17,2025,2025,Tuesday,Tuesday,20:57,22:02,1257,1322,NON_WEEKEND,NON_WEEKEND_GAP
2025-06-18 20:57:00,2025-06-18 22:02:00,65.0,2025-06-18,2025-06-18,2025,2025,Wednesday,Wednesday,20:57,22:02,1257,1322,NON_WEEKEND,NON_WEEKEND_GAP
2025-06-19 17:14:00,2025-06-19 22:02:00,288.0,2025-06-19,2025-06-19,2025,2025,Thursday,Thursday,17:14,22:02,1034,1322,NON_WEEKEND,LONG_EXCEPTIONAL_GAP
2025-06-20 20:57:00,2025-06-22 22:05:00,2948.0,2025-06-20,2025-06-22,2025,2025,Friday,Sunday,20:57,22:05,1257,1325,WEEKEND_TRANSITION,WEEKEND_TRANSITION
2025-06-23 20:57:00,2025-06-23 22:02:00,65.0,2025-06-23,2025-06-23,2025,2025,Monday,Monday,20:57,22:02,1257,1322,NON_WEEKEND,NON_WEEKEND_GAP
2025-06-24 20:57:00,2025-06-24 22:02:00,65.0,2025-06-24,2025-06-24,2025,2025,Tuesday,Tuesday,20:57,22:02,1257,1322,NON_WEEKEND,NON_WEEKEND_GAP
2025-06-25 20:57:00,2025-06-25 22:02:00,65.0,2025-06-25,2025-06-25,2025,2025,Wednesday,Wednesday,20:57,22:02,1257,1322,NON_WEEKEND,NON_WEEKEND_GAP
2025-06-26 20:57:00,2025-06-26 22:02:00,65.0,2025-06-26,2025-06-26,2025,2025,Thursday,Thursday,20:57,22:02,1257,1322,NON_WEEKEND,NON_WEEKEND_GAP
2025-06-27 20:57:00,2025-06-29 22:05:00,2948.0,2025-06-27,2025-06-29,2025,2025,Friday,Sunday,20:57,22:05,1257,1325,WEEKEND_TRANSITION,WEEKEND_TRANSITION
2025-06-30 20:57:00,2025-06-30 22:02:00,65.0,2025-06-30,2025-06-30,2025,2025,Monday,Monday,20:57,22:02,1257,1322,NON_WEEKEND,NON_WEEKEND_GAP
2025-07-01 20:57:00,2025-07-01 22:02:00,65.0,2025-07-01,2025-07-01,2025,2025,Tuesday,Tuesday,20:57,22:02,1257,1322,NON_WEEKEND,NON_WEEKEND_GAP
2025-07-02 20:57:00,2025-07-02 22:02:00,65.0,2025-07-02,2025-07-02,2025,2025,Wednesday,Wednesday,20:57,22:02,1257,1322,NON_WEEKEND,NON_WEEKEND_GAP
2025-07-03 20:57:00,2025-07-03 22:02:00,65.0,2025-07-03,2025-07-03,2025,2025,Thursday,Thursday,20:57,22:02,1257,1322,NON_WEEKEND,NON_WEEKEND_GAP
2025-07-04 16:44:00,2025-07-06 22:05:00,3201.0,2025-07-04,2025-07-06,2025,2025,Friday,Sunday,16:44,22:05,1004,1325,WEEKEND_TRANSITION,WEEKEND_TRANSITION
2025-07-07 20:57:00,2025-07-07 22:02:00,65.0,2025-07-07,2025-07-07,2025,2025,Monday,Monday,20:57,22:02,1257,1322,NON_WEEKEND,NON_WEEKEND_GAP
2025-07-08 20:57:00,2025-07-08 22:02:00,65.0,2025-07-08,2025-07-08,2025,2025,Tuesday,Tuesday,20:57,22:02,1257,1322,NON_WEEKEND,NON_WEEKEND_GAP
2025-07-09 20:57:00,2025-07-09 22:02:00,65.0,2025-07-09,2025-07-09,2025,2025,Wednesday,Wednesday,20:57,22:02,1257,1322,NON_WEEKEND,NON_WEEKEND_GAP
2025-07-10 20:57:00,2025-07-10 22:02:00,65.0,2025-07-10,2025-07-10,2025,2025,Thursday,Thursday,20:57,22:02,1257,1322,NON_WEEKEND,NON_WEEKEND_GAP
2025-07-11 20:57:00,2025-07-13 22:05:00,2948.0,2025-07-11,2025-07-13,2025,2025,Friday,Sunday,20:57,22:05,1257,1325,WEEKEND_TRANSITION,WEEKEND_TRANSITION
2025-07-14 20:57:00,2025-07-14 22:02:00,65.0,2025-07-14,2025-07-14,2025,2025,Monday,Monday,20:57,22:02,1257,1322,NON_WEEKEND,NON_WEEKEND_GAP
2025-07-15 20:57:00,2025-07-15 22:02:00,65.0,2025-07-15,2025-07-15,2025,2025,Tuesday,Tuesday,20:57,22:02,1257,1322,NON_WEEKEND,NON_WEEKEND_GAP
2025-07-16 20:57:00,2025-07-16 22:02:00,65.0,2025-07-16,2025-07-16,2025,2025,Wednesday,Wednesday,20:57,22:02,1257,1322,NON_WEEKEND,NON_WEEKEND_GAP
2025-07-17 20:57:00,2025-07-17 22:02:00,65.0,2025-07-17,2025-07-17,2025,2025,Thursday,Thursday,20:57,22:02,1257,1322,NON_WEEKEND,NON_WEEKEND_GAP
2025-07-18 20:57:00,2025-07-20 22:05:00,2948.0,2025-07-18,2025-07-20,2025,2025,Friday,Sunday,20:57,22:05,1257,1325,WEEKEND_TRANSITION,WEEKEND_TRANSITION
2025-07-21 20:57:00,2025-07-21 22:02:00,65.0,2025-07-21,2025-07-21,2025,2025,Monday,Monday,20:57,22:02,1257,1322,NON_WEEKEND,NON_WEEKEND_GAP
2025-07-22 20:57:00,2025-07-22 22:02:00,65.0,2025-07-22,2025-07-22,2025,2025,Tuesday,Tuesday,20:57,22:02,1257,1322,NON_WEEKEND,NON_WEEKEND_GAP
2025-07-23 20:57:00,2025-07-23 22:02:00,65.0,2025-07-23,2025-07-23,2025,2025,Wednesday,Wednesday,20:57,22:02,1257,1322,NON_WEEKEND,NON_WEEKEND_GAP
2025-07-24 20:57:00,2025-07-24 22:02:00,65.0,2025-07-24,2025-07-24,2025,2025,Thursday,Thursday,20:57,22:02,1257,1322,NON_WEEKEND,NON_WEEKEND_GAP
2025-07-25 20:57:00,2025-07-27 22:05:00,2948.0,2025-07-25,2025-07-27,2025,2025,Friday,Sunday,20:57,22:05,1257,1325,WEEKEND_TRANSITION,WEEKEND_TRANSITION
2025-07-28 20:57:00,2025-07-28 22:02:00,65.0,2025-07-28,2025-07-28,2025,2025,Monday,Monday,20:57,22:02,1257,1322,NON_WEEKEND,NON_WEEKEND_GAP
2025-07-29 20:57:00,2025-07-29 22:02:00,65.0,2025-07-29,2025-07-29,2025,2025,Tuesday,Tuesday,20:57,22:02,1257,1322,NON_WEEKEND,NON_WEEKEND_GAP
2025-07-30 20:57:00,2025-07-30 22:02:00,65.0,2025-07-30,2025-07-30,2025,2025,Wednesday,Wednesday,20:57,22:02,1257,1322,NON_WEEKEND,NON_WEEKEND_GAP
2025-07-31 20:57:00,2025-07-31 22:02:00,65.0,2025-07-31,2025-07-31,2025,2025,Thursday,Thursday,20:57,22:02,1257,1322,NON_WEEKEND,NON_WEEKEND_GAP
2025-08-01 20:57:00,2025-08-03 22:05:00,2948.0,2025-08-01,2025-08-03,2025,2025,Friday,Sunday,20:57,22:05,1257,1325,WEEKEND_TRANSITION,WEEKEND_TRANSITION
2025-08-04 20:57:00,2025-08-04 22:02:00,65.0,2025-08-04,2025-08-04,2025,2025,Monday,Monday,20:57,22:02,1257,1322,NON_WEEKEND,NON_WEEKEND_GAP
2025-08-05 20:57:00,2025-08-05 22:02:00,65.0,2025-08-05,2025-08-05,2025,2025,Tuesday,Tuesday,20:57,22:02,1257,1322,NON_WEEKEND,NON_WEEKEND_GAP
2025-08-06 20:57:00,2025-08-06 22:02:00,65.0,2025-08-06,2025-08-06,2025,2025,Wednesday,Wednesday,20:57,22:02,1257,1322,NON_WEEKEND,NON_WEEKEND_GAP
2025-08-07 20:57:00,2025-08-07 22:02:00,65.0,2025-08-07,2025-08-07,2025,2025,Thursday,Thursday,20:57,22:02,1257,1322,NON_WEEKEND,NON_WEEKEND_GAP
2025-08-08 20:57:00,2025-08-10 22:05:00,2948.0,2025-08-08,2025-08-10,2025,2025,Friday,Sunday,20:57,22:05,1257,1325,WEEKEND_TRANSITION,WEEKEND_TRANSITION
2025-08-11 20:57:00,2025-08-11 22:02:00,65.0,2025-08-11,2025-08-11,2025,2025,Monday,Monday,20:57,22:02,1257,1322,NON_WEEKEND,NON_WEEKEND_GAP
2025-08-12 20:57:00,2025-08-12 22:02:00,65.0,2025-08-12,2025-08-12,2025,2025,Tuesday,Tuesday,20:57,22:02,1257,1322,NON_WEEKEND,NON_WEEKEND_GAP
2025-08-13 20:57:00,2025-08-13 22:02:00,65.0,2025-08-13,2025-08-13,2025,2025,Wednesday,Wednesday,20:57,22:02,1257,1322,NON_WEEKEND,NON_WEEKEND_GAP
2025-08-14 20:57:00,2025-08-14 22:02:00,65.0,2025-08-14,2025-08-14,2025,2025,Thursday,Thursday,20:57,22:02,1257,1322,NON_WEEKEND,NON_WEEKEND_GAP
2025-08-15 20:57:00,2025-08-17 22:05:00,2948.0,2025-08-15,2025-08-17,2025,2025,Friday,Sunday,20:57,22:05,1257,1325,WEEKEND_TRANSITION,WEEKEND_TRANSITION
2025-08-18 20:57:00,2025-08-18 22:02:00,65.0,2025-08-18,2025-08-18,2025,2025,Monday,Monday,20:57,22:02,1257,1322,NON_WEEKEND,NON_WEEKEND_GAP
2025-08-19 20:57:00,2025-08-19 22:02:00,65.0,2025-08-19,2025-08-19,2025,2025,Tuesday,Tuesday,20:57,22:02,1257,1322,NON_WEEKEND,NON_WEEKEND_GAP
2025-08-20 20:57:00,2025-08-20 22:02:00,65.0,2025-08-20,2025-08-20,2025,2025,Wednesday,Wednesday,20:57,22:02,1257,1322,NON_WEEKEND,NON_WEEKEND_GAP
2025-08-21 20:57:00,2025-08-21 22:02:00,65.0,2025-08-21,2025-08-21,2025,2025,Thursday,Thursday,20:57,22:02,1257,1322,NON_WEEKEND,NON_WEEKEND_GAP
2025-08-22 20:57:00,2025-08-24 22:05:00,2948.0,2025-08-22,2025-08-24,2025,2025,Friday,Sunday,20:57,22:05,1257,1325,WEEKEND_TRANSITION,WEEKEND_TRANSITION
2025-08-25 20:57:00,2025-08-25 22:02:00,65.0,2025-08-25,2025-08-25,2025,2025,Monday,Monday,20:57,22:02,1257,1322,NON_WEEKEND,NON_WEEKEND_GAP
2025-08-26 20:57:00,2025-08-26 22:02:00,65.0,2025-08-26,2025-08-26,2025,2025,Tuesday,Tuesday,20:57,22:02,1257,1322,NON_WEEKEND,NON_WEEKEND_GAP
2025-08-27 20:57:00,2025-08-27 22:02:00,65.0,2025-08-27,2025-08-27,2025,2025,Wednesday,Wednesday,20:57,22:02,1257,1322,NON_WEEKEND,NON_WEEKEND_GAP
2025-08-28 20:57:00,2025-08-28 22:02:00,65.0,2025-08-28,2025-08-28,2025,2025,Thursday,Thursday,20:57,22:02,1257,1322,NON_WEEKEND,NON_WEEKEND_GAP
2025-08-29 20:57:00,2025-08-31 22:05:00,2948.0,2025-08-29,2025-08-31,2025,2025,Friday,Sunday,20:57,22:05,1257,1325,WEEKEND_TRANSITION,WEEKEND_TRANSITION
2025-09-01 18:14:00,2025-09-01 22:02:00,228.0,2025-09-01,2025-09-01,2025,2025,Monday,Monday,18:14,22:02,1094,1322,NON_WEEKEND,LONG_EXCEPTIONAL_GAP
2025-09-02 20:57:00,2025-09-02 22:02:00,65.0,2025-09-02,2025-09-02,2025,2025,Tuesday,Tuesday,20:57,22:02,1257,1322,NON_WEEKEND,NON_WEEKEND_GAP
2025-09-03 20:57:00,2025-09-03 22:02:00,65.0,2025-09-03,2025-09-03,2025,2025,Wednesday,Wednesday,20:57,22:02,1257,1322,NON_WEEKEND,NON_WEEKEND_GAP
2025-09-04 20:57:00,2025-09-04 22:02:00,65.0,2025-09-04,2025-09-04,2025,2025,Thursday,Thursday,20:57,22:02,1257,1322,NON_WEEKEND,NON_WEEKEND_GAP
2025-09-05 20:57:00,2025-09-07 22:05:00,2948.0,2025-09-05,2025-09-07,2025,2025,Friday,Sunday,20:57,22:05,1257,1325,WEEKEND_TRANSITION,WEEKEND_TRANSITION
2025-09-08 20:57:00,2025-09-08 22:02:00,65.0,2025-09-08,2025-09-08,2025,2025,Monday,Monday,20:57,22:02,1257,1322,NON_WEEKEND,NON_WEEKEND_GAP
2025-09-09 20:57:00,2025-09-09 22:02:00,65.0,2025-09-09,2025-09-09,2025,2025,Tuesday,Tuesday,20:57,22:02,1257,1322,NON_WEEKEND,NON_WEEKEND_GAP
2025-09-10 20:57:00,2025-09-10 22:02:00,65.0,2025-09-10,2025-09-10,2025,2025,Wednesday,Wednesday,20:57,22:02,1257,1322,NON_WEEKEND,NON_WEEKEND_GAP
2025-09-11 20:57:00,2025-09-11 22:02:00,65.0,2025-09-11,2025-09-11,2025,2025,Thursday,Thursday,20:57,22:02,1257,1322,NON_WEEKEND,NON_WEEKEND_GAP
2025-09-12 20:57:00,2025-09-14 22:05:00,2948.0,2025-09-12,2025-09-14,2025,2025,Friday,Sunday,20:57,22:05,1257,1325,WEEKEND_TRANSITION,WEEKEND_TRANSITION
2025-09-15 20:57:00,2025-09-15 22:02:00,65.0,2025-09-15,2025-09-15,2025,2025,Monday,Monday,20:57,22:02,1257,1322,NON_WEEKEND,NON_WEEKEND_GAP
2025-09-16 20:57:00,2025-09-16 22:02:00,65.0,2025-09-16,2025-09-16,2025,2025,Tuesday,Tuesday,20:57,22:02,1257,1322,NON_WEEKEND,NON_WEEKEND_GAP
2025-09-17 20:57:00,2025-09-17 22:02:00,65.0,2025-09-17,2025-09-17,2025,2025,Wednesday,Wednesday,20:57,22:02,1257,1322,NON_WEEKEND,NON_WEEKEND_GAP
2025-09-18 20:57:00,2025-09-18 22:02:00,65.0,2025-09-18,2025-09-18,2025,2025,Thursday,Thursday,20:57,22:02,1257,1322,NON_WEEKEND,NON_WEEKEND_GAP
2025-09-19 20:57:00,2025-09-21 22:05:00,2948.0,2025-09-19,2025-09-21,2025,2025,Friday,Sunday,20:57,22:05,1257,1325,WEEKEND_TRANSITION,WEEKEND_TRANSITION
2025-09-22 20:57:00,2025-09-22 22:02:00,65.0,2025-09-22,2025-09-22,2025,2025,Monday,Monday,20:57,22:02,1257,1322,NON_WEEKEND,NON_WEEKEND_GAP
2025-09-23 20:57:00,2025-09-23 22:02:00,65.0,2025-09-23,2025-09-23,2025,2025,Tuesday,Tuesday,20:57,22:02,1257,1322,NON_WEEKEND,NON_WEEKEND_GAP
2025-09-24 20:57:00,2025-09-24 22:02:00,65.0,2025-09-24,2025-09-24,2025,2025,Wednesday,Wednesday,20:57,22:02,1257,1322,NON_WEEKEND,NON_WEEKEND_GAP
2025-09-25 20:57:00,2025-09-25 22:02:00,65.0,2025-09-25,2025-09-25,2025,2025,Thursday,Thursday,20:57,22:02,1257,1322,NON_WEEKEND,NON_WEEKEND_GAP
2025-09-26 20:57:00,2025-09-28 22:05:00,2948.0,2025-09-26,2025-09-28,2025,2025,Friday,Sunday,20:57,22:05,1257,1325,WEEKEND_TRANSITION,WEEKEND_TRANSITION
2025-09-29 20:57:00,2025-09-29 22:02:00,65.0,2025-09-29,2025-09-29,2025,2025,Monday,Monday,20:57,22:02,1257,1322,NON_WEEKEND,NON_WEEKEND_GAP
2025-09-30 20:57:00,2025-09-30 22:02:00,65.0,2025-09-30,2025-09-30,2025,2025,Tuesday,Tuesday,20:57,22:02,1257,1322,NON_WEEKEND,NON_WEEKEND_GAP
2025-10-01 20:57:00,2025-10-01 22:02:00,65.0,2025-10-01,2025-10-01,2025,2025,Wednesday,Wednesday,20:57,22:02,1257,1322,NON_WEEKEND,NON_WEEKEND_GAP
2025-10-02 20:57:00,2025-10-02 22:02:00,65.0,2025-10-02,2025-10-02,2025,2025,Thursday,Thursday,20:57,22:02,1257,1322,NON_WEEKEND,NON_WEEKEND_GAP
2025-10-03 20:57:00,2025-10-05 22:05:00,2948.0,2025-10-03,2025-10-05,2025,2025,Friday,Sunday,20:57,22:05,1257,1325,WEEKEND_TRANSITION,WEEKEND_TRANSITION
2025-10-06 20:57:00,2025-10-06 22:02:00,65.0,2025-10-06,2025-10-06,2025,2025,Monday,Monday,20:57,22:02,1257,1322,NON_WEEKEND,NON_WEEKEND_GAP
2025-10-07 20:57:00,2025-10-07 22:02:00,65.0,2025-10-07,2025-10-07,2025,2025,Tuesday,Tuesday,20:57,22:02,1257,1322,NON_WEEKEND,NON_WEEKEND_GAP
2025-10-08 20:57:00,2025-10-08 22:02:00,65.0,2025-10-08,2025-10-08,2025,2025,Wednesday,Wednesday,20:57,22:02,1257,1322,NON_WEEKEND,NON_WEEKEND_GAP
2025-10-09 20:57:00,2025-10-09 22:02:00,65.0,2025-10-09,2025-10-09,2025,2025,Thursday,Thursday,20:57,22:02,1257,1322,NON_WEEKEND,NON_WEEKEND_GAP
2025-10-10 20:57:00,2025-10-12 22:05:00,2948.0,2025-10-10,2025-10-12,2025,2025,Friday,Sunday,20:57,22:05,1257,1325,WEEKEND_TRANSITION,WEEKEND_TRANSITION
2025-10-13 20:57:00,2025-10-13 22:02:00,65.0,2025-10-13,2025-10-13,2025,2025,Monday,Monday,20:57,22:02,1257,1322,NON_WEEKEND,NON_WEEKEND_GAP
2025-10-14 20:57:00,2025-10-14 22:02:00,65.0,2025-10-14,2025-10-14,2025,2025,Tuesday,Tuesday,20:57,22:02,1257,1322,NON_WEEKEND,NON_WEEKEND_GAP
2025-10-15 20:57:00,2025-10-15 22:02:00,65.0,2025-10-15,2025-10-15,2025,2025,Wednesday,Wednesday,20:57,22:02,1257,1322,NON_WEEKEND,NON_WEEKEND_GAP
2025-10-16 20:57:00,2025-10-16 22:02:00,65.0,2025-10-16,2025-10-16,2025,2025,Thursday,Thursday,20:57,22:02,1257,1322,NON_WEEKEND,NON_WEEKEND_GAP
2025-10-17 20:57:00,2025-10-19 22:05:00,2948.0,2025-10-17,2025-10-19,2025,2025,Friday,Sunday,20:57,22:05,1257,1325,WEEKEND_TRANSITION,WEEKEND_TRANSITION
2025-10-20 20:57:00,2025-10-20 22:02:00,65.0,2025-10-20,2025-10-20,2025,2025,Monday,Monday,20:57,22:02,1257,1322,NON_WEEKEND,NON_WEEKEND_GAP
2025-10-21 20:57:00,2025-10-21 22:02:00,65.0,2025-10-21,2025-10-21,2025,2025,Tuesday,Tuesday,20:57,22:02,1257,1322,NON_WEEKEND,NON_WEEKEND_GAP
2025-10-22 20:57:00,2025-10-22 22:02:00,65.0,2025-10-22,2025-10-22,2025,2025,Wednesday,Wednesday,20:57,22:02,1257,1322,NON_WEEKEND,NON_WEEKEND_GAP
2025-10-23 20:57:00,2025-10-23 22:02:00,65.0,2025-10-23,2025-10-23,2025,2025,Thursday,Thursday,20:57,22:02,1257,1322,NON_WEEKEND,NON_WEEKEND_GAP
2025-10-24 20:57:00,2025-10-26 22:05:00,2948.0,2025-10-24,2025-10-26,2025,2025,Friday,Sunday,20:57,22:05,1257,1325,WEEKEND_TRANSITION,WEEKEND_TRANSITION
2025-10-27 20:57:00,2025-10-27 22:02:00,65.0,2025-10-27,2025-10-27,2025,2025,Monday,Monday,20:57,22:02,1257,1322,NON_WEEKEND,NON_WEEKEND_GAP
2025-10-28 20:57:00,2025-10-28 22:02:00,65.0,2025-10-28,2025-10-28,2025,2025,Tuesday,Tuesday,20:57,22:02,1257,1322,NON_WEEKEND,NON_WEEKEND_GAP
2025-10-29 20:57:00,2025-10-29 22:02:00,65.0,2025-10-29,2025-10-29,2025,2025,Wednesday,Wednesday,20:57,22:02,1257,1322,NON_WEEKEND,NON_WEEKEND_GAP
2025-10-30 20:57:00,2025-10-30 22:02:00,65.0,2025-10-30,2025-10-30,2025,2025,Thursday,Thursday,20:57,22:02,1257,1322,NON_WEEKEND,NON_WEEKEND_GAP
2025-10-31 20:57:00,2025-11-02 23:01:00,3004.0,2025-10-31,2025-11-02,2025,2025,Friday,Sunday,20:57,23:01,1257,1381,WEEKEND_TRANSITION,WEEKEND_TRANSITION
2025-11-03 21:57:00,2025-11-03 23:00:00,63.0,2025-11-03,2025-11-03,2025,2025,Monday,Monday,21:57,23:00,1317,1380,NON_WEEKEND,NON_WEEKEND_GAP
2025-11-04 21:57:00,2025-11-04 23:00:00,63.0,2025-11-04,2025-11-04,2025,2025,Tuesday,Tuesday,21:57,23:00,1317,1380,NON_WEEKEND,NON_WEEKEND_GAP
2025-11-05 21:57:00,2025-11-05 23:00:00,63.0,2025-11-05,2025-11-05,2025,2025,Wednesday,Wednesday,21:57,23:00,1317,1380,NON_WEEKEND,NON_WEEKEND_GAP
2025-11-06 21:57:00,2025-11-06 23:00:00,63.0,2025-11-06,2025-11-06,2025,2025,Thursday,Thursday,21:57,23:00,1317,1380,NON_WEEKEND,NON_WEEKEND_GAP
2025-11-07 21:57:00,2025-11-09 23:01:00,2944.0,2025-11-07,2025-11-09,2025,2025,Friday,Sunday,21:57,23:01,1317,1381,WEEKEND_TRANSITION,WEEKEND_TRANSITION
2025-11-10 21:57:00,2025-11-10 23:00:00,63.0,2025-11-10,2025-11-10,2025,2025,Monday,Monday,21:57,23:00,1317,1380,NON_WEEKEND,NON_WEEKEND_GAP
2025-11-11 13:05:00,2025-11-11 13:09:00,4.0,2025-11-11,2025-11-11,2025,2025,Tuesday,Tuesday,13:05,13:09,785,789,NON_WEEKEND,NON_WEEKEND_GAP
2025-11-11 21:57:00,2025-11-11 23:00:00,63.0,2025-11-11,2025-11-11,2025,2025,Tuesday,Tuesday,21:57,23:00,1317,1380,NON_WEEKEND,NON_WEEKEND_GAP
2025-11-12 21:57:00,2025-11-12 23:00:00,63.0,2025-11-12,2025-11-12,2025,2025,Wednesday,Wednesday,21:57,23:00,1317,1380,NON_WEEKEND,NON_WEEKEND_GAP
2025-11-13 21:57:00,2025-11-13 23:00:00,63.0,2025-11-13,2025-11-13,2025,2025,Thursday,Thursday,21:57,23:00,1317,1380,NON_WEEKEND,NON_WEEKEND_GAP
2025-11-14 21:57:00,2025-11-16 23:01:00,2944.0,2025-11-14,2025-11-16,2025,2025,Friday,Sunday,21:57,23:01,1317,1381,WEEKEND_TRANSITION,WEEKEND_TRANSITION
2025-11-17 21:57:00,2025-11-17 23:00:00,63.0,2025-11-17,2025-11-17,2025,2025,Monday,Monday,21:57,23:00,1317,1380,NON_WEEKEND,NON_WEEKEND_GAP
2025-11-18 21:57:00,2025-11-18 23:00:00,63.0,2025-11-18,2025-11-18,2025,2025,Tuesday,Tuesday,21:57,23:00,1317,1380,NON_WEEKEND,NON_WEEKEND_GAP
2025-11-19 21:57:00,2025-11-19 23:00:00,63.0,2025-11-19,2025-11-19,2025,2025,Wednesday,Wednesday,21:57,23:00,1317,1380,NON_WEEKEND,NON_WEEKEND_GAP
2025-11-20 21:57:00,2025-11-20 23:00:00,63.0,2025-11-20,2025-11-20,2025,2025,Thursday,Thursday,21:57,23:00,1317,1380,NON_WEEKEND,NON_WEEKEND_GAP
2025-11-21 21:57:00,2025-11-23 23:01:00,2944.0,2025-11-21,2025-11-23,2025,2025,Friday,Sunday,21:57,23:01,1317,1381,WEEKEND_TRANSITION,WEEKEND_TRANSITION
2025-11-24 21:57:00,2025-11-24 23:00:00,63.0,2025-11-24,2025-11-24,2025,2025,Monday,Monday,21:57,23:00,1317,1380,NON_WEEKEND,NON_WEEKEND_GAP
2025-11-25 21:57:00,2025-11-25 23:00:00,63.0,2025-11-25,2025-11-25,2025,2025,Tuesday,Tuesday,21:57,23:00,1317,1380,NON_WEEKEND,NON_WEEKEND_GAP
2025-11-26 21:57:00,2025-11-26 23:00:00,63.0,2025-11-26,2025-11-26,2025,2025,Wednesday,Wednesday,21:57,23:00,1317,1380,NON_WEEKEND,NON_WEEKEND_GAP
2025-11-27 19:29:00,2025-11-27 23:01:00,212.0,2025-11-27,2025-11-27,2025,2025,Thursday,Thursday,19:29,23:01,1169,1381,NON_WEEKEND,LONG_EXCEPTIONAL_GAP
2025-11-28 08:07:00,2025-11-28 08:10:00,3.0,2025-11-28,2025-11-28,2025,2025,Friday,Friday,08:07,08:10,487,490,NON_WEEKEND,NON_WEEKEND_GAP
2025-11-28 08:14:00,2025-11-28 08:55:00,41.0,2025-11-28,2025-11-28,2025,2025,Friday,Friday,08:14,08:55,494,535,NON_WEEKEND,NON_WEEKEND_GAP
2025-11-28 08:55:00,2025-11-28 08:58:00,3.0,2025-11-28,2025-11-28,2025,2025,Friday,Friday,08:55,08:58,535,538,NON_WEEKEND,NON_WEEKEND_GAP
2025-11-28 19:44:00,2025-11-30 23:07:00,3083.0,2025-11-28,2025-11-30,2025,2025,Friday,Sunday,19:44,23:07,1184,1387,WEEKEND_TRANSITION,WEEKEND_TRANSITION
2025-12-01 21:57:00,2025-12-01 23:00:00,63.0,2025-12-01,2025-12-01,2025,2025,Monday,Monday,21:57,23:00,1317,1380,NON_WEEKEND,NON_WEEKEND_GAP
2025-12-02 21:57:00,2025-12-02 23:00:00,63.0,2025-12-02,2025-12-02,2025,2025,Tuesday,Tuesday,21:57,23:00,1317,1380,NON_WEEKEND,NON_WEEKEND_GAP
2025-12-03 21:57:00,2025-12-03 23:00:00,63.0,2025-12-03,2025-12-03,2025,2025,Wednesday,Wednesday,21:57,23:00,1317,1380,NON_WEEKEND,NON_WEEKEND_GAP
2025-12-04 21:57:00,2025-12-04 23:00:00,63.0,2025-12-04,2025-12-04,2025,2025,Thursday,Thursday,21:57,23:00,1317,1380,NON_WEEKEND,NON_WEEKEND_GAP
2025-12-05 21:57:00,2025-12-07 23:07:00,2950.0,2025-12-05,2025-12-07,2025,2025,Friday,Sunday,21:57,23:07,1317,1387,WEEKEND_TRANSITION,WEEKEND_TRANSITION
2025-12-07 23:15:00,2025-12-07 23:17:00,2.0,2025-12-07,2025-12-07,2025,2025,Sunday,Sunday,23:15,23:17,1395,1397,NON_WEEKEND,NON_WEEKEND_GAP
2025-12-07 23:17:00,2025-12-07 23:21:00,4.0,2025-12-07,2025-12-07,2025,2025,Sunday,Sunday,23:17,23:21,1397,1401,NON_WEEKEND,NON_WEEKEND_GAP
2025-12-07 23:28:00,2025-12-07 23:49:00,21.0,2025-12-07,2025-12-07,2025,2025,Sunday,Sunday,23:28,23:49,1408,1429,NON_WEEKEND,NON_WEEKEND_GAP
2025-12-08 21:57:00,2025-12-08 23:00:00,63.0,2025-12-08,2025-12-08,2025,2025,Monday,Monday,21:57,23:00,1317,1380,NON_WEEKEND,NON_WEEKEND_GAP
2025-12-09 21:57:00,2025-12-09 23:00:00,63.0,2025-12-09,2025-12-09,2025,2025,Tuesday,Tuesday,21:57,23:00,1317,1380,NON_WEEKEND,NON_WEEKEND_GAP
2025-12-10 21:57:00,2025-12-10 23:00:00,63.0,2025-12-10,2025-12-10,2025,2025,Wednesday,Wednesday,21:57,23:00,1317,1380,NON_WEEKEND,NON_WEEKEND_GAP
2025-12-11 21:57:00,2025-12-11 23:03:00,66.0,2025-12-11,2025-12-11,2025,2025,Thursday,Thursday,21:57,23:03,1317,1383,NON_WEEKEND,NON_WEEKEND_GAP
2025-12-12 21:57:00,2025-12-14 23:03:00,2946.0,2025-12-12,2025-12-14,2025,2025,Friday,Sunday,21:57,23:03,1317,1383,WEEKEND_TRANSITION,WEEKEND_TRANSITION
2025-12-15 21:57:00,2025-12-15 23:00:00,63.0,2025-12-15,2025-12-15,2025,2025,Monday,Monday,21:57,23:00,1317,1380,NON_WEEKEND,NON_WEEKEND_GAP
2025-12-16 21:57:00,2025-12-16 23:00:00,63.0,2025-12-16,2025-12-16,2025,2025,Tuesday,Tuesday,21:57,23:00,1317,1380,NON_WEEKEND,NON_WEEKEND_GAP
2025-12-17 21:57:00,2025-12-17 23:00:00,63.0,2025-12-17,2025-12-17,2025,2025,Wednesday,Wednesday,21:57,23:00,1317,1380,NON_WEEKEND,NON_WEEKEND_GAP
2025-12-17 23:02:00,2025-12-17 23:10:00,8.0,2025-12-17,2025-12-17,2025,2025,Wednesday,Wednesday,23:02,23:10,1382,1390,NON_WEEKEND,NON_WEEKEND_GAP
2025-12-18 21:57:00,2025-12-18 23:02:00,65.0,2025-12-18,2025-12-18,2025,2025,Thursday,Thursday,21:57,23:02,1317,1382,NON_WEEKEND,NON_WEEKEND_GAP
2025-12-19 21:57:00,2025-12-21 23:04:00,2947.0,2025-12-19,2025-12-21,2025,2025,Friday,Sunday,21:57,23:04,1317,1384,WEEKEND_TRANSITION,WEEKEND_TRANSITION
2025-12-22 21:57:00,2025-12-22 23:00:00,63.0,2025-12-22,2025-12-22,2025,2025,Monday,Monday,21:57,23:00,1317,1380,NON_WEEKEND,NON_WEEKEND_GAP
2025-12-23 21:57:00,2025-12-23 23:01:00,64.0,2025-12-23,2025-12-23,2025,2025,Tuesday,Tuesday,21:57,23:01,1317,1381,NON_WEEKEND,NON_WEEKEND_GAP
2025-12-24 18:29:00,2025-12-25 23:11:00,1722.0,2025-12-24,2025-12-25,2025,2025,Wednesday,Thursday,18:29,23:11,1109,1391,NON_WEEKEND,LONG_EXCEPTIONAL_GAP
2025-12-26 21:57:00,2025-12-28 23:01:00,2944.0,2025-12-26,2025-12-28,2025,2025,Friday,Sunday,21:57,23:01,1317,1381,WEEKEND_TRANSITION,WEEKEND_TRANSITION
2025-12-29 21:57:00,2025-12-29 23:02:00,65.0,2025-12-29,2025-12-29,2025,2025,Monday,Monday,21:57,23:02,1317,1382,NON_WEEKEND,NON_WEEKEND_GAP
2025-12-30 21:57:00,2025-12-30 23:00:00,63.0,2025-12-30,2025-12-30,2025,2025,Tuesday,Tuesday,21:57,23:00,1317,1380,NON_WEEKEND,NON_WEEKEND_GAP
2025-12-30 23:01:00,2025-12-30 23:03:00,2.0,2025-12-30,2025-12-30,2025,2025,Tuesday,Tuesday,23:01,23:03,1381,1383,NON_WEEKEND,NON_WEEKEND_GAP
2025-12-31 21:57:00,2026-01-01 23:05:00,1508.0,2025-12-31,2026-01-01,2025,2026,Wednesday,Thursday,21:57,23:05,1317,1385,NON_WEEKEND,LONG_EXCEPTIONAL_GAP
2026-01-02 21:57:00,2026-01-04 23:07:00,2950.0,2026-01-02,2026-01-04,2026,2026,Friday,Sunday,21:57,23:07,1317,1387,WEEKEND_TRANSITION,WEEKEND_TRANSITION
2026-01-05 21:57:00,2026-01-05 23:04:00,67.0,2026-01-05,2026-01-05,2026,2026,Monday,Monday,21:57,23:04,1317,1384,NON_WEEKEND,NON_WEEKEND_GAP
2026-01-06 21:57:00,2026-01-06 23:01:00,64.0,2026-01-06,2026-01-06,2026,2026,Tuesday,Tuesday,21:57,23:01,1317,1381,NON_WEEKEND,NON_WEEKEND_GAP
2026-01-07 21:57:00,2026-01-07 23:01:00,64.0,2026-01-07,2026-01-07,2026,2026,Wednesday,Wednesday,21:57,23:01,1317,1381,NON_WEEKEND,NON_WEEKEND_GAP
2026-01-08 21:57:00,2026-01-08 23:01:00,64.0,2026-01-08,2026-01-08,2026,2026,Thursday,Thursday,21:57,23:01,1317,1381,NON_WEEKEND,NON_WEEKEND_GAP
2026-01-09 21:57:00,2026-01-11 23:03:00,2946.0,2026-01-09,2026-01-11,2026,2026,Friday,Sunday,21:57,23:03,1317,1383,WEEKEND_TRANSITION,WEEKEND_TRANSITION
2026-01-12 21:57:00,2026-01-12 23:01:00,64.0,2026-01-12,2026-01-12,2026,2026,Monday,Monday,21:57,23:01,1317,1381,NON_WEEKEND,NON_WEEKEND_GAP
2026-01-13 21:57:00,2026-01-13 23:01:00,64.0,2026-01-13,2026-01-13,2026,2026,Tuesday,Tuesday,21:57,23:01,1317,1381,NON_WEEKEND,NON_WEEKEND_GAP
2026-01-14 21:57:00,2026-01-14 23:03:00,66.0,2026-01-14,2026-01-14,2026,2026,Wednesday,Wednesday,21:57,23:03,1317,1383,NON_WEEKEND,NON_WEEKEND_GAP
2026-01-15 21:57:00,2026-01-15 23:01:00,64.0,2026-01-15,2026-01-15,2026,2026,Thursday,Thursday,21:57,23:01,1317,1381,NON_WEEKEND,NON_WEEKEND_GAP
2026-01-16 21:57:00,2026-01-18 23:09:00,2952.0,2026-01-16,2026-01-18,2026,2026,Friday,Sunday,21:57,23:09,1317,1389,WEEKEND_TRANSITION,WEEKEND_TRANSITION
2026-01-19 19:29:00,2026-01-19 23:03:00,214.0,2026-01-19,2026-01-19,2026,2026,Monday,Monday,19:29,23:03,1169,1383,NON_WEEKEND,LONG_EXCEPTIONAL_GAP
2026-01-20 21:57:00,2026-01-20 23:00:00,63.0,2026-01-20,2026-01-20,2026,2026,Tuesday,Tuesday,21:57,23:00,1317,1380,NON_WEEKEND,NON_WEEKEND_GAP
2026-01-21 21:57:00,2026-01-21 23:01:00,64.0,2026-01-21,2026-01-21,2026,2026,Wednesday,Wednesday,21:57,23:01,1317,1381,NON_WEEKEND,NON_WEEKEND_GAP
2026-01-22 21:57:00,2026-01-22 23:00:00,63.0,2026-01-22,2026-01-22,2026,2026,Thursday,Thursday,21:57,23:00,1317,1380,NON_WEEKEND,NON_WEEKEND_GAP
2026-01-23 21:57:00,2026-01-25 23:01:00,2944.0,2026-01-23,2026-01-25,2026,2026,Friday,Sunday,21:57,23:01,1317,1381,WEEKEND_TRANSITION,WEEKEND_TRANSITION
2026-01-25 23:02:00,2026-01-25 23:05:00,3.0,2026-01-25,2026-01-25,2026,2026,Sunday,Sunday,23:02,23:05,1382,1385,NON_WEEKEND,NON_WEEKEND_GAP
2026-01-26 21:57:00,2026-01-26 23:01:00,64.0,2026-01-26,2026-01-26,2026,2026,Monday,Monday,21:57,23:01,1317,1381,NON_WEEKEND,NON_WEEKEND_GAP
2026-01-27 21:57:00,2026-01-27 23:10:00,73.0,2026-01-27,2026-01-27,2026,2026,Tuesday,Tuesday,21:57,23:10,1317,1390,NON_WEEKEND,NON_WEEKEND_GAP
2026-01-28 21:57:00,2026-01-28 23:01:00,64.0,2026-01-28,2026-01-28,2026,2026,Wednesday,Wednesday,21:57,23:01,1317,1381,NON_WEEKEND,NON_WEEKEND_GAP
2026-01-28 23:38:00,2026-01-28 23:43:00,5.0,2026-01-28,2026-01-28,2026,2026,Wednesday,Wednesday,23:38,23:43,1418,1423,NON_WEEKEND,NON_WEEKEND_GAP
2026-01-29 21:57:00,2026-01-29 23:01:00,64.0,2026-01-29,2026-01-29,2026,2026,Thursday,Thursday,21:57,23:01,1317,1381,NON_WEEKEND,NON_WEEKEND_GAP
2026-01-30 21:57:00,2026-02-01 23:01:00,2944.0,2026-01-30,2026-02-01,2026,2026,Friday,Sunday,21:57,23:01,1317,1381,WEEKEND_TRANSITION,WEEKEND_TRANSITION
2026-02-01 23:01:00,2026-02-01 23:10:00,9.0,2026-02-01,2026-02-01,2026,2026,Sunday,Sunday,23:01,23:10,1381,1390,NON_WEEKEND,NON_WEEKEND_GAP
2026-02-01 23:45:00,2026-02-01 23:47:00,2.0,2026-02-01,2026-02-01,2026,2026,Sunday,Sunday,23:45,23:47,1425,1427,NON_WEEKEND,NON_WEEKEND_GAP
2026-02-02 21:57:00,2026-02-02 23:01:00,64.0,2026-02-02,2026-02-02,2026,2026,Monday,Monday,21:57,23:01,1317,1381,NON_WEEKEND,NON_WEEKEND_GAP
2026-02-03 21:57:00,2026-02-03 23:01:00,64.0,2026-02-03,2026-02-03,2026,2026,Tuesday,Tuesday,21:57,23:01,1317,1381,NON_WEEKEND,NON_WEEKEND_GAP
2026-02-04 21:57:00,2026-02-04 23:01:00,64.0,2026-02-04,2026-02-04,2026,2026,Wednesday,Wednesday,21:57,23:01,1317,1381,NON_WEEKEND,NON_WEEKEND_GAP
2026-02-05 21:57:00,2026-02-05 23:01:00,64.0,2026-02-05,2026-02-05,2026,2026,Thursday,Thursday,21:57,23:01,1317,1381,NON_WEEKEND,NON_WEEKEND_GAP
2026-02-06 21:57:00,2026-02-08 23:02:00,2945.0,2026-02-06,2026-02-08,2026,2026,Friday,Sunday,21:57,23:02,1317,1382,WEEKEND_TRANSITION,WEEKEND_TRANSITION
2026-02-09 21:57:00,2026-02-09 23:02:00,65.0,2026-02-09,2026-02-09,2026,2026,Monday,Monday,21:57,23:02,1317,1382,NON_WEEKEND,NON_WEEKEND_GAP
2026-02-10 21:57:00,2026-02-10 23:01:00,64.0,2026-02-10,2026-02-10,2026,2026,Tuesday,Tuesday,21:57,23:01,1317,1381,NON_WEEKEND,NON_WEEKEND_GAP
2026-02-11 21:57:00,2026-02-11 23:02:00,65.0,2026-02-11,2026-02-11,2026,2026,Wednesday,Wednesday,21:57,23:02,1317,1382,NON_WEEKEND,NON_WEEKEND_GAP
2026-02-12 21:57:00,2026-02-12 23:00:00,63.0,2026-02-12,2026-02-12,2026,2026,Thursday,Thursday,21:57,23:00,1317,1380,NON_WEEKEND,NON_WEEKEND_GAP
2026-02-13 21:57:00,2026-02-15 23:01:00,2944.0,2026-02-13,2026-02-15,2026,2026,Friday,Sunday,21:57,23:01,1317,1381,WEEKEND_TRANSITION,WEEKEND_TRANSITION
2026-02-15 23:08:00,2026-02-15 23:10:00,2.0,2026-02-15,2026-02-15,2026,2026,Sunday,Sunday,23:08,23:10,1388,1390,NON_WEEKEND,NON_WEEKEND_GAP
2026-02-16 19:29:00,2026-02-16 23:01:00,212.0,2026-02-16,2026-02-16,2026,2026,Monday,Monday,19:29,23:01,1169,1381,NON_WEEKEND,LONG_EXCEPTIONAL_GAP
2026-02-17 21:57:00,2026-02-17 23:02:00,65.0,2026-02-17,2026-02-17,2026,2026,Tuesday,Tuesday,21:57,23:02,1317,1382,NON_WEEKEND,NON_WEEKEND_GAP
2026-02-18 21:57:00,2026-02-18 23:01:00,64.0,2026-02-18,2026-02-18,2026,2026,Wednesday,Wednesday,21:57,23:01,1317,1381,NON_WEEKEND,NON_WEEKEND_GAP
2026-02-19 21:57:00,2026-02-19 23:01:00,64.0,2026-02-19,2026-02-19,2026,2026,Thursday,Thursday,21:57,23:01,1317,1381,NON_WEEKEND,NON_WEEKEND_GAP
2026-02-20 21:57:00,2026-02-22 23:01:00,2944.0,2026-02-20,2026-02-22,2026,2026,Friday,Sunday,21:57,23:01,1317,1381,WEEKEND_TRANSITION,WEEKEND_TRANSITION
2026-02-23 21:57:00,2026-02-23 23:00:00,63.0,2026-02-23,2026-02-23,2026,2026,Monday,Monday,21:57,23:00,1317,1380,NON_WEEKEND,NON_WEEKEND_GAP
2026-02-24 21:57:00,2026-02-24 23:03:00,66.0,2026-02-24,2026-02-24,2026,2026,Tuesday,Tuesday,21:57,23:03,1317,1383,NON_WEEKEND,NON_WEEKEND_GAP
2026-02-25 21:57:00,2026-02-25 23:00:00,63.0,2026-02-25,2026-02-25,2026,2026,Wednesday,Wednesday,21:57,23:00,1317,1380,NON_WEEKEND,NON_WEEKEND_GAP
2026-02-26 21:57:00,2026-02-26 23:01:00,64.0,2026-02-26,2026-02-26,2026,2026,Thursday,Thursday,21:57,23:01,1317,1381,NON_WEEKEND,NON_WEEKEND_GAP
2026-02-27 21:57:00,2026-03-01 23:01:00,2944.0,2026-02-27,2026-03-01,2026,2026,Friday,Sunday,21:57,23:01,1317,1381,WEEKEND_TRANSITION,WEEKEND_TRANSITION
2026-03-01 23:01:00,2026-03-01 23:07:00,6.0,2026-03-01,2026-03-01,2026,2026,Sunday,Sunday,23:01,23:07,1381,1387,NON_WEEKEND,NON_WEEKEND_GAP
2026-03-01 23:07:00,2026-03-01 23:09:00,2.0,2026-03-01,2026-03-01,2026,2026,Sunday,Sunday,23:07,23:09,1387,1389,NON_WEEKEND,NON_WEEKEND_GAP
2026-03-02 21:57:00,2026-03-02 23:00:00,63.0,2026-03-02,2026-03-02,2026,2026,Monday,Monday,21:57,23:00,1317,1380,NON_WEEKEND,NON_WEEKEND_GAP
2026-03-03 21:57:00,2026-03-03 23:01:00,64.0,2026-03-03,2026-03-03,2026,2026,Tuesday,Tuesday,21:57,23:01,1317,1381,NON_WEEKEND,NON_WEEKEND_GAP
2026-03-04 21:57:00,2026-03-04 23:00:00,63.0,2026-03-04,2026-03-04,2026,2026,Wednesday,Wednesday,21:57,23:00,1317,1380,NON_WEEKEND,NON_WEEKEND_GAP
2026-03-05 21:57:00,2026-03-05 23:05:00,68.0,2026-03-05,2026-03-05,2026,2026,Thursday,Thursday,21:57,23:05,1317,1385,NON_WEEKEND,NON_WEEKEND_GAP
2026-03-06 21:57:00,2026-03-08 22:03:00,2886.0,2026-03-06,2026-03-08,2026,2026,Friday,Sunday,21:57,22:03,1317,1323,WEEKEND_TRANSITION,WEEKEND_TRANSITION
2026-03-09 20:57:00,2026-03-09 22:00:00,63.0,2026-03-09,2026-03-09,2026,2026,Monday,Monday,20:57,22:00,1257,1320,NON_WEEKEND,NON_WEEKEND_GAP
2026-03-10 20:57:00,2026-03-10 22:01:00,64.0,2026-03-10,2026-03-10,2026,2026,Tuesday,Tuesday,20:57,22:01,1257,1321,NON_WEEKEND,NON_WEEKEND_GAP
2026-03-11 20:57:00,2026-03-11 22:02:00,65.0,2026-03-11,2026-03-11,2026,2026,Wednesday,Wednesday,20:57,22:02,1257,1322,NON_WEEKEND,NON_WEEKEND_GAP
2026-03-12 20:57:00,2026-03-12 22:01:00,64.0,2026-03-12,2026-03-12,2026,2026,Thursday,Thursday,20:57,22:01,1257,1321,NON_WEEKEND,NON_WEEKEND_GAP
2026-03-13 20:57:00,2026-03-15 22:01:00,2944.0,2026-03-13,2026-03-15,2026,2026,Friday,Sunday,20:57,22:01,1257,1321,WEEKEND_TRANSITION,WEEKEND_TRANSITION
2026-03-16 20:57:00,2026-03-16 22:00:00,63.0,2026-03-16,2026-03-16,2026,2026,Monday,Monday,20:57,22:00,1257,1320,NON_WEEKEND,NON_WEEKEND_GAP
2026-03-17 20:57:00,2026-03-17 22:01:00,64.0,2026-03-17,2026-03-17,2026,2026,Tuesday,Tuesday,20:57,22:01,1257,1321,NON_WEEKEND,NON_WEEKEND_GAP
2026-03-18 20:57:00,2026-03-18 22:00:00,63.0,2026-03-18,2026-03-18,2026,2026,Wednesday,Wednesday,20:57,22:00,1257,1320,NON_WEEKEND,NON_WEEKEND_GAP
2026-03-19 20:57:00,2026-03-19 22:01:00,64.0,2026-03-19,2026-03-19,2026,2026,Thursday,Thursday,20:57,22:01,1257,1321,NON_WEEKEND,NON_WEEKEND_GAP
2026-03-20 20:57:00,2026-03-22 22:01:00,2944.0,2026-03-20,2026-03-22,2026,2026,Friday,Sunday,20:57,22:01,1257,1321,WEEKEND_TRANSITION,WEEKEND_TRANSITION
2026-03-23 20:57:00,2026-03-23 22:01:00,64.0,2026-03-23,2026-03-23,2026,2026,Monday,Monday,20:57,22:01,1257,1321,NON_WEEKEND,NON_WEEKEND_GAP
2026-03-24 20:57:00,2026-03-24 22:00:00,63.0,2026-03-24,2026-03-24,2026,2026,Tuesday,Tuesday,20:57,22:00,1257,1320,NON_WEEKEND,NON_WEEKEND_GAP
2026-03-25 20:57:00,2026-03-25 22:00:00,63.0,2026-03-25,2026-03-25,2026,2026,Wednesday,Wednesday,20:57,22:00,1257,1320,NON_WEEKEND,NON_WEEKEND_GAP
2026-03-26 20:57:00,2026-03-26 22:01:00,64.0,2026-03-26,2026-03-26,2026,2026,Thursday,Thursday,20:57,22:01,1257,1321,NON_WEEKEND,NON_WEEKEND_GAP
2026-03-27 20:57:00,2026-03-29 22:04:00,2947.0,2026-03-27,2026-03-29,2026,2026,Friday,Sunday,20:57,22:04,1257,1324,WEEKEND_TRANSITION,WEEKEND_TRANSITION
2026-03-30 20:57:00,2026-03-30 22:00:00,63.0,2026-03-30,2026-03-30,2026,2026,Monday,Monday,20:57,22:00,1257,1320,NON_WEEKEND,NON_WEEKEND_GAP
2026-03-31 20:57:00,2026-03-31 22:00:00,63.0,2026-03-31,2026-03-31,2026,2026,Tuesday,Tuesday,20:57,22:00,1257,1320,NON_WEEKEND,NON_WEEKEND_GAP
2026-04-01 20:57:00,2026-04-01 22:16:00,79.0,2026-04-01,2026-04-01,2026,2026,Wednesday,Wednesday,20:57,22:16,1257,1336,NON_WEEKEND,NON_WEEKEND_GAP
2026-04-02 20:57:00,2026-04-05 22:01:00,4384.0,2026-04-02,2026-04-05,2026,2026,Thursday,Sunday,20:57,22:01,1257,1321,NON_WEEKEND,LONG_EXCEPTIONAL_GAP
2026-04-06 20:57:00,2026-04-06 22:01:00,64.0,2026-04-06,2026-04-06,2026,2026,Monday,Monday,20:57,22:01,1257,1321,NON_WEEKEND,NON_WEEKEND_GAP
2026-04-07 20:57:00,2026-04-07 22:01:00,64.0,2026-04-07,2026-04-07,2026,2026,Tuesday,Tuesday,20:57,22:01,1257,1321,NON_WEEKEND,NON_WEEKEND_GAP
2026-04-08 20:57:00,2026-04-08 22:01:00,64.0,2026-04-08,2026-04-08,2026,2026,Wednesday,Wednesday,20:57,22:01,1257,1321,NON_WEEKEND,NON_WEEKEND_GAP
2026-04-09 20:57:00,2026-04-09 22:01:00,64.0,2026-04-09,2026-04-09,2026,2026,Thursday,Thursday,20:57,22:01,1257,1321,NON_WEEKEND,NON_WEEKEND_GAP
2026-04-10 20:57:00,2026-04-12 22:06:00,2949.0,2026-04-10,2026-04-12,2026,2026,Friday,Sunday,20:57,22:06,1257,1326,WEEKEND_TRANSITION,WEEKEND_TRANSITION
2026-04-13 20:57:00,2026-04-13 22:01:00,64.0,2026-04-13,2026-04-13,2026,2026,Monday,Monday,20:57,22:01,1257,1321,NON_WEEKEND,NON_WEEKEND_GAP
2026-04-14 20:57:00,2026-04-14 22:01:00,64.0,2026-04-14,2026-04-14,2026,2026,Tuesday,Tuesday,20:57,22:01,1257,1321,NON_WEEKEND,NON_WEEKEND_GAP
2026-04-15 20:57:00,2026-04-15 22:02:00,65.0,2026-04-15,2026-04-15,2026,2026,Wednesday,Wednesday,20:57,22:02,1257,1322,NON_WEEKEND,NON_WEEKEND_GAP
2026-04-16 20:57:00,2026-04-16 22:00:00,63.0,2026-04-16,2026-04-16,2026,2026,Thursday,Thursday,20:57,22:00,1257,1320,NON_WEEKEND,NON_WEEKEND_GAP
2026-04-17 20:57:00,2026-04-19 22:01:00,2944.0,2026-04-17,2026-04-19,2026,2026,Friday,Sunday,20:57,22:01,1257,1321,WEEKEND_TRANSITION,WEEKEND_TRANSITION
2026-04-19 22:01:00,2026-04-19 22:03:00,2.0,2026-04-19,2026-04-19,2026,2026,Sunday,Sunday,22:01,22:03,1321,1323,NON_WEEKEND,NON_WEEKEND_GAP
2026-04-20 20:57:00,2026-04-20 22:00:00,63.0,2026-04-20,2026-04-20,2026,2026,Monday,Monday,20:57,22:00,1257,1320,NON_WEEKEND,NON_WEEKEND_GAP
2026-04-21 20:57:00,2026-04-21 22:00:00,63.0,2026-04-21,2026-04-21,2026,2026,Tuesday,Tuesday,20:57,22:00,1257,1320,NON_WEEKEND,NON_WEEKEND_GAP
2026-04-22 20:57:00,2026-04-22 22:00:00,63.0,2026-04-22,2026-04-22,2026,2026,Wednesday,Wednesday,20:57,22:00,1257,1320,NON_WEEKEND,NON_WEEKEND_GAP
2026-04-23 20:57:00,2026-04-23 22:01:00,64.0,2026-04-23,2026-04-23,2026,2026,Thursday,Thursday,20:57,22:01,1257,1321,NON_WEEKEND,NON_WEEKEND_GAP
2026-04-24 20:57:00,2026-04-26 22:02:00,2945.0,2026-04-24,2026-04-26,2026,2026,Friday,Sunday,20:57,22:02,1257,1322,WEEKEND_TRANSITION,WEEKEND_TRANSITION
2026-04-27 20:57:00,2026-04-27 22:01:00,64.0,2026-04-27,2026-04-27,2026,2026,Monday,Monday,20:57,22:01,1257,1321,NON_WEEKEND,NON_WEEKEND_GAP
2026-04-28 20:57:00,2026-04-28 22:01:00,64.0,2026-04-28,2026-04-28,2026,2026,Tuesday,Tuesday,20:57,22:01,1257,1321,NON_WEEKEND,NON_WEEKEND_GAP
2026-04-29 20:57:00,2026-04-29 22:01:00,64.0,2026-04-29,2026-04-29,2026,2026,Wednesday,Wednesday,20:57,22:01,1257,1321,NON_WEEKEND,NON_WEEKEND_GAP
2026-04-30 20:57:00,2026-04-30 22:01:00,64.0,2026-04-30,2026-04-30,2026,2026,Thursday,Thursday,20:57,22:01,1257,1321,NON_WEEKEND,NON_WEEKEND_GAP
2026-05-01 20:57:00,2026-05-03 22:03:00,2946.0,2026-05-01,2026-05-03,2026,2026,Friday,Sunday,20:57,22:03,1257,1323,WEEKEND_TRANSITION,WEEKEND_TRANSITION
2026-05-04 20:57:00,2026-05-04 22:01:00,64.0,2026-05-04,2026-05-04,2026,2026,Monday,Monday,20:57,22:01,1257,1321,NON_WEEKEND,NON_WEEKEND_GAP
2026-05-05 20:57:00,2026-05-05 22:01:00,64.0,2026-05-05,2026-05-05,2026,2026,Tuesday,Tuesday,20:57,22:01,1257,1321,NON_WEEKEND,NON_WEEKEND_GAP
2026-05-06 20:57:00,2026-05-06 22:01:00,64.0,2026-05-06,2026-05-06,2026,2026,Wednesday,Wednesday,20:57,22:01,1257,1321,NON_WEEKEND,NON_WEEKEND_GAP
2026-05-07 20:57:00,2026-05-07 22:01:00,64.0,2026-05-07,2026-05-07,2026,2026,Thursday,Thursday,20:57,22:01,1257,1321,NON_WEEKEND,NON_WEEKEND_GAP
2026-05-08 20:57:00,2026-05-10 22:02:00,2945.0,2026-05-08,2026-05-10,2026,2026,Friday,Sunday,20:57,22:02,1257,1322,WEEKEND_TRANSITION,WEEKEND_TRANSITION
2026-05-11 20:57:00,2026-05-11 22:01:00,64.0,2026-05-11,2026-05-11,2026,2026,Monday,Monday,20:57,22:01,1257,1321,NON_WEEKEND,NON_WEEKEND_GAP
2026-05-12 20:57:00,2026-05-12 22:00:00,63.0,2026-05-12,2026-05-12,2026,2026,Tuesday,Tuesday,20:57,22:00,1257,1320,NON_WEEKEND,NON_WEEKEND_GAP
2026-05-13 20:57:00,2026-05-13 22:00:00,63.0,2026-05-13,2026-05-13,2026,2026,Wednesday,Wednesday,20:57,22:00,1257,1320,NON_WEEKEND,NON_WEEKEND_GAP
2026-05-14 20:57:00,2026-05-14 22:00:00,63.0,2026-05-14,2026-05-14,2026,2026,Thursday,Thursday,20:57,22:00,1257,1320,NON_WEEKEND,NON_WEEKEND_GAP
2026-05-15 20:57:00,2026-05-17 22:02:00,2945.0,2026-05-15,2026-05-17,2026,2026,Friday,Sunday,20:57,22:02,1257,1322,WEEKEND_TRANSITION,WEEKEND_TRANSITION
2026-05-18 20:57:00,2026-05-18 22:00:00,63.0,2026-05-18,2026-05-18,2026,2026,Monday,Monday,20:57,22:00,1257,1320,NON_WEEKEND,NON_WEEKEND_GAP
2026-05-19 20:57:00,2026-05-19 22:00:00,63.0,2026-05-19,2026-05-19,2026,2026,Tuesday,Tuesday,20:57,22:00,1257,1320,NON_WEEKEND,NON_WEEKEND_GAP
2026-05-20 20:57:00,2026-05-20 22:00:00,63.0,2026-05-20,2026-05-20,2026,2026,Wednesday,Wednesday,20:57,22:00,1257,1320,NON_WEEKEND,NON_WEEKEND_GAP
2026-05-21 20:57:00,2026-05-21 22:00:00,63.0,2026-05-21,2026-05-21,2026,2026,Thursday,Thursday,20:57,22:00,1257,1320,NON_WEEKEND,NON_WEEKEND_GAP
2026-05-22 20:57:00,2026-05-24 22:01:00,2944.0,2026-05-22,2026-05-24,2026,2026,Friday,Sunday,20:57,22:01,1257,1321,WEEKEND_TRANSITION,WEEKEND_TRANSITION
2026-05-25 18:29:00,2026-05-25 22:01:00,212.0,2026-05-25,2026-05-25,2026,2026,Monday,Monday,18:29,22:01,1109,1321,NON_WEEKEND,LONG_EXCEPTIONAL_GAP
2026-05-26 20:57:00,2026-05-26 22:02:00,65.0,2026-05-26,2026-05-26,2026,2026,Tuesday,Tuesday,20:57,22:02,1257,1322,NON_WEEKEND,NON_WEEKEND_GAP
2026-05-27 20:57:00,2026-05-27 22:00:00,63.0,2026-05-27,2026-05-27,2026,2026,Wednesday,Wednesday,20:57,22:00,1257,1320,NON_WEEKEND,NON_WEEKEND_GAP
2026-05-28 20:57:00,2026-05-28 22:00:00,63.0,2026-05-28,2026-05-28,2026,2026,Thursday,Thursday,20:57,22:00,1257,1320,NON_WEEKEND,NON_WEEKEND_GAP
2026-05-29 20:57:00,2026-05-31 22:01:00,2944.0,2026-05-29,2026-05-31,2026,2026,Friday,Sunday,20:57,22:01,1257,1321,WEEKEND_TRANSITION,WEEKEND_TRANSITION
2026-06-01 20:57:00,2026-06-01 22:00:00,63.0,2026-06-01,2026-06-01,2026,2026,Monday,Monday,20:57,22:00,1257,1320,NON_WEEKEND,NON_WEEKEND_GAP
2026-06-02 20:57:00,2026-06-02 22:00:00,63.0,2026-06-02,2026-06-02,2026,2026,Tuesday,Tuesday,20:57,22:00,1257,1320,NON_WEEKEND,NON_WEEKEND_GAP
2026-06-03 20:57:00,2026-06-03 22:00:00,63.0,2026-06-03,2026-06-03,2026,2026,Wednesday,Wednesday,20:57,22:00,1257,1320,NON_WEEKEND,NON_WEEKEND_GAP
2026-06-04 20:57:00,2026-06-04 22:00:00,63.0,2026-06-04,2026-06-04,2026,2026,Thursday,Thursday,20:57,22:00,1257,1320,NON_WEEKEND,NON_WEEKEND_GAP
2026-06-05 20:57:00,2026-06-07 22:01:00,2944.0,2026-06-05,2026-06-07,2026,2026,Friday,Sunday,20:57,22:01,1257,1321,WEEKEND_TRANSITION,WEEKEND_TRANSITION
2026-06-08 20:57:00,2026-06-08 22:00:00,63.0,2026-06-08,2026-06-08,2026,2026,Monday,Monday,20:57,22:00,1257,1320,NON_WEEKEND,NON_WEEKEND_GAP
2026-06-09 20:57:00,2026-06-09 22:00:00,63.0,2026-06-09,2026-06-09,2026,2026,Tuesday,Tuesday,20:57,22:00,1257,1320,NON_WEEKEND,NON_WEEKEND_GAP
2026-06-10 20:57:00,2026-06-10 22:00:00,63.0,2026-06-10,2026-06-10,2026,2026,Wednesday,Wednesday,20:57,22:00,1257,1320,NON_WEEKEND,NON_WEEKEND_GAP
2026-06-11 20:57:00,2026-06-11 22:00:00,63.0,2026-06-11,2026-06-11,2026,2026,Thursday,Thursday,20:57,22:00,1257,1320,NON_WEEKEND,NON_WEEKEND_GAP
2026-06-12 20:57:00,2026-06-14 22:02:00,2945.0,2026-06-12,2026-06-14,2026,2026,Friday,Sunday,20:57,22:02,1257,1322,WEEKEND_TRANSITION,WEEKEND_TRANSITION
2026-06-15 20:57:00,2026-06-15 22:00:00,63.0,2026-06-15,2026-06-15,2026,2026,Monday,Monday,20:57,22:00,1257,1320,NON_WEEKEND,NON_WEEKEND_GAP
2026-06-16 20:57:00,2026-06-16 22:00:00,63.0,2026-06-16,2026-06-16,2026,2026,Tuesday,Tuesday,20:57,22:00,1257,1320,NON_WEEKEND,NON_WEEKEND_GAP
2026-06-17 20:57:00,2026-06-17 22:00:00,63.0,2026-06-17,2026-06-17,2026,2026,Wednesday,Wednesday,20:57,22:00,1257,1320,NON_WEEKEND,NON_WEEKEND_GAP
2026-06-18 20:57:00,2026-06-18 22:00:00,63.0,2026-06-18,2026-06-18,2026,2026,Thursday,Thursday,20:57,22:00,1257,1320,NON_WEEKEND,NON_WEEKEND_GAP
2026-06-19 16:59:00,2026-06-21 22:01:00,3182.0,2026-06-19,2026-06-21,2026,2026,Friday,Sunday,16:59,22:01,1019,1321,WEEKEND_TRANSITION,WEEKEND_TRANSITION
2026-06-22 20:57:00,2026-06-22 22:00:00,63.0,2026-06-22,2026-06-22,2026,2026,Monday,Monday,20:57,22:00,1257,1320,NON_WEEKEND,NON_WEEKEND_GAP
2026-06-23 20:57:00,2026-06-23 22:00:00,63.0,2026-06-23,2026-06-23,2026,2026,Tuesday,Tuesday,20:57,22:00,1257,1320,NON_WEEKEND,NON_WEEKEND_GAP
2026-06-24 20:57:00,2026-06-24 22:00:00,63.0,2026-06-24,2026-06-24,2026,2026,Wednesday,Wednesday,20:57,22:00,1257,1320,NON_WEEKEND,NON_WEEKEND_GAP
2026-06-25 20:57:00,2026-06-25 22:00:00,63.0,2026-06-25,2026-06-25,2026,2026,Thursday,Thursday,20:57,22:00,1257,1320,NON_WEEKEND,NON_WEEKEND_GAP
2026-06-26 20:57:00,2026-06-28 22:01:00,2944.0,2026-06-26,2026-06-28,2026,2026,Friday,Sunday,20:57,22:01,1257,1321,WEEKEND_TRANSITION,WEEKEND_TRANSITION
2026-06-29 20:57:00,2026-06-29 22:00:00,63.0,2026-06-29,2026-06-29,2026,2026,Monday,Monday,20:57,22:00,1257,1320,NON_WEEKEND,NON_WEEKEND_GAP
2026-06-30 20:57:00,2026-06-30 22:00:00,63.0,2026-06-30,2026-06-30,2026,2026,Tuesday,Tuesday,20:57,22:00,1257,1320,NON_WEEKEND,NON_WEEKEND_GAP
2026-07-01 20:57:00,2026-07-01 22:00:00,63.0,2026-07-01,2026-07-01,2026,2026,Wednesday,Wednesday,20:57,22:00,1257,1320,NON_WEEKEND,NON_WEEKEND_GAP
2026-07-02 20:57:00,2026-07-02 22:00:00,63.0,2026-07-02,2026-07-02,2026,2026,Thursday,Thursday,20:57,22:00,1257,1320,NON_WEEKEND,NON_WEEKEND_GAP
2026-07-03 16:59:00,2026-07-05 22:01:00,3182.0,2026-07-03,2026-07-05,2026,2026,Friday,Sunday,16:59,22:01,1019,1321,WEEKEND_TRANSITION,WEEKEND_TRANSITION
2026-07-06 20:57:00,2026-07-06 22:00:00,63.0,2026-07-06,2026-07-06,2026,2026,Monday,Monday,20:57,22:00,1257,1320,NON_WEEKEND,NON_WEEKEND_GAP
2026-07-07 20:57:00,2026-07-07 22:00:00,63.0,2026-07-07,2026-07-07,2026,2026,Tuesday,Tuesday,20:57,22:00,1257,1320,NON_WEEKEND,NON_WEEKEND_GAP
2026-07-08 20:57:00,2026-07-08 22:00:00,63.0,2026-07-08,2026-07-08,2026,2026,Wednesday,Wednesday,20:57,22:00,1257,1320,NON_WEEKEND,NON_WEEKEND_GAP
2026-07-09 20:57:00,2026-07-09 22:00:00,63.0,2026-07-09,2026-07-09,2026,2026,Thursday,Thursday,20:57,22:00,1257,1320,NON_WEEKEND,NON_WEEKEND_GAP
2026-07-10 20:57:00,2026-07-12 22:01:00,2944.0,2026-07-10,2026-07-12,2026,2026,Friday,Sunday,20:57,22:01,1257,1321,WEEKEND_TRANSITION,WEEKEND_TRANSITION
2026-07-13 20:57:00,2026-07-13 22:00:00,63.0,2026-07-13,2026-07-13,2026,2026,Monday,Monday,20:57,22:00,1257,1320,NON_WEEKEND,NON_WEEKEND_GAP
2026-07-14 20:57:00,2026-07-14 22:00:00,63.0,2026-07-14,2026-07-14,2026,2026,Tuesday,Tuesday,20:57,22:00,1257,1320,NON_WEEKEND,NON_WEEKEND_GAP
2026-07-15 20:57:00,2026-07-15 22:00:00,63.0,2026-07-15,2026-07-15,2026,2026,Wednesday,Wednesday,20:57,22:00,1257,1320,NON_WEEKEND,NON_WEEKEND_GAP
2026-07-16 20:57:00,2026-07-16 22:00:00,63.0,2026-07-16,2026-07-16,2026,2026,Thursday,Thursday,20:57,22:00,1257,1320,NON_WEEKEND,NON_WEEKEND_GAP
2026-07-17 20:57:00,2026-07-19 22:01:00,2944.0,2026-07-17,2026-07-19,2026,2026,Friday,Sunday,20:57,22:01,1257,1321,WEEKEND_TRANSITION,WEEKEND_TRANSITION
2026-07-20 20:57:00,2026-07-20 22:00:00,63.0,2026-07-20,2026-07-20,2026,2026,Monday,Monday,20:57,22:00,1257,1320,NON_WEEKEND,NON_WEEKEND_GAP
2026-07-21 20:57:00,2026-07-21 22:00:00,63.0,2026-07-21,2026-07-21,2026,2026,Tuesday,Tuesday,20:57,22:00,1257,1320,NON_WEEKEND,NON_WEEKEND_GAP
2026-07-22 20:57:00,2026-07-22 22:00:00,63.0,2026-07-22,2026-07-22,2026,2026,Wednesday,Wednesday,20:57,22:00,1257,1320,NON_WEEKEND,NON_WEEKEND_GAP
2026-07-23 20:57:00,2026-07-23 22:00:00,63.0,2026-07-23,2026-07-23,2026,2026,Thursday,Thursday,20:57,22:00,1257,1320,NON_WEEKEND,NON_WEEKEND_GAP
2026-07-24 20:57:00,2026-07-26 22:01:00,2944.0,2026-07-24,2026-07-26,2026,2026,Friday,Sunday,20:57,22:01,1257,1321,WEEKEND_TRANSITION,WEEKEND_TRANSITION
2026-07-27 20:57:00,2026-07-27 22:00:00,63.0,2026-07-27,2026-07-27,2026,2026,Monday,Monday,20:57,22:00,1257,1320,NON_WEEKEND,NON_WEEKEND_GAP
2026-07-28 20:57:00,2026-07-28 22:00:00,63.0,2026-07-28,2026-07-28,2026,2026,Tuesday,Tuesday,20:57,22:00,1257,1320,NON_WEEKEND,NON_WEEKEND_GAP
2026-07-29 20:57:00,2026-07-29 22:00:00,63.0,2026-07-29,2026-07-29,2026,2026,Wednesday,Wednesday,20:57,22:00,1257,1320,NON_WEEKEND,NON_WEEKEND_GAP
2026-07-30 20:57:00,2026-07-30 22:00:00,63.0,2026-07-30,2026-07-30,2026,2026,Thursday,Thursday,20:57,22:00,1257,1320,NON_WEEKEND,NON_WEEKEND_GAP
2026-07-31 20:57:00,2026-08-02 22:01:00,2944.0,2026-07-31,2026-08-02,2026,2026,Friday,Sunday,20:57,22:01,1257,1321,WEEKEND_TRANSITION,WEEKEND_TRANSITION
2026-08-03 20:57:00,2026-08-03 22:00:00,63.0,2026-08-03,2026-08-03,2026,2026,Monday,Monday,20:57,22:00,1257,1320,NON_WEEKEND,NON_WEEKEND_GAP
2026-08-04 20:57:00,2026-08-04 22:00:00,63.0,2026-08-04,2026-08-04,2026,2026,Tuesday,Tuesday,20:57,22:00,1257,1320,NON_WEEKEND,NON_WEEKEND_GAP
2026-08-05 20:57:00,2026-08-05 22:00:00,63.0,2026-08-05,2026-08-05,2026,2026,Wednesday,Wednesday,20:57,22:00,1257,1320,NON_WEEKEND,NON_WEEKEND_GAP
2026-08-06 20:57:00,2026-08-06 22:00:00,63.0,2026-08-06,2026-08-06,2026,2026,Thursday,Thursday,20:57,22:00,1257,1320,NON_WEEKEND,NON_WEEKEND_GAP
2026-08-07 20:57:00,2026-08-09 22:01:00,2944.0,2026-08-07,2026-08-09,2026,2026,Friday,Sunday,20:57,22:01,1257,1321,WEEKEND_TRANSITION,WEEKEND_TRANSITION
2026-08-10 20:57:00,2026-08-10 22:00:00,63.0,2026-08-10,2026-08-10,2026,2026,Monday,Monday,20:57,22:00,1257,1320,NON_WEEKEND,NON_WEEKEND_GAP
2026-08-11 20:57:00,2026-08-11 22:00:00,63.0,2026-08-11,2026-08-11,2026,2026,Tuesday,Tuesday,20:57,22:00,1257,1320,NON_WEEKEND,NON_WEEKEND_GAP
2026-08-12 20:57:00,2026-08-12 22:00:00,63.0,2026-08-12,2026-08-12,2026,2026,Wednesday,Wednesday,20:57,22:00,1257,1320,NON_WEEKEND,NON_WEEKEND_GAP
