previous_index,current_index,previous,current,gap_minutes,previous_weekday,current_weekday,previous_date,current_date,previous_year,current_year,previous_time,current_time,previous_hour,current_hour,gap_type,duration_cluster,pattern_signature
769,770,2021-08-17 12:49:00,2021-08-17 12:53:00,4.0,Tuesday,Tuesday,2021-08-17,2021-08-17,2021,2021,12:49,12:53,12,12,NON_WEEKEND_GAP,4,12:49 -> 12:53 | 4m
1255,1256,2021-08-17 20:58:00,2021-08-17 22:00:00,62.0,Tuesday,Tuesday,2021-08-17,2021-08-17,2021,2021,20:58,22:00,20,22,NON_WEEKEND_GAP,62,20:58 -> 22:00 | 62m
2634,2635,2021-08-18 20:58:00,2021-08-18 22:00:00,62.0,Wednesday,Wednesday,2021-08-18,2021-08-18,2021,2021,20:58,22:00,20,22,NON_WEEKEND_GAP,62,20:58 -> 22:00 | 62m
4013,4014,2021-08-19 20:58:00,2021-08-19 22:00:00,62.0,Thursday,Thursday,2021-08-19,2021-08-19,2021,2021,20:58,22:00,20,22,NON_WEEKEND_GAP,62,20:58 -> 22:00 | 62m
5392,5393,2021-08-20 20:58:00,2021-08-22 22:00:00,2942.0,Friday,Sunday,2021-08-20,2021-08-22,2021,2021,20:58,22:00,20,22,WEEKEND_TRANSITION,2942,20:58 -> 22:00 | 2942m
5393,5394,2021-08-22 22:00:00,2021-08-22 22:05:00,5.0,Sunday,Sunday,2021-08-22,2021-08-22,2021,2021,22:00,22:05,22,22,WEEKEND_TRANSITION,4,22:00 -> 22:05 | 4m
6767,6768,2021-08-23 20:58:00,2021-08-23 22:00:00,62.0,Monday,Monday,2021-08-23,2021-08-23,2021,2021,20:58,22:00,20,22,NON_WEEKEND_GAP,62,20:58 -> 22:00 | 62m
8146,8147,2021-08-24 20:58:00,2021-08-24 22:00:00,62.0,Tuesday,Tuesday,2021-08-24,2021-08-24,2021,2021,20:58,22:00,20,22,NON_WEEKEND_GAP,62,20:58 -> 22:00 | 62m
8976,8977,2021-08-25 11:49:00,2021-08-25 11:51:00,2.0,Wednesday,Wednesday,2021-08-25,2021-08-25,2021,2021,11:49,11:51,11,11,NON_WEEKEND_GAP,2,11:49 -> 11:51 | 2m
9524,9525,2021-08-25 20:58:00,2021-08-25 22:00:00,62.0,Wednesday,Wednesday,2021-08-25,2021-08-25,2021,2021,20:58,22:00,20,22,NON_WEEKEND_GAP,62,20:58 -> 22:00 | 62m
10903,10904,2021-08-26 20:58:00,2021-08-26 22:00:00,62.0,Thursday,Thursday,2021-08-26,2021-08-26,2021,2021,20:58,22:00,20,22,NON_WEEKEND_GAP,62,20:58 -> 22:00 | 62m
12282,12283,2021-08-27 20:58:00,2021-08-29 22:00:00,2942.0,Friday,Sunday,2021-08-27,2021-08-29,2021,2021,20:58,22:00,20,22,WEEKEND_TRANSITION,2942,20:58 -> 22:00 | 2942m
12283,12284,2021-08-29 22:00:00,2021-08-29 22:05:00,5.0,Sunday,Sunday,2021-08-29,2021-08-29,2021,2021,22:00,22:05,22,22,WEEKEND_TRANSITION,4,22:00 -> 22:05 | 4m
13657,13658,2021-08-30 20:58:00,2021-08-30 22:00:00,62.0,Monday,Monday,2021-08-30,2021-08-30,2021,2021,20:58,22:00,20,22,NON_WEEKEND_GAP,62,20:58 -> 22:00 | 62m
15036,15037,2021-08-31 20:58:00,2021-08-31 22:00:00,62.0,Tuesday,Tuesday,2021-08-31,2021-08-31,2021,2021,20:58,22:00,20,22,NON_WEEKEND_GAP,62,20:58 -> 22:00 | 62m
16415,16416,2021-09-01 20:58:00,2021-09-01 22:00:00,62.0,Wednesday,Wednesday,2021-09-01,2021-09-01,2021,2021,20:58,22:00,20,22,NON_WEEKEND_GAP,62,20:58 -> 22:00 | 62m
17794,17795,2021-09-02 20:58:00,2021-09-02 22:00:00,62.0,Thursday,Thursday,2021-09-02,2021-09-02,2021,2021,20:58,22:00,20,22,NON_WEEKEND_GAP,62,20:58 -> 22:00 | 62m
19173,19174,2021-09-03 20:58:00,2021-09-05 22:00:00,2942.0,Friday,Sunday,2021-09-03,2021-09-05,2021,2021,20:58,22:00,20,22,WEEKEND_TRANSITION,2942,20:58 -> 22:00 | 2942m
19174,19175,2021-09-05 22:00:00,2021-09-05 22:05:00,5.0,Sunday,Sunday,2021-09-05,2021-09-05,2021,2021,22:00,22:05,22,22,WEEKEND_TRANSITION,4,22:00 -> 22:05 | 4m
20313,20314,2021-09-06 17:03:00,2021-09-06 17:06:00,3.0,Monday,Monday,2021-09-06,2021-09-06,2021,2021,17:03,17:06,17,17,NON_WEEKEND_GAP,4,17:03 -> 17:06 | 4m
20314,20315,2021-09-06 17:06:00,2021-09-06 22:00:00,294.0,Monday,Monday,2021-09-06,2021-09-06,2021,2021,17:06,22:00,17,22,LONG_EXCEPTIONAL_GAP,294,17:06 -> 22:00 | 294m
20328,20329,2021-09-06 22:13:00,2021-09-06 22:15:00,2.0,Monday,Monday,2021-09-06,2021-09-06,2021,2021,22:13,22:15,22,22,NON_WEEKEND_GAP,2,22:13 -> 22:15 | 2m
21692,21693,2021-09-07 20:58:00,2021-09-07 22:00:00,62.0,Tuesday,Tuesday,2021-09-07,2021-09-07,2021,2021,20:58,22:00,20,22,NON_WEEKEND_GAP,62,20:58 -> 22:00 | 62m
21693,21694,2021-09-07 22:00:00,2021-09-07 22:02:00,2.0,Tuesday,Tuesday,2021-09-07,2021-09-07,2021,2021,22:00,22:02,22,22,NON_WEEKEND_GAP,2,22:00 -> 22:02 | 2m
23070,23071,2021-09-08 20:58:00,2021-09-08 22:00:00,62.0,Wednesday,Wednesday,2021-09-08,2021-09-08,2021,2021,20:58,22:00,20,22,NON_WEEKEND_GAP,62,20:58 -> 22:00 | 62m
24449,24450,2021-09-09 20:58:00,2021-09-09 22:00:00,62.0,Thursday,Thursday,2021-09-09,2021-09-09,2021,2021,20:58,22:00,20,22,NON_WEEKEND_GAP,62,20:58 -> 22:00 | 62m
25828,25829,2021-09-10 20:58:00,2021-09-12 22:00:00,2942.0,Friday,Sunday,2021-09-10,2021-09-12,2021,2021,20:58,22:00,20,22,WEEKEND_TRANSITION,2942,20:58 -> 22:00 | 2942m
25829,25830,2021-09-12 22:00:00,2021-09-12 22:05:00,5.0,Sunday,Sunday,2021-09-12,2021-09-12,2021,2021,22:00,22:05,22,22,WEEKEND_TRANSITION,4,22:00 -> 22:05 | 4m
27203,27204,2021-09-13 20:58:00,2021-09-13 22:00:00,62.0,Monday,Monday,2021-09-13,2021-09-13,2021,2021,20:58,22:00,20,22,NON_WEEKEND_GAP,62,20:58 -> 22:00 | 62m
28582,28583,2021-09-14 20:58:00,2021-09-14 22:00:00,62.0,Tuesday,Tuesday,2021-09-14,2021-09-14,2021,2021,20:58,22:00,20,22,NON_WEEKEND_GAP,62,20:58 -> 22:00 | 62m
29961,29962,2021-09-15 20:58:00,2021-09-15 22:00:00,62.0,Wednesday,Wednesday,2021-09-15,2021-09-15,2021,2021,20:58,22:00,20,22,NON_WEEKEND_GAP,62,20:58 -> 22:00 | 62m
31340,31341,2021-09-16 20:58:00,2021-09-16 22:00:00,62.0,Thursday,Thursday,2021-09-16,2021-09-16,2021,2021,20:58,22:00,20,22,NON_WEEKEND_GAP,62,20:58 -> 22:00 | 62m
32719,32720,2021-09-17 20:58:00,2021-09-19 22:00:00,2942.0,Friday,Sunday,2021-09-17,2021-09-19,2021,2021,20:58,22:00,20,22,WEEKEND_TRANSITION,2942,20:58 -> 22:00 | 2942m
32720,32721,2021-09-19 22:00:00,2021-09-19 22:05:00,5.0,Sunday,Sunday,2021-09-19,2021-09-19,2021,2021,22:00,22:05,22,22,WEEKEND_TRANSITION,4,22:00 -> 22:05 | 4m
34094,34095,2021-09-20 20:58:00,2021-09-20 22:00:00,62.0,Monday,Monday,2021-09-20,2021-09-20,2021,2021,20:58,22:00,20,22,NON_WEEKEND_GAP,62,20:58 -> 22:00 | 62m
35473,35474,2021-09-21 20:58:00,2021-09-21 22:00:00,62.0,Tuesday,Tuesday,2021-09-21,2021-09-21,2021,2021,20:58,22:00,20,22,NON_WEEKEND_GAP,62,20:58 -> 22:00 | 62m
36852,36853,2021-09-22 20:58:00,2021-09-22 22:00:00,62.0,Wednesday,Wednesday,2021-09-22,2021-09-22,2021,2021,20:58,22:00,20,22,NON_WEEKEND_GAP,62,20:58 -> 22:00 | 62m
38231,38232,2021-09-23 20:58:00,2021-09-23 22:00:00,62.0,Thursday,Thursday,2021-09-23,2021-09-23,2021,2021,20:58,22:00,20,22,NON_WEEKEND_GAP,62,20:58 -> 22:00 | 62m
39610,39611,2021-09-24 20:58:00,2021-09-26 22:00:00,2942.0,Friday,Sunday,2021-09-24,2021-09-26,2021,2021,20:58,22:00,20,22,WEEKEND_TRANSITION,2942,20:58 -> 22:00 | 2942m
39611,39612,2021-09-26 22:00:00,2021-09-26 22:05:00,5.0,Sunday,Sunday,2021-09-26,2021-09-26,2021,2021,22:00,22:05,22,22,WEEKEND_TRANSITION,4,22:00 -> 22:05 | 4m
40985,40986,2021-09-27 20:58:00,2021-09-27 22:00:00,62.0,Monday,Monday,2021-09-27,2021-09-27,2021,2021,20:58,22:00,20,22,NON_WEEKEND_GAP,62,20:58 -> 22:00 | 62m
42364,42365,2021-09-28 20:58:00,2021-09-28 22:00:00,62.0,Tuesday,Tuesday,2021-09-28,2021-09-28,2021,2021,20:58,22:00,20,22,NON_WEEKEND_GAP,62,20:58 -> 22:00 | 62m
43743,43744,2021-09-29 20:58:00,2021-09-29 22:00:00,62.0,Wednesday,Wednesday,2021-09-29,2021-09-29,2021,2021,20:58,22:00,20,22,NON_WEEKEND_GAP,62,20:58 -> 22:00 | 62m
45122,45123,2021-09-30 20:58:00,2021-09-30 22:00:00,62.0,Thursday,Thursday,2021-09-30,2021-09-30,2021,2021,20:58,22:00,20,22,NON_WEEKEND_GAP,62,20:58 -> 22:00 | 62m
46501,46502,2021-10-01 20:58:00,2021-10-03 22:00:00,2942.0,Friday,Sunday,2021-10-01,2021-10-03,2021,2021,20:58,22:00,20,22,WEEKEND_TRANSITION,2942,20:58 -> 22:00 | 2942m
46502,46503,2021-10-03 22:00:00,2021-10-03 22:05:00,5.0,Sunday,Sunday,2021-10-03,2021-10-03,2021,2021,22:00,22:05,22,22,WEEKEND_TRANSITION,4,22:00 -> 22:05 | 4m
47876,47877,2021-10-04 20:58:00,2021-10-04 22:00:00,62.0,Monday,Monday,2021-10-04,2021-10-04,2021,2021,20:58,22:00,20,22,NON_WEEKEND_GAP,62,20:58 -> 22:00 | 62m
49255,49256,2021-10-05 20:58:00,2021-10-05 22:00:00,62.0,Tuesday,Tuesday,2021-10-05,2021-10-05,2021,2021,20:58,22:00,20,22,NON_WEEKEND_GAP,62,20:58 -> 22:00 | 62m
50634,50635,2021-10-06 20:58:00,2021-10-06 22:00:00,62.0,Wednesday,Wednesday,2021-10-06,2021-10-06,2021,2021,20:58,22:00,20,22,NON_WEEKEND_GAP,62,20:58 -> 22:00 | 62m
50684,50685,2021-10-06 22:49:00,2021-10-06 22:51:00,2.0,Wednesday,Wednesday,2021-10-06,2021-10-06,2021,2021,22:49,22:51,22,22,NON_WEEKEND_GAP,2,22:49 -> 22:51 | 2m
52012,52013,2021-10-07 20:58:00,2021-10-07 22:00:00,62.0,Thursday,Thursday,2021-10-07,2021-10-07,2021,2021,20:58,22:00,20,22,NON_WEEKEND_GAP,62,20:58 -> 22:00 | 62m
52104,52105,2021-10-07 23:31:00,2021-10-07 23:33:00,2.0,Thursday,Thursday,2021-10-07,2021-10-07,2021,2021,23:31,23:33,23,23,NON_WEEKEND_GAP,2,23:31 -> 23:33 | 2m
53390,53391,2021-10-08 20:58:00,2021-10-10 22:00:00,2942.0,Friday,Sunday,2021-10-08,2021-10-10,2021,2021,20:58,22:00,20,22,WEEKEND_TRANSITION,2942,20:58 -> 22:00 | 2942m
53391,53392,2021-10-10 22:00:00,2021-10-10 22:05:00,5.0,Sunday,Sunday,2021-10-10,2021-10-10,2021,2021,22:00,22:05,22,22,WEEKEND_TRANSITION,4,22:00 -> 22:05 | 4m
54765,54766,2021-10-11 20:58:00,2021-10-11 22:00:00,62.0,Monday,Monday,2021-10-11,2021-10-11,2021,2021,20:58,22:00,20,22,NON_WEEKEND_GAP,62,20:58 -> 22:00 | 62m
55557,55558,2021-10-12 11:11:00,2021-10-12 11:13:00,2.0,Tuesday,Tuesday,2021-10-12,2021-10-12,2021,2021,11:11,11:13,11,11,NON_WEEKEND_GAP,2,11:11 -> 11:13 | 2m
56143,56144,2021-10-12 20:58:00,2021-10-12 22:00:00,62.0,Tuesday,Tuesday,2021-10-12,2021-10-12,2021,2021,20:58,22:00,20,22,NON_WEEKEND_GAP,62,20:58 -> 22:00 | 62m
57522,57523,2021-10-13 20:58:00,2021-10-13 22:00:00,62.0,Wednesday,Wednesday,2021-10-13,2021-10-13,2021,2021,20:58,22:00,20,22,NON_WEEKEND_GAP,62,20:58 -> 22:00 | 62m
58901,58902,2021-10-14 20:58:00,2021-10-14 22:00:00,62.0,Thursday,Thursday,2021-10-14,2021-10-14,2021,2021,20:58,22:00,20,22,NON_WEEKEND_GAP,62,20:58 -> 22:00 | 62m
60280,60281,2021-10-15 20:58:00,2021-10-17 22:00:00,2942.0,Friday,Sunday,2021-10-15,2021-10-17,2021,2021,20:58,22:00,20,22,WEEKEND_TRANSITION,2942,20:58 -> 22:00 | 2942m
60281,60282,2021-10-17 22:00:00,2021-10-17 22:05:00,5.0,Sunday,Sunday,2021-10-17,2021-10-17,2021,2021,22:00,22:05,22,22,WEEKEND_TRANSITION,4,22:00 -> 22:05 | 4m
61655,61656,2021-10-18 20:58:00,2021-10-18 22:00:00,62.0,Monday,Monday,2021-10-18,2021-10-18,2021,2021,20:58,22:00,20,22,NON_WEEKEND_GAP,62,20:58 -> 22:00 | 62m
61727,61728,2021-10-18 23:11:00,2021-10-18 23:13:00,2.0,Monday,Monday,2021-10-18,2021-10-18,2021,2021,23:11,23:13,23,23,NON_WEEKEND_GAP,2,23:11 -> 23:13 | 2m
63033,63034,2021-10-19 20:58:00,2021-10-19 22:01:00,63.0,Tuesday,Tuesday,2021-10-19,2021-10-19,2021,2021,20:58,22:01,20,22,NON_WEEKEND_GAP,64,20:58 -> 22:01 | 64m
64411,64412,2021-10-20 20:58:00,2021-10-20 22:01:00,63.0,Wednesday,Wednesday,2021-10-20,2021-10-20,2021,2021,20:58,22:01,20,22,NON_WEEKEND_GAP,64,20:58 -> 22:01 | 64m
65789,65790,2021-10-21 20:58:00,2021-10-21 22:01:00,63.0,Thursday,Thursday,2021-10-21,2021-10-21,2021,2021,20:58,22:01,20,22,NON_WEEKEND_GAP,64,20:58 -> 22:01 | 64m
67167,67168,2021-10-22 20:58:00,2021-10-24 22:05:00,2947.0,Friday,Sunday,2021-10-22,2021-10-24,2021,2021,20:58,22:05,20,22,WEEKEND_TRANSITION,2948,20:58 -> 22:05 | 2948m
68541,68542,2021-10-25 20:58:00,2021-10-25 22:01:00,63.0,Monday,Monday,2021-10-25,2021-10-25,2021,2021,20:58,22:01,20,22,NON_WEEKEND_GAP,64,20:58 -> 22:01 | 64m
69919,69920,2021-10-26 20:58:00,2021-10-26 22:01:00,63.0,Tuesday,Tuesday,2021-10-26,2021-10-26,2021,2021,20:58,22:01,20,22,NON_WEEKEND_GAP,64,20:58 -> 22:01 | 64m
71297,71298,2021-10-27 20:58:00,2021-10-27 22:01:00,63.0,Wednesday,Wednesday,2021-10-27,2021-10-27,2021,2021,20:58,22:01,20,22,NON_WEEKEND_GAP,64,20:58 -> 22:01 | 64m
72675,72676,2021-10-28 20:58:00,2021-10-28 22:01:00,63.0,Thursday,Thursday,2021-10-28,2021-10-28,2021,2021,20:58,22:01,20,22,NON_WEEKEND_GAP,64,20:58 -> 22:01 | 64m
74053,74054,2021-10-29 20:58:00,2021-10-31 22:05:00,2947.0,Friday,Sunday,2021-10-29,2021-10-31,2021,2021,20:58,22:05,20,22,WEEKEND_TRANSITION,2948,20:58 -> 22:05 | 2948m
75427,75428,2021-11-01 20:58:00,2021-11-01 22:01:00,63.0,Monday,Monday,2021-11-01,2021-11-01,2021,2021,20:58,22:01,20,22,NON_WEEKEND_GAP,64,20:58 -> 22:01 | 64m
76805,76806,2021-11-02 20:58:00,2021-11-02 22:01:00,63.0,Tuesday,Tuesday,2021-11-02,2021-11-02,2021,2021,20:58,22:01,20,22,NON_WEEKEND_GAP,64,20:58 -> 22:01 | 64m
78183,78184,2021-11-03 20:58:00,2021-11-03 22:01:00,63.0,Wednesday,Wednesday,2021-11-03,2021-11-03,2021,2021,20:58,22:01,20,22,NON_WEEKEND_GAP,64,20:58 -> 22:01 | 64m
79561,79562,2021-11-04 20:58:00,2021-11-04 22:01:00,63.0,Thursday,Thursday,2021-11-04,2021-11-04,2021,2021,20:58,22:01,20,22,NON_WEEKEND_GAP,64,20:58 -> 22:01 | 64m
80939,80940,2021-11-05 20:58:00,2021-11-07 23:05:00,3007.0,Friday,Sunday,2021-11-05,2021-11-07,2021,2021,20:58,23:05,20,23,WEEKEND_TRANSITION,3008,20:58 -> 23:05 | 3008m
82313,82314,2021-11-08 21:58:00,2021-11-08 23:01:00,63.0,Monday,Monday,2021-11-08,2021-11-08,2021,2021,21:58,23:01,21,23,NON_WEEKEND_GAP,64,21:58 -> 23:01 | 64m
83691,83692,2021-11-09 21:58:00,2021-11-09 23:01:00,63.0,Tuesday,Tuesday,2021-11-09,2021-11-09,2021,2021,21:58,23:01,21,23,NON_WEEKEND_GAP,64,21:58 -> 23:01 | 64m
85069,85070,2021-11-10 21:58:00,2021-11-10 23:01:00,63.0,Wednesday,Wednesday,2021-11-10,2021-11-10,2021,2021,21:58,23:01,21,23,NON_WEEKEND_GAP,64,21:58 -> 23:01 | 64m
86447,86448,2021-11-11 21:58:00,2021-11-11 23:01:00,63.0,Thursday,Thursday,2021-11-11,2021-11-11,2021,2021,21:58,23:01,21,23,NON_WEEKEND_GAP,64,21:58 -> 23:01 | 64m
87825,87826,2021-11-12 21:58:00,2021-11-14 23:05:00,2947.0,Friday,Sunday,2021-11-12,2021-11-14,2021,2021,21:58,23:05,21,23,WEEKEND_TRANSITION,2948,21:58 -> 23:05 | 2948m
89199,89200,2021-11-15 21:58:00,2021-11-15 23:01:00,63.0,Monday,Monday,2021-11-15,2021-11-15,2021,2021,21:58,23:01,21,23,NON_WEEKEND_GAP,64,21:58 -> 23:01 | 64m
90577,90578,2021-11-16 21:58:00,2021-11-16 23:01:00,63.0,Tuesday,Tuesday,2021-11-16,2021-11-16,2021,2021,21:58,23:01,21,23,NON_WEEKEND_GAP,64,21:58 -> 23:01 | 64m
91955,91956,2021-11-17 21:58:00,2021-11-17 23:01:00,63.0,Wednesday,Wednesday,2021-11-17,2021-11-17,2021,2021,21:58,23:01,21,23,NON_WEEKEND_GAP,64,21:58 -> 23:01 | 64m
93333,93334,2021-11-18 21:58:00,2021-11-18 23:01:00,63.0,Thursday,Thursday,2021-11-18,2021-11-18,2021,2021,21:58,23:01,21,23,NON_WEEKEND_GAP,64,21:58 -> 23:01 | 64m
94711,94712,2021-11-19 21:58:00,2021-11-21 23:05:00,2947.0,Friday,Sunday,2021-11-19,2021-11-21,2021,2021,21:58,23:05,21,23,WEEKEND_TRANSITION,2948,21:58 -> 23:05 | 2948m
96085,96086,2021-11-22 21:58:00,2021-11-22 23:01:00,63.0,Monday,Monday,2021-11-22,2021-11-22,2021,2021,21:58,23:01,21,23,NON_WEEKEND_GAP,64,21:58 -> 23:01 | 64m
97463,97464,2021-11-23 21:58:00,2021-11-23 23:01:00,63.0,Tuesday,Tuesday,2021-11-23,2021-11-23,2021,2021,21:58,23:01,21,23,NON_WEEKEND_GAP,64,21:58 -> 23:01 | 64m
98841,98842,2021-11-24 21:58:00,2021-11-24 23:01:00,63.0,Wednesday,Wednesday,2021-11-24,2021-11-24,2021,2021,21:58,23:01,21,23,NON_WEEKEND_GAP,64,21:58 -> 23:01 | 64m
99965,99966,2021-11-25 17:44:00,2021-11-25 23:01:00,317.0,Thursday,Thursday,2021-11-25,2021-11-25,2021,2021,17:44,23:01,17,23,LONG_EXCEPTIONAL_GAP,316,17:44 -> 23:01 | 316m
101134,101135,2021-11-26 18:29:00,2021-11-28 23:05:00,3156.0,Friday,Sunday,2021-11-26,2021-11-28,2021,2021,18:29,23:05,18,23,WEEKEND_TRANSITION,3156,18:29 -> 23:05 | 3156m
102508,102509,2021-11-29 21:58:00,2021-11-29 23:01:00,63.0,Monday,Monday,2021-11-29,2021-11-29,2021,2021,21:58,23:01,21,23,NON_WEEKEND_GAP,64,21:58 -> 23:01 | 64m
103886,103887,2021-11-30 21:58:00,2021-11-30 23:01:00,63.0,Tuesday,Tuesday,2021-11-30,2021-11-30,2021,2021,21:58,23:01,21,23,NON_WEEKEND_GAP,64,21:58 -> 23:01 | 64m
105264,105265,2021-12-01 21:58:00,2021-12-01 23:01:00,63.0,Wednesday,Wednesday,2021-12-01,2021-12-01,2021,2021,21:58,23:01,21,23,NON_WEEKEND_GAP,64,21:58 -> 23:01 | 64m
106642,106643,2021-12-02 21:58:00,2021-12-02 23:01:00,63.0,Thursday,Thursday,2021-12-02,2021-12-02,2021,2021,21:58,23:01,21,23,NON_WEEKEND_GAP,64,21:58 -> 23:01 | 64m
108020,108021,2021-12-03 21:58:00,2021-12-05 23:05:00,2947.0,Friday,Sunday,2021-12-03,2021-12-05,2021,2021,21:58,23:05,21,23,WEEKEND_TRANSITION,2948,21:58 -> 23:05 | 2948m
109394,109395,2021-12-06 21:58:00,2021-12-06 23:01:00,63.0,Monday,Monday,2021-12-06,2021-12-06,2021,2021,21:58,23:01,21,23,NON_WEEKEND_GAP,64,21:58 -> 23:01 | 64m
110772,110773,2021-12-07 21:58:00,2021-12-07 23:01:00,63.0,Tuesday,Tuesday,2021-12-07,2021-12-07,2021,2021,21:58,23:01,21,23,NON_WEEKEND_GAP,64,21:58 -> 23:01 | 64m
112150,112151,2021-12-08 21:58:00,2021-12-08 23:01:00,63.0,Wednesday,Wednesday,2021-12-08,2021-12-08,2021,2021,21:58,23:01,21,23,NON_WEEKEND_GAP,64,21:58 -> 23:01 | 64m
113528,113529,2021-12-09 21:58:00,2021-12-09 23:01:00,63.0,Thursday,Thursday,2021-12-09,2021-12-09,2021,2021,21:58,23:01,21,23,NON_WEEKEND_GAP,64,21:58 -> 23:01 | 64m
114906,114907,2021-12-10 21:58:00,2021-12-12 23:05:00,2947.0,Friday,Sunday,2021-12-10,2021-12-12,2021,2021,21:58,23:05,21,23,WEEKEND_TRANSITION,2948,21:58 -> 23:05 | 2948m
116280,116281,2021-12-13 21:58:00,2021-12-13 23:01:00,63.0,Monday,Monday,2021-12-13,2021-12-13,2021,2021,21:58,23:01,21,23,NON_WEEKEND_GAP,64,21:58 -> 23:01 | 64m
117658,117659,2021-12-14 21:58:00,2021-12-14 23:01:00,63.0,Tuesday,Tuesday,2021-12-14,2021-12-14,2021,2021,21:58,23:01,21,23,NON_WEEKEND_GAP,64,21:58 -> 23:01 | 64m
119036,119037,2021-12-15 21:58:00,2021-12-15 23:01:00,63.0,Wednesday,Wednesday,2021-12-15,2021-12-15,2021,2021,21:58,23:01,21,23,NON_WEEKEND_GAP,64,21:58 -> 23:01 | 64m
120414,120415,2021-12-16 21:58:00,2021-12-16 23:01:00,63.0,Thursday,Thursday,2021-12-16,2021-12-16,2021,2021,21:58,23:01,21,23,NON_WEEKEND_GAP,64,21:58 -> 23:01 | 64m
121792,121793,2021-12-17 21:58:00,2021-12-19 23:05:00,2947.0,Friday,Sunday,2021-12-17,2021-12-19,2021,2021,21:58,23:05,21,23,WEEKEND_TRANSITION,2948,21:58 -> 23:05 | 2948m
123166,123167,2021-12-20 21:58:00,2021-12-20 23:01:00,63.0,Monday,Monday,2021-12-20,2021-12-20,2021,2021,21:58,23:01,21,23,NON_WEEKEND_GAP,64,21:58 -> 23:01 | 64m
124544,124545,2021-12-21 21:58:00,2021-12-21 23:01:00,63.0,Tuesday,Tuesday,2021-12-21,2021-12-21,2021,2021,21:58,23:01,21,23,NON_WEEKEND_GAP,64,21:58 -> 23:01 | 64m
125922,125923,2021-12-22 21:58:00,2021-12-22 23:01:00,63.0,Wednesday,Wednesday,2021-12-22,2021-12-22,2021,2021,21:58,23:01,21,23,NON_WEEKEND_GAP,64,21:58 -> 23:01 | 64m
127300,127301,2021-12-23 21:58:00,2021-12-26 23:05:00,4387.0,Thursday,Sunday,2021-12-23,2021-12-26,2021,2021,21:58,23:05,21,23,WEEKEND_TRANSITION,4388,21:58 -> 23:05 | 4388m
128642,128643,2021-12-27 21:26:00,2021-12-27 21:28:00,2.0,Monday,Monday,2021-12-27,2021-12-27,2021,2021,21:26,21:28,21,21,NON_WEEKEND_GAP,2,21:26 -> 21:28 | 2m
128673,128674,2021-12-27 21:58:00,2021-12-27 23:01:00,63.0,Monday,Monday,2021-12-27,2021-12-27,2021,2021,21:58,23:01,21,23,NON_WEEKEND_GAP,64,21:58 -> 23:01 | 64m
130051,130052,2021-12-28 21:58:00,2021-12-28 23:01:00,63.0,Tuesday,Tuesday,2021-12-28,2021-12-28,2021,2021,21:58,23:01,21,23,NON_WEEKEND_GAP,64,21:58 -> 23:01 | 64m
131429,131430,2021-12-29 21:58:00,2021-12-29 23:01:00,63.0,Wednesday,Wednesday,2021-12-29,2021-12-29,2021,2021,21:58,23:01,21,23,NON_WEEKEND_GAP,64,21:58 -> 23:01 | 64m
132807,132808,2021-12-30 21:58:00,2021-12-30 23:01:00,63.0,Thursday,Thursday,2021-12-30,2021-12-30,2021,2021,21:58,23:01,21,23,NON_WEEKEND_GAP,64,21:58 -> 23:01 | 64m
134065,134066,2021-12-31 19:58:00,2022-01-02 23:05:00,3067.0,Friday,Sunday,2021-12-31,2022-01-02,2021,2022,19:58,23:05,19,23,WEEKEND_TRANSITION,3068,19:58 -> 23:05 | 3068m
135439,135440,2022-01-03 21:58:00,2022-01-03 23:01:00,63.0,Monday,Monday,2022-01-03,2022-01-03,2022,2022,21:58,23:01,21,23,NON_WEEKEND_GAP,64,21:58 -> 23:01 | 64m
136817,136818,2022-01-04 21:58:00,2022-01-04 23:01:00,63.0,Tuesday,Tuesday,2022-01-04,2022-01-04,2022,2022,21:58,23:01,21,23,NON_WEEKEND_GAP,64,21:58 -> 23:01 | 64m
138195,138196,2022-01-05 21:58:00,2022-01-05 23:01:00,63.0,Wednesday,Wednesday,2022-01-05,2022-01-05,2022,2022,21:58,23:01,21,23,NON_WEEKEND_GAP,64,21:58 -> 23:01 | 64m
139573,139574,2022-01-06 21:58:00,2022-01-06 23:01:00,63.0,Thursday,Thursday,2022-01-06,2022-01-06,2022,2022,21:58,23:01,21,23,NON_WEEKEND_GAP,64,21:58 -> 23:01 | 64m
140951,140952,2022-01-07 21:58:00,2022-01-09 23:05:00,2947.0,Friday,Sunday,2022-01-07,2022-01-09,2022,2022,21:58,23:05,21,23,WEEKEND_TRANSITION,2948,21:58 -> 23:05 | 2948m
142312,142313,2022-01-10 21:45:00,2022-01-10 21:47:00,2.0,Monday,Monday,2022-01-10,2022-01-10,2022,2022,21:45,21:47,21,21,NON_WEEKEND_GAP,2,21:45 -> 21:47 | 2m
142324,142325,2022-01-10 21:58:00,2022-01-10 23:01:00,63.0,Monday,Monday,2022-01-10,2022-01-10,2022,2022,21:58,23:01,21,23,NON_WEEKEND_GAP,64,21:58 -> 23:01 | 64m
143702,143703,2022-01-11 21:58:00,2022-01-11 23:01:00,63.0,Tuesday,Tuesday,2022-01-11,2022-01-11,2022,2022,21:58,23:01,21,23,NON_WEEKEND_GAP,64,21:58 -> 23:01 | 64m
145080,145081,2022-01-12 21:58:00,2022-01-12 23:01:00,63.0,Wednesday,Wednesday,2022-01-12,2022-01-12,2022,2022,21:58,23:01,21,23,NON_WEEKEND_GAP,64,21:58 -> 23:01 | 64m
146458,146459,2022-01-13 21:58:00,2022-01-13 23:01:00,63.0,Thursday,Thursday,2022-01-13,2022-01-13,2022,2022,21:58,23:01,21,23,NON_WEEKEND_GAP,64,21:58 -> 23:01 | 64m
147836,147837,2022-01-14 21:58:00,2022-01-16 23:05:00,2947.0,Friday,Sunday,2022-01-14,2022-01-16,2022,2022,21:58,23:05,21,23,WEEKEND_TRANSITION,2948,21:58 -> 23:05 | 2948m
149044,149045,2022-01-17 19:12:00,2022-01-17 23:01:00,229.0,Monday,Monday,2022-01-17,2022-01-17,2022,2022,19:12,23:01,19,23,LONG_EXCEPTIONAL_GAP,228,19:12 -> 23:01 | 228m
150422,150423,2022-01-18 21:58:00,2022-01-18 23:01:00,63.0,Tuesday,Tuesday,2022-01-18,2022-01-18,2022,2022,21:58,23:01,21,23,NON_WEEKEND_GAP,64,21:58 -> 23:01 | 64m
151800,151801,2022-01-19 21:58:00,2022-01-19 23:01:00,63.0,Wednesday,Wednesday,2022-01-19,2022-01-19,2022,2022,21:58,23:01,21,23,NON_WEEKEND_GAP,64,21:58 -> 23:01 | 64m
153178,153179,2022-01-20 21:58:00,2022-01-20 23:01:00,63.0,Thursday,Thursday,2022-01-20,2022-01-20,2022,2022,21:58,23:01,21,23,NON_WEEKEND_GAP,64,21:58 -> 23:01 | 64m
154556,154557,2022-01-21 21:58:00,2022-01-23 23:05:00,2947.0,Friday,Sunday,2022-01-21,2022-01-23,2022,2022,21:58,23:05,21,23,WEEKEND_TRANSITION,2948,21:58 -> 23:05 | 2948m
155930,155931,2022-01-24 21:58:00,2022-01-24 23:01:00,63.0,Monday,Monday,2022-01-24,2022-01-24,2022,2022,21:58,23:01,21,23,NON_WEEKEND_GAP,64,21:58 -> 23:01 | 64m
157308,157309,2022-01-25 21:58:00,2022-01-25 23:01:00,63.0,Tuesday,Tuesday,2022-01-25,2022-01-25,2022,2022,21:58,23:01,21,23,NON_WEEKEND_GAP,64,21:58 -> 23:01 | 64m
158686,158687,2022-01-26 21:58:00,2022-01-26 23:01:00,63.0,Wednesday,Wednesday,2022-01-26,2022-01-26,2022,2022,21:58,23:01,21,23,NON_WEEKEND_GAP,64,21:58 -> 23:01 | 64m
160064,160065,2022-01-27 21:58:00,2022-01-27 23:01:00,63.0,Thursday,Thursday,2022-01-27,2022-01-27,2022,2022,21:58,23:01,21,23,NON_WEEKEND_GAP,64,21:58 -> 23:01 | 64m
161442,161443,2022-01-28 21:58:00,2022-01-30 23:05:00,2947.0,Friday,Sunday,2022-01-28,2022-01-30,2022,2022,21:58,23:05,21,23,WEEKEND_TRANSITION,2948,21:58 -> 23:05 | 2948m
162816,162817,2022-01-31 21:58:00,2022-01-31 23:01:00,63.0,Monday,Monday,2022-01-31,2022-01-31,2022,2022,21:58,23:01,21,23,NON_WEEKEND_GAP,64,21:58 -> 23:01 | 64m
164194,164195,2022-02-01 21:58:00,2022-02-01 23:01:00,63.0,Tuesday,Tuesday,2022-02-01,2022-02-01,2022,2022,21:58,23:01,21,23,NON_WEEKEND_GAP,64,21:58 -> 23:01 | 64m
165572,165573,2022-02-02 21:58:00,2022-02-02 23:01:00,63.0,Wednesday,Wednesday,2022-02-02,2022-02-02,2022,2022,21:58,23:01,21,23,NON_WEEKEND_GAP,64,21:58 -> 23:01 | 64m
166950,166951,2022-02-03 21:58:00,2022-02-03 23:01:00,63.0,Thursday,Thursday,2022-02-03,2022-02-03,2022,2022,21:58,23:01,21,23,NON_WEEKEND_GAP,64,21:58 -> 23:01 | 64m
168328,168329,2022-02-04 21:58:00,2022-02-06 23:05:00,2947.0,Friday,Sunday,2022-02-04,2022-02-06,2022,2022,21:58,23:05,21,23,WEEKEND_TRANSITION,2948,21:58 -> 23:05 | 2948m
169702,169703,2022-02-07 21:58:00,2022-02-07 23:01:00,63.0,Monday,Monday,2022-02-07,2022-02-07,2022,2022,21:58,23:01,21,23,NON_WEEKEND_GAP,64,21:58 -> 23:01 | 64m
171080,171081,2022-02-08 21:58:00,2022-02-08 23:01:00,63.0,Tuesday,Tuesday,2022-02-08,2022-02-08,2022,2022,21:58,23:01,21,23,NON_WEEKEND_GAP,64,21:58 -> 23:01 | 64m
171126,171127,2022-02-08 23:46:00,2022-02-09 01:22:00,96.0,Tuesday,Wednesday,2022-02-08,2022-02-09,2022,2022,23:46,01:22,23,1,NON_WEEKEND_GAP,96,23:46 -> 01:22 | 96m
172363,172364,2022-02-09 21:58:00,2022-02-09 23:01:00,63.0,Wednesday,Wednesday,2022-02-09,2022-02-09,2022,2022,21:58,23:01,21,23,NON_WEEKEND_GAP,64,21:58 -> 23:01 | 64m
173741,173742,2022-02-10 21:58:00,2022-02-10 23:01:00,63.0,Thursday,Thursday,2022-02-10,2022-02-10,2022,2022,21:58,23:01,21,23,NON_WEEKEND_GAP,64,21:58 -> 23:01 | 64m
175119,175120,2022-02-11 21:58:00,2022-02-13 23:05:00,2947.0,Friday,Sunday,2022-02-11,2022-02-13,2022,2022,21:58,23:05,21,23,WEEKEND_TRANSITION,2948,21:58 -> 23:05 | 2948m
176493,176494,2022-02-14 21:58:00,2022-02-14 23:01:00,63.0,Monday,Monday,2022-02-14,2022-02-14,2022,2022,21:58,23:01,21,23,NON_WEEKEND_GAP,64,21:58 -> 23:01 | 64m
177871,177872,2022-02-15 21:58:00,2022-02-15 23:01:00,63.0,Tuesday,Tuesday,2022-02-15,2022-02-15,2022,2022,21:58,23:01,21,23,NON_WEEKEND_GAP,64,21:58 -> 23:01 | 64m
179249,179250,2022-02-16 21:58:00,2022-02-16 23:01:00,63.0,Wednesday,Wednesday,2022-02-16,2022-02-16,2022,2022,21:58,23:01,21,23,NON_WEEKEND_GAP,64,21:58 -> 23:01 | 64m
180627,180628,2022-02-17 21:58:00,2022-02-17 23:01:00,63.0,Thursday,Thursday,2022-02-17,2022-02-17,2022,2022,21:58,23:01,21,23,NON_WEEKEND_GAP,64,21:58 -> 23:01 | 64m
182005,182006,2022-02-18 21:58:00,2022-02-20 23:05:00,2947.0,Friday,Sunday,2022-02-18,2022-02-20,2022,2022,21:58,23:05,21,23,WEEKEND_TRANSITION,2948,21:58 -> 23:05 | 2948m
183215,183216,2022-02-21 19:14:00,2022-02-21 23:01:00,227.0,Monday,Monday,2022-02-21,2022-02-21,2022,2022,19:14,23:01,19,23,LONG_EXCEPTIONAL_GAP,228,19:14 -> 23:01 | 228m
184593,184594,2022-02-22 21:58:00,2022-02-22 23:01:00,63.0,Tuesday,Tuesday,2022-02-22,2022-02-22,2022,2022,21:58,23:01,21,23,NON_WEEKEND_GAP,64,21:58 -> 23:01 | 64m
185971,185972,2022-02-23 21:58:00,2022-02-23 23:01:00,63.0,Wednesday,Wednesday,2022-02-23,2022-02-23,2022,2022,21:58,23:01,21,23,NON_WEEKEND_GAP,64,21:58 -> 23:01 | 64m
187349,187350,2022-02-24 21:58:00,2022-02-24 23:01:00,63.0,Thursday,Thursday,2022-02-24,2022-02-24,2022,2022,21:58,23:01,21,23,NON_WEEKEND_GAP,64,21:58 -> 23:01 | 64m
188727,188728,2022-02-25 21:58:00,2022-02-27 23:05:00,2947.0,Friday,Sunday,2022-02-25,2022-02-27,2022,2022,21:58,23:05,21,23,WEEKEND_TRANSITION,2948,21:58 -> 23:05 | 2948m
190101,190102,2022-02-28 21:58:00,2022-02-28 23:01:00,63.0,Monday,Monday,2022-02-28,2022-02-28,2022,2022,21:58,23:01,21,23,NON_WEEKEND_GAP,64,21:58 -> 23:01 | 64m
191479,191480,2022-03-01 21:58:00,2022-03-01 23:01:00,63.0,Tuesday,Tuesday,2022-03-01,2022-03-01,2022,2022,21:58,23:01,21,23,NON_WEEKEND_GAP,64,21:58 -> 23:01 | 64m
192857,192858,2022-03-02 21:58:00,2022-03-02 23:01:00,63.0,Wednesday,Wednesday,2022-03-02,2022-03-02,2022,2022,21:58,23:01,21,23,NON_WEEKEND_GAP,64,21:58 -> 23:01 | 64m
194235,194236,2022-03-03 21:58:00,2022-03-03 23:01:00,63.0,Thursday,Thursday,2022-03-03,2022-03-03,2022,2022,21:58,23:01,21,23,NON_WEEKEND_GAP,64,21:58 -> 23:01 | 64m
195613,195614,2022-03-04 21:58:00,2022-03-06 23:05:00,2947.0,Friday,Sunday,2022-03-04,2022-03-06,2022,2022,21:58,23:05,21,23,WEEKEND_TRANSITION,2948,21:58 -> 23:05 | 2948m
196987,196988,2022-03-07 21:58:00,2022-03-07 23:01:00,63.0,Monday,Monday,2022-03-07,2022-03-07,2022,2022,21:58,23:01,21,23,NON_WEEKEND_GAP,64,21:58 -> 23:01 | 64m
198365,198366,2022-03-08 21:58:00,2022-03-08 23:01:00,63.0,Tuesday,Tuesday,2022-03-08,2022-03-08,2022,2022,21:58,23:01,21,23,NON_WEEKEND_GAP,64,21:58 -> 23:01 | 64m
199743,199744,2022-03-09 21:58:00,2022-03-09 23:01:00,63.0,Wednesday,Wednesday,2022-03-09,2022-03-09,2022,2022,21:58,23:01,21,23,NON_WEEKEND_GAP,64,21:58 -> 23:01 | 64m
201121,201122,2022-03-10 21:58:00,2022-03-10 23:01:00,63.0,Thursday,Thursday,2022-03-10,2022-03-10,2022,2022,21:58,23:01,21,23,NON_WEEKEND_GAP,64,21:58 -> 23:01 | 64m
202499,202500,2022-03-11 21:58:00,2022-03-13 22:05:00,2887.0,Friday,Sunday,2022-03-11,2022-03-13,2022,2022,21:58,22:05,21,22,WEEKEND_TRANSITION,2888,21:58 -> 22:05 | 2888m
203873,203874,2022-03-14 20:58:00,2022-03-14 22:01:00,63.0,Monday,Monday,2022-03-14,2022-03-14,2022,2022,20:58,22:01,20,22,NON_WEEKEND_GAP,64,20:58 -> 22:01 | 64m
205251,205252,2022-03-15 20:58:00,2022-03-15 22:01:00,63.0,Tuesday,Tuesday,2022-03-15,2022-03-15,2022,2022,20:58,22:01,20,22,NON_WEEKEND_GAP,64,20:58 -> 22:01 | 64m
206629,206630,2022-03-16 20:58:00,2022-03-16 22:01:00,63.0,Wednesday,Wednesday,2022-03-16,2022-03-16,2022,2022,20:58,22:01,20,22,NON_WEEKEND_GAP,64,20:58 -> 22:01 | 64m
208007,208008,2022-03-17 20:58:00,2022-03-17 22:01:00,63.0,Thursday,Thursday,2022-03-17,2022-03-17,2022,2022,20:58,22:01,20,22,NON_WEEKEND_GAP,64,20:58 -> 22:01 | 64m
209385,209386,2022-03-18 20:58:00,2022-03-20 22:05:00,2947.0,Friday,Sunday,2022-03-18,2022-03-20,2022,2022,20:58,22:05,20,22,WEEKEND_TRANSITION,2948,20:58 -> 22:05 | 2948m
210758,210759,2022-03-21 20:57:00,2022-03-21 22:01:00,64.0,Monday,Monday,2022-03-21,2022-03-21,2022,2022,20:57,22:01,20,22,NON_WEEKEND_GAP,64,20:57 -> 22:01 | 64m
212135,212136,2022-03-22 20:57:00,2022-03-22 22:01:00,64.0,Tuesday,Tuesday,2022-03-22,2022-03-22,2022,2022,20:57,22:01,20,22,NON_WEEKEND_GAP,64,20:57 -> 22:01 | 64m
213512,213513,2022-03-23 20:57:00,2022-03-23 22:01:00,64.0,Wednesday,Wednesday,2022-03-23,2022-03-23,2022,2022,20:57,22:01,20,22,NON_WEEKEND_GAP,64,20:57 -> 22:01 | 64m
214889,214890,2022-03-24 20:57:00,2022-03-24 22:01:00,64.0,Thursday,Thursday,2022-03-24,2022-03-24,2022,2022,20:57,22:01,20,22,NON_WEEKEND_GAP,64,20:57 -> 22:01 | 64m
216266,216267,2022-03-25 20:57:00,2022-03-27 22:05:00,2948.0,Friday,Sunday,2022-03-25,2022-03-27,2022,2022,20:57,22:05,20,22,WEEKEND_TRANSITION,2948,20:57 -> 22:05 | 2948m
217639,217640,2022-03-28 20:57:00,2022-03-28 22:01:00,64.0,Monday,Monday,2022-03-28,2022-03-28,2022,2022,20:57,22:01,20,22,NON_WEEKEND_GAP,64,20:57 -> 22:01 | 64m
219016,219017,2022-03-29 20:57:00,2022-03-29 22:01:00,64.0,Tuesday,Tuesday,2022-03-29,2022-03-29,2022,2022,20:57,22:01,20,22,NON_WEEKEND_GAP,64,20:57 -> 22:01 | 64m
220393,220394,2022-03-30 20:57:00,2022-03-30 22:01:00,64.0,Wednesday,Wednesday,2022-03-30,2022-03-30,2022,2022,20:57,22:01,20,22,NON_WEEKEND_GAP,64,20:57 -> 22:01 | 64m
221770,221771,2022-03-31 20:57:00,2022-03-31 22:01:00,64.0,Thursday,Thursday,2022-03-31,2022-03-31,2022,2022,20:57,22:01,20,22,NON_WEEKEND_GAP,64,20:57 -> 22:01 | 64m
223147,223148,2022-04-01 20:57:00,2022-04-03 22:05:00,2948.0,Friday,Sunday,2022-04-01,2022-04-03,2022,2022,20:57,22:05,20,22,WEEKEND_TRANSITION,2948,20:57 -> 22:05 | 2948m
224520,224521,2022-04-04 20:57:00,2022-04-04 22:01:00,64.0,Monday,Monday,2022-04-04,2022-04-04,2022,2022,20:57,22:01,20,22,NON_WEEKEND_GAP,64,20:57 -> 22:01 | 64m
225897,225898,2022-04-05 20:57:00,2022-04-05 22:01:00,64.0,Tuesday,Tuesday,2022-04-05,2022-04-05,2022,2022,20:57,22:01,20,22,NON_WEEKEND_GAP,64,20:57 -> 22:01 | 64m
227274,227275,2022-04-06 20:57:00,2022-04-06 22:01:00,64.0,Wednesday,Wednesday,2022-04-06,2022-04-06,2022,2022,20:57,22:01,20,22,NON_WEEKEND_GAP,64,20:57 -> 22:01 | 64m
228651,228652,2022-04-07 20:57:00,2022-04-07 22:01:00,64.0,Thursday,Thursday,2022-04-07,2022-04-07,2022,2022,20:57,22:01,20,22,NON_WEEKEND_GAP,64,20:57 -> 22:01 | 64m
230028,230029,2022-04-08 20:57:00,2022-04-10 22:05:00,2948.0,Friday,Sunday,2022-04-08,2022-04-10,2022,2022,20:57,22:05,20,22,WEEKEND_TRANSITION,2948,20:57 -> 22:05 | 2948m
231401,231402,2022-04-11 20:57:00,2022-04-11 22:01:00,64.0,Monday,Monday,2022-04-11,2022-04-11,2022,2022,20:57,22:01,20,22,NON_WEEKEND_GAP,64,20:57 -> 22:01 | 64m
232778,232779,2022-04-12 20:57:00,2022-04-12 22:01:00,64.0,Tuesday,Tuesday,2022-04-12,2022-04-12,2022,2022,20:57,22:01,20,22,NON_WEEKEND_GAP,64,20:57 -> 22:01 | 64m
234155,234156,2022-04-13 20:57:00,2022-04-13 22:01:00,64.0,Wednesday,Wednesday,2022-04-13,2022-04-13,2022,2022,20:57,22:01,20,22,NON_WEEKEND_GAP,64,20:57 -> 22:01 | 64m
235532,235533,2022-04-14 20:57:00,2022-04-17 22:05:00,4388.0,Thursday,Sunday,2022-04-14,2022-04-17,2022,2022,20:57,22:05,20,22,WEEKEND_TRANSITION,4388,20:57 -> 22:05 | 4388m
236905,236906,2022-04-18 20:57:00,2022-04-18 22:01:00,64.0,Monday,Monday,2022-04-18,2022-04-18,2022,2022,20:57,22:01,20,22,NON_WEEKEND_GAP,64,20:57 -> 22:01 | 64m
238282,238283,2022-04-19 20:57:00,2022-04-19 22:01:00,64.0,Tuesday,Tuesday,2022-04-19,2022-04-19,2022,2022,20:57,22:01,20,22,NON_WEEKEND_GAP,64,20:57 -> 22:01 | 64m
239659,239660,2022-04-20 20:57:00,2022-04-20 22:01:00,64.0,Wednesday,Wednesday,2022-04-20,2022-04-20,2022,2022,20:57,22:01,20,22,NON_WEEKEND_GAP,64,20:57 -> 22:01 | 64m
241036,241037,2022-04-21 20:57:00,2022-04-21 22:01:00,64.0,Thursday,Thursday,2022-04-21,2022-04-21,2022,2022,20:57,22:01,20,22,NON_WEEKEND_GAP,64,20:57 -> 22:01 | 64m
242413,242414,2022-04-22 20:57:00,2022-04-24 22:05:00,2948.0,Friday,Sunday,2022-04-22,2022-04-24,2022,2022,20:57,22:05,20,22,WEEKEND_TRANSITION,2948,20:57 -> 22:05 | 2948m
243786,243787,2022-04-25 20:57:00,2022-04-25 22:01:00,64.0,Monday,Monday,2022-04-25,2022-04-25,2022,2022,20:57,22:01,20,22,NON_WEEKEND_GAP,64,20:57 -> 22:01 | 64m
245163,245164,2022-04-26 20:57:00,2022-04-26 22:01:00,64.0,Tuesday,Tuesday,2022-04-26,2022-04-26,2022,2022,20:57,22:01,20,22,NON_WEEKEND_GAP,64,20:57 -> 22:01 | 64m
246540,246541,2022-04-27 20:57:00,2022-04-27 22:01:00,64.0,Wednesday,Wednesday,2022-04-27,2022-04-27,2022,2022,20:57,22:01,20,22,NON_WEEKEND_GAP,64,20:57 -> 22:01 | 64m
247917,247918,2022-04-28 20:57:00,2022-04-28 22:01:00,64.0,Thursday,Thursday,2022-04-28,2022-04-28,2022,2022,20:57,22:01,20,22,NON_WEEKEND_GAP,64,20:57 -> 22:01 | 64m
249294,249295,2022-04-29 20:57:00,2022-05-01 22:05:00,2948.0,Friday,Sunday,2022-04-29,2022-05-01,2022,2022,20:57,22:05,20,22,WEEKEND_TRANSITION,2948,20:57 -> 22:05 | 2948m
250667,250668,2022-05-02 20:57:00,2022-05-02 22:01:00,64.0,Monday,Monday,2022-05-02,2022-05-02,2022,2022,20:57,22:01,20,22,NON_WEEKEND_GAP,64,20:57 -> 22:01 | 64m
252044,252045,2022-05-03 20:57:00,2022-05-03 22:01:00,64.0,Tuesday,Tuesday,2022-05-03,2022-05-03,2022,2022,20:57,22:01,20,22,NON_WEEKEND_GAP,64,20:57 -> 22:01 | 64m
253316,253317,2022-05-04 19:12:00,2022-05-04 19:14:00,2.0,Wednesday,Wednesday,2022-05-04,2022-05-04,2022,2022,19:12,19:14,19,19,NON_WEEKEND_GAP,2,19:12 -> 19:14 | 2m
253420,253421,2022-05-04 20:57:00,2022-05-04 22:01:00,64.0,Wednesday,Wednesday,2022-05-04,2022-05-04,2022,2022,20:57,22:01,20,22,NON_WEEKEND_GAP,64,20:57 -> 22:01 | 64m
254797,254798,2022-05-05 20:57:00,2022-05-05 22:01:00,64.0,Thursday,Thursday,2022-05-05,2022-05-05,2022,2022,20:57,22:01,20,22,NON_WEEKEND_GAP,64,20:57 -> 22:01 | 64m
256174,256175,2022-05-06 20:57:00,2022-05-08 22:05:00,2948.0,Friday,Sunday,2022-05-06,2022-05-08,2022,2022,20:57,22:05,20,22,WEEKEND_TRANSITION,2948,20:57 -> 22:05 | 2948m
257547,257548,2022-05-09 20:57:00,2022-05-09 22:01:00,64.0,Monday,Monday,2022-05-09,2022-05-09,2022,2022,20:57,22:01,20,22,NON_WEEKEND_GAP,64,20:57 -> 22:01 | 64m
258924,258925,2022-05-10 20:57:00,2022-05-10 22:01:00,64.0,Tuesday,Tuesday,2022-05-10,2022-05-10,2022,2022,20:57,22:01,20,22,NON_WEEKEND_GAP,64,20:57 -> 22:01 | 64m
260301,260302,2022-05-11 20:57:00,2022-05-11 22:01:00,64.0,Wednesday,Wednesday,2022-05-11,2022-05-11,2022,2022,20:57,22:01,20,22,NON_WEEKEND_GAP,64,20:57 -> 22:01 | 64m
261678,261679,2022-05-12 20:57:00,2022-05-12 22:01:00,64.0,Thursday,Thursday,2022-05-12,2022-05-12,2022,2022,20:57,22:01,20,22,NON_WEEKEND_GAP,64,20:57 -> 22:01 | 64m
263055,263056,2022-05-13 20:57:00,2022-05-15 22:05:00,2948.0,Friday,Sunday,2022-05-13,2022-05-15,2022,2022,20:57,22:05,20,22,WEEKEND_TRANSITION,2948,20:57 -> 22:05 | 2948m
264428,264429,2022-05-16 20:57:00,2022-05-16 22:01:00,64.0,Monday,Monday,2022-05-16,2022-05-16,2022,2022,20:57,22:01,20,22,NON_WEEKEND_GAP,64,20:57 -> 22:01 | 64m
265805,265806,2022-05-17 20:57:00,2022-05-17 22:01:00,64.0,Tuesday,Tuesday,2022-05-17,2022-05-17,2022,2022,20:57,22:01,20,22,NON_WEEKEND_GAP,64,20:57 -> 22:01 | 64m
267182,267183,2022-05-18 20:57:00,2022-05-18 22:01:00,64.0,Wednesday,Wednesday,2022-05-18,2022-05-18,2022,2022,20:57,22:01,20,22,NON_WEEKEND_GAP,64,20:57 -> 22:01 | 64m
268559,268560,2022-05-19 20:57:00,2022-05-19 22:01:00,64.0,Thursday,Thursday,2022-05-19,2022-05-19,2022,2022,20:57,22:01,20,22,NON_WEEKEND_GAP,64,20:57 -> 22:01 | 64m
269936,269937,2022-05-20 20:57:00,2022-05-22 22:05:00,2948.0,Friday,Sunday,2022-05-20,2022-05-22,2022,2022,20:57,22:05,20,22,WEEKEND_TRANSITION,2948,20:57 -> 22:05 | 2948m
271309,271310,2022-05-23 20:57:00,2022-05-23 22:01:00,64.0,Monday,Monday,2022-05-23,2022-05-23,2022,2022,20:57,22:01,20,22,NON_WEEKEND_GAP,64,20:57 -> 22:01 | 64m
272686,272687,2022-05-24 20:57:00,2022-05-24 22:01:00,64.0,Tuesday,Tuesday,2022-05-24,2022-05-24,2022,2022,20:57,22:01,20,22,NON_WEEKEND_GAP,64,20:57 -> 22:01 | 64m
274063,274064,2022-05-25 20:57:00,2022-05-25 22:01:00,64.0,Wednesday,Wednesday,2022-05-25,2022-05-25,2022,2022,20:57,22:01,20,22,NON_WEEKEND_GAP,64,20:57 -> 22:01 | 64m
275440,275441,2022-05-26 20:57:00,2022-05-26 22:01:00,64.0,Thursday,Thursday,2022-05-26,2022-05-26,2022,2022,20:57,22:01,20,22,NON_WEEKEND_GAP,64,20:57 -> 22:01 | 64m
276817,276818,2022-05-27 20:57:00,2022-05-29 22:05:00,2948.0,Friday,Sunday,2022-05-27,2022-05-29,2022,2022,20:57,22:05,20,22,WEEKEND_TRANSITION,2948,20:57 -> 22:05 | 2948m
277968,277969,2022-05-30 17:15:00,2022-05-30 22:01:00,286.0,Monday,Monday,2022-05-30,2022-05-30,2022,2022,17:15,22:01,17,22,LONG_EXCEPTIONAL_GAP,286,17:15 -> 22:01 | 286m
279345,279346,2022-05-31 20:57:00,2022-05-31 22:01:00,64.0,Tuesday,Tuesday,2022-05-31,2022-05-31,2022,2022,20:57,22:01,20,22,NON_WEEKEND_GAP,64,20:57 -> 22:01 | 64m
280722,280723,2022-06-01 20:57:00,2022-06-01 22:01:00,64.0,Wednesday,Wednesday,2022-06-01,2022-06-01,2022,2022,20:57,22:01,20,22,NON_WEEKEND_GAP,64,20:57 -> 22:01 | 64m
282099,282100,2022-06-02 20:57:00,2022-06-02 22:01:00,64.0,Thursday,Thursday,2022-06-02,2022-06-02,2022,2022,20:57,22:01,20,22,NON_WEEKEND_GAP,64,20:57 -> 22:01 | 64m
283476,283477,2022-06-03 20:57:00,2022-06-05 22:05:00,2948.0,Friday,Sunday,2022-06-03,2022-06-05,2022,2022,20:57,22:05,20,22,WEEKEND_TRANSITION,2948,20:57 -> 22:05 | 2948m
284849,284850,2022-06-06 20:57:00,2022-06-06 22:01:00,64.0,Monday,Monday,2022-06-06,2022-06-06,2022,2022,20:57,22:01,20,22,NON_WEEKEND_GAP,64,20:57 -> 22:01 | 64m
286226,286227,2022-06-07 20:57:00,2022-06-07 22:01:00,64.0,Tuesday,Tuesday,2022-06-07,2022-06-07,2022,2022,20:57,22:01,20,22,NON_WEEKEND_GAP,64,20:57 -> 22:01 | 64m
287603,287604,2022-06-08 20:57:00,2022-06-08 22:01:00,64.0,Wednesday,Wednesday,2022-06-08,2022-06-08,2022,2022,20:57,22:01,20,22,NON_WEEKEND_GAP,64,20:57 -> 22:01 | 64m
288980,288981,2022-06-09 20:57:00,2022-06-09 22:01:00,64.0,Thursday,Thursday,2022-06-09,2022-06-09,2022,2022,20:57,22:01,20,22,NON_WEEKEND_GAP,64,20:57 -> 22:01 | 64m
290357,290358,2022-06-10 20:57:00,2022-06-12 22:05:00,2948.0,Friday,Sunday,2022-06-10,2022-06-12,2022,2022,20:57,22:05,20,22,WEEKEND_TRANSITION,2948,20:57 -> 22:05 | 2948m
291730,291731,2022-06-13 20:57:00,2022-06-13 22:01:00,64.0,Monday,Monday,2022-06-13,2022-06-13,2022,2022,20:57,22:01,20,22,NON_WEEKEND_GAP,64,20:57 -> 22:01 | 64m
293107,293108,2022-06-14 20:57:00,2022-06-14 22:01:00,64.0,Tuesday,Tuesday,2022-06-14,2022-06-14,2022,2022,20:57,22:01,20,22,NON_WEEKEND_GAP,64,20:57 -> 22:01 | 64m
293703,293704,2022-06-15 07:56:00,2022-06-15 07:58:00,2.0,Wednesday,Wednesday,2022-06-15,2022-06-15,2022,2022,07:56,07:58,7,7,NON_WEEKEND_GAP,2,07:56 -> 07:58 | 2m
294483,294484,2022-06-15 20:57:00,2022-06-15 22:01:00,64.0,Wednesday,Wednesday,2022-06-15,2022-06-15,2022,2022,20:57,22:01,20,22,NON_WEEKEND_GAP,64,20:57 -> 22:01 | 64m
295860,295861,2022-06-16 20:57:00,2022-06-16 22:01:00,64.0,Thursday,Thursday,2022-06-16,2022-06-16,2022,2022,20:57,22:01,20,22,NON_WEEKEND_GAP,64,20:57 -> 22:01 | 64m
297237,297238,2022-06-17 20:57:00,2022-06-19 22:05:00,2948.0,Friday,Sunday,2022-06-17,2022-06-19,2022,2022,20:57,22:05,20,22,WEEKEND_TRANSITION,2948,20:57 -> 22:05 | 2948m
298387,298388,2022-06-20 17:14:00,2022-06-20 22:01:00,287.0,Monday,Monday,2022-06-20,2022-06-20,2022,2022,17:14,22:01,17,22,LONG_EXCEPTIONAL_GAP,288,17:14 -> 22:01 | 288m
299764,299765,2022-06-21 20:57:00,2022-06-21 22:01:00,64.0,Tuesday,Tuesday,2022-06-21,2022-06-21,2022,2022,20:57,22:01,20,22,NON_WEEKEND_GAP,64,20:57 -> 22:01 | 64m
301141,301142,2022-06-22 20:57:00,2022-06-22 22:01:00,64.0,Wednesday,Wednesday,2022-06-22,2022-06-22,2022,2022,20:57,22:01,20,22,NON_WEEKEND_GAP,64,20:57 -> 22:01 | 64m
302518,302519,2022-06-23 20:57:00,2022-06-23 22:01:00,64.0,Thursday,Thursday,2022-06-23,2022-06-23,2022,2022,20:57,22:01,20,22,NON_WEEKEND_GAP,64,20:57 -> 22:01 | 64m
303895,303896,2022-06-24 20:57:00,2022-06-26 22:05:00,2948.0,Friday,Sunday,2022-06-24,2022-06-26,2022,2022,20:57,22:05,20,22,WEEKEND_TRANSITION,2948,20:57 -> 22:05 | 2948m
305268,305269,2022-06-27 20:57:00,2022-06-27 22:01:00,64.0,Monday,Monday,2022-06-27,2022-06-27,2022,2022,20:57,22:01,20,22,NON_WEEKEND_GAP,64,20:57 -> 22:01 | 64m
306645,306646,2022-06-28 20:57:00,2022-06-28 22:01:00,64.0,Tuesday,Tuesday,2022-06-28,2022-06-28,2022,2022,20:57,22:01,20,22,NON_WEEKEND_GAP,64,20:57 -> 22:01 | 64m
308022,308023,2022-06-29 20:57:00,2022-06-29 22:01:00,64.0,Wednesday,Wednesday,2022-06-29,2022-06-29,2022,2022,20:57,22:01,20,22,NON_WEEKEND_GAP,64,20:57 -> 22:01 | 64m
309399,309400,2022-06-30 20:57:00,2022-06-30 22:01:00,64.0,Thursday,Thursday,2022-06-30,2022-06-30,2022,2022,20:57,22:01,20,22,NON_WEEKEND_GAP,64,20:57 -> 22:01 | 64m
310776,310777,2022-07-01 20:57:00,2022-07-03 22:05:00,2948.0,Friday,Sunday,2022-07-01,2022-07-03,2022,2022,20:57,22:05,20,22,WEEKEND_TRANSITION,2948,20:57 -> 22:05 | 2948m
311927,311928,2022-07-04 17:15:00,2022-07-04 22:01:00,286.0,Monday,Monday,2022-07-04,2022-07-04,2022,2022,17:15,22:01,17,22,LONG_EXCEPTIONAL_GAP,286,17:15 -> 22:01 | 286m
313304,313305,2022-07-05 20:57:00,2022-07-05 22:01:00,64.0,Tuesday,Tuesday,2022-07-05,2022-07-05,2022,2022,20:57,22:01,20,22,NON_WEEKEND_GAP,64,20:57 -> 22:01 | 64m
314681,314682,2022-07-06 20:57:00,2022-07-06 22:01:00,64.0,Wednesday,Wednesday,2022-07-06,2022-07-06,2022,2022,20:57,22:01,20,22,NON_WEEKEND_GAP,64,20:57 -> 22:01 | 64m
316058,316059,2022-07-07 20:57:00,2022-07-07 22:01:00,64.0,Thursday,Thursday,2022-07-07,2022-07-07,2022,2022,20:57,22:01,20,22,NON_WEEKEND_GAP,64,20:57 -> 22:01 | 64m
317435,317436,2022-07-08 20:57:00,2022-07-10 22:05:00,2948.0,Friday,Sunday,2022-07-08,2022-07-10,2022,2022,20:57,22:05,20,22,WEEKEND_TRANSITION,2948,20:57 -> 22:05 | 2948m
318808,318809,2022-07-11 20:57:00,2022-07-11 22:01:00,64.0,Monday,Monday,2022-07-11,2022-07-11,2022,2022,20:57,22:01,20,22,NON_WEEKEND_GAP,64,20:57 -> 22:01 | 64m
320185,320186,2022-07-12 20:57:00,2022-07-12 22:01:00,64.0,Tuesday,Tuesday,2022-07-12,2022-07-12,2022,2022,20:57,22:01,20,22,NON_WEEKEND_GAP,64,20:57 -> 22:01 | 64m
321562,321563,2022-07-13 20:57:00,2022-07-13 22:01:00,64.0,Wednesday,Wednesday,2022-07-13,2022-07-13,2022,2022,20:57,22:01,20,22,NON_WEEKEND_GAP,64,20:57 -> 22:01 | 64m
322939,322940,2022-07-14 20:57:00,2022-07-14 22:01:00,64.0,Thursday,Thursday,2022-07-14,2022-07-14,2022,2022,20:57,22:01,20,22,NON_WEEKEND_GAP,64,20:57 -> 22:01 | 64m
324316,324317,2022-07-15 20:57:00,2022-07-17 22:05:00,2948.0,Friday,Sunday,2022-07-15,2022-07-17,2022,2022,20:57,22:05,20,22,WEEKEND_TRANSITION,2948,20:57 -> 22:05 | 2948m
325689,325690,2022-07-18 20:57:00,2022-07-18 22:01:00,64.0,Monday,Monday,2022-07-18,2022-07-18,2022,2022,20:57,22:01,20,22,NON_WEEKEND_GAP,64,20:57 -> 22:01 | 64m
327066,327067,2022-07-19 20:57:00,2022-07-19 22:01:00,64.0,Tuesday,Tuesday,2022-07-19,2022-07-19,2022,2022,20:57,22:01,20,22,NON_WEEKEND_GAP,64,20:57 -> 22:01 | 64m
328443,328444,2022-07-20 20:57:00,2022-07-20 22:01:00,64.0,Wednesday,Wednesday,2022-07-20,2022-07-20,2022,2022,20:57,22:01,20,22,NON_WEEKEND_GAP,64,20:57 -> 22:01 | 64m
329820,329821,2022-07-21 20:57:00,2022-07-21 22:01:00,64.0,Thursday,Thursday,2022-07-21,2022-07-21,2022,2022,20:57,22:01,20,22,NON_WEEKEND_GAP,64,20:57 -> 22:01 | 64m
331197,331198,2022-07-22 20:57:00,2022-07-24 22:05:00,2948.0,Friday,Sunday,2022-07-22,2022-07-24,2022,2022,20:57,22:05,20,22,WEEKEND_TRANSITION,2948,20:57 -> 22:05 | 2948m
332570,332571,2022-07-25 20:57:00,2022-07-25 22:01:00,64.0,Monday,Monday,2022-07-25,2022-07-25,2022,2022,20:57,22:01,20,22,NON_WEEKEND_GAP,64,20:57 -> 22:01 | 64m
333947,333948,2022-07-26 20:57:00,2022-07-26 22:01:00,64.0,Tuesday,Tuesday,2022-07-26,2022-07-26,2022,2022,20:57,22:01,20,22,NON_WEEKEND_GAP,64,20:57 -> 22:01 | 64m
335223,335224,2022-07-27 19:16:00,2022-07-27 19:18:00,2.0,Wednesday,Wednesday,2022-07-27,2022-07-27,2022,2022,19:16,19:18,19,19,NON_WEEKEND_GAP,2,19:16 -> 19:18 | 2m
335323,335324,2022-07-27 20:57:00,2022-07-27 22:01:00,64.0,Wednesday,Wednesday,2022-07-27,2022-07-27,2022,2022,20:57,22:01,20,22,NON_WEEKEND_GAP,64,20:57 -> 22:01 | 64m
336700,336701,2022-07-28 20:57:00,2022-07-28 22:01:00,64.0,Thursday,Thursday,2022-07-28,2022-07-28,2022,2022,20:57,22:01,20,22,NON_WEEKEND_GAP,64,20:57 -> 22:01 | 64m
338077,338078,2022-07-29 20:57:00,2022-07-31 22:05:00,2948.0,Friday,Sunday,2022-07-29,2022-07-31,2022,2022,20:57,22:05,20,22,WEEKEND_TRANSITION,2948,20:57 -> 22:05 | 2948m
339450,339451,2022-08-01 20:57:00,2022-08-01 22:01:00,64.0,Monday,Monday,2022-08-01,2022-08-01,2022,2022,20:57,22:01,20,22,NON_WEEKEND_GAP,64,20:57 -> 22:01 | 64m
340827,340828,2022-08-02 20:57:00,2022-08-02 22:01:00,64.0,Tuesday,Tuesday,2022-08-02,2022-08-02,2022,2022,20:57,22:01,20,22,NON_WEEKEND_GAP,64,20:57 -> 22:01 | 64m
342204,342205,2022-08-03 20:57:00,2022-08-03 22:01:00,64.0,Wednesday,Wednesday,2022-08-03,2022-08-03,2022,2022,20:57,22:01,20,22,NON_WEEKEND_GAP,64,20:57 -> 22:01 | 64m
343581,343582,2022-08-04 20:57:00,2022-08-04 22:01:00,64.0,Thursday,Thursday,2022-08-04,2022-08-04,2022,2022,20:57,22:01,20,22,NON_WEEKEND_GAP,64,20:57 -> 22:01 | 64m
344958,344959,2022-08-05 20:57:00,2022-08-07 22:05:00,2948.0,Friday,Sunday,2022-08-05,2022-08-07,2022,2022,20:57,22:05,20,22,WEEKEND_TRANSITION,2948,20:57 -> 22:05 | 2948m
346331,346332,2022-08-08 20:57:00,2022-08-08 22:01:00,64.0,Monday,Monday,2022-08-08,2022-08-08,2022,2022,20:57,22:01,20,22,NON_WEEKEND_GAP,64,20:57 -> 22:01 | 64m
347708,347709,2022-08-09 20:57:00,2022-08-09 22:01:00,64.0,Tuesday,Tuesday,2022-08-09,2022-08-09,2022,2022,20:57,22:01,20,22,NON_WEEKEND_GAP,64,20:57 -> 22:01 | 64m
349085,349086,2022-08-10 20:57:00,2022-08-10 22:01:00,64.0,Wednesday,Wednesday,2022-08-10,2022-08-10,2022,2022,20:57,22:01,20,22,NON_WEEKEND_GAP,64,20:57 -> 22:01 | 64m
350462,350463,2022-08-11 20:57:00,2022-08-11 22:01:00,64.0,Thursday,Thursday,2022-08-11,2022-08-11,2022,2022,20:57,22:01,20,22,NON_WEEKEND_GAP,64,20:57 -> 22:01 | 64m
351839,351840,2022-08-12 20:57:00,2022-08-14 22:05:00,2948.0,Friday,Sunday,2022-08-12,2022-08-14,2022,2022,20:57,22:05,20,22,WEEKEND_TRANSITION,2948,20:57 -> 22:05 | 2948m
353212,353213,2022-08-15 20:57:00,2022-08-15 22:01:00,64.0,Monday,Monday,2022-08-15,2022-08-15,2022,2022,20:57,22:01,20,22,NON_WEEKEND_GAP,64,20:57 -> 22:01 | 64m
354589,354590,2022-08-16 20:57:00,2022-08-16 22:01:00,64.0,Tuesday,Tuesday,2022-08-16,2022-08-16,2022,2022,20:57,22:01,20,22,NON_WEEKEND_GAP,64,20:57 -> 22:01 | 64m
355966,355967,2022-08-17 20:57:00,2022-08-17 22:01:00,64.0,Wednesday,Wednesday,2022-08-17,2022-08-17,2022,2022,20:57,22:01,20,22,NON_WEEKEND_GAP,64,20:57 -> 22:01 | 64m
357343,357344,2022-08-18 20:57:00,2022-08-18 22:01:00,64.0,Thursday,Thursday,2022-08-18,2022-08-18,2022,2022,20:57,22:01,20,22,NON_WEEKEND_GAP,64,20:57 -> 22:01 | 64m
358720,358721,2022-08-19 20:57:00,2022-08-21 22:05:00,2948.0,Friday,Sunday,2022-08-19,2022-08-21,2022,2022,20:57,22:05,20,22,WEEKEND_TRANSITION,2948,20:57 -> 22:05 | 2948m
360093,360094,2022-08-22 20:57:00,2022-08-22 22:01:00,64.0,Monday,Monday,2022-08-22,2022-08-22,2022,2022,20:57,22:01,20,22,NON_WEEKEND_GAP,64,20:57 -> 22:01 | 64m
361470,361471,2022-08-23 20:57:00,2022-08-23 22:01:00,64.0,Tuesday,Tuesday,2022-08-23,2022-08-23,2022,2022,20:57,22:01,20,22,NON_WEEKEND_GAP,64,20:57 -> 22:01 | 64m
362847,362848,2022-08-24 20:57:00,2022-08-24 22:01:00,64.0,Wednesday,Wednesday,2022-08-24,2022-08-24,2022,2022,20:57,22:01,20,22,NON_WEEKEND_GAP,64,20:57 -> 22:01 | 64m
364224,364225,2022-08-25 20:57:00,2022-08-25 22:01:00,64.0,Thursday,Thursday,2022-08-25,2022-08-25,2022,2022,20:57,22:01,20,22,NON_WEEKEND_GAP,64,20:57 -> 22:01 | 64m
365601,365602,2022-08-26 20:57:00,2022-08-28 22:05:00,2948.0,Friday,Sunday,2022-08-26,2022-08-28,2022,2022,20:57,22:05,20,22,WEEKEND_TRANSITION,2948,20:57 -> 22:05 | 2948m
366974,366975,2022-08-29 20:57:00,2022-08-29 22:01:00,64.0,Monday,Monday,2022-08-29,2022-08-29,2022,2022,20:57,22:01,20,22,NON_WEEKEND_GAP,64,20:57 -> 22:01 | 64m
368351,368352,2022-08-30 20:57:00,2022-08-30 22:01:00,64.0,Tuesday,Tuesday,2022-08-30,2022-08-30,2022,2022,20:57,22:01,20,22,NON_WEEKEND_GAP,64,20:57 -> 22:01 | 64m
369728,369729,2022-08-31 20:57:00,2022-08-31 22:01:00,64.0,Wednesday,Wednesday,2022-08-31,2022-08-31,2022,2022,20:57,22:01,20,22,NON_WEEKEND_GAP,64,20:57 -> 22:01 | 64m
371105,371106,2022-09-01 20:57:00,2022-09-01 22:01:00,64.0,Thursday,Thursday,2022-09-01,2022-09-01,2022,2022,20:57,22:01,20,22,NON_WEEKEND_GAP,64,20:57 -> 22:01 | 64m
372482,372483,2022-09-02 20:57:00,2022-09-04 22:05:00,2948.0,Friday,Sunday,2022-09-02,2022-09-04,2022,2022,20:57,22:05,20,22,WEEKEND_TRANSITION,2948,20:57 -> 22:05 | 2948m
373633,373634,2022-09-05 17:15:00,2022-09-05 22:01:00,286.0,Monday,Monday,2022-09-05,2022-09-05,2022,2022,17:15,22:01,17,22,LONG_EXCEPTIONAL_GAP,286,17:15 -> 22:01 | 286m
375010,375011,2022-09-06 20:57:00,2022-09-06 22:01:00,64.0,Tuesday,Tuesday,2022-09-06,2022-09-06,2022,2022,20:57,22:01,20,22,NON_WEEKEND_GAP,64,20:57 -> 22:01 | 64m
376387,376388,2022-09-07 20:57:00,2022-09-07 22:01:00,64.0,Wednesday,Wednesday,2022-09-07,2022-09-07,2022,2022,20:57,22:01,20,22,NON_WEEKEND_GAP,64,20:57 -> 22:01 | 64m
377764,377765,2022-09-08 20:57:00,2022-09-08 22:01:00,64.0,Thursday,Thursday,2022-09-08,2022-09-08,2022,2022,20:57,22:01,20,22,NON_WEEKEND_GAP,64,20:57 -> 22:01 | 64m
379141,379142,2022-09-09 20:57:00,2022-09-11 22:05:00,2948.0,Friday,Sunday,2022-09-09,2022-09-11,2022,2022,20:57,22:05,20,22,WEEKEND_TRANSITION,2948,20:57 -> 22:05 | 2948m
380499,380500,2022-09-12 20:42:00,2022-09-12 20:44:00,2.0,Monday,Monday,2022-09-12,2022-09-12,2022,2022,20:42,20:44,20,20,NON_WEEKEND_GAP,2,20:42 -> 20:44 | 2m
380513,380514,2022-09-12 20:57:00,2022-09-12 22:01:00,64.0,Monday,Monday,2022-09-12,2022-09-12,2022,2022,20:57,22:01,20,22,NON_WEEKEND_GAP,64,20:57 -> 22:01 | 64m
381890,381891,2022-09-13 20:57:00,2022-09-13 22:01:00,64.0,Tuesday,Tuesday,2022-09-13,2022-09-13,2022,2022,20:57,22:01,20,22,NON_WEEKEND_GAP,64,20:57 -> 22:01 | 64m
383267,383268,2022-09-14 20:57:00,2022-09-14 22:01:00,64.0,Wednesday,Wednesday,2022-09-14,2022-09-14,2022,2022,20:57,22:01,20,22,NON_WEEKEND_GAP,64,20:57 -> 22:01 | 64m
384644,384645,2022-09-15 20:57:00,2022-09-15 22:01:00,64.0,Thursday,Thursday,2022-09-15,2022-09-15,2022,2022,20:57,22:01,20,22,NON_WEEKEND_GAP,64,20:57 -> 22:01 | 64m
386021,386022,2022-09-16 20:57:00,2022-09-18 22:05:00,2948.0,Friday,Sunday,2022-09-16,2022-09-18,2022,2022,20:57,22:05,20,22,WEEKEND_TRANSITION,2948,20:57 -> 22:05 | 2948m
387394,387395,2022-09-19 20:57:00,2022-09-19 22:01:00,64.0,Monday,Monday,2022-09-19,2022-09-19,2022,2022,20:57,22:01,20,22,NON_WEEKEND_GAP,64,20:57 -> 22:01 | 64m
388771,388772,2022-09-20 20:57:00,2022-09-20 22:01:00,64.0,Tuesday,Tuesday,2022-09-20,2022-09-20,2022,2022,20:57,22:01,20,22,NON_WEEKEND_GAP,64,20:57 -> 22:01 | 64m
390148,390149,2022-09-21 20:57:00,2022-09-21 22:01:00,64.0,Wednesday,Wednesday,2022-09-21,2022-09-21,2022,2022,20:57,22:01,20,22,NON_WEEKEND_GAP,64,20:57 -> 22:01 | 64m
391525,391526,2022-09-22 20:57:00,2022-09-22 22:01:00,64.0,Thursday,Thursday,2022-09-22,2022-09-22,2022,2022,20:57,22:01,20,22,NON_WEEKEND_GAP,64,20:57 -> 22:01 | 64m
392902,392903,2022-09-23 20:57:00,2022-09-25 22:05:00,2948.0,Friday,Sunday,2022-09-23,2022-09-25,2022,2022,20:57,22:05,20,22,WEEKEND_TRANSITION,2948,20:57 -> 22:05 | 2948m
394275,394276,2022-09-26 20:57:00,2022-09-26 22:01:00,64.0,Monday,Monday,2022-09-26,2022-09-26,2022,2022,20:57,22:01,20,22,NON_WEEKEND_GAP,64,20:57 -> 22:01 | 64m
395652,395653,2022-09-27 20:57:00,2022-09-27 22:01:00,64.0,Tuesday,Tuesday,2022-09-27,2022-09-27,2022,2022,20:57,22:01,20,22,NON_WEEKEND_GAP,64,20:57 -> 22:01 | 64m
397029,397030,2022-09-28 20:57:00,2022-09-28 22:01:00,64.0,Wednesday,Wednesday,2022-09-28,2022-09-28,2022,2022,20:57,22:01,20,22,NON_WEEKEND_GAP,64,20:57 -> 22:01 | 64m
398406,398407,2022-09-29 20:57:00,2022-09-29 22:01:00,64.0,Thursday,Thursday,2022-09-29,2022-09-29,2022,2022,20:57,22:01,20,22,NON_WEEKEND_GAP,64,20:57 -> 22:01 | 64m
399783,399784,2022-09-30 20:57:00,2022-10-02 22:05:00,2948.0,Friday,Sunday,2022-09-30,2022-10-02,2022,2022,20:57,22:05,20,22,WEEKEND_TRANSITION,2948,20:57 -> 22:05 | 2948m
401156,401157,2022-10-03 20:57:00,2022-10-03 22:01:00,64.0,Monday,Monday,2022-10-03,2022-10-03,2022,2022,20:57,22:01,20,22,NON_WEEKEND_GAP,64,20:57 -> 22:01 | 64m
402533,402534,2022-10-04 20:57:00,2022-10-04 22:01:00,64.0,Tuesday,Tuesday,2022-10-04,2022-10-04,2022,2022,20:57,22:01,20,22,NON_WEEKEND_GAP,64,20:57 -> 22:01 | 64m
403910,403911,2022-10-05 20:57:00,2022-10-05 22:01:00,64.0,Wednesday,Wednesday,2022-10-05,2022-10-05,2022,2022,20:57,22:01,20,22,NON_WEEKEND_GAP,64,20:57 -> 22:01 | 64m
405287,405288,2022-10-06 20:57:00,2022-10-06 22:01:00,64.0,Thursday,Thursday,2022-10-06,2022-10-06,2022,2022,20:57,22:01,20,22,NON_WEEKEND_GAP,64,20:57 -> 22:01 | 64m
406664,406665,2022-10-07 20:57:00,2022-10-09 22:05:00,2948.0,Friday,Sunday,2022-10-07,2022-10-09,2022,2022,20:57,22:05,20,22,WEEKEND_TRANSITION,2948,20:57 -> 22:05 | 2948m
408037,408038,2022-10-10 20:57:00,2022-10-10 22:01:00,64.0,Monday,Monday,2022-10-10,2022-10-10,2022,2022,20:57,22:01,20,22,NON_WEEKEND_GAP,64,20:57 -> 22:01 | 64m
409414,409415,2022-10-11 20:57:00,2022-10-11 22:01:00,64.0,Tuesday,Tuesday,2022-10-11,2022-10-11,2022,2022,20:57,22:01,20,22,NON_WEEKEND_GAP,64,20:57 -> 22:01 | 64m
410791,410792,2022-10-12 20:57:00,2022-10-12 22:01:00,64.0,Wednesday,Wednesday,2022-10-12,2022-10-12,2022,2022,20:57,22:01,20,22,NON_WEEKEND_GAP,64,20:57 -> 22:01 | 64m
412168,412169,2022-10-13 20:57:00,2022-10-13 22:01:00,64.0,Thursday,Thursday,2022-10-13,2022-10-13,2022,2022,20:57,22:01,20,22,NON_WEEKEND_GAP,64,20:57 -> 22:01 | 64m
413545,413546,2022-10-14 20:57:00,2022-10-16 22:05:00,2948.0,Friday,Sunday,2022-10-14,2022-10-16,2022,2022,20:57,22:05,20,22,WEEKEND_TRANSITION,2948,20:57 -> 22:05 | 2948m
414918,414919,2022-10-17 20:57:00,2022-10-17 22:01:00,64.0,Monday,Monday,2022-10-17,2022-10-17,2022,2022,20:57,22:01,20,22,NON_WEEKEND_GAP,64,20:57 -> 22:01 | 64m
416295,416296,2022-10-18 20:57:00,2022-10-18 22:01:00,64.0,Tuesday,Tuesday,2022-10-18,2022-10-18,2022,2022,20:57,22:01,20,22,NON_WEEKEND_GAP,64,20:57 -> 22:01 | 64m
417672,417673,2022-10-19 20:57:00,2022-10-19 22:01:00,64.0,Wednesday,Wednesday,2022-10-19,2022-10-19,2022,2022,20:57,22:01,20,22,NON_WEEKEND_GAP,64,20:57 -> 22:01 | 64m
419049,419050,2022-10-20 20:57:00,2022-10-20 22:01:00,64.0,Thursday,Thursday,2022-10-20,2022-10-20,2022,2022,20:57,22:01,20,22,NON_WEEKEND_GAP,64,20:57 -> 22:01 | 64m
420426,420427,2022-10-21 20:57:00,2022-10-23 22:05:00,2948.0,Friday,Sunday,2022-10-21,2022-10-23,2022,2022,20:57,22:05,20,22,WEEKEND_TRANSITION,2948,20:57 -> 22:05 | 2948m
421799,421800,2022-10-24 20:57:00,2022-10-24 22:01:00,64.0,Monday,Monday,2022-10-24,2022-10-24,2022,2022,20:57,22:01,20,22,NON_WEEKEND_GAP,64,20:57 -> 22:01 | 64m
423176,423177,2022-10-25 20:57:00,2022-10-25 22:01:00,64.0,Tuesday,Tuesday,2022-10-25,2022-10-25,2022,2022,20:57,22:01,20,22,NON_WEEKEND_GAP,64,20:57 -> 22:01 | 64m
424553,424554,2022-10-26 20:57:00,2022-10-26 22:01:00,64.0,Wednesday,Wednesday,2022-10-26,2022-10-26,2022,2022,20:57,22:01,20,22,NON_WEEKEND_GAP,64,20:57 -> 22:01 | 64m
425930,425931,2022-10-27 20:57:00,2022-10-27 22:01:00,64.0,Thursday,Thursday,2022-10-27,2022-10-27,2022,2022,20:57,22:01,20,22,NON_WEEKEND_GAP,64,20:57 -> 22:01 | 64m
427307,427308,2022-10-28 20:57:00,2022-10-30 22:05:00,2948.0,Friday,Sunday,2022-10-28,2022-10-30,2022,2022,20:57,22:05,20,22,WEEKEND_TRANSITION,2948,20:57 -> 22:05 | 2948m
428680,428681,2022-10-31 20:57:00,2022-10-31 22:01:00,64.0,Monday,Monday,2022-10-31,2022-10-31,2022,2022,20:57,22:01,20,22,NON_WEEKEND_GAP,64,20:57 -> 22:01 | 64m
430057,430058,2022-11-01 20:57:00,2022-11-01 22:01:00,64.0,Tuesday,Tuesday,2022-11-01,2022-11-01,2022,2022,20:57,22:01,20,22,NON_WEEKEND_GAP,64,20:57 -> 22:01 | 64m
431434,431435,2022-11-02 20:57:00,2022-11-02 22:01:00,64.0,Wednesday,Wednesday,2022-11-02,2022-11-02,2022,2022,20:57,22:01,20,22,NON_WEEKEND_GAP,64,20:57 -> 22:01 | 64m
432811,432812,2022-11-03 20:57:00,2022-11-03 22:01:00,64.0,Thursday,Thursday,2022-11-03,2022-11-03,2022,2022,20:57,22:01,20,22,NON_WEEKEND_GAP,64,20:57 -> 22:01 | 64m
434188,434189,2022-11-04 20:57:00,2022-11-06 23:05:00,3008.0,Friday,Sunday,2022-11-04,2022-11-06,2022,2022,20:57,23:05,20,23,WEEKEND_TRANSITION,3008,20:57 -> 23:05 | 3008m
434983,434984,2022-11-07 12:19:00,2022-11-07 12:21:00,2.0,Monday,Monday,2022-11-07,2022-11-07,2022,2022,12:19,12:21,12,12,NON_WEEKEND_GAP,2,12:19 -> 12:21 | 2m
435560,435561,2022-11-07 21:57:00,2022-11-07 23:01:00,64.0,Monday,Monday,2022-11-07,2022-11-07,2022,2022,21:57,23:01,21,23,NON_WEEKEND_GAP,64,21:57 -> 23:01 | 64m
436937,436938,2022-11-08 21:57:00,2022-11-08 23:01:00,64.0,Tuesday,Tuesday,2022-11-08,2022-11-08,2022,2022,21:57,23:01,21,23,NON_WEEKEND_GAP,64,21:57 -> 23:01 | 64m
438314,438315,2022-11-09 21:57:00,2022-11-09 23:01:00,64.0,Wednesday,Wednesday,2022-11-09,2022-11-09,2022,2022,21:57,23:01,21,23,NON_WEEKEND_GAP,64,21:57 -> 23:01 | 64m
439691,439692,2022-11-10 21:57:00,2022-11-10 23:01:00,64.0,Thursday,Thursday,2022-11-10,2022-11-10,2022,2022,21:57,23:01,21,23,NON_WEEKEND_GAP,64,21:57 -> 23:01 | 64m
441068,441069,2022-11-11 21:57:00,2022-11-13 23:05:00,2948.0,Friday,Sunday,2022-11-11,2022-11-13,2022,2022,21:57,23:05,21,23,WEEKEND_TRANSITION,2948,21:57 -> 23:05 | 2948m
442441,442442,2022-11-14 21:57:00,2022-11-14 23:01:00,64.0,Monday,Monday,2022-11-14,2022-11-14,2022,2022,21:57,23:01,21,23,NON_WEEKEND_GAP,64,21:57 -> 23:01 | 64m
443818,443819,2022-11-15 21:57:00,2022-11-15 23:01:00,64.0,Tuesday,Tuesday,2022-11-15,2022-11-15,2022,2022,21:57,23:01,21,23,NON_WEEKEND_GAP,64,21:57 -> 23:01 | 64m
445195,445196,2022-11-16 21:57:00,2022-11-16 23:01:00,64.0,Wednesday,Wednesday,2022-11-16,2022-11-16,2022,2022,21:57,23:01,21,23,NON_WEEKEND_GAP,64,21:57 -> 23:01 | 64m
446572,446573,2022-11-17 21:57:00,2022-11-17 23:01:00,64.0,Thursday,Thursday,2022-11-17,2022-11-17,2022,2022,21:57,23:01,21,23,NON_WEEKEND_GAP,64,21:57 -> 23:01 | 64m
447949,447950,2022-11-18 21:57:00,2022-11-20 23:05:00,2948.0,Friday,Sunday,2022-11-18,2022-11-20,2022,2022,21:57,23:05,21,23,WEEKEND_TRANSITION,2948,21:57 -> 23:05 | 2948m
449322,449323,2022-11-21 21:57:00,2022-11-21 23:01:00,64.0,Monday,Monday,2022-11-21,2022-11-21,2022,2022,21:57,23:01,21,23,NON_WEEKEND_GAP,64,21:57 -> 23:01 | 64m
450699,450700,2022-11-22 21:57:00,2022-11-22 23:01:00,64.0,Tuesday,Tuesday,2022-11-22,2022-11-22,2022,2022,21:57,23:01,21,23,NON_WEEKEND_GAP,64,21:57 -> 23:01 | 64m
452076,452077,2022-11-23 21:57:00,2022-11-23 23:01:00,64.0,Wednesday,Wednesday,2022-11-23,2022-11-23,2022,2022,21:57,23:01,21,23,NON_WEEKEND_GAP,64,21:57 -> 23:01 | 64m
453263,453264,2022-11-24 18:47:00,2022-11-24 18:49:00,2.0,Thursday,Thursday,2022-11-24,2022-11-24,2022,2022,18:47,18:49,18,18,NON_WEEKEND_GAP,2,18:47 -> 18:49 | 2m
453301,453302,2022-11-24 19:26:00,2022-11-24 19:28:00,2.0,Thursday,Thursday,2022-11-24,2022-11-24,2022,2022,19:26,19:28,19,19,NON_WEEKEND_GAP,2,19:26 -> 19:28 | 2m
453304,453305,2022-11-24 19:30:00,2022-11-24 23:01:00,211.0,Thursday,Thursday,2022-11-24,2022-11-24,2022,2022,19:30,23:01,19,23,LONG_EXCEPTIONAL_GAP,212,19:30 -> 23:01 | 212m
454473,454474,2022-11-25 18:29:00,2022-11-27 23:05:00,3156.0,Friday,Sunday,2022-11-25,2022-11-27,2022,2022,18:29,23:05,18,23,WEEKEND_TRANSITION,3156,18:29 -> 23:05 | 3156m
455846,455847,2022-11-28 21:57:00,2022-11-28 23:01:00,64.0,Monday,Monday,2022-11-28,2022-11-28,2022,2022,21:57,23:01,21,23,NON_WEEKEND_GAP,64,21:57 -> 23:01 | 64m
457223,457224,2022-11-29 21:57:00,2022-11-29 23:01:00,64.0,Tuesday,Tuesday,2022-11-29,2022-11-29,2022,2022,21:57,23:01,21,23,NON_WEEKEND_GAP,64,21:57 -> 23:01 | 64m
458600,458601,2022-11-30 21:57:00,2022-11-30 23:01:00,64.0,Wednesday,Wednesday,2022-11-30,2022-11-30,2022,2022,21:57,23:01,21,23,NON_WEEKEND_GAP,64,21:57 -> 23:01 | 64m
459977,459978,2022-12-01 21:57:00,2022-12-01 23:01:00,64.0,Thursday,Thursday,2022-12-01,2022-12-01,2022,2022,21:57,23:01,21,23,NON_WEEKEND_GAP,64,21:57 -> 23:01 | 64m
461354,461355,2022-12-02 21:57:00,2022-12-04 23:05:00,2948.0,Friday,Sunday,2022-12-02,2022-12-04,2022,2022,21:57,23:05,21,23,WEEKEND_TRANSITION,2948,21:57 -> 23:05 | 2948m
462727,462728,2022-12-05 21:57:00,2022-12-05 23:01:00,64.0,Monday,Monday,2022-12-05,2022-12-05,2022,2022,21:57,23:01,21,23,NON_WEEKEND_GAP,64,21:57 -> 23:01 | 64m
464104,464105,2022-12-06 21:57:00,2022-12-06 23:01:00,64.0,Tuesday,Tuesday,2022-12-06,2022-12-06,2022,2022,21:57,23:01,21,23,NON_WEEKEND_GAP,64,21:57 -> 23:01 | 64m
465481,465482,2022-12-07 21:57:00,2022-12-07 23:01:00,64.0,Wednesday,Wednesday,2022-12-07,2022-12-07,2022,2022,21:57,23:01,21,23,NON_WEEKEND_GAP,64,21:57 -> 23:01 | 64m
466858,466859,2022-12-08 21:57:00,2022-12-08 23:01:00,64.0,Thursday,Thursday,2022-12-08,2022-12-08,2022,2022,21:57,23:01,21,23,NON_WEEKEND_GAP,64,21:57 -> 23:01 | 64m
468235,468236,2022-12-09 21:57:00,2022-12-11 23:05:00,2948.0,Friday,Sunday,2022-12-09,2022-12-11,2022,2022,21:57,23:05,21,23,WEEKEND_TRANSITION,2948,21:57 -> 23:05 | 2948m
469608,469609,2022-12-12 21:57:00,2022-12-12 23:01:00,64.0,Monday,Monday,2022-12-12,2022-12-12,2022,2022,21:57,23:01,21,23,NON_WEEKEND_GAP,64,21:57 -> 23:01 | 64m
470985,470986,2022-12-13 21:57:00,2022-12-13 23:01:00,64.0,Tuesday,Tuesday,2022-12-13,2022-12-13,2022,2022,21:57,23:01,21,23,NON_WEEKEND_GAP,64,21:57 -> 23:01 | 64m
472362,472363,2022-12-14 21:57:00,2022-12-14 23:01:00,64.0,Wednesday,Wednesday,2022-12-14,2022-12-14,2022,2022,21:57,23:01,21,23,NON_WEEKEND_GAP,64,21:57 -> 23:01 | 64m
473739,473740,2022-12-15 21:57:00,2022-12-15 23:01:00,64.0,Thursday,Thursday,2022-12-15,2022-12-15,2022,2022,21:57,23:01,21,23,NON_WEEKEND_GAP,64,21:57 -> 23:01 | 64m
475116,475117,2022-12-16 21:57:00,2022-12-18 23:05:00,2948.0,Friday,Sunday,2022-12-16,2022-12-18,2022,2022,21:57,23:05,21,23,WEEKEND_TRANSITION,2948,21:57 -> 23:05 | 2948m
476489,476490,2022-12-19 21:57:00,2022-12-19 23:01:00,64.0,Monday,Monday,2022-12-19,2022-12-19,2022,2022,21:57,23:01,21,23,NON_WEEKEND_GAP,64,21:57 -> 23:01 | 64m
477866,477867,2022-12-20 21:57:00,2022-12-20 23:01:00,64.0,Tuesday,Tuesday,2022-12-20,2022-12-20,2022,2022,21:57,23:01,21,23,NON_WEEKEND_GAP,64,21:57 -> 23:01 | 64m
479243,479244,2022-12-21 21:57:00,2022-12-21 23:01:00,64.0,Wednesday,Wednesday,2022-12-21,2022-12-21,2022,2022,21:57,23:01,21,23,NON_WEEKEND_GAP,64,21:57 -> 23:01 | 64m
480620,480621,2022-12-22 21:57:00,2022-12-23 00:17:00,140.0,Thursday,Friday,2022-12-22,2022-12-23,2022,2022,21:57,00:17,21,0,NON_WEEKEND_GAP,140,21:57 -> 00:17 | 140m
481921,481922,2022-12-23 21:57:00,2022-12-26 23:01:00,4384.0,Friday,Monday,2022-12-23,2022-12-26,2022,2022,21:57,23:01,21,23,WEEKEND_TRANSITION,4384,21:57 -> 23:01 | 4384m
483298,483299,2022-12-27 21:57:00,2022-12-27 23:01:00,64.0,Tuesday,Tuesday,2022-12-27,2022-12-27,2022,2022,21:57,23:01,21,23,NON_WEEKEND_GAP,64,21:57 -> 23:01 | 64m
484675,484676,2022-12-28 21:57:00,2022-12-28 23:01:00,64.0,Wednesday,Wednesday,2022-12-28,2022-12-28,2022,2022,21:57,23:01,21,23,NON_WEEKEND_GAP,64,21:57 -> 23:01 | 64m
486052,486053,2022-12-29 21:57:00,2022-12-29 23:01:00,64.0,Thursday,Thursday,2022-12-29,2022-12-29,2022,2022,21:57,23:01,21,23,NON_WEEKEND_GAP,64,21:57 -> 23:01 | 64m
487429,487430,2022-12-30 21:57:00,2023-01-02 23:01:00,4384.0,Friday,Monday,2022-12-30,2023-01-02,2022,2023,21:57,23:01,21,23,WEEKEND_TRANSITION,4384,21:57 -> 23:01 | 4384m
488806,488807,2023-01-03 21:57:00,2023-01-03 23:01:00,64.0,Tuesday,Tuesday,2023-01-03,2023-01-03,2023,2023,21:57,23:01,21,23,NON_WEEKEND_GAP,64,21:57 -> 23:01 | 64m
490183,490184,2023-01-04 21:57:00,2023-01-04 23:01:00,64.0,Wednesday,Wednesday,2023-01-04,2023-01-04,2023,2023,21:57,23:01,21,23,NON_WEEKEND_GAP,64,21:57 -> 23:01 | 64m
491560,491561,2023-01-05 21:57:00,2023-01-05 23:01:00,64.0,Thursday,Thursday,2023-01-05,2023-01-05,2023,2023,21:57,23:01,21,23,NON_WEEKEND_GAP,64,21:57 -> 23:01 | 64m
492937,492938,2023-01-06 21:57:00,2023-01-08 23:05:00,2948.0,Friday,Sunday,2023-01-06,2023-01-08,2023,2023,21:57,23:05,21,23,WEEKEND_TRANSITION,2948,21:57 -> 23:05 | 2948m
494310,494311,2023-01-09 21:57:00,2023-01-09 23:01:00,64.0,Monday,Monday,2023-01-09,2023-01-09,2023,2023,21:57,23:01,21,23,NON_WEEKEND_GAP,64,21:57 -> 23:01 | 64m
495687,495688,2023-01-10 21:57:00,2023-01-10 23:01:00,64.0,Tuesday,Tuesday,2023-01-10,2023-01-10,2023,2023,21:57,23:01,21,23,NON_WEEKEND_GAP,64,21:57 -> 23:01 | 64m
497064,497065,2023-01-11 21:57:00,2023-01-11 23:01:00,64.0,Wednesday,Wednesday,2023-01-11,2023-01-11,2023,2023,21:57,23:01,21,23,NON_WEEKEND_GAP,64,21:57 -> 23:01 | 64m
498441,498442,2023-01-12 21:57:00,2023-01-12 23:01:00,64.0,Thursday,Thursday,2023-01-12,2023-01-12,2023,2023,21:57,23:01,21,23,NON_WEEKEND_GAP,64,21:57 -> 23:01 | 64m
499818,499819,2023-01-13 21:57:00,2023-01-15 23:05:00,2948.0,Friday,Sunday,2023-01-13,2023-01-15,2023,2023,21:57,23:05,21,23,WEEKEND_TRANSITION,2948,21:57 -> 23:05 | 2948m
501043,501044,2023-01-16 19:29:00,2023-01-16 23:01:00,212.0,Monday,Monday,2023-01-16,2023-01-16,2023,2023,19:29,23:01,19,23,LONG_EXCEPTIONAL_GAP,212,19:29 -> 23:01 | 212m
502420,502421,2023-01-17 21:57:00,2023-01-17 23:01:00,64.0,Tuesday,Tuesday,2023-01-17,2023-01-17,2023,2023,21:57,23:01,21,23,NON_WEEKEND_GAP,64,21:57 -> 23:01 | 64m
503797,503798,2023-01-18 21:57:00,2023-01-18 23:01:00,64.0,Wednesday,Wednesday,2023-01-18,2023-01-18,2023,2023,21:57,23:01,21,23,NON_WEEKEND_GAP,64,21:57 -> 23:01 | 64m
505174,505175,2023-01-19 21:57:00,2023-01-19 23:01:00,64.0,Thursday,Thursday,2023-01-19,2023-01-19,2023,2023,21:57,23:01,21,23,NON_WEEKEND_GAP,64,21:57 -> 23:01 | 64m
506551,506552,2023-01-20 21:57:00,2023-01-22 23:05:00,2948.0,Friday,Sunday,2023-01-20,2023-01-22,2023,2023,21:57,23:05,21,23,WEEKEND_TRANSITION,2948,21:57 -> 23:05 | 2948m
507924,507925,2023-01-23 21:57:00,2023-01-23 23:01:00,64.0,Monday,Monday,2023-01-23,2023-01-23,2023,2023,21:57,23:01,21,23,NON_WEEKEND_GAP,64,21:57 -> 23:01 | 64m
509301,509302,2023-01-24 21:57:00,2023-01-24 23:01:00,64.0,Tuesday,Tuesday,2023-01-24,2023-01-24,2023,2023,21:57,23:01,21,23,NON_WEEKEND_GAP,64,21:57 -> 23:01 | 64m
510678,510679,2023-01-25 21:57:00,2023-01-25 23:01:00,64.0,Wednesday,Wednesday,2023-01-25,2023-01-25,2023,2023,21:57,23:01,21,23,NON_WEEKEND_GAP,64,21:57 -> 23:01 | 64m
512055,512056,2023-01-26 21:57:00,2023-01-26 23:01:00,64.0,Thursday,Thursday,2023-01-26,2023-01-26,2023,2023,21:57,23:01,21,23,NON_WEEKEND_GAP,64,21:57 -> 23:01 | 64m
513432,513433,2023-01-27 21:57:00,2023-01-29 23:05:00,2948.0,Friday,Sunday,2023-01-27,2023-01-29,2023,2023,21:57,23:05,21,23,WEEKEND_TRANSITION,2948,21:57 -> 23:05 | 2948m
514805,514806,2023-01-30 21:57:00,2023-01-30 23:01:00,64.0,Monday,Monday,2023-01-30,2023-01-30,2023,2023,21:57,23:01,21,23,NON_WEEKEND_GAP,64,21:57 -> 23:01 | 64m
516182,516183,2023-01-31 21:57:00,2023-01-31 23:01:00,64.0,Tuesday,Tuesday,2023-01-31,2023-01-31,2023,2023,21:57,23:01,21,23,NON_WEEKEND_GAP,64,21:57 -> 23:01 | 64m
517559,517560,2023-02-01 21:57:00,2023-02-01 23:01:00,64.0,Wednesday,Wednesday,2023-02-01,2023-02-01,2023,2023,21:57,23:01,21,23,NON_WEEKEND_GAP,64,21:57 -> 23:01 | 64m
518936,518937,2023-02-02 21:57:00,2023-02-02 23:01:00,64.0,Thursday,Thursday,2023-02-02,2023-02-02,2023,2023,21:57,23:01,21,23,NON_WEEKEND_GAP,64,21:57 -> 23:01 | 64m
519969,519970,2023-02-03 16:13:00,2023-02-03 16:15:00,2.0,Friday,Friday,2023-02-03,2023-02-03,2023,2023,16:13,16:15,16,16,NON_WEEKEND_GAP,2,16:13 -> 16:15 | 2m
519991,519992,2023-02-03 16:36:00,2023-02-03 16:38:00,2.0,Friday,Friday,2023-02-03,2023-02-03,2023,2023,16:36,16:38,16,16,NON_WEEKEND_GAP,2,16:36 -> 16:38 | 2m
520311,520312,2023-02-03 21:57:00,2023-02-05 23:05:00,2948.0,Friday,Sunday,2023-02-03,2023-02-05,2023,2023,21:57,23:05,21,23,WEEKEND_TRANSITION,2948,21:57 -> 23:05 | 2948m
520531,520532,2023-02-06 02:44:00,2023-02-06 02:46:00,2.0,Monday,Monday,2023-02-06,2023-02-06,2023,2023,02:44,02:46,2,2,NON_WEEKEND_GAP,2,02:44 -> 02:46 | 2m
520538,520539,2023-02-06 02:52:00,2023-02-06 02:55:00,3.0,Monday,Monday,2023-02-06,2023-02-06,2023,2023,02:52,02:55,2,2,NON_WEEKEND_GAP,4,02:52 -> 02:55 | 4m
521022,521023,2023-02-06 10:58:00,2023-02-06 11:00:00,2.0,Monday,Monday,2023-02-06,2023-02-06,2023,2023,10:58,11:00,10,11,NON_WEEKEND_GAP,2,10:58 -> 11:00 | 2m
521038,521039,2023-02-06 11:15:00,2023-02-06 11:17:00,2.0,Monday,Monday,2023-02-06,2023-02-06,2023,2023,11:15,11:17,11,11,NON_WEEKEND_GAP,2,11:15 -> 11:17 | 2m
521308,521309,2023-02-06 15:46:00,2023-02-06 15:48:00,2.0,Monday,Monday,2023-02-06,2023-02-06,2023,2023,15:46,15:48,15,15,NON_WEEKEND_GAP,2,15:46 -> 15:48 | 2m
521328,521329,2023-02-06 16:07:00,2023-02-06 16:09:00,2.0,Monday,Monday,2023-02-06,2023-02-06,2023,2023,16:07,16:09,16,16,NON_WEEKEND_GAP,2,16:07 -> 16:09 | 2m
521677,521678,2023-02-06 21:57:00,2023-02-06 23:01:00,64.0,Monday,Monday,2023-02-06,2023-02-06,2023,2023,21:57,23:01,21,23,NON_WEEKEND_GAP,64,21:57 -> 23:01 | 64m
523054,523055,2023-02-07 21:57:00,2023-02-07 23:01:00,64.0,Tuesday,Tuesday,2023-02-07,2023-02-07,2023,2023,21:57,23:01,21,23,NON_WEEKEND_GAP,64,21:57 -> 23:01 | 64m
524431,524432,2023-02-08 21:57:00,2023-02-08 23:01:00,64.0,Wednesday,Wednesday,2023-02-08,2023-02-08,2023,2023,21:57,23:01,21,23,NON_WEEKEND_GAP,64,21:57 -> 23:01 | 64m
525808,525809,2023-02-09 21:57:00,2023-02-09 23:01:00,64.0,Thursday,Thursday,2023-02-09,2023-02-09,2023,2023,21:57,23:01,21,23,NON_WEEKEND_GAP,64,21:57 -> 23:01 | 64m
527185,527186,2023-02-10 21:57:00,2023-02-12 23:05:00,2948.0,Friday,Sunday,2023-02-10,2023-02-12,2023,2023,21:57,23:05,21,23,WEEKEND_TRANSITION,2948,21:57 -> 23:05 | 2948m
528558,528559,2023-02-13 21:57:00,2023-02-13 23:01:00,64.0,Monday,Monday,2023-02-13,2023-02-13,2023,2023,21:57,23:01,21,23,NON_WEEKEND_GAP,64,21:57 -> 23:01 | 64m
529935,529936,2023-02-14 21:57:00,2023-02-14 23:01:00,64.0,Tuesday,Tuesday,2023-02-14,2023-02-14,2023,2023,21:57,23:01,21,23,NON_WEEKEND_GAP,64,21:57 -> 23:01 | 64m
531312,531313,2023-02-15 21:57:00,2023-02-15 23:01:00,64.0,Wednesday,Wednesday,2023-02-15,2023-02-15,2023,2023,21:57,23:01,21,23,NON_WEEKEND_GAP,64,21:57 -> 23:01 | 64m
532689,532690,2023-02-16 21:57:00,2023-02-16 23:01:00,64.0,Thursday,Thursday,2023-02-16,2023-02-16,2023,2023,21:57,23:01,21,23,NON_WEEKEND_GAP,64,21:57 -> 23:01 | 64m
534066,534067,2023-02-17 21:57:00,2023-02-19 23:05:00,2948.0,Friday,Sunday,2023-02-17,2023-02-19,2023,2023,21:57,23:05,21,23,WEEKEND_TRANSITION,2948,21:57 -> 23:05 | 2948m
535276,535277,2023-02-20 19:14:00,2023-02-20 23:01:00,227.0,Monday,Monday,2023-02-20,2023-02-20,2023,2023,19:14,23:01,19,23,LONG_EXCEPTIONAL_GAP,228,19:14 -> 23:01 | 228m
536653,536654,2023-02-21 21:57:00,2023-02-21 23:01:00,64.0,Tuesday,Tuesday,2023-02-21,2023-02-21,2023,2023,21:57,23:01,21,23,NON_WEEKEND_GAP,64,21:57 -> 23:01 | 64m
538030,538031,2023-02-22 21:57:00,2023-02-22 23:01:00,64.0,Wednesday,Wednesday,2023-02-22,2023-02-22,2023,2023,21:57,23:01,21,23,NON_WEEKEND_GAP,64,21:57 -> 23:01 | 64m
539407,539408,2023-02-23 21:57:00,2023-02-23 23:01:00,64.0,Thursday,Thursday,2023-02-23,2023-02-23,2023,2023,21:57,23:01,21,23,NON_WEEKEND_GAP,64,21:57 -> 23:01 | 64m
540784,540785,2023-02-24 21:57:00,2023-02-26 23:05:00,2948.0,Friday,Sunday,2023-02-24,2023-02-26,2023,2023,21:57,23:05,21,23,WEEKEND_TRANSITION,2948,21:57 -> 23:05 | 2948m
542157,542158,2023-02-27 21:57:00,2023-02-27 23:01:00,64.0,Monday,Monday,2023-02-27,2023-02-27,2023,2023,21:57,23:01,21,23,NON_WEEKEND_GAP,64,21:57 -> 23:01 | 64m
543534,543535,2023-02-28 21:57:00,2023-02-28 23:01:00,64.0,Tuesday,Tuesday,2023-02-28,2023-02-28,2023,2023,21:57,23:01,21,23,NON_WEEKEND_GAP,64,21:57 -> 23:01 | 64m
544902,544903,2023-03-01 21:48:00,2023-03-01 21:50:00,2.0,Wednesday,Wednesday,2023-03-01,2023-03-01,2023,2023,21:48,21:50,21,21,NON_WEEKEND_GAP,2,21:48 -> 21:50 | 2m
544910,544911,2023-03-01 21:57:00,2023-03-01 23:01:00,64.0,Wednesday,Wednesday,2023-03-01,2023-03-01,2023,2023,21:57,23:01,21,23,NON_WEEKEND_GAP,64,21:57 -> 23:01 | 64m
546287,546288,2023-03-02 21:57:00,2023-03-02 23:01:00,64.0,Thursday,Thursday,2023-03-02,2023-03-02,2023,2023,21:57,23:01,21,23,NON_WEEKEND_GAP,64,21:57 -> 23:01 | 64m
547664,547665,2023-03-03 21:57:00,2023-03-05 23:05:00,2948.0,Friday,Sunday,2023-03-03,2023-03-05,2023,2023,21:57,23:05,21,23,WEEKEND_TRANSITION,2948,21:57 -> 23:05 | 2948m
549037,549038,2023-03-06 21:57:00,2023-03-06 23:01:00,64.0,Monday,Monday,2023-03-06,2023-03-06,2023,2023,21:57,23:01,21,23,NON_WEEKEND_GAP,64,21:57 -> 23:01 | 64m
550414,550415,2023-03-07 21:57:00,2023-03-07 23:01:00,64.0,Tuesday,Tuesday,2023-03-07,2023-03-07,2023,2023,21:57,23:01,21,23,NON_WEEKEND_GAP,64,21:57 -> 23:01 | 64m
551791,551792,2023-03-08 21:57:00,2023-03-08 23:01:00,64.0,Wednesday,Wednesday,2023-03-08,2023-03-08,2023,2023,21:57,23:01,21,23,NON_WEEKEND_GAP,64,21:57 -> 23:01 | 64m
553168,553169,2023-03-09 21:57:00,2023-03-09 23:01:00,64.0,Thursday,Thursday,2023-03-09,2023-03-09,2023,2023,21:57,23:01,21,23,NON_WEEKEND_GAP,64,21:57 -> 23:01 | 64m
554545,554546,2023-03-10 21:57:00,2023-03-12 22:05:00,2888.0,Friday,Sunday,2023-03-10,2023-03-12,2023,2023,21:57,22:05,21,22,WEEKEND_TRANSITION,2888,21:57 -> 22:05 | 2888m
555918,555919,2023-03-13 20:57:00,2023-03-13 22:01:00,64.0,Monday,Monday,2023-03-13,2023-03-13,2023,2023,20:57,22:01,20,22,NON_WEEKEND_GAP,64,20:57 -> 22:01 | 64m
557295,557296,2023-03-14 20:57:00,2023-03-14 22:01:00,64.0,Tuesday,Tuesday,2023-03-14,2023-03-14,2023,2023,20:57,22:01,20,22,NON_WEEKEND_GAP,64,20:57 -> 22:01 | 64m
558672,558673,2023-03-15 20:57:00,2023-03-15 23:01:00,124.0,Wednesday,Wednesday,2023-03-15,2023-03-15,2023,2023,20:57,23:01,20,23,NON_WEEKEND_GAP,124,20:57 -> 23:01 | 124m
559707,559708,2023-03-16 16:15:00,2023-03-16 16:29:00,14.0,Thursday,Thursday,2023-03-16,2023-03-16,2023,2023,16:15,16:29,16,16,NON_WEEKEND_GAP,14,16:15 -> 16:29 | 14m
559976,559977,2023-03-16 20:57:00,2023-03-16 22:01:00,64.0,Thursday,Thursday,2023-03-16,2023-03-16,2023,2023,20:57,22:01,20,22,NON_WEEKEND_GAP,64,20:57 -> 22:01 | 64m
561353,561354,2023-03-17 20:57:00,2023-03-19 22:05:00,2948.0,Friday,Sunday,2023-03-17,2023-03-19,2023,2023,20:57,22:05,20,22,WEEKEND_TRANSITION,2948,20:57 -> 22:05 | 2948m
562726,562727,2023-03-20 20:57:00,2023-03-20 22:01:00,64.0,Monday,Monday,2023-03-20,2023-03-20,2023,2023,20:57,22:01,20,22,NON_WEEKEND_GAP,64,20:57 -> 22:01 | 64m
564103,564104,2023-03-21 20:57:00,2023-03-21 22:01:00,64.0,Tuesday,Tuesday,2023-03-21,2023-03-21,2023,2023,20:57,22:01,20,22,NON_WEEKEND_GAP,64,20:57 -> 22:01 | 64m
565480,565481,2023-03-22 20:57:00,2023-03-22 22:01:00,64.0,Wednesday,Wednesday,2023-03-22,2023-03-22,2023,2023,20:57,22:01,20,22,NON_WEEKEND_GAP,64,20:57 -> 22:01 | 64m
566857,566858,2023-03-23 20:57:00,2023-03-23 22:01:00,64.0,Thursday,Thursday,2023-03-23,2023-03-23,2023,2023,20:57,22:01,20,22,NON_WEEKEND_GAP,64,20:57 -> 22:01 | 64m
568234,568235,2023-03-24 20:57:00,2023-03-26 22:05:00,2948.0,Friday,Sunday,2023-03-24,2023-03-26,2023,2023,20:57,22:05,20,22,WEEKEND_TRANSITION,2948,20:57 -> 22:05 | 2948m
569607,569608,2023-03-27 20:57:00,2023-03-27 22:01:00,64.0,Monday,Monday,2023-03-27,2023-03-27,2023,2023,20:57,22:01,20,22,NON_WEEKEND_GAP,64,20:57 -> 22:01 | 64m
570984,570985,2023-03-28 20:57:00,2023-03-28 22:01:00,64.0,Tuesday,Tuesday,2023-03-28,2023-03-28,2023,2023,20:57,22:01,20,22,NON_WEEKEND_GAP,64,20:57 -> 22:01 | 64m
572361,572362,2023-03-29 20:57:00,2023-03-29 22:01:00,64.0,Wednesday,Wednesday,2023-03-29,2023-03-29,2023,2023,20:57,22:01,20,22,NON_WEEKEND_GAP,64,20:57 -> 22:01 | 64m
573738,573739,2023-03-30 20:57:00,2023-03-30 22:01:00,64.0,Thursday,Thursday,2023-03-30,2023-03-30,2023,2023,20:57,22:01,20,22,NON_WEEKEND_GAP,64,20:57 -> 22:01 | 64m
575115,575116,2023-03-31 20:57:00,2023-04-02 22:05:00,2948.0,Friday,Sunday,2023-03-31,2023-04-02,2023,2023,20:57,22:05,20,22,WEEKEND_TRANSITION,2948,20:57 -> 22:05 | 2948m
575672,575673,2023-04-03 07:21:00,2023-04-03 07:41:00,20.0,Monday,Monday,2023-04-03,2023-04-03,2023,2023,07:21,07:41,7,7,NON_WEEKEND_GAP,20,07:21 -> 07:41 | 20m
576469,576470,2023-04-03 20:57:00,2023-04-03 22:01:00,64.0,Monday,Monday,2023-04-03,2023-04-03,2023,2023,20:57,22:01,20,22,NON_WEEKEND_GAP,64,20:57 -> 22:01 | 64m
577846,577847,2023-04-04 20:57:00,2023-04-04 22:01:00,64.0,Tuesday,Tuesday,2023-04-04,2023-04-04,2023,2023,20:57,22:01,20,22,NON_WEEKEND_GAP,64,20:57 -> 22:01 | 64m
579223,579224,2023-04-05 20:57:00,2023-04-05 22:01:00,64.0,Wednesday,Wednesday,2023-04-05,2023-04-05,2023,2023,20:57,22:01,20,22,NON_WEEKEND_GAP,64,20:57 -> 22:01 | 64m
580600,580601,2023-04-06 20:57:00,2023-04-09 22:05:00,4388.0,Thursday,Sunday,2023-04-06,2023-04-09,2023,2023,20:57,22:05,20,22,WEEKEND_TRANSITION,4388,20:57 -> 22:05 | 4388m
581973,581974,2023-04-10 20:57:00,2023-04-10 22:01:00,64.0,Monday,Monday,2023-04-10,2023-04-10,2023,2023,20:57,22:01,20,22,NON_WEEKEND_GAP,64,20:57 -> 22:01 | 64m
583350,583351,2023-04-11 20:57:00,2023-04-11 22:01:00,64.0,Tuesday,Tuesday,2023-04-11,2023-04-11,2023,2023,20:57,22:01,20,22,NON_WEEKEND_GAP,64,20:57 -> 22:01 | 64m
584727,584728,2023-04-12 20:57:00,2023-04-12 22:01:00,64.0,Wednesday,Wednesday,2023-04-12,2023-04-12,2023,2023,20:57,22:01,20,22,NON_WEEKEND_GAP,64,20:57 -> 22:01 | 64m
586104,586105,2023-04-13 20:57:00,2023-04-13 22:01:00,64.0,Thursday,Thursday,2023-04-13,2023-04-13,2023,2023,20:57,22:01,20,22,NON_WEEKEND_GAP,64,20:57 -> 22:01 | 64m
587481,587482,2023-04-14 20:57:00,2023-04-16 22:05:00,2948.0,Friday,Sunday,2023-04-14,2023-04-16,2023,2023,20:57,22:05,20,22,WEEKEND_TRANSITION,2948,20:57 -> 22:05 | 2948m
588854,588855,2023-04-17 20:57:00,2023-04-17 22:01:00,64.0,Monday,Monday,2023-04-17,2023-04-17,2023,2023,20:57,22:01,20,22,NON_WEEKEND_GAP,64,20:57 -> 22:01 | 64m
590231,590232,2023-04-18 20:57:00,2023-04-18 22:01:00,64.0,Tuesday,Tuesday,2023-04-18,2023-04-18,2023,2023,20:57,22:01,20,22,NON_WEEKEND_GAP,64,20:57 -> 22:01 | 64m
591608,591609,2023-04-19 20:57:00,2023-04-19 22:01:00,64.0,Wednesday,Wednesday,2023-04-19,2023-04-19,2023,2023,20:57,22:01,20,22,NON_WEEKEND_GAP,64,20:57 -> 22:01 | 64m
592985,592986,2023-04-20 20:57:00,2023-04-20 22:01:00,64.0,Thursday,Thursday,2023-04-20,2023-04-20,2023,2023,20:57,22:01,20,22,NON_WEEKEND_GAP,64,20:57 -> 22:01 | 64m
594362,594363,2023-04-21 20:57:00,2023-04-23 22:05:00,2948.0,Friday,Sunday,2023-04-21,2023-04-23,2023,2023,20:57,22:05,20,22,WEEKEND_TRANSITION,2948,20:57 -> 22:05 | 2948m
595735,595736,2023-04-24 20:57:00,2023-04-24 22:01:00,64.0,Monday,Monday,2023-04-24,2023-04-24,2023,2023,20:57,22:01,20,22,NON_WEEKEND_GAP,64,20:57 -> 22:01 | 64m
597112,597113,2023-04-25 20:57:00,2023-04-25 22:01:00,64.0,Tuesday,Tuesday,2023-04-25,2023-04-25,2023,2023,20:57,22:01,20,22,NON_WEEKEND_GAP,64,20:57 -> 22:01 | 64m
598489,598490,2023-04-26 20:57:00,2023-04-26 22:01:00,64.0,Wednesday,Wednesday,2023-04-26,2023-04-26,2023,2023,20:57,22:01,20,22,NON_WEEKEND_GAP,64,20:57 -> 22:01 | 64m
599866,599867,2023-04-27 20:57:00,2023-04-27 22:01:00,64.0,Thursday,Thursday,2023-04-27,2023-04-27,2023,2023,20:57,22:01,20,22,NON_WEEKEND_GAP,64,20:57 -> 22:01 | 64m
601243,601244,2023-04-28 20:57:00,2023-04-30 22:05:00,2948.0,Friday,Sunday,2023-04-28,2023-04-30,2023,2023,20:57,22:05,20,22,WEEKEND_TRANSITION,2948,20:57 -> 22:05 | 2948m
602616,602617,2023-05-01 20:57:00,2023-05-01 22:01:00,64.0,Monday,Monday,2023-05-01,2023-05-01,2023,2023,20:57,22:01,20,22,NON_WEEKEND_GAP,64,20:57 -> 22:01 | 64m
603993,603994,2023-05-02 20:57:00,2023-05-02 22:01:00,64.0,Tuesday,Tuesday,2023-05-02,2023-05-02,2023,2023,20:57,22:01,20,22,NON_WEEKEND_GAP,64,20:57 -> 22:01 | 64m
605370,605371,2023-05-03 20:57:00,2023-05-03 22:01:00,64.0,Wednesday,Wednesday,2023-05-03,2023-05-03,2023,2023,20:57,22:01,20,22,NON_WEEKEND_GAP,64,20:57 -> 22:01 | 64m
606747,606748,2023-05-04 20:57:00,2023-05-04 22:01:00,64.0,Thursday,Thursday,2023-05-04,2023-05-04,2023,2023,20:57,22:01,20,22,NON_WEEKEND_GAP,64,20:57 -> 22:01 | 64m
608124,608125,2023-05-05 20:57:00,2023-05-07 22:05:00,2948.0,Friday,Sunday,2023-05-05,2023-05-07,2023,2023,20:57,22:05,20,22,WEEKEND_TRANSITION,2948,20:57 -> 22:05 | 2948m
609497,609498,2023-05-08 20:57:00,2023-05-08 22:01:00,64.0,Monday,Monday,2023-05-08,2023-05-08,2023,2023,20:57,22:01,20,22,NON_WEEKEND_GAP,64,20:57 -> 22:01 | 64m
610874,610875,2023-05-09 20:57:00,2023-05-09 22:01:00,64.0,Tuesday,Tuesday,2023-05-09,2023-05-09,2023,2023,20:57,22:01,20,22,NON_WEEKEND_GAP,64,20:57 -> 22:01 | 64m
612251,612252,2023-05-10 20:57:00,2023-05-10 22:01:00,64.0,Wednesday,Wednesday,2023-05-10,2023-05-10,2023,2023,20:57,22:01,20,22,NON_WEEKEND_GAP,64,20:57 -> 22:01 | 64m
613628,613629,2023-05-11 20:57:00,2023-05-11 22:01:00,64.0,Thursday,Thursday,2023-05-11,2023-05-11,2023,2023,20:57,22:01,20,22,NON_WEEKEND_GAP,64,20:57 -> 22:01 | 64m
615005,615006,2023-05-12 20:57:00,2023-05-14 22:05:00,2948.0,Friday,Sunday,2023-05-12,2023-05-14,2023,2023,20:57,22:05,20,22,WEEKEND_TRANSITION,2948,20:57 -> 22:05 | 2948m
616378,616379,2023-05-15 20:57:00,2023-05-15 22:01:00,64.0,Monday,Monday,2023-05-15,2023-05-15,2023,2023,20:57,22:01,20,22,NON_WEEKEND_GAP,64,20:57 -> 22:01 | 64m
617755,617756,2023-05-16 20:57:00,2023-05-16 22:01:00,64.0,Tuesday,Tuesday,2023-05-16,2023-05-16,2023,2023,20:57,22:01,20,22,NON_WEEKEND_GAP,64,20:57 -> 22:01 | 64m
619132,619133,2023-05-17 20:57:00,2023-05-17 22:01:00,64.0,Wednesday,Wednesday,2023-05-17,2023-05-17,2023,2023,20:57,22:01,20,22,NON_WEEKEND_GAP,64,20:57 -> 22:01 | 64m
620509,620510,2023-05-18 20:57:00,2023-05-18 22:01:00,64.0,Thursday,Thursday,2023-05-18,2023-05-18,2023,2023,20:57,22:01,20,22,NON_WEEKEND_GAP,64,20:57 -> 22:01 | 64m
621886,621887,2023-05-19 20:57:00,2023-05-21 22:05:00,2948.0,Friday,Sunday,2023-05-19,2023-05-21,2023,2023,20:57,22:05,20,22,WEEKEND_TRANSITION,2948,20:57 -> 22:05 | 2948m
623259,623260,2023-05-22 20:57:00,2023-05-22 22:01:00,64.0,Monday,Monday,2023-05-22,2023-05-22,2023,2023,20:57,22:01,20,22,NON_WEEKEND_GAP,64,20:57 -> 22:01 | 64m
624636,624637,2023-05-23 20:57:00,2023-05-23 22:01:00,64.0,Tuesday,Tuesday,2023-05-23,2023-05-23,2023,2023,20:57,22:01,20,22,NON_WEEKEND_GAP,64,20:57 -> 22:01 | 64m
626013,626014,2023-05-24 20:57:00,2023-05-24 22:01:00,64.0,Wednesday,Wednesday,2023-05-24,2023-05-24,2023,2023,20:57,22:01,20,22,NON_WEEKEND_GAP,64,20:57 -> 22:01 | 64m
627390,627391,2023-05-25 20:57:00,2023-05-25 22:01:00,64.0,Thursday,Thursday,2023-05-25,2023-05-25,2023,2023,20:57,22:01,20,22,NON_WEEKEND_GAP,64,20:57 -> 22:01 | 64m
628767,628768,2023-05-26 20:57:00,2023-05-28 22:05:00,2948.0,Friday,Sunday,2023-05-26,2023-05-28,2023,2023,20:57,22:05,20,22,WEEKEND_TRANSITION,2948,20:57 -> 22:05 | 2948m
629916,629917,2023-05-29 17:13:00,2023-05-29 22:01:00,288.0,Monday,Monday,2023-05-29,2023-05-29,2023,2023,17:13,22:01,17,22,LONG_EXCEPTIONAL_GAP,288,17:13 -> 22:01 | 288m
630034,630035,2023-05-29 23:58:00,2023-05-30 00:00:00,2.0,Monday,Tuesday,2023-05-29,2023-05-30,2023,2023,23:58,00:00,23,0,NON_WEEKEND_GAP,2,23:58 -> 00:00 | 2m
631292,631293,2023-05-30 20:57:00,2023-05-30 22:01:00,64.0,Tuesday,Tuesday,2023-05-30,2023-05-30,2023,2023,20:57,22:01,20,22,NON_WEEKEND_GAP,64,20:57 -> 22:01 | 64m
632669,632670,2023-05-31 20:57:00,2023-05-31 22:01:00,64.0,Wednesday,Wednesday,2023-05-31,2023-05-31,2023,2023,20:57,22:01,20,22,NON_WEEKEND_GAP,64,20:57 -> 22:01 | 64m
634046,634047,2023-06-01 20:57:00,2023-06-01 22:01:00,64.0,Thursday,Thursday,2023-06-01,2023-06-01,2023,2023,20:57,22:01,20,22,NON_WEEKEND_GAP,64,20:57 -> 22:01 | 64m
635423,635424,2023-06-02 20:57:00,2023-06-04 22:05:00,2948.0,Friday,Sunday,2023-06-02,2023-06-04,2023,2023,20:57,22:05,20,22,WEEKEND_TRANSITION,2948,20:57 -> 22:05 | 2948m
636796,636797,2023-06-05 20:57:00,2023-06-05 22:01:00,64.0,Monday,Monday,2023-06-05,2023-06-05,2023,2023,20:57,22:01,20,22,NON_WEEKEND_GAP,64,20:57 -> 22:01 | 64m
638173,638174,2023-06-06 20:57:00,2023-06-06 22:01:00,64.0,Tuesday,Tuesday,2023-06-06,2023-06-06,2023,2023,20:57,22:01,20,22,NON_WEEKEND_GAP,64,20:57 -> 22:01 | 64m
639550,639551,2023-06-07 20:57:00,2023-06-07 22:01:00,64.0,Wednesday,Wednesday,2023-06-07,2023-06-07,2023,2023,20:57,22:01,20,22,NON_WEEKEND_GAP,64,20:57 -> 22:01 | 64m
640927,640928,2023-06-08 20:57:00,2023-06-08 22:01:00,64.0,Thursday,Thursday,2023-06-08,2023-06-08,2023,2023,20:57,22:01,20,22,NON_WEEKEND_GAP,64,20:57 -> 22:01 | 64m
642304,642305,2023-06-09 20:57:00,2023-06-11 22:05:00,2948.0,Friday,Sunday,2023-06-09,2023-06-11,2023,2023,20:57,22:05,20,22,WEEKEND_TRANSITION,2948,20:57 -> 22:05 | 2948m
643677,643678,2023-06-12 20:57:00,2023-06-12 22:01:00,64.0,Monday,Monday,2023-06-12,2023-06-12,2023,2023,20:57,22:01,20,22,NON_WEEKEND_GAP,64,20:57 -> 22:01 | 64m
645054,645055,2023-06-13 20:57:00,2023-06-13 22:01:00,64.0,Tuesday,Tuesday,2023-06-13,2023-06-13,2023,2023,20:57,22:01,20,22,NON_WEEKEND_GAP,64,20:57 -> 22:01 | 64m
646431,646432,2023-06-14 20:57:00,2023-06-14 22:01:00,64.0,Wednesday,Wednesday,2023-06-14,2023-06-14,2023,2023,20:57,22:01,20,22,NON_WEEKEND_GAP,64,20:57 -> 22:01 | 64m
647808,647809,2023-06-15 20:57:00,2023-06-15 22:01:00,64.0,Thursday,Thursday,2023-06-15,2023-06-15,2023,2023,20:57,22:01,20,22,NON_WEEKEND_GAP,64,20:57 -> 22:01 | 64m
649185,649186,2023-06-16 20:57:00,2023-06-18 22:05:00,2948.0,Friday,Sunday,2023-06-16,2023-06-18,2023,2023,20:57,22:05,20,22,WEEKEND_TRANSITION,2948,20:57 -> 22:05 | 2948m
650334,650335,2023-06-19 17:13:00,2023-06-19 22:01:00,288.0,Monday,Monday,2023-06-19,2023-06-19,2023,2023,17:13,22:01,17,22,LONG_EXCEPTIONAL_GAP,288,17:13 -> 22:01 | 288m
650452,650453,2023-06-19 23:58:00,2023-06-20 00:00:00,2.0,Monday,Tuesday,2023-06-19,2023-06-20,2023,2023,23:58,00:00,23,0,NON_WEEKEND_GAP,2,23:58 -> 00:00 | 2m
651710,651711,2023-06-20 20:57:00,2023-06-20 22:01:00,64.0,Tuesday,Tuesday,2023-06-20,2023-06-20,2023,2023,20:57,22:01,20,22,NON_WEEKEND_GAP,64,20:57 -> 22:01 | 64m
653087,653088,2023-06-21 20:57:00,2023-06-21 22:01:00,64.0,Wednesday,Wednesday,2023-06-21,2023-06-21,2023,2023,20:57,22:01,20,22,NON_WEEKEND_GAP,64,20:57 -> 22:01 | 64m
654464,654465,2023-06-22 20:57:00,2023-06-22 22:01:00,64.0,Thursday,Thursday,2023-06-22,2023-06-22,2023,2023,20:57,22:01,20,22,NON_WEEKEND_GAP,64,20:57 -> 22:01 | 64m
655841,655842,2023-06-23 20:57:00,2023-06-25 22:05:00,2948.0,Friday,Sunday,2023-06-23,2023-06-25,2023,2023,20:57,22:05,20,22,WEEKEND_TRANSITION,2948,20:57 -> 22:05 | 2948m
657214,657215,2023-06-26 20:57:00,2023-06-26 22:01:00,64.0,Monday,Monday,2023-06-26,2023-06-26,2023,2023,20:57,22:01,20,22,NON_WEEKEND_GAP,64,20:57 -> 22:01 | 64m
658591,658592,2023-06-27 20:57:00,2023-06-27 22:01:00,64.0,Tuesday,Tuesday,2023-06-27,2023-06-27,2023,2023,20:57,22:01,20,22,NON_WEEKEND_GAP,64,20:57 -> 22:01 | 64m
659968,659969,2023-06-28 20:57:00,2023-06-28 22:01:00,64.0,Wednesday,Wednesday,2023-06-28,2023-06-28,2023,2023,20:57,22:01,20,22,NON_WEEKEND_GAP,64,20:57 -> 22:01 | 64m
661345,661346,2023-06-29 20:57:00,2023-06-29 22:01:00,64.0,Thursday,Thursday,2023-06-29,2023-06-29,2023,2023,20:57,22:01,20,22,NON_WEEKEND_GAP,64,20:57 -> 22:01 | 64m
662722,662723,2023-06-30 20:57:00,2023-07-02 22:05:00,2948.0,Friday,Sunday,2023-06-30,2023-07-02,2023,2023,20:57,22:05,20,22,WEEKEND_TRANSITION,2948,20:57 -> 22:05 | 2948m
664095,664096,2023-07-03 20:57:00,2023-07-03 22:01:00,64.0,Monday,Monday,2023-07-03,2023-07-03,2023,2023,20:57,22:01,20,22,NON_WEEKEND_GAP,64,20:57 -> 22:01 | 64m
665308,665309,2023-07-04 18:13:00,2023-07-04 22:01:00,228.0,Tuesday,Tuesday,2023-07-04,2023-07-04,2023,2023,18:13,22:01,18,22,LONG_EXCEPTIONAL_GAP,228,18:13 -> 22:01 | 228m
665426,665427,2023-07-04 23:58:00,2023-07-05 00:00:00,2.0,Tuesday,Wednesday,2023-07-04,2023-07-05,2023,2023,23:58,00:00,23,0,NON_WEEKEND_GAP,2,23:58 -> 00:00 | 2m
666684,666685,2023-07-05 20:57:00,2023-07-05 22:01:00,64.0,Wednesday,Wednesday,2023-07-05,2023-07-05,2023,2023,20:57,22:01,20,22,NON_WEEKEND_GAP,64,20:57 -> 22:01 | 64m
668061,668062,2023-07-06 20:57:00,2023-07-06 22:01:00,64.0,Thursday,Thursday,2023-07-06,2023-07-06,2023,2023,20:57,22:01,20,22,NON_WEEKEND_GAP,64,20:57 -> 22:01 | 64m
669438,669439,2023-07-07 20:57:00,2023-07-09 22:05:00,2948.0,Friday,Sunday,2023-07-07,2023-07-09,2023,2023,20:57,22:05,20,22,WEEKEND_TRANSITION,2948,20:57 -> 22:05 | 2948m
670811,670812,2023-07-10 20:57:00,2023-07-10 22:01:00,64.0,Monday,Monday,2023-07-10,2023-07-10,2023,2023,20:57,22:01,20,22,NON_WEEKEND_GAP,64,20:57 -> 22:01 | 64m
672188,672189,2023-07-11 20:57:00,2023-07-11 22:01:00,64.0,Tuesday,Tuesday,2023-07-11,2023-07-11,2023,2023,20:57,22:01,20,22,NON_WEEKEND_GAP,64,20:57 -> 22:01 | 64m
673565,673566,2023-07-12 20:57:00,2023-07-12 22:01:00,64.0,Wednesday,Wednesday,2023-07-12,2023-07-12,2023,2023,20:57,22:01,20,22,NON_WEEKEND_GAP,64,20:57 -> 22:01 | 64m
674942,674943,2023-07-13 20:57:00,2023-07-13 22:01:00,64.0,Thursday,Thursday,2023-07-13,2023-07-13,2023,2023,20:57,22:01,20,22,NON_WEEKEND_GAP,64,20:57 -> 22:01 | 64m
676319,676320,2023-07-14 20:57:00,2023-07-16 22:05:00,2948.0,Friday,Sunday,2023-07-14,2023-07-16,2023,2023,20:57,22:05,20,22,WEEKEND_TRANSITION,2948,20:57 -> 22:05 | 2948m
677692,677693,2023-07-17 20:57:00,2023-07-17 22:01:00,64.0,Monday,Monday,2023-07-17,2023-07-17,2023,2023,20:57,22:01,20,22,NON_WEEKEND_GAP,64,20:57 -> 22:01 | 64m
679069,679070,2023-07-18 20:57:00,2023-07-18 22:01:00,64.0,Tuesday,Tuesday,2023-07-18,2023-07-18,2023,2023,20:57,22:01,20,22,NON_WEEKEND_GAP,64,20:57 -> 22:01 | 64m
680446,680447,2023-07-19 20:57:00,2023-07-19 22:01:00,64.0,Wednesday,Wednesday,2023-07-19,2023-07-19,2023,2023,20:57,22:01,20,22,NON_WEEKEND_GAP,64,20:57 -> 22:01 | 64m
681823,681824,2023-07-20 20:57:00,2023-07-20 22:01:00,64.0,Thursday,Thursday,2023-07-20,2023-07-20,2023,2023,20:57,22:01,20,22,NON_WEEKEND_GAP,64,20:57 -> 22:01 | 64m
683200,683201,2023-07-21 20:57:00,2023-07-23 22:05:00,2948.0,Friday,Sunday,2023-07-21,2023-07-23,2023,2023,20:57,22:05,20,22,WEEKEND_TRANSITION,2948,20:57 -> 22:05 | 2948m
684573,684574,2023-07-24 20:57:00,2023-07-24 22:01:00,64.0,Monday,Monday,2023-07-24,2023-07-24,2023,2023,20:57,22:01,20,22,NON_WEEKEND_GAP,64,20:57 -> 22:01 | 64m
685950,685951,2023-07-25 20:57:00,2023-07-25 22:01:00,64.0,Tuesday,Tuesday,2023-07-25,2023-07-25,2023,2023,20:57,22:01,20,22,NON_WEEKEND_GAP,64,20:57 -> 22:01 | 64m
687327,687328,2023-07-26 20:57:00,2023-07-26 22:01:00,64.0,Wednesday,Wednesday,2023-07-26,2023-07-26,2023,2023,20:57,22:01,20,22,NON_WEEKEND_GAP,64,20:57 -> 22:01 | 64m
688704,688705,2023-07-27 20:57:00,2023-07-27 22:01:00,64.0,Thursday,Thursday,2023-07-27,2023-07-27,2023,2023,20:57,22:01,20,22,NON_WEEKEND_GAP,64,20:57 -> 22:01 | 64m
690081,690082,2023-07-28 20:57:00,2023-07-30 22:05:00,2948.0,Friday,Sunday,2023-07-28,2023-07-30,2023,2023,20:57,22:05,20,22,WEEKEND_TRANSITION,2948,20:57 -> 22:05 | 2948m
691454,691455,2023-07-31 20:57:00,2023-07-31 22:01:00,64.0,Monday,Monday,2023-07-31,2023-07-31,2023,2023,20:57,22:01,20,22,NON_WEEKEND_GAP,64,20:57 -> 22:01 | 64m
692831,692832,2023-08-01 20:57:00,2023-08-01 22:01:00,64.0,Tuesday,Tuesday,2023-08-01,2023-08-01,2023,2023,20:57,22:01,20,22,NON_WEEKEND_GAP,64,20:57 -> 22:01 | 64m
694208,694209,2023-08-02 20:57:00,2023-08-02 22:01:00,64.0,Wednesday,Wednesday,2023-08-02,2023-08-02,2023,2023,20:57,22:01,20,22,NON_WEEKEND_GAP,64,20:57 -> 22:01 | 64m
695585,695586,2023-08-03 20:57:00,2023-08-03 22:01:00,64.0,Thursday,Thursday,2023-08-03,2023-08-03,2023,2023,20:57,22:01,20,22,NON_WEEKEND_GAP,64,20:57 -> 22:01 | 64m
696962,696963,2023-08-04 20:57:00,2023-08-06 22:05:00,2948.0,Friday,Sunday,2023-08-04,2023-08-06,2023,2023,20:57,22:05,20,22,WEEKEND_TRANSITION,2948,20:57 -> 22:05 | 2948m
698335,698336,2023-08-07 20:57:00,2023-08-07 22:01:00,64.0,Monday,Monday,2023-08-07,2023-08-07,2023,2023,20:57,22:01,20,22,NON_WEEKEND_GAP,64,20:57 -> 22:01 | 64m
699712,699713,2023-08-08 20:57:00,2023-08-08 22:01:00,64.0,Tuesday,Tuesday,2023-08-08,2023-08-08,2023,2023,20:57,22:01,20,22,NON_WEEKEND_GAP,64,20:57 -> 22:01 | 64m
701089,701090,2023-08-09 20:57:00,2023-08-09 22:01:00,64.0,Wednesday,Wednesday,2023-08-09,2023-08-09,2023,2023,20:57,22:01,20,22,NON_WEEKEND_GAP,64,20:57 -> 22:01 | 64m
702466,702467,2023-08-10 20:57:00,2023-08-10 22:01:00,64.0,Thursday,Thursday,2023-08-10,2023-08-10,2023,2023,20:57,22:01,20,22,NON_WEEKEND_GAP,64,20:57 -> 22:01 | 64m
703843,703844,2023-08-11 20:57:00,2023-08-13 22:05:00,2948.0,Friday,Sunday,2023-08-11,2023-08-13,2023,2023,20:57,22:05,20,22,WEEKEND_TRANSITION,2948,20:57 -> 22:05 | 2948m
705216,705217,2023-08-14 20:57:00,2023-08-14 22:01:00,64.0,Monday,Monday,2023-08-14,2023-08-14,2023,2023,20:57,22:01,20,22,NON_WEEKEND_GAP,64,20:57 -> 22:01 | 64m
706593,706594,2023-08-15 20:57:00,2023-08-15 22:01:00,64.0,Tuesday,Tuesday,2023-08-15,2023-08-15,2023,2023,20:57,22:01,20,22,NON_WEEKEND_GAP,64,20:57 -> 22:01 | 64m
707970,707971,2023-08-16 20:57:00,2023-08-16 22:01:00,64.0,Wednesday,Wednesday,2023-08-16,2023-08-16,2023,2023,20:57,22:01,20,22,NON_WEEKEND_GAP,64,20:57 -> 22:01 | 64m
709347,709348,2023-08-17 20:57:00,2023-08-17 22:01:00,64.0,Thursday,Thursday,2023-08-17,2023-08-17,2023,2023,20:57,22:01,20,22,NON_WEEKEND_GAP,64,20:57 -> 22:01 | 64m
710724,710725,2023-08-18 20:57:00,2023-08-20 22:05:00,2948.0,Friday,Sunday,2023-08-18,2023-08-20,2023,2023,20:57,22:05,20,22,WEEKEND_TRANSITION,2948,20:57 -> 22:05 | 2948m
712097,712098,2023-08-21 20:57:00,2023-08-21 22:01:00,64.0,Monday,Monday,2023-08-21,2023-08-21,2023,2023,20:57,22:01,20,22,NON_WEEKEND_GAP,64,20:57 -> 22:01 | 64m
713474,713475,2023-08-22 20:57:00,2023-08-22 22:01:00,64.0,Tuesday,Tuesday,2023-08-22,2023-08-22,2023,2023,20:57,22:01,20,22,NON_WEEKEND_GAP,64,20:57 -> 22:01 | 64m
714851,714852,2023-08-23 20:57:00,2023-08-23 22:01:00,64.0,Wednesday,Wednesday,2023-08-23,2023-08-23,2023,2023,20:57,22:01,20,22,NON_WEEKEND_GAP,64,20:57 -> 22:01 | 64m
716228,716229,2023-08-24 20:57:00,2023-08-24 22:01:00,64.0,Thursday,Thursday,2023-08-24,2023-08-24,2023,2023,20:57,22:01,20,22,NON_WEEKEND_GAP,64,20:57 -> 22:01 | 64m
717605,717606,2023-08-25 20:57:00,2023-08-27 22:05:00,2948.0,Friday,Sunday,2023-08-25,2023-08-27,2023,2023,20:57,22:05,20,22,WEEKEND_TRANSITION,2948,20:57 -> 22:05 | 2948m
718978,718979,2023-08-28 20:57:00,2023-08-28 22:01:00,64.0,Monday,Monday,2023-08-28,2023-08-28,2023,2023,20:57,22:01,20,22,NON_WEEKEND_GAP,64,20:57 -> 22:01 | 64m
720355,720356,2023-08-29 20:57:00,2023-08-29 22:01:00,64.0,Tuesday,Tuesday,2023-08-29,2023-08-29,2023,2023,20:57,22:01,20,22,NON_WEEKEND_GAP,64,20:57 -> 22:01 | 64m
721732,721733,2023-08-30 20:57:00,2023-08-30 22:01:00,64.0,Wednesday,Wednesday,2023-08-30,2023-08-30,2023,2023,20:57,22:01,20,22,NON_WEEKEND_GAP,64,20:57 -> 22:01 | 64m
723109,723110,2023-08-31 20:57:00,2023-08-31 22:01:00,64.0,Thursday,Thursday,2023-08-31,2023-08-31,2023,2023,20:57,22:01,20,22,NON_WEEKEND_GAP,64,20:57 -> 22:01 | 64m
724486,724487,2023-09-01 20:57:00,2023-09-03 22:05:00,2948.0,Friday,Sunday,2023-09-01,2023-09-03,2023,2023,20:57,22:05,20,22,WEEKEND_TRANSITION,2948,20:57 -> 22:05 | 2948m
725635,725636,2023-09-04 17:13:00,2023-09-04 22:01:00,288.0,Monday,Monday,2023-09-04,2023-09-04,2023,2023,17:13,22:01,17,22,LONG_EXCEPTIONAL_GAP,288,17:13 -> 22:01 | 288m
725753,725754,2023-09-04 23:58:00,2023-09-05 00:00:00,2.0,Monday,Tuesday,2023-09-04,2023-09-05,2023,2023,23:58,00:00,23,0,NON_WEEKEND_GAP,2,23:58 -> 00:00 | 2m
727011,727012,2023-09-05 20:57:00,2023-09-05 22:01:00,64.0,Tuesday,Tuesday,2023-09-05,2023-09-05,2023,2023,20:57,22:01,20,22,NON_WEEKEND_GAP,64,20:57 -> 22:01 | 64m
728388,728389,2023-09-06 20:57:00,2023-09-06 22:01:00,64.0,Wednesday,Wednesday,2023-09-06,2023-09-06,2023,2023,20:57,22:01,20,22,NON_WEEKEND_GAP,64,20:57 -> 22:01 | 64m
729765,729766,2023-09-07 20:57:00,2023-09-07 22:01:00,64.0,Thursday,Thursday,2023-09-07,2023-09-07,2023,2023,20:57,22:01,20,22,NON_WEEKEND_GAP,64,20:57 -> 22:01 | 64m
731142,731143,2023-09-08 20:57:00,2023-09-10 22:05:00,2948.0,Friday,Sunday,2023-09-08,2023-09-10,2023,2023,20:57,22:05,20,22,WEEKEND_TRANSITION,2948,20:57 -> 22:05 | 2948m
732515,732516,2023-09-11 20:57:00,2023-09-11 22:01:00,64.0,Monday,Monday,2023-09-11,2023-09-11,2023,2023,20:57,22:01,20,22,NON_WEEKEND_GAP,64,20:57 -> 22:01 | 64m
733892,733893,2023-09-12 20:57:00,2023-09-12 22:01:00,64.0,Tuesday,Tuesday,2023-09-12,2023-09-12,2023,2023,20:57,22:01,20,22,NON_WEEKEND_GAP,64,20:57 -> 22:01 | 64m
735269,735270,2023-09-13 20:57:00,2023-09-13 22:01:00,64.0,Wednesday,Wednesday,2023-09-13,2023-09-13,2023,2023,20:57,22:01,20,22,NON_WEEKEND_GAP,64,20:57 -> 22:01 | 64m
736646,736647,2023-09-14 20:57:00,2023-09-14 22:01:00,64.0,Thursday,Thursday,2023-09-14,2023-09-14,2023,2023,20:57,22:01,20,22,NON_WEEKEND_GAP,64,20:57 -> 22:01 | 64m
738023,738024,2023-09-15 20:57:00,2023-09-17 22:05:00,2948.0,Friday,Sunday,2023-09-15,2023-09-17,2023,2023,20:57,22:05,20,22,WEEKEND_TRANSITION,2948,20:57 -> 22:05 | 2948m
739396,739397,2023-09-18 20:57:00,2023-09-18 22:01:00,64.0,Monday,Monday,2023-09-18,2023-09-18,2023,2023,20:57,22:01,20,22,NON_WEEKEND_GAP,64,20:57 -> 22:01 | 64m
740773,740774,2023-09-19 20:57:00,2023-09-19 22:01:00,64.0,Tuesday,Tuesday,2023-09-19,2023-09-19,2023,2023,20:57,22:01,20,22,NON_WEEKEND_GAP,64,20:57 -> 22:01 | 64m
742150,742151,2023-09-20 20:57:00,2023-09-20 22:01:00,64.0,Wednesday,Wednesday,2023-09-20,2023-09-20,2023,2023,20:57,22:01,20,22,NON_WEEKEND_GAP,64,20:57 -> 22:01 | 64m
743527,743528,2023-09-21 20:57:00,2023-09-21 22:01:00,64.0,Thursday,Thursday,2023-09-21,2023-09-21,2023,2023,20:57,22:01,20,22,NON_WEEKEND_GAP,64,20:57 -> 22:01 | 64m
744904,744905,2023-09-22 20:57:00,2023-09-24 22:05:00,2948.0,Friday,Sunday,2023-09-22,2023-09-24,2023,2023,20:57,22:05,20,22,WEEKEND_TRANSITION,2948,20:57 -> 22:05 | 2948m
746277,746278,2023-09-25 20:57:00,2023-09-25 22:01:00,64.0,Monday,Monday,2023-09-25,2023-09-25,2023,2023,20:57,22:01,20,22,NON_WEEKEND_GAP,64,20:57 -> 22:01 | 64m
747654,747655,2023-09-26 20:57:00,2023-09-26 22:01:00,64.0,Tuesday,Tuesday,2023-09-26,2023-09-26,2023,2023,20:57,22:01,20,22,NON_WEEKEND_GAP,64,20:57 -> 22:01 | 64m
749031,749032,2023-09-27 20:57:00,2023-09-27 22:01:00,64.0,Wednesday,Wednesday,2023-09-27,2023-09-27,2023,2023,20:57,22:01,20,22,NON_WEEKEND_GAP,64,20:57 -> 22:01 | 64m
750408,750409,2023-09-28 20:57:00,2023-09-28 22:01:00,64.0,Thursday,Thursday,2023-09-28,2023-09-28,2023,2023,20:57,22:01,20,22,NON_WEEKEND_GAP,64,20:57 -> 22:01 | 64m
751785,751786,2023-09-29 20:57:00,2023-10-01 22:05:00,2948.0,Friday,Sunday,2023-09-29,2023-10-01,2023,2023,20:57,22:05,20,22,WEEKEND_TRANSITION,2948,20:57 -> 22:05 | 2948m
753158,753159,2023-10-02 20:57:00,2023-10-02 22:01:00,64.0,Monday,Monday,2023-10-02,2023-10-02,2023,2023,20:57,22:01,20,22,NON_WEEKEND_GAP,64,20:57 -> 22:01 | 64m
754535,754536,2023-10-03 20:57:00,2023-10-03 22:01:00,64.0,Tuesday,Tuesday,2023-10-03,2023-10-03,2023,2023,20:57,22:01,20,22,NON_WEEKEND_GAP,64,20:57 -> 22:01 | 64m
755912,755913,2023-10-04 20:57:00,2023-10-04 22:01:00,64.0,Wednesday,Wednesday,2023-10-04,2023-10-04,2023,2023,20:57,22:01,20,22,NON_WEEKEND_GAP,64,20:57 -> 22:01 | 64m
757289,757290,2023-10-05 20:57:00,2023-10-05 22:01:00,64.0,Thursday,Thursday,2023-10-05,2023-10-05,2023,2023,20:57,22:01,20,22,NON_WEEKEND_GAP,64,20:57 -> 22:01 | 64m
758666,758667,2023-10-06 20:57:00,2023-10-08 22:05:00,2948.0,Friday,Sunday,2023-10-06,2023-10-08,2023,2023,20:57,22:05,20,22,WEEKEND_TRANSITION,2948,20:57 -> 22:05 | 2948m
760039,760040,2023-10-09 20:57:00,2023-10-09 22:01:00,64.0,Monday,Monday,2023-10-09,2023-10-09,2023,2023,20:57,22:01,20,22,NON_WEEKEND_GAP,64,20:57 -> 22:01 | 64m
761313,761314,2023-10-10 19:14:00,2023-10-10 19:22:00,8.0,Tuesday,Tuesday,2023-10-10,2023-10-10,2023,2023,19:14,19:22,19,19,NON_WEEKEND_GAP,8,19:14 -> 19:22 | 8m
761409,761410,2023-10-10 20:57:00,2023-10-10 22:01:00,64.0,Tuesday,Tuesday,2023-10-10,2023-10-10,2023,2023,20:57,22:01,20,22,NON_WEEKEND_GAP,64,20:57 -> 22:01 | 64m
762786,762787,2023-10-11 20:57:00,2023-10-11 22:01:00,64.0,Wednesday,Wednesday,2023-10-11,2023-10-11,2023,2023,20:57,22:01,20,22,NON_WEEKEND_GAP,64,20:57 -> 22:01 | 64m
764163,764164,2023-10-12 20:57:00,2023-10-12 22:01:00,64.0,Thursday,Thursday,2023-10-12,2023-10-12,2023,2023,20:57,22:01,20,22,NON_WEEKEND_GAP,64,20:57 -> 22:01 | 64m
765540,765541,2023-10-13 20:57:00,2023-10-15 22:05:00,2948.0,Friday,Sunday,2023-10-13,2023-10-15,2023,2023,20:57,22:05,20,22,WEEKEND_TRANSITION,2948,20:57 -> 22:05 | 2948m
766913,766914,2023-10-16 20:57:00,2023-10-16 22:01:00,64.0,Monday,Monday,2023-10-16,2023-10-16,2023,2023,20:57,22:01,20,22,NON_WEEKEND_GAP,64,20:57 -> 22:01 | 64m
768290,768291,2023-10-17 20:57:00,2023-10-17 22:01:00,64.0,Tuesday,Tuesday,2023-10-17,2023-10-17,2023,2023,20:57,22:01,20,22,NON_WEEKEND_GAP,64,20:57 -> 22:01 | 64m
769667,769668,2023-10-18 20:57:00,2023-10-18 22:01:00,64.0,Wednesday,Wednesday,2023-10-18,2023-10-18,2023,2023,20:57,22:01,20,22,NON_WEEKEND_GAP,64,20:57 -> 22:01 | 64m
771044,771045,2023-10-19 20:57:00,2023-10-19 22:01:00,64.0,Thursday,Thursday,2023-10-19,2023-10-19,2023,2023,20:57,22:01,20,22,NON_WEEKEND_GAP,64,20:57 -> 22:01 | 64m
772421,772422,2023-10-20 20:57:00,2023-10-22 22:05:00,2948.0,Friday,Sunday,2023-10-20,2023-10-22,2023,2023,20:57,22:05,20,22,WEEKEND_TRANSITION,2948,20:57 -> 22:05 | 2948m
773794,773795,2023-10-23 20:57:00,2023-10-23 22:01:00,64.0,Monday,Monday,2023-10-23,2023-10-23,2023,2023,20:57,22:01,20,22,NON_WEEKEND_GAP,64,20:57 -> 22:01 | 64m
775171,775172,2023-10-24 20:57:00,2023-10-24 22:01:00,64.0,Tuesday,Tuesday,2023-10-24,2023-10-24,2023,2023,20:57,22:01,20,22,NON_WEEKEND_GAP,64,20:57 -> 22:01 | 64m
776548,776549,2023-10-25 20:57:00,2023-10-25 22:01:00,64.0,Wednesday,Wednesday,2023-10-25,2023-10-25,2023,2023,20:57,22:01,20,22,NON_WEEKEND_GAP,64,20:57 -> 22:01 | 64m
777925,777926,2023-10-26 20:57:00,2023-10-26 22:01:00,64.0,Thursday,Thursday,2023-10-26,2023-10-26,2023,2023,20:57,22:01,20,22,NON_WEEKEND_GAP,64,20:57 -> 22:01 | 64m
779302,779303,2023-10-27 20:57:00,2023-10-29 22:05:00,2948.0,Friday,Sunday,2023-10-27,2023-10-29,2023,2023,20:57,22:05,20,22,WEEKEND_TRANSITION,2948,20:57 -> 22:05 | 2948m
780675,780676,2023-10-30 20:57:00,2023-10-30 22:01:00,64.0,Monday,Monday,2023-10-30,2023-10-30,2023,2023,20:57,22:01,20,22,NON_WEEKEND_GAP,64,20:57 -> 22:01 | 64m
782052,782053,2023-10-31 20:57:00,2023-10-31 22:01:00,64.0,Tuesday,Tuesday,2023-10-31,2023-10-31,2023,2023,20:57,22:01,20,22,NON_WEEKEND_GAP,64,20:57 -> 22:01 | 64m
783429,783430,2023-11-01 20:57:00,2023-11-01 22:01:00,64.0,Wednesday,Wednesday,2023-11-01,2023-11-01,2023,2023,20:57,22:01,20,22,NON_WEEKEND_GAP,64,20:57 -> 22:01 | 64m
784806,784807,2023-11-02 20:57:00,2023-11-02 22:01:00,64.0,Thursday,Thursday,2023-11-02,2023-11-02,2023,2023,20:57,22:01,20,22,NON_WEEKEND_GAP,64,20:57 -> 22:01 | 64m
786183,786184,2023-11-03 20:57:00,2023-11-05 23:05:00,3008.0,Friday,Sunday,2023-11-03,2023-11-05,2023,2023,20:57,23:05,20,23,WEEKEND_TRANSITION,3008,20:57 -> 23:05 | 3008m
787556,787557,2023-11-06 21:57:00,2023-11-06 23:01:00,64.0,Monday,Monday,2023-11-06,2023-11-06,2023,2023,21:57,23:01,21,23,NON_WEEKEND_GAP,64,21:57 -> 23:01 | 64m
788933,788934,2023-11-07 21:57:00,2023-11-07 23:01:00,64.0,Tuesday,Tuesday,2023-11-07,2023-11-07,2023,2023,21:57,23:01,21,23,NON_WEEKEND_GAP,64,21:57 -> 23:01 | 64m
790310,790311,2023-11-08 21:57:00,2023-11-08 23:01:00,64.0,Wednesday,Wednesday,2023-11-08,2023-11-08,2023,2023,21:57,23:01,21,23,NON_WEEKEND_GAP,64,21:57 -> 23:01 | 64m
791687,791688,2023-11-09 21:57:00,2023-11-09 23:01:00,64.0,Thursday,Thursday,2023-11-09,2023-11-09,2023,2023,21:57,23:01,21,23,NON_WEEKEND_GAP,64,21:57 -> 23:01 | 64m
793064,793065,2023-11-10 21:57:00,2023-11-12 23:05:00,2948.0,Friday,Sunday,2023-11-10,2023-11-12,2023,2023,21:57,23:05,21,23,WEEKEND_TRANSITION,2948,21:57 -> 23:05 | 2948m
794437,794438,2023-11-13 21:57:00,2023-11-13 23:01:00,64.0,Monday,Monday,2023-11-13,2023-11-13,2023,2023,21:57,23:01,21,23,NON_WEEKEND_GAP,64,21:57 -> 23:01 | 64m
795814,795815,2023-11-14 21:57:00,2023-11-14 23:01:00,64.0,Tuesday,Tuesday,2023-11-14,2023-11-14,2023,2023,21:57,23:01,21,23,NON_WEEKEND_GAP,64,21:57 -> 23:01 | 64m
797191,797192,2023-11-15 21:57:00,2023-11-15 23:01:00,64.0,Wednesday,Wednesday,2023-11-15,2023-11-15,2023,2023,21:57,23:01,21,23,NON_WEEKEND_GAP,64,21:57 -> 23:01 | 64m
798568,798569,2023-11-16 21:57:00,2023-11-16 23:01:00,64.0,Thursday,Thursday,2023-11-16,2023-11-16,2023,2023,21:57,23:01,21,23,NON_WEEKEND_GAP,64,21:57 -> 23:01 | 64m
799945,799946,2023-11-17 21:57:00,2023-11-19 23:05:00,2948.0,Friday,Sunday,2023-11-17,2023-11-19,2023,2023,21:57,23:05,21,23,WEEKEND_TRANSITION,2948,21:57 -> 23:05 | 2948m
801318,801319,2023-11-20 21:57:00,2023-11-20 23:01:00,64.0,Monday,Monday,2023-11-20,2023-11-20,2023,2023,21:57,23:01,21,23,NON_WEEKEND_GAP,64,21:57 -> 23:01 | 64m
802695,802696,2023-11-21 21:57:00,2023-11-21 23:01:00,64.0,Tuesday,Tuesday,2023-11-21,2023-11-21,2023,2023,21:57,23:01,21,23,NON_WEEKEND_GAP,64,21:57 -> 23:01 | 64m
803779,803780,2023-11-22 17:04:00,2023-11-22 17:07:00,3.0,Wednesday,Wednesday,2023-11-22,2023-11-22,2023,2023,17:04,17:07,17,17,NON_WEEKEND_GAP,4,17:04 -> 17:07 | 4m
804070,804071,2023-11-22 21:57:00,2023-11-22 23:01:00,64.0,Wednesday,Wednesday,2023-11-22,2023-11-22,2023,2023,21:57,23:01,21,23,NON_WEEKEND_GAP,64,21:57 -> 23:01 | 64m
805224,805225,2023-11-23 18:14:00,2023-11-23 23:01:00,287.0,Thursday,Thursday,2023-11-23,2023-11-23,2023,2023,18:14,23:01,18,23,LONG_EXCEPTIONAL_GAP,288,18:14 -> 23:01 | 288m
806393,806394,2023-11-24 18:29:00,2023-11-26 23:05:00,3156.0,Friday,Sunday,2023-11-24,2023-11-26,2023,2023,18:29,23:05,18,23,WEEKEND_TRANSITION,3156,18:29 -> 23:05 | 3156m
807766,807767,2023-11-27 21:57:00,2023-11-27 23:01:00,64.0,Monday,Monday,2023-11-27,2023-11-27,2023,2023,21:57,23:01,21,23,NON_WEEKEND_GAP,64,21:57 -> 23:01 | 64m
809143,809144,2023-11-28 21:57:00,2023-11-28 23:01:00,64.0,Tuesday,Tuesday,2023-11-28,2023-11-28,2023,2023,21:57,23:01,21,23,NON_WEEKEND_GAP,64,21:57 -> 23:01 | 64m
810520,810521,2023-11-29 21:57:00,2023-11-29 23:01:00,64.0,Wednesday,Wednesday,2023-11-29,2023-11-29,2023,2023,21:57,23:01,21,23,NON_WEEKEND_GAP,64,21:57 -> 23:01 | 64m
811897,811898,2023-11-30 21:57:00,2023-11-30 23:01:00,64.0,Thursday,Thursday,2023-11-30,2023-11-30,2023,2023,21:57,23:01,21,23,NON_WEEKEND_GAP,64,21:57 -> 23:01 | 64m
813274,813275,2023-12-01 21:57:00,2023-12-03 23:05:00,2948.0,Friday,Sunday,2023-12-01,2023-12-03,2023,2023,21:57,23:05,21,23,WEEKEND_TRANSITION,2948,21:57 -> 23:05 | 2948m
814647,814648,2023-12-04 21:57:00,2023-12-04 23:01:00,64.0,Monday,Monday,2023-12-04,2023-12-04,2023,2023,21:57,23:01,21,23,NON_WEEKEND_GAP,64,21:57 -> 23:01 | 64m
816024,816025,2023-12-05 21:57:00,2023-12-05 23:01:00,64.0,Tuesday,Tuesday,2023-12-05,2023-12-05,2023,2023,21:57,23:01,21,23,NON_WEEKEND_GAP,64,21:57 -> 23:01 | 64m
817401,817402,2023-12-06 21:57:00,2023-12-06 23:01:00,64.0,Wednesday,Wednesday,2023-12-06,2023-12-06,2023,2023,21:57,23:01,21,23,NON_WEEKEND_GAP,64,21:57 -> 23:01 | 64m
818778,818779,2023-12-07 21:57:00,2023-12-07 23:01:00,64.0,Thursday,Thursday,2023-12-07,2023-12-07,2023,2023,21:57,23:01,21,23,NON_WEEKEND_GAP,64,21:57 -> 23:01 | 64m
820155,820156,2023-12-08 21:57:00,2023-12-10 23:05:00,2948.0,Friday,Sunday,2023-12-08,2023-12-10,2023,2023,21:57,23:05,21,23,WEEKEND_TRANSITION,2948,21:57 -> 23:05 | 2948m
821528,821529,2023-12-11 21:57:00,2023-12-11 23:01:00,64.0,Monday,Monday,2023-12-11,2023-12-11,2023,2023,21:57,23:01,21,23,NON_WEEKEND_GAP,64,21:57 -> 23:01 | 64m
822221,822222,2023-12-12 10:33:00,2023-12-12 10:41:00,8.0,Tuesday,Tuesday,2023-12-12,2023-12-12,2023,2023,10:33,10:41,10,10,NON_WEEKEND_GAP,8,10:33 -> 10:41 | 8m
822898,822899,2023-12-12 21:57:00,2023-12-12 23:01:00,64.0,Tuesday,Tuesday,2023-12-12,2023-12-12,2023,2023,21:57,23:01,21,23,NON_WEEKEND_GAP,64,21:57 -> 23:01 | 64m
824275,824276,2023-12-13 21:57:00,2023-12-13 23:01:00,64.0,Wednesday,Wednesday,2023-12-13,2023-12-13,2023,2023,21:57,23:01,21,23,NON_WEEKEND_GAP,64,21:57 -> 23:01 | 64m
825652,825653,2023-12-14 21:57:00,2023-12-14 23:01:00,64.0,Thursday,Thursday,2023-12-14,2023-12-14,2023,2023,21:57,23:01,21,23,NON_WEEKEND_GAP,64,21:57 -> 23:01 | 64m
827029,827030,2023-12-15 21:57:00,2023-12-17 23:05:00,2948.0,Friday,Sunday,2023-12-15,2023-12-17,2023,2023,21:57,23:05,21,23,WEEKEND_TRANSITION,2948,21:57 -> 23:05 | 2948m
828402,828403,2023-12-18 21:57:00,2023-12-18 23:01:00,64.0,Monday,Monday,2023-12-18,2023-12-18,2023,2023,21:57,23:01,21,23,NON_WEEKEND_GAP,64,21:57 -> 23:01 | 64m
829779,829780,2023-12-19 21:57:00,2023-12-19 23:01:00,64.0,Tuesday,Tuesday,2023-12-19,2023-12-19,2023,2023,21:57,23:01,21,23,NON_WEEKEND_GAP,64,21:57 -> 23:01 | 64m
831156,831157,2023-12-20 21:57:00,2023-12-20 23:01:00,64.0,Wednesday,Wednesday,2023-12-20,2023-12-20,2023,2023,21:57,23:01,21,23,NON_WEEKEND_GAP,64,21:57 -> 23:01 | 64m
832533,832534,2023-12-21 21:57:00,2023-12-21 23:01:00,64.0,Thursday,Thursday,2023-12-21,2023-12-21,2023,2023,21:57,23:01,21,23,NON_WEEKEND_GAP,64,21:57 -> 23:01 | 64m
833910,833911,2023-12-22 21:57:00,2023-12-25 23:05:00,4388.0,Friday,Monday,2023-12-22,2023-12-25,2023,2023,21:57,23:05,21,23,WEEKEND_TRANSITION,4388,21:57 -> 23:05 | 4388m
833964,833965,2023-12-25 23:58:00,2023-12-26 00:00:00,2.0,Monday,Tuesday,2023-12-25,2023-12-26,2023,2023,23:58,00:00,23,0,NON_WEEKEND_GAP,2,23:58 -> 00:00 | 2m
835282,835283,2023-12-26 21:57:00,2023-12-26 23:01:00,64.0,Tuesday,Tuesday,2023-12-26,2023-12-26,2023,2023,21:57,23:01,21,23,NON_WEEKEND_GAP,64,21:57 -> 23:01 | 64m
836659,836660,2023-12-27 21:57:00,2023-12-27 23:01:00,64.0,Wednesday,Wednesday,2023-12-27,2023-12-27,2023,2023,21:57,23:01,21,23,NON_WEEKEND_GAP,64,21:57 -> 23:01 | 64m
838036,838037,2023-12-28 21:57:00,2023-12-28 23:01:00,64.0,Thursday,Thursday,2023-12-28,2023-12-28,2023,2023,21:57,23:01,21,23,NON_WEEKEND_GAP,64,21:57 -> 23:01 | 64m
839413,839414,2023-12-29 21:57:00,2024-01-01 23:05:00,4388.0,Friday,Monday,2023-12-29,2024-01-01,2023,2024,21:57,23:05,21,23,WEEKEND_TRANSITION,4388,21:57 -> 23:05 | 4388m
839467,839468,2024-01-01 23:58:00,2024-01-02 00:00:00,2.0,Monday,Tuesday,2024-01-01,2024-01-02,2024,2024,23:58,00:00,23,0,NON_WEEKEND_GAP,2,23:58 -> 00:00 | 2m
840785,840786,2024-01-02 21:57:00,2024-01-02 23:01:00,64.0,Tuesday,Tuesday,2024-01-02,2024-01-02,2024,2024,21:57,23:01,21,23,NON_WEEKEND_GAP,64,21:57 -> 23:01 | 64m
842162,842163,2024-01-03 21:57:00,2024-01-03 23:01:00,64.0,Wednesday,Wednesday,2024-01-03,2024-01-03,2024,2024,21:57,23:01,21,23,NON_WEEKEND_GAP,64,21:57 -> 23:01 | 64m
843539,843540,2024-01-04 21:57:00,2024-01-04 23:01:00,64.0,Thursday,Thursday,2024-01-04,2024-01-04,2024,2024,21:57,23:01,21,23,NON_WEEKEND_GAP,64,21:57 -> 23:01 | 64m
844916,844917,2024-01-05 21:57:00,2024-01-07 23:05:00,2948.0,Friday,Sunday,2024-01-05,2024-01-07,2024,2024,21:57,23:05,21,23,WEEKEND_TRANSITION,2948,21:57 -> 23:05 | 2948m
846289,846290,2024-01-08 21:57:00,2024-01-08 23:01:00,64.0,Monday,Monday,2024-01-08,2024-01-08,2024,2024,21:57,23:01,21,23,NON_WEEKEND_GAP,64,21:57 -> 23:01 | 64m
847666,847667,2024-01-09 21:57:00,2024-01-09 23:01:00,64.0,Tuesday,Tuesday,2024-01-09,2024-01-09,2024,2024,21:57,23:01,21,23,NON_WEEKEND_GAP,64,21:57 -> 23:01 | 64m
849043,849044,2024-01-10 21:57:00,2024-01-10 23:01:00,64.0,Wednesday,Wednesday,2024-01-10,2024-01-10,2024,2024,21:57,23:01,21,23,NON_WEEKEND_GAP,64,21:57 -> 23:01 | 64m
850420,850421,2024-01-11 21:57:00,2024-01-11 23:01:00,64.0,Thursday,Thursday,2024-01-11,2024-01-11,2024,2024,21:57,23:01,21,23,NON_WEEKEND_GAP,64,21:57 -> 23:01 | 64m
851797,851798,2024-01-12 21:57:00,2024-01-14 23:05:00,2948.0,Friday,Sunday,2024-01-12,2024-01-14,2024,2024,21:57,23:05,21,23,WEEKEND_TRANSITION,2948,21:57 -> 23:05 | 2948m
853007,853008,2024-01-15 19:14:00,2024-01-15 23:01:00,227.0,Monday,Monday,2024-01-15,2024-01-15,2024,2024,19:14,23:01,19,23,LONG_EXCEPTIONAL_GAP,228,19:14 -> 23:01 | 228m
854384,854385,2024-01-16 21:57:00,2024-01-16 23:01:00,64.0,Tuesday,Tuesday,2024-01-16,2024-01-16,2024,2024,21:57,23:01,21,23,NON_WEEKEND_GAP,64,21:57 -> 23:01 | 64m
855761,855762,2024-01-17 21:57:00,2024-01-17 23:01:00,64.0,Wednesday,Wednesday,2024-01-17,2024-01-17,2024,2024,21:57,23:01,21,23,NON_WEEKEND_GAP,64,21:57 -> 23:01 | 64m
857138,857139,2024-01-18 21:57:00,2024-01-18 23:01:00,64.0,Thursday,Thursday,2024-01-18,2024-01-18,2024,2024,21:57,23:01,21,23,NON_WEEKEND_GAP,64,21:57 -> 23:01 | 64m
858515,858516,2024-01-19 21:57:00,2024-01-21 23:05:00,2948.0,Friday,Sunday,2024-01-19,2024-01-21,2024,2024,21:57,23:05,21,23,WEEKEND_TRANSITION,2948,21:57 -> 23:05 | 2948m
859888,859889,2024-01-22 21:57:00,2024-01-22 23:01:00,64.0,Monday,Monday,2024-01-22,2024-01-22,2024,2024,21:57,23:01,21,23,NON_WEEKEND_GAP,64,21:57 -> 23:01 | 64m
861264,861265,2024-01-23 21:56:00,2024-01-23 23:01:00,65.0,Tuesday,Tuesday,2024-01-23,2024-01-23,2024,2024,21:56,23:01,21,23,NON_WEEKEND_GAP,64,21:56 -> 23:01 | 64m
861322,861323,2024-01-23 23:58:00,2024-01-24 00:00:00,2.0,Tuesday,Wednesday,2024-01-23,2024-01-24,2024,2024,23:58,00:00,23,0,NON_WEEKEND_GAP,2,23:58 -> 00:00 | 2m
862630,862631,2024-01-24 21:47:00,2024-01-24 21:49:00,2.0,Wednesday,Wednesday,2024-01-24,2024-01-24,2024,2024,21:47,21:49,21,21,NON_WEEKEND_GAP,2,21:47 -> 21:49 | 2m
862638,862639,2024-01-24 21:56:00,2024-01-24 23:01:00,65.0,Wednesday,Wednesday,2024-01-24,2024-01-24,2024,2024,21:56,23:01,21,23,NON_WEEKEND_GAP,64,21:56 -> 23:01 | 64m
862696,862697,2024-01-24 23:58:00,2024-01-25 00:00:00,2.0,Wednesday,Thursday,2024-01-24,2024-01-25,2024,2024,23:58,00:00,23,0,NON_WEEKEND_GAP,2,23:58 -> 00:00 | 2m
864013,864014,2024-01-25 21:56:00,2024-01-25 23:01:00,65.0,Thursday,Thursday,2024-01-25,2024-01-25,2024,2024,21:56,23:01,21,23,NON_WEEKEND_GAP,64,21:56 -> 23:01 | 64m
864071,864072,2024-01-25 23:58:00,2024-01-26 00:00:00,2.0,Thursday,Friday,2024-01-25,2024-01-26,2024,2024,23:58,00:00,23,0,NON_WEEKEND_GAP,2,23:58 -> 00:00 | 2m
865388,865389,2024-01-26 21:56:00,2024-01-28 23:05:00,2949.0,Friday,Sunday,2024-01-26,2024-01-28,2024,2024,21:56,23:05,21,23,WEEKEND_TRANSITION,2948,21:56 -> 23:05 | 2948m
866761,866762,2024-01-29 21:57:00,2024-01-29 23:01:00,64.0,Monday,Monday,2024-01-29,2024-01-29,2024,2024,21:57,23:01,21,23,NON_WEEKEND_GAP,64,21:57 -> 23:01 | 64m
868138,868139,2024-01-30 21:57:00,2024-01-30 23:01:00,64.0,Tuesday,Tuesday,2024-01-30,2024-01-30,2024,2024,21:57,23:01,21,23,NON_WEEKEND_GAP,64,21:57 -> 23:01 | 64m
869515,869516,2024-01-31 21:57:00,2024-01-31 23:01:00,64.0,Wednesday,Wednesday,2024-01-31,2024-01-31,2024,2024,21:57,23:01,21,23,NON_WEEKEND_GAP,64,21:57 -> 23:01 | 64m
870892,870893,2024-02-01 21:57:00,2024-02-01 23:01:00,64.0,Thursday,Thursday,2024-02-01,2024-02-01,2024,2024,21:57,23:01,21,23,NON_WEEKEND_GAP,64,21:57 -> 23:01 | 64m
872269,872270,2024-02-02 21:57:00,2024-02-04 23:05:00,2948.0,Friday,Sunday,2024-02-02,2024-02-04,2024,2024,21:57,23:05,21,23,WEEKEND_TRANSITION,2948,21:57 -> 23:05 | 2948m
872323,872324,2024-02-04 23:58:00,2024-02-05 00:00:00,2.0,Sunday,Monday,2024-02-04,2024-02-05,2024,2024,23:58,00:00,23,0,WEEKEND_TRANSITION,2,23:58 -> 00:00 | 2m
873640,873641,2024-02-05 21:56:00,2024-02-05 23:01:00,65.0,Monday,Monday,2024-02-05,2024-02-05,2024,2024,21:56,23:01,21,23,NON_WEEKEND_GAP,64,21:56 -> 23:01 | 64m
873698,873699,2024-02-05 23:58:00,2024-02-06 00:00:00,2.0,Monday,Tuesday,2024-02-05,2024-02-06,2024,2024,23:58,00:00,23,0,NON_WEEKEND_GAP,2,23:58 -> 00:00 | 2m
875015,875016,2024-02-06 21:56:00,2024-02-06 23:01:00,65.0,Tuesday,Tuesday,2024-02-06,2024-02-06,2024,2024,21:56,23:01,21,23,NON_WEEKEND_GAP,64,21:56 -> 23:01 | 64m
875073,875074,2024-02-06 23:58:00,2024-02-07 00:00:00,2.0,Tuesday,Wednesday,2024-02-06,2024-02-07,2024,2024,23:58,00:00,23,0,NON_WEEKEND_GAP,2,23:58 -> 00:00 | 2m
876381,876382,2024-02-07 21:47:00,2024-02-07 21:49:00,2.0,Wednesday,Wednesday,2024-02-07,2024-02-07,2024,2024,21:47,21:49,21,21,NON_WEEKEND_GAP,2,21:47 -> 21:49 | 2m
876389,876390,2024-02-07 21:56:00,2024-02-07 23:01:00,65.0,Wednesday,Wednesday,2024-02-07,2024-02-07,2024,2024,21:56,23:01,21,23,NON_WEEKEND_GAP,64,21:56 -> 23:01 | 64m
876447,876448,2024-02-07 23:58:00,2024-02-08 00:00:00,2.0,Wednesday,Thursday,2024-02-07,2024-02-08,2024,2024,23:58,00:00,23,0,NON_WEEKEND_GAP,2,23:58 -> 00:00 | 2m
877764,877765,2024-02-08 21:56:00,2024-02-08 23:01:00,65.0,Thursday,Thursday,2024-02-08,2024-02-08,2024,2024,21:56,23:01,21,23,NON_WEEKEND_GAP,64,21:56 -> 23:01 | 64m
877822,877823,2024-02-08 23:58:00,2024-02-09 00:00:00,2.0,Thursday,Friday,2024-02-08,2024-02-09,2024,2024,23:58,00:00,23,0,NON_WEEKEND_GAP,2,23:58 -> 00:00 | 2m
879139,879140,2024-02-09 21:56:00,2024-02-11 23:05:00,2949.0,Friday,Sunday,2024-02-09,2024-02-11,2024,2024,21:56,23:05,21,23,WEEKEND_TRANSITION,2948,21:56 -> 23:05 | 2948m
879193,879194,2024-02-11 23:58:00,2024-02-12 00:00:00,2.0,Sunday,Monday,2024-02-11,2024-02-12,2024,2024,23:58,00:00,23,0,WEEKEND_TRANSITION,2,23:58 -> 00:00 | 2m
880510,880511,2024-02-12 21:56:00,2024-02-12 23:01:00,65.0,Monday,Monday,2024-02-12,2024-02-12,2024,2024,21:56,23:01,21,23,NON_WEEKEND_GAP,64,21:56 -> 23:01 | 64m
880568,880569,2024-02-12 23:58:00,2024-02-13 00:00:00,2.0,Monday,Tuesday,2024-02-12,2024-02-13,2024,2024,23:58,00:00,23,0,NON_WEEKEND_GAP,2,23:58 -> 00:00 | 2m
881885,881886,2024-02-13 21:56:00,2024-02-13 23:01:00,65.0,Tuesday,Tuesday,2024-02-13,2024-02-13,2024,2024,21:56,23:01,21,23,NON_WEEKEND_GAP,64,21:56 -> 23:01 | 64m
881943,881944,2024-02-13 23:58:00,2024-02-14 00:00:00,2.0,Tuesday,Wednesday,2024-02-13,2024-02-14,2024,2024,23:58,00:00,23,0,NON_WEEKEND_GAP,2,23:58 -> 00:00 | 2m
883251,883252,2024-02-14 21:47:00,2024-02-14 21:49:00,2.0,Wednesday,Wednesday,2024-02-14,2024-02-14,2024,2024,21:47,21:49,21,21,NON_WEEKEND_GAP,2,21:47 -> 21:49 | 2m
883259,883260,2024-02-14 21:56:00,2024-02-14 23:01:00,65.0,Wednesday,Wednesday,2024-02-14,2024-02-14,2024,2024,21:56,23:01,21,23,NON_WEEKEND_GAP,64,21:56 -> 23:01 | 64m
883317,883318,2024-02-14 23:58:00,2024-02-15 00:00:00,2.0,Wednesday,Thursday,2024-02-14,2024-02-15,2024,2024,23:58,00:00,23,0,NON_WEEKEND_GAP,2,23:58 -> 00:00 | 2m
884634,884635,2024-02-15 21:56:00,2024-02-15 23:01:00,65.0,Thursday,Thursday,2024-02-15,2024-02-15,2024,2024,21:56,23:01,21,23,NON_WEEKEND_GAP,64,21:56 -> 23:01 | 64m
884692,884693,2024-02-15 23:58:00,2024-02-16 00:00:00,2.0,Thursday,Friday,2024-02-15,2024-02-16,2024,2024,23:58,00:00,23,0,NON_WEEKEND_GAP,2,23:58 -> 00:00 | 2m
886009,886010,2024-02-16 21:56:00,2024-02-18 23:05:00,2949.0,Friday,Sunday,2024-02-16,2024-02-18,2024,2024,21:56,23:05,21,23,WEEKEND_TRANSITION,2948,21:56 -> 23:05 | 2948m
886063,886064,2024-02-18 23:58:00,2024-02-19 00:00:00,2.0,Sunday,Monday,2024-02-18,2024-02-19,2024,2024,23:58,00:00,23,0,WEEKEND_TRANSITION,2,23:58 -> 00:00 | 2m
887217,887218,2024-02-19 19:13:00,2024-02-19 23:01:00,228.0,Monday,Monday,2024-02-19,2024-02-19,2024,2024,19:13,23:01,19,23,LONG_EXCEPTIONAL_GAP,228,19:13 -> 23:01 | 228m
887275,887276,2024-02-19 23:58:00,2024-02-20 00:00:00,2.0,Monday,Tuesday,2024-02-19,2024-02-20,2024,2024,23:58,00:00,23,0,NON_WEEKEND_GAP,2,23:58 -> 00:00 | 2m
888592,888593,2024-02-20 21:56:00,2024-02-20 23:01:00,65.0,Tuesday,Tuesday,2024-02-20,2024-02-20,2024,2024,21:56,23:01,21,23,NON_WEEKEND_GAP,64,21:56 -> 23:01 | 64m
888650,888651,2024-02-20 23:58:00,2024-02-21 00:00:00,2.0,Tuesday,Wednesday,2024-02-20,2024-02-21,2024,2024,23:58,00:00,23,0,NON_WEEKEND_GAP,2,23:58 -> 00:00 | 2m
889958,889959,2024-02-21 21:47:00,2024-02-21 21:49:00,2.0,Wednesday,Wednesday,2024-02-21,2024-02-21,2024,2024,21:47,21:49,21,21,NON_WEEKEND_GAP,2,21:47 -> 21:49 | 2m
889966,889967,2024-02-21 21:56:00,2024-02-21 23:01:00,65.0,Wednesday,Wednesday,2024-02-21,2024-02-21,2024,2024,21:56,23:01,21,23,NON_WEEKEND_GAP,64,21:56 -> 23:01 | 64m
890024,890025,2024-02-21 23:58:00,2024-02-22 00:00:00,2.0,Wednesday,Thursday,2024-02-21,2024-02-22,2024,2024,23:58,00:00,23,0,NON_WEEKEND_GAP,2,23:58 -> 00:00 | 2m
891341,891342,2024-02-22 21:56:00,2024-02-22 23:01:00,65.0,Thursday,Thursday,2024-02-22,2024-02-22,2024,2024,21:56,23:01,21,23,NON_WEEKEND_GAP,64,21:56 -> 23:01 | 64m
891399,891400,2024-02-22 23:58:00,2024-02-23 00:00:00,2.0,Thursday,Friday,2024-02-22,2024-02-23,2024,2024,23:58,00:00,23,0,NON_WEEKEND_GAP,2,23:58 -> 00:00 | 2m
892716,892717,2024-02-23 21:56:00,2024-02-25 23:05:00,2949.0,Friday,Sunday,2024-02-23,2024-02-25,2024,2024,21:56,23:05,21,23,WEEKEND_TRANSITION,2948,21:56 -> 23:05 | 2948m
892770,892771,2024-02-25 23:58:00,2024-02-26 00:00:00,2.0,Sunday,Monday,2024-02-25,2024-02-26,2024,2024,23:58,00:00,23,0,WEEKEND_TRANSITION,2,23:58 -> 00:00 | 2m
894087,894088,2024-02-26 21:56:00,2024-02-26 23:01:00,65.0,Monday,Monday,2024-02-26,2024-02-26,2024,2024,21:56,23:01,21,23,NON_WEEKEND_GAP,64,21:56 -> 23:01 | 64m
894145,894146,2024-02-26 23:58:00,2024-02-27 00:00:00,2.0,Monday,Tuesday,2024-02-26,2024-02-27,2024,2024,23:58,00:00,23,0,NON_WEEKEND_GAP,2,23:58 -> 00:00 | 2m
895462,895463,2024-02-27 21:56:00,2024-02-27 23:01:00,65.0,Tuesday,Tuesday,2024-02-27,2024-02-27,2024,2024,21:56,23:01,21,23,NON_WEEKEND_GAP,64,21:56 -> 23:01 | 64m
895520,895521,2024-02-27 23:58:00,2024-02-28 00:00:00,2.0,Tuesday,Wednesday,2024-02-27,2024-02-28,2024,2024,23:58,00:00,23,0,NON_WEEKEND_GAP,2,23:58 -> 00:00 | 2m
896828,896829,2024-02-28 21:47:00,2024-02-28 21:49:00,2.0,Wednesday,Wednesday,2024-02-28,2024-02-28,2024,2024,21:47,21:49,21,21,NON_WEEKEND_GAP,2,21:47 -> 21:49 | 2m
896836,896837,2024-02-28 21:56:00,2024-02-28 23:01:00,65.0,Wednesday,Wednesday,2024-02-28,2024-02-28,2024,2024,21:56,23:01,21,23,NON_WEEKEND_GAP,64,21:56 -> 23:01 | 64m
896894,896895,2024-02-28 23:58:00,2024-02-29 00:00:00,2.0,Wednesday,Thursday,2024-02-28,2024-02-29,2024,2024,23:58,00:00,23,0,NON_WEEKEND_GAP,2,23:58 -> 00:00 | 2m
898211,898212,2024-02-29 21:56:00,2024-02-29 23:01:00,65.0,Thursday,Thursday,2024-02-29,2024-02-29,2024,2024,21:56,23:01,21,23,NON_WEEKEND_GAP,64,21:56 -> 23:01 | 64m
898269,898270,2024-02-29 23:58:00,2024-03-01 00:00:00,2.0,Thursday,Friday,2024-02-29,2024-03-01,2024,2024,23:58,00:00,23,0,NON_WEEKEND_GAP,2,23:58 -> 00:00 | 2m
899586,899587,2024-03-01 21:56:00,2024-03-03 23:05:00,2949.0,Friday,Sunday,2024-03-01,2024-03-03,2024,2024,21:56,23:05,21,23,WEEKEND_TRANSITION,2948,21:56 -> 23:05 | 2948m
899640,899641,2024-03-03 23:58:00,2024-03-04 00:00:00,2.0,Sunday,Monday,2024-03-03,2024-03-04,2024,2024,23:58,00:00,23,0,WEEKEND_TRANSITION,2,23:58 -> 00:00 | 2m
900957,900958,2024-03-04 21:56:00,2024-03-04 23:01:00,65.0,Monday,Monday,2024-03-04,2024-03-04,2024,2024,21:56,23:01,21,23,NON_WEEKEND_GAP,64,21:56 -> 23:01 | 64m
901015,901016,2024-03-04 23:58:00,2024-03-05 00:00:00,2.0,Monday,Tuesday,2024-03-04,2024-03-05,2024,2024,23:58,00:00,23,0,NON_WEEKEND_GAP,2,23:58 -> 00:00 | 2m
902332,902333,2024-03-05 21:56:00,2024-03-05 23:01:00,65.0,Tuesday,Tuesday,2024-03-05,2024-03-05,2024,2024,21:56,23:01,21,23,NON_WEEKEND_GAP,64,21:56 -> 23:01 | 64m
902390,902391,2024-03-05 23:58:00,2024-03-06 00:00:00,2.0,Tuesday,Wednesday,2024-03-05,2024-03-06,2024,2024,23:58,00:00,23,0,NON_WEEKEND_GAP,2,23:58 -> 00:00 | 2m
903698,903699,2024-03-06 21:47:00,2024-03-06 21:49:00,2.0,Wednesday,Wednesday,2024-03-06,2024-03-06,2024,2024,21:47,21:49,21,21,NON_WEEKEND_GAP,2,21:47 -> 21:49 | 2m
903706,903707,2024-03-06 21:56:00,2024-03-06 23:01:00,65.0,Wednesday,Wednesday,2024-03-06,2024-03-06,2024,2024,21:56,23:01,21,23,NON_WEEKEND_GAP,64,21:56 -> 23:01 | 64m
903764,903765,2024-03-06 23:58:00,2024-03-07 00:00:00,2.0,Wednesday,Thursday,2024-03-06,2024-03-07,2024,2024,23:58,00:00,23,0,NON_WEEKEND_GAP,2,23:58 -> 00:00 | 2m
905081,905082,2024-03-07 21:56:00,2024-03-07 23:01:00,65.0,Thursday,Thursday,2024-03-07,2024-03-07,2024,2024,21:56,23:01,21,23,NON_WEEKEND_GAP,64,21:56 -> 23:01 | 64m
905139,905140,2024-03-07 23:58:00,2024-03-08 00:00:00,2.0,Thursday,Friday,2024-03-07,2024-03-08,2024,2024,23:58,00:00,23,0,NON_WEEKEND_GAP,2,23:58 -> 00:00 | 2m
906456,906457,2024-03-08 21:56:00,2024-03-10 22:05:00,2889.0,Friday,Sunday,2024-03-08,2024-03-10,2024,2024,21:56,22:05,21,22,WEEKEND_TRANSITION,2888,21:56 -> 22:05 | 2888m
907828,907829,2024-03-11 20:56:00,2024-03-11 22:01:00,65.0,Monday,Monday,2024-03-11,2024-03-11,2024,2024,20:56,22:01,20,22,NON_WEEKEND_GAP,64,20:56 -> 22:01 | 64m
907946,907947,2024-03-11 23:58:00,2024-03-12 00:00:00,2.0,Monday,Tuesday,2024-03-11,2024-03-12,2024,2024,23:58,00:00,23,0,NON_WEEKEND_GAP,2,23:58 -> 00:00 | 2m
909203,909204,2024-03-12 20:56:00,2024-03-12 22:01:00,65.0,Tuesday,Tuesday,2024-03-12,2024-03-12,2024,2024,20:56,22:01,20,22,NON_WEEKEND_GAP,64,20:56 -> 22:01 | 64m
909321,909322,2024-03-12 23:58:00,2024-03-13 00:00:00,2.0,Tuesday,Wednesday,2024-03-12,2024-03-13,2024,2024,23:58,00:00,23,0,NON_WEEKEND_GAP,2,23:58 -> 00:00 | 2m
910578,910579,2024-03-13 20:56:00,2024-03-13 22:01:00,65.0,Wednesday,Wednesday,2024-03-13,2024-03-13,2024,2024,20:56,22:01,20,22,NON_WEEKEND_GAP,64,20:56 -> 22:01 | 64m
910696,910697,2024-03-13 23:58:00,2024-03-14 00:00:00,2.0,Wednesday,Thursday,2024-03-13,2024-03-14,2024,2024,23:58,00:00,23,0,NON_WEEKEND_GAP,2,23:58 -> 00:00 | 2m
911954,911955,2024-03-14 20:57:00,2024-03-14 22:01:00,64.0,Thursday,Thursday,2024-03-14,2024-03-14,2024,2024,20:57,22:01,20,22,NON_WEEKEND_GAP,64,20:57 -> 22:01 | 64m
913330,913331,2024-03-15 20:56:00,2024-03-17 22:05:00,2949.0,Friday,Sunday,2024-03-15,2024-03-17,2024,2024,20:56,22:05,20,22,WEEKEND_TRANSITION,2948,20:56 -> 22:05 | 2948m
913444,913445,2024-03-17 23:58:00,2024-03-18 00:00:00,2.0,Sunday,Monday,2024-03-17,2024-03-18,2024,2024,23:58,00:00,23,0,WEEKEND_TRANSITION,2,23:58 -> 00:00 | 2m
914701,914702,2024-03-18 20:56:00,2024-03-18 22:01:00,65.0,Monday,Monday,2024-03-18,2024-03-18,2024,2024,20:56,22:01,20,22,NON_WEEKEND_GAP,64,20:56 -> 22:01 | 64m
914819,914820,2024-03-18 23:58:00,2024-03-19 00:00:00,2.0,Monday,Tuesday,2024-03-18,2024-03-19,2024,2024,23:58,00:00,23,0,NON_WEEKEND_GAP,2,23:58 -> 00:00 | 2m
916076,916077,2024-03-19 20:56:00,2024-03-19 22:01:00,65.0,Tuesday,Tuesday,2024-03-19,2024-03-19,2024,2024,20:56,22:01,20,22,NON_WEEKEND_GAP,64,20:56 -> 22:01 | 64m
916194,916195,2024-03-19 23:58:00,2024-03-20 00:00:00,2.0,Tuesday,Wednesday,2024-03-19,2024-03-20,2024,2024,23:58,00:00,23,0,NON_WEEKEND_GAP,2,23:58 -> 00:00 | 2m
917451,917452,2024-03-20 20:56:00,2024-03-20 22:01:00,65.0,Wednesday,Wednesday,2024-03-20,2024-03-20,2024,2024,20:56,22:01,20,22,NON_WEEKEND_GAP,64,20:56 -> 22:01 | 64m
917467,917468,2024-03-20 22:16:00,2024-03-20 22:26:00,10.0,Wednesday,Wednesday,2024-03-20,2024-03-20,2024,2024,22:16,22:26,22,22,NON_WEEKEND_GAP,10,22:16 -> 22:26 | 10m
917560,917561,2024-03-20 23:58:00,2024-03-21 00:00:00,2.0,Wednesday,Thursday,2024-03-20,2024-03-21,2024,2024,23:58,00:00,23,0,NON_WEEKEND_GAP,2,23:58 -> 00:00 | 2m
918817,918818,2024-03-21 20:56:00,2024-03-21 22:01:00,65.0,Thursday,Thursday,2024-03-21,2024-03-21,2024,2024,20:56,22:01,20,22,NON_WEEKEND_GAP,64,20:56 -> 22:01 | 64m
918935,918936,2024-03-21 23:58:00,2024-03-22 00:00:00,2.0,Thursday,Friday,2024-03-21,2024-03-22,2024,2024,23:58,00:00,23,0,NON_WEEKEND_GAP,2,23:58 -> 00:00 | 2m
920192,920193,2024-03-22 20:56:00,2024-03-24 22:05:00,2949.0,Friday,Sunday,2024-03-22,2024-03-24,2024,2024,20:56,22:05,20,22,WEEKEND_TRANSITION,2948,20:56 -> 22:05 | 2948m
921565,921566,2024-03-25 20:57:00,2024-03-25 22:01:00,64.0,Monday,Monday,2024-03-25,2024-03-25,2024,2024,20:57,22:01,20,22,NON_WEEKEND_GAP,64,20:57 -> 22:01 | 64m
922941,922942,2024-03-26 20:56:00,2024-03-26 22:01:00,65.0,Tuesday,Tuesday,2024-03-26,2024-03-26,2024,2024,20:56,22:01,20,22,NON_WEEKEND_GAP,64,20:56 -> 22:01 | 64m
923059,923060,2024-03-26 23:58:00,2024-03-27 00:00:00,2.0,Tuesday,Wednesday,2024-03-26,2024-03-27,2024,2024,23:58,00:00,23,0,NON_WEEKEND_GAP,2,23:58 -> 00:00 | 2m
924316,924317,2024-03-27 20:56:00,2024-03-27 22:01:00,65.0,Wednesday,Wednesday,2024-03-27,2024-03-27,2024,2024,20:56,22:01,20,22,NON_WEEKEND_GAP,64,20:56 -> 22:01 | 64m
924434,924435,2024-03-27 23:58:00,2024-03-28 00:00:00,2.0,Wednesday,Thursday,2024-03-27,2024-03-28,2024,2024,23:58,00:00,23,0,NON_WEEKEND_GAP,2,23:58 -> 00:00 | 2m
925691,925692,2024-03-28 20:56:00,2024-03-31 22:05:00,4389.0,Thursday,Sunday,2024-03-28,2024-03-31,2024,2024,20:56,22:05,20,22,WEEKEND_TRANSITION,4388,20:56 -> 22:05 | 4388m
925805,925806,2024-03-31 23:58:00,2024-04-01 00:00:00,2.0,Sunday,Monday,2024-03-31,2024-04-01,2024,2024,23:58,00:00,23,0,WEEKEND_TRANSITION,2,23:58 -> 00:00 | 2m
927062,927063,2024-04-01 20:56:00,2024-04-01 22:01:00,65.0,Monday,Monday,2024-04-01,2024-04-01,2024,2024,20:56,22:01,20,22,NON_WEEKEND_GAP,64,20:56 -> 22:01 | 64m
927180,927181,2024-04-01 23:58:00,2024-04-02 00:00:00,2.0,Monday,Tuesday,2024-04-01,2024-04-02,2024,2024,23:58,00:00,23,0,NON_WEEKEND_GAP,2,23:58 -> 00:00 | 2m
928437,928438,2024-04-02 20:56:00,2024-04-02 22:01:00,65.0,Tuesday,Tuesday,2024-04-02,2024-04-02,2024,2024,20:56,22:01,20,22,NON_WEEKEND_GAP,64,20:56 -> 22:01 | 64m
928555,928556,2024-04-02 23:58:00,2024-04-03 00:00:00,2.0,Tuesday,Wednesday,2024-04-02,2024-04-03,2024,2024,23:58,00:00,23,0,NON_WEEKEND_GAP,2,23:58 -> 00:00 | 2m
929812,929813,2024-04-03 20:56:00,2024-04-03 22:01:00,65.0,Wednesday,Wednesday,2024-04-03,2024-04-03,2024,2024,20:56,22:01,20,22,NON_WEEKEND_GAP,64,20:56 -> 22:01 | 64m
929930,929931,2024-04-03 23:58:00,2024-04-04 00:00:00,2.0,Wednesday,Thursday,2024-04-03,2024-04-04,2024,2024,23:58,00:00,23,0,NON_WEEKEND_GAP,2,23:58 -> 00:00 | 2m
931187,931188,2024-04-04 20:56:00,2024-04-04 22:01:00,65.0,Thursday,Thursday,2024-04-04,2024-04-04,2024,2024,20:56,22:01,20,22,NON_WEEKEND_GAP,64,20:56 -> 22:01 | 64m
931305,931306,2024-04-04 23:58:00,2024-04-05 00:00:00,2.0,Thursday,Friday,2024-04-04,2024-04-05,2024,2024,23:58,00:00,23,0,NON_WEEKEND_GAP,2,23:58 -> 00:00 | 2m
932562,932563,2024-04-05 20:56:00,2024-04-07 22:05:00,2949.0,Friday,Sunday,2024-04-05,2024-04-07,2024,2024,20:56,22:05,20,22,WEEKEND_TRANSITION,2948,20:56 -> 22:05 | 2948m
932676,932677,2024-04-07 23:58:00,2024-04-08 00:00:00,2.0,Sunday,Monday,2024-04-07,2024-04-08,2024,2024,23:58,00:00,23,0,WEEKEND_TRANSITION,2,23:58 -> 00:00 | 2m
933933,933934,2024-04-08 20:56:00,2024-04-08 22:01:00,65.0,Monday,Monday,2024-04-08,2024-04-08,2024,2024,20:56,22:01,20,22,NON_WEEKEND_GAP,64,20:56 -> 22:01 | 64m
934051,934052,2024-04-08 23:58:00,2024-04-09 00:00:00,2.0,Monday,Tuesday,2024-04-08,2024-04-09,2024,2024,23:58,00:00,23,0,NON_WEEKEND_GAP,2,23:58 -> 00:00 | 2m
935308,935309,2024-04-09 20:56:00,2024-04-09 22:01:00,65.0,Tuesday,Tuesday,2024-04-09,2024-04-09,2024,2024,20:56,22:01,20,22,NON_WEEKEND_GAP,64,20:56 -> 22:01 | 64m
935426,935427,2024-04-09 23:58:00,2024-04-10 00:00:00,2.0,Tuesday,Wednesday,2024-04-09,2024-04-10,2024,2024,23:58,00:00,23,0,NON_WEEKEND_GAP,2,23:58 -> 00:00 | 2m
936683,936684,2024-04-10 20:56:00,2024-04-10 22:01:00,65.0,Wednesday,Wednesday,2024-04-10,2024-04-10,2024,2024,20:56,22:01,20,22,NON_WEEKEND_GAP,64,20:56 -> 22:01 | 64m
936801,936802,2024-04-10 23:58:00,2024-04-11 00:00:00,2.0,Wednesday,Thursday,2024-04-10,2024-04-11,2024,2024,23:58,00:00,23,0,NON_WEEKEND_GAP,2,23:58 -> 00:00 | 2m
938058,938059,2024-04-11 20:56:00,2024-04-11 22:01:00,65.0,Thursday,Thursday,2024-04-11,2024-04-11,2024,2024,20:56,22:01,20,22,NON_WEEKEND_GAP,64,20:56 -> 22:01 | 64m
938176,938177,2024-04-11 23:58:00,2024-04-12 00:00:00,2.0,Thursday,Friday,2024-04-11,2024-04-12,2024,2024,23:58,00:00,23,0,NON_WEEKEND_GAP,2,23:58 -> 00:00 | 2m
939433,939434,2024-04-12 20:56:00,2024-04-14 22:09:00,2953.0,Friday,Sunday,2024-04-12,2024-04-14,2024,2024,20:56,22:09,20,22,WEEKEND_TRANSITION,2952,20:56 -> 22:09 | 2952m
939543,939544,2024-04-14 23:58:00,2024-04-15 00:00:00,2.0,Sunday,Monday,2024-04-14,2024-04-15,2024,2024,23:58,00:00,23,0,WEEKEND_TRANSITION,2,23:58 -> 00:00 | 2m
940800,940801,2024-04-15 20:56:00,2024-04-15 22:01:00,65.0,Monday,Monday,2024-04-15,2024-04-15,2024,2024,20:56,22:01,20,22,NON_WEEKEND_GAP,64,20:56 -> 22:01 | 64m
940918,940919,2024-04-15 23:58:00,2024-04-16 00:00:00,2.0,Monday,Tuesday,2024-04-15,2024-04-16,2024,2024,23:58,00:00,23,0,NON_WEEKEND_GAP,2,23:58 -> 00:00 | 2m
942175,942176,2024-04-16 20:56:00,2024-04-16 22:01:00,65.0,Tuesday,Tuesday,2024-04-16,2024-04-16,2024,2024,20:56,22:01,20,22,NON_WEEKEND_GAP,64,20:56 -> 22:01 | 64m
942293,942294,2024-04-16 23:58:00,2024-04-17 00:00:00,2.0,Tuesday,Wednesday,2024-04-16,2024-04-17,2024,2024,23:58,00:00,23,0,NON_WEEKEND_GAP,2,23:58 -> 00:00 | 2m
943550,943551,2024-04-17 20:56:00,2024-04-17 22:01:00,65.0,Wednesday,Wednesday,2024-04-17,2024-04-17,2024,2024,20:56,22:01,20,22,NON_WEEKEND_GAP,64,20:56 -> 22:01 | 64m
943668,943669,2024-04-17 23:58:00,2024-04-18 00:00:00,2.0,Wednesday,Thursday,2024-04-17,2024-04-18,2024,2024,23:58,00:00,23,0,NON_WEEKEND_GAP,2,23:58 -> 00:00 | 2m
944925,944926,2024-04-18 20:56:00,2024-04-18 22:01:00,65.0,Thursday,Thursday,2024-04-18,2024-04-18,2024,2024,20:56,22:01,20,22,NON_WEEKEND_GAP,64,20:56 -> 22:01 | 64m
945043,945044,2024-04-18 23:58:00,2024-04-19 00:00:00,2.0,Thursday,Friday,2024-04-18,2024-04-19,2024,2024,23:58,00:00,23,0,NON_WEEKEND_GAP,2,23:58 -> 00:00 | 2m
946300,946301,2024-04-19 20:56:00,2024-04-21 22:05:00,2949.0,Friday,Sunday,2024-04-19,2024-04-21,2024,2024,20:56,22:05,20,22,WEEKEND_TRANSITION,2948,20:56 -> 22:05 | 2948m
947673,947674,2024-04-22 20:57:00,2024-04-22 22:01:00,64.0,Monday,Monday,2024-04-22,2024-04-22,2024,2024,20:57,22:01,20,22,NON_WEEKEND_GAP,64,20:57 -> 22:01 | 64m
949050,949051,2024-04-23 20:57:00,2024-04-23 22:01:00,64.0,Tuesday,Tuesday,2024-04-23,2024-04-23,2024,2024,20:57,22:01,20,22,NON_WEEKEND_GAP,64,20:57 -> 22:01 | 64m
950427,950428,2024-04-24 20:57:00,2024-04-24 22:01:00,64.0,Wednesday,Wednesday,2024-04-24,2024-04-24,2024,2024,20:57,22:01,20,22,NON_WEEKEND_GAP,64,20:57 -> 22:01 | 64m
951804,951805,2024-04-25 20:57:00,2024-04-25 22:01:00,64.0,Thursday,Thursday,2024-04-25,2024-04-25,2024,2024,20:57,22:01,20,22,NON_WEEKEND_GAP,64,20:57 -> 22:01 | 64m
953181,953182,2024-04-26 20:57:00,2024-04-28 22:05:00,2948.0,Friday,Sunday,2024-04-26,2024-04-28,2024,2024,20:57,22:05,20,22,WEEKEND_TRANSITION,2948,20:57 -> 22:05 | 2948m
954554,954555,2024-04-29 20:57:00,2024-04-29 22:01:00,64.0,Monday,Monday,2024-04-29,2024-04-29,2024,2024,20:57,22:01,20,22,NON_WEEKEND_GAP,64,20:57 -> 22:01 | 64m
955931,955932,2024-04-30 20:57:00,2024-04-30 22:01:00,64.0,Tuesday,Tuesday,2024-04-30,2024-04-30,2024,2024,20:57,22:01,20,22,NON_WEEKEND_GAP,64,20:57 -> 22:01 | 64m
957308,957309,2024-05-01 20:57:00,2024-05-01 22:01:00,64.0,Wednesday,Wednesday,2024-05-01,2024-05-01,2024,2024,20:57,22:01,20,22,NON_WEEKEND_GAP,64,20:57 -> 22:01 | 64m
958685,958686,2024-05-02 20:57:00,2024-05-02 22:01:00,64.0,Thursday,Thursday,2024-05-02,2024-05-02,2024,2024,20:57,22:01,20,22,NON_WEEKEND_GAP,64,20:57 -> 22:01 | 64m
960062,960063,2024-05-03 20:57:00,2024-05-05 22:05:00,2948.0,Friday,Sunday,2024-05-03,2024-05-05,2024,2024,20:57,22:05,20,22,WEEKEND_TRANSITION,2948,20:57 -> 22:05 | 2948m
961435,961436,2024-05-06 20:57:00,2024-05-06 22:01:00,64.0,Monday,Monday,2024-05-06,2024-05-06,2024,2024,20:57,22:01,20,22,NON_WEEKEND_GAP,64,20:57 -> 22:01 | 64m
962812,962813,2024-05-07 20:57:00,2024-05-07 22:01:00,64.0,Tuesday,Tuesday,2024-05-07,2024-05-07,2024,2024,20:57,22:01,20,22,NON_WEEKEND_GAP,64,20:57 -> 22:01 | 64m
964189,964190,2024-05-08 20:57:00,2024-05-08 22:01:00,64.0,Wednesday,Wednesday,2024-05-08,2024-05-08,2024,2024,20:57,22:01,20,22,NON_WEEKEND_GAP,64,20:57 -> 22:01 | 64m
965566,965567,2024-05-09 20:57:00,2024-05-09 22:01:00,64.0,Thursday,Thursday,2024-05-09,2024-05-09,2024,2024,20:57,22:01,20,22,NON_WEEKEND_GAP,64,20:57 -> 22:01 | 64m
966943,966944,2024-05-10 20:57:00,2024-05-12 22:05:00,2948.0,Friday,Sunday,2024-05-10,2024-05-12,2024,2024,20:57,22:05,20,22,WEEKEND_TRANSITION,2948,20:57 -> 22:05 | 2948m
968316,968317,2024-05-13 20:57:00,2024-05-13 22:01:00,64.0,Monday,Monday,2024-05-13,2024-05-13,2024,2024,20:57,22:01,20,22,NON_WEEKEND_GAP,64,20:57 -> 22:01 | 64m
969693,969694,2024-05-14 20:57:00,2024-05-14 22:01:00,64.0,Tuesday,Tuesday,2024-05-14,2024-05-14,2024,2024,20:57,22:01,20,22,NON_WEEKEND_GAP,64,20:57 -> 22:01 | 64m
971070,971071,2024-05-15 20:57:00,2024-05-15 22:01:00,64.0,Wednesday,Wednesday,2024-05-15,2024-05-15,2024,2024,20:57,22:01,20,22,NON_WEEKEND_GAP,64,20:57 -> 22:01 | 64m
972447,972448,2024-05-16 20:57:00,2024-05-16 22:01:00,64.0,Thursday,Thursday,2024-05-16,2024-05-16,2024,2024,20:57,22:01,20,22,NON_WEEKEND_GAP,64,20:57 -> 22:01 | 64m
973824,973825,2024-05-17 20:57:00,2024-05-19 22:05:00,2948.0,Friday,Sunday,2024-05-17,2024-05-19,2024,2024,20:57,22:05,20,22,WEEKEND_TRANSITION,2948,20:57 -> 22:05 | 2948m
975197,975198,2024-05-20 20:57:00,2024-05-20 22:01:00,64.0,Monday,Monday,2024-05-20,2024-05-20,2024,2024,20:57,22:01,20,22,NON_WEEKEND_GAP,64,20:57 -> 22:01 | 64m
976574,976575,2024-05-21 20:57:00,2024-05-21 22:01:00,64.0,Tuesday,Tuesday,2024-05-21,2024-05-21,2024,2024,20:57,22:01,20,22,NON_WEEKEND_GAP,64,20:57 -> 22:01 | 64m
977951,977952,2024-05-22 20:57:00,2024-05-22 22:01:00,64.0,Wednesday,Wednesday,2024-05-22,2024-05-22,2024,2024,20:57,22:01,20,22,NON_WEEKEND_GAP,64,20:57 -> 22:01 | 64m
979328,979329,2024-05-23 20:57:00,2024-05-23 22:01:00,64.0,Thursday,Thursday,2024-05-23,2024-05-23,2024,2024,20:57,22:01,20,22,NON_WEEKEND_GAP,64,20:57 -> 22:01 | 64m
980705,980706,2024-05-24 20:57:00,2024-05-26 22:05:00,2948.0,Friday,Sunday,2024-05-24,2024-05-26,2024,2024,20:57,22:05,20,22,WEEKEND_TRANSITION,2948,20:57 -> 22:05 | 2948m
981855,981856,2024-05-27 17:14:00,2024-05-27 22:05:00,291.0,Monday,Monday,2024-05-27,2024-05-27,2024,2024,17:14,22:05,17,22,LONG_EXCEPTIONAL_GAP,292,17:14 -> 22:05 | 292m
983228,983229,2024-05-28 20:57:00,2024-05-28 22:01:00,64.0,Tuesday,Tuesday,2024-05-28,2024-05-28,2024,2024,20:57,22:01,20,22,NON_WEEKEND_GAP,64,20:57 -> 22:01 | 64m
984605,984606,2024-05-29 20:57:00,2024-05-29 22:01:00,64.0,Wednesday,Wednesday,2024-05-29,2024-05-29,2024,2024,20:57,22:01,20,22,NON_WEEKEND_GAP,64,20:57 -> 22:01 | 64m
985982,985983,2024-05-30 20:57:00,2024-05-30 22:01:00,64.0,Thursday,Thursday,2024-05-30,2024-05-30,2024,2024,20:57,22:01,20,22,NON_WEEKEND_GAP,64,20:57 -> 22:01 | 64m
987359,987360,2024-05-31 20:57:00,2024-06-02 22:05:00,2948.0,Friday,Sunday,2024-05-31,2024-06-02,2024,2024,20:57,22:05,20,22,WEEKEND_TRANSITION,2948,20:57 -> 22:05 | 2948m
988732,988733,2024-06-03 20:57:00,2024-06-03 22:01:00,64.0,Monday,Monday,2024-06-03,2024-06-03,2024,2024,20:57,22:01,20,22,NON_WEEKEND_GAP,64,20:57 -> 22:01 | 64m
990109,990110,2024-06-04 20:57:00,2024-06-04 22:01:00,64.0,Tuesday,Tuesday,2024-06-04,2024-06-04,2024,2024,20:57,22:01,20,22,NON_WEEKEND_GAP,64,20:57 -> 22:01 | 64m
991486,991487,2024-06-05 20:57:00,2024-06-05 22:01:00,64.0,Wednesday,Wednesday,2024-06-05,2024-06-05,2024,2024,20:57,22:01,20,22,NON_WEEKEND_GAP,64,20:57 -> 22:01 | 64m
992863,992864,2024-06-06 20:57:00,2024-06-06 22:01:00,64.0,Thursday,Thursday,2024-06-06,2024-06-06,2024,2024,20:57,22:01,20,22,NON_WEEKEND_GAP,64,20:57 -> 22:01 | 64m
993492,993493,2024-06-07 08:29:00,2024-06-07 08:39:00,10.0,Friday,Friday,2024-06-07,2024-06-07,2024,2024,08:29,08:39,8,8,NON_WEEKEND_GAP,10,08:29 -> 08:39 | 10m
994231,994232,2024-06-07 20:57:00,2024-06-09 22:05:00,2948.0,Friday,Sunday,2024-06-07,2024-06-09,2024,2024,20:57,22:05,20,22,WEEKEND_TRANSITION,2948,20:57 -> 22:05 | 2948m
995604,995605,2024-06-10 20:57:00,2024-06-10 22:01:00,64.0,Monday,Monday,2024-06-10,2024-06-10,2024,2024,20:57,22:01,20,22,NON_WEEKEND_GAP,64,20:57 -> 22:01 | 64m
996981,996982,2024-06-11 20:57:00,2024-06-11 22:01:00,64.0,Tuesday,Tuesday,2024-06-11,2024-06-11,2024,2024,20:57,22:01,20,22,NON_WEEKEND_GAP,64,20:57 -> 22:01 | 64m
998358,998359,2024-06-12 20:57:00,2024-06-12 22:01:00,64.0,Wednesday,Wednesday,2024-06-12,2024-06-12,2024,2024,20:57,22:01,20,22,NON_WEEKEND_GAP,64,20:57 -> 22:01 | 64m
999735,999736,2024-06-13 20:57:00,2024-06-13 22:01:00,64.0,Thursday,Thursday,2024-06-13,2024-06-13,2024,2024,20:57,22:01,20,22,NON_WEEKEND_GAP,64,20:57 -> 22:01 | 64m
1001112,1001113,2024-06-14 20:57:00,2024-06-16 22:05:00,2948.0,Friday,Sunday,2024-06-14,2024-06-16,2024,2024,20:57,22:05,20,22,WEEKEND_TRANSITION,2948,20:57 -> 22:05 | 2948m
1002485,1002486,2024-06-17 20:57:00,2024-06-17 22:01:00,64.0,Monday,Monday,2024-06-17,2024-06-17,2024,2024,20:57,22:01,20,22,NON_WEEKEND_GAP,64,20:57 -> 22:01 | 64m
1003862,1003863,2024-06-18 20:57:00,2024-06-18 22:01:00,64.0,Tuesday,Tuesday,2024-06-18,2024-06-18,2024,2024,20:57,22:01,20,22,NON_WEEKEND_GAP,64,20:57 -> 22:01 | 64m
1005016,1005017,2024-06-19 17:14:00,2024-06-19 22:05:00,291.0,Wednesday,Wednesday,2024-06-19,2024-06-19,2024,2024,17:14,22:05,17,22,LONG_EXCEPTIONAL_GAP,292,17:14 -> 22:05 | 292m
1006389,1006390,2024-06-20 20:57:00,2024-06-20 22:01:00,64.0,Thursday,Thursday,2024-06-20,2024-06-20,2024,2024,20:57,22:01,20,22,NON_WEEKEND_GAP,64,20:57 -> 22:01 | 64m
1007766,1007767,2024-06-21 20:57:00,2024-06-23 22:05:00,2948.0,Friday,Sunday,2024-06-21,2024-06-23,2024,2024,20:57,22:05,20,22,WEEKEND_TRANSITION,2948,20:57 -> 22:05 | 2948m
1009139,1009140,2024-06-24 20:57:00,2024-06-24 22:01:00,64.0,Monday,Monday,2024-06-24,2024-06-24,2024,2024,20:57,22:01,20,22,NON_WEEKEND_GAP,64,20:57 -> 22:01 | 64m
1010516,1010517,2024-06-25 20:57:00,2024-06-25 22:01:00,64.0,Tuesday,Tuesday,2024-06-25,2024-06-25,2024,2024,20:57,22:01,20,22,NON_WEEKEND_GAP,64,20:57 -> 22:01 | 64m
1011893,1011894,2024-06-26 20:57:00,2024-06-26 22:01:00,64.0,Wednesday,Wednesday,2024-06-26,2024-06-26,2024,2024,20:57,22:01,20,22,NON_WEEKEND_GAP,64,20:57 -> 22:01 | 64m
1013270,1013271,2024-06-27 20:57:00,2024-06-27 22:01:00,64.0,Thursday,Thursday,2024-06-27,2024-06-27,2024,2024,20:57,22:01,20,22,NON_WEEKEND_GAP,64,20:57 -> 22:01 | 64m
1014647,1014648,2024-06-28 20:57:00,2024-06-30 22:05:00,2948.0,Friday,Sunday,2024-06-28,2024-06-30,2024,2024,20:57,22:05,20,22,WEEKEND_TRANSITION,2948,20:57 -> 22:05 | 2948m
1016020,1016021,2024-07-01 20:57:00,2024-07-01 22:01:00,64.0,Monday,Monday,2024-07-01,2024-07-01,2024,2024,20:57,22:01,20,22,NON_WEEKEND_GAP,64,20:57 -> 22:01 | 64m
1017397,1017398,2024-07-02 20:57:00,2024-07-02 22:01:00,64.0,Tuesday,Tuesday,2024-07-02,2024-07-02,2024,2024,20:57,22:01,20,22,NON_WEEKEND_GAP,64,20:57 -> 22:01 | 64m
1017884,1017885,2024-07-03 06:07:00,2024-07-03 06:09:00,2.0,Wednesday,Wednesday,2024-07-03,2024-07-03,2024,2024,06:07,06:09,6,6,NON_WEEKEND_GAP,2,06:07 -> 06:09 | 2m
1018773,1018774,2024-07-03 20:57:00,2024-07-03 22:01:00,64.0,Wednesday,Wednesday,2024-07-03,2024-07-03,2024,2024,20:57,22:01,20,22,NON_WEEKEND_GAP,64,20:57 -> 22:01 | 64m
1019927,1019928,2024-07-04 17:14:00,2024-07-04 22:05:00,291.0,Thursday,Thursday,2024-07-04,2024-07-04,2024,2024,17:14,22:05,17,22,LONG_EXCEPTIONAL_GAP,292,17:14 -> 22:05 | 292m
1021300,1021301,2024-07-05 20:57:00,2024-07-07 22:05:00,2948.0,Friday,Sunday,2024-07-05,2024-07-07,2024,2024,20:57,22:05,20,22,WEEKEND_TRANSITION,2948,20:57 -> 22:05 | 2948m
1022673,1022674,2024-07-08 20:57:00,2024-07-08 22:01:00,64.0,Monday,Monday,2024-07-08,2024-07-08,2024,2024,20:57,22:01,20,22,NON_WEEKEND_GAP,64,20:57 -> 22:01 | 64m
1024050,1024051,2024-07-09 20:57:00,2024-07-09 22:01:00,64.0,Tuesday,Tuesday,2024-07-09,2024-07-09,2024,2024,20:57,22:01,20,22,NON_WEEKEND_GAP,64,20:57 -> 22:01 | 64m
1025427,1025428,2024-07-10 20:57:00,2024-07-10 22:01:00,64.0,Wednesday,Wednesday,2024-07-10,2024-07-10,2024,2024,20:57,22:01,20,22,NON_WEEKEND_GAP,64,20:57 -> 22:01 | 64m
1026804,1026805,2024-07-11 20:57:00,2024-07-11 22:01:00,64.0,Thursday,Thursday,2024-07-11,2024-07-11,2024,2024,20:57,22:01,20,22,NON_WEEKEND_GAP,64,20:57 -> 22:01 | 64m
1028181,1028182,2024-07-12 20:57:00,2024-07-14 22:05:00,2948.0,Friday,Sunday,2024-07-12,2024-07-14,2024,2024,20:57,22:05,20,22,WEEKEND_TRANSITION,2948,20:57 -> 22:05 | 2948m
1029554,1029555,2024-07-15 20:57:00,2024-07-15 22:01:00,64.0,Monday,Monday,2024-07-15,2024-07-15,2024,2024,20:57,22:01,20,22,NON_WEEKEND_GAP,64,20:57 -> 22:01 | 64m
1030931,1030932,2024-07-16 20:57:00,2024-07-16 22:01:00,64.0,Tuesday,Tuesday,2024-07-16,2024-07-16,2024,2024,20:57,22:01,20,22,NON_WEEKEND_GAP,64,20:57 -> 22:01 | 64m
1032308,1032309,2024-07-17 20:57:00,2024-07-17 22:01:00,64.0,Wednesday,Wednesday,2024-07-17,2024-07-17,2024,2024,20:57,22:01,20,22,NON_WEEKEND_GAP,64,20:57 -> 22:01 | 64m
1033685,1033686,2024-07-18 20:57:00,2024-07-18 22:01:00,64.0,Thursday,Thursday,2024-07-18,2024-07-18,2024,2024,20:57,22:01,20,22,NON_WEEKEND_GAP,64,20:57 -> 22:01 | 64m
1035062,1035063,2024-07-19 20:57:00,2024-07-21 22:05:00,2948.0,Friday,Sunday,2024-07-19,2024-07-21,2024,2024,20:57,22:05,20,22,WEEKEND_TRANSITION,2948,20:57 -> 22:05 | 2948m
1036435,1036436,2024-07-22 20:57:00,2024-07-22 22:01:00,64.0,Monday,Monday,2024-07-22,2024-07-22,2024,2024,20:57,22:01,20,22,NON_WEEKEND_GAP,64,20:57 -> 22:01 | 64m
1037812,1037813,2024-07-23 20:57:00,2024-07-23 22:01:00,64.0,Tuesday,Tuesday,2024-07-23,2024-07-23,2024,2024,20:57,22:01,20,22,NON_WEEKEND_GAP,64,20:57 -> 22:01 | 64m
1039189,1039190,2024-07-24 20:57:00,2024-07-24 22:01:00,64.0,Wednesday,Wednesday,2024-07-24,2024-07-24,2024,2024,20:57,22:01,20,22,NON_WEEKEND_GAP,64,20:57 -> 22:01 | 64m
1040566,1040567,2024-07-25 20:57:00,2024-07-25 22:01:00,64.0,Thursday,Thursday,2024-07-25,2024-07-25,2024,2024,20:57,22:01,20,22,NON_WEEKEND_GAP,64,20:57 -> 22:01 | 64m
1041943,1041944,2024-07-26 20:57:00,2024-07-28 22:05:00,2948.0,Friday,Sunday,2024-07-26,2024-07-28,2024,2024,20:57,22:05,20,22,WEEKEND_TRANSITION,2948,20:57 -> 22:05 | 2948m
1043316,1043317,2024-07-29 20:57:00,2024-07-29 22:01:00,64.0,Monday,Monday,2024-07-29,2024-07-29,2024,2024,20:57,22:01,20,22,NON_WEEKEND_GAP,64,20:57 -> 22:01 | 64m
1044693,1044694,2024-07-30 20:57:00,2024-07-30 22:01:00,64.0,Tuesday,Tuesday,2024-07-30,2024-07-30,2024,2024,20:57,22:01,20,22,NON_WEEKEND_GAP,64,20:57 -> 22:01 | 64m
1046070,1046071,2024-07-31 20:57:00,2024-07-31 22:01:00,64.0,Wednesday,Wednesday,2024-07-31,2024-07-31,2024,2024,20:57,22:01,20,22,NON_WEEKEND_GAP,64,20:57 -> 22:01 | 64m
1047447,1047448,2024-08-01 20:57:00,2024-08-01 22:01:00,64.0,Thursday,Thursday,2024-08-01,2024-08-01,2024,2024,20:57,22:01,20,22,NON_WEEKEND_GAP,64,20:57 -> 22:01 | 64m
1048824,1048825,2024-08-02 20:57:00,2024-08-04 22:05:00,2948.0,Friday,Sunday,2024-08-02,2024-08-04,2024,2024,20:57,22:05,20,22,WEEKEND_TRANSITION,2948,20:57 -> 22:05 | 2948m
1050197,1050198,2024-08-05 20:57:00,2024-08-05 22:01:00,64.0,Monday,Monday,2024-08-05,2024-08-05,2024,2024,20:57,22:01,20,22,NON_WEEKEND_GAP,64,20:57 -> 22:01 | 64m
1051574,1051575,2024-08-06 20:57:00,2024-08-06 22:01:00,64.0,Tuesday,Tuesday,2024-08-06,2024-08-06,2024,2024,20:57,22:01,20,22,NON_WEEKEND_GAP,64,20:57 -> 22:01 | 64m
1052951,1052952,2024-08-07 20:57:00,2024-08-07 22:01:00,64.0,Wednesday,Wednesday,2024-08-07,2024-08-07,2024,2024,20:57,22:01,20,22,NON_WEEKEND_GAP,64,20:57 -> 22:01 | 64m
1054328,1054329,2024-08-08 20:57:00,2024-08-08 22:01:00,64.0,Thursday,Thursday,2024-08-08,2024-08-08,2024,2024,20:57,22:01,20,22,NON_WEEKEND_GAP,64,20:57 -> 22:01 | 64m
1055705,1055706,2024-08-09 20:57:00,2024-08-11 22:05:00,2948.0,Friday,Sunday,2024-08-09,2024-08-11,2024,2024,20:57,22:05,20,22,WEEKEND_TRANSITION,2948,20:57 -> 22:05 | 2948m
1057078,1057079,2024-08-12 20:57:00,2024-08-12 22:01:00,64.0,Monday,Monday,2024-08-12,2024-08-12,2024,2024,20:57,22:01,20,22,NON_WEEKEND_GAP,64,20:57 -> 22:01 | 64m
1058455,1058456,2024-08-13 20:57:00,2024-08-13 22:01:00,64.0,Tuesday,Tuesday,2024-08-13,2024-08-13,2024,2024,20:57,22:01,20,22,NON_WEEKEND_GAP,64,20:57 -> 22:01 | 64m
1059832,1059833,2024-08-14 20:57:00,2024-08-14 22:01:00,64.0,Wednesday,Wednesday,2024-08-14,2024-08-14,2024,2024,20:57,22:01,20,22,NON_WEEKEND_GAP,64,20:57 -> 22:01 | 64m
1061209,1061210,2024-08-15 20:57:00,2024-08-15 22:01:00,64.0,Thursday,Thursday,2024-08-15,2024-08-15,2024,2024,20:57,22:01,20,22,NON_WEEKEND_GAP,64,20:57 -> 22:01 | 64m
1062586,1062587,2024-08-16 20:57:00,2024-08-18 22:05:00,2948.0,Friday,Sunday,2024-08-16,2024-08-18,2024,2024,20:57,22:05,20,22,WEEKEND_TRANSITION,2948,20:57 -> 22:05 | 2948m
1063959,1063960,2024-08-19 20:57:00,2024-08-19 22:01:00,64.0,Monday,Monday,2024-08-19,2024-08-19,2024,2024,20:57,22:01,20,22,NON_WEEKEND_GAP,64,20:57 -> 22:01 | 64m
1065336,1065337,2024-08-20 20:57:00,2024-08-20 22:01:00,64.0,Tuesday,Tuesday,2024-08-20,2024-08-20,2024,2024,20:57,22:01,20,22,NON_WEEKEND_GAP,64,20:57 -> 22:01 | 64m
1066713,1066714,2024-08-21 20:57:00,2024-08-21 22:01:00,64.0,Wednesday,Wednesday,2024-08-21,2024-08-21,2024,2024,20:57,22:01,20,22,NON_WEEKEND_GAP,64,20:57 -> 22:01 | 64m
1068090,1068091,2024-08-22 20:57:00,2024-08-22 22:01:00,64.0,Thursday,Thursday,2024-08-22,2024-08-22,2024,2024,20:57,22:01,20,22,NON_WEEKEND_GAP,64,20:57 -> 22:01 | 64m
1069467,1069468,2024-08-23 20:57:00,2024-08-25 22:05:00,2948.0,Friday,Sunday,2024-08-23,2024-08-25,2024,2024,20:57,22:05,20,22,WEEKEND_TRANSITION,2948,20:57 -> 22:05 | 2948m
1070840,1070841,2024-08-26 20:57:00,2024-08-26 22:01:00,64.0,Monday,Monday,2024-08-26,2024-08-26,2024,2024,20:57,22:01,20,22,NON_WEEKEND_GAP,64,20:57 -> 22:01 | 64m
1072217,1072218,2024-08-27 20:57:00,2024-08-27 22:01:00,64.0,Tuesday,Tuesday,2024-08-27,2024-08-27,2024,2024,20:57,22:01,20,22,NON_WEEKEND_GAP,64,20:57 -> 22:01 | 64m
1073594,1073595,2024-08-28 20:57:00,2024-08-28 22:01:00,64.0,Wednesday,Wednesday,2024-08-28,2024-08-28,2024,2024,20:57,22:01,20,22,NON_WEEKEND_GAP,64,20:57 -> 22:01 | 64m
1074971,1074972,2024-08-29 20:57:00,2024-08-29 22:01:00,64.0,Thursday,Thursday,2024-08-29,2024-08-29,2024,2024,20:57,22:01,20,22,NON_WEEKEND_GAP,64,20:57 -> 22:01 | 64m
1076348,1076349,2024-08-30 20:57:00,2024-09-01 22:05:00,2948.0,Friday,Sunday,2024-08-30,2024-09-01,2024,2024,20:57,22:05,20,22,WEEKEND_TRANSITION,2948,20:57 -> 22:05 | 2948m
1077513,1077514,2024-09-02 17:29:00,2024-09-02 22:05:00,276.0,Monday,Monday,2024-09-02,2024-09-02,2024,2024,17:29,22:05,17,22,LONG_EXCEPTIONAL_GAP,276,17:29 -> 22:05 | 276m
1078886,1078887,2024-09-03 20:57:00,2024-09-03 22:01:00,64.0,Tuesday,Tuesday,2024-09-03,2024-09-03,2024,2024,20:57,22:01,20,22,NON_WEEKEND_GAP,64,20:57 -> 22:01 | 64m
1080263,1080264,2024-09-04 20:57:00,2024-09-04 22:01:00,64.0,Wednesday,Wednesday,2024-09-04,2024-09-04,2024,2024,20:57,22:01,20,22,NON_WEEKEND_GAP,64,20:57 -> 22:01 | 64m
1081640,1081641,2024-09-05 20:57:00,2024-09-05 22:01:00,64.0,Thursday,Thursday,2024-09-05,2024-09-05,2024,2024,20:57,22:01,20,22,NON_WEEKEND_GAP,64,20:57 -> 22:01 | 64m
1083017,1083018,2024-09-06 20:57:00,2024-09-08 22:05:00,2948.0,Friday,Sunday,2024-09-06,2024-09-08,2024,2024,20:57,22:05,20,22,WEEKEND_TRANSITION,2948,20:57 -> 22:05 | 2948m
1084390,1084391,2024-09-09 20:57:00,2024-09-09 22:01:00,64.0,Monday,Monday,2024-09-09,2024-09-09,2024,2024,20:57,22:01,20,22,NON_WEEKEND_GAP,64,20:57 -> 22:01 | 64m
1085767,1085768,2024-09-10 20:57:00,2024-09-10 22:01:00,64.0,Tuesday,Tuesday,2024-09-10,2024-09-10,2024,2024,20:57,22:01,20,22,NON_WEEKEND_GAP,64,20:57 -> 22:01 | 64m
1086161,1086162,2024-09-11 04:34:00,2024-09-11 04:42:00,8.0,Wednesday,Wednesday,2024-09-11,2024-09-11,2024,2024,04:34,04:42,4,4,NON_WEEKEND_GAP,8,04:34 -> 04:42 | 8m
1087137,1087138,2024-09-11 20:57:00,2024-09-11 22:01:00,64.0,Wednesday,Wednesday,2024-09-11,2024-09-11,2024,2024,20:57,22:01,20,22,NON_WEEKEND_GAP,64,20:57 -> 22:01 | 64m
1088514,1088515,2024-09-12 20:57:00,2024-09-12 22:01:00,64.0,Thursday,Thursday,2024-09-12,2024-09-12,2024,2024,20:57,22:01,20,22,NON_WEEKEND_GAP,64,20:57 -> 22:01 | 64m
1089891,1089892,2024-09-13 20:57:00,2024-09-15 22:05:00,2948.0,Friday,Sunday,2024-09-13,2024-09-15,2024,2024,20:57,22:05,20,22,WEEKEND_TRANSITION,2948,20:57 -> 22:05 | 2948m
1091264,1091265,2024-09-16 20:57:00,2024-09-16 22:01:00,64.0,Monday,Monday,2024-09-16,2024-09-16,2024,2024,20:57,22:01,20,22,NON_WEEKEND_GAP,64,20:57 -> 22:01 | 64m
1092641,1092642,2024-09-17 20:57:00,2024-09-17 22:01:00,64.0,Tuesday,Tuesday,2024-09-17,2024-09-17,2024,2024,20:57,22:01,20,22,NON_WEEKEND_GAP,64,20:57 -> 22:01 | 64m
1094018,1094019,2024-09-18 20:57:00,2024-09-18 22:01:00,64.0,Wednesday,Wednesday,2024-09-18,2024-09-18,2024,2024,20:57,22:01,20,22,NON_WEEKEND_GAP,64,20:57 -> 22:01 | 64m
1095395,1095396,2024-09-19 20:57:00,2024-09-19 22:01:00,64.0,Thursday,Thursday,2024-09-19,2024-09-19,2024,2024,20:57,22:01,20,22,NON_WEEKEND_GAP,64,20:57 -> 22:01 | 64m
1096772,1096773,2024-09-20 20:57:00,2024-09-22 22:05:00,2948.0,Friday,Sunday,2024-09-20,2024-09-22,2024,2024,20:57,22:05,20,22,WEEKEND_TRANSITION,2948,20:57 -> 22:05 | 2948m
1098145,1098146,2024-09-23 20:57:00,2024-09-23 22:01:00,64.0,Monday,Monday,2024-09-23,2024-09-23,2024,2024,20:57,22:01,20,22,NON_WEEKEND_GAP,64,20:57 -> 22:01 | 64m
1099522,1099523,2024-09-24 20:57:00,2024-09-24 22:01:00,64.0,Tuesday,Tuesday,2024-09-24,2024-09-24,2024,2024,20:57,22:01,20,22,NON_WEEKEND_GAP,64,20:57 -> 22:01 | 64m
1100899,1100900,2024-09-25 20:57:00,2024-09-25 22:01:00,64.0,Wednesday,Wednesday,2024-09-25,2024-09-25,2024,2024,20:57,22:01,20,22,NON_WEEKEND_GAP,64,20:57 -> 22:01 | 64m
1102276,1102277,2024-09-26 20:57:00,2024-09-26 22:01:00,64.0,Thursday,Thursday,2024-09-26,2024-09-26,2024,2024,20:57,22:01,20,22,NON_WEEKEND_GAP,64,20:57 -> 22:01 | 64m
1103653,1103654,2024-09-27 20:57:00,2024-09-29 22:05:00,2948.0,Friday,Sunday,2024-09-27,2024-09-29,2024,2024,20:57,22:05,20,22,WEEKEND_TRANSITION,2948,20:57 -> 22:05 | 2948m
1105026,1105027,2024-09-30 20:57:00,2024-09-30 22:01:00,64.0,Monday,Monday,2024-09-30,2024-09-30,2024,2024,20:57,22:01,20,22,NON_WEEKEND_GAP,64,20:57 -> 22:01 | 64m
1106403,1106404,2024-10-01 20:57:00,2024-10-01 22:01:00,64.0,Tuesday,Tuesday,2024-10-01,2024-10-01,2024,2024,20:57,22:01,20,22,NON_WEEKEND_GAP,64,20:57 -> 22:01 | 64m
1107780,1107781,2024-10-02 20:57:00,2024-10-02 22:01:00,64.0,Wednesday,Wednesday,2024-10-02,2024-10-02,2024,2024,20:57,22:01,20,22,NON_WEEKEND_GAP,64,20:57 -> 22:01 | 64m
1109157,1109158,2024-10-03 20:57:00,2024-10-03 22:01:00,64.0,Thursday,Thursday,2024-10-03,2024-10-03,2024,2024,20:57,22:01,20,22,NON_WEEKEND_GAP,64,20:57 -> 22:01 | 64m
1110534,1110535,2024-10-04 20:57:00,2024-10-06 22:05:00,2948.0,Friday,Sunday,2024-10-04,2024-10-06,2024,2024,20:57,22:05,20,22,WEEKEND_TRANSITION,2948,20:57 -> 22:05 | 2948m
1111907,1111908,2024-10-07 20:57:00,2024-10-07 22:01:00,64.0,Monday,Monday,2024-10-07,2024-10-07,2024,2024,20:57,22:01,20,22,NON_WEEKEND_GAP,64,20:57 -> 22:01 | 64m
1113284,1113285,2024-10-08 20:57:00,2024-10-08 22:01:00,64.0,Tuesday,Tuesday,2024-10-08,2024-10-08,2024,2024,20:57,22:01,20,22,NON_WEEKEND_GAP,64,20:57 -> 22:01 | 64m
1114661,1114662,2024-10-09 20:57:00,2024-10-09 22:01:00,64.0,Wednesday,Wednesday,2024-10-09,2024-10-09,2024,2024,20:57,22:01,20,22,NON_WEEKEND_GAP,64,20:57 -> 22:01 | 64m
1116038,1116039,2024-10-10 20:57:00,2024-10-10 22:01:00,64.0,Thursday,Thursday,2024-10-10,2024-10-10,2024,2024,20:57,22:01,20,22,NON_WEEKEND_GAP,64,20:57 -> 22:01 | 64m
1117415,1117416,2024-10-11 20:57:00,2024-10-13 22:05:00,2948.0,Friday,Sunday,2024-10-11,2024-10-13,2024,2024,20:57,22:05,20,22,WEEKEND_TRANSITION,2948,20:57 -> 22:05 | 2948m
1118788,1118789,2024-10-14 20:57:00,2024-10-14 22:01:00,64.0,Monday,Monday,2024-10-14,2024-10-14,2024,2024,20:57,22:01,20,22,NON_WEEKEND_GAP,64,20:57 -> 22:01 | 64m
1120165,1120166,2024-10-15 20:57:00,2024-10-15 22:01:00,64.0,Tuesday,Tuesday,2024-10-15,2024-10-15,2024,2024,20:57,22:01,20,22,NON_WEEKEND_GAP,64,20:57 -> 22:01 | 64m
1121542,1121543,2024-10-16 20:57:00,2024-10-16 22:01:00,64.0,Wednesday,Wednesday,2024-10-16,2024-10-16,2024,2024,20:57,22:01,20,22,NON_WEEKEND_GAP,64,20:57 -> 22:01 | 64m
1122919,1122920,2024-10-17 20:57:00,2024-10-17 22:01:00,64.0,Thursday,Thursday,2024-10-17,2024-10-17,2024,2024,20:57,22:01,20,22,NON_WEEKEND_GAP,64,20:57 -> 22:01 | 64m
1124296,1124297,2024-10-18 20:57:00,2024-10-20 22:05:00,2948.0,Friday,Sunday,2024-10-18,2024-10-20,2024,2024,20:57,22:05,20,22,WEEKEND_TRANSITION,2948,20:57 -> 22:05 | 2948m
1125669,1125670,2024-10-21 20:57:00,2024-10-21 22:01:00,64.0,Monday,Monday,2024-10-21,2024-10-21,2024,2024,20:57,22:01,20,22,NON_WEEKEND_GAP,64,20:57 -> 22:01 | 64m
1127046,1127047,2024-10-22 20:57:00,2024-10-22 22:01:00,64.0,Tuesday,Tuesday,2024-10-22,2024-10-22,2024,2024,20:57,22:01,20,22,NON_WEEKEND_GAP,64,20:57 -> 22:01 | 64m
1128423,1128424,2024-10-23 20:57:00,2024-10-23 22:01:00,64.0,Wednesday,Wednesday,2024-10-23,2024-10-23,2024,2024,20:57,22:01,20,22,NON_WEEKEND_GAP,64,20:57 -> 22:01 | 64m
1129800,1129801,2024-10-24 20:57:00,2024-10-24 22:01:00,64.0,Thursday,Thursday,2024-10-24,2024-10-24,2024,2024,20:57,22:01,20,22,NON_WEEKEND_GAP,64,20:57 -> 22:01 | 64m
1131177,1131178,2024-10-25 20:57:00,2024-10-27 22:05:00,2948.0,Friday,Sunday,2024-10-25,2024-10-27,2024,2024,20:57,22:05,20,22,WEEKEND_TRANSITION,2948,20:57 -> 22:05 | 2948m
1132550,1132551,2024-10-28 20:57:00,2024-10-28 22:01:00,64.0,Monday,Monday,2024-10-28,2024-10-28,2024,2024,20:57,22:01,20,22,NON_WEEKEND_GAP,64,20:57 -> 22:01 | 64m
1133927,1133928,2024-10-29 20:57:00,2024-10-29 22:01:00,64.0,Tuesday,Tuesday,2024-10-29,2024-10-29,2024,2024,20:57,22:01,20,22,NON_WEEKEND_GAP,64,20:57 -> 22:01 | 64m
1135304,1135305,2024-10-30 20:57:00,2024-10-30 22:01:00,64.0,Wednesday,Wednesday,2024-10-30,2024-10-30,2024,2024,20:57,22:01,20,22,NON_WEEKEND_GAP,64,20:57 -> 22:01 | 64m
1136681,1136682,2024-10-31 20:57:00,2024-10-31 22:01:00,64.0,Thursday,Thursday,2024-10-31,2024-10-31,2024,2024,20:57,22:01,20,22,NON_WEEKEND_GAP,64,20:57 -> 22:01 | 64m
1138058,1138059,2024-11-01 20:57:00,2024-11-03 23:05:00,3008.0,Friday,Sunday,2024-11-01,2024-11-03,2024,2024,20:57,23:05,20,23,WEEKEND_TRANSITION,3008,20:57 -> 23:05 | 3008m
1139431,1139432,2024-11-04 21:57:00,2024-11-04 23:01:00,64.0,Monday,Monday,2024-11-04,2024-11-04,2024,2024,21:57,23:01,21,23,NON_WEEKEND_GAP,64,21:57 -> 23:01 | 64m
1140808,1140809,2024-11-05 21:57:00,2024-11-05 23:01:00,64.0,Tuesday,Tuesday,2024-11-05,2024-11-05,2024,2024,21:57,23:01,21,23,NON_WEEKEND_GAP,64,21:57 -> 23:01 | 64m
1142185,1142186,2024-11-06 21:57:00,2024-11-06 23:01:00,64.0,Wednesday,Wednesday,2024-11-06,2024-11-06,2024,2024,21:57,23:01,21,23,NON_WEEKEND_GAP,64,21:57 -> 23:01 | 64m
1143562,1143563,2024-11-07 21:57:00,2024-11-07 23:01:00,64.0,Thursday,Thursday,2024-11-07,2024-11-07,2024,2024,21:57,23:01,21,23,NON_WEEKEND_GAP,64,21:57 -> 23:01 | 64m
1144939,1144940,2024-11-08 21:57:00,2024-11-10 23:05:00,2948.0,Friday,Sunday,2024-11-08,2024-11-10,2024,2024,21:57,23:05,21,23,WEEKEND_TRANSITION,2948,21:57 -> 23:05 | 2948m
1146312,1146313,2024-11-11 21:57:00,2024-11-11 23:01:00,64.0,Monday,Monday,2024-11-11,2024-11-11,2024,2024,21:57,23:01,21,23,NON_WEEKEND_GAP,64,21:57 -> 23:01 | 64m
1147689,1147690,2024-11-12 21:57:00,2024-11-12 23:01:00,64.0,Tuesday,Tuesday,2024-11-12,2024-11-12,2024,2024,21:57,23:01,21,23,NON_WEEKEND_GAP,64,21:57 -> 23:01 | 64m
1149066,1149067,2024-11-13 21:57:00,2024-11-13 23:01:00,64.0,Wednesday,Wednesday,2024-11-13,2024-11-13,2024,2024,21:57,23:01,21,23,NON_WEEKEND_GAP,64,21:57 -> 23:01 | 64m
1150443,1150444,2024-11-14 21:57:00,2024-11-14 23:01:00,64.0,Thursday,Thursday,2024-11-14,2024-11-14,2024,2024,21:57,23:01,21,23,NON_WEEKEND_GAP,64,21:57 -> 23:01 | 64m
1151820,1151821,2024-11-15 21:57:00,2024-11-17 23:05:00,2948.0,Friday,Sunday,2024-11-15,2024-11-17,2024,2024,21:57,23:05,21,23,WEEKEND_TRANSITION,2948,21:57 -> 23:05 | 2948m
1153193,1153194,2024-11-18 21:57:00,2024-11-18 23:01:00,64.0,Monday,Monday,2024-11-18,2024-11-18,2024,2024,21:57,23:01,21,23,NON_WEEKEND_GAP,64,21:57 -> 23:01 | 64m
1154570,1154571,2024-11-19 21:57:00,2024-11-19 23:01:00,64.0,Tuesday,Tuesday,2024-11-19,2024-11-19,2024,2024,21:57,23:01,21,23,NON_WEEKEND_GAP,64,21:57 -> 23:01 | 64m
1155947,1155948,2024-11-20 21:57:00,2024-11-20 23:01:00,64.0,Wednesday,Wednesday,2024-11-20,2024-11-20,2024,2024,21:57,23:01,21,23,NON_WEEKEND_GAP,64,21:57 -> 23:01 | 64m
1157324,1157325,2024-11-21 21:57:00,2024-11-21 23:01:00,64.0,Thursday,Thursday,2024-11-21,2024-11-21,2024,2024,21:57,23:01,21,23,NON_WEEKEND_GAP,64,21:57 -> 23:01 | 64m
1158701,1158702,2024-11-22 21:57:00,2024-11-24 23:05:00,2948.0,Friday,Sunday,2024-11-22,2024-11-24,2024,2024,21:57,23:05,21,23,WEEKEND_TRANSITION,2948,21:57 -> 23:05 | 2948m
1160074,1160075,2024-11-25 21:57:00,2024-11-25 23:01:00,64.0,Monday,Monday,2024-11-25,2024-11-25,2024,2024,21:57,23:01,21,23,NON_WEEKEND_GAP,64,21:57 -> 23:01 | 64m
1161451,1161452,2024-11-26 21:57:00,2024-11-26 23:01:00,64.0,Tuesday,Tuesday,2024-11-26,2024-11-26,2024,2024,21:57,23:01,21,23,NON_WEEKEND_GAP,64,21:57 -> 23:01 | 64m
1162828,1162829,2024-11-27 21:57:00,2024-11-27 23:01:00,64.0,Wednesday,Wednesday,2024-11-27,2024-11-27,2024,2024,21:57,23:01,21,23,NON_WEEKEND_GAP,64,21:57 -> 23:01 | 64m
1163982,1163983,2024-11-28 18:14:00,2024-11-28 23:05:00,291.0,Thursday,Thursday,2024-11-28,2024-11-28,2024,2024,18:14,23:05,18,23,LONG_EXCEPTIONAL_GAP,292,18:14 -> 23:05 | 292m
1165147,1165148,2024-11-29 18:29:00,2024-12-01 23:05:00,3156.0,Friday,Sunday,2024-11-29,2024-12-01,2024,2024,18:29,23:05,18,23,WEEKEND_TRANSITION,3156,18:29 -> 23:05 | 3156m
1166520,1166521,2024-12-02 21:57:00,2024-12-02 23:01:00,64.0,Monday,Monday,2024-12-02,2024-12-02,2024,2024,21:57,23:01,21,23,NON_WEEKEND_GAP,64,21:57 -> 23:01 | 64m
1167897,1167898,2024-12-03 21:57:00,2024-12-03 23:01:00,64.0,Tuesday,Tuesday,2024-12-03,2024-12-03,2024,2024,21:57,23:01,21,23,NON_WEEKEND_GAP,64,21:57 -> 23:01 | 64m
1169274,1169275,2024-12-04 21:57:00,2024-12-04 23:01:00,64.0,Wednesday,Wednesday,2024-12-04,2024-12-04,2024,2024,21:57,23:01,21,23,NON_WEEKEND_GAP,64,21:57 -> 23:01 | 64m
1170651,1170652,2024-12-05 21:57:00,2024-12-05 23:01:00,64.0,Thursday,Thursday,2024-12-05,2024-12-05,2024,2024,21:57,23:01,21,23,NON_WEEKEND_GAP,64,21:57 -> 23:01 | 64m
1172028,1172029,2024-12-06 21:57:00,2024-12-08 23:05:00,2948.0,Friday,Sunday,2024-12-06,2024-12-08,2024,2024,21:57,23:05,21,23,WEEKEND_TRANSITION,2948,21:57 -> 23:05 | 2948m
1173401,1173402,2024-12-09 21:57:00,2024-12-09 23:01:00,64.0,Monday,Monday,2024-12-09,2024-12-09,2024,2024,21:57,23:01,21,23,NON_WEEKEND_GAP,64,21:57 -> 23:01 | 64m
1174778,1174779,2024-12-10 21:57:00,2024-12-10 23:01:00,64.0,Tuesday,Tuesday,2024-12-10,2024-12-10,2024,2024,21:57,23:01,21,23,NON_WEEKEND_GAP,64,21:57 -> 23:01 | 64m
1175314,1175315,2024-12-11 07:56:00,2024-12-11 08:05:00,9.0,Wednesday,Wednesday,2024-12-11,2024-12-11,2024,2024,07:56,08:05,7,8,NON_WEEKEND_GAP,8,07:56 -> 08:05 | 8m
1175348,1175349,2024-12-11 08:38:00,2024-12-11 08:40:00,2.0,Wednesday,Wednesday,2024-12-11,2024-12-11,2024,2024,08:38,08:40,8,8,NON_WEEKEND_GAP,2,08:38 -> 08:40 | 2m
1176146,1176147,2024-12-11 21:57:00,2024-12-11 23:01:00,64.0,Wednesday,Wednesday,2024-12-11,2024-12-11,2024,2024,21:57,23:01,21,23,NON_WEEKEND_GAP,64,21:57 -> 23:01 | 64m
1177523,1177524,2024-12-12 21:57:00,2024-12-12 23:01:00,64.0,Thursday,Thursday,2024-12-12,2024-12-12,2024,2024,21:57,23:01,21,23,NON_WEEKEND_GAP,64,21:57 -> 23:01 | 64m
1178900,1178901,2024-12-13 21:57:00,2024-12-15 23:05:00,2948.0,Friday,Sunday,2024-12-13,2024-12-15,2024,2024,21:57,23:05,21,23,WEEKEND_TRANSITION,2948,21:57 -> 23:05 | 2948m
1180273,1180274,2024-12-16 21:57:00,2024-12-16 23:01:00,64.0,Monday,Monday,2024-12-16,2024-12-16,2024,2024,21:57,23:01,21,23,NON_WEEKEND_GAP,64,21:57 -> 23:01 | 64m
1181650,1181651,2024-12-17 21:57:00,2024-12-17 23:01:00,64.0,Tuesday,Tuesday,2024-12-17,2024-12-17,2024,2024,21:57,23:01,21,23,NON_WEEKEND_GAP,64,21:57 -> 23:01 | 64m
1183027,1183028,2024-12-18 21:57:00,2024-12-18 23:01:00,64.0,Wednesday,Wednesday,2024-12-18,2024-12-18,2024,2024,21:57,23:01,21,23,NON_WEEKEND_GAP,64,21:57 -> 23:01 | 64m
1184404,1184405,2024-12-19 21:57:00,2024-12-19 23:01:00,64.0,Thursday,Thursday,2024-12-19,2024-12-19,2024,2024,21:57,23:01,21,23,NON_WEEKEND_GAP,64,21:57 -> 23:01 | 64m
1185781,1185782,2024-12-20 21:57:00,2024-12-22 23:05:00,2948.0,Friday,Sunday,2024-12-20,2024-12-22,2024,2024,21:57,23:05,21,23,WEEKEND_TRANSITION,2948,21:57 -> 23:05 | 2948m
1187154,1187155,2024-12-23 21:57:00,2024-12-23 23:01:00,64.0,Monday,Monday,2024-12-23,2024-12-23,2024,2024,21:57,23:01,21,23,NON_WEEKEND_GAP,64,21:57 -> 23:01 | 64m
1188323,1188324,2024-12-24 18:29:00,2024-12-25 23:05:00,1716.0,Tuesday,Wednesday,2024-12-24,2024-12-25,2024,2024,18:29,23:05,18,23,LONG_EXCEPTIONAL_GAP,1716,18:29 -> 23:05 | 1716m
1189696,1189697,2024-12-26 21:57:00,2024-12-26 23:01:00,64.0,Thursday,Thursday,2024-12-26,2024-12-26,2024,2024,21:57,23:01,21,23,NON_WEEKEND_GAP,64,21:57 -> 23:01 | 64m
1191073,1191074,2024-12-27 21:57:00,2024-12-29 23:05:00,2948.0,Friday,Sunday,2024-12-27,2024-12-29,2024,2024,21:57,23:05,21,23,WEEKEND_TRANSITION,2948,21:57 -> 23:05 | 2948m
1192446,1192447,2024-12-30 21:57:00,2024-12-30 23:01:00,64.0,Monday,Monday,2024-12-30,2024-12-30,2024,2024,21:57,23:01,21,23,NON_WEEKEND_GAP,64,21:57 -> 23:01 | 64m
1193823,1193824,2024-12-31 21:57:00,2025-01-01 23:05:00,1508.0,Tuesday,Wednesday,2024-12-31,2025-01-01,2024,2025,21:57,23:05,21,23,LONG_EXCEPTIONAL_GAP,1508,21:57 -> 23:05 | 1508m
1195196,1195197,2025-01-02 21:57:00,2025-01-02 23:01:00,64.0,Thursday,Thursday,2025-01-02,2025-01-02,2025,2025,21:57,23:01,21,23,NON_WEEKEND_GAP,64,21:57 -> 23:01 | 64m
1195961,1195962,2025-01-03 11:45:00,2025-01-03 12:48:00,63.0,Friday,Friday,2025-01-03,2025-01-03,2025,2025,11:45,12:48,11,12,NON_WEEKEND_GAP,64,11:45 -> 12:48 | 64m
1196511,1196512,2025-01-03 21:57:00,2025-01-05 23:05:00,2948.0,Friday,Sunday,2025-01-03,2025-01-05,2025,2025,21:57,23:05,21,23,WEEKEND_TRANSITION,2948,21:57 -> 23:05 | 2948m
1197884,1197885,2025-01-06 21:57:00,2025-01-06 23:05:00,68.0,Monday,Monday,2025-01-06,2025-01-06,2025,2025,21:57,23:05,21,23,NON_WEEKEND_GAP,68,21:57 -> 23:05 | 68m
1199257,1199258,2025-01-07 21:57:00,2025-01-07 23:01:00,64.0,Tuesday,Tuesday,2025-01-07,2025-01-07,2025,2025,21:57,23:01,21,23,NON_WEEKEND_GAP,64,21:57 -> 23:01 | 64m
1199258,1199259,2025-01-07 23:01:00,2025-01-07 23:03:00,2.0,Tuesday,Tuesday,2025-01-07,2025-01-07,2025,2025,23:01,23:03,23,23,NON_WEEKEND_GAP,2,23:01 -> 23:03 | 2m
1200450,1200451,2025-01-08 18:54:00,2025-01-08 19:04:00,10.0,Wednesday,Wednesday,2025-01-08,2025-01-08,2025,2025,18:54,19:04,18,19,NON_WEEKEND_GAP,10,18:54 -> 19:04 | 10m
1200624,1200625,2025-01-08 21:57:00,2025-01-08 23:03:00,66.0,Wednesday,Wednesday,2025-01-08,2025-01-08,2025,2025,21:57,23:03,21,23,NON_WEEKEND_GAP,66,21:57 -> 23:03 | 66m
1201999,1202000,2025-01-09 21:57:00,2025-01-09 23:01:00,64.0,Thursday,Thursday,2025-01-09,2025-01-09,2025,2025,21:57,23:01,21,23,NON_WEEKEND_GAP,64,21:57 -> 23:01 | 64m
1203376,1203377,2025-01-10 21:57:00,2025-01-12 23:05:00,2948.0,Friday,Sunday,2025-01-10,2025-01-12,2025,2025,21:57,23:05,21,23,WEEKEND_TRANSITION,2948,21:57 -> 23:05 | 2948m
1204749,1204750,2025-01-13 21:57:00,2025-01-13 23:01:00,64.0,Monday,Monday,2025-01-13,2025-01-13,2025,2025,21:57,23:01,21,23,NON_WEEKEND_GAP,64,21:57 -> 23:01 | 64m
1206126,1206127,2025-01-14 21:57:00,2025-01-14 23:01:00,64.0,Tuesday,Tuesday,2025-01-14,2025-01-14,2025,2025,21:57,23:01,21,23,NON_WEEKEND_GAP,64,21:57 -> 23:01 | 64m
1207503,1207504,2025-01-15 21:57:00,2025-01-15 23:01:00,64.0,Wednesday,Wednesday,2025-01-15,2025-01-15,2025,2025,21:57,23:01,21,23,NON_WEEKEND_GAP,64,21:57 -> 23:01 | 64m
1208880,1208881,2025-01-16 21:57:00,2025-01-16 23:01:00,64.0,Thursday,Thursday,2025-01-16,2025-01-16,2025,2025,21:57,23:01,21,23,NON_WEEKEND_GAP,64,21:57 -> 23:01 | 64m
1210257,1210258,2025-01-17 21:57:00,2025-01-19 23:05:00,2948.0,Friday,Sunday,2025-01-17,2025-01-19,2025,2025,21:57,23:05,21,23,WEEKEND_TRANSITION,2948,21:57 -> 23:05 | 2948m
1211467,1211468,2025-01-20 19:14:00,2025-01-20 23:08:00,234.0,Monday,Monday,2025-01-20,2025-01-20,2025,2025,19:14,23:08,19,23,LONG_EXCEPTIONAL_GAP,234,19:14 -> 23:08 | 234m
1212837,1212838,2025-01-21 21:57:00,2025-01-21 23:02:00,65.0,Tuesday,Tuesday,2025-01-21,2025-01-21,2025,2025,21:57,23:02,21,23,NON_WEEKEND_GAP,64,21:57 -> 23:02 | 64m
1214213,1214214,2025-01-22 21:57:00,2025-01-22 23:03:00,66.0,Wednesday,Wednesday,2025-01-22,2025-01-22,2025,2025,21:57,23:03,21,23,NON_WEEKEND_GAP,66,21:57 -> 23:03 | 66m
1215588,1215589,2025-01-23 21:57:00,2025-01-23 23:01:00,64.0,Thursday,Thursday,2025-01-23,2025-01-23,2025,2025,21:57,23:01,21,23,NON_WEEKEND_GAP,64,21:57 -> 23:01 | 64m
1216965,1216966,2025-01-24 21:57:00,2025-01-26 23:05:00,2948.0,Friday,Sunday,2025-01-24,2025-01-26,2025,2025,21:57,23:05,21,23,WEEKEND_TRANSITION,2948,21:57 -> 23:05 | 2948m
1218338,1218339,2025-01-27 21:57:00,2025-01-27 23:01:00,64.0,Monday,Monday,2025-01-27,2025-01-27,2025,2025,21:57,23:01,21,23,NON_WEEKEND_GAP,64,21:57 -> 23:01 | 64m
1219715,1219716,2025-01-28 21:57:00,2025-01-28 23:01:00,64.0,Tuesday,Tuesday,2025-01-28,2025-01-28,2025,2025,21:57,23:01,21,23,NON_WEEKEND_GAP,64,21:57 -> 23:01 | 64m
1221092,1221093,2025-01-29 21:57:00,2025-01-29 23:01:00,64.0,Wednesday,Wednesday,2025-01-29,2025-01-29,2025,2025,21:57,23:01,21,23,NON_WEEKEND_GAP,64,21:57 -> 23:01 | 64m
1222469,1222470,2025-01-30 21:57:00,2025-01-30 23:06:00,69.0,Thursday,Thursday,2025-01-30,2025-01-30,2025,2025,21:57,23:06,21,23,NON_WEEKEND_GAP,68,21:57 -> 23:06 | 68m
1223841,1223842,2025-01-31 21:57:00,2025-02-02 23:05:00,2948.0,Friday,Sunday,2025-01-31,2025-02-02,2025,2025,21:57,23:05,21,23,WEEKEND_TRANSITION,2948,21:57 -> 23:05 | 2948m
1225214,1225215,2025-02-03 21:57:00,2025-02-03 23:03:00,66.0,Monday,Monday,2025-02-03,2025-02-03,2025,2025,21:57,23:03,21,23,NON_WEEKEND_GAP,66,21:57 -> 23:03 | 66m
1226589,1226590,2025-02-04 21:57:00,2025-02-04 23:01:00,64.0,Tuesday,Tuesday,2025-02-04,2025-02-04,2025,2025,21:57,23:01,21,23,NON_WEEKEND_GAP,64,21:57 -> 23:01 | 64m
1227966,1227967,2025-02-05 21:57:00,2025-02-05 23:02:00,65.0,Wednesday,Wednesday,2025-02-05,2025-02-05,2025,2025,21:57,23:02,21,23,NON_WEEKEND_GAP,64,21:57 -> 23:02 | 64m
1229342,1229343,2025-02-06 21:57:00,2025-02-06 23:01:00,64.0,Thursday,Thursday,2025-02-06,2025-02-06,2025,2025,21:57,23:01,21,23,NON_WEEKEND_GAP,64,21:57 -> 23:01 | 64m
1230719,1230720,2025-02-07 21:57:00,2025-02-09 23:05:00,2948.0,Friday,Sunday,2025-02-07,2025-02-09,2025,2025,21:57,23:05,21,23,WEEKEND_TRANSITION,2948,21:57 -> 23:05 | 2948m
1232092,1232093,2025-02-10 21:57:00,2025-02-10 23:01:00,64.0,Monday,Monday,2025-02-10,2025-02-10,2025,2025,21:57,23:01,21,23,NON_WEEKEND_GAP,64,21:57 -> 23:01 | 64m
1233469,1233470,2025-02-11 21:57:00,2025-02-11 23:01:00,64.0,Tuesday,Tuesday,2025-02-11,2025-02-11,2025,2025,21:57,23:01,21,23,NON_WEEKEND_GAP,64,21:57 -> 23:01 | 64m
1234846,1234847,2025-02-12 21:57:00,2025-02-12 23:01:00,64.0,Wednesday,Wednesday,2025-02-12,2025-02-12,2025,2025,21:57,23:01,21,23,NON_WEEKEND_GAP,64,21:57 -> 23:01 | 64m
1236223,1236224,2025-02-13 21:57:00,2025-02-13 23:01:00,64.0,Thursday,Thursday,2025-02-13,2025-02-13,2025,2025,21:57,23:01,21,23,NON_WEEKEND_GAP,64,21:57 -> 23:01 | 64m
1237600,1237601,2025-02-14 21:57:00,2025-02-16 23:05:00,2948.0,Friday,Sunday,2025-02-14,2025-02-16,2025,2025,21:57,23:05,21,23,WEEKEND_TRANSITION,2948,21:57 -> 23:05 | 2948m
1238810,1238811,2025-02-17 19:14:00,2025-02-17 23:05:00,231.0,Monday,Monday,2025-02-17,2025-02-17,2025,2025,19:14,23:05,19,23,LONG_EXCEPTIONAL_GAP,232,19:14 -> 23:05 | 232m
1240183,1240184,2025-02-18 21:57:00,2025-02-18 23:03:00,66.0,Tuesday,Tuesday,2025-02-18,2025-02-18,2025,2025,21:57,23:03,21,23,NON_WEEKEND_GAP,66,21:57 -> 23:03 | 66m
1241558,1241559,2025-02-19 21:57:00,2025-02-19 23:01:00,64.0,Wednesday,Wednesday,2025-02-19,2025-02-19,2025,2025,21:57,23:01,21,23,NON_WEEKEND_GAP,64,21:57 -> 23:01 | 64m
1242935,1242936,2025-02-20 21:57:00,2025-02-20 23:02:00,65.0,Thursday,Thursday,2025-02-20,2025-02-20,2025,2025,21:57,23:02,21,23,NON_WEEKEND_GAP,64,21:57 -> 23:02 | 64m
1244311,1244312,2025-02-21 21:57:00,2025-02-23 23:05:00,2948.0,Friday,Sunday,2025-02-21,2025-02-23,2025,2025,21:57,23:05,21,23,WEEKEND_TRANSITION,2948,21:57 -> 23:05 | 2948m
1245684,1245685,2025-02-24 21:57:00,2025-02-24 23:01:00,64.0,Monday,Monday,2025-02-24,2025-02-24,2025,2025,21:57,23:01,21,23,NON_WEEKEND_GAP,64,21:57 -> 23:01 | 64m
1247061,1247062,2025-02-25 21:57:00,2025-02-25 23:01:00,64.0,Tuesday,Tuesday,2025-02-25,2025-02-25,2025,2025,21:57,23:01,21,23,NON_WEEKEND_GAP,64,21:57 -> 23:01 | 64m
1248438,1248439,2025-02-26 21:57:00,2025-02-26 23:01:00,64.0,Wednesday,Wednesday,2025-02-26,2025-02-26,2025,2025,21:57,23:01,21,23,NON_WEEKEND_GAP,64,21:57 -> 23:01 | 64m
1249815,1249816,2025-02-27 21:57:00,2025-02-27 23:01:00,64.0,Thursday,Thursday,2025-02-27,2025-02-27,2025,2025,21:57,23:01,21,23,NON_WEEKEND_GAP,64,21:57 -> 23:01 | 64m
1251192,1251193,2025-02-28 21:57:00,2025-03-02 23:05:00,2948.0,Friday,Sunday,2025-02-28,2025-03-02,2025,2025,21:57,23:05,21,23,WEEKEND_TRANSITION,2948,21:57 -> 23:05 | 2948m
1252565,1252566,2025-03-03 21:57:00,2025-03-03 23:01:00,64.0,Monday,Monday,2025-03-03,2025-03-03,2025,2025,21:57,23:01,21,23,NON_WEEKEND_GAP,64,21:57 -> 23:01 | 64m
1253942,1253943,2025-03-04 21:57:00,2025-03-04 23:01:00,64.0,Tuesday,Tuesday,2025-03-04,2025-03-04,2025,2025,21:57,23:01,21,23,NON_WEEKEND_GAP,64,21:57 -> 23:01 | 64m
1255319,1255320,2025-03-05 21:57:00,2025-03-05 23:01:00,64.0,Wednesday,Wednesday,2025-03-05,2025-03-05,2025,2025,21:57,23:01,21,23,NON_WEEKEND_GAP,64,21:57 -> 23:01 | 64m
1256696,1256697,2025-03-06 21:57:00,2025-03-06 23:01:00,64.0,Thursday,Thursday,2025-03-06,2025-03-06,2025,2025,21:57,23:01,21,23,NON_WEEKEND_GAP,64,21:57 -> 23:01 | 64m
1258073,1258074,2025-03-07 21:57:00,2025-03-09 22:05:00,2888.0,Friday,Sunday,2025-03-07,2025-03-09,2025,2025,21:57,22:05,21,22,WEEKEND_TRANSITION,2888,21:57 -> 22:05 | 2888m
1259446,1259447,2025-03-10 20:57:00,2025-03-10 22:01:00,64.0,Monday,Monday,2025-03-10,2025-03-10,2025,2025,20:57,22:01,20,22,NON_WEEKEND_GAP,64,20:57 -> 22:01 | 64m
1260823,1260824,2025-03-11 20:57:00,2025-03-11 22:01:00,64.0,Tuesday,Tuesday,2025-03-11,2025-03-11,2025,2025,20:57,22:01,20,22,NON_WEEKEND_GAP,64,20:57 -> 22:01 | 64m
1262200,1262201,2025-03-12 20:57:00,2025-03-12 22:01:00,64.0,Wednesday,Wednesday,2025-03-12,2025-03-12,2025,2025,20:57,22:01,20,22,NON_WEEKEND_GAP,64,20:57 -> 22:01 | 64m
1263577,1263578,2025-03-13 20:57:00,2025-03-13 22:01:00,64.0,Thursday,Thursday,2025-03-13,2025-03-13,2025,2025,20:57,22:01,20,22,NON_WEEKEND_GAP,64,20:57 -> 22:01 | 64m
1264954,1264955,2025-03-14 20:57:00,2025-03-16 22:05:00,2948.0,Friday,Sunday,2025-03-14,2025-03-16,2025,2025,20:57,22:05,20,22,WEEKEND_TRANSITION,2948,20:57 -> 22:05 | 2948m
1266327,1266328,2025-03-17 20:57:00,2025-03-17 22:01:00,64.0,Monday,Monday,2025-03-17,2025-03-17,2025,2025,20:57,22:01,20,22,NON_WEEKEND_GAP,64,20:57 -> 22:01 | 64m
1267704,1267705,2025-03-18 20:57:00,2025-03-18 22:01:00,64.0,Tuesday,Tuesday,2025-03-18,2025-03-18,2025,2025,20:57,22:01,20,22,NON_WEEKEND_GAP,64,20:57 -> 22:01 | 64m
1269081,1269082,2025-03-19 20:57:00,2025-03-19 22:01:00,64.0,Wednesday,Wednesday,2025-03-19,2025-03-19,2025,2025,20:57,22:01,20,22,NON_WEEKEND_GAP,64,20:57 -> 22:01 | 64m
1270458,1270459,2025-03-20 20:57:00,2025-03-20 22:01:00,64.0,Thursday,Thursday,2025-03-20,2025-03-20,2025,2025,20:57,22:01,20,22,NON_WEEKEND_GAP,64,20:57 -> 22:01 | 64m
1271835,1271836,2025-03-21 20:57:00,2025-03-23 22:05:00,2948.0,Friday,Sunday,2025-03-21,2025-03-23,2025,2025,20:57,22:05,20,22,WEEKEND_TRANSITION,2948,20:57 -> 22:05 | 2948m
1273208,1273209,2025-03-24 20:57:00,2025-03-24 22:01:00,64.0,Monday,Monday,2025-03-24,2025-03-24,2025,2025,20:57,22:01,20,22,NON_WEEKEND_GAP,64,20:57 -> 22:01 | 64m
1274585,1274586,2025-03-25 20:57:00,2025-03-25 22:01:00,64.0,Tuesday,Tuesday,2025-03-25,2025-03-25,2025,2025,20:57,22:01,20,22,NON_WEEKEND_GAP,64,20:57 -> 22:01 | 64m
1275962,1275963,2025-03-26 20:57:00,2025-03-26 22:01:00,64.0,Wednesday,Wednesday,2025-03-26,2025-03-26,2025,2025,20:57,22:01,20,22,NON_WEEKEND_GAP,64,20:57 -> 22:01 | 64m
1277250,1277251,2025-03-27 19:28:00,2025-03-27 19:31:00,3.0,Thursday,Thursday,2025-03-27,2025-03-27,2025,2025,19:28,19:31,19,19,NON_WEEKEND_GAP,4,19:28 -> 19:31 | 4m
1277337,1277338,2025-03-27 20:57:00,2025-03-27 22:01:00,64.0,Thursday,Thursday,2025-03-27,2025-03-27,2025,2025,20:57,22:01,20,22,NON_WEEKEND_GAP,64,20:57 -> 22:01 | 64m
1278714,1278715,2025-03-28 20:57:00,2025-03-30 22:05:00,2948.0,Friday,Sunday,2025-03-28,2025-03-30,2025,2025,20:57,22:05,20,22,WEEKEND_TRANSITION,2948,20:57 -> 22:05 | 2948m
1280087,1280088,2025-03-31 20:57:00,2025-03-31 22:01:00,64.0,Monday,Monday,2025-03-31,2025-03-31,2025,2025,20:57,22:01,20,22,NON_WEEKEND_GAP,64,20:57 -> 22:01 | 64m
1281464,1281465,2025-04-01 20:57:00,2025-04-01 22:01:00,64.0,Tuesday,Tuesday,2025-04-01,2025-04-01,2025,2025,20:57,22:01,20,22,NON_WEEKEND_GAP,64,20:57 -> 22:01 | 64m
1282841,1282842,2025-04-02 20:57:00,2025-04-02 22:04:00,67.0,Wednesday,Wednesday,2025-04-02,2025-04-02,2025,2025,20:57,22:04,20,22,NON_WEEKEND_GAP,68,20:57 -> 22:04 | 68m
1284215,1284216,2025-04-03 20:57:00,2025-04-03 22:01:00,64.0,Thursday,Thursday,2025-04-03,2025-04-03,2025,2025,20:57,22:01,20,22,NON_WEEKEND_GAP,64,20:57 -> 22:01 | 64m
1285592,1285593,2025-04-04 20:57:00,2025-04-06 22:13:00,2956.0,Friday,Sunday,2025-04-04,2025-04-06,2025,2025,20:57,22:13,20,22,WEEKEND_TRANSITION,2956,20:57 -> 22:13 | 2956m
1286957,1286958,2025-04-07 20:57:00,2025-04-07 22:01:00,64.0,Monday,Monday,2025-04-07,2025-04-07,2025,2025,20:57,22:01,20,22,NON_WEEKEND_GAP,64,20:57 -> 22:01 | 64m
1288334,1288335,2025-04-08 20:57:00,2025-04-08 22:01:00,64.0,Tuesday,Tuesday,2025-04-08,2025-04-08,2025,2025,20:57,22:01,20,22,NON_WEEKEND_GAP,64,20:57 -> 22:01 | 64m
1289711,1289712,2025-04-09 20:57:00,2025-04-09 22:01:00,64.0,Wednesday,Wednesday,2025-04-09,2025-04-09,2025,2025,20:57,22:01,20,22,NON_WEEKEND_GAP,64,20:57 -> 22:01 | 64m
1291088,1291089,2025-04-10 20:57:00,2025-04-10 22:01:00,64.0,Thursday,Thursday,2025-04-10,2025-04-10,2025,2025,20:57,22:01,20,22,NON_WEEKEND_GAP,64,20:57 -> 22:01 | 64m
1292465,1292466,2025-04-11 20:57:00,2025-04-13 22:05:00,2948.0,Friday,Sunday,2025-04-11,2025-04-13,2025,2025,20:57,22:05,20,22,WEEKEND_TRANSITION,2948,20:57 -> 22:05 | 2948m
1293421,1293422,2025-04-14 14:00:00,2025-04-14 14:24:00,24.0,Monday,Monday,2025-04-14,2025-04-14,2025,2025,14:00,14:24,14,14,NON_WEEKEND_GAP,24,14:00 -> 14:24 | 24m
1293815,1293816,2025-04-14 20:57:00,2025-04-14 22:01:00,64.0,Monday,Monday,2025-04-14,2025-04-14,2025,2025,20:57,22:01,20,22,NON_WEEKEND_GAP,64,20:57 -> 22:01 | 64m
1295192,1295193,2025-04-15 20:57:00,2025-04-15 22:01:00,64.0,Tuesday,Tuesday,2025-04-15,2025-04-15,2025,2025,20:57,22:01,20,22,NON_WEEKEND_GAP,64,20:57 -> 22:01 | 64m
1296569,1296570,2025-04-16 20:57:00,2025-04-16 22:01:00,64.0,Wednesday,Wednesday,2025-04-16,2025-04-16,2025,2025,20:57,22:01,20,22,NON_WEEKEND_GAP,64,20:57 -> 22:01 | 64m
1297946,1297947,2025-04-17 20:57:00,2025-04-20 22:05:00,4388.0,Thursday,Sunday,2025-04-17,2025-04-20,2025,2025,20:57,22:05,20,22,WEEKEND_TRANSITION,4388,20:57 -> 22:05 | 4388m
1299319,1299320,2025-04-21 20:57:00,2025-04-21 22:01:00,64.0,Monday,Monday,2025-04-21,2025-04-21,2025,2025,20:57,22:01,20,22,NON_WEEKEND_GAP,64,20:57 -> 22:01 | 64m
1300696,1300697,2025-04-22 20:57:00,2025-04-22 22:02:00,65.0,Tuesday,Tuesday,2025-04-22,2025-04-22,2025,2025,20:57,22:02,20,22,NON_WEEKEND_GAP,64,20:57 -> 22:02 | 64m
1302072,1302073,2025-04-23 20:57:00,2025-04-23 22:01:00,64.0,Wednesday,Wednesday,2025-04-23,2025-04-23,2025,2025,20:57,22:01,20,22,NON_WEEKEND_GAP,64,20:57 -> 22:01 | 64m
1303449,1303450,2025-04-24 20:57:00,2025-04-24 22:20:00,83.0,Thursday,Thursday,2025-04-24,2025-04-24,2025,2025,20:57,22:20,20,22,NON_WEEKEND_GAP,84,20:57 -> 22:20 | 84m
1304807,1304808,2025-04-25 20:57:00,2025-04-27 22:05:00,2948.0,Friday,Sunday,2025-04-25,2025-04-27,2025,2025,20:57,22:05,20,22,WEEKEND_TRANSITION,2948,20:57 -> 22:05 | 2948m
1306180,1306181,2025-04-28 20:57:00,2025-04-28 22:01:00,64.0,Monday,Monday,2025-04-28,2025-04-28,2025,2025,20:57,22:01,20,22,NON_WEEKEND_GAP,64,20:57 -> 22:01 | 64m
1307557,1307558,2025-04-29 20:57:00,2025-04-29 22:01:00,64.0,Tuesday,Tuesday,2025-04-29,2025-04-29,2025,2025,20:57,22:01,20,22,NON_WEEKEND_GAP,64,20:57 -> 22:01 | 64m
1308934,1308935,2025-04-30 20:57:00,2025-04-30 22:03:00,66.0,Wednesday,Wednesday,2025-04-30,2025-04-30,2025,2025,20:57,22:03,20,22,NON_WEEKEND_GAP,66,20:57 -> 22:03 | 66m
1310309,1310310,2025-05-01 20:57:00,2025-05-01 22:01:00,64.0,Thursday,Thursday,2025-05-01,2025-05-01,2025,2025,20:57,22:01,20,22,NON_WEEKEND_GAP,64,20:57 -> 22:01 | 64m
1311686,1311687,2025-05-02 20:57:00,2025-05-04 22:05:00,2948.0,Friday,Sunday,2025-05-02,2025-05-04,2025,2025,20:57,22:05,20,22,WEEKEND_TRANSITION,2948,20:57 -> 22:05 | 2948m
1313059,1313060,2025-05-05 20:57:00,2025-05-05 22:01:00,64.0,Monday,Monday,2025-05-05,2025-05-05,2025,2025,20:57,22:01,20,22,NON_WEEKEND_GAP,64,20:57 -> 22:01 | 64m
1314436,1314437,2025-05-06 20:57:00,2025-05-06 22:03:00,66.0,Tuesday,Tuesday,2025-05-06,2025-05-06,2025,2025,20:57,22:03,20,22,NON_WEEKEND_GAP,66,20:57 -> 22:03 | 66m
1315811,1315812,2025-05-07 20:57:00,2025-05-07 22:01:00,64.0,Wednesday,Wednesday,2025-05-07,2025-05-07,2025,2025,20:57,22:01,20,22,NON_WEEKEND_GAP,64,20:57 -> 22:01 | 64m
1317188,1317189,2025-05-08 20:57:00,2025-05-08 22:01:00,64.0,Thursday,Thursday,2025-05-08,2025-05-08,2025,2025,20:57,22:01,20,22,NON_WEEKEND_GAP,64,20:57 -> 22:01 | 64m
1318565,1318566,2025-05-09 20:57:00,2025-05-11 22:09:00,2952.0,Friday,Sunday,2025-05-09,2025-05-11,2025,2025,20:57,22:09,20,22,WEEKEND_TRANSITION,2952,20:57 -> 22:09 | 2952m
1319934,1319935,2025-05-12 20:57:00,2025-05-12 22:01:00,64.0,Monday,Monday,2025-05-12,2025-05-12,2025,2025,20:57,22:01,20,22,NON_WEEKEND_GAP,64,20:57 -> 22:01 | 64m
1321311,1321312,2025-05-13 20:57:00,2025-05-13 22:01:00,64.0,Tuesday,Tuesday,2025-05-13,2025-05-13,2025,2025,20:57,22:01,20,22,NON_WEEKEND_GAP,64,20:57 -> 22:01 | 64m
1322688,1322689,2025-05-14 20:57:00,2025-05-14 22:02:00,65.0,Wednesday,Wednesday,2025-05-14,2025-05-14,2025,2025,20:57,22:02,20,22,NON_WEEKEND_GAP,64,20:57 -> 22:02 | 64m
1324064,1324065,2025-05-15 20:57:00,2025-05-15 22:01:00,64.0,Thursday,Thursday,2025-05-15,2025-05-15,2025,2025,20:57,22:01,20,22,NON_WEEKEND_GAP,64,20:57 -> 22:01 | 64m
1325441,1325442,2025-05-16 20:57:00,2025-05-18 22:05:00,2948.0,Friday,Sunday,2025-05-16,2025-05-18,2025,2025,20:57,22:05,20,22,WEEKEND_TRANSITION,2948,20:57 -> 22:05 | 2948m
1326814,1326815,2025-05-19 20:57:00,2025-05-19 22:01:00,64.0,Monday,Monday,2025-05-19,2025-05-19,2025,2025,20:57,22:01,20,22,NON_WEEKEND_GAP,64,20:57 -> 22:01 | 64m
1328191,1328192,2025-05-20 20:57:00,2025-05-20 22:01:00,64.0,Tuesday,Tuesday,2025-05-20,2025-05-20,2025,2025,20:57,22:01,20,22,NON_WEEKEND_GAP,64,20:57 -> 22:01 | 64m
1329568,1329569,2025-05-21 20:57:00,2025-05-21 22:01:00,64.0,Wednesday,Wednesday,2025-05-21,2025-05-21,2025,2025,20:57,22:01,20,22,NON_WEEKEND_GAP,64,20:57 -> 22:01 | 64m
1330945,1330946,2025-05-22 20:57:00,2025-05-22 22:01:00,64.0,Thursday,Thursday,2025-05-22,2025-05-22,2025,2025,20:57,22:01,20,22,NON_WEEKEND_GAP,64,20:57 -> 22:01 | 64m
1332322,1332323,2025-05-23 20:57:00,2025-05-25 22:05:00,2948.0,Friday,Sunday,2025-05-23,2025-05-25,2025,2025,20:57,22:05,20,22,WEEKEND_TRANSITION,2948,20:57 -> 22:05 | 2948m
1333532,1333533,2025-05-26 18:14:00,2025-05-26 22:05:00,231.0,Monday,Monday,2025-05-26,2025-05-26,2025,2025,18:14,22:05,18,22,LONG_EXCEPTIONAL_GAP,232,18:14 -> 22:05 | 232m
1334905,1334906,2025-05-27 20:57:00,2025-05-27 22:01:00,64.0,Tuesday,Tuesday,2025-05-27,2025-05-27,2025,2025,20:57,22:01,20,22,NON_WEEKEND_GAP,64,20:57 -> 22:01 | 64m
1336282,1336283,2025-05-28 20:57:00,2025-05-28 22:01:00,64.0,Wednesday,Wednesday,2025-05-28,2025-05-28,2025,2025,20:57,22:01,20,22,NON_WEEKEND_GAP,64,20:57 -> 22:01 | 64m
1337659,1337660,2025-05-29 20:57:00,2025-05-29 22:01:00,64.0,Thursday,Thursday,2025-05-29,2025-05-29,2025,2025,20:57,22:01,20,22,NON_WEEKEND_GAP,64,20:57 -> 22:01 | 64m
1339036,1339037,2025-05-30 20:57:00,2025-06-01 22:05:00,2948.0,Friday,Sunday,2025-05-30,2025-06-01,2025,2025,20:57,22:05,20,22,WEEKEND_TRANSITION,2948,20:57 -> 22:05 | 2948m
1340409,1340410,2025-06-02 20:57:00,2025-06-02 22:01:00,64.0,Monday,Monday,2025-06-02,2025-06-02,2025,2025,20:57,22:01,20,22,NON_WEEKEND_GAP,64,20:57 -> 22:01 | 64m
1341786,1341787,2025-06-03 20:57:00,2025-06-03 22:01:00,64.0,Tuesday,Tuesday,2025-06-03,2025-06-03,2025,2025,20:57,22:01,20,22,NON_WEEKEND_GAP,64,20:57 -> 22:01 | 64m
1343163,1343164,2025-06-04 20:57:00,2025-06-04 22:01:00,64.0,Wednesday,Wednesday,2025-06-04,2025-06-04,2025,2025,20:57,22:01,20,22,NON_WEEKEND_GAP,64,20:57 -> 22:01 | 64m
1344540,1344541,2025-06-05 20:57:00,2025-06-05 22:01:00,64.0,Thursday,Thursday,2025-06-05,2025-06-05,2025,2025,20:57,22:01,20,22,NON_WEEKEND_GAP,64,20:57 -> 22:01 | 64m
1345917,1345918,2025-06-06 20:57:00,2025-06-08 22:05:00,2948.0,Friday,Sunday,2025-06-06,2025-06-08,2025,2025,20:57,22:05,20,22,WEEKEND_TRANSITION,2948,20:57 -> 22:05 | 2948m
1347290,1347291,2025-06-09 20:57:00,2025-06-09 22:02:00,65.0,Monday,Monday,2025-06-09,2025-06-09,2025,2025,20:57,22:02,20,22,NON_WEEKEND_GAP,64,20:57 -> 22:02 | 64m
1348666,1348667,2025-06-10 20:57:00,2025-06-10 22:02:00,65.0,Tuesday,Tuesday,2025-06-10,2025-06-10,2025,2025,20:57,22:02,20,22,NON_WEEKEND_GAP,64,20:57 -> 22:02 | 64m
1350042,1350043,2025-06-11 20:57:00,2025-06-11 22:02:00,65.0,Wednesday,Wednesday,2025-06-11,2025-06-11,2025,2025,20:57,22:02,20,22,NON_WEEKEND_GAP,64,20:57 -> 22:02 | 64m
1351418,1351419,2025-06-12 20:57:00,2025-06-12 22:02:00,65.0,Thursday,Thursday,2025-06-12,2025-06-12,2025,2025,20:57,22:02,20,22,NON_WEEKEND_GAP,64,20:57 -> 22:02 | 64m
1352794,1352795,2025-06-13 20:57:00,2025-06-15 22:05:00,2948.0,Friday,Sunday,2025-06-13,2025-06-15,2025,2025,20:57,22:05,20,22,WEEKEND_TRANSITION,2948,20:57 -> 22:05 | 2948m
1354167,1354168,2025-06-16 20:57:00,2025-06-16 22:02:00,65.0,Monday,Monday,2025-06-16,2025-06-16,2025,2025,20:57,22:02,20,22,NON_WEEKEND_GAP,64,20:57 -> 22:02 | 64m
1355543,1355544,2025-06-17 20:57:00,2025-06-17 22:02:00,65.0,Tuesday,Tuesday,2025-06-17,2025-06-17,2025,2025,20:57,22:02,20,22,NON_WEEKEND_GAP,64,20:57 -> 22:02 | 64m
1356919,1356920,2025-06-18 20:57:00,2025-06-18 22:02:00,65.0,Wednesday,Wednesday,2025-06-18,2025-06-18,2025,2025,20:57,22:02,20,22,NON_WEEKEND_GAP,64,20:57 -> 22:02 | 64m
1358072,1358073,2025-06-19 17:14:00,2025-06-19 22:02:00,288.0,Thursday,Thursday,2025-06-19,2025-06-19,2025,2025,17:14,22:02,17,22,LONG_EXCEPTIONAL_GAP,288,17:14 -> 22:02 | 288m
1359448,1359449,2025-06-20 20:57:00,2025-06-22 22:05:00,2948.0,Friday,Sunday,2025-06-20,2025-06-22,2025,2025,20:57,22:05,20,22,WEEKEND_TRANSITION,2948,20:57 -> 22:05 | 2948m
1360821,1360822,2025-06-23 20:57:00,2025-06-23 22:02:00,65.0,Monday,Monday,2025-06-23,2025-06-23,2025,2025,20:57,22:02,20,22,NON_WEEKEND_GAP,64,20:57 -> 22:02 | 64m
1362197,1362198,2025-06-24 20:57:00,2025-06-24 22:02:00,65.0,Tuesday,Tuesday,2025-06-24,2025-06-24,2025,2025,20:57,22:02,20,22,NON_WEEKEND_GAP,64,20:57 -> 22:02 | 64m
1363573,1363574,2025-06-25 20:57:00,2025-06-25 22:02:00,65.0,Wednesday,Wednesday,2025-06-25,2025-06-25,2025,2025,20:57,22:02,20,22,NON_WEEKEND_GAP,64,20:57 -> 22:02 | 64m
1364949,1364950,2025-06-26 20:57:00,2025-06-26 22:02:00,65.0,Thursday,Thursday,2025-06-26,2025-06-26,2025,2025,20:57,22:02,20,22,NON_WEEKEND_GAP,64,20:57 -> 22:02 | 64m
1366325,1366326,2025-06-27 20:57:00,2025-06-29 22:05:00,2948.0,Friday,Sunday,2025-06-27,2025-06-29,2025,2025,20:57,22:05,20,22,WEEKEND_TRANSITION,2948,20:57 -> 22:05 | 2948m
1367698,1367699,2025-06-30 20:57:00,2025-06-30 22:02:00,65.0,Monday,Monday,2025-06-30,2025-06-30,2025,2025,20:57,22:02,20,22,NON_WEEKEND_GAP,64,20:57 -> 22:02 | 64m
1369074,1369075,2025-07-01 20:57:00,2025-07-01 22:02:00,65.0,Tuesday,Tuesday,2025-07-01,2025-07-01,2025,2025,20:57,22:02,20,22,NON_WEEKEND_GAP,64,20:57 -> 22:02 | 64m
1370450,1370451,2025-07-02 20:57:00,2025-07-02 22:02:00,65.0,Wednesday,Wednesday,2025-07-02,2025-07-02,2025,2025,20:57,22:02,20,22,NON_WEEKEND_GAP,64,20:57 -> 22:02 | 64m
1371826,1371827,2025-07-03 20:57:00,2025-07-03 22:02:00,65.0,Thursday,Thursday,2025-07-03,2025-07-03,2025,2025,20:57,22:02,20,22,NON_WEEKEND_GAP,64,20:57 -> 22:02 | 64m
1372949,1372950,2025-07-04 16:44:00,2025-07-06 22:05:00,3201.0,Friday,Sunday,2025-07-04,2025-07-06,2025,2025,16:44,22:05,16,22,WEEKEND_TRANSITION,3200,16:44 -> 22:05 | 3200m
1374322,1374323,2025-07-07 20:57:00,2025-07-07 22:02:00,65.0,Monday,Monday,2025-07-07,2025-07-07,2025,2025,20:57,22:02,20,22,NON_WEEKEND_GAP,64,20:57 -> 22:02 | 64m
1375698,1375699,2025-07-08 20:57:00,2025-07-08 22:02:00,65.0,Tuesday,Tuesday,2025-07-08,2025-07-08,2025,2025,20:57,22:02,20,22,NON_WEEKEND_GAP,64,20:57 -> 22:02 | 64m
1377074,1377075,2025-07-09 20:57:00,2025-07-09 22:02:00,65.0,Wednesday,Wednesday,2025-07-09,2025-07-09,2025,2025,20:57,22:02,20,22,NON_WEEKEND_GAP,64,20:57 -> 22:02 | 64m
1378450,1378451,2025-07-10 20:57:00,2025-07-10 22:02:00,65.0,Thursday,Thursday,2025-07-10,2025-07-10,2025,2025,20:57,22:02,20,22,NON_WEEKEND_GAP,64,20:57 -> 22:02 | 64m
1379826,1379827,2025-07-11 20:57:00,2025-07-13 22:05:00,2948.0,Friday,Sunday,2025-07-11,2025-07-13,2025,2025,20:57,22:05,20,22,WEEKEND_TRANSITION,2948,20:57 -> 22:05 | 2948m
1381199,1381200,2025-07-14 20:57:00,2025-07-14 22:02:00,65.0,Monday,Monday,2025-07-14,2025-07-14,2025,2025,20:57,22:02,20,22,NON_WEEKEND_GAP,64,20:57 -> 22:02 | 64m
1382575,1382576,2025-07-15 20:57:00,2025-07-15 22:02:00,65.0,Tuesday,Tuesday,2025-07-15,2025-07-15,2025,2025,20:57,22:02,20,22,NON_WEEKEND_GAP,64,20:57 -> 22:02 | 64m
1383951,1383952,2025-07-16 20:57:00,2025-07-16 22:02:00,65.0,Wednesday,Wednesday,2025-07-16,2025-07-16,2025,2025,20:57,22:02,20,22,NON_WEEKEND_GAP,64,20:57 -> 22:02 | 64m
1385327,1385328,2025-07-17 20:57:00,2025-07-17 22:02:00,65.0,Thursday,Thursday,2025-07-17,2025-07-17,2025,2025,20:57,22:02,20,22,NON_WEEKEND_GAP,64,20:57 -> 22:02 | 64m
1386703,1386704,2025-07-18 20:57:00,2025-07-20 22:05:00,2948.0,Friday,Sunday,2025-07-18,2025-07-20,2025,2025,20:57,22:05,20,22,WEEKEND_TRANSITION,2948,20:57 -> 22:05 | 2948m
1388076,1388077,2025-07-21 20:57:00,2025-07-21 22:02:00,65.0,Monday,Monday,2025-07-21,2025-07-21,2025,2025,20:57,22:02,20,22,NON_WEEKEND_GAP,64,20:57 -> 22:02 | 64m
1389452,1389453,2025-07-22 20:57:00,2025-07-22 22:02:00,65.0,Tuesday,Tuesday,2025-07-22,2025-07-22,2025,2025,20:57,22:02,20,22,NON_WEEKEND_GAP,64,20:57 -> 22:02 | 64m
1390828,1390829,2025-07-23 20:57:00,2025-07-23 22:02:00,65.0,Wednesday,Wednesday,2025-07-23,2025-07-23,2025,2025,20:57,22:02,20,22,NON_WEEKEND_GAP,64,20:57 -> 22:02 | 64m
1392204,1392205,2025-07-24 20:57:00,2025-07-24 22:02:00,65.0,Thursday,Thursday,2025-07-24,2025-07-24,2025,2025,20:57,22:02,20,22,NON_WEEKEND_GAP,64,20:57 -> 22:02 | 64m
1393580,1393581,2025-07-25 20:57:00,2025-07-27 22:05:00,2948.0,Friday,Sunday,2025-07-25,2025-07-27,2025,2025,20:57,22:05,20,22,WEEKEND_TRANSITION,2948,20:57 -> 22:05 | 2948m
1394953,1394954,2025-07-28 20:57:00,2025-07-28 22:02:00,65.0,Monday,Monday,2025-07-28,2025-07-28,2025,2025,20:57,22:02,20,22,NON_WEEKEND_GAP,64,20:57 -> 22:02 | 64m
1396329,1396330,2025-07-29 20:57:00,2025-07-29 22:02:00,65.0,Tuesday,Tuesday,2025-07-29,2025-07-29,2025,2025,20:57,22:02,20,22,NON_WEEKEND_GAP,64,20:57 -> 22:02 | 64m
1397705,1397706,2025-07-30 20:57:00,2025-07-30 22:02:00,65.0,Wednesday,Wednesday,2025-07-30,2025-07-30,2025,2025,20:57,22:02,20,22,NON_WEEKEND_GAP,64,20:57 -> 22:02 | 64m
1399081,1399082,2025-07-31 20:57:00,2025-07-31 22:02:00,65.0,Thursday,Thursday,2025-07-31,2025-07-31,2025,2025,20:57,22:02,20,22,NON_WEEKEND_GAP,64,20:57 -> 22:02 | 64m
1400457,1400458,2025-08-01 20:57:00,2025-08-03 22:05:00,2948.0,Friday,Sunday,2025-08-01,2025-08-03,2025,2025,20:57,22:05,20,22,WEEKEND_TRANSITION,2948,20:57 -> 22:05 | 2948m
1401830,1401831,2025-08-04 20:57:00,2025-08-04 22:02:00,65.0,Monday,Monday,2025-08-04,2025-08-04,2025,2025,20:57,22:02,20,22,NON_WEEKEND_GAP,64,20:57 -> 22:02 | 64m
1403206,1403207,2025-08-05 20:57:00,2025-08-05 22:02:00,65.0,Tuesday,Tuesday,2025-08-05,2025-08-05,2025,2025,20:57,22:02,20,22,NON_WEEKEND_GAP,64,20:57 -> 22:02 | 64m
1404582,1404583,2025-08-06 20:57:00,2025-08-06 22:02:00,65.0,Wednesday,Wednesday,2025-08-06,2025-08-06,2025,2025,20:57,22:02,20,22,NON_WEEKEND_GAP,64,20:57 -> 22:02 | 64m
1405958,1405959,2025-08-07 20:57:00,2025-08-07 22:02:00,65.0,Thursday,Thursday,2025-08-07,2025-08-07,2025,2025,20:57,22:02,20,22,NON_WEEKEND_GAP,64,20:57 -> 22:02 | 64m
1407334,1407335,2025-08-08 20:57:00,2025-08-10 22:05:00,2948.0,Friday,Sunday,2025-08-08,2025-08-10,2025,2025,20:57,22:05,20,22,WEEKEND_TRANSITION,2948,20:57 -> 22:05 | 2948m
1408707,1408708,2025-08-11 20:57:00,2025-08-11 22:02:00,65.0,Monday,Monday,2025-08-11,2025-08-11,2025,2025,20:57,22:02,20,22,NON_WEEKEND_GAP,64,20:57 -> 22:02 | 64m
1410083,1410084,2025-08-12 20:57:00,2025-08-12 22:02:00,65.0,Tuesday,Tuesday,2025-08-12,2025-08-12,2025,2025,20:57,22:02,20,22,NON_WEEKEND_GAP,64,20:57 -> 22:02 | 64m
1411459,1411460,2025-08-13 20:57:00,2025-08-13 22:02:00,65.0,Wednesday,Wednesday,2025-08-13,2025-08-13,2025,2025,20:57,22:02,20,22,NON_WEEKEND_GAP,64,20:57 -> 22:02 | 64m
1412835,1412836,2025-08-14 20:57:00,2025-08-14 22:02:00,65.0,Thursday,Thursday,2025-08-14,2025-08-14,2025,2025,20:57,22:02,20,22,NON_WEEKEND_GAP,64,20:57 -> 22:02 | 64m
1414211,1414212,2025-08-15 20:57:00,2025-08-17 22:05:00,2948.0,Friday,Sunday,2025-08-15,2025-08-17,2025,2025,20:57,22:05,20,22,WEEKEND_TRANSITION,2948,20:57 -> 22:05 | 2948m
1415584,1415585,2025-08-18 20:57:00,2025-08-18 22:02:00,65.0,Monday,Monday,2025-08-18,2025-08-18,2025,2025,20:57,22:02,20,22,NON_WEEKEND_GAP,64,20:57 -> 22:02 | 64m
1416960,1416961,2025-08-19 20:57:00,2025-08-19 22:02:00,65.0,Tuesday,Tuesday,2025-08-19,2025-08-19,2025,2025,20:57,22:02,20,22,NON_WEEKEND_GAP,64,20:57 -> 22:02 | 64m
1418336,1418337,2025-08-20 20:57:00,2025-08-20 22:02:00,65.0,Wednesday,Wednesday,2025-08-20,2025-08-20,2025,2025,20:57,22:02,20,22,NON_WEEKEND_GAP,64,20:57 -> 22:02 | 64m
1419712,1419713,2025-08-21 20:57:00,2025-08-21 22:02:00,65.0,Thursday,Thursday,2025-08-21,2025-08-21,2025,2025,20:57,22:02,20,22,NON_WEEKEND_GAP,64,20:57 -> 22:02 | 64m
1421088,1421089,2025-08-22 20:57:00,2025-08-24 22:05:00,2948.0,Friday,Sunday,2025-08-22,2025-08-24,2025,2025,20:57,22:05,20,22,WEEKEND_TRANSITION,2948,20:57 -> 22:05 | 2948m
1422461,1422462,2025-08-25 20:57:00,2025-08-25 22:02:00,65.0,Monday,Monday,2025-08-25,2025-08-25,2025,2025,20:57,22:02,20,22,NON_WEEKEND_GAP,64,20:57 -> 22:02 | 64m
1423837,1423838,2025-08-26 20:57:00,2025-08-26 22:02:00,65.0,Tuesday,Tuesday,2025-08-26,2025-08-26,2025,2025,20:57,22:02,20,22,NON_WEEKEND_GAP,64,20:57 -> 22:02 | 64m
1425213,1425214,2025-08-27 20:57:00,2025-08-27 22:02:00,65.0,Wednesday,Wednesday,2025-08-27,2025-08-27,2025,2025,20:57,22:02,20,22,NON_WEEKEND_GAP,64,20:57 -> 22:02 | 64m
1426589,1426590,2025-08-28 20:57:00,2025-08-28 22:02:00,65.0,Thursday,Thursday,2025-08-28,2025-08-28,2025,2025,20:57,22:02,20,22,NON_WEEKEND_GAP,64,20:57 -> 22:02 | 64m
1427965,1427966,2025-08-29 20:57:00,2025-08-31 22:05:00,2948.0,Friday,Sunday,2025-08-29,2025-08-31,2025,2025,20:57,22:05,20,22,WEEKEND_TRANSITION,2948,20:57 -> 22:05 | 2948m
1429175,1429176,2025-09-01 18:14:00,2025-09-01 22:02:00,228.0,Monday,Monday,2025-09-01,2025-09-01,2025,2025,18:14,22:02,18,22,LONG_EXCEPTIONAL_GAP,228,18:14 -> 22:02 | 228m
1430551,1430552,2025-09-02 20:57:00,2025-09-02 22:02:00,65.0,Tuesday,Tuesday,2025-09-02,2025-09-02,2025,2025,20:57,22:02,20,22,NON_WEEKEND_GAP,64,20:57 -> 22:02 | 64m
1431927,1431928,2025-09-03 20:57:00,2025-09-03 22:02:00,65.0,Wednesday,Wednesday,2025-09-03,2025-09-03,2025,2025,20:57,22:02,20,22,NON_WEEKEND_GAP,64,20:57 -> 22:02 | 64m
1433303,1433304,2025-09-04 20:57:00,2025-09-04 22:02:00,65.0,Thursday,Thursday,2025-09-04,2025-09-04,2025,2025,20:57,22:02,20,22,NON_WEEKEND_GAP,64,20:57 -> 22:02 | 64m
1434679,1434680,2025-09-05 20:57:00,2025-09-07 22:05:00,2948.0,Friday,Sunday,2025-09-05,2025-09-07,2025,2025,20:57,22:05,20,22,WEEKEND_TRANSITION,2948,20:57 -> 22:05 | 2948m
1436052,1436053,2025-09-08 20:57:00,2025-09-08 22:02:00,65.0,Monday,Monday,2025-09-08,2025-09-08,2025,2025,20:57,22:02,20,22,NON_WEEKEND_GAP,64,20:57 -> 22:02 | 64m
1437428,1437429,2025-09-09 20:57:00,2025-09-09 22:02:00,65.0,Tuesday,Tuesday,2025-09-09,2025-09-09,2025,2025,20:57,22:02,20,22,NON_WEEKEND_GAP,64,20:57 -> 22:02 | 64m
1438804,1438805,2025-09-10 20:57:00,2025-09-10 22:02:00,65.0,Wednesday,Wednesday,2025-09-10,2025-09-10,2025,2025,20:57,22:02,20,22,NON_WEEKEND_GAP,64,20:57 -> 22:02 | 64m
1440180,1440181,2025-09-11 20:57:00,2025-09-11 22:02:00,65.0,Thursday,Thursday,2025-09-11,2025-09-11,2025,2025,20:57,22:02,20,22,NON_WEEKEND_GAP,64,20:57 -> 22:02 | 64m
1441556,1441557,2025-09-12 20:57:00,2025-09-14 22:05:00,2948.0,Friday,Sunday,2025-09-12,2025-09-14,2025,2025,20:57,22:05,20,22,WEEKEND_TRANSITION,2948,20:57 -> 22:05 | 2948m
1442929,1442930,2025-09-15 20:57:00,2025-09-15 22:02:00,65.0,Monday,Monday,2025-09-15,2025-09-15,2025,2025,20:57,22:02,20,22,NON_WEEKEND_GAP,64,20:57 -> 22:02 | 64m
1444305,1444306,2025-09-16 20:57:00,2025-09-16 22:02:00,65.0,Tuesday,Tuesday,2025-09-16,2025-09-16,2025,2025,20:57,22:02,20,22,NON_WEEKEND_GAP,64,20:57 -> 22:02 | 64m
1445681,1445682,2025-09-17 20:57:00,2025-09-17 22:02:00,65.0,Wednesday,Wednesday,2025-09-17,2025-09-17,2025,2025,20:57,22:02,20,22,NON_WEEKEND_GAP,64,20:57 -> 22:02 | 64m
1447057,1447058,2025-09-18 20:57:00,2025-09-18 22:02:00,65.0,Thursday,Thursday,2025-09-18,2025-09-18,2025,2025,20:57,22:02,20,22,NON_WEEKEND_GAP,64,20:57 -> 22:02 | 64m
1448433,1448434,2025-09-19 20:57:00,2025-09-21 22:05:00,2948.0,Friday,Sunday,2025-09-19,2025-09-21,2025,2025,20:57,22:05,20,22,WEEKEND_TRANSITION,2948,20:57 -> 22:05 | 2948m
1449806,1449807,2025-09-22 20:57:00,2025-09-22 22:02:00,65.0,Monday,Monday,2025-09-22,2025-09-22,2025,2025,20:57,22:02,20,22,NON_WEEKEND_GAP,64,20:57 -> 22:02 | 64m
1451182,1451183,2025-09-23 20:57:00,2025-09-23 22:02:00,65.0,Tuesday,Tuesday,2025-09-23,2025-09-23,2025,2025,20:57,22:02,20,22,NON_WEEKEND_GAP,64,20:57 -> 22:02 | 64m
1452558,1452559,2025-09-24 20:57:00,2025-09-24 22:02:00,65.0,Wednesday,Wednesday,2025-09-24,2025-09-24,2025,2025,20:57,22:02,20,22,NON_WEEKEND_GAP,64,20:57 -> 22:02 | 64m
1453934,1453935,2025-09-25 20:57:00,2025-09-25 22:02:00,65.0,Thursday,Thursday,2025-09-25,2025-09-25,2025,2025,20:57,22:02,20,22,NON_WEEKEND_GAP,64,20:57 -> 22:02 | 64m
1455310,1455311,2025-09-26 20:57:00,2025-09-28 22:05:00,2948.0,Friday,Sunday,2025-09-26,2025-09-28,2025,2025,20:57,22:05,20,22,WEEKEND_TRANSITION,2948,20:57 -> 22:05 | 2948m
1456683,1456684,2025-09-29 20:57:00,2025-09-29 22:02:00,65.0,Monday,Monday,2025-09-29,2025-09-29,2025,2025,20:57,22:02,20,22,NON_WEEKEND_GAP,64,20:57 -> 22:02 | 64m
1458059,1458060,2025-09-30 20:57:00,2025-09-30 22:02:00,65.0,Tuesday,Tuesday,2025-09-30,2025-09-30,2025,2025,20:57,22:02,20,22,NON_WEEKEND_GAP,64,20:57 -> 22:02 | 64m
1459435,1459436,2025-10-01 20:57:00,2025-10-01 22:02:00,65.0,Wednesday,Wednesday,2025-10-01,2025-10-01,2025,2025,20:57,22:02,20,22,NON_WEEKEND_GAP,64,20:57 -> 22:02 | 64m
1460811,1460812,2025-10-02 20:57:00,2025-10-02 22:02:00,65.0,Thursday,Thursday,2025-10-02,2025-10-02,2025,2025,20:57,22:02,20,22,NON_WEEKEND_GAP,64,20:57 -> 22:02 | 64m
1462187,1462188,2025-10-03 20:57:00,2025-10-05 22:05:00,2948.0,Friday,Sunday,2025-10-03,2025-10-05,2025,2025,20:57,22:05,20,22,WEEKEND_TRANSITION,2948,20:57 -> 22:05 | 2948m
1463560,1463561,2025-10-06 20:57:00,2025-10-06 22:02:00,65.0,Monday,Monday,2025-10-06,2025-10-06,2025,2025,20:57,22:02,20,22,NON_WEEKEND_GAP,64,20:57 -> 22:02 | 64m
1464936,1464937,2025-10-07 20:57:00,2025-10-07 22:02:00,65.0,Tuesday,Tuesday,2025-10-07,2025-10-07,2025,2025,20:57,22:02,20,22,NON_WEEKEND_GAP,64,20:57 -> 22:02 | 64m
1466312,1466313,2025-10-08 20:57:00,2025-10-08 22:02:00,65.0,Wednesday,Wednesday,2025-10-08,2025-10-08,2025,2025,20:57,22:02,20,22,NON_WEEKEND_GAP,64,20:57 -> 22:02 | 64m
1467688,1467689,2025-10-09 20:57:00,2025-10-09 22:02:00,65.0,Thursday,Thursday,2025-10-09,2025-10-09,2025,2025,20:57,22:02,20,22,NON_WEEKEND_GAP,64,20:57 -> 22:02 | 64m
1469064,1469065,2025-10-10 20:57:00,2025-10-12 22:05:00,2948.0,Friday,Sunday,2025-10-10,2025-10-12,2025,2025,20:57,22:05,20,22,WEEKEND_TRANSITION,2948,20:57 -> 22:05 | 2948m
1470437,1470438,2025-10-13 20:57:00,2025-10-13 22:02:00,65.0,Monday,Monday,2025-10-13,2025-10-13,2025,2025,20:57,22:02,20,22,NON_WEEKEND_GAP,64,20:57 -> 22:02 | 64m
1471813,1471814,2025-10-14 20:57:00,2025-10-14 22:02:00,65.0,Tuesday,Tuesday,2025-10-14,2025-10-14,2025,2025,20:57,22:02,20,22,NON_WEEKEND_GAP,64,20:57 -> 22:02 | 64m
1473189,1473190,2025-10-15 20:57:00,2025-10-15 22:02:00,65.0,Wednesday,Wednesday,2025-10-15,2025-10-15,2025,2025,20:57,22:02,20,22,NON_WEEKEND_GAP,64,20:57 -> 22:02 | 64m
1474565,1474566,2025-10-16 20:57:00,2025-10-16 22:02:00,65.0,Thursday,Thursday,2025-10-16,2025-10-16,2025,2025,20:57,22:02,20,22,NON_WEEKEND_GAP,64,20:57 -> 22:02 | 64m
1475941,1475942,2025-10-17 20:57:00,2025-10-19 22:05:00,2948.0,Friday,Sunday,2025-10-17,2025-10-19,2025,2025,20:57,22:05,20,22,WEEKEND_TRANSITION,2948,20:57 -> 22:05 | 2948m
1477314,1477315,2025-10-20 20:57:00,2025-10-20 22:02:00,65.0,Monday,Monday,2025-10-20,2025-10-20,2025,2025,20:57,22:02,20,22,NON_WEEKEND_GAP,64,20:57 -> 22:02 | 64m
1478690,1478691,2025-10-21 20:57:00,2025-10-21 22:02:00,65.0,Tuesday,Tuesday,2025-10-21,2025-10-21,2025,2025,20:57,22:02,20,22,NON_WEEKEND_GAP,64,20:57 -> 22:02 | 64m
1480066,1480067,2025-10-22 20:57:00,2025-10-22 22:02:00,65.0,Wednesday,Wednesday,2025-10-22,2025-10-22,2025,2025,20:57,22:02,20,22,NON_WEEKEND_GAP,64,20:57 -> 22:02 | 64m
1481442,1481443,2025-10-23 20:57:00,2025-10-23 22:02:00,65.0,Thursday,Thursday,2025-10-23,2025-10-23,2025,2025,20:57,22:02,20,22,NON_WEEKEND_GAP,64,20:57 -> 22:02 | 64m
1482818,1482819,2025-10-24 20:57:00,2025-10-26 22:05:00,2948.0,Friday,Sunday,2025-10-24,2025-10-26,2025,2025,20:57,22:05,20,22,WEEKEND_TRANSITION,2948,20:57 -> 22:05 | 2948m
1484191,1484192,2025-10-27 20:57:00,2025-10-27 22:02:00,65.0,Monday,Monday,2025-10-27,2025-10-27,2025,2025,20:57,22:02,20,22,NON_WEEKEND_GAP,64,20:57 -> 22:02 | 64m
1485567,1485568,2025-10-28 20:57:00,2025-10-28 22:02:00,65.0,Tuesday,Tuesday,2025-10-28,2025-10-28,2025,2025,20:57,22:02,20,22,NON_WEEKEND_GAP,64,20:57 -> 22:02 | 64m
1486943,1486944,2025-10-29 20:57:00,2025-10-29 22:02:00,65.0,Wednesday,Wednesday,2025-10-29,2025-10-29,2025,2025,20:57,22:02,20,22,NON_WEEKEND_GAP,64,20:57 -> 22:02 | 64m
1488319,1488320,2025-10-30 20:57:00,2025-10-30 22:02:00,65.0,Thursday,Thursday,2025-10-30,2025-10-30,2025,2025,20:57,22:02,20,22,NON_WEEKEND_GAP,64,20:57 -> 22:02 | 64m
1489695,1489696,2025-10-31 20:57:00,2025-11-02 23:01:00,3004.0,Friday,Sunday,2025-10-31,2025-11-02,2025,2025,20:57,23:01,20,23,WEEKEND_TRANSITION,3004,20:57 -> 23:01 | 3004m
1491072,1491073,2025-11-03 21:57:00,2025-11-03 23:00:00,63.0,Monday,Monday,2025-11-03,2025-11-03,2025,2025,21:57,23:00,21,23,NON_WEEKEND_GAP,64,21:57 -> 23:00 | 64m
1492450,1492451,2025-11-04 21:57:00,2025-11-04 23:00:00,63.0,Tuesday,Tuesday,2025-11-04,2025-11-04,2025,2025,21:57,23:00,21,23,NON_WEEKEND_GAP,64,21:57 -> 23:00 | 64m
1493828,1493829,2025-11-05 21:57:00,2025-11-05 23:00:00,63.0,Wednesday,Wednesday,2025-11-05,2025-11-05,2025,2025,21:57,23:00,21,23,NON_WEEKEND_GAP,64,21:57 -> 23:00 | 64m
1495206,1495207,2025-11-06 21:57:00,2025-11-06 23:00:00,63.0,Thursday,Thursday,2025-11-06,2025-11-06,2025,2025,21:57,23:00,21,23,NON_WEEKEND_GAP,64,21:57 -> 23:00 | 64m
1496584,1496585,2025-11-07 21:57:00,2025-11-09 23:01:00,2944.0,Friday,Sunday,2025-11-07,2025-11-09,2025,2025,21:57,23:01,21,23,WEEKEND_TRANSITION,2944,21:57 -> 23:01 | 2944m
1497961,1497962,2025-11-10 21:57:00,2025-11-10 23:00:00,63.0,Monday,Monday,2025-11-10,2025-11-10,2025,2025,21:57,23:00,21,23,NON_WEEKEND_GAP,64,21:57 -> 23:00 | 64m
1498807,1498808,2025-11-11 13:05:00,2025-11-11 13:09:00,4.0,Tuesday,Tuesday,2025-11-11,2025-11-11,2025,2025,13:05,13:09,13,13,NON_WEEKEND_GAP,4,13:05 -> 13:09 | 4m
1499336,1499337,2025-11-11 21:57:00,2025-11-11 23:00:00,63.0,Tuesday,Tuesday,2025-11-11,2025-11-11,2025,2025,21:57,23:00,21,23,NON_WEEKEND_GAP,64,21:57 -> 23:00 | 64m
1500714,1500715,2025-11-12 21:57:00,2025-11-12 23:00:00,63.0,Wednesday,Wednesday,2025-11-12,2025-11-12,2025,2025,21:57,23:00,21,23,NON_WEEKEND_GAP,64,21:57 -> 23:00 | 64m
1502092,1502093,2025-11-13 21:57:00,2025-11-13 23:00:00,63.0,Thursday,Thursday,2025-11-13,2025-11-13,2025,2025,21:57,23:00,21,23,NON_WEEKEND_GAP,64,21:57 -> 23:00 | 64m
1503470,1503471,2025-11-14 21:57:00,2025-11-16 23:01:00,2944.0,Friday,Sunday,2025-11-14,2025-11-16,2025,2025,21:57,23:01,21,23,WEEKEND_TRANSITION,2944,21:57 -> 23:01 | 2944m
1504847,1504848,2025-11-17 21:57:00,2025-11-17 23:00:00,63.0,Monday,Monday,2025-11-17,2025-11-17,2025,2025,21:57,23:00,21,23,NON_WEEKEND_GAP,64,21:57 -> 23:00 | 64m
1506225,1506226,2025-11-18 21:57:00,2025-11-18 23:00:00,63.0,Tuesday,Tuesday,2025-11-18,2025-11-18,2025,2025,21:57,23:00,21,23,NON_WEEKEND_GAP,64,21:57 -> 23:00 | 64m
1507603,1507604,2025-11-19 21:57:00,2025-11-19 23:00:00,63.0,Wednesday,Wednesday,2025-11-19,2025-11-19,2025,2025,21:57,23:00,21,23,NON_WEEKEND_GAP,64,21:57 -> 23:00 | 64m
1508981,1508982,2025-11-20 21:57:00,2025-11-20 23:00:00,63.0,Thursday,Thursday,2025-11-20,2025-11-20,2025,2025,21:57,23:00,21,23,NON_WEEKEND_GAP,64,21:57 -> 23:00 | 64m
1510359,1510360,2025-11-21 21:57:00,2025-11-23 23:01:00,2944.0,Friday,Sunday,2025-11-21,2025-11-23,2025,2025,21:57,23:01,21,23,WEEKEND_TRANSITION,2944,21:57 -> 23:01 | 2944m
1511736,1511737,2025-11-24 21:57:00,2025-11-24 23:00:00,63.0,Monday,Monday,2025-11-24,2025-11-24,2025,2025,21:57,23:00,21,23,NON_WEEKEND_GAP,64,21:57 -> 23:00 | 64m
1513114,1513115,2025-11-25 21:57:00,2025-11-25 23:00:00,63.0,Tuesday,Tuesday,2025-11-25,2025-11-25,2025,2025,21:57,23:00,21,23,NON_WEEKEND_GAP,64,21:57 -> 23:00 | 64m
1514492,1514493,2025-11-26 21:57:00,2025-11-26 23:00:00,63.0,Wednesday,Wednesday,2025-11-26,2025-11-26,2025,2025,21:57,23:00,21,23,NON_WEEKEND_GAP,64,21:57 -> 23:00 | 64m
1515722,1515723,2025-11-27 19:29:00,2025-11-27 23:01:00,212.0,Thursday,Thursday,2025-11-27,2025-11-27,2025,2025,19:29,23:01,19,23,LONG_EXCEPTIONAL_GAP,212,19:29 -> 23:01 | 212m
1516269,1516270,2025-11-28 08:07:00,2025-11-28 08:10:00,3.0,Friday,Friday,2025-11-28,2025-11-28,2025,2025,08:07,08:10,8,8,NON_WEEKEND_GAP,4,08:07 -> 08:10 | 4m
1516274,1516275,2025-11-28 08:14:00,2025-11-28 08:55:00,41.0,Friday,Friday,2025-11-28,2025-11-28,2025,2025,08:14,08:55,8,8,NON_WEEKEND_GAP,40,08:14 -> 08:55 | 40m
1516275,1516276,2025-11-28 08:55:00,2025-11-28 08:58:00,3.0,Friday,Friday,2025-11-28,2025-11-28,2025,2025,08:55,08:58,8,8,NON_WEEKEND_GAP,4,08:55 -> 08:58 | 4m
1516922,1516923,2025-11-28 19:44:00,2025-11-30 23:07:00,3083.0,Friday,Sunday,2025-11-28,2025-11-30,2025,2025,19:44,23:07,19,23,WEEKEND_TRANSITION,3084,19:44 -> 23:07 | 3084m
1518293,1518294,2025-12-01 21:57:00,2025-12-01 23:00:00,63.0,Monday,Monday,2025-12-01,2025-12-01,2025,2025,21:57,23:00,21,23,NON_WEEKEND_GAP,64,21:57 -> 23:00 | 64m
1519671,1519672,2025-12-02 21:57:00,2025-12-02 23:00:00,63.0,Tuesday,Tuesday,2025-12-02,2025-12-02,2025,2025,21:57,23:00,21,23,NON_WEEKEND_GAP,64,21:57 -> 23:00 | 64m
1521049,1521050,2025-12-03 21:57:00,2025-12-03 23:00:00,63.0,Wednesday,Wednesday,2025-12-03,2025-12-03,2025,2025,21:57,23:00,21,23,NON_WEEKEND_GAP,64,21:57 -> 23:00 | 64m
1522427,1522428,2025-12-04 21:57:00,2025-12-04 23:00:00,63.0,Thursday,Thursday,2025-12-04,2025-12-04,2025,2025,21:57,23:00,21,23,NON_WEEKEND_GAP,64,21:57 -> 23:00 | 64m
1523805,1523806,2025-12-05 21:57:00,2025-12-07 23:07:00,2950.0,Friday,Sunday,2025-12-05,2025-12-07,2025,2025,21:57,23:07,21,23,WEEKEND_TRANSITION,2950,21:57 -> 23:07 | 2950m
1523814,1523815,2025-12-07 23:15:00,2025-12-07 23:17:00,2.0,Sunday,Sunday,2025-12-07,2025-12-07,2025,2025,23:15,23:17,23,23,WEEKEND_TRANSITION,2,23:15 -> 23:17 | 2m
1523815,1523816,2025-12-07 23:17:00,2025-12-07 23:21:00,4.0,Sunday,Sunday,2025-12-07,2025-12-07,2025,2025,23:17,23:21,23,23,WEEKEND_TRANSITION,4,23:17 -> 23:21 | 4m
1523823,1523824,2025-12-07 23:28:00,2025-12-07 23:49:00,21.0,Sunday,Sunday,2025-12-07,2025-12-07,2025,2025,23:28,23:49,23,23,WEEKEND_TRANSITION,20,23:28 -> 23:49 | 20m
1525152,1525153,2025-12-08 21:57:00,2025-12-08 23:00:00,63.0,Monday,Monday,2025-12-08,2025-12-08,2025,2025,21:57,23:00,21,23,NON_WEEKEND_GAP,64,21:57 -> 23:00 | 64m
1526530,1526531,2025-12-09 21:57:00,2025-12-09 23:00:00,63.0,Tuesday,Tuesday,2025-12-09,2025-12-09,2025,2025,21:57,23:00,21,23,NON_WEEKEND_GAP,64,21:57 -> 23:00 | 64m
1527908,1527909,2025-12-10 21:57:00,2025-12-10 23:00:00,63.0,Wednesday,Wednesday,2025-12-10,2025-12-10,2025,2025,21:57,23:00,21,23,NON_WEEKEND_GAP,64,21:57 -> 23:00 | 64m
1529286,1529287,2025-12-11 21:57:00,2025-12-11 23:03:00,66.0,Thursday,Thursday,2025-12-11,2025-12-11,2025,2025,21:57,23:03,21,23,NON_WEEKEND_GAP,66,21:57 -> 23:03 | 66m
1530661,1530662,2025-12-12 21:57:00,2025-12-14 23:03:00,2946.0,Friday,Sunday,2025-12-12,2025-12-14,2025,2025,21:57,23:03,21,23,WEEKEND_TRANSITION,2946,21:57 -> 23:03 | 2946m
1532036,1532037,2025-12-15 21:57:00,2025-12-15 23:00:00,63.0,Monday,Monday,2025-12-15,2025-12-15,2025,2025,21:57,23:00,21,23,NON_WEEKEND_GAP,64,21:57 -> 23:00 | 64m
1533414,1533415,2025-12-16 21:57:00,2025-12-16 23:00:00,63.0,Tuesday,Tuesday,2025-12-16,2025-12-16,2025,2025,21:57,23:00,21,23,NON_WEEKEND_GAP,64,21:57 -> 23:00 | 64m
1534792,1534793,2025-12-17 21:57:00,2025-12-17 23:00:00,63.0,Wednesday,Wednesday,2025-12-17,2025-12-17,2025,2025,21:57,23:00,21,23,NON_WEEKEND_GAP,64,21:57 -> 23:00 | 64m
1534795,1534796,2025-12-17 23:02:00,2025-12-17 23:10:00,8.0,Wednesday,Wednesday,2025-12-17,2025-12-17,2025,2025,23:02,23:10,23,23,NON_WEEKEND_GAP,8,23:02 -> 23:10 | 8m
1536163,1536164,2025-12-18 21:57:00,2025-12-18 23:02:00,65.0,Thursday,Thursday,2025-12-18,2025-12-18,2025,2025,21:57,23:02,21,23,NON_WEEKEND_GAP,64,21:57 -> 23:02 | 64m
1537539,1537540,2025-12-19 21:57:00,2025-12-21 23:04:00,2947.0,Friday,Sunday,2025-12-19,2025-12-21,2025,2025,21:57,23:04,21,23,WEEKEND_TRANSITION,2948,21:57 -> 23:04 | 2948m
1538913,1538914,2025-12-22 21:57:00,2025-12-22 23:00:00,63.0,Monday,Monday,2025-12-22,2025-12-22,2025,2025,21:57,23:00,21,23,NON_WEEKEND_GAP,64,21:57 -> 23:00 | 64m
1540291,1540292,2025-12-23 21:57:00,2025-12-23 23:01:00,64.0,Tuesday,Tuesday,2025-12-23,2025-12-23,2025,2025,21:57,23:01,21,23,NON_WEEKEND_GAP,64,21:57 -> 23:01 | 64m
1541460,1541461,2025-12-24 18:29:00,2025-12-25 23:11:00,1722.0,Wednesday,Thursday,2025-12-24,2025-12-25,2025,2025,18:29,23:11,18,23,LONG_EXCEPTIONAL_GAP,1722,18:29 -> 23:11 | 1722m
1542827,1542828,2025-12-26 21:57:00,2025-12-28 23:01:00,2944.0,Friday,Sunday,2025-12-26,2025-12-28,2025,2025,21:57,23:01,21,23,WEEKEND_TRANSITION,2944,21:57 -> 23:01 | 2944m
1544204,1544205,2025-12-29 21:57:00,2025-12-29 23:02:00,65.0,Monday,Monday,2025-12-29,2025-12-29,2025,2025,21:57,23:02,21,23,NON_WEEKEND_GAP,64,21:57 -> 23:02 | 64m
1545580,1545581,2025-12-30 21:57:00,2025-12-30 23:00:00,63.0,Tuesday,Tuesday,2025-12-30,2025-12-30,2025,2025,21:57,23:00,21,23,NON_WEEKEND_GAP,64,21:57 -> 23:00 | 64m
1545582,1545583,2025-12-30 23:01:00,2025-12-30 23:03:00,2.0,Tuesday,Tuesday,2025-12-30,2025-12-30,2025,2025,23:01,23:03,23,23,NON_WEEKEND_GAP,2,23:01 -> 23:03 | 2m
1546957,1546958,2025-12-31 21:57:00,2026-01-01 23:05:00,1508.0,Wednesday,Thursday,2025-12-31,2026-01-01,2025,2026,21:57,23:05,21,23,LONG_EXCEPTIONAL_GAP,1508,21:57 -> 23:05 | 1508m
1548330,1548331,2026-01-02 21:57:00,2026-01-04 23:07:00,2950.0,Friday,Sunday,2026-01-02,2026-01-04,2026,2026,21:57,23:07,21,23,WEEKEND_TRANSITION,2950,21:57 -> 23:07 | 2950m
1549701,1549702,2026-01-05 21:57:00,2026-01-05 23:04:00,67.0,Monday,Monday,2026-01-05,2026-01-05,2026,2026,21:57,23:04,21,23,NON_WEEKEND_GAP,68,21:57 -> 23:04 | 68m
1551075,1551076,2026-01-06 21:57:00,2026-01-06 23:01:00,64.0,Tuesday,Tuesday,2026-01-06,2026-01-06,2026,2026,21:57,23:01,21,23,NON_WEEKEND_GAP,64,21:57 -> 23:01 | 64m
1552452,1552453,2026-01-07 21:57:00,2026-01-07 23:01:00,64.0,Wednesday,Wednesday,2026-01-07,2026-01-07,2026,2026,21:57,23:01,21,23,NON_WEEKEND_GAP,64,21:57 -> 23:01 | 64m
1553829,1553830,2026-01-08 21:57:00,2026-01-08 23:01:00,64.0,Thursday,Thursday,2026-01-08,2026-01-08,2026,2026,21:57,23:01,21,23,NON_WEEKEND_GAP,64,21:57 -> 23:01 | 64m
1555206,1555207,2026-01-09 21:57:00,2026-01-11 23:03:00,2946.0,Friday,Sunday,2026-01-09,2026-01-11,2026,2026,21:57,23:03,21,23,WEEKEND_TRANSITION,2946,21:57 -> 23:03 | 2946m
1556581,1556582,2026-01-12 21:57:00,2026-01-12 23:01:00,64.0,Monday,Monday,2026-01-12,2026-01-12,2026,2026,21:57,23:01,21,23,NON_WEEKEND_GAP,64,21:57 -> 23:01 | 64m
1557958,1557959,2026-01-13 21:57:00,2026-01-13 23:01:00,64.0,Tuesday,Tuesday,2026-01-13,2026-01-13,2026,2026,21:57,23:01,21,23,NON_WEEKEND_GAP,64,21:57 -> 23:01 | 64m
1559335,1559336,2026-01-14 21:57:00,2026-01-14 23:03:00,66.0,Wednesday,Wednesday,2026-01-14,2026-01-14,2026,2026,21:57,23:03,21,23,NON_WEEKEND_GAP,66,21:57 -> 23:03 | 66m
1560710,1560711,2026-01-15 21:57:00,2026-01-15 23:01:00,64.0,Thursday,Thursday,2026-01-15,2026-01-15,2026,2026,21:57,23:01,21,23,NON_WEEKEND_GAP,64,21:57 -> 23:01 | 64m
1562087,1562088,2026-01-16 21:57:00,2026-01-18 23:09:00,2952.0,Friday,Sunday,2026-01-16,2026-01-18,2026,2026,21:57,23:09,21,23,WEEKEND_TRANSITION,2952,21:57 -> 23:09 | 2952m
1563308,1563309,2026-01-19 19:29:00,2026-01-19 23:03:00,214.0,Monday,Monday,2026-01-19,2026-01-19,2026,2026,19:29,23:03,19,23,LONG_EXCEPTIONAL_GAP,214,19:29 -> 23:03 | 214m
1564683,1564684,2026-01-20 21:57:00,2026-01-20 23:00:00,63.0,Tuesday,Tuesday,2026-01-20,2026-01-20,2026,2026,21:57,23:00,21,23,NON_WEEKEND_GAP,64,21:57 -> 23:00 | 64m
1566061,1566062,2026-01-21 21:57:00,2026-01-21 23:01:00,64.0,Wednesday,Wednesday,2026-01-21,2026-01-21,2026,2026,21:57,23:01,21,23,NON_WEEKEND_GAP,64,21:57 -> 23:01 | 64m
1567438,1567439,2026-01-22 21:57:00,2026-01-22 23:00:00,63.0,Thursday,Thursday,2026-01-22,2026-01-22,2026,2026,21:57,23:00,21,23,NON_WEEKEND_GAP,64,21:57 -> 23:00 | 64m
1568816,1568817,2026-01-23 21:57:00,2026-01-25 23:01:00,2944.0,Friday,Sunday,2026-01-23,2026-01-25,2026,2026,21:57,23:01,21,23,WEEKEND_TRANSITION,2944,21:57 -> 23:01 | 2944m
1568818,1568819,2026-01-25 23:02:00,2026-01-25 23:05:00,3.0,Sunday,Sunday,2026-01-25,2026-01-25,2026,2026,23:02,23:05,23,23,WEEKEND_TRANSITION,4,23:02 -> 23:05 | 4m
1570191,1570192,2026-01-26 21:57:00,2026-01-26 23:01:00,64.0,Monday,Monday,2026-01-26,2026-01-26,2026,2026,21:57,23:01,21,23,NON_WEEKEND_GAP,64,21:57 -> 23:01 | 64m
1571568,1571569,2026-01-27 21:57:00,2026-01-27 23:10:00,73.0,Tuesday,Tuesday,2026-01-27,2026-01-27,2026,2026,21:57,23:10,21,23,NON_WEEKEND_GAP,72,21:57 -> 23:10 | 72m
1572936,1572937,2026-01-28 21:57:00,2026-01-28 23:01:00,64.0,Wednesday,Wednesday,2026-01-28,2026-01-28,2026,2026,21:57,23:01,21,23,NON_WEEKEND_GAP,64,21:57 -> 23:01 | 64m
1572974,1572975,2026-01-28 23:38:00,2026-01-28 23:43:00,5.0,Wednesday,Wednesday,2026-01-28,2026-01-28,2026,2026,23:38,23:43,23,23,NON_WEEKEND_GAP,4,23:38 -> 23:43 | 4m
1574309,1574310,2026-01-29 21:57:00,2026-01-29 23:01:00,64.0,Thursday,Thursday,2026-01-29,2026-01-29,2026,2026,21:57,23:01,21,23,NON_WEEKEND_GAP,64,21:57 -> 23:01 | 64m
1575686,1575687,2026-01-30 21:57:00,2026-02-01 23:01:00,2944.0,Friday,Sunday,2026-01-30,2026-02-01,2026,2026,21:57,23:01,21,23,WEEKEND_TRANSITION,2944,21:57 -> 23:01 | 2944m
1575687,1575688,2026-02-01 23:01:00,2026-02-01 23:10:00,9.0,Sunday,Sunday,2026-02-01,2026-02-01,2026,2026,23:01,23:10,23,23,WEEKEND_TRANSITION,8,23:01 -> 23:10 | 8m
1575723,1575724,2026-02-01 23:45:00,2026-02-01 23:47:00,2.0,Sunday,Sunday,2026-02-01,2026-02-01,2026,2026,23:45,23:47,23,23,WEEKEND_TRANSITION,2,23:45 -> 23:47 | 2m
1577054,1577055,2026-02-02 21:57:00,2026-02-02 23:01:00,64.0,Monday,Monday,2026-02-02,2026-02-02,2026,2026,21:57,23:01,21,23,NON_WEEKEND_GAP,64,21:57 -> 23:01 | 64m
1578431,1578432,2026-02-03 21:57:00,2026-02-03 23:01:00,64.0,Tuesday,Tuesday,2026-02-03,2026-02-03,2026,2026,21:57,23:01,21,23,NON_WEEKEND_GAP,64,21:57 -> 23:01 | 64m
1579808,1579809,2026-02-04 21:57:00,2026-02-04 23:01:00,64.0,Wednesday,Wednesday,2026-02-04,2026-02-04,2026,2026,21:57,23:01,21,23,NON_WEEKEND_GAP,64,21:57 -> 23:01 | 64m
1581185,1581186,2026-02-05 21:57:00,2026-02-05 23:01:00,64.0,Thursday,Thursday,2026-02-05,2026-02-05,2026,2026,21:57,23:01,21,23,NON_WEEKEND_GAP,64,21:57 -> 23:01 | 64m
1582562,1582563,2026-02-06 21:57:00,2026-02-08 23:02:00,2945.0,Friday,Sunday,2026-02-06,2026-02-08,2026,2026,21:57,23:02,21,23,WEEKEND_TRANSITION,2944,21:57 -> 23:02 | 2944m
1583938,1583939,2026-02-09 21:57:00,2026-02-09 23:02:00,65.0,Monday,Monday,2026-02-09,2026-02-09,2026,2026,21:57,23:02,21,23,NON_WEEKEND_GAP,64,21:57 -> 23:02 | 64m
1585314,1585315,2026-02-10 21:57:00,2026-02-10 23:01:00,64.0,Tuesday,Tuesday,2026-02-10,2026-02-10,2026,2026,21:57,23:01,21,23,NON_WEEKEND_GAP,64,21:57 -> 23:01 | 64m
1586691,1586692,2026-02-11 21:57:00,2026-02-11 23:02:00,65.0,Wednesday,Wednesday,2026-02-11,2026-02-11,2026,2026,21:57,23:02,21,23,NON_WEEKEND_GAP,64,21:57 -> 23:02 | 64m
1588067,1588068,2026-02-12 21:57:00,2026-02-12 23:00:00,63.0,Thursday,Thursday,2026-02-12,2026-02-12,2026,2026,21:57,23:00,21,23,NON_WEEKEND_GAP,64,21:57 -> 23:00 | 64m
1589445,1589446,2026-02-13 21:57:00,2026-02-15 23:01:00,2944.0,Friday,Sunday,2026-02-13,2026-02-15,2026,2026,21:57,23:01,21,23,WEEKEND_TRANSITION,2944,21:57 -> 23:01 | 2944m
1589453,1589454,2026-02-15 23:08:00,2026-02-15 23:10:00,2.0,Sunday,Sunday,2026-02-15,2026-02-15,2026,2026,23:08,23:10,23,23,WEEKEND_TRANSITION,2,23:08 -> 23:10 | 2m
1590673,1590674,2026-02-16 19:29:00,2026-02-16 23:01:00,212.0,Monday,Monday,2026-02-16,2026-02-16,2026,2026,19:29,23:01,19,23,LONG_EXCEPTIONAL_GAP,212,19:29 -> 23:01 | 212m
1592050,1592051,2026-02-17 21:57:00,2026-02-17 23:02:00,65.0,Tuesday,Tuesday,2026-02-17,2026-02-17,2026,2026,21:57,23:02,21,23,NON_WEEKEND_GAP,64,21:57 -> 23:02 | 64m
1593426,1593427,2026-02-18 21:57:00,2026-02-18 23:01:00,64.0,Wednesday,Wednesday,2026-02-18,2026-02-18,2026,2026,21:57,23:01,21,23,NON_WEEKEND_GAP,64,21:57 -> 23:01 | 64m
1594803,1594804,2026-02-19 21:57:00,2026-02-19 23:01:00,64.0,Thursday,Thursday,2026-02-19,2026-02-19,2026,2026,21:57,23:01,21,23,NON_WEEKEND_GAP,64,21:57 -> 23:01 | 64m
1596180,1596181,2026-02-20 21:57:00,2026-02-22 23:01:00,2944.0,Friday,Sunday,2026-02-20,2026-02-22,2026,2026,21:57,23:01,21,23,WEEKEND_TRANSITION,2944,21:57 -> 23:01 | 2944m
1597557,1597558,2026-02-23 21:57:00,2026-02-23 23:00:00,63.0,Monday,Monday,2026-02-23,2026-02-23,2026,2026,21:57,23:00,21,23,NON_WEEKEND_GAP,64,21:57 -> 23:00 | 64m
1598935,1598936,2026-02-24 21:57:00,2026-02-24 23:03:00,66.0,Tuesday,Tuesday,2026-02-24,2026-02-24,2026,2026,21:57,23:03,21,23,NON_WEEKEND_GAP,66,21:57 -> 23:03 | 66m
1600310,1600311,2026-02-25 21:57:00,2026-02-25 23:00:00,63.0,Wednesday,Wednesday,2026-02-25,2026-02-25,2026,2026,21:57,23:00,21,23,NON_WEEKEND_GAP,64,21:57 -> 23:00 | 64m
1601688,1601689,2026-02-26 21:57:00,2026-02-26 23:01:00,64.0,Thursday,Thursday,2026-02-26,2026-02-26,2026,2026,21:57,23:01,21,23,NON_WEEKEND_GAP,64,21:57 -> 23:01 | 64m
1603065,1603066,2026-02-27 21:57:00,2026-03-01 23:01:00,2944.0,Friday,Sunday,2026-02-27,2026-03-01,2026,2026,21:57,23:01,21,23,WEEKEND_TRANSITION,2944,21:57 -> 23:01 | 2944m
1603066,1603067,2026-03-01 23:01:00,2026-03-01 23:07:00,6.0,Sunday,Sunday,2026-03-01,2026-03-01,2026,2026,23:01,23:07,23,23,WEEKEND_TRANSITION,6,23:01 -> 23:07 | 6m
1603067,1603068,2026-03-01 23:07:00,2026-03-01 23:09:00,2.0,Sunday,Sunday,2026-03-01,2026-03-01,2026,2026,23:07,23:09,23,23,WEEKEND_TRANSITION,2,23:07 -> 23:09 | 2m
1604436,1604437,2026-03-02 21:57:00,2026-03-02 23:00:00,63.0,Monday,Monday,2026-03-02,2026-03-02,2026,2026,21:57,23:00,21,23,NON_WEEKEND_GAP,64,21:57 -> 23:00 | 64m
1605814,1605815,2026-03-03 21:57:00,2026-03-03 23:01:00,64.0,Tuesday,Tuesday,2026-03-03,2026-03-03,2026,2026,21:57,23:01,21,23,NON_WEEKEND_GAP,64,21:57 -> 23:01 | 64m
1607191,1607192,2026-03-04 21:57:00,2026-03-04 23:00:00,63.0,Wednesday,Wednesday,2026-03-04,2026-03-04,2026,2026,21:57,23:00,21,23,NON_WEEKEND_GAP,64,21:57 -> 23:00 | 64m
1608569,1608570,2026-03-05 21:57:00,2026-03-05 23:05:00,68.0,Thursday,Thursday,2026-03-05,2026-03-05,2026,2026,21:57,23:05,21,23,NON_WEEKEND_GAP,68,21:57 -> 23:05 | 68m
1609942,1609943,2026-03-06 21:57:00,2026-03-08 22:03:00,2886.0,Friday,Sunday,2026-03-06,2026-03-08,2026,2026,21:57,22:03,21,22,WEEKEND_TRANSITION,2886,21:57 -> 22:03 | 2886m
1611317,1611318,2026-03-09 20:57:00,2026-03-09 22:00:00,63.0,Monday,Monday,2026-03-09,2026-03-09,2026,2026,20:57,22:00,20,22,NON_WEEKEND_GAP,64,20:57 -> 22:00 | 64m
1612695,1612696,2026-03-10 20:57:00,2026-03-10 22:01:00,64.0,Tuesday,Tuesday,2026-03-10,2026-03-10,2026,2026,20:57,22:01,20,22,NON_WEEKEND_GAP,64,20:57 -> 22:01 | 64m
1614072,1614073,2026-03-11 20:57:00,2026-03-11 22:02:00,65.0,Wednesday,Wednesday,2026-03-11,2026-03-11,2026,2026,20:57,22:02,20,22,NON_WEEKEND_GAP,64,20:57 -> 22:02 | 64m
1615448,1615449,2026-03-12 20:57:00,2026-03-12 22:01:00,64.0,Thursday,Thursday,2026-03-12,2026-03-12,2026,2026,20:57,22:01,20,22,NON_WEEKEND_GAP,64,20:57 -> 22:01 | 64m
1616825,1616826,2026-03-13 20:57:00,2026-03-15 22:01:00,2944.0,Friday,Sunday,2026-03-13,2026-03-15,2026,2026,20:57,22:01,20,22,WEEKEND_TRANSITION,2944,20:57 -> 22:01 | 2944m
1618202,1618203,2026-03-16 20:57:00,2026-03-16 22:00:00,63.0,Monday,Monday,2026-03-16,2026-03-16,2026,2026,20:57,22:00,20,22,NON_WEEKEND_GAP,64,20:57 -> 22:00 | 64m
1619580,1619581,2026-03-17 20:57:00,2026-03-17 22:01:00,64.0,Tuesday,Tuesday,2026-03-17,2026-03-17,2026,2026,20:57,22:01,20,22,NON_WEEKEND_GAP,64,20:57 -> 22:01 | 64m
1620957,1620958,2026-03-18 20:57:00,2026-03-18 22:00:00,63.0,Wednesday,Wednesday,2026-03-18,2026-03-18,2026,2026,20:57,22:00,20,22,NON_WEEKEND_GAP,64,20:57 -> 22:00 | 64m
1622335,1622336,2026-03-19 20:57:00,2026-03-19 22:01:00,64.0,Thursday,Thursday,2026-03-19,2026-03-19,2026,2026,20:57,22:01,20,22,NON_WEEKEND_GAP,64,20:57 -> 22:01 | 64m
1623712,1623713,2026-03-20 20:57:00,2026-03-22 22:01:00,2944.0,Friday,Sunday,2026-03-20,2026-03-22,2026,2026,20:57,22:01,20,22,WEEKEND_TRANSITION,2944,20:57 -> 22:01 | 2944m
1625089,1625090,2026-03-23 20:57:00,2026-03-23 22:01:00,64.0,Monday,Monday,2026-03-23,2026-03-23,2026,2026,20:57,22:01,20,22,NON_WEEKEND_GAP,64,20:57 -> 22:01 | 64m
1626466,1626467,2026-03-24 20:57:00,2026-03-24 22:00:00,63.0,Tuesday,Tuesday,2026-03-24,2026-03-24,2026,2026,20:57,22:00,20,22,NON_WEEKEND_GAP,64,20:57 -> 22:00 | 64m
1627844,1627845,2026-03-25 20:57:00,2026-03-25 22:00:00,63.0,Wednesday,Wednesday,2026-03-25,2026-03-25,2026,2026,20:57,22:00,20,22,NON_WEEKEND_GAP,64,20:57 -> 22:00 | 64m
1629222,1629223,2026-03-26 20:57:00,2026-03-26 22:01:00,64.0,Thursday,Thursday,2026-03-26,2026-03-26,2026,2026,20:57,22:01,20,22,NON_WEEKEND_GAP,64,20:57 -> 22:01 | 64m
1630599,1630600,2026-03-27 20:57:00,2026-03-29 22:04:00,2947.0,Friday,Sunday,2026-03-27,2026-03-29,2026,2026,20:57,22:04,20,22,WEEKEND_TRANSITION,2948,20:57 -> 22:04 | 2948m
1631973,1631974,2026-03-30 20:57:00,2026-03-30 22:00:00,63.0,Monday,Monday,2026-03-30,2026-03-30,2026,2026,20:57,22:00,20,22,NON_WEEKEND_GAP,64,20:57 -> 22:00 | 64m
1633351,1633352,2026-03-31 20:57:00,2026-03-31 22:00:00,63.0,Tuesday,Tuesday,2026-03-31,2026-03-31,2026,2026,20:57,22:00,20,22,NON_WEEKEND_GAP,64,20:57 -> 22:00 | 64m
1634729,1634730,2026-04-01 20:57:00,2026-04-01 22:16:00,79.0,Wednesday,Wednesday,2026-04-01,2026-04-01,2026,2026,20:57,22:16,20,22,NON_WEEKEND_GAP,80,20:57 -> 22:16 | 80m
1636091,1636092,2026-04-02 20:57:00,2026-04-05 22:01:00,4384.0,Thursday,Sunday,2026-04-02,2026-04-05,2026,2026,20:57,22:01,20,22,WEEKEND_TRANSITION,4384,20:57 -> 22:01 | 4384m
1637468,1637469,2026-04-06 20:57:00,2026-04-06 22:01:00,64.0,Monday,Monday,2026-04-06,2026-04-06,2026,2026,20:57,22:01,20,22,NON_WEEKEND_GAP,64,20:57 -> 22:01 | 64m
1638845,1638846,2026-04-07 20:57:00,2026-04-07 22:01:00,64.0,Tuesday,Tuesday,2026-04-07,2026-04-07,2026,2026,20:57,22:01,20,22,NON_WEEKEND_GAP,64,20:57 -> 22:01 | 64m
1640222,1640223,2026-04-08 20:57:00,2026-04-08 22:01:00,64.0,Wednesday,Wednesday,2026-04-08,2026-04-08,2026,2026,20:57,22:01,20,22,NON_WEEKEND_GAP,64,20:57 -> 22:01 | 64m
1641599,1641600,2026-04-09 20:57:00,2026-04-09 22:01:00,64.0,Thursday,Thursday,2026-04-09,2026-04-09,2026,2026,20:57,22:01,20,22,NON_WEEKEND_GAP,64,20:57 -> 22:01 | 64m
1642976,1642977,2026-04-10 20:57:00,2026-04-12 22:06:00,2949.0,Friday,Sunday,2026-04-10,2026-04-12,2026,2026,20:57,22:06,20,22,WEEKEND_TRANSITION,2948,20:57 -> 22:06 | 2948m
1644348,1644349,2026-04-13 20:57:00,2026-04-13 22:01:00,64.0,Monday,Monday,2026-04-13,2026-04-13,2026,2026,20:57,22:01,20,22,NON_WEEKEND_GAP,64,20:57 -> 22:01 | 64m
1645725,1645726,2026-04-14 20:57:00,2026-04-14 22:01:00,64.0,Tuesday,Tuesday,2026-04-14,2026-04-14,2026,2026,20:57,22:01,20,22,NON_WEEKEND_GAP,64,20:57 -> 22:01 | 64m
1647102,1647103,2026-04-15 20:57:00,2026-04-15 22:02:00,65.0,Wednesday,Wednesday,2026-04-15,2026-04-15,2026,2026,20:57,22:02,20,22,NON_WEEKEND_GAP,64,20:57 -> 22:02 | 64m
1648478,1648479,2026-04-16 20:57:00,2026-04-16 22:00:00,63.0,Thursday,Thursday,2026-04-16,2026-04-16,2026,2026,20:57,22:00,20,22,NON_WEEKEND_GAP,64,20:57 -> 22:00 | 64m
1649856,1649857,2026-04-17 20:57:00,2026-04-19 22:01:00,2944.0,Friday,Sunday,2026-04-17,2026-04-19,2026,2026,20:57,22:01,20,22,WEEKEND_TRANSITION,2944,20:57 -> 22:01 | 2944m
1649857,1649858,2026-04-19 22:01:00,2026-04-19 22:03:00,2.0,Sunday,Sunday,2026-04-19,2026-04-19,2026,2026,22:01,22:03,22,22,WEEKEND_TRANSITION,2,22:01 -> 22:03 | 2m
1651232,1651233,2026-04-20 20:57:00,2026-04-20 22:00:00,63.0,Monday,Monday,2026-04-20,2026-04-20,2026,2026,20:57,22:00,20,22,NON_WEEKEND_GAP,64,20:57 -> 22:00 | 64m
1652610,1652611,2026-04-21 20:57:00,2026-04-21 22:00:00,63.0,Tuesday,Tuesday,2026-04-21,2026-04-21,2026,2026,20:57,22:00,20,22,NON_WEEKEND_GAP,64,20:57 -> 22:00 | 64m
1653988,1653989,2026-04-22 20:57:00,2026-04-22 22:00:00,63.0,Wednesday,Wednesday,2026-04-22,2026-04-22,2026,2026,20:57,22:00,20,22,NON_WEEKEND_GAP,64,20:57 -> 22:00 | 64m
1655366,1655367,2026-04-23 20:57:00,2026-04-23 22:01:00,64.0,Thursday,Thursday,2026-04-23,2026-04-23,2026,2026,20:57,22:01,20,22,NON_WEEKEND_GAP,64,20:57 -> 22:01 | 64m
1656743,1656744,2026-04-24 20:57:00,2026-04-26 22:02:00,2945.0,Friday,Sunday,2026-04-24,2026-04-26,2026,2026,20:57,22:02,20,22,WEEKEND_TRANSITION,2944,20:57 -> 22:02 | 2944m
1658119,1658120,2026-04-27 20:57:00,2026-04-27 22:01:00,64.0,Monday,Monday,2026-04-27,2026-04-27,2026,2026,20:57,22:01,20,22,NON_WEEKEND_GAP,64,20:57 -> 22:01 | 64m
1659496,1659497,2026-04-28 20:57:00,2026-04-28 22:01:00,64.0,Tuesday,Tuesday,2026-04-28,2026-04-28,2026,2026,20:57,22:01,20,22,NON_WEEKEND_GAP,64,20:57 -> 22:01 | 64m
1660873,1660874,2026-04-29 20:57:00,2026-04-29 22:01:00,64.0,Wednesday,Wednesday,2026-04-29,2026-04-29,2026,2026,20:57,22:01,20,22,NON_WEEKEND_GAP,64,20:57 -> 22:01 | 64m
1662250,1662251,2026-04-30 20:57:00,2026-04-30 22:01:00,64.0,Thursday,Thursday,2026-04-30,2026-04-30,2026,2026,20:57,22:01,20,22,NON_WEEKEND_GAP,64,20:57 -> 22:01 | 64m
1663627,1663628,2026-05-01 20:57:00,2026-05-03 22:03:00,2946.0,Friday,Sunday,2026-05-01,2026-05-03,2026,2026,20:57,22:03,20,22,WEEKEND_TRANSITION,2946,20:57 -> 22:03 | 2946m
1665002,1665003,2026-05-04 20:57:00,2026-05-04 22:01:00,64.0,Monday,Monday,2026-05-04,2026-05-04,2026,2026,20:57,22:01,20,22,NON_WEEKEND_GAP,64,20:57 -> 22:01 | 64m
1666379,1666380,2026-05-05 20:57:00,2026-05-05 22:01:00,64.0,Tuesday,Tuesday,2026-05-05,2026-05-05,2026,2026,20:57,22:01,20,22,NON_WEEKEND_GAP,64,20:57 -> 22:01 | 64m
1667756,1667757,2026-05-06 20:57:00,2026-05-06 22:01:00,64.0,Wednesday,Wednesday,2026-05-06,2026-05-06,2026,2026,20:57,22:01,20,22,NON_WEEKEND_GAP,64,20:57 -> 22:01 | 64m
1669133,1669134,2026-05-07 20:57:00,2026-05-07 22:01:00,64.0,Thursday,Thursday,2026-05-07,2026-05-07,2026,2026,20:57,22:01,20,22,NON_WEEKEND_GAP,64,20:57 -> 22:01 | 64m
1670510,1670511,2026-05-08 20:57:00,2026-05-10 22:02:00,2945.0,Friday,Sunday,2026-05-08,2026-05-10,2026,2026,20:57,22:02,20,22,WEEKEND_TRANSITION,2944,20:57 -> 22:02 | 2944m
1671886,1671887,2026-05-11 20:57:00,2026-05-11 22:01:00,64.0,Monday,Monday,2026-05-11,2026-05-11,2026,2026,20:57,22:01,20,22,NON_WEEKEND_GAP,64,20:57 -> 22:01 | 64m
1673263,1673264,2026-05-12 20:57:00,2026-05-12 22:00:00,63.0,Tuesday,Tuesday,2026-05-12,2026-05-12,2026,2026,20:57,22:00,20,22,NON_WEEKEND_GAP,64,20:57 -> 22:00 | 64m
1674641,1674642,2026-05-13 20:57:00,2026-05-13 22:00:00,63.0,Wednesday,Wednesday,2026-05-13,2026-05-13,2026,2026,20:57,22:00,20,22,NON_WEEKEND_GAP,64,20:57 -> 22:00 | 64m
1676019,1676020,2026-05-14 20:57:00,2026-05-14 22:00:00,63.0,Thursday,Thursday,2026-05-14,2026-05-14,2026,2026,20:57,22:00,20,22,NON_WEEKEND_GAP,64,20:57 -> 22:00 | 64m
1677397,1677398,2026-05-15 20:57:00,2026-05-17 22:02:00,2945.0,Friday,Sunday,2026-05-15,2026-05-17,2026,2026,20:57,22:02,20,22,WEEKEND_TRANSITION,2944,20:57 -> 22:02 | 2944m
1678773,1678774,2026-05-18 20:57:00,2026-05-18 22:00:00,63.0,Monday,Monday,2026-05-18,2026-05-18,2026,2026,20:57,22:00,20,22,NON_WEEKEND_GAP,64,20:57 -> 22:00 | 64m
1680151,1680152,2026-05-19 20:57:00,2026-05-19 22:00:00,63.0,Tuesday,Tuesday,2026-05-19,2026-05-19,2026,2026,20:57,22:00,20,22,NON_WEEKEND_GAP,64,20:57 -> 22:00 | 64m
1681529,1681530,2026-05-20 20:57:00,2026-05-20 22:00:00,63.0,Wednesday,Wednesday,2026-05-20,2026-05-20,2026,2026,20:57,22:00,20,22,NON_WEEKEND_GAP,64,20:57 -> 22:00 | 64m
1682907,1682908,2026-05-21 20:57:00,2026-05-21 22:00:00,63.0,Thursday,Thursday,2026-05-21,2026-05-21,2026,2026,20:57,22:00,20,22,NON_WEEKEND_GAP,64,20:57 -> 22:00 | 64m
1684285,1684286,2026-05-22 20:57:00,2026-05-24 22:01:00,2944.0,Friday,Sunday,2026-05-22,2026-05-24,2026,2026,20:57,22:01,20,22,WEEKEND_TRANSITION,2944,20:57 -> 22:01 | 2944m
1685514,1685515,2026-05-25 18:29:00,2026-05-25 22:01:00,212.0,Monday,Monday,2026-05-25,2026-05-25,2026,2026,18:29,22:01,18,22,LONG_EXCEPTIONAL_GAP,212,18:29 -> 22:01 | 212m
1686891,1686892,2026-05-26 20:57:00,2026-05-26 22:02:00,65.0,Tuesday,Tuesday,2026-05-26,2026-05-26,2026,2026,20:57,22:02,20,22,NON_WEEKEND_GAP,64,20:57 -> 22:02 | 64m
1688267,1688268,2026-05-27 20:57:00,2026-05-27 22:00:00,63.0,Wednesday,Wednesday,2026-05-27,2026-05-27,2026,2026,20:57,22:00,20,22,NON_WEEKEND_GAP,64,20:57 -> 22:00 | 64m
1689645,1689646,2026-05-28 20:57:00,2026-05-28 22:00:00,63.0,Thursday,Thursday,2026-05-28,2026-05-28,2026,2026,20:57,22:00,20,22,NON_WEEKEND_GAP,64,20:57 -> 22:00 | 64m
1691023,1691024,2026-05-29 20:57:00,2026-05-31 22:01:00,2944.0,Friday,Sunday,2026-05-29,2026-05-31,2026,2026,20:57,22:01,20,22,WEEKEND_TRANSITION,2944,20:57 -> 22:01 | 2944m
1692400,1692401,2026-06-01 20:57:00,2026-06-01 22:00:00,63.0,Monday,Monday,2026-06-01,2026-06-01,2026,2026,20:57,22:00,20,22,NON_WEEKEND_GAP,64,20:57 -> 22:00 | 64m
1693778,1693779,2026-06-02 20:57:00,2026-06-02 22:00:00,63.0,Tuesday,Tuesday,2026-06-02,2026-06-02,2026,2026,20:57,22:00,20,22,NON_WEEKEND_GAP,64,20:57 -> 22:00 | 64m
1695156,1695157,2026-06-03 20:57:00,2026-06-03 22:00:00,63.0,Wednesday,Wednesday,2026-06-03,2026-06-03,2026,2026,20:57,22:00,20,22,NON_WEEKEND_GAP,64,20:57 -> 22:00 | 64m
1696534,1696535,2026-06-04 20:57:00,2026-06-04 22:00:00,63.0,Thursday,Thursday,2026-06-04,2026-06-04,2026,2026,20:57,22:00,20,22,NON_WEEKEND_GAP,64,20:57 -> 22:00 | 64m
1697912,1697913,2026-06-05 20:57:00,2026-06-07 22:01:00,2944.0,Friday,Sunday,2026-06-05,2026-06-07,2026,2026,20:57,22:01,20,22,WEEKEND_TRANSITION,2944,20:57 -> 22:01 | 2944m
1699289,1699290,2026-06-08 20:57:00,2026-06-08 22:00:00,63.0,Monday,Monday,2026-06-08,2026-06-08,2026,2026,20:57,22:00,20,22,NON_WEEKEND_GAP,64,20:57 -> 22:00 | 64m
1700667,1700668,2026-06-09 20:57:00,2026-06-09 22:00:00,63.0,Tuesday,Tuesday,2026-06-09,2026-06-09,2026,2026,20:57,22:00,20,22,NON_WEEKEND_GAP,64,20:57 -> 22:00 | 64m
1702045,1702046,2026-06-10 20:57:00,2026-06-10 22:00:00,63.0,Wednesday,Wednesday,2026-06-10,2026-06-10,2026,2026,20:57,22:00,20,22,NON_WEEKEND_GAP,64,20:57 -> 22:00 | 64m
1703423,1703424,2026-06-11 20:57:00,2026-06-11 22:00:00,63.0,Thursday,Thursday,2026-06-11,2026-06-11,2026,2026,20:57,22:00,20,22,NON_WEEKEND_GAP,64,20:57 -> 22:00 | 64m
1704801,1704802,2026-06-12 20:57:00,2026-06-14 22:02:00,2945.0,Friday,Sunday,2026-06-12,2026-06-14,2026,2026,20:57,22:02,20,22,WEEKEND_TRANSITION,2944,20:57 -> 22:02 | 2944m
1706177,1706178,2026-06-15 20:57:00,2026-06-15 22:00:00,63.0,Monday,Monday,2026-06-15,2026-06-15,2026,2026,20:57,22:00,20,22,NON_WEEKEND_GAP,64,20:57 -> 22:00 | 64m
1707555,1707556,2026-06-16 20:57:00,2026-06-16 22:00:00,63.0,Tuesday,Tuesday,2026-06-16,2026-06-16,2026,2026,20:57,22:00,20,22,NON_WEEKEND_GAP,64,20:57 -> 22:00 | 64m
1708933,1708934,2026-06-17 20:57:00,2026-06-17 22:00:00,63.0,Wednesday,Wednesday,2026-06-17,2026-06-17,2026,2026,20:57,22:00,20,22,NON_WEEKEND_GAP,64,20:57 -> 22:00 | 64m
1710311,1710312,2026-06-18 20:57:00,2026-06-18 22:00:00,63.0,Thursday,Thursday,2026-06-18,2026-06-18,2026,2026,20:57,22:00,20,22,NON_WEEKEND_GAP,64,20:57 -> 22:00 | 64m
1711451,1711452,2026-06-19 16:59:00,2026-06-21 22:01:00,3182.0,Friday,Sunday,2026-06-19,2026-06-21,2026,2026,16:59,22:01,16,22,WEEKEND_TRANSITION,3182,16:59 -> 22:01 | 3182m
1712828,1712829,2026-06-22 20:57:00,2026-06-22 22:00:00,63.0,Monday,Monday,2026-06-22,2026-06-22,2026,2026,20:57,22:00,20,22,NON_WEEKEND_GAP,64,20:57 -> 22:00 | 64m
1714206,1714207,2026-06-23 20:57:00,2026-06-23 22:00:00,63.0,Tuesday,Tuesday,2026-06-23,2026-06-23,2026,2026,20:57,22:00,20,22,NON_WEEKEND_GAP,64,20:57 -> 22:00 | 64m
1715584,1715585,2026-06-24 20:57:00,2026-06-24 22:00:00,63.0,Wednesday,Wednesday,2026-06-24,2026-06-24,2026,2026,20:57,22:00,20,22,NON_WEEKEND_GAP,64,20:57 -> 22:00 | 64m
1716962,1716963,2026-06-25 20:57:00,2026-06-25 22:00:00,63.0,Thursday,Thursday,2026-06-25,2026-06-25,2026,2026,20:57,22:00,20,22,NON_WEEKEND_GAP,64,20:57 -> 22:00 | 64m
1718340,1718341,2026-06-26 20:57:00,2026-06-28 22:01:00,2944.0,Friday,Sunday,2026-06-26,2026-06-28,2026,2026,20:57,22:01,20,22,WEEKEND_TRANSITION,2944,20:57 -> 22:01 | 2944m
1719717,1719718,2026-06-29 20:57:00,2026-06-29 22:00:00,63.0,Monday,Monday,2026-06-29,2026-06-29,2026,2026,20:57,22:00,20,22,NON_WEEKEND_GAP,64,20:57 -> 22:00 | 64m
1721095,1721096,2026-06-30 20:57:00,2026-06-30 22:00:00,63.0,Tuesday,Tuesday,2026-06-30,2026-06-30,2026,2026,20:57,22:00,20,22,NON_WEEKEND_GAP,64,20:57 -> 22:00 | 64m
1722473,1722474,2026-07-01 20:57:00,2026-07-01 22:00:00,63.0,Wednesday,Wednesday,2026-07-01,2026-07-01,2026,2026,20:57,22:00,20,22,NON_WEEKEND_GAP,64,20:57 -> 22:00 | 64m
1723851,1723852,2026-07-02 20:57:00,2026-07-02 22:00:00,63.0,Thursday,Thursday,2026-07-02,2026-07-02,2026,2026,20:57,22:00,20,22,NON_WEEKEND_GAP,64,20:57 -> 22:00 | 64m
1724991,1724992,2026-07-03 16:59:00,2026-07-05 22:01:00,3182.0,Friday,Sunday,2026-07-03,2026-07-05,2026,2026,16:59,22:01,16,22,WEEKEND_TRANSITION,3182,16:59 -> 22:01 | 3182m
1726368,1726369,2026-07-06 20:57:00,2026-07-06 22:00:00,63.0,Monday,Monday,2026-07-06,2026-07-06,2026,2026,20:57,22:00,20,22,NON_WEEKEND_GAP,64,20:57 -> 22:00 | 64m
1727746,1727747,2026-07-07 20:57:00,2026-07-07 22:00:00,63.0,Tuesday,Tuesday,2026-07-07,2026-07-07,2026,2026,20:57,22:00,20,22,NON_WEEKEND_GAP,64,20:57 -> 22:00 | 64m
1729124,1729125,2026-07-08 20:57:00,2026-07-08 22:00:00,63.0,Wednesday,Wednesday,2026-07-08,2026-07-08,2026,2026,20:57,22:00,20,22,NON_WEEKEND_GAP,64,20:57 -> 22:00 | 64m
1730502,1730503,2026-07-09 20:57:00,2026-07-09 22:00:00,63.0,Thursday,Thursday,2026-07-09,2026-07-09,2026,2026,20:57,22:00,20,22,NON_WEEKEND_GAP,64,20:57 -> 22:00 | 64m
1731880,1731881,2026-07-10 20:57:00,2026-07-12 22:01:00,2944.0,Friday,Sunday,2026-07-10,2026-07-12,2026,2026,20:57,22:01,20,22,WEEKEND_TRANSITION,2944,20:57 -> 22:01 | 2944m
1733257,1733258,2026-07-13 20:57:00,2026-07-13 22:00:00,63.0,Monday,Monday,2026-07-13,2026-07-13,2026,2026,20:57,22:00,20,22,NON_WEEKEND_GAP,64,20:57 -> 22:00 | 64m
1734635,1734636,2026-07-14 20:57:00,2026-07-14 22:00:00,63.0,Tuesday,Tuesday,2026-07-14,2026-07-14,2026,2026,20:57,22:00,20,22,NON_WEEKEND_GAP,64,20:57 -> 22:00 | 64m
1736013,1736014,2026-07-15 20:57:00,2026-07-15 22:00:00,63.0,Wednesday,Wednesday,2026-07-15,2026-07-15,2026,2026,20:57,22:00,20,22,NON_WEEKEND_GAP,64,20:57 -> 22:00 | 64m
1737391,1737392,2026-07-16 20:57:00,2026-07-16 22:00:00,63.0,Thursday,Thursday,2026-07-16,2026-07-16,2026,2026,20:57,22:00,20,22,NON_WEEKEND_GAP,64,20:57 -> 22:00 | 64m
1738769,1738770,2026-07-17 20:57:00,2026-07-19 22:01:00,2944.0,Friday,Sunday,2026-07-17,2026-07-19,2026,2026,20:57,22:01,20,22,WEEKEND_TRANSITION,2944,20:57 -> 22:01 | 2944m
1740146,1740147,2026-07-20 20:57:00,2026-07-20 22:00:00,63.0,Monday,Monday,2026-07-20,2026-07-20,2026,2026,20:57,22:00,20,22,NON_WEEKEND_GAP,64,20:57 -> 22:00 | 64m
1741524,1741525,2026-07-21 20:57:00,2026-07-21 22:00:00,63.0,Tuesday,Tuesday,2026-07-21,2026-07-21,2026,2026,20:57,22:00,20,22,NON_WEEKEND_GAP,64,20:57 -> 22:00 | 64m
1742902,1742903,2026-07-22 20:57:00,2026-07-22 22:00:00,63.0,Wednesday,Wednesday,2026-07-22,2026-07-22,2026,2026,20:57,22:00,20,22,NON_WEEKEND_GAP,64,20:57 -> 22:00 | 64m
1744280,1744281,2026-07-23 20:57:00,2026-07-23 22:00:00,63.0,Thursday,Thursday,2026-07-23,2026-07-23,2026,2026,20:57,22:00,20,22,NON_WEEKEND_GAP,64,20:57 -> 22:00 | 64m
1745658,1745659,2026-07-24 20:57:00,2026-07-26 22:01:00,2944.0,Friday,Sunday,2026-07-24,2026-07-26,2026,2026,20:57,22:01,20,22,WEEKEND_TRANSITION,2944,20:57 -> 22:01 | 2944m
1747035,1747036,2026-07-27 20:57:00,2026-07-27 22:00:00,63.0,Monday,Monday,2026-07-27,2026-07-27,2026,2026,20:57,22:00,20,22,NON_WEEKEND_GAP,64,20:57 -> 22:00 | 64m
1748413,1748414,2026-07-28 20:57:00,2026-07-28 22:00:00,63.0,Tuesday,Tuesday,2026-07-28,2026-07-28,2026,2026,20:57,22:00,20,22,NON_WEEKEND_GAP,64,20:57 -> 22:00 | 64m
1749791,1749792,2026-07-29 20:57:00,2026-07-29 22:00:00,63.0,Wednesday,Wednesday,2026-07-29,2026-07-29,2026,2026,20:57,22:00,20,22,NON_WEEKEND_GAP,64,20:57 -> 22:00 | 64m
1751169,1751170,2026-07-30 20:57:00,2026-07-30 22:00:00,63.0,Thursday,Thursday,2026-07-30,2026-07-30,2026,2026,20:57,22:00,20,22,NON_WEEKEND_GAP,64,20:57 -> 22:00 | 64m
1752547,1752548,2026-07-31 20:57:00,2026-08-02 22:01:00,2944.0,Friday,Sunday,2026-07-31,2026-08-02,2026,2026,20:57,22:01,20,22,WEEKEND_TRANSITION,2944,20:57 -> 22:01 | 2944m
1753924,1753925,2026-08-03 20:57:00,2026-08-03 22:00:00,63.0,Monday,Monday,2026-08-03,2026-08-03,2026,2026,20:57,22:00,20,22,NON_WEEKEND_GAP,64,20:57 -> 22:00 | 64m
1755302,1755303,2026-08-04 20:57:00,2026-08-04 22:00:00,63.0,Tuesday,Tuesday,2026-08-04,2026-08-04,2026,2026,20:57,22:00,20,22,NON_WEEKEND_GAP,64,20:57 -> 22:00 | 64m
1756680,1756681,2026-08-05 20:57:00,2026-08-05 22:00:00,63.0,Wednesday,Wednesday,2026-08-05,2026-08-05,2026,2026,20:57,22:00,20,22,NON_WEEKEND_GAP,64,20:57 -> 22:00 | 64m
1758058,1758059,2026-08-06 20:57:00,2026-08-06 22:00:00,63.0,Thursday,Thursday,2026-08-06,2026-08-06,2026,2026,20:57,22:00,20,22,NON_WEEKEND_GAP,64,20:57 -> 22:00 | 64m
1759436,1759437,2026-08-07 20:57:00,2026-08-09 22:01:00,2944.0,Friday,Sunday,2026-08-07,2026-08-09,2026,2026,20:57,22:01,20,22,WEEKEND_TRANSITION,2944,20:57 -> 22:01 | 2944m
1760813,1760814,2026-08-10 20:57:00,2026-08-10 22:00:00,63.0,Monday,Monday,2026-08-10,2026-08-10,2026,2026,20:57,22:00,20,22,NON_WEEKEND_GAP,64,20:57 -> 22:00 | 64m
1762191,1762192,2026-08-11 20:57:00,2026-08-11 22:00:00,63.0,Tuesday,Tuesday,2026-08-11,2026-08-11,2026,2026,20:57,22:00,20,22,NON_WEEKEND_GAP,64,20:57 -> 22:00 | 64m
1763569,1763570,2026-08-12 20:57:00,2026-08-12 22:00:00,63.0,Wednesday,Wednesday,2026-08-12,2026-08-12,2026,2026,20:57,22:00,20,22,NON_WEEKEND_GAP,64,20:57 -> 22:00 | 64m
