previous,current,gap_minutes,previous_date,current_date,previous_year,current_year,previous_weekday,current_weekday,previous_time,current_time,previous_minutes_of_day,current_minutes_of_day,calendar_transition,gap_type,previous_time_cluster,current_time_cluster,duration_cluster,boundary_family
2021-08-17 00:56:00,2021-08-17 01:00:00,4.0,2021-08-17,2021-08-17,2021,2021,Tuesday,Tuesday,00:56,01:00,56,60,NON_WEEKEND,NON_WEEKEND_GAP,6,7,4,P6_C7_D4
2021-08-17 05:39:00,2021-08-17 05:42:00,3.0,2021-08-17,2021-08-17,2021,2021,Tuesday,Tuesday,05:39,05:42,339,342,NON_WEEKEND,NON_WEEKEND_GAP,34,35,4,P34_C35_D4
2021-08-17 07:34:00,2021-08-17 07:36:00,2.0,2021-08-17,2021-08-17,2021,2021,Tuesday,Tuesday,07:34,07:36,454,456,NON_WEEKEND,NON_WEEKEND_GAP,46,46,2,P46_C46_D2
2021-08-17 10:36:00,2021-08-17 10:38:00,2.0,2021-08-17,2021-08-17,2021,2021,Tuesday,Tuesday,10:36,10:38,636,638,NON_WEEKEND,NON_WEEKEND_GAP,64,64,2,P64_C64_D2
2021-08-17 12:49:00,2021-08-17 12:52:00,3.0,2021-08-17,2021-08-17,2021,2021,Tuesday,Tuesday,12:49,12:52,769,772,NON_WEEKEND,NON_WEEKEND_GAP,76,77,4,P76_C77_D4
2021-08-17 12:53:00,2021-08-17 12:55:00,2.0,2021-08-17,2021-08-17,2021,2021,Tuesday,Tuesday,12:53,12:55,773,775,NON_WEEKEND,NON_WEEKEND_GAP,76,77,2,P76_C77_D2
2021-08-17 16:45:00,2021-08-17 16:47:00,2.0,2021-08-17,2021-08-17,2021,2021,Tuesday,Tuesday,16:45,16:47,1005,1007,NON_WEEKEND,NON_WEEKEND_GAP,97,96,2,P97_C96_D2
2021-08-17 21:10:00,2021-08-17 21:20:00,10.0,2021-08-17,2021-08-17,2021,2021,Tuesday,Tuesday,21:10,21:20,1270,1280,NON_WEEKEND,NON_WEEKEND_GAP,123,122,10,P123_C122_D10
2021-08-17 21:37:00,2021-08-17 21:55:00,18.0,2021-08-17,2021-08-17,2021,2021,Tuesday,Tuesday,21:37,21:55,1297,1315,NON_WEEKEND,NON_WEEKEND_GAP,125,126,18,P125_C126_D18
2021-08-17 22:13:00,2021-08-17 22:19:00,6.0,2021-08-17,2021-08-17,2021,2021,Tuesday,Tuesday,22:13,22:19,1333,1339,NON_WEEKEND,NON_WEEKEND_GAP,129,128,6,P129_C128_D6
2021-08-17 23:33:00,2021-08-17 23:39:00,6.0,2021-08-17,2021-08-17,2021,2021,Tuesday,Tuesday,23:33,23:39,1413,1419,NON_WEEKEND,NON_WEEKEND_GAP,137,136,6,P137_C136_D6
2021-08-18 09:31:00,2021-08-18 09:33:00,2.0,2021-08-18,2021-08-18,2021,2021,Wednesday,Wednesday,09:31,09:33,571,573,NON_WEEKEND,NON_WEEKEND_GAP,58,58,2,P58_C58_D2
2021-08-18 21:34:00,2021-08-18 21:41:00,7.0,2021-08-18,2021-08-18,2021,2021,Wednesday,Wednesday,21:34,21:41,1294,1301,NON_WEEKEND,NON_WEEKEND_GAP,125,124,8,P125_C124_D8
2021-08-18 22:26:00,2021-08-18 22:34:00,8.0,2021-08-18,2021-08-18,2021,2021,Wednesday,Wednesday,22:26,22:34,1346,1354,NON_WEEKEND,NON_WEEKEND_GAP,130,130,8,P130_C130_D8
2021-08-18 23:09:00,2021-08-18 23:13:00,4.0,2021-08-18,2021-08-18,2021,2021,Wednesday,Wednesday,23:09,23:13,1389,1393,NON_WEEKEND,NON_WEEKEND_GAP,134,134,4,P134_C134_D4
2021-08-19 04:15:00,2021-08-19 04:21:00,6.0,2021-08-19,2021-08-19,2021,2021,Thursday,Thursday,04:15,04:21,255,261,NON_WEEKEND,NON_WEEKEND_GAP,26,26,6,P26_C26_D6
2021-08-19 12:17:00,2021-08-19 12:19:00,2.0,2021-08-19,2021-08-19,2021,2021,Thursday,Thursday,12:17,12:19,737,739,NON_WEEKEND,NON_WEEKEND_GAP,73,73,2,P73_C73_D2
2021-08-19 20:29:00,2021-08-19 20:33:00,4.0,2021-08-19,2021-08-19,2021,2021,Thursday,Thursday,20:29,20:33,1229,1233,NON_WEEKEND,NON_WEEKEND_GAP,118,118,4,P118_C118_D4
2021-08-19 21:15:00,2021-08-19 21:24:00,9.0,2021-08-19,2021-08-19,2021,2021,Thursday,Thursday,21:15,21:24,1275,1284,NON_WEEKEND,NON_WEEKEND_GAP,123,123,8,P123_C123_D8
2021-08-19 21:38:00,2021-08-19 21:45:00,7.0,2021-08-19,2021-08-19,2021,2021,Thursday,Thursday,21:38,21:45,1298,1305,NON_WEEKEND,NON_WEEKEND_GAP,125,125,8,P125_C125_D8
2021-08-19 22:40:00,2021-08-19 22:47:00,7.0,2021-08-19,2021-08-19,2021,2021,Thursday,Thursday,22:40,22:47,1360,1367,NON_WEEKEND,NON_WEEKEND_GAP,132,131,8,P132_C131_D8
2021-08-19 22:47:00,2021-08-19 22:54:00,7.0,2021-08-19,2021-08-19,2021,2021,Thursday,Thursday,22:47,22:54,1367,1374,NON_WEEKEND,NON_WEEKEND_GAP,132,132,8,P132_C132_D8
2021-08-19 23:29:00,2021-08-19 23:33:00,4.0,2021-08-19,2021-08-19,2021,2021,Thursday,Thursday,23:29,23:33,1409,1413,NON_WEEKEND,NON_WEEKEND_GAP,136,136,4,P136_C136_D4
2021-08-20 09:56:00,2021-08-20 09:58:00,2.0,2021-08-20,2021-08-20,2021,2021,Friday,Friday,09:56,09:58,596,598,NON_WEEKEND,NON_WEEKEND_GAP,60,60,2,P60_C60_D2
2021-08-20 10:50:00,2021-08-20 10:52:00,2.0,2021-08-20,2021-08-20,2021,2021,Friday,Friday,10:50,10:52,650,652,NON_WEEKEND,NON_WEEKEND_GAP,65,65,2,P65_C65_D2
2021-08-20 12:27:00,2021-08-20 12:29:00,2.0,2021-08-20,2021-08-20,2021,2021,Friday,Friday,12:27,12:29,747,749,NON_WEEKEND,NON_WEEKEND_GAP,74,74,2,P74_C74_D2
2021-08-20 17:09:00,2021-08-20 17:11:00,2.0,2021-08-20,2021-08-20,2021,2021,Friday,Friday,17:09,17:11,1029,1031,NON_WEEKEND,NON_WEEKEND_GAP,99,98,2,P99_C98_D2
2021-08-20 17:30:00,2021-08-20 17:34:00,4.0,2021-08-20,2021-08-20,2021,2021,Friday,Friday,17:30,17:34,1050,1054,NON_WEEKEND,NON_WEEKEND_GAP,101,100,4,P101_C100_D4
2021-08-20 17:42:00,2021-08-20 17:45:00,3.0,2021-08-20,2021-08-20,2021,2021,Friday,Friday,17:42,17:45,1062,1065,NON_WEEKEND,NON_WEEKEND_GAP,102,101,4,P102_C101_D4
2021-08-20 18:09:00,2021-08-20 18:13:00,4.0,2021-08-20,2021-08-20,2021,2021,Friday,Friday,18:09,18:13,1089,1093,NON_WEEKEND,NON_WEEKEND_GAP,105,104,4,P105_C104_D4
2021-08-20 19:03:00,2021-08-20 19:07:00,4.0,2021-08-20,2021-08-20,2021,2021,Friday,Friday,19:03,19:07,1143,1147,NON_WEEKEND,NON_WEEKEND_GAP,110,109,4,P110_C109_D4
2021-08-20 19:09:00,2021-08-20 19:11:00,2.0,2021-08-20,2021-08-20,2021,2021,Friday,Friday,19:09,19:11,1149,1151,NON_WEEKEND,NON_WEEKEND_GAP,111,109,2,P111_C109_D2
2021-08-20 19:36:00,2021-08-20 19:39:00,3.0,2021-08-20,2021-08-20,2021,2021,Friday,Friday,19:36,19:39,1176,1179,NON_WEEKEND,NON_WEEKEND_GAP,113,112,4,P113_C112_D4
2021-08-20 19:52:00,2021-08-20 19:55:00,3.0,2021-08-20,2021-08-20,2021,2021,Friday,Friday,19:52,19:55,1192,1195,NON_WEEKEND,NON_WEEKEND_GAP,115,114,4,P115_C114_D4
2021-08-20 20:14:00,2021-08-20 20:20:00,6.0,2021-08-20,2021-08-20,2021,2021,Friday,Friday,20:14,20:20,1214,1220,NON_WEEKEND,NON_WEEKEND_GAP,117,116,6,P117_C116_D6
2021-08-20 20:32:00,2021-08-20 20:41:00,9.0,2021-08-20,2021-08-20,2021,2021,Friday,Friday,20:32,20:41,1232,1241,NON_WEEKEND,NON_WEEKEND_GAP,119,118,8,P119_C118_D8
2021-08-22 21:00:00,2021-08-22 21:23:00,23.0,2021-08-22,2021-08-22,2021,2021,Sunday,Sunday,21:00,21:23,1260,1283,NON_WEEKEND,NON_WEEKEND_GAP,122,123,24,P122_C123_D24
2021-08-22 23:18:00,2021-08-22 23:23:00,5.0,2021-08-22,2021-08-22,2021,2021,Sunday,Sunday,23:18,23:23,1398,1403,NON_WEEKEND,NON_WEEKEND_GAP,135,135,4,P135_C135_D4
2021-08-22 23:46:00,2021-08-22 23:52:00,6.0,2021-08-22,2021-08-22,2021,2021,Sunday,Sunday,23:46,23:52,1426,1432,NON_WEEKEND,NON_WEEKEND_GAP,138,138,6,P138_C138_D6
2021-08-23 00:21:00,2021-08-23 00:25:00,4.0,2021-08-23,2021-08-23,2021,2021,Monday,Monday,00:21,00:25,21,25,NON_WEEKEND,NON_WEEKEND_GAP,3,3,4,P3_C3_D4
2021-08-23 05:18:00,2021-08-23 05:22:00,4.0,2021-08-23,2021-08-23,2021,2021,Monday,Monday,05:18,05:22,318,322,NON_WEEKEND,NON_WEEKEND_GAP,32,33,4,P32_C33_D4
2021-08-23 10:55:00,2021-08-23 10:57:00,2.0,2021-08-23,2021-08-23,2021,2021,Monday,Monday,10:55,10:57,655,657,NON_WEEKEND,NON_WEEKEND_GAP,65,66,2,P65_C66_D2
2021-08-23 11:09:00,2021-08-23 11:11:00,2.0,2021-08-23,2021-08-23,2021,2021,Monday,Monday,11:09,11:11,669,671,NON_WEEKEND,NON_WEEKEND_GAP,67,67,2,P67_C67_D2
2021-08-23 16:31:00,2021-08-23 16:33:00,2.0,2021-08-23,2021-08-23,2021,2021,Monday,Monday,16:31,16:33,991,993,NON_WEEKEND,NON_WEEKEND_GAP,95,94,2,P95_C94_D2
2021-08-23 17:09:00,2021-08-23 17:11:00,2.0,2021-08-23,2021-08-23,2021,2021,Monday,Monday,17:09,17:11,1029,1031,NON_WEEKEND,NON_WEEKEND_GAP,99,98,2,P99_C98_D2
2021-08-23 18:38:00,2021-08-23 18:40:00,2.0,2021-08-23,2021-08-23,2021,2021,Monday,Monday,18:38,18:40,1118,1120,NON_WEEKEND,NON_WEEKEND_GAP,108,106,2,P108_C106_D2
2021-08-23 18:47:00,2021-08-23 18:50:00,3.0,2021-08-23,2021-08-23,2021,2021,Monday,Monday,18:47,18:50,1127,1130,NON_WEEKEND,NON_WEEKEND_GAP,108,107,4,P108_C107_D4
2021-08-23 19:10:00,2021-08-23 19:13:00,3.0,2021-08-23,2021-08-23,2021,2021,Monday,Monday,19:10,19:13,1150,1153,NON_WEEKEND,NON_WEEKEND_GAP,111,110,4,P111_C110_D4
2021-08-23 22:18:00,2021-08-23 22:24:00,6.0,2021-08-23,2021-08-23,2021,2021,Monday,Monday,22:18,22:24,1338,1344,NON_WEEKEND,NON_WEEKEND_GAP,129,129,6,P129_C129_D6
2021-08-23 22:26:00,2021-08-23 22:40:00,14.0,2021-08-23,2021-08-23,2021,2021,Monday,Monday,22:26,22:40,1346,1360,NON_WEEKEND,NON_WEEKEND_GAP,130,130,14,P130_C130_D14
2021-08-23 23:01:00,2021-08-23 23:13:00,12.0,2021-08-23,2021-08-23,2021,2021,Monday,Monday,23:01,23:13,1381,1393,NON_WEEKEND,NON_WEEKEND_GAP,134,134,12,P134_C134_D12
2021-08-23 23:17:00,2021-08-23 23:23:00,6.0,2021-08-23,2021-08-23,2021,2021,Monday,Monday,23:17,23:23,1397,1403,NON_WEEKEND,NON_WEEKEND_GAP,135,135,6,P135_C135_D6
2021-08-23 23:23:00,2021-08-23 23:29:00,6.0,2021-08-23,2021-08-23,2021,2021,Monday,Monday,23:23,23:29,1403,1409,NON_WEEKEND,NON_WEEKEND_GAP,136,135,6,P136_C135_D6
2021-08-23 23:29:00,2021-08-23 23:39:00,10.0,2021-08-23,2021-08-23,2021,2021,Monday,Monday,23:29,23:39,1409,1419,NON_WEEKEND,NON_WEEKEND_GAP,136,136,10,P136_C136_D10
2021-08-24 00:27:00,2021-08-24 00:30:00,3.0,2021-08-24,2021-08-24,2021,2021,Tuesday,Tuesday,00:27,00:30,27,30,NON_WEEKEND,NON_WEEKEND_GAP,3,4,4,P3_C4_D4
2021-08-24 02:38:00,2021-08-24 02:41:00,3.0,2021-08-24,2021-08-24,2021,2021,Tuesday,Tuesday,02:38,02:41,158,161,NON_WEEKEND,NON_WEEKEND_GAP,16,16,4,P16_C16_D4
2021-08-24 03:34:00,2021-08-24 03:41:00,7.0,2021-08-24,2021-08-24,2021,2021,Tuesday,Tuesday,03:34,03:41,214,221,NON_WEEKEND,NON_WEEKEND_GAP,22,22,8,P22_C22_D8
2021-08-24 04:09:00,2021-08-24 04:12:00,3.0,2021-08-24,2021-08-24,2021,2021,Tuesday,Tuesday,04:09,04:12,249,252,NON_WEEKEND,NON_WEEKEND_GAP,25,26,4,P25_C26_D4
2021-08-24 04:19:00,2021-08-24 04:22:00,3.0,2021-08-24,2021-08-24,2021,2021,Tuesday,Tuesday,04:19,04:22,259,262,NON_WEEKEND,NON_WEEKEND_GAP,26,27,4,P26_C27_D4
2021-08-24 05:08:00,2021-08-24 05:11:00,3.0,2021-08-24,2021-08-24,2021,2021,Tuesday,Tuesday,05:08,05:11,308,311,NON_WEEKEND,NON_WEEKEND_GAP,31,31,4,P31_C31_D4
2021-08-24 16:30:00,2021-08-24 16:33:00,3.0,2021-08-24,2021-08-24,2021,2021,Tuesday,Tuesday,16:30,16:33,990,993,NON_WEEKEND,NON_WEEKEND_GAP,95,94,4,P95_C94_D4
2021-08-24 18:11:00,2021-08-24 18:14:00,3.0,2021-08-24,2021-08-24,2021,2021,Tuesday,Tuesday,18:11,18:14,1091,1094,NON_WEEKEND,NON_WEEKEND_GAP,105,104,4,P105_C104_D4
2021-08-24 18:28:00,2021-08-24 18:30:00,2.0,2021-08-24,2021-08-24,2021,2021,Tuesday,Tuesday,18:28,18:30,1108,1110,NON_WEEKEND,NON_WEEKEND_GAP,107,105,2,P107_C105_D2
2021-08-24 18:48:00,2021-08-24 18:50:00,2.0,2021-08-24,2021-08-24,2021,2021,Tuesday,Tuesday,18:48,18:50,1128,1130,NON_WEEKEND,NON_WEEKEND_GAP,109,107,2,P109_C107_D2
2021-08-24 19:09:00,2021-08-24 19:11:00,2.0,2021-08-24,2021-08-24,2021,2021,Tuesday,Tuesday,19:09,19:11,1149,1151,NON_WEEKEND,NON_WEEKEND_GAP,111,109,2,P111_C109_D2
2021-08-24 19:13:00,2021-08-24 19:16:00,3.0,2021-08-24,2021-08-24,2021,2021,Tuesday,Tuesday,19:13,19:16,1153,1156,NON_WEEKEND,NON_WEEKEND_GAP,111,110,4,P111_C110_D4
2021-08-24 19:53:00,2021-08-24 19:56:00,3.0,2021-08-24,2021-08-24,2021,2021,Tuesday,Tuesday,19:53,19:56,1193,1196,NON_WEEKEND,NON_WEEKEND_GAP,115,114,4,P115_C114_D4
2021-08-24 20:17:00,2021-08-24 20:22:00,5.0,2021-08-24,2021-08-24,2021,2021,Tuesday,Tuesday,20:17,20:22,1217,1222,NON_WEEKEND,NON_WEEKEND_GAP,117,117,4,P117_C117_D4
2021-08-24 20:31:00,2021-08-24 20:39:00,8.0,2021-08-24,2021-08-24,2021,2021,Tuesday,Tuesday,20:31,20:39,1231,1239,NON_WEEKEND,NON_WEEKEND_GAP,119,118,8,P119_C118_D8
2021-08-24 21:09:00,2021-08-24 21:27:00,18.0,2021-08-24,2021-08-24,2021,2021,Tuesday,Tuesday,21:09,21:27,1269,1287,NON_WEEKEND,NON_WEEKEND_GAP,122,123,18,P122_C123_D18
2021-08-24 22:51:00,2021-08-24 22:57:00,6.0,2021-08-24,2021-08-24,2021,2021,Tuesday,Tuesday,22:51,22:57,1371,1377,NON_WEEKEND,NON_WEEKEND_GAP,133,132,6,P133_C132_D6
2021-08-24 23:29:00,2021-08-24 23:37:00,8.0,2021-08-24,2021-08-24,2021,2021,Tuesday,Tuesday,23:29,23:37,1409,1417,NON_WEEKEND,NON_WEEKEND_GAP,136,136,8,P136_C136_D8
2021-08-25 00:21:00,2021-08-25 00:24:00,3.0,2021-08-25,2021-08-25,2021,2021,Wednesday,Wednesday,00:21,00:24,21,24,NON_WEEKEND,NON_WEEKEND_GAP,3,3,4,P3_C3_D4
2021-08-25 01:22:00,2021-08-25 01:25:00,3.0,2021-08-25,2021-08-25,2021,2021,Wednesday,Wednesday,01:22,01:25,82,85,NON_WEEKEND,NON_WEEKEND_GAP,9,9,4,P9_C9_D4
2021-08-25 05:39:00,2021-08-25 05:43:00,4.0,2021-08-25,2021-08-25,2021,2021,Wednesday,Wednesday,05:39,05:43,339,343,NON_WEEKEND,NON_WEEKEND_GAP,34,35,4,P34_C35_D4
2021-08-25 10:01:00,2021-08-25 10:03:00,2.0,2021-08-25,2021-08-25,2021,2021,Wednesday,Wednesday,10:01,10:03,601,603,NON_WEEKEND,NON_WEEKEND_GAP,61,61,2,P61_C61_D2
2021-08-25 11:49:00,2021-08-25 11:51:00,2.0,2021-08-25,2021-08-25,2021,2021,Wednesday,Wednesday,11:49,11:51,709,711,NON_WEEKEND,NON_WEEKEND_GAP,70,71,2,P70_C71_D2
2021-08-25 12:08:00,2021-08-25 12:10:00,2.0,2021-08-25,2021-08-25,2021,2021,Wednesday,Wednesday,12:08,12:10,728,730,NON_WEEKEND,NON_WEEKEND_GAP,72,72,2,P72_C72_D2
2021-08-25 16:47:00,2021-08-25 16:49:00,2.0,2021-08-25,2021-08-25,2021,2021,Wednesday,Wednesday,16:47,16:49,1007,1009,NON_WEEKEND,NON_WEEKEND_GAP,97,96,2,P97_C96_D2
2021-08-25 20:09:00,2021-08-25 20:13:00,4.0,2021-08-25,2021-08-25,2021,2021,Wednesday,Wednesday,20:09,20:13,1209,1213,NON_WEEKEND,NON_WEEKEND_GAP,116,116,4,P116_C116_D4
2021-08-25 20:39:00,2021-08-25 20:44:00,5.0,2021-08-25,2021-08-25,2021,2021,Wednesday,Wednesday,20:39,20:44,1239,1244,NON_WEEKEND,NON_WEEKEND_GAP,119,119,4,P119_C119_D4
2021-08-25 22:48:00,2021-08-25 22:52:00,4.0,2021-08-25,2021-08-25,2021,2021,Wednesday,Wednesday,22:48,22:52,1368,1372,NON_WEEKEND,NON_WEEKEND_GAP,132,132,4,P132_C132_D4
2021-08-25 23:26:00,2021-08-25 23:34:00,8.0,2021-08-25,2021-08-25,2021,2021,Wednesday,Wednesday,23:26,23:34,1406,1414,NON_WEEKEND,NON_WEEKEND_GAP,136,136,8,P136_C136_D8
2021-08-26 02:26:00,2021-08-26 02:29:00,3.0,2021-08-26,2021-08-26,2021,2021,Thursday,Thursday,02:26,02:29,146,149,NON_WEEKEND,NON_WEEKEND_GAP,15,15,4,P15_C15_D4
2021-08-26 03:03:00,2021-08-26 03:06:00,3.0,2021-08-26,2021-08-26,2021,2021,Thursday,Thursday,03:03,03:06,183,186,NON_WEEKEND,NON_WEEKEND_GAP,19,19,4,P19_C19_D4
2021-08-26 03:09:00,2021-08-26 03:13:00,4.0,2021-08-26,2021-08-26,2021,2021,Thursday,Thursday,03:09,03:13,189,193,NON_WEEKEND,NON_WEEKEND_GAP,19,20,4,P19_C20_D4
2021-08-26 04:19:00,2021-08-26 04:22:00,3.0,2021-08-26,2021-08-26,2021,2021,Thursday,Thursday,04:19,04:22,259,262,NON_WEEKEND,NON_WEEKEND_GAP,26,27,4,P26_C27_D4
2021-08-26 11:25:00,2021-08-26 11:27:00,2.0,2021-08-26,2021-08-26,2021,2021,Thursday,Thursday,11:25,11:27,685,687,NON_WEEKEND,NON_WEEKEND_GAP,68,69,2,P68_C69_D2
2021-08-26 16:29:00,2021-08-26 16:31:00,2.0,2021-08-26,2021-08-26,2021,2021,Thursday,Thursday,16:29,16:31,989,991,NON_WEEKEND,NON_WEEKEND_GAP,95,94,2,P95_C94_D2
2021-08-26 20:31:00,2021-08-26 20:38:00,7.0,2021-08-26,2021-08-26,2021,2021,Thursday,Thursday,20:31,20:38,1231,1238,NON_WEEKEND,NON_WEEKEND_GAP,119,118,8,P119_C118_D8
2021-08-26 22:32:00,2021-08-26 22:38:00,6.0,2021-08-26,2021-08-26,2021,2021,Thursday,Thursday,22:32,22:38,1352,1358,NON_WEEKEND,NON_WEEKEND_GAP,131,130,6,P131_C130_D6
2021-08-26 23:06:00,2021-08-26 23:14:00,8.0,2021-08-26,2021-08-26,2021,2021,Thursday,Thursday,23:06,23:14,1386,1394,NON_WEEKEND,NON_WEEKEND_GAP,134,134,8,P134_C134_D8
2021-08-26 23:14:00,2021-08-26 23:22:00,8.0,2021-08-26,2021-08-26,2021,2021,Thursday,Thursday,23:14,23:22,1394,1402,NON_WEEKEND,NON_WEEKEND_GAP,135,135,8,P135_C135_D8
2021-08-26 23:22:00,2021-08-26 23:34:00,12.0,2021-08-26,2021-08-26,2021,2021,Thursday,Thursday,23:22,23:34,1402,1414,NON_WEEKEND,NON_WEEKEND_GAP,136,136,12,P136_C136_D12
2021-08-26 23:36:00,2021-08-26 23:45:00,9.0,2021-08-26,2021-08-26,2021,2021,Thursday,Thursday,23:36,23:45,1416,1425,NON_WEEKEND,NON_WEEKEND_GAP,137,137,8,P137_C137_D8
2021-08-26 23:48:00,2021-08-26 23:52:00,4.0,2021-08-26,2021-08-26,2021,2021,Thursday,Thursday,23:48,23:52,1428,1432,NON_WEEKEND,NON_WEEKEND_GAP,138,138,4,P138_C138_D4
2021-08-27 00:09:00,2021-08-27 00:12:00,3.0,2021-08-27,2021-08-27,2021,2021,Friday,Friday,00:09,00:12,9,12,NON_WEEKEND,NON_WEEKEND_GAP,1,2,4,P1_C2_D4
2021-08-27 00:50:00,2021-08-27 00:53:00,3.0,2021-08-27,2021-08-27,2021,2021,Friday,Friday,00:50,00:53,50,53,NON_WEEKEND,NON_WEEKEND_GAP,6,6,4,P6_C6_D4
2021-08-27 03:02:00,2021-08-27 03:05:00,3.0,2021-08-27,2021-08-27,2021,2021,Friday,Friday,03:02,03:05,182,185,NON_WEEKEND,NON_WEEKEND_GAP,19,19,4,P19_C19_D4
2021-08-27 03:08:00,2021-08-27 03:11:00,3.0,2021-08-27,2021-08-27,2021,2021,Friday,Friday,03:08,03:11,188,191,NON_WEEKEND,NON_WEEKEND_GAP,19,19,4,P19_C19_D4
2021-08-27 06:49:00,2021-08-27 06:52:00,3.0,2021-08-27,2021-08-27,2021,2021,Friday,Friday,06:49,06:52,409,412,NON_WEEKEND,NON_WEEKEND_GAP,41,42,4,P41_C42_D4
2021-08-27 07:19:00,2021-08-27 07:21:00,2.0,2021-08-27,2021-08-27,2021,2021,Friday,Friday,07:19,07:21,439,441,NON_WEEKEND,NON_WEEKEND_GAP,44,44,2,P44_C44_D2
2021-08-27 09:20:00,2021-08-27 09:22:00,2.0,2021-08-27,2021-08-27,2021,2021,Friday,Friday,09:20,09:22,560,562,NON_WEEKEND,NON_WEEKEND_GAP,57,57,2,P57_C57_D2
2021-08-27 09:41:00,2021-08-27 09:43:00,2.0,2021-08-27,2021-08-27,2021,2021,Friday,Friday,09:41,09:43,581,583,NON_WEEKEND,NON_WEEKEND_GAP,59,59,2,P59_C59_D2
2021-08-27 11:39:00,2021-08-27 11:41:00,2.0,2021-08-27,2021-08-27,2021,2021,Friday,Friday,11:39,11:41,699,701,NON_WEEKEND,NON_WEEKEND_GAP,69,70,2,P69_C70_D2
2021-08-27 18:08:00,2021-08-27 18:10:00,2.0,2021-08-27,2021-08-27,2021,2021,Friday,Friday,18:08,18:10,1088,1090,NON_WEEKEND,NON_WEEKEND_GAP,105,103,2,P105_C103_D2
2021-08-29 21:00:00,2021-08-29 21:35:00,35.0,2021-08-29,2021-08-29,2021,2021,Sunday,Sunday,21:00,21:35,1260,1295,NON_WEEKEND,NON_WEEKEND_GAP,122,124,36,P122_C124_D36
2021-08-29 21:38:00,2021-08-29 22:00:00,22.0,2021-08-29,2021-08-29,2021,2021,Sunday,Sunday,21:38,22:00,1298,1320,NON_WEEKEND,NON_WEEKEND_GAP,125,126,22,P125_C126_D22
2021-08-30 01:32:00,2021-08-30 01:36:00,4.0,2021-08-30,2021-08-30,2021,2021,Monday,Monday,01:32,01:36,92,96,NON_WEEKEND,NON_WEEKEND_GAP,10,10,4,P10_C10_D4
2021-08-30 01:41:00,2021-08-30 01:44:00,3.0,2021-08-30,2021-08-30,2021,2021,Monday,Monday,01:41,01:44,101,104,NON_WEEKEND,NON_WEEKEND_GAP,11,11,4,P11_C11_D4
2021-08-30 01:44:00,2021-08-30 01:49:00,5.0,2021-08-30,2021-08-30,2021,2021,Monday,Monday,01:44,01:49,104,109,NON_WEEKEND,NON_WEEKEND_GAP,11,11,4,P11_C11_D4
2021-08-30 02:13:00,2021-08-30 02:16:00,3.0,2021-08-30,2021-08-30,2021,2021,Monday,Monday,02:13,02:16,133,136,NON_WEEKEND,NON_WEEKEND_GAP,14,14,4,P14_C14_D4
2021-08-30 10:44:00,2021-08-30 10:46:00,2.0,2021-08-30,2021-08-30,2021,2021,Monday,Monday,10:44,10:46,644,646,NON_WEEKEND,NON_WEEKEND_GAP,64,64,2,P64_C64_D2
2021-08-30 16:16:00,2021-08-30 16:18:00,2.0,2021-08-30,2021-08-30,2021,2021,Monday,Monday,16:16,16:18,976,978,NON_WEEKEND,NON_WEEKEND_GAP,94,93,2,P94_C93_D2
2021-08-30 16:54:00,2021-08-30 16:56:00,2.0,2021-08-30,2021-08-30,2021,2021,Monday,Monday,16:54,16:56,1014,1016,NON_WEEKEND,NON_WEEKEND_GAP,98,97,2,P98_C97_D2
2021-08-30 17:45:00,2021-08-30 17:48:00,3.0,2021-08-30,2021-08-30,2021,2021,Monday,Monday,17:45,17:48,1065,1068,NON_WEEKEND,NON_WEEKEND_GAP,102,102,4,P102_C102_D4
2021-08-30 17:54:00,2021-08-30 17:57:00,3.0,2021-08-30,2021-08-30,2021,2021,Monday,Monday,17:54,17:57,1074,1077,NON_WEEKEND,NON_WEEKEND_GAP,103,102,4,P103_C102_D4
2021-08-30 18:33:00,2021-08-30 18:36:00,3.0,2021-08-30,2021-08-30,2021,2021,Monday,Monday,18:33,18:36,1113,1116,NON_WEEKEND,NON_WEEKEND_GAP,107,106,4,P107_C106_D4
2021-08-30 19:09:00,2021-08-30 19:11:00,2.0,2021-08-30,2021-08-30,2021,2021,Monday,Monday,19:09,19:11,1149,1151,NON_WEEKEND,NON_WEEKEND_GAP,111,109,2,P111_C109_D2
2021-08-30 19:14:00,2021-08-30 19:18:00,4.0,2021-08-30,2021-08-30,2021,2021,Monday,Monday,19:14,19:18,1154,1158,NON_WEEKEND,NON_WEEKEND_GAP,111,110,4,P111_C110_D4
2021-08-30 21:19:00,2021-08-30 21:34:00,15.0,2021-08-30,2021-08-30,2021,2021,Monday,Monday,21:19,21:34,1279,1294,NON_WEEKEND,NON_WEEKEND_GAP,123,124,16,P123_C124_D16
2021-08-31 01:25:00,2021-08-31 01:28:00,3.0,2021-08-31,2021-08-31,2021,2021,Tuesday,Tuesday,01:25,01:28,85,88,NON_WEEKEND,NON_WEEKEND_GAP,9,9,4,P9_C9_D4
2021-08-31 01:39:00,2021-08-31 01:42:00,3.0,2021-08-31,2021-08-31,2021,2021,Tuesday,Tuesday,01:39,01:42,99,102,NON_WEEKEND,NON_WEEKEND_GAP,10,11,4,P10_C11_D4
2021-08-31 08:30:00,2021-08-31 08:33:00,3.0,2021-08-31,2021-08-31,2021,2021,Tuesday,Tuesday,08:30,08:33,510,513,NON_WEEKEND,NON_WEEKEND_GAP,51,51,4,P51_C51_D4
2021-08-31 08:44:00,2021-08-31 08:46:00,2.0,2021-08-31,2021-08-31,2021,2021,Tuesday,Tuesday,08:44,08:46,524,526,NON_WEEKEND,NON_WEEKEND_GAP,53,53,2,P53_C53_D2
2021-08-31 21:22:00,2021-08-31 21:30:00,8.0,2021-08-31,2021-08-31,2021,2021,Tuesday,Tuesday,21:22,21:30,1282,1290,NON_WEEKEND,NON_WEEKEND_GAP,124,123,8,P124_C123_D8
2021-08-31 21:43:00,2021-08-31 21:50:00,7.0,2021-08-31,2021-08-31,2021,2021,Tuesday,Tuesday,21:43,21:50,1303,1310,NON_WEEKEND,NON_WEEKEND_GAP,126,125,8,P126_C125_D8
2021-08-31 22:33:00,2021-08-31 22:40:00,7.0,2021-08-31,2021-08-31,2021,2021,Tuesday,Tuesday,22:33,22:40,1353,1360,NON_WEEKEND,NON_WEEKEND_GAP,131,130,8,P131_C130_D8
2021-08-31 22:49:00,2021-08-31 22:57:00,8.0,2021-08-31,2021-08-31,2021,2021,Tuesday,Tuesday,22:49,22:57,1369,1377,NON_WEEKEND,NON_WEEKEND_GAP,132,132,8,P132_C132_D8
2021-08-31 23:09:00,2021-08-31 23:18:00,9.0,2021-08-31,2021-08-31,2021,2021,Tuesday,Tuesday,23:09,23:18,1389,1398,NON_WEEKEND,NON_WEEKEND_GAP,134,134,8,P134_C134_D8
2021-08-31 23:18:00,2021-08-31 23:26:00,8.0,2021-08-31,2021-08-31,2021,2021,Tuesday,Tuesday,23:18,23:26,1398,1406,NON_WEEKEND,NON_WEEKEND_GAP,135,135,8,P135_C135_D8
2021-09-01 00:48:00,2021-09-01 00:50:00,2.0,2021-09-01,2021-09-01,2021,2021,Wednesday,Wednesday,00:48,00:50,48,50,NON_WEEKEND,NON_WEEKEND_GAP,5,6,2,P5_C6_D2
2021-09-01 01:24:00,2021-09-01 01:28:00,4.0,2021-09-01,2021-09-01,2021,2021,Wednesday,Wednesday,01:24,01:28,84,88,NON_WEEKEND,NON_WEEKEND_GAP,9,9,4,P9_C9_D4
2021-09-01 01:53:00,2021-09-01 01:56:00,3.0,2021-09-01,2021-09-01,2021,2021,Wednesday,Wednesday,01:53,01:56,113,116,NON_WEEKEND,NON_WEEKEND_GAP,12,12,4,P12_C12_D4
2021-09-01 10:47:00,2021-09-01 10:49:00,2.0,2021-09-01,2021-09-01,2021,2021,Wednesday,Wednesday,10:47,10:49,647,649,NON_WEEKEND,NON_WEEKEND_GAP,65,65,2,P65_C65_D2
2021-09-01 16:40:00,2021-09-01 16:42:00,2.0,2021-09-01,2021-09-01,2021,2021,Wednesday,Wednesday,16:40,16:42,1000,1002,NON_WEEKEND,NON_WEEKEND_GAP,96,95,2,P96_C95_D2
2021-09-01 16:42:00,2021-09-01 16:44:00,2.0,2021-09-01,2021-09-01,2021,2021,Wednesday,Wednesday,16:42,16:44,1002,1004,NON_WEEKEND,NON_WEEKEND_GAP,96,95,2,P96_C95_D2
2021-09-01 17:21:00,2021-09-01 17:24:00,3.0,2021-09-01,2021-09-01,2021,2021,Wednesday,Wednesday,17:21,17:24,1041,1044,NON_WEEKEND,NON_WEEKEND_GAP,100,99,4,P100_C99_D4
2021-09-01 19:22:00,2021-09-01 19:25:00,3.0,2021-09-01,2021-09-01,2021,2021,Wednesday,Wednesday,19:22,19:25,1162,1165,NON_WEEKEND,NON_WEEKEND_GAP,112,111,4,P112_C111_D4
2021-09-01 19:36:00,2021-09-01 19:39:00,3.0,2021-09-01,2021-09-01,2021,2021,Wednesday,Wednesday,19:36,19:39,1176,1179,NON_WEEKEND,NON_WEEKEND_GAP,113,112,4,P113_C112_D4
2021-09-01 20:39:00,2021-09-01 20:43:00,4.0,2021-09-01,2021-09-01,2021,2021,Wednesday,Wednesday,20:39,20:43,1239,1243,NON_WEEKEND,NON_WEEKEND_GAP,119,119,4,P119_C119_D4
2021-09-01 21:20:00,2021-09-01 21:30:00,10.0,2021-09-01,2021-09-01,2021,2021,Wednesday,Wednesday,21:20,21:30,1280,1290,NON_WEEKEND,NON_WEEKEND_GAP,124,123,10,P124_C123_D10
2021-09-01 23:15:00,2021-09-01 23:26:00,11.0,2021-09-01,2021-09-01,2021,2021,Wednesday,Wednesday,23:15,23:26,1395,1406,NON_WEEKEND,NON_WEEKEND_GAP,135,135,12,P135_C135_D12
2021-09-01 23:48:00,2021-09-01 23:52:00,4.0,2021-09-01,2021-09-01,2021,2021,Wednesday,Wednesday,23:48,23:52,1428,1432,NON_WEEKEND,NON_WEEKEND_GAP,138,138,4,P138_C138_D4
2021-09-02 01:12:00,2021-09-02 01:15:00,3.0,2021-09-02,2021-09-02,2021,2021,Thursday,Thursday,01:12,01:15,72,75,NON_WEEKEND,NON_WEEKEND_GAP,8,8,4,P8_C8_D4
2021-09-02 01:15:00,2021-09-02 01:21:00,6.0,2021-09-02,2021-09-02,2021,2021,Thursday,Thursday,01:15,01:21,75,81,NON_WEEKEND,NON_WEEKEND_GAP,8,8,6,P8_C8_D6
2021-09-02 02:11:00,2021-09-02 02:14:00,3.0,2021-09-02,2021-09-02,2021,2021,Thursday,Thursday,02:11,02:14,131,134,NON_WEEKEND,NON_WEEKEND_GAP,14,14,4,P14_C14_D4
2021-09-02 02:24:00,2021-09-02 02:27:00,3.0,2021-09-02,2021-09-02,2021,2021,Thursday,Thursday,02:24,02:27,144,147,NON_WEEKEND,NON_WEEKEND_GAP,15,15,4,P15_C15_D4
2021-09-02 03:29:00,2021-09-02 03:32:00,3.0,2021-09-02,2021-09-02,2021,2021,Thursday,Thursday,03:29,03:32,209,212,NON_WEEKEND,NON_WEEKEND_GAP,21,22,4,P21_C22_D4
2021-09-02 04:00:00,2021-09-02 04:06:00,6.0,2021-09-02,2021-09-02,2021,2021,Thursday,Thursday,04:00,04:06,240,246,NON_WEEKEND,NON_WEEKEND_GAP,25,25,6,P25_C25_D6
2021-09-02 04:09:00,2021-09-02 04:13:00,4.0,2021-09-02,2021-09-02,2021,2021,Thursday,Thursday,04:09,04:13,249,253,NON_WEEKEND,NON_WEEKEND_GAP,25,26,4,P25_C26_D4
2021-09-02 10:50:00,2021-09-02 10:52:00,2.0,2021-09-02,2021-09-02,2021,2021,Thursday,Thursday,10:50,10:52,650,652,NON_WEEKEND,NON_WEEKEND_GAP,65,65,2,P65_C65_D2
2021-09-02 11:00:00,2021-09-02 11:02:00,2.0,2021-09-02,2021-09-02,2021,2021,Thursday,Thursday,11:00,11:02,660,662,NON_WEEKEND,NON_WEEKEND_GAP,66,66,2,P66_C66_D2
2021-09-02 16:31:00,2021-09-02 16:33:00,2.0,2021-09-02,2021-09-02,2021,2021,Thursday,Thursday,16:31,16:33,991,993,NON_WEEKEND,NON_WEEKEND_GAP,95,94,2,P95_C94_D2
2021-09-02 19:16:00,2021-09-02 19:19:00,3.0,2021-09-02,2021-09-02,2021,2021,Thursday,Thursday,19:16,19:19,1156,1159,NON_WEEKEND,NON_WEEKEND_GAP,111,110,4,P111_C110_D4
2021-09-02 20:14:00,2021-09-02 20:20:00,6.0,2021-09-02,2021-09-02,2021,2021,Thursday,Thursday,20:14,20:20,1214,1220,NON_WEEKEND,NON_WEEKEND_GAP,117,116,6,P117_C116_D6
2021-09-02 22:21:00,2021-09-02 22:35:00,14.0,2021-09-02,2021-09-02,2021,2021,Thursday,Thursday,22:21,22:35,1341,1355,NON_WEEKEND,NON_WEEKEND_GAP,130,130,14,P130_C130_D14
2021-09-02 22:44:00,2021-09-02 22:50:00,6.0,2021-09-02,2021-09-02,2021,2021,Thursday,Thursday,22:44,22:50,1364,1370,NON_WEEKEND,NON_WEEKEND_GAP,132,131,6,P132_C131_D6
2021-09-02 23:11:00,2021-09-02 23:20:00,9.0,2021-09-02,2021-09-02,2021,2021,Thursday,Thursday,23:11,23:20,1391,1400,NON_WEEKEND,NON_WEEKEND_GAP,135,134,8,P135_C134_D8
2021-09-02 23:36:00,2021-09-02 23:49:00,13.0,2021-09-02,2021-09-02,2021,2021,Thursday,Thursday,23:36,23:49,1416,1429,NON_WEEKEND,NON_WEEKEND_GAP,137,137,12,P137_C137_D12
2021-09-03 00:58:00,2021-09-03 01:00:00,2.0,2021-09-03,2021-09-03,2021,2021,Friday,Friday,00:58,01:00,58,60,NON_WEEKEND,NON_WEEKEND_GAP,6,7,2,P6_C7_D2
2021-09-03 01:43:00,2021-09-03 01:46:00,3.0,2021-09-03,2021-09-03,2021,2021,Friday,Friday,01:43,01:46,103,106,NON_WEEKEND,NON_WEEKEND_GAP,11,11,4,P11_C11_D4
2021-09-03 05:20:00,2021-09-03 05:23:00,3.0,2021-09-03,2021-09-03,2021,2021,Friday,Friday,05:20,05:23,320,323,NON_WEEKEND,NON_WEEKEND_GAP,33,33,4,P33_C33_D4
2021-09-03 08:30:00,2021-09-03 08:32:00,2.0,2021-09-03,2021-09-03,2021,2021,Friday,Friday,08:30,08:32,510,512,NON_WEEKEND,NON_WEEKEND_GAP,51,51,2,P51_C51_D2
2021-09-03 09:22:00,2021-09-03 09:24:00,2.0,2021-09-03,2021-09-03,2021,2021,Friday,Friday,09:22,09:24,562,564,NON_WEEKEND,NON_WEEKEND_GAP,57,57,2,P57_C57_D2
2021-09-03 10:42:00,2021-09-03 10:44:00,2.0,2021-09-03,2021-09-03,2021,2021,Friday,Friday,10:42,10:44,642,644,NON_WEEKEND,NON_WEEKEND_GAP,64,64,2,P64_C64_D2
2021-09-03 10:53:00,2021-09-03 10:56:00,3.0,2021-09-03,2021-09-03,2021,2021,Friday,Friday,10:53,10:56,653,656,NON_WEEKEND,NON_WEEKEND_GAP,65,66,4,P65_C66_D4
2021-09-03 16:55:00,2021-09-03 16:57:00,2.0,2021-09-03,2021-09-03,2021,2021,Friday,Friday,16:55,16:57,1015,1017,NON_WEEKEND,NON_WEEKEND_GAP,98,97,2,P98_C97_D2
2021-09-03 18:17:00,2021-09-03 18:20:00,3.0,2021-09-03,2021-09-03,2021,2021,Friday,Friday,18:17,18:20,1097,1100,NON_WEEKEND,NON_WEEKEND_GAP,105,104,4,P105_C104_D4
2021-09-03 19:32:00,2021-09-03 19:35:00,3.0,2021-09-03,2021-09-03,2021,2021,Friday,Friday,19:32,19:35,1172,1175,NON_WEEKEND,NON_WEEKEND_GAP,113,112,4,P113_C112_D4
2021-09-03 20:39:00,2021-09-03 20:42:00,3.0,2021-09-03,2021-09-03,2021,2021,Friday,Friday,20:39,20:42,1239,1242,NON_WEEKEND,NON_WEEKEND_GAP,119,119,4,P119_C119_D4
2021-09-05 21:00:00,2021-09-05 21:26:00,26.0,2021-09-05,2021-09-05,2021,2021,Sunday,Sunday,21:00,21:26,1260,1286,NON_WEEKEND,NON_WEEKEND_GAP,122,123,26,P122_C123_D26
2021-09-05 21:40:00,2021-09-05 21:48:00,8.0,2021-09-05,2021-09-05,2021,2021,Sunday,Sunday,21:40,21:48,1300,1308,NON_WEEKEND,NON_WEEKEND_GAP,126,125,8,P126_C125_D8
2021-09-05 23:06:00,2021-09-05 23:13:00,7.0,2021-09-05,2021-09-05,2021,2021,Sunday,Sunday,23:06,23:13,1386,1393,NON_WEEKEND,NON_WEEKEND_GAP,134,134,8,P134_C134_D8
2021-09-06 02:19:00,2021-09-06 02:22:00,3.0,2021-09-06,2021-09-06,2021,2021,Monday,Monday,02:19,02:22,139,142,NON_WEEKEND,NON_WEEKEND_GAP,14,15,4,P14_C15_D4
2021-09-06 03:09:00,2021-09-06 03:13:00,4.0,2021-09-06,2021-09-06,2021,2021,Monday,Monday,03:09,03:13,189,193,NON_WEEKEND,NON_WEEKEND_GAP,19,20,4,P19_C20_D4
2021-09-06 05:27:00,2021-09-06 05:30:00,3.0,2021-09-06,2021-09-06,2021,2021,Monday,Monday,05:27,05:30,327,330,NON_WEEKEND,NON_WEEKEND_GAP,33,33,4,P33_C33_D4
2021-09-06 07:43:00,2021-09-06 07:45:00,2.0,2021-09-06,2021-09-06,2021,2021,Monday,Monday,07:43,07:45,463,465,NON_WEEKEND,NON_WEEKEND_GAP,47,47,2,P47_C47_D2
2021-09-06 10:54:00,2021-09-06 10:56:00,2.0,2021-09-06,2021-09-06,2021,2021,Monday,Monday,10:54,10:56,654,656,NON_WEEKEND,NON_WEEKEND_GAP,65,66,2,P65_C66_D2
2021-09-06 11:31:00,2021-09-06 11:33:00,2.0,2021-09-06,2021-09-06,2021,2021,Monday,Monday,11:31,11:33,691,693,NON_WEEKEND,NON_WEEKEND_GAP,69,69,2,P69_C69_D2
2021-09-06 15:51:00,2021-09-06 15:53:00,2.0,2021-09-06,2021-09-06,2021,2021,Monday,Monday,15:51,15:53,951,953,NON_WEEKEND,NON_WEEKEND_GAP,91,91,2,P91_C91_D2
2021-09-06 16:03:00,2021-09-06 16:05:00,2.0,2021-09-06,2021-09-06,2021,2021,Monday,Monday,16:03,16:05,963,965,NON_WEEKEND,NON_WEEKEND_GAP,93,92,2,P93_C92_D2
2021-09-06 16:06:00,2021-09-06 16:10:00,4.0,2021-09-06,2021-09-06,2021,2021,Monday,Monday,16:06,16:10,966,970,NON_WEEKEND,NON_WEEKEND_GAP,93,92,4,P93_C92_D4
2021-09-06 16:31:00,2021-09-06 16:36:00,5.0,2021-09-06,2021-09-06,2021,2021,Monday,Monday,16:31,16:36,991,996,NON_WEEKEND,NON_WEEKEND_GAP,95,95,4,P95_C95_D4
2021-09-06 16:42:00,2021-09-06 16:44:00,2.0,2021-09-06,2021-09-06,2021,2021,Monday,Monday,16:42,16:44,1002,1004,NON_WEEKEND,NON_WEEKEND_GAP,96,95,2,P96_C95_D2
2021-09-06 16:46:00,2021-09-06 16:48:00,2.0,2021-09-06,2021-09-06,2021,2021,Monday,Monday,16:46,16:48,1006,1008,NON_WEEKEND,NON_WEEKEND_GAP,97,96,2,P97_C96_D2
2021-09-06 16:56:00,2021-09-06 16:59:00,3.0,2021-09-06,2021-09-06,2021,2021,Monday,Monday,16:56,16:59,1016,1019,NON_WEEKEND,NON_WEEKEND_GAP,98,97,4,P98_C97_D4
2021-09-06 17:00:00,2021-09-06 17:02:00,2.0,2021-09-06,2021-09-06,2021,2021,Monday,Monday,17:00,17:02,1020,1022,NON_WEEKEND,NON_WEEKEND_GAP,98,97,2,P98_C97_D2
2021-09-06 17:02:00,2021-09-06 17:04:00,2.0,2021-09-06,2021-09-06,2021,2021,Monday,Monday,17:02,17:04,1022,1024,NON_WEEKEND,NON_WEEKEND_GAP,98,97,2,P98_C97_D2
2021-09-06 17:08:00,2021-09-06 17:10:00,2.0,2021-09-06,2021-09-06,2021,2021,Monday,Monday,17:08,17:10,1028,1030,NON_WEEKEND,NON_WEEKEND_GAP,99,98,2,P99_C98_D2
2021-09-06 17:10:00,2021-09-06 17:13:00,3.0,2021-09-06,2021-09-06,2021,2021,Monday,Monday,17:10,17:13,1030,1033,NON_WEEKEND,NON_WEEKEND_GAP,99,98,4,P99_C98_D4
2021-09-06 17:28:00,2021-09-06 17:32:00,4.0,2021-09-06,2021-09-06,2021,2021,Monday,Monday,17:28,17:32,1048,1052,NON_WEEKEND,NON_WEEKEND_GAP,101,100,4,P101_C100_D4
2021-09-06 17:32:00,2021-09-06 17:36:00,4.0,2021-09-06,2021-09-06,2021,2021,Monday,Monday,17:32,17:36,1052,1056,NON_WEEKEND,NON_WEEKEND_GAP,101,100,4,P101_C100_D4
2021-09-06 17:36:00,2021-09-06 17:40:00,4.0,2021-09-06,2021-09-06,2021,2021,Monday,Monday,17:36,17:40,1056,1060,NON_WEEKEND,NON_WEEKEND_GAP,102,101,4,P102_C101_D4
2021-09-06 17:49:00,2021-09-06 17:55:00,6.0,2021-09-06,2021-09-06,2021,2021,Monday,Monday,17:49,17:55,1069,1075,NON_WEEKEND,NON_WEEKEND_GAP,103,102,6,P103_C102_D6
2021-09-06 17:55:00,2021-09-06 18:00:00,5.0,2021-09-06,2021-09-06,2021,2021,Monday,Monday,17:55,18:00,1075,1080,NON_WEEKEND,NON_WEEKEND_GAP,103,103,4,P103_C103_D4
2021-09-06 18:06:00,2021-09-06 18:15:00,9.0,2021-09-06,2021-09-06,2021,2021,Monday,Monday,18:06,18:15,1086,1095,NON_WEEKEND,NON_WEEKEND_GAP,104,104,8,P104_C104_D8
2021-09-06 18:15:00,2021-09-06 18:18:00,3.0,2021-09-06,2021-09-06,2021,2021,Monday,Monday,18:15,18:18,1095,1098,NON_WEEKEND,NON_WEEKEND_GAP,105,104,4,P105_C104_D4
2021-09-06 18:19:00,2021-09-06 18:52:00,33.0,2021-09-06,2021-09-06,2021,2021,Monday,Monday,18:19,18:52,1099,1132,NON_WEEKEND,NON_WEEKEND_GAP,106,108,32,P106_C108_D32
2021-09-06 19:25:00,2021-09-06 19:28:00,3.0,2021-09-06,2021-09-06,2021,2021,Monday,Monday,19:25,19:28,1165,1168,NON_WEEKEND,NON_WEEKEND_GAP,112,111,4,P112_C111_D4
2021-09-06 19:30:00,2021-09-06 19:33:00,3.0,2021-09-06,2021-09-06,2021,2021,Monday,Monday,19:30,19:33,1170,1173,NON_WEEKEND,NON_WEEKEND_GAP,113,112,4,P113_C112_D4
2021-09-06 19:33:00,2021-09-06 19:39:00,6.0,2021-09-06,2021-09-06,2021,2021,Monday,Monday,19:33,19:39,1173,1179,NON_WEEKEND,NON_WEEKEND_GAP,113,112,6,P113_C112_D6
2021-09-06 19:39:00,2021-09-06 19:46:00,7.0,2021-09-06,2021-09-06,2021,2021,Monday,Monday,19:39,19:46,1179,1186,NON_WEEKEND,NON_WEEKEND_GAP,113,113,8,P113_C113_D8
2021-09-06 19:46:00,2021-09-06 19:49:00,3.0,2021-09-06,2021-09-06,2021,2021,Monday,Monday,19:46,19:49,1186,1189,NON_WEEKEND,NON_WEEKEND_GAP,114,113,4,P114_C113_D4
2021-09-06 19:50:00,2021-09-06 19:55:00,5.0,2021-09-06,2021-09-06,2021,2021,Monday,Monday,19:50,19:55,1190,1195,NON_WEEKEND,NON_WEEKEND_GAP,115,114,4,P115_C114_D4
2021-09-06 22:17:00,2021-09-06 22:29:00,12.0,2021-09-06,2021-09-06,2021,2021,Monday,Monday,22:17,22:29,1337,1349,NON_WEEKEND,NON_WEEKEND_GAP,129,129,12,P129_C129_D12
2021-09-06 22:29:00,2021-09-06 22:33:00,4.0,2021-09-06,2021-09-06,2021,2021,Monday,Monday,22:29,22:33,1349,1353,NON_WEEKEND,NON_WEEKEND_GAP,130,130,4,P130_C130_D4
2021-09-06 22:43:00,2021-09-06 22:54:00,11.0,2021-09-06,2021-09-06,2021,2021,Monday,Monday,22:43,22:54,1363,1374,NON_WEEKEND,NON_WEEKEND_GAP,132,132,12,P132_C132_D12
2021-09-06 23:29:00,2021-09-06 23:32:00,3.0,2021-09-06,2021-09-06,2021,2021,Monday,Monday,23:29,23:32,1409,1412,NON_WEEKEND,NON_WEEKEND_GAP,136,136,4,P136_C136_D4
2021-09-07 00:39:00,2021-09-07 00:42:00,3.0,2021-09-07,2021-09-07,2021,2021,Tuesday,Tuesday,00:39,00:42,39,42,NON_WEEKEND,NON_WEEKEND_GAP,4,5,4,P4_C5_D4
2021-09-07 02:20:00,2021-09-07 02:23:00,3.0,2021-09-07,2021-09-07,2021,2021,Tuesday,Tuesday,02:20,02:23,140,143,NON_WEEKEND,NON_WEEKEND_GAP,15,15,4,P15_C15_D4
2021-09-07 21:47:00,2021-09-07 21:53:00,6.0,2021-09-07,2021-09-07,2021,2021,Tuesday,Tuesday,21:47,21:53,1307,1313,NON_WEEKEND,NON_WEEKEND_GAP,126,126,6,P126_C126_D6
2021-09-07 22:49:00,2021-09-07 22:53:00,4.0,2021-09-07,2021-09-07,2021,2021,Tuesday,Tuesday,22:49,22:53,1369,1373,NON_WEEKEND,NON_WEEKEND_GAP,132,132,4,P132_C132_D4
2021-09-07 23:10:00,2021-09-07 23:22:00,12.0,2021-09-07,2021-09-07,2021,2021,Tuesday,Tuesday,23:10,23:22,1390,1402,NON_WEEKEND,NON_WEEKEND_GAP,135,135,12,P135_C135_D12
2021-09-07 23:28:00,2021-09-07 23:46:00,18.0,2021-09-07,2021-09-07,2021,2021,Tuesday,Tuesday,23:28,23:46,1408,1426,NON_WEEKEND,NON_WEEKEND_GAP,136,137,18,P136_C137_D18
2021-09-07 23:49:00,2021-09-07 23:54:00,5.0,2021-09-07,2021-09-07,2021,2021,Tuesday,Tuesday,23:49,23:54,1429,1434,NON_WEEKEND,NON_WEEKEND_GAP,138,138,4,P138_C138_D4
2021-09-08 00:25:00,2021-09-08 00:28:00,3.0,2021-09-08,2021-09-08,2021,2021,Wednesday,Wednesday,00:25,00:28,25,28,NON_WEEKEND,NON_WEEKEND_GAP,3,3,4,P3_C3_D4
2021-09-08 01:09:00,2021-09-08 01:11:00,2.0,2021-09-08,2021-09-08,2021,2021,Wednesday,Wednesday,01:09,01:11,69,71,NON_WEEKEND,NON_WEEKEND_GAP,7,8,2,P7_C8_D2
2021-09-08 02:10:00,2021-09-08 02:14:00,4.0,2021-09-08,2021-09-08,2021,2021,Wednesday,Wednesday,02:10,02:14,130,134,NON_WEEKEND,NON_WEEKEND_GAP,14,14,4,P14_C14_D4
2021-09-08 03:05:00,2021-09-08 03:08:00,3.0,2021-09-08,2021-09-08,2021,2021,Wednesday,Wednesday,03:05,03:08,185,188,NON_WEEKEND,NON_WEEKEND_GAP,19,19,4,P19_C19_D4
2021-09-08 10:06:00,2021-09-08 10:08:00,2.0,2021-09-08,2021-09-08,2021,2021,Wednesday,Wednesday,10:06,10:08,606,608,NON_WEEKEND,NON_WEEKEND_GAP,61,61,2,P61_C61_D2
2021-09-08 18:38:00,2021-09-08 18:40:00,2.0,2021-09-08,2021-09-08,2021,2021,Wednesday,Wednesday,18:38,18:40,1118,1120,NON_WEEKEND,NON_WEEKEND_GAP,108,106,2,P108_C106_D2
2021-09-08 19:10:00,2021-09-08 19:13:00,3.0,2021-09-08,2021-09-08,2021,2021,Wednesday,Wednesday,19:10,19:13,1150,1153,NON_WEEKEND,NON_WEEKEND_GAP,111,110,4,P111_C110_D4
2021-09-08 20:17:00,2021-09-08 20:24:00,7.0,2021-09-08,2021-09-08,2021,2021,Wednesday,Wednesday,20:17,20:24,1217,1224,NON_WEEKEND,NON_WEEKEND_GAP,117,117,8,P117_C117_D8
2021-09-08 22:12:00,2021-09-08 22:22:00,10.0,2021-09-08,2021-09-08,2021,2021,Wednesday,Wednesday,22:12,22:22,1332,1342,NON_WEEKEND,NON_WEEKEND_GAP,129,129,10,P129_C129_D10
2021-09-08 23:05:00,2021-09-08 23:13:00,8.0,2021-09-08,2021-09-08,2021,2021,Wednesday,Wednesday,23:05,23:13,1385,1393,NON_WEEKEND,NON_WEEKEND_GAP,134,134,8,P134_C134_D8
2021-09-08 23:18:00,2021-09-08 23:22:00,4.0,2021-09-08,2021-09-08,2021,2021,Wednesday,Wednesday,23:18,23:22,1398,1402,NON_WEEKEND,NON_WEEKEND_GAP,135,135,4,P135_C135_D4
2021-09-08 23:40:00,2021-09-08 23:46:00,6.0,2021-09-08,2021-09-08,2021,2021,Wednesday,Wednesday,23:40,23:46,1420,1426,NON_WEEKEND,NON_WEEKEND_GAP,138,137,6,P138_C137_D6
2021-09-09 01:51:00,2021-09-09 01:54:00,3.0,2021-09-09,2021-09-09,2021,2021,Thursday,Thursday,01:51,01:54,111,114,NON_WEEKEND,NON_WEEKEND_GAP,12,12,4,P12_C12_D4
2021-09-09 02:26:00,2021-09-09 02:30:00,4.0,2021-09-09,2021-09-09,2021,2021,Thursday,Thursday,02:26,02:30,146,150,NON_WEEKEND,NON_WEEKEND_GAP,15,15,4,P15_C15_D4
2021-09-09 05:07:00,2021-09-09 05:10:00,3.0,2021-09-09,2021-09-09,2021,2021,Thursday,Thursday,05:07,05:10,307,310,NON_WEEKEND,NON_WEEKEND_GAP,31,31,4,P31_C31_D4
2021-09-09 16:45:00,2021-09-09 16:47:00,2.0,2021-09-09,2021-09-09,2021,2021,Thursday,Thursday,16:45,16:47,1005,1007,NON_WEEKEND,NON_WEEKEND_GAP,97,96,2,P97_C96_D2
2021-09-09 23:30:00,2021-09-09 23:43:00,13.0,2021-09-09,2021-09-09,2021,2021,Thursday,Thursday,23:30,23:43,1410,1423,NON_WEEKEND,NON_WEEKEND_GAP,137,137,12,P137_C137_D12
2021-09-10 00:26:00,2021-09-10 00:29:00,3.0,2021-09-10,2021-09-10,2021,2021,Friday,Friday,00:26,00:29,26,29,NON_WEEKEND,NON_WEEKEND_GAP,3,3,4,P3_C3_D4
2021-09-10 07:43:00,2021-09-10 07:45:00,2.0,2021-09-10,2021-09-10,2021,2021,Friday,Friday,07:43,07:45,463,465,NON_WEEKEND,NON_WEEKEND_GAP,47,47,2,P47_C47_D2
2021-09-10 19:32:00,2021-09-10 19:35:00,3.0,2021-09-10,2021-09-10,2021,2021,Friday,Friday,19:32,19:35,1172,1175,NON_WEEKEND,NON_WEEKEND_GAP,113,112,4,P113_C112_D4
2021-09-10 20:10:00,2021-09-10 20:17:00,7.0,2021-09-10,2021-09-10,2021,2021,Friday,Friday,20:10,20:17,1210,1217,NON_WEEKEND,NON_WEEKEND_GAP,117,116,8,P117_C116_D8
2021-09-12 21:00:00,2021-09-12 21:19:00,19.0,2021-09-12,2021-09-12,2021,2021,Sunday,Sunday,21:00,21:19,1260,1279,NON_WEEKEND,NON_WEEKEND_GAP,122,122,20,P122_C122_D20
2021-09-12 22:34:00,2021-09-12 22:40:00,6.0,2021-09-12,2021-09-12,2021,2021,Sunday,Sunday,22:34,22:40,1354,1360,NON_WEEKEND,NON_WEEKEND_GAP,131,130,6,P131_C130_D6
2021-09-12 22:46:00,2021-09-12 22:52:00,6.0,2021-09-12,2021-09-12,2021,2021,Sunday,Sunday,22:46,22:52,1366,1372,NON_WEEKEND,NON_WEEKEND_GAP,132,132,6,P132_C132_D6
2021-09-12 23:17:00,2021-09-12 23:22:00,5.0,2021-09-12,2021-09-12,2021,2021,Sunday,Sunday,23:17,23:22,1397,1402,NON_WEEKEND,NON_WEEKEND_GAP,135,135,4,P135_C135_D4
2021-09-12 23:28:00,2021-09-12 23:32:00,4.0,2021-09-12,2021-09-12,2021,2021,Sunday,Sunday,23:28,23:32,1408,1412,NON_WEEKEND,NON_WEEKEND_GAP,136,136,4,P136_C136_D4
2021-09-13 00:49:00,2021-09-13 00:51:00,2.0,2021-09-13,2021-09-13,2021,2021,Monday,Monday,00:49,00:51,49,51,NON_WEEKEND,NON_WEEKEND_GAP,5,6,2,P5_C6_D2
2021-09-13 01:10:00,2021-09-13 01:14:00,4.0,2021-09-13,2021-09-13,2021,2021,Monday,Monday,01:10,01:14,70,74,NON_WEEKEND,NON_WEEKEND_GAP,8,8,4,P8_C8_D4
2021-09-13 01:32:00,2021-09-13 01:35:00,3.0,2021-09-13,2021-09-13,2021,2021,Monday,Monday,01:32,01:35,92,95,NON_WEEKEND,NON_WEEKEND_GAP,10,10,4,P10_C10_D4
2021-09-13 02:36:00,2021-09-13 02:39:00,3.0,2021-09-13,2021-09-13,2021,2021,Monday,Monday,02:36,02:39,156,159,NON_WEEKEND,NON_WEEKEND_GAP,16,16,4,P16_C16_D4
2021-09-13 03:39:00,2021-09-13 03:42:00,3.0,2021-09-13,2021-09-13,2021,2021,Monday,Monday,03:39,03:42,219,222,NON_WEEKEND,NON_WEEKEND_GAP,22,23,4,P22_C23_D4
2021-09-13 05:32:00,2021-09-13 05:35:00,3.0,2021-09-13,2021-09-13,2021,2021,Monday,Monday,05:32,05:35,332,335,NON_WEEKEND,NON_WEEKEND_GAP,34,34,4,P34_C34_D4
2021-09-13 09:40:00,2021-09-13 09:42:00,2.0,2021-09-13,2021-09-13,2021,2021,Monday,Monday,09:40,09:42,580,582,NON_WEEKEND,NON_WEEKEND_GAP,59,59,2,P59_C59_D2
2021-09-13 09:47:00,2021-09-13 09:49:00,2.0,2021-09-13,2021-09-13,2021,2021,Monday,Monday,09:47,09:49,587,589,NON_WEEKEND,NON_WEEKEND_GAP,59,59,2,P59_C59_D2
2021-09-13 16:48:00,2021-09-13 16:50:00,2.0,2021-09-13,2021-09-13,2021,2021,Monday,Monday,16:48,16:50,1008,1010,NON_WEEKEND,NON_WEEKEND_GAP,97,96,2,P97_C96_D2
2021-09-13 17:30:00,2021-09-13 17:33:00,3.0,2021-09-13,2021-09-13,2021,2021,Monday,Monday,17:30,17:33,1050,1053,NON_WEEKEND,NON_WEEKEND_GAP,101,100,4,P101_C100_D4
2021-09-13 18:30:00,2021-09-13 18:33:00,3.0,2021-09-13,2021-09-13,2021,2021,Monday,Monday,18:30,18:33,1110,1113,NON_WEEKEND,NON_WEEKEND_GAP,107,106,4,P107_C106_D4
2021-09-13 20:31:00,2021-09-13 20:37:00,6.0,2021-09-13,2021-09-13,2021,2021,Monday,Monday,20:31,20:37,1231,1237,NON_WEEKEND,NON_WEEKEND_GAP,119,118,6,P119_C118_D6
2021-09-13 23:15:00,2021-09-13 23:30:00,15.0,2021-09-13,2021-09-13,2021,2021,Monday,Monday,23:15,23:30,1395,1410,NON_WEEKEND,NON_WEEKEND_GAP,135,135,16,P135_C135_D16
2021-09-13 23:46:00,2021-09-13 23:53:00,7.0,2021-09-13,2021-09-13,2021,2021,Monday,Monday,23:46,23:53,1426,1433,NON_WEEKEND,NON_WEEKEND_GAP,138,138,8,P138_C138_D8
2021-09-14 03:49:00,2021-09-14 03:52:00,3.0,2021-09-14,2021-09-14,2021,2021,Tuesday,Tuesday,03:49,03:52,229,232,NON_WEEKEND,NON_WEEKEND_GAP,23,24,4,P23_C24_D4
2021-09-14 09:21:00,2021-09-14 09:23:00,2.0,2021-09-14,2021-09-14,2021,2021,Tuesday,Tuesday,09:21,09:23,561,563,NON_WEEKEND,NON_WEEKEND_GAP,57,57,2,P57_C57_D2
2021-09-14 16:24:00,2021-09-14 16:26:00,2.0,2021-09-14,2021-09-14,2021,2021,Tuesday,Tuesday,16:24,16:26,984,986,NON_WEEKEND,NON_WEEKEND_GAP,95,94,2,P95_C94_D2
2021-09-14 22:13:00,2021-09-14 22:21:00,8.0,2021-09-14,2021-09-14,2021,2021,Tuesday,Tuesday,22:13,22:21,1333,1341,NON_WEEKEND,NON_WEEKEND_GAP,129,128,8,P129_C128_D8
2021-09-14 23:00:00,2021-09-14 23:06:00,6.0,2021-09-14,2021-09-14,2021,2021,Tuesday,Tuesday,23:00,23:06,1380,1386,NON_WEEKEND,NON_WEEKEND_GAP,134,133,6,P134_C133_D6
2021-09-14 23:06:00,2021-09-14 23:19:00,13.0,2021-09-14,2021-09-14,2021,2021,Tuesday,Tuesday,23:06,23:19,1386,1399,NON_WEEKEND,NON_WEEKEND_GAP,134,134,12,P134_C134_D12
2021-09-14 23:22:00,2021-09-14 23:28:00,6.0,2021-09-14,2021-09-14,2021,2021,Tuesday,Tuesday,23:22,23:28,1402,1408,NON_WEEKEND,NON_WEEKEND_GAP,136,135,6,P136_C135_D6
2021-09-14 23:29:00,2021-09-14 23:33:00,4.0,2021-09-14,2021-09-14,2021,2021,Tuesday,Tuesday,23:29,23:33,1409,1413,NON_WEEKEND,NON_WEEKEND_GAP,136,136,4,P136_C136_D4
2021-09-15 00:07:00,2021-09-15 00:11:00,4.0,2021-09-15,2021-09-15,2021,2021,Wednesday,Wednesday,00:07,00:11,7,11,NON_WEEKEND,NON_WEEKEND_GAP,1,2,4,P1_C2_D4
2021-09-15 04:49:00,2021-09-15 04:52:00,3.0,2021-09-15,2021-09-15,2021,2021,Wednesday,Wednesday,04:49,04:52,289,292,NON_WEEKEND,NON_WEEKEND_GAP,29,30,4,P29_C30_D4
2021-09-15 08:31:00,2021-09-15 08:33:00,2.0,2021-09-15,2021-09-15,2021,2021,Wednesday,Wednesday,08:31,08:33,511,513,NON_WEEKEND,NON_WEEKEND_GAP,51,51,2,P51_C51_D2
2021-09-15 16:15:00,2021-09-15 16:17:00,2.0,2021-09-15,2021-09-15,2021,2021,Wednesday,Wednesday,16:15,16:17,975,977,NON_WEEKEND,NON_WEEKEND_GAP,94,93,2,P94_C93_D2
2021-09-15 16:41:00,2021-09-15 16:43:00,2.0,2021-09-15,2021-09-15,2021,2021,Wednesday,Wednesday,16:41,16:43,1001,1003,NON_WEEKEND,NON_WEEKEND_GAP,96,95,2,P96_C95_D2
2021-09-15 17:11:00,2021-09-15 17:14:00,3.0,2021-09-15,2021-09-15,2021,2021,Wednesday,Wednesday,17:11,17:14,1031,1034,NON_WEEKEND,NON_WEEKEND_GAP,99,98,4,P99_C98_D4
2021-09-15 18:04:00,2021-09-15 18:07:00,3.0,2021-09-15,2021-09-15,2021,2021,Wednesday,Wednesday,18:04,18:07,1084,1087,NON_WEEKEND,NON_WEEKEND_GAP,104,103,4,P104_C103_D4
2021-09-15 18:37:00,2021-09-15 18:40:00,3.0,2021-09-15,2021-09-15,2021,2021,Wednesday,Wednesday,18:37,18:40,1117,1120,NON_WEEKEND,NON_WEEKEND_GAP,107,106,4,P107_C106_D4
2021-09-15 19:27:00,2021-09-15 19:30:00,3.0,2021-09-15,2021-09-15,2021,2021,Wednesday,Wednesday,19:27,19:30,1167,1170,NON_WEEKEND,NON_WEEKEND_GAP,112,111,4,P112_C111_D4
2021-09-15 20:09:00,2021-09-15 20:13:00,4.0,2021-09-15,2021-09-15,2021,2021,Wednesday,Wednesday,20:09,20:13,1209,1213,NON_WEEKEND,NON_WEEKEND_GAP,116,116,4,P116_C116_D4
2021-09-15 20:29:00,2021-09-15 20:41:00,12.0,2021-09-15,2021-09-15,2021,2021,Wednesday,Wednesday,20:29,20:41,1229,1241,NON_WEEKEND,NON_WEEKEND_GAP,118,118,12,P118_C118_D12
2021-09-15 21:22:00,2021-09-15 21:30:00,8.0,2021-09-15,2021-09-15,2021,2021,Wednesday,Wednesday,21:22,21:30,1282,1290,NON_WEEKEND,NON_WEEKEND_GAP,124,123,8,P124_C123_D8
2021-09-15 22:53:00,2021-09-15 23:00:00,7.0,2021-09-15,2021-09-15,2021,2021,Wednesday,Wednesday,22:53,23:00,1373,1380,NON_WEEKEND,NON_WEEKEND_GAP,133,132,8,P133_C132_D8
2021-09-16 00:14:00,2021-09-16 00:20:00,6.0,2021-09-16,2021-09-16,2021,2021,Thursday,Thursday,00:14,00:20,14,20,NON_WEEKEND,NON_WEEKEND_GAP,2,3,6,P2_C3_D6
2021-09-16 00:20:00,2021-09-16 00:23:00,3.0,2021-09-16,2021-09-16,2021,2021,Thursday,Thursday,00:20,00:23,20,23,NON_WEEKEND,NON_WEEKEND_GAP,3,3,4,P3_C3_D4
2021-09-16 01:10:00,2021-09-16 01:13:00,3.0,2021-09-16,2021-09-16,2021,2021,Thursday,Thursday,01:10,01:13,70,73,NON_WEEKEND,NON_WEEKEND_GAP,8,8,4,P8_C8_D4
2021-09-16 01:19:00,2021-09-16 01:22:00,3.0,2021-09-16,2021-09-16,2021,2021,Thursday,Thursday,01:19,01:22,79,82,NON_WEEKEND,NON_WEEKEND_GAP,8,9,4,P8_C9_D4
2021-09-16 01:52:00,2021-09-16 01:55:00,3.0,2021-09-16,2021-09-16,2021,2021,Thursday,Thursday,01:52,01:55,112,115,NON_WEEKEND,NON_WEEKEND_GAP,12,12,4,P12_C12_D4
2021-09-16 02:23:00,2021-09-16 02:26:00,3.0,2021-09-16,2021-09-16,2021,2021,Thursday,Thursday,02:23,02:26,143,146,NON_WEEKEND,NON_WEEKEND_GAP,15,15,4,P15_C15_D4
2021-09-16 02:26:00,2021-09-16 02:29:00,3.0,2021-09-16,2021-09-16,2021,2021,Thursday,Thursday,02:26,02:29,146,149,NON_WEEKEND,NON_WEEKEND_GAP,15,15,4,P15_C15_D4
2021-09-16 02:39:00,2021-09-16 02:43:00,4.0,2021-09-16,2021-09-16,2021,2021,Thursday,Thursday,02:39,02:43,159,163,NON_WEEKEND,NON_WEEKEND_GAP,16,17,4,P16_C17_D4
2021-09-16 02:43:00,2021-09-16 02:50:00,7.0,2021-09-16,2021-09-16,2021,2021,Thursday,Thursday,02:43,02:50,163,170,NON_WEEKEND,NON_WEEKEND_GAP,17,17,8,P17_C17_D8
2021-09-16 04:30:00,2021-09-16 04:39:00,9.0,2021-09-16,2021-09-16,2021,2021,Thursday,Thursday,04:30,04:39,270,279,NON_WEEKEND,NON_WEEKEND_GAP,28,28,8,P28_C28_D8
2021-09-16 05:32:00,2021-09-16 05:35:00,3.0,2021-09-16,2021-09-16,2021,2021,Thursday,Thursday,05:32,05:35,332,335,NON_WEEKEND,NON_WEEKEND_GAP,34,34,4,P34_C34_D4
2021-09-16 11:14:00,2021-09-16 11:16:00,2.0,2021-09-16,2021-09-16,2021,2021,Thursday,Thursday,11:14,11:16,674,676,NON_WEEKEND,NON_WEEKEND_GAP,67,68,2,P67_C68_D2
2021-09-16 16:31:00,2021-09-16 16:33:00,2.0,2021-09-16,2021-09-16,2021,2021,Thursday,Thursday,16:31,16:33,991,993,NON_WEEKEND,NON_WEEKEND_GAP,95,94,2,P95_C94_D2
2021-09-16 16:41:00,2021-09-16 16:43:00,2.0,2021-09-16,2021-09-16,2021,2021,Thursday,Thursday,16:41,16:43,1001,1003,NON_WEEKEND,NON_WEEKEND_GAP,96,95,2,P96_C95_D2
2021-09-16 16:48:00,2021-09-16 16:50:00,2.0,2021-09-16,2021-09-16,2021,2021,Thursday,Thursday,16:48,16:50,1008,1010,NON_WEEKEND,NON_WEEKEND_GAP,97,96,2,P97_C96_D2
2021-09-16 17:05:00,2021-09-16 17:07:00,2.0,2021-09-16,2021-09-16,2021,2021,Thursday,Thursday,17:05,17:07,1025,1027,NON_WEEKEND,NON_WEEKEND_GAP,99,98,2,P99_C98_D2
2021-09-16 22:32:00,2021-09-16 22:38:00,6.0,2021-09-16,2021-09-16,2021,2021,Thursday,Thursday,22:32,22:38,1352,1358,NON_WEEKEND,NON_WEEKEND_GAP,131,130,6,P131_C130_D6
2021-09-16 22:43:00,2021-09-16 22:58:00,15.0,2021-09-16,2021-09-16,2021,2021,Thursday,Thursday,22:43,22:58,1363,1378,NON_WEEKEND,NON_WEEKEND_GAP,132,132,16,P132_C132_D16
2021-09-16 23:24:00,2021-09-16 23:34:00,10.0,2021-09-16,2021-09-16,2021,2021,Thursday,Thursday,23:24,23:34,1404,1414,NON_WEEKEND,NON_WEEKEND_GAP,136,136,10,P136_C136_D10
2021-09-16 23:36:00,2021-09-16 23:51:00,15.0,2021-09-16,2021-09-16,2021,2021,Thursday,Thursday,23:36,23:51,1416,1431,NON_WEEKEND,NON_WEEKEND_GAP,137,137,16,P137_C137_D16
2021-09-17 04:27:00,2021-09-17 04:32:00,5.0,2021-09-17,2021-09-17,2021,2021,Friday,Friday,04:27,04:32,267,272,NON_WEEKEND,NON_WEEKEND_GAP,27,28,4,P27_C28_D4
2021-09-17 10:32:00,2021-09-17 10:34:00,2.0,2021-09-17,2021-09-17,2021,2021,Friday,Friday,10:32,10:34,632,634,NON_WEEKEND,NON_WEEKEND_GAP,63,63,2,P63_C63_D2
2021-09-17 17:10:00,2021-09-17 17:12:00,2.0,2021-09-17,2021-09-17,2021,2021,Friday,Friday,17:10,17:12,1030,1032,NON_WEEKEND,NON_WEEKEND_GAP,99,98,2,P99_C98_D2
2021-09-17 17:38:00,2021-09-17 17:43:00,5.0,2021-09-17,2021-09-17,2021,2021,Friday,Friday,17:38,17:43,1058,1063,NON_WEEKEND,NON_WEEKEND_GAP,102,101,4,P102_C101_D4
2021-09-17 19:23:00,2021-09-17 19:26:00,3.0,2021-09-17,2021-09-17,2021,2021,Friday,Friday,19:23,19:26,1163,1166,NON_WEEKEND,NON_WEEKEND_GAP,112,111,4,P112_C111_D4
2021-09-17 20:29:00,2021-09-17 20:33:00,4.0,2021-09-17,2021-09-17,2021,2021,Friday,Friday,20:29,20:33,1229,1233,NON_WEEKEND,NON_WEEKEND_GAP,118,118,4,P118_C118_D4
2021-09-19 21:11:00,2021-09-19 21:17:00,6.0,2021-09-19,2021-09-19,2021,2021,Sunday,Sunday,21:11,21:17,1271,1277,NON_WEEKEND,NON_WEEKEND_GAP,123,122,6,P123_C122_D6
2021-09-19 21:22:00,2021-09-19 21:30:00,8.0,2021-09-19,2021-09-19,2021,2021,Sunday,Sunday,21:22,21:30,1282,1290,NON_WEEKEND,NON_WEEKEND_GAP,124,123,8,P124_C123_D8
2021-09-19 21:39:00,2021-09-19 22:00:00,21.0,2021-09-19,2021-09-19,2021,2021,Sunday,Sunday,21:39,22:00,1299,1320,NON_WEEKEND,NON_WEEKEND_GAP,125,126,20,P125_C126_D20
2021-09-19 23:19:00,2021-09-19 23:22:00,3.0,2021-09-19,2021-09-19,2021,2021,Sunday,Sunday,23:19,23:22,1399,1402,NON_WEEKEND,NON_WEEKEND_GAP,135,135,4,P135_C135_D4
2021-09-19 23:29:00,2021-09-19 23:32:00,3.0,2021-09-19,2021-09-19,2021,2021,Sunday,Sunday,23:29,23:32,1409,1412,NON_WEEKEND,NON_WEEKEND_GAP,136,136,4,P136_C136_D4
2021-09-19 23:49:00,2021-09-19 23:53:00,4.0,2021-09-19,2021-09-19,2021,2021,Sunday,Sunday,23:49,23:53,1429,1433,NON_WEEKEND,NON_WEEKEND_GAP,138,138,4,P138_C138_D4
2021-09-20 00:17:00,2021-09-20 00:20:00,3.0,2021-09-20,2021-09-20,2021,2021,Monday,Monday,00:17,00:20,17,20,NON_WEEKEND,NON_WEEKEND_GAP,2,3,4,P2_C3_D4
2021-09-20 00:48:00,2021-09-20 00:50:00,2.0,2021-09-20,2021-09-20,2021,2021,Monday,Monday,00:48,00:50,48,50,NON_WEEKEND,NON_WEEKEND_GAP,5,6,2,P5_C6_D2
2021-09-20 00:50:00,2021-09-20 00:53:00,3.0,2021-09-20,2021-09-20,2021,2021,Monday,Monday,00:50,00:53,50,53,NON_WEEKEND,NON_WEEKEND_GAP,6,6,4,P6_C6_D4
2021-09-20 00:53:00,2021-09-20 00:59:00,6.0,2021-09-20,2021-09-20,2021,2021,Monday,Monday,00:53,00:59,53,59,NON_WEEKEND,NON_WEEKEND_GAP,6,6,6,P6_C6_D6
2021-09-20 01:02:00,2021-09-20 01:05:00,3.0,2021-09-20,2021-09-20,2021,2021,Monday,Monday,01:02,01:05,62,65,NON_WEEKEND,NON_WEEKEND_GAP,7,7,4,P7_C7_D4
2021-09-20 01:10:00,2021-09-20 01:14:00,4.0,2021-09-20,2021-09-20,2021,2021,Monday,Monday,01:10,01:14,70,74,NON_WEEKEND,NON_WEEKEND_GAP,8,8,4,P8_C8_D4
2021-09-20 01:14:00,2021-09-20 01:18:00,4.0,2021-09-20,2021-09-20,2021,2021,Monday,Monday,01:14,01:18,74,78,NON_WEEKEND,NON_WEEKEND_GAP,8,8,4,P8_C8_D4
2021-09-20 01:24:00,2021-09-20 01:27:00,3.0,2021-09-20,2021-09-20,2021,2021,Monday,Monday,01:24,01:27,84,87,NON_WEEKEND,NON_WEEKEND_GAP,9,9,4,P9_C9_D4
2021-09-20 01:27:00,2021-09-20 01:30:00,3.0,2021-09-20,2021-09-20,2021,2021,Monday,Monday,01:27,01:30,87,90,NON_WEEKEND,NON_WEEKEND_GAP,9,9,4,P9_C9_D4
2021-09-20 03:03:00,2021-09-20 03:06:00,3.0,2021-09-20,2021-09-20,2021,2021,Monday,Monday,03:03,03:06,183,186,NON_WEEKEND,NON_WEEKEND_GAP,19,19,4,P19_C19_D4
2021-09-20 03:07:00,2021-09-20 03:10:00,3.0,2021-09-20,2021-09-20,2021,2021,Monday,Monday,03:07,03:10,187,190,NON_WEEKEND,NON_WEEKEND_GAP,19,19,4,P19_C19_D4
2021-09-20 04:08:00,2021-09-20 04:12:00,4.0,2021-09-20,2021-09-20,2021,2021,Monday,Monday,04:08,04:12,248,252,NON_WEEKEND,NON_WEEKEND_GAP,25,26,4,P25_C26_D4
2021-09-20 04:29:00,2021-09-20 04:32:00,3.0,2021-09-20,2021-09-20,2021,2021,Monday,Monday,04:29,04:32,269,272,NON_WEEKEND,NON_WEEKEND_GAP,27,28,4,P27_C28_D4
2021-09-20 09:03:00,2021-09-20 09:05:00,2.0,2021-09-20,2021-09-20,2021,2021,Monday,Monday,09:03,09:05,543,545,NON_WEEKEND,NON_WEEKEND_GAP,55,55,2,P55_C55_D2
2021-09-20 21:15:00,2021-09-20 21:24:00,9.0,2021-09-20,2021-09-20,2021,2021,Monday,Monday,21:15,21:24,1275,1284,NON_WEEKEND,NON_WEEKEND_GAP,123,123,8,P123_C123_D8
2021-09-20 22:15:00,2021-09-20 22:21:00,6.0,2021-09-20,2021-09-20,2021,2021,Monday,Monday,22:15,22:21,1335,1341,NON_WEEKEND,NON_WEEKEND_GAP,129,128,6,P129_C128_D6
2021-09-20 22:33:00,2021-09-20 22:40:00,7.0,2021-09-20,2021-09-20,2021,2021,Monday,Monday,22:33,22:40,1353,1360,NON_WEEKEND,NON_WEEKEND_GAP,131,130,8,P131_C130_D8
2021-09-20 22:50:00,2021-09-20 22:59:00,9.0,2021-09-20,2021-09-20,2021,2021,Monday,Monday,22:50,22:59,1370,1379,NON_WEEKEND,NON_WEEKEND_GAP,133,132,8,P133_C132_D8
2021-09-21 01:00:00,2021-09-21 01:03:00,3.0,2021-09-21,2021-09-21,2021,2021,Tuesday,Tuesday,01:00,01:03,60,63,NON_WEEKEND,NON_WEEKEND_GAP,7,7,4,P7_C7_D4
2021-09-21 03:09:00,2021-09-21 03:12:00,3.0,2021-09-21,2021-09-21,2021,2021,Tuesday,Tuesday,03:09,03:12,189,192,NON_WEEKEND,NON_WEEKEND_GAP,19,20,4,P19_C20_D4
2021-09-21 04:49:00,2021-09-21 04:52:00,3.0,2021-09-21,2021-09-21,2021,2021,Tuesday,Tuesday,04:49,04:52,289,292,NON_WEEKEND,NON_WEEKEND_GAP,29,30,4,P29_C30_D4
2021-09-21 10:42:00,2021-09-21 10:44:00,2.0,2021-09-21,2021-09-21,2021,2021,Tuesday,Tuesday,10:42,10:44,642,644,NON_WEEKEND,NON_WEEKEND_GAP,64,64,2,P64_C64_D2
2021-09-21 20:29:00,2021-09-21 20:34:00,5.0,2021-09-21,2021-09-21,2021,2021,Tuesday,Tuesday,20:29,20:34,1229,1234,NON_WEEKEND,NON_WEEKEND_GAP,118,118,4,P118_C118_D4
2021-09-21 21:05:00,2021-09-21 21:11:00,6.0,2021-09-21,2021-09-21,2021,2021,Tuesday,Tuesday,21:05,21:11,1265,1271,NON_WEEKEND,NON_WEEKEND_GAP,122,121,6,P122_C121_D6
2021-09-21 22:39:00,2021-09-21 22:50:00,11.0,2021-09-21,2021-09-21,2021,2021,Tuesday,Tuesday,22:39,22:50,1359,1370,NON_WEEKEND,NON_WEEKEND_GAP,131,131,12,P131_C131_D12
2021-09-21 23:18:00,2021-09-21 23:25:00,7.0,2021-09-21,2021-09-21,2021,2021,Tuesday,Tuesday,23:18,23:25,1398,1405,NON_WEEKEND,NON_WEEKEND_GAP,135,135,8,P135_C135_D8
2021-09-21 23:35:00,2021-09-21 23:43:00,8.0,2021-09-21,2021-09-21,2021,2021,Tuesday,Tuesday,23:35,23:43,1415,1423,NON_WEEKEND,NON_WEEKEND_GAP,137,137,8,P137_C137_D8
2021-09-21 23:49:00,2021-09-21 23:53:00,4.0,2021-09-21,2021-09-21,2021,2021,Tuesday,Tuesday,23:49,23:53,1429,1433,NON_WEEKEND,NON_WEEKEND_GAP,138,138,4,P138_C138_D4
2021-09-22 00:39:00,2021-09-22 00:42:00,3.0,2021-09-22,2021-09-22,2021,2021,Wednesday,Wednesday,00:39,00:42,39,42,NON_WEEKEND,NON_WEEKEND_GAP,4,5,4,P4_C5_D4
2021-09-22 01:36:00,2021-09-22 01:39:00,3.0,2021-09-22,2021-09-22,2021,2021,Wednesday,Wednesday,01:36,01:39,96,99,NON_WEEKEND,NON_WEEKEND_GAP,10,10,4,P10_C10_D4
2021-09-22 02:20:00,2021-09-22 02:23:00,3.0,2021-09-22,2021-09-22,2021,2021,Wednesday,Wednesday,02:20,02:23,140,143,NON_WEEKEND,NON_WEEKEND_GAP,15,15,4,P15_C15_D4
2021-09-22 03:39:00,2021-09-22 03:42:00,3.0,2021-09-22,2021-09-22,2021,2021,Wednesday,Wednesday,03:39,03:42,219,222,NON_WEEKEND,NON_WEEKEND_GAP,22,23,4,P22_C23_D4
2021-09-22 04:26:00,2021-09-22 04:39:00,13.0,2021-09-22,2021-09-22,2021,2021,Wednesday,Wednesday,04:26,04:39,266,279,NON_WEEKEND,NON_WEEKEND_GAP,27,28,12,P27_C28_D12
2021-09-22 04:39:00,2021-09-22 04:42:00,3.0,2021-09-22,2021-09-22,2021,2021,Wednesday,Wednesday,04:39,04:42,279,282,NON_WEEKEND,NON_WEEKEND_GAP,28,29,4,P28_C29_D4
2021-09-22 05:26:00,2021-09-22 05:29:00,3.0,2021-09-22,2021-09-22,2021,2021,Wednesday,Wednesday,05:26,05:29,326,329,NON_WEEKEND,NON_WEEKEND_GAP,33,33,4,P33_C33_D4
2021-09-22 07:16:00,2021-09-22 07:18:00,2.0,2021-09-22,2021-09-22,2021,2021,Wednesday,Wednesday,07:16,07:18,436,438,NON_WEEKEND,NON_WEEKEND_GAP,44,44,2,P44_C44_D2
2021-09-22 11:43:00,2021-09-22 11:45:00,2.0,2021-09-22,2021-09-22,2021,2021,Wednesday,Wednesday,11:43,11:45,703,705,NON_WEEKEND,NON_WEEKEND_GAP,70,70,2,P70_C70_D2
2021-09-22 22:50:00,2021-09-22 23:00:00,10.0,2021-09-22,2021-09-22,2021,2021,Wednesday,Wednesday,22:50,23:00,1370,1380,NON_WEEKEND,NON_WEEKEND_GAP,133,132,10,P133_C132_D10
2021-09-22 23:00:00,2021-09-22 23:06:00,6.0,2021-09-22,2021-09-22,2021,2021,Wednesday,Wednesday,23:00,23:06,1380,1386,NON_WEEKEND,NON_WEEKEND_GAP,134,133,6,P134_C133_D6
2021-09-22 23:19:00,2021-09-22 23:23:00,4.0,2021-09-22,2021-09-22,2021,2021,Wednesday,Wednesday,23:19,23:23,1399,1403,NON_WEEKEND,NON_WEEKEND_GAP,135,135,4,P135_C135_D4
2021-09-22 23:33:00,2021-09-22 23:39:00,6.0,2021-09-22,2021-09-22,2021,2021,Wednesday,Wednesday,23:33,23:39,1413,1419,NON_WEEKEND,NON_WEEKEND_GAP,137,136,6,P137_C136_D6
2021-09-23 00:58:00,2021-09-23 01:00:00,2.0,2021-09-23,2021-09-23,2021,2021,Thursday,Thursday,00:58,01:00,58,60,NON_WEEKEND,NON_WEEKEND_GAP,6,7,2,P6_C7_D2
2021-09-23 01:13:00,2021-09-23 01:16:00,3.0,2021-09-23,2021-09-23,2021,2021,Thursday,Thursday,01:13,01:16,73,76,NON_WEEKEND,NON_WEEKEND_GAP,8,8,4,P8_C8_D4
2021-09-23 01:33:00,2021-09-23 01:36:00,3.0,2021-09-23,2021-09-23,2021,2021,Thursday,Thursday,01:33,01:36,93,96,NON_WEEKEND,NON_WEEKEND_GAP,10,10,4,P10_C10_D4
2021-09-23 01:44:00,2021-09-23 01:47:00,3.0,2021-09-23,2021-09-23,2021,2021,Thursday,Thursday,01:44,01:47,104,107,NON_WEEKEND,NON_WEEKEND_GAP,11,11,4,P11_C11_D4
2021-09-23 01:49:00,2021-09-23 01:54:00,5.0,2021-09-23,2021-09-23,2021,2021,Thursday,Thursday,01:49,01:54,109,114,NON_WEEKEND,NON_WEEKEND_GAP,11,12,4,P11_C12_D4
2021-09-23 02:11:00,2021-09-23 02:14:00,3.0,2021-09-23,2021-09-23,2021,2021,Thursday,Thursday,02:11,02:14,131,134,NON_WEEKEND,NON_WEEKEND_GAP,14,14,4,P14_C14_D4
2021-09-23 04:28:00,2021-09-23 04:35:00,7.0,2021-09-23,2021-09-23,2021,2021,Thursday,Thursday,04:28,04:35,268,275,NON_WEEKEND,NON_WEEKEND_GAP,27,28,8,P27_C28_D8
2021-09-23 04:39:00,2021-09-23 04:43:00,4.0,2021-09-23,2021-09-23,2021,2021,Thursday,Thursday,04:39,04:43,279,283,NON_WEEKEND,NON_WEEKEND_GAP,28,29,4,P28_C29_D4
2021-09-23 05:26:00,2021-09-23 05:29:00,3.0,2021-09-23,2021-09-23,2021,2021,Thursday,Thursday,05:26,05:29,326,329,NON_WEEKEND,NON_WEEKEND_GAP,33,33,4,P33_C33_D4
2021-09-23 16:14:00,2021-09-23 16:17:00,3.0,2021-09-23,2021-09-23,2021,2021,Thursday,Thursday,16:14,16:17,974,977,NON_WEEKEND,NON_WEEKEND_GAP,94,93,4,P94_C93_D4
2021-09-23 16:43:00,2021-09-23 16:45:00,2.0,2021-09-23,2021-09-23,2021,2021,Thursday,Thursday,16:43,16:45,1003,1005,NON_WEEKEND,NON_WEEKEND_GAP,96,95,2,P96_C95_D2
2021-09-23 19:24:00,2021-09-23 19:27:00,3.0,2021-09-23,2021-09-23,2021,2021,Thursday,Thursday,19:24,19:27,1164,1167,NON_WEEKEND,NON_WEEKEND_GAP,112,111,4,P112_C111_D4
2021-09-23 21:23:00,2021-09-23 21:30:00,7.0,2021-09-23,2021-09-23,2021,2021,Thursday,Thursday,21:23,21:30,1283,1290,NON_WEEKEND,NON_WEEKEND_GAP,124,123,8,P124_C123_D8
2021-09-23 22:54:00,2021-09-23 23:00:00,6.0,2021-09-23,2021-09-23,2021,2021,Thursday,Thursday,22:54,23:00,1374,1380,NON_WEEKEND,NON_WEEKEND_GAP,133,132,6,P133_C132_D6
2021-09-23 23:32:00,2021-09-23 23:40:00,8.0,2021-09-23,2021-09-23,2021,2021,Thursday,Thursday,23:32,23:40,1412,1420,NON_WEEKEND,NON_WEEKEND_GAP,137,136,8,P137_C136_D8
2021-09-24 00:06:00,2021-09-24 00:09:00,3.0,2021-09-24,2021-09-24,2021,2021,Friday,Friday,00:06,00:09,6,9,NON_WEEKEND,NON_WEEKEND_GAP,1,1,4,P1_C1_D4
2021-09-24 03:04:00,2021-09-24 03:07:00,3.0,2021-09-24,2021-09-24,2021,2021,Friday,Friday,03:04,03:07,184,187,NON_WEEKEND,NON_WEEKEND_GAP,19,19,4,P19_C19_D4
2021-09-24 04:23:00,2021-09-24 04:29:00,6.0,2021-09-24,2021-09-24,2021,2021,Friday,Friday,04:23,04:29,263,269,NON_WEEKEND,NON_WEEKEND_GAP,27,27,6,P27_C27_D6
2021-09-24 05:24:00,2021-09-24 05:27:00,3.0,2021-09-24,2021-09-24,2021,2021,Friday,Friday,05:24,05:27,324,327,NON_WEEKEND,NON_WEEKEND_GAP,33,33,4,P33_C33_D4
2021-09-24 08:45:00,2021-09-24 08:47:00,2.0,2021-09-24,2021-09-24,2021,2021,Friday,Friday,08:45,08:47,525,527,NON_WEEKEND,NON_WEEKEND_GAP,53,53,2,P53_C53_D2
2021-09-24 09:07:00,2021-09-24 09:09:00,2.0,2021-09-24,2021-09-24,2021,2021,Friday,Friday,09:07,09:09,547,549,NON_WEEKEND,NON_WEEKEND_GAP,55,55,2,P55_C55_D2
2021-09-24 16:17:00,2021-09-24 16:19:00,2.0,2021-09-24,2021-09-24,2021,2021,Friday,Friday,16:17,16:19,977,979,NON_WEEKEND,NON_WEEKEND_GAP,94,93,2,P94_C93_D2
2021-09-24 18:49:00,2021-09-24 18:51:00,2.0,2021-09-24,2021-09-24,2021,2021,Friday,Friday,18:49,18:51,1129,1131,NON_WEEKEND,NON_WEEKEND_GAP,109,107,2,P109_C107_D2
2021-09-24 20:17:00,2021-09-24 20:23:00,6.0,2021-09-24,2021-09-24,2021,2021,Friday,Friday,20:17,20:23,1217,1223,NON_WEEKEND,NON_WEEKEND_GAP,117,117,6,P117_C117_D6
2021-09-26 21:00:00,2021-09-26 21:09:00,9.0,2021-09-26,2021-09-26,2021,2021,Sunday,Sunday,21:00,21:09,1260,1269,NON_WEEKEND,NON_WEEKEND_GAP,122,121,8,P122_C121_D8
2021-09-26 22:16:00,2021-09-26 22:22:00,6.0,2021-09-26,2021-09-26,2021,2021,Sunday,Sunday,22:16,22:22,1336,1342,NON_WEEKEND,NON_WEEKEND_GAP,129,129,6,P129_C129_D6
2021-09-27 00:26:00,2021-09-27 00:29:00,3.0,2021-09-27,2021-09-27,2021,2021,Monday,Monday,00:26,00:29,26,29,NON_WEEKEND,NON_WEEKEND_GAP,3,3,4,P3_C3_D4
2021-09-27 00:49:00,2021-09-27 00:53:00,4.0,2021-09-27,2021-09-27,2021,2021,Monday,Monday,00:49,00:53,49,53,NON_WEEKEND,NON_WEEKEND_GAP,5,6,4,P5_C6_D4
2021-09-27 01:53:00,2021-09-27 01:56:00,3.0,2021-09-27,2021-09-27,2021,2021,Monday,Monday,01:53,01:56,113,116,NON_WEEKEND,NON_WEEKEND_GAP,12,12,4,P12_C12_D4
2021-09-27 02:35:00,2021-09-27 02:39:00,4.0,2021-09-27,2021-09-27,2021,2021,Monday,Monday,02:35,02:39,155,159,NON_WEEKEND,NON_WEEKEND_GAP,16,16,4,P16_C16_D4
2021-09-27 09:52:00,2021-09-27 09:54:00,2.0,2021-09-27,2021-09-27,2021,2021,Monday,Monday,09:52,09:54,592,594,NON_WEEKEND,NON_WEEKEND_GAP,60,60,2,P60_C60_D2
2021-09-27 19:28:00,2021-09-27 19:31:00,3.0,2021-09-27,2021-09-27,2021,2021,Monday,Monday,19:28,19:31,1168,1171,NON_WEEKEND,NON_WEEKEND_GAP,112,111,4,P112_C111_D4
2021-09-27 19:45:00,2021-09-27 19:48:00,3.0,2021-09-27,2021-09-27,2021,2021,Monday,Monday,19:45,19:48,1185,1188,NON_WEEKEND,NON_WEEKEND_GAP,114,113,4,P114_C113_D4
2021-09-27 20:17:00,2021-09-27 20:22:00,5.0,2021-09-27,2021-09-27,2021,2021,Monday,Monday,20:17,20:22,1217,1222,NON_WEEKEND,NON_WEEKEND_GAP,117,117,4,P117_C117_D4
2021-09-27 20:39:00,2021-09-27 20:44:00,5.0,2021-09-27,2021-09-27,2021,2021,Monday,Monday,20:39,20:44,1239,1244,NON_WEEKEND,NON_WEEKEND_GAP,119,119,4,P119_C119_D4
2021-09-27 21:10:00,2021-09-27 21:21:00,11.0,2021-09-27,2021-09-27,2021,2021,Monday,Monday,21:10,21:21,1270,1281,NON_WEEKEND,NON_WEEKEND_GAP,123,122,12,P123_C122_D12
2021-09-27 22:49:00,2021-09-27 22:52:00,3.0,2021-09-27,2021-09-27,2021,2021,Monday,Monday,22:49,22:52,1369,1372,NON_WEEKEND,NON_WEEKEND_GAP,132,132,4,P132_C132_D4
2021-09-27 23:09:00,2021-09-27 23:13:00,4.0,2021-09-27,2021-09-27,2021,2021,Monday,Monday,23:09,23:13,1389,1393,NON_WEEKEND,NON_WEEKEND_GAP,134,134,4,P134_C134_D4
2021-09-27 23:21:00,2021-09-27 23:28:00,7.0,2021-09-27,2021-09-27,2021,2021,Monday,Monday,23:21,23:28,1401,1408,NON_WEEKEND,NON_WEEKEND_GAP,136,135,8,P136_C135_D8
2021-09-28 00:06:00,2021-09-28 00:09:00,3.0,2021-09-28,2021-09-28,2021,2021,Tuesday,Tuesday,00:06,00:09,6,9,NON_WEEKEND,NON_WEEKEND_GAP,1,1,4,P1_C1_D4
2021-09-28 02:39:00,2021-09-28 02:43:00,4.0,2021-09-28,2021-09-28,2021,2021,Tuesday,Tuesday,02:39,02:43,159,163,NON_WEEKEND,NON_WEEKEND_GAP,16,17,4,P16_C17_D4
2021-09-28 04:31:00,2021-09-28 04:37:00,6.0,2021-09-28,2021-09-28,2021,2021,Tuesday,Tuesday,04:31,04:37,271,277,NON_WEEKEND,NON_WEEKEND_GAP,28,28,6,P28_C28_D6
2021-09-28 21:17:00,2021-09-28 21:24:00,7.0,2021-09-28,2021-09-28,2021,2021,Tuesday,Tuesday,21:17,21:24,1277,1284,NON_WEEKEND,NON_WEEKEND_GAP,123,123,8,P123_C123_D8
2021-09-28 22:11:00,2021-09-28 22:17:00,6.0,2021-09-28,2021-09-28,2021,2021,Tuesday,Tuesday,22:11,22:17,1331,1337,NON_WEEKEND,NON_WEEKEND_GAP,129,128,6,P129_C128_D6
2021-09-28 22:31:00,2021-09-28 22:38:00,7.0,2021-09-28,2021-09-28,2021,2021,Tuesday,Tuesday,22:31,22:38,1351,1358,NON_WEEKEND,NON_WEEKEND_GAP,131,130,8,P131_C130_D8
2021-09-29 03:49:00,2021-09-29 03:52:00,3.0,2021-09-29,2021-09-29,2021,2021,Wednesday,Wednesday,03:49,03:52,229,232,NON_WEEKEND,NON_WEEKEND_GAP,23,24,4,P23_C24_D4
2021-09-29 16:58:00,2021-09-29 17:00:00,2.0,2021-09-29,2021-09-29,2021,2021,Wednesday,Wednesday,16:58,17:00,1018,1020,NON_WEEKEND,NON_WEEKEND_GAP,98,97,2,P98_C97_D2
2021-09-29 19:43:00,2021-09-29 19:46:00,3.0,2021-09-29,2021-09-29,2021,2021,Wednesday,Wednesday,19:43,19:46,1183,1186,NON_WEEKEND,NON_WEEKEND_GAP,114,113,4,P114_C113_D4
2021-09-29 21:06:00,2021-09-29 21:14:00,8.0,2021-09-29,2021-09-29,2021,2021,Wednesday,Wednesday,21:06,21:14,1266,1274,NON_WEEKEND,NON_WEEKEND_GAP,122,122,8,P122_C122_D8
2021-09-29 21:17:00,2021-09-29 21:31:00,14.0,2021-09-29,2021-09-29,2021,2021,Wednesday,Wednesday,21:17,21:31,1277,1291,NON_WEEKEND,NON_WEEKEND_GAP,123,123,14,P123_C123_D14
2021-09-29 21:49:00,2021-09-29 21:53:00,4.0,2021-09-29,2021-09-29,2021,2021,Wednesday,Wednesday,21:49,21:53,1309,1313,NON_WEEKEND,NON_WEEKEND_GAP,126,126,4,P126_C126_D4
2021-09-29 22:29:00,2021-09-29 22:33:00,4.0,2021-09-29,2021-09-29,2021,2021,Wednesday,Wednesday,22:29,22:33,1349,1353,NON_WEEKEND,NON_WEEKEND_GAP,130,130,4,P130_C130_D4
2021-09-29 22:49:00,2021-09-29 22:52:00,3.0,2021-09-29,2021-09-29,2021,2021,Wednesday,Wednesday,22:49,22:52,1369,1372,NON_WEEKEND,NON_WEEKEND_GAP,132,132,4,P132_C132_D4
2021-09-30 00:37:00,2021-09-30 00:44:00,7.0,2021-09-30,2021-09-30,2021,2021,Thursday,Thursday,00:37,00:44,37,44,NON_WEEKEND,NON_WEEKEND_GAP,4,5,8,P4_C5_D8
2021-09-30 01:55:00,2021-09-30 01:58:00,3.0,2021-09-30,2021-09-30,2021,2021,Thursday,Thursday,01:55,01:58,115,118,NON_WEEKEND,NON_WEEKEND_GAP,12,12,4,P12_C12_D4
2021-09-30 02:30:00,2021-09-30 02:33:00,3.0,2021-09-30,2021-09-30,2021,2021,Thursday,Thursday,02:30,02:33,150,153,NON_WEEKEND,NON_WEEKEND_GAP,16,16,4,P16_C16_D4
2021-09-30 21:47:00,2021-09-30 21:59:00,12.0,2021-09-30,2021-09-30,2021,2021,Thursday,Thursday,21:47,21:59,1307,1319,NON_WEEKEND,NON_WEEKEND_GAP,126,126,12,P126_C126_D12
2021-09-30 22:49:00,2021-09-30 22:52:00,3.0,2021-09-30,2021-09-30,2021,2021,Thursday,Thursday,22:49,22:52,1369,1372,NON_WEEKEND,NON_WEEKEND_GAP,132,132,4,P132_C132_D4
2021-09-30 23:30:00,2021-09-30 23:38:00,8.0,2021-09-30,2021-09-30,2021,2021,Thursday,Thursday,23:30,23:38,1410,1418,NON_WEEKEND,NON_WEEKEND_GAP,137,136,8,P137_C136_D8
2021-10-01 03:01:00,2021-10-01 03:06:00,5.0,2021-10-01,2021-10-01,2021,2021,Friday,Friday,03:01,03:06,181,186,NON_WEEKEND,NON_WEEKEND_GAP,19,19,4,P19_C19_D4
2021-10-01 03:06:00,2021-10-01 03:10:00,4.0,2021-10-01,2021-10-01,2021,2021,Friday,Friday,03:06,03:10,186,190,NON_WEEKEND,NON_WEEKEND_GAP,19,19,4,P19_C19_D4
2021-10-01 04:39:00,2021-10-01 04:42:00,3.0,2021-10-01,2021-10-01,2021,2021,Friday,Friday,04:39,04:42,279,282,NON_WEEKEND,NON_WEEKEND_GAP,28,29,4,P28_C29_D4
2021-10-01 18:39:00,2021-10-01 18:42:00,3.0,2021-10-01,2021-10-01,2021,2021,Friday,Friday,18:39,18:42,1119,1122,NON_WEEKEND,NON_WEEKEND_GAP,108,107,4,P108_C107_D4
2021-10-01 20:20:00,2021-10-01 20:29:00,9.0,2021-10-01,2021-10-01,2021,2021,Friday,Friday,20:20,20:29,1220,1229,NON_WEEKEND,NON_WEEKEND_GAP,118,117,8,P118_C117_D8
2021-10-03 21:00:00,2021-10-03 21:10:00,10.0,2021-10-03,2021-10-03,2021,2021,Sunday,Sunday,21:00,21:10,1260,1270,NON_WEEKEND,NON_WEEKEND_GAP,122,121,10,P122_C121_D10
2021-10-03 21:17:00,2021-10-03 21:23:00,6.0,2021-10-03,2021-10-03,2021,2021,Sunday,Sunday,21:17,21:23,1277,1283,NON_WEEKEND,NON_WEEKEND_GAP,123,123,6,P123_C123_D6
2021-10-04 01:44:00,2021-10-04 01:48:00,4.0,2021-10-04,2021-10-04,2021,2021,Monday,Monday,01:44,01:48,104,108,NON_WEEKEND,NON_WEEKEND_GAP,11,11,4,P11_C11_D4
2021-10-04 02:13:00,2021-10-04 02:16:00,3.0,2021-10-04,2021-10-04,2021,2021,Monday,Monday,02:13,02:16,133,136,NON_WEEKEND,NON_WEEKEND_GAP,14,14,4,P14_C14_D4
2021-10-04 03:49:00,2021-10-04 03:52:00,3.0,2021-10-04,2021-10-04,2021,2021,Monday,Monday,03:49,03:52,229,232,NON_WEEKEND,NON_WEEKEND_GAP,23,24,4,P23_C24_D4
2021-10-04 17:05:00,2021-10-04 17:07:00,2.0,2021-10-04,2021-10-04,2021,2021,Monday,Monday,17:05,17:07,1025,1027,NON_WEEKEND,NON_WEEKEND_GAP,99,98,2,P99_C98_D2
2021-10-04 20:04:00,2021-10-04 20:11:00,7.0,2021-10-04,2021-10-04,2021,2021,Monday,Monday,20:04,20:11,1204,1211,NON_WEEKEND,NON_WEEKEND_GAP,116,115,8,P116_C115_D8
2021-10-04 22:49:00,2021-10-04 22:53:00,4.0,2021-10-04,2021-10-04,2021,2021,Monday,Monday,22:49,22:53,1369,1373,NON_WEEKEND,NON_WEEKEND_GAP,132,132,4,P132_C132_D4
2021-10-04 23:11:00,2021-10-04 23:18:00,7.0,2021-10-04,2021-10-04,2021,2021,Monday,Monday,23:11,23:18,1391,1398,NON_WEEKEND,NON_WEEKEND_GAP,135,134,8,P135_C134_D8
2021-10-05 03:08:00,2021-10-05 03:11:00,3.0,2021-10-05,2021-10-05,2021,2021,Tuesday,Tuesday,03:08,03:11,188,191,NON_WEEKEND,NON_WEEKEND_GAP,19,19,4,P19_C19_D4
2021-10-05 04:39:00,2021-10-05 04:42:00,3.0,2021-10-05,2021-10-05,2021,2021,Tuesday,Tuesday,04:39,04:42,279,282,NON_WEEKEND,NON_WEEKEND_GAP,28,29,4,P28_C29_D4
2021-10-05 19:38:00,2021-10-05 19:42:00,4.0,2021-10-05,2021-10-05,2021,2021,Tuesday,Tuesday,19:38,19:42,1178,1182,NON_WEEKEND,NON_WEEKEND_GAP,113,113,4,P113_C113_D4
2021-10-05 20:23:00,2021-10-05 20:29:00,6.0,2021-10-05,2021-10-05,2021,2021,Tuesday,Tuesday,20:23,20:29,1223,1229,NON_WEEKEND,NON_WEEKEND_GAP,118,117,6,P118_C117_D6
2021-10-05 21:10:00,2021-10-05 21:35:00,25.0,2021-10-05,2021-10-05,2021,2021,Tuesday,Tuesday,21:10,21:35,1270,1295,NON_WEEKEND,NON_WEEKEND_GAP,123,124,24,P123_C124_D24
2021-10-05 21:49:00,2021-10-05 21:52:00,3.0,2021-10-05,2021-10-05,2021,2021,Tuesday,Tuesday,21:49,21:52,1309,1312,NON_WEEKEND,NON_WEEKEND_GAP,126,126,4,P126_C126_D4
2021-10-05 22:13:00,2021-10-05 22:19:00,6.0,2021-10-05,2021-10-05,2021,2021,Tuesday,Tuesday,22:13,22:19,1333,1339,NON_WEEKEND,NON_WEEKEND_GAP,129,128,6,P129_C128_D6
2021-10-05 22:37:00,2021-10-05 22:43:00,6.0,2021-10-05,2021-10-05,2021,2021,Tuesday,Tuesday,22:37,22:43,1357,1363,NON_WEEKEND,NON_WEEKEND_GAP,131,131,6,P131_C131_D6
2021-10-05 23:33:00,2021-10-05 23:39:00,6.0,2021-10-05,2021-10-05,2021,2021,Tuesday,Tuesday,23:33,23:39,1413,1419,NON_WEEKEND,NON_WEEKEND_GAP,137,136,6,P137_C136_D6
2021-10-06 01:13:00,2021-10-06 01:17:00,4.0,2021-10-06,2021-10-06,2021,2021,Wednesday,Wednesday,01:13,01:17,73,77,NON_WEEKEND,NON_WEEKEND_GAP,8,8,4,P8_C8_D4
2021-10-06 01:22:00,2021-10-06 01:25:00,3.0,2021-10-06,2021-10-06,2021,2021,Wednesday,Wednesday,01:22,01:25,82,85,NON_WEEKEND,NON_WEEKEND_GAP,9,9,4,P9_C9_D4
2021-10-06 23:09:00,2021-10-06 23:13:00,4.0,2021-10-06,2021-10-06,2021,2021,Wednesday,Wednesday,23:09,23:13,1389,1393,NON_WEEKEND,NON_WEEKEND_GAP,134,134,4,P134_C134_D4
2021-10-06 23:25:00,2021-10-06 23:31:00,6.0,2021-10-06,2021-10-06,2021,2021,Wednesday,Wednesday,23:25,23:31,1405,1411,NON_WEEKEND,NON_WEEKEND_GAP,136,135,6,P136_C135_D6
2021-10-07 04:19:00,2021-10-07 04:24:00,5.0,2021-10-07,2021-10-07,2021,2021,Thursday,Thursday,04:19,04:24,259,264,NON_WEEKEND,NON_WEEKEND_GAP,26,27,4,P26_C27_D4
2021-10-07 04:38:00,2021-10-07 04:42:00,4.0,2021-10-07,2021-10-07,2021,2021,Thursday,Thursday,04:38,04:42,278,282,NON_WEEKEND,NON_WEEKEND_GAP,28,29,4,P28_C29_D4
2021-10-07 09:33:00,2021-10-07 09:35:00,2.0,2021-10-07,2021-10-07,2021,2021,Thursday,Thursday,09:33,09:35,573,575,NON_WEEKEND,NON_WEEKEND_GAP,58,58,2,P58_C58_D2
2021-10-07 20:08:00,2021-10-07 20:12:00,4.0,2021-10-07,2021-10-07,2021,2021,Thursday,Thursday,20:08,20:12,1208,1212,NON_WEEKEND,NON_WEEKEND_GAP,116,116,4,P116_C116_D4
2021-10-07 20:20:00,2021-10-07 20:26:00,6.0,2021-10-07,2021-10-07,2021,2021,Thursday,Thursday,20:20,20:26,1220,1226,NON_WEEKEND,NON_WEEKEND_GAP,118,117,6,P118_C117_D6
2021-10-07 21:11:00,2021-10-07 21:22:00,11.0,2021-10-07,2021-10-07,2021,2021,Thursday,Thursday,21:11,21:22,1271,1282,NON_WEEKEND,NON_WEEKEND_GAP,123,123,12,P123_C123_D12
2021-10-07 22:24:00,2021-10-07 22:30:00,6.0,2021-10-07,2021-10-07,2021,2021,Thursday,Thursday,22:24,22:30,1344,1350,NON_WEEKEND,NON_WEEKEND_GAP,130,129,6,P130_C129_D6
2021-10-07 22:32:00,2021-10-07 22:39:00,7.0,2021-10-07,2021-10-07,2021,2021,Thursday,Thursday,22:32,22:39,1352,1359,NON_WEEKEND,NON_WEEKEND_GAP,131,130,8,P131_C130_D8
2021-10-07 23:17:00,2021-10-07 23:24:00,7.0,2021-10-07,2021-10-07,2021,2021,Thursday,Thursday,23:17,23:24,1397,1404,NON_WEEKEND,NON_WEEKEND_GAP,135,135,8,P135_C135_D8
2021-10-08 04:49:00,2021-10-08 04:52:00,3.0,2021-10-08,2021-10-08,2021,2021,Friday,Friday,04:49,04:52,289,292,NON_WEEKEND,NON_WEEKEND_GAP,29,30,4,P29_C30_D4
2021-10-08 10:06:00,2021-10-08 10:08:00,2.0,2021-10-08,2021-10-08,2021,2021,Friday,Friday,10:06,10:08,606,608,NON_WEEKEND,NON_WEEKEND_GAP,61,61,2,P61_C61_D2
2021-10-08 10:16:00,2021-10-08 10:18:00,2.0,2021-10-08,2021-10-08,2021,2021,Friday,Friday,10:16,10:18,616,618,NON_WEEKEND,NON_WEEKEND_GAP,62,62,2,P62_C62_D2
2021-10-08 10:27:00,2021-10-08 10:30:00,3.0,2021-10-08,2021-10-08,2021,2021,Friday,Friday,10:27,10:30,627,630,NON_WEEKEND,NON_WEEKEND_GAP,63,63,4,P63_C63_D4
2021-10-08 11:09:00,2021-10-08 11:11:00,2.0,2021-10-08,2021-10-08,2021,2021,Friday,Friday,11:09,11:11,669,671,NON_WEEKEND,NON_WEEKEND_GAP,67,67,2,P67_C67_D2
2021-10-08 15:38:00,2021-10-08 15:40:00,2.0,2021-10-08,2021-10-08,2021,2021,Friday,Friday,15:38,15:40,938,940,NON_WEEKEND,NON_WEEKEND_GAP,90,90,2,P90_C90_D2
2021-10-08 18:24:00,2021-10-08 18:27:00,3.0,2021-10-08,2021-10-08,2021,2021,Friday,Friday,18:24,18:27,1104,1107,NON_WEEKEND,NON_WEEKEND_GAP,106,105,4,P106_C105_D4
2021-10-08 19:09:00,2021-10-08 19:11:00,2.0,2021-10-08,2021-10-08,2021,2021,Friday,Friday,19:09,19:11,1149,1151,NON_WEEKEND,NON_WEEKEND_GAP,111,109,2,P111_C109_D2
2021-10-08 20:08:00,2021-10-08 20:13:00,5.0,2021-10-08,2021-10-08,2021,2021,Friday,Friday,20:08,20:13,1208,1213,NON_WEEKEND,NON_WEEKEND_GAP,116,116,4,P116_C116_D4
2021-10-08 20:22:00,2021-10-08 20:28:00,6.0,2021-10-08,2021-10-08,2021,2021,Friday,Friday,20:22,20:28,1222,1228,NON_WEEKEND,NON_WEEKEND_GAP,118,117,6,P118_C117_D6
2021-10-10 21:00:00,2021-10-10 21:14:00,14.0,2021-10-10,2021-10-10,2021,2021,Sunday,Sunday,21:00,21:14,1260,1274,NON_WEEKEND,NON_WEEKEND_GAP,122,122,14,P122_C122_D14
2021-10-10 21:33:00,2021-10-10 21:42:00,9.0,2021-10-10,2021-10-10,2021,2021,Sunday,Sunday,21:33,21:42,1293,1302,NON_WEEKEND,NON_WEEKEND_GAP,125,125,8,P125_C125_D8
2021-10-10 21:42:00,2021-10-10 22:00:00,18.0,2021-10-10,2021-10-10,2021,2021,Sunday,Sunday,21:42,22:00,1302,1320,NON_WEEKEND,NON_WEEKEND_GAP,126,126,18,P126_C126_D18
2021-10-10 23:25:00,2021-10-10 23:31:00,6.0,2021-10-10,2021-10-10,2021,2021,Sunday,Sunday,23:25,23:31,1405,1411,NON_WEEKEND,NON_WEEKEND_GAP,136,135,6,P136_C135_D6
2021-10-11 00:36:00,2021-10-11 00:41:00,5.0,2021-10-11,2021-10-11,2021,2021,Monday,Monday,00:36,00:41,36,41,NON_WEEKEND,NON_WEEKEND_GAP,4,5,4,P4_C5_D4
2021-10-11 04:49:00,2021-10-11 04:52:00,3.0,2021-10-11,2021-10-11,2021,2021,Monday,Monday,04:49,04:52,289,292,NON_WEEKEND,NON_WEEKEND_GAP,29,30,4,P29_C30_D4
2021-10-11 05:50:00,2021-10-11 05:53:00,3.0,2021-10-11,2021-10-11,2021,2021,Monday,Monday,05:50,05:53,350,353,NON_WEEKEND,NON_WEEKEND_GAP,36,36,4,P36_C36_D4
2021-10-11 18:10:00,2021-10-11 18:13:00,3.0,2021-10-11,2021-10-11,2021,2021,Monday,Monday,18:10,18:13,1090,1093,NON_WEEKEND,NON_WEEKEND_GAP,105,104,4,P105_C104_D4
2021-10-11 21:08:00,2021-10-11 21:14:00,6.0,2021-10-11,2021-10-11,2021,2021,Monday,Monday,21:08,21:14,1268,1274,NON_WEEKEND,NON_WEEKEND_GAP,122,122,6,P122_C122_D6
2021-10-11 22:31:00,2021-10-11 22:37:00,6.0,2021-10-11,2021-10-11,2021,2021,Monday,Monday,22:31,22:37,1351,1357,NON_WEEKEND,NON_WEEKEND_GAP,131,130,6,P131_C130_D6
2021-10-11 22:49:00,2021-10-11 22:59:00,10.0,2021-10-11,2021-10-11,2021,2021,Monday,Monday,22:49,22:59,1369,1379,NON_WEEKEND,NON_WEEKEND_GAP,132,132,10,P132_C132_D10
2021-10-11 23:04:00,2021-10-11 23:10:00,6.0,2021-10-11,2021-10-11,2021,2021,Monday,Monday,23:04,23:10,1384,1390,NON_WEEKEND,NON_WEEKEND_GAP,134,133,6,P134_C133_D6
2021-10-11 23:49:00,2021-10-11 23:52:00,3.0,2021-10-11,2021-10-11,2021,2021,Monday,Monday,23:49,23:52,1429,1432,NON_WEEKEND,NON_WEEKEND_GAP,138,138,4,P138_C138_D4
2021-10-12 02:25:00,2021-10-12 02:28:00,3.0,2021-10-12,2021-10-12,2021,2021,Tuesday,Tuesday,02:25,02:28,145,148,NON_WEEKEND,NON_WEEKEND_GAP,15,15,4,P15_C15_D4
2021-10-12 03:28:00,2021-10-12 03:32:00,4.0,2021-10-12,2021-10-12,2021,2021,Tuesday,Tuesday,03:28,03:32,208,212,NON_WEEKEND,NON_WEEKEND_GAP,21,22,4,P21_C22_D4
2021-10-12 11:08:00,2021-10-12 11:11:00,3.0,2021-10-12,2021-10-12,2021,2021,Tuesday,Tuesday,11:08,11:11,668,671,NON_WEEKEND,NON_WEEKEND_GAP,66,67,4,P66_C67_D4
2021-10-12 11:11:00,2021-10-12 11:13:00,2.0,2021-10-12,2021-10-12,2021,2021,Tuesday,Tuesday,11:11,11:13,671,673,NON_WEEKEND,NON_WEEKEND_GAP,67,67,2,P67_C67_D2
2021-10-12 21:49:00,2021-10-12 21:52:00,3.0,2021-10-12,2021-10-12,2021,2021,Tuesday,Tuesday,21:49,21:52,1309,1312,NON_WEEKEND,NON_WEEKEND_GAP,126,126,4,P126_C126_D4
2021-10-12 23:49:00,2021-10-12 23:52:00,3.0,2021-10-12,2021-10-12,2021,2021,Tuesday,Tuesday,23:49,23:52,1429,1432,NON_WEEKEND,NON_WEEKEND_GAP,138,138,4,P138_C138_D4
2021-10-13 02:14:00,2021-10-13 02:21:00,7.0,2021-10-13,2021-10-13,2021,2021,Wednesday,Wednesday,02:14,02:21,134,141,NON_WEEKEND,NON_WEEKEND_GAP,14,14,8,P14_C14_D8
2021-10-13 05:19:00,2021-10-13 05:22:00,3.0,2021-10-13,2021-10-13,2021,2021,Wednesday,Wednesday,05:19,05:22,319,322,NON_WEEKEND,NON_WEEKEND_GAP,32,33,4,P32_C33_D4
2021-10-13 22:15:00,2021-10-13 22:21:00,6.0,2021-10-13,2021-10-13,2021,2021,Wednesday,Wednesday,22:15,22:21,1335,1341,NON_WEEKEND,NON_WEEKEND_GAP,129,128,6,P129_C128_D6
2021-10-13 22:27:00,2021-10-13 22:34:00,7.0,2021-10-13,2021-10-13,2021,2021,Wednesday,Wednesday,22:27,22:34,1347,1354,NON_WEEKEND,NON_WEEKEND_GAP,130,130,8,P130_C130_D8
2021-10-13 23:06:00,2021-10-13 23:13:00,7.0,2021-10-13,2021-10-13,2021,2021,Wednesday,Wednesday,23:06,23:13,1386,1393,NON_WEEKEND,NON_WEEKEND_GAP,134,134,8,P134_C134_D8
2021-10-13 23:21:00,2021-10-13 23:28:00,7.0,2021-10-13,2021-10-13,2021,2021,Wednesday,Wednesday,23:21,23:28,1401,1408,NON_WEEKEND,NON_WEEKEND_GAP,136,135,8,P136_C135_D8
2021-10-13 23:28:00,2021-10-13 23:32:00,4.0,2021-10-13,2021-10-13,2021,2021,Wednesday,Wednesday,23:28,23:32,1408,1412,NON_WEEKEND,NON_WEEKEND_GAP,136,136,4,P136_C136_D4
2021-10-14 16:31:00,2021-10-14 16:33:00,2.0,2021-10-14,2021-10-14,2021,2021,Thursday,Thursday,16:31,16:33,991,993,NON_WEEKEND,NON_WEEKEND_GAP,95,94,2,P95_C94_D2
2021-10-14 18:18:00,2021-10-14 18:20:00,2.0,2021-10-14,2021-10-14,2021,2021,Thursday,Thursday,18:18,18:20,1098,1100,NON_WEEKEND,NON_WEEKEND_GAP,106,104,2,P106_C104_D2
2021-10-14 19:28:00,2021-10-14 19:31:00,3.0,2021-10-14,2021-10-14,2021,2021,Thursday,Thursday,19:28,19:31,1168,1171,NON_WEEKEND,NON_WEEKEND_GAP,112,111,4,P112_C111_D4
2021-10-14 20:17:00,2021-10-14 20:22:00,5.0,2021-10-14,2021-10-14,2021,2021,Thursday,Thursday,20:17,20:22,1217,1222,NON_WEEKEND,NON_WEEKEND_GAP,117,117,4,P117_C117_D4
2021-10-14 20:36:00,2021-10-14 20:43:00,7.0,2021-10-14,2021-10-14,2021,2021,Thursday,Thursday,20:36,20:43,1236,1243,NON_WEEKEND,NON_WEEKEND_GAP,119,119,8,P119_C119_D8
2021-10-14 21:16:00,2021-10-14 21:22:00,6.0,2021-10-14,2021-10-14,2021,2021,Thursday,Thursday,21:16,21:22,1276,1282,NON_WEEKEND,NON_WEEKEND_GAP,123,123,6,P123_C123_D6
2021-10-14 22:45:00,2021-10-14 22:52:00,7.0,2021-10-14,2021-10-14,2021,2021,Thursday,Thursday,22:45,22:52,1365,1372,NON_WEEKEND,NON_WEEKEND_GAP,132,132,8,P132_C132_D8
2021-10-14 23:09:00,2021-10-14 23:14:00,5.0,2021-10-14,2021-10-14,2021,2021,Thursday,Thursday,23:09,23:14,1389,1394,NON_WEEKEND,NON_WEEKEND_GAP,134,134,4,P134_C134_D4
2021-10-15 00:04:00,2021-10-15 00:07:00,3.0,2021-10-15,2021-10-15,2021,2021,Friday,Friday,00:04,00:07,4,7,NON_WEEKEND,NON_WEEKEND_GAP,1,1,4,P1_C1_D4
2021-10-15 02:10:00,2021-10-15 02:15:00,5.0,2021-10-15,2021-10-15,2021,2021,Friday,Friday,02:10,02:15,130,135,NON_WEEKEND,NON_WEEKEND_GAP,14,14,4,P14_C14_D4
2021-10-15 04:09:00,2021-10-15 04:12:00,3.0,2021-10-15,2021-10-15,2021,2021,Friday,Friday,04:09,04:12,249,252,NON_WEEKEND,NON_WEEKEND_GAP,25,26,4,P25_C26_D4
2021-10-15 17:42:00,2021-10-15 17:45:00,3.0,2021-10-15,2021-10-15,2021,2021,Friday,Friday,17:42,17:45,1062,1065,NON_WEEKEND,NON_WEEKEND_GAP,102,101,4,P102_C101_D4
2021-10-15 19:46:00,2021-10-15 19:49:00,3.0,2021-10-15,2021-10-15,2021,2021,Friday,Friday,19:46,19:49,1186,1189,NON_WEEKEND,NON_WEEKEND_GAP,114,113,4,P114_C113_D4
2021-10-17 21:00:00,2021-10-17 21:08:00,8.0,2021-10-17,2021-10-17,2021,2021,Sunday,Sunday,21:00,21:08,1260,1268,NON_WEEKEND,NON_WEEKEND_GAP,122,121,8,P122_C121_D8
2021-10-17 21:11:00,2021-10-17 21:17:00,6.0,2021-10-17,2021-10-17,2021,2021,Sunday,Sunday,21:11,21:17,1271,1277,NON_WEEKEND,NON_WEEKEND_GAP,123,122,6,P123_C122_D6
2021-10-17 21:18:00,2021-10-17 21:27:00,9.0,2021-10-17,2021-10-17,2021,2021,Sunday,Sunday,21:18,21:27,1278,1287,NON_WEEKEND,NON_WEEKEND_GAP,123,123,8,P123_C123_D8
2021-10-17 22:52:00,2021-10-17 22:59:00,7.0,2021-10-17,2021-10-17,2021,2021,Sunday,Sunday,22:52,22:59,1372,1379,NON_WEEKEND,NON_WEEKEND_GAP,133,132,8,P133_C132_D8
2021-10-17 23:48:00,2021-10-17 23:57:00,9.0,2021-10-17,2021-10-17,2021,2021,Sunday,Sunday,23:48,23:57,1428,1437,NON_WEEKEND,NON_WEEKEND_GAP,138,138,8,P138_C138_D8
2021-10-18 01:54:00,2021-10-18 01:58:00,4.0,2021-10-18,2021-10-18,2021,2021,Monday,Monday,01:54,01:58,114,118,NON_WEEKEND,NON_WEEKEND_GAP,12,12,4,P12_C12_D4
2021-10-18 20:05:00,2021-10-18 20:11:00,6.0,2021-10-18,2021-10-18,2021,2021,Monday,Monday,20:05,20:11,1205,1211,NON_WEEKEND,NON_WEEKEND_GAP,116,115,6,P116_C115_D6
2021-10-18 20:31:00,2021-10-18 20:39:00,8.0,2021-10-18,2021-10-18,2021,2021,Monday,Monday,20:31,20:39,1231,1239,NON_WEEKEND,NON_WEEKEND_GAP,119,118,8,P119_C118_D8
2021-10-18 21:06:00,2021-10-18 21:14:00,8.0,2021-10-18,2021-10-18,2021,2021,Monday,Monday,21:06,21:14,1266,1274,NON_WEEKEND,NON_WEEKEND_GAP,122,122,8,P122_C122_D8
2021-10-18 21:14:00,2021-10-18 21:20:00,6.0,2021-10-18,2021-10-18,2021,2021,Monday,Monday,21:14,21:20,1274,1280,NON_WEEKEND,NON_WEEKEND_GAP,123,122,6,P123_C122_D6
2021-10-18 22:27:00,2021-10-18 22:32:00,5.0,2021-10-18,2021-10-18,2021,2021,Monday,Monday,22:27,22:32,1347,1352,NON_WEEKEND,NON_WEEKEND_GAP,130,130,4,P130_C130_D4
2021-10-18 23:19:00,2021-10-18 23:22:00,3.0,2021-10-18,2021-10-18,2021,2021,Monday,Monday,23:19,23:22,1399,1402,NON_WEEKEND,NON_WEEKEND_GAP,135,135,4,P135_C135_D4
2021-10-19 09:51:00,2021-10-19 09:53:00,2.0,2021-10-19,2021-10-19,2021,2021,Tuesday,Tuesday,09:51,09:53,591,593,NON_WEEKEND,NON_WEEKEND_GAP,60,60,2,P60_C60_D2
2021-10-19 21:05:00,2021-10-19 21:14:00,9.0,2021-10-19,2021-10-19,2021,2021,Tuesday,Tuesday,21:05,21:14,1265,1274,NON_WEEKEND,NON_WEEKEND_GAP,122,122,8,P122_C122_D8
2021-10-19 22:32:00,2021-10-19 22:39:00,7.0,2021-10-19,2021-10-19,2021,2021,Tuesday,Tuesday,22:32,22:39,1352,1359,NON_WEEKEND,NON_WEEKEND_GAP,131,130,8,P131_C130_D8
2021-10-19 22:59:00,2021-10-19 23:05:00,6.0,2021-10-19,2021-10-19,2021,2021,Tuesday,Tuesday,22:59,23:05,1379,1385,NON_WEEKEND,NON_WEEKEND_GAP,133,133,6,P133_C133_D6
2021-10-19 23:48:00,2021-10-19 23:54:00,6.0,2021-10-19,2021-10-19,2021,2021,Tuesday,Tuesday,23:48,23:54,1428,1434,NON_WEEKEND,NON_WEEKEND_GAP,138,138,6,P138_C138_D6
2021-10-20 21:17:00,2021-10-20 21:23:00,6.0,2021-10-20,2021-10-20,2021,2021,Wednesday,Wednesday,21:17,21:23,1277,1283,NON_WEEKEND,NON_WEEKEND_GAP,123,123,6,P123_C123_D6
2021-10-20 22:15:00,2021-10-20 22:25:00,10.0,2021-10-20,2021-10-20,2021,2021,Wednesday,Wednesday,22:15,22:25,1335,1345,NON_WEEKEND,NON_WEEKEND_GAP,129,129,10,P129_C129_D10
2021-10-20 23:10:00,2021-10-20 23:16:00,6.0,2021-10-20,2021-10-20,2021,2021,Wednesday,Wednesday,23:10,23:16,1390,1396,NON_WEEKEND,NON_WEEKEND_GAP,135,134,6,P135_C134_D6
2021-10-20 23:34:00,2021-10-20 23:40:00,6.0,2021-10-20,2021-10-20,2021,2021,Wednesday,Wednesday,23:34,23:40,1414,1420,NON_WEEKEND,NON_WEEKEND_GAP,137,136,6,P137_C136_D6
2021-10-21 02:31:00,2021-10-21 02:34:00,3.0,2021-10-21,2021-10-21,2021,2021,Thursday,Thursday,02:31,02:34,151,154,NON_WEEKEND,NON_WEEKEND_GAP,16,16,4,P16_C16_D4
2021-10-21 17:13:00,2021-10-21 17:15:00,2.0,2021-10-21,2021-10-21,2021,2021,Thursday,Thursday,17:13,17:15,1033,1035,NON_WEEKEND,NON_WEEKEND_GAP,99,98,2,P99_C98_D2
2021-10-21 17:25:00,2021-10-21 17:28:00,3.0,2021-10-21,2021-10-21,2021,2021,Thursday,Thursday,17:25,17:28,1045,1048,NON_WEEKEND,NON_WEEKEND_GAP,101,100,4,P101_C100_D4
2021-10-21 18:18:00,2021-10-21 18:20:00,2.0,2021-10-21,2021-10-21,2021,2021,Thursday,Thursday,18:18,18:20,1098,1100,NON_WEEKEND,NON_WEEKEND_GAP,106,104,2,P106_C104_D2
2021-10-22 03:49:00,2021-10-22 03:52:00,3.0,2021-10-22,2021-10-22,2021,2021,Friday,Friday,03:49,03:52,229,232,NON_WEEKEND,NON_WEEKEND_GAP,23,24,4,P23_C24_D4
2021-10-22 04:49:00,2021-10-22 04:55:00,6.0,2021-10-22,2021-10-22,2021,2021,Friday,Friday,04:49,04:55,289,295,NON_WEEKEND,NON_WEEKEND_GAP,29,30,6,P29_C30_D6
2021-10-22 10:21:00,2021-10-22 10:23:00,2.0,2021-10-22,2021-10-22,2021,2021,Friday,Friday,10:21,10:23,621,623,NON_WEEKEND,NON_WEEKEND_GAP,62,62,2,P62_C62_D2
2021-10-24 23:21:00,2021-10-24 23:27:00,6.0,2021-10-24,2021-10-24,2021,2021,Sunday,Sunday,23:21,23:27,1401,1407,NON_WEEKEND,NON_WEEKEND_GAP,136,135,6,P136_C135_D6
2021-10-25 00:38:00,2021-10-25 00:41:00,3.0,2021-10-25,2021-10-25,2021,2021,Monday,Monday,00:38,00:41,38,41,NON_WEEKEND,NON_WEEKEND_GAP,4,5,4,P4_C5_D4
2021-10-25 04:39:00,2021-10-25 04:42:00,3.0,2021-10-25,2021-10-25,2021,2021,Monday,Monday,04:39,04:42,279,282,NON_WEEKEND,NON_WEEKEND_GAP,28,29,4,P28_C29_D4
2021-10-25 09:53:00,2021-10-25 09:55:00,2.0,2021-10-25,2021-10-25,2021,2021,Monday,Monday,09:53,09:55,593,595,NON_WEEKEND,NON_WEEKEND_GAP,60,60,2,P60_C60_D2
2021-10-25 19:36:00,2021-10-25 19:39:00,3.0,2021-10-25,2021-10-25,2021,2021,Monday,Monday,19:36,19:39,1176,1179,NON_WEEKEND,NON_WEEKEND_GAP,113,112,4,P113_C112_D4
2021-10-25 20:18:00,2021-10-25 20:22:00,4.0,2021-10-25,2021-10-25,2021,2021,Monday,Monday,20:18,20:22,1218,1222,NON_WEEKEND,NON_WEEKEND_GAP,117,117,4,P117_C117_D4
2021-10-25 21:48:00,2021-10-25 21:53:00,5.0,2021-10-25,2021-10-25,2021,2021,Monday,Monday,21:48,21:53,1308,1313,NON_WEEKEND,NON_WEEKEND_GAP,126,126,4,P126_C126_D4
2021-10-25 22:10:00,2021-10-25 22:17:00,7.0,2021-10-25,2021-10-25,2021,2021,Monday,Monday,22:10,22:17,1330,1337,NON_WEEKEND,NON_WEEKEND_GAP,129,128,8,P129_C128_D8
2021-10-25 22:24:00,2021-10-25 22:40:00,16.0,2021-10-25,2021-10-25,2021,2021,Monday,Monday,22:24,22:40,1344,1360,NON_WEEKEND,NON_WEEKEND_GAP,130,130,16,P130_C130_D16
2021-10-25 23:25:00,2021-10-25 23:31:00,6.0,2021-10-25,2021-10-25,2021,2021,Monday,Monday,23:25,23:31,1405,1411,NON_WEEKEND,NON_WEEKEND_GAP,136,135,6,P136_C135_D6
2021-10-25 23:31:00,2021-10-25 23:40:00,9.0,2021-10-25,2021-10-25,2021,2021,Monday,Monday,23:31,23:40,1411,1420,NON_WEEKEND,NON_WEEKEND_GAP,137,136,8,P137_C136_D8
2021-10-26 02:32:00,2021-10-26 02:35:00,3.0,2021-10-26,2021-10-26,2021,2021,Tuesday,Tuesday,02:32,02:35,152,155,NON_WEEKEND,NON_WEEKEND_GAP,16,16,4,P16_C16_D4
2021-10-26 04:23:00,2021-10-26 04:29:00,6.0,2021-10-26,2021-10-26,2021,2021,Tuesday,Tuesday,04:23,04:29,263,269,NON_WEEKEND,NON_WEEKEND_GAP,27,27,6,P27_C27_D6
2021-10-26 04:33:00,2021-10-26 04:40:00,7.0,2021-10-26,2021-10-26,2021,2021,Tuesday,Tuesday,04:33,04:40,273,280,NON_WEEKEND,NON_WEEKEND_GAP,28,28,8,P28_C28_D8
2021-10-26 05:00:00,2021-10-26 05:04:00,4.0,2021-10-26,2021-10-26,2021,2021,Tuesday,Tuesday,05:00,05:04,300,304,NON_WEEKEND,NON_WEEKEND_GAP,31,31,4,P31_C31_D4
2021-10-26 20:13:00,2021-10-26 20:20:00,7.0,2021-10-26,2021-10-26,2021,2021,Tuesday,Tuesday,20:13,20:20,1213,1220,NON_WEEKEND,NON_WEEKEND_GAP,117,116,8,P117_C116_D8
2021-10-26 20:22:00,2021-10-26 20:28:00,6.0,2021-10-26,2021-10-26,2021,2021,Tuesday,Tuesday,20:22,20:28,1222,1228,NON_WEEKEND,NON_WEEKEND_GAP,118,117,6,P118_C117_D6
2021-10-26 21:11:00,2021-10-26 21:20:00,9.0,2021-10-26,2021-10-26,2021,2021,Tuesday,Tuesday,21:11,21:20,1271,1280,NON_WEEKEND,NON_WEEKEND_GAP,123,122,8,P123_C122_D8
2021-10-26 22:25:00,2021-10-26 22:32:00,7.0,2021-10-26,2021-10-26,2021,2021,Tuesday,Tuesday,22:25,22:32,1345,1352,NON_WEEKEND,NON_WEEKEND_GAP,130,130,8,P130_C130_D8
2021-10-26 23:19:00,2021-10-26 23:22:00,3.0,2021-10-26,2021-10-26,2021,2021,Tuesday,Tuesday,23:19,23:22,1399,1402,NON_WEEKEND,NON_WEEKEND_GAP,135,135,4,P135_C135_D4
2021-10-27 22:15:00,2021-10-27 22:22:00,7.0,2021-10-27,2021-10-27,2021,2021,Wednesday,Wednesday,22:15,22:22,1335,1342,NON_WEEKEND,NON_WEEKEND_GAP,129,129,8,P129_C129_D8
2021-10-27 23:18:00,2021-10-27 23:27:00,9.0,2021-10-27,2021-10-27,2021,2021,Wednesday,Wednesday,23:18,23:27,1398,1407,NON_WEEKEND,NON_WEEKEND_GAP,135,135,8,P135_C135_D8
2021-10-27 23:33:00,2021-10-27 23:39:00,6.0,2021-10-27,2021-10-27,2021,2021,Wednesday,Wednesday,23:33,23:39,1413,1419,NON_WEEKEND,NON_WEEKEND_GAP,137,136,6,P137_C136_D6
2021-10-29 02:15:00,2021-10-29 02:18:00,3.0,2021-10-29,2021-10-29,2021,2021,Friday,Friday,02:15,02:18,135,138,NON_WEEKEND,NON_WEEKEND_GAP,14,14,4,P14_C14_D4
2021-10-29 02:31:00,2021-10-29 02:34:00,3.0,2021-10-29,2021-10-29,2021,2021,Friday,Friday,02:31,02:34,151,154,NON_WEEKEND,NON_WEEKEND_GAP,16,16,4,P16_C16_D4
2021-10-29 04:39:00,2021-10-29 04:43:00,4.0,2021-10-29,2021-10-29,2021,2021,Friday,Friday,04:39,04:43,279,283,NON_WEEKEND,NON_WEEKEND_GAP,28,29,4,P28_C29_D4
2021-10-29 05:35:00,2021-10-29 05:38:00,3.0,2021-10-29,2021-10-29,2021,2021,Friday,Friday,05:35,05:38,335,338,NON_WEEKEND,NON_WEEKEND_GAP,34,34,4,P34_C34_D4
2021-10-31 21:25:00,2021-10-31 21:34:00,9.0,2021-10-31,2021-10-31,2021,2021,Sunday,Sunday,21:25,21:34,1285,1294,NON_WEEKEND,NON_WEEKEND_GAP,124,124,8,P124_C124_D8
2021-10-31 21:34:00,2021-10-31 21:46:00,12.0,2021-10-31,2021-10-31,2021,2021,Sunday,Sunday,21:34,21:46,1294,1306,NON_WEEKEND,NON_WEEKEND_GAP,125,125,12,P125_C125_D12
2021-11-01 05:33:00,2021-11-01 05:36:00,3.0,2021-11-01,2021-11-01,2021,2021,Monday,Monday,05:33,05:36,333,336,NON_WEEKEND,NON_WEEKEND_GAP,34,34,4,P34_C34_D4
2021-11-01 10:20:00,2021-11-01 10:22:00,2.0,2021-11-01,2021-11-01,2021,2021,Monday,Monday,10:20,10:22,620,622,NON_WEEKEND,NON_WEEKEND_GAP,62,62,2,P62_C62_D2
2021-11-01 10:43:00,2021-11-01 10:45:00,2.0,2021-11-01,2021-11-01,2021,2021,Monday,Monday,10:43,10:45,643,645,NON_WEEKEND,NON_WEEKEND_GAP,64,64,2,P64_C64_D2
2021-11-01 22:29:00,2021-11-01 22:32:00,3.0,2021-11-01,2021-11-01,2021,2021,Monday,Monday,22:29,22:32,1349,1352,NON_WEEKEND,NON_WEEKEND_GAP,130,130,4,P130_C130_D4
2021-11-02 00:48:00,2021-11-02 00:50:00,2.0,2021-11-02,2021-11-02,2021,2021,Tuesday,Tuesday,00:48,00:50,48,50,NON_WEEKEND,NON_WEEKEND_GAP,5,6,2,P5_C6_D2
2021-11-02 02:19:00,2021-11-02 02:22:00,3.0,2021-11-02,2021-11-02,2021,2021,Tuesday,Tuesday,02:19,02:22,139,142,NON_WEEKEND,NON_WEEKEND_GAP,14,15,4,P14_C15_D4
2021-11-02 02:33:00,2021-11-02 02:36:00,3.0,2021-11-02,2021-11-02,2021,2021,Tuesday,Tuesday,02:33,02:36,153,156,NON_WEEKEND,NON_WEEKEND_GAP,16,16,4,P16_C16_D4
2021-11-02 04:14:00,2021-11-02 04:21:00,7.0,2021-11-02,2021-11-02,2021,2021,Tuesday,Tuesday,04:14,04:21,254,261,NON_WEEKEND,NON_WEEKEND_GAP,26,26,8,P26_C26_D8
2021-11-02 11:04:00,2021-11-02 11:06:00,2.0,2021-11-02,2021-11-02,2021,2021,Tuesday,Tuesday,11:04,11:06,664,666,NON_WEEKEND,NON_WEEKEND_GAP,66,67,2,P66_C67_D2
2021-11-02 20:19:00,2021-11-02 20:22:00,3.0,2021-11-02,2021-11-02,2021,2021,Tuesday,Tuesday,20:19,20:22,1219,1222,NON_WEEKEND,NON_WEEKEND_GAP,117,117,4,P117_C117_D4
2021-11-02 21:14:00,2021-11-02 21:43:00,29.0,2021-11-02,2021-11-02,2021,2021,Tuesday,Tuesday,21:14,21:43,1274,1303,NON_WEEKEND,NON_WEEKEND_GAP,123,125,28,P123_C125_D28
2021-11-02 23:17:00,2021-11-02 23:23:00,6.0,2021-11-02,2021-11-02,2021,2021,Tuesday,Tuesday,23:17,23:23,1397,1403,NON_WEEKEND,NON_WEEKEND_GAP,135,135,6,P135_C135_D6
2021-11-03 00:16:00,2021-11-03 00:21:00,5.0,2021-11-03,2021-11-03,2021,2021,Wednesday,Wednesday,00:16,00:21,16,21,NON_WEEKEND,NON_WEEKEND_GAP,2,3,4,P2_C3_D4
2021-11-03 01:06:00,2021-11-03 01:09:00,3.0,2021-11-03,2021-11-03,2021,2021,Wednesday,Wednesday,01:06,01:09,66,69,NON_WEEKEND,NON_WEEKEND_GAP,7,7,4,P7_C7_D4
2021-11-03 01:31:00,2021-11-03 01:34:00,3.0,2021-11-03,2021-11-03,2021,2021,Wednesday,Wednesday,01:31,01:34,91,94,NON_WEEKEND,NON_WEEKEND_GAP,10,10,4,P10_C10_D4
2021-11-03 02:32:00,2021-11-03 02:35:00,3.0,2021-11-03,2021-11-03,2021,2021,Wednesday,Wednesday,02:32,02:35,152,155,NON_WEEKEND,NON_WEEKEND_GAP,16,16,4,P16_C16_D4
2021-11-03 05:37:00,2021-11-03 05:40:00,3.0,2021-11-03,2021-11-03,2021,2021,Wednesday,Wednesday,05:37,05:40,337,340,NON_WEEKEND,NON_WEEKEND_GAP,34,34,4,P34_C34_D4
2021-11-03 05:43:00,2021-11-03 05:49:00,6.0,2021-11-03,2021-11-03,2021,2021,Wednesday,Wednesday,05:43,05:49,343,349,NON_WEEKEND,NON_WEEKEND_GAP,35,35,6,P35_C35_D6
2021-11-03 06:29:00,2021-11-03 06:32:00,3.0,2021-11-03,2021-11-03,2021,2021,Wednesday,Wednesday,06:29,06:32,389,392,NON_WEEKEND,NON_WEEKEND_GAP,39,40,4,P39_C40_D4
2021-11-03 06:50:00,2021-11-03 06:54:00,4.0,2021-11-03,2021-11-03,2021,2021,Wednesday,Wednesday,06:50,06:54,410,414,NON_WEEKEND,NON_WEEKEND_GAP,42,42,4,P42_C42_D4
2021-11-03 10:32:00,2021-11-03 10:34:00,2.0,2021-11-03,2021-11-03,2021,2021,Wednesday,Wednesday,10:32,10:34,632,634,NON_WEEKEND,NON_WEEKEND_GAP,63,63,2,P63_C63_D2
2021-11-03 21:17:00,2021-11-03 21:23:00,6.0,2021-11-03,2021-11-03,2021,2021,Wednesday,Wednesday,21:17,21:23,1277,1283,NON_WEEKEND,NON_WEEKEND_GAP,123,123,6,P123_C123_D6
2021-11-03 23:18:00,2021-11-03 23:24:00,6.0,2021-11-03,2021-11-03,2021,2021,Wednesday,Wednesday,23:18,23:24,1398,1404,NON_WEEKEND,NON_WEEKEND_GAP,135,135,6,P135_C135_D6
2021-11-04 01:10:00,2021-11-04 01:13:00,3.0,2021-11-04,2021-11-04,2021,2021,Thursday,Thursday,01:10,01:13,70,73,NON_WEEKEND,NON_WEEKEND_GAP,8,8,4,P8_C8_D4
2021-11-04 20:20:00,2021-11-04 20:26:00,6.0,2021-11-04,2021-11-04,2021,2021,Thursday,Thursday,20:20,20:26,1220,1226,NON_WEEKEND,NON_WEEKEND_GAP,118,117,6,P118_C117_D6
2021-11-04 21:22:00,2021-11-04 21:31:00,9.0,2021-11-04,2021-11-04,2021,2021,Thursday,Thursday,21:22,21:31,1282,1291,NON_WEEKEND,NON_WEEKEND_GAP,124,123,8,P124_C123_D8
2021-11-04 23:09:00,2021-11-04 23:12:00,3.0,2021-11-04,2021-11-04,2021,2021,Thursday,Thursday,23:09,23:12,1389,1392,NON_WEEKEND,NON_WEEKEND_GAP,134,134,4,P134_C134_D4
2021-11-04 23:19:00,2021-11-04 23:24:00,5.0,2021-11-04,2021-11-04,2021,2021,Thursday,Thursday,23:19,23:24,1399,1404,NON_WEEKEND,NON_WEEKEND_GAP,135,135,4,P135_C135_D4
2021-11-04 23:28:00,2021-11-04 23:32:00,4.0,2021-11-04,2021-11-04,2021,2021,Thursday,Thursday,23:28,23:32,1408,1412,NON_WEEKEND,NON_WEEKEND_GAP,136,136,4,P136_C136_D4
2021-11-05 04:19:00,2021-11-05 04:22:00,3.0,2021-11-05,2021-11-05,2021,2021,Friday,Friday,04:19,04:22,259,262,NON_WEEKEND,NON_WEEKEND_GAP,26,27,4,P26_C27_D4
2021-11-05 04:39:00,2021-11-05 04:43:00,4.0,2021-11-05,2021-11-05,2021,2021,Friday,Friday,04:39,04:43,279,283,NON_WEEKEND,NON_WEEKEND_GAP,28,29,4,P28_C29_D4
2021-11-05 05:29:00,2021-11-05 05:32:00,3.0,2021-11-05,2021-11-05,2021,2021,Friday,Friday,05:29,05:32,329,332,NON_WEEKEND,NON_WEEKEND_GAP,33,34,4,P33_C34_D4
2021-11-05 05:42:00,2021-11-05 05:48:00,6.0,2021-11-05,2021-11-05,2021,2021,Friday,Friday,05:42,05:48,342,348,NON_WEEKEND,NON_WEEKEND_GAP,35,35,6,P35_C35_D6
2021-11-05 06:56:00,2021-11-05 06:59:00,3.0,2021-11-05,2021-11-05,2021,2021,Friday,Friday,06:56,06:59,416,419,NON_WEEKEND,NON_WEEKEND_GAP,42,42,4,P42_C42_D4
2021-11-05 10:26:00,2021-11-05 10:28:00,2.0,2021-11-05,2021-11-05,2021,2021,Friday,Friday,10:26,10:28,626,628,NON_WEEKEND,NON_WEEKEND_GAP,63,63,2,P63_C63_D2
2021-11-07 22:16:00,2021-11-07 22:24:00,8.0,2021-11-07,2021-11-07,2021,2021,Sunday,Sunday,22:16,22:24,1336,1344,NON_WEEKEND,NON_WEEKEND_GAP,129,129,8,P129_C129_D8
2021-11-08 01:26:00,2021-11-08 01:29:00,3.0,2021-11-08,2021-11-08,2021,2021,Monday,Monday,01:26,01:29,86,89,NON_WEEKEND,NON_WEEKEND_GAP,9,9,4,P9_C9_D4
2021-11-08 03:49:00,2021-11-08 03:56:00,7.0,2021-11-08,2021-11-08,2021,2021,Monday,Monday,03:49,03:56,229,236,NON_WEEKEND,NON_WEEKEND_GAP,23,24,8,P23_C24_D8
2021-11-08 05:19:00,2021-11-08 05:22:00,3.0,2021-11-08,2021-11-08,2021,2021,Monday,Monday,05:19,05:22,319,322,NON_WEEKEND,NON_WEEKEND_GAP,32,33,4,P32_C33_D4
2021-11-08 05:49:00,2021-11-08 05:52:00,3.0,2021-11-08,2021-11-08,2021,2021,Monday,Monday,05:49,05:52,349,352,NON_WEEKEND,NON_WEEKEND_GAP,35,36,4,P35_C36_D4
2021-11-08 07:20:00,2021-11-08 07:22:00,2.0,2021-11-08,2021-11-08,2021,2021,Monday,Monday,07:20,07:22,440,442,NON_WEEKEND,NON_WEEKEND_GAP,44,44,2,P44_C44_D2
2021-11-08 10:58:00,2021-11-08 11:00:00,2.0,2021-11-08,2021-11-08,2021,2021,Monday,Monday,10:58,11:00,658,660,NON_WEEKEND,NON_WEEKEND_GAP,66,66,2,P66_C66_D2
2021-11-08 21:30:00,2021-11-08 21:37:00,7.0,2021-11-08,2021-11-08,2021,2021,Monday,Monday,21:30,21:37,1290,1297,NON_WEEKEND,NON_WEEKEND_GAP,125,124,8,P125_C124_D8
2021-11-08 22:07:00,2021-11-08 22:14:00,7.0,2021-11-08,2021-11-08,2021,2021,Monday,Monday,22:07,22:14,1327,1334,NON_WEEKEND,NON_WEEKEND_GAP,128,128,8,P128_C128_D8
2021-11-08 22:14:00,2021-11-08 22:30:00,16.0,2021-11-08,2021-11-08,2021,2021,Monday,Monday,22:14,22:30,1334,1350,NON_WEEKEND,NON_WEEKEND_GAP,129,129,16,P129_C129_D16
2021-11-09 00:37:00,2021-11-09 00:40:00,3.0,2021-11-09,2021-11-09,2021,2021,Tuesday,Tuesday,00:37,00:40,37,40,NON_WEEKEND,NON_WEEKEND_GAP,4,5,4,P4_C5_D4
2021-11-09 00:49:00,2021-11-09 00:51:00,2.0,2021-11-09,2021-11-09,2021,2021,Tuesday,Tuesday,00:49,00:51,49,51,NON_WEEKEND,NON_WEEKEND_GAP,5,6,2,P5_C6_D2
2021-11-09 04:49:00,2021-11-09 04:52:00,3.0,2021-11-09,2021-11-09,2021,2021,Tuesday,Tuesday,04:49,04:52,289,292,NON_WEEKEND,NON_WEEKEND_GAP,29,30,4,P29_C30_D4
2021-11-09 12:02:00,2021-11-09 12:04:00,2.0,2021-11-09,2021-11-09,2021,2021,Tuesday,Tuesday,12:02,12:04,722,724,NON_WEEKEND,NON_WEEKEND_GAP,72,72,2,P72_C72_D2
2021-11-09 21:29:00,2021-11-09 21:32:00,3.0,2021-11-09,2021-11-09,2021,2021,Tuesday,Tuesday,21:29,21:32,1289,1292,NON_WEEKEND,NON_WEEKEND_GAP,124,124,4,P124_C124_D4
2021-11-09 22:10:00,2021-11-09 22:20:00,10.0,2021-11-09,2021-11-09,2021,2021,Tuesday,Tuesday,22:10,22:20,1330,1340,NON_WEEKEND,NON_WEEKEND_GAP,129,128,10,P129_C128_D10
2021-11-09 22:22:00,2021-11-09 22:28:00,6.0,2021-11-09,2021-11-09,2021,2021,Tuesday,Tuesday,22:22,22:28,1342,1348,NON_WEEKEND,NON_WEEKEND_GAP,130,129,6,P130_C129_D6
2021-11-09 22:35:00,2021-11-09 22:41:00,6.0,2021-11-09,2021-11-09,2021,2021,Tuesday,Tuesday,22:35,22:41,1355,1361,NON_WEEKEND,NON_WEEKEND_GAP,131,130,6,P131_C130_D6
2021-11-09 23:08:00,2021-11-09 23:15:00,7.0,2021-11-09,2021-11-09,2021,2021,Tuesday,Tuesday,23:08,23:15,1388,1395,NON_WEEKEND,NON_WEEKEND_GAP,134,134,8,P134_C134_D8
2021-11-09 23:20:00,2021-11-09 23:35:00,15.0,2021-11-09,2021-11-09,2021,2021,Tuesday,Tuesday,23:20,23:35,1400,1415,NON_WEEKEND,NON_WEEKEND_GAP,136,136,16,P136_C136_D16
2021-11-10 00:22:00,2021-11-10 00:25:00,3.0,2021-11-10,2021-11-10,2021,2021,Wednesday,Wednesday,00:22,00:25,22,25,NON_WEEKEND,NON_WEEKEND_GAP,3,3,4,P3_C3_D4
2021-11-10 00:27:00,2021-11-10 00:30:00,3.0,2021-11-10,2021-11-10,2021,2021,Wednesday,Wednesday,00:27,00:30,27,30,NON_WEEKEND,NON_WEEKEND_GAP,3,4,4,P3_C4_D4
2021-11-10 03:53:00,2021-11-10 03:59:00,6.0,2021-11-10,2021-11-10,2021,2021,Wednesday,Wednesday,03:53,03:59,233,239,NON_WEEKEND,NON_WEEKEND_GAP,24,24,6,P24_C24_D6
2021-11-10 05:00:00,2021-11-10 05:07:00,7.0,2021-11-10,2021-11-10,2021,2021,Wednesday,Wednesday,05:00,05:07,300,307,NON_WEEKEND,NON_WEEKEND_GAP,31,31,8,P31_C31_D8
2021-11-10 06:21:00,2021-11-10 06:25:00,4.0,2021-11-10,2021-11-10,2021,2021,Wednesday,Wednesday,06:21,06:25,381,385,NON_WEEKEND,NON_WEEKEND_GAP,39,39,4,P39_C39_D4
2021-11-10 23:19:00,2021-11-10 23:22:00,3.0,2021-11-10,2021-11-10,2021,2021,Wednesday,Wednesday,23:19,23:22,1399,1402,NON_WEEKEND,NON_WEEKEND_GAP,135,135,4,P135_C135_D4
2021-11-11 03:49:00,2021-11-11 03:52:00,3.0,2021-11-11,2021-11-11,2021,2021,Thursday,Thursday,03:49,03:52,229,232,NON_WEEKEND,NON_WEEKEND_GAP,23,24,4,P23_C24_D4
2021-11-11 05:25:00,2021-11-11 05:28:00,3.0,2021-11-11,2021-11-11,2021,2021,Thursday,Thursday,05:25,05:28,325,328,NON_WEEKEND,NON_WEEKEND_GAP,33,33,4,P33_C33_D4
2021-11-11 17:13:00,2021-11-11 17:15:00,2.0,2021-11-11,2021-11-11,2021,2021,Thursday,Thursday,17:13,17:15,1033,1035,NON_WEEKEND,NON_WEEKEND_GAP,99,98,2,P99_C98_D2
2021-11-12 01:36:00,2021-11-12 01:39:00,3.0,2021-11-12,2021-11-12,2021,2021,Friday,Friday,01:36,01:39,96,99,NON_WEEKEND,NON_WEEKEND_GAP,10,10,4,P10_C10_D4
2021-11-12 02:20:00,2021-11-12 02:24:00,4.0,2021-11-12,2021-11-12,2021,2021,Friday,Friday,02:20,02:24,140,144,NON_WEEKEND,NON_WEEKEND_GAP,15,15,4,P15_C15_D4
2021-11-12 03:19:00,2021-11-12 03:22:00,3.0,2021-11-12,2021-11-12,2021,2021,Friday,Friday,03:19,03:22,199,202,NON_WEEKEND,NON_WEEKEND_GAP,20,21,4,P20_C21_D4
2021-11-12 04:18:00,2021-11-12 04:23:00,5.0,2021-11-12,2021-11-12,2021,2021,Friday,Friday,04:18,04:23,258,263,NON_WEEKEND,NON_WEEKEND_GAP,26,27,4,P26_C27_D4
2021-11-14 22:15:00,2021-11-14 22:30:00,15.0,2021-11-14,2021-11-14,2021,2021,Sunday,Sunday,22:15,22:30,1335,1350,NON_WEEKEND,NON_WEEKEND_GAP,129,129,16,P129_C129_D16
2021-11-14 23:49:00,2021-11-14 23:52:00,3.0,2021-11-14,2021-11-14,2021,2021,Sunday,Sunday,23:49,23:52,1429,1432,NON_WEEKEND,NON_WEEKEND_GAP,138,138,4,P138_C138_D4
2021-11-15 01:25:00,2021-11-15 01:28:00,3.0,2021-11-15,2021-11-15,2021,2021,Monday,Monday,01:25,01:28,85,88,NON_WEEKEND,NON_WEEKEND_GAP,9,9,4,P9_C9_D4
2021-11-15 05:35:00,2021-11-15 05:38:00,3.0,2021-11-15,2021-11-15,2021,2021,Monday,Monday,05:35,05:38,335,338,NON_WEEKEND,NON_WEEKEND_GAP,34,34,4,P34_C34_D4
2021-11-15 06:36:00,2021-11-15 06:39:00,3.0,2021-11-15,2021-11-15,2021,2021,Monday,Monday,06:36,06:39,396,399,NON_WEEKEND,NON_WEEKEND_GAP,40,40,4,P40_C40_D4
2021-11-16 05:15:00,2021-11-16 05:23:00,8.0,2021-11-16,2021-11-16,2021,2021,Tuesday,Tuesday,05:15,05:23,315,323,NON_WEEKEND,NON_WEEKEND_GAP,32,33,8,P32_C33_D8
2021-11-16 06:56:00,2021-11-16 06:59:00,3.0,2021-11-16,2021-11-16,2021,2021,Tuesday,Tuesday,06:56,06:59,416,419,NON_WEEKEND,NON_WEEKEND_GAP,42,42,4,P42_C42_D4
2021-11-17 00:39:00,2021-11-17 00:43:00,4.0,2021-11-17,2021-11-17,2021,2021,Wednesday,Wednesday,00:39,00:43,39,43,NON_WEEKEND,NON_WEEKEND_GAP,4,5,4,P4_C5_D4
2021-11-17 00:58:00,2021-11-17 01:00:00,2.0,2021-11-17,2021-11-17,2021,2021,Wednesday,Wednesday,00:58,01:00,58,60,NON_WEEKEND,NON_WEEKEND_GAP,6,7,2,P6_C7_D2
2021-11-17 02:26:00,2021-11-17 02:29:00,3.0,2021-11-17,2021-11-17,2021,2021,Wednesday,Wednesday,02:26,02:29,146,149,NON_WEEKEND,NON_WEEKEND_GAP,15,15,4,P15_C15_D4
2021-11-18 00:25:00,2021-11-18 00:28:00,3.0,2021-11-18,2021-11-18,2021,2021,Thursday,Thursday,00:25,00:28,25,28,NON_WEEKEND,NON_WEEKEND_GAP,3,3,4,P3_C3_D4
2021-11-18 21:38:00,2021-11-18 21:44:00,6.0,2021-11-18,2021-11-18,2021,2021,Thursday,Thursday,21:38,21:44,1298,1304,NON_WEEKEND,NON_WEEKEND_GAP,125,125,6,P125_C125_D6
2021-11-18 23:09:00,2021-11-18 23:12:00,3.0,2021-11-18,2021-11-18,2021,2021,Thursday,Thursday,23:09,23:12,1389,1392,NON_WEEKEND,NON_WEEKEND_GAP,134,134,4,P134_C134_D4
2021-11-18 23:12:00,2021-11-18 23:22:00,10.0,2021-11-18,2021-11-18,2021,2021,Thursday,Thursday,23:12,23:22,1392,1402,NON_WEEKEND,NON_WEEKEND_GAP,135,135,10,P135_C135_D10
2021-11-18 23:27:00,2021-11-18 23:32:00,5.0,2021-11-18,2021-11-18,2021,2021,Thursday,Thursday,23:27,23:32,1407,1412,NON_WEEKEND,NON_WEEKEND_GAP,136,136,4,P136_C136_D4
2021-11-19 02:24:00,2021-11-19 02:27:00,3.0,2021-11-19,2021-11-19,2021,2021,Friday,Friday,02:24,02:27,144,147,NON_WEEKEND,NON_WEEKEND_GAP,15,15,4,P15_C15_D4
2021-11-19 04:08:00,2021-11-19 04:12:00,4.0,2021-11-19,2021-11-19,2021,2021,Friday,Friday,04:08,04:12,248,252,NON_WEEKEND,NON_WEEKEND_GAP,25,26,4,P25_C26_D4
2021-11-19 05:22:00,2021-11-19 05:25:00,3.0,2021-11-19,2021-11-19,2021,2021,Friday,Friday,05:22,05:25,322,325,NON_WEEKEND,NON_WEEKEND_GAP,33,33,4,P33_C33_D4
2021-11-19 05:54:00,2021-11-19 05:57:00,3.0,2021-11-19,2021-11-19,2021,2021,Friday,Friday,05:54,05:57,354,357,NON_WEEKEND,NON_WEEKEND_GAP,36,36,4,P36_C36_D4
2021-11-23 00:03:00,2021-11-23 00:07:00,4.0,2021-11-23,2021-11-23,2021,2021,Tuesday,Tuesday,00:03,00:07,3,7,NON_WEEKEND,NON_WEEKEND_GAP,1,1,4,P1_C1_D4
2021-11-23 00:58:00,2021-11-23 01:00:00,2.0,2021-11-23,2021-11-23,2021,2021,Tuesday,Tuesday,00:58,01:00,58,60,NON_WEEKEND,NON_WEEKEND_GAP,6,7,2,P6_C7_D2
2021-11-23 05:19:00,2021-11-23 05:23:00,4.0,2021-11-23,2021-11-23,2021,2021,Tuesday,Tuesday,05:19,05:23,319,323,NON_WEEKEND,NON_WEEKEND_GAP,32,33,4,P32_C33_D4
2021-11-23 23:15:00,2021-11-23 23:23:00,8.0,2021-11-23,2021-11-23,2021,2021,Tuesday,Tuesday,23:15,23:23,1395,1403,NON_WEEKEND,NON_WEEKEND_GAP,135,135,8,P135_C135_D8
2021-11-24 00:19:00,2021-11-24 00:22:00,3.0,2021-11-24,2021-11-24,2021,2021,Wednesday,Wednesday,00:19,00:22,19,22,NON_WEEKEND,NON_WEEKEND_GAP,2,3,4,P2_C3_D4
2021-11-24 00:29:00,2021-11-24 00:34:00,5.0,2021-11-24,2021-11-24,2021,2021,Wednesday,Wednesday,00:29,00:34,29,34,NON_WEEKEND,NON_WEEKEND_GAP,3,4,4,P3_C4_D4
2021-11-24 22:37:00,2021-11-24 22:46:00,9.0,2021-11-24,2021-11-24,2021,2021,Wednesday,Wednesday,22:37,22:46,1357,1366,NON_WEEKEND,NON_WEEKEND_GAP,131,131,8,P131_C131_D8
2021-11-25 00:08:00,2021-11-25 00:11:00,3.0,2021-11-25,2021-11-25,2021,2021,Thursday,Thursday,00:08,00:11,8,11,NON_WEEKEND,NON_WEEKEND_GAP,1,2,4,P1_C2_D4
2021-11-25 00:23:00,2021-11-25 00:26:00,3.0,2021-11-25,2021-11-25,2021,2021,Thursday,Thursday,00:23,00:26,23,26,NON_WEEKEND,NON_WEEKEND_GAP,3,3,4,P3_C3_D4
2021-11-25 00:37:00,2021-11-25 00:40:00,3.0,2021-11-25,2021-11-25,2021,2021,Thursday,Thursday,00:37,00:40,37,40,NON_WEEKEND,NON_WEEKEND_GAP,4,5,4,P4_C5_D4
2021-11-25 01:47:00,2021-11-25 01:51:00,4.0,2021-11-25,2021-11-25,2021,2021,Thursday,Thursday,01:47,01:51,107,111,NON_WEEKEND,NON_WEEKEND_GAP,11,11,4,P11_C11_D4
2021-11-25 03:02:00,2021-11-25 03:05:00,3.0,2021-11-25,2021-11-25,2021,2021,Thursday,Thursday,03:02,03:05,182,185,NON_WEEKEND,NON_WEEKEND_GAP,19,19,4,P19_C19_D4
2021-11-25 03:07:00,2021-11-25 03:10:00,3.0,2021-11-25,2021-11-25,2021,2021,Thursday,Thursday,03:07,03:10,187,190,NON_WEEKEND,NON_WEEKEND_GAP,19,19,4,P19_C19_D4
2021-11-25 04:19:00,2021-11-25 04:23:00,4.0,2021-11-25,2021-11-25,2021,2021,Thursday,Thursday,04:19,04:23,259,263,NON_WEEKEND,NON_WEEKEND_GAP,26,27,4,P26_C27_D4
2021-11-25 05:22:00,2021-11-25 05:28:00,6.0,2021-11-25,2021-11-25,2021,2021,Thursday,Thursday,05:22,05:28,322,328,NON_WEEKEND,NON_WEEKEND_GAP,33,33,6,P33_C33_D6
2021-11-25 05:46:00,2021-11-25 05:53:00,7.0,2021-11-25,2021-11-25,2021,2021,Thursday,Thursday,05:46,05:53,346,353,NON_WEEKEND,NON_WEEKEND_GAP,35,36,8,P35_C36_D8
2021-11-25 05:54:00,2021-11-25 05:57:00,3.0,2021-11-25,2021-11-25,2021,2021,Thursday,Thursday,05:54,05:57,354,357,NON_WEEKEND,NON_WEEKEND_GAP,36,36,4,P36_C36_D4
2021-11-25 07:00:00,2021-11-25 07:02:00,2.0,2021-11-25,2021-11-25,2021,2021,Thursday,Thursday,07:00,07:02,420,422,NON_WEEKEND,NON_WEEKEND_GAP,43,43,2,P43_C43_D2
2021-11-25 07:51:00,2021-11-25 07:53:00,2.0,2021-11-25,2021-11-25,2021,2021,Thursday,Thursday,07:51,07:53,471,473,NON_WEEKEND,NON_WEEKEND_GAP,48,48,2,P48_C48_D2
2021-11-25 16:13:00,2021-11-25 16:15:00,2.0,2021-11-25,2021-11-25,2021,2021,Thursday,Thursday,16:13,16:15,973,975,NON_WEEKEND,NON_WEEKEND_GAP,94,93,2,P94_C93_D2
2021-11-25 17:05:00,2021-11-25 17:07:00,2.0,2021-11-25,2021-11-25,2021,2021,Thursday,Thursday,17:05,17:07,1025,1027,NON_WEEKEND,NON_WEEKEND_GAP,99,98,2,P99_C98_D2
2021-11-25 21:49:00,2021-11-25 21:54:00,5.0,2021-11-25,2021-11-25,2021,2021,Thursday,Thursday,21:49,21:54,1309,1314,NON_WEEKEND,NON_WEEKEND_GAP,126,126,4,P126_C126_D4
2021-11-28 22:15:00,2021-11-28 22:22:00,7.0,2021-11-28,2021-11-28,2021,2021,Sunday,Sunday,22:15,22:22,1335,1342,NON_WEEKEND,NON_WEEKEND_GAP,129,129,8,P129_C129_D8
2021-11-30 00:47:00,2021-11-30 00:50:00,3.0,2021-11-30,2021-11-30,2021,2021,Tuesday,Tuesday,00:47,00:50,47,50,NON_WEEKEND,NON_WEEKEND_GAP,5,6,4,P5_C6_D4
2021-11-30 03:02:00,2021-11-30 03:05:00,3.0,2021-11-30,2021-11-30,2021,2021,Tuesday,Tuesday,03:02,03:05,182,185,NON_WEEKEND,NON_WEEKEND_GAP,19,19,4,P19_C19_D4
2021-12-01 22:16:00,2021-12-01 22:30:00,14.0,2021-12-01,2021-12-01,2021,2021,Wednesday,Wednesday,22:16,22:30,1336,1350,NON_WEEKEND,NON_WEEKEND_GAP,129,129,14,P129_C129_D14
2021-12-02 00:18:00,2021-12-02 00:22:00,4.0,2021-12-02,2021-12-02,2021,2021,Thursday,Thursday,00:18,00:22,18,22,NON_WEEKEND,NON_WEEKEND_GAP,2,3,4,P2_C3_D4
2021-12-02 05:30:00,2021-12-02 05:33:00,3.0,2021-12-02,2021-12-02,2021,2021,Thursday,Thursday,05:30,05:33,330,333,NON_WEEKEND,NON_WEEKEND_GAP,34,34,4,P34_C34_D4
2021-12-02 11:27:00,2021-12-02 11:29:00,2.0,2021-12-02,2021-12-02,2021,2021,Thursday,Thursday,11:27,11:29,687,689,NON_WEEKEND,NON_WEEKEND_GAP,68,69,2,P68_C69_D2
2021-12-02 21:07:00,2021-12-02 21:15:00,8.0,2021-12-02,2021-12-02,2021,2021,Thursday,Thursday,21:07,21:15,1267,1275,NON_WEEKEND,NON_WEEKEND_GAP,122,122,8,P122_C122_D8
2021-12-02 22:20:00,2021-12-02 22:30:00,10.0,2021-12-02,2021-12-02,2021,2021,Thursday,Thursday,22:20,22:30,1340,1350,NON_WEEKEND,NON_WEEKEND_GAP,130,129,10,P130_C129_D10
2021-12-05 22:42:00,2021-12-05 22:52:00,10.0,2021-12-05,2021-12-05,2021,2021,Sunday,Sunday,22:42,22:52,1362,1372,NON_WEEKEND,NON_WEEKEND_GAP,132,132,10,P132_C132_D10
2021-12-06 00:25:00,2021-12-06 00:29:00,4.0,2021-12-06,2021-12-06,2021,2021,Monday,Monday,00:25,00:29,25,29,NON_WEEKEND,NON_WEEKEND_GAP,3,3,4,P3_C3_D4
2021-12-06 03:22:00,2021-12-06 03:28:00,6.0,2021-12-06,2021-12-06,2021,2021,Monday,Monday,03:22,03:28,202,208,NON_WEEKEND,NON_WEEKEND_GAP,21,21,6,P21_C21_D6
2021-12-06 05:02:00,2021-12-06 05:05:00,3.0,2021-12-06,2021-12-06,2021,2021,Monday,Monday,05:02,05:05,302,305,NON_WEEKEND,NON_WEEKEND_GAP,31,31,4,P31_C31_D4
2021-12-06 05:07:00,2021-12-06 05:10:00,3.0,2021-12-06,2021-12-06,2021,2021,Monday,Monday,05:07,05:10,307,310,NON_WEEKEND,NON_WEEKEND_GAP,31,31,4,P31_C31_D4
2021-12-06 08:55:00,2021-12-06 08:57:00,2.0,2021-12-06,2021-12-06,2021,2021,Monday,Monday,08:55,08:57,535,537,NON_WEEKEND,NON_WEEKEND_GAP,54,54,2,P54_C54_D2
2021-12-06 17:07:00,2021-12-06 17:09:00,2.0,2021-12-06,2021-12-06,2021,2021,Monday,Monday,17:07,17:09,1027,1029,NON_WEEKEND,NON_WEEKEND_GAP,99,98,2,P99_C98_D2
2021-12-06 22:20:00,2021-12-06 22:26:00,6.0,2021-12-06,2021-12-06,2021,2021,Monday,Monday,22:20,22:26,1340,1346,NON_WEEKEND,NON_WEEKEND_GAP,130,129,6,P130_C129_D6
2021-12-06 23:19:00,2021-12-06 23:22:00,3.0,2021-12-06,2021-12-06,2021,2021,Monday,Monday,23:19,23:22,1399,1402,NON_WEEKEND,NON_WEEKEND_GAP,135,135,4,P135_C135_D4
2021-12-07 00:17:00,2021-12-07 00:21:00,4.0,2021-12-07,2021-12-07,2021,2021,Tuesday,Tuesday,00:17,00:21,17,21,NON_WEEKEND,NON_WEEKEND_GAP,2,3,4,P2_C3_D4
2021-12-07 00:48:00,2021-12-07 00:50:00,2.0,2021-12-07,2021-12-07,2021,2021,Tuesday,Tuesday,00:48,00:50,48,50,NON_WEEKEND,NON_WEEKEND_GAP,5,6,2,P5_C6_D2
2021-12-07 01:39:00,2021-12-07 01:45:00,6.0,2021-12-07,2021-12-07,2021,2021,Tuesday,Tuesday,01:39,01:45,99,105,NON_WEEKEND,NON_WEEKEND_GAP,10,11,6,P10_C11_D6
2021-12-07 01:59:00,2021-12-07 02:02:00,3.0,2021-12-07,2021-12-07,2021,2021,Tuesday,Tuesday,01:59,02:02,119,122,NON_WEEKEND,NON_WEEKEND_GAP,12,13,4,P12_C13_D4
2021-12-07 22:15:00,2021-12-07 22:22:00,7.0,2021-12-07,2021-12-07,2021,2021,Tuesday,Tuesday,22:15,22:22,1335,1342,NON_WEEKEND,NON_WEEKEND_GAP,129,129,8,P129_C129_D8
2021-12-08 04:58:00,2021-12-08 05:02:00,4.0,2021-12-08,2021-12-08,2021,2021,Wednesday,Wednesday,04:58,05:02,298,302,NON_WEEKEND,NON_WEEKEND_GAP,30,31,4,P30_C31_D4
2021-12-08 05:38:00,2021-12-08 05:41:00,3.0,2021-12-08,2021-12-08,2021,2021,Wednesday,Wednesday,05:38,05:41,338,341,NON_WEEKEND,NON_WEEKEND_GAP,34,34,4,P34_C34_D4
2021-12-08 07:18:00,2021-12-08 07:20:00,2.0,2021-12-08,2021-12-08,2021,2021,Wednesday,Wednesday,07:18,07:20,438,440,NON_WEEKEND,NON_WEEKEND_GAP,44,44,2,P44_C44_D2
2021-12-09 00:21:00,2021-12-09 00:24:00,3.0,2021-12-09,2021-12-09,2021,2021,Thursday,Thursday,00:21,00:24,21,24,NON_WEEKEND,NON_WEEKEND_GAP,3,3,4,P3_C3_D4
2021-12-09 00:48:00,2021-12-09 00:51:00,3.0,2021-12-09,2021-12-09,2021,2021,Thursday,Thursday,00:48,00:51,48,51,NON_WEEKEND,NON_WEEKEND_GAP,5,6,4,P5_C6_D4
2021-12-10 00:23:00,2021-12-10 00:26:00,3.0,2021-12-10,2021-12-10,2021,2021,Friday,Friday,00:23,00:26,23,26,NON_WEEKEND,NON_WEEKEND_GAP,3,3,4,P3_C3_D4
2021-12-10 01:09:00,2021-12-10 01:11:00,2.0,2021-12-10,2021-12-10,2021,2021,Friday,Friday,01:09,01:11,69,71,NON_WEEKEND,NON_WEEKEND_GAP,7,8,2,P7_C8_D2
2021-12-10 01:26:00,2021-12-10 01:29:00,3.0,2021-12-10,2021-12-10,2021,2021,Friday,Friday,01:26,01:29,86,89,NON_WEEKEND,NON_WEEKEND_GAP,9,9,4,P9_C9_D4
2021-12-10 01:52:00,2021-12-10 01:55:00,3.0,2021-12-10,2021-12-10,2021,2021,Friday,Friday,01:52,01:55,112,115,NON_WEEKEND,NON_WEEKEND_GAP,12,12,4,P12_C12_D4
2021-12-10 02:34:00,2021-12-10 02:37:00,3.0,2021-12-10,2021-12-10,2021,2021,Friday,Friday,02:34,02:37,154,157,NON_WEEKEND,NON_WEEKEND_GAP,16,16,4,P16_C16_D4
2021-12-10 04:59:00,2021-12-10 05:04:00,5.0,2021-12-10,2021-12-10,2021,2021,Friday,Friday,04:59,05:04,299,304,NON_WEEKEND,NON_WEEKEND_GAP,30,31,4,P30_C31_D4
2021-12-10 07:44:00,2021-12-10 07:46:00,2.0,2021-12-10,2021-12-10,2021,2021,Friday,Friday,07:44,07:46,464,466,NON_WEEKEND,NON_WEEKEND_GAP,47,47,2,P47_C47_D2
2021-12-10 10:09:00,2021-12-10 10:11:00,2.0,2021-12-10,2021-12-10,2021,2021,Friday,Friday,10:09,10:11,609,611,NON_WEEKEND,NON_WEEKEND_GAP,61,61,2,P61_C61_D2
2021-12-10 11:17:00,2021-12-10 11:19:00,2.0,2021-12-10,2021-12-10,2021,2021,Friday,Friday,11:17,11:19,677,679,NON_WEEKEND,NON_WEEKEND_GAP,67,68,2,P67_C68_D2
2021-12-10 19:45:00,2021-12-10 19:48:00,3.0,2021-12-10,2021-12-10,2021,2021,Friday,Friday,19:45,19:48,1185,1188,NON_WEEKEND,NON_WEEKEND_GAP,114,113,4,P114_C113_D4
2021-12-12 22:13:00,2021-12-12 22:30:00,17.0,2021-12-12,2021-12-12,2021,2021,Sunday,Sunday,22:13,22:30,1333,1350,NON_WEEKEND,NON_WEEKEND_GAP,129,129,16,P129_C129_D16
2021-12-13 02:19:00,2021-12-13 02:22:00,3.0,2021-12-13,2021-12-13,2021,2021,Monday,Monday,02:19,02:22,139,142,NON_WEEKEND,NON_WEEKEND_GAP,14,15,4,P14_C15_D4
2021-12-13 05:35:00,2021-12-13 05:38:00,3.0,2021-12-13,2021-12-13,2021,2021,Monday,Monday,05:35,05:38,335,338,NON_WEEKEND,NON_WEEKEND_GAP,34,34,4,P34_C34_D4
2021-12-13 07:15:00,2021-12-13 07:17:00,2.0,2021-12-13,2021-12-13,2021,2021,Monday,Monday,07:15,07:17,435,437,NON_WEEKEND,NON_WEEKEND_GAP,44,44,2,P44_C44_D2
2021-12-13 07:23:00,2021-12-13 07:25:00,2.0,2021-12-13,2021-12-13,2021,2021,Monday,Monday,07:23,07:25,443,445,NON_WEEKEND,NON_WEEKEND_GAP,45,45,2,P45_C45_D2
2021-12-13 07:26:00,2021-12-13 07:28:00,2.0,2021-12-13,2021-12-13,2021,2021,Monday,Monday,07:26,07:28,446,448,NON_WEEKEND,NON_WEEKEND_GAP,45,45,2,P45_C45_D2
2021-12-13 08:06:00,2021-12-13 08:08:00,2.0,2021-12-13,2021-12-13,2021,2021,Monday,Monday,08:06,08:08,486,488,NON_WEEKEND,NON_WEEKEND_GAP,49,49,2,P49_C49_D2
2021-12-13 09:44:00,2021-12-13 09:46:00,2.0,2021-12-13,2021-12-13,2021,2021,Monday,Monday,09:44,09:46,584,586,NON_WEEKEND,NON_WEEKEND_GAP,59,59,2,P59_C59_D2
2021-12-13 22:10:00,2021-12-13 22:16:00,6.0,2021-12-13,2021-12-13,2021,2021,Monday,Monday,22:10,22:16,1330,1336,NON_WEEKEND,NON_WEEKEND_GAP,129,128,6,P129_C128_D6
2021-12-13 22:37:00,2021-12-13 22:43:00,6.0,2021-12-13,2021-12-13,2021,2021,Monday,Monday,22:37,22:43,1357,1363,NON_WEEKEND,NON_WEEKEND_GAP,131,131,6,P131_C131_D6
2021-12-13 23:29:00,2021-12-13 23:33:00,4.0,2021-12-13,2021-12-13,2021,2021,Monday,Monday,23:29,23:33,1409,1413,NON_WEEKEND,NON_WEEKEND_GAP,136,136,4,P136_C136_D4
2021-12-14 00:45:00,2021-12-14 00:50:00,5.0,2021-12-14,2021-12-14,2021,2021,Tuesday,Tuesday,00:45,00:50,45,50,NON_WEEKEND,NON_WEEKEND_GAP,5,6,4,P5_C6_D4
2021-12-14 02:33:00,2021-12-14 02:36:00,3.0,2021-12-14,2021-12-14,2021,2021,Tuesday,Tuesday,02:33,02:36,153,156,NON_WEEKEND,NON_WEEKEND_GAP,16,16,4,P16_C16_D4
2021-12-14 04:39:00,2021-12-14 04:42:00,3.0,2021-12-14,2021-12-14,2021,2021,Tuesday,Tuesday,04:39,04:42,279,282,NON_WEEKEND,NON_WEEKEND_GAP,28,29,4,P28_C29_D4
2021-12-14 05:20:00,2021-12-14 05:24:00,4.0,2021-12-14,2021-12-14,2021,2021,Tuesday,Tuesday,05:20,05:24,320,324,NON_WEEKEND,NON_WEEKEND_GAP,33,33,4,P33_C33_D4
2021-12-14 05:25:00,2021-12-14 05:28:00,3.0,2021-12-14,2021-12-14,2021,2021,Tuesday,Tuesday,05:25,05:28,325,328,NON_WEEKEND,NON_WEEKEND_GAP,33,33,4,P33_C33_D4
2021-12-14 07:18:00,2021-12-14 07:20:00,2.0,2021-12-14,2021-12-14,2021,2021,Tuesday,Tuesday,07:18,07:20,438,440,NON_WEEKEND,NON_WEEKEND_GAP,44,44,2,P44_C44_D2
2021-12-14 17:56:00,2021-12-14 18:00:00,4.0,2021-12-14,2021-12-14,2021,2021,Tuesday,Tuesday,17:56,18:00,1076,1080,NON_WEEKEND,NON_WEEKEND_GAP,104,103,4,P104_C103_D4
2021-12-14 18:31:00,2021-12-14 18:34:00,3.0,2021-12-14,2021-12-14,2021,2021,Tuesday,Tuesday,18:31,18:34,1111,1114,NON_WEEKEND,NON_WEEKEND_GAP,107,106,4,P107_C106_D4
2021-12-14 23:22:00,2021-12-14 23:31:00,9.0,2021-12-14,2021-12-14,2021,2021,Tuesday,Tuesday,23:22,23:31,1402,1411,NON_WEEKEND,NON_WEEKEND_GAP,136,135,8,P136_C135_D8
2021-12-14 23:37:00,2021-12-14 23:51:00,14.0,2021-12-14,2021-12-14,2021,2021,Tuesday,Tuesday,23:37,23:51,1417,1431,NON_WEEKEND,NON_WEEKEND_GAP,137,137,14,P137_C137_D14
2021-12-15 00:08:00,2021-12-15 00:13:00,5.0,2021-12-15,2021-12-15,2021,2021,Wednesday,Wednesday,00:08,00:13,8,13,NON_WEEKEND,NON_WEEKEND_GAP,1,2,4,P1_C2_D4
2021-12-15 00:17:00,2021-12-15 00:24:00,7.0,2021-12-15,2021-12-15,2021,2021,Wednesday,Wednesday,00:17,00:24,17,24,NON_WEEKEND,NON_WEEKEND_GAP,2,3,8,P2_C3_D8
2021-12-15 00:30:00,2021-12-15 00:37:00,7.0,2021-12-15,2021-12-15,2021,2021,Wednesday,Wednesday,00:30,00:37,30,37,NON_WEEKEND,NON_WEEKEND_GAP,4,4,8,P4_C4_D8
2021-12-15 01:05:00,2021-12-15 01:08:00,3.0,2021-12-15,2021-12-15,2021,2021,Wednesday,Wednesday,01:05,01:08,65,68,NON_WEEKEND,NON_WEEKEND_GAP,7,7,4,P7_C7_D4
2021-12-15 01:47:00,2021-12-15 01:50:00,3.0,2021-12-15,2021-12-15,2021,2021,Wednesday,Wednesday,01:47,01:50,107,110,NON_WEEKEND,NON_WEEKEND_GAP,11,11,4,P11_C11_D4
2021-12-15 03:05:00,2021-12-15 03:08:00,3.0,2021-12-15,2021-12-15,2021,2021,Wednesday,Wednesday,03:05,03:08,185,188,NON_WEEKEND,NON_WEEKEND_GAP,19,19,4,P19_C19_D4
2021-12-15 09:22:00,2021-12-15 09:24:00,2.0,2021-12-15,2021-12-15,2021,2021,Wednesday,Wednesday,09:22,09:24,562,564,NON_WEEKEND,NON_WEEKEND_GAP,57,57,2,P57_C57_D2
2021-12-15 09:31:00,2021-12-15 09:33:00,2.0,2021-12-15,2021-12-15,2021,2021,Wednesday,Wednesday,09:31,09:33,571,573,NON_WEEKEND,NON_WEEKEND_GAP,58,58,2,P58_C58_D2
2021-12-15 23:49:00,2021-12-15 23:54:00,5.0,2021-12-15,2021-12-15,2021,2021,Wednesday,Wednesday,23:49,23:54,1429,1434,NON_WEEKEND,NON_WEEKEND_GAP,138,138,4,P138_C138_D4
2021-12-16 00:18:00,2021-12-16 00:21:00,3.0,2021-12-16,2021-12-16,2021,2021,Thursday,Thursday,00:18,00:21,18,21,NON_WEEKEND,NON_WEEKEND_GAP,2,3,4,P2_C3_D4
2021-12-16 00:48:00,2021-12-16 00:50:00,2.0,2021-12-16,2021-12-16,2021,2021,Thursday,Thursday,00:48,00:50,48,50,NON_WEEKEND,NON_WEEKEND_GAP,5,6,2,P5_C6_D2
2021-12-16 03:09:00,2021-12-16 03:12:00,3.0,2021-12-16,2021-12-16,2021,2021,Thursday,Thursday,03:09,03:12,189,192,NON_WEEKEND,NON_WEEKEND_GAP,19,20,4,P19_C20_D4
2021-12-16 05:02:00,2021-12-16 05:05:00,3.0,2021-12-16,2021-12-16,2021,2021,Thursday,Thursday,05:02,05:05,302,305,NON_WEEKEND,NON_WEEKEND_GAP,31,31,4,P31_C31_D4
2021-12-16 06:57:00,2021-12-16 07:00:00,3.0,2021-12-16,2021-12-16,2021,2021,Thursday,Thursday,06:57,07:00,417,420,NON_WEEKEND,NON_WEEKEND_GAP,42,42,4,P42_C42_D4
2021-12-16 07:00:00,2021-12-16 07:02:00,2.0,2021-12-16,2021-12-16,2021,2021,Thursday,Thursday,07:00,07:02,420,422,NON_WEEKEND,NON_WEEKEND_GAP,43,43,2,P43_C43_D2
2021-12-16 07:21:00,2021-12-16 07:23:00,2.0,2021-12-16,2021-12-16,2021,2021,Thursday,Thursday,07:21,07:23,441,443,NON_WEEKEND,NON_WEEKEND_GAP,45,45,2,P45_C45_D2
2021-12-17 00:16:00,2021-12-17 00:21:00,5.0,2021-12-17,2021-12-17,2021,2021,Friday,Friday,00:16,00:21,16,21,NON_WEEKEND,NON_WEEKEND_GAP,2,3,4,P2_C3_D4
2021-12-17 01:16:00,2021-12-17 01:19:00,3.0,2021-12-17,2021-12-17,2021,2021,Friday,Friday,01:16,01:19,76,79,NON_WEEKEND,NON_WEEKEND_GAP,8,8,4,P8_C8_D4
2021-12-17 07:11:00,2021-12-17 07:13:00,2.0,2021-12-17,2021-12-17,2021,2021,Friday,Friday,07:11,07:13,431,433,NON_WEEKEND,NON_WEEKEND_GAP,44,44,2,P44_C44_D2
2021-12-17 16:37:00,2021-12-17 16:39:00,2.0,2021-12-17,2021-12-17,2021,2021,Friday,Friday,16:37,16:39,997,999,NON_WEEKEND,NON_WEEKEND_GAP,96,95,2,P96_C95_D2
2021-12-19 22:16:00,2021-12-19 22:25:00,9.0,2021-12-19,2021-12-19,2021,2021,Sunday,Sunday,22:16,22:25,1336,1345,NON_WEEKEND,NON_WEEKEND_GAP,129,129,8,P129_C129_D8
2021-12-20 01:11:00,2021-12-20 01:15:00,4.0,2021-12-20,2021-12-20,2021,2021,Monday,Monday,01:11,01:15,71,75,NON_WEEKEND,NON_WEEKEND_GAP,8,8,4,P8_C8_D4
2021-12-20 07:51:00,2021-12-20 07:53:00,2.0,2021-12-20,2021-12-20,2021,2021,Monday,Monday,07:51,07:53,471,473,NON_WEEKEND,NON_WEEKEND_GAP,48,48,2,P48_C48_D2
2021-12-20 16:45:00,2021-12-20 16:47:00,2.0,2021-12-20,2021-12-20,2021,2021,Monday,Monday,16:45,16:47,1005,1007,NON_WEEKEND,NON_WEEKEND_GAP,97,96,2,P97_C96_D2
2021-12-20 23:47:00,2021-12-20 23:52:00,5.0,2021-12-20,2021-12-20,2021,2021,Monday,Monday,23:47,23:52,1427,1432,NON_WEEKEND,NON_WEEKEND_GAP,138,138,4,P138_C138_D4
2021-12-21 00:09:00,2021-12-21 00:12:00,3.0,2021-12-21,2021-12-21,2021,2021,Tuesday,Tuesday,00:09,00:12,9,12,NON_WEEKEND,NON_WEEKEND_GAP,1,2,4,P1_C2_D4
2021-12-21 00:16:00,2021-12-21 00:28:00,12.0,2021-12-21,2021-12-21,2021,2021,Tuesday,Tuesday,00:16,00:28,16,28,NON_WEEKEND,NON_WEEKEND_GAP,2,3,12,P2_C3_D12
2021-12-21 00:28:00,2021-12-21 00:33:00,5.0,2021-12-21,2021-12-21,2021,2021,Tuesday,Tuesday,00:28,00:33,28,33,NON_WEEKEND,NON_WEEKEND_GAP,3,4,4,P3_C4_D4
2021-12-21 00:38:00,2021-12-21 00:41:00,3.0,2021-12-21,2021-12-21,2021,2021,Tuesday,Tuesday,00:38,00:41,38,41,NON_WEEKEND,NON_WEEKEND_GAP,4,5,4,P4_C5_D4
2021-12-21 00:49:00,2021-12-21 00:51:00,2.0,2021-12-21,2021-12-21,2021,2021,Tuesday,Tuesday,00:49,00:51,49,51,NON_WEEKEND,NON_WEEKEND_GAP,5,6,2,P5_C6_D2
2021-12-21 21:49:00,2021-12-21 21:52:00,3.0,2021-12-21,2021-12-21,2021,2021,Tuesday,Tuesday,21:49,21:52,1309,1312,NON_WEEKEND,NON_WEEKEND_GAP,126,126,4,P126_C126_D4
2021-12-22 00:48:00,2021-12-22 00:50:00,2.0,2021-12-22,2021-12-22,2021,2021,Wednesday,Wednesday,00:48,00:50,48,50,NON_WEEKEND,NON_WEEKEND_GAP,5,6,2,P5_C6_D2
2021-12-22 01:12:00,2021-12-22 01:15:00,3.0,2021-12-22,2021-12-22,2021,2021,Wednesday,Wednesday,01:12,01:15,72,75,NON_WEEKEND,NON_WEEKEND_GAP,8,8,4,P8_C8_D4
2021-12-22 04:04:00,2021-12-22 04:10:00,6.0,2021-12-22,2021-12-22,2021,2021,Wednesday,Wednesday,04:04,04:10,244,250,NON_WEEKEND,NON_WEEKEND_GAP,25,25,6,P25_C25_D6
2021-12-22 04:19:00,2021-12-22 04:22:00,3.0,2021-12-22,2021-12-22,2021,2021,Wednesday,Wednesday,04:19,04:22,259,262,NON_WEEKEND,NON_WEEKEND_GAP,26,27,4,P26_C27_D4
2021-12-22 04:22:00,2021-12-22 04:28:00,6.0,2021-12-22,2021-12-22,2021,2021,Wednesday,Wednesday,04:22,04:28,262,268,NON_WEEKEND,NON_WEEKEND_GAP,27,27,6,P27_C27_D6
2021-12-22 04:28:00,2021-12-22 04:32:00,4.0,2021-12-22,2021-12-22,2021,2021,Wednesday,Wednesday,04:28,04:32,268,272,NON_WEEKEND,NON_WEEKEND_GAP,27,28,4,P27_C28_D4
2021-12-22 05:19:00,2021-12-22 05:23:00,4.0,2021-12-22,2021-12-22,2021,2021,Wednesday,Wednesday,05:19,05:23,319,323,NON_WEEKEND,NON_WEEKEND_GAP,32,33,4,P32_C33_D4
2021-12-22 05:49:00,2021-12-22 05:52:00,3.0,2021-12-22,2021-12-22,2021,2021,Wednesday,Wednesday,05:49,05:52,349,352,NON_WEEKEND,NON_WEEKEND_GAP,35,36,4,P35_C36_D4
2021-12-22 13:25:00,2021-12-22 13:27:00,2.0,2021-12-22,2021-12-22,2021,2021,Wednesday,Wednesday,13:25,13:27,805,807,NON_WEEKEND,NON_WEEKEND_GAP,79,79,2,P79_C79_D2
2021-12-22 18:48:00,2021-12-22 18:50:00,2.0,2021-12-22,2021-12-22,2021,2021,Wednesday,Wednesday,18:48,18:50,1128,1130,NON_WEEKEND,NON_WEEKEND_GAP,109,107,2,P109_C107_D2
2021-12-22 23:09:00,2021-12-22 23:14:00,5.0,2021-12-22,2021-12-22,2021,2021,Wednesday,Wednesday,23:09,23:14,1389,1394,NON_WEEKEND,NON_WEEKEND_GAP,134,134,4,P134_C134_D4
2021-12-22 23:35:00,2021-12-22 23:42:00,7.0,2021-12-22,2021-12-22,2021,2021,Wednesday,Wednesday,23:35,23:42,1415,1422,NON_WEEKEND,NON_WEEKEND_GAP,137,137,8,P137_C137_D8
2021-12-22 23:46:00,2021-12-22 23:53:00,7.0,2021-12-22,2021-12-22,2021,2021,Wednesday,Wednesday,23:46,23:53,1426,1433,NON_WEEKEND,NON_WEEKEND_GAP,138,138,8,P138_C138_D8
2021-12-22 23:53:00,2021-12-23 00:00:00,7.0,2021-12-22,2021-12-23,2021,2021,Wednesday,Thursday,23:53,00:00,1433,0,NON_WEEKEND,NON_WEEKEND_GAP,139,1,8,P139_C1_D8
2021-12-23 00:49:00,2021-12-23 00:53:00,4.0,2021-12-23,2021-12-23,2021,2021,Thursday,Thursday,00:49,00:53,49,53,NON_WEEKEND,NON_WEEKEND_GAP,5,6,4,P5_C6_D4
2021-12-23 02:36:00,2021-12-23 02:41:00,5.0,2021-12-23,2021-12-23,2021,2021,Thursday,Thursday,02:36,02:41,156,161,NON_WEEKEND,NON_WEEKEND_GAP,16,16,4,P16_C16_D4
2021-12-23 04:12:00,2021-12-23 04:19:00,7.0,2021-12-23,2021-12-23,2021,2021,Thursday,Thursday,04:12,04:19,252,259,NON_WEEKEND,NON_WEEKEND_GAP,26,26,8,P26_C26_D8
2021-12-23 04:33:00,2021-12-23 04:40:00,7.0,2021-12-23,2021-12-23,2021,2021,Thursday,Thursday,04:33,04:40,273,280,NON_WEEKEND,NON_WEEKEND_GAP,28,28,8,P28_C28_D8
2021-12-23 04:55:00,2021-12-23 05:05:00,10.0,2021-12-23,2021-12-23,2021,2021,Thursday,Thursday,04:55,05:05,295,305,NON_WEEKEND,NON_WEEKEND_GAP,30,31,10,P30_C31_D10
2021-12-23 05:05:00,2021-12-23 05:11:00,6.0,2021-12-23,2021-12-23,2021,2021,Thursday,Thursday,05:05,05:11,305,311,NON_WEEKEND,NON_WEEKEND_GAP,31,31,6,P31_C31_D6
2021-12-23 05:13:00,2021-12-23 05:19:00,6.0,2021-12-23,2021-12-23,2021,2021,Thursday,Thursday,05:13,05:19,313,319,NON_WEEKEND,NON_WEEKEND_GAP,32,32,6,P32_C32_D6
2021-12-23 05:20:00,2021-12-23 05:23:00,3.0,2021-12-23,2021-12-23,2021,2021,Thursday,Thursday,05:20,05:23,320,323,NON_WEEKEND,NON_WEEKEND_GAP,33,33,4,P33_C33_D4
2021-12-23 05:23:00,2021-12-23 05:31:00,8.0,2021-12-23,2021-12-23,2021,2021,Thursday,Thursday,05:23,05:31,323,331,NON_WEEKEND,NON_WEEKEND_GAP,33,33,8,P33_C33_D8
2021-12-23 05:32:00,2021-12-23 05:36:00,4.0,2021-12-23,2021-12-23,2021,2021,Thursday,Thursday,05:32,05:36,332,336,NON_WEEKEND,NON_WEEKEND_GAP,34,34,4,P34_C34_D4
2021-12-23 05:36:00,2021-12-23 05:39:00,3.0,2021-12-23,2021-12-23,2021,2021,Thursday,Thursday,05:36,05:39,336,339,NON_WEEKEND,NON_WEEKEND_GAP,34,34,4,P34_C34_D4
2021-12-23 05:52:00,2021-12-23 05:55:00,3.0,2021-12-23,2021-12-23,2021,2021,Thursday,Thursday,05:52,05:55,352,355,NON_WEEKEND,NON_WEEKEND_GAP,36,36,4,P36_C36_D4
2021-12-23 05:57:00,2021-12-23 06:00:00,3.0,2021-12-23,2021-12-23,2021,2021,Thursday,Thursday,05:57,06:00,357,360,NON_WEEKEND,NON_WEEKEND_GAP,36,36,4,P36_C36_D4
2021-12-23 06:13:00,2021-12-23 06:19:00,6.0,2021-12-23,2021-12-23,2021,2021,Thursday,Thursday,06:13,06:19,373,379,NON_WEEKEND,NON_WEEKEND_GAP,38,38,6,P38_C38_D6
2021-12-23 06:57:00,2021-12-23 07:00:00,3.0,2021-12-23,2021-12-23,2021,2021,Thursday,Thursday,06:57,07:00,417,420,NON_WEEKEND,NON_WEEKEND_GAP,42,42,4,P42_C42_D4
2021-12-23 07:20:00,2021-12-23 07:22:00,2.0,2021-12-23,2021-12-23,2021,2021,Thursday,Thursday,07:20,07:22,440,442,NON_WEEKEND,NON_WEEKEND_GAP,44,44,2,P44_C44_D2
2021-12-23 18:29:00,2021-12-23 18:31:00,2.0,2021-12-23,2021-12-23,2021,2021,Thursday,Thursday,18:29,18:31,1109,1111,NON_WEEKEND,NON_WEEKEND_GAP,107,105,2,P107_C105_D2
2021-12-23 18:37:00,2021-12-23 18:40:00,3.0,2021-12-23,2021-12-23,2021,2021,Thursday,Thursday,18:37,18:40,1117,1120,NON_WEEKEND,NON_WEEKEND_GAP,107,106,4,P107_C106_D4
2021-12-23 22:11:00,2021-12-23 22:20:00,9.0,2021-12-23,2021-12-23,2021,2021,Thursday,Thursday,22:11,22:20,1331,1340,NON_WEEKEND,NON_WEEKEND_GAP,129,128,8,P129_C128_D8
2021-12-24 02:29:00,2021-12-24 02:32:00,3.0,2021-12-24,2021-12-24,2021,2021,Friday,Friday,02:29,02:32,149,152,NON_WEEKEND,NON_WEEKEND_GAP,15,16,4,P15_C16_D4
2021-12-24 06:51:00,2021-12-24 06:54:00,3.0,2021-12-24,2021-12-24,2021,2021,Friday,Friday,06:51,06:54,411,414,NON_WEEKEND,NON_WEEKEND_GAP,42,42,4,P42_C42_D4
2021-12-24 07:01:00,2021-12-24 07:03:00,2.0,2021-12-24,2021-12-24,2021,2021,Friday,Friday,07:01,07:03,421,423,NON_WEEKEND,NON_WEEKEND_GAP,43,43,2,P43_C43_D2
2021-12-24 07:12:00,2021-12-24 07:15:00,3.0,2021-12-24,2021-12-24,2021,2021,Friday,Friday,07:12,07:15,432,435,NON_WEEKEND,NON_WEEKEND_GAP,44,44,4,P44_C44_D4
2021-12-24 07:17:00,2021-12-24 07:19:00,2.0,2021-12-24,2021-12-24,2021,2021,Friday,Friday,07:17,07:19,437,439,NON_WEEKEND,NON_WEEKEND_GAP,44,44,2,P44_C44_D2
2021-12-24 07:19:00,2021-12-24 07:21:00,2.0,2021-12-24,2021-12-24,2021,2021,Friday,Friday,07:19,07:21,439,441,NON_WEEKEND,NON_WEEKEND_GAP,44,44,2,P44_C44_D2
2021-12-24 07:21:00,2021-12-24 07:27:00,6.0,2021-12-24,2021-12-24,2021,2021,Friday,Friday,07:21,07:27,441,447,NON_WEEKEND,NON_WEEKEND_GAP,45,45,6,P45_C45_D6
2021-12-24 07:47:00,2021-12-24 07:50:00,3.0,2021-12-24,2021-12-24,2021,2021,Friday,Friday,07:47,07:50,467,470,NON_WEEKEND,NON_WEEKEND_GAP,47,47,4,P47_C47_D4
2021-12-24 08:02:00,2021-12-24 08:04:00,2.0,2021-12-24,2021-12-24,2021,2021,Friday,Friday,08:02,08:04,482,484,NON_WEEKEND,NON_WEEKEND_GAP,49,49,2,P49_C49_D2
2021-12-24 09:12:00,2021-12-24 09:14:00,2.0,2021-12-24,2021-12-24,2021,2021,Friday,Friday,09:12,09:14,552,554,NON_WEEKEND,NON_WEEKEND_GAP,56,56,2,P56_C56_D2
2021-12-24 09:14:00,2021-12-24 09:17:00,3.0,2021-12-24,2021-12-24,2021,2021,Friday,Friday,09:14,09:17,554,557,NON_WEEKEND,NON_WEEKEND_GAP,56,56,4,P56_C56_D4
2021-12-24 09:53:00,2021-12-24 09:55:00,2.0,2021-12-24,2021-12-24,2021,2021,Friday,Friday,09:53,09:55,593,595,NON_WEEKEND,NON_WEEKEND_GAP,60,60,2,P60_C60_D2
2021-12-24 09:55:00,2021-12-24 09:58:00,3.0,2021-12-24,2021-12-24,2021,2021,Friday,Friday,09:55,09:58,595,598,NON_WEEKEND,NON_WEEKEND_GAP,60,60,4,P60_C60_D4
2021-12-24 09:58:00,2021-12-24 10:04:00,6.0,2021-12-24,2021-12-24,2021,2021,Friday,Friday,09:58,10:04,598,604,NON_WEEKEND,NON_WEEKEND_GAP,60,61,6,P60_C61_D6
2021-12-24 10:19:00,2021-12-24 10:21:00,2.0,2021-12-24,2021-12-24,2021,2021,Friday,Friday,10:19,10:21,619,621,NON_WEEKEND,NON_WEEKEND_GAP,62,62,2,P62_C62_D2
2021-12-24 10:31:00,2021-12-24 10:33:00,2.0,2021-12-24,2021-12-24,2021,2021,Friday,Friday,10:31,10:33,631,633,NON_WEEKEND,NON_WEEKEND_GAP,63,63,2,P63_C63_D2
2021-12-24 10:35:00,2021-12-24 10:37:00,2.0,2021-12-24,2021-12-24,2021,2021,Friday,Friday,10:35,10:37,635,637,NON_WEEKEND,NON_WEEKEND_GAP,63,64,2,P63_C64_D2
2021-12-24 10:48:00,2021-12-24 10:50:00,2.0,2021-12-24,2021-12-24,2021,2021,Friday,Friday,10:48,10:50,648,650,NON_WEEKEND,NON_WEEKEND_GAP,65,65,2,P65_C65_D2
2021-12-24 11:03:00,2021-12-24 11:05:00,2.0,2021-12-24,2021-12-24,2021,2021,Friday,Friday,11:03,11:05,663,665,NON_WEEKEND,NON_WEEKEND_GAP,66,67,2,P66_C67_D2
2021-12-24 11:05:00,2021-12-24 11:07:00,2.0,2021-12-24,2021-12-24,2021,2021,Friday,Friday,11:05,11:07,665,667,NON_WEEKEND,NON_WEEKEND_GAP,66,67,2,P66_C67_D2
2021-12-24 11:12:00,2021-12-24 11:14:00,2.0,2021-12-24,2021-12-24,2021,2021,Friday,Friday,11:12,11:14,672,674,NON_WEEKEND,NON_WEEKEND_GAP,67,68,2,P67_C68_D2
2021-12-24 11:22:00,2021-12-24 11:25:00,3.0,2021-12-24,2021-12-24,2021,2021,Friday,Friday,11:22,11:25,682,685,NON_WEEKEND,NON_WEEKEND_GAP,68,69,4,P68_C69_D4
2021-12-24 11:28:00,2021-12-24 11:30:00,2.0,2021-12-24,2021-12-24,2021,2021,Friday,Friday,11:28,11:30,688,690,NON_WEEKEND,NON_WEEKEND_GAP,68,69,2,P68_C69_D2
2021-12-24 11:32:00,2021-12-24 11:34:00,2.0,2021-12-24,2021-12-24,2021,2021,Friday,Friday,11:32,11:34,692,694,NON_WEEKEND,NON_WEEKEND_GAP,69,70,2,P69_C70_D2
2021-12-24 11:37:00,2021-12-24 11:39:00,2.0,2021-12-24,2021-12-24,2021,2021,Friday,Friday,11:37,11:39,697,699,NON_WEEKEND,NON_WEEKEND_GAP,69,70,2,P69_C70_D2
2021-12-24 11:41:00,2021-12-24 11:43:00,2.0,2021-12-24,2021-12-24,2021,2021,Friday,Friday,11:41,11:43,701,703,NON_WEEKEND,NON_WEEKEND_GAP,70,70,2,P70_C70_D2
2021-12-24 12:05:00,2021-12-24 12:07:00,2.0,2021-12-24,2021-12-24,2021,2021,Friday,Friday,12:05,12:07,725,727,NON_WEEKEND,NON_WEEKEND_GAP,72,72,2,P72_C72_D2
2021-12-24 12:07:00,2021-12-24 12:09:00,2.0,2021-12-24,2021-12-24,2021,2021,Friday,Friday,12:07,12:09,727,729,NON_WEEKEND,NON_WEEKEND_GAP,72,72,2,P72_C72_D2
2021-12-24 12:10:00,2021-12-24 12:14:00,4.0,2021-12-24,2021-12-24,2021,2021,Friday,Friday,12:10,12:14,730,734,NON_WEEKEND,NON_WEEKEND_GAP,72,73,4,P72_C73_D4
2021-12-24 12:30:00,2021-12-24 12:32:00,2.0,2021-12-24,2021-12-24,2021,2021,Friday,Friday,12:30,12:32,750,752,NON_WEEKEND,NON_WEEKEND_GAP,74,75,2,P74_C75_D2
2021-12-24 12:32:00,2021-12-24 12:34:00,2.0,2021-12-24,2021-12-24,2021,2021,Friday,Friday,12:32,12:34,752,754,NON_WEEKEND,NON_WEEKEND_GAP,74,75,2,P74_C75_D2
2021-12-24 14:37:00,2021-12-24 14:39:00,2.0,2021-12-24,2021-12-24,2021,2021,Friday,Friday,14:37,14:39,877,879,NON_WEEKEND,NON_WEEKEND_GAP,84,84,2,P84_C84_D2
2021-12-24 19:22:00,2021-12-24 19:25:00,3.0,2021-12-24,2021-12-24,2021,2021,Friday,Friday,19:22,19:25,1162,1165,NON_WEEKEND,NON_WEEKEND_GAP,112,111,4,P112_C111_D4
2021-12-26 22:17:00,2021-12-26 22:46:00,29.0,2021-12-26,2021-12-26,2021,2021,Sunday,Sunday,22:17,22:46,1337,1366,NON_WEEKEND,NON_WEEKEND_GAP,129,131,28,P129_C131_D28
2021-12-26 23:49:00,2021-12-26 23:52:00,3.0,2021-12-26,2021-12-26,2021,2021,Sunday,Sunday,23:49,23:52,1429,1432,NON_WEEKEND,NON_WEEKEND_GAP,138,138,4,P138_C138_D4
2021-12-27 00:24:00,2021-12-27 00:29:00,5.0,2021-12-27,2021-12-27,2021,2021,Monday,Monday,00:24,00:29,24,29,NON_WEEKEND,NON_WEEKEND_GAP,3,3,4,P3_C3_D4
2021-12-27 00:39:00,2021-12-27 00:42:00,3.0,2021-12-27,2021-12-27,2021,2021,Monday,Monday,00:39,00:42,39,42,NON_WEEKEND,NON_WEEKEND_GAP,4,5,4,P4_C5_D4
2021-12-27 01:08:00,2021-12-27 01:12:00,4.0,2021-12-27,2021-12-27,2021,2021,Monday,Monday,01:08,01:12,68,72,NON_WEEKEND,NON_WEEKEND_GAP,7,8,4,P7_C8_D4
2021-12-27 01:27:00,2021-12-27 01:30:00,3.0,2021-12-27,2021-12-27,2021,2021,Monday,Monday,01:27,01:30,87,90,NON_WEEKEND,NON_WEEKEND_GAP,9,9,4,P9_C9_D4
2021-12-27 01:41:00,2021-12-27 01:44:00,3.0,2021-12-27,2021-12-27,2021,2021,Monday,Monday,01:41,01:44,101,104,NON_WEEKEND,NON_WEEKEND_GAP,11,11,4,P11_C11_D4
2021-12-27 01:50:00,2021-12-27 01:53:00,3.0,2021-12-27,2021-12-27,2021,2021,Monday,Monday,01:50,01:53,110,113,NON_WEEKEND,NON_WEEKEND_GAP,12,12,4,P12_C12_D4
2021-12-27 02:05:00,2021-12-27 02:11:00,6.0,2021-12-27,2021-12-27,2021,2021,Monday,Monday,02:05,02:11,125,131,NON_WEEKEND,NON_WEEKEND_GAP,13,13,6,P13_C13_D6
2021-12-27 02:16:00,2021-12-27 02:20:00,4.0,2021-12-27,2021-12-27,2021,2021,Monday,Monday,02:16,02:20,136,140,NON_WEEKEND,NON_WEEKEND_GAP,14,14,4,P14_C14_D4
2021-12-27 02:28:00,2021-12-27 02:33:00,5.0,2021-12-27,2021-12-27,2021,2021,Monday,Monday,02:28,02:33,148,153,NON_WEEKEND,NON_WEEKEND_GAP,15,16,4,P15_C16_D4
2021-12-27 02:39:00,2021-12-27 02:42:00,3.0,2021-12-27,2021-12-27,2021,2021,Monday,Monday,02:39,02:42,159,162,NON_WEEKEND,NON_WEEKEND_GAP,16,17,4,P16_C17_D4
2021-12-27 03:04:00,2021-12-27 03:09:00,5.0,2021-12-27,2021-12-27,2021,2021,Monday,Monday,03:04,03:09,184,189,NON_WEEKEND,NON_WEEKEND_GAP,19,19,4,P19_C19_D4
2021-12-27 04:06:00,2021-12-27 04:14:00,8.0,2021-12-27,2021-12-27,2021,2021,Monday,Monday,04:06,04:14,246,254,NON_WEEKEND,NON_WEEKEND_GAP,25,26,8,P25_C26_D8
2021-12-27 05:26:00,2021-12-27 05:29:00,3.0,2021-12-27,2021-12-27,2021,2021,Monday,Monday,05:26,05:29,326,329,NON_WEEKEND,NON_WEEKEND_GAP,33,33,4,P33_C33_D4
2021-12-27 05:29:00,2021-12-27 05:32:00,3.0,2021-12-27,2021-12-27,2021,2021,Monday,Monday,05:29,05:32,329,332,NON_WEEKEND,NON_WEEKEND_GAP,33,34,4,P33_C34_D4
2021-12-27 06:40:00,2021-12-27 06:43:00,3.0,2021-12-27,2021-12-27,2021,2021,Monday,Monday,06:40,06:43,400,403,NON_WEEKEND,NON_WEEKEND_GAP,41,41,4,P41_C41_D4
2021-12-27 06:48:00,2021-12-27 06:51:00,3.0,2021-12-27,2021-12-27,2021,2021,Monday,Monday,06:48,06:51,408,411,NON_WEEKEND,NON_WEEKEND_GAP,41,41,4,P41_C41_D4
2021-12-27 07:17:00,2021-12-27 07:20:00,3.0,2021-12-27,2021-12-27,2021,2021,Monday,Monday,07:17,07:20,437,440,NON_WEEKEND,NON_WEEKEND_GAP,44,44,4,P44_C44_D4
2021-12-27 07:38:00,2021-12-27 07:40:00,2.0,2021-12-27,2021-12-27,2021,2021,Monday,Monday,07:38,07:40,458,460,NON_WEEKEND,NON_WEEKEND_GAP,46,46,2,P46_C46_D2
2021-12-27 07:52:00,2021-12-27 07:54:00,2.0,2021-12-27,2021-12-27,2021,2021,Monday,Monday,07:52,07:54,472,474,NON_WEEKEND,NON_WEEKEND_GAP,48,48,2,P48_C48_D2
2021-12-27 07:54:00,2021-12-27 07:56:00,2.0,2021-12-27,2021-12-27,2021,2021,Monday,Monday,07:54,07:56,474,476,NON_WEEKEND,NON_WEEKEND_GAP,48,48,2,P48_C48_D2
2021-12-27 13:12:00,2021-12-27 13:14:00,2.0,2021-12-27,2021-12-27,2021,2021,Monday,Monday,13:12,13:14,792,794,NON_WEEKEND,NON_WEEKEND_GAP,78,78,2,P78_C78_D2
2021-12-27 15:31:00,2021-12-27 15:33:00,2.0,2021-12-27,2021-12-27,2021,2021,Monday,Monday,15:31,15:33,931,933,NON_WEEKEND,NON_WEEKEND_GAP,89,89,2,P89_C89_D2
2021-12-27 16:21:00,2021-12-27 16:23:00,2.0,2021-12-27,2021-12-27,2021,2021,Monday,Monday,16:21,16:23,981,983,NON_WEEKEND,NON_WEEKEND_GAP,94,94,2,P94_C94_D2
2021-12-27 16:47:00,2021-12-27 16:49:00,2.0,2021-12-27,2021-12-27,2021,2021,Monday,Monday,16:47,16:49,1007,1009,NON_WEEKEND,NON_WEEKEND_GAP,97,96,2,P97_C96_D2
2021-12-27 17:15:00,2021-12-27 17:18:00,3.0,2021-12-27,2021-12-27,2021,2021,Monday,Monday,17:15,17:18,1035,1038,NON_WEEKEND,NON_WEEKEND_GAP,100,99,4,P100_C99_D4
2021-12-27 17:24:00,2021-12-27 17:28:00,4.0,2021-12-27,2021-12-27,2021,2021,Monday,Monday,17:24,17:28,1044,1048,NON_WEEKEND,NON_WEEKEND_GAP,100,100,4,P100_C100_D4
2021-12-27 17:32:00,2021-12-27 17:35:00,3.0,2021-12-27,2021-12-27,2021,2021,Monday,Monday,17:32,17:35,1052,1055,NON_WEEKEND,NON_WEEKEND_GAP,101,100,4,P101_C100_D4
2021-12-27 17:54:00,2021-12-27 17:57:00,3.0,2021-12-27,2021-12-27,2021,2021,Monday,Monday,17:54,17:57,1074,1077,NON_WEEKEND,NON_WEEKEND_GAP,103,102,4,P103_C102_D4
2021-12-27 22:18:00,2021-12-27 22:24:00,6.0,2021-12-27,2021-12-27,2021,2021,Monday,Monday,22:18,22:24,1338,1344,NON_WEEKEND,NON_WEEKEND_GAP,129,129,6,P129_C129_D6
2021-12-27 23:45:00,2021-12-27 23:52:00,7.0,2021-12-27,2021-12-27,2021,2021,Monday,Monday,23:45,23:52,1425,1432,NON_WEEKEND,NON_WEEKEND_GAP,138,138,8,P138_C138_D8
2021-12-28 00:18:00,2021-12-28 00:21:00,3.0,2021-12-28,2021-12-28,2021,2021,Tuesday,Tuesday,00:18,00:21,18,21,NON_WEEKEND,NON_WEEKEND_GAP,2,3,4,P2_C3_D4
2021-12-28 00:25:00,2021-12-28 00:28:00,3.0,2021-12-28,2021-12-28,2021,2021,Tuesday,Tuesday,00:25,00:28,25,28,NON_WEEKEND,NON_WEEKEND_GAP,3,3,4,P3_C3_D4
2021-12-28 00:48:00,2021-12-28 00:51:00,3.0,2021-12-28,2021-12-28,2021,2021,Tuesday,Tuesday,00:48,00:51,48,51,NON_WEEKEND,NON_WEEKEND_GAP,5,6,4,P5_C6_D4
2021-12-28 01:02:00,2021-12-28 01:05:00,3.0,2021-12-28,2021-12-28,2021,2021,Tuesday,Tuesday,01:02,01:05,62,65,NON_WEEKEND,NON_WEEKEND_GAP,7,7,4,P7_C7_D4
2021-12-28 01:11:00,2021-12-28 01:14:00,3.0,2021-12-28,2021-12-28,2021,2021,Tuesday,Tuesday,01:11,01:14,71,74,NON_WEEKEND,NON_WEEKEND_GAP,8,8,4,P8_C8_D4
2021-12-28 01:14:00,2021-12-28 01:18:00,4.0,2021-12-28,2021-12-28,2021,2021,Tuesday,Tuesday,01:14,01:18,74,78,NON_WEEKEND,NON_WEEKEND_GAP,8,8,4,P8_C8_D4
2021-12-28 01:38:00,2021-12-28 01:41:00,3.0,2021-12-28,2021-12-28,2021,2021,Tuesday,Tuesday,01:38,01:41,98,101,NON_WEEKEND,NON_WEEKEND_GAP,10,10,4,P10_C10_D4
2021-12-28 02:14:00,2021-12-28 02:17:00,3.0,2021-12-28,2021-12-28,2021,2021,Tuesday,Tuesday,02:14,02:17,134,137,NON_WEEKEND,NON_WEEKEND_GAP,14,14,4,P14_C14_D4
2021-12-28 02:26:00,2021-12-28 02:29:00,3.0,2021-12-28,2021-12-28,2021,2021,Tuesday,Tuesday,02:26,02:29,146,149,NON_WEEKEND,NON_WEEKEND_GAP,15,15,4,P15_C15_D4
2021-12-28 02:32:00,2021-12-28 02:35:00,3.0,2021-12-28,2021-12-28,2021,2021,Tuesday,Tuesday,02:32,02:35,152,155,NON_WEEKEND,NON_WEEKEND_GAP,16,16,4,P16_C16_D4
2021-12-28 02:43:00,2021-12-28 02:49:00,6.0,2021-12-28,2021-12-28,2021,2021,Tuesday,Tuesday,02:43,02:49,163,169,NON_WEEKEND,NON_WEEKEND_GAP,17,17,6,P17_C17_D6
2021-12-28 05:19:00,2021-12-28 05:22:00,3.0,2021-12-28,2021-12-28,2021,2021,Tuesday,Tuesday,05:19,05:22,319,322,NON_WEEKEND,NON_WEEKEND_GAP,32,33,4,P32_C33_D4
2021-12-28 05:34:00,2021-12-28 05:39:00,5.0,2021-12-28,2021-12-28,2021,2021,Tuesday,Tuesday,05:34,05:39,334,339,NON_WEEKEND,NON_WEEKEND_GAP,34,34,4,P34_C34_D4
2021-12-28 05:43:00,2021-12-28 05:51:00,8.0,2021-12-28,2021-12-28,2021,2021,Tuesday,Tuesday,05:43,05:51,343,351,NON_WEEKEND,NON_WEEKEND_GAP,35,35,8,P35_C35_D8
2021-12-28 06:52:00,2021-12-28 06:55:00,3.0,2021-12-28,2021-12-28,2021,2021,Tuesday,Tuesday,06:52,06:55,412,415,NON_WEEKEND,NON_WEEKEND_GAP,42,42,4,P42_C42_D4
2021-12-28 07:04:00,2021-12-28 07:07:00,3.0,2021-12-28,2021-12-28,2021,2021,Tuesday,Tuesday,07:04,07:07,424,427,NON_WEEKEND,NON_WEEKEND_GAP,43,43,4,P43_C43_D4
2021-12-28 07:13:00,2021-12-28 07:15:00,2.0,2021-12-28,2021-12-28,2021,2021,Tuesday,Tuesday,07:13,07:15,433,435,NON_WEEKEND,NON_WEEKEND_GAP,44,44,2,P44_C44_D2
2021-12-28 07:30:00,2021-12-28 07:32:00,2.0,2021-12-28,2021-12-28,2021,2021,Tuesday,Tuesday,07:30,07:32,450,452,NON_WEEKEND,NON_WEEKEND_GAP,46,46,2,P46_C46_D2
2021-12-28 08:14:00,2021-12-28 08:16:00,2.0,2021-12-28,2021-12-28,2021,2021,Tuesday,Tuesday,08:14,08:16,494,496,NON_WEEKEND,NON_WEEKEND_GAP,50,50,2,P50_C50_D2
2021-12-28 10:48:00,2021-12-28 10:50:00,2.0,2021-12-28,2021-12-28,2021,2021,Tuesday,Tuesday,10:48,10:50,648,650,NON_WEEKEND,NON_WEEKEND_GAP,65,65,2,P65_C65_D2
2021-12-28 10:50:00,2021-12-28 10:52:00,2.0,2021-12-28,2021-12-28,2021,2021,Tuesday,Tuesday,10:50,10:52,650,652,NON_WEEKEND,NON_WEEKEND_GAP,65,65,2,P65_C65_D2
2021-12-28 16:17:00,2021-12-28 16:20:00,3.0,2021-12-28,2021-12-28,2021,2021,Tuesday,Tuesday,16:17,16:20,977,980,NON_WEEKEND,NON_WEEKEND_GAP,94,93,4,P94_C93_D4
2021-12-28 16:58:00,2021-12-28 17:00:00,2.0,2021-12-28,2021-12-28,2021,2021,Tuesday,Tuesday,16:58,17:00,1018,1020,NON_WEEKEND,NON_WEEKEND_GAP,98,97,2,P98_C97_D2
2021-12-28 17:13:00,2021-12-28 17:15:00,2.0,2021-12-28,2021-12-28,2021,2021,Tuesday,Tuesday,17:13,17:15,1033,1035,NON_WEEKEND,NON_WEEKEND_GAP,99,98,2,P99_C98_D2
2021-12-28 18:58:00,2021-12-28 19:00:00,2.0,2021-12-28,2021-12-28,2021,2021,Tuesday,Tuesday,18:58,19:00,1138,1140,NON_WEEKEND,NON_WEEKEND_GAP,110,108,2,P110_C108_D2
2021-12-28 23:03:00,2021-12-28 23:10:00,7.0,2021-12-28,2021-12-28,2021,2021,Tuesday,Tuesday,23:03,23:10,1383,1390,NON_WEEKEND,NON_WEEKEND_GAP,134,133,8,P134_C133_D8
2021-12-28 23:37:00,2021-12-28 23:43:00,6.0,2021-12-28,2021-12-28,2021,2021,Tuesday,Tuesday,23:37,23:43,1417,1423,NON_WEEKEND,NON_WEEKEND_GAP,137,137,6,P137_C137_D6
2021-12-29 00:19:00,2021-12-29 00:22:00,3.0,2021-12-29,2021-12-29,2021,2021,Wednesday,Wednesday,00:19,00:22,19,22,NON_WEEKEND,NON_WEEKEND_GAP,2,3,4,P2_C3_D4
2021-12-29 00:24:00,2021-12-29 00:27:00,3.0,2021-12-29,2021-12-29,2021,2021,Wednesday,Wednesday,00:24,00:27,24,27,NON_WEEKEND,NON_WEEKEND_GAP,3,3,4,P3_C3_D4
2021-12-29 00:27:00,2021-12-29 00:30:00,3.0,2021-12-29,2021-12-29,2021,2021,Wednesday,Wednesday,00:27,00:30,27,30,NON_WEEKEND,NON_WEEKEND_GAP,3,4,4,P3_C4_D4
2021-12-29 00:30:00,2021-12-29 00:37:00,7.0,2021-12-29,2021-12-29,2021,2021,Wednesday,Wednesday,00:30,00:37,30,37,NON_WEEKEND,NON_WEEKEND_GAP,4,4,8,P4_C4_D8
2021-12-29 00:39:00,2021-12-29 00:42:00,3.0,2021-12-29,2021-12-29,2021,2021,Wednesday,Wednesday,00:39,00:42,39,42,NON_WEEKEND,NON_WEEKEND_GAP,4,5,4,P4_C5_D4
2021-12-29 00:45:00,2021-12-29 00:50:00,5.0,2021-12-29,2021-12-29,2021,2021,Wednesday,Wednesday,00:45,00:50,45,50,NON_WEEKEND,NON_WEEKEND_GAP,5,6,4,P5_C6_D4
2021-12-29 00:58:00,2021-12-29 01:00:00,2.0,2021-12-29,2021-12-29,2021,2021,Wednesday,Wednesday,00:58,01:00,58,60,NON_WEEKEND,NON_WEEKEND_GAP,6,7,2,P6_C7_D2
2021-12-29 01:09:00,2021-12-29 01:12:00,3.0,2021-12-29,2021-12-29,2021,2021,Wednesday,Wednesday,01:09,01:12,69,72,NON_WEEKEND,NON_WEEKEND_GAP,7,8,4,P7_C8_D4
2021-12-29 02:23:00,2021-12-29 02:30:00,7.0,2021-12-29,2021-12-29,2021,2021,Wednesday,Wednesday,02:23,02:30,143,150,NON_WEEKEND,NON_WEEKEND_GAP,15,15,8,P15_C15_D8
2021-12-29 02:30:00,2021-12-29 02:35:00,5.0,2021-12-29,2021-12-29,2021,2021,Wednesday,Wednesday,02:30,02:35,150,155,NON_WEEKEND,NON_WEEKEND_GAP,16,16,4,P16_C16_D4
2021-12-29 05:00:00,2021-12-29 05:04:00,4.0,2021-12-29,2021-12-29,2021,2021,Wednesday,Wednesday,05:00,05:04,300,304,NON_WEEKEND,NON_WEEKEND_GAP,31,31,4,P31_C31_D4
2021-12-29 05:04:00,2021-12-29 05:08:00,4.0,2021-12-29,2021-12-29,2021,2021,Wednesday,Wednesday,05:04,05:08,304,308,NON_WEEKEND,NON_WEEKEND_GAP,31,31,4,P31_C31_D4
2021-12-29 05:36:00,2021-12-29 05:39:00,3.0,2021-12-29,2021-12-29,2021,2021,Wednesday,Wednesday,05:36,05:39,336,339,NON_WEEKEND,NON_WEEKEND_GAP,34,34,4,P34_C34_D4
2021-12-29 05:39:00,2021-12-29 05:42:00,3.0,2021-12-29,2021-12-29,2021,2021,Wednesday,Wednesday,05:39,05:42,339,342,NON_WEEKEND,NON_WEEKEND_GAP,34,35,4,P34_C35_D4
2021-12-29 05:55:00,2021-12-29 05:58:00,3.0,2021-12-29,2021-12-29,2021,2021,Wednesday,Wednesday,05:55,05:58,355,358,NON_WEEKEND,NON_WEEKEND_GAP,36,36,4,P36_C36_D4
2021-12-29 06:43:00,2021-12-29 06:46:00,3.0,2021-12-29,2021-12-29,2021,2021,Wednesday,Wednesday,06:43,06:46,403,406,NON_WEEKEND,NON_WEEKEND_GAP,41,41,4,P41_C41_D4
2021-12-29 07:10:00,2021-12-29 07:12:00,2.0,2021-12-29,2021-12-29,2021,2021,Wednesday,Wednesday,07:10,07:12,430,432,NON_WEEKEND,NON_WEEKEND_GAP,44,44,2,P44_C44_D2
2021-12-29 07:28:00,2021-12-29 07:30:00,2.0,2021-12-29,2021-12-29,2021,2021,Wednesday,Wednesday,07:28,07:30,448,450,NON_WEEKEND,NON_WEEKEND_GAP,45,45,2,P45_C45_D2
2021-12-29 07:34:00,2021-12-29 07:36:00,2.0,2021-12-29,2021-12-29,2021,2021,Wednesday,Wednesday,07:34,07:36,454,456,NON_WEEKEND,NON_WEEKEND_GAP,46,46,2,P46_C46_D2
2021-12-29 09:32:00,2021-12-29 09:34:00,2.0,2021-12-29,2021-12-29,2021,2021,Wednesday,Wednesday,09:32,09:34,572,574,NON_WEEKEND,NON_WEEKEND_GAP,58,58,2,P58_C58_D2
2021-12-29 11:14:00,2021-12-29 11:16:00,2.0,2021-12-29,2021-12-29,2021,2021,Wednesday,Wednesday,11:14,11:16,674,676,NON_WEEKEND,NON_WEEKEND_GAP,67,68,2,P67_C68_D2
2021-12-29 19:37:00,2021-12-29 19:40:00,3.0,2021-12-29,2021-12-29,2021,2021,Wednesday,Wednesday,19:37,19:40,1177,1180,NON_WEEKEND,NON_WEEKEND_GAP,113,112,4,P113_C112_D4
2021-12-29 22:07:00,2021-12-29 22:30:00,23.0,2021-12-29,2021-12-29,2021,2021,Wednesday,Wednesday,22:07,22:30,1327,1350,NON_WEEKEND,NON_WEEKEND_GAP,128,129,24,P128_C129_D24
2021-12-29 22:47:00,2021-12-29 22:52:00,5.0,2021-12-29,2021-12-29,2021,2021,Wednesday,Wednesday,22:47,22:52,1367,1372,NON_WEEKEND,NON_WEEKEND_GAP,132,132,4,P132_C132_D4
2021-12-29 23:23:00,2021-12-29 23:30:00,7.0,2021-12-29,2021-12-29,2021,2021,Wednesday,Wednesday,23:23,23:30,1403,1410,NON_WEEKEND,NON_WEEKEND_GAP,136,135,8,P136_C135_D8
2021-12-30 00:15:00,2021-12-30 00:20:00,5.0,2021-12-30,2021-12-30,2021,2021,Thursday,Thursday,00:15,00:20,15,20,NON_WEEKEND,NON_WEEKEND_GAP,2,3,4,P2_C3_D4
2021-12-30 01:27:00,2021-12-30 01:31:00,4.0,2021-12-30,2021-12-30,2021,2021,Thursday,Thursday,01:27,01:31,87,91,NON_WEEKEND,NON_WEEKEND_GAP,9,9,4,P9_C9_D4
2021-12-30 02:16:00,2021-12-30 02:19:00,3.0,2021-12-30,2021-12-30,2021,2021,Thursday,Thursday,02:16,02:19,136,139,NON_WEEKEND,NON_WEEKEND_GAP,14,14,4,P14_C14_D4
2021-12-30 02:19:00,2021-12-30 02:22:00,3.0,2021-12-30,2021-12-30,2021,2021,Thursday,Thursday,02:19,02:22,139,142,NON_WEEKEND,NON_WEEKEND_GAP,14,15,4,P14_C15_D4
2021-12-30 02:22:00,2021-12-30 02:25:00,3.0,2021-12-30,2021-12-30,2021,2021,Thursday,Thursday,02:22,02:25,142,145,NON_WEEKEND,NON_WEEKEND_GAP,15,15,4,P15_C15_D4
2021-12-30 02:27:00,2021-12-30 02:30:00,3.0,2021-12-30,2021-12-30,2021,2021,Thursday,Thursday,02:27,02:30,147,150,NON_WEEKEND,NON_WEEKEND_GAP,15,15,4,P15_C15_D4
2021-12-30 04:53:00,2021-12-30 05:00:00,7.0,2021-12-30,2021-12-30,2021,2021,Thursday,Thursday,04:53,05:00,293,300,NON_WEEKEND,NON_WEEKEND_GAP,30,30,8,P30_C30_D8
2021-12-30 05:04:00,2021-12-30 05:07:00,3.0,2021-12-30,2021-12-30,2021,2021,Thursday,Thursday,05:04,05:07,304,307,NON_WEEKEND,NON_WEEKEND_GAP,31,31,4,P31_C31_D4
2021-12-30 05:08:00,2021-12-30 05:13:00,5.0,2021-12-30,2021-12-30,2021,2021,Thursday,Thursday,05:08,05:13,308,313,NON_WEEKEND,NON_WEEKEND_GAP,31,32,4,P31_C32_D4
2021-12-30 05:21:00,2021-12-30 05:26:00,5.0,2021-12-30,2021-12-30,2021,2021,Thursday,Thursday,05:21,05:26,321,326,NON_WEEKEND,NON_WEEKEND_GAP,33,33,4,P33_C33_D4
2021-12-30 05:50:00,2021-12-30 05:55:00,5.0,2021-12-30,2021-12-30,2021,2021,Thursday,Thursday,05:50,05:55,350,355,NON_WEEKEND,NON_WEEKEND_GAP,36,36,4,P36_C36_D4
2021-12-30 07:52:00,2021-12-30 07:54:00,2.0,2021-12-30,2021-12-30,2021,2021,Thursday,Thursday,07:52,07:54,472,474,NON_WEEKEND,NON_WEEKEND_GAP,48,48,2,P48_C48_D2
2021-12-30 17:06:00,2021-12-30 17:08:00,2.0,2021-12-30,2021-12-30,2021,2021,Thursday,Thursday,17:06,17:08,1026,1028,NON_WEEKEND,NON_WEEKEND_GAP,99,98,2,P99_C98_D2
2021-12-30 17:08:00,2021-12-30 17:11:00,3.0,2021-12-30,2021-12-30,2021,2021,Thursday,Thursday,17:08,17:11,1028,1031,NON_WEEKEND,NON_WEEKEND_GAP,99,98,4,P99_C98_D4
2021-12-30 18:05:00,2021-12-30 18:08:00,3.0,2021-12-30,2021-12-30,2021,2021,Thursday,Thursday,18:05,18:08,1085,1088,NON_WEEKEND,NON_WEEKEND_GAP,104,103,4,P104_C103_D4
2021-12-30 18:20:00,2021-12-30 18:24:00,4.0,2021-12-30,2021-12-30,2021,2021,Thursday,Thursday,18:20,18:24,1100,1104,NON_WEEKEND,NON_WEEKEND_GAP,106,105,4,P106_C105_D4
2021-12-30 21:49:00,2021-12-30 21:52:00,3.0,2021-12-30,2021-12-30,2021,2021,Thursday,Thursday,21:49,21:52,1309,1312,NON_WEEKEND,NON_WEEKEND_GAP,126,126,4,P126_C126_D4
2021-12-30 22:34:00,2021-12-30 22:42:00,8.0,2021-12-30,2021-12-30,2021,2021,Thursday,Thursday,22:34,22:42,1354,1362,NON_WEEKEND,NON_WEEKEND_GAP,131,131,8,P131_C131_D8
2021-12-30 22:48:00,2021-12-30 22:53:00,5.0,2021-12-30,2021-12-30,2021,2021,Thursday,Thursday,22:48,22:53,1368,1373,NON_WEEKEND,NON_WEEKEND_GAP,132,132,4,P132_C132_D4
2021-12-31 00:08:00,2021-12-31 00:12:00,4.0,2021-12-31,2021-12-31,2021,2021,Friday,Friday,00:08,00:12,8,12,NON_WEEKEND,NON_WEEKEND_GAP,1,2,4,P1_C2_D4
2021-12-31 00:21:00,2021-12-31 00:25:00,4.0,2021-12-31,2021-12-31,2021,2021,Friday,Friday,00:21,00:25,21,25,NON_WEEKEND,NON_WEEKEND_GAP,3,3,4,P3_C3_D4
2021-12-31 00:32:00,2021-12-31 00:39:00,7.0,2021-12-31,2021-12-31,2021,2021,Friday,Friday,00:32,00:39,32,39,NON_WEEKEND,NON_WEEKEND_GAP,4,4,8,P4_C4_D8
2021-12-31 00:39:00,2021-12-31 00:46:00,7.0,2021-12-31,2021-12-31,2021,2021,Friday,Friday,00:39,00:46,39,46,NON_WEEKEND,NON_WEEKEND_GAP,4,5,8,P4_C5_D8
2021-12-31 00:49:00,2021-12-31 00:51:00,2.0,2021-12-31,2021-12-31,2021,2021,Friday,Friday,00:49,00:51,49,51,NON_WEEKEND,NON_WEEKEND_GAP,5,6,2,P5_C6_D2
2021-12-31 00:51:00,2021-12-31 01:00:00,9.0,2021-12-31,2021-12-31,2021,2021,Friday,Friday,00:51,01:00,51,60,NON_WEEKEND,NON_WEEKEND_GAP,6,7,8,P6_C7_D8
2021-12-31 01:35:00,2021-12-31 01:38:00,3.0,2021-12-31,2021-12-31,2021,2021,Friday,Friday,01:35,01:38,95,98,NON_WEEKEND,NON_WEEKEND_GAP,10,10,4,P10_C10_D4
2021-12-31 02:22:00,2021-12-31 02:27:00,5.0,2021-12-31,2021-12-31,2021,2021,Friday,Friday,02:22,02:27,142,147,NON_WEEKEND,NON_WEEKEND_GAP,15,15,4,P15_C15_D4
2021-12-31 02:38:00,2021-12-31 02:42:00,4.0,2021-12-31,2021-12-31,2021,2021,Friday,Friday,02:38,02:42,158,162,NON_WEEKEND,NON_WEEKEND_GAP,16,17,4,P16_C17_D4
2021-12-31 03:19:00,2021-12-31 03:22:00,3.0,2021-12-31,2021-12-31,2021,2021,Friday,Friday,03:19,03:22,199,202,NON_WEEKEND,NON_WEEKEND_GAP,20,21,4,P20_C21_D4
2021-12-31 04:18:00,2021-12-31 04:23:00,5.0,2021-12-31,2021-12-31,2021,2021,Friday,Friday,04:18,04:23,258,263,NON_WEEKEND,NON_WEEKEND_GAP,26,27,4,P26_C27_D4
2021-12-31 04:28:00,2021-12-31 04:32:00,4.0,2021-12-31,2021-12-31,2021,2021,Friday,Friday,04:28,04:32,268,272,NON_WEEKEND,NON_WEEKEND_GAP,27,28,4,P27_C28_D4
2021-12-31 04:58:00,2021-12-31 05:02:00,4.0,2021-12-31,2021-12-31,2021,2021,Friday,Friday,04:58,05:02,298,302,NON_WEEKEND,NON_WEEKEND_GAP,30,31,4,P30_C31_D4
2021-12-31 05:09:00,2021-12-31 05:14:00,5.0,2021-12-31,2021-12-31,2021,2021,Friday,Friday,05:09,05:14,309,314,NON_WEEKEND,NON_WEEKEND_GAP,31,32,4,P31_C32_D4
2021-12-31 05:25:00,2021-12-31 05:28:00,3.0,2021-12-31,2021-12-31,2021,2021,Friday,Friday,05:25,05:28,325,328,NON_WEEKEND,NON_WEEKEND_GAP,33,33,4,P33_C33_D4
2021-12-31 05:32:00,2021-12-31 05:36:00,4.0,2021-12-31,2021-12-31,2021,2021,Friday,Friday,05:32,05:36,332,336,NON_WEEKEND,NON_WEEKEND_GAP,34,34,4,P34_C34_D4
2021-12-31 06:19:00,2021-12-31 06:23:00,4.0,2021-12-31,2021-12-31,2021,2021,Friday,Friday,06:19,06:23,379,383,NON_WEEKEND,NON_WEEKEND_GAP,39,39,4,P39_C39_D4
2021-12-31 06:25:00,2021-12-31 06:28:00,3.0,2021-12-31,2021-12-31,2021,2021,Friday,Friday,06:25,06:28,385,388,NON_WEEKEND,NON_WEEKEND_GAP,39,39,4,P39_C39_D4
2021-12-31 07:07:00,2021-12-31 07:09:00,2.0,2021-12-31,2021-12-31,2021,2021,Friday,Friday,07:07,07:09,427,429,NON_WEEKEND,NON_WEEKEND_GAP,43,43,2,P43_C43_D2
2021-12-31 07:15:00,2021-12-31 07:18:00,3.0,2021-12-31,2021-12-31,2021,2021,Friday,Friday,07:15,07:18,435,438,NON_WEEKEND,NON_WEEKEND_GAP,44,44,4,P44_C44_D4
2021-12-31 09:19:00,2021-12-31 09:22:00,3.0,2021-12-31,2021-12-31,2021,2021,Friday,Friday,09:19,09:22,559,562,NON_WEEKEND,NON_WEEKEND_GAP,57,57,4,P57_C57_D4
2021-12-31 17:04:00,2021-12-31 17:06:00,2.0,2021-12-31,2021-12-31,2021,2021,Friday,Friday,17:04,17:06,1024,1026,NON_WEEKEND,NON_WEEKEND_GAP,99,98,2,P99_C98_D2
2021-12-31 18:38:00,2021-12-31 18:40:00,2.0,2021-12-31,2021-12-31,2021,2021,Friday,Friday,18:38,18:40,1118,1120,NON_WEEKEND,NON_WEEKEND_GAP,108,106,2,P108_C106_D2
2021-12-31 19:09:00,2021-12-31 19:11:00,2.0,2021-12-31,2021-12-31,2021,2021,Friday,Friday,19:09,19:11,1149,1151,NON_WEEKEND,NON_WEEKEND_GAP,111,109,2,P111_C109_D2
2021-12-31 19:19:00,2021-12-31 19:22:00,3.0,2021-12-31,2021-12-31,2021,2021,Friday,Friday,19:19,19:22,1159,1162,NON_WEEKEND,NON_WEEKEND_GAP,111,111,4,P111_C111_D4
2021-12-31 19:33:00,2021-12-31 19:40:00,7.0,2021-12-31,2021-12-31,2021,2021,Friday,Friday,19:33,19:40,1173,1180,NON_WEEKEND,NON_WEEKEND_GAP,113,112,8,P113_C112_D8
2022-01-02 22:54:00,2022-01-02 23:00:00,6.0,2022-01-02,2022-01-02,2022,2022,Sunday,Sunday,22:54,23:00,1374,1380,NON_WEEKEND,NON_WEEKEND_GAP,133,132,6,P133_C132_D6
2022-01-03 04:18:00,2022-01-03 04:22:00,4.0,2022-01-03,2022-01-03,2022,2022,Monday,Monday,04:18,04:22,258,262,NON_WEEKEND,NON_WEEKEND_GAP,26,27,4,P26_C27_D4
2022-01-03 05:09:00,2022-01-03 05:14:00,5.0,2022-01-03,2022-01-03,2022,2022,Monday,Monday,05:09,05:14,309,314,NON_WEEKEND,NON_WEEKEND_GAP,31,32,4,P31_C32_D4
2022-01-03 05:35:00,2022-01-03 05:38:00,3.0,2022-01-03,2022-01-03,2022,2022,Monday,Monday,05:35,05:38,335,338,NON_WEEKEND,NON_WEEKEND_GAP,34,34,4,P34_C34_D4
2022-01-03 08:16:00,2022-01-03 08:18:00,2.0,2022-01-03,2022-01-03,2022,2022,Monday,Monday,08:16,08:18,496,498,NON_WEEKEND,NON_WEEKEND_GAP,50,50,2,P50_C50_D2
2022-01-04 00:18:00,2022-01-04 00:22:00,4.0,2022-01-04,2022-01-04,2022,2022,Tuesday,Tuesday,00:18,00:22,18,22,NON_WEEKEND,NON_WEEKEND_GAP,2,3,4,P2_C3_D4
2022-01-04 00:48:00,2022-01-04 00:50:00,2.0,2022-01-04,2022-01-04,2022,2022,Tuesday,Tuesday,00:48,00:50,48,50,NON_WEEKEND,NON_WEEKEND_GAP,5,6,2,P5_C6_D2
2022-01-04 02:19:00,2022-01-04 02:22:00,3.0,2022-01-04,2022-01-04,2022,2022,Tuesday,Tuesday,02:19,02:22,139,142,NON_WEEKEND,NON_WEEKEND_GAP,14,15,4,P14_C15_D4
2022-01-05 00:09:00,2022-01-05 00:14:00,5.0,2022-01-05,2022-01-05,2022,2022,Wednesday,Wednesday,00:09,00:14,9,14,NON_WEEKEND,NON_WEEKEND_GAP,1,2,4,P1_C2_D4
2022-01-05 00:58:00,2022-01-05 01:00:00,2.0,2022-01-05,2022-01-05,2022,2022,Wednesday,Wednesday,00:58,01:00,58,60,NON_WEEKEND,NON_WEEKEND_GAP,6,7,2,P6_C7_D2
2022-01-05 07:15:00,2022-01-05 07:17:00,2.0,2022-01-05,2022-01-05,2022,2022,Wednesday,Wednesday,07:15,07:17,435,437,NON_WEEKEND,NON_WEEKEND_GAP,44,44,2,P44_C44_D2
2022-01-05 07:25:00,2022-01-05 07:27:00,2.0,2022-01-05,2022-01-05,2022,2022,Wednesday,Wednesday,07:25,07:27,445,447,NON_WEEKEND,NON_WEEKEND_GAP,45,45,2,P45_C45_D2
2022-01-05 07:48:00,2022-01-05 07:50:00,2.0,2022-01-05,2022-01-05,2022,2022,Wednesday,Wednesday,07:48,07:50,468,470,NON_WEEKEND,NON_WEEKEND_GAP,47,47,2,P47_C47_D2
2022-01-05 18:19:00,2022-01-05 18:21:00,2.0,2022-01-05,2022-01-05,2022,2022,Wednesday,Wednesday,18:19,18:21,1099,1101,NON_WEEKEND,NON_WEEKEND_GAP,106,104,2,P106_C104_D2
2022-01-05 18:43:00,2022-01-05 18:46:00,3.0,2022-01-05,2022-01-05,2022,2022,Wednesday,Wednesday,18:43,18:46,1123,1126,NON_WEEKEND,NON_WEEKEND_GAP,108,107,4,P108_C107_D4
2022-01-05 22:08:00,2022-01-05 22:19:00,11.0,2022-01-05,2022-01-05,2022,2022,Wednesday,Wednesday,22:08,22:19,1328,1339,NON_WEEKEND,NON_WEEKEND_GAP,128,128,12,P128_C128_D12
2022-01-05 23:20:00,2022-01-05 23:34:00,14.0,2022-01-05,2022-01-05,2022,2022,Wednesday,Wednesday,23:20,23:34,1400,1414,NON_WEEKEND,NON_WEEKEND_GAP,136,136,14,P136_C136_D14
2022-01-06 00:16:00,2022-01-06 00:20:00,4.0,2022-01-06,2022-01-06,2022,2022,Thursday,Thursday,00:16,00:20,16,20,NON_WEEKEND,NON_WEEKEND_GAP,2,3,4,P2_C3_D4
2022-01-06 00:48:00,2022-01-06 00:50:00,2.0,2022-01-06,2022-01-06,2022,2022,Thursday,Thursday,00:48,00:50,48,50,NON_WEEKEND,NON_WEEKEND_GAP,5,6,2,P5_C6_D2
2022-01-06 01:02:00,2022-01-06 01:05:00,3.0,2022-01-06,2022-01-06,2022,2022,Thursday,Thursday,01:02,01:05,62,65,NON_WEEKEND,NON_WEEKEND_GAP,7,7,4,P7_C7_D4
2022-01-06 22:01:00,2022-01-06 22:07:00,6.0,2022-01-06,2022-01-06,2022,2022,Thursday,Thursday,22:01,22:07,1321,1327,NON_WEEKEND,NON_WEEKEND_GAP,128,127,6,P128_C127_D6
2022-01-06 22:08:00,2022-01-06 22:14:00,6.0,2022-01-06,2022-01-06,2022,2022,Thursday,Thursday,22:08,22:14,1328,1334,NON_WEEKEND,NON_WEEKEND_GAP,128,128,6,P128_C128_D6
2022-01-07 00:05:00,2022-01-07 00:08:00,3.0,2022-01-07,2022-01-07,2022,2022,Friday,Friday,00:05,00:08,5,8,NON_WEEKEND,NON_WEEKEND_GAP,1,1,4,P1_C1_D4
2022-01-07 01:06:00,2022-01-07 01:09:00,3.0,2022-01-07,2022-01-07,2022,2022,Friday,Friday,01:06,01:09,66,69,NON_WEEKEND,NON_WEEKEND_GAP,7,7,4,P7_C7_D4
2022-01-07 03:05:00,2022-01-07 03:08:00,3.0,2022-01-07,2022-01-07,2022,2022,Friday,Friday,03:05,03:08,185,188,NON_WEEKEND,NON_WEEKEND_GAP,19,19,4,P19_C19_D4
2022-01-07 04:09:00,2022-01-07 04:12:00,3.0,2022-01-07,2022-01-07,2022,2022,Friday,Friday,04:09,04:12,249,252,NON_WEEKEND,NON_WEEKEND_GAP,25,26,4,P25_C26_D4
2022-01-07 05:22:00,2022-01-07 05:25:00,3.0,2022-01-07,2022-01-07,2022,2022,Friday,Friday,05:22,05:25,322,325,NON_WEEKEND,NON_WEEKEND_GAP,33,33,4,P33_C33_D4
2022-01-07 05:57:00,2022-01-07 06:00:00,3.0,2022-01-07,2022-01-07,2022,2022,Friday,Friday,05:57,06:00,357,360,NON_WEEKEND,NON_WEEKEND_GAP,36,36,4,P36_C36_D4
2022-01-07 11:41:00,2022-01-07 11:43:00,2.0,2022-01-07,2022-01-07,2022,2022,Friday,Friday,11:41,11:43,701,703,NON_WEEKEND,NON_WEEKEND_GAP,70,70,2,P70_C70_D2
2022-01-07 16:37:00,2022-01-07 16:39:00,2.0,2022-01-07,2022-01-07,2022,2022,Friday,Friday,16:37,16:39,997,999,NON_WEEKEND,NON_WEEKEND_GAP,96,95,2,P96_C95_D2
2022-01-10 00:10:00,2022-01-10 00:16:00,6.0,2022-01-10,2022-01-10,2022,2022,Monday,Monday,00:10,00:16,10,16,NON_WEEKEND,NON_WEEKEND_GAP,2,2,6,P2_C2_D6
2022-01-10 00:18:00,2022-01-10 00:22:00,4.0,2022-01-10,2022-01-10,2022,2022,Monday,Monday,00:18,00:22,18,22,NON_WEEKEND,NON_WEEKEND_GAP,2,3,4,P2_C3_D4
2022-01-10 05:03:00,2022-01-10 05:06:00,3.0,2022-01-10,2022-01-10,2022,2022,Monday,Monday,05:03,05:06,303,306,NON_WEEKEND,NON_WEEKEND_GAP,31,31,4,P31_C31_D4
2022-01-10 05:39:00,2022-01-10 05:42:00,3.0,2022-01-10,2022-01-10,2022,2022,Monday,Monday,05:39,05:42,339,342,NON_WEEKEND,NON_WEEKEND_GAP,34,35,4,P34_C35_D4
2022-01-10 06:47:00,2022-01-10 06:51:00,4.0,2022-01-10,2022-01-10,2022,2022,Monday,Monday,06:47,06:51,407,411,NON_WEEKEND,NON_WEEKEND_GAP,41,41,4,P41_C41_D4
2022-01-11 00:07:00,2022-01-11 00:12:00,5.0,2022-01-11,2022-01-11,2022,2022,Tuesday,Tuesday,00:07,00:12,7,12,NON_WEEKEND,NON_WEEKEND_GAP,1,2,4,P1_C2_D4
2022-01-11 00:17:00,2022-01-11 00:21:00,4.0,2022-01-11,2022-01-11,2022,2022,Tuesday,Tuesday,00:17,00:21,17,21,NON_WEEKEND,NON_WEEKEND_GAP,2,3,4,P2_C3_D4
2022-01-11 00:49:00,2022-01-11 00:52:00,3.0,2022-01-11,2022-01-11,2022,2022,Tuesday,Tuesday,00:49,00:52,49,52,NON_WEEKEND,NON_WEEKEND_GAP,5,6,4,P5_C6_D4
2022-01-11 03:48:00,2022-01-11 03:53:00,5.0,2022-01-11,2022-01-11,2022,2022,Tuesday,Tuesday,03:48,03:53,228,233,NON_WEEKEND,NON_WEEKEND_GAP,23,24,4,P23_C24_D4
2022-01-11 05:25:00,2022-01-11 05:33:00,8.0,2022-01-11,2022-01-11,2022,2022,Tuesday,Tuesday,05:25,05:33,325,333,NON_WEEKEND,NON_WEEKEND_GAP,33,34,8,P33_C34_D8
2022-01-11 05:39:00,2022-01-11 05:42:00,3.0,2022-01-11,2022-01-11,2022,2022,Tuesday,Tuesday,05:39,05:42,339,342,NON_WEEKEND,NON_WEEKEND_GAP,34,35,4,P34_C35_D4
2022-01-12 00:38:00,2022-01-12 00:45:00,7.0,2022-01-12,2022-01-12,2022,2022,Wednesday,Wednesday,00:38,00:45,38,45,NON_WEEKEND,NON_WEEKEND_GAP,4,5,8,P4_C5_D8
2022-01-12 00:48:00,2022-01-12 00:50:00,2.0,2022-01-12,2022-01-12,2022,2022,Wednesday,Wednesday,00:48,00:50,48,50,NON_WEEKEND,NON_WEEKEND_GAP,5,6,2,P5_C6_D2
2022-01-12 04:24:00,2022-01-12 04:31:00,7.0,2022-01-12,2022-01-12,2022,2022,Wednesday,Wednesday,04:24,04:31,264,271,NON_WEEKEND,NON_WEEKEND_GAP,27,27,8,P27_C27_D8
2022-01-12 04:38:00,2022-01-12 04:49:00,11.0,2022-01-12,2022-01-12,2022,2022,Wednesday,Wednesday,04:38,04:49,278,289,NON_WEEKEND,NON_WEEKEND_GAP,28,29,12,P28_C29_D12
2022-01-12 05:08:00,2022-01-12 05:15:00,7.0,2022-01-12,2022-01-12,2022,2022,Wednesday,Wednesday,05:08,05:15,308,315,NON_WEEKEND,NON_WEEKEND_GAP,31,32,8,P31_C32_D8
2022-01-12 05:17:00,2022-01-12 05:22:00,5.0,2022-01-12,2022-01-12,2022,2022,Wednesday,Wednesday,05:17,05:22,317,322,NON_WEEKEND,NON_WEEKEND_GAP,32,33,4,P32_C33_D4
2022-01-12 05:29:00,2022-01-12 05:32:00,3.0,2022-01-12,2022-01-12,2022,2022,Wednesday,Wednesday,05:29,05:32,329,332,NON_WEEKEND,NON_WEEKEND_GAP,33,34,4,P33_C34_D4
2022-01-12 06:03:00,2022-01-12 06:07:00,4.0,2022-01-12,2022-01-12,2022,2022,Wednesday,Wednesday,06:03,06:07,363,367,NON_WEEKEND,NON_WEEKEND_GAP,37,37,4,P37_C37_D4
2022-01-12 09:29:00,2022-01-12 09:31:00,2.0,2022-01-12,2022-01-12,2022,2022,Wednesday,Wednesday,09:29,09:31,569,571,NON_WEEKEND,NON_WEEKEND_GAP,58,58,2,P58_C58_D2
2022-01-12 12:14:00,2022-01-12 12:16:00,2.0,2022-01-12,2022-01-12,2022,2022,Wednesday,Wednesday,12:14,12:16,734,736,NON_WEEKEND,NON_WEEKEND_GAP,73,73,2,P73_C73_D2
2022-01-12 22:16:00,2022-01-12 22:27:00,11.0,2022-01-12,2022-01-12,2022,2022,Wednesday,Wednesday,22:16,22:27,1336,1347,NON_WEEKEND,NON_WEEKEND_GAP,129,129,12,P129_C129_D12
2022-01-12 23:07:00,2022-01-12 23:12:00,5.0,2022-01-12,2022-01-12,2022,2022,Wednesday,Wednesday,23:07,23:12,1387,1392,NON_WEEKEND,NON_WEEKEND_GAP,134,134,4,P134_C134_D4
2022-01-12 23:12:00,2022-01-12 23:24:00,12.0,2022-01-12,2022-01-12,2022,2022,Wednesday,Wednesday,23:12,23:24,1392,1404,NON_WEEKEND,NON_WEEKEND_GAP,135,135,12,P135_C135_D12
2022-01-13 07:06:00,2022-01-13 07:08:00,2.0,2022-01-13,2022-01-13,2022,2022,Thursday,Thursday,07:06,07:08,426,428,NON_WEEKEND,NON_WEEKEND_GAP,43,43,2,P43_C43_D2
2022-01-13 07:08:00,2022-01-13 07:10:00,2.0,2022-01-13,2022-01-13,2022,2022,Thursday,Thursday,07:08,07:10,428,430,NON_WEEKEND,NON_WEEKEND_GAP,43,43,2,P43_C43_D2
2022-01-13 21:31:00,2022-01-13 21:38:00,7.0,2022-01-13,2022-01-13,2022,2022,Thursday,Thursday,21:31,21:38,1291,1298,NON_WEEKEND,NON_WEEKEND_GAP,125,124,8,P125_C124_D8
2022-01-13 22:24:00,2022-01-13 22:30:00,6.0,2022-01-13,2022-01-13,2022,2022,Thursday,Thursday,22:24,22:30,1344,1350,NON_WEEKEND,NON_WEEKEND_GAP,130,129,6,P130_C129_D6
2022-01-14 00:05:00,2022-01-14 00:08:00,3.0,2022-01-14,2022-01-14,2022,2022,Friday,Friday,00:05,00:08,5,8,NON_WEEKEND,NON_WEEKEND_GAP,1,1,4,P1_C1_D4
2022-01-14 00:18:00,2022-01-14 00:21:00,3.0,2022-01-14,2022-01-14,2022,2022,Friday,Friday,00:18,00:21,18,21,NON_WEEKEND,NON_WEEKEND_GAP,2,3,4,P2_C3_D4
2022-01-16 22:12:00,2022-01-16 22:19:00,7.0,2022-01-16,2022-01-16,2022,2022,Sunday,Sunday,22:12,22:19,1332,1339,NON_WEEKEND,NON_WEEKEND_GAP,129,128,8,P129_C128_D8
2022-01-16 22:19:00,2022-01-16 22:25:00,6.0,2022-01-16,2022-01-16,2022,2022,Sunday,Sunday,22:19,22:25,1339,1345,NON_WEEKEND,NON_WEEKEND_GAP,129,129,6,P129_C129_D6
2022-01-17 03:41:00,2022-01-17 03:47:00,6.0,2022-01-17,2022-01-17,2022,2022,Monday,Monday,03:41,03:47,221,227,NON_WEEKEND,NON_WEEKEND_GAP,23,23,6,P23_C23_D6
2022-01-17 07:52:00,2022-01-17 07:54:00,2.0,2022-01-17,2022-01-17,2022,2022,Monday,Monday,07:52,07:54,472,474,NON_WEEKEND,NON_WEEKEND_GAP,48,48,2,P48_C48_D2
2022-01-17 18:10:00,2022-01-17 18:15:00,5.0,2022-01-17,2022-01-17,2022,2022,Monday,Monday,18:10,18:15,1090,1095,NON_WEEKEND,NON_WEEKEND_GAP,105,104,4,P105_C104_D4
2022-01-17 18:18:00,2022-01-17 18:21:00,3.0,2022-01-17,2022-01-17,2022,2022,Monday,Monday,18:18,18:21,1098,1101,NON_WEEKEND,NON_WEEKEND_GAP,106,104,4,P106_C104_D4
2022-01-17 18:23:00,2022-01-17 18:26:00,3.0,2022-01-17,2022-01-17,2022,2022,Monday,Monday,18:23,18:26,1103,1106,NON_WEEKEND,NON_WEEKEND_GAP,106,105,4,P106_C105_D4
2022-01-17 18:26:00,2022-01-17 18:30:00,4.0,2022-01-17,2022-01-17,2022,2022,Monday,Monday,18:26,18:30,1106,1110,NON_WEEKEND,NON_WEEKEND_GAP,106,105,4,P106_C105_D4
2022-01-17 18:35:00,2022-01-17 18:39:00,4.0,2022-01-17,2022-01-17,2022,2022,Monday,Monday,18:35,18:39,1115,1119,NON_WEEKEND,NON_WEEKEND_GAP,107,106,4,P107_C106_D4
2022-01-17 18:42:00,2022-01-17 18:48:00,6.0,2022-01-17,2022-01-17,2022,2022,Monday,Monday,18:42,18:48,1122,1128,NON_WEEKEND,NON_WEEKEND_GAP,108,107,6,P108_C107_D6
2022-01-17 18:49:00,2022-01-17 18:55:00,6.0,2022-01-17,2022-01-17,2022,2022,Monday,Monday,18:49,18:55,1129,1135,NON_WEEKEND,NON_WEEKEND_GAP,109,108,6,P109_C108_D6
2022-01-17 19:00:00,2022-01-17 19:11:00,11.0,2022-01-17,2022-01-17,2022,2022,Monday,Monday,19:00,19:11,1140,1151,NON_WEEKEND,NON_WEEKEND_GAP,110,109,12,P110_C109_D12
2022-01-17 19:11:00,2022-01-17 19:14:00,3.0,2022-01-17,2022-01-17,2022,2022,Monday,Monday,19:11,19:14,1151,1154,NON_WEEKEND,NON_WEEKEND_GAP,111,110,4,P111_C110_D4
2022-01-17 19:14:00,2022-01-17 19:17:00,3.0,2022-01-17,2022-01-17,2022,2022,Monday,Monday,19:14,19:17,1154,1157,NON_WEEKEND,NON_WEEKEND_GAP,111,110,4,P111_C110_D4
2022-01-17 19:23:00,2022-01-17 19:28:00,5.0,2022-01-17,2022-01-17,2022,2022,Monday,Monday,19:23,19:28,1163,1168,NON_WEEKEND,NON_WEEKEND_GAP,112,111,4,P112_C111_D4
2022-01-17 19:36:00,2022-01-17 19:40:00,4.0,2022-01-17,2022-01-17,2022,2022,Monday,Monday,19:36,19:40,1176,1180,NON_WEEKEND,NON_WEEKEND_GAP,113,112,4,P113_C112_D4
2022-01-17 19:40:00,2022-01-17 19:43:00,3.0,2022-01-17,2022-01-17,2022,2022,Monday,Monday,19:40,19:43,1180,1183,NON_WEEKEND,NON_WEEKEND_GAP,114,113,4,P114_C113_D4
2022-01-17 19:43:00,2022-01-17 19:46:00,3.0,2022-01-17,2022-01-17,2022,2022,Monday,Monday,19:43,19:46,1183,1186,NON_WEEKEND,NON_WEEKEND_GAP,114,113,4,P114_C113_D4
2022-01-17 19:46:00,2022-01-17 19:49:00,3.0,2022-01-17,2022-01-17,2022,2022,Monday,Monday,19:46,19:49,1186,1189,NON_WEEKEND,NON_WEEKEND_GAP,114,113,4,P114_C113_D4
2022-01-17 19:55:00,2022-01-17 19:58:00,3.0,2022-01-17,2022-01-17,2022,2022,Monday,Monday,19:55,19:58,1195,1198,NON_WEEKEND,NON_WEEKEND_GAP,115,114,4,P115_C114_D4
2022-01-17 20:11:00,2022-01-17 20:18:00,7.0,2022-01-17,2022-01-17,2022,2022,Monday,Monday,20:11,20:18,1211,1218,NON_WEEKEND,NON_WEEKEND_GAP,117,116,8,P117_C116_D8
2022-01-17 20:30:00,2022-01-17 20:37:00,7.0,2022-01-17,2022-01-17,2022,2022,Monday,Monday,20:30,20:37,1230,1237,NON_WEEKEND,NON_WEEKEND_GAP,119,118,8,P119_C118_D8
2022-01-17 20:39:00,2022-01-17 20:42:00,3.0,2022-01-17,2022-01-17,2022,2022,Monday,Monday,20:39,20:42,1239,1242,NON_WEEKEND,NON_WEEKEND_GAP,119,119,4,P119_C119_D4
2022-01-17 21:04:00,2022-01-17 21:12:00,8.0,2022-01-17,2022-01-17,2022,2022,Monday,Monday,21:04,21:12,1264,1272,NON_WEEKEND,NON_WEEKEND_GAP,122,122,8,P122_C122_D8
2022-01-17 21:12:00,2022-01-17 21:24:00,12.0,2022-01-17,2022-01-17,2022,2022,Monday,Monday,21:12,21:24,1272,1284,NON_WEEKEND,NON_WEEKEND_GAP,123,123,12,P123_C123_D12
2022-01-17 21:43:00,2022-01-17 21:49:00,6.0,2022-01-17,2022-01-17,2022,2022,Monday,Monday,21:43,21:49,1303,1309,NON_WEEKEND,NON_WEEKEND_GAP,126,125,6,P126_C125_D6
2022-01-17 22:18:00,2022-01-17 22:25:00,7.0,2022-01-17,2022-01-17,2022,2022,Monday,Monday,22:18,22:25,1338,1345,NON_WEEKEND,NON_WEEKEND_GAP,129,129,8,P129_C129_D8
2022-01-17 23:09:00,2022-01-17 23:13:00,4.0,2022-01-17,2022-01-17,2022,2022,Monday,Monday,23:09,23:13,1389,1393,NON_WEEKEND,NON_WEEKEND_GAP,134,134,4,P134_C134_D4
2022-01-17 23:18:00,2022-01-17 23:23:00,5.0,2022-01-17,2022-01-17,2022,2022,Monday,Monday,23:18,23:23,1398,1403,NON_WEEKEND,NON_WEEKEND_GAP,135,135,4,P135_C135_D4
2022-01-18 01:05:00,2022-01-18 01:08:00,3.0,2022-01-18,2022-01-18,2022,2022,Tuesday,Tuesday,01:05,01:08,65,68,NON_WEEKEND,NON_WEEKEND_GAP,7,7,4,P7_C7_D4
2022-01-18 23:53:00,2022-01-18 23:59:00,6.0,2022-01-18,2022-01-18,2022,2022,Tuesday,Tuesday,23:53,23:59,1433,1439,NON_WEEKEND,NON_WEEKEND_GAP,139,1,6,P139_C1_D6
2022-01-19 01:10:00,2022-01-19 01:13:00,3.0,2022-01-19,2022-01-19,2022,2022,Wednesday,Wednesday,01:10,01:13,70,73,NON_WEEKEND,NON_WEEKEND_GAP,8,8,4,P8_C8_D4
2022-01-20 00:06:00,2022-01-20 00:09:00,3.0,2022-01-20,2022-01-20,2022,2022,Thursday,Thursday,00:06,00:09,6,9,NON_WEEKEND,NON_WEEKEND_GAP,1,1,4,P1_C1_D4
2022-01-21 06:22:00,2022-01-21 06:25:00,3.0,2022-01-21,2022-01-21,2022,2022,Friday,Friday,06:22,06:25,382,385,NON_WEEKEND,NON_WEEKEND_GAP,39,39,4,P39_C39_D4
2022-01-23 22:17:00,2022-01-23 22:23:00,6.0,2022-01-23,2022-01-23,2022,2022,Sunday,Sunday,22:17,22:23,1337,1343,NON_WEEKEND,NON_WEEKEND_GAP,129,129,6,P129_C129_D6
2022-01-23 23:48:00,2022-01-23 23:52:00,4.0,2022-01-23,2022-01-23,2022,2022,Sunday,Sunday,23:48,23:52,1428,1432,NON_WEEKEND,NON_WEEKEND_GAP,138,138,4,P138_C138_D4
2022-01-24 01:24:00,2022-01-24 01:27:00,3.0,2022-01-24,2022-01-24,2022,2022,Monday,Monday,01:24,01:27,84,87,NON_WEEKEND,NON_WEEKEND_GAP,9,9,4,P9_C9_D4
2022-01-24 07:18:00,2022-01-24 07:20:00,2.0,2022-01-24,2022-01-24,2022,2022,Monday,Monday,07:18,07:20,438,440,NON_WEEKEND,NON_WEEKEND_GAP,44,44,2,P44_C44_D2
2022-01-24 22:06:00,2022-01-24 22:30:00,24.0,2022-01-24,2022-01-24,2022,2022,Monday,Monday,22:06,22:30,1326,1350,NON_WEEKEND,NON_WEEKEND_GAP,128,129,24,P128_C129_D24
2022-01-25 00:39:00,2022-01-25 00:42:00,3.0,2022-01-25,2022-01-25,2022,2022,Tuesday,Tuesday,00:39,00:42,39,42,NON_WEEKEND,NON_WEEKEND_GAP,4,5,4,P4_C5_D4
2022-01-25 04:49:00,2022-01-25 04:52:00,3.0,2022-01-25,2022-01-25,2022,2022,Tuesday,Tuesday,04:49,04:52,289,292,NON_WEEKEND,NON_WEEKEND_GAP,29,30,4,P29_C30_D4
2022-01-25 18:18:00,2022-01-25 18:20:00,2.0,2022-01-25,2022-01-25,2022,2022,Tuesday,Tuesday,18:18,18:20,1098,1100,NON_WEEKEND,NON_WEEKEND_GAP,106,104,2,P106_C104_D2
2022-01-25 22:10:00,2022-01-25 22:17:00,7.0,2022-01-25,2022-01-25,2022,2022,Tuesday,Tuesday,22:10,22:17,1330,1337,NON_WEEKEND,NON_WEEKEND_GAP,129,128,8,P129_C128_D8
2022-01-25 22:24:00,2022-01-25 22:30:00,6.0,2022-01-25,2022-01-25,2022,2022,Tuesday,Tuesday,22:24,22:30,1344,1350,NON_WEEKEND,NON_WEEKEND_GAP,130,129,6,P130_C129_D6
2022-01-26 00:38:00,2022-01-26 00:41:00,3.0,2022-01-26,2022-01-26,2022,2022,Wednesday,Wednesday,00:38,00:41,38,41,NON_WEEKEND,NON_WEEKEND_GAP,4,5,4,P4_C5_D4
2022-01-26 00:47:00,2022-01-26 00:50:00,3.0,2022-01-26,2022-01-26,2022,2022,Wednesday,Wednesday,00:47,00:50,47,50,NON_WEEKEND,NON_WEEKEND_GAP,5,6,4,P5_C6_D4
2022-01-26 01:16:00,2022-01-26 01:19:00,3.0,2022-01-26,2022-01-26,2022,2022,Wednesday,Wednesday,01:16,01:19,76,79,NON_WEEKEND,NON_WEEKEND_GAP,8,8,4,P8_C8_D4
2022-01-26 01:53:00,2022-01-26 01:57:00,4.0,2022-01-26,2022-01-26,2022,2022,Wednesday,Wednesday,01:53,01:57,113,117,NON_WEEKEND,NON_WEEKEND_GAP,12,12,4,P12_C12_D4
2022-01-26 02:35:00,2022-01-26 02:39:00,4.0,2022-01-26,2022-01-26,2022,2022,Wednesday,Wednesday,02:35,02:39,155,159,NON_WEEKEND,NON_WEEKEND_GAP,16,16,4,P16_C16_D4
2022-01-26 05:01:00,2022-01-26 05:04:00,3.0,2022-01-26,2022-01-26,2022,2022,Wednesday,Wednesday,05:01,05:04,301,304,NON_WEEKEND,NON_WEEKEND_GAP,31,31,4,P31_C31_D4
2022-01-27 00:48:00,2022-01-27 00:50:00,2.0,2022-01-27,2022-01-27,2022,2022,Thursday,Thursday,00:48,00:50,48,50,NON_WEEKEND,NON_WEEKEND_GAP,5,6,2,P5_C6_D2
2022-01-27 05:37:00,2022-01-27 05:40:00,3.0,2022-01-27,2022-01-27,2022,2022,Thursday,Thursday,05:37,05:40,337,340,NON_WEEKEND,NON_WEEKEND_GAP,34,34,4,P34_C34_D4
2022-01-27 18:53:00,2022-01-27 18:56:00,3.0,2022-01-27,2022-01-27,2022,2022,Thursday,Thursday,18:53,18:56,1133,1136,NON_WEEKEND,NON_WEEKEND_GAP,109,108,4,P109_C108_D4
2022-01-28 05:20:00,2022-01-28 05:23:00,3.0,2022-01-28,2022-01-28,2022,2022,Friday,Friday,05:20,05:23,320,323,NON_WEEKEND,NON_WEEKEND_GAP,33,33,4,P33_C33_D4
2022-01-31 00:47:00,2022-01-31 00:50:00,3.0,2022-01-31,2022-01-31,2022,2022,Monday,Monday,00:47,00:50,47,50,NON_WEEKEND,NON_WEEKEND_GAP,5,6,4,P5_C6_D4
2022-01-31 04:49:00,2022-01-31 04:52:00,3.0,2022-01-31,2022-01-31,2022,2022,Monday,Monday,04:49,04:52,289,292,NON_WEEKEND,NON_WEEKEND_GAP,29,30,4,P29_C30_D4
2022-01-31 22:15:00,2022-01-31 22:21:00,6.0,2022-01-31,2022-01-31,2022,2022,Monday,Monday,22:15,22:21,1335,1341,NON_WEEKEND,NON_WEEKEND_GAP,129,128,6,P129_C128_D6
2022-01-31 23:50:00,2022-01-31 23:58:00,8.0,2022-01-31,2022-01-31,2022,2022,Monday,Monday,23:50,23:58,1430,1438,NON_WEEKEND,NON_WEEKEND_GAP,139,138,8,P139_C138_D8
2022-02-01 00:18:00,2022-02-01 00:21:00,3.0,2022-02-01,2022-02-01,2022,2022,Tuesday,Tuesday,00:18,00:21,18,21,NON_WEEKEND,NON_WEEKEND_GAP,2,3,4,P2_C3_D4
2022-02-01 00:38:00,2022-02-01 00:42:00,4.0,2022-02-01,2022-02-01,2022,2022,Tuesday,Tuesday,00:38,00:42,38,42,NON_WEEKEND,NON_WEEKEND_GAP,4,5,4,P4_C5_D4
2022-02-01 01:05:00,2022-02-01 01:08:00,3.0,2022-02-01,2022-02-01,2022,2022,Tuesday,Tuesday,01:05,01:08,65,68,NON_WEEKEND,NON_WEEKEND_GAP,7,7,4,P7_C7_D4
2022-02-01 23:32:00,2022-02-01 23:38:00,6.0,2022-02-01,2022-02-01,2022,2022,Tuesday,Tuesday,23:32,23:38,1412,1418,NON_WEEKEND,NON_WEEKEND_GAP,137,136,6,P137_C136_D6
2022-02-02 01:49:00,2022-02-02 01:52:00,3.0,2022-02-02,2022-02-02,2022,2022,Wednesday,Wednesday,01:49,01:52,109,112,NON_WEEKEND,NON_WEEKEND_GAP,11,12,4,P11_C12_D4
2022-02-02 04:13:00,2022-02-02 04:21:00,8.0,2022-02-02,2022-02-02,2022,2022,Wednesday,Wednesday,04:13,04:21,253,261,NON_WEEKEND,NON_WEEKEND_GAP,26,26,8,P26_C26_D8
2022-02-02 04:25:00,2022-02-02 04:31:00,6.0,2022-02-02,2022-02-02,2022,2022,Wednesday,Wednesday,04:25,04:31,265,271,NON_WEEKEND,NON_WEEKEND_GAP,27,27,6,P27_C27_D6
2022-02-02 05:29:00,2022-02-02 05:33:00,4.0,2022-02-02,2022-02-02,2022,2022,Wednesday,Wednesday,05:29,05:33,329,333,NON_WEEKEND,NON_WEEKEND_GAP,33,34,4,P33_C34_D4
2022-02-02 22:10:00,2022-02-02 22:30:00,20.0,2022-02-02,2022-02-02,2022,2022,Wednesday,Wednesday,22:10,22:30,1330,1350,NON_WEEKEND,NON_WEEKEND_GAP,129,129,20,P129_C129_D20
2022-02-03 05:34:00,2022-02-03 05:38:00,4.0,2022-02-03,2022-02-03,2022,2022,Thursday,Thursday,05:34,05:38,334,338,NON_WEEKEND,NON_WEEKEND_GAP,34,34,4,P34_C34_D4
2022-02-03 22:19:00,2022-02-03 22:30:00,11.0,2022-02-03,2022-02-03,2022,2022,Thursday,Thursday,22:19,22:30,1339,1350,NON_WEEKEND,NON_WEEKEND_GAP,129,129,12,P129_C129_D12
2022-02-04 21:36:00,2022-02-04 21:43:00,7.0,2022-02-04,2022-02-04,2022,2022,Friday,Friday,21:36,21:43,1296,1303,NON_WEEKEND,NON_WEEKEND_GAP,125,125,8,P125_C125_D8
2022-02-06 22:18:00,2022-02-06 22:24:00,6.0,2022-02-06,2022-02-06,2022,2022,Sunday,Sunday,22:18,22:24,1338,1344,NON_WEEKEND,NON_WEEKEND_GAP,129,129,6,P129_C129_D6
2022-02-07 23:53:00,2022-02-08 00:00:00,7.0,2022-02-07,2022-02-08,2022,2022,Monday,Tuesday,23:53,00:00,1433,0,NON_WEEKEND,NON_WEEKEND_GAP,139,1,8,P139_C1_D8
2022-02-08 03:29:00,2022-02-08 03:32:00,3.0,2022-02-08,2022-02-08,2022,2022,Tuesday,Tuesday,03:29,03:32,209,212,NON_WEEKEND,NON_WEEKEND_GAP,21,22,4,P21_C22_D4
2022-02-08 23:30:00,2022-02-08 23:36:00,6.0,2022-02-08,2022-02-08,2022,2022,Tuesday,Tuesday,23:30,23:36,1410,1416,NON_WEEKEND,NON_WEEKEND_GAP,137,136,6,P137_C136_D6
2022-02-08 23:46:00,2022-02-09 01:23:00,97.0,2022-02-08,2022-02-09,2022,2022,Tuesday,Wednesday,23:46,01:23,1426,83,NON_WEEKEND,NON_WEEKEND_GAP,138,9,96,P138_C9_D96
2022-02-09 22:15:00,2022-02-09 22:23:00,8.0,2022-02-09,2022-02-09,2022,2022,Wednesday,Wednesday,22:15,22:23,1335,1343,NON_WEEKEND,NON_WEEKEND_GAP,129,129,8,P129_C129_D8
2022-02-09 23:08:00,2022-02-09 23:14:00,6.0,2022-02-09,2022-02-09,2022,2022,Wednesday,Wednesday,23:08,23:14,1388,1394,NON_WEEKEND,NON_WEEKEND_GAP,134,134,6,P134_C134_D6
2022-02-09 23:29:00,2022-02-09 23:35:00,6.0,2022-02-09,2022-02-09,2022,2022,Wednesday,Wednesday,23:29,23:35,1409,1415,NON_WEEKEND,NON_WEEKEND_GAP,136,136,6,P136_C136_D6
2022-02-09 23:46:00,2022-02-09 23:55:00,9.0,2022-02-09,2022-02-09,2022,2022,Wednesday,Wednesday,23:46,23:55,1426,1435,NON_WEEKEND,NON_WEEKEND_GAP,138,138,8,P138_C138_D8
2022-02-10 01:32:00,2022-02-10 01:35:00,3.0,2022-02-10,2022-02-10,2022,2022,Thursday,Thursday,01:32,01:35,92,95,NON_WEEKEND,NON_WEEKEND_GAP,10,10,4,P10_C10_D4
2022-02-10 05:37:00,2022-02-10 05:40:00,3.0,2022-02-10,2022-02-10,2022,2022,Thursday,Thursday,05:37,05:40,337,340,NON_WEEKEND,NON_WEEKEND_GAP,34,34,4,P34_C34_D4
2022-02-10 22:11:00,2022-02-10 22:22:00,11.0,2022-02-10,2022-02-10,2022,2022,Thursday,Thursday,22:11,22:22,1331,1342,NON_WEEKEND,NON_WEEKEND_GAP,129,129,12,P129_C129_D12
2022-02-14 05:32:00,2022-02-14 05:35:00,3.0,2022-02-14,2022-02-14,2022,2022,Monday,Monday,05:32,05:35,332,335,NON_WEEKEND,NON_WEEKEND_GAP,34,34,4,P34_C34_D4
2022-02-14 22:15:00,2022-02-14 22:23:00,8.0,2022-02-14,2022-02-14,2022,2022,Monday,Monday,22:15,22:23,1335,1343,NON_WEEKEND,NON_WEEKEND_GAP,129,129,8,P129_C129_D8
2022-02-14 23:40:00,2022-02-14 23:46:00,6.0,2022-02-14,2022-02-14,2022,2022,Monday,Monday,23:40,23:46,1420,1426,NON_WEEKEND,NON_WEEKEND_GAP,138,137,6,P138_C137_D6
2022-02-16 00:20:00,2022-02-16 00:23:00,3.0,2022-02-16,2022-02-16,2022,2022,Wednesday,Wednesday,00:20,00:23,20,23,NON_WEEKEND,NON_WEEKEND_GAP,3,3,4,P3_C3_D4
2022-02-16 22:12:00,2022-02-16 22:20:00,8.0,2022-02-16,2022-02-16,2022,2022,Wednesday,Wednesday,22:12,22:20,1332,1340,NON_WEEKEND,NON_WEEKEND_GAP,129,128,8,P129_C128_D8
2022-02-16 22:39:00,2022-02-16 22:45:00,6.0,2022-02-16,2022-02-16,2022,2022,Wednesday,Wednesday,22:39,22:45,1359,1365,NON_WEEKEND,NON_WEEKEND_GAP,131,131,6,P131_C131_D6
2022-02-21 00:37:00,2022-02-21 00:40:00,3.0,2022-02-21,2022-02-21,2022,2022,Monday,Monday,00:37,00:40,37,40,NON_WEEKEND,NON_WEEKEND_GAP,4,5,4,P4_C5_D4
2022-02-21 00:48:00,2022-02-21 00:50:00,2.0,2022-02-21,2022-02-21,2022,2022,Monday,Monday,00:48,00:50,48,50,NON_WEEKEND,NON_WEEKEND_GAP,5,6,2,P5_C6_D2
2022-02-21 18:39:00,2022-02-21 18:41:00,2.0,2022-02-21,2022-02-21,2022,2022,Monday,Monday,18:39,18:41,1119,1121,NON_WEEKEND,NON_WEEKEND_GAP,108,106,2,P108_C106_D2
2022-02-21 18:56:00,2022-02-21 18:59:00,3.0,2022-02-21,2022-02-21,2022,2022,Monday,Monday,18:56,18:59,1136,1139,NON_WEEKEND,NON_WEEKEND_GAP,109,108,4,P109_C108_D4
2022-02-21 20:12:00,2022-02-21 20:20:00,8.0,2022-02-21,2022-02-21,2022,2022,Monday,Monday,20:12,20:20,1212,1220,NON_WEEKEND,NON_WEEKEND_GAP,117,116,8,P117_C116_D8
2022-02-22 05:09:00,2022-02-22 05:12:00,3.0,2022-02-22,2022-02-22,2022,2022,Tuesday,Tuesday,05:09,05:12,309,312,NON_WEEKEND,NON_WEEKEND_GAP,31,32,4,P31_C32_D4
2022-02-22 18:48:00,2022-02-22 18:50:00,2.0,2022-02-22,2022-02-22,2022,2022,Tuesday,Tuesday,18:48,18:50,1128,1130,NON_WEEKEND,NON_WEEKEND_GAP,109,107,2,P109_C107_D2
2022-02-22 22:49:00,2022-02-22 22:53:00,4.0,2022-02-22,2022-02-22,2022,2022,Tuesday,Tuesday,22:49,22:53,1369,1373,NON_WEEKEND,NON_WEEKEND_GAP,132,132,4,P132_C132_D4
2022-02-22 23:16:00,2022-02-22 23:26:00,10.0,2022-02-22,2022-02-22,2022,2022,Tuesday,Tuesday,23:16,23:26,1396,1406,NON_WEEKEND,NON_WEEKEND_GAP,135,135,10,P135_C135_D10
2022-02-23 00:02:00,2022-02-23 00:05:00,3.0,2022-02-23,2022-02-23,2022,2022,Wednesday,Wednesday,00:02,00:05,2,5,NON_WEEKEND,NON_WEEKEND_GAP,1,1,4,P1_C1_D4
2022-02-23 05:49:00,2022-02-23 05:52:00,3.0,2022-02-23,2022-02-23,2022,2022,Wednesday,Wednesday,05:49,05:52,349,352,NON_WEEKEND,NON_WEEKEND_GAP,35,36,4,P35_C36_D4
2022-02-23 06:44:00,2022-02-23 06:47:00,3.0,2022-02-23,2022-02-23,2022,2022,Wednesday,Wednesday,06:44,06:47,404,407,NON_WEEKEND,NON_WEEKEND_GAP,41,41,4,P41_C41_D4
2022-02-28 23:33:00,2022-02-28 23:42:00,9.0,2022-02-28,2022-02-28,2022,2022,Monday,Monday,23:33,23:42,1413,1422,NON_WEEKEND,NON_WEEKEND_GAP,137,137,8,P137_C137_D8
2022-03-01 22:45:00,2022-03-01 22:52:00,7.0,2022-03-01,2022-03-01,2022,2022,Tuesday,Tuesday,22:45,22:52,1365,1372,NON_WEEKEND,NON_WEEKEND_GAP,132,132,8,P132_C132_D8
2022-03-03 05:19:00,2022-03-03 05:25:00,6.0,2022-03-03,2022-03-03,2022,2022,Thursday,Thursday,05:19,05:25,319,325,NON_WEEKEND,NON_WEEKEND_GAP,32,33,6,P32_C33_D6
2022-03-06 22:19:00,2022-03-06 22:29:00,10.0,2022-03-06,2022-03-06,2022,2022,Sunday,Sunday,22:19,22:29,1339,1349,NON_WEEKEND,NON_WEEKEND_GAP,129,129,10,P129_C129_D10
2022-03-07 22:13:00,2022-03-07 22:19:00,6.0,2022-03-07,2022-03-07,2022,2022,Monday,Monday,22:13,22:19,1333,1339,NON_WEEKEND,NON_WEEKEND_GAP,129,128,6,P129_C128_D6
2022-03-08 22:22:00,2022-03-08 22:28:00,6.0,2022-03-08,2022-03-08,2022,2022,Tuesday,Tuesday,22:22,22:28,1342,1348,NON_WEEKEND,NON_WEEKEND_GAP,130,129,6,P130_C129_D6
2022-03-09 22:07:00,2022-03-09 22:13:00,6.0,2022-03-09,2022-03-09,2022,2022,Wednesday,Wednesday,22:07,22:13,1327,1333,NON_WEEKEND,NON_WEEKEND_GAP,128,128,6,P128_C128_D6
2022-03-10 22:11:00,2022-03-10 22:18:00,7.0,2022-03-10,2022-03-10,2022,2022,Thursday,Thursday,22:11,22:18,1331,1338,NON_WEEKEND,NON_WEEKEND_GAP,129,128,8,P129_C128_D8
2022-03-10 23:09:00,2022-03-10 23:12:00,3.0,2022-03-10,2022-03-10,2022,2022,Thursday,Thursday,23:09,23:12,1389,1392,NON_WEEKEND,NON_WEEKEND_GAP,134,134,4,P134_C134_D4
2022-03-11 00:22:00,2022-03-11 00:25:00,3.0,2022-03-11,2022-03-11,2022,2022,Friday,Friday,00:22,00:25,22,25,NON_WEEKEND,NON_WEEKEND_GAP,3,3,4,P3_C3_D4
2022-03-11 00:47:00,2022-03-11 00:50:00,3.0,2022-03-11,2022-03-11,2022,2022,Friday,Friday,00:47,00:50,47,50,NON_WEEKEND,NON_WEEKEND_GAP,5,6,4,P5_C6_D4
2022-03-13 21:24:00,2022-03-13 21:54:00,30.0,2022-03-13,2022-03-13,2022,2022,Sunday,Sunday,21:24,21:54,1284,1314,NON_WEEKEND,NON_WEEKEND_GAP,124,126,30,P124_C126_D30
2022-03-15 21:06:00,2022-03-15 21:17:00,11.0,2022-03-15,2022-03-15,2022,2022,Tuesday,Tuesday,21:06,21:17,1266,1277,NON_WEEKEND,NON_WEEKEND_GAP,122,122,12,P122_C122_D12
2022-03-15 22:07:00,2022-03-15 22:13:00,6.0,2022-03-15,2022-03-15,2022,2022,Tuesday,Tuesday,22:07,22:13,1327,1333,NON_WEEKEND,NON_WEEKEND_GAP,128,128,6,P128_C128_D6
2022-03-16 03:02:00,2022-03-16 03:07:00,5.0,2022-03-16,2022-03-16,2022,2022,Wednesday,Wednesday,03:02,03:07,182,187,NON_WEEKEND,NON_WEEKEND_GAP,19,19,4,P19_C19_D4
2022-03-17 21:23:00,2022-03-17 21:30:00,7.0,2022-03-17,2022-03-17,2022,2022,Thursday,Thursday,21:23,21:30,1283,1290,NON_WEEKEND,NON_WEEKEND_GAP,124,123,8,P124_C123_D8
2022-03-17 22:29:00,2022-03-17 22:32:00,3.0,2022-03-17,2022-03-17,2022,2022,Thursday,Thursday,22:29,22:32,1349,1352,NON_WEEKEND,NON_WEEKEND_GAP,130,130,4,P130_C130_D4
2022-03-21 01:47:00,2022-03-21 01:50:00,3.0,2022-03-21,2022-03-21,2022,2022,Monday,Monday,01:47,01:50,107,110,NON_WEEKEND,NON_WEEKEND_GAP,11,11,4,P11_C11_D4
2022-03-21 03:18:00,2022-03-21 03:22:00,4.0,2022-03-21,2022-03-21,2022,2022,Monday,Monday,03:18,03:22,198,202,NON_WEEKEND,NON_WEEKEND_GAP,20,21,4,P20_C21_D4
2022-03-21 03:48:00,2022-03-21 03:52:00,4.0,2022-03-21,2022-03-21,2022,2022,Monday,Monday,03:48,03:52,228,232,NON_WEEKEND,NON_WEEKEND_GAP,23,24,4,P23_C24_D4
2022-03-21 21:15:00,2022-03-21 21:33:00,18.0,2022-03-21,2022-03-21,2022,2022,Monday,Monday,21:15,21:33,1275,1293,NON_WEEKEND,NON_WEEKEND_GAP,123,124,18,P123_C124_D18
2022-03-22 18:08:00,2022-03-22 18:10:00,2.0,2022-03-22,2022-03-22,2022,2022,Tuesday,Tuesday,18:08,18:10,1088,1090,NON_WEEKEND,NON_WEEKEND_GAP,105,103,2,P105_C103_D2
2022-03-23 04:39:00,2022-03-23 04:42:00,3.0,2022-03-23,2022-03-23,2022,2022,Wednesday,Wednesday,04:39,04:42,279,282,NON_WEEKEND,NON_WEEKEND_GAP,28,29,4,P28_C29_D4
2022-03-23 21:21:00,2022-03-23 21:30:00,9.0,2022-03-23,2022-03-23,2022,2022,Wednesday,Wednesday,21:21,21:30,1281,1290,NON_WEEKEND,NON_WEEKEND_GAP,124,123,8,P124_C123_D8
2022-03-23 22:27:00,2022-03-23 22:32:00,5.0,2022-03-23,2022-03-23,2022,2022,Wednesday,Wednesday,22:27,22:32,1347,1352,NON_WEEKEND,NON_WEEKEND_GAP,130,130,4,P130_C130_D4
2022-03-24 12:39:00,2022-03-24 12:41:00,2.0,2022-03-24,2022-03-24,2022,2022,Thursday,Thursday,12:39,12:41,759,761,NON_WEEKEND,NON_WEEKEND_GAP,75,76,2,P75_C76_D2
2022-03-24 21:14:00,2022-03-24 21:21:00,7.0,2022-03-24,2022-03-24,2022,2022,Thursday,Thursday,21:14,21:21,1274,1281,NON_WEEKEND,NON_WEEKEND_GAP,123,122,8,P123_C122_D8
2022-03-24 21:45:00,2022-03-24 21:52:00,7.0,2022-03-24,2022-03-24,2022,2022,Thursday,Thursday,21:45,21:52,1305,1312,NON_WEEKEND,NON_WEEKEND_GAP,126,126,8,P126_C126_D8
2022-03-24 21:52:00,2022-03-24 21:58:00,6.0,2022-03-24,2022-03-24,2022,2022,Thursday,Thursday,21:52,21:58,1312,1318,NON_WEEKEND,NON_WEEKEND_GAP,127,126,6,P127_C126_D6
2022-03-24 22:16:00,2022-03-24 22:22:00,6.0,2022-03-24,2022-03-24,2022,2022,Thursday,Thursday,22:16,22:22,1336,1342,NON_WEEKEND,NON_WEEKEND_GAP,129,129,6,P129_C129_D6
2022-03-24 22:45:00,2022-03-24 22:53:00,8.0,2022-03-24,2022-03-24,2022,2022,Thursday,Thursday,22:45,22:53,1365,1373,NON_WEEKEND,NON_WEEKEND_GAP,132,132,8,P132_C132_D8
2022-03-27 21:21:00,2022-03-27 21:30:00,9.0,2022-03-27,2022-03-27,2022,2022,Sunday,Sunday,21:21,21:30,1281,1290,NON_WEEKEND,NON_WEEKEND_GAP,124,123,8,P124_C123_D8
2022-03-28 18:38:00,2022-03-28 18:40:00,2.0,2022-03-28,2022-03-28,2022,2022,Monday,Monday,18:38,18:40,1118,1120,NON_WEEKEND,NON_WEEKEND_GAP,108,106,2,P108_C106_D2
2022-03-28 21:12:00,2022-03-28 21:19:00,7.0,2022-03-28,2022-03-28,2022,2022,Monday,Monday,21:12,21:19,1272,1279,NON_WEEKEND,NON_WEEKEND_GAP,123,122,8,P123_C122_D8
2022-03-28 21:49:00,2022-03-28 21:53:00,4.0,2022-03-28,2022-03-28,2022,2022,Monday,Monday,21:49,21:53,1309,1313,NON_WEEKEND,NON_WEEKEND_GAP,126,126,4,P126_C126_D4
2022-03-30 20:35:00,2022-03-30 20:41:00,6.0,2022-03-30,2022-03-30,2022,2022,Wednesday,Wednesday,20:35,20:41,1235,1241,NON_WEEKEND,NON_WEEKEND_GAP,119,118,6,P119_C118_D6
2022-03-30 21:17:00,2022-03-30 21:29:00,12.0,2022-03-30,2022-03-30,2022,2022,Wednesday,Wednesday,21:17,21:29,1277,1289,NON_WEEKEND,NON_WEEKEND_GAP,123,123,12,P123_C123_D12
2022-03-30 21:49:00,2022-03-30 21:52:00,3.0,2022-03-30,2022-03-30,2022,2022,Wednesday,Wednesday,21:49,21:52,1309,1312,NON_WEEKEND,NON_WEEKEND_GAP,126,126,4,P126_C126_D4
2022-03-30 22:25:00,2022-03-30 22:31:00,6.0,2022-03-30,2022-03-30,2022,2022,Wednesday,Wednesday,22:25,22:31,1345,1351,NON_WEEKEND,NON_WEEKEND_GAP,130,129,6,P130_C129_D6
2022-03-31 21:15:00,2022-03-31 21:30:00,15.0,2022-03-31,2022-03-31,2022,2022,Thursday,Thursday,21:15,21:30,1275,1290,NON_WEEKEND,NON_WEEKEND_GAP,123,123,16,P123_C123_D16
2022-04-01 05:25:00,2022-04-01 05:28:00,3.0,2022-04-01,2022-04-01,2022,2022,Friday,Friday,05:25,05:28,325,328,NON_WEEKEND,NON_WEEKEND_GAP,33,33,4,P33_C33_D4
2022-04-03 21:50:00,2022-04-03 21:56:00,6.0,2022-04-03,2022-04-03,2022,2022,Sunday,Sunday,21:50,21:56,1310,1316,NON_WEEKEND,NON_WEEKEND_GAP,127,126,6,P127_C126_D6
2022-04-03 22:49:00,2022-04-03 22:52:00,3.0,2022-04-03,2022-04-03,2022,2022,Sunday,Sunday,22:49,22:52,1369,1372,NON_WEEKEND,NON_WEEKEND_GAP,132,132,4,P132_C132_D4
2022-04-04 20:19:00,2022-04-04 20:23:00,4.0,2022-04-04,2022-04-04,2022,2022,Monday,Monday,20:19,20:23,1219,1223,NON_WEEKEND,NON_WEEKEND_GAP,117,117,4,P117_C117_D4
2022-04-04 22:45:00,2022-04-04 22:52:00,7.0,2022-04-04,2022-04-04,2022,2022,Monday,Monday,22:45,22:52,1365,1372,NON_WEEKEND,NON_WEEKEND_GAP,132,132,8,P132_C132_D8
2022-04-04 23:29:00,2022-04-04 23:33:00,4.0,2022-04-04,2022-04-04,2022,2022,Monday,Monday,23:29,23:33,1409,1413,NON_WEEKEND,NON_WEEKEND_GAP,136,136,4,P136_C136_D4
2022-04-05 02:58:00,2022-04-05 03:02:00,4.0,2022-04-05,2022-04-05,2022,2022,Tuesday,Tuesday,02:58,03:02,178,182,NON_WEEKEND,NON_WEEKEND_GAP,18,19,4,P18_C19_D4
2022-04-05 21:09:00,2022-04-05 21:15:00,6.0,2022-04-05,2022-04-05,2022,2022,Tuesday,Tuesday,21:09,21:15,1269,1275,NON_WEEKEND,NON_WEEKEND_GAP,122,122,6,P122_C122_D6
2022-04-06 21:05:00,2022-04-06 21:15:00,10.0,2022-04-06,2022-04-06,2022,2022,Wednesday,Wednesday,21:05,21:15,1265,1275,NON_WEEKEND,NON_WEEKEND_GAP,122,122,10,P122_C122_D10
2022-04-06 21:23:00,2022-04-06 21:30:00,7.0,2022-04-06,2022-04-06,2022,2022,Wednesday,Wednesday,21:23,21:30,1283,1290,NON_WEEKEND,NON_WEEKEND_GAP,124,123,8,P124_C123_D8
2022-04-06 22:49:00,2022-04-06 22:52:00,3.0,2022-04-06,2022-04-06,2022,2022,Wednesday,Wednesday,22:49,22:52,1369,1372,NON_WEEKEND,NON_WEEKEND_GAP,132,132,4,P132_C132_D4
2022-04-06 23:02:00,2022-04-06 23:09:00,7.0,2022-04-06,2022-04-06,2022,2022,Wednesday,Wednesday,23:02,23:09,1382,1389,NON_WEEKEND,NON_WEEKEND_GAP,134,133,8,P134_C133_D8
2022-04-07 21:17:00,2022-04-07 21:26:00,9.0,2022-04-07,2022-04-07,2022,2022,Thursday,Thursday,21:17,21:26,1277,1286,NON_WEEKEND,NON_WEEKEND_GAP,123,123,8,P123_C123_D8
2022-04-11 00:58:00,2022-04-11 01:00:00,2.0,2022-04-11,2022-04-11,2022,2022,Monday,Monday,00:58,01:00,58,60,NON_WEEKEND,NON_WEEKEND_GAP,6,7,2,P6_C7_D2
2022-04-11 11:42:00,2022-04-11 11:44:00,2.0,2022-04-11,2022-04-11,2022,2022,Monday,Monday,11:42,11:44,702,704,NON_WEEKEND,NON_WEEKEND_GAP,70,70,2,P70_C70_D2
2022-04-11 22:29:00,2022-04-11 22:33:00,4.0,2022-04-11,2022-04-11,2022,2022,Monday,Monday,22:29,22:33,1349,1353,NON_WEEKEND,NON_WEEKEND_GAP,130,130,4,P130_C130_D4
2022-04-12 10:13:00,2022-04-12 10:15:00,2.0,2022-04-12,2022-04-12,2022,2022,Tuesday,Tuesday,10:13,10:15,613,615,NON_WEEKEND,NON_WEEKEND_GAP,62,62,2,P62_C62_D2
2022-04-12 20:19:00,2022-04-12 20:23:00,4.0,2022-04-12,2022-04-12,2022,2022,Tuesday,Tuesday,20:19,20:23,1219,1223,NON_WEEKEND,NON_WEEKEND_GAP,117,117,4,P117_C117_D4
2022-04-12 21:36:00,2022-04-12 21:43:00,7.0,2022-04-12,2022-04-12,2022,2022,Tuesday,Tuesday,21:36,21:43,1296,1303,NON_WEEKEND,NON_WEEKEND_GAP,125,125,8,P125_C125_D8
2022-04-12 22:49:00,2022-04-12 22:55:00,6.0,2022-04-12,2022-04-12,2022,2022,Tuesday,Tuesday,22:49,22:55,1369,1375,NON_WEEKEND,NON_WEEKEND_GAP,132,132,6,P132_C132_D6
2022-04-12 23:29:00,2022-04-12 23:32:00,3.0,2022-04-12,2022-04-12,2022,2022,Tuesday,Tuesday,23:29,23:32,1409,1412,NON_WEEKEND,NON_WEEKEND_GAP,136,136,4,P136_C136_D4
2022-04-12 23:35:00,2022-04-12 23:41:00,6.0,2022-04-12,2022-04-12,2022,2022,Tuesday,Tuesday,23:35,23:41,1415,1421,NON_WEEKEND,NON_WEEKEND_GAP,137,136,6,P137_C136_D6
2022-04-12 23:45:00,2022-04-12 23:51:00,6.0,2022-04-12,2022-04-12,2022,2022,Tuesday,Tuesday,23:45,23:51,1425,1431,NON_WEEKEND,NON_WEEKEND_GAP,138,137,6,P138_C137_D6
2022-04-13 20:37:00,2022-04-13 20:42:00,5.0,2022-04-13,2022-04-13,2022,2022,Wednesday,Wednesday,20:37,20:42,1237,1242,NON_WEEKEND,NON_WEEKEND_GAP,119,119,4,P119_C119_D4
2022-04-13 21:07:00,2022-04-13 21:15:00,8.0,2022-04-13,2022-04-13,2022,2022,Wednesday,Wednesday,21:07,21:15,1267,1275,NON_WEEKEND,NON_WEEKEND_GAP,122,122,8,P122_C122_D8
2022-04-13 21:16:00,2022-04-13 21:22:00,6.0,2022-04-13,2022-04-13,2022,2022,Wednesday,Wednesday,21:16,21:22,1276,1282,NON_WEEKEND,NON_WEEKEND_GAP,123,123,6,P123_C123_D6
2022-04-13 22:49:00,2022-04-13 22:54:00,5.0,2022-04-13,2022-04-13,2022,2022,Wednesday,Wednesday,22:49,22:54,1369,1374,NON_WEEKEND,NON_WEEKEND_GAP,132,132,4,P132_C132_D4
2022-04-14 04:19:00,2022-04-14 04:22:00,3.0,2022-04-14,2022-04-14,2022,2022,Thursday,Thursday,04:19,04:22,259,262,NON_WEEKEND,NON_WEEKEND_GAP,26,27,4,P26_C27_D4
2022-04-14 19:52:00,2022-04-14 19:55:00,3.0,2022-04-14,2022-04-14,2022,2022,Thursday,Thursday,19:52,19:55,1192,1195,NON_WEEKEND,NON_WEEKEND_GAP,115,114,4,P115_C114_D4
2022-04-14 21:20:00,2022-04-14 21:28:00,8.0,2022-04-14,2022-04-14,2022,2022,Thursday,Thursday,21:20,21:28,1280,1288,NON_WEEKEND,NON_WEEKEND_GAP,124,123,8,P124_C123_D8
2022-04-15 01:46:00,2022-04-15 02:04:00,18.0,2022-04-15,2022-04-15,2022,2022,Friday,Friday,01:46,02:04,106,124,NON_WEEKEND,NON_WEEKEND_GAP,11,13,18,P11_C13_D18
2022-04-15 09:49:00,2022-04-15 09:51:00,2.0,2022-04-15,2022-04-15,2022,2022,Friday,Friday,09:49,09:51,589,591,NON_WEEKEND,NON_WEEKEND_GAP,60,59,2,P60_C59_D2
2022-04-15 11:06:00,2022-04-15 11:08:00,2.0,2022-04-15,2022-04-15,2022,2022,Friday,Friday,11:06,11:08,666,668,NON_WEEKEND,NON_WEEKEND_GAP,66,67,2,P66_C67_D2
2022-04-15 11:26:00,2022-04-15 11:28:00,2.0,2022-04-15,2022-04-15,2022,2022,Friday,Friday,11:26,11:28,686,688,NON_WEEKEND,NON_WEEKEND_GAP,68,69,2,P68_C69_D2
2022-04-15 11:28:00,2022-04-15 11:31:00,3.0,2022-04-15,2022-04-15,2022,2022,Friday,Friday,11:28,11:31,688,691,NON_WEEKEND,NON_WEEKEND_GAP,68,69,4,P68_C69_D4
2022-04-15 11:47:00,2022-04-15 11:49:00,2.0,2022-04-15,2022-04-15,2022,2022,Friday,Friday,11:47,11:49,707,709,NON_WEEKEND,NON_WEEKEND_GAP,70,71,2,P70_C71_D2
2022-04-15 11:53:00,2022-04-15 11:55:00,2.0,2022-04-15,2022-04-15,2022,2022,Friday,Friday,11:53,11:55,713,715,NON_WEEKEND,NON_WEEKEND_GAP,71,71,2,P71_C71_D2
2022-04-15 16:32:00,2022-04-15 16:34:00,2.0,2022-04-15,2022-04-15,2022,2022,Friday,Friday,16:32,16:34,992,994,NON_WEEKEND,NON_WEEKEND_GAP,95,94,2,P95_C94_D2
2022-04-15 16:40:00,2022-04-15 16:42:00,2.0,2022-04-15,2022-04-15,2022,2022,Friday,Friday,16:40,16:42,1000,1002,NON_WEEKEND,NON_WEEKEND_GAP,96,95,2,P96_C95_D2
2022-04-15 16:47:00,2022-04-15 16:49:00,2.0,2022-04-15,2022-04-15,2022,2022,Friday,Friday,16:47,16:49,1007,1009,NON_WEEKEND,NON_WEEKEND_GAP,97,96,2,P97_C96_D2
2022-04-15 16:49:00,2022-04-15 16:52:00,3.0,2022-04-15,2022-04-15,2022,2022,Friday,Friday,16:49,16:52,1009,1012,NON_WEEKEND,NON_WEEKEND_GAP,97,96,4,P97_C96_D4
2022-04-15 17:02:00,2022-04-15 17:05:00,3.0,2022-04-15,2022-04-15,2022,2022,Friday,Friday,17:02,17:05,1022,1025,NON_WEEKEND,NON_WEEKEND_GAP,98,97,4,P98_C97_D4
2022-04-15 17:12:00,2022-04-15 17:15:00,3.0,2022-04-15,2022-04-15,2022,2022,Friday,Friday,17:12,17:15,1032,1035,NON_WEEKEND,NON_WEEKEND_GAP,99,98,4,P99_C98_D4
2022-04-15 17:51:00,2022-04-15 17:54:00,3.0,2022-04-15,2022-04-15,2022,2022,Friday,Friday,17:51,17:54,1071,1074,NON_WEEKEND,NON_WEEKEND_GAP,103,102,4,P103_C102_D4
2022-04-15 17:54:00,2022-04-15 17:57:00,3.0,2022-04-15,2022-04-15,2022,2022,Friday,Friday,17:54,17:57,1074,1077,NON_WEEKEND,NON_WEEKEND_GAP,103,102,4,P103_C102_D4
2022-04-15 18:08:00,2022-04-15 18:10:00,2.0,2022-04-15,2022-04-15,2022,2022,Friday,Friday,18:08,18:10,1088,1090,NON_WEEKEND,NON_WEEKEND_GAP,105,103,2,P105_C103_D2
2022-04-15 18:21:00,2022-04-15 18:24:00,3.0,2022-04-15,2022-04-15,2022,2022,Friday,Friday,18:21,18:24,1101,1104,NON_WEEKEND,NON_WEEKEND_GAP,106,105,4,P106_C105_D4
2022-04-15 18:28:00,2022-04-15 18:33:00,5.0,2022-04-15,2022-04-15,2022,2022,Friday,Friday,18:28,18:33,1108,1113,NON_WEEKEND,NON_WEEKEND_GAP,107,106,4,P107_C106_D4
2022-04-15 18:38:00,2022-04-15 18:40:00,2.0,2022-04-15,2022-04-15,2022,2022,Friday,Friday,18:38,18:40,1118,1120,NON_WEEKEND,NON_WEEKEND_GAP,108,106,2,P108_C106_D2
2022-04-15 18:49:00,2022-04-15 18:51:00,2.0,2022-04-15,2022-04-15,2022,2022,Friday,Friday,18:49,18:51,1129,1131,NON_WEEKEND,NON_WEEKEND_GAP,109,107,2,P109_C107_D2
2022-04-17 21:23:00,2022-04-17 21:30:00,7.0,2022-04-17,2022-04-17,2022,2022,Sunday,Sunday,21:23,21:30,1283,1290,NON_WEEKEND,NON_WEEKEND_GAP,124,123,8,P124_C123_D8
2022-04-17 21:40:00,2022-04-17 21:47:00,7.0,2022-04-17,2022-04-17,2022,2022,Sunday,Sunday,21:40,21:47,1300,1307,NON_WEEKEND,NON_WEEKEND_GAP,126,125,8,P126_C125_D8
2022-04-18 09:21:00,2022-04-18 09:23:00,2.0,2022-04-18,2022-04-18,2022,2022,Monday,Monday,09:21,09:23,561,563,NON_WEEKEND,NON_WEEKEND_GAP,57,57,2,P57_C57_D2
2022-04-18 09:45:00,2022-04-18 09:48:00,3.0,2022-04-18,2022-04-18,2022,2022,Monday,Monday,09:45,09:48,585,588,NON_WEEKEND,NON_WEEKEND_GAP,59,59,4,P59_C59_D4
2022-04-18 10:19:00,2022-04-18 10:21:00,2.0,2022-04-18,2022-04-18,2022,2022,Monday,Monday,10:19,10:21,619,621,NON_WEEKEND,NON_WEEKEND_GAP,62,62,2,P62_C62_D2
2022-04-18 10:50:00,2022-04-18 10:52:00,2.0,2022-04-18,2022-04-18,2022,2022,Monday,Monday,10:50,10:52,650,652,NON_WEEKEND,NON_WEEKEND_GAP,65,65,2,P65_C65_D2
2022-04-18 11:03:00,2022-04-18 11:05:00,2.0,2022-04-18,2022-04-18,2022,2022,Monday,Monday,11:03,11:05,663,665,NON_WEEKEND,NON_WEEKEND_GAP,66,67,2,P66_C67_D2
2022-04-18 11:19:00,2022-04-18 11:21:00,2.0,2022-04-18,2022-04-18,2022,2022,Monday,Monday,11:19,11:21,679,681,NON_WEEKEND,NON_WEEKEND_GAP,68,68,2,P68_C68_D2
2022-04-18 21:15:00,2022-04-18 21:30:00,15.0,2022-04-18,2022-04-18,2022,2022,Monday,Monday,21:15,21:30,1275,1290,NON_WEEKEND,NON_WEEKEND_GAP,123,123,16,P123_C123_D16
2022-04-18 21:49:00,2022-04-18 21:52:00,3.0,2022-04-18,2022-04-18,2022,2022,Monday,Monday,21:49,21:52,1309,1312,NON_WEEKEND,NON_WEEKEND_GAP,126,126,4,P126_C126_D4
2022-04-20 21:07:00,2022-04-20 21:13:00,6.0,2022-04-20,2022-04-20,2022,2022,Wednesday,Wednesday,21:07,21:13,1267,1273,NON_WEEKEND,NON_WEEKEND_GAP,122,122,6,P122_C122_D6
2022-04-20 21:19:00,2022-04-20 21:25:00,6.0,2022-04-20,2022-04-20,2022,2022,Wednesday,Wednesday,21:19,21:25,1279,1285,NON_WEEKEND,NON_WEEKEND_GAP,123,123,6,P123_C123_D6
2022-04-20 21:38:00,2022-04-20 21:45:00,7.0,2022-04-20,2022-04-20,2022,2022,Wednesday,Wednesday,21:38,21:45,1298,1305,NON_WEEKEND,NON_WEEKEND_GAP,125,125,8,P125_C125_D8
2022-04-21 21:18:00,2022-04-21 21:24:00,6.0,2022-04-21,2022-04-21,2022,2022,Thursday,Thursday,21:18,21:24,1278,1284,NON_WEEKEND,NON_WEEKEND_GAP,123,123,6,P123_C123_D6
2022-04-21 21:45:00,2022-04-21 21:51:00,6.0,2022-04-21,2022-04-21,2022,2022,Thursday,Thursday,21:45,21:51,1305,1311,NON_WEEKEND,NON_WEEKEND_GAP,126,125,6,P126_C125_D6
2022-04-21 22:21:00,2022-04-21 22:27:00,6.0,2022-04-21,2022-04-21,2022,2022,Thursday,Thursday,22:21,22:27,1341,1347,NON_WEEKEND,NON_WEEKEND_GAP,130,129,6,P130_C129_D6
2022-04-21 22:48:00,2022-04-21 22:52:00,4.0,2022-04-21,2022-04-21,2022,2022,Thursday,Thursday,22:48,22:52,1368,1372,NON_WEEKEND,NON_WEEKEND_GAP,132,132,4,P132_C132_D4
2022-04-22 16:27:00,2022-04-22 16:29:00,2.0,2022-04-22,2022-04-22,2022,2022,Friday,Friday,16:27,16:29,987,989,NON_WEEKEND,NON_WEEKEND_GAP,95,94,2,P95_C94_D2
2022-04-24 21:48:00,2022-04-24 21:52:00,4.0,2022-04-24,2022-04-24,2022,2022,Sunday,Sunday,21:48,21:52,1308,1312,NON_WEEKEND,NON_WEEKEND_GAP,126,126,4,P126_C126_D4
2022-04-25 21:14:00,2022-04-25 21:30:00,16.0,2022-04-25,2022-04-25,2022,2022,Monday,Monday,21:14,21:30,1274,1290,NON_WEEKEND,NON_WEEKEND_GAP,123,123,16,P123_C123_D16
2022-04-26 11:22:00,2022-04-26 11:24:00,2.0,2022-04-26,2022-04-26,2022,2022,Tuesday,Tuesday,11:22,11:24,682,684,NON_WEEKEND,NON_WEEKEND_GAP,68,69,2,P68_C69_D2
2022-04-26 19:17:00,2022-04-26 19:20:00,3.0,2022-04-26,2022-04-26,2022,2022,Tuesday,Tuesday,19:17,19:20,1157,1160,NON_WEEKEND,NON_WEEKEND_GAP,111,110,4,P111_C110_D4
2022-04-26 21:37:00,2022-04-26 21:43:00,6.0,2022-04-26,2022-04-26,2022,2022,Tuesday,Tuesday,21:37,21:43,1297,1303,NON_WEEKEND,NON_WEEKEND_GAP,125,125,6,P125_C125_D6
2022-04-26 21:49:00,2022-04-26 21:57:00,8.0,2022-04-26,2022-04-26,2022,2022,Tuesday,Tuesday,21:49,21:57,1309,1317,NON_WEEKEND,NON_WEEKEND_GAP,126,126,8,P126_C126_D8
2022-04-27 20:39:00,2022-04-27 20:42:00,3.0,2022-04-27,2022-04-27,2022,2022,Wednesday,Wednesday,20:39,20:42,1239,1242,NON_WEEKEND,NON_WEEKEND_GAP,119,119,4,P119_C119_D4
2022-04-27 21:17:00,2022-04-27 21:26:00,9.0,2022-04-27,2022-04-27,2022,2022,Wednesday,Wednesday,21:17,21:26,1277,1286,NON_WEEKEND,NON_WEEKEND_GAP,123,123,8,P123_C123_D8
2022-04-27 23:30:00,2022-04-27 23:37:00,7.0,2022-04-27,2022-04-27,2022,2022,Wednesday,Wednesday,23:30,23:37,1410,1417,NON_WEEKEND,NON_WEEKEND_GAP,137,136,8,P137_C136_D8
2022-04-28 21:15:00,2022-04-28 21:22:00,7.0,2022-04-28,2022-04-28,2022,2022,Thursday,Thursday,21:15,21:22,1275,1282,NON_WEEKEND,NON_WEEKEND_GAP,123,123,8,P123_C123_D8
2022-04-28 21:23:00,2022-04-28 21:33:00,10.0,2022-04-28,2022-04-28,2022,2022,Thursday,Thursday,21:23,21:33,1283,1293,NON_WEEKEND,NON_WEEKEND_GAP,124,124,10,P124_C124_D10
2022-04-28 21:49:00,2022-04-28 21:52:00,3.0,2022-04-28,2022-04-28,2022,2022,Thursday,Thursday,21:49,21:52,1309,1312,NON_WEEKEND,NON_WEEKEND_GAP,126,126,4,P126_C126_D4
2022-05-02 10:28:00,2022-05-02 10:30:00,2.0,2022-05-02,2022-05-02,2022,2022,Monday,Monday,10:28,10:30,628,630,NON_WEEKEND,NON_WEEKEND_GAP,63,63,2,P63_C63_D2
2022-05-02 10:30:00,2022-05-02 10:32:00,2.0,2022-05-02,2022-05-02,2022,2022,Monday,Monday,10:30,10:32,630,632,NON_WEEKEND,NON_WEEKEND_GAP,63,63,2,P63_C63_D2
2022-05-02 10:38:00,2022-05-02 10:41:00,3.0,2022-05-02,2022-05-02,2022,2022,Monday,Monday,10:38,10:41,638,641,NON_WEEKEND,NON_WEEKEND_GAP,64,64,4,P64_C64_D4
2022-05-02 16:08:00,2022-05-02 16:10:00,2.0,2022-05-02,2022-05-02,2022,2022,Monday,Monday,16:08,16:10,968,970,NON_WEEKEND,NON_WEEKEND_GAP,93,92,2,P93_C92_D2
2022-05-02 16:10:00,2022-05-02 16:12:00,2.0,2022-05-02,2022-05-02,2022,2022,Monday,Monday,16:10,16:12,970,972,NON_WEEKEND,NON_WEEKEND_GAP,93,93,2,P93_C93_D2
2022-05-02 17:02:00,2022-05-02 17:04:00,2.0,2022-05-02,2022-05-02,2022,2022,Monday,Monday,17:02,17:04,1022,1024,NON_WEEKEND,NON_WEEKEND_GAP,98,97,2,P98_C97_D2
2022-05-02 17:15:00,2022-05-02 17:18:00,3.0,2022-05-02,2022-05-02,2022,2022,Monday,Monday,17:15,17:18,1035,1038,NON_WEEKEND,NON_WEEKEND_GAP,100,99,4,P100_C99_D4
2022-05-02 18:19:00,2022-05-02 18:21:00,2.0,2022-05-02,2022-05-02,2022,2022,Monday,Monday,18:19,18:21,1099,1101,NON_WEEKEND,NON_WEEKEND_GAP,106,104,2,P106_C104_D2
2022-05-02 20:19:00,2022-05-02 20:22:00,3.0,2022-05-02,2022-05-02,2022,2022,Monday,Monday,20:19,20:22,1219,1222,NON_WEEKEND,NON_WEEKEND_GAP,117,117,4,P117_C117_D4
2022-05-02 20:30:00,2022-05-02 20:36:00,6.0,2022-05-02,2022-05-02,2022,2022,Monday,Monday,20:30,20:36,1230,1236,NON_WEEKEND,NON_WEEKEND_GAP,119,118,6,P119_C118_D6
2022-05-03 01:21:00,2022-05-03 01:24:00,3.0,2022-05-03,2022-05-03,2022,2022,Tuesday,Tuesday,01:21,01:24,81,84,NON_WEEKEND,NON_WEEKEND_GAP,9,9,4,P9_C9_D4
2022-05-03 01:31:00,2022-05-03 01:34:00,3.0,2022-05-03,2022-05-03,2022,2022,Tuesday,Tuesday,01:31,01:34,91,94,NON_WEEKEND,NON_WEEKEND_GAP,10,10,4,P10_C10_D4
2022-05-03 10:28:00,2022-05-03 10:30:00,2.0,2022-05-03,2022-05-03,2022,2022,Tuesday,Tuesday,10:28,10:30,628,630,NON_WEEKEND,NON_WEEKEND_GAP,63,63,2,P63_C63_D2
2022-05-03 20:13:00,2022-05-03 20:19:00,6.0,2022-05-03,2022-05-03,2022,2022,Tuesday,Tuesday,20:13,20:19,1213,1219,NON_WEEKEND,NON_WEEKEND_GAP,117,116,6,P117_C116_D6
2022-05-03 21:19:00,2022-05-03 21:31:00,12.0,2022-05-03,2022-05-03,2022,2022,Tuesday,Tuesday,21:19,21:31,1279,1291,NON_WEEKEND,NON_WEEKEND_GAP,123,123,12,P123_C123_D12
2022-05-03 23:19:00,2022-05-03 23:22:00,3.0,2022-05-03,2022-05-03,2022,2022,Tuesday,Tuesday,23:19,23:22,1399,1402,NON_WEEKEND,NON_WEEKEND_GAP,135,135,4,P135_C135_D4
2022-05-04 02:37:00,2022-05-04 02:40:00,3.0,2022-05-04,2022-05-04,2022,2022,Wednesday,Wednesday,02:37,02:40,157,160,NON_WEEKEND,NON_WEEKEND_GAP,16,16,4,P16_C16_D4
2022-05-04 05:22:00,2022-05-04 05:25:00,3.0,2022-05-04,2022-05-04,2022,2022,Wednesday,Wednesday,05:22,05:25,322,325,NON_WEEKEND,NON_WEEKEND_GAP,33,33,4,P33_C33_D4
2022-05-04 16:41:00,2022-05-04 16:43:00,2.0,2022-05-04,2022-05-04,2022,2022,Wednesday,Wednesday,16:41,16:43,1001,1003,NON_WEEKEND,NON_WEEKEND_GAP,96,95,2,P96_C95_D2
2022-05-04 17:08:00,2022-05-04 17:10:00,2.0,2022-05-04,2022-05-04,2022,2022,Wednesday,Wednesday,17:08,17:10,1028,1030,NON_WEEKEND,NON_WEEKEND_GAP,99,98,2,P99_C98_D2
2022-05-04 21:17:00,2022-05-04 21:26:00,9.0,2022-05-04,2022-05-04,2022,2022,Wednesday,Wednesday,21:17,21:26,1277,1286,NON_WEEKEND,NON_WEEKEND_GAP,123,123,8,P123_C123_D8
2022-05-05 21:20:00,2022-05-05 21:27:00,7.0,2022-05-05,2022-05-05,2022,2022,Thursday,Thursday,21:20,21:27,1280,1287,NON_WEEKEND,NON_WEEKEND_GAP,124,123,8,P124_C123_D8
2022-05-05 21:38:00,2022-05-05 22:00:00,22.0,2022-05-05,2022-05-05,2022,2022,Thursday,Thursday,21:38,22:00,1298,1320,NON_WEEKEND,NON_WEEKEND_GAP,125,126,22,P125_C126_D22
2022-05-06 03:59:00,2022-05-06 04:02:00,3.0,2022-05-06,2022-05-06,2022,2022,Friday,Friday,03:59,04:02,239,242,NON_WEEKEND,NON_WEEKEND_GAP,24,25,4,P24_C25_D4
2022-05-08 21:15:00,2022-05-08 21:21:00,6.0,2022-05-08,2022-05-08,2022,2022,Sunday,Sunday,21:15,21:21,1275,1281,NON_WEEKEND,NON_WEEKEND_GAP,123,122,6,P123_C122_D6
2022-05-09 21:05:00,2022-05-09 21:11:00,6.0,2022-05-09,2022-05-09,2022,2022,Monday,Monday,21:05,21:11,1265,1271,NON_WEEKEND,NON_WEEKEND_GAP,122,121,6,P122_C121_D6
2022-05-10 21:18:00,2022-05-10 21:25:00,7.0,2022-05-10,2022-05-10,2022,2022,Tuesday,Tuesday,21:18,21:25,1278,1285,NON_WEEKEND,NON_WEEKEND_GAP,123,123,8,P123_C123_D8
2022-05-10 21:33:00,2022-05-10 21:39:00,6.0,2022-05-10,2022-05-10,2022,2022,Tuesday,Tuesday,21:33,21:39,1293,1299,NON_WEEKEND,NON_WEEKEND_GAP,125,124,6,P125_C124_D6
2022-05-10 22:44:00,2022-05-10 22:51:00,7.0,2022-05-10,2022-05-10,2022,2022,Tuesday,Tuesday,22:44,22:51,1364,1371,NON_WEEKEND,NON_WEEKEND_GAP,132,131,8,P132_C131_D8
2022-05-11 21:35:00,2022-05-11 21:41:00,6.0,2022-05-11,2022-05-11,2022,2022,Wednesday,Wednesday,21:35,21:41,1295,1301,NON_WEEKEND,NON_WEEKEND_GAP,125,124,6,P125_C124_D6
2022-05-12 00:49:00,2022-05-12 00:51:00,2.0,2022-05-12,2022-05-12,2022,2022,Thursday,Thursday,00:49,00:51,49,51,NON_WEEKEND,NON_WEEKEND_GAP,5,6,2,P5_C6_D2
2022-05-15 21:11:00,2022-05-15 21:17:00,6.0,2022-05-15,2022-05-15,2022,2022,Sunday,Sunday,21:11,21:17,1271,1277,NON_WEEKEND,NON_WEEKEND_GAP,123,122,6,P123_C122_D6
2022-05-16 21:24:00,2022-05-16 21:31:00,7.0,2022-05-16,2022-05-16,2022,2022,Monday,Monday,21:24,21:31,1284,1291,NON_WEEKEND,NON_WEEKEND_GAP,124,123,8,P124_C123_D8
2022-05-16 21:35:00,2022-05-16 21:44:00,9.0,2022-05-16,2022-05-16,2022,2022,Monday,Monday,21:35,21:44,1295,1304,NON_WEEKEND,NON_WEEKEND_GAP,125,125,8,P125_C125_D8
2022-05-16 22:38:00,2022-05-16 22:44:00,6.0,2022-05-16,2022-05-16,2022,2022,Monday,Monday,22:38,22:44,1358,1364,NON_WEEKEND,NON_WEEKEND_GAP,131,131,6,P131_C131_D6
2022-05-17 21:17:00,2022-05-17 21:23:00,6.0,2022-05-17,2022-05-17,2022,2022,Tuesday,Tuesday,21:17,21:23,1277,1283,NON_WEEKEND,NON_WEEKEND_GAP,123,123,6,P123_C123_D6
2022-05-17 21:33:00,2022-05-17 21:39:00,6.0,2022-05-17,2022-05-17,2022,2022,Tuesday,Tuesday,21:33,21:39,1293,1299,NON_WEEKEND,NON_WEEKEND_GAP,125,124,6,P125_C124_D6
2022-05-17 21:46:00,2022-05-17 21:56:00,10.0,2022-05-17,2022-05-17,2022,2022,Tuesday,Tuesday,21:46,21:56,1306,1316,NON_WEEKEND,NON_WEEKEND_GAP,126,126,10,P126_C126_D10
2022-05-18 20:39:00,2022-05-18 20:42:00,3.0,2022-05-18,2022-05-18,2022,2022,Wednesday,Wednesday,20:39,20:42,1239,1242,NON_WEEKEND,NON_WEEKEND_GAP,119,119,4,P119_C119_D4
2022-05-19 21:15:00,2022-05-19 21:45:00,30.0,2022-05-19,2022-05-19,2022,2022,Thursday,Thursday,21:15,21:45,1275,1305,NON_WEEKEND,NON_WEEKEND_GAP,123,125,30,P123_C125_D30
2022-05-24 21:18:00,2022-05-24 21:25:00,7.0,2022-05-24,2022-05-24,2022,2022,Tuesday,Tuesday,21:18,21:25,1278,1285,NON_WEEKEND,NON_WEEKEND_GAP,123,123,8,P123_C123_D8
2022-05-25 21:18:00,2022-05-25 21:33:00,15.0,2022-05-25,2022-05-25,2022,2022,Wednesday,Wednesday,21:18,21:33,1278,1293,NON_WEEKEND,NON_WEEKEND_GAP,123,124,16,P123_C124_D16
2022-05-26 21:13:00,2022-05-26 21:19:00,6.0,2022-05-26,2022-05-26,2022,2022,Thursday,Thursday,21:13,21:19,1273,1279,NON_WEEKEND,NON_WEEKEND_GAP,123,122,6,P123_C122_D6
2022-05-26 22:09:00,2022-05-26 22:15:00,6.0,2022-05-26,2022-05-26,2022,2022,Thursday,Thursday,22:09,22:15,1329,1335,NON_WEEKEND,NON_WEEKEND_GAP,128,128,6,P128_C128_D6
2022-05-26 22:26:00,2022-05-26 22:32:00,6.0,2022-05-26,2022-05-26,2022,2022,Thursday,Thursday,22:26,22:32,1346,1352,NON_WEEKEND,NON_WEEKEND_GAP,130,130,6,P130_C130_D6
2022-05-29 21:49:00,2022-05-29 22:00:00,11.0,2022-05-29,2022-05-29,2022,2022,Sunday,Sunday,21:49,22:00,1309,1320,NON_WEEKEND,NON_WEEKEND_GAP,126,126,12,P126_C126_D12
2022-05-30 16:47:00,2022-05-30 16:49:00,2.0,2022-05-30,2022-05-30,2022,2022,Monday,Monday,16:47,16:49,1007,1009,NON_WEEKEND,NON_WEEKEND_GAP,97,96,2,P97_C96_D2
2022-05-30 16:50:00,2022-05-30 16:52:00,2.0,2022-05-30,2022-05-30,2022,2022,Monday,Monday,16:50,16:52,1010,1012,NON_WEEKEND,NON_WEEKEND_GAP,97,96,2,P97_C96_D2
2022-05-30 17:10:00,2022-05-30 17:12:00,2.0,2022-05-30,2022-05-30,2022,2022,Monday,Monday,17:10,17:12,1030,1032,NON_WEEKEND,NON_WEEKEND_GAP,99,98,2,P99_C98_D2
2022-05-30 17:35:00,2022-05-30 17:38:00,3.0,2022-05-30,2022-05-30,2022,2022,Monday,Monday,17:35,17:38,1055,1058,NON_WEEKEND,NON_WEEKEND_GAP,101,101,4,P101_C101_D4
2022-05-30 17:39:00,2022-05-30 17:42:00,3.0,2022-05-30,2022-05-30,2022,2022,Monday,Monday,17:39,17:42,1059,1062,NON_WEEKEND,NON_WEEKEND_GAP,102,101,4,P102_C101_D4
2022-05-30 17:46:00,2022-05-30 17:50:00,4.0,2022-05-30,2022-05-30,2022,2022,Monday,Monday,17:46,17:50,1066,1070,NON_WEEKEND,NON_WEEKEND_GAP,103,102,4,P103_C102_D4
2022-05-30 18:36:00,2022-05-30 18:41:00,5.0,2022-05-30,2022-05-30,2022,2022,Monday,Monday,18:36,18:41,1116,1121,NON_WEEKEND,NON_WEEKEND_GAP,107,106,4,P107_C106_D4
2022-05-30 18:44:00,2022-05-30 18:51:00,7.0,2022-05-30,2022-05-30,2022,2022,Monday,Monday,18:44,18:51,1124,1131,NON_WEEKEND,NON_WEEKEND_GAP,108,107,8,P108_C107_D8
2022-05-30 18:53:00,2022-05-30 18:56:00,3.0,2022-05-30,2022-05-30,2022,2022,Monday,Monday,18:53,18:56,1133,1136,NON_WEEKEND,NON_WEEKEND_GAP,109,108,4,P109_C108_D4
2022-05-30 19:04:00,2022-05-30 19:07:00,3.0,2022-05-30,2022-05-30,2022,2022,Monday,Monday,19:04,19:07,1144,1147,NON_WEEKEND,NON_WEEKEND_GAP,110,109,4,P110_C109_D4
2022-05-30 19:18:00,2022-05-30 19:24:00,6.0,2022-05-30,2022-05-30,2022,2022,Monday,Monday,19:18,19:24,1158,1164,NON_WEEKEND,NON_WEEKEND_GAP,111,111,6,P111_C111_D6
2022-05-30 19:25:00,2022-05-30 19:30:00,5.0,2022-05-30,2022-05-30,2022,2022,Monday,Monday,19:25,19:30,1165,1170,NON_WEEKEND,NON_WEEKEND_GAP,112,111,4,P112_C111_D4
2022-05-30 19:32:00,2022-05-30 19:35:00,3.0,2022-05-30,2022-05-30,2022,2022,Monday,Monday,19:32,19:35,1172,1175,NON_WEEKEND,NON_WEEKEND_GAP,113,112,4,P113_C112_D4
2022-05-30 19:38:00,2022-05-30 19:41:00,3.0,2022-05-30,2022-05-30,2022,2022,Monday,Monday,19:38,19:41,1178,1181,NON_WEEKEND,NON_WEEKEND_GAP,113,112,4,P113_C112_D4
2022-05-30 19:41:00,2022-05-30 19:52:00,11.0,2022-05-30,2022-05-30,2022,2022,Monday,Monday,19:41,19:52,1181,1192,NON_WEEKEND,NON_WEEKEND_GAP,114,114,12,P114_C114_D12
2022-05-30 19:53:00,2022-05-30 19:56:00,3.0,2022-05-30,2022-05-30,2022,2022,Monday,Monday,19:53,19:56,1193,1196,NON_WEEKEND,NON_WEEKEND_GAP,115,114,4,P115_C114_D4
2022-05-30 20:13:00,2022-05-30 20:20:00,7.0,2022-05-30,2022-05-30,2022,2022,Monday,Monday,20:13,20:20,1213,1220,NON_WEEKEND,NON_WEEKEND_GAP,117,116,8,P117_C116_D8
2022-05-30 20:39:00,2022-05-30 20:42:00,3.0,2022-05-30,2022-05-30,2022,2022,Monday,Monday,20:39,20:42,1239,1242,NON_WEEKEND,NON_WEEKEND_GAP,119,119,4,P119_C119_D4
2022-05-30 21:13:00,2022-05-30 21:30:00,17.0,2022-05-30,2022-05-30,2022,2022,Monday,Monday,21:13,21:30,1273,1290,NON_WEEKEND,NON_WEEKEND_GAP,123,123,16,P123_C123_D16
2022-05-30 22:48:00,2022-05-30 22:52:00,4.0,2022-05-30,2022-05-30,2022,2022,Monday,Monday,22:48,22:52,1368,1372,NON_WEEKEND,NON_WEEKEND_GAP,132,132,4,P132_C132_D4
2022-05-31 20:29:00,2022-05-31 20:32:00,3.0,2022-05-31,2022-05-31,2022,2022,Tuesday,Tuesday,20:29,20:32,1229,1232,NON_WEEKEND,NON_WEEKEND_GAP,118,118,4,P118_C118_D4
2022-05-31 21:49:00,2022-05-31 21:53:00,4.0,2022-05-31,2022-05-31,2022,2022,Tuesday,Tuesday,21:49,21:53,1309,1313,NON_WEEKEND,NON_WEEKEND_GAP,126,126,4,P126_C126_D4
2022-06-01 22:43:00,2022-06-01 22:49:00,6.0,2022-06-01,2022-06-01,2022,2022,Wednesday,Wednesday,22:43,22:49,1363,1369,NON_WEEKEND,NON_WEEKEND_GAP,132,131,6,P132_C131_D6
2022-06-02 21:14:00,2022-06-02 21:21:00,7.0,2022-06-02,2022-06-02,2022,2022,Thursday,Thursday,21:14,21:21,1274,1281,NON_WEEKEND,NON_WEEKEND_GAP,123,122,8,P123_C122_D8
2022-06-02 21:51:00,2022-06-02 21:57:00,6.0,2022-06-02,2022-06-02,2022,2022,Thursday,Thursday,21:51,21:57,1311,1317,NON_WEEKEND,NON_WEEKEND_GAP,127,126,6,P127_C126_D6
2022-06-03 01:53:00,2022-06-03 01:56:00,3.0,2022-06-03,2022-06-03,2022,2022,Friday,Friday,01:53,01:56,113,116,NON_WEEKEND,NON_WEEKEND_GAP,12,12,4,P12_C12_D4
2022-06-05 21:13:00,2022-06-05 21:19:00,6.0,2022-06-05,2022-06-05,2022,2022,Sunday,Sunday,21:13,21:19,1273,1279,NON_WEEKEND,NON_WEEKEND_GAP,123,122,6,P123_C122_D6
2022-06-05 21:19:00,2022-06-05 21:32:00,13.0,2022-06-05,2022-06-05,2022,2022,Sunday,Sunday,21:19,21:32,1279,1292,NON_WEEKEND,NON_WEEKEND_GAP,123,124,12,P123_C124_D12
2022-06-06 09:27:00,2022-06-06 09:29:00,2.0,2022-06-06,2022-06-06,2022,2022,Monday,Monday,09:27,09:29,567,569,NON_WEEKEND,NON_WEEKEND_GAP,58,57,2,P58_C57_D2
2022-06-06 11:37:00,2022-06-06 11:39:00,2.0,2022-06-06,2022-06-06,2022,2022,Monday,Monday,11:37,11:39,697,699,NON_WEEKEND,NON_WEEKEND_GAP,69,70,2,P69_C70_D2
2022-06-06 21:12:00,2022-06-06 21:54:00,42.0,2022-06-06,2022-06-06,2022,2022,Monday,Monday,21:12,21:54,1272,1314,NON_WEEKEND,NON_WEEKEND_GAP,123,126,42,P123_C126_D42
2022-06-07 21:23:00,2022-06-07 21:30:00,7.0,2022-06-07,2022-06-07,2022,2022,Tuesday,Tuesday,21:23,21:30,1283,1290,NON_WEEKEND,NON_WEEKEND_GAP,124,123,8,P124_C123_D8
2022-06-07 22:56:00,2022-06-07 23:06:00,10.0,2022-06-07,2022-06-07,2022,2022,Tuesday,Tuesday,22:56,23:06,1376,1386,NON_WEEKEND,NON_WEEKEND_GAP,133,133,10,P133_C133_D10
2022-06-08 21:38:00,2022-06-08 21:45:00,7.0,2022-06-08,2022-06-08,2022,2022,Wednesday,Wednesday,21:38,21:45,1298,1305,NON_WEEKEND,NON_WEEKEND_GAP,125,125,8,P125_C125_D8
2022-06-08 22:46:00,2022-06-08 22:55:00,9.0,2022-06-08,2022-06-08,2022,2022,Wednesday,Wednesday,22:46,22:55,1366,1375,NON_WEEKEND,NON_WEEKEND_GAP,132,132,8,P132_C132_D8
2022-06-09 16:54:00,2022-06-09 16:56:00,2.0,2022-06-09,2022-06-09,2022,2022,Thursday,Thursday,16:54,16:56,1014,1016,NON_WEEKEND,NON_WEEKEND_GAP,98,97,2,P98_C97_D2
2022-06-09 21:19:00,2022-06-09 21:27:00,8.0,2022-06-09,2022-06-09,2022,2022,Thursday,Thursday,21:19,21:27,1279,1287,NON_WEEKEND,NON_WEEKEND_GAP,123,123,8,P123_C123_D8
2022-06-09 21:35:00,2022-06-09 21:41:00,6.0,2022-06-09,2022-06-09,2022,2022,Thursday,Thursday,21:35,21:41,1295,1301,NON_WEEKEND,NON_WEEKEND_GAP,125,124,6,P125_C124_D6
2022-06-09 22:19:00,2022-06-09 22:25:00,6.0,2022-06-09,2022-06-09,2022,2022,Thursday,Thursday,22:19,22:25,1339,1345,NON_WEEKEND,NON_WEEKEND_GAP,129,129,6,P129_C129_D6
2022-06-12 21:35:00,2022-06-12 21:41:00,6.0,2022-06-12,2022-06-12,2022,2022,Sunday,Sunday,21:35,21:41,1295,1301,NON_WEEKEND,NON_WEEKEND_GAP,125,124,6,P125_C124_D6
2022-06-12 21:49:00,2022-06-12 21:52:00,3.0,2022-06-12,2022-06-12,2022,2022,Sunday,Sunday,21:49,21:52,1309,1312,NON_WEEKEND,NON_WEEKEND_GAP,126,126,4,P126_C126_D4
2022-06-14 21:49:00,2022-06-14 21:52:00,3.0,2022-06-14,2022-06-14,2022,2022,Tuesday,Tuesday,21:49,21:52,1309,1312,NON_WEEKEND,NON_WEEKEND_GAP,126,126,4,P126_C126_D4
2022-06-15 07:56:00,2022-06-15 07:58:00,2.0,2022-06-15,2022-06-15,2022,2022,Wednesday,Wednesday,07:56,07:58,476,478,NON_WEEKEND,NON_WEEKEND_GAP,48,48,2,P48_C48_D2
2022-06-20 17:25:00,2022-06-20 17:28:00,3.0,2022-06-20,2022-06-20,2022,2022,Monday,Monday,17:25,17:28,1045,1048,NON_WEEKEND,NON_WEEKEND_GAP,101,100,4,P101_C100_D4
2022-06-20 17:33:00,2022-06-20 17:36:00,3.0,2022-06-20,2022-06-20,2022,2022,Monday,Monday,17:33,17:36,1053,1056,NON_WEEKEND,NON_WEEKEND_GAP,101,100,4,P101_C100_D4
2022-06-20 18:18:00,2022-06-20 18:20:00,2.0,2022-06-20,2022-06-20,2022,2022,Monday,Monday,18:18,18:20,1098,1100,NON_WEEKEND,NON_WEEKEND_GAP,106,104,2,P106_C104_D2
2022-06-20 18:44:00,2022-06-20 18:47:00,3.0,2022-06-20,2022-06-20,2022,2022,Monday,Monday,18:44,18:47,1124,1127,NON_WEEKEND,NON_WEEKEND_GAP,108,107,4,P108_C107_D4
2022-06-20 18:53:00,2022-06-20 18:56:00,3.0,2022-06-20,2022-06-20,2022,2022,Monday,Monday,18:53,18:56,1133,1136,NON_WEEKEND,NON_WEEKEND_GAP,109,108,4,P109_C108_D4
2022-06-20 19:09:00,2022-06-20 19:14:00,5.0,2022-06-20,2022-06-20,2022,2022,Monday,Monday,19:09,19:14,1149,1154,NON_WEEKEND,NON_WEEKEND_GAP,111,110,4,P111_C110_D4
2022-06-20 19:26:00,2022-06-20 19:30:00,4.0,2022-06-20,2022-06-20,2022,2022,Monday,Monday,19:26,19:30,1166,1170,NON_WEEKEND,NON_WEEKEND_GAP,112,111,4,P112_C111_D4
2022-06-20 19:41:00,2022-06-20 19:44:00,3.0,2022-06-20,2022-06-20,2022,2022,Monday,Monday,19:41,19:44,1181,1184,NON_WEEKEND,NON_WEEKEND_GAP,114,113,4,P114_C113_D4
2022-06-20 21:06:00,2022-06-20 21:12:00,6.0,2022-06-20,2022-06-20,2022,2022,Monday,Monday,21:06,21:12,1266,1272,NON_WEEKEND,NON_WEEKEND_GAP,122,122,6,P122_C122_D6
2022-06-22 21:12:00,2022-06-22 21:18:00,6.0,2022-06-22,2022-06-22,2022,2022,Wednesday,Wednesday,21:12,21:18,1272,1278,NON_WEEKEND,NON_WEEKEND_GAP,123,122,6,P123_C122_D6
2022-06-23 21:07:00,2022-06-23 21:13:00,6.0,2022-06-23,2022-06-23,2022,2022,Thursday,Thursday,21:07,21:13,1267,1273,NON_WEEKEND,NON_WEEKEND_GAP,122,122,6,P122_C122_D6
2022-06-23 21:39:00,2022-06-23 21:45:00,6.0,2022-06-23,2022-06-23,2022,2022,Thursday,Thursday,21:39,21:45,1299,1305,NON_WEEKEND,NON_WEEKEND_GAP,125,125,6,P125_C125_D6
2022-06-23 21:50:00,2022-06-23 21:59:00,9.0,2022-06-23,2022-06-23,2022,2022,Thursday,Thursday,21:50,21:59,1310,1319,NON_WEEKEND,NON_WEEKEND_GAP,127,126,8,P127_C126_D8
2022-06-27 22:29:00,2022-06-27 22:34:00,5.0,2022-06-27,2022-06-27,2022,2022,Monday,Monday,22:29,22:34,1349,1354,NON_WEEKEND,NON_WEEKEND_GAP,130,130,4,P130_C130_D4
2022-07-04 16:06:00,2022-07-04 16:08:00,2.0,2022-07-04,2022-07-04,2022,2022,Monday,Monday,16:06,16:08,966,968,NON_WEEKEND,NON_WEEKEND_GAP,93,92,2,P93_C92_D2
2022-07-04 17:30:00,2022-07-04 17:34:00,4.0,2022-07-04,2022-07-04,2022,2022,Monday,Monday,17:30,17:34,1050,1054,NON_WEEKEND,NON_WEEKEND_GAP,101,100,4,P101_C100_D4
2022-07-04 17:40:00,2022-07-04 17:44:00,4.0,2022-07-04,2022-07-04,2022,2022,Monday,Monday,17:40,17:44,1060,1064,NON_WEEKEND,NON_WEEKEND_GAP,102,101,4,P102_C101_D4
2022-07-04 17:44:00,2022-07-04 17:48:00,4.0,2022-07-04,2022-07-04,2022,2022,Monday,Monday,17:44,17:48,1064,1068,NON_WEEKEND,NON_WEEKEND_GAP,102,102,4,P102_C102_D4
2022-07-04 17:51:00,2022-07-04 17:54:00,3.0,2022-07-04,2022-07-04,2022,2022,Monday,Monday,17:51,17:54,1071,1074,NON_WEEKEND,NON_WEEKEND_GAP,103,102,4,P103_C102_D4
2022-07-04 18:07:00,2022-07-04 18:13:00,6.0,2022-07-04,2022-07-04,2022,2022,Monday,Monday,18:07,18:13,1087,1093,NON_WEEKEND,NON_WEEKEND_GAP,104,104,6,P104_C104_D6
2022-07-04 18:19:00,2022-07-04 18:21:00,2.0,2022-07-04,2022-07-04,2022,2022,Monday,Monday,18:19,18:21,1099,1101,NON_WEEKEND,NON_WEEKEND_GAP,106,104,2,P106_C104_D2
2022-07-04 18:28:00,2022-07-04 18:30:00,2.0,2022-07-04,2022-07-04,2022,2022,Monday,Monday,18:28,18:30,1108,1110,NON_WEEKEND,NON_WEEKEND_GAP,107,105,2,P107_C105_D2
2022-07-04 18:36:00,2022-07-04 18:40:00,4.0,2022-07-04,2022-07-04,2022,2022,Monday,Monday,18:36,18:40,1116,1120,NON_WEEKEND,NON_WEEKEND_GAP,107,106,4,P107_C106_D4
2022-07-04 18:46:00,2022-07-04 18:51:00,5.0,2022-07-04,2022-07-04,2022,2022,Monday,Monday,18:46,18:51,1126,1131,NON_WEEKEND,NON_WEEKEND_GAP,108,107,4,P108_C107_D4
2022-07-04 18:52:00,2022-07-04 18:55:00,3.0,2022-07-04,2022-07-04,2022,2022,Monday,Monday,18:52,18:55,1132,1135,NON_WEEKEND,NON_WEEKEND_GAP,109,108,4,P109_C108_D4
2022-07-04 19:26:00,2022-07-04 19:30:00,4.0,2022-07-04,2022-07-04,2022,2022,Monday,Monday,19:26,19:30,1166,1170,NON_WEEKEND,NON_WEEKEND_GAP,112,111,4,P112_C111_D4
2022-07-04 19:30:00,2022-07-04 19:34:00,4.0,2022-07-04,2022-07-04,2022,2022,Monday,Monday,19:30,19:34,1170,1174,NON_WEEKEND,NON_WEEKEND_GAP,113,112,4,P113_C112_D4
2022-07-04 19:37:00,2022-07-04 19:41:00,4.0,2022-07-04,2022-07-04,2022,2022,Monday,Monday,19:37,19:41,1177,1181,NON_WEEKEND,NON_WEEKEND_GAP,113,112,4,P113_C112_D4
2022-07-04 19:44:00,2022-07-04 19:48:00,4.0,2022-07-04,2022-07-04,2022,2022,Monday,Monday,19:44,19:48,1184,1188,NON_WEEKEND,NON_WEEKEND_GAP,114,113,4,P114_C113_D4
2022-07-04 19:49:00,2022-07-04 19:52:00,3.0,2022-07-04,2022-07-04,2022,2022,Monday,Monday,19:49,19:52,1189,1192,NON_WEEKEND,NON_WEEKEND_GAP,114,114,4,P114_C114_D4
2022-07-04 21:14:00,2022-07-04 21:24:00,10.0,2022-07-04,2022-07-04,2022,2022,Monday,Monday,21:14,21:24,1274,1284,NON_WEEKEND,NON_WEEKEND_GAP,123,123,10,P123_C123_D10
2022-07-06 22:33:00,2022-07-06 22:41:00,8.0,2022-07-06,2022-07-06,2022,2022,Wednesday,Wednesday,22:33,22:41,1353,1361,NON_WEEKEND,NON_WEEKEND_GAP,131,130,8,P131_C130_D8
2022-07-10 21:40:00,2022-07-10 21:48:00,8.0,2022-07-10,2022-07-10,2022,2022,Sunday,Sunday,21:40,21:48,1300,1308,NON_WEEKEND,NON_WEEKEND_GAP,126,125,8,P126_C125_D8
2022-07-13 21:16:00,2022-07-13 21:33:00,17.0,2022-07-13,2022-07-13,2022,2022,Wednesday,Wednesday,21:16,21:33,1276,1293,NON_WEEKEND,NON_WEEKEND_GAP,123,124,16,P123_C124_D16
2022-07-14 20:39:00,2022-07-14 20:42:00,3.0,2022-07-14,2022-07-14,2022,2022,Thursday,Thursday,20:39,20:42,1239,1242,NON_WEEKEND,NON_WEEKEND_GAP,119,119,4,P119_C119_D4
2022-07-17 21:08:00,2022-07-17 21:33:00,25.0,2022-07-17,2022-07-17,2022,2022,Sunday,Sunday,21:08,21:33,1268,1293,NON_WEEKEND,NON_WEEKEND_GAP,122,124,24,P122_C124_D24
2022-07-18 21:09:00,2022-07-18 21:30:00,21.0,2022-07-18,2022-07-18,2022,2022,Monday,Monday,21:09,21:30,1269,1290,NON_WEEKEND,NON_WEEKEND_GAP,122,123,20,P122_C123_D20
2022-07-19 21:08:00,2022-07-19 21:30:00,22.0,2022-07-19,2022-07-19,2022,2022,Tuesday,Tuesday,21:08,21:30,1268,1290,NON_WEEKEND,NON_WEEKEND_GAP,122,123,22,P122_C123_D22
2022-07-19 22:05:00,2022-07-19 22:13:00,8.0,2022-07-19,2022-07-19,2022,2022,Tuesday,Tuesday,22:05,22:13,1325,1333,NON_WEEKEND,NON_WEEKEND_GAP,128,128,8,P128_C128_D8
2022-07-20 21:09:00,2022-07-20 21:30:00,21.0,2022-07-20,2022-07-20,2022,2022,Wednesday,Wednesday,21:09,21:30,1269,1290,NON_WEEKEND,NON_WEEKEND_GAP,122,123,20,P122_C123_D20
2022-07-24 21:37:00,2022-07-24 21:43:00,6.0,2022-07-24,2022-07-24,2022,2022,Sunday,Sunday,21:37,21:43,1297,1303,NON_WEEKEND,NON_WEEKEND_GAP,125,125,6,P125_C125_D6
2022-07-24 21:47:00,2022-07-24 22:00:00,13.0,2022-07-24,2022-07-24,2022,2022,Sunday,Sunday,21:47,22:00,1307,1320,NON_WEEKEND,NON_WEEKEND_GAP,126,126,12,P126_C126_D12
2022-07-25 22:37:00,2022-07-25 22:45:00,8.0,2022-07-25,2022-07-25,2022,2022,Monday,Monday,22:37,22:45,1357,1365,NON_WEEKEND,NON_WEEKEND_GAP,131,131,8,P131_C131_D8
2022-07-31 21:40:00,2022-07-31 21:51:00,11.0,2022-07-31,2022-07-31,2022,2022,Sunday,Sunday,21:40,21:51,1300,1311,NON_WEEKEND,NON_WEEKEND_GAP,126,125,12,P126_C125_D12
2022-08-01 21:08:00,2022-08-01 21:31:00,23.0,2022-08-01,2022-08-01,2022,2022,Monday,Monday,21:08,21:31,1268,1291,NON_WEEKEND,NON_WEEKEND_GAP,122,123,24,P122_C123_D24
2022-08-02 21:33:00,2022-08-02 21:40:00,7.0,2022-08-02,2022-08-02,2022,2022,Tuesday,Tuesday,21:33,21:40,1293,1300,NON_WEEKEND,NON_WEEKEND_GAP,125,124,8,P125_C124_D8
2022-08-03 21:53:00,2022-08-03 21:59:00,6.0,2022-08-03,2022-08-03,2022,2022,Wednesday,Wednesday,21:53,21:59,1313,1319,NON_WEEKEND,NON_WEEKEND_GAP,127,126,6,P127_C126_D6
2022-08-04 04:19:00,2022-08-04 04:22:00,3.0,2022-08-04,2022-08-04,2022,2022,Thursday,Thursday,04:19,04:22,259,262,NON_WEEKEND,NON_WEEKEND_GAP,26,27,4,P26_C27_D4
2022-08-04 21:16:00,2022-08-04 21:22:00,6.0,2022-08-04,2022-08-04,2022,2022,Thursday,Thursday,21:16,21:22,1276,1282,NON_WEEKEND,NON_WEEKEND_GAP,123,123,6,P123_C123_D6
2022-08-04 21:24:00,2022-08-04 21:32:00,8.0,2022-08-04,2022-08-04,2022,2022,Thursday,Thursday,21:24,21:32,1284,1292,NON_WEEKEND,NON_WEEKEND_GAP,124,124,8,P124_C124_D8
2022-08-08 21:10:00,2022-08-08 21:16:00,6.0,2022-08-08,2022-08-08,2022,2022,Monday,Monday,21:10,21:16,1270,1276,NON_WEEKEND,NON_WEEKEND_GAP,123,122,6,P123_C122_D6
2022-08-10 03:59:00,2022-08-10 04:02:00,3.0,2022-08-10,2022-08-10,2022,2022,Wednesday,Wednesday,03:59,04:02,239,242,NON_WEEKEND,NON_WEEKEND_GAP,24,25,4,P24_C25_D4
2022-08-10 21:09:00,2022-08-10 21:15:00,6.0,2022-08-10,2022-08-10,2022,2022,Wednesday,Wednesday,21:09,21:15,1269,1275,NON_WEEKEND,NON_WEEKEND_GAP,122,122,6,P122_C122_D6
2022-08-11 21:14:00,2022-08-11 21:20:00,6.0,2022-08-11,2022-08-11,2022,2022,Thursday,Thursday,21:14,21:20,1274,1280,NON_WEEKEND,NON_WEEKEND_GAP,123,122,6,P123_C122_D6
2022-08-11 22:48:00,2022-08-11 22:53:00,5.0,2022-08-11,2022-08-11,2022,2022,Thursday,Thursday,22:48,22:53,1368,1373,NON_WEEKEND,NON_WEEKEND_GAP,132,132,4,P132_C132_D4
2022-08-11 23:29:00,2022-08-11 23:32:00,3.0,2022-08-11,2022-08-11,2022,2022,Thursday,Thursday,23:29,23:32,1409,1412,NON_WEEKEND,NON_WEEKEND_GAP,136,136,4,P136_C136_D4
2022-08-12 20:29:00,2022-08-12 20:33:00,4.0,2022-08-12,2022-08-12,2022,2022,Friday,Friday,20:29,20:33,1229,1233,NON_WEEKEND,NON_WEEKEND_GAP,118,118,4,P118_C118_D4
2022-08-14 22:51:00,2022-08-14 22:58:00,7.0,2022-08-14,2022-08-14,2022,2022,Sunday,Sunday,22:51,22:58,1371,1378,NON_WEEKEND,NON_WEEKEND_GAP,133,132,8,P133_C132_D8
2022-08-15 21:08:00,2022-08-15 21:30:00,22.0,2022-08-15,2022-08-15,2022,2022,Monday,Monday,21:08,21:30,1268,1290,NON_WEEKEND,NON_WEEKEND_GAP,122,123,22,P122_C123_D22
2022-08-16 04:48:00,2022-08-16 04:52:00,4.0,2022-08-16,2022-08-16,2022,2022,Tuesday,Tuesday,04:48,04:52,288,292,NON_WEEKEND,NON_WEEKEND_GAP,29,30,4,P29_C30_D4
2022-08-21 21:20:00,2022-08-21 21:30:00,10.0,2022-08-21,2022-08-21,2022,2022,Sunday,Sunday,21:20,21:30,1280,1290,NON_WEEKEND,NON_WEEKEND_GAP,124,123,10,P124_C123_D10
2022-08-21 21:37:00,2022-08-21 22:00:00,23.0,2022-08-21,2022-08-21,2022,2022,Sunday,Sunday,21:37,22:00,1297,1320,NON_WEEKEND,NON_WEEKEND_GAP,125,126,24,P125_C126_D24
2022-08-22 21:33:00,2022-08-22 21:42:00,9.0,2022-08-22,2022-08-22,2022,2022,Monday,Monday,21:33,21:42,1293,1302,NON_WEEKEND,NON_WEEKEND_GAP,125,125,8,P125_C125_D8
2022-08-25 22:28:00,2022-08-25 22:39:00,11.0,2022-08-25,2022-08-25,2022,2022,Thursday,Thursday,22:28,22:39,1348,1359,NON_WEEKEND,NON_WEEKEND_GAP,130,130,12,P130_C130_D12
2022-08-28 21:36:00,2022-08-28 21:43:00,7.0,2022-08-28,2022-08-28,2022,2022,Sunday,Sunday,21:36,21:43,1296,1303,NON_WEEKEND,NON_WEEKEND_GAP,125,125,8,P125_C125_D8
2022-08-28 21:43:00,2022-08-28 21:49:00,6.0,2022-08-28,2022-08-28,2022,2022,Sunday,Sunday,21:43,21:49,1303,1309,NON_WEEKEND,NON_WEEKEND_GAP,126,125,6,P126_C125_D6
2022-08-28 21:49:00,2022-08-28 21:52:00,3.0,2022-08-28,2022-08-28,2022,2022,Sunday,Sunday,21:49,21:52,1309,1312,NON_WEEKEND,NON_WEEKEND_GAP,126,126,4,P126_C126_D4
2022-08-29 20:39:00,2022-08-29 20:42:00,3.0,2022-08-29,2022-08-29,2022,2022,Monday,Monday,20:39,20:42,1239,1242,NON_WEEKEND,NON_WEEKEND_GAP,119,119,4,P119_C119_D4
2022-08-29 22:17:00,2022-08-29 22:27:00,10.0,2022-08-29,2022-08-29,2022,2022,Monday,Monday,22:17,22:27,1337,1347,NON_WEEKEND,NON_WEEKEND_GAP,129,129,10,P129_C129_D10
2022-08-30 22:23:00,2022-08-30 22:32:00,9.0,2022-08-30,2022-08-30,2022,2022,Tuesday,Tuesday,22:23,22:32,1343,1352,NON_WEEKEND,NON_WEEKEND_GAP,130,130,8,P130_C130_D8
2022-09-01 22:18:00,2022-09-01 22:24:00,6.0,2022-09-01,2022-09-01,2022,2022,Thursday,Thursday,22:18,22:24,1338,1344,NON_WEEKEND,NON_WEEKEND_GAP,129,129,6,P129_C129_D6
2022-09-02 02:33:00,2022-09-02 02:36:00,3.0,2022-09-02,2022-09-02,2022,2022,Friday,Friday,02:33,02:36,153,156,NON_WEEKEND,NON_WEEKEND_GAP,16,16,4,P16_C16_D4
2022-09-05 04:09:00,2022-09-05 04:12:00,3.0,2022-09-05,2022-09-05,2022,2022,Monday,Monday,04:09,04:12,249,252,NON_WEEKEND,NON_WEEKEND_GAP,25,26,4,P25_C26_D4
2022-09-05 17:01:00,2022-09-05 17:05:00,4.0,2022-09-05,2022-09-05,2022,2022,Monday,Monday,17:01,17:05,1021,1025,NON_WEEKEND,NON_WEEKEND_GAP,98,97,4,P98_C97_D4
2022-09-05 17:05:00,2022-09-05 17:07:00,2.0,2022-09-05,2022-09-05,2022,2022,Monday,Monday,17:05,17:07,1025,1027,NON_WEEKEND,NON_WEEKEND_GAP,99,98,2,P99_C98_D2
2022-09-05 17:08:00,2022-09-05 17:10:00,2.0,2022-09-05,2022-09-05,2022,2022,Monday,Monday,17:08,17:10,1028,1030,NON_WEEKEND,NON_WEEKEND_GAP,99,98,2,P99_C98_D2
2022-09-05 17:11:00,2022-09-05 17:13:00,2.0,2022-09-05,2022-09-05,2022,2022,Monday,Monday,17:11,17:13,1031,1033,NON_WEEKEND,NON_WEEKEND_GAP,99,98,2,P99_C98_D2
2022-09-05 17:17:00,2022-09-05 17:22:00,5.0,2022-09-05,2022-09-05,2022,2022,Monday,Monday,17:17,17:22,1037,1042,NON_WEEKEND,NON_WEEKEND_GAP,100,99,4,P100_C99_D4
2022-09-05 17:25:00,2022-09-05 17:28:00,3.0,2022-09-05,2022-09-05,2022,2022,Monday,Monday,17:25,17:28,1045,1048,NON_WEEKEND,NON_WEEKEND_GAP,101,100,4,P101_C100_D4
2022-09-05 17:37:00,2022-09-05 17:40:00,3.0,2022-09-05,2022-09-05,2022,2022,Monday,Monday,17:37,17:40,1057,1060,NON_WEEKEND,NON_WEEKEND_GAP,102,101,4,P102_C101_D4
2022-09-05 18:15:00,2022-09-05 18:18:00,3.0,2022-09-05,2022-09-05,2022,2022,Monday,Monday,18:15,18:18,1095,1098,NON_WEEKEND,NON_WEEKEND_GAP,105,104,4,P105_C104_D4
2022-09-05 18:18:00,2022-09-05 18:21:00,3.0,2022-09-05,2022-09-05,2022,2022,Monday,Monday,18:18,18:21,1098,1101,NON_WEEKEND,NON_WEEKEND_GAP,106,104,4,P106_C104_D4
2022-09-05 18:21:00,2022-09-05 18:24:00,3.0,2022-09-05,2022-09-05,2022,2022,Monday,Monday,18:21,18:24,1101,1104,NON_WEEKEND,NON_WEEKEND_GAP,106,105,4,P106_C105_D4
2022-09-05 18:24:00,2022-09-05 18:27:00,3.0,2022-09-05,2022-09-05,2022,2022,Monday,Monday,18:24,18:27,1104,1107,NON_WEEKEND,NON_WEEKEND_GAP,106,105,4,P106_C105_D4
2022-09-05 18:28:00,2022-09-05 18:36:00,8.0,2022-09-05,2022-09-05,2022,2022,Monday,Monday,18:28,18:36,1108,1116,NON_WEEKEND,NON_WEEKEND_GAP,107,106,8,P107_C106_D8
2022-09-05 18:46:00,2022-09-05 18:50:00,4.0,2022-09-05,2022-09-05,2022,2022,Monday,Monday,18:46,18:50,1126,1130,NON_WEEKEND,NON_WEEKEND_GAP,108,107,4,P108_C107_D4
2022-09-05 18:50:00,2022-09-05 18:55:00,5.0,2022-09-05,2022-09-05,2022,2022,Monday,Monday,18:50,18:55,1130,1135,NON_WEEKEND,NON_WEEKEND_GAP,109,108,4,P109_C108_D4
2022-09-05 19:09:00,2022-09-05 19:11:00,2.0,2022-09-05,2022-09-05,2022,2022,Monday,Monday,19:09,19:11,1149,1151,NON_WEEKEND,NON_WEEKEND_GAP,111,109,2,P111_C109_D2
2022-09-05 19:45:00,2022-09-05 19:48:00,3.0,2022-09-05,2022-09-05,2022,2022,Monday,Monday,19:45,19:48,1185,1188,NON_WEEKEND,NON_WEEKEND_GAP,114,113,4,P114_C113_D4
2022-09-12 23:09:00,2022-09-12 23:12:00,3.0,2022-09-12,2022-09-12,2022,2022,Monday,Monday,23:09,23:12,1389,1392,NON_WEEKEND,NON_WEEKEND_GAP,134,134,4,P134_C134_D4
2022-09-13 02:38:00,2022-09-13 02:41:00,3.0,2022-09-13,2022-09-13,2022,2022,Tuesday,Tuesday,02:38,02:41,158,161,NON_WEEKEND,NON_WEEKEND_GAP,16,16,4,P16_C16_D4
2022-09-14 22:15:00,2022-09-14 22:21:00,6.0,2022-09-14,2022-09-14,2022,2022,Wednesday,Wednesday,22:15,22:21,1335,1341,NON_WEEKEND,NON_WEEKEND_GAP,129,128,6,P129_C128_D6
2022-09-19 20:09:00,2022-09-19 20:12:00,3.0,2022-09-19,2022-09-19,2022,2022,Monday,Monday,20:09,20:12,1209,1212,NON_WEEKEND,NON_WEEKEND_GAP,116,116,4,P116_C116_D4
2022-09-19 22:49:00,2022-09-19 22:54:00,5.0,2022-09-19,2022-09-19,2022,2022,Monday,Monday,22:49,22:54,1369,1374,NON_WEEKEND,NON_WEEKEND_GAP,132,132,4,P132_C132_D4
2022-10-12 22:29:00,2022-10-12 22:35:00,6.0,2022-10-12,2022-10-12,2022,2022,Wednesday,Wednesday,22:29,22:35,1349,1355,NON_WEEKEND,NON_WEEKEND_GAP,130,130,6,P130_C130_D6
2022-10-13 21:04:00,2022-10-13 21:10:00,6.0,2022-10-13,2022-10-13,2022,2022,Thursday,Thursday,21:04,21:10,1264,1270,NON_WEEKEND,NON_WEEKEND_GAP,122,121,6,P122_C121_D6
2022-10-19 21:14:00,2022-10-19 21:22:00,8.0,2022-10-19,2022-10-19,2022,2022,Wednesday,Wednesday,21:14,21:22,1274,1282,NON_WEEKEND,NON_WEEKEND_GAP,123,123,8,P123_C123_D8
2022-10-30 21:33:00,2022-10-30 21:55:00,22.0,2022-10-30,2022-10-30,2022,2022,Sunday,Sunday,21:33,21:55,1293,1315,NON_WEEKEND,NON_WEEKEND_GAP,125,126,22,P125_C126_D22
2022-11-01 21:04:00,2022-11-01 21:10:00,6.0,2022-11-01,2022-11-01,2022,2022,Tuesday,Tuesday,21:04,21:10,1264,1270,NON_WEEKEND,NON_WEEKEND_GAP,122,121,6,P122_C121_D6
2022-11-02 21:13:00,2022-11-02 21:22:00,9.0,2022-11-02,2022-11-02,2022,2022,Wednesday,Wednesday,21:13,21:22,1273,1282,NON_WEEKEND,NON_WEEKEND_GAP,123,123,8,P123_C123_D8
2022-11-02 21:23:00,2022-11-02 21:30:00,7.0,2022-11-02,2022-11-02,2022,2022,Wednesday,Wednesday,21:23,21:30,1283,1290,NON_WEEKEND,NON_WEEKEND_GAP,124,123,8,P124_C123_D8
2022-11-03 21:32:00,2022-11-03 21:39:00,7.0,2022-11-03,2022-11-03,2022,2022,Thursday,Thursday,21:32,21:39,1292,1299,NON_WEEKEND,NON_WEEKEND_GAP,125,124,8,P125_C124_D8
2022-11-07 12:19:00,2022-11-07 12:21:00,2.0,2022-11-07,2022-11-07,2022,2022,Monday,Monday,12:19,12:21,739,741,NON_WEEKEND,NON_WEEKEND_GAP,73,73,2,P73_C73_D2
2022-11-15 22:18:00,2022-11-15 22:24:00,6.0,2022-11-15,2022-11-15,2022,2022,Tuesday,Tuesday,22:18,22:24,1338,1344,NON_WEEKEND,NON_WEEKEND_GAP,129,129,6,P129_C129_D6
2022-11-17 22:24:00,2022-11-17 22:30:00,6.0,2022-11-17,2022-11-17,2022,2022,Thursday,Thursday,22:24,22:30,1344,1350,NON_WEEKEND,NON_WEEKEND_GAP,130,129,6,P130_C129_D6
2022-11-22 22:10:00,2022-11-22 22:19:00,9.0,2022-11-22,2022-11-22,2022,2022,Tuesday,Tuesday,22:10,22:19,1330,1339,NON_WEEKEND,NON_WEEKEND_GAP,129,128,8,P129_C128_D8
2022-11-22 22:21:00,2022-11-22 22:27:00,6.0,2022-11-22,2022-11-22,2022,2022,Tuesday,Tuesday,22:21,22:27,1341,1347,NON_WEEKEND,NON_WEEKEND_GAP,130,129,6,P130_C129_D6
2022-11-24 18:03:00,2022-11-24 18:06:00,3.0,2022-11-24,2022-11-24,2022,2022,Thursday,Thursday,18:03,18:06,1083,1086,NON_WEEKEND,NON_WEEKEND_GAP,104,103,4,P104_C103_D4
2022-11-24 18:19:00,2022-11-24 18:23:00,4.0,2022-11-24,2022-11-24,2022,2022,Thursday,Thursday,18:19,18:23,1099,1103,NON_WEEKEND,NON_WEEKEND_GAP,106,105,4,P106_C105_D4
2022-11-24 18:24:00,2022-11-24 18:27:00,3.0,2022-11-24,2022-11-24,2022,2022,Thursday,Thursday,18:24,18:27,1104,1107,NON_WEEKEND,NON_WEEKEND_GAP,106,105,4,P106_C105_D4
2022-11-24 18:36:00,2022-11-24 18:39:00,3.0,2022-11-24,2022-11-24,2022,2022,Thursday,Thursday,18:36,18:39,1116,1119,NON_WEEKEND,NON_WEEKEND_GAP,107,106,4,P107_C106_D4
2022-11-24 18:39:00,2022-11-24 18:42:00,3.0,2022-11-24,2022-11-24,2022,2022,Thursday,Thursday,18:39,18:42,1119,1122,NON_WEEKEND,NON_WEEKEND_GAP,108,107,4,P108_C107_D4
2022-11-24 18:42:00,2022-11-24 18:45:00,3.0,2022-11-24,2022-11-24,2022,2022,Thursday,Thursday,18:42,18:45,1122,1125,NON_WEEKEND,NON_WEEKEND_GAP,108,107,4,P108_C107_D4
2022-11-24 18:47:00,2022-11-24 18:50:00,3.0,2022-11-24,2022-11-24,2022,2022,Thursday,Thursday,18:47,18:50,1127,1130,NON_WEEKEND,NON_WEEKEND_GAP,108,107,4,P108_C107_D4
2022-11-24 19:37:00,2022-11-24 19:40:00,3.0,2022-11-24,2022-11-24,2022,2022,Thursday,Thursday,19:37,19:40,1177,1180,NON_WEEKEND,NON_WEEKEND_GAP,113,112,4,P113_C112_D4
2022-11-25 18:35:00,2022-11-25 18:38:00,3.0,2022-11-25,2022-11-25,2022,2022,Friday,Friday,18:35,18:38,1115,1118,NON_WEEKEND,NON_WEEKEND_GAP,107,106,4,P107_C106_D4
2022-11-28 22:05:00,2022-11-28 22:12:00,7.0,2022-11-28,2022-11-28,2022,2022,Monday,Monday,22:05,22:12,1325,1332,NON_WEEKEND,NON_WEEKEND_GAP,128,128,8,P128_C128_D8
2022-12-04 22:50:00,2022-12-04 22:56:00,6.0,2022-12-04,2022-12-04,2022,2022,Sunday,Sunday,22:50,22:56,1370,1376,NON_WEEKEND,NON_WEEKEND_GAP,133,132,6,P133_C132_D6
2022-12-06 22:15:00,2022-12-06 22:26:00,11.0,2022-12-06,2022-12-06,2022,2022,Tuesday,Tuesday,22:15,22:26,1335,1346,NON_WEEKEND,NON_WEEKEND_GAP,129,129,12,P129_C129_D12
2022-12-08 22:13:00,2022-12-08 22:21:00,8.0,2022-12-08,2022-12-08,2022,2022,Thursday,Thursday,22:13,22:21,1333,1341,NON_WEEKEND,NON_WEEKEND_GAP,129,128,8,P129_C128_D8
2022-12-08 22:41:00,2022-12-08 22:49:00,8.0,2022-12-08,2022-12-08,2022,2022,Thursday,Thursday,22:41,22:49,1361,1369,NON_WEEKEND,NON_WEEKEND_GAP,132,131,8,P132_C131_D8
2022-12-12 22:06:00,2022-12-12 22:12:00,6.0,2022-12-12,2022-12-12,2022,2022,Monday,Monday,22:06,22:12,1326,1332,NON_WEEKEND,NON_WEEKEND_GAP,128,128,6,P128_C128_D6
2022-12-13 22:17:00,2022-12-13 22:26:00,9.0,2022-12-13,2022-12-13,2022,2022,Tuesday,Tuesday,22:17,22:26,1337,1346,NON_WEEKEND,NON_WEEKEND_GAP,129,129,8,P129_C129_D8
2022-12-20 22:24:00,2022-12-20 22:30:00,6.0,2022-12-20,2022-12-20,2022,2022,Tuesday,Tuesday,22:24,22:30,1344,1350,NON_WEEKEND,NON_WEEKEND_GAP,130,129,6,P130_C129_D6
2022-12-22 21:59:00,2022-12-22 22:08:00,9.0,2022-12-22,2022-12-22,2022,2022,Thursday,Thursday,21:59,22:08,1319,1328,NON_WEEKEND,NON_WEEKEND_GAP,127,127,8,P127_C127_D8
2022-12-22 22:18:00,2022-12-22 22:26:00,8.0,2022-12-22,2022-12-22,2022,2022,Thursday,Thursday,22:18,22:26,1338,1346,NON_WEEKEND,NON_WEEKEND_GAP,129,129,8,P129_C129_D8
2022-12-22 22:30:00,2022-12-22 22:40:00,10.0,2022-12-22,2022-12-22,2022,2022,Thursday,Thursday,22:30,22:40,1350,1360,NON_WEEKEND,NON_WEEKEND_GAP,131,130,10,P131_C130_D10
2022-12-22 22:48:00,2022-12-23 00:17:00,89.0,2022-12-22,2022-12-23,2022,2022,Thursday,Friday,22:48,00:17,1368,17,NON_WEEKEND,NON_WEEKEND_GAP,132,2,88,P132_C2_D88
2022-12-25 22:32:00,2022-12-25 22:40:00,8.0,2022-12-25,2022-12-25,2022,2022,Sunday,Sunday,22:32,22:40,1352,1360,NON_WEEKEND,NON_WEEKEND_GAP,131,130,8,P131_C130_D8
2022-12-26 00:39:00,2022-12-26 00:42:00,3.0,2022-12-26,2022-12-26,2022,2022,Monday,Monday,00:39,00:42,39,42,NON_WEEKEND,NON_WEEKEND_GAP,4,5,4,P4_C5_D4
2022-12-26 00:45:00,2022-12-26 00:50:00,5.0,2022-12-26,2022-12-26,2022,2022,Monday,Monday,00:45,00:50,45,50,NON_WEEKEND,NON_WEEKEND_GAP,5,6,4,P5_C6_D4
2022-12-26 01:24:00,2022-12-26 01:27:00,3.0,2022-12-26,2022-12-26,2022,2022,Monday,Monday,01:24,01:27,84,87,NON_WEEKEND,NON_WEEKEND_GAP,9,9,4,P9_C9_D4
2022-12-26 01:30:00,2022-12-26 01:33:00,3.0,2022-12-26,2022-12-26,2022,2022,Monday,Monday,01:30,01:33,90,93,NON_WEEKEND,NON_WEEKEND_GAP,10,10,4,P10_C10_D4
2022-12-26 01:39:00,2022-12-26 01:43:00,4.0,2022-12-26,2022-12-26,2022,2022,Monday,Monday,01:39,01:43,99,103,NON_WEEKEND,NON_WEEKEND_GAP,10,11,4,P10_C11_D4
2022-12-26 01:56:00,2022-12-26 01:59:00,3.0,2022-12-26,2022-12-26,2022,2022,Monday,Monday,01:56,01:59,116,119,NON_WEEKEND,NON_WEEKEND_GAP,12,12,4,P12_C12_D4
2022-12-26 02:58:00,2022-12-26 03:02:00,4.0,2022-12-26,2022-12-26,2022,2022,Monday,Monday,02:58,03:02,178,182,NON_WEEKEND,NON_WEEKEND_GAP,18,19,4,P18_C19_D4
2022-12-26 06:30:00,2022-12-26 06:34:00,4.0,2022-12-26,2022-12-26,2022,2022,Monday,Monday,06:30,06:34,390,394,NON_WEEKEND,NON_WEEKEND_GAP,40,40,4,P40_C40_D4
2022-12-26 06:38:00,2022-12-26 06:43:00,5.0,2022-12-26,2022-12-26,2022,2022,Monday,Monday,06:38,06:43,398,403,NON_WEEKEND,NON_WEEKEND_GAP,40,41,4,P40_C41_D4
2022-12-26 06:45:00,2022-12-26 06:48:00,3.0,2022-12-26,2022-12-26,2022,2022,Monday,Monday,06:45,06:48,405,408,NON_WEEKEND,NON_WEEKEND_GAP,41,41,4,P41_C41_D4
2022-12-26 06:52:00,2022-12-26 06:56:00,4.0,2022-12-26,2022-12-26,2022,2022,Monday,Monday,06:52,06:56,412,416,NON_WEEKEND,NON_WEEKEND_GAP,42,42,4,P42_C42_D4
2022-12-26 06:57:00,2022-12-26 07:00:00,3.0,2022-12-26,2022-12-26,2022,2022,Monday,Monday,06:57,07:00,417,420,NON_WEEKEND,NON_WEEKEND_GAP,42,42,4,P42_C42_D4
2022-12-26 07:00:00,2022-12-26 07:06:00,6.0,2022-12-26,2022-12-26,2022,2022,Monday,Monday,07:00,07:06,420,426,NON_WEEKEND,NON_WEEKEND_GAP,43,43,6,P43_C43_D6
2022-12-26 07:08:00,2022-12-26 07:10:00,2.0,2022-12-26,2022-12-26,2022,2022,Monday,Monday,07:08,07:10,428,430,NON_WEEKEND,NON_WEEKEND_GAP,43,43,2,P43_C43_D2
2022-12-26 07:24:00,2022-12-26 07:27:00,3.0,2022-12-26,2022-12-26,2022,2022,Monday,Monday,07:24,07:27,444,447,NON_WEEKEND,NON_WEEKEND_GAP,45,45,4,P45_C45_D4
2022-12-26 07:28:00,2022-12-26 07:30:00,2.0,2022-12-26,2022-12-26,2022,2022,Monday,Monday,07:28,07:30,448,450,NON_WEEKEND,NON_WEEKEND_GAP,45,45,2,P45_C45_D2
2022-12-26 07:42:00,2022-12-26 07:44:00,2.0,2022-12-26,2022-12-26,2022,2022,Monday,Monday,07:42,07:44,462,464,NON_WEEKEND,NON_WEEKEND_GAP,47,47,2,P47_C47_D2
2022-12-26 07:53:00,2022-12-26 07:55:00,2.0,2022-12-26,2022-12-26,2022,2022,Monday,Monday,07:53,07:55,473,475,NON_WEEKEND,NON_WEEKEND_GAP,48,48,2,P48_C48_D2
2022-12-26 08:38:00,2022-12-26 08:40:00,2.0,2022-12-26,2022-12-26,2022,2022,Monday,Monday,08:38,08:40,518,520,NON_WEEKEND,NON_WEEKEND_GAP,52,52,2,P52_C52_D2
2022-12-26 09:22:00,2022-12-26 09:25:00,3.0,2022-12-26,2022-12-26,2022,2022,Monday,Monday,09:22,09:25,562,565,NON_WEEKEND,NON_WEEKEND_GAP,57,57,4,P57_C57_D4
2022-12-26 09:26:00,2022-12-26 09:29:00,3.0,2022-12-26,2022-12-26,2022,2022,Monday,Monday,09:26,09:29,566,569,NON_WEEKEND,NON_WEEKEND_GAP,58,57,4,P58_C57_D4
2022-12-26 10:07:00,2022-12-26 10:09:00,2.0,2022-12-26,2022-12-26,2022,2022,Monday,Monday,10:07,10:09,607,609,NON_WEEKEND,NON_WEEKEND_GAP,61,61,2,P61_C61_D2
2022-12-26 10:12:00,2022-12-26 10:14:00,2.0,2022-12-26,2022-12-26,2022,2022,Monday,Monday,10:12,10:14,612,614,NON_WEEKEND,NON_WEEKEND_GAP,62,62,2,P62_C62_D2
2022-12-26 10:38:00,2022-12-26 10:41:00,3.0,2022-12-26,2022-12-26,2022,2022,Monday,Monday,10:38,10:41,638,641,NON_WEEKEND,NON_WEEKEND_GAP,64,64,4,P64_C64_D4
2022-12-26 10:48:00,2022-12-26 10:51:00,3.0,2022-12-26,2022-12-26,2022,2022,Monday,Monday,10:48,10:51,648,651,NON_WEEKEND,NON_WEEKEND_GAP,65,65,4,P65_C65_D4
2022-12-26 10:51:00,2022-12-26 10:56:00,5.0,2022-12-26,2022-12-26,2022,2022,Monday,Monday,10:51,10:56,651,656,NON_WEEKEND,NON_WEEKEND_GAP,65,66,4,P65_C66_D4
2022-12-26 10:56:00,2022-12-26 10:58:00,2.0,2022-12-26,2022-12-26,2022,2022,Monday,Monday,10:56,10:58,656,658,NON_WEEKEND,NON_WEEKEND_GAP,65,66,2,P65_C66_D2
2022-12-26 11:02:00,2022-12-26 11:05:00,3.0,2022-12-26,2022-12-26,2022,2022,Monday,Monday,11:02,11:05,662,665,NON_WEEKEND,NON_WEEKEND_GAP,66,67,4,P66_C67_D4
2022-12-26 11:07:00,2022-12-26 11:09:00,2.0,2022-12-26,2022-12-26,2022,2022,Monday,Monday,11:07,11:09,667,669,NON_WEEKEND,NON_WEEKEND_GAP,66,67,2,P66_C67_D2
2022-12-26 11:09:00,2022-12-26 11:11:00,2.0,2022-12-26,2022-12-26,2022,2022,Monday,Monday,11:09,11:11,669,671,NON_WEEKEND,NON_WEEKEND_GAP,67,67,2,P67_C67_D2
2022-12-26 11:17:00,2022-12-26 11:19:00,2.0,2022-12-26,2022-12-26,2022,2022,Monday,Monday,11:17,11:19,677,679,NON_WEEKEND,NON_WEEKEND_GAP,67,68,2,P67_C68_D2
2022-12-26 11:20:00,2022-12-26 11:22:00,2.0,2022-12-26,2022-12-26,2022,2022,Monday,Monday,11:20,11:22,680,682,NON_WEEKEND,NON_WEEKEND_GAP,68,68,2,P68_C68_D2
2022-12-26 11:22:00,2022-12-26 11:25:00,3.0,2022-12-26,2022-12-26,2022,2022,Monday,Monday,11:22,11:25,682,685,NON_WEEKEND,NON_WEEKEND_GAP,68,69,4,P68_C69_D4
2022-12-26 11:36:00,2022-12-26 11:38:00,2.0,2022-12-26,2022-12-26,2022,2022,Monday,Monday,11:36,11:38,696,698,NON_WEEKEND,NON_WEEKEND_GAP,69,70,2,P69_C70_D2
2022-12-26 12:02:00,2022-12-26 12:05:00,3.0,2022-12-26,2022-12-26,2022,2022,Monday,Monday,12:02,12:05,722,725,NON_WEEKEND,NON_WEEKEND_GAP,72,72,4,P72_C72_D4
2022-12-26 12:08:00,2022-12-26 12:10:00,2.0,2022-12-26,2022-12-26,2022,2022,Monday,Monday,12:08,12:10,728,730,NON_WEEKEND,NON_WEEKEND_GAP,72,72,2,P72_C72_D2
2022-12-26 12:16:00,2022-12-26 12:18:00,2.0,2022-12-26,2022-12-26,2022,2022,Monday,Monday,12:16,12:18,736,738,NON_WEEKEND,NON_WEEKEND_GAP,73,73,2,P73_C73_D2
2022-12-26 12:18:00,2022-12-26 12:20:00,2.0,2022-12-26,2022-12-26,2022,2022,Monday,Monday,12:18,12:20,738,740,NON_WEEKEND,NON_WEEKEND_GAP,73,73,2,P73_C73_D2
2022-12-26 12:22:00,2022-12-26 12:24:00,2.0,2022-12-26,2022-12-26,2022,2022,Monday,Monday,12:22,12:24,742,744,NON_WEEKEND,NON_WEEKEND_GAP,73,74,2,P73_C74_D2
2022-12-26 12:30:00,2022-12-26 12:32:00,2.0,2022-12-26,2022-12-26,2022,2022,Monday,Monday,12:30,12:32,750,752,NON_WEEKEND,NON_WEEKEND_GAP,74,75,2,P74_C75_D2
2022-12-26 12:32:00,2022-12-26 12:34:00,2.0,2022-12-26,2022-12-26,2022,2022,Monday,Monday,12:32,12:34,752,754,NON_WEEKEND,NON_WEEKEND_GAP,74,75,2,P74_C75_D2
2022-12-26 12:36:00,2022-12-26 12:38:00,2.0,2022-12-26,2022-12-26,2022,2022,Monday,Monday,12:36,12:38,756,758,NON_WEEKEND,NON_WEEKEND_GAP,75,75,2,P75_C75_D2
2022-12-26 12:42:00,2022-12-26 12:45:00,3.0,2022-12-26,2022-12-26,2022,2022,Monday,Monday,12:42,12:45,762,765,NON_WEEKEND,NON_WEEKEND_GAP,75,76,4,P75_C76_D4
2022-12-26 13:32:00,2022-12-26 13:35:00,3.0,2022-12-26,2022-12-26,2022,2022,Monday,Monday,13:32,13:35,812,815,NON_WEEKEND,NON_WEEKEND_GAP,80,80,4,P80_C80_D4
2022-12-26 13:37:00,2022-12-26 13:39:00,2.0,2022-12-26,2022-12-26,2022,2022,Monday,Monday,13:37,13:39,817,819,NON_WEEKEND,NON_WEEKEND_GAP,80,80,2,P80_C80_D2
2022-12-26 13:42:00,2022-12-26 13:44:00,2.0,2022-12-26,2022-12-26,2022,2022,Monday,Monday,13:42,13:44,822,824,NON_WEEKEND,NON_WEEKEND_GAP,81,81,2,P81_C81_D2
2022-12-26 13:46:00,2022-12-26 13:48:00,2.0,2022-12-26,2022-12-26,2022,2022,Monday,Monday,13:46,13:48,826,828,NON_WEEKEND,NON_WEEKEND_GAP,81,81,2,P81_C81_D2
2022-12-26 14:03:00,2022-12-26 14:05:00,2.0,2022-12-26,2022-12-26,2022,2022,Monday,Monday,14:03,14:05,843,845,NON_WEEKEND,NON_WEEKEND_GAP,82,82,2,P82_C82_D2
2022-12-26 14:05:00,2022-12-26 14:08:00,3.0,2022-12-26,2022-12-26,2022,2022,Monday,Monday,14:05,14:08,845,848,NON_WEEKEND,NON_WEEKEND_GAP,82,82,4,P82_C82_D4
2022-12-26 14:08:00,2022-12-26 14:10:00,2.0,2022-12-26,2022-12-26,2022,2022,Monday,Monday,14:08,14:10,848,850,NON_WEEKEND,NON_WEEKEND_GAP,82,82,2,P82_C82_D2
2022-12-26 14:19:00,2022-12-26 14:21:00,2.0,2022-12-26,2022-12-26,2022,2022,Monday,Monday,14:19,14:21,859,861,NON_WEEKEND,NON_WEEKEND_GAP,83,83,2,P83_C83_D2
2022-12-26 14:31:00,2022-12-26 14:35:00,4.0,2022-12-26,2022-12-26,2022,2022,Monday,Monday,14:31,14:35,871,875,NON_WEEKEND,NON_WEEKEND_GAP,84,84,4,P84_C84_D4
2022-12-26 14:35:00,2022-12-26 14:38:00,3.0,2022-12-26,2022-12-26,2022,2022,Monday,Monday,14:35,14:38,875,878,NON_WEEKEND,NON_WEEKEND_GAP,84,84,4,P84_C84_D4
2022-12-26 14:42:00,2022-12-26 14:45:00,3.0,2022-12-26,2022-12-26,2022,2022,Monday,Monday,14:42,14:45,882,885,NON_WEEKEND,NON_WEEKEND_GAP,85,85,4,P85_C85_D4
2022-12-26 14:53:00,2022-12-26 14:55:00,2.0,2022-12-26,2022-12-26,2022,2022,Monday,Monday,14:53,14:55,893,895,NON_WEEKEND,NON_WEEKEND_GAP,86,86,2,P86_C86_D2
2022-12-26 15:02:00,2022-12-26 15:05:00,3.0,2022-12-26,2022-12-26,2022,2022,Monday,Monday,15:02,15:05,902,905,NON_WEEKEND,NON_WEEKEND_GAP,87,87,4,P87_C87_D4
2022-12-26 15:06:00,2022-12-26 15:10:00,4.0,2022-12-26,2022-12-26,2022,2022,Monday,Monday,15:06,15:10,906,910,NON_WEEKEND,NON_WEEKEND_GAP,87,87,4,P87_C87_D4
2022-12-26 15:28:00,2022-12-26 15:30:00,2.0,2022-12-26,2022-12-26,2022,2022,Monday,Monday,15:28,15:30,928,930,NON_WEEKEND,NON_WEEKEND_GAP,89,89,2,P89_C89_D2
2022-12-26 15:32:00,2022-12-26 15:35:00,3.0,2022-12-26,2022-12-26,2022,2022,Monday,Monday,15:32,15:35,932,935,NON_WEEKEND,NON_WEEKEND_GAP,89,89,4,P89_C89_D4
2022-12-26 15:37:00,2022-12-26 15:40:00,3.0,2022-12-26,2022-12-26,2022,2022,Monday,Monday,15:37,15:40,937,940,NON_WEEKEND,NON_WEEKEND_GAP,90,90,4,P90_C90_D4
2022-12-26 15:57:00,2022-12-26 16:00:00,3.0,2022-12-26,2022-12-26,2022,2022,Monday,Monday,15:57,16:00,957,960,NON_WEEKEND,NON_WEEKEND_GAP,92,92,4,P92_C92_D4
2022-12-26 16:38:00,2022-12-26 16:40:00,2.0,2022-12-26,2022-12-26,2022,2022,Monday,Monday,16:38,16:40,998,1000,NON_WEEKEND,NON_WEEKEND_GAP,96,95,2,P96_C95_D2
2022-12-26 16:42:00,2022-12-26 16:45:00,3.0,2022-12-26,2022-12-26,2022,2022,Monday,Monday,16:42,16:45,1002,1005,NON_WEEKEND,NON_WEEKEND_GAP,96,95,4,P96_C95_D4
2022-12-26 16:48:00,2022-12-26 16:51:00,3.0,2022-12-26,2022-12-26,2022,2022,Monday,Monday,16:48,16:51,1008,1011,NON_WEEKEND,NON_WEEKEND_GAP,97,96,4,P97_C96_D4
2022-12-26 17:04:00,2022-12-26 17:07:00,3.0,2022-12-26,2022-12-26,2022,2022,Monday,Monday,17:04,17:07,1024,1027,NON_WEEKEND,NON_WEEKEND_GAP,99,98,4,P99_C98_D4
2022-12-26 17:07:00,2022-12-26 17:11:00,4.0,2022-12-26,2022-12-26,2022,2022,Monday,Monday,17:07,17:11,1027,1031,NON_WEEKEND,NON_WEEKEND_GAP,99,98,4,P99_C98_D4
2022-12-26 18:19:00,2022-12-26 18:21:00,2.0,2022-12-26,2022-12-26,2022,2022,Monday,Monday,18:19,18:21,1099,1101,NON_WEEKEND,NON_WEEKEND_GAP,106,104,2,P106_C104_D2
2022-12-26 18:40:00,2022-12-26 18:45:00,5.0,2022-12-26,2022-12-26,2022,2022,Monday,Monday,18:40,18:45,1120,1125,NON_WEEKEND,NON_WEEKEND_GAP,108,107,4,P108_C107_D4
2022-12-26 19:03:00,2022-12-26 19:08:00,5.0,2022-12-26,2022-12-26,2022,2022,Monday,Monday,19:03,19:08,1143,1148,NON_WEEKEND,NON_WEEKEND_GAP,110,109,4,P110_C109_D4
2022-12-27 00:39:00,2022-12-27 00:42:00,3.0,2022-12-27,2022-12-27,2022,2022,Tuesday,Tuesday,00:39,00:42,39,42,NON_WEEKEND,NON_WEEKEND_GAP,4,5,4,P4_C5_D4
2022-12-27 05:04:00,2022-12-27 05:07:00,3.0,2022-12-27,2022-12-27,2022,2022,Tuesday,Tuesday,05:04,05:07,304,307,NON_WEEKEND,NON_WEEKEND_GAP,31,31,4,P31_C31_D4
2022-12-27 05:20:00,2022-12-27 05:23:00,3.0,2022-12-27,2022-12-27,2022,2022,Tuesday,Tuesday,05:20,05:23,320,323,NON_WEEKEND,NON_WEEKEND_GAP,33,33,4,P33_C33_D4
2022-12-27 23:49:00,2022-12-27 23:52:00,3.0,2022-12-27,2022-12-27,2022,2022,Tuesday,Tuesday,23:49,23:52,1429,1432,NON_WEEKEND,NON_WEEKEND_GAP,138,138,4,P138_C138_D4
2023-01-02 00:00:00,2023-01-02 00:04:00,4.0,2023-01-02,2023-01-02,2023,2023,Monday,Monday,00:00,00:04,0,4,NON_WEEKEND,NON_WEEKEND_GAP,1,1,4,P1_C1_D4
2023-01-02 00:36:00,2023-01-02 00:40:00,4.0,2023-01-02,2023-01-02,2023,2023,Monday,Monday,00:36,00:40,36,40,NON_WEEKEND,NON_WEEKEND_GAP,4,5,4,P4_C5_D4
2023-01-02 00:48:00,2023-01-02 00:50:00,2.0,2023-01-02,2023-01-02,2023,2023,Monday,Monday,00:48,00:50,48,50,NON_WEEKEND,NON_WEEKEND_GAP,5,6,2,P5_C6_D2
2023-01-02 01:01:00,2023-01-02 01:04:00,3.0,2023-01-02,2023-01-02,2023,2023,Monday,Monday,01:01,01:04,61,64,NON_WEEKEND,NON_WEEKEND_GAP,7,7,4,P7_C7_D4
2023-01-02 01:12:00,2023-01-02 01:15:00,3.0,2023-01-02,2023-01-02,2023,2023,Monday,Monday,01:12,01:15,72,75,NON_WEEKEND,NON_WEEKEND_GAP,8,8,4,P8_C8_D4
2023-01-02 01:20:00,2023-01-02 01:23:00,3.0,2023-01-02,2023-01-02,2023,2023,Monday,Monday,01:20,01:23,80,83,NON_WEEKEND,NON_WEEKEND_GAP,9,9,4,P9_C9_D4
2023-01-02 01:31:00,2023-01-02 01:39:00,8.0,2023-01-02,2023-01-02,2023,2023,Monday,Monday,01:31,01:39,91,99,NON_WEEKEND,NON_WEEKEND_GAP,10,10,8,P10_C10_D8
2023-01-02 01:39:00,2023-01-02 01:42:00,3.0,2023-01-02,2023-01-02,2023,2023,Monday,Monday,01:39,01:42,99,102,NON_WEEKEND,NON_WEEKEND_GAP,10,11,4,P10_C11_D4
2023-01-02 01:56:00,2023-01-02 01:59:00,3.0,2023-01-02,2023-01-02,2023,2023,Monday,Monday,01:56,01:59,116,119,NON_WEEKEND,NON_WEEKEND_GAP,12,12,4,P12_C12_D4
2023-01-02 02:10:00,2023-01-02 02:14:00,4.0,2023-01-02,2023-01-02,2023,2023,Monday,Monday,02:10,02:14,130,134,NON_WEEKEND,NON_WEEKEND_GAP,14,14,4,P14_C14_D4
2023-01-02 02:22:00,2023-01-02 02:27:00,5.0,2023-01-02,2023-01-02,2023,2023,Monday,Monday,02:22,02:27,142,147,NON_WEEKEND,NON_WEEKEND_GAP,15,15,4,P15_C15_D4
2023-01-02 02:27:00,2023-01-02 02:32:00,5.0,2023-01-02,2023-01-02,2023,2023,Monday,Monday,02:27,02:32,147,152,NON_WEEKEND,NON_WEEKEND_GAP,15,16,4,P15_C16_D4
2023-01-02 02:34:00,2023-01-02 02:41:00,7.0,2023-01-02,2023-01-02,2023,2023,Monday,Monday,02:34,02:41,154,161,NON_WEEKEND,NON_WEEKEND_GAP,16,16,8,P16_C16_D8
2023-01-02 02:50:00,2023-01-02 02:57:00,7.0,2023-01-02,2023-01-02,2023,2023,Monday,Monday,02:50,02:57,170,177,NON_WEEKEND,NON_WEEKEND_GAP,18,18,8,P18_C18_D8
2023-01-02 02:58:00,2023-01-02 03:04:00,6.0,2023-01-02,2023-01-02,2023,2023,Monday,Monday,02:58,03:04,178,184,NON_WEEKEND,NON_WEEKEND_GAP,18,19,6,P18_C19_D6
2023-01-02 04:29:00,2023-01-02 04:32:00,3.0,2023-01-02,2023-01-02,2023,2023,Monday,Monday,04:29,04:32,269,272,NON_WEEKEND,NON_WEEKEND_GAP,27,28,4,P27_C28_D4
2023-01-02 04:56:00,2023-01-02 05:07:00,11.0,2023-01-02,2023-01-02,2023,2023,Monday,Monday,04:56,05:07,296,307,NON_WEEKEND,NON_WEEKEND_GAP,30,31,12,P30_C31_D12
2023-01-02 05:52:00,2023-01-02 05:55:00,3.0,2023-01-02,2023-01-02,2023,2023,Monday,Monday,05:52,05:55,352,355,NON_WEEKEND,NON_WEEKEND_GAP,36,36,4,P36_C36_D4
2023-01-02 05:56:00,2023-01-02 06:00:00,4.0,2023-01-02,2023-01-02,2023,2023,Monday,Monday,05:56,06:00,356,360,NON_WEEKEND,NON_WEEKEND_GAP,36,36,4,P36_C36_D4
2023-01-02 06:25:00,2023-01-02 06:28:00,3.0,2023-01-02,2023-01-02,2023,2023,Monday,Monday,06:25,06:28,385,388,NON_WEEKEND,NON_WEEKEND_GAP,39,39,4,P39_C39_D4
2023-01-02 06:36:00,2023-01-02 06:39:00,3.0,2023-01-02,2023-01-02,2023,2023,Monday,Monday,06:36,06:39,396,399,NON_WEEKEND,NON_WEEKEND_GAP,40,40,4,P40_C40_D4
2023-01-02 07:03:00,2023-01-02 07:05:00,2.0,2023-01-02,2023-01-02,2023,2023,Monday,Monday,07:03,07:05,423,425,NON_WEEKEND,NON_WEEKEND_GAP,43,43,2,P43_C43_D2
2023-01-02 13:11:00,2023-01-02 13:15:00,4.0,2023-01-02,2023-01-02,2023,2023,Monday,Monday,13:11,13:15,791,795,NON_WEEKEND,NON_WEEKEND_GAP,78,78,4,P78_C78_D4
2023-01-02 14:16:00,2023-01-02 14:18:00,2.0,2023-01-02,2023-01-02,2023,2023,Monday,Monday,14:16,14:18,856,858,NON_WEEKEND,NON_WEEKEND_GAP,83,83,2,P83_C83_D2
2023-01-02 14:18:00,2023-01-02 14:20:00,2.0,2023-01-02,2023-01-02,2023,2023,Monday,Monday,14:18,14:20,858,860,NON_WEEKEND,NON_WEEKEND_GAP,83,83,2,P83_C83_D2
2023-01-02 15:32:00,2023-01-02 15:34:00,2.0,2023-01-02,2023-01-02,2023,2023,Monday,Monday,15:32,15:34,932,934,NON_WEEKEND,NON_WEEKEND_GAP,89,89,2,P89_C89_D2
2023-01-02 15:37:00,2023-01-02 15:40:00,3.0,2023-01-02,2023-01-02,2023,2023,Monday,Monday,15:37,15:40,937,940,NON_WEEKEND,NON_WEEKEND_GAP,90,90,4,P90_C90_D4
2023-01-02 15:50:00,2023-01-02 15:53:00,3.0,2023-01-02,2023-01-02,2023,2023,Monday,Monday,15:50,15:53,950,953,NON_WEEKEND,NON_WEEKEND_GAP,91,91,4,P91_C91_D4
2023-01-02 18:08:00,2023-01-02 18:10:00,2.0,2023-01-02,2023-01-02,2023,2023,Monday,Monday,18:08,18:10,1088,1090,NON_WEEKEND,NON_WEEKEND_GAP,105,103,2,P105_C103_D2
2023-01-02 18:16:00,2023-01-02 18:19:00,3.0,2023-01-02,2023-01-02,2023,2023,Monday,Monday,18:16,18:19,1096,1099,NON_WEEKEND,NON_WEEKEND_GAP,105,104,4,P105_C104_D4
2023-01-02 18:19:00,2023-01-02 18:21:00,2.0,2023-01-02,2023-01-02,2023,2023,Monday,Monday,18:19,18:21,1099,1101,NON_WEEKEND,NON_WEEKEND_GAP,106,104,2,P106_C104_D2
2023-01-02 18:36:00,2023-01-02 18:39:00,3.0,2023-01-02,2023-01-02,2023,2023,Monday,Monday,18:36,18:39,1116,1119,NON_WEEKEND,NON_WEEKEND_GAP,107,106,4,P107_C106_D4
2023-01-02 18:41:00,2023-01-02 18:45:00,4.0,2023-01-02,2023-01-02,2023,2023,Monday,Monday,18:41,18:45,1121,1125,NON_WEEKEND,NON_WEEKEND_GAP,108,107,4,P108_C107_D4
2023-01-02 18:48:00,2023-01-02 18:51:00,3.0,2023-01-02,2023-01-02,2023,2023,Monday,Monday,18:48,18:51,1128,1131,NON_WEEKEND,NON_WEEKEND_GAP,109,107,4,P109_C107_D4
2023-01-02 19:00:00,2023-01-02 19:03:00,3.0,2023-01-02,2023-01-02,2023,2023,Monday,Monday,19:00,19:03,1140,1143,NON_WEEKEND,NON_WEEKEND_GAP,110,109,4,P110_C109_D4
2023-01-04 22:05:00,2023-01-04 22:11:00,6.0,2023-01-04,2023-01-04,2023,2023,Wednesday,Wednesday,22:05,22:11,1325,1331,NON_WEEKEND,NON_WEEKEND_GAP,128,127,6,P128_C127_D6
2023-01-10 22:06:00,2023-01-10 22:12:00,6.0,2023-01-10,2023-01-10,2023,2023,Tuesday,Tuesday,22:06,22:12,1326,1332,NON_WEEKEND,NON_WEEKEND_GAP,128,128,6,P128_C128_D6
2023-01-10 22:17:00,2023-01-10 22:23:00,6.0,2023-01-10,2023-01-10,2023,2023,Tuesday,Tuesday,22:17,22:23,1337,1343,NON_WEEKEND,NON_WEEKEND_GAP,129,129,6,P129_C129_D6
2023-01-16 18:38:00,2023-01-16 18:41:00,3.0,2023-01-16,2023-01-16,2023,2023,Monday,Monday,18:38,18:41,1118,1121,NON_WEEKEND,NON_WEEKEND_GAP,108,106,4,P108_C106_D4
2023-01-29 22:49:00,2023-01-29 22:54:00,5.0,2023-01-29,2023-01-29,2023,2023,Sunday,Sunday,22:49,22:54,1369,1374,NON_WEEKEND,NON_WEEKEND_GAP,132,132,4,P132_C132_D4
2023-01-30 23:48:00,2023-01-30 23:52:00,4.0,2023-01-30,2023-01-30,2023,2023,Monday,Monday,23:48,23:52,1428,1432,NON_WEEKEND,NON_WEEKEND_GAP,138,138,4,P138_C138_D4
2023-02-02 22:17:00,2023-02-02 22:24:00,7.0,2023-02-02,2023-02-02,2023,2023,Thursday,Thursday,22:17,22:24,1337,1344,NON_WEEKEND,NON_WEEKEND_GAP,129,129,8,P129_C129_D8
2023-02-02 22:24:00,2023-02-02 22:30:00,6.0,2023-02-02,2023-02-02,2023,2023,Thursday,Thursday,22:24,22:30,1344,1350,NON_WEEKEND,NON_WEEKEND_GAP,130,129,6,P130_C129_D6
2023-02-03 16:08:00,2023-02-03 16:26:00,18.0,2023-02-03,2023-02-03,2023,2023,Friday,Friday,16:08,16:26,968,986,NON_WEEKEND,NON_WEEKEND_GAP,93,94,18,P93_C94_D18
2023-02-03 16:26:00,2023-02-03 16:34:00,8.0,2023-02-03,2023-02-03,2023,2023,Friday,Friday,16:26,16:34,986,994,NON_WEEKEND,NON_WEEKEND_GAP,95,94,8,P95_C94_D8
2023-02-03 16:34:00,2023-02-03 16:36:00,2.0,2023-02-03,2023-02-03,2023,2023,Friday,Friday,16:34,16:36,994,996,NON_WEEKEND,NON_WEEKEND_GAP,96,95,2,P96_C95_D2
2023-02-03 16:36:00,2023-02-03 16:38:00,2.0,2023-02-03,2023-02-03,2023,2023,Friday,Friday,16:36,16:38,996,998,NON_WEEKEND,NON_WEEKEND_GAP,96,95,2,P96_C95_D2
2023-02-06 10:58:00,2023-02-06 11:00:00,2.0,2023-02-06,2023-02-06,2023,2023,Monday,Monday,10:58,11:00,658,660,NON_WEEKEND,NON_WEEKEND_GAP,66,66,2,P66_C66_D2
2023-02-06 11:15:00,2023-02-06 11:17:00,2.0,2023-02-06,2023-02-06,2023,2023,Monday,Monday,11:15,11:17,675,677,NON_WEEKEND,NON_WEEKEND_GAP,67,68,2,P67_C68_D2
2023-02-06 15:46:00,2023-02-06 15:48:00,2.0,2023-02-06,2023-02-06,2023,2023,Monday,Monday,15:46,15:48,946,948,NON_WEEKEND,NON_WEEKEND_GAP,91,91,2,P91_C91_D2
2023-02-06 16:07:00,2023-02-06 16:09:00,2.0,2023-02-06,2023-02-06,2023,2023,Monday,Monday,16:07,16:09,967,969,NON_WEEKEND,NON_WEEKEND_GAP,93,92,2,P93_C92_D2
2023-02-07 22:13:00,2023-02-07 22:20:00,7.0,2023-02-07,2023-02-07,2023,2023,Tuesday,Tuesday,22:13,22:20,1333,1340,NON_WEEKEND,NON_WEEKEND_GAP,129,128,8,P129_C128_D8
2023-02-07 22:20:00,2023-02-07 22:26:00,6.0,2023-02-07,2023-02-07,2023,2023,Tuesday,Tuesday,22:20,22:26,1340,1346,NON_WEEKEND,NON_WEEKEND_GAP,130,129,6,P130_C129_D6
2023-02-12 22:14:00,2023-02-12 22:20:00,6.0,2023-02-12,2023-02-12,2023,2023,Sunday,Sunday,22:14,22:20,1334,1340,NON_WEEKEND,NON_WEEKEND_GAP,129,128,6,P129_C128_D6
2023-02-13 21:29:00,2023-02-13 21:32:00,3.0,2023-02-13,2023-02-13,2023,2023,Monday,Monday,21:29,21:32,1289,1292,NON_WEEKEND,NON_WEEKEND_GAP,124,124,4,P124_C124_D4
2023-02-15 22:16:00,2023-02-15 22:23:00,7.0,2023-02-15,2023-02-15,2023,2023,Wednesday,Wednesday,22:16,22:23,1336,1343,NON_WEEKEND,NON_WEEKEND_GAP,129,129,8,P129_C129_D8
2023-02-20 17:36:00,2023-02-20 17:39:00,3.0,2023-02-20,2023-02-20,2023,2023,Monday,Monday,17:36,17:39,1056,1059,NON_WEEKEND,NON_WEEKEND_GAP,102,101,4,P102_C101_D4
2023-02-20 18:09:00,2023-02-20 18:12:00,3.0,2023-02-20,2023-02-20,2023,2023,Monday,Monday,18:09,18:12,1089,1092,NON_WEEKEND,NON_WEEKEND_GAP,105,104,4,P105_C104_D4
2023-02-20 18:16:00,2023-02-20 18:26:00,10.0,2023-02-20,2023-02-20,2023,2023,Monday,Monday,18:16,18:26,1096,1106,NON_WEEKEND,NON_WEEKEND_GAP,105,105,10,P105_C105_D10
2023-02-20 18:44:00,2023-02-20 18:47:00,3.0,2023-02-20,2023-02-20,2023,2023,Monday,Monday,18:44,18:47,1124,1127,NON_WEEKEND,NON_WEEKEND_GAP,108,107,4,P108_C107_D4
2023-02-20 18:47:00,2023-02-20 18:54:00,7.0,2023-02-20,2023-02-20,2023,2023,Monday,Monday,18:47,18:54,1127,1134,NON_WEEKEND,NON_WEEKEND_GAP,108,108,8,P108_C108_D8
2023-02-20 19:07:00,2023-02-20 19:10:00,3.0,2023-02-20,2023-02-20,2023,2023,Monday,Monday,19:07,19:10,1147,1150,NON_WEEKEND,NON_WEEKEND_GAP,110,109,4,P110_C109_D4
2023-02-20 19:21:00,2023-02-20 19:24:00,3.0,2023-02-20,2023-02-20,2023,2023,Monday,Monday,19:21,19:24,1161,1164,NON_WEEKEND,NON_WEEKEND_GAP,112,111,4,P112_C111_D4
2023-02-20 19:24:00,2023-02-20 19:29:00,5.0,2023-02-20,2023-02-20,2023,2023,Monday,Monday,19:24,19:29,1164,1169,NON_WEEKEND,NON_WEEKEND_GAP,112,111,4,P112_C111_D4
2023-02-20 19:30:00,2023-02-20 19:37:00,7.0,2023-02-20,2023-02-20,2023,2023,Monday,Monday,19:30,19:37,1170,1177,NON_WEEKEND,NON_WEEKEND_GAP,113,112,8,P113_C112_D8
2023-02-20 19:38:00,2023-02-20 19:42:00,4.0,2023-02-20,2023-02-20,2023,2023,Monday,Monday,19:38,19:42,1178,1182,NON_WEEKEND,NON_WEEKEND_GAP,113,113,4,P113_C113_D4
2023-02-20 19:42:00,2023-02-20 19:48:00,6.0,2023-02-20,2023-02-20,2023,2023,Monday,Monday,19:42,19:48,1182,1188,NON_WEEKEND,NON_WEEKEND_GAP,114,113,6,P114_C113_D6
2023-02-20 19:49:00,2023-02-20 19:52:00,3.0,2023-02-20,2023-02-20,2023,2023,Monday,Monday,19:49,19:52,1189,1192,NON_WEEKEND,NON_WEEKEND_GAP,114,114,4,P114_C114_D4
2023-02-20 20:20:00,2023-02-20 20:30:00,10.0,2023-02-20,2023-02-20,2023,2023,Monday,Monday,20:20,20:30,1220,1230,NON_WEEKEND,NON_WEEKEND_GAP,118,117,10,P118_C117_D10
2023-02-20 20:37:00,2023-02-20 20:53:00,16.0,2023-02-20,2023-02-20,2023,2023,Monday,Monday,20:37,20:53,1237,1253,NON_WEEKEND,NON_WEEKEND_GAP,119,120,16,P119_C120_D16
2023-02-20 21:38:00,2023-02-20 21:44:00,6.0,2023-02-20,2023-02-20,2023,2023,Monday,Monday,21:38,21:44,1298,1304,NON_WEEKEND,NON_WEEKEND_GAP,125,125,6,P125_C125_D6
2023-02-23 22:10:00,2023-02-23 22:17:00,7.0,2023-02-23,2023-02-23,2023,2023,Thursday,Thursday,22:10,22:17,1330,1337,NON_WEEKEND,NON_WEEKEND_GAP,129,128,8,P129_C128_D8
2023-02-26 22:13:00,2023-02-26 22:19:00,6.0,2023-02-26,2023-02-26,2023,2023,Sunday,Sunday,22:13,22:19,1333,1339,NON_WEEKEND,NON_WEEKEND_GAP,129,128,6,P129_C128_D6
2023-03-07 00:48:00,2023-03-07 00:50:00,2.0,2023-03-07,2023-03-07,2023,2023,Tuesday,Tuesday,00:48,00:50,48,50,NON_WEEKEND,NON_WEEKEND_GAP,5,6,2,P5_C6_D2
2023-03-08 22:19:00,2023-03-08 22:25:00,6.0,2023-03-08,2023-03-08,2023,2023,Wednesday,Wednesday,22:19,22:25,1339,1345,NON_WEEKEND,NON_WEEKEND_GAP,129,129,6,P129_C129_D6
2023-03-08 23:49:00,2023-03-08 23:53:00,4.0,2023-03-08,2023-03-08,2023,2023,Wednesday,Wednesday,23:49,23:53,1429,1433,NON_WEEKEND,NON_WEEKEND_GAP,138,138,4,P138_C138_D4
2023-03-09 00:58:00,2023-03-09 01:00:00,2.0,2023-03-09,2023-03-09,2023,2023,Thursday,Thursday,00:58,01:00,58,60,NON_WEEKEND,NON_WEEKEND_GAP,6,7,2,P6_C7_D2
2023-03-13 23:31:00,2023-03-13 23:37:00,6.0,2023-03-13,2023-03-13,2023,2023,Monday,Monday,23:31,23:37,1411,1417,NON_WEEKEND,NON_WEEKEND_GAP,137,136,6,P137_C136_D6
2023-03-14 21:05:00,2023-03-14 21:12:00,7.0,2023-03-14,2023-03-14,2023,2023,Tuesday,Tuesday,21:05,21:12,1265,1272,NON_WEEKEND,NON_WEEKEND_GAP,122,122,8,P122_C122_D8
2023-03-16 16:15:00,2023-03-16 16:29:00,14.0,2023-03-16,2023-03-16,2023,2023,Thursday,Thursday,16:15,16:29,975,989,NON_WEEKEND,NON_WEEKEND_GAP,94,94,14,P94_C94_D14
2023-03-27 21:38:00,2023-03-27 21:44:00,6.0,2023-03-27,2023-03-27,2023,2023,Monday,Monday,21:38,21:44,1298,1304,NON_WEEKEND,NON_WEEKEND_GAP,125,125,6,P125_C125_D6
2023-04-03 07:21:00,2023-04-03 07:41:00,20.0,2023-04-03,2023-04-03,2023,2023,Monday,Monday,07:21,07:41,441,461,NON_WEEKEND,NON_WEEKEND_GAP,45,46,20,P45_C46_D20
2023-04-06 16:50:00,2023-04-06 16:52:00,2.0,2023-04-06,2023-04-06,2023,2023,Thursday,Thursday,16:50,16:52,1010,1012,NON_WEEKEND,NON_WEEKEND_GAP,97,96,2,P97_C96_D2
2023-04-07 01:42:00,2023-04-07 01:45:00,3.0,2023-04-07,2023-04-07,2023,2023,Friday,Friday,01:42,01:45,102,105,NON_WEEKEND,NON_WEEKEND_GAP,11,11,4,P11_C11_D4
2023-04-07 07:22:00,2023-04-07 07:24:00,2.0,2023-04-07,2023-04-07,2023,2023,Friday,Friday,07:22,07:24,442,444,NON_WEEKEND,NON_WEEKEND_GAP,45,45,2,P45_C45_D2
2023-04-07 07:37:00,2023-04-07 07:39:00,2.0,2023-04-07,2023-04-07,2023,2023,Friday,Friday,07:37,07:39,457,459,NON_WEEKEND,NON_WEEKEND_GAP,46,46,2,P46_C46_D2
2023-04-07 08:03:00,2023-04-07 08:05:00,2.0,2023-04-07,2023-04-07,2023,2023,Friday,Friday,08:03,08:05,483,485,NON_WEEKEND,NON_WEEKEND_GAP,49,49,2,P49_C49_D2
2023-04-07 08:11:00,2023-04-07 08:13:00,2.0,2023-04-07,2023-04-07,2023,2023,Friday,Friday,08:11,08:13,491,493,NON_WEEKEND,NON_WEEKEND_GAP,50,50,2,P50_C50_D2
2023-04-07 08:38:00,2023-04-07 08:40:00,2.0,2023-04-07,2023-04-07,2023,2023,Friday,Friday,08:38,08:40,518,520,NON_WEEKEND,NON_WEEKEND_GAP,52,52,2,P52_C52_D2
2023-04-07 08:47:00,2023-04-07 08:49:00,2.0,2023-04-07,2023-04-07,2023,2023,Friday,Friday,08:47,08:49,527,529,NON_WEEKEND,NON_WEEKEND_GAP,53,53,2,P53_C53_D2
2023-04-07 08:53:00,2023-04-07 08:56:00,3.0,2023-04-07,2023-04-07,2023,2023,Friday,Friday,08:53,08:56,533,536,NON_WEEKEND,NON_WEEKEND_GAP,54,54,4,P54_C54_D4
2023-04-07 09:45:00,2023-04-07 09:47:00,2.0,2023-04-07,2023-04-07,2023,2023,Friday,Friday,09:45,09:47,585,587,NON_WEEKEND,NON_WEEKEND_GAP,59,59,2,P59_C59_D2
2023-04-07 09:56:00,2023-04-07 09:58:00,2.0,2023-04-07,2023-04-07,2023,2023,Friday,Friday,09:56,09:58,596,598,NON_WEEKEND,NON_WEEKEND_GAP,60,60,2,P60_C60_D2
2023-04-07 10:04:00,2023-04-07 10:06:00,2.0,2023-04-07,2023-04-07,2023,2023,Friday,Friday,10:04,10:06,604,606,NON_WEEKEND,NON_WEEKEND_GAP,61,61,2,P61_C61_D2
2023-04-07 10:26:00,2023-04-07 10:28:00,2.0,2023-04-07,2023-04-07,2023,2023,Friday,Friday,10:26,10:28,626,628,NON_WEEKEND,NON_WEEKEND_GAP,63,63,2,P63_C63_D2
2023-04-07 10:40:00,2023-04-07 10:42:00,2.0,2023-04-07,2023-04-07,2023,2023,Friday,Friday,10:40,10:42,640,642,NON_WEEKEND,NON_WEEKEND_GAP,64,64,2,P64_C64_D2
2023-04-07 11:22:00,2023-04-07 11:24:00,2.0,2023-04-07,2023-04-07,2023,2023,Friday,Friday,11:22,11:24,682,684,NON_WEEKEND,NON_WEEKEND_GAP,68,69,2,P68_C69_D2
2023-04-07 11:24:00,2023-04-07 11:27:00,3.0,2023-04-07,2023-04-07,2023,2023,Friday,Friday,11:24,11:27,684,687,NON_WEEKEND,NON_WEEKEND_GAP,68,69,4,P68_C69_D4
2023-04-07 14:07:00,2023-04-07 14:09:00,2.0,2023-04-07,2023-04-07,2023,2023,Friday,Friday,14:07,14:09,847,849,NON_WEEKEND,NON_WEEKEND_GAP,82,82,2,P82_C82_D2
2023-04-07 14:47:00,2023-04-07 14:49:00,2.0,2023-04-07,2023-04-07,2023,2023,Friday,Friday,14:47,14:49,887,889,NON_WEEKEND,NON_WEEKEND_GAP,85,85,2,P85_C85_D2
2023-04-07 16:14:00,2023-04-07 16:16:00,2.0,2023-04-07,2023-04-07,2023,2023,Friday,Friday,16:14,16:16,974,976,NON_WEEKEND,NON_WEEKEND_GAP,94,93,2,P94_C93_D2
2023-04-07 16:16:00,2023-04-07 16:19:00,3.0,2023-04-07,2023-04-07,2023,2023,Friday,Friday,16:16,16:19,976,979,NON_WEEKEND,NON_WEEKEND_GAP,94,93,4,P94_C93_D4
2023-04-07 16:20:00,2023-04-07 16:22:00,2.0,2023-04-07,2023-04-07,2023,2023,Friday,Friday,16:20,16:22,980,982,NON_WEEKEND,NON_WEEKEND_GAP,94,93,2,P94_C93_D2
2023-04-07 16:23:00,2023-04-07 16:25:00,2.0,2023-04-07,2023-04-07,2023,2023,Friday,Friday,16:23,16:25,983,985,NON_WEEKEND,NON_WEEKEND_GAP,95,94,2,P95_C94_D2
2023-04-07 16:25:00,2023-04-07 16:28:00,3.0,2023-04-07,2023-04-07,2023,2023,Friday,Friday,16:25,16:28,985,988,NON_WEEKEND,NON_WEEKEND_GAP,95,94,4,P95_C94_D4
2023-04-07 16:28:00,2023-04-07 16:30:00,2.0,2023-04-07,2023-04-07,2023,2023,Friday,Friday,16:28,16:30,988,990,NON_WEEKEND,NON_WEEKEND_GAP,95,94,2,P95_C94_D2
2023-04-07 16:41:00,2023-04-07 16:44:00,3.0,2023-04-07,2023-04-07,2023,2023,Friday,Friday,16:41,16:44,1001,1004,NON_WEEKEND,NON_WEEKEND_GAP,96,95,4,P96_C95_D4
2023-04-07 16:44:00,2023-04-07 16:46:00,2.0,2023-04-07,2023-04-07,2023,2023,Friday,Friday,16:44,16:46,1004,1006,NON_WEEKEND,NON_WEEKEND_GAP,96,95,2,P96_C95_D2
2023-04-07 16:58:00,2023-04-07 17:00:00,2.0,2023-04-07,2023-04-07,2023,2023,Friday,Friday,16:58,17:00,1018,1020,NON_WEEKEND,NON_WEEKEND_GAP,98,97,2,P98_C97_D2
2023-04-10 11:01:00,2023-04-10 11:03:00,2.0,2023-04-10,2023-04-10,2023,2023,Monday,Monday,11:01,11:03,661,663,NON_WEEKEND,NON_WEEKEND_GAP,66,66,2,P66_C66_D2
2023-04-12 22:05:00,2023-04-12 22:11:00,6.0,2023-04-12,2023-04-12,2023,2023,Wednesday,Wednesday,22:05,22:11,1325,1331,NON_WEEKEND,NON_WEEKEND_GAP,128,127,6,P128_C127_D6
2023-04-13 16:30:00,2023-04-13 16:32:00,2.0,2023-04-13,2023-04-13,2023,2023,Thursday,Thursday,16:30,16:32,990,992,NON_WEEKEND,NON_WEEKEND_GAP,95,94,2,P95_C94_D2
2023-04-17 21:10:00,2023-04-17 21:18:00,8.0,2023-04-17,2023-04-17,2023,2023,Monday,Monday,21:10,21:18,1270,1278,NON_WEEKEND,NON_WEEKEND_GAP,123,122,8,P123_C122_D8
2023-04-17 21:18:00,2023-04-17 21:25:00,7.0,2023-04-17,2023-04-17,2023,2023,Monday,Monday,21:18,21:25,1278,1285,NON_WEEKEND,NON_WEEKEND_GAP,123,123,8,P123_C123_D8
2023-04-17 22:48:00,2023-04-17 22:57:00,9.0,2023-04-17,2023-04-17,2023,2023,Monday,Monday,22:48,22:57,1368,1377,NON_WEEKEND,NON_WEEKEND_GAP,132,132,8,P132_C132_D8
2023-04-23 22:17:00,2023-04-23 22:25:00,8.0,2023-04-23,2023-04-23,2023,2023,Sunday,Sunday,22:17,22:25,1337,1345,NON_WEEKEND,NON_WEEKEND_GAP,129,129,8,P129_C129_D8
2023-04-24 22:59:00,2023-04-24 23:02:00,3.0,2023-04-24,2023-04-24,2023,2023,Monday,Monday,22:59,23:02,1379,1382,NON_WEEKEND,NON_WEEKEND_GAP,133,133,4,P133_C133_D4
2023-04-27 21:49:00,2023-04-27 21:55:00,6.0,2023-04-27,2023-04-27,2023,2023,Thursday,Thursday,21:49,21:55,1309,1315,NON_WEEKEND,NON_WEEKEND_GAP,126,126,6,P126_C126_D6
2023-04-27 22:50:00,2023-04-27 22:56:00,6.0,2023-04-27,2023-04-27,2023,2023,Thursday,Thursday,22:50,22:56,1370,1376,NON_WEEKEND,NON_WEEKEND_GAP,133,132,6,P133_C132_D6
2023-05-08 15:46:00,2023-05-08 15:48:00,2.0,2023-05-08,2023-05-08,2023,2023,Monday,Monday,15:46,15:48,946,948,NON_WEEKEND,NON_WEEKEND_GAP,91,91,2,P91_C91_D2
2023-05-09 22:59:00,2023-05-09 23:03:00,4.0,2023-05-09,2023-05-09,2023,2023,Tuesday,Tuesday,22:59,23:03,1379,1383,NON_WEEKEND,NON_WEEKEND_GAP,133,133,4,P133_C133_D4
2023-05-11 23:49:00,2023-05-11 23:56:00,7.0,2023-05-11,2023-05-11,2023,2023,Thursday,Thursday,23:49,23:56,1429,1436,NON_WEEKEND,NON_WEEKEND_GAP,138,138,8,P138_C138_D8
2023-05-15 22:17:00,2023-05-15 22:23:00,6.0,2023-05-15,2023-05-15,2023,2023,Monday,Monday,22:17,22:23,1337,1343,NON_WEEKEND,NON_WEEKEND_GAP,129,129,6,P129_C129_D6
2023-05-15 23:33:00,2023-05-15 23:41:00,8.0,2023-05-15,2023-05-15,2023,2023,Monday,Monday,23:33,23:41,1413,1421,NON_WEEKEND,NON_WEEKEND_GAP,137,136,8,P137_C136_D8
2023-05-15 23:43:00,2023-05-15 23:52:00,9.0,2023-05-15,2023-05-15,2023,2023,Monday,Monday,23:43,23:52,1423,1432,NON_WEEKEND,NON_WEEKEND_GAP,138,138,8,P138_C138_D8
2023-05-21 21:23:00,2023-05-21 21:30:00,7.0,2023-05-21,2023-05-21,2023,2023,Sunday,Sunday,21:23,21:30,1283,1290,NON_WEEKEND,NON_WEEKEND_GAP,124,123,8,P124_C123_D8
2023-05-22 19:20:00,2023-05-22 19:23:00,3.0,2023-05-22,2023-05-22,2023,2023,Monday,Monday,19:20,19:23,1160,1163,NON_WEEKEND,NON_WEEKEND_GAP,112,111,4,P112_C111_D4
2023-05-22 22:40:00,2023-05-22 22:46:00,6.0,2023-05-22,2023-05-22,2023,2023,Monday,Monday,22:40,22:46,1360,1366,NON_WEEKEND,NON_WEEKEND_GAP,132,131,6,P132_C131_D6
2023-05-22 23:49:00,2023-05-22 23:52:00,3.0,2023-05-22,2023-05-22,2023,2023,Monday,Monday,23:49,23:52,1429,1432,NON_WEEKEND,NON_WEEKEND_GAP,138,138,4,P138_C138_D4
2023-05-23 22:15:00,2023-05-23 22:22:00,7.0,2023-05-23,2023-05-23,2023,2023,Tuesday,Tuesday,22:15,22:22,1335,1342,NON_WEEKEND,NON_WEEKEND_GAP,129,129,8,P129_C129_D8
2023-05-23 22:48:00,2023-05-23 22:54:00,6.0,2023-05-23,2023-05-23,2023,2023,Tuesday,Tuesday,22:48,22:54,1368,1374,NON_WEEKEND,NON_WEEKEND_GAP,132,132,6,P132_C132_D6
2023-05-29 08:15:00,2023-05-29 08:17:00,2.0,2023-05-29,2023-05-29,2023,2023,Monday,Monday,08:15,08:17,495,497,NON_WEEKEND,NON_WEEKEND_GAP,50,50,2,P50_C50_D2
2023-05-29 15:22:00,2023-05-29 15:24:00,2.0,2023-05-29,2023-05-29,2023,2023,Monday,Monday,15:22,15:24,922,924,NON_WEEKEND,NON_WEEKEND_GAP,88,88,2,P88_C88_D2
2023-05-29 15:38:00,2023-05-29 15:40:00,2.0,2023-05-29,2023-05-29,2023,2023,Monday,Monday,15:38,15:40,938,940,NON_WEEKEND,NON_WEEKEND_GAP,90,90,2,P90_C90_D2
2023-05-29 16:05:00,2023-05-29 16:07:00,2.0,2023-05-29,2023-05-29,2023,2023,Monday,Monday,16:05,16:07,965,967,NON_WEEKEND,NON_WEEKEND_GAP,93,92,2,P93_C92_D2
2023-05-29 17:00:00,2023-05-29 17:02:00,2.0,2023-05-29,2023-05-29,2023,2023,Monday,Monday,17:00,17:02,1020,1022,NON_WEEKEND,NON_WEEKEND_GAP,98,97,2,P98_C97_D2
2023-05-29 17:19:00,2023-05-29 17:23:00,4.0,2023-05-29,2023-05-29,2023,2023,Monday,Monday,17:19,17:23,1039,1043,NON_WEEKEND,NON_WEEKEND_GAP,100,99,4,P100_C99_D4
2023-05-29 18:16:00,2023-05-29 18:19:00,3.0,2023-05-29,2023-05-29,2023,2023,Monday,Monday,18:16,18:19,1096,1099,NON_WEEKEND,NON_WEEKEND_GAP,105,104,4,P105_C104_D4
2023-05-29 18:49:00,2023-05-29 18:51:00,2.0,2023-05-29,2023-05-29,2023,2023,Monday,Monday,18:49,18:51,1129,1131,NON_WEEKEND,NON_WEEKEND_GAP,109,107,2,P109_C107_D2
2023-05-29 22:20:00,2023-05-29 22:26:00,6.0,2023-05-29,2023-05-29,2023,2023,Monday,Monday,22:20,22:26,1340,1346,NON_WEEKEND,NON_WEEKEND_GAP,130,129,6,P130_C129_D6
2023-05-29 23:04:00,2023-05-29 23:10:00,6.0,2023-05-29,2023-05-29,2023,2023,Monday,Monday,23:04,23:10,1384,1390,NON_WEEKEND,NON_WEEKEND_GAP,134,133,6,P134_C133_D6
2023-06-01 22:49:00,2023-06-01 22:52:00,3.0,2023-06-01,2023-06-01,2023,2023,Thursday,Thursday,22:49,22:52,1369,1372,NON_WEEKEND,NON_WEEKEND_GAP,132,132,4,P132_C132_D4
2023-06-06 16:46:00,2023-06-06 16:48:00,2.0,2023-06-06,2023-06-06,2023,2023,Tuesday,Tuesday,16:46,16:48,1006,1008,NON_WEEKEND,NON_WEEKEND_GAP,97,96,2,P97_C96_D2
2023-06-06 19:09:00,2023-06-06 19:11:00,2.0,2023-06-06,2023-06-06,2023,2023,Tuesday,Tuesday,19:09,19:11,1149,1151,NON_WEEKEND,NON_WEEKEND_GAP,111,109,2,P111_C109_D2
2023-06-06 22:19:00,2023-06-06 22:26:00,7.0,2023-06-06,2023-06-06,2023,2023,Tuesday,Tuesday,22:19,22:26,1339,1346,NON_WEEKEND,NON_WEEKEND_GAP,129,129,8,P129_C129_D8
2023-06-12 21:17:00,2023-06-12 21:23:00,6.0,2023-06-12,2023-06-12,2023,2023,Monday,Monday,21:17,21:23,1277,1283,NON_WEEKEND,NON_WEEKEND_GAP,123,123,6,P123_C123_D6
2023-06-14 17:07:00,2023-06-14 17:09:00,2.0,2023-06-14,2023-06-14,2023,2023,Wednesday,Wednesday,17:07,17:09,1027,1029,NON_WEEKEND,NON_WEEKEND_GAP,99,98,2,P99_C98_D2
2023-07-16 21:47:00,2023-07-16 21:53:00,6.0,2023-07-16,2023-07-16,2023,2023,Sunday,Sunday,21:47,21:53,1307,1313,NON_WEEKEND,NON_WEEKEND_GAP,126,126,6,P126_C126_D6
2023-07-26 21:17:00,2023-07-26 21:23:00,6.0,2023-07-26,2023-07-26,2023,2023,Wednesday,Wednesday,21:17,21:23,1277,1283,NON_WEEKEND,NON_WEEKEND_GAP,123,123,6,P123_C123_D6
2023-07-26 21:23:00,2023-07-26 21:30:00,7.0,2023-07-26,2023-07-26,2023,2023,Wednesday,Wednesday,21:23,21:30,1283,1290,NON_WEEKEND,NON_WEEKEND_GAP,124,123,8,P124_C123_D8
2023-08-01 21:51:00,2023-08-01 22:00:00,9.0,2023-08-01,2023-08-01,2023,2023,Tuesday,Tuesday,21:51,22:00,1311,1320,NON_WEEKEND,NON_WEEKEND_GAP,127,126,8,P127_C126_D8
2023-08-09 21:19:00,2023-08-09 21:30:00,11.0,2023-08-09,2023-08-09,2023,2023,Wednesday,Wednesday,21:19,21:30,1279,1290,NON_WEEKEND,NON_WEEKEND_GAP,123,123,12,P123_C123_D12
2023-09-19 21:12:00,2023-09-19 21:20:00,8.0,2023-09-19,2023-09-19,2023,2023,Tuesday,Tuesday,21:12,21:20,1272,1280,NON_WEEKEND,NON_WEEKEND_GAP,123,122,8,P123_C122_D8
2023-10-10 19:14:00,2023-10-10 19:22:00,8.0,2023-10-10,2023-10-10,2023,2023,Tuesday,Tuesday,19:14,19:22,1154,1162,NON_WEEKEND,NON_WEEKEND_GAP,111,111,8,P111_C111_D8
2023-10-30 20:59:00,2023-10-30 21:05:00,6.0,2023-10-30,2023-10-30,2023,2023,Monday,Monday,20:59,21:05,1259,1265,NON_WEEKEND,NON_WEEKEND_GAP,121,121,6,P121_C121_D6
2023-11-01 20:59:00,2023-11-01 21:05:00,6.0,2023-11-01,2023-11-01,2023,2023,Wednesday,Wednesday,20:59,21:05,1259,1265,NON_WEEKEND,NON_WEEKEND_GAP,121,121,6,P121_C121_D6
2023-11-22 17:04:00,2023-11-22 17:07:00,3.0,2023-11-22,2023-11-22,2023,2023,Wednesday,Wednesday,17:04,17:07,1024,1027,NON_WEEKEND,NON_WEEKEND_GAP,99,98,4,P99_C98_D4
2023-12-12 10:33:00,2023-12-12 10:41:00,8.0,2023-12-12,2023-12-12,2023,2023,Tuesday,Tuesday,10:33,10:41,633,641,NON_WEEKEND,NON_WEEKEND_GAP,63,64,8,P63_C64_D8
2024-01-28 22:07:00,2024-01-28 22:13:00,6.0,2024-01-28,2024-01-28,2024,2024,Sunday,Sunday,22:07,22:13,1327,1333,NON_WEEKEND,NON_WEEKEND_GAP,128,128,6,P128_C128_D6
2024-06-07 08:29:00,2024-06-07 08:39:00,10.0,2024-06-07,2024-06-07,2024,2024,Friday,Friday,08:29,08:39,509,519,NON_WEEKEND,NON_WEEKEND_GAP,51,52,10,P51_C52_D10
2024-08-21 11:20:00,2024-08-21 11:22:00,2.0,2024-08-21,2024-08-21,2024,2024,Wednesday,Wednesday,11:20,11:22,680,682,NON_WEEKEND,NON_WEEKEND_GAP,68,68,2,P68_C68_D2
2024-08-26 20:44:00,2024-08-26 20:50:00,6.0,2024-08-26,2024-08-26,2024,2024,Monday,Monday,20:44,20:50,1244,1250,NON_WEEKEND,NON_WEEKEND_GAP,120,119,6,P120_C119_D6
2024-08-29 20:59:00,2024-08-29 21:05:00,6.0,2024-08-29,2024-08-29,2024,2024,Thursday,Thursday,20:59,21:05,1259,1265,NON_WEEKEND,NON_WEEKEND_GAP,121,121,6,P121_C121_D6
2024-09-11 04:34:00,2024-09-11 04:42:00,8.0,2024-09-11,2024-09-11,2024,2024,Wednesday,Wednesday,04:34,04:42,274,282,NON_WEEKEND,NON_WEEKEND_GAP,28,29,8,P28_C29_D8
2024-11-24 22:06:00,2024-11-24 22:15:00,9.0,2024-11-24,2024-11-24,2024,2024,Sunday,Sunday,22:06,22:15,1326,1335,NON_WEEKEND,NON_WEEKEND_GAP,128,128,8,P128_C128_D8
2024-12-11 07:56:00,2024-12-11 08:05:00,9.0,2024-12-11,2024-12-11,2024,2024,Wednesday,Wednesday,07:56,08:05,476,485,NON_WEEKEND,NON_WEEKEND_GAP,48,49,8,P48_C49_D8
2024-12-11 08:38:00,2024-12-11 08:40:00,2.0,2024-12-11,2024-12-11,2024,2024,Wednesday,Wednesday,08:38,08:40,518,520,NON_WEEKEND,NON_WEEKEND_GAP,52,52,2,P52_C52_D2
2025-01-03 11:45:00,2025-01-03 12:48:00,63.0,2025-01-03,2025-01-03,2025,2025,Friday,Friday,11:45,12:48,705,768,NON_WEEKEND,NON_WEEKEND_GAP,70,76,64,P70_C76_D64
2025-01-08 18:54:00,2025-01-08 19:04:00,10.0,2025-01-08,2025-01-08,2025,2025,Wednesday,Wednesday,18:54,19:04,1134,1144,NON_WEEKEND,NON_WEEKEND_GAP,109,109,10,P109_C109_D10
2025-04-14 14:00:00,2025-04-14 14:24:00,24.0,2025-04-14,2025-04-14,2025,2025,Monday,Monday,14:00,14:24,840,864,NON_WEEKEND,NON_WEEKEND_GAP,82,83,24,P82_C83_D24
2025-04-17 20:59:00,2025-04-17 21:30:00,31.0,2025-04-17,2025-04-17,2025,2025,Thursday,Thursday,20:59,21:30,1259,1290,NON_WEEKEND,NON_WEEKEND_GAP,121,123,32,P121_C123_D32
2025-04-22 21:51:00,2025-04-22 21:57:00,6.0,2025-04-22,2025-04-22,2025,2025,Tuesday,Tuesday,21:51,21:57,1311,1317,NON_WEEKEND,NON_WEEKEND_GAP,127,126,6,P127_C126_D6
2025-06-23 20:59:00,2025-06-23 21:05:00,6.0,2025-06-23,2025-06-23,2025,2025,Monday,Monday,20:59,21:05,1259,1265,NON_WEEKEND,NON_WEEKEND_GAP,121,121,6,P121_C121_D6
2025-11-11 13:05:00,2025-11-11 13:09:00,4.0,2025-11-11,2025-11-11,2025,2025,Tuesday,Tuesday,13:05,13:09,785,789,NON_WEEKEND,NON_WEEKEND_GAP,77,78,4,P77_C78_D4
2026-03-18 20:59:00,2026-03-18 21:05:00,6.0,2026-03-18,2026-03-18,2026,2026,Wednesday,Wednesday,20:59,21:05,1259,1265,NON_WEEKEND,NON_WEEKEND_GAP,121,121,6,P121_C121_D6
2026-04-02 20:59:00,2026-04-02 21:05:00,6.0,2026-04-02,2026-04-02,2026,2026,Thursday,Thursday,20:59,21:05,1259,1265,NON_WEEKEND,NON_WEEKEND_GAP,121,121,6,P121_C121_D6
2026-04-06 20:59:00,2026-04-06 21:05:00,6.0,2026-04-06,2026-04-06,2026,2026,Monday,Monday,20:59,21:05,1259,1265,NON_WEEKEND,NON_WEEKEND_GAP,121,121,6,P121_C121_D6
2026-04-09 20:59:00,2026-04-09 21:05:00,6.0,2026-04-09,2026-04-09,2026,2026,Thursday,Thursday,20:59,21:05,1259,1265,NON_WEEKEND,NON_WEEKEND_GAP,121,121,6,P121_C121_D6
2026-04-20 20:59:00,2026-04-20 21:05:00,6.0,2026-04-20,2026-04-20,2026,2026,Monday,Monday,20:59,21:05,1259,1265,NON_WEEKEND,NON_WEEKEND_GAP,121,121,6,P121_C121_D6
2026-04-22 20:59:00,2026-04-22 21:05:00,6.0,2026-04-22,2026-04-22,2026,2026,Wednesday,Wednesday,20:59,21:05,1259,1265,NON_WEEKEND,NON_WEEKEND_GAP,121,121,6,P121_C121_D6
2026-04-27 20:59:00,2026-04-27 21:08:00,9.0,2026-04-27,2026-04-27,2026,2026,Monday,Monday,20:59,21:08,1259,1268,NON_WEEKEND,NON_WEEKEND_GAP,121,121,8,P121_C121_D8
2026-04-29 20:59:00,2026-04-29 21:10:00,11.0,2026-04-29,2026-04-29,2026,2026,Wednesday,Wednesday,20:59,21:10,1259,1270,NON_WEEKEND,NON_WEEKEND_GAP,121,121,12,P121_C121_D12
2026-05-21 20:59:00,2026-05-21 21:05:00,6.0,2026-05-21,2026-05-21,2026,2026,Thursday,Thursday,20:59,21:05,1259,1265,NON_WEEKEND,NON_WEEKEND_GAP,121,121,6,P121_C121_D6
2026-05-25 20:59:00,2026-05-25 21:05:00,6.0,2026-05-25,2026-05-25,2026,2026,Monday,Monday,20:59,21:05,1259,1265,NON_WEEKEND,NON_WEEKEND_GAP,121,121,6,P121_C121_D6
2026-06-24 20:59:00,2026-06-24 21:05:00,6.0,2026-06-24,2026-06-24,2026,2026,Wednesday,Wednesday,20:59,21:05,1259,1265,NON_WEEKEND,NON_WEEKEND_GAP,121,121,6,P121_C121_D6
2026-06-30 20:59:00,2026-06-30 21:05:00,6.0,2026-06-30,2026-06-30,2026,2026,Tuesday,Tuesday,20:59,21:05,1259,1265,NON_WEEKEND,NON_WEEKEND_GAP,121,121,6,P121_C121_D6
2026-07-28 20:59:00,2026-07-28 21:05:00,6.0,2026-07-28,2026-07-28,2026,2026,Tuesday,Tuesday,20:59,21:05,1259,1265,NON_WEEKEND,NON_WEEKEND_GAP,121,121,6,P121_C121_D6
2026-07-30 20:59:00,2026-07-30 21:05:00,6.0,2026-07-30,2026-07-30,2026,2026,Thursday,Thursday,20:59,21:05,1259,1265,NON_WEEKEND,NON_WEEKEND_GAP,121,121,6,P121_C121_D6
2026-08-11 20:59:00,2026-08-11 21:05:00,6.0,2026-08-11,2026-08-11,2026,2026,Tuesday,Tuesday,20:59,21:05,1259,1265,NON_WEEKEND,NON_WEEKEND_GAP,121,121,6,P121_C121_D6
